stage 2 SOLVE, roll mode pitchscan at address, captureDeltaTime=0.0167
clip hands (rig OFF): L pos=(80.0257, 14.2352, -25.0322) rot=(0.68677, -0.01396, -0.72482, -0.05281) | R pos=(80.1311, 14.2020, -24.9933) rot=(0.60147, -0.17849, 0.77627, 0.06153)
lead axis 0.2·L_prox wrappable=True: index ok(tip 20.75) middle ok(tip 20.75) ring ok(tip 20.76) little ok(tip 20.75) 
lead axis 0.4·L_prox wrappable=True: index ok(tip 21.24) middle ok(tip 20.75) ring ok(tip 20.76) little ok(tip 20.76) 
lead axis 0.6·L_prox wrappable=True: index ok(tip 24.01) middle ok(tip 20.76) ring ok(tip 20.76) little ok(tip 20.76) 
lead axis 0.8·L_prox wrappable=False: index NO(tip 44.45) middle ok(tip 21.92) ring ok(tip 20.75) little ok(tip 20.75) 
trail axis 0.0·L_prox wrappable=True: index ok(tip 20.76) middle ok(tip 24.18) ring ok(tip 20.75) 
trail axis 0.2·L_prox wrappable=True: index ok(tip 20.76) middle ok(tip 22.72) ring ok(tip 20.76) 
trail axis 0.4·L_prox wrappable=True: index ok(tip 20.75) middle ok(tip 22.03) ring ok(tip 20.76) 
trail axis 0.6·L_prox wrappable=True: index ok(tip 23.76) middle ok(tip 22.70) ring ok(tip 20.76) 
reach: lead arm 487.80 mm from mixamorig:LeftArm, trail 479.92 mm
CLIP wrist angles (forearm→hand): lead 46.2° (flex 28.3, dev -33.0) | trail 41.8° (flex -8.0, dev 40.7)
hand-local lead: o=(0.0376, 0.0938, -0.0226) d=(-0.7838, 0.6210, -0.0051) fHand=(0.0603, 0.0759, -0.0225) gap=(-0.0111, 0.1209, -0.0010) thumbInter=(-0.0303, 0.0952, -0.0226)
hand-local trail: o=(-0.0366, 0.0898, -0.0229) d=(0.9248, 0.3804, -0.0033) fHand=(-0.0370, 0.0896, -0.0229) fLittle=(-0.0366, 0.0898, -0.0229)
CLIP lead: little→index vs shaft dot=0.97260 | palm n·toHead=-0.00412 n·aim=-0.99572 n·up=-0.07602 | length u·shaft=0.74396 u·up=-0.99549 | tunnel station 67.31 mm, 40.04 mm off the axis
CLIP trail: little→index vs shaft dot=0.80686 | palm n·toHead=0.46678 n·aim=0.88117 n·up=0.37043 | length u·shaft=0.56225 u·up=-0.92094 | tunnel station 124.87 mm, 12.90 mm off the axis
club at address: ClubStart=(80.0694, 14.2185, -25.1386) ClubEnd=(80.1956, 13.3795, -24.4973) shaft=(0.1186, -0.7889, 0.6030) aim=(-0.9949, 0.0000, 0.1011) Head=(80.0663, 14.7618, -24.9788) GripTarget=(80.0784, 14.2186, -25.0128) ClubSlot.local pos=(0.0079, 0.0518, -0.0864) rot=(-0.11602, 0.89048, 0.42577, 0.11096)
§3.12.5 coarse: yaw=3 pitch=0 slide=-0.020 leadStation=40.00 gapOff=-8.00 cost=114.33
§3.12.5 axes: lead index-end offset 0.6·L_prox (spec 0.6)
§3.12.5 stations: lead 44.38 mm from ClubStart (spec 10 mm·s = 10.00), trail little MCP -8.00 mm from the lead gap, trail axis index-end offset 0.6·L_prox (spec 0); predicted wrist angles L 51.8° R 49.4°
§3.12.5 refined: yaw=1.69° pitch=0.00° slide=-15.6 mm cost=113.69 (rot L 14.2° R 32.8°, disp L 36.57 R 26.08 mm) | unpivoted cost 127.20: rot L 13.5° R 36.2°, disp L 53.36 R 24.29 mm
club after pivot: ClubStart=(80.0662, 14.2185, -25.1362) ClubEnd=(80.2111, 13.3795, -24.4989) shaft=(0.1363, -0.7889, 0.5992) ClubSlot.local pos=(0.0101, 0.0516, -0.0840) rot=(-0.11909, 0.88814, 0.42585, 0.12517)
RigBuilder.Build() after writing the anchors
anchors written: lead local pos=(0.0000, 0.0031, 0.0000) rot=(-0.30453, 0.62558, 0.31106, -0.64742) wrist=(-0.0603, -0.0759, 0.0225) | trail local pos=(0.0000, 0.0522, 0.0000) rot=(-0.33121, -0.65016, -0.30517, -0.61193) wrist=(0.0560, -0.0755, 0.0227)
anchor solve: lead station=44.4 mm roll=159.0° rule=0.000 | trail station=96.0 mm (gap station 128.1) roll=-157.0° rule=-0.003
PITCH SCAN (about the head, IK in the loop; elbow = interior angle, 180 = straight):
station yaw pitch gap | wristL (flex,dev) | wristR (flex,dev) | dispL dispR mm | reachL reachR | elbowL elbowR | headAtBall mm | onShaft L/R mm | joint clearance mm
st44.38 yaw0 pitch0 gap0.00 | 54.6 (22.5,-46.0) | 45.6 (25.1,35.1) | 37.21 20.17 | 0.91 0.98 | 129.9 156.1 | 45.36 | 0.00 0.00 | clr 0.46
st44.38 yaw0 pitch0 gap4.00 | 54.6 (22.5,-46.0) | 43.5 (24.4,33.5) | 37.20 19.86 | 0.91 0.99 | 129.9 160.3 | 45.36 | 0.00 0.00 | clr 3.55
st44.38 yaw0 pitch0 gap8.00 | 54.6 (22.5,-46.0) | 40.9 (23.5,31.3) | 37.20 20.36 | 0.91 0.99 | 129.9 165.7 | 45.36 | 0.00 0.00 | clr 6.71
st44.38 yaw0 pitch0 gap12.00 | 54.6 (22.5,-46.0) | 36.0 (21.8,27.1) | 37.20 21.59 | 0.91 1.00 | 129.9 175.5 | 45.36 | 0.00 0.00 | clr 10.47
st44.38 yaw0 pitch-2 gap0.00 | 44.5 (21.0,-37.1) | 28.7 (20.9,18.7) | 37.57 46.01 | 0.93 1.00 | 137.9 180.0 | 45.36 | 0.01 1.96 | clr 3.54
st44.38 yaw0 pitch-2 gap4.00 | 44.5 (21.0,-37.1) | 28.8 (20.8,19.0) | 37.57 43.83 | 0.93 1.00 | 137.9 180.0 | 45.36 | 0.00 3.90 | clr 4.19
st44.38 yaw0 pitch-2 gap8.00 | 44.5 (21.0,-37.1) | 28.9 (20.6,19.2) | 37.57 41.70 | 0.93 1.00 | 137.9 180.0 | 45.36 | 0.00 5.82 | clr 5.90
st44.38 yaw0 pitch-2 gap12.00 | 44.5 (21.0,-37.1) | 29.0 (20.5,19.5) | 37.57 39.64 | 0.93 1.00 | 137.9 180.0 | 45.36 | 0.01 7.71 | clr 7.97
st44.38 yaw0 pitch-3 gap0.00 | 39.4 (20.3,-32.0) | 26.9 (20.9,16.1) | 49.66 58.71 | 0.95 1.00 | 143.6 180.0 | 45.36 | 0.01 7.35 | clr 11.43
st44.38 yaw0 pitch-3 gap4.00 | 39.4 (20.3,-32.0) | 27.0 (20.8,16.4) | 49.66 56.42 | 0.95 1.00 | 143.6 180.0 | 45.36 | 0.00 9.28 | clr 11.63
st44.38 yaw0 pitch-3 gap8.00 | 39.4 (20.3,-32.0) | 27.0 (20.6,16.7) | 49.66 54.18 | 0.95 1.00 | 143.6 180.0 | 45.36 | 0.01 11.19 | clr 12.37
st44.38 yaw0 pitch-3 gap12.00 | 39.4 (20.3,-32.0) | 27.1 (20.5,17.0) | 49.66 51.99 | 0.95 1.00 | 143.6 180.0 | 45.36 | 0.00 13.09 | clr 13.54
st44.38 yaw0 pitch-4 gap0.00 | 33.0 (18.9,-26.0) | 24.4 (20.0,13.4) | 63.76 71.52 | 0.97 1.00 | 150.9 180.0 | 45.36 | 0.00 13.38 | clr 15.63
st44.38 yaw0 pitch-4 gap4.00 | 33.0 (18.9,-26.0) | 24.5 (19.9,13.7) | 63.76 69.17 | 0.97 1.00 | 150.9 180.0 | 45.36 | 0.00 15.29 | clr 16.84
st44.38 yaw0 pitch-4 gap8.00 | 33.0 (18.9,-26.0) | 24.6 (19.8,13.9) | 63.76 66.86 | 0.97 1.00 | 150.9 180.0 | 45.36 | 0.00 17.20 | clr 17.21
st44.38 yaw0 pitch-4 gap12.00 | 33.0 (18.9,-26.0) | 24.6 (19.7,14.2) | 63.76 64.60 | 0.97 1.00 | 150.9 180.0 | 45.36 | 0.00 19.08 | clr 17.93
st44.38 yaw0 pitch-5 gap0.00 | 25.2 (16.7,-18.2) | 22.9 (19.9,10.9) | 79.41 83.93 | 0.99 1.00 | 161.7 180.0 | 45.36 | 0.00 20.60 | clr 13.99
st44.38 yaw0 pitch-5 gap4.00 | 25.2 (16.7,-18.2) | 23.0 (19.8,11.2) | 79.40 81.52 | 0.99 1.00 | 161.7 180.0 | 45.36 | 0.00 22.48 | clr 14.13
st44.38 yaw0 pitch-5 gap8.00 | 25.2 (16.7,-18.2) | 23.1 (19.7,11.5) | 79.40 79.14 | 0.99 1.00 | 161.7 180.0 | 45.36 | 0.01 24.36 | clr 14.75
st44.38 yaw0 pitch-5 gap12.00 | 25.2 (16.7,-18.2) | 23.1 (19.6,11.8) | 79.40 76.81 | 0.99 1.00 | 161.7 180.0 | 45.36 | 0.00 26.21 | clr 15.79
st44.38 yaw0 pitch-6 gap0.00 | 14.9 (13.1,-7.0) | 21.7 (19.8,8.5) | 93.45 95.87 | 1.00 1.00 | 180.0 180.0 | 45.36 | 2.89 28.73 | clr 17.10
st44.38 yaw0 pitch-6 gap4.00 | 14.9 (13.1,-7.0) | 21.7 (19.7,8.8) | 93.45 93.40 | 1.00 1.00 | 180.0 180.0 | 45.36 | 2.89 30.57 | clr 17.48
st44.38 yaw0 pitch-6 gap8.00 | 14.9 (13.1,-7.0) | 21.8 (19.6,9.1) | 93.45 90.98 | 1.00 1.00 | 180.0 180.0 | 45.36 | 2.89 32.39 | clr 18.26
st44.38 yaw0 pitch-6 gap12.00 | 14.9 (13.1,-7.0) | 21.8 (19.5,9.4) | 93.45 88.58 | 1.00 1.00 | 180.0 180.0 | 45.36 | 2.89 34.22 | clr 19.39
st44.38 yaw0 pitch-7 gap0.00 | 14.1 (13.3,-4.6) | 19.7 (18.7,6.0) | 103.90 107.57 | 1.00 1.00 | 180.0 180.0 | 45.36 | 11.21 37.47 | clr 22.03
st44.38 yaw0 pitch-7 gap4.00 | 14.1 (13.3,-4.6) | 19.8 (18.7,6.3) | 103.90 105.08 | 1.00 1.00 | 180.0 180.0 | 45.36 | 11.21 39.25 | clr 22.63
st44.38 yaw0 pitch-7 gap8.00 | 14.1 (13.3,-4.6) | 19.8 (18.6,6.6) | 103.90 102.62 | 1.00 1.00 | 180.0 180.0 | 45.36 | 11.21 41.03 | clr 23.54
st44.38 yaw0 pitch-7 gap12.00 | 14.1 (13.3,-4.6) | 19.8 (18.5,6.9) | 103.90 100.19 | 1.00 1.00 | 180.0 180.0 | 45.36 | 11.21 42.81 | clr 24.73
st44.38 yaw-4 pitch0 gap0.00 | 52.8 (28.7,-39.5) | 48.2 (19.5,41.8) | 77.89 24.54 | 0.94 0.96 | 138.6 145.6 | 45.36 | 0.01 0.01 | clr 0.52
st44.38 yaw-4 pitch0 gap4.00 | 52.8 (28.7,-39.5) | 46.9 (19.1,40.7) | 77.88 24.39 | 0.94 0.96 | 138.6 148.5 | 45.36 | 0.01 0.01 | clr 3.57
st44.38 yaw-4 pitch0 gap8.00 | 52.8 (28.7,-39.5) | 45.4 (18.6,39.5) | 77.89 24.90 | 0.94 0.97 | 138.6 151.7 | 45.36 | 0.01 0.00 | clr 6.78
st44.38 yaw-4 pitch0 gap12.00 | 52.8 (28.7,-39.5) | 43.6 (18.1,38.0) | 77.88 26.00 | 0.94 0.98 | 138.6 155.3 | 45.36 | 0.01 0.01 | clr 10.51
st44.38 yaw-4 pitch-2 gap0.00 | 42.7 (27.2,-30.1) | 35.4 (17.2,29.9) | 80.65 51.04 | 0.96 0.98 | 149.1 158.7 | 45.36 | 0.01 0.00 | clr 0.44
st44.38 yaw-4 pitch-2 gap4.00 | 42.7 (27.2,-30.1) | 33.1 (16.4,27.9) | 80.65 50.61 | 0.96 0.99 | 149.1 163.4 | 45.36 | 0.02 0.02 | clr 3.40
st44.38 yaw-4 pitch-2 gap8.00 | 42.7 (27.2,-30.1) | 29.8 (15.2,24.9) | 80.65 50.51 | 0.96 1.00 | 149.1 170.2 | 45.36 | 0.01 0.00 | clr 6.64
st44.38 yaw-4 pitch-2 gap12.00 | 42.7 (27.2,-30.1) | 24.9 (13.5,20.5) | 80.65 50.09 | 0.96 1.00 | 149.1 180.0 | 45.36 | 0.01 0.87 | clr 9.42
st44.38 yaw-4 pitch-3 gap0.00 | 36.3 (25.6,-23.8) | 24.3 (14.5,19.1) | 86.82 66.00 | 0.98 1.00 | 157.2 175.8 | 45.36 | 0.01 0.00 | clr 0.43
st44.38 yaw-4 pitch-3 gap4.00 | 36.3 (25.6,-23.8) | 22.4 (13.7,17.3) | 86.82 64.52 | 0.98 1.00 | 157.2 180.0 | 45.36 | 0.01 1.73 | clr 2.21
st44.38 yaw-4 pitch-3 gap8.00 | 36.3 (25.6,-23.8) | 22.5 (13.6,17.6) | 86.82 63.01 | 0.98 1.00 | 157.2 180.0 | 45.36 | 0.01 3.65 | clr 4.64
st44.38 yaw-4 pitch-3 gap12.00 | 36.3 (25.6,-23.8) | 22.7 (13.5,17.9) | 86.82 61.56 | 0.98 1.00 | 157.2 180.0 | 45.36 | 0.02 5.55 | clr 7.03
st44.38 yaw-4 pitch-4 gap0.00 | 26.9 (22.9,-13.4) | 19.5 (13.0,14.3) | 97.17 79.75 | 1.00 1.00 | 174.9 180.0 | 45.36 | 0.00 5.29 | clr 8.47
st44.38 yaw-4 pitch-4 gap4.00 | 26.9 (22.9,-13.4) | 19.6 (12.9,14.6) | 97.17 77.95 | 1.00 1.00 | 174.9 180.0 | 45.36 | 0.00 7.23 | clr 8.78
st44.38 yaw-4 pitch-4 gap8.00 | 26.9 (22.9,-13.4) | 19.8 (12.8,14.9) | 97.17 76.21 | 1.00 1.00 | 174.9 180.0 | 45.36 | 0.00 9.15 | clr 9.76
st44.38 yaw-4 pitch-4 gap12.00 | 26.9 (22.9,-13.4) | 20.0 (12.7,15.1) | 97.17 74.53 | 1.00 1.00 | 174.9 180.0 | 45.36 | 0.00 11.06 | clr 11.21
st44.38 yaw-4 pitch-5 gap0.00 | 23.0 (21.2,-8.3) | 17.6 (13.0,11.7) | 103.20 92.13 | 1.00 1.00 | 180.0 180.0 | 45.36 | 6.49 11.89 | clr 11.55
st44.38 yaw-4 pitch-5 gap4.00 | 23.0 (21.2,-8.3) | 17.8 (12.9,12.0) | 103.20 90.15 | 1.00 1.00 | 180.0 180.0 | 45.36 | 6.49 13.81 | clr 12.03
st44.38 yaw-4 pitch-5 gap8.00 | 23.0 (21.2,-8.3) | 17.9 (12.8,12.3) | 103.20 88.23 | 1.00 1.00 | 180.0 180.0 | 45.36 | 6.50 15.71 | clr 13.04
st44.38 yaw-4 pitch-5 gap12.00 | 23.0 (21.2,-8.3) | 18.1 (12.7,12.6) | 103.20 86.35 | 1.00 1.00 | 180.0 180.0 | 45.36 | 6.49 17.62 | clr 14.44
st44.38 yaw-4 pitch-6 gap0.00 | 21.3 (20.4,-5.7) | 15.2 (12.0,9.1) | 110.01 104.96 | 1.00 1.00 | 180.0 180.0 | 45.36 | 14.34 19.38 | clr 15.74
st44.38 yaw-4 pitch-6 gap4.00 | 21.3 (20.4,-5.7) | 15.3 (11.9,9.4) | 110.01 102.86 | 1.00 1.00 | 180.0 180.0 | 45.36 | 14.34 21.27 | clr 16.29
st44.38 yaw-4 pitch-6 gap8.00 | 21.3 (20.4,-5.7) | 15.5 (11.9,9.7) | 110.01 100.81 | 1.00 1.00 | 180.0 180.0 | 45.36 | 14.34 23.15 | clr 17.25
st44.38 yaw-4 pitch-6 gap12.00 | 21.3 (20.4,-5.7) | 15.6 (11.8,10.0) | 110.01 98.81 | 1.00 1.00 | 180.0 180.0 | 45.36 | 14.34 25.01 | clr 18.53
st44.38 yaw-4 pitch-7 gap0.00 | 20.8 (20.5,-3.5) | 13.7 (11.9,6.7) | 117.97 116.42 | 1.00 1.00 | 180.0 180.0 | 45.36 | 23.45 27.90 | clr 17.70
st44.38 yaw-4 pitch-7 gap4.00 | 20.8 (20.5,-3.5) | 13.9 (11.9,7.0) | 117.96 114.22 | 1.00 1.00 | 180.0 180.0 | 45.36 | 23.45 29.74 | clr 20.04
st44.38 yaw-4 pitch-7 gap8.00 | 20.8 (20.5,-3.5) | 14.0 (11.8,7.4) | 117.97 112.06 | 1.00 1.00 | 180.0 180.0 | 45.36 | 23.45 31.57 | clr 22.18
st44.38 yaw-4 pitch-7 gap12.00 | 20.8 (20.5,-3.5) | 14.1 (11.8,7.7) | 117.96 109.94 | 1.00 1.00 | 180.0 180.0 | 45.36 | 23.45 33.40 | clr 23.28
st44.38 yaw-8 pitch0 gap0.00 | 49.4 (34.0,-30.9) | 48.9 (12.7,46.1) | 121.87 64.15 | 0.97 0.94 | 154.1 140.1 | 45.36 | 0.01 0.00 | clr 0.56
st44.38 yaw-8 pitch0 gap4.00 | 49.4 (34.0,-30.9) | 47.7 (12.4,45.1) | 121.87 64.03 | 0.97 0.95 | 154.1 142.7 | 45.36 | 0.01 0.00 | clr 3.58
st44.38 yaw-8 pitch0 gap8.00 | 49.4 (34.0,-30.9) | 46.5 (12.0,44.0) | 121.87 64.17 | 0.97 0.95 | 154.1 145.4 | 45.36 | 0.01 0.00 | clr 6.81
st44.38 yaw-8 pitch0 gap12.00 | 49.4 (34.0,-30.9) | 45.1 (11.6,42.7) | 121.87 64.55 | 0.97 0.96 | 154.1 148.4 | 45.36 | 0.02 0.00 | clr 10.53
st44.38 yaw-8 pitch-2 gap0.00 | 33.9 (29.8,-14.7) | 37.4 (11.3,35.1) | 124.37 78.62 | 1.00 0.97 | 180.0 150.9 | 45.36 | 1.28 0.01 | clr 1.86
st44.38 yaw-8 pitch-2 gap4.00 | 33.9 (29.8,-14.7) | 35.9 (10.8,33.7) | 124.37 78.31 | 1.00 0.97 | 180.0 154.2 | 45.36 | 1.28 0.00 | clr 5.13
st44.38 yaw-8 pitch-2 gap8.00 | 33.9 (29.8,-14.7) | 34.0 (10.2,32.1) | 124.37 78.18 | 1.00 0.98 | 180.0 158.1 | 45.36 | 1.28 0.01 | clr 8.32
st44.38 yaw-8 pitch-2 gap12.00 | 33.9 (29.8,-14.7) | 31.8 (9.5,30.0) | 124.37 78.28 | 1.00 0.99 | 180.0 162.9 | 45.36 | 1.28 0.00 | clr 12.01
st44.38 yaw-8 pitch-3 gap0.00 | 31.9 (29.0,-12.0) | 29.8 (9.6,27.9) | 124.71 90.63 | 1.00 0.98 | 180.0 159.6 | 45.36 | 7.05 0.01 | clr 9.45
st44.38 yaw-8 pitch-3 gap4.00 | 31.9 (29.0,-12.0) | 27.5 (8.8,25.8) | 124.70 90.22 | 1.00 0.99 | 180.0 164.6 | 45.36 | 7.06 0.01 | clr 12.27
st44.38 yaw-8 pitch-3 gap8.00 | 31.9 (29.0,-12.0) | 23.6 (7.6,22.2) | 124.71 90.01 | 1.00 1.00 | 180.0 172.3 | 45.36 | 7.05 0.00 | clr 15.39
st44.38 yaw-8 pitch-3 gap12.00 | 31.9 (29.0,-12.0) | 19.8 (6.3,18.7) | 124.71 89.33 | 1.00 1.00 | 180.0 180.0 | 45.36 | 7.05 1.26 | clr 17.11
st44.38 yaw-8 pitch-4 gap0.00 | 30.0 (28.2,-9.3) | 16.2 (5.7,15.1) | 126.52 103.81 | 1.00 1.00 | 180.0 180.0 | 45.36 | 13.73 0.63 | clr 16.63
st44.38 yaw-8 pitch-4 gap4.00 | 30.0 (28.2,-9.3) | 16.5 (5.6,15.4) | 126.52 102.41 | 1.00 1.00 | 180.0 180.0 | 45.36 | 13.74 2.57 | clr 16.87
st44.38 yaw-8 pitch-4 gap8.00 | 30.0 (28.2,-9.3) | 16.7 (5.6,15.7) | 126.53 101.08 | 1.00 1.00 | 180.0 180.0 | 45.36 | 13.73 4.49 | clr 17.45
st44.38 yaw-8 pitch-4 gap12.00 | 30.0 (28.2,-9.3) | 17.0 (5.6,16.0) | 126.53 99.81 | 1.00 1.00 | 180.0 180.0 | 45.36 | 13.73 6.40 | clr 18.31
st44.38 yaw-8 pitch-5 gap0.00 | 29.3 (28.2,-7.1) | 13.8 (5.7,12.5) | 130.57 114.03 | 1.00 1.00 | 180.0 180.0 | 45.36 | 21.82 6.73 | clr 10.66
st44.38 yaw-8 pitch-5 gap4.00 | 29.3 (28.2,-7.1) | 14.1 (5.7,12.8) | 130.57 112.42 | 1.00 1.00 | 180.0 180.0 | 45.36 | 21.82 8.67 | clr 10.99
st44.38 yaw-8 pitch-5 gap8.00 | 29.3 (28.2,-7.1) | 14.3 (5.6,13.1) | 130.57 110.84 | 1.00 1.00 | 180.0 180.0 | 45.36 | 21.82 10.59 | clr 11.86
st44.38 yaw-8 pitch-5 gap12.00 | 29.3 (28.2,-7.1) | 14.6 (5.6,13.4) | 130.57 109.32 | 1.00 1.00 | 180.0 180.0 | 45.36 | 21.82 12.49 | clr 13.15
st44.38 yaw-8 pitch-6 gap0.00 | 27.8 (27.3,-4.6) | 11.1 (4.9,9.9) | 134.46 125.55 | 1.00 1.00 | 180.0 180.0 | 45.36 | 30.32 13.93 | clr 5.76
st44.38 yaw-8 pitch-6 gap4.00 | 27.8 (27.3,-4.6) | 11.3 (4.8,10.2) | 134.46 123.76 | 1.00 1.00 | 180.0 180.0 | 45.36 | 30.32 15.85 | clr 6.23
st44.38 yaw-8 pitch-6 gap8.00 | 27.8 (27.3,-4.6) | 11.6 (4.8,10.5) | 134.45 122.01 | 1.00 1.00 | 180.0 180.0 | 45.36 | 30.32 17.74 | clr 7.62
st44.38 yaw-8 pitch-6 gap12.00 | 27.8 (27.3,-4.6) | 11.9 (4.8,10.8) | 134.45 120.31 | 1.00 1.00 | 180.0 180.0 | 45.36 | 30.32 19.63 | clr 9.52
st44.38 yaw-8 pitch-7 gap0.00 | 27.4 (27.3,-2.4) | 8.9 (4.9,7.5) | 139.82 135.63 | 1.00 1.00 | 180.0 180.0 | 45.36 | 40.17 22.06 | clr 2.42
st44.38 yaw-8 pitch-7 gap4.00 | 27.4 (27.3,-2.4) | 9.2 (4.9,7.8) | 139.83 133.69 | 1.00 1.00 | 180.0 180.0 | 45.36 | 40.17 23.93 | clr 2.87
st44.38 yaw-8 pitch-7 gap8.00 | 27.4 (27.3,-2.4) | 9.4 (4.8,8.1) | 139.82 131.79 | 1.00 1.00 | 180.0 180.0 | 45.36 | 40.17 25.80 | clr 5.00
st44.38 yaw-8 pitch-7 gap12.00 | 27.4 (27.3,-2.4) | 9.7 (4.8,8.4) | 139.83 129.94 | 1.00 1.00 | 180.0 180.0 | 45.36 | 40.16 27.66 | clr 7.47
st44.38 yaw-12 pitch0 gap0.00 | 41.9 (36.4,-17.8) | 49.0 (5.4,48.5) | 159.61 104.98 | 1.00 0.93 | 180.0 138.2 | 45.36 | 6.78 0.01 | clr 9.21
st44.38 yaw-12 pitch0 gap4.00 | 41.9 (36.4,-17.8) | 47.9 (5.1,47.5) | 159.60 104.81 | 1.00 0.94 | 180.0 140.7 | 45.36 | 6.79 0.01 | clr 12.29
st44.38 yaw-12 pitch0 gap8.00 | 41.9 (36.4,-17.8) | 46.7 (4.8,46.3) | 159.60 104.80 | 1.00 0.95 | 180.0 143.3 | 45.36 | 6.78 0.02 | clr 15.47
st44.38 yaw-12 pitch0 gap12.00 | 41.9 (36.4,-17.8) | 45.5 (4.5,45.1) | 159.61 104.95 | 1.00 0.96 | 180.0 146.2 | 45.36 | 6.78 0.00 | clr 18.91
st44.38 yaw-12 pitch-2 gap0.00 | 38.7 (35.7,-12.9) | 37.8 (3.9,37.5) | 155.99 115.62 | 1.00 0.96 | 180.0 148.3 | 45.36 | 18.10 0.00 | clr 12.52
st44.38 yaw-12 pitch-2 gap4.00 | 38.7 (35.7,-12.9) | 36.4 (3.5,36.2) | 155.99 115.31 | 1.00 0.97 | 180.0 151.4 | 45.36 | 18.10 0.01 | clr 14.85
st44.38 yaw-12 pitch-2 gap8.00 | 38.7 (35.7,-12.9) | 34.8 (3.1,34.7) | 155.99 115.15 | 1.00 0.98 | 180.0 154.9 | 45.36 | 18.10 0.00 | clr 17.78
st44.38 yaw-12 pitch-2 gap12.00 | 38.7 (35.7,-12.9) | 33.0 (2.5,32.8) | 155.99 115.12 | 1.00 0.98 | 180.0 159.0 | 45.36 | 18.10 0.00 | clr 21.06
st44.38 yaw-12 pitch-3 gap0.00 | 37.7 (35.7,-10.6) | 30.8 (2.4,30.6) | 156.47 124.94 | 1.00 0.98 | 180.0 156.2 | 45.36 | 25.38 0.01 | clr 13.24
st44.38 yaw-12 pitch-3 gap4.00 | 37.7 (35.7,-10.6) | 28.9 (1.8,28.8) | 156.47 124.58 | 1.00 0.99 | 180.0 160.4 | 45.36 | 25.38 0.01 | clr 16.70
st44.38 yaw-12 pitch-3 gap8.00 | 37.7 (35.7,-10.6) | 26.4 (1.1,26.4) | 156.47 124.34 | 1.00 0.99 | 180.0 165.8 | 45.36 | 25.38 0.01 | clr 20.36
st44.38 yaw-12 pitch-3 gap12.00 | 37.7 (35.7,-10.6) | 21.8 (-0.4,21.8) | 156.47 124.22 | 1.00 1.00 | 180.0 175.4 | 45.36 | 25.38 0.01 | clr 24.12
st44.38 yaw-12 pitch-4 gap0.00 | 36.0 (34.8,-8.0) | 21.0 (0.5,21.0) | 156.76 134.18 | 1.00 1.00 | 180.0 169.9 | 45.36 | 32.78 0.00 | clr 18.78
st44.38 yaw-12 pitch-4 gap4.00 | 36.0 (34.8,-8.0) | 16.2 (-1.0,16.2) | 156.75 133.38 | 1.00 1.00 | 180.0 180.0 | 45.36 | 32.79 0.80 | clr 20.89
st44.38 yaw-12 pitch-4 gap8.00 | 36.0 (34.8,-8.0) | 16.5 (-1.0,16.5) | 156.76 132.16 | 1.00 1.00 | 180.0 180.0 | 45.36 | 32.78 2.71 | clr 21.40
st44.38 yaw-12 pitch-4 gap12.00 | 36.0 (34.8,-8.0) | 16.8 (-1.0,16.8) | 156.75 130.96 | 1.00 1.00 | 180.0 180.0 | 45.36 | 32.79 4.61 | clr 22.14
st44.38 yaw-12 pitch-5 gap0.00 | 35.4 (34.8,-5.9) | 13.3 (-1.7,13.2) | 158.98 144.12 | 1.00 1.00 | 180.0 180.0 | 45.36 | 41.69 4.85 | clr 19.74
st44.38 yaw-12 pitch-5 gap4.00 | 35.4 (34.8,-5.9) | 13.6 (-1.7,13.5) | 158.98 142.63 | 1.00 1.00 | 180.0 180.0 | 45.36 | 41.69 6.79 | clr 19.85
st44.38 yaw-12 pitch-5 gap8.00 | 35.4 (34.8,-5.9) | 13.9 (-1.7,13.8) | 158.98 141.19 | 1.00 1.00 | 180.0 180.0 | 45.36 | 41.69 8.71 | clr 20.26
st44.38 yaw-12 pitch-5 gap12.00 | 35.4 (34.8,-5.9) | 14.2 (-1.7,14.1) | 158.98 139.80 | 1.00 1.00 | 180.0 180.0 | 45.36 | 41.69 10.61 | clr 20.94
st44.38 yaw-12 pitch-6 gap0.00 | 34.0 (33.8,-3.4) | 10.9 (-2.4,10.6) | 160.85 153.74 | 1.00 1.00 | 180.0 180.0 | 45.36 | 50.73 11.95 | clr 19.55
st44.38 yaw-12 pitch-6 gap4.00 | 34.0 (33.8,-3.4) | 11.2 (-2.4,11.0) | 160.85 152.08 | 1.00 1.00 | 180.0 180.0 | 45.36 | 50.74 13.87 | clr 19.47
st44.38 yaw-12 pitch-6 gap8.00 | 34.0 (33.8,-3.4) | 11.5 (-2.4,11.3) | 160.85 150.46 | 1.00 1.00 | 180.0 180.0 | 45.36 | 50.74 15.77 | clr 19.72
st44.38 yaw-12 pitch-6 gap12.00 | 34.0 (33.8,-3.4) | 11.8 (-2.4,11.6) | 160.86 148.89 | 1.00 1.00 | 180.0 180.0 | 45.36 | 50.73 17.66 | clr 20.28
st44.38 yaw-12 pitch-7 gap0.00 | 33.7 (33.7,-1.4) | 8.5 (-2.3,8.2) | 164.18 161.98 | 1.00 1.00 | 180.0 180.0 | 45.36 | 61.21 19.84 | clr 22.23
st44.38 yaw-12 pitch-7 gap4.00 | 33.7 (33.7,-1.4) | 8.8 (-2.3,8.5) | 164.19 160.18 | 1.00 1.00 | 180.0 180.0 | 45.36 | 61.21 21.73 | clr 21.95
st44.38 yaw-12 pitch-7 gap8.00 | 33.7 (33.7,-1.4) | 9.1 (-2.3,8.8) | 164.18 158.42 | 1.00 1.00 | 180.0 180.0 | 45.36 | 61.21 23.60 | clr 21.98
st44.38 yaw-12 pitch-7 gap12.00 | 33.7 (33.7,-1.4) | 9.4 (-2.3,9.1) | 164.18 156.70 | 1.00 1.00 | 180.0 180.0 | 45.36 | 61.21 25.47 | clr 22.30
st44.38 yaw4 pitch0 gap0.00 | 55.6 (15.6,-51.3) | 38.0 (28.3,23.1) | 21.30 56.95 | 0.89 1.00 | 124.7 180.0 | 45.36 | 0.01 3.04 | clr 5.20
st44.38 yaw4 pitch0 gap4.00 | 55.6 (15.6,-51.3) | 38.0 (28.1,23.3) | 21.30 55.21 | 0.89 1.00 | 124.7 180.0 | 45.36 | 0.01 4.97 | clr 5.61
st44.38 yaw4 pitch0 gap8.00 | 55.6 (15.6,-51.3) | 38.0 (28.0,23.6) | 21.31 53.54 | 0.89 1.00 | 124.7 180.0 | 45.36 | 0.01 6.86 | clr 6.90
st44.38 yaw4 pitch0 gap12.00 | 55.6 (15.6,-51.3) | 38.1 (27.8,23.8) | 21.31 51.96 | 0.89 1.00 | 124.7 180.0 | 45.36 | 0.00 8.74 | clr 8.67
st44.38 yaw4 pitch-2 gap0.00 | 45.8 (14.2,-42.3) | 33.7 (27.7,17.6) | 20.78 64.90 | 0.91 1.00 | 131.8 180.0 | 45.36 | 0.01 12.43 | clr 15.84
st44.38 yaw4 pitch-2 gap4.00 | 45.8 (14.2,-42.3) | 33.7 (27.5,17.9) | 20.78 62.57 | 0.91 1.00 | 131.8 180.0 | 45.36 | 0.01 14.34 | clr 18.38
st44.38 yaw4 pitch-2 gap8.00 | 45.8 (14.2,-42.3) | 33.7 (27.4,18.2) | 20.77 60.26 | 0.91 1.00 | 131.8 180.0 | 45.36 | 0.00 16.25 | clr 19.38
st44.38 yaw4 pitch-2 gap12.00 | 45.8 (14.2,-42.3) | 33.8 (27.2,18.5) | 20.77 58.02 | 0.91 1.00 | 131.8 180.0 | 45.36 | 0.00 18.13 | clr 20.19
st44.38 yaw4 pitch-3 gap0.00 | 40.3 (13.2,-37.2) | 32.2 (27.7,15.1) | 37.15 72.87 | 0.93 1.00 | 136.5 180.0 | 45.36 | 0.00 18.62 | clr 17.14
st44.38 yaw4 pitch-3 gap4.00 | 40.3 (13.2,-37.2) | 32.2 (27.5,15.4) | 37.16 70.39 | 0.93 1.00 | 136.5 180.0 | 45.36 | 0.01 20.50 | clr 18.71
st44.38 yaw4 pitch-3 gap8.00 | 40.3 (13.2,-37.2) | 32.2 (27.3,15.7) | 37.15 67.94 | 0.93 1.00 | 136.5 180.0 | 45.36 | 0.00 22.39 | clr 19.42
st44.38 yaw4 pitch-3 gap12.00 | 40.3 (13.2,-37.2) | 32.2 (27.2,16.0) | 37.15 65.54 | 0.93 1.00 | 136.5 180.0 | 45.36 | 0.00 24.25 | clr 20.43
st44.38 yaw4 pitch-4 gap0.00 | 34.4 (12.0,-31.7) | 30.8 (27.6,12.7) | 54.51 81.87 | 0.95 1.00 | 142.5 180.0 | 45.36 | 0.02 25.64 | clr 16.87
st44.38 yaw4 pitch-4 gap4.00 | 34.4 (12.0,-31.7) | 30.8 (27.4,13.0) | 54.51 79.31 | 0.95 1.00 | 142.5 180.0 | 45.36 | 0.01 27.50 | clr 19.51
st44.38 yaw4 pitch-4 gap8.00 | 34.4 (12.0,-31.7) | 30.8 (27.3,13.3) | 54.51 76.76 | 0.95 1.00 | 142.5 180.0 | 45.36 | 0.01 29.35 | clr 21.12
st44.38 yaw4 pitch-4 gap12.00 | 34.4 (12.0,-31.7) | 30.8 (27.1,13.6) | 54.51 74.26 | 0.95 1.00 | 142.5 180.0 | 45.36 | 0.01 31.18 | clr 22.16
st44.38 yaw4 pitch-5 gap0.00 | 27.6 (10.5,-25.3) | 28.7 (26.6,10.0) | 72.14 90.93 | 0.97 1.00 | 150.2 180.0 | 45.36 | 0.00 33.08 | clr 21.05
st44.38 yaw4 pitch-5 gap4.00 | 27.6 (10.5,-25.3) | 28.7 (26.4,10.3) | 72.14 88.31 | 0.97 1.00 | 150.2 180.0 | 45.36 | 0.00 34.89 | clr 23.38
st44.38 yaw4 pitch-5 gap8.00 | 27.6 (10.5,-25.3) | 28.7 (26.3,10.6) | 72.14 85.72 | 0.97 1.00 | 150.2 180.0 | 45.36 | 0.00 36.70 | clr 25.53
st44.38 yaw4 pitch-5 gap12.00 | 27.6 (10.5,-25.3) | 28.7 (26.2,10.9) | 72.15 83.16 | 0.97 1.00 | 150.2 180.0 | 45.36 | 0.01 38.49 | clr 26.51
st44.38 yaw4 pitch-6 gap0.00 | 19.6 (9.0,-17.2) | 27.7 (26.4,7.7) | 89.12 100.64 | 0.99 1.00 | 161.7 180.0 | 45.36 | 0.01 41.77 | clr 29.37
st44.38 yaw4 pitch-6 gap4.00 | 19.6 (9.0,-17.2) | 27.6 (26.3,8.0) | 89.12 97.99 | 0.99 1.00 | 161.7 180.0 | 45.36 | 0.01 43.53 | clr 31.23
st44.38 yaw4 pitch-6 gap8.00 | 19.6 (9.0,-17.2) | 27.6 (26.1,8.3) | 89.12 95.37 | 0.99 1.00 | 161.7 180.0 | 45.36 | 0.02 45.28 | clr 32.54
st44.38 yaw4 pitch-6 gap12.00 | 19.6 (9.0,-17.2) | 27.6 (26.0,8.6) | 89.12 92.77 | 0.99 1.00 | 161.7 180.0 | 45.36 | 0.01 47.04 | clr 33.37
st44.38 yaw4 pitch-7 gap0.00 | 8.1 (5.7,-5.8) | 25.9 (25.3,5.2) | 104.35 110.07 | 1.00 1.00 | 180.0 180.0 | 45.36 | 3.37 50.84 | clr 35.18
st44.38 yaw4 pitch-7 gap4.00 | 8.1 (5.7,-5.8) | 25.8 (25.1,5.5) | 104.34 107.40 | 1.00 1.00 | 180.0 180.0 | 45.36 | 3.37 52.54 | clr 37.08
st44.38 yaw4 pitch-7 gap8.00 | 8.1 (5.7,-5.8) | 25.8 (25.0,5.8) | 104.35 104.76 | 1.00 1.00 | 180.0 180.0 | 45.36 | 3.37 54.24 | clr 38.68
st44.38 yaw4 pitch-7 gap12.00 | 8.1 (5.7,-5.8) | 25.7 (24.9,6.1) | 104.35 102.14 | 1.00 1.00 | 180.0 180.0 | 45.36 | 3.37 55.94 | clr 39.52
st44.38 yaw8 pitch0 gap0.00 | 56.5 (8.4,-55.1) | 42.8 (34.7,21.8) | 57.89 89.87 | 0.88 1.00 | 122.3 180.0 | 45.36 | 0.01 15.95 | clr 17.50
st44.38 yaw8 pitch0 gap4.00 | 56.5 (8.4,-55.1) | 42.8 (34.5,22.1) | 57.89 87.97 | 0.88 1.00 | 122.3 180.0 | 45.36 | 0.01 17.84 | clr 19.91
st44.38 yaw8 pitch0 gap8.00 | 56.5 (8.4,-55.1) | 42.8 (34.3,22.3) | 57.89 86.13 | 0.88 1.00 | 122.3 180.0 | 45.36 | 0.01 19.72 | clr 20.79
st44.38 yaw8 pitch0 gap12.00 | 56.5 (8.4,-55.1) | 42.7 (34.0,22.6) | 57.90 84.35 | 0.88 1.00 | 122.3 180.0 | 45.36 | 0.02 21.59 | clr 21.45
st44.38 yaw8 pitch-2 gap0.00 | 46.7 (6.8,-45.9) | 39.8 (34.8,16.9) | 58.15 93.56 | 0.90 1.00 | 129.0 180.0 | 45.36 | 0.00 27.47 | clr 17.20
st44.38 yaw8 pitch-2 gap4.00 | 46.7 (6.8,-45.9) | 39.8 (34.6,17.2) | 58.15 91.27 | 0.90 1.00 | 129.0 180.0 | 45.36 | 0.00 29.32 | clr 19.79
st44.38 yaw8 pitch-2 gap8.00 | 46.7 (6.8,-45.9) | 39.8 (34.4,17.4) | 58.15 89.02 | 0.90 1.00 | 129.0 180.0 | 45.36 | 0.00 31.16 | clr 22.37
st44.38 yaw8 pitch-2 gap12.00 | 46.7 (6.8,-45.9) | 39.7 (34.2,17.7) | 58.15 86.82 | 0.90 1.00 | 129.0 180.0 | 45.36 | 0.00 32.99 | clr 24.93
st44.38 yaw8 pitch-3 gap0.00 | 41.4 (5.8,-40.8) | 37.6 (34.0,14.1) | 65.99 96.82 | 0.92 1.00 | 133.4 180.0 | 45.36 | 0.01 33.78 | clr 21.35
st44.38 yaw8 pitch-3 gap4.00 | 41.4 (5.8,-40.8) | 37.6 (33.8,14.4) | 65.98 94.37 | 0.92 1.00 | 133.4 180.0 | 45.36 | 0.01 35.60 | clr 23.61
st44.38 yaw8 pitch-3 gap8.00 | 41.4 (5.8,-40.8) | 37.5 (33.6,14.7) | 65.98 91.97 | 0.92 1.00 | 133.4 180.0 | 45.36 | 0.01 37.40 | clr 25.94
st44.38 yaw8 pitch-3 gap12.00 | 41.4 (5.8,-40.8) | 37.5 (33.4,15.0) | 65.98 89.62 | 0.92 1.00 | 133.4 180.0 | 45.36 | 0.01 39.19 | clr 28.31
st44.38 yaw8 pitch-4 gap0.00 | 35.7 (4.8,-35.3) | 36.4 (33.9,11.8) | 77.20 102.31 | 0.94 1.00 | 138.9 180.0 | 45.36 | 0.01 41.50 | clr 28.61
st44.38 yaw8 pitch-4 gap4.00 | 35.7 (4.8,-35.3) | 36.4 (33.7,12.1) | 77.20 99.78 | 0.94 1.00 | 138.9 180.0 | 45.36 | 0.01 43.27 | clr 30.46
st44.38 yaw8 pitch-4 gap8.00 | 35.7 (4.8,-35.3) | 36.3 (33.5,12.4) | 77.20 97.29 | 0.94 1.00 | 138.9 180.0 | 45.36 | 0.00 45.02 | clr 32.42
st44.38 yaw8 pitch-4 gap12.00 | 35.7 (4.8,-35.3) | 36.3 (33.3,12.7) | 77.20 94.80 | 0.94 1.00 | 138.9 180.0 | 45.36 | 0.01 46.79 | clr 34.48
st44.38 yaw8 pitch-5 gap0.00 | 29.3 (3.5,-29.1) | 35.4 (33.7,9.5) | 90.61 108.59 | 0.96 1.00 | 145.8 180.0 | 45.36 | 0.01 49.99 | clr 37.36
st44.38 yaw8 pitch-5 gap4.00 | 29.3 (3.5,-29.1) | 35.3 (33.5,9.8) | 90.60 105.98 | 0.96 1.00 | 145.8 180.0 | 45.36 | 0.00 51.70 | clr 38.95
st44.38 yaw8 pitch-5 gap8.00 | 29.3 (3.5,-29.1) | 35.3 (33.4,10.1) | 90.61 103.40 | 0.96 1.00 | 145.8 180.0 | 45.36 | 0.00 53.42 | clr 40.60
st44.38 yaw8 pitch-5 gap12.00 | 29.3 (3.5,-29.1) | 35.2 (33.2,10.4) | 90.60 100.85 | 0.96 1.00 | 145.8 180.0 | 45.36 | 0.00 55.12 | clr 42.15
st44.38 yaw8 pitch-6 gap0.00 | 21.8 (1.8,-21.7) | 33.5 (32.6,6.9) | 105.35 114.72 | 0.98 1.00 | 155.2 180.0 | 45.36 | 0.01 58.59 | clr 44.01
st44.38 yaw8 pitch-6 gap4.00 | 21.8 (1.8,-21.7) | 33.5 (32.5,7.2) | 105.35 112.05 | 0.98 1.00 | 155.2 180.0 | 45.36 | 0.01 60.26 | clr 45.76
st44.38 yaw8 pitch-6 gap8.00 | 21.8 (1.8,-21.7) | 33.4 (32.3,7.5) | 105.35 109.42 | 0.98 1.00 | 155.2 180.0 | 45.36 | 0.01 61.92 | clr 47.61
st44.38 yaw8 pitch-6 gap12.00 | 21.8 (1.8,-21.7) | 33.3 (32.1,7.8) | 105.35 106.81 | 0.98 1.00 | 155.2 180.0 | 45.36 | 0.01 63.57 | clr 49.53
st44.38 yaw8 pitch-7 gap0.00 | 9.5 (-1.4,-9.4) | 32.8 (32.3,4.8) | 120.95 121.81 | 1.00 1.00 | 175.0 180.0 | 45.36 | 0.02 68.55 | clr 52.55
st44.38 yaw8 pitch-7 gap4.00 | 9.5 (-1.4,-9.4) | 32.7 (32.2,5.1) | 120.95 119.12 | 1.00 1.00 | 175.0 180.0 | 45.36 | 0.02 70.14 | clr 54.14
st44.38 yaw8 pitch-7 gap8.00 | 9.5 (-1.4,-9.4) | 32.6 (32.0,5.4) | 120.95 116.46 | 1.00 1.00 | 175.0 180.0 | 45.36 | 0.02 71.74 | clr 55.82
st44.38 yaw8 pitch-7 gap12.00 | 9.5 (-1.4,-9.4) | 32.5 (31.9,5.7) | 120.95 113.83 | 1.00 1.00 | 175.0 180.0 | 45.36 | 0.03 73.32 | clr 57.58
st30.00 yaw0 pitch0 gap0.00 | 57.3 (23.6,-47.8) | 50.9 (27.0,39.0) | 39.62 26.73 | 0.88 0.95 | 123.4 145.0 | 45.36 | 0.00 0.00 | clr 0.46
st30.00 yaw0 pitch0 gap4.00 | 57.3 (23.6,-47.8) | 49.6 (26.5,38.1) | 39.62 24.24 | 0.88 0.96 | 123.4 147.7 | 45.36 | 0.00 0.00 | clr 3.56
st30.00 yaw0 pitch0 gap8.00 | 57.3 (23.6,-47.8) | 48.2 (26.0,37.1) | 39.61 22.20 | 0.88 0.97 | 123.4 150.7 | 45.36 | 0.01 0.01 | clr 6.72
st30.00 yaw0 pitch0 gap12.00 | 57.3 (23.6,-47.8) | 46.6 (25.5,35.9) | 39.61 20.72 | 0.88 0.97 | 123.4 154.0 | 45.36 | 0.01 0.01 | clr 10.47
st30.00 yaw0 pitch-2 gap0.00 | 47.4 (22.3,-39.1) | 38.6 (25.0,27.3) | 41.20 51.81 | 0.91 0.98 | 130.9 159.1 | 45.36 | 0.01 0.01 | clr 0.46
st30.00 yaw0 pitch-2 gap4.00 | 47.4 (22.3,-39.1) | 36.4 (24.1,25.5) | 41.21 50.20 | 0.91 0.99 | 130.9 163.6 | 45.36 | 0.00 0.00 | clr 3.32
st30.00 yaw0 pitch-2 gap8.00 | 47.4 (22.3,-39.1) | 33.4 (22.9,22.9) | 41.21 48.88 | 0.91 1.00 | 130.9 170.0 | 45.36 | 0.00 0.00 | clr 6.59
st30.00 yaw0 pitch-2 gap12.00 | 47.4 (22.3,-39.1) | 28.6 (21.0,18.5) | 41.20 47.32 | 0.91 1.00 | 130.9 180.0 | 45.36 | 0.01 0.81 | clr 9.63
st30.00 yaw0 pitch-3 gap0.00 | 42.5 (21.7,-34.4) | 26.6 (21.4,15.0) | 53.08 67.29 | 0.93 1.00 | 136.0 180.0 | 45.36 | 0.01 0.30 | clr 0.81
st30.00 yaw0 pitch-3 gap4.00 | 42.5 (21.7,-34.4) | 26.7 (21.3,15.3) | 53.07 64.85 | 0.93 1.00 | 136.0 180.0 | 45.36 | 0.01 2.27 | clr 2.39
st30.00 yaw0 pitch-3 gap8.00 | 42.5 (21.7,-34.4) | 26.7 (21.1,15.6) | 53.07 62.45 | 0.93 1.00 | 136.0 180.0 | 45.36 | 0.01 4.24 | clr 4.97
st30.00 yaw0 pitch-3 gap12.00 | 42.5 (21.7,-34.4) | 26.8 (21.0,15.9) | 53.07 60.09 | 0.93 1.00 | 136.0 180.0 | 45.36 | 0.01 6.19 | clr 7.56
st30.00 yaw0 pitch-4 gap0.00 | 36.6 (20.5,-28.9) | 24.2 (20.5,12.3) | 66.99 80.30 | 0.95 1.00 | 142.1 180.0 | 45.36 | 0.00 6.41 | clr 9.50
st30.00 yaw0 pitch-4 gap4.00 | 36.6 (20.5,-28.9) | 24.2 (20.4,12.6) | 67.00 77.80 | 0.95 1.00 | 142.1 180.0 | 45.36 | 0.00 8.36 | clr 9.82
st30.00 yaw0 pitch-4 gap8.00 | 36.6 (20.5,-28.9) | 24.3 (20.2,12.9) | 67.00 75.35 | 0.95 1.00 | 142.1 180.0 | 45.36 | 0.00 10.31 | clr 10.85
st30.00 yaw0 pitch-4 gap12.00 | 36.6 (20.5,-28.9) | 24.4 (20.1,13.2) | 66.99 72.94 | 0.95 1.00 | 142.1 180.0 | 45.36 | 0.01 12.24 | clr 12.38
st30.00 yaw0 pitch-5 gap0.00 | 30.1 (18.9,-22.5) | 22.8 (20.3,9.8) | 82.53 92.92 | 0.97 1.00 | 150.1 180.0 | 45.36 | 0.01 13.76 | clr 16.68
st30.00 yaw0 pitch-5 gap4.00 | 30.1 (18.9,-22.5) | 22.8 (20.2,10.1) | 82.52 90.37 | 0.97 1.00 | 150.1 180.0 | 45.36 | 0.02 15.67 | clr 17.08
st30.00 yaw0 pitch-5 gap8.00 | 30.1 (18.9,-22.5) | 22.9 (20.1,10.4) | 82.53 87.86 | 0.97 1.00 | 150.1 180.0 | 45.36 | 0.01 17.58 | clr 17.72
st30.00 yaw0 pitch-5 gap12.00 | 30.1 (18.9,-22.5) | 22.9 (20.0,10.7) | 82.52 85.39 | 0.97 1.00 | 150.1 180.0 | 45.36 | 0.02 19.48 | clr 18.74
st30.00 yaw0 pitch-6 gap0.00 | 21.9 (16.4,-14.2) | 21.6 (20.2,7.3) | 98.92 105.02 | 0.99 1.00 | 162.2 180.0 | 45.36 | 0.00 22.06 | clr 13.56
st30.00 yaw0 pitch-6 gap4.00 | 21.9 (16.4,-14.2) | 21.6 (20.1,7.7) | 98.92 102.43 | 0.99 1.00 | 162.2 180.0 | 45.36 | 0.01 23.92 | clr 14.03
st30.00 yaw0 pitch-6 gap8.00 | 21.9 (16.4,-14.2) | 21.6 (20.0,8.0) | 98.92 99.87 | 0.99 1.00 | 162.2 180.0 | 45.36 | 0.00 25.78 | clr 15.03
st30.00 yaw0 pitch-6 gap12.00 | 21.9 (16.4,-14.2) | 21.7 (19.9,8.3) | 98.92 97.35 | 0.99 1.00 | 162.2 180.0 | 45.36 | 0.00 27.63 | clr 16.42
st30.00 yaw0 pitch-7 gap0.00 | 14.0 (13.6,-3.4) | 19.7 (19.1,4.8) | 112.86 116.82 | 1.00 1.00 | 180.0 180.0 | 45.36 | 4.24 31.01 | clr 17.01
st30.00 yaw0 pitch-7 gap4.00 | 14.0 (13.6,-3.4) | 19.7 (19.0,5.1) | 112.86 114.20 | 1.00 1.00 | 180.0 180.0 | 45.36 | 4.24 32.81 | clr 17.68
st30.00 yaw0 pitch-7 gap8.00 | 14.0 (13.6,-3.4) | 19.7 (18.9,5.4) | 112.86 111.62 | 1.00 1.00 | 180.0 180.0 | 45.36 | 4.24 34.61 | clr 18.75
st30.00 yaw0 pitch-7 gap12.00 | 14.0 (13.6,-3.4) | 19.7 (18.8,5.8) | 112.86 109.07 | 1.00 1.00 | 180.0 180.0 | 45.36 | 4.24 36.41 | clr 20.17
st30.00 yaw-4 pitch0 gap0.00 | 56.0 (30.0,-41.4) | 52.3 (20.9,45.0) | 79.70 29.88 | 0.91 0.93 | 131.4 136.7 | 45.36 | 0.00 0.00 | clr 0.52
st30.00 yaw-4 pitch0 gap4.00 | 56.0 (30.0,-41.4) | 51.3 (20.5,44.2) | 79.70 27.76 | 0.91 0.94 | 131.4 139.0 | 45.36 | 0.00 0.00 | clr 3.58
st30.00 yaw-4 pitch0 gap8.00 | 56.0 (30.0,-41.4) | 50.2 (20.2,43.3) | 79.70 26.08 | 0.91 0.94 | 131.4 141.4 | 45.36 | 0.00 0.00 | clr 6.78
st30.00 yaw-4 pitch0 gap12.00 | 56.0 (30.0,-41.4) | 49.0 (19.8,42.4) | 79.70 24.94 | 0.91 0.95 | 131.4 144.0 | 45.36 | 0.00 0.00 | clr 10.51
st30.00 yaw-4 pitch-2 gap0.00 | 46.4 (28.9,-32.7) | 40.9 (19.3,34.4) | 83.05 54.97 | 0.94 0.96 | 140.6 146.9 | 45.36 | 0.00 0.00 | clr 0.44
st30.00 yaw-4 pitch-2 gap4.00 | 46.4 (28.9,-32.7) | 39.6 (18.8,33.4) | 83.05 53.52 | 0.94 0.97 | 140.6 149.7 | 45.36 | 0.01 0.02 | clr 3.39
st30.00 yaw-4 pitch-2 gap8.00 | 46.4 (28.9,-32.7) | 38.2 (18.2,32.2) | 83.05 52.34 | 0.94 0.97 | 140.6 152.8 | 45.36 | 0.00 0.01 | clr 6.63
st30.00 yaw-4 pitch-2 gap12.00 | 46.4 (28.9,-32.7) | 36.5 (17.6,30.8) | 83.05 51.43 | 0.94 0.98 | 140.6 156.3 | 45.36 | 0.00 0.00 | clr 10.42
st30.00 yaw-4 pitch-3 gap0.00 | 40.7 (27.6,-27.3) | 34.4 (18.3,28.0) | 89.42 69.64 | 0.96 0.98 | 146.9 154.8 | 45.36 | 0.01 0.02 | clr 0.44
st30.00 yaw-4 pitch-3 gap4.00 | 40.7 (27.6,-27.3) | 32.7 (17.6,26.6) | 89.42 68.35 | 0.96 0.98 | 146.9 158.4 | 45.36 | 0.01 0.00 | clr 3.41
st30.00 yaw-4 pitch-3 gap8.00 | 40.7 (27.6,-27.3) | 30.6 (16.8,24.8) | 89.42 67.27 | 0.96 0.99 | 146.9 162.9 | 45.36 | 0.01 0.00 | clr 6.64
st30.00 yaw-4 pitch-3 gap12.00 | 40.7 (27.6,-27.3) | 27.7 (15.7,22.1) | 89.42 66.40 | 0.96 1.00 | 146.9 169.0 | 45.36 | 0.01 0.00 | clr 10.42
st30.00 yaw-4 pitch-4 gap0.00 | 34.7 (26.4,-20.9) | 24.9 (15.5,19.0) | 99.88 85.97 | 0.98 0.99 | 156.0 167.8 | 45.36 | 0.00 0.00 | clr 0.44
st30.00 yaw-4 pitch-4 gap4.00 | 34.7 (26.4,-20.9) | 19.0 (13.2,13.5) | 99.87 84.70 | 0.98 1.00 | 156.0 180.0 | 45.36 | 0.01 0.19 | clr 3.35
st30.00 yaw-4 pitch-4 gap8.00 | 34.7 (26.4,-20.9) | 19.2 (13.1,13.8) | 99.88 82.74 | 0.98 1.00 | 156.0 180.0 | 45.36 | 0.00 2.17 | clr 5.54
st30.00 yaw-4 pitch-4 gap12.00 | 34.7 (26.4,-20.9) | 19.4 (13.0,14.1) | 99.88 80.85 | 0.98 1.00 | 156.0 180.0 | 45.36 | 0.00 4.13 | clr 7.96
st30.00 yaw-4 pitch-5 gap0.00 | 25.3 (22.9,-10.2) | 17.1 (13.2,10.6) | 111.15 99.66 | 1.00 1.00 | 173.4 180.0 | 45.36 | 0.01 4.89 | clr 7.36
st30.00 yaw-4 pitch-5 gap4.00 | 25.3 (22.9,-10.2) | 17.2 (13.1,10.9) | 111.15 97.50 | 1.00 1.00 | 173.4 180.0 | 45.36 | 0.01 6.85 | clr 7.76
st30.00 yaw-4 pitch-5 gap8.00 | 25.3 (22.9,-10.2) | 17.4 (13.1,11.2) | 111.15 95.39 | 1.00 1.00 | 173.4 180.0 | 45.36 | 0.01 8.80 | clr 9.01
st30.00 yaw-4 pitch-5 gap12.00 | 25.3 (22.9,-10.2) | 17.5 (13.0,11.5) | 111.16 93.33 | 1.00 1.00 | 173.4 180.0 | 45.36 | 0.00 10.74 | clr 10.79
st30.00 yaw-4 pitch-6 gap0.00 | 21.4 (20.8,-4.5) | 14.7 (12.3,7.9) | 118.84 112.88 | 1.00 1.00 | 180.0 180.0 | 45.36 | 7.45 12.51 | clr 11.05
st30.00 yaw-4 pitch-6 gap4.00 | 21.4 (20.8,-4.5) | 14.8 (12.2,8.3) | 118.84 110.61 | 1.00 1.00 | 180.0 180.0 | 45.36 | 7.45 14.43 | clr 11.63
st30.00 yaw-4 pitch-6 gap8.00 | 21.4 (20.8,-4.5) | 14.9 (12.1,8.6) | 118.85 108.40 | 1.00 1.00 | 180.0 180.0 | 45.36 | 7.45 16.35 | clr 12.80
st30.00 yaw-4 pitch-6 gap12.00 | 21.4 (20.8,-4.5) | 15.1 (12.1,8.9) | 118.85 106.23 | 1.00 1.00 | 180.0 180.0 | 45.36 | 7.45 18.26 | clr 14.41
st30.00 yaw-4 pitch-7 gap0.00 | 21.0 (20.9,-2.3) | 13.4 (12.2,5.5) | 127.10 124.67 | 1.00 1.00 | 180.0 180.0 | 45.36 | 16.81 21.22 | clr 15.98
st30.00 yaw-4 pitch-7 gap4.00 | 21.0 (20.9,-2.3) | 13.5 (12.1,5.9) | 127.10 122.32 | 1.00 1.00 | 180.0 180.0 | 45.36 | 16.81 23.09 | clr 16.51
st30.00 yaw-4 pitch-7 gap8.00 | 21.0 (20.9,-2.3) | 13.6 (12.0,6.2) | 127.11 120.02 | 1.00 1.00 | 180.0 180.0 | 45.36 | 16.81 24.95 | clr 17.50
st30.00 yaw-4 pitch-7 gap12.00 | 21.0 (20.9,-2.3) | 13.7 (12.0,6.5) | 127.11 117.75 | 1.00 1.00 | 180.0 180.0 | 45.36 | 16.81 26.80 | clr 18.85
st30.00 yaw-8 pitch0 gap0.00 | 53.9 (35.8,-33.9) | 52.4 (13.8,49.1) | 123.66 66.57 | 0.95 0.91 | 144.5 132.0 | 45.36 | 0.11 0.01 | clr 0.54
st30.00 yaw-8 pitch0 gap4.00 | 53.9 (35.8,-33.9) | 51.5 (13.5,48.3) | 123.66 65.59 | 0.95 0.92 | 144.5 134.1 | 45.36 | 0.11 0.01 | clr 3.58
st30.00 yaw-8 pitch0 gap8.00 | 53.9 (35.8,-33.9) | 50.5 (13.2,47.5) | 123.66 64.84 | 0.95 0.93 | 144.5 136.3 | 45.36 | 0.11 0.00 | clr 6.82
st30.00 yaw-8 pitch0 gap12.00 | 53.9 (35.8,-33.9) | 49.5 (12.9,46.6) | 123.66 64.33 | 0.95 0.94 | 144.5 138.6 | 45.36 | 0.11 0.01 | clr 10.55
st30.00 yaw-8 pitch-2 gap0.00 | 42.9 (33.9,-23.0) | 41.7 (12.7,38.9) | 127.46 81.41 | 0.98 0.94 | 158.8 141.1 | 45.36 | 0.04 0.00 | clr 0.57
st30.00 yaw-8 pitch-2 gap4.00 | 42.9 (33.9,-23.0) | 40.6 (12.3,38.0) | 127.46 80.39 | 0.98 0.95 | 158.8 143.5 | 45.36 | 0.04 0.00 | clr 3.58
st30.00 yaw-8 pitch-2 gap8.00 | 42.9 (33.9,-23.0) | 39.5 (12.0,37.0) | 127.46 79.55 | 0.98 0.96 | 158.8 146.2 | 45.36 | 0.05 0.01 | clr 6.83
st30.00 yaw-8 pitch-2 gap12.00 | 42.9 (33.9,-23.0) | 38.2 (11.6,35.8) | 127.46 78.91 | 0.98 0.96 | 158.8 149.0 | 45.36 | 0.05 0.00 | clr 10.55
st30.00 yaw-8 pitch-3 gap0.00 | 32.7 (30.0,-11.8) | 35.3 (11.5,32.8) | 132.15 93.45 | 1.00 0.96 | 178.0 147.5 | 45.36 | 0.01 0.00 | clr 0.44
st30.00 yaw-8 pitch-3 gap4.00 | 32.7 (30.0,-11.8) | 34.0 (11.0,31.7) | 132.15 92.45 | 1.00 0.97 | 178.0 150.4 | 45.36 | 0.01 0.00 | clr 3.44
st30.00 yaw-8 pitch-3 gap8.00 | 32.7 (30.0,-11.8) | 32.6 (10.6,30.5) | 132.16 91.62 | 1.00 0.97 | 178.0 153.5 | 45.36 | 0.00 0.00 | clr 6.65
st30.00 yaw-8 pitch-3 gap12.00 | 32.7 (30.0,-11.8) | 31.0 (10.0,29.0) | 132.16 90.95 | 1.00 0.98 | 178.0 157.1 | 45.36 | 0.00 0.00 | clr 10.42
st30.00 yaw-8 pitch-4 gap0.00 | 30.2 (28.8,-8.2) | 27.6 (9.6,25.6) | 134.53 106.96 | 1.00 0.98 | 180.0 156.4 | 45.36 | 6.81 0.00 | clr 8.37
st30.00 yaw-8 pitch-4 gap4.00 | 30.2 (28.8,-8.2) | 25.9 (9.0,24.0) | 134.53 105.97 | 1.00 0.99 | 180.0 160.3 | 45.36 | 6.81 0.01 | clr 11.22
st30.00 yaw-8 pitch-4 gap8.00 | 30.2 (28.8,-8.2) | 23.5 (8.2,21.9) | 134.53 105.13 | 1.00 0.99 | 180.0 165.3 | 45.36 | 6.81 0.00 | clr 14.31
st30.00 yaw-8 pitch-4 gap12.00 | 30.2 (28.8,-8.2) | 19.6 (6.9,18.3) | 134.52 104.42 | 1.00 1.00 | 180.0 173.2 | 45.36 | 6.81 0.01 | clr 17.76
st30.00 yaw-8 pitch-5 gap0.00 | 29.5 (28.8,-5.9) | 15.6 (6.7,14.0) | 138.98 120.15 | 1.00 1.00 | 180.0 174.7 | 45.36 | 15.12 0.01 | clr 15.90
st30.00 yaw-8 pitch-5 gap4.00 | 29.5 (28.8,-5.9) | 13.1 (5.8,11.7) | 138.98 118.48 | 1.00 1.00 | 180.0 180.0 | 45.36 | 15.12 1.65 | clr 16.15
st30.00 yaw-8 pitch-5 gap8.00 | 29.5 (28.8,-5.9) | 13.4 (5.8,12.0) | 138.98 116.73 | 1.00 1.00 | 180.0 180.0 | 45.36 | 15.12 3.62 | clr 16.73
st30.00 yaw-8 pitch-5 gap12.00 | 29.5 (28.8,-5.9) | 13.6 (5.7,12.3) | 138.98 115.02 | 1.00 1.00 | 180.0 180.0 | 45.36 | 15.12 5.58 | clr 17.66
st30.00 yaw-8 pitch-6 gap0.00 | 28.1 (27.8,-3.4) | 10.1 (5.0,8.7) | 143.22 132.38 | 1.00 1.00 | 180.0 180.0 | 45.36 | 23.86 6.96 | clr 10.35
st30.00 yaw-8 pitch-6 gap4.00 | 28.1 (27.8,-3.4) | 10.3 (4.9,9.1) | 143.22 130.42 | 1.00 1.00 | 180.0 180.0 | 45.36 | 23.85 8.92 | clr 10.51
st30.00 yaw-8 pitch-6 gap8.00 | 28.1 (27.8,-3.4) | 10.6 (4.9,9.4) | 143.22 128.51 | 1.00 1.00 | 180.0 180.0 | 45.36 | 23.86 10.86 | clr 11.36
st30.00 yaw-8 pitch-6 gap12.00 | 28.1 (27.8,-3.4) | 10.9 (4.9,9.7) | 143.22 126.64 | 1.00 1.00 | 180.0 180.0 | 45.36 | 23.86 12.79 | clr 12.71
st30.00 yaw-8 pitch-7 gap0.00 | 27.8 (27.8,-1.2) | 8.0 (5.0,6.3) | 148.83 142.96 | 1.00 1.00 | 180.0 180.0 | 45.36 | 33.98 15.25 | clr 3.94
st30.00 yaw-8 pitch-7 gap4.00 | 27.8 (27.8,-1.2) | 8.3 (5.0,6.6) | 148.83 140.86 | 1.00 1.00 | 180.0 180.0 | 45.36 | 33.98 17.16 | clr 3.99
st30.00 yaw-8 pitch-7 gap8.00 | 27.8 (27.8,-1.2) | 8.5 (4.9,6.9) | 148.83 138.82 | 1.00 1.00 | 180.0 180.0 | 45.36 | 33.98 19.05 | clr 5.63
st30.00 yaw-8 pitch-7 gap12.00 | 27.8 (27.8,-1.2) | 8.8 (4.9,7.3) | 148.83 136.81 | 1.00 1.00 | 180.0 180.0 | 45.36 | 33.98 20.95 | clr 7.91
st30.00 yaw-12 pitch0 gap0.00 | 44.2 (38.1,-18.9) | 52.3 (6.2,51.7) | 166.03 106.79 | 1.00 0.91 | 175.0 130.3 | 45.36 | 0.00 0.00 | clr 0.44
st30.00 yaw-12 pitch0 gap4.00 | 44.2 (38.1,-18.9) | 51.5 (6.0,50.8) | 166.03 106.10 | 1.00 0.92 | 175.0 132.4 | 45.36 | 0.00 0.00 | clr 3.41
st30.00 yaw-12 pitch0 gap8.00 | 44.2 (38.1,-18.9) | 50.6 (5.8,50.0) | 166.02 105.54 | 1.00 0.92 | 175.0 134.5 | 45.36 | 0.01 0.01 | clr 6.64
st30.00 yaw-12 pitch0 gap12.00 | 44.2 (38.1,-18.9) | 49.6 (5.5,49.1) | 166.03 105.14 | 1.00 0.93 | 175.0 136.8 | 45.36 | 0.00 0.00 | clr 10.42
st30.00 yaw-12 pitch-2 gap0.00 | 39.0 (36.5,-11.8) | 41.7 (5.0,41.3) | 163.40 117.83 | 1.00 0.94 | 180.0 139.0 | 45.36 | 11.28 0.00 | clr 14.44
st30.00 yaw-12 pitch-2 gap4.00 | 39.0 (36.5,-11.8) | 40.7 (4.7,40.3) | 163.40 117.03 | 1.00 0.94 | 180.0 141.4 | 45.36 | 11.28 0.01 | clr 17.23
st30.00 yaw-12 pitch-2 gap8.00 | 39.0 (36.5,-11.8) | 39.7 (4.4,39.3) | 163.40 116.38 | 1.00 0.95 | 180.0 143.9 | 45.36 | 11.28 0.01 | clr 18.61
st30.00 yaw-12 pitch-2 gap12.00 | 39.0 (36.5,-11.8) | 38.5 (4.1,38.2) | 163.40 115.87 | 1.00 0.96 | 180.0 146.6 | 45.36 | 11.28 0.01 | clr 20.57
st30.00 yaw-12 pitch-3 gap0.00 | 38.1 (36.4,-9.5) | 35.5 (3.8,35.2) | 164.26 127.32 | 1.00 0.95 | 180.0 145.1 | 45.36 | 18.73 0.01 | clr 11.92
st30.00 yaw-12 pitch-3 gap4.00 | 38.1 (36.4,-9.5) | 34.4 (3.5,34.2) | 164.25 126.49 | 1.00 0.96 | 180.0 147.8 | 45.36 | 18.74 0.01 | clr 14.03
st30.00 yaw-12 pitch-3 gap8.00 | 38.1 (36.4,-9.5) | 33.1 (3.1,32.9) | 164.26 125.80 | 1.00 0.97 | 180.0 150.8 | 45.36 | 18.73 0.00 | clr 16.83
st30.00 yaw-12 pitch-3 gap12.00 | 38.1 (36.4,-9.5) | 31.7 (2.7,31.6) | 164.25 125.22 | 1.00 0.97 | 180.0 154.1 | 45.36 | 18.74 0.00 | clr 20.04
st30.00 yaw-12 pitch-4 gap0.00 | 36.4 (35.5,-6.9) | 28.6 (2.9,28.4) | 164.88 136.69 | 1.00 0.97 | 180.0 153.1 | 45.36 | 26.35 0.01 | clr 12.88
st30.00 yaw-12 pitch-4 gap4.00 | 36.4 (35.5,-6.9) | 27.1 (2.4,27.0) | 164.87 135.84 | 1.00 0.98 | 180.0 156.5 | 45.36 | 26.36 0.01 | clr 16.07
st30.00 yaw-12 pitch-4 gap8.00 | 36.4 (35.5,-6.9) | 25.3 (1.9,25.3) | 164.88 135.11 | 1.00 0.99 | 180.0 160.5 | 45.36 | 26.35 0.01 | clr 19.56
st30.00 yaw-12 pitch-4 gap12.00 | 36.4 (35.5,-6.9) | 23.0 (1.1,23.0) | 164.88 134.49 | 1.00 0.99 | 180.0 165.7 | 45.36 | 26.35 0.00 | clr 23.21
st30.00 yaw-12 pitch-5 gap0.00 | 35.8 (35.4,-4.8) | 19.0 (0.4,19.0) | 167.35 148.94 | 1.00 0.99 | 180.0 166.4 | 45.36 | 35.52 0.01 | clr 19.67
st30.00 yaw-12 pitch-5 gap4.00 | 35.8 (35.4,-4.8) | 14.7 (-1.0,14.7) | 167.36 148.08 | 1.00 1.00 | 180.0 175.6 | 45.36 | 35.52 0.00 | clr 22.80
st30.00 yaw-12 pitch-5 gap8.00 | 35.8 (35.4,-4.8) | 12.9 (-1.7,12.7) | 167.35 146.57 | 1.00 1.00 | 180.0 180.0 | 45.36 | 35.52 1.74 | clr 23.56
st30.00 yaw-12 pitch-5 gap12.00 | 35.8 (35.4,-4.8) | 13.2 (-1.7,13.0) | 167.36 145.02 | 1.00 1.00 | 180.0 180.0 | 45.36 | 35.52 3.70 | clr 24.22
st30.00 yaw-12 pitch-6 gap0.00 | 34.4 (34.3,-2.3) | 9.8 (-2.5,9.5) | 169.47 160.04 | 1.00 1.00 | 180.0 180.0 | 45.36 | 44.80 4.95 | clr 21.59
st30.00 yaw-12 pitch-6 gap4.00 | 34.4 (34.3,-2.3) | 10.1 (-2.5,9.8) | 169.47 158.23 | 1.00 1.00 | 180.0 180.0 | 45.36 | 44.80 6.91 | clr 21.54
st30.00 yaw-12 pitch-6 gap8.00 | 34.4 (34.3,-2.3) | 10.4 (-2.5,10.1) | 169.47 156.46 | 1.00 1.00 | 180.0 180.0 | 45.36 | 44.80 8.87 | clr 21.81
st30.00 yaw-12 pitch-6 gap12.00 | 34.4 (34.3,-2.3) | 10.7 (-2.4,10.5) | 169.47 154.74 | 1.00 1.00 | 180.0 180.0 | 45.36 | 44.81 10.80 | clr 22.39
st30.00 yaw-12 pitch-7 gap0.00 | 34.2 (34.2,-0.3) | 7.4 (-2.4,7.0) | 172.98 168.79 | 1.00 1.00 | 180.0 180.0 | 45.36 | 55.57 12.99 | clr 23.00
st30.00 yaw-12 pitch-7 gap4.00 | 34.2 (34.2,-0.3) | 7.7 (-2.3,7.3) | 172.98 166.84 | 1.00 1.00 | 180.0 180.0 | 45.36 | 55.57 14.90 | clr 22.73
st30.00 yaw-12 pitch-7 gap8.00 | 34.2 (34.2,-0.3) | 8.0 (-2.3,7.6) | 172.98 164.94 | 1.00 1.00 | 180.0 180.0 | 45.36 | 55.57 16.81 | clr 22.79
st30.00 yaw-12 pitch-7 gap12.00 | 34.2 (34.2,-0.3) | 8.3 (-2.3,8.0) | 172.98 163.07 | 1.00 1.00 | 180.0 180.0 | 45.36 | 55.57 18.72 | clr 23.15
st30.00 yaw4 pitch0 gap0.00 | 58.1 (16.5,-53.1) | 46.9 (32.0,30.2) | 24.21 61.94 | 0.86 0.99 | 118.5 161.4 | 45.36 | 0.00 0.01 | clr 0.54
st30.00 yaw4 pitch0 gap4.00 | 58.1 (16.5,-53.1) | 44.4 (31.0,28.2) | 24.21 60.77 | 0.86 0.99 | 118.5 166.7 | 45.36 | 0.00 0.00 | clr 3.58
st30.00 yaw4 pitch0 gap8.00 | 58.1 (16.5,-53.1) | 39.0 (29.0,23.6) | 24.21 59.84 | 0.86 1.00 | 118.5 177.8 | 45.36 | 0.00 0.01 | clr 6.79
st30.00 yaw4 pitch0 gap12.00 | 58.1 (16.5,-53.1) | 38.0 (28.5,22.9) | 24.21 58.03 | 0.86 1.00 | 118.5 180.0 | 45.36 | 0.01 1.89 | clr 9.10
st30.00 yaw4 pitch-2 gap0.00 | 48.2 (15.2,-44.3) | 33.7 (28.4,16.6) | 25.74 73.62 | 0.89 1.00 | 125.2 180.0 | 45.36 | 0.01 5.46 | clr 8.23
st30.00 yaw4 pitch-2 gap4.00 | 48.2 (15.2,-44.3) | 33.7 (28.2,16.9) | 25.75 71.14 | 0.89 1.00 | 125.2 180.0 | 45.36 | 0.01 7.42 | clr 8.57
st30.00 yaw4 pitch-2 gap8.00 | 48.2 (15.2,-44.3) | 33.7 (28.0,17.2) | 25.74 68.69 | 0.89 1.00 | 125.2 180.0 | 45.36 | 0.01 9.37 | clr 9.68
st30.00 yaw4 pitch-2 gap12.00 | 48.2 (15.2,-44.3) | 33.7 (27.8,17.5) | 25.74 66.29 | 0.89 1.00 | 125.2 180.0 | 45.36 | 0.01 11.30 | clr 11.31
st30.00 yaw4 pitch-3 gap0.00 | 42.9 (14.3,-39.4) | 32.2 (28.3,14.1) | 40.92 82.06 | 0.91 1.00 | 129.7 180.0 | 45.36 | 0.01 11.74 | clr 16.69
st30.00 yaw4 pitch-3 gap4.00 | 42.9 (14.3,-39.4) | 32.2 (28.1,14.4) | 40.92 79.45 | 0.91 1.00 | 129.7 180.0 | 45.36 | 0.01 13.67 | clr 16.87
st30.00 yaw4 pitch-3 gap8.00 | 42.9 (14.3,-39.4) | 32.2 (27.9,14.7) | 40.93 76.89 | 0.91 1.00 | 129.7 180.0 | 45.36 | 0.00 15.58 | clr 17.48
st30.00 yaw4 pitch-3 gap12.00 | 42.9 (14.3,-39.4) | 32.2 (27.8,15.0) | 40.92 74.36 | 0.91 1.00 | 129.7 180.0 | 45.36 | 0.00 17.49 | clr 18.49
st30.00 yaw4 pitch-4 gap0.00 | 37.2 (13.2,-34.1) | 30.9 (28.1,11.6) | 57.76 91.34 | 0.92 1.00 | 135.0 180.0 | 45.36 | 0.01 18.91 | clr 17.87
st30.00 yaw4 pitch-4 gap4.00 | 37.2 (13.2,-34.1) | 30.8 (28.0,11.9) | 57.76 88.67 | 0.92 1.00 | 135.0 180.0 | 45.36 | 0.01 20.79 | clr 18.43
st30.00 yaw4 pitch-4 gap8.00 | 37.2 (13.2,-34.1) | 30.8 (27.8,12.2) | 57.76 86.02 | 0.92 1.00 | 135.0 180.0 | 45.36 | 0.01 22.67 | clr 19.38
st30.00 yaw4 pitch-4 gap12.00 | 37.2 (13.2,-34.1) | 30.8 (27.7,12.5) | 57.76 83.41 | 0.92 1.00 | 135.0 180.0 | 45.36 | 0.00 24.54 | clr 20.65
st30.00 yaw4 pitch-5 gap0.00 | 31.0 (11.8,-28.2) | 28.8 (27.1,8.9) | 75.17 100.59 | 0.94 1.00 | 141.6 180.0 | 45.36 | 0.00 26.50 | clr 18.65
st30.00 yaw4 pitch-5 gap4.00 | 31.0 (11.8,-28.2) | 28.7 (27.0,9.2) | 75.17 97.86 | 0.94 1.00 | 141.6 180.0 | 45.36 | 0.00 28.34 | clr 19.54
st30.00 yaw4 pitch-5 gap8.00 | 31.0 (11.8,-28.2) | 28.7 (26.8,9.5) | 75.17 95.16 | 0.94 1.00 | 141.6 180.0 | 45.36 | 0.00 30.17 | clr 20.57
st30.00 yaw4 pitch-5 gap12.00 | 31.0 (11.8,-28.2) | 28.7 (26.7,9.9) | 75.17 92.50 | 0.94 1.00 | 141.6 180.0 | 45.36 | 0.00 32.00 | clr 21.88
st30.00 yaw4 pitch-6 gap0.00 | 24.4 (10.8,-21.6) | 27.8 (26.9,6.6) | 92.08 110.40 | 0.97 1.00 | 150.1 180.0 | 45.36 | 0.01 35.41 | clr 24.14
st30.00 yaw4 pitch-6 gap4.00 | 24.4 (10.8,-21.6) | 27.8 (26.7,6.9) | 92.08 107.65 | 0.97 1.00 | 150.1 180.0 | 45.36 | 0.01 37.18 | clr 25.02
st30.00 yaw4 pitch-6 gap8.00 | 24.4 (10.8,-21.6) | 27.7 (26.6,7.2) | 92.08 104.93 | 0.97 1.00 | 150.1 180.0 | 45.36 | 0.02 38.95 | clr 25.89
st30.00 yaw4 pitch-6 gap12.00 | 24.4 (10.8,-21.6) | 27.7 (26.5,7.5) | 92.08 102.23 | 0.97 1.00 | 150.1 180.0 | 45.36 | 0.01 40.72 | clr 27.03
st30.00 yaw4 pitch-7 gap0.00 | 15.2 (8.4,-12.6) | 26.0 (25.7,4.0) | 109.88 119.86 | 0.99 1.00 | 163.3 180.0 | 45.36 | 0.01 44.71 | clr 31.94
st30.00 yaw4 pitch-7 gap4.00 | 15.2 (8.4,-12.6) | 26.0 (25.6,4.4) | 109.88 117.10 | 0.99 1.00 | 163.3 180.0 | 45.36 | 0.01 46.41 | clr 32.95
st30.00 yaw4 pitch-7 gap8.00 | 15.2 (8.4,-12.6) | 25.9 (25.4,4.7) | 109.88 114.37 | 0.99 1.00 | 163.3 180.0 | 45.36 | 0.01 48.12 | clr 33.69
st30.00 yaw4 pitch-7 gap12.00 | 15.2 (8.4,-12.6) | 25.9 (25.3,5.0) | 109.88 111.66 | 0.99 1.00 | 163.3 180.0 | 45.36 | 0.01 49.83 | clr 34.66
st30.00 yaw8 pitch0 gap0.00 | 58.8 (9.1,-57.2) | 43.0 (35.6,20.9) | 58.99 97.10 | 0.85 1.00 | 116.2 180.0 | 45.36 | 0.01 9.04 | clr 13.34
st30.00 yaw8 pitch0 gap4.00 | 58.8 (9.1,-57.2) | 43.0 (35.3,21.1) | 58.98 95.02 | 0.85 1.00 | 116.2 180.0 | 45.36 | 0.00 10.98 | clr 13.55
st30.00 yaw8 pitch0 gap8.00 | 58.8 (9.1,-57.2) | 42.9 (35.1,21.4) | 58.98 92.99 | 0.85 1.00 | 116.2 180.0 | 45.36 | 0.00 12.91 | clr 14.27
st30.00 yaw8 pitch0 gap12.00 | 58.8 (9.1,-57.2) | 42.9 (34.8,21.7) | 58.98 91.02 | 0.85 1.00 | 116.2 180.0 | 45.36 | 0.00 14.82 | clr 15.40
st30.00 yaw8 pitch-2 gap0.00 | 49.0 (7.5,-48.0) | 40.0 (35.6,15.9) | 60.07 102.11 | 0.88 1.00 | 122.6 180.0 | 45.36 | 0.00 20.76 | clr 17.90
st30.00 yaw8 pitch-2 gap4.00 | 49.0 (7.5,-48.0) | 40.0 (35.4,16.2) | 60.06 99.67 | 0.88 1.00 | 122.6 180.0 | 45.36 | 0.00 22.65 | clr 20.59
st30.00 yaw8 pitch-2 gap8.00 | 49.0 (7.5,-48.0) | 39.9 (35.2,16.4) | 60.06 97.29 | 0.88 1.00 | 122.6 180.0 | 45.36 | 0.00 24.51 | clr 23.25
st30.00 yaw8 pitch-2 gap12.00 | 49.0 (7.5,-48.0) | 39.9 (34.9,16.7) | 60.07 94.94 | 0.88 1.00 | 122.6 180.0 | 45.36 | 0.00 26.37 | clr 25.37
st30.00 yaw8 pitch-3 gap0.00 | 43.8 (6.6,-43.0) | 37.8 (34.7,13.1) | 68.15 105.84 | 0.89 1.00 | 126.8 180.0 | 45.36 | 0.02 27.21 | clr 18.37
st30.00 yaw8 pitch-3 gap4.00 | 43.8 (6.6,-43.0) | 37.8 (34.5,13.4) | 68.14 103.28 | 0.89 1.00 | 126.8 180.0 | 45.36 | 0.01 29.06 | clr 21.14
st30.00 yaw8 pitch-3 gap8.00 | 43.8 (6.6,-43.0) | 37.7 (34.3,13.7) | 68.14 100.76 | 0.89 1.00 | 126.8 180.0 | 45.36 | 0.01 30.88 | clr 23.90
st30.00 yaw8 pitch-3 gap12.00 | 43.8 (6.6,-43.0) | 37.7 (34.1,14.0) | 68.15 98.28 | 0.89 1.00 | 126.8 180.0 | 45.36 | 0.02 32.70 | clr 26.62
st30.00 yaw8 pitch-4 gap0.00 | 38.2 (5.6,-37.6) | 36.7 (34.6,10.7) | 79.49 111.68 | 0.91 1.00 | 131.8 180.0 | 45.36 | 0.01 35.12 | clr 23.22
st30.00 yaw8 pitch-4 gap4.00 | 38.2 (5.6,-37.6) | 36.6 (34.4,11.0) | 79.49 109.03 | 0.91 1.00 | 131.8 180.0 | 45.36 | 0.01 36.90 | clr 25.62
st30.00 yaw8 pitch-4 gap8.00 | 38.2 (5.6,-37.6) | 36.5 (34.2,11.3) | 79.49 106.42 | 0.91 1.00 | 131.8 180.0 | 45.36 | 0.01 38.68 | clr 28.08
st30.00 yaw8 pitch-4 gap12.00 | 38.2 (5.6,-37.6) | 36.5 (34.0,11.6) | 79.49 103.83 | 0.91 1.00 | 131.8 180.0 | 45.36 | 0.01 40.46 | clr 30.59
st30.00 yaw8 pitch-5 gap0.00 | 32.2 (4.5,-31.8) | 35.6 (34.3,8.4) | 93.02 118.19 | 0.93 1.00 | 137.9 180.0 | 45.36 | 0.01 43.80 | clr 31.07
st30.00 yaw8 pitch-5 gap4.00 | 32.2 (4.5,-31.8) | 35.6 (34.2,8.7) | 93.02 115.48 | 0.93 1.00 | 137.9 180.0 | 45.36 | 0.01 45.52 | clr 33.01
st30.00 yaw8 pitch-5 gap8.00 | 32.2 (4.5,-31.8) | 35.5 (34.0,9.0) | 93.01 112.80 | 0.93 1.00 | 137.9 180.0 | 45.36 | 0.00 47.25 | clr 35.07
st30.00 yaw8 pitch-5 gap12.00 | 32.2 (4.5,-31.8) | 35.4 (33.8,9.3) | 93.02 110.15 | 0.93 1.00 | 137.9 180.0 | 45.36 | 0.01 48.96 | clr 37.23
st30.00 yaw8 pitch-6 gap0.00 | 25.5 (3.1,-25.3) | 33.8 (33.2,5.8) | 107.84 124.47 | 0.96 1.00 | 145.5 180.0 | 45.36 | 0.02 52.64 | clr 39.64
st30.00 yaw8 pitch-6 gap4.00 | 25.5 (3.1,-25.3) | 33.7 (33.0,6.1) | 107.85 121.73 | 0.96 1.00 | 145.5 180.0 | 45.36 | 0.02 54.29 | clr 41.25
st30.00 yaw8 pitch-6 gap8.00 | 25.5 (3.1,-25.3) | 33.7 (32.9,6.4) | 107.85 119.01 | 0.96 1.00 | 145.5 180.0 | 45.36 | 0.02 55.96 | clr 42.98
st30.00 yaw8 pitch-6 gap12.00 | 25.5 (3.1,-25.3) | 33.6 (32.7,6.8) | 107.85 116.30 | 0.96 1.00 | 145.5 180.0 | 45.36 | 0.02 57.61 | clr 44.83
st30.00 yaw8 pitch-7 gap0.00 | 17.5 (1.2,-17.5) | 33.1 (32.8,3.6) | 123.53 131.65 | 0.98 1.00 | 156.1 180.0 | 45.36 | 0.02 62.83 | clr 48.68
st30.00 yaw8 pitch-7 gap4.00 | 17.5 (1.2,-17.5) | 33.0 (32.7,3.9) | 123.52 128.87 | 0.98 1.00 | 156.1 180.0 | 45.36 | 0.01 64.43 | clr 50.50
st30.00 yaw8 pitch-7 gap8.00 | 17.5 (1.2,-17.5) | 32.9 (32.6,4.3) | 123.52 126.13 | 0.98 1.00 | 156.1 180.0 | 45.36 | 0.01 66.02 | clr 52.41
st30.00 yaw8 pitch-7 gap12.00 | 17.5 (1.2,-17.5) | 32.8 (32.4,4.6) | 123.53 123.41 | 0.98 1.00 | 156.1 180.0 | 45.36 | 0.02 67.60 | clr 54.26
st20.00 yaw0 pitch0 gap0.00 | 59.0 (24.3,-48.7) | 53.7 (28.1,40.9) | 44.07 34.24 | 0.86 0.94 | 119.4 139.0 | 45.36 | 0.00 0.00 | clr 0.46
st20.00 yaw0 pitch0 gap4.00 | 59.0 (24.3,-48.7) | 52.7 (27.7,40.2) | 44.07 31.07 | 0.86 0.94 | 119.4 141.3 | 45.36 | 0.00 0.00 | clr 3.56
st20.00 yaw0 pitch0 gap8.00 | 59.0 (24.3,-48.7) | 51.5 (27.2,39.4) | 44.07 28.11 | 0.86 0.95 | 119.4 143.7 | 45.36 | 0.00 0.01 | clr 6.72
st20.00 yaw0 pitch0 gap12.00 | 59.0 (24.3,-48.7) | 50.3 (26.8,38.6) | 44.07 25.44 | 0.86 0.96 | 119.4 146.3 | 45.36 | 0.00 0.01 | clr 10.46
st20.00 yaw0 pitch-2 gap0.00 | 49.1 (23.1,-40.2) | 42.5 (26.7,30.3) | 46.27 56.84 | 0.89 0.97 | 126.5 150.7 | 45.36 | 0.01 0.00 | clr 0.45
st20.00 yaw0 pitch-2 gap4.00 | 49.1 (23.1,-40.2) | 41.1 (26.1,29.3) | 46.26 54.66 | 0.89 0.97 | 126.5 153.7 | 45.36 | 0.02 0.01 | clr 3.32
st20.00 yaw0 pitch-2 gap8.00 | 49.1 (23.1,-40.2) | 39.5 (25.4,28.0) | 46.27 52.70 | 0.89 0.98 | 126.5 157.1 | 45.36 | 0.01 0.01 | clr 6.59
st20.00 yaw0 pitch-2 gap12.00 | 49.1 (23.1,-40.2) | 37.6 (24.6,26.5) | 46.27 50.97 | 0.89 0.99 | 126.5 161.2 | 45.36 | 0.01 0.00 | clr 10.39
st20.00 yaw0 pitch-3 gap0.00 | 44.3 (22.6,-35.7) | 35.6 (25.2,23.3) | 57.49 71.74 | 0.91 0.99 | 131.4 160.5 | 45.36 | 0.00 0.00 | clr 0.50
st20.00 yaw0 pitch-3 gap4.00 | 44.3 (22.6,-35.7) | 33.4 (24.3,21.5) | 57.49 69.88 | 0.91 0.99 | 131.4 165.2 | 45.36 | 0.00 0.00 | clr 3.57
st20.00 yaw0 pitch-3 gap8.00 | 44.3 (22.6,-35.7) | 30.1 (22.9,18.4) | 57.49 68.20 | 0.91 1.00 | 131.4 172.4 | 45.36 | 0.00 0.01 | clr 6.76
st20.00 yaw0 pitch-3 gap12.00 | 44.3 (22.6,-35.7) | 26.6 (21.3,15.2) | 57.48 66.06 | 0.91 1.00 | 131.4 180.0 | 45.36 | 0.01 1.28 | clr 9.55
st20.00 yaw0 pitch-4 gap0.00 | 38.6 (21.4,-30.4) | 24.0 (20.8,11.5) | 70.89 86.73 | 0.93 1.00 | 137.1 180.0 | 45.36 | 0.02 1.45 | clr 2.43
st20.00 yaw0 pitch-4 gap4.00 | 38.6 (21.4,-30.4) | 24.1 (20.7,11.8) | 70.89 84.12 | 0.93 1.00 | 137.1 180.0 | 45.36 | 0.01 3.44 | clr 3.52
st20.00 yaw0 pitch-4 gap8.00 | 38.6 (21.4,-30.4) | 24.1 (20.5,12.1) | 70.89 81.57 | 0.93 1.00 | 137.1 180.0 | 45.36 | 0.01 5.42 | clr 5.88
st20.00 yaw0 pitch-4 gap12.00 | 38.6 (21.4,-30.4) | 24.2 (20.4,12.4) | 70.90 79.05 | 0.93 1.00 | 137.1 180.0 | 45.36 | 0.01 7.38 | clr 8.47
st20.00 yaw0 pitch-5 gap0.00 | 32.4 (20.0,-24.4) | 22.7 (20.6,8.9) | 86.05 99.47 | 0.95 1.00 | 144.2 180.0 | 45.36 | 0.02 8.93 | clr 12.44
st20.00 yaw0 pitch-5 gap4.00 | 32.4 (20.0,-24.4) | 22.7 (20.5,9.3) | 86.05 96.82 | 0.95 1.00 | 144.2 180.0 | 45.36 | 0.02 10.87 | clr 12.72
st20.00 yaw0 pitch-5 gap8.00 | 32.4 (20.0,-24.4) | 22.7 (20.4,9.6) | 86.05 94.21 | 0.95 1.00 | 144.2 180.0 | 45.36 | 0.02 12.80 | clr 13.61
st20.00 yaw0 pitch-5 gap12.00 | 32.4 (20.0,-24.4) | 22.8 (20.3,9.9) | 86.05 91.65 | 0.95 1.00 | 144.2 180.0 | 45.36 | 0.02 14.72 | clr 14.99
st20.00 yaw0 pitch-6 gap0.00 | 25.3 (17.9,-17.3) | 21.6 (20.5,6.5) | 102.19 111.65 | 0.97 1.00 | 153.9 180.0 | 45.36 | 0.00 17.37 | clr 14.75
st20.00 yaw0 pitch-6 gap4.00 | 25.3 (17.9,-17.3) | 21.6 (20.4,6.9) | 102.19 108.98 | 0.97 1.00 | 153.9 180.0 | 45.36 | 0.00 19.25 | clr 15.29
st20.00 yaw0 pitch-6 gap8.00 | 25.3 (17.9,-17.3) | 21.6 (20.3,7.2) | 102.19 106.33 | 0.97 1.00 | 153.9 180.0 | 45.36 | 0.00 21.12 | clr 16.31
st20.00 yaw0 pitch-6 gap12.00 | 25.3 (17.9,-17.3) | 21.6 (20.1,7.5) | 102.19 103.73 | 0.97 1.00 | 153.9 180.0 | 45.36 | 0.01 22.98 | clr 17.72
st20.00 yaw0 pitch-7 gap0.00 | 16.0 (14.9,-5.7) | 19.8 (19.3,3.9) | 118.95 123.49 | 1.00 1.00 | 173.2 180.0 | 45.36 | 0.01 26.49 | clr 13.67
st20.00 yaw0 pitch-7 gap4.00 | 16.0 (14.9,-5.7) | 19.7 (19.2,4.3) | 118.95 120.79 | 1.00 1.00 | 173.2 180.0 | 45.36 | 0.00 28.31 | clr 14.42
st20.00 yaw0 pitch-7 gap8.00 | 16.0 (14.9,-5.7) | 19.7 (19.1,4.6) | 118.95 118.14 | 1.00 1.00 | 173.2 180.0 | 45.36 | 0.01 30.11 | clr 15.68
st20.00 yaw0 pitch-7 gap12.00 | 16.0 (14.9,-5.7) | 19.7 (19.0,5.0) | 118.95 115.50 | 1.00 1.00 | 173.2 180.0 | 45.36 | 0.01 31.91 | clr 17.32
st20.00 yaw-4 pitch0 gap0.00 | 58.0 (30.9,-42.4) | 54.6 (21.7,46.6) | 82.43 36.59 | 0.90 0.91 | 127.0 131.5 | 45.36 | 0.01 0.01 | clr 0.52
st20.00 yaw-4 pitch0 gap4.00 | 58.0 (30.9,-42.4) | 53.7 (21.4,46.0) | 82.44 33.71 | 0.90 0.92 | 127.0 133.5 | 45.36 | 0.00 0.00 | clr 3.58
st20.00 yaw-4 pitch0 gap8.00 | 58.0 (30.9,-42.4) | 52.8 (21.0,45.3) | 82.43 31.08 | 0.90 0.93 | 127.0 135.6 | 45.36 | 0.01 0.00 | clr 6.78
st20.00 yaw-4 pitch0 gap12.00 | 58.0 (30.9,-42.4) | 51.8 (20.7,44.6) | 82.43 28.77 | 0.90 0.93 | 127.0 137.8 | 45.36 | 0.01 0.00 | clr 10.51
st20.00 yaw-4 pitch-2 gap0.00 | 48.5 (29.9,-34.0) | 43.6 (20.4,36.5) | 86.10 59.64 | 0.93 0.94 | 135.7 140.7 | 45.36 | 0.01 0.00 | clr 0.44
st20.00 yaw-4 pitch-2 gap4.00 | 48.5 (29.9,-34.0) | 42.6 (20.0,35.7) | 86.10 57.61 | 0.93 0.95 | 135.7 143.0 | 45.36 | 0.01 0.00 | clr 3.41
st20.00 yaw-4 pitch-2 gap8.00 | 48.5 (29.9,-34.0) | 41.5 (19.5,34.9) | 86.10 55.80 | 0.93 0.96 | 135.7 145.5 | 45.36 | 0.01 0.00 | clr 6.64
st20.00 yaw-4 pitch-2 gap12.00 | 48.5 (29.9,-34.0) | 40.2 (19.0,33.9) | 86.10 54.22 | 0.93 0.96 | 135.7 148.2 | 45.36 | 0.01 0.00 | clr 10.42
st20.00 yaw-4 pitch-3 gap0.00 | 43.0 (28.8,-28.9) | 37.7 (19.6,30.7) | 92.51 73.74 | 0.94 0.96 | 141.4 147.4 | 45.36 | 0.01 0.01 | clr 0.44
st20.00 yaw-4 pitch-3 gap4.00 | 43.0 (28.8,-28.9) | 36.5 (19.1,29.8) | 92.51 71.97 | 0.94 0.97 | 141.4 150.1 | 45.36 | 0.01 0.01 | clr 3.41
st20.00 yaw-4 pitch-3 gap8.00 | 43.0 (28.8,-28.9) | 35.1 (18.5,28.7) | 92.51 70.37 | 0.94 0.97 | 141.4 153.1 | 45.36 | 0.01 0.00 | clr 6.64
st20.00 yaw-4 pitch-3 gap12.00 | 43.0 (28.8,-28.9) | 33.6 (17.9,27.3) | 92.52 68.97 | 0.94 0.98 | 141.4 156.5 | 45.36 | 0.01 0.00 | clr 10.42
st20.00 yaw-4 pitch-4 gap0.00 | 37.6 (27.8,-23.1) | 30.2 (17.6,23.6) | 102.91 89.65 | 0.96 0.98 | 149.2 156.4 | 45.36 | 0.00 0.00 | clr 0.44
st20.00 yaw-4 pitch-4 gap4.00 | 37.6 (27.8,-23.1) | 28.5 (16.9,22.2) | 102.91 88.05 | 0.96 0.99 | 149.2 160.2 | 45.36 | 0.00 0.00 | clr 3.40
st20.00 yaw-4 pitch-4 gap8.00 | 37.6 (27.8,-23.1) | 26.3 (16.0,20.3) | 102.91 86.62 | 0.96 0.99 | 149.2 164.8 | 45.36 | 0.00 0.01 | clr 6.64
st20.00 yaw-4 pitch-4 gap12.00 | 37.6 (27.8,-23.1) | 23.0 (14.7,17.2) | 102.91 85.35 | 0.96 1.00 | 149.2 171.9 | 45.36 | 0.00 0.00 | clr 10.41
st20.00 yaw-4 pitch-5 gap0.00 | 30.5 (25.5,-15.6) | 17.8 (13.9,10.9) | 114.15 105.25 | 0.98 1.00 | 159.9 177.6 | 45.36 | 0.00 0.00 | clr 0.44
st20.00 yaw-4 pitch-5 gap4.00 | 30.5 (25.5,-15.6) | 16.9 (13.3,10.1) | 114.15 103.00 | 0.98 1.00 | 159.9 180.0 | 45.36 | 0.00 1.92 | clr 2.55
st20.00 yaw-4 pitch-5 gap8.00 | 30.5 (25.5,-15.6) | 17.0 (13.3,10.4) | 114.15 100.76 | 0.98 1.00 | 159.9 180.0 | 45.36 | 0.00 3.90 | clr 5.33
st20.00 yaw-4 pitch-5 gap12.00 | 30.5 (25.5,-15.6) | 17.1 (13.2,10.8) | 114.15 98.58 | 0.98 1.00 | 159.9 180.0 | 45.36 | 0.00 5.87 | clr 8.08
st20.00 yaw-4 pitch-6 gap0.00 | 21.5 (21.1,-3.7) | 14.4 (12.4,7.1) | 125.30 118.72 | 1.00 1.00 | 180.0 180.0 | 45.36 | 2.61 7.67 | clr 8.36
st20.00 yaw-4 pitch-6 gap4.00 | 21.5 (21.1,-3.7) | 14.5 (12.4,7.4) | 125.30 116.35 | 1.00 1.00 | 180.0 180.0 | 45.36 | 2.61 9.61 | clr 8.93
st20.00 yaw-4 pitch-6 gap8.00 | 21.5 (21.1,-3.7) | 14.6 (12.3,7.8) | 125.30 114.02 | 1.00 1.00 | 180.0 180.0 | 45.36 | 2.61 11.55 | clr 10.30
st20.00 yaw-4 pitch-6 gap12.00 | 21.5 (21.1,-3.7) | 14.7 (12.2,8.1) | 125.29 111.74 | 1.00 1.00 | 180.0 180.0 | 45.36 | 2.61 13.48 | clr 12.17
st20.00 yaw-4 pitch-7 gap0.00 | 21.2 (21.2,-1.4) | 13.2 (12.3,4.7) | 133.73 130.72 | 1.00 1.00 | 180.0 180.0 | 45.36 | 12.16 16.53 | clr 12.67
st20.00 yaw-4 pitch-7 gap4.00 | 21.2 (21.2,-1.4) | 13.3 (12.3,5.0) | 133.73 128.27 | 1.00 1.00 | 180.0 180.0 | 45.36 | 12.17 18.41 | clr 13.24
st20.00 yaw-4 pitch-7 gap8.00 | 21.2 (21.2,-1.4) | 13.4 (12.2,5.4) | 133.73 125.86 | 1.00 1.00 | 180.0 180.0 | 45.36 | 12.17 20.28 | clr 14.38
st20.00 yaw-4 pitch-7 gap12.00 | 21.2 (21.2,-1.4) | 13.4 (12.1,5.7) | 133.73 123.49 | 1.00 1.00 | 180.0 180.0 | 45.36 | 12.16 22.16 | clr 15.96
st20.00 yaw-8 pitch0 gap0.00 | 56.4 (37.0,-35.1) | 54.5 (14.4,50.8) | 125.85 69.97 | 0.94 0.90 | 139.1 127.1 | 45.36 | 0.08 0.01 | clr 0.57
st20.00 yaw-8 pitch0 gap4.00 | 56.4 (37.0,-35.1) | 53.7 (14.1,50.2) | 125.85 68.45 | 0.94 0.90 | 139.1 129.0 | 45.36 | 0.08 0.00 | clr 3.58
st20.00 yaw-8 pitch0 gap8.00 | 56.4 (37.0,-35.1) | 52.9 (13.9,49.5) | 125.85 67.14 | 0.94 0.91 | 139.1 131.0 | 45.36 | 0.08 0.01 | clr 6.79
st20.00 yaw-8 pitch0 gap12.00 | 56.4 (37.0,-35.1) | 52.0 (13.6,48.7) | 125.85 66.05 | 0.94 0.92 | 139.1 133.0 | 45.36 | 0.08 0.00 | clr 10.50
st20.00 yaw-8 pitch-2 gap0.00 | 46.2 (35.4,-25.4) | 44.0 (13.5,40.9) | 129.88 84.73 | 0.97 0.93 | 151.2 135.5 | 45.36 | 0.01 0.00 | clr 0.58
st20.00 yaw-8 pitch-2 gap4.00 | 46.2 (35.4,-25.4) | 43.1 (13.2,40.1) | 129.88 83.28 | 0.97 0.93 | 151.2 137.7 | 45.36 | 0.01 0.01 | clr 3.59
st20.00 yaw-8 pitch-2 gap8.00 | 46.2 (35.4,-25.4) | 42.2 (12.9,39.3) | 129.88 81.99 | 0.97 0.94 | 151.2 139.9 | 45.36 | 0.01 0.01 | clr 6.83
st20.00 yaw-8 pitch-2 gap12.00 | 46.2 (35.4,-25.4) | 41.2 (12.5,38.4) | 129.88 80.87 | 0.97 0.95 | 151.2 142.3 | 45.36 | 0.01 0.00 | clr 10.54
st20.00 yaw-8 pitch-3 gap0.00 | 39.6 (33.5,-18.6) | 37.9 (12.4,35.1) | 134.69 96.65 | 0.99 0.94 | 160.9 141.3 | 45.36 | 0.00 0.00 | clr 0.44
st20.00 yaw-8 pitch-3 gap4.00 | 39.6 (33.5,-18.6) | 36.9 (12.1,34.3) | 134.68 95.26 | 0.99 0.95 | 160.9 143.6 | 45.36 | 0.00 0.01 | clr 3.44
st20.00 yaw-8 pitch-3 gap8.00 | 39.6 (33.5,-18.6) | 35.8 (11.7,33.3) | 134.69 94.02 | 0.99 0.96 | 160.9 146.2 | 45.36 | 0.00 0.01 | clr 6.65
st20.00 yaw-8 pitch-3 gap12.00 | 39.6 (33.5,-18.6) | 34.7 (11.3,32.3) | 134.68 92.93 | 0.99 0.96 | 160.9 148.9 | 45.36 | 0.00 0.00 | clr 10.43
st20.00 yaw-8 pitch-4 gap0.00 | 30.3 (29.2,-7.4) | 31.0 (10.9,28.6) | 140.43 110.03 | 1.00 0.96 | 180.0 148.7 | 45.36 | 1.94 0.01 | clr 1.95
st20.00 yaw-8 pitch-4 gap4.00 | 30.3 (29.2,-7.4) | 29.8 (10.4,27.6) | 140.42 108.70 | 1.00 0.97 | 180.0 151.5 | 45.36 | 1.94 0.00 | clr 5.12
st20.00 yaw-8 pitch-4 gap8.00 | 30.3 (29.2,-7.4) | 28.4 (9.9,26.3) | 140.42 107.50 | 1.00 0.98 | 180.0 154.7 | 45.36 | 1.94 0.00 | clr 8.45
st20.00 yaw-8 pitch-4 gap12.00 | 30.3 (29.2,-7.4) | 26.8 (9.3,24.9) | 140.42 106.45 | 1.00 0.98 | 180.0 158.3 | 45.36 | 1.94 0.00 | clr 12.20
st20.00 yaw-8 pitch-5 gap0.00 | 29.7 (29.2,-5.1) | 23.0 (9.4,20.8) | 145.14 123.15 | 1.00 0.98 | 180.0 159.2 | 45.36 | 10.42 0.01 | clr 12.85
st20.00 yaw-8 pitch-5 gap4.00 | 29.7 (29.2,-5.1) | 21.0 (8.6,19.0) | 145.14 121.85 | 1.00 0.99 | 180.0 163.6 | 45.36 | 10.43 0.01 | clr 15.39
st20.00 yaw-8 pitch-5 gap8.00 | 29.7 (29.2,-5.1) | 18.1 (7.6,16.4) | 145.15 120.69 | 1.00 1.00 | 180.0 169.6 | 45.36 | 10.42 0.02 | clr 18.26
st20.00 yaw-8 pitch-5 gap12.00 | 29.7 (29.2,-5.1) | 13.0 (5.8,11.5) | 145.14 119.37 | 1.00 1.00 | 180.0 180.0 | 45.36 | 10.42 0.66 | clr 20.71
st20.00 yaw-8 pitch-6 gap0.00 | 28.3 (28.2,-2.5) | 9.4 (5.0,7.9) | 149.59 137.50 | 1.00 1.00 | 180.0 180.0 | 45.36 | 19.34 2.03 | clr 13.90
st20.00 yaw-8 pitch-6 gap4.00 | 28.3 (28.2,-2.5) | 9.7 (5.0,8.2) | 149.59 135.42 | 1.00 1.00 | 180.0 180.0 | 45.36 | 19.34 4.02 | clr 13.98
st20.00 yaw-8 pitch-6 gap8.00 | 28.3 (28.2,-2.5) | 9.9 (5.0,8.6) | 149.59 133.39 | 1.00 1.00 | 180.0 180.0 | 45.36 | 19.34 5.99 | clr 14.60
st20.00 yaw-8 pitch-6 gap12.00 | 28.3 (28.2,-2.5) | 10.2 (5.0,8.9) | 149.59 131.40 | 1.00 1.00 | 180.0 180.0 | 45.36 | 19.35 7.94 | clr 15.68
st20.00 yaw-8 pitch-7 gap0.00 | 28.1 (28.1,-0.4) | 7.4 (5.1,5.4) | 155.34 148.38 | 1.00 1.00 | 180.0 180.0 | 45.36 | 29.68 10.45 | clr 7.19
st20.00 yaw-8 pitch-7 gap4.00 | 28.1 (28.1,-0.4) | 7.7 (5.0,5.8) | 155.34 146.18 | 1.00 1.00 | 180.0 180.0 | 45.36 | 29.68 12.38 | clr 7.12
st20.00 yaw-8 pitch-7 gap8.00 | 28.1 (28.1,-0.4) | 7.9 (5.0,6.1) | 155.34 144.03 | 1.00 1.00 | 180.0 180.0 | 45.36 | 29.68 14.30 | clr 8.13
st20.00 yaw-8 pitch-7 gap12.00 | 28.1 (28.1,-0.4) | 8.1 (5.0,6.4) | 155.34 141.91 | 1.00 1.00 | 180.0 180.0 | 45.36 | 29.67 16.21 | clr 9.85
st20.00 yaw-12 pitch0 gap0.00 | 50.7 (41.0,-24.3) | 54.3 (6.7,53.5) | 168.06 109.15 | 0.99 0.89 | 160.2 125.4 | 45.36 | 0.02 0.02 | clr 0.44
st20.00 yaw-12 pitch0 gap4.00 | 50.7 (41.0,-24.3) | 53.6 (6.5,52.8) | 168.06 108.10 | 0.99 0.90 | 160.2 127.3 | 45.36 | 0.01 0.01 | clr 3.41
st20.00 yaw-12 pitch0 gap8.00 | 50.7 (41.0,-24.3) | 52.8 (6.3,52.0) | 168.06 107.19 | 0.99 0.90 | 160.2 129.3 | 45.36 | 0.02 0.01 | clr 6.64
st20.00 yaw-12 pitch0 gap12.00 | 50.7 (41.0,-24.3) | 51.9 (6.1,51.3) | 168.06 106.42 | 0.99 0.91 | 160.2 131.3 | 45.36 | 0.02 0.02 | clr 10.41
st20.00 yaw-12 pitch-2 gap0.00 | 39.2 (37.0,-11.0) | 43.8 (5.6,43.3) | 168.87 120.37 | 1.00 0.92 | 180.0 133.6 | 45.36 | 6.47 0.01 | clr 8.08
st20.00 yaw-12 pitch-2 gap4.00 | 39.2 (37.0,-11.0) | 43.0 (5.4,42.5) | 168.87 119.25 | 1.00 0.93 | 180.0 135.7 | 45.36 | 6.47 0.01 | clr 10.95
st20.00 yaw-12 pitch-2 gap8.00 | 39.2 (37.0,-11.0) | 42.2 (5.1,41.7) | 168.87 118.27 | 1.00 0.93 | 180.0 137.9 | 45.36 | 6.47 0.01 | clr 14.05
st20.00 yaw-12 pitch-2 gap12.00 | 39.2 (37.0,-11.0) | 41.2 (4.9,40.8) | 168.87 117.42 | 1.00 0.94 | 180.0 140.2 | 45.36 | 6.47 0.00 | clr 17.44
st20.00 yaw-12 pitch-3 gap0.00 | 38.3 (36.9,-8.7) | 37.9 (4.6,37.5) | 169.95 129.87 | 1.00 0.94 | 180.0 139.2 | 45.36 | 14.08 0.01 | clr 14.70
st20.00 yaw-12 pitch-3 gap4.00 | 38.3 (36.9,-8.7) | 37.0 (4.3,36.6) | 169.95 128.75 | 1.00 0.94 | 180.0 141.4 | 45.36 | 14.08 0.00 | clr 15.45
st20.00 yaw-12 pitch-3 gap8.00 | 38.3 (36.9,-8.7) | 36.0 (4.0,35.7) | 169.95 127.76 | 1.00 0.95 | 180.0 143.9 | 45.36 | 14.08 0.00 | clr 17.12
st20.00 yaw-12 pitch-3 gap12.00 | 38.3 (36.9,-8.7) | 35.0 (3.7,34.7) | 169.95 126.89 | 1.00 0.96 | 180.0 146.5 | 45.36 | 14.08 0.00 | clr 19.48
st20.00 yaw-12 pitch-4 gap0.00 | 36.7 (36.0,-6.1) | 31.5 (3.8,31.2) | 170.78 139.29 | 1.00 0.96 | 180.0 146.0 | 45.36 | 21.87 0.00 | clr 11.32
st20.00 yaw-12 pitch-4 gap4.00 | 36.7 (36.0,-6.1) | 30.5 (3.4,30.2) | 170.78 138.17 | 1.00 0.96 | 180.0 148.6 | 45.36 | 21.87 0.00 | clr 13.78
st20.00 yaw-12 pitch-4 gap8.00 | 36.7 (36.0,-6.1) | 29.3 (3.1,29.1) | 170.78 137.16 | 1.00 0.97 | 180.0 151.5 | 45.36 | 21.87 0.01 | clr 16.84
st20.00 yaw-12 pitch-4 gap12.00 | 36.7 (36.0,-6.1) | 27.9 (2.6,27.8) | 170.78 136.25 | 1.00 0.98 | 180.0 154.7 | 45.36 | 21.87 0.00 | clr 20.23
st20.00 yaw-12 pitch-5 gap0.00 | 36.1 (35.8,-4.0) | 23.7 (1.9,23.6) | 173.43 151.54 | 1.00 0.98 | 180.0 155.6 | 45.36 | 31.22 0.01 | clr 15.21
st20.00 yaw-12 pitch-5 gap4.00 | 36.1 (35.8,-4.0) | 22.2 (1.4,22.1) | 173.44 150.43 | 1.00 0.98 | 180.0 159.2 | 45.36 | 31.22 0.00 | clr 18.30
st20.00 yaw-12 pitch-5 gap8.00 | 36.1 (35.8,-4.0) | 20.2 (0.8,20.2) | 173.44 149.41 | 1.00 0.99 | 180.0 163.7 | 45.36 | 31.22 0.01 | clr 21.69
st20.00 yaw-12 pitch-5 gap12.00 | 36.1 (35.8,-4.0) | 17.4 (-0.2,17.4) | 173.44 148.49 | 1.00 1.00 | 180.0 169.9 | 45.36 | 31.22 0.01 | clr 25.25
st20.00 yaw-12 pitch-6 gap0.00 | 34.8 (34.7,-1.5) | 9.5 (-2.4,9.2) | 175.70 164.75 | 1.00 1.00 | 180.0 179.0 | 45.36 | 40.70 0.00 | clr 23.62
st20.00 yaw-12 pitch-6 gap4.00 | 34.8 (34.7,-1.5) | 9.3 (-2.5,9.0) | 175.70 162.83 | 1.00 1.00 | 180.0 180.0 | 45.36 | 40.70 1.98 | clr 23.61
st20.00 yaw-12 pitch-6 gap8.00 | 34.8 (34.7,-1.5) | 9.7 (-2.5,9.3) | 175.70 160.96 | 1.00 1.00 | 180.0 180.0 | 45.36 | 40.70 3.96 | clr 23.89
st20.00 yaw-12 pitch-6 gap12.00 | 34.8 (34.7,-1.5) | 10.0 (-2.5,9.7) | 175.70 159.13 | 1.00 1.00 | 180.0 180.0 | 45.36 | 40.70 5.93 | clr 24.46
st20.00 yaw-12 pitch-7 gap0.00 | 34.5 (34.5,0.6) | 6.6 (-2.4,6.1) | 179.30 173.84 | 1.00 1.00 | 180.0 180.0 | 45.36 | 51.67 8.14 | clr 24.14
st20.00 yaw-12 pitch-7 gap4.00 | 34.5 (34.5,0.6) | 6.9 (-2.4,6.5) | 179.30 171.78 | 1.00 1.00 | 180.0 180.0 | 45.36 | 51.68 10.09 | clr 23.89
st20.00 yaw-12 pitch-7 gap8.00 | 34.5 (34.5,0.6) | 7.2 (-2.4,6.8) | 179.30 169.78 | 1.00 1.00 | 180.0 180.0 | 45.36 | 51.68 12.02 | clr 23.97
st20.00 yaw-12 pitch-7 gap12.00 | 34.5 (34.5,0.6) | 7.5 (-2.3,7.1) | 179.30 167.80 | 1.00 1.00 | 180.0 180.0 | 45.36 | 51.68 13.94 | clr 24.35
st20.00 yaw4 pitch0 gap0.00 | 59.5 (17.1,-54.2) | 51.4 (33.7,33.4) | 30.37 65.86 | 0.84 0.97 | 114.6 152.2 | 45.36 | 0.01 0.01 | clr 0.54
st20.00 yaw4 pitch0 gap4.00 | 59.5 (17.1,-54.2) | 49.8 (33.1,32.3) | 30.37 64.13 | 0.84 0.98 | 114.6 155.5 | 45.36 | 0.00 0.00 | clr 3.58
st20.00 yaw4 pitch0 gap8.00 | 59.5 (17.1,-54.2) | 48.0 (32.4,31.0) | 30.37 62.62 | 0.84 0.98 | 114.6 159.2 | 45.36 | 0.00 0.01 | clr 6.79
st20.00 yaw4 pitch0 gap12.00 | 59.5 (17.1,-54.2) | 45.8 (31.5,29.3) | 30.36 61.33 | 0.84 0.99 | 114.6 163.9 | 45.36 | 0.00 0.00 | clr 10.52
st20.00 yaw4 pitch-2 gap0.00 | 49.7 (15.8,-45.4) | 33.7 (28.8,15.9) | 32.67 80.00 | 0.87 1.00 | 121.1 180.0 | 45.36 | 0.00 0.51 | clr 1.07
st20.00 yaw4 pitch-2 gap4.00 | 49.7 (15.8,-45.4) | 33.7 (28.6,16.2) | 32.67 77.42 | 0.87 1.00 | 121.1 180.0 | 45.36 | 0.00 2.50 | clr 2.66
st20.00 yaw4 pitch-2 gap8.00 | 49.7 (15.8,-45.4) | 33.7 (28.5,16.5) | 32.68 74.88 | 0.87 1.00 | 121.1 180.0 | 45.36 | 0.00 4.47 | clr 5.31
st20.00 yaw4 pitch-2 gap12.00 | 49.7 (15.8,-45.4) | 33.7 (28.3,16.7) | 32.67 72.37 | 0.87 1.00 | 121.1 180.0 | 45.36 | 0.00 6.44 | clr 7.99
st20.00 yaw4 pitch-3 gap0.00 | 44.4 (14.9,-40.6) | 32.2 (28.7,13.3) | 46.08 88.72 | 0.89 1.00 | 125.4 180.0 | 45.36 | 0.00 6.87 | clr 9.75
st20.00 yaw4 pitch-3 gap4.00 | 44.4 (14.9,-40.6) | 32.2 (28.5,13.6) | 46.07 86.03 | 0.89 1.00 | 125.4 180.0 | 45.36 | 0.01 8.83 | clr 10.07
st20.00 yaw4 pitch-3 gap8.00 | 44.4 (14.9,-40.6) | 32.2 (28.4,13.9) | 46.07 83.38 | 0.89 1.00 | 125.4 180.0 | 45.36 | 0.00 10.77 | clr 11.12
st20.00 yaw4 pitch-3 gap12.00 | 44.4 (14.9,-40.6) | 32.2 (28.2,14.2) | 46.08 80.76 | 0.89 1.00 | 125.4 180.0 | 45.36 | 0.01 12.70 | clr 12.70
st20.00 yaw4 pitch-4 gap0.00 | 38.8 (13.9,-35.4) | 30.9 (28.6,10.8) | 61.93 98.18 | 0.91 1.00 | 130.5 180.0 | 45.36 | 0.00 14.16 | clr 17.65
st20.00 yaw4 pitch-4 gap4.00 | 38.8 (13.9,-35.4) | 30.9 (28.4,11.1) | 61.93 95.42 | 0.91 1.00 | 130.5 180.0 | 45.36 | 0.00 16.06 | clr 19.29
st20.00 yaw4 pitch-4 gap8.00 | 38.8 (13.9,-35.4) | 30.9 (28.2,11.5) | 61.93 92.70 | 0.91 1.00 | 130.5 180.0 | 45.36 | 0.00 17.96 | clr 19.89
st20.00 yaw4 pitch-4 gap12.00 | 38.8 (13.9,-35.4) | 30.8 (28.1,11.8) | 61.93 90.00 | 0.91 1.00 | 130.5 180.0 | 45.36 | 0.00 19.85 | clr 20.86
st20.00 yaw4 pitch-5 gap0.00 | 32.8 (12.6,-29.7) | 28.9 (27.5,8.1) | 78.78 107.52 | 0.93 1.00 | 136.6 180.0 | 45.36 | 0.00 21.89 | clr 17.19
st20.00 yaw4 pitch-5 gap4.00 | 32.8 (12.6,-29.7) | 28.8 (27.3,8.4) | 78.78 104.73 | 0.93 1.00 | 136.6 180.0 | 45.36 | 0.01 23.74 | clr 17.99
st20.00 yaw4 pitch-5 gap8.00 | 32.8 (12.6,-29.7) | 28.8 (27.2,8.8) | 78.78 101.96 | 0.93 1.00 | 136.6 180.0 | 45.36 | 0.00 25.58 | clr 19.19
st20.00 yaw4 pitch-5 gap12.00 | 32.8 (12.6,-29.7) | 28.8 (27.0,9.1) | 78.78 99.22 | 0.93 1.00 | 136.6 180.0 | 45.36 | 0.00 27.43 | clr 20.70
st20.00 yaw4 pitch-6 gap0.00 | 26.7 (11.8,-23.6) | 27.9 (27.2,5.8) | 95.36 117.39 | 0.95 1.00 | 144.2 180.0 | 45.36 | 0.00 30.96 | clr 20.50
st20.00 yaw4 pitch-6 gap4.00 | 26.7 (11.8,-23.6) | 27.9 (27.1,6.1) | 95.36 114.57 | 0.95 1.00 | 144.2 180.0 | 45.36 | 0.01 32.74 | clr 21.24
st20.00 yaw4 pitch-6 gap8.00 | 26.7 (11.8,-23.6) | 27.8 (27.0,6.4) | 95.36 111.78 | 0.95 1.00 | 144.2 180.0 | 45.36 | 0.01 34.53 | clr 22.33
st20.00 yaw4 pitch-6 gap12.00 | 26.7 (11.8,-23.6) | 27.8 (26.8,6.7) | 95.36 109.02 | 0.95 1.00 | 144.2 180.0 | 45.36 | 0.00 36.30 | clr 23.73
st20.00 yaw4 pitch-7 gap0.00 | 18.8 (9.8,-15.9) | 26.2 (26.0,3.2) | 112.96 126.87 | 0.98 1.00 | 154.6 180.0 | 45.36 | 0.01 40.43 | clr 27.64
st20.00 yaw4 pitch-7 gap4.00 | 18.8 (9.8,-15.9) | 26.1 (25.9,3.5) | 112.97 124.05 | 0.98 1.00 | 154.6 180.0 | 45.36 | 0.01 42.14 | clr 28.28
st20.00 yaw4 pitch-7 gap8.00 | 18.8 (9.8,-15.9) | 26.1 (25.7,3.9) | 112.97 121.25 | 0.98 1.00 | 154.6 180.0 | 45.36 | 0.01 43.85 | clr 29.22
st20.00 yaw4 pitch-7 gap12.00 | 18.8 (9.8,-15.9) | 26.0 (25.6,4.2) | 112.97 118.49 | 0.98 1.00 | 154.6 180.0 | 45.36 | 0.02 45.55 | clr 30.40
st20.00 yaw8 pitch0 gap0.00 | 60.2 (9.5,-58.4) | 43.1 (36.2,20.2) | 61.73 102.51 | 0.83 1.00 | 112.3 180.0 | 45.36 | 0.00 4.14 | clr 6.18
st20.00 yaw8 pitch0 gap4.00 | 60.2 (9.5,-58.4) | 43.1 (35.9,20.5) | 61.74 100.32 | 0.83 1.00 | 112.3 180.0 | 45.36 | 0.01 6.10 | clr 6.63
st20.00 yaw8 pitch0 gap8.00 | 60.2 (9.5,-58.4) | 43.0 (35.7,20.7) | 61.74 98.17 | 0.83 1.00 | 112.3 180.0 | 45.36 | 0.01 8.06 | clr 8.05
st20.00 yaw8 pitch0 gap12.00 | 60.2 (9.5,-58.4) | 43.0 (35.4,21.0) | 61.73 96.05 | 0.83 1.00 | 112.3 180.0 | 45.36 | 0.00 10.01 | clr 10.02
st20.00 yaw8 pitch-2 gap0.00 | 50.4 (8.0,-49.2) | 40.2 (36.1,15.1) | 63.32 108.36 | 0.86 1.00 | 118.6 180.0 | 45.36 | 0.01 16.03 | clr 18.67
st20.00 yaw8 pitch-2 gap4.00 | 50.4 (8.0,-49.2) | 40.1 (35.9,15.4) | 63.32 105.83 | 0.86 1.00 | 118.6 180.0 | 45.36 | 0.01 17.93 | clr 21.38
st20.00 yaw8 pitch-2 gap8.00 | 50.4 (8.0,-49.2) | 40.0 (35.7,15.7) | 63.32 103.34 | 0.86 1.00 | 118.6 180.0 | 45.36 | 0.00 19.83 | clr 22.31
st20.00 yaw8 pitch-2 gap12.00 | 50.4 (8.0,-49.2) | 40.0 (35.5,16.0) | 63.32 100.89 | 0.86 1.00 | 118.6 180.0 | 45.36 | 0.01 21.70 | clr 23.17
st20.00 yaw8 pitch-3 gap0.00 | 45.1 (7.1,-44.3) | 38.0 (35.2,12.3) | 71.33 112.39 | 0.88 1.00 | 122.6 180.0 | 45.36 | 0.01 22.59 | clr 18.80
st20.00 yaw8 pitch-3 gap4.00 | 45.1 (7.1,-44.3) | 37.9 (35.0,12.6) | 71.33 109.75 | 0.88 1.00 | 122.6 180.0 | 45.36 | 0.01 24.45 | clr 21.65
st20.00 yaw8 pitch-3 gap8.00 | 45.1 (7.1,-44.3) | 37.8 (34.8,12.9) | 71.33 107.14 | 0.88 1.00 | 122.6 180.0 | 45.36 | 0.02 26.29 | clr 23.79
st20.00 yaw8 pitch-3 gap12.00 | 45.1 (7.1,-44.3) | 37.8 (34.6,13.2) | 71.32 104.54 | 0.88 1.00 | 122.6 180.0 | 45.36 | 0.00 28.14 | clr 25.23
st20.00 yaw8 pitch-4 gap0.00 | 39.6 (6.1,-39.0) | 36.8 (35.0,9.9) | 82.56 118.43 | 0.90 1.00 | 127.4 180.0 | 45.36 | 0.01 30.64 | clr 20.94
st20.00 yaw8 pitch-4 gap4.00 | 39.6 (6.1,-39.0) | 36.8 (34.8,10.3) | 82.57 115.71 | 0.90 1.00 | 127.4 180.0 | 45.36 | 0.00 32.42 | clr 23.69
st20.00 yaw8 pitch-4 gap8.00 | 39.6 (6.1,-39.0) | 36.7 (34.7,10.6) | 82.55 113.01 | 0.90 1.00 | 127.4 180.0 | 45.36 | 0.01 34.22 | clr 26.45
st20.00 yaw8 pitch-4 gap12.00 | 39.6 (6.1,-39.0) | 36.6 (34.5,10.9) | 82.56 110.35 | 0.90 1.00 | 127.4 180.0 | 45.36 | 0.01 36.01 | clr 28.42
st20.00 yaw8 pitch-5 gap0.00 | 33.8 (5.0,-33.3) | 35.9 (34.8,7.6) | 95.93 125.06 | 0.92 1.00 | 133.2 180.0 | 45.36 | 0.00 39.50 | clr 27.42
st20.00 yaw8 pitch-5 gap4.00 | 33.8 (5.0,-33.3) | 35.8 (34.6,7.9) | 95.93 122.29 | 0.92 1.00 | 133.2 180.0 | 45.36 | 0.00 41.22 | clr 29.69
st20.00 yaw8 pitch-5 gap8.00 | 33.8 (5.0,-33.3) | 35.7 (34.4,8.3) | 95.93 119.54 | 0.92 1.00 | 133.2 180.0 | 45.36 | 0.00 42.95 | clr 32.06
st20.00 yaw8 pitch-5 gap12.00 | 33.8 (5.0,-33.3) | 35.6 (34.3,8.6) | 95.93 116.82 | 0.92 1.00 | 133.2 180.0 | 45.36 | 0.00 44.67 | clr 34.30
st20.00 yaw8 pitch-6 gap0.00 | 27.4 (3.7,-27.1) | 34.1 (33.6,5.0) | 110.65 131.44 | 0.94 1.00 | 140.2 180.0 | 45.36 | 0.01 48.49 | clr 35.50
st20.00 yaw8 pitch-6 gap4.00 | 27.4 (3.7,-27.1) | 34.0 (33.4,5.3) | 110.65 128.63 | 0.94 1.00 | 140.2 180.0 | 45.36 | 0.01 50.15 | clr 37.36
st20.00 yaw8 pitch-6 gap8.00 | 27.4 (3.7,-27.1) | 33.9 (33.3,5.7) | 110.66 125.85 | 0.94 1.00 | 140.2 180.0 | 45.36 | 0.02 51.81 | clr 39.35
st20.00 yaw8 pitch-6 gap12.00 | 27.4 (3.7,-27.1) | 33.8 (33.1,6.0) | 110.65 123.09 | 0.94 1.00 | 140.2 180.0 | 45.36 | 0.01 53.47 | clr 41.44
st20.00 yaw8 pitch-7 gap0.00 | 20.1 (2.1,-20.0) | 33.4 (33.2,2.8) | 126.24 138.65 | 0.96 1.00 | 149.2 180.0 | 45.36 | 0.01 58.88 | clr 45.94
st20.00 yaw8 pitch-7 gap4.00 | 20.1 (2.1,-20.0) | 33.3 (33.1,3.2) | 126.25 135.83 | 0.96 1.00 | 149.2 180.0 | 45.36 | 0.01 60.46 | clr 47.47
st20.00 yaw8 pitch-7 gap8.00 | 20.1 (2.1,-20.0) | 33.2 (32.9,3.5) | 126.25 133.03 | 0.96 1.00 | 149.2 180.0 | 45.36 | 0.01 62.05 | clr 49.12
st20.00 yaw8 pitch-7 gap12.00 | 20.1 (2.1,-20.0) | 33.0 (32.8,3.8) | 126.24 130.25 | 0.96 1.00 | 149.2 180.0 | 45.36 | 0.01 63.63 | clr 50.71
st12.00 yaw0 pitch0 gap0.00 | 60.2 (24.8,-49.4) | 55.7 (28.9,42.1) | 48.82 41.03 | 0.85 0.92 | 116.3 134.8 | 45.36 | 0.02 0.01 | clr 0.46
st12.00 yaw0 pitch0 gap4.00 | 60.2 (24.8,-49.4) | 54.7 (28.5,41.5) | 48.82 37.58 | 0.85 0.93 | 116.3 136.9 | 45.36 | 0.02 0.01 | clr 3.56
st12.00 yaw0 pitch0 gap8.00 | 60.2 (24.8,-49.4) | 53.7 (28.1,40.9) | 48.82 34.25 | 0.85 0.94 | 116.3 139.0 | 45.36 | 0.02 0.01 | clr 6.72
st12.00 yaw0 pitch0 gap12.00 | 60.2 (24.8,-49.4) | 52.7 (27.7,40.2) | 48.83 31.07 | 0.85 0.94 | 116.3 141.3 | 45.36 | 0.01 0.00 | clr 10.47
st12.00 yaw0 pitch-2 gap0.00 | 50.3 (23.7,-41.0) | 44.9 (27.7,32.0) | 51.38 61.74 | 0.88 0.95 | 123.3 145.4 | 45.36 | 0.01 0.00 | clr 0.46
st12.00 yaw0 pitch-2 gap4.00 | 50.3 (23.7,-41.0) | 43.7 (27.2,31.2) | 51.37 59.21 | 0.88 0.96 | 123.3 147.9 | 45.36 | 0.01 0.02 | clr 3.31
st12.00 yaw0 pitch-2 gap8.00 | 50.3 (23.7,-41.0) | 42.5 (26.7,30.3) | 51.38 56.84 | 0.88 0.97 | 123.3 150.7 | 45.36 | 0.01 0.00 | clr 6.60
st12.00 yaw0 pitch-2 gap12.00 | 50.3 (23.7,-41.0) | 41.1 (26.1,29.3) | 51.38 54.66 | 0.88 0.97 | 123.3 153.7 | 45.36 | 0.01 0.00 | clr 10.39
st12.00 yaw0 pitch-3 gap0.00 | 45.5 (23.2,-36.5) | 38.7 (26.6,25.9) | 61.96 75.97 | 0.90 0.97 | 128.0 153.5 | 45.36 | 0.00 0.01 | clr 0.50
st12.00 yaw0 pitch-3 gap4.00 | 45.5 (23.2,-36.5) | 37.3 (26.0,24.7) | 61.96 73.79 | 0.90 0.98 | 128.0 156.7 | 45.36 | 0.01 0.00 | clr 3.58
st12.00 yaw0 pitch-3 gap8.00 | 45.5 (23.2,-36.5) | 35.6 (25.2,23.3) | 61.96 71.75 | 0.90 0.99 | 128.0 160.5 | 45.36 | 0.01 0.00 | clr 6.77
st12.00 yaw0 pitch-3 gap12.00 | 45.5 (23.2,-36.5) | 33.4 (24.3,21.5) | 61.96 69.88 | 0.90 0.99 | 128.0 165.2 | 45.36 | 0.00 0.01 | clr 10.51
st12.00 yaw0 pitch-4 gap0.00 | 39.9 (22.1,-31.3) | 30.1 (23.8,17.3) | 74.84 91.10 | 0.92 0.99 | 133.5 166.1 | 45.36 | 0.01 0.00 | clr 0.45
st12.00 yaw0 pitch-4 gap4.00 | 39.9 (22.1,-31.3) | 26.7 (22.2,14.1) | 74.84 89.15 | 0.92 1.00 | 133.5 173.6 | 45.36 | 0.01 0.01 | clr 3.34
st12.00 yaw0 pitch-4 gap8.00 | 39.9 (22.1,-31.3) | 24.0 (20.8,11.5) | 74.84 86.72 | 0.92 1.00 | 133.5 180.0 | 45.36 | 0.01 1.46 | clr 6.01
st12.00 yaw0 pitch-4 gap12.00 | 39.9 (22.1,-31.3) | 24.1 (20.7,11.8) | 74.84 84.13 | 0.92 1.00 | 133.5 180.0 | 45.36 | 0.01 3.44 | clr 8.72
st12.00 yaw0 pitch-5 gap0.00 | 33.9 (20.7,-25.6) | 22.6 (20.9,8.3) | 89.59 104.86 | 0.94 1.00 | 140.2 180.0 | 45.36 | 0.01 5.03 | clr 7.09
st12.00 yaw0 pitch-5 gap4.00 | 33.9 (20.7,-25.6) | 22.6 (20.8,8.6) | 89.59 102.14 | 0.94 1.00 | 140.2 180.0 | 45.36 | 0.01 6.98 | clr 7.57
st12.00 yaw0 pitch-5 gap8.00 | 33.9 (20.7,-25.6) | 22.7 (20.6,8.9) | 89.59 99.46 | 0.94 1.00 | 140.2 180.0 | 45.36 | 0.01 8.93 | clr 9.03
st12.00 yaw0 pitch-5 gap12.00 | 33.9 (20.7,-25.6) | 22.7 (20.5,9.3) | 89.59 96.82 | 0.94 1.00 | 140.2 180.0 | 45.36 | 0.00 10.87 | clr 11.06
st12.00 yaw0 pitch-6 gap0.00 | 27.3 (18.9,-18.9) | 21.6 (20.7,5.8) | 105.42 117.11 | 0.96 1.00 | 148.8 180.0 | 45.36 | 0.01 13.61 | clr 17.42
st12.00 yaw0 pitch-6 gap4.00 | 27.3 (18.9,-18.9) | 21.6 (20.6,6.2) | 105.42 114.36 | 0.96 1.00 | 148.8 180.0 | 45.36 | 0.00 15.49 | clr 17.93
st12.00 yaw0 pitch-6 gap8.00 | 27.3 (18.9,-18.9) | 21.6 (20.5,6.5) | 105.42 111.65 | 0.96 1.00 | 148.8 180.0 | 45.36 | 0.00 17.37 | clr 18.85
st12.00 yaw0 pitch-6 gap12.00 | 27.3 (18.9,-18.9) | 21.6 (20.4,6.9) | 105.42 108.98 | 0.96 1.00 | 148.8 180.0 | 45.36 | 0.01 19.25 | clr 19.95
st12.00 yaw0 pitch-7 gap0.00 | 20.0 (16.9,-10.3) | 19.8 (19.5,3.3) | 121.97 128.97 | 0.99 1.00 | 162.1 180.0 | 45.36 | 0.01 22.86 | clr 12.88
st12.00 yaw0 pitch-7 gap4.00 | 20.0 (16.9,-10.3) | 19.8 (19.4,3.6) | 121.96 126.21 | 0.99 1.00 | 162.1 180.0 | 45.36 | 0.01 24.68 | clr 13.77
st12.00 yaw0 pitch-7 gap8.00 | 20.0 (16.9,-10.3) | 19.8 (19.3,3.9) | 121.96 123.49 | 0.99 1.00 | 162.1 180.0 | 45.36 | 0.02 26.49 | clr 15.17
st12.00 yaw0 pitch-7 gap12.00 | 20.0 (16.9,-10.3) | 19.7 (19.2,4.3) | 121.96 120.79 | 0.99 1.00 | 162.1 180.0 | 45.36 | 0.01 28.30 | clr 16.98
st12.00 yaw-4 pitch0 gap0.00 | 59.4 (31.6,-43.0) | 56.3 (22.3,47.8) | 85.40 42.89 | 0.88 0.90 | 123.8 127.7 | 45.36 | 0.01 0.00 | clr 0.52
st12.00 yaw-4 pitch0 gap4.00 | 59.4 (31.6,-43.0) | 55.5 (22.0,47.2) | 85.40 39.66 | 0.88 0.90 | 123.8 129.6 | 45.36 | 0.02 0.01 | clr 3.58
st12.00 yaw-4 pitch0 gap8.00 | 59.4 (31.6,-43.0) | 54.6 (21.7,46.6) | 85.40 36.59 | 0.88 0.91 | 123.8 131.5 | 45.36 | 0.01 0.00 | clr 6.78
st12.00 yaw-4 pitch0 gap12.00 | 59.4 (31.6,-43.0) | 53.7 (21.4,46.0) | 85.40 33.71 | 0.88 0.92 | 123.8 133.5 | 45.36 | 0.01 0.00 | clr 10.51
st12.00 yaw-4 pitch-2 gap0.00 | 50.0 (30.7,-34.8) | 45.4 (21.1,37.9) | 89.27 64.25 | 0.91 0.93 | 132.1 136.4 | 45.36 | 0.01 0.01 | clr 0.44
st12.00 yaw-4 pitch-2 gap4.00 | 50.0 (30.7,-34.8) | 44.5 (20.8,37.2) | 89.27 61.86 | 0.91 0.94 | 132.1 138.5 | 45.36 | 0.01 0.01 | clr 3.41
st12.00 yaw-4 pitch-2 gap8.00 | 50.0 (30.7,-34.8) | 43.6 (20.4,36.5) | 89.27 59.64 | 0.91 0.94 | 132.1 140.7 | 45.36 | 0.01 0.01 | clr 6.64
st12.00 yaw-4 pitch-2 gap12.00 | 50.0 (30.7,-34.8) | 42.6 (20.0,35.7) | 89.27 57.61 | 0.91 0.95 | 132.1 143.0 | 45.36 | 0.01 0.01 | clr 10.42
st12.00 yaw-4 pitch-3 gap0.00 | 44.6 (29.7,-29.9) | 39.8 (20.5,32.4) | 95.69 77.80 | 0.93 0.95 | 137.5 142.5 | 45.36 | 0.01 0.00 | clr 0.43
st12.00 yaw-4 pitch-3 gap4.00 | 44.6 (29.7,-29.9) | 38.8 (20.0,31.6) | 95.69 75.69 | 0.93 0.95 | 137.5 144.9 | 45.36 | 0.01 0.01 | clr 3.40
st12.00 yaw-4 pitch-3 gap8.00 | 44.6 (29.7,-29.9) | 37.7 (19.6,30.7) | 95.69 73.75 | 0.93 0.96 | 137.5 147.4 | 45.36 | 0.01 0.01 | clr 6.64
st12.00 yaw-4 pitch-3 gap12.00 | 44.6 (29.7,-29.9) | 36.5 (19.1,29.8) | 95.69 71.97 | 0.93 0.97 | 137.5 150.1 | 45.36 | 0.01 0.01 | clr 10.42
st12.00 yaw-4 pitch-4 gap0.00 | 39.4 (28.8,-24.5) | 32.9 (18.8,25.9) | 105.95 93.26 | 0.95 0.97 | 144.6 150.3 | 45.36 | 0.00 0.00 | clr 0.44
st12.00 yaw-4 pitch-4 gap4.00 | 39.4 (28.8,-24.5) | 31.6 (18.2,24.8) | 105.96 91.39 | 0.95 0.97 | 144.6 153.2 | 45.36 | 0.01 0.01 | clr 3.40
st12.00 yaw-4 pitch-4 gap8.00 | 39.4 (28.8,-24.5) | 30.2 (17.6,23.6) | 105.95 89.65 | 0.95 0.98 | 144.6 156.4 | 45.36 | 0.01 0.01 | clr 6.63
st12.00 yaw-4 pitch-4 gap12.00 | 39.4 (28.8,-24.5) | 28.5 (16.9,22.2) | 105.95 88.06 | 0.95 0.99 | 144.6 160.2 | 45.36 | 0.01 0.01 | clr 10.42
st12.00 yaw-4 pitch-5 gap0.00 | 32.9 (26.8,-17.7) | 24.8 (16.8,17.6) | 117.10 108.58 | 0.97 0.99 | 153.8 162.3 | 45.36 | 0.00 0.01 | clr 0.44
st12.00 yaw-4 pitch-5 gap4.00 | 32.9 (26.8,-17.7) | 22.5 (15.8,15.5) | 117.10 106.86 | 0.97 0.99 | 153.8 167.3 | 45.36 | 0.01 0.00 | clr 3.37
st12.00 yaw-4 pitch-5 gap8.00 | 32.9 (26.8,-17.7) | 17.8 (13.9,10.9) | 117.10 105.25 | 0.97 1.00 | 153.8 177.6 | 45.36 | 0.01 0.00 | clr 6.62
st12.00 yaw-4 pitch-5 gap12.00 | 32.9 (26.8,-17.7) | 16.9 (13.3,10.1) | 117.10 103.00 | 0.97 1.00 | 153.8 180.0 | 45.36 | 0.00 1.92 | clr 9.11
st12.00 yaw-4 pitch-6 gap0.00 | 24.4 (23.1,-7.4) | 14.2 (12.6,6.4) | 129.84 123.60 | 1.00 1.00 | 170.6 180.0 | 45.36 | 0.00 3.76 | clr 5.60
st12.00 yaw-4 pitch-6 gap4.00 | 24.4 (23.1,-7.4) | 14.3 (12.5,6.8) | 129.84 121.14 | 1.00 1.00 | 170.6 180.0 | 45.36 | 0.00 5.71 | clr 6.29
st12.00 yaw-4 pitch-6 gap8.00 | 24.4 (23.1,-7.4) | 14.4 (12.4,7.1) | 129.84 118.72 | 1.00 1.00 | 170.6 180.0 | 45.36 | 0.00 7.67 | clr 8.05
st12.00 yaw-4 pitch-6 gap12.00 | 24.4 (23.1,-7.4) | 14.5 (12.4,7.4) | 129.83 116.35 | 1.00 1.00 | 170.6 180.0 | 45.36 | 0.01 9.61 | clr 10.32
st12.00 yaw-4 pitch-7 gap0.00 | 21.4 (21.4,-0.7) | 13.1 (12.5,4.0) | 139.18 135.74 | 1.00 1.00 | 180.0 180.0 | 45.36 | 8.44 12.74 | clr 10.12
st12.00 yaw-4 pitch-7 gap4.00 | 21.4 (21.4,-0.7) | 13.2 (12.4,4.3) | 139.18 133.21 | 1.00 1.00 | 180.0 180.0 | 45.36 | 8.44 14.63 | clr 10.73
st12.00 yaw-4 pitch-7 gap8.00 | 21.4 (21.4,-0.7) | 13.2 (12.3,4.7) | 139.18 130.72 | 1.00 1.00 | 180.0 180.0 | 45.36 | 8.44 16.52 | clr 12.07
st12.00 yaw-4 pitch-7 gap12.00 | 21.4 (21.4,-0.7) | 13.3 (12.3,5.0) | 139.18 128.27 | 1.00 1.00 | 180.0 180.0 | 45.36 | 8.44 18.41 | clr 13.89
st12.00 yaw-8 pitch0 gap0.00 | 58.1 (37.8,-36.0) | 56.0 (14.8,52.0) | 128.14 73.55 | 0.93 0.88 | 135.4 123.4 | 45.36 | 0.00 0.00 | clr 0.56
st12.00 yaw-8 pitch0 gap4.00 | 58.1 (37.8,-36.0) | 55.2 (14.6,51.4) | 128.14 71.67 | 0.93 0.89 | 135.4 125.2 | 45.36 | 0.00 0.01 | clr 3.58
st12.00 yaw-8 pitch0 gap8.00 | 58.1 (37.8,-36.0) | 54.5 (14.4,50.8) | 128.13 69.97 | 0.93 0.90 | 135.4 127.1 | 45.36 | 0.01 0.00 | clr 6.81
st12.00 yaw-8 pitch0 gap12.00 | 58.1 (37.8,-36.0) | 53.7 (14.1,50.2) | 128.13 68.45 | 0.93 0.90 | 135.4 129.0 | 45.36 | 0.01 0.00 | clr 10.53
st12.00 yaw-8 pitch-2 gap0.00 | 48.3 (36.5,-26.8) | 45.6 (14.1,42.2) | 132.34 88.12 | 0.96 0.91 | 146.4 131.6 | 45.36 | 0.01 0.01 | clr 0.58
st12.00 yaw-8 pitch-2 gap4.00 | 48.3 (36.5,-26.8) | 44.8 (13.8,41.5) | 132.34 86.36 | 0.96 0.92 | 146.4 133.5 | 45.36 | 0.01 0.00 | clr 3.59
st12.00 yaw-8 pitch-2 gap8.00 | 48.3 (36.5,-26.8) | 44.0 (13.5,40.9) | 132.34 84.73 | 0.96 0.93 | 146.4 135.5 | 45.36 | 0.00 0.00 | clr 6.82
st12.00 yaw-8 pitch-2 gap12.00 | 48.3 (36.5,-26.8) | 43.1 (13.2,40.1) | 132.34 83.27 | 0.96 0.93 | 146.4 137.7 | 45.36 | 0.01 0.00 | clr 10.54
st12.00 yaw-8 pitch-3 gap0.00 | 42.3 (34.8,-20.8) | 39.6 (13.1,36.6) | 137.19 99.85 | 0.98 0.93 | 154.5 137.0 | 45.36 | 0.07 0.01 | clr 0.43
st12.00 yaw-8 pitch-3 gap4.00 | 42.3 (34.8,-20.8) | 38.8 (12.8,35.9) | 137.20 98.19 | 0.98 0.94 | 154.5 139.1 | 45.36 | 0.06 0.01 | clr 3.44
st12.00 yaw-8 pitch-3 gap8.00 | 42.3 (34.8,-20.8) | 37.9 (12.4,35.1) | 137.19 96.65 | 0.98 0.94 | 154.5 141.3 | 45.36 | 0.08 0.01 | clr 6.67
st12.00 yaw-8 pitch-3 gap12.00 | 42.3 (34.8,-20.8) | 36.9 (12.1,34.3) | 137.19 95.26 | 0.98 0.95 | 154.5 143.6 | 45.36 | 0.08 0.00 | clr 10.45
st12.00 yaw-8 pitch-4 gap0.00 | 34.5 (31.8,-12.0) | 33.1 (11.7,30.4) | 144.16 113.06 | 0.99 0.95 | 168.3 143.7 | 45.36 | 0.00 0.00 | clr 0.59
st12.00 yaw-8 pitch-4 gap4.00 | 34.5 (31.8,-12.0) | 32.1 (11.3,29.6) | 144.16 111.48 | 0.99 0.96 | 168.3 146.1 | 45.36 | 0.00 0.00 | clr 3.13
st12.00 yaw-8 pitch-4 gap8.00 | 34.5 (31.8,-12.0) | 31.0 (10.9,28.6) | 144.16 110.03 | 0.99 0.96 | 168.3 148.7 | 45.36 | 0.00 0.00 | clr 6.50
st12.00 yaw-8 pitch-4 gap12.00 | 34.5 (31.8,-12.0) | 29.8 (10.4,27.6) | 144.16 108.70 | 0.99 0.97 | 168.3 151.5 | 45.36 | 0.00 0.01 | clr 10.33
st12.00 yaw-8 pitch-5 gap0.00 | 29.9 (29.5,-4.4) | 25.9 (10.5,23.4) | 150.23 126.07 | 1.00 0.97 | 180.0 152.6 | 45.36 | 6.65 0.00 | clr 8.02
st12.00 yaw-8 pitch-5 gap4.00 | 29.9 (29.5,-4.4) | 24.6 (10.0,22.2) | 150.22 124.55 | 1.00 0.98 | 180.0 155.7 | 45.36 | 6.66 0.00 | clr 10.66
st12.00 yaw-8 pitch-5 gap8.00 | 29.9 (29.5,-4.4) | 23.0 (9.4,20.8) | 150.22 123.14 | 1.00 0.98 | 180.0 159.2 | 45.36 | 6.66 0.00 | clr 13.64
st12.00 yaw-8 pitch-5 gap12.00 | 29.9 (29.5,-4.4) | 21.0 (8.6,19.0) | 150.23 121.86 | 1.00 0.99 | 180.0 163.6 | 45.36 | 6.66 0.00 | clr 17.03
st12.00 yaw-8 pitch-6 gap0.00 | 28.5 (28.5,-1.9) | 15.1 (7.3,13.2) | 154.83 141.09 | 1.00 0.99 | 180.0 167.8 | 45.36 | 15.74 0.00 | clr 16.15
st12.00 yaw-8 pitch-6 gap4.00 | 28.5 (28.5,-1.9) | 9.1 (5.1,7.6) | 154.83 139.62 | 1.00 1.00 | 180.0 180.0 | 45.36 | 15.74 0.04 | clr 16.87
st12.00 yaw-8 pitch-6 gap8.00 | 28.5 (28.5,-1.9) | 9.4 (5.0,7.9) | 154.83 137.50 | 1.00 1.00 | 180.0 180.0 | 45.36 | 15.74 2.03 | clr 17.36
st12.00 yaw-8 pitch-6 gap12.00 | 28.5 (28.5,-1.9) | 9.7 (5.0,8.2) | 154.83 135.42 | 1.00 1.00 | 180.0 180.0 | 45.36 | 15.74 4.01 | clr 18.29
st12.00 yaw-8 pitch-7 gap0.00 | 28.4 (28.4,0.3) | 7.0 (5.1,4.7) | 160.68 152.92 | 1.00 1.00 | 180.0 180.0 | 45.36 | 26.25 6.58 | clr 9.93
st12.00 yaw-8 pitch-7 gap4.00 | 28.4 (28.4,0.3) | 7.2 (5.1,5.1) | 160.68 150.63 | 1.00 1.00 | 180.0 180.0 | 45.36 | 26.25 8.52 | clr 9.82
st12.00 yaw-8 pitch-7 gap8.00 | 28.4 (28.4,0.3) | 7.4 (5.1,5.4) | 160.68 148.39 | 1.00 1.00 | 180.0 180.0 | 45.36 | 26.25 10.45 | clr 10.54
st12.00 yaw-8 pitch-7 gap12.00 | 28.4 (28.4,0.3) | 7.7 (5.0,5.8) | 160.69 146.19 | 1.00 1.00 | 180.0 180.0 | 45.36 | 26.24 12.38 | clr 11.94
st12.00 yaw-12 pitch0 gap0.00 | 53.6 (42.3,-26.2) | 55.7 (7.0,54.8) | 170.12 111.66 | 0.97 0.87 | 153.8 121.8 | 45.36 | 0.00 0.01 | clr 0.44
st12.00 yaw-12 pitch0 gap4.00 | 53.6 (42.3,-26.2) | 55.0 (6.9,54.2) | 170.11 110.34 | 0.97 0.88 | 153.8 123.6 | 45.36 | 0.01 0.01 | clr 3.40
st12.00 yaw-12 pitch0 gap8.00 | 53.6 (42.3,-26.2) | 54.3 (6.7,53.5) | 170.12 109.15 | 0.97 0.89 | 153.8 125.4 | 45.36 | 0.00 0.01 | clr 6.63
st12.00 yaw-12 pitch0 gap12.00 | 53.6 (42.3,-26.2) | 53.6 (6.5,52.8) | 170.12 108.11 | 0.97 0.90 | 153.8 127.3 | 45.36 | 0.00 0.00 | clr 10.42
st12.00 yaw-12 pitch-2 gap0.00 | 39.4 (37.5,-10.4) | 45.3 (6.0,44.7) | 173.42 122.94 | 1.00 0.91 | 180.0 129.7 | 45.36 | 2.62 0.00 | clr 3.09
st12.00 yaw-12 pitch-2 gap4.00 | 39.4 (37.5,-10.4) | 44.6 (5.8,44.0) | 173.41 121.59 | 1.00 0.91 | 180.0 131.6 | 45.36 | 2.63 0.00 | clr 6.22
st12.00 yaw-12 pitch-2 gap8.00 | 39.4 (37.5,-10.4) | 43.8 (5.6,43.3) | 173.42 120.36 | 1.00 0.92 | 180.0 133.6 | 45.36 | 2.62 0.00 | clr 9.40
st12.00 yaw-12 pitch-2 gap12.00 | 39.4 (37.5,-10.4) | 43.0 (5.4,42.5) | 173.42 119.26 | 1.00 0.93 | 180.0 135.7 | 45.36 | 2.62 0.01 | clr 13.01
st12.00 yaw-12 pitch-3 gap0.00 | 38.5 (37.4,-8.1) | 39.5 (5.1,39.0) | 174.68 132.42 | 1.00 0.92 | 180.0 135.0 | 45.36 | 10.36 0.00 | clr 12.64
st12.00 yaw-12 pitch-3 gap4.00 | 38.5 (37.4,-8.1) | 38.7 (4.8,38.3) | 174.68 131.09 | 1.00 0.93 | 180.0 137.0 | 45.36 | 10.36 0.00 | clr 15.29
st12.00 yaw-12 pitch-3 gap8.00 | 38.5 (37.4,-8.1) | 37.9 (4.6,37.5) | 174.67 129.86 | 1.00 0.94 | 180.0 139.2 | 45.36 | 10.36 0.00 | clr 18.26
st12.00 yaw-12 pitch-3 gap12.00 | 38.5 (37.4,-8.1) | 37.0 (4.3,36.6) | 174.68 128.75 | 1.00 0.94 | 180.0 141.4 | 45.36 | 10.36 0.00 | clr 20.49
st12.00 yaw-12 pitch-4 gap0.00 | 36.9 (36.4,-5.5) | 33.4 (4.4,33.0) | 175.68 141.85 | 1.00 0.94 | 180.0 141.3 | 45.36 | 18.27 0.00 | clr 12.22
st12.00 yaw-12 pitch-4 gap4.00 | 36.9 (36.4,-5.5) | 32.5 (4.1,32.2) | 175.67 140.52 | 1.00 0.95 | 180.0 143.6 | 45.36 | 18.28 0.00 | clr 13.70
st12.00 yaw-12 pitch-4 gap8.00 | 36.9 (36.4,-5.5) | 31.5 (3.8,31.2) | 175.67 139.29 | 1.00 0.96 | 180.0 146.0 | 45.36 | 18.28 0.00 | clr 16.06
st12.00 yaw-12 pitch-4 gap12.00 | 36.9 (36.4,-5.5) | 30.5 (3.4,30.2) | 175.67 138.16 | 1.00 0.96 | 180.0 148.6 | 45.36 | 18.28 0.01 | clr 18.98
st12.00 yaw-12 pitch-5 gap0.00 | 36.4 (36.2,-3.3) | 26.1 (2.7,26.0) | 178.45 154.08 | 1.00 0.97 | 180.0 149.6 | 45.36 | 27.78 0.01 | clr 12.47
st12.00 yaw-12 pitch-5 gap4.00 | 36.4 (36.2,-3.3) | 25.0 (2.3,24.9) | 178.44 152.76 | 1.00 0.97 | 180.0 152.4 | 45.36 | 27.80 0.01 | clr 15.38
st12.00 yaw-12 pitch-5 gap8.00 | 36.4 (36.2,-3.3) | 23.7 (1.9,23.6) | 178.44 151.55 | 1.00 0.98 | 180.0 155.6 | 45.36 | 27.79 0.00 | clr 18.70
st12.00 yaw-12 pitch-5 gap12.00 | 36.4 (36.2,-3.3) | 22.2 (1.4,22.1) | 178.44 150.43 | 1.00 0.98 | 180.0 159.2 | 45.36 | 27.79 0.02 | clr 22.24
st12.00 yaw-12 pitch-6 gap0.00 | 35.1 (35.0,-0.8) | 16.8 (0.2,16.8) | 180.81 167.24 | 1.00 0.99 | 180.0 162.4 | 45.36 | 37.44 0.01 | clr 19.94
st12.00 yaw-12 pitch-6 gap4.00 | 35.1 (35.0,-0.8) | 14.6 (-0.6,14.6) | 180.81 165.95 | 1.00 0.99 | 180.0 167.5 | 45.36 | 37.44 0.01 | clr 22.72
st12.00 yaw-12 pitch-6 gap8.00 | 35.1 (35.0,-0.8) | 9.5 (-2.4,9.2) | 180.82 164.74 | 1.00 1.00 | 180.0 179.0 | 45.36 | 37.44 0.01 | clr 25.82
st12.00 yaw-12 pitch-6 gap12.00 | 35.1 (35.0,-0.8) | 9.3 (-2.5,9.0) | 180.81 162.83 | 1.00 1.00 | 180.0 180.0 | 45.36 | 37.44 1.98 | clr 26.40
st12.00 yaw-12 pitch-7 gap0.00 | 34.9 (34.8,1.2) | 5.9 (-2.4,5.4) | 184.49 178.05 | 1.00 1.00 | 180.0 180.0 | 45.36 | 48.58 4.23 | clr 25.38
st12.00 yaw-12 pitch-7 gap4.00 | 34.9 (34.8,1.2) | 6.3 (-2.4,5.8) | 184.48 175.92 | 1.00 1.00 | 180.0 180.0 | 45.36 | 48.59 6.19 | clr 25.14
st12.00 yaw-12 pitch-7 gap8.00 | 34.9 (34.8,1.2) | 6.6 (-2.4,6.1) | 184.49 173.83 | 1.00 1.00 | 180.0 180.0 | 45.36 | 48.58 8.14 | clr 25.23
st12.00 yaw-12 pitch-7 gap12.00 | 34.9 (34.8,1.2) | 6.9 (-2.4,6.5) | 184.48 171.78 | 1.00 1.00 | 180.0 180.0 | 45.36 | 48.59 10.09 | clr 25.62
st12.00 yaw4 pitch0 gap0.00 | 60.6 (17.5,-54.9) | 54.0 (34.8,35.0) | 36.54 69.86 | 0.83 0.96 | 111.6 146.7 | 45.36 | 0.00 0.00 | clr 0.54
st12.00 yaw4 pitch0 gap4.00 | 60.6 (17.5,-54.9) | 52.8 (34.3,34.3) | 36.54 67.77 | 0.83 0.96 | 111.6 149.4 | 45.36 | 0.00 0.00 | clr 3.58
st12.00 yaw4 pitch0 gap8.00 | 60.6 (17.5,-54.9) | 51.4 (33.7,33.4) | 36.54 65.85 | 0.83 0.97 | 111.6 152.2 | 45.36 | 0.00 0.01 | clr 6.80
st12.00 yaw4 pitch0 gap12.00 | 60.6 (17.5,-54.9) | 49.8 (33.1,32.3) | 36.54 64.13 | 0.83 0.98 | 111.6 155.5 | 45.36 | 0.00 0.01 | clr 10.52
st12.00 yaw4 pitch-2 gap0.00 | 50.7 (16.3,-46.2) | 41.1 (32.3,22.6) | 39.19 83.98 | 0.86 0.99 | 118.1 163.5 | 45.36 | 0.02 0.01 | clr 0.44
st12.00 yaw4 pitch-2 gap4.00 | 50.7 (16.3,-46.2) | 38.5 (31.1,20.4) | 39.18 82.01 | 0.86 1.00 | 118.1 169.2 | 45.36 | 0.01 0.00 | clr 3.49
st12.00 yaw4 pitch-2 gap8.00 | 50.7 (16.3,-46.2) | 33.7 (28.8,15.9) | 39.19 80.00 | 0.86 1.00 | 118.1 180.0 | 45.36 | 0.02 0.51 | clr 6.44
st12.00 yaw4 pitch-2 gap12.00 | 50.7 (16.3,-46.2) | 33.7 (28.6,16.2) | 39.18 77.41 | 0.86 1.00 | 118.1 180.0 | 45.36 | 0.01 2.50 | clr 9.09
st12.00 yaw4 pitch-3 gap0.00 | 45.5 (15.4,-41.4) | 32.2 (29.1,12.7) | 51.24 94.20 | 0.88 1.00 | 122.2 180.0 | 45.36 | 0.01 2.93 | clr 4.29
st12.00 yaw4 pitch-3 gap4.00 | 45.5 (15.4,-41.4) | 32.2 (28.9,13.0) | 51.25 91.45 | 0.88 1.00 | 122.2 180.0 | 45.36 | 0.02 4.90 | clr 4.98
st12.00 yaw4 pitch-3 gap8.00 | 45.5 (15.4,-41.4) | 32.2 (28.7,13.3) | 51.24 88.73 | 0.88 1.00 | 122.2 180.0 | 45.36 | 0.01 6.87 | clr 6.92
st12.00 yaw4 pitch-3 gap12.00 | 45.5 (15.4,-41.4) | 32.2 (28.5,13.6) | 51.24 86.03 | 0.88 1.00 | 122.2 180.0 | 45.36 | 0.01 8.83 | clr 9.32
st12.00 yaw4 pitch-4 gap0.00 | 39.9 (14.4,-36.3) | 31.0 (28.9,10.2) | 66.16 103.78 | 0.90 1.00 | 127.2 180.0 | 45.36 | 0.00 10.33 | clr 13.87
st12.00 yaw4 pitch-4 gap4.00 | 39.9 (14.4,-36.3) | 30.9 (28.7,10.5) | 66.17 100.97 | 0.90 1.00 | 127.2 180.0 | 45.36 | 0.01 12.24 | clr 14.11
st12.00 yaw4 pitch-4 gap8.00 | 39.9 (14.4,-36.3) | 30.9 (28.6,10.8) | 66.17 98.19 | 0.90 1.00 | 127.2 180.0 | 45.36 | 0.01 14.15 | clr 14.94
st12.00 yaw4 pitch-4 gap12.00 | 39.9 (14.4,-36.3) | 30.9 (28.4,11.1) | 66.16 95.42 | 0.90 1.00 | 127.2 180.0 | 45.36 | 0.00 16.07 | clr 16.25
st12.00 yaw4 pitch-5 gap0.00 | 34.0 (13.2,-30.7) | 28.9 (27.8,7.5) | 82.42 113.20 | 0.92 1.00 | 133.1 180.0 | 45.36 | 0.00 18.18 | clr 17.44
st12.00 yaw4 pitch-5 gap4.00 | 34.0 (13.2,-30.7) | 28.9 (27.6,7.8) | 82.42 110.35 | 0.92 1.00 | 133.1 180.0 | 45.36 | 0.01 20.03 | clr 18.29
st12.00 yaw4 pitch-5 gap8.00 | 34.0 (13.2,-30.7) | 28.9 (27.5,8.1) | 82.42 107.52 | 0.92 1.00 | 133.1 180.0 | 45.36 | 0.00 21.89 | clr 19.54
st12.00 yaw4 pitch-5 gap12.00 | 34.0 (13.2,-30.7) | 28.8 (27.3,8.4) | 82.42 104.73 | 0.92 1.00 | 133.1 180.0 | 45.36 | 0.00 23.74 | clr 21.11
st12.00 yaw4 pitch-6 gap0.00 | 28.1 (12.4,-24.8) | 28.1 (27.5,5.1) | 98.65 123.10 | 0.94 1.00 | 140.2 180.0 | 45.36 | 0.01 27.39 | clr 18.21
st12.00 yaw4 pitch-6 gap4.00 | 28.1 (12.4,-24.8) | 28.0 (27.4,5.4) | 98.65 120.24 | 0.94 1.00 | 140.2 180.0 | 45.36 | 0.00 29.17 | clr 19.10
st12.00 yaw4 pitch-6 gap8.00 | 28.1 (12.4,-24.8) | 27.9 (27.2,5.8) | 98.65 117.38 | 0.94 1.00 | 140.2 180.0 | 45.36 | 0.01 30.96 | clr 20.40
st12.00 yaw4 pitch-6 gap12.00 | 28.1 (12.4,-24.8) | 27.9 (27.1,6.1) | 98.65 114.57 | 0.94 1.00 | 140.2 180.0 | 45.36 | 0.00 32.74 | clr 22.00
st12.00 yaw4 pitch-7 gap0.00 | 20.8 (10.6,-17.7) | 26.4 (26.2,2.5) | 115.98 132.60 | 0.96 1.00 | 149.5 180.0 | 45.36 | 0.00 37.01 | clr 24.15
st12.00 yaw4 pitch-7 gap4.00 | 20.8 (10.6,-17.7) | 26.3 (26.1,2.9) | 115.98 129.72 | 0.96 1.00 | 149.5 180.0 | 45.36 | 0.01 38.72 | clr 24.93
st12.00 yaw4 pitch-7 gap8.00 | 20.8 (10.6,-17.7) | 26.2 (26.0,3.2) | 115.98 126.87 | 0.96 1.00 | 149.5 180.0 | 45.36 | 0.01 40.43 | clr 26.05
st12.00 yaw4 pitch-7 gap12.00 | 20.8 (10.6,-17.7) | 26.1 (25.9,3.5) | 115.98 124.05 | 0.96 1.00 | 149.5 180.0 | 45.36 | 0.00 42.14 | clr 27.43
st12.00 yaw8 pitch0 gap0.00 | 61.2 (9.8,-59.3) | 43.2 (36.7,19.6) | 64.97 107.06 | 0.82 1.00 | 109.3 180.0 | 45.36 | 0.00 0.17 | clr 0.73
st12.00 yaw8 pitch0 gap4.00 | 61.2 (9.8,-59.3) | 43.2 (36.4,19.9) | 64.98 104.76 | 0.82 1.00 | 109.3 180.0 | 45.36 | 0.00 2.16 | clr 2.57
st12.00 yaw8 pitch0 gap8.00 | 61.2 (9.8,-59.3) | 43.1 (36.2,20.2) | 64.98 102.51 | 0.82 1.00 | 109.3 180.0 | 45.36 | 0.00 4.14 | clr 5.32
st12.00 yaw8 pitch0 gap12.00 | 61.2 (9.8,-59.3) | 43.1 (35.9,20.5) | 64.98 100.31 | 0.82 1.00 | 109.3 180.0 | 45.36 | 0.00 6.11 | clr 8.07
st12.00 yaw8 pitch-2 gap0.00 | 51.3 (8.3,-50.1) | 40.3 (36.6,14.5) | 66.90 113.52 | 0.85 1.00 | 115.5 180.0 | 45.36 | 0.00 12.22 | clr 16.38
st12.00 yaw8 pitch-2 gap4.00 | 51.3 (8.3,-50.1) | 40.2 (36.4,14.8) | 66.90 110.91 | 0.85 1.00 | 115.5 180.0 | 45.36 | 0.01 14.14 | clr 16.57
st12.00 yaw8 pitch-2 gap8.00 | 51.3 (8.3,-50.1) | 40.2 (36.1,15.1) | 66.90 108.36 | 0.85 1.00 | 115.5 180.0 | 45.36 | 0.01 16.03 | clr 17.26
st12.00 yaw8 pitch-2 gap12.00 | 51.3 (8.3,-50.1) | 40.1 (35.9,15.4) | 66.90 105.82 | 0.85 1.00 | 115.5 180.0 | 45.36 | 0.00 17.93 | clr 18.39
st12.00 yaw8 pitch-3 gap0.00 | 46.1 (7.5,-45.1) | 38.1 (35.7,11.7) | 74.75 117.77 | 0.86 1.00 | 119.5 180.0 | 45.36 | 0.00 18.88 | clr 20.42
st12.00 yaw8 pitch-3 gap4.00 | 46.1 (7.5,-45.1) | 38.0 (35.4,12.0) | 74.75 115.06 | 0.86 1.00 | 119.5 180.0 | 45.36 | 0.00 20.74 | clr 22.06
st12.00 yaw8 pitch-3 gap8.00 | 46.1 (7.5,-45.1) | 38.0 (35.2,12.3) | 74.75 112.38 | 0.86 1.00 | 119.5 180.0 | 45.36 | 0.00 22.59 | clr 23.33
st12.00 yaw8 pitch-3 gap12.00 | 46.1 (7.5,-45.1) | 37.9 (35.0,12.6) | 74.75 109.74 | 0.86 1.00 | 119.5 180.0 | 45.36 | 0.01 24.45 | clr 24.87
st12.00 yaw8 pitch-4 gap0.00 | 40.6 (6.5,-39.9) | 37.0 (35.4,9.3) | 85.77 123.96 | 0.88 1.00 | 124.2 180.0 | 45.36 | 0.01 27.04 | clr 20.23
st12.00 yaw8 pitch-4 gap4.00 | 40.6 (6.5,-39.9) | 36.9 (35.2,9.6) | 85.77 121.17 | 0.88 1.00 | 124.2 180.0 | 45.36 | 0.00 28.84 | clr 23.17
st12.00 yaw8 pitch-4 gap8.00 | 40.6 (6.5,-39.9) | 36.8 (35.0,9.9) | 85.77 118.43 | 0.88 1.00 | 124.2 180.0 | 45.36 | 0.00 30.64 | clr 25.03
st12.00 yaw8 pitch-4 gap12.00 | 40.6 (6.5,-39.9) | 36.8 (34.8,10.3) | 85.77 115.71 | 0.88 1.00 | 124.2 180.0 | 45.36 | 0.00 32.43 | clr 26.54
st12.00 yaw8 pitch-5 gap0.00 | 34.8 (5.5,-34.3) | 36.0 (35.1,7.0) | 98.93 130.69 | 0.91 1.00 | 129.7 180.0 | 45.36 | 0.00 36.03 | clr 25.08
st12.00 yaw8 pitch-5 gap4.00 | 34.8 (5.5,-34.3) | 35.9 (35.0,7.3) | 98.92 127.86 | 0.91 1.00 | 129.7 180.0 | 45.36 | 0.00 37.77 | clr 27.64
st12.00 yaw8 pitch-5 gap8.00 | 34.8 (5.5,-34.3) | 35.9 (34.8,7.6) | 98.93 125.07 | 0.91 1.00 | 129.7 180.0 | 45.36 | 0.00 39.49 | clr 30.12
st12.00 yaw8 pitch-5 gap12.00 | 34.8 (5.5,-34.3) | 35.8 (34.6,7.9) | 98.92 122.29 | 0.91 1.00 | 129.7 180.0 | 45.36 | 0.00 41.22 | clr 31.45
st12.00 yaw8 pitch-6 gap0.00 | 28.6 (4.2,-28.2) | 34.3 (33.9,4.4) | 113.48 137.14 | 0.93 1.00 | 136.4 180.0 | 45.36 | 0.01 45.17 | clr 32.52
st12.00 yaw8 pitch-6 gap4.00 | 28.6 (4.2,-28.2) | 34.2 (33.7,4.7) | 113.47 134.27 | 0.93 1.00 | 136.4 180.0 | 45.36 | 0.00 46.84 | clr 34.61
st12.00 yaw8 pitch-6 gap8.00 | 28.6 (4.2,-28.2) | 34.1 (33.6,5.0) | 113.47 131.44 | 0.93 1.00 | 136.4 180.0 | 45.36 | 0.00 48.49 | clr 36.81
st12.00 yaw8 pitch-6 gap12.00 | 28.6 (4.2,-28.2) | 34.0 (33.4,5.3) | 113.47 128.63 | 0.93 1.00 | 136.4 180.0 | 45.36 | 0.00 50.15 | clr 38.11
st12.00 yaw8 pitch-7 gap0.00 | 21.6 (2.7,-21.5) | 33.6 (33.5,2.2) | 128.94 144.36 | 0.95 1.00 | 144.7 180.0 | 45.36 | 0.01 55.72 | clr 42.75
st12.00 yaw8 pitch-7 gap4.00 | 21.6 (2.7,-21.5) | 33.5 (33.4,2.5) | 128.94 141.49 | 0.95 1.00 | 144.7 180.0 | 45.36 | 0.00 57.30 | clr 44.42
st12.00 yaw8 pitch-7 gap8.00 | 21.6 (2.7,-21.5) | 33.4 (33.2,2.8) | 128.94 138.66 | 0.95 1.00 | 144.7 180.0 | 45.36 | 0.01 58.87 | clr 46.23
st12.00 yaw8 pitch-7 gap12.00 | 21.6 (2.7,-21.5) | 33.3 (33.1,3.2) | 128.94 135.83 | 0.95 1.00 | 144.7 180.0 | 45.36 | 0.01 60.46 | clr 47.22

scan best (min wrist sum with both hands on the shaft and ≥ 8 mm joint clearance): station 12.00 mm, yaw -4°, pitch -5°, trail gap offset 12.00 mm
PASS grip.wrist.residual_l — IK rotated the lead wrist 9.0° from the clip (stop line 40); IK reached the anchor to 0.0° / 0.00 mm
PASS grip.wrist.residual_r — IK rotated the trail wrist 30.2° from the clip (stop line 40); IK reached the anchor to 0.0° / 2.73 mm
INFO grip.wrist.angle_l — lead forearm→hand 32.9° (flex 26.8, dev -17.7) vs clip 46.2° (flex 28.3, dev -33.0)
INFO grip.wrist.angle_r — trail forearm→hand 16.9° (flex 13.3, dev 10.1) vs clip 41.8° (flex -8.0, dev 40.7)
INFO grip.wrist.displacement — hand origin moved L 117.10 mm, R 103.00 mm from the clip
PASS grip.hand.onShaft_l — lead tunnel point 0.00 mm off the shaft axis (< 3)
PASS grip.hand.onShaft_r — trail tunnel point 1.92 mm off the shaft axis (< 3)
PASS grip.hands.overlap — trail little MCP station 107.06 mm vs lead index/middle gap 100.07 mm (Δ 6.99, ±8)
FAIL grip.heelPad.onTop — lead dot(−n, toHead) = 0.08969 (> 0.5)
FAIL grip.trailPalm.onThumb — lead thumb 23.97 mm palm-side of the trail MCP plane (0 … 25.00), shaft 23.69 mm (must be further); dot(n, toThumb) = 0.00603
PASS grip.hands.noInterpenetration — closest lead joint to a trail index/middle/ring joint: 9.11 mm (≥ 8)
INFO grip.hands.trailLittleOnLead — closest lead joint to the trail little finger: 11.73 mm (the intended contact)
PASS grip.buttCap.pastHeel — LeftHand origin 12.00 mm down-shaft of ClubStart (8.00 … 20.00); lead little MCP at 42.39 mm
PASS grip.fingers.onShaft_l — bone segments ≥ mesh radius 13.58: min 15.65 mm | index pip/dip/tip 21.82/21.82/25.25 segMin 16.83; middle pip/dip/tip 21.82/21.82/21.83 segMin 15.65; ring pip/dip/tip 21.82/21.82/21.82 segMin 16.60; little pip/dip/tip 21.82/21.83/21.83 segMin 17.98; 
FAIL grip.fingers.onShaft_r — bone segments ≥ mesh radius 13.58: min 12.54 mm | index pip/dip/tip 21.81/19.93/24.11 segMin 13.34; middle pip/dip/tip 20.94/20.32/24.58 segMin 12.54; ring pip/dip/tip 20.41/20.53/22.42 segMin 14.01; little pip/dip/tip 16.05/17.10/33.68 segMin 14.22; 
INFO grip.thumb.downShaft_l — lead thumb proximal 47.6° off the shaft, Thumb3 22.71 mm / tip 31.43 mm from the axis
PASS club.headAtBall — ClubEnd 45.36 mm from the ball in plan (< 50)
club.faceSquare measured into the recorder JSON
INFO club.addressHeadLocal — ClubEnd in golfer-local = (0.7780, -0.0520, -0.0655) (presenter field addressHeadLocal; PlaceAtBall scales it by the root scale)
frame: Docs/Specs/Active/golfer_club_grip/evidence/stage2\solve_pitchscan_downshaft.png
frame: Docs/Specs/Active/golfer_club_grip/evidence/stage2\solve_pitchscan_targetside.png
frame: Docs/Specs/Active/golfer_club_grip/evidence/stage2\solve_pitchscan_golferseye.png
frame: Docs/Specs/Active/golfer_club_grip/evidence/stage2\solve_pitchscan_awayside.png
gameplay frame: C:\Users\cesar\GolfinRedux\Docs\Diagnostics\_capture\hinge_stage2_solve_pitchscan_gameplay_2026-09-15_10-42-47.png
