AssetPath,GameObjectPath,TextValue,Class,Group,HasBinder,ExistingKey,SuggestedKey,ReuseOf,Notes
"Assets/Prefabs/Original/Gameplay/Hud/BallSelectionPanel.prefab","BallSelectionView/TopBar/RewardPoints/PointsValue","",CANDIDATE_DEAD,Inventory/Bag,N,,,,"Original/ — may be superseded by Prefabs/UI/Account"
"Assets/Prefabs/Original/Gameplay/Hud/BallSelectionPanel.prefab","BallSelectionView/TopBar/Header/HeaderText","",CANDIDATE_DEAD,Inventory/Bag,N,,,,"Original/ — may be superseded by Prefabs/UI/Account"
"Assets/Prefabs/Original/Gameplay/Hud/BallSelectionPanel.prefab","BallSelectionView/BallInfoElement/InfoLabelBG/BallName","Bridgestone TOURSTAGE Extra Distance",CANDIDATE_DEAD,Inventory/Bag,N,,,,"Original/ — may be superseded by Prefabs/UI/Account"
"Assets/Prefabs/Original/Gameplay/Hud/BallSelectionPanel.prefab","BallSelectionView/BallInfoElement/InfoLabelBG/BallCountInfo/BallCount","3",CANDIDATE_DEAD,Inventory/Bag,N,,,,"Original/ — may be superseded by Prefabs/UI/Account"
"Assets/Prefabs/Original/Gameplay/Hud/BallSelectionPanel.prefab","BallSelectionView/BallInfoElement/BallStats/PowerStatElement (1)/StatType","Power",CANDIDATE_DEAD,Inventory/Bag,N,,,,"Original/ — may be superseded by Prefabs/UI/Account"
"Assets/Prefabs/Original/Gameplay/Hud/BallSelectionPanel.prefab","BallSelectionView/BallInfoElement/BallStats/PowerStatElement (1)/Stat Value","+3",CANDIDATE_DEAD,Inventory/Bag,N,,,,"Original/ — may be superseded by Prefabs/UI/Account"
"Assets/Prefabs/Original/Gameplay/Hud/BallSelectionPanel.prefab","BallSelectionView/BallInfoElement/BallStats/ReboundStatElement (2)/StatType","Rebound",CANDIDATE_DEAD,Inventory/Bag,N,,,,"Original/ — may be superseded by Prefabs/UI/Account"
"Assets/Prefabs/Original/Gameplay/Hud/BallSelectionPanel.prefab","BallSelectionView/BallInfoElement/BallStats/ReboundStatElement (2)/Stat Value","+2",CANDIDATE_DEAD,Inventory/Bag,N,,,,"Original/ — may be superseded by Prefabs/UI/Account"
"Assets/Prefabs/Original/Gameplay/Hud/BallSelectionPanel.prefab","BallSelectionView/BallInfoElement/BallStats/WindResistanceStatElement (3)/StatType","Wind 
Resistance",CANDIDATE_DEAD,Inventory/Bag,N,,,,"Original/ — may be superseded by Prefabs/UI/Account"
"Assets/Prefabs/Original/Gameplay/Hud/BallSelectionPanel.prefab","BallSelectionView/BallInfoElement/BallStats/WindResistanceStatElement (3)/Stat Value","0",CANDIDATE_DEAD,Inventory/Bag,N,,,,"Original/ — may be superseded by Prefabs/UI/Account"
"Assets/Prefabs/Original/Gameplay/Hud/BallSelectionPanel.prefab","BallSelectionView/BallInfoElement/BallStats/RollStatElement (4)/StatType","Roll",CANDIDATE_DEAD,Inventory/Bag,N,,,,"Original/ — may be superseded by Prefabs/UI/Account"
"Assets/Prefabs/Original/Gameplay/Hud/BallSelectionPanel.prefab","BallSelectionView/BallInfoElement/BallStats/RollStatElement (4)/Stat Value","+5",CANDIDATE_DEAD,Inventory/Bag,N,,,,"Original/ — may be superseded by Prefabs/UI/Account"
"Assets/Prefabs/Original/Gameplay/Hud/BallSelectionPanel.prefab","BallSelectionView/BallInfoElement/BallStats/SpinStatElement (5)/StatType","Spin",CANDIDATE_DEAD,Inventory/Bag,N,,,,"Original/ — may be superseded by Prefabs/UI/Account"
"Assets/Prefabs/Original/Gameplay/Hud/BallSelectionPanel.prefab","BallSelectionView/BallInfoElement/BallStats/SpinStatElement (5)/Stat Value","+4",CANDIDATE_DEAD,Inventory/Bag,N,,,,"Original/ — may be superseded by Prefabs/UI/Account"
"Assets/Prefabs/Original/Gameplay/Hud/BallSelectionPanel.prefab","BallSelectionView/BallInfoElement/InfoButton/InfoButtonText","INFO",CANDIDATE_DEAD,Inventory/Bag,N,,,,"Original/ — may be superseded by Prefabs/UI/Account"
"Assets/Prefabs/Original/Gameplay/Hud/BallSelectionPanel.prefab","BallSelectionView/BallInfoElement/ParametersButton/ParametersButtonText","STATS",CANDIDATE_DEAD,Inventory/Bag,N,,,,"Original/ — may be superseded by Prefabs/UI/Account"
"Assets/Prefabs/Original/Gameplay/Hud/BallSelectionPanel.prefab","BallSelectionView/BallInfoElement/BallInfoText","Designed for Consistently Outstanding Tour Performance

Ideal for the better player seeking distance & feel",CANDIDATE_DEAD,Inventory/Bag,N,,,,"Original/ — may be superseded by Prefabs/UI/Account"
"Assets/Prefabs/Original/Gameplay/Hud/BallSelectionPanel.prefab","BallSelectionView/BallElement/Header/BallName","BALL",CANDIDATE_DEAD,Inventory/Bag,N,,,,"Original/ — may be superseded by Prefabs/UI/Account"
"Assets/Prefabs/Original/Gameplay/Hud/BallSelectionPanel.prefab","BallSelectionView/BallElement/Header/BallCount","10",CANDIDATE_DEAD,Inventory/Bag,N,,,,"Original/ — may be superseded by Prefabs/UI/Account"
"Assets/Prefabs/Original/Gameplay/Hud/BallSelectionPanel.prefab","BallSelectionView/BallElement/SelectedLabel/SelectedText","Selected",CANDIDATE_DEAD,Inventory/Bag,N,,,,"Original/ — may be superseded by Prefabs/UI/Account"
"Assets/Prefabs/Original/Gameplay/Hud/BallSelectionPanel.prefab","BallSelectionView/StatElementPrefab/StatType","Power",CANDIDATE_DEAD,Inventory/Bag,N,,,,"Original/ — may be superseded by Prefabs/UI/Account"
"Assets/Prefabs/Original/Gameplay/Hud/BallSelectionPanel.prefab","BallSelectionView/StatElementPrefab/Stat Value","+3",CANDIDATE_DEAD,Inventory/Bag,N,,,,"Original/ — may be superseded by Prefabs/UI/Account"
"Assets/Prefabs/Original/Gameplay/Hud/BallSelectionPanel.prefab","BallSelectionView/SelectButton/SelectText","SELECT",CANDIDATE_DEAD,Inventory/Bag,N,,,,"Original/ — may be superseded by Prefabs/UI/Account"
"Assets/Prefabs/Original/Gameplay/Hud/BallSelectionPanel.prefab","BallSelectionView/CancelButton/CancelText","CANCEL",CANDIDATE_DEAD,Inventory/Bag,N,,,,"Original/ — may be superseded by Prefabs/UI/Account"
"Assets/Prefabs/Original/Gameplay/Hud/ClubSelectionv2ViewPanel.prefab","ClubSelectionButton/ClubInfo/ClubType","DRIVER",CANDIDATE_DEAD,Inventory/Bag,N,,,,"Original/ — may be superseded by Prefabs/UI/Account"
"Assets/Prefabs/Original/Gameplay/Hud/ClubSelectionv2ViewPanel.prefab","ClubSelectionButton/ClubInfo/ClubDistance","195.7 yrds",CANDIDATE_DEAD,Inventory/Bag,N,,,,"Original/ — may be superseded by Prefabs/UI/Account"
"Assets/Prefabs/Original/Gameplay/Hud/ClubSelectionv2ViewPanel.prefab","ClubSelectionScreen/ClubElement/ClubRarityBG/ClubType","ClubType",CANDIDATE_DEAD,Inventory/Bag,N,,,,"Original/ — may be superseded by Prefabs/UI/Account"
"Assets/Prefabs/Original/Gameplay/Hud/ClubSelectionv2ViewPanel.prefab","ClubSelectionScreen/ClubElement/ClubRarityBG/RarityLevelInfo/ClubLevel","99",CANDIDATE_DEAD,Inventory/Bag,N,,,,"Original/ — may be superseded by Prefabs/UI/Account"
"Assets/Prefabs/Original/Gameplay/Hud/ClubSelectionv2ViewPanel.prefab","ClubSelectionScreen/ClubElement/InBagLabel/InBagText","In Bag",CANDIDATE_DEAD,Inventory/Bag,N,,,,"Original/ — may be superseded by Prefabs/UI/Account"
"Assets/Prefabs/Original/Gameplay/Hud/ClubSelectionv2ViewPanel.prefab","ClubSelectionScreen/ClubElement/SelectedLabel/SelectedText","Selected",CANDIDATE_DEAD,Inventory/Bag,N,,,,"Original/ — may be superseded by Prefabs/UI/Account"
"Assets/Prefabs/Original/Gameplay/Hud/ClubSelectionv2ViewPanel.prefab","ClubSelectionScreen/TopBar/RewardPoints/PointsValue","",CANDIDATE_DEAD,Inventory/Bag,N,,,,"Original/ — may be superseded by Prefabs/UI/Account"
"Assets/Prefabs/Original/Gameplay/Hud/ClubSelectionv2ViewPanel.prefab","ClubSelectionScreen/TopBar/Header/HeaderText","",CANDIDATE_DEAD,Inventory/Bag,N,,,,"Original/ — may be superseded by Prefabs/UI/Account"
"Assets/Prefabs/Original/Gameplay/Hud/ClubSelectionv2ViewPanel.prefab","ClubSelectionScreen/ClubInfoElement/StatElement/StatType","Total Distance",CANDIDATE_DEAD,Inventory/Bag,N,,,,"Original/ — may be superseded by Prefabs/UI/Account"
"Assets/Prefabs/Original/Gameplay/Hud/ClubSelectionv2ViewPanel.prefab","ClubSelectionScreen/ClubInfoElement/StatElement/Stat Value","Value",CANDIDATE_DEAD,Inventory/Bag,N,,,,"Original/ — may be superseded by Prefabs/UI/Account"
"Assets/Prefabs/Original/Gameplay/Hud/ClubSelectionv2ViewPanel.prefab","ClubSelectionScreen/ClubInfoElement/InfoLabelBG/ClubType","ClubType",CANDIDATE_DEAD,Inventory/Bag,N,,,,"Original/ — may be superseded by Prefabs/UI/Account"
"Assets/Prefabs/Original/Gameplay/Hud/ClubSelectionv2ViewPanel.prefab","ClubSelectionScreen/ClubInfoElement/InfoLabelBG/ClubName","ClubName",CANDIDATE_DEAD,Inventory/Bag,N,,,,"Original/ — may be superseded by Prefabs/UI/Account"
"Assets/Prefabs/Original/Gameplay/Hud/ClubSelectionv2ViewPanel.prefab","ClubSelectionScreen/ClubInfoElement/InfoLabelBG/RarityLevelInfo/ClubLevel","99",CANDIDATE_DEAD,Inventory/Bag,N,,,,"Original/ — may be superseded by Prefabs/UI/Account"
"Assets/Prefabs/Original/Gameplay/Hud/ClubSelectionv2ViewPanel.prefab","ClubSelectionScreen/ClubInfoElement/ClubInfoText","",CANDIDATE_DEAD,Inventory/Bag,N,,,,"Original/ — may be superseded by Prefabs/UI/Account"
"Assets/Prefabs/Original/Gameplay/Hud/ClubSelectionv2ViewPanel.prefab","ClubSelectionScreen/ClubInfoElement/EmptySlotInfoText","This slot is empty.
Use the 'SWAP' button to choose a club.",CANDIDATE_DEAD,Inventory/Bag,N,,,,"Original/ — may be superseded by Prefabs/UI/Account"
"Assets/Prefabs/Original/Gameplay/Hud/ClubSelectionv2ViewPanel.prefab","ClubSelectionScreen/ClubInfoElement/LevelUpButton/LevelUpButtonText","LEVEL UP",CANDIDATE_DEAD,Inventory/Bag,N,,,,"Original/ — may be superseded by Prefabs/UI/Account"
"Assets/Prefabs/Original/Gameplay/Hud/ClubSelectionv2ViewPanel.prefab","ClubSelectionScreen/ClubInfoElement/InfoParametersButton/InfoParametersButtonText","INFO",CANDIDATE_DEAD,Inventory/Bag,N,,,,"Original/ — may be superseded by Prefabs/UI/Account"
"Assets/Prefabs/Original/Gameplay/Hud/ClubSelectionv2ViewPanel.prefab","ClubSelectionScreen/ClubInfoElement/RepairButton/RepairButtonText","REPAIR",CANDIDATE_DEAD,Inventory/Bag,N,,,,"Original/ — may be superseded by Prefabs/UI/Account"
"Assets/Prefabs/Original/Gameplay/Hud/ClubSelectionv2ViewPanel.prefab","ClubSelectionScreen/ClubInfoElement/DebugRepairButton/DebugRepairText","REP.",CANDIDATE_DEAD,Inventory/Bag,N,,,,"Original/ — may be superseded by Prefabs/UI/Account"
"Assets/Prefabs/Original/Gameplay/Hud/ClubSelectionv2ViewPanel.prefab","ClubSelectionScreen/SelectButton/SelectText","SELECT",CANDIDATE_DEAD,Inventory/Bag,N,,,,"Original/ — may be superseded by Prefabs/UI/Account"
"Assets/Prefabs/Original/Gameplay/Hud/ClubSelectionv2ViewPanel.prefab","ClubSelectionScreen/CloseButton/CancelText","CANCEL",CANDIDATE_DEAD,Inventory/Bag,N,,,,"Original/ — may be superseded by Prefabs/UI/Account"
"Assets/Prefabs/Original/Gameplay/Hud/GameplayMonitorCanvas.prefab","Panel/ShotQualityDisplay/ShotQualityText","NICE SHOT!",CANDIDATE_DEAD,Other,N,,,,"Original/ — may be superseded by Prefabs/UI/Account"
"Assets/Prefabs/Original/Gameplay/Hud/GameplayMonitorCanvas.prefab","Panel/SurfaceDisplay/SurfaceText","FAIRWAY",CANDIDATE_DEAD,Other,N,,,,"Original/ — may be superseded by Prefabs/UI/Account"
"Assets/Prefabs/Original/Gameplay/Hud/GameplayMonitorCanvas.prefab","Panel/ScoreDisplay/ScoreText","FAIRWAY",CANDIDATE_DEAD,Other,N,,,,"Original/ — may be superseded by Prefabs/UI/Account"
"Assets/Prefabs/Original/Gameplay/Hud/GameplayMonitorCanvas.prefab","Panel/Distance/DistanceValue","255.8",CANDIDATE_DEAD,Other,N,,,,"Original/ — may be superseded by Prefabs/UI/Account"
"Assets/Prefabs/Original/Gameplay/Hud/GameplayMonitorCanvas.prefab","Panel/DebugStatsDisplay/LaunchAngleLabelText","L. Angle",CANDIDATE_DEAD,Other,N,,,,"Original/ — may be superseded by Prefabs/UI/Account"
"Assets/Prefabs/Original/Gameplay/Hud/GameplayMonitorCanvas.prefab","Panel/DebugStatsDisplay/LaunchAngleValue","255.8",CANDIDATE_DEAD,Other,N,,,,"Original/ — may be superseded by Prefabs/UI/Account"
"Assets/Prefabs/Original/Gameplay/Hud/GameplayMonitorCanvas.prefab","Panel/DebugStatsDisplay/CarryLabelText","Carry",CANDIDATE_DEAD,Other,N,,,,"Original/ — may be superseded by Prefabs/UI/Account"
"Assets/Prefabs/Original/Gameplay/Hud/GameplayMonitorCanvas.prefab","Panel/DebugStatsDisplay/CarryValue","255.8",CANDIDATE_DEAD,Other,N,,,,"Original/ — may be superseded by Prefabs/UI/Account"
"Assets/Prefabs/Original/Gameplay/Hud/GameplayMonitorCanvas.prefab","Panel/DebugStatsDisplay/RollLabelText","Roll",CANDIDATE_DEAD,Other,N,,,,"Original/ — may be superseded by Prefabs/UI/Account"
"Assets/Prefabs/Original/Gameplay/Hud/GameplayMonitorCanvas.prefab","Panel/DebugStatsDisplay/RollValue","255.8",CANDIDATE_DEAD,Other,N,,,,"Original/ — may be superseded by Prefabs/UI/Account"
"Assets/Prefabs/Original/Loading/LoadingScreen.prefab","Version","V0.0.18",CANDIDATE_DEAD,Other,N,,,,"Original/ — may be superseded by Prefabs/UI/Account"
"Assets/Prefabs/Original/Loading/LoadingScreen.prefab","DownloadSize","",CANDIDATE_DEAD,Other,N,,,,"Original/ — may be superseded by Prefabs/UI/Account"
"Assets/Prefabs/Original/Loading/LoadingScreen.prefab","NowLoadingLabel","NOW LOADING",CANDIDATE_DEAD,Other,N,,,,"Original/ — may be superseded by Prefabs/UI/Account"
"Assets/Prefabs/Original/Loading/LoadingScreen.prefab","LoadingBar/ProgressValue","19.49%",CANDIDATE_DEAD,Other,N,,,,"Original/ — may be superseded by Prefabs/UI/Account"
"Assets/Prefabs/Original/Loading/LoadingScreen.prefab","TipsPanel/ImageBasedTip/Header/HeaderText","TIP",CANDIDATE_DEAD,Other,N,,,,"Original/ — may be superseded by Prefabs/UI/Account"
"Assets/Prefabs/Original/Loading/LoadingScreen.prefab","TipsPanel/ImageBasedTip/TipText","Text",CANDIDATE_DEAD,Other,N,,,,"Original/ — may be superseded by Prefabs/UI/Account"
"Assets/Prefabs/Original/Loading/LoadingScreen.prefab","TipsPanel/UIBasedTip9/Header/HeaderText","TIP",CANDIDATE_DEAD,Other,N,,,,"Original/ — may be superseded by Prefabs/UI/Account"
"Assets/Prefabs/Original/Loading/LoadingScreen.prefab","TipsPanel/UIBasedTip9/TipText","Text",CANDIDATE_DEAD,Other,N,,,,"Original/ — may be superseded by Prefabs/UI/Account"
"Assets/Prefabs/Original/Loading/LoadingScreen.prefab","TipsPanel/UIBasedTip9/TipBody/SupremePanel/LabelText","Supreme",CANDIDATE_DEAD,Other,N,,,,"Original/ — may be superseded by Prefabs/UI/Account"
"Assets/Prefabs/Original/Loading/LoadingScreen.prefab","TipsPanel/UIBasedTip9/TipBody/SupremePanel/InfoText","Max Level: 100",CANDIDATE_DEAD,Other,N,,,,"Original/ — may be superseded by Prefabs/UI/Account"
"Assets/Prefabs/Original/Loading/LoadingScreen.prefab","TipsPanel/UIBasedTip9/TipBody/LegendaryPanel/LabelText","Legendary",CANDIDATE_DEAD,Other,N,,,,"Original/ — may be superseded by Prefabs/UI/Account"
"Assets/Prefabs/Original/Loading/LoadingScreen.prefab","TipsPanel/UIBasedTip9/TipBody/LegendaryPanel/InfoText","Max Level: 85",CANDIDATE_DEAD,Other,N,,,,"Original/ — may be superseded by Prefabs/UI/Account"
"Assets/Prefabs/Original/Loading/LoadingScreen.prefab","TipsPanel/UIBasedTip9/TipBody/MythicPanel/LabelText","Mythic",CANDIDATE_DEAD,Other,N,,,,"Original/ — may be superseded by Prefabs/UI/Account"
"Assets/Prefabs/Original/Loading/LoadingScreen.prefab","TipsPanel/UIBasedTip9/TipBody/MythicPanel/InfoText","Max Level: 70",CANDIDATE_DEAD,Other,N,,,,"Original/ — may be superseded by Prefabs/UI/Account"
"Assets/Prefabs/Original/Loading/LoadingScreen.prefab","TipsPanel/UIBasedTip9/TipBody/RarePanel/LabelText","Rare",CANDIDATE_DEAD,Other,N,,,,"Original/ — may be superseded by Prefabs/UI/Account"
"Assets/Prefabs/Original/Loading/LoadingScreen.prefab","TipsPanel/UIBasedTip9/TipBody/RarePanel/InfoText","Max Level: 55",CANDIDATE_DEAD,Other,N,,,,"Original/ — may be superseded by Prefabs/UI/Account"
"Assets/Prefabs/Original/Loading/LoadingScreen.prefab","TipsPanel/UIBasedTip9/TipBody/UncommonPanel/LabelText","Uncommon",CANDIDATE_DEAD,Other,N,,,,"Original/ — may be superseded by Prefabs/UI/Account"
"Assets/Prefabs/Original/Loading/LoadingScreen.prefab","TipsPanel/UIBasedTip9/TipBody/UncommonPanel/InfoText","Max Level: 40",CANDIDATE_DEAD,Other,N,,,,"Original/ — may be superseded by Prefabs/UI/Account"
"Assets/Prefabs/Original/Loading/LoadingScreen.prefab","TipsPanel/UIBasedTip9/TipBody/CommonPanel/LabelText","Common",CANDIDATE_DEAD,Other,N,,,,"Original/ — may be superseded by Prefabs/UI/Account"
"Assets/Prefabs/Original/Loading/LoadingScreen.prefab","TipsPanel/UIBasedTip9/TipBody/CommonPanel/InfoText","Max Level: 25",CANDIDATE_DEAD,Other,N,,,,"Original/ — may be superseded by Prefabs/UI/Account"
"Assets/Prefabs/Original/Mainmenu/Elements/BallElement.prefab","Header/BallName","BALL",CANDIDATE_DEAD,Inventory/Bag,N,,,,"Original/ — may be superseded by Prefabs/UI/Account"
"Assets/Prefabs/Original/Mainmenu/Elements/BallElement.prefab","Header/BallCount","10",CANDIDATE_DEAD,Inventory/Bag,N,,,,"Original/ — may be superseded by Prefabs/UI/Account"
"Assets/Prefabs/Original/Mainmenu/Elements/BallElement.prefab","SelectedLabel/SelectedText","Selected",CANDIDATE_DEAD,Inventory/Bag,N,,,,"Original/ — may be superseded by Prefabs/UI/Account"
"Assets/Prefabs/Original/Mainmenu/Elements/BallInfoElement.prefab","InfoLabelBG/BallName","Bridgestone TOURSTAGE Extra Distance",CANDIDATE_DEAD,Inventory/Bag,N,,,,"Original/ — may be superseded by Prefabs/UI/Account"
"Assets/Prefabs/Original/Mainmenu/Elements/BallInfoElement.prefab","InfoLabelBG/BallCountInfo/BallCount","3",CANDIDATE_DEAD,Inventory/Bag,N,,,,"Original/ — may be superseded by Prefabs/UI/Account"
"Assets/Prefabs/Original/Mainmenu/Elements/BallInfoElement.prefab","BallStats/PowerStatElement (1)/StatType","Power",CANDIDATE_DEAD,Inventory/Bag,N,,,,"Original/ — may be superseded by Prefabs/UI/Account"
"Assets/Prefabs/Original/Mainmenu/Elements/BallInfoElement.prefab","BallStats/PowerStatElement (1)/Stat Value","+3",CANDIDATE_DEAD,Inventory/Bag,N,,,,"Original/ — may be superseded by Prefabs/UI/Account"
"Assets/Prefabs/Original/Mainmenu/Elements/BallInfoElement.prefab","BallStats/ReboundStatElement (2)/StatType","Rebound",CANDIDATE_DEAD,Inventory/Bag,N,,,,"Original/ — may be superseded by Prefabs/UI/Account"
"Assets/Prefabs/Original/Mainmenu/Elements/BallInfoElement.prefab","BallStats/ReboundStatElement (2)/Stat Value","+2",CANDIDATE_DEAD,Inventory/Bag,N,,,,"Original/ — may be superseded by Prefabs/UI/Account"
"Assets/Prefabs/Original/Mainmenu/Elements/BallInfoElement.prefab","BallStats/WindResistanceStatElement (3)/StatType","Wind 
Resistance",CANDIDATE_DEAD,Inventory/Bag,N,,,,"Original/ — may be superseded by Prefabs/UI/Account"
"Assets/Prefabs/Original/Mainmenu/Elements/BallInfoElement.prefab","BallStats/WindResistanceStatElement (3)/Stat Value","0",CANDIDATE_DEAD,Inventory/Bag,N,,,,"Original/ — may be superseded by Prefabs/UI/Account"
"Assets/Prefabs/Original/Mainmenu/Elements/BallInfoElement.prefab","BallStats/RollStatElement (4)/StatType","Roll",CANDIDATE_DEAD,Inventory/Bag,N,,,,"Original/ — may be superseded by Prefabs/UI/Account"
"Assets/Prefabs/Original/Mainmenu/Elements/BallInfoElement.prefab","BallStats/RollStatElement (4)/Stat Value","+5",CANDIDATE_DEAD,Inventory/Bag,N,,,,"Original/ — may be superseded by Prefabs/UI/Account"
"Assets/Prefabs/Original/Mainmenu/Elements/BallInfoElement.prefab","BallStats/SpinStatElement (5)/StatType","Spin",CANDIDATE_DEAD,Inventory/Bag,N,,,,"Original/ — may be superseded by Prefabs/UI/Account"
"Assets/Prefabs/Original/Mainmenu/Elements/BallInfoElement.prefab","BallStats/SpinStatElement (5)/Stat Value","+4",CANDIDATE_DEAD,Inventory/Bag,N,,,,"Original/ — may be superseded by Prefabs/UI/Account"
"Assets/Prefabs/Original/Mainmenu/Elements/BallInfoElement.prefab","InfoButton/InfoButtonText","INFO",CANDIDATE_DEAD,Inventory/Bag,N,,,,"Original/ — may be superseded by Prefabs/UI/Account"
"Assets/Prefabs/Original/Mainmenu/Elements/BallInfoElement.prefab","ParametersButton/ParametersButtonText","STATS",CANDIDATE_DEAD,Inventory/Bag,N,,,,"Original/ — may be superseded by Prefabs/UI/Account"
"Assets/Prefabs/Original/Mainmenu/Elements/BallInfoElement.prefab","BallInfoText","Designed for Consistently Outstanding Tour Performance

Ideal for the better player seeking distance & feel",CANDIDATE_DEAD,Inventory/Bag,N,,,,"Original/ — may be superseded by Prefabs/UI/Account"
"Assets/Prefabs/Original/Mainmenu/Elements/CharacterInfoElement.prefab","Header/CharacterName","Driver GF",CANDIDATE_DEAD,Other,N,,,,"Original/ — may be superseded by Prefabs/UI/Account"
"Assets/Prefabs/Original/Mainmenu/Elements/CharacterInfoElement.prefab","Header/RarityLevelInfo/CharacterLevel","99",CANDIDATE_DEAD,Other,N,,,,"Original/ — may be superseded by Prefabs/UI/Account"
"Assets/Prefabs/Original/Mainmenu/Elements/CharacterInfoElement.prefab","Stats/StrengthStat/StatName","Strength",CANDIDATE_DEAD,Other,N,,,,"Original/ — may be superseded by Prefabs/UI/Account"
"Assets/Prefabs/Original/Mainmenu/Elements/CharacterInfoElement.prefab","Stats/StrengthStat/StatValue","30",CANDIDATE_DEAD,Other,N,,,,"Original/ — may be superseded by Prefabs/UI/Account"
"Assets/Prefabs/Original/Mainmenu/Elements/CharacterInfoElement.prefab","Stats/ClubControlStat/StatName","Club Control",CANDIDATE_DEAD,Other,N,,,,"Original/ — may be superseded by Prefabs/UI/Account"
"Assets/Prefabs/Original/Mainmenu/Elements/CharacterInfoElement.prefab","Stats/ClubControlStat/StatValue","30",CANDIDATE_DEAD,Other,N,,,,"Original/ — may be superseded by Prefabs/UI/Account"
"Assets/Prefabs/Original/Mainmenu/Elements/CharacterInfoElement.prefab","Stats/StaminaRegenStat/StatName","Stamina
Regeneration",CANDIDATE_DEAD,Other,N,,,,"Original/ — may be superseded by Prefabs/UI/Account"
"Assets/Prefabs/Original/Mainmenu/Elements/CharacterInfoElement.prefab","Stats/StaminaRegenStat/StatValue","30",CANDIDATE_DEAD,Other,N,,,,"Original/ — may be superseded by Prefabs/UI/Account"
"Assets/Prefabs/Original/Mainmenu/Elements/CharacterInfoElement.prefab","Stats/StaminaStat/StatName","Stamina",CANDIDATE_DEAD,Other,N,,,,"Original/ — may be superseded by Prefabs/UI/Account"
"Assets/Prefabs/Original/Mainmenu/Elements/CharacterInfoElement.prefab","Stats/StaminaStat/StatValue","30",CANDIDATE_DEAD,Other,N,,,,"Original/ — may be superseded by Prefabs/UI/Account"
"Assets/Prefabs/Original/Mainmenu/Elements/CharacterInfoElement.prefab","InfoText","New Text",CANDIDATE_DEAD,Other,N,,,,"Original/ — may be superseded by Prefabs/UI/Account"
"Assets/Prefabs/Original/Mainmenu/Elements/CharacterInfoElement.prefab","LevelUpButton/LevelUpButtonText","LEVEL UP",CANDIDATE_DEAD,Other,N,,,,"Original/ — may be superseded by Prefabs/UI/Account"
"Assets/Prefabs/Original/Mainmenu/Elements/CharacterInfoElement.prefab","InfoButton/Text (TMP)","INFO",CANDIDATE_DEAD,Other,N,,,,"Original/ — may be superseded by Prefabs/UI/Account"
"Assets/Prefabs/Original/Mainmenu/Elements/CharacterInfoElement.prefab","ParameterButton/Text (TMP)","STATS",CANDIDATE_DEAD,Other,N,,,,"Original/ — may be superseded by Prefabs/UI/Account"
"Assets/Prefabs/Original/Mainmenu/Elements/CharacterInfoElement.prefab","BoostButton/Text (TMP)","BOOST",CANDIDATE_DEAD,Other,N,,,,"Original/ — may be superseded by Prefabs/UI/Account"
"Assets/Prefabs/Original/Mainmenu/Elements/ClubElement.prefab","ClubRarityBG/ClubType","ClubType",CANDIDATE_DEAD,Inventory/Bag,N,,,,"Original/ — may be superseded by Prefabs/UI/Account"
"Assets/Prefabs/Original/Mainmenu/Elements/ClubElement.prefab","ClubRarityBG/RarityLevelInfo/ClubLevel","99",CANDIDATE_DEAD,Inventory/Bag,N,,,,"Original/ — may be superseded by Prefabs/UI/Account"
"Assets/Prefabs/Original/Mainmenu/Elements/ClubElement.prefab","InBagLabel/InBagText","In Bag",CANDIDATE_DEAD,Inventory/Bag,N,,,,"Original/ — may be superseded by Prefabs/UI/Account"
"Assets/Prefabs/Original/Mainmenu/Elements/ClubElement.prefab","SelectedLabel/SelectedText","Selected",CANDIDATE_DEAD,Inventory/Bag,N,,,,"Original/ — may be superseded by Prefabs/UI/Account"
"Assets/Prefabs/Original/Mainmenu/Elements/ClubInfoElement.prefab","StatElement/StatType","Total Distance",CANDIDATE_DEAD,Inventory/Bag,N,,,,"Original/ — may be superseded by Prefabs/UI/Account"
"Assets/Prefabs/Original/Mainmenu/Elements/ClubInfoElement.prefab","StatElement/Stat Value","Value",CANDIDATE_DEAD,Inventory/Bag,N,,,,"Original/ — may be superseded by Prefabs/UI/Account"
"Assets/Prefabs/Original/Mainmenu/Elements/ClubInfoElement.prefab","InfoLabelBG/ClubType","ClubType",CANDIDATE_DEAD,Inventory/Bag,N,,,,"Original/ — may be superseded by Prefabs/UI/Account"
"Assets/Prefabs/Original/Mainmenu/Elements/ClubInfoElement.prefab","InfoLabelBG/ClubName","ClubName",CANDIDATE_DEAD,Inventory/Bag,N,,,,"Original/ — may be superseded by Prefabs/UI/Account"
"Assets/Prefabs/Original/Mainmenu/Elements/ClubInfoElement.prefab","InfoLabelBG/RarityLevelInfo/ClubLevel","99",CANDIDATE_DEAD,Inventory/Bag,N,,,,"Original/ — may be superseded by Prefabs/UI/Account"
"Assets/Prefabs/Original/Mainmenu/Elements/ClubInfoElement.prefab","ClubInfoText","",CANDIDATE_DEAD,Inventory/Bag,N,,,,"Original/ — may be superseded by Prefabs/UI/Account"
"Assets/Prefabs/Original/Mainmenu/Elements/ClubInfoElement.prefab","EmptySlotInfoText","This slot is empty.
Use the 'SWAP' button to choose a club.",CANDIDATE_DEAD,Inventory/Bag,N,,,,"Original/ — may be superseded by Prefabs/UI/Account"
"Assets/Prefabs/Original/Mainmenu/Elements/ClubInfoElement.prefab","LevelUpButton/LevelUpButtonText","LEVEL UP",CANDIDATE_DEAD,Inventory/Bag,N,,,,"Original/ — may be superseded by Prefabs/UI/Account"
"Assets/Prefabs/Original/Mainmenu/Elements/ClubInfoElement.prefab","InfoParametersButton/InfoParametersButtonText","INFO",CANDIDATE_DEAD,Inventory/Bag,N,,,,"Original/ — may be superseded by Prefabs/UI/Account"
"Assets/Prefabs/Original/Mainmenu/Elements/ClubInfoElement.prefab","RepairButton/RepairButtonText","REPAIR",CANDIDATE_DEAD,Inventory/Bag,N,,,,"Original/ — may be superseded by Prefabs/UI/Account"
"Assets/Prefabs/Original/Mainmenu/Elements/ClubInfoElement.prefab","DebugRepairButton/DebugRepairText","REP.",CANDIDATE_DEAD,Inventory/Bag,N,,,,"Original/ — may be superseded by Prefabs/UI/Account"
"Assets/Prefabs/Original/Mainmenu/Elements/ItemInfoElement.prefab","InfoLabelBG/ItemName","Repair Kit",CANDIDATE_DEAD,Inventory/Bag,N,,,,"Original/ — may be superseded by Prefabs/UI/Account"
"Assets/Prefabs/Original/Mainmenu/Elements/ItemInfoElement.prefab","InfoLabelBG/ItemCountInfo/ItemCount","3",CANDIDATE_DEAD,Inventory/Bag,N,,,,"Original/ — may be superseded by Prefabs/UI/Account"
"Assets/Prefabs/Original/Mainmenu/Elements/ItemInfoElement.prefab","UseButton/UseButtonText","USE",CANDIDATE_DEAD,Inventory/Bag,N,,,,"Original/ — may be superseded by Prefabs/UI/Account"
"Assets/Prefabs/Original/Mainmenu/Elements/ItemInfoElement.prefab","ItemInfoText","Grade-A class Repair Kits are coming with auality repair items and a leather bag.

First sold under the label 'Rob the Kit Series' back in 1876 in Lyon, by the famous Rossigneux Golfcare.",CANDIDATE_DEAD,Inventory/Bag,N,,,,"Original/ — may be superseded by Prefabs/UI/Account"
"Assets/Prefabs/Original/Mainmenu/Elements/SoundPanel.prefab","Label/LabelText","Sound Settings",CANDIDATE_DEAD,Other,N,,,,"Original/ — may be superseded by Prefabs/UI/Account"
"Assets/Prefabs/Original/Mainmenu/Elements/SoundPanel.prefab","Sound/HeaderLabel","Sound",CANDIDATE_DEAD,Other,N,,,,"Original/ — may be superseded by Prefabs/UI/Account"
"Assets/Prefabs/Original/Mainmenu/Elements/SoundPanel.prefab","Music/HeaderLabel","Music",CANDIDATE_DEAD,Other,N,,,,"Original/ — may be superseded by Prefabs/UI/Account"
"Assets/Prefabs/Original/Mainmenu/Screens/BagScreen.prefab","ClubsScreen/ClubElement/ClubRarityBG/ClubType","ClubType",CANDIDATE_DEAD,Other,N,,,,"Original/ — may be superseded by Prefabs/UI/Account"
"Assets/Prefabs/Original/Mainmenu/Screens/BagScreen.prefab","ClubsScreen/ClubElement/ClubRarityBG/RarityLevelInfo/ClubLevel","99",CANDIDATE_DEAD,Other,N,,,,"Original/ — may be superseded by Prefabs/UI/Account"
"Assets/Prefabs/Original/Mainmenu/Screens/BagScreen.prefab","ClubsScreen/ClubElement/InBagLabel/InBagText","In Bag",CANDIDATE_DEAD,Other,N,,,,"Original/ — may be superseded by Prefabs/UI/Account"
"Assets/Prefabs/Original/Mainmenu/Screens/BagScreen.prefab","ClubsScreen/ClubElement/SelectedLabel/SelectedText","Selected",CANDIDATE_DEAD,Other,N,,,,"Original/ — may be superseded by Prefabs/UI/Account"
"Assets/Prefabs/Original/Mainmenu/Screens/BagScreen.prefab","ClubsScreen/ClubInfoElement/StatElement/StatType","Total Distance",CANDIDATE_DEAD,Other,N,,,,"Original/ — may be superseded by Prefabs/UI/Account"
"Assets/Prefabs/Original/Mainmenu/Screens/BagScreen.prefab","ClubsScreen/ClubInfoElement/StatElement/Stat Value","Value",CANDIDATE_DEAD,Other,N,,,,"Original/ — may be superseded by Prefabs/UI/Account"
"Assets/Prefabs/Original/Mainmenu/Screens/BagScreen.prefab","ClubsScreen/ClubInfoElement/InfoLabelBG/ClubType","ClubType",CANDIDATE_DEAD,Other,N,,,,"Original/ — may be superseded by Prefabs/UI/Account"
"Assets/Prefabs/Original/Mainmenu/Screens/BagScreen.prefab","ClubsScreen/ClubInfoElement/InfoLabelBG/ClubName","ClubName",CANDIDATE_DEAD,Other,N,,,,"Original/ — may be superseded by Prefabs/UI/Account"
"Assets/Prefabs/Original/Mainmenu/Screens/BagScreen.prefab","ClubsScreen/ClubInfoElement/InfoLabelBG/RarityLevelInfo/ClubLevel","99",CANDIDATE_DEAD,Other,N,,,,"Original/ — may be superseded by Prefabs/UI/Account"
"Assets/Prefabs/Original/Mainmenu/Screens/BagScreen.prefab","ClubsScreen/ClubInfoElement/ClubInfoText","",CANDIDATE_DEAD,Other,N,,,,"Original/ — may be superseded by Prefabs/UI/Account"
"Assets/Prefabs/Original/Mainmenu/Screens/BagScreen.prefab","ClubsScreen/ClubInfoElement/EmptySlotInfoText","This slot is empty.
Use the 'SWAP' button to choose a club.",CANDIDATE_DEAD,Other,N,,,,"Original/ — may be superseded by Prefabs/UI/Account"
"Assets/Prefabs/Original/Mainmenu/Screens/BagScreen.prefab","ClubsScreen/ClubInfoElement/LevelUpButton/LevelUpButtonText","LEVEL UP",CANDIDATE_DEAD,Other,N,,,,"Original/ — may be superseded by Prefabs/UI/Account"
"Assets/Prefabs/Original/Mainmenu/Screens/BagScreen.prefab","ClubsScreen/ClubInfoElement/InfoParametersButton/InfoParametersButtonText","INFO",CANDIDATE_DEAD,Other,N,,,,"Original/ — may be superseded by Prefabs/UI/Account"
"Assets/Prefabs/Original/Mainmenu/Screens/BagScreen.prefab","ClubsScreen/ClubInfoElement/RepairButton/RepairButtonText","REPAIR",CANDIDATE_DEAD,Other,N,,,,"Original/ — may be superseded by Prefabs/UI/Account"
"Assets/Prefabs/Original/Mainmenu/Screens/BagScreen.prefab","ClubsScreen/ClubInfoElement/DebugRepairButton/DebugRepairText","REP.",CANDIDATE_DEAD,Other,N,,,,"Original/ — may be superseded by Prefabs/UI/Account"
"Assets/Prefabs/Original/Mainmenu/Screens/BagScreen.prefab","ClubsScreen/SortAndFilter/FilterLabelText","DRIVER",CANDIDATE_DEAD,Other,N,,,,"Original/ — may be superseded by Prefabs/UI/Account"
"Assets/Prefabs/Original/Mainmenu/Screens/BagScreen.prefab","ClubsScreen/SortAndFilter/MyBagsButton/MyBagsButtonText","MY BAGS",CANDIDATE_DEAD,Other,N,,,,"Original/ — may be superseded by Prefabs/UI/Account"
"Assets/Prefabs/Original/Mainmenu/Screens/BagScreen.prefab","ClubsScreen/CancelButton/CancelText","CANCEL",CANDIDATE_DEAD,Other,N,,,,"Original/ — may be superseded by Prefabs/UI/Account"
"Assets/Prefabs/Original/Mainmenu/Screens/BagScreen.prefab","ClubsScreen/SelectButton/SelectText","SELECT",CANDIDATE_DEAD,Other,N,,,,"Original/ — may be superseded by Prefabs/UI/Account"
"Assets/Prefabs/Original/Mainmenu/Screens/BagScreen.prefab","BallsScreen/BallElement/Header/BallName","BALL",CANDIDATE_DEAD,Other,N,,,,"Original/ — may be superseded by Prefabs/UI/Account"
"Assets/Prefabs/Original/Mainmenu/Screens/BagScreen.prefab","BallsScreen/BallElement/Header/BallCount","10",CANDIDATE_DEAD,Other,N,,,,"Original/ — may be superseded by Prefabs/UI/Account"
"Assets/Prefabs/Original/Mainmenu/Screens/BagScreen.prefab","BallsScreen/BallElement/SelectedLabel/SelectedText","Selected",CANDIDATE_DEAD,Other,N,,,,"Original/ — may be superseded by Prefabs/UI/Account"
"Assets/Prefabs/Original/Mainmenu/Screens/BagScreen.prefab","BallsScreen/StatElementPrefab/StatType","Power",CANDIDATE_DEAD,Other,N,,,,"Original/ — may be superseded by Prefabs/UI/Account"
"Assets/Prefabs/Original/Mainmenu/Screens/BagScreen.prefab","BallsScreen/StatElementPrefab/Stat Value","+3",CANDIDATE_DEAD,Other,N,,,,"Original/ — may be superseded by Prefabs/UI/Account"
"Assets/Prefabs/Original/Mainmenu/Screens/BagScreen.prefab","BallsScreen/BallInfoElement/InfoLabelBG/BallName","Bridgestone TOURSTAGE Extra Distance",CANDIDATE_DEAD,Other,N,,,,"Original/ — may be superseded by Prefabs/UI/Account"
"Assets/Prefabs/Original/Mainmenu/Screens/BagScreen.prefab","BallsScreen/BallInfoElement/InfoLabelBG/BallCountInfo/BallCount","3",CANDIDATE_DEAD,Other,N,,,,"Original/ — may be superseded by Prefabs/UI/Account"
"Assets/Prefabs/Original/Mainmenu/Screens/BagScreen.prefab","BallsScreen/BallInfoElement/BallStats/PowerStatElement (1)/StatType","Power",CANDIDATE_DEAD,Other,N,,,,"Original/ — may be superseded by Prefabs/UI/Account"
"Assets/Prefabs/Original/Mainmenu/Screens/BagScreen.prefab","BallsScreen/BallInfoElement/BallStats/PowerStatElement (1)/Stat Value","+3",CANDIDATE_DEAD,Other,N,,,,"Original/ — may be superseded by Prefabs/UI/Account"
"Assets/Prefabs/Original/Mainmenu/Screens/BagScreen.prefab","BallsScreen/BallInfoElement/BallStats/ReboundStatElement (2)/StatType","Rebound",CANDIDATE_DEAD,Other,N,,,,"Original/ — may be superseded by Prefabs/UI/Account"
"Assets/Prefabs/Original/Mainmenu/Screens/BagScreen.prefab","BallsScreen/BallInfoElement/BallStats/ReboundStatElement (2)/Stat Value","+2",CANDIDATE_DEAD,Other,N,,,,"Original/ — may be superseded by Prefabs/UI/Account"
"Assets/Prefabs/Original/Mainmenu/Screens/BagScreen.prefab","BallsScreen/BallInfoElement/BallStats/WindResistanceStatElement (3)/StatType","Wind 
Resistance",CANDIDATE_DEAD,Other,N,,,,"Original/ — may be superseded by Prefabs/UI/Account"
"Assets/Prefabs/Original/Mainmenu/Screens/BagScreen.prefab","BallsScreen/BallInfoElement/BallStats/WindResistanceStatElement (3)/Stat Value","0",CANDIDATE_DEAD,Other,N,,,,"Original/ — may be superseded by Prefabs/UI/Account"
"Assets/Prefabs/Original/Mainmenu/Screens/BagScreen.prefab","BallsScreen/BallInfoElement/BallStats/RollStatElement (4)/StatType","Roll",CANDIDATE_DEAD,Other,N,,,,"Original/ — may be superseded by Prefabs/UI/Account"
"Assets/Prefabs/Original/Mainmenu/Screens/BagScreen.prefab","BallsScreen/BallInfoElement/BallStats/RollStatElement (4)/Stat Value","+5",CANDIDATE_DEAD,Other,N,,,,"Original/ — may be superseded by Prefabs/UI/Account"
"Assets/Prefabs/Original/Mainmenu/Screens/BagScreen.prefab","BallsScreen/BallInfoElement/BallStats/SpinStatElement (5)/StatType","Spin",CANDIDATE_DEAD,Other,N,,,,"Original/ — may be superseded by Prefabs/UI/Account"
"Assets/Prefabs/Original/Mainmenu/Screens/BagScreen.prefab","BallsScreen/BallInfoElement/BallStats/SpinStatElement (5)/Stat Value","+4",CANDIDATE_DEAD,Other,N,,,,"Original/ — may be superseded by Prefabs/UI/Account"
"Assets/Prefabs/Original/Mainmenu/Screens/BagScreen.prefab","BallsScreen/BallInfoElement/InfoButton/InfoButtonText","INFO",CANDIDATE_DEAD,Other,N,,,,"Original/ — may be superseded by Prefabs/UI/Account"
"Assets/Prefabs/Original/Mainmenu/Screens/BagScreen.prefab","BallsScreen/BallInfoElement/ParametersButton/ParametersButtonText","STATS",CANDIDATE_DEAD,Other,N,,,,"Original/ — may be superseded by Prefabs/UI/Account"
"Assets/Prefabs/Original/Mainmenu/Screens/BagScreen.prefab","BallsScreen/BallInfoElement/BallInfoText","Designed for Consistently Outstanding Tour Performance

Ideal for the better player seeking distance & feel",CANDIDATE_DEAD,Other,N,,,,"Original/ — may be superseded by Prefabs/UI/Account"
"Assets/Prefabs/Original/Mainmenu/Screens/BagScreen.prefab","ItemsScreen/ItemElement/Header/ItemName","REPAIR KIT",CANDIDATE_DEAD,Other,N,,,,"Original/ — may be superseded by Prefabs/UI/Account"
"Assets/Prefabs/Original/Mainmenu/Screens/BagScreen.prefab","ItemsScreen/ItemElement/Header/ItemCount","10",CANDIDATE_DEAD,Other,N,,,,"Original/ — may be superseded by Prefabs/UI/Account"
"Assets/Prefabs/Original/Mainmenu/Screens/BagScreen.prefab","ItemsScreen/ItemElement/SelectedLabel/SelectedText","Selected",CANDIDATE_DEAD,Other,N,,,,"Original/ — may be superseded by Prefabs/UI/Account"
"Assets/Prefabs/Original/Mainmenu/Screens/BagScreen.prefab","ItemsScreen/ItemInfoElement/InfoLabelBG/ItemName","Repair Kit",CANDIDATE_DEAD,Other,N,,,,"Original/ — may be superseded by Prefabs/UI/Account"
"Assets/Prefabs/Original/Mainmenu/Screens/BagScreen.prefab","ItemsScreen/ItemInfoElement/InfoLabelBG/ItemCountInfo/ItemCount","3",CANDIDATE_DEAD,Other,N,,,,"Original/ — may be superseded by Prefabs/UI/Account"
"Assets/Prefabs/Original/Mainmenu/Screens/BagScreen.prefab","ItemsScreen/ItemInfoElement/UseButton/UseButtonText","USE",CANDIDATE_DEAD,Other,N,,,,"Original/ — may be superseded by Prefabs/UI/Account"
"Assets/Prefabs/Original/Mainmenu/Screens/BagScreen.prefab","ItemsScreen/ItemInfoElement/ItemInfoText","Grade-A class Repair Kits are coming with auality repair items and a leather bag.

First sold under the label 'Rob the Kit Series' back in 1876 in Lyon, by the famous Rossigneux Golfcare.",CANDIDATE_DEAD,Other,N,,,,"Original/ — may be superseded by Prefabs/UI/Account"
"Assets/Prefabs/Original/Mainmenu/Screens/BagScreen.prefab","ItemsScreen/NoItemsInfoPanel/InfoLabelBG/ItemName","Info",CANDIDATE_DEAD,Other,N,,,,"Original/ — may be superseded by Prefabs/UI/Account"
"Assets/Prefabs/Original/Mainmenu/Screens/BagScreen.prefab","ItemsScreen/NoItemsInfoPanel/ItemInfoText","You have no items.
Earn more items by playing missions.",CANDIDATE_DEAD,Other,N,,,,"Original/ — may be superseded by Prefabs/UI/Account"
"Assets/Prefabs/Original/Mainmenu/Screens/BagScreen.prefab","ItemsScreen/CancelButton/CancelText","CANCEL",CANDIDATE_DEAD,Other,N,,,,"Original/ — may be superseded by Prefabs/UI/Account"
"Assets/Prefabs/Original/Mainmenu/Screens/BagScreen.prefab","ItemsScreen/SelectButton/SelectText","REPAIR",CANDIDATE_DEAD,Other,N,,,,"Original/ — may be superseded by Prefabs/UI/Account"
"Assets/Prefabs/Original/Mainmenu/Screens/BagScreen.prefab","SetupScreen/ClubElement/ClubRarityBG/ClubType","ClubType",CANDIDATE_DEAD,Other,N,,,,"Original/ — may be superseded by Prefabs/UI/Account"
"Assets/Prefabs/Original/Mainmenu/Screens/BagScreen.prefab","SetupScreen/ClubElement/ClubRarityBG/RarityLevelInfo/ClubLevel","99",CANDIDATE_DEAD,Other,N,,,,"Original/ — may be superseded by Prefabs/UI/Account"
"Assets/Prefabs/Original/Mainmenu/Screens/BagScreen.prefab","SetupScreen/ClubElement/InBagLabel/InBagText","In Bag",CANDIDATE_DEAD,Other,N,,,,"Original/ — may be superseded by Prefabs/UI/Account"
"Assets/Prefabs/Original/Mainmenu/Screens/BagScreen.prefab","SetupScreen/ClubElement/SelectedLabel/SelectedText","Selected",CANDIDATE_DEAD,Other,N,,,,"Original/ — may be superseded by Prefabs/UI/Account"
"Assets/Prefabs/Original/Mainmenu/Screens/BagScreen.prefab","SetupScreen/ClubInfoElement/StatElement/StatType","Total Distance",CANDIDATE_DEAD,Other,N,,,,"Original/ — may be superseded by Prefabs/UI/Account"
"Assets/Prefabs/Original/Mainmenu/Screens/BagScreen.prefab","SetupScreen/ClubInfoElement/StatElement/Stat Value","Value",CANDIDATE_DEAD,Other,N,,,,"Original/ — may be superseded by Prefabs/UI/Account"
"Assets/Prefabs/Original/Mainmenu/Screens/BagScreen.prefab","SetupScreen/ClubInfoElement/InfoLabelBG/ClubType","ClubType",CANDIDATE_DEAD,Other,N,,,,"Original/ — may be superseded by Prefabs/UI/Account"
"Assets/Prefabs/Original/Mainmenu/Screens/BagScreen.prefab","SetupScreen/ClubInfoElement/InfoLabelBG/ClubName","ClubName",CANDIDATE_DEAD,Other,N,,,,"Original/ — may be superseded by Prefabs/UI/Account"
"Assets/Prefabs/Original/Mainmenu/Screens/BagScreen.prefab","SetupScreen/ClubInfoElement/InfoLabelBG/RarityLevelInfo/ClubLevel","99",CANDIDATE_DEAD,Other,N,,,,"Original/ — may be superseded by Prefabs/UI/Account"
"Assets/Prefabs/Original/Mainmenu/Screens/BagScreen.prefab","SetupScreen/ClubInfoElement/ClubInfoText","",CANDIDATE_DEAD,Other,N,,,,"Original/ — may be superseded by Prefabs/UI/Account"
"Assets/Prefabs/Original/Mainmenu/Screens/BagScreen.prefab","SetupScreen/ClubInfoElement/EmptySlotInfoText","This slot is empty.
Use the 'SWAP' button to choose a club.",CANDIDATE_DEAD,Other,N,,,,"Original/ — may be superseded by Prefabs/UI/Account"
"Assets/Prefabs/Original/Mainmenu/Screens/BagScreen.prefab","SetupScreen/ClubInfoElement/LevelUpButton/LevelUpButtonText","LEVEL UP",CANDIDATE_DEAD,Other,N,,,,"Original/ — may be superseded by Prefabs/UI/Account"
"Assets/Prefabs/Original/Mainmenu/Screens/BagScreen.prefab","SetupScreen/ClubInfoElement/InfoParametersButton/InfoParametersButtonText","INFO",CANDIDATE_DEAD,Other,N,,,,"Original/ — may be superseded by Prefabs/UI/Account"
"Assets/Prefabs/Original/Mainmenu/Screens/BagScreen.prefab","SetupScreen/ClubInfoElement/RepairButton/RepairButtonText","REPAIR",CANDIDATE_DEAD,Other,N,,,,"Original/ — may be superseded by Prefabs/UI/Account"
"Assets/Prefabs/Original/Mainmenu/Screens/BagScreen.prefab","SetupScreen/ClubInfoElement/DebugRepairButton/DebugRepairText","REP.",CANDIDATE_DEAD,Other,N,,,,"Original/ — may be superseded by Prefabs/UI/Account"
"Assets/Prefabs/Original/Mainmenu/Screens/BagScreen.prefab","SetupScreen/BagButtons/Bag1Button/Bag1ButtonText","BAG 1",CANDIDATE_DEAD,Other,N,,,,"Original/ — may be superseded by Prefabs/UI/Account"
"Assets/Prefabs/Original/Mainmenu/Screens/BagScreen.prefab","SetupScreen/BagButtons/Bag1Button/Bag1DefaultText","DEFAULT",CANDIDATE_DEAD,Other,N,,,,"Original/ — may be superseded by Prefabs/UI/Account"
"Assets/Prefabs/Original/Mainmenu/Screens/BagScreen.prefab","SetupScreen/BagButtons/Bag2Button/Bag2ButtonText","BAG 2",CANDIDATE_DEAD,Other,N,,,,"Original/ — may be superseded by Prefabs/UI/Account"
"Assets/Prefabs/Original/Mainmenu/Screens/BagScreen.prefab","SetupScreen/BagButtons/Bag2Button/Bag2DefaultText","DEFAULT",CANDIDATE_DEAD,Other,N,,,,"Original/ — may be superseded by Prefabs/UI/Account"
"Assets/Prefabs/Original/Mainmenu/Screens/BagScreen.prefab","SetupScreen/SwapButton/SwapText","SWAP",CANDIDATE_DEAD,Other,N,,,,"Original/ — may be superseded by Prefabs/UI/Account"
"Assets/Prefabs/Original/Mainmenu/Screens/BagScreen.prefab","SetupScreen/CloseButton/CloseText","CLOSE",CANDIDATE_DEAD,Other,N,,,,"Original/ — may be superseded by Prefabs/UI/Account"
"Assets/Prefabs/Original/Mainmenu/Screens/BagScreen.prefab","ClubLevelUpScreenVariant/LevelUpPanel/LevelUpCard/Header/NameText","NAME",CANDIDATE_DEAD,Other,N,,,,"Original/ — may be superseded by Prefabs/UI/Account"
"Assets/Prefabs/Original/Mainmenu/Screens/BagScreen.prefab","ClubLevelUpScreenVariant/LevelUpPanel/LevelUpCard/Header/RarityLevelInfo/ClubLevel","Lv 1",CANDIDATE_DEAD,Other,N,,,,"Original/ — may be superseded by Prefabs/UI/Account"
"Assets/Prefabs/Original/Mainmenu/Screens/BagScreen.prefab","ClubLevelUpScreenVariant/LevelUpPanel/LevelUpCard/LevelUpPanel/AvailableRP/AvailableRPLabel","Available:",CANDIDATE_DEAD,Other,N,,,,"Original/ — may be superseded by Prefabs/UI/Account"
"Assets/Prefabs/Original/Mainmenu/Screens/BagScreen.prefab","ClubLevelUpScreenVariant/LevelUpPanel/LevelUpCard/LevelUpPanel/AvailableRP/AvailableRPText","0",CANDIDATE_DEAD,Other,N,,,,"Original/ — may be superseded by Prefabs/UI/Account"
"Assets/Prefabs/Original/Mainmenu/Screens/BagScreen.prefab","ClubLevelUpScreenVariant/LevelUpPanel/LevelUpCard/LevelUpPanel/LevelInfo/CurrentLevelLabel","Lv",CANDIDATE_DEAD,Other,N,,,,"Original/ — may be superseded by Prefabs/UI/Account"
"Assets/Prefabs/Original/Mainmenu/Screens/BagScreen.prefab","ClubLevelUpScreenVariant/LevelUpPanel/LevelUpCard/LevelUpPanel/LevelInfo/CurrentLevelText","1",CANDIDATE_DEAD,Other,N,,,,"Original/ — may be superseded by Prefabs/UI/Account"
"Assets/Prefabs/Original/Mainmenu/Screens/BagScreen.prefab","ClubLevelUpScreenVariant/LevelUpPanel/LevelUpCard/LevelUpPanel/LevelInfo/NextLevelLabel","Lv",CANDIDATE_DEAD,Other,N,,,,"Original/ — may be superseded by Prefabs/UI/Account"
"Assets/Prefabs/Original/Mainmenu/Screens/BagScreen.prefab","ClubLevelUpScreenVariant/LevelUpPanel/LevelUpCard/LevelUpPanel/LevelInfo/NextLevelText","1",CANDIDATE_DEAD,Other,N,,,,"Original/ — may be superseded by Prefabs/UI/Account"
"Assets/Prefabs/Original/Mainmenu/Screens/BagScreen.prefab","ClubLevelUpScreenVariant/LevelUpPanel/LevelUpCard/LevelUpPanel/CostInfo/CostLabel","Cost:",CANDIDATE_DEAD,Other,N,,,,"Original/ — may be superseded by Prefabs/UI/Account"
"Assets/Prefabs/Original/Mainmenu/Screens/BagScreen.prefab","ClubLevelUpScreenVariant/LevelUpPanel/LevelUpCard/LevelUpPanel/CostInfo/CostText","0",CANDIDATE_DEAD,Other,N,,,,"Original/ — may be superseded by Prefabs/UI/Account"
"Assets/Prefabs/Original/Mainmenu/Screens/BagScreen.prefab","ClubLevelUpScreenVariant/LevelUpPanel/LevelUpCard/LevelUpPanel/RewardInfo/RewardLabel","Reward:",CANDIDATE_DEAD,Other,N,,,,"Original/ — may be superseded by Prefabs/UI/Account"
"Assets/Prefabs/Original/Mainmenu/Screens/BagScreen.prefab","ClubLevelUpScreenVariant/LevelUpPanel/LevelUpCard/LevelUpPanel/RewardInfo/RewardText","0",CANDIDATE_DEAD,Other,N,,,,"Original/ — may be superseded by Prefabs/UI/Account"
"Assets/Prefabs/Original/Mainmenu/Screens/BagScreen.prefab","ClubLevelUpScreenVariant/LevelUpPanel/LevelUpCard/LevelUpPanel/LevelUpButton/LevelUpText","LEVEL UP",CANDIDATE_DEAD,Other,N,,,,"Original/ — may be superseded by Prefabs/UI/Account"
"Assets/Prefabs/Original/Mainmenu/Screens/BagScreen.prefab","ClubLevelUpScreenVariant/LevelUpPanel/LevelUpCard/SkillPointPanel/AvailableSP/AvailableSPLabel","Available:",CANDIDATE_DEAD,Other,N,,,,"Original/ — may be superseded by Prefabs/UI/Account"
"Assets/Prefabs/Original/Mainmenu/Screens/BagScreen.prefab","ClubLevelUpScreenVariant/LevelUpPanel/LevelUpCard/SkillPointPanel/AvailableSP/AvailableSPText","0",CANDIDATE_DEAD,Other,N,,,,"Original/ — may be superseded by Prefabs/UI/Account"
"Assets/Prefabs/Original/Mainmenu/Screens/BagScreen.prefab","ClubLevelUpScreenVariant/LevelUpPanel/LevelUpCard/SkillPointPanel/StatsView/StatLevelUpElement1/StatNameText","Power",CANDIDATE_DEAD,Other,N,,,,"Original/ — may be superseded by Prefabs/UI/Account"
"Assets/Prefabs/Original/Mainmenu/Screens/BagScreen.prefab","ClubLevelUpScreenVariant/LevelUpPanel/LevelUpCard/SkillPointPanel/StatsView/StatLevelUpElement1/StatBarValue/StatValueText","0",CANDIDATE_DEAD,Other,N,,,,"Original/ — may be superseded by Prefabs/UI/Account"
"Assets/Prefabs/Original/Mainmenu/Screens/BagScreen.prefab","ClubLevelUpScreenVariant/LevelUpPanel/LevelUpCard/SkillPointPanel/StatsView/StatLevelUpElement1/PlusButton/PlusText","+1",CANDIDATE_DEAD,Other,N,,,,"Original/ — may be superseded by Prefabs/UI/Account"
"Assets/Prefabs/Original/Mainmenu/Screens/BagScreen.prefab","ClubLevelUpScreenVariant/LevelUpPanel/LevelUpCard/SkillPointPanel/StatsView/StatLevelUpElement2/StatNameText","Accuracy",CANDIDATE_DEAD,Other,N,,,,"Original/ — may be superseded by Prefabs/UI/Account"
"Assets/Prefabs/Original/Mainmenu/Screens/BagScreen.prefab","ClubLevelUpScreenVariant/LevelUpPanel/LevelUpCard/SkillPointPanel/StatsView/StatLevelUpElement2/StatBarValue/StatValueText","0",CANDIDATE_DEAD,Other,N,,,,"Original/ — may be superseded by Prefabs/UI/Account"
"Assets/Prefabs/Original/Mainmenu/Screens/BagScreen.prefab","ClubLevelUpScreenVariant/LevelUpPanel/LevelUpCard/SkillPointPanel/StatsView/StatLevelUpElement2/PlusButton/PlusText","+1",CANDIDATE_DEAD,Other,N,,,,"Original/ — may be superseded by Prefabs/UI/Account"
"Assets/Prefabs/Original/Mainmenu/Screens/BagScreen.prefab","ClubLevelUpScreenVariant/LevelUpPanel/LevelUpCard/SkillPointPanel/StatsView/StatLevelUpElement3/StatNameText","Spin",CANDIDATE_DEAD,Other,N,,,,"Original/ — may be superseded by Prefabs/UI/Account"
"Assets/Prefabs/Original/Mainmenu/Screens/BagScreen.prefab","ClubLevelUpScreenVariant/LevelUpPanel/LevelUpCard/SkillPointPanel/StatsView/StatLevelUpElement3/StatBarValue/StatValueText","0",CANDIDATE_DEAD,Other,N,,,,"Original/ — may be superseded by Prefabs/UI/Account"
"Assets/Prefabs/Original/Mainmenu/Screens/BagScreen.prefab","ClubLevelUpScreenVariant/LevelUpPanel/LevelUpCard/SkillPointPanel/StatsView/StatLevelUpElement3/PlusButton/PlusText","+1",CANDIDATE_DEAD,Other,N,,,,"Original/ — may be superseded by Prefabs/UI/Account"
"Assets/Prefabs/Original/Mainmenu/Screens/BagScreen.prefab","ClubLevelUpScreenVariant/LevelUpPanel/LevelUpCard/SkillPointPanel/StatsView/StatLevelUpElement4/StatNameText","Recovery",CANDIDATE_DEAD,Other,N,,,,"Original/ — may be superseded by Prefabs/UI/Account"
"Assets/Prefabs/Original/Mainmenu/Screens/BagScreen.prefab","ClubLevelUpScreenVariant/LevelUpPanel/LevelUpCard/SkillPointPanel/StatsView/StatLevelUpElement4/StatBarValue/StatValueText","0",CANDIDATE_DEAD,Other,N,,,,"Original/ — may be superseded by Prefabs/UI/Account"
"Assets/Prefabs/Original/Mainmenu/Screens/BagScreen.prefab","ClubLevelUpScreenVariant/LevelUpPanel/LevelUpCard/SkillPointPanel/StatsView/StatLevelUpElement4/PlusButton/PlusText","+1",CANDIDATE_DEAD,Other,N,,,,"Original/ — may be superseded by Prefabs/UI/Account"
"Assets/Prefabs/Original/Mainmenu/Screens/BagScreen.prefab","ClubLevelUpScreenVariant/LevelUpPanel/LevelUpCard/SkillPointPanel/StatsView/StatLevelUpElement5/StatNameText","Durability",CANDIDATE_DEAD,Other,N,,,,"Original/ — may be superseded by Prefabs/UI/Account"
"Assets/Prefabs/Original/Mainmenu/Screens/BagScreen.prefab","ClubLevelUpScreenVariant/LevelUpPanel/LevelUpCard/SkillPointPanel/StatsView/StatLevelUpElement5/StatBarValue/StatValueText","0",CANDIDATE_DEAD,Other,N,,,,"Original/ — may be superseded by Prefabs/UI/Account"
"Assets/Prefabs/Original/Mainmenu/Screens/BagScreen.prefab","ClubLevelUpScreenVariant/LevelUpPanel/LevelUpCard/SkillPointPanel/StatsView/StatLevelUpElement5/PlusButton/PlusText","+1",CANDIDATE_DEAD,Other,N,,,,"Original/ — may be superseded by Prefabs/UI/Account"
"Assets/Prefabs/Original/Mainmenu/Screens/BagScreen.prefab","ClubLevelUpScreenVariant/LevelUpPanel/LevelUpCard/SkillPointPanel/ResetButton/ResetText","RESET",CANDIDATE_DEAD,Other,N,,,,"Original/ — may be superseded by Prefabs/UI/Account"
"Assets/Prefabs/Original/Mainmenu/Screens/BagScreen.prefab","ClubLevelUpScreenVariant/LevelUpPanel/CancelButton/CancelText","CANCEL",CANDIDATE_DEAD,Other,N,,,,"Original/ — may be superseded by Prefabs/UI/Account"
"Assets/Prefabs/Original/Mainmenu/Screens/BagScreen.prefab","ClubLevelUpScreenVariant/LevelUpPanel/ConfirmButton/ConfirmText","CONFIRM",CANDIDATE_DEAD,Other,N,,,,"Original/ — may be superseded by Prefabs/UI/Account"
"Assets/Prefabs/Original/Mainmenu/Screens/BagScreen.prefab","ClubLevelUpScreenVariant/ResultPanel/LevelUpCard/Header/NameText","NAME",CANDIDATE_DEAD,Other,N,,,,"Original/ — may be superseded by Prefabs/UI/Account"
"Assets/Prefabs/Original/Mainmenu/Screens/BagScreen.prefab","ClubLevelUpScreenVariant/ResultPanel/LevelUpCard/Header/RarityLevelInfo/ClubLevel","Lv 1",CANDIDATE_DEAD,Other,N,,,,"Original/ — may be superseded by Prefabs/UI/Account"
"Assets/Prefabs/Original/Mainmenu/Screens/BagScreen.prefab","ClubLevelUpScreenVariant/ResultPanel/LevelUpCard/LevelInfoPanel/LevelInfo/PrevLevelLabel","Lv",CANDIDATE_DEAD,Other,N,,,,"Original/ — may be superseded by Prefabs/UI/Account"
"Assets/Prefabs/Original/Mainmenu/Screens/BagScreen.prefab","ClubLevelUpScreenVariant/ResultPanel/LevelUpCard/LevelInfoPanel/LevelInfo/PrevLevelText","1",CANDIDATE_DEAD,Other,N,,,,"Original/ — may be superseded by Prefabs/UI/Account"
"Assets/Prefabs/Original/Mainmenu/Screens/BagScreen.prefab","ClubLevelUpScreenVariant/ResultPanel/LevelUpCard/LevelInfoPanel/LevelInfo/NextLevelLabel","Lv",CANDIDATE_DEAD,Other,N,,,,"Original/ — may be superseded by Prefabs/UI/Account"
"Assets/Prefabs/Original/Mainmenu/Screens/BagScreen.prefab","ClubLevelUpScreenVariant/ResultPanel/LevelUpCard/LevelInfoPanel/LevelInfo/NextLevelText","1",CANDIDATE_DEAD,Other,N,,,,"Original/ — may be superseded by Prefabs/UI/Account"
"Assets/Prefabs/Original/Mainmenu/Screens/BagScreen.prefab","ClubLevelUpScreenVariant/ResultPanel/LevelUpCard/LevelInfoPanel/TotalCostInfo/TotalCostLabel","Total Cost:",CANDIDATE_DEAD,Other,N,,,,"Original/ — may be superseded by Prefabs/UI/Account"
"Assets/Prefabs/Original/Mainmenu/Screens/BagScreen.prefab","ClubLevelUpScreenVariant/ResultPanel/LevelUpCard/LevelInfoPanel/TotalCostInfo/TotalCostText","0",CANDIDATE_DEAD,Other,N,,,,"Original/ — may be superseded by Prefabs/UI/Account"
"Assets/Prefabs/Original/Mainmenu/Screens/BagScreen.prefab","ClubLevelUpScreenVariant/ResultPanel/LevelUpCard/SkillPointPanel/StatsView/ResultStatElement1/StatNameText","Power",CANDIDATE_DEAD,Other,N,,,,"Original/ — may be superseded by Prefabs/UI/Account"
"Assets/Prefabs/Original/Mainmenu/Screens/BagScreen.prefab","ClubLevelUpScreenVariant/ResultPanel/LevelUpCard/SkillPointPanel/StatsView/ResultStatElement1/ValueChange/PrevStatValueText","0",CANDIDATE_DEAD,Other,N,,,,"Original/ — may be superseded by Prefabs/UI/Account"
"Assets/Prefabs/Original/Mainmenu/Screens/BagScreen.prefab","ClubLevelUpScreenVariant/ResultPanel/LevelUpCard/SkillPointPanel/StatsView/ResultStatElement1/ValueChange/NewStatValueText","0",CANDIDATE_DEAD,Other,N,,,,"Original/ — may be superseded by Prefabs/UI/Account"
"Assets/Prefabs/Original/Mainmenu/Screens/BagScreen.prefab","ClubLevelUpScreenVariant/ResultPanel/LevelUpCard/SkillPointPanel/StatsView/ResultStatElement2/StatNameText","Accuracy",CANDIDATE_DEAD,Other,N,,,,"Original/ — may be superseded by Prefabs/UI/Account"
"Assets/Prefabs/Original/Mainmenu/Screens/BagScreen.prefab","ClubLevelUpScreenVariant/ResultPanel/LevelUpCard/SkillPointPanel/StatsView/ResultStatElement2/ValueChange/PrevStatValueText","0",CANDIDATE_DEAD,Other,N,,,,"Original/ — may be superseded by Prefabs/UI/Account"
"Assets/Prefabs/Original/Mainmenu/Screens/BagScreen.prefab","ClubLevelUpScreenVariant/ResultPanel/LevelUpCard/SkillPointPanel/StatsView/ResultStatElement2/ValueChange/NewStatValueText","0",CANDIDATE_DEAD,Other,N,,,,"Original/ — may be superseded by Prefabs/UI/Account"
"Assets/Prefabs/Original/Mainmenu/Screens/BagScreen.prefab","ClubLevelUpScreenVariant/ResultPanel/LevelUpCard/SkillPointPanel/StatsView/ResultStatElement3/StatNameText","Spin",CANDIDATE_DEAD,Other,N,,,,"Original/ — may be superseded by Prefabs/UI/Account"
"Assets/Prefabs/Original/Mainmenu/Screens/BagScreen.prefab","ClubLevelUpScreenVariant/ResultPanel/LevelUpCard/SkillPointPanel/StatsView/ResultStatElement3/ValueChange/PrevStatValueText","0",CANDIDATE_DEAD,Other,N,,,,"Original/ — may be superseded by Prefabs/UI/Account"
"Assets/Prefabs/Original/Mainmenu/Screens/BagScreen.prefab","ClubLevelUpScreenVariant/ResultPanel/LevelUpCard/SkillPointPanel/StatsView/ResultStatElement3/ValueChange/NewStatValueText","0",CANDIDATE_DEAD,Other,N,,,,"Original/ — may be superseded by Prefabs/UI/Account"
"Assets/Prefabs/Original/Mainmenu/Screens/BagScreen.prefab","ClubLevelUpScreenVariant/ResultPanel/LevelUpCard/SkillPointPanel/StatsView/ResultStatElement4/StatNameText","Recovery",CANDIDATE_DEAD,Other,N,,,,"Original/ — may be superseded by Prefabs/UI/Account"
"Assets/Prefabs/Original/Mainmenu/Screens/BagScreen.prefab","ClubLevelUpScreenVariant/ResultPanel/LevelUpCard/SkillPointPanel/StatsView/ResultStatElement4/ValueChange/PrevStatValueText","0",CANDIDATE_DEAD,Other,N,,,,"Original/ — may be superseded by Prefabs/UI/Account"
"Assets/Prefabs/Original/Mainmenu/Screens/BagScreen.prefab","ClubLevelUpScreenVariant/ResultPanel/LevelUpCard/SkillPointPanel/StatsView/ResultStatElement4/ValueChange/NewStatValueText","0",CANDIDATE_DEAD,Other,N,,,,"Original/ — may be superseded by Prefabs/UI/Account"
"Assets/Prefabs/Original/Mainmenu/Screens/BagScreen.prefab","ClubLevelUpScreenVariant/ResultPanel/LevelUpCard/SkillPointPanel/StatsView/ResultStatElement5/StatNameText","Durability",CANDIDATE_DEAD,Other,N,,,,"Original/ — may be superseded by Prefabs/UI/Account"
"Assets/Prefabs/Original/Mainmenu/Screens/BagScreen.prefab","ClubLevelUpScreenVariant/ResultPanel/LevelUpCard/SkillPointPanel/StatsView/ResultStatElement5/ValueChange/PrevStatValueText","0",CANDIDATE_DEAD,Other,N,,,,"Original/ — may be superseded by Prefabs/UI/Account"
"Assets/Prefabs/Original/Mainmenu/Screens/BagScreen.prefab","ClubLevelUpScreenVariant/ResultPanel/LevelUpCard/SkillPointPanel/StatsView/ResultStatElement5/ValueChange/NewStatValueText","0",CANDIDATE_DEAD,Other,N,,,,"Original/ — may be superseded by Prefabs/UI/Account"
"Assets/Prefabs/Original/Mainmenu/Screens/BagScreen.prefab","ClubLevelUpScreenVariant/ResultPanel/DoneButton/DoneText","DONE",CANDIDATE_DEAD,Other,N,,,,"Original/ — may be superseded by Prefabs/UI/Account"
"Assets/Prefabs/Original/Mainmenu/Screens/BagScreen.prefab","TopBar/LeftSideScreenButton/LeftSideScreenButtonText","BALLS",CANDIDATE_DEAD,Other,N,,,,"Original/ — may be superseded by Prefabs/UI/Account"
"Assets/Prefabs/Original/Mainmenu/Screens/BagScreen.prefab","TopBar/RightSideScreenButton/RightSideScreenButtonText","ITEMS",CANDIDATE_DEAD,Other,N,,,,"Original/ — may be superseded by Prefabs/UI/Account"
"Assets/Prefabs/Original/Mainmenu/Screens/CharacterListScreen.prefab","Panel/CharacterInfoElement/Header/CharacterName","Driver GF",CANDIDATE_DEAD,Other,N,,,,"Original/ — may be superseded by Prefabs/UI/Account"
"Assets/Prefabs/Original/Mainmenu/Screens/CharacterListScreen.prefab","Panel/CharacterInfoElement/Header/RarityLevelInfo/CharacterLevel","99",CANDIDATE_DEAD,Other,N,,,,"Original/ — may be superseded by Prefabs/UI/Account"
"Assets/Prefabs/Original/Mainmenu/Screens/CharacterListScreen.prefab","Panel/CharacterInfoElement/Stats/StrengthStat/StatName","Strength",CANDIDATE_DEAD,Other,N,,,,"Original/ — may be superseded by Prefabs/UI/Account"
"Assets/Prefabs/Original/Mainmenu/Screens/CharacterListScreen.prefab","Panel/CharacterInfoElement/Stats/StrengthStat/StatValue","30",CANDIDATE_DEAD,Other,N,,,,"Original/ — may be superseded by Prefabs/UI/Account"
"Assets/Prefabs/Original/Mainmenu/Screens/CharacterListScreen.prefab","Panel/CharacterInfoElement/Stats/ClubControlStat/StatName","Club Control",CANDIDATE_DEAD,Other,N,,,,"Original/ — may be superseded by Prefabs/UI/Account"
"Assets/Prefabs/Original/Mainmenu/Screens/CharacterListScreen.prefab","Panel/CharacterInfoElement/Stats/ClubControlStat/StatValue","30",CANDIDATE_DEAD,Other,N,,,,"Original/ — may be superseded by Prefabs/UI/Account"
"Assets/Prefabs/Original/Mainmenu/Screens/CharacterListScreen.prefab","Panel/CharacterInfoElement/Stats/StaminaRegenStat/StatName","Stamina
Regeneration",CANDIDATE_DEAD,Other,N,,,,"Original/ — may be superseded by Prefabs/UI/Account"
"Assets/Prefabs/Original/Mainmenu/Screens/CharacterListScreen.prefab","Panel/CharacterInfoElement/Stats/StaminaRegenStat/StatValue","30",CANDIDATE_DEAD,Other,N,,,,"Original/ — may be superseded by Prefabs/UI/Account"
"Assets/Prefabs/Original/Mainmenu/Screens/CharacterListScreen.prefab","Panel/CharacterInfoElement/Stats/StaminaStat/StatName","Stamina",CANDIDATE_DEAD,Other,N,,,,"Original/ — may be superseded by Prefabs/UI/Account"
"Assets/Prefabs/Original/Mainmenu/Screens/CharacterListScreen.prefab","Panel/CharacterInfoElement/Stats/StaminaStat/StatValue","30",CANDIDATE_DEAD,Other,N,,,,"Original/ — may be superseded by Prefabs/UI/Account"
"Assets/Prefabs/Original/Mainmenu/Screens/CharacterListScreen.prefab","Panel/CharacterInfoElement/InfoText","New Text",CANDIDATE_DEAD,Other,N,,,,"Original/ — may be superseded by Prefabs/UI/Account"
"Assets/Prefabs/Original/Mainmenu/Screens/CharacterListScreen.prefab","Panel/CharacterInfoElement/LevelUpButton/LevelUpButtonText","LEVEL UP",CANDIDATE_DEAD,Other,N,,,,"Original/ — may be superseded by Prefabs/UI/Account"
"Assets/Prefabs/Original/Mainmenu/Screens/CharacterListScreen.prefab","Panel/CharacterInfoElement/InfoButton/Text (TMP)","INFO",CANDIDATE_DEAD,Other,N,,,,"Original/ — may be superseded by Prefabs/UI/Account"
"Assets/Prefabs/Original/Mainmenu/Screens/CharacterListScreen.prefab","Panel/CharacterInfoElement/ParameterButton/Text (TMP)","STATS",CANDIDATE_DEAD,Other,N,,,,"Original/ — may be superseded by Prefabs/UI/Account"
"Assets/Prefabs/Original/Mainmenu/Screens/CharacterListScreen.prefab","Panel/CharacterInfoElement/BoostButton/Text (TMP)","BOOST",CANDIDATE_DEAD,Other,N,,,,"Original/ — may be superseded by Prefabs/UI/Account"
"Assets/Prefabs/Original/Mainmenu/Screens/CharacterListScreen.prefab","Panel/SelectButton/Text (TMP)","SELECT",CANDIDATE_DEAD,Other,N,,,,"Original/ — may be superseded by Prefabs/UI/Account"
"Assets/Prefabs/Original/Mainmenu/Screens/CharacterListScreen.prefab","Panel/SelectedLabel/Text (TMP)","SELECTED",CANDIDATE_DEAD,Other,N,,,,"Original/ — may be superseded by Prefabs/UI/Account"
"Assets/Prefabs/Original/Mainmenu/Screens/CharacterListScreen.prefab","Panel/CharacterList/Scroll View/Viewport/Content/CharacterCard/Header/CharacterName","CHARA",CANDIDATE_DEAD,Other,N,,,,"Original/ — may be superseded by Prefabs/UI/Account"
"Assets/Prefabs/Original/Mainmenu/Screens/CharacterListScreen.prefab","Panel/CharacterList/Scroll View/Viewport/Content/CharacterCard/Header/RarityBG/CharacterLevel","Lv 1",CANDIDATE_DEAD,Other,N,,,,"Original/ — may be superseded by Prefabs/UI/Account"
"Assets/Prefabs/Original/Mainmenu/Screens/CharacterListScreen.prefab","Panel/CharacterList/Scroll View/Viewport/Content/CharacterCard/SelectedLabel/SelectedText","Selected",CANDIDATE_DEAD,Other,N,,,,"Original/ — may be superseded by Prefabs/UI/Account"
"Assets/Prefabs/Original/Mainmenu/Screens/CharacterListScreen.prefab","CharLevelUpScreenVariant/LevelUpPanel/LevelUpCard/Header/NameText","NAME",CANDIDATE_DEAD,Other,N,,,,"Original/ — may be superseded by Prefabs/UI/Account"
"Assets/Prefabs/Original/Mainmenu/Screens/CharacterListScreen.prefab","CharLevelUpScreenVariant/LevelUpPanel/LevelUpCard/Header/RarityLevelInfo/ClubLevel","Lv 1",CANDIDATE_DEAD,Other,N,,,,"Original/ — may be superseded by Prefabs/UI/Account"
"Assets/Prefabs/Original/Mainmenu/Screens/CharacterListScreen.prefab","CharLevelUpScreenVariant/LevelUpPanel/LevelUpCard/LevelUpPanel/AvailableRP/AvailableRPLabel","Available:",CANDIDATE_DEAD,Other,N,,,,"Original/ — may be superseded by Prefabs/UI/Account"
"Assets/Prefabs/Original/Mainmenu/Screens/CharacterListScreen.prefab","CharLevelUpScreenVariant/LevelUpPanel/LevelUpCard/LevelUpPanel/AvailableRP/AvailableRPText","0",CANDIDATE_DEAD,Other,N,,,,"Original/ — may be superseded by Prefabs/UI/Account"
"Assets/Prefabs/Original/Mainmenu/Screens/CharacterListScreen.prefab","CharLevelUpScreenVariant/LevelUpPanel/LevelUpCard/LevelUpPanel/LevelInfo/CurrentLevelLabel","Lv",CANDIDATE_DEAD,Other,N,,,,"Original/ — may be superseded by Prefabs/UI/Account"
"Assets/Prefabs/Original/Mainmenu/Screens/CharacterListScreen.prefab","CharLevelUpScreenVariant/LevelUpPanel/LevelUpCard/LevelUpPanel/LevelInfo/CurrentLevelText","1",CANDIDATE_DEAD,Other,N,,,,"Original/ — may be superseded by Prefabs/UI/Account"
"Assets/Prefabs/Original/Mainmenu/Screens/CharacterListScreen.prefab","CharLevelUpScreenVariant/LevelUpPanel/LevelUpCard/LevelUpPanel/LevelInfo/NextLevelLabel","Lv",CANDIDATE_DEAD,Other,N,,,,"Original/ — may be superseded by Prefabs/UI/Account"
"Assets/Prefabs/Original/Mainmenu/Screens/CharacterListScreen.prefab","CharLevelUpScreenVariant/LevelUpPanel/LevelUpCard/LevelUpPanel/LevelInfo/NextLevelText","1",CANDIDATE_DEAD,Other,N,,,,"Original/ — may be superseded by Prefabs/UI/Account"
"Assets/Prefabs/Original/Mainmenu/Screens/CharacterListScreen.prefab","CharLevelUpScreenVariant/LevelUpPanel/LevelUpCard/LevelUpPanel/CostInfo/CostLabel","Cost:",CANDIDATE_DEAD,Other,N,,,,"Original/ — may be superseded by Prefabs/UI/Account"
"Assets/Prefabs/Original/Mainmenu/Screens/CharacterListScreen.prefab","CharLevelUpScreenVariant/LevelUpPanel/LevelUpCard/LevelUpPanel/CostInfo/CostText","0",CANDIDATE_DEAD,Other,N,,,,"Original/ — may be superseded by Prefabs/UI/Account"
"Assets/Prefabs/Original/Mainmenu/Screens/CharacterListScreen.prefab","CharLevelUpScreenVariant/LevelUpPanel/LevelUpCard/LevelUpPanel/RewardInfo/RewardLabel","Reward:",CANDIDATE_DEAD,Other,N,,,,"Original/ — may be superseded by Prefabs/UI/Account"
"Assets/Prefabs/Original/Mainmenu/Screens/CharacterListScreen.prefab","CharLevelUpScreenVariant/LevelUpPanel/LevelUpCard/LevelUpPanel/RewardInfo/RewardText","0",CANDIDATE_DEAD,Other,N,,,,"Original/ — may be superseded by Prefabs/UI/Account"
"Assets/Prefabs/Original/Mainmenu/Screens/CharacterListScreen.prefab","CharLevelUpScreenVariant/LevelUpPanel/LevelUpCard/LevelUpPanel/LevelUpButton/LevelUpText","LEVEL UP",CANDIDATE_DEAD,Other,N,,,,"Original/ — may be superseded by Prefabs/UI/Account"
"Assets/Prefabs/Original/Mainmenu/Screens/CharacterListScreen.prefab","CharLevelUpScreenVariant/LevelUpPanel/LevelUpCard/SkillPointPanel/AvailableSP/AvailableSPLabel","Available:",CANDIDATE_DEAD,Other,N,,,,"Original/ — may be superseded by Prefabs/UI/Account"
"Assets/Prefabs/Original/Mainmenu/Screens/CharacterListScreen.prefab","CharLevelUpScreenVariant/LevelUpPanel/LevelUpCard/SkillPointPanel/AvailableSP/AvailableSPText","0",CANDIDATE_DEAD,Other,N,,,,"Original/ — may be superseded by Prefabs/UI/Account"
"Assets/Prefabs/Original/Mainmenu/Screens/CharacterListScreen.prefab","CharLevelUpScreenVariant/LevelUpPanel/LevelUpCard/SkillPointPanel/StatsView/StatLevelUpElement1/StatNameText","Strength",CANDIDATE_DEAD,Other,N,,,,"Original/ — may be superseded by Prefabs/UI/Account"
"Assets/Prefabs/Original/Mainmenu/Screens/CharacterListScreen.prefab","CharLevelUpScreenVariant/LevelUpPanel/LevelUpCard/SkillPointPanel/StatsView/StatLevelUpElement1/StatBarValue/StatValueText","0",CANDIDATE_DEAD,Other,N,,,,"Original/ — may be superseded by Prefabs/UI/Account"
"Assets/Prefabs/Original/Mainmenu/Screens/CharacterListScreen.prefab","CharLevelUpScreenVariant/LevelUpPanel/LevelUpCard/SkillPointPanel/StatsView/StatLevelUpElement1/PlusButton/PlusText","+1",CANDIDATE_DEAD,Other,N,,,,"Original/ — may be superseded by Prefabs/UI/Account"
"Assets/Prefabs/Original/Mainmenu/Screens/CharacterListScreen.prefab","CharLevelUpScreenVariant/LevelUpPanel/LevelUpCard/SkillPointPanel/StatsView/StatLevelUpElement2/StatNameText","Club Control",CANDIDATE_DEAD,Other,N,,,,"Original/ — may be superseded by Prefabs/UI/Account"
"Assets/Prefabs/Original/Mainmenu/Screens/CharacterListScreen.prefab","CharLevelUpScreenVariant/LevelUpPanel/LevelUpCard/SkillPointPanel/StatsView/StatLevelUpElement2/StatBarValue/StatValueText","0",CANDIDATE_DEAD,Other,N,,,,"Original/ — may be superseded by Prefabs/UI/Account"
"Assets/Prefabs/Original/Mainmenu/Screens/CharacterListScreen.prefab","CharLevelUpScreenVariant/LevelUpPanel/LevelUpCard/SkillPointPanel/StatsView/StatLevelUpElement2/PlusButton/PlusText","+1",CANDIDATE_DEAD,Other,N,,,,"Original/ — may be superseded by Prefabs/UI/Account"
"Assets/Prefabs/Original/Mainmenu/Screens/CharacterListScreen.prefab","CharLevelUpScreenVariant/LevelUpPanel/LevelUpCard/SkillPointPanel/StatsView/StatLevelUpElement3/StatNameText","Stamina Regeneration",CANDIDATE_DEAD,Other,N,,,,"Original/ — may be superseded by Prefabs/UI/Account"
"Assets/Prefabs/Original/Mainmenu/Screens/CharacterListScreen.prefab","CharLevelUpScreenVariant/LevelUpPanel/LevelUpCard/SkillPointPanel/StatsView/StatLevelUpElement3/StatBarValue/StatValueText","0",CANDIDATE_DEAD,Other,N,,,,"Original/ — may be superseded by Prefabs/UI/Account"
"Assets/Prefabs/Original/Mainmenu/Screens/CharacterListScreen.prefab","CharLevelUpScreenVariant/LevelUpPanel/LevelUpCard/SkillPointPanel/StatsView/StatLevelUpElement3/PlusButton/PlusText","+1",CANDIDATE_DEAD,Other,N,,,,"Original/ — may be superseded by Prefabs/UI/Account"
"Assets/Prefabs/Original/Mainmenu/Screens/CharacterListScreen.prefab","CharLevelUpScreenVariant/LevelUpPanel/LevelUpCard/SkillPointPanel/StatsView/StatLevelUpElement4/StatNameText","Stamina",CANDIDATE_DEAD,Other,N,,,,"Original/ — may be superseded by Prefabs/UI/Account"
"Assets/Prefabs/Original/Mainmenu/Screens/CharacterListScreen.prefab","CharLevelUpScreenVariant/LevelUpPanel/LevelUpCard/SkillPointPanel/StatsView/StatLevelUpElement4/StatBarValue/StatValueText","0",CANDIDATE_DEAD,Other,N,,,,"Original/ — may be superseded by Prefabs/UI/Account"
"Assets/Prefabs/Original/Mainmenu/Screens/CharacterListScreen.prefab","CharLevelUpScreenVariant/LevelUpPanel/LevelUpCard/SkillPointPanel/StatsView/StatLevelUpElement4/PlusButton/PlusText","+1",CANDIDATE_DEAD,Other,N,,,,"Original/ — may be superseded by Prefabs/UI/Account"
"Assets/Prefabs/Original/Mainmenu/Screens/CharacterListScreen.prefab","CharLevelUpScreenVariant/LevelUpPanel/LevelUpCard/SkillPointPanel/ResetButton/ResetText","RESET",CANDIDATE_DEAD,Other,N,,,,"Original/ — may be superseded by Prefabs/UI/Account"
"Assets/Prefabs/Original/Mainmenu/Screens/CharacterListScreen.prefab","CharLevelUpScreenVariant/LevelUpPanel/CancelButton/CancelText","CANCEL",CANDIDATE_DEAD,Other,N,,,,"Original/ — may be superseded by Prefabs/UI/Account"
"Assets/Prefabs/Original/Mainmenu/Screens/CharacterListScreen.prefab","CharLevelUpScreenVariant/LevelUpPanel/ConfirmButton/ConfirmText","CONFIRM",CANDIDATE_DEAD,Other,N,,,,"Original/ — may be superseded by Prefabs/UI/Account"
"Assets/Prefabs/Original/Mainmenu/Screens/CharacterListScreen.prefab","CharLevelUpScreenVariant/ResultPanel/LevelUpCard/Header/NameText","NAME",CANDIDATE_DEAD,Other,N,,,,"Original/ — may be superseded by Prefabs/UI/Account"
"Assets/Prefabs/Original/Mainmenu/Screens/CharacterListScreen.prefab","CharLevelUpScreenVariant/ResultPanel/LevelUpCard/Header/RarityLevelInfo/ClubLevel","Lv 1",CANDIDATE_DEAD,Other,N,,,,"Original/ — may be superseded by Prefabs/UI/Account"
"Assets/Prefabs/Original/Mainmenu/Screens/CharacterListScreen.prefab","CharLevelUpScreenVariant/ResultPanel/LevelUpCard/LevelInfoPanel/LevelInfo/PrevLevelLabel","Lv",CANDIDATE_DEAD,Other,N,,,,"Original/ — may be superseded by Prefabs/UI/Account"
"Assets/Prefabs/Original/Mainmenu/Screens/CharacterListScreen.prefab","CharLevelUpScreenVariant/ResultPanel/LevelUpCard/LevelInfoPanel/LevelInfo/PrevLevelText","1",CANDIDATE_DEAD,Other,N,,,,"Original/ — may be superseded by Prefabs/UI/Account"
"Assets/Prefabs/Original/Mainmenu/Screens/CharacterListScreen.prefab","CharLevelUpScreenVariant/ResultPanel/LevelUpCard/LevelInfoPanel/LevelInfo/NextLevelLabel","Lv",CANDIDATE_DEAD,Other,N,,,,"Original/ — may be superseded by Prefabs/UI/Account"
"Assets/Prefabs/Original/Mainmenu/Screens/CharacterListScreen.prefab","CharLevelUpScreenVariant/ResultPanel/LevelUpCard/LevelInfoPanel/LevelInfo/NextLevelText","1",CANDIDATE_DEAD,Other,N,,,,"Original/ — may be superseded by Prefabs/UI/Account"
"Assets/Prefabs/Original/Mainmenu/Screens/CharacterListScreen.prefab","CharLevelUpScreenVariant/ResultPanel/LevelUpCard/LevelInfoPanel/TotalCostInfo/TotalCostLabel","Total Cost:",CANDIDATE_DEAD,Other,N,,,,"Original/ — may be superseded by Prefabs/UI/Account"
"Assets/Prefabs/Original/Mainmenu/Screens/CharacterListScreen.prefab","CharLevelUpScreenVariant/ResultPanel/LevelUpCard/LevelInfoPanel/TotalCostInfo/TotalCostText","0",CANDIDATE_DEAD,Other,N,,,,"Original/ — may be superseded by Prefabs/UI/Account"
"Assets/Prefabs/Original/Mainmenu/Screens/CharacterListScreen.prefab","CharLevelUpScreenVariant/ResultPanel/LevelUpCard/SkillPointPanel/StatsView/ResultStatElement1/StatNameText","Strength",CANDIDATE_DEAD,Other,N,,,,"Original/ — may be superseded by Prefabs/UI/Account"
"Assets/Prefabs/Original/Mainmenu/Screens/CharacterListScreen.prefab","CharLevelUpScreenVariant/ResultPanel/LevelUpCard/SkillPointPanel/StatsView/ResultStatElement1/ValueChange/PrevStatValueText","0",CANDIDATE_DEAD,Other,N,,,,"Original/ — may be superseded by Prefabs/UI/Account"
"Assets/Prefabs/Original/Mainmenu/Screens/CharacterListScreen.prefab","CharLevelUpScreenVariant/ResultPanel/LevelUpCard/SkillPointPanel/StatsView/ResultStatElement1/ValueChange/NewStatValueText","0",CANDIDATE_DEAD,Other,N,,,,"Original/ — may be superseded by Prefabs/UI/Account"
"Assets/Prefabs/Original/Mainmenu/Screens/CharacterListScreen.prefab","CharLevelUpScreenVariant/ResultPanel/LevelUpCard/SkillPointPanel/StatsView/ResultStatElement2/StatNameText","Club Control",CANDIDATE_DEAD,Other,N,,,,"Original/ — may be superseded by Prefabs/UI/Account"
"Assets/Prefabs/Original/Mainmenu/Screens/CharacterListScreen.prefab","CharLevelUpScreenVariant/ResultPanel/LevelUpCard/SkillPointPanel/StatsView/ResultStatElement2/ValueChange/PrevStatValueText","0",CANDIDATE_DEAD,Other,N,,,,"Original/ — may be superseded by Prefabs/UI/Account"
"Assets/Prefabs/Original/Mainmenu/Screens/CharacterListScreen.prefab","CharLevelUpScreenVariant/ResultPanel/LevelUpCard/SkillPointPanel/StatsView/ResultStatElement2/ValueChange/NewStatValueText","0",CANDIDATE_DEAD,Other,N,,,,"Original/ — may be superseded by Prefabs/UI/Account"
"Assets/Prefabs/Original/Mainmenu/Screens/CharacterListScreen.prefab","CharLevelUpScreenVariant/ResultPanel/LevelUpCard/SkillPointPanel/StatsView/ResultStatElement3/StatNameText","Stamina Regeneration",CANDIDATE_DEAD,Other,N,,,,"Original/ — may be superseded by Prefabs/UI/Account"
"Assets/Prefabs/Original/Mainmenu/Screens/CharacterListScreen.prefab","CharLevelUpScreenVariant/ResultPanel/LevelUpCard/SkillPointPanel/StatsView/ResultStatElement3/ValueChange/PrevStatValueText","0",CANDIDATE_DEAD,Other,N,,,,"Original/ — may be superseded by Prefabs/UI/Account"
"Assets/Prefabs/Original/Mainmenu/Screens/CharacterListScreen.prefab","CharLevelUpScreenVariant/ResultPanel/LevelUpCard/SkillPointPanel/StatsView/ResultStatElement3/ValueChange/NewStatValueText","0",CANDIDATE_DEAD,Other,N,,,,"Original/ — may be superseded by Prefabs/UI/Account"
"Assets/Prefabs/Original/Mainmenu/Screens/CharacterListScreen.prefab","CharLevelUpScreenVariant/ResultPanel/LevelUpCard/SkillPointPanel/StatsView/ResultStatElement4/StatNameText","Stamina",CANDIDATE_DEAD,Other,N,,,,"Original/ — may be superseded by Prefabs/UI/Account"
"Assets/Prefabs/Original/Mainmenu/Screens/CharacterListScreen.prefab","CharLevelUpScreenVariant/ResultPanel/LevelUpCard/SkillPointPanel/StatsView/ResultStatElement4/ValueChange/PrevStatValueText","0",CANDIDATE_DEAD,Other,N,,,,"Original/ — may be superseded by Prefabs/UI/Account"
"Assets/Prefabs/Original/Mainmenu/Screens/CharacterListScreen.prefab","CharLevelUpScreenVariant/ResultPanel/LevelUpCard/SkillPointPanel/StatsView/ResultStatElement4/ValueChange/NewStatValueText","0",CANDIDATE_DEAD,Other,N,,,,"Original/ — may be superseded by Prefabs/UI/Account"
"Assets/Prefabs/Original/Mainmenu/Screens/CharacterListScreen.prefab","CharLevelUpScreenVariant/ResultPanel/DoneButton/DoneText","DONE",CANDIDATE_DEAD,Other,N,,,,"Original/ — may be superseded by Prefabs/UI/Account"
"Assets/Prefabs/Original/Mainmenu/Screens/CharLevelUpScreenVariant.prefab","LevelUpPanel/LevelUpCard/Header/NameText","NAME",CANDIDATE_DEAD,Other,N,,,,"Original/ — may be superseded by Prefabs/UI/Account"
"Assets/Prefabs/Original/Mainmenu/Screens/CharLevelUpScreenVariant.prefab","LevelUpPanel/LevelUpCard/Header/RarityLevelInfo/ClubLevel","Lv 1",CANDIDATE_DEAD,Other,N,,,,"Original/ — may be superseded by Prefabs/UI/Account"
"Assets/Prefabs/Original/Mainmenu/Screens/CharLevelUpScreenVariant.prefab","LevelUpPanel/LevelUpCard/LevelUpPanel/AvailableRP/AvailableRPLabel","Available:",CANDIDATE_DEAD,Other,N,,,,"Original/ — may be superseded by Prefabs/UI/Account"
"Assets/Prefabs/Original/Mainmenu/Screens/CharLevelUpScreenVariant.prefab","LevelUpPanel/LevelUpCard/LevelUpPanel/AvailableRP/AvailableRPText","0",CANDIDATE_DEAD,Other,N,,,,"Original/ — may be superseded by Prefabs/UI/Account"
"Assets/Prefabs/Original/Mainmenu/Screens/CharLevelUpScreenVariant.prefab","LevelUpPanel/LevelUpCard/LevelUpPanel/LevelInfo/CurrentLevelLabel","Lv",CANDIDATE_DEAD,Other,N,,,,"Original/ — may be superseded by Prefabs/UI/Account"
"Assets/Prefabs/Original/Mainmenu/Screens/CharLevelUpScreenVariant.prefab","LevelUpPanel/LevelUpCard/LevelUpPanel/LevelInfo/CurrentLevelText","1",CANDIDATE_DEAD,Other,N,,,,"Original/ — may be superseded by Prefabs/UI/Account"
"Assets/Prefabs/Original/Mainmenu/Screens/CharLevelUpScreenVariant.prefab","LevelUpPanel/LevelUpCard/LevelUpPanel/LevelInfo/NextLevelLabel","Lv",CANDIDATE_DEAD,Other,N,,,,"Original/ — may be superseded by Prefabs/UI/Account"
"Assets/Prefabs/Original/Mainmenu/Screens/CharLevelUpScreenVariant.prefab","LevelUpPanel/LevelUpCard/LevelUpPanel/LevelInfo/NextLevelText","1",CANDIDATE_DEAD,Other,N,,,,"Original/ — may be superseded by Prefabs/UI/Account"
"Assets/Prefabs/Original/Mainmenu/Screens/CharLevelUpScreenVariant.prefab","LevelUpPanel/LevelUpCard/LevelUpPanel/CostInfo/CostLabel","Cost:",CANDIDATE_DEAD,Other,N,,,,"Original/ — may be superseded by Prefabs/UI/Account"
"Assets/Prefabs/Original/Mainmenu/Screens/CharLevelUpScreenVariant.prefab","LevelUpPanel/LevelUpCard/LevelUpPanel/CostInfo/CostText","0",CANDIDATE_DEAD,Other,N,,,,"Original/ — may be superseded by Prefabs/UI/Account"
"Assets/Prefabs/Original/Mainmenu/Screens/CharLevelUpScreenVariant.prefab","LevelUpPanel/LevelUpCard/LevelUpPanel/RewardInfo/RewardLabel","Reward:",CANDIDATE_DEAD,Other,N,,,,"Original/ — may be superseded by Prefabs/UI/Account"
"Assets/Prefabs/Original/Mainmenu/Screens/CharLevelUpScreenVariant.prefab","LevelUpPanel/LevelUpCard/LevelUpPanel/RewardInfo/RewardText","0",CANDIDATE_DEAD,Other,N,,,,"Original/ — may be superseded by Prefabs/UI/Account"
"Assets/Prefabs/Original/Mainmenu/Screens/CharLevelUpScreenVariant.prefab","LevelUpPanel/LevelUpCard/LevelUpPanel/LevelUpButton/LevelUpText","LEVEL UP",CANDIDATE_DEAD,Other,N,,,,"Original/ — may be superseded by Prefabs/UI/Account"
"Assets/Prefabs/Original/Mainmenu/Screens/CharLevelUpScreenVariant.prefab","LevelUpPanel/LevelUpCard/SkillPointPanel/AvailableSP/AvailableSPLabel","Available:",CANDIDATE_DEAD,Other,N,,,,"Original/ — may be superseded by Prefabs/UI/Account"
"Assets/Prefabs/Original/Mainmenu/Screens/CharLevelUpScreenVariant.prefab","LevelUpPanel/LevelUpCard/SkillPointPanel/AvailableSP/AvailableSPText","0",CANDIDATE_DEAD,Other,N,,,,"Original/ — may be superseded by Prefabs/UI/Account"
"Assets/Prefabs/Original/Mainmenu/Screens/CharLevelUpScreenVariant.prefab","LevelUpPanel/LevelUpCard/SkillPointPanel/StatsView/StatLevelUpElement1/StatNameText","Strength",CANDIDATE_DEAD,Other,N,,,,"Original/ — may be superseded by Prefabs/UI/Account"
"Assets/Prefabs/Original/Mainmenu/Screens/CharLevelUpScreenVariant.prefab","LevelUpPanel/LevelUpCard/SkillPointPanel/StatsView/StatLevelUpElement1/StatBarValue/StatValueText","0",CANDIDATE_DEAD,Other,N,,,,"Original/ — may be superseded by Prefabs/UI/Account"
"Assets/Prefabs/Original/Mainmenu/Screens/CharLevelUpScreenVariant.prefab","LevelUpPanel/LevelUpCard/SkillPointPanel/StatsView/StatLevelUpElement1/PlusButton/PlusText","+1",CANDIDATE_DEAD,Other,N,,,,"Original/ — may be superseded by Prefabs/UI/Account"
"Assets/Prefabs/Original/Mainmenu/Screens/CharLevelUpScreenVariant.prefab","LevelUpPanel/LevelUpCard/SkillPointPanel/StatsView/StatLevelUpElement2/StatNameText","Club Control",CANDIDATE_DEAD,Other,N,,,,"Original/ — may be superseded by Prefabs/UI/Account"
"Assets/Prefabs/Original/Mainmenu/Screens/CharLevelUpScreenVariant.prefab","LevelUpPanel/LevelUpCard/SkillPointPanel/StatsView/StatLevelUpElement2/StatBarValue/StatValueText","0",CANDIDATE_DEAD,Other,N,,,,"Original/ — may be superseded by Prefabs/UI/Account"
"Assets/Prefabs/Original/Mainmenu/Screens/CharLevelUpScreenVariant.prefab","LevelUpPanel/LevelUpCard/SkillPointPanel/StatsView/StatLevelUpElement2/PlusButton/PlusText","+1",CANDIDATE_DEAD,Other,N,,,,"Original/ — may be superseded by Prefabs/UI/Account"
"Assets/Prefabs/Original/Mainmenu/Screens/CharLevelUpScreenVariant.prefab","LevelUpPanel/LevelUpCard/SkillPointPanel/StatsView/StatLevelUpElement3/StatNameText","Stamina Regeneration",CANDIDATE_DEAD,Other,N,,,,"Original/ — may be superseded by Prefabs/UI/Account"
"Assets/Prefabs/Original/Mainmenu/Screens/CharLevelUpScreenVariant.prefab","LevelUpPanel/LevelUpCard/SkillPointPanel/StatsView/StatLevelUpElement3/StatBarValue/StatValueText","0",CANDIDATE_DEAD,Other,N,,,,"Original/ — may be superseded by Prefabs/UI/Account"
"Assets/Prefabs/Original/Mainmenu/Screens/CharLevelUpScreenVariant.prefab","LevelUpPanel/LevelUpCard/SkillPointPanel/StatsView/StatLevelUpElement3/PlusButton/PlusText","+1",CANDIDATE_DEAD,Other,N,,,,"Original/ — may be superseded by Prefabs/UI/Account"
"Assets/Prefabs/Original/Mainmenu/Screens/CharLevelUpScreenVariant.prefab","LevelUpPanel/LevelUpCard/SkillPointPanel/StatsView/StatLevelUpElement4/StatNameText","Stamina",CANDIDATE_DEAD,Other,N,,,,"Original/ — may be superseded by Prefabs/UI/Account"
"Assets/Prefabs/Original/Mainmenu/Screens/CharLevelUpScreenVariant.prefab","LevelUpPanel/LevelUpCard/SkillPointPanel/StatsView/StatLevelUpElement4/StatBarValue/StatValueText","0",CANDIDATE_DEAD,Other,N,,,,"Original/ — may be superseded by Prefabs/UI/Account"
"Assets/Prefabs/Original/Mainmenu/Screens/CharLevelUpScreenVariant.prefab","LevelUpPanel/LevelUpCard/SkillPointPanel/StatsView/StatLevelUpElement4/PlusButton/PlusText","+1",CANDIDATE_DEAD,Other,N,,,,"Original/ — may be superseded by Prefabs/UI/Account"
"Assets/Prefabs/Original/Mainmenu/Screens/CharLevelUpScreenVariant.prefab","LevelUpPanel/LevelUpCard/SkillPointPanel/ResetButton/ResetText","RESET",CANDIDATE_DEAD,Other,N,,,,"Original/ — may be superseded by Prefabs/UI/Account"
"Assets/Prefabs/Original/Mainmenu/Screens/CharLevelUpScreenVariant.prefab","LevelUpPanel/CancelButton/CancelText","CANCEL",CANDIDATE_DEAD,Other,N,,,,"Original/ — may be superseded by Prefabs/UI/Account"
"Assets/Prefabs/Original/Mainmenu/Screens/CharLevelUpScreenVariant.prefab","LevelUpPanel/ConfirmButton/ConfirmText","CONFIRM",CANDIDATE_DEAD,Other,N,,,,"Original/ — may be superseded by Prefabs/UI/Account"
"Assets/Prefabs/Original/Mainmenu/Screens/CharLevelUpScreenVariant.prefab","ResultPanel/LevelUpCard/Header/NameText","NAME",CANDIDATE_DEAD,Other,N,,,,"Original/ — may be superseded by Prefabs/UI/Account"
"Assets/Prefabs/Original/Mainmenu/Screens/CharLevelUpScreenVariant.prefab","ResultPanel/LevelUpCard/Header/RarityLevelInfo/ClubLevel","Lv 1",CANDIDATE_DEAD,Other,N,,,,"Original/ — may be superseded by Prefabs/UI/Account"
"Assets/Prefabs/Original/Mainmenu/Screens/CharLevelUpScreenVariant.prefab","ResultPanel/LevelUpCard/LevelInfoPanel/LevelInfo/PrevLevelLabel","Lv",CANDIDATE_DEAD,Other,N,,,,"Original/ — may be superseded by Prefabs/UI/Account"
"Assets/Prefabs/Original/Mainmenu/Screens/CharLevelUpScreenVariant.prefab","ResultPanel/LevelUpCard/LevelInfoPanel/LevelInfo/PrevLevelText","1",CANDIDATE_DEAD,Other,N,,,,"Original/ — may be superseded by Prefabs/UI/Account"
"Assets/Prefabs/Original/Mainmenu/Screens/CharLevelUpScreenVariant.prefab","ResultPanel/LevelUpCard/LevelInfoPanel/LevelInfo/NextLevelLabel","Lv",CANDIDATE_DEAD,Other,N,,,,"Original/ — may be superseded by Prefabs/UI/Account"
"Assets/Prefabs/Original/Mainmenu/Screens/CharLevelUpScreenVariant.prefab","ResultPanel/LevelUpCard/LevelInfoPanel/LevelInfo/NextLevelText","1",CANDIDATE_DEAD,Other,N,,,,"Original/ — may be superseded by Prefabs/UI/Account"
"Assets/Prefabs/Original/Mainmenu/Screens/CharLevelUpScreenVariant.prefab","ResultPanel/LevelUpCard/LevelInfoPanel/TotalCostInfo/TotalCostLabel","Total Cost:",CANDIDATE_DEAD,Other,N,,,,"Original/ — may be superseded by Prefabs/UI/Account"
"Assets/Prefabs/Original/Mainmenu/Screens/CharLevelUpScreenVariant.prefab","ResultPanel/LevelUpCard/LevelInfoPanel/TotalCostInfo/TotalCostText","0",CANDIDATE_DEAD,Other,N,,,,"Original/ — may be superseded by Prefabs/UI/Account"
"Assets/Prefabs/Original/Mainmenu/Screens/CharLevelUpScreenVariant.prefab","ResultPanel/LevelUpCard/SkillPointPanel/StatsView/ResultStatElement1/StatNameText","Strength",CANDIDATE_DEAD,Other,N,,,,"Original/ — may be superseded by Prefabs/UI/Account"
"Assets/Prefabs/Original/Mainmenu/Screens/CharLevelUpScreenVariant.prefab","ResultPanel/LevelUpCard/SkillPointPanel/StatsView/ResultStatElement1/ValueChange/PrevStatValueText","0",CANDIDATE_DEAD,Other,N,,,,"Original/ — may be superseded by Prefabs/UI/Account"
"Assets/Prefabs/Original/Mainmenu/Screens/CharLevelUpScreenVariant.prefab","ResultPanel/LevelUpCard/SkillPointPanel/StatsView/ResultStatElement1/ValueChange/NewStatValueText","0",CANDIDATE_DEAD,Other,N,,,,"Original/ — may be superseded by Prefabs/UI/Account"
"Assets/Prefabs/Original/Mainmenu/Screens/CharLevelUpScreenVariant.prefab","ResultPanel/LevelUpCard/SkillPointPanel/StatsView/ResultStatElement2/StatNameText","Club Control",CANDIDATE_DEAD,Other,N,,,,"Original/ — may be superseded by Prefabs/UI/Account"
"Assets/Prefabs/Original/Mainmenu/Screens/CharLevelUpScreenVariant.prefab","ResultPanel/LevelUpCard/SkillPointPanel/StatsView/ResultStatElement2/ValueChange/PrevStatValueText","0",CANDIDATE_DEAD,Other,N,,,,"Original/ — may be superseded by Prefabs/UI/Account"
"Assets/Prefabs/Original/Mainmenu/Screens/CharLevelUpScreenVariant.prefab","ResultPanel/LevelUpCard/SkillPointPanel/StatsView/ResultStatElement2/ValueChange/NewStatValueText","0",CANDIDATE_DEAD,Other,N,,,,"Original/ — may be superseded by Prefabs/UI/Account"
"Assets/Prefabs/Original/Mainmenu/Screens/CharLevelUpScreenVariant.prefab","ResultPanel/LevelUpCard/SkillPointPanel/StatsView/ResultStatElement3/StatNameText","Stamina Regeneration",CANDIDATE_DEAD,Other,N,,,,"Original/ — may be superseded by Prefabs/UI/Account"
"Assets/Prefabs/Original/Mainmenu/Screens/CharLevelUpScreenVariant.prefab","ResultPanel/LevelUpCard/SkillPointPanel/StatsView/ResultStatElement3/ValueChange/PrevStatValueText","0",CANDIDATE_DEAD,Other,N,,,,"Original/ — may be superseded by Prefabs/UI/Account"
"Assets/Prefabs/Original/Mainmenu/Screens/CharLevelUpScreenVariant.prefab","ResultPanel/LevelUpCard/SkillPointPanel/StatsView/ResultStatElement3/ValueChange/NewStatValueText","0",CANDIDATE_DEAD,Other,N,,,,"Original/ — may be superseded by Prefabs/UI/Account"
"Assets/Prefabs/Original/Mainmenu/Screens/CharLevelUpScreenVariant.prefab","ResultPanel/LevelUpCard/SkillPointPanel/StatsView/ResultStatElement4/StatNameText","Stamina",CANDIDATE_DEAD,Other,N,,,,"Original/ — may be superseded by Prefabs/UI/Account"
"Assets/Prefabs/Original/Mainmenu/Screens/CharLevelUpScreenVariant.prefab","ResultPanel/LevelUpCard/SkillPointPanel/StatsView/ResultStatElement4/ValueChange/PrevStatValueText","0",CANDIDATE_DEAD,Other,N,,,,"Original/ — may be superseded by Prefabs/UI/Account"
"Assets/Prefabs/Original/Mainmenu/Screens/CharLevelUpScreenVariant.prefab","ResultPanel/LevelUpCard/SkillPointPanel/StatsView/ResultStatElement4/ValueChange/NewStatValueText","0",CANDIDATE_DEAD,Other,N,,,,"Original/ — may be superseded by Prefabs/UI/Account"
"Assets/Prefabs/Original/Mainmenu/Screens/CharLevelUpScreenVariant.prefab","ResultPanel/DoneButton/DoneText","DONE",CANDIDATE_DEAD,Other,N,,,,"Original/ — may be superseded by Prefabs/UI/Account"
"Assets/Prefabs/Original/Mainmenu/Screens/ClubLevelUpScreenVariant.prefab","LevelUpPanel/LevelUpCard/Header/NameText","NAME",CANDIDATE_DEAD,Inventory/Bag,N,,,,"Original/ — may be superseded by Prefabs/UI/Account"
"Assets/Prefabs/Original/Mainmenu/Screens/ClubLevelUpScreenVariant.prefab","LevelUpPanel/LevelUpCard/Header/RarityLevelInfo/ClubLevel","Lv 1",CANDIDATE_DEAD,Inventory/Bag,N,,,,"Original/ — may be superseded by Prefabs/UI/Account"
"Assets/Prefabs/Original/Mainmenu/Screens/ClubLevelUpScreenVariant.prefab","LevelUpPanel/LevelUpCard/LevelUpPanel/AvailableRP/AvailableRPLabel","Available:",CANDIDATE_DEAD,Inventory/Bag,N,,,,"Original/ — may be superseded by Prefabs/UI/Account"
"Assets/Prefabs/Original/Mainmenu/Screens/ClubLevelUpScreenVariant.prefab","LevelUpPanel/LevelUpCard/LevelUpPanel/AvailableRP/AvailableRPText","0",CANDIDATE_DEAD,Inventory/Bag,N,,,,"Original/ — may be superseded by Prefabs/UI/Account"
"Assets/Prefabs/Original/Mainmenu/Screens/ClubLevelUpScreenVariant.prefab","LevelUpPanel/LevelUpCard/LevelUpPanel/LevelInfo/CurrentLevelLabel","Lv",CANDIDATE_DEAD,Inventory/Bag,N,,,,"Original/ — may be superseded by Prefabs/UI/Account"
"Assets/Prefabs/Original/Mainmenu/Screens/ClubLevelUpScreenVariant.prefab","LevelUpPanel/LevelUpCard/LevelUpPanel/LevelInfo/CurrentLevelText","1",CANDIDATE_DEAD,Inventory/Bag,N,,,,"Original/ — may be superseded by Prefabs/UI/Account"
"Assets/Prefabs/Original/Mainmenu/Screens/ClubLevelUpScreenVariant.prefab","LevelUpPanel/LevelUpCard/LevelUpPanel/LevelInfo/NextLevelLabel","Lv",CANDIDATE_DEAD,Inventory/Bag,N,,,,"Original/ — may be superseded by Prefabs/UI/Account"
"Assets/Prefabs/Original/Mainmenu/Screens/ClubLevelUpScreenVariant.prefab","LevelUpPanel/LevelUpCard/LevelUpPanel/LevelInfo/NextLevelText","1",CANDIDATE_DEAD,Inventory/Bag,N,,,,"Original/ — may be superseded by Prefabs/UI/Account"
"Assets/Prefabs/Original/Mainmenu/Screens/ClubLevelUpScreenVariant.prefab","LevelUpPanel/LevelUpCard/LevelUpPanel/CostInfo/CostLabel","Cost:",CANDIDATE_DEAD,Inventory/Bag,N,,,,"Original/ — may be superseded by Prefabs/UI/Account"
"Assets/Prefabs/Original/Mainmenu/Screens/ClubLevelUpScreenVariant.prefab","LevelUpPanel/LevelUpCard/LevelUpPanel/CostInfo/CostText","0",CANDIDATE_DEAD,Inventory/Bag,N,,,,"Original/ — may be superseded by Prefabs/UI/Account"
"Assets/Prefabs/Original/Mainmenu/Screens/ClubLevelUpScreenVariant.prefab","LevelUpPanel/LevelUpCard/LevelUpPanel/RewardInfo/RewardLabel","Reward:",CANDIDATE_DEAD,Inventory/Bag,N,,,,"Original/ — may be superseded by Prefabs/UI/Account"
"Assets/Prefabs/Original/Mainmenu/Screens/ClubLevelUpScreenVariant.prefab","LevelUpPanel/LevelUpCard/LevelUpPanel/RewardInfo/RewardText","0",CANDIDATE_DEAD,Inventory/Bag,N,,,,"Original/ — may be superseded by Prefabs/UI/Account"
"Assets/Prefabs/Original/Mainmenu/Screens/ClubLevelUpScreenVariant.prefab","LevelUpPanel/LevelUpCard/LevelUpPanel/LevelUpButton/LevelUpText","LEVEL UP",CANDIDATE_DEAD,Inventory/Bag,N,,,,"Original/ — may be superseded by Prefabs/UI/Account"
"Assets/Prefabs/Original/Mainmenu/Screens/ClubLevelUpScreenVariant.prefab","LevelUpPanel/LevelUpCard/SkillPointPanel/AvailableSP/AvailableSPLabel","Available:",CANDIDATE_DEAD,Inventory/Bag,N,,,,"Original/ — may be superseded by Prefabs/UI/Account"
"Assets/Prefabs/Original/Mainmenu/Screens/ClubLevelUpScreenVariant.prefab","LevelUpPanel/LevelUpCard/SkillPointPanel/AvailableSP/AvailableSPText","0",CANDIDATE_DEAD,Inventory/Bag,N,,,,"Original/ — may be superseded by Prefabs/UI/Account"
"Assets/Prefabs/Original/Mainmenu/Screens/ClubLevelUpScreenVariant.prefab","LevelUpPanel/LevelUpCard/SkillPointPanel/StatsView/StatLevelUpElement1/StatNameText","Power",CANDIDATE_DEAD,Inventory/Bag,N,,,,"Original/ — may be superseded by Prefabs/UI/Account"
"Assets/Prefabs/Original/Mainmenu/Screens/ClubLevelUpScreenVariant.prefab","LevelUpPanel/LevelUpCard/SkillPointPanel/StatsView/StatLevelUpElement1/StatBarValue/StatValueText","0",CANDIDATE_DEAD,Inventory/Bag,N,,,,"Original/ — may be superseded by Prefabs/UI/Account"
"Assets/Prefabs/Original/Mainmenu/Screens/ClubLevelUpScreenVariant.prefab","LevelUpPanel/LevelUpCard/SkillPointPanel/StatsView/StatLevelUpElement1/PlusButton/PlusText","+1",CANDIDATE_DEAD,Inventory/Bag,N,,,,"Original/ — may be superseded by Prefabs/UI/Account"
"Assets/Prefabs/Original/Mainmenu/Screens/ClubLevelUpScreenVariant.prefab","LevelUpPanel/LevelUpCard/SkillPointPanel/StatsView/StatLevelUpElement2/StatNameText","Accuracy",CANDIDATE_DEAD,Inventory/Bag,N,,,,"Original/ — may be superseded by Prefabs/UI/Account"
"Assets/Prefabs/Original/Mainmenu/Screens/ClubLevelUpScreenVariant.prefab","LevelUpPanel/LevelUpCard/SkillPointPanel/StatsView/StatLevelUpElement2/StatBarValue/StatValueText","0",CANDIDATE_DEAD,Inventory/Bag,N,,,,"Original/ — may be superseded by Prefabs/UI/Account"
"Assets/Prefabs/Original/Mainmenu/Screens/ClubLevelUpScreenVariant.prefab","LevelUpPanel/LevelUpCard/SkillPointPanel/StatsView/StatLevelUpElement2/PlusButton/PlusText","+1",CANDIDATE_DEAD,Inventory/Bag,N,,,,"Original/ — may be superseded by Prefabs/UI/Account"
"Assets/Prefabs/Original/Mainmenu/Screens/ClubLevelUpScreenVariant.prefab","LevelUpPanel/LevelUpCard/SkillPointPanel/StatsView/StatLevelUpElement3/StatNameText","Spin",CANDIDATE_DEAD,Inventory/Bag,N,,,,"Original/ — may be superseded by Prefabs/UI/Account"
"Assets/Prefabs/Original/Mainmenu/Screens/ClubLevelUpScreenVariant.prefab","LevelUpPanel/LevelUpCard/SkillPointPanel/StatsView/StatLevelUpElement3/StatBarValue/StatValueText","0",CANDIDATE_DEAD,Inventory/Bag,N,,,,"Original/ — may be superseded by Prefabs/UI/Account"
"Assets/Prefabs/Original/Mainmenu/Screens/ClubLevelUpScreenVariant.prefab","LevelUpPanel/LevelUpCard/SkillPointPanel/StatsView/StatLevelUpElement3/PlusButton/PlusText","+1",CANDIDATE_DEAD,Inventory/Bag,N,,,,"Original/ — may be superseded by Prefabs/UI/Account"
"Assets/Prefabs/Original/Mainmenu/Screens/ClubLevelUpScreenVariant.prefab","LevelUpPanel/LevelUpCard/SkillPointPanel/StatsView/StatLevelUpElement4/StatNameText","Recovery",CANDIDATE_DEAD,Inventory/Bag,N,,,,"Original/ — may be superseded by Prefabs/UI/Account"
"Assets/Prefabs/Original/Mainmenu/Screens/ClubLevelUpScreenVariant.prefab","LevelUpPanel/LevelUpCard/SkillPointPanel/StatsView/StatLevelUpElement4/StatBarValue/StatValueText","0",CANDIDATE_DEAD,Inventory/Bag,N,,,,"Original/ — may be superseded by Prefabs/UI/Account"
"Assets/Prefabs/Original/Mainmenu/Screens/ClubLevelUpScreenVariant.prefab","LevelUpPanel/LevelUpCard/SkillPointPanel/StatsView/StatLevelUpElement4/PlusButton/PlusText","+1",CANDIDATE_DEAD,Inventory/Bag,N,,,,"Original/ — may be superseded by Prefabs/UI/Account"
"Assets/Prefabs/Original/Mainmenu/Screens/ClubLevelUpScreenVariant.prefab","LevelUpPanel/LevelUpCard/SkillPointPanel/StatsView/StatLevelUpElement5/StatNameText","Durability",CANDIDATE_DEAD,Inventory/Bag,N,,,,"Original/ — may be superseded by Prefabs/UI/Account"
"Assets/Prefabs/Original/Mainmenu/Screens/ClubLevelUpScreenVariant.prefab","LevelUpPanel/LevelUpCard/SkillPointPanel/StatsView/StatLevelUpElement5/StatBarValue/StatValueText","0",CANDIDATE_DEAD,Inventory/Bag,N,,,,"Original/ — may be superseded by Prefabs/UI/Account"
"Assets/Prefabs/Original/Mainmenu/Screens/ClubLevelUpScreenVariant.prefab","LevelUpPanel/LevelUpCard/SkillPointPanel/StatsView/StatLevelUpElement5/PlusButton/PlusText","+1",CANDIDATE_DEAD,Inventory/Bag,N,,,,"Original/ — may be superseded by Prefabs/UI/Account"
"Assets/Prefabs/Original/Mainmenu/Screens/ClubLevelUpScreenVariant.prefab","LevelUpPanel/LevelUpCard/SkillPointPanel/ResetButton/ResetText","RESET",CANDIDATE_DEAD,Inventory/Bag,N,,,,"Original/ — may be superseded by Prefabs/UI/Account"
"Assets/Prefabs/Original/Mainmenu/Screens/ClubLevelUpScreenVariant.prefab","LevelUpPanel/CancelButton/CancelText","CANCEL",CANDIDATE_DEAD,Inventory/Bag,N,,,,"Original/ — may be superseded by Prefabs/UI/Account"
"Assets/Prefabs/Original/Mainmenu/Screens/ClubLevelUpScreenVariant.prefab","LevelUpPanel/ConfirmButton/ConfirmText","CONFIRM",CANDIDATE_DEAD,Inventory/Bag,N,,,,"Original/ — may be superseded by Prefabs/UI/Account"
"Assets/Prefabs/Original/Mainmenu/Screens/ClubLevelUpScreenVariant.prefab","ResultPanel/LevelUpCard/Header/NameText","NAME",CANDIDATE_DEAD,Inventory/Bag,N,,,,"Original/ — may be superseded by Prefabs/UI/Account"
"Assets/Prefabs/Original/Mainmenu/Screens/ClubLevelUpScreenVariant.prefab","ResultPanel/LevelUpCard/Header/RarityLevelInfo/ClubLevel","Lv 1",CANDIDATE_DEAD,Inventory/Bag,N,,,,"Original/ — may be superseded by Prefabs/UI/Account"
"Assets/Prefabs/Original/Mainmenu/Screens/ClubLevelUpScreenVariant.prefab","ResultPanel/LevelUpCard/LevelInfoPanel/LevelInfo/PrevLevelLabel","Lv",CANDIDATE_DEAD,Inventory/Bag,N,,,,"Original/ — may be superseded by Prefabs/UI/Account"
"Assets/Prefabs/Original/Mainmenu/Screens/ClubLevelUpScreenVariant.prefab","ResultPanel/LevelUpCard/LevelInfoPanel/LevelInfo/PrevLevelText","1",CANDIDATE_DEAD,Inventory/Bag,N,,,,"Original/ — may be superseded by Prefabs/UI/Account"
"Assets/Prefabs/Original/Mainmenu/Screens/ClubLevelUpScreenVariant.prefab","ResultPanel/LevelUpCard/LevelInfoPanel/LevelInfo/NextLevelLabel","Lv",CANDIDATE_DEAD,Inventory/Bag,N,,,,"Original/ — may be superseded by Prefabs/UI/Account"
"Assets/Prefabs/Original/Mainmenu/Screens/ClubLevelUpScreenVariant.prefab","ResultPanel/LevelUpCard/LevelInfoPanel/LevelInfo/NextLevelText","1",CANDIDATE_DEAD,Inventory/Bag,N,,,,"Original/ — may be superseded by Prefabs/UI/Account"
"Assets/Prefabs/Original/Mainmenu/Screens/ClubLevelUpScreenVariant.prefab","ResultPanel/LevelUpCard/LevelInfoPanel/TotalCostInfo/TotalCostLabel","Total Cost:",CANDIDATE_DEAD,Inventory/Bag,N,,,,"Original/ — may be superseded by Prefabs/UI/Account"
"Assets/Prefabs/Original/Mainmenu/Screens/ClubLevelUpScreenVariant.prefab","ResultPanel/LevelUpCard/LevelInfoPanel/TotalCostInfo/TotalCostText","0",CANDIDATE_DEAD,Inventory/Bag,N,,,,"Original/ — may be superseded by Prefabs/UI/Account"
"Assets/Prefabs/Original/Mainmenu/Screens/ClubLevelUpScreenVariant.prefab","ResultPanel/LevelUpCard/SkillPointPanel/StatsView/ResultStatElement1/StatNameText","Power",CANDIDATE_DEAD,Inventory/Bag,N,,,,"Original/ — may be superseded by Prefabs/UI/Account"
"Assets/Prefabs/Original/Mainmenu/Screens/ClubLevelUpScreenVariant.prefab","ResultPanel/LevelUpCard/SkillPointPanel/StatsView/ResultStatElement1/ValueChange/PrevStatValueText","0",CANDIDATE_DEAD,Inventory/Bag,N,,,,"Original/ — may be superseded by Prefabs/UI/Account"
"Assets/Prefabs/Original/Mainmenu/Screens/ClubLevelUpScreenVariant.prefab","ResultPanel/LevelUpCard/SkillPointPanel/StatsView/ResultStatElement1/ValueChange/NewStatValueText","0",CANDIDATE_DEAD,Inventory/Bag,N,,,,"Original/ — may be superseded by Prefabs/UI/Account"
"Assets/Prefabs/Original/Mainmenu/Screens/ClubLevelUpScreenVariant.prefab","ResultPanel/LevelUpCard/SkillPointPanel/StatsView/ResultStatElement2/StatNameText","Accuracy",CANDIDATE_DEAD,Inventory/Bag,N,,,,"Original/ — may be superseded by Prefabs/UI/Account"
"Assets/Prefabs/Original/Mainmenu/Screens/ClubLevelUpScreenVariant.prefab","ResultPanel/LevelUpCard/SkillPointPanel/StatsView/ResultStatElement2/ValueChange/PrevStatValueText","0",CANDIDATE_DEAD,Inventory/Bag,N,,,,"Original/ — may be superseded by Prefabs/UI/Account"
"Assets/Prefabs/Original/Mainmenu/Screens/ClubLevelUpScreenVariant.prefab","ResultPanel/LevelUpCard/SkillPointPanel/StatsView/ResultStatElement2/ValueChange/NewStatValueText","0",CANDIDATE_DEAD,Inventory/Bag,N,,,,"Original/ — may be superseded by Prefabs/UI/Account"
"Assets/Prefabs/Original/Mainmenu/Screens/ClubLevelUpScreenVariant.prefab","ResultPanel/LevelUpCard/SkillPointPanel/StatsView/ResultStatElement3/StatNameText","Spin",CANDIDATE_DEAD,Inventory/Bag,N,,,,"Original/ — may be superseded by Prefabs/UI/Account"
"Assets/Prefabs/Original/Mainmenu/Screens/ClubLevelUpScreenVariant.prefab","ResultPanel/LevelUpCard/SkillPointPanel/StatsView/ResultStatElement3/ValueChange/PrevStatValueText","0",CANDIDATE_DEAD,Inventory/Bag,N,,,,"Original/ — may be superseded by Prefabs/UI/Account"
"Assets/Prefabs/Original/Mainmenu/Screens/ClubLevelUpScreenVariant.prefab","ResultPanel/LevelUpCard/SkillPointPanel/StatsView/ResultStatElement3/ValueChange/NewStatValueText","0",CANDIDATE_DEAD,Inventory/Bag,N,,,,"Original/ — may be superseded by Prefabs/UI/Account"
"Assets/Prefabs/Original/Mainmenu/Screens/ClubLevelUpScreenVariant.prefab","ResultPanel/LevelUpCard/SkillPointPanel/StatsView/ResultStatElement4/StatNameText","Recovery",CANDIDATE_DEAD,Inventory/Bag,N,,,,"Original/ — may be superseded by Prefabs/UI/Account"
"Assets/Prefabs/Original/Mainmenu/Screens/ClubLevelUpScreenVariant.prefab","ResultPanel/LevelUpCard/SkillPointPanel/StatsView/ResultStatElement4/ValueChange/PrevStatValueText","0",CANDIDATE_DEAD,Inventory/Bag,N,,,,"Original/ — may be superseded by Prefabs/UI/Account"
"Assets/Prefabs/Original/Mainmenu/Screens/ClubLevelUpScreenVariant.prefab","ResultPanel/LevelUpCard/SkillPointPanel/StatsView/ResultStatElement4/ValueChange/NewStatValueText","0",CANDIDATE_DEAD,Inventory/Bag,N,,,,"Original/ — may be superseded by Prefabs/UI/Account"
"Assets/Prefabs/Original/Mainmenu/Screens/ClubLevelUpScreenVariant.prefab","ResultPanel/LevelUpCard/SkillPointPanel/StatsView/ResultStatElement5/StatNameText","Durability",CANDIDATE_DEAD,Inventory/Bag,N,,,,"Original/ — may be superseded by Prefabs/UI/Account"
"Assets/Prefabs/Original/Mainmenu/Screens/ClubLevelUpScreenVariant.prefab","ResultPanel/LevelUpCard/SkillPointPanel/StatsView/ResultStatElement5/ValueChange/PrevStatValueText","0",CANDIDATE_DEAD,Inventory/Bag,N,,,,"Original/ — may be superseded by Prefabs/UI/Account"
"Assets/Prefabs/Original/Mainmenu/Screens/ClubLevelUpScreenVariant.prefab","ResultPanel/LevelUpCard/SkillPointPanel/StatsView/ResultStatElement5/ValueChange/NewStatValueText","0",CANDIDATE_DEAD,Inventory/Bag,N,,,,"Original/ — may be superseded by Prefabs/UI/Account"
"Assets/Prefabs/Original/Mainmenu/Screens/ClubLevelUpScreenVariant.prefab","ResultPanel/DoneButton/DoneText","DONE",CANDIDATE_DEAD,Inventory/Bag,N,,,,"Original/ — may be superseded by Prefabs/UI/Account"
"Assets/Prefabs/Original/Mainmenu/Screens/FTUE_CharacterSelectionScreen.prefab","Panel/HeaderText","CHARACTER SELECTION",CANDIDATE_DEAD,Other,N,,,,"Original/ — may be superseded by Prefabs/UI/Account"
"Assets/Prefabs/Original/Mainmenu/Screens/FTUE_CharacterSelectionScreen.prefab","Panel/Info/Header/CharacterName","Tim Kun",CANDIDATE_DEAD,Other,N,,,,"Original/ — may be superseded by Prefabs/UI/Account"
"Assets/Prefabs/Original/Mainmenu/Screens/FTUE_CharacterSelectionScreen.prefab","Panel/Info/Header/RarityLevelInfo/CharacterLevel","99",CANDIDATE_DEAD,Other,N,,,,"Original/ — may be superseded by Prefabs/UI/Account"
"Assets/Prefabs/Original/Mainmenu/Screens/FTUE_CharacterSelectionScreen.prefab","Panel/Info/Stats/StrengthStat/Text (TMP)","Strength",CANDIDATE_DEAD,Other,N,,,,"Original/ — may be superseded by Prefabs/UI/Account"
"Assets/Prefabs/Original/Mainmenu/Screens/FTUE_CharacterSelectionScreen.prefab","Panel/Info/Stats/StrengthStat/Stat","25",CANDIDATE_DEAD,Other,N,,,,"Original/ — may be superseded by Prefabs/UI/Account"
"Assets/Prefabs/Original/Mainmenu/Screens/FTUE_CharacterSelectionScreen.prefab","Panel/Info/Stats/ClubControlStat/Text (TMP)","Club Control",CANDIDATE_DEAD,Other,N,,,,"Original/ — may be superseded by Prefabs/UI/Account"
"Assets/Prefabs/Original/Mainmenu/Screens/FTUE_CharacterSelectionScreen.prefab","Panel/Info/Stats/ClubControlStat/Stat","15
",CANDIDATE_DEAD,Other,N,,,,"Original/ — may be superseded by Prefabs/UI/Account"
"Assets/Prefabs/Original/Mainmenu/Screens/FTUE_CharacterSelectionScreen.prefab","Panel/Info/Stats/StaminaRegenStat/Text (TMP)","Stamina
Regeneration",CANDIDATE_DEAD,Other,N,,,,"Original/ — may be superseded by Prefabs/UI/Account"
"Assets/Prefabs/Original/Mainmenu/Screens/FTUE_CharacterSelectionScreen.prefab","Panel/Info/Stats/StaminaRegenStat/Stat","5",CANDIDATE_DEAD,Other,N,,,,"Original/ — may be superseded by Prefabs/UI/Account"
"Assets/Prefabs/Original/Mainmenu/Screens/FTUE_CharacterSelectionScreen.prefab","Panel/Info/Stats/StaminaStat/Text (TMP)","Stamina",CANDIDATE_DEAD,Other,N,,,,"Original/ — may be superseded by Prefabs/UI/Account"
"Assets/Prefabs/Original/Mainmenu/Screens/FTUE_CharacterSelectionScreen.prefab","Panel/Info/Stats/StaminaStat/Stat","38",CANDIDATE_DEAD,Other,N,,,,"Original/ — may be superseded by Prefabs/UI/Account"
"Assets/Prefabs/Original/Mainmenu/Screens/FTUE_CharacterSelectionScreen.prefab","Panel/Info/InfoText","New Text",CANDIDATE_DEAD,Other,N,,,,"Original/ — may be superseded by Prefabs/UI/Account"
"Assets/Prefabs/Original/Mainmenu/Screens/FTUE_CharacterSelectionScreen.prefab","Panel/Info/InfoButton/Text (TMP)","INFO",CANDIDATE_DEAD,Other,N,,,,"Original/ — may be superseded by Prefabs/UI/Account"
"Assets/Prefabs/Original/Mainmenu/Screens/FTUE_CharacterSelectionScreen.prefab","Panel/Info/ParameterButton/Text (TMP)","PARAMETERS",CANDIDATE_DEAD,Other,N,,,,"Original/ — may be superseded by Prefabs/UI/Account"
"Assets/Prefabs/Original/Mainmenu/Screens/FTUE_CharacterSelectionScreen.prefab","Panel/SelectButton/Text (TMP)","SELECT",CANDIDATE_DEAD,Other,N,,,,"Original/ — may be superseded by Prefabs/UI/Account"
"Assets/Prefabs/Original/Mainmenu/Screens/LevelUpScreen.prefab","LevelUpPanel/LevelUpCard/Header/NameText","NAME",CANDIDATE_DEAD,Other,N,,,,"Original/ — may be superseded by Prefabs/UI/Account"
"Assets/Prefabs/Original/Mainmenu/Screens/LevelUpScreen.prefab","LevelUpPanel/LevelUpCard/Header/RarityLevelInfo/ClubLevel","Lv 1",CANDIDATE_DEAD,Other,N,,,,"Original/ — may be superseded by Prefabs/UI/Account"
"Assets/Prefabs/Original/Mainmenu/Screens/LevelUpScreen.prefab","LevelUpPanel/LevelUpCard/LevelUpPanel/AvailableRP/AvailableRPLabel","Available:",CANDIDATE_DEAD,Other,N,,,,"Original/ — may be superseded by Prefabs/UI/Account"
"Assets/Prefabs/Original/Mainmenu/Screens/LevelUpScreen.prefab","LevelUpPanel/LevelUpCard/LevelUpPanel/AvailableRP/AvailableRPText","0",CANDIDATE_DEAD,Other,N,,,,"Original/ — may be superseded by Prefabs/UI/Account"
"Assets/Prefabs/Original/Mainmenu/Screens/LevelUpScreen.prefab","LevelUpPanel/LevelUpCard/LevelUpPanel/LevelInfo/CurrentLevelLabel","Lv",CANDIDATE_DEAD,Other,N,,,,"Original/ — may be superseded by Prefabs/UI/Account"
"Assets/Prefabs/Original/Mainmenu/Screens/LevelUpScreen.prefab","LevelUpPanel/LevelUpCard/LevelUpPanel/LevelInfo/CurrentLevelText","1",CANDIDATE_DEAD,Other,N,,,,"Original/ — may be superseded by Prefabs/UI/Account"
"Assets/Prefabs/Original/Mainmenu/Screens/LevelUpScreen.prefab","LevelUpPanel/LevelUpCard/LevelUpPanel/LevelInfo/NextLevelLabel","Lv",CANDIDATE_DEAD,Other,N,,,,"Original/ — may be superseded by Prefabs/UI/Account"
"Assets/Prefabs/Original/Mainmenu/Screens/LevelUpScreen.prefab","LevelUpPanel/LevelUpCard/LevelUpPanel/LevelInfo/NextLevelText","1",CANDIDATE_DEAD,Other,N,,,,"Original/ — may be superseded by Prefabs/UI/Account"
"Assets/Prefabs/Original/Mainmenu/Screens/LevelUpScreen.prefab","LevelUpPanel/LevelUpCard/LevelUpPanel/CostInfo/CostLabel","Cost:",CANDIDATE_DEAD,Other,N,,,,"Original/ — may be superseded by Prefabs/UI/Account"
"Assets/Prefabs/Original/Mainmenu/Screens/LevelUpScreen.prefab","LevelUpPanel/LevelUpCard/LevelUpPanel/CostInfo/CostText","0",CANDIDATE_DEAD,Other,N,,,,"Original/ — may be superseded by Prefabs/UI/Account"
"Assets/Prefabs/Original/Mainmenu/Screens/LevelUpScreen.prefab","LevelUpPanel/LevelUpCard/LevelUpPanel/RewardInfo/RewardLabel","Reward:",CANDIDATE_DEAD,Other,N,,,,"Original/ — may be superseded by Prefabs/UI/Account"
"Assets/Prefabs/Original/Mainmenu/Screens/LevelUpScreen.prefab","LevelUpPanel/LevelUpCard/LevelUpPanel/RewardInfo/RewardText","0",CANDIDATE_DEAD,Other,N,,,,"Original/ — may be superseded by Prefabs/UI/Account"
"Assets/Prefabs/Original/Mainmenu/Screens/LevelUpScreen.prefab","LevelUpPanel/LevelUpCard/LevelUpPanel/LevelUpButton/LevelUpText","LEVEL UP",CANDIDATE_DEAD,Other,N,,,,"Original/ — may be superseded by Prefabs/UI/Account"
"Assets/Prefabs/Original/Mainmenu/Screens/LevelUpScreen.prefab","LevelUpPanel/LevelUpCard/SkillPointPanel/AvailableSP/AvailableSPLabel","Available:",CANDIDATE_DEAD,Other,N,,,,"Original/ — may be superseded by Prefabs/UI/Account"
"Assets/Prefabs/Original/Mainmenu/Screens/LevelUpScreen.prefab","LevelUpPanel/LevelUpCard/SkillPointPanel/AvailableSP/AvailableSPText","0",CANDIDATE_DEAD,Other,N,,,,"Original/ — may be superseded by Prefabs/UI/Account"
"Assets/Prefabs/Original/Mainmenu/Screens/LevelUpScreen.prefab","LevelUpPanel/LevelUpCard/SkillPointPanel/StatsView/StatLevelUpElement1/StatNameText","Stat Name",CANDIDATE_DEAD,Other,N,,,,"Original/ — may be superseded by Prefabs/UI/Account"
"Assets/Prefabs/Original/Mainmenu/Screens/LevelUpScreen.prefab","LevelUpPanel/LevelUpCard/SkillPointPanel/StatsView/StatLevelUpElement1/StatBarValue/StatValueText","0",CANDIDATE_DEAD,Other,N,,,,"Original/ — may be superseded by Prefabs/UI/Account"
"Assets/Prefabs/Original/Mainmenu/Screens/LevelUpScreen.prefab","LevelUpPanel/LevelUpCard/SkillPointPanel/StatsView/StatLevelUpElement1/PlusButton/PlusText","+1",CANDIDATE_DEAD,Other,N,,,,"Original/ — may be superseded by Prefabs/UI/Account"
"Assets/Prefabs/Original/Mainmenu/Screens/LevelUpScreen.prefab","LevelUpPanel/LevelUpCard/SkillPointPanel/StatsView/StatLevelUpElement2/StatNameText","Stat Name",CANDIDATE_DEAD,Other,N,,,,"Original/ — may be superseded by Prefabs/UI/Account"
"Assets/Prefabs/Original/Mainmenu/Screens/LevelUpScreen.prefab","LevelUpPanel/LevelUpCard/SkillPointPanel/StatsView/StatLevelUpElement2/StatBarValue/StatValueText","0",CANDIDATE_DEAD,Other,N,,,,"Original/ — may be superseded by Prefabs/UI/Account"
"Assets/Prefabs/Original/Mainmenu/Screens/LevelUpScreen.prefab","LevelUpPanel/LevelUpCard/SkillPointPanel/StatsView/StatLevelUpElement2/PlusButton/PlusText","+1",CANDIDATE_DEAD,Other,N,,,,"Original/ — may be superseded by Prefabs/UI/Account"
"Assets/Prefabs/Original/Mainmenu/Screens/LevelUpScreen.prefab","LevelUpPanel/LevelUpCard/SkillPointPanel/StatsView/StatLevelUpElement3/StatNameText","Stat Name",CANDIDATE_DEAD,Other,N,,,,"Original/ — may be superseded by Prefabs/UI/Account"
"Assets/Prefabs/Original/Mainmenu/Screens/LevelUpScreen.prefab","LevelUpPanel/LevelUpCard/SkillPointPanel/StatsView/StatLevelUpElement3/StatBarValue/StatValueText","0",CANDIDATE_DEAD,Other,N,,,,"Original/ — may be superseded by Prefabs/UI/Account"
"Assets/Prefabs/Original/Mainmenu/Screens/LevelUpScreen.prefab","LevelUpPanel/LevelUpCard/SkillPointPanel/StatsView/StatLevelUpElement3/PlusButton/PlusText","+1",CANDIDATE_DEAD,Other,N,,,,"Original/ — may be superseded by Prefabs/UI/Account"
"Assets/Prefabs/Original/Mainmenu/Screens/LevelUpScreen.prefab","LevelUpPanel/LevelUpCard/SkillPointPanel/StatsView/StatLevelUpElement4/StatNameText","Stat Name",CANDIDATE_DEAD,Other,N,,,,"Original/ — may be superseded by Prefabs/UI/Account"
"Assets/Prefabs/Original/Mainmenu/Screens/LevelUpScreen.prefab","LevelUpPanel/LevelUpCard/SkillPointPanel/StatsView/StatLevelUpElement4/StatBarValue/StatValueText","0",CANDIDATE_DEAD,Other,N,,,,"Original/ — may be superseded by Prefabs/UI/Account"
"Assets/Prefabs/Original/Mainmenu/Screens/LevelUpScreen.prefab","LevelUpPanel/LevelUpCard/SkillPointPanel/StatsView/StatLevelUpElement4/PlusButton/PlusText","+1",CANDIDATE_DEAD,Other,N,,,,"Original/ — may be superseded by Prefabs/UI/Account"
"Assets/Prefabs/Original/Mainmenu/Screens/LevelUpScreen.prefab","LevelUpPanel/LevelUpCard/SkillPointPanel/ResetButton/ResetText","RESET",CANDIDATE_DEAD,Other,N,,,,"Original/ — may be superseded by Prefabs/UI/Account"
"Assets/Prefabs/Original/Mainmenu/Screens/LevelUpScreen.prefab","LevelUpPanel/CancelButton/CancelText","CANCEL",CANDIDATE_DEAD,Other,N,,,,"Original/ — may be superseded by Prefabs/UI/Account"
"Assets/Prefabs/Original/Mainmenu/Screens/LevelUpScreen.prefab","LevelUpPanel/ConfirmButton/ConfirmText","CONFIRM",CANDIDATE_DEAD,Other,N,,,,"Original/ — may be superseded by Prefabs/UI/Account"
"Assets/Prefabs/Original/Mainmenu/Screens/LevelUpScreen.prefab","ResultPanel/LevelUpCard/Header/NameText","NAME",CANDIDATE_DEAD,Other,N,,,,"Original/ — may be superseded by Prefabs/UI/Account"
"Assets/Prefabs/Original/Mainmenu/Screens/LevelUpScreen.prefab","ResultPanel/LevelUpCard/Header/RarityLevelInfo/ClubLevel","Lv 1",CANDIDATE_DEAD,Other,N,,,,"Original/ — may be superseded by Prefabs/UI/Account"
"Assets/Prefabs/Original/Mainmenu/Screens/LevelUpScreen.prefab","ResultPanel/LevelUpCard/LevelInfoPanel/LevelInfo/PrevLevelLabel","Lv",CANDIDATE_DEAD,Other,N,,,,"Original/ — may be superseded by Prefabs/UI/Account"
"Assets/Prefabs/Original/Mainmenu/Screens/LevelUpScreen.prefab","ResultPanel/LevelUpCard/LevelInfoPanel/LevelInfo/PrevLevelText","1",CANDIDATE_DEAD,Other,N,,,,"Original/ — may be superseded by Prefabs/UI/Account"
"Assets/Prefabs/Original/Mainmenu/Screens/LevelUpScreen.prefab","ResultPanel/LevelUpCard/LevelInfoPanel/LevelInfo/NextLevelLabel","Lv",CANDIDATE_DEAD,Other,N,,,,"Original/ — may be superseded by Prefabs/UI/Account"
"Assets/Prefabs/Original/Mainmenu/Screens/LevelUpScreen.prefab","ResultPanel/LevelUpCard/LevelInfoPanel/LevelInfo/NextLevelText","1",CANDIDATE_DEAD,Other,N,,,,"Original/ — may be superseded by Prefabs/UI/Account"
"Assets/Prefabs/Original/Mainmenu/Screens/LevelUpScreen.prefab","ResultPanel/LevelUpCard/LevelInfoPanel/TotalCostInfo/TotalCostLabel","Total Cost:",CANDIDATE_DEAD,Other,N,,,,"Original/ — may be superseded by Prefabs/UI/Account"
"Assets/Prefabs/Original/Mainmenu/Screens/LevelUpScreen.prefab","ResultPanel/LevelUpCard/LevelInfoPanel/TotalCostInfo/TotalCostText","0",CANDIDATE_DEAD,Other,N,,,,"Original/ — may be superseded by Prefabs/UI/Account"
"Assets/Prefabs/Original/Mainmenu/Screens/LevelUpScreen.prefab","ResultPanel/LevelUpCard/SkillPointPanel/StatsView/ResultStatElement1/StatNameText","Stat Name",CANDIDATE_DEAD,Other,N,,,,"Original/ — may be superseded by Prefabs/UI/Account"
"Assets/Prefabs/Original/Mainmenu/Screens/LevelUpScreen.prefab","ResultPanel/LevelUpCard/SkillPointPanel/StatsView/ResultStatElement1/ValueChange/PrevStatValueText","0",CANDIDATE_DEAD,Other,N,,,,"Original/ — may be superseded by Prefabs/UI/Account"
"Assets/Prefabs/Original/Mainmenu/Screens/LevelUpScreen.prefab","ResultPanel/LevelUpCard/SkillPointPanel/StatsView/ResultStatElement1/ValueChange/NewStatValueText","0",CANDIDATE_DEAD,Other,N,,,,"Original/ — may be superseded by Prefabs/UI/Account"
"Assets/Prefabs/Original/Mainmenu/Screens/LevelUpScreen.prefab","ResultPanel/LevelUpCard/SkillPointPanel/StatsView/ResultStatElement2/StatNameText","Stat Name",CANDIDATE_DEAD,Other,N,,,,"Original/ — may be superseded by Prefabs/UI/Account"
"Assets/Prefabs/Original/Mainmenu/Screens/LevelUpScreen.prefab","ResultPanel/LevelUpCard/SkillPointPanel/StatsView/ResultStatElement2/ValueChange/PrevStatValueText","0",CANDIDATE_DEAD,Other,N,,,,"Original/ — may be superseded by Prefabs/UI/Account"
"Assets/Prefabs/Original/Mainmenu/Screens/LevelUpScreen.prefab","ResultPanel/LevelUpCard/SkillPointPanel/StatsView/ResultStatElement2/ValueChange/NewStatValueText","0",CANDIDATE_DEAD,Other,N,,,,"Original/ — may be superseded by Prefabs/UI/Account"
"Assets/Prefabs/Original/Mainmenu/Screens/LevelUpScreen.prefab","ResultPanel/LevelUpCard/SkillPointPanel/StatsView/ResultStatElement3/StatNameText","Stat Name",CANDIDATE_DEAD,Other,N,,,,"Original/ — may be superseded by Prefabs/UI/Account"
"Assets/Prefabs/Original/Mainmenu/Screens/LevelUpScreen.prefab","ResultPanel/LevelUpCard/SkillPointPanel/StatsView/ResultStatElement3/ValueChange/PrevStatValueText","0",CANDIDATE_DEAD,Other,N,,,,"Original/ — may be superseded by Prefabs/UI/Account"
"Assets/Prefabs/Original/Mainmenu/Screens/LevelUpScreen.prefab","ResultPanel/LevelUpCard/SkillPointPanel/StatsView/ResultStatElement3/ValueChange/NewStatValueText","0",CANDIDATE_DEAD,Other,N,,,,"Original/ — may be superseded by Prefabs/UI/Account"
"Assets/Prefabs/Original/Mainmenu/Screens/LevelUpScreen.prefab","ResultPanel/LevelUpCard/SkillPointPanel/StatsView/ResultStatElement4/StatNameText","Stat Name",CANDIDATE_DEAD,Other,N,,,,"Original/ — may be superseded by Prefabs/UI/Account"
"Assets/Prefabs/Original/Mainmenu/Screens/LevelUpScreen.prefab","ResultPanel/LevelUpCard/SkillPointPanel/StatsView/ResultStatElement4/ValueChange/PrevStatValueText","0",CANDIDATE_DEAD,Other,N,,,,"Original/ — may be superseded by Prefabs/UI/Account"
"Assets/Prefabs/Original/Mainmenu/Screens/LevelUpScreen.prefab","ResultPanel/LevelUpCard/SkillPointPanel/StatsView/ResultStatElement4/ValueChange/NewStatValueText","0",CANDIDATE_DEAD,Other,N,,,,"Original/ — may be superseded by Prefabs/UI/Account"
"Assets/Prefabs/Original/Mainmenu/Screens/LevelUpScreen.prefab","ResultPanel/DoneButton/DoneText","DONE",CANDIDATE_DEAD,Other,N,,,,"Original/ — may be superseded by Prefabs/UI/Account"
"Assets/Prefabs/Original/Mainmenu/Screens/MIssionScreen.prefab","View/MissionListPanel/TabsPanel/BeginnerTab/LayoutGroup/Label","BEGINNER",CANDIDATE_DEAD,Other,N,,,,"Original/ — may be superseded by Prefabs/UI/Account"
"Assets/Prefabs/Original/Mainmenu/Screens/MIssionScreen.prefab","View/MissionListPanel/TabsPanel/AmateurTab/LayoutGroup/Label","AMATEUR",CANDIDATE_DEAD,Other,N,,,,"Original/ — may be superseded by Prefabs/UI/Account"
"Assets/Prefabs/Original/Mainmenu/Screens/MIssionScreen.prefab","View/MissionListPanel/TabsPanel/ProTab /LayoutGroup/Label","PRO",CANDIDATE_DEAD,Other,N,,,,"Original/ — may be superseded by Prefabs/UI/Account"
"Assets/Prefabs/Original/Mainmenu/Screens/MIssionScreen.prefab","View/MissionListPanel/TabsPanel/LegendTab/LayoutGroup/Label","LEGEND",CANDIDATE_DEAD,Other,N,,,,"Original/ — may be superseded by Prefabs/UI/Account"
"Assets/Prefabs/Original/Mainmenu/Screens/MIssionScreen.prefab","View/MissionListPanel/ScrollContainer/Header/DifficultyLabel","BEGINNER",CANDIDATE_DEAD,Other,N,,,,"Original/ — may be superseded by Prefabs/UI/Account"
"Assets/Prefabs/Original/Mainmenu/Screens/MIssionScreen.prefab","View/MissionListPanel/ScrollContainer/Header/Count","25/50",CANDIDATE_DEAD,Other,N,,,,"Original/ — may be superseded by Prefabs/UI/Account"
"Assets/Prefabs/Original/Mainmenu/Screens/MIssionScreen.prefab","View/MissionListPanel/ScrollContainer/MissionCard/HeaderPanel/BigHeader","New Text",CANDIDATE_DEAD,Other,N,,,,"Original/ — may be superseded by Prefabs/UI/Account"
"Assets/Prefabs/Original/Mainmenu/Screens/MIssionScreen.prefab","View/MissionListPanel/ScrollContainer/MissionCard/HeaderPanel/SmallHeader","New Text",CANDIDATE_DEAD,Other,N,,,,"Original/ — may be superseded by Prefabs/UI/Account"
"Assets/Prefabs/Original/Mainmenu/Screens/MIssionScreen.prefab","View/MissionListPanel/ScrollContainer/MissionCard/RewardsPanel/Reward1/RewardValue","x100",CANDIDATE_DEAD,Other,N,,,,"Original/ — may be superseded by Prefabs/UI/Account"
"Assets/Prefabs/Original/Mainmenu/Screens/MIssionScreen.prefab","View/MissionListPanel/ScrollContainer/MissionCard/RewardsPanel/Reward2/RewardValue","x100",CANDIDATE_DEAD,Other,N,,,,"Original/ — may be superseded by Prefabs/UI/Account"
"Assets/Prefabs/Original/Mainmenu/Screens/MIssionScreen.prefab","View/MissionListPanel/ScrollContainer/MissionCard/RewardsPanel/Reward3/RewardValue","x100",CANDIDATE_DEAD,Other,N,,,,"Original/ — may be superseded by Prefabs/UI/Account"
"Assets/Prefabs/Original/Mainmenu/Screens/MIssionScreen.prefab","View/MissionListPanel/ScrollContainer/MissionCard/GoalsPanel/Goal1/GoalText","New Text",CANDIDATE_DEAD,Other,N,,,,"Original/ — may be superseded by Prefabs/UI/Account"
"Assets/Prefabs/Original/Mainmenu/Screens/MIssionScreen.prefab","View/MissionListPanel/ScrollContainer/MissionCard/GoalsPanel/Goal2/GoalText","New Text",CANDIDATE_DEAD,Other,N,,,,"Original/ — may be superseded by Prefabs/UI/Account"
"Assets/Prefabs/Original/Mainmenu/Screens/MIssionScreen.prefab","View/MissionListPanel/ScrollContainer/MissionCard/GoalsPanel/Goal3/GoalText","New Text",CANDIDATE_DEAD,Other,N,,,,"Original/ — may be superseded by Prefabs/UI/Account"
"Assets/Prefabs/Original/Mainmenu/Screens/MIssionScreen.prefab","View/MissionListPanel/ScrollContainer/MissionCard/ButtonPanel/Button/ButtonText","Button",CANDIDATE_DEAD,Other,N,,,,"Original/ — may be superseded by Prefabs/UI/Account"
"Assets/Prefabs/Original/Mainmenu/Screens/RankingScreen.prefab","TabsPanel/DailyTab/DailyText","DAILY",CANDIDATE_DEAD,Rankings/Tournaments,N,,,,"Original/ — may be superseded by Prefabs/UI/Account"
"Assets/Prefabs/Original/Mainmenu/Screens/RankingScreen.prefab","TabsPanel/WeeklyTab/WeeklyText","WEEKLY",CANDIDATE_DEAD,Rankings/Tournaments,N,,,,"Original/ — may be superseded by Prefabs/UI/Account"
"Assets/Prefabs/Original/Mainmenu/Screens/RankingScreen.prefab","TabsPanel/MonthlyTab/MonthlyText","MONTHLY",CANDIDATE_DEAD,Rankings/Tournaments,N,,,,"Original/ — may be superseded by Prefabs/UI/Account"
"Assets/Prefabs/Original/Mainmenu/Screens/RankingScreen.prefab","TabsPanel/HistoricTab/HistoricText","HISTORIC",CANDIDATE_DEAD,Rankings/Tournaments,N,,,,"Original/ — may be superseded by Prefabs/UI/Account"
"Assets/Prefabs/Original/Mainmenu/Screens/RankingScreen.prefab","RankingPanel/TopPanel/InfoTextPanel/InfoLabel","Daily Leaderboard",CANDIDATE_DEAD,Rankings/Tournaments,N,,,,"Original/ — may be superseded by Prefabs/UI/Account"
"Assets/Prefabs/Original/Mainmenu/Screens/RankingScreen.prefab","RankingPanel/TopPanel/InfoTextPanel/InfoText","In game <b>Reward Points</b> ranking",CANDIDATE_DEAD,Rankings/Tournaments,N,,,,"Original/ — may be superseded by Prefabs/UI/Account"
"Assets/Prefabs/Original/Mainmenu/Screens/RankingScreen.prefab","RankingPanel/TopPanel/InfoButton/InfoButtonText","?",CANDIDATE_DEAD,Rankings/Tournaments,N,,,,"Original/ — may be superseded by Prefabs/UI/Account"
"Assets/Prefabs/Original/Mainmenu/Screens/RankingScreen.prefab","RankingPanel/TopPanel/ResetTimeInfo/ResetLabel","Reset",CANDIDATE_DEAD,Rankings/Tournaments,N,,,,"Original/ — may be superseded by Prefabs/UI/Account"
"Assets/Prefabs/Original/Mainmenu/Screens/RankingScreen.prefab","RankingPanel/TopPanel/ResetTimeInfo/ResetTime","10:51",CANDIDATE_DEAD,Rankings/Tournaments,N,,,,"Original/ — may be superseded by Prefabs/UI/Account"
"Assets/Prefabs/Original/Mainmenu/Screens/RankingScreen.prefab","RankingPanel/MiddlePanel/SecondPlace/NameText","Elena",CANDIDATE_DEAD,Rankings/Tournaments,N,,,,"Original/ — may be superseded by Prefabs/UI/Account"
"Assets/Prefabs/Original/Mainmenu/Screens/RankingScreen.prefab","RankingPanel/MiddlePanel/SecondPlace/LevelText","Lv6",CANDIDATE_DEAD,Rankings/Tournaments,N,,,,"Original/ — may be superseded by Prefabs/UI/Account"
"Assets/Prefabs/Original/Mainmenu/Screens/RankingScreen.prefab","RankingPanel/MiddlePanel/SecondPlace/RewardPoints/RewardPointsValue","84652",CANDIDATE_DEAD,Rankings/Tournaments,N,,,,"Original/ — may be superseded by Prefabs/UI/Account"
"Assets/Prefabs/Original/Mainmenu/Screens/RankingScreen.prefab","RankingPanel/MiddlePanel/FirstPlace/NameText","Cesar",CANDIDATE_DEAD,Rankings/Tournaments,N,,,,"Original/ — may be superseded by Prefabs/UI/Account"
"Assets/Prefabs/Original/Mainmenu/Screens/RankingScreen.prefab","RankingPanel/MiddlePanel/FirstPlace/LevelText","Lv8",CANDIDATE_DEAD,Rankings/Tournaments,N,,,,"Original/ — may be superseded by Prefabs/UI/Account"
"Assets/Prefabs/Original/Mainmenu/Screens/RankingScreen.prefab","RankingPanel/MiddlePanel/FirstPlace/RewardPoints/RewardPointsValue","99852",CANDIDATE_DEAD,Rankings/Tournaments,N,,,,"Original/ — may be superseded by Prefabs/UI/Account"
"Assets/Prefabs/Original/Mainmenu/Screens/RankingScreen.prefab","RankingPanel/MiddlePanel/ThirdPlace/NameText","Robin",CANDIDATE_DEAD,Rankings/Tournaments,N,,,,"Original/ — may be superseded by Prefabs/UI/Account"
"Assets/Prefabs/Original/Mainmenu/Screens/RankingScreen.prefab","RankingPanel/MiddlePanel/ThirdPlace/LevelText","Lv5",CANDIDATE_DEAD,Rankings/Tournaments,N,,,,"Original/ — may be superseded by Prefabs/UI/Account"
"Assets/Prefabs/Original/Mainmenu/Screens/RankingScreen.prefab","RankingPanel/MiddlePanel/ThirdPlace/RewardPoints/RewardPointsValue","65913",CANDIDATE_DEAD,Rankings/Tournaments,N,,,,"Original/ — may be superseded by Prefabs/UI/Account"
"Assets/Prefabs/Original/Mainmenu/Screens/RankingScreen.prefab","RankingPanel/DownPanel/ScrollView/Viewport/PlayerRankingCard/PlayerRankPanel/PlayerRankText","4",CANDIDATE_DEAD,Rankings/Tournaments,N,,,,"Original/ — may be superseded by Prefabs/UI/Account"
"Assets/Prefabs/Original/Mainmenu/Screens/RankingScreen.prefab","RankingPanel/DownPanel/ScrollView/Viewport/PlayerRankingCard/PlayerInfoPanel/PlayerNameText","Olga",CANDIDATE_DEAD,Rankings/Tournaments,N,,,,"Original/ — may be superseded by Prefabs/UI/Account"
"Assets/Prefabs/Original/Mainmenu/Screens/RankingScreen.prefab","RankingPanel/DownPanel/ScrollView/Viewport/PlayerRankingCard/PlayerInfoPanel/PlayerLevelText","Lv5",CANDIDATE_DEAD,Rankings/Tournaments,N,,,,"Original/ — may be superseded by Prefabs/UI/Account"
"Assets/Prefabs/Original/Mainmenu/Screens/RankingScreen.prefab","RankingPanel/DownPanel/ScrollView/Viewport/PlayerRankingCard/RewardPoints/RewardPointsValue","84652",CANDIDATE_DEAD,Rankings/Tournaments,N,,,,"Original/ — may be superseded by Prefabs/UI/Account"
"Assets/Prefabs/Original/Mainmenu/Screens/SettingsScreen.prefab","MainPanel/Body/UserProfileSettingElementView/Name","User Profile",CANDIDATE_DEAD,Settings,N,,,,"Original/ — may be superseded by Prefabs/UI/Account"
"Assets/Prefabs/Original/Mainmenu/Screens/SettingsScreen.prefab","MainPanel/Body/SoundSettingElementView/Name","Sound Settings",CANDIDATE_DEAD,Settings,N,,,,"Original/ — may be superseded by Prefabs/UI/Account"
"Assets/Prefabs/Original/Mainmenu/Screens/SettingsScreen.prefab","MainPanel/Body/LanguageSettingElementView/Name","Language",CANDIDATE_DEAD,Settings,N,,,,"Original/ — may be superseded by Prefabs/UI/Account"
"Assets/Prefabs/Original/Mainmenu/Screens/SettingsScreen.prefab","MainPanel/Body/TermsOfViewSettingElementView/Name","Terms of Use",CANDIDATE_DEAD,Settings,N,,,,"Original/ — may be superseded by Prefabs/UI/Account"
"Assets/Prefabs/Original/Mainmenu/Screens/SettingsScreen.prefab","MainPanel/Body/PrivacyPolicySettingElementView/Name","Privacy Policy",CANDIDATE_DEAD,Settings,N,,,,"Original/ — may be superseded by Prefabs/UI/Account"
"Assets/Prefabs/Original/Mainmenu/Screens/SettingsScreen.prefab","MainPanel/Body/ContactFormSettingElementView/Name","Contact Form",CANDIDATE_DEAD,Settings,N,,,,"Original/ — may be superseded by Prefabs/UI/Account"
"Assets/Prefabs/Original/Mainmenu/Screens/SettingsScreen.prefab","MainPanel/Body/FAQSettingElementView/Name","FAQ",CANDIDATE_DEAD,Settings,N,,,,"Original/ — may be superseded by Prefabs/UI/Account"
"Assets/Prefabs/Original/Mainmenu/Screens/SettingsScreen.prefab","MainPanel/Body/AboutSettingElementView/Name","About",CANDIDATE_DEAD,Settings,N,,,,"Original/ — may be superseded by Prefabs/UI/Account"
"Assets/Prefabs/Original/Mainmenu/Screens/SettingsScreen.prefab","MainPanel/Body/LogoutElementView/Name","Log Out",CANDIDATE_DEAD,Settings,N,,,,"Original/ — may be superseded by Prefabs/UI/Account"
"Assets/Prefabs/Original/Mainmenu/Screens/SettingsScreen.prefab","MainPanel/Body/ResetSettingElementView/Name","Reset Saved Data",CANDIDATE_DEAD,Settings,N,,,,"Original/ — may be superseded by Prefabs/UI/Account"
"Assets/Prefabs/Original/Mainmenu/Screens/SettingsScreen.prefab","MainPanel/Body/DownloadClubDataElementView/Name","Dowload Club Data",CANDIDATE_DEAD,Settings,N,,,,"Original/ — may be superseded by Prefabs/UI/Account"
"Assets/Prefabs/Original/Mainmenu/Screens/SettingsScreen.prefab","MainPanel/Body/DownloadCharacterDataElementView/Name","Dowload Character Data",CANDIDATE_DEAD,Settings,N,,,,"Original/ — may be superseded by Prefabs/UI/Account"
"Assets/Prefabs/Original/Mainmenu/Screens/SettingsScreen.prefab","UserProfilePanel/ProfileDisplayPanel/Username/HeaderLabel","Username",CANDIDATE_DEAD,Settings,N,,,,"Original/ — may be superseded by Prefabs/UI/Account"
"Assets/Prefabs/Original/Mainmenu/Screens/SettingsScreen.prefab","UserProfilePanel/ProfileDisplayPanel/Username/Value","Coco2154",CANDIDATE_DEAD,Settings,N,,,,"Original/ — may be superseded by Prefabs/UI/Account"
"Assets/Prefabs/Original/Mainmenu/Screens/SettingsScreen.prefab","UserProfilePanel/ProfileDisplayPanel/Username/EditUsernameBtn/Text","Change username",CANDIDATE_DEAD,Settings,N,,,,"Original/ — may be superseded by Prefabs/UI/Account"
"Assets/Prefabs/Original/Mainmenu/Screens/SettingsScreen.prefab","UserProfilePanel/ProfileDisplayPanel/Email/HeaderLabel","Email",CANDIDATE_DEAD,Settings,N,,,,"Original/ — may be superseded by Prefabs/UI/Account"
"Assets/Prefabs/Original/Mainmenu/Screens/SettingsScreen.prefab","UserProfilePanel/ProfileDisplayPanel/Email/EmailValue","hello@gmail.com",CANDIDATE_DEAD,Settings,N,,,,"Original/ — may be superseded by Prefabs/UI/Account"
"Assets/Prefabs/Original/Mainmenu/Screens/SettingsScreen.prefab","UserProfilePanel/ProfileDisplayPanel/Password/HeaderLabel","Password",CANDIDATE_DEAD,Settings,N,,,,"Original/ — may be superseded by Prefabs/UI/Account"
"Assets/Prefabs/Original/Mainmenu/Screens/SettingsScreen.prefab","UserProfilePanel/ProfileDisplayPanel/Password/ChangePasswordLabel","Change password",CANDIDATE_DEAD,Settings,N,,,,"Original/ — may be superseded by Prefabs/UI/Account"
"Assets/Prefabs/Original/Mainmenu/Screens/SettingsScreen.prefab","UserProfilePanel/ProfileDisplayPanel/DeleteAccount/HeaderLabel","Delete account",CANDIDATE_DEAD,Settings,N,,,,"Original/ — may be superseded by Prefabs/UI/Account"
"Assets/Prefabs/Original/Mainmenu/Screens/SettingsScreen.prefab","UserProfilePanel/ProfileDisplayPanel/DeleteAccount/ButtonLabel","Delete account from GOLFIN",CANDIDATE_DEAD,Settings,N,,,,"Original/ — may be superseded by Prefabs/UI/Account"
"Assets/Prefabs/Original/Mainmenu/Screens/SettingsScreen.prefab","UserProfilePanel/ChangeUserNamePanel/CautionLabel","Remember, it is public and used across all Golfin services to interact with the community.",CANDIDATE_DEAD,Settings,N,,,,"Original/ — may be superseded by Prefabs/UI/Account"
"Assets/Prefabs/Original/Mainmenu/Screens/SettingsScreen.prefab","UserProfilePanel/ChangeUserNamePanel/UserNameCautionLabel","Your username can only contain letters and numbers.",CANDIDATE_DEAD,Settings,N,,,,"Original/ — may be superseded by Prefabs/UI/Account"
"Assets/Prefabs/Original/Mainmenu/Screens/SettingsScreen.prefab","UserProfilePanel/ChangeUserNamePanel/UserNameInputField/Text Area/Placeholder","Oldusername123",CANDIDATE_DEAD,Settings,N,,,,"Original/ — may be superseded by Prefabs/UI/Account"
"Assets/Prefabs/Original/Mainmenu/Screens/SettingsScreen.prefab","UserProfilePanel/ChangeUserNamePanel/UserNameInputField/Text Area/Text","​",CANDIDATE_DEAD,Settings,N,,,,"Original/ — may be superseded by Prefabs/UI/Account"
"Assets/Prefabs/Original/Mainmenu/Screens/SettingsScreen.prefab","UserProfilePanel/ChangeUserNamePanel/ConfirmButton/Text (TMP)","CONFIRM",CANDIDATE_DEAD,Settings,N,,,,"Original/ — may be superseded by Prefabs/UI/Account"
"Assets/Prefabs/Original/Mainmenu/Screens/SettingsScreen.prefab","UserProfilePanel/ChangeUserNamePanel/CancelButton/Text (TMP)","CANCEL",CANDIDATE_DEAD,Settings,N,,,,"Original/ — may be superseded by Prefabs/UI/Account"
"Assets/Prefabs/Original/Mainmenu/Screens/SettingsScreen.prefab","UserProfilePanel/ChangePasswordPanel/CautionLabel","Please enter your old password and your new password",CANDIDATE_DEAD,Settings,N,,,,"Original/ — may be superseded by Prefabs/UI/Account"
"Assets/Prefabs/Original/Mainmenu/Screens/SettingsScreen.prefab","UserProfilePanel/ChangePasswordPanel/OldPasswordInputField/Text Area/Placeholder","Old password",CANDIDATE_DEAD,Settings,N,,,,"Original/ — may be superseded by Prefabs/UI/Account"
"Assets/Prefabs/Original/Mainmenu/Screens/SettingsScreen.prefab","UserProfilePanel/ChangePasswordPanel/OldPasswordInputField/Text Area/Text","​",CANDIDATE_DEAD,Settings,N,,,,"Original/ — may be superseded by Prefabs/UI/Account"
"Assets/Prefabs/Original/Mainmenu/Screens/SettingsScreen.prefab","UserProfilePanel/ChangePasswordPanel/PasswordNotMatchLabel","Password does not match. Please try again.",CANDIDATE_DEAD,Settings,N,,,,"Original/ — may be superseded by Prefabs/UI/Account"
"Assets/Prefabs/Original/Mainmenu/Screens/SettingsScreen.prefab","UserProfilePanel/ChangePasswordPanel/ForgotPasswordLabel","Forgot password?",CANDIDATE_DEAD,Settings,N,,,,"Original/ — may be superseded by Prefabs/UI/Account"
"Assets/Prefabs/Original/Mainmenu/Screens/SettingsScreen.prefab","UserProfilePanel/ChangePasswordPanel/NewPasswordField/NewPasswordInputField/Text Area/Placeholder","New password",CANDIDATE_DEAD,Settings,N,,,,"Original/ — may be superseded by Prefabs/UI/Account"
"Assets/Prefabs/Original/Mainmenu/Screens/SettingsScreen.prefab","UserProfilePanel/ChangePasswordPanel/NewPasswordField/NewPasswordInputField/Text Area/Text","​",CANDIDATE_DEAD,Settings,N,,,,"Original/ — may be superseded by Prefabs/UI/Account"
"Assets/Prefabs/Original/Mainmenu/Screens/SettingsScreen.prefab","UserProfilePanel/ChangePasswordPanel/NewPasswordField/Conditions/LengthCondition/Text (TMP)","Must contain 8 characters",CANDIDATE_DEAD,Settings,N,,,,"Original/ — may be superseded by Prefabs/UI/Account"
"Assets/Prefabs/Original/Mainmenu/Screens/SettingsScreen.prefab","UserProfilePanel/ChangePasswordPanel/NewPasswordField/Conditions/LowercaseCondition/Text (TMP)","Must contain one lowercase letter",CANDIDATE_DEAD,Settings,N,,,,"Original/ — may be superseded by Prefabs/UI/Account"
"Assets/Prefabs/Original/Mainmenu/Screens/SettingsScreen.prefab","UserProfilePanel/ChangePasswordPanel/NewPasswordField/Conditions/UppercaseCondition/Text (TMP)","Must contain one uppercase letter",CANDIDATE_DEAD,Settings,N,,,,"Original/ — may be superseded by Prefabs/UI/Account"
"Assets/Prefabs/Original/Mainmenu/Screens/SettingsScreen.prefab","UserProfilePanel/ChangePasswordPanel/NewPasswordField/Conditions/NumberCondition/Text (TMP)","Must contain one number",CANDIDATE_DEAD,Settings,N,,,,"Original/ — may be superseded by Prefabs/UI/Account"
"Assets/Prefabs/Original/Mainmenu/Screens/SettingsScreen.prefab","UserProfilePanel/ChangePasswordPanel/NewPasswordField/Conditions/SpecialCharacterCondition/Text (TMP)","Must contain one special character",CANDIDATE_DEAD,Settings,N,,,,"Original/ — may be superseded by Prefabs/UI/Account"
"Assets/Prefabs/Original/Mainmenu/Screens/SettingsScreen.prefab","UserProfilePanel/ChangePasswordPanel/ConfirmButton/Text (TMP)","CONFIRM",CANDIDATE_DEAD,Settings,N,,,,"Original/ — may be superseded by Prefabs/UI/Account"
"Assets/Prefabs/Original/Mainmenu/Screens/SettingsScreen.prefab","UserProfilePanel/ChangePasswordPanel/CancelButton/Text (TMP)","CANCEL",CANDIDATE_DEAD,Settings,N,,,,"Original/ — may be superseded by Prefabs/UI/Account"
"Assets/Prefabs/Original/Mainmenu/Screens/SettingsScreen.prefab","UserProfilePanel/ForgotPasswordPanel/PasswordResetPanel/Header/GolfinLabel","Golfin",CANDIDATE_DEAD,Settings,N,,,,"Original/ — may be superseded by Prefabs/UI/Account"
"Assets/Prefabs/Original/Mainmenu/Screens/SettingsScreen.prefab","UserProfilePanel/ForgotPasswordPanel/PasswordResetPanel/Body/PasswordResetLabel","Password Reset",CANDIDATE_DEAD,Settings,N,,,,"Original/ — may be superseded by Prefabs/UI/Account"
"Assets/Prefabs/Original/Mainmenu/Screens/SettingsScreen.prefab","UserProfilePanel/ForgotPasswordPanel/PasswordResetPanel/Body/ExplanationText","Enter your email address below. We will send you an email with a verification code to reset your password.",CANDIDATE_DEAD,Settings,N,,,,"Original/ — may be superseded by Prefabs/UI/Account"
"Assets/Prefabs/Original/Mainmenu/Screens/SettingsScreen.prefab","UserProfilePanel/ForgotPasswordPanel/PasswordResetPanel/Body/EmailSlot/InputField (TMP)/Text Area/Placeholder","Email",CANDIDATE_DEAD,Settings,N,,,,"Original/ — may be superseded by Prefabs/UI/Account"
"Assets/Prefabs/Original/Mainmenu/Screens/SettingsScreen.prefab","UserProfilePanel/ForgotPasswordPanel/PasswordResetPanel/Body/EmailSlot/InputField (TMP)/Text Area/Text","​",CANDIDATE_DEAD,Settings,N,,,,"Original/ — may be superseded by Prefabs/UI/Account"
"Assets/Prefabs/Original/Mainmenu/Screens/SettingsScreen.prefab","UserProfilePanel/ForgotPasswordPanel/PasswordResetPanel/Body/SendCodeButton/Text (TMP)","SEND VERIFICATION CODE",CANDIDATE_DEAD,Settings,N,,,,"Original/ — may be superseded by Prefabs/UI/Account"
"Assets/Prefabs/Original/Mainmenu/Screens/SettingsScreen.prefab","UserProfilePanel/ForgotPasswordPanel/PasswordResetPanel/Body/ExplanationText2","If you are not registered, no emails will be sent.",CANDIDATE_DEAD,Settings,N,,,,"Original/ — may be superseded by Prefabs/UI/Account"
"Assets/Prefabs/Original/Mainmenu/Screens/SettingsScreen.prefab","UserProfilePanel/ForgotPasswordPanel/NewPasswordPanel/Header/GolfinLabel","Golfin",CANDIDATE_DEAD,Settings,N,,,,"Original/ — may be superseded by Prefabs/UI/Account"
"Assets/Prefabs/Original/Mainmenu/Screens/SettingsScreen.prefab","UserProfilePanel/ForgotPasswordPanel/NewPasswordPanel/Body/NewPasswordLabel","New Password",CANDIDATE_DEAD,Settings,N,,,,"Original/ — may be superseded by Prefabs/UI/Account"
"Assets/Prefabs/Original/Mainmenu/Screens/SettingsScreen.prefab","UserProfilePanel/ForgotPasswordPanel/NewPasswordPanel/Body/ExplanationText","Create a new password",CANDIDATE_DEAD,Settings,N,,,,"Original/ — may be superseded by Prefabs/UI/Account"
"Assets/Prefabs/Original/Mainmenu/Screens/SettingsScreen.prefab","UserProfilePanel/ForgotPasswordPanel/NewPasswordPanel/Body/NewPasswordSlot/NewPasswordInputField/Text Area/Placeholder","New password",CANDIDATE_DEAD,Settings,N,,,,"Original/ — may be superseded by Prefabs/UI/Account"
"Assets/Prefabs/Original/Mainmenu/Screens/SettingsScreen.prefab","UserProfilePanel/ForgotPasswordPanel/NewPasswordPanel/Body/NewPasswordSlot/NewPasswordInputField/Text Area/Text","​",CANDIDATE_DEAD,Settings,N,,,,"Original/ — may be superseded by Prefabs/UI/Account"
"Assets/Prefabs/Original/Mainmenu/Screens/SettingsScreen.prefab","UserProfilePanel/ForgotPasswordPanel/NewPasswordPanel/Body/NewPasswordSlot/Conditions/LengthCondition/Text (TMP)","Must contain 8 characters",CANDIDATE_DEAD,Settings,N,,,,"Original/ — may be superseded by Prefabs/UI/Account"
"Assets/Prefabs/Original/Mainmenu/Screens/SettingsScreen.prefab","UserProfilePanel/ForgotPasswordPanel/NewPasswordPanel/Body/NewPasswordSlot/Conditions/LowercaseCondition/Text (TMP)","Must contain one lowercase letter",CANDIDATE_DEAD,Settings,N,,,,"Original/ — may be superseded by Prefabs/UI/Account"
"Assets/Prefabs/Original/Mainmenu/Screens/SettingsScreen.prefab","UserProfilePanel/ForgotPasswordPanel/NewPasswordPanel/Body/NewPasswordSlot/Conditions/UppercaseCondition/Text (TMP)","Must contain one uppercase letter",CANDIDATE_DEAD,Settings,N,,,,"Original/ — may be superseded by Prefabs/UI/Account"
"Assets/Prefabs/Original/Mainmenu/Screens/SettingsScreen.prefab","UserProfilePanel/ForgotPasswordPanel/NewPasswordPanel/Body/NewPasswordSlot/Conditions/NumberCondition/Text (TMP)","Must contain one number",CANDIDATE_DEAD,Settings,N,,,,"Original/ — may be superseded by Prefabs/UI/Account"
"Assets/Prefabs/Original/Mainmenu/Screens/SettingsScreen.prefab","UserProfilePanel/ForgotPasswordPanel/NewPasswordPanel/Body/NewPasswordSlot/Conditions/SpecialCharacterCondition/Text (TMP)","Must contain one special character",CANDIDATE_DEAD,Settings,N,,,,"Original/ — may be superseded by Prefabs/UI/Account"
"Assets/Prefabs/Original/Mainmenu/Screens/SettingsScreen.prefab","UserProfilePanel/ForgotPasswordPanel/NewPasswordPanel/Body/VerificationSlot/InputField (TMP)/Text Area/Placeholder","Verification Code",CANDIDATE_DEAD,Settings,N,,,,"Original/ — may be superseded by Prefabs/UI/Account"
"Assets/Prefabs/Original/Mainmenu/Screens/SettingsScreen.prefab","UserProfilePanel/ForgotPasswordPanel/NewPasswordPanel/Body/VerificationSlot/InputField (TMP)/Text Area/Text","​",CANDIDATE_DEAD,Settings,N,,,,"Original/ — may be superseded by Prefabs/UI/Account"
"Assets/Prefabs/Original/Mainmenu/Screens/SettingsScreen.prefab","UserProfilePanel/ForgotPasswordPanel/NewPasswordPanel/Body/SendCodeAgainButton/Text (TMP)","Didn't receive a code?",CANDIDATE_DEAD,Settings,N,,,,"Original/ — may be superseded by Prefabs/UI/Account"
"Assets/Prefabs/Original/Mainmenu/Screens/SettingsScreen.prefab","UserProfilePanel/ForgotPasswordPanel/NewPasswordPanel/Body/SendCodeAgainButton/Text (TMP) (1)","Send again",CANDIDATE_DEAD,Settings,N,,,,"Original/ — may be superseded by Prefabs/UI/Account"
"Assets/Prefabs/Original/Mainmenu/Screens/SettingsScreen.prefab","UserProfilePanel/ForgotPasswordPanel/NewPasswordPanel/Body/ResetPasswordButton/Text (TMP)","RESET PASSWORD",CANDIDATE_DEAD,Settings,N,,,,"Original/ — may be superseded by Prefabs/UI/Account"
"Assets/Prefabs/Original/Mainmenu/Screens/SettingsScreen.prefab","UserProfilePanel/ForgotPasswordPanel/ChangeCompletePanel/Body/CompleteLabel","Complete",CANDIDATE_DEAD,Settings,N,,,,"Original/ — may be superseded by Prefabs/UI/Account"
"Assets/Prefabs/Original/Mainmenu/Screens/SettingsScreen.prefab","UserProfilePanel/ForgotPasswordPanel/ChangeCompletePanel/Body/ExplanationText","Your password has been updated.

Please login using your new password.",CANDIDATE_DEAD,Settings,N,,,,"Original/ — may be superseded by Prefabs/UI/Account"
"Assets/Prefabs/Original/Mainmenu/Screens/SettingsScreen.prefab","UserProfilePanel/ForgotPasswordPanel/ChangeCompletePanel/Body/GoToLoginButton/Text (TMP)","GO TO LOGIN",CANDIDATE_DEAD,Settings,N,,,,"Original/ — may be superseded by Prefabs/UI/Account"
"Assets/Prefabs/Original/Mainmenu/Screens/SettingsScreen.prefab","SoundPanel/Label/LabelText","Sound Settings",CANDIDATE_DEAD,Settings,N,,,,"Original/ — may be superseded by Prefabs/UI/Account"
"Assets/Prefabs/Original/Mainmenu/Screens/SettingsScreen.prefab","SoundPanel/Sound/HeaderLabel","Sound",CANDIDATE_DEAD,Settings,N,,,,"Original/ — may be superseded by Prefabs/UI/Account"
"Assets/Prefabs/Original/Mainmenu/Screens/SettingsScreen.prefab","SoundPanel/Music/HeaderLabel","Music",CANDIDATE_DEAD,Settings,N,,,,"Original/ — may be superseded by Prefabs/UI/Account"
"Assets/Prefabs/Original/Mainmenu/Screens/SettingsScreen.prefab","LanguagesPanel/Toggle/Label","English",CANDIDATE_DEAD,Settings,N,,,,"Original/ — may be superseded by Prefabs/UI/Account"
"Assets/Prefabs/Original/Mainmenu/Screens/SettingsScreen.prefab","LanguagesPanel/Toggle (1)/Label","Japanese",CANDIDATE_DEAD,Settings,N,,,,"Original/ — may be superseded by Prefabs/UI/Account"
"Assets/Prefabs/Original/Mainmenu/Screens/SettingsScreen.prefab","AboutPanel/AppVersion/Label","App version",CANDIDATE_DEAD,Settings,N,,,,"Original/ — may be superseded by Prefabs/UI/Account"
"Assets/Prefabs/Original/Mainmenu/Screens/SettingsScreen.prefab","AboutPanel/AppVersion/Version","V1.2.3.2",CANDIDATE_DEAD,Settings,N,,,,"Original/ — may be superseded by Prefabs/UI/Account"
"Assets/Prefabs/Original/Mainmenu/Screens/SettingsScreen.prefab","AboutPanel/Licenses/Label","Licenses",CANDIDATE_DEAD,Settings,N,,,,"Original/ — may be superseded by Prefabs/UI/Account"
"Assets/Prefabs/Original/Mainmenu/Screens/SettingsScreen.prefab","AboutPanel/Licenses/MITLicenseLabel","MIT License",CANDIDATE_DEAD,Settings,N,,,,"Original/ — may be superseded by Prefabs/UI/Account"
"Assets/Prefabs/Original/Mainmenu/Screens/SettingsScreen.prefab","AboutPanel/Licenses/GNULabel","GPL (GNU General Public License)",CANDIDATE_DEAD,Settings,N,,,,"Original/ — may be superseded by Prefabs/UI/Account"
"Assets/Prefabs/Original/Mainmenu/Screens/SettingsScreen.prefab","AboutPanel/Licenses/ApacheLabel","Apache License 2.0",CANDIDATE_DEAD,Settings,N,,,,"Original/ — may be superseded by Prefabs/UI/Account"
"Assets/Prefabs/Original/Mainmenu/Screens/SettingsScreen.prefab","AboutPanel/Licenses/BSDLabel","BSD License",CANDIDATE_DEAD,Settings,N,,,,"Original/ — may be superseded by Prefabs/UI/Account"
"Assets/Prefabs/Original/Mainmenu/Screens/SettingsScreen.prefab","BackButton/Text (TMP)","BACK",CANDIDATE_DEAD,Settings,N,,,,"Original/ — may be superseded by Prefabs/UI/Account"
"Assets/Prefabs/Original/Mainmenu/Screens/StoreScreen.prefab","TabsPanel/GachaTab/GachaText","GACHA",CANDIDATE_DEAD,Shop/Gacha,N,,,,"Original/ — may be superseded by Prefabs/UI/Account"
"Assets/Prefabs/Original/Mainmenu/Screens/StoreScreen.prefab","TabsPanel/FreePresentTab/FreePresentText","GIFTS",CANDIDATE_DEAD,Shop/Gacha,N,,,,"Original/ — may be superseded by Prefabs/UI/Account"
"Assets/Prefabs/Original/Mainmenu/Screens/StoreScreen.prefab","TabsPanel/ShopTab/ShopText","SHOP",CANDIDATE_DEAD,Shop/Gacha,N,,,,"Original/ — may be superseded by Prefabs/UI/Account"
"Assets/Prefabs/Original/Mainmenu/Screens/StoreScreen.prefab","PresentPanel/TopPanel/InfoTextPanel/InfoLabel","Free Present",CANDIDATE_DEAD,Shop/Gacha,N,,,,"Original/ — may be superseded by Prefabs/UI/Account"
"Assets/Prefabs/Original/Mainmenu/Screens/StoreScreen.prefab","PresentPanel/TopPanel/InfoTextPanel/InfoText","Redeem your tickets to receive free items",CANDIDATE_DEAD,Shop/Gacha,N,,,,"Original/ — may be superseded by Prefabs/UI/Account"
"Assets/Prefabs/Original/Mainmenu/Screens/StoreScreen.prefab","PresentPanel/MiddlePanel/TicketDisplayPanel/RemainingText","Remaining:",CANDIDATE_DEAD,Shop/Gacha,N,,,,"Original/ — may be superseded by Prefabs/UI/Account"
"Assets/Prefabs/Original/Mainmenu/Screens/StoreScreen.prefab","PresentPanel/MiddlePanel/TicketDisplayPanel/RemainingValue","x3",CANDIDATE_DEAD,Shop/Gacha,N,,,,"Original/ — may be superseded by Prefabs/UI/Account"
"Assets/Prefabs/Original/Mainmenu/Screens/StoreScreen.prefab","PresentPanel/MiddlePanel/RedeemAllButton/RedeemAllText","REDEEM ALL",CANDIDATE_DEAD,Shop/Gacha,N,,,,"Original/ — may be superseded by Prefabs/UI/Account"
"Assets/Prefabs/Original/Mainmenu/Screens/StoreScreen.prefab","PresentPanel/DownPanel/ScrollView/Viewport/PresentCard/PresentInfoPanel/PresentNameText","REPAIR KIT",CANDIDATE_DEAD,Shop/Gacha,N,,,,"Original/ — may be superseded by Prefabs/UI/Account"
"Assets/Prefabs/Original/Mainmenu/Screens/StoreScreen.prefab","PresentPanel/DownPanel/ScrollView/Viewport/PresentCard/PresentInfoPanel/PresentTypeText","Item",CANDIDATE_DEAD,Shop/Gacha,N,,,,"Original/ — may be superseded by Prefabs/UI/Account"
"Assets/Prefabs/Original/Mainmenu/Screens/StoreScreen.prefab","PresentPanel/DownPanel/ScrollView/Viewport/PresentCard/PresentInfoPanel/RedeemInfoText","Redeem by 0000/00/00",CANDIDATE_DEAD,Shop/Gacha,N,,,,"Original/ — may be superseded by Prefabs/UI/Account"
"Assets/Prefabs/Original/Mainmenu/Screens/StoreScreen.prefab","PresentPanel/DownPanel/ScrollView/Viewport/NoRedeemableText","No redeemable presents at the moment.",CANDIDATE_DEAD,Shop/Gacha,N,,,,"Original/ — may be superseded by Prefabs/UI/Account"
"Assets/Prefabs/Original/Mainmenu/Screens/StoreScreen.prefab","PresentPanel/DownPanel/PagePanel/PageInfoText","1 / 2",CANDIDATE_DEAD,Shop/Gacha,N,,,,"Original/ — may be superseded by Prefabs/UI/Account"
"Assets/Prefabs/Original/Mainmenu/Screens/StoreScreen.prefab","StoreItemInfoPanel/BallInfoElement/InfoLabelBG/BallName","Bridgestone TOURSTAGE Extra Distance",CANDIDATE_DEAD,Shop/Gacha,N,,,,"Original/ — may be superseded by Prefabs/UI/Account"
"Assets/Prefabs/Original/Mainmenu/Screens/StoreScreen.prefab","StoreItemInfoPanel/BallInfoElement/InfoLabelBG/BallCountInfo/BallCount","3",CANDIDATE_DEAD,Shop/Gacha,N,,,,"Original/ — may be superseded by Prefabs/UI/Account"
"Assets/Prefabs/Original/Mainmenu/Screens/StoreScreen.prefab","StoreItemInfoPanel/BallInfoElement/BallStats/PowerStatElement (1)/StatType","Power",CANDIDATE_DEAD,Shop/Gacha,N,,,,"Original/ — may be superseded by Prefabs/UI/Account"
"Assets/Prefabs/Original/Mainmenu/Screens/StoreScreen.prefab","StoreItemInfoPanel/BallInfoElement/BallStats/PowerStatElement (1)/Stat Value","+3",CANDIDATE_DEAD,Shop/Gacha,N,,,,"Original/ — may be superseded by Prefabs/UI/Account"
"Assets/Prefabs/Original/Mainmenu/Screens/StoreScreen.prefab","StoreItemInfoPanel/BallInfoElement/BallStats/ReboundStatElement (2)/StatType","Rebound",CANDIDATE_DEAD,Shop/Gacha,N,,,,"Original/ — may be superseded by Prefabs/UI/Account"
"Assets/Prefabs/Original/Mainmenu/Screens/StoreScreen.prefab","StoreItemInfoPanel/BallInfoElement/BallStats/ReboundStatElement (2)/Stat Value","+2",CANDIDATE_DEAD,Shop/Gacha,N,,,,"Original/ — may be superseded by Prefabs/UI/Account"
"Assets/Prefabs/Original/Mainmenu/Screens/StoreScreen.prefab","StoreItemInfoPanel/BallInfoElement/BallStats/WindResistanceStatElement (3)/StatType","Wind 
Resistance",CANDIDATE_DEAD,Shop/Gacha,N,,,,"Original/ — may be superseded by Prefabs/UI/Account"
"Assets/Prefabs/Original/Mainmenu/Screens/StoreScreen.prefab","StoreItemInfoPanel/BallInfoElement/BallStats/WindResistanceStatElement (3)/Stat Value","0",CANDIDATE_DEAD,Shop/Gacha,N,,,,"Original/ — may be superseded by Prefabs/UI/Account"
"Assets/Prefabs/Original/Mainmenu/Screens/StoreScreen.prefab","StoreItemInfoPanel/BallInfoElement/BallStats/RollStatElement (4)/StatType","Roll",CANDIDATE_DEAD,Shop/Gacha,N,,,,"Original/ — may be superseded by Prefabs/UI/Account"
"Assets/Prefabs/Original/Mainmenu/Screens/StoreScreen.prefab","StoreItemInfoPanel/BallInfoElement/BallStats/RollStatElement (4)/Stat Value","+5",CANDIDATE_DEAD,Shop/Gacha,N,,,,"Original/ — may be superseded by Prefabs/UI/Account"
"Assets/Prefabs/Original/Mainmenu/Screens/StoreScreen.prefab","StoreItemInfoPanel/BallInfoElement/BallStats/SpinStatElement (5)/StatType","Spin",CANDIDATE_DEAD,Shop/Gacha,N,,,,"Original/ — may be superseded by Prefabs/UI/Account"
"Assets/Prefabs/Original/Mainmenu/Screens/StoreScreen.prefab","StoreItemInfoPanel/BallInfoElement/BallStats/SpinStatElement (5)/Stat Value","+4",CANDIDATE_DEAD,Shop/Gacha,N,,,,"Original/ — may be superseded by Prefabs/UI/Account"
"Assets/Prefabs/Original/Mainmenu/Screens/StoreScreen.prefab","StoreItemInfoPanel/BallInfoElement/InfoButton/InfoButtonText","INFO",CANDIDATE_DEAD,Shop/Gacha,N,,,,"Original/ — may be superseded by Prefabs/UI/Account"
"Assets/Prefabs/Original/Mainmenu/Screens/StoreScreen.prefab","StoreItemInfoPanel/BallInfoElement/ParametersButton/ParametersButtonText","STATS",CANDIDATE_DEAD,Shop/Gacha,N,,,,"Original/ — may be superseded by Prefabs/UI/Account"
"Assets/Prefabs/Original/Mainmenu/Screens/StoreScreen.prefab","StoreItemInfoPanel/BallInfoElement/BallInfoText","Designed for Consistently Outstanding Tour Performance

Ideal for the better player seeking distance & feel",CANDIDATE_DEAD,Shop/Gacha,N,,,,"Original/ — may be superseded by Prefabs/UI/Account"
"Assets/Prefabs/Original/Mainmenu/Screens/StoreScreen.prefab","StoreItemInfoPanel/CharacterInfoElement/Header/CharacterName","Driver GF",CANDIDATE_DEAD,Shop/Gacha,N,,,,"Original/ — may be superseded by Prefabs/UI/Account"
"Assets/Prefabs/Original/Mainmenu/Screens/StoreScreen.prefab","StoreItemInfoPanel/CharacterInfoElement/Header/RarityLevelInfo/CharacterLevel","99",CANDIDATE_DEAD,Shop/Gacha,N,,,,"Original/ — may be superseded by Prefabs/UI/Account"
"Assets/Prefabs/Original/Mainmenu/Screens/StoreScreen.prefab","StoreItemInfoPanel/CharacterInfoElement/Stats/StrengthStat/StatName","Strength",CANDIDATE_DEAD,Shop/Gacha,N,,,,"Original/ — may be superseded by Prefabs/UI/Account"
"Assets/Prefabs/Original/Mainmenu/Screens/StoreScreen.prefab","StoreItemInfoPanel/CharacterInfoElement/Stats/StrengthStat/StatValue","30",CANDIDATE_DEAD,Shop/Gacha,N,,,,"Original/ — may be superseded by Prefabs/UI/Account"
"Assets/Prefabs/Original/Mainmenu/Screens/StoreScreen.prefab","StoreItemInfoPanel/CharacterInfoElement/Stats/ClubControlStat/StatName","Club Control",CANDIDATE_DEAD,Shop/Gacha,N,,,,"Original/ — may be superseded by Prefabs/UI/Account"
"Assets/Prefabs/Original/Mainmenu/Screens/StoreScreen.prefab","StoreItemInfoPanel/CharacterInfoElement/Stats/ClubControlStat/StatValue","30",CANDIDATE_DEAD,Shop/Gacha,N,,,,"Original/ — may be superseded by Prefabs/UI/Account"
"Assets/Prefabs/Original/Mainmenu/Screens/StoreScreen.prefab","StoreItemInfoPanel/CharacterInfoElement/Stats/StaminaRegenStat/StatName","Stamina
Regeneration",CANDIDATE_DEAD,Shop/Gacha,N,,,,"Original/ — may be superseded by Prefabs/UI/Account"
"Assets/Prefabs/Original/Mainmenu/Screens/StoreScreen.prefab","StoreItemInfoPanel/CharacterInfoElement/Stats/StaminaRegenStat/StatValue","30",CANDIDATE_DEAD,Shop/Gacha,N,,,,"Original/ — may be superseded by Prefabs/UI/Account"
"Assets/Prefabs/Original/Mainmenu/Screens/StoreScreen.prefab","StoreItemInfoPanel/CharacterInfoElement/Stats/StaminaStat/StatName","Stamina",CANDIDATE_DEAD,Shop/Gacha,N,,,,"Original/ — may be superseded by Prefabs/UI/Account"
"Assets/Prefabs/Original/Mainmenu/Screens/StoreScreen.prefab","StoreItemInfoPanel/CharacterInfoElement/Stats/StaminaStat/StatValue","30",CANDIDATE_DEAD,Shop/Gacha,N,,,,"Original/ — may be superseded by Prefabs/UI/Account"
"Assets/Prefabs/Original/Mainmenu/Screens/StoreScreen.prefab","StoreItemInfoPanel/CharacterInfoElement/InfoText","New Text",CANDIDATE_DEAD,Shop/Gacha,N,,,,"Original/ — may be superseded by Prefabs/UI/Account"
"Assets/Prefabs/Original/Mainmenu/Screens/StoreScreen.prefab","StoreItemInfoPanel/CharacterInfoElement/LevelUpButton/LevelUpButtonText","LEVEL UP",CANDIDATE_DEAD,Shop/Gacha,N,,,,"Original/ — may be superseded by Prefabs/UI/Account"
"Assets/Prefabs/Original/Mainmenu/Screens/StoreScreen.prefab","StoreItemInfoPanel/CharacterInfoElement/InfoButton/Text (TMP)","INFO",CANDIDATE_DEAD,Shop/Gacha,N,,,,"Original/ — may be superseded by Prefabs/UI/Account"
"Assets/Prefabs/Original/Mainmenu/Screens/StoreScreen.prefab","StoreItemInfoPanel/CharacterInfoElement/ParameterButton/Text (TMP)","STATS",CANDIDATE_DEAD,Shop/Gacha,N,,,,"Original/ — may be superseded by Prefabs/UI/Account"
"Assets/Prefabs/Original/Mainmenu/Screens/StoreScreen.prefab","StoreItemInfoPanel/CharacterInfoElement/BoostButton/Text (TMP)","BOOST",CANDIDATE_DEAD,Shop/Gacha,N,,,,"Original/ — may be superseded by Prefabs/UI/Account"
"Assets/Prefabs/Original/Mainmenu/Screens/StoreScreen.prefab","StoreItemInfoPanel/ClubInfoElement/StatElement/StatType","Total Distance",CANDIDATE_DEAD,Shop/Gacha,N,,,,"Original/ — may be superseded by Prefabs/UI/Account"
"Assets/Prefabs/Original/Mainmenu/Screens/StoreScreen.prefab","StoreItemInfoPanel/ClubInfoElement/StatElement/Stat Value","Value",CANDIDATE_DEAD,Shop/Gacha,N,,,,"Original/ — may be superseded by Prefabs/UI/Account"
"Assets/Prefabs/Original/Mainmenu/Screens/StoreScreen.prefab","StoreItemInfoPanel/ClubInfoElement/InfoLabelBG/ClubType","ClubType",CANDIDATE_DEAD,Shop/Gacha,N,,,,"Original/ — may be superseded by Prefabs/UI/Account"
"Assets/Prefabs/Original/Mainmenu/Screens/StoreScreen.prefab","StoreItemInfoPanel/ClubInfoElement/InfoLabelBG/ClubName","ClubName",CANDIDATE_DEAD,Shop/Gacha,N,,,,"Original/ — may be superseded by Prefabs/UI/Account"
"Assets/Prefabs/Original/Mainmenu/Screens/StoreScreen.prefab","StoreItemInfoPanel/ClubInfoElement/InfoLabelBG/RarityLevelInfo/ClubLevel","99",CANDIDATE_DEAD,Shop/Gacha,N,,,,"Original/ — may be superseded by Prefabs/UI/Account"
"Assets/Prefabs/Original/Mainmenu/Screens/StoreScreen.prefab","StoreItemInfoPanel/ClubInfoElement/ClubInfoText","",CANDIDATE_DEAD,Shop/Gacha,N,,,,"Original/ — may be superseded by Prefabs/UI/Account"
"Assets/Prefabs/Original/Mainmenu/Screens/StoreScreen.prefab","StoreItemInfoPanel/ClubInfoElement/EmptySlotInfoText","This slot is empty.
Use the 'SWAP' button to choose a club.",CANDIDATE_DEAD,Shop/Gacha,N,,,,"Original/ — may be superseded by Prefabs/UI/Account"
"Assets/Prefabs/Original/Mainmenu/Screens/StoreScreen.prefab","StoreItemInfoPanel/ClubInfoElement/LevelUpButton/LevelUpButtonText","LEVEL UP",CANDIDATE_DEAD,Shop/Gacha,N,,,,"Original/ — may be superseded by Prefabs/UI/Account"
"Assets/Prefabs/Original/Mainmenu/Screens/StoreScreen.prefab","StoreItemInfoPanel/ClubInfoElement/InfoParametersButton/InfoParametersButtonText","INFO",CANDIDATE_DEAD,Shop/Gacha,N,,,,"Original/ — may be superseded by Prefabs/UI/Account"
"Assets/Prefabs/Original/Mainmenu/Screens/StoreScreen.prefab","StoreItemInfoPanel/ClubInfoElement/RepairButton/RepairButtonText","REPAIR",CANDIDATE_DEAD,Shop/Gacha,N,,,,"Original/ — may be superseded by Prefabs/UI/Account"
"Assets/Prefabs/Original/Mainmenu/Screens/StoreScreen.prefab","StoreItemInfoPanel/ClubInfoElement/DebugRepairButton/DebugRepairText","REP.",CANDIDATE_DEAD,Shop/Gacha,N,,,,"Original/ — may be superseded by Prefabs/UI/Account"
"Assets/Prefabs/Original/Mainmenu/Screens/StoreScreen.prefab","StoreItemInfoPanel/ItemInfoElement/InfoLabelBG/ItemName","Repair Kit",CANDIDATE_DEAD,Shop/Gacha,N,,,,"Original/ — may be superseded by Prefabs/UI/Account"
"Assets/Prefabs/Original/Mainmenu/Screens/StoreScreen.prefab","StoreItemInfoPanel/ItemInfoElement/InfoLabelBG/ItemCountInfo/ItemCount","3",CANDIDATE_DEAD,Shop/Gacha,N,,,,"Original/ — may be superseded by Prefabs/UI/Account"
"Assets/Prefabs/Original/Mainmenu/Screens/StoreScreen.prefab","StoreItemInfoPanel/ItemInfoElement/UseButton/UseButtonText","USE",CANDIDATE_DEAD,Shop/Gacha,N,,,,"Original/ — may be superseded by Prefabs/UI/Account"
"Assets/Prefabs/Original/Mainmenu/Screens/StoreScreen.prefab","StoreItemInfoPanel/ItemInfoElement/ItemInfoText","Grade-A class Repair Kits are coming with auality repair items and a leather bag.

First sold under the label 'Rob the Kit Series' back in 1876 in Lyon, by the famous Rossigneux Golfcare.",CANDIDATE_DEAD,Shop/Gacha,N,,,,"Original/ — may be superseded by Prefabs/UI/Account"
"Assets/Prefabs/Original/Mainmenu/Screens/StoreScreen.prefab","StoreItemInfoPanel/BackButton/BackButtonText","BACK",CANDIDATE_DEAD,Shop/Gacha,N,,,,"Original/ — may be superseded by Prefabs/UI/Account"
"Assets/Prefabs/Original/Missions/MissionCard.prefab","HeaderPanel/BigHeader","New Text",CANDIDATE_DEAD,Other,N,,,,"Original/ — may be superseded by Prefabs/UI/Account"
"Assets/Prefabs/Original/Missions/MissionCard.prefab","HeaderPanel/SmallHeader","New Text",CANDIDATE_DEAD,Other,N,,,,"Original/ — may be superseded by Prefabs/UI/Account"
"Assets/Prefabs/Original/Missions/MissionCard.prefab","RewardsPanel/Reward1/RewardValue","x100",CANDIDATE_DEAD,Other,N,,,,"Original/ — may be superseded by Prefabs/UI/Account"
"Assets/Prefabs/Original/Missions/MissionCard.prefab","RewardsPanel/Reward2/RewardValue","x100",CANDIDATE_DEAD,Other,N,,,,"Original/ — may be superseded by Prefabs/UI/Account"
"Assets/Prefabs/Original/Missions/MissionCard.prefab","RewardsPanel/Reward3/RewardValue","x100",CANDIDATE_DEAD,Other,N,,,,"Original/ — may be superseded by Prefabs/UI/Account"
"Assets/Prefabs/Original/Missions/MissionCard.prefab","GoalsPanel/Goal1/GoalText","New Text",CANDIDATE_DEAD,Other,N,,,,"Original/ — may be superseded by Prefabs/UI/Account"
"Assets/Prefabs/Original/Missions/MissionCard.prefab","GoalsPanel/Goal2/GoalText","New Text",CANDIDATE_DEAD,Other,N,,,,"Original/ — may be superseded by Prefabs/UI/Account"
"Assets/Prefabs/Original/Missions/MissionCard.prefab","GoalsPanel/Goal3/GoalText","New Text",CANDIDATE_DEAD,Other,N,,,,"Original/ — may be superseded by Prefabs/UI/Account"
"Assets/Prefabs/Original/Missions/MissionCard.prefab","ButtonPanel/Button/ButtonText","Button",CANDIDATE_DEAD,Other,N,,,,"Original/ — may be superseded by Prefabs/UI/Account"
"Assets/Prefabs/Original/Missions/MissionResultCard.prefab","HeaderPanel/BigHeader","MISSION RESULTS",CANDIDATE_DEAD,Hole/Results,N,,,,"Original/ — may be superseded by Prefabs/UI/Account"
"Assets/Prefabs/Original/Missions/MissionResultCard.prefab","HeaderPanel/SmallHeader","New Text",CANDIDATE_DEAD,Hole/Results,N,,,,"Original/ — may be superseded by Prefabs/UI/Account"
"Assets/Prefabs/Original/Missions/MissionResultCard.prefab","GoalsLabel","Goals",CANDIDATE_DEAD,Hole/Results,N,,,,"Original/ — may be superseded by Prefabs/UI/Account"
"Assets/Prefabs/Original/Missions/MissionResultCard.prefab","GoalsPanel/Goal1/GoalText","New Text",CANDIDATE_DEAD,Hole/Results,N,,,,"Original/ — may be superseded by Prefabs/UI/Account"
"Assets/Prefabs/Original/Missions/MissionResultCard.prefab","GoalsPanel/Goal1/GoalResultText","RESULT",CANDIDATE_DEAD,Hole/Results,N,,,,"Original/ — may be superseded by Prefabs/UI/Account"
"Assets/Prefabs/Original/Missions/MissionResultCard.prefab","GoalsPanel/Goal2/GoalText","New Text",CANDIDATE_DEAD,Hole/Results,N,,,,"Original/ — may be superseded by Prefabs/UI/Account"
"Assets/Prefabs/Original/Missions/MissionResultCard.prefab","GoalsPanel/Goal2/GoalResultText","RESULT",CANDIDATE_DEAD,Hole/Results,N,,,,"Original/ — may be superseded by Prefabs/UI/Account"
"Assets/Prefabs/Original/Missions/MissionResultCard.prefab","GoalsPanel/Goal3/GoalText","New Text",CANDIDATE_DEAD,Hole/Results,N,,,,"Original/ — may be superseded by Prefabs/UI/Account"
"Assets/Prefabs/Original/Missions/MissionResultCard.prefab","GoalsPanel/Goal3/GoalResultText","RESULT",CANDIDATE_DEAD,Hole/Results,N,,,,"Original/ — may be superseded by Prefabs/UI/Account"
"Assets/Prefabs/Original/Missions/MissionResultCard.prefab","ResultLabel","RESULT",CANDIDATE_DEAD,Hole/Results,N,,,,"Original/ — may be superseded by Prefabs/UI/Account"
"Assets/Prefabs/Original/Missions/MissionResultCard.prefab","RewardsLabel","Rewards",CANDIDATE_DEAD,Hole/Results,N,,,,"Original/ — may be superseded by Prefabs/UI/Account"
"Assets/Prefabs/Original/Missions/MissionResultCard.prefab","RewardsPanel/Reward1/RewardValue","x100",CANDIDATE_DEAD,Hole/Results,N,,,,"Original/ — may be superseded by Prefabs/UI/Account"
"Assets/Prefabs/Original/Missions/MissionResultCard.prefab","RewardsPanel/Reward2/RewardValue","x100",CANDIDATE_DEAD,Hole/Results,N,,,,"Original/ — may be superseded by Prefabs/UI/Account"
"Assets/Prefabs/Original/Missions/MissionResultCard.prefab","RewardsPanel/Reward3/RewardValue","x100",CANDIDATE_DEAD,Hole/Results,N,,,,"Original/ — may be superseded by Prefabs/UI/Account"
"Assets/Prefabs/Original/Missions/MissionResultCard.prefab","ButtonPanel/Button/ButtonText","Button",CANDIDATE_DEAD,Hole/Results,N,,,,"Original/ — may be superseded by Prefabs/UI/Account"
"Assets/Prefabs/Original/Popups/Popup.prefab","Panel/Header/HeaderText","HEADER",CANDIDATE_DEAD,Other,N,,,,"Original/ — may be superseded by Prefabs/UI/Account"
"Assets/Prefabs/Original/Popups/Popup.prefab","Panel/PopupText","Text",CANDIDATE_DEAD,Other,N,,,,"Original/ — may be superseded by Prefabs/UI/Account"
"Assets/Prefabs/Original/Popups/Popup.prefab","Panel/Buttons/Button/ButtonText","BUTTON TEXT",CANDIDATE_DEAD,Other,N,,,,"Original/ — may be superseded by Prefabs/UI/Account"
"Assets/Prefabs/Original/Popups/Popup.prefab","Panel/Buttons/Button2/Button2Text","BUTTON2 TEXT",CANDIDATE_DEAD,Other,N,,,,"Original/ — may be superseded by Prefabs/UI/Account"
"Assets/Prefabs/Original/Popups/PreAPIErrorPopup.prefab","Panel/Header/HeaderText","HEADER",CANDIDATE_DEAD,Other,N,,,,"Original/ — may be superseded by Prefabs/UI/Account"
"Assets/Prefabs/Original/Popups/PreAPIErrorPopup.prefab","Panel/PopupText","Text",CANDIDATE_DEAD,Other,N,,,,"Original/ — may be superseded by Prefabs/UI/Account"
"Assets/Prefabs/Original/Popups/PreAPIErrorPopup.prefab","Panel/DownloadSizeText","DOWNLOAD SIZE
350 MB",CANDIDATE_DEAD,Other,N,,,,"Original/ — may be superseded by Prefabs/UI/Account"
"Assets/Prefabs/Original/Popups/PreAPIErrorPopup.prefab","Panel/Buttons/Button/ButtonText","BUTTON TEXT",CANDIDATE_DEAD,Other,N,,,,"Original/ — may be superseded by Prefabs/UI/Account"
"Assets/Prefabs/Original/Popups/PreAPIErrorPopup.prefab","Panel/Buttons/Button2/Button2Text","BUTTON2 TEXT",CANDIDATE_DEAD,Other,N,,,,"Original/ — may be superseded by Prefabs/UI/Account"
"Assets/Prefabs/Original/Popups/Toast.prefab","Panel/ToastText","New Text",CANDIDATE_DEAD,Other,N,,,,"Original/ — may be superseded by Prefabs/UI/Account"
"Assets/Prefabs/Original/SplashScene/LoginScreen.prefab","MainPanel/Header/GolfinLabel","Golfin",CANDIDATE_DEAD,Account,N,,,,"Original/ — may be superseded by Prefabs/UI/Account"
"Assets/Prefabs/Original/SplashScene/LoginScreen.prefab","MainPanel/Body/LoginWithEmailLabel","Login with Email",CANDIDATE_DEAD,Account,N,,,,"Original/ — may be superseded by Prefabs/UI/Account"
"Assets/Prefabs/Original/SplashScene/LoginScreen.prefab","MainPanel/Body/EmailSlot/InputField (TMP)/Text Area/Placeholder","Email",CANDIDATE_DEAD,Account,N,,,,"Original/ — may be superseded by Prefabs/UI/Account"
"Assets/Prefabs/Original/SplashScene/LoginScreen.prefab","MainPanel/Body/EmailSlot/InputField (TMP)/Text Area/Text","​",CANDIDATE_DEAD,Account,N,,,,"Original/ — may be superseded by Prefabs/UI/Account"
"Assets/Prefabs/Original/SplashScene/LoginScreen.prefab","MainPanel/Body/PasswordSlot/NewPasswordInputField/Text Area/Placeholder","Password",CANDIDATE_DEAD,Account,N,,,,"Original/ — may be superseded by Prefabs/UI/Account"
"Assets/Prefabs/Original/SplashScene/LoginScreen.prefab","MainPanel/Body/PasswordSlot/NewPasswordInputField/Text Area/Text","​",CANDIDATE_DEAD,Account,N,,,,"Original/ — may be superseded by Prefabs/UI/Account"
"Assets/Prefabs/Original/SplashScene/LoginScreen.prefab","MainPanel/Body/PasswordSlot/Conditions/LengthCondition/Text (TMP)","Must contain 8 characters",CANDIDATE_DEAD,Account,N,,,,"Original/ — may be superseded by Prefabs/UI/Account"
"Assets/Prefabs/Original/SplashScene/LoginScreen.prefab","MainPanel/Body/PasswordSlot/Conditions/LowercaseCondition/Text (TMP)","Must contain one lowercase letter",CANDIDATE_DEAD,Account,N,,,,"Original/ — may be superseded by Prefabs/UI/Account"
"Assets/Prefabs/Original/SplashScene/LoginScreen.prefab","MainPanel/Body/PasswordSlot/Conditions/UppercaseCondition/Text (TMP)","Must contain one uppercase letter",CANDIDATE_DEAD,Account,N,,,,"Original/ — may be superseded by Prefabs/UI/Account"
"Assets/Prefabs/Original/SplashScene/LoginScreen.prefab","MainPanel/Body/PasswordSlot/Conditions/NumberCondition/Text (TMP)","Must contain one number",CANDIDATE_DEAD,Account,N,,,,"Original/ — may be superseded by Prefabs/UI/Account"
"Assets/Prefabs/Original/SplashScene/LoginScreen.prefab","MainPanel/Body/PasswordSlot/Conditions/SpecialCharacterCondition/Text (TMP)","Must contain one special character",CANDIDATE_DEAD,Account,N,,,,"Original/ — may be superseded by Prefabs/UI/Account"
"Assets/Prefabs/Original/SplashScene/LoginScreen.prefab","MainPanel/Body/ForgotPasswordButton/ForgotPasswordLabel","Forgot password?",CANDIDATE_DEAD,Account,N,,,,"Original/ — may be superseded by Prefabs/UI/Account"
"Assets/Prefabs/Original/SplashScene/LoginScreen.prefab","MainPanel/Body/LoginButton/Text (TMP)","LOGIN",CANDIDATE_DEAD,Account,N,,,,"Original/ — may be superseded by Prefabs/UI/Account"
"Assets/Prefabs/Original/SplashScene/LoginScreen.prefab","MainPanel/Body/CreateAccountButton/CreateAccountText","No account? Create an account",CANDIDATE_DEAD,Account,N,,,,"Original/ — may be superseded by Prefabs/UI/Account"
"Assets/Prefabs/Original/SplashScene/LoginScreen.prefab","MainPanel/Body/LoginWithGoogleButton/Text (TMP)","Login with Google",CANDIDATE_DEAD,Account,N,,,,"Original/ — may be superseded by Prefabs/UI/Account"
"Assets/Prefabs/Original/SplashScene/LoginScreen.prefab","MainPanel/Body/LoginWithAppleButton/Text (TMP)","Login with Apple",CANDIDATE_DEAD,Account,N,,,,"Original/ — may be superseded by Prefabs/UI/Account"
"Assets/Prefabs/Original/SplashScene/LoginScreen.prefab","PasswordResetPanel/Header/GolfinLabel","Golfin",CANDIDATE_DEAD,Account,N,,,,"Original/ — may be superseded by Prefabs/UI/Account"
"Assets/Prefabs/Original/SplashScene/LoginScreen.prefab","PasswordResetPanel/Body/PasswordResetLabel","Password Reset",CANDIDATE_DEAD,Account,N,,,,"Original/ — may be superseded by Prefabs/UI/Account"
"Assets/Prefabs/Original/SplashScene/LoginScreen.prefab","PasswordResetPanel/Body/ExplanationText","Enter your email address below. We will send you an email with a verification code to reset your password.",CANDIDATE_DEAD,Account,N,,,,"Original/ — may be superseded by Prefabs/UI/Account"
"Assets/Prefabs/Original/SplashScene/LoginScreen.prefab","PasswordResetPanel/Body/EmailSlot/InputField (TMP)/Text Area/Placeholder","Email",CANDIDATE_DEAD,Account,N,,,,"Original/ — may be superseded by Prefabs/UI/Account"
"Assets/Prefabs/Original/SplashScene/LoginScreen.prefab","PasswordResetPanel/Body/EmailSlot/InputField (TMP)/Text Area/Text","​",CANDIDATE_DEAD,Account,N,,,,"Original/ — may be superseded by Prefabs/UI/Account"
"Assets/Prefabs/Original/SplashScene/LoginScreen.prefab","PasswordResetPanel/Body/SendCodeButton/Text (TMP)","SEND VERIFICATION CODE",CANDIDATE_DEAD,Account,N,,,,"Original/ — may be superseded by Prefabs/UI/Account"
"Assets/Prefabs/Original/SplashScene/LoginScreen.prefab","PasswordResetPanel/Body/ExplanationText2","If you are not registered, no emails will be sent.",CANDIDATE_DEAD,Account,N,,,,"Original/ — may be superseded by Prefabs/UI/Account"
"Assets/Prefabs/Original/SplashScene/LoginScreen.prefab","NewPasswordPanel/Header/GolfinLabel","Golfin",CANDIDATE_DEAD,Account,N,,,,"Original/ — may be superseded by Prefabs/UI/Account"
"Assets/Prefabs/Original/SplashScene/LoginScreen.prefab","NewPasswordPanel/Body/NewPasswordLabel","New Password",CANDIDATE_DEAD,Account,N,,,,"Original/ — may be superseded by Prefabs/UI/Account"
"Assets/Prefabs/Original/SplashScene/LoginScreen.prefab","NewPasswordPanel/Body/ExplanationText","Create a new password",CANDIDATE_DEAD,Account,N,,,,"Original/ — may be superseded by Prefabs/UI/Account"
"Assets/Prefabs/Original/SplashScene/LoginScreen.prefab","NewPasswordPanel/Body/NewPasswordSlot/NewPasswordInputField/Text Area/Placeholder","New password",CANDIDATE_DEAD,Account,N,,,,"Original/ — may be superseded by Prefabs/UI/Account"
"Assets/Prefabs/Original/SplashScene/LoginScreen.prefab","NewPasswordPanel/Body/NewPasswordSlot/NewPasswordInputField/Text Area/Text","​",CANDIDATE_DEAD,Account,N,,,,"Original/ — may be superseded by Prefabs/UI/Account"
"Assets/Prefabs/Original/SplashScene/LoginScreen.prefab","NewPasswordPanel/Body/NewPasswordSlot/Conditions/LengthCondition/Text (TMP)","Must contain 8 characters",CANDIDATE_DEAD,Account,N,,,,"Original/ — may be superseded by Prefabs/UI/Account"
"Assets/Prefabs/Original/SplashScene/LoginScreen.prefab","NewPasswordPanel/Body/NewPasswordSlot/Conditions/LowercaseCondition/Text (TMP)","Must contain one lowercase letter",CANDIDATE_DEAD,Account,N,,,,"Original/ — may be superseded by Prefabs/UI/Account"
"Assets/Prefabs/Original/SplashScene/LoginScreen.prefab","NewPasswordPanel/Body/NewPasswordSlot/Conditions/UppercaseCondition/Text (TMP)","Must contain one uppercase letter",CANDIDATE_DEAD,Account,N,,,,"Original/ — may be superseded by Prefabs/UI/Account"
"Assets/Prefabs/Original/SplashScene/LoginScreen.prefab","NewPasswordPanel/Body/NewPasswordSlot/Conditions/NumberCondition/Text (TMP)","Must contain one number",CANDIDATE_DEAD,Account,N,,,,"Original/ — may be superseded by Prefabs/UI/Account"
"Assets/Prefabs/Original/SplashScene/LoginScreen.prefab","NewPasswordPanel/Body/NewPasswordSlot/Conditions/SpecialCharacterCondition/Text (TMP)","Must contain one special character",CANDIDATE_DEAD,Account,N,,,,"Original/ — may be superseded by Prefabs/UI/Account"
"Assets/Prefabs/Original/SplashScene/LoginScreen.prefab","NewPasswordPanel/Body/VerificationSlot/InputField (TMP)/Text Area/Placeholder","Verification Code",CANDIDATE_DEAD,Account,N,,,,"Original/ — may be superseded by Prefabs/UI/Account"
"Assets/Prefabs/Original/SplashScene/LoginScreen.prefab","NewPasswordPanel/Body/VerificationSlot/InputField (TMP)/Text Area/Text","​",CANDIDATE_DEAD,Account,N,,,,"Original/ — may be superseded by Prefabs/UI/Account"
"Assets/Prefabs/Original/SplashScene/LoginScreen.prefab","NewPasswordPanel/Body/SendCodeAgainButton/SendCodeAgainText","Didn't receive a code? Send again",CANDIDATE_DEAD,Account,N,,,,"Original/ — may be superseded by Prefabs/UI/Account"
"Assets/Prefabs/Original/SplashScene/LoginScreen.prefab","NewPasswordPanel/Body/ResetPasswordButton/Text (TMP)","RESET PASSWORD",CANDIDATE_DEAD,Account,N,,,,"Original/ — may be superseded by Prefabs/UI/Account"
"Assets/Prefabs/Original/SplashScene/LoginScreen.prefab","ChangeCompletePanel/Body/CompleteLabel","Complete",CANDIDATE_DEAD,Account,N,,,,"Original/ — may be superseded by Prefabs/UI/Account"
"Assets/Prefabs/Original/SplashScene/LoginScreen.prefab","ChangeCompletePanel/Body/ExplanationText","Your password has been updated.

Please login using your new password.",CANDIDATE_DEAD,Account,N,,,,"Original/ — may be superseded by Prefabs/UI/Account"
"Assets/Prefabs/Original/SplashScene/LoginScreen.prefab","ChangeCompletePanel/Body/GoToLoginButton/Text (TMP)","GO TO LOGIN",CANDIDATE_DEAD,Account,N,,,,"Original/ — may be superseded by Prefabs/UI/Account"
"Assets/Prefabs/Original/SplashScene/LoginScreen.prefab","CreateUsernamePanel/Header/GolfinLabel","Golfin",CANDIDATE_DEAD,Account,N,,,,"Original/ — may be superseded by Prefabs/UI/Account"
"Assets/Prefabs/Original/SplashScene/LoginScreen.prefab","CreateUsernamePanel/Body/CreateUsernameLabel","Create Username",CANDIDATE_DEAD,Account,N,,,,"Original/ — may be superseded by Prefabs/UI/Account"
"Assets/Prefabs/Original/SplashScene/LoginScreen.prefab","CreateUsernamePanel/Body/ExplanationText","Please choose a username.

Your username is public and used across all Golfin services to interact with the community.

Your username can only contain letters and numbers",CANDIDATE_DEAD,Account,N,,,,"Original/ — may be superseded by Prefabs/UI/Account"
"Assets/Prefabs/Original/SplashScene/LoginScreen.prefab","CreateUsernamePanel/Body/UsernameSlot/InputField (TMP)/Text Area/Placeholder","Username",CANDIDATE_DEAD,Account,N,,,,"Original/ — may be superseded by Prefabs/UI/Account"
"Assets/Prefabs/Original/SplashScene/LoginScreen.prefab","CreateUsernamePanel/Body/UsernameSlot/InputField (TMP)/Text Area/Text","​",CANDIDATE_DEAD,Account,N,,,,"Original/ — may be superseded by Prefabs/UI/Account"
"Assets/Prefabs/Original/SplashScene/LoginScreen.prefab","CreateUsernamePanel/Body/CreateButton/Text (TMP)","CREATE",CANDIDATE_DEAD,Account,N,,,,"Original/ — may be superseded by Prefabs/UI/Account"
"Assets/Prefabs/Original/SplashScene/LoginScreen.prefab","WelcomeBackPanel/Header/GolfinLabel","Golfin",CANDIDATE_DEAD,Account,N,,,,"Original/ — may be superseded by Prefabs/UI/Account"
"Assets/Prefabs/Original/SplashScene/LoginScreen.prefab","WelcomeBackPanel/Body/WelcomeBackLabel","Welcome Back!",CANDIDATE_DEAD,Account,N,,,,"Original/ — may be superseded by Prefabs/UI/Account"
"Assets/Prefabs/Original/SplashScene/LoginScreen.prefab","WelcomeBackPanel/Body/ExplanationText","Hi [USER0001]! We've found you already have a Golfin account. Would you like to keep your existing username, or change it?

Your username is public and used across all Golfin services to interact with the community.

Usernames can only contain letters and numbers.",CANDIDATE_DEAD,Account,N,,,,"Original/ — may be superseded by Prefabs/UI/Account"
"Assets/Prefabs/Original/SplashScene/LoginScreen.prefab","WelcomeBackPanel/Body/KeepUsernameButton/Text (TMP)","KEEP USERNAME",CANDIDATE_DEAD,Account,N,,,,"Original/ — may be superseded by Prefabs/UI/Account"
"Assets/Prefabs/Original/SplashScene/LoginScreen.prefab","WelcomeBackPanel/Body/ChangeUsernameButton/Text (TMP)","CHANGE USERNAME",CANDIDATE_DEAD,Account,N,,,,"Original/ — may be superseded by Prefabs/UI/Account"
"Assets/Prefabs/Original/SplashScene/LoginScreen.prefab","ChangeUsernamePanel/Header/GolfinLabel","Golfin",CANDIDATE_DEAD,Account,N,,,,"Original/ — may be superseded by Prefabs/UI/Account"
"Assets/Prefabs/Original/SplashScene/LoginScreen.prefab","ChangeUsernamePanel/Body/ChangeUsernameLabel","Change Username",CANDIDATE_DEAD,Account,N,,,,"Original/ — may be superseded by Prefabs/UI/Account"
"Assets/Prefabs/Original/SplashScene/LoginScreen.prefab","ChangeUsernamePanel/Body/ExplanationText","Please choose a username.

Your username is public and used across all Golfin services to interact with the community.

Your username can only contain letters and numbers",CANDIDATE_DEAD,Account,N,,,,"Original/ — may be superseded by Prefabs/UI/Account"
"Assets/Prefabs/Original/SplashScene/LoginScreen.prefab","ChangeUsernamePanel/Body/UsernameSlot/InputField (TMP)/Text Area/Placeholder","USER0001",CANDIDATE_DEAD,Account,N,,,,"Original/ — may be superseded by Prefabs/UI/Account"
"Assets/Prefabs/Original/SplashScene/LoginScreen.prefab","ChangeUsernamePanel/Body/UsernameSlot/InputField (TMP)/Text Area/Text","​",CANDIDATE_DEAD,Account,N,,,,"Original/ — may be superseded by Prefabs/UI/Account"
"Assets/Prefabs/Original/SplashScene/LoginScreen.prefab","ChangeUsernamePanel/Body/ChangeButton/Text (TMP)","CHANGE",CANDIDATE_DEAD,Account,N,,,,"Original/ — may be superseded by Prefabs/UI/Account"
"Assets/Prefabs/Original/SplashScene/SignupScreen.prefab","SignupPanel/Header/GolfinLabel","Golfin",CANDIDATE_DEAD,Account,N,,,,"Original/ — may be superseded by Prefabs/UI/Account"
"Assets/Prefabs/Original/SplashScene/SignupScreen.prefab","SignupPanel/Body/SignupLabel","Sign up",CANDIDATE_DEAD,Account,N,,,,"Original/ — may be superseded by Prefabs/UI/Account"
"Assets/Prefabs/Original/SplashScene/SignupScreen.prefab","SignupPanel/Body/EmailSlot/InputField (TMP)/Text Area/Placeholder","Email",CANDIDATE_DEAD,Account,N,,,,"Original/ — may be superseded by Prefabs/UI/Account"
"Assets/Prefabs/Original/SplashScene/SignupScreen.prefab","SignupPanel/Body/EmailSlot/InputField (TMP)/Text Area/Text","​",CANDIDATE_DEAD,Account,N,,,,"Original/ — may be superseded by Prefabs/UI/Account"
"Assets/Prefabs/Original/SplashScene/SignupScreen.prefab","SignupPanel/Body/PasswordSlot/NewPasswordInputField/Text Area/Placeholder","New password",CANDIDATE_DEAD,Account,N,,,,"Original/ — may be superseded by Prefabs/UI/Account"
"Assets/Prefabs/Original/SplashScene/SignupScreen.prefab","SignupPanel/Body/PasswordSlot/NewPasswordInputField/Text Area/Text","​",CANDIDATE_DEAD,Account,N,,,,"Original/ — may be superseded by Prefabs/UI/Account"
"Assets/Prefabs/Original/SplashScene/SignupScreen.prefab","SignupPanel/Body/PasswordSlot/Conditions/LengthCondition/Text (TMP)","Must contain 8 characters",CANDIDATE_DEAD,Account,N,,,,"Original/ — may be superseded by Prefabs/UI/Account"
"Assets/Prefabs/Original/SplashScene/SignupScreen.prefab","SignupPanel/Body/PasswordSlot/Conditions/LowercaseCondition/Text (TMP)","Must contain one lowercase letter",CANDIDATE_DEAD,Account,N,,,,"Original/ — may be superseded by Prefabs/UI/Account"
"Assets/Prefabs/Original/SplashScene/SignupScreen.prefab","SignupPanel/Body/PasswordSlot/Conditions/UppercaseCondition/Text (TMP)","Must contain one uppercase letter",CANDIDATE_DEAD,Account,N,,,,"Original/ — may be superseded by Prefabs/UI/Account"
"Assets/Prefabs/Original/SplashScene/SignupScreen.prefab","SignupPanel/Body/PasswordSlot/Conditions/NumberCondition/Text (TMP)","Must contain one number",CANDIDATE_DEAD,Account,N,,,,"Original/ — may be superseded by Prefabs/UI/Account"
"Assets/Prefabs/Original/SplashScene/SignupScreen.prefab","SignupPanel/Body/PasswordSlot/Conditions/SpecialCharacterCondition/Text (TMP)","Must contain one special character",CANDIDATE_DEAD,Account,N,,,,"Original/ — may be superseded by Prefabs/UI/Account"
"Assets/Prefabs/Original/SplashScene/SignupScreen.prefab","SignupPanel/Body/CreateAccountButton/Text (TMP)","CREATE ACCOUNT",CANDIDATE_DEAD,Account,N,,,,"Original/ — may be superseded by Prefabs/UI/Account"
"Assets/Prefabs/Original/SplashScene/SignupScreen.prefab","SignupPanel/Body/LoginButton/SignupLoginButtonText","If you already have an account, login",CANDIDATE_DEAD,Account,N,,,,"Original/ — may be superseded by Prefabs/UI/Account"
"Assets/Prefabs/Original/SplashScene/SignupScreen.prefab","SignupPanel/Body/SignupWithGoogleButton/Text (TMP)","Sign up with Google",CANDIDATE_DEAD,Account,N,,,,"Original/ — may be superseded by Prefabs/UI/Account"
"Assets/Prefabs/Original/SplashScene/SignupScreen.prefab","SignupPanel/Body/SignupWithAppleButton/Text (TMP)","Sign up with Apple",CANDIDATE_DEAD,Account,N,,,,"Original/ — may be superseded by Prefabs/UI/Account"
"Assets/Prefabs/Original/SplashScene/SignupScreen.prefab","EmailConfirmationPanel/Header/GolfinLabel","Golfin",CANDIDATE_DEAD,Account,N,,,,"Original/ — may be superseded by Prefabs/UI/Account"
"Assets/Prefabs/Original/SplashScene/SignupScreen.prefab","EmailConfirmationPanel/Body/EmailConfirmationLabel","Email Confirmation",CANDIDATE_DEAD,Account,N,,,,"Original/ — may be superseded by Prefabs/UI/Account"
"Assets/Prefabs/Original/SplashScene/SignupScreen.prefab","EmailConfirmationPanel/Body/ExplanationText","A confirmation email has been sent to your inbox.\n\nPlease check your email and click the confirmation link to verify your account.\n\nIf you didn’t receive the email, please click the button below.\n\nRemember to check your spam folder.",CANDIDATE_DEAD,Account,N,,,,"Original/ — may be superseded by Prefabs/UI/Account"
"Assets/Prefabs/Original/SplashScene/SignupScreen.prefab","EmailConfirmationPanel/Body/ResendEmailButton/Text (TMP)","RESEND EMAIL",CANDIDATE_DEAD,Account,N,,,,"Original/ — may be superseded by Prefabs/UI/Account"
"Assets/Prefabs/Original/SplashScene/SignupScreen.prefab","EmailConfirmationPanel/Body/TipText","Once you have confirmed your email, please go back to the login screen.",CANDIDATE_DEAD,Account,N,,,,"Original/ — may be superseded by Prefabs/UI/Account"
"Assets/Prefabs/Original/SplashScene/SignupScreen.prefab","SignupSuccessPanel/Body/SuccessLabel","Account Created successfully",CANDIDATE_DEAD,Account,N,,,,"Original/ — may be superseded by Prefabs/UI/Account"
"Assets/Prefabs/Original/SplashScene/SignupScreen.prefab","SignupSuccessPanel/Body/GoToLoginButton/Text (TMP)","GO TO LOGIN",CANDIDATE_DEAD,Account,N,,,,"Original/ — may be superseded by Prefabs/UI/Account"
"Assets/Prefabs/Original/SplashScene/SplashScreen.prefab","MainPanel/Panel/LoginButton/Text (TMP)","LOGIN",CANDIDATE_DEAD,Other,N,,,,"Original/ — may be superseded by Prefabs/UI/Account"
"Assets/Prefabs/Original/SplashScene/SplashScreen.prefab","MainPanel/Panel/CreateButton/Text (TMP)","CREATE ACCOUNT",CANDIDATE_DEAD,Other,N,,,,"Original/ — may be superseded by Prefabs/UI/Account"
"Assets/Prefabs/UI/Account/CreateUsernameScreen.prefab","CardBorder/CardBody/ScrollView/Viewport/Content/SectionHeader","CREATE USERNAME",BLOCKED_IN_FLIGHT,Account,N,,,,""
"Assets/Prefabs/UI/Account/CreateUsernameScreen.prefab","CardBorder/CardBody/ScrollView/Viewport/Content/UsernameLabel","USERNAME",BLOCKED_IN_FLIGHT,Account,N,,,,""
"Assets/Prefabs/UI/Account/CreateUsernameScreen.prefab","CardBorder/CardBody/ScrollView/Viewport/Content/UsernameField/Text Area/Placeholder","Username",BLOCKED_IN_FLIGHT,Account,N,,,,""
"Assets/Prefabs/UI/Account/CreateUsernameScreen.prefab","CardBorder/CardBody/ScrollView/Viewport/Content/UsernameField/Text Area/Text","​",BLOCKED_IN_FLIGHT,Account,N,,,,""
"Assets/Prefabs/UI/Account/CreateUsernameScreen.prefab","CardBorder/CardBody/ScrollView/Viewport/Content/UsernameHint","3–20 characters, letters/numbers/underscore",BLOCKED_IN_FLIGHT,Account,N,,,,""
"Assets/Prefabs/UI/Account/CreateUsernameScreen.prefab","CardBorder/CardBody/ScrollView/Viewport/Content/BodyText","Please choose a username.

Your username is public and used across all Golfin services to interact with the community.

Your username can only contain letters and numbers.",BLOCKED_IN_FLIGHT,Account,N,,,,""
"Assets/Prefabs/UI/Account/CreateUsernameScreen.prefab","CardBorder/CardBody/ScrollView/Viewport/Content/CreateButton/Label","CREATE",BLOCKED_IN_FLIGHT,Account,N,,,,""
"Assets/Prefabs/UI/Account/CreateUsernameScreen.prefab","CardBorder/CardBody/ScrollView/Viewport/Content/MessageLabel","",BLOCKED_IN_FLIGHT,Account,N,,,,""
"Assets/Prefabs/UI/Account/CreateUsernameScreen.prefab","CardBorder/CardBody/ScrollView/Viewport/Content/CancelButton/Label","CANCEL",BLOCKED_IN_FLIGHT,Account,N,,,,""
"Assets/Prefabs/UI/Account/EmailConfirmationScreen.prefab","CardBorder/CardBody/SectionHeader","EMAIL CONFIRMATION",BLOCKED_IN_FLIGHT,Account,N,,,,""
"Assets/Prefabs/UI/Account/EmailConfirmationScreen.prefab","CardBorder/CardBody/DescriptionText","A confirmation email has been sent to your inbox.

Please check your email and click the confirmation link to verify your account.

Remember to check your spam folder.

If you didn't receive the email, please click the button below.",BLOCKED_IN_FLIGHT,Account,N,,,,""
"Assets/Prefabs/UI/Account/EmailConfirmationScreen.prefab","CardBorder/CardBody/ResendButton/Label","RESEND",BLOCKED_IN_FLIGHT,Account,N,,,,""
"Assets/Prefabs/UI/Account/EmailConfirmationScreen.prefab","CardBorder/CardBody/MessageLabel","",BLOCKED_IN_FLIGHT,Account,N,,,,""
"Assets/Prefabs/UI/Account/EmailConfirmationScreen.prefab","CardBorder/CardBody/InstructionText","Once you have confirmed your email, please go back to the login screen.",BLOCKED_IN_FLIGHT,Account,N,,,,""
"Assets/Prefabs/UI/Account/EmailConfirmationScreen.prefab","CardBorder/CardBody/BackToLoginButton/Label","LOGIN",BLOCKED_IN_FLIGHT,Account,N,,,,""
"Assets/Prefabs/UI/Account/LoginScreen.prefab","CardBorder/CardBody/ScrollView/Viewport/Content/SectionHeader","LOGIN WITH EMAIL",BLOCKED_IN_FLIGHT,Account,N,,,,""
"Assets/Prefabs/UI/Account/LoginScreen.prefab","CardBorder/CardBody/ScrollView/Viewport/Content/EmailLabel","EMAIL",BLOCKED_IN_FLIGHT,Account,N,,,,""
"Assets/Prefabs/UI/Account/LoginScreen.prefab","CardBorder/CardBody/ScrollView/Viewport/Content/EmailField/Text Area/Placeholder","Email",BLOCKED_IN_FLIGHT,Account,N,,,,""
"Assets/Prefabs/UI/Account/LoginScreen.prefab","CardBorder/CardBody/ScrollView/Viewport/Content/EmailField/Text Area/Text","​",BLOCKED_IN_FLIGHT,Account,N,,,,""
"Assets/Prefabs/UI/Account/LoginScreen.prefab","CardBorder/CardBody/ScrollView/Viewport/Content/PasswordLabel","PASSWORD",BLOCKED_IN_FLIGHT,Account,N,,,,""
"Assets/Prefabs/UI/Account/LoginScreen.prefab","CardBorder/CardBody/ScrollView/Viewport/Content/PasswordRow/PasswordInput/Text Area/Placeholder","Password",BLOCKED_IN_FLIGHT,Account,N,,,,""
"Assets/Prefabs/UI/Account/LoginScreen.prefab","CardBorder/CardBody/ScrollView/Viewport/Content/PasswordRow/PasswordInput/Text Area/Text","​",BLOCKED_IN_FLIGHT,Account,N,,,,""
"Assets/Prefabs/UI/Account/LoginScreen.prefab","CardBorder/CardBody/ScrollView/Viewport/Content/ForgotPassword","Forgot Password?",BLOCKED_IN_FLIGHT,Account,N,,,,""
"Assets/Prefabs/UI/Account/LoginScreen.prefab","CardBorder/CardBody/ScrollView/Viewport/Content/LoginButton/Label","LOGIN",BLOCKED_IN_FLIGHT,Account,N,,,,""
"Assets/Prefabs/UI/Account/LoginScreen.prefab","CardBorder/CardBody/ScrollView/Viewport/Content/MessageLabel","",BLOCKED_IN_FLIGHT,Account,N,,,,""
"Assets/Prefabs/UI/Account/LoginScreen.prefab","CardBorder/CardBody/ScrollView/Viewport/Content/ServiceHeader","LOGIN WITH A SERVICE",BLOCKED_IN_FLIGHT,Account,N,,,,""
"Assets/Prefabs/UI/Account/LoginScreen.prefab","CardBorder/CardBody/ScrollView/Viewport/Content/GooglePill/Inner/Content/PillText","Login with Google",BLOCKED_IN_FLIGHT,Account,N,,,,""
"Assets/Prefabs/UI/Account/LoginScreen.prefab","CardBorder/CardBody/ScrollView/Viewport/Content/ApplePill/Inner/Content/PillText","Login with Apple",BLOCKED_IN_FLIGHT,Account,N,,,,""
"Assets/Prefabs/UI/Account/LoginScreen.prefab","CardBorder/CardBody/ScrollView/Viewport/Content/CancelButton/Label","CANCEL",BLOCKED_IN_FLIGHT,Account,N,,,,""
"Assets/Prefabs/UI/Account/LoginScreen.prefab","CardBorder/CardBody/ScrollView/Viewport/Content/Footer","No account?  <color=#22B800><b>Create an account</b></color>",BLOCKED_IN_FLIGHT,Account,N,,,,""
"Assets/Prefabs/UI/Account/SignUpScreen.prefab","CardBorder/CardBody/ScrollView/Viewport/Content/SectionHeader","SIGN UP WITH EMAIL",BLOCKED_IN_FLIGHT,Account,N,,,,""
"Assets/Prefabs/UI/Account/SignUpScreen.prefab","CardBorder/CardBody/ScrollView/Viewport/Content/EmailLabel","EMAIL",BLOCKED_IN_FLIGHT,Account,N,,,,""
"Assets/Prefabs/UI/Account/SignUpScreen.prefab","CardBorder/CardBody/ScrollView/Viewport/Content/EmailField/Text Area/Placeholder","Email",BLOCKED_IN_FLIGHT,Account,N,,,,""
"Assets/Prefabs/UI/Account/SignUpScreen.prefab","CardBorder/CardBody/ScrollView/Viewport/Content/EmailField/Text Area/Text","​",BLOCKED_IN_FLIGHT,Account,N,,,,""
"Assets/Prefabs/UI/Account/SignUpScreen.prefab","CardBorder/CardBody/ScrollView/Viewport/Content/PasswordLabel","PASSWORD",BLOCKED_IN_FLIGHT,Account,N,,,,""
"Assets/Prefabs/UI/Account/SignUpScreen.prefab","CardBorder/CardBody/ScrollView/Viewport/Content/PasswordRow/PasswordInput/Text Area/Placeholder","Password",BLOCKED_IN_FLIGHT,Account,N,,,,""
"Assets/Prefabs/UI/Account/SignUpScreen.prefab","CardBorder/CardBody/ScrollView/Viewport/Content/PasswordRow/PasswordInput/Text Area/Text","​",BLOCKED_IN_FLIGHT,Account,N,,,,""
"Assets/Prefabs/UI/Account/SignUpScreen.prefab","CardBorder/CardBody/ScrollView/Viewport/Content/PasswordRow/PasswordInput/EyeButton/EyeIcon","●",BLOCKED_IN_FLIGHT,Account,N,,,,""
"Assets/Prefabs/UI/Account/SignUpScreen.prefab","CardBorder/CardBody/ScrollView/Viewport/Content/PasswordRules/RuleLen8/RuleText","Must contain 8 characters",BLOCKED_IN_FLIGHT,Account,N,,,,""
"Assets/Prefabs/UI/Account/SignUpScreen.prefab","CardBorder/CardBody/ScrollView/Viewport/Content/PasswordRules/RuleUpper/RuleText","Must contain one uppercase letter",BLOCKED_IN_FLIGHT,Account,N,,,,""
"Assets/Prefabs/UI/Account/SignUpScreen.prefab","CardBorder/CardBody/ScrollView/Viewport/Content/PasswordRules/RuleLower/RuleText","Must contain one lowercase letter",BLOCKED_IN_FLIGHT,Account,N,,,,""
"Assets/Prefabs/UI/Account/SignUpScreen.prefab","CardBorder/CardBody/ScrollView/Viewport/Content/PasswordRules/RuleDigit/RuleText","Must contain one number",BLOCKED_IN_FLIGHT,Account,N,,,,""
"Assets/Prefabs/UI/Account/SignUpScreen.prefab","CardBorder/CardBody/ScrollView/Viewport/Content/PasswordRules/RuleSpecial/RuleText","Must contain one special character",BLOCKED_IN_FLIGHT,Account,N,,,,""
"Assets/Prefabs/UI/Account/SignUpScreen.prefab","CardBorder/CardBody/ScrollView/Viewport/Content/CreateButton/Label","CREATE",BLOCKED_IN_FLIGHT,Account,N,,,,""
"Assets/Prefabs/UI/Account/SignUpScreen.prefab","CardBorder/CardBody/ScrollView/Viewport/Content/MessageLabel","",BLOCKED_IN_FLIGHT,Account,N,,,,""
"Assets/Prefabs/UI/Account/SignUpScreen.prefab","CardBorder/CardBody/ScrollView/Viewport/Content/ServiceHeader","SIGN UP WITH  A SERVICE",BLOCKED_IN_FLIGHT,Account,N,,,,""
"Assets/Prefabs/UI/Account/SignUpScreen.prefab","CardBorder/CardBody/ScrollView/Viewport/Content/GooglePill/Inner/Content/Label","Sign up with Google",BLOCKED_IN_FLIGHT,Account,N,,,,""
"Assets/Prefabs/UI/Account/SignUpScreen.prefab","CardBorder/CardBody/ScrollView/Viewport/Content/ApplePill/Inner/Content/Label","Sign up with Apple",BLOCKED_IN_FLIGHT,Account,N,,,,""
"Assets/Prefabs/UI/Account/SignUpScreen.prefab","CardBorder/CardBody/ScrollView/Viewport/Content/CancelButton/Label","CANCEL",BLOCKED_IN_FLIGHT,Account,N,,,,""
"Assets/Prefabs/UI/Account/SignUpScreen.prefab","CardBorder/CardBody/ScrollView/Viewport/Content/Footer","If you already have an account, <color=#22b800><b>login here</b></color>",BLOCKED_IN_FLIGHT,Account,N,,,,""
"Assets/Prefabs/UI/Common/GoldPrimaryButton.prefab","PlayLable","PLAY",BOUND,Other,Y,BTN_START,,,""
"Assets/Prefabs/UI/Gacha/GachaHistoryRow.prefab","Col1_ClubCard/Mask/Background/CardTop/RarityBadge","R",DYNAMIC_PLACEHOLDER,Shop/Gacha,N,,,,""
"Assets/Prefabs/UI/Gacha/GachaHistoryRow.prefab","Col1_ClubCard/Mask/Background/CardTop/LevelBadge","Lv10",DYNAMIC_PLACEHOLDER,Shop/Gacha,N,,,,""
"Assets/Prefabs/UI/Gacha/GachaHistoryRow.prefab","Col1_ClubCard/Mask/Background/CardTop/NameText","GOLFIN G&F",STATIC_COPY,Shop/Gacha,N,,SHOP_GACHA_GOLFIN_G_F,,""
"Assets/Prefabs/UI/Gacha/GachaHistoryRow.prefab","Col1_ClubCard/Mask/Background/StatsPanel/DistanceRow/DistanceValue","150 yd",STATIC_COPY,Shop/Gacha,N,,SHOP_GACHA_150_YD,,""
"Assets/Prefabs/UI/Gacha/GachaHistoryRow.prefab","Col1_ClubCard/Mask/Background/StatsPanel/StatRow_Power/StatNum","100",DYNAMIC_PLACEHOLDER,Shop/Gacha,N,,,,""
"Assets/Prefabs/UI/Gacha/GachaHistoryRow.prefab","Col1_ClubCard/Mask/Background/StatsPanel/StatRow_Accuracy/StatNum","50",DYNAMIC_PLACEHOLDER,Shop/Gacha,N,,,,""
"Assets/Prefabs/UI/Gacha/GachaHistoryRow.prefab","Col1_ClubCard/Mask/Background/StatsPanel/StatRow_LieRes/StatNum","50",DYNAMIC_PLACEHOLDER,Shop/Gacha,N,,,,""
"Assets/Prefabs/UI/Gacha/GachaHistoryRow.prefab","Col1_ClubCard/Mask/Background/StatsPanel/StatRow_Loft/StatNum","50",DYNAMIC_PLACEHOLDER,Shop/Gacha,N,,,,""
"Assets/Prefabs/UI/Gacha/GachaHistoryRow.prefab","Col1_ClubCard/Mask/Background/StatsPanel/StatRow_Durability/StatNum","50",DYNAMIC_PLACEHOLDER,Shop/Gacha,N,,,,""
"Assets/Prefabs/UI/Gacha/GachaHistoryRow.prefab","Col2_Metadata/MetaLines/Line_DRIVER_G_F","DRIVER G&F",STATIC_COPY,Shop/Gacha,N,,SHOP_GACHA_DRIVER_G_F,,""
"Assets/Prefabs/UI/Gacha/GachaHistoryRow.prefab","Col2_Metadata/MetaLines/Line_RARE___Lv_999","<color=#50C878>RARE</color> · Lv 999",STATIC_COPY,Shop/Gacha,N,,SHOP_GACHA_COLOR_50C878_RARE_COLOR_LV_999,,""
"Assets/Prefabs/UI/Gacha/GachaHistoryRow.prefab","Col2_Metadata/MetaLines/Line_PULLED_2025_12_28","PULLED 2025/12/28",STATIC_COPY,Shop/Gacha,N,,SHOP_GACHA_PULLED_2025_12_28,,""
"Assets/Prefabs/UI/Gacha/GachaHistoryRow.prefab","Col2_Metadata/MetaLines/Line_04_12_49_AM","04:12:49 AM",STATIC_COPY,Shop/Gacha,N,,SHOP_GACHA_04_12_49_AM,,""
"Assets/Prefabs/UI/Gacha/GachaHistoryRow.prefab","Col2_Metadata/MetaLines/Line_STANDARD_CLUBS_1","STANDARD CLUBS 1",STATIC_COPY,Shop/Gacha,N,,SHOP_GACHA_STANDARD_CLUBS_1,,""
"Assets/Prefabs/UI/Gacha/GachaHistoryRow.prefab","Col2_Metadata/MetaLines/Line_PULLS__1","PULLS: 1",STATIC_COPY,Shop/Gacha,N,,SHOP_GACHA_PULLS_1,,""
"Assets/Prefabs/UI/Gacha/GachaHistoryRow.prefab","Col3_Currency/TicketLabel","TICKET",STATIC_COPY,Shop/Gacha,N,,SHOP_GACHA_TICKET,,""
"Assets/Prefabs/UI/Gacha/GachaHistoryRowBall.prefab","Col1_ClubCard/Mask/Background/CardTop/AmountBadge/Text","x99",UNKNOWN,Shop/Gacha,N,,,,""
"Assets/Prefabs/UI/Gacha/GachaHistoryRowBall.prefab","Col1_ClubCard/Mask/Background/CardTop/NameLabel","PRECISION+",STATIC_COPY,Shop/Gacha,N,,SHOP_GACHA_PRECISION,,""
"Assets/Prefabs/UI/Gacha/GachaHistoryRowBall.prefab","Col1_ClubCard/Mask/Background/StatsPanel/StatRow_Power/StatValue","+0",DYNAMIC_PLACEHOLDER,Shop/Gacha,N,,,,""
"Assets/Prefabs/UI/Gacha/GachaHistoryRowBall.prefab","Col1_ClubCard/Mask/Background/StatsPanel/StatRow_Rebound/StatValue","+0",DYNAMIC_PLACEHOLDER,Shop/Gacha,N,,,,""
"Assets/Prefabs/UI/Gacha/GachaHistoryRowBall.prefab","Col1_ClubCard/Mask/Background/StatsPanel/StatRow_WindResistance/StatValue","+0",DYNAMIC_PLACEHOLDER,Shop/Gacha,N,,,,""
"Assets/Prefabs/UI/Gacha/GachaHistoryRowBall.prefab","Col1_ClubCard/Mask/Background/StatsPanel/StatRow_Roll/StatValue","+0",DYNAMIC_PLACEHOLDER,Shop/Gacha,N,,,,""
"Assets/Prefabs/UI/Gacha/GachaHistoryRowBall.prefab","Col1_ClubCard/Mask/Background/StatsPanel/StatRow_Spin/StatValue","+0",DYNAMIC_PLACEHOLDER,Shop/Gacha,N,,,,""
"Assets/Prefabs/UI/Gacha/GachaHistoryRowBall.prefab","Col2_Metadata/MetaLines/Line_DRIVER_G_F","PRECISION+ BALL",STATIC_COPY,Shop/Gacha,N,,SHOP_GACHA_PRECISION_BALL,,""
"Assets/Prefabs/UI/Gacha/GachaHistoryRowBall.prefab","Col2_Metadata/MetaLines/Line_RARE___Lv_999","<color=#ffc107>MYTHIC</color> · Lv 1",STATIC_COPY,Shop/Gacha,N,,SHOP_GACHA_COLOR_FFC107_MYTHIC_COLOR_LV_1,,""
"Assets/Prefabs/UI/Gacha/GachaHistoryRowBall.prefab","Col2_Metadata/MetaLines/Line_PULLED_2025_12_28","PULLED 2025/12/28",STATIC_COPY,Shop/Gacha,N,,SHOP_GACHA_PULLED_2025_12_28,,""
"Assets/Prefabs/UI/Gacha/GachaHistoryRowBall.prefab","Col2_Metadata/MetaLines/Line_04_12_49_AM","04:13:00 AM",STATIC_COPY,Shop/Gacha,N,,SHOP_GACHA_04_13_00_AM,,""
"Assets/Prefabs/UI/Gacha/GachaHistoryRowBall.prefab","Col2_Metadata/MetaLines/Line_STANDARD_CLUBS_1","PREMIUM BALLS  1",STATIC_COPY,Shop/Gacha,N,,SHOP_GACHA_PREMIUM_BALLS_1,,""
"Assets/Prefabs/UI/Gacha/GachaHistoryRowBall.prefab","Col2_Metadata/MetaLines/Line_PULLS__1","PULLS: 10",STATIC_COPY,Shop/Gacha,N,,SHOP_GACHA_PULLS_10,,""
"Assets/Prefabs/UI/Gacha/GachaHistoryRowBall.prefab","Col3_Currency/TicketLabel","TICKET",STATIC_COPY,Shop/Gacha,N,,SHOP_GACHA_TICKET,,""
"Assets/Prefabs/UI/Gacha/GachaHistoryScreen.prefab","GameScreenContent/ContentContainer/FiltersBlock/CategoryRow/ALLChip/Label","ALL",STATIC_COPY,Shop/Gacha,N,,SHOP_GACHA_ALL,,""
"Assets/Prefabs/UI/Gacha/GachaHistoryScreen.prefab","GameScreenContent/ContentContainer/FiltersBlock/CategoryRow/TICKETSChip/Label","TICKETS",STATIC_COPY,Shop/Gacha,N,,SHOP_GACHA_TICKETS,,""
"Assets/Prefabs/UI/Gacha/GachaHistoryScreen.prefab","GameScreenContent/ContentContainer/FiltersBlock/CategoryRow/CLUBSChip/Label","CLUBS",STATIC_COPY,Shop/Gacha,N,,SHOP_GACHA_CLUBS,,""
"Assets/Prefabs/UI/Gacha/GachaHistoryScreen.prefab","GameScreenContent/ContentContainer/FiltersBlock/CategoryRow/CHARACTERSChip/Label","CHARACTERS",STATIC_COPY,Shop/Gacha,N,,SHOP_GACHA_CHARACTERS,,""
"Assets/Prefabs/UI/Gacha/GachaHistoryScreen.prefab","GameScreenContent/ContentContainer/FiltersBlock/CategoryRow/BALLSChip/Label","BALLS",STATIC_COPY,Shop/Gacha,N,,SHOP_GACHA_BALLS,,""
"Assets/Prefabs/UI/Gacha/GachaHistoryScreen.prefab","GameScreenContent/ContentContainer/FiltersBlock/CategoryRow/ITEMSChip/Label","ITEMS",STATIC_COPY,Shop/Gacha,N,,SHOP_GACHA_ITEMS,,""
"Assets/Prefabs/UI/Gacha/GachaHistoryScreen.prefab","GameScreenContent/ContentContainer/MainPanel/Header/Title","GACHA HISTORY",STATIC_COPY,Shop/Gacha,N,,SHOP_GACHA_GACHA_HISTORY,,""
"Assets/Prefabs/UI/Gacha/GachaHistoryScreen.prefab","GameScreenContent/ContentContainer/MainPanel/CloseButtonArea/CloseButton/Text","CLOSE",STATIC_COPY,Shop/Gacha,N,,SETTINGS_CLOSE,REUSE_EXISTING,""
"Assets/Prefabs/UI/Gacha/GachaPrizesScreen.prefab","GameScreenContent/ContentContainer/MainPanel/PrizeRow1/PrizeCard_PrizeRow1_1/Mask/Background/CardTop/RarityBadge","R",DYNAMIC_PLACEHOLDER,Shop/Gacha,N,,,,""
"Assets/Prefabs/UI/Gacha/GachaPrizesScreen.prefab","GameScreenContent/ContentContainer/MainPanel/PrizeRow1/PrizeCard_PrizeRow1_1/Mask/Background/CardTop/LevelBadge","Lv10",DYNAMIC_PLACEHOLDER,Shop/Gacha,N,,,,""
"Assets/Prefabs/UI/Gacha/GachaPrizesScreen.prefab","GameScreenContent/ContentContainer/MainPanel/PrizeRow1/PrizeCard_PrizeRow1_1/Mask/Background/CardTop/NameText","Test",STATIC_COPY,Shop/Gacha,N,,SHOP_GACHA_TEST,,""
"Assets/Prefabs/UI/Gacha/GachaPrizesScreen.prefab","GameScreenContent/ContentContainer/MainPanel/PrizeRow1/PrizeCard_PrizeRow1_1/Mask/Background/StatsPanel/DistanceRow/DistanceValue","150 yd",STATIC_COPY,Shop/Gacha,N,,SHOP_GACHA_150_YD,,""
"Assets/Prefabs/UI/Gacha/GachaPrizesScreen.prefab","GameScreenContent/ContentContainer/MainPanel/PrizeRow1/PrizeCard_PrizeRow1_1/Mask/Background/StatsPanel/StatRow_Power/StatNum","100",DYNAMIC_PLACEHOLDER,Shop/Gacha,N,,,,""
"Assets/Prefabs/UI/Gacha/GachaPrizesScreen.prefab","GameScreenContent/ContentContainer/MainPanel/PrizeRow1/PrizeCard_PrizeRow1_1/Mask/Background/StatsPanel/StatRow_Accuracy/StatNum","50",DYNAMIC_PLACEHOLDER,Shop/Gacha,N,,,,""
"Assets/Prefabs/UI/Gacha/GachaPrizesScreen.prefab","GameScreenContent/ContentContainer/MainPanel/PrizeRow1/PrizeCard_PrizeRow1_1/Mask/Background/StatsPanel/StatRow_LieRes/StatNum","50",DYNAMIC_PLACEHOLDER,Shop/Gacha,N,,,,""
"Assets/Prefabs/UI/Gacha/GachaPrizesScreen.prefab","GameScreenContent/ContentContainer/MainPanel/PrizeRow1/PrizeCard_PrizeRow1_1/Mask/Background/StatsPanel/StatRow_Loft/StatNum","50",DYNAMIC_PLACEHOLDER,Shop/Gacha,N,,,,""
"Assets/Prefabs/UI/Gacha/GachaPrizesScreen.prefab","GameScreenContent/ContentContainer/MainPanel/PrizeRow1/PrizeCard_PrizeRow1_1/Mask/Background/StatsPanel/StatRow_Durability/StatNum","50",DYNAMIC_PLACEHOLDER,Shop/Gacha,N,,,,""
"Assets/Prefabs/UI/Gacha/GachaPrizesScreen.prefab","GameScreenContent/ContentContainer/MainPanel/PrizeRow1/PrizeCard_PrizeRow1_1/Mask/Background/ButtonRow/LevelUpBtn/Text","LEVEL UP",STATIC_COPY,Shop/Gacha,N,,ROSTER_LEVEL_UP,REUSE_EXISTING,""
"Assets/Prefabs/UI/Gacha/GachaPrizesScreen.prefab","GameScreenContent/ContentContainer/MainPanel/PrizeRow1/PrizeCard_PrizeRow1_1/Mask/Background/ButtonRow/RepairBtn/Text","REPAIR",STATIC_COPY,Shop/Gacha,N,,CLUB_REPAIR,REUSE_EXISTING,""
"Assets/Prefabs/UI/Gacha/GachaPrizesScreen.prefab","GameScreenContent/ContentContainer/MainPanel/PrizeRow1/PrizeCard_PrizeRow1_1/SwapBtn/SwapText","SWAP",STATIC_COPY,Shop/Gacha,N,,ROSTER_SWAP,REUSE_EXISTING,""
"Assets/Prefabs/UI/Gacha/GachaPrizesScreen.prefab","GameScreenContent/ContentContainer/MainPanel/PrizeRow1/PrizeCard_PrizeRow1_2/Mask/Background/CardTop/RarityBadge","R",DYNAMIC_PLACEHOLDER,Shop/Gacha,N,,,,""
"Assets/Prefabs/UI/Gacha/GachaPrizesScreen.prefab","GameScreenContent/ContentContainer/MainPanel/PrizeRow1/PrizeCard_PrizeRow1_2/Mask/Background/CardTop/LevelBadge","Lv10",DYNAMIC_PLACEHOLDER,Shop/Gacha,N,,,,""
"Assets/Prefabs/UI/Gacha/GachaPrizesScreen.prefab","GameScreenContent/ContentContainer/MainPanel/PrizeRow1/PrizeCard_PrizeRow1_2/Mask/Background/CardTop/NameText","Test",STATIC_COPY,Shop/Gacha,N,,SHOP_GACHA_TEST,,""
"Assets/Prefabs/UI/Gacha/GachaPrizesScreen.prefab","GameScreenContent/ContentContainer/MainPanel/PrizeRow1/PrizeCard_PrizeRow1_2/Mask/Background/StatsPanel/DistanceRow/DistanceValue","150 yd",STATIC_COPY,Shop/Gacha,N,,SHOP_GACHA_150_YD,,""
"Assets/Prefabs/UI/Gacha/GachaPrizesScreen.prefab","GameScreenContent/ContentContainer/MainPanel/PrizeRow1/PrizeCard_PrizeRow1_2/Mask/Background/StatsPanel/StatRow_Power/StatNum","100",DYNAMIC_PLACEHOLDER,Shop/Gacha,N,,,,""
"Assets/Prefabs/UI/Gacha/GachaPrizesScreen.prefab","GameScreenContent/ContentContainer/MainPanel/PrizeRow1/PrizeCard_PrizeRow1_2/Mask/Background/StatsPanel/StatRow_Accuracy/StatNum","50",DYNAMIC_PLACEHOLDER,Shop/Gacha,N,,,,""
"Assets/Prefabs/UI/Gacha/GachaPrizesScreen.prefab","GameScreenContent/ContentContainer/MainPanel/PrizeRow1/PrizeCard_PrizeRow1_2/Mask/Background/StatsPanel/StatRow_LieRes/StatNum","50",DYNAMIC_PLACEHOLDER,Shop/Gacha,N,,,,""
"Assets/Prefabs/UI/Gacha/GachaPrizesScreen.prefab","GameScreenContent/ContentContainer/MainPanel/PrizeRow1/PrizeCard_PrizeRow1_2/Mask/Background/StatsPanel/StatRow_Loft/StatNum","50",DYNAMIC_PLACEHOLDER,Shop/Gacha,N,,,,""
"Assets/Prefabs/UI/Gacha/GachaPrizesScreen.prefab","GameScreenContent/ContentContainer/MainPanel/PrizeRow1/PrizeCard_PrizeRow1_2/Mask/Background/StatsPanel/StatRow_Durability/StatNum","50",DYNAMIC_PLACEHOLDER,Shop/Gacha,N,,,,""
"Assets/Prefabs/UI/Gacha/GachaPrizesScreen.prefab","GameScreenContent/ContentContainer/MainPanel/PrizeRow1/PrizeCard_PrizeRow1_2/Mask/Background/ButtonRow/LevelUpBtn/Text","LEVEL UP",STATIC_COPY,Shop/Gacha,N,,ROSTER_LEVEL_UP,REUSE_EXISTING,""
"Assets/Prefabs/UI/Gacha/GachaPrizesScreen.prefab","GameScreenContent/ContentContainer/MainPanel/PrizeRow1/PrizeCard_PrizeRow1_2/Mask/Background/ButtonRow/RepairBtn/Text","REPAIR",STATIC_COPY,Shop/Gacha,N,,CLUB_REPAIR,REUSE_EXISTING,""
"Assets/Prefabs/UI/Gacha/GachaPrizesScreen.prefab","GameScreenContent/ContentContainer/MainPanel/PrizeRow1/PrizeCard_PrizeRow1_2/SwapBtn/SwapText","SWAP",STATIC_COPY,Shop/Gacha,N,,ROSTER_SWAP,REUSE_EXISTING,""
"Assets/Prefabs/UI/Gacha/GachaPrizesScreen.prefab","GameScreenContent/ContentContainer/MainPanel/PrizeRow1/PrizeCard_PrizeRow1_3/Mask/Background/CardTop/RarityBadge","R",DYNAMIC_PLACEHOLDER,Shop/Gacha,N,,,,""
"Assets/Prefabs/UI/Gacha/GachaPrizesScreen.prefab","GameScreenContent/ContentContainer/MainPanel/PrizeRow1/PrizeCard_PrizeRow1_3/Mask/Background/CardTop/LevelBadge","Lv10",DYNAMIC_PLACEHOLDER,Shop/Gacha,N,,,,""
"Assets/Prefabs/UI/Gacha/GachaPrizesScreen.prefab","GameScreenContent/ContentContainer/MainPanel/PrizeRow1/PrizeCard_PrizeRow1_3/Mask/Background/CardTop/NameText","Test",STATIC_COPY,Shop/Gacha,N,,SHOP_GACHA_TEST,,""
"Assets/Prefabs/UI/Gacha/GachaPrizesScreen.prefab","GameScreenContent/ContentContainer/MainPanel/PrizeRow1/PrizeCard_PrizeRow1_3/Mask/Background/StatsPanel/DistanceRow/DistanceValue","150 yd",STATIC_COPY,Shop/Gacha,N,,SHOP_GACHA_150_YD,,""
"Assets/Prefabs/UI/Gacha/GachaPrizesScreen.prefab","GameScreenContent/ContentContainer/MainPanel/PrizeRow1/PrizeCard_PrizeRow1_3/Mask/Background/StatsPanel/StatRow_Power/StatNum","100",DYNAMIC_PLACEHOLDER,Shop/Gacha,N,,,,""
"Assets/Prefabs/UI/Gacha/GachaPrizesScreen.prefab","GameScreenContent/ContentContainer/MainPanel/PrizeRow1/PrizeCard_PrizeRow1_3/Mask/Background/StatsPanel/StatRow_Accuracy/StatNum","50",DYNAMIC_PLACEHOLDER,Shop/Gacha,N,,,,""
"Assets/Prefabs/UI/Gacha/GachaPrizesScreen.prefab","GameScreenContent/ContentContainer/MainPanel/PrizeRow1/PrizeCard_PrizeRow1_3/Mask/Background/StatsPanel/StatRow_LieRes/StatNum","50",DYNAMIC_PLACEHOLDER,Shop/Gacha,N,,,,""
"Assets/Prefabs/UI/Gacha/GachaPrizesScreen.prefab","GameScreenContent/ContentContainer/MainPanel/PrizeRow1/PrizeCard_PrizeRow1_3/Mask/Background/StatsPanel/StatRow_Loft/StatNum","50",DYNAMIC_PLACEHOLDER,Shop/Gacha,N,,,,""
"Assets/Prefabs/UI/Gacha/GachaPrizesScreen.prefab","GameScreenContent/ContentContainer/MainPanel/PrizeRow1/PrizeCard_PrizeRow1_3/Mask/Background/StatsPanel/StatRow_Durability/StatNum","50",DYNAMIC_PLACEHOLDER,Shop/Gacha,N,,,,""
"Assets/Prefabs/UI/Gacha/GachaPrizesScreen.prefab","GameScreenContent/ContentContainer/MainPanel/PrizeRow1/PrizeCard_PrizeRow1_3/Mask/Background/ButtonRow/LevelUpBtn/Text","LEVEL UP",STATIC_COPY,Shop/Gacha,N,,ROSTER_LEVEL_UP,REUSE_EXISTING,""
"Assets/Prefabs/UI/Gacha/GachaPrizesScreen.prefab","GameScreenContent/ContentContainer/MainPanel/PrizeRow1/PrizeCard_PrizeRow1_3/Mask/Background/ButtonRow/RepairBtn/Text","REPAIR",STATIC_COPY,Shop/Gacha,N,,CLUB_REPAIR,REUSE_EXISTING,""
"Assets/Prefabs/UI/Gacha/GachaPrizesScreen.prefab","GameScreenContent/ContentContainer/MainPanel/PrizeRow1/PrizeCard_PrizeRow1_3/SwapBtn/SwapText","SWAP",STATIC_COPY,Shop/Gacha,N,,ROSTER_SWAP,REUSE_EXISTING,""
"Assets/Prefabs/UI/Gacha/GachaPrizesScreen.prefab","GameScreenContent/ContentContainer/MainPanel/PrizeRow1/PrizeCard_PrizeRow1_4/Mask/Background/CardTop/RarityBadge","R",DYNAMIC_PLACEHOLDER,Shop/Gacha,N,,,,""
"Assets/Prefabs/UI/Gacha/GachaPrizesScreen.prefab","GameScreenContent/ContentContainer/MainPanel/PrizeRow1/PrizeCard_PrizeRow1_4/Mask/Background/CardTop/LevelBadge","Lv10",DYNAMIC_PLACEHOLDER,Shop/Gacha,N,,,,""
"Assets/Prefabs/UI/Gacha/GachaPrizesScreen.prefab","GameScreenContent/ContentContainer/MainPanel/PrizeRow1/PrizeCard_PrizeRow1_4/Mask/Background/CardTop/NameText","Test",STATIC_COPY,Shop/Gacha,N,,SHOP_GACHA_TEST,,""
"Assets/Prefabs/UI/Gacha/GachaPrizesScreen.prefab","GameScreenContent/ContentContainer/MainPanel/PrizeRow1/PrizeCard_PrizeRow1_4/Mask/Background/StatsPanel/DistanceRow/DistanceValue","150 yd",STATIC_COPY,Shop/Gacha,N,,SHOP_GACHA_150_YD,,""
"Assets/Prefabs/UI/Gacha/GachaPrizesScreen.prefab","GameScreenContent/ContentContainer/MainPanel/PrizeRow1/PrizeCard_PrizeRow1_4/Mask/Background/StatsPanel/StatRow_Power/StatNum","100",DYNAMIC_PLACEHOLDER,Shop/Gacha,N,,,,""
"Assets/Prefabs/UI/Gacha/GachaPrizesScreen.prefab","GameScreenContent/ContentContainer/MainPanel/PrizeRow1/PrizeCard_PrizeRow1_4/Mask/Background/StatsPanel/StatRow_Accuracy/StatNum","50",DYNAMIC_PLACEHOLDER,Shop/Gacha,N,,,,""
"Assets/Prefabs/UI/Gacha/GachaPrizesScreen.prefab","GameScreenContent/ContentContainer/MainPanel/PrizeRow1/PrizeCard_PrizeRow1_4/Mask/Background/StatsPanel/StatRow_LieRes/StatNum","50",DYNAMIC_PLACEHOLDER,Shop/Gacha,N,,,,""
"Assets/Prefabs/UI/Gacha/GachaPrizesScreen.prefab","GameScreenContent/ContentContainer/MainPanel/PrizeRow1/PrizeCard_PrizeRow1_4/Mask/Background/StatsPanel/StatRow_Loft/StatNum","50",DYNAMIC_PLACEHOLDER,Shop/Gacha,N,,,,""
"Assets/Prefabs/UI/Gacha/GachaPrizesScreen.prefab","GameScreenContent/ContentContainer/MainPanel/PrizeRow1/PrizeCard_PrizeRow1_4/Mask/Background/StatsPanel/StatRow_Durability/StatNum","50",DYNAMIC_PLACEHOLDER,Shop/Gacha,N,,,,""
"Assets/Prefabs/UI/Gacha/GachaPrizesScreen.prefab","GameScreenContent/ContentContainer/MainPanel/PrizeRow1/PrizeCard_PrizeRow1_4/Mask/Background/ButtonRow/LevelUpBtn/Text","LEVEL UP",STATIC_COPY,Shop/Gacha,N,,ROSTER_LEVEL_UP,REUSE_EXISTING,""
"Assets/Prefabs/UI/Gacha/GachaPrizesScreen.prefab","GameScreenContent/ContentContainer/MainPanel/PrizeRow1/PrizeCard_PrizeRow1_4/Mask/Background/ButtonRow/RepairBtn/Text","REPAIR",STATIC_COPY,Shop/Gacha,N,,CLUB_REPAIR,REUSE_EXISTING,""
"Assets/Prefabs/UI/Gacha/GachaPrizesScreen.prefab","GameScreenContent/ContentContainer/MainPanel/PrizeRow1/PrizeCard_PrizeRow1_4/SwapBtn/SwapText","SWAP",STATIC_COPY,Shop/Gacha,N,,ROSTER_SWAP,REUSE_EXISTING,""
"Assets/Prefabs/UI/Gacha/GachaPrizesScreen.prefab","GameScreenContent/ContentContainer/MainPanel/PrizeRow2/PrizeCard_PrizeRow2_1/Mask/Background/CardTop/RarityBadge","R",DYNAMIC_PLACEHOLDER,Shop/Gacha,N,,,,""
"Assets/Prefabs/UI/Gacha/GachaPrizesScreen.prefab","GameScreenContent/ContentContainer/MainPanel/PrizeRow2/PrizeCard_PrizeRow2_1/Mask/Background/CardTop/LevelBadge","Lv10",DYNAMIC_PLACEHOLDER,Shop/Gacha,N,,,,""
"Assets/Prefabs/UI/Gacha/GachaPrizesScreen.prefab","GameScreenContent/ContentContainer/MainPanel/PrizeRow2/PrizeCard_PrizeRow2_1/Mask/Background/CardTop/NameText","Test",STATIC_COPY,Shop/Gacha,N,,SHOP_GACHA_TEST,,""
"Assets/Prefabs/UI/Gacha/GachaPrizesScreen.prefab","GameScreenContent/ContentContainer/MainPanel/PrizeRow2/PrizeCard_PrizeRow2_1/Mask/Background/StatsPanel/DistanceRow/DistanceValue","150 yd",STATIC_COPY,Shop/Gacha,N,,SHOP_GACHA_150_YD,,""
"Assets/Prefabs/UI/Gacha/GachaPrizesScreen.prefab","GameScreenContent/ContentContainer/MainPanel/PrizeRow2/PrizeCard_PrizeRow2_1/Mask/Background/StatsPanel/StatRow_Power/StatNum","100",DYNAMIC_PLACEHOLDER,Shop/Gacha,N,,,,""
"Assets/Prefabs/UI/Gacha/GachaPrizesScreen.prefab","GameScreenContent/ContentContainer/MainPanel/PrizeRow2/PrizeCard_PrizeRow2_1/Mask/Background/StatsPanel/StatRow_Accuracy/StatNum","50",DYNAMIC_PLACEHOLDER,Shop/Gacha,N,,,,""
"Assets/Prefabs/UI/Gacha/GachaPrizesScreen.prefab","GameScreenContent/ContentContainer/MainPanel/PrizeRow2/PrizeCard_PrizeRow2_1/Mask/Background/StatsPanel/StatRow_LieRes/StatNum","50",DYNAMIC_PLACEHOLDER,Shop/Gacha,N,,,,""
"Assets/Prefabs/UI/Gacha/GachaPrizesScreen.prefab","GameScreenContent/ContentContainer/MainPanel/PrizeRow2/PrizeCard_PrizeRow2_1/Mask/Background/StatsPanel/StatRow_Loft/StatNum","50",DYNAMIC_PLACEHOLDER,Shop/Gacha,N,,,,""
"Assets/Prefabs/UI/Gacha/GachaPrizesScreen.prefab","GameScreenContent/ContentContainer/MainPanel/PrizeRow2/PrizeCard_PrizeRow2_1/Mask/Background/StatsPanel/StatRow_Durability/StatNum","50",DYNAMIC_PLACEHOLDER,Shop/Gacha,N,,,,""
"Assets/Prefabs/UI/Gacha/GachaPrizesScreen.prefab","GameScreenContent/ContentContainer/MainPanel/PrizeRow2/PrizeCard_PrizeRow2_1/Mask/Background/ButtonRow/LevelUpBtn/Text","LEVEL UP",STATIC_COPY,Shop/Gacha,N,,ROSTER_LEVEL_UP,REUSE_EXISTING,""
"Assets/Prefabs/UI/Gacha/GachaPrizesScreen.prefab","GameScreenContent/ContentContainer/MainPanel/PrizeRow2/PrizeCard_PrizeRow2_1/Mask/Background/ButtonRow/RepairBtn/Text","REPAIR",STATIC_COPY,Shop/Gacha,N,,CLUB_REPAIR,REUSE_EXISTING,""
"Assets/Prefabs/UI/Gacha/GachaPrizesScreen.prefab","GameScreenContent/ContentContainer/MainPanel/PrizeRow2/PrizeCard_PrizeRow2_1/SwapBtn/SwapText","SWAP",STATIC_COPY,Shop/Gacha,N,,ROSTER_SWAP,REUSE_EXISTING,""
"Assets/Prefabs/UI/Gacha/GachaPrizesScreen.prefab","GameScreenContent/ContentContainer/MainPanel/PrizeRow2/PrizeCard_PrizeRow2_2/Mask/Background/CardTop/RarityBadge","R",DYNAMIC_PLACEHOLDER,Shop/Gacha,N,,,,""
"Assets/Prefabs/UI/Gacha/GachaPrizesScreen.prefab","GameScreenContent/ContentContainer/MainPanel/PrizeRow2/PrizeCard_PrizeRow2_2/Mask/Background/CardTop/LevelBadge","Lv10",DYNAMIC_PLACEHOLDER,Shop/Gacha,N,,,,""
"Assets/Prefabs/UI/Gacha/GachaPrizesScreen.prefab","GameScreenContent/ContentContainer/MainPanel/PrizeRow2/PrizeCard_PrizeRow2_2/Mask/Background/CardTop/NameText","Test",STATIC_COPY,Shop/Gacha,N,,SHOP_GACHA_TEST,,""
"Assets/Prefabs/UI/Gacha/GachaPrizesScreen.prefab","GameScreenContent/ContentContainer/MainPanel/PrizeRow2/PrizeCard_PrizeRow2_2/Mask/Background/StatsPanel/DistanceRow/DistanceValue","150 yd",STATIC_COPY,Shop/Gacha,N,,SHOP_GACHA_150_YD,,""
"Assets/Prefabs/UI/Gacha/GachaPrizesScreen.prefab","GameScreenContent/ContentContainer/MainPanel/PrizeRow2/PrizeCard_PrizeRow2_2/Mask/Background/StatsPanel/StatRow_Power/StatNum","100",DYNAMIC_PLACEHOLDER,Shop/Gacha,N,,,,""
"Assets/Prefabs/UI/Gacha/GachaPrizesScreen.prefab","GameScreenContent/ContentContainer/MainPanel/PrizeRow2/PrizeCard_PrizeRow2_2/Mask/Background/StatsPanel/StatRow_Accuracy/StatNum","50",DYNAMIC_PLACEHOLDER,Shop/Gacha,N,,,,""
"Assets/Prefabs/UI/Gacha/GachaPrizesScreen.prefab","GameScreenContent/ContentContainer/MainPanel/PrizeRow2/PrizeCard_PrizeRow2_2/Mask/Background/StatsPanel/StatRow_LieRes/StatNum","50",DYNAMIC_PLACEHOLDER,Shop/Gacha,N,,,,""
"Assets/Prefabs/UI/Gacha/GachaPrizesScreen.prefab","GameScreenContent/ContentContainer/MainPanel/PrizeRow2/PrizeCard_PrizeRow2_2/Mask/Background/StatsPanel/StatRow_Loft/StatNum","50",DYNAMIC_PLACEHOLDER,Shop/Gacha,N,,,,""
"Assets/Prefabs/UI/Gacha/GachaPrizesScreen.prefab","GameScreenContent/ContentContainer/MainPanel/PrizeRow2/PrizeCard_PrizeRow2_2/Mask/Background/StatsPanel/StatRow_Durability/StatNum","50",DYNAMIC_PLACEHOLDER,Shop/Gacha,N,,,,""
"Assets/Prefabs/UI/Gacha/GachaPrizesScreen.prefab","GameScreenContent/ContentContainer/MainPanel/PrizeRow2/PrizeCard_PrizeRow2_2/Mask/Background/ButtonRow/LevelUpBtn/Text","LEVEL UP",STATIC_COPY,Shop/Gacha,N,,ROSTER_LEVEL_UP,REUSE_EXISTING,""
"Assets/Prefabs/UI/Gacha/GachaPrizesScreen.prefab","GameScreenContent/ContentContainer/MainPanel/PrizeRow2/PrizeCard_PrizeRow2_2/Mask/Background/ButtonRow/RepairBtn/Text","REPAIR",STATIC_COPY,Shop/Gacha,N,,CLUB_REPAIR,REUSE_EXISTING,""
"Assets/Prefabs/UI/Gacha/GachaPrizesScreen.prefab","GameScreenContent/ContentContainer/MainPanel/PrizeRow2/PrizeCard_PrizeRow2_2/SwapBtn/SwapText","SWAP",STATIC_COPY,Shop/Gacha,N,,ROSTER_SWAP,REUSE_EXISTING,""
"Assets/Prefabs/UI/Gacha/GachaPrizesScreen.prefab","GameScreenContent/ContentContainer/MainPanel/PrizeRow2/PrizeCard_PrizeRow2_3/Mask/Background/CardTop/RarityBadge","R",DYNAMIC_PLACEHOLDER,Shop/Gacha,N,,,,""
"Assets/Prefabs/UI/Gacha/GachaPrizesScreen.prefab","GameScreenContent/ContentContainer/MainPanel/PrizeRow2/PrizeCard_PrizeRow2_3/Mask/Background/CardTop/LevelBadge","Lv10",DYNAMIC_PLACEHOLDER,Shop/Gacha,N,,,,""
"Assets/Prefabs/UI/Gacha/GachaPrizesScreen.prefab","GameScreenContent/ContentContainer/MainPanel/PrizeRow2/PrizeCard_PrizeRow2_3/Mask/Background/CardTop/NameText","Test",STATIC_COPY,Shop/Gacha,N,,SHOP_GACHA_TEST,,""
"Assets/Prefabs/UI/Gacha/GachaPrizesScreen.prefab","GameScreenContent/ContentContainer/MainPanel/PrizeRow2/PrizeCard_PrizeRow2_3/Mask/Background/StatsPanel/DistanceRow/DistanceValue","150 yd",STATIC_COPY,Shop/Gacha,N,,SHOP_GACHA_150_YD,,""
"Assets/Prefabs/UI/Gacha/GachaPrizesScreen.prefab","GameScreenContent/ContentContainer/MainPanel/PrizeRow2/PrizeCard_PrizeRow2_3/Mask/Background/StatsPanel/StatRow_Power/StatNum","100",DYNAMIC_PLACEHOLDER,Shop/Gacha,N,,,,""
"Assets/Prefabs/UI/Gacha/GachaPrizesScreen.prefab","GameScreenContent/ContentContainer/MainPanel/PrizeRow2/PrizeCard_PrizeRow2_3/Mask/Background/StatsPanel/StatRow_Accuracy/StatNum","50",DYNAMIC_PLACEHOLDER,Shop/Gacha,N,,,,""
"Assets/Prefabs/UI/Gacha/GachaPrizesScreen.prefab","GameScreenContent/ContentContainer/MainPanel/PrizeRow2/PrizeCard_PrizeRow2_3/Mask/Background/StatsPanel/StatRow_LieRes/StatNum","50",DYNAMIC_PLACEHOLDER,Shop/Gacha,N,,,,""
"Assets/Prefabs/UI/Gacha/GachaPrizesScreen.prefab","GameScreenContent/ContentContainer/MainPanel/PrizeRow2/PrizeCard_PrizeRow2_3/Mask/Background/StatsPanel/StatRow_Loft/StatNum","50",DYNAMIC_PLACEHOLDER,Shop/Gacha,N,,,,""
"Assets/Prefabs/UI/Gacha/GachaPrizesScreen.prefab","GameScreenContent/ContentContainer/MainPanel/PrizeRow2/PrizeCard_PrizeRow2_3/Mask/Background/StatsPanel/StatRow_Durability/StatNum","50",DYNAMIC_PLACEHOLDER,Shop/Gacha,N,,,,""
"Assets/Prefabs/UI/Gacha/GachaPrizesScreen.prefab","GameScreenContent/ContentContainer/MainPanel/PrizeRow2/PrizeCard_PrizeRow2_3/Mask/Background/ButtonRow/LevelUpBtn/Text","LEVEL UP",STATIC_COPY,Shop/Gacha,N,,ROSTER_LEVEL_UP,REUSE_EXISTING,""
"Assets/Prefabs/UI/Gacha/GachaPrizesScreen.prefab","GameScreenContent/ContentContainer/MainPanel/PrizeRow2/PrizeCard_PrizeRow2_3/Mask/Background/ButtonRow/RepairBtn/Text","REPAIR",STATIC_COPY,Shop/Gacha,N,,CLUB_REPAIR,REUSE_EXISTING,""
"Assets/Prefabs/UI/Gacha/GachaPrizesScreen.prefab","GameScreenContent/ContentContainer/MainPanel/PrizeRow2/PrizeCard_PrizeRow2_3/SwapBtn/SwapText","SWAP",STATIC_COPY,Shop/Gacha,N,,ROSTER_SWAP,REUSE_EXISTING,""
"Assets/Prefabs/UI/Gacha/GachaPrizesScreen.prefab","GameScreenContent/ContentContainer/MainPanel/PrizeRow2/PrizeCard_PrizeRow2_4/Mask/Background/CardTop/RarityBadge","R",DYNAMIC_PLACEHOLDER,Shop/Gacha,N,,,,""
"Assets/Prefabs/UI/Gacha/GachaPrizesScreen.prefab","GameScreenContent/ContentContainer/MainPanel/PrizeRow2/PrizeCard_PrizeRow2_4/Mask/Background/CardTop/LevelBadge","Lv10",DYNAMIC_PLACEHOLDER,Shop/Gacha,N,,,,""
"Assets/Prefabs/UI/Gacha/GachaPrizesScreen.prefab","GameScreenContent/ContentContainer/MainPanel/PrizeRow2/PrizeCard_PrizeRow2_4/Mask/Background/CardTop/NameText","Test",STATIC_COPY,Shop/Gacha,N,,SHOP_GACHA_TEST,,""
"Assets/Prefabs/UI/Gacha/GachaPrizesScreen.prefab","GameScreenContent/ContentContainer/MainPanel/PrizeRow2/PrizeCard_PrizeRow2_4/Mask/Background/StatsPanel/DistanceRow/DistanceValue","150 yd",STATIC_COPY,Shop/Gacha,N,,SHOP_GACHA_150_YD,,""
"Assets/Prefabs/UI/Gacha/GachaPrizesScreen.prefab","GameScreenContent/ContentContainer/MainPanel/PrizeRow2/PrizeCard_PrizeRow2_4/Mask/Background/StatsPanel/StatRow_Power/StatNum","100",DYNAMIC_PLACEHOLDER,Shop/Gacha,N,,,,""
"Assets/Prefabs/UI/Gacha/GachaPrizesScreen.prefab","GameScreenContent/ContentContainer/MainPanel/PrizeRow2/PrizeCard_PrizeRow2_4/Mask/Background/StatsPanel/StatRow_Accuracy/StatNum","50",DYNAMIC_PLACEHOLDER,Shop/Gacha,N,,,,""
"Assets/Prefabs/UI/Gacha/GachaPrizesScreen.prefab","GameScreenContent/ContentContainer/MainPanel/PrizeRow2/PrizeCard_PrizeRow2_4/Mask/Background/StatsPanel/StatRow_LieRes/StatNum","50",DYNAMIC_PLACEHOLDER,Shop/Gacha,N,,,,""
"Assets/Prefabs/UI/Gacha/GachaPrizesScreen.prefab","GameScreenContent/ContentContainer/MainPanel/PrizeRow2/PrizeCard_PrizeRow2_4/Mask/Background/StatsPanel/StatRow_Loft/StatNum","50",DYNAMIC_PLACEHOLDER,Shop/Gacha,N,,,,""
"Assets/Prefabs/UI/Gacha/GachaPrizesScreen.prefab","GameScreenContent/ContentContainer/MainPanel/PrizeRow2/PrizeCard_PrizeRow2_4/Mask/Background/StatsPanel/StatRow_Durability/StatNum","50",DYNAMIC_PLACEHOLDER,Shop/Gacha,N,,,,""
"Assets/Prefabs/UI/Gacha/GachaPrizesScreen.prefab","GameScreenContent/ContentContainer/MainPanel/PrizeRow2/PrizeCard_PrizeRow2_4/Mask/Background/ButtonRow/LevelUpBtn/Text","LEVEL UP",STATIC_COPY,Shop/Gacha,N,,ROSTER_LEVEL_UP,REUSE_EXISTING,""
"Assets/Prefabs/UI/Gacha/GachaPrizesScreen.prefab","GameScreenContent/ContentContainer/MainPanel/PrizeRow2/PrizeCard_PrizeRow2_4/Mask/Background/ButtonRow/RepairBtn/Text","REPAIR",STATIC_COPY,Shop/Gacha,N,,CLUB_REPAIR,REUSE_EXISTING,""
"Assets/Prefabs/UI/Gacha/GachaPrizesScreen.prefab","GameScreenContent/ContentContainer/MainPanel/PrizeRow2/PrizeCard_PrizeRow2_4/SwapBtn/SwapText","SWAP",STATIC_COPY,Shop/Gacha,N,,ROSTER_SWAP,REUSE_EXISTING,""
"Assets/Prefabs/UI/Gacha/GachaPrizesScreen.prefab","GameScreenContent/ContentContainer/MainPanel/PrizeRow3/PrizeCard_PrizeRow3_1/Mask/Background/CardTop/RarityBadge","R",DYNAMIC_PLACEHOLDER,Shop/Gacha,N,,,,""
"Assets/Prefabs/UI/Gacha/GachaPrizesScreen.prefab","GameScreenContent/ContentContainer/MainPanel/PrizeRow3/PrizeCard_PrizeRow3_1/Mask/Background/CardTop/LevelBadge","Lv10",DYNAMIC_PLACEHOLDER,Shop/Gacha,N,,,,""
"Assets/Prefabs/UI/Gacha/GachaPrizesScreen.prefab","GameScreenContent/ContentContainer/MainPanel/PrizeRow3/PrizeCard_PrizeRow3_1/Mask/Background/CardTop/NameText","Test",STATIC_COPY,Shop/Gacha,N,,SHOP_GACHA_TEST,,""
"Assets/Prefabs/UI/Gacha/GachaPrizesScreen.prefab","GameScreenContent/ContentContainer/MainPanel/PrizeRow3/PrizeCard_PrizeRow3_1/Mask/Background/StatsPanel/DistanceRow/DistanceValue","150 yd",STATIC_COPY,Shop/Gacha,N,,SHOP_GACHA_150_YD,,""
"Assets/Prefabs/UI/Gacha/GachaPrizesScreen.prefab","GameScreenContent/ContentContainer/MainPanel/PrizeRow3/PrizeCard_PrizeRow3_1/Mask/Background/StatsPanel/StatRow_Power/StatNum","100",DYNAMIC_PLACEHOLDER,Shop/Gacha,N,,,,""
"Assets/Prefabs/UI/Gacha/GachaPrizesScreen.prefab","GameScreenContent/ContentContainer/MainPanel/PrizeRow3/PrizeCard_PrizeRow3_1/Mask/Background/StatsPanel/StatRow_Accuracy/StatNum","50",DYNAMIC_PLACEHOLDER,Shop/Gacha,N,,,,""
"Assets/Prefabs/UI/Gacha/GachaPrizesScreen.prefab","GameScreenContent/ContentContainer/MainPanel/PrizeRow3/PrizeCard_PrizeRow3_1/Mask/Background/StatsPanel/StatRow_LieRes/StatNum","50",DYNAMIC_PLACEHOLDER,Shop/Gacha,N,,,,""
"Assets/Prefabs/UI/Gacha/GachaPrizesScreen.prefab","GameScreenContent/ContentContainer/MainPanel/PrizeRow3/PrizeCard_PrizeRow3_1/Mask/Background/StatsPanel/StatRow_Loft/StatNum","50",DYNAMIC_PLACEHOLDER,Shop/Gacha,N,,,,""
"Assets/Prefabs/UI/Gacha/GachaPrizesScreen.prefab","GameScreenContent/ContentContainer/MainPanel/PrizeRow3/PrizeCard_PrizeRow3_1/Mask/Background/StatsPanel/StatRow_Durability/StatNum","50",DYNAMIC_PLACEHOLDER,Shop/Gacha,N,,,,""
"Assets/Prefabs/UI/Gacha/GachaPrizesScreen.prefab","GameScreenContent/ContentContainer/MainPanel/PrizeRow3/PrizeCard_PrizeRow3_1/Mask/Background/ButtonRow/LevelUpBtn/Text","LEVEL UP",STATIC_COPY,Shop/Gacha,N,,ROSTER_LEVEL_UP,REUSE_EXISTING,""
"Assets/Prefabs/UI/Gacha/GachaPrizesScreen.prefab","GameScreenContent/ContentContainer/MainPanel/PrizeRow3/PrizeCard_PrizeRow3_1/Mask/Background/ButtonRow/RepairBtn/Text","REPAIR",STATIC_COPY,Shop/Gacha,N,,CLUB_REPAIR,REUSE_EXISTING,""
"Assets/Prefabs/UI/Gacha/GachaPrizesScreen.prefab","GameScreenContent/ContentContainer/MainPanel/PrizeRow3/PrizeCard_PrizeRow3_1/SwapBtn/SwapText","SWAP",STATIC_COPY,Shop/Gacha,N,,ROSTER_SWAP,REUSE_EXISTING,""
"Assets/Prefabs/UI/Gacha/GachaPrizesScreen.prefab","GameScreenContent/ContentContainer/MainPanel/PrizeRow3/PrizeCard_PrizeRow3_2/Mask/Background/CardTop/RarityBadge","R",DYNAMIC_PLACEHOLDER,Shop/Gacha,N,,,,""
"Assets/Prefabs/UI/Gacha/GachaPrizesScreen.prefab","GameScreenContent/ContentContainer/MainPanel/PrizeRow3/PrizeCard_PrizeRow3_2/Mask/Background/CardTop/LevelBadge","Lv10",DYNAMIC_PLACEHOLDER,Shop/Gacha,N,,,,""
"Assets/Prefabs/UI/Gacha/GachaPrizesScreen.prefab","GameScreenContent/ContentContainer/MainPanel/PrizeRow3/PrizeCard_PrizeRow3_2/Mask/Background/CardTop/NameText","Test",STATIC_COPY,Shop/Gacha,N,,SHOP_GACHA_TEST,,""
"Assets/Prefabs/UI/Gacha/GachaPrizesScreen.prefab","GameScreenContent/ContentContainer/MainPanel/PrizeRow3/PrizeCard_PrizeRow3_2/Mask/Background/StatsPanel/DistanceRow/DistanceValue","150 yd",STATIC_COPY,Shop/Gacha,N,,SHOP_GACHA_150_YD,,""
"Assets/Prefabs/UI/Gacha/GachaPrizesScreen.prefab","GameScreenContent/ContentContainer/MainPanel/PrizeRow3/PrizeCard_PrizeRow3_2/Mask/Background/StatsPanel/StatRow_Power/StatNum","100",DYNAMIC_PLACEHOLDER,Shop/Gacha,N,,,,""
"Assets/Prefabs/UI/Gacha/GachaPrizesScreen.prefab","GameScreenContent/ContentContainer/MainPanel/PrizeRow3/PrizeCard_PrizeRow3_2/Mask/Background/StatsPanel/StatRow_Accuracy/StatNum","50",DYNAMIC_PLACEHOLDER,Shop/Gacha,N,,,,""
"Assets/Prefabs/UI/Gacha/GachaPrizesScreen.prefab","GameScreenContent/ContentContainer/MainPanel/PrizeRow3/PrizeCard_PrizeRow3_2/Mask/Background/StatsPanel/StatRow_LieRes/StatNum","50",DYNAMIC_PLACEHOLDER,Shop/Gacha,N,,,,""
"Assets/Prefabs/UI/Gacha/GachaPrizesScreen.prefab","GameScreenContent/ContentContainer/MainPanel/PrizeRow3/PrizeCard_PrizeRow3_2/Mask/Background/StatsPanel/StatRow_Loft/StatNum","50",DYNAMIC_PLACEHOLDER,Shop/Gacha,N,,,,""
"Assets/Prefabs/UI/Gacha/GachaPrizesScreen.prefab","GameScreenContent/ContentContainer/MainPanel/PrizeRow3/PrizeCard_PrizeRow3_2/Mask/Background/StatsPanel/StatRow_Durability/StatNum","50",DYNAMIC_PLACEHOLDER,Shop/Gacha,N,,,,""
"Assets/Prefabs/UI/Gacha/GachaPrizesScreen.prefab","GameScreenContent/ContentContainer/MainPanel/PrizeRow3/PrizeCard_PrizeRow3_2/Mask/Background/ButtonRow/LevelUpBtn/Text","LEVEL UP",STATIC_COPY,Shop/Gacha,N,,ROSTER_LEVEL_UP,REUSE_EXISTING,""
"Assets/Prefabs/UI/Gacha/GachaPrizesScreen.prefab","GameScreenContent/ContentContainer/MainPanel/PrizeRow3/PrizeCard_PrizeRow3_2/Mask/Background/ButtonRow/RepairBtn/Text","REPAIR",STATIC_COPY,Shop/Gacha,N,,CLUB_REPAIR,REUSE_EXISTING,""
"Assets/Prefabs/UI/Gacha/GachaPrizesScreen.prefab","GameScreenContent/ContentContainer/MainPanel/PrizeRow3/PrizeCard_PrizeRow3_2/SwapBtn/SwapText","SWAP",STATIC_COPY,Shop/Gacha,N,,ROSTER_SWAP,REUSE_EXISTING,""
"Assets/Prefabs/UI/Gacha/GachaPrizesScreen.prefab","GameScreenContent/ContentContainer/MainPanel/x1CardSlot/x1Card/Mask/Background/CardTop/RarityBadge","R",DYNAMIC_PLACEHOLDER,Shop/Gacha,N,,,,""
"Assets/Prefabs/UI/Gacha/GachaPrizesScreen.prefab","GameScreenContent/ContentContainer/MainPanel/x1CardSlot/x1Card/Mask/Background/CardTop/LevelBadge","Lv10",DYNAMIC_PLACEHOLDER,Shop/Gacha,N,,,,""
"Assets/Prefabs/UI/Gacha/GachaPrizesScreen.prefab","GameScreenContent/ContentContainer/MainPanel/x1CardSlot/x1Card/Mask/Background/CardTop/NameText","Test",STATIC_COPY,Shop/Gacha,N,,SHOP_GACHA_TEST,,""
"Assets/Prefabs/UI/Gacha/GachaPrizesScreen.prefab","GameScreenContent/ContentContainer/MainPanel/x1CardSlot/x1Card/Mask/Background/StatsPanel/DistanceRow/DistanceValue","150 yd",STATIC_COPY,Shop/Gacha,N,,SHOP_GACHA_150_YD,,""
"Assets/Prefabs/UI/Gacha/GachaPrizesScreen.prefab","GameScreenContent/ContentContainer/MainPanel/x1CardSlot/x1Card/Mask/Background/StatsPanel/StatRow_Power/StatNum","100",DYNAMIC_PLACEHOLDER,Shop/Gacha,N,,,,""
"Assets/Prefabs/UI/Gacha/GachaPrizesScreen.prefab","GameScreenContent/ContentContainer/MainPanel/x1CardSlot/x1Card/Mask/Background/StatsPanel/StatRow_Accuracy/StatNum","50",DYNAMIC_PLACEHOLDER,Shop/Gacha,N,,,,""
"Assets/Prefabs/UI/Gacha/GachaPrizesScreen.prefab","GameScreenContent/ContentContainer/MainPanel/x1CardSlot/x1Card/Mask/Background/StatsPanel/StatRow_LieRes/StatNum","50",DYNAMIC_PLACEHOLDER,Shop/Gacha,N,,,,""
"Assets/Prefabs/UI/Gacha/GachaPrizesScreen.prefab","GameScreenContent/ContentContainer/MainPanel/x1CardSlot/x1Card/Mask/Background/StatsPanel/StatRow_Loft/StatNum","50",DYNAMIC_PLACEHOLDER,Shop/Gacha,N,,,,""
"Assets/Prefabs/UI/Gacha/GachaPrizesScreen.prefab","GameScreenContent/ContentContainer/MainPanel/x1CardSlot/x1Card/Mask/Background/StatsPanel/StatRow_Durability/StatNum","50",DYNAMIC_PLACEHOLDER,Shop/Gacha,N,,,,""
"Assets/Prefabs/UI/Gacha/GachaPrizesScreen.prefab","GameScreenContent/ContentContainer/MainPanel/x1CardSlot/x1Card/Mask/Background/ButtonRow/LevelUpBtn/Text","LEVEL UP",STATIC_COPY,Shop/Gacha,N,,ROSTER_LEVEL_UP,REUSE_EXISTING,""
"Assets/Prefabs/UI/Gacha/GachaPrizesScreen.prefab","GameScreenContent/ContentContainer/MainPanel/x1CardSlot/x1Card/Mask/Background/ButtonRow/RepairBtn/Text","REPAIR",STATIC_COPY,Shop/Gacha,N,,CLUB_REPAIR,REUSE_EXISTING,""
"Assets/Prefabs/UI/Gacha/GachaPrizesScreen.prefab","GameScreenContent/ContentContainer/MainPanel/x1CardSlot/x1Card/SwapBtn/SwapText","SWAP",STATIC_COPY,Shop/Gacha,N,,ROSTER_SWAP,REUSE_EXISTING,""
"Assets/Prefabs/UI/Gacha/GachaPrizesScreen.prefab","GameScreenContent/ContentContainer/MainPanel/CostRow/CostLabel","COST",STATIC_COPY,Shop/Gacha,N,,MODAL_COST,REUSE_EXISTING,""
"Assets/Prefabs/UI/Gacha/GachaPrizesScreen.prefab","GameScreenContent/ContentContainer/MainPanel/CostRow/x10Label","x10",UNKNOWN,Shop/Gacha,N,,,,""
"Assets/Prefabs/UI/Gacha/GachaPrizesScreen.prefab","GameScreenContent/ContentContainer/MainPanel/PullButton/PlayLable","PULL x10",BOUND,Shop/Gacha,Y,BTN_START,,,""
"Assets/Prefabs/UI/Gacha/GachaPrizesScreen.prefab","GameScreenContent/ContentContainer/MainPanel/BackButton/Text","BACK",STATIC_COPY,Shop/Gacha,N,,SHOP_GACHA_BACK,,""
"Assets/Prefabs/UI/HoleComplete/HoleCompleteWidget.prefab","Root/Card1/ContentRoot/SuccessHeader/Label","SUCCESS",STATIC_COPY,Hole/Results,N,,HOLE_RESULTS_SUCCESS,,""
"Assets/Prefabs/UI/HoleComplete/HoleCompleteWidget.prefab","Root/Card1/ContentRoot/FailedHeader/Label","FAILED",STATIC_COPY,Hole/Results,N,,HOLE_RESULTS_FAILED,,""
"Assets/Prefabs/UI/HoleComplete/HoleCompleteWidget.prefab","Root/Card1/ContentRoot/NextHeader/Label","NEXT",STATIC_COPY,Hole/Results,N,,HOLE_RESULTS_NEXT,,""
"Assets/Prefabs/UI/HoleComplete/HoleCompleteWidget.prefab","Root/Card1/ContentRoot/LockedHeader/Label","LOCKED",STATIC_COPY,Hole/Results,N,,BAG_LOCKED,REUSE_EXISTING,""
"Assets/Prefabs/UI/HoleComplete/HoleCompleteWidget.prefab","Root/Card1/ContentRoot/Subhead","Lomond Country Club  - Hole 1 - Par 5",STATIC_COPY,Hole/Results,N,,HOLE_RESULTS_LOMOND_COUNTRY_CLUB_HOLE_1_PAR_5,,""
"Assets/Prefabs/UI/HoleComplete/HoleCompleteWidget.prefab","Root/Card1/ContentRoot/CurrentBody/StatsBlockText","TEE OFF: REGULAR
STROKES: <color=#50C878>4 (BIRDIE)</color>
BEST: 5 (PAR)
TIME: 00:02:34
BEST: 00:02:34",STATIC_COPY,Hole/Results,N,,HOLE_RESULTS_TEE_OFF_REGULAR_STROKES_COLOR_50,,""
"Assets/Prefabs/UI/HoleComplete/HoleCompleteWidget.prefab","Root/Card1/ContentRoot/NextBody/NextHoleInfoCol/NextHoleDescText","The tee shot is best aimed at the sloping area in the center of the two-tiered fairway, where the right side is wide. The landing spot of the second shot is crucial.",STATIC_COPY,Hole/Results,N,,HOLE_RESULTS_THE_TEE_SHOT_IS_BEST_AIMED_AT_TH,,""
"Assets/Prefabs/UI/HoleComplete/HoleCompleteWidget.prefab","Root/Card1/ContentRoot/RewardsRow/CoinReward/CountText","x10",UNKNOWN,Hole/Results,N,,,,""
"Assets/Prefabs/UI/HoleComplete/HoleCompleteWidget.prefab","Root/Card1/ContentRoot/RewardsRow/RepairReward/CountText","x10",UNKNOWN,Hole/Results,N,,,,""
"Assets/Prefabs/UI/HoleComplete/HoleCompleteWidget.prefab","Root/Card1/ContentRoot/RewardsRow/BallReward/CountText","x10",UNKNOWN,Hole/Results,N,,,,""
"Assets/Prefabs/UI/HoleComplete/HoleCompleteWidget.prefab","Root/Card1/ContentRoot/Buttons/ReplayButton/Text","REPLAY",STATIC_COPY,Hole/Results,N,,HOLE_RESULTS_REPLAY,,""
"Assets/Prefabs/UI/HoleComplete/HoleCompleteWidget.prefab","Root/Card1/ContentRoot/Buttons/RetryButton/Text","RETRY",STATIC_COPY,Hole/Results,N,,HOLE_RESULTS_RETRY,,""
"Assets/Prefabs/UI/HoleComplete/HoleCompleteWidget.prefab","Root/Card1/ContentRoot/Buttons/PlayButton/Text","PLAY",STATIC_COPY,Hole/Results,N,,BTN_START,REUSE_EXISTING,""
"Assets/Prefabs/UI/HoleComplete/HoleCompleteWidget.prefab","Root/Card2/ContentRoot/SuccessHeader/Label","SUCCESS",STATIC_COPY,Hole/Results,N,,HOLE_RESULTS_SUCCESS,,""
"Assets/Prefabs/UI/HoleComplete/HoleCompleteWidget.prefab","Root/Card2/ContentRoot/FailedHeader/Label","FAILED",STATIC_COPY,Hole/Results,N,,HOLE_RESULTS_FAILED,,""
"Assets/Prefabs/UI/HoleComplete/HoleCompleteWidget.prefab","Root/Card2/ContentRoot/NextHeader/Label","NEXT",STATIC_COPY,Hole/Results,N,,HOLE_RESULTS_NEXT,,""
"Assets/Prefabs/UI/HoleComplete/HoleCompleteWidget.prefab","Root/Card2/ContentRoot/LockedHeader/Label","LOCKED",STATIC_COPY,Hole/Results,N,,BAG_LOCKED,REUSE_EXISTING,""
"Assets/Prefabs/UI/HoleComplete/HoleCompleteWidget.prefab","Root/Card2/ContentRoot/Subhead","Lomond Country Club  - Hole 2 - Par 4",STATIC_COPY,Hole/Results,N,,HOLE_RESULTS_LOMOND_COUNTRY_CLUB_HOLE_2_PAR_4,,""
"Assets/Prefabs/UI/HoleComplete/HoleCompleteWidget.prefab","Root/Card2/ContentRoot/CurrentBody/StatsBlockText","TEE OFF: REGULAR
STROKES: <color=#50C878>4 (BIRDIE)</color>
BEST: 5 (PAR)
TIME: 00:02:34
BEST: 00:02:34",STATIC_COPY,Hole/Results,N,,HOLE_RESULTS_TEE_OFF_REGULAR_STROKES_COLOR_50,,""
"Assets/Prefabs/UI/HoleComplete/HoleCompleteWidget.prefab","Root/Card2/ContentRoot/NextBody/NextHoleInfoCol/NextHoleDescText","The tee shot is best aimed at the sloping area in the center of the two-tiered fairway, where the right side is wide. The landing spot of the second shot is crucial.",STATIC_COPY,Hole/Results,N,,HOLE_RESULTS_THE_TEE_SHOT_IS_BEST_AIMED_AT_TH,,""
"Assets/Prefabs/UI/HoleComplete/HoleCompleteWidget.prefab","Root/Card2/ContentRoot/RewardsRow/CoinReward/CountText","x10",UNKNOWN,Hole/Results,N,,,,""
"Assets/Prefabs/UI/HoleComplete/HoleCompleteWidget.prefab","Root/Card2/ContentRoot/RewardsRow/RepairReward/CountText","x10",UNKNOWN,Hole/Results,N,,,,""
"Assets/Prefabs/UI/HoleComplete/HoleCompleteWidget.prefab","Root/Card2/ContentRoot/RewardsRow/BallReward/CountText","x10",UNKNOWN,Hole/Results,N,,,,""
"Assets/Prefabs/UI/HoleComplete/HoleCompleteWidget.prefab","Root/Card2/ContentRoot/Buttons/ReplayButton/Text","REPLAY",STATIC_COPY,Hole/Results,N,,HOLE_RESULTS_REPLAY,,""
"Assets/Prefabs/UI/HoleComplete/HoleCompleteWidget.prefab","Root/Card2/ContentRoot/Buttons/RetryButton/Text","RETRY",STATIC_COPY,Hole/Results,N,,HOLE_RESULTS_RETRY,,""
"Assets/Prefabs/UI/HoleComplete/HoleCompleteWidget.prefab","Root/Card2/ContentRoot/Buttons/PlayButton/Text","PLAY",STATIC_COPY,Hole/Results,N,,BTN_START,REUSE_EXISTING,""
"Assets/Prefabs/UI/HoleSelection/HoleCard.prefab","CollapsedContainer/TitleArea/TitleHRow/Title","Next",STATIC_COPY,Hole/Results,N,,HOLE_RESULTS_NEXT,,""
"Assets/Prefabs/UI/HoleSelection/HoleCard.prefab","CollapsedContainer/TitleArea/SubtitleRow/Subtitle","Lomond Country Club  - Hole 1 - Par 5",STATIC_COPY,Hole/Results,N,,HOLE_RESULTS_LOMOND_COUNTRY_CLUB_HOLE_1_PAR_5,,""
"Assets/Prefabs/UI/HoleSelection/HoleCard.prefab","CollapsedContainer/RewardsRow/RewardSlot1/Reward1Amount","x10",UNKNOWN,Hole/Results,N,,,,""
"Assets/Prefabs/UI/HoleSelection/HoleCard.prefab","CollapsedContainer/RewardsRow/RewardSlot2/Reward2Amount","x10",UNKNOWN,Hole/Results,N,,,,""
"Assets/Prefabs/UI/HoleSelection/HoleCard.prefab","CollapsedContainer/RewardsRow/RewardSlot3/Reward3Amount","x10",UNKNOWN,Hole/Results,N,,,,""
"Assets/Prefabs/UI/HoleSelection/HoleCard.prefab","ExpandedContainer/TitleAreaExp/TitleExp","NEXT",STATIC_COPY,Hole/Results,N,,HOLE_RESULTS_NEXT,,""
"Assets/Prefabs/UI/HoleSelection/HoleCard.prefab","ExpandedContainer/TitleAreaExp/SubtitleRowExp/SubtitleExp","Lomond Country Club  - Hole 1 - Par 5",STATIC_COPY,Hole/Results,N,,HOLE_RESULTS_LOMOND_COUNTRY_CLUB_HOLE_1_PAR_5,,""
"Assets/Prefabs/UI/HoleSelection/HoleCard.prefab","ExpandedContainer/Tutorial/DescriptionText","Description placeholder",STATIC_COPY,Hole/Results,N,,HOLE_RESULTS_DESCRIPTION_PLACEHOLDER,,""
"Assets/Prefabs/UI/HoleSelection/HoleCard.prefab","ExpandedContainer/RewardsRowExp/RewardSlot1Exp/Reward1AmountExp","x10",UNKNOWN,Hole/Results,N,,,,""
"Assets/Prefabs/UI/HoleSelection/HoleCard.prefab","ExpandedContainer/RewardsRowExp/RewardSlot2Exp/Reward2AmountExp","x10",UNKNOWN,Hole/Results,N,,,,""
"Assets/Prefabs/UI/HoleSelection/HoleCard.prefab","ExpandedContainer/RewardsRowExp/RewardSlot3Exp/Reward3AmountExp","x10",UNKNOWN,Hole/Results,N,,,,""
"Assets/Prefabs/UI/HoleSelection/HoleCard.prefab","ExpandedContainer/ActionButton/Label","PLAY",STATIC_COPY,Hole/Results,N,,BTN_START,REUSE_EXISTING,""
"Assets/Prefabs/UI/HomeScreen.prefab","TopBar/RewardPointsText","9000",DYNAMIC_PLACEHOLDER,Persistent/Home,N,,,,""
"Assets/Prefabs/UI/HomeScreen.prefab","TopBar/UsernameText","CHOTO",STATIC_COPY,Persistent/Home,N,,PERSISTENT_HOME_CHOTO,,""
"Assets/Prefabs/UI/HomeScreen.prefab","NoticePanel/NewsTitleText","MAINTENANCE NOTICE",STATIC_COPY,Persistent/Home,N,,HOME_MAINTENANCE_TITLE,REUSE_EXISTING,""
"Assets/Prefabs/UI/HomeScreen.prefab","NoticePanel/NewsBodyText","Scheduled server maintenance: 2025/12/31
The game will not be available for a short time during maintenance.",STATIC_COPY,Persistent/Home,N,,PERSISTENT_HOME_SCHEDULED_SERVER_MAINTENANCE_202,,""
"Assets/Prefabs/UI/HomeScreen.prefab","NextHolePanel/NextHoleTitleText ","NEXT HOLE",STATIC_COPY,Persistent/Home,N,,HOME_NEXT_HOLE,REUSE_EXISTING,""
"Assets/Prefabs/UI/HomeScreen.prefab","NextHolePanel/CourseNameText","Course Name",STATIC_COPY,Persistent/Home,N,,PERSISTENT_HOME_COURSE_NAME,,""
"Assets/Prefabs/UI/HomeScreen.prefab","NextHolePanel/Rewards/Reward Row1/Reward1Amount","x10",UNKNOWN,Persistent/Home,N,,,,""
"Assets/Prefabs/UI/HomeScreen.prefab","NextHolePanel/Rewards/Reward Row2/Reward2Amount","x04",UNKNOWN,Persistent/Home,N,,,,""
"Assets/Prefabs/UI/HomeScreen.prefab","NextHolePanel/Rewards/Reward Row3/Reward3Amount","x02",UNKNOWN,Persistent/Home,N,,,,""
"Assets/Prefabs/UI/HomeScreen.prefab","NextHolePanel/PlayButton/PlayLable","PLAY",BOUND,Persistent/Home,Y,BTN_START,,,""
"Assets/Prefabs/UI/Inventory/BagClubCard.prefab","Mask/Background/CardTop/RarityBadge","R",DYNAMIC_PLACEHOLDER,Inventory/Bag,N,,,,""
"Assets/Prefabs/UI/Inventory/BagClubCard.prefab","Mask/Background/CardTop/LevelBadge","Lv10",DYNAMIC_PLACEHOLDER,Inventory/Bag,N,,,,""
"Assets/Prefabs/UI/Inventory/BagClubCard.prefab","Mask/Background/CardTop/NameText","Test",STATIC_COPY,Inventory/Bag,N,,INVENTORY_BAG_TEST,,""
"Assets/Prefabs/UI/Inventory/BagClubCard.prefab","Mask/Background/StatsPanel/DistanceRow/DistanceValue","150 yd",STATIC_COPY,Inventory/Bag,N,,INVENTORY_BAG_150_YD,,""
"Assets/Prefabs/UI/Inventory/BagClubCard.prefab","Mask/Background/StatsPanel/StatRow_Power/StatNum","100",DYNAMIC_PLACEHOLDER,Inventory/Bag,N,,,,""
"Assets/Prefabs/UI/Inventory/BagClubCard.prefab","Mask/Background/StatsPanel/StatRow_Accuracy/StatNum","50",DYNAMIC_PLACEHOLDER,Inventory/Bag,N,,,,""
"Assets/Prefabs/UI/Inventory/BagClubCard.prefab","Mask/Background/StatsPanel/StatRow_LieRes/StatNum","50",DYNAMIC_PLACEHOLDER,Inventory/Bag,N,,,,""
"Assets/Prefabs/UI/Inventory/BagClubCard.prefab","Mask/Background/StatsPanel/StatRow_Loft/StatNum","50",DYNAMIC_PLACEHOLDER,Inventory/Bag,N,,,,""
"Assets/Prefabs/UI/Inventory/BagClubCard.prefab","Mask/Background/StatsPanel/StatRow_Durability/StatNum","50",DYNAMIC_PLACEHOLDER,Inventory/Bag,N,,,,""
"Assets/Prefabs/UI/Inventory/BagClubCard.prefab","Mask/Background/ButtonRow/LevelUpBtn/Text","LEVEL UP",STATIC_COPY,Inventory/Bag,N,,ROSTER_LEVEL_UP,REUSE_EXISTING,""
"Assets/Prefabs/UI/Inventory/BagClubCard.prefab","Mask/Background/ButtonRow/RepairBtn/Text","REPAIR",STATIC_COPY,Inventory/Bag,N,,CLUB_REPAIR,REUSE_EXISTING,""
"Assets/Prefabs/UI/Inventory/BagClubCard.prefab","SwapBtn/SwapText","SWAP",STATIC_COPY,Inventory/Bag,N,,ROSTER_SWAP,REUSE_EXISTING,""
"Assets/Prefabs/UI/Inventory/BagEmptyClubCard.prefab","Background/NameText","EMPTY",STATIC_COPY,Inventory/Bag,N,,INVENTORY_BAG_EMPTY,,""
"Assets/Prefabs/UI/Inventory/BagEmptyClubCard.prefab","EquipBtn/EquipText","EQUIP CLUB",STATIC_COPY,Inventory/Bag,N,,BAG_EQUIP_CLUB,REUSE_EXISTING,""
"Assets/Prefabs/UI/Inventory/BagSlotLockedPrefab.prefab","BagLabel","LOCKED",STATIC_COPY,Inventory/Bag,N,,BAG_LOCKED,REUSE_EXISTING,""
"Assets/Prefabs/UI/Inventory/BagSlotPrefab.prefab","BagLabel","MIREO",STATIC_COPY,Inventory/Bag,N,,INVENTORY_BAG_MIREO,,""
"Assets/Prefabs/UI/Inventory/BagSlotPrefab.prefab","RarityBadge/Text","R",DYNAMIC_PLACEHOLDER,Inventory/Bag,N,,,,""
"Assets/Prefabs/UI/Inventory/BagSlotPrefab.prefab","FullBadge/Text","FULL",STATIC_COPY,Inventory/Bag,N,,INVENTORY_BAG_FULL,,""
"Assets/Prefabs/UI/Inventory/BagSwapClubCard.prefab","Mask/Background/CardTop/RarityBadge","R",DYNAMIC_PLACEHOLDER,Inventory/Bag,N,,,,""
"Assets/Prefabs/UI/Inventory/BagSwapClubCard.prefab","Mask/Background/CardTop/LevelBadge","Lv10",DYNAMIC_PLACEHOLDER,Inventory/Bag,N,,,,""
"Assets/Prefabs/UI/Inventory/BagSwapClubCard.prefab","Mask/Background/CardTop/NameText","DRIVER
G&F",STATIC_COPY,Inventory/Bag,N,,INVENTORY_BAG_DRIVER_G_F,,""
"Assets/Prefabs/UI/Inventory/BagSwapClubCard.prefab","Mask/Background/StatsPanel/DistanceRow/DistanceValue","150 yd",STATIC_COPY,Inventory/Bag,N,,INVENTORY_BAG_150_YD,,""
"Assets/Prefabs/UI/Inventory/BagSwapClubCard.prefab","Mask/Background/StatsPanel/StatRow_Power/StatNum","100",DYNAMIC_PLACEHOLDER,Inventory/Bag,N,,,,""
"Assets/Prefabs/UI/Inventory/BagSwapClubCard.prefab","Mask/Background/StatsPanel/StatRow_Accuracy/StatNum","50",DYNAMIC_PLACEHOLDER,Inventory/Bag,N,,,,""
"Assets/Prefabs/UI/Inventory/BagSwapClubCard.prefab","Mask/Background/StatsPanel/StatRow_LieRes/StatNum","50",DYNAMIC_PLACEHOLDER,Inventory/Bag,N,,,,""
"Assets/Prefabs/UI/Inventory/BagSwapClubCard.prefab","Mask/Background/StatsPanel/StatRow_Loft/StatNum","50",DYNAMIC_PLACEHOLDER,Inventory/Bag,N,,,,""
"Assets/Prefabs/UI/Inventory/BagSwapClubCard.prefab","Mask/Background/StatsPanel/StatRow_Durability/StatNum","50",DYNAMIC_PLACEHOLDER,Inventory/Bag,N,,,,""
"Assets/Prefabs/UI/Inventory/BagSwapClubCard.prefab","Mask/Background/ButtonRow/LevelUpBtn/Text","LEVEL UP",STATIC_COPY,Inventory/Bag,N,,ROSTER_LEVEL_UP,REUSE_EXISTING,""
"Assets/Prefabs/UI/Inventory/BagSwapClubCard.prefab","Mask/Background/ButtonRow/RepairBtn/Text","REPAIR",STATIC_COPY,Inventory/Bag,N,,CLUB_REPAIR,REUSE_EXISTING,""
"Assets/Prefabs/UI/Inventory/BagSwapClubCard.prefab","SwapBtn/SwapText","SWAP",STATIC_COPY,Inventory/Bag,N,,ROSTER_SWAP,REUSE_EXISTING,""
"Assets/Prefabs/UI/Inventory/BagThumbnailCard.prefab","BagLabel","MIREO",STATIC_COPY,Inventory/Bag,N,,INVENTORY_BAG_MIREO,,""
"Assets/Prefabs/UI/Inventory/BagThumbnailCard.prefab","RarityBadge/Text","R",DYNAMIC_PLACEHOLDER,Inventory/Bag,N,,,,""
"Assets/Prefabs/UI/Inventory/BagThumbnailCard.prefab","FullBadge/Text","FULL",STATIC_COPY,Inventory/Bag,N,,INVENTORY_BAG_FULL,,""
"Assets/Prefabs/UI/Inventory/BallThumbnailCard.prefab","NameLabel","PUTT-ACE",STATIC_COPY,Inventory/Bag,N,,INVENTORY_BAG_PUTT_ACE,,""
"Assets/Prefabs/UI/Inventory/BallThumbnailCard.prefab","AmountBadge/Text","x99",UNKNOWN,Inventory/Bag,N,,,,""
"Assets/Prefabs/UI/Inventory/BallThumbnailEmptyCard.prefab","BagLabel","EMPTY",STATIC_COPY,Inventory/Bag,N,,INVENTORY_BAG_EMPTY,,""
"Assets/Prefabs/UI/Inventory/ClubThumbnailCard.prefab","NameLabel","DRIVER 
G&F",STATIC_COPY,Inventory/Bag,N,,INVENTORY_BAG_DRIVER_G_F,,""
"Assets/Prefabs/UI/Inventory/ClubThumbnailCard.prefab","RarityBadge/Text","R",DYNAMIC_PLACEHOLDER,Inventory/Bag,N,,,,""
"Assets/Prefabs/UI/Inventory/ClubThumbnailCard.prefab","LevelBadge/Text","Lv 1",DYNAMIC_PLACEHOLDER,Inventory/Bag,N,,,,""
"Assets/Prefabs/UI/Inventory/ItemThumbnailCard.prefab","NameLabel","PUTT-ACE",STATIC_COPY,Inventory/Bag,N,,INVENTORY_BAG_PUTT_ACE,,""
"Assets/Prefabs/UI/Inventory/ItemThumbnailCard.prefab","AmountBadge/Text","x99",UNKNOWN,Inventory/Bag,N,,,,""
"Assets/Prefabs/UI/Inventory/ItemUseClubCard.prefab","CardTop/RarityBadge","R",DYNAMIC_PLACEHOLDER,Inventory/Bag,N,,,,""
"Assets/Prefabs/UI/Inventory/ItemUseClubCard.prefab","CardTop/LevelBadge","Lv10",DYNAMIC_PLACEHOLDER,Inventory/Bag,N,,,,""
"Assets/Prefabs/UI/Inventory/ItemUseClubCard.prefab","NameText","DRIVER
G&F",STATIC_COPY,Inventory/Bag,N,,INVENTORY_BAG_DRIVER_G_F,,""
"Assets/Prefabs/UI/Inventory/ItemUseClubCard.prefab","StatsPanel/StatRow_Power/StatNum","50",DYNAMIC_PLACEHOLDER,Inventory/Bag,N,,,,""
"Assets/Prefabs/UI/Inventory/ItemUseClubCard.prefab","StatsPanel/StatRow_Accuracy/StatNum","50",DYNAMIC_PLACEHOLDER,Inventory/Bag,N,,,,""
"Assets/Prefabs/UI/Inventory/ItemUseClubCard.prefab","StatsPanel/StatRow_LieRes/StatNum","50",DYNAMIC_PLACEHOLDER,Inventory/Bag,N,,,,""
"Assets/Prefabs/UI/Inventory/ItemUseClubCard.prefab","StatsPanel/StatRow_Loft/StatNum","50",DYNAMIC_PLACEHOLDER,Inventory/Bag,N,,,,""
"Assets/Prefabs/UI/Inventory/ItemUseClubCard.prefab","StatsPanel/StatRow_Durability/StatNum","50",DYNAMIC_PLACEHOLDER,Inventory/Bag,N,,,,""
"Assets/Prefabs/UI/Inventory/ItemUseClubCard.prefab","DistanceRow/DistLabel","DIST",STATIC_COPY,Inventory/Bag,N,,INVENTORY_BAG_DIST,,""
"Assets/Prefabs/UI/Inventory/ItemUseClubCard.prefab","DistanceRow/DistanceValue","150 yd",STATIC_COPY,Inventory/Bag,N,,INVENTORY_BAG_150_YD,,""
"Assets/Prefabs/UI/Inventory/ItemUseClubCard.prefab","ButtonRow/LevelUpBtn/Text","LEVEL UP",STATIC_COPY,Inventory/Bag,N,,ROSTER_LEVEL_UP,REUSE_EXISTING,""
"Assets/Prefabs/UI/Inventory/ItemUseClubCard.prefab","ButtonRow/RepairBtn/Text","REPAIR",STATIC_COPY,Inventory/Bag,N,,CLUB_REPAIR,REUSE_EXISTING,""
"Assets/Prefabs/UI/Inventory/ItemUseClubCard.prefab","UseRepairKitBtn/UseRepairKitText","USE REPAIR KIT",STATIC_COPY,Inventory/Bag,N,,ITEM_USE_REPAIR_KIT,REUSE_EXISTING,""
"Assets/Prefabs/UI/Inventory/ItemUseClubCardGlowup.prefab","Mask/Background/CardTop/RarityBadge","R",DYNAMIC_PLACEHOLDER,Inventory/Bag,N,,,,""
"Assets/Prefabs/UI/Inventory/ItemUseClubCardGlowup.prefab","Mask/Background/CardTop/LevelBadge","Lv10",DYNAMIC_PLACEHOLDER,Inventory/Bag,N,,,,""
"Assets/Prefabs/UI/Inventory/ItemUseClubCardGlowup.prefab","Mask/Background/CardTop/NameText","DRIVER
G&F",STATIC_COPY,Inventory/Bag,N,,INVENTORY_BAG_DRIVER_G_F,,""
"Assets/Prefabs/UI/Inventory/ItemUseClubCardGlowup.prefab","Mask/Background/StatsPanel/DistanceRow/DistanceValue","150 yd",STATIC_COPY,Inventory/Bag,N,,INVENTORY_BAG_150_YD,,""
"Assets/Prefabs/UI/Inventory/ItemUseClubCardGlowup.prefab","Mask/Background/StatsPanel/StatRow_Power/StatNum","100",DYNAMIC_PLACEHOLDER,Inventory/Bag,N,,,,""
"Assets/Prefabs/UI/Inventory/ItemUseClubCardGlowup.prefab","Mask/Background/StatsPanel/StatRow_Accuracy/StatNum","50",DYNAMIC_PLACEHOLDER,Inventory/Bag,N,,,,""
"Assets/Prefabs/UI/Inventory/ItemUseClubCardGlowup.prefab","Mask/Background/StatsPanel/StatRow_LieRes/StatNum","50",DYNAMIC_PLACEHOLDER,Inventory/Bag,N,,,,""
"Assets/Prefabs/UI/Inventory/ItemUseClubCardGlowup.prefab","Mask/Background/StatsPanel/StatRow_Loft/StatNum","50",DYNAMIC_PLACEHOLDER,Inventory/Bag,N,,,,""
"Assets/Prefabs/UI/Inventory/ItemUseClubCardGlowup.prefab","Mask/Background/StatsPanel/StatRow_Durability/StatNum","50",DYNAMIC_PLACEHOLDER,Inventory/Bag,N,,,,""
"Assets/Prefabs/UI/Inventory/ItemUseClubCardGlowup.prefab","Mask/Background/ButtonRow/LevelUpBtn/Text","LEVEL UP",STATIC_COPY,Inventory/Bag,N,,ROSTER_LEVEL_UP,REUSE_EXISTING,""
"Assets/Prefabs/UI/Inventory/ItemUseClubCardGlowup.prefab","Mask/Background/ButtonRow/RepairBtn/Text","REPAIR",STATIC_COPY,Inventory/Bag,N,,CLUB_REPAIR,REUSE_EXISTING,""
"Assets/Prefabs/UI/Inventory/ItemUseClubCardGlowup.prefab","UseRepairKitBtn/UseRepairKitText","USE REPAIR KIT",STATIC_COPY,Inventory/Bag,N,,ITEM_USE_REPAIR_KIT,REUSE_EXISTING,""
"Assets/Prefabs/UI/Matchmaking/MatchMakingModal.prefab","ContentArea/TitleArea/League/Label","DIAMOND LEAGE",STATIC_COPY,Hole/Results,N,,HOLE_RESULTS_DIAMOND_LEAGE,,""
"Assets/Prefabs/UI/Matchmaking/MatchMakingModal.prefab","ContentArea/InfoArea/Status","FINDING OPPONENT...",STATIC_COPY,Hole/Results,N,,HOLE_RESULTS_FINDING_OPPONENT,,""
"Assets/Prefabs/UI/Matchmaking/MatchMakingModal.prefab","ContentArea/InfoArea/Portraits/User1Info/CharacterThumbnailCardGlowUp/NameLabel","SHAE",STATIC_COPY,Hole/Results,N,,HOLE_RESULTS_SHAE,,""
"Assets/Prefabs/UI/Matchmaking/MatchMakingModal.prefab","ContentArea/InfoArea/Portraits/User1Info/CharacterThumbnailCardGlowUp/RarityBadge/Text","R",DYNAMIC_PLACEHOLDER,Hole/Results,N,,,,""
"Assets/Prefabs/UI/Matchmaking/MatchMakingModal.prefab","ContentArea/InfoArea/Portraits/User1Info/CharacterThumbnailCardGlowUp/LevelBadge/Text","Lv 1",DYNAMIC_PLACEHOLDER,Hole/Results,N,,,,""
"Assets/Prefabs/UI/Matchmaking/MatchMakingModal.prefab","ContentArea/InfoArea/Portraits/User1Info/Username","USERNAME",STATIC_COPY,Hole/Results,N,,HOME_USERNAME,REUSE_EXISTING,""
"Assets/Prefabs/UI/Matchmaking/MatchMakingModal.prefab","ContentArea/InfoArea/Portraits/User1Info/Rank","RANK: #255",STATIC_COPY,Hole/Results,N,,HOLE_RESULTS_RANK_255,,""
"Assets/Prefabs/UI/Matchmaking/MatchMakingModal.prefab","ContentArea/InfoArea/Portraits/UserLabel","Vs.",STATIC_COPY,Hole/Results,N,,HOLE_RESULTS_VS,,""
"Assets/Prefabs/UI/Matchmaking/MatchMakingModal.prefab","ContentArea/InfoArea/Portraits/User2Info/CharacterThumbnailCardGlowUp/NameLabel","SHAE",STATIC_COPY,Hole/Results,N,,HOLE_RESULTS_SHAE,,""
"Assets/Prefabs/UI/Matchmaking/MatchMakingModal.prefab","ContentArea/InfoArea/Portraits/User2Info/CharacterThumbnailCardGlowUp/RarityBadge/Text","R",DYNAMIC_PLACEHOLDER,Hole/Results,N,,,,""
"Assets/Prefabs/UI/Matchmaking/MatchMakingModal.prefab","ContentArea/InfoArea/Portraits/User2Info/CharacterThumbnailCardGlowUp/LevelBadge/Text","Lv 1",DYNAMIC_PLACEHOLDER,Hole/Results,N,,,,""
"Assets/Prefabs/UI/Matchmaking/MatchMakingModal.prefab","ContentArea/InfoArea/Portraits/User2Info/Username","USERNAME",STATIC_COPY,Hole/Results,N,,HOME_USERNAME,REUSE_EXISTING,""
"Assets/Prefabs/UI/Matchmaking/MatchMakingModal.prefab","ContentArea/InfoArea/Portraits/User2Info/Rank","RANK: #255",STATIC_COPY,Hole/Results,N,,HOLE_RESULTS_RANK_255,,""
"Assets/Prefabs/UI/Matchmaking/MatchMakingModal.prefab","ContentArea/InfoArea/HoleTitle","HOLE",STATIC_COPY,Hole/Results,N,,HOLE_RESULTS_HOLE,,""
"Assets/Prefabs/UI/Matchmaking/MatchMakingModal.prefab","ContentArea/InfoArea/HoleInfo","Lomond Country Club  - Hole 5",STATIC_COPY,Hole/Results,N,,HOME_COURSE_NAME,REUSE_EXISTING,""
"Assets/Prefabs/UI/Matchmaking/MatchMakingModal.prefab","ContentArea/InfoArea/Rewards/Reward Row1/Reward1Amount","x10",UNKNOWN,Hole/Results,N,,,,""
"Assets/Prefabs/UI/Matchmaking/MatchMakingModal.prefab","ContentArea/InfoArea/Rewards/Reward Row2/Reward2Amount","x04",UNKNOWN,Hole/Results,N,,,,""
"Assets/Prefabs/UI/Matchmaking/MatchMakingModal.prefab","ContentArea/InfoArea/Rewards/Reward Row3/Reward3Amount","x02",UNKNOWN,Hole/Results,N,,,,""
"Assets/Prefabs/UI/Matchmaking/MatchMakingModal.prefab","ContentArea/InfoArea/CancelButton/Text","CANCEL",STATIC_COPY,Hole/Results,N,,MODAL_CANCEL,REUSE_EXISTING,""
"Assets/Prefabs/UI/Matchmaking/VersusResultScreen.prefab","ContentArea/InfoArea/ResultsHeader","RESULTS",STATIC_COPY,Hole/Results,N,,HOLE_RESULTS_RESULTS,,""
"Assets/Prefabs/UI/Matchmaking/VersusResultScreen.prefab","ContentArea/InfoArea/Portraits/User1Info/LeftOutcomeLabel","WINNER",STATIC_COPY,Hole/Results,N,,HOLE_RESULTS_WINNER,,""
"Assets/Prefabs/UI/Matchmaking/VersusResultScreen.prefab","ContentArea/InfoArea/Portraits/User1Info/CharacterThumbnailCardGlowUp/NameLabel","SHAE",STATIC_COPY,Hole/Results,N,,HOLE_RESULTS_SHAE,,""
"Assets/Prefabs/UI/Matchmaking/VersusResultScreen.prefab","ContentArea/InfoArea/Portraits/User1Info/CharacterThumbnailCardGlowUp/RarityBadge/Text","R",DYNAMIC_PLACEHOLDER,Hole/Results,N,,,,""
"Assets/Prefabs/UI/Matchmaking/VersusResultScreen.prefab","ContentArea/InfoArea/Portraits/User1Info/CharacterThumbnailCardGlowUp/LevelBadge/Text","Lv 1",DYNAMIC_PLACEHOLDER,Hole/Results,N,,,,""
"Assets/Prefabs/UI/Matchmaking/VersusResultScreen.prefab","ContentArea/InfoArea/Portraits/User1Info/Username","USERNAME",STATIC_COPY,Hole/Results,N,,HOME_USERNAME,REUSE_EXISTING,""
"Assets/Prefabs/UI/Matchmaking/VersusResultScreen.prefab","ContentArea/InfoArea/Portraits/User1Info/Rank","RANK: <color=#50C878>#142</color>",STATIC_COPY,Hole/Results,N,,HOLE_RESULTS_RANK_COLOR_50C878_142_COLOR,,""
"Assets/Prefabs/UI/Matchmaking/VersusResultScreen.prefab","ContentArea/InfoArea/Portraits/UserLabel","Vs.",STATIC_COPY,Hole/Results,N,,HOLE_RESULTS_VS,,""
"Assets/Prefabs/UI/Matchmaking/VersusResultScreen.prefab","ContentArea/InfoArea/Portraits/User2Info/RightOutcomeLabel","LOSER",STATIC_COPY,Hole/Results,N,,HOLE_RESULTS_LOSER,,""
"Assets/Prefabs/UI/Matchmaking/VersusResultScreen.prefab","ContentArea/InfoArea/Portraits/User2Info/CharacterThumbnailCardGlowUp/NameLabel","SHAE",STATIC_COPY,Hole/Results,N,,HOLE_RESULTS_SHAE,,""
"Assets/Prefabs/UI/Matchmaking/VersusResultScreen.prefab","ContentArea/InfoArea/Portraits/User2Info/CharacterThumbnailCardGlowUp/RarityBadge/Text","R",DYNAMIC_PLACEHOLDER,Hole/Results,N,,,,""
"Assets/Prefabs/UI/Matchmaking/VersusResultScreen.prefab","ContentArea/InfoArea/Portraits/User2Info/CharacterThumbnailCardGlowUp/LevelBadge/Text","Lv 1",DYNAMIC_PLACEHOLDER,Hole/Results,N,,,,""
"Assets/Prefabs/UI/Matchmaking/VersusResultScreen.prefab","ContentArea/InfoArea/Portraits/User2Info/Username","USERNAME",STATIC_COPY,Hole/Results,N,,HOME_USERNAME,REUSE_EXISTING,""
"Assets/Prefabs/UI/Matchmaking/VersusResultScreen.prefab","ContentArea/InfoArea/Portraits/User2Info/Rank","RANK: <color=#C04000>#255</color>",STATIC_COPY,Hole/Results,N,,HOLE_RESULTS_RANK_COLOR_C04000_255_COLOR,,""
"Assets/Prefabs/UI/Matchmaking/VersusResultScreen.prefab","ContentArea/InfoArea/HoleTitle","HOLE",STATIC_COPY,Hole/Results,N,,HOLE_RESULTS_HOLE,,""
"Assets/Prefabs/UI/Matchmaking/VersusResultScreen.prefab","ContentArea/InfoArea/HoleInfo","Lomond Country Club  - Hole 5",STATIC_COPY,Hole/Results,N,,HOME_COURSE_NAME,REUSE_EXISTING,""
"Assets/Prefabs/UI/Matchmaking/VersusResultScreen.prefab","ContentArea/InfoArea/Rewards/Reward Row1/Reward1Amount","x200",UNKNOWN,Hole/Results,N,,,,""
"Assets/Prefabs/UI/Matchmaking/VersusResultScreen.prefab","ContentArea/InfoArea/Rewards/Reward Row2/Reward2Amount","x04",UNKNOWN,Hole/Results,N,,,,""
"Assets/Prefabs/UI/Matchmaking/VersusResultScreen.prefab","ContentArea/InfoArea/Rewards/Reward Row3/Reward3Amount","x02",UNKNOWN,Hole/Results,N,,,,""
"Assets/Prefabs/UI/Matchmaking/VersusResultScreen.prefab","ContentArea/InfoArea/NewMatchButton/Text","NEW MATCH",STATIC_COPY,Hole/Results,N,,HOLE_RESULTS_NEW_MATCH,,""
"Assets/Prefabs/UI/Modals/HoleCompleteModal.prefab","Root/Card1/ContentRoot/SuccessHeader/Label","SUCCESS",STATIC_COPY,Other,N,,OTHER_SUCCESS,,""
"Assets/Prefabs/UI/Modals/HoleCompleteModal.prefab","Root/Card1/ContentRoot/FailedHeader/Label","FAILED",STATIC_COPY,Other,N,,OTHER_FAILED,,""
"Assets/Prefabs/UI/Modals/HoleCompleteModal.prefab","Root/Card1/ContentRoot/Subhead","Lomond Country Club  - Hole 1 - Par 5",STATIC_COPY,Other,N,,OTHER_LOMOND_COUNTRY_CLUB_HOLE_1_PAR_5,,""
"Assets/Prefabs/UI/Modals/HoleCompleteModal.prefab","Root/Card1/ContentRoot/CurrentBody/StatsBlockText","TEE OFF: REGULAR
STROKES: <color=#50C878>4 (BIRDIE)</color>
BEST: 5 (PAR)
TIME: 00:02:34
BEST: 00:02:34",STATIC_COPY,Other,N,,OTHER_TEE_OFF_REGULAR_STROKES_COLOR_50,,""
"Assets/Prefabs/UI/Modals/HoleCompleteModal.prefab","Root/Card1/ContentRoot/RewardsRow/CoinReward/CountText","x10",UNKNOWN,Other,N,,,,""
"Assets/Prefabs/UI/Modals/HoleCompleteModal.prefab","Root/Card1/ContentRoot/RewardsRow/RepairReward/CountText","x10",UNKNOWN,Other,N,,,,""
"Assets/Prefabs/UI/Modals/HoleCompleteModal.prefab","Root/Card1/ContentRoot/RewardsRow/BallReward/CountText","x10",UNKNOWN,Other,N,,,,""
"Assets/Prefabs/UI/Modals/HoleCompleteModal.prefab","Root/Card1/ContentRoot/Buttons/PlayNextButton/Text","PLAY NEXT",STATIC_COPY,Other,N,,OTHER_PLAY_NEXT,,""
"Assets/Prefabs/UI/Modals/HoleCompleteModal.prefab","Root/Card1/ContentRoot/Buttons/RetryButton/Text","RETRY",STATIC_COPY,Other,N,,OTHER_RETRY,,""
"Assets/Prefabs/UI/Modals/HoleCompleteModal.prefab","Root/Card1/ContentRoot/Buttons/PlayButton/Text","PLAY",STATIC_COPY,Other,N,,BTN_START,REUSE_EXISTING,""
"Assets/Prefabs/UI/Modals/HoleCompleteModal.prefab","Root/Card1/ContentRoot/Buttons/MenuButton/Text","MENU",STATIC_COPY,Other,N,,OTHER_MENU,,""
"Assets/Prefabs/UI/Modals/Toast.prefab","Label","COURSE CLEARED!",STATIC_COPY,Other,N,,OTHER_COURSE_CLEARED,,""
"Assets/Prefabs/UI/Modals/TournamentResultModal.prefab","Panel/Content/Upper/SponsorText","GOLFIN PRESENTS",STATIC_COPY,Rankings/Tournaments,N,,RANKINGS_TOURNAMENTS_GOLFIN_PRESENTS,,""
"Assets/Prefabs/UI/Modals/TournamentResultModal.prefab","Panel/Content/Upper/TitleText","Lomond Championship",STATIC_COPY,Rankings/Tournaments,N,,tourn.lomond,REUSE_EXISTING,""
"Assets/Prefabs/UI/Modals/TournamentResultModal.prefab","Panel/Content/Upper/VenueText","Lomond Country Club  -  18 Holes",STATIC_COPY,Rankings/Tournaments,N,,RANKINGS_TOURNAMENTS_LOMOND_COUNTRY_CLUB_18_HOLES,,""
"Assets/Prefabs/UI/Modals/TournamentResultModal.prefab","Panel/Content/Upper/DateRangeText","Jun 24 – Jun 27  —  Ends in 3d 04h",STATIC_COPY,Rankings/Tournaments,N,,RANKINGS_TOURNAMENTS_JUN_24_JUN_27_ENDS_IN_3D_04H,,""
"Assets/Prefabs/UI/Modals/TournamentResultModal.prefab","Panel/Content/RankBand/RankText","RANK #1",STATIC_COPY,Rankings/Tournaments,N,,RANKINGS_TOURNAMENTS_RANK_1,,""
"Assets/Prefabs/UI/Modals/TournamentResultModal.prefab","Panel/Content/EntryRewards/RewardRow/RewardText","12,000 + Trophy",STATIC_COPY,Rankings/Tournaments,N,,RANKINGS_TOURNAMENTS_12_000_TROPHY,,""
"Assets/Prefabs/UI/Modals/TournamentResultModal.prefab","Panel/Content/ButtonsRow/ClaimButton/Text","CLAIM",STATIC_COPY,Rankings/Tournaments,N,,RANKINGS_TOURNAMENTS_CLAIM,,""
"Assets/Prefabs/UI/Modals/TournamentSignupModal.prefab","Panel/Content/Upper/SponsorText","GOLFIN PRESENTS",STATIC_COPY,Account,N,,ACCOUNT_GOLFIN_PRESENTS,,""
"Assets/Prefabs/UI/Modals/TournamentSignupModal.prefab","Panel/Content/Upper/TitleText","Lomond Championship",STATIC_COPY,Account,N,,tourn.lomond,REUSE_EXISTING,""
"Assets/Prefabs/UI/Modals/TournamentSignupModal.prefab","Panel/Content/Upper/VenueText","Lomond Country Club  -  18 Holes",STATIC_COPY,Account,N,,ACCOUNT_LOMOND_COUNTRY_CLUB_18_HOLES,,""
"Assets/Prefabs/UI/Modals/TournamentSignupModal.prefab","Panel/Content/Upper/DateRangeText","Jun 24 – Jun 27  —  Ends in 3d 04h",STATIC_COPY,Account,N,,ACCOUNT_JUN_24_JUN_27_ENDS_IN_3D_04H,,""
"Assets/Prefabs/UI/Modals/TournamentSignupModal.prefab","Panel/Content/EntryRewards/EntryPill/EntryText","ENTRY",STATIC_COPY,Account,N,,ACCOUNT_ENTRY,,""
"Assets/Prefabs/UI/Modals/TournamentSignupModal.prefab","Panel/Content/EntryRewards/EntryPill/PaidEntryAmount","500",DYNAMIC_PLACEHOLDER,Account,N,,,,""
"Assets/Prefabs/UI/Modals/TournamentSignupModal.prefab","Panel/Content/EntryRewards/RewardRow/RewardText","12,000 + Trophy",STATIC_COPY,Account,N,,ACCOUNT_12_000_TROPHY,,""
"Assets/Prefabs/UI/Modals/TournamentSignupModal.prefab","Panel/Content/ButtonsRow/CancelButton/Text","CANCEL",STATIC_COPY,Account,N,,MODAL_CANCEL,REUSE_EXISTING,""
"Assets/Prefabs/UI/Modals/TournamentSignupModal.prefab","Panel/Content/ButtonsRow/ConfirmButton/Text","CONFIRM",STATIC_COPY,Account,N,,MODAL_CONFIRM,REUSE_EXISTING,""
"Assets/Prefabs/UI/ModeSelect/ModeCard.prefab","CollapsedContainer/TitleArea/TitleHRow/Title","Next",STATIC_COPY,Hole/Results,N,,HOLE_RESULTS_NEXT,,""
"Assets/Prefabs/UI/ModeSelect/ModeCard.prefab","CollapsedContainer/TitleArea/SubtitleRow/Subtitle","Lomond Country Club  - Hole 1 - Par 5",STATIC_COPY,Hole/Results,N,,HOLE_RESULTS_LOMOND_COUNTRY_CLUB_HOLE_1_PAR_5,,""
"Assets/Prefabs/UI/ModeSelect/ModeCard.prefab","CollapsedContainer/RewardsRow/RewardSlot1/EntryFeeLabel","ENTRY FEE",STATIC_COPY,Hole/Results,N,,HOLE_RESULTS_ENTRY_FEE,,""
"Assets/Prefabs/UI/ModeSelect/ModeCard.prefab","CollapsedContainer/RewardsRow/RewardSlot1/CoinValueGroup/Reward1Amount","x10",UNKNOWN,Hole/Results,N,,,,""
"Assets/Prefabs/UI/ModeSelect/ModeCard.prefab","CollapsedContainer/RewardsRow/RewardSlot2/RewardsLabel","REWARDS",STATIC_COPY,Hole/Results,N,,HOLE_RESULTS_REWARDS,,""
"Assets/Prefabs/UI/ModeSelect/ModeCard.prefab","CollapsedContainer/RewardsRow/RewardSlot2/CoinValueGroup/Reward2Amount","x10",UNKNOWN,Hole/Results,N,,,,""
"Assets/Prefabs/UI/ModeSelect/ModeCard.prefab","CollapsedContainer/RewardsRow/RewardSlot3/Reward3Amount","x10",UNKNOWN,Hole/Results,N,,,,""
"Assets/Prefabs/UI/ModeSelect/ModeCard.prefab","ExpandedContainer/TitleAreaExp/TitleExp","NEXT",STATIC_COPY,Hole/Results,N,,HOLE_RESULTS_NEXT,,""
"Assets/Prefabs/UI/ModeSelect/ModeCard.prefab","ExpandedContainer/TitleAreaExp/SubtitleRowExp/SubtitleExp","Lomond Country Club  - Hole 1 - Par 5",STATIC_COPY,Hole/Results,N,,HOLE_RESULTS_LOMOND_COUNTRY_CLUB_HOLE_1_PAR_5,,""
"Assets/Prefabs/UI/ModeSelect/ModeCard.prefab","ExpandedContainer/Tutorial/DescriptionText","Description placeholder",STATIC_COPY,Hole/Results,N,,HOLE_RESULTS_DESCRIPTION_PLACEHOLDER,,""
"Assets/Prefabs/UI/ModeSelect/ModeCard.prefab","ExpandedContainer/RewardsRowExp/RewardSlot1Exp/EntryFeeLabel","ENTRY FEE",STATIC_COPY,Hole/Results,N,,HOLE_RESULTS_ENTRY_FEE,,""
"Assets/Prefabs/UI/ModeSelect/ModeCard.prefab","ExpandedContainer/RewardsRowExp/RewardSlot1Exp/CoinValueGroup/Reward1AmountExp","x10",UNKNOWN,Hole/Results,N,,,,""
"Assets/Prefabs/UI/ModeSelect/ModeCard.prefab","ExpandedContainer/RewardsRowExp/RewardSlot2Exp/RewardsLabel","REWARDS",STATIC_COPY,Hole/Results,N,,HOLE_RESULTS_REWARDS,,""
"Assets/Prefabs/UI/ModeSelect/ModeCard.prefab","ExpandedContainer/RewardsRowExp/RewardSlot2Exp/CoinValueGroup/Reward2AmountExp","x10",UNKNOWN,Hole/Results,N,,,,""
"Assets/Prefabs/UI/ModeSelect/ModeCard.prefab","ExpandedContainer/RewardsRowExp/RewardSlot3Exp/CoinValueGroup/Reward3AmountExp","x10",UNKNOWN,Hole/Results,N,,,,""
"Assets/Prefabs/UI/ModeSelect/ModeCard.prefab","ExpandedContainer/ActionButton/Label","PLAY",STATIC_COPY,Hole/Results,N,,BTN_START,REUSE_EXISTING,""
"Assets/Prefabs/UI/ModeSelect/ModeHomeCard.prefab","TitleArea/TitleRow/TitleText","PRACTICE",STATIC_COPY,Hole/Results,N,,HOLE_RESULTS_PRACTICE,,""
"Assets/Prefabs/UI/ModeSelect/ModeHomeCard.prefab","TitleArea/TaglineRow/TaglineText","Tagline",STATIC_COPY,Hole/Results,N,,HOLE_RESULTS_TAGLINE,,""
"Assets/Prefabs/UI/ModeSelect/ModeHomeCard.prefab","ExplanationText","Tagline",STATIC_COPY,Hole/Results,N,,HOLE_RESULTS_TAGLINE,,""
"Assets/Prefabs/UI/ModeSelect/ModeHomeCard.prefab","FeeGroup/EntryFeeRow/EntryFeeLabel","ENTRY FEE",STATIC_COPY,Hole/Results,N,,HOLE_RESULTS_ENTRY_FEE,,""
"Assets/Prefabs/UI/ModeSelect/ModeHomeCard.prefab","FeeGroup/EntryFeeRow/CoinValueGroup/EntryFeeAmount","x100",UNKNOWN,Hole/Results,N,,,,""
"Assets/Prefabs/UI/ModeSelect/ModeHomeCard.prefab","FeeGroup/RewardsRow/RewardsLabel","REWARDS",STATIC_COPY,Hole/Results,N,,HOLE_RESULTS_REWARDS,,""
"Assets/Prefabs/UI/ModeSelect/ModeHomeCard.prefab","FeeGroup/RewardsRow/CoinValueGroup/RewardsAmount","x50",UNKNOWN,Hole/Results,N,,,,""
"Assets/Prefabs/UI/ModeSelect/ModeHomeCard.prefab","PlayButton/PlayLabel","PLAY",STATIC_COPY,Hole/Results,N,,BTN_START,REUSE_EXISTING,""
"Assets/Prefabs/UI/PersistentUI.prefab","TopBar/RewardPointsText","9000",DYNAMIC_PLACEHOLDER,Persistent/Home,N,,,,""
"Assets/Prefabs/UI/PersistentUI.prefab","TopBar/UsernameText","CHOTO",STATIC_COPY,Persistent/Home,N,,PERSISTENT_HOME_CHOTO,,""
"Assets/Prefabs/UI/PersistentUI.prefab","TopBar/TicketCountText","999",DYNAMIC_PLACEHOLDER,Persistent/Home,N,,,,""
"Assets/Prefabs/UI/PersistentUI.prefab","TopBar/ShopPlusButton/PlusLabel","+",DYNAMIC_PLACEHOLDER,Persistent/Home,N,,,,""
"Assets/Prefabs/UI/Rankings/RankingsCards.prefab","RankingsCard/Rank","4",DYNAMIC_PLACEHOLDER,Rankings/Tournaments,N,,,,""
"Assets/Prefabs/UI/Rankings/RankingsCards.prefab","RankingsCard/Name+Level/NameLabel","GALADRIEL",STATIC_COPY,Rankings/Tournaments,N,,RANKINGS_TOURNAMENTS_GALADRIEL,,""
"Assets/Prefabs/UI/Rankings/RankingsCards.prefab","RankingsCard/Name+Level/Rarity+Level/RartityLabel ","RARE",STATIC_COPY,Rankings/Tournaments,N,,RARITY_RARE,REUSE_EXISTING,""
"Assets/Prefabs/UI/Rankings/RankingsCards.prefab","RankingsCard/Name+Level/Rarity+Level/LevelLabel "," - Lv 80",STATIC_COPY,Rankings/Tournaments,N,,RANKINGS_TOURNAMENTS_LV_80,,""
"Assets/Prefabs/UI/Rankings/RankingsCards.prefab","RankingsCard/RewardPoints/Background/NameLabel","999999",DYNAMIC_PLACEHOLDER,Rankings/Tournaments,N,,,,""
"Assets/Prefabs/UI/Rankings/RankingsCardUser.prefab","RankingsCard/Rank","4",DYNAMIC_PLACEHOLDER,Rankings/Tournaments,N,,,,""
"Assets/Prefabs/UI/Rankings/RankingsCardUser.prefab","RankingsCard/Name+Level/NameLabel","GALADRIEL",STATIC_COPY,Rankings/Tournaments,N,,RANKINGS_TOURNAMENTS_GALADRIEL,,""
"Assets/Prefabs/UI/Rankings/RankingsCardUser.prefab","RankingsCard/Name+Level/Rarity+Level/RartityLabel ","RARE",STATIC_COPY,Rankings/Tournaments,N,,RARITY_RARE,REUSE_EXISTING,""
"Assets/Prefabs/UI/Rankings/RankingsCardUser.prefab","RankingsCard/Name+Level/Rarity+Level/LevelLabel "," - Lv 80",STATIC_COPY,Rankings/Tournaments,N,,RANKINGS_TOURNAMENTS_LV_80,,""
"Assets/Prefabs/UI/Rankings/RankingsCardUser.prefab","RankingsCard/RewardPoints/Background/NameLabel","999999",DYNAMIC_PLACEHOLDER,Rankings/Tournaments,N,,,,""
"Assets/Prefabs/UI/Rankings/RankingsScreen.prefab","ContentArea/BarsArea/TabBar/DailyTab/Label","DAILY",STATIC_COPY,Rankings/Tournaments,N,,RANKINGS_TOURNAMENTS_DAILY,,""
"Assets/Prefabs/UI/Rankings/RankingsScreen.prefab","ContentArea/BarsArea/TabBar/WeeklyTab/Label","WEEKLY",STATIC_COPY,Rankings/Tournaments,N,,RANKINGS_TOURNAMENTS_WEEKLY,,""
"Assets/Prefabs/UI/Rankings/RankingsScreen.prefab","ContentArea/BarsArea/TabBar/MonthlyTab/Label","MONTHLY",STATIC_COPY,Rankings/Tournaments,N,,RANKINGS_TOURNAMENTS_MONTHLY,,""
"Assets/Prefabs/UI/Rankings/RankingsScreen.prefab","ContentArea/BarsArea/TabBar/HistoryTab/Label","HISTORY",STATIC_COPY,Rankings/Tournaments,N,,RANKINGS_TOURNAMENTS_HISTORY,,""
"Assets/Prefabs/UI/Rankings/RankingsScreen.prefab","ContentArea/BarsArea/InfoArea/League/Label","DIAMOND LEAGE",STATIC_COPY,Rankings/Tournaments,N,,RANKINGS_TOURNAMENTS_DIAMOND_LEAGE,,""
"Assets/Prefabs/UI/Rankings/RankingsScreen.prefab","ContentArea/BarsArea/InfoArea/Reset/Label","Resets IN: 1d 5h 25m 05s",STATIC_COPY,Rankings/Tournaments,N,,RANKINGS_TOURNAMENTS_RESETS_IN_1D_5H_25M_05S,,""
"Assets/Prefabs/UI/Rankings/RankingsScreen.prefab","ContentArea/BarsArea/RankingsArea/Modal/Top3/Top2Card/Info/UserLabel","FRODO",STATIC_COPY,Rankings/Tournaments,N,,RANKINGS_TOURNAMENTS_FRODO,,""
"Assets/Prefabs/UI/Rankings/RankingsScreen.prefab","ContentArea/BarsArea/RankingsArea/Modal/Top3/Top2Card/Info/RarityLabel","LEGENDARY",STATIC_COPY,Rankings/Tournaments,N,,RARITY_LEGENDARY,REUSE_EXISTING,""
"Assets/Prefabs/UI/Rankings/RankingsScreen.prefab","ContentArea/BarsArea/RankingsArea/Modal/Top3/Top2Card/Info/LevelLabel","Lv 160",DYNAMIC_PLACEHOLDER,Rankings/Tournaments,N,,,,""
"Assets/Prefabs/UI/Rankings/RankingsScreen.prefab","ContentArea/BarsArea/RankingsArea/Modal/Top3/Top2Card/RewardPoints/Background/NameLabel","999999",DYNAMIC_PLACEHOLDER,Rankings/Tournaments,N,,,,""
"Assets/Prefabs/UI/Rankings/RankingsScreen.prefab","ContentArea/BarsArea/RankingsArea/Modal/Top3/Top1Card/Info/UserLabel","FRODO",STATIC_COPY,Rankings/Tournaments,N,,RANKINGS_TOURNAMENTS_FRODO,,""
"Assets/Prefabs/UI/Rankings/RankingsScreen.prefab","ContentArea/BarsArea/RankingsArea/Modal/Top3/Top1Card/Info/RarityLabel","LEGENDARY",STATIC_COPY,Rankings/Tournaments,N,,RARITY_LEGENDARY,REUSE_EXISTING,""
"Assets/Prefabs/UI/Rankings/RankingsScreen.prefab","ContentArea/BarsArea/RankingsArea/Modal/Top3/Top1Card/Info/LevelLabel","Lv 160",DYNAMIC_PLACEHOLDER,Rankings/Tournaments,N,,,,""
"Assets/Prefabs/UI/Rankings/RankingsScreen.prefab","ContentArea/BarsArea/RankingsArea/Modal/Top3/Top1Card/RewardPoints/Background/NameLabel","999999",DYNAMIC_PLACEHOLDER,Rankings/Tournaments,N,,,,""
"Assets/Prefabs/UI/Rankings/RankingsScreen.prefab","ContentArea/BarsArea/RankingsArea/Modal/Top3/Top3Card/Info/UserLabel","FRODO",STATIC_COPY,Rankings/Tournaments,N,,RANKINGS_TOURNAMENTS_FRODO,,""
"Assets/Prefabs/UI/Rankings/RankingsScreen.prefab","ContentArea/BarsArea/RankingsArea/Modal/Top3/Top3Card/Info/RarityLabel","LEGENDARY",STATIC_COPY,Rankings/Tournaments,N,,RARITY_LEGENDARY,REUSE_EXISTING,""
"Assets/Prefabs/UI/Rankings/RankingsScreen.prefab","ContentArea/BarsArea/RankingsArea/Modal/Top3/Top3Card/Info/LevelLabel","Lv 160",DYNAMIC_PLACEHOLDER,Rankings/Tournaments,N,,,,""
"Assets/Prefabs/UI/Rankings/RankingsScreen.prefab","ContentArea/BarsArea/RankingsArea/Modal/Top3/Top3Card/RewardPoints/Background/NameLabel","999999",DYNAMIC_PLACEHOLDER,Rankings/Tournaments,N,,,,""
"Assets/Prefabs/UI/Rankings/RankingsScreen.prefab","ContentArea/BarsArea/RankingsArea/Modal/Bottom97/ScrollArea/Viewport/GridContent/RankingsCards/RankingsCard/Rank","4",DYNAMIC_PLACEHOLDER,Rankings/Tournaments,N,,,,""
"Assets/Prefabs/UI/Rankings/RankingsScreen.prefab","ContentArea/BarsArea/RankingsArea/Modal/Bottom97/ScrollArea/Viewport/GridContent/RankingsCards/RankingsCard/Name+Level/NameLabel","GALADRIEL",STATIC_COPY,Rankings/Tournaments,N,,RANKINGS_TOURNAMENTS_GALADRIEL,,""
"Assets/Prefabs/UI/Rankings/RankingsScreen.prefab","ContentArea/BarsArea/RankingsArea/Modal/Bottom97/ScrollArea/Viewport/GridContent/RankingsCards/RankingsCard/Name+Level/Rarity+Level/RartityLabel ","RARE",STATIC_COPY,Rankings/Tournaments,N,,RARITY_RARE,REUSE_EXISTING,""
"Assets/Prefabs/UI/Rankings/RankingsScreen.prefab","ContentArea/BarsArea/RankingsArea/Modal/Bottom97/ScrollArea/Viewport/GridContent/RankingsCards/RankingsCard/Name+Level/Rarity+Level/LevelLabel "," - Lv 80",STATIC_COPY,Rankings/Tournaments,N,,RANKINGS_TOURNAMENTS_LV_80,,""
"Assets/Prefabs/UI/Rankings/RankingsScreen.prefab","ContentArea/BarsArea/RankingsArea/Modal/Bottom97/ScrollArea/Viewport/GridContent/RankingsCards/RankingsCard/RewardPoints/Background/NameLabel","999999",DYNAMIC_PLACEHOLDER,Rankings/Tournaments,N,,,,""
"Assets/Prefabs/UI/Rankings/RankingsScreen.prefab","ContentArea/BarsArea/RankingsArea/Modal/Bottom97/ScrollArea/Viewport/GridContent/RankingsCards (1)/RankingsCard/Rank","4",DYNAMIC_PLACEHOLDER,Rankings/Tournaments,N,,,,""
"Assets/Prefabs/UI/Rankings/RankingsScreen.prefab","ContentArea/BarsArea/RankingsArea/Modal/Bottom97/ScrollArea/Viewport/GridContent/RankingsCards (1)/RankingsCard/Name+Level/NameLabel","GALADRIEL",STATIC_COPY,Rankings/Tournaments,N,,RANKINGS_TOURNAMENTS_GALADRIEL,,""
"Assets/Prefabs/UI/Rankings/RankingsScreen.prefab","ContentArea/BarsArea/RankingsArea/Modal/Bottom97/ScrollArea/Viewport/GridContent/RankingsCards (1)/RankingsCard/Name+Level/Rarity+Level/RartityLabel ","RARE",STATIC_COPY,Rankings/Tournaments,N,,RARITY_RARE,REUSE_EXISTING,""
"Assets/Prefabs/UI/Rankings/RankingsScreen.prefab","ContentArea/BarsArea/RankingsArea/Modal/Bottom97/ScrollArea/Viewport/GridContent/RankingsCards (1)/RankingsCard/Name+Level/Rarity+Level/LevelLabel "," - Lv 80",STATIC_COPY,Rankings/Tournaments,N,,RANKINGS_TOURNAMENTS_LV_80,,""
"Assets/Prefabs/UI/Rankings/RankingsScreen.prefab","ContentArea/BarsArea/RankingsArea/Modal/Bottom97/ScrollArea/Viewport/GridContent/RankingsCards (1)/RankingsCard/RewardPoints/Background/NameLabel","999999",DYNAMIC_PLACEHOLDER,Rankings/Tournaments,N,,,,""
"Assets/Prefabs/UI/Rankings/RankingsScreen.prefab","ContentArea/BarsArea/RankingsArea/Modal/Bottom97/ScrollArea/Viewport/GridContent/RankingsCards (2)/RankingsCard/Rank","4",DYNAMIC_PLACEHOLDER,Rankings/Tournaments,N,,,,""
"Assets/Prefabs/UI/Rankings/RankingsScreen.prefab","ContentArea/BarsArea/RankingsArea/Modal/Bottom97/ScrollArea/Viewport/GridContent/RankingsCards (2)/RankingsCard/Name+Level/NameLabel","GALADRIEL",STATIC_COPY,Rankings/Tournaments,N,,RANKINGS_TOURNAMENTS_GALADRIEL,,""
"Assets/Prefabs/UI/Rankings/RankingsScreen.prefab","ContentArea/BarsArea/RankingsArea/Modal/Bottom97/ScrollArea/Viewport/GridContent/RankingsCards (2)/RankingsCard/Name+Level/Rarity+Level/RartityLabel ","RARE",STATIC_COPY,Rankings/Tournaments,N,,RARITY_RARE,REUSE_EXISTING,""
"Assets/Prefabs/UI/Rankings/RankingsScreen.prefab","ContentArea/BarsArea/RankingsArea/Modal/Bottom97/ScrollArea/Viewport/GridContent/RankingsCards (2)/RankingsCard/Name+Level/Rarity+Level/LevelLabel "," - Lv 80",STATIC_COPY,Rankings/Tournaments,N,,RANKINGS_TOURNAMENTS_LV_80,,""
"Assets/Prefabs/UI/Rankings/RankingsScreen.prefab","ContentArea/BarsArea/RankingsArea/Modal/Bottom97/ScrollArea/Viewport/GridContent/RankingsCards (2)/RankingsCard/RewardPoints/Background/NameLabel","999999",DYNAMIC_PLACEHOLDER,Rankings/Tournaments,N,,,,""
"Assets/Prefabs/UI/Rankings/RankingsScreen.prefab","ContentArea/BarsArea/RankingsArea/Modal/Bottom97/ScrollArea/Viewport/GridContent/RankingsCards (3)/RankingsCard/Rank","4",DYNAMIC_PLACEHOLDER,Rankings/Tournaments,N,,,,""
"Assets/Prefabs/UI/Rankings/RankingsScreen.prefab","ContentArea/BarsArea/RankingsArea/Modal/Bottom97/ScrollArea/Viewport/GridContent/RankingsCards (3)/RankingsCard/Name+Level/NameLabel","GALADRIEL",STATIC_COPY,Rankings/Tournaments,N,,RANKINGS_TOURNAMENTS_GALADRIEL,,""
"Assets/Prefabs/UI/Rankings/RankingsScreen.prefab","ContentArea/BarsArea/RankingsArea/Modal/Bottom97/ScrollArea/Viewport/GridContent/RankingsCards (3)/RankingsCard/Name+Level/Rarity+Level/RartityLabel ","RARE",STATIC_COPY,Rankings/Tournaments,N,,RARITY_RARE,REUSE_EXISTING,""
"Assets/Prefabs/UI/Rankings/RankingsScreen.prefab","ContentArea/BarsArea/RankingsArea/Modal/Bottom97/ScrollArea/Viewport/GridContent/RankingsCards (3)/RankingsCard/Name+Level/Rarity+Level/LevelLabel "," - Lv 80",STATIC_COPY,Rankings/Tournaments,N,,RANKINGS_TOURNAMENTS_LV_80,,""
"Assets/Prefabs/UI/Rankings/RankingsScreen.prefab","ContentArea/BarsArea/RankingsArea/Modal/Bottom97/ScrollArea/Viewport/GridContent/RankingsCards (3)/RankingsCard/RewardPoints/Background/NameLabel","999999",DYNAMIC_PLACEHOLDER,Rankings/Tournaments,N,,,,""
"Assets/Prefabs/UI/Rankings/RankingsScreen.prefab","ContentArea/BarsArea/RankingsArea/Modal/Bottom97/ScrollArea/Viewport/GridContent/RankingsCards (4)/RankingsCard/Rank","4",DYNAMIC_PLACEHOLDER,Rankings/Tournaments,N,,,,""
"Assets/Prefabs/UI/Rankings/RankingsScreen.prefab","ContentArea/BarsArea/RankingsArea/Modal/Bottom97/ScrollArea/Viewport/GridContent/RankingsCards (4)/RankingsCard/Name+Level/NameLabel","GALADRIEL",STATIC_COPY,Rankings/Tournaments,N,,RANKINGS_TOURNAMENTS_GALADRIEL,,""
"Assets/Prefabs/UI/Rankings/RankingsScreen.prefab","ContentArea/BarsArea/RankingsArea/Modal/Bottom97/ScrollArea/Viewport/GridContent/RankingsCards (4)/RankingsCard/Name+Level/Rarity+Level/RartityLabel ","RARE",STATIC_COPY,Rankings/Tournaments,N,,RARITY_RARE,REUSE_EXISTING,""
"Assets/Prefabs/UI/Rankings/RankingsScreen.prefab","ContentArea/BarsArea/RankingsArea/Modal/Bottom97/ScrollArea/Viewport/GridContent/RankingsCards (4)/RankingsCard/Name+Level/Rarity+Level/LevelLabel "," - Lv 80",STATIC_COPY,Rankings/Tournaments,N,,RANKINGS_TOURNAMENTS_LV_80,,""
"Assets/Prefabs/UI/Rankings/RankingsScreen.prefab","ContentArea/BarsArea/RankingsArea/Modal/Bottom97/ScrollArea/Viewport/GridContent/RankingsCards (4)/RankingsCard/RewardPoints/Background/NameLabel","999999",DYNAMIC_PLACEHOLDER,Rankings/Tournaments,N,,,,""
"Assets/Prefabs/UI/Rankings/RankingsScreen.prefab","ContentArea/BarsArea/RankingsArea/Modal/Bottom97/ScrollArea/Viewport/GridContent/RankingsCards (5)/RankingsCard/Rank","4",DYNAMIC_PLACEHOLDER,Rankings/Tournaments,N,,,,""
"Assets/Prefabs/UI/Rankings/RankingsScreen.prefab","ContentArea/BarsArea/RankingsArea/Modal/Bottom97/ScrollArea/Viewport/GridContent/RankingsCards (5)/RankingsCard/Name+Level/NameLabel","GALADRIEL",STATIC_COPY,Rankings/Tournaments,N,,RANKINGS_TOURNAMENTS_GALADRIEL,,""
"Assets/Prefabs/UI/Rankings/RankingsScreen.prefab","ContentArea/BarsArea/RankingsArea/Modal/Bottom97/ScrollArea/Viewport/GridContent/RankingsCards (5)/RankingsCard/Name+Level/Rarity+Level/RartityLabel ","RARE",STATIC_COPY,Rankings/Tournaments,N,,RARITY_RARE,REUSE_EXISTING,""
"Assets/Prefabs/UI/Rankings/RankingsScreen.prefab","ContentArea/BarsArea/RankingsArea/Modal/Bottom97/ScrollArea/Viewport/GridContent/RankingsCards (5)/RankingsCard/Name+Level/Rarity+Level/LevelLabel "," - Lv 80",STATIC_COPY,Rankings/Tournaments,N,,RANKINGS_TOURNAMENTS_LV_80,,""
"Assets/Prefabs/UI/Rankings/RankingsScreen.prefab","ContentArea/BarsArea/RankingsArea/Modal/Bottom97/ScrollArea/Viewport/GridContent/RankingsCards (5)/RankingsCard/RewardPoints/Background/NameLabel","999999",DYNAMIC_PLACEHOLDER,Rankings/Tournaments,N,,,,""
"Assets/Prefabs/UI/Rankings/RankingsScreen.prefab","ContentArea/BarsArea/RankingsArea/Modal/Bottom97/ScrollArea/Viewport/GridContent/RankingsCards (6)/RankingsCard/Rank","4",DYNAMIC_PLACEHOLDER,Rankings/Tournaments,N,,,,""
"Assets/Prefabs/UI/Rankings/RankingsScreen.prefab","ContentArea/BarsArea/RankingsArea/Modal/Bottom97/ScrollArea/Viewport/GridContent/RankingsCards (6)/RankingsCard/Name+Level/NameLabel","GALADRIEL",STATIC_COPY,Rankings/Tournaments,N,,RANKINGS_TOURNAMENTS_GALADRIEL,,""
"Assets/Prefabs/UI/Rankings/RankingsScreen.prefab","ContentArea/BarsArea/RankingsArea/Modal/Bottom97/ScrollArea/Viewport/GridContent/RankingsCards (6)/RankingsCard/Name+Level/Rarity+Level/RartityLabel ","RARE",STATIC_COPY,Rankings/Tournaments,N,,RARITY_RARE,REUSE_EXISTING,""
"Assets/Prefabs/UI/Rankings/RankingsScreen.prefab","ContentArea/BarsArea/RankingsArea/Modal/Bottom97/ScrollArea/Viewport/GridContent/RankingsCards (6)/RankingsCard/Name+Level/Rarity+Level/LevelLabel "," - Lv 80",STATIC_COPY,Rankings/Tournaments,N,,RANKINGS_TOURNAMENTS_LV_80,,""
"Assets/Prefabs/UI/Rankings/RankingsScreen.prefab","ContentArea/BarsArea/RankingsArea/Modal/Bottom97/ScrollArea/Viewport/GridContent/RankingsCards (6)/RankingsCard/RewardPoints/Background/NameLabel","999999",DYNAMIC_PLACEHOLDER,Rankings/Tournaments,N,,,,""
"Assets/Prefabs/UI/Rankings/RankingsScreen.prefab","ContentArea/BarsArea/RankingsArea/Modal/RankingsCardUser/RankingsCard/Rank","4",DYNAMIC_PLACEHOLDER,Rankings/Tournaments,N,,,,""
"Assets/Prefabs/UI/Rankings/RankingsScreen.prefab","ContentArea/BarsArea/RankingsArea/Modal/RankingsCardUser/RankingsCard/Name+Level/NameLabel","GALADRIEL",STATIC_COPY,Rankings/Tournaments,N,,RANKINGS_TOURNAMENTS_GALADRIEL,,""
"Assets/Prefabs/UI/Rankings/RankingsScreen.prefab","ContentArea/BarsArea/RankingsArea/Modal/RankingsCardUser/RankingsCard/Name+Level/Rarity+Level/RartityLabel ","RARE",STATIC_COPY,Rankings/Tournaments,N,,RARITY_RARE,REUSE_EXISTING,""
"Assets/Prefabs/UI/Rankings/RankingsScreen.prefab","ContentArea/BarsArea/RankingsArea/Modal/RankingsCardUser/RankingsCard/Name+Level/Rarity+Level/LevelLabel "," - Lv 80",STATIC_COPY,Rankings/Tournaments,N,,RANKINGS_TOURNAMENTS_LV_80,,""
"Assets/Prefabs/UI/Rankings/RankingsScreen.prefab","ContentArea/BarsArea/RankingsArea/Modal/RankingsCardUser/RankingsCard/RewardPoints/Background/NameLabel","999999",DYNAMIC_PLACEHOLDER,Rankings/Tournaments,N,,,,""
"Assets/Prefabs/UI/Rankings/RankingsScreen.prefab","BackButton/Label","<",DYNAMIC_PLACEHOLDER,Rankings/Tournaments,N,,,,""
"Assets/Prefabs/UI/Rankings/Top1Card.prefab","Info/UserLabel","FRODO",STATIC_COPY,Rankings/Tournaments,N,,RANKINGS_TOURNAMENTS_FRODO,,""
"Assets/Prefabs/UI/Rankings/Top1Card.prefab","Info/RarityLabel","LEGENDARY",STATIC_COPY,Rankings/Tournaments,N,,RARITY_LEGENDARY,REUSE_EXISTING,""
"Assets/Prefabs/UI/Rankings/Top1Card.prefab","Info/LevelLabel","Lv 160",DYNAMIC_PLACEHOLDER,Rankings/Tournaments,N,,,,""
"Assets/Prefabs/UI/Rankings/Top1Card.prefab","RewardPoints/Background/NameLabel","999999",DYNAMIC_PLACEHOLDER,Rankings/Tournaments,N,,,,""
"Assets/Prefabs/UI/Rankings/Top2Card.prefab","Info/UserLabel","FRODO",STATIC_COPY,Rankings/Tournaments,N,,RANKINGS_TOURNAMENTS_FRODO,,""
"Assets/Prefabs/UI/Rankings/Top2Card.prefab","Info/RarityLabel","LEGENDARY",STATIC_COPY,Rankings/Tournaments,N,,RARITY_LEGENDARY,REUSE_EXISTING,""
"Assets/Prefabs/UI/Rankings/Top2Card.prefab","Info/LevelLabel","Lv 160",DYNAMIC_PLACEHOLDER,Rankings/Tournaments,N,,,,""
"Assets/Prefabs/UI/Rankings/Top2Card.prefab","RewardPoints/Background/NameLabel","999999",DYNAMIC_PLACEHOLDER,Rankings/Tournaments,N,,,,""
"Assets/Prefabs/UI/Rankings/Top3Card.prefab","Info/UserLabel","FRODO",STATIC_COPY,Rankings/Tournaments,N,,RANKINGS_TOURNAMENTS_FRODO,,""
"Assets/Prefabs/UI/Rankings/Top3Card.prefab","Info/RarityLabel","LEGENDARY",STATIC_COPY,Rankings/Tournaments,N,,RARITY_LEGENDARY,REUSE_EXISTING,""
"Assets/Prefabs/UI/Rankings/Top3Card.prefab","Info/LevelLabel","Lv 160",DYNAMIC_PLACEHOLDER,Rankings/Tournaments,N,,,,""
"Assets/Prefabs/UI/Rankings/Top3Card.prefab","RewardPoints/Background/NameLabel","999999",DYNAMIC_PLACEHOLDER,Rankings/Tournaments,N,,,,""
"Assets/Prefabs/UI/Roster/CharacterThumbnailCard.prefab","NameLabel","Elizabeth",STATIC_COPY,Roster,N,,ROSTER_ELIZABETH,,""
"Assets/Prefabs/UI/Roster/CharacterThumbnailCard.prefab","RarityBadge/Text","R",DYNAMIC_PLACEHOLDER,Roster,N,,,,""
"Assets/Prefabs/UI/Roster/CharacterThumbnailCard.prefab","LevelBadge/Text","Lv 1",DYNAMIC_PLACEHOLDER,Roster,N,,,,""
"Assets/Prefabs/UI/Roster/CharacterThumbnailCardGlowUp.prefab","NameLabel","SHAE",STATIC_COPY,Roster,N,,ROSTER_SHAE,,""
"Assets/Prefabs/UI/Roster/CharacterThumbnailCardGlowUp.prefab","RarityBadge/Text","R",DYNAMIC_PLACEHOLDER,Roster,N,,,,""
"Assets/Prefabs/UI/Roster/CharacterThumbnailCardGlowUp.prefab","LevelBadge/Text","Lv 1",DYNAMIC_PLACEHOLDER,Roster,N,,,,""
"Assets/Prefabs/UI/Roster/StatBar.prefab","Label","STRENGTH",STATIC_COPY,Roster,N,,ROSTER_STRENGTH,REUSE_EXISTING,""
"Assets/Prefabs/UI/Roster/StatBar.prefab","ValueText","12/30",DYNAMIC_PLACEHOLDER,Roster,N,,,,""
"Assets/Prefabs/UI/Shop/GeneralShopCard.prefab","Chevron","›",DYNAMIC_PLACEHOLDER,Shop/Gacha,N,,,,""
"Assets/Prefabs/UI/Shop/GeneralShopCard.prefab","BadgePill/BadgeLabel","OPEN",STATIC_COPY,Shop/Gacha,N,,SHOP_GACHA_OPEN,,""
"Assets/Prefabs/UI/Shop/GeneralShopCard.prefab","EyebrowLabel","GOLFIN PRESENTS",STATIC_COPY,Shop/Gacha,N,,SHOP_GACHA_GOLFIN_PRESENTS,,""
"Assets/Prefabs/UI/Shop/GeneralShopCard.prefab","NameLabel","Lomond Open",STATIC_COPY,Shop/Gacha,N,,SHOP_GACHA_LOMOND_OPEN,,""
"Assets/Prefabs/UI/Shop/GeneralShopCard.prefab","ClubLabel","Lomond Golf Club · 18 Holes",STATIC_COPY,Shop/Gacha,N,,SHOP_GACHA_LOMOND_GOLF_CLUB_18_HOLES,,""
"Assets/Prefabs/UI/Shop/GeneralShopCard.prefab","DateLabel","Jun 20 — Jun 27",STATIC_COPY,Shop/Gacha,N,,SHOP_GACHA_JUN_20_JUN_27,,""
"Assets/Prefabs/UI/Shop/GeneralShopCard.prefab","FreeEntryBadge/FreeEntryLabel","FREE ENTRY",STATIC_COPY,Shop/Gacha,N,,SHOP_GACHA_FREE_ENTRY,,""
"Assets/Prefabs/UI/Shop/GeneralShopCard.prefab","PaidEntryBadge/EntryText","ENTRY",STATIC_COPY,Shop/Gacha,N,,SHOP_GACHA_ENTRY,,""
"Assets/Prefabs/UI/Shop/GeneralShopCard.prefab","PaidEntryBadge/PaidEntryAmount","500",DYNAMIC_PLACEHOLDER,Shop/Gacha,N,,,,""
"Assets/Prefabs/UI/Shop/GeneralShopCard.prefab","RewardAmountLabel","5,000",DYNAMIC_PLACEHOLDER,Shop/Gacha,N,,,,""
"Assets/Prefabs/UI/Shop/GeneralShopCard.prefab","CtaGoldButton/PlayLable","BUY",BOUND,Shop/Gacha,Y,BTN_START,,,""
"Assets/Prefabs/UI/Shop/GeneralShopCard.prefab","CtaSilverButton/Text","CLOSE",STATIC_COPY,Shop/Gacha,N,,SETTINGS_CLOSE,REUSE_EXISTING,""
"Assets/Prefabs/UI/Shop/GeneralShopScreen.prefab","ContentArea/BarsArea/TabBar/DailyTab/Label","GACHA",STATIC_COPY,Shop/Gacha,N,,SHOP_GACHA_GACHA,,""
"Assets/Prefabs/UI/Shop/GeneralShopScreen.prefab","ContentArea/BarsArea/TabBar/WeeklyTab/Label","STORE",STATIC_COPY,Shop/Gacha,N,,SHOP_GACHA_STORE,,""
"Assets/Prefabs/UI/Shop/GeneralShopScreen.prefab","ContentArea/BarsArea/TabBar/MonthlyTab/Label","GIFTS",STATIC_COPY,Shop/Gacha,N,,SHOP_GACHA_GIFTS,,""
"Assets/Prefabs/UI/Shop/GeneralShopScreen.prefab","ContentArea/BarsArea/FilterGroup/CurationRow/ALLChip/Label","ALL",STATIC_COPY,Shop/Gacha,N,,SHOP_GACHA_ALL,,""
"Assets/Prefabs/UI/Shop/GeneralShopScreen.prefab","ContentArea/BarsArea/FilterGroup/CurationRow/POPULARChip/Label","POPULAR",STATIC_COPY,Shop/Gacha,N,,SHOP_GACHA_POPULAR,,""
"Assets/Prefabs/UI/Shop/GeneralShopScreen.prefab","ContentArea/BarsArea/FilterGroup/CurationRow/OFFERSChip/Label","OFFERS",STATIC_COPY,Shop/Gacha,N,,SHOP_GACHA_OFFERS,,""
"Assets/Prefabs/UI/Shop/GeneralShopScreen.prefab","ContentArea/BarsArea/FilterGroup/CategoryRow/ALLChip/Label","ALL",STATIC_COPY,Shop/Gacha,N,,SHOP_GACHA_ALL,,""
"Assets/Prefabs/UI/Shop/GeneralShopScreen.prefab","ContentArea/BarsArea/FilterGroup/CategoryRow/TICKETSChip/Label","TICKETS",STATIC_COPY,Shop/Gacha,N,,SHOP_GACHA_TICKETS,,""
"Assets/Prefabs/UI/Shop/GeneralShopScreen.prefab","ContentArea/BarsArea/FilterGroup/CategoryRow/CLUBSChip/Label","CLUBS",STATIC_COPY,Shop/Gacha,N,,SHOP_GACHA_CLUBS,,""
"Assets/Prefabs/UI/Shop/GeneralShopScreen.prefab","ContentArea/BarsArea/FilterGroup/CategoryRow/CHARACTERSChip/Label","CHARACTERS",STATIC_COPY,Shop/Gacha,N,,SHOP_GACHA_CHARACTERS,,""
"Assets/Prefabs/UI/Shop/GeneralShopScreen.prefab","ContentArea/BarsArea/FilterGroup/CategoryRow/BALLSChip/Label","BALLS",STATIC_COPY,Shop/Gacha,N,,SHOP_GACHA_BALLS,,""
"Assets/Prefabs/UI/Shop/GeneralShopScreen.prefab","ContentArea/BarsArea/FilterGroup/CategoryRow/ITEMSChip/Label","ITEMS",STATIC_COPY,Shop/Gacha,N,,SHOP_GACHA_ITEMS,,""
"Assets/Prefabs/UI/Shop/GeneralShopScreen.prefab","ContentArea/GachaTabContent/BannerCard_LeftPeek/BannerTitle","STANDARD CLUB 1",STATIC_COPY,Shop/Gacha,N,,SHOP_GACHA_STANDARD_CLUB_1,,""
"Assets/Prefabs/UI/Shop/GeneralShopScreen.prefab","ContentArea/GachaTabContent/BannerCard_LeftPeek/CountdownPill/CountdownLabel","ENDS IN: 1d 5h 25m 05 s",STATIC_COPY,Shop/Gacha,N,,SHOP_GACHA_ENDS_IN_1D_5H_25M_05_S,,""
"Assets/Prefabs/UI/Shop/GeneralShopScreen.prefab","ContentArea/GachaTabContent/BannerCard_LeftPeek/PitySection/PityRow1/PityLabel","Guaranteed A-rank or higher in at most",STATIC_COPY,Shop/Gacha,N,,SHOP_GACHA_GUARANTEED_A_RANK_OR_HIGHER_IN_A,,""
"Assets/Prefabs/UI/Shop/GeneralShopScreen.prefab","ContentArea/GachaTabContent/BannerCard_LeftPeek/PitySection/PityRow1/PityPill/PityCount","99<size=15.4> pulls</size>",STATIC_COPY,Shop/Gacha,N,,SHOP_GACHA_99_SIZE_15_4_PULLS_SIZE,,""
"Assets/Prefabs/UI/Shop/GeneralShopScreen.prefab","ContentArea/GachaTabContent/BannerCard_LeftPeek/PitySection/PityRow2/PityLabel","Guaranteed S-rank signal in at most",STATIC_COPY,Shop/Gacha,N,,SHOP_GACHA_GUARANTEED_S_RANK_SIGNAL_IN_AT_M,,""
"Assets/Prefabs/UI/Shop/GeneralShopScreen.prefab","ContentArea/GachaTabContent/BannerCard_LeftPeek/PitySection/PityRow2/PityPill/PityCount","99<size=15.4> pulls</size>",STATIC_COPY,Shop/Gacha,N,,SHOP_GACHA_99_SIZE_15_4_PULLS_SIZE,,""
"Assets/Prefabs/UI/Shop/GeneralShopScreen.prefab","ContentArea/GachaTabContent/BannerCard_LeftPeek/PitySection/PrizePreviewText","Common/Uncommon characters or clubs may also be obtained.",STATIC_COPY,Shop/Gacha,N,,SHOP_GACHA_COMMON_UNCOMMON_CHARACTERS_OR_CL,,""
"Assets/Prefabs/UI/Shop/GeneralShopScreen.prefab","ContentArea/GachaTabContent/BannerCard_LeftPeek/CostArea/CostRow1/CostText","COST",STATIC_COPY,Shop/Gacha,N,,MODAL_COST,REUSE_EXISTING,""
"Assets/Prefabs/UI/Shop/GeneralShopScreen.prefab","ContentArea/GachaTabContent/BannerCard_LeftPeek/CostArea/CostRow1/CountLabel","x1",UNKNOWN,Shop/Gacha,N,,,,""
"Assets/Prefabs/UI/Shop/GeneralShopScreen.prefab","ContentArea/GachaTabContent/BannerCard_LeftPeek/CostArea/CostRow2/CostText","COST",STATIC_COPY,Shop/Gacha,N,,MODAL_COST,REUSE_EXISTING,""
"Assets/Prefabs/UI/Shop/GeneralShopScreen.prefab","ContentArea/GachaTabContent/BannerCard_LeftPeek/CostArea/CostRow2/CountLabel","x10",UNKNOWN,Shop/Gacha,N,,,,""
"Assets/Prefabs/UI/Shop/GeneralShopScreen.prefab","ContentArea/GachaTabContent/BannerCard_LeftPeek/PullRow/PullX1Button/Label","PULL x1",STATIC_COPY,Shop/Gacha,N,,SHOP_GACHA_PULL_X1,,""
"Assets/Prefabs/UI/Shop/GeneralShopScreen.prefab","ContentArea/GachaTabContent/BannerCard_LeftPeek/PullRow/PullX10Button/Label","PULL x10",STATIC_COPY,Shop/Gacha,N,,SHOP_GACHA_PULL_X10,,""
"Assets/Prefabs/UI/Shop/GeneralShopScreen.prefab","ContentArea/GachaTabContent/BannerCard_LeftPeek/RatesLabel","RULES
& RATES",STATIC_COPY,Shop/Gacha,N,,SHOP_GACHA_RULES_RATES,,""
"Assets/Prefabs/UI/Shop/GeneralShopScreen.prefab","ContentArea/GachaTabContent/BannerCard_RightPeek/BannerTitle","STANDARD CLUB 1",STATIC_COPY,Shop/Gacha,N,,SHOP_GACHA_STANDARD_CLUB_1,,""
"Assets/Prefabs/UI/Shop/GeneralShopScreen.prefab","ContentArea/GachaTabContent/BannerCard_RightPeek/CountdownPill/CountdownLabel","ENDS IN: 1d 5h 25m 05 s",STATIC_COPY,Shop/Gacha,N,,SHOP_GACHA_ENDS_IN_1D_5H_25M_05_S,,""
"Assets/Prefabs/UI/Shop/GeneralShopScreen.prefab","ContentArea/GachaTabContent/BannerCard_RightPeek/PitySection/PityRow1/PityLabel","Guaranteed A-rank or higher in at most",STATIC_COPY,Shop/Gacha,N,,SHOP_GACHA_GUARANTEED_A_RANK_OR_HIGHER_IN_A,,""
"Assets/Prefabs/UI/Shop/GeneralShopScreen.prefab","ContentArea/GachaTabContent/BannerCard_RightPeek/PitySection/PityRow1/PityPill/PityCount","99<size=15.4> pulls</size>",STATIC_COPY,Shop/Gacha,N,,SHOP_GACHA_99_SIZE_15_4_PULLS_SIZE,,""
"Assets/Prefabs/UI/Shop/GeneralShopScreen.prefab","ContentArea/GachaTabContent/BannerCard_RightPeek/PitySection/PityRow2/PityLabel","Guaranteed S-rank signal in at most",STATIC_COPY,Shop/Gacha,N,,SHOP_GACHA_GUARANTEED_S_RANK_SIGNAL_IN_AT_M,,""
"Assets/Prefabs/UI/Shop/GeneralShopScreen.prefab","ContentArea/GachaTabContent/BannerCard_RightPeek/PitySection/PityRow2/PityPill/PityCount","99<size=15.4> pulls</size>",STATIC_COPY,Shop/Gacha,N,,SHOP_GACHA_99_SIZE_15_4_PULLS_SIZE,,""
"Assets/Prefabs/UI/Shop/GeneralShopScreen.prefab","ContentArea/GachaTabContent/BannerCard_RightPeek/PitySection/PrizePreviewText","Common/Uncommon characters or clubs may also be obtained.",STATIC_COPY,Shop/Gacha,N,,SHOP_GACHA_COMMON_UNCOMMON_CHARACTERS_OR_CL,,""
"Assets/Prefabs/UI/Shop/GeneralShopScreen.prefab","ContentArea/GachaTabContent/BannerCard_RightPeek/CostArea/CostRow1/CostText","COST",STATIC_COPY,Shop/Gacha,N,,MODAL_COST,REUSE_EXISTING,""
"Assets/Prefabs/UI/Shop/GeneralShopScreen.prefab","ContentArea/GachaTabContent/BannerCard_RightPeek/CostArea/CostRow1/CountLabel","x1",UNKNOWN,Shop/Gacha,N,,,,""
"Assets/Prefabs/UI/Shop/GeneralShopScreen.prefab","ContentArea/GachaTabContent/BannerCard_RightPeek/CostArea/CostRow2/CostText","COST",STATIC_COPY,Shop/Gacha,N,,MODAL_COST,REUSE_EXISTING,""
"Assets/Prefabs/UI/Shop/GeneralShopScreen.prefab","ContentArea/GachaTabContent/BannerCard_RightPeek/CostArea/CostRow2/CountLabel","x10",UNKNOWN,Shop/Gacha,N,,,,""
"Assets/Prefabs/UI/Shop/GeneralShopScreen.prefab","ContentArea/GachaTabContent/BannerCard_RightPeek/PullRow/PullX1Button/Label","PULL x1",STATIC_COPY,Shop/Gacha,N,,SHOP_GACHA_PULL_X1,,""
"Assets/Prefabs/UI/Shop/GeneralShopScreen.prefab","ContentArea/GachaTabContent/BannerCard_RightPeek/PullRow/PullX10Button/Label","PULL x10",STATIC_COPY,Shop/Gacha,N,,SHOP_GACHA_PULL_X10,,""
"Assets/Prefabs/UI/Shop/GeneralShopScreen.prefab","ContentArea/GachaTabContent/BannerCard_RightPeek/RatesLabel","RULES
& RATES",STATIC_COPY,Shop/Gacha,N,,SHOP_GACHA_RULES_RATES,,""
"Assets/Prefabs/UI/Shop/GeneralShopScreen.prefab","ContentArea/GachaTabContent/BannerCard_Main/BannerTitle","STANDARD CLUB 1",STATIC_COPY,Shop/Gacha,N,,SHOP_GACHA_STANDARD_CLUB_1,,""
"Assets/Prefabs/UI/Shop/GeneralShopScreen.prefab","ContentArea/GachaTabContent/BannerCard_Main/CountdownPill/CountdownLabel","ENDS IN: 1d 5h 25m 05 s",STATIC_COPY,Shop/Gacha,N,,SHOP_GACHA_ENDS_IN_1D_5H_25M_05_S,,""
"Assets/Prefabs/UI/Shop/GeneralShopScreen.prefab","ContentArea/GachaTabContent/BannerCard_Main/PitySection/PityRow1/PityLabel","Guaranteed A-rank or higher in at most",STATIC_COPY,Shop/Gacha,N,,SHOP_GACHA_GUARANTEED_A_RANK_OR_HIGHER_IN_A,,""
"Assets/Prefabs/UI/Shop/GeneralShopScreen.prefab","ContentArea/GachaTabContent/BannerCard_Main/PitySection/PityRow1/PityPill/PityCount","99<size=15.4> pulls</size>",STATIC_COPY,Shop/Gacha,N,,SHOP_GACHA_99_SIZE_15_4_PULLS_SIZE,,""
"Assets/Prefabs/UI/Shop/GeneralShopScreen.prefab","ContentArea/GachaTabContent/BannerCard_Main/PitySection/PityRow2/PityLabel","Guaranteed S-rank signal in at most",STATIC_COPY,Shop/Gacha,N,,SHOP_GACHA_GUARANTEED_S_RANK_SIGNAL_IN_AT_M,,""
"Assets/Prefabs/UI/Shop/GeneralShopScreen.prefab","ContentArea/GachaTabContent/BannerCard_Main/PitySection/PityRow2/PityPill/PityCount","99<size=15.4> pulls</size>",STATIC_COPY,Shop/Gacha,N,,SHOP_GACHA_99_SIZE_15_4_PULLS_SIZE,,""
"Assets/Prefabs/UI/Shop/GeneralShopScreen.prefab","ContentArea/GachaTabContent/BannerCard_Main/PitySection/PrizePreviewText","Common/Uncommon characters or clubs may also be obtained.",STATIC_COPY,Shop/Gacha,N,,SHOP_GACHA_COMMON_UNCOMMON_CHARACTERS_OR_CL,,""
"Assets/Prefabs/UI/Shop/GeneralShopScreen.prefab","ContentArea/GachaTabContent/BannerCard_Main/CostArea/CostRow1/CostText","COST",STATIC_COPY,Shop/Gacha,N,,MODAL_COST,REUSE_EXISTING,""
"Assets/Prefabs/UI/Shop/GeneralShopScreen.prefab","ContentArea/GachaTabContent/BannerCard_Main/CostArea/CostRow1/CountLabel","x1",UNKNOWN,Shop/Gacha,N,,,,""
"Assets/Prefabs/UI/Shop/GeneralShopScreen.prefab","ContentArea/GachaTabContent/BannerCard_Main/CostArea/CostRow2/CostText","COST",STATIC_COPY,Shop/Gacha,N,,MODAL_COST,REUSE_EXISTING,""
"Assets/Prefabs/UI/Shop/GeneralShopScreen.prefab","ContentArea/GachaTabContent/BannerCard_Main/CostArea/CostRow2/CountLabel","x10",UNKNOWN,Shop/Gacha,N,,,,""
"Assets/Prefabs/UI/Shop/GeneralShopScreen.prefab","ContentArea/GachaTabContent/BannerCard_Main/PullRow/PullX1Button/Label","PULL x1",STATIC_COPY,Shop/Gacha,N,,SHOP_GACHA_PULL_X1,,""
"Assets/Prefabs/UI/Shop/GeneralShopScreen.prefab","ContentArea/GachaTabContent/BannerCard_Main/PullRow/PullX10Button/Label","PULL x10",STATIC_COPY,Shop/Gacha,N,,SHOP_GACHA_PULL_X10,,""
"Assets/Prefabs/UI/Shop/GeneralShopScreen.prefab","ContentArea/GachaTabContent/BannerCard_Main/RatesLabel","RULES
& RATES",STATIC_COPY,Shop/Gacha,N,,SHOP_GACHA_RULES_RATES,,""
"Assets/Prefabs/UI/Shop/GeneralShopScreen.prefab","HistoryChip/Label","HISTORY",STATIC_COPY,Shop/Gacha,N,,SHOP_GACHA_HISTORY,,""
"Assets/Prefabs/UI/Shop/StaminaMenuRow.prefab","ItemNameLabel","山崎 Whisky Flight",STATIC_COPY,Shop/Gacha,N,,SHOP_GACHA_WHISKY_FLIGHT,,""
"Assets/Prefabs/UI/Shop/StaminaMenuRow.prefab","ItemDescLabel","3-glass tasting — Yamazaki, Hibiki, Hakushu",STATIC_COPY,Shop/Gacha,N,,SHOP_GACHA_3_GLASS_TASTING_YAMAZAKI_HIBIKI,,""
"Assets/Prefabs/UI/Shop/StaminaMenuRow.prefab","StaLabel","+40 STA",STATIC_COPY,Shop/Gacha,N,,SHOP_GACHA_40_STA,,""
"Assets/Prefabs/UI/Shop/StaminaMenuRow.prefab","RpPill/RpCostLabel","500",DYNAMIC_PLACEHOLDER,Shop/Gacha,N,,,,""
"Assets/Prefabs/UI/Shop/StaminaMenuRow.prefab","BuyButton/BuyButtonLabel","BUY",STATIC_COPY,Shop/Gacha,N,,SHOP_GACHA_BUY,,""
"Assets/Prefabs/UI/Shop/StaminaMenuRow.prefab","TierBadge/TierLabel","MEDIUM BOOST",STATIC_COPY,Shop/Gacha,N,,SHOP_GACHA_MEDIUM_BOOST,,""
"Assets/Prefabs/UI/Shop/StaminaShopCancelButton.prefab","Label","CANCEL",STATIC_COPY,Shop/Gacha,N,,MODAL_CANCEL,REUSE_EXISTING,""
"Assets/Prefabs/UI/Shop/StaminaShopCard.prefab","CategoryLabel","COCKTAIL BAR  •  KAMEYAMA, MIE",STATIC_COPY,Shop/Gacha,N,,SHOP_GACHA_COCKTAIL_BAR_KAMEYAMA_MIE,,""
"Assets/Prefabs/UI/Shop/StaminaShopCard.prefab","ShopNameLabel","Bar&Lounge 影牢",STATIC_COPY,Shop/Gacha,N,,SHOP_GACHA_BAR_LOUNGE,,""
"Assets/Prefabs/UI/Shop/StaminaShopCard.prefab","TaglineLabel","Late-night cocktails and Japanese whisky",STATIC_COPY,Shop/Gacha,N,,SHOP_GACHA_LATE_NIGHT_COCKTAILS_AND_JAPANES,,""
"Assets/Prefabs/UI/Shop/StaminaShopCard.prefab","HoursLabel","18:00 – 02:00",UNKNOWN,Shop/Gacha,N,,,,""
"Assets/Prefabs/UI/Shop/StaminaShopCard.prefab","Dash","—",DYNAMIC_PLACEHOLDER,Shop/Gacha,N,,,,""
"Assets/Prefabs/UI/Shop/StaminaShopCard.prefab","MapsLink","View on Maps",STATIC_COPY,Shop/Gacha,N,,SHOP_GACHA_VIEW_ON_MAPS,,""
"Assets/Prefabs/UI/Shop/StaminaShopCard.prefab","DailyBonusChip/Label","Daily Bonus  +15% Recovery",STATIC_COPY,Shop/Gacha,N,,SHOP_GACHA_DAILY_BONUS_15_RECOVERY,,""
"Assets/Prefabs/UI/Shop/StaminaShopCard.prefab","StaRangeLabel","+20 / +60 STA",STATIC_COPY,Shop/Gacha,N,,SHOP_GACHA_20_60_STA,,""
"Assets/Prefabs/UI/Shop/StaminaShopCard.prefab","RpPill/RpRangeLabel","200~800",UNKNOWN,Shop/Gacha,N,,,,""
"Assets/Prefabs/UI/Shop/StaminaShopCard.prefab","Chevron","›",DYNAMIC_PLACEHOLDER,Shop/Gacha,N,,,,""
"Assets/Prefabs/UI/Shop/StaminaShopCard.prefab","FeaturedBadge/Label","FEATURED",STATIC_COPY,Shop/Gacha,N,,SHOP_GACHA_FEATURED,,""
"Assets/Prefabs/UI/Shop/StaminaShopDetailScreen.prefab","StaminaShopHeroCard/OpenNowBadge/Label","OPEN NOW",STATIC_COPY,Shop/Gacha,N,,SHOP_GACHA_OPEN_NOW,,""
"Assets/Prefabs/UI/Shop/StaminaShopDetailScreen.prefab","StaminaShopHeroCard/FeaturedBadge/Label","FEATURED",STATIC_COPY,Shop/Gacha,N,,SHOP_GACHA_FEATURED,,""
"Assets/Prefabs/UI/Shop/StaminaShopDetailScreen.prefab","StaminaShopHeroCard/CategoryLabel","COCKTAILS  •  JAPANESE WHISKY  •  LATE NIGHT",STATIC_COPY,Shop/Gacha,N,,SHOP_GACHA_COCKTAILS_JAPANESE_WHISKY_LATE_N,,""
"Assets/Prefabs/UI/Shop/StaminaShopDetailScreen.prefab","StaminaShopHeroCard/ShopNameLabel","Bar&Lounge 影牢",STATIC_COPY,Shop/Gacha,N,,SHOP_GACHA_BAR_LOUNGE,,""
"Assets/Prefabs/UI/Shop/StaminaShopDetailScreen.prefab","StaminaShopHeroCard/AddressLabel","5-1 Higashimaru-chō, Kameyama, Mie 519-0167",STATIC_COPY,Shop/Gacha,N,,SHOP_GACHA_5_1_HIGASHIMARU_CH_KAMEYAMA_MIE,,""
"Assets/Prefabs/UI/Shop/StaminaShopDetailScreen.prefab","StaminaShopInfoCard/LocHeader","LOCATION",STATIC_COPY,Shop/Gacha,N,,SHOP_GACHA_LOCATION,,""
"Assets/Prefabs/UI/Shop/StaminaShopDetailScreen.prefab","StaminaShopInfoCard/LocValue","Kameyama",STATIC_COPY,Shop/Gacha,N,,SHOP_GACHA_KAMEYAMA,,""
"Assets/Prefabs/UI/Shop/StaminaShopDetailScreen.prefab","StaminaShopInfoCard/LocNote","12 min walk",STATIC_COPY,Shop/Gacha,N,,SHOP_GACHA_12_MIN_WALK,,""
"Assets/Prefabs/UI/Shop/StaminaShopDetailScreen.prefab","StaminaShopInfoCard/HrsHeader","HOURS",STATIC_COPY,Shop/Gacha,N,,SHOP_GACHA_HOURS,,""
"Assets/Prefabs/UI/Shop/StaminaShopDetailScreen.prefab","StaminaShopInfoCard/HrsValue","18:00 – 02:00",UNKNOWN,Shop/Gacha,N,,,,""
"Assets/Prefabs/UI/Shop/StaminaShopDetailScreen.prefab","StaminaShopInfoCard/HrsNote","Open daily",STATIC_COPY,Shop/Gacha,N,,SHOP_GACHA_OPEN_DAILY,,""
"Assets/Prefabs/UI/Shop/StaminaShopDetailScreen.prefab","StaminaShopInfoCard/SigHeader","SIGNATURE",STATIC_COPY,Shop/Gacha,N,,SHOP_GACHA_SIGNATURE,,""
"Assets/Prefabs/UI/Shop/StaminaShopDetailScreen.prefab","StaminaShopInfoCard/SigValue","影牢 Cocktail",STATIC_COPY,Shop/Gacha,N,,SHOP_GACHA_COCKTAIL,,""
"Assets/Prefabs/UI/Shop/StaminaShopDetailScreen.prefab","StaminaShopInfoCard/SigNote","House special",STATIC_COPY,Shop/Gacha,N,,SHOP_GACHA_HOUSE_SPECIAL,,""
"Assets/Prefabs/UI/Shop/StaminaShopDetailScreen.prefab","StaminaShopMenuPanel/MenuHeaderLabel","MENU",STATIC_COPY,Shop/Gacha,N,,SHOP_GACHA_MENU,,""
"Assets/Prefabs/UI/Shop/StaminaShopDetailScreen.prefab","StaminaShopMenuPanel/DailyBonusChip/Label","DAILY BONUS  +15% RECOVERY",STATIC_COPY,Shop/Gacha,N,,SHOP_GACHA_DAILY_BONUS_15_RECOVERY,,""
"Assets/Prefabs/UI/Shop/StaminaShopDetailScreen.prefab","StaminaShopMenuPanel/StaminaShopCancelButton/Label","CANCEL",STATIC_COPY,Shop/Gacha,N,,MODAL_CANCEL,REUSE_EXISTING,""
"Assets/Prefabs/UI/Shop/StaminaShopHeroCard.prefab","OpenNowBadge/Label","OPEN NOW",STATIC_COPY,Shop/Gacha,N,,SHOP_GACHA_OPEN_NOW,,""
"Assets/Prefabs/UI/Shop/StaminaShopHeroCard.prefab","FeaturedBadge/Label","FEATURED",STATIC_COPY,Shop/Gacha,N,,SHOP_GACHA_FEATURED,,""
"Assets/Prefabs/UI/Shop/StaminaShopHeroCard.prefab","CategoryLabel","COCKTAILS  •  JAPANESE WHISKY  •  LATE NIGHT",STATIC_COPY,Shop/Gacha,N,,SHOP_GACHA_COCKTAILS_JAPANESE_WHISKY_LATE_N,,""
"Assets/Prefabs/UI/Shop/StaminaShopHeroCard.prefab","ShopNameLabel","Bar&Lounge 影牢",STATIC_COPY,Shop/Gacha,N,,SHOP_GACHA_BAR_LOUNGE,,""
"Assets/Prefabs/UI/Shop/StaminaShopHeroCard.prefab","AddressLabel","5-1 Higashimaru-chō, Kameyama, Mie 519-0167",STATIC_COPY,Shop/Gacha,N,,SHOP_GACHA_5_1_HIGASHIMARU_CH_KAMEYAMA_MIE,,""
"Assets/Prefabs/UI/Shop/StaminaShopInfoCard.prefab","LocHeader","LOCATION",STATIC_COPY,Shop/Gacha,N,,SHOP_GACHA_LOCATION,,""
"Assets/Prefabs/UI/Shop/StaminaShopInfoCard.prefab","LocValue","Kameyama",STATIC_COPY,Shop/Gacha,N,,SHOP_GACHA_KAMEYAMA,,""
"Assets/Prefabs/UI/Shop/StaminaShopInfoCard.prefab","LocNote","12 min walk",STATIC_COPY,Shop/Gacha,N,,SHOP_GACHA_12_MIN_WALK,,""
"Assets/Prefabs/UI/Shop/StaminaShopInfoCard.prefab","HrsHeader","HOURS",STATIC_COPY,Shop/Gacha,N,,SHOP_GACHA_HOURS,,""
"Assets/Prefabs/UI/Shop/StaminaShopInfoCard.prefab","HrsValue","18:00 – 02:00",UNKNOWN,Shop/Gacha,N,,,,""
"Assets/Prefabs/UI/Shop/StaminaShopInfoCard.prefab","HrsNote","Open daily",STATIC_COPY,Shop/Gacha,N,,SHOP_GACHA_OPEN_DAILY,,""
"Assets/Prefabs/UI/Shop/StaminaShopInfoCard.prefab","SigHeader","SIGNATURE",STATIC_COPY,Shop/Gacha,N,,SHOP_GACHA_SIGNATURE,,""
"Assets/Prefabs/UI/Shop/StaminaShopInfoCard.prefab","SigValue","影牢 Cocktail",STATIC_COPY,Shop/Gacha,N,,SHOP_GACHA_COCKTAIL,,""
"Assets/Prefabs/UI/Shop/StaminaShopInfoCard.prefab","SigNote","House special",STATIC_COPY,Shop/Gacha,N,,SHOP_GACHA_HOUSE_SPECIAL,,""
"Assets/Prefabs/UI/Shop/StaminaShopMenuPanel.prefab","MenuHeaderLabel","MENU",STATIC_COPY,Shop/Gacha,N,,SHOP_GACHA_MENU,,""
"Assets/Prefabs/UI/Shop/StaminaShopMenuPanel.prefab","DailyBonusChip/Label","DAILY BONUS  +15% RECOVERY",STATIC_COPY,Shop/Gacha,N,,SHOP_GACHA_DAILY_BONUS_15_RECOVERY,,""
"Assets/Prefabs/UI/Shop/StaminaShopMenuPanel.prefab","StaminaShopCancelButton/Label","CANCEL",STATIC_COPY,Shop/Gacha,N,,MODAL_CANCEL,REUSE_EXISTING,""
"Assets/Prefabs/UI/Shop/StaminaShopPrefecturePill.prefab","Seg_ALL","ALL",STATIC_COPY,Shop/Gacha,N,,SHOP_GACHA_ALL,,""
"Assets/Prefabs/UI/Shop/StaminaShopPrefecturePill.prefab","Seg_MIE","MIE",STATIC_COPY,Shop/Gacha,N,,SHOP_GACHA_MIE,,""
"Assets/Prefabs/UI/Shop/StaminaShopPrefecturePill.prefab","Seg_SHIGA","SHIGA",STATIC_COPY,Shop/Gacha,N,,SHOP_GACHA_SHIGA,,""
"Assets/Prefabs/UI/Shop/StaminaShopPrefecturePill.prefab","Seg_KYOTO","KYOTO",STATIC_COPY,Shop/Gacha,N,,SHOP_GACHA_KYOTO,,""
"Assets/Prefabs/UI/Shop/StaminaShopPrefecturePill.prefab","Seg_OSAKA","OSAKA",STATIC_COPY,Shop/Gacha,N,,SHOP_GACHA_OSAKA,,""
"Assets/Prefabs/UI/Shop/StaminaShopPrefecturePill.prefab","Seg_HYOGO","HYOGO",STATIC_COPY,Shop/Gacha,N,,SHOP_GACHA_HYOGO,,""
"Assets/Prefabs/UI/Shop/StaminaShopPrefecturePill.prefab","Seg_NARA","NARA",STATIC_COPY,Shop/Gacha,N,,SHOP_GACHA_NARA,,""
"Assets/Prefabs/UI/Shop/StaminaShopPrefecturePill.prefab","Seg_WAKAYAMA","WAKAYAMA",STATIC_COPY,Shop/Gacha,N,,SHOP_GACHA_WAKAYAMA,,""
"Assets/Prefabs/UI/Shop/StaminaShopRegionPill.prefab","Seg_HOKKAIDO","HOKKAIDO",STATIC_COPY,Shop/Gacha,N,,SHOP_GACHA_HOKKAIDO,,""
"Assets/Prefabs/UI/Shop/StaminaShopRegionPill.prefab","Seg_TOHOKU","TOHOKU",STATIC_COPY,Shop/Gacha,N,,SHOP_GACHA_TOHOKU,,""
"Assets/Prefabs/UI/Shop/StaminaShopRegionPill.prefab","Seg_KANTO","KANTO",STATIC_COPY,Shop/Gacha,N,,SHOP_GACHA_KANTO,,""
"Assets/Prefabs/UI/Shop/StaminaShopRegionPill.prefab","Seg_CHUBU","CHUBU",STATIC_COPY,Shop/Gacha,N,,SHOP_GACHA_CHUBU,,""
"Assets/Prefabs/UI/Shop/StaminaShopRegionPill.prefab","Seg_KANSAI","KANSAI",STATIC_COPY,Shop/Gacha,N,,SHOP_GACHA_KANSAI,,""
"Assets/Prefabs/UI/Shop/StaminaShopRegionPill.prefab","Seg_CHUGOKU","CHUGOKU",STATIC_COPY,Shop/Gacha,N,,SHOP_GACHA_CHUGOKU,,""
"Assets/Prefabs/UI/Shop/StaminaShopRegionPill.prefab","Seg_SHIKOKU","SHIKOKU",STATIC_COPY,Shop/Gacha,N,,SHOP_GACHA_SHIKOKU,,""
"Assets/Prefabs/UI/Shop/StaminaShopRegionPill.prefab","Seg_KYUSHU","KYUSHU",STATIC_COPY,Shop/Gacha,N,,SHOP_GACHA_KYUSHU,,""
"Assets/Prefabs/UI/Shop/StaminaShopSelectionScreen.prefab","TitleLabel","BOOST STAMINA",STATIC_COPY,Shop/Gacha,N,,SHOP_GACHA_BOOST_STAMINA,,""
"Assets/Prefabs/UI/Shop/StaminaShopSelectionScreen.prefab","StaminaShopRegionPill/Seg_HOKKAIDO","HOKKAIDO",STATIC_COPY,Shop/Gacha,N,,SHOP_GACHA_HOKKAIDO,,""
"Assets/Prefabs/UI/Shop/StaminaShopSelectionScreen.prefab","StaminaShopRegionPill/Seg_TOHOKU","TOHOKU",STATIC_COPY,Shop/Gacha,N,,SHOP_GACHA_TOHOKU,,""
"Assets/Prefabs/UI/Shop/StaminaShopSelectionScreen.prefab","StaminaShopRegionPill/Seg_KANTO","KANTO",STATIC_COPY,Shop/Gacha,N,,SHOP_GACHA_KANTO,,""
"Assets/Prefabs/UI/Shop/StaminaShopSelectionScreen.prefab","StaminaShopRegionPill/Seg_CHUBU","CHUBU",STATIC_COPY,Shop/Gacha,N,,SHOP_GACHA_CHUBU,,""
"Assets/Prefabs/UI/Shop/StaminaShopSelectionScreen.prefab","StaminaShopRegionPill/Seg_KANSAI","KANSAI",STATIC_COPY,Shop/Gacha,N,,SHOP_GACHA_KANSAI,,""
"Assets/Prefabs/UI/Shop/StaminaShopSelectionScreen.prefab","StaminaShopRegionPill/Seg_CHUGOKU","CHUGOKU",STATIC_COPY,Shop/Gacha,N,,SHOP_GACHA_CHUGOKU,,""
"Assets/Prefabs/UI/Shop/StaminaShopSelectionScreen.prefab","StaminaShopRegionPill/Seg_SHIKOKU","SHIKOKU",STATIC_COPY,Shop/Gacha,N,,SHOP_GACHA_SHIKOKU,,""
"Assets/Prefabs/UI/Shop/StaminaShopSelectionScreen.prefab","StaminaShopRegionPill/Seg_KYUSHU","KYUSHU",STATIC_COPY,Shop/Gacha,N,,SHOP_GACHA_KYUSHU,,""
"Assets/Prefabs/UI/Shop/StaminaShopSelectionScreen.prefab","StaminaShopPrefecturePill/Seg_ALL","ALL",STATIC_COPY,Shop/Gacha,N,,SHOP_GACHA_ALL,,""
"Assets/Prefabs/UI/Shop/StaminaShopSelectionScreen.prefab","StaminaShopPrefecturePill/Seg_MIE","MIE",STATIC_COPY,Shop/Gacha,N,,SHOP_GACHA_MIE,,""
"Assets/Prefabs/UI/Shop/StaminaShopSelectionScreen.prefab","StaminaShopPrefecturePill/Seg_SHIGA","SHIGA",STATIC_COPY,Shop/Gacha,N,,SHOP_GACHA_SHIGA,,""
"Assets/Prefabs/UI/Shop/StaminaShopSelectionScreen.prefab","StaminaShopPrefecturePill/Seg_KYOTO","KYOTO",STATIC_COPY,Shop/Gacha,N,,SHOP_GACHA_KYOTO,,""
"Assets/Prefabs/UI/Shop/StaminaShopSelectionScreen.prefab","StaminaShopPrefecturePill/Seg_OSAKA","OSAKA",STATIC_COPY,Shop/Gacha,N,,SHOP_GACHA_OSAKA,,""
"Assets/Prefabs/UI/Shop/StaminaShopSelectionScreen.prefab","StaminaShopPrefecturePill/Seg_HYOGO","HYOGO",STATIC_COPY,Shop/Gacha,N,,SHOP_GACHA_HYOGO,,""
"Assets/Prefabs/UI/Shop/StaminaShopSelectionScreen.prefab","StaminaShopPrefecturePill/Seg_NARA","NARA",STATIC_COPY,Shop/Gacha,N,,SHOP_GACHA_NARA,,""
"Assets/Prefabs/UI/Shop/StaminaShopSelectionScreen.prefab","StaminaShopPrefecturePill/Seg_WAKAYAMA","WAKAYAMA",STATIC_COPY,Shop/Gacha,N,,SHOP_GACHA_WAKAYAMA,,""
"Assets/Prefabs/UI/Tournaments/TournamentCloseButton.prefab","Text","CLOSE",STATIC_COPY,Rankings/Tournaments,N,,SETTINGS_CLOSE,REUSE_EXISTING,""
"Assets/Prefabs/UI/Tournaments/TournamentHoleCard_Finished.prefab","CollapsedContainer/TitleArea/TitleHRow/Title","Next",STATIC_COPY,Rankings/Tournaments,N,,RANKINGS_TOURNAMENTS_NEXT,,""
"Assets/Prefabs/UI/Tournaments/TournamentHoleCard_Finished.prefab","CollapsedContainer/TitleArea/SubtitleRow/Subtitle","Lomond Country Club  - Hole 1 - Par 5",STATIC_COPY,Rankings/Tournaments,N,,RANKINGS_TOURNAMENTS_LOMOND_COUNTRY_CLUB_HOLE_1_PAR_5,,""
"Assets/Prefabs/UI/Tournaments/TournamentHoleCard_Finished.prefab","CollapsedContainer/RewardsRow/RewardSlot1/Reward1Amount","x10",UNKNOWN,Rankings/Tournaments,N,,,,""
"Assets/Prefabs/UI/Tournaments/TournamentHoleCard_Finished.prefab","CollapsedContainer/RewardsRow/RewardSlot2/Reward2Amount","x10",UNKNOWN,Rankings/Tournaments,N,,,,""
"Assets/Prefabs/UI/Tournaments/TournamentHoleCard_Finished.prefab","CollapsedContainer/RewardsRow/RewardSlot3/Reward3Amount","x10",UNKNOWN,Rankings/Tournaments,N,,,,""
"Assets/Prefabs/UI/Tournaments/TournamentHoleCard_Finished.prefab","ExpandedContainer/TitleAreaExp/TitleExp","FINISHED",STATIC_COPY,Rankings/Tournaments,N,,RANKINGS_TOURNAMENTS_FINISHED,,""
"Assets/Prefabs/UI/Tournaments/TournamentHoleCard_Finished.prefab","ExpandedContainer/TitleAreaExp/SubtitleRowExp/SubtitleExp","Lomond Country Club - Hole 1 - Par 5",STATIC_COPY,Rankings/Tournaments,N,,RANKINGS_TOURNAMENTS_LOMOND_COUNTRY_CLUB_HOLE_1_PAR_5,,""
"Assets/Prefabs/UI/Tournaments/TournamentHoleCard_Finished.prefab","ExpandedContainer/Tutorial/StatsBlockText","TEE OFF: REGULAR
STROKES: <color=#50C878>4 (PAR)</color>
TIME: 00:02:34
RANK: #7",STATIC_COPY,Rankings/Tournaments,N,,RANKINGS_TOURNAMENTS_TEE_OFF_REGULAR_STROKES_COLOR_50,,""
"Assets/Prefabs/UI/Tournaments/TournamentHoleCard_Finished.prefab","ExpandedContainer/RewardsRowExp/RewardSlot1Exp/Reward1AmountExp","x10",UNKNOWN,Rankings/Tournaments,N,,,,""
"Assets/Prefabs/UI/Tournaments/TournamentHoleCard_Finished.prefab","ExpandedContainer/RewardsRowExp/RewardSlot2Exp/Reward2AmountExp","x10",UNKNOWN,Rankings/Tournaments,N,,,,""
"Assets/Prefabs/UI/Tournaments/TournamentHoleCard_Finished.prefab","ExpandedContainer/RewardsRowExp/RewardSlot3Exp/Reward3AmountExp","x10",UNKNOWN,Rankings/Tournaments,N,,,,""
"Assets/Prefabs/UI/Tournaments/TournamentHoleCard_Finished.prefab","ExpandedContainer/ActionButton/Label","PLAY",STATIC_COPY,Rankings/Tournaments,N,,BTN_START,REUSE_EXISTING,""
"Assets/Prefabs/UI/Tournaments/TournamentHoleCard_Locked.prefab","CollapsedContainer/TitleArea/TitleHRow/Title","LOCKED",STATIC_COPY,Rankings/Tournaments,N,,BAG_LOCKED,REUSE_EXISTING,""
"Assets/Prefabs/UI/Tournaments/TournamentHoleCard_Locked.prefab","CollapsedContainer/TitleArea/SubtitleRow/Subtitle","Lomond Country Club - Hole 3 - Par 4",STATIC_COPY,Rankings/Tournaments,N,,RANKINGS_TOURNAMENTS_LOMOND_COUNTRY_CLUB_HOLE_3_PAR_4,,""
"Assets/Prefabs/UI/Tournaments/TournamentHoleCard_Locked.prefab","CollapsedContainer/RewardsRow/RewardSlot1/Reward1Amount","x10",UNKNOWN,Rankings/Tournaments,N,,,,""
"Assets/Prefabs/UI/Tournaments/TournamentHoleCard_Locked.prefab","CollapsedContainer/RewardsRow/RewardSlot2/Reward2Amount","x10",UNKNOWN,Rankings/Tournaments,N,,,,""
"Assets/Prefabs/UI/Tournaments/TournamentHoleCard_Locked.prefab","CollapsedContainer/RewardsRow/RewardSlot3/Reward3Amount","x10",UNKNOWN,Rankings/Tournaments,N,,,,""
"Assets/Prefabs/UI/Tournaments/TournamentHoleCard_Locked.prefab","ExpandedContainer/TitleAreaExp/TitleExp","NEXT",STATIC_COPY,Rankings/Tournaments,N,,RANKINGS_TOURNAMENTS_NEXT,,""
"Assets/Prefabs/UI/Tournaments/TournamentHoleCard_Locked.prefab","ExpandedContainer/TitleAreaExp/SubtitleRowExp/SubtitleExp","Lomond Country Club  - Hole 1 - Par 5",STATIC_COPY,Rankings/Tournaments,N,,RANKINGS_TOURNAMENTS_LOMOND_COUNTRY_CLUB_HOLE_1_PAR_5,,""
"Assets/Prefabs/UI/Tournaments/TournamentHoleCard_Locked.prefab","ExpandedContainer/Tutorial/DescriptionText","Description placeholder",STATIC_COPY,Rankings/Tournaments,N,,RANKINGS_TOURNAMENTS_DESCRIPTION_PLACEHOLDER,,""
"Assets/Prefabs/UI/Tournaments/TournamentHoleCard_Locked.prefab","ExpandedContainer/RewardsRowExp/RewardSlot1Exp/Reward1AmountExp","x10",UNKNOWN,Rankings/Tournaments,N,,,,""
"Assets/Prefabs/UI/Tournaments/TournamentHoleCard_Locked.prefab","ExpandedContainer/RewardsRowExp/RewardSlot2Exp/Reward2AmountExp","x10",UNKNOWN,Rankings/Tournaments,N,,,,""
"Assets/Prefabs/UI/Tournaments/TournamentHoleCard_Locked.prefab","ExpandedContainer/RewardsRowExp/RewardSlot3Exp/Reward3AmountExp","x10",UNKNOWN,Rankings/Tournaments,N,,,,""
"Assets/Prefabs/UI/Tournaments/TournamentHoleCard_Locked.prefab","ExpandedContainer/ActionButton/Label","PLAY",STATIC_COPY,Rankings/Tournaments,N,,BTN_START,REUSE_EXISTING,""
"Assets/Prefabs/UI/Tournaments/TournamentHoleCard_Next.prefab","CollapsedContainer/TitleArea/TitleHRow/Title","Next",STATIC_COPY,Rankings/Tournaments,N,,RANKINGS_TOURNAMENTS_NEXT,,""
"Assets/Prefabs/UI/Tournaments/TournamentHoleCard_Next.prefab","CollapsedContainer/TitleArea/SubtitleRow/Subtitle","Lomond Country Club  - Hole 1 - Par 5",STATIC_COPY,Rankings/Tournaments,N,,RANKINGS_TOURNAMENTS_LOMOND_COUNTRY_CLUB_HOLE_1_PAR_5,,""
"Assets/Prefabs/UI/Tournaments/TournamentHoleCard_Next.prefab","CollapsedContainer/RewardsRow/RewardSlot1/Reward1Amount","x10",UNKNOWN,Rankings/Tournaments,N,,,,""
"Assets/Prefabs/UI/Tournaments/TournamentHoleCard_Next.prefab","CollapsedContainer/RewardsRow/RewardSlot2/Reward2Amount","x10",UNKNOWN,Rankings/Tournaments,N,,,,""
"Assets/Prefabs/UI/Tournaments/TournamentHoleCard_Next.prefab","CollapsedContainer/RewardsRow/RewardSlot3/Reward3Amount","x10",UNKNOWN,Rankings/Tournaments,N,,,,""
"Assets/Prefabs/UI/Tournaments/TournamentHoleCard_Next.prefab","ExpandedContainer/TitleAreaExp/TitleExp","NEXT",STATIC_COPY,Rankings/Tournaments,N,,RANKINGS_TOURNAMENTS_NEXT,,""
"Assets/Prefabs/UI/Tournaments/TournamentHoleCard_Next.prefab","ExpandedContainer/TitleAreaExp/SubtitleRowExp/SubtitleExp","Lomond Country Club - Hole 1 - Par 5",STATIC_COPY,Rankings/Tournaments,N,,RANKINGS_TOURNAMENTS_LOMOND_COUNTRY_CLUB_HOLE_1_PAR_5,,""
"Assets/Prefabs/UI/Tournaments/TournamentHoleCard_Next.prefab","ExpandedContainer/Tutorial/DescriptionText","The tee shot is best aimed at the sloping fairway; favor the left side to open the green.",STATIC_COPY,Rankings/Tournaments,N,,RANKINGS_TOURNAMENTS_THE_TEE_SHOT_IS_BEST_AIMED_AT_TH,,""
"Assets/Prefabs/UI/Tournaments/TournamentHoleCard_Next.prefab","ExpandedContainer/RewardsRowExp/RewardSlot1Exp/Reward1AmountExp","x10",UNKNOWN,Rankings/Tournaments,N,,,,""
"Assets/Prefabs/UI/Tournaments/TournamentHoleCard_Next.prefab","ExpandedContainer/RewardsRowExp/RewardSlot2Exp/Reward2AmountExp","x10",UNKNOWN,Rankings/Tournaments,N,,,,""
"Assets/Prefabs/UI/Tournaments/TournamentHoleCard_Next.prefab","ExpandedContainer/RewardsRowExp/RewardSlot3Exp/Reward3AmountExp","x10",UNKNOWN,Rankings/Tournaments,N,,,,""
"Assets/Prefabs/UI/Tournaments/TournamentHoleCard_Next.prefab","ExpandedContainer/ActionButton/Label","PLAY",STATIC_COPY,Rankings/Tournaments,N,,BTN_START,REUSE_EXISTING,""
"Assets/Prefabs/UI/Tournaments/TournamentLeaderboardEmptyState.prefab","Title","No finishers yet",STATIC_COPY,Rankings/Tournaments,N,,RANKINGS_TOURNAMENTS_NO_FINISHERS_YET,,""
"Assets/Prefabs/UI/Tournaments/TournamentLeaderboardEmptyState.prefab","Body","Be the first to complete every hole and top the board.",STATIC_COPY,Rankings/Tournaments,N,,RANKINGS_TOURNAMENTS_BE_THE_FIRST_TO_COMPLETE_EVERY_H,,""
"Assets/Prefabs/UI/Tournaments/TournamentPlayerStickyRow.prefab","RankingsCard/Rank","--",DYNAMIC_PLACEHOLDER,Rankings/Tournaments,N,,,,""
"Assets/Prefabs/UI/Tournaments/TournamentPlayerStickyRow.prefab","RankingsCard/Name+Level/NameLabel","GALADRIEL",STATIC_COPY,Rankings/Tournaments,N,,RANKINGS_TOURNAMENTS_GALADRIEL,,""
"Assets/Prefabs/UI/Tournaments/TournamentPlayerStickyRow.prefab","RankingsCard/Name+Level/Rarity+Level/RartityLabel ","RARE",STATIC_COPY,Rankings/Tournaments,N,,RARITY_RARE,REUSE_EXISTING,""
"Assets/Prefabs/UI/Tournaments/TournamentPlayerStickyRow.prefab","RankingsCard/Name+Level/Rarity+Level/LevelLabel "," - LV 80",STATIC_COPY,Rankings/Tournaments,N,,RANKINGS_TOURNAMENTS_LV_80,,""
"Assets/Prefabs/UI/Tournaments/TournamentPlayerStickyRow.prefab","RankingsCard/RewardPoints/Background/NameLabel","80 STROKES",STATIC_COPY,Rankings/Tournaments,N,,RANKINGS_TOURNAMENTS_80_STROKES,,""
"Assets/Prefabs/UI/Tournaments/TournamentPlayerStickyRow.prefab","LiveBadge/LiveText","LIVE",STATIC_COPY,Rankings/Tournaments,N,,RANKINGS_TOURNAMENTS_LIVE,,""
"Assets/Prefabs/UI/Tournaments/TournamentRankingRow.prefab","RankingsCard/Rank","4",DYNAMIC_PLACEHOLDER,Rankings/Tournaments,N,,,,""
"Assets/Prefabs/UI/Tournaments/TournamentRankingRow.prefab","RankingsCard/Name+Level/NameLabel","GALADRIEL",STATIC_COPY,Rankings/Tournaments,N,,RANKINGS_TOURNAMENTS_GALADRIEL,,""
"Assets/Prefabs/UI/Tournaments/TournamentRankingRow.prefab","RankingsCard/Name+Level/Rarity+Level/RartityLabel ","RARE",STATIC_COPY,Rankings/Tournaments,N,,RARITY_RARE,REUSE_EXISTING,""
"Assets/Prefabs/UI/Tournaments/TournamentRankingRow.prefab","RankingsCard/Name+Level/Rarity+Level/LevelLabel "," - Lv 80",STATIC_COPY,Rankings/Tournaments,N,,RANKINGS_TOURNAMENTS_LV_80,,""
"Assets/Prefabs/UI/Tournaments/TournamentRankingRow.prefab","RankingsCard/RewardPoints/Background/NameLabel","72 STROKES",STATIC_COPY,Rankings/Tournaments,N,,RANKINGS_TOURNAMENTS_72_STROKES,,""
"Assets/Prefabs/UI/Tournaments/TournamentSelectionCard.prefab","Chevron","›",DYNAMIC_PLACEHOLDER,Rankings/Tournaments,N,,,,""
"Assets/Prefabs/UI/Tournaments/TournamentSelectionCard.prefab","BadgePill/BadgeLabel","OPEN",STATIC_COPY,Rankings/Tournaments,N,,RANKINGS_TOURNAMENTS_OPEN,,""
"Assets/Prefabs/UI/Tournaments/TournamentSelectionCard.prefab","EyebrowLabel","GOLFIN PRESENTS",STATIC_COPY,Rankings/Tournaments,N,,RANKINGS_TOURNAMENTS_GOLFIN_PRESENTS,,""
"Assets/Prefabs/UI/Tournaments/TournamentSelectionCard.prefab","NameLabel","Lomond Open",STATIC_COPY,Rankings/Tournaments,N,,RANKINGS_TOURNAMENTS_LOMOND_OPEN,,""
"Assets/Prefabs/UI/Tournaments/TournamentSelectionCard.prefab","ClubLabel","Lomond Golf Club · 18 Holes",STATIC_COPY,Rankings/Tournaments,N,,RANKINGS_TOURNAMENTS_LOMOND_GOLF_CLUB_18_HOLES,,""
"Assets/Prefabs/UI/Tournaments/TournamentSelectionCard.prefab","DateLabel","Jun 20 — Jun 27",STATIC_COPY,Rankings/Tournaments,N,,RANKINGS_TOURNAMENTS_JUN_20_JUN_27,,""
"Assets/Prefabs/UI/Tournaments/TournamentSelectionCard.prefab","FreeEntryBadge/FreeEntryLabel","FREE ENTRY",STATIC_COPY,Rankings/Tournaments,N,,RANKINGS_TOURNAMENTS_FREE_ENTRY,,""
"Assets/Prefabs/UI/Tournaments/TournamentSelectionCard.prefab","PaidEntryBadge/EntryText","ENTRY",STATIC_COPY,Rankings/Tournaments,N,,RANKINGS_TOURNAMENTS_ENTRY,,""
"Assets/Prefabs/UI/Tournaments/TournamentSelectionCard.prefab","PaidEntryBadge/PaidEntryAmount","500",DYNAMIC_PLACEHOLDER,Rankings/Tournaments,N,,,,""
"Assets/Prefabs/UI/Tournaments/TournamentSelectionCard.prefab","RewardAmountLabel","5,000",DYNAMIC_PLACEHOLDER,Rankings/Tournaments,N,,,,""
"Assets/Prefabs/UI/Tournaments/TournamentSelectionCard.prefab","CtaGoldButton/PlayLable","SIGN UP",BOUND,Rankings/Tournaments,Y,BTN_START,,,""
"Assets/Prefabs/UI/Tournaments/TournamentSelectionCard.prefab","CtaSilverButton/Text","CLOSE",STATIC_COPY,Rankings/Tournaments,N,,SETTINGS_CLOSE,REUSE_EXISTING,""
"Assets/Prefabs/UI/Tournaments/TournamentSelectionScreen.prefab","ContentArea/BarsArea/TabBar/DailyTab/Label","ALL",STATIC_COPY,Rankings/Tournaments,N,,RANKINGS_TOURNAMENTS_ALL,,""
"Assets/Prefabs/UI/Tournaments/TournamentSelectionScreen.prefab","ContentArea/BarsArea/TabBar/WeeklyTab/Label","OPEN",STATIC_COPY,Rankings/Tournaments,N,,RANKINGS_TOURNAMENTS_OPEN,,""
"Assets/Prefabs/UI/Tournaments/TournamentSelectionScreen.prefab","ContentArea/BarsArea/TabBar/MonthlyTab/Label","PLAYING",STATIC_COPY,Rankings/Tournaments,N,,RANKINGS_TOURNAMENTS_PLAYING,,""
"Assets/Prefabs/UI/Tournaments/TournamentSelectionScreen.prefab","ContentArea/BarsArea/TabBar/HistoryTab/Label","CLOSED",STATIC_COPY,Rankings/Tournaments,N,,RANKINGS_TOURNAMENTS_CLOSED,,""
"Assets/Resources/Prefabs/Gacha/GachaBannerCard.prefab","BannerTitle","STANDARD CLUB 1",STATIC_COPY,Shop/Gacha,N,,SHOP_GACHA_STANDARD_CLUB_1,,""
"Assets/Resources/Prefabs/Gacha/GachaBannerCard.prefab","CountdownPill/CountdownLabel","ENDS IN: 1d 5h 25m 05 s",STATIC_COPY,Shop/Gacha,N,,SHOP_GACHA_ENDS_IN_1D_5H_25M_05_S,,""
"Assets/Resources/Prefabs/Gacha/GachaBannerCard.prefab","PitySection/PityRow1/PityLabel","Guaranteed A-rank or higher in at most",STATIC_COPY,Shop/Gacha,N,,SHOP_GACHA_GUARANTEED_A_RANK_OR_HIGHER_IN_A,,""
"Assets/Resources/Prefabs/Gacha/GachaBannerCard.prefab","PitySection/PityRow1/PityPill/PityCount","99<size=15.4> pulls</size>",STATIC_COPY,Shop/Gacha,N,,SHOP_GACHA_99_SIZE_15_4_PULLS_SIZE,,""
"Assets/Resources/Prefabs/Gacha/GachaBannerCard.prefab","PitySection/PityRow2/PityLabel","Guaranteed S-rank signal in at most",STATIC_COPY,Shop/Gacha,N,,SHOP_GACHA_GUARANTEED_S_RANK_SIGNAL_IN_AT_M,,""
"Assets/Resources/Prefabs/Gacha/GachaBannerCard.prefab","PitySection/PityRow2/PityPill/PityCount","99<size=15.4> pulls</size>",STATIC_COPY,Shop/Gacha,N,,SHOP_GACHA_99_SIZE_15_4_PULLS_SIZE,,""
"Assets/Resources/Prefabs/Gacha/GachaBannerCard.prefab","PitySection/PrizePreviewText","Common/Uncommon characters or clubs may also be obtained.",STATIC_COPY,Shop/Gacha,N,,SHOP_GACHA_COMMON_UNCOMMON_CHARACTERS_OR_CL,,""
"Assets/Resources/Prefabs/Gacha/GachaBannerCard.prefab","CostArea/CostRow1/CostText","COST",STATIC_COPY,Shop/Gacha,N,,MODAL_COST,REUSE_EXISTING,""
"Assets/Resources/Prefabs/Gacha/GachaBannerCard.prefab","CostArea/CostRow1/CountLabel","x1",UNKNOWN,Shop/Gacha,N,,,,""
"Assets/Resources/Prefabs/Gacha/GachaBannerCard.prefab","CostArea/CostRow2/CostText","COST",STATIC_COPY,Shop/Gacha,N,,MODAL_COST,REUSE_EXISTING,""
"Assets/Resources/Prefabs/Gacha/GachaBannerCard.prefab","CostArea/CostRow2/CountLabel","x10",UNKNOWN,Shop/Gacha,N,,,,""
"Assets/Resources/Prefabs/Gacha/GachaBannerCard.prefab","PullRow/PullX1Button/Label","PULL x1",STATIC_COPY,Shop/Gacha,N,,SHOP_GACHA_PULL_X1,,""
"Assets/Resources/Prefabs/Gacha/GachaBannerCard.prefab","PullRow/PullX10Button/Label","PULL x10",STATIC_COPY,Shop/Gacha,N,,SHOP_GACHA_PULL_X10,,""
"Assets/Resources/Prefabs/Gacha/GachaBannerCard.prefab","RatesLabel","RULES
& RATES",STATIC_COPY,Shop/Gacha,N,,SHOP_GACHA_RULES_RATES,,""
"Assets/Resources/Prefabs/Shop/GeneralShopCard_Ball.prefab","NameLabel","GOLFIN BALL",STATIC_COPY,Shop/Gacha,N,,SHOP_GACHA_GOLFIN_BALL,,""
"Assets/Resources/Prefabs/Shop/GeneralShopCard_Ball.prefab","CtaGoldButton/PlayLable","BUY",BOUND,Shop/Gacha,Y,BTN_START,,,""
"Assets/Resources/Prefabs/Shop/GeneralShopCard_Ball.prefab","StatRow_0/Val","+5",DYNAMIC_PLACEHOLDER,Shop/Gacha,N,,,,""
"Assets/Resources/Prefabs/Shop/GeneralShopCard_Ball.prefab","StatRow_1/Val","+3",DYNAMIC_PLACEHOLDER,Shop/Gacha,N,,,,""
"Assets/Resources/Prefabs/Shop/GeneralShopCard_Ball.prefab","StatRow_2/Val","+4",DYNAMIC_PLACEHOLDER,Shop/Gacha,N,,,,""
"Assets/Resources/Prefabs/Shop/GeneralShopCard_Ball.prefab","StatRow_3/Val","+2",DYNAMIC_PLACEHOLDER,Shop/Gacha,N,,,,""
"Assets/Resources/Prefabs/Shop/GeneralShopCard_Ball.prefab","StatRow_4/Val","+1",DYNAMIC_PLACEHOLDER,Shop/Gacha,N,,,,""
"Assets/Resources/Prefabs/Shop/GeneralShopCard_Ball.prefab","PriceBox/Orig","",DYNAMIC_PLACEHOLDER,Shop/Gacha,N,,,,""
"Assets/Resources/Prefabs/Shop/GeneralShopCard_Ball.prefab","PriceBox/Orig/Num","300",DYNAMIC_PLACEHOLDER,Shop/Gacha,N,,,,""
"Assets/Resources/Prefabs/Shop/GeneralShopCard_Ball.prefab","PriceBox/SaleBG/Sale","",DYNAMIC_PLACEHOLDER,Shop/Gacha,N,,,,""
"Assets/Resources/Prefabs/Shop/GeneralShopCard_Ball.prefab","PriceBox/SaleBG/Sale/Num","200",DYNAMIC_PLACEHOLDER,Shop/Gacha,N,,,,""
"Assets/Resources/Prefabs/Shop/GeneralShopCard_Ball.prefab","HMid","Common",STATIC_COPY,Shop/Gacha,N,,RARITY_COMMON,REUSE_EXISTING,""
"Assets/Resources/Prefabs/Shop/GeneralShopCard_Club.prefab","NameLabel","DRIVER G&F",STATIC_COPY,Shop/Gacha,N,,SHOP_GACHA_DRIVER_G_F,,""
"Assets/Resources/Prefabs/Shop/GeneralShopCard_Club.prefab","CtaGoldButton/PlayLable","BUY",BOUND,Shop/Gacha,Y,BTN_START,,,""
"Assets/Resources/Prefabs/Shop/GeneralShopCard_Club.prefab","DistRow/Txt","180 yd",STATIC_COPY,Shop/Gacha,N,,SHOP_GACHA_180_YD,,""
"Assets/Resources/Prefabs/Shop/GeneralShopCard_Club.prefab","StatRow_0/Val","40",DYNAMIC_PLACEHOLDER,Shop/Gacha,N,,,,""
"Assets/Resources/Prefabs/Shop/GeneralShopCard_Club.prefab","StatRow_1/Val","20",DYNAMIC_PLACEHOLDER,Shop/Gacha,N,,,,""
"Assets/Resources/Prefabs/Shop/GeneralShopCard_Club.prefab","StatRow_2/Val","55",DYNAMIC_PLACEHOLDER,Shop/Gacha,N,,,,""
"Assets/Resources/Prefabs/Shop/GeneralShopCard_Club.prefab","StatRow_3/Val","9",DYNAMIC_PLACEHOLDER,Shop/Gacha,N,,,,""
"Assets/Resources/Prefabs/Shop/GeneralShopCard_Club.prefab","StatRow_4/Val","100/100",DYNAMIC_PLACEHOLDER,Shop/Gacha,N,,,,""
"Assets/Resources/Prefabs/Shop/GeneralShopCard_Club.prefab","PriceBox/Orig","",DYNAMIC_PLACEHOLDER,Shop/Gacha,N,,,,""
"Assets/Resources/Prefabs/Shop/GeneralShopCard_Club.prefab","PriceBox/Orig/Num","2,000",DYNAMIC_PLACEHOLDER,Shop/Gacha,N,,,,""
"Assets/Resources/Prefabs/Shop/GeneralShopCard_Club.prefab","PriceBox/SaleBG/Sale","",DYNAMIC_PLACEHOLDER,Shop/Gacha,N,,,,""
"Assets/Resources/Prefabs/Shop/GeneralShopCard_Club.prefab","PriceBox/SaleBG/Sale/Num","1,500",DYNAMIC_PLACEHOLDER,Shop/Gacha,N,,,,""
"Assets/Resources/Prefabs/Shop/GeneralShopCard_Club.prefab","HMid","R",DYNAMIC_PLACEHOLDER,Shop/Gacha,N,,,,""
"Assets/Resources/Prefabs/Shop/GeneralShopCard_Club.prefab","HLevel","Lv 10/50",STATIC_COPY,Shop/Gacha,N,,SHOP_GACHA_LV_10_50,,""
"Assets/Scenes/Physics/LabScaffold.unity","Placeholder","100",DYNAMIC_PLACEHOLDER,Other,N,,,,""
"Assets/Scenes/Physics/LabScaffold.unity","SecondaryText","0 yrds",STATIC_COPY,Other,N,,OTHER_0_YRDS,,""
"Assets/Scenes/Physics/LabScaffold.unity","PrimaryText","DRIVER",STATIC_COPY,Other,N,,OTHER_DRIVER,,""
"Assets/Scenes/Physics/LabScaffold.unity","ALbl","Accuracy",STATIC_COPY,Other,N,,CLUB_ACCURACY,REUSE_EXISTING,""
"Assets/Scenes/Physics/LabScaffold.unity","YardsText","0.0 yd",STATIC_COPY,Other,N,,OTHER_0_0_YD,,""
"Assets/Scenes/Physics/LabScaffold.unity","PrimaryText","SPIN",STATIC_COPY,Other,N,,BALL_SPIN,REUSE_EXISTING,""
"Assets/Scenes/Physics/LabScaffold.unity","SecondaryText","\u221E",UNKNOWN,Other,N,,,,""
"Assets/Scenes/Physics/LabScaffold.unity","PctText","0%",DYNAMIC_PLACEHOLDER,Other,N,,,,""
"Assets/Scenes/Physics/LabScaffold.unity","Text","HOLE 1 - REGULAR",STATIC_COPY,Other,N,,OTHER_HOLE_1_REGULAR,,""
"Assets/Scenes/Physics/LabScaffold.unity","TurnLabel","YOUR TURN",STATIC_COPY,Other,N,,OTHER_YOUR_TURN,,""
"Assets/Scenes/Physics/LabScaffold.unity","Text","100\u200B",UNKNOWN,Other,N,,,,""
"Assets/Scenes/Physics/LabScaffold.unity","Title","- DEBUG SHOT -",STATIC_COPY,Other,N,,OTHER_DEBUG_SHOT,,""
"Assets/Scenes/Physics/LabScaffold.unity","Text","HOLE OUT",STATIC_COPY,Other,N,,OTHER_HOLE_OUT,,""
"Assets/Scenes/Physics/LabScaffold.unity","Lbl","Green",STATIC_COPY,Other,N,,OTHER_GREEN,,""
"Assets/Scenes/Physics/LabScaffold.unity","Lbl","Red",STATIC_COPY,Other,N,,OTHER_RED,,""
"Assets/Scenes/Physics/LabScaffold.unity","PLbl","Power (0-120)",STATIC_COPY,Other,N,,OTHER_POWER_0_120,,""
"Assets/Scenes/Physics/LabScaffold.unity","DistanceText","0 yds",STATIC_COPY,Other,N,,OTHER_0_YDS,,""
"Assets/Scenes/Physics/LabScaffold.unity","Text","TURN 1",STATIC_COPY,Other,N,,OTHER_TURN_1,,""
"Assets/Scenes/Physics/LabScaffold.unity","PrimaryText","STRAIGHT",STATIC_COPY,Other,N,,OTHER_STRAIGHT,,""
"Assets/Scenes/Physics/LabScaffold.unity","Text","USERNAME",STATIC_COPY,Other,N,,HOME_USERNAME,REUSE_EXISTING,""
"Assets/Scenes/Physics/LabScaffold.unity","Text","USERNAME",STATIC_COPY,Other,N,,HOME_USERNAME,REUSE_EXISTING,""
"Assets/Scenes/Physics/LabScaffold.unity","PrimaryText","GOLFIN",STATIC_COPY,Other,N,,OTHER_GOLFIN,,""
"Assets/Scenes/Physics/LabScaffold.unity","Text","Lv 1",DYNAMIC_PLACEHOLDER,Other,N,,,,""
"Assets/Scenes/Physics/LabScaffold.unity","Text","Lv 1",DYNAMIC_PLACEHOLDER,Other,N,,,,""
"Assets/Scenes/Physics/LabScaffold.unity","Text","LOMOND",STATIC_COPY,Other,N,,OTHER_LOMOND,,""
"Assets/Scenes/Physics/LabScaffold.unity","SpeedText","0.0 mph",STATIC_COPY,Other,N,,OTHER_0_0_MPH,,""
"Assets/Scenes/Physics/LabScaffold.unity","Lbl","SHOOT",STATIC_COPY,Other,N,,OTHER_SHOOT,,""
"Assets/Scenes/Physics/LabScaffold.unity","Lbl","Yellow",STATIC_COPY,Other,N,,OTHER_YELLOW,,""
"Assets/Scenes/Physics/LabScaffold.unity","Text","TURN 1",STATIC_COPY,Other,N,,OTHER_TURN_1,,""
"Assets/Scenes/Physics/LabScaffold.unity","Text","PAR 4",STATIC_COPY,Other,N,,OTHER_PAR_4,,""
"Assets/Scenes/Physics/PhysicsLab_Hole1.unity","PowerHUD","'0%",UNKNOWN,Other,N,,,,""
"Assets/Scenes/Physics/ShotConeTest.unity","PctText","0%",DYNAMIC_PLACEHOLDER,Other,N,,,,""
"Assets/Scenes/Physics/ShotConeTest.unity","PowerHUD","'50%",UNKNOWN,Other,N,,,,""
"Assets/Scenes/Physics/ShotConeTest.unity","YardsText","0.0 yd",STATIC_COPY,Other,N,,OTHER_0_0_YD,,""
"Assets/Scenes/ShellScene.unity","Label","MONTHLY",STATIC_COPY,Other,N,,OTHER_MONTHLY,,""
"Assets/Scenes/ShellScene.unity","Text (TMP)","COMPARE",STATIC_COPY,Other,N,,ROSTER_COMPARE,REUSE_EXISTING,""
"Assets/Scenes/ShellScene.unity","SFXVolumeText","80",BOUND,Other,Y,SETTINGS_SFXVOLUME,,,""
"Assets/Scenes/ShellScene.unity","LevelTextMax","/199",DYNAMIC_PLACEHOLDER,Other,N,,,,""
"Assets/Scenes/ShellScene.unity","SFXLabel","SFX",BOUND,Other,Y,SETTINGS_SFX,,,""
"Assets/Scenes/ShellScene.unity","StatName","CLUB CONTROL",STATIC_COPY,Other,N,,ROSTER_CLUB_CONTROL,REUSE_EXISTING,""
"Assets/Scenes/ShellScene.unity","DistanceValue","250 yd",STATIC_COPY,Other,N,,OTHER_250_YD,,""
"Assets/Scenes/ShellScene.unity","Label","English",BOUND,Other,Y,SETTINGS_ENG,,,""
"Assets/Scenes/ShellScene.unity","Text","CANCEL",STATIC_COPY,Other,N,,MODAL_CANCEL,REUSE_EXISTING,""
"Assets/Scenes/ShellScene.unity","LevelLabel","Lv 160",DYNAMIC_PLACEHOLDER,Other,N,,,,""
"Assets/Scenes/ShellScene.unity","StatsName","DURABILITY",STATIC_COPY,Other,N,,CLUB_DURABILITY,REUSE_EXISTING,""
"Assets/Scenes/ShellScene.unity","Label","WEEKLY",STATIC_COPY,Other,N,,OTHER_WEEKLY,,""
"Assets/Scenes/ShellScene.unity","CostLabel","COST",STATIC_COPY,Other,N,,MODAL_COST,REUSE_EXISTING,""
"Assets/Scenes/ShellScene.unity","Text (TMP)","BOOST",STATIC_COPY,Other,N,,ROSTER_BOOST,REUSE_EXISTING,""
"Assets/Scenes/ShellScene.unity","Text (TMP)","Repair",STATIC_COPY,Other,N,,CLUB_REPAIR,REUSE_EXISTING,""
"Assets/Scenes/ShellScene.unity","Text (TMP)","SWAP",STATIC_COPY,Other,N,,ROSTER_SWAP,REUSE_EXISTING,""
"Assets/Scenes/ShellScene.unity","Text (TMP)","Repair",STATIC_COPY,Other,N,,CLUB_REPAIR,REUSE_EXISTING,""
"Assets/Scenes/ShellScene.unity","Label","\u65E5\u672C\u8A9E",BOUND,Other,Y,SETTINGS_JAP,,,""
"Assets/Scenes/ShellScene.unity","StatNumber","999/999",DYNAMIC_PLACEHOLDER,Other,N,,,,""
"Assets/Scenes/ShellScene.unity","EffectText","DURABILITY 50%",STATIC_COPY,Other,N,,OTHER_DURABILITY_50,,""
"Assets/Scenes/ShellScene.unity","AvailableSPLabel","AVAILABLE SP",STATIC_COPY,Other,N,,MODAL_AVAILABLE_SP,REUSE_EXISTING,""
"Assets/Scenes/ShellScene.unity","Label","ALL",STATIC_COPY,Other,N,,OTHER_ALL,,""
"Assets/Scenes/ShellScene.unity","StatsName","STAMINA",STATIC_COPY,Other,N,,ROSTER_STAMINA,REUSE_EXISTING,""
"Assets/Scenes/ShellScene.unity","CostValue","100",DYNAMIC_PLACEHOLDER,Other,N,,,,""
"Assets/Scenes/ShellScene.unity","Label","REGULAR 0/18",STATIC_COPY,Other,N,,OTHER_REGULAR_0_18,,""
"Assets/Scenes/ShellScene.unity","StatNumber","999/999",DYNAMIC_PLACEHOLDER,Other,N,,,,""
"Assets/Scenes/ShellScene.unity","PlaceholderText","TAP ON ANY OTHER BALL TO COMPARE STATS",STATIC_COPY,Other,N,,OTHER_TAP_ON_ANY_OTHER_BALL_TO_COMPARE,,""
"Assets/Scenes/ShellScene.unity","StatValueCurrent","100",DYNAMIC_PLACEHOLDER,Other,N,,,,""
"Assets/Scenes/ShellScene.unity","StatNumber","999/999",DYNAMIC_PLACEHOLDER,Other,N,,,,""
"Assets/Scenes/ShellScene.unity","PendingLabel","+1",DYNAMIC_PLACEHOLDER,Other,N,,,,""
"Assets/Scenes/ShellScene.unity","StatValueMax","/100",DYNAMIC_PLACEHOLDER,Other,N,,,,""
"Assets/Scenes/ShellScene.unity","StatNumber","999/999",DYNAMIC_PLACEHOLDER,Other,N,,,,""
"Assets/Scenes/ShellScene.unity","RarityLabel","LEGENDARY",STATIC_COPY,Other,N,,RARITY_LEGENDARY,REUSE_EXISTING,""
"Assets/Scenes/ShellScene.unity","LevelTextMax","/119",DYNAMIC_PLACEHOLDER,Other,N,,,,""
"Assets/Scenes/ShellScene.unity","StatsName","ACCURACY",STATIC_COPY,Other,N,,CLUB_ACCURACY,REUSE_EXISTING,""
"Assets/Scenes/ShellScene.unity","Text","CONFIRM",STATIC_COPY,Other,N,,MODAL_CONFIRM,REUSE_EXISTING,""
"Assets/Scenes/ShellScene.unity","StatsName","LOFT",STATIC_COPY,Other,N,,CLUB_LOFT,REUSE_EXISTING,""
"Assets/Scenes/ShellScene.unity","StatValueMax","/100",DYNAMIC_PLACEHOLDER,Other,N,,,,""
"Assets/Scenes/ShellScene.unity","Label","BACK 0/18",STATIC_COPY,Other,N,,OTHER_BACK_0_18,,""
"Assets/Scenes/ShellScene.unity","NextLevelLabel","NEXT LEVEL",STATIC_COPY,Other,N,,MODAL_NEXT_LEVEL,REUSE_EXISTING,""
"Assets/Scenes/ShellScene.unity","NextLevelLabel","NEXT LEVEL",STATIC_COPY,Other,N,,MODAL_NEXT_LEVEL,REUSE_EXISTING,""
"Assets/Scenes/ShellScene.unity","ArrowIcon",">",DYNAMIC_PLACEHOLDER,Other,N,,,,""
"Assets/Scenes/ShellScene.unity","PendingLabel","+1",DYNAMIC_PLACEHOLDER,Other,N,,,,""
"Assets/Scenes/ShellScene.unity","StatName","POWER",STATIC_COPY,Other,N,,CLUB_POWER,REUSE_EXISTING,""
"Assets/Scenes/ShellScene.unity","PlusLabel","+",DYNAMIC_PLACEHOLDER,Other,N,,,,""
"Assets/Scenes/ShellScene.unity","StatValueCurrent","100",DYNAMIC_PLACEHOLDER,Other,N,,,,""
"Assets/Scenes/ShellScene.unity","Text","RESET",STATIC_COPY,Other,N,,MODAL_RESET,REUSE_EXISTING,""
"Assets/Scenes/ShellScene.unity","MusicLabel","Music",BOUND,Other,Y,SETTINGS_MUSIC,,,""
"Assets/Scenes/ShellScene.unity","StatValueCurrent","100",DYNAMIC_PLACEHOLDER,Other,N,,,,""
"Assets/Scenes/ShellScene.unity","ItemNameText","GOLFIN",STATIC_COPY,Other,N,,OTHER_GOLFIN,,""
"Assets/Scenes/ShellScene.unity","PendingLabel","+1",DYNAMIC_PLACEHOLDER,Other,N,,,,""
"Assets/Scenes/ShellScene.unity","StatsName","ACCURACY",STATIC_COPY,Other,N,,CLUB_ACCURACY,REUSE_EXISTING,""
"Assets/Scenes/ShellScene.unity","Text","CONFIRM",STATIC_COPY,Other,N,,MODAL_CONFIRM,REUSE_EXISTING,""
"Assets/Scenes/ShellScene.unity","RarityLabel","LEGENDARY",STATIC_COPY,Other,N,,RARITY_LEGENDARY,REUSE_EXISTING,""
"Assets/Scenes/ShellScene.unity","Label","DRIVERS",STATIC_COPY,Other,N,,OTHER_DRIVERS,,""
"Assets/Scenes/ShellScene.unity","StatNumber","999/999",DYNAMIC_PLACEHOLDER,Other,N,,,,""
"Assets/Scenes/ShellScene.unity","QuantityText","X99",UNKNOWN,Other,N,,,,""
"Assets/Scenes/ShellScene.unity","Label","WOODS",STATIC_COPY,Other,N,,OTHER_WOODS,,""
"Assets/Scenes/ShellScene.unity","StatValueMax","/100",DYNAMIC_PLACEHOLDER,Other,N,,,,""
"Assets/Scenes/ShellScene.unity","StatValueCurrent","100",DYNAMIC_PLACEHOLDER,Other,N,,,,""
"Assets/Scenes/ShellScene.unity","StatValueMax","/100",DYNAMIC_PLACEHOLDER,Other,N,,,,""
"Assets/Scenes/ShellScene.unity","Label","PUTTERS",STATIC_COPY,Other,N,,OTHER_PUTTERS,,""
"Assets/Scenes/ShellScene.unity","BioHeader","BIO",STATIC_COPY,Other,N,,ROSTER_BIO,REUSE_EXISTING,""
"Assets/Scenes/ShellScene.unity","Text (TMP)","COMPARE",STATIC_COPY,Other,N,,ROSTER_COMPARE,REUSE_EXISTING,""
"Assets/Scenes/ShellScene.unity","BioHeader","BIO",STATIC_COPY,Other,N,,ROSTER_BIO,REUSE_EXISTING,""
"Assets/Scenes/ShellScene.unity","Label","WOODS",STATIC_COPY,Other,N,,OTHER_WOODS,,""
"Assets/Scenes/ShellScene.unity","StatName","LIE RES.",STATIC_COPY,Other,N,,CLUB_STAT_LIE_RES,REUSE_EXISTING,""
"Assets/Scenes/ShellScene.unity","StatNumber","999/999",DYNAMIC_PLACEHOLDER,Other,N,,,,""
"Assets/Scenes/ShellScene.unity","Text","CANCEL",STATIC_COPY,Other,N,,MODAL_CANCEL,REUSE_EXISTING,""
"Assets/Scenes/ShellScene.unity","StatsName","LOFT",STATIC_COPY,Other,N,,CLUB_LOFT,REUSE_EXISTING,""
"Assets/Scenes/ShellScene.unity","Label","BAGS",STATIC_COPY,Other,N,,OTHER_BAGS,,""
"Assets/Scenes/ShellScene.unity","Label","PUTTERS",STATIC_COPY,Other,N,,OTHER_PUTTERS,,""
"Assets/Scenes/ShellScene.unity","ClubNameText","P. Wedge Royal Swing",STATIC_COPY,Other,N,,OTHER_P_WEDGE_ROYAL_SWING,,""
"Assets/Scenes/ShellScene.unity","Text (TMP)","COMPARE",STATIC_COPY,Other,N,,ROSTER_COMPARE,REUSE_EXISTING,""
"Assets/Scenes/ShellScene.unity","Text (TMP)","CLOSE COMPARE",STATIC_COPY,Other,N,,COMPARE_CLOSE,REUSE_EXISTING,""
"Assets/Scenes/ShellScene.unity","Label","LOMOND 28/72",STATIC_COPY,Other,N,,OTHER_LOMOND_28_72,,""
"Assets/Scenes/ShellScene.unity","PlaceholderText","TAP ON ANY OTHER BALL TO COMPARE STATS",STATIC_COPY,Other,N,,OTHER_TAP_ON_ANY_OTHER_BALL_TO_COMPARE,,""
"Assets/Scenes/ShellScene.unity","StatNumber","999/999",DYNAMIC_PLACEHOLDER,Other,N,,,,""
"Assets/Scenes/ShellScene.unity","StatNumber","999/999",DYNAMIC_PLACEHOLDER,Other,N,,,,""
"Assets/Scenes/ShellScene.unity","RarityLabel","RARE",STATIC_COPY,Other,N,,RARITY_RARE,REUSE_EXISTING,""
"Assets/Scenes/ShellScene.unity","StatValueMax","/100",DYNAMIC_PLACEHOLDER,Other,N,,,,""
"Assets/Scenes/ShellScene.unity","StatsName","STRENGHT",STATIC_COPY,Other,N,,OTHER_STRENGHT,,""
"Assets/Scenes/ShellScene.unity","RewardLabel","REWARD",STATIC_COPY,Other,N,,MODAL_REWARD,REUSE_EXISTING,""
"Assets/Scenes/ShellScene.unity","NameLabel","75 STROKES",STATIC_COPY,Other,N,,OTHER_75_STROKES,,""
"Assets/Scenes/ShellScene.unity","AvailableSPLabel","AVAILABLE SP",STATIC_COPY,Other,N,,MODAL_AVAILABLE_SP,REUSE_EXISTING,""
"Assets/Scenes/ShellScene.unity","HeaderText","PRO TIP",BOUND,Other,Y,TIP_HEADER,,,""
"Assets/Scenes/ShellScene.unity","StatsName","STRENGHT",STATIC_COPY,Other,N,,OTHER_STRENGHT,,""
"Assets/Scenes/ShellScene.unity","TipText","TIP",STATIC_COPY,Other,N,,OTHER_TIP,,""
"Assets/Scenes/ShellScene.unity","TitleText","SELECT CLUB",STATIC_COPY,Other,N,,ITEM_SELECT_CLUB,REUSE_EXISTING,""
"Assets/Scenes/ShellScene.unity","OwnedLabel","AMOUNT",STATIC_COPY,Other,N,,OTHER_AMOUNT,,""
"Assets/Scenes/ShellScene.unity","BallNameText","GOLFIN",STATIC_COPY,Other,N,,OTHER_GOLFIN,,""
"Assets/Scenes/ShellScene.unity","Text","CANCEL",STATIC_COPY,Other,N,,MODAL_CANCEL,REUSE_EXISTING,""
"Assets/Scenes/ShellScene.unity","StatsName","DURABILITY",STATIC_COPY,Other,N,,CLUB_DURABILITY,REUSE_EXISTING,""
"Assets/Scenes/ShellScene.unity","Text (TMP)","EQUIP",STATIC_COPY,Other,N,,CLUB_EQUIP,REUSE_EXISTING,""
"Assets/Scenes/ShellScene.unity","StatsName","CLUB CONTROL",STATIC_COPY,Other,N,,ROSTER_CLUB_CONTROL,REUSE_EXISTING,""
"Assets/Scenes/ShellScene.unity","Label","REGULAR 0/18",STATIC_COPY,Other,N,,OTHER_REGULAR_0_18,,""
"Assets/Scenes/ShellScene.unity","StatNumber","999/999",DYNAMIC_PLACEHOLDER,Other,N,,,,""
"Assets/Scenes/ShellScene.unity","StatsName","LOFT",STATIC_COPY,Other,N,,CLUB_LOFT,REUSE_EXISTING,""
"Assets/Scenes/ShellScene.unity","Text (TMP)","COMPARE",STATIC_COPY,Other,N,,ROSTER_COMPARE,REUSE_EXISTING,""
"Assets/Scenes/ShellScene.unity","NameLabel","69 STROKES",STATIC_COPY,Other,N,,OTHER_69_STROKES,,""
"Assets/Scenes/ShellScene.unity","Text (TMP)","CLOSE COMPARE",STATIC_COPY,Other,N,,COMPARE_CLOSE,REUSE_EXISTING,""
"Assets/Scenes/ShellScene.unity","LevelLabel","Lv 160",DYNAMIC_PLACEHOLDER,Other,N,,,,""
"Assets/Scenes/ShellScene.unity","Text (TMP)","BOOST",STATIC_COPY,Other,N,,ROSTER_BOOST,REUSE_EXISTING,""
"Assets/Scenes/ShellScene.unity","StatValueCurrent","100",DYNAMIC_PLACEHOLDER,Other,N,,,,""
"Assets/Scenes/ShellScene.unity","Label","ENDS IN: 1d 5h 25m 05 s",STATIC_COPY,Other,N,,OTHER_ENDS_IN_1D_5H_25M_05_S,,""
"Assets/Scenes/ShellScene.unity","StatNumber","999/999",DYNAMIC_PLACEHOLDER,Other,N,,,,""
"Assets/Scenes/ShellScene.unity","Label","IRONS",STATIC_COPY,Other,N,,OTHER_IRONS,,""
"Assets/Scenes/ShellScene.unity","StatsName","STRENGHT",STATIC_COPY,Other,N,,OTHER_STRENGHT,,""
"Assets/Scenes/ShellScene.unity","StatsName","DURABILITY",STATIC_COPY,Other,N,,CLUB_DURABILITY,REUSE_EXISTING,""
"Assets/Scenes/ShellScene.unity","StatNumber","999/999",DYNAMIC_PLACEHOLDER,Other,N,,,,""
"Assets/Scenes/ShellScene.unity","Label","FRONT 10/18",STATIC_COPY,Other,N,,OTHER_FRONT_10_18,,""
"Assets/Scenes/ShellScene.unity","RarityLabel","RARE",STATIC_COPY,Other,N,,RARITY_RARE,REUSE_EXISTING,""
"Assets/Scenes/ShellScene.unity","StatNumber","999/999",DYNAMIC_PLACEHOLDER,Other,N,,,,""
"Assets/Scenes/ShellScene.unity","LicencesSection","SETTINGS_ABOUT_LICENCES",BOUND,Other,Y,SETTINGS_ABOUT_LICENCES,,,""
"Assets/Scenes/ShellScene.unity","Text (TMP)","Level Up",STATIC_COPY,Other,N,,ROSTER_LEVEL_UP,REUSE_EXISTING,""
"Assets/Scenes/ShellScene.unity","StatsName","DISTANCE",STATIC_COPY,Other,N,,CLUB_DISTANCE,REUSE_EXISTING,""
"Assets/Scenes/ShellScene.unity","StatName","STAMINA",STATIC_COPY,Other,N,,ROSTER_STAMINA,REUSE_EXISTING,""
"Assets/Scenes/ShellScene.unity","Title","CHOOSE A BAG",STATIC_COPY,Other,N,,BAG_CHOOSE_TITLE,REUSE_EXISTING,""
"Assets/Scenes/ShellScene.unity","UsernameLabel","Username",BOUND,Other,Y,SETTINGS_USERNAME,,,""
"Assets/Scenes/ShellScene.unity","Text","USE",STATIC_COPY,Other,N,,ITEM_USE,REUSE_EXISTING,""
"Assets/Scenes/ShellScene.unity","ItemNameText","GOLFIN",STATIC_COPY,Other,N,,OTHER_GOLFIN,,""
"Assets/Scenes/ShellScene.unity","UserLabel","FRODO",STATIC_COPY,Other,N,,OTHER_FRODO,,""
"Assets/Scenes/ShellScene.unity","VersionText","V1.0.0",UNKNOWN,Other,N,,,,""
"Assets/Scenes/ShellScene.unity","LevelText","Lv 1/199",STATIC_COPY,Other,N,,OTHER_LV_1_199,,""
"Assets/Scenes/ShellScene.unity","RarityText","RARE",STATIC_COPY,Other,N,,RARITY_RARE,REUSE_EXISTING,""
"Assets/Scenes/ShellScene.unity","Label","IRONS",STATIC_COPY,Other,N,,OTHER_IRONS,,""
"Assets/Scenes/ShellScene.unity","'DescriptionText '","Add any clubs 8 clubs you want to take out to the field to your bag. Remember,",STATIC_COPY,Other,N,,OTHER_ADD_ANY_CLUBS_8_CLUBS_YOU_WANT_T,,""
"Assets/Scenes/ShellScene.unity","StatNumber","999/999",DYNAMIC_PLACEHOLDER,Other,N,,,,""
"Assets/Scenes/ShellScene.unity","InfoText","""Essential and efficient, this Repair Kit restores up to 50% of any club\u2019s",STATIC_COPY,Other,N,,OTHER_ESSENTIAL_AND_EFFICIENT_THIS_REP,,""
"Assets/Scenes/ShellScene.unity","InfoText","'Refined by MireO, this 7-Iron delivers precision spin with added carry.",STATIC_COPY,Other,N,,OTHER_REFINED_BY_MIREO_THIS_7_IRON_DEL,,""
"Assets/Scenes/ShellScene.unity","StatsName","DURABILITY",STATIC_COPY,Other,N,,CLUB_DURABILITY,REUSE_EXISTING,""
"Assets/Scenes/ShellScene.unity","TapNextText","TAP FOR NEXT TIP",BOUND,Other,Y,TIP_NEXT,,,""
"Assets/Scenes/ShellScene.unity","Label","IRONS",STATIC_COPY,Other,N,,OTHER_IRONS,,""
"Assets/Scenes/ShellScene.unity","LevelText","Lv 1",DYNAMIC_PLACEHOLDER,Other,N,,,,""
"Assets/Scenes/ShellScene.unity","Text (TMP)","Level Up",STATIC_COPY,Other,N,,ROSTER_LEVEL_UP,REUSE_EXISTING,""
"Assets/Scenes/ShellScene.unity","StatsName","LOFT",STATIC_COPY,Other,N,,CLUB_LOFT,REUSE_EXISTING,""
"Assets/Scenes/ShellScene.unity","Label","DAILY",STATIC_COPY,Other,N,,OTHER_DAILY,,""
"Assets/Scenes/ShellScene.unity","Text (TMP)","Level Up",STATIC_COPY,Other,N,,ROSTER_LEVEL_UP,REUSE_EXISTING,""
"Assets/Scenes/ShellScene.unity","RarityLabel","RARE",STATIC_COPY,Other,N,,RARITY_RARE,REUSE_EXISTING,""
"Assets/Scenes/ShellScene.unity","Label","WEDGES",STATIC_COPY,Other,N,,OTHER_WEDGES,,""
"Assets/Scenes/ShellScene.unity","LicensesText","'Unity Technologies",BOUND,Other,Y,SETTINGS_LIC,,,""
"Assets/Scenes/ShellScene.unity","Text (TMP)","Select",STATIC_COPY,Other,N,,ROSTER_SELECT,REUSE_EXISTING,""
"Assets/Scenes/ShellScene.unity","Label","CLUBS",STATIC_COPY,Other,N,,OTHER_CLUBS,,""
"Assets/Scenes/ShellScene.unity","StatValueCurrent","100",DYNAMIC_PLACEHOLDER,Other,N,,,,""
"Assets/Scenes/ShellScene.unity","StatName","DURABILITY",STATIC_COPY,Other,N,,CLUB_DURABILITY,REUSE_EXISTING,""
"Assets/Scenes/ShellScene.unity","StatNumber","999/999",DYNAMIC_PLACEHOLDER,Other,N,,,,""
"Assets/Scenes/ShellScene.unity","BagLabel","IN BAG 1",STATIC_COPY,Other,N,,OTHER_IN_BAG_1,,""
"Assets/Scenes/ShellScene.unity","Label","<",DYNAMIC_PLACEHOLDER,Other,N,,,,""
"Assets/Scenes/ShellScene.unity","NextLevelValue","Lv 2",DYNAMIC_PLACEHOLDER,Other,N,,,,""
"Assets/Scenes/ShellScene.unity","Text (TMP)","Select",STATIC_COPY,Other,N,,ROSTER_SELECT,REUSE_EXISTING,""
"Assets/Scenes/ShellScene.unity","StatNumber","999/999",DYNAMIC_PLACEHOLDER,Other,N,,,,""
"Assets/Scenes/ShellScene.unity","StatValueCurrent","100",DYNAMIC_PLACEHOLDER,Other,N,,,,""
"Assets/Scenes/ShellScene.unity","StatName","ACCURACY",STATIC_COPY,Other,N,,CLUB_ACCURACY,REUSE_EXISTING,""
"Assets/Scenes/ShellScene.unity","Text (TMP)","Login",BOUND,Other,Y,BTN_LOGIN,,,""
"Assets/Scenes/ShellScene.unity","StatNumber","999/999",DYNAMIC_PLACEHOLDER,Other,N,,,,""
"Assets/Scenes/ShellScene.unity","Text (TMP)","EQUIP",STATIC_COPY,Other,N,,CLUB_EQUIP,REUSE_EXISTING,""
"Assets/Scenes/ShellScene.unity","MusicVolumeText","80",BOUND,Other,Y,SETTINGS_MUSICVOLUME,,,""
"Assets/Scenes/ShellScene.unity","RarityText","RARE",STATIC_COPY,Other,N,,RARITY_RARE,REUSE_EXISTING,""
"Assets/Scenes/ShellScene.unity","InfoHeader","INFO",STATIC_COPY,Other,N,,CLUB_INFO,REUSE_EXISTING,""
"Assets/Scenes/ShellScene.unity","PlaceholderText","TAP ON ANY OTHER CLUB TO COMPARE STATS",STATIC_COPY,Other,N,,CLUB_COMPARE_EMPTY_PROMPT,REUSE_EXISTING,""
"Assets/Scenes/ShellScene.unity","PlaceholderText","'TAP ANY CHARACTER",STATIC_COPY,Other,N,,OTHER_TAP_ANY_CHARACTER,,""
"Assets/Scenes/ShellScene.unity","InfoHeader","INFO",STATIC_COPY,Other,N,,CLUB_INFO,REUSE_EXISTING,""
"Assets/Scenes/ShellScene.unity","StatsName","STRENGHT",STATIC_COPY,Other,N,,OTHER_STRENGHT,,""
"Assets/Scenes/ShellScene.unity","StatsName","LIE RESIST.",STATIC_COPY,Other,N,,CLUB_LIE_RESISTANCE,REUSE_EXISTING,""
"Assets/Scenes/ShellScene.unity","QuantityText","X99",UNKNOWN,Other,N,,,,""
"Assets/Scenes/ShellScene.unity","StatNumber","999/999",DYNAMIC_PLACEHOLDER,Other,N,,,,""
"Assets/Scenes/ShellScene.unity","PendingLabel","+1",DYNAMIC_PLACEHOLDER,Other,N,,,,""
"Assets/Scenes/ShellScene.unity","Text (TMP)","EQUIP",STATIC_COPY,Other,N,,CLUB_EQUIP,REUSE_EXISTING,""
"Assets/Scenes/ShellScene.unity","Text (TMP)","COMPARE",STATIC_COPY,Other,N,,ROSTER_COMPARE,REUSE_EXISTING,""
"Assets/Scenes/ShellScene.unity","StatNumber","999/999",DYNAMIC_PLACEHOLDER,Other,N,,,,""
"Assets/Scenes/ShellScene.unity","BioText","""Shae O\u2019Connell, 23, from County Clare, earned her Ladies European",STATIC_COPY,Other,N,,OTHER_SHAE_O_U2019CONNELL_23_FROM_COUN,,""
"Assets/Scenes/ShellScene.unity","Text","RESET",STATIC_COPY,Other,N,,MODAL_RESET,REUSE_EXISTING,""
"Assets/Scenes/ShellScene.unity","StatsName","STAMINA",STATIC_COPY,Other,N,,ROSTER_STAMINA,REUSE_EXISTING,""
"Assets/Scenes/ShellScene.unity","StatName","STRENGTH",STATIC_COPY,Other,N,,ROSTER_STRENGTH,REUSE_EXISTING,""
"Assets/Scenes/ShellScene.unity","StatNumber","999/999",DYNAMIC_PLACEHOLDER,Other,N,,,,""
"Assets/Scenes/ShellScene.unity","StatValueMax","/100",DYNAMIC_PLACEHOLDER,Other,N,,,,""
"Assets/Scenes/ShellScene.unity","TitleText","SELECT CLUB",STATIC_COPY,Other,N,,ITEM_SELECT_CLUB,REUSE_EXISTING,""
"Assets/Scenes/ShellScene.unity","UserLabel","FRODO",STATIC_COPY,Other,N,,OTHER_FRODO,,""
"Assets/Scenes/ShellScene.unity","Label","ALL",STATIC_COPY,Other,N,,OTHER_ALL,,""
"Assets/Scenes/ShellScene.unity","Label","TOURNAMENTS (TEMP)",STATIC_COPY,Other,N,,OTHER_TOURNAMENTS_TEMP,,""
"Assets/Scenes/ShellScene.unity","Text (TMP)","Create Account",BOUND,Other,Y,BTN_CREATE,,,""
"Assets/Scenes/ShellScene.unity","StatNumber","999/999",DYNAMIC_PLACEHOLDER,Other,N,,,,""
"Assets/Scenes/ShellScene.unity","Label","KASUMIGASEKI OPEN",STATIC_COPY,Other,N,,tourn.kasumigaseki,REUSE_EXISTING,""
"Assets/Scenes/ShellScene.unity","Label","WOODS",STATIC_COPY,Other,N,,OTHER_WOODS,,""
"Assets/Scenes/ShellScene.unity","Label","LADIES 18/18",STATIC_COPY,Other,N,,OTHER_LADIES_18_18,,""
"Assets/Scenes/ShellScene.unity","CostValue","100",DYNAMIC_PLACEHOLDER,Other,N,,,,""
"Assets/Scenes/ShellScene.unity","OwnedLabel","AMOUNT",STATIC_COPY,Other,N,,OTHER_AMOUNT,,""
"Assets/Scenes/ShellScene.unity","LevelTextMax","/199",DYNAMIC_PLACEHOLDER,Other,N,,,,""
"Assets/Scenes/ShellScene.unity","RewardValue","1 SP",DYNAMIC_PLACEHOLDER,Other,N,,,,""
"Assets/Scenes/ShellScene.unity","PendingLabel","+1",DYNAMIC_PLACEHOLDER,Other,N,,,,""
"Assets/Scenes/ShellScene.unity","VersionSection","APP VERSION",BOUND,Other,Y,SETTINGS_ABOUT_APP_VERSION,,,""
"Assets/Scenes/ShellScene.unity","Text","LEVEL UP",STATIC_COPY,Other,N,,ROSTER_LEVEL_UP,REUSE_EXISTING,""
"Assets/Scenes/ShellScene.unity","TicketCountText","999",DYNAMIC_PLACEHOLDER,Other,N,,,,""
"Assets/Scenes/ShellScene.unity","Label","FRONT 10/18",STATIC_COPY,Other,N,,OTHER_FRONT_10_18,,""
"Assets/Scenes/ShellScene.unity","Label","WEDGES",STATIC_COPY,Other,N,,OTHER_WEDGES,,""
"Assets/Scenes/ShellScene.unity","ClubNameText","P. Wedge Royal Swing",STATIC_COPY,Other,N,,OTHER_P_WEDGE_ROYAL_SWING,,""
"Assets/Scenes/ShellScene.unity","Label","KASUMIGASEKI OPEN",STATIC_COPY,Other,N,,tourn.kasumigaseki,REUSE_EXISTING,""
"Assets/Scenes/ShellScene.unity","Text","LEVEL UP",STATIC_COPY,Other,N,,ROSTER_LEVEL_UP,REUSE_EXISTING,""
"Assets/Scenes/ShellScene.unity","StatsName","STRENGHT",STATIC_COPY,Other,N,,OTHER_STRENGHT,,""
"Assets/Scenes/ShellScene.unity","ProTipHeader","*PRO TIP",STATIC_COPY,Other,N,,ITEM_PRO_TIP,REUSE_EXISTING,""
"Assets/Scenes/ShellScene.unity","RewardLabel","REWARD",STATIC_COPY,Other,N,,MODAL_REWARD,REUSE_EXISTING,""
"Assets/Scenes/ShellScene.unity","StatName","LOFT",STATIC_COPY,Other,N,,CLUB_LOFT,REUSE_EXISTING,""
"Assets/Scenes/ShellScene.unity","Label","Resets IN: 1d 5h 25m 05s",STATIC_COPY,Other,N,,OTHER_RESETS_IN_1D_5H_25M_05S,,""
"Assets/Scenes/ShellScene.unity","NameLabel","72 STROKES",STATIC_COPY,Other,N,,OTHER_72_STROKES,,""
"Assets/Scenes/ShellScene.unity","PendingLabel","+1",DYNAMIC_PLACEHOLDER,Other,N,,,,""
"Assets/Scenes/ShellScene.unity","StatValueMax","/100",DYNAMIC_PLACEHOLDER,Other,N,,,,""
"Assets/Scenes/ShellScene.unity","StatNumber","999/999",DYNAMIC_PLACEHOLDER,Other,N,,,,""
"Assets/Scenes/ShellScene.unity","Label","DRIVERS",STATIC_COPY,Other,N,,OTHER_DRIVERS,,""
"Assets/Scenes/ShellScene.unity","StatNumber","999/999",DYNAMIC_PLACEHOLDER,Other,N,,,,""
"Assets/Scenes/ShellScene.unity","NowLoadingText","NOW LOADING",BOUND,Other,Y,BTN_LOADING,,,""
"Assets/Scenes/ShellScene.unity","Text","CLOSE COMPARE",STATIC_COPY,Other,N,,COMPARE_CLOSE,REUSE_EXISTING,""
"Assets/Scenes/ShellScene.unity","LevelTextMax","/119",DYNAMIC_PLACEHOLDER,Other,N,,,,""
"Assets/Scenes/ShellScene.unity","Label","ALL",STATIC_COPY,Other,N,,OTHER_ALL,,""
"Assets/Scenes/ShellScene.unity","StatsName","CLUB CONTROL",STATIC_COPY,Other,N,,ROSTER_CLUB_CONTROL,REUSE_EXISTING,""
"Assets/Scenes/ShellScene.unity","BallNameText","GOLFIN",STATIC_COPY,Other,N,,OTHER_GOLFIN,,""
"Assets/Scenes/ShellScene.unity","QuantityText","X99",UNKNOWN,Other,N,,,,""
"Assets/Scenes/ShellScene.unity","QuantityText","X99",UNKNOWN,Other,N,,,,""
"Assets/Scenes/ShellScene.unity","StatName","RECOVERY",STATIC_COPY,Other,N,,ROSTER_RECOVERY,REUSE_EXISTING,""
"Assets/Scenes/ShellScene.unity","StatNumber","999/999",DYNAMIC_PLACEHOLDER,Other,N,,,,""
"Assets/Scenes/ShellScene.unity","StatValueMax","/100",DYNAMIC_PLACEHOLDER,Other,N,,,,""
"Assets/Scenes/ShellScene.unity","CharacterNameText","'ELIZABETH",STATIC_COPY,Other,N,,OTHER_ELIZABETH,,""
"Assets/Scenes/ShellScene.unity","Text","CANCEL",STATIC_COPY,Other,N,,MODAL_CANCEL,REUSE_EXISTING,""
"Assets/Scenes/ShellScene.unity","StatNumber","999/999",DYNAMIC_PLACEHOLDER,Other,N,,,,""
"Assets/Scenes/ShellScene.unity","StatNumber","999/999",DYNAMIC_PLACEHOLDER,Other,N,,,,""
"Assets/Scenes/ShellScene.unity","Label","BACK 0/18",STATIC_COPY,Other,N,,OTHER_BACK_0_18,,""
"Assets/Scenes/ShellScene.unity","Label","DIAMOND LEAGE",STATIC_COPY,Other,N,,OTHER_DIAMOND_LEAGE,,""
"Assets/Scenes/ShellScene.unity","InfoText","'Refined by MireO, this 7-Iron delivers precision spin with added carry.",STATIC_COPY,Other,N,,OTHER_REFINED_BY_MIREO_THIS_7_IRON_DEL,,""
"Assets/Scenes/ShellScene.unity","Label","LADIES 18/18",STATIC_COPY,Other,N,,OTHER_LADIES_18_18,,""
"Assets/Scenes/ShellScene.unity","StatNumber","999/999",DYNAMIC_PLACEHOLDER,Other,N,,,,""
"Assets/Scenes/ShellScene.unity","Label","CHANGE",BOUND,Other,Y,SETTINGS_CHANGE,,,""
"Assets/Scenes/ShellScene.unity","Label","WEDGES",STATIC_COPY,Other,N,,OTHER_WEDGES,,""
"Assets/Scenes/ShellScene.unity","Text (TMP)","COMPARE",STATIC_COPY,Other,N,,ROSTER_COMPARE,REUSE_EXISTING,""
"Assets/Scenes/ShellScene.unity","Text","CLOSE COMPARE",STATIC_COPY,Other,N,,COMPARE_CLOSE,REUSE_EXISTING,""
"Assets/Scenes/ShellScene.unity","NextLevelValue","Lv 2",DYNAMIC_PLACEHOLDER,Other,N,,,,""
"Assets/Scenes/ShellScene.unity","Text (TMP)","Level Up",STATIC_COPY,Other,N,,ROSTER_LEVEL_UP,REUSE_EXISTING,""
"Assets/Scenes/ShellScene.unity","Label","ENDS IN: 1d 5h 25m 05 s",STATIC_COPY,Other,N,,OTHER_ENDS_IN_1D_5H_25M_05_S,,""
"Assets/Scenes/ShellScene.unity","LevelText","Lv 80",DYNAMIC_PLACEHOLDER,Other,N,,,,""
"Assets/Scenes/ShellScene.unity","LevelText","Lv 80",DYNAMIC_PLACEHOLDER,Other,N,,,,""
"Assets/Scenes/ShellScene.unity","Label","YAITA - KIKYOU",STATIC_COPY,Other,N,,OTHER_YAITA_KIKYOU,,""
"Assets/Scenes/ShellScene.unity","Text","hfghh\u200B",BOUND,Other,Y,SETTINGS_,,,""
"Assets/Scenes/ShellScene.unity","Text","CANCEL",STATIC_COPY,Other,N,,MODAL_CANCEL,REUSE_EXISTING,""
"Assets/Scenes/ShellScene.unity","StatsName","DISTANCE",STATIC_COPY,Other,N,,CLUB_DISTANCE,REUSE_EXISTING,""
"Assets/Scenes/ShellScene.unity","Label","PUTTERS",STATIC_COPY,Other,N,,OTHER_PUTTERS,,""
"Assets/Scenes/ShellScene.unity","StatValueMax","/100",DYNAMIC_PLACEHOLDER,Other,N,,,,""
"Assets/Scenes/ShellScene.unity","RestoresHeader","RESTORES",STATIC_COPY,Other,N,,ITEM_RESTORES,REUSE_EXISTING,""
"Assets/Scenes/ShellScene.unity","CharacterNameText","'ELIZABETH",STATIC_COPY,Other,N,,OTHER_ELIZABETH,,""
"Assets/Scenes/ShellScene.unity","LevelText","Lv 1/199",STATIC_COPY,Other,N,,OTHER_LV_1_199,,""
"Assets/Scenes/ShellScene.unity","StatNumber","999/999",DYNAMIC_PLACEHOLDER,Other,N,,,,""
"Assets/Scenes/ShellScene.unity","StatNumber","999/999",DYNAMIC_PLACEHOLDER,Other,N,,,,""
"Assets/Scenes/ShellScene.unity","CharacterNameText","'CHARACTER",STATIC_COPY,Other,N,,OTHER_CHARACTER,,""
"Assets/Scenes/ShellScene.unity","Text","SWAP",STATIC_COPY,Other,N,,ROSTER_SWAP,REUSE_EXISTING,""
"Assets/Scenes/ShellScene.unity","Label","YAITA - KIKYOU",STATIC_COPY,Other,N,,OTHER_YAITA_KIKYOU,,""
"Assets/Scenes/ShellScene.unity","Label","LOMOND 28/72",STATIC_COPY,Other,N,,OTHER_LOMOND_28_72,,""
"Assets/Scenes/ShellScene.unity","AvailableSPValue","0 SP",DYNAMIC_PLACEHOLDER,Other,N,,,,""
"Assets/Scenes/ShellScene.unity","ArrowIcon",">",DYNAMIC_PLACEHOLDER,Other,N,,,,""
"Assets/Scenes/ShellScene.unity","StatsName","LIE RESIST.",STATIC_COPY,Other,N,,CLUB_LIE_RESISTANCE,REUSE_EXISTING,""
"Assets/Scenes/ShellScene.unity","RarityLabel","RARE",STATIC_COPY,Other,N,,RARITY_RARE,REUSE_EXISTING,""
"Assets/Scenes/ShellScene.unity","BioText","""Shae O\u2019Connell, 23, from County Clare, earned her Ladies European",STATIC_COPY,Other,N,,OTHER_SHAE_O_U2019CONNELL_23_FROM_COUN,,""
"Assets/Scenes/ShellScene.unity","BagLabel","IN BAG 1",STATIC_COPY,Other,N,,OTHER_IN_BAG_1,,""
"Assets/Scenes/ShellScene.unity","Text (TMP)","COMPARE",STATIC_COPY,Other,N,,ROSTER_COMPARE,REUSE_EXISTING,""
"Assets/Scenes/ShellScene.unity","StatsName","LIE RESIST.",STATIC_COPY,Other,N,,CLUB_LIE_RESISTANCE,REUSE_EXISTING,""
"Assets/Scenes/ShellScene.unity","StatsName","RECOVERY",STATIC_COPY,Other,N,,ROSTER_RECOVERY,REUSE_EXISTING,""
"Assets/Scenes/ShellScene.unity","AvailableSPValue","0 SP",DYNAMIC_PLACEHOLDER,Other,N,,,,""
"Assets/Scenes/ShellScene.unity","StatsName","RECOVERY",STATIC_COPY,Other,N,,ROSTER_RECOVERY,REUSE_EXISTING,""
"Assets/Scenes/ShellScene.unity","CostLabel","COST",STATIC_COPY,Other,N,,MODAL_COST,REUSE_EXISTING,""
"Assets/Scenes/ShellScene.unity","PendingLabel","+1",DYNAMIC_PLACEHOLDER,Other,N,,,,""
"Assets/Scenes/ShellScene.unity","StatNumber","999/999",DYNAMIC_PLACEHOLDER,Other,N,,,,""
"Assets/Scenes/ShellScene.unity","StatsName","ACCURACY",STATIC_COPY,Other,N,,CLUB_ACCURACY,REUSE_EXISTING,""
"Assets/Scenes/ShellScene.unity","Label","SPONSORED BY PUMA",STATIC_COPY,Other,N,,OTHER_SPONSORED_BY_PUMA,,""
"Assets/Scenes/ShellScene.unity","Label","SPONSORED BY PUMA",STATIC_COPY,Other,N,,OTHER_SPONSORED_BY_PUMA,,""
"Assets/Scenes/ShellScene.unity","UserLabel","FRODO",STATIC_COPY,Other,N,,OTHER_FRODO,,""
"Assets/Scenes/ShellScene.unity","OwnedLabel","COMMON",STATIC_COPY,Other,N,,RARITY_COMMON,REUSE_EXISTING,""
"Assets/Scenes/ShellScene.unity","Label","DRIVERS",STATIC_COPY,Other,N,,OTHER_DRIVERS,,""
"Assets/Scenes/ShellScene.unity","StatNumber","999/999",DYNAMIC_PLACEHOLDER,Other,N,,,,""
"Assets/Scenes/ShellScene.unity","PendingLabel","+1",DYNAMIC_PLACEHOLDER,Other,N,,,,""
"Assets/Scenes/ShellScene.unity","StatValueCurrent","100",DYNAMIC_PLACEHOLDER,Other,N,,,,""
"Assets/Scenes/ShellScene.unity","RarityLabel","LEGENDARY",STATIC_COPY,Other,N,,RARITY_LEGENDARY,REUSE_EXISTING,""
"Assets/Scenes/ShellScene.unity","EmptyStateText","No active banners",STATIC_COPY,Other,N,,OTHER_NO_ACTIVE_BANNERS,,""
"Assets/Scenes/ShellScene.unity","StatsName","LIE RESIST.",STATIC_COPY,Other,N,,CLUB_LIE_RESISTANCE,REUSE_EXISTING,""
"Assets/Scenes/ShellScene.unity","LevelLabel","Lv 160",DYNAMIC_PLACEHOLDER,Other,N,,,,""
"Assets/Scenes/ShellScene.unity","'ClubNameText '","'CHARACTER",STATIC_COPY,Other,N,,OTHER_CHARACTER,,""
"Assets/Scenes/ShellScene.unity","StatNumber","999/999",DYNAMIC_PLACEHOLDER,Other,N,,,,""
"Assets/Scenes/ShellScene.unity","Text (TMP)","COMPARE",STATIC_COPY,Other,N,,ROSTER_COMPARE,REUSE_EXISTING,""
"Assets/Scenes/ShellScene.unity","ProTipText","Clubs will automatically use the best repair kit available when you repair",STATIC_COPY,Other,N,,OTHER_CLUBS_WILL_AUTOMATICALLY_USE_THE,,""
"Assets/Scenes/ShellScene.unity","StatNumber","999/999",DYNAMIC_PLACEHOLDER,Other,N,,,,""
"Assets/Scenes/ShellScene.unity","StatsName","LOFT",STATIC_COPY,Other,N,,CLUB_LOFT,REUSE_EXISTING,""
"Assets/Scenes/ShellScene.unity","Label","HISTORY",STATIC_COPY,Other,N,,OTHER_HISTORY,,""
"Assets/Scenes/ShellScene.unity","Text (TMP)","START",BOUND,Other,Y,BTN_START,,,""
"Assets/Scenes/ShellScene.unity","RewardValue","1 SP",DYNAMIC_PLACEHOLDER,Other,N,,,,""
"Assets/Scenes/ShellScene.unity","Text (TMP)","CLOSE COMPARE",STATIC_COPY,Other,N,,COMPARE_CLOSE,REUSE_EXISTING,""
"Assets/Scenes/ShellScene.unity","DistanceValue","250 yd",STATIC_COPY,Other,N,,OTHER_250_YD,,""
"Assets/Scenes/ShellScene.unity","LevelText","Lv 1",DYNAMIC_PLACEHOLDER,Other,N,,,,""
"Assets/Scenes/ShellScene.unity","ProgressText","52/100 MB",STATIC_COPY,Other,N,,OTHER_52_100_MB,,""
"Assets/Scenes/ShellScene.unity","Label","BALLS",STATIC_COPY,Other,N,,OTHER_BALLS,,""
"Assets/Scenes/ShellScene.unity","StatsName","ACCURACY",STATIC_COPY,Other,N,,CLUB_ACCURACY,REUSE_EXISTING,""
"Assets/Scenes/ShellScene.unity","StatsName","STRENGHT",STATIC_COPY,Other,N,,OTHER_STRENGHT,,""
"Assets/Scenes/ShellScene.unity","StatValueCurrent","100",DYNAMIC_PLACEHOLDER,Other,N,,,,""
"Assets/Scenes/ShellScene.unity","StatsName","DURABILITY",STATIC_COPY,Other,N,,CLUB_DURABILITY,REUSE_EXISTING,""
"Assets/Scenes/ShellScene.unity","StatNumber","999/999",DYNAMIC_PLACEHOLDER,Other,N,,,,""
"Assets/Scenes/ShellScene.unity","StatsName","STRENGHT",STATIC_COPY,Other,N,,OTHER_STRENGHT,,""
"Assets/Scenes/ShellScene.unity","BagsNameText","GOLFIN",STATIC_COPY,Other,N,,OTHER_GOLFIN,,""
"Assets/Scenes/ShellScene.unity","InfoHeader","INFO",STATIC_COPY,Other,N,,CLUB_INFO,REUSE_EXISTING,""
"Assets/Scenes/ShellScene.unity","StatsName","ACCURACY",STATIC_COPY,Other,N,,CLUB_ACCURACY,REUSE_EXISTING,""
"Assets/Scenes/ShellScene.unity","StatsName","LIE RESIST.",STATIC_COPY,Other,N,,CLUB_LIE_RESISTANCE,REUSE_EXISTING,""
"Assets/Scenes/ShellScene.unity","OwnedLabel","AMOUNT",STATIC_COPY,Other,N,,OTHER_AMOUNT,,""
"Assets/Scenes/ShellScene.unity","Label","ITEMS",STATIC_COPY,Other,N,,OTHER_ITEMS,,""
"Assets/Scenes/ShellScene.unity","Label","CLOSE",BOUND,Other,Y,SETTINGS_CLOSE,,,""
"Assets/Scenes/ShellScene.unity","Label","Log Out",BOUND,Other,Y,SETTINGS_LOGOUT,,,""
"Assets/Scenes/ShellScene.unity","Label","Contact Form",BOUND,Other,Y,SETTINGS_CONTACT,,,""
"Assets/Scenes/ShellScene.unity","Label","User Profile",BOUND,Other,Y,SETTINGS_PROFILE,,,""
"Assets/Scenes/ShellScene.unity","Label","Language",BOUND,Other,Y,SETTINGS_LANG,,,""
"Assets/Scenes/ShellScene.unity","Label","Sound Settings",BOUND,Other,Y,SETTINGS_SOUND,,,""
"Assets/Scenes/ShellScene.unity","Label","Privacy Policy",BOUND,Other,Y,SETTINGS_PRIVACY,,,""
"Assets/Scenes/ShellScene.unity","Label","Terms of Use",BOUND,Other,Y,SETTINGS_TERMS,,,""
"Assets/Scenes/ShellScene.unity","Label","About",BOUND,Other,Y,SETTINGS_ABOUT,,,""
"Assets/Scenes/ShellScene.unity","Label","FAQ",BOUND,Other,Y,SETTINGS_FAQ,,,""
"Assets/Scenes/ShellScene.unity","CourseNameText","Course Name",STATIC_COPY,Other,N,,OTHER_COURSE_NAME,,""
"Assets/Scenes/ShellScene.unity","NewsBodyText","'Scheduled server maintenance: 2025/12/31",STATIC_COPY,Other,N,,OTHER_SCHEDULED_SERVER_MAINTENANCE_202,,""
"Assets/Scenes/ShellScene.unity","PlayLable","PLAY",BOUND,Other,Y,BTN_START,,,""
"Assets/Scenes/ShellScene.unity","Reward3Amount","x02",UNKNOWN,Other,N,,,,""
"Assets/Scenes/ShellScene.unity","NewsTitleText","MAINTENANCE NOTICE",STATIC_COPY,Other,N,,HOME_MAINTENANCE_TITLE,REUSE_EXISTING,""
"Assets/Scenes/ShellScene.unity","Reward1Amount","x10",UNKNOWN,Other,N,,,,""
"Assets/Scenes/ShellScene.unity","UsernameText","CHOTO",STATIC_COPY,Other,N,,OTHER_CHOTO,,""
"Assets/Scenes/ShellScene.unity","RewardPointsText","9000",DYNAMIC_PLACEHOLDER,Other,N,,,,""
"Assets/Scenes/ShellScene.unity","Reward2Amount","x04",UNKNOWN,Other,N,,,,""
"Assets/Scenes/ShellScene.unity","'NextHoleTitleText '","NEXT HOLE",STATIC_COPY,Other,N,,HOME_NEXT_HOLE,REUSE_EXISTING,""
"Assets/Scenes/Tests/CanvasScalerTest.unity","TestLabel","180x180 box (Figma 1170 ref)",STATIC_COPY,Other,N,,OTHER_180X180_BOX_FIGMA_1170_REF,,""
"Assets/Editor/Localization/LocalizationAudit.cs","code","literal",CODE_DRIVEN,Other,N,,OTHER_LITERAL,,"Editor builder — not shipped at runtime"
"Assets/Scripts/Editor/BuildHoleCompleteModal.cs","code","PLAY NEXT",CODE_DRIVEN,Other,N,,OTHER_PLAY_NEXT,,"Editor builder — not shipped at runtime"
"Assets/Scripts/Editor/BuildHoleCompleteModal.cs","code","RETRY",CODE_DRIVEN,Other,N,,OTHER_RETRY,,"Editor builder — not shipped at runtime"
"Assets/Scripts/Editor/BuildHoleCompleteModal.cs","code","MENU",CODE_DRIVEN,Other,N,,OTHER_MENU,,"Editor builder — not shipped at runtime"
"Assets/Scripts/Editor/TournamentResultModalBuilder.cs","code","CLAIM",CODE_DRIVEN,Rankings/Tournaments,N,,RANKINGS_TOURNAMENTS_CLAIM,,"Editor builder — not shipped at runtime"
"Assets/Scripts/Editor/TournamentResultModalBuilder.cs","code","RANK #1",CODE_DRIVEN,Rankings/Tournaments,N,,RANKINGS_TOURNAMENTS_RANK_1,,"Editor builder — not shipped at runtime"
"Assets/Scripts/Editor/TournamentResultModalBuilder.cs","code","12,000 + Trophy",CODE_DRIVEN,Rankings/Tournaments,N,,RANKINGS_TOURNAMENTS_12_000_TROPHY,,"Editor builder — not shipped at runtime"
"Assets/Scripts/Editor/VersusResultScreenBuilder.cs","code","USERNAME",CODE_DRIVEN,Hole/Results,N,,HOME_USERNAME,REUSE_EXISTING,"Editor builder — not shipped at runtime"
"Assets/Scripts/Editor/VersusResultScreenBuilder.cs","code","RANK: <color=#50C878>#142</color>",CODE_DRIVEN,Hole/Results,N,,HOLE_RESULTS_RANK_COLOR_50C878_142_COLOR,,"Editor builder — not shipped at runtime"
"Assets/Scripts/Editor/VersusResultScreenBuilder.cs","code","USERNAME",CODE_DRIVEN,Hole/Results,N,,HOME_USERNAME,REUSE_EXISTING,"Editor builder — not shipped at runtime"
"Assets/Scripts/Editor/VersusResultScreenBuilder.cs","code","RANK: <color=#C04000>#255</color>",CODE_DRIVEN,Hole/Results,N,,HOLE_RESULTS_RANK_COLOR_C04000_255_COLOR,,"Editor builder — not shipped at runtime"
"Assets/Scripts/Editor/VersusResultScreenBuilder.cs","code","Vs.",CODE_DRIVEN,Hole/Results,N,,HOLE_RESULTS_VS,,"Editor builder — not shipped at runtime"
"Assets/Scripts/Editor/VersusResultScreenBuilder.cs","code","HOLE",CODE_DRIVEN,Hole/Results,N,,HOLE_RESULTS_HOLE,,"Editor builder — not shipped at runtime"
"Assets/Scripts/Editor/VersusResultScreenBuilder.cs","code","Lomond Country Club  - Hole 5",CODE_DRIVEN,Hole/Results,N,,HOME_COURSE_NAME,REUSE_EXISTING,"Editor builder — not shipped at runtime"
"Assets/Scripts/Editor/VersusResultScreenBuilder.cs","code","x200",CODE_DRIVEN,Hole/Results,N,,HOLE_RESULTS_X200,,"Editor builder — not shipped at runtime"
"Assets/Scripts/Editor/VersusResultScreenBuilder.cs","code","x04",CODE_DRIVEN,Hole/Results,N,,HOLE_RESULTS_X04,,"Editor builder — not shipped at runtime"
"Assets/Scripts/Editor/VersusResultScreenBuilder.cs","code","x02",CODE_DRIVEN,Hole/Results,N,,HOLE_RESULTS_X02,,"Editor builder — not shipped at runtime"
"Assets/Scripts/Editor/VersusResultScreenBuilder.cs","code","NEW MATCH",CODE_DRIVEN,Hole/Results,N,,HOLE_RESULTS_NEW_MATCH,,"Editor builder — not shipped at runtime"
"Assets/Scripts/UI/HomeScreenController.cs","code","0",CODE_DRIVEN,Persistent/Home,N,,PERSISTENT_HOME_0,,""
"Assets/Scripts/UI/HomeScreenController.cs","code","Player",CODE_DRIVEN,Persistent/Home,N,,PERSISTENT_HOME_PLAYER,,""
"Assets/Scripts/UI/LoadingScreenController.cs","code","0%",CODE_DRIVEN,Other,N,,OTHER_0,,""
"Assets/Scripts/UI/PersistentUIManager.cs","code","LEADERBOARD",CODE_DRIVEN,Persistent/Home,N,,PERSISTENT_HOME_LEADERBOARD,,""
"Assets/Scripts/UI/PersistentUIManager.cs","code","MODE SELECTION",CODE_DRIVEN,Persistent/Home,N,,PERSISTENT_HOME_MODE_SELECTION,,""
"Assets/Scripts/UI/PersistentUIManager.cs","code","SELECT HOLE",CODE_DRIVEN,Persistent/Home,N,,PERSISTENT_HOME_SELECT_HOLE,,""
"Assets/Scripts/UI/PersistentUIManager.cs","code","TOURNAMENT LEADERBOARD",CODE_DRIVEN,Persistent/Home,N,,PERSISTENT_HOME_TOURNAMENT_LEADERBOARD,,""
"Assets/Scripts/UI/PersistentUIManager.cs","code","TOURNAMENTS",CODE_DRIVEN,Persistent/Home,N,,PERSISTENT_HOME_TOURNAMENTS,,""
"Assets/Scripts/UI/PersistentUIManager.cs","code","BOOST STAMINA",CODE_DRIVEN,Persistent/Home,N,,PERSISTENT_HOME_BOOST_STAMINA,,""
"Assets/Scripts/UI/PersistentUIManager.cs","code","REWARDS CENTER",CODE_DRIVEN,Persistent/Home,N,,PERSISTENT_HOME_REWARDS_CENTER,,""
"Assets/Scripts/Editor/Archive/ClubDetailPanelBuilder.cs","code","INFO",CODE_DRIVEN,Inventory/Bag,N,,CLUB_INFO,REUSE_EXISTING,"Editor builder — not shipped at runtime"
"Assets/Scripts/Editor/Archive/ClubDetailPanelBuilder.cs","code","CLUB NAME",CODE_DRIVEN,Inventory/Bag,N,,INVENTORY_BAG_CLUB_NAME,,"Editor builder — not shipped at runtime"
"Assets/Scripts/Editor/Archive/ClubDetailPanelBuilder.cs","code","IN BAG 1",CODE_DRIVEN,Inventory/Bag,N,,INVENTORY_BAG_IN_BAG_1,,"Editor builder — not shipped at runtime"
"Assets/Scripts/Editor/Archive/ClubDetailPanelBuilder.cs","code","COMMON",CODE_DRIVEN,Inventory/Bag,N,,RARITY_COMMON,REUSE_EXISTING,"Editor builder — not shipped at runtime"
"Assets/Scripts/Editor/Archive/ClubDetailPanelBuilder.cs","code","Lv 1",CODE_DRIVEN,Inventory/Bag,N,,INVENTORY_BAG_LV_1,,"Editor builder — not shipped at runtime"
"Assets/Scripts/Editor/Archive/ClubDetailPanelBuilder.cs","code","/119",CODE_DRIVEN,Inventory/Bag,N,,INVENTORY_BAG_119,,"Editor builder — not shipped at runtime"
"Assets/Scripts/Editor/Archive/ClubDetailPanelBuilder.cs","code","75/100",CODE_DRIVEN,Inventory/Bag,N,,INVENTORY_BAG_75_100,,"Editor builder — not shipped at runtime"
"Assets/Scripts/Editor/Archive/ClubDetailPanelBuilder.cs","code","DISTANCE",CODE_DRIVEN,Inventory/Bag,N,,CLUB_DISTANCE,REUSE_EXISTING,"Editor builder — not shipped at runtime"
"Assets/Scripts/Editor/Archive/ClubDetailPanelBuilder.cs","code","250 yd",CODE_DRIVEN,Inventory/Bag,N,,INVENTORY_BAG_250_YD,,"Editor builder — not shipped at runtime"
"Assets/Scripts/Editor/Archive/CompareRightPanelBuilder.cs","code","TAP ANY CHARACTER\nTO COMPARE STATS",CODE_DRIVEN,Other,N,,OTHER_TAP_ANY_CHARACTER_NTO_COMPARE_ST,,"Editor builder — not shipped at runtime"
"Assets/Scripts/Editor/Archive/LevelUpModalPatcher.cs","code","0",CODE_DRIVEN,Other,N,,OTHER_0,,"Editor builder — not shipped at runtime"
"Assets/Scripts/Editor/Archive/LevelUpModalPatcher.cs","code","/0",CODE_DRIVEN,Other,N,,OTHER_0,,"Editor builder — not shipped at runtime"
"Assets/Scripts/Editor/Archive/RosterPrefabBuilder.cs","code","Elizabeth",CODE_DRIVEN,Roster,N,,ROSTER_ELIZABETH,,"Editor builder — not shipped at runtime"
"Assets/Scripts/Editor/Archive/RosterPrefabBuilder.cs","code","R",CODE_DRIVEN,Roster,N,,ROSTER_R,,"Editor builder — not shipped at runtime"
"Assets/Scripts/Editor/Archive/RosterPrefabBuilder.cs","code","Lv 1",CODE_DRIVEN,Roster,N,,ROSTER_LV_1,,"Editor builder — not shipped at runtime"
"Assets/Scripts/Editor/Archive/RosterPrefabBuilder.cs","code","STRENGTH",CODE_DRIVEN,Roster,N,,ROSTER_STRENGTH,REUSE_EXISTING,"Editor builder — not shipped at runtime"
"Assets/Scripts/Editor/Archive/RosterPrefabBuilder.cs","code","12/30",CODE_DRIVEN,Roster,N,,ROSTER_12_30,,"Editor builder — not shipped at runtime"
"Assets/Scripts/Editor/Archive/RosterScreenBuilder.cs","code","R 0",CODE_DRIVEN,Roster,N,,ROSTER_R_0,,"Editor builder — not shipped at runtime"
"Assets/Scripts/Editor/Archive/RosterScreenBuilder.cs","code","ROSTER",CODE_DRIVEN,Roster,N,,ROSTER_TITLE,REUSE_EXISTING,"Editor builder — not shipped at runtime"
"Assets/Scripts/Editor/Archive/RosterScreenBuilder.cs","code","Detail Panel\n(Select a character)",CODE_DRIVEN,Roster,N,,ROSTER_DETAIL_PANEL_N_SELECT_A_CHARACTE,,"Editor builder — not shipped at runtime"
"Assets/Scripts/Editor/CanvasScalerMigration/CanvasScalerTestSceneBuilder.cs","code","180x180 box (Figma 1170 ref)",CODE_DRIVEN,Other,N,,OTHER_180X180_BOX_FIGMA_1170_REF,,"Editor builder — not shipped at runtime"
"Assets/Scripts/Editor/CanvasScalerMigration/HoleCompleteWidgetBuilder.cs","code","Lomond Country Club  - Hole 1 - Par 5",CODE_DRIVEN,Other,N,,OTHER_LOMOND_COUNTRY_CLUB_HOLE_1_PAR_5,,"Editor builder — not shipped at runtime"
"Assets/Scripts/Editor/CanvasScalerMigration/HoleCompleteWidgetBuilder.cs","code","<b>TEE OFF:</b> REGULAR\n<b>STROKES:</b> <color=#50C878>4 (BIRDIE)</color>\n<b>BEST:</b> 5 (PAR)\n<b>TIME:</b> 00:02:34\n<b>BEST:</b> 00:02:34",CODE_DRIVEN,Other,N,,OTHER_B_TEE_OFF_B_REGULAR_N_B_STROKES,,"Editor builder — not shipped at runtime"
"Assets/Scripts/Editor/CanvasScalerMigration/HoleCompleteWidgetBuilder.cs","code","Lomond Country Club  - Hole 2 - Par 4",CODE_DRIVEN,Other,N,,OTHER_LOMOND_COUNTRY_CLUB_HOLE_2_PAR_4,,"Editor builder — not shipped at runtime"
"Assets/Scripts/Editor/CanvasScalerMigration/HoleCompleteWidgetBuilder.cs","code","HOLE OUT",CODE_DRIVEN,Other,N,,OTHER_HOLE_OUT,,"Editor builder — not shipped at runtime"
"Assets/Scripts/Editor/CanvasScalerMigration/HoleCompleteWidgetBuilder.cs","code","Lomond Country Club  - Hole 1 - Par 4",CODE_DRIVEN,Other,N,,OTHER_LOMOND_COUNTRY_CLUB_HOLE_1_PAR_4,,"Editor builder — not shipped at runtime"
"Assets/Scripts/Editor/CanvasScalerMigration/HoleCompleteWidgetBuilder.cs","code","<b>TEE OFF:</b> REGULAR\n<b>STROKES:</b> 1 (BIRDIE)\n<b>BEST:</b> —\n<b>TIME:</b> 00:00:00\n<b>BEST:</b> —",CODE_DRIVEN,Other,N,,OTHER_B_TEE_OFF_B_REGULAR_N_B_STROKES,,"Editor builder — not shipped at runtime"
"Assets/Scripts/Editor/CanvasScalerMigration/HoleCompleteWidgetBuilder.cs","code","The tee shot is best aimed at the sloping area in the center of the two-tiered fairway, where the right side is wide. The landing spot of the second shot is crucial.",CODE_DRIVEN,Other,N,,OTHER_THE_TEE_SHOT_IS_BEST_AIMED_AT_TH,,"Editor builder — not shipped at runtime"
"Assets/Scripts/Editor/CanvasScalerMigration/IndicatorWidgetBuilder.cs","code","0.0 mph",CODE_DRIVEN,Other,N,,OTHER_0_0_MPH,,"Editor builder — not shipped at runtime"
"Assets/Scripts/Editor/CanvasScalerMigration/IndicatorWidgetBuilder.cs","code","0 yds",CODE_DRIVEN,Other,N,,OTHER_0_YDS,,"Editor builder — not shipped at runtime"
"Assets/Scripts/Physics/Viewer/CameraModeDebugHUD.cs","code","CAM: —   BALL: —",CODE_DRIVEN,Other,N,,OTHER_CAM_BALL,,""
"Assets/Scripts/Physics/Viewer/PhysicsLabUI.cs","code","— no hole loaded —",CODE_DRIVEN,Other,N,,OTHER_NO_HOLE_LOADED,,""
"Assets/Scripts/UI/HoleSelection/HoleCardController.cs","code","REPLAY",CODE_DRIVEN,Hole/Results,N,,HOLE_RESULTS_REPLAY,,""
"Assets/Scripts/UI/HoleSelection/HoleCardController.cs","code","PLAY",CODE_DRIVEN,Hole/Results,N,,BTN_START,REUSE_EXISTING,""
"Assets/Scripts/UI/HoleSelection/HoleSelectionScreenController.cs","code","LOMOND 28/72",CODE_DRIVEN,Hole/Results,N,,HOLE_RESULTS_LOMOND_28_72,,""
"Assets/Scripts/UI/HoleSelection/HoleSelectionScreenController.cs","code","YAITA - KIKYOU",CODE_DRIVEN,Hole/Results,N,,HOLE_RESULTS_YAITA_KIKYOU,,""
"Assets/Scripts/UI/HoleSelection/HoleSelectionScreenController.cs","code","LADIES 18/18",CODE_DRIVEN,Hole/Results,N,,HOLE_RESULTS_LADIES_18_18,,""
"Assets/Scripts/UI/HoleSelection/HoleSelectionScreenController.cs","code","FRONT 10/18",CODE_DRIVEN,Hole/Results,N,,HOLE_RESULTS_FRONT_10_18,,""
"Assets/Scripts/UI/HoleSelection/HoleSelectionScreenController.cs","code","REGULAR 0/18",CODE_DRIVEN,Hole/Results,N,,HOLE_RESULTS_REGULAR_0_18,,""
"Assets/Scripts/UI/HoleSelection/HoleSelectionScreenController.cs","code","BACK 0/18",CODE_DRIVEN,Hole/Results,N,,HOLE_RESULTS_BACK_0_18,,""
"Assets/Scripts/UI/Inventory/BallCompareController.cs","code","0",CODE_DRIVEN,Inventory/Bag,N,,INVENTORY_BAG_0,,""
"Assets/Scripts/UI/Inventory/BallDetailPanel.cs","code","0",CODE_DRIVEN,Inventory/Bag,N,,INVENTORY_BAG_0,,""
"Assets/Scripts/UI/Inventory/ClubCompareController.cs","code"," ",CODE_DRIVEN,Inventory/Bag,N,,INVENTORY_BAG_,,""
"Assets/Scripts/UI/Inventory/ClubDetailPanel.cs","code"," ",CODE_DRIVEN,Inventory/Bag,N,,INVENTORY_BAG_,,""
"Assets/Scripts/UI/Inventory/ClubLevelUpModalController.cs","code","-",CODE_DRIVEN,Inventory/Bag,N,,INVENTORY_BAG_,,""
"Assets/Scripts/UI/Inventory/ClubLevelUpModalController.cs","code","-",CODE_DRIVEN,Inventory/Bag,N,,INVENTORY_BAG_,,""
"Assets/Scripts/UI/Inventory/ItemDetailPanel.cs","code","GOLFIN",CODE_DRIVEN,Inventory/Bag,N,,INVENTORY_BAG_GOLFIN,,""
"Assets/Scripts/UI/Matchmaking/MatchmakingModalController.cs","code","You",CODE_DRIVEN,Hole/Results,N,,HOLE_RESULTS_YOU,,""
"Assets/Scripts/UI/Matchmaking/VersusResultScreenController.cs","code","You",CODE_DRIVEN,Hole/Results,N,,HOLE_RESULTS_YOU,,""
"Assets/Scripts/UI/Rankings/RankingsScreenController.cs","code","DIAMOND LEAGUE",CODE_DRIVEN,Rankings/Tournaments,N,,RANKINGS_TOURNAMENTS_DIAMOND_LEAGUE,,""
"Assets/Scripts/UI/Rankings/RankingsScreenController.cs","code","RESETS IN: 0s",CODE_DRIVEN,Rankings/Tournaments,N,,RANKINGS_TOURNAMENTS_RESETS_IN_0S,,""
"Assets/Scripts/UI/Shop/GeneralShopCard.cs","code","OWNED",CODE_DRIVEN,Shop/Gacha,N,,BALL_OWNED,REUSE_EXISTING,""
"Assets/Scripts/UI/Shop/GeneralShopCard.cs","code","BUY",CODE_DRIVEN,Shop/Gacha,N,,SHOP_GACHA_BUY,,""
"Assets/Scripts/UI/Shop/StaminaShopDetailScreenController.cs","code","House special",CODE_DRIVEN,Shop/Gacha,N,,SHOP_GACHA_HOUSE_SPECIAL,,""
"Assets/Scripts/UI/Tournaments/TournamentLeaderboardScreenController.cs","code","SPONSORED BY ",CODE_DRIVEN,Rankings/Tournaments,N,,RANKINGS_TOURNAMENTS_SPONSORED_BY,,""
"Assets/Scripts/UI/Tournaments/TournamentLeaderboardScreenController.cs","code"," - Lv ",CODE_DRIVEN,Rankings/Tournaments,N,,RANKINGS_TOURNAMENTS_LV,,""
"Assets/Scripts/UI/Tournaments/TournamentLeaderboardScreenController.cs","code","Lv ",CODE_DRIVEN,Rankings/Tournaments,N,,RANKINGS_TOURNAMENTS_LV,,""
"Assets/Scripts/UI/Tournaments/TournamentSelectionCard.cs","code","ENTERED",CODE_DRIVEN,Rankings/Tournaments,N,,RANKINGS_TOURNAMENTS_ENTERED,,""
"Assets/Scripts/UI/Tournaments/TournamentSelectionCard.cs","code","FREE ENTRY",CODE_DRIVEN,Rankings/Tournaments,N,,RANKINGS_TOURNAMENTS_FREE_ENTRY,,""
"Assets/Scripts/UI/Tournaments/TournamentSignupModalController.cs","code","ENTRY",CODE_DRIVEN,Account,N,,ACCOUNT_ENTRY,,""
"Assets/Scripts/Gameplay/UI/ShotUI/ClubButtonWidget.cs","code","SHOOT",CODE_DRIVEN,Inventory/Bag,N,,INVENTORY_BAG_SHOOT,,""
"Assets/Scripts/Gameplay/UI/ShotUI/FadeDrawButtonWidget.cs","code","STRAIGHT",CODE_DRIVEN,Other,N,,OTHER_STRAIGHT,,""
"Assets/Scripts/Gameplay/UI/ShotUI/FadeDrawButtonWidget.cs","code","FADE/\nDRAW",CODE_DRIVEN,Other,N,,OTHER_FADE_NDRAW,,""
"Assets/Scripts/Gameplay/UI/ShotUI/MapViewController.cs","code","SHOOT",CODE_DRIVEN,Other,N,,OTHER_SHOOT,,""
"Assets/Scripts/Physics/Viewer/Editor/GreenTuningPanelBuilder.cs","code","G",CODE_DRIVEN,Other,N,,OTHER_G,,"Editor builder — not shipped at runtime"
"Assets/Scripts/Physics/Viewer/Editor/GreenTuningPanelBuilder.cs","code","GREEN TUNING",CODE_DRIVEN,Other,N,,OTHER_GREEN_TUNING,,"Editor builder — not shipped at runtime"
"Assets/Scripts/Physics/Viewer/Editor/GreenTuningPanelBuilder.cs","code","Reset",CODE_DRIVEN,Other,N,,MODAL_RESET,REUSE_EXISTING,"Editor builder — not shipped at runtime"
"Assets/Scripts/UI/Inventory/Editor/BallCompareBuilder.cs","code","TAP ON ANY OTHER BALL TO COMPARE STATS",CODE_DRIVEN,Inventory/Bag,N,,INVENTORY_BAG_TAP_ON_ANY_OTHER_BALL_TO_COMPARE,,"Editor builder — not shipped at runtime"
"Assets/Scripts/UI/Inventory/Editor/ClubCompareRightPanelBuilder.cs","code","TAP ON ANY OTHER CLUB TO COMPARE STATS",CODE_DRIVEN,Inventory/Bag,N,,CLUB_COMPARE_EMPTY_PROMPT,REUSE_EXISTING,"Editor builder — not shipped at runtime"
"Assets/Scripts/UI/Inventory/Editor/InventoryScreenBuilder.cs","code","INVENTORY",CODE_DRIVEN,Inventory/Bag,N,,INVENTORY_BAG_INVENTORY,,"Editor builder — not shipped at runtime"
"Assets/Scripts/UI/Inventory/Editor/ItemUseClubCardBuilder.cs","code","R",CODE_DRIVEN,Inventory/Bag,N,,INVENTORY_BAG_R,,"Editor builder — not shipped at runtime"
"Assets/Scripts/UI/Inventory/Editor/ItemUseClubCardBuilder.cs","code","Lv10",CODE_DRIVEN,Inventory/Bag,N,,INVENTORY_BAG_LV10,,"Editor builder — not shipped at runtime"
"Assets/Scripts/UI/Inventory/Editor/ItemUseClubCardBuilder.cs","code","DRIVER\nG&F",CODE_DRIVEN,Inventory/Bag,N,,INVENTORY_BAG_DRIVER_NG_F,,"Editor builder — not shipped at runtime"
"Assets/Scripts/UI/Inventory/Editor/ItemUseClubCardBuilder.cs","code","DIST",CODE_DRIVEN,Inventory/Bag,N,,INVENTORY_BAG_DIST,,"Editor builder — not shipped at runtime"
"Assets/Scripts/UI/Inventory/Editor/ItemUseClubCardBuilder.cs","code","150 yd",CODE_DRIVEN,Inventory/Bag,N,,INVENTORY_BAG_150_YD,,"Editor builder — not shipped at runtime"
"Assets/Scripts/UI/Inventory/Editor/ItemUseClubCardBuilder.cs","code","USE REPAIR KIT",CODE_DRIVEN,Inventory/Bag,N,,ITEM_USE_REPAIR_KIT,REUSE_EXISTING,"Editor builder — not shipped at runtime"
"Assets/Scripts/UI/Inventory/Editor/ItemUseClubCardBuilder.cs","code","50",CODE_DRIVEN,Inventory/Bag,N,,INVENTORY_BAG_50,,"Editor builder — not shipped at runtime"
"Assets/Scripts/UI/Inventory/Editor/ItemUseModalBuilder.cs","code","SELECT CLUB",CODE_DRIVEN,Inventory/Bag,N,,ITEM_SELECT_CLUB,REUSE_EXISTING,"Editor builder — not shipped at runtime"
"Assets/Scripts/UI/Roster/UI/CharacterDetailPanel.cs","code","Bio coming soon.",CODE_DRIVEN,Roster,N,,ROSTER_BIO_COMING_SOON,,""
"Assets/Scripts/UI/Roster/UI/LevelUpModalController.cs","code","MAX",CODE_DRIVEN,Roster,N,,CLUB_MODAL_MAX,REUSE_EXISTING,""
"Assets/Scripts/UI/Roster/UI/LevelUpModalController.cs","code","-",CODE_DRIVEN,Roster,N,,ROSTER_,,""
"Assets/Scripts/UI/Roster/UI/LevelUpModalController.cs","code","-",CODE_DRIVEN,Roster,N,,ROSTER_,,""
"Assets/Scripts/Physics/Viewer/Bot/Editor/AudioFidelityCapture.cs","code","ORDER 350 — AUDIO FIDELITY TOUR",CODE_DRIVEN,Other,N,,OTHER_ORDER_350_AUDIO_FIDELITY_TOUR,,"Editor builder — not shipped at runtime"
