frame,time,x,y,z,vy,groundY,signedDist,zoneType,phase,dGroundY,zoneFlip
0,0.0000,39.378,10.851,32.220,22.498,10.831,0.020,Fairway,airborne,0.000,0
1,0.0042,39.274,10.945,32.180,22.441,10.829,0.116,Fairway,airborne,-0.002,0
2,0.0083,39.170,11.038,32.139,22.385,10.827,0.211,Fairway,airborne,-0.002,0
3,0.0125,39.066,11.132,32.098,22.329,10.825,0.306,Fairway,airborne,-0.002,0
4,0.0167,38.962,11.224,32.058,22.273,10.823,0.401,Fairway,airborne,-0.002,0
5,0.0208,38.859,11.317,32.017,22.217,10.821,0.496,Fairway,airborne,-0.002,0
6,0.0250,38.755,11.409,31.977,22.161,10.819,0.590,Fairway,airborne,-0.002,0
7,0.0292,38.652,11.502,31.936,22.105,10.817,0.684,Fairway,airborne,-0.002,0
8,0.0333,38.548,11.594,31.896,22.049,10.815,0.778,Fairway,airborne,-0.002,0
9,0.0375,38.445,11.685,31.855,21.994,10.813,0.872,Fairway,airborne,-0.002,0
10,0.0417,38.341,11.777,31.815,21.938,10.811,0.966,Fairway,airborne,-0.002,0
11,0.0458,38.238,11.868,31.775,21.883,10.809,1.059,Fairway,airborne,-0.002,0
12,0.0500,38.135,11.959,31.734,21.827,10.807,1.152,Fairway,airborne,-0.002,0
13,0.0542,38.032,12.050,31.694,21.772,10.805,1.245,Fairway,airborne,-0.002,0
14,0.0583,37.929,12.141,31.653,21.717,10.803,1.337,Fairway,airborne,-0.002,0
15,0.0625,37.826,12.231,31.613,21.662,10.801,1.430,Fairway,airborne,-0.002,0
16,0.0667,37.723,12.321,31.573,21.606,10.799,1.522,Fairway,airborne,-0.002,0
17,0.0708,37.620,12.411,31.533,21.551,10.797,1.614,Fairway,airborne,-0.002,0
18,0.0750,37.517,12.501,31.493,21.497,10.795,1.706,Fairway,airborne,-0.002,0
19,0.0791,37.414,12.590,31.452,21.442,10.793,1.797,Fairway,airborne,-0.002,0
20,0.0833,37.312,12.679,31.412,21.387,10.791,1.888,Fairway,airborne,-0.002,0
21,0.0875,37.209,12.768,31.372,21.332,10.789,1.979,Fairway,airborne,-0.002,0
22,0.0916,37.107,12.857,31.332,21.277,10.787,2.070,Fairway,airborne,-0.002,0
23,0.0958,37.004,12.945,31.292,21.223,10.785,2.161,Fairway,airborne,-0.002,0
24,0.1000,36.902,13.034,31.252,21.168,10.783,2.251,Fairway,airborne,-0.002,0
25,0.1041,36.799,13.122,31.212,21.114,10.781,2.341,Fairway,airborne,-0.002,0
26,0.1083,36.697,13.210,31.172,21.060,10.779,2.431,Fairway,airborne,-0.002,0
27,0.1125,36.595,13.297,31.132,21.005,10.776,2.521,Fairway,airborne,-0.002,0
28,0.1166,36.493,13.385,31.092,20.951,10.774,2.610,Fairway,airborne,-0.002,0
29,0.1208,36.391,13.472,31.052,20.897,10.772,2.700,Fairway,airborne,-0.002,0
30,0.1250,36.289,13.559,31.012,20.843,10.770,2.789,Fairway,airborne,-0.002,0
31,0.1291,36.187,13.645,30.972,20.789,10.768,2.877,Fairway,airborne,-0.002,0
32,0.1333,36.085,13.732,30.932,20.735,10.766,2.966,Fairway,airborne,-0.002,0
33,0.1375,35.983,13.818,30.893,20.681,10.764,3.054,Fairway,airborne,-0.002,0
34,0.1416,35.881,13.904,30.853,20.627,10.762,3.142,Fairway,airborne,-0.002,0
35,0.1458,35.780,13.990,30.813,20.574,10.760,3.230,Fairway,airborne,-0.002,0
36,0.1500,35.678,14.076,30.773,20.520,10.758,3.318,Fairway,airborne,-0.002,0
37,0.1541,35.577,14.161,30.733,20.466,10.756,3.405,Fairway,airborne,-0.002,0
38,0.1583,35.475,14.246,30.694,20.413,10.754,3.492,Fairway,airborne,-0.002,0
39,0.1625,35.374,14.331,30.654,20.359,10.752,3.579,Fairway,airborne,-0.002,0
40,0.1666,35.272,14.416,30.614,20.306,10.750,3.666,Fairway,airborne,-0.002,0
41,0.1708,35.171,14.500,30.575,20.253,10.747,3.753,Fairway,airborne,-0.002,0
42,0.1750,35.070,14.584,30.535,20.199,10.745,3.839,Fairway,airborne,-0.002,0
43,0.1791,34.969,14.668,30.496,20.146,10.743,3.925,Fairway,airborne,-0.002,0
44,0.1833,34.867,14.752,30.456,20.093,10.741,4.011,Fairway,airborne,-0.002,0
45,0.1875,34.766,14.836,30.417,20.040,10.739,4.097,Fairway,airborne,-0.002,0
46,0.1916,34.665,14.919,30.377,19.987,10.737,4.183,Fairway,airborne,-0.002,0
47,0.1958,34.564,15.002,30.338,19.934,10.734,4.268,Fairway,airborne,-0.002,0
48,0.2000,34.464,15.085,30.298,19.881,10.732,4.353,Fairway,airborne,-0.002,0
49,0.2041,34.363,15.168,30.259,19.829,10.730,4.438,Fairway,airborne,-0.002,0
50,0.2083,34.262,15.250,30.219,19.776,10.728,4.523,Fairway,airborne,-0.002,0
51,0.2124,34.161,15.333,30.180,19.723,10.725,4.607,Fairway,airborne,-0.002,0
52,0.2166,34.061,15.415,30.141,19.671,10.723,4.692,Fairway,airborne,-0.002,0
53,0.2208,33.960,15.497,30.101,19.618,10.721,4.776,Fairway,airborne,-0.002,0
54,0.2249,33.860,15.578,30.062,19.566,10.719,4.859,Fairway,airborne,-0.002,0
55,0.2291,33.759,15.660,30.023,19.513,10.716,4.943,Fairway,airborne,-0.002,0
56,0.2333,33.659,15.741,29.983,19.461,10.714,5.027,Fairway,airborne,-0.002,0
57,0.2374,33.558,15.822,29.944,19.409,10.712,5.110,Fairway,airborne,-0.002,0
58,0.2416,33.458,15.902,29.905,19.356,10.710,5.193,Fairway,airborne,-0.002,0
59,0.2458,33.358,15.983,29.866,19.304,10.708,5.275,Fairway,airborne,-0.002,0
60,0.2499,33.258,16.063,29.827,19.252,10.705,5.358,Fairway,airborne,-0.002,0
61,0.2541,33.158,16.143,29.787,19.200,10.703,5.440,Fairway,airborne,-0.002,0
62,0.2583,33.058,16.223,29.748,19.148,10.701,5.522,Fairway,airborne,-0.002,0
63,0.2624,32.958,16.303,29.709,19.096,10.699,5.604,Fairway,airborne,-0.002,0
64,0.2666,32.858,16.382,29.670,19.044,10.697,5.686,Fairway,airborne,-0.002,0
65,0.2708,32.758,16.461,29.631,18.988,10.694,5.767,Fairway,airborne,-0.002,0
66,0.2749,32.658,16.540,29.592,18.906,10.692,5.848,Fairway,airborne,-0.002,0
67,0.2791,32.559,16.619,29.553,18.824,10.690,5.929,Fairway,airborne,-0.002,0
68,0.2833,32.459,16.697,29.514,18.743,10.688,6.009,Fairway,airborne,-0.002,0
69,0.2874,32.360,16.775,29.475,18.663,10.686,6.089,Fairway,airborne,-0.002,0
70,0.2916,32.261,16.853,29.437,18.583,10.683,6.169,Fairway,airborne,-0.002,0
71,0.2958,32.163,16.930,29.398,18.503,10.681,6.249,Fairway,airborne,-0.002,0
72,0.2999,32.064,17.007,29.360,18.424,10.679,6.328,Fairway,airborne,-0.002,0
73,0.3041,31.966,17.083,29.321,18.345,10.676,6.407,Fairway,airborne,-0.002,0
74,0.3083,31.868,17.160,29.283,18.266,10.674,6.485,Fairway,airborne,-0.002,0
75,0.3124,31.770,17.235,29.245,18.188,10.672,6.563,Fairway,airborne,-0.002,0
76,0.3166,31.673,17.311,29.207,18.110,10.670,6.641,Fairway,airborne,-0.002,0
77,0.3208,31.575,17.386,29.168,18.032,10.668,6.719,Fairway,airborne,-0.002,0
78,0.3249,31.478,17.461,29.130,17.955,10.665,6.796,Fairway,airborne,-0.002,0
79,0.3291,31.381,17.536,29.092,17.878,10.663,6.873,Fairway,airborne,-0.002,0
80,0.3333,31.284,17.610,29.054,17.802,10.661,6.949,Fairway,airborne,-0.002,0
81,0.3374,31.187,17.684,29.017,17.726,10.659,7.025,Fairway,airborne,-0.002,0
82,0.3416,31.091,17.758,28.979,17.650,10.657,7.101,Fairway,airborne,-0.002,0
83,0.3457,30.995,17.831,28.941,17.575,10.655,7.177,Fairway,airborne,-0.002,0
84,0.3499,30.899,17.904,28.904,17.500,10.652,7.252,Fairway,airborne,-0.002,0
85,0.3541,30.803,17.977,28.866,17.425,10.650,7.327,Fairway,airborne,-0.002,0
86,0.3582,30.707,18.049,28.829,17.350,10.648,7.401,Fairway,airborne,-0.002,0
87,0.3624,30.611,18.122,28.791,17.276,10.646,7.476,Fairway,airborne,-0.002,0
88,0.3666,30.516,18.193,28.754,17.203,10.644,7.550,Fairway,airborne,-0.002,0
89,0.3707,30.421,18.265,28.717,17.129,10.641,7.623,Fairway,airborne,-0.002,0
90,0.3749,30.326,18.336,28.680,17.056,10.639,7.697,Fairway,airborne,-0.002,0
91,0.3791,30.231,18.407,28.643,16.983,10.637,7.770,Fairway,airborne,-0.002,0
92,0.3832,30.136,18.478,28.606,16.911,10.635,7.843,Fairway,airborne,-0.002,0
93,0.3874,30.042,18.548,28.569,16.838,10.632,7.916,Fairway,airborne,-0.002,0
94,0.3916,29.948,18.618,28.532,16.766,10.630,7.988,Fairway,airborne,-0.002,0
95,0.3957,29.854,18.688,28.495,16.695,10.628,8.060,Fairway,airborne,-0.002,0
96,0.3999,29.760,18.757,28.458,16.623,10.626,8.131,Fairway,airborne,-0.002,0
97,0.4041,29.666,18.826,28.422,16.552,10.624,8.202,Fairway,airborne,-0.002,0
98,0.4082,29.572,18.895,28.385,16.482,10.621,8.273,Fairway,airborne,-0.002,0
99,0.4124,29.479,18.963,28.348,16.411,10.619,8.344,Fairway,airborne,-0.002,0
100,0.4166,29.386,19.032,28.312,16.341,10.617,8.414,Fairway,airborne,-0.002,0
101,0.4207,29.293,19.099,28.276,16.271,10.615,8.485,Fairway,airborne,-0.002,0
102,0.4249,29.200,19.167,28.239,16.201,10.613,8.554,Fairway,airborne,-0.002,0
103,0.4291,29.107,19.234,28.203,16.132,10.611,8.624,Fairway,airborne,-0.002,0
104,0.4332,29.014,19.301,28.167,16.063,10.608,8.693,Fairway,airborne,-0.002,0
105,0.4374,28.922,19.368,28.131,15.994,10.606,8.762,Fairway,airborne,-0.002,0
106,0.4416,28.830,19.435,28.094,15.925,10.604,8.831,Fairway,airborne,-0.002,0
107,0.4457,28.737,19.501,28.058,15.857,10.602,8.899,Fairway,airborne,-0.002,0
108,0.4499,28.645,19.567,28.022,15.789,10.599,8.967,Fairway,airborne,-0.002,0
109,0.4541,28.554,19.632,27.987,15.721,10.597,9.035,Fairway,airborne,-0.002,0
110,0.4582,28.462,19.698,27.951,15.653,10.595,9.103,Fairway,airborne,-0.002,0
111,0.4624,28.371,19.763,27.915,15.586,10.593,9.170,Fairway,airborne,-0.002,0
112,0.4666,28.279,19.828,27.879,15.519,10.590,9.237,Fairway,airborne,-0.002,0
113,0.4707,28.188,19.892,27.844,15.452,10.588,9.304,Fairway,airborne,-0.002,0
114,0.4749,28.097,19.956,27.808,15.386,10.586,9.370,Fairway,airborne,-0.002,0
115,0.4790,28.006,20.020,27.772,15.319,10.584,9.436,Fairway,airborne,-0.002,0
116,0.4832,27.915,20.084,27.737,15.253,10.582,9.502,Fairway,airborne,-0.002,0
117,0.4874,27.825,20.147,27.701,15.187,10.580,9.567,Fairway,airborne,-0.002,0
118,0.4915,27.734,20.210,27.666,15.122,10.578,9.632,Fairway,airborne,-0.002,0
119,0.4957,27.644,20.273,27.631,15.056,10.576,9.697,Fairway,airborne,-0.002,0
120,0.4999,27.554,20.336,27.596,14.991,10.574,9.762,Fairway,airborne,-0.002,0
121,0.5040,27.464,20.398,27.560,14.926,10.572,9.826,Fairway,airborne,-0.002,0
122,0.5082,27.374,20.460,27.525,14.861,10.570,9.890,Fairway,airborne,-0.002,0
123,0.5124,27.285,20.522,27.490,14.797,10.568,9.954,Fairway,airborne,-0.002,0
124,0.5165,27.195,20.583,27.455,14.732,10.566,10.017,Fairway,airborne,-0.002,0
125,0.5207,27.106,20.645,27.420,14.668,10.564,10.081,Fairway,airborne,-0.002,0
126,0.5249,27.016,20.706,27.385,14.604,10.562,10.144,Fairway,airborne,-0.002,0
127,0.5290,26.927,20.766,27.350,14.540,10.560,10.207,Fairway,airborne,-0.002,0
128,0.5332,26.838,20.827,27.316,14.477,10.558,10.269,Fairway,airborne,-0.002,0
129,0.5374,26.749,20.887,27.281,14.414,10.555,10.331,Fairway,airborne,-0.002,0
130,0.5415,26.661,20.947,27.246,14.351,10.553,10.394,Fairway,airborne,-0.002,0
131,0.5457,26.572,21.006,27.211,14.288,10.551,10.455,Fairway,airborne,-0.002,0
132,0.5499,26.484,21.066,27.177,14.225,10.549,10.517,Fairway,airborne,-0.002,0
133,0.5540,26.395,21.125,27.142,14.163,10.546,10.578,Fairway,airborne,-0.002,0
134,0.5582,26.307,21.184,27.108,14.100,10.544,10.640,Fairway,airborne,-0.002,0
135,0.5624,26.219,21.242,27.073,14.038,10.542,10.700,Fairway,airborne,-0.002,0
136,0.5665,26.131,21.301,27.039,13.976,10.540,10.761,Fairway,airborne,-0.002,0
137,0.5707,26.043,21.359,27.005,13.914,10.538,10.821,Fairway,airborne,-0.002,0
138,0.5749,25.956,21.417,26.970,13.853,10.535,10.881,Fairway,airborne,-0.002,0
139,0.5790,25.868,21.474,26.936,13.792,10.533,10.941,Fairway,airborne,-0.002,0
140,0.5832,25.781,21.532,26.902,13.730,10.531,11.000,Fairway,airborne,-0.002,0
141,0.5874,25.694,21.589,26.868,13.669,10.529,11.059,Fairway,airborne,-0.002,0
142,0.5915,25.606,21.645,26.834,13.609,10.527,11.118,Fairway,airborne,-0.002,0
143,0.5957,25.519,21.702,26.800,13.548,10.526,11.176,Fairway,airborne,-0.002,0
144,0.5999,25.433,21.758,26.766,13.488,10.524,11.235,Fairway,airborne,-0.002,0
145,0.6040,25.346,21.814,26.732,13.427,10.522,11.293,Fairway,airborne,-0.002,0
146,0.6082,25.259,21.870,26.698,13.367,10.520,11.350,Fairway,airborne,-0.002,0
147,0.6124,25.173,21.926,26.664,13.307,10.518,11.408,Fairway,airborne,-0.002,0
148,0.6165,25.086,21.981,26.630,13.247,10.516,11.465,Fairway,airborne,-0.002,0
149,0.6207,25.000,22.036,26.597,13.188,10.514,11.522,Fairway,airborne,-0.002,0
150,0.6248,24.914,22.091,26.563,13.128,10.512,11.579,Fairway,airborne,-0.002,0
151,0.6290,24.828,22.145,26.529,13.069,10.510,11.636,Fairway,airborne,-0.002,0
152,0.6332,24.742,22.200,26.496,13.010,10.508,11.692,Fairway,airborne,-0.002,0
153,0.6373,24.656,22.254,26.462,12.951,10.506,11.748,Fairway,airborne,-0.002,0
154,0.6415,24.571,22.308,26.429,12.892,10.504,11.804,Fairway,airborne,-0.002,0
155,0.6457,24.485,22.361,26.395,12.834,10.502,11.859,Fairway,airborne,-0.002,0
156,0.6498,24.400,22.414,26.362,12.775,10.500,11.915,Fairway,airborne,-0.002,0
157,0.6540,24.314,22.468,26.328,12.717,10.498,11.970,Fairway,airborne,-0.002,0
158,0.6582,24.229,22.520,26.295,12.659,10.496,12.025,Fairway,airborne,-0.002,0
159,0.6623,24.144,22.573,26.262,12.601,10.494,12.079,Fairway,airborne,-0.002,0
160,0.6665,24.059,22.625,26.228,12.543,10.492,12.134,Fairway,airborne,-0.002,0
161,0.6707,23.974,22.678,26.195,12.485,10.490,12.188,Fairway,airborne,-0.002,0
162,0.6748,23.890,22.729,26.162,12.428,10.488,12.242,Fairway,airborne,-0.002,0
163,0.6790,23.805,22.781,26.129,12.371,10.486,12.295,Fairway,airborne,-0.002,0
164,0.6832,23.721,22.832,26.096,12.313,10.484,12.349,Fairway,airborne,-0.002,0
165,0.6873,23.636,22.884,26.063,12.256,10.482,12.402,Fairway,airborne,-0.002,0
166,0.6915,23.552,22.935,26.030,12.199,10.480,12.455,Fairway,airborne,-0.002,0
167,0.6957,23.468,22.985,25.997,12.142,10.478,12.508,Fairway,airborne,-0.002,0
168,0.6998,23.384,23.036,25.964,12.086,10.476,12.560,Fairway,airborne,-0.002,0
169,0.7040,23.300,23.086,25.931,12.029,10.474,12.612,Fairway,airborne,-0.002,0
170,0.7082,23.216,23.136,25.899,11.973,10.472,12.664,Fairway,airborne,-0.002,0
171,0.7123,23.132,23.186,25.866,11.917,10.470,12.716,Fairway,airborne,-0.002,0
172,0.7165,23.049,23.235,25.833,11.861,10.468,12.767,Fairway,airborne,-0.002,0
173,0.7207,22.965,23.284,25.800,11.805,10.466,12.818,Fairway,airborne,-0.002,0
174,0.7248,22.882,23.333,25.768,11.749,10.464,12.869,Fairway,airborne,-0.002,0
175,0.7290,22.798,23.382,25.735,11.693,10.462,12.920,Fairway,airborne,-0.002,0
176,0.7332,22.715,23.431,25.703,11.637,10.460,12.971,Fairway,airborne,-0.002,0
177,0.7373,22.632,23.479,25.670,11.582,10.458,13.021,Fairway,airborne,-0.002,0
178,0.7415,22.549,23.527,25.638,11.527,10.456,13.071,Fairway,airborne,-0.002,0
179,0.7457,22.466,23.575,25.605,11.471,10.454,13.121,Fairway,airborne,-0.002,0
180,0.7498,22.383,23.623,25.573,11.416,10.452,13.171,Fairway,airborne,-0.002,0
181,0.7540,22.301,23.670,25.541,11.361,10.450,13.220,Fairway,airborne,-0.002,0
182,0.7581,22.218,23.718,25.508,11.307,10.448,13.269,Fairway,airborne,-0.002,0
183,0.7623,22.136,23.765,25.476,11.252,10.446,13.318,Fairway,airborne,-0.002,0
184,0.7665,22.053,23.811,25.444,11.197,10.445,13.367,Fairway,airborne,-0.002,0
185,0.7706,21.971,23.858,25.412,11.143,10.443,13.415,Fairway,airborne,-0.002,0
186,0.7748,21.889,23.904,25.380,11.089,10.441,13.463,Fairway,airborne,-0.002,0
187,0.7790,21.807,23.950,25.347,11.034,10.439,13.511,Fairway,airborne,-0.002,0
188,0.7831,21.725,23.996,25.315,10.980,10.437,13.559,Fairway,airborne,-0.002,0
189,0.7873,21.643,24.042,25.283,10.926,10.436,13.606,Fairway,airborne,-0.002,0
190,0.7915,21.561,24.087,25.251,10.873,10.434,13.654,Fairway,airborne,-0.002,0
191,0.7956,21.479,24.132,25.219,10.819,10.432,13.701,Fairway,airborne,-0.002,0
192,0.7998,21.398,24.177,25.187,10.765,10.430,13.748,Fairway,airborne,-0.002,0
193,0.8040,21.316,24.222,25.156,10.712,10.428,13.794,Fairway,airborne,-0.002,0
194,0.8081,21.235,24.266,25.124,10.658,10.426,13.841,Fairway,airborne,-0.002,0
195,0.8123,21.154,24.311,25.092,10.605,10.424,13.887,Fairway,airborne,-0.002,0
196,0.8165,21.073,24.355,25.060,10.552,10.422,13.933,Fairway,airborne,-0.002,0
197,0.8206,20.991,24.399,25.028,10.499,10.420,13.979,Fairway,airborne,-0.002,0
198,0.8248,20.910,24.442,24.997,10.446,10.418,14.024,Fairway,airborne,-0.002,0
199,0.8290,20.830,24.486,24.965,10.393,10.416,14.070,Fairway,airborne,-0.002,0
200,0.8331,20.749,24.529,24.934,10.340,10.414,14.115,Fairway,airborne,-0.002,0
201,0.8373,20.668,24.572,24.902,10.287,10.412,14.159,Fairway,airborne,-0.002,0
202,0.8415,20.587,24.614,24.870,10.235,10.411,14.204,Fairway,airborne,-0.002,0
203,0.8456,20.507,24.657,24.839,10.183,10.409,14.248,Fairway,airborne,-0.002,0
204,0.8498,20.426,24.699,24.807,10.130,10.407,14.292,Fairway,airborne,-0.002,0
205,0.8540,20.346,24.741,24.776,10.078,10.405,14.336,Fairway,airborne,-0.002,0
206,0.8581,20.266,24.783,24.745,10.026,10.404,14.379,Fairway,airborne,-0.002,0
207,0.8623,20.185,24.825,24.713,9.974,10.402,14.423,Fairway,airborne,-0.002,0
208,0.8665,20.105,24.866,24.682,9.922,10.400,14.466,Fairway,airborne,-0.002,0
209,0.8706,20.025,24.908,24.651,9.870,10.399,14.509,Fairway,airborne,-0.002,0
210,0.8748,19.945,24.949,24.619,9.818,10.397,14.552,Fairway,airborne,-0.002,0
211,0.8790,19.866,24.989,24.588,9.767,10.395,14.594,Fairway,airborne,-0.002,0
212,0.8831,19.786,25.030,24.557,9.715,10.393,14.636,Fairway,airborne,-0.002,0
213,0.8873,19.706,25.070,24.526,9.664,10.392,14.679,Fairway,airborne,-0.002,0
214,0.8914,19.627,25.110,24.495,9.612,10.390,14.720,Fairway,airborne,-0.002,0
215,0.8956,19.547,25.150,24.464,9.561,10.388,14.762,Fairway,airborne,-0.002,0
216,0.8998,19.468,25.190,24.432,9.510,10.386,14.804,Fairway,airborne,-0.002,0
217,0.9039,19.388,25.230,24.401,9.459,10.385,14.845,Fairway,airborne,-0.002,0
218,0.9081,19.309,25.269,24.370,9.408,10.383,14.886,Fairway,airborne,-0.002,0
219,0.9123,19.230,25.308,24.339,9.357,10.381,14.927,Fairway,airborne,-0.002,0
220,0.9164,19.151,25.347,24.309,9.306,10.379,14.967,Fairway,airborne,-0.002,0
221,0.9206,19.072,25.385,24.278,9.256,10.378,15.008,Fairway,airborne,-0.002,0
222,0.9248,18.993,25.424,24.247,9.205,10.376,15.048,Fairway,airborne,-0.002,0
223,0.9289,18.914,25.462,24.216,9.155,10.374,15.088,Fairway,airborne,-0.002,0
224,0.9331,18.836,25.500,24.185,9.104,10.372,15.128,Fairway,airborne,-0.002,0
225,0.9373,18.757,25.538,24.154,9.054,10.371,15.167,Fairway,airborne,-0.002,0
226,0.9414,18.678,25.576,24.124,9.004,10.369,15.207,Fairway,airborne,-0.002,0
227,0.9456,18.600,25.613,24.093,8.953,10.367,15.246,Fairway,airborne,-0.002,0
228,0.9498,18.522,25.650,24.062,8.903,10.365,15.285,Fairway,airborne,-0.002,0
229,0.9539,18.443,25.687,24.032,8.853,10.363,15.324,Fairway,airborne,-0.002,0
230,0.9581,18.365,25.724,24.001,8.803,10.362,15.362,Fairway,airborne,-0.002,0
231,0.9623,18.287,25.760,23.971,8.754,10.360,15.401,Fairway,airborne,-0.002,0
232,0.9664,18.209,25.797,23.940,8.704,10.358,15.439,Fairway,airborne,-0.002,0
233,0.9706,18.131,25.833,23.909,8.654,10.356,15.477,Fairway,airborne,-0.002,0
234,0.9748,18.053,25.869,23.879,8.605,10.355,15.514,Fairway,airborne,-0.002,0
235,0.9789,17.975,25.905,23.849,8.555,10.353,15.552,Fairway,airborne,-0.002,0
236,0.9831,17.897,25.940,23.818,8.506,10.351,15.589,Fairway,airborne,-0.002,0
237,0.9873,17.820,25.975,23.788,8.456,10.350,15.626,Fairway,airborne,-0.002,0
238,0.9914,17.742,26.011,23.757,8.407,10.348,15.662,Fairway,airborne,-0.002,0
239,0.9956,17.664,26.045,23.727,8.358,10.346,15.699,Fairway,airborne,-0.002,0
240,0.9998,17.587,26.080,23.697,8.309,10.345,15.735,Fairway,airborne,-0.002,0
241,1.0039,17.510,26.115,23.666,8.260,10.343,15.771,Fairway,airborne,-0.002,0
242,1.0081,17.432,26.149,23.636,8.211,10.342,15.807,Fairway,airborne,-0.002,0
243,1.0123,17.355,26.183,23.606,8.162,10.340,15.843,Fairway,airborne,-0.002,0
244,1.0164,17.278,26.217,23.576,8.113,10.338,15.879,Fairway,airborne,-0.002,0
245,1.0206,17.201,26.251,23.546,8.064,10.337,15.914,Fairway,airborne,-0.002,0
246,1.0248,17.124,26.284,23.516,8.016,10.335,15.949,Fairway,airborne,-0.002,0
247,1.0289,17.047,26.317,23.485,7.967,10.333,15.984,Fairway,airborne,-0.002,0
248,1.0331,16.970,26.350,23.455,7.918,10.332,16.019,Fairway,airborne,-0.002,0
249,1.0372,16.893,26.383,23.425,7.870,10.330,16.053,Fairway,airborne,-0.002,0
250,1.0414,16.817,26.416,23.395,7.822,10.328,16.088,Fairway,airborne,-0.002,0
251,1.0456,16.740,26.448,23.365,7.773,10.327,16.122,Fairway,airborne,-0.002,0
252,1.0497,16.663,26.481,23.335,7.725,10.325,16.156,Fairway,airborne,-0.002,0
253,1.0539,16.587,26.513,23.306,7.677,10.324,16.189,Fairway,airborne,-0.002,0
254,1.0581,16.511,26.545,23.276,7.629,10.322,16.223,Fairway,airborne,-0.002,0
255,1.0622,16.434,26.576,23.246,7.581,10.320,16.256,Fairway,airborne,-0.002,0
256,1.0664,16.358,26.608,23.216,7.533,10.319,16.289,Fairway,airborne,-0.002,0
257,1.0706,16.282,26.639,23.186,7.485,10.317,16.322,Fairway,airborne,-0.002,0
258,1.0747,16.206,26.670,23.156,7.437,10.315,16.355,Fairway,airborne,-0.002,0
259,1.0789,16.130,26.701,23.127,7.389,10.314,16.387,Fairway,airborne,-0.002,0
260,1.0831,16.054,26.732,23.097,7.342,10.312,16.420,Fairway,airborne,-0.002,0
261,1.0872,15.978,26.762,23.067,7.294,10.311,16.452,Fairway,airborne,-0.002,0
262,1.0914,15.902,26.792,23.038,7.247,10.309,16.484,Fairway,airborne,-0.002,0
263,1.0956,15.826,26.823,23.008,7.199,10.307,16.515,Fairway,airborne,-0.002,0
264,1.0997,15.750,26.852,22.978,7.152,10.306,16.547,Fairway,airborne,-0.002,0
265,1.1039,15.675,26.882,22.949,7.104,10.304,16.578,Fairway,airborne,-0.002,0
266,1.1081,15.599,26.912,22.919,7.057,10.302,16.609,Fairway,airborne,-0.002,0
267,1.1122,15.524,26.941,22.890,7.010,10.301,16.640,Fairway,airborne,-0.002,0
268,1.1164,15.448,26.970,22.860,6.963,10.299,16.671,Fairway,airborne,-0.002,0
269,1.1206,15.373,26.999,22.831,6.916,10.298,16.701,Fairway,airborne,-0.002,0
270,1.1247,15.298,27.028,22.801,6.869,10.296,16.732,Fairway,airborne,-0.002,0
271,1.1289,15.222,27.056,22.772,6.822,10.294,16.762,Fairway,airborne,-0.002,0
272,1.1331,15.147,27.084,22.742,6.775,10.293,16.791,Fairway,airborne,-0.001,0
273,1.1372,15.072,27.113,22.713,6.728,10.292,16.821,Fairway,airborne,-0.001,0
274,1.1414,14.997,27.140,22.684,6.681,10.290,16.850,Fairway,airborne,-0.002,0
275,1.1456,14.922,27.168,22.654,6.634,10.288,16.880,Fairway,airborne,-0.002,0
276,1.1497,14.847,27.196,22.625,6.588,10.287,16.909,Fairway,airborne,-0.002,0
277,1.1539,14.772,27.223,22.596,6.541,10.285,16.938,Fairway,airborne,-0.002,0
278,1.1581,14.698,27.250,22.567,6.494,10.284,16.966,Fairway,airborne,-0.002,0
279,1.1622,14.623,27.277,22.537,6.448,10.282,16.995,Fairway,airborne,-0.002,0
280,1.1664,14.548,27.304,22.508,6.401,10.281,17.023,Fairway,airborne,-0.002,0
281,1.1705,14.474,27.330,22.479,6.355,10.279,17.051,Fairway,airborne,-0.002,0
282,1.1747,14.399,27.357,22.450,6.309,10.278,17.079,Fairway,airborne,-0.002,0
283,1.1789,14.325,27.383,22.421,6.262,10.276,17.107,Fairway,airborne,-0.002,0
284,1.1830,14.251,27.409,22.392,6.216,10.274,17.135,Fairway,airborne,-0.002,0
285,1.1872,14.176,27.435,22.362,6.170,10.273,17.162,Fairway,airborne,-0.002,0
286,1.1914,14.102,27.460,22.333,6.124,10.271,17.189,Fairway,airborne,-0.002,0
287,1.1955,14.028,27.486,22.304,6.078,10.270,17.216,Fairway,airborne,-0.002,0
288,1.1997,13.954,27.511,22.275,6.032,10.268,17.243,Fairway,airborne,-0.002,0
289,1.2039,13.880,27.536,22.246,5.986,10.267,17.269,Fairway,airborne,-0.002,0
290,1.2080,13.806,27.561,22.218,5.940,10.265,17.296,Fairway,airborne,-0.002,0
291,1.2122,13.732,27.585,22.189,5.894,10.263,17.322,Fairway,airborne,-0.002,0
292,1.2164,13.658,27.610,22.160,5.848,10.262,17.348,Fairway,airborne,-0.001,0
293,1.2205,13.584,27.634,22.131,5.803,10.261,17.374,Fairway,airborne,-0.001,0
294,1.2247,13.510,27.658,22.102,5.757,10.259,17.399,Fairway,airborne,-0.001,0
295,1.2289,13.437,27.682,22.073,5.711,10.258,17.425,Fairway,airborne,-0.001,0
296,1.2330,13.363,27.706,22.044,5.666,10.256,17.450,Fairway,airborne,-0.001,0
297,1.2372,13.289,27.729,22.016,5.620,10.255,17.475,Fairway,airborne,-0.001,0
298,1.2414,13.216,27.753,21.987,5.575,10.253,17.499,Fairway,airborne,-0.001,0
299,1.2455,13.143,27.776,21.958,5.529,10.252,17.524,Fairway,airborne,-0.001,0
300,1.2497,13.069,27.799,21.929,5.484,10.250,17.548,Fairway,airborne,-0.001,0
301,1.2539,12.996,27.821,21.901,5.439,10.249,17.572,Fairway,airborne,-0.001,0
302,1.2580,12.923,27.844,21.872,5.393,10.248,17.596,Fairway,airborne,-0.001,0
303,1.2622,12.849,27.866,21.843,5.348,10.246,17.620,Fairway,airborne,-0.001,0
304,1.2664,12.776,27.888,21.815,5.303,10.245,17.644,Fairway,airborne,-0.001,0
305,1.2705,12.703,27.910,21.786,5.258,10.243,17.667,Fairway,airborne,-0.001,0
306,1.2747,12.630,27.932,21.758,5.213,10.242,17.691,Fairway,airborne,-0.001,0
307,1.2789,12.557,27.954,21.729,5.168,10.240,17.714,Fairway,airborne,-0.001,0
308,1.2830,12.484,27.975,21.701,5.123,10.239,17.737,Fairway,airborne,-0.001,0
309,1.2872,12.411,27.997,21.672,5.078,10.237,17.759,Fairway,airborne,-0.001,0
310,1.2914,12.339,28.018,21.644,5.033,10.236,17.782,Fairway,airborne,-0.001,0
311,1.2955,12.266,28.038,21.615,4.988,10.234,17.804,Fairway,airborne,-0.001,0
312,1.2997,12.193,28.059,21.587,4.943,10.233,17.826,Fairway,airborne,-0.001,0
313,1.3038,12.121,28.080,21.558,4.898,10.232,17.848,Fairway,airborne,-0.001,0
314,1.3080,12.048,28.100,21.530,4.854,10.230,17.870,Fairway,airborne,-0.001,0
315,1.3122,11.976,28.120,21.502,4.809,10.229,17.891,Fairway,airborne,-0.001,0
316,1.3163,11.903,28.140,21.473,4.765,10.227,17.913,Fairway,airborne,-0.001,0
317,1.3205,11.831,28.160,21.445,4.720,10.226,17.934,Fairway,airborne,-0.001,0
318,1.3247,11.758,28.179,21.417,4.675,10.224,17.955,Fairway,airborne,-0.001,0
319,1.3288,11.686,28.199,21.388,4.631,10.223,17.976,Fairway,airborne,-0.001,0
320,1.3330,11.614,28.218,21.360,4.587,10.222,17.996,Fairway,airborne,-0.001,0
321,1.3372,11.542,28.237,21.332,4.542,10.220,18.017,Fairway,airborne,-0.001,0
322,1.3413,11.470,28.256,21.304,4.498,10.219,18.037,Fairway,airborne,-0.001,0
323,1.3455,11.398,28.274,21.276,4.453,10.217,18.057,Fairway,airborne,-0.001,0
324,1.3497,11.326,28.293,21.247,4.409,10.216,18.077,Fairway,airborne,-0.001,0
325,1.3538,11.254,28.311,21.219,4.365,10.214,18.097,Fairway,airborne,-0.001,0
326,1.3580,11.182,28.329,21.191,4.321,10.213,18.116,Fairway,airborne,-0.001,0
327,1.3622,11.110,28.347,21.163,4.277,10.212,18.136,Fairway,airborne,-0.001,0
328,1.3663,11.038,28.365,21.135,4.233,10.210,18.155,Fairway,airborne,-0.001,0
329,1.3705,10.967,28.382,21.107,4.188,10.209,18.174,Fairway,airborne,-0.001,0
330,1.3747,10.895,28.400,21.079,4.144,10.207,18.192,Fairway,airborne,-0.001,0
331,1.3788,10.823,28.417,21.051,4.101,10.206,18.211,Fairway,airborne,-0.001,0
332,1.3830,10.752,28.434,21.023,4.057,10.205,18.229,Fairway,airborne,-0.001,0
333,1.3872,10.680,28.451,20.995,4.013,10.203,18.248,Fairway,airborne,-0.001,0
334,1.3913,10.609,28.467,20.967,3.969,10.202,18.266,Fairway,airborne,-0.001,0
335,1.3955,10.538,28.484,20.939,3.925,10.200,18.283,Fairway,airborne,-0.001,0
336,1.3997,10.466,28.500,20.911,3.881,10.199,18.301,Fairway,airborne,-0.001,0
337,1.4038,10.395,28.516,20.883,3.838,10.198,18.318,Fairway,airborne,-0.001,0
338,1.4080,10.324,28.532,20.855,3.794,10.196,18.336,Fairway,airborne,-0.001,0
339,1.4122,10.253,28.548,20.828,3.750,10.195,18.353,Fairway,airborne,-0.001,0
340,1.4163,10.181,28.563,20.800,3.707,10.194,18.369,Fairway,airborne,-0.001,0
341,1.4205,10.110,28.578,20.772,3.663,10.192,18.386,Fairway,airborne,-0.001,0
342,1.4247,10.039,28.594,20.744,3.619,10.191,18.402,Fairway,airborne,-0.001,0
343,1.4288,9.968,28.609,20.716,3.576,10.190,18.419,Fairway,airborne,-0.001,0
344,1.4330,9.897,28.623,20.689,3.533,10.189,18.435,Fairway,airborne,-0.001,0
345,1.4371,9.827,28.638,20.661,3.489,10.187,18.451,Fairway,airborne,-0.001,0
346,1.4413,9.756,28.652,20.633,3.446,10.186,18.466,Fairway,airborne,-0.001,0
347,1.4455,9.685,28.667,20.606,3.402,10.185,18.482,Fairway,airborne,-0.001,0
348,1.4496,9.614,28.681,20.578,3.359,10.184,18.497,Fairway,airborne,-0.001,0
349,1.4538,9.544,28.695,20.550,3.316,10.182,18.512,Fairway,airborne,-0.001,0
350,1.4580,9.473,28.708,20.523,3.273,10.181,18.527,Fairway,airborne,-0.001,0
351,1.4621,9.403,28.722,20.495,3.229,10.180,18.542,Fairway,airborne,-0.001,0
352,1.4663,9.332,28.735,20.467,3.186,10.178,18.557,Fairway,airborne,-0.001,0
353,1.4705,9.262,28.748,20.440,3.143,10.177,18.571,Fairway,airborne,-0.001,0
354,1.4746,9.191,28.761,20.412,3.100,10.176,18.585,Fairway,airborne,-0.001,0
355,1.4788,9.121,28.774,20.385,3.057,10.175,18.600,Fairway,airborne,-0.001,0
356,1.4830,9.051,28.787,20.357,3.014,10.173,18.613,Fairway,airborne,-0.001,0
357,1.4871,8.980,28.799,20.330,2.971,10.172,18.627,Fairway,airborne,-0.001,0
358,1.4913,8.910,28.812,20.302,2.928,10.171,18.641,Fairway,airborne,-0.001,0
359,1.4955,8.840,28.824,20.275,2.885,10.170,18.654,Fairway,airborne,-0.001,0
360,1.4996,8.770,28.836,20.248,2.842,10.168,18.667,Fairway,airborne,-0.001,0
361,1.5038,8.700,28.847,20.220,2.799,10.167,18.680,Fairway,airborne,-0.001,0
362,1.5080,8.630,28.859,20.193,2.757,10.166,18.693,Fairway,airborne,-0.001,0
363,1.5121,8.560,28.870,20.165,2.714,10.164,18.706,Fairway,airborne,-0.001,0
364,1.5163,8.490,28.881,20.138,2.671,10.163,18.719,Fairway,airborne,-0.001,0
365,1.5205,8.420,28.893,20.111,2.628,10.161,18.731,Fairway,airborne,-0.001,0
366,1.5246,8.350,28.903,20.083,2.586,10.160,18.744,Fairway,airborne,-0.001,0
367,1.5288,8.281,28.914,20.056,2.543,10.158,18.756,Fairway,airborne,-0.001,0
368,1.5330,8.211,28.925,20.029,2.500,10.157,18.767,Fairway,airborne,-0.001,0
369,1.5371,8.141,28.935,20.002,2.458,10.156,18.779,Fairway,airborne,-0.001,0
370,1.5413,8.072,28.945,19.974,2.415,10.154,18.791,Fairway,airborne,-0.001,0
371,1.5455,8.002,28.955,19.947,2.373,10.153,18.802,Fairway,airborne,-0.001,0
372,1.5496,7.933,28.965,19.920,2.330,10.152,18.813,Fairway,airborne,-0.001,0
373,1.5538,7.863,28.974,19.893,2.288,10.150,18.824,Fairway,airborne,-0.001,0
374,1.5580,7.794,28.984,19.866,2.245,10.149,18.835,Fairway,airborne,-0.001,0
375,1.5621,7.724,28.993,19.839,2.203,10.148,18.845,Fairway,airborne,-0.001,0
376,1.5663,7.655,29.002,19.811,2.161,10.146,18.856,Fairway,airborne,-0.001,0
377,1.5705,7.586,29.011,19.784,2.118,10.145,18.866,Fairway,airborne,-0.001,0
378,1.5746,7.516,29.020,19.757,2.076,10.144,18.876,Fairway,airborne,-0.001,0
379,1.5788,7.447,29.028,19.730,2.034,10.142,18.886,Fairway,airborne,-0.001,0
380,1.5829,7.378,29.037,19.703,1.992,10.141,18.896,Fairway,airborne,-0.001,0
381,1.5871,7.309,29.045,19.676,1.949,10.140,18.905,Fairway,airborne,-0.001,0
382,1.5913,7.240,29.053,19.649,1.907,10.139,18.914,Fairway,airborne,-0.001,0
383,1.5954,7.171,29.061,19.622,1.865,10.137,18.923,Fairway,airborne,-0.001,0
384,1.5996,7.102,29.068,19.595,1.823,10.136,18.932,Fairway,airborne,-0.001,0
385,1.6038,7.033,29.076,19.568,1.781,10.135,18.941,Fairway,airborne,-0.001,0
386,1.6079,6.964,29.083,19.541,1.739,10.133,18.950,Fairway,airborne,-0.001,0
387,1.6121,6.896,29.090,19.514,1.697,10.132,18.958,Fairway,airborne,-0.001,0
388,1.6163,6.827,29.097,19.487,1.655,10.131,18.966,Fairway,airborne,-0.001,0
389,1.6204,6.758,29.104,19.461,1.613,10.130,18.975,Fairway,airborne,-0.001,0
390,1.6246,6.689,29.111,19.434,1.571,10.128,18.982,Fairway,airborne,-0.001,0
391,1.6288,6.621,29.117,19.407,1.529,10.127,18.990,Fairway,airborne,-0.001,0
392,1.6329,6.552,29.124,19.380,1.487,10.126,18.998,Fairway,airborne,-0.001,0
393,1.6371,6.484,29.130,19.353,1.446,10.125,19.005,Fairway,airborne,-0.001,0
394,1.6413,6.415,29.136,19.326,1.404,10.124,19.012,Fairway,airborne,-0.001,0
395,1.6454,6.347,29.141,19.300,1.362,10.123,19.019,Fairway,airborne,-0.001,0
396,1.6496,6.278,29.147,19.273,1.320,10.122,19.025,Fairway,airborne,-0.001,0
397,1.6538,6.210,29.152,19.246,1.279,10.120,19.032,Fairway,airborne,-0.001,0
398,1.6579,6.142,29.158,19.219,1.237,10.119,19.038,Fairway,airborne,-0.001,0
399,1.6621,6.074,29.163,19.193,1.195,10.118,19.045,Fairway,airborne,-0.001,0
400,1.6663,6.005,29.167,19.166,1.154,10.117,19.051,Fairway,airborne,-0.001,0
401,1.6704,5.937,29.172,19.139,1.112,10.116,19.057,Fairway,airborne,-0.001,0
402,1.6746,5.869,29.177,19.113,1.070,10.114,19.062,Fairway,airborne,-0.001,0
403,1.6788,5.801,29.181,19.086,1.029,10.113,19.068,Fairway,airborne,-0.001,0
404,1.6829,5.733,29.185,19.059,0.987,10.112,19.073,Fairway,airborne,-0.001,0
405,1.6871,5.665,29.189,19.033,0.946,10.111,19.079,Fairway,airborne,-0.001,0
406,1.6913,5.597,29.193,19.006,0.904,10.109,19.084,Fairway,airborne,-0.001,0
407,1.6954,5.529,29.197,18.980,0.863,10.108,19.089,Fairway,airborne,-0.001,0
408,1.6996,5.461,29.200,18.953,0.822,10.106,19.094,Fairway,airborne,-0.001,0
409,1.7038,5.393,29.204,18.927,0.780,10.105,19.098,Fairway,airborne,-0.001,0
410,1.7079,5.326,29.207,18.900,0.739,10.104,19.103,Fairway,airborne,-0.001,0
411,1.7121,5.258,29.210,18.874,0.698,10.103,19.107,Fairway,airborne,-0.001,0
412,1.7162,5.190,29.213,18.847,0.656,10.101,19.112,Fairway,airborne,-0.002,0
413,1.7204,5.123,29.215,18.821,0.615,10.100,19.115,Fairway,airborne,-0.001,0
414,1.7246,5.055,29.218,18.794,0.574,10.099,19.119,Fairway,airborne,-0.001,0
415,1.7287,4.987,29.220,18.768,0.533,10.097,19.123,Fairway,airborne,-0.001,0
416,1.7329,4.920,29.222,18.741,0.492,10.096,19.126,Fairway,airborne,-0.001,0
417,1.7371,4.853,29.224,18.715,0.450,10.094,19.130,Fairway,airborne,-0.001,0
418,1.7412,4.785,29.226,18.689,0.409,10.093,19.133,Fairway,airborne,-0.001,0
419,1.7454,4.718,29.227,18.662,0.368,10.092,19.136,Fairway,airborne,-0.001,0
420,1.7496,4.650,29.229,18.636,0.327,10.091,19.138,Fairway,airborne,-0.001,0
421,1.7537,4.583,29.230,18.610,0.286,10.089,19.141,Fairway,airborne,-0.001,0
422,1.7579,4.516,29.231,18.583,0.245,10.088,19.143,Fairway,airborne,-0.001,0
423,1.7621,4.449,29.232,18.557,0.204,10.087,19.145,Fairway,airborne,-0.001,0
424,1.7662,4.381,29.233,18.531,0.163,10.086,19.147,Fairway,airborne,-0.001,0
425,1.7704,4.314,29.234,18.504,0.122,10.085,19.149,Fairway,airborne,-0.001,0
426,1.7746,4.247,29.234,18.478,0.081,10.084,19.150,Fairway,airborne,-0.001,0
427,1.7787,4.180,29.234,18.452,0.040,10.083,19.152,Fairway,airborne,-0.001,0
428,1.7829,4.113,29.234,18.426,-0.001,10.081,19.153,Fairway,airborne,-0.001,0
429,1.7871,4.046,29.234,18.400,-0.041,10.080,19.154,Fairway,airborne,-0.001,0
430,1.7912,3.979,29.234,18.373,-0.082,10.079,19.155,Fairway,airborne,-0.001,0
431,1.7954,3.913,29.234,18.347,-0.123,10.077,19.156,Fairway,airborne,-0.001,0
432,1.7996,3.846,29.233,18.321,-0.164,10.076,19.157,Fairway,airborne,-0.001,0
433,1.8037,3.779,29.232,18.295,-0.204,10.075,19.157,Fairway,airborne,-0.001,0
434,1.8079,3.712,29.231,18.269,-0.245,10.074,19.158,Fairway,airborne,-0.001,0
435,1.8121,3.645,29.230,18.243,-0.286,10.072,19.158,Fairway,airborne,-0.001,0
436,1.8162,3.579,29.229,18.217,-0.326,10.071,19.158,Fairway,airborne,-0.001,0
437,1.8204,3.512,29.227,18.191,-0.367,10.070,19.158,Fairway,airborne,-0.001,0
438,1.8246,3.446,29.226,18.165,-0.408,10.068,19.157,Fairway,airborne,-0.001,0
439,1.8287,3.379,29.224,18.139,-0.448,10.067,19.157,Fairway,airborne,-0.001,0
440,1.8329,3.313,29.222,18.113,-0.489,10.066,19.156,Fairway,airborne,-0.001,0
441,1.8371,3.246,29.220,18.087,-0.529,10.064,19.156,Fairway,airborne,-0.001,0
442,1.8412,3.180,29.218,18.061,-0.570,10.063,19.154,Fairway,airborne,-0.001,0
443,1.8454,3.113,29.215,18.035,-0.610,10.062,19.153,Fairway,airborne,-0.001,0
444,1.8495,3.047,29.213,18.009,-0.651,10.061,19.152,Fairway,airborne,-0.001,0
445,1.8537,2.981,29.210,17.983,-0.691,10.059,19.151,Fairway,airborne,-0.001,0
446,1.8579,2.915,29.207,17.957,-0.732,10.058,19.148,Fairway,airborne,-0.001,0
447,1.8620,2.848,29.204,17.931,-0.772,10.057,19.146,Fairway,airborne,-0.001,0
448,1.8662,2.782,29.200,17.905,-0.812,10.056,19.144,Fairway,airborne,-0.001,0
449,1.8704,2.716,29.197,17.879,-0.853,10.055,19.142,Fairway,airborne,-0.001,0
450,1.8745,2.650,29.193,17.853,-0.893,10.054,19.140,Fairway,airborne,-0.001,0
451,1.8787,2.584,29.190,17.827,-0.933,10.052,19.137,Fairway,airborne,-0.001,0
452,1.8829,2.518,29.186,17.802,-0.974,10.051,19.135,Fairway,airborne,-0.001,0
453,1.8870,2.452,29.181,17.776,-1.014,10.050,19.132,Fairway,airborne,-0.001,0
454,1.8912,2.386,29.177,17.750,-1.054,10.048,19.129,Fairway,airborne,-0.001,0
455,1.8954,2.320,29.173,17.724,-1.094,10.047,19.126,Fairway,airborne,-0.001,0
456,1.8995,2.254,29.168,17.699,-1.134,10.046,19.122,Fairway,airborne,-0.001,0
457,1.9037,2.189,29.163,17.673,-1.175,10.044,19.119,Fairway,airborne,-0.001,0
458,1.9079,2.123,29.158,17.647,-1.215,10.043,19.115,Fairway,airborne,-0.001,0
459,1.9120,2.057,29.153,17.621,-1.255,10.042,19.111,Fairway,airborne,-0.001,0
460,1.9162,1.991,29.148,17.596,-1.295,10.040,19.107,Fairway,airborne,-0.001,0
461,1.9204,1.926,29.142,17.570,-1.335,10.039,19.103,Fairway,airborne,-0.001,0
462,1.9245,1.860,29.137,17.544,-1.375,10.038,19.099,Fairway,airborne,-0.001,0
463,1.9287,1.795,29.131,17.519,-1.415,10.037,19.094,Fairway,airborne,-0.001,0
464,1.9329,1.729,29.125,17.493,-1.455,10.035,19.090,Fairway,airborne,-0.001,0
465,1.9370,1.664,29.119,17.467,-1.495,10.034,19.085,Fairway,airborne,-0.001,0
466,1.9412,1.598,29.112,17.442,-1.535,10.033,19.080,Fairway,airborne,-0.001,0
467,1.9454,1.533,29.106,17.416,-1.575,10.031,19.075,Fairway,airborne,-0.001,0
468,1.9495,1.467,29.099,17.391,-1.614,10.030,19.069,Fairway,airborne,-0.001,0
469,1.9537,1.402,29.093,17.365,-1.654,10.029,19.064,Fairway,airborne,-0.001,0
470,1.9579,1.337,29.086,17.340,-1.694,10.027,19.058,Fairway,airborne,-0.001,0
471,1.9620,1.272,29.078,17.314,-1.734,10.026,19.052,Fairway,airborne,-0.001,0
472,1.9662,1.206,29.071,17.289,-1.774,10.025,19.046,Fairway,airborne,-0.001,0
473,1.9704,1.141,29.064,17.263,-1.814,10.023,19.040,Fairway,airborne,-0.001,0
474,1.9745,1.076,29.056,17.238,-1.853,10.022,19.034,Fairway,airborne,-0.001,0
475,1.9787,1.011,29.048,17.212,-1.893,10.021,19.027,Fairway,airborne,-0.001,0
476,1.9828,0.946,29.040,17.187,-1.933,10.020,19.020,Fairway,airborne,-0.001,0
477,1.9870,0.881,29.032,17.161,-1.972,10.019,19.013,Fairway,airborne,-0.001,0
478,1.9912,0.816,29.024,17.136,-2.012,10.017,19.006,Fairway,airborne,-0.001,0
479,1.9953,0.751,29.015,17.110,-2.052,10.016,18.999,Fairway,airborne,-0.002,0
480,1.9995,0.686,29.007,17.085,-2.091,10.014,18.992,Fairway,airborne,-0.002,0
481,2.0037,0.621,28.998,17.060,-2.131,10.013,18.985,Fairway,airborne,-0.001,0
482,2.0078,0.557,28.989,17.034,-2.170,10.012,18.977,Fairway,airborne,-0.001,0
483,2.0120,0.492,28.980,17.009,-2.210,10.010,18.970,Fairway,airborne,-0.001,0
484,2.0162,0.427,28.971,16.984,-2.249,10.009,18.961,Fairway,airborne,-0.001,0
485,2.0203,0.362,28.961,16.958,-2.289,10.008,18.953,Fairway,airborne,-0.001,0
486,2.0245,0.298,28.952,16.933,-2.328,10.007,18.945,Fairway,airborne,-0.001,0
487,2.0287,0.233,28.942,16.908,-2.368,10.005,18.937,Fairway,airborne,-0.001,0
488,2.0328,0.169,28.932,16.882,-2.407,10.004,18.928,Fairway,airborne,-0.001,0
489,2.0370,0.104,28.922,16.857,-2.447,10.003,18.919,Fairway,airborne,-0.001,0
490,2.0412,0.040,28.911,16.832,-2.486,10.001,18.910,Fairway,airborne,-0.001,0
491,2.0453,-0.025,28.901,16.807,-2.525,10.000,18.901,Fairway,airborne,-0.001,0
492,2.0495,-0.089,28.890,16.781,-2.565,9.999,18.891,Fairway,airborne,-0.001,0
493,2.0537,-0.154,28.880,16.756,-2.604,9.998,18.882,Fairway,airborne,-0.001,0
494,2.0578,-0.218,28.869,16.731,-2.643,9.996,18.872,Fairway,airborne,-0.002,0
495,2.0620,-0.282,28.858,16.706,-2.682,9.995,18.863,Fairway,airborne,-0.002,0
496,2.0662,-0.347,28.846,16.681,-2.722,9.994,18.853,Fairway,airborne,-0.001,0
497,2.0703,-0.411,28.835,16.656,-2.761,9.992,18.843,Fairway,airborne,-0.001,0
498,2.0745,-0.475,28.823,16.631,-2.800,9.991,18.832,Fairway,airborne,-0.001,0
499,2.0787,-0.539,28.812,16.605,-2.839,9.990,18.822,Fairway,airborne,-0.001,0
500,2.0828,-0.603,28.800,16.580,-2.878,9.989,18.811,Fairway,airborne,-0.001,0
501,2.0870,-0.667,28.788,16.555,-2.918,9.987,18.801,Fairway,airborne,-0.001,0
502,2.0912,-0.731,28.776,16.530,-2.957,9.986,18.790,Fairway,airborne,-0.001,0
503,2.0953,-0.795,28.763,16.505,-2.996,9.985,18.778,Fairway,airborne,-0.001,0
504,2.0995,-0.859,28.751,16.480,-3.035,9.983,18.767,Fairway,airborne,-0.001,0
505,2.1037,-0.923,28.738,16.455,-3.074,9.982,18.756,Fairway,airborne,-0.001,0
506,2.1078,-0.987,28.725,16.430,-3.113,9.981,18.744,Fairway,airborne,-0.001,0
507,2.1120,-1.051,28.712,16.405,-3.152,9.980,18.732,Fairway,airborne,-0.001,0
508,2.1162,-1.115,28.699,16.380,-3.191,9.978,18.721,Fairway,airborne,-0.001,0
509,2.1203,-1.179,28.685,16.355,-3.230,9.977,18.709,Fairway,airborne,-0.002,0
510,2.1245,-1.242,28.672,16.330,-3.269,9.975,18.697,Fairway,airborne,-0.002,0
511,2.1286,-1.306,28.658,16.305,-3.307,9.974,18.685,Fairway,airborne,-0.001,0
512,2.1328,-1.370,28.644,16.281,-3.346,9.972,18.672,Fairway,airborne,-0.001,0
513,2.1370,-1.433,28.630,16.256,-3.385,9.971,18.659,Fairway,airborne,-0.001,0
514,2.1411,-1.497,28.616,16.231,-3.424,9.970,18.646,Fairway,airborne,-0.001,0
515,2.1453,-1.560,28.602,16.206,-3.463,9.968,18.633,Fairway,airborne,-0.001,0
516,2.1495,-1.624,28.587,16.181,-3.502,9.967,18.620,Fairway,airborne,-0.001,0
517,2.1536,-1.687,28.573,16.156,-3.540,9.966,18.607,Fairway,airborne,-0.001,0
518,2.1578,-1.751,28.558,16.131,-3.579,9.965,18.593,Fairway,airborne,-0.001,0
519,2.1620,-1.814,28.543,16.107,-3.618,9.963,18.579,Fairway,airborne,-0.001,0
520,2.1661,-1.878,28.528,16.082,-3.656,9.962,18.566,Fairway,airborne,-0.002,0
521,2.1703,-1.941,28.512,16.057,-3.695,9.960,18.552,Fairway,airborne,-0.002,0
522,2.1745,-2.004,28.497,16.032,-3.734,9.959,18.538,Fairway,airborne,-0.001,0
523,2.1786,-2.067,28.481,16.008,-3.772,9.958,18.524,Fairway,airborne,-0.001,0
524,2.1828,-2.131,28.465,15.983,-3.811,9.956,18.509,Fairway,airborne,-0.001,0
525,2.1870,-2.194,28.449,15.958,-3.850,9.955,18.494,Fairway,airborne,-0.001,0
526,2.1911,-2.257,28.433,15.933,-3.888,9.954,18.480,Fairway,airborne,-0.001,0
527,2.1953,-2.320,28.417,15.909,-3.927,9.952,18.465,Fairway,airborne,-0.002,0
528,2.1995,-2.383,28.401,15.884,-3.965,9.951,18.450,Fairway,airborne,-0.002,0
529,2.2036,-2.446,28.384,15.859,-4.004,9.949,18.435,Fairway,airborne,-0.002,0
530,2.2078,-2.509,28.367,15.835,-4.042,9.947,18.420,Fairway,airborne,-0.002,0
531,2.2120,-2.572,28.350,15.810,-4.081,9.946,18.405,Fairway,airborne,-0.001,0
532,2.2161,-2.635,28.333,15.785,-4.119,9.945,18.389,Fairway,airborne,-0.001,0
533,2.2203,-2.698,28.316,15.761,-4.157,9.943,18.373,Fairway,airborne,-0.001,0
534,2.2245,-2.761,28.299,15.736,-4.196,9.942,18.357,Fairway,airborne,-0.001,0
535,2.2286,-2.823,28.281,15.712,-4.234,9.941,18.340,Fairway,airborne,-0.001,0
536,2.2328,-2.886,28.263,15.687,-4.272,9.940,18.324,Fairway,airborne,-0.001,0
537,2.2370,-2.949,28.246,15.663,-4.311,9.938,18.307,Fairway,airborne,-0.001,0
538,2.2411,-3.012,28.228,15.638,-4.349,9.937,18.290,Fairway,airborne,-0.001,0
539,2.2453,-3.074,28.209,15.614,-4.387,9.936,18.273,Fairway,airborne,-0.001,0
540,2.2495,-3.137,28.191,15.589,-4.425,9.934,18.257,Fairway,airborne,-0.001,0
541,2.2536,-3.199,28.173,15.565,-4.464,9.933,18.240,Fairway,airborne,-0.002,0
542,2.2578,-3.262,28.154,15.540,-4.502,9.931,18.223,Fairway,airborne,-0.002,0
543,2.2619,-3.324,28.135,15.516,-4.540,9.929,18.206,Fairway,airborne,-0.002,0
544,2.2661,-3.387,28.116,15.491,-4.578,9.928,18.188,Fairway,airborne,-0.002,0
545,2.2703,-3.449,28.097,15.467,-4.616,9.926,18.171,Fairway,airborne,-0.002,0
546,2.2744,-3.512,28.078,15.442,-4.654,9.925,18.153,Fairway,airborne,-0.002,0
547,2.2786,-3.574,28.058,15.418,-4.692,9.923,18.135,Fairway,airborne,-0.002,0
548,2.2828,-3.636,28.039,15.394,-4.731,9.922,18.117,Fairway,airborne,-0.002,0
549,2.2869,-3.699,28.019,15.369,-4.769,9.920,18.098,Fairway,airborne,-0.001,0
550,2.2911,-3.761,27.999,15.345,-4.807,9.919,18.080,Fairway,airborne,-0.001,0
551,2.2953,-3.823,27.979,15.321,-4.845,9.918,18.061,Fairway,airborne,-0.001,0
552,2.2994,-3.885,27.958,15.296,-4.882,9.917,18.042,Fairway,airborne,-0.001,0
553,2.3036,-3.947,27.938,15.272,-4.920,9.915,18.023,Fairway,airborne,-0.001,0
554,2.3078,-4.009,27.917,15.248,-4.958,9.914,18.004,Fairway,airborne,-0.002,0
555,2.3119,-4.072,27.897,15.223,-4.996,9.912,17.985,Fairway,airborne,-0.002,0
556,2.3161,-4.134,27.876,15.199,-5.034,9.910,17.965,Fairway,airborne,-0.002,0
557,2.3203,-4.196,27.855,15.175,-5.072,9.909,17.946,Fairway,airborne,-0.002,0
558,2.3244,-4.257,27.834,15.151,-5.110,9.908,17.926,Fairway,airborne,-0.001,0
559,2.3286,-4.319,27.812,15.126,-5.148,9.906,17.906,Fairway,airborne,-0.001,0
560,2.3328,-4.381,27.791,15.102,-5.185,9.905,17.886,Fairway,airborne,-0.001,0
561,2.3369,-4.443,27.769,15.078,-5.223,9.904,17.865,Fairway,airborne,-0.001,0
562,2.3411,-4.505,27.747,15.054,-5.261,9.903,17.845,Fairway,airborne,-0.001,0
563,2.3453,-4.567,27.725,15.030,-5.298,9.901,17.824,Fairway,airborne,-0.002,0
564,2.3494,-4.628,27.703,15.006,-5.336,9.899,17.804,Fairway,airborne,-0.002,0
565,2.3536,-4.690,27.681,14.981,-5.374,9.898,17.783,Fairway,airborne,-0.002,0
566,2.3578,-4.752,27.658,14.957,-5.411,9.896,17.762,Fairway,airborne,-0.002,0
567,2.3619,-4.813,27.636,14.933,-5.449,9.895,17.741,Fairway,airborne,-0.002,0
568,2.3661,-4.875,27.613,14.909,-5.487,9.893,17.720,Fairway,airborne,-0.002,0
569,2.3703,-4.936,27.590,14.885,-5.524,9.891,17.699,Fairway,airborne,-0.002,0
570,2.3744,-4.998,27.567,14.861,-5.562,9.890,17.677,Fairway,airborne,-0.002,0
571,2.3786,-5.059,27.544,14.837,-5.599,9.888,17.655,Fairway,airborne,-0.002,0
572,2.3828,-5.121,27.520,14.813,-5.637,9.887,17.634,Fairway,airborne,-0.002,0
573,2.3869,-5.182,27.497,14.789,-5.674,9.885,17.611,Fairway,airborne,-0.001,0
574,2.3911,-5.244,27.473,14.765,-5.712,9.884,17.589,Fairway,airborne,-0.001,0
575,2.3952,-5.305,27.449,14.741,-5.749,9.883,17.566,Fairway,airborne,-0.001,0
576,2.3994,-5.366,27.425,14.717,-5.786,9.881,17.544,Fairway,airborne,-0.001,0
577,2.4036,-5.427,27.401,14.693,-5.824,9.880,17.521,Fairway,airborne,-0.002,0
578,2.4077,-5.489,27.377,14.669,-5.861,9.878,17.499,Fairway,airborne,-0.002,0
579,2.4119,-5.550,27.352,14.645,-5.898,9.876,17.476,Fairway,airborne,-0.002,0
580,2.4161,-5.611,27.328,14.621,-5.936,9.875,17.453,Fairway,airborne,-0.002,0
581,2.4202,-5.672,27.303,14.597,-5.973,9.873,17.429,Fairway,airborne,-0.001,0
582,2.4244,-5.733,27.278,14.573,-6.010,9.872,17.406,Fairway,airborne,-0.002,0
583,2.4286,-5.794,27.253,14.549,-6.047,9.870,17.383,Fairway,airborne,-0.002,0
584,2.4327,-5.855,27.227,14.526,-6.085,9.868,17.359,Fairway,airborne,-0.002,0
585,2.4369,-5.916,27.202,14.502,-6.122,9.867,17.335,Fairway,airborne,-0.002,0
586,2.4411,-5.977,27.176,14.478,-6.159,9.865,17.311,Fairway,airborne,-0.001,0
587,2.4452,-6.038,27.151,14.454,-6.196,9.864,17.287,Fairway,airborne,-0.002,0
588,2.4494,-6.099,27.125,14.430,-6.233,9.862,17.263,Fairway,airborne,-0.002,0
589,2.4536,-6.160,27.099,14.406,-6.270,9.860,17.238,Fairway,airborne,-0.002,0
590,2.4577,-6.220,27.073,14.383,-6.307,9.859,17.213,Fairway,airborne,-0.001,0
591,2.4619,-6.281,27.046,14.359,-6.344,9.858,17.188,Fairway,airborne,-0.001,0
592,2.4661,-6.342,27.020,14.335,-6.381,9.857,17.163,Fairway,airborne,-0.001,0
593,2.4702,-6.402,26.993,14.311,-6.418,9.855,17.138,Fairway,airborne,-0.001,0
594,2.4744,-6.463,26.966,14.288,-6.455,9.854,17.112,Fairway,airborne,-0.001,0
595,2.4786,-6.524,26.939,14.264,-6.492,9.852,17.087,Fairway,airborne,-0.002,0
596,2.4827,-6.584,26.912,14.240,-6.529,9.850,17.062,Fairway,airborne,-0.002,0
597,2.4869,-6.645,26.885,14.217,-6.566,9.849,17.036,Fairway,airborne,-0.002,0
598,2.4911,-6.705,26.857,14.193,-6.603,9.847,17.010,Fairway,airborne,-0.001,0
599,2.4952,-6.766,26.830,14.169,-6.640,9.846,16.984,Fairway,airborne,-0.001,0
600,2.4994,-6.826,26.802,14.146,-6.676,9.844,16.958,Fairway,airborne,-0.002,0
601,2.5036,-6.886,26.774,14.122,-6.713,9.842,16.932,Fairway,airborne,-0.002,0
602,2.5077,-6.947,26.746,14.098,-6.750,9.840,16.906,Fairway,airborne,-0.002,0
603,2.5119,-7.007,26.718,14.075,-6.787,9.839,16.879,Fairway,airborne,-0.002,0
604,2.5161,-7.067,26.690,14.051,-6.823,9.837,16.853,Fairway,airborne,-0.002,0
605,2.5202,-7.127,26.661,14.028,-6.860,9.835,16.826,Fairway,airborne,-0.002,0
606,2.5244,-7.188,26.633,14.004,-6.897,9.834,16.799,Fairway,airborne,-0.001,0
607,2.5285,-7.248,26.604,13.981,-6.933,9.833,16.771,Fairway,airborne,-0.001,0
608,2.5327,-7.308,26.575,13.957,-6.970,9.832,16.743,Fairway,airborne,-0.001,0
609,2.5369,-7.368,26.546,13.934,-7.006,9.830,16.716,Fairway,airborne,-0.002,0
610,2.5410,-7.428,26.517,13.910,-7.043,9.829,16.688,Fairway,airborne,-0.001,0
611,2.5452,-7.488,26.487,13.887,-7.080,9.827,16.660,Fairway,airborne,-0.002,0
612,2.5494,-7.548,26.458,13.863,-7.116,9.825,16.633,Fairway,airborne,-0.002,0
613,2.5535,-7.608,26.428,13.840,-7.152,9.823,16.605,Fairway,airborne,-0.002,0
614,2.5577,-7.668,26.398,13.816,-7.189,9.821,16.577,Fairway,airborne,-0.002,0
615,2.5619,-7.728,26.368,13.793,-7.225,9.820,16.548,Fairway,airborne,-0.001,0
616,2.5660,-7.787,26.338,13.769,-7.262,9.818,16.519,Fairway,airborne,-0.001,0
617,2.5702,-7.847,26.307,13.746,-7.298,9.817,16.491,Fairway,airborne,-0.002,0
618,2.5744,-7.907,26.277,13.723,-7.334,9.815,16.462,Fairway,airborne,-0.002,0
619,2.5785,-7.967,26.246,13.699,-7.371,9.813,16.433,Fairway,airborne,-0.002,0
620,2.5827,-8.026,26.216,13.676,-7.407,9.812,16.404,Fairway,airborne,-0.002,0
621,2.5869,-8.086,26.185,13.653,-7.443,9.810,16.375,Fairway,airborne,-0.002,0
622,2.5910,-8.146,26.154,13.629,-7.480,9.808,16.346,Fairway,airborne,-0.002,0
623,2.5952,-8.205,26.122,13.606,-7.516,9.806,16.316,Fairway,airborne,-0.002,0
624,2.5994,-8.265,26.091,13.583,-7.552,9.804,16.287,Fairway,airborne,-0.002,0
625,2.6035,-8.324,26.059,13.559,-7.588,9.803,16.256,Fairway,airborne,-0.001,0
626,2.6077,-8.384,26.028,13.536,-7.624,9.802,16.226,Fairway,airborne,-0.001,0
627,2.6119,-8.443,25.996,13.513,-7.660,9.800,16.196,Fairway,airborne,-0.001,0
628,2.6160,-8.502,25.964,13.490,-7.696,9.798,16.166,Fairway,airborne,-0.002,0
629,2.6202,-8.562,25.932,13.467,-7.732,9.797,16.135,Fairway,airborne,-0.002,0
630,2.6244,-8.621,25.900,13.443,-7.768,9.795,16.104,Fairway,airborne,-0.002,0
631,2.6285,-8.680,25.867,13.420,-7.804,9.794,16.073,Fairway,airborne,-0.001,0
632,2.6327,-8.739,25.835,13.397,-7.840,9.792,16.042,Fairway,airborne,-0.001,0
633,2.6369,-8.799,25.802,13.374,-7.876,9.791,16.011,Fairway,airborne,-0.002,0
634,2.6410,-8.858,25.769,13.351,-7.912,9.789,15.980,Fairway,airborne,-0.002,0
635,2.6452,-8.917,25.736,13.328,-7.948,9.787,15.949,Fairway,airborne,-0.002,0
636,2.6494,-8.976,25.703,13.304,-7.984,9.785,15.918,Fairway,airborne,-0.002,0
637,2.6535,-9.035,25.669,13.281,-8.020,9.783,15.886,Fairway,airborne,-0.002,0
638,2.6577,-9.094,25.636,13.258,-8.056,9.781,15.855,Fairway,airborne,-0.002,0
639,2.6619,-9.153,25.602,13.235,-8.091,9.779,15.823,Fairway,airborne,-0.002,0
640,2.6660,-9.212,25.569,13.212,-8.127,9.778,15.791,Fairway,airborne,-0.002,0
641,2.6702,-9.271,25.535,13.189,-8.163,9.776,15.759,Fairway,airborne,-0.002,0
642,2.6743,-9.330,25.501,13.166,-8.199,9.774,15.726,Fairway,airborne,-0.002,0
643,2.6785,-9.389,25.466,13.143,-8.234,9.773,15.693,Fairway,airborne,-0.001,0
644,2.6827,-9.447,25.432,13.120,-8.270,9.771,15.661,Fairway,airborne,-0.001,0
645,2.6868,-9.506,25.397,13.097,-8.306,9.770,15.627,Fairway,airborne,-0.001,0
646,2.6910,-9.565,25.363,13.074,-8.341,9.768,15.594,Fairway,airborne,-0.002,0
647,2.6952,-9.623,25.328,13.051,-8.377,9.766,15.561,Fairway,airborne,-0.002,0
648,2.6993,-9.682,25.293,13.028,-8.412,9.765,15.528,Fairway,airborne,-0.002,0
649,2.7035,-9.741,25.258,13.005,-8.448,9.763,15.495,Fairway,airborne,-0.002,0
650,2.7077,-9.799,25.223,12.982,-8.483,9.761,15.462,Fairway,airborne,-0.002,0
651,2.7118,-9.858,25.187,12.959,-8.519,9.759,15.428,Fairway,airborne,-0.002,0
652,2.7160,-9.916,25.152,12.937,-8.554,9.757,15.394,Fairway,airborne,-0.002,0
653,2.7202,-9.975,25.116,12.914,-8.589,9.756,15.360,Fairway,airborne,-0.002,0
654,2.7243,-10.033,25.080,12.891,-8.625,9.754,15.326,Fairway,airborne,-0.002,0
655,2.7285,-10.091,25.044,12.868,-8.660,9.752,15.292,Fairway,airborne,-0.002,0
656,2.7327,-10.150,25.008,12.845,-8.695,9.751,15.257,Fairway,airborne,-0.002,0
657,2.7368,-10.208,24.972,12.822,-8.731,9.749,15.223,Fairway,airborne,-0.002,0
658,2.7410,-10.266,24.935,12.800,-8.766,9.748,15.188,Fairway,airborne,-0.001,0
659,2.7452,-10.325,24.899,12.777,-8.801,9.746,15.153,Fairway,airborne,-0.002,0
660,2.7493,-10.383,24.862,12.754,-8.836,9.745,15.117,Fairway,airborne,-0.001,0
661,2.7535,-10.441,24.825,12.731,-8.871,9.743,15.082,Fairway,airborne,-0.002,0
662,2.7577,-10.499,24.788,12.708,-8.907,9.741,15.047,Fairway,airborne,-0.002,0
663,2.7618,-10.557,24.751,12.686,-8.942,9.739,15.012,Fairway,airborne,-0.002,0
664,2.7660,-10.615,24.714,12.663,-8.977,9.737,14.976,Fairway,airborne,-0.002,0
665,2.7702,-10.673,24.676,12.640,-9.012,9.735,14.941,Fairway,airborne,-0.002,0
666,2.7743,-10.731,24.638,12.618,-9.047,9.733,14.905,Fairway,airborne,-0.002,0
667,2.7785,-10.789,24.601,12.595,-9.082,9.732,14.869,Fairway,airborne,-0.002,0
668,2.7827,-10.847,24.563,12.572,-9.117,9.730,14.833,Fairway,airborne,-0.002,0
669,2.7868,-10.905,24.525,12.550,-9.152,9.728,14.797,Fairway,airborne,-0.002,0
670,2.7910,-10.963,24.487,12.527,-9.187,9.726,14.760,Fairway,airborne,-0.002,0
671,2.7952,-11.020,24.448,12.504,-9.221,9.725,14.724,Fairway,airborne,-0.002,0
672,2.7993,-11.078,24.410,12.482,-9.256,9.723,14.687,Fairway,airborne,-0.002,0
673,2.8035,-11.136,24.371,12.459,-9.291,9.721,14.650,Fairway,airborne,-0.002,0
674,2.8076,-11.193,24.332,12.437,-9.326,9.719,14.613,Fairway,airborne,-0.002,0
675,2.8118,-11.251,24.293,12.414,-9.361,9.717,14.576,Fairway,airborne,-0.002,0
676,2.8160,-11.309,24.254,12.392,-9.395,9.716,14.539,Fairway,airborne,-0.002,0
677,2.8201,-11.366,24.215,12.369,-9.430,9.714,14.501,Fairway,airborne,-0.002,0
678,2.8243,-11.424,24.176,12.347,-9.465,9.712,14.464,Fairway,airborne,-0.002,0
679,2.8285,-11.481,24.136,12.324,-9.499,9.710,14.426,Fairway,airborne,-0.002,0
680,2.8326,-11.539,24.097,12.302,-9.534,9.708,14.388,Fairway,airborne,-0.002,0
681,2.8368,-11.596,24.057,12.279,-9.568,9.707,14.350,Fairway,airborne,-0.002,0
682,2.8410,-11.653,24.017,12.257,-9.603,9.705,14.312,Fairway,airborne,-0.002,0
683,2.8451,-11.711,23.977,12.234,-9.637,9.703,14.274,Fairway,airborne,-0.002,0
684,2.8493,-11.768,23.937,12.212,-9.672,9.701,14.235,Fairway,airborne,-0.002,0
685,2.8535,-11.825,23.896,12.190,-9.706,9.700,14.197,Fairway,airborne,-0.002,0
686,2.8576,-11.882,23.856,12.167,-9.741,9.698,14.158,Fairway,airborne,-0.002,0
687,2.8618,-11.940,23.815,12.145,-9.775,9.696,14.119,Fairway,airborne,-0.002,0
688,2.8660,-11.997,23.774,12.122,-9.810,9.694,14.080,Fairway,airborne,-0.002,0
689,2.8701,-12.054,23.733,12.100,-9.844,9.693,14.041,Fairway,airborne,-0.002,0
690,2.8743,-12.111,23.692,12.078,-9.878,9.691,14.001,Fairway,airborne,-0.002,0
691,2.8785,-12.168,23.651,12.055,-9.912,9.689,13.962,Fairway,airborne,-0.002,0
692,2.8826,-12.225,23.610,12.033,-9.947,9.688,13.922,Fairway,airborne,-0.002,0
693,2.8868,-12.282,23.568,12.011,-9.981,9.686,13.883,Fairway,airborne,-0.002,0
694,2.8910,-12.339,23.527,11.989,-10.015,9.684,13.843,Fairway,airborne,-0.002,0
695,2.8951,-12.396,23.485,11.966,-10.049,9.682,13.803,Fairway,airborne,-0.002,0
696,2.8993,-12.452,23.443,11.944,-10.083,9.680,13.763,Fairway,airborne,-0.002,0
697,2.9035,-12.509,23.401,11.922,-10.117,9.678,13.723,Fairway,airborne,-0.002,0
698,2.9076,-12.566,23.359,11.900,-10.151,9.676,13.682,Fairway,airborne,-0.002,0
699,2.9118,-12.623,23.316,11.877,-10.185,9.675,13.642,Fairway,airborne,-0.002,0
700,2.9160,-12.679,23.274,11.855,-10.219,9.673,13.601,Fairway,airborne,-0.002,0
701,2.9201,-12.736,23.231,11.833,-10.253,9.671,13.561,Fairway,airborne,-0.002,0
702,2.9243,-12.793,23.188,11.811,-10.287,9.669,13.520,Fairway,airborne,-0.002,0
703,2.9285,-12.849,23.146,11.789,-10.321,9.667,13.479,Fairway,airborne,-0.002,0
704,2.9326,-12.906,23.102,11.767,-10.355,9.665,13.437,Fairway,airborne,-0.002,0
705,2.9368,-12.962,23.059,11.745,-10.389,9.664,13.395,Fairway,airborne,-0.002,0
706,2.9409,-13.019,23.016,11.723,-10.423,9.662,13.354,Fairway,airborne,-0.002,0
707,2.9451,-13.075,22.972,11.700,-10.456,9.660,13.312,Fairway,airborne,-0.002,0
708,2.9493,-13.132,22.929,11.678,-10.490,9.659,13.270,Fairway,airborne,-0.002,0
709,2.9534,-13.188,22.885,11.656,-10.524,9.657,13.228,Fairway,airborne,-0.002,0
710,2.9576,-13.244,22.841,11.634,-10.557,9.655,13.186,Fairway,airborne,-0.002,0
711,2.9618,-13.300,22.797,11.612,-10.591,9.653,13.144,Fairway,airborne,-0.002,0
712,2.9659,-13.357,22.753,11.590,-10.625,9.651,13.102,Fairway,airborne,-0.002,0
713,2.9701,-13.413,22.709,11.568,-10.658,9.649,13.060,Fairway,airborne,-0.002,0
714,2.9743,-13.469,22.664,11.546,-10.692,9.647,13.017,Fairway,airborne,-0.002,0
715,2.9784,-13.525,22.620,11.524,-10.725,9.645,12.975,Fairway,airborne,-0.002,0
716,2.9826,-13.581,22.575,11.502,-10.759,9.643,12.932,Fairway,airborne,-0.002,0
717,2.9868,-13.637,22.530,11.480,-10.792,9.641,12.889,Fairway,airborne,-0.002,0
718,2.9909,-13.693,22.485,11.459,-10.826,9.640,12.845,Fairway,airborne,-0.002,0
719,2.9951,-13.749,22.440,11.437,-10.859,9.638,12.802,Fairway,airborne,-0.002,0
720,2.9993,-13.805,22.394,11.415,-10.892,9.636,12.758,Fairway,airborne,-0.002,0
721,3.0034,-13.861,22.349,11.393,-10.926,9.634,12.715,Fairway,airborne,-0.002,0
722,3.0076,-13.917,22.303,11.371,-10.959,9.633,12.671,Fairway,airborne,-0.002,0
723,3.0118,-13.972,22.258,11.349,-10.992,9.631,12.627,Fairway,airborne,-0.002,0
724,3.0159,-14.028,22.212,11.327,-11.025,9.629,12.583,Fairway,airborne,-0.002,0
725,3.0201,-14.084,22.166,11.306,-11.058,9.627,12.538,Fairway,airborne,-0.002,0
726,3.0243,-14.140,22.120,11.284,-11.092,9.625,12.494,Fairway,airborne,-0.002,0
727,3.0284,-14.195,22.073,11.262,-11.125,9.623,12.450,Fairway,airborne,-0.002,0
728,3.0326,-14.251,22.027,11.240,-11.158,9.621,12.406,Fairway,airborne,-0.002,0
729,3.0368,-14.306,21.981,11.219,-11.191,9.619,12.361,Fairway,airborne,-0.002,0
730,3.0409,-14.362,21.934,11.197,-11.224,9.617,12.317,Fairway,airborne,-0.002,0
731,3.0451,-14.417,21.887,11.175,-11.257,9.615,12.272,Fairway,airborne,-0.002,0
732,3.0493,-14.473,21.840,11.153,-11.290,9.613,12.227,Fairway,airborne,-0.002,0
733,3.0534,-14.528,21.793,11.132,-11.323,9.611,12.182,Fairway,airborne,-0.002,0
734,3.0576,-14.584,21.746,11.110,-11.355,9.609,12.137,Fairway,airborne,-0.002,0
735,3.0618,-14.639,21.698,11.088,-11.388,9.607,12.091,Fairway,airborne,-0.002,0
736,3.0659,-14.694,21.651,11.067,-11.421,9.606,12.045,Fairway,airborne,-0.002,0
737,3.0701,-14.750,21.603,11.045,-11.454,9.604,11.999,Fairway,airborne,-0.002,0
738,3.0742,-14.805,21.556,11.024,-11.486,9.602,11.953,Fairway,airborne,-0.002,0
739,3.0784,-14.860,21.508,11.002,-11.519,9.600,11.907,Fairway,airborne,-0.002,0
740,3.0826,-14.915,21.460,10.980,-11.552,9.598,11.861,Fairway,airborne,-0.002,0
741,3.0867,-14.970,21.411,10.959,-11.584,9.596,11.815,Fairway,airborne,-0.002,0
742,3.0909,-15.025,21.363,10.937,-11.617,9.595,11.768,Fairway,airborne,-0.002,0
743,3.0951,-15.080,21.315,10.916,-11.650,9.593,11.722,Fairway,airborne,-0.002,0
744,3.0992,-15.135,21.266,10.894,-11.682,9.591,11.675,Fairway,airborne,-0.002,0
745,3.1034,-15.190,21.217,10.873,-11.715,9.590,11.628,Fairway,airborne,-0.001,0
746,3.1076,-15.245,21.168,10.851,-11.747,9.588,11.581,Fairway,airborne,-0.002,0
747,3.1117,-15.300,21.119,10.830,-11.779,9.586,11.534,Fairway,airborne,-0.002,0
748,3.1159,-15.355,21.070,10.808,-11.812,9.584,11.487,Fairway,airborne,-0.002,0
749,3.1201,-15.410,21.021,10.787,-11.844,9.582,11.439,Fairway,airborne,-0.002,0
750,3.1242,-15.464,20.972,10.765,-11.876,9.580,11.392,Fairway,airborne,-0.002,0
751,3.1284,-15.519,20.922,10.744,-11.909,9.578,11.344,Fairway,airborne,-0.002,0
752,3.1326,-15.574,20.872,10.723,-11.941,9.576,11.296,Fairway,airborne,-0.002,0
753,3.1367,-15.628,20.823,10.701,-11.973,9.575,11.248,Fairway,airborne,-0.002,0
754,3.1409,-15.683,20.773,10.680,-12.005,9.573,11.200,Fairway,airborne,-0.002,0
755,3.1451,-15.737,20.723,10.659,-12.037,9.571,11.151,Fairway,airborne,-0.002,0
756,3.1492,-15.792,20.672,10.637,-12.070,9.569,11.103,Fairway,airborne,-0.002,0
757,3.1534,-15.846,20.622,10.616,-12.102,9.567,11.055,Fairway,airborne,-0.002,0
758,3.1576,-15.901,20.572,10.595,-12.134,9.565,11.006,Fairway,airborne,-0.002,0
759,3.1617,-15.955,20.521,10.573,-12.166,9.563,10.958,Fairway,airborne,-0.002,0
760,3.1659,-16.010,20.470,10.552,-12.198,9.561,10.909,Fairway,airborne,-0.002,0
761,3.1701,-16.064,20.419,10.531,-12.229,9.559,10.860,Fairway,airborne,-0.002,0
762,3.1742,-16.118,20.368,10.510,-12.261,9.557,10.811,Fairway,airborne,-0.002,0
763,3.1784,-16.172,20.317,10.488,-12.293,9.555,10.762,Fairway,airborne,-0.002,0
764,3.1826,-16.227,20.266,10.467,-12.325,9.553,10.713,Fairway,airborne,-0.002,0
765,3.1867,-16.281,20.215,10.446,-12.357,9.551,10.663,Fairway,airborne,-0.002,0
766,3.1909,-16.335,20.163,10.425,-12.388,9.550,10.613,Fairway,airborne,-0.002,0
767,3.1951,-16.389,20.111,10.404,-12.420,9.548,10.563,Fairway,airborne,-0.002,0
768,3.1992,-16.443,20.060,10.382,-12.452,9.546,10.513,Fairway,airborne,-0.002,0
769,3.2034,-16.497,20.008,10.361,-12.483,9.545,10.463,Fairway,airborne,-0.002,0
770,3.2076,-16.551,19.956,10.340,-12.515,9.543,10.413,Fairway,airborne,-0.002,0
771,3.2117,-16.605,19.903,10.319,-12.547,9.541,10.362,Fairway,airborne,-0.002,0
772,3.2159,-16.659,19.851,10.298,-12.578,9.539,10.312,Fairway,airborne,-0.002,0
773,3.2200,-16.712,19.799,10.277,-12.610,9.537,10.261,Fairway,airborne,-0.002,0
774,3.2242,-16.766,19.746,10.256,-12.641,9.535,10.211,Fairway,airborne,-0.002,0
775,3.2284,-16.820,19.693,10.235,-12.672,9.533,10.160,Fairway,airborne,-0.002,0
776,3.2325,-16.874,19.640,10.214,-12.704,9.531,10.109,Fairway,airborne,-0.002,0
777,3.2367,-16.927,19.587,10.193,-12.735,9.529,10.058,Fairway,airborne,-0.002,0
778,3.2409,-16.981,19.534,10.172,-12.766,9.527,10.007,Fairway,airborne,-0.002,0
779,3.2450,-17.035,19.481,10.151,-12.798,9.525,9.956,Fairway,airborne,-0.002,0
780,3.2492,-17.088,19.428,10.130,-12.829,9.523,9.904,Fairway,airborne,-0.002,0
781,3.2534,-17.142,19.374,10.109,-12.860,9.521,9.853,Fairway,airborne,-0.002,0
782,3.2575,-17.195,19.321,10.088,-12.891,9.519,9.801,Fairway,airborne,-0.002,0
783,3.2617,-17.249,19.267,10.067,-12.922,9.517,9.749,Fairway,airborne,-0.002,0
784,3.2659,-17.302,19.213,10.046,-12.953,9.515,9.697,Fairway,airborne,-0.002,0
785,3.2700,-17.355,19.159,10.025,-12.984,9.514,9.645,Fairway,airborne,-0.002,0
786,3.2742,-17.409,19.105,10.005,-13.015,9.511,9.593,Fairway,airborne,-0.002,0
787,3.2784,-17.462,19.050,9.984,-13.046,9.509,9.541,Fairway,airborne,-0.002,0
788,3.2825,-17.515,18.996,9.963,-13.077,9.507,9.489,Fairway,airborne,-0.002,0
789,3.2867,-17.568,18.942,9.942,-13.108,9.506,9.436,Fairway,airborne,-0.002,0
790,3.2909,-17.621,18.887,9.921,-13.139,9.504,9.383,Fairway,airborne,-0.002,0
791,3.2950,-17.674,18.832,9.900,-13.170,9.502,9.330,Fairway,airborne,-0.002,0
792,3.2992,-17.728,18.777,9.880,-13.200,9.500,9.277,Fairway,airborne,-0.002,0
793,3.3034,-17.781,18.722,9.859,-13.231,9.498,9.224,Fairway,airborne,-0.002,0
794,3.3075,-17.834,18.667,9.838,-13.262,9.496,9.171,Fairway,airborne,-0.002,0
795,3.3117,-17.887,18.612,9.817,-13.293,9.495,9.117,Fairway,airborne,-0.002,0
796,3.3159,-17.939,18.556,9.797,-13.323,9.493,9.063,Fairway,airborne,-0.002,0
797,3.3200,-17.992,18.501,9.776,-13.354,9.491,9.009,Fairway,airborne,-0.002,0
798,3.3242,-18.045,18.445,9.755,-13.384,9.490,8.955,Fairway,airborne,-0.002,0
799,3.3284,-18.098,18.389,9.735,-13.415,9.488,8.901,Fairway,airborne,-0.002,0
800,3.3325,-18.151,18.333,9.714,-13.445,9.486,8.847,Fairway,airborne,-0.002,0
801,3.3367,-18.203,18.277,9.693,-13.476,9.484,8.793,Fairway,airborne,-0.002,0
802,3.3409,-18.256,18.221,9.673,-13.506,9.482,8.739,Fairway,airborne,-0.002,0
803,3.3450,-18.309,18.165,9.652,-13.536,9.480,8.685,Fairway,airborne,-0.002,0
804,3.3492,-18.361,18.108,9.632,-13.567,9.478,8.630,Fairway,airborne,-0.002,0
805,3.3533,-18.414,18.052,9.611,-13.597,9.476,8.576,Fairway,airborne,-0.002,0
806,3.3575,-18.466,17.995,9.591,-13.627,9.474,8.521,Fairway,airborne,-0.002,0
807,3.3617,-18.519,17.938,9.570,-13.657,9.472,8.466,Fairway,airborne,-0.002,0
808,3.3658,-18.571,17.881,9.550,-13.687,9.470,8.411,Fairway,airborne,-0.002,0
809,3.3700,-18.623,17.824,9.529,-13.718,9.468,8.356,Fairway,airborne,-0.002,0
810,3.3742,-18.676,17.767,9.509,-13.748,9.466,8.300,Fairway,airborne,-0.002,0
811,3.3783,-18.728,17.710,9.488,-13.778,9.464,8.245,Fairway,airborne,-0.002,0
812,3.3825,-18.780,17.652,9.468,-13.808,9.463,8.190,Fairway,airborne,-0.002,0
813,3.3867,-18.832,17.595,9.447,-13.838,9.461,8.134,Fairway,airborne,-0.002,0
814,3.3908,-18.885,17.537,9.427,-13.867,9.459,8.078,Fairway,airborne,-0.002,0
815,3.3950,-18.937,17.479,9.406,-13.897,9.457,8.022,Fairway,airborne,-0.002,0
816,3.3992,-18.989,17.421,9.386,-13.927,9.455,7.966,Fairway,airborne,-0.002,0
817,3.4033,-19.041,17.363,9.366,-13.957,9.453,7.910,Fairway,airborne,-0.002,0
818,3.4075,-19.093,17.305,9.345,-13.987,9.451,7.854,Fairway,airborne,-0.002,0
819,3.4117,-19.145,17.246,9.325,-14.016,9.449,7.797,Fairway,airborne,-0.002,0
820,3.4158,-19.197,17.188,9.305,-14.046,9.447,7.741,Fairway,airborne,-0.002,0
821,3.4200,-19.249,17.129,9.284,-14.076,9.445,7.684,Fairway,airborne,-0.002,0
822,3.4242,-19.300,17.071,9.264,-14.105,9.443,7.627,Fairway,airborne,-0.002,0
823,3.4283,-19.352,17.012,9.244,-14.135,9.442,7.570,Fairway,airborne,-0.002,0
824,3.4325,-19.404,16.953,9.224,-14.164,9.440,7.513,Fairway,airborne,-0.002,0
825,3.4367,-19.456,16.894,9.203,-14.194,9.438,7.456,Fairway,airborne,-0.002,0
826,3.4408,-19.507,16.835,9.183,-14.223,9.437,7.398,Fairway,airborne,-0.002,0
827,3.4450,-19.559,16.775,9.163,-14.253,9.435,7.340,Fairway,airborne,-0.002,0
828,3.4492,-19.611,16.716,9.143,-14.282,9.433,7.283,Fairway,airborne,-0.002,0
829,3.4533,-19.662,16.656,9.123,-14.311,9.432,7.225,Fairway,airborne,-0.002,0
830,3.4575,-19.714,16.597,9.102,-14.340,9.430,7.167,Fairway,airborne,-0.002,0
831,3.4617,-19.765,16.537,9.082,-14.370,9.428,7.109,Fairway,airborne,-0.002,0
832,3.4658,-19.817,16.477,9.062,-14.399,9.426,7.051,Fairway,airborne,-0.002,0
833,3.4700,-19.868,16.417,9.042,-14.428,9.424,6.993,Fairway,airborne,-0.002,0
834,3.4742,-19.919,16.357,9.022,-14.457,9.422,6.935,Fairway,airborne,-0.002,0
835,3.4783,-19.971,16.297,9.002,-14.486,9.420,6.876,Fairway,airborne,-0.002,0
836,3.4825,-20.022,16.236,8.982,-14.515,9.418,6.818,Fairway,airborne,-0.002,0
837,3.4866,-20.073,16.176,8.962,-14.544,9.416,6.760,Fairway,airborne,-0.002,0
838,3.4908,-20.124,16.115,8.942,-14.573,9.414,6.701,Fairway,airborne,-0.002,0
839,3.4950,-20.175,16.054,8.922,-14.602,9.412,6.642,Fairway,airborne,-0.002,0
840,3.4991,-20.226,15.993,8.902,-14.631,9.410,6.583,Fairway,airborne,-0.002,0
841,3.5033,-20.277,15.932,8.882,-14.660,9.408,6.524,Fairway,airborne,-0.002,0
842,3.5075,-20.328,15.871,8.862,-14.688,9.407,6.465,Fairway,airborne,-0.002,0
843,3.5116,-20.379,15.810,8.842,-14.717,9.405,6.405,Fairway,airborne,-0.001,0
844,3.5158,-20.430,15.749,8.822,-14.746,9.404,6.345,Fairway,airborne,-0.002,0
845,3.5200,-20.481,15.687,8.802,-14.775,9.402,6.285,Fairway,airborne,-0.002,0
846,3.5241,-20.532,15.626,8.782,-14.803,9.400,6.226,Fairway,airborne,-0.002,0
847,3.5283,-20.583,15.564,8.762,-14.832,9.398,6.166,Fairway,airborne,-0.002,0
848,3.5325,-20.634,15.502,8.742,-14.860,9.396,6.106,Fairway,airborne,-0.002,0
849,3.5366,-20.684,15.440,8.723,-14.889,9.394,6.046,Fairway,airborne,-0.002,0
850,3.5408,-20.735,15.378,8.703,-14.917,9.392,5.986,Fairway,airborne,-0.002,0
851,3.5450,-20.786,15.316,8.683,-14.946,9.390,5.925,Fairway,airborne,-0.002,0
852,3.5491,-20.836,15.253,8.663,-14.974,9.389,5.865,Fairway,airborne,-0.002,0
853,3.5533,-20.887,15.191,8.643,-15.002,9.387,5.804,Fairway,airborne,-0.002,0
854,3.5575,-20.937,15.129,8.624,-15.031,9.385,5.744,Fairway,airborne,-0.002,0
855,3.5616,-20.988,15.066,8.604,-15.059,9.383,5.683,Fairway,airborne,-0.002,0
856,3.5658,-21.038,15.003,8.584,-15.087,9.381,5.622,Fairway,airborne,-0.002,0
857,3.5700,-21.088,14.940,8.564,-15.115,9.379,5.561,Fairway,airborne,-0.002,0
858,3.5741,-21.139,14.877,8.545,-15.143,9.377,5.500,Fairway,airborne,-0.002,0
859,3.5783,-21.189,14.814,8.525,-15.171,9.376,5.438,Fairway,airborne,-0.002,0
860,3.5825,-21.239,14.751,8.505,-15.199,9.374,5.377,Fairway,airborne,-0.002,0
861,3.5866,-21.289,14.687,8.486,-15.227,9.372,5.315,Fairway,airborne,-0.002,0
862,3.5908,-21.340,14.624,8.466,-15.255,9.370,5.254,Fairway,airborne,-0.002,0
863,3.5950,-21.390,14.560,8.446,-15.283,9.368,5.192,Fairway,airborne,-0.002,0
864,3.5991,-21.440,14.497,8.427,-15.311,9.367,5.130,Fairway,airborne,-0.002,0
865,3.6033,-21.490,14.433,8.407,-15.339,9.365,5.068,Fairway,airborne,-0.002,0
866,3.6075,-21.540,14.369,8.388,-15.367,9.363,5.006,Fairway,airborne,-0.002,0
867,3.6116,-21.590,14.305,8.368,-15.394,9.361,4.944,Fairway,airborne,-0.002,0
868,3.6158,-21.640,14.241,8.349,-15.422,9.359,4.882,Fairway,airborne,-0.002,0
869,3.6199,-21.690,14.176,8.329,-15.450,9.357,4.819,Fairway,airborne,-0.002,0
870,3.6241,-21.739,14.112,8.310,-15.477,9.355,4.756,Fairway,airborne,-0.002,0
871,3.6283,-21.789,14.047,8.290,-15.505,9.354,4.694,Fairway,airborne,-0.002,0
872,3.6324,-21.839,13.983,8.271,-15.532,9.352,4.631,Fairway,airborne,-0.002,0
873,3.6366,-21.889,13.918,8.251,-15.560,9.350,4.568,Fairway,airborne,-0.002,0
874,3.6408,-21.938,13.853,8.232,-15.587,9.348,4.505,Fairway,airborne,-0.002,0
875,3.6449,-21.988,13.788,8.212,-15.615,9.346,4.442,Fairway,airborne,-0.002,0
876,3.6491,-22.037,13.723,8.193,-15.642,9.344,4.378,Fairway,airborne,-0.002,0
877,3.6533,-22.087,13.658,8.174,-15.669,9.343,4.315,Fairway,airborne,-0.002,0
878,3.6574,-22.136,13.592,8.154,-15.697,9.341,4.252,Fairway,airborne,-0.002,0
879,3.6616,-22.186,13.527,8.135,-15.724,9.339,4.188,Fairway,airborne,-0.002,0
880,3.6658,-22.235,13.461,8.116,-15.751,9.337,4.124,Fairway,airborne,-0.002,0
881,3.6699,-22.285,13.396,8.096,-15.778,9.335,4.060,Fairway,airborne,-0.002,0
882,3.6741,-22.334,13.330,8.077,-15.805,9.334,3.996,Fairway,airborne,-0.002,0
883,3.6783,-22.383,13.264,8.058,-15.832,9.332,3.932,Fairway,airborne,-0.002,0
884,3.6824,-22.432,13.198,8.038,-15.859,9.330,3.868,Fairway,airborne,-0.002,0
885,3.6866,-22.481,13.132,8.019,-15.886,9.328,3.804,Fairway,airborne,-0.002,0
886,3.6908,-22.531,13.066,8.000,-15.913,9.327,3.739,Fairway,airborne,-0.001,0
887,3.6949,-22.580,12.999,7.981,-15.940,9.325,3.674,Fairway,airborne,-0.002,0
888,3.6991,-22.629,12.933,7.962,-15.967,9.324,3.609,Fairway,airborne,-0.001,0
889,3.7033,-22.678,12.866,7.942,-15.994,9.322,3.544,Fairway,airborne,-0.002,0
890,3.7074,-22.727,12.800,7.923,-16.020,9.321,3.479,Fairway,airborne,-0.001,0
891,3.7116,-22.776,12.733,7.904,-16.047,9.319,3.414,Fairway,airborne,-0.002,0
892,3.7158,-22.825,12.666,7.885,-16.074,9.317,3.349,Fairway,airborne,-0.002,0
893,3.7199,-22.873,12.599,7.866,-16.100,9.315,3.284,Fairway,airborne,-0.002,0
894,3.7241,-22.922,12.532,7.847,-16.127,9.313,3.219,Fairway,airborne,-0.002,0
895,3.7283,-22.971,12.465,7.828,-16.154,9.311,3.154,Fairway,airborne,-0.002,0
896,3.7324,-23.020,12.397,7.809,-16.180,9.309,3.089,Fairway,airborne,-0.002,0
897,3.7366,-23.068,12.330,7.790,-16.207,9.307,3.023,Fairway,airborne,-0.002,0
898,3.7408,-23.117,12.262,7.771,-16.233,9.305,2.957,Fairway,airborne,-0.002,0
899,3.7449,-23.165,12.195,7.752,-16.259,9.303,2.891,Fairway,airborne,-0.001,0
900,3.7491,-23.214,12.127,7.733,-16.286,9.302,2.825,Fairway,airborne,-0.002,0
901,3.7533,-23.262,12.059,7.714,-16.312,9.300,2.759,Fairway,airborne,-0.001,0
902,3.7574,-23.311,11.991,7.695,-16.338,9.299,2.692,Fairway,airborne,-0.002,0
903,3.7616,-23.359,11.923,7.676,-16.364,9.297,2.626,Fairway,airborne,-0.001,0
904,3.7657,-23.408,11.855,7.657,-16.390,9.296,2.559,Fairway,airborne,-0.002,0
905,3.7699,-23.456,11.786,7.638,-16.417,9.294,2.492,Fairway,airborne,-0.002,0
906,3.7741,-23.504,11.718,7.619,-16.443,9.292,2.426,Fairway,airborne,-0.002,0
907,3.7782,-23.552,11.649,7.600,-16.469,9.290,2.359,Fairway,airborne,-0.002,0
908,3.7824,-23.601,11.581,7.581,-16.495,9.289,2.292,Fairway,airborne,-0.002,0
909,3.7866,-23.649,11.512,7.562,-16.520,9.287,2.225,Fairway,airborne,-0.002,0
910,3.7907,-23.697,11.443,7.544,-16.546,9.285,2.158,Fairway,airborne,-0.002,0
911,3.7949,-23.745,11.374,7.525,-16.572,9.283,2.091,Fairway,airborne,-0.002,0
912,3.7991,-23.793,11.305,7.506,-16.598,9.282,2.023,Fairway,airborne,-0.002,0
913,3.8032,-23.841,11.236,7.487,-16.624,9.280,1.956,Fairway,airborne,-0.002,0
914,3.8074,-23.889,11.167,7.468,-16.649,9.278,1.889,Fairway,airborne,-0.002,0
915,3.8116,-23.937,11.097,7.450,-16.675,9.276,1.821,Fairway,airborne,-0.002,0
916,3.8157,-23.985,11.028,7.431,-16.701,9.275,1.753,Fairway,airborne,-0.002,0
917,3.8199,-24.032,10.958,7.412,-16.726,9.273,1.685,Fairway,airborne,-0.002,0
918,3.8241,-24.080,10.888,7.394,-16.752,9.271,1.617,Fairway,airborne,-0.002,0
919,3.8282,-24.128,10.819,7.375,-16.777,9.269,1.549,Fairway,airborne,-0.002,0
920,3.8324,-24.175,10.749,7.356,-16.803,9.268,1.481,Fairway,airborne,-0.002,0
921,3.8366,-24.223,10.679,7.338,-16.828,9.266,1.413,Fairway,airborne,-0.002,0
922,3.8407,-24.271,10.608,7.319,-16.854,9.264,1.344,Fairway,airborne,-0.002,0
923,3.8449,-24.318,10.538,7.300,-16.879,9.262,1.276,Fairway,airborne,-0.002,0
924,3.8491,-24.366,10.468,7.282,-16.904,9.261,1.207,Fairway,airborne,-0.002,0
925,3.8532,-24.413,10.397,7.263,-16.929,9.259,1.138,Fairway,airborne,-0.002,0
926,3.8574,-24.460,10.327,7.245,-16.955,9.257,1.070,Fairway,airborne,-0.002,0
927,3.8616,-24.508,10.256,7.226,-16.980,9.255,1.001,Fairway,airborne,-0.002,0
928,3.8657,-24.555,10.185,7.208,-17.005,9.254,0.932,Fairway,airborne,-0.002,0
929,3.8699,-24.602,10.114,7.189,-17.030,9.252,0.863,Fairway,airborne,-0.002,0
930,3.8741,-24.650,10.043,7.171,-17.055,9.250,0.793,Fairway,airborne,-0.002,0
931,3.8782,-24.697,9.972,7.152,-17.080,9.248,0.724,Fairway,airborne,-0.002,0
932,3.8824,-24.744,9.901,7.134,-17.105,9.247,0.654,Fairway,airborne,-0.002,0
933,3.8866,-24.791,9.830,7.115,-17.130,9.245,0.585,Fairway,airborne,-0.001,0
934,3.8907,-24.838,9.758,7.097,-17.154,9.244,0.515,Fairway,airborne,-0.002,0
935,3.8949,-24.885,9.687,7.078,-17.179,9.242,0.445,Fairway,airborne,-0.001,0
936,3.8990,-24.932,9.615,7.060,-17.204,9.241,0.375,Fairway,airborne,-0.001,0
937,3.9032,-24.979,9.544,7.042,-17.229,9.239,0.304,Fairway,airborne,-0.002,0
938,3.9074,-25.026,9.472,7.023,-17.253,9.238,0.234,Fairway,airborne,-0.001,0
939,3.9115,-25.073,9.400,7.005,-17.278,9.236,0.164,Fairway,airborne,-0.002,0
940,3.9157,-25.119,9.328,6.987,-17.302,9.234,0.093,Fairway,airborne,-0.002,0
941,3.9199,-25.166,9.256,6.968,-17.327,9.233,0.023,Fairway,airborne,-0.002,0
942,3.9213,-25.182,9.231,6.962,-17.335,9.232,-0.001,Fairway,roll,-0.001,0
943,3.9255,-25.203,9.267,6.954,8.622,9.231,0.036,Fairway,roll,-0.001,0
944,3.9296,-25.224,9.303,6.946,8.577,9.231,0.072,Fairway,roll,-0.001,0
945,3.9338,-25.245,9.338,6.938,8.532,9.230,0.109,Fairway,roll,-0.001,0
946,3.9380,-25.266,9.374,6.929,8.487,9.229,0.145,Fairway,roll,-0.001,0
947,3.9421,-25.287,9.409,6.921,8.442,9.228,0.181,Fairway,roll,-0.001,0
948,3.9463,-25.308,9.444,6.913,8.397,9.227,0.217,Fairway,roll,-0.001,0
949,3.9505,-25.329,9.479,6.905,8.352,9.227,0.252,Fairway,roll,-0.001,0
950,3.9546,-25.350,9.514,6.897,8.308,9.226,0.288,Fairway,roll,-0.001,0
951,3.9588,-25.371,9.548,6.888,8.263,9.225,0.323,Fairway,roll,-0.001,0
952,3.9630,-25.392,9.583,6.880,8.218,9.224,0.358,Fairway,roll,-0.001,0
953,3.9671,-25.413,9.617,6.872,8.173,9.224,0.393,Fairway,roll,-0.001,0
954,3.9713,-25.434,9.651,6.864,8.129,9.223,0.428,Fairway,roll,-0.001,0
955,3.9754,-25.454,9.684,6.856,8.084,9.222,0.462,Fairway,roll,-0.001,0
956,3.9796,-25.475,9.718,6.847,8.040,9.221,0.497,Fairway,roll,-0.001,0
957,3.9838,-25.496,9.751,6.839,7.995,9.221,0.531,Fairway,roll,-0.001,0
958,3.9879,-25.517,9.785,6.831,7.951,9.220,0.565,Fairway,roll,-0.001,0
959,3.9921,-25.538,9.818,6.823,7.907,9.219,0.599,Fairway,roll,-0.001,0
960,3.9963,-25.559,9.850,6.815,7.862,9.218,0.632,Fairway,roll,-0.001,0
961,4.0004,-25.580,9.883,6.807,7.818,9.217,0.666,Fairway,roll,-0.001,0
962,4.0046,-25.600,9.916,6.799,7.774,9.217,0.699,Fairway,roll,-0.001,0
963,4.0088,-25.621,9.948,6.790,7.729,9.216,0.732,Fairway,roll,-0.001,0
964,4.0129,-25.642,9.980,6.782,7.685,9.215,0.765,Fairway,roll,-0.001,0
965,4.0171,-25.663,10.012,6.774,7.641,9.214,0.797,Fairway,roll,-0.001,0
966,4.0213,-25.684,10.044,6.766,7.597,9.214,0.830,Fairway,roll,-0.001,0
967,4.0254,-25.704,10.075,6.758,7.553,9.213,0.862,Fairway,roll,-0.001,0
968,4.0296,-25.725,10.107,6.750,7.509,9.212,0.894,Fairway,roll,-0.001,0
969,4.0338,-25.746,10.138,6.742,7.465,9.211,0.926,Fairway,roll,-0.001,0
970,4.0379,-25.767,10.169,6.733,7.421,9.211,0.958,Fairway,roll,-0.001,0
971,4.0421,-25.787,10.200,6.725,7.378,9.210,0.990,Fairway,roll,-0.001,0
972,4.0463,-25.808,10.230,6.717,7.334,9.209,1.021,Fairway,roll,-0.001,0
973,4.0504,-25.829,10.261,6.709,7.290,9.209,1.052,Fairway,roll,-0.001,0
974,4.0546,-25.850,10.291,6.701,7.246,9.208,1.083,Fairway,roll,-0.001,0
975,4.0588,-25.870,10.321,6.693,7.203,9.207,1.114,Fairway,roll,-0.001,0
976,4.0629,-25.891,10.351,6.685,7.159,9.206,1.145,Fairway,roll,-0.001,0
977,4.0671,-25.912,10.381,6.677,7.115,9.205,1.175,Fairway,roll,-0.001,0
978,4.0713,-25.932,10.410,6.669,7.072,9.205,1.206,Fairway,roll,-0.001,0
979,4.0754,-25.953,10.440,6.661,7.028,9.204,1.236,Fairway,roll,-0.001,0
980,4.0796,-25.974,10.469,6.652,6.985,9.203,1.266,Fairway,roll,-0.001,0
981,4.0838,-25.994,10.498,6.644,6.941,9.202,1.295,Fairway,roll,-0.001,0
982,4.0879,-26.015,10.527,6.636,6.898,9.202,1.325,Fairway,roll,-0.001,0
983,4.0921,-26.036,10.555,6.628,6.855,9.201,1.354,Fairway,roll,-0.001,0
984,4.0963,-26.056,10.584,6.620,6.811,9.200,1.383,Fairway,roll,-0.001,0
985,4.1004,-26.077,10.612,6.612,6.768,9.200,1.412,Fairway,roll,-0.001,0
986,4.1046,-26.098,10.640,6.604,6.725,9.199,1.441,Fairway,roll,-0.001,0
987,4.1087,-26.118,10.668,6.596,6.682,9.198,1.470,Fairway,roll,-0.001,0
988,4.1129,-26.139,10.696,6.588,6.638,9.198,1.498,Fairway,roll,-0.001,0
989,4.1171,-26.159,10.723,6.580,6.595,9.197,1.526,Fairway,roll,-0.001,0
990,4.1212,-26.180,10.751,6.572,6.552,9.196,1.554,Fairway,roll,-0.001,0
991,4.1254,-26.201,10.778,6.564,6.509,9.195,1.582,Fairway,roll,-0.001,0
992,4.1296,-26.221,10.805,6.556,6.466,9.195,1.610,Fairway,roll,-0.001,0
993,4.1337,-26.242,10.832,6.548,6.423,9.194,1.638,Fairway,roll,-0.001,0
994,4.1379,-26.262,10.858,6.539,6.380,9.193,1.665,Fairway,roll,-0.001,0
995,4.1421,-26.283,10.885,6.531,6.337,9.192,1.692,Fairway,roll,-0.001,0
996,4.1462,-26.303,10.911,6.523,6.294,9.192,1.719,Fairway,roll,-0.001,0
997,4.1504,-26.324,10.937,6.515,6.251,9.191,1.747,Fairway,roll,-0.001,0
998,4.1546,-26.345,10.963,6.507,6.208,9.190,1.773,Fairway,roll,-0.001,0
999,4.1587,-26.365,10.989,6.499,6.166,9.189,1.800,Fairway,roll,-0.001,0
1000,4.1629,-26.386,11.015,6.491,6.123,9.188,1.826,Fairway,roll,-0.001,0
1001,4.1671,-26.406,11.040,6.483,6.080,9.188,1.852,Fairway,roll,-0.001,0
1002,4.1712,-26.427,11.065,6.475,6.037,9.187,1.878,Fairway,roll,-0.001,0
1003,4.1754,-26.447,11.090,6.467,5.994,9.186,1.904,Fairway,roll,-0.001,0
1004,4.1796,-26.468,11.115,6.459,5.950,9.186,1.930,Fairway,roll,-0.001,0
1005,4.1837,-26.488,11.140,6.451,5.905,9.185,1.955,Fairway,roll,-0.001,0
1006,4.1879,-26.509,11.164,6.443,5.861,9.184,1.980,Fairway,roll,-0.001,0
1007,4.1921,-26.529,11.189,6.435,5.816,9.184,2.005,Fairway,roll,-0.001,0
1008,4.1962,-26.549,11.213,6.427,5.772,9.183,2.030,Fairway,roll,-0.001,0
1009,4.2004,-26.570,11.237,6.419,5.728,9.182,2.054,Fairway,roll,-0.001,0
1010,4.2046,-26.590,11.260,6.411,5.683,9.182,2.079,Fairway,roll,-0.001,0
1011,4.2087,-26.611,11.284,6.403,5.639,9.181,2.103,Fairway,roll,-0.001,0
1012,4.2129,-26.631,11.307,6.395,5.595,9.180,2.127,Fairway,roll,-0.001,0
1013,4.2171,-26.652,11.331,6.387,5.551,9.180,2.151,Fairway,roll,-0.001,0
1014,4.2212,-26.672,11.354,6.379,5.507,9.179,2.175,Fairway,roll,-0.001,0
1015,4.2254,-26.692,11.376,6.371,5.463,9.178,2.198,Fairway,roll,-0.001,0
1016,4.2296,-26.713,11.399,6.363,5.419,9.177,2.222,Fairway,roll,-0.001,0
1017,4.2337,-26.733,11.422,6.355,5.375,9.177,2.245,Fairway,roll,-0.001,0
1018,4.2379,-26.753,11.444,6.347,5.331,9.176,2.268,Fairway,roll,-0.001,0
1019,4.2421,-26.774,11.466,6.339,5.288,9.175,2.291,Fairway,roll,-0.001,0
1020,4.2462,-26.794,11.488,6.331,5.244,9.174,2.313,Fairway,roll,-0.001,0
1021,4.2504,-26.814,11.510,6.323,5.200,9.174,2.336,Fairway,roll,-0.001,0
1022,4.2545,-26.835,11.531,6.315,5.157,9.173,2.358,Fairway,roll,-0.001,0
1023,4.2587,-26.855,11.553,6.308,5.113,9.172,2.380,Fairway,roll,-0.001,0
1024,4.2629,-26.875,11.574,6.300,5.070,9.172,2.402,Fairway,roll,-0.001,0
1025,4.2670,-26.895,11.595,6.292,5.026,9.171,2.424,Fairway,roll,-0.001,0
1026,4.2712,-26.916,11.616,6.284,4.983,9.170,2.446,Fairway,roll,-0.001,0
1027,4.2754,-26.936,11.636,6.276,4.939,9.169,2.467,Fairway,roll,-0.001,0
1028,4.2795,-26.956,11.657,6.268,4.896,9.169,2.488,Fairway,roll,-0.001,0
1029,4.2837,-26.976,11.677,6.260,4.853,9.168,2.509,Fairway,roll,-0.001,0
1030,4.2879,-26.996,11.697,6.252,4.809,9.167,2.530,Fairway,roll,-0.001,0
1031,4.2920,-27.017,11.717,6.244,4.766,9.166,2.551,Fairway,roll,-0.001,0
1032,4.2962,-27.037,11.737,6.236,4.723,9.166,2.571,Fairway,roll,-0.001,0
1033,4.3004,-27.057,11.756,6.228,4.680,9.165,2.591,Fairway,roll,-0.001,0
1034,4.3045,-27.077,11.776,6.221,4.637,9.164,2.611,Fairway,roll,-0.001,0
1035,4.3087,-27.097,11.795,6.213,4.594,9.164,2.631,Fairway,roll,-0.001,0
1036,4.3129,-27.117,11.814,6.205,4.551,9.163,2.651,Fairway,roll,-0.001,0
1037,4.3170,-27.138,11.833,6.197,4.508,9.162,2.670,Fairway,roll,-0.001,0
1038,4.3212,-27.158,11.852,6.189,4.465,9.162,2.690,Fairway,roll,-0.001,0
1039,4.3254,-27.178,11.870,6.181,4.422,9.161,2.709,Fairway,roll,-0.001,0
1040,4.3295,-27.198,11.888,6.173,4.379,9.161,2.728,Fairway,roll,-0.001,0
1041,4.3337,-27.218,11.907,6.165,4.336,9.160,2.747,Fairway,roll,-0.001,0
1042,4.3379,-27.238,11.925,6.157,4.294,9.159,2.765,Fairway,roll,-0.001,0
1043,4.3420,-27.258,11.942,6.150,4.251,9.159,2.784,Fairway,roll,-0.001,0
1044,4.3462,-27.278,11.960,6.142,4.208,9.158,2.802,Fairway,roll,-0.001,0
1045,4.3504,-27.298,11.977,6.134,4.165,9.158,2.820,Fairway,roll,0.000,0
1046,4.3545,-27.318,11.995,6.126,4.123,9.157,2.838,Fairway,roll,-0.001,0
1047,4.3587,-27.338,12.012,6.118,4.080,9.156,2.856,Fairway,roll,-0.001,0
1048,4.3629,-27.358,12.029,6.110,4.038,9.155,2.873,Fairway,roll,-0.001,0
1049,4.3670,-27.379,12.045,6.103,3.995,9.155,2.891,Fairway,roll,-0.001,0
1050,4.3712,-27.399,12.062,6.095,3.953,9.154,2.908,Fairway,roll,-0.001,0
1051,4.3754,-27.419,12.078,6.087,3.910,9.153,2.925,Fairway,roll,-0.001,0
1052,4.3795,-27.439,12.094,6.079,3.868,9.152,2.942,Fairway,roll,-0.001,0
1053,4.3837,-27.459,12.111,6.071,3.825,9.152,2.959,Fairway,roll,-0.001,0
1054,4.3878,-27.479,12.126,6.063,3.783,9.151,2.975,Fairway,roll,-0.001,0
1055,4.3920,-27.499,12.142,6.056,3.740,9.150,2.992,Fairway,roll,-0.001,0
1056,4.3962,-27.518,12.157,6.048,3.698,9.150,3.008,Fairway,roll,-0.001,0
1057,4.4003,-27.538,12.173,6.040,3.656,9.149,3.024,Fairway,roll,-0.001,0
1058,4.4045,-27.558,12.188,6.032,3.614,9.148,3.040,Fairway,roll,-0.001,0
1059,4.4087,-27.578,12.203,6.024,3.571,9.147,3.056,Fairway,roll,-0.001,0
1060,4.4128,-27.598,12.218,6.016,3.529,9.147,3.071,Fairway,roll,-0.001,0
1061,4.4170,-27.618,12.232,6.009,3.487,9.146,3.087,Fairway,roll,-0.001,0
1062,4.4212,-27.638,12.247,6.001,3.445,9.145,3.102,Fairway,roll,-0.001,0
1063,4.4253,-27.658,12.261,5.993,3.403,9.144,3.117,Fairway,roll,-0.001,0
1064,4.4295,-27.678,12.275,5.985,3.361,9.143,3.132,Fairway,roll,-0.001,0
1065,4.4337,-27.698,12.289,5.978,3.318,9.143,3.146,Fairway,roll,-0.001,0
1066,4.4378,-27.718,12.303,5.970,3.276,9.142,3.161,Fairway,roll,-0.001,0
1067,4.4420,-27.738,12.316,5.962,3.234,9.141,3.175,Fairway,roll,-0.001,0
1068,4.4462,-27.758,12.330,5.954,3.192,9.140,3.189,Fairway,roll,-0.001,0
1069,4.4503,-27.777,12.343,5.946,3.150,9.140,3.203,Fairway,roll,-0.001,0
1070,4.4545,-27.797,12.356,5.939,3.108,9.139,3.217,Fairway,roll,-0.001,0
1071,4.4587,-27.817,12.369,5.931,3.066,9.139,3.230,Fairway,roll,-0.001,0
1072,4.4628,-27.837,12.381,5.923,3.025,9.138,3.244,Fairway,roll,-0.001,0
1073,4.4670,-27.857,12.394,5.915,2.983,9.137,3.257,Fairway,roll,-0.001,0
1074,4.4712,-27.877,12.406,5.908,2.941,9.136,3.270,Fairway,roll,-0.001,0
1075,4.4753,-27.897,12.418,5.900,2.899,9.136,3.283,Fairway,roll,-0.001,0
1076,4.4795,-27.916,12.430,5.892,2.857,9.135,3.295,Fairway,roll,-0.001,0
1077,4.4837,-27.936,12.442,5.884,2.815,9.134,3.308,Fairway,roll,-0.001,0
1078,4.4878,-27.956,12.454,5.876,2.774,9.134,3.320,Fairway,roll,-0.001,0
1079,4.4920,-27.976,12.465,5.869,2.732,9.133,3.332,Fairway,roll,-0.001,0
1080,4.4962,-27.996,12.477,5.861,2.690,9.133,3.344,Fairway,roll,-0.001,0
1081,4.5003,-28.015,12.488,5.853,2.648,9.132,3.355,Fairway,roll,-0.001,0
1082,4.5045,-28.035,12.499,5.845,2.607,9.132,3.367,Fairway,roll,-0.001,0
1083,4.5087,-28.055,12.509,5.838,2.565,9.131,3.378,Fairway,roll,-0.001,0
1084,4.5128,-28.075,12.520,5.830,2.523,9.130,3.390,Fairway,roll,-0.001,0
1085,4.5170,-28.094,12.530,5.822,2.482,9.130,3.401,Fairway,roll,-0.001,0
1086,4.5211,-28.114,12.541,5.815,2.440,9.129,3.412,Fairway,roll,-0.001,0
1087,4.5253,-28.134,12.551,5.807,2.398,9.128,3.422,Fairway,roll,-0.001,0
1088,4.5295,-28.154,12.561,5.799,2.357,9.128,3.433,Fairway,roll,-0.001,0
1089,4.5336,-28.173,12.570,5.791,2.315,9.127,3.443,Fairway,roll,-0.001,0
1090,4.5378,-28.193,12.580,5.784,2.274,9.126,3.454,Fairway,roll,-0.001,0
1091,4.5420,-28.213,12.589,5.776,2.232,9.126,3.464,Fairway,roll,-0.001,0
1092,4.5461,-28.233,12.598,5.768,2.191,9.125,3.474,Fairway,roll,-0.001,0
1093,4.5503,-28.252,12.607,5.760,2.149,9.124,3.483,Fairway,roll,-0.001,0
1094,4.5545,-28.272,12.616,5.753,2.108,9.123,3.493,Fairway,roll,-0.001,0
1095,4.5586,-28.292,12.625,5.745,2.066,9.123,3.502,Fairway,roll,-0.001,0
1096,4.5628,-28.312,12.634,5.737,2.025,9.122,3.512,Fairway,roll,-0.001,0
1097,4.5670,-28.331,12.642,5.730,1.983,9.121,3.521,Fairway,roll,-0.001,0
1098,4.5711,-28.351,12.650,5.722,1.942,9.121,3.529,Fairway,roll,-0.001,0
1099,4.5753,-28.371,12.658,5.714,1.900,9.120,3.538,Fairway,roll,-0.001,0
1100,4.5795,-28.390,12.666,5.706,1.859,9.119,3.547,Fairway,roll,-0.001,0
1101,4.5836,-28.410,12.673,5.699,1.818,9.119,3.555,Fairway,roll,-0.001,0
1102,4.5878,-28.430,12.681,5.691,1.776,9.118,3.563,Fairway,roll,-0.001,0
1103,4.5920,-28.449,12.688,5.683,1.735,9.117,3.571,Fairway,roll,-0.001,0
1104,4.5961,-28.469,12.695,5.676,1.694,9.117,3.579,Fairway,roll,-0.001,0
1105,4.6003,-28.489,12.702,5.668,1.652,9.116,3.586,Fairway,roll,-0.001,0
1106,4.6045,-28.508,12.709,5.660,1.611,9.116,3.594,Fairway,roll,-0.001,0
1107,4.6086,-28.528,12.716,5.653,1.570,9.115,3.601,Fairway,roll,-0.001,0
1108,4.6128,-28.548,12.722,5.645,1.528,9.114,3.608,Fairway,roll,-0.001,0
1109,4.6170,-28.567,12.728,5.637,1.487,9.114,3.615,Fairway,roll,-0.001,0
1110,4.6211,-28.587,12.735,5.630,1.446,9.113,3.622,Fairway,roll,-0.001,0
1111,4.6253,-28.606,12.741,5.622,1.405,9.112,3.628,Fairway,roll,-0.001,0
1112,4.6295,-28.626,12.746,5.614,1.364,9.112,3.634,Fairway,roll,-0.001,0
1113,4.6336,-28.646,12.752,5.607,1.322,9.111,3.641,Fairway,roll,-0.001,0
1114,4.6378,-28.665,12.757,5.599,1.281,9.110,3.647,Fairway,roll,-0.001,0
1115,4.6420,-28.685,12.763,5.591,1.240,9.110,3.653,Fairway,roll,-0.001,0
1116,4.6461,-28.704,12.768,5.583,1.199,9.109,3.659,Fairway,roll,-0.001,0
1117,4.6503,-28.724,12.772,5.576,1.158,9.108,3.664,Fairway,roll,-0.001,0
1118,4.6544,-28.744,12.777,5.568,1.116,9.108,3.670,Fairway,roll,-0.001,0
1119,4.6586,-28.763,12.782,5.560,1.075,9.107,3.675,Fairway,roll,-0.001,0
1120,4.6628,-28.783,12.786,5.553,1.034,9.106,3.680,Fairway,roll,-0.001,0
1121,4.6669,-28.802,12.790,5.545,0.993,9.105,3.685,Fairway,roll,-0.001,0
1122,4.6711,-28.822,12.794,5.538,0.952,9.105,3.690,Fairway,roll,-0.001,0
1123,4.6753,-28.841,12.798,5.530,0.911,9.104,3.694,Fairway,roll,-0.001,0
1124,4.6794,-28.861,12.802,5.522,0.870,9.103,3.699,Fairway,roll,-0.001,0
1125,4.6836,-28.881,12.806,5.515,0.829,9.103,3.703,Fairway,roll,-0.001,0
1126,4.6878,-28.900,12.809,5.507,0.788,9.102,3.707,Fairway,roll,-0.001,0
1127,4.6919,-28.920,12.812,5.499,0.747,9.101,3.711,Fairway,roll,-0.001,0
1128,4.6961,-28.939,12.815,5.492,0.706,9.100,3.715,Fairway,roll,-0.001,0
1129,4.7003,-28.959,12.818,5.484,0.665,9.100,3.718,Fairway,roll,-0.001,0
1130,4.7044,-28.978,12.821,5.476,0.624,9.099,3.721,Fairway,roll,0.000,0
1131,4.7086,-28.998,12.823,5.469,0.583,9.098,3.725,Fairway,roll,-0.001,0
1132,4.7128,-29.017,12.825,5.461,0.542,9.098,3.728,Fairway,roll,-0.001,0
1133,4.7169,-29.037,12.828,5.453,0.501,9.097,3.730,Fairway,roll,-0.001,0
1134,4.7211,-29.056,12.830,5.446,0.460,9.097,3.733,Fairway,roll,-0.001,0
1135,4.7253,-29.076,12.831,5.438,0.419,9.096,3.736,Fairway,roll,-0.001,0
1136,4.7294,-29.095,12.833,5.430,0.378,9.095,3.738,Fairway,roll,-0.001,0
1137,4.7336,-29.115,12.835,5.423,0.337,9.095,3.740,Fairway,roll,-0.001,0
1138,4.7378,-29.134,12.836,5.415,0.296,9.094,3.742,Fairway,roll,-0.001,0
1139,4.7419,-29.154,12.837,5.408,0.255,9.093,3.744,Fairway,roll,-0.001,0
1140,4.7461,-29.173,12.838,5.400,0.214,9.093,3.745,Fairway,roll,-0.001,0
1141,4.7503,-29.193,12.839,5.392,0.173,9.092,3.747,Fairway,roll,-0.001,0
1142,4.7544,-29.212,12.839,5.385,0.132,9.092,3.748,Fairway,roll,0.000,0
1143,4.7586,-29.232,12.840,5.377,0.091,9.091,3.749,Fairway,roll,-0.001,0
1144,4.7628,-29.251,12.840,5.369,0.051,9.090,3.750,Fairway,roll,-0.001,0
1145,4.7669,-29.270,12.840,5.362,0.010,9.090,3.751,Fairway,roll,-0.001,0
1146,4.7711,-29.290,12.840,5.354,-0.031,9.089,3.751,Fairway,roll,-0.001,0
1147,4.7753,-29.309,12.840,5.347,-0.072,9.088,3.752,Fairway,roll,-0.001,0
1148,4.7794,-29.329,12.840,5.339,-0.113,9.088,3.752,Fairway,roll,-0.001,0
1149,4.7836,-29.348,12.839,5.331,-0.154,9.087,3.752,Fairway,roll,-0.001,0
1150,4.7878,-29.368,12.838,5.324,-0.194,9.086,3.752,Fairway,roll,-0.001,0
1151,4.7919,-29.387,12.837,5.316,-0.235,9.085,3.752,Fairway,roll,-0.001,0
1152,4.7961,-29.406,12.836,5.309,-0.276,9.085,3.752,Fairway,roll,-0.001,0
1153,4.8002,-29.426,12.835,5.301,-0.317,9.084,3.751,Fairway,roll,-0.001,0
1154,4.8044,-29.445,12.834,5.293,-0.357,9.083,3.751,Fairway,roll,-0.001,0
1155,4.8086,-29.465,12.832,5.286,-0.398,9.083,3.750,Fairway,roll,-0.001,0
1156,4.8127,-29.484,12.830,5.278,-0.439,9.082,3.749,Fairway,roll,-0.001,0
1157,4.8169,-29.503,12.829,5.271,-0.480,9.081,3.747,Fairway,roll,-0.001,0
1158,4.8211,-29.523,12.827,5.263,-0.520,9.081,3.746,Fairway,roll,-0.001,0
1159,4.8252,-29.542,12.824,5.255,-0.561,9.080,3.745,Fairway,roll,-0.001,0
1160,4.8294,-29.562,12.822,5.248,-0.602,9.079,3.743,Fairway,roll,-0.001,0
1161,4.8336,-29.581,12.819,5.240,-0.643,9.078,3.741,Fairway,roll,-0.001,0
1162,4.8377,-29.600,12.817,5.233,-0.683,9.078,3.739,Fairway,roll,-0.001,0
1163,4.8419,-29.620,12.814,5.225,-0.724,9.077,3.736,Fairway,roll,-0.001,0
1164,4.8461,-29.639,12.810,5.218,-0.765,9.077,3.734,Fairway,roll,-0.001,0
1165,4.8502,-29.658,12.807,5.210,-0.805,9.076,3.731,Fairway,roll,-0.001,0
1166,4.8544,-29.678,12.804,5.202,-0.846,9.076,3.728,Fairway,roll,-0.001,0
1167,4.8586,-29.697,12.800,5.195,-0.886,9.075,3.725,Fairway,roll,-0.001,0
1168,4.8627,-29.716,12.796,5.187,-0.927,9.075,3.722,Fairway,roll,-0.001,0
1169,4.8669,-29.736,12.792,5.180,-0.968,9.074,3.719,Fairway,roll,-0.001,0
1170,4.8711,-29.755,12.788,5.172,-1.008,9.073,3.715,Fairway,roll,-0.001,0
1171,4.8752,-29.774,12.784,5.165,-1.049,9.073,3.711,Fairway,roll,-0.001,0
1172,4.8794,-29.794,12.780,5.157,-1.089,9.072,3.708,Fairway,roll,-0.001,0
1173,4.8836,-29.813,12.775,5.149,-1.130,9.071,3.704,Fairway,roll,-0.001,0
1174,4.8877,-29.832,12.770,5.142,-1.171,9.071,3.700,Fairway,roll,-0.001,0
1175,4.8919,-29.852,12.765,5.134,-1.211,9.070,3.695,Fairway,roll,-0.001,0
1176,4.8961,-29.871,12.760,5.127,-1.252,9.069,3.691,Fairway,roll,-0.001,0
1177,4.9002,-29.890,12.755,5.119,-1.292,9.069,3.686,Fairway,roll,-0.001,0
1178,4.9044,-29.910,12.749,5.112,-1.333,9.068,3.682,Fairway,roll,-0.001,0
1179,4.9086,-29.929,12.744,5.104,-1.373,9.067,3.677,Fairway,roll,-0.001,0
1180,4.9127,-29.948,12.738,5.096,-1.414,9.066,3.672,Fairway,roll,-0.001,0
1181,4.9169,-29.967,12.732,5.089,-1.454,9.066,3.666,Fairway,roll,-0.001,0
1182,4.9211,-29.987,12.726,5.081,-1.495,9.065,3.661,Fairway,roll,-0.001,0
1183,4.9252,-30.006,12.720,5.074,-1.535,9.065,3.655,Fairway,roll,0.000,0
1184,4.9294,-30.025,12.713,5.066,-1.575,9.064,3.649,Fairway,roll,-0.001,0
1185,4.9335,-30.044,12.706,5.059,-1.616,9.063,3.643,Fairway,roll,-0.001,0
1186,4.9377,-30.064,12.700,5.051,-1.656,9.063,3.637,Fairway,roll,-0.001,0
1187,4.9419,-30.083,12.693,5.044,-1.697,9.062,3.630,Fairway,roll,-0.001,0
1188,4.9460,-30.102,12.686,5.036,-1.737,9.062,3.624,Fairway,roll,-0.001,0
1189,4.9502,-30.121,12.678,5.029,-1.777,9.061,3.617,Fairway,roll,-0.001,0
1190,4.9544,-30.141,12.671,5.021,-1.818,9.060,3.611,Fairway,roll,-0.001,0
1191,4.9585,-30.160,12.663,5.014,-1.858,9.060,3.603,Fairway,roll,-0.001,0
1192,4.9627,-30.179,12.655,5.006,-1.898,9.059,3.596,Fairway,roll,0.000,0
1193,4.9669,-30.198,12.647,4.999,-1.939,9.059,3.589,Fairway,roll,-0.001,0
1194,4.9710,-30.218,12.639,4.991,-1.979,9.058,3.581,Fairway,roll,-0.001,0
1195,4.9752,-30.237,12.631,4.983,-2.019,9.057,3.574,Fairway,roll,-0.001,0
1196,4.9794,-30.256,12.622,4.976,-2.060,9.057,3.566,Fairway,roll,-0.001,0
1197,4.9835,-30.275,12.614,4.968,-2.100,9.056,3.558,Fairway,roll,-0.001,0
1198,4.9877,-30.294,12.605,4.961,-2.140,9.055,3.550,Fairway,roll,-0.001,0
1199,4.9919,-30.314,12.596,4.953,-2.180,9.055,3.541,Fairway,roll,-0.001,0
1200,4.9960,-30.333,12.587,4.946,-2.220,9.054,3.533,Fairway,roll,-0.001,0
1201,5.0002,-30.352,12.577,4.938,-2.261,9.053,3.524,Fairway,roll,-0.001,0
1202,5.0044,-30.371,12.568,4.931,-2.301,9.052,3.515,Fairway,roll,-0.001,0
1203,5.0085,-30.390,12.558,4.923,-2.341,9.047,3.512,Fairway,roll,-0.006,0
1204,5.0127,-30.409,12.548,4.916,-2.381,9.034,3.515,Fairway,roll,-0.013,0
1205,5.0169,-30.428,12.538,4.908,-2.421,9.017,3.521,Fairway,roll,-0.016,0
1206,5.0210,-30.448,12.528,4.901,-2.461,8.990,3.538,Fairway,roll,-0.027,0
1207,5.0252,-30.467,12.518,4.893,-2.502,8.967,3.551,Fairway,roll,-0.023,0
1208,5.0294,-30.486,12.507,4.886,-2.542,8.941,3.567,Fairway,roll,-0.026,0
1209,5.0335,-30.505,12.497,4.878,-2.582,8.917,3.580,Fairway,roll,-0.024,0
1210,5.0377,-30.524,12.486,4.871,-2.622,8.885,3.601,Fairway,roll,-0.032,0
1211,5.0419,-30.543,12.475,4.863,-2.662,8.850,3.625,Fairway,roll,-0.035,0
1212,5.0460,-30.562,12.464,4.856,-2.702,8.800,3.664,Fairway,roll,-0.050,0
1213,5.0502,-30.581,12.452,4.848,-2.742,8.758,3.694,Fairway,roll,-0.042,0
1214,5.0544,-30.601,12.441,4.841,-2.782,8.733,3.708,Fairway,roll,-0.026,0
1215,5.0585,-30.620,12.429,4.834,-2.822,8.707,3.722,Fairway,roll,-0.026,0
1216,5.0627,-30.639,12.417,4.826,-2.862,8.682,3.736,Fairway,roll,-0.026,0
1217,5.0668,-30.658,12.405,4.819,-2.902,8.656,3.749,Fairway,roll,-0.025,0
1218,5.0710,-30.677,12.393,4.811,-2.941,8.643,3.751,Fairway,roll,-0.013,0
1219,5.0752,-30.696,12.381,4.804,-2.981,8.642,3.739,Fairway,roll,-0.001,0
1220,5.0793,-30.715,12.368,4.796,-3.021,8.641,3.727,Fairway,roll,-0.001,0
1221,5.0835,-30.734,12.356,4.789,-3.061,8.641,3.715,Fairway,roll,-0.001,0
1222,5.0877,-30.753,12.343,4.781,-3.101,8.640,3.703,Fairway,roll,-0.001,0
1223,5.0918,-30.772,12.330,4.774,-3.141,8.639,3.691,Fairway,roll,-0.001,0
1224,5.0960,-30.791,12.317,4.766,-3.180,8.638,3.678,Fairway,roll,-0.001,0
1225,5.1002,-30.810,12.303,4.759,-3.220,8.638,3.666,Fairway,roll,-0.001,0
1226,5.1043,-30.829,12.290,4.751,-3.260,8.637,3.653,Fairway,roll,-0.001,0
1227,5.1085,-30.848,12.276,4.744,-3.300,8.636,3.640,Fairway,roll,-0.001,0
1228,5.1127,-30.867,12.263,4.737,-3.339,8.636,3.627,Fairway,roll,-0.001,0
1229,5.1168,-30.886,12.249,4.729,-3.379,8.635,3.613,Fairway,roll,-0.001,0
1230,5.1210,-30.905,12.234,4.722,-3.419,8.634,3.600,Fairway,roll,-0.001,0
1231,5.1252,-30.924,12.220,4.714,-3.458,8.634,3.586,Fairway,roll,-0.001,0
1232,5.1293,-30.943,12.206,4.707,-3.498,8.633,3.572,Fairway,roll,-0.001,0
1233,5.1335,-30.962,12.191,4.699,-3.538,8.633,3.558,Fairway,roll,0.000,0
1234,5.1377,-30.981,12.176,4.692,-3.577,8.632,3.544,Fairway,roll,-0.001,0
1235,5.1418,-31.000,12.161,4.685,-3.617,8.632,3.530,Fairway,roll,-0.001,0
1236,5.1460,-31.019,12.146,4.677,-3.656,8.631,3.515,Fairway,roll,-0.001,0
1237,5.1502,-31.038,12.131,4.670,-3.696,8.630,3.500,Fairway,roll,-0.001,0
1238,5.1543,-31.057,12.115,4.662,-3.735,8.630,3.485,Fairway,roll,-0.001,0
1239,5.1585,-31.076,12.100,4.655,-3.775,8.629,3.470,Fairway,roll,-0.001,0
1240,5.1627,-31.095,12.084,4.647,-3.814,8.629,3.455,Fairway,roll,0.000,0
1241,5.1668,-31.114,12.068,4.640,-3.853,8.628,3.440,Fairway,roll,-0.001,0
1242,5.1710,-31.133,12.052,4.633,-3.893,8.627,3.424,Fairway,roll,-0.001,0
1243,5.1752,-31.152,12.035,4.625,-3.932,8.627,3.409,Fairway,roll,-0.001,0
1244,5.1793,-31.170,12.019,4.618,-3.971,8.626,3.393,Fairway,roll,-0.001,0
1245,5.1835,-31.189,12.002,4.610,-4.011,8.625,3.377,Fairway,roll,-0.001,0
1246,5.1877,-31.208,11.985,4.603,-4.050,8.625,3.361,Fairway,roll,-0.001,0
1247,5.1918,-31.227,11.969,4.596,-4.089,8.624,3.344,Fairway,roll,-0.001,0
1248,5.1960,-31.246,11.951,4.588,-4.128,8.624,3.328,Fairway,roll,-0.001,0
1249,5.2002,-31.265,11.934,4.581,-4.168,8.623,3.311,Fairway,roll,-0.001,0
1250,5.2043,-31.284,11.917,4.574,-4.207,8.622,3.294,Fairway,roll,-0.001,0
1251,5.2085,-31.303,11.899,4.566,-4.246,8.622,3.277,Fairway,roll,-0.001,0
1252,5.2126,-31.321,11.881,4.559,-4.285,8.621,3.260,Fairway,roll,-0.001,0
1253,5.2168,-31.340,11.863,4.551,-4.324,8.620,3.243,Fairway,roll,-0.001,0
1254,5.2210,-31.359,11.845,4.544,-4.363,8.620,3.225,Fairway,roll,0.000,0
1255,5.2251,-31.378,11.827,4.537,-4.402,8.619,3.208,Fairway,roll,-0.001,0
1256,5.2293,-31.397,11.809,4.529,-4.441,8.619,3.190,Fairway,roll,-0.001,0
1257,5.2335,-31.415,11.790,4.522,-4.480,8.618,3.172,Fairway,roll,-0.001,0
1258,5.2376,-31.434,11.771,4.515,-4.519,8.618,3.154,Fairway,roll,-0.001,0
1259,5.2418,-31.453,11.752,4.507,-4.558,8.617,3.135,Fairway,roll,-0.001,0
1260,5.2460,-31.472,11.733,4.500,-4.597,8.617,3.117,Fairway,roll,0.000,0
1261,5.2501,-31.491,11.714,4.492,-4.635,8.616,3.098,Fairway,roll,-0.001,0
1262,5.2543,-31.509,11.695,4.485,-4.674,8.615,3.079,Fairway,roll,-0.001,0
1263,5.2585,-31.528,11.675,4.478,-4.713,8.615,3.061,Fairway,roll,-0.001,0
1264,5.2626,-31.547,11.656,4.470,-4.752,8.614,3.042,Fairway,roll,-0.001,0
1265,5.2668,-31.566,11.636,4.463,-4.790,8.613,3.023,Fairway,roll,-0.001,0
1266,5.2710,-31.584,11.616,4.456,-4.829,8.612,3.003,Fairway,roll,-0.001,0
1267,5.2751,-31.603,11.595,4.448,-4.868,8.612,2.984,Fairway,roll,-0.001,0
1268,5.2793,-31.622,11.575,4.441,-4.906,8.611,2.964,Fairway,roll,-0.001,0
1269,5.2835,-31.640,11.555,4.434,-4.945,8.611,2.944,Fairway,roll,-0.001,0
1270,5.2876,-31.659,11.534,4.426,-4.983,8.610,2.924,Fairway,roll,-0.001,0
1271,5.2918,-31.678,11.513,4.419,-5.022,8.609,2.904,Fairway,roll,-0.001,0
1272,5.2960,-31.696,11.492,4.412,-5.060,8.609,2.883,Fairway,roll,-0.001,0
1273,5.3001,-31.715,11.471,4.405,-5.098,8.608,2.863,Fairway,roll,0.000,0
1274,5.3043,-31.734,11.450,4.397,-5.137,8.608,2.842,Fairway,roll,-0.001,0
1275,5.3085,-31.752,11.428,4.390,-5.175,8.607,2.821,Fairway,roll,-0.001,0
1276,5.3126,-31.771,11.407,4.383,-5.213,8.607,2.800,Fairway,roll,-0.001,0
1277,5.3168,-31.790,11.385,4.375,-5.252,8.606,2.779,Fairway,roll,-0.001,0
1278,5.3210,-31.808,11.363,4.368,-5.290,8.605,2.757,Fairway,roll,-0.001,0
1279,5.3251,-31.827,11.341,4.361,-5.328,8.605,2.736,Fairway,roll,0.000,0
1280,5.3293,-31.845,11.318,4.354,-5.366,8.604,2.714,Fairway,roll,-0.001,0
1281,5.3335,-31.864,11.296,4.346,-5.404,8.604,2.692,Fairway,roll,-0.001,0
1282,5.3376,-31.883,11.273,4.339,-5.442,8.603,2.670,Fairway,roll,-0.001,0
1283,5.3418,-31.901,11.251,4.332,-5.480,8.602,2.648,Fairway,roll,-0.001,0
1284,5.3459,-31.920,11.228,4.324,-5.518,8.602,2.626,Fairway,roll,-0.001,0
1285,5.3501,-31.938,11.205,4.317,-5.556,8.601,2.604,Fairway,roll,-0.001,0
1286,5.3543,-31.957,11.181,4.310,-5.594,8.600,2.581,Fairway,roll,-0.001,0
1287,5.3584,-31.975,11.158,4.303,-5.632,8.600,2.558,Fairway,roll,-0.001,0
1288,5.3626,-31.994,11.135,4.295,-5.670,8.599,2.535,Fairway,roll,-0.001,0
1289,5.3668,-32.012,11.111,4.288,-5.707,8.598,2.513,Fairway,roll,-0.001,0
1290,5.3709,-32.031,11.087,4.281,-5.745,8.598,2.489,Fairway,roll,-0.001,0
1291,5.3751,-32.049,11.063,4.274,-5.783,8.597,2.466,Fairway,roll,-0.001,0
1292,5.3793,-32.068,11.039,4.266,-5.820,8.596,2.443,Fairway,roll,-0.001,0
1293,5.3834,-32.086,11.015,4.259,-5.858,8.596,2.419,Fairway,roll,-0.001,0
1294,5.3876,-32.105,10.990,4.252,-5.896,8.595,2.395,Fairway,roll,-0.001,0
1295,5.3918,-32.123,10.965,4.245,-5.933,8.595,2.371,Fairway,roll,0.000,0
1296,5.3959,-32.142,10.941,4.237,-5.971,8.594,2.347,Fairway,roll,-0.001,0
1297,5.4001,-32.160,10.916,4.230,-6.008,8.593,2.322,Fairway,roll,-0.001,0
1298,5.4043,-32.179,10.891,4.223,-6.045,8.593,2.298,Fairway,roll,-0.001,0
1299,5.4084,-32.197,10.865,4.216,-6.083,8.592,2.273,Fairway,roll,-0.001,0
1300,5.4126,-32.215,10.840,4.209,-6.120,8.592,2.248,Fairway,roll,-0.001,0
1301,5.4168,-32.234,10.814,4.201,-6.157,8.591,2.223,Fairway,roll,0.000,0
1302,5.4209,-32.252,10.789,4.194,-6.194,8.591,2.198,Fairway,roll,-0.001,0
1303,5.4251,-32.270,10.763,4.187,-6.231,8.590,2.172,Fairway,roll,0.000,0
1304,5.4293,-32.289,10.737,4.180,-6.268,8.590,2.147,Fairway,roll,0.000,0
1305,5.4334,-32.307,10.711,4.173,-6.305,8.589,2.121,Fairway,roll,0.000,0
1306,5.4376,-32.325,10.684,4.165,-6.342,8.589,2.095,Fairway,roll,0.000,0
1307,5.4418,-32.344,10.658,4.158,-6.379,8.588,2.069,Fairway,roll,0.000,0
1308,5.4459,-32.362,10.631,4.151,-6.416,8.600,2.031,Fairway,roll,0.012,0
1309,5.4501,-32.380,10.604,4.144,-6.453,8.625,1.979,Fairway,roll,0.024,0
1310,5.4543,-32.399,10.577,4.137,-6.491,8.649,1.928,Fairway,roll,0.024,0
1311,5.4584,-32.417,10.550,4.130,-6.530,8.686,1.864,Fairway,roll,0.037,0
1312,5.4626,-32.435,10.523,4.122,-6.569,8.710,1.813,Fairway,roll,0.024,0
1313,5.4668,-32.453,10.495,4.115,-6.608,8.735,1.761,Fairway,roll,0.024,0
1314,5.4709,-32.472,10.468,4.108,-6.646,8.759,1.709,Fairway,roll,0.024,0
1315,5.4751,-32.490,10.440,4.101,-6.685,8.784,1.656,Fairway,roll,0.024,0
1316,5.4792,-32.508,10.412,4.094,-6.724,8.808,1.604,Fairway,roll,0.025,0
1317,5.4834,-32.527,10.384,4.087,-6.762,8.833,1.552,Fairway,roll,0.024,0
1318,5.4876,-32.545,10.356,4.080,-6.801,8.861,1.495,Fairway,roll,0.028,0
1319,5.4917,-32.563,10.327,4.072,-6.840,8.891,1.437,Fairway,roll,0.030,0
1320,5.4959,-32.581,10.299,4.065,-6.878,8.917,1.382,Fairway,roll,0.027,0
1321,5.5001,-32.599,10.270,4.058,-6.917,8.939,1.331,Fairway,roll,0.022,0
1322,5.5042,-32.618,10.241,4.051,-6.955,8.961,1.281,Fairway,roll,0.021,0
1323,5.5084,-32.636,10.212,4.044,-6.994,8.979,1.234,Fairway,roll,0.018,0
1324,5.5126,-32.654,10.183,4.037,-7.032,8.978,1.205,Fairway,roll,-0.001,0
1325,5.5167,-32.672,10.154,4.030,-7.070,8.977,1.176,Fairway,roll,-0.001,0
1326,5.5209,-32.690,10.124,4.023,-7.109,8.977,1.147,Fairway,roll,-0.001,0
1327,5.5251,-32.709,10.094,4.015,-7.147,8.976,1.118,Fairway,roll,-0.001,0
1328,5.5292,-32.727,10.065,4.008,-7.185,8.975,1.089,Fairway,roll,-0.001,0
1329,5.5334,-32.745,10.035,4.001,-7.224,8.975,1.060,Fairway,roll,-0.001,0
1330,5.5376,-32.763,10.004,3.994,-7.262,8.974,1.030,Fairway,roll,0.000,0
1331,5.5417,-32.781,9.974,3.987,-7.300,8.974,1.000,Fairway,roll,-0.001,0
1332,5.5459,-32.799,9.944,3.980,-7.338,8.973,0.970,Fairway,roll,-0.001,0
1333,5.5501,-32.818,9.913,3.973,-7.376,8.973,0.940,Fairway,roll,-0.001,0
1334,5.5542,-32.836,9.882,3.966,-7.415,8.972,0.910,Fairway,roll,-0.001,0
1335,5.5584,-32.854,9.851,3.959,-7.453,8.972,0.879,Fairway,roll,0.000,0
1336,5.5626,-32.872,9.820,3.951,-7.491,8.971,0.849,Fairway,roll,-0.001,0
1337,5.5667,-32.890,9.789,3.944,-7.529,8.971,0.818,Fairway,roll,-0.001,0
1338,5.5709,-32.908,9.757,3.937,-7.567,8.970,0.787,Fairway,roll,-0.001,0
1339,5.5751,-32.926,9.726,3.930,-7.605,8.970,0.756,Fairway,roll,0.000,0
1340,5.5792,-32.944,9.694,3.923,-7.642,8.969,0.725,Fairway,roll,-0.001,0
1341,5.5834,-32.963,9.662,3.916,-7.680,8.968,0.694,Fairway,roll,-0.001,0
1342,5.5876,-32.981,9.630,3.909,-7.718,8.968,0.662,Fairway,roll,-0.001,0
1343,5.5917,-32.999,9.598,3.902,-7.756,8.967,0.631,Fairway,roll,-0.001,0
1344,5.5959,-33.017,9.565,3.895,-7.794,8.966,0.599,Fairway,roll,0.000,0
1345,5.6001,-33.035,9.533,3.888,-7.831,8.966,0.567,Fairway,roll,-0.001,0
1346,5.6042,-33.053,9.500,3.881,-7.869,8.965,0.535,Fairway,roll,-0.001,0
1347,5.6084,-33.071,9.467,3.873,-7.907,8.965,0.503,Fairway,roll,-0.001,0
1348,5.6125,-33.089,9.434,3.866,-7.944,8.964,0.470,Fairway,roll,0.000,0
1349,5.6167,-33.107,9.401,3.859,-7.982,8.964,0.437,Fairway,roll,-0.001,0
1350,5.6209,-33.125,9.368,3.852,-8.019,8.963,0.405,Fairway,roll,-0.001,0
1351,5.6250,-33.143,9.334,3.845,-8.057,8.963,0.372,Fairway,roll,-0.001,0
1352,5.6292,-33.161,9.301,3.838,-8.094,8.962,0.338,Fairway,roll,0.000,0
1353,5.6334,-33.179,9.267,3.831,-8.132,8.962,0.305,Fairway,roll,-0.001,0
1354,5.6375,-33.197,9.233,3.824,-8.169,8.961,0.272,Fairway,roll,-0.001,0
1355,5.6417,-33.215,9.199,3.817,-8.207,8.960,0.238,Fairway,roll,-0.001,0
1356,5.6459,-33.233,9.165,3.810,-8.244,8.960,0.205,Fairway,roll,-0.001,0
1357,5.6500,-33.251,9.130,3.803,-8.281,8.959,0.171,Fairway,roll,-0.001,0
1358,5.6542,-33.269,9.096,3.796,-8.318,8.959,0.137,Fairway,roll,-0.001,0
1359,5.6584,-33.287,9.061,3.789,-8.355,8.958,0.103,Fairway,roll,-0.001,0
1360,5.6625,-33.305,9.026,3.782,-8.393,8.957,0.069,Fairway,roll,-0.001,0
1361,5.6667,-33.323,8.991,3.775,-8.430,8.957,0.034,Fairway,roll,0.000,0
1362,5.6708,-33.341,8.956,3.768,-8.466,8.956,0.000,Fairway,roll,-0.001,0
1363,5.6750,-33.349,8.974,3.765,4.191,8.956,0.018,Fairway,roll,0.000,0
1364,5.6792,-33.357,8.991,3.762,4.150,8.956,0.035,Fairway,roll,0.000,0
1365,5.6833,-33.365,9.008,3.758,4.108,8.955,0.053,Fairway,roll,0.000,0
1366,5.6875,-33.373,9.025,3.755,4.066,8.955,0.070,Fairway,roll,0.000,0
1367,5.6917,-33.381,9.042,3.752,4.025,8.955,0.087,Fairway,roll,0.000,0
1368,5.6958,-33.389,9.059,3.749,3.983,8.955,0.104,Fairway,roll,0.000,0
1369,5.7000,-33.397,9.075,3.746,3.941,8.954,0.121,Fairway,roll,0.000,0
1370,5.7041,-33.405,9.092,3.743,3.900,8.954,0.137,Fairway,roll,0.000,0
1371,5.7083,-33.413,9.108,3.739,3.858,8.954,0.154,Fairway,roll,0.000,0
1372,5.7125,-33.421,9.124,3.736,3.817,8.954,0.170,Fairway,roll,0.000,0
1373,5.7166,-33.429,9.140,3.733,3.775,8.953,0.186,Fairway,roll,0.000,0
1374,5.7208,-33.437,9.155,3.730,3.733,8.953,0.202,Fairway,roll,0.000,0
1375,5.7250,-33.445,9.171,3.727,3.692,8.953,0.218,Fairway,roll,0.000,0
1376,5.7291,-33.453,9.186,3.724,3.650,8.953,0.233,Fairway,roll,0.000,0
1377,5.7333,-33.461,9.201,3.721,3.609,8.953,0.248,Fairway,roll,0.000,0
1378,5.7375,-33.469,9.216,3.717,3.568,8.952,0.264,Fairway,roll,0.000,0
1379,5.7416,-33.477,9.231,3.714,3.526,8.952,0.279,Fairway,roll,0.000,0
1380,5.7458,-33.485,9.245,3.711,3.485,8.952,0.293,Fairway,roll,0.000,0
1381,5.7500,-33.494,9.260,3.708,3.443,8.952,0.308,Fairway,roll,0.000,0
1382,5.7541,-33.502,9.274,3.705,3.402,8.951,0.323,Fairway,roll,0.000,0
1383,5.7583,-33.510,9.288,3.702,3.360,8.951,0.337,Fairway,roll,0.000,0
1384,5.7625,-33.518,9.302,3.699,3.318,8.951,0.351,Fairway,roll,0.000,0
1385,5.7666,-33.526,9.316,3.695,3.276,8.951,0.365,Fairway,roll,0.000,0
1386,5.7708,-33.534,9.329,3.692,3.234,8.950,0.379,Fairway,roll,0.000,0
1387,5.7750,-33.542,9.343,3.689,3.193,8.950,0.393,Fairway,roll,0.000,0
1388,5.7791,-33.550,9.356,3.686,3.151,8.950,0.406,Fairway,roll,0.000,0
1389,5.7833,-33.558,9.369,3.683,3.109,8.950,0.419,Fairway,roll,0.000,0
1390,5.7875,-33.566,9.382,3.680,3.067,8.949,0.433,Fairway,roll,0.000,0
1391,5.7916,-33.574,9.394,3.677,3.026,8.949,0.446,Fairway,roll,0.000,0
1392,5.7958,-33.582,9.407,3.673,2.984,8.949,0.458,Fairway,roll,0.000,0
1393,5.8000,-33.590,9.419,3.670,2.943,8.948,0.471,Fairway,roll,0.000,0
1394,5.8041,-33.598,9.431,3.667,2.901,8.948,0.483,Fairway,roll,0.000,0
1395,5.8083,-33.606,9.443,3.664,2.859,8.948,0.496,Fairway,roll,0.000,0
1396,5.8125,-33.614,9.455,3.661,2.818,8.947,0.508,Fairway,roll,0.000,0
1397,5.8166,-33.622,9.467,3.658,2.776,8.947,0.520,Fairway,roll,0.000,0
1398,5.8208,-33.630,9.478,3.655,2.735,8.947,0.532,Fairway,roll,0.000,0
1399,5.8250,-33.638,9.490,3.651,2.693,8.947,0.543,Fairway,roll,0.000,0
1400,5.8291,-33.646,9.501,3.648,2.652,8.946,0.554,Fairway,roll,0.000,0
1401,5.8333,-33.654,9.512,3.645,2.611,8.946,0.566,Fairway,roll,0.000,0
1402,5.8374,-33.662,9.522,3.642,2.569,8.946,0.577,Fairway,roll,0.000,0
1403,5.8416,-33.670,9.533,3.639,2.528,8.945,0.588,Fairway,roll,0.000,0
1404,5.8458,-33.678,9.544,3.636,2.486,8.945,0.598,Fairway,roll,0.000,0
1405,5.8499,-33.686,9.554,3.633,2.445,8.945,0.609,Fairway,roll,0.000,0
1406,5.8541,-33.694,9.564,3.630,2.404,8.944,0.620,Fairway,roll,0.000,0
1407,5.8583,-33.702,9.574,3.626,2.362,8.944,0.630,Fairway,roll,0.000,0
1408,5.8624,-33.710,9.584,3.623,2.321,8.944,0.640,Fairway,roll,0.000,0
1409,5.8666,-33.718,9.593,3.620,2.280,8.944,0.649,Fairway,roll,0.000,0
1410,5.8708,-33.726,9.603,3.617,2.239,8.943,0.659,Fairway,roll,0.000,0
1411,5.8749,-33.734,9.612,3.614,2.197,8.943,0.669,Fairway,roll,0.000,0
1412,5.8791,-33.742,9.621,3.611,2.156,8.943,0.678,Fairway,roll,0.000,0
1413,5.8833,-33.750,9.630,3.608,2.115,8.942,0.687,Fairway,roll,0.000,0
1414,5.8874,-33.758,9.638,3.605,2.074,8.942,0.696,Fairway,roll,0.000,0
1415,5.8916,-33.766,9.647,3.601,2.033,8.942,0.705,Fairway,roll,0.000,0
1416,5.8958,-33.774,9.655,3.598,1.991,8.941,0.714,Fairway,roll,0.000,0
1417,5.8999,-33.782,9.664,3.595,1.950,8.941,0.722,Fairway,roll,0.000,0
1418,5.9041,-33.790,9.672,3.592,1.909,8.941,0.731,Fairway,roll,0.000,0
1419,5.9083,-33.798,9.679,3.589,1.868,8.941,0.739,Fairway,roll,0.000,0
1420,5.9124,-33.805,9.687,3.586,1.827,8.941,0.747,Fairway,roll,0.000,0
1421,5.9166,-33.813,9.695,3.583,1.786,8.940,0.754,Fairway,roll,0.000,0
1422,5.9208,-33.821,9.702,3.579,1.745,8.940,0.762,Fairway,roll,0.000,0
1423,5.9249,-33.829,9.709,3.576,1.703,8.940,0.769,Fairway,roll,0.000,0
1424,5.9291,-33.837,9.716,3.573,1.662,8.940,0.777,Fairway,roll,0.000,0
1425,5.9333,-33.845,9.723,3.570,1.621,8.939,0.784,Fairway,roll,0.000,0
1426,5.9374,-33.853,9.730,3.567,1.580,8.939,0.791,Fairway,roll,0.000,0
1427,5.9416,-33.861,9.736,3.564,1.539,8.939,0.797,Fairway,roll,0.000,0
1428,5.9458,-33.869,9.742,3.561,1.498,8.939,0.804,Fairway,roll,0.000,0
1429,5.9499,-33.877,9.749,3.558,1.457,8.938,0.810,Fairway,roll,0.000,0
1430,5.9541,-33.885,9.755,3.555,1.416,8.938,0.816,Fairway,roll,0.000,0
1431,5.9583,-33.893,9.760,3.551,1.375,8.938,0.822,Fairway,roll,0.000,0
1432,5.9624,-33.901,9.766,3.548,1.334,8.938,0.828,Fairway,roll,0.000,0
1433,5.9666,-33.909,9.771,3.545,1.293,8.938,0.834,Fairway,roll,0.000,0
1434,5.9707,-33.917,9.777,3.542,1.252,8.937,0.839,Fairway,roll,0.000,0
1435,5.9749,-33.925,9.782,3.539,1.211,8.937,0.845,Fairway,roll,0.000,0
1436,5.9791,-33.933,9.787,3.536,1.170,8.937,0.850,Fairway,roll,0.000,0
1437,5.9832,-33.941,9.792,3.533,1.129,8.937,0.855,Fairway,roll,0.000,0
1438,5.9874,-33.949,9.796,3.530,1.088,8.937,0.860,Fairway,roll,0.000,0
1439,5.9916,-33.957,9.801,3.527,1.047,8.936,0.864,Fairway,roll,0.000,0
1440,5.9957,-33.965,9.805,3.523,1.006,8.936,0.869,Fairway,roll,0.000,0
1441,5.9999,-33.973,9.809,3.520,0.965,8.936,0.873,Fairway,roll,0.000,0
1442,6.0041,-33.981,9.813,3.517,0.924,8.936,0.877,Fairway,roll,0.000,0
1443,6.0082,-33.988,9.817,3.514,0.883,8.936,0.881,Fairway,roll,0.000,0
1444,6.0124,-33.996,9.820,3.511,0.842,8.935,0.885,Fairway,roll,0.000,0
1445,6.0166,-34.004,9.824,3.508,0.802,8.935,0.889,Fairway,roll,0.000,0
1446,6.0207,-34.012,9.827,3.505,0.761,8.935,0.892,Fairway,roll,0.000,0
1447,6.0249,-34.020,9.830,3.502,0.720,8.935,0.895,Fairway,roll,0.000,0
1448,6.0291,-34.028,9.833,3.499,0.679,8.934,0.898,Fairway,roll,0.000,0
1449,6.0332,-34.036,9.836,3.495,0.638,8.934,0.901,Fairway,roll,0.000,0
1450,6.0374,-34.044,9.838,3.492,0.597,8.934,0.904,Fairway,roll,0.000,0
1451,6.0416,-34.052,9.841,3.489,0.556,8.934,0.907,Fairway,roll,0.000,0
1452,6.0457,-34.060,9.843,3.486,0.515,8.934,0.909,Fairway,roll,0.000,0
1453,6.0499,-34.068,9.845,3.483,0.474,8.933,0.912,Fairway,roll,0.000,0
1454,6.0541,-34.076,9.847,3.480,0.433,8.933,0.914,Fairway,roll,0.000,0
1455,6.0582,-34.084,9.849,3.477,0.393,8.933,0.916,Fairway,roll,0.000,0
1456,6.0624,-34.092,9.850,3.474,0.352,8.933,0.917,Fairway,roll,0.000,0
1457,6.0666,-34.100,9.851,3.471,0.311,8.932,0.919,Fairway,roll,0.000,0
1458,6.0707,-34.108,9.853,3.467,0.270,8.932,0.921,Fairway,roll,0.000,0
1459,6.0749,-34.116,9.854,3.464,0.229,8.932,0.922,Fairway,roll,0.000,0
1460,6.0791,-34.123,9.855,3.461,0.188,8.932,0.923,Fairway,roll,0.000,0
1461,6.0832,-34.131,9.855,3.458,0.147,8.931,0.924,Fairway,roll,0.000,0
1462,6.0874,-34.139,9.856,3.455,0.106,8.931,0.925,Fairway,roll,0.000,0
1463,6.0916,-34.147,9.856,3.452,0.066,8.931,0.925,Fairway,roll,0.000,0
1464,6.0957,-34.155,9.856,3.449,0.025,8.931,0.926,Fairway,roll,0.000,0
1465,6.0999,-34.163,9.856,3.446,-0.016,8.930,0.926,Fairway,roll,0.000,0
1466,6.1041,-34.171,9.856,3.443,-0.057,8.930,0.926,Fairway,roll,0.000,0
1467,6.1082,-34.179,9.856,3.439,-0.098,8.930,0.926,Fairway,roll,0.000,0
1468,6.1124,-34.187,9.855,3.436,-0.139,8.929,0.926,Fairway,roll,0.000,0
1469,6.1165,-34.195,9.855,3.433,-0.179,8.929,0.926,Fairway,roll,0.000,0
1470,6.1207,-34.203,9.854,3.430,-0.220,8.929,0.925,Fairway,roll,0.000,0
1471,6.1249,-34.211,9.853,3.427,-0.261,8.929,0.924,Fairway,roll,0.000,0
1472,6.1290,-34.219,9.852,3.424,-0.302,8.929,0.923,Fairway,roll,0.000,0
1473,6.1332,-34.227,9.850,3.421,-0.343,8.928,0.922,Fairway,roll,0.000,0
1474,6.1374,-34.235,9.849,3.418,-0.384,8.928,0.921,Fairway,roll,0.000,0
1475,6.1415,-34.243,9.847,3.414,-0.424,8.928,0.920,Fairway,roll,0.000,0
1476,6.1457,-34.250,9.845,3.411,-0.465,8.927,0.918,Fairway,roll,0.000,0
1477,6.1499,-34.258,9.843,3.408,-0.506,8.927,0.916,Fairway,roll,0.000,0
1478,6.1540,-34.266,9.841,3.405,-0.547,8.927,0.914,Fairway,roll,0.000,0
1479,6.1582,-34.274,9.839,3.402,-0.588,8.927,0.912,Fairway,roll,0.000,0
1480,6.1624,-34.282,9.836,3.399,-0.628,8.926,0.910,Fairway,roll,0.000,0
1481,6.1665,-34.290,9.834,3.396,-0.669,8.926,0.907,Fairway,roll,0.000,0
1482,6.1707,-34.298,9.831,3.393,-0.710,8.926,0.905,Fairway,roll,0.000,0
1483,6.1749,-34.306,9.828,3.390,-0.751,8.926,0.902,Fairway,roll,0.000,0
1484,6.1790,-34.314,9.824,3.387,-0.791,8.925,0.899,Fairway,roll,0.000,0
1485,6.1832,-34.322,9.821,3.383,-0.832,8.925,0.896,Fairway,roll,0.000,0
1486,6.1874,-34.330,9.818,3.380,-0.873,8.925,0.892,Fairway,roll,0.000,0
1487,6.1915,-34.338,9.814,3.377,-0.914,8.925,0.889,Fairway,roll,0.000,0
1488,6.1957,-34.345,9.810,3.374,-0.955,8.924,0.885,Fairway,roll,0.000,0
1489,6.1999,-34.353,9.806,3.371,-0.995,8.924,0.882,Fairway,roll,0.000,0
1490,6.2040,-34.361,9.802,3.368,-1.036,8.924,0.878,Fairway,roll,0.000,0
1491,6.2082,-34.369,9.797,3.365,-1.077,8.924,0.874,Fairway,roll,0.000,0
1492,6.2124,-34.377,9.793,3.362,-1.117,8.924,0.869,Fairway,roll,0.000,0
1493,6.2165,-34.385,9.788,3.359,-1.158,8.923,0.865,Fairway,roll,0.000,0
1494,6.2207,-34.393,9.783,3.356,-1.199,8.923,0.860,Fairway,roll,0.000,0
1495,6.2249,-34.401,9.778,3.352,-1.240,8.923,0.855,Fairway,roll,0.000,0
1496,6.2290,-34.409,9.773,3.349,-1.280,8.922,0.850,Fairway,roll,0.000,0
1497,6.2332,-34.417,9.767,3.346,-1.321,8.922,0.845,Fairway,roll,0.000,0
1498,6.2374,-34.425,9.762,3.343,-1.362,8.922,0.840,Fairway,roll,0.000,0
1499,6.2415,-34.433,9.756,3.340,-1.402,8.922,0.834,Fairway,roll,0.000,0
1500,6.2457,-34.440,9.750,3.337,-1.443,8.921,0.829,Fairway,roll,0.000,0
1501,6.2498,-34.448,9.744,3.334,-1.484,8.921,0.823,Fairway,roll,0.000,0
1502,6.2540,-34.456,9.738,3.331,-1.524,8.921,0.817,Fairway,roll,0.000,0
1503,6.2582,-34.464,9.731,3.328,-1.565,8.921,0.811,Fairway,roll,0.000,0
1504,6.2623,-34.472,9.725,3.325,-1.606,8.921,0.804,Fairway,roll,0.000,0
1505,6.2665,-34.480,9.718,3.322,-1.646,8.920,0.798,Fairway,roll,0.000,0
1506,6.2707,-34.488,9.711,3.318,-1.687,8.920,0.791,Fairway,roll,0.000,0
1507,6.2748,-34.496,9.704,3.315,-1.728,8.920,0.784,Fairway,roll,0.000,0
1508,6.2790,-34.504,9.697,3.312,-1.768,8.919,0.777,Fairway,roll,0.000,0
1509,6.2832,-34.512,9.689,3.309,-1.809,8.919,0.770,Fairway,roll,0.000,0
1510,6.2873,-34.519,9.682,3.306,-1.849,8.919,0.763,Fairway,roll,0.000,0
1511,6.2915,-34.527,9.674,3.303,-1.890,8.918,0.755,Fairway,roll,0.000,0
1512,6.2957,-34.535,9.666,3.300,-1.930,8.918,0.748,Fairway,roll,0.000,0
1513,6.2998,-34.543,9.658,3.297,-1.971,8.918,0.740,Fairway,roll,0.000,0
1514,6.3040,-34.551,9.649,3.294,-2.012,8.918,0.732,Fairway,roll,0.000,0
1515,6.3082,-34.559,9.641,3.291,-2.052,8.917,0.724,Fairway,roll,0.000,0
1516,6.3123,-34.567,9.632,3.287,-2.093,8.917,0.715,Fairway,roll,0.000,0
1517,6.3165,-34.575,9.624,3.284,-2.133,8.917,0.707,Fairway,roll,0.000,0
1518,6.3207,-34.583,9.615,3.281,-2.173,8.916,0.698,Fairway,roll,0.000,0
1519,6.3248,-34.590,9.605,3.278,-2.214,8.916,0.689,Fairway,roll,0.000,0
1520,6.3290,-34.598,9.596,3.275,-2.254,8.916,0.680,Fairway,roll,0.000,0
1521,6.3332,-34.606,9.587,3.272,-2.295,8.915,0.671,Fairway,roll,0.000,0
1522,6.3373,-34.614,9.577,3.269,-2.335,8.915,0.662,Fairway,roll,0.000,0
1523,6.3415,-34.622,9.567,3.266,-2.376,8.915,0.652,Fairway,roll,0.000,0
1524,6.3457,-34.630,9.557,3.263,-2.416,8.915,0.642,Fairway,roll,0.000,0
1525,6.3498,-34.638,9.547,3.260,-2.456,8.914,0.633,Fairway,roll,0.000,0
1526,6.3540,-34.646,9.537,3.257,-2.497,8.914,0.622,Fairway,roll,0.000,0
1527,6.3582,-34.654,9.526,3.253,-2.537,8.914,0.612,Fairway,roll,0.000,0
1528,6.3623,-34.661,9.516,3.250,-2.577,8.914,0.602,Fairway,roll,0.000,0
1529,6.3665,-34.669,9.505,3.247,-2.618,8.913,0.591,Fairway,roll,0.000,0
1530,6.3707,-34.677,9.494,3.244,-2.658,8.913,0.581,Fairway,roll,0.000,0
1531,6.3748,-34.685,9.483,3.241,-2.698,8.913,0.570,Fairway,roll,0.000,0
1532,6.3790,-34.693,9.471,3.238,-2.738,8.913,0.559,Fairway,roll,0.000,0
1533,6.3831,-34.701,9.460,3.235,-2.779,8.912,0.547,Fairway,roll,0.000,0
1534,6.3873,-34.709,9.448,3.232,-2.819,8.912,0.536,Fairway,roll,0.000,0
1535,6.3915,-34.716,9.436,3.229,-2.859,8.912,0.524,Fairway,roll,0.000,0
1536,6.3956,-34.724,9.424,3.226,-2.899,8.912,0.513,Fairway,roll,0.000,0
1537,6.3998,-34.732,9.412,3.223,-2.939,8.911,0.501,Fairway,roll,0.000,0
1538,6.4040,-34.740,9.400,3.220,-2.979,8.911,0.489,Fairway,roll,0.000,0
1539,6.4081,-34.748,9.387,3.216,-3.019,8.911,0.476,Fairway,roll,0.000,0
1540,6.4123,-34.756,9.375,3.213,-3.059,8.911,0.464,Fairway,roll,0.000,0
1541,6.4165,-34.764,9.362,3.210,-3.100,8.911,0.451,Fairway,roll,0.000,0
1542,6.4206,-34.771,9.349,3.207,-3.139,8.910,0.439,Fairway,roll,0.000,0
1543,6.4248,-34.779,9.336,3.204,-3.179,8.910,0.426,Fairway,roll,0.000,0
1544,6.4290,-34.787,9.322,3.201,-3.219,8.910,0.412,Fairway,roll,0.000,0
1545,6.4331,-34.795,9.309,3.198,-3.259,8.910,0.399,Fairway,roll,0.000,0
1546,6.4373,-34.803,9.295,3.195,-3.299,8.909,0.386,Fairway,roll,0.000,0
1547,6.4415,-34.811,9.281,3.192,-3.339,8.909,0.372,Fairway,roll,0.000,0
1548,6.4456,-34.819,9.267,3.189,-3.379,8.909,0.358,Fairway,roll,0.000,0
1549,6.4498,-34.826,9.253,3.186,-3.419,8.909,0.345,Fairway,roll,0.000,0
1550,6.4540,-34.834,9.239,3.183,-3.459,8.909,0.330,Fairway,roll,0.000,0
1551,6.4581,-34.842,9.225,3.180,-3.499,8.908,0.316,Fairway,roll,0.000,0
1552,6.4623,-34.850,9.210,3.177,-3.539,8.908,0.302,Fairway,roll,0.000,0
1553,6.4665,-34.858,9.195,3.173,-3.579,8.908,0.287,Fairway,roll,0.000,0
1554,6.4706,-34.865,9.180,3.170,-3.620,8.908,0.272,Fairway,roll,0.000,0
1555,6.4748,-34.873,9.165,3.167,-3.660,8.908,0.257,Fairway,roll,0.000,0
1556,6.4790,-34.881,9.150,3.164,-3.700,8.907,0.242,Fairway,roll,0.000,0
1557,6.4831,-34.889,9.134,3.161,-3.740,8.907,0.227,Fairway,roll,0.000,0
1558,6.4873,-34.897,9.118,3.158,-3.780,8.907,0.212,Fairway,roll,0.000,0
1559,6.4915,-34.905,9.103,3.155,-3.821,8.907,0.196,Fairway,roll,0.000,0
1560,6.4956,-34.912,9.087,3.152,-3.861,8.906,0.180,Fairway,roll,0.000,0
1561,6.4998,-34.920,9.070,3.149,-3.901,8.906,0.164,Fairway,roll,0.000,0
1562,6.5040,-34.928,9.054,3.146,-3.941,8.906,0.148,Fairway,roll,0.000,0
1563,6.5081,-34.936,9.038,3.143,-3.981,8.906,0.132,Fairway,roll,0.000,0
1564,6.5123,-34.944,9.021,3.140,-4.021,8.906,0.115,Fairway,roll,0.000,0
1565,6.5164,-34.951,9.004,3.137,-4.061,8.905,0.099,Fairway,roll,0.000,0
1566,6.5206,-34.959,8.987,3.134,-4.101,8.905,0.082,Fairway,roll,0.000,0
1567,6.5248,-34.967,8.970,3.131,-4.141,8.905,0.065,Fairway,roll,0.000,0
1568,6.5289,-34.975,8.953,3.127,-4.181,8.905,0.048,Fairway,roll,0.000,0
1569,6.5331,-34.983,8.935,3.124,-4.221,8.904,0.031,Fairway,roll,0.000,0
1570,6.5373,-34.990,8.917,3.121,-4.261,8.904,0.013,Fairway,roll,0.000,0
1571,6.5404,-34.996,8.904,3.119,-4.291,8.904,0.000,Fairway,roll,0.000,0
1572,6.5446,-35.000,8.913,3.118,2.105,8.904,0.009,Fairway,roll,0.000,0
1573,6.5488,-35.003,8.921,3.116,2.064,8.904,0.018,Fairway,roll,0.000,0
1574,6.5529,-35.007,8.930,3.115,2.022,8.904,0.026,Fairway,roll,0.000,0
1575,6.5571,-35.010,8.938,3.114,1.981,8.903,0.035,Fairway,roll,0.000,0
1576,6.5613,-35.014,8.946,3.112,1.940,8.903,0.043,Fairway,roll,0.000,0
1577,6.5654,-35.017,8.954,3.111,1.899,8.903,0.051,Fairway,roll,0.000,0
1578,6.5696,-35.021,8.962,3.109,1.858,8.903,0.059,Fairway,roll,0.000,0
1579,6.5738,-35.024,8.970,3.108,1.817,8.903,0.067,Fairway,roll,0.000,0
1580,6.5779,-35.028,8.977,3.107,1.776,8.903,0.075,Fairway,roll,0.000,0
1581,6.5821,-35.031,8.985,3.105,1.735,8.903,0.082,Fairway,roll,0.000,0
1582,6.5863,-35.035,8.992,3.104,1.694,8.903,0.089,Fairway,roll,0.000,0
1583,6.5904,-35.039,8.999,3.103,1.653,8.903,0.096,Fairway,roll,0.000,0
1584,6.5946,-35.042,9.006,3.101,1.612,8.903,0.103,Fairway,roll,0.000,0
1585,6.5988,-35.046,9.012,3.100,1.571,8.902,0.110,Fairway,roll,0.000,0
1586,6.6029,-35.049,9.019,3.098,1.530,8.902,0.116,Fairway,roll,0.000,0
1587,6.6071,-35.052,9.025,3.097,1.489,8.902,0.123,Fairway,roll,0.000,0
1588,6.6113,-35.056,9.031,3.096,1.448,8.902,0.129,Fairway,roll,0.000,0
1589,6.6154,-35.059,9.037,3.094,1.407,8.902,0.135,Fairway,roll,0.000,0
1590,6.6196,-35.063,9.043,3.093,1.366,8.902,0.141,Fairway,roll,0.000,0
1591,6.6237,-35.066,9.048,3.092,1.325,8.902,0.147,Fairway,roll,0.000,0
1592,6.6279,-35.070,9.054,3.090,1.284,8.902,0.152,Fairway,roll,0.000,0
1593,6.6321,-35.073,9.059,3.089,1.243,8.901,0.158,Fairway,roll,0.000,0
1594,6.6362,-35.077,9.064,3.087,1.202,8.901,0.163,Fairway,roll,0.000,0
1595,6.6404,-35.080,9.069,3.086,1.161,8.901,0.168,Fairway,roll,0.000,0
1596,6.6446,-35.084,9.074,3.085,1.120,8.901,0.173,Fairway,roll,0.000,0
1597,6.6487,-35.087,9.078,3.083,1.079,8.901,0.177,Fairway,roll,0.000,0
1598,6.6529,-35.091,9.083,3.082,1.038,8.901,0.182,Fairway,roll,0.000,0
1599,6.6571,-35.094,9.087,3.081,0.997,8.901,0.186,Fairway,roll,0.000,0
1600,6.6612,-35.098,9.091,3.079,0.956,8.901,0.190,Fairway,roll,0.000,0
1601,6.6654,-35.101,9.095,3.078,0.915,8.900,0.194,Fairway,roll,0.000,0
1602,6.6696,-35.105,9.099,3.076,0.875,8.900,0.198,Fairway,roll,0.000,0
1603,6.6737,-35.108,9.102,3.075,0.834,8.900,0.202,Fairway,roll,0.000,0
1604,6.6779,-35.112,9.106,3.074,0.793,8.900,0.205,Fairway,roll,0.000,0
1605,6.6821,-35.115,9.109,3.072,0.752,8.900,0.209,Fairway,roll,0.000,0
1606,6.6862,-35.119,9.112,3.071,0.711,8.900,0.212,Fairway,roll,0.000,0
1607,6.6904,-35.122,9.115,3.070,0.670,8.900,0.215,Fairway,roll,0.000,0
1608,6.6946,-35.126,9.117,3.068,0.629,8.899,0.218,Fairway,roll,0.000,0
1609,6.6987,-35.129,9.120,3.067,0.588,8.899,0.220,Fairway,roll,0.000,0
1610,6.7029,-35.133,9.122,3.065,0.547,8.899,0.223,Fairway,roll,0.000,0
1611,6.7071,-35.136,9.124,3.064,0.507,8.899,0.225,Fairway,roll,0.000,0
1612,6.7112,-35.140,9.126,3.063,0.466,8.899,0.227,Fairway,roll,0.000,0
1613,6.7154,-35.143,9.128,3.061,0.425,8.899,0.229,Fairway,roll,0.000,0
1614,6.7196,-35.147,9.130,3.060,0.384,8.899,0.231,Fairway,roll,0.000,0
1615,6.7237,-35.150,9.132,3.059,0.343,8.899,0.233,Fairway,roll,0.000,0
1616,6.7279,-35.154,9.133,3.057,0.302,8.899,0.234,Fairway,roll,0.000,0
1617,6.7321,-35.157,9.134,3.056,0.261,8.899,0.235,Fairway,roll,0.000,0
1618,6.7362,-35.161,9.135,3.054,0.221,8.898,0.237,Fairway,roll,0.000,0
1619,6.7404,-35.164,9.136,3.053,0.180,8.898,0.237,Fairway,roll,0.000,0
1620,6.7446,-35.168,9.137,3.052,0.139,8.898,0.238,Fairway,roll,0.000,0
1621,6.7487,-35.171,9.137,3.050,0.098,8.898,0.239,Fairway,roll,0.000,0
1622,6.7529,-35.175,9.137,3.049,0.057,8.898,0.239,Fairway,roll,0.000,0
1623,6.7571,-35.178,9.137,3.048,0.016,8.898,0.240,Fairway,roll,0.000,0
1624,6.7612,-35.182,9.137,3.046,-0.025,8.898,0.240,Fairway,roll,0.000,0
1625,6.7654,-35.185,9.137,3.045,-0.065,8.898,0.240,Fairway,roll,0.000,0
1626,6.7695,-35.189,9.137,3.043,-0.106,8.898,0.239,Fairway,roll,0.000,0
1627,6.7737,-35.192,9.136,3.042,-0.147,8.898,0.239,Fairway,roll,0.000,0
1628,6.7779,-35.196,9.136,3.041,-0.188,8.897,0.238,Fairway,roll,0.000,0
1629,6.7820,-35.199,9.135,3.039,-0.229,8.897,0.238,Fairway,roll,0.000,0
1630,6.7862,-35.203,9.134,3.038,-0.270,8.897,0.236,Fairway,roll,0.000,0
1631,6.7904,-35.206,9.133,3.037,-0.310,8.897,0.236,Fairway,roll,0.000,0
1632,6.7945,-35.210,9.131,3.035,-0.351,8.897,0.234,Fairway,roll,0.000,0
1633,6.7987,-35.213,9.130,3.034,-0.392,8.897,0.233,Fairway,roll,0.000,0
1634,6.8029,-35.217,9.128,3.032,-0.433,8.897,0.231,Fairway,roll,0.000,0
1635,6.8070,-35.220,9.126,3.031,-0.474,8.897,0.229,Fairway,roll,0.000,0
1636,6.8112,-35.224,9.124,3.030,-0.515,8.897,0.227,Fairway,roll,0.000,0
1637,6.8154,-35.227,9.122,3.028,-0.555,8.897,0.225,Fairway,roll,0.000,0
1638,6.8195,-35.231,9.119,3.027,-0.596,8.896,0.223,Fairway,roll,0.000,0
1639,6.8237,-35.234,9.117,3.026,-0.637,8.896,0.220,Fairway,roll,0.000,0
1640,6.8279,-35.238,9.114,3.024,-0.678,8.896,0.218,Fairway,roll,0.000,0
1641,6.8320,-35.241,9.111,3.023,-0.719,8.896,0.215,Fairway,roll,0.000,0
1642,6.8362,-35.245,9.108,3.022,-0.759,8.896,0.212,Fairway,roll,0.000,0
1643,6.8404,-35.248,9.105,3.020,-0.800,8.896,0.209,Fairway,roll,0.000,0
1644,6.8445,-35.252,9.101,3.019,-0.841,8.896,0.206,Fairway,roll,0.000,0
1645,6.8487,-35.255,9.098,3.017,-0.882,8.896,0.202,Fairway,roll,0.000,0
1646,6.8529,-35.259,9.094,3.016,-0.923,8.896,0.199,Fairway,roll,0.000,0
1647,6.8570,-35.262,9.090,3.015,-0.963,8.896,0.195,Fairway,roll,0.000,0
1648,6.8612,-35.266,9.086,3.013,-1.004,8.895,0.191,Fairway,roll,0.000,0
1649,6.8654,-35.269,9.082,3.012,-1.045,8.895,0.187,Fairway,roll,0.000,0
1650,6.8695,-35.273,9.077,3.011,-1.086,8.895,0.182,Fairway,roll,0.000,0
1651,6.8737,-35.276,9.073,3.009,-1.126,8.895,0.178,Fairway,roll,0.000,0
1652,6.8779,-35.280,9.068,3.008,-1.167,8.895,0.173,Fairway,roll,0.000,0
1653,6.8820,-35.283,9.063,3.006,-1.208,8.895,0.168,Fairway,roll,0.000,0
1654,6.8862,-35.287,9.058,3.005,-1.249,8.895,0.163,Fairway,roll,0.000,0
1655,6.8904,-35.290,9.053,3.004,-1.289,8.895,0.158,Fairway,roll,0.000,0
1656,6.8945,-35.294,9.047,3.002,-1.330,8.895,0.153,Fairway,roll,0.000,0
1657,6.8987,-35.297,9.042,3.001,-1.371,8.894,0.147,Fairway,roll,0.000,0
1658,6.9028,-35.301,9.036,3.000,-1.412,8.894,0.142,Fairway,roll,0.000,0
1659,6.9070,-35.304,9.030,2.998,-1.452,8.894,0.136,Fairway,roll,0.000,0
1660,6.9112,-35.308,9.024,2.997,-1.493,8.894,0.130,Fairway,roll,0.000,0
1661,6.9153,-35.311,9.017,2.995,-1.534,8.894,0.124,Fairway,roll,0.000,0
1662,6.9195,-35.314,9.011,2.994,-1.574,8.894,0.117,Fairway,roll,0.000,0
1663,6.9237,-35.318,9.004,2.993,-1.615,8.894,0.111,Fairway,roll,0.000,0
1664,6.9278,-35.321,8.998,2.991,-1.656,8.894,0.104,Fairway,roll,0.000,0
1665,6.9320,-35.325,8.991,2.990,-1.696,8.894,0.097,Fairway,roll,0.000,0
1666,6.9362,-35.328,8.983,2.989,-1.737,8.893,0.090,Fairway,roll,0.000,0
1667,6.9403,-35.332,8.976,2.987,-1.777,8.893,0.083,Fairway,roll,0.000,0
1668,6.9445,-35.335,8.969,2.986,-1.818,8.893,0.075,Fairway,roll,0.000,0
1669,6.9487,-35.339,8.961,2.984,-1.859,8.893,0.068,Fairway,roll,0.000,0
1670,6.9528,-35.342,8.953,2.983,-1.899,8.893,0.060,Fairway,roll,0.000,0
1671,6.9570,-35.346,8.945,2.982,-1.940,8.893,0.052,Fairway,roll,0.000,0
1672,6.9612,-35.349,8.937,2.980,-1.981,8.893,0.044,Fairway,roll,0.000,0
1673,6.9653,-35.353,8.929,2.979,-2.021,8.893,0.036,Fairway,roll,0.000,0
1674,6.9695,-35.356,8.920,2.978,-2.062,8.893,0.028,Fairway,roll,0.000,0
1675,6.9737,-35.360,8.912,2.976,-2.103,8.892,0.019,Fairway,roll,0.000,0
1676,6.9778,-35.363,8.903,2.975,-2.143,8.892,0.010,Fairway,roll,0.000,0
1677,6.9820,-35.367,8.894,2.974,-2.184,8.892,0.001,Fairway,roll,0.000,0
1678,6.9827,-35.367,8.892,2.973,-2.191,8.892,0.000,Fairway,roll,0.000,0
1679,6.9869,-35.369,8.897,2.973,1.055,8.892,0.004,Fairway,roll,0.000,0
1680,6.9910,-35.370,8.901,2.972,1.014,8.892,0.009,Fairway,roll,0.000,0
1681,6.9952,-35.372,8.905,2.971,0.973,8.892,0.013,Fairway,roll,0.000,0
1682,6.9994,-35.374,8.909,2.971,0.932,8.892,0.017,Fairway,roll,0.000,0
1683,7.0035,-35.375,8.913,2.970,0.891,8.892,0.021,Fairway,roll,0.000,0
1684,7.0077,-35.377,8.916,2.970,0.850,8.892,0.024,Fairway,roll,0.000,0
1685,7.0119,-35.378,8.920,2.969,0.809,8.892,0.028,Fairway,roll,0.000,0
1686,7.0160,-35.380,8.923,2.968,0.768,8.892,0.031,Fairway,roll,0.000,0
1687,7.0202,-35.381,8.926,2.968,0.727,8.892,0.035,Fairway,roll,0.000,0
1688,7.0244,-35.383,8.929,2.967,0.686,8.892,0.038,Fairway,roll,0.000,0
1689,7.0285,-35.384,8.932,2.967,0.646,8.892,0.040,Fairway,roll,0.000,0
1690,7.0327,-35.386,8.934,2.966,0.605,8.892,0.043,Fairway,roll,0.000,0
1691,7.0369,-35.388,8.937,2.965,0.564,8.892,0.045,Fairway,roll,0.000,0
1692,7.0410,-35.389,8.939,2.965,0.523,8.891,0.048,Fairway,roll,0.000,0
1693,7.0452,-35.391,8.941,2.964,0.482,8.891,0.050,Fairway,roll,0.000,0
1694,7.0493,-35.392,8.943,2.964,0.441,8.891,0.052,Fairway,roll,0.000,0
1695,7.0535,-35.394,8.945,2.963,0.400,8.891,0.054,Fairway,roll,0.000,0
1696,7.0577,-35.395,8.947,2.962,0.359,8.891,0.055,Fairway,roll,0.000,0
1697,7.0618,-35.397,8.948,2.962,0.319,8.891,0.057,Fairway,roll,0.000,0
1698,7.0660,-35.398,8.949,2.961,0.278,8.891,0.058,Fairway,roll,0.000,0
1699,7.0702,-35.400,8.950,2.961,0.237,8.891,0.059,Fairway,roll,0.000,0
1700,7.0743,-35.402,8.951,2.960,0.196,8.891,0.060,Fairway,roll,0.000,0
1701,7.0785,-35.403,8.952,2.959,0.155,8.891,0.061,Fairway,roll,0.000,0
1702,7.0827,-35.405,8.952,2.959,0.114,8.891,0.061,Fairway,roll,0.000,0
1703,7.0868,-35.406,8.953,2.958,0.074,8.891,0.062,Fairway,roll,0.000,0
1704,7.0910,-35.408,8.953,2.957,0.033,8.891,0.062,Fairway,roll,0.000,0
1705,7.0952,-35.409,8.953,2.957,-0.008,8.891,0.062,Fairway,roll,0.000,0
1706,7.0993,-35.411,8.953,2.956,-0.049,8.891,0.062,Fairway,roll,0.000,0
1707,7.1035,-35.412,8.953,2.956,-0.090,8.891,0.062,Fairway,roll,0.000,0
1708,7.1077,-35.414,8.952,2.955,-0.131,8.891,0.062,Fairway,roll,0.000,0
1709,7.1118,-35.416,8.952,2.954,-0.172,8.890,0.061,Fairway,roll,0.000,0
1710,7.1160,-35.417,8.951,2.954,-0.212,8.890,0.060,Fairway,roll,0.000,0
1711,7.1202,-35.419,8.950,2.953,-0.253,8.890,0.059,Fairway,roll,0.000,0
1712,7.1243,-35.420,8.949,2.953,-0.294,8.890,0.058,Fairway,roll,0.000,0
1713,7.1285,-35.422,8.947,2.952,-0.335,8.890,0.057,Fairway,roll,0.000,0
1714,7.1327,-35.423,8.946,2.951,-0.376,8.890,0.056,Fairway,roll,0.000,0
1715,7.1368,-35.425,8.944,2.951,-0.417,8.890,0.054,Fairway,roll,0.000,0
1716,7.1410,-35.426,8.942,2.950,-0.457,8.890,0.052,Fairway,roll,0.000,0
1717,7.1452,-35.428,8.940,2.950,-0.498,8.890,0.050,Fairway,roll,0.000,0
1718,7.1493,-35.430,8.938,2.949,-0.539,8.890,0.048,Fairway,roll,0.000,0
1719,7.1535,-35.431,8.936,2.948,-0.580,8.890,0.046,Fairway,roll,0.000,0
1720,7.1577,-35.433,8.933,2.948,-0.621,8.890,0.044,Fairway,roll,0.000,0
1721,7.1618,-35.434,8.931,2.947,-0.662,8.890,0.041,Fairway,roll,0.000,0
1722,7.1660,-35.436,8.928,2.946,-0.702,8.890,0.038,Fairway,roll,0.000,0
1723,7.1702,-35.437,8.925,2.946,-0.743,8.890,0.035,Fairway,roll,0.000,0
1724,7.1743,-35.439,8.922,2.945,-0.784,8.890,0.032,Fairway,roll,0.000,0
1725,7.1785,-35.440,8.918,2.945,-0.825,8.890,0.029,Fairway,roll,0.000,0
1726,7.1826,-35.442,8.915,2.944,-0.866,8.889,0.025,Fairway,roll,0.000,0
1727,7.1868,-35.444,8.911,2.943,-0.906,8.889,0.022,Fairway,roll,0.000,0
1728,7.1910,-35.445,8.907,2.943,-0.947,8.889,0.018,Fairway,roll,0.000,0
1729,7.1951,-35.447,8.903,2.942,-0.988,8.889,0.014,Fairway,roll,0.000,0
1730,7.1993,-35.448,8.899,2.942,-1.029,8.889,0.010,Fairway,roll,0.000,0
1731,7.2035,-35.450,8.895,2.941,-1.070,8.889,0.005,Fairway,roll,0.000,0
1732,7.2076,-35.451,8.890,2.940,-1.110,8.889,0.001,Fairway,roll,0.000,0
1733,7.2086,-35.452,8.889,2.940,-1.120,8.889,0.000,Fairway,roll,0.000,0
1734,7.2128,-35.452,8.891,2.940,0.519,8.889,0.002,Fairway,roll,0.000,0
1735,7.2169,-35.453,8.893,2.940,0.478,8.889,0.004,Fairway,roll,0.000,0
1736,7.2211,-35.454,8.895,2.939,0.437,8.889,0.006,Fairway,roll,0.000,0
1737,7.2253,-35.455,8.897,2.939,0.396,8.889,0.008,Fairway,roll,0.000,0
1738,7.2294,-35.455,8.899,2.939,0.356,8.889,0.009,Fairway,roll,0.000,0
1739,7.2336,-35.456,8.900,2.939,0.315,8.889,0.011,Fairway,roll,0.000,0
1740,7.2377,-35.457,8.901,2.938,0.274,8.889,0.012,Fairway,roll,0.000,0
1741,7.2419,-35.457,8.902,2.938,0.233,8.889,0.013,Fairway,roll,0.000,0
1742,7.2461,-35.458,8.903,2.938,0.192,8.889,0.014,Fairway,roll,0.000,0
1743,7.2502,-35.459,8.904,2.937,0.151,8.889,0.015,Fairway,roll,0.000,0
1744,7.2544,-35.459,8.904,2.937,0.110,8.889,0.016,Fairway,roll,0.000,0
1745,7.2586,-35.460,8.905,2.937,0.070,8.889,0.016,Fairway,roll,0.000,0
1746,7.2627,-35.461,8.905,2.937,0.029,8.889,0.016,Fairway,roll,0.000,0
1747,7.2669,-35.462,8.905,2.936,-0.012,8.889,0.016,Fairway,roll,0.000,0
1748,7.2711,-35.462,8.905,2.936,-0.053,8.889,0.016,Fairway,roll,0.000,0
1749,7.2752,-35.463,8.905,2.936,-0.094,8.889,0.016,Fairway,roll,0.000,0
1750,7.2794,-35.464,8.904,2.936,-0.135,8.889,0.015,Fairway,roll,0.000,0
1751,7.2836,-35.464,8.903,2.935,-0.175,8.889,0.015,Fairway,roll,0.000,0
1752,7.2877,-35.465,8.903,2.935,-0.216,8.889,0.014,Fairway,roll,0.000,0
1753,7.2919,-35.466,8.902,2.935,-0.257,8.889,0.013,Fairway,roll,0.000,0
1754,7.2961,-35.466,8.901,2.934,-0.298,8.889,0.012,Fairway,roll,0.000,0
1755,7.3002,-35.467,8.899,2.934,-0.339,8.889,0.010,Fairway,roll,0.000,0
1756,7.3044,-35.468,8.898,2.934,-0.380,8.889,0.009,Fairway,roll,0.000,0
1757,7.3086,-35.469,8.896,2.934,-0.421,8.889,0.007,Fairway,roll,0.000,0
1758,7.3127,-35.469,8.894,2.933,-0.461,8.889,0.006,Fairway,roll,0.000,0
1759,7.3169,-35.470,8.892,2.933,-0.502,8.889,0.004,Fairway,roll,0.000,0
1760,7.3211,-35.471,8.890,2.933,-0.543,8.889,0.001,Fairway,roll,0.000,0
1761,7.3236,-35.471,8.889,2.933,-0.568,8.889,0.000,Fairway,roll,0.000,0
1762,7.3278,-35.471,8.910,2.932,0.000,8.889,0.021,Fairway,roll,0.000,0
1763,7.3319,-35.472,8.910,2.932,0.000,8.889,0.021,Fairway,roll,0.000,0
1764,7.3361,-35.472,8.910,2.932,0.000,8.889,0.021,Fairway,roll,0.000,0
1765,7.3403,-35.472,8.910,2.932,0.000,8.889,0.021,Fairway,roll,0.000,0
1766,7.3444,-35.473,8.910,2.932,0.000,8.889,0.021,Fairway,roll,0.000,0
1767,7.3486,-35.473,8.910,2.932,0.000,8.889,0.021,Fairway,roll,0.000,0
1768,7.3528,-35.473,8.910,2.932,0.000,8.889,0.021,Fairway,roll,0.000,0
1769,7.3569,-35.474,8.910,2.932,0.000,8.889,0.021,Fairway,roll,0.000,0
1770,7.3611,-35.474,8.910,2.931,0.000,8.889,0.021,Fairway,roll,0.000,0
1771,7.3653,-35.474,8.910,2.931,0.000,8.889,0.021,Fairway,roll,0.000,0
1772,7.3694,-35.475,8.910,2.931,0.000,8.889,0.021,Fairway,roll,0.000,0
