frame,time,x,y,z,vy,groundY,signedDist,zoneType,phase,dGroundY,zoneFlip
0,0.0000,39.378,10.851,32.220,14.792,10.831,0.020,Fairway,airborne,0.000,0
1,0.0042,39.255,10.913,32.172,14.741,10.829,0.084,Fairway,airborne,-0.002,0
2,0.0083,39.132,10.974,32.124,14.690,10.827,0.148,Fairway,airborne,-0.002,0
3,0.0125,39.009,11.035,32.076,14.639,10.824,0.211,Fairway,airborne,-0.002,0
4,0.0167,38.886,11.096,32.028,14.588,10.822,0.274,Fairway,airborne,-0.002,0
5,0.0208,38.764,11.157,31.980,14.537,10.819,0.337,Fairway,airborne,-0.002,0
6,0.0250,38.641,11.217,31.932,14.487,10.817,0.400,Fairway,airborne,-0.002,0
7,0.0292,38.519,11.278,31.884,14.436,10.815,0.463,Fairway,airborne,-0.002,0
8,0.0333,38.396,11.338,31.836,14.385,10.812,0.525,Fairway,airborne,-0.002,0
9,0.0375,38.274,11.397,31.788,14.335,10.810,0.587,Fairway,airborne,-0.002,0
10,0.0417,38.152,11.457,31.741,14.284,10.808,0.649,Fairway,airborne,-0.002,0
11,0.0458,38.029,11.516,31.693,14.234,10.805,0.711,Fairway,airborne,-0.002,0
12,0.0500,37.907,11.576,31.645,14.183,10.803,0.773,Fairway,airborne,-0.002,0
13,0.0542,37.785,11.634,31.597,14.133,10.800,0.834,Fairway,airborne,-0.003,0
14,0.0583,37.663,11.693,31.550,14.083,10.798,0.895,Fairway,airborne,-0.002,0
15,0.0625,37.542,11.752,31.502,14.033,10.795,0.956,Fairway,airborne,-0.002,0
16,0.0667,37.420,11.810,31.454,13.982,10.793,1.017,Fairway,airborne,-0.002,0
17,0.0708,37.298,11.868,31.407,13.932,10.791,1.078,Fairway,airborne,-0.002,0
18,0.0750,37.176,11.926,31.359,13.882,10.788,1.138,Fairway,airborne,-0.002,0
19,0.0791,37.055,11.984,31.312,13.832,10.786,1.198,Fairway,airborne,-0.002,0
20,0.0833,36.933,12.041,31.264,13.782,10.783,1.258,Fairway,airborne,-0.002,0
21,0.0875,36.812,12.099,31.217,13.733,10.781,1.318,Fairway,airborne,-0.002,0
22,0.0916,36.691,12.156,31.169,13.683,10.779,1.377,Fairway,airborne,-0.002,0
23,0.0958,36.570,12.213,31.122,13.633,10.776,1.437,Fairway,airborne,-0.003,0
24,0.1000,36.448,12.269,31.075,13.583,10.773,1.496,Fairway,airborne,-0.003,0
25,0.1041,36.327,12.326,31.027,13.534,10.771,1.555,Fairway,airborne,-0.003,0
26,0.1083,36.206,12.382,30.980,13.484,10.768,1.614,Fairway,airborne,-0.003,0
27,0.1125,36.086,12.438,30.933,13.434,10.766,1.672,Fairway,airborne,-0.003,0
28,0.1166,35.965,12.494,30.885,13.385,10.763,1.731,Fairway,airborne,-0.002,0
29,0.1208,35.844,12.550,30.838,13.335,10.761,1.789,Fairway,airborne,-0.002,0
30,0.1250,35.723,12.605,30.791,13.286,10.759,1.846,Fairway,airborne,-0.002,0
31,0.1291,35.603,12.660,30.744,13.237,10.756,1.904,Fairway,airborne,-0.002,0
32,0.1333,35.482,12.715,30.697,13.187,10.754,1.962,Fairway,airborne,-0.002,0
33,0.1375,35.362,12.770,30.649,13.138,10.751,2.019,Fairway,airborne,-0.002,0
34,0.1416,35.241,12.825,30.602,13.089,10.749,2.076,Fairway,airborne,-0.003,0
35,0.1458,35.121,12.879,30.555,13.040,10.746,2.133,Fairway,airborne,-0.003,0
36,0.1500,35.001,12.933,30.508,12.991,10.744,2.190,Fairway,airborne,-0.003,0
37,0.1541,34.881,12.987,30.461,12.941,10.741,2.246,Fairway,airborne,-0.003,0
38,0.1583,34.761,13.041,30.414,12.892,10.739,2.303,Fairway,airborne,-0.003,0
39,0.1625,34.641,13.095,30.367,12.843,10.736,2.359,Fairway,airborne,-0.003,0
40,0.1666,34.521,13.148,30.321,12.795,10.733,2.415,Fairway,airborne,-0.003,0
41,0.1708,34.401,13.201,30.274,12.746,10.731,2.471,Fairway,airborne,-0.003,0
42,0.1750,34.281,13.254,30.227,12.697,10.728,2.526,Fairway,airborne,-0.003,0
43,0.1791,34.162,13.307,30.180,12.648,10.725,2.582,Fairway,airborne,-0.003,0
44,0.1833,34.042,13.360,30.133,12.599,10.723,2.637,Fairway,airborne,-0.003,0
45,0.1875,33.923,13.412,30.087,12.551,10.720,2.692,Fairway,airborne,-0.003,0
46,0.1916,33.803,13.464,30.040,12.502,10.717,2.747,Fairway,airborne,-0.003,0
47,0.1958,33.684,13.516,29.993,12.453,10.715,2.802,Fairway,airborne,-0.003,0
48,0.2000,33.564,13.568,29.946,12.405,10.712,2.856,Fairway,airborne,-0.003,0
49,0.2041,33.445,13.620,29.900,12.356,10.709,2.910,Fairway,airborne,-0.003,0
50,0.2083,33.326,13.671,29.853,12.308,10.707,2.964,Fairway,airborne,-0.003,0
51,0.2124,33.207,13.722,29.807,12.260,10.704,3.018,Fairway,airborne,-0.003,0
52,0.2166,33.088,13.773,29.760,12.211,10.702,3.071,Fairway,airborne,-0.003,0
53,0.2208,32.969,13.824,29.714,12.163,10.699,3.125,Fairway,airborne,-0.003,0
54,0.2249,32.850,13.874,29.667,12.115,10.696,3.178,Fairway,airborne,-0.003,0
55,0.2291,32.731,13.925,29.621,12.066,10.694,3.231,Fairway,airborne,-0.003,0
56,0.2333,32.613,13.975,29.574,12.018,10.691,3.284,Fairway,airborne,-0.003,0
57,0.2374,32.494,14.025,29.528,11.970,10.689,3.336,Fairway,airborne,-0.003,0
58,0.2416,32.376,14.075,29.481,11.922,10.686,3.389,Fairway,airborne,-0.003,0
59,0.2458,32.257,14.124,29.435,11.874,10.683,3.441,Fairway,airborne,-0.003,0
60,0.2499,32.139,14.174,29.389,11.826,10.680,3.493,Fairway,airborne,-0.003,0
61,0.2541,32.020,14.223,29.342,11.778,10.678,3.545,Fairway,airborne,-0.003,0
62,0.2583,31.902,14.272,29.296,11.730,10.675,3.597,Fairway,airborne,-0.003,0
63,0.2624,31.784,14.320,29.250,11.682,10.672,3.648,Fairway,airborne,-0.003,0
64,0.2666,31.666,14.369,29.204,11.635,10.670,3.699,Fairway,airborne,-0.003,0
65,0.2708,31.548,14.417,29.158,11.587,10.667,3.750,Fairway,airborne,-0.003,0
66,0.2749,31.430,14.465,29.111,11.539,10.664,3.801,Fairway,airborne,-0.003,0
67,0.2791,31.312,14.513,29.065,11.491,10.662,3.852,Fairway,airborne,-0.003,0
68,0.2833,31.194,14.561,29.019,11.444,10.659,3.902,Fairway,airborne,-0.003,0
69,0.2874,31.076,14.609,28.973,11.396,10.656,3.952,Fairway,airborne,-0.003,0
70,0.2916,30.958,14.656,28.927,11.349,10.654,4.002,Fairway,airborne,-0.003,0
71,0.2958,30.841,14.703,28.881,11.301,10.651,4.052,Fairway,airborne,-0.003,0
72,0.2999,30.723,14.750,28.835,11.254,10.648,4.102,Fairway,airborne,-0.003,0
73,0.3041,30.605,14.797,28.789,11.206,10.646,4.151,Fairway,airborne,-0.003,0
74,0.3083,30.488,14.844,28.743,11.159,10.643,4.201,Fairway,airborne,-0.003,0
75,0.3124,30.371,14.890,28.697,11.111,10.640,4.250,Fairway,airborne,-0.003,0
76,0.3166,30.253,14.936,28.651,11.064,10.638,4.299,Fairway,airborne,-0.003,0
77,0.3208,30.136,14.982,28.605,11.017,10.635,4.347,Fairway,airborne,-0.003,0
78,0.3249,30.019,15.028,28.560,10.970,10.632,4.396,Fairway,airborne,-0.003,0
79,0.3291,29.902,15.074,28.514,10.922,10.629,4.444,Fairway,airborne,-0.003,0
80,0.3333,29.785,15.119,28.468,10.875,10.626,4.493,Fairway,airborne,-0.003,0
81,0.3374,29.668,15.164,28.422,10.828,10.624,4.540,Fairway,airborne,-0.003,0
82,0.3416,29.551,15.209,28.377,10.778,10.621,4.588,Fairway,airborne,-0.003,0
83,0.3457,29.434,15.254,28.331,10.714,10.618,4.636,Fairway,airborne,-0.003,0
84,0.3499,29.318,15.298,28.285,10.650,10.615,4.683,Fairway,airborne,-0.003,0
85,0.3541,29.201,15.343,28.240,10.587,10.613,4.730,Fairway,airborne,-0.003,0
86,0.3582,29.085,15.387,28.195,10.523,10.610,4.776,Fairway,airborne,-0.003,0
87,0.3624,28.970,15.430,28.149,10.460,10.607,4.823,Fairway,airborne,-0.003,0
88,0.3666,28.854,15.474,28.104,10.397,10.605,4.869,Fairway,airborne,-0.003,0
89,0.3707,28.739,15.517,28.059,10.335,10.602,4.915,Fairway,airborne,-0.003,0
90,0.3749,28.624,15.560,28.014,10.272,10.599,4.961,Fairway,airborne,-0.003,0
91,0.3791,28.509,15.602,27.969,10.210,10.596,5.006,Fairway,airborne,-0.003,0
92,0.3832,28.395,15.645,27.924,10.148,10.593,5.052,Fairway,airborne,-0.003,0
93,0.3874,28.281,15.687,27.880,10.087,10.590,5.096,Fairway,airborne,-0.003,0
94,0.3916,28.166,15.729,27.835,10.025,10.588,5.141,Fairway,airborne,-0.003,0
95,0.3957,28.053,15.770,27.791,9.964,10.585,5.185,Fairway,airborne,-0.003,0
96,0.3999,27.939,15.812,27.746,9.903,10.583,5.229,Fairway,airborne,-0.003,0
97,0.4041,27.826,15.853,27.702,9.842,10.580,5.273,Fairway,airborne,-0.002,0
98,0.4082,27.713,15.894,27.658,9.782,10.578,5.316,Fairway,airborne,-0.002,0
99,0.4124,27.600,15.934,27.613,9.722,10.575,5.359,Fairway,airborne,-0.002,0
100,0.4166,27.487,15.975,27.569,9.662,10.573,5.402,Fairway,airborne,-0.002,0
101,0.4207,27.375,16.015,27.525,9.602,10.570,5.445,Fairway,airborne,-0.003,0
102,0.4249,27.262,16.055,27.481,9.542,10.568,5.487,Fairway,airborne,-0.003,0
103,0.4291,27.150,16.094,27.438,9.482,10.565,5.529,Fairway,airborne,-0.003,0
104,0.4332,27.039,16.134,27.394,9.423,10.562,5.571,Fairway,airborne,-0.003,0
105,0.4374,26.927,16.173,27.350,9.364,10.560,5.613,Fairway,airborne,-0.003,0
106,0.4416,26.816,16.212,27.307,9.305,10.557,5.655,Fairway,airborne,-0.003,0
107,0.4457,26.704,16.250,27.263,9.247,10.554,5.696,Fairway,airborne,-0.003,0
108,0.4499,26.594,16.289,27.220,9.188,10.552,5.737,Fairway,airborne,-0.003,0
109,0.4541,26.483,16.327,27.177,9.130,10.549,5.778,Fairway,airborne,-0.003,0
110,0.4582,26.372,16.365,27.133,9.072,10.546,5.819,Fairway,airborne,-0.003,0
111,0.4624,26.262,16.402,27.090,9.014,10.543,5.859,Fairway,airborne,-0.003,0
112,0.4666,26.152,16.440,27.047,8.956,10.540,5.900,Fairway,airborne,-0.003,0
113,0.4707,26.042,16.477,27.004,8.899,10.538,5.940,Fairway,airborne,-0.003,0
114,0.4749,25.932,16.514,26.961,8.841,10.535,5.979,Fairway,airborne,-0.003,0
115,0.4790,25.823,16.551,26.918,8.784,10.532,6.018,Fairway,airborne,-0.003,0
116,0.4832,25.714,16.587,26.876,8.727,10.530,6.057,Fairway,airborne,-0.002,0
117,0.4874,25.605,16.623,26.833,8.670,10.527,6.096,Fairway,airborne,-0.002,0
118,0.4915,25.496,16.659,26.790,8.614,10.525,6.134,Fairway,airborne,-0.002,0
119,0.4957,25.387,16.695,26.748,8.557,10.523,6.173,Fairway,airborne,-0.002,0
120,0.4999,25.279,16.731,26.705,8.501,10.520,6.211,Fairway,airborne,-0.002,0
121,0.5040,25.170,16.766,26.663,8.445,10.518,6.248,Fairway,airborne,-0.003,0
122,0.5082,25.062,16.801,26.621,8.389,10.515,6.286,Fairway,airborne,-0.003,0
123,0.5124,24.954,16.836,26.579,8.333,10.513,6.323,Fairway,airborne,-0.002,0
124,0.5165,24.847,16.870,26.536,8.277,10.510,6.360,Fairway,airborne,-0.002,0
125,0.5207,24.739,16.905,26.494,8.222,10.508,6.397,Fairway,airborne,-0.002,0
126,0.5249,24.632,16.939,26.452,8.167,10.505,6.434,Fairway,airborne,-0.002,0
127,0.5290,24.525,16.973,26.411,8.111,10.503,6.470,Fairway,airborne,-0.002,0
128,0.5332,24.418,17.006,26.369,8.056,10.500,6.506,Fairway,airborne,-0.003,0
129,0.5374,24.311,17.040,26.327,8.002,10.498,6.542,Fairway,airborne,-0.003,0
130,0.5415,24.204,17.073,26.285,7.947,10.495,6.578,Fairway,airborne,-0.003,0
131,0.5457,24.098,17.106,26.244,7.892,10.493,6.613,Fairway,airborne,-0.003,0
132,0.5499,23.992,17.139,26.202,7.838,10.490,6.649,Fairway,airborne,-0.003,0
133,0.5540,23.886,17.171,26.161,7.784,10.488,6.684,Fairway,airborne,-0.002,0
134,0.5582,23.780,17.204,26.119,7.730,10.485,6.719,Fairway,airborne,-0.003,0
135,0.5624,23.674,17.236,26.078,7.676,10.483,6.753,Fairway,airborne,-0.003,0
136,0.5665,23.569,17.268,26.037,7.622,10.480,6.788,Fairway,airborne,-0.003,0
137,0.5707,23.463,17.299,25.995,7.568,10.478,6.822,Fairway,airborne,-0.003,0
138,0.5749,23.358,17.331,25.954,7.515,10.475,6.856,Fairway,airborne,-0.003,0
139,0.5790,23.253,17.362,25.913,7.462,10.473,6.889,Fairway,airborne,-0.002,0
140,0.5832,23.149,17.393,25.872,7.408,10.470,6.923,Fairway,airborne,-0.002,0
141,0.5874,23.044,17.424,25.831,7.355,10.468,6.956,Fairway,airborne,-0.002,0
142,0.5915,22.940,17.454,25.791,7.302,10.465,6.989,Fairway,airborne,-0.002,0
143,0.5957,22.835,17.484,25.750,7.250,10.463,7.021,Fairway,airborne,-0.002,0
144,0.5999,22.731,17.514,25.709,7.197,10.460,7.054,Fairway,airborne,-0.002,0
145,0.6040,22.627,17.544,25.668,7.144,10.458,7.086,Fairway,airborne,-0.002,0
146,0.6082,22.524,17.574,25.628,7.092,10.456,7.118,Fairway,airborne,-0.002,0
147,0.6124,22.420,17.603,25.587,7.040,10.453,7.150,Fairway,airborne,-0.002,0
148,0.6165,22.317,17.633,25.547,6.988,10.451,7.182,Fairway,airborne,-0.002,0
149,0.6207,22.213,17.662,25.506,6.936,10.448,7.213,Fairway,airborne,-0.002,0
150,0.6248,22.110,17.690,25.466,6.884,10.446,7.244,Fairway,airborne,-0.002,0
151,0.6290,22.007,17.719,25.426,6.832,10.444,7.275,Fairway,airborne,-0.002,0
152,0.6332,21.904,17.747,25.386,6.780,10.441,7.306,Fairway,airborne,-0.002,0
153,0.6373,21.802,17.775,25.346,6.729,10.439,7.336,Fairway,airborne,-0.002,0
154,0.6415,21.699,17.803,25.305,6.677,10.437,7.366,Fairway,airborne,-0.002,0
155,0.6457,21.597,17.831,25.265,6.626,10.434,7.397,Fairway,airborne,-0.002,0
156,0.6498,21.495,17.858,25.225,6.575,10.432,7.427,Fairway,airborne,-0.002,0
157,0.6540,21.393,17.886,25.186,6.524,10.430,7.456,Fairway,airborne,-0.002,0
158,0.6582,21.291,17.913,25.146,6.473,10.427,7.486,Fairway,airborne,-0.002,0
159,0.6623,21.190,17.940,25.106,6.422,10.425,7.515,Fairway,airborne,-0.002,0
160,0.6665,21.088,17.966,25.066,6.372,10.422,7.544,Fairway,airborne,-0.002,0
161,0.6707,20.987,17.993,25.027,6.321,10.420,7.573,Fairway,airborne,-0.002,0
162,0.6748,20.886,18.019,24.987,6.271,10.417,7.602,Fairway,airborne,-0.002,0
163,0.6790,20.785,18.045,24.948,6.220,10.415,7.630,Fairway,airborne,-0.002,0
164,0.6832,20.684,18.071,24.908,6.170,10.413,7.658,Fairway,airborne,-0.002,0
165,0.6873,20.583,18.096,24.869,6.120,10.411,7.686,Fairway,airborne,-0.002,0
166,0.6915,20.483,18.122,24.829,6.070,10.408,7.713,Fairway,airborne,-0.002,0
167,0.6957,20.382,18.147,24.790,6.020,10.406,7.741,Fairway,airborne,-0.002,0
168,0.6998,20.282,18.172,24.751,5.970,10.404,7.768,Fairway,airborne,-0.002,0
169,0.7040,20.182,18.197,24.712,5.920,10.402,7.795,Fairway,airborne,-0.002,0
170,0.7082,20.082,18.221,24.673,5.871,10.400,7.821,Fairway,airborne,-0.002,0
171,0.7123,19.982,18.246,24.634,5.821,10.398,7.848,Fairway,airborne,-0.002,0
172,0.7165,19.882,18.270,24.595,5.772,10.395,7.874,Fairway,airborne,-0.002,0
173,0.7207,19.783,18.294,24.556,5.723,10.393,7.900,Fairway,airborne,-0.002,0
174,0.7248,19.683,18.317,24.517,5.674,10.391,7.926,Fairway,airborne,-0.002,0
175,0.7290,19.584,18.341,24.478,5.625,10.389,7.952,Fairway,airborne,-0.002,0
176,0.7332,19.485,18.364,24.439,5.576,10.387,7.977,Fairway,airborne,-0.002,0
177,0.7373,19.386,18.387,24.401,5.527,10.385,8.003,Fairway,airborne,-0.002,0
178,0.7415,19.287,18.410,24.362,5.478,10.382,8.028,Fairway,airborne,-0.002,0
179,0.7457,19.189,18.433,24.323,5.429,10.380,8.053,Fairway,airborne,-0.002,0
180,0.7498,19.090,18.455,24.285,5.381,10.378,8.077,Fairway,airborne,-0.002,0
181,0.7540,18.992,18.478,24.246,5.332,10.376,8.102,Fairway,airborne,-0.002,0
182,0.7581,18.894,18.500,24.208,5.284,10.374,8.126,Fairway,airborne,-0.002,0
183,0.7623,18.795,18.522,24.169,5.236,10.372,8.150,Fairway,airborne,-0.002,0
184,0.7665,18.697,18.543,24.131,5.187,10.369,8.174,Fairway,airborne,-0.002,0
185,0.7706,18.600,18.565,24.093,5.139,10.367,8.198,Fairway,airborne,-0.002,0
186,0.7748,18.502,18.586,24.055,5.091,10.365,8.221,Fairway,airborne,-0.002,0
187,0.7790,18.404,18.607,24.016,5.043,10.363,8.245,Fairway,airborne,-0.002,0
188,0.7831,18.307,18.628,23.978,4.996,10.360,8.268,Fairway,airborne,-0.002,0
189,0.7873,18.210,18.649,23.940,4.948,10.358,8.291,Fairway,airborne,-0.002,0
190,0.7915,18.113,18.669,23.902,4.900,10.356,8.313,Fairway,airborne,-0.002,0
191,0.7956,18.016,18.690,23.864,4.853,10.354,8.336,Fairway,airborne,-0.002,0
192,0.7998,17.919,18.710,23.826,4.805,10.352,8.358,Fairway,airborne,-0.002,0
193,0.8040,17.822,18.730,23.789,4.758,10.350,8.380,Fairway,airborne,-0.002,0
194,0.8081,17.725,18.750,23.751,4.711,10.348,8.402,Fairway,airborne,-0.002,0
195,0.8123,17.629,18.769,23.713,4.663,10.346,8.423,Fairway,airborne,-0.002,0
196,0.8165,17.532,18.788,23.675,4.616,10.344,8.445,Fairway,airborne,-0.002,0
197,0.8206,17.436,18.807,23.638,4.569,10.342,8.466,Fairway,airborne,-0.002,0
198,0.8248,17.340,18.826,23.600,4.522,10.340,8.487,Fairway,airborne,-0.002,0
199,0.8290,17.244,18.845,23.563,4.475,10.338,8.508,Fairway,airborne,-0.002,0
200,0.8331,17.148,18.864,23.525,4.429,10.335,8.528,Fairway,airborne,-0.002,0
201,0.8373,17.053,18.882,23.488,4.382,10.333,8.549,Fairway,airborne,-0.002,0
202,0.8415,16.957,18.900,23.450,4.335,10.331,8.569,Fairway,airborne,-0.002,0
203,0.8456,16.862,18.918,23.413,4.289,10.329,8.589,Fairway,airborne,-0.002,0
204,0.8498,16.766,18.936,23.376,4.242,10.327,8.609,Fairway,airborne,-0.002,0
205,0.8540,16.671,18.953,23.338,4.196,10.325,8.628,Fairway,airborne,-0.002,0
206,0.8581,16.576,18.971,23.301,4.149,10.323,8.647,Fairway,airborne,-0.002,0
207,0.8623,16.481,18.988,23.264,4.103,10.321,8.667,Fairway,airborne,-0.002,0
208,0.8665,16.386,19.005,23.227,4.057,10.319,8.686,Fairway,airborne,-0.002,0
209,0.8706,16.291,19.022,23.190,4.011,10.317,8.704,Fairway,airborne,-0.002,0
210,0.8748,16.197,19.038,23.153,3.965,10.315,8.723,Fairway,airborne,-0.002,0
211,0.8790,16.102,19.055,23.116,3.919,10.313,8.742,Fairway,airborne,-0.002,0
212,0.8831,16.008,19.071,23.079,3.873,10.311,8.760,Fairway,airborne,-0.002,0
213,0.8873,15.914,19.087,23.042,3.827,10.309,8.778,Fairway,airborne,-0.002,0
214,0.8914,15.820,19.103,23.005,3.782,10.307,8.796,Fairway,airborne,-0.002,0
215,0.8956,15.726,19.119,22.969,3.736,10.305,8.813,Fairway,airborne,-0.002,0
216,0.8998,15.632,19.134,22.932,3.691,10.303,8.831,Fairway,airborne,-0.002,0
217,0.9039,15.538,19.149,22.895,3.645,10.301,8.848,Fairway,airborne,-0.002,0
218,0.9081,15.445,19.164,22.859,3.600,10.299,8.865,Fairway,airborne,-0.002,0
219,0.9123,15.351,19.179,22.822,3.554,10.297,8.882,Fairway,airborne,-0.002,0
220,0.9164,15.258,19.194,22.786,3.509,10.295,8.899,Fairway,airborne,-0.002,0
221,0.9206,15.164,19.208,22.749,3.464,10.293,8.915,Fairway,airborne,-0.002,0
222,0.9248,15.071,19.223,22.713,3.419,10.291,8.931,Fairway,airborne,-0.002,0
223,0.9289,14.978,19.237,22.676,3.374,10.290,8.947,Fairway,airborne,-0.002,0
224,0.9331,14.885,19.251,22.640,3.329,10.288,8.963,Fairway,airborne,-0.002,0
225,0.9373,14.792,19.265,22.604,3.284,10.286,8.979,Fairway,airborne,-0.002,0
226,0.9414,14.700,19.278,22.567,3.239,10.284,8.994,Fairway,airborne,-0.002,0
227,0.9456,14.607,19.292,22.531,3.194,10.282,9.010,Fairway,airborne,-0.002,0
228,0.9498,14.515,19.305,22.495,3.149,10.280,9.025,Fairway,airborne,-0.002,0
229,0.9539,14.422,19.318,22.459,3.105,10.278,9.040,Fairway,airborne,-0.002,0
230,0.9581,14.330,19.331,22.423,3.060,10.276,9.055,Fairway,airborne,-0.002,0
231,0.9623,14.238,19.343,22.387,3.015,10.274,9.069,Fairway,airborne,-0.002,0
232,0.9664,14.146,19.356,22.351,2.971,10.272,9.084,Fairway,airborne,-0.002,0
233,0.9706,14.054,19.368,22.315,2.927,10.270,9.098,Fairway,airborne,-0.002,0
234,0.9748,13.962,19.380,22.279,2.882,10.268,9.112,Fairway,airborne,-0.002,0
235,0.9789,13.871,19.392,22.243,2.838,10.266,9.126,Fairway,airborne,-0.002,0
236,0.9831,13.779,19.404,22.207,2.794,10.264,9.139,Fairway,airborne,-0.002,0
237,0.9873,13.688,19.415,22.171,2.750,10.263,9.153,Fairway,airborne,-0.002,0
238,0.9914,13.596,19.427,22.136,2.705,10.261,9.166,Fairway,airborne,-0.002,0
239,0.9956,13.505,19.438,22.100,2.661,10.259,9.179,Fairway,airborne,-0.002,0
240,0.9998,13.414,19.449,22.064,2.617,10.257,9.192,Fairway,airborne,-0.002,0
241,1.0039,13.323,19.460,22.029,2.574,10.255,9.204,Fairway,airborne,-0.002,0
242,1.0081,13.232,19.470,21.993,2.530,10.254,9.217,Fairway,airborne,-0.002,0
243,1.0123,13.141,19.481,21.958,2.486,10.252,9.229,Fairway,airborne,-0.002,0
244,1.0164,13.050,19.491,21.922,2.442,10.250,9.241,Fairway,airborne,-0.002,0
245,1.0206,12.960,19.501,21.887,2.398,10.248,9.253,Fairway,airborne,-0.002,0
246,1.0248,12.869,19.511,21.851,2.355,10.246,9.264,Fairway,airborne,-0.002,0
247,1.0289,12.779,19.521,21.816,2.311,10.245,9.276,Fairway,airborne,-0.002,0
248,1.0331,12.688,19.530,21.781,2.268,10.243,9.287,Fairway,airborne,-0.002,0
249,1.0372,12.598,19.539,21.745,2.224,10.241,9.298,Fairway,airborne,-0.002,0
250,1.0414,12.508,19.549,21.710,2.181,10.239,9.309,Fairway,airborne,-0.002,0
251,1.0456,12.418,19.558,21.675,2.138,10.238,9.320,Fairway,airborne,-0.002,0
252,1.0497,12.328,19.566,21.640,2.094,10.236,9.331,Fairway,airborne,-0.002,0
253,1.0539,12.239,19.575,21.605,2.051,10.234,9.341,Fairway,airborne,-0.002,0
254,1.0581,12.149,19.584,21.570,2.008,10.232,9.351,Fairway,airborne,-0.002,0
255,1.0622,12.059,19.592,21.535,1.965,10.230,9.361,Fairway,airborne,-0.002,0
256,1.0664,11.970,19.600,21.500,1.922,10.229,9.371,Fairway,airborne,-0.002,0
257,1.0706,11.881,19.608,21.465,1.879,10.227,9.381,Fairway,airborne,-0.002,0
258,1.0747,11.791,19.616,21.430,1.836,10.225,9.390,Fairway,airborne,-0.002,0
259,1.0789,11.702,19.623,21.395,1.793,10.223,9.400,Fairway,airborne,-0.002,0
260,1.0831,11.613,19.630,21.360,1.750,10.222,9.409,Fairway,airborne,-0.002,0
261,1.0872,11.524,19.638,21.325,1.707,10.220,9.418,Fairway,airborne,-0.002,0
262,1.0914,11.435,19.645,21.290,1.665,10.218,9.427,Fairway,airborne,-0.002,0
263,1.0956,11.346,19.651,21.256,1.622,10.216,9.435,Fairway,airborne,-0.002,0
264,1.0997,11.258,19.658,21.221,1.579,10.214,9.444,Fairway,airborne,-0.002,0
265,1.1039,11.169,19.665,21.186,1.537,10.213,9.452,Fairway,airborne,-0.002,0
266,1.1081,11.081,19.671,21.152,1.494,10.211,9.460,Fairway,airborne,-0.002,0
267,1.1122,10.992,19.677,21.117,1.452,10.209,9.468,Fairway,airborne,-0.002,0
268,1.1164,10.904,19.683,21.083,1.409,10.208,9.475,Fairway,airborne,-0.002,0
269,1.1206,10.816,19.689,21.048,1.367,10.206,9.483,Fairway,airborne,-0.002,0
270,1.1247,10.728,19.694,21.014,1.325,10.204,9.490,Fairway,airborne,-0.002,0
271,1.1289,10.640,19.700,20.979,1.282,10.202,9.498,Fairway,airborne,-0.002,0
272,1.1331,10.552,19.705,20.945,1.240,10.200,9.505,Fairway,airborne,-0.002,0
273,1.1372,10.464,19.710,20.911,1.198,10.199,9.511,Fairway,airborne,-0.002,0
274,1.1414,10.376,19.715,20.876,1.156,10.197,9.518,Fairway,airborne,-0.002,0
275,1.1456,10.289,19.720,20.842,1.114,10.196,9.524,Fairway,airborne,-0.002,0
276,1.1497,10.201,19.724,20.808,1.072,10.194,9.530,Fairway,airborne,-0.002,0
277,1.1539,10.114,19.729,20.774,1.030,10.193,9.536,Fairway,airborne,-0.002,0
278,1.1581,10.027,19.733,20.739,0.988,10.191,9.542,Fairway,airborne,-0.002,0
279,1.1622,9.939,19.737,20.705,0.946,10.189,9.547,Fairway,airborne,-0.002,0
280,1.1664,9.852,19.741,20.671,0.904,10.188,9.553,Fairway,airborne,-0.002,0
281,1.1705,9.765,19.744,20.637,0.862,10.186,9.558,Fairway,airborne,-0.002,0
282,1.1747,9.678,19.748,20.603,0.821,10.185,9.563,Fairway,airborne,-0.002,0
283,1.1789,9.591,19.751,20.569,0.779,10.183,9.568,Fairway,airborne,-0.002,0
284,1.1830,9.505,19.754,20.535,0.737,10.182,9.573,Fairway,airborne,-0.002,0
285,1.1872,9.418,19.757,20.501,0.696,10.180,9.577,Fairway,airborne,-0.002,0
286,1.1914,9.331,19.760,20.467,0.654,10.178,9.582,Fairway,airborne,-0.002,0
287,1.1955,9.245,19.763,20.434,0.613,10.177,9.586,Fairway,airborne,-0.002,0
288,1.1997,9.159,19.765,20.400,0.571,10.175,9.590,Fairway,airborne,-0.002,0
289,1.2039,9.072,19.767,20.366,0.530,10.174,9.594,Fairway,airborne,-0.002,0
290,1.2080,8.986,19.770,20.332,0.488,10.172,9.597,Fairway,airborne,-0.002,0
291,1.2122,8.900,19.772,20.299,0.447,10.171,9.601,Fairway,airborne,-0.002,0
292,1.2164,8.814,19.773,20.265,0.406,10.169,9.604,Fairway,airborne,-0.002,0
293,1.2205,8.728,19.775,20.231,0.364,10.168,9.607,Fairway,airborne,-0.002,0
294,1.2247,8.642,19.776,20.198,0.323,10.166,9.611,Fairway,airborne,-0.002,0
295,1.2289,8.556,19.778,20.164,0.282,10.164,9.614,Fairway,airborne,-0.002,0
296,1.2330,8.471,19.779,20.131,0.241,10.162,9.616,Fairway,airborne,-0.002,0
297,1.2372,8.385,19.780,20.097,0.200,10.161,9.619,Fairway,airborne,-0.002,0
298,1.2414,8.300,19.780,20.064,0.159,10.159,9.621,Fairway,airborne,-0.002,0
299,1.2455,8.214,19.781,20.030,0.118,10.157,9.624,Fairway,airborne,-0.002,0
300,1.2497,8.129,19.781,19.997,0.077,10.155,9.626,Fairway,airborne,-0.002,0
301,1.2539,8.044,19.781,19.964,0.036,10.154,9.628,Fairway,airborne,-0.002,0
302,1.2580,7.958,19.782,19.930,-0.005,10.152,9.630,Fairway,airborne,-0.002,0
303,1.2622,7.873,19.781,19.897,-0.046,10.150,9.631,Fairway,airborne,-0.002,0
304,1.2664,7.788,19.781,19.864,-0.087,10.149,9.632,Fairway,airborne,-0.002,0
305,1.2705,7.704,19.781,19.831,-0.127,10.147,9.633,Fairway,airborne,-0.002,0
306,1.2747,7.619,19.780,19.797,-0.168,10.146,9.634,Fairway,airborne,-0.002,0
307,1.2789,7.534,19.779,19.764,-0.209,10.144,9.635,Fairway,airborne,-0.002,0
308,1.2830,7.449,19.778,19.731,-0.249,10.143,9.636,Fairway,airborne,-0.002,0
309,1.2872,7.365,19.777,19.698,-0.290,10.141,9.636,Fairway,airborne,-0.002,0
310,1.2914,7.280,19.776,19.665,-0.330,10.139,9.637,Fairway,airborne,-0.002,0
311,1.2955,7.196,19.775,19.632,-0.371,10.138,9.637,Fairway,airborne,-0.002,0
312,1.2997,7.112,19.773,19.599,-0.411,10.136,9.637,Fairway,airborne,-0.002,0
313,1.3038,7.027,19.771,19.566,-0.452,10.135,9.636,Fairway,airborne,-0.002,0
314,1.3080,6.943,19.769,19.533,-0.492,10.133,9.636,Fairway,airborne,-0.002,0
315,1.3122,6.859,19.767,19.500,-0.532,10.132,9.636,Fairway,airborne,-0.002,0
316,1.3163,6.775,19.765,19.467,-0.573,10.130,9.635,Fairway,airborne,-0.002,0
317,1.3205,6.691,19.762,19.435,-0.613,10.128,9.634,Fairway,airborne,-0.002,0
318,1.3247,6.608,19.760,19.402,-0.653,10.127,9.633,Fairway,airborne,-0.002,0
319,1.3288,6.524,19.757,19.369,-0.693,10.125,9.632,Fairway,airborne,-0.001,0
320,1.3330,6.440,19.754,19.336,-0.734,10.124,9.630,Fairway,airborne,-0.001,0
321,1.3372,6.357,19.751,19.304,-0.774,10.123,9.628,Fairway,airborne,-0.001,0
322,1.3413,6.273,19.747,19.271,-0.814,10.121,9.626,Fairway,airborne,-0.001,0
323,1.3455,6.190,19.744,19.238,-0.854,10.120,9.624,Fairway,airborne,-0.001,0
324,1.3497,6.107,19.740,19.206,-0.894,10.119,9.622,Fairway,airborne,-0.001,0
325,1.3538,6.023,19.737,19.173,-0.934,10.117,9.620,Fairway,airborne,-0.001,0
326,1.3580,5.940,19.733,19.141,-0.974,10.116,9.617,Fairway,airborne,-0.001,0
327,1.3622,5.857,19.728,19.108,-1.013,10.114,9.614,Fairway,airborne,-0.001,0
328,1.3663,5.774,19.724,19.076,-1.053,10.113,9.612,Fairway,airborne,-0.001,0
329,1.3705,5.691,19.720,19.043,-1.093,10.111,9.609,Fairway,airborne,-0.001,0
330,1.3747,5.609,19.715,19.011,-1.133,10.110,9.605,Fairway,airborne,-0.002,0
331,1.3788,5.526,19.710,18.979,-1.173,10.108,9.603,Fairway,airborne,-0.002,0
332,1.3830,5.443,19.705,18.946,-1.212,10.106,9.599,Fairway,airborne,-0.002,0
333,1.3872,5.361,19.700,18.914,-1.252,10.105,9.596,Fairway,airborne,-0.001,0
334,1.3913,5.278,19.695,18.882,-1.292,10.103,9.592,Fairway,airborne,-0.002,0
335,1.3955,5.196,19.689,18.850,-1.331,10.101,9.588,Fairway,airborne,-0.002,0
336,1.3997,5.113,19.684,18.817,-1.371,10.100,9.584,Fairway,airborne,-0.002,0
337,1.4038,5.031,19.678,18.785,-1.410,10.098,9.580,Fairway,airborne,-0.001,0
338,1.4080,4.949,19.672,18.753,-1.450,10.097,9.576,Fairway,airborne,-0.002,0
339,1.4122,4.867,19.666,18.721,-1.489,10.095,9.571,Fairway,airborne,-0.002,0
340,1.4163,4.785,19.660,18.689,-1.529,10.093,9.566,Fairway,airborne,-0.002,0
341,1.4205,4.703,19.653,18.657,-1.568,10.092,9.561,Fairway,airborne,-0.002,0
342,1.4247,4.621,19.647,18.625,-1.607,10.090,9.557,Fairway,airborne,-0.002,0
343,1.4288,4.539,19.640,18.593,-1.647,10.088,9.552,Fairway,airborne,-0.002,0
344,1.4330,4.457,19.633,18.561,-1.686,10.087,9.546,Fairway,airborne,-0.001,0
345,1.4371,4.376,19.626,18.529,-1.725,10.086,9.540,Fairway,airborne,-0.001,0
346,1.4413,4.294,19.619,18.497,-1.764,10.085,9.534,Fairway,airborne,-0.001,0
347,1.4455,4.213,19.611,18.465,-1.803,10.083,9.528,Fairway,airborne,-0.001,0
348,1.4496,4.131,19.604,18.433,-1.843,10.082,9.522,Fairway,airborne,-0.002,0
349,1.4538,4.050,19.596,18.401,-1.882,10.080,9.516,Fairway,airborne,-0.002,0
350,1.4580,3.969,19.588,18.370,-1.921,10.078,9.509,Fairway,airborne,-0.002,0
351,1.4621,3.888,19.580,18.338,-1.960,10.077,9.503,Fairway,airborne,-0.001,0
352,1.4663,3.806,19.572,18.306,-1.999,10.076,9.496,Fairway,airborne,-0.001,0
353,1.4705,3.725,19.563,18.274,-2.038,10.074,9.489,Fairway,airborne,-0.002,0
354,1.4746,3.645,19.555,18.243,-2.077,10.072,9.482,Fairway,airborne,-0.002,0
355,1.4788,3.564,19.546,18.211,-2.116,10.071,9.475,Fairway,airborne,-0.001,0
356,1.4830,3.483,19.537,18.179,-2.154,10.069,9.468,Fairway,airborne,-0.002,0
357,1.4871,3.402,19.528,18.148,-2.193,10.068,9.460,Fairway,airborne,-0.002,0
358,1.4913,3.321,19.519,18.116,-2.232,10.066,9.453,Fairway,airborne,-0.002,0
359,1.4955,3.241,19.509,18.085,-2.271,10.064,9.445,Fairway,airborne,-0.001,0
360,1.4996,3.160,19.500,18.053,-2.310,10.063,9.437,Fairway,airborne,-0.002,0
361,1.5038,3.080,19.490,18.022,-2.348,10.061,9.429,Fairway,airborne,-0.002,0
362,1.5080,3.000,19.480,17.990,-2.387,10.060,9.421,Fairway,airborne,-0.002,0
363,1.5121,2.919,19.470,17.959,-2.426,10.058,9.412,Fairway,airborne,-0.001,0
364,1.5163,2.839,19.460,17.928,-2.464,10.057,9.403,Fairway,airborne,-0.001,0
365,1.5205,2.759,19.450,17.896,-2.503,10.056,9.394,Fairway,airborne,-0.002,0
366,1.5246,2.679,19.439,17.865,-2.541,10.054,9.385,Fairway,airborne,-0.002,0
367,1.5288,2.599,19.429,17.834,-2.580,10.053,9.376,Fairway,airborne,-0.002,0
368,1.5330,2.519,19.418,17.802,-2.618,10.051,9.367,Fairway,airborne,-0.002,0
369,1.5371,2.439,19.407,17.771,-2.657,10.049,9.357,Fairway,airborne,-0.002,0
370,1.5413,2.359,19.396,17.740,-2.695,10.048,9.348,Fairway,airborne,-0.001,0
371,1.5455,2.280,19.384,17.709,-2.733,10.046,9.338,Fairway,airborne,-0.002,0
372,1.5496,2.200,19.373,17.678,-2.772,10.045,9.328,Fairway,airborne,-0.002,0
373,1.5538,2.121,19.361,17.647,-2.810,10.043,9.318,Fairway,airborne,-0.002,0
374,1.5580,2.041,19.349,17.615,-2.848,10.041,9.308,Fairway,airborne,-0.002,0
375,1.5621,1.962,19.337,17.584,-2.887,10.040,9.298,Fairway,airborne,-0.002,0
376,1.5663,1.882,19.325,17.553,-2.925,10.038,9.287,Fairway,airborne,-0.001,0
377,1.5705,1.803,19.313,17.522,-2.963,10.037,9.276,Fairway,airborne,-0.002,0
378,1.5746,1.724,19.301,17.491,-3.001,10.035,9.266,Fairway,airborne,-0.002,0
379,1.5788,1.645,19.288,17.460,-3.039,10.033,9.255,Fairway,airborne,-0.002,0
380,1.5829,1.566,19.275,17.430,-3.077,10.032,9.243,Fairway,airborne,-0.001,0
381,1.5871,1.487,19.262,17.399,-3.116,10.030,9.232,Fairway,airborne,-0.002,0
382,1.5913,1.408,19.249,17.368,-3.154,10.029,9.221,Fairway,airborne,-0.002,0
383,1.5954,1.329,19.236,17.337,-3.192,10.027,9.209,Fairway,airborne,-0.002,0
384,1.5996,1.250,19.223,17.306,-3.230,10.026,9.197,Fairway,airborne,-0.001,0
385,1.6038,1.172,19.209,17.275,-3.268,10.024,9.185,Fairway,airborne,-0.002,0
386,1.6079,1.093,19.196,17.245,-3.305,10.023,9.173,Fairway,airborne,-0.001,0
387,1.6121,1.014,19.182,17.214,-3.343,10.022,9.160,Fairway,airborne,-0.001,0
388,1.6163,0.936,19.168,17.183,-3.381,10.020,9.148,Fairway,airborne,-0.001,0
389,1.6204,0.857,19.154,17.152,-3.419,10.018,9.135,Fairway,airborne,-0.002,0
390,1.6246,0.779,19.139,17.122,-3.457,10.016,9.123,Fairway,airborne,-0.002,0
391,1.6288,0.701,19.125,17.091,-3.495,10.015,9.110,Fairway,airborne,-0.002,0
392,1.6329,0.623,19.110,17.061,-3.532,10.013,9.097,Fairway,airborne,-0.002,0
393,1.6371,0.545,19.095,17.030,-3.570,10.011,9.084,Fairway,airborne,-0.002,0
394,1.6413,0.466,19.080,16.999,-3.608,10.010,9.071,Fairway,airborne,-0.001,0
395,1.6454,0.388,19.065,16.969,-3.645,10.008,9.057,Fairway,airborne,-0.002,0
396,1.6496,0.311,19.050,16.938,-3.683,10.007,9.043,Fairway,airborne,-0.002,0
397,1.6538,0.233,19.035,16.908,-3.721,10.005,9.029,Fairway,airborne,-0.001,0
398,1.6579,0.155,19.019,16.878,-3.758,10.004,9.015,Fairway,airborne,-0.002,0
399,1.6621,0.077,19.003,16.847,-3.796,10.002,9.001,Fairway,airborne,-0.001,0
400,1.6663,-0.001,18.988,16.817,-3.833,10.001,8.987,Fairway,airborne,-0.001,0
401,1.6704,-0.078,18.971,16.786,-3.871,9.999,8.972,Fairway,airborne,-0.001,0
402,1.6746,-0.156,18.955,16.756,-3.908,9.998,8.957,Fairway,airborne,-0.001,0
403,1.6788,-0.233,18.939,16.726,-3.945,9.996,8.943,Fairway,airborne,-0.002,0
404,1.6829,-0.310,18.922,16.696,-3.983,9.994,8.928,Fairway,airborne,-0.002,0
405,1.6871,-0.388,18.906,16.665,-4.020,9.993,8.913,Fairway,airborne,-0.001,0
406,1.6913,-0.465,18.889,16.635,-4.057,9.991,8.898,Fairway,airborne,-0.002,0
407,1.6954,-0.542,18.872,16.605,-4.095,9.990,8.882,Fairway,airborne,-0.001,0
408,1.6996,-0.619,18.855,16.575,-4.132,9.988,8.867,Fairway,airborne,-0.002,0
409,1.7038,-0.696,18.838,16.545,-4.169,9.987,8.851,Fairway,airborne,-0.001,0
410,1.7079,-0.773,18.820,16.514,-4.206,9.985,8.835,Fairway,airborne,-0.002,0
411,1.7121,-0.850,18.803,16.484,-4.244,9.984,8.819,Fairway,airborne,-0.002,0
412,1.7162,-0.927,18.785,16.454,-4.281,9.982,8.803,Fairway,airborne,-0.001,0
413,1.7204,-1.004,18.767,16.424,-4.318,9.980,8.786,Fairway,airborne,-0.002,0
414,1.7246,-1.081,18.749,16.394,-4.355,9.979,8.770,Fairway,airborne,-0.001,0
415,1.7287,-1.157,18.731,16.364,-4.392,9.977,8.753,Fairway,airborne,-0.002,0
416,1.7329,-1.234,18.712,16.334,-4.429,9.975,8.737,Fairway,airborne,-0.002,0
417,1.7371,-1.310,18.694,16.304,-4.466,9.973,8.720,Fairway,airborne,-0.002,0
418,1.7412,-1.387,18.675,16.274,-4.503,9.972,8.703,Fairway,airborne,-0.001,0
419,1.7454,-1.463,18.656,16.245,-4.540,9.970,8.686,Fairway,airborne,-0.001,0
420,1.7496,-1.539,18.637,16.215,-4.577,9.969,8.668,Fairway,airborne,-0.002,0
421,1.7537,-1.616,18.618,16.185,-4.614,9.967,8.651,Fairway,airborne,-0.002,0
422,1.7579,-1.692,18.599,16.155,-4.650,9.966,8.633,Fairway,airborne,-0.001,0
423,1.7621,-1.768,18.579,16.125,-4.687,9.964,8.615,Fairway,airborne,-0.002,0
424,1.7662,-1.844,18.560,16.096,-4.724,9.963,8.597,Fairway,airborne,-0.001,0
425,1.7704,-1.920,18.540,16.066,-4.761,9.961,8.579,Fairway,airborne,-0.002,0
426,1.7746,-1.996,18.520,16.036,-4.798,9.959,8.561,Fairway,airborne,-0.002,0
427,1.7787,-2.072,18.500,16.007,-4.834,9.958,8.542,Fairway,airborne,-0.001,0
428,1.7829,-2.148,18.480,15.977,-4.871,9.956,8.524,Fairway,airborne,-0.002,0
429,1.7871,-2.223,18.460,15.947,-4.908,9.955,8.505,Fairway,airborne,-0.001,0
430,1.7912,-2.299,18.439,15.918,-4.944,9.953,8.486,Fairway,airborne,-0.002,0
431,1.7954,-2.375,18.418,15.888,-4.981,9.951,8.468,Fairway,airborne,-0.002,0
432,1.7996,-2.450,18.398,15.859,-5.017,9.949,8.449,Fairway,airborne,-0.002,0
433,1.8037,-2.526,18.377,15.829,-5.054,9.947,8.430,Fairway,airborne,-0.002,0
434,1.8079,-2.601,18.355,15.800,-5.090,9.945,8.410,Fairway,airborne,-0.001,0
435,1.8121,-2.676,18.334,15.770,-5.127,9.944,8.390,Fairway,airborne,-0.002,0
436,1.8162,-2.752,18.313,15.741,-5.163,9.942,8.370,Fairway,airborne,-0.001,0
437,1.8204,-2.827,18.291,15.711,-5.200,9.941,8.350,Fairway,airborne,-0.002,0
438,1.8246,-2.902,18.269,15.682,-5.236,9.939,8.330,Fairway,airborne,-0.001,0
439,1.8287,-2.977,18.248,15.652,-5.273,9.938,8.310,Fairway,airborne,-0.001,0
440,1.8329,-3.052,18.226,15.623,-5.309,9.936,8.289,Fairway,airborne,-0.002,0
441,1.8371,-3.127,18.203,15.594,-5.345,9.935,8.269,Fairway,airborne,-0.002,0
442,1.8412,-3.202,18.181,15.564,-5.382,9.933,8.248,Fairway,airborne,-0.002,0
443,1.8454,-3.277,18.159,15.535,-5.418,9.931,8.228,Fairway,airborne,-0.002,0
444,1.8495,-3.351,18.136,15.506,-5.454,9.929,8.207,Fairway,airborne,-0.002,0
445,1.8537,-3.426,18.113,15.477,-5.490,9.927,8.186,Fairway,airborne,-0.002,0
446,1.8579,-3.501,18.090,15.447,-5.526,9.925,8.165,Fairway,airborne,-0.002,0
447,1.8620,-3.575,18.067,15.418,-5.563,9.923,8.144,Fairway,airborne,-0.002,0
448,1.8662,-3.650,18.044,15.389,-5.599,9.921,8.123,Fairway,airborne,-0.002,0
449,1.8704,-3.724,18.020,15.360,-5.635,9.920,8.101,Fairway,airborne,-0.002,0
450,1.8745,-3.799,17.997,15.331,-5.671,9.918,8.079,Fairway,airborne,-0.001,0
451,1.8787,-3.873,17.973,15.302,-5.707,9.917,8.056,Fairway,airborne,-0.001,0
452,1.8829,-3.947,17.949,15.273,-5.743,9.915,8.034,Fairway,airborne,-0.002,0
453,1.8870,-4.021,17.925,15.244,-5.779,9.913,8.012,Fairway,airborne,-0.002,0
454,1.8912,-4.096,17.901,15.215,-5.815,9.911,7.990,Fairway,airborne,-0.002,0
455,1.8954,-4.170,17.877,15.186,-5.851,9.910,7.967,Fairway,airborne,-0.002,0
456,1.8995,-4.244,17.852,15.157,-5.887,9.908,7.945,Fairway,airborne,-0.002,0
457,1.9037,-4.318,17.828,15.128,-5.922,9.906,7.922,Fairway,airborne,-0.002,0
458,1.9079,-4.391,17.803,15.099,-5.958,9.905,7.898,Fairway,airborne,-0.001,0
459,1.9120,-4.465,17.778,15.070,-5.994,9.903,7.875,Fairway,airborne,-0.001,0
460,1.9162,-4.539,17.753,15.041,-6.030,9.902,7.852,Fairway,airborne,-0.002,0
461,1.9204,-4.613,17.728,15.012,-6.066,9.900,7.828,Fairway,airborne,-0.002,0
462,1.9245,-4.686,17.703,14.984,-6.101,9.898,7.805,Fairway,airborne,-0.002,0
463,1.9287,-4.760,17.677,14.955,-6.137,9.896,7.781,Fairway,airborne,-0.002,0
464,1.9329,-4.833,17.652,14.926,-6.173,9.894,7.757,Fairway,airborne,-0.002,0
465,1.9370,-4.907,17.626,14.897,-6.208,9.892,7.734,Fairway,airborne,-0.002,0
466,1.9412,-4.980,17.600,14.869,-6.244,9.890,7.710,Fairway,airborne,-0.002,0
467,1.9454,-5.054,17.574,14.840,-6.280,9.889,7.685,Fairway,airborne,-0.002,0
468,1.9495,-5.127,17.548,14.811,-6.315,9.887,7.661,Fairway,airborne,-0.002,0
469,1.9537,-5.200,17.521,14.783,-6.351,9.885,7.636,Fairway,airborne,-0.002,0
470,1.9579,-5.273,17.495,14.754,-6.386,9.883,7.611,Fairway,airborne,-0.002,0
471,1.9620,-5.346,17.468,14.725,-6.422,9.882,7.586,Fairway,airborne,-0.002,0
472,1.9662,-5.419,17.441,14.697,-6.457,9.880,7.561,Fairway,airborne,-0.002,0
473,1.9704,-5.492,17.414,14.668,-6.492,9.878,7.536,Fairway,airborne,-0.002,0
474,1.9745,-5.565,17.387,14.640,-6.528,9.876,7.511,Fairway,airborne,-0.002,0
475,1.9787,-5.638,17.360,14.611,-6.563,9.874,7.486,Fairway,airborne,-0.002,0
476,1.9828,-5.711,17.332,14.583,-6.599,9.872,7.460,Fairway,airborne,-0.002,0
477,1.9870,-5.783,17.305,14.554,-6.634,9.870,7.434,Fairway,airborne,-0.002,0
478,1.9912,-5.856,17.277,14.526,-6.669,9.868,7.409,Fairway,airborne,-0.002,0
479,1.9953,-5.929,17.249,14.498,-6.704,9.867,7.383,Fairway,airborne,-0.002,0
480,1.9995,-6.001,17.221,14.469,-6.740,9.865,7.356,Fairway,airborne,-0.002,0
481,2.0037,-6.074,17.193,14.441,-6.775,9.863,7.330,Fairway,airborne,-0.002,0
482,2.0078,-6.146,17.165,14.413,-6.810,9.861,7.304,Fairway,airborne,-0.002,0
483,2.0120,-6.218,17.136,14.384,-6.845,9.859,7.277,Fairway,airborne,-0.002,0
484,2.0162,-6.291,17.108,14.356,-6.880,9.858,7.250,Fairway,airborne,-0.001,0
485,2.0203,-6.363,17.079,14.328,-6.915,9.856,7.223,Fairway,airborne,-0.001,0
486,2.0245,-6.435,17.050,14.299,-6.950,9.855,7.196,Fairway,airborne,-0.002,0
487,2.0287,-6.507,17.021,14.271,-6.985,9.853,7.169,Fairway,airborne,-0.002,0
488,2.0328,-6.579,16.992,14.243,-7.020,9.851,7.141,Fairway,airborne,-0.002,0
489,2.0370,-6.651,16.963,14.215,-7.055,9.849,7.114,Fairway,airborne,-0.002,0
490,2.0412,-6.723,16.933,14.187,-7.090,9.847,7.086,Fairway,airborne,-0.002,0
491,2.0453,-6.795,16.904,14.159,-7.125,9.845,7.058,Fairway,airborne,-0.002,0
492,2.0495,-6.867,16.874,14.131,-7.160,9.843,7.031,Fairway,airborne,-0.002,0
493,2.0537,-6.939,16.844,14.102,-7.195,9.841,7.003,Fairway,airborne,-0.002,0
494,2.0578,-7.010,16.814,14.074,-7.230,9.839,6.975,Fairway,airborne,-0.002,0
495,2.0620,-7.082,16.784,14.046,-7.265,9.837,6.947,Fairway,airborne,-0.002,0
496,2.0662,-7.153,16.753,14.018,-7.299,9.835,6.919,Fairway,airborne,-0.002,0
497,2.0703,-7.225,16.723,13.990,-7.334,9.833,6.890,Fairway,airborne,-0.002,0
498,2.0745,-7.296,16.692,13.963,-7.369,9.832,6.860,Fairway,airborne,-0.001,0
499,2.0787,-7.368,16.662,13.935,-7.404,9.830,6.831,Fairway,airborne,-0.002,0
500,2.0828,-7.439,16.631,13.907,-7.438,9.828,6.802,Fairway,airborne,-0.002,0
501,2.0870,-7.510,16.600,13.879,-7.473,9.826,6.774,Fairway,airborne,-0.002,0
502,2.0912,-7.582,16.568,13.851,-7.507,9.824,6.745,Fairway,airborne,-0.002,0
503,2.0953,-7.653,16.537,13.823,-7.542,9.822,6.715,Fairway,airborne,-0.002,0
504,2.0995,-7.724,16.506,13.795,-7.577,9.820,6.686,Fairway,airborne,-0.002,0
505,2.1037,-7.795,16.474,13.768,-7.611,9.818,6.656,Fairway,airborne,-0.002,0
506,2.1078,-7.866,16.442,13.740,-7.646,9.817,6.626,Fairway,airborne,-0.002,0
507,2.1120,-7.937,16.410,13.712,-7.680,9.814,6.596,Fairway,airborne,-0.002,0
508,2.1162,-8.008,16.378,13.684,-7.714,9.812,6.566,Fairway,airborne,-0.002,0
509,2.1203,-8.078,16.346,13.657,-7.749,9.810,6.536,Fairway,airborne,-0.002,0
510,2.1245,-8.149,16.314,13.629,-7.783,9.808,6.506,Fairway,airborne,-0.002,0
511,2.1286,-8.220,16.281,13.601,-7.818,9.806,6.476,Fairway,airborne,-0.002,0
512,2.1328,-8.290,16.249,13.574,-7.852,9.804,6.445,Fairway,airborne,-0.002,0
513,2.1370,-8.361,16.216,13.546,-7.886,9.802,6.414,Fairway,airborne,-0.002,0
514,2.1411,-8.431,16.183,13.518,-7.921,9.801,6.382,Fairway,airborne,-0.002,0
515,2.1453,-8.502,16.150,13.491,-7.955,9.798,6.351,Fairway,airborne,-0.002,0
516,2.1495,-8.572,16.117,13.463,-7.989,9.796,6.320,Fairway,airborne,-0.002,0
517,2.1536,-8.643,16.083,13.436,-8.023,9.795,6.288,Fairway,airborne,-0.002,0
518,2.1578,-8.713,16.050,13.408,-8.057,9.793,6.257,Fairway,airborne,-0.002,0
519,2.1620,-8.783,16.016,13.381,-8.091,9.791,6.225,Fairway,airborne,-0.002,0
520,2.1661,-8.853,15.982,13.353,-8.126,9.789,6.193,Fairway,airborne,-0.002,0
521,2.1703,-8.923,15.948,13.326,-8.160,9.787,6.162,Fairway,airborne,-0.002,0
522,2.1745,-8.993,15.914,13.299,-8.194,9.785,6.130,Fairway,airborne,-0.002,0
523,2.1786,-9.063,15.880,13.271,-8.228,9.782,6.098,Fairway,airborne,-0.002,0
524,2.1828,-9.133,15.846,13.244,-8.262,9.780,6.066,Fairway,airborne,-0.002,0
525,2.1870,-9.203,15.811,13.217,-8.296,9.778,6.033,Fairway,airborne,-0.002,0
526,2.1911,-9.273,15.777,13.189,-8.330,9.776,6.001,Fairway,airborne,-0.002,0
527,2.1953,-9.343,15.742,13.162,-8.363,9.774,5.968,Fairway,airborne,-0.002,0
528,2.1995,-9.412,15.707,13.135,-8.397,9.772,5.935,Fairway,airborne,-0.002,0
529,2.2036,-9.482,15.672,13.107,-8.431,9.771,5.902,Fairway,airborne,-0.002,0
530,2.2078,-9.552,15.637,13.080,-8.465,9.769,5.868,Fairway,airborne,-0.002,0
531,2.2120,-9.621,15.602,13.053,-8.499,9.767,5.835,Fairway,airborne,-0.002,0
532,2.2161,-9.691,15.566,13.026,-8.532,9.764,5.802,Fairway,airborne,-0.002,0
533,2.2203,-9.760,15.531,12.999,-8.566,9.762,5.768,Fairway,airborne,-0.002,0
534,2.2245,-9.829,15.495,12.972,-8.600,9.760,5.735,Fairway,airborne,-0.002,0
535,2.2286,-9.899,15.459,12.944,-8.634,9.758,5.701,Fairway,airborne,-0.002,0
536,2.2328,-9.968,15.423,12.917,-8.667,9.756,5.667,Fairway,airborne,-0.002,0
537,2.2370,-10.037,15.387,12.890,-8.701,9.754,5.633,Fairway,airborne,-0.002,0
538,2.2411,-10.106,15.350,12.863,-8.734,9.752,5.599,Fairway,airborne,-0.002,0
539,2.2453,-10.175,15.314,12.836,-8.768,9.750,5.564,Fairway,airborne,-0.002,0
540,2.2495,-10.244,15.277,12.809,-8.801,9.748,5.529,Fairway,airborne,-0.002,0
541,2.2536,-10.313,15.241,12.782,-8.835,9.746,5.494,Fairway,airborne,-0.002,0
542,2.2578,-10.382,15.204,12.755,-8.868,9.745,5.459,Fairway,airborne,-0.002,0
543,2.2619,-10.451,15.167,12.728,-8.902,9.742,5.424,Fairway,airborne,-0.002,0
544,2.2661,-10.520,15.130,12.702,-8.935,9.740,5.389,Fairway,airborne,-0.002,0
545,2.2703,-10.588,15.092,12.675,-8.969,9.738,5.354,Fairway,airborne,-0.002,0
546,2.2744,-10.657,15.055,12.648,-9.002,9.736,5.319,Fairway,airborne,-0.002,0
547,2.2786,-10.725,15.017,12.621,-9.035,9.734,5.284,Fairway,airborne,-0.002,0
548,2.2828,-10.794,14.980,12.594,-9.069,9.732,5.248,Fairway,airborne,-0.002,0
549,2.2869,-10.862,14.942,12.567,-9.102,9.730,5.212,Fairway,airborne,-0.002,0
550,2.2911,-10.931,14.904,12.541,-9.135,9.727,5.176,Fairway,airborne,-0.002,0
551,2.2953,-10.999,14.866,12.514,-9.168,9.725,5.141,Fairway,airborne,-0.002,0
552,2.2994,-11.068,14.827,12.487,-9.201,9.723,5.104,Fairway,airborne,-0.002,0
553,2.3036,-11.136,14.789,12.460,-9.235,9.721,5.068,Fairway,airborne,-0.002,0
554,2.3078,-11.204,14.750,12.434,-9.268,9.719,5.032,Fairway,airborne,-0.002,0
555,2.3119,-11.272,14.712,12.407,-9.301,9.717,4.995,Fairway,airborne,-0.002,0
556,2.3161,-11.340,14.673,12.380,-9.334,9.715,4.958,Fairway,airborne,-0.002,0
557,2.3203,-11.408,14.634,12.354,-9.367,9.713,4.921,Fairway,airborne,-0.002,0
558,2.3244,-11.476,14.595,12.327,-9.400,9.710,4.885,Fairway,airborne,-0.002,0
559,2.3286,-11.544,14.556,12.301,-9.433,9.708,4.848,Fairway,airborne,-0.002,0
560,2.3328,-11.612,14.516,12.274,-9.466,9.706,4.810,Fairway,airborne,-0.002,0
561,2.3369,-11.680,14.477,12.248,-9.499,9.704,4.773,Fairway,airborne,-0.002,0
562,2.3411,-11.747,14.437,12.221,-9.531,9.702,4.735,Fairway,airborne,-0.002,0
563,2.3453,-11.815,14.398,12.195,-9.564,9.700,4.698,Fairway,airborne,-0.002,0
564,2.3494,-11.883,14.358,12.168,-9.597,9.698,4.660,Fairway,airborne,-0.002,0
565,2.3536,-11.950,14.318,12.142,-9.630,9.696,4.622,Fairway,airborne,-0.002,0
566,2.3578,-12.018,14.277,12.115,-9.663,9.694,4.584,Fairway,airborne,-0.002,0
567,2.3619,-12.085,14.237,12.089,-9.695,9.692,4.545,Fairway,airborne,-0.002,0
568,2.3661,-12.153,14.197,12.063,-9.728,9.690,4.507,Fairway,airborne,-0.002,0
569,2.3703,-12.220,14.156,12.036,-9.761,9.688,4.468,Fairway,airborne,-0.002,0
570,2.3744,-12.287,14.115,12.010,-9.793,9.686,4.430,Fairway,airborne,-0.002,0
571,2.3786,-12.355,14.074,11.984,-9.826,9.683,4.391,Fairway,airborne,-0.003,0
572,2.3828,-12.422,14.033,11.957,-9.859,9.681,4.352,Fairway,airborne,-0.002,0
573,2.3869,-12.489,13.992,11.931,-9.891,9.679,4.314,Fairway,airborne,-0.002,0
574,2.3911,-12.556,13.951,11.905,-9.924,9.677,4.275,Fairway,airborne,-0.002,0
575,2.3952,-12.623,13.910,11.879,-9.956,9.675,4.235,Fairway,airborne,-0.002,0
576,2.3994,-12.690,13.868,11.852,-9.989,9.672,4.196,Fairway,airborne,-0.002,0
577,2.4036,-12.757,13.826,11.826,-10.021,9.670,4.156,Fairway,airborne,-0.002,0
578,2.4077,-12.824,13.785,11.800,-10.053,9.668,4.117,Fairway,airborne,-0.002,0
579,2.4119,-12.890,13.743,11.774,-10.086,9.666,4.077,Fairway,airborne,-0.002,0
580,2.4161,-12.957,13.701,11.748,-10.118,9.664,4.037,Fairway,airborne,-0.002,0
581,2.4202,-13.024,13.658,11.722,-10.150,9.662,3.996,Fairway,airborne,-0.002,0
582,2.4244,-13.090,13.616,11.696,-10.183,9.660,3.956,Fairway,airborne,-0.002,0
583,2.4286,-13.157,13.574,11.670,-10.215,9.658,3.916,Fairway,airborne,-0.002,0
584,2.4327,-13.223,13.531,11.644,-10.247,9.656,3.875,Fairway,airborne,-0.002,0
585,2.4369,-13.290,13.488,11.618,-10.279,9.653,3.835,Fairway,airborne,-0.002,0
586,2.4411,-13.356,13.445,11.592,-10.311,9.651,3.794,Fairway,airborne,-0.002,0
587,2.4452,-13.423,13.402,11.566,-10.344,9.649,3.754,Fairway,airborne,-0.002,0
588,2.4494,-13.489,13.359,11.540,-10.376,9.646,3.713,Fairway,airborne,-0.002,0
589,2.4536,-13.555,13.316,11.514,-10.408,9.644,3.672,Fairway,airborne,-0.002,0
590,2.4577,-13.621,13.273,11.488,-10.440,9.642,3.631,Fairway,airborne,-0.002,0
591,2.4619,-13.687,13.229,11.462,-10.472,9.640,3.589,Fairway,airborne,-0.002,0
592,2.4661,-13.753,13.185,11.436,-10.504,9.638,3.547,Fairway,airborne,-0.002,0
593,2.4702,-13.819,13.141,11.410,-10.536,9.636,3.506,Fairway,airborne,-0.002,0
594,2.4744,-13.885,13.098,11.385,-10.568,9.634,3.464,Fairway,airborne,-0.002,0
595,2.4786,-13.951,13.053,11.359,-10.599,9.632,3.422,Fairway,airborne,-0.002,0
596,2.4827,-14.017,13.009,11.333,-10.631,9.630,3.380,Fairway,airborne,-0.002,0
597,2.4869,-14.083,12.965,11.307,-10.663,9.628,3.337,Fairway,airborne,-0.002,0
598,2.4911,-14.148,12.920,11.282,-10.695,9.625,3.295,Fairway,airborne,-0.003,0
599,2.4952,-14.214,12.876,11.256,-10.727,9.623,3.253,Fairway,airborne,-0.002,0
600,2.4994,-14.280,12.831,11.230,-10.758,9.620,3.211,Fairway,airborne,-0.003,0
601,2.5036,-14.345,12.786,11.205,-10.790,9.618,3.168,Fairway,airborne,-0.002,0
602,2.5077,-14.411,12.741,11.179,-10.822,9.615,3.126,Fairway,airborne,-0.003,0
603,2.5119,-14.476,12.696,11.153,-10.853,9.613,3.083,Fairway,airborne,-0.002,0
604,2.5161,-14.542,12.651,11.128,-10.885,9.611,3.040,Fairway,airborne,-0.002,0
605,2.5202,-14.607,12.605,11.102,-10.916,9.608,2.997,Fairway,airborne,-0.003,0
606,2.5244,-14.672,12.560,11.077,-10.948,9.606,2.953,Fairway,airborne,-0.002,0
607,2.5285,-14.737,12.514,11.051,-10.979,9.604,2.910,Fairway,airborne,-0.002,0
608,2.5327,-14.802,12.468,11.026,-11.011,9.602,2.866,Fairway,airborne,-0.002,0
609,2.5369,-14.868,12.422,11.000,-11.042,9.600,2.822,Fairway,airborne,-0.002,0
610,2.5410,-14.933,12.376,10.975,-11.074,9.598,2.779,Fairway,airborne,-0.002,0
611,2.5452,-14.998,12.330,10.949,-11.105,9.596,2.735,Fairway,airborne,-0.002,0
612,2.5494,-15.063,12.284,10.924,-11.136,9.593,2.691,Fairway,airborne,-0.002,0
613,2.5535,-15.127,12.237,10.899,-11.168,9.591,2.646,Fairway,airborne,-0.002,0
614,2.5577,-15.192,12.191,10.873,-11.199,9.590,2.601,Fairway,airborne,-0.002,0
615,2.5619,-15.257,12.144,10.848,-11.230,9.587,2.557,Fairway,airborne,-0.002,0
616,2.5660,-15.322,12.097,10.823,-11.261,9.585,2.512,Fairway,airborne,-0.002,0
617,2.5702,-15.386,12.050,10.797,-11.292,9.583,2.468,Fairway,airborne,-0.002,0
618,2.5744,-15.451,12.003,10.772,-11.324,9.580,2.423,Fairway,airborne,-0.002,0
619,2.5785,-15.515,11.956,10.747,-11.355,9.578,2.378,Fairway,airborne,-0.002,0
620,2.5827,-15.580,11.909,10.722,-11.386,9.576,2.332,Fairway,airborne,-0.002,0
621,2.5869,-15.644,11.861,10.696,-11.417,9.574,2.287,Fairway,airborne,-0.002,0
622,2.5910,-15.709,11.813,10.671,-11.448,9.572,2.241,Fairway,airborne,-0.002,0
623,2.5952,-15.773,11.766,10.646,-11.479,9.570,2.196,Fairway,airborne,-0.002,0
624,2.5994,-15.837,11.718,10.621,-11.510,9.568,2.150,Fairway,airborne,-0.002,0
625,2.6035,-15.902,11.670,10.596,-11.541,9.565,2.104,Fairway,airborne,-0.002,0
626,2.6077,-15.966,11.622,10.571,-11.572,9.563,2.059,Fairway,airborne,-0.002,0
627,2.6119,-16.030,11.573,10.546,-11.602,9.561,2.013,Fairway,airborne,-0.003,0
628,2.6160,-16.094,11.525,10.520,-11.633,9.558,1.967,Fairway,airborne,-0.002,0
629,2.6202,-16.158,11.477,10.495,-11.664,9.556,1.921,Fairway,airborne,-0.002,0
630,2.6244,-16.222,11.428,10.470,-11.695,9.554,1.874,Fairway,airborne,-0.002,0
631,2.6285,-16.286,11.379,10.445,-11.725,9.551,1.828,Fairway,airborne,-0.002,0
632,2.6327,-16.350,11.330,10.420,-11.756,9.549,1.781,Fairway,airborne,-0.002,0
633,2.6369,-16.413,11.281,10.396,-11.787,9.547,1.734,Fairway,airborne,-0.002,0
634,2.6410,-16.477,11.232,10.371,-11.817,9.545,1.687,Fairway,airborne,-0.002,0
635,2.6452,-16.541,11.183,10.346,-11.848,9.543,1.640,Fairway,airborne,-0.002,0
636,2.6494,-16.604,11.133,10.321,-11.878,9.541,1.592,Fairway,airborne,-0.002,0
637,2.6535,-16.668,11.084,10.296,-11.909,9.539,1.545,Fairway,airborne,-0.002,0
638,2.6577,-16.731,11.034,10.271,-11.939,9.537,1.498,Fairway,airborne,-0.002,0
639,2.6619,-16.795,10.984,10.246,-11.970,9.534,1.450,Fairway,airborne,-0.003,0
640,2.6660,-16.858,10.934,10.221,-12.000,9.532,1.403,Fairway,airborne,-0.002,0
641,2.6702,-16.921,10.884,10.197,-12.031,9.529,1.355,Fairway,airborne,-0.002,0
642,2.6743,-16.985,10.834,10.172,-12.061,9.527,1.307,Fairway,airborne,-0.002,0
643,2.6785,-17.048,10.784,10.147,-12.091,9.525,1.259,Fairway,airborne,-0.003,0
644,2.6827,-17.111,10.733,10.122,-12.122,9.522,1.211,Fairway,airborne,-0.002,0
645,2.6868,-17.174,10.683,10.098,-12.152,9.520,1.163,Fairway,airborne,-0.002,0
646,2.6910,-17.237,10.632,10.073,-12.182,9.518,1.114,Fairway,airborne,-0.002,0
647,2.6952,-17.300,10.581,10.048,-12.212,9.516,1.066,Fairway,airborne,-0.002,0
648,2.6993,-17.363,10.530,10.024,-12.242,9.513,1.017,Fairway,airborne,-0.002,0
649,2.7035,-17.426,10.479,9.999,-12.273,9.511,0.969,Fairway,airborne,-0.003,0
650,2.7077,-17.489,10.428,9.975,-12.303,9.508,0.920,Fairway,airborne,-0.002,0
651,2.7118,-17.552,10.377,9.950,-12.333,9.506,0.871,Fairway,airborne,-0.002,0
652,2.7160,-17.614,10.326,9.926,-12.363,9.504,0.821,Fairway,airborne,-0.002,0
653,2.7202,-17.677,10.274,9.901,-12.393,9.502,0.772,Fairway,airborne,-0.002,0
654,2.7243,-17.740,10.222,9.877,-12.423,9.500,0.723,Fairway,airborne,-0.002,0
655,2.7285,-17.802,10.170,9.852,-12.453,9.497,0.673,Fairway,airborne,-0.002,0
656,2.7327,-17.865,10.119,9.828,-12.482,9.496,0.623,Fairway,airborne,-0.002,0
657,2.7368,-17.927,10.067,9.803,-12.512,9.494,0.573,Fairway,airborne,-0.002,0
658,2.7410,-17.990,10.014,9.779,-12.542,9.492,0.523,Fairway,airborne,-0.002,0
659,2.7452,-18.052,9.962,9.754,-12.572,9.489,0.473,Fairway,airborne,-0.002,0
660,2.7493,-18.114,9.910,9.730,-12.602,9.487,0.422,Fairway,airborne,-0.002,0
661,2.7535,-18.176,9.857,9.706,-12.631,9.485,0.372,Fairway,airborne,-0.002,0
662,2.7577,-18.239,9.804,9.681,-12.661,9.483,0.322,Fairway,airborne,-0.002,0
663,2.7618,-18.301,9.752,9.657,-12.691,9.480,0.271,Fairway,airborne,-0.002,0
664,2.7660,-18.363,9.699,9.633,-12.720,9.478,0.221,Fairway,airborne,-0.002,0
665,2.7702,-18.425,9.646,9.608,-12.750,9.476,0.170,Fairway,airborne,-0.002,0
666,2.7743,-18.487,9.592,9.584,-12.779,9.473,0.119,Fairway,airborne,-0.002,0
667,2.7785,-18.549,9.539,9.560,-12.809,9.471,0.068,Fairway,airborne,-0.002,0
668,2.7827,-18.611,9.486,9.536,-12.838,9.469,0.017,Fairway,airborne,-0.002,0
669,2.7841,-18.632,9.467,9.527,-12.849,9.468,-0.001,Fairway,roll,-0.001,0
670,2.7883,-18.660,9.493,9.516,6.381,9.467,0.026,Fairway,roll,-0.001,0
671,2.7925,-18.688,9.520,9.505,6.337,9.466,0.054,Fairway,roll,-0.001,0
672,2.7966,-18.716,9.546,9.495,6.293,9.465,0.081,Fairway,roll,-0.001,0
673,2.8008,-18.744,9.572,9.484,6.250,9.464,0.108,Fairway,roll,-0.001,0
674,2.8050,-18.771,9.598,9.473,6.206,9.463,0.135,Fairway,roll,-0.001,0
675,2.8091,-18.799,9.624,9.462,6.163,9.462,0.162,Fairway,roll,-0.001,0
676,2.8133,-18.827,9.650,9.451,6.119,9.461,0.189,Fairway,roll,-0.001,0
677,2.8175,-18.855,9.675,9.440,6.076,9.460,0.215,Fairway,roll,-0.001,0
678,2.8216,-18.882,9.700,9.429,6.032,9.459,0.241,Fairway,roll,-0.001,0
679,2.8258,-18.910,9.725,9.419,5.989,9.458,0.267,Fairway,roll,-0.001,0
680,2.8300,-18.938,9.750,9.408,5.946,9.457,0.293,Fairway,roll,-0.001,0
681,2.8341,-18.965,9.775,9.397,5.902,9.456,0.319,Fairway,roll,-0.001,0
682,2.8383,-18.993,9.799,9.386,5.859,9.455,0.344,Fairway,roll,-0.001,0
683,2.8425,-19.021,9.823,9.375,5.816,9.454,0.370,Fairway,roll,-0.001,0
684,2.8466,-19.048,9.848,9.365,5.773,9.453,0.395,Fairway,roll,-0.001,0
685,2.8508,-19.076,9.872,9.354,5.729,9.452,0.420,Fairway,roll,-0.001,0
686,2.8550,-19.103,9.895,9.343,5.686,9.451,0.444,Fairway,roll,-0.001,0
687,2.8591,-19.131,9.919,9.332,5.643,9.450,0.469,Fairway,roll,-0.001,0
688,2.8633,-19.159,9.942,9.321,5.600,9.449,0.494,Fairway,roll,-0.001,0
689,2.8674,-19.186,9.966,9.311,5.557,9.448,0.518,Fairway,roll,-0.001,0
690,2.8716,-19.214,9.989,9.300,5.514,9.447,0.542,Fairway,roll,-0.001,0
691,2.8758,-19.241,10.011,9.289,5.471,9.446,0.566,Fairway,roll,-0.001,0
692,2.8799,-19.269,10.034,9.278,5.428,9.445,0.589,Fairway,roll,-0.001,0
693,2.8841,-19.296,10.057,9.267,5.385,9.444,0.613,Fairway,roll,-0.001,0
694,2.8883,-19.324,10.079,9.257,5.342,9.443,0.636,Fairway,roll,-0.001,0
695,2.8924,-19.351,10.101,9.246,5.299,9.442,0.660,Fairway,roll,-0.001,0
696,2.8966,-19.379,10.123,9.235,5.256,9.441,0.682,Fairway,roll,-0.001,0
697,2.9008,-19.406,10.145,9.224,5.214,9.440,0.705,Fairway,roll,-0.001,0
698,2.9049,-19.434,10.167,9.214,5.171,9.439,0.728,Fairway,roll,-0.001,0
699,2.9091,-19.461,10.188,9.203,5.128,9.438,0.750,Fairway,roll,-0.001,0
700,2.9133,-19.489,10.209,9.192,5.085,9.437,0.772,Fairway,roll,-0.001,0
701,2.9174,-19.516,10.230,9.181,5.043,9.436,0.794,Fairway,roll,-0.001,0
702,2.9216,-19.544,10.251,9.171,5.000,9.436,0.816,Fairway,roll,-0.001,0
703,2.9258,-19.571,10.272,9.160,4.957,9.435,0.837,Fairway,roll,-0.001,0
704,2.9299,-19.599,10.293,9.149,4.915,9.434,0.859,Fairway,roll,-0.001,0
705,2.9341,-19.626,10.313,9.138,4.872,9.433,0.880,Fairway,roll,-0.001,0
706,2.9383,-19.654,10.333,9.128,4.830,9.432,0.901,Fairway,roll,-0.001,0
707,2.9424,-19.681,10.353,9.117,4.787,9.431,0.922,Fairway,roll,-0.001,0
708,2.9466,-19.708,10.373,9.106,4.744,9.430,0.943,Fairway,roll,-0.001,0
709,2.9508,-19.736,10.393,9.096,4.702,9.429,0.964,Fairway,roll,-0.001,0
710,2.9549,-19.763,10.412,9.085,4.660,9.428,0.984,Fairway,roll,-0.001,0
711,2.9591,-19.790,10.431,9.074,4.617,9.427,1.004,Fairway,roll,-0.001,0
712,2.9633,-19.818,10.451,9.064,4.575,9.426,1.025,Fairway,roll,-0.001,0
713,2.9674,-19.845,10.470,9.053,4.532,9.425,1.044,Fairway,roll,-0.001,0
714,2.9716,-19.872,10.488,9.042,4.490,9.424,1.064,Fairway,roll,-0.001,0
715,2.9758,-19.900,10.507,9.031,4.447,9.423,1.084,Fairway,roll,-0.001,0
716,2.9799,-19.927,10.525,9.021,4.405,9.422,1.103,Fairway,roll,-0.001,0
717,2.9841,-19.954,10.544,9.010,4.363,9.421,1.123,Fairway,roll,-0.001,0
718,2.9883,-19.982,10.562,8.999,4.321,9.420,1.142,Fairway,roll,-0.001,0
719,2.9924,-20.009,10.580,8.989,4.278,9.419,1.161,Fairway,roll,-0.001,0
720,2.9966,-20.036,10.597,8.978,4.236,9.418,1.180,Fairway,roll,-0.001,0
721,3.0007,-20.063,10.615,8.967,4.194,9.417,1.198,Fairway,roll,-0.001,0
722,3.0049,-20.091,10.632,8.957,4.152,9.415,1.217,Fairway,roll,-0.001,0
723,3.0091,-20.118,10.649,8.946,4.109,9.414,1.235,Fairway,roll,-0.001,0
724,3.0132,-20.145,10.667,8.935,4.067,9.413,1.253,Fairway,roll,-0.001,0
725,3.0174,-20.172,10.683,8.925,4.025,9.412,1.271,Fairway,roll,-0.001,0
726,3.0216,-20.200,10.700,8.914,3.983,9.411,1.289,Fairway,roll,-0.001,0
727,3.0257,-20.227,10.717,8.903,3.941,9.410,1.307,Fairway,roll,-0.001,0
728,3.0299,-20.254,10.733,8.893,3.899,9.409,1.324,Fairway,roll,-0.001,0
729,3.0341,-20.281,10.749,8.882,3.857,9.408,1.341,Fairway,roll,-0.001,0
730,3.0382,-20.308,10.765,8.872,3.814,9.407,1.358,Fairway,roll,-0.001,0
731,3.0424,-20.336,10.781,8.861,3.771,9.407,1.374,Fairway,roll,-0.001,0
732,3.0466,-20.363,10.796,8.850,3.727,9.406,1.391,Fairway,roll,-0.001,0
733,3.0507,-20.390,10.812,8.840,3.684,9.405,1.407,Fairway,roll,-0.001,0
734,3.0549,-20.417,10.827,8.829,3.641,9.404,1.423,Fairway,roll,-0.001,0
735,3.0591,-20.444,10.842,8.818,3.598,9.403,1.439,Fairway,roll,-0.001,0
736,3.0632,-20.471,10.857,8.808,3.555,9.402,1.455,Fairway,roll,-0.001,0
737,3.0674,-20.498,10.872,8.797,3.512,9.401,1.471,Fairway,roll,-0.001,0
738,3.0716,-20.525,10.886,8.787,3.469,9.400,1.486,Fairway,roll,-0.001,0
739,3.0757,-20.552,10.901,8.776,3.426,9.399,1.501,Fairway,roll,-0.001,0
740,3.0799,-20.579,10.915,8.766,3.383,9.398,1.517,Fairway,roll,-0.001,0
741,3.0841,-20.606,10.929,8.755,3.341,9.397,1.532,Fairway,roll,-0.001,0
742,3.0882,-20.633,10.943,8.744,3.298,9.396,1.546,Fairway,roll,-0.001,0
743,3.0924,-20.660,10.956,8.734,3.255,9.395,1.561,Fairway,roll,-0.001,0
744,3.0966,-20.687,10.970,8.723,3.212,9.394,1.575,Fairway,roll,-0.001,0
745,3.1007,-20.714,10.983,8.713,3.170,9.393,1.590,Fairway,roll,-0.001,0
746,3.1049,-20.741,10.996,8.702,3.127,9.392,1.604,Fairway,roll,-0.001,0
747,3.1091,-20.768,11.009,8.692,3.084,9.391,1.618,Fairway,roll,-0.001,0
748,3.1132,-20.795,11.022,8.681,3.042,9.390,1.632,Fairway,roll,-0.001,0
749,3.1174,-20.822,11.034,8.671,2.999,9.389,1.645,Fairway,roll,-0.001,0
750,3.1216,-20.849,11.047,8.660,2.957,9.388,1.659,Fairway,roll,-0.001,0
751,3.1257,-20.876,11.059,8.650,2.914,9.387,1.672,Fairway,roll,-0.001,0
752,3.1299,-20.902,11.071,8.639,2.872,9.386,1.685,Fairway,roll,-0.001,0
753,3.1340,-20.929,11.083,8.629,2.829,9.385,1.698,Fairway,roll,-0.001,0
754,3.1382,-20.956,11.095,8.618,2.787,9.384,1.710,Fairway,roll,-0.001,0
755,3.1424,-20.983,11.106,8.608,2.745,9.383,1.723,Fairway,roll,-0.001,0
756,3.1465,-21.010,11.117,8.597,2.702,9.382,1.735,Fairway,roll,-0.001,0
757,3.1507,-21.036,11.129,8.587,2.660,9.381,1.747,Fairway,roll,-0.001,0
758,3.1549,-21.063,11.140,8.576,2.618,9.380,1.759,Fairway,roll,-0.001,0
759,3.1590,-21.090,11.150,8.566,2.576,9.380,1.771,Fairway,roll,-0.001,0
760,3.1632,-21.117,11.161,8.555,2.533,9.378,1.783,Fairway,roll,-0.001,0
761,3.1674,-21.143,11.171,8.545,2.491,9.377,1.794,Fairway,roll,-0.001,0
762,3.1715,-21.170,11.182,8.534,2.449,9.377,1.805,Fairway,roll,-0.001,0
763,3.1757,-21.197,11.192,8.524,2.407,9.376,1.816,Fairway,roll,-0.001,0
764,3.1799,-21.223,11.202,8.514,2.365,9.375,1.827,Fairway,roll,-0.001,0
765,3.1840,-21.250,11.212,8.503,2.323,9.374,1.838,Fairway,roll,-0.001,0
766,3.1882,-21.277,11.221,8.493,2.281,9.373,1.849,Fairway,roll,-0.001,0
767,3.1924,-21.303,11.231,8.482,2.239,9.372,1.859,Fairway,roll,-0.001,0
768,3.1965,-21.330,11.240,8.472,2.197,9.370,1.869,Fairway,roll,-0.001,0
769,3.2007,-21.356,11.249,8.461,2.155,9.370,1.879,Fairway,roll,-0.001,0
770,3.2049,-21.383,11.258,8.451,2.113,9.369,1.889,Fairway,roll,-0.001,0
771,3.2090,-21.410,11.266,8.441,2.071,9.368,1.899,Fairway,roll,-0.001,0
772,3.2132,-21.436,11.275,8.430,2.029,9.367,1.908,Fairway,roll,-0.001,0
773,3.2174,-21.463,11.283,8.420,1.987,9.366,1.918,Fairway,roll,-0.001,0
774,3.2215,-21.489,11.291,8.410,1.945,9.365,1.927,Fairway,roll,-0.001,0
775,3.2257,-21.516,11.299,8.399,1.904,9.364,1.936,Fairway,roll,-0.001,0
776,3.2299,-21.542,11.307,8.389,1.862,9.363,1.945,Fairway,roll,-0.001,0
777,3.2340,-21.569,11.315,8.378,1.820,9.362,1.953,Fairway,roll,-0.001,0
778,3.2382,-21.595,11.322,8.368,1.778,9.361,1.962,Fairway,roll,-0.001,0
779,3.2424,-21.622,11.330,8.358,1.737,9.360,1.970,Fairway,roll,-0.001,0
780,3.2465,-21.648,11.337,8.347,1.695,9.359,1.978,Fairway,roll,-0.001,0
781,3.2507,-21.675,11.344,8.337,1.653,9.358,1.986,Fairway,roll,-0.001,0
782,3.2549,-21.701,11.351,8.327,1.612,9.357,1.994,Fairway,roll,-0.001,0
783,3.2590,-21.727,11.357,8.316,1.570,9.356,2.001,Fairway,roll,-0.001,0
784,3.2632,-21.754,11.364,8.306,1.528,9.355,2.009,Fairway,roll,-0.001,0
785,3.2673,-21.780,11.370,8.296,1.487,9.354,2.016,Fairway,roll,-0.001,0
786,3.2715,-21.807,11.376,8.285,1.445,9.353,2.023,Fairway,roll,-0.001,0
787,3.2757,-21.833,11.382,8.275,1.404,9.352,2.030,Fairway,roll,-0.001,0
788,3.2798,-21.859,11.388,8.265,1.362,9.351,2.037,Fairway,roll,-0.001,0
789,3.2840,-21.886,11.393,8.254,1.321,9.350,2.043,Fairway,roll,-0.001,0
790,3.2882,-21.912,11.399,8.244,1.279,9.349,2.050,Fairway,roll,-0.001,0
791,3.2923,-21.938,11.404,8.234,1.238,9.348,2.056,Fairway,roll,-0.001,0
792,3.2965,-21.964,11.409,8.224,1.196,9.347,2.062,Fairway,roll,-0.001,0
793,3.3007,-21.991,11.414,8.213,1.155,9.346,2.068,Fairway,roll,-0.001,0
794,3.3048,-22.017,11.419,8.203,1.114,9.345,2.073,Fairway,roll,-0.001,0
795,3.3090,-22.043,11.423,8.193,1.072,9.344,2.079,Fairway,roll,-0.001,0
796,3.3132,-22.070,11.428,8.182,1.031,9.343,2.084,Fairway,roll,-0.001,0
797,3.3173,-22.096,11.432,8.172,0.990,9.342,2.089,Fairway,roll,-0.001,0
798,3.3215,-22.122,11.436,8.162,0.948,9.341,2.094,Fairway,roll,-0.001,0
799,3.3257,-22.148,11.440,8.152,0.907,9.341,2.099,Fairway,roll,-0.001,0
800,3.3298,-22.174,11.443,8.141,0.866,9.340,2.104,Fairway,roll,-0.001,0
801,3.3340,-22.201,11.447,8.131,0.825,9.339,2.108,Fairway,roll,-0.001,0
802,3.3382,-22.227,11.450,8.121,0.783,9.338,2.113,Fairway,roll,-0.001,0
803,3.3423,-22.253,11.453,8.111,0.742,9.337,2.117,Fairway,roll,-0.001,0
804,3.3465,-22.279,11.456,8.100,0.701,9.336,2.121,Fairway,roll,-0.001,0
805,3.3507,-22.305,11.459,8.090,0.660,9.335,2.124,Fairway,roll,-0.001,0
806,3.3548,-22.331,11.462,8.080,0.619,9.334,2.128,Fairway,roll,-0.001,0
807,3.3590,-22.358,11.464,8.070,0.578,9.333,2.131,Fairway,roll,-0.001,0
808,3.3632,-22.384,11.467,8.060,0.537,9.332,2.135,Fairway,roll,-0.001,0
809,3.3673,-22.410,11.469,8.049,0.495,9.331,2.138,Fairway,roll,-0.001,0
810,3.3715,-22.436,11.471,8.039,0.454,9.330,2.141,Fairway,roll,-0.001,0
811,3.3757,-22.462,11.473,8.029,0.413,9.329,2.143,Fairway,roll,-0.001,0
812,3.3798,-22.488,11.474,8.019,0.372,9.328,2.146,Fairway,roll,-0.001,0
813,3.3840,-22.514,11.476,8.008,0.331,9.327,2.148,Fairway,roll,-0.001,0
814,3.3882,-22.540,11.477,7.998,0.290,9.327,2.150,Fairway,roll,-0.001,0
815,3.3923,-22.566,11.478,7.988,0.249,9.326,2.152,Fairway,roll,-0.001,0
816,3.3965,-22.592,11.479,7.978,0.208,9.325,2.154,Fairway,roll,-0.001,0
817,3.4007,-22.618,11.480,7.968,0.167,9.324,2.156,Fairway,roll,-0.001,0
818,3.4048,-22.644,11.480,7.958,0.127,9.323,2.157,Fairway,roll,-0.001,0
819,3.4090,-22.670,11.481,7.947,0.086,9.322,2.158,Fairway,roll,-0.001,0
820,3.4131,-22.696,11.481,7.937,0.045,9.322,2.159,Fairway,roll,-0.001,0
821,3.4173,-22.722,11.481,7.927,0.004,9.321,2.160,Fairway,roll,-0.001,0
822,3.4215,-22.748,11.481,7.917,-0.037,9.320,2.161,Fairway,roll,-0.001,0
823,3.4256,-22.774,11.481,7.907,-0.078,9.319,2.162,Fairway,roll,-0.001,0
824,3.4298,-22.800,11.480,7.897,-0.119,9.318,2.162,Fairway,roll,-0.001,0
825,3.4340,-22.826,11.480,7.887,-0.159,9.317,2.163,Fairway,roll,-0.001,0
826,3.4381,-22.852,11.479,7.876,-0.200,9.316,2.163,Fairway,roll,-0.001,0
827,3.4423,-22.877,11.478,7.866,-0.241,9.315,2.164,Fairway,roll,-0.001,0
828,3.4465,-22.903,11.477,7.856,-0.282,9.314,2.163,Fairway,roll,-0.001,0
829,3.4506,-22.929,11.476,7.846,-0.322,9.313,2.163,Fairway,roll,-0.001,0
830,3.4548,-22.955,11.474,7.836,-0.363,9.312,2.163,Fairway,roll,-0.001,0
831,3.4590,-22.981,11.473,7.826,-0.404,9.310,2.162,Fairway,roll,-0.001,0
832,3.4631,-23.007,11.471,7.816,-0.444,9.309,2.162,Fairway,roll,-0.001,0
833,3.4673,-23.033,11.469,7.806,-0.485,9.308,2.161,Fairway,roll,-0.001,0
834,3.4715,-23.058,11.467,7.795,-0.526,9.307,2.160,Fairway,roll,-0.001,0
835,3.4756,-23.084,11.465,7.785,-0.566,9.306,2.159,Fairway,roll,-0.001,0
836,3.4798,-23.110,11.462,7.775,-0.607,9.305,2.157,Fairway,roll,-0.001,0
837,3.4840,-23.136,11.460,7.765,-0.647,9.304,2.155,Fairway,roll,-0.001,0
838,3.4881,-23.161,11.457,7.755,-0.688,9.304,2.153,Fairway,roll,-0.001,0
839,3.4923,-23.187,11.454,7.745,-0.728,9.303,2.151,Fairway,roll,-0.001,0
840,3.4965,-23.213,11.451,7.735,-0.769,9.302,2.149,Fairway,roll,-0.001,0
841,3.5006,-23.239,11.448,7.725,-0.809,9.301,2.147,Fairway,roll,-0.001,0
842,3.5048,-23.264,11.444,7.715,-0.850,9.300,2.144,Fairway,roll,-0.001,0
843,3.5090,-23.290,11.441,7.705,-0.890,9.300,2.141,Fairway,roll,-0.001,0
844,3.5131,-23.316,11.437,7.695,-0.931,9.299,2.138,Fairway,roll,-0.001,0
845,3.5173,-23.342,11.433,7.685,-0.971,9.298,2.135,Fairway,roll,-0.001,0
846,3.5215,-23.367,11.429,7.675,-1.012,9.297,2.132,Fairway,roll,-0.001,0
847,3.5256,-23.393,11.424,7.665,-1.052,9.296,2.128,Fairway,roll,-0.001,0
848,3.5298,-23.419,11.420,7.655,-1.092,9.295,2.125,Fairway,roll,-0.001,0
849,3.5340,-23.444,11.415,7.644,-1.133,9.295,2.121,Fairway,roll,-0.001,0
850,3.5381,-23.470,11.411,7.634,-1.173,9.294,2.117,Fairway,roll,-0.001,0
851,3.5423,-23.495,11.406,7.624,-1.213,9.292,2.113,Fairway,roll,-0.001,0
852,3.5464,-23.521,11.401,7.614,-1.254,9.292,2.109,Fairway,roll,-0.001,0
853,3.5506,-23.547,11.395,7.604,-1.294,9.291,2.105,Fairway,roll,-0.001,0
854,3.5548,-23.572,11.390,7.594,-1.334,9.290,2.100,Fairway,roll,-0.001,0
855,3.5589,-23.598,11.384,7.584,-1.375,9.289,2.095,Fairway,roll,-0.001,0
856,3.5631,-23.623,11.378,7.574,-1.415,9.288,2.090,Fairway,roll,-0.001,0
857,3.5673,-23.649,11.372,7.564,-1.455,9.287,2.085,Fairway,roll,-0.001,0
858,3.5714,-23.674,11.366,7.554,-1.495,9.286,2.080,Fairway,roll,-0.001,0
859,3.5756,-23.700,11.360,7.544,-1.535,9.285,2.075,Fairway,roll,-0.001,0
860,3.5798,-23.725,11.353,7.534,-1.575,9.284,2.069,Fairway,roll,-0.001,0
861,3.5839,-23.751,11.347,7.524,-1.616,9.283,2.064,Fairway,roll,-0.001,0
862,3.5881,-23.776,11.340,7.514,-1.656,9.282,2.058,Fairway,roll,-0.001,0
863,3.5923,-23.802,11.333,7.504,-1.696,9.281,2.052,Fairway,roll,-0.001,0
864,3.5964,-23.827,11.326,7.495,-1.736,9.280,2.046,Fairway,roll,-0.001,0
865,3.6006,-23.853,11.319,7.485,-1.776,9.279,2.039,Fairway,roll,-0.001,0
866,3.6048,-23.878,11.311,7.475,-1.816,9.279,2.032,Fairway,roll,-0.001,0
867,3.6089,-23.904,11.303,7.465,-1.856,9.278,2.026,Fairway,roll,-0.001,0
868,3.6131,-23.929,11.296,7.455,-1.896,9.277,2.019,Fairway,roll,-0.001,0
869,3.6173,-23.955,11.288,7.445,-1.936,9.276,2.012,Fairway,roll,-0.001,0
870,3.6214,-23.980,11.280,7.435,-1.976,9.275,2.005,Fairway,roll,-0.001,0
871,3.6256,-24.005,11.271,7.425,-2.016,9.274,1.998,Fairway,roll,-0.001,0
872,3.6298,-24.031,11.263,7.415,-2.056,9.273,1.990,Fairway,roll,-0.001,0
873,3.6339,-24.056,11.254,7.405,-2.096,9.272,1.982,Fairway,roll,-0.001,0
874,3.6381,-24.081,11.245,7.395,-2.135,9.271,1.974,Fairway,roll,-0.001,0
875,3.6423,-24.107,11.236,7.385,-2.175,9.270,1.966,Fairway,roll,-0.001,0
876,3.6464,-24.132,11.227,7.375,-2.215,9.269,1.958,Fairway,roll,-0.001,0
877,3.6506,-24.157,11.218,7.365,-2.255,9.268,1.950,Fairway,roll,-0.001,0
878,3.6548,-24.183,11.208,7.355,-2.295,9.267,1.941,Fairway,roll,-0.001,0
879,3.6589,-24.208,11.199,7.346,-2.334,9.266,1.932,Fairway,roll,-0.001,0
880,3.6631,-24.233,11.189,7.336,-2.374,9.265,1.924,Fairway,roll,-0.001,0
881,3.6673,-24.259,11.179,7.326,-2.414,9.265,1.914,Fairway,roll,-0.001,0
882,3.6714,-24.284,11.169,7.316,-2.454,9.264,1.905,Fairway,roll,-0.001,0
883,3.6756,-24.309,11.159,7.306,-2.493,9.263,1.896,Fairway,roll,-0.001,0
884,3.6797,-24.334,11.148,7.296,-2.533,9.262,1.886,Fairway,roll,-0.001,0
885,3.6839,-24.360,11.137,7.286,-2.572,9.261,1.877,Fairway,roll,-0.001,0
886,3.6881,-24.385,11.127,7.276,-2.612,9.260,1.867,Fairway,roll,-0.001,0
887,3.6922,-24.410,11.116,7.267,-2.652,9.259,1.857,Fairway,roll,-0.001,0
888,3.6964,-24.435,11.105,7.257,-2.691,9.258,1.847,Fairway,roll,-0.001,0
889,3.7006,-24.460,11.093,7.247,-2.731,9.257,1.836,Fairway,roll,-0.001,0
890,3.7047,-24.485,11.082,7.237,-2.770,9.256,1.826,Fairway,roll,-0.001,0
891,3.7089,-24.511,11.070,7.227,-2.810,9.255,1.815,Fairway,roll,-0.001,0
892,3.7131,-24.536,11.058,7.217,-2.849,9.254,1.804,Fairway,roll,-0.001,0
893,3.7172,-24.561,11.046,7.207,-2.889,9.253,1.793,Fairway,roll,-0.001,0
894,3.7214,-24.586,11.034,7.198,-2.928,9.252,1.782,Fairway,roll,-0.001,0
895,3.7256,-24.611,11.022,7.188,-2.967,9.252,1.771,Fairway,roll,-0.001,0
896,3.7297,-24.636,11.010,7.178,-3.007,9.251,1.759,Fairway,roll,-0.001,0
897,3.7339,-24.661,10.997,7.168,-3.046,9.250,1.747,Fairway,roll,-0.001,0
898,3.7381,-24.686,10.984,7.158,-3.085,9.249,1.735,Fairway,roll,-0.001,0
899,3.7422,-24.711,10.971,7.149,-3.125,9.248,1.723,Fairway,roll,-0.001,0
900,3.7464,-24.736,10.958,7.139,-3.164,9.247,1.711,Fairway,roll,-0.001,0
901,3.7506,-24.761,10.945,7.129,-3.203,9.246,1.699,Fairway,roll,-0.001,0
902,3.7547,-24.786,10.932,7.119,-3.242,9.245,1.686,Fairway,roll,-0.001,0
903,3.7589,-24.811,10.918,7.109,-3.281,9.245,1.673,Fairway,roll,-0.001,0
904,3.7631,-24.836,10.904,7.100,-3.321,9.244,1.660,Fairway,roll,-0.001,0
905,3.7672,-24.861,10.890,7.090,-3.360,9.243,1.647,Fairway,roll,-0.001,0
906,3.7714,-24.886,10.876,7.080,-3.399,9.242,1.634,Fairway,roll,-0.001,0
907,3.7756,-24.911,10.862,7.070,-3.438,9.241,1.621,Fairway,roll,-0.001,0
908,3.7797,-24.936,10.848,7.061,-3.477,9.241,1.607,Fairway,roll,-0.001,0
909,3.7839,-24.961,10.833,7.051,-3.516,9.240,1.593,Fairway,roll,-0.001,0
910,3.7881,-24.986,10.818,7.041,-3.555,9.239,1.579,Fairway,roll,-0.001,0
911,3.7922,-25.011,10.804,7.031,-3.594,9.238,1.565,Fairway,roll,-0.001,0
912,3.7964,-25.036,10.788,7.022,-3.633,9.238,1.551,Fairway,roll,-0.001,0
913,3.8006,-25.061,10.773,7.012,-3.672,9.237,1.537,Fairway,roll,-0.001,0
914,3.8047,-25.085,10.758,7.002,-3.710,9.236,1.522,Fairway,roll,-0.001,0
915,3.8089,-25.110,10.742,6.992,-3.749,9.235,1.508,Fairway,roll,-0.001,0
916,3.8130,-25.135,10.727,6.983,-3.788,9.234,1.493,Fairway,roll,-0.001,0
917,3.8172,-25.160,10.711,6.973,-3.827,9.233,1.478,Fairway,roll,-0.001,0
918,3.8214,-25.185,10.695,6.963,-3.866,9.232,1.463,Fairway,roll,-0.001,0
919,3.8255,-25.210,10.679,6.954,-3.904,9.231,1.447,Fairway,roll,-0.001,0
920,3.8297,-25.234,10.662,6.944,-3.943,9.230,1.432,Fairway,roll,-0.001,0
921,3.8339,-25.259,10.646,6.934,-3.982,9.229,1.416,Fairway,roll,-0.001,0
922,3.8380,-25.284,10.629,6.924,-4.020,9.229,1.401,Fairway,roll,-0.001,0
923,3.8422,-25.309,10.612,6.915,-4.059,9.227,1.385,Fairway,roll,-0.001,0
924,3.8464,-25.333,10.595,6.905,-4.097,9.227,1.369,Fairway,roll,-0.001,0
925,3.8505,-25.358,10.578,6.895,-4.136,9.226,1.352,Fairway,roll,-0.001,0
926,3.8547,-25.383,10.561,6.886,-4.174,9.225,1.336,Fairway,roll,-0.001,0
927,3.8589,-25.407,10.543,6.876,-4.213,9.224,1.319,Fairway,roll,-0.001,0
928,3.8630,-25.432,10.526,6.866,-4.251,9.223,1.303,Fairway,roll,-0.001,0
929,3.8672,-25.457,10.508,6.857,-4.290,9.222,1.286,Fairway,roll,-0.001,0
930,3.8714,-25.481,10.490,6.847,-4.328,9.221,1.269,Fairway,roll,-0.001,0
931,3.8755,-25.506,10.472,6.838,-4.366,9.220,1.252,Fairway,roll,-0.001,0
932,3.8797,-25.530,10.454,6.828,-4.404,9.219,1.234,Fairway,roll,-0.001,0
933,3.8839,-25.555,10.435,6.818,-4.443,9.218,1.217,Fairway,roll,-0.001,0
934,3.8880,-25.580,10.417,6.809,-4.481,9.218,1.199,Fairway,roll,-0.001,0
935,3.8922,-25.604,10.398,6.799,-4.519,9.217,1.181,Fairway,roll,-0.001,0
936,3.8964,-25.629,10.379,6.789,-4.557,9.216,1.163,Fairway,roll,-0.001,0
937,3.9005,-25.653,10.360,6.780,-4.595,9.215,1.145,Fairway,roll,-0.001,0
938,3.9047,-25.678,10.341,6.770,-4.633,9.214,1.127,Fairway,roll,-0.001,0
939,3.9089,-25.702,10.321,6.761,-4.671,9.213,1.108,Fairway,roll,-0.001,0
940,3.9130,-25.727,10.302,6.751,-4.709,9.212,1.090,Fairway,roll,-0.001,0
941,3.9172,-25.751,10.282,6.741,-4.747,9.211,1.071,Fairway,roll,-0.001,0
942,3.9214,-25.776,10.262,6.732,-4.785,9.211,1.052,Fairway,roll,-0.001,0
943,3.9255,-25.800,10.242,6.722,-4.823,9.210,1.033,Fairway,roll,-0.001,0
944,3.9297,-25.825,10.222,6.713,-4.861,9.209,1.013,Fairway,roll,-0.001,0
945,3.9339,-25.849,10.202,6.703,-4.899,9.208,0.994,Fairway,roll,-0.001,0
946,3.9380,-25.873,10.181,6.694,-4.936,9.207,0.974,Fairway,roll,-0.001,0
947,3.9422,-25.898,10.161,6.684,-4.976,9.206,0.955,Fairway,roll,-0.001,0
948,3.9464,-25.922,10.140,6.675,-5.015,9.205,0.935,Fairway,roll,-0.001,0
949,3.9505,-25.947,10.119,6.665,-5.054,9.204,0.915,Fairway,roll,-0.001,0
950,3.9547,-25.971,10.098,6.656,-5.093,9.203,0.895,Fairway,roll,-0.001,0
951,3.9588,-25.995,10.076,6.646,-5.133,9.202,0.874,Fairway,roll,-0.001,0
952,3.9630,-26.020,10.055,6.636,-5.172,9.201,0.854,Fairway,roll,-0.001,0
953,3.9672,-26.044,10.033,6.627,-5.211,9.201,0.833,Fairway,roll,-0.001,0
954,3.9713,-26.068,10.012,6.617,-5.250,9.200,0.812,Fairway,roll,-0.001,0
955,3.9755,-26.093,9.990,6.608,-5.289,9.199,0.791,Fairway,roll,-0.001,0
956,3.9797,-26.117,9.968,6.598,-5.328,9.198,0.769,Fairway,roll,-0.001,0
957,3.9838,-26.141,9.945,6.589,-5.367,9.197,0.748,Fairway,roll,-0.001,0
958,3.9880,-26.165,9.923,6.579,-5.406,9.197,0.726,Fairway,roll,-0.001,0
959,3.9922,-26.190,9.900,6.570,-5.446,9.196,0.704,Fairway,roll,-0.001,0
960,3.9963,-26.214,9.878,6.560,-5.485,9.195,0.682,Fairway,roll,-0.001,0
961,4.0005,-26.238,9.855,6.551,-5.524,9.194,0.661,Fairway,roll,-0.001,0
962,4.0047,-26.263,9.831,6.541,-5.563,9.193,0.638,Fairway,roll,-0.001,0
963,4.0088,-26.287,9.808,6.532,-5.601,9.192,0.616,Fairway,roll,-0.001,0
964,4.0130,-26.311,9.785,6.522,-5.640,9.191,0.593,Fairway,roll,-0.001,0
965,4.0172,-26.335,9.761,6.513,-5.679,9.190,0.571,Fairway,roll,-0.001,0
966,4.0213,-26.360,9.738,6.503,-5.718,9.189,0.548,Fairway,roll,-0.001,0
967,4.0255,-26.384,9.714,6.494,-5.757,9.189,0.525,Fairway,roll,-0.001,0
968,4.0297,-26.408,9.690,6.484,-5.796,9.188,0.502,Fairway,roll,-0.001,0
969,4.0338,-26.432,9.665,6.475,-5.835,9.187,0.479,Fairway,roll,-0.001,0
970,4.0380,-26.456,9.641,6.465,-5.873,9.186,0.455,Fairway,roll,-0.001,0
971,4.0422,-26.481,9.616,6.456,-5.912,9.185,0.431,Fairway,roll,-0.001,0
972,4.0463,-26.505,9.592,6.447,-5.951,9.185,0.407,Fairway,roll,-0.001,0
973,4.0505,-26.529,9.567,6.437,-5.990,9.184,0.383,Fairway,roll,-0.001,0
974,4.0547,-26.553,9.542,6.428,-6.028,9.183,0.359,Fairway,roll,-0.001,0
975,4.0588,-26.577,9.517,6.418,-6.067,9.182,0.334,Fairway,roll,-0.001,0
976,4.0630,-26.601,9.491,6.409,-6.105,9.181,0.310,Fairway,roll,-0.001,0
977,4.0672,-26.626,9.466,6.399,-6.144,9.181,0.285,Fairway,roll,-0.001,0
978,4.0713,-26.650,9.440,6.390,-6.183,9.180,0.260,Fairway,roll,-0.001,0
979,4.0755,-26.674,9.414,6.380,-6.221,9.179,0.235,Fairway,roll,-0.001,0
980,4.0797,-26.698,9.388,6.371,-6.260,9.178,0.210,Fairway,roll,-0.001,0
981,4.0838,-26.722,9.362,6.361,-6.298,9.177,0.185,Fairway,roll,-0.001,0
982,4.0880,-26.746,9.336,6.352,-6.337,9.176,0.160,Fairway,roll,-0.001,0
983,4.0921,-26.770,9.309,6.343,-6.375,9.175,0.134,Fairway,roll,-0.001,0
984,4.0963,-26.794,9.283,6.333,-6.413,9.175,0.108,Fairway,roll,-0.001,0
985,4.1005,-26.818,9.256,6.324,-6.452,9.174,0.082,Fairway,roll,-0.001,0
986,4.1046,-26.842,9.229,6.314,-6.490,9.173,0.056,Fairway,roll,-0.001,0
987,4.1088,-26.866,9.202,6.305,-6.528,9.172,0.030,Fairway,roll,-0.001,0
988,4.1130,-26.890,9.175,6.296,-6.567,9.171,0.004,Fairway,roll,-0.001,0
989,4.1137,-26.894,9.170,6.294,-6.573,9.171,-0.001,Fairway,roll,0.000,0
990,4.1178,-26.905,9.184,6.290,3.245,9.170,0.013,Fairway,roll,-0.001,0
991,4.1220,-26.916,9.197,6.286,3.204,9.170,0.027,Fairway,roll,0.000,0
992,4.1262,-26.927,9.210,6.281,3.162,9.170,0.041,Fairway,roll,0.000,0
993,4.1303,-26.938,9.223,6.277,3.121,9.169,0.054,Fairway,roll,0.000,0
994,4.1345,-26.948,9.236,6.273,3.079,9.169,0.068,Fairway,roll,-0.001,0
995,4.1387,-26.959,9.249,6.269,3.038,9.168,0.081,Fairway,roll,0.000,0
996,4.1428,-26.970,9.262,6.264,2.997,9.168,0.094,Fairway,roll,0.000,0
997,4.1470,-26.981,9.274,6.260,2.955,9.168,0.106,Fairway,roll,0.000,0
998,4.1512,-26.992,9.286,6.256,2.914,9.167,0.119,Fairway,roll,0.000,0
999,4.1553,-27.002,9.298,6.252,2.873,9.167,0.131,Fairway,roll,-0.001,0
1000,4.1595,-27.013,9.310,6.247,2.831,9.167,0.144,Fairway,roll,0.000,0
1001,4.1637,-27.024,9.322,6.243,2.789,9.166,0.156,Fairway,roll,0.000,0
1002,4.1678,-27.035,9.333,6.239,2.748,9.166,0.167,Fairway,roll,0.000,0
1003,4.1720,-27.046,9.345,6.235,2.706,9.165,0.179,Fairway,roll,0.000,0
1004,4.1761,-27.056,9.356,6.231,2.664,9.165,0.191,Fairway,roll,0.000,0
1005,4.1803,-27.067,9.367,6.226,2.623,9.165,0.202,Fairway,roll,0.000,0
1006,4.1845,-27.078,9.378,6.222,2.581,9.165,0.213,Fairway,roll,0.000,0
1007,4.1886,-27.089,9.388,6.218,2.540,9.164,0.224,Fairway,roll,-0.001,0
1008,4.1928,-27.099,9.399,6.214,2.498,9.164,0.235,Fairway,roll,0.000,0
1009,4.1970,-27.110,9.409,6.210,2.457,9.163,0.246,Fairway,roll,0.000,0
1010,4.2011,-27.121,9.419,6.205,2.415,9.163,0.256,Fairway,roll,0.000,0
1011,4.2053,-27.132,9.429,6.201,2.374,9.163,0.267,Fairway,roll,0.000,0
1012,4.2095,-27.142,9.439,6.197,2.332,9.162,0.277,Fairway,roll,0.000,0
1013,4.2136,-27.153,9.449,6.193,2.291,9.162,0.287,Fairway,roll,0.000,0
1014,4.2178,-27.164,9.458,6.188,2.249,9.162,0.296,Fairway,roll,0.000,0
1015,4.2220,-27.175,9.467,6.184,2.208,9.161,0.306,Fairway,roll,0.000,0
1016,4.2261,-27.185,9.477,6.180,2.166,9.161,0.316,Fairway,roll,0.000,0
1017,4.2303,-27.196,9.485,6.176,2.125,9.161,0.325,Fairway,roll,0.000,0
1018,4.2345,-27.207,9.494,6.172,2.084,9.160,0.334,Fairway,roll,0.000,0
1019,4.2386,-27.218,9.503,6.167,2.042,9.160,0.343,Fairway,roll,0.000,0
1020,4.2428,-27.228,9.511,6.163,2.001,9.160,0.351,Fairway,roll,0.000,0
1021,4.2470,-27.239,9.519,6.159,1.960,9.159,0.360,Fairway,roll,0.000,0
1022,4.2511,-27.250,9.528,6.155,1.919,9.159,0.369,Fairway,roll,0.000,0
1023,4.2553,-27.261,9.535,6.151,1.877,9.159,0.377,Fairway,roll,0.000,0
1024,4.2595,-27.271,9.543,6.146,1.836,9.158,0.385,Fairway,roll,0.000,0
1025,4.2636,-27.282,9.551,6.142,1.795,9.158,0.393,Fairway,roll,0.000,0
1026,4.2678,-27.293,9.558,6.138,1.754,9.158,0.400,Fairway,roll,0.000,0
1027,4.2720,-27.303,9.565,6.134,1.712,9.157,0.408,Fairway,roll,0.000,0
1028,4.2761,-27.314,9.572,6.130,1.671,9.157,0.415,Fairway,roll,0.000,0
1029,4.2803,-27.325,9.579,6.125,1.630,9.157,0.423,Fairway,roll,0.000,0
1030,4.2845,-27.336,9.586,6.121,1.589,9.156,0.430,Fairway,roll,-0.001,0
1031,4.2886,-27.346,9.592,6.117,1.548,9.156,0.437,Fairway,roll,0.000,0
1032,4.2928,-27.357,9.599,6.113,1.506,9.155,0.443,Fairway,roll,0.000,0
1033,4.2970,-27.368,9.605,6.109,1.465,9.155,0.450,Fairway,roll,0.000,0
1034,4.3011,-27.378,9.611,6.105,1.424,9.155,0.456,Fairway,roll,0.000,0
1035,4.3053,-27.389,9.617,6.100,1.383,9.154,0.463,Fairway,roll,-0.001,0
1036,4.3094,-27.400,9.622,6.096,1.342,9.154,0.469,Fairway,roll,0.000,0
1037,4.3136,-27.411,9.628,6.092,1.301,9.153,0.475,Fairway,roll,0.000,0
1038,4.3178,-27.421,9.633,6.088,1.260,9.153,0.480,Fairway,roll,0.000,0
1039,4.3219,-27.432,9.638,6.084,1.219,9.153,0.486,Fairway,roll,-0.001,0
1040,4.3261,-27.443,9.643,6.079,1.178,9.152,0.491,Fairway,roll,0.000,0
1041,4.3303,-27.453,9.648,6.075,1.137,9.152,0.496,Fairway,roll,0.000,0
1042,4.3344,-27.464,9.653,6.071,1.096,9.152,0.501,Fairway,roll,0.000,0
1043,4.3386,-27.475,9.657,6.067,1.055,9.151,0.506,Fairway,roll,0.000,0
1044,4.3428,-27.485,9.662,6.063,1.014,9.151,0.511,Fairway,roll,-0.001,0
1045,4.3469,-27.496,9.666,6.059,0.973,9.150,0.515,Fairway,roll,0.000,0
1046,4.3511,-27.507,9.670,6.054,0.932,9.150,0.520,Fairway,roll,0.000,0
1047,4.3553,-27.517,9.674,6.050,0.891,9.150,0.524,Fairway,roll,0.000,0
1048,4.3594,-27.528,9.677,6.046,0.850,9.149,0.528,Fairway,roll,0.000,0
1049,4.3636,-27.539,9.681,6.042,0.809,9.149,0.532,Fairway,roll,-0.001,0
1050,4.3678,-27.549,9.684,6.038,0.768,9.148,0.536,Fairway,roll,0.000,0
1051,4.3719,-27.560,9.687,6.033,0.727,9.148,0.539,Fairway,roll,0.000,0
1052,4.3761,-27.571,9.690,6.029,0.686,9.148,0.542,Fairway,roll,0.000,0
1053,4.3803,-27.581,9.693,6.025,0.645,9.147,0.546,Fairway,roll,-0.001,0
1054,4.3844,-27.592,9.695,6.021,0.604,9.147,0.549,Fairway,roll,0.000,0
1055,4.3886,-27.603,9.698,6.017,0.563,9.146,0.551,Fairway,roll,0.000,0
1056,4.3928,-27.613,9.700,6.013,0.522,9.146,0.554,Fairway,roll,0.000,0
1057,4.3969,-27.624,9.702,6.008,0.481,9.146,0.556,Fairway,roll,0.000,0
1058,4.4011,-27.635,9.704,6.004,0.440,9.145,0.559,Fairway,roll,-0.001,0
1059,4.4053,-27.645,9.706,6.000,0.399,9.145,0.561,Fairway,roll,0.000,0
1060,4.4094,-27.656,9.707,5.996,0.358,9.144,0.563,Fairway,roll,0.000,0
1061,4.4136,-27.667,9.709,5.992,0.317,9.144,0.565,Fairway,roll,0.000,0
1062,4.4178,-27.677,9.710,5.988,0.276,9.144,0.566,Fairway,roll,0.000,0
1063,4.4219,-27.688,9.711,5.983,0.236,9.143,0.568,Fairway,roll,-0.001,0
1064,4.4261,-27.699,9.712,5.979,0.195,9.143,0.569,Fairway,roll,0.000,0
1065,4.4303,-27.709,9.713,5.975,0.154,9.143,0.570,Fairway,roll,0.000,0
1066,4.4344,-27.720,9.713,5.971,0.113,9.142,0.571,Fairway,roll,0.000,0
1067,4.4386,-27.731,9.713,5.967,0.072,9.142,0.572,Fairway,roll,-0.001,0
1068,4.4427,-27.741,9.714,5.963,0.031,9.141,0.572,Fairway,roll,0.000,0
1069,4.4469,-27.752,9.714,5.958,-0.010,9.141,0.573,Fairway,roll,0.000,0
1070,4.4511,-27.763,9.714,5.954,-0.050,9.140,0.573,Fairway,roll,0.000,0
1071,4.4552,-27.773,9.713,5.950,-0.091,9.140,0.573,Fairway,roll,0.000,0
1072,4.4594,-27.784,9.713,5.946,-0.132,9.140,0.573,Fairway,roll,-0.001,0
1073,4.4636,-27.794,9.712,5.942,-0.173,9.139,0.573,Fairway,roll,0.000,0
1074,4.4677,-27.805,9.711,5.938,-0.214,9.139,0.573,Fairway,roll,0.000,0
1075,4.4719,-27.816,9.710,5.933,-0.255,9.139,0.572,Fairway,roll,0.000,0
1076,4.4761,-27.826,9.709,5.929,-0.295,9.138,0.571,Fairway,roll,0.000,0
1077,4.4802,-27.837,9.708,5.925,-0.336,9.138,0.570,Fairway,roll,-0.001,0
1078,4.4844,-27.848,9.707,5.921,-0.377,9.137,0.569,Fairway,roll,0.000,0
1079,4.4886,-27.858,9.705,5.917,-0.418,9.137,0.568,Fairway,roll,0.000,0
1080,4.4927,-27.869,9.703,5.913,-0.459,9.137,0.566,Fairway,roll,0.000,0
1081,4.4969,-27.880,9.701,5.908,-0.499,9.136,0.565,Fairway,roll,0.000,0
1082,4.5011,-27.890,9.699,5.904,-0.540,9.136,0.563,Fairway,roll,0.000,0
1083,4.5052,-27.901,9.697,5.900,-0.581,9.136,0.561,Fairway,roll,0.000,0
1084,4.5094,-27.911,9.694,5.896,-0.622,9.135,0.559,Fairway,roll,0.000,0
1085,4.5136,-27.922,9.691,5.892,-0.662,9.135,0.556,Fairway,roll,0.000,0
1086,4.5177,-27.933,9.689,5.888,-0.703,9.135,0.554,Fairway,roll,0.000,0
1087,4.5219,-27.943,9.686,5.883,-0.744,9.134,0.551,Fairway,roll,0.000,0
1088,4.5261,-27.954,9.682,5.879,-0.785,9.134,0.548,Fairway,roll,0.000,0
1089,4.5302,-27.964,9.679,5.875,-0.825,9.134,0.545,Fairway,roll,0.000,0
1090,4.5344,-27.975,9.676,5.871,-0.866,9.133,0.542,Fairway,roll,0.000,0
1091,4.5386,-27.986,9.672,5.867,-0.907,9.133,0.539,Fairway,roll,0.000,0
1092,4.5427,-27.996,9.668,5.863,-0.947,9.133,0.535,Fairway,roll,0.000,0
1093,4.5469,-28.007,9.664,5.859,-0.988,9.132,0.532,Fairway,roll,0.000,0
1094,4.5511,-28.017,9.660,5.854,-1.029,9.132,0.528,Fairway,roll,0.000,0
1095,4.5552,-28.028,9.655,5.850,-1.069,9.132,0.524,Fairway,roll,0.000,0
1096,4.5594,-28.039,9.651,5.846,-1.110,9.131,0.519,Fairway,roll,0.000,0
1097,4.5636,-28.049,9.646,5.842,-1.151,9.131,0.515,Fairway,roll,0.000,0
1098,4.5677,-28.060,9.641,5.838,-1.191,9.131,0.510,Fairway,roll,0.000,0
1099,4.5719,-28.070,9.636,5.834,-1.232,9.131,0.506,Fairway,roll,0.000,0
1100,4.5761,-28.081,9.631,5.829,-1.273,9.130,0.501,Fairway,roll,0.000,0
1101,4.5802,-28.092,9.626,5.825,-1.313,9.130,0.496,Fairway,roll,0.000,0
1102,4.5844,-28.102,9.620,5.821,-1.354,9.129,0.491,Fairway,roll,0.000,0
1103,4.5885,-28.113,9.614,5.817,-1.394,9.129,0.485,Fairway,roll,0.000,0
1104,4.5927,-28.123,9.608,5.813,-1.435,9.129,0.480,Fairway,roll,0.000,0
1105,4.5969,-28.134,9.602,5.809,-1.476,9.129,0.474,Fairway,roll,0.000,0
1106,4.6010,-28.145,9.596,5.805,-1.516,9.128,0.468,Fairway,roll,-0.001,0
1107,4.6052,-28.155,9.590,5.800,-1.557,9.128,0.462,Fairway,roll,0.000,0
1108,4.6094,-28.166,9.583,5.796,-1.597,9.127,0.456,Fairway,roll,0.000,0
1109,4.6135,-28.176,9.577,5.792,-1.638,9.127,0.450,Fairway,roll,0.000,0
1110,4.6177,-28.187,9.570,5.788,-1.678,9.127,0.443,Fairway,roll,0.000,0
1111,4.6219,-28.197,9.563,5.784,-1.719,9.126,0.436,Fairway,roll,-0.001,0
1112,4.6260,-28.208,9.555,5.780,-1.759,9.126,0.430,Fairway,roll,0.000,0
1113,4.6302,-28.219,9.548,5.776,-1.800,9.125,0.423,Fairway,roll,0.000,0
1114,4.6344,-28.229,9.540,5.771,-1.840,9.125,0.415,Fairway,roll,0.000,0
1115,4.6385,-28.240,9.533,5.767,-1.881,9.125,0.408,Fairway,roll,0.000,0
1116,4.6427,-28.250,9.525,5.763,-1.921,9.124,0.401,Fairway,roll,-0.001,0
1117,4.6469,-28.261,9.517,5.759,-1.961,9.124,0.393,Fairway,roll,0.000,0
1118,4.6510,-28.271,9.508,5.755,-2.002,9.123,0.385,Fairway,roll,0.000,0
1119,4.6552,-28.282,9.500,5.751,-2.042,9.123,0.377,Fairway,roll,0.000,0
1120,4.6594,-28.292,9.491,5.747,-2.083,9.123,0.369,Fairway,roll,0.000,0
1121,4.6635,-28.303,9.483,5.743,-2.123,9.122,0.360,Fairway,roll,-0.001,0
1122,4.6677,-28.314,9.474,5.738,-2.163,9.122,0.352,Fairway,roll,0.000,0
1123,4.6719,-28.324,9.465,5.734,-2.204,9.122,0.343,Fairway,roll,0.000,0
1124,4.6760,-28.335,9.455,5.730,-2.244,9.121,0.334,Fairway,roll,0.000,0
1125,4.6802,-28.345,9.446,5.726,-2.284,9.121,0.325,Fairway,roll,0.000,0
1126,4.6844,-28.356,9.436,5.722,-2.325,9.120,0.316,Fairway,roll,0.000,0
1127,4.6885,-28.366,9.426,5.718,-2.365,9.120,0.306,Fairway,roll,0.000,0
1128,4.6927,-28.377,9.417,5.714,-2.405,9.120,0.297,Fairway,roll,0.000,0
1129,4.6969,-28.387,9.406,5.710,-2.445,9.120,0.287,Fairway,roll,0.000,0
1130,4.7010,-28.398,9.396,5.705,-2.485,9.119,0.277,Fairway,roll,0.000,0
1131,4.7052,-28.408,9.386,5.701,-2.526,9.119,0.267,Fairway,roll,0.000,0
1132,4.7094,-28.419,9.375,5.697,-2.566,9.118,0.257,Fairway,roll,0.000,0
1133,4.7135,-28.429,9.364,5.693,-2.606,9.118,0.246,Fairway,roll,0.000,0
1134,4.7177,-28.440,9.353,5.689,-2.646,9.118,0.236,Fairway,roll,0.000,0
1135,4.7218,-28.450,9.342,5.685,-2.686,9.118,0.225,Fairway,roll,0.000,0
1136,4.7260,-28.461,9.331,5.681,-2.726,9.117,0.214,Fairway,roll,-0.001,0
1137,4.7302,-28.471,9.320,5.677,-2.766,9.117,0.203,Fairway,roll,0.000,0
1138,4.7343,-28.482,9.308,5.672,-2.806,9.117,0.192,Fairway,roll,0.000,0
1139,4.7385,-28.492,9.296,5.668,-2.846,9.116,0.180,Fairway,roll,0.000,0
1140,4.7427,-28.503,9.284,5.664,-2.886,9.116,0.168,Fairway,roll,0.000,0
1141,4.7468,-28.513,9.272,5.660,-2.926,9.115,0.157,Fairway,roll,-0.001,0
1142,4.7510,-28.524,9.260,5.656,-2.966,9.115,0.145,Fairway,roll,0.000,0
1143,4.7552,-28.534,9.248,5.652,-3.007,9.115,0.133,Fairway,roll,0.000,0
1144,4.7593,-28.545,9.235,5.648,-3.047,9.115,0.120,Fairway,roll,0.000,0
1145,4.7635,-28.555,9.222,5.644,-3.088,9.114,0.108,Fairway,roll,0.000,0
1146,4.7677,-28.566,9.209,5.640,-3.128,9.114,0.096,Fairway,roll,-0.001,0
1147,4.7718,-28.576,9.196,5.636,-3.168,9.113,0.083,Fairway,roll,0.000,0
1148,4.7760,-28.587,9.183,5.631,-3.208,9.113,0.070,Fairway,roll,0.000,0
1149,4.7802,-28.597,9.169,5.627,-3.249,9.113,0.057,Fairway,roll,0.000,0
1150,4.7843,-28.608,9.156,5.623,-3.289,9.112,0.043,Fairway,roll,0.000,0
1151,4.7885,-28.618,9.142,5.619,-3.329,9.112,0.030,Fairway,roll,0.000,0
1152,4.7927,-28.629,9.128,5.615,-3.369,9.112,0.016,Fairway,roll,0.000,0
1153,4.7968,-28.639,9.114,5.611,-3.410,9.111,0.003,Fairway,roll,0.000,0
1154,4.7977,-28.641,9.111,5.610,-3.418,9.111,0.000,Fairway,roll,0.000,0
1155,4.8018,-28.646,9.118,5.608,1.668,9.111,0.007,Fairway,roll,0.000,0
1156,4.8060,-28.651,9.125,5.606,1.627,9.111,0.014,Fairway,roll,0.000,0
1157,4.8102,-28.655,9.132,5.604,1.586,9.111,0.021,Fairway,roll,0.000,0
1158,4.8143,-28.660,9.138,5.603,1.545,9.111,0.027,Fairway,roll,0.000,0
1159,4.8185,-28.665,9.144,5.601,1.504,9.110,0.034,Fairway,roll,0.000,0
1160,4.8227,-28.670,9.151,5.599,1.463,9.110,0.040,Fairway,roll,0.000,0
1161,4.8268,-28.674,9.157,5.597,1.422,9.110,0.046,Fairway,roll,0.000,0
1162,4.8310,-28.679,9.162,5.595,1.381,9.110,0.052,Fairway,roll,0.000,0
1163,4.8352,-28.684,9.168,5.593,1.340,9.110,0.058,Fairway,roll,0.000,0
1164,4.8393,-28.688,9.174,5.592,1.299,9.110,0.064,Fairway,roll,0.000,0
1165,4.8435,-28.693,9.179,5.590,1.258,9.109,0.069,Fairway,roll,0.000,0
1166,4.8477,-28.698,9.184,5.588,1.217,9.109,0.075,Fairway,roll,0.000,0
1167,4.8518,-28.702,9.189,5.586,1.176,9.109,0.080,Fairway,roll,0.000,0
1168,4.8560,-28.707,9.194,5.584,1.135,9.109,0.085,Fairway,roll,0.000,0
1169,4.8602,-28.712,9.198,5.582,1.094,9.109,0.090,Fairway,roll,0.000,0
1170,4.8643,-28.717,9.203,5.580,1.053,9.109,0.094,Fairway,roll,0.000,0
1171,4.8685,-28.721,9.207,5.579,1.012,9.108,0.099,Fairway,roll,0.000,0
1172,4.8727,-28.726,9.211,5.577,0.971,9.108,0.103,Fairway,roll,0.000,0
1173,4.8768,-28.731,9.215,5.575,0.930,9.108,0.107,Fairway,roll,0.000,0
1174,4.8810,-28.735,9.219,5.573,0.889,9.108,0.111,Fairway,roll,0.000,0
1175,4.8851,-28.740,9.223,5.571,0.848,9.108,0.115,Fairway,roll,0.000,0
1176,4.8893,-28.745,9.226,5.569,0.807,9.108,0.119,Fairway,roll,0.000,0
1177,4.8935,-28.749,9.229,5.568,0.766,9.107,0.122,Fairway,roll,0.000,0
1178,4.8976,-28.754,9.232,5.566,0.725,9.107,0.125,Fairway,roll,0.000,0
1179,4.9018,-28.759,9.235,5.564,0.684,9.107,0.128,Fairway,roll,0.000,0
1180,4.9060,-28.764,9.238,5.562,0.644,9.107,0.131,Fairway,roll,0.000,0
1181,4.9101,-28.768,9.241,5.560,0.603,9.107,0.134,Fairway,roll,0.000,0
1182,4.9143,-28.773,9.243,5.558,0.562,9.107,0.137,Fairway,roll,0.000,0
1183,4.9185,-28.778,9.245,5.557,0.521,9.106,0.139,Fairway,roll,0.000,0
1184,4.9226,-28.782,9.247,5.555,0.480,9.106,0.141,Fairway,roll,0.000,0
1185,4.9268,-28.787,9.249,5.553,0.439,9.106,0.143,Fairway,roll,0.000,0
1186,4.9310,-28.792,9.251,5.551,0.398,9.106,0.145,Fairway,roll,0.000,0
1187,4.9351,-28.796,9.253,5.549,0.357,9.106,0.147,Fairway,roll,0.000,0
1188,4.9393,-28.801,9.254,5.547,0.317,9.105,0.149,Fairway,roll,0.000,0
1189,4.9435,-28.806,9.255,5.546,0.276,9.105,0.150,Fairway,roll,0.000,0
1190,4.9476,-28.811,9.256,5.544,0.235,9.105,0.151,Fairway,roll,0.000,0
1191,4.9518,-28.815,9.257,5.542,0.194,9.105,0.152,Fairway,roll,0.000,0
1192,4.9560,-28.820,9.258,5.540,0.153,9.105,0.153,Fairway,roll,0.000,0
1193,4.9601,-28.825,9.258,5.538,0.112,9.105,0.154,Fairway,roll,0.000,0
1194,4.9643,-28.829,9.259,5.536,0.071,9.104,0.154,Fairway,roll,0.000,0
1195,4.9685,-28.834,9.259,5.535,0.031,9.104,0.155,Fairway,roll,0.000,0
1196,4.9726,-28.839,9.259,5.533,-0.010,9.104,0.155,Fairway,roll,0.000,0
1197,4.9768,-28.843,9.259,5.531,-0.051,9.104,0.155,Fairway,roll,0.000,0
1198,4.9810,-28.848,9.259,5.529,-0.092,9.104,0.155,Fairway,roll,0.000,0
1199,4.9851,-28.853,9.258,5.527,-0.133,9.104,0.155,Fairway,roll,0.000,0
1200,4.9893,-28.857,9.258,5.525,-0.174,9.103,0.154,Fairway,roll,0.000,0
1201,4.9935,-28.862,9.257,5.524,-0.215,9.103,0.154,Fairway,roll,0.000,0
1202,4.9976,-28.867,9.256,5.522,-0.255,9.103,0.153,Fairway,roll,0.000,0
1203,5.0018,-28.872,9.255,5.520,-0.296,9.103,0.152,Fairway,roll,0.000,0
1204,5.0060,-28.876,9.253,5.518,-0.337,9.103,0.151,Fairway,roll,0.000,0
1205,5.0101,-28.881,9.252,5.516,-0.378,9.103,0.149,Fairway,roll,0.000,0
1206,5.0143,-28.886,9.250,5.514,-0.419,9.102,0.148,Fairway,roll,0.000,0
1207,5.0184,-28.890,9.248,5.513,-0.459,9.102,0.146,Fairway,roll,0.000,0
1208,5.0226,-28.895,9.246,5.511,-0.500,9.102,0.144,Fairway,roll,0.000,0
1209,5.0268,-28.900,9.244,5.509,-0.541,9.102,0.142,Fairway,roll,0.000,0
1210,5.0309,-28.904,9.242,5.507,-0.582,9.102,0.140,Fairway,roll,0.000,0
1211,5.0351,-28.909,9.239,5.505,-0.623,9.101,0.138,Fairway,roll,0.000,0
1212,5.0393,-28.914,9.237,5.503,-0.664,9.101,0.135,Fairway,roll,0.000,0
1213,5.0434,-28.918,9.234,5.502,-0.704,9.101,0.133,Fairway,roll,0.000,0
1214,5.0476,-28.923,9.231,5.500,-0.745,9.101,0.130,Fairway,roll,0.000,0
1215,5.0518,-28.928,9.228,5.498,-0.786,9.101,0.127,Fairway,roll,0.000,0
1216,5.0559,-28.932,9.224,5.496,-0.827,9.101,0.124,Fairway,roll,0.000,0
1217,5.0601,-28.937,9.221,5.494,-0.867,9.100,0.120,Fairway,roll,0.000,0
1218,5.0643,-28.942,9.217,5.493,-0.908,9.100,0.117,Fairway,roll,0.000,0
1219,5.0684,-28.946,9.213,5.491,-0.949,9.100,0.113,Fairway,roll,0.000,0
1220,5.0726,-28.951,9.209,5.489,-0.990,9.100,0.109,Fairway,roll,0.000,0
1221,5.0768,-28.956,9.205,5.487,-1.030,9.100,0.105,Fairway,roll,0.000,0
1222,5.0809,-28.961,9.201,5.485,-1.071,9.100,0.101,Fairway,roll,0.000,0
1223,5.0851,-28.965,9.196,5.483,-1.112,9.099,0.097,Fairway,roll,0.000,0
1224,5.0893,-28.970,9.191,5.482,-1.153,9.099,0.092,Fairway,roll,0.000,0
1225,5.0934,-28.975,9.186,5.480,-1.193,9.099,0.087,Fairway,roll,0.000,0
1226,5.0976,-28.979,9.181,5.478,-1.234,9.099,0.082,Fairway,roll,0.000,0
1227,5.1018,-28.984,9.176,5.476,-1.275,9.099,0.077,Fairway,roll,0.000,0
1228,5.1059,-28.989,9.171,5.474,-1.315,9.099,0.072,Fairway,roll,0.000,0
1229,5.1101,-28.993,9.165,5.472,-1.356,9.099,0.067,Fairway,roll,0.000,0
1230,5.1143,-28.998,9.160,5.471,-1.397,9.098,0.061,Fairway,roll,0.000,0
1231,5.1184,-29.003,9.154,5.469,-1.437,9.098,0.055,Fairway,roll,0.000,0
1232,5.1226,-29.007,9.148,5.467,-1.478,9.098,0.050,Fairway,roll,0.000,0
1233,5.1268,-29.012,9.141,5.465,-1.519,9.098,0.043,Fairway,roll,0.000,0
1234,5.1309,-29.017,9.135,5.463,-1.559,9.098,0.037,Fairway,roll,0.000,0
1235,5.1351,-29.021,9.128,5.461,-1.600,9.098,0.031,Fairway,roll,0.000,0
1236,5.1393,-29.026,9.122,5.460,-1.641,9.097,0.024,Fairway,roll,0.000,0
1237,5.1434,-29.031,9.115,5.458,-1.681,9.097,0.017,Fairway,roll,0.000,0
1238,5.1476,-29.035,9.108,5.456,-1.722,9.097,0.010,Fairway,roll,0.000,0
1239,5.1517,-29.040,9.100,5.454,-1.763,9.097,0.003,Fairway,roll,0.000,0
1240,5.1537,-29.042,9.097,5.453,-1.782,9.097,0.000,Fairway,roll,0.000,0
1241,5.1579,-29.044,9.101,5.452,0.850,9.097,0.004,Fairway,roll,0.000,0
1242,5.1620,-29.046,9.104,5.452,0.809,9.097,0.007,Fairway,roll,0.000,0
1243,5.1662,-29.049,9.107,5.451,0.768,9.097,0.010,Fairway,roll,0.000,0
1244,5.1703,-29.051,9.110,5.450,0.727,9.097,0.014,Fairway,roll,0.000,0
1245,5.1745,-29.053,9.113,5.449,0.686,9.097,0.017,Fairway,roll,0.000,0
1246,5.1787,-29.055,9.116,5.448,0.646,9.097,0.019,Fairway,roll,0.000,0
1247,5.1828,-29.057,9.119,5.447,0.605,9.097,0.022,Fairway,roll,0.000,0
1248,5.1870,-29.059,9.121,5.447,0.564,9.096,0.025,Fairway,roll,0.000,0
1249,5.1912,-29.061,9.123,5.446,0.523,9.096,0.027,Fairway,roll,0.000,0
1250,5.1953,-29.063,9.125,5.445,0.482,9.096,0.029,Fairway,roll,0.000,0
1251,5.1995,-29.065,9.127,5.444,0.441,9.096,0.031,Fairway,roll,0.000,0
1252,5.2037,-29.068,9.129,5.443,0.400,9.096,0.033,Fairway,roll,0.000,0
1253,5.2078,-29.070,9.131,5.442,0.359,9.096,0.035,Fairway,roll,0.000,0
1254,5.2120,-29.072,9.132,5.442,0.319,9.096,0.036,Fairway,roll,0.000,0
1255,5.2162,-29.074,9.133,5.441,0.278,9.096,0.037,Fairway,roll,0.000,0
1256,5.2203,-29.076,9.134,5.440,0.237,9.096,0.039,Fairway,roll,0.000,0
1257,5.2245,-29.078,9.135,5.439,0.196,9.096,0.039,Fairway,roll,0.000,0
1258,5.2287,-29.080,9.136,5.438,0.155,9.096,0.040,Fairway,roll,0.000,0
1259,5.2328,-29.082,9.137,5.438,0.114,9.096,0.041,Fairway,roll,0.000,0
1260,5.2370,-29.084,9.137,5.437,0.074,9.096,0.041,Fairway,roll,0.000,0
1261,5.2412,-29.086,9.137,5.436,0.033,9.096,0.042,Fairway,roll,0.000,0
1262,5.2453,-29.089,9.137,5.435,-0.008,9.096,0.042,Fairway,roll,0.000,0
1263,5.2495,-29.091,9.137,5.434,-0.049,9.096,0.042,Fairway,roll,0.000,0
1264,5.2537,-29.093,9.137,5.433,-0.090,9.096,0.041,Fairway,roll,0.000,0
1265,5.2578,-29.095,9.136,5.433,-0.131,9.095,0.041,Fairway,roll,0.000,0
1266,5.2620,-29.097,9.136,5.432,-0.172,9.095,0.040,Fairway,roll,0.000,0
1267,5.2662,-29.099,9.135,5.431,-0.212,9.095,0.040,Fairway,roll,0.000,0
1268,5.2703,-29.101,9.134,5.430,-0.253,9.095,0.039,Fairway,roll,0.000,0
1269,5.2745,-29.103,9.133,5.429,-0.294,9.095,0.038,Fairway,roll,0.000,0
1270,5.2787,-29.105,9.132,5.428,-0.335,9.095,0.036,Fairway,roll,0.000,0
1271,5.2828,-29.108,9.130,5.428,-0.376,9.095,0.035,Fairway,roll,0.000,0
1272,5.2870,-29.110,9.128,5.427,-0.417,9.095,0.033,Fairway,roll,0.000,0
1273,5.2912,-29.112,9.127,5.426,-0.457,9.095,0.032,Fairway,roll,0.000,0
1274,5.2953,-29.114,9.125,5.425,-0.498,9.095,0.030,Fairway,roll,0.000,0
1275,5.2995,-29.116,9.122,5.424,-0.539,9.095,0.028,Fairway,roll,0.000,0
1276,5.3037,-29.118,9.120,5.424,-0.580,9.095,0.025,Fairway,roll,0.000,0
1277,5.3078,-29.120,9.118,5.423,-0.621,9.094,0.023,Fairway,roll,0.000,0
1278,5.3120,-29.122,9.115,5.422,-0.662,9.094,0.020,Fairway,roll,0.000,0
1279,5.3161,-29.124,9.112,5.421,-0.702,9.094,0.018,Fairway,roll,0.000,0
1280,5.3203,-29.126,9.109,5.420,-0.743,9.094,0.015,Fairway,roll,0.000,0
1281,5.3245,-29.129,9.106,5.419,-0.784,9.094,0.012,Fairway,roll,0.000,0
1282,5.3286,-29.131,9.103,5.419,-0.825,9.094,0.008,Fairway,roll,0.000,0
1283,5.3328,-29.133,9.099,5.418,-0.866,9.094,0.005,Fairway,roll,0.000,0
1284,5.3370,-29.135,9.095,5.417,-0.906,9.094,0.001,Fairway,roll,0.000,0
1285,5.3384,-29.136,9.094,5.417,-0.920,9.094,0.000,Fairway,roll,0.000,0
1286,5.3425,-29.137,9.115,5.416,0.000,9.094,0.021,Fairway,roll,0.000,0
1287,5.3467,-29.138,9.115,5.416,0.000,9.094,0.021,Fairway,roll,0.000,0
1288,5.3509,-29.138,9.115,5.415,0.000,9.094,0.021,Fairway,roll,0.000,0
1289,5.3550,-29.139,9.115,5.415,0.000,9.094,0.021,Fairway,roll,0.000,0
1290,5.3592,-29.140,9.115,5.415,0.000,9.094,0.021,Fairway,roll,0.000,0
1291,5.3634,-29.141,9.115,5.414,0.000,9.094,0.021,Fairway,roll,0.000,0
1292,5.3675,-29.142,9.115,5.414,0.000,9.094,0.021,Fairway,roll,0.000,0
1293,5.3717,-29.143,9.115,5.414,0.000,9.094,0.021,Fairway,roll,0.000,0
1294,5.3759,-29.144,9.115,5.413,0.000,9.094,0.021,Fairway,roll,0.000,0
1295,5.3800,-29.145,9.115,5.413,0.000,9.094,0.021,Fairway,roll,0.000,0
1296,5.3842,-29.146,9.115,5.412,0.000,9.094,0.021,Fairway,roll,0.000,0
1297,5.3884,-29.147,9.115,5.412,0.000,9.094,0.021,Fairway,roll,0.000,0
1298,5.3925,-29.148,9.115,5.412,0.000,9.094,0.021,Fairway,roll,0.000,0
1299,5.3967,-29.149,9.115,5.411,0.000,9.094,0.021,Fairway,roll,0.000,0
1300,5.4009,-29.150,9.115,5.411,0.000,9.094,0.021,Fairway,roll,0.000,0
1301,5.4050,-29.151,9.115,5.411,0.000,9.094,0.021,Fairway,roll,0.000,0
1302,5.4092,-29.152,9.115,5.410,0.000,9.094,0.021,Fairway,roll,0.000,0
1303,5.4134,-29.153,9.115,5.410,0.000,9.094,0.021,Fairway,roll,0.000,0
1304,5.4175,-29.154,9.115,5.409,0.000,9.094,0.021,Fairway,roll,0.000,0
1305,5.4217,-29.155,9.115,5.409,0.000,9.094,0.021,Fairway,roll,0.000,0
1306,5.4259,-29.155,9.115,5.409,0.000,9.093,0.021,Fairway,roll,0.000,0
1307,5.4300,-29.156,9.115,5.408,0.000,9.093,0.021,Fairway,roll,0.000,0
1308,5.4342,-29.157,9.115,5.408,0.000,9.093,0.021,Fairway,roll,0.000,0
1309,5.4384,-29.158,9.115,5.408,0.000,9.093,0.021,Fairway,roll,0.000,0
1310,5.4425,-29.159,9.115,5.407,0.000,9.093,0.021,Fairway,roll,0.000,0
1311,5.4467,-29.160,9.115,5.407,0.000,9.093,0.021,Fairway,roll,0.000,0
1312,5.4509,-29.161,9.115,5.406,0.000,9.093,0.021,Fairway,roll,0.000,0
1313,5.4550,-29.162,9.115,5.406,0.000,9.093,0.021,Fairway,roll,0.000,0
1314,5.4592,-29.163,9.115,5.406,0.000,9.093,0.021,Fairway,roll,0.000,0
1315,5.4633,-29.164,9.114,5.405,0.000,9.093,0.021,Fairway,roll,0.000,0
1316,5.4675,-29.165,9.114,5.405,0.000,9.093,0.021,Fairway,roll,0.000,0
1317,5.4717,-29.166,9.114,5.405,0.000,9.093,0.021,Fairway,roll,0.000,0
1318,5.4758,-29.167,9.114,5.404,0.000,9.093,0.021,Fairway,roll,0.000,0
1319,5.4800,-29.168,9.114,5.404,0.000,9.093,0.021,Fairway,roll,0.000,0
1320,5.4842,-29.169,9.114,5.403,0.000,9.093,0.021,Fairway,roll,0.000,0
1321,5.4883,-29.169,9.114,5.403,0.000,9.093,0.021,Fairway,roll,0.000,0
1322,5.4925,-29.170,9.114,5.403,0.000,9.093,0.021,Fairway,roll,0.000,0
1323,5.4967,-29.171,9.114,5.402,0.000,9.093,0.021,Fairway,roll,0.000,0
1324,5.5008,-29.172,9.114,5.402,0.000,9.093,0.021,Fairway,roll,0.000,0
1325,5.5050,-29.173,9.114,5.402,0.000,9.093,0.021,Fairway,roll,0.000,0
1326,5.5092,-29.174,9.114,5.401,0.000,9.093,0.021,Fairway,roll,0.000,0
1327,5.5133,-29.175,9.114,5.401,0.000,9.093,0.021,Fairway,roll,0.000,0
1328,5.5175,-29.176,9.114,5.401,0.000,9.093,0.021,Fairway,roll,0.000,0
1329,5.5217,-29.177,9.114,5.400,0.000,9.093,0.021,Fairway,roll,0.000,0
1330,5.5258,-29.178,9.114,5.400,0.000,9.093,0.021,Fairway,roll,0.000,0
1331,5.5300,-29.179,9.114,5.399,0.000,9.093,0.021,Fairway,roll,0.000,0
1332,5.5342,-29.180,9.114,5.399,0.000,9.093,0.021,Fairway,roll,0.000,0
1333,5.5383,-29.181,9.114,5.399,0.000,9.093,0.021,Fairway,roll,0.000,0
1334,5.5425,-29.182,9.114,5.398,0.000,9.092,0.021,Fairway,roll,0.000,0
1335,5.5467,-29.182,9.114,5.398,0.000,9.092,0.021,Fairway,roll,0.000,0
1336,5.5508,-29.183,9.114,5.398,0.000,9.092,0.021,Fairway,roll,0.000,0
1337,5.5550,-29.184,9.114,5.397,0.000,9.092,0.021,Fairway,roll,0.000,0
1338,5.5592,-29.185,9.114,5.397,0.000,9.092,0.021,Fairway,roll,0.000,0
1339,5.5633,-29.186,9.114,5.397,0.000,9.092,0.021,Fairway,roll,0.000,0
1340,5.5675,-29.187,9.114,5.396,0.000,9.092,0.021,Fairway,roll,0.000,0
1341,5.5717,-29.188,9.114,5.396,0.000,9.092,0.021,Fairway,roll,0.000,0
1342,5.5758,-29.189,9.114,5.395,0.000,9.092,0.021,Fairway,roll,0.000,0
1343,5.5800,-29.190,9.114,5.395,0.000,9.092,0.021,Fairway,roll,0.000,0
1344,5.5842,-29.191,9.114,5.395,0.000,9.092,0.021,Fairway,roll,0.000,0
1345,5.5883,-29.192,9.114,5.394,0.000,9.092,0.021,Fairway,roll,0.000,0
1346,5.5925,-29.193,9.114,5.394,0.000,9.092,0.021,Fairway,roll,0.000,0
1347,5.5966,-29.193,9.114,5.394,0.000,9.092,0.021,Fairway,roll,0.000,0
1348,5.6008,-29.194,9.114,5.393,0.000,9.092,0.021,Fairway,roll,0.000,0
1349,5.6050,-29.195,9.114,5.393,0.000,9.092,0.021,Fairway,roll,0.000,0
1350,5.6091,-29.196,9.113,5.393,0.000,9.092,0.021,Fairway,roll,0.000,0
1351,5.6133,-29.197,9.113,5.392,0.000,9.092,0.021,Fairway,roll,0.000,0
1352,5.6175,-29.198,9.113,5.392,0.000,9.092,0.021,Fairway,roll,0.000,0
1353,5.6216,-29.199,9.113,5.391,0.000,9.092,0.021,Fairway,roll,0.000,0
1354,5.6258,-29.200,9.113,5.391,0.000,9.092,0.021,Fairway,roll,0.000,0
1355,5.6300,-29.201,9.113,5.391,0.000,9.092,0.021,Fairway,roll,0.000,0
1356,5.6341,-29.202,9.113,5.390,0.000,9.092,0.021,Fairway,roll,0.000,0
1357,5.6383,-29.203,9.113,5.390,0.000,9.092,0.021,Fairway,roll,0.000,0
1358,5.6425,-29.203,9.113,5.390,0.000,9.092,0.021,Fairway,roll,0.000,0
1359,5.6466,-29.204,9.113,5.389,0.000,9.092,0.021,Fairway,roll,0.000,0
1360,5.6508,-29.205,9.113,5.389,0.000,9.092,0.021,Fairway,roll,0.000,0
1361,5.6550,-29.206,9.113,5.388,0.000,9.092,0.021,Fairway,roll,0.000,0
1362,5.6591,-29.207,9.113,5.388,0.000,9.092,0.021,Fairway,roll,0.000,0
1363,5.6633,-29.208,9.113,5.388,0.000,9.092,0.021,Fairway,roll,0.000,0
1364,5.6675,-29.209,9.113,5.387,0.000,9.092,0.021,Fairway,roll,0.000,0
1365,5.6716,-29.210,9.113,5.387,0.000,9.092,0.021,Fairway,roll,0.000,0
1366,5.6758,-29.211,9.113,5.387,0.000,9.092,0.021,Fairway,roll,0.000,0
1367,5.6800,-29.212,9.113,5.386,0.000,9.092,0.021,Fairway,roll,0.000,0
1368,5.6841,-29.212,9.113,5.386,0.000,9.092,0.021,Fairway,roll,0.000,0
1369,5.6883,-29.213,9.113,5.386,0.000,9.092,0.021,Fairway,roll,0.000,0
1370,5.6925,-29.214,9.113,5.385,0.000,9.092,0.021,Fairway,roll,0.000,0
1371,5.6966,-29.215,9.113,5.385,0.000,9.092,0.021,Fairway,roll,0.000,0
1372,5.7008,-29.216,9.113,5.385,0.000,9.092,0.021,Fairway,roll,0.000,0
1373,5.7050,-29.217,9.113,5.384,0.000,9.091,0.021,Fairway,roll,0.000,0
1374,5.7091,-29.218,9.113,5.384,0.000,9.091,0.021,Fairway,roll,0.000,0
1375,5.7133,-29.219,9.113,5.383,0.000,9.091,0.021,Fairway,roll,0.000,0
1376,5.7175,-29.220,9.113,5.383,0.000,9.091,0.021,Fairway,roll,0.000,0
1377,5.7216,-29.221,9.113,5.383,0.000,9.091,0.021,Fairway,roll,0.000,0
1378,5.7258,-29.221,9.113,5.382,0.000,9.091,0.021,Fairway,roll,0.000,0
1379,5.7300,-29.222,9.113,5.382,0.000,9.091,0.021,Fairway,roll,0.000,0
1380,5.7341,-29.223,9.113,5.382,0.000,9.091,0.021,Fairway,roll,0.000,0
1381,5.7383,-29.224,9.113,5.381,0.000,9.091,0.021,Fairway,roll,0.000,0
1382,5.7424,-29.225,9.112,5.381,0.000,9.091,0.021,Fairway,roll,0.000,0
1383,5.7466,-29.226,9.112,5.381,0.000,9.091,0.021,Fairway,roll,0.000,0
1384,5.7508,-29.227,9.112,5.380,0.000,9.091,0.021,Fairway,roll,0.000,0
1385,5.7549,-29.228,9.112,5.380,0.000,9.091,0.021,Fairway,roll,0.000,0
1386,5.7591,-29.229,9.112,5.380,0.000,9.091,0.021,Fairway,roll,0.000,0
1387,5.7633,-29.229,9.112,5.379,0.000,9.091,0.021,Fairway,roll,0.000,0
1388,5.7674,-29.230,9.112,5.379,0.000,9.091,0.021,Fairway,roll,0.000,0
1389,5.7716,-29.231,9.112,5.379,0.000,9.091,0.021,Fairway,roll,0.000,0
1390,5.7758,-29.232,9.112,5.378,0.000,9.091,0.021,Fairway,roll,0.000,0
1391,5.7799,-29.233,9.112,5.378,0.000,9.091,0.021,Fairway,roll,0.000,0
1392,5.7841,-29.234,9.112,5.378,0.000,9.091,0.021,Fairway,roll,0.000,0
1393,5.7883,-29.235,9.112,5.377,0.000,9.091,0.021,Fairway,roll,0.000,0
1394,5.7924,-29.236,9.112,5.377,0.000,9.091,0.021,Fairway,roll,0.000,0
1395,5.7966,-29.237,9.112,5.376,0.000,9.091,0.021,Fairway,roll,0.000,0
1396,5.8008,-29.237,9.112,5.376,0.000,9.091,0.021,Fairway,roll,0.000,0
1397,5.8049,-29.238,9.112,5.376,0.000,9.091,0.021,Fairway,roll,0.000,0
1398,5.8091,-29.239,9.112,5.375,0.000,9.091,0.021,Fairway,roll,0.000,0
1399,5.8133,-29.240,9.112,5.375,0.000,9.091,0.021,Fairway,roll,0.000,0
1400,5.8174,-29.241,9.112,5.375,0.000,9.091,0.021,Fairway,roll,0.000,0
1401,5.8216,-29.242,9.112,5.374,0.000,9.091,0.021,Fairway,roll,0.000,0
1402,5.8258,-29.243,9.112,5.374,0.000,9.091,0.021,Fairway,roll,0.000,0
1403,5.8299,-29.244,9.112,5.374,0.000,9.091,0.021,Fairway,roll,0.000,0
1404,5.8341,-29.244,9.112,5.373,0.000,9.091,0.021,Fairway,roll,0.000,0
1405,5.8383,-29.245,9.112,5.373,0.000,9.091,0.021,Fairway,roll,0.000,0
1406,5.8424,-29.246,9.112,5.373,0.000,9.091,0.021,Fairway,roll,0.000,0
1407,5.8466,-29.247,9.112,5.372,0.000,9.090,0.021,Fairway,roll,0.000,0
1408,5.8508,-29.248,9.112,5.372,0.000,9.090,0.021,Fairway,roll,0.000,0
1409,5.8549,-29.249,9.112,5.372,0.000,9.090,0.021,Fairway,roll,0.000,0
1410,5.8591,-29.250,9.112,5.371,0.000,9.090,0.021,Fairway,roll,0.000,0
1411,5.8633,-29.251,9.112,5.371,0.000,9.090,0.021,Fairway,roll,0.000,0
1412,5.8674,-29.251,9.112,5.370,0.000,9.090,0.021,Fairway,roll,0.000,0
1413,5.8716,-29.252,9.112,5.370,0.000,9.090,0.021,Fairway,roll,0.000,0
1414,5.8757,-29.253,9.112,5.370,0.000,9.090,0.021,Fairway,roll,0.000,0
1415,5.8799,-29.254,9.112,5.369,0.000,9.090,0.021,Fairway,roll,0.000,0
1416,5.8841,-29.255,9.112,5.369,0.000,9.090,0.021,Fairway,roll,0.000,0
1417,5.8882,-29.256,9.112,5.369,0.000,9.090,0.021,Fairway,roll,0.000,0
1418,5.8924,-29.257,9.111,5.368,0.000,9.090,0.021,Fairway,roll,0.000,0
1419,5.8966,-29.258,9.111,5.368,0.000,9.090,0.021,Fairway,roll,0.000,0
1420,5.9007,-29.258,9.111,5.368,0.000,9.090,0.021,Fairway,roll,0.000,0
1421,5.9049,-29.259,9.111,5.367,0.000,9.090,0.021,Fairway,roll,0.000,0
1422,5.9091,-29.260,9.111,5.367,0.000,9.090,0.021,Fairway,roll,0.000,0
1423,5.9132,-29.261,9.111,5.367,0.000,9.090,0.021,Fairway,roll,0.000,0
1424,5.9174,-29.262,9.111,5.366,0.000,9.090,0.021,Fairway,roll,0.000,0
1425,5.9216,-29.263,9.111,5.366,0.000,9.090,0.021,Fairway,roll,0.000,0
1426,5.9257,-29.264,9.111,5.366,0.000,9.090,0.021,Fairway,roll,0.000,0
1427,5.9299,-29.264,9.111,5.365,0.000,9.090,0.021,Fairway,roll,0.000,0
1428,5.9341,-29.265,9.111,5.365,0.000,9.090,0.021,Fairway,roll,0.000,0
1429,5.9382,-29.266,9.111,5.365,0.000,9.090,0.021,Fairway,roll,0.000,0
1430,5.9424,-29.267,9.111,5.364,0.000,9.090,0.021,Fairway,roll,0.000,0
1431,5.9466,-29.268,9.111,5.364,0.000,9.090,0.021,Fairway,roll,0.000,0
1432,5.9507,-29.269,9.111,5.363,0.000,9.090,0.021,Fairway,roll,0.000,0
1433,5.9549,-29.270,9.111,5.363,0.000,9.090,0.021,Fairway,roll,0.000,0
1434,5.9591,-29.270,9.111,5.363,0.000,9.090,0.021,Fairway,roll,0.000,0
1435,5.9632,-29.271,9.111,5.362,0.000,9.090,0.021,Fairway,roll,0.000,0
1436,5.9674,-29.272,9.111,5.362,0.000,9.090,0.021,Fairway,roll,0.000,0
1437,5.9716,-29.273,9.111,5.362,0.000,9.090,0.021,Fairway,roll,0.000,0
1438,5.9757,-29.274,9.111,5.361,0.000,9.090,0.021,Fairway,roll,0.000,0
1439,5.9799,-29.275,9.111,5.361,0.000,9.090,0.021,Fairway,roll,0.000,0
1440,5.9841,-29.276,9.111,5.361,0.000,9.090,0.021,Fairway,roll,0.000,0
1441,5.9882,-29.276,9.111,5.360,0.000,9.090,0.021,Fairway,roll,0.000,0
1442,5.9924,-29.277,9.111,5.360,0.000,9.090,0.021,Fairway,roll,0.000,0
1443,5.9966,-29.278,9.111,5.360,0.000,9.089,0.021,Fairway,roll,0.000,0
1444,6.0007,-29.279,9.111,5.359,0.000,9.089,0.021,Fairway,roll,0.000,0
1445,6.0049,-29.280,9.111,5.359,0.000,9.089,0.021,Fairway,roll,0.000,0
1446,6.0090,-29.281,9.111,5.359,0.000,9.089,0.021,Fairway,roll,0.000,0
1447,6.0132,-29.282,9.111,5.358,0.000,9.089,0.021,Fairway,roll,0.000,0
1448,6.0174,-29.282,9.111,5.358,0.000,9.089,0.021,Fairway,roll,0.000,0
1449,6.0215,-29.283,9.111,5.358,0.000,9.089,0.021,Fairway,roll,0.000,0
1450,6.0257,-29.284,9.111,5.357,0.000,9.089,0.021,Fairway,roll,0.000,0
1451,6.0299,-29.285,9.111,5.357,0.000,9.089,0.021,Fairway,roll,0.000,0
1452,6.0340,-29.286,9.111,5.357,0.000,9.089,0.021,Fairway,roll,0.000,0
1453,6.0382,-29.287,9.110,5.356,0.000,9.089,0.021,Fairway,roll,0.000,0
1454,6.0424,-29.288,9.110,5.356,0.000,9.089,0.021,Fairway,roll,0.000,0
1455,6.0465,-29.288,9.110,5.356,0.000,9.089,0.021,Fairway,roll,0.000,0
1456,6.0507,-29.289,9.110,5.355,0.000,9.089,0.021,Fairway,roll,0.000,0
1457,6.0549,-29.290,9.110,5.355,0.000,9.089,0.021,Fairway,roll,0.000,0
1458,6.0590,-29.291,9.110,5.355,0.000,9.089,0.021,Fairway,roll,0.000,0
1459,6.0632,-29.292,9.110,5.354,0.000,9.089,0.021,Fairway,roll,0.000,0
1460,6.0674,-29.293,9.110,5.354,0.000,9.089,0.021,Fairway,roll,0.000,0
1461,6.0715,-29.293,9.110,5.354,0.000,9.089,0.021,Fairway,roll,0.000,0
1462,6.0757,-29.294,9.110,5.353,0.000,9.089,0.021,Fairway,roll,0.000,0
1463,6.0799,-29.295,9.110,5.353,0.000,9.089,0.021,Fairway,roll,0.000,0
1464,6.0840,-29.296,9.110,5.353,0.000,9.089,0.021,Fairway,roll,0.000,0
1465,6.0882,-29.297,9.110,5.352,0.000,9.089,0.021,Fairway,roll,0.000,0
1466,6.0924,-29.298,9.110,5.352,0.000,9.089,0.021,Fairway,roll,0.000,0
1467,6.0965,-29.298,9.110,5.352,0.000,9.089,0.021,Fairway,roll,0.000,0
1468,6.1007,-29.299,9.110,5.351,0.000,9.089,0.021,Fairway,roll,0.000,0
1469,6.1049,-29.300,9.110,5.351,0.000,9.089,0.021,Fairway,roll,0.000,0
1470,6.1090,-29.301,9.110,5.351,0.000,9.089,0.021,Fairway,roll,0.000,0
1471,6.1132,-29.302,9.110,5.350,0.000,9.089,0.021,Fairway,roll,0.000,0
1472,6.1174,-29.303,9.110,5.350,0.000,9.089,0.021,Fairway,roll,0.000,0
1473,6.1215,-29.303,9.110,5.350,0.000,9.089,0.021,Fairway,roll,0.000,0
1474,6.1257,-29.304,9.110,5.349,0.000,9.088,0.021,Fairway,roll,0.000,0
1475,6.1299,-29.305,9.110,5.349,0.000,9.088,0.021,Fairway,roll,0.000,0
1476,6.1340,-29.306,9.110,5.349,0.000,9.088,0.021,Fairway,roll,0.000,0
1477,6.1382,-29.307,9.110,5.348,0.000,9.088,0.021,Fairway,roll,0.000,0
1478,6.1423,-29.308,9.110,5.348,0.000,9.088,0.021,Fairway,roll,0.000,0
1479,6.1465,-29.309,9.110,5.348,0.000,9.088,0.021,Fairway,roll,0.000,0
1480,6.1507,-29.309,9.110,5.347,0.000,9.088,0.021,Fairway,roll,0.000,0
1481,6.1548,-29.310,9.110,5.347,0.000,9.088,0.021,Fairway,roll,0.000,0
1482,6.1590,-29.311,9.110,5.347,0.000,9.088,0.021,Fairway,roll,0.000,0
1483,6.1632,-29.312,9.110,5.346,0.000,9.088,0.021,Fairway,roll,0.000,0
1484,6.1673,-29.313,9.110,5.346,0.000,9.088,0.021,Fairway,roll,0.000,0
1485,6.1715,-29.313,9.109,5.346,0.000,9.088,0.021,Fairway,roll,0.000,0
1486,6.1757,-29.314,9.109,5.345,0.000,9.088,0.021,Fairway,roll,0.000,0
1487,6.1798,-29.315,9.109,5.345,0.000,9.088,0.021,Fairway,roll,0.000,0
1488,6.1840,-29.316,9.109,5.345,0.000,9.088,0.021,Fairway,roll,0.000,0
1489,6.1882,-29.317,9.109,5.344,0.000,9.088,0.021,Fairway,roll,0.000,0
1490,6.1923,-29.318,9.109,5.344,0.000,9.088,0.021,Fairway,roll,0.000,0
1491,6.1965,-29.318,9.109,5.344,0.000,9.088,0.021,Fairway,roll,0.000,0
1492,6.2007,-29.319,9.109,5.343,0.000,9.088,0.021,Fairway,roll,0.000,0
1493,6.2048,-29.320,9.109,5.343,0.000,9.088,0.021,Fairway,roll,0.000,0
1494,6.2090,-29.321,9.109,5.343,0.000,9.088,0.021,Fairway,roll,0.000,0
1495,6.2132,-29.322,9.109,5.342,0.000,9.088,0.021,Fairway,roll,0.000,0
1496,6.2173,-29.323,9.109,5.342,0.000,9.088,0.021,Fairway,roll,0.000,0
1497,6.2215,-29.323,9.109,5.342,0.000,9.088,0.021,Fairway,roll,0.000,0
1498,6.2257,-29.324,9.109,5.341,0.000,9.088,0.021,Fairway,roll,0.000,0
1499,6.2298,-29.325,9.109,5.341,0.000,9.088,0.021,Fairway,roll,0.000,0
1500,6.2340,-29.326,9.109,5.341,0.000,9.088,0.021,Fairway,roll,0.000,0
1501,6.2382,-29.327,9.109,5.340,0.000,9.088,0.021,Fairway,roll,0.000,0
1502,6.2423,-29.327,9.109,5.340,0.000,9.088,0.021,Fairway,roll,0.000,0
1503,6.2465,-29.328,9.109,5.340,0.000,9.088,0.021,Fairway,roll,0.000,0
1504,6.2507,-29.329,9.109,5.339,0.000,9.088,0.021,Fairway,roll,0.000,0
1505,6.2548,-29.330,9.109,5.339,0.000,9.088,0.021,Fairway,roll,0.000,0
1506,6.2590,-29.331,9.109,5.339,0.000,9.087,0.021,Fairway,roll,0.000,0
1507,6.2632,-29.332,9.109,5.338,0.000,9.087,0.021,Fairway,roll,0.000,0
1508,6.2673,-29.332,9.109,5.338,0.000,9.087,0.021,Fairway,roll,0.000,0
1509,6.2715,-29.333,9.109,5.338,0.000,9.087,0.021,Fairway,roll,0.000,0
1510,6.2757,-29.334,9.109,5.337,0.000,9.087,0.021,Fairway,roll,0.000,0
1511,6.2798,-29.335,9.109,5.337,0.000,9.087,0.021,Fairway,roll,0.000,0
1512,6.2840,-29.336,9.109,5.337,0.000,9.087,0.021,Fairway,roll,0.000,0
1513,6.2881,-29.336,9.109,5.336,0.000,9.087,0.021,Fairway,roll,0.000,0
1514,6.2923,-29.337,9.109,5.336,0.000,9.087,0.021,Fairway,roll,0.000,0
1515,6.2965,-29.338,9.109,5.336,0.000,9.087,0.021,Fairway,roll,0.000,0
1516,6.3006,-29.339,9.109,5.335,0.000,9.087,0.021,Fairway,roll,0.000,0
1517,6.3048,-29.340,9.108,5.335,0.000,9.087,0.021,Fairway,roll,0.000,0
1518,6.3090,-29.340,9.108,5.335,0.000,9.087,0.021,Fairway,roll,0.000,0
1519,6.3131,-29.341,9.108,5.334,0.000,9.087,0.021,Fairway,roll,0.000,0
1520,6.3173,-29.342,9.108,5.334,0.000,9.087,0.021,Fairway,roll,0.000,0
1521,6.3215,-29.343,9.108,5.334,0.000,9.087,0.021,Fairway,roll,0.000,0
1522,6.3256,-29.344,9.108,5.333,0.000,9.087,0.021,Fairway,roll,0.000,0
1523,6.3298,-29.345,9.108,5.333,0.000,9.087,0.021,Fairway,roll,0.000,0
1524,6.3340,-29.345,9.108,5.333,0.000,9.087,0.021,Fairway,roll,0.000,0
1525,6.3381,-29.346,9.108,5.332,0.000,9.087,0.021,Fairway,roll,0.000,0
1526,6.3423,-29.347,9.108,5.332,0.000,9.087,0.021,Fairway,roll,0.000,0
1527,6.3465,-29.348,9.108,5.332,0.000,9.087,0.021,Fairway,roll,0.000,0
1528,6.3506,-29.349,9.108,5.331,0.000,9.087,0.021,Fairway,roll,0.000,0
1529,6.3548,-29.349,9.108,5.331,0.000,9.087,0.021,Fairway,roll,0.000,0
1530,6.3590,-29.350,9.108,5.331,0.000,9.087,0.021,Fairway,roll,0.000,0
1531,6.3631,-29.351,9.108,5.331,0.000,9.087,0.021,Fairway,roll,0.000,0
1532,6.3673,-29.352,9.108,5.330,0.000,9.087,0.021,Fairway,roll,0.000,0
1533,6.3715,-29.353,9.108,5.330,0.000,9.087,0.021,Fairway,roll,0.000,0
1534,6.3756,-29.353,9.108,5.330,0.000,9.087,0.021,Fairway,roll,0.000,0
1535,6.3798,-29.354,9.108,5.329,0.000,9.087,0.021,Fairway,roll,0.000,0
1536,6.3840,-29.355,9.108,5.329,0.000,9.087,0.021,Fairway,roll,0.000,0
1537,6.3881,-29.356,9.108,5.329,0.000,9.087,0.021,Fairway,roll,0.000,0
1538,6.3923,-29.357,9.108,5.328,0.000,9.087,0.021,Fairway,roll,0.000,0
1539,6.3965,-29.357,9.108,5.328,0.000,9.086,0.021,Fairway,roll,0.000,0
1540,6.4006,-29.358,9.108,5.328,0.000,9.086,0.021,Fairway,roll,0.000,0
1541,6.4048,-29.359,9.108,5.327,0.000,9.086,0.021,Fairway,roll,0.000,0
1542,6.4090,-29.360,9.108,5.327,0.000,9.086,0.021,Fairway,roll,0.000,0
1543,6.4131,-29.361,9.108,5.327,0.000,9.086,0.021,Fairway,roll,0.000,0
1544,6.4173,-29.361,9.108,5.326,0.000,9.086,0.021,Fairway,roll,0.000,0
1545,6.4214,-29.362,9.108,5.326,0.000,9.086,0.021,Fairway,roll,0.000,0
1546,6.4256,-29.363,9.108,5.326,0.000,9.086,0.021,Fairway,roll,0.000,0
1547,6.4298,-29.364,9.108,5.325,0.000,9.086,0.021,Fairway,roll,0.000,0
1548,6.4339,-29.365,9.108,5.325,0.000,9.086,0.021,Fairway,roll,0.000,0
1549,6.4381,-29.365,9.108,5.325,0.000,9.086,0.021,Fairway,roll,0.000,0
1550,6.4423,-29.366,9.107,5.324,0.000,9.086,0.021,Fairway,roll,0.000,0
1551,6.4464,-29.367,9.107,5.324,0.000,9.086,0.021,Fairway,roll,0.000,0
1552,6.4506,-29.368,9.107,5.324,0.000,9.086,0.021,Fairway,roll,0.000,0
1553,6.4548,-29.368,9.107,5.323,0.000,9.086,0.021,Fairway,roll,0.000,0
1554,6.4589,-29.369,9.107,5.323,0.000,9.086,0.021,Fairway,roll,0.000,0
1555,6.4631,-29.370,9.107,5.323,0.000,9.086,0.021,Fairway,roll,0.000,0
1556,6.4673,-29.371,9.107,5.323,0.000,9.086,0.021,Fairway,roll,0.000,0
1557,6.4714,-29.372,9.107,5.322,0.000,9.086,0.021,Fairway,roll,0.000,0
1558,6.4756,-29.372,9.107,5.322,0.000,9.086,0.021,Fairway,roll,0.000,0
1559,6.4798,-29.373,9.107,5.322,0.000,9.086,0.021,Fairway,roll,0.000,0
1560,6.4839,-29.374,9.107,5.321,0.000,9.086,0.021,Fairway,roll,0.000,0
1561,6.4881,-29.375,9.107,5.321,0.000,9.086,0.021,Fairway,roll,0.000,0
1562,6.4923,-29.376,9.107,5.321,0.000,9.086,0.021,Fairway,roll,0.000,0
1563,6.4964,-29.376,9.107,5.320,0.000,9.086,0.021,Fairway,roll,0.000,0
1564,6.5006,-29.377,9.107,5.320,0.000,9.086,0.021,Fairway,roll,0.000,0
1565,6.5048,-29.378,9.107,5.320,0.000,9.086,0.021,Fairway,roll,0.000,0
1566,6.5089,-29.379,9.107,5.319,0.000,9.086,0.021,Fairway,roll,0.000,0
1567,6.5131,-29.379,9.107,5.319,0.000,9.086,0.021,Fairway,roll,0.000,0
1568,6.5173,-29.380,9.107,5.319,0.000,9.086,0.021,Fairway,roll,0.000,0
1569,6.5214,-29.381,9.107,5.318,0.000,9.086,0.021,Fairway,roll,0.000,0
1570,6.5256,-29.382,9.107,5.318,0.000,9.086,0.021,Fairway,roll,0.000,0
1571,6.5298,-29.383,9.107,5.318,0.000,9.086,0.021,Fairway,roll,0.000,0
1572,6.5339,-29.383,9.107,5.317,0.000,9.086,0.021,Fairway,roll,0.000,0
1573,6.5381,-29.384,9.107,5.317,0.000,9.086,0.021,Fairway,roll,0.000,0
1574,6.5423,-29.385,9.107,5.317,0.000,9.085,0.021,Fairway,roll,0.000,0
1575,6.5464,-29.386,9.107,5.316,0.000,9.085,0.021,Fairway,roll,0.000,0
1576,6.5506,-29.386,9.107,5.316,0.000,9.085,0.021,Fairway,roll,0.000,0
1577,6.5547,-29.387,9.107,5.316,0.000,9.085,0.021,Fairway,roll,0.000,0
1578,6.5589,-29.388,9.107,5.315,0.000,9.085,0.021,Fairway,roll,0.000,0
1579,6.5631,-29.389,9.107,5.315,0.000,9.085,0.021,Fairway,roll,0.000,0
1580,6.5672,-29.390,9.107,5.315,0.000,9.085,0.021,Fairway,roll,0.000,0
1581,6.5714,-29.390,9.107,5.314,0.000,9.085,0.021,Fairway,roll,0.000,0
1582,6.5756,-29.391,9.107,5.314,0.000,9.085,0.021,Fairway,roll,0.000,0
1583,6.5797,-29.392,9.107,5.314,0.000,9.085,0.021,Fairway,roll,0.000,0
1584,6.5839,-29.393,9.107,5.314,0.000,9.085,0.021,Fairway,roll,0.000,0
1585,6.5881,-29.393,9.107,5.313,0.000,9.085,0.021,Fairway,roll,0.000,0
1586,6.5922,-29.394,9.107,5.313,0.000,9.085,0.021,Fairway,roll,0.000,0
1587,6.5964,-29.395,9.106,5.313,0.000,9.085,0.021,Fairway,roll,0.000,0
1588,6.6006,-29.396,9.106,5.312,0.000,9.085,0.021,Fairway,roll,0.000,0
1589,6.6047,-29.397,9.106,5.312,0.000,9.085,0.021,Fairway,roll,0.000,0
1590,6.6089,-29.397,9.106,5.312,0.000,9.085,0.021,Fairway,roll,0.000,0
1591,6.6131,-29.398,9.106,5.311,0.000,9.085,0.021,Fairway,roll,0.000,0
1592,6.6172,-29.399,9.106,5.311,0.000,9.085,0.021,Fairway,roll,0.000,0
1593,6.6214,-29.400,9.106,5.311,0.000,9.085,0.021,Fairway,roll,0.000,0
1594,6.6256,-29.400,9.106,5.310,0.000,9.085,0.021,Fairway,roll,0.000,0
1595,6.6297,-29.401,9.106,5.310,0.000,9.085,0.021,Fairway,roll,0.000,0
1596,6.6339,-29.402,9.106,5.310,0.000,9.085,0.021,Fairway,roll,0.000,0
1597,6.6381,-29.403,9.106,5.309,0.000,9.085,0.021,Fairway,roll,0.000,0
1598,6.6422,-29.403,9.106,5.309,0.000,9.085,0.021,Fairway,roll,0.000,0
1599,6.6464,-29.404,9.106,5.309,0.000,9.085,0.021,Fairway,roll,0.000,0
1600,6.6506,-29.405,9.106,5.309,0.000,9.085,0.021,Fairway,roll,0.000,0
1601,6.6547,-29.406,9.106,5.308,0.000,9.085,0.021,Fairway,roll,0.000,0
1602,6.6589,-29.406,9.106,5.308,0.000,9.085,0.021,Fairway,roll,0.000,0
1603,6.6631,-29.407,9.106,5.308,0.000,9.085,0.021,Fairway,roll,0.000,0
1604,6.6672,-29.408,9.106,5.307,0.000,9.085,0.021,Fairway,roll,0.000,0
1605,6.6714,-29.409,9.106,5.307,0.000,9.085,0.021,Fairway,roll,0.000,0
1606,6.6756,-29.410,9.106,5.307,0.000,9.085,0.021,Fairway,roll,0.000,0
1607,6.6797,-29.410,9.106,5.306,0.000,9.084,0.021,Fairway,roll,0.000,0
1608,6.6839,-29.411,9.106,5.306,0.000,9.084,0.021,Fairway,roll,0.000,0
1609,6.6880,-29.412,9.106,5.306,0.000,9.084,0.021,Fairway,roll,0.000,0
1610,6.6922,-29.413,9.106,5.305,0.000,9.084,0.021,Fairway,roll,0.000,0
1611,6.6964,-29.413,9.106,5.305,0.000,9.084,0.021,Fairway,roll,0.000,0
1612,6.7005,-29.414,9.106,5.305,0.000,9.084,0.021,Fairway,roll,0.000,0
1613,6.7047,-29.415,9.106,5.305,0.000,9.084,0.021,Fairway,roll,0.000,0
1614,6.7089,-29.416,9.106,5.304,0.000,9.084,0.021,Fairway,roll,0.000,0
1615,6.7130,-29.416,9.106,5.304,0.000,9.084,0.021,Fairway,roll,0.000,0
1616,6.7172,-29.417,9.106,5.304,0.000,9.084,0.021,Fairway,roll,0.000,0
1617,6.7214,-29.418,9.106,5.303,0.000,9.084,0.021,Fairway,roll,0.000,0
1618,6.7255,-29.419,9.105,5.303,0.000,9.084,0.021,Fairway,roll,0.000,0
1619,6.7297,-29.419,9.105,5.303,0.000,9.084,0.021,Fairway,roll,0.000,0
1620,6.7339,-29.420,9.105,5.302,0.000,9.084,0.021,Fairway,roll,0.000,0
1621,6.7380,-29.421,9.105,5.302,0.000,9.084,0.021,Fairway,roll,0.000,0
1622,6.7422,-29.422,9.105,5.302,0.000,9.084,0.021,Fairway,roll,0.000,0
1623,6.7464,-29.422,9.105,5.302,0.000,9.084,0.021,Fairway,roll,0.000,0
1624,6.7505,-29.423,9.105,5.301,0.000,9.084,0.021,Fairway,roll,0.000,0
1625,6.7547,-29.424,9.105,5.301,0.000,9.084,0.021,Fairway,roll,0.000,0
1626,6.7589,-29.425,9.105,5.301,0.000,9.084,0.021,Fairway,roll,0.000,0
1627,6.7630,-29.425,9.105,5.300,0.000,9.084,0.021,Fairway,roll,0.000,0
1628,6.7672,-29.426,9.105,5.300,0.000,9.084,0.021,Fairway,roll,0.000,0
1629,6.7714,-29.427,9.105,5.300,0.000,9.084,0.021,Fairway,roll,0.000,0
1630,6.7755,-29.428,9.105,5.299,0.000,9.084,0.021,Fairway,roll,0.000,0
1631,6.7797,-29.428,9.105,5.299,0.000,9.084,0.021,Fairway,roll,0.000,0
1632,6.7839,-29.429,9.105,5.299,0.000,9.084,0.021,Fairway,roll,0.000,0
1633,6.7880,-29.430,9.105,5.298,0.000,9.084,0.021,Fairway,roll,0.000,0
1634,6.7922,-29.431,9.105,5.298,0.000,9.084,0.021,Fairway,roll,0.000,0
1635,6.7964,-29.431,9.105,5.298,0.000,9.084,0.021,Fairway,roll,0.000,0
1636,6.8005,-29.432,9.105,5.298,0.000,9.084,0.021,Fairway,roll,0.000,0
1637,6.8047,-29.433,9.105,5.297,0.000,9.084,0.021,Fairway,roll,0.000,0
1638,6.8089,-29.434,9.105,5.297,0.000,9.084,0.021,Fairway,roll,0.000,0
1639,6.8130,-29.434,9.105,5.297,0.000,9.084,0.021,Fairway,roll,0.000,0
1640,6.8172,-29.435,9.105,5.296,0.000,9.084,0.021,Fairway,roll,0.000,0
1641,6.8214,-29.436,9.105,5.296,0.000,9.084,0.021,Fairway,roll,0.000,0
1642,6.8255,-29.437,9.105,5.296,0.000,9.083,0.021,Fairway,roll,0.000,0
1643,6.8297,-29.437,9.105,5.295,0.000,9.083,0.021,Fairway,roll,0.000,0
1644,6.8338,-29.438,9.105,5.295,0.000,9.083,0.021,Fairway,roll,0.000,0
1645,6.8380,-29.439,9.105,5.295,0.000,9.083,0.021,Fairway,roll,0.000,0
1646,6.8422,-29.440,9.105,5.294,0.000,9.083,0.021,Fairway,roll,0.000,0
1647,6.8463,-29.440,9.105,5.294,0.000,9.083,0.021,Fairway,roll,0.000,0
1648,6.8505,-29.441,9.105,5.294,0.000,9.083,0.021,Fairway,roll,0.000,0
1649,6.8547,-29.442,9.105,5.294,0.000,9.083,0.021,Fairway,roll,0.000,0
1650,6.8588,-29.443,9.105,5.293,0.000,9.083,0.021,Fairway,roll,0.000,0
1651,6.8630,-29.443,9.105,5.293,0.000,9.083,0.021,Fairway,roll,0.000,0
1652,6.8672,-29.444,9.105,5.293,0.000,9.083,0.021,Fairway,roll,0.000,0
1653,6.8713,-29.445,9.105,5.292,0.000,9.083,0.021,Fairway,roll,0.000,0
1654,6.8755,-29.445,9.104,5.292,0.000,9.083,0.021,Fairway,roll,0.000,0
1655,6.8797,-29.446,9.104,5.292,0.000,9.083,0.021,Fairway,roll,0.000,0
1656,6.8838,-29.447,9.104,5.291,0.000,9.083,0.021,Fairway,roll,0.000,0
1657,6.8880,-29.448,9.104,5.291,0.000,9.083,0.021,Fairway,roll,0.000,0
1658,6.8922,-29.448,9.104,5.291,0.000,9.083,0.021,Fairway,roll,0.000,0
1659,6.8963,-29.449,9.104,5.291,0.000,9.083,0.021,Fairway,roll,0.000,0
1660,6.9005,-29.450,9.104,5.290,0.000,9.083,0.021,Fairway,roll,0.000,0
1661,6.9047,-29.451,9.104,5.290,0.000,9.083,0.021,Fairway,roll,0.000,0
1662,6.9088,-29.451,9.104,5.290,0.000,9.083,0.021,Fairway,roll,0.000,0
1663,6.9130,-29.452,9.104,5.289,0.000,9.083,0.021,Fairway,roll,0.000,0
1664,6.9172,-29.453,9.104,5.289,0.000,9.083,0.021,Fairway,roll,0.000,0
1665,6.9213,-29.453,9.104,5.289,0.000,9.083,0.021,Fairway,roll,0.000,0
1666,6.9255,-29.454,9.104,5.288,0.000,9.083,0.021,Fairway,roll,0.000,0
1667,6.9297,-29.455,9.104,5.288,0.000,9.083,0.021,Fairway,roll,0.000,0
1668,6.9338,-29.456,9.104,5.288,0.000,9.083,0.021,Fairway,roll,0.000,0
1669,6.9380,-29.456,9.104,5.287,0.000,9.083,0.021,Fairway,roll,0.000,0
1670,6.9422,-29.457,9.104,5.287,0.000,9.083,0.021,Fairway,roll,0.000,0
1671,6.9463,-29.458,9.104,5.287,0.000,9.083,0.021,Fairway,roll,0.000,0
1672,6.9505,-29.459,9.104,5.287,0.000,9.083,0.021,Fairway,roll,0.000,0
1673,6.9547,-29.459,9.104,5.286,0.000,9.083,0.021,Fairway,roll,0.000,0
1674,6.9588,-29.460,9.104,5.286,0.000,9.083,0.021,Fairway,roll,0.000,0
1675,6.9630,-29.461,9.104,5.286,0.000,9.083,0.021,Fairway,roll,0.000,0
1676,6.9671,-29.462,9.104,5.285,0.000,9.083,0.021,Fairway,roll,0.000,0
1677,6.9713,-29.462,9.104,5.285,0.000,9.083,0.021,Fairway,roll,0.000,0
1678,6.9755,-29.463,9.104,5.285,0.000,9.082,0.021,Fairway,roll,0.000,0
1679,6.9796,-29.464,9.104,5.285,0.000,9.082,0.021,Fairway,roll,0.000,0
1680,6.9838,-29.464,9.104,5.284,0.000,9.082,0.021,Fairway,roll,0.000,0
1681,6.9880,-29.465,9.104,5.284,0.000,9.082,0.021,Fairway,roll,0.000,0
1682,6.9921,-29.466,9.104,5.284,0.000,9.082,0.021,Fairway,roll,0.000,0
1683,6.9963,-29.467,9.104,5.283,0.000,9.082,0.021,Fairway,roll,0.000,0
1684,7.0005,-29.467,9.104,5.283,0.000,9.082,0.021,Fairway,roll,0.000,0
1685,7.0046,-29.468,9.104,5.283,0.000,9.082,0.021,Fairway,roll,0.000,0
1686,7.0088,-29.469,9.104,5.283,0.000,9.082,0.021,Fairway,roll,0.000,0
1687,7.0130,-29.469,9.104,5.282,0.000,9.082,0.021,Fairway,roll,0.000,0
1688,7.0171,-29.470,9.104,5.282,0.000,9.082,0.021,Fairway,roll,0.000,0
1689,7.0213,-29.471,9.104,5.282,0.000,9.082,0.021,Fairway,roll,0.000,0
1690,7.0255,-29.472,9.104,5.281,0.000,9.082,0.021,Fairway,roll,0.000,0
1691,7.0296,-29.472,9.104,5.281,0.000,9.082,0.021,Fairway,roll,0.000,0
1692,7.0338,-29.473,9.103,5.281,0.000,9.082,0.021,Fairway,roll,0.000,0
1693,7.0380,-29.474,9.103,5.280,0.000,9.082,0.021,Fairway,roll,0.000,0
1694,7.0421,-29.474,9.103,5.280,0.000,9.082,0.021,Fairway,roll,0.000,0
1695,7.0463,-29.475,9.103,5.280,0.000,9.082,0.021,Fairway,roll,0.000,0
1696,7.0505,-29.476,9.103,5.280,0.000,9.082,0.021,Fairway,roll,0.000,0
1697,7.0546,-29.477,9.103,5.279,0.000,9.082,0.021,Fairway,roll,0.000,0
1698,7.0588,-29.477,9.103,5.279,0.000,9.082,0.021,Fairway,roll,0.000,0
1699,7.0630,-29.478,9.103,5.279,0.000,9.082,0.021,Fairway,roll,0.000,0
1700,7.0671,-29.479,9.103,5.278,0.000,9.082,0.021,Fairway,roll,0.000,0
1701,7.0713,-29.479,9.103,5.278,0.000,9.082,0.021,Fairway,roll,0.000,0
1702,7.0755,-29.480,9.103,5.278,0.000,9.082,0.021,Fairway,roll,0.000,0
1703,7.0796,-29.481,9.103,5.278,0.000,9.082,0.021,Fairway,roll,0.000,0
1704,7.0838,-29.482,9.103,5.277,0.000,9.082,0.021,Fairway,roll,0.000,0
1705,7.0880,-29.482,9.103,5.277,0.000,9.082,0.021,Fairway,roll,0.000,0
1706,7.0921,-29.483,9.103,5.277,0.000,9.082,0.021,Fairway,roll,0.000,0
1707,7.0963,-29.484,9.103,5.276,0.000,9.082,0.021,Fairway,roll,0.000,0
1708,7.1004,-29.484,9.103,5.276,0.000,9.082,0.021,Fairway,roll,0.000,0
1709,7.1046,-29.485,9.103,5.276,0.000,9.082,0.021,Fairway,roll,0.000,0
1710,7.1088,-29.486,9.103,5.276,0.000,9.082,0.021,Fairway,roll,0.000,0
1711,7.1129,-29.487,9.103,5.275,0.000,9.082,0.021,Fairway,roll,0.000,0
1712,7.1171,-29.487,9.103,5.275,0.000,9.082,0.021,Fairway,roll,0.000,0
1713,7.1213,-29.488,9.103,5.275,0.000,9.082,0.021,Fairway,roll,0.000,0
1714,7.1254,-29.489,9.103,5.274,0.000,9.082,0.021,Fairway,roll,0.000,0
1715,7.1296,-29.489,9.103,5.274,0.000,9.082,0.021,Fairway,roll,0.000,0
1716,7.1338,-29.490,9.103,5.274,0.000,9.082,0.021,Fairway,roll,0.000,0
1717,7.1379,-29.491,9.103,5.274,0.000,9.082,0.021,Fairway,roll,0.000,0
1718,7.1421,-29.491,9.103,5.273,0.000,9.082,0.021,Fairway,roll,0.000,0
1719,7.1463,-29.492,9.103,5.273,0.000,9.081,0.021,Fairway,roll,0.000,0
1720,7.1504,-29.493,9.103,5.273,0.000,9.081,0.021,Fairway,roll,0.000,0
1721,7.1546,-29.494,9.103,5.272,0.000,9.081,0.021,Fairway,roll,0.000,0
1722,7.1588,-29.494,9.103,5.272,0.000,9.081,0.021,Fairway,roll,0.000,0
1723,7.1629,-29.495,9.103,5.272,0.000,9.081,0.021,Fairway,roll,0.000,0
1724,7.1671,-29.496,9.103,5.271,0.000,9.081,0.021,Fairway,roll,0.000,0
1725,7.1713,-29.496,9.103,5.271,0.000,9.081,0.021,Fairway,roll,0.000,0
1726,7.1754,-29.497,9.103,5.271,0.000,9.081,0.021,Fairway,roll,0.000,0
1727,7.1796,-29.498,9.103,5.271,0.000,9.081,0.021,Fairway,roll,0.000,0
1728,7.1838,-29.499,9.103,5.270,0.000,9.081,0.021,Fairway,roll,0.000,0
1729,7.1879,-29.499,9.103,5.270,0.000,9.081,0.021,Fairway,roll,0.000,0
1730,7.1921,-29.500,9.103,5.270,0.000,9.081,0.021,Fairway,roll,0.000,0
1731,7.1963,-29.501,9.103,5.269,0.000,9.081,0.021,Fairway,roll,0.000,0
1732,7.2004,-29.501,9.103,5.269,0.000,9.081,0.021,Fairway,roll,0.000,0
1733,7.2046,-29.502,9.102,5.269,0.000,9.081,0.021,Fairway,roll,0.000,0
1734,7.2088,-29.503,9.102,5.269,0.000,9.081,0.021,Fairway,roll,0.000,0
1735,7.2129,-29.503,9.102,5.268,0.000,9.081,0.021,Fairway,roll,0.000,0
1736,7.2171,-29.504,9.102,5.268,0.000,9.081,0.021,Fairway,roll,0.000,0
1737,7.2213,-29.505,9.102,5.268,0.000,9.081,0.021,Fairway,roll,0.000,0
1738,7.2254,-29.505,9.102,5.267,0.000,9.081,0.021,Fairway,roll,0.000,0
1739,7.2296,-29.506,9.102,5.267,0.000,9.081,0.021,Fairway,roll,0.000,0
1740,7.2337,-29.507,9.102,5.267,0.000,9.081,0.021,Fairway,roll,0.000,0
1741,7.2379,-29.508,9.102,5.267,0.000,9.081,0.021,Fairway,roll,0.000,0
1742,7.2421,-29.508,9.102,5.266,0.000,9.081,0.021,Fairway,roll,0.000,0
1743,7.2462,-29.509,9.102,5.266,0.000,9.081,0.021,Fairway,roll,0.000,0
1744,7.2504,-29.510,9.102,5.266,0.000,9.081,0.021,Fairway,roll,0.000,0
1745,7.2546,-29.510,9.102,5.265,0.000,9.081,0.021,Fairway,roll,0.000,0
1746,7.2587,-29.511,9.102,5.265,0.000,9.081,0.021,Fairway,roll,0.000,0
1747,7.2629,-29.512,9.102,5.265,0.000,9.081,0.021,Fairway,roll,0.000,0
1748,7.2671,-29.512,9.102,5.265,0.000,9.081,0.021,Fairway,roll,0.000,0
1749,7.2712,-29.513,9.102,5.264,0.000,9.081,0.021,Fairway,roll,0.000,0
1750,7.2754,-29.514,9.102,5.264,0.000,9.081,0.021,Fairway,roll,0.000,0
1751,7.2796,-29.514,9.102,5.264,0.000,9.081,0.021,Fairway,roll,0.000,0
1752,7.2837,-29.515,9.102,5.263,0.000,9.081,0.021,Fairway,roll,0.000,0
1753,7.2879,-29.516,9.102,5.263,0.000,9.081,0.021,Fairway,roll,0.000,0
1754,7.2921,-29.516,9.102,5.263,0.000,9.081,0.021,Fairway,roll,0.000,0
1755,7.2962,-29.517,9.102,5.263,0.000,9.081,0.021,Fairway,roll,0.000,0
1756,7.3004,-29.518,9.102,5.262,0.000,9.081,0.021,Fairway,roll,0.000,0
1757,7.3046,-29.519,9.102,5.262,0.000,9.081,0.021,Fairway,roll,0.000,0
1758,7.3087,-29.519,9.102,5.262,0.000,9.081,0.021,Fairway,roll,0.000,0
1759,7.3129,-29.520,9.102,5.261,0.000,9.081,0.021,Fairway,roll,0.000,0
1760,7.3171,-29.521,9.102,5.261,0.000,9.081,0.021,Fairway,roll,0.000,0
1761,7.3212,-29.521,9.102,5.261,0.000,9.080,0.021,Fairway,roll,0.000,0
1762,7.3254,-29.522,9.102,5.261,0.000,9.080,0.021,Fairway,roll,0.000,0
1763,7.3296,-29.523,9.102,5.260,0.000,9.080,0.021,Fairway,roll,0.000,0
1764,7.3337,-29.523,9.102,5.260,0.000,9.080,0.021,Fairway,roll,0.000,0
1765,7.3379,-29.524,9.102,5.260,0.000,9.080,0.021,Fairway,roll,0.000,0
1766,7.3421,-29.525,9.102,5.260,0.000,9.080,0.021,Fairway,roll,0.000,0
1767,7.3462,-29.525,9.102,5.259,0.000,9.080,0.021,Fairway,roll,0.000,0
1768,7.3504,-29.526,9.102,5.259,0.000,9.080,0.021,Fairway,roll,0.000,0
1769,7.3546,-29.527,9.102,5.259,0.000,9.080,0.021,Fairway,roll,0.000,0
1770,7.3587,-29.527,9.102,5.258,0.000,9.080,0.021,Fairway,roll,0.000,0
1771,7.3629,-29.528,9.102,5.258,0.000,9.080,0.021,Fairway,roll,0.000,0
1772,7.3671,-29.529,9.102,5.258,0.000,9.080,0.021,Fairway,roll,0.000,0
1773,7.3712,-29.529,9.102,5.258,0.000,9.080,0.021,Fairway,roll,0.000,0
1774,7.3754,-29.530,9.102,5.257,0.000,9.080,0.021,Fairway,roll,0.000,0
1775,7.3795,-29.531,9.102,5.257,0.000,9.080,0.021,Fairway,roll,0.000,0
1776,7.3837,-29.531,9.101,5.257,0.000,9.080,0.021,Fairway,roll,0.000,0
1777,7.3879,-29.532,9.101,5.257,0.000,9.080,0.021,Fairway,roll,0.000,0
1778,7.3920,-29.533,9.101,5.256,0.000,9.080,0.021,Fairway,roll,0.000,0
1779,7.3962,-29.533,9.101,5.256,0.000,9.080,0.021,Fairway,roll,0.000,0
1780,7.4004,-29.534,9.101,5.256,0.000,9.080,0.021,Fairway,roll,0.000,0
1781,7.4045,-29.535,9.101,5.255,0.000,9.080,0.021,Fairway,roll,0.000,0
1782,7.4087,-29.535,9.101,5.255,0.000,9.080,0.021,Fairway,roll,0.000,0
1783,7.4129,-29.536,9.101,5.255,0.000,9.080,0.021,Fairway,roll,0.000,0
1784,7.4170,-29.537,9.101,5.255,0.000,9.080,0.021,Fairway,roll,0.000,0
1785,7.4212,-29.538,9.101,5.254,0.000,9.080,0.021,Fairway,roll,0.000,0
1786,7.4254,-29.538,9.101,5.254,0.000,9.080,0.021,Fairway,roll,0.000,0
1787,7.4295,-29.539,9.101,5.254,0.000,9.080,0.021,Fairway,roll,0.000,0
1788,7.4337,-29.540,9.101,5.253,0.000,9.080,0.021,Fairway,roll,0.000,0
1789,7.4379,-29.540,9.101,5.253,0.000,9.080,0.021,Fairway,roll,0.000,0
1790,7.4420,-29.541,9.101,5.253,0.000,9.080,0.021,Fairway,roll,0.000,0
1791,7.4462,-29.542,9.101,5.253,0.000,9.080,0.021,Fairway,roll,0.000,0
1792,7.4504,-29.542,9.101,5.252,0.000,9.080,0.021,Fairway,roll,0.000,0
1793,7.4545,-29.543,9.101,5.252,0.000,9.080,0.021,Fairway,roll,0.000,0
1794,7.4587,-29.544,9.101,5.252,0.000,9.080,0.021,Fairway,roll,0.000,0
1795,7.4629,-29.544,9.101,5.252,0.000,9.080,0.021,Fairway,roll,0.000,0
1796,7.4670,-29.545,9.101,5.251,0.000,9.080,0.021,Fairway,roll,0.000,0
1797,7.4712,-29.546,9.101,5.251,0.000,9.080,0.021,Fairway,roll,0.000,0
1798,7.4754,-29.546,9.101,5.251,0.000,9.080,0.021,Fairway,roll,0.000,0
1799,7.4795,-29.547,9.101,5.250,0.000,9.080,0.021,Fairway,roll,0.000,0
1800,7.4837,-29.548,9.101,5.250,0.000,9.080,0.021,Fairway,roll,0.000,0
1801,7.4879,-29.548,9.101,5.250,0.000,9.080,0.021,Fairway,roll,0.000,0
1802,7.4920,-29.549,9.101,5.250,0.000,9.080,0.021,Fairway,roll,0.000,0
1803,7.4962,-29.550,9.101,5.249,0.000,9.080,0.021,Fairway,roll,0.000,0
1804,7.5004,-29.550,9.101,5.249,0.000,9.080,0.021,Fairway,roll,0.000,0
1805,7.5045,-29.551,9.101,5.249,0.000,9.079,0.021,Fairway,roll,0.000,0
1806,7.5087,-29.552,9.101,5.249,0.000,9.079,0.021,Fairway,roll,0.000,0
1807,7.5128,-29.552,9.101,5.248,0.000,9.079,0.021,Fairway,roll,0.000,0
1808,7.5170,-29.553,9.101,5.248,0.000,9.079,0.021,Fairway,roll,0.000,0
1809,7.5212,-29.554,9.101,5.248,0.000,9.079,0.021,Fairway,roll,0.000,0
1810,7.5253,-29.554,9.101,5.247,0.000,9.079,0.021,Fairway,roll,0.000,0
1811,7.5295,-29.555,9.101,5.247,0.000,9.079,0.021,Fairway,roll,0.000,0
1812,7.5337,-29.555,9.101,5.247,0.000,9.079,0.021,Fairway,roll,0.000,0
1813,7.5378,-29.556,9.101,5.247,0.000,9.079,0.021,Fairway,roll,0.000,0
1814,7.5420,-29.557,9.101,5.246,0.000,9.079,0.021,Fairway,roll,0.000,0
1815,7.5462,-29.557,9.101,5.246,0.000,9.079,0.021,Fairway,roll,0.000,0
1816,7.5503,-29.558,9.101,5.246,0.000,9.079,0.021,Fairway,roll,0.000,0
1817,7.5545,-29.559,9.101,5.246,0.000,9.079,0.021,Fairway,roll,0.000,0
1818,7.5587,-29.559,9.100,5.245,0.000,9.079,0.021,Fairway,roll,0.000,0
1819,7.5628,-29.560,9.100,5.245,0.000,9.079,0.021,Fairway,roll,0.000,0
1820,7.5670,-29.561,9.100,5.245,0.000,9.079,0.021,Fairway,roll,0.000,0
1821,7.5712,-29.561,9.100,5.244,0.000,9.079,0.021,Fairway,roll,0.000,0
1822,7.5753,-29.562,9.100,5.244,0.000,9.079,0.021,Fairway,roll,0.000,0
1823,7.5795,-29.563,9.100,5.244,0.000,9.079,0.021,Fairway,roll,0.000,0
1824,7.5837,-29.563,9.100,5.244,0.000,9.079,0.021,Fairway,roll,0.000,0
1825,7.5878,-29.564,9.100,5.243,0.000,9.079,0.021,Fairway,roll,0.000,0
1826,7.5920,-29.565,9.100,5.243,0.000,9.079,0.021,Fairway,roll,0.000,0
1827,7.5962,-29.565,9.100,5.243,0.000,9.079,0.021,Fairway,roll,0.000,0
1828,7.6003,-29.566,9.100,5.242,0.000,9.079,0.021,Fairway,roll,0.000,0
1829,7.6045,-29.567,9.100,5.242,0.000,9.079,0.021,Fairway,roll,0.000,0
1830,7.6087,-29.567,9.100,5.242,0.000,9.079,0.021,Fairway,roll,0.000,0
1831,7.6128,-29.568,9.100,5.242,0.000,9.079,0.021,Fairway,roll,0.000,0
1832,7.6170,-29.569,9.100,5.241,0.000,9.079,0.021,Fairway,roll,0.000,0
1833,7.6212,-29.569,9.100,5.241,0.000,9.079,0.021,Fairway,roll,0.000,0
1834,7.6253,-29.570,9.100,5.241,0.000,9.079,0.021,Fairway,roll,0.000,0
1835,7.6295,-29.571,9.100,5.241,0.000,9.079,0.021,Fairway,roll,0.000,0
1836,7.6337,-29.571,9.100,5.240,0.000,9.079,0.021,Fairway,roll,0.000,0
1837,7.6378,-29.572,9.100,5.240,0.000,9.079,0.021,Fairway,roll,0.000,0
1838,7.6420,-29.573,9.100,5.240,0.000,9.079,0.021,Fairway,roll,0.000,0
1839,7.6461,-29.573,9.100,5.240,0.000,9.079,0.021,Fairway,roll,0.000,0
1840,7.6503,-29.574,9.100,5.239,0.000,9.079,0.021,Fairway,roll,0.000,0
1841,7.6545,-29.574,9.100,5.239,0.000,9.079,0.021,Fairway,roll,0.000,0
1842,7.6586,-29.575,9.100,5.239,0.000,9.079,0.021,Fairway,roll,0.000,0
1843,7.6628,-29.576,9.100,5.239,0.000,9.079,0.021,Fairway,roll,0.000,0
1844,7.6670,-29.576,9.100,5.238,0.000,9.079,0.021,Fairway,roll,0.000,0
1845,7.6711,-29.577,9.100,5.238,0.000,9.078,0.021,Fairway,roll,0.000,0
1846,7.6753,-29.578,9.100,5.238,0.000,9.078,0.021,Fairway,roll,0.000,0
1847,7.6795,-29.578,9.100,5.238,0.000,9.078,0.021,Fairway,roll,0.000,0
1848,7.6836,-29.579,9.100,5.237,0.000,9.078,0.021,Fairway,roll,0.000,0
1849,7.6878,-29.580,9.100,5.237,0.000,9.078,0.021,Fairway,roll,0.000,0
1850,7.6920,-29.580,9.100,5.237,0.000,9.078,0.021,Fairway,roll,0.000,0
1851,7.6961,-29.581,9.100,5.236,0.000,9.078,0.021,Fairway,roll,0.000,0
1852,7.7003,-29.582,9.100,5.236,0.000,9.078,0.021,Fairway,roll,0.000,0
1853,7.7045,-29.582,9.100,5.236,0.000,9.078,0.021,Fairway,roll,0.000,0
1854,7.7086,-29.583,9.100,5.236,0.000,9.078,0.021,Fairway,roll,0.000,0
1855,7.7128,-29.583,9.100,5.235,0.000,9.078,0.021,Fairway,roll,0.000,0
1856,7.7170,-29.584,9.100,5.235,0.000,9.078,0.021,Fairway,roll,0.000,0
1857,7.7211,-29.585,9.100,5.235,0.000,9.078,0.021,Fairway,roll,0.000,0
1858,7.7253,-29.585,9.100,5.235,0.000,9.078,0.021,Fairway,roll,0.000,0
1859,7.7295,-29.586,9.100,5.234,0.000,9.078,0.021,Fairway,roll,0.000,0
1860,7.7336,-29.587,9.100,5.234,0.000,9.078,0.021,Fairway,roll,0.000,0
1861,7.7378,-29.587,9.100,5.234,0.000,9.078,0.021,Fairway,roll,0.000,0
1862,7.7420,-29.588,9.100,5.234,0.000,9.078,0.021,Fairway,roll,0.000,0
1863,7.7461,-29.589,9.100,5.233,0.000,9.078,0.021,Fairway,roll,0.000,0
1864,7.7503,-29.589,9.100,5.233,0.000,9.078,0.021,Fairway,roll,0.000,0
1865,7.7545,-29.590,9.099,5.233,0.000,9.078,0.021,Fairway,roll,0.000,0
1866,7.7586,-29.590,9.099,5.233,0.000,9.078,0.021,Fairway,roll,0.000,0
1867,7.7628,-29.591,9.099,5.232,0.000,9.078,0.021,Fairway,roll,0.000,0
1868,7.7670,-29.592,9.099,5.232,0.000,9.078,0.021,Fairway,roll,0.000,0
1869,7.7711,-29.592,9.099,5.232,0.000,9.078,0.021,Fairway,roll,0.000,0
1870,7.7753,-29.593,9.099,5.232,0.000,9.078,0.021,Fairway,roll,0.000,0
1871,7.7794,-29.594,9.099,5.231,0.000,9.078,0.021,Fairway,roll,0.000,0
1872,7.7836,-29.594,9.099,5.231,0.000,9.078,0.021,Fairway,roll,0.000,0
1873,7.7878,-29.595,9.099,5.231,0.000,9.078,0.021,Fairway,roll,0.000,0
1874,7.7919,-29.596,9.099,5.230,0.000,9.078,0.021,Fairway,roll,0.000,0
1875,7.7961,-29.596,9.099,5.230,0.000,9.078,0.021,Fairway,roll,0.000,0
1876,7.8003,-29.597,9.099,5.230,0.000,9.078,0.021,Fairway,roll,0.000,0
1877,7.8044,-29.597,9.099,5.230,0.000,9.078,0.021,Fairway,roll,0.000,0
1878,7.8086,-29.598,9.099,5.229,0.000,9.078,0.021,Fairway,roll,0.000,0
1879,7.8128,-29.599,9.099,5.229,0.000,9.078,0.021,Fairway,roll,0.000,0
1880,7.8169,-29.599,9.099,5.229,0.000,9.078,0.021,Fairway,roll,0.000,0
1881,7.8211,-29.600,9.099,5.229,0.000,9.078,0.021,Fairway,roll,0.000,0
1882,7.8253,-29.601,9.099,5.228,0.000,9.078,0.021,Fairway,roll,0.000,0
1883,7.8294,-29.601,9.099,5.228,0.000,9.078,0.021,Fairway,roll,0.000,0
1884,7.8336,-29.602,9.099,5.228,0.000,9.078,0.021,Fairway,roll,0.000,0
1885,7.8378,-29.602,9.099,5.228,0.000,9.078,0.021,Fairway,roll,0.000,0
1886,7.8419,-29.603,9.099,5.227,0.000,9.078,0.021,Fairway,roll,0.000,0
1887,7.8461,-29.604,9.099,5.227,0.000,9.078,0.021,Fairway,roll,0.000,0
1888,7.8503,-29.604,9.099,5.227,0.000,9.078,0.021,Fairway,roll,0.000,0
1889,7.8544,-29.605,9.099,5.227,0.000,9.078,0.021,Fairway,roll,0.000,0
1890,7.8586,-29.606,9.099,5.226,0.000,9.078,0.021,Fairway,roll,0.000,0
1891,7.8628,-29.606,9.099,5.226,0.000,9.078,0.021,Fairway,roll,0.000,0
1892,7.8669,-29.607,9.099,5.226,0.000,9.078,0.021,Fairway,roll,0.000,0
1893,7.8711,-29.607,9.099,5.226,0.000,9.078,0.021,Fairway,roll,0.000,0
1894,7.8753,-29.608,9.099,5.225,0.000,9.078,0.021,Fairway,roll,0.000,0
1895,7.8794,-29.609,9.099,5.225,0.000,9.078,0.021,Fairway,roll,0.000,0
1896,7.8836,-29.609,9.099,5.225,0.000,9.078,0.021,Fairway,roll,0.000,0
1897,7.8878,-29.610,9.099,5.225,0.000,9.078,0.021,Fairway,roll,0.000,0
1898,7.8919,-29.611,9.099,5.224,0.000,9.078,0.021,Fairway,roll,0.000,0
1899,7.8961,-29.611,9.099,5.224,0.000,9.078,0.021,Fairway,roll,0.000,0
1900,7.9003,-29.612,9.099,5.224,0.000,9.078,0.021,Fairway,roll,0.000,0
1901,7.9044,-29.612,9.099,5.223,0.000,9.077,0.021,Fairway,roll,0.000,0
1902,7.9086,-29.613,9.099,5.223,0.000,9.077,0.021,Fairway,roll,0.000,0
1903,7.9128,-29.614,9.099,5.223,0.000,9.077,0.021,Fairway,roll,0.000,0
1904,7.9169,-29.614,9.099,5.223,0.000,9.077,0.021,Fairway,roll,0.000,0
1905,7.9211,-29.615,9.099,5.222,0.000,9.077,0.021,Fairway,roll,0.000,0
1906,7.9252,-29.616,9.099,5.222,0.000,9.077,0.021,Fairway,roll,0.000,0
1907,7.9294,-29.616,9.099,5.222,0.000,9.077,0.021,Fairway,roll,0.000,0
1908,7.9336,-29.617,9.099,5.222,0.000,9.077,0.021,Fairway,roll,0.000,0
1909,7.9377,-29.617,9.099,5.221,0.000,9.077,0.021,Fairway,roll,0.000,0
1910,7.9419,-29.618,9.099,5.221,0.000,9.077,0.021,Fairway,roll,0.000,0
1911,7.9461,-29.619,9.099,5.221,0.000,9.077,0.021,Fairway,roll,0.000,0
1912,7.9502,-29.619,9.099,5.221,0.000,9.077,0.021,Fairway,roll,0.000,0
1913,7.9544,-29.620,9.099,5.220,0.000,9.077,0.021,Fairway,roll,0.000,0
1914,7.9586,-29.620,9.099,5.220,0.000,9.077,0.021,Fairway,roll,0.000,0
1915,7.9627,-29.621,9.098,5.220,0.000,9.077,0.021,Fairway,roll,0.000,0
1916,7.9669,-29.622,9.098,5.220,0.000,9.077,0.021,Fairway,roll,0.000,0
1917,7.9711,-29.622,9.098,5.219,0.000,9.077,0.021,Fairway,roll,0.000,0
1918,7.9752,-29.623,9.098,5.219,0.000,9.077,0.021,Fairway,roll,0.000,0
1919,7.9794,-29.623,9.098,5.219,0.000,9.077,0.021,Fairway,roll,0.000,0
1920,7.9836,-29.624,9.098,5.219,0.000,9.077,0.021,Fairway,roll,0.000,0
1921,7.9877,-29.625,9.098,5.218,0.000,9.077,0.021,Fairway,roll,0.000,0
1922,7.9919,-29.625,9.098,5.218,0.000,9.077,0.021,Fairway,roll,0.000,0
1923,7.9961,-29.626,9.098,5.218,0.000,9.077,0.021,Fairway,roll,0.000,0
1924,8.0002,-29.627,9.098,5.218,0.000,9.077,0.021,Fairway,roll,0.000,0
1925,8.0044,-29.627,9.098,5.217,0.000,9.077,0.021,Fairway,roll,0.000,0
1926,8.0086,-29.628,9.098,5.217,0.000,9.077,0.021,Fairway,roll,0.000,0
1927,8.0127,-29.628,9.098,5.217,0.000,9.077,0.021,Fairway,roll,0.000,0
1928,8.0169,-29.629,9.098,5.216,0.000,9.077,0.021,Fairway,roll,0.000,0
1929,8.0211,-29.630,9.098,5.216,0.000,9.077,0.021,Fairway,roll,0.000,0
1930,8.0252,-29.630,9.098,5.216,0.000,9.077,0.021,Fairway,roll,0.000,0
1931,8.0294,-29.631,9.098,5.216,0.000,9.077,0.021,Fairway,roll,0.000,0
1932,8.0336,-29.631,9.098,5.215,0.000,9.077,0.021,Fairway,roll,0.000,0
1933,8.0377,-29.632,9.098,5.215,0.000,9.077,0.021,Fairway,roll,0.000,0
1934,8.0419,-29.633,9.098,5.215,0.000,9.077,0.021,Fairway,roll,0.000,0
1935,8.0461,-29.633,9.098,5.215,0.000,9.077,0.021,Fairway,roll,0.000,0
1936,8.0502,-29.634,9.098,5.214,0.000,9.077,0.021,Fairway,roll,0.000,0
1937,8.0544,-29.634,9.098,5.214,0.000,9.077,0.021,Fairway,roll,0.000,0
1938,8.0585,-29.635,9.098,5.214,0.000,9.077,0.021,Fairway,roll,0.000,0
1939,8.0627,-29.636,9.098,5.214,0.000,9.077,0.021,Fairway,roll,0.000,0
1940,8.0669,-29.636,9.098,5.213,0.000,9.077,0.021,Fairway,roll,0.000,0
1941,8.0710,-29.637,9.098,5.213,0.000,9.077,0.021,Fairway,roll,0.000,0
1942,8.0752,-29.638,9.098,5.213,0.000,9.077,0.021,Fairway,roll,0.000,0
1943,8.0794,-29.638,9.098,5.213,0.000,9.077,0.021,Fairway,roll,0.000,0
1944,8.0835,-29.639,9.098,5.212,0.000,9.077,0.021,Fairway,roll,0.000,0
1945,8.0877,-29.639,9.098,5.212,0.000,9.077,0.021,Fairway,roll,0.000,0
1946,8.0919,-29.640,9.098,5.212,0.000,9.077,0.021,Fairway,roll,0.000,0
1947,8.0960,-29.640,9.098,5.212,0.000,9.077,0.021,Fairway,roll,0.000,0
1948,8.1002,-29.641,9.098,5.211,0.000,9.077,0.021,Fairway,roll,0.000,0
1949,8.1044,-29.642,9.098,5.211,0.000,9.077,0.021,Fairway,roll,0.000,0
1950,8.1085,-29.642,9.098,5.211,0.000,9.077,0.021,Fairway,roll,0.000,0
1951,8.1127,-29.643,9.098,5.211,0.000,9.077,0.021,Fairway,roll,0.000,0
1952,8.1169,-29.643,9.098,5.210,0.000,9.077,0.021,Fairway,roll,0.000,0
1953,8.1210,-29.644,9.098,5.210,0.000,9.077,0.021,Fairway,roll,0.000,0
1954,8.1252,-29.645,9.098,5.210,0.000,9.077,0.021,Fairway,roll,0.000,0
1955,8.1294,-29.645,9.098,5.210,0.000,9.077,0.021,Fairway,roll,0.000,0
1956,8.1335,-29.646,9.098,5.209,0.000,9.077,0.021,Fairway,roll,0.000,0
1957,8.1377,-29.646,9.098,5.209,0.000,9.077,0.021,Fairway,roll,0.000,0
1958,8.1419,-29.647,9.098,5.209,0.000,9.076,0.021,Fairway,roll,0.000,0
1959,8.1460,-29.648,9.098,5.209,0.000,9.076,0.021,Fairway,roll,0.000,0
1960,8.1502,-29.648,9.098,5.209,0.000,9.076,0.021,Fairway,roll,0.000,0
1961,8.1544,-29.649,9.098,5.208,0.000,9.076,0.021,Fairway,roll,0.000,0
1962,8.1585,-29.649,9.098,5.208,0.000,9.076,0.021,Fairway,roll,0.000,0
1963,8.1627,-29.650,9.098,5.208,0.000,9.076,0.021,Fairway,roll,0.000,0
1964,8.1669,-29.651,9.098,5.208,0.000,9.076,0.021,Fairway,roll,0.000,0
1965,8.1710,-29.651,9.098,5.207,0.000,9.076,0.021,Fairway,roll,0.000,0
1966,8.1752,-29.652,9.098,5.207,0.000,9.076,0.021,Fairway,roll,0.000,0
1967,8.1794,-29.652,9.098,5.207,0.000,9.076,0.021,Fairway,roll,0.000,0
1968,8.1835,-29.653,9.098,5.207,0.000,9.076,0.021,Fairway,roll,0.000,0
1969,8.1877,-29.654,9.098,5.206,0.000,9.076,0.021,Fairway,roll,0.000,0
1970,8.1918,-29.654,9.098,5.206,0.000,9.076,0.021,Fairway,roll,0.000,0
1971,8.1960,-29.655,9.098,5.206,0.000,9.076,0.021,Fairway,roll,0.000,0
1972,8.2002,-29.655,9.098,5.206,0.000,9.076,0.021,Fairway,roll,0.000,0
1973,8.2043,-29.656,9.098,5.205,0.000,9.076,0.021,Fairway,roll,0.000,0
1974,8.2085,-29.657,9.097,5.205,0.000,9.076,0.021,Fairway,roll,0.000,0
1975,8.2127,-29.657,9.097,5.205,0.000,9.076,0.021,Fairway,roll,0.000,0
1976,8.2168,-29.658,9.097,5.205,0.000,9.076,0.021,Fairway,roll,0.000,0
1977,8.2210,-29.658,9.097,5.204,0.000,9.076,0.021,Fairway,roll,0.000,0
1978,8.2252,-29.659,9.097,5.204,0.000,9.076,0.021,Fairway,roll,0.000,0
1979,8.2293,-29.660,9.097,5.204,0.000,9.076,0.021,Fairway,roll,0.000,0
1980,8.2335,-29.660,9.097,5.204,0.000,9.076,0.021,Fairway,roll,0.000,0
1981,8.2377,-29.661,9.097,5.203,0.000,9.076,0.021,Fairway,roll,0.000,0
1982,8.2418,-29.661,9.097,5.203,0.000,9.076,0.021,Fairway,roll,0.000,0
1983,8.2460,-29.662,9.097,5.203,0.000,9.076,0.021,Fairway,roll,0.000,0
1984,8.2502,-29.662,9.097,5.203,0.000,9.076,0.021,Fairway,roll,0.000,0
1985,8.2543,-29.663,9.097,5.202,0.000,9.076,0.021,Fairway,roll,0.000,0
1986,8.2585,-29.664,9.097,5.202,0.000,9.076,0.021,Fairway,roll,0.000,0
1987,8.2627,-29.664,9.097,5.202,0.000,9.076,0.021,Fairway,roll,0.000,0
1988,8.2668,-29.665,9.097,5.202,0.000,9.076,0.021,Fairway,roll,0.000,0
1989,8.2710,-29.665,9.097,5.201,0.000,9.076,0.021,Fairway,roll,0.000,0
1990,8.2752,-29.666,9.097,5.201,0.000,9.076,0.021,Fairway,roll,0.000,0
1991,8.2793,-29.666,9.097,5.201,0.000,9.076,0.021,Fairway,roll,0.000,0
1992,8.2835,-29.667,9.097,5.201,0.000,9.076,0.021,Fairway,roll,0.000,0
1993,8.2877,-29.668,9.097,5.200,0.000,9.076,0.021,Fairway,roll,0.000,0
1994,8.2918,-29.668,9.097,5.200,0.000,9.076,0.021,Fairway,roll,0.000,0
1995,8.2960,-29.669,9.097,5.200,0.000,9.076,0.021,Fairway,roll,0.000,0
1996,8.3002,-29.669,9.097,5.200,0.000,9.076,0.021,Fairway,roll,0.000,0
1997,8.3043,-29.670,9.097,5.199,0.000,9.076,0.021,Fairway,roll,0.000,0
1998,8.3085,-29.671,9.097,5.199,0.000,9.076,0.021,Fairway,roll,0.000,0
1999,8.3127,-29.671,9.097,5.199,0.000,9.076,0.021,Fairway,roll,0.000,0
2000,8.3168,-29.672,9.097,5.199,0.000,9.076,0.021,Fairway,roll,0.000,0
2001,8.3210,-29.672,9.097,5.199,0.000,9.076,0.021,Fairway,roll,0.000,0
2002,8.3252,-29.673,9.097,5.198,0.000,9.076,0.021,Fairway,roll,0.000,0
2003,8.3293,-29.673,9.097,5.198,0.000,9.076,0.021,Fairway,roll,0.000,0
2004,8.3335,-29.674,9.097,5.198,0.000,9.076,0.021,Fairway,roll,0.000,0
2005,8.3376,-29.675,9.097,5.198,0.000,9.076,0.021,Fairway,roll,0.000,0
2006,8.3418,-29.675,9.097,5.197,0.000,9.076,0.021,Fairway,roll,0.000,0
2007,8.3460,-29.676,9.097,5.197,0.000,9.076,0.021,Fairway,roll,0.000,0
2008,8.3501,-29.676,9.097,5.197,0.000,9.076,0.021,Fairway,roll,0.000,0
2009,8.3543,-29.677,9.097,5.197,0.000,9.076,0.021,Fairway,roll,0.000,0
2010,8.3585,-29.677,9.097,5.196,0.000,9.076,0.021,Fairway,roll,0.000,0
2011,8.3626,-29.678,9.097,5.196,0.000,9.076,0.021,Fairway,roll,0.000,0
2012,8.3668,-29.679,9.097,5.196,0.000,9.076,0.021,Fairway,roll,0.000,0
2013,8.3710,-29.679,9.097,5.196,0.000,9.076,0.021,Fairway,roll,0.000,0
2014,8.3751,-29.680,9.097,5.195,0.000,9.076,0.021,Fairway,roll,0.000,0
2015,8.3793,-29.680,9.097,5.195,0.000,9.076,0.021,Fairway,roll,0.000,0
2016,8.3835,-29.681,9.097,5.195,0.000,9.076,0.021,Fairway,roll,0.000,0
2017,8.3876,-29.682,9.097,5.195,0.000,9.076,0.021,Fairway,roll,0.000,0
2018,8.3918,-29.682,9.097,5.194,0.000,9.076,0.021,Fairway,roll,0.000,0
2019,8.3960,-29.683,9.097,5.194,0.000,9.075,0.021,Fairway,roll,0.000,0
2020,8.4001,-29.683,9.097,5.194,0.000,9.075,0.021,Fairway,roll,0.000,0
2021,8.4043,-29.684,9.097,5.194,0.000,9.075,0.021,Fairway,roll,0.000,0
2022,8.4085,-29.684,9.097,5.193,0.000,9.075,0.021,Fairway,roll,0.000,0
2023,8.4126,-29.685,9.097,5.193,0.000,9.075,0.021,Fairway,roll,0.000,0
2024,8.4168,-29.686,9.097,5.193,0.000,9.075,0.021,Fairway,roll,0.000,0
2025,8.4210,-29.686,9.097,5.193,0.000,9.075,0.021,Fairway,roll,0.000,0
2026,8.4251,-29.687,9.097,5.192,0.000,9.075,0.021,Fairway,roll,0.000,0
2027,8.4293,-29.687,9.097,5.192,0.000,9.075,0.021,Fairway,roll,0.000,0
2028,8.4335,-29.688,9.097,5.192,0.000,9.075,0.021,Fairway,roll,0.000,0
2029,8.4376,-29.688,9.097,5.192,0.000,9.075,0.021,Fairway,roll,0.000,0
2030,8.4418,-29.689,9.097,5.191,0.000,9.075,0.021,Fairway,roll,0.000,0
2031,8.4460,-29.689,9.097,5.191,0.000,9.075,0.021,Fairway,roll,0.000,0
2032,8.4501,-29.690,9.097,5.191,0.000,9.075,0.021,Fairway,roll,0.000,0
2033,8.4543,-29.691,9.097,5.191,0.000,9.075,0.021,Fairway,roll,0.000,0
2034,8.4585,-29.691,9.096,5.190,0.000,9.075,0.021,Fairway,roll,0.000,0
2035,8.4626,-29.692,9.096,5.190,0.000,9.075,0.021,Fairway,roll,0.000,0
2036,8.4668,-29.692,9.096,5.190,0.000,9.075,0.021,Fairway,roll,0.000,0
2037,8.4709,-29.693,9.096,5.190,0.000,9.075,0.021,Fairway,roll,0.000,0
2038,8.4751,-29.693,9.096,5.189,0.000,9.075,0.021,Fairway,roll,0.000,0
2039,8.4793,-29.694,9.096,5.189,0.000,9.075,0.021,Fairway,roll,0.000,0
2040,8.4834,-29.695,9.096,5.189,0.000,9.075,0.021,Fairway,roll,0.000,0
2041,8.4876,-29.695,9.096,5.189,0.000,9.075,0.021,Fairway,roll,0.000,0
2042,8.4918,-29.696,9.096,5.188,0.000,9.075,0.021,Fairway,roll,0.000,0
2043,8.4959,-29.696,9.096,5.188,0.000,9.075,0.021,Fairway,roll,0.000,0
2044,8.5001,-29.697,9.096,5.188,0.000,9.075,0.021,Fairway,roll,0.000,0
2045,8.5043,-29.697,9.096,5.188,0.000,9.075,0.021,Fairway,roll,0.000,0
2046,8.5084,-29.698,9.096,5.188,0.000,9.075,0.021,Fairway,roll,0.000,0
2047,8.5126,-29.699,9.096,5.187,0.000,9.075,0.021,Fairway,roll,0.000,0
2048,8.5168,-29.699,9.096,5.187,0.000,9.075,0.021,Fairway,roll,0.000,0
2049,8.5209,-29.700,9.096,5.187,0.000,9.075,0.021,Fairway,roll,0.000,0
2050,8.5251,-29.700,9.096,5.187,0.000,9.075,0.021,Fairway,roll,0.000,0
2051,8.5293,-29.701,9.096,5.186,0.000,9.075,0.021,Fairway,roll,0.000,0
2052,8.5334,-29.701,9.096,5.186,0.000,9.075,0.021,Fairway,roll,0.000,0
2053,8.5376,-29.702,9.096,5.186,0.000,9.075,0.021,Fairway,roll,0.000,0
2054,8.5418,-29.702,9.096,5.186,0.000,9.075,0.021,Fairway,roll,0.000,0
2055,8.5459,-29.703,9.096,5.185,0.000,9.075,0.021,Fairway,roll,0.000,0
2056,8.5501,-29.704,9.096,5.185,0.000,9.075,0.021,Fairway,roll,0.000,0
2057,8.5543,-29.704,9.096,5.185,0.000,9.075,0.021,Fairway,roll,0.000,0
2058,8.5584,-29.705,9.096,5.185,0.000,9.075,0.021,Fairway,roll,0.000,0
2059,8.5626,-29.705,9.096,5.184,0.000,9.075,0.021,Fairway,roll,0.000,0
2060,8.5668,-29.706,9.096,5.184,0.000,9.075,0.021,Fairway,roll,0.000,0
2061,8.5709,-29.706,9.096,5.184,0.000,9.075,0.021,Fairway,roll,0.000,0
2062,8.5751,-29.707,9.096,5.184,0.000,9.075,0.021,Fairway,roll,0.000,0
2063,8.5793,-29.707,9.096,5.183,0.000,9.075,0.021,Fairway,roll,0.000,0
2064,8.5834,-29.708,9.096,5.183,0.000,9.075,0.021,Fairway,roll,0.000,0
2065,8.5876,-29.709,9.096,5.183,0.000,9.074,0.021,Fairway,roll,0.000,0
2066,8.5918,-29.709,9.096,5.183,0.000,9.074,0.021,Fairway,roll,0.000,0
2067,8.5959,-29.710,9.096,5.183,0.000,9.074,0.021,Fairway,roll,0.000,0
2068,8.6001,-29.710,9.096,5.182,0.000,9.074,0.021,Fairway,roll,0.000,0
2069,8.6042,-29.711,9.096,5.182,0.000,9.074,0.021,Fairway,roll,0.000,0
2070,8.6084,-29.711,9.096,5.182,0.000,9.074,0.021,Fairway,roll,0.000,0
2071,8.6126,-29.712,9.096,5.182,0.000,9.074,0.021,Fairway,roll,0.000,0
2072,8.6167,-29.712,9.096,5.181,0.000,9.074,0.021,Fairway,roll,0.000,0
2073,8.6209,-29.713,9.096,5.181,0.000,9.074,0.021,Fairway,roll,0.000,0
2074,8.6251,-29.714,9.096,5.181,0.000,9.074,0.021,Fairway,roll,0.000,0
2075,8.6292,-29.714,9.096,5.181,0.000,9.074,0.021,Fairway,roll,0.000,0
2076,8.6334,-29.715,9.096,5.180,0.000,9.074,0.021,Fairway,roll,0.000,0
2077,8.6376,-29.715,9.096,5.180,0.000,9.074,0.021,Fairway,roll,0.000,0
2078,8.6417,-29.716,9.096,5.180,0.000,9.074,0.021,Fairway,roll,0.000,0
2079,8.6459,-29.716,9.096,5.180,0.000,9.074,0.021,Fairway,roll,0.000,0
2080,8.6501,-29.717,9.096,5.180,0.000,9.074,0.021,Fairway,roll,0.000,0
2081,8.6542,-29.717,9.096,5.179,0.000,9.074,0.021,Fairway,roll,0.000,0
2082,8.6584,-29.718,9.096,5.179,0.000,9.074,0.021,Fairway,roll,0.000,0
2083,8.6626,-29.718,9.096,5.179,0.000,9.074,0.021,Fairway,roll,0.000,0
2084,8.6667,-29.719,9.096,5.179,0.000,9.074,0.021,Fairway,roll,0.000,0
2085,8.6709,-29.720,9.096,5.178,0.000,9.074,0.021,Fairway,roll,0.000,0
2086,8.6751,-29.720,9.096,5.178,0.000,9.074,0.021,Fairway,roll,0.000,0
2087,8.6792,-29.721,9.096,5.178,0.000,9.074,0.021,Fairway,roll,0.000,0
2088,8.6834,-29.721,9.096,5.178,0.000,9.074,0.021,Fairway,roll,0.000,0
2089,8.6876,-29.722,9.096,5.177,0.000,9.074,0.021,Fairway,roll,0.000,0
2090,8.6917,-29.722,9.095,5.177,0.000,9.074,0.021,Fairway,roll,0.000,0
2091,8.6959,-29.723,9.095,5.177,0.000,9.074,0.021,Fairway,roll,0.000,0
2092,8.7001,-29.723,9.095,5.177,0.000,9.074,0.021,Fairway,roll,0.000,0
2093,8.7042,-29.724,9.095,5.177,0.000,9.074,0.021,Fairway,roll,0.000,0
2094,8.7084,-29.725,9.095,5.176,0.000,9.074,0.021,Fairway,roll,0.000,0
2095,8.7126,-29.725,9.095,5.176,0.000,9.074,0.021,Fairway,roll,0.000,0
2096,8.7167,-29.726,9.095,5.176,0.000,9.074,0.021,Fairway,roll,0.000,0
2097,8.7209,-29.726,9.095,5.176,0.000,9.074,0.021,Fairway,roll,0.000,0
2098,8.7251,-29.727,9.095,5.175,0.000,9.074,0.021,Fairway,roll,0.000,0
2099,8.7292,-29.727,9.095,5.175,0.000,9.074,0.021,Fairway,roll,0.000,0
2100,8.7334,-29.728,9.095,5.175,0.000,9.074,0.021,Fairway,roll,0.000,0
2101,8.7375,-29.728,9.095,5.175,0.000,9.074,0.021,Fairway,roll,0.000,0
2102,8.7417,-29.729,9.095,5.175,0.000,9.074,0.021,Fairway,roll,0.000,0
2103,8.7459,-29.729,9.095,5.174,0.000,9.074,0.021,Fairway,roll,0.000,0
2104,8.7500,-29.730,9.095,5.174,0.000,9.074,0.021,Fairway,roll,0.000,0
2105,8.7542,-29.730,9.095,5.174,0.000,9.074,0.021,Fairway,roll,0.000,0
2106,8.7584,-29.731,9.095,5.174,0.000,9.074,0.021,Fairway,roll,0.000,0
2107,8.7625,-29.732,9.095,5.173,0.000,9.074,0.021,Fairway,roll,0.000,0
2108,8.7667,-29.732,9.095,5.173,0.000,9.074,0.021,Fairway,roll,0.000,0
2109,8.7709,-29.733,9.095,5.173,0.000,9.074,0.021,Fairway,roll,0.000,0
2110,8.7750,-29.733,9.095,5.173,0.000,9.074,0.021,Fairway,roll,0.000,0
2111,8.7792,-29.734,9.095,5.172,0.000,9.074,0.021,Fairway,roll,0.000,0
2112,8.7834,-29.734,9.095,5.172,0.000,9.074,0.021,Fairway,roll,0.000,0
2113,8.7875,-29.735,9.095,5.172,0.000,9.074,0.021,Fairway,roll,0.000,0
2114,8.7917,-29.735,9.095,5.172,0.000,9.074,0.021,Fairway,roll,0.000,0
2115,8.7959,-29.736,9.095,5.172,0.000,9.074,0.021,Fairway,roll,0.000,0
2116,8.8000,-29.736,9.095,5.171,0.000,9.074,0.021,Fairway,roll,0.000,0
2117,8.8042,-29.737,9.095,5.171,0.000,9.074,0.021,Fairway,roll,0.000,0
2118,8.8084,-29.737,9.095,5.171,0.000,9.074,0.021,Fairway,roll,0.000,0
2119,8.8125,-29.738,9.095,5.171,0.000,9.074,0.021,Fairway,roll,0.000,0
2120,8.8167,-29.738,9.095,5.170,0.000,9.074,0.021,Fairway,roll,0.000,0
2121,8.8209,-29.739,9.095,5.170,0.000,9.074,0.021,Fairway,roll,0.000,0
2122,8.8250,-29.740,9.095,5.170,0.000,9.074,0.021,Fairway,roll,0.000,0
2123,8.8292,-29.740,9.095,5.170,0.000,9.074,0.021,Fairway,roll,0.000,0
2124,8.8334,-29.741,9.095,5.169,0.000,9.074,0.021,Fairway,roll,0.000,0
2125,8.8375,-29.741,9.095,5.169,0.000,9.073,0.021,Fairway,roll,0.000,0
2126,8.8417,-29.742,9.095,5.169,0.000,9.073,0.021,Fairway,roll,0.000,0
2127,8.8459,-29.742,9.095,5.169,0.000,9.073,0.021,Fairway,roll,0.000,0
2128,8.8500,-29.743,9.095,5.169,0.000,9.073,0.021,Fairway,roll,0.000,0
2129,8.8542,-29.743,9.095,5.168,0.000,9.073,0.021,Fairway,roll,0.000,0
2130,8.8584,-29.744,9.095,5.168,0.000,9.073,0.021,Fairway,roll,0.000,0
2131,8.8625,-29.744,9.095,5.168,0.000,9.073,0.021,Fairway,roll,0.000,0
2132,8.8667,-29.745,9.095,5.168,0.000,9.073,0.021,Fairway,roll,0.000,0
2133,8.8709,-29.745,9.095,5.167,0.000,9.073,0.021,Fairway,roll,0.000,0
2134,8.8750,-29.746,9.095,5.167,0.000,9.073,0.021,Fairway,roll,0.000,0
2135,8.8792,-29.746,9.095,5.167,0.000,9.073,0.021,Fairway,roll,0.000,0
2136,8.8833,-29.747,9.095,5.167,0.000,9.073,0.021,Fairway,roll,0.000,0
2137,8.8875,-29.748,9.095,5.166,0.000,9.073,0.021,Fairway,roll,0.000,0
2138,8.8917,-29.748,9.095,5.166,0.000,9.073,0.021,Fairway,roll,0.000,0
2139,8.8958,-29.749,9.095,5.166,0.000,9.073,0.021,Fairway,roll,0.000,0
2140,8.9000,-29.749,9.095,5.166,0.000,9.073,0.021,Fairway,roll,0.000,0
2141,8.9042,-29.750,9.095,5.166,0.000,9.073,0.021,Fairway,roll,0.000,0
2142,8.9083,-29.750,9.095,5.165,0.000,9.073,0.021,Fairway,roll,0.000,0
2143,8.9125,-29.751,9.094,5.165,0.000,9.073,0.021,Fairway,roll,0.000,0
2144,8.9167,-29.751,9.094,5.165,0.000,9.073,0.021,Fairway,roll,0.000,0
2145,8.9208,-29.752,9.094,5.165,0.000,9.073,0.021,Fairway,roll,0.000,0
2146,8.9250,-29.752,9.094,5.164,0.000,9.073,0.021,Fairway,roll,0.000,0
2147,8.9292,-29.753,9.094,5.164,0.000,9.073,0.021,Fairway,roll,0.000,0
2148,8.9333,-29.753,9.094,5.164,0.000,9.073,0.021,Fairway,roll,0.000,0
2149,8.9375,-29.754,9.094,5.164,0.000,9.073,0.021,Fairway,roll,0.000,0
2150,8.9417,-29.754,9.094,5.164,0.000,9.073,0.021,Fairway,roll,0.000,0
2151,8.9458,-29.755,9.094,5.163,0.000,9.073,0.021,Fairway,roll,0.000,0
2152,8.9500,-29.755,9.094,5.163,0.000,9.073,0.021,Fairway,roll,0.000,0
2153,8.9542,-29.756,9.094,5.163,0.000,9.073,0.021,Fairway,roll,0.000,0
2154,8.9583,-29.756,9.094,5.163,0.000,9.073,0.021,Fairway,roll,0.000,0
2155,8.9625,-29.757,9.094,5.162,0.000,9.073,0.021,Fairway,roll,0.000,0
2156,8.9667,-29.757,9.094,5.162,0.000,9.073,0.021,Fairway,roll,0.000,0
2157,8.9708,-29.758,9.094,5.162,0.000,9.073,0.021,Fairway,roll,0.000,0
2158,8.9750,-29.758,9.094,5.162,0.000,9.073,0.021,Fairway,roll,0.000,0
2159,8.9792,-29.759,9.094,5.161,0.000,9.073,0.021,Fairway,roll,0.000,0
2160,8.9833,-29.760,9.094,5.161,0.000,9.073,0.021,Fairway,roll,0.000,0
2161,8.9875,-29.760,9.094,5.161,0.000,9.073,0.021,Fairway,roll,0.000,0
2162,8.9917,-29.761,9.094,5.161,0.000,9.073,0.021,Fairway,roll,0.000,0
2163,8.9958,-29.761,9.094,5.161,0.000,9.073,0.021,Fairway,roll,0.000,0
2164,9.0000,-29.762,9.094,5.160,0.000,9.073,0.021,Fairway,roll,0.000,0
2165,9.0042,-29.762,9.094,5.160,0.000,9.073,0.021,Fairway,roll,0.000,0
2166,9.0083,-29.763,9.094,5.160,0.000,9.073,0.021,Fairway,roll,0.000,0
2167,9.0125,-29.763,9.094,5.160,0.000,9.073,0.021,Fairway,roll,0.000,0
2168,9.0166,-29.764,9.094,5.159,0.000,9.073,0.021,Fairway,roll,0.000,0
2169,9.0208,-29.764,9.094,5.159,0.000,9.073,0.021,Fairway,roll,0.000,0
2170,9.0250,-29.765,9.094,5.159,0.000,9.073,0.021,Fairway,roll,0.000,0
2171,9.0291,-29.765,9.094,5.159,0.000,9.073,0.021,Fairway,roll,0.000,0
2172,9.0333,-29.766,9.094,5.158,0.000,9.073,0.021,Fairway,roll,0.000,0
2173,9.0375,-29.766,9.094,5.158,0.000,9.073,0.021,Fairway,roll,0.000,0
2174,9.0416,-29.767,9.094,5.158,0.000,9.073,0.021,Fairway,roll,0.000,0
2175,9.0458,-29.767,9.094,5.158,0.000,9.073,0.021,Fairway,roll,0.000,0
2176,9.0500,-29.768,9.094,5.158,0.000,9.073,0.021,Fairway,roll,0.000,0
2177,9.0541,-29.768,9.094,5.157,0.000,9.073,0.021,Fairway,roll,0.000,0
2178,9.0583,-29.769,9.094,5.157,0.000,9.073,0.021,Fairway,roll,0.000,0
2179,9.0625,-29.769,9.094,5.157,0.000,9.073,0.021,Fairway,roll,0.000,0
2180,9.0666,-29.770,9.094,5.157,0.000,9.073,0.021,Fairway,roll,0.000,0
2181,9.0708,-29.770,9.094,5.156,0.000,9.072,0.021,Fairway,roll,0.000,0
2182,9.0750,-29.771,9.094,5.156,0.000,9.072,0.021,Fairway,roll,0.000,0
2183,9.0791,-29.771,9.094,5.156,0.000,9.072,0.021,Fairway,roll,0.000,0
2184,9.0833,-29.772,9.094,5.156,0.000,9.072,0.021,Fairway,roll,0.000,0
2185,9.0875,-29.772,9.094,5.156,0.000,9.072,0.021,Fairway,roll,0.000,0
2186,9.0916,-29.773,9.094,5.155,0.000,9.072,0.021,Fairway,roll,0.000,0
2187,9.0958,-29.773,9.094,5.155,0.000,9.072,0.021,Fairway,roll,0.000,0
2188,9.1000,-29.774,9.094,5.155,0.000,9.072,0.021,Fairway,roll,0.000,0
2189,9.1041,-29.774,9.094,5.155,0.000,9.072,0.021,Fairway,roll,0.000,0
2190,9.1083,-29.775,9.094,5.155,0.000,9.072,0.021,Fairway,roll,0.000,0
2191,9.1125,-29.775,9.094,5.154,0.000,9.072,0.021,Fairway,roll,0.000,0
2192,9.1166,-29.776,9.094,5.154,0.000,9.072,0.021,Fairway,roll,0.000,0
2193,9.1208,-29.776,9.094,5.154,0.000,9.072,0.021,Fairway,roll,0.000,0
2194,9.1250,-29.777,9.094,5.154,0.000,9.072,0.021,Fairway,roll,0.000,0
2195,9.1291,-29.777,9.094,5.153,0.000,9.072,0.021,Fairway,roll,0.000,0
2196,9.1333,-29.778,9.094,5.153,0.000,9.072,0.021,Fairway,roll,0.000,0
2197,9.1375,-29.778,9.094,5.153,0.000,9.072,0.021,Fairway,roll,0.000,0
2198,9.1416,-29.779,9.093,5.153,0.000,9.072,0.021,Fairway,roll,0.000,0
2199,9.1458,-29.780,9.093,5.153,0.000,9.072,0.021,Fairway,roll,0.000,0
2200,9.1499,-29.780,9.093,5.152,0.000,9.072,0.021,Fairway,roll,0.000,0
2201,9.1541,-29.781,9.093,5.152,0.000,9.072,0.021,Fairway,roll,0.000,0
2202,9.1583,-29.781,9.093,5.152,0.000,9.072,0.021,Fairway,roll,0.000,0
2203,9.1624,-29.782,9.093,5.152,0.000,9.072,0.021,Fairway,roll,0.000,0
2204,9.1666,-29.782,9.093,5.152,0.000,9.072,0.021,Fairway,roll,0.000,0
2205,9.1708,-29.783,9.093,5.151,0.000,9.072,0.021,Fairway,roll,0.000,0
2206,9.1749,-29.783,9.093,5.151,0.000,9.072,0.021,Fairway,roll,0.000,0
2207,9.1791,-29.784,9.093,5.151,0.000,9.072,0.021,Fairway,roll,0.000,0
2208,9.1833,-29.784,9.093,5.151,0.000,9.072,0.021,Fairway,roll,0.000,0
2209,9.1874,-29.785,9.093,5.150,0.000,9.072,0.021,Fairway,roll,0.000,0
2210,9.1916,-29.785,9.093,5.150,0.000,9.072,0.021,Fairway,roll,0.000,0
2211,9.1958,-29.786,9.093,5.150,0.000,9.072,0.021,Fairway,roll,0.000,0
2212,9.1999,-29.786,9.093,5.150,0.000,9.072,0.021,Fairway,roll,0.000,0
2213,9.2041,-29.787,9.093,5.150,0.000,9.072,0.021,Fairway,roll,0.000,0
2214,9.2083,-29.787,9.093,5.149,0.000,9.072,0.021,Fairway,roll,0.000,0
2215,9.2124,-29.788,9.093,5.149,0.000,9.072,0.021,Fairway,roll,0.000,0
2216,9.2166,-29.788,9.093,5.149,0.000,9.072,0.021,Fairway,roll,0.000,0
2217,9.2208,-29.789,9.093,5.149,0.000,9.072,0.021,Fairway,roll,0.000,0
2218,9.2249,-29.789,9.093,5.149,0.000,9.072,0.021,Fairway,roll,0.000,0
2219,9.2291,-29.790,9.093,5.148,0.000,9.072,0.021,Fairway,roll,0.000,0
2220,9.2333,-29.790,9.093,5.148,0.000,9.072,0.021,Fairway,roll,0.000,0
2221,9.2374,-29.791,9.093,5.148,0.000,9.072,0.021,Fairway,roll,0.000,0
2222,9.2416,-29.791,9.093,5.148,0.000,9.072,0.021,Fairway,roll,0.000,0
2223,9.2458,-29.792,9.093,5.147,0.000,9.072,0.021,Fairway,roll,0.000,0
2224,9.2499,-29.792,9.093,5.147,0.000,9.072,0.021,Fairway,roll,0.000,0
2225,9.2541,-29.793,9.093,5.147,0.000,9.072,0.021,Fairway,roll,0.000,0
2226,9.2583,-29.793,9.093,5.147,0.000,9.072,0.021,Fairway,roll,0.000,0
2227,9.2624,-29.794,9.093,5.147,0.000,9.072,0.021,Fairway,roll,0.000,0
2228,9.2666,-29.794,9.093,5.146,0.000,9.072,0.021,Fairway,roll,0.000,0
2229,9.2708,-29.795,9.093,5.146,0.000,9.072,0.021,Fairway,roll,0.000,0
2230,9.2749,-29.795,9.093,5.146,0.000,9.072,0.021,Fairway,roll,0.000,0
2231,9.2791,-29.796,9.093,5.146,0.000,9.072,0.021,Fairway,roll,0.000,0
2232,9.2832,-29.796,9.093,5.146,0.000,9.072,0.021,Fairway,roll,0.000,0
2233,9.2874,-29.797,9.093,5.145,0.000,9.071,0.021,Fairway,roll,0.000,0
2234,9.2916,-29.797,9.093,5.145,0.000,9.071,0.021,Fairway,roll,0.000,0
2235,9.2957,-29.798,9.093,5.145,0.000,9.071,0.021,Fairway,roll,0.000,0
2236,9.2999,-29.798,9.093,5.145,0.000,9.071,0.021,Fairway,roll,0.000,0
2237,9.3041,-29.799,9.093,5.144,0.000,9.071,0.021,Fairway,roll,0.000,0
2238,9.3082,-29.799,9.093,5.144,0.000,9.071,0.021,Fairway,roll,0.000,0
2239,9.3124,-29.800,9.093,5.144,0.000,9.071,0.021,Fairway,roll,0.000,0
2240,9.3166,-29.800,9.093,5.144,0.000,9.071,0.021,Fairway,roll,0.000,0
2241,9.3207,-29.800,9.093,5.144,0.000,9.071,0.021,Fairway,roll,0.000,0
2242,9.3249,-29.801,9.093,5.143,0.000,9.071,0.021,Fairway,roll,0.000,0
2243,9.3291,-29.801,9.093,5.143,0.000,9.071,0.021,Fairway,roll,0.000,0
2244,9.3332,-29.802,9.093,5.143,0.000,9.071,0.021,Fairway,roll,0.000,0
2245,9.3374,-29.802,9.093,5.143,0.000,9.071,0.021,Fairway,roll,0.000,0
2246,9.3416,-29.803,9.093,5.143,0.000,9.071,0.021,Fairway,roll,0.000,0
2247,9.3457,-29.803,9.093,5.142,0.000,9.071,0.021,Fairway,roll,0.000,0
2248,9.3499,-29.804,9.093,5.142,0.000,9.071,0.021,Fairway,roll,0.000,0
2249,9.3541,-29.804,9.093,5.142,0.000,9.071,0.021,Fairway,roll,0.000,0
2250,9.3582,-29.805,9.093,5.142,0.000,9.071,0.021,Fairway,roll,0.000,0
2251,9.3624,-29.805,9.093,5.141,0.000,9.071,0.021,Fairway,roll,0.000,0
2252,9.3666,-29.806,9.092,5.141,0.000,9.071,0.021,Fairway,roll,0.000,0
2253,9.3707,-29.806,9.092,5.141,0.000,9.071,0.021,Fairway,roll,0.000,0
2254,9.3749,-29.807,9.092,5.141,0.000,9.071,0.021,Fairway,roll,0.000,0
2255,9.3791,-29.807,9.092,5.141,0.000,9.071,0.021,Fairway,roll,0.000,0
2256,9.3832,-29.808,9.092,5.140,0.000,9.071,0.021,Fairway,roll,0.000,0
2257,9.3874,-29.808,9.092,5.140,0.000,9.071,0.021,Fairway,roll,0.000,0
2258,9.3916,-29.809,9.092,5.140,0.000,9.071,0.021,Fairway,roll,0.000,0
2259,9.3957,-29.809,9.092,5.140,0.000,9.071,0.021,Fairway,roll,0.000,0
2260,9.3999,-29.810,9.092,5.140,0.000,9.071,0.021,Fairway,roll,0.000,0
2261,9.4041,-29.810,9.092,5.139,0.000,9.071,0.021,Fairway,roll,0.000,0
2262,9.4082,-29.811,9.092,5.139,0.000,9.071,0.021,Fairway,roll,0.000,0
2263,9.4124,-29.811,9.092,5.139,0.000,9.071,0.021,Fairway,roll,0.000,0
2264,9.4166,-29.812,9.092,5.139,0.000,9.071,0.021,Fairway,roll,0.000,0
2265,9.4207,-29.812,9.092,5.139,0.000,9.071,0.021,Fairway,roll,0.000,0
2266,9.4249,-29.813,9.092,5.138,0.000,9.071,0.021,Fairway,roll,0.000,0
2267,9.4290,-29.813,9.092,5.138,0.000,9.071,0.021,Fairway,roll,0.000,0
2268,9.4332,-29.814,9.092,5.138,0.000,9.071,0.021,Fairway,roll,0.000,0
2269,9.4374,-29.814,9.092,5.138,0.000,9.071,0.021,Fairway,roll,0.000,0
2270,9.4415,-29.815,9.092,5.137,0.000,9.071,0.021,Fairway,roll,0.000,0
2271,9.4457,-29.815,9.092,5.137,0.000,9.071,0.021,Fairway,roll,0.000,0
2272,9.4499,-29.816,9.092,5.137,0.000,9.071,0.021,Fairway,roll,0.000,0
2273,9.4540,-29.816,9.092,5.137,0.000,9.071,0.021,Fairway,roll,0.000,0
2274,9.4582,-29.817,9.092,5.137,0.000,9.071,0.021,Fairway,roll,0.000,0
2275,9.4624,-29.817,9.092,5.136,0.000,9.071,0.021,Fairway,roll,0.000,0
2276,9.4665,-29.818,9.092,5.136,0.000,9.071,0.021,Fairway,roll,0.000,0
2277,9.4707,-29.818,9.092,5.136,0.000,9.071,0.021,Fairway,roll,0.000,0
2278,9.4749,-29.819,9.092,5.136,0.000,9.071,0.021,Fairway,roll,0.000,0
2279,9.4790,-29.819,9.092,5.136,0.000,9.071,0.021,Fairway,roll,0.000,0
2280,9.4832,-29.819,9.092,5.135,0.000,9.071,0.021,Fairway,roll,0.000,0
2281,9.4874,-29.820,9.092,5.135,0.000,9.071,0.021,Fairway,roll,0.000,0
2282,9.4915,-29.820,9.092,5.135,0.000,9.071,0.021,Fairway,roll,0.000,0
2283,9.4957,-29.821,9.092,5.135,0.000,9.071,0.021,Fairway,roll,0.000,0
2284,9.4999,-29.821,9.092,5.134,0.000,9.071,0.021,Fairway,roll,0.000,0
2285,9.5040,-29.822,9.092,5.134,0.000,9.071,0.021,Fairway,roll,0.000,0
2286,9.5082,-29.822,9.092,5.134,0.000,9.071,0.021,Fairway,roll,0.000,0
2287,9.5124,-29.823,9.092,5.134,0.000,9.071,0.021,Fairway,roll,0.000,0
2288,9.5165,-29.823,9.092,5.134,0.000,9.071,0.021,Fairway,roll,0.000,0
2289,9.5207,-29.824,9.092,5.133,0.000,9.070,0.021,Fairway,roll,0.000,0
2290,9.5249,-29.824,9.092,5.133,0.000,9.070,0.021,Fairway,roll,0.000,0
2291,9.5290,-29.825,9.092,5.133,0.000,9.070,0.021,Fairway,roll,0.000,0
2292,9.5332,-29.825,9.092,5.133,0.000,9.070,0.021,Fairway,roll,0.000,0
2293,9.5374,-29.826,9.092,5.133,0.000,9.070,0.021,Fairway,roll,0.000,0
2294,9.5415,-29.826,9.092,5.132,0.000,9.070,0.021,Fairway,roll,0.000,0
2295,9.5457,-29.827,9.092,5.132,0.000,9.070,0.021,Fairway,roll,0.000,0
2296,9.5499,-29.827,9.092,5.132,0.000,9.070,0.021,Fairway,roll,0.000,0
2297,9.5540,-29.828,9.092,5.132,0.000,9.070,0.021,Fairway,roll,0.000,0
2298,9.5582,-29.828,9.092,5.131,0.000,9.070,0.021,Fairway,roll,0.000,0
2299,9.5623,-29.828,9.092,5.131,0.000,9.070,0.021,Fairway,roll,0.000,0
2300,9.5665,-29.829,9.092,5.131,0.000,9.070,0.021,Fairway,roll,0.000,0
2301,9.5707,-29.829,9.092,5.131,0.000,9.070,0.021,Fairway,roll,0.000,0
2302,9.5748,-29.830,9.092,5.131,0.000,9.070,0.021,Fairway,roll,0.000,0
2303,9.5790,-29.830,9.092,5.130,0.000,9.070,0.021,Fairway,roll,0.000,0
2304,9.5832,-29.831,9.092,5.130,0.000,9.070,0.021,Fairway,roll,0.000,0
2305,9.5873,-29.831,9.092,5.130,0.000,9.070,0.021,Fairway,roll,0.000,0
2306,9.5915,-29.832,9.092,5.130,0.000,9.070,0.021,Fairway,roll,0.000,0
2307,9.5957,-29.832,9.092,5.130,0.000,9.070,0.021,Fairway,roll,0.000,0
2308,9.5998,-29.833,9.091,5.129,0.000,9.070,0.021,Fairway,roll,0.000,0
2309,9.6040,-29.833,9.091,5.129,0.000,9.070,0.021,Fairway,roll,0.000,0
2310,9.6082,-29.834,9.091,5.129,0.000,9.070,0.021,Fairway,roll,0.000,0
2311,9.6123,-29.834,9.091,5.129,0.000,9.070,0.021,Fairway,roll,0.000,0
2312,9.6165,-29.835,9.091,5.129,0.000,9.070,0.021,Fairway,roll,0.000,0
2313,9.6207,-29.835,9.091,5.128,0.000,9.070,0.021,Fairway,roll,0.000,0
2314,9.6248,-29.836,9.091,5.128,0.000,9.070,0.021,Fairway,roll,0.000,0
2315,9.6290,-29.836,9.091,5.128,0.000,9.070,0.021,Fairway,roll,0.000,0
2316,9.6332,-29.837,9.091,5.128,0.000,9.070,0.021,Fairway,roll,0.000,0
2317,9.6373,-29.837,9.091,5.128,0.000,9.070,0.021,Fairway,roll,0.000,0
2318,9.6415,-29.837,9.091,5.127,0.000,9.070,0.021,Fairway,roll,0.000,0
2319,9.6457,-29.838,9.091,5.127,0.000,9.070,0.021,Fairway,roll,0.000,0
2320,9.6498,-29.838,9.091,5.127,0.000,9.070,0.021,Fairway,roll,0.000,0
2321,9.6540,-29.839,9.091,5.127,0.000,9.070,0.021,Fairway,roll,0.000,0
2322,9.6582,-29.839,9.091,5.127,0.000,9.070,0.021,Fairway,roll,0.000,0
2323,9.6623,-29.840,9.091,5.126,0.000,9.070,0.021,Fairway,roll,0.000,0
2324,9.6665,-29.840,9.091,5.126,0.000,9.070,0.021,Fairway,roll,0.000,0
2325,9.6707,-29.841,9.091,5.126,0.000,9.070,0.021,Fairway,roll,0.000,0
2326,9.6748,-29.841,9.091,5.126,0.000,9.070,0.021,Fairway,roll,0.000,0
2327,9.6790,-29.842,9.091,5.126,0.000,9.070,0.021,Fairway,roll,0.000,0
2328,9.6832,-29.842,9.091,5.125,0.000,9.070,0.021,Fairway,roll,0.000,0
2329,9.6873,-29.843,9.091,5.125,0.000,9.070,0.021,Fairway,roll,0.000,0
2330,9.6915,-29.843,9.091,5.125,0.000,9.070,0.021,Fairway,roll,0.000,0
2331,9.6956,-29.844,9.091,5.125,0.000,9.070,0.021,Fairway,roll,0.000,0
2332,9.6998,-29.844,9.091,5.125,0.000,9.070,0.021,Fairway,roll,0.000,0
2333,9.7040,-29.844,9.091,5.124,0.000,9.070,0.021,Fairway,roll,0.000,0
2334,9.7081,-29.845,9.091,5.124,0.000,9.070,0.021,Fairway,roll,0.000,0
2335,9.7123,-29.845,9.091,5.124,0.000,9.070,0.021,Fairway,roll,0.000,0
2336,9.7165,-29.846,9.091,5.124,0.000,9.070,0.021,Fairway,roll,0.000,0
2337,9.7206,-29.846,9.091,5.124,0.000,9.070,0.021,Fairway,roll,0.000,0
2338,9.7248,-29.847,9.091,5.124,0.000,9.070,0.021,Fairway,roll,0.000,0
2339,9.7290,-29.847,9.091,5.123,0.000,9.070,0.021,Fairway,roll,0.000,0
2340,9.7331,-29.848,9.091,5.123,0.000,9.070,0.021,Fairway,roll,0.000,0
2341,9.7373,-29.848,9.091,5.123,0.000,9.070,0.021,Fairway,roll,0.000,0
2342,9.7415,-29.849,9.091,5.123,0.000,9.070,0.021,Fairway,roll,0.000,0
2343,9.7456,-29.849,9.091,5.123,0.000,9.070,0.021,Fairway,roll,0.000,0
2344,9.7498,-29.849,9.091,5.122,0.000,9.069,0.021,Fairway,roll,0.000,0
2345,9.7540,-29.850,9.091,5.122,0.000,9.069,0.021,Fairway,roll,0.000,0
2346,9.7581,-29.850,9.091,5.122,0.000,9.069,0.021,Fairway,roll,0.000,0
2347,9.7623,-29.851,9.091,5.122,0.000,9.069,0.021,Fairway,roll,0.000,0
2348,9.7665,-29.851,9.091,5.122,0.000,9.069,0.021,Fairway,roll,0.000,0
2349,9.7706,-29.852,9.091,5.121,0.000,9.069,0.021,Fairway,roll,0.000,0
2350,9.7748,-29.852,9.091,5.121,0.000,9.069,0.021,Fairway,roll,0.000,0
2351,9.7790,-29.853,9.091,5.121,0.000,9.069,0.021,Fairway,roll,0.000,0
2352,9.7831,-29.853,9.091,5.121,0.000,9.069,0.021,Fairway,roll,0.000,0
2353,9.7873,-29.854,9.091,5.121,0.000,9.069,0.021,Fairway,roll,0.000,0
2354,9.7915,-29.854,9.091,5.120,0.000,9.069,0.021,Fairway,roll,0.000,0
2355,9.7956,-29.855,9.091,5.120,0.000,9.069,0.021,Fairway,roll,0.000,0
2356,9.7998,-29.855,9.091,5.120,0.000,9.069,0.021,Fairway,roll,0.000,0
2357,9.8040,-29.855,9.091,5.120,0.000,9.069,0.021,Fairway,roll,0.000,0
2358,9.8081,-29.856,9.091,5.120,0.000,9.069,0.021,Fairway,roll,0.000,0
2359,9.8123,-29.856,9.091,5.119,0.000,9.069,0.021,Fairway,roll,0.000,0
2360,9.8165,-29.857,9.091,5.119,0.000,9.069,0.021,Fairway,roll,0.000,0
2361,9.8206,-29.857,9.091,5.119,0.000,9.069,0.021,Fairway,roll,0.000,0
2362,9.8248,-29.858,9.091,5.119,0.000,9.069,0.021,Fairway,roll,0.000,0
2363,9.8289,-29.858,9.090,5.119,0.000,9.069,0.021,Fairway,roll,0.000,0
2364,9.8331,-29.859,9.090,5.118,0.000,9.069,0.021,Fairway,roll,0.000,0
2365,9.8373,-29.859,9.090,5.118,0.000,9.069,0.021,Fairway,roll,0.000,0
2366,9.8414,-29.860,9.090,5.118,0.000,9.069,0.021,Fairway,roll,0.000,0
2367,9.8456,-29.860,9.090,5.118,0.000,9.069,0.021,Fairway,roll,0.000,0
2368,9.8498,-29.860,9.090,5.118,0.000,9.069,0.021,Fairway,roll,0.000,0
2369,9.8539,-29.861,9.090,5.117,0.000,9.069,0.021,Fairway,roll,0.000,0
2370,9.8581,-29.861,9.090,5.117,0.000,9.069,0.021,Fairway,roll,0.000,0
2371,9.8623,-29.862,9.090,5.117,0.000,9.069,0.021,Fairway,roll,0.000,0
2372,9.8664,-29.862,9.090,5.117,0.000,9.069,0.021,Fairway,roll,0.000,0
2373,9.8706,-29.863,9.090,5.117,0.000,9.069,0.021,Fairway,roll,0.000,0
2374,9.8748,-29.863,9.090,5.116,0.000,9.069,0.021,Fairway,roll,0.000,0
2375,9.8789,-29.864,9.090,5.116,0.000,9.069,0.021,Fairway,roll,0.000,0
2376,9.8831,-29.864,9.090,5.116,0.000,9.069,0.021,Fairway,roll,0.000,0
2377,9.8873,-29.865,9.090,5.116,0.000,9.069,0.021,Fairway,roll,0.000,0
2378,9.8914,-29.865,9.090,5.116,0.000,9.069,0.021,Fairway,roll,0.000,0
2379,9.8956,-29.865,9.090,5.115,0.000,9.069,0.021,Fairway,roll,0.000,0
2380,9.8998,-29.866,9.090,5.115,0.000,9.069,0.021,Fairway,roll,0.000,0
2381,9.9039,-29.866,9.090,5.115,0.000,9.069,0.021,Fairway,roll,0.000,0
2382,9.9081,-29.867,9.090,5.115,0.000,9.069,0.021,Fairway,roll,0.000,0
2383,9.9123,-29.867,9.090,5.115,0.000,9.069,0.021,Fairway,roll,0.000,0
2384,9.9164,-29.868,9.090,5.114,0.000,9.069,0.021,Fairway,roll,0.000,0
2385,9.9206,-29.868,9.090,5.114,0.000,9.069,0.021,Fairway,roll,0.000,0
2386,9.9248,-29.869,9.090,5.114,0.000,9.069,0.021,Fairway,roll,0.000,0
2387,9.9289,-29.869,9.090,5.114,0.000,9.069,0.021,Fairway,roll,0.000,0
2388,9.9331,-29.869,9.090,5.114,0.000,9.069,0.021,Fairway,roll,0.000,0
2389,9.9373,-29.870,9.090,5.113,0.000,9.069,0.021,Fairway,roll,0.000,0
2390,9.9414,-29.870,9.090,5.113,0.000,9.069,0.021,Fairway,roll,0.000,0
2391,9.9456,-29.871,9.090,5.113,0.000,9.069,0.021,Fairway,roll,0.000,0
2392,9.9498,-29.871,9.090,5.113,0.000,9.069,0.021,Fairway,roll,0.000,0
2393,9.9539,-29.872,9.090,5.113,0.000,9.069,0.021,Fairway,roll,0.000,0
2394,9.9581,-29.872,9.090,5.112,0.000,9.069,0.021,Fairway,roll,0.000,0
2395,9.9623,-29.873,9.090,5.112,0.000,9.069,0.021,Fairway,roll,0.000,0
2396,9.9664,-29.873,9.090,5.112,0.000,9.069,0.021,Fairway,roll,0.000,0
2397,9.9706,-29.873,9.090,5.112,0.000,9.069,0.021,Fairway,roll,0.000,0
2398,9.9747,-29.874,9.090,5.112,0.000,9.069,0.021,Fairway,roll,0.000,0
2399,9.9789,-29.874,9.090,5.111,0.000,9.069,0.021,Fairway,roll,0.000,0
2400,9.9831,-29.875,9.090,5.111,0.000,9.069,0.021,Fairway,roll,0.000,0
2401,9.9872,-29.875,9.090,5.111,0.000,9.069,0.021,Fairway,roll,0.000,0
2402,9.9914,-29.876,9.090,5.111,0.000,9.068,0.021,Fairway,roll,0.000,0
2403,9.9956,-29.876,9.090,5.111,0.000,9.068,0.021,Fairway,roll,0.000,0
2404,9.9997,-29.877,9.090,5.110,0.000,9.068,0.021,Fairway,roll,0.000,0
2405,10.0039,-29.877,9.090,5.110,0.000,9.068,0.021,Fairway,roll,0.000,0
2406,10.0081,-29.877,9.090,5.110,0.000,9.068,0.021,Fairway,roll,0.000,0
2407,10.0122,-29.878,9.090,5.110,0.000,9.068,0.021,Fairway,roll,0.000,0
2408,10.0164,-29.878,9.090,5.110,0.000,9.068,0.021,Fairway,roll,0.000,0
2409,10.0206,-29.879,9.090,5.109,0.000,9.068,0.021,Fairway,roll,0.000,0
2410,10.0247,-29.879,9.090,5.109,0.000,9.068,0.021,Fairway,roll,0.000,0
2411,10.0289,-29.880,9.090,5.109,0.000,9.068,0.021,Fairway,roll,0.000,0
2412,10.0331,-29.880,9.090,5.109,0.000,9.068,0.021,Fairway,roll,0.000,0
2413,10.0372,-29.880,9.090,5.109,0.000,9.068,0.021,Fairway,roll,0.000,0
2414,10.0414,-29.881,9.090,5.108,0.000,9.068,0.021,Fairway,roll,0.000,0
2415,10.0456,-29.881,9.090,5.108,0.000,9.068,0.021,Fairway,roll,0.000,0
2416,10.0497,-29.882,9.090,5.108,0.000,9.068,0.021,Fairway,roll,0.000,0
2417,10.0539,-29.882,9.090,5.108,0.000,9.068,0.021,Fairway,roll,0.000,0
2418,10.0581,-29.883,9.090,5.108,0.000,9.068,0.021,Fairway,roll,0.000,0
2419,10.0622,-29.883,9.090,5.107,0.000,9.068,0.021,Fairway,roll,0.000,0
2420,10.0664,-29.884,9.090,5.107,0.000,9.068,0.021,Fairway,roll,0.000,0
2421,10.0706,-29.884,9.090,5.107,0.000,9.068,0.021,Fairway,roll,0.000,0
2422,10.0747,-29.884,9.089,5.107,0.000,9.068,0.021,Fairway,roll,0.000,0
2423,10.0789,-29.885,9.089,5.107,0.000,9.068,0.021,Fairway,roll,0.000,0
2424,10.0831,-29.885,9.089,5.107,0.000,9.068,0.021,Fairway,roll,0.000,0
2425,10.0872,-29.886,9.089,5.106,0.000,9.068,0.021,Fairway,roll,0.000,0
2426,10.0914,-29.886,9.089,5.106,0.000,9.068,0.021,Fairway,roll,0.000,0
2427,10.0956,-29.887,9.089,5.106,0.000,9.068,0.021,Fairway,roll,0.000,0
2428,10.0997,-29.887,9.089,5.106,0.000,9.068,0.021,Fairway,roll,0.000,0
2429,10.1039,-29.887,9.089,5.106,0.000,9.068,0.021,Fairway,roll,0.000,0
2430,10.1081,-29.888,9.089,5.105,0.000,9.068,0.021,Fairway,roll,0.000,0
2431,10.1122,-29.888,9.089,5.105,0.000,9.068,0.021,Fairway,roll,0.000,0
2432,10.1164,-29.889,9.089,5.105,0.000,9.068,0.021,Fairway,roll,0.000,0
2433,10.1205,-29.889,9.089,5.105,0.000,9.068,0.021,Fairway,roll,0.000,0
2434,10.1247,-29.890,9.089,5.105,0.000,9.068,0.021,Fairway,roll,0.000,0
2435,10.1289,-29.890,9.089,5.105,0.000,9.068,0.021,Fairway,roll,0.000,0
2436,10.1330,-29.890,9.089,5.104,0.000,9.068,0.021,Fairway,roll,0.000,0
2437,10.1372,-29.891,9.089,5.104,0.000,9.068,0.021,Fairway,roll,0.000,0
2438,10.1414,-29.891,9.089,5.104,0.000,9.068,0.021,Fairway,roll,0.000,0
2439,10.1455,-29.892,9.089,5.104,0.000,9.068,0.021,Fairway,roll,0.000,0
2440,10.1497,-29.892,9.089,5.104,0.000,9.068,0.021,Fairway,roll,0.000,0
2441,10.1539,-29.893,9.089,5.103,0.000,9.068,0.021,Fairway,roll,0.000,0
2442,10.1580,-29.893,9.089,5.103,0.000,9.068,0.021,Fairway,roll,0.000,0
2443,10.1622,-29.893,9.089,5.103,0.000,9.068,0.021,Fairway,roll,0.000,0
2444,10.1664,-29.894,9.089,5.103,0.000,9.068,0.021,Fairway,roll,0.000,0
2445,10.1705,-29.894,9.089,5.103,0.000,9.068,0.021,Fairway,roll,0.000,0
2446,10.1747,-29.895,9.089,5.102,0.000,9.068,0.021,Fairway,roll,0.000,0
2447,10.1789,-29.895,9.089,5.102,0.000,9.068,0.021,Fairway,roll,0.000,0
2448,10.1830,-29.896,9.089,5.102,0.000,9.068,0.021,Fairway,roll,0.000,0
2449,10.1872,-29.896,9.089,5.102,0.000,9.068,0.021,Fairway,roll,0.000,0
2450,10.1914,-29.896,9.089,5.102,0.000,9.068,0.021,Fairway,roll,0.000,0
2451,10.1955,-29.897,9.089,5.102,0.000,9.068,0.021,Fairway,roll,0.000,0
2452,10.1997,-29.897,9.089,5.101,0.000,9.068,0.021,Fairway,roll,0.000,0
2453,10.2039,-29.898,9.089,5.101,0.000,9.068,0.021,Fairway,roll,0.000,0
2454,10.2080,-29.898,9.089,5.101,0.000,9.068,0.021,Fairway,roll,0.000,0
2455,10.2122,-29.899,9.089,5.101,0.000,9.068,0.021,Fairway,roll,0.000,0
2456,10.2164,-29.899,9.089,5.101,0.000,9.068,0.021,Fairway,roll,0.000,0
2457,10.2205,-29.899,9.089,5.100,0.000,9.068,0.021,Fairway,roll,0.000,0
2458,10.2247,-29.900,9.089,5.100,0.000,9.068,0.021,Fairway,roll,0.000,0
2459,10.2289,-29.900,9.089,5.100,0.000,9.068,0.021,Fairway,roll,0.000,0
2460,10.2330,-29.901,9.089,5.100,0.000,9.068,0.021,Fairway,roll,0.000,0
2461,10.2372,-29.901,9.089,5.100,0.000,9.068,0.021,Fairway,roll,0.000,0
2462,10.2414,-29.902,9.089,5.100,0.000,9.068,0.021,Fairway,roll,0.000,0
2463,10.2455,-29.902,9.089,5.099,0.000,9.068,0.021,Fairway,roll,0.000,0
2464,10.2497,-29.902,9.089,5.099,0.000,9.067,0.021,Fairway,roll,0.000,0
2465,10.2539,-29.903,9.089,5.099,0.000,9.067,0.021,Fairway,roll,0.000,0
2466,10.2580,-29.903,9.089,5.099,0.000,9.067,0.021,Fairway,roll,0.000,0
2467,10.2622,-29.904,9.089,5.099,0.000,9.067,0.021,Fairway,roll,0.000,0
2468,10.2663,-29.904,9.089,5.098,0.000,9.067,0.021,Fairway,roll,0.000,0
2469,10.2705,-29.905,9.089,5.098,0.000,9.067,0.021,Fairway,roll,0.000,0
2470,10.2747,-29.905,9.089,5.098,0.000,9.067,0.021,Fairway,roll,0.000,0
2471,10.2788,-29.905,9.089,5.098,0.000,9.067,0.021,Fairway,roll,0.000,0
2472,10.2830,-29.906,9.089,5.098,0.000,9.067,0.021,Fairway,roll,0.000,0
2473,10.2872,-29.906,9.089,5.098,0.000,9.067,0.021,Fairway,roll,0.000,0
2474,10.2913,-29.907,9.089,5.097,0.000,9.067,0.021,Fairway,roll,0.000,0
2475,10.2955,-29.907,9.089,5.097,0.000,9.067,0.021,Fairway,roll,0.000,0
2476,10.2997,-29.908,9.089,5.097,0.000,9.067,0.021,Fairway,roll,0.000,0
2477,10.3038,-29.908,9.089,5.097,0.000,9.067,0.021,Fairway,roll,0.000,0
2478,10.3080,-29.908,9.089,5.097,0.000,9.067,0.021,Fairway,roll,0.000,0
2479,10.3122,-29.909,9.089,5.096,0.000,9.067,0.021,Fairway,roll,0.000,0
2480,10.3163,-29.909,9.089,5.096,0.000,9.067,0.021,Fairway,roll,0.000,0
2481,10.3205,-29.910,9.089,5.096,0.000,9.067,0.021,Fairway,roll,0.000,0
2482,10.3247,-29.910,9.089,5.096,0.000,9.067,0.021,Fairway,roll,0.000,0
2483,10.3288,-29.910,9.089,5.096,0.000,9.067,0.021,Fairway,roll,0.000,0
2484,10.3330,-29.911,9.089,5.096,0.000,9.067,0.021,Fairway,roll,0.000,0
2485,10.3372,-29.911,9.089,5.095,0.000,9.067,0.021,Fairway,roll,0.000,0
2486,10.3413,-29.912,9.089,5.095,0.000,9.067,0.021,Fairway,roll,0.000,0
2487,10.3455,-29.912,9.089,5.095,0.000,9.067,0.021,Fairway,roll,0.000,0
2488,10.3497,-29.913,9.089,5.095,0.000,9.067,0.021,Fairway,roll,0.000,0
2489,10.3538,-29.913,9.089,5.095,0.000,9.067,0.021,Fairway,roll,0.000,0
2490,10.3580,-29.913,9.089,5.094,0.000,9.067,0.021,Fairway,roll,0.000,0
2491,10.3622,-29.914,9.089,5.094,0.000,9.067,0.021,Fairway,roll,0.000,0
2492,10.3663,-29.914,9.089,5.094,0.000,9.067,0.021,Fairway,roll,0.000,0
2493,10.3705,-29.915,9.089,5.094,0.000,9.067,0.021,Fairway,roll,0.000,0
2494,10.3747,-29.915,9.089,5.094,0.000,9.067,0.021,Fairway,roll,0.000,0
2495,10.3788,-29.915,9.088,5.094,0.000,9.067,0.021,Fairway,roll,0.000,0
2496,10.3830,-29.916,9.088,5.093,0.000,9.067,0.021,Fairway,roll,0.000,0
2497,10.3872,-29.916,9.088,5.093,0.000,9.067,0.021,Fairway,roll,0.000,0
2498,10.3913,-29.917,9.088,5.093,0.000,9.067,0.021,Fairway,roll,0.000,0
2499,10.3955,-29.917,9.088,5.093,0.000,9.067,0.021,Fairway,roll,0.000,0
2500,10.3996,-29.917,9.088,5.093,0.000,9.067,0.021,Fairway,roll,0.000,0
2501,10.4038,-29.918,9.088,5.092,0.000,9.067,0.021,Fairway,roll,0.000,0
2502,10.4080,-29.918,9.088,5.092,0.000,9.067,0.021,Fairway,roll,0.000,0
2503,10.4121,-29.919,9.088,5.092,0.000,9.067,0.021,Fairway,roll,0.000,0
2504,10.4163,-29.919,9.088,5.092,0.000,9.067,0.021,Fairway,roll,0.000,0
2505,10.4205,-29.920,9.088,5.092,0.000,9.067,0.021,Fairway,roll,0.000,0
2506,10.4246,-29.920,9.088,5.092,0.000,9.067,0.021,Fairway,roll,0.000,0
2507,10.4288,-29.920,9.088,5.091,0.000,9.067,0.021,Fairway,roll,0.000,0
2508,10.4330,-29.921,9.088,5.091,0.000,9.067,0.021,Fairway,roll,0.000,0
2509,10.4371,-29.921,9.088,5.091,0.000,9.067,0.021,Fairway,roll,0.000,0
2510,10.4413,-29.922,9.088,5.091,0.000,9.067,0.021,Fairway,roll,0.000,0
2511,10.4455,-29.922,9.088,5.091,0.000,9.067,0.021,Fairway,roll,0.000,0
2512,10.4496,-29.922,9.088,5.090,0.000,9.067,0.021,Fairway,roll,0.000,0
2513,10.4538,-29.923,9.088,5.090,0.000,9.067,0.021,Fairway,roll,0.000,0
2514,10.4580,-29.923,9.088,5.090,0.000,9.067,0.021,Fairway,roll,0.000,0
2515,10.4621,-29.924,9.088,5.090,0.000,9.067,0.021,Fairway,roll,0.000,0
2516,10.4663,-29.924,9.088,5.090,0.000,9.067,0.021,Fairway,roll,0.000,0
2517,10.4705,-29.924,9.088,5.089,0.000,9.067,0.021,Fairway,roll,0.000,0
2518,10.4746,-29.925,9.088,5.089,0.000,9.067,0.021,Fairway,roll,0.000,0
2519,10.4788,-29.925,9.088,5.089,0.000,9.067,0.021,Fairway,roll,0.000,0
2520,10.4830,-29.926,9.088,5.089,0.000,9.067,0.021,Fairway,roll,0.000,0
2521,10.4871,-29.926,9.088,5.089,0.000,9.067,0.021,Fairway,roll,0.000,0
2522,10.4913,-29.927,9.088,5.089,0.000,9.067,0.021,Fairway,roll,0.000,0
2523,10.4955,-29.927,9.088,5.088,0.000,9.067,0.021,Fairway,roll,0.000,0
2524,10.4996,-29.927,9.088,5.088,0.000,9.067,0.021,Fairway,roll,0.000,0
2525,10.5038,-29.928,9.088,5.088,0.000,9.067,0.021,Fairway,roll,0.000,0
2526,10.5080,-29.928,9.088,5.088,0.000,9.067,0.021,Fairway,roll,0.000,0
2527,10.5121,-29.929,9.088,5.088,0.000,9.067,0.021,Fairway,roll,0.000,0
2528,10.5163,-29.929,9.088,5.087,0.000,9.067,0.021,Fairway,roll,0.000,0
2529,10.5205,-29.929,9.088,5.087,0.000,9.067,0.021,Fairway,roll,0.000,0
2530,10.5246,-29.930,9.088,5.087,0.000,9.067,0.021,Fairway,roll,0.000,0
2531,10.5288,-29.930,9.088,5.087,0.000,9.067,0.021,Fairway,roll,0.000,0
2532,10.5329,-29.931,9.088,5.087,0.000,9.067,0.021,Fairway,roll,0.000,0
2533,10.5371,-29.931,9.088,5.087,0.000,9.067,0.021,Fairway,roll,0.000,0
2534,10.5413,-29.931,9.088,5.086,0.000,9.067,0.021,Fairway,roll,0.000,0
2535,10.5454,-29.932,9.088,5.086,0.000,9.067,0.021,Fairway,roll,0.000,0
2536,10.5496,-29.932,9.088,5.086,0.000,9.067,0.021,Fairway,roll,0.000,0
2537,10.5538,-29.933,9.088,5.086,0.000,9.067,0.021,Fairway,roll,0.000,0
2538,10.5579,-29.933,9.088,5.086,0.000,9.067,0.021,Fairway,roll,0.000,0
2539,10.5621,-29.934,9.088,5.085,0.000,9.066,0.021,Fairway,roll,0.000,0
2540,10.5663,-29.934,9.088,5.085,0.000,9.066,0.021,Fairway,roll,0.000,0
2541,10.5704,-29.934,9.088,5.085,0.000,9.066,0.021,Fairway,roll,0.000,0
2542,10.5746,-29.935,9.088,5.085,0.000,9.066,0.021,Fairway,roll,0.000,0
2543,10.5788,-29.935,9.088,5.085,0.000,9.066,0.021,Fairway,roll,0.000,0
2544,10.5829,-29.936,9.088,5.085,0.000,9.066,0.021,Fairway,roll,0.000,0
2545,10.5871,-29.936,9.088,5.084,0.000,9.066,0.021,Fairway,roll,0.000,0
2546,10.5913,-29.936,9.088,5.084,0.000,9.066,0.021,Fairway,roll,0.000,0
2547,10.5954,-29.937,9.088,5.084,0.000,9.066,0.021,Fairway,roll,0.000,0
2548,10.5996,-29.937,9.088,5.084,0.000,9.066,0.021,Fairway,roll,0.000,0
2549,10.6038,-29.938,9.088,5.084,0.000,9.066,0.021,Fairway,roll,0.000,0
2550,10.6079,-29.938,9.088,5.083,0.000,9.066,0.021,Fairway,roll,0.000,0
2551,10.6121,-29.938,9.088,5.083,0.000,9.066,0.021,Fairway,roll,0.000,0
2552,10.6163,-29.939,9.088,5.083,0.000,9.066,0.021,Fairway,roll,0.000,0
2553,10.6204,-29.939,9.088,5.083,0.000,9.066,0.021,Fairway,roll,0.000,0
2554,10.6246,-29.939,9.088,5.083,0.000,9.066,0.021,Fairway,roll,0.000,0
2555,10.6288,-29.940,9.088,5.083,0.000,9.066,0.021,Fairway,roll,0.000,0
2556,10.6329,-29.940,9.088,5.082,0.000,9.066,0.021,Fairway,roll,0.000,0
2557,10.6371,-29.941,9.088,5.082,0.000,9.066,0.021,Fairway,roll,0.000,0
2558,10.6413,-29.941,9.088,5.082,0.000,9.066,0.021,Fairway,roll,0.000,0
2559,10.6454,-29.941,9.088,5.082,0.000,9.066,0.021,Fairway,roll,0.000,0
2560,10.6496,-29.942,9.088,5.082,0.000,9.066,0.021,Fairway,roll,0.000,0
2561,10.6538,-29.942,9.088,5.082,0.000,9.066,0.021,Fairway,roll,0.000,0
2562,10.6579,-29.943,9.088,5.081,0.000,9.066,0.021,Fairway,roll,0.000,0
2563,10.6621,-29.943,9.088,5.081,0.000,9.066,0.021,Fairway,roll,0.000,0
2564,10.6662,-29.943,9.088,5.081,0.000,9.066,0.021,Fairway,roll,0.000,0
2565,10.6704,-29.944,9.088,5.081,0.000,9.066,0.021,Fairway,roll,0.000,0
2566,10.6746,-29.944,9.088,5.081,0.000,9.066,0.021,Fairway,roll,0.000,0
2567,10.6787,-29.945,9.088,5.081,0.000,9.066,0.021,Fairway,roll,0.000,0
2568,10.6829,-29.945,9.088,5.080,0.000,9.066,0.021,Fairway,roll,0.000,0
2569,10.6871,-29.945,9.088,5.080,0.000,9.066,0.021,Fairway,roll,0.000,0
2570,10.6912,-29.946,9.088,5.080,0.000,9.066,0.021,Fairway,roll,0.000,0
2571,10.6954,-29.946,9.087,5.080,0.000,9.066,0.021,Fairway,roll,0.000,0
2572,10.6996,-29.947,9.087,5.080,0.000,9.066,0.021,Fairway,roll,0.000,0
2573,10.7037,-29.947,9.087,5.080,0.000,9.066,0.021,Fairway,roll,0.000,0
2574,10.7079,-29.947,9.087,5.079,0.000,9.066,0.021,Fairway,roll,0.000,0
2575,10.7121,-29.948,9.087,5.079,0.000,9.066,0.021,Fairway,roll,0.000,0
2576,10.7162,-29.948,9.087,5.079,0.000,9.066,0.021,Fairway,roll,0.000,0
2577,10.7204,-29.949,9.087,5.079,0.000,9.066,0.021,Fairway,roll,0.000,0
2578,10.7246,-29.949,9.087,5.079,0.000,9.066,0.021,Fairway,roll,0.000,0
2579,10.7287,-29.949,9.087,5.079,0.000,9.066,0.021,Fairway,roll,0.000,0
2580,10.7329,-29.950,9.087,5.078,0.000,9.066,0.021,Fairway,roll,0.000,0
2581,10.7371,-29.950,9.087,5.078,0.000,9.066,0.021,Fairway,roll,0.000,0
2582,10.7412,-29.951,9.087,5.078,0.000,9.066,0.021,Fairway,roll,0.000,0
2583,10.7454,-29.951,9.087,5.078,0.000,9.066,0.021,Fairway,roll,0.000,0
2584,10.7496,-29.951,9.087,5.078,0.000,9.066,0.021,Fairway,roll,0.000,0
2585,10.7537,-29.952,9.087,5.077,0.000,9.066,0.021,Fairway,roll,0.000,0
2586,10.7579,-29.952,9.087,5.077,0.000,9.066,0.021,Fairway,roll,0.000,0
2587,10.7621,-29.953,9.087,5.077,0.000,9.066,0.021,Fairway,roll,0.000,0
2588,10.7662,-29.953,9.087,5.077,0.000,9.066,0.021,Fairway,roll,0.000,0
2589,10.7704,-29.953,9.087,5.077,0.000,9.066,0.021,Fairway,roll,0.000,0
2590,10.7746,-29.954,9.087,5.077,0.000,9.066,0.021,Fairway,roll,0.000,0
2591,10.7787,-29.954,9.087,5.076,0.000,9.066,0.021,Fairway,roll,0.000,0
2592,10.7829,-29.955,9.087,5.076,0.000,9.066,0.021,Fairway,roll,0.000,0
2593,10.7871,-29.955,9.087,5.076,0.000,9.066,0.021,Fairway,roll,0.000,0
2594,10.7912,-29.955,9.087,5.076,0.000,9.066,0.021,Fairway,roll,0.000,0
2595,10.7954,-29.956,9.087,5.076,0.000,9.066,0.021,Fairway,roll,0.000,0
2596,10.7996,-29.956,9.087,5.076,0.000,9.066,0.021,Fairway,roll,0.000,0
2597,10.8037,-29.957,9.087,5.075,0.000,9.066,0.021,Fairway,roll,0.000,0
2598,10.8079,-29.957,9.087,5.075,0.000,9.066,0.021,Fairway,roll,0.000,0
2599,10.8120,-29.957,9.087,5.075,0.000,9.066,0.021,Fairway,roll,0.000,0
2600,10.8162,-29.958,9.087,5.075,0.000,9.066,0.021,Fairway,roll,0.000,0
2601,10.8204,-29.958,9.087,5.075,0.000,9.066,0.021,Fairway,roll,0.000,0
2602,10.8245,-29.958,9.087,5.075,0.000,9.066,0.021,Fairway,roll,0.000,0
2603,10.8287,-29.959,9.087,5.074,0.000,9.066,0.021,Fairway,roll,0.000,0
2604,10.8329,-29.959,9.087,5.074,0.000,9.066,0.021,Fairway,roll,0.000,0
2605,10.8370,-29.960,9.087,5.074,0.000,9.066,0.021,Fairway,roll,0.000,0
2606,10.8412,-29.960,9.087,5.074,0.000,9.066,0.021,Fairway,roll,0.000,0
