frame,time,x,y,z,vy,groundY,signedDist,zoneType,phase,dGroundY,zoneFlip
0,0.0000,39.378,10.851,32.220,14.554,10.831,0.020,Fairway,airborne,0.000,0
1,0.0042,39.112,10.912,32.116,14.493,10.826,0.086,Fairway,airborne,-0.005,0
2,0.0083,38.847,10.972,32.013,14.432,10.821,0.151,Fairway,airborne,-0.005,0
3,0.0125,38.583,11.032,31.909,14.372,10.816,0.216,Fairway,airborne,-0.005,0
4,0.0167,38.318,11.092,31.806,14.311,10.811,0.281,Fairway,airborne,-0.005,0
5,0.0208,38.054,11.151,31.703,14.251,10.806,0.346,Fairway,airborne,-0.005,0
6,0.0250,37.791,11.211,31.599,14.191,10.800,0.410,Fairway,airborne,-0.005,0
7,0.0292,37.527,11.270,31.497,14.131,10.795,0.474,Fairway,airborne,-0.005,0
8,0.0333,37.265,11.328,31.394,14.071,10.790,0.538,Fairway,airborne,-0.005,0
9,0.0375,37.002,11.387,31.291,14.011,10.785,0.602,Fairway,airborne,-0.005,0
10,0.0417,36.740,11.445,31.188,13.952,10.780,0.666,Fairway,airborne,-0.005,0
11,0.0458,36.478,11.503,31.086,13.892,10.774,0.729,Fairway,airborne,-0.005,0
12,0.0500,36.216,11.561,30.984,13.833,10.769,0.792,Fairway,airborne,-0.005,0
13,0.0542,35.955,11.618,30.882,13.774,10.763,0.855,Fairway,airborne,-0.005,0
14,0.0583,35.694,11.675,30.779,13.715,10.758,0.917,Fairway,airborne,-0.005,0
15,0.0625,35.434,11.733,30.678,13.656,10.753,0.980,Fairway,airborne,-0.005,0
16,0.0667,35.174,11.789,30.576,13.597,10.747,1.042,Fairway,airborne,-0.006,0
17,0.0708,34.914,11.846,30.474,13.539,10.742,1.104,Fairway,airborne,-0.006,0
18,0.0750,34.655,11.902,30.373,13.480,10.736,1.166,Fairway,airborne,-0.005,0
19,0.0791,34.395,11.958,30.271,13.422,10.731,1.228,Fairway,airborne,-0.006,0
20,0.0833,34.137,12.014,30.170,13.363,10.725,1.289,Fairway,airborne,-0.006,0
21,0.0875,33.878,12.069,30.069,13.305,10.719,1.350,Fairway,airborne,-0.006,0
22,0.0916,33.620,12.125,29.968,13.247,10.713,1.411,Fairway,airborne,-0.006,0
23,0.0958,33.362,12.180,29.867,13.189,10.708,1.472,Fairway,airborne,-0.006,0
24,0.1000,33.105,12.235,29.767,13.132,10.702,1.532,Fairway,airborne,-0.006,0
25,0.1041,32.848,12.289,29.666,13.074,10.696,1.593,Fairway,airborne,-0.006,0
26,0.1083,32.591,12.343,29.566,13.016,10.691,1.653,Fairway,airborne,-0.006,0
27,0.1125,32.335,12.398,29.465,12.959,10.685,1.713,Fairway,airborne,-0.006,0
28,0.1166,32.078,12.451,29.365,12.902,10.679,1.773,Fairway,airborne,-0.006,0
29,0.1208,31.823,12.505,29.265,12.844,10.673,1.832,Fairway,airborne,-0.006,0
30,0.1250,31.567,12.558,29.165,12.787,10.667,1.891,Fairway,airborne,-0.006,0
31,0.1291,31.312,12.612,29.065,12.730,10.662,1.950,Fairway,airborne,-0.006,0
32,0.1333,31.057,12.664,28.966,12.674,10.656,2.009,Fairway,airborne,-0.006,0
33,0.1375,30.803,12.717,28.866,12.617,10.650,2.067,Fairway,airborne,-0.006,0
34,0.1416,30.548,12.770,28.767,12.560,10.644,2.125,Fairway,airborne,-0.006,0
35,0.1458,30.295,12.822,28.667,12.504,10.639,2.183,Fairway,airborne,-0.006,0
36,0.1500,30.041,12.874,28.568,12.447,10.632,2.241,Fairway,airborne,-0.006,0
37,0.1541,29.788,12.925,28.469,12.391,10.626,2.299,Fairway,airborne,-0.006,0
38,0.1583,29.535,12.977,28.370,12.335,10.621,2.356,Fairway,airborne,-0.006,0
39,0.1625,29.282,13.028,28.271,12.279,10.615,2.414,Fairway,airborne,-0.006,0
40,0.1666,29.030,13.079,28.173,12.223,10.609,2.471,Fairway,airborne,-0.006,0
41,0.1708,28.778,13.130,28.074,12.167,10.603,2.527,Fairway,airborne,-0.006,0
42,0.1750,28.526,13.181,27.976,12.112,10.596,2.584,Fairway,airborne,-0.006,0
43,0.1791,28.275,13.231,27.877,12.056,10.590,2.641,Fairway,airborne,-0.006,0
44,0.1833,28.024,13.281,27.779,12.000,10.585,2.697,Fairway,airborne,-0.006,0
45,0.1875,27.773,13.331,27.681,11.945,10.579,2.752,Fairway,airborne,-0.005,0
46,0.1916,27.522,13.381,27.583,11.890,10.574,2.807,Fairway,airborne,-0.005,0
47,0.1958,27.272,13.430,27.485,11.835,10.568,2.862,Fairway,airborne,-0.006,0
48,0.2000,27.022,13.479,27.387,11.779,10.562,2.917,Fairway,airborne,-0.006,0
49,0.2041,26.773,13.528,27.290,11.724,10.556,2.972,Fairway,airborne,-0.006,0
50,0.2083,26.524,13.577,27.192,11.670,10.550,3.027,Fairway,airborne,-0.006,0
51,0.2124,26.275,13.625,27.095,11.615,10.543,3.082,Fairway,airborne,-0.006,0
52,0.2166,26.026,13.674,26.998,11.560,10.537,3.136,Fairway,airborne,-0.006,0
53,0.2208,25.778,13.722,26.901,11.506,10.531,3.190,Fairway,airborne,-0.006,0
54,0.2249,25.530,13.769,26.804,11.451,10.526,3.244,Fairway,airborne,-0.006,0
55,0.2291,25.282,13.817,26.707,11.397,10.520,3.297,Fairway,airborne,-0.006,0
56,0.2333,25.034,13.864,26.610,11.343,10.514,3.350,Fairway,airborne,-0.006,0
57,0.2374,24.787,13.911,26.513,11.288,10.509,3.403,Fairway,airborne,-0.006,0
58,0.2416,24.540,13.958,26.417,11.234,10.503,3.455,Fairway,airborne,-0.006,0
59,0.2458,24.294,14.005,26.320,11.180,10.497,3.508,Fairway,airborne,-0.006,0
60,0.2499,24.047,14.051,26.224,11.126,10.491,3.560,Fairway,airborne,-0.006,0
61,0.2541,23.801,14.098,26.127,11.073,10.486,3.612,Fairway,airborne,-0.006,0
62,0.2583,23.555,14.144,26.031,11.019,10.480,3.664,Fairway,airborne,-0.006,0
63,0.2624,23.310,14.189,25.935,10.965,10.474,3.716,Fairway,airborne,-0.006,0
64,0.2666,23.065,14.235,25.839,10.912,10.468,3.767,Fairway,airborne,-0.005,0
65,0.2708,22.820,14.280,25.744,10.858,10.463,3.818,Fairway,airborne,-0.006,0
66,0.2749,22.575,14.325,25.648,10.795,10.457,3.869,Fairway,airborne,-0.006,0
67,0.2791,22.331,14.370,25.553,10.729,10.451,3.919,Fairway,airborne,-0.006,0
68,0.2833,22.088,14.415,25.457,10.664,10.445,3.970,Fairway,airborne,-0.006,0
69,0.2874,21.845,14.459,25.362,10.599,10.440,4.019,Fairway,airborne,-0.005,0
70,0.2916,21.603,14.503,25.268,10.535,10.435,4.069,Fairway,airborne,-0.005,0
71,0.2958,21.361,14.547,25.173,10.470,10.429,4.118,Fairway,airborne,-0.006,0
72,0.2999,21.120,14.590,25.079,10.406,10.423,4.167,Fairway,airborne,-0.006,0
73,0.3041,20.879,14.634,24.984,10.342,10.417,4.216,Fairway,airborne,-0.006,0
74,0.3083,20.639,14.677,24.891,10.278,10.412,4.265,Fairway,airborne,-0.005,0
75,0.3124,20.399,14.719,24.797,10.215,10.407,4.313,Fairway,airborne,-0.005,0
76,0.3166,20.160,14.762,24.703,10.152,10.401,4.360,Fairway,airborne,-0.005,0
77,0.3208,19.922,14.804,24.610,10.089,10.396,4.407,Fairway,airborne,-0.005,0
78,0.3249,19.684,14.846,24.517,10.026,10.391,4.454,Fairway,airborne,-0.005,0
79,0.3291,19.446,14.887,24.424,9.964,10.386,4.501,Fairway,airborne,-0.005,0
80,0.3333,19.209,14.929,24.331,9.901,10.381,4.548,Fairway,airborne,-0.005,0
81,0.3374,18.973,14.970,24.239,9.839,10.375,4.594,Fairway,airborne,-0.005,0
82,0.3416,18.737,15.011,24.146,9.778,10.370,4.640,Fairway,airborne,-0.005,0
83,0.3457,18.501,15.051,24.054,9.716,10.365,4.686,Fairway,airborne,-0.005,0
84,0.3499,18.266,15.092,23.962,9.655,10.359,4.732,Fairway,airborne,-0.005,0
85,0.3541,18.031,15.132,23.871,9.593,10.354,4.777,Fairway,airborne,-0.005,0
86,0.3582,17.797,15.171,23.779,9.533,10.349,4.822,Fairway,airborne,-0.005,0
87,0.3624,17.564,15.211,23.688,9.472,10.344,4.867,Fairway,airborne,-0.005,0
88,0.3666,17.331,15.250,23.597,9.411,10.339,4.911,Fairway,airborne,-0.005,0
89,0.3707,17.098,15.289,23.506,9.351,10.334,4.955,Fairway,airborne,-0.005,0
90,0.3749,16.866,15.328,23.415,9.291,10.329,4.999,Fairway,airborne,-0.005,0
91,0.3791,16.635,15.367,23.324,9.231,10.325,5.042,Fairway,airborne,-0.005,0
92,0.3832,16.403,15.405,23.234,9.172,10.320,5.085,Fairway,airborne,-0.005,0
93,0.3874,16.173,15.443,23.144,9.112,10.315,5.128,Fairway,airborne,-0.005,0
94,0.3916,15.943,15.481,23.054,9.053,10.310,5.171,Fairway,airborne,-0.005,0
95,0.3957,15.713,15.519,22.964,8.994,10.305,5.214,Fairway,airborne,-0.005,0
96,0.3999,15.484,15.556,22.874,8.935,10.300,5.256,Fairway,airborne,-0.005,0
97,0.4041,15.255,15.593,22.785,8.876,10.295,5.298,Fairway,airborne,-0.005,0
98,0.4082,15.026,15.630,22.695,8.818,10.291,5.339,Fairway,airborne,-0.005,0
99,0.4124,14.799,15.666,22.606,8.760,10.286,5.381,Fairway,airborne,-0.005,0
100,0.4166,14.571,15.703,22.517,8.701,10.281,5.422,Fairway,airborne,-0.005,0
101,0.4207,14.344,15.739,22.428,8.644,10.276,5.463,Fairway,airborne,-0.005,0
102,0.4249,14.118,15.775,22.340,8.586,10.272,5.503,Fairway,airborne,-0.005,0
103,0.4291,13.891,15.810,22.251,8.528,10.267,5.544,Fairway,airborne,-0.005,0
104,0.4332,13.666,15.846,22.163,8.471,10.262,5.584,Fairway,airborne,-0.005,0
105,0.4374,13.440,15.881,22.075,8.414,10.258,5.623,Fairway,airborne,-0.004,0
106,0.4416,13.216,15.916,21.987,8.357,10.253,5.663,Fairway,airborne,-0.004,0
107,0.4457,12.991,15.951,21.899,8.300,10.249,5.702,Fairway,airborne,-0.004,0
108,0.4499,12.767,15.985,21.812,8.243,10.244,5.741,Fairway,airborne,-0.004,0
109,0.4541,12.544,16.019,21.724,8.187,10.240,5.779,Fairway,airborne,-0.004,0
110,0.4582,12.321,16.053,21.637,8.130,10.236,5.818,Fairway,airborne,-0.004,0
111,0.4624,12.098,16.087,21.550,8.074,10.231,5.856,Fairway,airborne,-0.004,0
112,0.4666,11.876,16.121,21.463,8.018,10.227,5.894,Fairway,airborne,-0.004,0
113,0.4707,11.654,16.154,21.376,7.963,10.222,5.931,Fairway,airborne,-0.004,0
114,0.4749,11.433,16.187,21.289,7.907,10.218,5.969,Fairway,airborne,-0.004,0
115,0.4790,11.212,16.220,21.203,7.851,10.214,6.006,Fairway,airborne,-0.004,0
116,0.4832,10.991,16.252,21.117,7.796,10.209,6.043,Fairway,airborne,-0.004,0
117,0.4874,10.771,16.285,21.031,7.741,10.205,6.080,Fairway,airborne,-0.004,0
118,0.4915,10.551,16.317,20.945,7.686,10.200,6.116,Fairway,airborne,-0.005,0
119,0.4957,10.332,16.349,20.859,7.631,10.196,6.152,Fairway,airborne,-0.004,0
120,0.4999,10.113,16.380,20.773,7.576,10.192,6.188,Fairway,airborne,-0.004,0
121,0.5040,9.894,16.412,20.688,7.522,10.189,6.223,Fairway,airborne,-0.004,0
122,0.5082,9.676,16.443,20.602,7.467,10.185,6.258,Fairway,airborne,-0.004,0
123,0.5124,9.458,16.474,20.517,7.413,10.181,6.293,Fairway,airborne,-0.004,0
124,0.5165,9.241,16.505,20.432,7.359,10.177,6.328,Fairway,airborne,-0.004,0
125,0.5207,9.024,16.535,20.347,7.305,10.173,6.362,Fairway,airborne,-0.004,0
126,0.5249,8.807,16.566,20.262,7.251,10.169,6.397,Fairway,airborne,-0.004,0
127,0.5290,8.591,16.596,20.178,7.197,10.165,6.431,Fairway,airborne,-0.004,0
128,0.5332,8.375,16.625,20.093,7.144,10.160,6.465,Fairway,airborne,-0.004,0
129,0.5374,8.160,16.655,20.009,7.090,10.156,6.499,Fairway,airborne,-0.004,0
130,0.5415,7.944,16.685,19.925,7.037,10.152,6.533,Fairway,airborne,-0.004,0
131,0.5457,7.730,16.714,19.841,6.984,10.148,6.566,Fairway,airborne,-0.004,0
132,0.5499,7.515,16.743,19.757,6.931,10.144,6.599,Fairway,airborne,-0.004,0
133,0.5540,7.301,16.771,19.673,6.878,10.140,6.632,Fairway,airborne,-0.004,0
134,0.5582,7.088,16.800,19.590,6.826,10.136,6.664,Fairway,airborne,-0.004,0
135,0.5624,6.875,16.828,19.507,6.773,10.132,6.696,Fairway,airborne,-0.004,0
136,0.5665,6.662,16.856,19.423,6.721,10.128,6.729,Fairway,airborne,-0.004,0
137,0.5707,6.449,16.884,19.340,6.668,10.124,6.760,Fairway,airborne,-0.004,0
138,0.5749,6.237,16.912,19.257,6.616,10.121,6.791,Fairway,airborne,-0.003,0
139,0.5790,6.025,16.939,19.174,6.564,10.117,6.822,Fairway,airborne,-0.004,0
140,0.5832,5.814,16.967,19.092,6.512,10.113,6.853,Fairway,airborne,-0.004,0
141,0.5874,5.603,16.994,19.009,6.460,10.110,6.884,Fairway,airborne,-0.004,0
142,0.5915,5.392,17.020,18.927,6.409,10.105,6.915,Fairway,airborne,-0.004,0
143,0.5957,5.182,17.047,18.844,6.357,10.101,6.946,Fairway,airborne,-0.004,0
144,0.5999,4.972,17.073,18.762,6.306,10.097,6.976,Fairway,airborne,-0.004,0
145,0.6040,4.762,17.099,18.680,6.254,10.093,7.007,Fairway,airborne,-0.004,0
146,0.6082,4.553,17.125,18.598,6.203,10.089,7.037,Fairway,airborne,-0.004,0
147,0.6124,4.344,17.151,18.517,6.152,10.085,7.066,Fairway,airborne,-0.003,0
148,0.6165,4.135,17.177,18.435,6.101,10.082,7.095,Fairway,airborne,-0.003,0
149,0.6207,3.927,17.202,18.354,6.050,10.078,7.124,Fairway,airborne,-0.004,0
150,0.6248,3.719,17.227,18.272,6.000,10.074,7.153,Fairway,airborne,-0.004,0
151,0.6290,3.511,17.252,18.191,5.949,10.070,7.182,Fairway,airborne,-0.004,0
152,0.6332,3.304,17.277,18.110,5.899,10.066,7.211,Fairway,airborne,-0.004,0
153,0.6373,3.097,17.301,18.029,5.848,10.062,7.240,Fairway,airborne,-0.004,0
154,0.6415,2.891,17.325,17.948,5.798,10.058,7.267,Fairway,airborne,-0.003,0
155,0.6457,2.684,17.349,17.868,5.748,10.054,7.295,Fairway,airborne,-0.004,0
156,0.6498,2.479,17.373,17.787,5.698,10.050,7.323,Fairway,airborne,-0.004,0
157,0.6540,2.273,17.397,17.707,5.648,10.046,7.351,Fairway,airborne,-0.004,0
158,0.6582,2.068,17.420,17.626,5.598,10.042,7.378,Fairway,airborne,-0.004,0
159,0.6623,1.863,17.443,17.546,5.548,10.038,7.406,Fairway,airborne,-0.004,0
160,0.6665,1.658,17.466,17.466,5.499,10.034,7.433,Fairway,airborne,-0.004,0
161,0.6707,1.454,17.489,17.386,5.449,10.030,7.460,Fairway,airborne,-0.004,0
162,0.6748,1.250,17.512,17.306,5.400,10.026,7.486,Fairway,airborne,-0.004,0
163,0.6790,1.046,17.534,17.227,5.351,10.022,7.512,Fairway,airborne,-0.004,0
164,0.6832,0.843,17.556,17.147,5.302,10.018,7.538,Fairway,airborne,-0.004,0
165,0.6873,0.640,17.578,17.068,5.253,10.013,7.565,Fairway,airborne,-0.005,0
166,0.6915,0.437,17.600,16.988,5.204,10.009,7.591,Fairway,airborne,-0.004,0
167,0.6957,0.235,17.622,16.909,5.155,10.005,7.616,Fairway,airborne,-0.004,0
168,0.6998,0.033,17.643,16.830,5.106,10.001,7.642,Fairway,airborne,-0.004,0
169,0.7040,-0.169,17.664,16.751,5.057,9.998,7.667,Fairway,airborne,-0.004,0
170,0.7082,-0.370,17.685,16.673,5.009,9.993,7.692,Fairway,airborne,-0.004,0
171,0.7123,-0.572,17.706,16.594,4.960,9.989,7.717,Fairway,airborne,-0.004,0
172,0.7165,-0.772,17.727,16.515,4.912,9.985,7.741,Fairway,airborne,-0.004,0
173,0.7207,-0.973,17.747,16.437,4.864,9.981,7.766,Fairway,airborne,-0.004,0
174,0.7248,-1.173,17.767,16.359,4.816,9.977,7.790,Fairway,airborne,-0.004,0
175,0.7290,-1.373,17.787,16.280,4.768,9.972,7.815,Fairway,airborne,-0.005,0
176,0.7332,-1.573,17.807,16.202,4.720,9.968,7.838,Fairway,airborne,-0.004,0
177,0.7373,-1.772,17.826,16.124,4.672,9.964,7.862,Fairway,airborne,-0.004,0
178,0.7415,-1.971,17.846,16.046,4.624,9.960,7.886,Fairway,airborne,-0.005,0
179,0.7457,-2.170,17.865,15.969,4.576,9.956,7.909,Fairway,airborne,-0.004,0
180,0.7498,-2.368,17.884,15.891,4.529,9.951,7.933,Fairway,airborne,-0.005,0
181,0.7540,-2.566,17.902,15.814,4.481,9.946,7.956,Fairway,airborne,-0.005,0
182,0.7581,-2.764,17.921,15.736,4.434,9.942,7.979,Fairway,airborne,-0.004,0
183,0.7623,-2.962,17.939,15.659,4.386,9.938,8.001,Fairway,airborne,-0.004,0
184,0.7665,-3.159,17.958,15.582,4.339,9.934,8.024,Fairway,airborne,-0.004,0
185,0.7706,-3.356,17.976,15.505,4.292,9.929,8.047,Fairway,airborne,-0.005,0
186,0.7748,-3.553,17.993,15.428,4.245,9.924,8.070,Fairway,airborne,-0.005,0
187,0.7790,-3.749,18.011,15.351,4.198,9.919,8.092,Fairway,airborne,-0.004,0
188,0.7831,-3.945,18.028,15.274,4.151,9.915,8.113,Fairway,airborne,-0.004,0
189,0.7873,-4.141,18.045,15.198,4.104,9.910,8.135,Fairway,airborne,-0.005,0
190,0.7915,-4.337,18.062,15.121,4.058,9.906,8.157,Fairway,airborne,-0.004,0
191,0.7956,-4.532,18.079,15.045,4.011,9.902,8.177,Fairway,airborne,-0.004,0
192,0.7998,-4.727,18.096,14.968,3.964,9.897,8.199,Fairway,airborne,-0.005,0
193,0.8040,-4.922,18.112,14.892,3.918,9.892,8.220,Fairway,airborne,-0.005,0
194,0.8081,-5.116,18.128,14.816,3.872,9.887,8.241,Fairway,airborne,-0.005,0
195,0.8123,-5.310,18.145,14.740,3.825,9.883,8.262,Fairway,airborne,-0.004,0
196,0.8165,-5.504,18.160,14.664,3.779,9.878,8.283,Fairway,airborne,-0.005,0
197,0.8206,-5.698,18.176,14.589,3.733,9.873,8.303,Fairway,airborne,-0.005,0
198,0.8248,-5.891,18.191,14.513,3.687,9.867,8.324,Fairway,airborne,-0.005,0
199,0.8290,-6.084,18.207,14.437,3.641,9.863,8.344,Fairway,airborne,-0.005,0
200,0.8331,-6.277,18.222,14.362,3.595,9.858,8.364,Fairway,airborne,-0.004,0
201,0.8373,-6.470,18.237,14.287,3.549,9.854,8.383,Fairway,airborne,-0.004,0
202,0.8415,-6.662,18.251,14.212,3.503,9.848,8.403,Fairway,airborne,-0.005,0
203,0.8456,-6.854,18.266,14.136,3.458,9.843,8.422,Fairway,airborne,-0.005,0
204,0.8498,-7.046,18.280,14.061,3.412,9.838,8.442,Fairway,airborne,-0.006,0
205,0.8540,-7.237,18.294,13.987,3.367,9.833,8.461,Fairway,airborne,-0.005,0
206,0.8581,-7.429,18.308,13.912,3.321,9.829,8.479,Fairway,airborne,-0.004,0
207,0.8623,-7.620,18.322,13.837,3.276,9.823,8.499,Fairway,airborne,-0.006,0
208,0.8665,-7.810,18.335,13.762,3.231,9.818,8.517,Fairway,airborne,-0.005,0
209,0.8706,-8.001,18.349,13.688,3.185,9.813,8.536,Fairway,airborne,-0.006,0
210,0.8748,-8.191,18.362,13.614,3.140,9.807,8.555,Fairway,airborne,-0.006,0
211,0.8790,-8.381,18.375,13.539,3.095,9.802,8.573,Fairway,airborne,-0.005,0
212,0.8831,-8.570,18.388,13.465,3.050,9.797,8.591,Fairway,airborne,-0.005,0
213,0.8873,-8.760,18.400,13.391,3.005,9.792,8.608,Fairway,airborne,-0.005,0
214,0.8914,-8.949,18.413,13.317,2.960,9.786,8.627,Fairway,airborne,-0.006,0
215,0.8956,-9.138,18.425,13.243,2.916,9.780,8.645,Fairway,airborne,-0.006,0
216,0.8998,-9.327,18.437,13.169,2.871,9.775,8.662,Fairway,airborne,-0.006,0
217,0.9039,-9.515,18.449,13.096,2.826,9.770,8.679,Fairway,airborne,-0.005,0
218,0.9081,-9.703,18.461,13.022,2.782,9.764,8.696,Fairway,airborne,-0.006,0
219,0.9123,-9.891,18.472,12.948,2.737,9.758,8.714,Fairway,airborne,-0.006,0
220,0.9164,-10.079,18.483,12.875,2.693,9.752,8.731,Fairway,airborne,-0.006,0
221,0.9206,-10.266,18.494,12.802,2.648,9.748,8.747,Fairway,airborne,-0.005,0
222,0.9248,-10.453,18.505,12.729,2.604,9.742,8.763,Fairway,airborne,-0.005,0
223,0.9289,-10.640,18.516,12.655,2.560,9.736,8.780,Fairway,airborne,-0.006,0
224,0.9331,-10.827,18.527,12.582,2.516,9.731,8.796,Fairway,airborne,-0.006,0
225,0.9373,-11.013,18.537,12.509,2.472,9.725,8.812,Fairway,airborne,-0.006,0
226,0.9414,-11.199,18.547,12.437,2.428,9.719,8.828,Fairway,airborne,-0.006,0
227,0.9456,-11.385,18.557,12.364,2.384,9.713,8.844,Fairway,airborne,-0.006,0
228,0.9498,-11.571,18.567,12.291,2.340,9.707,8.860,Fairway,airborne,-0.006,0
229,0.9539,-11.757,18.577,12.219,2.296,9.702,8.875,Fairway,airborne,-0.006,0
230,0.9581,-11.942,18.586,12.146,2.252,9.696,8.890,Fairway,airborne,-0.006,0
231,0.9623,-12.127,18.595,12.074,2.208,9.691,8.905,Fairway,airborne,-0.005,0
232,0.9664,-12.312,18.605,12.002,2.165,9.685,8.920,Fairway,airborne,-0.006,0
233,0.9706,-12.496,18.613,11.929,2.121,9.679,8.935,Fairway,airborne,-0.006,0
234,0.9748,-12.680,18.622,11.857,2.078,9.673,8.949,Fairway,airborne,-0.006,0
235,0.9789,-12.864,18.631,11.785,2.034,9.667,8.964,Fairway,airborne,-0.006,0
236,0.9831,-13.048,18.639,11.714,1.991,9.661,8.978,Fairway,airborne,-0.005,0
237,0.9873,-13.232,18.647,11.642,1.948,9.656,8.992,Fairway,airborne,-0.006,0
238,0.9914,-13.415,18.655,11.570,1.904,9.649,9.006,Fairway,airborne,-0.007,0
239,0.9956,-13.598,18.663,11.498,1.861,9.643,9.021,Fairway,airborne,-0.006,0
240,0.9998,-13.781,18.671,11.427,1.818,9.637,9.034,Fairway,airborne,-0.006,0
241,1.0039,-13.964,18.678,11.355,1.775,9.631,9.047,Fairway,airborne,-0.006,0
242,1.0081,-14.146,18.686,11.284,1.732,9.625,9.060,Fairway,airborne,-0.006,0
243,1.0123,-14.328,18.693,11.213,1.689,9.619,9.074,Fairway,airborne,-0.007,0
244,1.0164,-14.510,18.700,11.142,1.646,9.612,9.088,Fairway,airborne,-0.007,0
245,1.0206,-14.692,18.706,11.070,1.603,9.606,9.101,Fairway,airborne,-0.006,0
246,1.0248,-14.874,18.713,10.999,1.560,9.600,9.113,Fairway,airborne,-0.006,0
247,1.0289,-15.055,18.719,10.929,1.518,9.594,9.126,Fairway,airborne,-0.006,0
248,1.0331,-15.236,18.726,10.858,1.475,9.588,9.137,Fairway,airborne,-0.005,0
249,1.0372,-15.417,18.732,10.787,1.432,9.582,9.150,Fairway,airborne,-0.007,0
250,1.0414,-15.598,18.738,10.716,1.390,9.576,9.162,Fairway,airborne,-0.006,0
251,1.0456,-15.778,18.743,10.646,1.347,9.570,9.173,Fairway,airborne,-0.006,0
252,1.0497,-15.958,18.749,10.575,1.305,9.563,9.186,Fairway,airborne,-0.007,0
253,1.0539,-16.138,18.754,10.505,1.262,9.557,9.197,Fairway,airborne,-0.007,0
254,1.0581,-16.318,18.759,10.434,1.220,9.551,9.209,Fairway,airborne,-0.006,0
255,1.0622,-16.498,18.764,10.364,1.178,9.545,9.220,Fairway,airborne,-0.006,0
256,1.0664,-16.677,18.769,10.294,1.135,9.538,9.231,Fairway,airborne,-0.006,0
257,1.0706,-16.856,18.774,10.224,1.093,9.532,9.242,Fairway,airborne,-0.007,0
258,1.0747,-17.035,18.778,10.154,1.051,9.525,9.253,Fairway,airborne,-0.007,0
259,1.0789,-17.214,18.782,10.084,1.009,9.519,9.264,Fairway,airborne,-0.006,0
260,1.0831,-17.392,18.787,10.014,0.967,9.512,9.274,Fairway,airborne,-0.007,0
261,1.0872,-17.570,18.790,9.945,0.925,9.506,9.285,Fairway,airborne,-0.006,0
262,1.0914,-17.748,18.794,9.875,0.883,9.499,9.295,Fairway,airborne,-0.007,0
263,1.0956,-17.926,18.798,9.805,0.841,9.494,9.304,Fairway,airborne,-0.005,0
264,1.0997,-18.104,18.801,9.736,0.799,9.488,9.314,Fairway,airborne,-0.006,0
265,1.1039,-18.281,18.804,9.666,0.758,9.481,9.323,Fairway,airborne,-0.006,0
266,1.1081,-18.459,18.808,9.597,0.716,9.475,9.333,Fairway,airborne,-0.007,0
267,1.1122,-18.636,18.810,9.528,0.674,9.468,9.342,Fairway,airborne,-0.006,0
268,1.1164,-18.812,18.813,9.459,0.633,9.462,9.351,Fairway,airborne,-0.006,0
269,1.1206,-18.989,18.816,9.390,0.591,9.455,9.361,Fairway,airborne,-0.007,0
270,1.1247,-19.165,18.818,9.321,0.550,9.449,9.369,Fairway,airborne,-0.006,0
271,1.1289,-19.342,18.820,9.252,0.508,9.442,9.378,Fairway,airborne,-0.006,0
272,1.1331,-19.518,18.822,9.183,0.467,9.436,9.386,Fairway,airborne,-0.006,0
273,1.1372,-19.693,18.824,9.114,0.425,9.431,9.393,Fairway,airborne,-0.006,0
274,1.1414,-19.869,18.826,9.045,0.384,9.424,9.401,Fairway,airborne,-0.006,0
275,1.1456,-20.044,18.827,8.977,0.343,9.418,9.410,Fairway,airborne,-0.007,0
276,1.1497,-20.219,18.829,8.908,0.302,9.410,9.418,Fairway,airborne,-0.007,0
277,1.1539,-20.394,18.830,8.840,0.260,9.405,9.425,Fairway,airborne,-0.006,0
278,1.1581,-20.569,18.831,8.772,0.219,9.399,9.432,Fairway,airborne,-0.006,0
279,1.1622,-20.744,18.832,8.703,0.178,9.392,9.439,Fairway,airborne,-0.006,0
280,1.1664,-20.918,18.832,8.635,0.137,9.386,9.447,Fairway,airborne,-0.006,0
281,1.1705,-21.092,18.833,8.567,0.096,9.379,9.453,Fairway,airborne,-0.006,0
282,1.1747,-21.266,18.833,8.499,0.055,9.373,9.460,Fairway,airborne,-0.006,0
283,1.1789,-21.440,18.833,8.431,0.014,9.367,9.467,Fairway,airborne,-0.006,0
284,1.1830,-21.614,18.833,8.363,-0.026,9.360,9.473,Fairway,airborne,-0.006,0
285,1.1872,-21.787,18.833,8.295,-0.067,9.354,9.479,Fairway,airborne,-0.006,0
286,1.1914,-21.960,18.833,8.227,-0.108,9.348,9.485,Fairway,airborne,-0.006,0
287,1.1955,-22.133,18.832,8.160,-0.149,9.341,9.491,Fairway,airborne,-0.006,0
288,1.1997,-22.306,18.831,8.092,-0.189,9.335,9.497,Fairway,airborne,-0.006,0
289,1.2039,-22.479,18.830,8.025,-0.230,9.329,9.502,Fairway,airborne,-0.006,0
290,1.2080,-22.651,18.829,7.957,-0.271,9.323,9.506,Fairway,airborne,-0.006,0
291,1.2122,-22.823,18.828,7.890,-0.311,9.317,9.511,Fairway,airborne,-0.006,0
292,1.2164,-22.995,18.827,7.822,-0.352,9.310,9.517,Fairway,airborne,-0.007,0
293,1.2205,-23.167,18.825,7.755,-0.392,9.303,9.522,Fairway,airborne,-0.006,0
294,1.2247,-23.339,18.824,7.688,-0.432,9.298,9.526,Fairway,airborne,-0.005,0
295,1.2289,-23.510,18.822,7.621,-0.473,9.292,9.530,Fairway,airborne,-0.006,0
296,1.2330,-23.682,18.820,7.554,-0.513,9.286,9.534,Fairway,airborne,-0.006,0
297,1.2372,-23.853,18.817,7.487,-0.553,9.280,9.538,Fairway,airborne,-0.006,0
298,1.2414,-24.024,18.815,7.420,-0.594,9.273,9.542,Fairway,airborne,-0.007,0
299,1.2455,-24.194,18.813,7.353,-0.634,9.267,9.546,Fairway,airborne,-0.006,0
300,1.2497,-24.365,18.810,7.287,-0.674,9.261,9.549,Fairway,airborne,-0.006,0
301,1.2539,-24.535,18.807,7.220,-0.714,9.255,9.552,Fairway,airborne,-0.006,0
302,1.2580,-24.706,18.804,7.153,-0.754,9.248,9.556,Fairway,airborne,-0.006,0
303,1.2622,-24.876,18.801,7.087,-0.794,9.243,9.558,Fairway,airborne,-0.006,0
304,1.2664,-25.045,18.797,7.021,-0.834,9.237,9.560,Fairway,airborne,-0.005,0
305,1.2705,-25.215,18.794,6.954,-0.874,9.231,9.563,Fairway,airborne,-0.006,0
306,1.2747,-25.384,18.790,6.888,-0.914,9.225,9.565,Fairway,airborne,-0.006,0
307,1.2789,-25.554,18.786,6.822,-0.954,9.219,9.568,Fairway,airborne,-0.006,0
308,1.2830,-25.723,18.782,6.756,-0.993,9.212,9.570,Fairway,airborne,-0.006,0
309,1.2872,-25.892,18.778,6.689,-1.033,9.206,9.572,Fairway,airborne,-0.006,0
310,1.2914,-26.060,18.774,6.624,-1.073,9.200,9.573,Fairway,airborne,-0.006,0
311,1.2955,-26.229,18.769,6.558,-1.113,9.195,9.574,Fairway,airborne,-0.006,0
312,1.2997,-26.397,18.764,6.492,-1.152,9.188,9.576,Fairway,airborne,-0.007,0
313,1.3038,-26.566,18.759,6.426,-1.192,9.183,9.577,Fairway,airborne,-0.005,0
314,1.3080,-26.734,18.754,6.360,-1.231,9.177,9.577,Fairway,airborne,-0.006,0
315,1.3122,-26.901,18.749,6.295,-1.271,9.171,9.578,Fairway,airborne,-0.006,0
316,1.3163,-27.069,18.744,6.229,-1.310,9.165,9.579,Fairway,airborne,-0.006,0
317,1.3205,-27.237,18.738,6.163,-1.350,9.160,9.579,Fairway,airborne,-0.005,0
318,1.3247,-27.404,18.733,6.098,-1.389,9.154,9.579,Fairway,airborne,-0.006,0
319,1.3288,-27.571,18.727,6.033,-1.429,9.148,9.579,Fairway,airborne,-0.006,0
320,1.3330,-27.738,18.721,5.967,-1.468,9.142,9.579,Fairway,airborne,-0.006,0
321,1.3372,-27.905,18.714,5.902,-1.507,9.136,9.579,Fairway,airborne,-0.006,0
322,1.3413,-28.071,18.708,5.837,-1.547,9.131,9.577,Fairway,airborne,-0.005,0
323,1.3455,-28.238,18.702,5.772,-1.586,9.125,9.577,Fairway,airborne,-0.006,0
324,1.3497,-28.404,18.695,5.707,-1.625,9.119,9.576,Fairway,airborne,-0.006,0
325,1.3538,-28.570,18.688,5.642,-1.664,9.114,9.574,Fairway,airborne,-0.005,0
326,1.3580,-28.736,18.681,5.577,-1.703,9.108,9.573,Fairway,airborne,-0.006,0
327,1.3622,-28.902,18.674,5.512,-1.742,9.102,9.572,Fairway,airborne,-0.006,0
328,1.3663,-29.067,18.666,5.447,-1.781,9.096,9.570,Fairway,airborne,-0.006,0
329,1.3705,-29.233,18.659,5.383,-1.820,9.091,9.568,Fairway,airborne,-0.005,0
330,1.3747,-29.398,18.651,5.318,-1.859,9.085,9.566,Fairway,airborne,-0.006,0
331,1.3788,-29.563,18.644,5.253,-1.898,9.079,9.564,Fairway,airborne,-0.006,0
332,1.3830,-29.728,18.636,5.189,-1.937,9.074,9.561,Fairway,airborne,-0.005,0
333,1.3872,-29.893,18.627,5.124,-1.976,9.069,9.559,Fairway,airborne,-0.006,0
334,1.3913,-30.057,18.619,5.060,-2.015,9.063,9.556,Fairway,airborne,-0.006,0
335,1.3955,-30.222,18.611,4.996,-2.054,9.058,9.553,Fairway,airborne,-0.005,0
336,1.3997,-30.386,18.602,4.931,-2.092,9.048,9.554,Fairway,airborne,-0.010,0
337,1.4038,-30.550,18.593,4.867,-2.131,8.847,9.747,Fairway,airborne,-0.201,0
338,1.4080,-30.714,18.584,4.803,-2.170,8.642,9.943,Fairway,airborne,-0.205,0
339,1.4122,-30.878,18.575,4.739,-2.208,8.636,9.939,Fairway,airborne,-0.006,0
340,1.4163,-31.041,18.566,4.675,-2.247,8.630,9.935,Fairway,airborne,-0.005,0
341,1.4205,-31.205,18.556,4.611,-2.286,8.625,9.931,Fairway,airborne,-0.005,0
342,1.4247,-31.368,18.547,4.547,-2.324,8.620,9.927,Fairway,airborne,-0.005,0
343,1.4288,-31.531,18.537,4.484,-2.363,8.615,9.922,Fairway,airborne,-0.005,0
344,1.4330,-31.694,18.527,4.420,-2.401,8.609,9.918,Fairway,airborne,-0.006,0
345,1.4371,-31.857,18.517,4.356,-2.440,8.604,9.913,Fairway,airborne,-0.005,0
346,1.4413,-32.019,18.507,4.292,-2.478,8.598,9.908,Fairway,airborne,-0.006,0
347,1.4455,-32.182,18.496,4.229,-2.516,8.593,9.904,Fairway,airborne,-0.006,0
348,1.4496,-32.344,18.486,4.165,-2.555,8.589,9.897,Fairway,airborne,-0.004,0
349,1.4538,-32.506,18.475,4.102,-2.593,8.808,9.667,Fairway,airborne,0.220,0
350,1.4580,-32.668,18.464,4.039,-2.631,8.978,9.487,Fairway,airborne,0.169,0
351,1.4621,-32.830,18.453,3.975,-2.670,8.973,9.481,Fairway,airborne,-0.005,0
352,1.4663,-32.992,18.442,3.912,-2.708,8.967,9.475,Fairway,airborne,-0.005,0
353,1.4705,-33.153,18.431,3.849,-2.746,8.963,9.468,Fairway,airborne,-0.005,0
354,1.4746,-33.314,18.419,3.786,-2.784,8.957,9.462,Fairway,airborne,-0.005,0
355,1.4788,-33.476,18.408,3.723,-2.822,8.952,9.455,Fairway,airborne,-0.005,0
356,1.4830,-33.637,18.396,3.660,-2.860,8.947,9.449,Fairway,airborne,-0.006,0
357,1.4871,-33.797,18.384,3.597,-2.898,8.941,9.443,Fairway,airborne,-0.006,0
358,1.4913,-33.958,18.372,3.534,-2.936,8.937,9.435,Fairway,airborne,-0.004,0
359,1.4955,-34.119,18.359,3.471,-2.974,8.932,9.427,Fairway,airborne,-0.005,0
360,1.4996,-34.279,18.347,3.409,-3.012,8.927,9.420,Fairway,airborne,-0.005,0
361,1.5038,-34.439,18.334,3.346,-3.050,8.922,9.413,Fairway,airborne,-0.005,0
362,1.5080,-34.599,18.321,3.283,-3.088,8.916,9.405,Fairway,airborne,-0.006,0
363,1.5121,-34.759,18.308,3.221,-3.126,8.911,9.397,Fairway,airborne,-0.005,0
364,1.5163,-34.919,18.295,3.158,-3.164,8.907,9.389,Fairway,airborne,-0.004,0
365,1.5205,-35.079,18.282,3.096,-3.202,8.902,9.381,Fairway,airborne,-0.005,0
366,1.5246,-35.238,18.269,3.033,-3.239,8.897,9.372,Fairway,airborne,-0.005,0
367,1.5288,-35.397,18.255,2.971,-3.277,8.891,9.364,Fairway,airborne,-0.005,0
368,1.5330,-35.557,18.241,2.909,-3.315,8.886,9.355,Fairway,airborne,-0.005,0
369,1.5371,-35.716,18.228,2.847,-3.352,8.881,9.346,Fairway,airborne,-0.005,0
370,1.5413,-35.875,18.213,2.784,-3.390,8.877,9.337,Fairway,airborne,-0.005,0
371,1.5455,-36.033,18.199,2.722,-3.428,8.872,9.327,Fairway,airborne,-0.004,0
372,1.5496,-36.192,18.185,2.660,-3.465,8.867,9.318,Fairway,airborne,-0.005,0
373,1.5538,-36.350,18.170,2.598,-3.503,8.862,9.308,Fairway,airborne,-0.005,0
374,1.5580,-36.508,18.156,2.536,-3.540,8.857,9.299,Fairway,airborne,-0.005,0
375,1.5621,-36.667,18.141,2.475,-3.578,8.853,9.288,Fairway,airborne,-0.005,0
376,1.5663,-36.825,18.126,2.413,-3.615,8.848,9.278,Fairway,airborne,-0.004,0
377,1.5705,-36.982,18.111,2.351,-3.653,8.843,9.268,Fairway,airborne,-0.005,0
378,1.5746,-37.140,18.096,2.289,-3.690,8.838,9.257,Fairway,airborne,-0.005,0
379,1.5788,-37.298,18.080,2.228,-3.728,8.833,9.247,Fairway,airborne,-0.005,0
380,1.5829,-37.455,18.064,2.166,-3.765,8.828,9.236,Fairway,airborne,-0.005,0
381,1.5871,-37.612,18.049,2.105,-3.802,8.823,9.225,Fairway,airborne,-0.005,0
382,1.5913,-37.769,18.033,2.043,-3.840,8.819,9.214,Fairway,airborne,-0.004,0
383,1.5954,-37.926,18.017,1.982,-3.877,8.814,9.203,Fairway,airborne,-0.005,0
384,1.5996,-38.083,18.001,1.921,-3.914,8.809,9.191,Fairway,airborne,-0.005,0
385,1.6038,-38.240,17.984,1.859,-3.951,8.804,9.180,Fairway,airborne,-0.005,0
386,1.6079,-38.396,17.968,1.798,-3.988,8.799,9.168,Fairway,airborne,-0.005,0
387,1.6121,-38.552,17.951,1.737,-4.026,8.795,9.156,Fairway,airborne,-0.004,0
388,1.6163,-38.709,17.934,1.676,-4.063,8.790,9.144,Fairway,airborne,-0.005,0
389,1.6204,-38.865,17.917,1.615,-4.100,8.785,9.132,Fairway,airborne,-0.005,0
390,1.6246,-39.021,17.900,1.554,-4.137,8.781,9.119,Fairway,airborne,-0.004,0
391,1.6288,-39.176,17.883,1.493,-4.174,8.776,9.106,Fairway,airborne,-0.005,0
392,1.6329,-39.332,17.865,1.432,-4.211,8.772,9.094,Fairway,airborne,-0.005,0
393,1.6371,-39.488,17.848,1.371,-4.248,8.767,9.080,Fairway,airborne,-0.004,0
394,1.6413,-39.643,17.830,1.310,-4.285,8.762,9.068,Fairway,airborne,-0.005,0
395,1.6454,-39.798,17.812,1.250,-4.322,8.757,9.054,Fairway,airborne,-0.005,0
396,1.6496,-39.953,17.794,1.189,-4.359,8.752,9.041,Fairway,airborne,-0.005,0
397,1.6538,-40.108,17.776,1.128,-4.396,8.748,9.028,Fairway,airborne,-0.005,0
398,1.6579,-40.263,17.757,1.068,-4.432,8.743,9.014,Fairway,airborne,-0.005,0
399,1.6621,-40.418,17.739,1.007,-4.469,8.739,9.000,Fairway,airborne,-0.004,0
400,1.6663,-40.572,17.720,0.947,-4.506,8.735,8.985,Fairway,airborne,-0.004,0
401,1.6704,-40.726,17.701,0.886,-4.543,8.730,8.971,Fairway,airborne,-0.005,0
402,1.6746,-40.881,17.682,0.826,-4.580,8.725,8.957,Fairway,airborne,-0.005,0
403,1.6788,-41.035,17.663,0.766,-4.616,8.720,8.943,Fairway,airborne,-0.005,0
404,1.6829,-41.189,17.644,0.706,-4.653,8.715,8.928,Fairway,airborne,-0.005,0
405,1.6871,-41.343,17.624,0.645,-4.690,8.711,8.914,Fairway,airborne,-0.005,0
406,1.6913,-41.496,17.605,0.585,-4.726,8.706,8.898,Fairway,airborne,-0.004,0
407,1.6954,-41.650,17.585,0.525,-4.763,8.701,8.884,Fairway,airborne,-0.005,0
408,1.6996,-41.803,17.565,0.465,-4.799,8.697,8.868,Fairway,airborne,-0.004,0
409,1.7038,-41.957,17.545,0.405,-4.836,8.693,8.852,Fairway,airborne,-0.004,0
410,1.7079,-42.110,17.525,0.345,-4.873,8.688,8.837,Fairway,airborne,-0.005,0
411,1.7121,-42.263,17.504,0.286,-4.909,8.683,8.821,Fairway,airborne,-0.004,0
412,1.7162,-42.416,17.484,0.226,-4.945,8.679,8.805,Fairway,airborne,-0.004,0
413,1.7204,-42.568,17.463,0.166,-4.982,8.674,8.789,Fairway,airborne,-0.005,0
414,1.7246,-42.721,17.442,0.106,-5.018,8.669,8.773,Fairway,airborne,-0.005,0
415,1.7287,-42.873,17.421,0.047,-5.055,8.665,8.757,Fairway,airborne,-0.005,0
416,1.7329,-43.026,17.400,-0.013,-5.091,8.660,8.740,Fairway,airborne,-0.005,0
417,1.7371,-43.178,17.379,-0.072,-5.128,8.656,8.723,Fairway,airborne,-0.004,0
418,1.7412,-43.330,17.357,-0.132,-5.164,8.652,8.706,Fairway,airborne,-0.004,0
419,1.7454,-43.482,17.336,-0.191,-5.200,8.647,8.689,Fairway,airborne,-0.005,0
420,1.7496,-43.634,17.314,-0.251,-5.236,8.642,8.672,Fairway,airborne,-0.004,0
421,1.7537,-43.785,17.292,-0.310,-5.273,8.637,8.655,Fairway,airborne,-0.005,0
422,1.7579,-43.937,17.270,-0.369,-5.309,8.633,8.638,Fairway,airborne,-0.005,0
423,1.7621,-44.088,17.248,-0.429,-5.345,8.628,8.620,Fairway,airborne,-0.005,0
424,1.7662,-44.239,17.226,-0.488,-5.381,8.623,8.602,Fairway,airborne,-0.004,0
425,1.7704,-44.391,17.203,-0.547,-5.417,8.619,8.584,Fairway,airborne,-0.004,0
426,1.7746,-44.542,17.181,-0.606,-5.454,8.614,8.567,Fairway,airborne,-0.005,0
427,1.7787,-44.692,17.158,-0.665,-5.490,8.609,8.548,Fairway,airborne,-0.005,0
428,1.7829,-44.843,17.135,-0.724,-5.526,8.605,8.530,Fairway,airborne,-0.005,0
429,1.7871,-44.994,17.112,-0.783,-5.562,8.600,8.511,Fairway,airborne,-0.004,0
430,1.7912,-45.144,17.089,-0.842,-5.598,8.596,8.493,Fairway,airborne,-0.004,0
431,1.7954,-45.295,17.065,-0.901,-5.634,8.591,8.474,Fairway,airborne,-0.005,0
432,1.7996,-45.445,17.042,-0.959,-5.670,8.586,8.455,Fairway,airborne,-0.004,0
433,1.8037,-45.595,17.018,-1.018,-5.706,8.581,8.436,Fairway,airborne,-0.005,0
434,1.8079,-45.745,16.994,-1.077,-5.742,8.577,8.417,Fairway,airborne,-0.004,0
435,1.8121,-45.895,16.970,-1.135,-5.778,8.572,8.398,Fairway,airborne,-0.005,0
436,1.8162,-46.044,16.946,-1.194,-5.813,8.569,8.377,Fairway,airborne,-0.004,0
437,1.8204,-46.194,16.922,-1.252,-5.849,8.564,8.358,Fairway,airborne,-0.005,0
438,1.8246,-46.343,16.897,-1.311,-5.885,8.559,8.338,Fairway,airborne,-0.005,0
439,1.8287,-46.493,16.873,-1.369,-5.921,8.554,8.318,Fairway,airborne,-0.004,0
440,1.8329,-46.642,16.848,-1.428,-5.957,8.549,8.299,Fairway,airborne,-0.005,0
441,1.8371,-46.791,16.823,-1.486,-5.993,8.545,8.278,Fairway,airborne,-0.004,0
442,1.8412,-46.940,16.798,-1.544,-6.028,8.541,8.257,Fairway,airborne,-0.004,0
443,1.8454,-47.089,16.773,-1.602,-6.064,8.536,8.237,Fairway,airborne,-0.005,0
444,1.8495,-47.237,16.747,-1.661,-6.100,8.532,8.216,Fairway,airborne,-0.004,0
445,1.8537,-47.386,16.722,-1.719,-6.135,8.527,8.195,Fairway,airborne,-0.005,0
446,1.8579,-47.534,16.696,-1.777,-6.171,8.522,8.174,Fairway,airborne,-0.004,0
447,1.8620,-47.683,16.671,-1.835,-6.207,8.517,8.153,Fairway,airborne,-0.005,0
448,1.8662,-47.831,16.645,-1.893,-6.242,8.513,8.132,Fairway,airborne,-0.004,0
449,1.8704,-47.979,16.619,-1.951,-6.278,8.509,8.110,Fairway,airborne,-0.004,0
450,1.8745,-48.127,16.592,-2.008,-6.313,8.504,8.088,Fairway,airborne,-0.005,0
451,1.8787,-48.275,16.566,-2.066,-6.349,8.499,8.067,Fairway,airborne,-0.005,0
452,1.8829,-48.422,16.539,-2.124,-6.384,8.494,8.045,Fairway,airborne,-0.005,0
453,1.8870,-48.570,16.513,-2.182,-6.420,8.489,8.024,Fairway,airborne,-0.005,0
454,1.8912,-48.717,16.486,-2.239,-6.455,8.485,8.001,Fairway,airborne,-0.004,0
455,1.8954,-48.865,16.459,-2.297,-6.491,8.481,7.978,Fairway,airborne,-0.004,0
456,1.8995,-49.012,16.432,-2.355,-6.526,8.476,7.956,Fairway,airborne,-0.005,0
457,1.9037,-49.159,16.405,-2.412,-6.562,8.471,7.934,Fairway,airborne,-0.006,0
458,1.9079,-49.306,16.377,-2.470,-6.597,8.466,7.911,Fairway,airborne,-0.005,0
459,1.9120,-49.453,16.350,-2.527,-6.632,8.461,7.889,Fairway,airborne,-0.005,0
460,1.9162,-49.599,16.322,-2.585,-6.668,8.457,7.865,Fairway,airborne,-0.004,0
461,1.9204,-49.746,16.294,-2.642,-6.703,8.452,7.842,Fairway,airborne,-0.005,0
462,1.9245,-49.892,16.266,-2.699,-6.738,8.447,7.819,Fairway,airborne,-0.005,0
463,1.9287,-50.039,16.238,-2.756,-6.774,8.443,7.795,Fairway,airborne,-0.005,0
464,1.9329,-50.185,16.210,-2.814,-6.809,8.438,7.771,Fairway,airborne,-0.004,0
465,1.9370,-50.331,16.181,-2.871,-6.844,8.434,7.748,Fairway,airborne,-0.005,0
466,1.9412,-50.477,16.153,-2.928,-6.879,8.429,7.724,Fairway,airborne,-0.005,0
467,1.9454,-50.623,16.124,-2.985,-6.914,8.425,7.699,Fairway,airborne,-0.004,0
468,1.9495,-50.769,16.095,-3.042,-6.950,8.420,7.675,Fairway,airborne,-0.005,0
469,1.9537,-50.914,16.066,-3.099,-6.985,8.416,7.651,Fairway,airborne,-0.004,0
470,1.9579,-51.060,16.037,-3.156,-7.020,8.410,7.627,Fairway,airborne,-0.005,0
471,1.9620,-51.205,16.008,-3.213,-7.055,8.405,7.602,Fairway,airborne,-0.005,0
472,1.9662,-51.351,15.978,-3.270,-7.090,8.401,7.577,Fairway,airborne,-0.004,0
473,1.9704,-51.496,15.949,-3.326,-7.125,8.396,7.553,Fairway,airborne,-0.005,0
474,1.9745,-51.641,15.919,-3.383,-7.160,8.391,7.527,Fairway,airborne,-0.004,0
475,1.9787,-51.786,15.889,-3.440,-7.195,8.387,7.502,Fairway,airborne,-0.005,0
476,1.9828,-51.930,15.859,-3.496,-7.230,8.382,7.477,Fairway,airborne,-0.004,0
477,1.9870,-52.075,15.829,-3.553,-7.265,8.378,7.451,Fairway,airborne,-0.004,0
478,1.9912,-52.220,15.798,-3.610,-7.300,8.373,7.425,Fairway,airborne,-0.005,0
479,1.9953,-52.364,15.768,-3.666,-7.335,8.369,7.399,Fairway,airborne,-0.005,0
480,1.9995,-52.508,15.737,-3.722,-7.370,8.363,7.374,Fairway,airborne,-0.005,0
481,2.0037,-52.653,15.707,-3.779,-7.405,8.358,7.348,Fairway,airborne,-0.005,0
482,2.0078,-52.797,15.676,-3.835,-7.440,8.354,7.322,Fairway,airborne,-0.005,0
483,2.0120,-52.941,15.645,-3.892,-7.474,8.349,7.295,Fairway,airborne,-0.004,0
484,2.0162,-53.085,15.613,-3.948,-7.509,8.345,7.269,Fairway,airborne,-0.004,0
485,2.0203,-53.228,15.582,-4.004,-7.544,8.340,7.242,Fairway,airborne,-0.005,0
486,2.0245,-53.372,15.551,-4.060,-7.579,8.335,7.216,Fairway,airborne,-0.005,0
487,2.0287,-53.515,15.519,-4.116,-7.614,8.330,7.189,Fairway,airborne,-0.005,0
488,2.0328,-53.659,15.487,-4.172,-7.648,8.325,7.162,Fairway,airborne,-0.005,0
489,2.0370,-53.802,15.455,-4.229,-7.683,8.321,7.134,Fairway,airborne,-0.004,0
490,2.0412,-53.945,15.423,-4.285,-7.718,8.316,7.107,Fairway,airborne,-0.005,0
491,2.0453,-54.088,15.391,-4.341,-7.752,8.312,7.079,Fairway,airborne,-0.004,0
492,2.0495,-54.231,15.359,-4.396,-7.787,8.307,7.052,Fairway,airborne,-0.005,0
493,2.0537,-54.374,15.326,-4.452,-7.822,8.301,7.025,Fairway,airborne,-0.005,0
494,2.0578,-54.517,15.293,-4.508,-7.856,8.297,6.996,Fairway,airborne,-0.004,0
495,2.0620,-54.659,15.261,-4.564,-7.891,8.293,6.968,Fairway,airborne,-0.004,0
496,2.0662,-54.802,15.228,-4.620,-7.925,8.288,6.940,Fairway,airborne,-0.005,0
497,2.0703,-54.944,15.195,-4.675,-7.960,8.284,6.911,Fairway,airborne,-0.004,0
498,2.0745,-55.087,15.161,-4.731,-7.994,8.279,6.882,Fairway,airborne,-0.005,0
499,2.0787,-55.229,15.128,-4.787,-8.029,8.274,6.854,Fairway,airborne,-0.005,0
500,2.0828,-55.371,15.095,-4.842,-8.063,8.269,6.826,Fairway,airborne,-0.005,0
501,2.0870,-55.513,15.061,-4.898,-8.098,8.265,6.796,Fairway,airborne,-0.004,0
502,2.0912,-55.654,15.027,-4.953,-8.132,8.260,6.767,Fairway,airborne,-0.005,0
503,2.0953,-55.796,14.993,-5.009,-8.167,8.255,6.738,Fairway,airborne,-0.005,0
504,2.0995,-55.938,14.959,-5.064,-8.201,8.250,6.709,Fairway,airborne,-0.005,0
505,2.1037,-56.079,14.925,-5.119,-8.236,8.245,6.680,Fairway,airborne,-0.005,0
506,2.1078,-56.221,14.890,-5.175,-8.270,8.241,6.650,Fairway,airborne,-0.004,0
507,2.1120,-56.362,14.856,-5.230,-8.304,8.236,6.620,Fairway,airborne,-0.004,0
508,2.1162,-56.503,14.821,-5.285,-8.339,8.231,6.590,Fairway,airborne,-0.005,0
509,2.1203,-56.644,14.786,-5.340,-8.373,8.226,6.560,Fairway,airborne,-0.005,0
510,2.1245,-56.785,14.752,-5.395,-8.407,8.222,6.530,Fairway,airborne,-0.005,0
511,2.1286,-56.926,14.716,-5.451,-8.442,8.217,6.499,Fairway,airborne,-0.004,0
512,2.1328,-57.066,14.681,-5.506,-8.476,8.213,6.468,Fairway,airborne,-0.004,0
513,2.1370,-57.207,14.646,-5.561,-8.510,8.208,6.438,Fairway,airborne,-0.005,0
514,2.1411,-57.348,14.610,-5.615,-8.544,8.203,6.407,Fairway,airborne,-0.005,0
515,2.1453,-57.488,14.575,-5.670,-8.578,8.198,6.376,Fairway,airborne,-0.005,0
516,2.1495,-57.628,14.539,-5.725,-8.613,8.194,6.345,Fairway,airborne,-0.004,0
517,2.1536,-57.768,14.503,-5.780,-8.647,8.189,6.314,Fairway,airborne,-0.005,0
518,2.1578,-57.908,14.467,-5.835,-8.681,8.184,6.283,Fairway,airborne,-0.005,0
519,2.1620,-58.048,14.431,-5.890,-8.715,8.179,6.251,Fairway,airborne,-0.005,0
520,2.1661,-58.188,14.394,-5.944,-8.749,8.175,6.219,Fairway,airborne,-0.004,0
521,2.1703,-58.328,14.358,-5.999,-8.783,8.170,6.187,Fairway,airborne,-0.005,0
522,2.1745,-58.467,14.321,-6.054,-8.817,8.165,6.156,Fairway,airborne,-0.005,0
523,2.1786,-58.607,14.284,-6.108,-8.851,8.160,6.124,Fairway,airborne,-0.005,0
524,2.1828,-58.746,14.247,-6.163,-8.885,8.156,6.092,Fairway,airborne,-0.005,0
525,2.1870,-58.886,14.210,-6.217,-8.919,8.152,6.059,Fairway,airborne,-0.004,0
526,2.1911,-59.025,14.173,-6.272,-8.953,8.147,6.026,Fairway,airborne,-0.005,0
527,2.1953,-59.164,14.136,-6.326,-8.987,8.142,5.994,Fairway,airborne,-0.005,0
528,2.1995,-59.303,14.098,-6.380,-9.021,8.137,5.961,Fairway,airborne,-0.005,0
529,2.2036,-59.442,14.060,-6.435,-9.055,8.132,5.929,Fairway,airborne,-0.005,0
530,2.2078,-59.581,14.023,-6.489,-9.089,8.127,5.896,Fairway,airborne,-0.005,0
531,2.2120,-59.719,13.985,-6.543,-9.123,8.123,5.862,Fairway,airborne,-0.004,0
532,2.2161,-59.858,13.947,-6.598,-9.157,8.118,5.828,Fairway,airborne,-0.004,0
533,2.2203,-59.996,13.908,-6.652,-9.191,8.114,5.795,Fairway,airborne,-0.005,0
534,2.2245,-60.135,13.870,-6.706,-9.224,8.109,5.762,Fairway,airborne,-0.005,0
535,2.2286,-60.273,13.832,-6.760,-9.258,8.104,5.728,Fairway,airborne,-0.005,0
536,2.2328,-60.411,13.793,-6.814,-9.292,8.100,5.693,Fairway,airborne,-0.004,0
537,2.2370,-60.549,13.754,-6.868,-9.326,8.095,5.659,Fairway,airborne,-0.005,0
538,2.2411,-60.687,13.715,-6.922,-9.359,8.091,5.625,Fairway,airborne,-0.005,0
539,2.2453,-60.825,13.676,-6.976,-9.393,8.086,5.590,Fairway,airborne,-0.004,0
540,2.2495,-60.962,13.637,-7.030,-9.427,8.082,5.555,Fairway,airborne,-0.004,0
541,2.2536,-61.100,13.598,-7.083,-9.461,8.077,5.521,Fairway,airborne,-0.005,0
542,2.2578,-61.237,13.558,-7.137,-9.494,8.072,5.486,Fairway,airborne,-0.005,0
543,2.2619,-61.375,13.519,-7.191,-9.528,8.068,5.451,Fairway,airborne,-0.004,0
544,2.2661,-61.512,13.479,-7.245,-9.562,8.064,5.415,Fairway,airborne,-0.004,0
545,2.2703,-61.649,13.439,-7.298,-9.595,8.059,5.380,Fairway,airborne,-0.005,0
546,2.2744,-61.786,13.399,-7.352,-9.629,8.054,5.345,Fairway,airborne,-0.005,0
547,2.2786,-61.923,13.359,-7.406,-9.662,8.049,5.310,Fairway,airborne,-0.005,0
548,2.2828,-62.060,13.318,-7.459,-9.696,8.044,5.274,Fairway,airborne,-0.004,0
549,2.2869,-62.197,13.278,-7.513,-9.730,8.040,5.238,Fairway,airborne,-0.004,0
550,2.2911,-62.334,13.237,-7.566,-9.763,8.036,5.202,Fairway,airborne,-0.005,0
551,2.2953,-62.470,13.197,-7.620,-9.797,8.031,5.166,Fairway,airborne,-0.005,0
552,2.2994,-62.607,13.156,-7.673,-9.830,8.026,5.130,Fairway,airborne,-0.005,0
553,2.3036,-62.743,13.115,-7.726,-9.863,8.021,5.094,Fairway,airborne,-0.005,0
554,2.3078,-62.879,13.074,-7.780,-9.897,8.017,5.057,Fairway,airborne,-0.004,0
555,2.3119,-63.016,13.032,-7.833,-9.930,8.013,5.020,Fairway,airborne,-0.004,0
556,2.3161,-63.152,12.991,-7.886,-9.964,8.009,4.982,Fairway,airborne,-0.004,0
557,2.3203,-63.288,12.949,-7.939,-9.997,8.005,4.945,Fairway,airborne,-0.004,0
558,2.3244,-63.423,12.908,-7.992,-10.031,8.000,4.908,Fairway,airborne,-0.005,0
559,2.3286,-63.559,12.866,-8.046,-10.064,7.995,4.871,Fairway,airborne,-0.005,0
560,2.3328,-63.695,12.824,-8.099,-10.097,7.990,4.834,Fairway,airborne,-0.005,0
561,2.3369,-63.830,12.782,-8.152,-10.131,7.985,4.797,Fairway,airborne,-0.005,0
562,2.3411,-63.966,12.739,-8.205,-10.164,7.981,4.758,Fairway,airborne,-0.004,0
563,2.3453,-64.101,12.697,-8.258,-10.197,7.977,4.720,Fairway,airborne,-0.004,0
564,2.3494,-64.237,12.654,-8.311,-10.230,7.972,4.682,Fairway,airborne,-0.005,0
565,2.3536,-64.372,12.612,-8.363,-10.264,7.968,4.643,Fairway,airborne,-0.004,0
566,2.3578,-64.507,12.569,-8.416,-10.297,7.964,4.605,Fairway,airborne,-0.004,0
567,2.3619,-64.642,12.526,-8.469,-10.330,7.959,4.567,Fairway,airborne,-0.005,0
568,2.3661,-64.777,12.483,-8.522,-10.363,7.954,4.529,Fairway,airborne,-0.004,0
569,2.3703,-64.911,12.440,-8.574,-10.397,7.950,4.489,Fairway,airborne,-0.004,0
570,2.3744,-65.046,12.396,-8.627,-10.430,7.946,4.450,Fairway,airborne,-0.004,0
571,2.3786,-65.180,12.353,-8.680,-10.463,7.941,4.412,Fairway,airborne,-0.005,0
572,2.3828,-65.315,12.309,-8.732,-10.496,7.937,4.373,Fairway,airborne,-0.005,0
573,2.3869,-65.449,12.265,-8.785,-10.529,7.932,4.333,Fairway,airborne,-0.004,0
574,2.3911,-65.584,12.221,-8.837,-10.562,7.928,4.293,Fairway,airborne,-0.004,0
575,2.3952,-65.718,12.177,-8.890,-10.595,7.924,4.253,Fairway,airborne,-0.004,0
576,2.3994,-65.852,12.133,-8.942,-10.628,7.920,4.213,Fairway,airborne,-0.004,0
577,2.4036,-65.986,12.089,-8.995,-10.661,7.916,4.173,Fairway,airborne,-0.005,0
578,2.4077,-66.120,12.044,-9.047,-10.694,7.911,4.134,Fairway,airborne,-0.005,0
579,2.4119,-66.253,12.000,-9.100,-10.727,7.906,4.093,Fairway,airborne,-0.004,0
580,2.4161,-66.387,11.955,-9.152,-10.760,7.902,4.053,Fairway,airborne,-0.004,0
581,2.4202,-66.521,11.910,-9.204,-10.793,7.898,4.012,Fairway,airborne,-0.004,0
582,2.4244,-66.654,11.865,-9.256,-10.826,7.894,3.971,Fairway,airborne,-0.004,0
583,2.4286,-66.787,11.820,-9.308,-10.859,7.890,3.930,Fairway,airborne,-0.004,0
584,2.4327,-66.921,11.775,-9.361,-10.892,7.886,3.889,Fairway,airborne,-0.005,0
585,2.4369,-67.054,11.729,-9.413,-10.925,7.881,3.848,Fairway,airborne,-0.005,0
586,2.4411,-67.187,11.684,-9.465,-10.958,7.877,3.807,Fairway,airborne,-0.004,0
587,2.4452,-67.320,11.638,-9.517,-10.991,7.873,3.765,Fairway,airborne,-0.004,0
588,2.4494,-67.453,11.592,-9.569,-11.023,7.869,3.723,Fairway,airborne,-0.004,0
589,2.4536,-67.586,11.546,-9.621,-11.056,7.864,3.682,Fairway,airborne,-0.005,0
590,2.4577,-67.718,11.500,-9.673,-11.089,7.860,3.640,Fairway,airborne,-0.004,0
591,2.4619,-67.851,11.454,-9.725,-11.122,7.856,3.597,Fairway,airborne,-0.004,0
592,2.4661,-67.983,11.407,-9.776,-11.155,7.852,3.555,Fairway,airborne,-0.004,0
593,2.4702,-68.116,11.361,-9.828,-11.187,7.848,3.512,Fairway,airborne,-0.004,0
594,2.4744,-68.248,11.314,-9.880,-11.220,7.844,3.470,Fairway,airborne,-0.004,0
595,2.4786,-68.380,11.267,-9.932,-11.253,7.840,3.427,Fairway,airborne,-0.004,0
596,2.4827,-68.513,11.220,-9.983,-11.285,7.836,3.384,Fairway,airborne,-0.004,0
597,2.4869,-68.645,11.173,-10.035,-11.318,7.832,3.341,Fairway,airborne,-0.004,0
598,2.4911,-68.776,11.126,-10.087,-11.351,7.828,3.298,Fairway,airborne,-0.004,0
599,2.4952,-68.908,11.079,-10.138,-11.383,7.823,3.255,Fairway,airborne,-0.005,0
600,2.4994,-69.040,11.031,-10.190,-11.416,7.819,3.212,Fairway,airborne,-0.004,0
601,2.5036,-69.172,10.984,-10.241,-11.449,7.816,3.168,Fairway,airborne,-0.003,0
602,2.5077,-69.303,10.936,-10.293,-11.481,7.812,3.124,Fairway,airborne,-0.004,0
603,2.5119,-69.435,10.888,-10.344,-11.514,7.808,3.080,Fairway,airborne,-0.004,0
604,2.5161,-69.566,10.840,-10.395,-11.546,7.803,3.036,Fairway,airborne,-0.004,0
605,2.5202,-69.697,10.792,-10.447,-11.579,7.800,2.992,Fairway,airborne,-0.004,0
606,2.5244,-69.828,10.743,-10.498,-11.611,7.796,2.948,Fairway,airborne,-0.004,0
607,2.5285,-69.960,10.695,-10.549,-11.644,7.792,2.903,Fairway,airborne,-0.004,0
608,2.5327,-70.091,10.646,-10.601,-11.676,7.788,2.858,Fairway,airborne,-0.003,0
609,2.5369,-70.221,10.598,-10.652,-11.709,7.785,2.813,Fairway,airborne,-0.004,0
610,2.5410,-70.352,10.549,-10.703,-11.741,7.780,2.769,Fairway,airborne,-0.004,0
611,2.5452,-70.483,10.500,-10.754,-11.774,7.776,2.724,Fairway,airborne,-0.004,0
612,2.5494,-70.614,10.451,-10.805,-11.806,7.772,2.679,Fairway,airborne,-0.004,0
613,2.5535,-70.744,10.402,-10.856,-11.839,7.768,2.633,Fairway,airborne,-0.004,0
614,2.5577,-70.874,10.352,-10.907,-11.871,7.764,2.588,Fairway,airborne,-0.004,0
615,2.5619,-71.005,10.303,-10.958,-11.903,7.761,2.542,Fairway,airborne,-0.003,0
616,2.5660,-71.135,10.253,-11.009,-11.936,7.757,2.496,Fairway,airborne,-0.004,0
617,2.5702,-71.265,10.203,-11.060,-11.968,7.753,2.450,Fairway,airborne,-0.004,0
618,2.5744,-71.395,10.153,-11.111,-12.000,7.750,2.404,Fairway,airborne,-0.003,0
619,2.5785,-71.525,10.103,-11.162,-12.033,7.746,2.357,Fairway,airborne,-0.003,0
620,2.5827,-71.655,10.053,-11.213,-12.065,7.742,2.311,Fairway,airborne,-0.004,0
621,2.5869,-71.785,10.003,-11.263,-12.097,7.738,2.264,Fairway,airborne,-0.004,0
622,2.5910,-71.914,9.952,-11.314,-12.129,7.735,2.217,Fairway,airborne,-0.003,0
623,2.5952,-72.044,9.902,-11.365,-12.162,7.732,2.170,Fairway,airborne,-0.003,0
624,2.5994,-72.174,9.851,-11.416,-12.194,7.728,2.123,Fairway,airborne,-0.004,0
625,2.6035,-72.303,9.800,-11.466,-12.226,7.724,2.076,Fairway,airborne,-0.004,0
626,2.6077,-72.432,9.749,-11.517,-12.258,7.720,2.029,Fairway,airborne,-0.004,0
627,2.6119,-72.562,9.698,-11.567,-12.290,7.716,1.982,Fairway,airborne,-0.004,0
628,2.6160,-72.691,9.647,-11.618,-12.322,7.713,1.934,Fairway,airborne,-0.004,0
629,2.6202,-72.820,9.595,-11.668,-12.355,7.709,1.886,Fairway,airborne,-0.004,0
630,2.6244,-72.949,9.544,-11.719,-12.387,7.705,1.838,Fairway,airborne,-0.004,0
631,2.6285,-73.078,9.492,-11.769,-12.419,7.703,1.790,Fairway,airborne,-0.003,0
632,2.6327,-73.206,9.440,-11.820,-12.451,7.699,1.741,Fairway,airborne,-0.004,0
633,2.6369,-73.335,9.389,-11.870,-12.483,7.695,1.693,Fairway,airborne,-0.004,0
634,2.6410,-73.464,9.336,-11.920,-12.515,7.692,1.644,Fairway,airborne,-0.003,0
635,2.6452,-73.592,9.284,-11.970,-12.547,7.689,1.595,Fairway,airborne,-0.003,0
636,2.6494,-73.720,9.232,-12.021,-12.579,7.685,1.547,Fairway,airborne,-0.004,0
637,2.6535,-73.849,9.179,-12.071,-12.611,7.682,1.498,Fairway,airborne,-0.004,0
638,2.6577,-73.977,9.127,-12.121,-12.643,7.678,1.449,Fairway,airborne,-0.004,0
639,2.6619,-74.105,9.074,-12.171,-12.675,7.675,1.399,Fairway,airborne,-0.003,0
640,2.6660,-74.233,9.021,-12.221,-12.707,7.671,1.350,Fairway,airborne,-0.003,0
641,2.6702,-74.361,8.968,-12.271,-12.739,7.668,1.300,Fairway,airborne,-0.003,0
642,2.6743,-74.489,8.915,-12.321,-12.770,7.665,1.250,Fairway,airborne,-0.003,0
643,2.6785,-74.617,8.862,-12.371,-12.802,7.662,1.200,Fairway,airborne,-0.003,0
644,2.6827,-74.744,8.809,-12.421,-12.834,7.658,1.150,Fairway,airborne,-0.004,0
645,2.6868,-74.872,8.755,-12.471,-12.866,7.654,1.101,Fairway,airborne,-0.004,0
646,2.6910,-75.000,8.701,-12.521,-12.898,7.652,1.050,Fairway,airborne,-0.003,0
647,2.6952,-75.127,8.648,-12.571,-12.930,7.648,0.999,Fairway,airborne,-0.003,0
648,2.6993,-75.254,8.594,-12.621,-12.961,7.645,0.948,Fairway,airborne,-0.003,0
649,2.7035,-75.382,8.540,-12.671,-12.993,7.642,0.897,Fairway,airborne,-0.003,0
650,2.7077,-75.509,8.485,-12.720,-13.025,7.639,0.847,Fairway,airborne,-0.004,0
651,2.7118,-75.636,8.431,-12.770,-13.057,7.635,0.796,Fairway,airborne,-0.004,0
652,2.7160,-75.763,8.377,-12.820,-13.088,7.632,0.744,Fairway,airborne,-0.003,0
653,2.7202,-75.890,8.322,-12.869,-13.120,7.629,0.693,Fairway,airborne,-0.003,0
654,2.7243,-76.016,8.267,-12.919,-13.152,7.626,0.641,Fairway,airborne,-0.003,0
655,2.7285,-76.143,8.212,-12.968,-13.183,7.624,0.589,Fairway,airborne,-0.002,0
656,2.7327,-76.270,8.158,-13.018,-13.215,7.621,0.537,Fairway,airborne,-0.003,0
657,2.7368,-76.396,8.102,-13.068,-13.247,7.617,0.485,Fairway,airborne,-0.004,0
658,2.7410,-76.523,8.047,-13.117,-13.278,7.613,0.434,Fairway,airborne,-0.004,0
659,2.7452,-76.649,7.992,-13.166,-13.310,7.610,0.382,Fairway,airborne,-0.003,0
660,2.7493,-76.775,7.936,-13.216,-13.341,7.607,0.329,Fairway,airborne,-0.003,0
661,2.7535,-76.901,7.881,-13.265,-13.373,7.604,0.277,Fairway,airborne,-0.003,0
662,2.7577,-77.028,7.825,-13.315,-13.405,7.601,0.224,Fairway,airborne,-0.003,0
663,2.7618,-77.154,7.769,-13.364,-13.436,7.598,0.171,Fairway,airborne,-0.003,0
664,2.7660,-77.279,7.713,-13.413,-13.468,7.595,0.118,Fairway,airborne,-0.003,0
665,2.7702,-77.405,7.657,-13.462,-13.499,7.593,0.064,Fairway,airborne,-0.002,0
666,2.7743,-77.531,7.600,-13.511,-13.531,7.590,0.010,Fairway,airborne,-0.003,0
667,2.7753,-77.560,7.588,-13.523,-13.538,7.590,-0.002,Fairway,roll,0.000,0
668,2.7794,-77.616,7.616,-13.545,6.724,7.589,0.027,Fairway,roll,-0.001,0
669,2.7836,-77.673,7.644,-13.567,6.680,7.587,0.056,Fairway,roll,-0.001,0
670,2.7878,-77.729,7.671,-13.589,6.635,7.586,0.085,Fairway,roll,-0.001,0
671,2.7919,-77.786,7.699,-13.611,6.586,7.584,0.114,Fairway,roll,-0.001,0
672,2.7961,-77.842,7.726,-13.633,6.537,7.583,0.143,Fairway,roll,-0.001,0
673,2.8003,-77.898,7.753,-13.655,6.488,7.582,0.172,Fairway,roll,-0.001,0
674,2.8044,-77.955,7.780,-13.677,6.439,7.580,0.200,Fairway,roll,-0.001,0
675,2.8086,-78.011,7.807,-13.699,6.391,7.579,0.228,Fairway,roll,-0.001,0
676,2.8128,-78.067,7.833,-13.721,6.342,7.578,0.256,Fairway,roll,-0.001,0
677,2.8169,-78.123,7.860,-13.743,6.294,7.576,0.283,Fairway,roll,-0.001,0
678,2.8211,-78.179,7.886,-13.765,6.245,7.575,0.311,Fairway,roll,-0.001,0
679,2.8253,-78.235,7.912,-13.787,6.197,7.574,0.338,Fairway,roll,-0.001,0
680,2.8294,-78.290,7.937,-13.809,6.149,7.572,0.365,Fairway,roll,-0.001,0
681,2.8336,-78.346,7.963,-13.830,6.101,7.571,0.392,Fairway,roll,-0.001,0
682,2.8378,-78.402,7.988,-13.852,6.053,7.570,0.419,Fairway,roll,-0.001,0
683,2.8419,-78.457,8.013,-13.874,6.005,7.568,0.445,Fairway,roll,-0.001,0
684,2.8461,-78.513,8.038,-13.896,5.957,7.567,0.471,Fairway,roll,-0.001,0
685,2.8503,-78.568,8.063,-13.917,5.909,7.566,0.497,Fairway,roll,-0.001,0
686,2.8544,-78.624,8.087,-13.939,5.862,7.565,0.523,Fairway,roll,-0.001,0
687,2.8586,-78.679,8.112,-13.961,5.814,7.564,0.548,Fairway,roll,-0.001,0
688,2.8627,-78.734,8.136,-13.982,5.767,7.563,0.573,Fairway,roll,-0.001,0
689,2.8669,-78.790,8.160,-14.004,5.719,7.562,0.598,Fairway,roll,-0.001,0
690,2.8711,-78.845,8.184,-14.025,5.672,7.560,0.623,Fairway,roll,-0.001,0
691,2.8752,-78.900,8.207,-14.047,5.625,7.559,0.648,Fairway,roll,-0.001,0
692,2.8794,-78.955,8.230,-14.069,5.577,7.558,0.672,Fairway,roll,-0.001,0
693,2.8836,-79.010,8.253,-14.090,5.530,7.557,0.697,Fairway,roll,-0.001,0
694,2.8877,-79.065,8.276,-14.112,5.483,7.555,0.721,Fairway,roll,-0.001,0
695,2.8919,-79.120,8.299,-14.133,5.436,7.554,0.745,Fairway,roll,-0.001,0
696,2.8961,-79.174,8.322,-14.154,5.390,7.553,0.769,Fairway,roll,-0.001,0
697,2.9002,-79.229,8.344,-14.176,5.343,7.551,0.793,Fairway,roll,-0.001,0
698,2.9044,-79.284,8.366,-14.197,5.296,7.550,0.816,Fairway,roll,-0.001,0
699,2.9086,-79.339,8.388,-14.219,5.249,7.549,0.839,Fairway,roll,-0.001,0
700,2.9127,-79.393,8.410,-14.240,5.203,7.548,0.862,Fairway,roll,-0.001,0
701,2.9169,-79.448,8.431,-14.261,5.156,7.547,0.885,Fairway,roll,-0.001,0
702,2.9211,-79.502,8.453,-14.283,5.110,7.546,0.907,Fairway,roll,-0.001,0
703,2.9252,-79.556,8.474,-14.304,5.064,7.545,0.929,Fairway,roll,-0.001,0
704,2.9294,-79.611,8.495,-14.325,5.017,7.544,0.951,Fairway,roll,-0.001,0
705,2.9336,-79.665,8.516,-14.346,4.971,7.542,0.973,Fairway,roll,-0.001,0
706,2.9377,-79.719,8.536,-14.368,4.925,7.541,0.995,Fairway,roll,-0.001,0
707,2.9419,-79.773,8.557,-14.389,4.879,7.540,1.017,Fairway,roll,-0.001,0
708,2.9461,-79.827,8.577,-14.410,4.833,7.538,1.039,Fairway,roll,-0.001,0
709,2.9502,-79.881,8.597,-14.431,4.787,7.537,1.060,Fairway,roll,-0.001,0
710,2.9544,-79.935,8.617,-14.452,4.741,7.536,1.080,Fairway,roll,-0.001,0
711,2.9586,-79.989,8.637,-14.473,4.696,7.536,1.101,Fairway,roll,-0.001,0
712,2.9627,-80.043,8.656,-14.494,4.650,7.535,1.121,Fairway,roll,-0.001,0
713,2.9669,-80.097,8.675,-14.515,4.604,7.534,1.142,Fairway,roll,-0.001,0
714,2.9711,-80.151,8.694,-14.536,4.559,7.532,1.162,Fairway,roll,-0.001,0
715,2.9752,-80.204,8.713,-14.557,4.513,7.531,1.182,Fairway,roll,-0.001,0
716,2.9794,-80.258,8.732,-14.578,4.468,7.530,1.202,Fairway,roll,-0.001,0
717,2.9836,-80.312,8.750,-14.599,4.422,7.529,1.221,Fairway,roll,-0.001,0
718,2.9877,-80.365,8.769,-14.620,4.377,7.528,1.241,Fairway,roll,-0.001,0
719,2.9919,-80.419,8.787,-14.641,4.332,7.527,1.260,Fairway,roll,-0.001,0
720,2.9960,-80.472,8.805,-14.662,4.287,7.526,1.279,Fairway,roll,-0.001,0
721,3.0002,-80.525,8.823,-14.683,4.241,7.525,1.298,Fairway,roll,-0.001,0
722,3.0044,-80.579,8.840,-14.704,4.196,7.523,1.317,Fairway,roll,-0.001,0
723,3.0085,-80.632,8.858,-14.725,4.151,7.522,1.335,Fairway,roll,-0.001,0
724,3.0127,-80.685,8.875,-14.745,4.106,7.521,1.354,Fairway,roll,-0.001,0
725,3.0169,-80.738,8.892,-14.766,4.062,7.520,1.372,Fairway,roll,-0.001,0
726,3.0210,-80.791,8.909,-14.787,4.017,7.519,1.390,Fairway,roll,-0.001,0
727,3.0252,-80.844,8.925,-14.808,3.972,7.518,1.408,Fairway,roll,-0.001,0
728,3.0294,-80.897,8.942,-14.828,3.927,7.517,1.425,Fairway,roll,-0.001,0
729,3.0335,-80.950,8.958,-14.849,3.883,7.516,1.442,Fairway,roll,-0.001,0
730,3.0377,-81.003,8.974,-14.870,3.838,7.515,1.459,Fairway,roll,-0.001,0
731,3.0419,-81.056,8.990,-14.891,3.793,7.514,1.476,Fairway,roll,-0.001,0
732,3.0460,-81.109,9.006,-14.911,3.749,7.513,1.493,Fairway,roll,-0.001,0
733,3.0502,-81.162,9.021,-14.932,3.705,7.512,1.509,Fairway,roll,-0.001,0
734,3.0544,-81.214,9.036,-14.952,3.660,7.511,1.525,Fairway,roll,-0.001,0
735,3.0585,-81.267,9.052,-14.973,3.616,7.510,1.542,Fairway,roll,-0.001,0
736,3.0627,-81.320,9.067,-14.994,3.572,7.509,1.557,Fairway,roll,-0.001,0
737,3.0669,-81.372,9.081,-15.014,3.527,7.508,1.573,Fairway,roll,-0.001,0
738,3.0710,-81.425,9.096,-15.035,3.483,7.507,1.589,Fairway,roll,-0.001,0
739,3.0752,-81.477,9.110,-15.055,3.439,7.506,1.604,Fairway,roll,-0.001,0
740,3.0794,-81.529,9.125,-15.076,3.395,7.505,1.619,Fairway,roll,-0.001,0
741,3.0835,-81.582,9.139,-15.096,3.351,7.504,1.634,Fairway,roll,-0.001,0
742,3.0877,-81.634,9.152,-15.117,3.307,7.503,1.649,Fairway,roll,-0.001,0
743,3.0919,-81.686,9.166,-15.137,3.263,7.502,1.664,Fairway,roll,-0.001,0
744,3.0960,-81.739,9.180,-15.158,3.219,7.501,1.679,Fairway,roll,-0.001,0
745,3.1002,-81.791,9.193,-15.178,3.175,7.500,1.693,Fairway,roll,-0.001,0
746,3.1044,-81.843,9.206,-15.198,3.132,7.499,1.707,Fairway,roll,-0.001,0
747,3.1085,-81.895,9.219,-15.219,3.088,7.498,1.721,Fairway,roll,-0.001,0
748,3.1127,-81.947,9.232,-15.239,3.044,7.497,1.734,Fairway,roll,-0.001,0
749,3.1169,-81.999,9.244,-15.259,3.001,7.496,1.748,Fairway,roll,-0.001,0
750,3.1210,-82.051,9.257,-15.280,2.957,7.495,1.761,Fairway,roll,-0.001,0
751,3.1252,-82.103,9.269,-15.300,2.914,7.495,1.774,Fairway,roll,-0.001,0
752,3.1293,-82.154,9.281,-15.320,2.870,7.494,1.787,Fairway,roll,-0.001,0
753,3.1335,-82.206,9.293,-15.340,2.827,7.493,1.800,Fairway,roll,-0.001,0
754,3.1377,-82.258,9.305,-15.361,2.783,7.491,1.813,Fairway,roll,-0.001,0
755,3.1418,-82.310,9.316,-15.381,2.740,7.491,1.825,Fairway,roll,-0.001,0
756,3.1460,-82.361,9.327,-15.401,2.697,7.490,1.838,Fairway,roll,-0.001,0
757,3.1502,-82.413,9.338,-15.421,2.654,7.489,1.850,Fairway,roll,-0.001,0
758,3.1543,-82.464,9.349,-15.441,2.610,7.488,1.862,Fairway,roll,-0.001,0
759,3.1585,-82.516,9.360,-15.462,2.567,7.487,1.873,Fairway,roll,-0.001,0
760,3.1627,-82.567,9.371,-15.482,2.524,7.486,1.885,Fairway,roll,-0.001,0
761,3.1668,-82.619,9.381,-15.502,2.481,7.485,1.896,Fairway,roll,-0.001,0
762,3.1710,-82.670,9.391,-15.522,2.438,7.484,1.907,Fairway,roll,-0.001,0
763,3.1752,-82.721,9.402,-15.542,2.395,7.483,1.918,Fairway,roll,-0.001,0
764,3.1793,-82.773,9.411,-15.562,2.352,7.482,1.929,Fairway,roll,-0.001,0
765,3.1835,-82.824,9.421,-15.582,2.309,7.481,1.940,Fairway,roll,-0.001,0
766,3.1877,-82.875,9.431,-15.602,2.267,7.480,1.950,Fairway,roll,-0.001,0
767,3.1918,-82.926,9.440,-15.622,2.224,7.479,1.961,Fairway,roll,-0.001,0
768,3.1960,-82.977,9.449,-15.642,2.181,7.478,1.971,Fairway,roll,-0.001,0
769,3.2002,-83.028,9.458,-15.662,2.138,7.477,1.981,Fairway,roll,-0.001,0
770,3.2043,-83.079,9.467,-15.682,2.096,7.476,1.990,Fairway,roll,-0.001,0
771,3.2085,-83.130,9.476,-15.702,2.053,7.476,2.000,Fairway,roll,-0.001,0
772,3.2127,-83.181,9.484,-15.722,2.010,7.475,2.009,Fairway,roll,-0.001,0
773,3.2168,-83.232,9.492,-15.742,1.968,7.474,2.019,Fairway,roll,-0.001,0
774,3.2210,-83.283,9.500,-15.762,1.925,7.473,2.028,Fairway,roll,-0.001,0
775,3.2252,-83.334,9.508,-15.782,1.883,7.472,2.036,Fairway,roll,-0.001,0
776,3.2293,-83.384,9.516,-15.801,1.841,7.471,2.045,Fairway,roll,-0.001,0
777,3.2335,-83.435,9.524,-15.821,1.798,7.470,2.054,Fairway,roll,-0.001,0
778,3.2377,-83.486,9.531,-15.841,1.756,7.469,2.062,Fairway,roll,-0.001,0
779,3.2418,-83.536,9.538,-15.861,1.714,7.468,2.070,Fairway,roll,-0.001,0
780,3.2460,-83.587,9.545,-15.881,1.671,7.467,2.078,Fairway,roll,-0.001,0
781,3.2502,-83.637,9.552,-15.900,1.629,7.467,2.086,Fairway,roll,-0.001,0
782,3.2543,-83.688,9.559,-15.920,1.587,7.466,2.093,Fairway,roll,-0.001,0
783,3.2585,-83.738,9.565,-15.940,1.545,7.465,2.100,Fairway,roll,-0.001,0
784,3.2627,-83.789,9.572,-15.960,1.503,7.464,2.107,Fairway,roll,-0.001,0
785,3.2668,-83.839,9.578,-15.979,1.461,7.463,2.114,Fairway,roll,-0.001,0
786,3.2710,-83.889,9.584,-15.999,1.418,7.462,2.121,Fairway,roll,-0.001,0
787,3.2751,-83.940,9.590,-16.019,1.376,7.461,2.128,Fairway,roll,-0.001,0
788,3.2793,-83.990,9.595,-16.038,1.335,7.460,2.135,Fairway,roll,-0.001,0
789,3.2835,-84.040,9.601,-16.058,1.293,7.460,2.141,Fairway,roll,-0.001,0
790,3.2876,-84.090,9.606,-16.078,1.251,7.459,2.147,Fairway,roll,-0.001,0
791,3.2918,-84.140,9.611,-16.097,1.209,7.458,2.153,Fairway,roll,-0.001,0
792,3.2960,-84.191,9.616,-16.117,1.167,7.458,2.159,Fairway,roll,-0.001,0
793,3.3001,-84.241,9.621,-16.136,1.125,7.457,2.164,Fairway,roll,-0.001,0
794,3.3043,-84.291,9.625,-16.156,1.084,7.456,2.170,Fairway,roll,-0.001,0
795,3.3085,-84.340,9.630,-16.175,1.042,7.455,2.175,Fairway,roll,-0.001,0
796,3.3126,-84.390,9.634,-16.195,1.000,7.454,2.180,Fairway,roll,-0.001,0
797,3.3168,-84.440,9.638,-16.215,0.959,7.453,2.185,Fairway,roll,-0.001,0
798,3.3210,-84.490,9.642,-16.234,0.917,7.452,2.190,Fairway,roll,-0.001,0
799,3.3251,-84.540,9.646,-16.253,0.875,7.452,2.194,Fairway,roll,-0.001,0
800,3.3293,-84.590,9.649,-16.273,0.834,7.451,2.198,Fairway,roll,0.000,0
801,3.3335,-84.639,9.653,-16.292,0.792,7.451,2.202,Fairway,roll,-0.001,0
802,3.3376,-84.689,9.656,-16.312,0.751,7.450,2.206,Fairway,roll,-0.001,0
803,3.3418,-84.739,9.659,-16.331,0.709,7.449,2.210,Fairway,roll,-0.001,0
804,3.3460,-84.788,9.662,-16.351,0.668,7.448,2.214,Fairway,roll,-0.001,0
805,3.3501,-84.838,9.665,-16.370,0.627,7.447,2.218,Fairway,roll,-0.001,0
806,3.3543,-84.887,9.667,-16.389,0.585,7.446,2.221,Fairway,roll,-0.001,0
807,3.3585,-84.937,9.669,-16.409,0.544,7.445,2.224,Fairway,roll,-0.001,0
808,3.3626,-84.986,9.672,-16.428,0.503,7.445,2.227,Fairway,roll,-0.001,0
809,3.3668,-85.036,9.674,-16.448,0.462,7.444,2.230,Fairway,roll,-0.001,0
810,3.3710,-85.085,9.675,-16.467,0.420,7.443,2.232,Fairway,roll,-0.001,0
811,3.3751,-85.134,9.677,-16.486,0.379,7.443,2.235,Fairway,roll,-0.001,0
812,3.3793,-85.184,9.679,-16.505,0.338,7.442,2.237,Fairway,roll,-0.001,0
813,3.3835,-85.233,9.680,-16.525,0.297,7.441,2.239,Fairway,roll,-0.001,0
814,3.3876,-85.282,9.681,-16.544,0.256,7.441,2.240,Fairway,roll,-0.001,0
815,3.3918,-85.331,9.682,-16.563,0.215,7.440,2.242,Fairway,roll,-0.001,0
816,3.3960,-85.380,9.683,-16.582,0.174,7.439,2.244,Fairway,roll,-0.001,0
817,3.4001,-85.429,9.683,-16.602,0.133,7.438,2.246,Fairway,roll,-0.001,0
818,3.4043,-85.478,9.684,-16.621,0.092,7.437,2.247,Fairway,roll,-0.001,0
819,3.4084,-85.527,9.684,-16.640,0.051,7.436,2.248,Fairway,roll,-0.001,0
820,3.4126,-85.576,9.684,-16.659,0.010,7.435,2.249,Fairway,roll,0.000,0
821,3.4168,-85.625,9.684,-16.678,-0.031,7.435,2.250,Fairway,roll,-0.001,0
822,3.4209,-85.674,9.684,-16.697,-0.071,7.434,2.250,Fairway,roll,-0.001,0
823,3.4251,-85.723,9.684,-16.717,-0.112,7.433,2.250,Fairway,roll,-0.001,0
824,3.4293,-85.772,9.683,-16.736,-0.153,7.433,2.251,Fairway,roll,-0.001,0
825,3.4334,-85.821,9.682,-16.755,-0.194,7.432,2.250,Fairway,roll,0.000,0
826,3.4376,-85.870,9.682,-16.774,-0.234,7.431,2.250,Fairway,roll,-0.001,0
827,3.4418,-85.918,9.680,-16.793,-0.275,7.431,2.250,Fairway,roll,-0.001,0
828,3.4459,-85.967,9.679,-16.812,-0.316,7.430,2.249,Fairway,roll,-0.001,0
829,3.4501,-86.016,9.678,-16.831,-0.356,7.430,2.248,Fairway,roll,0.000,0
830,3.4543,-86.064,9.676,-16.850,-0.397,7.429,2.247,Fairway,roll,-0.001,0
831,3.4584,-86.113,9.675,-16.869,-0.437,7.428,2.246,Fairway,roll,-0.001,0
832,3.4626,-86.161,9.673,-16.888,-0.478,7.427,2.245,Fairway,roll,-0.001,0
833,3.4668,-86.210,9.671,-16.907,-0.518,7.427,2.244,Fairway,roll,-0.001,0
834,3.4709,-86.258,9.668,-16.926,-0.559,7.426,2.242,Fairway,roll,0.000,0
835,3.4751,-86.307,9.666,-16.945,-0.599,7.426,2.240,Fairway,roll,-0.001,0
836,3.4793,-86.355,9.663,-16.964,-0.639,7.425,2.238,Fairway,roll,-0.001,0
837,3.4834,-86.403,9.661,-16.983,-0.680,7.424,2.237,Fairway,roll,-0.001,0
838,3.4876,-86.452,9.658,-17.002,-0.720,7.423,2.235,Fairway,roll,-0.001,0
839,3.4918,-86.500,9.655,-17.020,-0.760,7.422,2.232,Fairway,roll,-0.001,0
840,3.4959,-86.548,9.651,-17.039,-0.801,7.421,2.230,Fairway,roll,-0.001,0
841,3.5001,-86.596,9.648,-17.058,-0.841,7.421,2.227,Fairway,roll,-0.001,0
842,3.5043,-86.644,9.644,-17.077,-0.881,7.420,2.224,Fairway,roll,-0.001,0
843,3.5084,-86.693,9.641,-17.096,-0.921,7.419,2.221,Fairway,roll,-0.001,0
844,3.5126,-86.741,9.637,-17.115,-0.961,7.419,2.218,Fairway,roll,-0.001,0
845,3.5168,-86.789,9.633,-17.133,-1.001,7.418,2.214,Fairway,roll,0.000,0
846,3.5209,-86.837,9.628,-17.152,-1.042,7.417,2.211,Fairway,roll,-0.001,0
847,3.5251,-86.885,9.624,-17.171,-1.082,7.417,2.207,Fairway,roll,-0.001,0
848,3.5293,-86.933,9.619,-17.190,-1.122,7.416,2.203,Fairway,roll,0.000,0
849,3.5334,-86.981,9.615,-17.209,-1.162,7.416,2.199,Fairway,roll,-0.001,0
850,3.5376,-87.029,9.610,-17.227,-1.202,7.415,2.195,Fairway,roll,-0.001,0
851,3.5417,-87.076,9.605,-17.246,-1.242,7.414,2.190,Fairway,roll,-0.001,0
852,3.5459,-87.124,9.599,-17.265,-1.281,7.414,2.186,Fairway,roll,0.000,0
853,3.5501,-87.172,9.594,-17.283,-1.321,7.413,2.181,Fairway,roll,-0.001,0
854,3.5542,-87.220,9.588,-17.302,-1.361,7.412,2.176,Fairway,roll,-0.001,0
855,3.5584,-87.267,9.583,-17.321,-1.401,7.412,2.171,Fairway,roll,0.000,0
856,3.5626,-87.315,9.577,-17.339,-1.441,7.411,2.165,Fairway,roll,-0.001,0
857,3.5667,-87.363,9.571,-17.358,-1.481,7.411,2.160,Fairway,roll,-0.001,0
858,3.5709,-87.410,9.564,-17.377,-1.520,7.410,2.154,Fairway,roll,0.000,0
859,3.5751,-87.458,9.558,-17.395,-1.560,7.409,2.149,Fairway,roll,-0.001,0
860,3.5792,-87.505,9.551,-17.414,-1.600,7.409,2.143,Fairway,roll,-0.001,0
861,3.5834,-87.553,9.545,-17.432,-1.639,7.408,2.136,Fairway,roll,0.000,0
862,3.5876,-87.600,9.538,-17.451,-1.679,7.408,2.130,Fairway,roll,-0.001,0
863,3.5917,-87.648,9.531,-17.470,-1.719,7.407,2.124,Fairway,roll,-0.001,0
864,3.5959,-87.695,9.523,-17.488,-1.758,7.406,2.117,Fairway,roll,0.000,0
865,3.6001,-87.742,9.516,-17.507,-1.798,7.406,2.110,Fairway,roll,-0.001,0
866,3.6042,-87.790,9.508,-17.525,-1.837,7.405,2.103,Fairway,roll,-0.001,0
867,3.6084,-87.837,9.501,-17.544,-1.877,7.405,2.096,Fairway,roll,-0.001,0
868,3.6126,-87.884,9.493,-17.562,-1.916,7.404,2.089,Fairway,roll,-0.001,0
869,3.6167,-87.931,9.485,-17.581,-1.956,7.403,2.082,Fairway,roll,-0.001,0
870,3.6209,-87.979,9.477,-17.599,-1.995,7.403,2.074,Fairway,roll,0.000,0
871,3.6251,-88.026,9.468,-17.617,-2.034,7.402,2.066,Fairway,roll,-0.001,0
872,3.6292,-88.073,9.460,-17.636,-2.074,7.402,2.058,Fairway,roll,0.000,0
873,3.6334,-88.120,9.451,-17.654,-2.113,7.401,2.050,Fairway,roll,-0.001,0
874,3.6376,-88.167,9.442,-17.673,-2.152,7.400,2.042,Fairway,roll,-0.001,0
875,3.6417,-88.214,9.433,-17.691,-2.191,7.400,2.033,Fairway,roll,0.000,0
876,3.6459,-88.261,9.424,-17.709,-2.231,7.399,2.025,Fairway,roll,-0.001,0
877,3.6501,-88.308,9.414,-17.728,-2.270,7.398,2.016,Fairway,roll,0.000,0
878,3.6542,-88.355,9.405,-17.746,-2.309,7.398,2.007,Fairway,roll,-0.001,0
879,3.6584,-88.402,9.395,-17.765,-2.348,7.397,1.998,Fairway,roll,-0.001,0
880,3.6626,-88.448,9.385,-17.783,-2.387,7.397,1.988,Fairway,roll,0.000,0
881,3.6667,-88.495,9.375,-17.801,-2.426,7.397,1.979,Fairway,roll,0.000,0
882,3.6709,-88.542,9.365,-17.819,-2.465,7.396,1.969,Fairway,roll,0.000,0
883,3.6750,-88.589,9.355,-17.838,-2.504,7.396,1.959,Fairway,roll,0.000,0
884,3.6792,-88.635,9.344,-17.856,-2.543,7.396,1.949,Fairway,roll,0.000,0
885,3.6834,-88.682,9.334,-17.874,-2.582,7.395,1.939,Fairway,roll,-0.001,0
886,3.6875,-88.729,9.323,-17.893,-2.621,7.394,1.929,Fairway,roll,-0.001,0
887,3.6917,-88.775,9.312,-17.911,-2.660,7.393,1.919,Fairway,roll,0.000,0
888,3.6959,-88.822,9.301,-17.929,-2.699,7.393,1.908,Fairway,roll,-0.001,0
889,3.7000,-88.868,9.289,-17.947,-2.738,7.392,1.897,Fairway,roll,-0.001,0
890,3.7042,-88.915,9.278,-17.965,-2.777,7.392,1.886,Fairway,roll,0.000,0
891,3.7084,-88.961,9.266,-17.984,-2.816,7.391,1.875,Fairway,roll,-0.001,0
892,3.7125,-89.008,9.254,-18.002,-2.854,7.391,1.864,Fairway,roll,-0.001,0
893,3.7167,-89.054,9.242,-18.020,-2.893,7.390,1.852,Fairway,roll,-0.001,0
894,3.7209,-89.101,9.230,-18.038,-2.932,7.390,1.841,Fairway,roll,0.000,0
895,3.7250,-89.147,9.218,-18.056,-2.971,7.389,1.829,Fairway,roll,-0.001,0
896,3.7292,-89.193,9.206,-18.074,-3.009,7.389,1.817,Fairway,roll,0.000,0
897,3.7334,-89.239,9.193,-18.092,-3.048,7.388,1.805,Fairway,roll,-0.001,0
898,3.7375,-89.286,9.180,-18.110,-3.086,7.388,1.793,Fairway,roll,0.000,0
899,3.7417,-89.332,9.167,-18.128,-3.125,7.387,1.780,Fairway,roll,-0.001,0
900,3.7459,-89.378,9.154,-18.147,-3.164,7.386,1.768,Fairway,roll,-0.001,0
901,3.7500,-89.424,9.141,-18.165,-3.202,7.386,1.755,Fairway,roll,0.000,0
902,3.7542,-89.470,9.127,-18.183,-3.241,7.385,1.743,Fairway,roll,-0.001,0
903,3.7584,-89.516,9.114,-18.201,-3.279,7.385,1.729,Fairway,roll,0.000,0
904,3.7625,-89.562,9.100,-18.219,-3.317,7.384,1.716,Fairway,roll,0.000,0
905,3.7667,-89.608,9.086,-18.237,-3.356,7.384,1.702,Fairway,roll,0.000,0
906,3.7709,-89.654,9.072,-18.255,-3.394,7.383,1.689,Fairway,roll,-0.001,0
907,3.7750,-89.700,9.058,-18.273,-3.432,7.383,1.675,Fairway,roll,0.000,0
908,3.7792,-89.746,9.044,-18.291,-3.471,7.382,1.661,Fairway,roll,-0.001,0
909,3.7834,-89.792,9.029,-18.308,-3.509,7.382,1.647,Fairway,roll,-0.001,0
910,3.7875,-89.838,9.014,-18.326,-3.547,7.381,1.633,Fairway,roll,-0.001,0
911,3.7917,-89.883,9.000,-18.344,-3.586,7.381,1.619,Fairway,roll,0.000,0
912,3.7959,-89.929,8.985,-18.362,-3.624,7.380,1.605,Fairway,roll,-0.001,0
913,3.8000,-89.975,8.969,-18.380,-3.662,7.380,1.590,Fairway,roll,0.000,0
914,3.8042,-90.020,8.954,-18.398,-3.700,7.379,1.575,Fairway,roll,0.000,0
915,3.8084,-90.066,8.939,-18.416,-3.738,7.379,1.560,Fairway,roll,0.000,0
916,3.8125,-90.112,8.923,-18.434,-3.776,7.378,1.544,Fairway,roll,-0.001,0
917,3.8167,-90.157,8.907,-18.451,-3.814,7.378,1.529,Fairway,roll,0.000,0
918,3.8208,-90.203,8.891,-18.469,-3.852,7.377,1.514,Fairway,roll,-0.001,0
919,3.8250,-90.248,8.875,-18.487,-3.890,7.377,1.498,Fairway,roll,-0.001,0
920,3.8292,-90.294,8.859,-18.505,-3.928,7.376,1.483,Fairway,roll,-0.001,0
921,3.8333,-90.339,8.842,-18.523,-3.966,7.376,1.467,Fairway,roll,0.000,0
922,3.8375,-90.385,8.826,-18.540,-4.004,7.375,1.450,Fairway,roll,0.000,0
923,3.8417,-90.430,8.809,-18.558,-4.042,7.375,1.434,Fairway,roll,0.000,0
924,3.8458,-90.475,8.792,-18.576,-4.080,7.375,1.417,Fairway,roll,0.000,0
925,3.8500,-90.521,8.775,-18.594,-4.118,7.374,1.401,Fairway,roll,0.000,0
926,3.8542,-90.566,8.758,-18.611,-4.155,7.374,1.384,Fairway,roll,0.000,0
927,3.8583,-90.611,8.740,-18.629,-4.193,7.373,1.367,Fairway,roll,-0.001,0
928,3.8625,-90.656,8.723,-18.647,-4.231,7.373,1.350,Fairway,roll,0.000,0
929,3.8667,-90.702,8.705,-18.664,-4.268,7.373,1.332,Fairway,roll,0.000,0
930,3.8708,-90.747,8.687,-18.682,-4.306,7.372,1.315,Fairway,roll,-0.001,0
931,3.8750,-90.792,8.669,-18.700,-4.344,7.372,1.298,Fairway,roll,-0.001,0
932,3.8792,-90.837,8.651,-18.717,-4.381,7.371,1.280,Fairway,roll,-0.001,0
933,3.8833,-90.882,8.633,-18.735,-4.419,7.370,1.263,Fairway,roll,-0.001,0
934,3.8875,-90.927,8.614,-18.753,-4.456,7.370,1.245,Fairway,roll,-0.001,0
935,3.8917,-90.972,8.596,-18.770,-4.494,7.369,1.226,Fairway,roll,0.000,0
936,3.8958,-91.017,8.577,-18.788,-4.531,7.369,1.207,Fairway,roll,0.000,0
937,3.9000,-91.062,8.558,-18.805,-4.569,7.369,1.189,Fairway,roll,0.000,0
938,3.9042,-91.107,8.539,-18.823,-4.606,7.369,1.170,Fairway,roll,0.000,0
939,3.9083,-91.151,8.520,-18.840,-4.644,7.368,1.152,Fairway,roll,-0.001,0
940,3.9125,-91.196,8.500,-18.858,-4.681,7.368,1.132,Fairway,roll,0.000,0
941,3.9167,-91.241,8.481,-18.876,-4.718,7.367,1.113,Fairway,roll,0.000,0
942,3.9208,-91.286,8.461,-18.893,-4.756,7.367,1.094,Fairway,roll,-0.001,0
943,3.9250,-91.330,8.441,-18.911,-4.793,7.367,1.074,Fairway,roll,0.000,0
944,3.9292,-91.375,8.421,-18.928,-4.830,7.366,1.055,Fairway,roll,0.000,0
945,3.9333,-91.420,8.401,-18.945,-4.867,7.366,1.035,Fairway,roll,0.000,0
946,3.9375,-91.464,8.380,-18.963,-4.904,7.366,1.015,Fairway,roll,0.000,0
947,3.9417,-91.509,8.360,-18.980,-4.941,7.365,0.994,Fairway,roll,0.000,0
948,3.9458,-91.553,8.339,-18.998,-4.979,7.365,0.974,Fairway,roll,0.000,0
949,3.9500,-91.598,8.318,-19.015,-5.016,7.365,0.954,Fairway,roll,0.000,0
950,3.9541,-91.642,8.297,-19.033,-5.053,7.364,0.933,Fairway,roll,0.000,0
951,3.9583,-91.687,8.276,-19.050,-5.090,7.364,0.912,Fairway,roll,0.000,0
952,3.9625,-91.731,8.255,-19.067,-5.127,7.364,0.891,Fairway,roll,-0.001,0
953,3.9666,-91.776,8.234,-19.085,-5.164,7.363,0.870,Fairway,roll,0.000,0
954,3.9708,-91.820,8.212,-19.102,-5.200,7.363,0.849,Fairway,roll,0.000,0
955,3.9750,-91.864,8.190,-19.119,-5.237,7.363,0.828,Fairway,roll,0.000,0
956,3.9791,-91.908,8.168,-19.137,-5.274,7.362,0.806,Fairway,roll,0.000,0
957,3.9833,-91.953,8.146,-19.154,-5.311,7.362,0.784,Fairway,roll,0.000,0
958,3.9875,-91.997,8.124,-19.171,-5.348,7.361,0.763,Fairway,roll,-0.001,0
959,3.9916,-92.041,8.102,-19.189,-5.384,7.361,0.741,Fairway,roll,0.000,0
960,3.9958,-92.085,8.079,-19.206,-5.421,7.360,0.719,Fairway,roll,0.000,0
961,4.0000,-92.129,8.057,-19.223,-5.458,7.360,0.697,Fairway,roll,-0.001,0
962,4.0041,-92.173,8.034,-19.240,-5.494,7.359,0.675,Fairway,roll,0.000,0
963,4.0083,-92.217,8.011,-19.258,-5.531,7.359,0.652,Fairway,roll,0.000,0
964,4.0125,-92.261,7.988,-19.275,-5.568,7.358,0.630,Fairway,roll,-0.001,0
965,4.0166,-92.305,7.964,-19.292,-5.604,7.358,0.606,Fairway,roll,0.000,0
966,4.0208,-92.349,7.941,-19.309,-5.641,7.358,0.583,Fairway,roll,0.000,0
967,4.0250,-92.393,7.917,-19.326,-5.677,7.357,0.560,Fairway,roll,0.000,0
968,4.0291,-92.437,7.894,-19.344,-5.713,7.357,0.537,Fairway,roll,0.000,0
969,4.0333,-92.481,7.870,-19.361,-5.750,7.357,0.513,Fairway,roll,0.000,0
970,4.0375,-92.525,7.846,-19.378,-5.786,7.357,0.489,Fairway,roll,0.000,0
971,4.0416,-92.568,7.822,-19.395,-5.823,7.356,0.466,Fairway,roll,-0.001,0
972,4.0458,-92.612,7.797,-19.412,-5.859,7.356,0.442,Fairway,roll,0.000,0
973,4.0500,-92.656,7.773,-19.429,-5.895,7.355,0.417,Fairway,roll,0.000,0
974,4.0541,-92.699,7.748,-19.446,-5.931,7.355,0.393,Fairway,roll,0.000,0
975,4.0583,-92.743,7.723,-19.463,-5.967,7.355,0.369,Fairway,roll,0.000,0
976,4.0625,-92.787,7.699,-19.480,-6.004,7.354,0.344,Fairway,roll,0.000,0
977,4.0666,-92.830,7.673,-19.497,-6.040,7.354,0.319,Fairway,roll,0.000,0
978,4.0708,-92.874,7.648,-19.514,-6.076,7.354,0.295,Fairway,roll,-0.001,0
979,4.0750,-92.917,7.623,-19.531,-6.112,7.353,0.269,Fairway,roll,0.000,0
980,4.0791,-92.961,7.597,-19.548,-6.148,7.353,0.244,Fairway,roll,0.000,0
981,4.0833,-93.004,7.572,-19.565,-6.184,7.353,0.219,Fairway,roll,0.000,0
982,4.0874,-93.047,7.546,-19.582,-6.220,7.352,0.193,Fairway,roll,0.000,0
983,4.0916,-93.091,7.520,-19.599,-6.256,7.352,0.168,Fairway,roll,0.000,0
984,4.0958,-93.134,7.494,-19.616,-6.292,7.352,0.142,Fairway,roll,0.000,0
985,4.0999,-93.177,7.467,-19.633,-6.327,7.351,0.116,Fairway,roll,0.000,0
986,4.1041,-93.221,7.441,-19.650,-6.363,7.351,0.090,Fairway,roll,0.000,0
987,4.1083,-93.264,7.414,-19.667,-6.399,7.351,0.064,Fairway,roll,0.000,0
988,4.1124,-93.307,7.388,-19.684,-6.435,7.351,0.037,Fairway,roll,0.000,0
989,4.1166,-93.350,7.361,-19.701,-6.470,7.350,0.011,Fairway,roll,0.000,0
990,4.1183,-93.368,7.350,-19.708,-6.485,7.350,0.000,Fairway,roll,0.000,0
991,4.1225,-93.387,7.363,-19.715,3.200,7.350,0.013,Fairway,roll,0.000,0
992,4.1266,-93.406,7.377,-19.723,3.158,7.350,0.027,Fairway,roll,0.000,0
993,4.1308,-93.426,7.390,-19.730,3.117,7.350,0.040,Fairway,roll,0.000,0
994,4.1349,-93.445,7.402,-19.738,3.075,7.350,0.053,Fairway,roll,0.000,0
995,4.1391,-93.464,7.415,-19.746,3.033,7.349,0.066,Fairway,roll,0.000,0
996,4.1433,-93.484,7.428,-19.753,2.991,7.349,0.079,Fairway,roll,0.000,0
997,4.1474,-93.503,7.440,-19.761,2.949,7.349,0.091,Fairway,roll,0.000,0
998,4.1516,-93.523,7.452,-19.768,2.907,7.349,0.103,Fairway,roll,0.000,0
999,4.1558,-93.542,7.464,-19.776,2.865,7.349,0.115,Fairway,roll,0.000,0
1000,4.1599,-93.561,7.476,-19.783,2.824,7.349,0.127,Fairway,roll,0.000,0
1001,4.1641,-93.581,7.488,-19.791,2.782,7.349,0.139,Fairway,roll,0.000,0
1002,4.1683,-93.600,7.499,-19.799,2.740,7.348,0.151,Fairway,roll,0.000,0
1003,4.1724,-93.619,7.511,-19.806,2.699,7.348,0.162,Fairway,roll,0.000,0
1004,4.1766,-93.638,7.522,-19.814,2.657,7.348,0.174,Fairway,roll,0.000,0
1005,4.1808,-93.658,7.533,-19.821,2.615,7.348,0.185,Fairway,roll,0.000,0
1006,4.1849,-93.677,7.544,-19.829,2.573,7.348,0.196,Fairway,roll,0.000,0
1007,4.1891,-93.696,7.554,-19.836,2.532,7.348,0.206,Fairway,roll,0.000,0
1008,4.1933,-93.716,7.565,-19.844,2.490,7.348,0.217,Fairway,roll,0.000,0
1009,4.1974,-93.735,7.575,-19.851,2.449,7.348,0.227,Fairway,roll,0.000,0
1010,4.2016,-93.754,7.585,-19.859,2.407,7.347,0.238,Fairway,roll,0.000,0
1011,4.2058,-93.773,7.595,-19.866,2.366,7.347,0.248,Fairway,roll,0.000,0
1012,4.2099,-93.793,7.605,-19.874,2.324,7.347,0.258,Fairway,roll,0.000,0
1013,4.2141,-93.812,7.614,-19.882,2.282,7.347,0.267,Fairway,roll,0.000,0
1014,4.2183,-93.831,7.624,-19.889,2.241,7.347,0.277,Fairway,roll,0.000,0
1015,4.2224,-93.850,7.633,-19.897,2.199,7.347,0.286,Fairway,roll,0.000,0
1016,4.2266,-93.870,7.642,-19.904,2.158,7.346,0.296,Fairway,roll,0.000,0
1017,4.2308,-93.889,7.651,-19.912,2.117,7.346,0.305,Fairway,roll,0.000,0
1018,4.2349,-93.908,7.660,-19.919,2.075,7.346,0.313,Fairway,roll,0.000,0
1019,4.2391,-93.927,7.668,-19.927,2.034,7.346,0.322,Fairway,roll,0.000,0
1020,4.2433,-93.947,7.677,-19.934,1.992,7.346,0.331,Fairway,roll,0.000,0
1021,4.2474,-93.966,7.685,-19.942,1.951,7.346,0.339,Fairway,roll,0.000,0
1022,4.2516,-93.985,7.693,-19.949,1.909,7.346,0.347,Fairway,roll,0.000,0
1023,4.2558,-94.004,7.701,-19.957,1.868,7.346,0.355,Fairway,roll,0.000,0
1024,4.2599,-94.023,7.708,-19.964,1.827,7.346,0.363,Fairway,roll,0.000,0
1025,4.2641,-94.043,7.716,-19.972,1.785,7.346,0.370,Fairway,roll,0.000,0
1026,4.2683,-94.062,7.723,-19.979,1.744,7.346,0.378,Fairway,roll,0.000,0
1027,4.2724,-94.081,7.730,-19.987,1.703,7.346,0.385,Fairway,roll,0.000,0
1028,4.2766,-94.100,7.737,-19.994,1.661,7.345,0.392,Fairway,roll,0.000,0
1029,4.2807,-94.119,7.744,-20.002,1.620,7.345,0.399,Fairway,roll,0.000,0
1030,4.2849,-94.138,7.751,-20.009,1.579,7.345,0.405,Fairway,roll,0.000,0
1031,4.2891,-94.158,7.757,-20.017,1.538,7.345,0.412,Fairway,roll,0.000,0
1032,4.2932,-94.177,7.764,-20.024,1.496,7.345,0.418,Fairway,roll,0.000,0
1033,4.2974,-94.196,7.770,-20.032,1.455,7.345,0.425,Fairway,roll,0.000,0
1034,4.3016,-94.215,7.776,-20.039,1.414,7.345,0.430,Fairway,roll,0.000,0
1035,4.3057,-94.234,7.782,-20.047,1.373,7.345,0.436,Fairway,roll,0.000,0
1036,4.3099,-94.253,7.787,-20.054,1.332,7.345,0.442,Fairway,roll,0.000,0
1037,4.3141,-94.273,7.793,-20.062,1.290,7.345,0.448,Fairway,roll,0.000,0
1038,4.3182,-94.292,7.798,-20.069,1.249,7.345,0.453,Fairway,roll,0.000,0
1039,4.3224,-94.311,7.803,-20.077,1.208,7.345,0.458,Fairway,roll,0.000,0
1040,4.3266,-94.330,7.808,-20.084,1.167,7.345,0.463,Fairway,roll,0.000,0
1041,4.3307,-94.349,7.813,-20.092,1.126,7.344,0.468,Fairway,roll,0.000,0
1042,4.3349,-94.368,7.817,-20.099,1.085,7.345,0.473,Fairway,roll,0.000,0
1043,4.3391,-94.387,7.822,-20.107,1.044,7.344,0.477,Fairway,roll,0.000,0
1044,4.3432,-94.406,7.826,-20.114,1.002,7.344,0.482,Fairway,roll,0.000,0
1045,4.3474,-94.425,7.830,-20.122,0.961,7.344,0.486,Fairway,roll,0.000,0
1046,4.3516,-94.444,7.834,-20.129,0.920,7.344,0.490,Fairway,roll,0.000,0
1047,4.3557,-94.464,7.838,-20.136,0.879,7.344,0.494,Fairway,roll,0.000,0
1048,4.3599,-94.483,7.841,-20.144,0.838,7.343,0.498,Fairway,roll,0.000,0
1049,4.3641,-94.502,7.845,-20.151,0.797,7.343,0.501,Fairway,roll,0.000,0
1050,4.3682,-94.521,7.848,-20.159,0.756,7.343,0.505,Fairway,roll,0.000,0
1051,4.3724,-94.540,7.851,-20.166,0.715,7.343,0.508,Fairway,roll,0.000,0
1052,4.3766,-94.559,7.854,-20.174,0.674,7.343,0.511,Fairway,roll,0.000,0
1053,4.3807,-94.578,7.857,-20.181,0.633,7.343,0.514,Fairway,roll,0.000,0
1054,4.3849,-94.597,7.859,-20.189,0.592,7.343,0.516,Fairway,roll,0.000,0
1055,4.3891,-94.616,7.862,-20.196,0.551,7.342,0.519,Fairway,roll,0.000,0
1056,4.3932,-94.635,7.864,-20.204,0.510,7.342,0.521,Fairway,roll,0.000,0
1057,4.3974,-94.654,7.866,-20.211,0.469,7.342,0.524,Fairway,roll,0.000,0
1058,4.4016,-94.673,7.868,-20.218,0.428,7.342,0.525,Fairway,roll,0.000,0
1059,4.4057,-94.692,7.869,-20.226,0.387,7.342,0.527,Fairway,roll,0.000,0
1060,4.4099,-94.711,7.871,-20.233,0.346,7.342,0.529,Fairway,roll,0.000,0
1061,4.4140,-94.730,7.872,-20.241,0.305,7.342,0.530,Fairway,roll,0.000,0
1062,4.4182,-94.749,7.873,-20.248,0.264,7.342,0.532,Fairway,roll,0.000,0
1063,4.4224,-94.768,7.874,-20.256,0.223,7.341,0.533,Fairway,roll,0.000,0
1064,4.4265,-94.787,7.875,-20.263,0.183,7.341,0.534,Fairway,roll,0.000,0
1065,4.4307,-94.806,7.876,-20.271,0.142,7.341,0.535,Fairway,roll,0.000,0
1066,4.4349,-94.825,7.876,-20.278,0.101,7.341,0.535,Fairway,roll,0.000,0
1067,4.4390,-94.844,7.877,-20.285,0.060,7.341,0.536,Fairway,roll,0.000,0
1068,4.4432,-94.863,7.877,-20.293,0.019,7.341,0.536,Fairway,roll,0.000,0
1069,4.4474,-94.882,7.877,-20.300,-0.022,7.341,0.536,Fairway,roll,0.000,0
1070,4.4515,-94.901,7.877,-20.308,-0.063,7.341,0.536,Fairway,roll,0.000,0
1071,4.4557,-94.920,7.876,-20.315,-0.103,7.341,0.535,Fairway,roll,0.000,0
1072,4.4599,-94.939,7.876,-20.323,-0.144,7.341,0.535,Fairway,roll,0.000,0
1073,4.4640,-94.958,7.875,-20.330,-0.185,7.341,0.534,Fairway,roll,0.000,0
1074,4.4682,-94.977,7.874,-20.337,-0.226,7.341,0.533,Fairway,roll,0.000,0
1075,4.4724,-94.996,7.873,-20.345,-0.267,7.341,0.532,Fairway,roll,0.000,0
1076,4.4765,-95.015,7.872,-20.352,-0.307,7.341,0.531,Fairway,roll,0.000,0
1077,4.4807,-95.034,7.871,-20.360,-0.348,7.341,0.530,Fairway,roll,0.000,0
1078,4.4849,-95.053,7.869,-20.367,-0.389,7.341,0.529,Fairway,roll,0.000,0
1079,4.4890,-95.072,7.867,-20.374,-0.430,7.341,0.527,Fairway,roll,0.000,0
1080,4.4932,-95.091,7.866,-20.382,-0.470,7.341,0.525,Fairway,roll,0.000,0
1081,4.4974,-95.110,7.864,-20.389,-0.511,7.341,0.523,Fairway,roll,0.000,0
1082,4.5015,-95.129,7.861,-20.397,-0.552,7.340,0.521,Fairway,roll,0.000,0
1083,4.5057,-95.147,7.859,-20.404,-0.593,7.340,0.519,Fairway,roll,0.000,0
1084,4.5099,-95.166,7.856,-20.411,-0.633,7.340,0.516,Fairway,roll,0.000,0
1085,4.5140,-95.185,7.854,-20.419,-0.674,7.340,0.514,Fairway,roll,0.000,0
1086,4.5182,-95.204,7.851,-20.426,-0.715,7.340,0.511,Fairway,roll,0.000,0
1087,4.5224,-95.223,7.848,-20.434,-0.755,7.340,0.508,Fairway,roll,0.000,0
1088,4.5265,-95.242,7.845,-20.441,-0.796,7.340,0.505,Fairway,roll,0.000,0
1089,4.5307,-95.261,7.841,-20.448,-0.837,7.339,0.502,Fairway,roll,0.000,0
1090,4.5349,-95.280,7.838,-20.456,-0.877,7.339,0.498,Fairway,roll,0.000,0
1091,4.5390,-95.299,7.834,-20.463,-0.918,7.339,0.495,Fairway,roll,0.000,0
1092,4.5432,-95.318,7.830,-20.471,-0.959,7.339,0.491,Fairway,roll,0.000,0
1093,4.5473,-95.336,7.826,-20.478,-0.999,7.339,0.487,Fairway,roll,0.000,0
1094,4.5515,-95.355,7.822,-20.485,-1.040,7.339,0.483,Fairway,roll,0.000,0
1095,4.5557,-95.374,7.817,-20.493,-1.080,7.339,0.479,Fairway,roll,0.000,0
1096,4.5598,-95.393,7.813,-20.500,-1.121,7.338,0.474,Fairway,roll,0.000,0
1097,4.5640,-95.412,7.808,-20.508,-1.161,7.338,0.470,Fairway,roll,0.000,0
1098,4.5682,-95.431,7.803,-20.515,-1.202,7.338,0.465,Fairway,roll,0.000,0
1099,4.5723,-95.450,7.798,-20.522,-1.243,7.338,0.460,Fairway,roll,0.000,0
1100,4.5765,-95.468,7.793,-20.530,-1.283,7.338,0.455,Fairway,roll,0.000,0
1101,4.5807,-95.487,7.787,-20.537,-1.324,7.338,0.449,Fairway,roll,0.000,0
1102,4.5848,-95.506,7.782,-20.544,-1.364,7.338,0.444,Fairway,roll,0.000,0
1103,4.5890,-95.525,7.776,-20.552,-1.405,7.338,0.438,Fairway,roll,0.000,0
1104,4.5932,-95.544,7.770,-20.559,-1.445,7.337,0.433,Fairway,roll,0.000,0
1105,4.5973,-95.563,7.764,-20.567,-1.486,7.337,0.426,Fairway,roll,0.000,0
1106,4.6015,-95.581,7.758,-20.574,-1.526,7.337,0.420,Fairway,roll,0.000,0
1107,4.6057,-95.600,7.751,-20.581,-1.566,7.337,0.414,Fairway,roll,0.000,0
1108,4.6098,-95.619,7.745,-20.589,-1.607,7.337,0.407,Fairway,roll,0.000,0
1109,4.6140,-95.638,7.738,-20.596,-1.647,7.337,0.400,Fairway,roll,0.000,0
1110,4.6182,-95.657,7.731,-20.603,-1.688,7.337,0.393,Fairway,roll,0.000,0
1111,4.6223,-95.675,7.724,-20.611,-1.728,7.337,0.386,Fairway,roll,0.000,0
1112,4.6265,-95.694,7.716,-20.618,-1.769,7.337,0.379,Fairway,roll,0.000,0
1113,4.6307,-95.713,7.709,-20.625,-1.809,7.337,0.372,Fairway,roll,0.000,0
1114,4.6348,-95.732,7.701,-20.633,-1.849,7.337,0.364,Fairway,roll,0.000,0
1115,4.6390,-95.751,7.694,-20.640,-1.890,7.337,0.356,Fairway,roll,0.000,0
1116,4.6432,-95.769,7.686,-20.647,-1.930,7.337,0.348,Fairway,roll,0.000,0
1117,4.6473,-95.788,7.677,-20.655,-1.970,7.337,0.340,Fairway,roll,0.000,0
1118,4.6515,-95.807,7.669,-20.662,-2.011,7.337,0.332,Fairway,roll,0.000,0
1119,4.6557,-95.826,7.661,-20.669,-2.051,7.337,0.324,Fairway,roll,0.000,0
1120,4.6598,-95.844,7.652,-20.677,-2.091,7.337,0.315,Fairway,roll,0.000,0
1121,4.6640,-95.863,7.643,-20.684,-2.131,7.337,0.307,Fairway,roll,0.000,0
1122,4.6682,-95.882,7.634,-20.691,-2.172,7.336,0.298,Fairway,roll,0.000,0
1123,4.6723,-95.901,7.625,-20.699,-2.212,7.336,0.289,Fairway,roll,0.000,0
1124,4.6765,-95.919,7.616,-20.706,-2.252,7.336,0.280,Fairway,roll,0.000,0
1125,4.6806,-95.938,7.607,-20.713,-2.292,7.336,0.271,Fairway,roll,0.000,0
1126,4.6848,-95.957,7.597,-20.721,-2.333,7.336,0.261,Fairway,roll,0.000,0
1127,4.6890,-95.975,7.587,-20.728,-2.373,7.336,0.251,Fairway,roll,0.000,0
1128,4.6931,-95.994,7.577,-20.735,-2.413,7.336,0.241,Fairway,roll,0.000,0
1129,4.6973,-96.013,7.567,-20.743,-2.453,7.336,0.231,Fairway,roll,0.000,0
1130,4.7015,-96.032,7.557,-20.750,-2.493,7.336,0.221,Fairway,roll,0.000,0
1131,4.7056,-96.050,7.546,-20.757,-2.533,7.336,0.211,Fairway,roll,0.000,0
1132,4.7098,-96.069,7.536,-20.765,-2.573,7.336,0.200,Fairway,roll,0.000,0
1133,4.7140,-96.088,7.525,-20.772,-2.614,7.336,0.189,Fairway,roll,0.000,0
1134,4.7181,-96.106,7.514,-20.779,-2.654,7.336,0.178,Fairway,roll,0.000,0
1135,4.7223,-96.125,7.503,-20.787,-2.694,7.336,0.167,Fairway,roll,0.000,0
1136,4.7265,-96.144,7.491,-20.794,-2.734,7.336,0.156,Fairway,roll,0.000,0
1137,4.7306,-96.162,7.480,-20.801,-2.774,7.336,0.144,Fairway,roll,0.000,0
1138,4.7348,-96.181,7.468,-20.809,-2.814,7.336,0.133,Fairway,roll,0.000,0
1139,4.7390,-96.200,7.456,-20.816,-2.854,7.336,0.121,Fairway,roll,0.000,0
1140,4.7431,-96.218,7.445,-20.823,-2.894,7.335,0.109,Fairway,roll,0.000,0
1141,4.7473,-96.237,7.432,-20.830,-2.934,7.335,0.097,Fairway,roll,0.000,0
1142,4.7515,-96.255,7.420,-20.838,-2.973,7.335,0.085,Fairway,roll,0.000,0
1143,4.7556,-96.274,7.408,-20.845,-3.013,7.335,0.072,Fairway,roll,0.000,0
1144,4.7598,-96.293,7.395,-20.852,-3.053,7.335,0.060,Fairway,roll,0.000,0
1145,4.7640,-96.311,7.382,-20.860,-3.093,7.335,0.047,Fairway,roll,0.000,0
1146,4.7681,-96.330,7.369,-20.867,-3.133,7.335,0.034,Fairway,roll,0.000,0
1147,4.7723,-96.348,7.356,-20.874,-3.173,7.335,0.021,Fairway,roll,0.000,0
1148,4.7765,-96.367,7.343,-20.881,-3.213,7.335,0.008,Fairway,roll,0.000,0
1149,4.7789,-96.378,7.335,-20.886,-3.236,7.335,0.000,Fairway,roll,0.000,0
1150,4.7831,-96.386,7.342,-20.889,1.577,7.335,0.007,Fairway,roll,0.000,0
1151,4.7872,-96.395,7.348,-20.892,1.536,7.335,0.013,Fairway,roll,0.000,0
1152,4.7914,-96.403,7.354,-20.895,1.495,7.335,0.019,Fairway,roll,0.000,0
1153,4.7956,-96.412,7.360,-20.899,1.454,7.335,0.025,Fairway,roll,0.000,0
1154,4.7997,-96.420,7.366,-20.902,1.413,7.335,0.031,Fairway,roll,0.000,0
1155,4.8039,-96.428,7.372,-20.905,1.372,7.335,0.037,Fairway,roll,0.000,0
1156,4.8081,-96.437,7.378,-20.909,1.331,7.335,0.043,Fairway,roll,0.000,0
1157,4.8122,-96.445,7.383,-20.912,1.290,7.335,0.048,Fairway,roll,0.000,0
1158,4.8164,-96.453,7.389,-20.915,1.249,7.335,0.053,Fairway,roll,0.000,0
1159,4.8206,-96.462,7.394,-20.918,1.208,7.335,0.059,Fairway,roll,0.000,0
1160,4.8247,-96.470,7.399,-20.922,1.167,7.335,0.064,Fairway,roll,0.000,0
1161,4.8289,-96.478,7.403,-20.925,1.126,7.335,0.068,Fairway,roll,0.000,0
1162,4.8331,-96.487,7.408,-20.928,1.085,7.335,0.073,Fairway,roll,0.000,0
1163,4.8372,-96.495,7.412,-20.931,1.044,7.335,0.077,Fairway,roll,0.000,0
1164,4.8414,-96.503,7.417,-20.935,1.003,7.335,0.082,Fairway,roll,0.000,0
1165,4.8456,-96.512,7.421,-20.938,0.962,7.335,0.086,Fairway,roll,0.000,0
1166,4.8497,-96.520,7.425,-20.941,0.921,7.335,0.090,Fairway,roll,0.000,0
1167,4.8539,-96.528,7.428,-20.944,0.880,7.334,0.094,Fairway,roll,0.000,0
1168,4.8581,-96.537,7.432,-20.948,0.839,7.334,0.098,Fairway,roll,0.000,0
1169,4.8622,-96.545,7.435,-20.951,0.798,7.334,0.101,Fairway,roll,0.000,0
1170,4.8664,-96.553,7.439,-20.954,0.757,7.334,0.104,Fairway,roll,0.000,0
1171,4.8706,-96.562,7.442,-20.958,0.716,7.334,0.108,Fairway,roll,0.000,0
1172,4.8747,-96.570,7.445,-20.961,0.675,7.334,0.111,Fairway,roll,0.000,0
1173,4.8789,-96.578,7.447,-20.964,0.634,7.334,0.113,Fairway,roll,0.000,0
1174,4.8831,-96.587,7.450,-20.967,0.594,7.334,0.116,Fairway,roll,0.000,0
1175,4.8872,-96.595,7.452,-20.971,0.553,7.334,0.118,Fairway,roll,0.000,0
1176,4.8914,-96.603,7.454,-20.974,0.512,7.334,0.121,Fairway,roll,0.000,0
1177,4.8956,-96.612,7.456,-20.977,0.471,7.334,0.123,Fairway,roll,0.000,0
1178,4.8997,-96.620,7.458,-20.980,0.430,7.334,0.125,Fairway,roll,0.000,0
1179,4.9039,-96.628,7.460,-20.984,0.389,7.334,0.126,Fairway,roll,0.000,0
1180,4.9081,-96.637,7.462,-20.987,0.348,7.334,0.128,Fairway,roll,0.000,0
1181,4.9122,-96.645,7.463,-20.990,0.307,7.334,0.129,Fairway,roll,0.000,0
1182,4.9164,-96.653,7.464,-20.993,0.266,7.333,0.131,Fairway,roll,0.000,0
1183,4.9205,-96.662,7.465,-20.997,0.226,7.333,0.132,Fairway,roll,0.000,0
1184,4.9247,-96.670,7.466,-21.000,0.185,7.334,0.132,Fairway,roll,0.000,0
1185,4.9289,-96.678,7.467,-21.003,0.144,7.333,0.133,Fairway,roll,0.000,0
1186,4.9330,-96.687,7.467,-21.006,0.103,7.333,0.134,Fairway,roll,0.000,0
1187,4.9372,-96.695,7.467,-21.010,0.062,7.333,0.134,Fairway,roll,0.000,0
1188,4.9414,-96.703,7.468,-21.013,0.021,7.333,0.135,Fairway,roll,0.000,0
1189,4.9455,-96.712,7.468,-21.016,-0.020,7.333,0.135,Fairway,roll,0.000,0
1190,4.9497,-96.720,7.467,-21.020,-0.060,7.333,0.134,Fairway,roll,0.000,0
1191,4.9539,-96.728,7.467,-21.023,-0.101,7.333,0.134,Fairway,roll,0.000,0
1192,4.9580,-96.737,7.467,-21.026,-0.142,7.333,0.134,Fairway,roll,0.000,0
1193,4.9622,-96.745,7.466,-21.029,-0.183,7.333,0.133,Fairway,roll,0.000,0
1194,4.9664,-96.753,7.465,-21.033,-0.224,7.333,0.132,Fairway,roll,0.000,0
1195,4.9705,-96.762,7.464,-21.036,-0.265,7.333,0.131,Fairway,roll,0.000,0
1196,4.9747,-96.770,7.463,-21.039,-0.305,7.333,0.130,Fairway,roll,0.000,0
1197,4.9789,-96.778,7.462,-21.042,-0.346,7.333,0.129,Fairway,roll,0.000,0
1198,4.9830,-96.787,7.460,-21.046,-0.387,7.333,0.127,Fairway,roll,0.000,0
1199,4.9872,-96.795,7.458,-21.049,-0.428,7.333,0.125,Fairway,roll,0.000,0
1200,4.9914,-96.803,7.456,-21.052,-0.469,7.333,0.124,Fairway,roll,0.000,0
1201,4.9955,-96.812,7.454,-21.055,-0.509,7.333,0.121,Fairway,roll,0.000,0
1202,4.9997,-96.820,7.452,-21.059,-0.550,7.333,0.119,Fairway,roll,0.000,0
1203,5.0039,-96.828,7.450,-21.062,-0.591,7.333,0.117,Fairway,roll,0.000,0
1204,5.0080,-96.837,7.447,-21.065,-0.632,7.333,0.114,Fairway,roll,0.000,0
1205,5.0122,-96.845,7.445,-21.068,-0.673,7.333,0.112,Fairway,roll,0.000,0
1206,5.0164,-96.853,7.442,-21.072,-0.713,7.333,0.109,Fairway,roll,0.000,0
1207,5.0205,-96.861,7.439,-21.075,-0.754,7.333,0.106,Fairway,roll,0.000,0
1208,5.0247,-96.870,7.435,-21.078,-0.795,7.333,0.103,Fairway,roll,0.000,0
1209,5.0289,-96.878,7.432,-21.081,-0.836,7.333,0.099,Fairway,roll,0.000,0
1210,5.0330,-96.886,7.429,-21.085,-0.876,7.333,0.096,Fairway,roll,0.000,0
1211,5.0372,-96.895,7.425,-21.088,-0.917,7.333,0.092,Fairway,roll,0.000,0
1212,5.0414,-96.903,7.421,-21.091,-0.958,7.333,0.088,Fairway,roll,0.000,0
1213,5.0455,-96.911,7.417,-21.094,-0.999,7.333,0.084,Fairway,roll,0.000,0
1214,5.0497,-96.920,7.413,-21.098,-1.039,7.333,0.080,Fairway,roll,0.000,0
1215,5.0538,-96.928,7.408,-21.101,-1.080,7.333,0.076,Fairway,roll,0.000,0
1216,5.0580,-96.936,7.404,-21.104,-1.121,7.333,0.071,Fairway,roll,0.000,0
1217,5.0622,-96.945,7.399,-21.107,-1.162,7.333,0.066,Fairway,roll,0.000,0
1218,5.0663,-96.953,7.394,-21.111,-1.202,7.333,0.061,Fairway,roll,0.000,0
1219,5.0705,-96.961,7.389,-21.114,-1.243,7.333,0.056,Fairway,roll,0.000,0
1220,5.0747,-96.969,7.384,-21.117,-1.284,7.333,0.051,Fairway,roll,0.000,0
1221,5.0788,-96.978,7.378,-21.120,-1.324,7.333,0.046,Fairway,roll,0.000,0
1222,5.0830,-96.986,7.373,-21.124,-1.365,7.333,0.040,Fairway,roll,0.000,0
1223,5.0872,-96.994,7.367,-21.127,-1.406,7.333,0.034,Fairway,roll,0.000,0
1224,5.0913,-97.003,7.361,-21.130,-1.446,7.333,0.028,Fairway,roll,0.000,0
1225,5.0955,-97.011,7.355,-21.133,-1.487,7.332,0.022,Fairway,roll,0.000,0
1226,5.0997,-97.019,7.348,-21.137,-1.528,7.332,0.016,Fairway,roll,0.000,0
1227,5.1038,-97.028,7.342,-21.140,-1.568,7.332,0.010,Fairway,roll,0.000,0
1228,5.1080,-97.036,7.335,-21.143,-1.609,7.333,0.003,Fairway,roll,0.000,0
1229,5.1098,-97.039,7.333,-21.144,-1.626,7.333,0.000,Fairway,roll,0.000,0
1230,5.1140,-97.043,7.336,-21.146,0.772,7.333,0.003,Fairway,roll,0.000,0
1231,5.1181,-97.047,7.339,-21.147,0.731,7.333,0.006,Fairway,roll,0.000,0
1232,5.1223,-97.051,7.342,-21.149,0.691,7.332,0.009,Fairway,roll,0.000,0
1233,5.1265,-97.054,7.345,-21.150,0.650,7.332,0.012,Fairway,roll,0.000,0
1234,5.1306,-97.058,7.347,-21.152,0.609,7.332,0.015,Fairway,roll,0.000,0
1235,5.1348,-97.062,7.350,-21.153,0.568,7.332,0.017,Fairway,roll,0.000,0
1236,5.1390,-97.066,7.352,-21.155,0.527,7.333,0.019,Fairway,roll,0.000,0
1237,5.1431,-97.069,7.354,-21.156,0.486,7.332,0.022,Fairway,roll,0.000,0
1238,5.1473,-97.073,7.356,-21.158,0.445,7.332,0.024,Fairway,roll,0.000,0
1239,5.1515,-97.077,7.358,-21.159,0.404,7.333,0.025,Fairway,roll,0.000,0
1240,5.1556,-97.080,7.359,-21.161,0.364,7.332,0.027,Fairway,roll,0.000,0
1241,5.1598,-97.084,7.361,-21.162,0.323,7.332,0.028,Fairway,roll,0.000,0
1242,5.1640,-97.088,7.362,-21.164,0.282,7.332,0.030,Fairway,roll,0.000,0
1243,5.1681,-97.092,7.363,-21.165,0.241,7.332,0.031,Fairway,roll,0.000,0
1244,5.1723,-97.095,7.364,-21.166,0.200,7.332,0.032,Fairway,roll,0.000,0
1245,5.1765,-97.099,7.365,-21.168,0.159,7.332,0.033,Fairway,roll,0.000,0
1246,5.1806,-97.103,7.365,-21.169,0.118,7.332,0.033,Fairway,roll,0.000,0
1247,5.1848,-97.106,7.366,-21.171,0.078,7.332,0.033,Fairway,roll,0.000,0
1248,5.1890,-97.110,7.366,-21.172,0.037,7.332,0.034,Fairway,roll,0.000,0
1249,5.1931,-97.114,7.366,-21.174,-0.004,7.332,0.034,Fairway,roll,0.000,0
1250,5.1973,-97.118,7.366,-21.175,-0.045,7.332,0.034,Fairway,roll,0.000,0
1251,5.2014,-97.121,7.366,-21.177,-0.086,7.332,0.033,Fairway,roll,0.000,0
1252,5.2056,-97.125,7.365,-21.178,-0.127,7.332,0.033,Fairway,roll,0.000,0
1253,5.2098,-97.129,7.365,-21.180,-0.167,7.332,0.032,Fairway,roll,0.000,0
1254,5.2139,-97.133,7.364,-21.181,-0.208,7.332,0.032,Fairway,roll,0.000,0
1255,5.2181,-97.136,7.363,-21.182,-0.249,7.332,0.030,Fairway,roll,0.000,0
1256,5.2223,-97.140,7.362,-21.184,-0.290,7.332,0.030,Fairway,roll,0.000,0
1257,5.2264,-97.144,7.361,-21.185,-0.331,7.332,0.028,Fairway,roll,0.000,0
1258,5.2306,-97.147,7.359,-21.187,-0.372,7.332,0.027,Fairway,roll,0.000,0
1259,5.2348,-97.151,7.357,-21.188,-0.412,7.332,0.025,Fairway,roll,0.000,0
1260,5.2389,-97.155,7.356,-21.190,-0.453,7.332,0.023,Fairway,roll,0.000,0
1261,5.2431,-97.159,7.354,-21.191,-0.494,7.332,0.021,Fairway,roll,0.000,0
1262,5.2473,-97.162,7.352,-21.193,-0.535,7.332,0.019,Fairway,roll,0.000,0
1263,5.2514,-97.166,7.349,-21.194,-0.576,7.332,0.017,Fairway,roll,0.000,0
1264,5.2556,-97.170,7.347,-21.195,-0.617,7.332,0.015,Fairway,roll,0.000,0
1265,5.2598,-97.173,7.344,-21.197,-0.657,7.332,0.012,Fairway,roll,0.000,0
1266,5.2639,-97.177,7.341,-21.198,-0.698,7.332,0.009,Fairway,roll,0.000,0
1267,5.2681,-97.181,7.338,-21.200,-0.739,7.332,0.006,Fairway,roll,0.000,0
1268,5.2723,-97.185,7.335,-21.201,-0.780,7.332,0.003,Fairway,roll,0.000,0
1269,5.2756,-97.188,7.332,-21.202,-0.813,7.332,0.000,Fairway,roll,0.000,0
1270,5.2798,-97.189,7.354,-21.203,0.000,7.332,0.021,Fairway,roll,0.000,0
1271,5.2840,-97.191,7.354,-21.204,0.000,7.332,0.021,Fairway,roll,0.000,0
1272,5.2881,-97.193,7.354,-21.204,0.000,7.332,0.021,Fairway,roll,0.000,0
1273,5.2923,-97.194,7.354,-21.205,0.000,7.332,0.021,Fairway,roll,0.000,0
1274,5.2965,-97.196,7.354,-21.206,0.000,7.332,0.021,Fairway,roll,0.000,0
1275,5.3006,-97.198,7.354,-21.206,0.000,7.332,0.021,Fairway,roll,0.000,0
1276,5.3048,-97.199,7.354,-21.207,0.000,7.332,0.021,Fairway,roll,0.000,0
1277,5.3090,-97.201,7.353,-21.208,0.000,7.332,0.021,Fairway,roll,0.000,0
1278,5.3131,-97.203,7.353,-21.208,0.000,7.332,0.021,Fairway,roll,0.000,0
1279,5.3173,-97.204,7.353,-21.209,0.000,7.332,0.021,Fairway,roll,0.000,0
1280,5.3215,-97.206,7.354,-21.210,0.000,7.332,0.021,Fairway,roll,0.000,0
1281,5.3256,-97.208,7.354,-21.210,0.000,7.332,0.021,Fairway,roll,0.000,0
1282,5.3298,-97.209,7.354,-21.211,0.000,7.332,0.021,Fairway,roll,0.000,0
1283,5.3340,-97.211,7.353,-21.212,0.000,7.332,0.021,Fairway,roll,0.000,0
1284,5.3381,-97.213,7.353,-21.212,0.000,7.332,0.021,Fairway,roll,0.000,0
1285,5.3423,-97.214,7.354,-21.213,0.000,7.332,0.021,Fairway,roll,0.000,0
1286,5.3465,-97.216,7.354,-21.214,0.000,7.332,0.021,Fairway,roll,0.000,0
1287,5.3506,-97.218,7.354,-21.214,0.000,7.332,0.021,Fairway,roll,0.000,0
1288,5.3548,-97.219,7.354,-21.215,0.000,7.332,0.021,Fairway,roll,0.000,0
1289,5.3589,-97.221,7.353,-21.216,0.000,7.332,0.021,Fairway,roll,0.000,0
1290,5.3631,-97.223,7.353,-21.216,0.000,7.332,0.021,Fairway,roll,0.000,0
1291,5.3673,-97.224,7.354,-21.217,0.000,7.332,0.021,Fairway,roll,0.000,0
1292,5.3714,-97.226,7.354,-21.218,0.000,7.332,0.021,Fairway,roll,0.000,0
1293,5.3756,-97.228,7.354,-21.218,0.000,7.332,0.021,Fairway,roll,0.000,0
1294,5.3798,-97.229,7.354,-21.219,0.000,7.332,0.021,Fairway,roll,0.000,0
1295,5.3839,-97.231,7.353,-21.220,0.000,7.332,0.021,Fairway,roll,0.000,0
1296,5.3881,-97.233,7.354,-21.220,0.000,7.332,0.021,Fairway,roll,0.000,0
1297,5.3923,-97.234,7.354,-21.221,0.000,7.332,0.021,Fairway,roll,0.000,0
1298,5.3964,-97.236,7.354,-21.222,0.000,7.332,0.021,Fairway,roll,0.000,0
1299,5.4006,-97.238,7.354,-21.222,0.000,7.332,0.021,Fairway,roll,0.000,0
1300,5.4048,-97.239,7.354,-21.223,0.000,7.332,0.021,Fairway,roll,0.000,0
1301,5.4089,-97.241,7.353,-21.223,0.000,7.332,0.021,Fairway,roll,0.000,0
1302,5.4131,-97.243,7.353,-21.224,0.000,7.332,0.021,Fairway,roll,0.000,0
1303,5.4173,-97.244,7.353,-21.225,0.000,7.332,0.021,Fairway,roll,0.000,0
1304,5.4214,-97.246,7.353,-21.225,0.000,7.332,0.021,Fairway,roll,0.000,0
1305,5.4256,-97.248,7.353,-21.226,0.000,7.332,0.021,Fairway,roll,0.000,0
1306,5.4298,-97.249,7.353,-21.227,0.000,7.332,0.021,Fairway,roll,0.000,0
1307,5.4339,-97.251,7.353,-21.227,0.000,7.332,0.021,Fairway,roll,0.000,0
1308,5.4381,-97.252,7.353,-21.228,0.000,7.332,0.021,Fairway,roll,0.000,0
1309,5.4423,-97.254,7.353,-21.229,0.000,7.332,0.021,Fairway,roll,0.000,0
1310,5.4464,-97.256,7.353,-21.229,0.000,7.332,0.021,Fairway,roll,0.000,0
1311,5.4506,-97.257,7.353,-21.230,0.000,7.332,0.021,Fairway,roll,0.000,0
1312,5.4548,-97.259,7.354,-21.231,0.000,7.332,0.021,Fairway,roll,0.000,0
1313,5.4589,-97.261,7.354,-21.231,0.000,7.332,0.021,Fairway,roll,0.000,0
1314,5.4631,-97.262,7.353,-21.232,0.000,7.332,0.021,Fairway,roll,0.000,0
1315,5.4673,-97.264,7.353,-21.233,0.000,7.332,0.021,Fairway,roll,0.000,0
1316,5.4714,-97.266,7.353,-21.233,0.000,7.332,0.021,Fairway,roll,0.000,0
1317,5.4756,-97.267,7.353,-21.234,0.000,7.332,0.021,Fairway,roll,0.000,0
1318,5.4798,-97.269,7.354,-21.234,0.000,7.332,0.021,Fairway,roll,0.000,0
1319,5.4839,-97.270,7.354,-21.235,0.000,7.332,0.021,Fairway,roll,0.000,0
1320,5.4881,-97.272,7.353,-21.236,0.000,7.332,0.021,Fairway,roll,0.000,0
1321,5.4922,-97.274,7.353,-21.236,0.000,7.332,0.021,Fairway,roll,0.000,0
1322,5.4964,-97.275,7.353,-21.237,0.000,7.332,0.021,Fairway,roll,0.000,0
1323,5.5006,-97.277,7.354,-21.238,0.000,7.332,0.021,Fairway,roll,0.000,0
1324,5.5047,-97.278,7.354,-21.238,0.000,7.332,0.021,Fairway,roll,0.000,0
1325,5.5089,-97.280,7.354,-21.239,0.000,7.332,0.021,Fairway,roll,0.000,0
1326,5.5131,-97.282,7.353,-21.240,0.000,7.332,0.021,Fairway,roll,0.000,0
1327,5.5172,-97.283,7.353,-21.240,0.000,7.332,0.021,Fairway,roll,0.000,0
1328,5.5214,-97.285,7.353,-21.241,0.000,7.332,0.021,Fairway,roll,0.000,0
1329,5.5256,-97.287,7.353,-21.242,0.000,7.332,0.021,Fairway,roll,0.000,0
1330,5.5297,-97.288,7.353,-21.242,0.000,7.332,0.021,Fairway,roll,0.000,0
1331,5.5339,-97.290,7.353,-21.243,0.000,7.332,0.021,Fairway,roll,0.000,0
1332,5.5381,-97.291,7.353,-21.243,0.000,7.332,0.021,Fairway,roll,0.000,0
1333,5.5422,-97.293,7.353,-21.244,0.000,7.332,0.021,Fairway,roll,0.000,0
1334,5.5464,-97.295,7.353,-21.245,0.000,7.332,0.021,Fairway,roll,0.000,0
1335,5.5506,-97.296,7.353,-21.245,0.000,7.332,0.021,Fairway,roll,0.000,0
1336,5.5547,-97.298,7.353,-21.246,0.000,7.332,0.021,Fairway,roll,0.000,0
1337,5.5589,-97.299,7.353,-21.247,0.000,7.332,0.021,Fairway,roll,0.000,0
1338,5.5631,-97.301,7.353,-21.247,0.000,7.332,0.021,Fairway,roll,0.000,0
1339,5.5672,-97.303,7.353,-21.248,0.000,7.332,0.021,Fairway,roll,0.000,0
1340,5.5714,-97.304,7.353,-21.249,0.000,7.332,0.021,Fairway,roll,0.000,0
1341,5.5756,-97.306,7.353,-21.249,0.000,7.332,0.021,Fairway,roll,0.000,0
1342,5.5797,-97.307,7.353,-21.250,0.000,7.332,0.021,Fairway,roll,0.000,0
1343,5.5839,-97.309,7.353,-21.250,0.000,7.332,0.021,Fairway,roll,0.000,0
1344,5.5881,-97.311,7.353,-21.251,0.000,7.332,0.021,Fairway,roll,0.000,0
1345,5.5922,-97.312,7.353,-21.252,0.000,7.332,0.021,Fairway,roll,0.000,0
1346,5.5964,-97.314,7.353,-21.252,0.000,7.332,0.021,Fairway,roll,0.000,0
1347,5.6006,-97.315,7.353,-21.253,0.000,7.332,0.021,Fairway,roll,0.000,0
1348,5.6047,-97.317,7.353,-21.254,0.000,7.332,0.021,Fairway,roll,0.000,0
1349,5.6089,-97.319,7.353,-21.254,0.000,7.332,0.021,Fairway,roll,0.000,0
1350,5.6131,-97.320,7.354,-21.255,0.000,7.332,0.021,Fairway,roll,0.000,0
1351,5.6172,-97.322,7.353,-21.255,0.000,7.332,0.021,Fairway,roll,0.000,0
1352,5.6214,-97.323,7.353,-21.256,0.000,7.332,0.021,Fairway,roll,0.000,0
1353,5.6255,-97.325,7.353,-21.257,0.000,7.332,0.021,Fairway,roll,0.000,0
1354,5.6297,-97.326,7.353,-21.257,0.000,7.332,0.021,Fairway,roll,0.000,0
1355,5.6339,-97.328,7.353,-21.258,0.000,7.332,0.021,Fairway,roll,0.000,0
1356,5.6380,-97.330,7.353,-21.259,0.000,7.332,0.021,Fairway,roll,0.000,0
1357,5.6422,-97.331,7.353,-21.259,0.000,7.332,0.021,Fairway,roll,0.000,0
1358,5.6464,-97.333,7.353,-21.260,0.000,7.332,0.021,Fairway,roll,0.000,0
1359,5.6505,-97.334,7.353,-21.260,0.000,7.332,0.021,Fairway,roll,0.000,0
1360,5.6547,-97.336,7.353,-21.261,0.000,7.332,0.021,Fairway,roll,0.000,0
1361,5.6589,-97.338,7.353,-21.262,0.000,7.332,0.021,Fairway,roll,0.000,0
1362,5.6630,-97.339,7.353,-21.262,0.000,7.332,0.021,Fairway,roll,0.000,0
1363,5.6672,-97.341,7.353,-21.263,0.000,7.332,0.021,Fairway,roll,0.000,0
1364,5.6714,-97.342,7.353,-21.264,0.000,7.332,0.021,Fairway,roll,0.000,0
1365,5.6755,-97.344,7.353,-21.264,0.000,7.332,0.021,Fairway,roll,0.000,0
1366,5.6797,-97.345,7.353,-21.265,0.000,7.332,0.021,Fairway,roll,0.000,0
1367,5.6839,-97.347,7.353,-21.265,0.000,7.332,0.021,Fairway,roll,0.000,0
1368,5.6880,-97.349,7.353,-21.266,0.000,7.332,0.021,Fairway,roll,0.000,0
1369,5.6922,-97.350,7.353,-21.267,0.000,7.332,0.021,Fairway,roll,0.000,0
1370,5.6964,-97.352,7.353,-21.267,0.000,7.332,0.021,Fairway,roll,0.000,0
1371,5.7005,-97.353,7.353,-21.268,0.000,7.332,0.021,Fairway,roll,0.000,0
1372,5.7047,-97.355,7.353,-21.269,0.000,7.332,0.021,Fairway,roll,0.000,0
1373,5.7089,-97.356,7.353,-21.269,0.000,7.332,0.021,Fairway,roll,0.000,0
1374,5.7130,-97.358,7.353,-21.270,0.000,7.332,0.021,Fairway,roll,0.000,0
1375,5.7172,-97.359,7.353,-21.270,0.000,7.332,0.021,Fairway,roll,0.000,0
1376,5.7214,-97.361,7.353,-21.271,0.000,7.332,0.021,Fairway,roll,0.000,0
1377,5.7255,-97.363,7.353,-21.272,0.000,7.332,0.021,Fairway,roll,0.000,0
1378,5.7297,-97.364,7.353,-21.272,0.000,7.332,0.021,Fairway,roll,0.000,0
1379,5.7339,-97.366,7.353,-21.273,0.000,7.332,0.021,Fairway,roll,0.000,0
1380,5.7380,-97.367,7.353,-21.274,0.000,7.332,0.021,Fairway,roll,0.000,0
1381,5.7422,-97.369,7.353,-21.274,0.000,7.332,0.021,Fairway,roll,0.000,0
1382,5.7464,-97.370,7.353,-21.275,0.000,7.332,0.021,Fairway,roll,0.000,0
1383,5.7505,-97.372,7.353,-21.275,0.000,7.332,0.021,Fairway,roll,0.000,0
1384,5.7547,-97.373,7.353,-21.276,0.000,7.332,0.021,Fairway,roll,0.000,0
1385,5.7589,-97.375,7.353,-21.277,0.000,7.332,0.021,Fairway,roll,0.000,0
1386,5.7630,-97.377,7.353,-21.277,0.000,7.332,0.021,Fairway,roll,0.000,0
1387,5.7672,-97.378,7.353,-21.278,0.000,7.332,0.021,Fairway,roll,0.000,0
1388,5.7713,-97.380,7.353,-21.278,0.000,7.332,0.021,Fairway,roll,0.000,0
1389,5.7755,-97.381,7.353,-21.279,0.000,7.332,0.021,Fairway,roll,0.000,0
1390,5.7797,-97.383,7.353,-21.280,0.000,7.332,0.021,Fairway,roll,0.000,0
1391,5.7838,-97.384,7.353,-21.280,0.000,7.332,0.021,Fairway,roll,0.000,0
1392,5.7880,-97.386,7.353,-21.281,0.000,7.332,0.021,Fairway,roll,0.000,0
1393,5.7922,-97.387,7.353,-21.281,0.000,7.332,0.021,Fairway,roll,0.000,0
1394,5.7963,-97.389,7.353,-21.282,0.000,7.332,0.021,Fairway,roll,0.000,0
1395,5.8005,-97.390,7.353,-21.283,0.000,7.332,0.021,Fairway,roll,0.000,0
1396,5.8047,-97.392,7.353,-21.283,0.000,7.332,0.021,Fairway,roll,0.000,0
1397,5.8088,-97.394,7.353,-21.284,0.000,7.332,0.021,Fairway,roll,0.000,0
1398,5.8130,-97.395,7.353,-21.284,0.000,7.332,0.021,Fairway,roll,0.000,0
1399,5.8172,-97.397,7.353,-21.285,0.000,7.332,0.021,Fairway,roll,0.000,0
1400,5.8213,-97.398,7.353,-21.286,0.000,7.332,0.021,Fairway,roll,0.000,0
1401,5.8255,-97.400,7.353,-21.286,0.000,7.332,0.021,Fairway,roll,0.000,0
1402,5.8297,-97.401,7.353,-21.287,0.000,7.332,0.021,Fairway,roll,0.000,0
1403,5.8338,-97.403,7.353,-21.288,0.000,7.332,0.021,Fairway,roll,0.000,0
1404,5.8380,-97.404,7.353,-21.288,0.000,7.332,0.021,Fairway,roll,0.000,0
1405,5.8422,-97.406,7.353,-21.289,0.000,7.332,0.021,Fairway,roll,0.000,0
1406,5.8463,-97.407,7.353,-21.289,0.000,7.332,0.021,Fairway,roll,0.000,0
1407,5.8505,-97.409,7.353,-21.290,0.000,7.332,0.021,Fairway,roll,0.000,0
1408,5.8547,-97.410,7.353,-21.291,0.000,7.332,0.021,Fairway,roll,0.000,0
1409,5.8588,-97.412,7.353,-21.291,0.000,7.332,0.021,Fairway,roll,0.000,0
1410,5.8630,-97.413,7.353,-21.292,0.000,7.332,0.021,Fairway,roll,0.000,0
1411,5.8672,-97.415,7.353,-21.292,0.000,7.332,0.021,Fairway,roll,0.000,0
1412,5.8713,-97.416,7.353,-21.293,0.000,7.332,0.021,Fairway,roll,0.000,0
1413,5.8755,-97.418,7.353,-21.294,0.000,7.332,0.021,Fairway,roll,0.000,0
1414,5.8797,-97.419,7.353,-21.294,0.000,7.332,0.021,Fairway,roll,0.000,0
1415,5.8838,-97.421,7.353,-21.295,0.000,7.332,0.021,Fairway,roll,0.000,0
1416,5.8880,-97.422,7.353,-21.295,0.000,7.332,0.021,Fairway,roll,0.000,0
1417,5.8922,-97.424,7.353,-21.296,0.000,7.332,0.021,Fairway,roll,0.000,0
1418,5.8963,-97.425,7.353,-21.297,0.000,7.332,0.021,Fairway,roll,0.000,0
1419,5.9005,-97.427,7.353,-21.297,0.000,7.332,0.021,Fairway,roll,0.000,0
1420,5.9046,-97.429,7.353,-21.298,0.000,7.332,0.021,Fairway,roll,0.000,0
1421,5.9088,-97.430,7.353,-21.298,0.000,7.332,0.021,Fairway,roll,0.000,0
1422,5.9130,-97.432,7.353,-21.299,0.000,7.332,0.021,Fairway,roll,0.000,0
1423,5.9171,-97.433,7.353,-21.300,0.000,7.332,0.021,Fairway,roll,0.000,0
1424,5.9213,-97.435,7.353,-21.300,0.000,7.332,0.021,Fairway,roll,0.000,0
1425,5.9255,-97.436,7.353,-21.301,0.000,7.332,0.021,Fairway,roll,0.000,0
1426,5.9296,-97.438,7.353,-21.301,0.000,7.332,0.021,Fairway,roll,0.000,0
1427,5.9338,-97.439,7.353,-21.302,0.000,7.332,0.021,Fairway,roll,0.000,0
1428,5.9380,-97.441,7.353,-21.303,0.000,7.332,0.021,Fairway,roll,0.000,0
1429,5.9421,-97.442,7.353,-21.303,0.000,7.331,0.021,Fairway,roll,0.000,0
1430,5.9463,-97.444,7.353,-21.304,0.000,7.332,0.021,Fairway,roll,0.000,0
1431,5.9505,-97.445,7.353,-21.304,0.000,7.332,0.021,Fairway,roll,0.000,0
1432,5.9546,-97.447,7.353,-21.305,0.000,7.332,0.021,Fairway,roll,0.000,0
1433,5.9588,-97.448,7.353,-21.305,0.000,7.332,0.021,Fairway,roll,0.000,0
1434,5.9630,-97.450,7.353,-21.306,0.000,7.332,0.021,Fairway,roll,0.000,0
1435,5.9671,-97.451,7.353,-21.307,0.000,7.332,0.021,Fairway,roll,0.000,0
1436,5.9713,-97.453,7.353,-21.307,0.000,7.332,0.021,Fairway,roll,0.000,0
1437,5.9755,-97.454,7.353,-21.308,0.000,7.332,0.021,Fairway,roll,0.000,0
1438,5.9796,-97.456,7.353,-21.308,0.000,7.332,0.021,Fairway,roll,0.000,0
1439,5.9838,-97.457,7.353,-21.309,0.000,7.332,0.021,Fairway,roll,0.000,0
1440,5.9880,-97.459,7.353,-21.310,0.000,7.332,0.021,Fairway,roll,0.000,0
1441,5.9921,-97.460,7.353,-21.310,0.000,7.332,0.021,Fairway,roll,0.000,0
1442,5.9963,-97.461,7.353,-21.311,0.000,7.332,0.021,Fairway,roll,0.000,0
1443,6.0005,-97.463,7.353,-21.311,0.000,7.331,0.021,Fairway,roll,0.000,0
1444,6.0046,-97.464,7.353,-21.312,0.000,7.331,0.021,Fairway,roll,0.000,0
1445,6.0088,-97.466,7.353,-21.313,0.000,7.331,0.021,Fairway,roll,0.000,0
1446,6.0130,-97.467,7.353,-21.313,0.000,7.331,0.021,Fairway,roll,0.000,0
1447,6.0171,-97.469,7.353,-21.314,0.000,7.331,0.021,Fairway,roll,0.000,0
1448,6.0213,-97.470,7.353,-21.314,0.000,7.332,0.021,Fairway,roll,0.000,0
1449,6.0255,-97.472,7.353,-21.315,0.000,7.331,0.021,Fairway,roll,0.000,0
1450,6.0296,-97.473,7.353,-21.316,0.000,7.331,0.021,Fairway,roll,0.000,0
1451,6.0338,-97.475,7.353,-21.316,0.000,7.331,0.021,Fairway,roll,0.000,0
1452,6.0379,-97.476,7.353,-21.317,0.000,7.331,0.021,Fairway,roll,0.000,0
1453,6.0421,-97.478,7.353,-21.317,0.000,7.331,0.021,Fairway,roll,0.000,0
1454,6.0463,-97.479,7.353,-21.318,0.000,7.332,0.021,Fairway,roll,0.000,0
1455,6.0504,-97.481,7.353,-21.318,0.000,7.332,0.021,Fairway,roll,0.000,0
1456,6.0546,-97.482,7.353,-21.319,0.000,7.331,0.021,Fairway,roll,0.000,0
1457,6.0588,-97.484,7.353,-21.320,0.000,7.331,0.021,Fairway,roll,0.000,0
1458,6.0629,-97.485,7.353,-21.320,0.000,7.331,0.021,Fairway,roll,0.000,0
1459,6.0671,-97.487,7.353,-21.321,0.000,7.331,0.021,Fairway,roll,0.000,0
1460,6.0713,-97.488,7.353,-21.321,0.000,7.331,0.021,Fairway,roll,0.000,0
1461,6.0754,-97.489,7.353,-21.322,0.000,7.331,0.021,Fairway,roll,0.000,0
1462,6.0796,-97.491,7.353,-21.323,0.000,7.331,0.021,Fairway,roll,0.000,0
1463,6.0838,-97.492,7.352,-21.323,0.000,7.331,0.021,Fairway,roll,0.000,0
1464,6.0879,-97.494,7.352,-21.324,0.000,7.331,0.021,Fairway,roll,0.000,0
1465,6.0921,-97.495,7.352,-21.324,0.000,7.331,0.021,Fairway,roll,0.000,0
1466,6.0963,-97.497,7.353,-21.325,0.000,7.331,0.021,Fairway,roll,0.000,0
1467,6.1004,-97.498,7.353,-21.325,0.000,7.331,0.021,Fairway,roll,0.000,0
1468,6.1046,-97.500,7.353,-21.326,0.000,7.331,0.021,Fairway,roll,0.000,0
1469,6.1088,-97.501,7.353,-21.327,0.000,7.331,0.021,Fairway,roll,0.000,0
1470,6.1129,-97.503,7.352,-21.327,0.000,7.331,0.021,Fairway,roll,0.000,0
1471,6.1171,-97.504,7.352,-21.328,0.000,7.331,0.021,Fairway,roll,0.000,0
1472,6.1213,-97.506,7.353,-21.328,0.000,7.331,0.021,Fairway,roll,0.000,0
1473,6.1254,-97.507,7.353,-21.329,0.000,7.331,0.021,Fairway,roll,0.000,0
1474,6.1296,-97.508,7.353,-21.329,0.000,7.331,0.021,Fairway,roll,0.000,0
1475,6.1338,-97.510,7.353,-21.330,0.000,7.331,0.021,Fairway,roll,0.000,0
1476,6.1379,-97.511,7.353,-21.331,0.000,7.331,0.021,Fairway,roll,0.000,0
1477,6.1421,-97.513,7.352,-21.331,0.000,7.331,0.021,Fairway,roll,0.000,0
1478,6.1463,-97.514,7.352,-21.332,0.000,7.331,0.021,Fairway,roll,0.000,0
1479,6.1504,-97.516,7.352,-21.332,0.000,7.331,0.021,Fairway,roll,0.000,0
1480,6.1546,-97.517,7.352,-21.333,0.000,7.331,0.021,Fairway,roll,0.000,0
1481,6.1588,-97.519,7.352,-21.334,0.000,7.331,0.021,Fairway,roll,0.000,0
1482,6.1629,-97.520,7.352,-21.334,0.000,7.331,0.021,Fairway,roll,0.000,0
1483,6.1671,-97.521,7.352,-21.335,0.000,7.331,0.021,Fairway,roll,0.000,0
1484,6.1712,-97.523,7.352,-21.335,0.000,7.331,0.021,Fairway,roll,0.000,0
1485,6.1754,-97.524,7.352,-21.336,0.000,7.331,0.021,Fairway,roll,0.000,0
1486,6.1796,-97.526,7.352,-21.336,0.000,7.331,0.021,Fairway,roll,0.000,0
1487,6.1837,-97.527,7.352,-21.337,0.000,7.331,0.021,Fairway,roll,0.000,0
1488,6.1879,-97.529,7.352,-21.338,0.000,7.331,0.021,Fairway,roll,0.000,0
1489,6.1921,-97.530,7.352,-21.338,0.000,7.331,0.021,Fairway,roll,0.000,0
1490,6.1962,-97.532,7.353,-21.339,0.000,7.331,0.021,Fairway,roll,0.000,0
1491,6.2004,-97.533,7.352,-21.339,0.000,7.331,0.021,Fairway,roll,0.000,0
1492,6.2046,-97.534,7.352,-21.340,0.000,7.331,0.021,Fairway,roll,0.000,0
1493,6.2087,-97.536,7.352,-21.340,0.000,7.331,0.021,Fairway,roll,0.000,0
1494,6.2129,-97.537,7.352,-21.341,0.000,7.331,0.021,Fairway,roll,0.000,0
1495,6.2171,-97.539,7.352,-21.342,0.000,7.331,0.021,Fairway,roll,0.000,0
1496,6.2212,-97.540,7.352,-21.342,0.000,7.331,0.021,Fairway,roll,0.000,0
1497,6.2254,-97.542,7.352,-21.343,0.000,7.331,0.021,Fairway,roll,0.000,0
1498,6.2296,-97.543,7.352,-21.343,0.000,7.331,0.021,Fairway,roll,0.000,0
1499,6.2337,-97.544,7.352,-21.344,0.000,7.331,0.021,Fairway,roll,0.000,0
1500,6.2379,-97.546,7.352,-21.344,0.000,7.331,0.021,Fairway,roll,0.000,0
1501,6.2421,-97.547,7.352,-21.345,0.000,7.331,0.021,Fairway,roll,0.000,0
1502,6.2462,-97.549,7.352,-21.346,0.000,7.331,0.021,Fairway,roll,0.000,0
1503,6.2504,-97.550,7.352,-21.346,0.000,7.331,0.021,Fairway,roll,0.000,0
1504,6.2546,-97.552,7.352,-21.347,0.000,7.331,0.021,Fairway,roll,0.000,0
1505,6.2587,-97.553,7.352,-21.347,0.000,7.331,0.021,Fairway,roll,0.000,0
1506,6.2629,-97.554,7.352,-21.348,0.000,7.331,0.021,Fairway,roll,0.000,0
1507,6.2671,-97.556,7.352,-21.348,0.000,7.331,0.021,Fairway,roll,0.000,0
1508,6.2712,-97.557,7.352,-21.349,0.000,7.331,0.021,Fairway,roll,0.000,0
1509,6.2754,-97.559,7.352,-21.349,0.000,7.331,0.021,Fairway,roll,0.000,0
1510,6.2796,-97.560,7.352,-21.350,0.000,7.331,0.021,Fairway,roll,0.000,0
1511,6.2837,-97.561,7.352,-21.351,0.000,7.331,0.021,Fairway,roll,0.000,0
1512,6.2879,-97.563,7.352,-21.351,0.000,7.331,0.021,Fairway,roll,0.000,0
1513,6.2921,-97.564,7.352,-21.352,0.000,7.331,0.021,Fairway,roll,0.000,0
1514,6.2962,-97.566,7.352,-21.352,0.000,7.331,0.021,Fairway,roll,0.000,0
1515,6.3004,-97.567,7.352,-21.353,0.000,7.331,0.021,Fairway,roll,0.000,0
1516,6.3046,-97.568,7.352,-21.353,0.000,7.331,0.021,Fairway,roll,0.000,0
1517,6.3087,-97.570,7.352,-21.354,0.000,7.331,0.021,Fairway,roll,0.000,0
1518,6.3129,-97.571,7.352,-21.355,0.000,7.331,0.021,Fairway,roll,0.000,0
1519,6.3170,-97.573,7.352,-21.355,0.000,7.331,0.021,Fairway,roll,0.000,0
1520,6.3212,-97.574,7.352,-21.356,0.000,7.331,0.021,Fairway,roll,0.000,0
1521,6.3254,-97.576,7.352,-21.356,0.000,7.331,0.021,Fairway,roll,0.000,0
1522,6.3295,-97.577,7.352,-21.357,0.000,7.331,0.021,Fairway,roll,0.000,0
1523,6.3337,-97.578,7.352,-21.357,0.000,7.331,0.021,Fairway,roll,0.000,0
1524,6.3379,-97.580,7.352,-21.358,0.000,7.331,0.021,Fairway,roll,0.000,0
1525,6.3420,-97.581,7.352,-21.358,0.000,7.331,0.021,Fairway,roll,0.000,0
1526,6.3462,-97.583,7.352,-21.359,0.000,7.330,0.021,Fairway,roll,0.000,0
1527,6.3504,-97.584,7.352,-21.360,0.000,7.331,0.021,Fairway,roll,0.000,0
1528,6.3545,-97.585,7.352,-21.360,0.000,7.331,0.021,Fairway,roll,0.000,0
1529,6.3587,-97.587,7.352,-21.361,0.000,7.331,0.021,Fairway,roll,0.000,0
1530,6.3629,-97.588,7.352,-21.361,0.000,7.331,0.021,Fairway,roll,0.000,0
1531,6.3670,-97.589,7.352,-21.362,0.000,7.331,0.021,Fairway,roll,0.000,0
1532,6.3712,-97.591,7.352,-21.362,0.000,7.331,0.021,Fairway,roll,0.000,0
1533,6.3754,-97.592,7.352,-21.363,0.000,7.330,0.021,Fairway,roll,0.000,0
1534,6.3795,-97.594,7.352,-21.363,0.000,7.331,0.021,Fairway,roll,0.000,0
1535,6.3837,-97.595,7.352,-21.364,0.000,7.331,0.021,Fairway,roll,0.000,0
1536,6.3879,-97.596,7.352,-21.365,0.000,7.331,0.021,Fairway,roll,0.000,0
1537,6.3920,-97.598,7.352,-21.365,0.000,7.331,0.021,Fairway,roll,0.000,0
1538,6.3962,-97.599,7.352,-21.366,0.000,7.331,0.021,Fairway,roll,0.000,0
1539,6.4004,-97.601,7.352,-21.366,0.000,7.331,0.021,Fairway,roll,0.000,0
1540,6.4045,-97.602,7.352,-21.367,0.000,7.331,0.021,Fairway,roll,0.000,0
1541,6.4087,-97.603,7.352,-21.367,0.000,7.330,0.021,Fairway,roll,0.000,0
1542,6.4129,-97.605,7.352,-21.368,0.000,7.330,0.021,Fairway,roll,0.000,0
1543,6.4170,-97.606,7.352,-21.368,0.000,7.330,0.021,Fairway,roll,0.000,0
1544,6.4212,-97.608,7.352,-21.369,0.000,7.330,0.021,Fairway,roll,0.000,0
1545,6.4254,-97.609,7.352,-21.370,0.000,7.330,0.021,Fairway,roll,0.000,0
1546,6.4295,-97.610,7.352,-21.370,0.000,7.331,0.021,Fairway,roll,0.000,0
1547,6.4337,-97.612,7.352,-21.371,0.000,7.331,0.021,Fairway,roll,0.000,0
1548,6.4379,-97.613,7.352,-21.371,0.000,7.330,0.021,Fairway,roll,0.000,0
1549,6.4420,-97.614,7.352,-21.372,0.000,7.330,0.021,Fairway,roll,0.000,0
1550,6.4462,-97.616,7.352,-21.372,0.000,7.330,0.021,Fairway,roll,0.000,0
1551,6.4503,-97.617,7.352,-21.373,0.000,7.330,0.021,Fairway,roll,0.000,0
1552,6.4545,-97.619,7.352,-21.373,0.000,7.330,0.021,Fairway,roll,0.000,0
1553,6.4587,-97.620,7.352,-21.374,0.000,7.331,0.021,Fairway,roll,0.000,0
1554,6.4628,-97.621,7.352,-21.374,0.000,7.331,0.021,Fairway,roll,0.000,0
1555,6.4670,-97.623,7.352,-21.375,0.000,7.330,0.021,Fairway,roll,0.000,0
1556,6.4712,-97.624,7.352,-21.376,0.000,7.330,0.021,Fairway,roll,0.000,0
1557,6.4753,-97.625,7.352,-21.376,0.000,7.330,0.021,Fairway,roll,0.000,0
1558,6.4795,-97.627,7.352,-21.377,0.000,7.330,0.021,Fairway,roll,0.000,0
1559,6.4837,-97.628,7.352,-21.377,0.000,7.330,0.021,Fairway,roll,0.000,0
1560,6.4878,-97.629,7.352,-21.378,0.000,7.330,0.021,Fairway,roll,0.000,0
1561,6.4920,-97.631,7.352,-21.378,0.000,7.330,0.021,Fairway,roll,0.000,0
1562,6.4962,-97.632,7.351,-21.379,0.000,7.330,0.021,Fairway,roll,0.000,0
1563,6.5003,-97.634,7.351,-21.379,0.000,7.330,0.021,Fairway,roll,0.000,0
1564,6.5045,-97.635,7.351,-21.380,0.000,7.330,0.021,Fairway,roll,0.000,0
1565,6.5087,-97.636,7.351,-21.381,0.000,7.330,0.021,Fairway,roll,0.000,0
1566,6.5128,-97.638,7.352,-21.381,0.000,7.330,0.021,Fairway,roll,0.000,0
1567,6.5170,-97.639,7.352,-21.382,0.000,7.330,0.021,Fairway,roll,0.000,0
1568,6.5212,-97.640,7.352,-21.382,0.000,7.330,0.021,Fairway,roll,0.000,0
1569,6.5253,-97.642,7.352,-21.383,0.000,7.330,0.021,Fairway,roll,0.000,0
1570,6.5295,-97.643,7.351,-21.383,0.000,7.330,0.021,Fairway,roll,0.000,0
1571,6.5337,-97.644,7.351,-21.384,0.000,7.330,0.021,Fairway,roll,0.000,0
1572,6.5378,-97.646,7.352,-21.384,0.000,7.330,0.021,Fairway,roll,0.000,0
1573,6.5420,-97.647,7.352,-21.385,0.000,7.330,0.021,Fairway,roll,0.000,0
1574,6.5462,-97.648,7.352,-21.385,0.000,7.330,0.021,Fairway,roll,0.000,0
1575,6.5503,-97.650,7.352,-21.386,0.000,7.330,0.021,Fairway,roll,0.000,0
1576,6.5545,-97.651,7.352,-21.386,0.000,7.330,0.021,Fairway,roll,0.000,0
1577,6.5587,-97.653,7.351,-21.387,0.000,7.330,0.021,Fairway,roll,0.000,0
1578,6.5628,-97.654,7.351,-21.388,0.000,7.330,0.021,Fairway,roll,0.000,0
1579,6.5670,-97.655,7.351,-21.388,0.000,7.330,0.021,Fairway,roll,0.000,0
1580,6.5712,-97.657,7.351,-21.389,0.000,7.330,0.021,Fairway,roll,0.000,0
1581,6.5753,-97.658,7.351,-21.389,0.000,7.330,0.021,Fairway,roll,0.000,0
1582,6.5795,-97.659,7.351,-21.390,0.000,7.330,0.021,Fairway,roll,0.000,0
1583,6.5836,-97.661,7.351,-21.390,0.000,7.330,0.021,Fairway,roll,0.000,0
1584,6.5878,-97.662,7.351,-21.391,0.000,7.330,0.021,Fairway,roll,0.000,0
1585,6.5920,-97.663,7.351,-21.391,0.000,7.330,0.021,Fairway,roll,0.000,0
1586,6.5961,-97.665,7.351,-21.392,0.000,7.330,0.021,Fairway,roll,0.000,0
1587,6.6003,-97.666,7.351,-21.392,0.000,7.330,0.021,Fairway,roll,0.000,0
1588,6.6045,-97.667,7.351,-21.393,0.000,7.330,0.021,Fairway,roll,0.000,0
1589,6.6086,-97.669,7.351,-21.393,0.000,7.330,0.021,Fairway,roll,0.000,0
1590,6.6128,-97.670,7.351,-21.394,0.000,7.330,0.021,Fairway,roll,0.000,0
1591,6.6170,-97.671,7.351,-21.394,0.000,7.330,0.021,Fairway,roll,0.000,0
1592,6.6211,-97.673,7.351,-21.395,0.000,7.330,0.021,Fairway,roll,0.000,0
1593,6.6253,-97.674,7.351,-21.396,0.000,7.330,0.021,Fairway,roll,0.000,0
1594,6.6295,-97.675,7.351,-21.396,0.000,7.330,0.021,Fairway,roll,0.000,0
1595,6.6336,-97.677,7.351,-21.397,0.000,7.330,0.021,Fairway,roll,0.000,0
1596,6.6378,-97.678,7.351,-21.397,0.000,7.330,0.021,Fairway,roll,0.000,0
1597,6.6420,-97.679,7.351,-21.398,0.000,7.330,0.021,Fairway,roll,0.000,0
1598,6.6461,-97.681,7.351,-21.398,0.000,7.330,0.021,Fairway,roll,0.000,0
1599,6.6503,-97.682,7.351,-21.399,0.000,7.330,0.021,Fairway,roll,0.000,0
1600,6.6545,-97.683,7.351,-21.399,0.000,7.330,0.021,Fairway,roll,0.000,0
1601,6.6586,-97.685,7.351,-21.400,0.000,7.330,0.021,Fairway,roll,0.000,0
1602,6.6628,-97.686,7.351,-21.400,0.000,7.330,0.021,Fairway,roll,0.000,0
1603,6.6670,-97.687,7.351,-21.401,0.000,7.330,0.021,Fairway,roll,0.000,0
1604,6.6711,-97.689,7.351,-21.401,0.000,7.330,0.021,Fairway,roll,0.000,0
1605,6.6753,-97.690,7.351,-21.402,0.000,7.330,0.021,Fairway,roll,0.000,0
1606,6.6795,-97.691,7.351,-21.402,0.000,7.330,0.021,Fairway,roll,0.000,0
1607,6.6836,-97.692,7.351,-21.403,0.000,7.330,0.021,Fairway,roll,0.000,0
1608,6.6878,-97.694,7.351,-21.404,0.000,7.330,0.021,Fairway,roll,0.000,0
1609,6.6920,-97.695,7.351,-21.404,0.000,7.330,0.021,Fairway,roll,0.000,0
1610,6.6961,-97.696,7.351,-21.405,0.000,7.330,0.021,Fairway,roll,0.000,0
1611,6.7003,-97.698,7.351,-21.405,0.000,7.330,0.021,Fairway,roll,0.000,0
1612,6.7045,-97.699,7.351,-21.406,0.000,7.330,0.021,Fairway,roll,0.000,0
1613,6.7086,-97.700,7.351,-21.406,0.000,7.330,0.021,Fairway,roll,0.000,0
1614,6.7128,-97.702,7.351,-21.407,0.000,7.330,0.021,Fairway,roll,0.000,0
1615,6.7169,-97.703,7.351,-21.407,0.000,7.330,0.021,Fairway,roll,0.000,0
1616,6.7211,-97.704,7.351,-21.408,0.000,7.330,0.021,Fairway,roll,0.000,0
1617,6.7253,-97.706,7.351,-21.408,0.000,7.330,0.021,Fairway,roll,0.000,0
1618,6.7294,-97.707,7.351,-21.409,0.000,7.330,0.021,Fairway,roll,0.000,0
1619,6.7336,-97.708,7.351,-21.409,0.000,7.330,0.021,Fairway,roll,0.000,0
1620,6.7378,-97.710,7.351,-21.410,0.000,7.330,0.021,Fairway,roll,0.000,0
1621,6.7419,-97.711,7.351,-21.410,0.000,7.330,0.021,Fairway,roll,0.000,0
1622,6.7461,-97.712,7.351,-21.411,0.000,7.330,0.021,Fairway,roll,0.000,0
1623,6.7503,-97.713,7.351,-21.411,0.000,7.330,0.021,Fairway,roll,0.000,0
1624,6.7544,-97.715,7.351,-21.412,0.000,7.330,0.021,Fairway,roll,0.000,0
1625,6.7586,-97.716,7.351,-21.412,0.000,7.330,0.021,Fairway,roll,0.000,0
1626,6.7628,-97.717,7.351,-21.413,0.000,7.330,0.021,Fairway,roll,0.000,0
1627,6.7669,-97.719,7.351,-21.413,0.000,7.330,0.021,Fairway,roll,0.000,0
1628,6.7711,-97.720,7.351,-21.414,0.000,7.330,0.021,Fairway,roll,0.000,0
1629,6.7753,-97.721,7.351,-21.414,0.000,7.330,0.021,Fairway,roll,0.000,0
1630,6.7794,-97.723,7.351,-21.415,0.000,7.329,0.021,Fairway,roll,0.000,0
1631,6.7836,-97.724,7.351,-21.415,0.000,7.329,0.021,Fairway,roll,0.000,0
1632,6.7878,-97.725,7.351,-21.416,0.000,7.330,0.021,Fairway,roll,0.000,0
1633,6.7919,-97.726,7.351,-21.416,0.000,7.330,0.021,Fairway,roll,0.000,0
1634,6.7961,-97.728,7.351,-21.417,0.000,7.330,0.021,Fairway,roll,0.000,0
1635,6.8003,-97.729,7.351,-21.418,0.000,7.330,0.021,Fairway,roll,0.000,0
1636,6.8044,-97.730,7.351,-21.418,0.000,7.330,0.021,Fairway,roll,0.000,0
1637,6.8086,-97.732,7.351,-21.419,0.000,7.330,0.021,Fairway,roll,0.000,0
1638,6.8128,-97.733,7.351,-21.419,0.000,7.329,0.021,Fairway,roll,0.000,0
1639,6.8169,-97.734,7.351,-21.420,0.000,7.330,0.021,Fairway,roll,0.000,0
1640,6.8211,-97.735,7.351,-21.420,0.000,7.330,0.021,Fairway,roll,0.000,0
1641,6.8253,-97.737,7.351,-21.421,0.000,7.330,0.021,Fairway,roll,0.000,0
1642,6.8294,-97.738,7.351,-21.421,0.000,7.330,0.021,Fairway,roll,0.000,0
1643,6.8336,-97.739,7.351,-21.422,0.000,7.330,0.021,Fairway,roll,0.000,0
1644,6.8378,-97.741,7.351,-21.422,0.000,7.330,0.021,Fairway,roll,0.000,0
1645,6.8419,-97.742,7.351,-21.423,0.000,7.329,0.021,Fairway,roll,0.000,0
1646,6.8461,-97.743,7.351,-21.423,0.000,7.329,0.021,Fairway,roll,0.000,0
1647,6.8503,-97.744,7.351,-21.424,0.000,7.329,0.021,Fairway,roll,0.000,0
1648,6.8544,-97.746,7.351,-21.424,0.000,7.329,0.021,Fairway,roll,0.000,0
1649,6.8586,-97.747,7.351,-21.425,0.000,7.329,0.021,Fairway,roll,0.000,0
1650,6.8627,-97.748,7.351,-21.425,0.000,7.329,0.021,Fairway,roll,0.000,0
1651,6.8669,-97.750,7.351,-21.426,0.000,7.329,0.021,Fairway,roll,0.000,0
1652,6.8711,-97.751,7.351,-21.426,0.000,7.330,0.021,Fairway,roll,0.000,0
1653,6.8752,-97.752,7.351,-21.427,0.000,7.329,0.021,Fairway,roll,0.000,0
1654,6.8794,-97.753,7.351,-21.427,0.000,7.329,0.021,Fairway,roll,0.000,0
1655,6.8836,-97.755,7.351,-21.428,0.000,7.329,0.021,Fairway,roll,0.000,0
1656,6.8877,-97.756,7.351,-21.428,0.000,7.329,0.021,Fairway,roll,0.000,0
1657,6.8919,-97.757,7.351,-21.429,0.000,7.329,0.021,Fairway,roll,0.000,0
1658,6.8961,-97.758,7.351,-21.429,0.000,7.329,0.021,Fairway,roll,0.000,0
1659,6.9002,-97.760,7.351,-21.430,0.000,7.330,0.021,Fairway,roll,0.000,0
1660,6.9044,-97.761,7.351,-21.430,0.000,7.330,0.021,Fairway,roll,0.000,0
1661,6.9086,-97.762,7.351,-21.431,0.000,7.329,0.021,Fairway,roll,0.000,0
1662,6.9127,-97.764,7.351,-21.431,0.000,7.329,0.021,Fairway,roll,0.000,0
1663,6.9169,-97.765,7.351,-21.432,0.000,7.329,0.021,Fairway,roll,0.000,0
1664,6.9211,-97.766,7.351,-21.432,0.000,7.329,0.021,Fairway,roll,0.000,0
1665,6.9252,-97.767,7.351,-21.433,0.000,7.329,0.021,Fairway,roll,0.000,0
1666,6.9294,-97.769,7.351,-21.433,0.000,7.330,0.021,Fairway,roll,0.000,0
1667,6.9336,-97.770,7.351,-21.434,0.000,7.330,0.021,Fairway,roll,0.000,0
1668,6.9377,-97.771,7.351,-21.434,0.000,7.330,0.021,Fairway,roll,0.000,0
1669,6.9419,-97.772,7.351,-21.435,0.000,7.329,0.021,Fairway,roll,0.000,0
1670,6.9461,-97.774,7.351,-21.435,0.000,7.329,0.021,Fairway,roll,0.000,0
1671,6.9502,-97.775,7.351,-21.436,0.000,7.329,0.021,Fairway,roll,0.000,0
1672,6.9544,-97.776,7.351,-21.436,0.000,7.329,0.021,Fairway,roll,0.000,0
1673,6.9586,-97.777,7.351,-21.437,0.000,7.330,0.021,Fairway,roll,0.000,0
1674,6.9627,-97.779,7.351,-21.437,0.000,7.330,0.021,Fairway,roll,0.000,0
1675,6.9669,-97.780,7.351,-21.438,0.000,7.330,0.021,Fairway,roll,0.000,0
1676,6.9711,-97.781,7.351,-21.438,0.000,7.330,0.021,Fairway,roll,0.000,0
1677,6.9752,-97.782,7.351,-21.439,0.000,7.329,0.021,Fairway,roll,0.000,0
1678,6.9794,-97.784,7.351,-21.439,0.000,7.329,0.021,Fairway,roll,0.000,0
1679,6.9836,-97.785,7.351,-21.440,0.000,7.329,0.021,Fairway,roll,0.000,0
1680,6.9877,-97.786,7.351,-21.440,0.000,7.329,0.021,Fairway,roll,0.000,0
1681,6.9919,-97.787,7.351,-21.441,0.000,7.329,0.021,Fairway,roll,0.000,0
1682,6.9960,-97.789,7.351,-21.441,0.000,7.329,0.021,Fairway,roll,0.000,0
1683,7.0002,-97.790,7.351,-21.442,0.000,7.329,0.021,Fairway,roll,0.000,0
1684,7.0044,-97.791,7.351,-21.442,0.000,7.329,0.021,Fairway,roll,0.000,0
1685,7.0085,-97.792,7.351,-21.443,0.000,7.329,0.021,Fairway,roll,0.000,0
1686,7.0127,-97.794,7.351,-21.443,0.000,7.329,0.021,Fairway,roll,0.000,0
1687,7.0169,-97.795,7.351,-21.444,0.000,7.329,0.021,Fairway,roll,0.000,0
1688,7.0210,-97.796,7.351,-21.444,0.000,7.329,0.021,Fairway,roll,0.000,0
1689,7.0252,-97.797,7.351,-21.445,0.000,7.329,0.021,Fairway,roll,0.000,0
1690,7.0294,-97.799,7.351,-21.445,0.000,7.329,0.021,Fairway,roll,0.000,0
1691,7.0335,-97.800,7.351,-21.446,0.000,7.329,0.021,Fairway,roll,0.000,0
1692,7.0377,-97.801,7.351,-21.446,0.000,7.329,0.021,Fairway,roll,0.000,0
1693,7.0419,-97.802,7.351,-21.447,0.000,7.329,0.021,Fairway,roll,0.000,0
1694,7.0460,-97.804,7.351,-21.447,0.000,7.329,0.021,Fairway,roll,0.000,0
1695,7.0502,-97.805,7.351,-21.448,0.000,7.329,0.021,Fairway,roll,0.000,0
1696,7.0544,-97.806,7.351,-21.448,0.000,7.329,0.021,Fairway,roll,0.000,0
1697,7.0585,-97.807,7.351,-21.449,0.000,7.329,0.021,Fairway,roll,0.000,0
1698,7.0627,-97.809,7.351,-21.449,0.000,7.329,0.021,Fairway,roll,0.000,0
1699,7.0669,-97.810,7.351,-21.450,0.000,7.329,0.021,Fairway,roll,0.000,0
1700,7.0710,-97.811,7.350,-21.450,0.000,7.329,0.021,Fairway,roll,0.000,0
1701,7.0752,-97.812,7.350,-21.451,0.000,7.329,0.021,Fairway,roll,0.000,0
1702,7.0794,-97.813,7.351,-21.451,0.000,7.329,0.021,Fairway,roll,0.000,0
1703,7.0835,-97.815,7.351,-21.452,0.000,7.329,0.021,Fairway,roll,0.000,0
1704,7.0877,-97.816,7.351,-21.452,0.000,7.329,0.021,Fairway,roll,0.000,0
1705,7.0919,-97.817,7.351,-21.453,0.000,7.329,0.021,Fairway,roll,0.000,0
1706,7.0960,-97.818,7.351,-21.453,0.000,7.329,0.021,Fairway,roll,0.000,0
1707,7.1002,-97.820,7.351,-21.454,0.000,7.329,0.021,Fairway,roll,0.000,0
1708,7.1044,-97.821,7.351,-21.454,0.000,7.329,0.021,Fairway,roll,0.000,0
1709,7.1085,-97.822,7.351,-21.455,0.000,7.329,0.021,Fairway,roll,0.000,0
1710,7.1127,-97.823,7.351,-21.455,0.000,7.329,0.021,Fairway,roll,0.000,0
1711,7.1169,-97.825,7.351,-21.456,0.000,7.329,0.021,Fairway,roll,0.000,0
1712,7.1210,-97.826,7.351,-21.456,0.000,7.329,0.021,Fairway,roll,0.000,0
1713,7.1252,-97.827,7.351,-21.457,0.000,7.329,0.021,Fairway,roll,0.000,0
1714,7.1293,-97.828,7.351,-21.457,0.000,7.329,0.021,Fairway,roll,0.000,0
1715,7.1335,-97.829,7.351,-21.458,0.000,7.329,0.021,Fairway,roll,0.000,0
1716,7.1377,-97.831,7.351,-21.458,0.000,7.329,0.021,Fairway,roll,0.000,0
1717,7.1418,-97.832,7.351,-21.459,0.000,7.329,0.021,Fairway,roll,0.000,0
1718,7.1460,-97.833,7.351,-21.459,0.000,7.329,0.021,Fairway,roll,0.000,0
1719,7.1502,-97.834,7.351,-21.460,0.000,7.329,0.021,Fairway,roll,0.000,0
1720,7.1543,-97.836,7.351,-21.460,0.000,7.329,0.021,Fairway,roll,0.000,0
1721,7.1585,-97.837,7.351,-21.461,0.000,7.329,0.021,Fairway,roll,0.000,0
1722,7.1627,-97.838,7.351,-21.461,0.000,7.329,0.021,Fairway,roll,0.000,0
1723,7.1668,-97.839,7.351,-21.462,0.000,7.329,0.021,Fairway,roll,0.000,0
1724,7.1710,-97.840,7.351,-21.462,0.000,7.329,0.021,Fairway,roll,0.000,0
1725,7.1752,-97.842,7.351,-21.463,0.000,7.329,0.021,Fairway,roll,0.000,0
1726,7.1793,-97.843,7.351,-21.463,0.000,7.329,0.021,Fairway,roll,0.000,0
1727,7.1835,-97.844,7.351,-21.464,0.000,7.329,0.021,Fairway,roll,0.000,0
1728,7.1877,-97.845,7.351,-21.464,0.000,7.329,0.021,Fairway,roll,0.000,0
1729,7.1918,-97.846,7.351,-21.465,0.000,7.329,0.021,Fairway,roll,0.000,0
1730,7.1960,-97.848,7.351,-21.465,0.000,7.329,0.021,Fairway,roll,0.000,0
1731,7.2002,-97.849,7.351,-21.466,0.000,7.329,0.021,Fairway,roll,0.000,0
1732,7.2043,-97.850,7.351,-21.466,0.000,7.329,0.021,Fairway,roll,0.000,0
1733,7.2085,-97.851,7.350,-21.467,0.000,7.329,0.021,Fairway,roll,0.000,0
1734,7.2127,-97.852,7.350,-21.467,0.000,7.329,0.021,Fairway,roll,0.000,0
1735,7.2168,-97.854,7.350,-21.468,0.000,7.329,0.021,Fairway,roll,0.000,0
1736,7.2210,-97.855,7.350,-21.468,0.000,7.329,0.021,Fairway,roll,0.000,0
1737,7.2252,-97.856,7.350,-21.469,0.000,7.329,0.021,Fairway,roll,0.000,0
1738,7.2293,-97.857,7.351,-21.469,0.000,7.329,0.021,Fairway,roll,0.000,0
1739,7.2335,-97.858,7.351,-21.470,0.000,7.329,0.021,Fairway,roll,0.000,0
1740,7.2377,-97.860,7.351,-21.470,0.000,7.329,0.021,Fairway,roll,0.000,0
1741,7.2418,-97.861,7.350,-21.471,0.000,7.329,0.021,Fairway,roll,0.000,0
1742,7.2460,-97.862,7.350,-21.471,0.000,7.329,0.021,Fairway,roll,0.000,0
1743,7.2502,-97.863,7.350,-21.471,0.000,7.329,0.021,Fairway,roll,0.000,0
1744,7.2543,-97.864,7.350,-21.472,0.000,7.329,0.021,Fairway,roll,0.000,0
1745,7.2585,-97.866,7.351,-21.472,0.000,7.329,0.021,Fairway,roll,0.000,0
1746,7.2627,-97.867,7.351,-21.473,0.000,7.329,0.021,Fairway,roll,0.000,0
1747,7.2668,-97.868,7.351,-21.473,0.000,7.329,0.021,Fairway,roll,0.000,0
1748,7.2710,-97.869,7.351,-21.474,0.000,7.329,0.021,Fairway,roll,0.000,0
1749,7.2751,-97.870,7.351,-21.474,0.000,7.329,0.021,Fairway,roll,0.000,0
1750,7.2793,-97.872,7.350,-21.475,0.000,7.329,0.021,Fairway,roll,0.000,0
1751,7.2835,-97.873,7.350,-21.475,0.000,7.329,0.021,Fairway,roll,0.000,0
1752,7.2876,-97.874,7.351,-21.476,0.000,7.329,0.021,Fairway,roll,0.000,0
1753,7.2918,-97.875,7.351,-21.476,0.000,7.329,0.021,Fairway,roll,0.000,0
1754,7.2960,-97.876,7.351,-21.477,0.000,7.329,0.021,Fairway,roll,0.000,0
1755,7.3001,-97.878,7.351,-21.477,0.000,7.329,0.021,Fairway,roll,0.000,0
1756,7.3043,-97.879,7.351,-21.478,0.000,7.329,0.021,Fairway,roll,0.000,0
1757,7.3085,-97.880,7.351,-21.478,0.000,7.329,0.021,Fairway,roll,0.000,0
1758,7.3126,-97.881,7.350,-21.479,0.000,7.329,0.021,Fairway,roll,0.000,0
1759,7.3168,-97.882,7.350,-21.479,0.000,7.329,0.021,Fairway,roll,0.000,0
1760,7.3210,-97.883,7.351,-21.480,0.000,7.329,0.021,Fairway,roll,0.000,0
1761,7.3251,-97.885,7.351,-21.480,0.000,7.329,0.021,Fairway,roll,0.000,0
1762,7.3293,-97.886,7.351,-21.481,0.000,7.329,0.021,Fairway,roll,0.000,0
1763,7.3335,-97.887,7.351,-21.481,0.000,7.329,0.021,Fairway,roll,0.000,0
1764,7.3376,-97.888,7.351,-21.481,0.000,7.329,0.021,Fairway,roll,0.000,0
1765,7.3418,-97.889,7.351,-21.482,0.000,7.329,0.021,Fairway,roll,0.000,0
1766,7.3460,-97.890,7.350,-21.482,0.000,7.329,0.021,Fairway,roll,0.000,0
1767,7.3501,-97.892,7.350,-21.483,0.000,7.329,0.021,Fairway,roll,0.000,0
1768,7.3543,-97.893,7.350,-21.483,0.000,7.329,0.021,Fairway,roll,0.000,0
1769,7.3585,-97.894,7.350,-21.484,0.000,7.329,0.021,Fairway,roll,0.000,0
1770,7.3626,-97.895,7.350,-21.484,0.000,7.329,0.021,Fairway,roll,0.000,0
1771,7.3668,-97.896,7.350,-21.485,0.000,7.329,0.021,Fairway,roll,0.000,0
1772,7.3710,-97.898,7.350,-21.485,0.000,7.329,0.021,Fairway,roll,0.000,0
1773,7.3751,-97.899,7.350,-21.486,0.000,7.329,0.021,Fairway,roll,0.000,0
1774,7.3793,-97.900,7.350,-21.486,0.000,7.329,0.021,Fairway,roll,0.000,0
1775,7.3835,-97.901,7.350,-21.487,0.000,7.329,0.021,Fairway,roll,0.000,0
1776,7.3876,-97.902,7.350,-21.487,0.000,7.329,0.021,Fairway,roll,0.000,0
1777,7.3918,-97.903,7.350,-21.488,0.000,7.329,0.021,Fairway,roll,0.000,0
1778,7.3960,-97.905,7.350,-21.488,0.000,7.329,0.021,Fairway,roll,0.000,0
1779,7.4001,-97.906,7.350,-21.489,0.000,7.329,0.021,Fairway,roll,0.000,0
1780,7.4043,-97.907,7.350,-21.489,0.000,7.329,0.021,Fairway,roll,0.000,0
1781,7.4084,-97.908,7.350,-21.490,0.000,7.329,0.021,Fairway,roll,0.000,0
1782,7.4126,-97.909,7.351,-21.490,0.000,7.329,0.021,Fairway,roll,0.000,0
1783,7.4168,-97.910,7.350,-21.490,0.000,7.329,0.021,Fairway,roll,0.000,0
1784,7.4209,-97.912,7.350,-21.491,0.000,7.329,0.021,Fairway,roll,0.000,0
1785,7.4251,-97.913,7.350,-21.491,0.000,7.329,0.021,Fairway,roll,0.000,0
1786,7.4293,-97.914,7.350,-21.492,0.000,7.329,0.021,Fairway,roll,0.000,0
1787,7.4334,-97.915,7.350,-21.492,0.000,7.329,0.021,Fairway,roll,0.000,0
1788,7.4376,-97.916,7.350,-21.493,0.000,7.329,0.021,Fairway,roll,0.000,0
1789,7.4418,-97.917,7.350,-21.493,0.000,7.329,0.021,Fairway,roll,0.000,0
1790,7.4459,-97.918,7.351,-21.494,0.000,7.329,0.021,Fairway,roll,0.000,0
1791,7.4501,-97.920,7.351,-21.494,0.000,7.329,0.021,Fairway,roll,0.000,0
1792,7.4543,-97.921,7.350,-21.495,0.000,7.329,0.021,Fairway,roll,0.000,0
1793,7.4584,-97.922,7.350,-21.495,0.000,7.329,0.021,Fairway,roll,0.000,0
1794,7.4626,-97.923,7.350,-21.496,0.000,7.329,0.021,Fairway,roll,0.000,0
1795,7.4668,-97.924,7.350,-21.496,0.000,7.329,0.021,Fairway,roll,0.000,0
1796,7.4709,-97.925,7.350,-21.497,0.000,7.329,0.021,Fairway,roll,0.000,0
1797,7.4751,-97.927,7.350,-21.497,0.000,7.329,0.021,Fairway,roll,0.000,0
1798,7.4793,-97.928,7.351,-21.498,0.000,7.329,0.021,Fairway,roll,0.000,0
1799,7.4834,-97.929,7.351,-21.498,0.000,7.329,0.021,Fairway,roll,0.000,0
1800,7.4876,-97.930,7.350,-21.498,0.000,7.329,0.021,Fairway,roll,0.000,0
1801,7.4918,-97.931,7.350,-21.499,0.000,7.329,0.021,Fairway,roll,0.000,0
1802,7.4959,-97.932,7.350,-21.499,0.000,7.329,0.021,Fairway,roll,0.000,0
1803,7.5001,-97.933,7.350,-21.500,0.000,7.329,0.021,Fairway,roll,0.000,0
1804,7.5043,-97.935,7.350,-21.500,0.000,7.329,0.021,Fairway,roll,0.000,0
1805,7.5084,-97.936,7.350,-21.501,0.000,7.329,0.021,Fairway,roll,0.000,0
1806,7.5126,-97.937,7.350,-21.501,0.000,7.329,0.021,Fairway,roll,0.000,0
1807,7.5168,-97.938,7.350,-21.502,0.000,7.329,0.021,Fairway,roll,0.000,0
1808,7.5209,-97.939,7.350,-21.502,0.000,7.329,0.021,Fairway,roll,0.000,0
1809,7.5251,-97.940,7.350,-21.503,0.000,7.329,0.021,Fairway,roll,0.000,0
1810,7.5293,-97.941,7.350,-21.503,0.000,7.329,0.021,Fairway,roll,0.000,0
1811,7.5334,-97.943,7.350,-21.503,0.000,7.329,0.021,Fairway,roll,0.000,0
1812,7.5376,-97.944,7.350,-21.504,0.000,7.329,0.021,Fairway,roll,0.000,0
1813,7.5417,-97.945,7.350,-21.504,0.000,7.329,0.021,Fairway,roll,0.000,0
1814,7.5459,-97.946,7.350,-21.505,0.000,7.329,0.021,Fairway,roll,0.000,0
1815,7.5501,-97.947,7.350,-21.505,0.000,7.329,0.021,Fairway,roll,0.000,0
1816,7.5542,-97.948,7.350,-21.506,0.000,7.329,0.021,Fairway,roll,0.000,0
1817,7.5584,-97.949,7.350,-21.506,0.000,7.329,0.021,Fairway,roll,0.000,0
1818,7.5626,-97.951,7.350,-21.507,0.000,7.329,0.021,Fairway,roll,0.000,0
1819,7.5667,-97.952,7.350,-21.507,0.000,7.329,0.021,Fairway,roll,0.000,0
1820,7.5709,-97.953,7.350,-21.508,0.000,7.329,0.021,Fairway,roll,0.000,0
1821,7.5751,-97.954,7.350,-21.508,0.000,7.329,0.021,Fairway,roll,0.000,0
1822,7.5792,-97.955,7.350,-21.509,0.000,7.329,0.021,Fairway,roll,0.000,0
1823,7.5834,-97.956,7.350,-21.509,0.000,7.329,0.021,Fairway,roll,0.000,0
1824,7.5876,-97.957,7.350,-21.509,0.000,7.329,0.021,Fairway,roll,0.000,0
1825,7.5917,-97.958,7.350,-21.510,0.000,7.329,0.021,Fairway,roll,0.000,0
1826,7.5959,-97.960,7.350,-21.510,0.000,7.329,0.021,Fairway,roll,0.000,0
1827,7.6001,-97.961,7.350,-21.511,0.000,7.329,0.021,Fairway,roll,0.000,0
1828,7.6042,-97.962,7.350,-21.511,0.000,7.329,0.021,Fairway,roll,0.000,0
1829,7.6084,-97.963,7.350,-21.512,0.000,7.329,0.021,Fairway,roll,0.000,0
1830,7.6126,-97.964,7.350,-21.512,0.000,7.329,0.021,Fairway,roll,0.000,0
1831,7.6167,-97.965,7.350,-21.513,0.000,7.329,0.021,Fairway,roll,0.000,0
1832,7.6209,-97.966,7.350,-21.513,0.000,7.329,0.021,Fairway,roll,0.000,0
1833,7.6251,-97.967,7.350,-21.514,0.000,7.329,0.021,Fairway,roll,0.000,0
1834,7.6292,-97.969,7.350,-21.514,0.000,7.329,0.021,Fairway,roll,0.000,0
1835,7.6334,-97.970,7.350,-21.514,0.000,7.329,0.021,Fairway,roll,0.000,0
1836,7.6376,-97.971,7.350,-21.515,0.000,7.329,0.021,Fairway,roll,0.000,0
1837,7.6417,-97.972,7.350,-21.515,0.000,7.329,0.021,Fairway,roll,0.000,0
1838,7.6459,-97.973,7.350,-21.516,0.000,7.329,0.021,Fairway,roll,0.000,0
1839,7.6501,-97.974,7.350,-21.516,0.000,7.329,0.021,Fairway,roll,0.000,0
1840,7.6542,-97.975,7.350,-21.517,0.000,7.329,0.021,Fairway,roll,0.000,0
1841,7.6584,-97.976,7.350,-21.517,0.000,7.329,0.021,Fairway,roll,0.000,0
1842,7.6626,-97.977,7.350,-21.518,0.000,7.329,0.021,Fairway,roll,0.000,0
1843,7.6667,-97.979,7.350,-21.518,0.000,7.329,0.021,Fairway,roll,0.000,0
1844,7.6709,-97.980,7.350,-21.519,0.000,7.329,0.021,Fairway,roll,0.000,0
1845,7.6750,-97.981,7.350,-21.519,0.000,7.329,0.021,Fairway,roll,0.000,0
1846,7.6792,-97.982,7.350,-21.519,0.000,7.329,0.021,Fairway,roll,0.000,0
1847,7.6834,-97.983,7.350,-21.520,0.000,7.329,0.021,Fairway,roll,0.000,0
1848,7.6875,-97.984,7.350,-21.520,0.000,7.329,0.021,Fairway,roll,0.000,0
1849,7.6917,-97.985,7.350,-21.521,0.000,7.329,0.021,Fairway,roll,0.000,0
1850,7.6959,-97.986,7.350,-21.521,0.000,7.329,0.021,Fairway,roll,0.000,0
1851,7.7000,-97.987,7.350,-21.522,0.000,7.329,0.021,Fairway,roll,0.000,0
1852,7.7042,-97.989,7.350,-21.522,0.000,7.329,0.021,Fairway,roll,0.000,0
1853,7.7084,-97.990,7.350,-21.523,0.000,7.329,0.021,Fairway,roll,0.000,0
1854,7.7125,-97.991,7.350,-21.523,0.000,7.329,0.021,Fairway,roll,0.000,0
1855,7.7167,-97.992,7.350,-21.523,0.000,7.329,0.021,Fairway,roll,0.000,0
1856,7.7209,-97.993,7.350,-21.524,0.000,7.329,0.021,Fairway,roll,0.000,0
1857,7.7250,-97.994,7.350,-21.524,0.000,7.329,0.021,Fairway,roll,0.000,0
1858,7.7292,-97.995,7.350,-21.525,0.000,7.329,0.021,Fairway,roll,0.000,0
1859,7.7334,-97.996,7.350,-21.525,0.000,7.329,0.021,Fairway,roll,0.000,0
1860,7.7375,-97.997,7.350,-21.526,0.000,7.329,0.021,Fairway,roll,0.000,0
1861,7.7417,-97.998,7.350,-21.526,0.000,7.329,0.021,Fairway,roll,0.000,0
1862,7.7459,-98.000,7.350,-21.527,0.000,7.329,0.021,Fairway,roll,0.000,0
1863,7.7500,-98.001,7.350,-21.527,0.000,7.329,0.021,Fairway,roll,0.000,0
1864,7.7542,-98.002,7.350,-21.527,0.000,7.329,0.021,Fairway,roll,0.000,0
1865,7.7584,-98.003,7.350,-21.528,0.000,7.329,0.021,Fairway,roll,0.000,0
1866,7.7625,-98.004,7.350,-21.528,0.000,7.329,0.021,Fairway,roll,0.000,0
1867,7.7667,-98.005,7.350,-21.529,0.000,7.329,0.021,Fairway,roll,0.000,0
1868,7.7709,-98.006,7.350,-21.529,0.000,7.329,0.021,Fairway,roll,0.000,0
1869,7.7750,-98.007,7.350,-21.530,0.000,7.329,0.021,Fairway,roll,0.000,0
1870,7.7792,-98.008,7.350,-21.530,0.000,7.329,0.021,Fairway,roll,0.000,0
1871,7.7834,-98.009,7.350,-21.531,0.000,7.329,0.021,Fairway,roll,0.000,0
1872,7.7875,-98.011,7.350,-21.531,0.000,7.329,0.021,Fairway,roll,0.000,0
1873,7.7917,-98.012,7.350,-21.531,0.000,7.329,0.021,Fairway,roll,0.000,0
1874,7.7959,-98.013,7.350,-21.532,0.000,7.329,0.021,Fairway,roll,0.000,0
1875,7.8000,-98.014,7.350,-21.532,0.000,7.329,0.021,Fairway,roll,0.000,0
1876,7.8042,-98.015,7.350,-21.533,0.000,7.329,0.021,Fairway,roll,0.000,0
1877,7.8084,-98.016,7.350,-21.533,0.000,7.329,0.021,Fairway,roll,0.000,0
1878,7.8125,-98.017,7.350,-21.534,0.000,7.329,0.021,Fairway,roll,0.000,0
1879,7.8167,-98.018,7.350,-21.534,0.000,7.329,0.021,Fairway,roll,0.000,0
1880,7.8208,-98.019,7.350,-21.534,0.000,7.329,0.021,Fairway,roll,0.000,0
1881,7.8250,-98.020,7.350,-21.535,0.000,7.329,0.021,Fairway,roll,0.000,0
1882,7.8292,-98.021,7.350,-21.535,0.000,7.329,0.021,Fairway,roll,0.000,0
1883,7.8333,-98.022,7.350,-21.536,0.000,7.329,0.021,Fairway,roll,0.000,0
1884,7.8375,-98.024,7.350,-21.536,0.000,7.329,0.021,Fairway,roll,0.000,0
1885,7.8417,-98.025,7.350,-21.537,0.000,7.329,0.021,Fairway,roll,0.000,0
1886,7.8458,-98.026,7.350,-21.537,0.000,7.329,0.021,Fairway,roll,0.000,0
1887,7.8500,-98.027,7.350,-21.538,0.000,7.329,0.021,Fairway,roll,0.000,0
1888,7.8542,-98.028,7.350,-21.538,0.000,7.329,0.021,Fairway,roll,0.000,0
1889,7.8583,-98.029,7.350,-21.538,0.000,7.329,0.021,Fairway,roll,0.000,0
1890,7.8625,-98.030,7.350,-21.539,0.000,7.329,0.021,Fairway,roll,0.000,0
1891,7.8667,-98.031,7.350,-21.539,0.000,7.329,0.021,Fairway,roll,0.000,0
1892,7.8708,-98.032,7.350,-21.540,0.000,7.329,0.021,Fairway,roll,0.000,0
1893,7.8750,-98.033,7.350,-21.540,0.000,7.329,0.021,Fairway,roll,0.000,0
1894,7.8792,-98.034,7.350,-21.541,0.000,7.329,0.021,Fairway,roll,0.000,0
1895,7.8833,-98.035,7.350,-21.541,0.000,7.329,0.021,Fairway,roll,0.000,0
1896,7.8875,-98.036,7.350,-21.541,0.000,7.329,0.021,Fairway,roll,0.000,0
1897,7.8917,-98.037,7.350,-21.542,0.000,7.329,0.021,Fairway,roll,0.000,0
1898,7.8958,-98.039,7.350,-21.542,0.000,7.329,0.021,Fairway,roll,0.000,0
1899,7.9000,-98.040,7.350,-21.543,0.000,7.329,0.021,Fairway,roll,0.000,0
1900,7.9042,-98.041,7.350,-21.543,0.000,7.329,0.021,Fairway,roll,0.000,0
1901,7.9083,-98.042,7.350,-21.544,0.000,7.329,0.021,Fairway,roll,0.000,0
1902,7.9125,-98.043,7.350,-21.544,0.000,7.329,0.021,Fairway,roll,0.000,0
1903,7.9167,-98.044,7.350,-21.544,0.000,7.329,0.021,Fairway,roll,0.000,0
1904,7.9208,-98.045,7.350,-21.545,0.000,7.329,0.021,Fairway,roll,0.000,0
1905,7.9250,-98.046,7.350,-21.545,0.000,7.329,0.021,Fairway,roll,0.000,0
1906,7.9292,-98.047,7.350,-21.546,0.000,7.329,0.021,Fairway,roll,0.000,0
1907,7.9333,-98.048,7.350,-21.546,0.000,7.329,0.021,Fairway,roll,0.000,0
1908,7.9375,-98.049,7.350,-21.547,0.000,7.329,0.021,Fairway,roll,0.000,0
1909,7.9417,-98.050,7.350,-21.547,0.000,7.329,0.021,Fairway,roll,0.000,0
1910,7.9458,-98.051,7.350,-21.547,0.000,7.329,0.021,Fairway,roll,0.000,0
1911,7.9500,-98.052,7.350,-21.548,0.000,7.329,0.021,Fairway,roll,0.000,0
1912,7.9541,-98.053,7.350,-21.548,0.000,7.329,0.021,Fairway,roll,0.000,0
1913,7.9583,-98.055,7.350,-21.549,0.000,7.329,0.021,Fairway,roll,0.000,0
1914,7.9625,-98.056,7.350,-21.549,0.000,7.329,0.021,Fairway,roll,0.000,0
1915,7.9666,-98.057,7.350,-21.550,0.000,7.329,0.021,Fairway,roll,0.000,0
1916,7.9708,-98.058,7.350,-21.550,0.000,7.329,0.021,Fairway,roll,0.000,0
1917,7.9750,-98.059,7.350,-21.550,0.000,7.329,0.021,Fairway,roll,0.000,0
1918,7.9791,-98.060,7.350,-21.551,0.000,7.329,0.021,Fairway,roll,0.000,0
1919,7.9833,-98.061,7.350,-21.551,0.000,7.329,0.021,Fairway,roll,0.000,0
1920,7.9875,-98.062,7.350,-21.552,0.000,7.329,0.021,Fairway,roll,0.000,0
1921,7.9916,-98.063,7.350,-21.552,0.000,7.329,0.021,Fairway,roll,0.000,0
1922,7.9958,-98.064,7.350,-21.553,0.000,7.329,0.021,Fairway,roll,0.000,0
1923,8.0000,-98.065,7.350,-21.553,0.000,7.329,0.021,Fairway,roll,0.000,0
1924,8.0041,-98.066,7.350,-21.553,0.000,7.329,0.021,Fairway,roll,0.000,0
1925,8.0083,-98.067,7.350,-21.554,0.000,7.329,0.021,Fairway,roll,0.000,0
1926,8.0125,-98.068,7.350,-21.554,0.000,7.329,0.021,Fairway,roll,0.000,0
1927,8.0166,-98.069,7.350,-21.555,0.000,7.329,0.021,Fairway,roll,0.000,0
1928,8.0208,-98.070,7.350,-21.555,0.000,7.329,0.021,Fairway,roll,0.000,0
1929,8.0250,-98.071,7.350,-21.556,0.000,7.329,0.021,Fairway,roll,0.000,0
1930,8.0291,-98.072,7.350,-21.556,0.000,7.329,0.021,Fairway,roll,0.000,0
1931,8.0333,-98.073,7.350,-21.556,0.000,7.329,0.021,Fairway,roll,0.000,0
1932,8.0375,-98.074,7.350,-21.557,0.000,7.329,0.021,Fairway,roll,0.000,0
1933,8.0416,-98.076,7.350,-21.557,0.000,7.329,0.021,Fairway,roll,0.000,0
1934,8.0458,-98.077,7.350,-21.558,0.000,7.329,0.021,Fairway,roll,0.000,0
1935,8.0500,-98.078,7.350,-21.558,0.000,7.329,0.021,Fairway,roll,0.000,0
1936,8.0541,-98.079,7.350,-21.559,0.000,7.329,0.021,Fairway,roll,0.000,0
1937,8.0583,-98.080,7.350,-21.559,0.000,7.329,0.021,Fairway,roll,0.000,0
1938,8.0625,-98.081,7.350,-21.559,0.000,7.329,0.021,Fairway,roll,0.000,0
1939,8.0666,-98.082,7.350,-21.560,0.000,7.329,0.021,Fairway,roll,0.000,0
1940,8.0708,-98.083,7.350,-21.560,0.000,7.329,0.021,Fairway,roll,0.000,0
1941,8.0750,-98.084,7.350,-21.561,0.000,7.329,0.021,Fairway,roll,0.000,0
1942,8.0791,-98.085,7.350,-21.561,0.000,7.329,0.021,Fairway,roll,0.000,0
1943,8.0833,-98.086,7.350,-21.562,0.000,7.329,0.021,Fairway,roll,0.000,0
1944,8.0874,-98.087,7.350,-21.562,0.000,7.329,0.021,Fairway,roll,0.000,0
1945,8.0916,-98.088,7.350,-21.562,0.000,7.329,0.021,Fairway,roll,0.000,0
1946,8.0958,-98.089,7.350,-21.563,0.000,7.329,0.021,Fairway,roll,0.000,0
1947,8.0999,-98.090,7.350,-21.563,0.000,7.329,0.021,Fairway,roll,0.000,0
1948,8.1041,-98.091,7.350,-21.564,0.000,7.329,0.021,Fairway,roll,0.000,0
1949,8.1083,-98.092,7.350,-21.564,0.000,7.329,0.021,Fairway,roll,0.000,0
1950,8.1124,-98.093,7.350,-21.565,0.000,7.329,0.021,Fairway,roll,0.000,0
1951,8.1166,-98.094,7.350,-21.565,0.000,7.329,0.021,Fairway,roll,0.000,0
1952,8.1208,-98.095,7.350,-21.565,0.000,7.329,0.021,Fairway,roll,0.000,0
1953,8.1249,-98.096,7.350,-21.566,0.000,7.329,0.021,Fairway,roll,0.000,0
1954,8.1291,-98.097,7.350,-21.566,0.000,7.328,0.021,Fairway,roll,0.000,0
1955,8.1333,-98.098,7.350,-21.567,0.000,7.328,0.021,Fairway,roll,0.000,0
1956,8.1374,-98.099,7.350,-21.567,0.000,7.328,0.021,Fairway,roll,0.000,0
1957,8.1416,-98.100,7.350,-21.567,0.000,7.328,0.021,Fairway,roll,0.000,0
1958,8.1458,-98.101,7.350,-21.568,0.000,7.328,0.021,Fairway,roll,0.000,0
1959,8.1499,-98.102,7.350,-21.568,0.000,7.328,0.021,Fairway,roll,0.000,0
1960,8.1541,-98.103,7.350,-21.569,0.000,7.329,0.021,Fairway,roll,0.000,0
1961,8.1583,-98.104,7.350,-21.569,0.000,7.329,0.021,Fairway,roll,0.000,0
1962,8.1624,-98.105,7.350,-21.569,0.000,7.329,0.021,Fairway,roll,0.000,0
1963,8.1666,-98.106,7.350,-21.570,0.000,7.329,0.021,Fairway,roll,0.000,0
1964,8.1708,-98.107,7.350,-21.570,0.000,7.328,0.021,Fairway,roll,0.000,0
1965,8.1749,-98.109,7.350,-21.571,0.000,7.328,0.021,Fairway,roll,0.000,0
1966,8.1791,-98.110,7.350,-21.571,0.000,7.328,0.021,Fairway,roll,0.000,0
1967,8.1833,-98.111,7.350,-21.572,0.000,7.328,0.021,Fairway,roll,0.000,0
1968,8.1874,-98.112,7.350,-21.572,0.000,7.329,0.021,Fairway,roll,0.000,0
1969,8.1916,-98.113,7.350,-21.572,0.000,7.329,0.021,Fairway,roll,0.000,0
1970,8.1958,-98.114,7.350,-21.573,0.000,7.329,0.021,Fairway,roll,0.000,0
1971,8.1999,-98.115,7.350,-21.573,0.000,7.329,0.021,Fairway,roll,0.000,0
1972,8.2041,-98.116,7.350,-21.574,0.000,7.329,0.021,Fairway,roll,0.000,0
1973,8.2083,-98.117,7.350,-21.574,0.000,7.329,0.021,Fairway,roll,0.000,0
1974,8.2124,-98.118,7.350,-21.574,0.000,7.328,0.021,Fairway,roll,0.000,0
1975,8.2166,-98.119,7.350,-21.575,0.000,7.328,0.021,Fairway,roll,0.000,0
1976,8.2207,-98.120,7.350,-21.575,0.000,7.328,0.021,Fairway,roll,0.000,0
1977,8.2249,-98.121,7.350,-21.576,0.000,7.329,0.021,Fairway,roll,0.000,0
1978,8.2291,-98.122,7.350,-21.576,0.000,7.329,0.021,Fairway,roll,0.000,0
1979,8.2332,-98.123,7.350,-21.576,0.000,7.329,0.021,Fairway,roll,0.000,0
1980,8.2374,-98.124,7.350,-21.577,0.000,7.329,0.021,Fairway,roll,0.000,0
1981,8.2416,-98.125,7.350,-21.577,0.000,7.329,0.021,Fairway,roll,0.000,0
1982,8.2457,-98.126,7.350,-21.578,0.000,7.329,0.021,Fairway,roll,0.000,0
1983,8.2499,-98.127,7.350,-21.578,0.000,7.328,0.021,Fairway,roll,0.000,0
1984,8.2541,-98.128,7.350,-21.579,0.000,7.328,0.021,Fairway,roll,0.000,0
1985,8.2582,-98.129,7.350,-21.579,0.000,7.328,0.021,Fairway,roll,0.000,0
1986,8.2624,-98.130,7.350,-21.579,0.000,7.329,0.021,Fairway,roll,0.000,0
1987,8.2666,-98.131,7.350,-21.580,0.000,7.329,0.021,Fairway,roll,0.000,0
1988,8.2707,-98.132,7.350,-21.580,0.000,7.329,0.021,Fairway,roll,0.000,0
1989,8.2749,-98.133,7.350,-21.581,0.000,7.329,0.021,Fairway,roll,0.000,0
1990,8.2791,-98.134,7.350,-21.581,0.000,7.329,0.021,Fairway,roll,0.000,0
1991,8.2832,-98.135,7.350,-21.581,0.000,7.329,0.021,Fairway,roll,0.000,0
1992,8.2874,-98.136,7.350,-21.582,0.000,7.329,0.021,Fairway,roll,0.000,0
1993,8.2916,-98.137,7.350,-21.582,0.000,7.328,0.021,Fairway,roll,0.000,0
1994,8.2957,-98.138,7.350,-21.583,0.000,7.328,0.021,Fairway,roll,0.000,0
1995,8.2999,-98.139,7.350,-21.583,0.000,7.328,0.021,Fairway,roll,0.000,0
1996,8.3041,-98.140,7.350,-21.584,0.000,7.328,0.021,Fairway,roll,0.000,0
1997,8.3082,-98.141,7.350,-21.584,0.000,7.328,0.021,Fairway,roll,0.000,0
1998,8.3124,-98.142,7.350,-21.584,0.000,7.328,0.021,Fairway,roll,0.000,0
1999,8.3166,-98.143,7.350,-21.585,0.000,7.328,0.021,Fairway,roll,0.000,0
2000,8.3207,-98.144,7.350,-21.585,0.000,7.328,0.021,Fairway,roll,0.000,0
2001,8.3249,-98.145,7.350,-21.586,0.000,7.328,0.021,Fairway,roll,0.000,0
2002,8.3291,-98.146,7.350,-21.586,0.000,7.328,0.021,Fairway,roll,0.000,0
2003,8.3332,-98.147,7.350,-21.586,0.000,7.328,0.021,Fairway,roll,0.000,0
2004,8.3374,-98.148,7.350,-21.587,0.000,7.328,0.021,Fairway,roll,0.000,0
2005,8.3416,-98.149,7.350,-21.587,0.000,7.328,0.021,Fairway,roll,0.000,0
2006,8.3457,-98.150,7.350,-21.588,0.000,7.328,0.021,Fairway,roll,0.000,0
2007,8.3499,-98.151,7.350,-21.588,0.000,7.328,0.021,Fairway,roll,0.000,0
2008,8.3541,-98.152,7.350,-21.588,0.000,7.328,0.021,Fairway,roll,0.000,0
2009,8.3582,-98.153,7.350,-21.589,0.000,7.328,0.021,Fairway,roll,0.000,0
2010,8.3624,-98.154,7.350,-21.589,0.000,7.328,0.021,Fairway,roll,0.000,0
2011,8.3665,-98.155,7.350,-21.590,0.000,7.328,0.021,Fairway,roll,0.000,0
2012,8.3707,-98.156,7.350,-21.590,0.000,7.328,0.021,Fairway,roll,0.000,0
2013,8.3749,-98.157,7.350,-21.590,0.000,7.328,0.021,Fairway,roll,0.000,0
2014,8.3790,-98.158,7.350,-21.591,0.000,7.328,0.021,Fairway,roll,0.000,0
2015,8.3832,-98.159,7.350,-21.591,0.000,7.328,0.021,Fairway,roll,0.000,0
2016,8.3874,-98.160,7.350,-21.592,0.000,7.328,0.021,Fairway,roll,0.000,0
2017,8.3915,-98.161,7.350,-21.592,0.000,7.328,0.021,Fairway,roll,0.000,0
2018,8.3957,-98.162,7.350,-21.592,0.000,7.328,0.021,Fairway,roll,0.000,0
2019,8.3999,-98.163,7.350,-21.593,0.000,7.328,0.021,Fairway,roll,0.000,0
2020,8.4040,-98.164,7.350,-21.593,0.000,7.328,0.021,Fairway,roll,0.000,0
2021,8.4082,-98.164,7.350,-21.594,0.000,7.329,0.021,Fairway,roll,0.000,0
2022,8.4124,-98.165,7.350,-21.594,0.000,7.328,0.021,Fairway,roll,0.000,0
2023,8.4165,-98.166,7.350,-21.594,0.000,7.328,0.021,Fairway,roll,0.000,0
2024,8.4207,-98.167,7.350,-21.595,0.000,7.328,0.021,Fairway,roll,0.000,0
2025,8.4249,-98.168,7.350,-21.595,0.000,7.328,0.021,Fairway,roll,0.000,0
2026,8.4290,-98.169,7.350,-21.596,0.000,7.328,0.021,Fairway,roll,0.000,0
2027,8.4332,-98.170,7.350,-21.596,0.000,7.328,0.021,Fairway,roll,0.000,0
2028,8.4374,-98.171,7.350,-21.596,0.000,7.328,0.021,Fairway,roll,0.000,0
2029,8.4415,-98.172,7.350,-21.597,0.000,7.328,0.021,Fairway,roll,0.000,0
2030,8.4457,-98.173,7.350,-21.597,0.000,7.329,0.021,Fairway,roll,0.000,0
2031,8.4499,-98.174,7.350,-21.598,0.000,7.329,0.021,Fairway,roll,0.000,0
2032,8.4540,-98.175,7.350,-21.598,0.000,7.328,0.021,Fairway,roll,0.000,0
2033,8.4582,-98.176,7.350,-21.598,0.000,7.328,0.021,Fairway,roll,0.000,0
2034,8.4624,-98.177,7.350,-21.599,0.000,7.328,0.021,Fairway,roll,0.000,0
2035,8.4665,-98.178,7.350,-21.599,0.000,7.328,0.021,Fairway,roll,0.000,0
2036,8.4707,-98.179,7.350,-21.600,0.000,7.328,0.021,Fairway,roll,0.000,0
2037,8.4749,-98.180,7.350,-21.600,0.000,7.328,0.021,Fairway,roll,0.000,0
2038,8.4790,-98.181,7.350,-21.600,0.000,7.328,0.021,Fairway,roll,0.000,0
2039,8.4832,-98.182,7.350,-21.601,0.000,7.328,0.021,Fairway,roll,0.000,0
2040,8.4874,-98.183,7.350,-21.601,0.000,7.328,0.021,Fairway,roll,0.000,0
2041,8.4915,-98.184,7.350,-21.602,0.000,7.328,0.021,Fairway,roll,0.000,0
2042,8.4957,-98.185,7.350,-21.602,0.000,7.328,0.021,Fairway,roll,0.000,0
2043,8.4998,-98.186,7.350,-21.602,0.000,7.328,0.021,Fairway,roll,0.000,0
2044,8.5040,-98.187,7.350,-21.603,0.000,7.328,0.021,Fairway,roll,0.000,0
2045,8.5082,-98.188,7.350,-21.603,0.000,7.328,0.021,Fairway,roll,0.000,0
2046,8.5123,-98.189,7.350,-21.604,0.000,7.328,0.021,Fairway,roll,0.000,0
2047,8.5165,-98.190,7.350,-21.604,0.000,7.328,0.021,Fairway,roll,0.000,0
2048,8.5207,-98.191,7.350,-21.604,0.000,7.328,0.021,Fairway,roll,0.000,0
2049,8.5248,-98.192,7.350,-21.605,0.000,7.328,0.021,Fairway,roll,0.000,0
2050,8.5290,-98.193,7.350,-21.605,0.000,7.328,0.021,Fairway,roll,0.000,0
2051,8.5332,-98.194,7.350,-21.606,0.000,7.328,0.021,Fairway,roll,0.000,0
2052,8.5373,-98.195,7.350,-21.606,0.000,7.328,0.021,Fairway,roll,0.000,0
2053,8.5415,-98.196,7.350,-21.606,0.000,7.328,0.021,Fairway,roll,0.000,0
2054,8.5457,-98.196,7.350,-21.607,0.000,7.328,0.021,Fairway,roll,0.000,0
2055,8.5498,-98.197,7.350,-21.607,0.000,7.328,0.021,Fairway,roll,0.000,0
2056,8.5540,-98.198,7.350,-21.608,0.000,7.328,0.021,Fairway,roll,0.000,0
2057,8.5582,-98.199,7.350,-21.608,0.000,7.328,0.021,Fairway,roll,0.000,0
2058,8.5623,-98.200,7.350,-21.608,0.000,7.328,0.021,Fairway,roll,0.000,0
2059,8.5665,-98.201,7.350,-21.609,0.000,7.328,0.021,Fairway,roll,0.000,0
2060,8.5707,-98.202,7.350,-21.609,0.000,7.328,0.021,Fairway,roll,0.000,0
2061,8.5748,-98.203,7.350,-21.609,0.000,7.328,0.021,Fairway,roll,0.000,0
2062,8.5790,-98.204,7.350,-21.610,0.000,7.328,0.021,Fairway,roll,0.000,0
2063,8.5832,-98.205,7.349,-21.610,0.000,7.328,0.021,Fairway,roll,0.000,0
2064,8.5873,-98.206,7.349,-21.611,0.000,7.328,0.021,Fairway,roll,0.000,0
2065,8.5915,-98.207,7.349,-21.611,0.000,7.328,0.021,Fairway,roll,0.000,0
2066,8.5957,-98.208,7.349,-21.611,0.000,7.328,0.021,Fairway,roll,0.000,0
2067,8.5998,-98.209,7.350,-21.612,0.000,7.328,0.021,Fairway,roll,0.000,0
2068,8.6040,-98.210,7.350,-21.612,0.000,7.328,0.021,Fairway,roll,0.000,0
2069,8.6082,-98.211,7.350,-21.613,0.000,7.328,0.021,Fairway,roll,0.000,0
2070,8.6123,-98.212,7.350,-21.613,0.000,7.328,0.021,Fairway,roll,0.000,0
2071,8.6165,-98.213,7.350,-21.613,0.000,7.328,0.021,Fairway,roll,0.000,0
2072,8.6207,-98.214,7.350,-21.614,0.000,7.328,0.021,Fairway,roll,0.000,0
2073,8.6248,-98.215,7.349,-21.614,0.000,7.328,0.021,Fairway,roll,0.000,0
2074,8.6290,-98.215,7.349,-21.615,0.000,7.328,0.021,Fairway,roll,0.000,0
2075,8.6331,-98.216,7.349,-21.615,0.000,7.328,0.021,Fairway,roll,0.000,0
2076,8.6373,-98.217,7.350,-21.615,0.000,7.328,0.021,Fairway,roll,0.000,0
2077,8.6415,-98.218,7.350,-21.616,0.000,7.328,0.021,Fairway,roll,0.000,0
2078,8.6456,-98.219,7.350,-21.616,0.000,7.328,0.021,Fairway,roll,0.000,0
2079,8.6498,-98.220,7.350,-21.616,0.000,7.328,0.021,Fairway,roll,0.000,0
2080,8.6540,-98.221,7.350,-21.617,0.000,7.328,0.021,Fairway,roll,0.000,0
2081,8.6581,-98.222,7.350,-21.617,0.000,7.328,0.021,Fairway,roll,0.000,0
2082,8.6623,-98.223,7.350,-21.618,0.000,7.328,0.021,Fairway,roll,0.000,0
2083,8.6665,-98.224,7.349,-21.618,0.000,7.328,0.021,Fairway,roll,0.000,0
2084,8.6706,-98.225,7.349,-21.618,0.000,7.328,0.021,Fairway,roll,0.000,0
2085,8.6748,-98.226,7.350,-21.619,0.000,7.328,0.021,Fairway,roll,0.000,0
2086,8.6790,-98.227,7.350,-21.619,0.000,7.328,0.021,Fairway,roll,0.000,0
2087,8.6831,-98.228,7.350,-21.620,0.000,7.328,0.021,Fairway,roll,0.000,0
2088,8.6873,-98.229,7.350,-21.620,0.000,7.328,0.021,Fairway,roll,0.000,0
2089,8.6915,-98.230,7.350,-21.620,0.000,7.328,0.021,Fairway,roll,0.000,0
2090,8.6956,-98.230,7.350,-21.621,0.000,7.328,0.021,Fairway,roll,0.000,0
2091,8.6998,-98.231,7.350,-21.621,0.000,7.328,0.021,Fairway,roll,0.000,0
2092,8.7040,-98.232,7.350,-21.621,0.000,7.328,0.021,Fairway,roll,0.000,0
2093,8.7081,-98.233,7.350,-21.622,0.000,7.328,0.021,Fairway,roll,0.000,0
2094,8.7123,-98.234,7.349,-21.622,0.000,7.328,0.021,Fairway,roll,0.000,0
2095,8.7165,-98.235,7.350,-21.623,0.000,7.328,0.021,Fairway,roll,0.000,0
2096,8.7206,-98.236,7.350,-21.623,0.000,7.328,0.021,Fairway,roll,0.000,0
2097,8.7248,-98.237,7.350,-21.623,0.000,7.328,0.021,Fairway,roll,0.000,0
2098,8.7290,-98.238,7.350,-21.624,0.000,7.328,0.021,Fairway,roll,0.000,0
2099,8.7331,-98.239,7.350,-21.624,0.000,7.328,0.021,Fairway,roll,0.000,0
2100,8.7373,-98.240,7.350,-21.624,0.000,7.328,0.021,Fairway,roll,0.000,0
2101,8.7415,-98.241,7.350,-21.625,0.000,7.328,0.021,Fairway,roll,0.000,0
2102,8.7456,-98.242,7.350,-21.625,0.000,7.328,0.021,Fairway,roll,0.000,0
2103,8.7498,-98.243,7.350,-21.626,0.000,7.328,0.021,Fairway,roll,0.000,0
2104,8.7540,-98.243,7.349,-21.626,0.000,7.328,0.021,Fairway,roll,0.000,0
2105,8.7581,-98.244,7.349,-21.626,0.000,7.328,0.021,Fairway,roll,0.000,0
2106,8.7623,-98.245,7.349,-21.627,0.000,7.328,0.021,Fairway,roll,0.000,0
2107,8.7664,-98.246,7.349,-21.627,0.000,7.328,0.021,Fairway,roll,0.000,0
2108,8.7706,-98.247,7.349,-21.628,0.000,7.328,0.021,Fairway,roll,0.000,0
2109,8.7748,-98.248,7.349,-21.628,0.000,7.328,0.021,Fairway,roll,0.000,0
2110,8.7789,-98.249,7.349,-21.628,0.000,7.328,0.021,Fairway,roll,0.000,0
2111,8.7831,-98.250,7.349,-21.629,0.000,7.328,0.021,Fairway,roll,0.000,0
2112,8.7873,-98.251,7.349,-21.629,0.000,7.328,0.021,Fairway,roll,0.000,0
2113,8.7914,-98.252,7.349,-21.629,0.000,7.328,0.021,Fairway,roll,0.000,0
2114,8.7956,-98.253,7.350,-21.630,0.000,7.328,0.021,Fairway,roll,0.000,0
2115,8.7998,-98.254,7.349,-21.630,0.000,7.328,0.021,Fairway,roll,0.000,0
2116,8.8039,-98.254,7.349,-21.631,0.000,7.328,0.021,Fairway,roll,0.000,0
2117,8.8081,-98.255,7.349,-21.631,0.000,7.328,0.021,Fairway,roll,0.000,0
2118,8.8123,-98.256,7.349,-21.631,0.000,7.328,0.021,Fairway,roll,0.000,0
2119,8.8164,-98.257,7.349,-21.632,0.000,7.328,0.021,Fairway,roll,0.000,0
2120,8.8206,-98.258,7.349,-21.632,0.000,7.328,0.021,Fairway,roll,0.000,0
2121,8.8248,-98.259,7.349,-21.632,0.000,7.328,0.021,Fairway,roll,0.000,0
2122,8.8289,-98.260,7.349,-21.633,0.000,7.328,0.021,Fairway,roll,0.000,0
2123,8.8331,-98.261,7.350,-21.633,0.000,7.328,0.021,Fairway,roll,0.000,0
2124,8.8373,-98.262,7.350,-21.634,0.000,7.328,0.021,Fairway,roll,0.000,0
2125,8.8414,-98.263,7.349,-21.634,0.000,7.328,0.021,Fairway,roll,0.000,0
2126,8.8456,-98.264,7.349,-21.634,0.000,7.328,0.021,Fairway,roll,0.000,0
2127,8.8498,-98.265,7.349,-21.635,0.000,7.328,0.021,Fairway,roll,0.000,0
2128,8.8539,-98.265,7.349,-21.635,0.000,7.328,0.021,Fairway,roll,0.000,0
2129,8.8581,-98.266,7.349,-21.636,0.000,7.328,0.021,Fairway,roll,0.000,0
2130,8.8623,-98.267,7.349,-21.636,0.000,7.328,0.021,Fairway,roll,0.000,0
2131,8.8664,-98.268,7.349,-21.636,0.000,7.328,0.021,Fairway,roll,0.000,0
2132,8.8706,-98.269,7.349,-21.637,0.000,7.328,0.021,Fairway,roll,0.000,0
2133,8.8748,-98.270,7.350,-21.637,0.000,7.328,0.021,Fairway,roll,0.000,0
2134,8.8789,-98.271,7.350,-21.637,0.000,7.328,0.021,Fairway,roll,0.000,0
2135,8.8831,-98.272,7.350,-21.638,0.000,7.328,0.021,Fairway,roll,0.000,0
2136,8.8873,-98.273,7.349,-21.638,0.000,7.328,0.021,Fairway,roll,0.000,0
2137,8.8914,-98.274,7.349,-21.638,0.000,7.328,0.021,Fairway,roll,0.000,0
2138,8.8956,-98.274,7.349,-21.639,0.000,7.328,0.021,Fairway,roll,0.000,0
2139,8.8998,-98.275,7.349,-21.639,0.000,7.328,0.021,Fairway,roll,0.000,0
2140,8.9039,-98.276,7.349,-21.640,0.000,7.328,0.021,Fairway,roll,0.000,0
2141,8.9081,-98.277,7.349,-21.640,0.000,7.328,0.021,Fairway,roll,0.000,0
2142,8.9122,-98.278,7.349,-21.640,0.000,7.328,0.021,Fairway,roll,0.000,0
2143,8.9164,-98.279,7.350,-21.641,0.000,7.328,0.021,Fairway,roll,0.000,0
2144,8.9206,-98.280,7.350,-21.641,0.000,7.328,0.021,Fairway,roll,0.000,0
2145,8.9247,-98.281,7.350,-21.641,0.000,7.328,0.021,Fairway,roll,0.000,0
2146,8.9289,-98.282,7.350,-21.642,0.000,7.328,0.021,Fairway,roll,0.000,0
2147,8.9331,-98.283,7.349,-21.642,0.000,7.328,0.021,Fairway,roll,0.000,0
2148,8.9372,-98.283,7.349,-21.643,0.000,7.328,0.021,Fairway,roll,0.000,0
2149,8.9414,-98.284,7.349,-21.643,0.000,7.328,0.021,Fairway,roll,0.000,0
2150,8.9456,-98.285,7.349,-21.643,0.000,7.328,0.021,Fairway,roll,0.000,0
2151,8.9497,-98.286,7.349,-21.644,0.000,7.328,0.021,Fairway,roll,0.000,0
2152,8.9539,-98.287,7.349,-21.644,0.000,7.328,0.021,Fairway,roll,0.000,0
2153,8.9581,-98.288,7.349,-21.644,0.000,7.328,0.021,Fairway,roll,0.000,0
2154,8.9622,-98.289,7.349,-21.645,0.000,7.328,0.021,Fairway,roll,0.000,0
2155,8.9664,-98.290,7.349,-21.645,0.000,7.328,0.021,Fairway,roll,0.000,0
2156,8.9706,-98.291,7.349,-21.645,0.000,7.328,0.021,Fairway,roll,0.000,0
2157,8.9747,-98.292,7.349,-21.646,0.000,7.328,0.021,Fairway,roll,0.000,0
2158,8.9789,-98.292,7.349,-21.646,0.000,7.328,0.021,Fairway,roll,0.000,0
2159,8.9831,-98.293,7.349,-21.647,0.000,7.328,0.021,Fairway,roll,0.000,0
2160,8.9872,-98.294,7.349,-21.647,0.000,7.328,0.021,Fairway,roll,0.000,0
2161,8.9914,-98.295,7.349,-21.647,0.000,7.328,0.021,Fairway,roll,0.000,0
2162,8.9956,-98.296,7.349,-21.648,0.000,7.328,0.021,Fairway,roll,0.000,0
2163,8.9997,-98.297,7.349,-21.648,0.000,7.328,0.021,Fairway,roll,0.000,0
2164,9.0039,-98.298,7.349,-21.648,0.000,7.328,0.021,Fairway,roll,0.000,0
2165,9.0081,-98.299,7.349,-21.649,0.000,7.328,0.021,Fairway,roll,0.000,0
2166,9.0122,-98.300,7.349,-21.649,0.000,7.328,0.021,Fairway,roll,0.000,0
2167,9.0164,-98.300,7.349,-21.649,0.000,7.328,0.021,Fairway,roll,0.000,0
2168,9.0206,-98.301,7.349,-21.650,0.000,7.328,0.021,Fairway,roll,0.000,0
2169,9.0247,-98.302,7.349,-21.650,0.000,7.328,0.021,Fairway,roll,0.000,0
2170,9.0289,-98.303,7.349,-21.651,0.000,7.328,0.021,Fairway,roll,0.000,0
2171,9.0331,-98.304,7.349,-21.651,0.000,7.328,0.021,Fairway,roll,0.000,0
2172,9.0372,-98.305,7.349,-21.651,0.000,7.328,0.021,Fairway,roll,0.000,0
2173,9.0414,-98.306,7.349,-21.652,0.000,7.328,0.021,Fairway,roll,0.000,0
2174,9.0455,-98.307,7.349,-21.652,0.000,7.328,0.021,Fairway,roll,0.000,0
2175,9.0497,-98.307,7.349,-21.652,0.000,7.328,0.021,Fairway,roll,0.000,0
2176,9.0539,-98.308,7.349,-21.653,0.000,7.328,0.021,Fairway,roll,0.000,0
2177,9.0580,-98.309,7.349,-21.653,0.000,7.328,0.021,Fairway,roll,0.000,0
2178,9.0622,-98.310,7.349,-21.653,0.000,7.328,0.021,Fairway,roll,0.000,0
2179,9.0664,-98.311,7.349,-21.654,0.000,7.328,0.021,Fairway,roll,0.000,0
2180,9.0705,-98.312,7.349,-21.654,0.000,7.328,0.021,Fairway,roll,0.000,0
2181,9.0747,-98.313,7.349,-21.655,0.000,7.328,0.021,Fairway,roll,0.000,0
2182,9.0789,-98.314,7.349,-21.655,0.000,7.328,0.021,Fairway,roll,0.000,0
2183,9.0830,-98.314,7.349,-21.655,0.000,7.328,0.021,Fairway,roll,0.000,0
2184,9.0872,-98.315,7.349,-21.656,0.000,7.328,0.021,Fairway,roll,0.000,0
2185,9.0914,-98.316,7.349,-21.656,0.000,7.328,0.021,Fairway,roll,0.000,0
2186,9.0955,-98.317,7.349,-21.656,0.000,7.328,0.021,Fairway,roll,0.000,0
2187,9.0997,-98.318,7.349,-21.657,0.000,7.328,0.021,Fairway,roll,0.000,0
2188,9.1039,-98.319,7.349,-21.657,0.000,7.328,0.021,Fairway,roll,0.000,0
2189,9.1080,-98.320,7.349,-21.658,0.000,7.328,0.021,Fairway,roll,0.000,0
2190,9.1122,-98.321,7.349,-21.658,0.000,7.328,0.021,Fairway,roll,0.000,0
2191,9.1164,-98.321,7.349,-21.658,0.000,7.328,0.021,Fairway,roll,0.000,0
2192,9.1205,-98.322,7.349,-21.659,0.000,7.328,0.021,Fairway,roll,0.000,0
2193,9.1247,-98.323,7.349,-21.659,0.000,7.328,0.021,Fairway,roll,0.000,0
2194,9.1289,-98.324,7.349,-21.659,0.000,7.328,0.021,Fairway,roll,0.000,0
2195,9.1330,-98.325,7.349,-21.660,0.000,7.328,0.021,Fairway,roll,0.000,0
2196,9.1372,-98.326,7.349,-21.660,0.000,7.328,0.021,Fairway,roll,0.000,0
2197,9.1414,-98.327,7.349,-21.660,0.000,7.328,0.021,Fairway,roll,0.000,0
2198,9.1455,-98.328,7.349,-21.661,0.000,7.328,0.021,Fairway,roll,0.000,0
2199,9.1497,-98.328,7.349,-21.661,0.000,7.328,0.021,Fairway,roll,0.000,0
2200,9.1539,-98.329,7.349,-21.661,0.000,7.328,0.021,Fairway,roll,0.000,0
2201,9.1580,-98.330,7.349,-21.662,0.000,7.328,0.021,Fairway,roll,0.000,0
2202,9.1622,-98.331,7.349,-21.662,0.000,7.328,0.021,Fairway,roll,0.000,0
2203,9.1664,-98.332,7.349,-21.662,0.000,7.328,0.021,Fairway,roll,0.000,0
2204,9.1705,-98.333,7.349,-21.663,0.000,7.328,0.021,Fairway,roll,0.000,0
2205,9.1747,-98.334,7.349,-21.663,0.000,7.328,0.021,Fairway,roll,0.000,0
2206,9.1788,-98.334,7.349,-21.663,0.000,7.328,0.021,Fairway,roll,0.000,0
2207,9.1830,-98.335,7.349,-21.664,0.000,7.328,0.021,Fairway,roll,0.000,0
2208,9.1872,-98.336,7.349,-21.664,0.000,7.328,0.021,Fairway,roll,0.000,0
2209,9.1913,-98.337,7.349,-21.665,0.000,7.328,0.021,Fairway,roll,0.000,0
2210,9.1955,-98.338,7.349,-21.665,0.000,7.328,0.021,Fairway,roll,0.000,0
2211,9.1997,-98.339,7.349,-21.665,0.000,7.328,0.021,Fairway,roll,0.000,0
2212,9.2038,-98.340,7.349,-21.666,0.000,7.328,0.021,Fairway,roll,0.000,0
2213,9.2080,-98.340,7.349,-21.666,0.000,7.328,0.021,Fairway,roll,0.000,0
2214,9.2122,-98.341,7.349,-21.666,0.000,7.328,0.021,Fairway,roll,0.000,0
2215,9.2163,-98.342,7.349,-21.667,0.000,7.328,0.021,Fairway,roll,0.000,0
2216,9.2205,-98.343,7.349,-21.667,0.000,7.328,0.021,Fairway,roll,0.000,0
2217,9.2247,-98.344,7.349,-21.667,0.000,7.328,0.021,Fairway,roll,0.000,0
2218,9.2288,-98.345,7.349,-21.668,0.000,7.328,0.021,Fairway,roll,0.000,0
2219,9.2330,-98.345,7.349,-21.668,0.000,7.328,0.021,Fairway,roll,0.000,0
2220,9.2372,-98.346,7.349,-21.668,0.000,7.328,0.021,Fairway,roll,0.000,0
2221,9.2413,-98.347,7.349,-21.669,0.000,7.328,0.021,Fairway,roll,0.000,0
2222,9.2455,-98.348,7.349,-21.669,0.000,7.328,0.021,Fairway,roll,0.000,0
2223,9.2497,-98.349,7.349,-21.669,0.000,7.328,0.021,Fairway,roll,0.000,0
2224,9.2538,-98.350,7.349,-21.670,0.000,7.328,0.021,Fairway,roll,0.000,0
2225,9.2580,-98.351,7.349,-21.670,0.000,7.328,0.021,Fairway,roll,0.000,0
2226,9.2622,-98.351,7.349,-21.671,0.000,7.328,0.021,Fairway,roll,0.000,0
2227,9.2663,-98.352,7.349,-21.671,0.000,7.328,0.021,Fairway,roll,0.000,0
2228,9.2705,-98.353,7.349,-21.671,0.000,7.328,0.021,Fairway,roll,0.000,0
2229,9.2747,-98.354,7.349,-21.672,0.000,7.328,0.021,Fairway,roll,0.000,0
2230,9.2788,-98.355,7.349,-21.672,0.000,7.328,0.021,Fairway,roll,0.000,0
2231,9.2830,-98.356,7.349,-21.672,0.000,7.328,0.021,Fairway,roll,0.000,0
2232,9.2872,-98.357,7.349,-21.673,0.000,7.328,0.021,Fairway,roll,0.000,0
2233,9.2913,-98.357,7.349,-21.673,0.000,7.328,0.021,Fairway,roll,0.000,0
2234,9.2955,-98.358,7.349,-21.673,0.000,7.328,0.021,Fairway,roll,0.000,0
2235,9.2997,-98.359,7.349,-21.674,0.000,7.328,0.021,Fairway,roll,0.000,0
2236,9.3038,-98.360,7.349,-21.674,0.000,7.328,0.021,Fairway,roll,0.000,0
2237,9.3080,-98.361,7.349,-21.674,0.000,7.328,0.021,Fairway,roll,0.000,0
2238,9.3121,-98.362,7.349,-21.675,0.000,7.328,0.021,Fairway,roll,0.000,0
2239,9.3163,-98.362,7.349,-21.675,0.000,7.328,0.021,Fairway,roll,0.000,0
2240,9.3205,-98.363,7.349,-21.675,0.000,7.328,0.021,Fairway,roll,0.000,0
2241,9.3246,-98.364,7.349,-21.676,0.000,7.328,0.021,Fairway,roll,0.000,0
2242,9.3288,-98.365,7.349,-21.676,0.000,7.328,0.021,Fairway,roll,0.000,0
2243,9.3330,-98.366,7.349,-21.676,0.000,7.328,0.021,Fairway,roll,0.000,0
2244,9.3371,-98.367,7.349,-21.677,0.000,7.328,0.021,Fairway,roll,0.000,0
2245,9.3413,-98.367,7.349,-21.677,0.000,7.328,0.021,Fairway,roll,0.000,0
2246,9.3455,-98.368,7.349,-21.678,0.000,7.328,0.021,Fairway,roll,0.000,0
2247,9.3496,-98.369,7.349,-21.678,0.000,7.328,0.021,Fairway,roll,0.000,0
2248,9.3538,-98.370,7.349,-21.678,0.000,7.328,0.021,Fairway,roll,0.000,0
2249,9.3580,-98.371,7.349,-21.679,0.000,7.328,0.021,Fairway,roll,0.000,0
2250,9.3621,-98.372,7.349,-21.679,0.000,7.328,0.021,Fairway,roll,0.000,0
2251,9.3663,-98.372,7.349,-21.679,0.000,7.328,0.021,Fairway,roll,0.000,0
2252,9.3705,-98.373,7.349,-21.680,0.000,7.328,0.021,Fairway,roll,0.000,0
2253,9.3746,-98.374,7.349,-21.680,0.000,7.328,0.021,Fairway,roll,0.000,0
2254,9.3788,-98.375,7.349,-21.680,0.000,7.328,0.021,Fairway,roll,0.000,0
2255,9.3830,-98.376,7.349,-21.681,0.000,7.328,0.021,Fairway,roll,0.000,0
2256,9.3871,-98.377,7.349,-21.681,0.000,7.328,0.021,Fairway,roll,0.000,0
2257,9.3913,-98.377,7.349,-21.681,0.000,7.328,0.021,Fairway,roll,0.000,0
2258,9.3955,-98.378,7.349,-21.682,0.000,7.328,0.021,Fairway,roll,0.000,0
2259,9.3996,-98.379,7.349,-21.682,0.000,7.328,0.021,Fairway,roll,0.000,0
2260,9.4038,-98.380,7.349,-21.682,0.000,7.328,0.021,Fairway,roll,0.000,0
2261,9.4080,-98.381,7.349,-21.683,0.000,7.328,0.021,Fairway,roll,0.000,0
2262,9.4121,-98.382,7.349,-21.683,0.000,7.328,0.021,Fairway,roll,0.000,0
2263,9.4163,-98.382,7.349,-21.683,0.000,7.328,0.021,Fairway,roll,0.000,0
2264,9.4205,-98.383,7.349,-21.684,0.000,7.328,0.021,Fairway,roll,0.000,0
2265,9.4246,-98.384,7.349,-21.684,0.000,7.328,0.021,Fairway,roll,0.000,0
2266,9.4288,-98.385,7.349,-21.684,0.000,7.328,0.021,Fairway,roll,0.000,0
2267,9.4330,-98.386,7.349,-21.685,0.000,7.328,0.021,Fairway,roll,0.000,0
2268,9.4371,-98.386,7.349,-21.685,0.000,7.328,0.021,Fairway,roll,0.000,0
2269,9.4413,-98.387,7.349,-21.685,0.000,7.328,0.021,Fairway,roll,0.000,0
2270,9.4455,-98.388,7.349,-21.686,0.000,7.328,0.021,Fairway,roll,0.000,0
2271,9.4496,-98.389,7.349,-21.686,0.000,7.328,0.021,Fairway,roll,0.000,0
2272,9.4538,-98.390,7.349,-21.686,0.000,7.328,0.021,Fairway,roll,0.000,0
2273,9.4579,-98.391,7.349,-21.687,0.000,7.328,0.021,Fairway,roll,0.000,0
2274,9.4621,-98.391,7.349,-21.687,0.000,7.328,0.021,Fairway,roll,0.000,0
2275,9.4663,-98.392,7.349,-21.687,0.000,7.328,0.021,Fairway,roll,0.000,0
2276,9.4704,-98.393,7.349,-21.688,0.000,7.328,0.021,Fairway,roll,0.000,0
2277,9.4746,-98.394,7.349,-21.688,0.000,7.328,0.021,Fairway,roll,0.000,0
2278,9.4788,-98.395,7.349,-21.688,0.000,7.328,0.021,Fairway,roll,0.000,0
2279,9.4829,-98.396,7.349,-21.689,0.000,7.328,0.021,Fairway,roll,0.000,0
2280,9.4871,-98.396,7.349,-21.689,0.000,7.328,0.021,Fairway,roll,0.000,0
2281,9.4913,-98.397,7.349,-21.689,0.000,7.328,0.021,Fairway,roll,0.000,0
2282,9.4954,-98.398,7.349,-21.690,0.000,7.328,0.021,Fairway,roll,0.000,0
2283,9.4996,-98.399,7.349,-21.690,0.000,7.328,0.021,Fairway,roll,0.000,0
2284,9.5038,-98.400,7.349,-21.690,0.000,7.328,0.021,Fairway,roll,0.000,0
2285,9.5079,-98.400,7.349,-21.691,0.000,7.328,0.021,Fairway,roll,0.000,0
2286,9.5121,-98.401,7.349,-21.691,0.000,7.328,0.021,Fairway,roll,0.000,0
2287,9.5163,-98.402,7.349,-21.691,0.000,7.328,0.021,Fairway,roll,0.000,0
2288,9.5204,-98.403,7.349,-21.692,0.000,7.328,0.021,Fairway,roll,0.000,0
2289,9.5246,-98.404,7.349,-21.692,0.000,7.328,0.021,Fairway,roll,0.000,0
2290,9.5288,-98.404,7.349,-21.692,0.000,7.328,0.021,Fairway,roll,0.000,0
2291,9.5329,-98.405,7.349,-21.693,0.000,7.328,0.021,Fairway,roll,0.000,0
2292,9.5371,-98.406,7.349,-21.693,0.000,7.328,0.021,Fairway,roll,0.000,0
2293,9.5413,-98.407,7.349,-21.693,0.000,7.328,0.021,Fairway,roll,0.000,0
2294,9.5454,-98.408,7.349,-21.694,0.000,7.327,0.021,Fairway,roll,0.000,0
2295,9.5496,-98.409,7.349,-21.694,0.000,7.327,0.021,Fairway,roll,0.000,0
2296,9.5538,-98.409,7.349,-21.694,0.000,7.327,0.021,Fairway,roll,0.000,0
2297,9.5579,-98.410,7.349,-21.695,0.000,7.327,0.021,Fairway,roll,0.000,0
2298,9.5621,-98.411,7.349,-21.695,0.000,7.328,0.021,Fairway,roll,0.000,0
2299,9.5663,-98.412,7.349,-21.695,0.000,7.328,0.021,Fairway,roll,0.000,0
2300,9.5704,-98.413,7.349,-21.696,0.000,7.328,0.021,Fairway,roll,0.000,0
2301,9.5746,-98.413,7.349,-21.696,0.000,7.328,0.021,Fairway,roll,0.000,0
2302,9.5788,-98.414,7.349,-21.696,0.000,7.328,0.021,Fairway,roll,0.000,0
2303,9.5829,-98.415,7.349,-21.697,0.000,7.328,0.021,Fairway,roll,0.000,0
2304,9.5871,-98.416,7.349,-21.697,0.000,7.328,0.021,Fairway,roll,0.000,0
2305,9.5912,-98.417,7.349,-21.697,0.000,7.328,0.021,Fairway,roll,0.000,0
2306,9.5954,-98.417,7.349,-21.698,0.000,7.327,0.021,Fairway,roll,0.000,0
2307,9.5996,-98.418,7.349,-21.698,0.000,7.327,0.021,Fairway,roll,0.000,0
2308,9.6037,-98.419,7.349,-21.698,0.000,7.328,0.021,Fairway,roll,0.000,0
2309,9.6079,-98.420,7.349,-21.699,0.000,7.328,0.021,Fairway,roll,0.000,0
2310,9.6121,-98.421,7.349,-21.699,0.000,7.328,0.021,Fairway,roll,0.000,0
2311,9.6162,-98.421,7.349,-21.699,0.000,7.328,0.021,Fairway,roll,0.000,0
2312,9.6204,-98.422,7.349,-21.700,0.000,7.328,0.021,Fairway,roll,0.000,0
2313,9.6246,-98.423,7.349,-21.700,0.000,7.328,0.021,Fairway,roll,0.000,0
2314,9.6287,-98.424,7.349,-21.700,0.000,7.328,0.021,Fairway,roll,0.000,0
2315,9.6329,-98.425,7.349,-21.701,0.000,7.328,0.021,Fairway,roll,0.000,0
2316,9.6371,-98.425,7.349,-21.701,0.000,7.328,0.021,Fairway,roll,0.000,0
2317,9.6412,-98.426,7.349,-21.701,0.000,7.328,0.021,Fairway,roll,0.000,0
2318,9.6454,-98.427,7.349,-21.702,0.000,7.327,0.021,Fairway,roll,0.000,0
2319,9.6496,-98.428,7.349,-21.702,0.000,7.327,0.021,Fairway,roll,0.000,0
2320,9.6537,-98.429,7.349,-21.702,0.000,7.328,0.021,Fairway,roll,0.000,0
2321,9.6579,-98.429,7.349,-21.703,0.000,7.328,0.021,Fairway,roll,0.000,0
2322,9.6621,-98.430,7.349,-21.703,0.000,7.328,0.021,Fairway,roll,0.000,0
2323,9.6662,-98.431,7.349,-21.703,0.000,7.328,0.021,Fairway,roll,0.000,0
2324,9.6704,-98.432,7.349,-21.704,0.000,7.328,0.021,Fairway,roll,0.000,0
2325,9.6746,-98.432,7.349,-21.704,0.000,7.328,0.021,Fairway,roll,0.000,0
2326,9.6787,-98.433,7.349,-21.704,0.000,7.328,0.021,Fairway,roll,0.000,0
2327,9.6829,-98.434,7.349,-21.705,0.000,7.328,0.021,Fairway,roll,0.000,0
2328,9.6871,-98.435,7.349,-21.705,0.000,7.328,0.021,Fairway,roll,0.000,0
2329,9.6912,-98.436,7.349,-21.705,0.000,7.328,0.021,Fairway,roll,0.000,0
2330,9.6954,-98.436,7.349,-21.706,0.000,7.327,0.021,Fairway,roll,0.000,0
2331,9.6996,-98.437,7.349,-21.706,0.000,7.328,0.021,Fairway,roll,0.000,0
2332,9.7037,-98.438,7.349,-21.707,0.000,7.328,0.021,Fairway,roll,0.000,0
2333,9.7079,-98.439,7.349,-21.707,0.000,7.328,0.021,Fairway,roll,0.000,0
2334,9.7121,-98.440,7.349,-21.707,0.000,7.328,0.021,Fairway,roll,0.000,0
2335,9.7162,-98.440,7.349,-21.707,0.000,7.328,0.021,Fairway,roll,0.000,0
2336,9.7204,-98.441,7.349,-21.708,0.000,7.328,0.021,Fairway,roll,0.000,0
2337,9.7245,-98.442,7.349,-21.708,0.000,7.328,0.021,Fairway,roll,0.000,0
2338,9.7287,-98.443,7.349,-21.708,0.000,7.328,0.021,Fairway,roll,0.000,0
2339,9.7329,-98.444,7.349,-21.709,0.000,7.328,0.021,Fairway,roll,0.000,0
2340,9.7370,-98.444,7.349,-21.709,0.000,7.328,0.021,Fairway,roll,0.000,0
2341,9.7412,-98.445,7.349,-21.709,0.000,7.328,0.021,Fairway,roll,0.000,0
2342,9.7454,-98.446,7.349,-21.710,0.000,7.327,0.021,Fairway,roll,0.000,0
2343,9.7495,-98.447,7.349,-21.710,0.000,7.327,0.021,Fairway,roll,0.000,0
2344,9.7537,-98.447,7.349,-21.710,0.000,7.327,0.021,Fairway,roll,0.000,0
2345,9.7579,-98.448,7.349,-21.711,0.000,7.327,0.021,Fairway,roll,0.000,0
2346,9.7620,-98.449,7.349,-21.711,0.000,7.327,0.021,Fairway,roll,0.000,0
2347,9.7662,-98.450,7.349,-21.711,0.000,7.327,0.021,Fairway,roll,0.000,0
2348,9.7704,-98.451,7.349,-21.712,0.000,7.327,0.021,Fairway,roll,0.000,0
2349,9.7745,-98.451,7.349,-21.712,0.000,7.327,0.021,Fairway,roll,0.000,0
2350,9.7787,-98.452,7.349,-21.712,0.000,7.327,0.021,Fairway,roll,0.000,0
2351,9.7829,-98.453,7.349,-21.713,0.000,7.327,0.021,Fairway,roll,0.000,0
2352,9.7870,-98.454,7.349,-21.713,0.000,7.327,0.021,Fairway,roll,0.000,0
2353,9.7912,-98.454,7.349,-21.713,0.000,7.328,0.021,Fairway,roll,0.000,0
2354,9.7954,-98.455,7.349,-21.714,0.000,7.327,0.021,Fairway,roll,0.000,0
2355,9.7995,-98.456,7.349,-21.714,0.000,7.327,0.021,Fairway,roll,0.000,0
2356,9.8037,-98.457,7.349,-21.714,0.000,7.327,0.021,Fairway,roll,0.000,0
2357,9.8079,-98.458,7.349,-21.715,0.000,7.327,0.021,Fairway,roll,0.000,0
2358,9.8120,-98.458,7.349,-21.715,0.000,7.327,0.021,Fairway,roll,0.000,0
2359,9.8162,-98.459,7.349,-21.715,0.000,7.327,0.021,Fairway,roll,0.000,0
2360,9.8204,-98.460,7.349,-21.715,0.000,7.327,0.021,Fairway,roll,0.000,0
2361,9.8245,-98.461,7.349,-21.716,0.000,7.327,0.021,Fairway,roll,0.000,0
2362,9.8287,-98.461,7.349,-21.716,0.000,7.327,0.021,Fairway,roll,0.000,0
2363,9.8329,-98.462,7.349,-21.716,0.000,7.327,0.021,Fairway,roll,0.000,0
2364,9.8370,-98.463,7.349,-21.717,0.000,7.328,0.021,Fairway,roll,0.000,0
2365,9.8412,-98.464,7.349,-21.717,0.000,7.328,0.021,Fairway,roll,0.000,0
2366,9.8454,-98.464,7.349,-21.717,0.000,7.328,0.021,Fairway,roll,0.000,0
2367,9.8495,-98.465,7.349,-21.718,0.000,7.327,0.021,Fairway,roll,0.000,0
2368,9.8537,-98.466,7.349,-21.718,0.000,7.327,0.021,Fairway,roll,0.000,0
2369,9.8578,-98.467,7.349,-21.718,0.000,7.327,0.021,Fairway,roll,0.000,0
2370,9.8620,-98.467,7.349,-21.719,0.000,7.327,0.021,Fairway,roll,0.000,0
2371,9.8662,-98.468,7.349,-21.719,0.000,7.327,0.021,Fairway,roll,0.000,0
2372,9.8703,-98.469,7.349,-21.719,0.000,7.327,0.021,Fairway,roll,0.000,0
2373,9.8745,-98.470,7.349,-21.720,0.000,7.327,0.021,Fairway,roll,0.000,0
2374,9.8787,-98.471,7.349,-21.720,0.000,7.327,0.021,Fairway,roll,0.000,0
2375,9.8828,-98.471,7.349,-21.720,0.000,7.327,0.021,Fairway,roll,0.000,0
2376,9.8870,-98.472,7.349,-21.721,0.000,7.328,0.021,Fairway,roll,0.000,0
2377,9.8912,-98.473,7.349,-21.721,0.000,7.328,0.021,Fairway,roll,0.000,0
2378,9.8953,-98.474,7.349,-21.721,0.000,7.328,0.021,Fairway,roll,0.000,0
2379,9.8995,-98.474,7.349,-21.722,0.000,7.327,0.021,Fairway,roll,0.000,0
2380,9.9037,-98.475,7.349,-21.722,0.000,7.327,0.021,Fairway,roll,0.000,0
2381,9.9078,-98.476,7.349,-21.722,0.000,7.327,0.021,Fairway,roll,0.000,0
2382,9.9120,-98.477,7.349,-21.723,0.000,7.327,0.021,Fairway,roll,0.000,0
2383,9.9162,-98.477,7.349,-21.723,0.000,7.327,0.021,Fairway,roll,0.000,0
2384,9.9203,-98.478,7.349,-21.723,0.000,7.327,0.021,Fairway,roll,0.000,0
2385,9.9245,-98.479,7.349,-21.724,0.000,7.327,0.021,Fairway,roll,0.000,0
2386,9.9287,-98.480,7.349,-21.724,0.000,7.327,0.021,Fairway,roll,0.000,0
2387,9.9328,-98.480,7.349,-21.724,0.000,7.327,0.021,Fairway,roll,0.000,0
2388,9.9370,-98.481,7.349,-21.724,0.000,7.328,0.021,Fairway,roll,0.000,0
2389,9.9412,-98.482,7.349,-21.725,0.000,7.328,0.021,Fairway,roll,0.000,0
2390,9.9453,-98.483,7.349,-21.725,0.000,7.328,0.021,Fairway,roll,0.000,0
2391,9.9495,-98.483,7.349,-21.725,0.000,7.328,0.021,Fairway,roll,0.000,0
2392,9.9537,-98.484,7.349,-21.726,0.000,7.327,0.021,Fairway,roll,0.000,0
2393,9.9578,-98.485,7.349,-21.726,0.000,7.327,0.021,Fairway,roll,0.000,0
2394,9.9620,-98.486,7.349,-21.726,0.000,7.327,0.021,Fairway,roll,0.000,0
2395,9.9662,-98.486,7.349,-21.727,0.000,7.327,0.021,Fairway,roll,0.000,0
2396,9.9703,-98.487,7.349,-21.727,0.000,7.327,0.021,Fairway,roll,0.000,0
2397,9.9745,-98.488,7.349,-21.727,0.000,7.327,0.021,Fairway,roll,0.000,0
2398,9.9787,-98.489,7.349,-21.728,0.000,7.327,0.021,Fairway,roll,0.000,0
2399,9.9828,-98.489,7.349,-21.728,0.000,7.327,0.021,Fairway,roll,0.000,0
2400,9.9870,-98.490,7.349,-21.728,0.000,7.327,0.021,Fairway,roll,0.000,0
2401,9.9912,-98.491,7.349,-21.729,0.000,7.327,0.021,Fairway,roll,0.000,0
2402,9.9953,-98.492,7.349,-21.729,0.000,7.327,0.021,Fairway,roll,0.000,0
2403,9.9995,-98.492,7.349,-21.729,0.000,7.327,0.021,Fairway,roll,0.000,0
2404,10.0037,-98.493,7.349,-21.730,0.000,7.327,0.021,Fairway,roll,0.000,0
2405,10.0078,-98.494,7.349,-21.730,0.000,7.327,0.021,Fairway,roll,0.000,0
2406,10.0120,-98.495,7.349,-21.730,0.000,7.327,0.021,Fairway,roll,0.000,0
2407,10.0161,-98.495,7.349,-21.731,0.000,7.327,0.021,Fairway,roll,0.000,0
2408,10.0203,-98.496,7.349,-21.731,0.000,7.327,0.021,Fairway,roll,0.000,0
2409,10.0245,-98.497,7.349,-21.731,0.000,7.327,0.021,Fairway,roll,0.000,0
2410,10.0286,-98.498,7.349,-21.732,0.000,7.327,0.021,Fairway,roll,0.000,0
2411,10.0328,-98.498,7.349,-21.732,0.000,7.327,0.021,Fairway,roll,0.000,0
2412,10.0370,-98.499,7.349,-21.732,0.000,7.327,0.021,Fairway,roll,0.000,0
2413,10.0411,-98.500,7.349,-21.732,0.000,7.327,0.021,Fairway,roll,0.000,0
2414,10.0453,-98.501,7.349,-21.733,0.000,7.327,0.021,Fairway,roll,0.000,0
2415,10.0495,-98.501,7.349,-21.733,0.000,7.327,0.021,Fairway,roll,0.000,0
2416,10.0536,-98.502,7.349,-21.733,0.000,7.327,0.021,Fairway,roll,0.000,0
2417,10.0578,-98.503,7.349,-21.734,0.000,7.327,0.021,Fairway,roll,0.000,0
2418,10.0620,-98.504,7.349,-21.734,0.000,7.327,0.021,Fairway,roll,0.000,0
2419,10.0661,-98.504,7.349,-21.734,0.000,7.327,0.021,Fairway,roll,0.000,0
2420,10.0703,-98.505,7.349,-21.735,0.000,7.327,0.021,Fairway,roll,0.000,0
2421,10.0745,-98.506,7.349,-21.735,0.000,7.327,0.021,Fairway,roll,0.000,0
2422,10.0786,-98.507,7.349,-21.735,0.000,7.327,0.021,Fairway,roll,0.000,0
2423,10.0828,-98.507,7.349,-21.736,0.000,7.327,0.021,Fairway,roll,0.000,0
2424,10.0870,-98.508,7.349,-21.736,0.000,7.327,0.021,Fairway,roll,0.000,0
2425,10.0911,-98.509,7.349,-21.736,0.000,7.327,0.021,Fairway,roll,0.000,0
2426,10.0953,-98.510,7.349,-21.736,0.000,7.327,0.021,Fairway,roll,0.000,0
2427,10.0995,-98.510,7.349,-21.737,0.000,7.327,0.021,Fairway,roll,0.000,0
2428,10.1036,-98.511,7.349,-21.737,0.000,7.327,0.021,Fairway,roll,0.000,0
2429,10.1078,-98.512,7.349,-21.737,0.000,7.327,0.021,Fairway,roll,0.000,0
2430,10.1120,-98.512,7.349,-21.738,0.000,7.327,0.021,Fairway,roll,0.000,0
2431,10.1161,-98.513,7.349,-21.738,0.000,7.327,0.021,Fairway,roll,0.000,0
2432,10.1203,-98.514,7.349,-21.738,0.000,7.327,0.021,Fairway,roll,0.000,0
2433,10.1245,-98.515,7.349,-21.739,0.000,7.327,0.021,Fairway,roll,0.000,0
2434,10.1286,-98.515,7.349,-21.739,0.000,7.327,0.021,Fairway,roll,0.000,0
2435,10.1328,-98.516,7.349,-21.739,0.000,7.327,0.021,Fairway,roll,0.000,0
2436,10.1370,-98.517,7.349,-21.739,0.000,7.327,0.021,Fairway,roll,0.000,0
2437,10.1411,-98.518,7.349,-21.740,0.000,7.327,0.021,Fairway,roll,0.000,0
2438,10.1453,-98.518,7.349,-21.740,0.000,7.327,0.021,Fairway,roll,0.000,0
2439,10.1494,-98.519,7.349,-21.740,0.000,7.327,0.021,Fairway,roll,0.000,0
2440,10.1536,-98.520,7.349,-21.741,0.000,7.327,0.021,Fairway,roll,0.000,0
2441,10.1578,-98.521,7.349,-21.741,0.000,7.327,0.021,Fairway,roll,0.000,0
2442,10.1619,-98.521,7.349,-21.741,0.000,7.327,0.021,Fairway,roll,0.000,0
2443,10.1661,-98.522,7.348,-21.742,0.000,7.327,0.021,Fairway,roll,0.000,0
2444,10.1703,-98.523,7.348,-21.742,0.000,7.327,0.021,Fairway,roll,0.000,0
2445,10.1744,-98.523,7.348,-21.742,0.000,7.327,0.021,Fairway,roll,0.000,0
2446,10.1786,-98.524,7.348,-21.743,0.000,7.327,0.021,Fairway,roll,0.000,0
2447,10.1828,-98.525,7.349,-21.743,0.000,7.327,0.021,Fairway,roll,0.000,0
2448,10.1869,-98.526,7.349,-21.743,0.000,7.327,0.021,Fairway,roll,0.000,0
2449,10.1911,-98.526,7.349,-21.743,0.000,7.327,0.021,Fairway,roll,0.000,0
2450,10.1953,-98.527,7.349,-21.744,0.000,7.327,0.021,Fairway,roll,0.000,0
2451,10.1994,-98.528,7.349,-21.744,0.000,7.327,0.021,Fairway,roll,0.000,0
2452,10.2036,-98.529,7.349,-21.744,0.000,7.327,0.021,Fairway,roll,0.000,0
2453,10.2078,-98.529,7.349,-21.745,0.000,7.327,0.021,Fairway,roll,0.000,0
2454,10.2119,-98.530,7.349,-21.745,0.000,7.327,0.021,Fairway,roll,0.000,0
2455,10.2161,-98.531,7.349,-21.745,0.000,7.327,0.021,Fairway,roll,0.000,0
2456,10.2203,-98.531,7.348,-21.746,0.000,7.327,0.021,Fairway,roll,0.000,0
2457,10.2244,-98.532,7.348,-21.746,0.000,7.327,0.021,Fairway,roll,0.000,0
2458,10.2286,-98.533,7.348,-21.746,0.000,7.327,0.021,Fairway,roll,0.000,0
2459,10.2328,-98.534,7.349,-21.747,0.000,7.327,0.021,Fairway,roll,0.000,0
2460,10.2369,-98.534,7.349,-21.747,0.000,7.327,0.021,Fairway,roll,0.000,0
2461,10.2411,-98.535,7.349,-21.747,0.000,7.327,0.021,Fairway,roll,0.000,0
2462,10.2453,-98.536,7.349,-21.747,0.000,7.327,0.021,Fairway,roll,0.000,0
2463,10.2494,-98.536,7.349,-21.748,0.000,7.327,0.021,Fairway,roll,0.000,0
2464,10.2536,-98.537,7.349,-21.748,0.000,7.327,0.021,Fairway,roll,0.000,0
2465,10.2578,-98.538,7.349,-21.748,0.000,7.327,0.021,Fairway,roll,0.000,0
2466,10.2619,-98.539,7.349,-21.749,0.000,7.327,0.021,Fairway,roll,0.000,0
2467,10.2661,-98.539,7.349,-21.749,0.000,7.327,0.021,Fairway,roll,0.000,0
2468,10.2703,-98.540,7.349,-21.749,0.000,7.327,0.021,Fairway,roll,0.000,0
2469,10.2744,-98.541,7.348,-21.750,0.000,7.327,0.021,Fairway,roll,0.000,0
2470,10.2786,-98.541,7.348,-21.750,0.000,7.327,0.021,Fairway,roll,0.000,0
2471,10.2828,-98.542,7.349,-21.750,0.000,7.327,0.021,Fairway,roll,0.000,0
2472,10.2869,-98.543,7.349,-21.750,0.000,7.327,0.021,Fairway,roll,0.000,0
2473,10.2911,-98.544,7.349,-21.751,0.000,7.327,0.021,Fairway,roll,0.000,0
2474,10.2952,-98.544,7.349,-21.751,0.000,7.327,0.021,Fairway,roll,0.000,0
2475,10.2994,-98.545,7.349,-21.751,0.000,7.327,0.021,Fairway,roll,0.000,0
2476,10.3036,-98.546,7.349,-21.752,0.000,7.327,0.021,Fairway,roll,0.000,0
2477,10.3077,-98.546,7.349,-21.752,0.000,7.327,0.021,Fairway,roll,0.000,0
2478,10.3119,-98.547,7.349,-21.752,0.000,7.327,0.021,Fairway,roll,0.000,0
2479,10.3161,-98.548,7.349,-21.753,0.000,7.327,0.021,Fairway,roll,0.000,0
2480,10.3202,-98.549,7.349,-21.753,0.000,7.327,0.021,Fairway,roll,0.000,0
2481,10.3244,-98.549,7.349,-21.753,0.000,7.327,0.021,Fairway,roll,0.000,0
2482,10.3286,-98.550,7.348,-21.754,0.000,7.327,0.021,Fairway,roll,0.000,0
2483,10.3327,-98.551,7.348,-21.754,0.000,7.327,0.021,Fairway,roll,0.000,0
2484,10.3369,-98.551,7.348,-21.754,0.000,7.327,0.021,Fairway,roll,0.000,0
2485,10.3411,-98.552,7.348,-21.754,0.000,7.327,0.021,Fairway,roll,0.000,0
2486,10.3452,-98.553,7.348,-21.755,0.000,7.327,0.021,Fairway,roll,0.000,0
2487,10.3494,-98.554,7.348,-21.755,0.000,7.327,0.021,Fairway,roll,0.000,0
2488,10.3536,-98.554,7.348,-21.755,0.000,7.327,0.021,Fairway,roll,0.000,0
2489,10.3577,-98.555,7.348,-21.756,0.000,7.327,0.021,Fairway,roll,0.000,0
2490,10.3619,-98.556,7.348,-21.756,0.000,7.327,0.021,Fairway,roll,0.000,0
2491,10.3661,-98.556,7.348,-21.756,0.000,7.327,0.021,Fairway,roll,0.000,0
2492,10.3702,-98.557,7.348,-21.757,0.000,7.327,0.021,Fairway,roll,0.000,0
2493,10.3744,-98.558,7.348,-21.757,0.000,7.327,0.021,Fairway,roll,0.000,0
2494,10.3786,-98.558,7.348,-21.757,0.000,7.327,0.021,Fairway,roll,0.000,0
2495,10.3827,-98.559,7.348,-21.757,0.000,7.327,0.021,Fairway,roll,0.000,0
2496,10.3869,-98.560,7.348,-21.758,0.000,7.327,0.021,Fairway,roll,0.000,0
2497,10.3911,-98.561,7.348,-21.758,0.000,7.327,0.021,Fairway,roll,0.000,0
2498,10.3952,-98.561,7.348,-21.758,0.000,7.327,0.021,Fairway,roll,0.000,0
2499,10.3994,-98.562,7.348,-21.759,0.000,7.327,0.021,Fairway,roll,0.000,0
2500,10.4036,-98.563,7.348,-21.759,0.000,7.327,0.021,Fairway,roll,0.000,0
2501,10.4077,-98.563,7.348,-21.759,0.000,7.327,0.021,Fairway,roll,0.000,0
2502,10.4119,-98.564,7.348,-21.759,0.000,7.327,0.021,Fairway,roll,0.000,0
2503,10.4161,-98.565,7.348,-21.760,0.000,7.327,0.021,Fairway,roll,0.000,0
2504,10.4202,-98.565,7.348,-21.760,0.000,7.327,0.021,Fairway,roll,0.000,0
2505,10.4244,-98.566,7.348,-21.760,0.000,7.327,0.021,Fairway,roll,0.000,0
2506,10.4285,-98.567,7.348,-21.761,0.000,7.327,0.021,Fairway,roll,0.000,0
2507,10.4327,-98.568,7.348,-21.761,0.000,7.327,0.021,Fairway,roll,0.000,0
2508,10.4369,-98.568,7.348,-21.761,0.000,7.327,0.021,Fairway,roll,0.000,0
2509,10.4410,-98.569,7.348,-21.762,0.000,7.327,0.021,Fairway,roll,0.000,0
2510,10.4452,-98.570,7.348,-21.762,0.000,7.327,0.021,Fairway,roll,0.000,0
2511,10.4494,-98.570,7.348,-21.762,0.000,7.327,0.021,Fairway,roll,0.000,0
2512,10.4535,-98.571,7.348,-21.762,0.000,7.327,0.021,Fairway,roll,0.000,0
2513,10.4577,-98.572,7.348,-21.763,0.000,7.327,0.021,Fairway,roll,0.000,0
2514,10.4619,-98.572,7.348,-21.763,0.000,7.327,0.021,Fairway,roll,0.000,0
2515,10.4660,-98.573,7.348,-21.763,0.000,7.327,0.021,Fairway,roll,0.000,0
2516,10.4702,-98.574,7.348,-21.764,0.000,7.327,0.021,Fairway,roll,0.000,0
2517,10.4744,-98.575,7.348,-21.764,0.000,7.327,0.021,Fairway,roll,0.000,0
2518,10.4785,-98.575,7.348,-21.764,0.000,7.327,0.021,Fairway,roll,0.000,0
2519,10.4827,-98.576,7.348,-21.764,0.000,7.327,0.021,Fairway,roll,0.000,0
2520,10.4869,-98.577,7.348,-21.765,0.000,7.327,0.021,Fairway,roll,0.000,0
2521,10.4910,-98.577,7.349,-21.765,0.000,7.327,0.021,Fairway,roll,0.000,0
2522,10.4952,-98.578,7.349,-21.765,0.000,7.327,0.021,Fairway,roll,0.000,0
2523,10.4994,-98.579,7.348,-21.766,0.000,7.327,0.021,Fairway,roll,0.000,0
2524,10.5035,-98.579,7.348,-21.766,0.000,7.327,0.021,Fairway,roll,0.000,0
2525,10.5077,-98.580,7.348,-21.766,0.000,7.327,0.021,Fairway,roll,0.000,0
2526,10.5119,-98.581,7.348,-21.766,0.000,7.327,0.021,Fairway,roll,0.000,0
2527,10.5160,-98.581,7.348,-21.767,0.000,7.327,0.021,Fairway,roll,0.000,0
2528,10.5202,-98.582,7.348,-21.767,0.000,7.327,0.021,Fairway,roll,0.000,0
2529,10.5244,-98.583,7.348,-21.767,0.000,7.327,0.021,Fairway,roll,0.000,0
2530,10.5285,-98.583,7.348,-21.768,0.000,7.327,0.021,Fairway,roll,0.000,0
2531,10.5327,-98.584,7.348,-21.768,0.000,7.327,0.021,Fairway,roll,0.000,0
2532,10.5369,-98.585,7.348,-21.768,0.000,7.327,0.021,Fairway,roll,0.000,0
2533,10.5410,-98.585,7.348,-21.768,0.000,7.327,0.021,Fairway,roll,0.000,0
2534,10.5452,-98.586,7.349,-21.769,0.000,7.327,0.021,Fairway,roll,0.000,0
2535,10.5494,-98.587,7.349,-21.769,0.000,7.327,0.021,Fairway,roll,0.000,0
2536,10.5535,-98.588,7.348,-21.769,0.000,7.327,0.021,Fairway,roll,0.000,0
2537,10.5577,-98.588,7.348,-21.770,0.000,7.327,0.021,Fairway,roll,0.000,0
2538,10.5618,-98.589,7.348,-21.770,0.000,7.327,0.021,Fairway,roll,0.000,0
2539,10.5660,-98.590,7.348,-21.770,0.000,7.327,0.021,Fairway,roll,0.000,0
2540,10.5702,-98.590,7.348,-21.771,0.000,7.327,0.021,Fairway,roll,0.000,0
2541,10.5743,-98.591,7.348,-21.771,0.000,7.327,0.021,Fairway,roll,0.000,0
2542,10.5785,-98.592,7.348,-21.771,0.000,7.327,0.021,Fairway,roll,0.000,0
2543,10.5827,-98.592,7.348,-21.771,0.000,7.327,0.021,Fairway,roll,0.000,0
2544,10.5868,-98.593,7.348,-21.772,0.000,7.327,0.021,Fairway,roll,0.000,0
2545,10.5910,-98.594,7.348,-21.772,0.000,7.327,0.021,Fairway,roll,0.000,0
2546,10.5952,-98.594,7.348,-21.772,0.000,7.327,0.021,Fairway,roll,0.000,0
2547,10.5993,-98.595,7.348,-21.773,0.000,7.327,0.021,Fairway,roll,0.000,0
2548,10.6035,-98.596,7.348,-21.773,0.000,7.327,0.021,Fairway,roll,0.000,0
2549,10.6077,-98.596,7.348,-21.773,0.000,7.327,0.021,Fairway,roll,0.000,0
2550,10.6118,-98.597,7.348,-21.773,0.000,7.327,0.021,Fairway,roll,0.000,0
2551,10.6160,-98.598,7.348,-21.774,0.000,7.327,0.021,Fairway,roll,0.000,0
2552,10.6202,-98.598,7.348,-21.774,0.000,7.327,0.021,Fairway,roll,0.000,0
2553,10.6243,-98.599,7.348,-21.774,0.000,7.327,0.021,Fairway,roll,0.000,0
2554,10.6285,-98.600,7.348,-21.775,0.000,7.327,0.021,Fairway,roll,0.000,0
2555,10.6327,-98.600,7.348,-21.775,0.000,7.327,0.021,Fairway,roll,0.000,0
2556,10.6368,-98.601,7.348,-21.775,0.000,7.327,0.021,Fairway,roll,0.000,0
2557,10.6410,-98.602,7.348,-21.775,0.000,7.327,0.021,Fairway,roll,0.000,0
2558,10.6452,-98.602,7.348,-21.776,0.000,7.327,0.021,Fairway,roll,0.000,0
2559,10.6493,-98.603,7.348,-21.776,0.000,7.327,0.021,Fairway,roll,0.000,0
2560,10.6535,-98.604,7.348,-21.776,0.000,7.327,0.021,Fairway,roll,0.000,0
2561,10.6577,-98.604,7.348,-21.777,0.000,7.327,0.021,Fairway,roll,0.000,0
2562,10.6618,-98.605,7.348,-21.777,0.000,7.327,0.021,Fairway,roll,0.000,0
2563,10.6660,-98.606,7.348,-21.777,0.000,7.327,0.021,Fairway,roll,0.000,0
2564,10.6702,-98.606,7.348,-21.777,0.000,7.327,0.021,Fairway,roll,0.000,0
2565,10.6743,-98.607,7.348,-21.778,0.000,7.327,0.021,Fairway,roll,0.000,0
2566,10.6785,-98.608,7.348,-21.778,0.000,7.327,0.021,Fairway,roll,0.000,0
2567,10.6827,-98.608,7.348,-21.778,0.000,7.327,0.021,Fairway,roll,0.000,0
2568,10.6868,-98.609,7.348,-21.779,0.000,7.327,0.021,Fairway,roll,0.000,0
2569,10.6910,-98.610,7.348,-21.779,0.000,7.327,0.021,Fairway,roll,0.000,0
2570,10.6951,-98.610,7.348,-21.779,0.000,7.327,0.021,Fairway,roll,0.000,0
2571,10.6993,-98.611,7.348,-21.780,0.000,7.327,0.021,Fairway,roll,0.000,0
2572,10.7035,-98.612,7.348,-21.780,0.000,7.327,0.021,Fairway,roll,0.000,0
2573,10.7076,-98.612,7.348,-21.780,0.000,7.327,0.021,Fairway,roll,0.000,0
2574,10.7118,-98.613,7.348,-21.780,0.000,7.327,0.021,Fairway,roll,0.000,0
2575,10.7160,-98.614,7.348,-21.781,0.000,7.327,0.021,Fairway,roll,0.000,0
2576,10.7201,-98.615,7.348,-21.781,0.000,7.327,0.021,Fairway,roll,0.000,0
2577,10.7243,-98.615,7.348,-21.781,0.000,7.327,0.021,Fairway,roll,0.000,0
2578,10.7285,-98.616,7.348,-21.781,0.000,7.327,0.021,Fairway,roll,0.000,0
2579,10.7326,-98.616,7.348,-21.782,0.000,7.327,0.021,Fairway,roll,0.000,0
2580,10.7368,-98.617,7.348,-21.782,0.000,7.327,0.021,Fairway,roll,0.000,0
2581,10.7410,-98.618,7.348,-21.782,0.000,7.327,0.021,Fairway,roll,0.000,0
2582,10.7451,-98.618,7.348,-21.783,0.000,7.327,0.021,Fairway,roll,0.000,0
2583,10.7493,-98.619,7.348,-21.783,0.000,7.327,0.021,Fairway,roll,0.000,0
2584,10.7535,-98.620,7.348,-21.783,0.000,7.327,0.021,Fairway,roll,0.000,0
2585,10.7576,-98.620,7.348,-21.783,0.000,7.327,0.021,Fairway,roll,0.000,0
2586,10.7618,-98.621,7.348,-21.784,0.000,7.327,0.021,Fairway,roll,0.000,0
2587,10.7660,-98.622,7.348,-21.784,0.000,7.327,0.021,Fairway,roll,0.000,0
2588,10.7701,-98.622,7.348,-21.784,0.000,7.327,0.021,Fairway,roll,0.000,0
2589,10.7743,-98.623,7.348,-21.784,0.000,7.327,0.021,Fairway,roll,0.000,0
2590,10.7785,-98.624,7.348,-21.785,0.000,7.327,0.021,Fairway,roll,0.000,0
2591,10.7826,-98.624,7.348,-21.785,0.000,7.327,0.021,Fairway,roll,0.000,0
2592,10.7868,-98.625,7.348,-21.785,0.000,7.327,0.021,Fairway,roll,0.000,0
2593,10.7910,-98.626,7.348,-21.786,0.000,7.327,0.021,Fairway,roll,0.000,0
2594,10.7951,-98.626,7.348,-21.786,0.000,7.327,0.021,Fairway,roll,0.000,0
2595,10.7993,-98.627,7.348,-21.786,0.000,7.327,0.021,Fairway,roll,0.000,0
2596,10.8035,-98.628,7.348,-21.786,0.000,7.327,0.021,Fairway,roll,0.000,0
2597,10.8076,-98.628,7.348,-21.787,0.000,7.327,0.021,Fairway,roll,0.000,0
2598,10.8118,-98.629,7.348,-21.787,0.000,7.327,0.021,Fairway,roll,0.000,0
2599,10.8160,-98.630,7.348,-21.787,0.000,7.327,0.021,Fairway,roll,0.000,0
2600,10.8201,-98.630,7.348,-21.787,0.000,7.327,0.021,Fairway,roll,0.000,0
2601,10.8243,-98.631,7.348,-21.788,0.000,7.327,0.021,Fairway,roll,0.000,0
2602,10.8285,-98.632,7.348,-21.788,0.000,7.327,0.021,Fairway,roll,0.000,0
2603,10.8326,-98.632,7.348,-21.788,0.000,7.327,0.021,Fairway,roll,0.000,0
2604,10.8368,-98.633,7.348,-21.789,0.000,7.327,0.021,Fairway,roll,0.000,0
2605,10.8409,-98.634,7.348,-21.789,0.000,7.327,0.021,Fairway,roll,0.000,0
2606,10.8451,-98.634,7.348,-21.789,0.000,7.327,0.021,Fairway,roll,0.000,0
2607,10.8493,-98.635,7.348,-21.789,0.000,7.327,0.021,Fairway,roll,0.000,0
2608,10.8534,-98.636,7.348,-21.790,0.000,7.327,0.021,Fairway,roll,0.000,0
2609,10.8576,-98.636,7.348,-21.790,0.000,7.327,0.021,Fairway,roll,0.000,0
2610,10.8618,-98.637,7.348,-21.790,0.000,7.327,0.021,Fairway,roll,0.000,0
2611,10.8659,-98.637,7.348,-21.791,0.000,7.327,0.021,Fairway,roll,0.000,0
2612,10.8701,-98.638,7.348,-21.791,0.000,7.327,0.021,Fairway,roll,0.000,0
2613,10.8743,-98.639,7.348,-21.791,0.000,7.327,0.021,Fairway,roll,0.000,0
2614,10.8784,-98.639,7.348,-21.791,0.000,7.327,0.021,Fairway,roll,0.000,0
2615,10.8826,-98.640,7.348,-21.792,0.000,7.327,0.021,Fairway,roll,0.000,0
2616,10.8868,-98.641,7.348,-21.792,0.000,7.327,0.021,Fairway,roll,0.000,0
2617,10.8909,-98.641,7.348,-21.792,0.000,7.327,0.021,Fairway,roll,0.000,0
2618,10.8951,-98.642,7.348,-21.792,0.000,7.327,0.021,Fairway,roll,0.000,0
2619,10.8993,-98.643,7.348,-21.793,0.000,7.327,0.021,Fairway,roll,0.000,0
2620,10.9034,-98.643,7.348,-21.793,0.000,7.327,0.021,Fairway,roll,0.000,0
2621,10.9076,-98.644,7.348,-21.793,0.000,7.327,0.021,Fairway,roll,0.000,0
2622,10.9118,-98.645,7.348,-21.794,0.000,7.327,0.021,Fairway,roll,0.000,0
2623,10.9159,-98.645,7.348,-21.794,0.000,7.327,0.021,Fairway,roll,0.000,0
2624,10.9201,-98.646,7.348,-21.794,0.000,7.327,0.021,Fairway,roll,0.000,0
2625,10.9243,-98.646,7.348,-21.794,0.000,7.327,0.021,Fairway,roll,0.000,0
2626,10.9284,-98.647,7.348,-21.795,0.000,7.327,0.021,Fairway,roll,0.000,0
2627,10.9326,-98.648,7.348,-21.795,0.000,7.327,0.021,Fairway,roll,0.000,0
2628,10.9368,-98.648,7.348,-21.795,0.000,7.327,0.021,Fairway,roll,0.000,0
2629,10.9409,-98.649,7.348,-21.795,0.000,7.327,0.021,Fairway,roll,0.000,0
2630,10.9451,-98.650,7.348,-21.796,0.000,7.327,0.021,Fairway,roll,0.000,0
2631,10.9493,-98.650,7.348,-21.796,0.000,7.327,0.021,Fairway,roll,0.000,0
2632,10.9534,-98.651,7.348,-21.796,0.000,7.327,0.021,Fairway,roll,0.000,0
2633,10.9576,-98.652,7.348,-21.797,0.000,7.327,0.021,Fairway,roll,0.000,0
2634,10.9618,-98.652,7.348,-21.797,0.000,7.327,0.021,Fairway,roll,0.000,0
2635,10.9659,-98.653,7.348,-21.797,0.000,7.327,0.021,Fairway,roll,0.000,0
2636,10.9701,-98.653,7.348,-21.797,0.000,7.327,0.021,Fairway,roll,0.000,0
2637,10.9742,-98.654,7.348,-21.798,0.000,7.327,0.021,Fairway,roll,0.000,0
2638,10.9784,-98.655,7.348,-21.798,0.000,7.327,0.021,Fairway,roll,0.000,0
2639,10.9826,-98.655,7.348,-21.798,0.000,7.327,0.021,Fairway,roll,0.000,0
2640,10.9867,-98.656,7.348,-21.798,0.000,7.327,0.021,Fairway,roll,0.000,0
2641,10.9909,-98.657,7.348,-21.799,0.000,7.327,0.021,Fairway,roll,0.000,0
2642,10.9951,-98.657,7.348,-21.799,0.000,7.327,0.021,Fairway,roll,0.000,0
2643,10.9992,-98.658,7.348,-21.799,0.000,7.327,0.021,Fairway,roll,0.000,0
2644,11.0034,-98.659,7.348,-21.800,0.000,7.327,0.021,Fairway,roll,0.000,0
2645,11.0076,-98.659,7.348,-21.800,0.000,7.327,0.021,Fairway,roll,0.000,0
2646,11.0117,-98.660,7.348,-21.800,0.000,7.327,0.021,Fairway,roll,0.000,0
2647,11.0159,-98.660,7.348,-21.800,0.000,7.327,0.021,Fairway,roll,0.000,0
2648,11.0201,-98.661,7.348,-21.801,0.000,7.327,0.021,Fairway,roll,0.000,0
2649,11.0242,-98.662,7.348,-21.801,0.000,7.327,0.021,Fairway,roll,0.000,0
2650,11.0284,-98.662,7.348,-21.801,0.000,7.327,0.021,Fairway,roll,0.000,0
2651,11.0326,-98.663,7.348,-21.802,0.000,7.327,0.021,Fairway,roll,0.000,0
2652,11.0367,-98.664,7.348,-21.802,0.000,7.327,0.021,Fairway,roll,0.000,0
2653,11.0409,-98.664,7.348,-21.802,0.000,7.327,0.021,Fairway,roll,0.000,0
2654,11.0451,-98.665,7.348,-21.802,0.000,7.327,0.021,Fairway,roll,0.000,0
2655,11.0492,-98.666,7.348,-21.803,0.000,7.327,0.021,Fairway,roll,0.000,0
2656,11.0534,-98.666,7.348,-21.803,0.000,7.327,0.021,Fairway,roll,0.000,0
2657,11.0576,-98.667,7.348,-21.803,0.000,7.327,0.021,Fairway,roll,0.000,0
2658,11.0617,-98.667,7.348,-21.803,0.000,7.327,0.021,Fairway,roll,0.000,0
2659,11.0659,-98.668,7.348,-21.804,0.000,7.327,0.021,Fairway,roll,0.000,0
2660,11.0701,-98.669,7.348,-21.804,0.000,7.327,0.021,Fairway,roll,0.000,0
2661,11.0742,-98.669,7.348,-21.804,0.000,7.327,0.021,Fairway,roll,0.000,0
2662,11.0784,-98.670,7.348,-21.804,0.000,7.327,0.021,Fairway,roll,0.000,0
2663,11.0826,-98.671,7.348,-21.805,0.000,7.327,0.021,Fairway,roll,0.000,0
2664,11.0867,-98.671,7.348,-21.805,0.000,7.327,0.021,Fairway,roll,0.000,0
2665,11.0909,-98.672,7.348,-21.805,0.000,7.327,0.021,Fairway,roll,0.000,0
2666,11.0951,-98.672,7.348,-21.805,0.000,7.327,0.021,Fairway,roll,0.000,0
2667,11.0992,-98.673,7.348,-21.806,0.000,7.327,0.021,Fairway,roll,0.000,0
2668,11.1034,-98.674,7.348,-21.806,0.000,7.327,0.021,Fairway,roll,0.000,0
2669,11.1075,-98.674,7.348,-21.806,0.000,7.327,0.021,Fairway,roll,0.000,0
2670,11.1117,-98.675,7.348,-21.806,0.000,7.327,0.021,Fairway,roll,0.000,0
2671,11.1159,-98.676,7.348,-21.807,0.000,7.327,0.021,Fairway,roll,0.000,0
2672,11.1200,-98.676,7.348,-21.807,0.000,7.327,0.021,Fairway,roll,0.000,0
2673,11.1242,-98.677,7.348,-21.807,0.000,7.327,0.021,Fairway,roll,0.000,0
2674,11.1284,-98.677,7.348,-21.808,0.000,7.327,0.021,Fairway,roll,0.000,0
2675,11.1325,-98.678,7.348,-21.808,0.000,7.327,0.021,Fairway,roll,0.000,0
2676,11.1367,-98.679,7.348,-21.808,0.000,7.327,0.021,Fairway,roll,0.000,0
2677,11.1409,-98.679,7.348,-21.808,0.000,7.327,0.021,Fairway,roll,0.000,0
2678,11.1450,-98.680,7.348,-21.809,0.000,7.327,0.021,Fairway,roll,0.000,0
2679,11.1492,-98.681,7.348,-21.809,0.000,7.327,0.021,Fairway,roll,0.000,0
2680,11.1534,-98.681,7.348,-21.809,0.000,7.327,0.021,Fairway,roll,0.000,0
2681,11.1575,-98.682,7.348,-21.809,0.000,7.326,0.021,Fairway,roll,0.000,0
2682,11.1617,-98.682,7.348,-21.810,0.000,7.326,0.021,Fairway,roll,0.000,0
2683,11.1659,-98.683,7.348,-21.810,0.000,7.327,0.021,Fairway,roll,0.000,0
2684,11.1700,-98.684,7.348,-21.810,0.000,7.327,0.021,Fairway,roll,0.000,0
2685,11.1742,-98.684,7.348,-21.810,0.000,7.327,0.021,Fairway,roll,0.000,0
2686,11.1784,-98.685,7.348,-21.811,0.000,7.327,0.021,Fairway,roll,0.000,0
2687,11.1825,-98.685,7.348,-21.811,0.000,7.327,0.021,Fairway,roll,0.000,0
2688,11.1867,-98.686,7.348,-21.811,0.000,7.327,0.021,Fairway,roll,0.000,0
2689,11.1909,-98.687,7.348,-21.811,0.000,7.327,0.021,Fairway,roll,0.000,0
2690,11.1950,-98.687,7.348,-21.812,0.000,7.327,0.021,Fairway,roll,0.000,0
2691,11.1992,-98.688,7.348,-21.812,0.000,7.327,0.021,Fairway,roll,0.000,0
2692,11.2034,-98.688,7.348,-21.812,0.000,7.327,0.021,Fairway,roll,0.000,0
2693,11.2075,-98.689,7.348,-21.812,0.000,7.327,0.021,Fairway,roll,0.000,0
2694,11.2117,-98.690,7.348,-21.813,0.000,7.327,0.021,Fairway,roll,0.000,0
2695,11.2159,-98.690,7.348,-21.813,0.000,7.327,0.021,Fairway,roll,0.000,0
2696,11.2200,-98.691,7.348,-21.813,0.000,7.326,0.021,Fairway,roll,0.000,0
2697,11.2242,-98.692,7.348,-21.813,0.000,7.327,0.021,Fairway,roll,0.000,0
2698,11.2284,-98.692,7.348,-21.814,0.000,7.327,0.021,Fairway,roll,0.000,0
2699,11.2325,-98.693,7.348,-21.814,0.000,7.327,0.021,Fairway,roll,0.000,0
2700,11.2367,-98.693,7.348,-21.814,0.000,7.327,0.021,Fairway,roll,0.000,0
2701,11.2408,-98.694,7.348,-21.815,0.000,7.327,0.021,Fairway,roll,0.000,0
2702,11.2450,-98.695,7.348,-21.815,0.000,7.327,0.021,Fairway,roll,0.000,0
2703,11.2492,-98.695,7.348,-21.815,0.000,7.327,0.021,Fairway,roll,0.000,0
2704,11.2533,-98.696,7.348,-21.815,0.000,7.327,0.021,Fairway,roll,0.000,0
2705,11.2575,-98.696,7.348,-21.816,0.000,7.327,0.021,Fairway,roll,0.000,0
2706,11.2617,-98.697,7.348,-21.816,0.000,7.327,0.021,Fairway,roll,0.000,0
2707,11.2658,-98.698,7.348,-21.816,0.000,7.327,0.021,Fairway,roll,0.000,0
2708,11.2700,-98.698,7.348,-21.816,0.000,7.327,0.021,Fairway,roll,0.000,0
2709,11.2742,-98.699,7.348,-21.817,0.000,7.327,0.021,Fairway,roll,0.000,0
2710,11.2783,-98.699,7.348,-21.817,0.000,7.327,0.021,Fairway,roll,0.000,0
2711,11.2825,-98.700,7.348,-21.817,0.000,7.327,0.021,Fairway,roll,0.000,0
2712,11.2867,-98.701,7.348,-21.817,0.000,7.327,0.021,Fairway,roll,0.000,0
2713,11.2908,-98.701,7.348,-21.818,0.000,7.327,0.021,Fairway,roll,0.000,0
2714,11.2950,-98.702,7.348,-21.818,0.000,7.327,0.021,Fairway,roll,0.000,0
2715,11.2992,-98.702,7.348,-21.818,0.000,7.327,0.021,Fairway,roll,0.000,0
2716,11.3033,-98.703,7.348,-21.818,0.000,7.327,0.021,Fairway,roll,0.000,0
2717,11.3075,-98.704,7.348,-21.819,0.000,7.327,0.021,Fairway,roll,0.000,0
2718,11.3117,-98.704,7.348,-21.819,0.000,7.327,0.021,Fairway,roll,0.000,0
2719,11.3158,-98.705,7.348,-21.819,0.000,7.327,0.021,Fairway,roll,0.000,0
2720,11.3200,-98.705,7.348,-21.819,0.000,7.327,0.021,Fairway,roll,0.000,0
2721,11.3242,-98.706,7.348,-21.820,0.000,7.327,0.021,Fairway,roll,0.000,0
2722,11.3283,-98.707,7.348,-21.820,0.000,7.327,0.021,Fairway,roll,0.000,0
2723,11.3325,-98.707,7.348,-21.820,0.000,7.327,0.021,Fairway,roll,0.000,0
2724,11.3367,-98.708,7.348,-21.820,0.000,7.327,0.021,Fairway,roll,0.000,0
2725,11.3408,-98.708,7.348,-21.821,0.000,7.327,0.021,Fairway,roll,0.000,0
2726,11.3450,-98.709,7.348,-21.821,0.000,7.327,0.021,Fairway,roll,0.000,0
2727,11.3492,-98.710,7.348,-21.821,0.000,7.327,0.021,Fairway,roll,0.000,0
2728,11.3533,-98.710,7.348,-21.822,0.000,7.327,0.021,Fairway,roll,0.000,0
2729,11.3575,-98.711,7.348,-21.822,0.000,7.327,0.021,Fairway,roll,0.000,0
2730,11.3617,-98.711,7.348,-21.822,0.000,7.327,0.021,Fairway,roll,0.000,0
2731,11.3658,-98.712,7.348,-21.822,0.000,7.327,0.021,Fairway,roll,0.000,0
2732,11.3700,-98.713,7.348,-21.823,0.000,7.327,0.021,Fairway,roll,0.000,0
2733,11.3742,-98.713,7.348,-21.823,0.000,7.327,0.021,Fairway,roll,0.000,0
2734,11.3783,-98.714,7.348,-21.823,0.000,7.327,0.021,Fairway,roll,0.000,0
2735,11.3825,-98.714,7.348,-21.823,0.000,7.327,0.021,Fairway,roll,0.000,0
2736,11.3866,-98.715,7.348,-21.824,0.000,7.327,0.021,Fairway,roll,0.000,0
2737,11.3908,-98.716,7.348,-21.824,0.000,7.327,0.021,Fairway,roll,0.000,0
2738,11.3950,-98.716,7.348,-21.824,0.000,7.327,0.021,Fairway,roll,0.000,0
2739,11.3991,-98.717,7.348,-21.824,0.000,7.327,0.021,Fairway,roll,0.000,0
2740,11.4033,-98.717,7.348,-21.825,0.000,7.327,0.021,Fairway,roll,0.000,0
2741,11.4075,-98.718,7.348,-21.825,0.000,7.327,0.021,Fairway,roll,0.000,0
2742,11.4116,-98.719,7.348,-21.825,0.000,7.326,0.021,Fairway,roll,0.000,0
2743,11.4158,-98.719,7.348,-21.825,0.000,7.326,0.021,Fairway,roll,0.000,0
2744,11.4200,-98.720,7.348,-21.826,0.000,7.326,0.021,Fairway,roll,0.000,0
2745,11.4241,-98.720,7.348,-21.826,0.000,7.326,0.021,Fairway,roll,0.000,0
2746,11.4283,-98.721,7.348,-21.826,0.000,7.326,0.021,Fairway,roll,0.000,0
2747,11.4325,-98.722,7.348,-21.826,0.000,7.326,0.021,Fairway,roll,0.000,0
2748,11.4366,-98.722,7.348,-21.827,0.000,7.326,0.021,Fairway,roll,0.000,0
2749,11.4408,-98.723,7.348,-21.827,0.000,7.326,0.021,Fairway,roll,0.000,0
2750,11.4450,-98.723,7.348,-21.827,0.000,7.326,0.021,Fairway,roll,0.000,0
2751,11.4491,-98.724,7.348,-21.827,0.000,7.326,0.021,Fairway,roll,0.000,0
2752,11.4533,-98.724,7.348,-21.828,0.000,7.326,0.021,Fairway,roll,0.000,0
2753,11.4575,-98.725,7.348,-21.828,0.000,7.326,0.021,Fairway,roll,0.000,0
2754,11.4616,-98.726,7.348,-21.828,0.000,7.326,0.021,Fairway,roll,0.000,0
2755,11.4658,-98.726,7.348,-21.829,0.000,7.326,0.021,Fairway,roll,0.000,0
2756,11.4700,-98.727,7.348,-21.829,0.000,7.327,0.021,Fairway,roll,0.000,0
2757,11.4741,-98.727,7.348,-21.829,0.000,7.327,0.021,Fairway,roll,0.000,0
2758,11.4783,-98.728,7.348,-21.829,0.000,7.326,0.021,Fairway,roll,0.000,0
2759,11.4825,-98.729,7.348,-21.830,0.000,7.326,0.021,Fairway,roll,0.000,0
2760,11.4866,-98.729,7.348,-21.830,0.000,7.326,0.021,Fairway,roll,0.000,0
2761,11.4908,-98.730,7.348,-21.830,0.000,7.326,0.021,Fairway,roll,0.000,0
2762,11.4950,-98.730,7.348,-21.830,0.000,7.326,0.021,Fairway,roll,0.000,0
2763,11.4991,-98.731,7.348,-21.831,0.000,7.326,0.021,Fairway,roll,0.000,0
2764,11.5033,-98.731,7.348,-21.831,0.000,7.326,0.021,Fairway,roll,0.000,0
2765,11.5075,-98.732,7.348,-21.831,0.000,7.326,0.021,Fairway,roll,0.000,0
2766,11.5116,-98.733,7.348,-21.831,0.000,7.326,0.021,Fairway,roll,0.000,0
2767,11.5158,-98.733,7.348,-21.832,0.000,7.326,0.021,Fairway,roll,0.000,0
2768,11.5199,-98.734,7.348,-21.832,0.000,7.326,0.021,Fairway,roll,0.000,0
2769,11.5241,-98.734,7.348,-21.832,0.000,7.326,0.021,Fairway,roll,0.000,0
2770,11.5283,-98.735,7.348,-21.832,0.000,7.326,0.021,Fairway,roll,0.000,0
2771,11.5324,-98.736,7.348,-21.833,0.000,7.327,0.021,Fairway,roll,0.000,0
2772,11.5366,-98.736,7.348,-21.833,0.000,7.327,0.021,Fairway,roll,0.000,0
2773,11.5408,-98.737,7.348,-21.833,0.000,7.327,0.021,Fairway,roll,0.000,0
2774,11.5449,-98.737,7.348,-21.833,0.000,7.326,0.021,Fairway,roll,0.000,0
2775,11.5491,-98.738,7.348,-21.834,0.000,7.326,0.021,Fairway,roll,0.000,0
2776,11.5533,-98.738,7.348,-21.834,0.000,7.326,0.021,Fairway,roll,0.000,0
2777,11.5574,-98.739,7.348,-21.834,0.000,7.326,0.021,Fairway,roll,0.000,0
2778,11.5616,-98.740,7.348,-21.834,0.000,7.326,0.021,Fairway,roll,0.000,0
2779,11.5658,-98.740,7.348,-21.834,0.000,7.326,0.021,Fairway,roll,0.000,0
2780,11.5699,-98.741,7.348,-21.835,0.000,7.326,0.021,Fairway,roll,0.000,0
2781,11.5741,-98.741,7.348,-21.835,0.000,7.326,0.021,Fairway,roll,0.000,0
2782,11.5783,-98.742,7.348,-21.835,0.000,7.326,0.021,Fairway,roll,0.000,0
2783,11.5824,-98.742,7.348,-21.835,0.000,7.326,0.021,Fairway,roll,0.000,0
2784,11.5866,-98.743,7.348,-21.836,0.000,7.326,0.021,Fairway,roll,0.000,0
2785,11.5908,-98.744,7.348,-21.836,0.000,7.326,0.021,Fairway,roll,0.000,0
2786,11.5949,-98.744,7.348,-21.836,0.000,7.326,0.021,Fairway,roll,0.000,0
2787,11.5991,-98.745,7.348,-21.836,0.000,7.327,0.021,Fairway,roll,0.000,0
2788,11.6033,-98.745,7.348,-21.837,0.000,7.327,0.021,Fairway,roll,0.000,0
2789,11.6074,-98.746,7.348,-21.837,0.000,7.327,0.021,Fairway,roll,0.000,0
2790,11.6116,-98.747,7.348,-21.837,0.000,7.326,0.021,Fairway,roll,0.000,0
2791,11.6158,-98.747,7.348,-21.837,0.000,7.326,0.021,Fairway,roll,0.000,0
2792,11.6199,-98.748,7.348,-21.838,0.000,7.326,0.021,Fairway,roll,0.000,0
2793,11.6241,-98.748,7.348,-21.838,0.000,7.326,0.021,Fairway,roll,0.000,0
2794,11.6283,-98.749,7.348,-21.838,0.000,7.326,0.021,Fairway,roll,0.000,0
2795,11.6324,-98.749,7.348,-21.838,0.000,7.326,0.021,Fairway,roll,0.000,0
2796,11.6366,-98.750,7.348,-21.839,0.000,7.326,0.021,Fairway,roll,0.000,0
2797,11.6408,-98.751,7.348,-21.839,0.000,7.326,0.021,Fairway,roll,0.000,0
2798,11.6449,-98.751,7.348,-21.839,0.000,7.326,0.021,Fairway,roll,0.000,0
2799,11.6491,-98.752,7.348,-21.839,0.000,7.326,0.021,Fairway,roll,0.000,0
2800,11.6532,-98.752,7.348,-21.840,0.000,7.326,0.021,Fairway,roll,0.000,0
2801,11.6574,-98.753,7.348,-21.840,0.000,7.326,0.021,Fairway,roll,0.000,0
2802,11.6616,-98.753,7.348,-21.840,0.000,7.327,0.021,Fairway,roll,0.000,0
2803,11.6657,-98.754,7.348,-21.840,0.000,7.327,0.021,Fairway,roll,0.000,0
2804,11.6699,-98.754,7.348,-21.841,0.000,7.327,0.021,Fairway,roll,0.000,0
2805,11.6741,-98.755,7.348,-21.841,0.000,7.327,0.021,Fairway,roll,0.000,0
2806,11.6782,-98.756,7.348,-21.841,0.000,7.327,0.021,Fairway,roll,0.000,0
2807,11.6824,-98.756,7.348,-21.841,0.000,7.326,0.021,Fairway,roll,0.000,0
2808,11.6866,-98.757,7.348,-21.842,0.000,7.326,0.021,Fairway,roll,0.000,0
2809,11.6907,-98.757,7.348,-21.842,0.000,7.326,0.021,Fairway,roll,0.000,0
2810,11.6949,-98.758,7.348,-21.842,0.000,7.326,0.021,Fairway,roll,0.000,0
2811,11.6991,-98.758,7.348,-21.842,0.000,7.326,0.021,Fairway,roll,0.000,0
2812,11.7032,-98.759,7.348,-21.843,0.000,7.326,0.021,Fairway,roll,0.000,0
2813,11.7074,-98.760,7.348,-21.843,0.000,7.326,0.021,Fairway,roll,0.000,0
2814,11.7116,-98.760,7.348,-21.843,0.000,7.326,0.021,Fairway,roll,0.000,0
2815,11.7157,-98.761,7.348,-21.843,0.000,7.326,0.021,Fairway,roll,0.000,0
2816,11.7199,-98.761,7.348,-21.844,0.000,7.326,0.021,Fairway,roll,0.000,0
2817,11.7241,-98.762,7.348,-21.844,0.000,7.326,0.021,Fairway,roll,0.000,0
2818,11.7282,-98.762,7.348,-21.844,0.000,7.326,0.021,Fairway,roll,0.000,0
2819,11.7324,-98.763,7.348,-21.844,0.000,7.326,0.021,Fairway,roll,0.000,0
2820,11.7366,-98.764,7.348,-21.844,0.000,7.326,0.021,Fairway,roll,0.000,0
2821,11.7407,-98.764,7.348,-21.845,0.000,7.326,0.021,Fairway,roll,0.000,0
2822,11.7449,-98.765,7.348,-21.845,0.000,7.326,0.021,Fairway,roll,0.000,0
2823,11.7491,-98.765,7.348,-21.845,0.000,7.326,0.021,Fairway,roll,0.000,0
2824,11.7532,-98.766,7.348,-21.845,0.000,7.326,0.021,Fairway,roll,0.000,0
2825,11.7574,-98.766,7.348,-21.846,0.000,7.326,0.021,Fairway,roll,0.000,0
2826,11.7616,-98.767,7.348,-21.846,0.000,7.326,0.021,Fairway,roll,0.000,0
2827,11.7657,-98.767,7.348,-21.846,0.000,7.326,0.021,Fairway,roll,0.000,0
2828,11.7699,-98.768,7.348,-21.846,0.000,7.326,0.021,Fairway,roll,0.000,0
2829,11.7741,-98.769,7.348,-21.847,0.000,7.326,0.021,Fairway,roll,0.000,0
2830,11.7782,-98.769,7.348,-21.847,0.000,7.326,0.021,Fairway,roll,0.000,0
2831,11.7824,-98.770,7.348,-21.847,0.000,7.326,0.021,Fairway,roll,0.000,0
2832,11.7865,-98.770,7.348,-21.847,0.000,7.326,0.021,Fairway,roll,0.000,0
2833,11.7907,-98.771,7.348,-21.848,0.000,7.326,0.021,Fairway,roll,0.000,0
2834,11.7949,-98.771,7.348,-21.848,0.000,7.326,0.021,Fairway,roll,0.000,0
2835,11.7990,-98.772,7.348,-21.848,0.000,7.326,0.021,Fairway,roll,0.000,0
2836,11.8032,-98.772,7.348,-21.848,0.000,7.326,0.021,Fairway,roll,0.000,0
2837,11.8074,-98.773,7.348,-21.849,0.000,7.326,0.021,Fairway,roll,0.000,0
2838,11.8115,-98.774,7.348,-21.849,0.000,7.326,0.021,Fairway,roll,0.000,0
2839,11.8157,-98.774,7.348,-21.849,0.000,7.326,0.021,Fairway,roll,0.000,0
2840,11.8199,-98.775,7.348,-21.849,0.000,7.326,0.021,Fairway,roll,0.000,0
2841,11.8240,-98.775,7.348,-21.850,0.000,7.326,0.021,Fairway,roll,0.000,0
2842,11.8282,-98.776,7.348,-21.850,0.000,7.326,0.021,Fairway,roll,0.000,0
2843,11.8324,-98.776,7.348,-21.850,0.000,7.326,0.021,Fairway,roll,0.000,0
2844,11.8365,-98.777,7.348,-21.850,0.000,7.326,0.021,Fairway,roll,0.000,0
2845,11.8407,-98.777,7.348,-21.851,0.000,7.326,0.021,Fairway,roll,0.000,0
2846,11.8449,-98.778,7.348,-21.851,0.000,7.326,0.021,Fairway,roll,0.000,0
2847,11.8490,-98.779,7.348,-21.851,0.000,7.326,0.021,Fairway,roll,0.000,0
2848,11.8532,-98.779,7.348,-21.851,0.000,7.326,0.021,Fairway,roll,0.000,0
2849,11.8574,-98.780,7.348,-21.852,0.000,7.326,0.021,Fairway,roll,0.000,0
2850,11.8615,-98.780,7.348,-21.852,0.000,7.326,0.021,Fairway,roll,0.000,0
2851,11.8657,-98.781,7.348,-21.852,0.000,7.326,0.021,Fairway,roll,0.000,0
2852,11.8699,-98.781,7.348,-21.852,0.000,7.326,0.021,Fairway,roll,0.000,0
2853,11.8740,-98.782,7.348,-21.853,0.000,7.326,0.021,Fairway,roll,0.000,0
2854,11.8782,-98.782,7.348,-21.853,0.000,7.326,0.021,Fairway,roll,0.000,0
2855,11.8824,-98.783,7.347,-21.853,0.000,7.326,0.021,Fairway,roll,0.000,0
2856,11.8865,-98.783,7.347,-21.853,0.000,7.326,0.021,Fairway,roll,0.000,0
2857,11.8907,-98.784,7.347,-21.854,0.000,7.326,0.021,Fairway,roll,0.000,0
2858,11.8949,-98.785,7.347,-21.854,0.000,7.326,0.021,Fairway,roll,0.000,0
2859,11.8990,-98.785,7.347,-21.854,0.000,7.326,0.021,Fairway,roll,0.000,0
2860,11.9032,-98.786,7.347,-21.854,0.000,7.326,0.021,Fairway,roll,0.000,0
2861,11.9074,-98.786,7.347,-21.854,0.000,7.326,0.021,Fairway,roll,0.000,0
2862,11.9115,-98.787,7.347,-21.855,0.000,7.326,0.021,Fairway,roll,0.000,0
2863,11.9157,-98.787,7.347,-21.855,0.000,7.326,0.021,Fairway,roll,0.000,0
2864,11.9199,-98.788,7.347,-21.855,0.000,7.326,0.021,Fairway,roll,0.000,0
2865,11.9240,-98.788,7.348,-21.855,0.000,7.326,0.021,Fairway,roll,0.000,0
2866,11.9282,-98.789,7.348,-21.856,0.000,7.326,0.021,Fairway,roll,0.000,0
2867,11.9323,-98.790,7.348,-21.856,0.000,7.326,0.021,Fairway,roll,0.000,0
2868,11.9365,-98.790,7.348,-21.856,0.000,7.326,0.021,Fairway,roll,0.000,0
2869,11.9407,-98.791,7.348,-21.856,0.000,7.326,0.021,Fairway,roll,0.000,0
2870,11.9448,-98.791,7.348,-21.857,0.000,7.326,0.021,Fairway,roll,0.000,0
2871,11.9490,-98.792,7.348,-21.857,0.000,7.326,0.021,Fairway,roll,0.000,0
2872,11.9532,-98.792,7.347,-21.857,0.000,7.326,0.021,Fairway,roll,0.000,0
2873,11.9573,-98.793,7.347,-21.857,0.000,7.326,0.021,Fairway,roll,0.000,0
2874,11.9615,-98.793,7.347,-21.858,0.000,7.326,0.021,Fairway,roll,0.000,0
2875,11.9657,-98.794,7.347,-21.858,0.000,7.326,0.021,Fairway,roll,0.000,0
2876,11.9698,-98.794,7.347,-21.858,0.000,7.326,0.021,Fairway,roll,0.000,0
2877,11.9740,-98.795,7.347,-21.858,0.000,7.326,0.021,Fairway,roll,0.000,0
2878,11.9782,-98.795,7.347,-21.859,0.000,7.326,0.021,Fairway,roll,0.000,0
2879,11.9823,-98.796,7.347,-21.859,0.000,7.326,0.021,Fairway,roll,0.000,0
2880,11.9865,-98.797,7.347,-21.859,0.000,7.326,0.021,Fairway,roll,0.000,0
2881,11.9907,-98.797,7.348,-21.859,0.000,7.326,0.021,Fairway,roll,0.000,0
2882,11.9948,-98.798,7.348,-21.860,0.000,7.326,0.021,Fairway,roll,0.000,0
2883,11.9990,-98.798,7.348,-21.860,0.000,7.326,0.021,Fairway,roll,0.000,0
2884,12.0032,-98.799,7.348,-21.860,0.000,7.326,0.021,Fairway,roll,0.000,0
2885,12.0073,-98.799,7.348,-21.860,0.000,7.326,0.021,Fairway,roll,0.000,0
2886,12.0115,-98.800,7.348,-21.861,0.000,7.326,0.021,Fairway,roll,0.000,0
2887,12.0157,-98.800,7.348,-21.861,0.000,7.326,0.021,Fairway,roll,0.000,0
2888,12.0198,-98.801,7.348,-21.861,0.000,7.326,0.021,Fairway,roll,0.000,0
2889,12.0240,-98.801,7.347,-21.861,0.000,7.326,0.021,Fairway,roll,0.000,0
2890,12.0282,-98.802,7.347,-21.861,0.000,7.326,0.021,Fairway,roll,0.000,0
2891,12.0323,-98.802,7.347,-21.862,0.000,7.326,0.021,Fairway,roll,0.000,0
2892,12.0365,-98.803,7.347,-21.862,0.000,7.326,0.021,Fairway,roll,0.000,0
2893,12.0407,-98.804,7.347,-21.862,0.000,7.326,0.021,Fairway,roll,0.000,0
2894,12.0448,-98.804,7.347,-21.862,0.000,7.326,0.021,Fairway,roll,0.000,0
2895,12.0490,-98.805,7.347,-21.863,0.000,7.326,0.021,Fairway,roll,0.000,0
2896,12.0532,-98.805,7.347,-21.863,0.000,7.326,0.021,Fairway,roll,0.000,0
2897,12.0573,-98.806,7.347,-21.863,0.000,7.326,0.021,Fairway,roll,0.000,0
2898,12.0615,-98.806,7.348,-21.863,0.000,7.326,0.021,Fairway,roll,0.000,0
2899,12.0656,-98.807,7.348,-21.863,0.000,7.326,0.021,Fairway,roll,0.000,0
2900,12.0698,-98.807,7.348,-21.864,0.000,7.326,0.021,Fairway,roll,0.000,0
2901,12.0740,-98.808,7.348,-21.864,0.000,7.326,0.021,Fairway,roll,0.000,0
2902,12.0781,-98.808,7.348,-21.864,0.000,7.326,0.021,Fairway,roll,0.000,0
2903,12.0823,-98.809,7.348,-21.864,0.000,7.326,0.021,Fairway,roll,0.000,0
2904,12.0865,-98.809,7.348,-21.865,0.000,7.326,0.021,Fairway,roll,0.000,0
2905,12.0906,-98.810,7.348,-21.865,0.000,7.326,0.021,Fairway,roll,0.000,0
2906,12.0948,-98.810,7.347,-21.865,0.000,7.326,0.021,Fairway,roll,0.000,0
2907,12.0990,-98.811,7.347,-21.865,0.000,7.326,0.021,Fairway,roll,0.000,0
2908,12.1031,-98.812,7.347,-21.866,0.000,7.326,0.021,Fairway,roll,0.000,0
2909,12.1073,-98.812,7.347,-21.866,0.000,7.326,0.021,Fairway,roll,0.000,0
2910,12.1115,-98.813,7.347,-21.866,0.000,7.326,0.021,Fairway,roll,0.000,0
2911,12.1156,-98.813,7.347,-21.866,0.000,7.326,0.021,Fairway,roll,0.000,0
2912,12.1198,-98.814,7.347,-21.866,0.000,7.326,0.021,Fairway,roll,0.000,0
2913,12.1240,-98.814,7.347,-21.867,0.000,7.326,0.021,Fairway,roll,0.000,0
2914,12.1281,-98.815,7.348,-21.867,0.000,7.326,0.021,Fairway,roll,0.000,0
2915,12.1323,-98.815,7.348,-21.867,0.000,7.326,0.021,Fairway,roll,0.000,0
2916,12.1365,-98.816,7.348,-21.867,0.000,7.326,0.021,Fairway,roll,0.000,0
2917,12.1406,-98.816,7.348,-21.868,0.000,7.326,0.021,Fairway,roll,0.000,0
2918,12.1448,-98.817,7.348,-21.868,0.000,7.326,0.021,Fairway,roll,0.000,0
2919,12.1490,-98.817,7.348,-21.868,0.000,7.326,0.021,Fairway,roll,0.000,0
2920,12.1531,-98.818,7.348,-21.868,0.000,7.326,0.021,Fairway,roll,0.000,0
2921,12.1573,-98.818,7.348,-21.869,0.000,7.326,0.021,Fairway,roll,0.000,0
2922,12.1615,-98.819,7.348,-21.869,0.000,7.326,0.021,Fairway,roll,0.000,0
2923,12.1656,-98.819,7.347,-21.869,0.000,7.326,0.021,Fairway,roll,0.000,0
2924,12.1698,-98.820,7.347,-21.869,0.000,7.326,0.021,Fairway,roll,0.000,0
2925,12.1740,-98.820,7.347,-21.869,0.000,7.326,0.021,Fairway,roll,0.000,0
2926,12.1781,-98.821,7.347,-21.870,0.000,7.326,0.021,Fairway,roll,0.000,0
2927,12.1823,-98.821,7.347,-21.870,0.000,7.326,0.021,Fairway,roll,0.000,0
2928,12.1865,-98.822,7.347,-21.870,0.000,7.326,0.021,Fairway,roll,0.000,0
2929,12.1906,-98.822,7.347,-21.870,0.000,7.326,0.021,Fairway,roll,0.000,0
2930,12.1948,-98.823,7.347,-21.871,0.000,7.326,0.021,Fairway,roll,0.000,0
2931,12.1989,-98.824,7.347,-21.871,0.000,7.326,0.021,Fairway,roll,0.000,0
2932,12.2031,-98.824,7.347,-21.871,0.000,7.326,0.021,Fairway,roll,0.000,0
2933,12.2073,-98.825,7.347,-21.871,0.000,7.326,0.021,Fairway,roll,0.000,0
2934,12.2114,-98.825,7.347,-21.872,0.000,7.326,0.021,Fairway,roll,0.000,0
2935,12.2156,-98.826,7.347,-21.872,0.000,7.326,0.021,Fairway,roll,0.000,0
2936,12.2198,-98.826,7.347,-21.872,0.000,7.326,0.021,Fairway,roll,0.000,0
2937,12.2239,-98.827,7.347,-21.872,0.000,7.326,0.021,Fairway,roll,0.000,0
2938,12.2281,-98.827,7.347,-21.872,0.000,7.326,0.021,Fairway,roll,0.000,0
2939,12.2323,-98.828,7.347,-21.873,0.000,7.326,0.021,Fairway,roll,0.000,0
2940,12.2364,-98.828,7.347,-21.873,0.000,7.326,0.021,Fairway,roll,0.000,0
2941,12.2406,-98.829,7.347,-21.873,0.000,7.326,0.021,Fairway,roll,0.000,0
2942,12.2448,-98.829,7.347,-21.873,0.000,7.326,0.021,Fairway,roll,0.000,0
2943,12.2489,-98.830,7.347,-21.874,0.000,7.326,0.021,Fairway,roll,0.000,0
2944,12.2531,-98.830,7.347,-21.874,0.000,7.326,0.021,Fairway,roll,0.000,0
2945,12.2573,-98.831,7.347,-21.874,0.000,7.326,0.021,Fairway,roll,0.000,0
2946,12.2614,-98.831,7.347,-21.874,0.000,7.326,0.021,Fairway,roll,0.000,0
2947,12.2656,-98.832,7.347,-21.874,0.000,7.326,0.021,Fairway,roll,0.000,0
2948,12.2698,-98.832,7.347,-21.875,0.000,7.326,0.021,Fairway,roll,0.000,0
2949,12.2739,-98.833,7.347,-21.875,0.000,7.326,0.021,Fairway,roll,0.000,0
2950,12.2781,-98.833,7.347,-21.875,0.000,7.326,0.021,Fairway,roll,0.000,0
2951,12.2823,-98.834,7.347,-21.875,0.000,7.326,0.021,Fairway,roll,0.000,0
2952,12.2864,-98.834,7.347,-21.876,0.000,7.326,0.021,Fairway,roll,0.000,0
2953,12.2906,-98.835,7.347,-21.876,0.000,7.326,0.021,Fairway,roll,0.000,0
2954,12.2948,-98.835,7.347,-21.876,0.000,7.326,0.021,Fairway,roll,0.000,0
2955,12.2989,-98.836,7.347,-21.876,0.000,7.326,0.021,Fairway,roll,0.000,0
2956,12.3031,-98.836,7.347,-21.877,0.000,7.326,0.021,Fairway,roll,0.000,0
2957,12.3073,-98.837,7.347,-21.877,0.000,7.326,0.021,Fairway,roll,0.000,0
2958,12.3114,-98.837,7.347,-21.877,0.000,7.326,0.021,Fairway,roll,0.000,0
2959,12.3156,-98.838,7.347,-21.877,0.000,7.326,0.021,Fairway,roll,0.000,0
2960,12.3198,-98.838,7.347,-21.877,0.000,7.326,0.021,Fairway,roll,0.000,0
2961,12.3239,-98.839,7.347,-21.878,0.000,7.326,0.021,Fairway,roll,0.000,0
2962,12.3281,-98.839,7.347,-21.878,0.000,7.326,0.021,Fairway,roll,0.000,0
2963,12.3322,-98.840,7.347,-21.878,0.000,7.326,0.021,Fairway,roll,0.000,0
2964,12.3364,-98.841,7.347,-21.878,0.000,7.326,0.021,Fairway,roll,0.000,0
2965,12.3406,-98.841,7.347,-21.879,0.000,7.326,0.021,Fairway,roll,0.000,0
2966,12.3447,-98.842,7.347,-21.879,0.000,7.326,0.021,Fairway,roll,0.000,0
2967,12.3489,-98.842,7.347,-21.879,0.000,7.326,0.021,Fairway,roll,0.000,0
2968,12.3531,-98.843,7.347,-21.879,0.000,7.326,0.021,Fairway,roll,0.000,0
2969,12.3572,-98.843,7.347,-21.880,0.000,7.326,0.021,Fairway,roll,0.000,0
2970,12.3614,-98.844,7.347,-21.880,0.000,7.326,0.021,Fairway,roll,0.000,0
2971,12.3656,-98.844,7.347,-21.880,0.000,7.326,0.021,Fairway,roll,0.000,0
2972,12.3697,-98.845,7.347,-21.880,0.000,7.326,0.021,Fairway,roll,0.000,0
2973,12.3739,-98.845,7.347,-21.880,0.000,7.326,0.021,Fairway,roll,0.000,0
2974,12.3781,-98.846,7.347,-21.881,0.000,7.326,0.021,Fairway,roll,0.000,0
2975,12.3822,-98.846,7.347,-21.881,0.000,7.326,0.021,Fairway,roll,0.000,0
2976,12.3864,-98.847,7.347,-21.881,0.000,7.326,0.021,Fairway,roll,0.000,0
2977,12.3906,-98.847,7.347,-21.881,0.000,7.326,0.021,Fairway,roll,0.000,0
2978,12.3947,-98.848,7.347,-21.882,0.000,7.326,0.021,Fairway,roll,0.000,0
2979,12.3989,-98.848,7.347,-21.882,0.000,7.326,0.021,Fairway,roll,0.000,0
2980,12.4031,-98.849,7.347,-21.882,0.000,7.326,0.021,Fairway,roll,0.000,0
2981,12.4072,-98.849,7.347,-21.882,0.000,7.326,0.021,Fairway,roll,0.000,0
2982,12.4114,-98.850,7.347,-21.882,0.000,7.326,0.021,Fairway,roll,0.000,0
2983,12.4156,-98.850,7.347,-21.883,0.000,7.326,0.021,Fairway,roll,0.000,0
2984,12.4197,-98.851,7.347,-21.883,0.000,7.326,0.021,Fairway,roll,0.000,0
2985,12.4239,-98.851,7.347,-21.883,0.000,7.326,0.021,Fairway,roll,0.000,0
2986,12.4281,-98.852,7.347,-21.883,0.000,7.326,0.021,Fairway,roll,0.000,0
2987,12.4322,-98.852,7.347,-21.884,0.000,7.326,0.021,Fairway,roll,0.000,0
2988,12.4364,-98.853,7.347,-21.884,0.000,7.326,0.021,Fairway,roll,0.000,0
2989,12.4406,-98.853,7.347,-21.884,0.000,7.326,0.021,Fairway,roll,0.000,0
2990,12.4447,-98.854,7.347,-21.884,0.000,7.326,0.021,Fairway,roll,0.000,0
2991,12.4489,-98.854,7.347,-21.885,0.000,7.326,0.021,Fairway,roll,0.000,0
2992,12.4531,-98.855,7.347,-21.885,0.000,7.326,0.021,Fairway,roll,0.000,0
2993,12.4572,-98.855,7.347,-21.885,0.000,7.326,0.021,Fairway,roll,0.000,0
2994,12.4614,-98.856,7.347,-21.885,0.000,7.326,0.021,Fairway,roll,0.000,0
2995,12.4656,-98.856,7.347,-21.885,0.000,7.326,0.021,Fairway,roll,0.000,0
2996,12.4697,-98.857,7.347,-21.886,0.000,7.326,0.021,Fairway,roll,0.000,0
2997,12.4739,-98.857,7.347,-21.886,0.000,7.326,0.021,Fairway,roll,0.000,0
2998,12.4780,-98.858,7.347,-21.886,0.000,7.326,0.021,Fairway,roll,0.000,0
2999,12.4822,-98.858,7.347,-21.886,0.000,7.326,0.021,Fairway,roll,0.000,0
3000,12.4864,-98.859,7.347,-21.887,0.000,7.326,0.021,Fairway,roll,0.000,0
3001,12.4905,-98.859,7.347,-21.887,0.000,7.326,0.021,Fairway,roll,0.000,0
3002,12.4947,-98.860,7.347,-21.887,0.000,7.326,0.021,Fairway,roll,0.000,0
3003,12.4989,-98.860,7.347,-21.887,0.000,7.326,0.021,Fairway,roll,0.000,0
3004,12.5030,-98.861,7.347,-21.887,0.000,7.326,0.021,Fairway,roll,0.000,0
3005,12.5072,-98.861,7.347,-21.888,0.000,7.326,0.021,Fairway,roll,0.000,0
3006,12.5114,-98.862,7.347,-21.888,0.000,7.326,0.021,Fairway,roll,0.000,0
3007,12.5155,-98.862,7.347,-21.888,0.000,7.326,0.021,Fairway,roll,0.000,0
3008,12.5197,-98.863,7.347,-21.888,0.000,7.326,0.021,Fairway,roll,0.000,0
3009,12.5239,-98.863,7.347,-21.889,0.000,7.326,0.021,Fairway,roll,0.000,0
3010,12.5280,-98.864,7.347,-21.889,0.000,7.326,0.021,Fairway,roll,0.000,0
3011,12.5322,-98.864,7.347,-21.889,0.000,7.326,0.021,Fairway,roll,0.000,0
3012,12.5364,-98.865,7.347,-21.889,0.000,7.326,0.021,Fairway,roll,0.000,0
3013,12.5405,-98.865,7.347,-21.889,0.000,7.326,0.021,Fairway,roll,0.000,0
3014,12.5447,-98.866,7.347,-21.890,0.000,7.326,0.021,Fairway,roll,0.000,0
3015,12.5489,-98.866,7.347,-21.890,0.000,7.326,0.021,Fairway,roll,0.000,0
3016,12.5530,-98.866,7.347,-21.890,0.000,7.326,0.021,Fairway,roll,0.000,0
3017,12.5572,-98.867,7.347,-21.890,0.000,7.326,0.021,Fairway,roll,0.000,0
3018,12.5614,-98.867,7.347,-21.890,0.000,7.326,0.021,Fairway,roll,0.000,0
3019,12.5655,-98.868,7.347,-21.891,0.000,7.326,0.021,Fairway,roll,0.000,0
3020,12.5697,-98.868,7.347,-21.891,0.000,7.326,0.021,Fairway,roll,0.000,0
3021,12.5739,-98.869,7.347,-21.891,0.000,7.326,0.021,Fairway,roll,0.000,0
3022,12.5780,-98.869,7.347,-21.891,0.000,7.326,0.021,Fairway,roll,0.000,0
3023,12.5822,-98.870,7.347,-21.892,0.000,7.326,0.021,Fairway,roll,0.000,0
3024,12.5864,-98.870,7.347,-21.892,0.000,7.326,0.021,Fairway,roll,0.000,0
3025,12.5905,-98.871,7.347,-21.892,0.000,7.326,0.021,Fairway,roll,0.000,0
3026,12.5947,-98.871,7.347,-21.892,0.000,7.326,0.021,Fairway,roll,0.000,0
3027,12.5989,-98.872,7.347,-21.892,0.000,7.326,0.021,Fairway,roll,0.000,0
3028,12.6030,-98.872,7.347,-21.893,0.000,7.326,0.021,Fairway,roll,0.000,0
3029,12.6072,-98.873,7.347,-21.893,0.000,7.326,0.021,Fairway,roll,0.000,0
3030,12.6113,-98.873,7.347,-21.893,0.000,7.326,0.021,Fairway,roll,0.000,0
3031,12.6155,-98.874,7.347,-21.893,0.000,7.326,0.021,Fairway,roll,0.000,0
3032,12.6197,-98.874,7.347,-21.893,0.000,7.326,0.021,Fairway,roll,0.000,0
3033,12.6238,-98.875,7.347,-21.894,0.000,7.326,0.021,Fairway,roll,0.000,0
3034,12.6280,-98.875,7.347,-21.894,0.000,7.326,0.021,Fairway,roll,0.000,0
3035,12.6322,-98.876,7.347,-21.894,0.000,7.326,0.021,Fairway,roll,0.000,0
3036,12.6363,-98.876,7.347,-21.894,0.000,7.326,0.021,Fairway,roll,0.000,0
3037,12.6405,-98.877,7.347,-21.895,0.000,7.326,0.021,Fairway,roll,0.000,0
3038,12.6447,-98.877,7.347,-21.895,0.000,7.326,0.021,Fairway,roll,0.000,0
3039,12.6488,-98.878,7.347,-21.895,0.000,7.326,0.021,Fairway,roll,0.000,0
3040,12.6530,-98.878,7.347,-21.895,0.000,7.326,0.021,Fairway,roll,0.000,0
3041,12.6572,-98.879,7.347,-21.895,0.000,7.326,0.021,Fairway,roll,0.000,0
3042,12.6613,-98.879,7.347,-21.896,0.000,7.326,0.021,Fairway,roll,0.000,0
3043,12.6655,-98.880,7.347,-21.896,0.000,7.326,0.021,Fairway,roll,0.000,0
3044,12.6697,-98.880,7.347,-21.896,0.000,7.326,0.021,Fairway,roll,0.000,0
3045,12.6738,-98.881,7.347,-21.896,0.000,7.326,0.021,Fairway,roll,0.000,0
3046,12.6780,-98.881,7.347,-21.896,0.000,7.326,0.021,Fairway,roll,0.000,0
3047,12.6822,-98.882,7.347,-21.897,0.000,7.326,0.021,Fairway,roll,0.000,0
3048,12.6863,-98.882,7.347,-21.897,0.000,7.326,0.021,Fairway,roll,0.000,0
3049,12.6905,-98.883,7.347,-21.897,0.000,7.326,0.021,Fairway,roll,0.000,0
3050,12.6947,-98.883,7.347,-21.897,0.000,7.326,0.021,Fairway,roll,0.000,0
3051,12.6988,-98.884,7.347,-21.898,0.000,7.326,0.021,Fairway,roll,0.000,0
3052,12.7030,-98.884,7.347,-21.898,0.000,7.326,0.021,Fairway,roll,0.000,0
3053,12.7072,-98.885,7.347,-21.898,0.000,7.326,0.021,Fairway,roll,0.000,0
3054,12.7113,-98.885,7.347,-21.898,0.000,7.326,0.021,Fairway,roll,0.000,0
3055,12.7155,-98.885,7.347,-21.898,0.000,7.326,0.021,Fairway,roll,0.000,0
3056,12.7197,-98.886,7.347,-21.899,0.000,7.326,0.021,Fairway,roll,0.000,0
3057,12.7238,-98.886,7.347,-21.899,0.000,7.326,0.021,Fairway,roll,0.000,0
3058,12.7280,-98.887,7.347,-21.899,0.000,7.326,0.021,Fairway,roll,0.000,0
3059,12.7322,-98.887,7.347,-21.899,0.000,7.326,0.021,Fairway,roll,0.000,0
3060,12.7363,-98.888,7.347,-21.899,0.000,7.326,0.021,Fairway,roll,0.000,0
3061,12.7405,-98.888,7.347,-21.900,0.000,7.326,0.021,Fairway,roll,0.000,0
3062,12.7446,-98.889,7.347,-21.900,0.000,7.326,0.021,Fairway,roll,0.000,0
3063,12.7488,-98.889,7.347,-21.900,0.000,7.326,0.021,Fairway,roll,0.000,0
3064,12.7530,-98.890,7.347,-21.900,0.000,7.326,0.021,Fairway,roll,0.000,0
3065,12.7571,-98.890,7.347,-21.901,0.000,7.326,0.021,Fairway,roll,0.000,0
3066,12.7613,-98.891,7.347,-21.901,0.000,7.326,0.021,Fairway,roll,0.000,0
3067,12.7655,-98.891,7.347,-21.901,0.000,7.326,0.021,Fairway,roll,0.000,0
3068,12.7696,-98.892,7.347,-21.901,0.000,7.326,0.021,Fairway,roll,0.000,0
3069,12.7738,-98.892,7.347,-21.901,0.000,7.326,0.021,Fairway,roll,0.000,0
3070,12.7780,-98.893,7.347,-21.902,0.000,7.326,0.021,Fairway,roll,0.000,0
3071,12.7821,-98.893,7.347,-21.902,0.000,7.326,0.021,Fairway,roll,0.000,0
3072,12.7863,-98.894,7.347,-21.902,0.000,7.326,0.021,Fairway,roll,0.000,0
3073,12.7905,-98.894,7.347,-21.902,0.000,7.326,0.021,Fairway,roll,0.000,0
3074,12.7946,-98.894,7.347,-21.902,0.000,7.326,0.021,Fairway,roll,0.000,0
3075,12.7988,-98.895,7.347,-21.903,0.000,7.326,0.021,Fairway,roll,0.000,0
3076,12.8030,-98.895,7.347,-21.903,0.000,7.326,0.021,Fairway,roll,0.000,0
3077,12.8071,-98.896,7.347,-21.903,0.000,7.326,0.021,Fairway,roll,0.000,0
3078,12.8113,-98.896,7.347,-21.903,0.000,7.326,0.021,Fairway,roll,0.000,0
3079,12.8155,-98.897,7.347,-21.904,0.000,7.326,0.021,Fairway,roll,0.000,0
3080,12.8196,-98.897,7.347,-21.904,0.000,7.326,0.021,Fairway,roll,0.000,0
3081,12.8238,-98.898,7.347,-21.904,0.000,7.326,0.021,Fairway,roll,0.000,0
3082,12.8280,-98.898,7.347,-21.904,0.000,7.326,0.021,Fairway,roll,0.000,0
3083,12.8321,-98.899,7.347,-21.904,0.000,7.326,0.021,Fairway,roll,0.000,0
3084,12.8363,-98.899,7.347,-21.905,0.000,7.326,0.021,Fairway,roll,0.000,0
3085,12.8405,-98.900,7.347,-21.905,0.000,7.326,0.021,Fairway,roll,0.000,0
3086,12.8446,-98.900,7.347,-21.905,0.000,7.325,0.021,Fairway,roll,0.000,0
3087,12.8488,-98.901,7.347,-21.905,0.000,7.325,0.021,Fairway,roll,0.000,0
3088,12.8530,-98.901,7.347,-21.905,0.000,7.325,0.021,Fairway,roll,0.000,0
3089,12.8571,-98.902,7.347,-21.906,0.000,7.325,0.021,Fairway,roll,0.000,0
3090,12.8613,-98.902,7.347,-21.906,0.000,7.325,0.021,Fairway,roll,0.000,0
3091,12.8655,-98.903,7.347,-21.906,0.000,7.326,0.021,Fairway,roll,0.000,0
3092,12.8696,-98.903,7.347,-21.906,0.000,7.326,0.021,Fairway,roll,0.000,0
3093,12.8738,-98.903,7.347,-21.906,0.000,7.326,0.021,Fairway,roll,0.000,0
3094,12.8779,-98.904,7.347,-21.907,0.000,7.326,0.021,Fairway,roll,0.000,0
3095,12.8821,-98.904,7.347,-21.907,0.000,7.326,0.021,Fairway,roll,0.000,0
3096,12.8863,-98.905,7.347,-21.907,0.000,7.326,0.021,Fairway,roll,0.000,0
3097,12.8904,-98.905,7.347,-21.907,0.000,7.326,0.021,Fairway,roll,0.000,0
3098,12.8946,-98.906,7.347,-21.908,0.000,7.326,0.021,Fairway,roll,0.000,0
3099,12.8988,-98.906,7.347,-21.908,0.000,7.326,0.021,Fairway,roll,0.000,0
3100,12.9029,-98.907,7.347,-21.908,0.000,7.326,0.021,Fairway,roll,0.000,0
3101,12.9071,-98.907,7.347,-21.908,0.000,7.326,0.021,Fairway,roll,0.000,0
3102,12.9113,-98.908,7.347,-21.908,0.000,7.326,0.021,Fairway,roll,0.000,0
3103,12.9154,-98.908,7.347,-21.909,0.000,7.326,0.021,Fairway,roll,0.000,0
3104,12.9196,-98.909,7.347,-21.909,0.000,7.325,0.021,Fairway,roll,0.000,0
3105,12.9238,-98.909,7.347,-21.909,0.000,7.325,0.021,Fairway,roll,0.000,0
3106,12.9279,-98.909,7.347,-21.909,0.000,7.325,0.021,Fairway,roll,0.000,0
3107,12.9321,-98.910,7.347,-21.909,0.000,7.325,0.021,Fairway,roll,0.000,0
3108,12.9363,-98.910,7.347,-21.910,0.000,7.325,0.021,Fairway,roll,0.000,0
3109,12.9404,-98.911,7.347,-21.910,0.000,7.325,0.021,Fairway,roll,0.000,0
3110,12.9446,-98.911,7.347,-21.910,0.000,7.326,0.021,Fairway,roll,0.000,0
3111,12.9488,-98.912,7.347,-21.910,0.000,7.326,0.021,Fairway,roll,0.000,0
3112,12.9529,-98.912,7.347,-21.911,0.000,7.326,0.021,Fairway,roll,0.000,0
3113,12.9571,-98.913,7.347,-21.911,0.000,7.326,0.021,Fairway,roll,0.000,0
3114,12.9613,-98.913,7.347,-21.911,0.000,7.326,0.021,Fairway,roll,0.000,0
3115,12.9654,-98.914,7.347,-21.911,0.000,7.326,0.021,Fairway,roll,0.000,0
3116,12.9696,-98.914,7.347,-21.911,0.000,7.326,0.021,Fairway,roll,0.000,0
3117,12.9738,-98.915,7.347,-21.912,0.000,7.326,0.021,Fairway,roll,0.000,0
3118,12.9779,-98.915,7.347,-21.912,0.000,7.326,0.021,Fairway,roll,0.000,0
3119,12.9821,-98.915,7.347,-21.912,0.000,7.326,0.021,Fairway,roll,0.000,0
3120,12.9863,-98.916,7.347,-21.912,0.000,7.326,0.021,Fairway,roll,0.000,0
3121,12.9904,-98.916,7.347,-21.912,0.000,7.326,0.021,Fairway,roll,0.000,0
3122,12.9946,-98.917,7.347,-21.913,0.000,7.326,0.021,Fairway,roll,0.000,0
3123,12.9988,-98.917,7.347,-21.913,0.000,7.325,0.021,Fairway,roll,0.000,0
3124,13.0029,-98.918,7.347,-21.913,0.000,7.325,0.021,Fairway,roll,0.000,0
3125,13.0071,-98.918,7.347,-21.913,0.000,7.325,0.021,Fairway,roll,0.000,0
3126,13.0113,-98.919,7.347,-21.913,0.000,7.325,0.021,Fairway,roll,0.000,0
3127,13.0154,-98.919,7.347,-21.914,0.000,7.325,0.021,Fairway,roll,0.000,0
3128,13.0196,-98.920,7.347,-21.914,0.000,7.325,0.021,Fairway,roll,0.000,0
3129,13.0237,-98.920,7.347,-21.914,0.000,7.325,0.021,Fairway,roll,0.000,0
3130,13.0279,-98.920,7.347,-21.914,0.000,7.326,0.021,Fairway,roll,0.000,0
3131,13.0321,-98.921,7.347,-21.914,0.000,7.326,0.021,Fairway,roll,0.000,0
3132,13.0362,-98.921,7.347,-21.915,0.000,7.326,0.021,Fairway,roll,0.000,0
3133,13.0404,-98.922,7.347,-21.915,0.000,7.326,0.021,Fairway,roll,0.000,0
3134,13.0446,-98.922,7.347,-21.915,0.000,7.326,0.021,Fairway,roll,0.000,0
3135,13.0487,-98.923,7.347,-21.915,0.000,7.326,0.021,Fairway,roll,0.000,0
3136,13.0529,-98.923,7.347,-21.915,0.000,7.326,0.021,Fairway,roll,0.000,0
3137,13.0571,-98.924,7.347,-21.916,0.000,7.326,0.021,Fairway,roll,0.000,0
3138,13.0612,-98.924,7.347,-21.916,0.000,7.326,0.021,Fairway,roll,0.000,0
3139,13.0654,-98.925,7.347,-21.916,0.000,7.326,0.021,Fairway,roll,0.000,0
3140,13.0696,-98.925,7.347,-21.916,0.000,7.326,0.021,Fairway,roll,0.000,0
3141,13.0737,-98.926,7.347,-21.916,0.000,7.326,0.021,Fairway,roll,0.000,0
3142,13.0779,-98.926,7.347,-21.917,0.000,7.326,0.021,Fairway,roll,0.000,0
3143,13.0821,-98.926,7.347,-21.917,0.000,7.325,0.021,Fairway,roll,0.000,0
3144,13.0862,-98.927,7.347,-21.917,0.000,7.325,0.021,Fairway,roll,0.000,0
3145,13.0904,-98.927,7.347,-21.917,0.000,7.325,0.021,Fairway,roll,0.000,0
3146,13.0946,-98.928,7.347,-21.917,0.000,7.325,0.021,Fairway,roll,0.000,0
3147,13.0987,-98.928,7.347,-21.918,0.000,7.325,0.021,Fairway,roll,0.000,0
3148,13.1029,-98.929,7.347,-21.918,0.000,7.325,0.021,Fairway,roll,0.000,0
3149,13.1071,-98.929,7.347,-21.918,0.000,7.326,0.021,Fairway,roll,0.000,0
3150,13.1112,-98.930,7.347,-21.918,0.000,7.326,0.021,Fairway,roll,0.000,0
3151,13.1154,-98.930,7.347,-21.918,0.000,7.326,0.021,Fairway,roll,0.000,0
3152,13.1196,-98.930,7.347,-21.919,0.000,7.326,0.021,Fairway,roll,0.000,0
3153,13.1237,-98.931,7.347,-21.919,0.000,7.326,0.021,Fairway,roll,0.000,0
3154,13.1279,-98.931,7.347,-21.919,0.000,7.326,0.021,Fairway,roll,0.000,0
3155,13.1321,-98.932,7.347,-21.919,0.000,7.326,0.021,Fairway,roll,0.000,0
3156,13.1362,-98.932,7.347,-21.919,0.000,7.326,0.021,Fairway,roll,0.000,0
3157,13.1404,-98.933,7.347,-21.920,0.000,7.326,0.021,Fairway,roll,0.000,0
3158,13.1446,-98.933,7.347,-21.920,0.000,7.326,0.021,Fairway,roll,0.000,0
3159,13.1487,-98.934,7.347,-21.920,0.000,7.326,0.021,Fairway,roll,0.000,0
3160,13.1529,-98.934,7.347,-21.920,0.000,7.326,0.021,Fairway,roll,0.000,0
3161,13.1570,-98.934,7.347,-21.920,0.000,7.326,0.021,Fairway,roll,0.000,0
3162,13.1612,-98.935,7.347,-21.921,0.000,7.326,0.021,Fairway,roll,0.000,0
3163,13.1654,-98.935,7.347,-21.921,0.000,7.325,0.021,Fairway,roll,0.000,0
3164,13.1695,-98.936,7.347,-21.921,0.000,7.325,0.021,Fairway,roll,0.000,0
3165,13.1737,-98.936,7.347,-21.921,0.000,7.325,0.021,Fairway,roll,0.000,0
3166,13.1779,-98.937,7.347,-21.921,0.000,7.325,0.021,Fairway,roll,0.000,0
3167,13.1820,-98.937,7.347,-21.922,0.000,7.325,0.021,Fairway,roll,0.000,0
3168,13.1862,-98.938,7.347,-21.922,0.000,7.325,0.021,Fairway,roll,0.000,0
3169,13.1904,-98.938,7.347,-21.922,0.000,7.326,0.021,Fairway,roll,0.000,0
3170,13.1945,-98.938,7.347,-21.922,0.000,7.326,0.021,Fairway,roll,0.000,0
3171,13.1987,-98.939,7.347,-21.922,0.000,7.326,0.021,Fairway,roll,0.000,0
3172,13.2029,-98.939,7.347,-21.923,0.000,7.326,0.021,Fairway,roll,0.000,0
3173,13.2070,-98.940,7.347,-21.923,0.000,7.326,0.021,Fairway,roll,0.000,0
3174,13.2112,-98.940,7.347,-21.923,0.000,7.326,0.021,Fairway,roll,0.000,0
3175,13.2154,-98.941,7.347,-21.923,0.000,7.326,0.021,Fairway,roll,0.000,0
3176,13.2195,-98.941,7.347,-21.923,0.000,7.326,0.021,Fairway,roll,0.000,0
3177,13.2237,-98.942,7.347,-21.924,0.000,7.326,0.021,Fairway,roll,0.000,0
3178,13.2279,-98.942,7.347,-21.924,0.000,7.326,0.021,Fairway,roll,0.000,0
3179,13.2320,-98.942,7.347,-21.924,0.000,7.326,0.021,Fairway,roll,0.000,0
3180,13.2362,-98.943,7.347,-21.924,0.000,7.326,0.021,Fairway,roll,0.000,0
3181,13.2404,-98.943,7.347,-21.924,0.000,7.326,0.021,Fairway,roll,0.000,0
3182,13.2445,-98.944,7.347,-21.925,0.000,7.326,0.021,Fairway,roll,0.000,0
3183,13.2487,-98.944,7.347,-21.925,0.000,7.325,0.021,Fairway,roll,0.000,0
3184,13.2529,-98.945,7.347,-21.925,0.000,7.325,0.021,Fairway,roll,0.000,0
3185,13.2570,-98.945,7.347,-21.925,0.000,7.325,0.021,Fairway,roll,0.000,0
3186,13.2612,-98.946,7.347,-21.925,0.000,7.325,0.021,Fairway,roll,0.000,0
3187,13.2654,-98.946,7.347,-21.926,0.000,7.325,0.021,Fairway,roll,0.000,0
3188,13.2695,-98.946,7.347,-21.926,0.000,7.325,0.021,Fairway,roll,0.000,0
3189,13.2737,-98.947,7.347,-21.926,0.000,7.325,0.021,Fairway,roll,0.000,0
3190,13.2779,-98.947,7.347,-21.926,0.000,7.325,0.021,Fairway,roll,0.000,0
3191,13.2820,-98.948,7.347,-21.926,0.000,7.325,0.021,Fairway,roll,0.000,0
3192,13.2862,-98.948,7.347,-21.927,0.000,7.325,0.021,Fairway,roll,0.000,0
3193,13.2903,-98.949,7.347,-21.927,0.000,7.325,0.021,Fairway,roll,0.000,0
3194,13.2945,-98.949,7.347,-21.927,0.000,7.325,0.021,Fairway,roll,0.000,0
3195,13.2987,-98.949,7.347,-21.927,0.000,7.325,0.021,Fairway,roll,0.000,0
3196,13.3028,-98.950,7.347,-21.927,0.000,7.325,0.021,Fairway,roll,0.000,0
3197,13.3070,-98.950,7.347,-21.928,0.000,7.325,0.021,Fairway,roll,0.000,0
3198,13.3112,-98.951,7.347,-21.928,0.000,7.325,0.021,Fairway,roll,0.000,0
3199,13.3153,-98.951,7.347,-21.928,0.000,7.325,0.021,Fairway,roll,0.000,0
3200,13.3195,-98.952,7.347,-21.928,0.000,7.325,0.021,Fairway,roll,0.000,0
3201,13.3237,-98.952,7.347,-21.928,0.000,7.325,0.021,Fairway,roll,0.000,0
3202,13.3278,-98.952,7.347,-21.929,0.000,7.325,0.021,Fairway,roll,0.000,0
3203,13.3320,-98.953,7.347,-21.929,0.000,7.325,0.021,Fairway,roll,0.000,0
3204,13.3362,-98.953,7.347,-21.929,0.000,7.325,0.021,Fairway,roll,0.000,0
3205,13.3403,-98.954,7.347,-21.929,0.000,7.325,0.021,Fairway,roll,0.000,0
3206,13.3445,-98.954,7.347,-21.929,0.000,7.325,0.021,Fairway,roll,0.000,0
3207,13.3487,-98.955,7.347,-21.930,0.000,7.325,0.021,Fairway,roll,0.000,0
3208,13.3528,-98.955,7.347,-21.930,0.000,7.325,0.021,Fairway,roll,0.000,0
3209,13.3570,-98.955,7.347,-21.930,0.000,7.325,0.021,Fairway,roll,0.000,0
3210,13.3612,-98.956,7.347,-21.930,0.000,7.325,0.021,Fairway,roll,0.000,0
3211,13.3653,-98.956,7.347,-21.930,0.000,7.325,0.021,Fairway,roll,0.000,0
3212,13.3695,-98.957,7.347,-21.931,0.000,7.325,0.021,Fairway,roll,0.000,0
3213,13.3737,-98.957,7.347,-21.931,0.000,7.325,0.021,Fairway,roll,0.000,0
3214,13.3778,-98.958,7.347,-21.931,0.000,7.325,0.021,Fairway,roll,0.000,0
3215,13.3820,-98.958,7.347,-21.931,0.000,7.325,0.021,Fairway,roll,0.000,0
3216,13.3862,-98.958,7.347,-21.931,0.000,7.325,0.021,Fairway,roll,0.000,0
3217,13.3903,-98.959,7.347,-21.932,0.000,7.325,0.021,Fairway,roll,0.000,0
3218,13.3945,-98.959,7.347,-21.932,0.000,7.325,0.021,Fairway,roll,0.000,0
3219,13.3987,-98.960,7.347,-21.932,0.000,7.325,0.021,Fairway,roll,0.000,0
3220,13.4028,-98.960,7.347,-21.932,0.000,7.325,0.021,Fairway,roll,0.000,0
3221,13.4070,-98.961,7.347,-21.932,0.000,7.325,0.021,Fairway,roll,0.000,0
3222,13.4112,-98.961,7.347,-21.933,0.000,7.325,0.021,Fairway,roll,0.000,0
3223,13.4153,-98.961,7.347,-21.933,0.000,7.325,0.021,Fairway,roll,0.000,0
3224,13.4195,-98.962,7.347,-21.933,0.000,7.325,0.021,Fairway,roll,0.000,0
3225,13.4237,-98.962,7.347,-21.933,0.000,7.325,0.021,Fairway,roll,0.000,0
3226,13.4278,-98.963,7.347,-21.933,0.000,7.325,0.021,Fairway,roll,0.000,0
3227,13.4320,-98.963,7.347,-21.934,0.000,7.325,0.021,Fairway,roll,0.000,0
3228,13.4361,-98.964,7.347,-21.934,0.000,7.325,0.021,Fairway,roll,0.000,0
3229,13.4403,-98.964,7.347,-21.934,0.000,7.325,0.021,Fairway,roll,0.000,0
3230,13.4445,-98.964,7.347,-21.934,0.000,7.325,0.021,Fairway,roll,0.000,0
3231,13.4486,-98.965,7.347,-21.934,0.000,7.325,0.021,Fairway,roll,0.000,0
3232,13.4528,-98.965,7.347,-21.934,0.000,7.325,0.021,Fairway,roll,0.000,0
3233,13.4570,-98.966,7.347,-21.935,0.000,7.325,0.021,Fairway,roll,0.000,0
3234,13.4611,-98.966,7.347,-21.935,0.000,7.325,0.021,Fairway,roll,0.000,0
3235,13.4653,-98.967,7.347,-21.935,0.000,7.325,0.021,Fairway,roll,0.000,0
3236,13.4695,-98.967,7.347,-21.935,0.000,7.325,0.021,Fairway,roll,0.000,0
3237,13.4736,-98.967,7.347,-21.935,0.000,7.325,0.021,Fairway,roll,0.000,0
3238,13.4778,-98.968,7.347,-21.936,0.000,7.325,0.021,Fairway,roll,0.000,0
3239,13.4820,-98.968,7.347,-21.936,0.000,7.325,0.021,Fairway,roll,0.000,0
3240,13.4861,-98.969,7.347,-21.936,0.000,7.325,0.021,Fairway,roll,0.000,0
3241,13.4903,-98.969,7.347,-21.936,0.000,7.325,0.021,Fairway,roll,0.000,0
3242,13.4945,-98.970,7.347,-21.936,0.000,7.325,0.021,Fairway,roll,0.000,0
3243,13.4986,-98.970,7.347,-21.937,0.000,7.325,0.021,Fairway,roll,0.000,0
3244,13.5028,-98.970,7.346,-21.937,0.000,7.325,0.021,Fairway,roll,0.000,0
3245,13.5070,-98.971,7.346,-21.937,0.000,7.325,0.021,Fairway,roll,0.000,0
3246,13.5111,-98.971,7.346,-21.937,0.000,7.325,0.021,Fairway,roll,0.000,0
3247,13.5153,-98.972,7.346,-21.937,0.000,7.325,0.021,Fairway,roll,0.000,0
3248,13.5195,-98.972,7.346,-21.938,0.000,7.325,0.021,Fairway,roll,0.000,0
3249,13.5236,-98.973,7.346,-21.938,0.000,7.325,0.021,Fairway,roll,0.000,0
3250,13.5278,-98.973,7.347,-21.938,0.000,7.325,0.021,Fairway,roll,0.000,0
3251,13.5320,-98.973,7.347,-21.938,0.000,7.325,0.021,Fairway,roll,0.000,0
3252,13.5361,-98.974,7.347,-21.938,0.000,7.325,0.021,Fairway,roll,0.000,0
3253,13.5403,-98.974,7.347,-21.938,0.000,7.325,0.021,Fairway,roll,0.000,0
3254,13.5445,-98.975,7.347,-21.939,0.000,7.325,0.021,Fairway,roll,0.000,0
3255,13.5486,-98.975,7.347,-21.939,0.000,7.325,0.021,Fairway,roll,0.000,0
3256,13.5528,-98.976,7.347,-21.939,0.000,7.325,0.021,Fairway,roll,0.000,0
3257,13.5570,-98.976,7.347,-21.939,0.000,7.325,0.021,Fairway,roll,0.000,0
3258,13.5611,-98.976,7.347,-21.939,0.000,7.325,0.021,Fairway,roll,0.000,0
3259,13.5653,-98.977,7.347,-21.940,0.000,7.325,0.021,Fairway,roll,0.000,0
3260,13.5694,-98.977,7.347,-21.940,0.000,7.325,0.021,Fairway,roll,0.000,0
3261,13.5736,-98.978,7.347,-21.940,0.000,7.325,0.021,Fairway,roll,0.000,0
3262,13.5778,-98.978,7.347,-21.940,0.000,7.325,0.021,Fairway,roll,0.000,0
3263,13.5819,-98.978,7.347,-21.940,0.000,7.325,0.021,Fairway,roll,0.000,0
3264,13.5861,-98.979,7.347,-21.940,0.000,7.325,0.021,Fairway,roll,0.000,0
3265,13.5903,-98.979,7.347,-21.941,0.000,7.325,0.021,Fairway,roll,0.000,0
3266,13.5944,-98.980,7.346,-21.941,0.000,7.325,0.021,Fairway,roll,0.000,0
3267,13.5986,-98.980,7.346,-21.941,0.000,7.325,0.021,Fairway,roll,0.000,0
3268,13.6028,-98.980,7.346,-21.941,0.000,7.325,0.021,Fairway,roll,0.000,0
3269,13.6069,-98.981,7.346,-21.941,0.000,7.325,0.021,Fairway,roll,0.000,0
3270,13.6111,-98.981,7.346,-21.942,0.000,7.325,0.021,Fairway,roll,0.000,0
3271,13.6153,-98.982,7.347,-21.942,0.000,7.325,0.021,Fairway,roll,0.000,0
3272,13.6194,-98.982,7.347,-21.942,0.000,7.325,0.021,Fairway,roll,0.000,0
3273,13.6236,-98.983,7.347,-21.942,0.000,7.325,0.021,Fairway,roll,0.000,0
3274,13.6278,-98.983,7.347,-21.942,0.000,7.325,0.021,Fairway,roll,0.000,0
3275,13.6319,-98.983,7.347,-21.943,0.000,7.325,0.021,Fairway,roll,0.000,0
3276,13.6361,-98.984,7.347,-21.943,0.000,7.325,0.021,Fairway,roll,0.000,0
3277,13.6403,-98.984,7.347,-21.943,0.000,7.325,0.021,Fairway,roll,0.000,0
3278,13.6444,-98.985,7.347,-21.943,0.000,7.325,0.021,Fairway,roll,0.000,0
3279,13.6486,-98.985,7.347,-21.943,0.000,7.325,0.021,Fairway,roll,0.000,0
3280,13.6528,-98.985,7.347,-21.943,0.000,7.325,0.021,Fairway,roll,0.000,0
3281,13.6569,-98.986,7.347,-21.944,0.000,7.325,0.021,Fairway,roll,0.000,0
3282,13.6611,-98.986,7.347,-21.944,0.000,7.325,0.021,Fairway,roll,0.000,0
3283,13.6653,-98.987,7.347,-21.944,0.000,7.325,0.021,Fairway,roll,0.000,0
3284,13.6694,-98.987,7.347,-21.944,0.000,7.325,0.021,Fairway,roll,0.000,0
3285,13.6736,-98.987,7.347,-21.944,0.000,7.325,0.021,Fairway,roll,0.000,0
3286,13.6778,-98.988,7.347,-21.945,0.000,7.325,0.021,Fairway,roll,0.000,0
3287,13.6819,-98.988,7.346,-21.945,0.000,7.325,0.021,Fairway,roll,0.000,0
3288,13.6861,-98.989,7.346,-21.945,0.000,7.325,0.021,Fairway,roll,0.000,0
3289,13.6903,-98.989,7.346,-21.945,0.000,7.325,0.021,Fairway,roll,0.000,0
3290,13.6944,-98.990,7.346,-21.945,0.000,7.325,0.021,Fairway,roll,0.000,0
3291,13.6986,-98.990,7.346,-21.945,0.000,7.325,0.021,Fairway,roll,0.000,0
3292,13.7027,-98.990,7.346,-21.946,0.000,7.325,0.021,Fairway,roll,0.000,0
3293,13.7069,-98.991,7.347,-21.946,0.000,7.325,0.021,Fairway,roll,0.000,0
3294,13.7111,-98.991,7.347,-21.946,0.000,7.325,0.021,Fairway,roll,0.000,0
3295,13.7152,-98.992,7.347,-21.946,0.000,7.325,0.021,Fairway,roll,0.000,0
3296,13.7194,-98.992,7.347,-21.946,0.000,7.325,0.021,Fairway,roll,0.000,0
3297,13.7236,-98.992,7.347,-21.947,0.000,7.325,0.021,Fairway,roll,0.000,0
3298,13.7277,-98.993,7.347,-21.947,0.000,7.325,0.021,Fairway,roll,0.000,0
3299,13.7319,-98.993,7.347,-21.947,0.000,7.325,0.021,Fairway,roll,0.000,0
3300,13.7361,-98.994,7.347,-21.947,0.000,7.325,0.021,Fairway,roll,0.000,0
3301,13.7402,-98.994,7.347,-21.947,0.000,7.325,0.021,Fairway,roll,0.000,0
3302,13.7444,-98.994,7.347,-21.947,0.000,7.325,0.021,Fairway,roll,0.000,0
3303,13.7486,-98.995,7.347,-21.948,0.000,7.325,0.021,Fairway,roll,0.000,0
3304,13.7527,-98.995,7.347,-21.948,0.000,7.325,0.021,Fairway,roll,0.000,0
3305,13.7569,-98.996,7.347,-21.948,0.000,7.325,0.021,Fairway,roll,0.000,0
3306,13.7611,-98.996,7.347,-21.948,0.000,7.325,0.021,Fairway,roll,0.000,0
3307,13.7652,-98.997,7.347,-21.948,0.000,7.325,0.021,Fairway,roll,0.000,0
3308,13.7694,-98.997,7.347,-21.949,0.000,7.325,0.021,Fairway,roll,0.000,0
3309,13.7736,-98.997,7.346,-21.949,0.000,7.325,0.021,Fairway,roll,0.000,0
3310,13.7777,-98.998,7.346,-21.949,0.000,7.325,0.021,Fairway,roll,0.000,0
3311,13.7819,-98.998,7.346,-21.949,0.000,7.325,0.021,Fairway,roll,0.000,0
3312,13.7861,-98.999,7.346,-21.949,0.000,7.325,0.021,Fairway,roll,0.000,0
3313,13.7902,-98.999,7.346,-21.949,0.000,7.325,0.021,Fairway,roll,0.000,0
3314,13.7944,-98.999,7.346,-21.950,0.000,7.325,0.021,Fairway,roll,0.000,0
3315,13.7986,-99.000,7.346,-21.950,0.000,7.325,0.021,Fairway,roll,0.000,0
3316,13.8027,-99.000,7.346,-21.950,0.000,7.325,0.021,Fairway,roll,0.000,0
3317,13.8069,-99.001,7.346,-21.950,0.000,7.325,0.021,Fairway,roll,0.000,0
3318,13.8111,-99.001,7.346,-21.950,0.000,7.325,0.021,Fairway,roll,0.000,0
3319,13.8152,-99.001,7.346,-21.951,0.000,7.325,0.021,Fairway,roll,0.000,0
3320,13.8194,-99.002,7.346,-21.951,0.000,7.325,0.021,Fairway,roll,0.000,0
3321,13.8236,-99.002,7.346,-21.951,0.000,7.325,0.021,Fairway,roll,0.000,0
3322,13.8277,-99.003,7.346,-21.951,0.000,7.325,0.021,Fairway,roll,0.000,0
3323,13.8319,-99.003,7.346,-21.951,0.000,7.325,0.021,Fairway,roll,0.000,0
3324,13.8360,-99.003,7.346,-21.951,0.000,7.325,0.021,Fairway,roll,0.000,0
3325,13.8402,-99.004,7.346,-21.952,0.000,7.325,0.021,Fairway,roll,0.000,0
3326,13.8444,-99.004,7.346,-21.952,0.000,7.325,0.021,Fairway,roll,0.000,0
3327,13.8485,-99.005,7.346,-21.952,0.000,7.325,0.021,Fairway,roll,0.000,0
3328,13.8527,-99.005,7.346,-21.952,0.000,7.325,0.021,Fairway,roll,0.000,0
3329,13.8569,-99.005,7.346,-21.952,0.000,7.325,0.021,Fairway,roll,0.000,0
3330,13.8610,-99.006,7.346,-21.953,0.000,7.325,0.021,Fairway,roll,0.000,0
3331,13.8652,-99.006,7.346,-21.953,0.000,7.325,0.021,Fairway,roll,0.000,0
3332,13.8694,-99.007,7.346,-21.953,0.000,7.325,0.021,Fairway,roll,0.000,0
3333,13.8735,-99.007,7.346,-21.953,0.000,7.325,0.021,Fairway,roll,0.000,0
3334,13.8777,-99.007,7.346,-21.953,0.000,7.325,0.021,Fairway,roll,0.000,0
3335,13.8819,-99.008,7.346,-21.953,0.000,7.325,0.021,Fairway,roll,0.000,0
3336,13.8860,-99.008,7.346,-21.954,0.000,7.325,0.021,Fairway,roll,0.000,0
3337,13.8902,-99.009,7.346,-21.954,0.000,7.325,0.021,Fairway,roll,0.000,0
3338,13.8944,-99.009,7.346,-21.954,0.000,7.325,0.021,Fairway,roll,0.000,0
3339,13.8985,-99.009,7.346,-21.954,0.000,7.325,0.021,Fairway,roll,0.000,0
3340,13.9027,-99.010,7.346,-21.954,0.000,7.325,0.021,Fairway,roll,0.000,0
3341,13.9069,-99.010,7.346,-21.955,0.000,7.325,0.021,Fairway,roll,0.000,0
3342,13.9110,-99.011,7.346,-21.955,0.000,7.325,0.021,Fairway,roll,0.000,0
3343,13.9152,-99.011,7.346,-21.955,0.000,7.325,0.021,Fairway,roll,0.000,0
3344,13.9194,-99.011,7.346,-21.955,0.000,7.325,0.021,Fairway,roll,0.000,0
3345,13.9235,-99.012,7.346,-21.955,0.000,7.325,0.021,Fairway,roll,0.000,0
3346,13.9277,-99.012,7.346,-21.956,0.000,7.325,0.021,Fairway,roll,0.000,0
3347,13.9319,-99.012,7.346,-21.956,0.000,7.325,0.021,Fairway,roll,0.000,0
3348,13.9360,-99.013,7.346,-21.956,0.000,7.325,0.021,Fairway,roll,0.000,0
3349,13.9402,-99.013,7.346,-21.956,0.000,7.325,0.021,Fairway,roll,0.000,0
3350,13.9444,-99.014,7.346,-21.956,0.000,7.325,0.021,Fairway,roll,0.000,0
3351,13.9485,-99.014,7.346,-21.956,0.000,7.325,0.021,Fairway,roll,0.000,0
3352,13.9527,-99.014,7.346,-21.957,0.000,7.325,0.021,Fairway,roll,0.000,0
3353,13.9569,-99.015,7.346,-21.957,0.000,7.325,0.021,Fairway,roll,0.000,0
3354,13.9610,-99.015,7.346,-21.957,0.000,7.325,0.021,Fairway,roll,0.000,0
3355,13.9652,-99.016,7.346,-21.957,0.000,7.325,0.021,Fairway,roll,0.000,0
3356,13.9694,-99.016,7.346,-21.957,0.000,7.325,0.021,Fairway,roll,0.000,0
3357,13.9735,-99.016,7.346,-21.958,0.000,7.325,0.021,Fairway,roll,0.000,0
3358,13.9777,-99.017,7.346,-21.958,0.000,7.325,0.021,Fairway,roll,0.000,0
3359,13.9818,-99.017,7.346,-21.958,0.000,7.325,0.021,Fairway,roll,0.000,0
3360,13.9860,-99.018,7.346,-21.958,0.000,7.325,0.021,Fairway,roll,0.000,0
3361,13.9902,-99.018,7.346,-21.958,0.000,7.325,0.021,Fairway,roll,0.000,0
3362,13.9943,-99.018,7.346,-21.958,0.000,7.325,0.021,Fairway,roll,0.000,0
3363,13.9985,-99.019,7.346,-21.959,0.000,7.325,0.021,Fairway,roll,0.000,0
3364,14.0027,-99.019,7.346,-21.959,0.000,7.325,0.021,Fairway,roll,0.000,0
3365,14.0068,-99.020,7.346,-21.959,0.000,7.325,0.021,Fairway,roll,0.000,0
3366,14.0110,-99.020,7.346,-21.959,0.000,7.325,0.021,Fairway,roll,0.000,0
3367,14.0152,-99.020,7.346,-21.959,0.000,7.325,0.021,Fairway,roll,0.000,0
3368,14.0193,-99.021,7.346,-21.960,0.000,7.325,0.021,Fairway,roll,0.000,0
3369,14.0235,-99.021,7.346,-21.960,0.000,7.325,0.021,Fairway,roll,0.000,0
3370,14.0277,-99.022,7.346,-21.960,0.000,7.325,0.021,Fairway,roll,0.000,0
3371,14.0318,-99.022,7.346,-21.960,0.000,7.325,0.021,Fairway,roll,0.000,0
3372,14.0360,-99.022,7.346,-21.960,0.000,7.325,0.021,Fairway,roll,0.000,0
3373,14.0402,-99.023,7.346,-21.960,0.000,7.325,0.021,Fairway,roll,0.000,0
3374,14.0443,-99.023,7.346,-21.961,0.000,7.325,0.021,Fairway,roll,0.000,0
3375,14.0485,-99.024,7.346,-21.961,0.000,7.325,0.021,Fairway,roll,0.000,0
3376,14.0527,-99.024,7.346,-21.961,0.000,7.325,0.021,Fairway,roll,0.000,0
3377,14.0568,-99.024,7.346,-21.961,0.000,7.325,0.021,Fairway,roll,0.000,0
3378,14.0610,-99.025,7.346,-21.961,0.000,7.325,0.021,Fairway,roll,0.000,0
3379,14.0652,-99.025,7.346,-21.962,0.000,7.325,0.021,Fairway,roll,0.000,0
3380,14.0693,-99.025,7.346,-21.962,0.000,7.325,0.021,Fairway,roll,0.000,0
3381,14.0735,-99.026,7.346,-21.962,0.000,7.325,0.021,Fairway,roll,0.000,0
3382,14.0777,-99.026,7.346,-21.962,0.000,7.325,0.021,Fairway,roll,0.000,0
3383,14.0818,-99.027,7.346,-21.962,0.000,7.325,0.021,Fairway,roll,0.000,0
3384,14.0860,-99.027,7.346,-21.962,0.000,7.325,0.021,Fairway,roll,0.000,0
