frame,time,x,y,z,vy,groundY,signedDist,zoneType,phase,dGroundY,zoneFlip
0,0.0000,39.378,10.851,32.220,16.070,10.831,0.020,Fairway,airborne,0.000,0
1,0.0042,39.304,10.918,32.191,16.008,10.830,0.088,Fairway,airborne,-0.001,0
2,0.0083,39.230,10.985,32.162,15.946,10.829,0.156,Fairway,airborne,-0.001,0
3,0.0125,39.156,11.051,32.133,15.884,10.827,0.224,Fairway,airborne,-0.001,0
4,0.0167,39.082,11.117,32.104,15.823,10.826,0.291,Fairway,airborne,-0.001,0
5,0.0208,39.008,11.183,32.076,15.761,10.824,0.359,Fairway,airborne,-0.001,0
6,0.0250,38.934,11.248,32.047,15.700,10.823,0.426,Fairway,airborne,-0.001,0
7,0.0292,38.860,11.314,32.018,15.639,10.821,0.492,Fairway,airborne,-0.001,0
8,0.0333,38.787,11.379,31.989,15.578,10.820,0.559,Fairway,airborne,-0.001,0
9,0.0375,38.713,11.443,31.960,15.518,10.818,0.625,Fairway,airborne,-0.001,0
10,0.0417,38.640,11.508,31.932,15.457,10.817,0.691,Fairway,airborne,-0.001,0
11,0.0458,38.567,11.572,31.903,15.397,10.816,0.757,Fairway,airborne,-0.001,0
12,0.0500,38.493,11.636,31.874,15.337,10.814,0.822,Fairway,airborne,-0.001,0
13,0.0542,38.420,11.700,31.846,15.277,10.813,0.887,Fairway,airborne,-0.001,0
14,0.0583,38.347,11.763,31.817,15.217,10.811,0.952,Fairway,airborne,-0.001,0
15,0.0625,38.274,11.827,31.789,15.157,10.810,1.017,Fairway,airborne,-0.001,0
16,0.0667,38.202,11.890,31.760,15.098,10.809,1.081,Fairway,airborne,-0.001,0
17,0.0708,38.129,11.953,31.732,15.039,10.807,1.145,Fairway,airborne,-0.001,0
18,0.0750,38.056,12.015,31.703,14.979,10.806,1.209,Fairway,airborne,-0.001,0
19,0.0791,37.984,12.077,31.675,14.920,10.804,1.273,Fairway,airborne,-0.001,0
20,0.0833,37.911,12.139,31.647,14.862,10.803,1.336,Fairway,airborne,-0.001,0
21,0.0875,37.839,12.201,31.618,14.803,10.801,1.400,Fairway,airborne,-0.001,0
22,0.0916,37.766,12.263,31.590,14.744,10.800,1.463,Fairway,airborne,-0.001,0
23,0.0958,37.694,12.324,31.562,14.686,10.799,1.525,Fairway,airborne,-0.001,0
24,0.1000,37.622,12.385,31.534,14.628,10.797,1.588,Fairway,airborne,-0.001,0
25,0.1041,37.550,12.446,31.505,14.570,10.796,1.650,Fairway,airborne,-0.001,0
26,0.1083,37.478,12.506,31.477,14.512,10.794,1.712,Fairway,airborne,-0.001,0
27,0.1125,37.406,12.567,31.449,14.454,10.793,1.774,Fairway,airborne,-0.001,0
28,0.1166,37.334,12.627,31.421,14.396,10.791,1.835,Fairway,airborne,-0.001,0
29,0.1208,37.263,12.687,31.393,14.339,10.790,1.897,Fairway,airborne,-0.001,0
30,0.1250,37.191,12.746,31.365,14.281,10.788,1.958,Fairway,airborne,-0.001,0
31,0.1291,37.119,12.806,31.337,14.224,10.787,2.018,Fairway,airborne,-0.001,0
32,0.1333,37.048,12.865,31.309,14.167,10.786,2.079,Fairway,airborne,-0.001,0
33,0.1375,36.977,12.924,31.281,14.110,10.784,2.139,Fairway,airborne,-0.001,0
34,0.1416,36.905,12.982,31.253,14.053,10.783,2.199,Fairway,airborne,-0.001,0
35,0.1458,36.834,13.041,31.225,13.996,10.781,2.259,Fairway,airborne,-0.001,0
36,0.1500,36.763,13.099,31.197,13.940,10.780,2.319,Fairway,airborne,-0.001,0
37,0.1541,36.692,13.157,31.170,13.883,10.779,2.378,Fairway,airborne,-0.001,0
38,0.1583,36.621,13.214,31.142,13.827,10.777,2.437,Fairway,airborne,-0.001,0
39,0.1625,36.550,13.272,31.114,13.771,10.776,2.496,Fairway,airborne,-0.001,0
40,0.1666,36.479,13.329,31.087,13.715,10.774,2.555,Fairway,airborne,-0.001,0
41,0.1708,36.408,13.386,31.059,13.659,10.773,2.614,Fairway,airborne,-0.001,0
42,0.1750,36.338,13.443,31.031,13.603,10.771,2.672,Fairway,airborne,-0.001,0
43,0.1791,36.267,13.500,31.004,13.547,10.770,2.730,Fairway,airborne,-0.001,0
44,0.1833,36.197,13.556,30.976,13.492,10.768,2.788,Fairway,airborne,-0.001,0
45,0.1875,36.126,13.612,30.949,13.436,10.767,2.845,Fairway,airborne,-0.001,0
46,0.1916,36.056,13.668,30.921,13.381,10.765,2.902,Fairway,airborne,-0.001,0
47,0.1958,35.986,13.723,30.893,13.326,10.764,2.959,Fairway,airborne,-0.001,0
48,0.2000,35.915,13.779,30.866,13.271,10.763,3.016,Fairway,airborne,-0.001,0
49,0.2041,35.845,13.834,30.839,13.216,10.761,3.073,Fairway,airborne,-0.001,0
50,0.2083,35.775,13.889,30.811,13.161,10.760,3.129,Fairway,airborne,-0.001,0
51,0.2124,35.705,13.944,30.784,13.106,10.758,3.185,Fairway,airborne,-0.001,0
52,0.2166,35.635,13.998,30.756,13.052,10.757,3.241,Fairway,airborne,-0.001,0
53,0.2208,35.565,14.052,30.729,12.997,10.756,3.297,Fairway,airborne,-0.001,0
54,0.2249,35.496,14.106,30.702,12.943,10.754,3.352,Fairway,airborne,-0.001,0
55,0.2291,35.426,14.160,30.675,12.889,10.753,3.407,Fairway,airborne,-0.001,0
56,0.2333,35.356,14.214,30.647,12.834,10.751,3.462,Fairway,airborne,-0.001,0
57,0.2374,35.287,14.267,30.620,12.780,10.750,3.517,Fairway,airborne,-0.001,0
58,0.2416,35.217,14.320,30.593,12.727,10.748,3.572,Fairway,airborne,-0.002,0
59,0.2458,35.148,14.373,30.566,12.673,10.747,3.626,Fairway,airborne,-0.002,0
60,0.2499,35.079,14.426,30.539,12.619,10.745,3.680,Fairway,airborne,-0.002,0
61,0.2541,35.009,14.478,30.512,12.565,10.744,3.734,Fairway,airborne,-0.001,0
62,0.2583,34.940,14.530,30.485,12.512,10.742,3.788,Fairway,airborne,-0.001,0
63,0.2624,34.871,14.582,30.458,12.459,10.741,3.841,Fairway,airborne,-0.001,0
64,0.2666,34.802,14.634,30.431,12.405,10.739,3.895,Fairway,airborne,-0.001,0
65,0.2708,34.733,14.686,30.404,12.352,10.738,3.948,Fairway,airborne,-0.001,0
66,0.2749,34.664,14.737,30.377,12.299,10.737,4.000,Fairway,airborne,-0.001,0
67,0.2791,34.595,14.788,30.350,12.246,10.735,4.053,Fairway,airborne,-0.001,0
68,0.2833,34.526,14.839,30.323,12.193,10.733,4.106,Fairway,airborne,-0.002,0
69,0.2874,34.458,14.890,30.296,12.141,10.732,4.158,Fairway,airborne,-0.002,0
70,0.2916,34.389,14.940,30.269,12.088,10.730,4.210,Fairway,airborne,-0.002,0
71,0.2958,34.320,14.990,30.242,12.035,10.729,4.261,Fairway,airborne,-0.002,0
72,0.2999,34.252,15.040,30.215,11.983,10.727,4.313,Fairway,airborne,-0.002,0
73,0.3041,34.184,15.090,30.189,11.931,10.726,4.364,Fairway,airborne,-0.002,0
74,0.3083,34.115,15.140,30.162,11.878,10.724,4.415,Fairway,airborne,-0.002,0
75,0.3124,34.047,15.189,30.135,11.826,10.723,4.466,Fairway,airborne,-0.002,0
76,0.3166,33.979,15.238,30.108,11.774,10.721,4.517,Fairway,airborne,-0.001,0
77,0.3208,33.910,15.287,30.082,11.722,10.720,4.567,Fairway,airborne,-0.001,0
78,0.3249,33.842,15.336,30.055,11.670,10.718,4.618,Fairway,airborne,-0.002,0
79,0.3291,33.774,15.384,30.029,11.618,10.717,4.668,Fairway,airborne,-0.002,0
80,0.3333,33.706,15.433,30.002,11.567,10.715,4.717,Fairway,airborne,-0.002,0
81,0.3374,33.638,15.481,29.975,11.515,10.714,4.767,Fairway,airborne,-0.002,0
82,0.3416,33.570,15.529,29.949,11.464,10.712,4.816,Fairway,airborne,-0.002,0
83,0.3457,33.503,15.576,29.922,11.412,10.711,4.866,Fairway,airborne,-0.001,0
84,0.3499,33.435,15.624,29.896,11.361,10.709,4.914,Fairway,airborne,-0.001,0
85,0.3541,33.367,15.671,29.869,11.310,10.708,4.963,Fairway,airborne,-0.001,0
86,0.3582,33.300,15.718,29.843,11.258,10.706,5.012,Fairway,airborne,-0.001,0
87,0.3624,33.232,15.765,29.816,11.207,10.705,5.060,Fairway,airborne,-0.001,0
88,0.3666,33.164,15.811,29.790,11.156,10.703,5.108,Fairway,airborne,-0.001,0
89,0.3707,33.097,15.858,29.764,11.105,10.702,5.156,Fairway,airborne,-0.002,0
90,0.3749,33.030,15.904,29.737,11.055,10.700,5.203,Fairway,airborne,-0.002,0
91,0.3791,32.962,15.950,29.711,11.004,10.699,5.251,Fairway,airborne,-0.001,0
92,0.3832,32.895,15.995,29.685,10.953,10.697,5.298,Fairway,airborne,-0.001,0
93,0.3874,32.828,16.041,29.658,10.903,10.696,5.345,Fairway,airborne,-0.001,0
94,0.3916,32.761,16.086,29.632,10.852,10.695,5.392,Fairway,airborne,-0.001,0
95,0.3957,32.694,16.131,29.606,10.802,10.693,5.438,Fairway,airborne,-0.001,0
96,0.3999,32.627,16.176,29.580,10.752,10.692,5.485,Fairway,airborne,-0.001,0
97,0.4041,32.560,16.221,29.553,10.701,10.690,5.531,Fairway,airborne,-0.001,0
98,0.4082,32.493,16.265,29.527,10.651,10.689,5.577,Fairway,airborne,-0.001,0
99,0.4124,32.426,16.310,29.501,10.601,10.687,5.622,Fairway,airborne,-0.002,0
100,0.4166,32.359,16.354,29.475,10.551,10.686,5.668,Fairway,airborne,-0.002,0
101,0.4207,32.292,16.397,29.449,10.501,10.684,5.713,Fairway,airborne,-0.002,0
102,0.4249,32.226,16.441,29.423,10.451,10.682,5.759,Fairway,airborne,-0.002,0
103,0.4291,32.159,16.485,29.397,10.402,10.681,5.804,Fairway,airborne,-0.002,0
104,0.4332,32.093,16.528,29.371,10.352,10.679,5.848,Fairway,airborne,-0.002,0
105,0.4374,32.026,16.571,29.345,10.302,10.678,5.893,Fairway,airborne,-0.002,0
106,0.4416,31.960,16.614,29.319,10.253,10.676,5.937,Fairway,airborne,-0.001,0
107,0.4457,31.893,16.656,29.293,10.203,10.675,5.981,Fairway,airborne,-0.001,0
108,0.4499,31.827,16.699,29.267,10.154,10.673,6.025,Fairway,airborne,-0.001,0
109,0.4541,31.761,16.741,29.241,10.105,10.672,6.069,Fairway,airborne,-0.001,0
110,0.4582,31.694,16.783,29.215,10.055,10.670,6.112,Fairway,airborne,-0.001,0
111,0.4624,31.628,16.825,29.189,10.006,10.669,6.156,Fairway,airborne,-0.001,0
112,0.4666,31.562,16.866,29.163,9.957,10.667,6.199,Fairway,airborne,-0.001,0
113,0.4707,31.496,16.907,29.137,9.908,10.666,6.242,Fairway,airborne,-0.001,0
114,0.4749,31.430,16.949,29.112,9.859,10.664,6.284,Fairway,airborne,-0.001,0
115,0.4790,31.364,16.990,29.086,9.810,10.663,6.327,Fairway,airborne,-0.001,0
116,0.4832,31.298,17.030,29.060,9.761,10.661,6.369,Fairway,airborne,-0.001,0
117,0.4874,31.232,17.071,29.034,9.713,10.660,6.411,Fairway,airborne,-0.001,0
118,0.4915,31.167,17.111,29.009,9.664,10.658,6.453,Fairway,airborne,-0.001,0
119,0.4957,31.101,17.151,28.983,9.615,10.657,6.494,Fairway,airborne,-0.001,0
120,0.4999,31.035,17.191,28.957,9.567,10.655,6.536,Fairway,airborne,-0.001,0
121,0.5040,30.969,17.231,28.932,9.518,10.654,6.577,Fairway,airborne,-0.002,0
122,0.5082,30.904,17.271,28.906,9.470,10.652,6.618,Fairway,airborne,-0.001,0
123,0.5124,30.838,17.310,28.880,9.422,10.651,6.659,Fairway,airborne,-0.001,0
124,0.5165,30.773,17.349,28.855,9.373,10.649,6.700,Fairway,airborne,-0.001,0
125,0.5207,30.707,17.388,28.829,9.325,10.648,6.740,Fairway,airborne,-0.001,0
126,0.5249,30.642,17.427,28.803,9.277,10.647,6.780,Fairway,airborne,-0.001,0
127,0.5290,30.577,17.465,28.778,9.229,10.645,6.820,Fairway,airborne,-0.001,0
128,0.5332,30.511,17.504,28.752,9.181,10.644,6.860,Fairway,airborne,-0.001,0
129,0.5374,30.446,17.542,28.727,9.133,10.642,6.900,Fairway,airborne,-0.001,0
130,0.5415,30.381,17.580,28.701,9.085,10.641,6.939,Fairway,airborne,-0.001,0
131,0.5457,30.316,17.617,28.676,9.037,10.639,6.978,Fairway,airborne,-0.001,0
132,0.5499,30.251,17.655,28.650,8.989,10.638,7.017,Fairway,airborne,-0.002,0
133,0.5540,30.186,17.692,28.625,8.942,10.636,7.056,Fairway,airborne,-0.002,0
134,0.5582,30.121,17.729,28.600,8.894,10.634,7.095,Fairway,airborne,-0.002,0
135,0.5624,30.056,17.766,28.574,8.846,10.633,7.134,Fairway,airborne,-0.002,0
136,0.5665,29.991,17.803,28.549,8.799,10.631,7.172,Fairway,airborne,-0.002,0
137,0.5707,29.926,17.840,28.523,8.751,10.630,7.210,Fairway,airborne,-0.002,0
138,0.5749,29.862,17.876,28.498,8.704,10.628,7.248,Fairway,airborne,-0.002,0
139,0.5790,29.797,17.912,28.473,8.657,10.627,7.286,Fairway,airborne,-0.001,0
140,0.5832,29.732,17.948,28.448,8.609,10.625,7.323,Fairway,airborne,-0.002,0
141,0.5874,29.668,17.984,28.422,8.562,10.624,7.360,Fairway,airborne,-0.002,0
142,0.5915,29.603,18.019,28.397,8.515,10.622,7.397,Fairway,airborne,-0.001,0
143,0.5957,29.538,18.055,28.372,8.468,10.621,7.434,Fairway,airborne,-0.002,0
144,0.5999,29.474,18.090,28.347,8.421,10.619,7.471,Fairway,airborne,-0.001,0
145,0.6040,29.409,18.125,28.321,8.374,10.618,7.507,Fairway,airborne,-0.002,0
146,0.6082,29.345,18.160,28.296,8.327,10.616,7.544,Fairway,airborne,-0.001,0
147,0.6124,29.281,18.194,28.271,8.280,10.615,7.580,Fairway,airborne,-0.001,0
148,0.6165,29.216,18.229,28.246,8.233,10.613,7.616,Fairway,airborne,-0.001,0
149,0.6207,29.152,18.263,28.221,8.186,10.612,7.651,Fairway,airborne,-0.001,0
150,0.6248,29.088,18.297,28.196,8.139,10.610,7.687,Fairway,airborne,-0.001,0
151,0.6290,29.024,18.331,28.170,8.093,10.609,7.722,Fairway,airborne,-0.001,0
152,0.6332,28.960,18.364,28.145,8.046,10.607,7.757,Fairway,airborne,-0.001,0
153,0.6373,28.896,18.398,28.120,8.000,10.606,7.792,Fairway,airborne,-0.001,0
154,0.6415,28.832,18.431,28.095,7.953,10.604,7.827,Fairway,airborne,-0.002,0
155,0.6457,28.768,18.464,28.070,7.907,10.602,7.861,Fairway,airborne,-0.002,0
156,0.6498,28.704,18.497,28.045,7.860,10.601,7.896,Fairway,airborne,-0.002,0
157,0.6540,28.640,18.529,28.020,7.814,10.599,7.930,Fairway,airborne,-0.002,0
158,0.6582,28.576,18.562,27.995,7.767,10.598,7.964,Fairway,airborne,-0.002,0
159,0.6623,28.512,18.594,27.970,7.721,10.596,7.998,Fairway,airborne,-0.002,0
160,0.6665,28.448,18.626,27.945,7.675,10.594,8.032,Fairway,airborne,-0.002,0
161,0.6707,28.385,18.658,27.921,7.629,10.593,8.065,Fairway,airborne,-0.001,0
162,0.6748,28.321,18.690,27.896,7.583,10.591,8.098,Fairway,airborne,-0.001,0
163,0.6790,28.257,18.721,27.871,7.537,10.590,8.131,Fairway,airborne,-0.001,0
164,0.6832,28.194,18.752,27.846,7.491,10.589,8.164,Fairway,airborne,-0.001,0
165,0.6873,28.130,18.784,27.821,7.445,10.587,8.197,Fairway,airborne,-0.001,0
166,0.6915,28.067,18.815,27.796,7.399,10.586,8.229,Fairway,airborne,-0.001,0
167,0.6957,28.003,18.845,27.771,7.353,10.584,8.261,Fairway,airborne,-0.001,0
168,0.6998,27.940,18.876,27.747,7.307,10.583,8.293,Fairway,airborne,-0.001,0
169,0.7040,27.877,18.906,27.722,7.261,10.581,8.325,Fairway,airborne,-0.001,0
170,0.7082,27.813,18.936,27.697,7.215,10.580,8.356,Fairway,airborne,-0.001,0
171,0.7123,27.750,18.966,27.672,7.170,10.579,8.388,Fairway,airborne,-0.001,0
172,0.7165,27.687,18.996,27.648,7.124,10.577,8.419,Fairway,airborne,-0.001,0
173,0.7207,27.624,19.026,27.623,7.079,10.576,8.450,Fairway,airborne,-0.001,0
174,0.7248,27.561,19.055,27.598,7.033,10.574,8.480,Fairway,airborne,-0.001,0
175,0.7290,27.497,19.084,27.573,6.988,10.573,8.511,Fairway,airborne,-0.001,0
176,0.7332,27.434,19.113,27.549,6.942,10.572,8.541,Fairway,airborne,-0.001,0
177,0.7373,27.371,19.142,27.524,6.897,10.570,8.572,Fairway,airborne,-0.001,0
178,0.7415,27.308,19.171,27.500,6.851,10.569,8.602,Fairway,airborne,-0.001,0
179,0.7457,27.245,19.199,27.475,6.806,10.567,8.632,Fairway,airborne,-0.001,0
180,0.7498,27.183,19.227,27.450,6.761,10.566,8.661,Fairway,airborne,-0.001,0
181,0.7540,27.120,19.255,27.426,6.715,10.564,8.691,Fairway,airborne,-0.001,0
182,0.7581,27.057,19.283,27.401,6.670,10.563,8.720,Fairway,airborne,-0.001,0
183,0.7623,26.994,19.311,27.377,6.625,10.561,8.750,Fairway,airborne,-0.001,0
184,0.7665,26.931,19.338,27.352,6.580,10.560,8.779,Fairway,airborne,-0.001,0
185,0.7706,26.869,19.366,27.328,6.535,10.558,8.807,Fairway,airborne,-0.001,0
186,0.7748,26.806,19.393,27.303,6.490,10.557,8.836,Fairway,airborne,-0.001,0
187,0.7790,26.743,19.420,27.279,6.445,10.555,8.864,Fairway,airborne,-0.001,0
188,0.7831,26.681,19.446,27.254,6.400,10.554,8.893,Fairway,airborne,-0.002,0
189,0.7873,26.618,19.473,27.230,6.355,10.552,8.921,Fairway,airborne,-0.002,0
190,0.7915,26.556,19.499,27.205,6.310,10.551,8.949,Fairway,airborne,-0.002,0
191,0.7956,26.493,19.526,27.181,6.265,10.549,8.977,Fairway,airborne,-0.002,0
192,0.7998,26.431,19.552,27.156,6.220,10.547,9.004,Fairway,airborne,-0.002,0
193,0.8040,26.369,19.577,27.132,6.176,10.546,9.032,Fairway,airborne,-0.002,0
194,0.8081,26.306,19.603,27.108,6.131,10.544,9.059,Fairway,airborne,-0.002,0
195,0.8123,26.244,19.628,27.083,6.086,10.543,9.086,Fairway,airborne,-0.002,0
196,0.8165,26.182,19.654,27.059,6.042,10.541,9.113,Fairway,airborne,-0.002,0
197,0.8206,26.120,19.679,27.034,5.997,10.539,9.139,Fairway,airborne,-0.002,0
198,0.8248,26.057,19.704,27.010,5.953,10.538,9.166,Fairway,airborne,-0.002,0
199,0.8290,25.995,19.728,26.986,5.908,10.536,9.192,Fairway,airborne,-0.001,0
200,0.8331,25.933,19.753,26.962,5.864,10.535,9.218,Fairway,airborne,-0.002,0
201,0.8373,25.871,19.777,26.937,5.819,10.533,9.244,Fairway,airborne,-0.002,0
202,0.8415,25.809,19.801,26.913,5.775,10.532,9.269,Fairway,airborne,-0.001,0
203,0.8456,25.747,19.825,26.889,5.730,10.531,9.295,Fairway,airborne,-0.001,0
204,0.8498,25.685,19.849,26.865,5.686,10.529,9.320,Fairway,airborne,-0.001,0
205,0.8540,25.623,19.873,26.840,5.642,10.528,9.345,Fairway,airborne,-0.001,0
206,0.8581,25.561,19.896,26.816,5.598,10.526,9.370,Fairway,airborne,-0.001,0
207,0.8623,25.500,19.919,26.792,5.553,10.525,9.394,Fairway,airborne,-0.001,0
208,0.8665,25.438,19.942,26.768,5.509,10.524,9.419,Fairway,airborne,-0.001,0
209,0.8706,25.376,19.965,26.744,5.465,10.522,9.443,Fairway,airborne,-0.001,0
210,0.8748,25.314,19.988,26.719,5.421,10.521,9.467,Fairway,airborne,-0.001,0
211,0.8790,25.253,20.010,26.695,5.377,10.520,9.491,Fairway,airborne,-0.001,0
212,0.8831,25.191,20.033,26.671,5.333,10.518,9.514,Fairway,airborne,-0.001,0
213,0.8873,25.129,20.055,26.647,5.289,10.517,9.538,Fairway,airborne,-0.001,0
214,0.8914,25.068,20.077,26.623,5.245,10.515,9.561,Fairway,airborne,-0.001,0
215,0.8956,25.006,20.098,26.599,5.201,10.514,9.585,Fairway,airborne,-0.001,0
216,0.8998,24.945,20.120,26.575,5.157,10.512,9.608,Fairway,airborne,-0.001,0
217,0.9039,24.883,20.141,26.551,5.113,10.511,9.630,Fairway,airborne,-0.001,0
218,0.9081,24.822,20.162,26.527,5.069,10.510,9.653,Fairway,airborne,-0.001,0
219,0.9123,24.760,20.184,26.503,5.025,10.508,9.675,Fairway,airborne,-0.001,0
220,0.9164,24.699,20.204,26.479,4.982,10.507,9.698,Fairway,airborne,-0.001,0
221,0.9206,24.638,20.225,26.455,4.938,10.505,9.720,Fairway,airborne,-0.001,0
222,0.9248,24.576,20.245,26.431,4.894,10.504,9.741,Fairway,airborne,-0.001,0
223,0.9289,24.515,20.266,26.407,4.851,10.503,9.763,Fairway,airborne,-0.001,0
224,0.9331,24.454,20.286,26.383,4.807,10.501,9.785,Fairway,airborne,-0.001,0
225,0.9373,24.393,20.306,26.359,4.763,10.500,9.806,Fairway,airborne,-0.001,0
226,0.9414,24.332,20.326,26.335,4.720,10.498,9.827,Fairway,airborne,-0.001,0
227,0.9456,24.270,20.345,26.311,4.676,10.497,9.848,Fairway,airborne,-0.001,0
228,0.9498,24.209,20.364,26.287,4.633,10.495,9.869,Fairway,airborne,-0.001,0
229,0.9539,24.148,20.384,26.263,4.589,10.494,9.890,Fairway,airborne,-0.001,0
230,0.9581,24.087,20.403,26.240,4.546,10.492,9.910,Fairway,airborne,-0.001,0
231,0.9623,24.026,20.422,26.216,4.502,10.491,9.931,Fairway,airborne,-0.001,0
232,0.9664,23.965,20.440,26.192,4.459,10.490,9.951,Fairway,airborne,-0.001,0
233,0.9706,23.905,20.459,26.168,4.416,10.488,9.971,Fairway,airborne,-0.001,0
234,0.9748,23.844,20.477,26.144,4.372,10.487,9.990,Fairway,airborne,-0.001,0
235,0.9789,23.783,20.495,26.120,4.329,10.485,10.010,Fairway,airborne,-0.001,0
236,0.9831,23.722,20.513,26.097,4.286,10.484,10.029,Fairway,airborne,-0.001,0
237,0.9873,23.661,20.531,26.073,4.243,10.482,10.048,Fairway,airborne,-0.001,0
238,0.9914,23.600,20.548,26.049,4.199,10.481,10.068,Fairway,airborne,-0.001,0
239,0.9956,23.540,20.566,26.025,4.156,10.479,10.086,Fairway,airborne,-0.001,0
240,0.9998,23.479,20.583,26.002,4.113,10.478,10.105,Fairway,airborne,-0.001,0
241,1.0039,23.418,20.600,25.978,4.070,10.476,10.124,Fairway,airborne,-0.001,0
242,1.0081,23.358,20.617,25.954,4.027,10.475,10.142,Fairway,airborne,-0.001,0
243,1.0123,23.297,20.634,25.930,3.984,10.474,10.160,Fairway,airborne,-0.001,0
244,1.0164,23.237,20.650,25.907,3.941,10.472,10.178,Fairway,airborne,-0.001,0
245,1.0206,23.176,20.666,25.883,3.898,10.471,10.195,Fairway,airborne,-0.001,0
246,1.0248,23.116,20.682,25.859,3.855,10.470,10.213,Fairway,airborne,-0.001,0
247,1.0289,23.055,20.698,25.836,3.812,10.468,10.230,Fairway,airborne,-0.001,0
248,1.0331,22.995,20.714,25.812,3.769,10.467,10.247,Fairway,airborne,-0.001,0
249,1.0372,22.935,20.730,25.789,3.726,10.465,10.265,Fairway,airborne,-0.001,0
250,1.0414,22.874,20.745,25.765,3.680,10.464,10.281,Fairway,airborne,-0.001,0
251,1.0456,22.814,20.760,25.741,3.635,10.462,10.298,Fairway,airborne,-0.001,0
252,1.0497,22.754,20.776,25.718,3.590,10.461,10.315,Fairway,airborne,-0.001,0
253,1.0539,22.694,20.790,25.694,3.544,10.460,10.331,Fairway,airborne,-0.001,0
254,1.0581,22.634,20.805,25.671,3.499,10.458,10.347,Fairway,airborne,-0.001,0
255,1.0622,22.574,20.820,25.647,3.454,10.457,10.363,Fairway,airborne,-0.001,0
256,1.0664,22.514,20.834,25.624,3.409,10.455,10.378,Fairway,airborne,-0.001,0
257,1.0706,22.454,20.848,25.601,3.364,10.454,10.394,Fairway,airborne,-0.001,0
258,1.0747,22.395,20.862,25.577,3.319,10.452,10.409,Fairway,airborne,-0.001,0
259,1.0789,22.335,20.876,25.554,3.275,10.451,10.424,Fairway,airborne,-0.001,0
260,1.0831,22.275,20.889,25.531,3.230,10.450,10.439,Fairway,airborne,-0.001,0
261,1.0872,22.216,20.902,25.507,3.185,10.448,10.454,Fairway,airborne,-0.001,0
262,1.0914,22.156,20.916,25.484,3.141,10.447,10.469,Fairway,airborne,-0.001,0
263,1.0956,22.097,20.929,25.461,3.096,10.446,10.483,Fairway,airborne,-0.001,0
264,1.0997,22.038,20.941,25.438,3.052,10.444,10.497,Fairway,airborne,-0.001,0
265,1.1039,21.978,20.954,25.415,3.007,10.443,10.511,Fairway,airborne,-0.001,0
266,1.1081,21.919,20.966,25.391,2.963,10.442,10.525,Fairway,airborne,-0.001,0
267,1.1122,21.860,20.979,25.368,2.919,10.440,10.538,Fairway,airborne,-0.001,0
268,1.1164,21.801,20.991,25.345,2.874,10.439,10.552,Fairway,airborne,-0.001,0
269,1.1206,21.742,21.003,25.322,2.830,10.438,10.565,Fairway,airborne,-0.001,0
270,1.1247,21.683,21.014,25.299,2.786,10.436,10.578,Fairway,airborne,-0.001,0
271,1.1289,21.625,21.026,25.276,2.742,10.435,10.591,Fairway,airborne,-0.001,0
272,1.1331,21.566,21.037,25.253,2.698,10.434,10.603,Fairway,airborne,-0.001,0
273,1.1372,21.507,21.048,25.230,2.654,10.432,10.616,Fairway,airborne,-0.001,0
274,1.1414,21.448,21.059,25.207,2.610,10.431,10.628,Fairway,airborne,-0.001,0
275,1.1456,21.390,21.070,25.184,2.567,10.429,10.641,Fairway,airborne,-0.001,0
276,1.1497,21.331,21.081,25.161,2.523,10.428,10.653,Fairway,airborne,-0.001,0
277,1.1539,21.273,21.091,25.139,2.479,10.427,10.664,Fairway,airborne,-0.001,0
278,1.1581,21.215,21.101,25.116,2.436,10.425,10.676,Fairway,airborne,-0.001,0
279,1.1622,21.156,21.111,25.093,2.392,10.424,10.687,Fairway,airborne,-0.001,0
280,1.1664,21.098,21.121,25.070,2.349,10.422,10.699,Fairway,airborne,-0.001,0
281,1.1705,21.040,21.131,25.047,2.305,10.421,10.710,Fairway,airborne,-0.001,0
282,1.1747,20.982,21.140,25.025,2.262,10.420,10.721,Fairway,airborne,-0.001,0
283,1.1789,20.924,21.150,25.002,2.218,10.418,10.731,Fairway,airborne,-0.001,0
284,1.1830,20.866,21.159,24.979,2.175,10.417,10.742,Fairway,airborne,-0.001,0
285,1.1872,20.808,21.168,24.957,2.132,10.416,10.752,Fairway,airborne,-0.001,0
286,1.1914,20.750,21.177,24.934,2.089,10.414,10.762,Fairway,airborne,-0.001,0
287,1.1955,20.692,21.185,24.911,2.046,10.413,10.772,Fairway,airborne,-0.001,0
288,1.1997,20.635,21.194,24.889,2.003,10.412,10.782,Fairway,airborne,-0.001,0
289,1.2039,20.577,21.202,24.866,1.960,10.410,10.791,Fairway,airborne,-0.001,0
290,1.2080,20.519,21.210,24.844,1.917,10.409,10.801,Fairway,airborne,-0.001,0
291,1.2122,20.462,21.218,24.821,1.874,10.408,10.810,Fairway,airborne,-0.001,0
292,1.2164,20.404,21.225,24.799,1.831,10.407,10.819,Fairway,airborne,-0.001,0
293,1.2205,20.347,21.233,24.776,1.788,10.406,10.827,Fairway,airborne,-0.001,0
294,1.2247,20.290,21.240,24.754,1.745,10.404,10.836,Fairway,airborne,-0.001,0
295,1.2289,20.232,21.248,24.732,1.703,10.403,10.844,Fairway,airborne,-0.001,0
296,1.2330,20.175,21.255,24.709,1.660,10.402,10.853,Fairway,airborne,-0.001,0
297,1.2372,20.118,21.261,24.687,1.617,10.401,10.861,Fairway,airborne,-0.001,0
298,1.2414,20.061,21.268,24.664,1.575,10.399,10.869,Fairway,airborne,-0.001,0
299,1.2455,20.004,21.274,24.642,1.532,10.398,10.876,Fairway,airborne,-0.001,0
300,1.2497,19.947,21.281,24.620,1.490,10.397,10.884,Fairway,airborne,-0.001,0
301,1.2539,19.890,21.287,24.598,1.448,10.396,10.891,Fairway,airborne,-0.001,0
302,1.2580,19.833,21.293,24.575,1.405,10.394,10.898,Fairway,airborne,-0.001,0
303,1.2622,19.776,21.299,24.553,1.363,10.393,10.905,Fairway,airborne,-0.001,0
304,1.2664,19.720,21.304,24.531,1.321,10.392,10.912,Fairway,airborne,-0.001,0
305,1.2705,19.663,21.309,24.509,1.279,10.391,10.919,Fairway,airborne,-0.001,0
306,1.2747,19.606,21.315,24.487,1.236,10.389,10.925,Fairway,airborne,-0.001,0
307,1.2789,19.550,21.320,24.465,1.194,10.388,10.932,Fairway,airborne,-0.001,0
308,1.2830,19.493,21.325,24.442,1.152,10.387,10.938,Fairway,airborne,-0.001,0
309,1.2872,19.437,21.329,24.420,1.110,10.386,10.944,Fairway,airborne,-0.001,0
310,1.2914,19.381,21.334,24.398,1.068,10.385,10.949,Fairway,airborne,-0.001,0
311,1.2955,19.324,21.338,24.376,1.026,10.383,10.955,Fairway,airborne,-0.001,0
312,1.2997,19.268,21.342,24.354,0.984,10.382,10.960,Fairway,airborne,-0.001,0
313,1.3038,19.212,21.346,24.332,0.943,10.381,10.966,Fairway,airborne,-0.001,0
314,1.3080,19.156,21.350,24.310,0.901,10.379,10.971,Fairway,airborne,-0.001,0
315,1.3122,19.100,21.354,24.288,0.859,10.378,10.976,Fairway,airborne,-0.001,0
316,1.3163,19.044,21.357,24.266,0.817,10.377,10.980,Fairway,airborne,-0.001,0
317,1.3205,18.988,21.361,24.245,0.776,10.376,10.985,Fairway,airborne,-0.001,0
318,1.3247,18.932,21.364,24.223,0.734,10.375,10.989,Fairway,airborne,-0.001,0
319,1.3288,18.876,21.367,24.201,0.693,10.373,10.994,Fairway,airborne,-0.001,0
320,1.3330,18.820,21.370,24.179,0.651,10.372,10.998,Fairway,airborne,-0.001,0
321,1.3372,18.764,21.372,24.157,0.610,10.371,11.001,Fairway,airborne,-0.001,0
322,1.3413,18.709,21.375,24.135,0.568,10.370,11.005,Fairway,airborne,-0.001,0
323,1.3455,18.653,21.377,24.114,0.527,10.368,11.009,Fairway,airborne,-0.001,0
324,1.3497,18.597,21.379,24.092,0.485,10.367,11.012,Fairway,airborne,-0.001,0
325,1.3538,18.542,21.381,24.070,0.444,10.366,11.015,Fairway,airborne,-0.001,0
326,1.3580,18.486,21.383,24.048,0.403,10.364,11.018,Fairway,airborne,-0.001,0
327,1.3622,18.431,21.384,24.027,0.362,10.363,11.021,Fairway,airborne,-0.001,0
328,1.3663,18.375,21.386,24.005,0.320,10.362,11.024,Fairway,airborne,-0.001,0
329,1.3705,18.320,21.387,23.983,0.279,10.361,11.026,Fairway,airborne,-0.001,0
330,1.3747,18.265,21.388,23.962,0.238,10.359,11.029,Fairway,airborne,-0.001,0
331,1.3788,18.210,21.389,23.940,0.197,10.358,11.031,Fairway,airborne,-0.001,0
332,1.3830,18.155,21.390,23.919,0.156,10.357,11.033,Fairway,airborne,-0.001,0
333,1.3872,18.099,21.390,23.897,0.115,10.356,11.035,Fairway,airborne,-0.001,0
334,1.3913,18.044,21.391,23.876,0.074,10.355,11.036,Fairway,airborne,-0.001,0
335,1.3955,17.989,21.391,23.854,0.033,10.353,11.037,Fairway,airborne,-0.001,0
336,1.3997,17.934,21.391,23.833,-0.008,10.352,11.039,Fairway,airborne,-0.001,0
337,1.4038,17.880,21.391,23.811,-0.048,10.351,11.040,Fairway,airborne,-0.001,0
338,1.4080,17.825,21.391,23.790,-0.089,10.350,11.041,Fairway,airborne,-0.001,0
339,1.4122,17.770,21.390,23.768,-0.130,10.349,11.041,Fairway,airborne,-0.001,0
340,1.4163,17.715,21.389,23.747,-0.171,10.348,11.042,Fairway,airborne,-0.001,0
341,1.4205,17.661,21.389,23.725,-0.211,10.346,11.042,Fairway,airborne,-0.001,0
342,1.4247,17.606,21.388,23.704,-0.252,10.345,11.042,Fairway,airborne,-0.001,0
343,1.4288,17.551,21.387,23.683,-0.293,10.344,11.043,Fairway,airborne,-0.001,0
344,1.4330,17.497,21.385,23.661,-0.333,10.343,11.042,Fairway,airborne,-0.001,0
345,1.4371,17.442,21.384,23.640,-0.374,10.342,11.042,Fairway,airborne,-0.001,0
346,1.4413,17.388,21.382,23.619,-0.414,10.341,11.042,Fairway,airborne,-0.001,0
347,1.4455,17.334,21.380,23.598,-0.454,10.339,11.041,Fairway,airborne,-0.001,0
348,1.4496,17.279,21.378,23.576,-0.495,10.338,11.040,Fairway,airborne,-0.001,0
349,1.4538,17.225,21.376,23.555,-0.535,10.337,11.039,Fairway,airborne,-0.001,0
350,1.4580,17.171,21.374,23.534,-0.576,10.336,11.038,Fairway,airborne,-0.001,0
351,1.4621,17.117,21.371,23.513,-0.616,10.335,11.037,Fairway,airborne,-0.001,0
352,1.4663,17.063,21.369,23.491,-0.656,10.334,11.035,Fairway,airborne,-0.001,0
353,1.4705,17.009,21.366,23.470,-0.696,10.332,11.034,Fairway,airborne,-0.001,0
354,1.4746,16.955,21.363,23.449,-0.736,10.331,11.032,Fairway,airborne,-0.001,0
355,1.4788,16.901,21.360,23.428,-0.777,10.330,11.030,Fairway,airborne,-0.001,0
356,1.4830,16.847,21.357,23.407,-0.817,10.329,11.028,Fairway,airborne,-0.001,0
357,1.4871,16.793,21.353,23.386,-0.857,10.328,11.025,Fairway,airborne,-0.001,0
358,1.4913,16.739,21.349,23.365,-0.897,10.327,11.023,Fairway,airborne,-0.001,0
359,1.4955,16.685,21.346,23.344,-0.937,10.326,11.020,Fairway,airborne,-0.001,0
360,1.4996,16.632,21.342,23.323,-0.977,10.324,11.017,Fairway,airborne,-0.001,0
361,1.5038,16.578,21.338,23.302,-1.017,10.323,11.014,Fairway,airborne,-0.001,0
362,1.5080,16.524,21.333,23.281,-1.057,10.322,11.011,Fairway,airborne,-0.001,0
363,1.5121,16.471,21.329,23.260,-1.096,10.321,11.008,Fairway,airborne,-0.001,0
364,1.5163,16.417,21.324,23.239,-1.136,10.320,11.004,Fairway,airborne,-0.001,0
365,1.5205,16.364,21.319,23.218,-1.176,10.319,11.000,Fairway,airborne,-0.001,0
366,1.5246,16.311,21.314,23.197,-1.216,10.318,10.997,Fairway,airborne,-0.001,0
367,1.5288,16.257,21.309,23.176,-1.255,10.317,10.993,Fairway,airborne,-0.001,0
368,1.5330,16.204,21.304,23.156,-1.295,10.315,10.988,Fairway,airborne,-0.001,0
369,1.5371,16.151,21.298,23.135,-1.335,10.314,10.984,Fairway,airborne,-0.001,0
370,1.5413,16.097,21.293,23.114,-1.374,10.313,10.980,Fairway,airborne,-0.001,0
371,1.5455,16.044,21.287,23.093,-1.414,10.312,10.975,Fairway,airborne,-0.001,0
372,1.5496,15.991,21.281,23.072,-1.453,10.311,10.970,Fairway,airborne,-0.001,0
373,1.5538,15.938,21.275,23.052,-1.493,10.310,10.965,Fairway,airborne,-0.001,0
374,1.5580,15.885,21.269,23.031,-1.532,10.309,10.960,Fairway,airborne,-0.001,0
375,1.5621,15.832,21.262,23.010,-1.572,10.307,10.955,Fairway,airborne,-0.001,0
376,1.5663,15.779,21.255,22.989,-1.611,10.306,10.949,Fairway,airborne,-0.001,0
377,1.5705,15.726,21.249,22.969,-1.651,10.305,10.944,Fairway,airborne,-0.001,0
378,1.5746,15.674,21.242,22.948,-1.690,10.304,10.938,Fairway,airborne,-0.001,0
379,1.5788,15.621,21.235,22.927,-1.729,10.303,10.932,Fairway,airborne,-0.001,0
380,1.5829,15.568,21.227,22.907,-1.768,10.302,10.926,Fairway,airborne,-0.001,0
381,1.5871,15.515,21.220,22.886,-1.808,10.301,10.919,Fairway,airborne,-0.001,0
382,1.5913,15.463,21.212,22.866,-1.847,10.299,10.913,Fairway,airborne,-0.001,0
383,1.5954,15.410,21.204,22.845,-1.886,10.298,10.906,Fairway,airborne,-0.001,0
384,1.5996,15.358,21.197,22.824,-1.925,10.297,10.899,Fairway,airborne,-0.001,0
385,1.6038,15.305,21.188,22.804,-1.964,10.296,10.892,Fairway,airborne,-0.001,0
386,1.6079,15.253,21.180,22.783,-2.003,10.295,10.885,Fairway,airborne,-0.001,0
387,1.6121,15.200,21.172,22.763,-2.042,10.294,10.878,Fairway,airborne,-0.001,0
388,1.6163,15.148,21.163,22.742,-2.081,10.293,10.870,Fairway,airborne,-0.001,0
389,1.6204,15.096,21.154,22.722,-2.120,10.292,10.862,Fairway,airborne,-0.001,0
390,1.6246,15.044,21.146,22.702,-2.159,10.291,10.855,Fairway,airborne,-0.001,0
391,1.6288,14.991,21.136,22.681,-2.198,10.290,10.847,Fairway,airborne,-0.001,0
392,1.6329,14.939,21.127,22.661,-2.237,10.289,10.838,Fairway,airborne,-0.001,0
393,1.6371,14.887,21.118,22.640,-2.276,10.288,10.830,Fairway,airborne,-0.001,0
394,1.6413,14.835,21.108,22.620,-2.314,10.287,10.822,Fairway,airborne,-0.001,0
395,1.6454,14.783,21.099,22.600,-2.353,10.286,10.813,Fairway,airborne,-0.001,0
396,1.6496,14.731,21.089,22.579,-2.392,10.285,10.804,Fairway,airborne,-0.001,0
397,1.6538,14.679,21.079,22.559,-2.431,10.283,10.795,Fairway,airborne,-0.001,0
398,1.6579,14.627,21.068,22.539,-2.469,10.282,10.786,Fairway,airborne,-0.001,0
399,1.6621,14.576,21.058,22.518,-2.508,10.281,10.777,Fairway,airborne,-0.001,0
400,1.6663,14.524,21.048,22.498,-2.546,10.280,10.767,Fairway,airborne,-0.001,0
401,1.6704,14.472,21.037,22.478,-2.585,10.279,10.758,Fairway,airborne,-0.001,0
402,1.6746,14.420,21.026,22.458,-2.624,10.278,10.748,Fairway,airborne,-0.001,0
403,1.6788,14.369,21.015,22.437,-2.662,10.277,10.738,Fairway,airborne,-0.001,0
404,1.6829,14.317,21.004,22.417,-2.701,10.276,10.728,Fairway,airborne,-0.001,0
405,1.6871,14.266,20.993,22.397,-2.739,10.275,10.718,Fairway,airborne,-0.001,0
406,1.6913,14.214,20.981,22.377,-2.777,10.274,10.707,Fairway,airborne,-0.001,0
407,1.6954,14.163,20.969,22.357,-2.816,10.272,10.697,Fairway,airborne,-0.001,0
408,1.6996,14.111,20.958,22.337,-2.854,10.271,10.686,Fairway,airborne,-0.001,0
409,1.7038,14.060,20.946,22.317,-2.892,10.270,10.675,Fairway,airborne,-0.001,0
410,1.7079,14.009,20.934,22.297,-2.931,10.269,10.664,Fairway,airborne,-0.001,0
411,1.7121,13.957,20.921,22.277,-2.969,10.268,10.653,Fairway,airborne,-0.001,0
412,1.7162,13.906,20.909,22.256,-3.007,10.267,10.642,Fairway,airborne,-0.001,0
413,1.7204,13.855,20.896,22.236,-3.045,10.266,10.630,Fairway,airborne,-0.001,0
414,1.7246,13.804,20.883,22.216,-3.083,10.265,10.619,Fairway,airborne,-0.001,0
415,1.7287,13.753,20.871,22.196,-3.121,10.264,10.607,Fairway,airborne,-0.001,0
416,1.7329,13.702,20.857,22.176,-3.159,10.263,10.595,Fairway,airborne,-0.001,0
417,1.7371,13.651,20.844,22.157,-3.197,10.262,10.582,Fairway,airborne,-0.001,0
418,1.7412,13.600,20.831,22.137,-3.235,10.261,10.570,Fairway,airborne,-0.001,0
419,1.7454,13.549,20.817,22.117,-3.273,10.260,10.557,Fairway,airborne,-0.001,0
420,1.7496,13.498,20.804,22.097,-3.311,10.259,10.545,Fairway,airborne,-0.001,0
421,1.7537,13.447,20.790,22.077,-3.349,10.258,10.532,Fairway,airborne,-0.001,0
422,1.7579,13.396,20.776,22.057,-3.387,10.257,10.519,Fairway,airborne,-0.001,0
423,1.7621,13.346,20.761,22.037,-3.425,10.256,10.506,Fairway,airborne,-0.001,0
424,1.7662,13.295,20.747,22.017,-3.463,10.255,10.492,Fairway,airborne,-0.001,0
425,1.7704,13.244,20.733,21.998,-3.501,10.254,10.479,Fairway,airborne,-0.001,0
426,1.7746,13.194,20.718,21.978,-3.538,10.253,10.465,Fairway,airborne,-0.001,0
427,1.7787,13.143,20.703,21.958,-3.576,10.252,10.451,Fairway,airborne,-0.001,0
428,1.7829,13.093,20.688,21.938,-3.614,10.251,10.437,Fairway,airborne,-0.001,0
429,1.7871,13.042,20.673,21.918,-3.651,10.250,10.423,Fairway,airborne,-0.001,0
430,1.7912,12.992,20.658,21.899,-3.689,10.249,10.409,Fairway,airborne,-0.001,0
431,1.7954,12.941,20.642,21.879,-3.726,10.248,10.394,Fairway,airborne,-0.001,0
432,1.7996,12.891,20.627,21.859,-3.764,10.247,10.380,Fairway,airborne,-0.001,0
433,1.8037,12.841,20.611,21.840,-3.801,10.246,10.365,Fairway,airborne,-0.001,0
434,1.8079,12.791,20.595,21.820,-3.839,10.245,10.350,Fairway,airborne,-0.001,0
435,1.8121,12.740,20.579,21.800,-3.876,10.244,10.335,Fairway,airborne,-0.001,0
436,1.8162,12.690,20.563,21.781,-3.914,10.243,10.320,Fairway,airborne,-0.001,0
437,1.8204,12.640,20.546,21.761,-3.951,10.242,10.305,Fairway,airborne,-0.001,0
438,1.8246,12.590,20.530,21.742,-3.989,10.241,10.289,Fairway,airborne,-0.001,0
439,1.8287,12.540,20.513,21.722,-4.026,10.240,10.273,Fairway,airborne,-0.001,0
440,1.8329,12.490,20.496,21.702,-4.063,10.239,10.257,Fairway,airborne,-0.001,0
441,1.8371,12.440,20.479,21.683,-4.100,10.238,10.241,Fairway,airborne,-0.001,0
442,1.8412,12.390,20.462,21.663,-4.138,10.237,10.225,Fairway,airborne,-0.001,0
443,1.8454,12.340,20.445,21.644,-4.175,10.236,10.209,Fairway,airborne,-0.001,0
444,1.8495,12.291,20.427,21.624,-4.212,10.235,10.192,Fairway,airborne,-0.001,0
445,1.8537,12.241,20.410,21.605,-4.249,10.234,10.176,Fairway,airborne,-0.001,0
446,1.8579,12.191,20.392,21.585,-4.286,10.233,10.159,Fairway,airborne,-0.001,0
447,1.8620,12.141,20.374,21.566,-4.323,10.232,10.142,Fairway,airborne,-0.001,0
448,1.8662,12.092,20.356,21.547,-4.360,10.231,10.125,Fairway,airborne,-0.001,0
449,1.8704,12.042,20.338,21.527,-4.397,10.230,10.108,Fairway,airborne,-0.001,0
450,1.8745,11.993,20.319,21.508,-4.434,10.229,10.090,Fairway,airborne,-0.001,0
451,1.8787,11.943,20.301,21.488,-4.471,10.228,10.073,Fairway,airborne,-0.001,0
452,1.8829,11.894,20.282,21.469,-4.508,10.227,10.055,Fairway,airborne,-0.001,0
453,1.8870,11.844,20.263,21.450,-4.545,10.226,10.037,Fairway,airborne,-0.001,0
454,1.8912,11.795,20.244,21.430,-4.581,10.225,10.019,Fairway,airborne,-0.001,0
455,1.8954,11.746,20.225,21.411,-4.618,10.224,10.001,Fairway,airborne,-0.001,0
456,1.8995,11.696,20.206,21.392,-4.655,10.223,9.983,Fairway,airborne,-0.001,0
457,1.9037,11.647,20.186,21.373,-4.692,10.222,9.964,Fairway,airborne,-0.001,0
458,1.9079,11.598,20.167,21.353,-4.728,10.221,9.946,Fairway,airborne,-0.001,0
459,1.9120,11.549,20.147,21.334,-4.765,10.220,9.927,Fairway,airborne,-0.001,0
460,1.9162,11.500,20.127,21.315,-4.802,10.219,9.908,Fairway,airborne,-0.001,0
461,1.9204,11.451,20.107,21.296,-4.838,10.218,9.889,Fairway,airborne,-0.001,0
462,1.9245,11.402,20.087,21.277,-4.875,10.217,9.870,Fairway,airborne,-0.001,0
463,1.9287,11.353,20.066,21.257,-4.911,10.216,9.850,Fairway,airborne,-0.001,0
464,1.9329,11.304,20.046,21.238,-4.948,10.215,9.831,Fairway,airborne,-0.001,0
465,1.9370,11.255,20.025,21.219,-4.984,10.214,9.811,Fairway,airborne,-0.001,0
466,1.9412,11.206,20.004,21.200,-5.020,10.213,9.791,Fairway,airborne,-0.001,0
467,1.9454,11.157,19.983,21.181,-5.057,10.212,9.771,Fairway,airborne,-0.001,0
468,1.9495,11.109,19.962,21.162,-5.093,10.211,9.751,Fairway,airborne,-0.001,0
469,1.9537,11.060,19.941,21.143,-5.129,10.210,9.731,Fairway,airborne,-0.001,0
470,1.9579,11.011,19.920,21.124,-5.166,10.210,9.710,Fairway,airborne,-0.001,0
471,1.9620,10.963,19.898,21.105,-5.202,10.209,9.689,Fairway,airborne,-0.001,0
472,1.9662,10.914,19.876,21.086,-5.238,10.208,9.668,Fairway,airborne,-0.001,0
473,1.9704,10.865,19.854,21.067,-5.274,10.207,9.648,Fairway,airborne,-0.001,0
474,1.9745,10.817,19.832,21.048,-5.310,10.206,9.627,Fairway,airborne,-0.001,0
475,1.9787,10.768,19.810,21.029,-5.347,10.205,9.605,Fairway,airborne,-0.001,0
476,1.9828,10.720,19.788,21.010,-5.383,10.204,9.584,Fairway,airborne,-0.001,0
477,1.9870,10.672,19.765,20.991,-5.419,10.203,9.562,Fairway,airborne,-0.001,0
478,1.9912,10.623,19.743,20.972,-5.455,10.202,9.541,Fairway,airborne,-0.001,0
479,1.9953,10.575,19.720,20.953,-5.491,10.201,9.519,Fairway,airborne,-0.001,0
480,1.9995,10.527,19.697,20.934,-5.526,10.200,9.497,Fairway,airborne,-0.001,0
481,2.0037,10.479,19.674,20.915,-5.562,10.199,9.475,Fairway,airborne,-0.001,0
482,2.0078,10.431,19.651,20.897,-5.598,10.198,9.452,Fairway,airborne,-0.001,0
483,2.0120,10.382,19.627,20.878,-5.634,10.197,9.430,Fairway,airborne,-0.001,0
484,2.0162,10.334,19.604,20.859,-5.670,10.196,9.407,Fairway,airborne,-0.001,0
485,2.0203,10.286,19.580,20.840,-5.705,10.196,9.384,Fairway,airborne,-0.001,0
486,2.0245,10.238,19.556,20.821,-5.741,10.195,9.361,Fairway,airborne,-0.001,0
487,2.0287,10.190,19.532,20.803,-5.777,10.194,9.338,Fairway,airborne,-0.001,0
488,2.0328,10.143,19.508,20.784,-5.812,10.193,9.315,Fairway,airborne,-0.001,0
489,2.0370,10.095,19.484,20.765,-5.848,10.192,9.292,Fairway,airborne,-0.001,0
490,2.0412,10.047,19.459,20.747,-5.884,10.191,9.268,Fairway,airborne,-0.001,0
491,2.0453,9.999,19.435,20.728,-5.919,10.190,9.244,Fairway,airborne,-0.001,0
492,2.0495,9.951,19.410,20.709,-5.955,10.190,9.220,Fairway,airborne,-0.001,0
493,2.0537,9.904,19.385,20.691,-5.990,10.189,9.196,Fairway,airborne,-0.001,0
494,2.0578,9.856,19.360,20.672,-6.025,10.188,9.172,Fairway,airborne,-0.001,0
495,2.0620,9.809,19.335,20.653,-6.061,10.187,9.148,Fairway,airborne,-0.001,0
496,2.0662,9.761,19.310,20.635,-6.096,10.186,9.124,Fairway,airborne,-0.001,0
497,2.0703,9.714,19.284,20.616,-6.131,10.185,9.099,Fairway,airborne,-0.001,0
498,2.0745,9.666,19.259,20.598,-6.167,10.184,9.074,Fairway,airborne,-0.001,0
499,2.0787,9.619,19.233,20.579,-6.202,10.184,9.049,Fairway,airborne,-0.001,0
500,2.0828,9.571,19.207,20.560,-6.237,10.183,9.024,Fairway,airborne,-0.001,0
501,2.0870,9.524,19.181,20.542,-6.272,10.182,8.999,Fairway,airborne,-0.001,0
502,2.0912,9.477,19.155,20.523,-6.307,10.181,8.974,Fairway,airborne,-0.001,0
503,2.0953,9.429,19.128,20.505,-6.342,10.180,8.948,Fairway,airborne,-0.001,0
504,2.0995,9.382,19.102,20.486,-6.378,10.179,8.923,Fairway,airborne,-0.001,0
505,2.1037,9.335,19.075,20.468,-6.413,10.178,8.897,Fairway,airborne,-0.001,0
506,2.1078,9.288,19.048,20.450,-6.447,10.178,8.871,Fairway,airborne,-0.001,0
507,2.1120,9.241,19.021,20.431,-6.482,10.177,8.845,Fairway,airborne,-0.001,0
508,2.1162,9.194,18.994,20.413,-6.517,10.176,8.819,Fairway,airborne,-0.001,0
509,2.1203,9.147,18.967,20.394,-6.552,10.175,8.792,Fairway,airborne,-0.001,0
510,2.1245,9.100,18.940,20.376,-6.587,10.174,8.766,Fairway,airborne,-0.001,0
511,2.1286,9.053,18.912,20.358,-6.622,10.173,8.739,Fairway,airborne,-0.001,0
512,2.1328,9.006,18.885,20.339,-6.656,10.173,8.712,Fairway,airborne,-0.001,0
513,2.1370,8.959,18.857,20.321,-6.691,10.172,8.685,Fairway,airborne,-0.001,0
514,2.1411,8.913,18.829,20.303,-6.726,10.171,8.658,Fairway,airborne,-0.001,0
515,2.1453,8.866,18.801,20.284,-6.760,10.170,8.631,Fairway,airborne,-0.001,0
516,2.1495,8.819,18.773,20.266,-6.795,10.169,8.603,Fairway,airborne,-0.001,0
517,2.1536,8.773,18.744,20.248,-6.830,10.168,8.576,Fairway,airborne,-0.001,0
518,2.1578,8.726,18.716,20.230,-6.864,10.167,8.548,Fairway,airborne,-0.001,0
519,2.1620,8.679,18.687,20.211,-6.899,10.166,8.521,Fairway,airborne,-0.001,0
520,2.1661,8.633,18.658,20.193,-6.933,10.166,8.493,Fairway,airborne,-0.001,0
521,2.1703,8.586,18.629,20.175,-6.967,10.165,8.465,Fairway,airborne,-0.001,0
522,2.1745,8.540,18.600,20.157,-7.002,10.164,8.437,Fairway,airborne,-0.001,0
523,2.1786,8.494,18.571,20.139,-7.036,10.163,8.408,Fairway,airborne,-0.001,0
524,2.1828,8.447,18.542,20.121,-7.070,10.162,8.380,Fairway,airborne,-0.001,0
525,2.1870,8.401,18.512,20.103,-7.105,10.161,8.351,Fairway,airborne,-0.001,0
526,2.1911,8.355,18.482,20.084,-7.139,10.160,8.323,Fairway,airborne,-0.001,0
527,2.1953,8.309,18.453,20.066,-7.173,10.159,8.294,Fairway,airborne,-0.001,0
528,2.1995,8.262,18.423,20.048,-7.207,10.158,8.265,Fairway,airborne,-0.001,0
529,2.2036,8.216,18.393,20.030,-7.241,10.157,8.235,Fairway,airborne,-0.001,0
530,2.2078,8.170,18.362,20.012,-7.275,10.156,8.206,Fairway,airborne,-0.001,0
531,2.2120,8.124,18.332,19.994,-7.309,10.155,8.177,Fairway,airborne,-0.001,0
532,2.2161,8.078,18.301,19.976,-7.343,10.154,8.147,Fairway,airborne,-0.001,0
533,2.2203,8.032,18.271,19.958,-7.377,10.153,8.117,Fairway,airborne,-0.001,0
534,2.2245,7.986,18.240,19.940,-7.411,10.153,8.088,Fairway,airborne,-0.001,0
535,2.2286,7.941,18.209,19.922,-7.445,10.152,8.057,Fairway,airborne,-0.001,0
536,2.2328,7.895,18.178,19.904,-7.479,10.151,8.027,Fairway,airborne,-0.001,0
537,2.2370,7.849,18.147,19.886,-7.512,10.150,7.997,Fairway,airborne,-0.001,0
538,2.2411,7.803,18.115,19.869,-7.546,10.149,7.966,Fairway,airborne,-0.001,0
539,2.2453,7.758,18.084,19.851,-7.580,10.148,7.936,Fairway,airborne,-0.001,0
540,2.2495,7.712,18.052,19.833,-7.613,10.147,7.905,Fairway,airborne,-0.001,0
541,2.2536,7.666,18.021,19.815,-7.647,10.147,7.874,Fairway,airborne,-0.001,0
542,2.2578,7.621,17.989,19.797,-7.680,10.146,7.843,Fairway,airborne,-0.001,0
543,2.2619,7.575,17.957,19.779,-7.714,10.145,7.812,Fairway,airborne,-0.001,0
544,2.2661,7.530,17.924,19.762,-7.747,10.144,7.780,Fairway,airborne,-0.001,0
545,2.2703,7.484,17.892,19.744,-7.781,10.143,7.749,Fairway,airborne,-0.001,0
546,2.2744,7.439,17.860,19.726,-7.814,10.142,7.717,Fairway,airborne,-0.001,0
547,2.2786,7.394,17.827,19.708,-7.848,10.141,7.685,Fairway,airborne,-0.001,0
548,2.2828,7.348,17.794,19.691,-7.881,10.141,7.654,Fairway,airborne,-0.001,0
549,2.2869,7.303,17.761,19.673,-7.914,10.140,7.622,Fairway,airborne,-0.001,0
550,2.2911,7.258,17.728,19.655,-7.947,10.139,7.589,Fairway,airborne,-0.001,0
551,2.2953,7.213,17.695,19.638,-7.980,10.138,7.557,Fairway,airborne,-0.001,0
552,2.2994,7.168,17.662,19.620,-8.014,10.137,7.525,Fairway,airborne,-0.001,0
553,2.3036,7.122,17.628,19.602,-8.047,10.136,7.492,Fairway,airborne,-0.001,0
554,2.3078,7.077,17.595,19.585,-8.080,10.136,7.459,Fairway,airborne,-0.001,0
555,2.3119,7.032,17.561,19.567,-8.113,10.135,7.426,Fairway,airborne,-0.001,0
556,2.3161,6.987,17.527,19.549,-8.146,10.134,7.393,Fairway,airborne,-0.001,0
557,2.3203,6.943,17.493,19.532,-8.179,10.133,7.360,Fairway,airborne,-0.001,0
558,2.3244,6.898,17.459,19.514,-8.211,10.132,7.327,Fairway,airborne,-0.001,0
559,2.3286,6.853,17.425,19.497,-8.244,10.131,7.293,Fairway,airborne,-0.001,0
560,2.3328,6.808,17.390,19.479,-8.277,10.131,7.260,Fairway,airborne,-0.001,0
561,2.3369,6.763,17.356,19.462,-8.310,10.130,7.226,Fairway,airborne,-0.001,0
562,2.3411,6.719,17.321,19.444,-8.342,10.129,7.192,Fairway,airborne,-0.001,0
563,2.3453,6.674,17.286,19.427,-8.375,10.128,7.158,Fairway,airborne,-0.001,0
564,2.3494,6.629,17.251,19.409,-8.408,10.127,7.124,Fairway,airborne,-0.001,0
565,2.3536,6.585,17.216,19.392,-8.440,10.126,7.090,Fairway,airborne,-0.001,0
566,2.3578,6.540,17.181,19.374,-8.473,10.126,7.055,Fairway,airborne,-0.001,0
567,2.3619,6.496,17.146,19.357,-8.505,10.125,7.021,Fairway,airborne,-0.001,0
568,2.3661,6.452,17.110,19.340,-8.538,10.124,6.986,Fairway,airborne,-0.001,0
569,2.3703,6.407,17.075,19.322,-8.570,10.123,6.951,Fairway,airborne,-0.001,0
570,2.3744,6.363,17.039,19.305,-8.603,10.123,6.916,Fairway,airborne,-0.001,0
571,2.3786,6.319,17.003,19.288,-8.635,10.122,6.881,Fairway,airborne,-0.001,0
572,2.3828,6.274,16.967,19.270,-8.667,10.121,6.845,Fairway,airborne,-0.001,0
573,2.3869,6.230,16.931,19.253,-8.699,10.121,6.810,Fairway,airborne,-0.001,0
574,2.3911,6.186,16.894,19.236,-8.731,10.120,6.775,Fairway,airborne,-0.001,0
575,2.3952,6.142,16.858,19.218,-8.764,10.119,6.739,Fairway,airborne,-0.001,0
576,2.3994,6.098,16.821,19.201,-8.796,10.118,6.703,Fairway,airborne,-0.001,0
577,2.4036,6.054,16.785,19.184,-8.828,10.118,6.667,Fairway,airborne,-0.001,0
578,2.4077,6.010,16.748,19.167,-8.860,10.117,6.631,Fairway,airborne,-0.001,0
579,2.4119,5.966,16.711,19.150,-8.892,10.116,6.595,Fairway,airborne,-0.001,0
580,2.4161,5.922,16.674,19.132,-8.924,10.115,6.559,Fairway,airborne,-0.001,0
581,2.4202,5.878,16.637,19.115,-8.955,10.114,6.522,Fairway,airborne,-0.001,0
582,2.4244,5.834,16.599,19.098,-8.987,10.114,6.486,Fairway,airborne,-0.001,0
583,2.4286,5.790,16.562,19.081,-9.019,10.113,6.449,Fairway,airborne,-0.001,0
584,2.4327,5.747,16.524,19.064,-9.051,10.112,6.412,Fairway,airborne,-0.001,0
585,2.4369,5.703,16.486,19.047,-9.082,10.111,6.375,Fairway,airborne,-0.001,0
586,2.4411,5.659,16.448,19.030,-9.114,10.111,6.338,Fairway,airborne,-0.001,0
587,2.4452,5.616,16.410,19.013,-9.145,10.110,6.301,Fairway,airborne,-0.001,0
588,2.4494,5.572,16.372,18.996,-9.177,10.109,6.263,Fairway,airborne,-0.001,0
589,2.4536,5.529,16.334,18.979,-9.208,10.108,6.226,Fairway,airborne,-0.001,0
590,2.4577,5.485,16.296,18.962,-9.240,10.107,6.189,Fairway,airborne,-0.001,0
591,2.4619,5.442,16.257,18.945,-9.271,10.106,6.151,Fairway,airborne,-0.001,0
592,2.4661,5.399,16.218,18.928,-9.303,10.105,6.113,Fairway,airborne,-0.001,0
593,2.4702,5.355,16.179,18.911,-9.334,10.105,6.075,Fairway,airborne,-0.001,0
594,2.4744,5.312,16.141,18.894,-9.365,10.104,6.037,Fairway,airborne,-0.001,0
595,2.4786,5.269,16.101,18.877,-9.396,10.103,5.999,Fairway,airborne,-0.001,0
596,2.4827,5.226,16.062,18.860,-9.428,10.102,5.960,Fairway,airborne,-0.001,0
597,2.4869,5.182,16.023,18.843,-9.459,10.101,5.922,Fairway,airborne,-0.001,0
598,2.4911,5.139,15.983,18.826,-9.490,10.100,5.883,Fairway,airborne,-0.001,0
599,2.4952,5.096,15.944,18.809,-9.521,10.099,5.845,Fairway,airborne,-0.001,0
600,2.4994,5.053,15.904,18.793,-9.552,10.099,5.806,Fairway,airborne,-0.001,0
601,2.5036,5.010,15.864,18.776,-9.583,10.098,5.767,Fairway,airborne,-0.001,0
602,2.5077,4.967,15.824,18.759,-9.614,10.097,5.728,Fairway,airborne,-0.001,0
603,2.5119,4.924,15.784,18.742,-9.644,10.096,5.688,Fairway,airborne,-0.001,0
604,2.5161,4.882,15.744,18.725,-9.675,10.095,5.649,Fairway,airborne,-0.001,0
605,2.5202,4.839,15.704,18.709,-9.706,10.094,5.609,Fairway,airborne,-0.001,0
606,2.5244,4.796,15.663,18.692,-9.737,10.093,5.570,Fairway,airborne,-0.001,0
607,2.5285,4.753,15.622,18.675,-9.767,10.093,5.530,Fairway,airborne,-0.001,0
608,2.5327,4.711,15.582,18.658,-9.798,10.092,5.490,Fairway,airborne,-0.001,0
609,2.5369,4.668,15.541,18.642,-9.828,10.091,5.450,Fairway,airborne,-0.001,0
610,2.5410,4.626,15.500,18.625,-9.859,10.090,5.410,Fairway,airborne,-0.001,0
611,2.5452,4.583,15.459,18.609,-9.889,10.089,5.370,Fairway,airborne,-0.001,0
612,2.5494,4.541,15.417,18.592,-9.920,10.088,5.329,Fairway,airborne,-0.001,0
613,2.5535,4.498,15.376,18.575,-9.950,10.087,5.289,Fairway,airborne,-0.001,0
614,2.5577,4.456,15.335,18.559,-9.980,10.087,5.248,Fairway,airborne,-0.001,0
615,2.5619,4.413,15.293,18.542,-10.010,10.086,5.207,Fairway,airborne,-0.001,0
616,2.5660,4.371,15.251,18.526,-10.041,10.086,5.166,Fairway,airborne,-0.001,0
617,2.5702,4.329,15.209,18.509,-10.071,10.085,5.124,Fairway,airborne,-0.001,0
618,2.5744,4.287,15.167,18.493,-10.101,10.084,5.083,Fairway,airborne,-0.001,0
619,2.5785,4.245,15.125,18.476,-10.131,10.084,5.041,Fairway,airborne,-0.001,0
620,2.5827,4.202,15.083,18.460,-10.161,10.083,5.000,Fairway,airborne,-0.001,0
621,2.5869,4.160,15.041,18.443,-10.191,10.082,4.958,Fairway,airborne,-0.001,0
622,2.5910,4.118,14.998,18.427,-10.221,10.081,4.917,Fairway,airborne,-0.001,0
623,2.5952,4.076,14.955,18.410,-10.251,10.081,4.875,Fairway,airborne,-0.001,0
624,2.5994,4.034,14.913,18.394,-10.280,10.080,4.833,Fairway,airborne,-0.001,0
625,2.6035,3.993,14.870,18.377,-10.310,10.079,4.791,Fairway,airborne,-0.001,0
626,2.6077,3.951,14.827,18.361,-10.340,10.078,4.749,Fairway,airborne,-0.001,0
627,2.6119,3.909,14.784,18.345,-10.369,10.077,4.706,Fairway,airborne,-0.001,0
628,2.6160,3.867,14.740,18.328,-10.399,10.077,4.664,Fairway,airborne,-0.001,0
629,2.6202,3.825,14.697,18.312,-10.429,10.076,4.621,Fairway,airborne,-0.001,0
630,2.6244,3.784,14.653,18.296,-10.458,10.075,4.578,Fairway,airborne,-0.001,0
631,2.6285,3.742,14.610,18.279,-10.488,10.074,4.536,Fairway,airborne,-0.001,0
632,2.6327,3.701,14.566,18.263,-10.517,10.073,4.493,Fairway,airborne,-0.001,0
633,2.6369,3.659,14.522,18.247,-10.546,10.072,4.450,Fairway,airborne,-0.001,0
634,2.6410,3.618,14.478,18.231,-10.576,10.072,4.407,Fairway,airborne,-0.001,0
635,2.6452,3.576,14.434,18.214,-10.605,10.071,4.363,Fairway,airborne,-0.001,0
636,2.6494,3.535,14.390,18.198,-10.634,10.070,4.320,Fairway,airborne,-0.001,0
637,2.6535,3.493,14.346,18.182,-10.663,10.069,4.276,Fairway,airborne,-0.001,0
638,2.6577,3.452,14.301,18.166,-10.692,10.068,4.233,Fairway,airborne,-0.001,0
639,2.6619,3.411,14.256,18.150,-10.721,10.068,4.189,Fairway,airborne,-0.001,0
640,2.6660,3.370,14.212,18.134,-10.750,10.067,4.145,Fairway,airborne,-0.001,0
641,2.6702,3.328,14.167,18.118,-10.779,10.066,4.101,Fairway,airborne,-0.001,0
642,2.6743,3.287,14.122,18.101,-10.808,10.065,4.057,Fairway,airborne,-0.001,0
643,2.6785,3.246,14.077,18.085,-10.837,10.064,4.012,Fairway,airborne,-0.001,0
644,2.6827,3.205,14.032,18.069,-10.866,10.064,3.968,Fairway,airborne,-0.001,0
645,2.6868,3.164,13.986,18.053,-10.894,10.063,3.923,Fairway,airborne,-0.001,0
646,2.6910,3.123,13.941,18.037,-10.923,10.062,3.879,Fairway,airborne,-0.001,0
647,2.6952,3.082,13.895,18.021,-10.952,10.061,3.834,Fairway,airborne,-0.001,0
648,2.6993,3.042,13.850,18.005,-10.980,10.060,3.789,Fairway,airborne,-0.001,0
649,2.7035,3.001,13.804,17.989,-11.009,10.060,3.744,Fairway,airborne,-0.001,0
650,2.7077,2.960,13.758,17.973,-11.037,10.059,3.699,Fairway,airborne,-0.001,0
651,2.7118,2.919,13.712,17.957,-11.066,10.058,3.654,Fairway,airborne,-0.001,0
652,2.7160,2.879,13.666,17.942,-11.094,10.058,3.608,Fairway,airborne,-0.001,0
653,2.7202,2.838,13.620,17.926,-11.122,10.057,3.562,Fairway,airborne,-0.001,0
654,2.7243,2.797,13.573,17.910,-11.151,10.057,3.517,Fairway,airborne,-0.001,0
655,2.7285,2.757,13.527,17.894,-11.179,10.056,3.471,Fairway,airborne,-0.001,0
656,2.7327,2.716,13.480,17.878,-11.207,10.055,3.425,Fairway,airborne,-0.001,0
657,2.7368,2.676,13.433,17.862,-11.235,10.054,3.379,Fairway,airborne,-0.001,0
658,2.7410,2.636,13.386,17.846,-11.263,10.053,3.333,Fairway,airborne,-0.001,0
659,2.7452,2.595,13.339,17.831,-11.291,10.052,3.287,Fairway,airborne,-0.001,0
660,2.7493,2.555,13.292,17.815,-11.319,10.052,3.241,Fairway,airborne,-0.001,0
661,2.7535,2.515,13.245,17.799,-11.347,10.051,3.194,Fairway,airborne,-0.001,0
662,2.7577,2.474,13.198,17.783,-11.375,10.050,3.148,Fairway,airborne,-0.001,0
663,2.7618,2.434,13.150,17.768,-11.403,10.049,3.101,Fairway,airborne,-0.001,0
664,2.7660,2.394,13.103,17.752,-11.430,10.049,3.054,Fairway,airborne,-0.001,0
665,2.7702,2.354,13.055,17.736,-11.458,10.048,3.008,Fairway,airborne,-0.001,0
666,2.7743,2.314,13.007,17.721,-11.486,10.047,2.961,Fairway,airborne,-0.001,0
667,2.7785,2.274,12.960,17.705,-11.513,10.046,2.913,Fairway,airborne,-0.001,0
668,2.7827,2.234,12.912,17.689,-11.541,10.045,2.866,Fairway,airborne,-0.001,0
669,2.7868,2.194,12.863,17.674,-11.568,10.044,2.819,Fairway,airborne,-0.001,0
670,2.7910,2.154,12.815,17.658,-11.596,10.044,2.771,Fairway,airborne,-0.001,0
671,2.7952,2.115,12.767,17.643,-11.623,10.043,2.724,Fairway,airborne,-0.001,0
672,2.7993,2.075,12.718,17.627,-11.650,10.042,2.676,Fairway,airborne,-0.001,0
673,2.8035,2.035,12.670,17.612,-11.677,10.041,2.629,Fairway,airborne,-0.001,0
674,2.8076,1.996,12.621,17.596,-11.705,10.040,2.581,Fairway,airborne,-0.001,0
675,2.8118,1.956,12.572,17.580,-11.732,10.040,2.533,Fairway,airborne,-0.001,0
676,2.8160,1.916,12.523,17.565,-11.759,10.039,2.484,Fairway,airborne,-0.001,0
677,2.8201,1.877,12.474,17.550,-11.786,10.038,2.436,Fairway,airborne,-0.001,0
678,2.8243,1.837,12.425,17.534,-11.813,10.037,2.388,Fairway,airborne,-0.001,0
679,2.8285,1.798,12.376,17.519,-11.840,10.037,2.339,Fairway,airborne,-0.001,0
680,2.8326,1.759,12.326,17.503,-11.867,10.036,2.291,Fairway,airborne,-0.001,0
681,2.8368,1.719,12.277,17.488,-11.893,10.035,2.242,Fairway,airborne,-0.001,0
682,2.8410,1.680,12.227,17.472,-11.920,10.034,2.193,Fairway,airborne,-0.001,0
683,2.8451,1.641,12.178,17.457,-11.947,10.033,2.144,Fairway,airborne,-0.001,0
684,2.8493,1.602,12.128,17.442,-11.974,10.033,2.095,Fairway,airborne,-0.001,0
685,2.8535,1.563,12.078,17.426,-12.000,10.032,2.046,Fairway,airborne,-0.001,0
686,2.8576,1.523,12.028,17.411,-12.027,10.031,1.997,Fairway,airborne,-0.001,0
687,2.8618,1.484,11.978,17.396,-12.053,10.030,1.948,Fairway,airborne,-0.001,0
688,2.8660,1.445,11.928,17.381,-12.080,10.029,1.898,Fairway,airborne,-0.001,0
689,2.8701,1.406,11.877,17.365,-12.106,10.029,1.848,Fairway,airborne,-0.001,0
690,2.8743,1.368,11.827,17.350,-12.132,10.028,1.799,Fairway,airborne,-0.001,0
691,2.8785,1.329,11.776,17.335,-12.159,10.027,1.749,Fairway,airborne,-0.001,0
692,2.8826,1.290,11.725,17.320,-12.185,10.026,1.699,Fairway,airborne,-0.001,0
693,2.8868,1.251,11.675,17.305,-12.211,10.026,1.649,Fairway,airborne,-0.001,0
694,2.8910,1.212,11.624,17.289,-12.237,10.025,1.599,Fairway,airborne,-0.001,0
695,2.8951,1.174,11.573,17.274,-12.263,10.024,1.549,Fairway,airborne,-0.001,0
696,2.8993,1.135,11.521,17.259,-12.289,10.023,1.498,Fairway,airborne,-0.001,0
697,2.9035,1.096,11.470,17.244,-12.315,10.023,1.448,Fairway,airborne,-0.001,0
698,2.9076,1.058,11.419,17.229,-12.341,10.022,1.397,Fairway,airborne,-0.001,0
699,2.9118,1.019,11.367,17.214,-12.367,10.022,1.346,Fairway,airborne,0.000,0
700,2.9160,0.981,11.316,17.199,-12.392,10.021,1.295,Fairway,airborne,-0.001,0
701,2.9201,0.943,11.264,17.184,-12.418,10.020,1.244,Fairway,airborne,-0.001,0
702,2.9243,0.904,11.212,17.169,-12.444,10.019,1.193,Fairway,airborne,-0.001,0
703,2.9285,0.866,11.161,17.154,-12.469,10.018,1.142,Fairway,airborne,-0.001,0
704,2.9326,0.828,11.109,17.139,-12.495,10.018,1.091,Fairway,airborne,-0.001,0
705,2.9368,0.790,11.056,17.124,-12.520,10.017,1.040,Fairway,airborne,-0.001,0
706,2.9409,0.751,11.004,17.109,-12.546,10.016,0.989,Fairway,airborne,-0.001,0
707,2.9451,0.713,10.952,17.094,-12.571,10.015,0.937,Fairway,airborne,-0.001,0
708,2.9493,0.675,10.900,17.079,-12.597,10.014,0.886,Fairway,airborne,-0.001,0
709,2.9534,0.637,10.847,17.064,-12.622,10.013,0.834,Fairway,airborne,-0.001,0
710,2.9576,0.599,10.794,17.050,-12.647,10.012,0.782,Fairway,airborne,-0.001,0
711,2.9618,0.561,10.742,17.035,-12.674,10.012,0.730,Fairway,airborne,-0.001,0
712,2.9659,0.523,10.689,17.020,-12.708,10.011,0.678,Fairway,airborne,-0.001,0
713,2.9701,0.486,10.636,17.005,-12.742,10.010,0.626,Fairway,airborne,-0.001,0
714,2.9743,0.448,10.583,16.990,-12.775,10.009,0.573,Fairway,airborne,-0.001,0
715,2.9784,0.410,10.529,16.975,-12.809,10.009,0.521,Fairway,airborne,-0.001,0
716,2.9826,0.372,10.476,16.961,-12.843,10.008,0.468,Fairway,airborne,-0.001,0
717,2.9868,0.334,10.422,16.946,-12.877,10.007,0.415,Fairway,airborne,-0.001,0
718,2.9909,0.296,10.369,16.931,-12.910,10.007,0.362,Fairway,airborne,-0.001,0
719,2.9951,0.259,10.315,16.916,-12.944,10.006,0.309,Fairway,airborne,-0.001,0
720,2.9993,0.221,10.261,16.901,-12.978,10.005,0.256,Fairway,airborne,-0.001,0
721,3.0034,0.183,10.207,16.887,-13.011,10.004,0.203,Fairway,airborne,-0.001,0
722,3.0076,0.146,10.153,16.872,-13.045,10.003,0.149,Fairway,airborne,-0.001,0
723,3.0118,0.108,10.098,16.857,-13.078,10.003,0.095,Fairway,airborne,-0.001,0
724,3.0159,0.070,10.044,16.843,-13.112,10.002,0.042,Fairway,airborne,-0.001,0
725,3.0191,0.041,10.001,16.831,-13.138,10.001,0.000,Fairway,roll,-0.001,0
726,3.0233,0.024,10.029,16.824,6.524,10.001,0.027,Fairway,roll,0.000,0
727,3.0275,0.007,10.056,16.818,6.479,10.001,0.055,Fairway,roll,0.000,0
728,3.0316,-0.010,10.083,16.811,6.435,10.001,0.082,Fairway,roll,0.000,0
729,3.0358,-0.026,10.109,16.805,6.390,10.000,0.109,Fairway,roll,0.000,0
730,3.0400,-0.043,10.136,16.798,6.345,10.000,0.136,Fairway,roll,0.000,0
731,3.0441,-0.060,10.162,16.791,6.301,10.000,0.162,Fairway,roll,0.000,0
732,3.0483,-0.077,10.188,16.785,6.256,9.999,0.189,Fairway,roll,0.000,0
733,3.0525,-0.094,10.214,16.778,6.212,9.999,0.215,Fairway,roll,0.000,0
734,3.0566,-0.111,10.240,16.772,6.168,9.999,0.241,Fairway,roll,0.000,0
735,3.0608,-0.128,10.266,16.765,6.123,9.998,0.267,Fairway,roll,0.000,0
736,3.0650,-0.144,10.291,16.759,6.079,9.998,0.293,Fairway,roll,0.000,0
737,3.0691,-0.161,10.316,16.752,6.035,9.998,0.318,Fairway,roll,0.000,0
738,3.0733,-0.178,10.341,16.745,5.991,9.997,0.344,Fairway,roll,0.000,0
739,3.0775,-0.195,10.366,16.739,5.947,9.997,0.369,Fairway,roll,0.000,0
740,3.0816,-0.212,10.391,16.732,5.903,9.997,0.394,Fairway,roll,0.000,0
741,3.0858,-0.228,10.415,16.726,5.859,9.996,0.419,Fairway,roll,0.000,0
742,3.0900,-0.245,10.440,16.719,5.815,9.996,0.444,Fairway,roll,0.000,0
743,3.0941,-0.262,10.464,16.713,5.771,9.995,0.468,Fairway,roll,0.000,0
744,3.0983,-0.279,10.488,16.706,5.727,9.995,0.493,Fairway,roll,0.000,0
745,3.1024,-0.295,10.511,16.699,5.684,9.995,0.517,Fairway,roll,0.000,0
746,3.1066,-0.312,10.535,16.693,5.640,9.994,0.541,Fairway,roll,0.000,0
747,3.1108,-0.329,10.558,16.686,5.596,9.994,0.564,Fairway,roll,0.000,0
748,3.1149,-0.346,10.582,16.680,5.553,9.994,0.588,Fairway,roll,0.000,0
749,3.1191,-0.362,10.605,16.673,5.509,9.993,0.611,Fairway,roll,0.000,0
750,3.1233,-0.379,10.627,16.667,5.466,9.993,0.635,Fairway,roll,0.000,0
751,3.1274,-0.396,10.650,16.660,5.422,9.993,0.657,Fairway,roll,0.000,0
752,3.1316,-0.412,10.673,16.654,5.379,9.992,0.680,Fairway,roll,0.000,0
753,3.1358,-0.429,10.695,16.647,5.336,9.992,0.703,Fairway,roll,0.000,0
754,3.1399,-0.446,10.717,16.641,5.292,9.992,0.725,Fairway,roll,0.000,0
755,3.1441,-0.462,10.739,16.634,5.249,9.991,0.748,Fairway,roll,0.000,0
756,3.1483,-0.479,10.761,16.628,5.206,9.991,0.770,Fairway,roll,0.000,0
757,3.1524,-0.496,10.782,16.621,5.163,9.991,0.792,Fairway,roll,0.000,0
758,3.1566,-0.512,10.804,16.615,5.120,9.990,0.813,Fairway,roll,0.000,0
759,3.1608,-0.529,10.825,16.608,5.077,9.990,0.835,Fairway,roll,0.000,0
760,3.1649,-0.546,10.846,16.602,5.034,9.990,0.856,Fairway,roll,0.000,0
761,3.1691,-0.562,10.867,16.595,4.991,9.989,0.878,Fairway,roll,0.000,0
762,3.1733,-0.579,10.888,16.589,4.948,9.989,0.899,Fairway,roll,0.000,0
763,3.1774,-0.595,10.908,16.582,4.905,9.989,0.919,Fairway,roll,0.000,0
764,3.1816,-0.612,10.928,16.576,4.862,9.988,0.940,Fairway,roll,0.000,0
765,3.1858,-0.629,10.949,16.569,4.819,9.988,0.961,Fairway,roll,0.000,0
766,3.1899,-0.645,10.969,16.563,4.776,9.988,0.981,Fairway,roll,0.000,0
767,3.1941,-0.662,10.988,16.556,4.733,9.987,1.001,Fairway,roll,0.000,0
768,3.1983,-0.678,11.008,16.550,4.691,9.987,1.021,Fairway,roll,0.000,0
769,3.2024,-0.695,11.027,16.543,4.648,9.987,1.041,Fairway,roll,0.000,0
770,3.2066,-0.711,11.047,16.537,4.605,9.986,1.060,Fairway,roll,0.000,0
771,3.2108,-0.728,11.066,16.530,4.563,9.986,1.080,Fairway,roll,0.000,0
772,3.2149,-0.744,11.085,16.524,4.520,9.986,1.099,Fairway,roll,0.000,0
773,3.2191,-0.761,11.103,16.517,4.478,9.985,1.118,Fairway,roll,0.000,0
774,3.2233,-0.778,11.122,16.511,4.435,9.985,1.137,Fairway,roll,0.000,0
775,3.2274,-0.794,11.140,16.504,4.393,9.985,1.156,Fairway,roll,0.000,0
776,3.2316,-0.811,11.159,16.498,4.350,9.984,1.174,Fairway,roll,0.000,0
777,3.2357,-0.827,11.177,16.491,4.308,9.984,1.193,Fairway,roll,0.000,0
778,3.2399,-0.844,11.194,16.485,4.265,9.984,1.211,Fairway,roll,0.000,0
779,3.2441,-0.860,11.212,16.478,4.223,9.983,1.229,Fairway,roll,0.000,0
780,3.2482,-0.877,11.230,16.472,4.181,9.983,1.247,Fairway,roll,0.000,0
781,3.2524,-0.893,11.247,16.466,4.138,9.983,1.264,Fairway,roll,0.000,0
782,3.2566,-0.910,11.264,16.459,4.096,9.982,1.282,Fairway,roll,0.000,0
783,3.2607,-0.926,11.281,16.453,4.054,9.982,1.299,Fairway,roll,0.000,0
784,3.2649,-0.943,11.298,16.446,4.012,9.982,1.316,Fairway,roll,0.000,0
785,3.2691,-0.959,11.314,16.440,3.969,9.981,1.333,Fairway,roll,0.000,0
786,3.2732,-0.975,11.331,16.433,3.927,9.981,1.350,Fairway,roll,0.000,0
787,3.2774,-0.992,11.347,16.427,3.885,9.981,1.366,Fairway,roll,0.000,0
788,3.2816,-1.008,11.363,16.420,3.843,9.980,1.383,Fairway,roll,0.000,0
789,3.2857,-1.025,11.379,16.414,3.801,9.980,1.399,Fairway,roll,0.000,0
790,3.2899,-1.041,11.395,16.408,3.759,9.980,1.415,Fairway,roll,0.000,0
791,3.2941,-1.058,11.410,16.401,3.717,9.979,1.431,Fairway,roll,0.000,0
792,3.2982,-1.074,11.426,16.395,3.675,9.979,1.447,Fairway,roll,0.000,0
793,3.3024,-1.091,11.441,16.388,3.633,9.979,1.462,Fairway,roll,0.000,0
794,3.3066,-1.107,11.456,16.382,3.591,9.978,1.478,Fairway,roll,0.000,0
795,3.3107,-1.123,11.471,16.375,3.549,9.978,1.493,Fairway,roll,0.000,0
796,3.3149,-1.140,11.486,16.369,3.507,9.978,1.508,Fairway,roll,0.000,0
797,3.3191,-1.156,11.500,16.363,3.465,9.977,1.523,Fairway,roll,0.000,0
798,3.3232,-1.173,11.514,16.356,3.423,9.977,1.538,Fairway,roll,0.000,0
799,3.3274,-1.189,11.529,16.350,3.382,9.976,1.552,Fairway,roll,0.000,0
800,3.3316,-1.205,11.543,16.343,3.340,9.976,1.567,Fairway,roll,0.000,0
801,3.3357,-1.222,11.556,16.337,3.298,9.975,1.581,Fairway,roll,0.000,0
802,3.3399,-1.238,11.570,16.330,3.256,9.975,1.595,Fairway,roll,0.000,0
803,3.3441,-1.255,11.584,16.324,3.214,9.975,1.609,Fairway,roll,0.000,0
804,3.3482,-1.271,11.597,16.318,3.173,9.974,1.622,Fairway,roll,0.000,0
805,3.3524,-1.287,11.610,16.311,3.131,9.974,1.636,Fairway,roll,0.000,0
806,3.3566,-1.304,11.623,16.305,3.089,9.973,1.649,Fairway,roll,0.000,0
807,3.3607,-1.320,11.636,16.298,3.048,9.973,1.662,Fairway,roll,0.000,0
808,3.3649,-1.336,11.648,16.292,3.006,9.973,1.675,Fairway,roll,0.000,0
809,3.3690,-1.353,11.661,16.286,2.964,9.973,1.688,Fairway,roll,0.000,0
810,3.3732,-1.369,11.673,16.279,2.923,9.972,1.701,Fairway,roll,0.000,0
811,3.3774,-1.385,11.685,16.273,2.881,9.972,1.713,Fairway,roll,0.000,0
812,3.3815,-1.402,11.697,16.266,2.840,9.972,1.725,Fairway,roll,0.000,0
813,3.3857,-1.418,11.709,16.260,2.798,9.971,1.737,Fairway,roll,0.000,0
814,3.3899,-1.434,11.720,16.254,2.756,9.971,1.749,Fairway,roll,0.000,0
815,3.3940,-1.451,11.732,16.247,2.715,9.971,1.761,Fairway,roll,0.000,0
816,3.3982,-1.467,11.743,16.241,2.673,9.970,1.772,Fairway,roll,0.000,0
817,3.4024,-1.483,11.754,16.234,2.632,9.970,1.784,Fairway,roll,0.000,0
818,3.4065,-1.500,11.765,16.228,2.590,9.970,1.795,Fairway,roll,0.000,0
819,3.4107,-1.516,11.775,16.222,2.549,9.969,1.806,Fairway,roll,0.000,0
820,3.4149,-1.532,11.786,16.215,2.508,9.969,1.817,Fairway,roll,0.000,0
821,3.4190,-1.549,11.796,16.209,2.466,9.969,1.828,Fairway,roll,0.000,0
822,3.4232,-1.565,11.807,16.203,2.425,9.968,1.838,Fairway,roll,0.000,0
823,3.4274,-1.581,11.817,16.196,2.383,9.968,1.849,Fairway,roll,0.000,0
824,3.4315,-1.598,11.826,16.190,2.342,9.968,1.859,Fairway,roll,0.000,0
825,3.4357,-1.614,11.836,16.183,2.301,9.967,1.869,Fairway,roll,0.000,0
826,3.4399,-1.630,11.846,16.177,2.259,9.967,1.879,Fairway,roll,0.000,0
827,3.4440,-1.646,11.855,16.171,2.218,9.967,1.888,Fairway,roll,0.000,0
828,3.4482,-1.663,11.864,16.164,2.177,9.966,1.898,Fairway,roll,0.000,0
829,3.4524,-1.679,11.873,16.158,2.135,9.966,1.907,Fairway,roll,0.000,0
830,3.4565,-1.695,11.882,16.152,2.094,9.966,1.916,Fairway,roll,0.000,0
831,3.4607,-1.712,11.890,16.145,2.053,9.965,1.925,Fairway,roll,0.000,0
832,3.4649,-1.728,11.899,16.139,2.011,9.965,1.934,Fairway,roll,0.000,0
833,3.4690,-1.744,11.907,16.132,1.970,9.965,1.942,Fairway,roll,0.000,0
834,3.4732,-1.760,11.915,16.126,1.929,9.964,1.951,Fairway,roll,0.000,0
835,3.4774,-1.777,11.923,16.120,1.888,9.964,1.959,Fairway,roll,0.000,0
836,3.4815,-1.793,11.931,16.113,1.846,9.964,1.967,Fairway,roll,0.000,0
837,3.4857,-1.809,11.939,16.107,1.805,9.963,1.975,Fairway,roll,0.000,0
838,3.4899,-1.825,11.946,16.101,1.764,9.963,1.983,Fairway,roll,0.000,0
839,3.4940,-1.842,11.953,16.094,1.723,9.963,1.991,Fairway,roll,0.000,0
840,3.4982,-1.858,11.960,16.088,1.682,9.962,1.998,Fairway,roll,0.000,0
841,3.5024,-1.874,11.967,16.082,1.640,9.962,2.005,Fairway,roll,0.000,0
842,3.5065,-1.890,11.974,16.075,1.599,9.962,2.012,Fairway,roll,0.000,0
843,3.5107,-1.906,11.981,16.069,1.558,9.961,2.019,Fairway,roll,0.000,0
844,3.5148,-1.923,11.987,16.063,1.517,9.961,2.026,Fairway,roll,0.000,0
845,3.5190,-1.939,11.993,16.056,1.476,9.960,2.033,Fairway,roll,0.000,0
846,3.5232,-1.955,11.999,16.050,1.435,9.960,2.039,Fairway,roll,0.000,0
847,3.5273,-1.971,12.005,16.044,1.393,9.959,2.046,Fairway,roll,0.000,0
848,3.5315,-1.988,12.011,16.037,1.352,9.959,2.052,Fairway,roll,0.000,0
849,3.5357,-2.004,12.016,16.031,1.311,9.959,2.057,Fairway,roll,0.000,0
850,3.5398,-2.020,12.022,16.024,1.270,9.958,2.063,Fairway,roll,0.000,0
851,3.5440,-2.036,12.027,16.018,1.229,9.958,2.069,Fairway,roll,0.000,0
852,3.5482,-2.052,12.032,16.012,1.188,9.958,2.074,Fairway,roll,0.000,0
853,3.5523,-2.069,12.037,16.005,1.147,9.957,2.079,Fairway,roll,0.000,0
854,3.5565,-2.085,12.041,15.999,1.106,9.957,2.084,Fairway,roll,0.000,0
855,3.5607,-2.101,12.046,15.993,1.065,9.957,2.089,Fairway,roll,0.000,0
856,3.5648,-2.117,12.050,15.986,1.024,9.957,2.094,Fairway,roll,0.000,0
857,3.5690,-2.133,12.055,15.980,0.983,9.956,2.098,Fairway,roll,0.000,0
858,3.5732,-2.150,12.059,15.974,0.942,9.956,2.103,Fairway,roll,0.000,0
859,3.5773,-2.166,12.062,15.967,0.901,9.956,2.107,Fairway,roll,0.000,0
860,3.5815,-2.182,12.066,15.961,0.860,9.955,2.111,Fairway,roll,0.000,0
861,3.5857,-2.198,12.069,15.955,0.819,9.955,2.115,Fairway,roll,0.000,0
862,3.5898,-2.214,12.073,15.948,0.778,9.955,2.118,Fairway,roll,0.000,0
863,3.5940,-2.230,12.076,15.942,0.737,9.954,2.122,Fairway,roll,0.000,0
864,3.5982,-2.247,12.079,15.936,0.696,9.954,2.125,Fairway,roll,0.000,0
865,3.6023,-2.263,12.082,15.929,0.655,9.954,2.128,Fairway,roll,0.000,0
866,3.6065,-2.279,12.084,15.923,0.614,9.953,2.131,Fairway,roll,0.000,0
867,3.6107,-2.295,12.087,15.917,0.573,9.953,2.134,Fairway,roll,0.000,0
868,3.6148,-2.311,12.089,15.910,0.532,9.952,2.137,Fairway,roll,0.000,0
869,3.6190,-2.327,12.091,15.904,0.491,9.952,2.139,Fairway,roll,0.000,0
870,3.6232,-2.343,12.093,15.898,0.450,9.951,2.142,Fairway,roll,0.000,0
871,3.6273,-2.360,12.095,15.892,0.409,9.951,2.144,Fairway,roll,0.000,0
872,3.6315,-2.376,12.097,15.885,0.368,9.951,2.146,Fairway,roll,0.000,0
873,3.6357,-2.392,12.098,15.879,0.327,9.950,2.148,Fairway,roll,0.000,0
874,3.6398,-2.408,12.099,15.873,0.287,9.950,2.149,Fairway,roll,0.000,0
875,3.6440,-2.424,12.100,15.866,0.246,9.949,2.151,Fairway,roll,0.000,0
876,3.6481,-2.440,12.101,15.860,0.205,9.949,2.152,Fairway,roll,0.000,0
877,3.6523,-2.456,12.102,15.854,0.164,9.949,2.154,Fairway,roll,-0.001,0
878,3.6565,-2.473,12.103,15.847,0.123,9.948,2.154,Fairway,roll,0.000,0
879,3.6606,-2.489,12.103,15.841,0.082,9.948,2.155,Fairway,roll,-0.001,0
880,3.6648,-2.505,12.103,15.835,0.041,9.947,2.156,Fairway,roll,0.000,0
881,3.6690,-2.521,12.103,15.828,0.000,9.947,2.156,Fairway,roll,0.000,0
882,3.6731,-2.537,12.103,15.822,-0.040,9.947,2.157,Fairway,roll,0.000,0
883,3.6773,-2.553,12.103,15.816,-0.081,9.946,2.157,Fairway,roll,0.000,0
884,3.6815,-2.569,12.103,15.809,-0.122,9.946,2.157,Fairway,roll,0.000,0
885,3.6856,-2.585,12.102,15.803,-0.163,9.946,2.156,Fairway,roll,0.000,0
886,3.6898,-2.602,12.101,15.797,-0.204,9.945,2.156,Fairway,roll,0.000,0
887,3.6940,-2.618,12.100,15.791,-0.245,9.945,2.155,Fairway,roll,0.000,0
888,3.6981,-2.634,12.099,15.784,-0.285,9.945,2.155,Fairway,roll,0.000,0
889,3.7023,-2.650,12.098,15.778,-0.326,9.944,2.154,Fairway,roll,0.000,0
890,3.7065,-2.666,12.097,15.772,-0.367,9.944,2.153,Fairway,roll,0.000,0
891,3.7106,-2.682,12.095,15.765,-0.408,9.944,2.151,Fairway,roll,0.000,0
892,3.7148,-2.698,12.093,15.759,-0.448,9.943,2.150,Fairway,roll,0.000,0
893,3.7190,-2.714,12.091,15.753,-0.489,9.943,2.148,Fairway,roll,0.000,0
894,3.7231,-2.730,12.089,15.746,-0.530,9.943,2.146,Fairway,roll,0.000,0
895,3.7273,-2.746,12.087,15.740,-0.571,9.942,2.144,Fairway,roll,0.000,0
896,3.7315,-2.762,12.084,15.734,-0.612,9.942,2.142,Fairway,roll,0.000,0
897,3.7356,-2.778,12.082,15.728,-0.652,9.942,2.140,Fairway,roll,0.000,0
898,3.7398,-2.795,12.079,15.721,-0.693,9.941,2.138,Fairway,roll,0.000,0
899,3.7440,-2.811,12.076,15.715,-0.734,9.941,2.135,Fairway,roll,0.000,0
900,3.7481,-2.827,12.073,15.709,-0.774,9.941,2.132,Fairway,roll,0.000,0
901,3.7523,-2.843,12.070,15.702,-0.815,9.940,2.129,Fairway,roll,0.000,0
902,3.7565,-2.859,12.066,15.696,-0.856,9.940,2.126,Fairway,roll,0.000,0
903,3.7606,-2.875,12.062,15.690,-0.897,9.940,2.123,Fairway,roll,0.000,0
904,3.7648,-2.891,12.059,15.684,-0.937,9.940,2.119,Fairway,roll,0.000,0
905,3.7690,-2.907,12.055,15.677,-0.978,9.939,2.115,Fairway,roll,0.000,0
906,3.7731,-2.923,12.050,15.671,-1.019,9.939,2.112,Fairway,roll,0.000,0
907,3.7773,-2.939,12.046,15.665,-1.059,9.939,2.108,Fairway,roll,0.000,0
908,3.7814,-2.955,12.042,15.658,-1.100,9.938,2.104,Fairway,roll,0.000,0
909,3.7856,-2.971,12.037,15.652,-1.141,9.938,2.099,Fairway,roll,0.000,0
910,3.7898,-2.987,12.032,15.646,-1.181,9.938,2.095,Fairway,roll,0.000,0
911,3.7939,-3.003,12.027,15.640,-1.222,9.937,2.090,Fairway,roll,0.000,0
912,3.7981,-3.019,12.022,15.633,-1.262,9.937,2.085,Fairway,roll,0.000,0
913,3.8023,-3.035,12.017,15.627,-1.303,9.937,2.080,Fairway,roll,0.000,0
914,3.8064,-3.051,12.011,15.621,-1.344,9.936,2.075,Fairway,roll,0.000,0
915,3.8106,-3.067,12.005,15.614,-1.384,9.936,2.070,Fairway,roll,0.000,0
916,3.8148,-3.083,12.000,15.608,-1.425,9.936,2.064,Fairway,roll,0.000,0
917,3.8189,-3.099,11.994,15.602,-1.465,9.935,2.058,Fairway,roll,0.000,0
918,3.8231,-3.115,11.987,15.596,-1.506,9.935,2.053,Fairway,roll,0.000,0
919,3.8273,-3.131,11.981,15.589,-1.546,9.934,2.047,Fairway,roll,0.000,0
920,3.8314,-3.147,11.975,15.583,-1.587,9.934,2.041,Fairway,roll,0.000,0
921,3.8356,-3.163,11.968,15.577,-1.628,9.934,2.034,Fairway,roll,0.000,0
922,3.8398,-3.179,11.961,15.571,-1.668,9.933,2.028,Fairway,roll,0.000,0
923,3.8439,-3.195,11.954,15.564,-1.709,9.933,2.021,Fairway,roll,0.000,0
924,3.8481,-3.211,11.947,15.558,-1.749,9.932,2.014,Fairway,roll,0.000,0
925,3.8523,-3.227,11.939,15.552,-1.790,9.932,2.008,Fairway,roll,0.000,0
926,3.8564,-3.243,11.932,15.546,-1.830,9.932,2.000,Fairway,roll,0.000,0
927,3.8606,-3.259,11.924,15.539,-1.871,9.931,1.993,Fairway,roll,0.000,0
928,3.8648,-3.275,11.916,15.533,-1.911,9.931,1.986,Fairway,roll,0.000,0
929,3.8689,-3.291,11.908,15.527,-1.951,9.930,1.978,Fairway,roll,0.000,0
930,3.8731,-3.307,11.900,15.520,-1.992,9.930,1.970,Fairway,roll,0.000,0
931,3.8773,-3.323,11.892,15.514,-2.032,9.930,1.962,Fairway,roll,0.000,0
932,3.8814,-3.339,11.883,15.508,-2.073,9.929,1.954,Fairway,roll,0.000,0
933,3.8856,-3.355,11.874,15.502,-2.113,9.929,1.946,Fairway,roll,0.000,0
934,3.8898,-3.371,11.866,15.495,-2.154,9.928,1.937,Fairway,roll,0.000,0
935,3.8939,-3.387,11.857,15.489,-2.194,9.928,1.929,Fairway,roll,0.000,0
936,3.8981,-3.403,11.847,15.483,-2.234,9.927,1.920,Fairway,roll,0.000,0
937,3.9023,-3.419,11.838,15.477,-2.275,9.927,1.911,Fairway,roll,0.000,0
938,3.9064,-3.435,11.828,15.470,-2.315,9.927,1.902,Fairway,roll,0.000,0
939,3.9106,-3.451,11.819,15.464,-2.355,9.926,1.892,Fairway,roll,0.000,0
940,3.9147,-3.467,11.809,15.458,-2.396,9.926,1.883,Fairway,roll,-0.001,0
941,3.9189,-3.483,11.799,15.452,-2.436,9.925,1.873,Fairway,roll,0.000,0
942,3.9231,-3.499,11.788,15.446,-2.476,9.925,1.863,Fairway,roll,0.000,0
943,3.9272,-3.515,11.778,15.439,-2.517,9.925,1.853,Fairway,roll,0.000,0
944,3.9314,-3.531,11.768,15.433,-2.557,9.924,1.843,Fairway,roll,0.000,0
945,3.9356,-3.547,11.757,15.427,-2.597,9.924,1.833,Fairway,roll,-0.001,0
946,3.9397,-3.563,11.746,15.421,-2.637,9.923,1.822,Fairway,roll,0.000,0
947,3.9439,-3.578,11.735,15.414,-2.678,9.923,1.812,Fairway,roll,-0.001,0
948,3.9481,-3.594,11.724,15.408,-2.718,9.923,1.801,Fairway,roll,0.000,0
949,3.9522,-3.610,11.712,15.402,-2.758,9.922,1.790,Fairway,roll,0.000,0
950,3.9564,-3.626,11.701,15.396,-2.798,9.922,1.779,Fairway,roll,-0.001,0
951,3.9606,-3.642,11.689,15.389,-2.838,9.921,1.768,Fairway,roll,0.000,0
952,3.9647,-3.658,11.677,15.383,-2.878,9.921,1.756,Fairway,roll,0.000,0
953,3.9689,-3.674,11.665,15.377,-2.919,9.921,1.744,Fairway,roll,0.000,0
954,3.9731,-3.690,11.653,15.371,-2.959,9.920,1.732,Fairway,roll,0.000,0
955,3.9772,-3.706,11.640,15.365,-2.999,9.920,1.720,Fairway,roll,0.000,0
956,3.9814,-3.722,11.628,15.358,-3.039,9.920,1.708,Fairway,roll,0.000,0
957,3.9856,-3.737,11.615,15.352,-3.079,9.919,1.696,Fairway,roll,0.000,0
958,3.9897,-3.753,11.602,15.346,-3.119,9.919,1.683,Fairway,roll,0.000,0
959,3.9939,-3.769,11.589,15.340,-3.159,9.919,1.670,Fairway,roll,0.000,0
960,3.9981,-3.785,11.576,15.333,-3.199,9.919,1.657,Fairway,roll,0.000,0
961,4.0022,-3.801,11.562,15.327,-3.239,9.918,1.644,Fairway,roll,0.000,0
962,4.0064,-3.817,11.549,15.321,-3.279,9.918,1.631,Fairway,roll,0.000,0
963,4.0106,-3.833,11.535,15.315,-3.319,9.918,1.618,Fairway,roll,0.000,0
964,4.0147,-3.848,11.521,15.309,-3.359,9.917,1.604,Fairway,roll,0.000,0
965,4.0189,-3.864,11.507,15.302,-3.399,9.917,1.590,Fairway,roll,0.000,0
966,4.0231,-3.880,11.493,15.296,-3.439,9.917,1.576,Fairway,roll,0.000,0
967,4.0272,-3.896,11.478,15.290,-3.478,9.916,1.562,Fairway,roll,0.000,0
968,4.0314,-3.912,11.464,15.284,-3.518,9.916,1.548,Fairway,roll,0.000,0
969,4.0356,-3.928,11.449,15.278,-3.558,9.916,1.533,Fairway,roll,0.000,0
970,4.0397,-3.943,11.434,15.271,-3.598,9.915,1.519,Fairway,roll,0.000,0
971,4.0439,-3.959,11.419,15.265,-3.638,9.915,1.504,Fairway,roll,0.000,0
972,4.0481,-3.975,11.404,15.259,-3.677,9.914,1.490,Fairway,roll,0.000,0
973,4.0522,-3.991,11.389,15.253,-3.717,9.914,1.475,Fairway,roll,0.000,0
974,4.0564,-4.007,11.373,15.247,-3.757,9.914,1.459,Fairway,roll,0.000,0
975,4.0605,-4.022,11.357,15.240,-3.797,9.913,1.444,Fairway,roll,-0.001,0
976,4.0647,-4.038,11.341,15.234,-3.836,9.913,1.429,Fairway,roll,0.000,0
977,4.0689,-4.054,11.325,15.228,-3.876,9.912,1.413,Fairway,roll,0.000,0
978,4.0730,-4.070,11.309,15.222,-3.916,9.912,1.397,Fairway,roll,0.000,0
979,4.0772,-4.086,11.293,15.216,-3.955,9.912,1.381,Fairway,roll,0.000,0
980,4.0814,-4.101,11.276,15.210,-3.995,9.911,1.365,Fairway,roll,0.000,0
981,4.0855,-4.117,11.259,15.203,-4.034,9.911,1.349,Fairway,roll,-0.001,0
982,4.0897,-4.133,11.243,15.197,-4.074,9.910,1.332,Fairway,roll,0.000,0
983,4.0939,-4.149,11.225,15.191,-4.113,9.910,1.315,Fairway,roll,0.000,0
984,4.0980,-4.164,11.208,15.185,-4.153,9.910,1.299,Fairway,roll,0.000,0
985,4.1022,-4.180,11.191,15.179,-4.192,9.909,1.282,Fairway,roll,0.000,0
986,4.1064,-4.196,11.173,15.173,-4.232,9.909,1.265,Fairway,roll,0.000,0
987,4.1105,-4.212,11.156,15.166,-4.271,9.909,1.247,Fairway,roll,0.000,0
988,4.1147,-4.227,11.138,15.160,-4.311,9.908,1.230,Fairway,roll,0.000,0
989,4.1189,-4.243,11.120,15.154,-4.350,9.908,1.212,Fairway,roll,0.000,0
990,4.1230,-4.259,11.102,15.148,-4.389,9.908,1.194,Fairway,roll,0.000,0
991,4.1272,-4.275,11.083,15.142,-4.428,9.907,1.176,Fairway,roll,0.000,0
992,4.1314,-4.290,11.065,15.136,-4.468,9.907,1.158,Fairway,roll,0.000,0
993,4.1355,-4.306,11.046,15.129,-4.507,9.907,1.139,Fairway,roll,0.000,0
994,4.1397,-4.322,11.027,15.123,-4.546,9.906,1.121,Fairway,roll,0.000,0
995,4.1439,-4.337,11.008,15.117,-4.585,9.906,1.102,Fairway,roll,0.000,0
996,4.1480,-4.353,10.989,15.111,-4.624,9.906,1.083,Fairway,roll,0.000,0
997,4.1522,-4.369,10.970,15.105,-4.664,9.905,1.064,Fairway,roll,0.000,0
998,4.1564,-4.384,10.950,15.099,-4.703,9.905,1.045,Fairway,roll,0.000,0
999,4.1605,-4.400,10.930,15.093,-4.742,9.905,1.026,Fairway,roll,0.000,0
1000,4.1647,-4.416,10.911,15.086,-4.781,9.904,1.006,Fairway,roll,0.000,0
1001,4.1689,-4.431,10.891,15.080,-4.820,9.904,0.987,Fairway,roll,0.000,0
1002,4.1730,-4.447,10.870,15.074,-4.859,9.904,0.967,Fairway,roll,0.000,0
1003,4.1772,-4.463,10.850,15.068,-4.898,9.903,0.947,Fairway,roll,0.000,0
1004,4.1814,-4.478,10.830,15.062,-4.936,9.903,0.927,Fairway,roll,0.000,0
1005,4.1855,-4.494,10.809,15.056,-4.975,9.903,0.906,Fairway,roll,0.000,0
1006,4.1897,-4.510,10.788,15.050,-5.014,9.902,0.886,Fairway,roll,0.000,0
1007,4.1938,-4.525,10.767,15.044,-5.053,9.902,0.865,Fairway,roll,-0.001,0
1008,4.1980,-4.541,10.746,15.037,-5.092,9.901,0.845,Fairway,roll,0.000,0
1009,4.2022,-4.557,10.725,15.031,-5.130,9.901,0.824,Fairway,roll,0.000,0
1010,4.2063,-4.572,10.703,15.025,-5.169,9.901,0.803,Fairway,roll,0.000,0
1011,4.2105,-4.588,10.682,15.019,-5.208,9.900,0.781,Fairway,roll,0.000,0
1012,4.2147,-4.603,10.660,15.013,-5.246,9.900,0.760,Fairway,roll,0.000,0
1013,4.2188,-4.619,10.638,15.007,-5.285,9.900,0.739,Fairway,roll,0.000,0
1014,4.2230,-4.634,10.616,15.001,-5.323,9.899,0.717,Fairway,roll,0.000,0
1015,4.2272,-4.650,10.594,14.995,-5.362,9.899,0.695,Fairway,roll,0.000,0
1016,4.2313,-4.666,10.571,14.989,-5.400,9.898,0.673,Fairway,roll,0.000,0
1017,4.2355,-4.681,10.549,14.983,-5.439,9.898,0.651,Fairway,roll,0.000,0
1018,4.2397,-4.697,10.526,14.976,-5.477,9.897,0.629,Fairway,roll,0.000,0
1019,4.2438,-4.712,10.503,14.970,-5.515,9.897,0.606,Fairway,roll,0.000,0
1020,4.2480,-4.728,10.480,14.964,-5.554,9.897,0.583,Fairway,roll,0.000,0
1021,4.2522,-4.743,10.457,14.958,-5.592,9.896,0.561,Fairway,roll,0.000,0
1022,4.2563,-4.759,10.434,14.952,-5.630,9.896,0.538,Fairway,roll,0.000,0
1023,4.2605,-4.774,10.410,14.946,-5.668,9.896,0.514,Fairway,roll,0.000,0
1024,4.2647,-4.790,10.386,14.940,-5.707,9.895,0.491,Fairway,roll,0.000,0
1025,4.2688,-4.805,10.362,14.934,-5.745,9.895,0.468,Fairway,roll,0.000,0
1026,4.2730,-4.821,10.338,14.928,-5.783,9.894,0.444,Fairway,roll,0.000,0
1027,4.2772,-4.836,10.314,14.922,-5.821,9.894,0.420,Fairway,roll,0.000,0
1028,4.2813,-4.852,10.290,14.916,-5.859,9.894,0.396,Fairway,roll,0.000,0
1029,4.2855,-4.867,10.265,14.910,-5.897,9.893,0.372,Fairway,roll,0.000,0
1030,4.2897,-4.883,10.241,14.904,-5.934,9.893,0.348,Fairway,roll,0.000,0
1031,4.2938,-4.898,10.216,14.897,-5.972,9.892,0.324,Fairway,roll,0.000,0
1032,4.2980,-4.914,10.191,14.891,-6.010,9.892,0.299,Fairway,roll,0.000,0
1033,4.3022,-4.929,10.166,14.885,-6.048,9.892,0.274,Fairway,roll,0.000,0
1034,4.3063,-4.945,10.141,14.879,-6.086,9.891,0.250,Fairway,roll,0.000,0
1035,4.3105,-4.960,10.115,14.873,-6.123,9.891,0.225,Fairway,roll,-0.001,0
1036,4.3147,-4.975,10.090,14.867,-6.161,9.890,0.199,Fairway,roll,0.000,0
1037,4.3188,-4.991,10.064,14.861,-6.198,9.890,0.174,Fairway,roll,0.000,0
1038,4.3230,-5.006,10.038,14.855,-6.236,9.890,0.148,Fairway,roll,0.000,0
1039,4.3271,-5.022,10.012,14.849,-6.273,9.889,0.123,Fairway,roll,0.000,0
1040,4.3313,-5.037,9.986,14.843,-6.311,9.889,0.097,Fairway,roll,0.000,0
1041,4.3355,-5.052,9.959,14.837,-6.348,9.888,0.071,Fairway,roll,0.000,0
1042,4.3396,-5.068,9.933,14.831,-6.385,9.888,0.045,Fairway,roll,0.000,0
1043,4.3438,-5.083,9.906,14.825,-6.423,9.888,0.019,Fairway,roll,0.000,0
1044,4.3467,-5.094,9.887,14.821,-6.449,9.887,0.000,Fairway,roll,0.000,0
1045,4.3509,-5.101,9.901,14.818,3.183,9.887,0.014,Fairway,roll,0.000,0
1046,4.3551,-5.108,9.914,14.815,3.141,9.887,0.027,Fairway,roll,0.000,0
1047,4.3592,-5.115,9.927,14.813,3.100,9.887,0.040,Fairway,roll,0.000,0
1048,4.3634,-5.121,9.940,14.810,3.058,9.887,0.053,Fairway,roll,0.000,0
1049,4.3676,-5.128,9.952,14.807,3.016,9.886,0.066,Fairway,roll,0.000,0
1050,4.3717,-5.135,9.965,14.805,2.975,9.886,0.078,Fairway,roll,0.000,0
1051,4.3759,-5.142,9.977,14.802,2.933,9.886,0.091,Fairway,roll,0.000,0
1052,4.3801,-5.149,9.989,14.799,2.892,9.886,0.103,Fairway,roll,0.000,0
1053,4.3842,-5.156,10.001,14.797,2.850,9.886,0.115,Fairway,roll,0.000,0
1054,4.3884,-5.163,10.013,14.794,2.809,9.886,0.127,Fairway,roll,0.000,0
1055,4.3926,-5.170,10.025,14.791,2.767,9.886,0.139,Fairway,roll,0.000,0
1056,4.3967,-5.177,10.036,14.788,2.726,9.885,0.151,Fairway,roll,0.000,0
1057,4.4009,-5.183,10.047,14.786,2.684,9.885,0.162,Fairway,roll,0.000,0
1058,4.4051,-5.190,10.058,14.783,2.643,9.885,0.173,Fairway,roll,0.000,0
1059,4.4092,-5.197,10.069,14.780,2.602,9.885,0.184,Fairway,roll,0.000,0
1060,4.4134,-5.204,10.080,14.778,2.560,9.885,0.195,Fairway,roll,0.000,0
1061,4.4176,-5.211,10.091,14.775,2.519,9.885,0.206,Fairway,roll,0.000,0
1062,4.4217,-5.218,10.101,14.772,2.478,9.884,0.216,Fairway,roll,0.000,0
1063,4.4259,-5.225,10.111,14.770,2.436,9.884,0.227,Fairway,roll,0.000,0
1064,4.4301,-5.232,10.121,14.767,2.395,9.884,0.237,Fairway,roll,0.000,0
1065,4.4342,-5.238,10.131,14.764,2.354,9.884,0.247,Fairway,roll,0.000,0
1066,4.4384,-5.245,10.141,14.762,2.313,9.884,0.257,Fairway,roll,0.000,0
1067,4.4426,-5.252,10.150,14.759,2.271,9.884,0.267,Fairway,roll,0.000,0
1068,4.4467,-5.259,10.160,14.756,2.230,9.884,0.276,Fairway,roll,0.000,0
1069,4.4509,-5.266,10.169,14.753,2.189,9.883,0.285,Fairway,roll,0.000,0
1070,4.4550,-5.273,10.178,14.751,2.148,9.883,0.295,Fairway,roll,0.000,0
1071,4.4592,-5.280,10.187,14.748,2.107,9.883,0.304,Fairway,roll,0.000,0
1072,4.4634,-5.287,10.195,14.745,2.066,9.883,0.312,Fairway,roll,0.000,0
1073,4.4675,-5.293,10.204,14.743,2.024,9.883,0.321,Fairway,roll,0.000,0
1074,4.4717,-5.300,10.212,14.740,1.983,9.883,0.330,Fairway,roll,0.000,0
1075,4.4759,-5.307,10.220,14.737,1.942,9.883,0.338,Fairway,roll,0.000,0
1076,4.4800,-5.314,10.228,14.735,1.901,9.882,0.346,Fairway,roll,0.000,0
1077,4.4842,-5.321,10.236,14.732,1.860,9.882,0.354,Fairway,roll,0.000,0
1078,4.4884,-5.328,10.244,14.729,1.819,9.882,0.362,Fairway,roll,0.000,0
1079,4.4925,-5.335,10.251,14.727,1.778,9.882,0.369,Fairway,roll,0.000,0
1080,4.4967,-5.341,10.259,14.724,1.737,9.882,0.377,Fairway,roll,0.000,0
1081,4.5009,-5.348,10.266,14.721,1.696,9.882,0.384,Fairway,roll,0.000,0
1082,4.5050,-5.355,10.273,14.719,1.655,9.881,0.391,Fairway,roll,0.000,0
1083,4.5092,-5.362,10.280,14.716,1.614,9.881,0.398,Fairway,roll,0.000,0
1084,4.5134,-5.369,10.286,14.713,1.573,9.881,0.405,Fairway,roll,0.000,0
1085,4.5175,-5.376,10.293,14.711,1.532,9.881,0.412,Fairway,roll,0.000,0
1086,4.5217,-5.383,10.299,14.708,1.491,9.881,0.418,Fairway,roll,0.000,0
1087,4.5259,-5.389,10.305,14.705,1.450,9.881,0.424,Fairway,roll,0.000,0
1088,4.5300,-5.396,10.311,14.702,1.409,9.881,0.431,Fairway,roll,0.000,0
1089,4.5342,-5.403,10.317,14.700,1.368,9.880,0.436,Fairway,roll,0.000,0
1090,4.5384,-5.410,10.322,14.697,1.327,9.880,0.442,Fairway,roll,0.000,0
1091,4.5425,-5.417,10.328,14.694,1.286,9.880,0.448,Fairway,roll,0.000,0
1092,4.5467,-5.424,10.333,14.692,1.245,9.880,0.453,Fairway,roll,0.000,0
1093,4.5509,-5.431,10.338,14.689,1.204,9.880,0.459,Fairway,roll,0.000,0
1094,4.5550,-5.437,10.343,14.686,1.163,9.879,0.464,Fairway,roll,0.000,0
1095,4.5592,-5.444,10.348,14.684,1.122,9.879,0.469,Fairway,roll,0.000,0
1096,4.5634,-5.451,10.353,14.681,1.081,9.879,0.473,Fairway,roll,0.000,0
1097,4.5675,-5.458,10.357,14.678,1.040,9.879,0.478,Fairway,roll,0.000,0
1098,4.5717,-5.465,10.361,14.676,0.999,9.879,0.482,Fairway,roll,0.000,0
1099,4.5759,-5.472,10.365,14.673,0.958,9.878,0.487,Fairway,roll,0.000,0
1100,4.5800,-5.478,10.369,14.670,0.917,9.878,0.491,Fairway,roll,0.000,0
1101,4.5842,-5.485,10.373,14.668,0.876,9.878,0.495,Fairway,roll,0.000,0
1102,4.5883,-5.492,10.376,14.665,0.835,9.878,0.498,Fairway,roll,0.000,0
1103,4.5925,-5.499,10.380,14.662,0.794,9.878,0.502,Fairway,roll,0.000,0
1104,4.5967,-5.506,10.383,14.660,0.753,9.878,0.505,Fairway,roll,0.000,0
1105,4.6008,-5.513,10.386,14.657,0.712,9.877,0.509,Fairway,roll,0.000,0
1106,4.6050,-5.520,10.389,14.654,0.671,9.877,0.512,Fairway,roll,0.000,0
1107,4.6092,-5.526,10.392,14.651,0.630,9.877,0.515,Fairway,roll,0.000,0
1108,4.6133,-5.533,10.394,14.649,0.589,9.877,0.517,Fairway,roll,0.000,0
1109,4.6175,-5.540,10.397,14.646,0.549,9.876,0.520,Fairway,roll,0.000,0
1110,4.6217,-5.547,10.399,14.643,0.508,9.876,0.522,Fairway,roll,0.000,0
1111,4.6258,-5.554,10.401,14.641,0.467,9.876,0.524,Fairway,roll,0.000,0
1112,4.6300,-5.561,10.403,14.638,0.426,9.876,0.527,Fairway,roll,0.000,0
1113,4.6342,-5.567,10.404,14.635,0.385,9.876,0.528,Fairway,roll,0.000,0
1114,4.6383,-5.574,10.406,14.633,0.344,9.876,0.530,Fairway,roll,0.000,0
1115,4.6425,-5.581,10.407,14.630,0.303,9.876,0.532,Fairway,roll,0.000,0
1116,4.6467,-5.588,10.408,14.627,0.262,9.875,0.533,Fairway,roll,0.000,0
1117,4.6508,-5.595,10.409,14.625,0.221,9.875,0.534,Fairway,roll,0.000,0
1118,4.6550,-5.602,10.410,14.622,0.180,9.875,0.535,Fairway,roll,0.000,0
1119,4.6592,-5.608,10.411,14.619,0.140,9.875,0.536,Fairway,roll,0.000,0
1120,4.6633,-5.615,10.411,14.617,0.099,9.875,0.537,Fairway,roll,0.000,0
1121,4.6675,-5.622,10.412,14.614,0.058,9.874,0.537,Fairway,roll,0.000,0
1122,4.6717,-5.629,10.412,14.611,0.017,9.874,0.537,Fairway,roll,0.000,0
1123,4.6758,-5.636,10.412,14.609,-0.024,9.874,0.537,Fairway,roll,0.000,0
1124,4.6800,-5.642,10.412,14.606,-0.065,9.874,0.538,Fairway,roll,0.000,0
1125,4.6842,-5.649,10.411,14.603,-0.105,9.874,0.537,Fairway,roll,0.000,0
1126,4.6883,-5.656,10.411,14.601,-0.146,9.874,0.537,Fairway,roll,0.000,0
1127,4.6925,-5.663,10.410,14.598,-0.187,9.873,0.537,Fairway,roll,0.000,0
1128,4.6967,-5.670,10.409,14.595,-0.228,9.873,0.536,Fairway,roll,0.000,0
1129,4.7008,-5.677,10.408,14.593,-0.269,9.873,0.535,Fairway,roll,0.000,0
1130,4.7050,-5.683,10.407,14.590,-0.310,9.873,0.534,Fairway,roll,0.000,0
1131,4.7092,-5.690,10.406,14.587,-0.350,9.873,0.533,Fairway,roll,0.000,0
1132,4.7133,-5.697,10.404,14.585,-0.391,9.873,0.531,Fairway,roll,0.000,0
1133,4.7175,-5.704,10.402,14.582,-0.432,9.873,0.530,Fairway,roll,0.000,0
1134,4.7216,-5.711,10.400,14.579,-0.473,9.872,0.528,Fairway,roll,0.000,0
1135,4.7258,-5.717,10.398,14.577,-0.514,9.872,0.526,Fairway,roll,0.000,0
1136,4.7300,-5.724,10.396,14.574,-0.554,9.872,0.524,Fairway,roll,0.000,0
1137,4.7341,-5.731,10.394,14.571,-0.595,9.872,0.522,Fairway,roll,0.000,0
1138,4.7383,-5.738,10.391,14.569,-0.636,9.872,0.520,Fairway,roll,0.000,0
1139,4.7425,-5.745,10.388,14.566,-0.677,9.871,0.517,Fairway,roll,0.000,0
1140,4.7466,-5.752,10.386,14.563,-0.717,9.871,0.514,Fairway,roll,0.000,0
1141,4.7508,-5.758,10.383,14.561,-0.758,9.871,0.511,Fairway,roll,0.000,0
1142,4.7550,-5.765,10.379,14.558,-0.799,9.871,0.508,Fairway,roll,0.000,0
1143,4.7591,-5.772,10.376,14.555,-0.840,9.871,0.505,Fairway,roll,0.000,0
1144,4.7633,-5.779,10.372,14.553,-0.880,9.870,0.502,Fairway,roll,0.000,0
1145,4.7675,-5.786,10.369,14.550,-0.921,9.870,0.498,Fairway,roll,0.000,0
1146,4.7716,-5.792,10.365,14.547,-0.962,9.870,0.495,Fairway,roll,0.000,0
1147,4.7758,-5.799,10.361,14.545,-1.002,9.870,0.491,Fairway,roll,0.000,0
1148,4.7800,-5.806,10.356,14.542,-1.043,9.870,0.487,Fairway,roll,0.000,0
1149,4.7841,-5.813,10.352,14.539,-1.084,9.869,0.482,Fairway,roll,0.000,0
1150,4.7883,-5.820,10.347,14.537,-1.125,9.869,0.478,Fairway,roll,0.000,0
1151,4.7925,-5.826,10.343,14.534,-1.166,9.869,0.473,Fairway,roll,0.000,0
1152,4.7966,-5.833,10.338,14.531,-1.206,9.869,0.469,Fairway,roll,0.000,0
1153,4.8008,-5.840,10.332,14.529,-1.247,9.869,0.464,Fairway,roll,0.000,0
1154,4.8050,-5.847,10.327,14.526,-1.288,9.868,0.459,Fairway,roll,0.000,0
1155,4.8091,-5.854,10.322,14.523,-1.328,9.868,0.453,Fairway,roll,0.000,0
1156,4.8133,-5.860,10.316,14.521,-1.369,9.868,0.448,Fairway,roll,0.000,0
1157,4.8175,-5.867,10.310,14.518,-1.410,9.868,0.442,Fairway,roll,0.000,0
1158,4.8216,-5.874,10.304,14.515,-1.451,9.868,0.437,Fairway,roll,0.000,0
1159,4.8258,-5.881,10.298,14.513,-1.491,9.868,0.431,Fairway,roll,0.000,0
1160,4.8300,-5.888,10.292,14.510,-1.532,9.867,0.424,Fairway,roll,0.000,0
1161,4.8341,-5.894,10.286,14.507,-1.573,9.867,0.418,Fairway,roll,0.000,0
1162,4.8383,-5.901,10.279,14.505,-1.613,9.867,0.412,Fairway,roll,0.000,0
1163,4.8425,-5.908,10.272,14.502,-1.654,9.867,0.405,Fairway,roll,0.000,0
1164,4.8466,-5.915,10.265,14.499,-1.695,9.867,0.398,Fairway,roll,0.000,0
1165,4.8508,-5.922,10.258,14.497,-1.735,9.867,0.391,Fairway,roll,0.000,0
1166,4.8550,-5.928,10.251,14.494,-1.776,9.866,0.384,Fairway,roll,0.000,0
1167,4.8591,-5.935,10.243,14.491,-1.817,9.866,0.377,Fairway,roll,0.000,0
1168,4.8633,-5.942,10.236,14.489,-1.857,9.866,0.369,Fairway,roll,0.000,0
1169,4.8674,-5.949,10.228,14.486,-1.898,9.866,0.362,Fairway,roll,0.000,0
1170,4.8716,-5.956,10.220,14.483,-1.938,9.866,0.354,Fairway,roll,0.000,0
1171,4.8758,-5.962,10.212,14.481,-1.979,9.866,0.346,Fairway,roll,0.000,0
1172,4.8799,-5.969,10.203,14.478,-2.020,9.866,0.338,Fairway,roll,0.000,0
1173,4.8841,-5.976,10.195,14.475,-2.060,9.865,0.329,Fairway,roll,0.000,0
1174,4.8883,-5.983,10.186,14.473,-2.101,9.865,0.321,Fairway,roll,0.000,0
1175,4.8924,-5.989,10.177,14.470,-2.141,9.865,0.312,Fairway,roll,0.000,0
1176,4.8966,-5.996,10.168,14.467,-2.182,9.865,0.304,Fairway,roll,0.000,0
1177,4.9008,-6.003,10.159,14.465,-2.222,9.865,0.294,Fairway,roll,0.000,0
1178,4.9049,-6.010,10.150,14.462,-2.263,9.865,0.285,Fairway,roll,0.000,0
1179,4.9091,-6.017,10.140,14.460,-2.303,9.864,0.276,Fairway,roll,0.000,0
1180,4.9133,-6.023,10.131,14.457,-2.344,9.864,0.266,Fairway,roll,0.000,0
1181,4.9174,-6.030,10.121,14.454,-2.384,9.864,0.257,Fairway,roll,0.000,0
1182,4.9216,-6.037,10.111,14.452,-2.424,9.864,0.247,Fairway,roll,0.000,0
1183,4.9258,-6.044,10.101,14.449,-2.465,9.864,0.237,Fairway,roll,0.000,0
1184,4.9299,-6.050,10.090,14.446,-2.505,9.863,0.227,Fairway,roll,0.000,0
1185,4.9341,-6.057,10.080,14.444,-2.546,9.863,0.216,Fairway,roll,0.000,0
1186,4.9383,-6.064,10.069,14.441,-2.586,9.863,0.206,Fairway,roll,0.000,0
1187,4.9424,-6.071,10.058,14.438,-2.626,9.863,0.195,Fairway,roll,0.000,0
1188,4.9466,-6.078,10.047,14.436,-2.667,9.863,0.185,Fairway,roll,0.000,0
1189,4.9508,-6.084,10.036,14.433,-2.707,9.862,0.174,Fairway,roll,0.000,0
1190,4.9549,-6.091,10.025,14.430,-2.747,9.862,0.162,Fairway,roll,0.000,0
1191,4.9591,-6.098,10.013,14.428,-2.788,9.862,0.151,Fairway,roll,0.000,0
1192,4.9633,-6.105,10.001,14.425,-2.828,9.862,0.140,Fairway,roll,0.000,0
1193,4.9674,-6.111,9.990,14.422,-2.868,9.862,0.128,Fairway,roll,0.000,0
1194,4.9716,-6.118,9.978,14.420,-2.908,9.861,0.116,Fairway,roll,0.000,0
1195,4.9758,-6.125,9.965,14.417,-2.948,9.861,0.104,Fairway,roll,0.000,0
1196,4.9799,-6.132,9.953,14.414,-2.989,9.861,0.092,Fairway,roll,0.000,0
1197,4.9841,-6.138,9.940,14.412,-3.029,9.861,0.080,Fairway,roll,0.000,0
1198,4.9883,-6.145,9.928,14.409,-3.069,9.861,0.067,Fairway,roll,0.000,0
1199,4.9924,-6.152,9.915,14.406,-3.109,9.861,0.054,Fairway,roll,0.000,0
1200,4.9966,-6.159,9.902,14.404,-3.149,9.860,0.042,Fairway,roll,0.000,0
1201,5.0007,-6.165,9.889,14.401,-3.189,9.860,0.028,Fairway,roll,0.000,0
1202,5.0049,-6.172,9.875,14.399,-3.229,9.860,0.015,Fairway,roll,0.000,0
1203,5.0091,-6.179,9.862,14.396,-3.269,9.860,0.002,Fairway,roll,0.000,0
1204,5.0097,-6.180,9.860,14.395,-3.275,9.860,0.000,Fairway,roll,0.000,0
1205,5.0139,-6.183,9.866,14.394,1.596,9.860,0.007,Fairway,roll,0.000,0
1206,5.0180,-6.186,9.873,14.393,1.555,9.860,0.013,Fairway,roll,0.000,0
1207,5.0222,-6.189,9.879,14.392,1.514,9.860,0.020,Fairway,roll,0.000,0
1208,5.0264,-6.192,9.886,14.391,1.473,9.860,0.026,Fairway,roll,0.000,0
1209,5.0305,-6.195,9.892,14.390,1.432,9.860,0.032,Fairway,roll,0.000,0
1210,5.0347,-6.198,9.897,14.388,1.391,9.860,0.038,Fairway,roll,0.000,0
1211,5.0389,-6.201,9.903,14.387,1.350,9.859,0.044,Fairway,roll,0.000,0
1212,5.0430,-6.204,9.909,14.386,1.309,9.859,0.049,Fairway,roll,0.000,0
1213,5.0472,-6.207,9.914,14.385,1.268,9.859,0.055,Fairway,roll,0.000,0
1214,5.0514,-6.210,9.919,14.384,1.228,9.859,0.060,Fairway,roll,0.000,0
1215,5.0555,-6.213,9.924,14.382,1.187,9.859,0.065,Fairway,roll,0.000,0
1216,5.0597,-6.216,9.929,14.381,1.146,9.859,0.070,Fairway,roll,0.000,0
1217,5.0639,-6.219,9.934,14.380,1.105,9.859,0.075,Fairway,roll,0.000,0
1218,5.0680,-6.222,9.938,14.379,1.064,9.859,0.079,Fairway,roll,0.000,0
1219,5.0722,-6.225,9.943,14.378,1.023,9.859,0.084,Fairway,roll,0.000,0
1220,5.0764,-6.228,9.947,14.376,0.982,9.859,0.088,Fairway,roll,0.000,0
1221,5.0805,-6.232,9.951,14.375,0.941,9.859,0.092,Fairway,roll,0.000,0
1222,5.0847,-6.235,9.955,14.374,0.900,9.859,0.096,Fairway,roll,0.000,0
1223,5.0889,-6.238,9.958,14.373,0.859,9.859,0.100,Fairway,roll,0.000,0
1224,5.0930,-6.241,9.962,14.372,0.818,9.859,0.103,Fairway,roll,0.000,0
1225,5.0972,-6.244,9.965,14.370,0.777,9.859,0.106,Fairway,roll,0.000,0
1226,5.1013,-6.247,9.968,14.369,0.737,9.859,0.110,Fairway,roll,0.000,0
1227,5.1055,-6.250,9.971,14.368,0.696,9.859,0.113,Fairway,roll,0.000,0
1228,5.1097,-6.253,9.974,14.367,0.655,9.858,0.116,Fairway,roll,0.000,0
1229,5.1138,-6.256,9.977,14.366,0.614,9.858,0.118,Fairway,roll,0.000,0
1230,5.1180,-6.259,9.979,14.365,0.573,9.858,0.121,Fairway,roll,0.000,0
1231,5.1222,-6.262,9.981,14.363,0.532,9.858,0.123,Fairway,roll,0.000,0
1232,5.1263,-6.265,9.984,14.362,0.491,9.858,0.125,Fairway,roll,0.000,0
1233,5.1305,-6.268,9.986,14.361,0.450,9.858,0.127,Fairway,roll,0.000,0
1234,5.1347,-6.271,9.987,14.360,0.410,9.858,0.129,Fairway,roll,0.000,0
1235,5.1388,-6.274,9.989,14.359,0.369,9.858,0.131,Fairway,roll,0.000,0
1236,5.1430,-6.277,9.990,14.357,0.328,9.858,0.132,Fairway,roll,0.000,0
1237,5.1472,-6.280,9.992,14.356,0.287,9.858,0.134,Fairway,roll,0.000,0
1238,5.1513,-6.283,9.993,14.355,0.246,9.858,0.135,Fairway,roll,0.000,0
1239,5.1555,-6.286,9.994,14.354,0.205,9.858,0.136,Fairway,roll,0.000,0
1240,5.1597,-6.289,9.994,14.353,0.164,9.858,0.137,Fairway,roll,0.000,0
1241,5.1638,-6.292,9.995,14.351,0.124,9.858,0.137,Fairway,roll,0.000,0
1242,5.1680,-6.295,9.995,14.350,0.083,9.858,0.138,Fairway,roll,0.000,0
1243,5.1722,-6.298,9.996,14.349,0.042,9.858,0.138,Fairway,roll,0.000,0
1244,5.1763,-6.301,9.996,14.348,0.001,9.858,0.138,Fairway,roll,0.000,0
1245,5.1805,-6.304,9.996,14.347,-0.040,9.857,0.138,Fairway,roll,0.000,0
1246,5.1847,-6.307,9.995,14.345,-0.081,9.857,0.138,Fairway,roll,0.000,0
1247,5.1888,-6.310,9.995,14.344,-0.122,9.857,0.138,Fairway,roll,0.000,0
1248,5.1930,-6.313,9.994,14.343,-0.162,9.857,0.137,Fairway,roll,0.000,0
1249,5.1972,-6.316,9.994,14.342,-0.203,9.857,0.136,Fairway,roll,0.000,0
1250,5.2013,-6.319,9.993,14.341,-0.244,9.857,0.136,Fairway,roll,0.000,0
1251,5.2055,-6.322,9.992,14.340,-0.285,9.857,0.135,Fairway,roll,0.000,0
1252,5.2097,-6.325,9.990,14.338,-0.326,9.857,0.133,Fairway,roll,0.000,0
1253,5.2138,-6.328,9.989,14.337,-0.367,9.857,0.132,Fairway,roll,0.000,0
1254,5.2180,-6.331,9.987,14.336,-0.407,9.857,0.131,Fairway,roll,0.000,0
1255,5.2222,-6.334,9.986,14.335,-0.448,9.857,0.129,Fairway,roll,0.000,0
1256,5.2263,-6.337,9.984,14.334,-0.489,9.857,0.127,Fairway,roll,0.000,0
1257,5.2305,-6.340,9.982,14.332,-0.530,9.857,0.125,Fairway,roll,0.000,0
1258,5.2347,-6.343,9.979,14.331,-0.571,9.857,0.123,Fairway,roll,0.000,0
1259,5.2388,-6.346,9.977,14.330,-0.611,9.857,0.120,Fairway,roll,0.000,0
1260,5.2430,-6.349,9.974,14.329,-0.652,9.857,0.118,Fairway,roll,0.000,0
1261,5.2471,-6.352,9.971,14.328,-0.693,9.856,0.115,Fairway,roll,0.000,0
1262,5.2513,-6.355,9.968,14.326,-0.734,9.856,0.112,Fairway,roll,0.000,0
1263,5.2555,-6.358,9.965,14.325,-0.775,9.856,0.109,Fairway,roll,0.000,0
1264,5.2596,-6.361,9.962,14.324,-0.816,9.856,0.106,Fairway,roll,0.000,0
1265,5.2638,-6.364,9.958,14.323,-0.856,9.856,0.102,Fairway,roll,0.000,0
1266,5.2680,-6.367,9.955,14.322,-0.897,9.856,0.099,Fairway,roll,0.000,0
1267,5.2721,-6.370,9.951,14.320,-0.938,9.856,0.095,Fairway,roll,0.000,0
1268,5.2763,-6.374,9.947,14.319,-0.979,9.856,0.091,Fairway,roll,0.000,0
1269,5.2805,-6.377,9.943,14.318,-1.019,9.856,0.087,Fairway,roll,0.000,0
1270,5.2846,-6.380,9.939,14.317,-1.060,9.856,0.083,Fairway,roll,0.000,0
1271,5.2888,-6.383,9.934,14.316,-1.101,9.856,0.078,Fairway,roll,0.000,0
1272,5.2930,-6.386,9.929,14.315,-1.142,9.856,0.074,Fairway,roll,0.000,0
1273,5.2971,-6.389,9.925,14.313,-1.183,9.856,0.069,Fairway,roll,0.000,0
1274,5.3013,-6.392,9.920,14.312,-1.223,9.856,0.064,Fairway,roll,0.000,0
1275,5.3055,-6.395,9.914,14.311,-1.264,9.855,0.059,Fairway,roll,0.000,0
1276,5.3096,-6.398,9.909,14.310,-1.305,9.855,0.054,Fairway,roll,0.000,0
1277,5.3138,-6.401,9.904,14.309,-1.346,9.855,0.048,Fairway,roll,0.000,0
1278,5.3180,-6.404,9.898,14.307,-1.386,9.855,0.043,Fairway,roll,0.000,0
1279,5.3221,-6.407,9.892,14.306,-1.427,9.855,0.037,Fairway,roll,0.000,0
1280,5.3263,-6.410,9.886,14.305,-1.468,9.855,0.031,Fairway,roll,0.000,0
1281,5.3305,-6.413,9.880,14.304,-1.508,9.855,0.025,Fairway,roll,0.000,0
1282,5.3346,-6.416,9.873,14.303,-1.549,9.855,0.018,Fairway,roll,0.000,0
1283,5.3388,-6.419,9.867,14.301,-1.590,9.855,0.012,Fairway,roll,0.000,0
1284,5.3430,-6.422,9.860,14.300,-1.630,9.855,0.005,Fairway,roll,0.000,0
1285,5.3462,-6.424,9.855,14.299,-1.662,9.855,0.000,Fairway,roll,0.000,0
1286,5.3503,-6.426,9.858,14.299,0.790,9.855,0.003,Fairway,roll,0.000,0
1287,5.3545,-6.427,9.861,14.298,0.749,9.855,0.007,Fairway,roll,0.000,0
1288,5.3587,-6.428,9.864,14.298,0.708,9.855,0.010,Fairway,roll,0.000,0
1289,5.3628,-6.430,9.867,14.297,0.667,9.855,0.013,Fairway,roll,0.000,0
1290,5.3670,-6.431,9.870,14.297,0.626,9.855,0.015,Fairway,roll,0.000,0
1291,5.3712,-6.432,9.872,14.296,0.586,9.855,0.018,Fairway,roll,0.000,0
1292,5.3753,-6.434,9.875,14.296,0.545,9.855,0.020,Fairway,roll,0.000,0
1293,5.3795,-6.435,9.877,14.295,0.504,9.855,0.022,Fairway,roll,0.000,0
1294,5.3837,-6.436,9.879,14.295,0.463,9.854,0.025,Fairway,roll,0.000,0
1295,5.3878,-6.438,9.881,14.294,0.422,9.854,0.026,Fairway,roll,0.000,0
1296,5.3920,-6.439,9.882,14.293,0.381,9.854,0.028,Fairway,roll,0.000,0
1297,5.3962,-6.440,9.884,14.293,0.340,9.854,0.030,Fairway,roll,0.000,0
1298,5.4003,-6.442,9.885,14.292,0.300,9.854,0.031,Fairway,roll,0.000,0
1299,5.4045,-6.443,9.886,14.292,0.259,9.854,0.032,Fairway,roll,0.000,0
1300,5.4087,-6.445,9.887,14.291,0.218,9.854,0.033,Fairway,roll,0.000,0
1301,5.4128,-6.446,9.888,14.291,0.177,9.854,0.034,Fairway,roll,0.000,0
1302,5.4170,-6.447,9.889,14.290,0.136,9.854,0.035,Fairway,roll,0.000,0
1303,5.4212,-6.449,9.889,14.290,0.095,9.854,0.035,Fairway,roll,0.000,0
1304,5.4253,-6.450,9.890,14.289,0.055,9.854,0.035,Fairway,roll,0.000,0
1305,5.4295,-6.451,9.890,14.289,0.014,9.854,0.036,Fairway,roll,0.000,0
1306,5.4337,-6.453,9.890,14.288,-0.027,9.854,0.036,Fairway,roll,0.000,0
1307,5.4378,-6.454,9.890,14.288,-0.068,9.854,0.036,Fairway,roll,0.000,0
1308,5.4420,-6.455,9.889,14.287,-0.109,9.854,0.035,Fairway,roll,0.000,0
1309,5.4462,-6.457,9.889,14.287,-0.150,9.854,0.035,Fairway,roll,0.000,0
1310,5.4503,-6.458,9.888,14.286,-0.191,9.854,0.034,Fairway,roll,0.000,0
1311,5.4545,-6.460,9.887,14.285,-0.231,9.854,0.033,Fairway,roll,0.000,0
1312,5.4586,-6.461,9.886,14.285,-0.272,9.854,0.032,Fairway,roll,0.000,0
1313,5.4628,-6.462,9.885,14.284,-0.313,9.854,0.031,Fairway,roll,0.000,0
1314,5.4670,-6.464,9.883,14.284,-0.354,9.854,0.030,Fairway,roll,0.000,0
1315,5.4711,-6.465,9.882,14.283,-0.395,9.854,0.028,Fairway,roll,0.000,0
1316,5.4753,-6.466,9.880,14.283,-0.436,9.854,0.026,Fairway,roll,0.000,0
1317,5.4795,-6.468,9.878,14.282,-0.476,9.854,0.025,Fairway,roll,0.000,0
1318,5.4836,-6.469,9.876,14.282,-0.517,9.854,0.022,Fairway,roll,0.000,0
1319,5.4878,-6.470,9.874,14.281,-0.558,9.854,0.020,Fairway,roll,0.000,0
1320,5.4920,-6.472,9.872,14.281,-0.599,9.854,0.018,Fairway,roll,0.000,0
1321,5.4961,-6.473,9.869,14.280,-0.640,9.853,0.016,Fairway,roll,0.000,0
1322,5.5003,-6.474,9.866,14.280,-0.681,9.853,0.013,Fairway,roll,0.000,0
1323,5.5045,-6.476,9.863,14.279,-0.721,9.853,0.010,Fairway,roll,0.000,0
1324,5.5086,-6.477,9.860,14.278,-0.762,9.853,0.007,Fairway,roll,0.000,0
1325,5.5128,-6.479,9.857,14.278,-0.803,9.853,0.004,Fairway,roll,0.000,0
1326,5.5170,-6.480,9.854,14.277,-0.844,9.853,0.000,Fairway,roll,0.000,0
1327,5.5173,-6.480,9.853,14.277,-0.847,9.853,0.000,Fairway,roll,0.000,0
1328,5.5215,-6.481,9.875,14.277,0.000,9.853,0.021,Fairway,roll,0.000,0
1329,5.5257,-6.481,9.875,14.277,0.000,9.853,0.021,Fairway,roll,0.000,0
1330,5.5298,-6.482,9.875,14.277,0.000,9.853,0.021,Fairway,roll,0.000,0
1331,5.5340,-6.482,9.875,14.276,0.000,9.853,0.021,Fairway,roll,0.000,0
1332,5.5381,-6.483,9.875,14.276,0.000,9.853,0.021,Fairway,roll,0.000,0
1333,5.5423,-6.484,9.875,14.276,0.000,9.853,0.021,Fairway,roll,0.000,0
1334,5.5465,-6.484,9.875,14.276,0.000,9.853,0.021,Fairway,roll,0.000,0
1335,5.5506,-6.485,9.875,14.275,0.000,9.853,0.021,Fairway,roll,0.000,0
1336,5.5548,-6.486,9.875,14.275,0.000,9.853,0.021,Fairway,roll,0.000,0
1337,5.5590,-6.486,9.875,14.275,0.000,9.853,0.021,Fairway,roll,0.000,0
1338,5.5631,-6.487,9.875,14.275,0.000,9.853,0.021,Fairway,roll,0.000,0
1339,5.5673,-6.487,9.875,14.274,0.000,9.853,0.021,Fairway,roll,0.000,0
1340,5.5715,-6.488,9.875,14.274,0.000,9.853,0.021,Fairway,roll,0.000,0
1341,5.5756,-6.489,9.874,14.274,0.000,9.853,0.021,Fairway,roll,0.000,0
1342,5.5798,-6.489,9.874,14.274,0.000,9.853,0.021,Fairway,roll,0.000,0
1343,5.5840,-6.490,9.874,14.273,0.000,9.853,0.021,Fairway,roll,0.000,0
1344,5.5881,-6.490,9.874,14.273,0.000,9.853,0.021,Fairway,roll,0.000,0
1345,5.5923,-6.491,9.874,14.273,0.000,9.853,0.021,Fairway,roll,0.000,0
1346,5.5965,-6.492,9.874,14.273,0.000,9.853,0.021,Fairway,roll,0.000,0
1347,5.6006,-6.492,9.874,14.272,0.000,9.853,0.021,Fairway,roll,0.000,0
1348,5.6048,-6.493,9.874,14.272,0.000,9.853,0.021,Fairway,roll,0.000,0
1349,5.6090,-6.493,9.874,14.272,0.000,9.853,0.021,Fairway,roll,0.000,0
1350,5.6131,-6.494,9.874,14.272,0.000,9.853,0.021,Fairway,roll,0.000,0
1351,5.6173,-6.495,9.874,14.272,0.000,9.853,0.021,Fairway,roll,0.000,0
1352,5.6215,-6.495,9.874,14.271,0.000,9.853,0.021,Fairway,roll,0.000,0
1353,5.6256,-6.496,9.874,14.271,0.000,9.853,0.021,Fairway,roll,0.000,0
1354,5.6298,-6.497,9.874,14.271,0.000,9.853,0.021,Fairway,roll,0.000,0
1355,5.6340,-6.497,9.874,14.271,0.000,9.853,0.021,Fairway,roll,0.000,0
1356,5.6381,-6.498,9.874,14.270,0.000,9.853,0.021,Fairway,roll,0.000,0
1357,5.6423,-6.498,9.874,14.270,0.000,9.853,0.021,Fairway,roll,0.000,0
1358,5.6465,-6.499,9.874,14.270,0.000,9.853,0.021,Fairway,roll,0.000,0
1359,5.6506,-6.500,9.874,14.270,0.000,9.853,0.021,Fairway,roll,0.000,0
1360,5.6548,-6.500,9.874,14.269,0.000,9.853,0.021,Fairway,roll,0.000,0
1361,5.6590,-6.501,9.874,14.269,0.000,9.853,0.021,Fairway,roll,0.000,0
1362,5.6631,-6.501,9.874,14.269,0.000,9.853,0.021,Fairway,roll,0.000,0
1363,5.6673,-6.502,9.874,14.269,0.000,9.853,0.021,Fairway,roll,0.000,0
1364,5.6714,-6.503,9.874,14.268,0.000,9.853,0.021,Fairway,roll,0.000,0
1365,5.6756,-6.503,9.874,14.268,0.000,9.853,0.021,Fairway,roll,0.000,0
1366,5.6798,-6.504,9.874,14.268,0.000,9.853,0.021,Fairway,roll,0.000,0
1367,5.6839,-6.504,9.874,14.268,0.000,9.853,0.021,Fairway,roll,0.000,0
1368,5.6881,-6.505,9.874,14.267,0.000,9.853,0.021,Fairway,roll,0.000,0
1369,5.6923,-6.506,9.874,14.267,0.000,9.853,0.021,Fairway,roll,0.000,0
1370,5.6964,-6.506,9.874,14.267,0.000,9.852,0.021,Fairway,roll,0.000,0
1371,5.7006,-6.507,9.874,14.267,0.000,9.852,0.021,Fairway,roll,0.000,0
1372,5.7048,-6.507,9.874,14.266,0.000,9.852,0.021,Fairway,roll,0.000,0
1373,5.7089,-6.508,9.874,14.266,0.000,9.852,0.021,Fairway,roll,0.000,0
1374,5.7131,-6.509,9.874,14.266,0.000,9.852,0.021,Fairway,roll,0.000,0
1375,5.7173,-6.509,9.874,14.266,0.000,9.852,0.021,Fairway,roll,0.000,0
1376,5.7214,-6.510,9.874,14.265,0.000,9.852,0.021,Fairway,roll,0.000,0
1377,5.7256,-6.510,9.874,14.265,0.000,9.852,0.021,Fairway,roll,0.000,0
1378,5.7298,-6.511,9.874,14.265,0.000,9.852,0.021,Fairway,roll,0.000,0
1379,5.7339,-6.512,9.874,14.265,0.000,9.852,0.021,Fairway,roll,0.000,0
1380,5.7381,-6.512,9.874,14.264,0.000,9.852,0.021,Fairway,roll,0.000,0
1381,5.7423,-6.513,9.874,14.264,0.000,9.852,0.021,Fairway,roll,0.000,0
1382,5.7464,-6.513,9.874,14.264,0.000,9.852,0.021,Fairway,roll,0.000,0
1383,5.7506,-6.514,9.874,14.264,0.000,9.852,0.021,Fairway,roll,0.000,0
1384,5.7548,-6.515,9.874,14.263,0.000,9.852,0.021,Fairway,roll,0.000,0
1385,5.7589,-6.515,9.874,14.263,0.000,9.852,0.021,Fairway,roll,0.000,0
1386,5.7631,-6.516,9.874,14.263,0.000,9.852,0.021,Fairway,roll,0.000,0
1387,5.7673,-6.516,9.874,14.263,0.000,9.852,0.021,Fairway,roll,0.000,0
1388,5.7714,-6.517,9.874,14.262,0.000,9.852,0.021,Fairway,roll,0.000,0
1389,5.7756,-6.518,9.874,14.262,0.000,9.852,0.021,Fairway,roll,0.000,0
1390,5.7798,-6.518,9.874,14.262,0.000,9.852,0.021,Fairway,roll,0.000,0
1391,5.7839,-6.519,9.874,14.262,0.000,9.852,0.021,Fairway,roll,0.000,0
1392,5.7881,-6.519,9.874,14.262,0.000,9.852,0.021,Fairway,roll,0.000,0
1393,5.7923,-6.520,9.874,14.261,0.000,9.852,0.021,Fairway,roll,0.000,0
1394,5.7964,-6.520,9.874,14.261,0.000,9.852,0.021,Fairway,roll,0.000,0
1395,5.8006,-6.521,9.874,14.261,0.000,9.852,0.021,Fairway,roll,0.000,0
1396,5.8047,-6.522,9.874,14.261,0.000,9.852,0.021,Fairway,roll,0.000,0
1397,5.8089,-6.522,9.873,14.260,0.000,9.852,0.021,Fairway,roll,0.000,0
1398,5.8131,-6.523,9.873,14.260,0.000,9.852,0.021,Fairway,roll,0.000,0
1399,5.8172,-6.523,9.873,14.260,0.000,9.852,0.021,Fairway,roll,0.000,0
1400,5.8214,-6.524,9.873,14.260,0.000,9.852,0.021,Fairway,roll,0.000,0
1401,5.8256,-6.525,9.873,14.259,0.000,9.852,0.021,Fairway,roll,0.000,0
1402,5.8297,-6.525,9.873,14.259,0.000,9.852,0.021,Fairway,roll,0.000,0
1403,5.8339,-6.526,9.873,14.259,0.000,9.852,0.021,Fairway,roll,0.000,0
1404,5.8381,-6.526,9.873,14.259,0.000,9.852,0.021,Fairway,roll,0.000,0
1405,5.8422,-6.527,9.873,14.258,0.000,9.852,0.021,Fairway,roll,0.000,0
1406,5.8464,-6.528,9.873,14.258,0.000,9.852,0.021,Fairway,roll,0.000,0
1407,5.8506,-6.528,9.873,14.258,0.000,9.852,0.021,Fairway,roll,0.000,0
1408,5.8547,-6.529,9.873,14.258,0.000,9.852,0.021,Fairway,roll,0.000,0
1409,5.8589,-6.529,9.873,14.257,0.000,9.852,0.021,Fairway,roll,0.000,0
1410,5.8631,-6.530,9.873,14.257,0.000,9.852,0.021,Fairway,roll,0.000,0
1411,5.8672,-6.531,9.873,14.257,0.000,9.852,0.021,Fairway,roll,0.000,0
1412,5.8714,-6.531,9.873,14.257,0.000,9.852,0.021,Fairway,roll,0.000,0
1413,5.8756,-6.532,9.873,14.256,0.000,9.852,0.021,Fairway,roll,0.000,0
1414,5.8797,-6.532,9.873,14.256,0.000,9.852,0.021,Fairway,roll,0.000,0
1415,5.8839,-6.533,9.873,14.256,0.000,9.852,0.021,Fairway,roll,0.000,0
1416,5.8881,-6.533,9.873,14.256,0.000,9.852,0.021,Fairway,roll,0.000,0
1417,5.8922,-6.534,9.873,14.255,0.000,9.852,0.021,Fairway,roll,0.000,0
1418,5.8964,-6.535,9.873,14.255,0.000,9.852,0.021,Fairway,roll,0.000,0
1419,5.9006,-6.535,9.873,14.255,0.000,9.852,0.021,Fairway,roll,0.000,0
1420,5.9047,-6.536,9.873,14.255,0.000,9.852,0.021,Fairway,roll,0.000,0
1421,5.9089,-6.536,9.873,14.254,0.000,9.852,0.021,Fairway,roll,0.000,0
1422,5.9131,-6.537,9.873,14.254,0.000,9.852,0.021,Fairway,roll,0.000,0
1423,5.9172,-6.537,9.873,14.254,0.000,9.852,0.021,Fairway,roll,0.000,0
1424,5.9214,-6.538,9.873,14.254,0.000,9.852,0.021,Fairway,roll,0.000,0
1425,5.9256,-6.539,9.873,14.254,0.000,9.852,0.021,Fairway,roll,0.000,0
1426,5.9297,-6.539,9.873,14.253,0.000,9.852,0.021,Fairway,roll,0.000,0
1427,5.9339,-6.540,9.873,14.253,0.000,9.852,0.021,Fairway,roll,0.000,0
1428,5.9380,-6.540,9.873,14.253,0.000,9.852,0.021,Fairway,roll,0.000,0
1429,5.9422,-6.541,9.873,14.253,0.000,9.852,0.021,Fairway,roll,0.000,0
1430,5.9464,-6.542,9.873,14.252,0.000,9.851,0.021,Fairway,roll,0.000,0
1431,5.9505,-6.542,9.873,14.252,0.000,9.851,0.021,Fairway,roll,0.000,0
1432,5.9547,-6.543,9.873,14.252,0.000,9.851,0.021,Fairway,roll,0.000,0
1433,5.9589,-6.543,9.873,14.252,0.000,9.851,0.021,Fairway,roll,0.000,0
1434,5.9630,-6.544,9.873,14.251,0.000,9.851,0.021,Fairway,roll,0.000,0
1435,5.9672,-6.544,9.873,14.251,0.000,9.851,0.021,Fairway,roll,0.000,0
1436,5.9714,-6.545,9.873,14.251,0.000,9.851,0.021,Fairway,roll,0.000,0
1437,5.9755,-6.546,9.873,14.251,0.000,9.851,0.021,Fairway,roll,0.000,0
1438,5.9797,-6.546,9.873,14.251,0.000,9.851,0.021,Fairway,roll,0.000,0
1439,5.9839,-6.547,9.873,14.250,0.000,9.851,0.021,Fairway,roll,0.000,0
1440,5.9880,-6.547,9.873,14.250,0.000,9.851,0.021,Fairway,roll,0.000,0
1441,5.9922,-6.548,9.873,14.250,0.000,9.851,0.021,Fairway,roll,0.000,0
1442,5.9964,-6.548,9.873,14.250,0.000,9.851,0.021,Fairway,roll,0.000,0
1443,6.0005,-6.549,9.873,14.249,0.000,9.851,0.021,Fairway,roll,0.000,0
1444,6.0047,-6.550,9.873,14.249,0.000,9.851,0.021,Fairway,roll,0.000,0
1445,6.0089,-6.550,9.873,14.249,0.000,9.851,0.021,Fairway,roll,0.000,0
1446,6.0130,-6.551,9.873,14.249,0.000,9.851,0.021,Fairway,roll,0.000,0
1447,6.0172,-6.551,9.872,14.249,0.000,9.851,0.021,Fairway,roll,0.000,0
1448,6.0214,-6.552,9.872,14.248,0.000,9.851,0.021,Fairway,roll,0.000,0
1449,6.0255,-6.552,9.872,14.248,0.000,9.851,0.021,Fairway,roll,0.000,0
1450,6.0297,-6.553,9.872,14.248,0.000,9.851,0.021,Fairway,roll,0.000,0
1451,6.0339,-6.554,9.872,14.248,0.000,9.851,0.021,Fairway,roll,0.000,0
1452,6.0380,-6.554,9.872,14.247,0.000,9.851,0.021,Fairway,roll,0.000,0
1453,6.0422,-6.555,9.872,14.247,0.000,9.851,0.021,Fairway,roll,0.000,0
1454,6.0464,-6.555,9.872,14.247,0.000,9.851,0.021,Fairway,roll,0.000,0
1455,6.0505,-6.556,9.872,14.247,0.000,9.851,0.021,Fairway,roll,0.000,0
1456,6.0547,-6.556,9.872,14.246,0.000,9.851,0.021,Fairway,roll,0.000,0
1457,6.0589,-6.557,9.872,14.246,0.000,9.851,0.021,Fairway,roll,0.000,0
1458,6.0630,-6.558,9.872,14.246,0.000,9.851,0.021,Fairway,roll,0.000,0
1459,6.0672,-6.558,9.872,14.246,0.000,9.851,0.021,Fairway,roll,0.000,0
1460,6.0714,-6.559,9.872,14.246,0.000,9.851,0.021,Fairway,roll,0.000,0
1461,6.0755,-6.559,9.872,14.245,0.000,9.851,0.021,Fairway,roll,0.000,0
1462,6.0797,-6.560,9.872,14.245,0.000,9.851,0.021,Fairway,roll,0.000,0
1463,6.0838,-6.560,9.872,14.245,0.000,9.851,0.021,Fairway,roll,0.000,0
1464,6.0880,-6.561,9.872,14.245,0.000,9.851,0.021,Fairway,roll,0.000,0
1465,6.0922,-6.561,9.872,14.244,0.000,9.851,0.021,Fairway,roll,0.000,0
1466,6.0963,-6.562,9.872,14.244,0.000,9.851,0.021,Fairway,roll,0.000,0
1467,6.1005,-6.563,9.872,14.244,0.000,9.851,0.021,Fairway,roll,0.000,0
1468,6.1047,-6.563,9.872,14.244,0.000,9.851,0.021,Fairway,roll,0.000,0
1469,6.1088,-6.564,9.872,14.243,0.000,9.851,0.021,Fairway,roll,0.000,0
1470,6.1130,-6.564,9.872,14.243,0.000,9.851,0.021,Fairway,roll,0.000,0
1471,6.1172,-6.565,9.872,14.243,0.000,9.851,0.021,Fairway,roll,0.000,0
1472,6.1213,-6.565,9.872,14.243,0.000,9.851,0.021,Fairway,roll,0.000,0
1473,6.1255,-6.566,9.872,14.243,0.000,9.851,0.021,Fairway,roll,0.000,0
1474,6.1297,-6.567,9.872,14.242,0.000,9.851,0.021,Fairway,roll,0.000,0
1475,6.1338,-6.567,9.872,14.242,0.000,9.851,0.021,Fairway,roll,0.000,0
1476,6.1380,-6.568,9.872,14.242,0.000,9.851,0.021,Fairway,roll,0.000,0
1477,6.1422,-6.568,9.872,14.242,0.000,9.851,0.021,Fairway,roll,0.000,0
1478,6.1463,-6.569,9.872,14.241,0.000,9.851,0.021,Fairway,roll,0.000,0
1479,6.1505,-6.569,9.872,14.241,0.000,9.851,0.021,Fairway,roll,0.000,0
1480,6.1547,-6.570,9.872,14.241,0.000,9.851,0.021,Fairway,roll,0.000,0
1481,6.1588,-6.571,9.872,14.241,0.000,9.851,0.021,Fairway,roll,0.000,0
1482,6.1630,-6.571,9.872,14.240,0.000,9.851,0.021,Fairway,roll,0.000,0
1483,6.1672,-6.572,9.872,14.240,0.000,9.851,0.021,Fairway,roll,0.000,0
1484,6.1713,-6.572,9.872,14.240,0.000,9.851,0.021,Fairway,roll,0.000,0
1485,6.1755,-6.573,9.872,14.240,0.000,9.851,0.021,Fairway,roll,0.000,0
1486,6.1797,-6.573,9.872,14.240,0.000,9.851,0.021,Fairway,roll,0.000,0
1487,6.1838,-6.574,9.872,14.239,0.000,9.851,0.021,Fairway,roll,0.000,0
1488,6.1880,-6.574,9.872,14.239,0.000,9.851,0.021,Fairway,roll,0.000,0
1489,6.1922,-6.575,9.872,14.239,0.000,9.851,0.021,Fairway,roll,0.000,0
1490,6.1963,-6.576,9.872,14.239,0.000,9.851,0.021,Fairway,roll,0.000,0
1491,6.2005,-6.576,9.872,14.238,0.000,9.851,0.021,Fairway,roll,0.000,0
1492,6.2047,-6.577,9.872,14.238,0.000,9.850,0.021,Fairway,roll,0.000,0
1493,6.2088,-6.577,9.872,14.238,0.000,9.850,0.021,Fairway,roll,0.000,0
1494,6.2130,-6.578,9.872,14.238,0.000,9.850,0.021,Fairway,roll,0.000,0
1495,6.2171,-6.578,9.872,14.238,0.000,9.850,0.021,Fairway,roll,0.000,0
1496,6.2213,-6.579,9.872,14.237,0.000,9.850,0.021,Fairway,roll,0.000,0
1497,6.2255,-6.579,9.872,14.237,0.000,9.850,0.021,Fairway,roll,0.000,0
1498,6.2296,-6.580,9.872,14.237,0.000,9.850,0.021,Fairway,roll,0.000,0
1499,6.2338,-6.580,9.872,14.237,0.000,9.850,0.021,Fairway,roll,0.000,0
1500,6.2380,-6.581,9.872,14.236,0.000,9.850,0.021,Fairway,roll,0.000,0
1501,6.2421,-6.582,9.872,14.236,0.000,9.850,0.021,Fairway,roll,0.000,0
1502,6.2463,-6.582,9.872,14.236,0.000,9.850,0.021,Fairway,roll,0.000,0
1503,6.2505,-6.583,9.872,14.236,0.000,9.850,0.021,Fairway,roll,0.000,0
1504,6.2546,-6.583,9.872,14.235,0.000,9.850,0.021,Fairway,roll,0.000,0
1505,6.2588,-6.584,9.872,14.235,0.000,9.850,0.021,Fairway,roll,0.000,0
1506,6.2630,-6.584,9.872,14.235,0.000,9.850,0.021,Fairway,roll,0.000,0
1507,6.2671,-6.585,9.872,14.235,0.000,9.850,0.021,Fairway,roll,0.000,0
1508,6.2713,-6.585,9.872,14.235,0.000,9.850,0.021,Fairway,roll,0.000,0
1509,6.2755,-6.586,9.872,14.234,0.000,9.850,0.021,Fairway,roll,0.000,0
1510,6.2796,-6.587,9.872,14.234,0.000,9.850,0.021,Fairway,roll,0.000,0
1511,6.2838,-6.587,9.872,14.234,0.000,9.850,0.021,Fairway,roll,0.000,0
1512,6.2880,-6.588,9.872,14.234,0.000,9.850,0.021,Fairway,roll,0.000,0
1513,6.2921,-6.588,9.872,14.233,0.000,9.850,0.021,Fairway,roll,0.000,0
1514,6.2963,-6.589,9.872,14.233,0.000,9.850,0.021,Fairway,roll,0.000,0
1515,6.3005,-6.589,9.872,14.233,0.000,9.850,0.021,Fairway,roll,0.000,0
1516,6.3046,-6.590,9.872,14.233,0.000,9.850,0.021,Fairway,roll,0.000,0
1517,6.3088,-6.590,9.871,14.232,0.000,9.850,0.021,Fairway,roll,0.000,0
1518,6.3130,-6.591,9.871,14.232,0.000,9.850,0.021,Fairway,roll,0.000,0
1519,6.3171,-6.591,9.871,14.232,0.000,9.850,0.021,Fairway,roll,0.000,0
1520,6.3213,-6.592,9.871,14.232,0.000,9.850,0.021,Fairway,roll,0.000,0
1521,6.3255,-6.593,9.871,14.232,0.000,9.850,0.021,Fairway,roll,0.000,0
1522,6.3296,-6.593,9.871,14.231,0.000,9.850,0.021,Fairway,roll,0.000,0
1523,6.3338,-6.594,9.871,14.231,0.000,9.850,0.021,Fairway,roll,0.000,0
1524,6.3380,-6.594,9.871,14.231,0.000,9.850,0.021,Fairway,roll,0.000,0
1525,6.3421,-6.595,9.871,14.231,0.000,9.850,0.021,Fairway,roll,0.000,0
1526,6.3463,-6.595,9.871,14.230,0.000,9.850,0.021,Fairway,roll,0.000,0
1527,6.3504,-6.596,9.871,14.230,0.000,9.850,0.021,Fairway,roll,0.000,0
1528,6.3546,-6.596,9.871,14.230,0.000,9.850,0.021,Fairway,roll,0.000,0
1529,6.3588,-6.597,9.871,14.230,0.000,9.850,0.021,Fairway,roll,0.000,0
1530,6.3629,-6.597,9.871,14.230,0.000,9.850,0.021,Fairway,roll,0.000,0
1531,6.3671,-6.598,9.871,14.229,0.000,9.850,0.021,Fairway,roll,0.000,0
1532,6.3713,-6.598,9.871,14.229,0.000,9.850,0.021,Fairway,roll,0.000,0
1533,6.3754,-6.599,9.871,14.229,0.000,9.850,0.021,Fairway,roll,0.000,0
1534,6.3796,-6.600,9.871,14.229,0.000,9.850,0.021,Fairway,roll,0.000,0
1535,6.3838,-6.600,9.871,14.228,0.000,9.850,0.021,Fairway,roll,0.000,0
1536,6.3879,-6.601,9.871,14.228,0.000,9.850,0.021,Fairway,roll,0.000,0
1537,6.3921,-6.601,9.871,14.228,0.000,9.850,0.021,Fairway,roll,0.000,0
1538,6.3963,-6.602,9.871,14.228,0.000,9.850,0.021,Fairway,roll,0.000,0
1539,6.4004,-6.602,9.871,14.227,0.000,9.850,0.021,Fairway,roll,0.000,0
1540,6.4046,-6.603,9.871,14.227,0.000,9.850,0.021,Fairway,roll,0.000,0
1541,6.4088,-6.603,9.871,14.227,0.000,9.850,0.021,Fairway,roll,0.000,0
1542,6.4129,-6.604,9.871,14.227,0.000,9.850,0.021,Fairway,roll,0.000,0
1543,6.4171,-6.604,9.871,14.227,0.000,9.850,0.021,Fairway,roll,0.000,0
1544,6.4213,-6.605,9.871,14.226,0.000,9.850,0.021,Fairway,roll,0.000,0
1545,6.4254,-6.605,9.871,14.226,0.000,9.850,0.021,Fairway,roll,0.000,0
1546,6.4296,-6.606,9.871,14.226,0.000,9.850,0.021,Fairway,roll,0.000,0
1547,6.4338,-6.606,9.871,14.226,0.000,9.850,0.021,Fairway,roll,0.000,0
1548,6.4379,-6.607,9.871,14.226,0.000,9.850,0.021,Fairway,roll,0.000,0
1549,6.4421,-6.608,9.871,14.225,0.000,9.850,0.021,Fairway,roll,0.000,0
1550,6.4463,-6.608,9.871,14.225,0.000,9.850,0.021,Fairway,roll,0.000,0
1551,6.4504,-6.609,9.871,14.225,0.000,9.850,0.021,Fairway,roll,0.000,0
1552,6.4546,-6.609,9.871,14.225,0.000,9.850,0.021,Fairway,roll,0.000,0
1553,6.4588,-6.610,9.871,14.224,0.000,9.850,0.021,Fairway,roll,0.000,0
1554,6.4629,-6.610,9.871,14.224,0.000,9.850,0.021,Fairway,roll,0.000,0
1555,6.4671,-6.611,9.871,14.224,0.000,9.850,0.021,Fairway,roll,0.000,0
1556,6.4713,-6.611,9.871,14.224,0.000,9.850,0.021,Fairway,roll,0.000,0
1557,6.4754,-6.612,9.871,14.224,0.000,9.849,0.021,Fairway,roll,0.000,0
1558,6.4796,-6.612,9.871,14.223,0.000,9.849,0.021,Fairway,roll,0.000,0
1559,6.4837,-6.613,9.871,14.223,0.000,9.849,0.021,Fairway,roll,0.000,0
1560,6.4879,-6.613,9.871,14.223,0.000,9.849,0.021,Fairway,roll,0.000,0
1561,6.4921,-6.614,9.871,14.223,0.000,9.849,0.021,Fairway,roll,0.000,0
1562,6.4962,-6.614,9.871,14.223,0.000,9.849,0.021,Fairway,roll,0.000,0
1563,6.5004,-6.615,9.871,14.222,0.000,9.849,0.021,Fairway,roll,0.000,0
1564,6.5046,-6.616,9.871,14.222,0.000,9.849,0.021,Fairway,roll,0.000,0
1565,6.5087,-6.616,9.871,14.222,0.000,9.849,0.021,Fairway,roll,0.000,0
1566,6.5129,-6.617,9.871,14.222,0.000,9.849,0.021,Fairway,roll,0.000,0
1567,6.5171,-6.617,9.871,14.221,0.000,9.849,0.021,Fairway,roll,0.000,0
1568,6.5212,-6.618,9.871,14.221,0.000,9.849,0.021,Fairway,roll,0.000,0
1569,6.5254,-6.618,9.871,14.221,0.000,9.849,0.021,Fairway,roll,0.000,0
1570,6.5296,-6.619,9.871,14.221,0.000,9.849,0.021,Fairway,roll,0.000,0
1571,6.5337,-6.619,9.871,14.221,0.000,9.849,0.021,Fairway,roll,0.000,0
1572,6.5379,-6.620,9.871,14.220,0.000,9.849,0.021,Fairway,roll,0.000,0
1573,6.5421,-6.620,9.871,14.220,0.000,9.849,0.021,Fairway,roll,0.000,0
1574,6.5462,-6.621,9.871,14.220,0.000,9.849,0.021,Fairway,roll,0.000,0
1575,6.5504,-6.621,9.871,14.220,0.000,9.849,0.021,Fairway,roll,0.000,0
1576,6.5546,-6.622,9.871,14.220,0.000,9.849,0.021,Fairway,roll,0.000,0
1577,6.5587,-6.622,9.871,14.219,0.000,9.849,0.021,Fairway,roll,0.000,0
1578,6.5629,-6.623,9.871,14.219,0.000,9.849,0.021,Fairway,roll,0.000,0
1579,6.5671,-6.623,9.871,14.219,0.000,9.849,0.021,Fairway,roll,0.000,0
1580,6.5712,-6.624,9.871,14.219,0.000,9.849,0.021,Fairway,roll,0.000,0
1581,6.5754,-6.624,9.871,14.218,0.000,9.849,0.021,Fairway,roll,0.000,0
1582,6.5796,-6.625,9.871,14.218,0.000,9.849,0.021,Fairway,roll,0.000,0
1583,6.5837,-6.625,9.871,14.218,0.000,9.849,0.021,Fairway,roll,0.000,0
1584,6.5879,-6.626,9.871,14.218,0.000,9.849,0.021,Fairway,roll,0.000,0
1585,6.5921,-6.626,9.871,14.218,0.000,9.849,0.021,Fairway,roll,0.000,0
1586,6.5962,-6.627,9.871,14.217,0.000,9.849,0.021,Fairway,roll,0.000,0
1587,6.6004,-6.627,9.871,14.217,0.000,9.849,0.021,Fairway,roll,0.000,0
1588,6.6046,-6.628,9.871,14.217,0.000,9.849,0.021,Fairway,roll,0.000,0
1589,6.6087,-6.629,9.871,14.217,0.000,9.849,0.021,Fairway,roll,0.000,0
1590,6.6129,-6.629,9.870,14.217,0.000,9.849,0.021,Fairway,roll,0.000,0
1591,6.6171,-6.630,9.870,14.216,0.000,9.849,0.021,Fairway,roll,0.000,0
1592,6.6212,-6.630,9.870,14.216,0.000,9.849,0.021,Fairway,roll,0.000,0
1593,6.6254,-6.631,9.870,14.216,0.000,9.849,0.021,Fairway,roll,0.000,0
1594,6.6295,-6.631,9.870,14.216,0.000,9.849,0.021,Fairway,roll,0.000,0
1595,6.6337,-6.632,9.870,14.215,0.000,9.849,0.021,Fairway,roll,0.000,0
1596,6.6379,-6.632,9.870,14.215,0.000,9.849,0.021,Fairway,roll,0.000,0
1597,6.6420,-6.633,9.870,14.215,0.000,9.849,0.021,Fairway,roll,0.000,0
1598,6.6462,-6.633,9.870,14.215,0.000,9.849,0.021,Fairway,roll,0.000,0
1599,6.6504,-6.634,9.870,14.215,0.000,9.849,0.021,Fairway,roll,0.000,0
1600,6.6545,-6.634,9.870,14.214,0.000,9.849,0.021,Fairway,roll,0.000,0
1601,6.6587,-6.635,9.870,14.214,0.000,9.849,0.021,Fairway,roll,0.000,0
1602,6.6629,-6.635,9.870,14.214,0.000,9.849,0.021,Fairway,roll,0.000,0
1603,6.6670,-6.636,9.870,14.214,0.000,9.849,0.021,Fairway,roll,0.000,0
1604,6.6712,-6.636,9.870,14.214,0.000,9.849,0.021,Fairway,roll,0.000,0
1605,6.6754,-6.637,9.870,14.213,0.000,9.849,0.021,Fairway,roll,0.000,0
1606,6.6795,-6.637,9.870,14.213,0.000,9.849,0.021,Fairway,roll,0.000,0
1607,6.6837,-6.638,9.870,14.213,0.000,9.849,0.021,Fairway,roll,0.000,0
1608,6.6879,-6.638,9.870,14.213,0.000,9.849,0.021,Fairway,roll,0.000,0
1609,6.6920,-6.639,9.870,14.212,0.000,9.849,0.021,Fairway,roll,0.000,0
1610,6.6962,-6.639,9.870,14.212,0.000,9.849,0.021,Fairway,roll,0.000,0
1611,6.7004,-6.640,9.870,14.212,0.000,9.849,0.021,Fairway,roll,0.000,0
1612,6.7045,-6.640,9.870,14.212,0.000,9.849,0.021,Fairway,roll,0.000,0
1613,6.7087,-6.641,9.870,14.212,0.000,9.849,0.021,Fairway,roll,0.000,0
1614,6.7129,-6.641,9.870,14.211,0.000,9.849,0.021,Fairway,roll,0.000,0
1615,6.7170,-6.642,9.870,14.211,0.000,9.849,0.021,Fairway,roll,0.000,0
1616,6.7212,-6.642,9.870,14.211,0.000,9.849,0.021,Fairway,roll,0.000,0
1617,6.7254,-6.643,9.870,14.211,0.000,9.849,0.021,Fairway,roll,0.000,0
1618,6.7295,-6.643,9.870,14.211,0.000,9.849,0.021,Fairway,roll,0.000,0
1619,6.7337,-6.644,9.870,14.210,0.000,9.849,0.021,Fairway,roll,0.000,0
1620,6.7379,-6.644,9.870,14.210,0.000,9.849,0.021,Fairway,roll,0.000,0
1621,6.7420,-6.645,9.870,14.210,0.000,9.849,0.021,Fairway,roll,0.000,0
1622,6.7462,-6.645,9.870,14.210,0.000,9.849,0.021,Fairway,roll,0.000,0
1623,6.7504,-6.646,9.870,14.210,0.000,9.849,0.021,Fairway,roll,0.000,0
1624,6.7545,-6.646,9.870,14.209,0.000,9.849,0.021,Fairway,roll,0.000,0
1625,6.7587,-6.647,9.870,14.209,0.000,9.849,0.021,Fairway,roll,0.000,0
1626,6.7628,-6.647,9.870,14.209,0.000,9.849,0.021,Fairway,roll,0.000,0
1627,6.7670,-6.648,9.870,14.209,0.000,9.848,0.021,Fairway,roll,0.000,0
1628,6.7712,-6.648,9.870,14.208,0.000,9.848,0.021,Fairway,roll,0.000,0
1629,6.7753,-6.649,9.870,14.208,0.000,9.848,0.021,Fairway,roll,0.000,0
1630,6.7795,-6.649,9.870,14.208,0.000,9.848,0.021,Fairway,roll,0.000,0
1631,6.7837,-6.650,9.870,14.208,0.000,9.848,0.021,Fairway,roll,0.000,0
1632,6.7878,-6.650,9.870,14.208,0.000,9.848,0.021,Fairway,roll,0.000,0
1633,6.7920,-6.651,9.870,14.207,0.000,9.848,0.021,Fairway,roll,0.000,0
1634,6.7962,-6.651,9.870,14.207,0.000,9.848,0.021,Fairway,roll,0.000,0
1635,6.8003,-6.652,9.870,14.207,0.000,9.848,0.021,Fairway,roll,0.000,0
1636,6.8045,-6.652,9.870,14.207,0.000,9.848,0.021,Fairway,roll,0.000,0
1637,6.8087,-6.653,9.870,14.207,0.000,9.848,0.021,Fairway,roll,0.000,0
1638,6.8128,-6.653,9.870,14.206,0.000,9.848,0.021,Fairway,roll,0.000,0
1639,6.8170,-6.654,9.870,14.206,0.000,9.848,0.021,Fairway,roll,0.000,0
1640,6.8212,-6.654,9.870,14.206,0.000,9.848,0.021,Fairway,roll,0.000,0
1641,6.8253,-6.655,9.870,14.206,0.000,9.848,0.021,Fairway,roll,0.000,0
1642,6.8295,-6.655,9.870,14.205,0.000,9.848,0.021,Fairway,roll,0.000,0
1643,6.8337,-6.656,9.870,14.205,0.000,9.848,0.021,Fairway,roll,0.000,0
1644,6.8378,-6.656,9.870,14.205,0.000,9.848,0.021,Fairway,roll,0.000,0
1645,6.8420,-6.657,9.870,14.205,0.000,9.848,0.021,Fairway,roll,0.000,0
1646,6.8462,-6.658,9.870,14.205,0.000,9.848,0.021,Fairway,roll,0.000,0
1647,6.8503,-6.658,9.870,14.204,0.000,9.848,0.021,Fairway,roll,0.000,0
1648,6.8545,-6.659,9.870,14.204,0.000,9.848,0.021,Fairway,roll,0.000,0
1649,6.8587,-6.659,9.870,14.204,0.000,9.848,0.021,Fairway,roll,0.000,0
1650,6.8628,-6.660,9.870,14.204,0.000,9.848,0.021,Fairway,roll,0.000,0
1651,6.8670,-6.660,9.870,14.204,0.000,9.848,0.021,Fairway,roll,0.000,0
1652,6.8712,-6.661,9.870,14.203,0.000,9.848,0.021,Fairway,roll,0.000,0
1653,6.8753,-6.661,9.870,14.203,0.000,9.848,0.021,Fairway,roll,0.000,0
1654,6.8795,-6.662,9.870,14.203,0.000,9.848,0.021,Fairway,roll,0.000,0
1655,6.8837,-6.662,9.870,14.203,0.000,9.848,0.021,Fairway,roll,0.000,0
1656,6.8878,-6.663,9.870,14.202,0.000,9.848,0.021,Fairway,roll,0.000,0
1657,6.8920,-6.663,9.870,14.202,0.000,9.848,0.021,Fairway,roll,0.000,0
1658,6.8961,-6.663,9.870,14.202,0.000,9.848,0.021,Fairway,roll,0.000,0
1659,6.9003,-6.664,9.870,14.202,0.000,9.848,0.021,Fairway,roll,0.000,0
1660,6.9045,-6.664,9.869,14.202,0.000,9.848,0.021,Fairway,roll,0.000,0
1661,6.9086,-6.665,9.869,14.201,0.000,9.848,0.021,Fairway,roll,0.000,0
1662,6.9128,-6.665,9.869,14.201,0.000,9.848,0.021,Fairway,roll,0.000,0
1663,6.9170,-6.666,9.869,14.201,0.000,9.848,0.021,Fairway,roll,0.000,0
1664,6.9211,-6.666,9.869,14.201,0.000,9.848,0.021,Fairway,roll,0.000,0
1665,6.9253,-6.667,9.869,14.201,0.000,9.848,0.021,Fairway,roll,0.000,0
1666,6.9295,-6.667,9.869,14.200,0.000,9.848,0.021,Fairway,roll,0.000,0
1667,6.9336,-6.668,9.869,14.200,0.000,9.848,0.021,Fairway,roll,0.000,0
1668,6.9378,-6.668,9.869,14.200,0.000,9.848,0.021,Fairway,roll,0.000,0
1669,6.9420,-6.669,9.869,14.200,0.000,9.848,0.021,Fairway,roll,0.000,0
1670,6.9461,-6.669,9.869,14.200,0.000,9.848,0.021,Fairway,roll,0.000,0
1671,6.9503,-6.670,9.869,14.199,0.000,9.848,0.021,Fairway,roll,0.000,0
1672,6.9545,-6.670,9.869,14.199,0.000,9.848,0.021,Fairway,roll,0.000,0
1673,6.9586,-6.671,9.869,14.199,0.000,9.848,0.021,Fairway,roll,0.000,0
1674,6.9628,-6.671,9.869,14.199,0.000,9.848,0.021,Fairway,roll,0.000,0
1675,6.9670,-6.672,9.869,14.199,0.000,9.848,0.021,Fairway,roll,0.000,0
1676,6.9711,-6.672,9.869,14.198,0.000,9.848,0.021,Fairway,roll,0.000,0
1677,6.9753,-6.673,9.869,14.198,0.000,9.848,0.021,Fairway,roll,0.000,0
1678,6.9795,-6.673,9.869,14.198,0.000,9.848,0.021,Fairway,roll,0.000,0
1679,6.9836,-6.674,9.869,14.198,0.000,9.848,0.021,Fairway,roll,0.000,0
1680,6.9878,-6.674,9.869,14.198,0.000,9.848,0.021,Fairway,roll,0.000,0
1681,6.9920,-6.675,9.869,14.197,0.000,9.848,0.021,Fairway,roll,0.000,0
1682,6.9961,-6.675,9.869,14.197,0.000,9.848,0.021,Fairway,roll,0.000,0
1683,7.0003,-6.676,9.869,14.197,0.000,9.848,0.021,Fairway,roll,0.000,0
1684,7.0045,-6.676,9.869,14.197,0.000,9.848,0.021,Fairway,roll,0.000,0
1685,7.0086,-6.677,9.869,14.197,0.000,9.848,0.021,Fairway,roll,0.000,0
1686,7.0128,-6.677,9.869,14.196,0.000,9.848,0.021,Fairway,roll,0.000,0
1687,7.0170,-6.678,9.869,14.196,0.000,9.848,0.021,Fairway,roll,0.000,0
1688,7.0211,-6.678,9.869,14.196,0.000,9.848,0.021,Fairway,roll,0.000,0
1689,7.0253,-6.679,9.869,14.196,0.000,9.848,0.021,Fairway,roll,0.000,0
1690,7.0294,-6.679,9.869,14.196,0.000,9.848,0.021,Fairway,roll,0.000,0
1691,7.0336,-6.680,9.869,14.195,0.000,9.848,0.021,Fairway,roll,0.000,0
1692,7.0378,-6.680,9.869,14.195,0.000,9.848,0.021,Fairway,roll,0.000,0
1693,7.0419,-6.681,9.869,14.195,0.000,9.848,0.021,Fairway,roll,0.000,0
1694,7.0461,-6.681,9.869,14.195,0.000,9.848,0.021,Fairway,roll,0.000,0
1695,7.0503,-6.682,9.869,14.195,0.000,9.848,0.021,Fairway,roll,0.000,0
1696,7.0544,-6.682,9.869,14.194,0.000,9.848,0.021,Fairway,roll,0.000,0
1697,7.0586,-6.683,9.869,14.194,0.000,9.848,0.021,Fairway,roll,0.000,0
1698,7.0628,-6.683,9.869,14.194,0.000,9.848,0.021,Fairway,roll,0.000,0
1699,7.0669,-6.684,9.869,14.194,0.000,9.848,0.021,Fairway,roll,0.000,0
1700,7.0711,-6.684,9.869,14.194,0.000,9.848,0.021,Fairway,roll,0.000,0
1701,7.0753,-6.684,9.869,14.193,0.000,9.848,0.021,Fairway,roll,0.000,0
1702,7.0794,-6.685,9.869,14.193,0.000,9.848,0.021,Fairway,roll,0.000,0
1703,7.0836,-6.685,9.869,14.193,0.000,9.848,0.021,Fairway,roll,0.000,0
1704,7.0878,-6.686,9.869,14.193,0.000,9.848,0.021,Fairway,roll,0.000,0
1705,7.0919,-6.686,9.869,14.193,0.000,9.848,0.021,Fairway,roll,0.000,0
1706,7.0961,-6.687,9.869,14.192,0.000,9.848,0.021,Fairway,roll,0.000,0
1707,7.1003,-6.687,9.869,14.192,0.000,9.848,0.021,Fairway,roll,0.000,0
1708,7.1044,-6.688,9.869,14.192,0.000,9.848,0.021,Fairway,roll,0.000,0
1709,7.1086,-6.688,9.869,14.192,0.000,9.848,0.021,Fairway,roll,0.000,0
1710,7.1128,-6.689,9.869,14.192,0.000,9.848,0.021,Fairway,roll,0.000,0
1711,7.1169,-6.689,9.869,14.192,0.000,9.848,0.021,Fairway,roll,0.000,0
1712,7.1211,-6.690,9.869,14.191,0.000,9.848,0.021,Fairway,roll,0.000,0
1713,7.1253,-6.690,9.869,14.191,0.000,9.848,0.021,Fairway,roll,0.000,0
1714,7.1294,-6.691,9.869,14.191,0.000,9.848,0.021,Fairway,roll,0.000,0
1715,7.1336,-6.691,9.869,14.191,0.000,9.847,0.021,Fairway,roll,0.000,0
1716,7.1378,-6.692,9.869,14.191,0.000,9.847,0.021,Fairway,roll,0.000,0
1717,7.1419,-6.692,9.869,14.190,0.000,9.847,0.021,Fairway,roll,0.000,0
1718,7.1461,-6.693,9.869,14.190,0.000,9.847,0.021,Fairway,roll,0.000,0
1719,7.1503,-6.693,9.869,14.190,0.000,9.847,0.021,Fairway,roll,0.000,0
1720,7.1544,-6.694,9.869,14.190,0.000,9.847,0.021,Fairway,roll,0.000,0
1721,7.1586,-6.694,9.869,14.190,0.000,9.847,0.021,Fairway,roll,0.000,0
1722,7.1628,-6.694,9.869,14.189,0.000,9.847,0.021,Fairway,roll,0.000,0
1723,7.1669,-6.695,9.869,14.189,0.000,9.847,0.021,Fairway,roll,0.000,0
1724,7.1711,-6.695,9.869,14.189,0.000,9.847,0.021,Fairway,roll,0.000,0
1725,7.1752,-6.696,9.869,14.189,0.000,9.847,0.021,Fairway,roll,0.000,0
1726,7.1794,-6.696,9.869,14.189,0.000,9.847,0.021,Fairway,roll,0.000,0
1727,7.1836,-6.697,9.869,14.188,0.000,9.847,0.021,Fairway,roll,0.000,0
1728,7.1877,-6.697,9.869,14.188,0.000,9.847,0.021,Fairway,roll,0.000,0
1729,7.1919,-6.698,9.869,14.188,0.000,9.847,0.021,Fairway,roll,0.000,0
1730,7.1961,-6.698,9.869,14.188,0.000,9.847,0.021,Fairway,roll,0.000,0
1731,7.2002,-6.699,9.869,14.188,0.000,9.847,0.021,Fairway,roll,0.000,0
1732,7.2044,-6.699,9.869,14.187,0.000,9.847,0.021,Fairway,roll,0.000,0
1733,7.2086,-6.700,9.869,14.187,0.000,9.847,0.021,Fairway,roll,0.000,0
1734,7.2127,-6.700,9.869,14.187,0.000,9.847,0.021,Fairway,roll,0.000,0
1735,7.2169,-6.701,9.869,14.187,0.000,9.847,0.021,Fairway,roll,0.000,0
1736,7.2211,-6.701,9.869,14.187,0.000,9.847,0.021,Fairway,roll,0.000,0
1737,7.2252,-6.702,9.869,14.186,0.000,9.847,0.021,Fairway,roll,0.000,0
1738,7.2294,-6.702,9.869,14.186,0.000,9.847,0.021,Fairway,roll,0.000,0
1739,7.2336,-6.702,9.869,14.186,0.000,9.847,0.021,Fairway,roll,0.000,0
1740,7.2377,-6.703,9.869,14.186,0.000,9.847,0.021,Fairway,roll,0.000,0
1741,7.2419,-6.703,9.869,14.186,0.000,9.847,0.021,Fairway,roll,0.000,0
1742,7.2461,-6.704,9.869,14.185,0.000,9.847,0.021,Fairway,roll,0.000,0
1743,7.2502,-6.704,9.869,14.185,0.000,9.847,0.021,Fairway,roll,0.000,0
1744,7.2544,-6.705,9.869,14.185,0.000,9.847,0.021,Fairway,roll,0.000,0
1745,7.2586,-6.705,9.869,14.185,0.000,9.847,0.021,Fairway,roll,0.000,0
1746,7.2627,-6.706,9.869,14.185,0.000,9.847,0.021,Fairway,roll,0.000,0
1747,7.2669,-6.706,9.869,14.184,0.000,9.847,0.021,Fairway,roll,0.000,0
1748,7.2711,-6.707,9.869,14.184,0.000,9.847,0.021,Fairway,roll,0.000,0
1749,7.2752,-6.707,9.869,14.184,0.000,9.847,0.021,Fairway,roll,0.000,0
1750,7.2794,-6.708,9.869,14.184,0.000,9.847,0.021,Fairway,roll,0.000,0
1751,7.2836,-6.708,9.869,14.184,0.000,9.847,0.021,Fairway,roll,0.000,0
1752,7.2877,-6.709,9.868,14.183,0.000,9.847,0.021,Fairway,roll,0.000,0
1753,7.2919,-6.709,9.868,14.183,0.000,9.847,0.021,Fairway,roll,0.000,0
1754,7.2961,-6.710,9.868,14.183,0.000,9.847,0.021,Fairway,roll,0.000,0
1755,7.3002,-6.710,9.868,14.183,0.000,9.847,0.021,Fairway,roll,0.000,0
1756,7.3044,-6.710,9.868,14.183,0.000,9.847,0.021,Fairway,roll,0.000,0
1757,7.3085,-6.711,9.868,14.182,0.000,9.847,0.021,Fairway,roll,0.000,0
1758,7.3127,-6.711,9.868,14.182,0.000,9.847,0.021,Fairway,roll,0.000,0
1759,7.3169,-6.712,9.868,14.182,0.000,9.847,0.021,Fairway,roll,0.000,0
1760,7.3210,-6.712,9.868,14.182,0.000,9.847,0.021,Fairway,roll,0.000,0
1761,7.3252,-6.713,9.868,14.182,0.000,9.847,0.021,Fairway,roll,0.000,0
1762,7.3294,-6.713,9.868,14.181,0.000,9.847,0.021,Fairway,roll,0.000,0
1763,7.3335,-6.714,9.868,14.181,0.000,9.847,0.021,Fairway,roll,0.000,0
1764,7.3377,-6.714,9.868,14.181,0.000,9.847,0.021,Fairway,roll,0.000,0
1765,7.3419,-6.715,9.868,14.181,0.000,9.847,0.021,Fairway,roll,0.000,0
1766,7.3460,-6.715,9.868,14.181,0.000,9.847,0.021,Fairway,roll,0.000,0
1767,7.3502,-6.716,9.868,14.180,0.000,9.847,0.021,Fairway,roll,0.000,0
1768,7.3544,-6.716,9.868,14.180,0.000,9.847,0.021,Fairway,roll,0.000,0
1769,7.3585,-6.716,9.868,14.180,0.000,9.847,0.021,Fairway,roll,0.000,0
1770,7.3627,-6.717,9.868,14.180,0.000,9.847,0.021,Fairway,roll,0.000,0
1771,7.3669,-6.717,9.868,14.180,0.000,9.847,0.021,Fairway,roll,0.000,0
1772,7.3710,-6.718,9.868,14.179,0.000,9.847,0.021,Fairway,roll,0.000,0
1773,7.3752,-6.718,9.868,14.179,0.000,9.847,0.021,Fairway,roll,0.000,0
1774,7.3794,-6.719,9.868,14.179,0.000,9.847,0.021,Fairway,roll,0.000,0
1775,7.3835,-6.719,9.868,14.179,0.000,9.847,0.021,Fairway,roll,0.000,0
1776,7.3877,-6.720,9.868,14.179,0.000,9.847,0.021,Fairway,roll,0.000,0
1777,7.3919,-6.720,9.868,14.178,0.000,9.847,0.021,Fairway,roll,0.000,0
1778,7.3960,-6.721,9.868,14.178,0.000,9.847,0.021,Fairway,roll,0.000,0
1779,7.4002,-6.721,9.868,14.178,0.000,9.847,0.021,Fairway,roll,0.000,0
1780,7.4044,-6.721,9.868,14.178,0.000,9.847,0.021,Fairway,roll,0.000,0
1781,7.4085,-6.722,9.868,14.178,0.000,9.847,0.021,Fairway,roll,0.000,0
1782,7.4127,-6.722,9.868,14.177,0.000,9.847,0.021,Fairway,roll,0.000,0
1783,7.4169,-6.723,9.868,14.177,0.000,9.847,0.021,Fairway,roll,0.000,0
1784,7.4210,-6.723,9.868,14.177,0.000,9.847,0.021,Fairway,roll,0.000,0
1785,7.4252,-6.724,9.868,14.177,0.000,9.847,0.021,Fairway,roll,0.000,0
1786,7.4294,-6.724,9.868,14.177,0.000,9.847,0.021,Fairway,roll,0.000,0
1787,7.4335,-6.725,9.868,14.177,0.000,9.847,0.021,Fairway,roll,0.000,0
1788,7.4377,-6.725,9.868,14.176,0.000,9.847,0.021,Fairway,roll,0.000,0
1789,7.4418,-6.726,9.868,14.176,0.000,9.847,0.021,Fairway,roll,0.000,0
1790,7.4460,-6.726,9.868,14.176,0.000,9.847,0.021,Fairway,roll,0.000,0
1791,7.4502,-6.726,9.868,14.176,0.000,9.847,0.021,Fairway,roll,0.000,0
1792,7.4543,-6.727,9.868,14.176,0.000,9.847,0.021,Fairway,roll,0.000,0
1793,7.4585,-6.727,9.868,14.175,0.000,9.847,0.021,Fairway,roll,0.000,0
1794,7.4627,-6.728,9.868,14.175,0.000,9.847,0.021,Fairway,roll,0.000,0
1795,7.4668,-6.728,9.868,14.175,0.000,9.847,0.021,Fairway,roll,0.000,0
1796,7.4710,-6.729,9.868,14.175,0.000,9.847,0.021,Fairway,roll,0.000,0
1797,7.4752,-6.729,9.868,14.175,0.000,9.847,0.021,Fairway,roll,0.000,0
1798,7.4793,-6.730,9.868,14.175,0.000,9.847,0.021,Fairway,roll,0.000,0
1799,7.4835,-6.730,9.868,14.174,0.000,9.847,0.021,Fairway,roll,0.000,0
1800,7.4877,-6.731,9.868,14.174,0.000,9.847,0.021,Fairway,roll,0.000,0
1801,7.4918,-6.731,9.868,14.174,0.000,9.847,0.021,Fairway,roll,0.000,0
1802,7.4960,-6.731,9.868,14.174,0.000,9.847,0.021,Fairway,roll,0.000,0
1803,7.5002,-6.732,9.868,14.174,0.000,9.847,0.021,Fairway,roll,0.000,0
1804,7.5043,-6.732,9.868,14.173,0.000,9.847,0.021,Fairway,roll,0.000,0
1805,7.5085,-6.733,9.868,14.173,0.000,9.847,0.021,Fairway,roll,0.000,0
1806,7.5127,-6.733,9.868,14.173,0.000,9.847,0.021,Fairway,roll,0.000,0
1807,7.5168,-6.734,9.868,14.173,0.000,9.847,0.021,Fairway,roll,0.000,0
1808,7.5210,-6.734,9.868,14.173,0.000,9.847,0.021,Fairway,roll,0.000,0
1809,7.5252,-6.735,9.868,14.173,0.000,9.847,0.021,Fairway,roll,0.000,0
1810,7.5293,-6.735,9.868,14.172,0.000,9.846,0.021,Fairway,roll,0.000,0
1811,7.5335,-6.735,9.868,14.172,0.000,9.846,0.021,Fairway,roll,0.000,0
1812,7.5377,-6.736,9.868,14.172,0.000,9.846,0.021,Fairway,roll,0.000,0
1813,7.5418,-6.736,9.868,14.172,0.000,9.846,0.021,Fairway,roll,0.000,0
1814,7.5460,-6.737,9.868,14.172,0.000,9.846,0.021,Fairway,roll,0.000,0
1815,7.5502,-6.737,9.868,14.171,0.000,9.846,0.021,Fairway,roll,0.000,0
1816,7.5543,-6.738,9.868,14.171,0.000,9.846,0.021,Fairway,roll,0.000,0
1817,7.5585,-6.738,9.868,14.171,0.000,9.846,0.021,Fairway,roll,0.000,0
1818,7.5627,-6.739,9.868,14.171,0.000,9.846,0.021,Fairway,roll,0.000,0
1819,7.5668,-6.739,9.868,14.171,0.000,9.846,0.021,Fairway,roll,0.000,0
1820,7.5710,-6.739,9.868,14.171,0.000,9.846,0.021,Fairway,roll,0.000,0
1821,7.5752,-6.740,9.868,14.170,0.000,9.846,0.021,Fairway,roll,0.000,0
1822,7.5793,-6.740,9.868,14.170,0.000,9.846,0.021,Fairway,roll,0.000,0
1823,7.5835,-6.741,9.868,14.170,0.000,9.846,0.021,Fairway,roll,0.000,0
1824,7.5876,-6.741,9.868,14.170,0.000,9.846,0.021,Fairway,roll,0.000,0
1825,7.5918,-6.742,9.868,14.170,0.000,9.846,0.021,Fairway,roll,0.000,0
1826,7.5960,-6.742,9.868,14.169,0.000,9.846,0.021,Fairway,roll,0.000,0
1827,7.6001,-6.743,9.868,14.169,0.000,9.846,0.021,Fairway,roll,0.000,0
1828,7.6043,-6.743,9.868,14.169,0.000,9.846,0.021,Fairway,roll,0.000,0
1829,7.6085,-6.743,9.868,14.169,0.000,9.846,0.021,Fairway,roll,0.000,0
1830,7.6126,-6.744,9.868,14.169,0.000,9.846,0.021,Fairway,roll,0.000,0
1831,7.6168,-6.744,9.868,14.168,0.000,9.846,0.021,Fairway,roll,0.000,0
1832,7.6210,-6.745,9.868,14.168,0.000,9.846,0.021,Fairway,roll,0.000,0
1833,7.6251,-6.745,9.868,14.168,0.000,9.846,0.021,Fairway,roll,0.000,0
1834,7.6293,-6.746,9.868,14.168,0.000,9.846,0.021,Fairway,roll,0.000,0
1835,7.6335,-6.746,9.868,14.168,0.000,9.846,0.021,Fairway,roll,0.000,0
1836,7.6376,-6.747,9.868,14.168,0.000,9.846,0.021,Fairway,roll,0.000,0
1837,7.6418,-6.747,9.868,14.167,0.000,9.846,0.021,Fairway,roll,0.000,0
1838,7.6460,-6.747,9.868,14.167,0.000,9.846,0.021,Fairway,roll,0.000,0
1839,7.6501,-6.748,9.868,14.167,0.000,9.846,0.021,Fairway,roll,0.000,0
1840,7.6543,-6.748,9.868,14.167,0.000,9.846,0.021,Fairway,roll,0.000,0
1841,7.6585,-6.749,9.868,14.167,0.000,9.846,0.021,Fairway,roll,0.000,0
1842,7.6626,-6.749,9.868,14.166,0.000,9.846,0.021,Fairway,roll,0.000,0
1843,7.6668,-6.750,9.868,14.166,0.000,9.846,0.021,Fairway,roll,0.000,0
1844,7.6710,-6.750,9.868,14.166,0.000,9.846,0.021,Fairway,roll,0.000,0
1845,7.6751,-6.751,9.868,14.166,0.000,9.846,0.021,Fairway,roll,0.000,0
1846,7.6793,-6.751,9.868,14.166,0.000,9.846,0.021,Fairway,roll,0.000,0
1847,7.6835,-6.751,9.868,14.166,0.000,9.846,0.021,Fairway,roll,0.000,0
1848,7.6876,-6.752,9.868,14.165,0.000,9.846,0.021,Fairway,roll,0.000,0
1849,7.6918,-6.752,9.868,14.165,0.000,9.846,0.021,Fairway,roll,0.000,0
1850,7.6960,-6.753,9.867,14.165,0.000,9.846,0.021,Fairway,roll,0.000,0
1851,7.7001,-6.753,9.867,14.165,0.000,9.846,0.021,Fairway,roll,0.000,0
1852,7.7043,-6.754,9.867,14.165,0.000,9.846,0.021,Fairway,roll,0.000,0
1853,7.7085,-6.754,9.867,14.164,0.000,9.846,0.021,Fairway,roll,0.000,0
1854,7.7126,-6.754,9.867,14.164,0.000,9.846,0.021,Fairway,roll,0.000,0
1855,7.7168,-6.755,9.867,14.164,0.000,9.846,0.021,Fairway,roll,0.000,0
1856,7.7209,-6.755,9.867,14.164,0.000,9.846,0.021,Fairway,roll,0.000,0
1857,7.7251,-6.756,9.867,14.164,0.000,9.846,0.021,Fairway,roll,0.000,0
1858,7.7293,-6.756,9.867,14.164,0.000,9.846,0.021,Fairway,roll,0.000,0
1859,7.7334,-6.757,9.867,14.163,0.000,9.846,0.021,Fairway,roll,0.000,0
1860,7.7376,-6.757,9.867,14.163,0.000,9.846,0.021,Fairway,roll,0.000,0
1861,7.7418,-6.757,9.867,14.163,0.000,9.846,0.021,Fairway,roll,0.000,0
1862,7.7459,-6.758,9.867,14.163,0.000,9.846,0.021,Fairway,roll,0.000,0
1863,7.7501,-6.758,9.867,14.163,0.000,9.846,0.021,Fairway,roll,0.000,0
1864,7.7543,-6.759,9.867,14.162,0.000,9.846,0.021,Fairway,roll,0.000,0
1865,7.7584,-6.759,9.867,14.162,0.000,9.846,0.021,Fairway,roll,0.000,0
1866,7.7626,-6.760,9.867,14.162,0.000,9.846,0.021,Fairway,roll,0.000,0
1867,7.7668,-6.760,9.867,14.162,0.000,9.846,0.021,Fairway,roll,0.000,0
1868,7.7709,-6.760,9.867,14.162,0.000,9.846,0.021,Fairway,roll,0.000,0
1869,7.7751,-6.761,9.867,14.162,0.000,9.846,0.021,Fairway,roll,0.000,0
1870,7.7793,-6.761,9.867,14.161,0.000,9.846,0.021,Fairway,roll,0.000,0
1871,7.7834,-6.762,9.867,14.161,0.000,9.846,0.021,Fairway,roll,0.000,0
1872,7.7876,-6.762,9.867,14.161,0.000,9.846,0.021,Fairway,roll,0.000,0
1873,7.7918,-6.762,9.867,14.161,0.000,9.846,0.021,Fairway,roll,0.000,0
1874,7.7959,-6.763,9.867,14.161,0.000,9.846,0.021,Fairway,roll,0.000,0
1875,7.8001,-6.763,9.867,14.160,0.000,9.846,0.021,Fairway,roll,0.000,0
1876,7.8043,-6.764,9.867,14.160,0.000,9.846,0.021,Fairway,roll,0.000,0
1877,7.8084,-6.764,9.867,14.160,0.000,9.846,0.021,Fairway,roll,0.000,0
1878,7.8126,-6.765,9.867,14.160,0.000,9.846,0.021,Fairway,roll,0.000,0
1879,7.8168,-6.765,9.867,14.160,0.000,9.846,0.021,Fairway,roll,0.000,0
1880,7.8209,-6.765,9.867,14.160,0.000,9.846,0.021,Fairway,roll,0.000,0
1881,7.8251,-6.766,9.867,14.159,0.000,9.846,0.021,Fairway,roll,0.000,0
1882,7.8293,-6.766,9.867,14.159,0.000,9.846,0.021,Fairway,roll,0.000,0
1883,7.8334,-6.767,9.867,14.159,0.000,9.846,0.021,Fairway,roll,0.000,0
1884,7.8376,-6.767,9.867,14.159,0.000,9.846,0.021,Fairway,roll,0.000,0
1885,7.8418,-6.768,9.867,14.159,0.000,9.846,0.021,Fairway,roll,0.000,0
1886,7.8459,-6.768,9.867,14.158,0.000,9.846,0.021,Fairway,roll,0.000,0
1887,7.8501,-6.768,9.867,14.158,0.000,9.846,0.021,Fairway,roll,0.000,0
1888,7.8542,-6.769,9.867,14.158,0.000,9.846,0.021,Fairway,roll,0.000,0
1889,7.8584,-6.769,9.867,14.158,0.000,9.846,0.021,Fairway,roll,0.000,0
1890,7.8626,-6.770,9.867,14.158,0.000,9.846,0.021,Fairway,roll,0.000,0
1891,7.8667,-6.770,9.867,14.158,0.000,9.846,0.021,Fairway,roll,0.000,0
1892,7.8709,-6.771,9.867,14.157,0.000,9.846,0.021,Fairway,roll,0.000,0
1893,7.8751,-6.771,9.867,14.157,0.000,9.846,0.021,Fairway,roll,0.000,0
1894,7.8792,-6.771,9.867,14.157,0.000,9.846,0.021,Fairway,roll,0.000,0
1895,7.8834,-6.772,9.867,14.157,0.000,9.845,0.021,Fairway,roll,0.000,0
1896,7.8876,-6.772,9.867,14.157,0.000,9.845,0.021,Fairway,roll,0.000,0
1897,7.8917,-6.773,9.867,14.156,0.000,9.845,0.021,Fairway,roll,0.000,0
1898,7.8959,-6.773,9.867,14.156,0.000,9.845,0.021,Fairway,roll,0.000,0
1899,7.9001,-6.774,9.867,14.156,0.000,9.845,0.021,Fairway,roll,0.000,0
1900,7.9042,-6.774,9.867,14.156,0.000,9.845,0.021,Fairway,roll,0.000,0
1901,7.9084,-6.774,9.867,14.156,0.000,9.845,0.021,Fairway,roll,0.000,0
1902,7.9126,-6.775,9.867,14.155,0.000,9.845,0.021,Fairway,roll,0.000,0
1903,7.9167,-6.775,9.867,14.155,0.000,9.845,0.021,Fairway,roll,0.000,0
1904,7.9209,-6.776,9.867,14.155,0.000,9.845,0.021,Fairway,roll,0.000,0
1905,7.9251,-6.776,9.867,14.155,0.000,9.845,0.021,Fairway,roll,0.000,0
1906,7.9292,-6.777,9.867,14.155,0.000,9.845,0.021,Fairway,roll,0.000,0
1907,7.9334,-6.777,9.867,14.155,0.000,9.845,0.021,Fairway,roll,0.000,0
1908,7.9376,-6.777,9.867,14.154,0.000,9.845,0.021,Fairway,roll,0.000,0
1909,7.9417,-6.778,9.867,14.154,0.000,9.845,0.021,Fairway,roll,0.000,0
1910,7.9459,-6.778,9.867,14.154,0.000,9.845,0.021,Fairway,roll,0.000,0
1911,7.9501,-6.779,9.867,14.154,0.000,9.845,0.021,Fairway,roll,0.000,0
1912,7.9542,-6.779,9.867,14.154,0.000,9.845,0.021,Fairway,roll,0.000,0
1913,7.9584,-6.779,9.867,14.153,0.000,9.845,0.021,Fairway,roll,0.000,0
1914,7.9626,-6.780,9.867,14.153,0.000,9.845,0.021,Fairway,roll,0.000,0
1915,7.9667,-6.780,9.867,14.153,0.000,9.845,0.021,Fairway,roll,0.000,0
1916,7.9709,-6.781,9.867,14.153,0.000,9.845,0.021,Fairway,roll,0.000,0
1917,7.9751,-6.781,9.867,14.153,0.000,9.845,0.021,Fairway,roll,0.000,0
1918,7.9792,-6.782,9.867,14.153,0.000,9.845,0.021,Fairway,roll,0.000,0
1919,7.9834,-6.782,9.867,14.152,0.000,9.845,0.021,Fairway,roll,0.000,0
1920,7.9875,-6.782,9.867,14.152,0.000,9.845,0.021,Fairway,roll,0.000,0
1921,7.9917,-6.783,9.867,14.152,0.000,9.845,0.021,Fairway,roll,0.000,0
1922,7.9959,-6.783,9.867,14.152,0.000,9.845,0.021,Fairway,roll,0.000,0
1923,8.0000,-6.784,9.867,14.152,0.000,9.845,0.021,Fairway,roll,0.000,0
1924,8.0042,-6.784,9.867,14.152,0.000,9.845,0.021,Fairway,roll,0.000,0
1925,8.0084,-6.784,9.867,14.151,0.000,9.845,0.021,Fairway,roll,0.000,0
1926,8.0125,-6.785,9.867,14.151,0.000,9.845,0.021,Fairway,roll,0.000,0
1927,8.0167,-6.785,9.867,14.151,0.000,9.845,0.021,Fairway,roll,0.000,0
1928,8.0209,-6.786,9.867,14.151,0.000,9.845,0.021,Fairway,roll,0.000,0
1929,8.0250,-6.786,9.867,14.151,0.000,9.845,0.021,Fairway,roll,0.000,0
1930,8.0292,-6.786,9.867,14.151,0.000,9.845,0.021,Fairway,roll,0.000,0
1931,8.0334,-6.787,9.867,14.150,0.000,9.845,0.021,Fairway,roll,0.000,0
1932,8.0375,-6.787,9.867,14.150,0.000,9.845,0.021,Fairway,roll,0.000,0
1933,8.0417,-6.788,9.866,14.150,0.000,9.845,0.021,Fairway,roll,0.000,0
1934,8.0459,-6.788,9.866,14.150,0.000,9.845,0.021,Fairway,roll,0.000,0
1935,8.0500,-6.789,9.866,14.150,0.000,9.845,0.021,Fairway,roll,0.000,0
1936,8.0542,-6.789,9.866,14.150,0.000,9.845,0.021,Fairway,roll,0.000,0
1937,8.0584,-6.789,9.866,14.149,0.000,9.845,0.021,Fairway,roll,0.000,0
1938,8.0625,-6.790,9.866,14.149,0.000,9.845,0.021,Fairway,roll,0.000,0
1939,8.0667,-6.790,9.866,14.149,0.000,9.845,0.021,Fairway,roll,0.000,0
1940,8.0709,-6.791,9.866,14.149,0.000,9.845,0.021,Fairway,roll,0.000,0
1941,8.0750,-6.791,9.866,14.149,0.000,9.845,0.021,Fairway,roll,0.000,0
1942,8.0792,-6.791,9.866,14.149,0.000,9.845,0.021,Fairway,roll,0.000,0
1943,8.0834,-6.792,9.866,14.148,0.000,9.845,0.021,Fairway,roll,0.000,0
1944,8.0875,-6.792,9.866,14.148,0.000,9.845,0.021,Fairway,roll,0.000,0
1945,8.0917,-6.793,9.866,14.148,0.000,9.845,0.021,Fairway,roll,0.000,0
1946,8.0959,-6.793,9.866,14.148,0.000,9.845,0.021,Fairway,roll,0.000,0
1947,8.1000,-6.793,9.866,14.148,0.000,9.845,0.021,Fairway,roll,0.000,0
1948,8.1042,-6.794,9.866,14.148,0.000,9.845,0.021,Fairway,roll,0.000,0
1949,8.1084,-6.794,9.866,14.147,0.000,9.845,0.021,Fairway,roll,0.000,0
1950,8.1125,-6.795,9.866,14.147,0.000,9.845,0.021,Fairway,roll,0.000,0
1951,8.1167,-6.795,9.866,14.147,0.000,9.845,0.021,Fairway,roll,0.000,0
1952,8.1209,-6.796,9.866,14.147,0.000,9.845,0.021,Fairway,roll,0.000,0
1953,8.1250,-6.796,9.866,14.147,0.000,9.845,0.021,Fairway,roll,0.000,0
1954,8.1292,-6.796,9.866,14.147,0.000,9.845,0.021,Fairway,roll,0.000,0
1955,8.1333,-6.797,9.866,14.146,0.000,9.845,0.021,Fairway,roll,0.000,0
1956,8.1375,-6.797,9.866,14.146,0.000,9.845,0.021,Fairway,roll,0.000,0
1957,8.1417,-6.798,9.866,14.146,0.000,9.845,0.021,Fairway,roll,0.000,0
1958,8.1458,-6.798,9.866,14.146,0.000,9.845,0.021,Fairway,roll,0.000,0
1959,8.1500,-6.798,9.866,14.146,0.000,9.845,0.021,Fairway,roll,0.000,0
1960,8.1542,-6.799,9.866,14.146,0.000,9.845,0.021,Fairway,roll,0.000,0
1961,8.1583,-6.799,9.866,14.145,0.000,9.845,0.021,Fairway,roll,0.000,0
1962,8.1625,-6.800,9.866,14.145,0.000,9.845,0.021,Fairway,roll,0.000,0
1963,8.1667,-6.800,9.866,14.145,0.000,9.845,0.021,Fairway,roll,0.000,0
1964,8.1708,-6.800,9.866,14.145,0.000,9.845,0.021,Fairway,roll,0.000,0
1965,8.1750,-6.801,9.866,14.145,0.000,9.845,0.021,Fairway,roll,0.000,0
1966,8.1792,-6.801,9.866,14.145,0.000,9.845,0.021,Fairway,roll,0.000,0
1967,8.1833,-6.802,9.866,14.144,0.000,9.845,0.021,Fairway,roll,0.000,0
1968,8.1875,-6.802,9.866,14.144,0.000,9.845,0.021,Fairway,roll,0.000,0
1969,8.1917,-6.802,9.866,14.144,0.000,9.845,0.021,Fairway,roll,0.000,0
1970,8.1958,-6.803,9.866,14.144,0.000,9.845,0.021,Fairway,roll,0.000,0
1971,8.2000,-6.803,9.866,14.144,0.000,9.845,0.021,Fairway,roll,0.000,0
1972,8.2042,-6.804,9.866,14.144,0.000,9.845,0.021,Fairway,roll,0.000,0
1973,8.2083,-6.804,9.866,14.143,0.000,9.845,0.021,Fairway,roll,0.000,0
1974,8.2125,-6.804,9.866,14.143,0.000,9.845,0.021,Fairway,roll,0.000,0
1975,8.2167,-6.805,9.866,14.143,0.000,9.845,0.021,Fairway,roll,0.000,0
1976,8.2208,-6.805,9.866,14.143,0.000,9.844,0.021,Fairway,roll,0.000,0
1977,8.2250,-6.806,9.866,14.143,0.000,9.844,0.021,Fairway,roll,0.000,0
1978,8.2292,-6.806,9.866,14.143,0.000,9.844,0.021,Fairway,roll,0.000,0
1979,8.2333,-6.806,9.866,14.142,0.000,9.844,0.021,Fairway,roll,0.000,0
1980,8.2375,-6.807,9.866,14.142,0.000,9.844,0.021,Fairway,roll,0.000,0
1981,8.2417,-6.807,9.866,14.142,0.000,9.844,0.021,Fairway,roll,0.000,0
1982,8.2458,-6.808,9.866,14.142,0.000,9.844,0.021,Fairway,roll,0.000,0
1983,8.2500,-6.808,9.866,14.142,0.000,9.844,0.021,Fairway,roll,0.000,0
1984,8.2542,-6.808,9.866,14.142,0.000,9.844,0.021,Fairway,roll,0.000,0
1985,8.2583,-6.809,9.866,14.141,0.000,9.844,0.021,Fairway,roll,0.000,0
1986,8.2625,-6.809,9.866,14.141,0.000,9.844,0.021,Fairway,roll,0.000,0
1987,8.2666,-6.810,9.866,14.141,0.000,9.844,0.021,Fairway,roll,0.000,0
1988,8.2708,-6.810,9.866,14.141,0.000,9.844,0.021,Fairway,roll,0.000,0
1989,8.2750,-6.810,9.866,14.141,0.000,9.844,0.021,Fairway,roll,0.000,0
1990,8.2791,-6.811,9.866,14.141,0.000,9.844,0.021,Fairway,roll,0.000,0
1991,8.2833,-6.811,9.866,14.140,0.000,9.844,0.021,Fairway,roll,0.000,0
1992,8.2875,-6.812,9.866,14.140,0.000,9.844,0.021,Fairway,roll,0.000,0
1993,8.2916,-6.812,9.866,14.140,0.000,9.844,0.021,Fairway,roll,0.000,0
1994,8.2958,-6.812,9.866,14.140,0.000,9.844,0.021,Fairway,roll,0.000,0
1995,8.3000,-6.813,9.866,14.140,0.000,9.844,0.021,Fairway,roll,0.000,0
1996,8.3041,-6.813,9.866,14.140,0.000,9.844,0.021,Fairway,roll,0.000,0
1997,8.3083,-6.814,9.866,14.139,0.000,9.844,0.021,Fairway,roll,0.000,0
1998,8.3125,-6.814,9.865,14.139,0.000,9.844,0.021,Fairway,roll,0.000,0
1999,8.3166,-6.814,9.865,14.139,0.000,9.844,0.021,Fairway,roll,0.000,0
2000,8.3208,-6.815,9.865,14.139,0.000,9.844,0.021,Fairway,roll,0.000,0
2001,8.3250,-6.815,9.865,14.139,0.000,9.844,0.021,Fairway,roll,0.000,0
2002,8.3291,-6.816,9.865,14.139,0.000,9.844,0.021,Fairway,roll,0.000,0
2003,8.3333,-6.816,9.865,14.138,0.000,9.844,0.021,Fairway,roll,0.000,0
2004,8.3375,-6.816,9.865,14.138,0.000,9.844,0.021,Fairway,roll,0.000,0
2005,8.3416,-6.817,9.865,14.138,0.000,9.844,0.021,Fairway,roll,0.000,0
2006,8.3458,-6.817,9.865,14.138,0.000,9.844,0.021,Fairway,roll,0.000,0
2007,8.3500,-6.818,9.865,14.138,0.000,9.844,0.021,Fairway,roll,0.000,0
2008,8.3541,-6.818,9.865,14.138,0.000,9.844,0.021,Fairway,roll,0.000,0
2009,8.3583,-6.818,9.865,14.137,0.000,9.844,0.021,Fairway,roll,0.000,0
2010,8.3625,-6.819,9.865,14.137,0.000,9.844,0.021,Fairway,roll,0.000,0
2011,8.3666,-6.819,9.865,14.137,0.000,9.844,0.021,Fairway,roll,0.000,0
2012,8.3708,-6.820,9.865,14.137,0.000,9.844,0.021,Fairway,roll,0.000,0
2013,8.3750,-6.820,9.865,14.137,0.000,9.844,0.021,Fairway,roll,0.000,0
2014,8.3791,-6.820,9.865,14.136,0.000,9.844,0.021,Fairway,roll,0.000,0
2015,8.3833,-6.821,9.865,14.136,0.000,9.844,0.021,Fairway,roll,0.000,0
2016,8.3875,-6.821,9.865,14.136,0.000,9.844,0.021,Fairway,roll,0.000,0
2017,8.3916,-6.821,9.865,14.136,0.000,9.844,0.021,Fairway,roll,0.000,0
2018,8.3958,-6.822,9.865,14.136,0.000,9.844,0.021,Fairway,roll,0.000,0
2019,8.3999,-6.822,9.865,14.136,0.000,9.844,0.021,Fairway,roll,0.000,0
2020,8.4041,-6.823,9.865,14.135,0.000,9.844,0.021,Fairway,roll,0.000,0
2021,8.4083,-6.823,9.865,14.135,0.000,9.844,0.021,Fairway,roll,0.000,0
2022,8.4124,-6.823,9.865,14.135,0.000,9.844,0.021,Fairway,roll,0.000,0
2023,8.4166,-6.824,9.865,14.135,0.000,9.844,0.021,Fairway,roll,0.000,0
2024,8.4208,-6.824,9.865,14.135,0.000,9.844,0.021,Fairway,roll,0.000,0
