frame,time,x,y,z,vy,groundY,signedDist,zoneType,phase,dGroundY,zoneFlip
0,0.0000,39.378,10.851,32.220,10.565,10.831,0.020,Fairway,airborne,0.000,0
1,0.0042,39.290,10.895,32.186,10.511,10.830,0.066,Fairway,airborne,-0.002,0
2,0.0083,39.202,10.939,32.152,10.456,10.828,0.111,Fairway,airborne,-0.002,0
3,0.0125,39.115,10.982,32.117,10.402,10.826,0.156,Fairway,airborne,-0.002,0
4,0.0167,39.027,11.026,32.083,10.347,10.825,0.201,Fairway,airborne,-0.002,0
5,0.0208,38.940,11.069,32.049,10.293,10.823,0.246,Fairway,airborne,-0.002,0
6,0.0250,38.853,11.111,32.015,10.239,10.821,0.290,Fairway,airborne,-0.002,0
7,0.0292,38.766,11.154,31.981,10.185,10.820,0.334,Fairway,airborne,-0.002,0
8,0.0333,38.678,11.196,31.947,10.131,10.818,0.378,Fairway,airborne,-0.002,0
9,0.0375,38.592,11.238,31.913,10.077,10.816,0.422,Fairway,airborne,-0.002,0
10,0.0417,38.505,11.280,31.879,10.023,10.814,0.466,Fairway,airborne,-0.002,0
11,0.0458,38.418,11.322,31.845,9.970,10.813,0.509,Fairway,airborne,-0.002,0
12,0.0500,38.331,11.363,31.811,9.916,10.811,0.552,Fairway,airborne,-0.002,0
13,0.0542,38.245,11.404,31.777,9.863,10.809,0.595,Fairway,airborne,-0.002,0
14,0.0583,38.159,11.445,31.743,9.810,10.808,0.638,Fairway,airborne,-0.002,0
15,0.0625,38.072,11.486,31.710,9.757,10.806,0.680,Fairway,airborne,-0.002,0
16,0.0667,37.986,11.527,31.676,9.704,10.804,0.722,Fairway,airborne,-0.002,0
17,0.0708,37.900,11.567,31.642,9.651,10.803,0.764,Fairway,airborne,-0.002,0
18,0.0750,37.814,11.607,31.609,9.598,10.801,0.806,Fairway,airborne,-0.002,0
19,0.0791,37.728,11.647,31.575,9.546,10.799,0.848,Fairway,airborne,-0.002,0
20,0.0833,37.643,11.687,31.542,9.493,10.797,0.889,Fairway,airborne,-0.002,0
21,0.0875,37.557,11.726,31.508,9.441,10.796,0.930,Fairway,airborne,-0.002,0
22,0.0916,37.471,11.765,31.475,9.388,10.794,0.971,Fairway,airborne,-0.002,0
23,0.0958,37.386,11.804,31.441,9.336,10.792,1.012,Fairway,airborne,-0.002,0
24,0.1000,37.301,11.843,31.408,9.284,10.791,1.052,Fairway,airborne,-0.002,0
25,0.1041,37.215,11.881,31.374,9.232,10.789,1.093,Fairway,airborne,-0.002,0
26,0.1083,37.130,11.920,31.341,9.180,10.787,1.133,Fairway,airborne,-0.002,0
27,0.1125,37.045,11.958,31.308,9.128,10.786,1.172,Fairway,airborne,-0.002,0
28,0.1166,36.960,11.996,31.275,9.077,10.784,1.212,Fairway,airborne,-0.002,0
29,0.1208,36.876,12.034,31.242,9.025,10.782,1.251,Fairway,airborne,-0.002,0
30,0.1250,36.791,12.071,31.208,8.974,10.781,1.290,Fairway,airborne,-0.002,0
31,0.1291,36.706,12.108,31.175,8.922,10.779,1.329,Fairway,airborne,-0.002,0
32,0.1333,36.622,12.145,31.142,8.871,10.777,1.368,Fairway,airborne,-0.002,0
33,0.1375,36.537,12.182,31.109,8.820,10.775,1.407,Fairway,airborne,-0.002,0
34,0.1416,36.453,12.219,31.076,8.769,10.774,1.445,Fairway,airborne,-0.002,0
35,0.1458,36.369,12.255,31.043,8.718,10.772,1.483,Fairway,airborne,-0.002,0
36,0.1500,36.285,12.291,31.010,8.667,10.770,1.521,Fairway,airborne,-0.002,0
37,0.1541,36.201,12.327,30.978,8.616,10.768,1.559,Fairway,airborne,-0.002,0
38,0.1583,36.117,12.363,30.945,8.565,10.766,1.597,Fairway,airborne,-0.002,0
39,0.1625,36.033,12.399,30.912,8.515,10.765,1.634,Fairway,airborne,-0.002,0
40,0.1666,35.949,12.434,30.879,8.464,10.763,1.671,Fairway,airborne,-0.002,0
41,0.1708,35.865,12.469,30.846,8.414,10.762,1.708,Fairway,airborne,-0.002,0
42,0.1750,35.782,12.504,30.814,8.363,10.760,1.744,Fairway,airborne,-0.002,0
43,0.1791,35.699,12.539,30.781,8.313,10.758,1.781,Fairway,airborne,-0.002,0
44,0.1833,35.615,12.573,30.749,8.263,10.757,1.817,Fairway,airborne,-0.002,0
45,0.1875,35.532,12.608,30.716,8.213,10.755,1.853,Fairway,airborne,-0.002,0
46,0.1916,35.449,12.642,30.683,8.163,10.753,1.889,Fairway,airborne,-0.002,0
47,0.1958,35.366,12.676,30.651,8.113,10.752,1.924,Fairway,airborne,-0.002,0
48,0.2000,35.283,12.709,30.619,8.063,10.750,1.960,Fairway,airborne,-0.002,0
49,0.2041,35.200,12.743,30.586,8.013,10.748,1.995,Fairway,airborne,-0.002,0
50,0.2083,35.117,12.776,30.554,7.964,10.746,2.030,Fairway,airborne,-0.002,0
51,0.2124,35.034,12.809,30.521,7.914,10.744,2.065,Fairway,airborne,-0.002,0
52,0.2166,34.952,12.842,30.489,7.865,10.743,2.100,Fairway,airborne,-0.002,0
53,0.2208,34.869,12.875,30.457,7.815,10.741,2.134,Fairway,airborne,-0.002,0
54,0.2249,34.787,12.907,30.425,7.766,10.739,2.168,Fairway,airborne,-0.002,0
55,0.2291,34.704,12.939,30.392,7.717,10.737,2.202,Fairway,airborne,-0.002,0
56,0.2333,34.622,12.971,30.360,7.668,10.736,2.236,Fairway,airborne,-0.002,0
57,0.2374,34.540,13.003,30.328,7.619,10.734,2.270,Fairway,airborne,-0.002,0
58,0.2416,34.458,13.035,30.296,7.570,10.732,2.303,Fairway,airborne,-0.002,0
59,0.2458,34.376,13.066,30.264,7.521,10.730,2.336,Fairway,airborne,-0.002,0
60,0.2499,34.294,13.098,30.232,7.472,10.728,2.369,Fairway,airborne,-0.002,0
61,0.2541,34.212,13.129,30.200,7.423,10.726,2.402,Fairway,airborne,-0.002,0
62,0.2583,34.130,13.159,30.168,7.374,10.725,2.435,Fairway,airborne,-0.002,0
63,0.2624,34.049,13.190,30.136,7.326,10.723,2.467,Fairway,airborne,-0.002,0
64,0.2666,33.967,13.220,30.104,7.277,10.721,2.499,Fairway,airborne,-0.002,0
65,0.2708,33.886,13.251,30.072,7.229,10.719,2.531,Fairway,airborne,-0.002,0
66,0.2749,33.804,13.281,30.040,7.181,10.717,2.563,Fairway,airborne,-0.002,0
67,0.2791,33.723,13.310,30.008,7.132,10.716,2.595,Fairway,airborne,-0.002,0
68,0.2833,33.642,13.340,29.977,7.084,10.714,2.626,Fairway,airborne,-0.002,0
69,0.2874,33.561,13.369,29.945,7.036,10.712,2.658,Fairway,airborne,-0.002,0
70,0.2916,33.480,13.399,29.913,6.988,10.710,2.688,Fairway,airborne,-0.002,0
71,0.2958,33.399,13.428,29.882,6.940,10.708,2.719,Fairway,airborne,-0.002,0
72,0.2999,33.318,13.456,29.850,6.892,10.707,2.750,Fairway,airborne,-0.002,0
73,0.3041,33.237,13.485,29.818,6.844,10.705,2.780,Fairway,airborne,-0.002,0
74,0.3083,33.156,13.513,29.787,6.796,10.703,2.810,Fairway,airborne,-0.002,0
75,0.3124,33.075,13.542,29.755,6.749,10.701,2.840,Fairway,airborne,-0.002,0
76,0.3166,32.995,13.570,29.724,6.701,10.700,2.870,Fairway,airborne,-0.002,0
77,0.3208,32.914,13.597,29.692,6.653,10.698,2.900,Fairway,airborne,-0.002,0
78,0.3249,32.834,13.625,29.661,6.606,10.696,2.929,Fairway,airborne,-0.002,0
79,0.3291,32.754,13.652,29.629,6.559,10.694,2.958,Fairway,airborne,-0.002,0
80,0.3333,32.673,13.680,29.598,6.511,10.693,2.987,Fairway,airborne,-0.002,0
81,0.3374,32.593,13.707,29.567,6.464,10.691,3.016,Fairway,airborne,-0.002,0
82,0.3416,32.513,13.733,29.535,6.417,10.689,3.044,Fairway,airborne,-0.002,0
83,0.3457,32.433,13.760,29.504,6.369,10.687,3.073,Fairway,airborne,-0.002,0
84,0.3499,32.353,13.787,29.473,6.322,10.685,3.101,Fairway,airborne,-0.002,0
85,0.3541,32.273,13.813,29.441,6.275,10.684,3.129,Fairway,airborne,-0.002,0
86,0.3582,32.194,13.839,29.410,6.228,10.682,3.157,Fairway,airborne,-0.002,0
87,0.3624,32.114,13.865,29.379,6.181,10.680,3.185,Fairway,airborne,-0.002,0
88,0.3666,32.034,13.890,29.348,6.135,10.678,3.212,Fairway,airborne,-0.002,0
89,0.3707,31.955,13.916,29.317,6.088,10.676,3.240,Fairway,airborne,-0.002,0
90,0.3749,31.875,13.941,29.286,6.041,10.674,3.267,Fairway,airborne,-0.002,0
91,0.3791,31.796,13.966,29.255,5.994,10.673,3.293,Fairway,airborne,-0.002,0
92,0.3832,31.717,13.991,29.224,5.948,10.671,3.320,Fairway,airborne,-0.002,0
93,0.3874,31.638,14.016,29.193,5.901,10.669,3.347,Fairway,airborne,-0.002,0
94,0.3916,31.558,14.040,29.162,5.855,10.667,3.373,Fairway,airborne,-0.002,0
95,0.3957,31.479,14.064,29.131,5.809,10.665,3.399,Fairway,airborne,-0.002,0
96,0.3999,31.400,14.088,29.100,5.762,10.664,3.425,Fairway,airborne,-0.002,0
97,0.4041,31.321,14.112,29.069,5.716,10.662,3.450,Fairway,airborne,-0.002,0
98,0.4082,31.243,14.136,29.038,5.670,10.660,3.476,Fairway,airborne,-0.002,0
99,0.4124,31.164,14.160,29.007,5.624,10.658,3.501,Fairway,airborne,-0.002,0
100,0.4166,31.085,14.183,28.977,5.577,10.657,3.526,Fairway,airborne,-0.002,0
101,0.4207,31.006,14.206,28.946,5.531,10.655,3.551,Fairway,airborne,-0.002,0
102,0.4249,30.928,14.229,28.915,5.485,10.653,3.576,Fairway,airborne,-0.002,0
103,0.4291,30.849,14.252,28.884,5.439,10.651,3.601,Fairway,airborne,-0.002,0
104,0.4332,30.771,14.274,28.854,5.394,10.649,3.625,Fairway,airborne,-0.002,0
105,0.4374,30.693,14.297,28.823,5.348,10.648,3.649,Fairway,airborne,-0.002,0
106,0.4416,30.614,14.319,28.793,5.302,10.646,3.673,Fairway,airborne,-0.002,0
107,0.4457,30.536,14.341,28.762,5.256,10.644,3.697,Fairway,airborne,-0.002,0
108,0.4499,30.458,14.363,28.731,5.211,10.642,3.720,Fairway,airborne,-0.002,0
109,0.4541,30.380,14.384,28.701,5.165,10.641,3.744,Fairway,airborne,-0.002,0
110,0.4582,30.302,14.406,28.670,5.120,10.639,3.767,Fairway,airborne,-0.002,0
111,0.4624,30.224,14.427,28.640,5.074,10.637,3.790,Fairway,airborne,-0.002,0
112,0.4666,30.146,14.448,28.609,5.029,10.635,3.813,Fairway,airborne,-0.002,0
113,0.4707,30.069,14.469,28.579,4.983,10.633,3.836,Fairway,airborne,-0.002,0
114,0.4749,29.991,14.489,28.549,4.938,10.631,3.858,Fairway,airborne,-0.002,0
115,0.4790,29.913,14.510,28.518,4.893,10.629,3.881,Fairway,airborne,-0.002,0
116,0.4832,29.836,14.530,28.488,4.847,10.628,3.903,Fairway,airborne,-0.002,0
117,0.4874,29.758,14.550,28.458,4.802,10.626,3.925,Fairway,airborne,-0.002,0
118,0.4915,29.681,14.570,28.427,4.757,10.624,3.946,Fairway,airborne,-0.002,0
119,0.4957,29.603,14.590,28.397,4.712,10.622,3.968,Fairway,airborne,-0.002,0
120,0.4999,29.526,14.609,28.367,4.667,10.620,3.989,Fairway,airborne,-0.002,0
121,0.5040,29.449,14.629,28.337,4.622,10.619,4.010,Fairway,airborne,-0.002,0
122,0.5082,29.372,14.648,28.306,4.577,10.617,4.031,Fairway,airborne,-0.002,0
123,0.5124,29.295,14.667,28.276,4.532,10.615,4.052,Fairway,airborne,-0.002,0
124,0.5165,29.218,14.686,28.246,4.488,10.613,4.072,Fairway,airborne,-0.002,0
125,0.5207,29.141,14.704,28.216,4.443,10.611,4.093,Fairway,airborne,-0.002,0
126,0.5249,29.064,14.723,28.186,4.398,10.610,4.113,Fairway,airborne,-0.002,0
127,0.5290,28.987,14.741,28.156,4.353,10.608,4.133,Fairway,airborne,-0.002,0
128,0.5332,28.910,14.759,28.126,4.309,10.606,4.153,Fairway,airborne,-0.002,0
129,0.5374,28.834,14.777,28.096,4.264,10.604,4.173,Fairway,airborne,-0.002,0
130,0.5415,28.757,14.794,28.066,4.220,10.602,4.192,Fairway,airborne,-0.002,0
131,0.5457,28.680,14.812,28.036,4.175,10.600,4.212,Fairway,airborne,-0.002,0
132,0.5499,28.604,14.829,28.006,4.131,10.598,4.231,Fairway,airborne,-0.002,0
133,0.5540,28.528,14.846,27.976,4.086,10.596,4.250,Fairway,airborne,-0.002,0
134,0.5582,28.451,14.863,27.946,4.042,10.594,4.269,Fairway,airborne,-0.002,0
135,0.5624,28.375,14.880,27.917,3.998,10.593,4.287,Fairway,airborne,-0.002,0
136,0.5665,28.299,14.896,27.887,3.954,10.591,4.306,Fairway,airborne,-0.002,0
137,0.5707,28.223,14.913,27.857,3.909,10.589,4.324,Fairway,airborne,-0.002,0
138,0.5749,28.147,14.929,27.827,3.865,10.587,4.342,Fairway,airborne,-0.002,0
139,0.5790,28.070,14.945,27.797,3.821,10.586,4.359,Fairway,airborne,-0.002,0
140,0.5832,27.995,14.961,27.768,3.777,10.584,4.377,Fairway,airborne,-0.002,0
141,0.5874,27.919,14.976,27.738,3.733,10.582,4.394,Fairway,airborne,-0.002,0
142,0.5915,27.843,14.992,27.708,3.689,10.581,4.411,Fairway,airborne,-0.002,0
143,0.5957,27.767,15.007,27.679,3.645,10.579,4.428,Fairway,airborne,-0.002,0
144,0.5999,27.691,15.022,27.649,3.601,10.577,4.445,Fairway,airborne,-0.002,0
145,0.6040,27.616,15.037,27.620,3.558,10.576,4.462,Fairway,airborne,-0.002,0
146,0.6082,27.540,15.052,27.590,3.514,10.574,4.478,Fairway,airborne,-0.002,0
147,0.6124,27.465,15.066,27.560,3.470,10.572,4.494,Fairway,airborne,-0.002,0
148,0.6165,27.389,15.081,27.531,3.426,10.571,4.510,Fairway,airborne,-0.002,0
149,0.6207,27.314,15.095,27.501,3.383,10.569,4.526,Fairway,airborne,-0.002,0
150,0.6248,27.238,15.109,27.472,3.339,10.567,4.542,Fairway,airborne,-0.002,0
151,0.6290,27.163,15.123,27.443,3.296,10.565,4.558,Fairway,airborne,-0.002,0
152,0.6332,27.088,15.136,27.413,3.252,10.563,4.573,Fairway,airborne,-0.002,0
153,0.6373,27.013,15.150,27.384,3.209,10.562,4.588,Fairway,airborne,-0.002,0
154,0.6415,26.938,15.163,27.354,3.165,10.560,4.603,Fairway,airborne,-0.002,0
155,0.6457,26.863,15.176,27.325,3.122,10.558,4.618,Fairway,airborne,-0.002,0
156,0.6498,26.788,15.189,27.296,3.078,10.556,4.633,Fairway,airborne,-0.002,0
157,0.6540,26.713,15.202,27.266,3.035,10.555,4.647,Fairway,airborne,-0.002,0
158,0.6582,26.638,15.214,27.237,2.992,10.553,4.662,Fairway,airborne,-0.002,0
159,0.6623,26.563,15.227,27.208,2.948,10.551,4.676,Fairway,airborne,-0.002,0
160,0.6665,26.489,15.239,27.179,2.905,10.549,4.690,Fairway,airborne,-0.002,0
161,0.6707,26.414,15.251,27.149,2.862,10.547,4.704,Fairway,airborne,-0.002,0
162,0.6748,26.339,15.263,27.120,2.819,10.545,4.718,Fairway,airborne,-0.002,0
163,0.6790,26.265,15.274,27.091,2.776,10.543,4.731,Fairway,airborne,-0.002,0
164,0.6832,26.190,15.286,27.062,2.733,10.541,4.745,Fairway,airborne,-0.002,0
165,0.6873,26.116,15.297,27.033,2.690,10.539,4.758,Fairway,airborne,-0.002,0
166,0.6915,26.041,15.308,27.004,2.647,10.537,4.771,Fairway,airborne,-0.002,0
167,0.6957,25.967,15.319,26.975,2.604,10.536,4.783,Fairway,airborne,-0.002,0
168,0.6998,25.893,15.330,26.946,2.561,10.534,4.796,Fairway,airborne,-0.002,0
169,0.7040,25.819,15.341,26.917,2.518,10.532,4.808,Fairway,airborne,-0.002,0
170,0.7082,25.745,15.351,26.888,2.475,10.531,4.820,Fairway,airborne,-0.002,0
171,0.7123,25.671,15.361,26.859,2.433,10.529,4.832,Fairway,airborne,-0.002,0
172,0.7165,25.597,15.371,26.830,2.390,10.527,4.844,Fairway,airborne,-0.002,0
173,0.7207,25.523,15.381,26.801,2.347,10.526,4.855,Fairway,airborne,-0.002,0
174,0.7248,25.449,15.391,26.772,2.305,10.524,4.867,Fairway,airborne,-0.002,0
175,0.7290,25.375,15.400,26.743,2.262,10.522,4.878,Fairway,airborne,-0.002,0
176,0.7332,25.301,15.410,26.714,2.219,10.521,4.889,Fairway,airborne,-0.002,0
177,0.7373,25.227,15.419,26.685,2.177,10.519,4.900,Fairway,airborne,-0.002,0
178,0.7415,25.154,15.428,26.657,2.134,10.517,4.910,Fairway,airborne,-0.002,0
179,0.7457,25.080,15.436,26.628,2.092,10.515,4.921,Fairway,airborne,-0.002,0
180,0.7498,25.007,15.445,26.599,2.049,10.514,4.931,Fairway,airborne,-0.002,0
181,0.7540,24.933,15.454,26.570,2.007,10.512,4.941,Fairway,airborne,-0.002,0
182,0.7581,24.860,15.462,26.542,1.965,10.510,4.951,Fairway,airborne,-0.002,0
183,0.7623,24.786,15.470,26.513,1.922,10.509,4.961,Fairway,airborne,-0.002,0
184,0.7665,24.713,15.478,26.484,1.880,10.507,4.971,Fairway,airborne,-0.002,0
185,0.7706,24.640,15.486,26.455,1.838,10.505,4.980,Fairway,airborne,-0.002,0
186,0.7748,24.566,15.493,26.427,1.795,10.504,4.989,Fairway,airborne,-0.002,0
187,0.7790,24.493,15.500,26.398,1.753,10.502,4.998,Fairway,airborne,-0.002,0
188,0.7831,24.420,15.508,26.370,1.711,10.500,5.007,Fairway,airborne,-0.002,0
189,0.7873,24.347,15.515,26.341,1.669,10.499,5.016,Fairway,airborne,-0.002,0
190,0.7915,24.274,15.522,26.312,1.627,10.497,5.025,Fairway,airborne,-0.002,0
191,0.7956,24.201,15.528,26.284,1.585,10.495,5.033,Fairway,airborne,-0.002,0
192,0.7998,24.128,15.535,26.255,1.543,10.493,5.041,Fairway,airborne,-0.002,0
193,0.8040,24.056,15.541,26.227,1.501,10.492,5.049,Fairway,airborne,-0.002,0
194,0.8081,23.983,15.547,26.198,1.459,10.490,5.057,Fairway,airborne,-0.002,0
195,0.8123,23.910,15.553,26.170,1.417,10.488,5.065,Fairway,airborne,-0.002,0
196,0.8165,23.837,15.559,26.142,1.375,10.487,5.072,Fairway,airborne,-0.002,0
197,0.8206,23.765,15.565,26.113,1.333,10.485,5.080,Fairway,airborne,-0.002,0
198,0.8248,23.692,15.570,26.085,1.291,10.483,5.087,Fairway,airborne,-0.002,0
199,0.8290,23.620,15.575,26.056,1.250,10.481,5.094,Fairway,airborne,-0.002,0
200,0.8331,23.547,15.580,26.028,1.208,10.480,5.101,Fairway,airborne,-0.002,0
201,0.8373,23.475,15.585,26.000,1.166,10.478,5.108,Fairway,airborne,-0.002,0
202,0.8415,23.403,15.590,25.972,1.124,10.476,5.114,Fairway,airborne,-0.002,0
203,0.8456,23.330,15.595,25.943,1.083,10.474,5.120,Fairway,airborne,-0.002,0
204,0.8498,23.258,15.599,25.915,1.041,10.473,5.126,Fairway,airborne,-0.002,0
205,0.8540,23.186,15.603,25.887,0.999,10.471,5.132,Fairway,airborne,-0.002,0
206,0.8581,23.114,15.608,25.859,0.958,10.470,5.138,Fairway,airborne,-0.002,0
207,0.8623,23.042,15.611,25.830,0.916,10.468,5.144,Fairway,airborne,-0.002,0
208,0.8665,22.970,15.615,25.802,0.875,10.466,5.149,Fairway,airborne,-0.002,0
209,0.8706,22.898,15.619,25.774,0.833,10.464,5.154,Fairway,airborne,-0.002,0
210,0.8748,22.826,15.622,25.746,0.792,10.463,5.159,Fairway,airborne,-0.002,0
211,0.8790,22.754,15.625,25.718,0.751,10.461,5.164,Fairway,airborne,-0.002,0
212,0.8831,22.682,15.628,25.690,0.709,10.459,5.169,Fairway,airborne,-0.002,0
213,0.8873,22.610,15.631,25.662,0.668,10.458,5.174,Fairway,airborne,-0.002,0
214,0.8914,22.539,15.634,25.634,0.626,10.456,5.178,Fairway,airborne,-0.002,0
215,0.8956,22.467,15.636,25.606,0.585,10.454,5.182,Fairway,airborne,-0.002,0
216,0.8998,22.395,15.639,25.578,0.544,10.452,5.186,Fairway,airborne,-0.002,0
217,0.9039,22.324,15.641,25.550,0.503,10.451,5.190,Fairway,airborne,-0.002,0
218,0.9081,22.252,15.643,25.522,0.462,10.449,5.194,Fairway,airborne,-0.002,0
219,0.9123,22.181,15.645,25.494,0.420,10.447,5.197,Fairway,airborne,-0.002,0
220,0.9164,22.109,15.646,25.466,0.379,10.446,5.201,Fairway,airborne,-0.002,0
221,0.9206,22.038,15.648,25.438,0.338,10.444,5.204,Fairway,airborne,-0.002,0
222,0.9248,21.967,15.649,25.410,0.297,10.443,5.207,Fairway,airborne,-0.002,0
223,0.9289,21.896,15.650,25.382,0.256,10.441,5.209,Fairway,airborne,-0.002,0
224,0.9331,21.824,15.651,25.354,0.215,10.440,5.212,Fairway,airborne,-0.002,0
225,0.9373,21.753,15.652,25.326,0.174,10.438,5.214,Fairway,airborne,-0.002,0
226,0.9414,21.682,15.653,25.299,0.133,10.436,5.216,Fairway,airborne,-0.002,0
227,0.9456,21.611,15.653,25.271,0.092,10.435,5.218,Fairway,airborne,-0.002,0
228,0.9498,21.540,15.653,25.243,0.051,10.433,5.220,Fairway,airborne,-0.002,0
229,0.9539,21.469,15.654,25.215,0.010,10.431,5.222,Fairway,airborne,-0.002,0
230,0.9581,21.398,15.654,25.188,-0.031,10.430,5.224,Fairway,airborne,-0.002,0
231,0.9623,21.327,15.653,25.160,-0.071,10.428,5.225,Fairway,airborne,-0.002,0
232,0.9664,21.257,15.653,25.132,-0.112,10.426,5.227,Fairway,airborne,-0.002,0
233,0.9706,21.186,15.652,25.104,-0.153,10.425,5.228,Fairway,airborne,-0.002,0
234,0.9748,21.115,15.652,25.077,-0.194,10.423,5.229,Fairway,airborne,-0.002,0
235,0.9789,21.045,15.651,25.049,-0.234,10.421,5.230,Fairway,airborne,-0.002,0
236,0.9831,20.974,15.650,25.022,-0.275,10.419,5.230,Fairway,airborne,-0.002,0
237,0.9873,20.903,15.649,24.994,-0.316,10.418,5.231,Fairway,airborne,-0.002,0
238,0.9914,20.833,15.647,24.966,-0.356,10.416,5.231,Fairway,airborne,-0.002,0
239,0.9956,20.763,15.646,24.939,-0.397,10.414,5.231,Fairway,airborne,-0.002,0
240,0.9998,20.692,15.644,24.911,-0.437,10.413,5.231,Fairway,airborne,-0.002,0
241,1.0039,20.622,15.642,24.884,-0.478,10.411,5.230,Fairway,airborne,-0.002,0
242,1.0081,20.551,15.640,24.856,-0.518,10.410,5.230,Fairway,airborne,-0.002,0
243,1.0123,20.481,15.638,24.829,-0.559,10.408,5.229,Fairway,airborne,-0.002,0
244,1.0164,20.411,15.635,24.801,-0.599,10.407,5.228,Fairway,airborne,-0.002,0
245,1.0206,20.341,15.633,24.774,-0.640,10.405,5.227,Fairway,airborne,-0.002,0
246,1.0248,20.271,15.630,24.746,-0.680,10.404,5.226,Fairway,airborne,-0.002,0
247,1.0289,20.201,15.627,24.719,-0.720,10.402,5.225,Fairway,airborne,-0.002,0
248,1.0331,20.131,15.624,24.692,-0.761,10.401,5.223,Fairway,airborne,-0.002,0
249,1.0372,20.061,15.621,24.664,-0.801,10.399,5.221,Fairway,airborne,-0.002,0
250,1.0414,19.991,15.617,24.637,-0.841,10.398,5.219,Fairway,airborne,-0.002,0
251,1.0456,19.921,15.614,24.610,-0.882,10.396,5.217,Fairway,airborne,-0.002,0
252,1.0497,19.851,15.610,24.582,-0.922,10.395,5.215,Fairway,airborne,-0.002,0
253,1.0539,19.781,15.606,24.555,-0.962,10.393,5.213,Fairway,airborne,-0.002,0
254,1.0581,19.712,15.602,24.528,-1.002,10.392,5.210,Fairway,airborne,-0.002,0
255,1.0622,19.642,15.598,24.500,-1.042,10.390,5.207,Fairway,airborne,-0.001,0
256,1.0664,19.572,15.593,24.473,-1.083,10.389,5.204,Fairway,airborne,-0.002,0
257,1.0706,19.503,15.589,24.446,-1.123,10.387,5.201,Fairway,airborne,-0.002,0
258,1.0747,19.433,15.584,24.419,-1.163,10.386,5.198,Fairway,airborne,-0.002,0
259,1.0789,19.364,15.579,24.392,-1.203,10.384,5.195,Fairway,airborne,-0.002,0
260,1.0831,19.294,15.574,24.365,-1.243,10.383,5.191,Fairway,airborne,-0.002,0
261,1.0872,19.225,15.569,24.337,-1.283,10.381,5.188,Fairway,airborne,-0.002,0
262,1.0914,19.156,15.563,24.310,-1.323,10.379,5.184,Fairway,airborne,-0.002,0
263,1.0956,19.086,15.558,24.283,-1.363,10.378,5.180,Fairway,airborne,-0.002,0
264,1.0997,19.017,15.552,24.256,-1.402,10.376,5.175,Fairway,airborne,-0.002,0
265,1.1039,18.948,15.546,24.229,-1.442,10.375,5.171,Fairway,airborne,-0.002,0
266,1.1081,18.879,15.540,24.202,-1.482,10.373,5.166,Fairway,airborne,-0.002,0
267,1.1122,18.810,15.534,24.175,-1.522,10.372,5.162,Fairway,airborne,-0.002,0
268,1.1164,18.741,15.527,24.148,-1.562,10.370,5.157,Fairway,airborne,-0.002,0
269,1.1206,18.672,15.521,24.121,-1.602,10.369,5.152,Fairway,airborne,-0.002,0
270,1.1247,18.603,15.514,24.094,-1.641,10.367,5.147,Fairway,airborne,-0.002,0
271,1.1289,18.534,15.507,24.067,-1.681,10.365,5.141,Fairway,airborne,-0.002,0
272,1.1331,18.465,15.500,24.040,-1.721,10.364,5.136,Fairway,airborne,-0.002,0
273,1.1372,18.396,15.493,24.013,-1.760,10.362,5.130,Fairway,airborne,-0.002,0
274,1.1414,18.327,15.485,23.986,-1.800,10.361,5.124,Fairway,airborne,-0.002,0
275,1.1456,18.259,15.478,23.959,-1.840,10.359,5.118,Fairway,airborne,-0.002,0
276,1.1497,18.190,15.470,23.932,-1.879,10.358,5.112,Fairway,airborne,-0.002,0
277,1.1539,18.121,15.462,23.906,-1.919,10.356,5.106,Fairway,airborne,-0.001,0
278,1.1581,18.053,15.454,23.879,-1.958,10.355,5.099,Fairway,airborne,-0.001,0
279,1.1622,17.984,15.446,23.852,-1.998,10.353,5.092,Fairway,airborne,-0.001,0
280,1.1664,17.916,15.437,23.825,-2.037,10.352,5.085,Fairway,airborne,-0.001,0
281,1.1705,17.847,15.429,23.798,-2.077,10.350,5.078,Fairway,airborne,-0.001,0
282,1.1747,17.779,15.420,23.772,-2.116,10.349,5.071,Fairway,airborne,-0.001,0
283,1.1789,17.710,15.411,23.745,-2.156,10.347,5.064,Fairway,airborne,-0.001,0
284,1.1830,17.642,15.402,23.718,-2.195,10.346,5.056,Fairway,airborne,-0.001,0
285,1.1872,17.574,15.393,23.691,-2.235,10.345,5.048,Fairway,airborne,-0.001,0
286,1.1914,17.506,15.383,23.665,-2.274,10.343,5.040,Fairway,airborne,-0.001,0
287,1.1955,17.437,15.374,23.638,-2.313,10.342,5.032,Fairway,airborne,-0.001,0
288,1.1997,17.369,15.364,23.611,-2.353,10.340,5.024,Fairway,airborne,-0.001,0
289,1.2039,17.301,15.354,23.585,-2.392,10.339,5.015,Fairway,airborne,-0.001,0
290,1.2080,17.233,15.344,23.558,-2.431,10.337,5.007,Fairway,airborne,-0.001,0
291,1.2122,17.165,15.334,23.532,-2.470,10.336,4.998,Fairway,airborne,-0.001,0
292,1.2164,17.097,15.324,23.505,-2.509,10.334,4.989,Fairway,airborne,-0.001,0
293,1.2205,17.029,15.313,23.478,-2.549,10.333,4.980,Fairway,airborne,-0.001,0
294,1.2247,16.961,15.302,23.452,-2.588,10.331,4.971,Fairway,airborne,-0.001,0
295,1.2289,16.894,15.292,23.425,-2.627,10.330,4.961,Fairway,airborne,-0.001,0
296,1.2330,16.826,15.281,23.399,-2.666,10.329,4.952,Fairway,airborne,-0.001,0
297,1.2372,16.758,15.269,23.372,-2.705,10.327,4.942,Fairway,airborne,-0.001,0
298,1.2414,16.690,15.258,23.346,-2.744,10.326,4.932,Fairway,airborne,-0.001,0
299,1.2455,16.623,15.246,23.319,-2.783,10.324,4.922,Fairway,airborne,-0.001,0
300,1.2497,16.555,15.235,23.293,-2.822,10.323,4.912,Fairway,airborne,-0.001,0
301,1.2539,16.488,15.223,23.266,-2.861,10.321,4.902,Fairway,airborne,-0.001,0
302,1.2580,16.420,15.211,23.240,-2.900,10.320,4.891,Fairway,airborne,-0.001,0
303,1.2622,16.353,15.199,23.214,-2.939,10.319,4.880,Fairway,airborne,-0.001,0
304,1.2664,16.285,15.187,23.187,-2.978,10.317,4.869,Fairway,airborne,-0.001,0
305,1.2705,16.218,15.174,23.161,-3.017,10.316,4.858,Fairway,airborne,-0.001,0
306,1.2747,16.151,15.161,23.135,-3.056,10.314,4.847,Fairway,airborne,-0.001,0
307,1.2789,16.083,15.149,23.108,-3.094,10.313,4.836,Fairway,airborne,-0.001,0
308,1.2830,16.016,15.136,23.082,-3.133,10.311,4.824,Fairway,airborne,-0.001,0
309,1.2872,15.949,15.122,23.056,-3.172,10.310,4.813,Fairway,airborne,-0.001,0
310,1.2914,15.882,15.109,23.029,-3.211,10.308,4.801,Fairway,airborne,-0.001,0
311,1.2955,15.815,15.096,23.003,-3.249,10.307,4.789,Fairway,airborne,-0.001,0
312,1.2997,15.748,15.082,22.977,-3.288,10.306,4.777,Fairway,airborne,-0.001,0
313,1.3038,15.681,15.068,22.951,-3.327,10.304,4.764,Fairway,airborne,-0.001,0
314,1.3080,15.614,15.054,22.925,-3.366,10.303,4.752,Fairway,airborne,-0.001,0
315,1.3122,15.547,15.040,22.898,-3.404,10.301,4.739,Fairway,airborne,-0.001,0
316,1.3163,15.480,15.026,22.872,-3.443,10.300,4.726,Fairway,airborne,-0.001,0
317,1.3205,15.413,15.012,22.846,-3.481,10.298,4.713,Fairway,airborne,-0.001,0
318,1.3247,15.346,14.997,22.820,-3.520,10.297,4.700,Fairway,airborne,-0.001,0
319,1.3288,15.279,14.982,22.794,-3.558,10.296,4.687,Fairway,airborne,-0.001,0
320,1.3330,15.213,14.967,22.768,-3.597,10.294,4.673,Fairway,airborne,-0.001,0
321,1.3372,15.146,14.952,22.742,-3.635,10.293,4.659,Fairway,airborne,-0.001,0
322,1.3413,15.079,14.937,22.716,-3.674,10.292,4.646,Fairway,airborne,-0.001,0
323,1.3455,15.013,14.922,22.689,-3.712,10.290,4.632,Fairway,airborne,-0.001,0
324,1.3497,14.946,14.906,22.663,-3.751,10.289,4.617,Fairway,airborne,-0.001,0
325,1.3538,14.880,14.891,22.637,-3.789,10.288,4.603,Fairway,airborne,-0.001,0
326,1.3580,14.813,14.875,22.611,-3.827,10.286,4.589,Fairway,airborne,-0.001,0
327,1.3622,14.747,14.859,22.585,-3.866,10.285,4.574,Fairway,airborne,-0.001,0
328,1.3663,14.680,14.843,22.559,-3.904,10.283,4.559,Fairway,airborne,-0.001,0
329,1.3705,14.614,14.826,22.534,-3.942,10.282,4.544,Fairway,airborne,-0.001,0
330,1.3747,14.548,14.810,22.508,-3.981,10.281,4.529,Fairway,airborne,-0.001,0
331,1.3788,14.482,14.793,22.482,-4.019,10.279,4.514,Fairway,airborne,-0.001,0
332,1.3830,14.415,14.776,22.456,-4.057,10.278,4.498,Fairway,airborne,-0.001,0
333,1.3872,14.349,14.759,22.430,-4.095,10.277,4.483,Fairway,airborne,-0.001,0
334,1.3913,14.283,14.742,22.404,-4.133,10.275,4.467,Fairway,airborne,-0.001,0
335,1.3955,14.217,14.725,22.378,-4.172,10.274,4.451,Fairway,airborne,-0.001,0
336,1.3997,14.151,14.707,22.352,-4.210,10.272,4.435,Fairway,airborne,-0.001,0
337,1.4038,14.085,14.690,22.327,-4.248,10.271,4.419,Fairway,airborne,-0.001,0
338,1.4080,14.019,14.672,22.301,-4.286,10.269,4.403,Fairway,airborne,-0.001,0
339,1.4122,13.953,14.654,22.275,-4.324,10.268,4.386,Fairway,airborne,-0.001,0
340,1.4163,13.887,14.636,22.249,-4.362,10.267,4.369,Fairway,airborne,-0.001,0
341,1.4205,13.822,14.618,22.223,-4.400,10.265,4.352,Fairway,airborne,-0.001,0
342,1.4247,13.756,14.599,22.198,-4.438,10.264,4.335,Fairway,airborne,-0.001,0
343,1.4288,13.690,14.581,22.172,-4.476,10.263,4.318,Fairway,airborne,-0.001,0
344,1.4330,13.624,14.562,22.146,-4.514,10.261,4.301,Fairway,airborne,-0.001,0
345,1.4371,13.559,14.543,22.121,-4.552,10.260,4.283,Fairway,airborne,-0.001,0
346,1.4413,13.493,14.524,22.095,-4.590,10.259,4.265,Fairway,airborne,-0.001,0
347,1.4455,13.428,14.505,22.069,-4.627,10.257,4.248,Fairway,airborne,-0.001,0
348,1.4496,13.362,14.486,22.044,-4.665,10.256,4.229,Fairway,airborne,-0.001,0
349,1.4538,13.297,14.466,22.018,-4.703,10.255,4.211,Fairway,airborne,-0.001,0
350,1.4580,13.231,14.446,21.993,-4.741,10.254,4.193,Fairway,airborne,-0.001,0
351,1.4621,13.166,14.427,21.967,-4.779,10.252,4.174,Fairway,airborne,-0.001,0
352,1.4663,13.101,14.407,21.941,-4.816,10.251,4.156,Fairway,airborne,-0.001,0
353,1.4705,13.035,14.386,21.916,-4.854,10.250,4.137,Fairway,airborne,-0.001,0
354,1.4746,12.970,14.366,21.890,-4.892,10.248,4.118,Fairway,airborne,-0.001,0
355,1.4788,12.905,14.346,21.865,-4.929,10.247,4.099,Fairway,airborne,-0.001,0
356,1.4830,12.840,14.325,21.839,-4.967,10.246,4.079,Fairway,airborne,-0.001,0
357,1.4871,12.775,14.304,21.814,-5.005,10.245,4.060,Fairway,airborne,-0.001,0
358,1.4913,12.709,14.283,21.788,-5.042,10.243,4.040,Fairway,airborne,-0.001,0
359,1.4955,12.644,14.262,21.763,-5.080,10.242,4.020,Fairway,airborne,-0.001,0
360,1.4996,12.579,14.241,21.737,-5.117,10.241,4.000,Fairway,airborne,-0.001,0
361,1.5038,12.514,14.220,21.712,-5.155,10.239,3.980,Fairway,airborne,-0.001,0
362,1.5080,12.450,14.198,21.687,-5.192,10.238,3.960,Fairway,airborne,-0.001,0
363,1.5121,12.385,14.176,21.661,-5.230,10.237,3.940,Fairway,airborne,-0.001,0
364,1.5163,12.320,14.155,21.636,-5.267,10.236,3.919,Fairway,airborne,-0.001,0
365,1.5205,12.255,14.133,21.611,-5.305,10.234,3.898,Fairway,airborne,-0.001,0
366,1.5246,12.190,14.110,21.585,-5.342,10.233,3.877,Fairway,airborne,-0.001,0
367,1.5288,12.126,14.088,21.560,-5.379,10.232,3.856,Fairway,airborne,-0.001,0
368,1.5330,12.061,14.066,21.535,-5.417,10.230,3.835,Fairway,airborne,-0.001,0
369,1.5371,11.996,14.043,21.509,-5.454,10.229,3.814,Fairway,airborne,-0.001,0
370,1.5413,11.932,14.020,21.484,-5.491,10.228,3.792,Fairway,airborne,-0.001,0
371,1.5455,11.867,13.997,21.459,-5.528,10.227,3.771,Fairway,airborne,-0.001,0
372,1.5496,11.803,13.974,21.434,-5.566,10.225,3.749,Fairway,airborne,-0.001,0
373,1.5538,11.738,13.951,21.408,-5.603,10.224,3.727,Fairway,airborne,-0.001,0
374,1.5580,11.674,13.927,21.383,-5.640,10.223,3.705,Fairway,airborne,-0.001,0
375,1.5621,11.609,13.904,21.358,-5.677,10.221,3.683,Fairway,airborne,-0.001,0
376,1.5663,11.545,13.880,21.333,-5.714,10.220,3.660,Fairway,airborne,-0.001,0
377,1.5705,11.481,13.856,21.308,-5.752,10.219,3.637,Fairway,airborne,-0.001,0
378,1.5746,11.417,13.832,21.283,-5.789,10.218,3.615,Fairway,airborne,-0.001,0
379,1.5788,11.352,13.808,21.257,-5.826,10.216,3.592,Fairway,airborne,-0.001,0
380,1.5829,11.288,13.784,21.232,-5.863,10.215,3.569,Fairway,airborne,-0.001,0
381,1.5871,11.224,13.759,21.207,-5.900,10.214,3.546,Fairway,airborne,-0.001,0
382,1.5913,11.160,13.735,21.182,-5.937,10.212,3.522,Fairway,airborne,-0.001,0
383,1.5954,11.096,13.710,21.157,-5.974,10.211,3.499,Fairway,airborne,-0.001,0
384,1.5996,11.032,13.685,21.132,-6.011,10.210,3.475,Fairway,airborne,-0.001,0
385,1.6038,10.968,13.660,21.107,-6.048,10.209,3.451,Fairway,airborne,-0.001,0
386,1.6079,10.904,13.634,21.082,-6.084,10.208,3.427,Fairway,airborne,-0.001,0
387,1.6121,10.840,13.609,21.057,-6.121,10.206,3.403,Fairway,airborne,-0.001,0
388,1.6163,10.776,13.584,21.032,-6.158,10.205,3.378,Fairway,airborne,-0.001,0
389,1.6204,10.713,13.558,21.007,-6.195,10.204,3.354,Fairway,airborne,-0.001,0
390,1.6246,10.649,13.532,20.982,-6.232,10.202,3.329,Fairway,airborne,-0.001,0
391,1.6288,10.585,13.506,20.957,-6.268,10.201,3.305,Fairway,airborne,-0.001,0
392,1.6329,10.522,13.480,20.932,-6.305,10.200,3.280,Fairway,airborne,-0.001,0
393,1.6371,10.458,13.453,20.908,-6.342,10.199,3.255,Fairway,airborne,-0.001,0
394,1.6413,10.394,13.427,20.883,-6.379,10.198,3.229,Fairway,airborne,-0.001,0
395,1.6454,10.331,13.400,20.858,-6.415,10.196,3.204,Fairway,airborne,-0.001,0
396,1.6496,10.267,13.373,20.833,-6.452,10.195,3.178,Fairway,airborne,-0.001,0
397,1.6538,10.204,13.346,20.808,-6.488,10.194,3.152,Fairway,airborne,-0.001,0
398,1.6579,10.140,13.319,20.783,-6.525,10.193,3.126,Fairway,airborne,-0.001,0
399,1.6621,10.077,13.292,20.759,-6.562,10.192,3.100,Fairway,airborne,-0.001,0
400,1.6663,10.014,13.265,20.734,-6.598,10.191,3.074,Fairway,airborne,-0.001,0
401,1.6704,9.950,13.237,20.709,-6.635,10.190,3.048,Fairway,airborne,-0.001,0
402,1.6746,9.887,13.209,20.684,-6.671,10.188,3.021,Fairway,airborne,-0.001,0
403,1.6788,9.824,13.182,20.660,-6.708,10.187,2.994,Fairway,airborne,-0.001,0
404,1.6829,9.761,13.154,20.635,-6.744,10.186,2.967,Fairway,airborne,-0.001,0
405,1.6871,9.698,13.125,20.610,-6.780,10.185,2.940,Fairway,airborne,-0.001,0
406,1.6913,9.635,13.097,20.585,-6.817,10.184,2.913,Fairway,airborne,-0.001,0
407,1.6954,9.572,13.069,20.561,-6.853,10.183,2.886,Fairway,airborne,-0.001,0
408,1.6996,9.509,13.040,20.536,-6.889,10.182,2.858,Fairway,airborne,-0.001,0
409,1.7038,9.446,13.011,20.512,-6.926,10.180,2.831,Fairway,airborne,-0.001,0
410,1.7079,9.383,12.982,20.487,-6.962,10.179,2.803,Fairway,airborne,-0.001,0
411,1.7121,9.320,12.953,20.462,-6.998,10.178,2.775,Fairway,airborne,-0.001,0
412,1.7162,9.257,12.924,20.438,-7.034,10.177,2.747,Fairway,airborne,-0.001,0
413,1.7204,9.194,12.895,20.413,-7.071,10.176,2.719,Fairway,airborne,-0.001,0
414,1.7246,9.132,12.865,20.389,-7.107,10.175,2.690,Fairway,airborne,-0.001,0
415,1.7287,9.069,12.835,20.364,-7.143,10.174,2.662,Fairway,airborne,-0.001,0
416,1.7329,9.006,12.806,20.340,-7.179,10.173,2.633,Fairway,airborne,-0.001,0
417,1.7371,8.944,12.776,20.315,-7.215,10.171,2.604,Fairway,airborne,-0.001,0
418,1.7412,8.881,12.746,20.291,-7.251,10.170,2.575,Fairway,airborne,-0.001,0
419,1.7454,8.818,12.715,20.266,-7.287,10.169,2.546,Fairway,airborne,-0.001,0
420,1.7496,8.756,12.685,20.242,-7.323,10.168,2.517,Fairway,airborne,-0.001,0
421,1.7537,8.693,12.654,20.217,-7.359,10.167,2.487,Fairway,airborne,-0.001,0
422,1.7579,8.631,12.624,20.193,-7.395,10.166,2.458,Fairway,airborne,-0.001,0
423,1.7621,8.569,12.593,20.168,-7.431,10.164,2.428,Fairway,airborne,-0.001,0
424,1.7662,8.506,12.562,20.144,-7.467,10.163,2.399,Fairway,airborne,-0.001,0
425,1.7704,8.444,12.530,20.120,-7.503,10.162,2.369,Fairway,airborne,-0.001,0
426,1.7746,8.382,12.499,20.095,-7.539,10.160,2.339,Fairway,airborne,-0.001,0
427,1.7787,8.320,12.468,20.071,-7.574,10.159,2.308,Fairway,airborne,-0.001,0
428,1.7829,8.257,12.436,20.047,-7.610,10.158,2.278,Fairway,airborne,-0.001,0
429,1.7871,8.195,12.404,20.022,-7.646,10.157,2.248,Fairway,airborne,-0.001,0
430,1.7912,8.133,12.372,19.998,-7.682,10.155,2.217,Fairway,airborne,-0.001,0
431,1.7954,8.071,12.340,19.974,-7.717,10.154,2.186,Fairway,airborne,-0.001,0
432,1.7996,8.009,12.308,19.949,-7.753,10.153,2.155,Fairway,airborne,-0.001,0
433,1.8037,7.947,12.276,19.925,-7.789,10.152,2.124,Fairway,airborne,-0.001,0
434,1.8079,7.885,12.243,19.901,-7.824,10.151,2.093,Fairway,airborne,-0.001,0
435,1.8121,7.823,12.210,19.877,-7.860,10.149,2.061,Fairway,airborne,-0.001,0
436,1.8162,7.762,12.178,19.853,-7.896,10.148,2.029,Fairway,airborne,-0.001,0
437,1.8204,7.700,12.145,19.828,-7.931,10.147,1.998,Fairway,airborne,-0.001,0
438,1.8246,7.638,12.112,19.804,-7.967,10.146,1.966,Fairway,airborne,-0.001,0
439,1.8287,7.576,12.078,19.780,-8.002,10.145,1.934,Fairway,airborne,-0.001,0
440,1.8329,7.515,12.045,19.756,-8.038,10.144,1.901,Fairway,airborne,-0.001,0
441,1.8371,7.453,12.011,19.732,-8.073,10.143,1.869,Fairway,airborne,-0.001,0
442,1.8412,7.391,11.978,19.708,-8.108,10.141,1.836,Fairway,airborne,-0.001,0
443,1.8454,7.330,11.944,19.684,-8.144,10.140,1.804,Fairway,airborne,-0.001,0
444,1.8495,7.268,11.910,19.660,-8.179,10.139,1.771,Fairway,airborne,-0.001,0
445,1.8537,7.207,11.876,19.636,-8.214,10.138,1.738,Fairway,airborne,-0.001,0
446,1.8579,7.146,11.841,19.612,-8.250,10.137,1.705,Fairway,airborne,-0.001,0
447,1.8620,7.084,11.807,19.588,-8.285,10.136,1.671,Fairway,airborne,-0.001,0
448,1.8662,7.023,11.772,19.564,-8.320,10.135,1.638,Fairway,airborne,-0.001,0
449,1.8704,6.961,11.738,19.540,-8.355,10.133,1.604,Fairway,airborne,-0.001,0
450,1.8745,6.900,11.703,19.516,-8.391,10.132,1.571,Fairway,airborne,-0.001,0
451,1.8787,6.839,11.668,19.492,-8.426,10.131,1.537,Fairway,airborne,-0.001,0
452,1.8829,6.778,11.633,19.468,-8.461,10.130,1.503,Fairway,airborne,-0.001,0
453,1.8870,6.717,11.597,19.444,-8.496,10.129,1.469,Fairway,airborne,-0.001,0
454,1.8912,6.656,11.562,19.420,-8.531,10.128,1.434,Fairway,airborne,-0.001,0
455,1.8954,6.595,11.526,19.396,-8.566,10.127,1.400,Fairway,airborne,-0.001,0
456,1.8995,6.534,11.491,19.372,-8.601,10.125,1.365,Fairway,airborne,-0.001,0
457,1.9037,6.473,11.455,19.348,-8.636,10.124,1.330,Fairway,airborne,-0.001,0
458,1.9079,6.412,11.419,19.324,-8.671,10.124,1.295,Fairway,airborne,-0.001,0
459,1.9120,6.351,11.382,19.301,-8.706,10.123,1.260,Fairway,airborne,-0.001,0
460,1.9162,6.290,11.346,19.277,-8.741,10.122,1.224,Fairway,airborne,-0.001,0
461,1.9204,6.229,11.310,19.253,-8.776,10.121,1.189,Fairway,airborne,-0.001,0
462,1.9245,6.168,11.273,19.229,-8.811,10.120,1.153,Fairway,airborne,-0.001,0
463,1.9287,6.108,11.236,19.206,-8.845,10.119,1.118,Fairway,airborne,-0.001,0
464,1.9329,6.047,11.199,19.182,-8.880,10.117,1.082,Fairway,airborne,-0.001,0
465,1.9370,5.986,11.162,19.158,-8.915,10.116,1.046,Fairway,airborne,-0.001,0
466,1.9412,5.926,11.125,19.134,-8.950,10.115,1.010,Fairway,airborne,-0.001,0
467,1.9454,5.865,11.088,19.111,-8.984,10.114,0.973,Fairway,airborne,-0.001,0
468,1.9495,5.805,11.050,19.087,-9.019,10.113,0.937,Fairway,airborne,-0.001,0
469,1.9537,5.744,11.013,19.063,-9.053,10.112,0.900,Fairway,airborne,-0.001,0
470,1.9579,5.684,10.975,19.040,-9.088,10.111,0.864,Fairway,airborne,-0.001,0
471,1.9620,5.623,10.937,19.016,-9.123,10.110,0.827,Fairway,airborne,-0.001,0
472,1.9662,5.563,10.899,18.992,-9.157,10.109,0.790,Fairway,airborne,-0.001,0
473,1.9704,5.503,10.861,18.969,-9.192,10.107,0.753,Fairway,airborne,-0.001,0
474,1.9745,5.443,10.822,18.945,-9.226,10.106,0.716,Fairway,airborne,-0.001,0
475,1.9787,5.382,10.784,18.922,-9.261,10.105,0.679,Fairway,airborne,-0.001,0
476,1.9828,5.322,10.745,18.898,-9.295,10.104,0.641,Fairway,airborne,-0.001,0
477,1.9870,5.262,10.706,18.875,-9.329,10.103,0.604,Fairway,airborne,-0.001,0
478,1.9912,5.202,10.667,18.851,-9.364,10.101,0.566,Fairway,airborne,-0.001,0
479,1.9953,5.142,10.628,18.828,-9.398,10.100,0.528,Fairway,airborne,-0.001,0
480,1.9995,5.082,10.589,18.804,-9.432,10.099,0.490,Fairway,airborne,-0.001,0
481,2.0037,5.022,10.550,18.781,-9.467,10.098,0.452,Fairway,airborne,-0.001,0
482,2.0078,4.962,10.510,18.757,-9.501,10.097,0.413,Fairway,airborne,-0.001,0
483,2.0120,4.902,10.471,18.734,-9.535,10.095,0.375,Fairway,airborne,-0.001,0
484,2.0162,4.842,10.431,18.710,-9.569,10.094,0.337,Fairway,airborne,-0.001,0
485,2.0203,4.782,10.391,18.687,-9.604,10.093,0.298,Fairway,airborne,-0.001,0
486,2.0245,4.723,10.351,18.664,-9.638,10.092,0.259,Fairway,airborne,-0.001,0
487,2.0287,4.663,10.311,18.640,-9.672,10.091,0.220,Fairway,airborne,-0.001,0
488,2.0328,4.603,10.270,18.617,-9.706,10.090,0.181,Fairway,airborne,-0.001,0
489,2.0370,4.544,10.230,18.594,-9.740,10.088,0.141,Fairway,airborne,-0.001,0
490,2.0412,4.484,10.189,18.570,-9.774,10.087,0.102,Fairway,airborne,-0.001,0
491,2.0453,4.425,10.148,18.547,-9.808,10.086,0.062,Fairway,airborne,-0.001,0
492,2.0495,4.365,10.107,18.524,-9.842,10.086,0.022,Fairway,airborne,-0.001,0
493,2.0518,4.332,10.085,18.511,-9.860,10.085,0.000,Fairway,roll,0.000,0
494,2.0560,4.305,10.105,18.500,4.888,10.085,0.020,Fairway,roll,0.000,0
495,2.0601,4.279,10.125,18.490,4.845,10.084,0.041,Fairway,roll,0.000,0
496,2.0643,4.252,10.145,18.479,4.803,10.084,0.062,Fairway,roll,0.000,0
497,2.0685,4.225,10.165,18.469,4.760,10.083,0.082,Fairway,roll,0.000,0
498,2.0726,4.198,10.185,18.459,4.718,10.083,0.102,Fairway,roll,0.000,0
499,2.0768,4.172,10.205,18.448,4.675,10.082,0.122,Fairway,roll,-0.001,0
500,2.0809,4.145,10.224,18.438,4.633,10.082,0.142,Fairway,roll,0.000,0
501,2.0851,4.118,10.243,18.427,4.591,10.081,0.162,Fairway,roll,-0.001,0
502,2.0893,4.092,10.262,18.417,4.548,10.081,0.181,Fairway,roll,-0.001,0
503,2.0934,4.065,10.281,18.406,4.506,10.080,0.201,Fairway,roll,0.000,0
504,2.0976,4.038,10.300,18.396,4.464,10.080,0.220,Fairway,roll,-0.001,0
505,2.1018,4.012,10.318,18.386,4.421,10.079,0.239,Fairway,roll,-0.001,0
506,2.1059,3.985,10.337,18.375,4.379,10.079,0.258,Fairway,roll,0.000,0
507,2.1101,3.958,10.355,18.365,4.337,10.078,0.277,Fairway,roll,-0.001,0
508,2.1143,3.932,10.373,18.354,4.295,10.078,0.295,Fairway,roll,0.000,0
509,2.1184,3.905,10.391,18.344,4.252,10.077,0.313,Fairway,roll,0.000,0
510,2.1226,3.879,10.408,18.333,4.210,10.077,0.331,Fairway,roll,-0.001,0
511,2.1268,3.852,10.426,18.323,4.168,10.076,0.349,Fairway,roll,0.000,0
512,2.1309,3.825,10.443,18.313,4.126,10.076,0.367,Fairway,roll,-0.001,0
513,2.1351,3.799,10.460,18.302,4.083,10.075,0.384,Fairway,roll,0.000,0
514,2.1393,3.772,10.477,18.292,4.039,10.075,0.402,Fairway,roll,-0.001,0
515,2.1434,3.746,10.494,18.281,3.996,10.074,0.419,Fairway,roll,-0.001,0
516,2.1476,3.719,10.510,18.271,3.953,10.074,0.436,Fairway,roll,0.000,0
517,2.1518,3.693,10.526,18.261,3.909,10.073,0.453,Fairway,roll,-0.001,0
518,2.1559,3.666,10.543,18.250,3.866,10.073,0.470,Fairway,roll,-0.001,0
519,2.1601,3.640,10.559,18.240,3.823,10.072,0.487,Fairway,roll,-0.001,0
520,2.1643,3.613,10.574,18.230,3.780,10.071,0.503,Fairway,roll,0.000,0
521,2.1684,3.587,10.590,18.219,3.737,10.071,0.519,Fairway,roll,0.000,0
522,2.1726,3.560,10.606,18.209,3.694,10.071,0.535,Fairway,roll,-0.001,0
523,2.1768,3.534,10.621,18.199,3.651,10.070,0.551,Fairway,roll,0.000,0
524,2.1809,3.507,10.636,18.188,3.608,10.070,0.566,Fairway,roll,-0.001,0
525,2.1851,3.481,10.651,18.178,3.565,10.069,0.582,Fairway,roll,-0.001,0
526,2.1893,3.455,10.666,18.168,3.522,10.069,0.597,Fairway,roll,0.000,0
527,2.1934,3.428,10.680,18.157,3.479,10.068,0.612,Fairway,roll,-0.001,0
528,2.1976,3.402,10.695,18.147,3.436,10.068,0.627,Fairway,roll,0.000,0
529,2.2018,3.376,10.709,18.137,3.393,10.067,0.642,Fairway,roll,-0.001,0
530,2.2059,3.349,10.723,18.126,3.351,10.066,0.657,Fairway,roll,-0.001,0
531,2.2101,3.323,10.737,18.116,3.308,10.066,0.671,Fairway,roll,0.000,0
532,2.2142,3.297,10.750,18.106,3.265,10.065,0.685,Fairway,roll,-0.001,0
533,2.2184,3.270,10.764,18.096,3.223,10.065,0.699,Fairway,roll,0.000,0
534,2.2226,3.244,10.777,18.085,3.180,10.064,0.713,Fairway,roll,-0.001,0
535,2.2267,3.218,10.790,18.075,3.137,10.064,0.726,Fairway,roll,0.000,0
536,2.2309,3.192,10.803,18.065,3.095,10.064,0.740,Fairway,roll,-0.001,0
537,2.2351,3.165,10.816,18.054,3.052,10.063,0.753,Fairway,roll,-0.001,0
538,2.2392,3.139,10.829,18.044,3.010,10.062,0.766,Fairway,roll,0.000,0
539,2.2434,3.113,10.841,18.034,2.967,10.062,0.779,Fairway,roll,-0.001,0
540,2.2476,3.087,10.854,18.024,2.925,10.061,0.792,Fairway,roll,0.000,0
541,2.2517,3.061,10.866,18.014,2.883,10.061,0.805,Fairway,roll,-0.001,0
542,2.2559,3.035,10.878,18.003,2.840,10.060,0.817,Fairway,roll,0.000,0
543,2.2601,3.008,10.889,17.993,2.798,10.060,0.830,Fairway,roll,-0.001,0
544,2.2642,2.982,10.901,17.983,2.756,10.059,0.842,Fairway,roll,-0.001,0
545,2.2684,2.956,10.912,17.973,2.713,10.059,0.853,Fairway,roll,0.000,0
546,2.2726,2.930,10.923,17.962,2.671,10.059,0.865,Fairway,roll,0.000,0
547,2.2767,2.904,10.934,17.952,2.629,10.058,0.876,Fairway,roll,0.000,0
548,2.2809,2.878,10.945,17.942,2.587,10.058,0.888,Fairway,roll,0.000,0
549,2.2851,2.852,10.956,17.932,2.545,10.057,0.899,Fairway,roll,0.000,0
550,2.2892,2.826,10.966,17.922,2.502,10.057,0.909,Fairway,roll,0.000,0
551,2.2934,2.800,10.977,17.911,2.460,10.057,0.920,Fairway,roll,0.000,0
552,2.2976,2.774,10.987,17.901,2.418,10.056,0.931,Fairway,roll,-0.001,0
553,2.3017,2.748,10.997,17.891,2.376,10.055,0.941,Fairway,roll,-0.001,0
554,2.3059,2.722,11.007,17.881,2.334,10.055,0.952,Fairway,roll,0.000,0
555,2.3101,2.696,11.016,17.871,2.292,10.054,0.962,Fairway,roll,-0.001,0
556,2.3142,2.670,11.026,17.861,2.250,10.054,0.972,Fairway,roll,0.000,0
557,2.3184,2.644,11.035,17.850,2.208,10.053,0.982,Fairway,roll,-0.001,0
558,2.3226,2.618,11.044,17.840,2.166,10.053,0.991,Fairway,roll,0.000,0
559,2.3267,2.592,11.053,17.830,2.125,10.052,1.001,Fairway,roll,-0.001,0
560,2.3309,2.566,11.062,17.820,2.083,10.052,1.010,Fairway,roll,0.000,0
561,2.3351,2.540,11.070,17.810,2.041,10.051,1.019,Fairway,roll,-0.001,0
562,2.3392,2.514,11.079,17.800,1.999,10.051,1.028,Fairway,roll,0.000,0
563,2.3434,2.489,11.087,17.790,1.957,10.050,1.037,Fairway,roll,-0.001,0
564,2.3475,2.463,11.095,17.780,1.915,10.050,1.045,Fairway,roll,-0.001,0
565,2.3517,2.437,11.103,17.769,1.874,10.049,1.054,Fairway,roll,0.000,0
566,2.3559,2.411,11.111,17.759,1.832,10.049,1.062,Fairway,roll,-0.001,0
567,2.3600,2.385,11.118,17.749,1.790,10.048,1.070,Fairway,roll,0.000,0
568,2.3642,2.359,11.126,17.739,1.749,10.048,1.078,Fairway,roll,-0.001,0
569,2.3684,2.334,11.133,17.729,1.707,10.047,1.086,Fairway,roll,0.000,0
570,2.3725,2.308,11.140,17.719,1.665,10.047,1.093,Fairway,roll,-0.001,0
571,2.3767,2.282,11.147,17.709,1.624,10.046,1.100,Fairway,roll,0.000,0
572,2.3809,2.256,11.153,17.699,1.582,10.046,1.108,Fairway,roll,-0.001,0
573,2.3850,2.231,11.160,17.689,1.541,10.045,1.115,Fairway,roll,0.000,0
574,2.3892,2.205,11.166,17.679,1.499,10.045,1.122,Fairway,roll,-0.001,0
575,2.3934,2.179,11.172,17.669,1.458,10.044,1.128,Fairway,roll,0.000,0
576,2.3975,2.153,11.178,17.659,1.416,10.044,1.135,Fairway,roll,-0.001,0
577,2.4017,2.128,11.184,17.648,1.375,10.043,1.141,Fairway,roll,0.000,0
578,2.4059,2.102,11.190,17.638,1.333,10.043,1.147,Fairway,roll,-0.001,0
579,2.4100,2.076,11.195,17.628,1.292,10.042,1.153,Fairway,roll,0.000,0
580,2.4142,2.051,11.201,17.618,1.250,10.042,1.159,Fairway,roll,-0.001,0
581,2.4184,2.025,11.206,17.608,1.209,10.041,1.165,Fairway,roll,-0.001,0
582,2.4225,1.999,11.211,17.598,1.167,10.041,1.170,Fairway,roll,0.000,0
583,2.4267,1.974,11.215,17.588,1.126,10.040,1.175,Fairway,roll,-0.001,0
584,2.4309,1.948,11.220,17.578,1.085,10.040,1.180,Fairway,roll,0.000,0
585,2.4350,1.923,11.224,17.568,1.043,10.039,1.185,Fairway,roll,-0.001,0
586,2.4392,1.897,11.229,17.558,1.002,10.039,1.190,Fairway,roll,0.000,0
587,2.4434,1.871,11.233,17.548,0.961,10.038,1.195,Fairway,roll,-0.001,0
588,2.4475,1.846,11.237,17.538,0.920,10.037,1.199,Fairway,roll,0.000,0
589,2.4517,1.820,11.240,17.528,0.878,10.037,1.203,Fairway,roll,-0.001,0
590,2.4559,1.795,11.244,17.518,0.837,10.037,1.207,Fairway,roll,0.000,0
591,2.4600,1.769,11.247,17.508,0.796,10.036,1.211,Fairway,roll,-0.001,0
592,2.4642,1.744,11.251,17.498,0.755,10.035,1.215,Fairway,roll,0.000,0
593,2.4684,1.718,11.254,17.488,0.714,10.035,1.219,Fairway,roll,-0.001,0
594,2.4725,1.692,11.256,17.478,0.672,10.034,1.222,Fairway,roll,0.000,0
595,2.4767,1.667,11.259,17.468,0.631,10.034,1.225,Fairway,roll,-0.001,0
596,2.4809,1.641,11.262,17.458,0.590,10.033,1.228,Fairway,roll,0.000,0
597,2.4850,1.616,11.264,17.448,0.549,10.033,1.231,Fairway,roll,-0.001,0
598,2.4892,1.591,11.266,17.438,0.508,10.032,1.234,Fairway,roll,0.000,0
599,2.4933,1.565,11.268,17.428,0.467,10.032,1.236,Fairway,roll,-0.001,0
600,2.4975,1.540,11.270,17.418,0.426,10.031,1.239,Fairway,roll,0.000,0
601,2.5017,1.514,11.272,17.408,0.385,10.031,1.241,Fairway,roll,-0.001,0
602,2.5058,1.489,11.273,17.399,0.344,10.030,1.243,Fairway,roll,0.000,0
603,2.5100,1.463,11.275,17.389,0.303,10.030,1.245,Fairway,roll,-0.001,0
604,2.5142,1.438,11.276,17.379,0.262,10.029,1.246,Fairway,roll,0.000,0
605,2.5183,1.413,11.277,17.369,0.221,10.029,1.248,Fairway,roll,-0.001,0
606,2.5225,1.387,11.278,17.359,0.180,10.028,1.249,Fairway,roll,0.000,0
607,2.5267,1.362,11.278,17.349,0.139,10.028,1.251,Fairway,roll,-0.001,0
608,2.5308,1.336,11.279,17.339,0.098,10.027,1.251,Fairway,roll,0.000,0
609,2.5350,1.311,11.279,17.329,0.057,10.027,1.252,Fairway,roll,-0.001,0
610,2.5392,1.286,11.279,17.319,0.017,10.026,1.253,Fairway,roll,0.000,0
611,2.5433,1.260,11.279,17.309,-0.024,10.026,1.254,Fairway,roll,-0.001,0
612,2.5475,1.235,11.279,17.299,-0.065,10.025,1.254,Fairway,roll,0.000,0
613,2.5517,1.210,11.279,17.289,-0.106,10.025,1.254,Fairway,roll,-0.001,0
614,2.5558,1.185,11.278,17.279,-0.147,10.024,1.254,Fairway,roll,0.000,0
615,2.5600,1.159,11.278,17.270,-0.187,10.024,1.254,Fairway,roll,-0.001,0
616,2.5642,1.134,11.277,17.260,-0.228,10.023,1.253,Fairway,roll,0.000,0
617,2.5683,1.109,11.276,17.250,-0.269,10.023,1.253,Fairway,roll,0.000,0
618,2.5725,1.083,11.274,17.240,-0.310,10.022,1.252,Fairway,roll,0.000,0
619,2.5767,1.058,11.273,17.230,-0.350,10.022,1.251,Fairway,roll,0.000,0
620,2.5808,1.033,11.272,17.220,-0.391,10.022,1.250,Fairway,roll,0.000,0
621,2.5850,1.008,11.270,17.210,-0.432,10.021,1.248,Fairway,roll,0.000,0
622,2.5892,0.983,11.268,17.200,-0.472,10.021,1.247,Fairway,roll,-0.001,0
623,2.5933,0.957,11.266,17.191,-0.513,10.021,1.245,Fairway,roll,0.000,0
624,2.5975,0.932,11.264,17.181,-0.554,10.020,1.244,Fairway,roll,-0.001,0
625,2.6017,0.907,11.261,17.171,-0.594,10.020,1.242,Fairway,roll,0.000,0
626,2.6058,0.882,11.259,17.161,-0.635,10.019,1.240,Fairway,roll,-0.001,0
627,2.6100,0.857,11.256,17.151,-0.675,10.018,1.238,Fairway,roll,0.000,0
628,2.6142,0.831,11.253,17.141,-0.716,10.018,1.235,Fairway,roll,-0.001,0
629,2.6183,0.806,11.250,17.131,-0.757,10.017,1.233,Fairway,roll,-0.001,0
630,2.6225,0.781,11.247,17.122,-0.797,10.016,1.230,Fairway,roll,-0.001,0
631,2.6266,0.756,11.243,17.112,-0.838,10.016,1.227,Fairway,roll,-0.001,0
632,2.6308,0.731,11.240,17.102,-0.878,10.015,1.225,Fairway,roll,-0.001,0
633,2.6350,0.706,11.236,17.092,-0.919,10.015,1.221,Fairway,roll,-0.001,0
634,2.6391,0.681,11.232,17.082,-0.959,10.014,1.218,Fairway,roll,0.000,0
635,2.6433,0.656,11.228,17.073,-0.999,10.014,1.214,Fairway,roll,-0.001,0
636,2.6475,0.631,11.224,17.063,-1.040,10.013,1.211,Fairway,roll,0.000,0
637,2.6516,0.606,11.219,17.053,-1.080,10.013,1.207,Fairway,roll,-0.001,0
638,2.6558,0.581,11.215,17.043,-1.121,10.012,1.203,Fairway,roll,0.000,0
639,2.6600,0.556,11.210,17.033,-1.161,10.012,1.198,Fairway,roll,-0.001,0
640,2.6641,0.530,11.205,17.024,-1.201,10.011,1.194,Fairway,roll,0.000,0
641,2.6683,0.505,11.200,17.014,-1.242,10.011,1.190,Fairway,roll,-0.001,0
642,2.6725,0.480,11.195,17.004,-1.282,10.010,1.185,Fairway,roll,0.000,0
643,2.6766,0.455,11.189,16.994,-1.322,10.010,1.180,Fairway,roll,-0.001,0
644,2.6808,0.430,11.184,16.984,-1.363,10.009,1.175,Fairway,roll,0.000,0
645,2.6850,0.406,11.178,16.975,-1.403,10.009,1.169,Fairway,roll,0.000,0
646,2.6891,0.381,11.172,16.965,-1.443,10.008,1.164,Fairway,roll,-0.001,0
647,2.6933,0.356,11.166,16.955,-1.483,10.008,1.158,Fairway,roll,0.000,0
648,2.6975,0.331,11.160,16.945,-1.523,10.007,1.153,Fairway,roll,-0.001,0
649,2.7016,0.306,11.153,16.936,-1.564,10.007,1.147,Fairway,roll,0.000,0
650,2.7058,0.281,11.147,16.926,-1.604,10.006,1.141,Fairway,roll,-0.001,0
651,2.7100,0.256,11.140,16.916,-1.644,10.006,1.134,Fairway,roll,0.000,0
652,2.7141,0.231,11.133,16.906,-1.684,10.005,1.128,Fairway,roll,-0.001,0
653,2.7183,0.206,11.126,16.897,-1.724,10.005,1.121,Fairway,roll,0.000,0
654,2.7225,0.181,11.119,16.887,-1.764,10.004,1.115,Fairway,roll,-0.001,0
655,2.7266,0.156,11.111,16.877,-1.804,10.004,1.108,Fairway,roll,0.000,0
656,2.7308,0.132,11.104,16.867,-1.844,10.003,1.101,Fairway,roll,0.000,0
657,2.7350,0.107,11.096,16.858,-1.884,10.003,1.093,Fairway,roll,-0.001,0
658,2.7391,0.082,11.088,16.848,-1.924,10.002,1.086,Fairway,roll,0.000,0
659,2.7433,0.057,11.080,16.838,-1.964,10.002,1.078,Fairway,roll,-0.001,0
660,2.7475,0.032,11.072,16.829,-2.004,10.001,1.070,Fairway,roll,0.000,0
661,2.7516,0.007,11.063,16.819,-2.044,10.001,1.062,Fairway,roll,0.000,0
662,2.7558,-0.017,11.055,16.809,-2.084,10.001,1.054,Fairway,roll,0.000,0
663,2.7599,-0.042,11.046,16.800,-2.124,10.000,1.046,Fairway,roll,0.000,0
664,2.7641,-0.067,11.037,16.790,-2.164,10.000,1.037,Fairway,roll,-0.001,0
665,2.7683,-0.092,11.028,16.780,-2.204,9.999,1.029,Fairway,roll,0.000,0
666,2.7724,-0.116,11.019,16.770,-2.244,9.999,1.020,Fairway,roll,-0.001,0
667,2.7766,-0.141,11.009,16.761,-2.284,9.998,1.011,Fairway,roll,0.000,0
668,2.7808,-0.166,11.000,16.751,-2.323,9.998,1.002,Fairway,roll,-0.001,0
669,2.7849,-0.191,10.990,16.741,-2.363,9.997,0.993,Fairway,roll,-0.001,0
670,2.7891,-0.215,10.980,16.732,-2.403,9.997,0.983,Fairway,roll,-0.001,0
671,2.7933,-0.240,10.970,16.722,-2.443,9.996,0.974,Fairway,roll,-0.001,0
672,2.7974,-0.265,10.960,16.712,-2.482,9.995,0.964,Fairway,roll,-0.001,0
673,2.8016,-0.289,10.949,16.703,-2.522,9.995,0.954,Fairway,roll,-0.001,0
674,2.8058,-0.314,10.939,16.693,-2.562,9.994,0.944,Fairway,roll,0.000,0
675,2.8099,-0.339,10.928,16.683,-2.601,9.994,0.934,Fairway,roll,-0.001,0
676,2.8141,-0.363,10.917,16.674,-2.641,9.993,0.924,Fairway,roll,0.000,0
677,2.8183,-0.388,10.906,16.664,-2.681,9.993,0.913,Fairway,roll,0.000,0
678,2.8224,-0.412,10.895,16.655,-2.720,9.992,0.902,Fairway,roll,-0.001,0
679,2.8266,-0.437,10.883,16.645,-2.760,9.992,0.891,Fairway,roll,0.000,0
680,2.8308,-0.462,10.872,16.635,-2.799,9.991,0.880,Fairway,roll,-0.001,0
681,2.8349,-0.486,10.860,16.626,-2.839,9.991,0.869,Fairway,roll,0.000,0
682,2.8391,-0.511,10.848,16.616,-2.878,9.990,0.858,Fairway,roll,0.000,0
683,2.8433,-0.535,10.836,16.607,-2.918,9.990,0.846,Fairway,roll,-0.001,0
684,2.8474,-0.560,10.824,16.597,-2.957,9.989,0.834,Fairway,roll,0.000,0
685,2.8516,-0.584,10.811,16.587,-2.997,9.989,0.823,Fairway,roll,-0.001,0
686,2.8558,-0.609,10.799,16.578,-3.036,9.988,0.810,Fairway,roll,0.000,0
687,2.8599,-0.633,10.786,16.568,-3.075,9.988,0.798,Fairway,roll,0.000,0
688,2.8641,-0.658,10.773,16.559,-3.115,9.987,0.786,Fairway,roll,-0.001,0
689,2.8683,-0.682,10.760,16.549,-3.154,9.987,0.773,Fairway,roll,0.000,0
690,2.8724,-0.707,10.747,16.539,-3.193,9.986,0.761,Fairway,roll,-0.001,0
691,2.8766,-0.731,10.734,16.530,-3.233,9.986,0.748,Fairway,roll,0.000,0
692,2.8808,-0.756,10.720,16.520,-3.272,9.985,0.735,Fairway,roll,-0.001,0
693,2.8849,-0.780,10.706,16.511,-3.311,9.985,0.721,Fairway,roll,0.000,0
694,2.8891,-0.805,10.692,16.501,-3.350,9.984,0.708,Fairway,roll,0.000,0
695,2.8933,-0.829,10.678,16.492,-3.389,9.984,0.694,Fairway,roll,-0.001,0
696,2.8974,-0.853,10.664,16.482,-3.428,9.983,0.681,Fairway,roll,0.000,0
697,2.9016,-0.878,10.650,16.473,-3.468,9.983,0.667,Fairway,roll,0.000,0
698,2.9057,-0.902,10.635,16.463,-3.507,9.982,0.653,Fairway,roll,-0.001,0
699,2.9099,-0.926,10.621,16.453,-3.546,9.982,0.639,Fairway,roll,0.000,0
700,2.9141,-0.951,10.606,16.444,-3.585,9.981,0.624,Fairway,roll,-0.001,0
701,2.9182,-0.975,10.591,16.434,-3.624,9.981,0.610,Fairway,roll,0.000,0
702,2.9224,-0.999,10.576,16.425,-3.663,9.981,0.595,Fairway,roll,0.000,0
703,2.9266,-1.024,10.560,16.415,-3.702,9.980,0.580,Fairway,roll,-0.001,0
704,2.9307,-1.048,10.545,16.406,-3.740,9.980,0.565,Fairway,roll,0.000,0
705,2.9349,-1.072,10.529,16.396,-3.779,9.979,0.550,Fairway,roll,-0.001,0
706,2.9391,-1.097,10.513,16.387,-3.818,9.979,0.535,Fairway,roll,0.000,0
707,2.9432,-1.121,10.497,16.377,-3.857,9.978,0.519,Fairway,roll,0.000,0
708,2.9474,-1.145,10.481,16.368,-3.896,9.977,0.504,Fairway,roll,-0.001,0
709,2.9516,-1.169,10.465,16.358,-3.934,9.977,0.488,Fairway,roll,0.000,0
710,2.9557,-1.194,10.448,16.349,-3.973,9.976,0.472,Fairway,roll,-0.001,0
711,2.9599,-1.218,10.432,16.339,-4.012,9.976,0.456,Fairway,roll,-0.001,0
712,2.9641,-1.242,10.415,16.330,-4.051,9.975,0.440,Fairway,roll,-0.001,0
713,2.9682,-1.266,10.398,16.321,-4.089,9.974,0.424,Fairway,roll,-0.001,0
714,2.9724,-1.290,10.381,16.311,-4.128,9.974,0.407,Fairway,roll,0.000,0
715,2.9766,-1.314,10.364,16.302,-4.166,9.973,0.390,Fairway,roll,-0.001,0
716,2.9807,-1.339,10.346,16.292,-4.205,9.973,0.373,Fairway,roll,-0.001,0
717,2.9849,-1.363,10.329,16.283,-4.243,9.972,0.356,Fairway,roll,0.000,0
718,2.9891,-1.387,10.311,16.273,-4.282,9.972,0.339,Fairway,roll,0.000,0
719,2.9932,-1.411,10.293,16.264,-4.320,9.971,0.321,Fairway,roll,-0.001,0
720,2.9974,-1.435,10.275,16.254,-4.359,9.971,0.304,Fairway,roll,0.000,0
721,3.0016,-1.459,10.257,16.245,-4.397,9.971,0.286,Fairway,roll,0.000,0
722,3.0057,-1.483,10.238,16.236,-4.435,9.970,0.268,Fairway,roll,0.000,0
723,3.0099,-1.507,10.220,16.226,-4.474,9.970,0.250,Fairway,roll,0.000,0
724,3.0141,-1.531,10.201,16.217,-4.512,9.969,0.232,Fairway,roll,-0.001,0
725,3.0182,-1.555,10.182,16.207,-4.550,9.969,0.214,Fairway,roll,0.000,0
726,3.0224,-1.579,10.163,16.198,-4.588,9.968,0.195,Fairway,roll,-0.001,0
727,3.0266,-1.603,10.144,16.189,-4.626,9.967,0.177,Fairway,roll,-0.001,0
728,3.0307,-1.627,10.125,16.179,-4.664,9.967,0.158,Fairway,roll,0.000,0
729,3.0349,-1.651,10.105,16.170,-4.703,9.967,0.139,Fairway,roll,0.000,0
730,3.0390,-1.675,10.085,16.160,-4.741,9.966,0.119,Fairway,roll,-0.001,0
731,3.0432,-1.699,10.066,16.151,-4.779,9.966,0.100,Fairway,roll,0.000,0
732,3.0474,-1.723,10.046,16.142,-4.817,9.965,0.080,Fairway,roll,0.000,0
733,3.0515,-1.747,10.025,16.132,-4.854,9.965,0.061,Fairway,roll,-0.001,0
734,3.0557,-1.771,10.005,16.123,-4.892,9.964,0.041,Fairway,roll,0.000,0
735,3.0599,-1.795,9.985,16.114,-4.930,9.964,0.021,Fairway,roll,-0.001,0
736,3.0640,-1.818,9.964,16.104,-4.968,9.963,0.001,Fairway,roll,0.000,0
737,3.0643,-1.820,9.963,16.104,-4.971,9.963,0.000,Fairway,roll,0.000,0
738,3.0685,-1.831,9.973,16.100,2.444,9.963,0.010,Fairway,roll,0.000,0
739,3.0726,-1.841,9.983,16.095,2.402,9.963,0.020,Fairway,roll,0.000,0
740,3.0768,-1.852,9.993,16.091,2.361,9.962,0.030,Fairway,roll,0.000,0
741,3.0810,-1.863,10.003,16.087,2.319,9.962,0.040,Fairway,roll,0.000,0
742,3.0851,-1.874,10.012,16.083,2.278,9.962,0.050,Fairway,roll,0.000,0
743,3.0893,-1.884,10.022,16.079,2.237,9.962,0.060,Fairway,roll,0.000,0
744,3.0935,-1.895,10.031,16.074,2.195,9.961,0.069,Fairway,roll,0.000,0
745,3.0976,-1.906,10.040,16.070,2.154,9.961,0.079,Fairway,roll,0.000,0
746,3.1018,-1.916,10.049,16.066,2.112,9.961,0.088,Fairway,roll,0.000,0
747,3.1060,-1.927,10.058,16.062,2.071,9.961,0.097,Fairway,roll,0.000,0
748,3.1101,-1.938,10.066,16.058,2.030,9.960,0.106,Fairway,roll,0.000,0
749,3.1143,-1.949,10.074,16.053,1.988,9.960,0.114,Fairway,roll,0.000,0
750,3.1185,-1.959,10.083,16.049,1.947,9.960,0.123,Fairway,roll,0.000,0
751,3.1226,-1.970,10.091,16.045,1.906,9.959,0.131,Fairway,roll,0.000,0
752,3.1268,-1.981,10.098,16.041,1.865,9.959,0.139,Fairway,roll,0.000,0
753,3.1310,-1.991,10.106,16.037,1.823,9.959,0.147,Fairway,roll,0.000,0
754,3.1351,-2.002,10.114,16.033,1.782,9.959,0.155,Fairway,roll,0.000,0
755,3.1393,-2.013,10.121,16.028,1.741,9.959,0.162,Fairway,roll,0.000,0
756,3.1435,-2.023,10.128,16.024,1.700,9.958,0.170,Fairway,roll,0.000,0
757,3.1476,-2.034,10.135,16.020,1.659,9.958,0.177,Fairway,roll,0.000,0
758,3.1518,-2.045,10.142,16.016,1.617,9.958,0.184,Fairway,roll,0.000,0
759,3.1560,-2.055,10.149,16.012,1.576,9.958,0.191,Fairway,roll,0.000,0
760,3.1601,-2.066,10.155,16.007,1.535,9.958,0.197,Fairway,roll,0.000,0
761,3.1643,-2.077,10.161,16.003,1.494,9.957,0.204,Fairway,roll,0.000,0
762,3.1685,-2.087,10.167,15.999,1.453,9.957,0.210,Fairway,roll,0.000,0
763,3.1726,-2.098,10.173,15.995,1.412,9.957,0.216,Fairway,roll,0.000,0
764,3.1768,-2.109,10.179,15.991,1.371,9.957,0.222,Fairway,roll,0.000,0
765,3.1810,-2.119,10.185,15.987,1.329,9.957,0.228,Fairway,roll,0.000,0
766,3.1851,-2.130,10.190,15.982,1.288,9.956,0.234,Fairway,roll,0.000,0
767,3.1893,-2.141,10.196,15.978,1.247,9.956,0.239,Fairway,roll,0.000,0
768,3.1935,-2.151,10.201,15.974,1.206,9.956,0.245,Fairway,roll,0.000,0
769,3.1976,-2.162,10.206,15.970,1.165,9.956,0.250,Fairway,roll,0.000,0
770,3.2018,-2.173,10.210,15.966,1.124,9.955,0.255,Fairway,roll,0.000,0
771,3.2059,-2.183,10.215,15.962,1.083,9.955,0.260,Fairway,roll,0.000,0
772,3.2101,-2.194,10.219,15.957,1.042,9.955,0.264,Fairway,roll,0.000,0
773,3.2143,-2.205,10.224,15.953,1.001,9.955,0.269,Fairway,roll,0.000,0
774,3.2184,-2.215,10.228,15.949,0.960,9.955,0.273,Fairway,roll,0.000,0
775,3.2226,-2.226,10.232,15.945,0.919,9.954,0.277,Fairway,roll,0.000,0
776,3.2268,-2.237,10.235,15.941,0.878,9.954,0.281,Fairway,roll,0.000,0
777,3.2309,-2.247,10.239,15.937,0.837,9.954,0.285,Fairway,roll,0.000,0
778,3.2351,-2.258,10.242,15.932,0.796,9.954,0.289,Fairway,roll,0.000,0
779,3.2393,-2.269,10.245,15.928,0.755,9.953,0.292,Fairway,roll,0.000,0
780,3.2434,-2.279,10.249,15.924,0.714,9.953,0.295,Fairway,roll,0.000,0
781,3.2476,-2.290,10.251,15.920,0.673,9.953,0.299,Fairway,roll,0.000,0
782,3.2518,-2.300,10.254,15.916,0.632,9.953,0.301,Fairway,roll,0.000,0
783,3.2559,-2.311,10.257,15.912,0.591,9.952,0.304,Fairway,roll,0.000,0
784,3.2601,-2.322,10.259,15.907,0.550,9.952,0.307,Fairway,roll,0.000,0
785,3.2643,-2.332,10.261,15.903,0.509,9.952,0.309,Fairway,roll,0.000,0
786,3.2684,-2.343,10.263,15.899,0.468,9.952,0.312,Fairway,roll,0.000,0
787,3.2726,-2.354,10.265,15.895,0.428,9.951,0.314,Fairway,roll,0.000,0
788,3.2768,-2.364,10.267,15.891,0.387,9.951,0.316,Fairway,roll,0.000,0
789,3.2809,-2.375,10.268,15.887,0.346,9.951,0.318,Fairway,roll,0.000,0
790,3.2851,-2.385,10.270,15.882,0.305,9.950,0.319,Fairway,roll,0.000,0
791,3.2893,-2.396,10.271,15.878,0.264,9.950,0.321,Fairway,roll,0.000,0
792,3.2934,-2.407,10.272,15.874,0.223,9.950,0.322,Fairway,roll,0.000,0
793,3.2976,-2.417,10.273,15.870,0.182,9.950,0.323,Fairway,roll,0.000,0
794,3.3018,-2.428,10.273,15.866,0.141,9.949,0.324,Fairway,roll,0.000,0
795,3.3059,-2.439,10.274,15.862,0.100,9.949,0.325,Fairway,roll,0.000,0
796,3.3101,-2.449,10.274,15.858,0.060,9.949,0.325,Fairway,roll,0.000,0
797,3.3143,-2.460,10.274,15.853,0.019,9.949,0.326,Fairway,roll,0.000,0
798,3.3184,-2.470,10.274,15.849,-0.022,9.948,0.326,Fairway,roll,0.000,0
799,3.3226,-2.481,10.274,15.845,-0.063,9.948,0.326,Fairway,roll,0.000,0
800,3.3268,-2.492,10.274,15.841,-0.104,9.948,0.326,Fairway,roll,0.000,0
801,3.3309,-2.502,10.273,15.837,-0.145,9.947,0.326,Fairway,roll,0.000,0
802,3.3351,-2.513,10.273,15.833,-0.185,9.947,0.325,Fairway,roll,0.000,0
803,3.3392,-2.523,10.272,15.829,-0.226,9.947,0.325,Fairway,roll,0.000,0
804,3.3434,-2.534,10.271,15.824,-0.267,9.947,0.324,Fairway,roll,0.000,0
805,3.3476,-2.545,10.270,15.820,-0.308,9.946,0.323,Fairway,roll,0.000,0
806,3.3517,-2.555,10.268,15.816,-0.349,9.946,0.322,Fairway,roll,0.000,0
807,3.3559,-2.566,10.267,15.812,-0.389,9.946,0.321,Fairway,roll,0.000,0
808,3.3601,-2.576,10.265,15.808,-0.430,9.946,0.319,Fairway,roll,0.000,0
809,3.3642,-2.587,10.263,15.804,-0.471,9.946,0.317,Fairway,roll,0.000,0
810,3.3684,-2.598,10.261,15.799,-0.512,9.945,0.316,Fairway,roll,0.000,0
811,3.3726,-2.608,10.259,15.795,-0.553,9.945,0.314,Fairway,roll,0.000,0
812,3.3767,-2.619,10.256,15.791,-0.593,9.945,0.311,Fairway,roll,0.000,0
813,3.3809,-2.629,10.254,15.787,-0.634,9.945,0.309,Fairway,roll,0.000,0
814,3.3851,-2.640,10.251,15.783,-0.675,9.944,0.307,Fairway,roll,0.000,0
815,3.3892,-2.651,10.248,15.779,-0.716,9.944,0.304,Fairway,roll,0.000,0
816,3.3934,-2.661,10.245,15.775,-0.756,9.944,0.301,Fairway,roll,0.000,0
817,3.3976,-2.672,10.242,15.770,-0.797,9.944,0.298,Fairway,roll,0.000,0
818,3.4017,-2.682,10.239,15.766,-0.838,9.944,0.295,Fairway,roll,0.000,0
819,3.4059,-2.693,10.235,15.762,-0.878,9.943,0.292,Fairway,roll,0.000,0
820,3.4101,-2.703,10.231,15.758,-0.919,9.943,0.288,Fairway,roll,0.000,0
821,3.4142,-2.714,10.227,15.754,-0.960,9.943,0.284,Fairway,roll,0.000,0
822,3.4184,-2.725,10.223,15.750,-1.001,9.943,0.280,Fairway,roll,0.000,0
823,3.4226,-2.735,10.219,15.746,-1.041,9.943,0.276,Fairway,roll,0.000,0
824,3.4267,-2.746,10.215,15.742,-1.082,9.942,0.272,Fairway,roll,0.000,0
825,3.4309,-2.756,10.210,15.737,-1.123,9.942,0.268,Fairway,roll,0.000,0
826,3.4351,-2.767,10.205,15.733,-1.163,9.942,0.263,Fairway,roll,0.000,0
827,3.4392,-2.777,10.200,15.729,-1.204,9.942,0.259,Fairway,roll,0.000,0
828,3.4434,-2.788,10.195,15.725,-1.244,9.942,0.254,Fairway,roll,0.000,0
829,3.4476,-2.799,10.190,15.721,-1.285,9.941,0.249,Fairway,roll,0.000,0
830,3.4517,-2.809,10.185,15.717,-1.326,9.941,0.243,Fairway,roll,0.000,0
831,3.4559,-2.820,10.179,15.713,-1.366,9.941,0.238,Fairway,roll,0.000,0
832,3.4601,-2.830,10.173,15.708,-1.407,9.941,0.232,Fairway,roll,0.000,0
833,3.4642,-2.841,10.167,15.704,-1.447,9.941,0.227,Fairway,roll,0.000,0
834,3.4684,-2.851,10.161,15.700,-1.488,9.940,0.221,Fairway,roll,0.000,0
835,3.4725,-2.862,10.155,15.696,-1.529,9.940,0.215,Fairway,roll,0.000,0
836,3.4767,-2.872,10.148,15.692,-1.569,9.940,0.208,Fairway,roll,0.000,0
837,3.4809,-2.883,10.142,15.688,-1.610,9.940,0.202,Fairway,roll,0.000,0
838,3.4850,-2.893,10.135,15.684,-1.650,9.940,0.195,Fairway,roll,0.000,0
839,3.4892,-2.904,10.128,15.680,-1.691,9.939,0.189,Fairway,roll,0.000,0
840,3.4934,-2.915,10.121,15.675,-1.731,9.939,0.182,Fairway,roll,0.000,0
841,3.4975,-2.925,10.114,15.671,-1.772,9.939,0.175,Fairway,roll,0.000,0
842,3.5017,-2.936,10.106,15.667,-1.812,9.939,0.168,Fairway,roll,0.000,0
843,3.5059,-2.946,10.099,15.663,-1.853,9.938,0.160,Fairway,roll,0.000,0
844,3.5100,-2.957,10.091,15.659,-1.893,9.938,0.153,Fairway,roll,0.000,0
845,3.5142,-2.967,10.083,15.655,-1.934,9.938,0.145,Fairway,roll,0.000,0
846,3.5184,-2.978,10.075,15.651,-1.974,9.938,0.137,Fairway,roll,0.000,0
847,3.5225,-2.988,10.066,15.647,-2.014,9.938,0.129,Fairway,roll,0.000,0
848,3.5267,-2.999,10.058,15.642,-2.055,9.937,0.121,Fairway,roll,0.000,0
849,3.5309,-3.009,10.049,15.638,-2.095,9.937,0.112,Fairway,roll,0.000,0
850,3.5350,-3.020,10.040,15.634,-2.135,9.937,0.104,Fairway,roll,0.000,0
851,3.5392,-3.030,10.031,15.630,-2.176,9.937,0.095,Fairway,roll,0.000,0
852,3.5434,-3.041,10.022,15.626,-2.216,9.937,0.086,Fairway,roll,0.000,0
853,3.5475,-3.051,10.013,15.622,-2.256,9.936,0.077,Fairway,roll,0.000,0
854,3.5517,-3.062,10.004,15.618,-2.297,9.936,0.067,Fairway,roll,0.000,0
855,3.5559,-3.072,9.994,15.614,-2.337,9.936,0.058,Fairway,roll,0.000,0
856,3.5600,-3.083,9.984,15.610,-2.377,9.936,0.048,Fairway,roll,0.000,0
857,3.5642,-3.093,9.974,15.605,-2.417,9.936,0.039,Fairway,roll,0.000,0
858,3.5684,-3.104,9.964,15.601,-2.458,9.935,0.029,Fairway,roll,0.000,0
859,3.5725,-3.114,9.954,15.597,-2.498,9.935,0.019,Fairway,roll,0.000,0
860,3.5767,-3.125,9.943,15.593,-2.538,9.935,0.008,Fairway,roll,0.000,0
861,3.5801,-3.133,9.934,15.590,-2.571,9.934,0.000,Fairway,roll,0.000,0
862,3.5843,-3.138,9.940,15.588,1.244,9.934,0.005,Fairway,roll,0.000,0
863,3.5884,-3.143,9.945,15.586,1.204,9.934,0.011,Fairway,roll,0.000,0
864,3.5926,-3.148,9.950,15.584,1.163,9.934,0.016,Fairway,roll,0.000,0
865,3.5968,-3.152,9.954,15.582,1.122,9.934,0.021,Fairway,roll,0.000,0
866,3.6009,-3.157,9.959,15.581,1.081,9.934,0.025,Fairway,roll,0.000,0
867,3.6051,-3.162,9.963,15.579,1.040,9.934,0.030,Fairway,roll,0.000,0
868,3.6093,-3.166,9.968,15.577,0.999,9.934,0.034,Fairway,roll,0.000,0
869,3.6134,-3.171,9.972,15.575,0.958,9.933,0.038,Fairway,roll,0.000,0
870,3.6176,-3.176,9.976,15.573,0.917,9.933,0.042,Fairway,roll,0.000,0
871,3.6218,-3.181,9.979,15.571,0.876,9.933,0.046,Fairway,roll,0.000,0
872,3.6259,-3.185,9.983,15.569,0.835,9.933,0.050,Fairway,roll,0.000,0
873,3.6301,-3.190,9.986,15.568,0.794,9.933,0.053,Fairway,roll,0.000,0
874,3.6343,-3.195,9.990,15.566,0.753,9.933,0.057,Fairway,roll,0.000,0
875,3.6384,-3.199,9.993,15.564,0.712,9.933,0.060,Fairway,roll,0.000,0
876,3.6426,-3.204,9.995,15.562,0.671,9.933,0.063,Fairway,roll,0.000,0
877,3.6468,-3.209,9.998,15.560,0.630,9.933,0.066,Fairway,roll,0.000,0
878,3.6509,-3.214,10.001,15.558,0.590,9.932,0.068,Fairway,roll,0.000,0
879,3.6551,-3.218,10.003,15.557,0.549,9.932,0.071,Fairway,roll,0.000,0
880,3.6593,-3.223,10.005,15.555,0.508,9.932,0.073,Fairway,roll,0.000,0
881,3.6634,-3.228,10.007,15.553,0.467,9.932,0.075,Fairway,roll,0.000,0
882,3.6676,-3.232,10.009,15.551,0.426,9.932,0.077,Fairway,roll,0.000,0
883,3.6718,-3.237,10.011,15.549,0.385,9.932,0.079,Fairway,roll,0.000,0
884,3.6759,-3.242,10.012,15.547,0.344,9.932,0.081,Fairway,roll,0.000,0
885,3.6801,-3.247,10.014,15.545,0.303,9.932,0.082,Fairway,roll,0.000,0
886,3.6843,-3.251,10.015,15.544,0.263,9.931,0.083,Fairway,roll,0.000,0
887,3.6884,-3.256,10.016,15.542,0.222,9.931,0.085,Fairway,roll,0.000,0
888,3.6926,-3.261,10.017,15.540,0.181,9.931,0.085,Fairway,roll,0.000,0
889,3.6967,-3.265,10.017,15.538,0.140,9.931,0.086,Fairway,roll,0.000,0
890,3.7009,-3.270,10.018,15.536,0.099,9.931,0.087,Fairway,roll,0.000,0
891,3.7051,-3.275,10.018,15.534,0.058,9.931,0.087,Fairway,roll,0.000,0
892,3.7092,-3.279,10.018,15.533,0.017,9.931,0.087,Fairway,roll,0.000,0
893,3.7134,-3.284,10.018,15.531,-0.023,9.931,0.088,Fairway,roll,0.000,0
894,3.7176,-3.289,10.018,15.529,-0.064,9.930,0.088,Fairway,roll,0.000,0
895,3.7217,-3.294,10.018,15.527,-0.105,9.930,0.087,Fairway,roll,0.000,0
896,3.7259,-3.298,10.017,15.525,-0.146,9.930,0.087,Fairway,roll,0.000,0
897,3.7301,-3.303,10.017,15.523,-0.187,9.930,0.086,Fairway,roll,0.000,0
898,3.7342,-3.308,10.016,15.521,-0.228,9.930,0.086,Fairway,roll,0.000,0
899,3.7384,-3.312,10.015,15.520,-0.268,9.930,0.085,Fairway,roll,0.000,0
900,3.7426,-3.317,10.013,15.518,-0.309,9.930,0.084,Fairway,roll,0.000,0
901,3.7467,-3.322,10.012,15.516,-0.350,9.930,0.083,Fairway,roll,0.000,0
902,3.7509,-3.326,10.011,15.514,-0.391,9.929,0.081,Fairway,roll,0.000,0
903,3.7551,-3.331,10.009,15.512,-0.432,9.929,0.079,Fairway,roll,0.000,0
904,3.7592,-3.336,10.007,15.510,-0.473,9.929,0.078,Fairway,roll,0.000,0
905,3.7634,-3.341,10.005,15.509,-0.513,9.929,0.076,Fairway,roll,0.000,0
906,3.7676,-3.345,10.003,15.507,-0.554,9.929,0.074,Fairway,roll,0.000,0
907,3.7717,-3.350,10.000,15.505,-0.595,9.929,0.071,Fairway,roll,0.000,0
908,3.7759,-3.355,9.998,15.503,-0.636,9.929,0.069,Fairway,roll,0.000,0
909,3.7801,-3.359,9.995,15.501,-0.677,9.929,0.066,Fairway,roll,0.000,0
910,3.7842,-3.364,9.992,15.499,-0.717,9.929,0.064,Fairway,roll,0.000,0
911,3.7884,-3.369,9.989,15.497,-0.758,9.928,0.061,Fairway,roll,0.000,0
912,3.7926,-3.373,9.986,15.496,-0.799,9.928,0.058,Fairway,roll,0.000,0
913,3.7967,-3.378,9.982,15.494,-0.840,9.928,0.054,Fairway,roll,0.000,0
914,3.8009,-3.383,9.979,15.492,-0.881,9.928,0.051,Fairway,roll,0.000,0
915,3.8051,-3.388,9.975,15.490,-0.921,9.928,0.047,Fairway,roll,0.000,0
916,3.8092,-3.392,9.971,15.488,-0.962,9.928,0.043,Fairway,roll,0.000,0
917,3.8134,-3.397,9.967,15.486,-1.003,9.928,0.039,Fairway,roll,0.000,0
918,3.8176,-3.402,9.963,15.485,-1.044,9.928,0.035,Fairway,roll,0.000,0
919,3.8217,-3.406,9.958,15.483,-1.084,9.927,0.031,Fairway,roll,0.000,0
920,3.8259,-3.411,9.954,15.481,-1.125,9.927,0.026,Fairway,roll,0.000,0
921,3.8300,-3.416,9.949,15.479,-1.166,9.927,0.022,Fairway,roll,0.000,0
922,3.8342,-3.420,9.944,15.477,-1.206,9.927,0.017,Fairway,roll,0.000,0
923,3.8384,-3.425,9.939,15.475,-1.247,9.927,0.012,Fairway,roll,0.000,0
924,3.8425,-3.430,9.934,15.474,-1.288,9.927,0.007,Fairway,roll,0.000,0
925,3.8467,-3.435,9.928,15.472,-1.329,9.927,0.002,Fairway,roll,0.000,0
926,3.8479,-3.436,9.927,15.471,-1.341,9.927,0.000,Fairway,roll,0.000,0
927,3.8521,-3.438,9.929,15.470,0.629,9.927,0.003,Fairway,roll,0.000,0
928,3.8563,-3.440,9.932,15.470,0.589,9.927,0.005,Fairway,roll,0.000,0
929,3.8604,-3.442,9.934,15.469,0.548,9.927,0.008,Fairway,roll,0.000,0
930,3.8646,-3.444,9.936,15.468,0.507,9.926,0.010,Fairway,roll,0.000,0
931,3.8688,-3.446,9.938,15.467,0.466,9.926,0.012,Fairway,roll,0.000,0
932,3.8729,-3.449,9.940,15.466,0.425,9.926,0.014,Fairway,roll,0.000,0
933,3.8771,-3.451,9.942,15.465,0.384,9.926,0.016,Fairway,roll,0.000,0
934,3.8813,-3.453,9.943,15.465,0.343,9.926,0.017,Fairway,roll,0.000,0
935,3.8854,-3.455,9.945,15.464,0.303,9.926,0.019,Fairway,roll,0.000,0
936,3.8896,-3.457,9.946,15.463,0.262,9.926,0.020,Fairway,roll,0.000,0
937,3.8938,-3.459,9.947,15.462,0.221,9.926,0.021,Fairway,roll,0.000,0
938,3.8979,-3.461,9.948,15.461,0.180,9.926,0.022,Fairway,roll,0.000,0
939,3.9021,-3.463,9.948,15.460,0.139,9.926,0.022,Fairway,roll,0.000,0
940,3.9063,-3.465,9.949,15.460,0.098,9.926,0.023,Fairway,roll,0.000,0
941,3.9104,-3.468,9.949,15.459,0.057,9.926,0.023,Fairway,roll,0.000,0
942,3.9146,-3.470,9.949,15.458,0.017,9.926,0.024,Fairway,roll,0.000,0
943,3.9188,-3.472,9.949,15.457,-0.024,9.926,0.023,Fairway,roll,0.000,0
944,3.9229,-3.474,9.949,15.456,-0.065,9.926,0.023,Fairway,roll,0.000,0
945,3.9271,-3.476,9.949,15.456,-0.106,9.926,0.023,Fairway,roll,0.000,0
946,3.9313,-3.478,9.948,15.455,-0.147,9.926,0.023,Fairway,roll,0.000,0
947,3.9354,-3.480,9.948,15.454,-0.188,9.926,0.022,Fairway,roll,0.000,0
948,3.9396,-3.482,9.947,15.453,-0.228,9.926,0.021,Fairway,roll,0.000,0
949,3.9438,-3.484,9.946,15.452,-0.269,9.926,0.020,Fairway,roll,0.000,0
950,3.9479,-3.486,9.945,15.451,-0.310,9.925,0.019,Fairway,roll,0.000,0
951,3.9521,-3.489,9.943,15.451,-0.351,9.925,0.018,Fairway,roll,0.000,0
952,3.9563,-3.491,9.942,15.450,-0.392,9.925,0.016,Fairway,roll,0.000,0
953,3.9604,-3.493,9.940,15.449,-0.433,9.925,0.015,Fairway,roll,0.000,0
954,3.9646,-3.495,9.938,15.448,-0.473,9.925,0.013,Fairway,roll,0.000,0
955,3.9688,-3.497,9.936,15.447,-0.514,9.925,0.011,Fairway,roll,0.000,0
956,3.9729,-3.499,9.934,15.446,-0.555,9.925,0.009,Fairway,roll,0.000,0
957,3.9771,-3.501,9.931,15.446,-0.596,9.925,0.006,Fairway,roll,0.000,0
958,3.9812,-3.503,9.929,15.445,-0.637,9.925,0.004,Fairway,roll,0.000,0
959,3.9854,-3.505,9.926,15.444,-0.678,9.925,0.001,Fairway,roll,0.000,0
960,3.9871,-3.506,9.925,15.444,-0.694,9.925,0.000,Fairway,roll,0.000,0
961,3.9912,-3.507,9.946,15.443,0.000,9.925,0.021,Fairway,roll,0.000,0
962,3.9954,-3.508,9.946,15.443,0.000,9.925,0.021,Fairway,roll,0.000,0
963,3.9996,-3.509,9.946,15.443,0.000,9.925,0.021,Fairway,roll,0.000,0
964,4.0037,-3.510,9.946,15.442,0.000,9.925,0.021,Fairway,roll,0.000,0
965,4.0079,-3.511,9.946,15.442,0.000,9.925,0.021,Fairway,roll,0.000,0
966,4.0121,-3.512,9.946,15.441,0.000,9.925,0.021,Fairway,roll,0.000,0
967,4.0162,-3.513,9.946,15.441,0.000,9.925,0.021,Fairway,roll,0.000,0
968,4.0204,-3.514,9.946,15.441,0.000,9.925,0.021,Fairway,roll,0.000,0
969,4.0246,-3.515,9.946,15.440,0.000,9.925,0.021,Fairway,roll,0.000,0
970,4.0287,-3.516,9.946,15.440,0.000,9.925,0.021,Fairway,roll,0.000,0
971,4.0329,-3.517,9.946,15.439,0.000,9.925,0.021,Fairway,roll,0.000,0
972,4.0371,-3.518,9.946,15.439,0.000,9.925,0.021,Fairway,roll,0.000,0
973,4.0412,-3.519,9.946,15.439,0.000,9.925,0.021,Fairway,roll,0.000,0
974,4.0454,-3.520,9.946,15.438,0.000,9.925,0.021,Fairway,roll,0.000,0
975,4.0496,-3.521,9.946,15.438,0.000,9.925,0.021,Fairway,roll,0.000,0
976,4.0537,-3.522,9.946,15.438,0.000,9.925,0.021,Fairway,roll,0.000,0
977,4.0579,-3.522,9.946,15.437,0.000,9.925,0.021,Fairway,roll,0.000,0
978,4.0621,-3.523,9.946,15.437,0.000,9.925,0.021,Fairway,roll,0.000,0
979,4.0662,-3.524,9.946,15.436,0.000,9.925,0.021,Fairway,roll,0.000,0
980,4.0704,-3.525,9.946,15.436,0.000,9.924,0.021,Fairway,roll,0.000,0
981,4.0746,-3.526,9.946,15.436,0.000,9.924,0.021,Fairway,roll,0.000,0
982,4.0787,-3.527,9.946,15.435,0.000,9.924,0.021,Fairway,roll,0.000,0
983,4.0829,-3.528,9.946,15.435,0.000,9.924,0.021,Fairway,roll,0.000,0
984,4.0871,-3.529,9.946,15.434,0.000,9.924,0.021,Fairway,roll,0.000,0
985,4.0912,-3.530,9.946,15.434,0.000,9.924,0.021,Fairway,roll,0.000,0
986,4.0954,-3.531,9.946,15.434,0.000,9.924,0.021,Fairway,roll,0.000,0
987,4.0995,-3.532,9.946,15.433,0.000,9.924,0.021,Fairway,roll,0.000,0
988,4.1037,-3.533,9.946,15.433,0.000,9.924,0.021,Fairway,roll,0.000,0
989,4.1079,-3.534,9.946,15.433,0.000,9.924,0.021,Fairway,roll,0.000,0
990,4.1120,-3.535,9.946,15.432,0.000,9.924,0.021,Fairway,roll,0.000,0
991,4.1162,-3.536,9.945,15.432,0.000,9.924,0.021,Fairway,roll,0.000,0
992,4.1204,-3.537,9.945,15.432,0.000,9.924,0.021,Fairway,roll,0.000,0
993,4.1245,-3.538,9.945,15.431,0.000,9.924,0.021,Fairway,roll,0.000,0
994,4.1287,-3.538,9.945,15.431,0.000,9.924,0.021,Fairway,roll,0.000,0
995,4.1329,-3.539,9.945,15.430,0.000,9.924,0.021,Fairway,roll,0.000,0
996,4.1370,-3.540,9.945,15.430,0.000,9.924,0.021,Fairway,roll,0.000,0
997,4.1412,-3.541,9.945,15.430,0.000,9.924,0.021,Fairway,roll,0.000,0
998,4.1454,-3.542,9.945,15.429,0.000,9.924,0.021,Fairway,roll,0.000,0
999,4.1495,-3.543,9.945,15.429,0.000,9.924,0.021,Fairway,roll,0.000,0
1000,4.1537,-3.544,9.945,15.429,0.000,9.924,0.021,Fairway,roll,0.000,0
1001,4.1579,-3.545,9.945,15.428,0.000,9.924,0.021,Fairway,roll,0.000,0
1002,4.1620,-3.546,9.945,15.428,0.000,9.924,0.021,Fairway,roll,0.000,0
1003,4.1662,-3.547,9.945,15.427,0.000,9.924,0.021,Fairway,roll,0.000,0
1004,4.1704,-3.548,9.945,15.427,0.000,9.924,0.021,Fairway,roll,0.000,0
1005,4.1745,-3.549,9.945,15.427,0.000,9.924,0.021,Fairway,roll,0.000,0
1006,4.1787,-3.550,9.945,15.426,0.000,9.924,0.021,Fairway,roll,0.000,0
1007,4.1829,-3.551,9.945,15.426,0.000,9.924,0.021,Fairway,roll,0.000,0
1008,4.1870,-3.552,9.945,15.426,0.000,9.924,0.021,Fairway,roll,0.000,0
1009,4.1912,-3.552,9.945,15.425,0.000,9.924,0.021,Fairway,roll,0.000,0
1010,4.1954,-3.553,9.945,15.425,0.000,9.924,0.021,Fairway,roll,0.000,0
1011,4.1995,-3.554,9.945,15.425,0.000,9.924,0.021,Fairway,roll,0.000,0
1012,4.2037,-3.555,9.945,15.424,0.000,9.924,0.021,Fairway,roll,0.000,0
1013,4.2079,-3.556,9.945,15.424,0.000,9.924,0.021,Fairway,roll,0.000,0
1014,4.2120,-3.557,9.945,15.423,0.000,9.924,0.021,Fairway,roll,0.000,0
1015,4.2162,-3.558,9.945,15.423,0.000,9.924,0.021,Fairway,roll,0.000,0
1016,4.2204,-3.559,9.945,15.423,0.000,9.924,0.021,Fairway,roll,0.000,0
1017,4.2245,-3.560,9.945,15.422,0.000,9.924,0.021,Fairway,roll,0.000,0
1018,4.2287,-3.561,9.945,15.422,0.000,9.924,0.021,Fairway,roll,0.000,0
1019,4.2328,-3.562,9.945,15.422,0.000,9.923,0.021,Fairway,roll,0.000,0
1020,4.2370,-3.563,9.945,15.421,0.000,9.923,0.021,Fairway,roll,0.000,0
1021,4.2412,-3.564,9.945,15.421,0.000,9.923,0.021,Fairway,roll,0.000,0
1022,4.2453,-3.564,9.945,15.421,0.000,9.923,0.021,Fairway,roll,0.000,0
1023,4.2495,-3.565,9.945,15.420,0.000,9.923,0.021,Fairway,roll,0.000,0
1024,4.2537,-3.566,9.945,15.420,0.000,9.923,0.021,Fairway,roll,0.000,0
1025,4.2578,-3.567,9.945,15.419,0.000,9.923,0.021,Fairway,roll,0.000,0
1026,4.2620,-3.568,9.945,15.419,0.000,9.923,0.021,Fairway,roll,0.000,0
1027,4.2662,-3.569,9.945,15.419,0.000,9.923,0.021,Fairway,roll,0.000,0
1028,4.2703,-3.570,9.945,15.418,0.000,9.923,0.021,Fairway,roll,0.000,0
1029,4.2745,-3.571,9.945,15.418,0.000,9.923,0.021,Fairway,roll,0.000,0
1030,4.2787,-3.572,9.945,15.418,0.000,9.923,0.021,Fairway,roll,0.000,0
1031,4.2828,-3.573,9.945,15.417,0.000,9.923,0.021,Fairway,roll,0.000,0
1032,4.2870,-3.574,9.945,15.417,0.000,9.923,0.021,Fairway,roll,0.000,0
1033,4.2912,-3.574,9.945,15.417,0.000,9.923,0.021,Fairway,roll,0.000,0
1034,4.2953,-3.575,9.944,15.416,0.000,9.923,0.021,Fairway,roll,0.000,0
1035,4.2995,-3.576,9.944,15.416,0.000,9.923,0.021,Fairway,roll,0.000,0
1036,4.3037,-3.577,9.944,15.415,0.000,9.923,0.021,Fairway,roll,0.000,0
1037,4.3078,-3.578,9.944,15.415,0.000,9.923,0.021,Fairway,roll,0.000,0
1038,4.3120,-3.579,9.944,15.415,0.000,9.923,0.021,Fairway,roll,0.000,0
1039,4.3162,-3.580,9.944,15.414,0.000,9.923,0.021,Fairway,roll,0.000,0
1040,4.3203,-3.581,9.944,15.414,0.000,9.923,0.021,Fairway,roll,0.000,0
1041,4.3245,-3.582,9.944,15.414,0.000,9.923,0.021,Fairway,roll,0.000,0
1042,4.3287,-3.583,9.944,15.413,0.000,9.923,0.021,Fairway,roll,0.000,0
1043,4.3328,-3.584,9.944,15.413,0.000,9.923,0.021,Fairway,roll,0.000,0
1044,4.3370,-3.584,9.944,15.412,0.000,9.923,0.021,Fairway,roll,0.000,0
1045,4.3412,-3.585,9.944,15.412,0.000,9.923,0.021,Fairway,roll,0.000,0
1046,4.3453,-3.586,9.944,15.412,0.000,9.923,0.021,Fairway,roll,0.000,0
1047,4.3495,-3.587,9.944,15.411,0.000,9.923,0.021,Fairway,roll,0.000,0
1048,4.3537,-3.588,9.944,15.411,0.000,9.923,0.021,Fairway,roll,0.000,0
1049,4.3578,-3.589,9.944,15.411,0.000,9.923,0.021,Fairway,roll,0.000,0
1050,4.3620,-3.590,9.944,15.410,0.000,9.923,0.021,Fairway,roll,0.000,0
1051,4.3662,-3.591,9.944,15.410,0.000,9.923,0.021,Fairway,roll,0.000,0
1052,4.3703,-3.592,9.944,15.410,0.000,9.923,0.021,Fairway,roll,0.000,0
1053,4.3745,-3.593,9.944,15.409,0.000,9.923,0.021,Fairway,roll,0.000,0
1054,4.3786,-3.593,9.944,15.409,0.000,9.923,0.021,Fairway,roll,0.000,0
1055,4.3828,-3.594,9.944,15.409,0.000,9.923,0.021,Fairway,roll,0.000,0
1056,4.3870,-3.595,9.944,15.408,0.000,9.923,0.021,Fairway,roll,0.000,0
1057,4.3911,-3.596,9.944,15.408,0.000,9.922,0.021,Fairway,roll,0.000,0
1058,4.3953,-3.597,9.944,15.408,0.000,9.922,0.021,Fairway,roll,0.000,0
1059,4.3995,-3.598,9.944,15.407,0.000,9.922,0.021,Fairway,roll,0.000,0
1060,4.4036,-3.599,9.944,15.407,0.000,9.922,0.021,Fairway,roll,0.000,0
1061,4.4078,-3.600,9.944,15.406,0.000,9.922,0.021,Fairway,roll,0.000,0
1062,4.4120,-3.601,9.944,15.406,0.000,9.922,0.021,Fairway,roll,0.000,0
1063,4.4161,-3.602,9.944,15.406,0.000,9.922,0.021,Fairway,roll,0.000,0
1064,4.4203,-3.602,9.944,15.405,0.000,9.922,0.021,Fairway,roll,0.000,0
1065,4.4245,-3.603,9.944,15.405,0.000,9.922,0.021,Fairway,roll,0.000,0
1066,4.4286,-3.604,9.944,15.405,0.000,9.922,0.021,Fairway,roll,0.000,0
1067,4.4328,-3.605,9.944,15.404,0.000,9.922,0.021,Fairway,roll,0.000,0
1068,4.4370,-3.606,9.944,15.404,0.000,9.922,0.021,Fairway,roll,0.000,0
1069,4.4411,-3.607,9.944,15.404,0.000,9.922,0.021,Fairway,roll,0.000,0
1070,4.4453,-3.608,9.944,15.403,0.000,9.922,0.021,Fairway,roll,0.000,0
1071,4.4495,-3.609,9.944,15.403,0.000,9.922,0.021,Fairway,roll,0.000,0
1072,4.4536,-3.609,9.944,15.403,0.000,9.922,0.021,Fairway,roll,0.000,0
1073,4.4578,-3.610,9.944,15.402,0.000,9.922,0.021,Fairway,roll,0.000,0
1074,4.4620,-3.611,9.944,15.402,0.000,9.922,0.021,Fairway,roll,0.000,0
1075,4.4661,-3.612,9.944,15.402,0.000,9.922,0.021,Fairway,roll,0.000,0
1076,4.4703,-3.613,9.944,15.401,0.000,9.922,0.021,Fairway,roll,0.000,0
1077,4.4745,-3.614,9.943,15.401,0.000,9.922,0.021,Fairway,roll,0.000,0
1078,4.4786,-3.615,9.943,15.401,0.000,9.922,0.021,Fairway,roll,0.000,0
1079,4.4828,-3.616,9.943,15.400,0.000,9.922,0.021,Fairway,roll,0.000,0
1080,4.4870,-3.617,9.943,15.400,0.000,9.922,0.021,Fairway,roll,0.000,0
1081,4.4911,-3.617,9.943,15.399,0.000,9.922,0.021,Fairway,roll,0.000,0
1082,4.4953,-3.618,9.943,15.399,0.000,9.922,0.021,Fairway,roll,0.000,0
1083,4.4995,-3.619,9.943,15.399,0.000,9.922,0.021,Fairway,roll,0.000,0
1084,4.5036,-3.620,9.943,15.398,0.000,9.922,0.021,Fairway,roll,0.000,0
1085,4.5078,-3.621,9.943,15.398,0.000,9.922,0.021,Fairway,roll,0.000,0
1086,4.5119,-3.622,9.943,15.398,0.000,9.922,0.021,Fairway,roll,0.000,0
1087,4.5161,-3.623,9.943,15.397,0.000,9.922,0.021,Fairway,roll,0.000,0
1088,4.5203,-3.624,9.943,15.397,0.000,9.922,0.021,Fairway,roll,0.000,0
1089,4.5244,-3.624,9.943,15.397,0.000,9.922,0.021,Fairway,roll,0.000,0
1090,4.5286,-3.625,9.943,15.396,0.000,9.922,0.021,Fairway,roll,0.000,0
1091,4.5328,-3.626,9.943,15.396,0.000,9.922,0.021,Fairway,roll,0.000,0
1092,4.5369,-3.627,9.943,15.396,0.000,9.922,0.021,Fairway,roll,0.000,0
1093,4.5411,-3.628,9.943,15.395,0.000,9.922,0.021,Fairway,roll,0.000,0
1094,4.5453,-3.629,9.943,15.395,0.000,9.922,0.021,Fairway,roll,0.000,0
1095,4.5494,-3.630,9.943,15.395,0.000,9.922,0.021,Fairway,roll,0.000,0
1096,4.5536,-3.631,9.943,15.394,0.000,9.922,0.021,Fairway,roll,0.000,0
1097,4.5578,-3.631,9.943,15.394,0.000,9.922,0.021,Fairway,roll,0.000,0
1098,4.5619,-3.632,9.943,15.393,0.000,9.922,0.021,Fairway,roll,0.000,0
1099,4.5661,-3.633,9.943,15.393,0.000,9.922,0.021,Fairway,roll,0.000,0
1100,4.5703,-3.634,9.943,15.393,0.000,9.922,0.021,Fairway,roll,0.000,0
1101,4.5744,-3.635,9.943,15.392,0.000,9.922,0.021,Fairway,roll,0.000,0
1102,4.5786,-3.636,9.943,15.392,0.000,9.921,0.021,Fairway,roll,0.000,0
1103,4.5828,-3.637,9.943,15.392,0.000,9.921,0.021,Fairway,roll,0.000,0
1104,4.5869,-3.638,9.943,15.391,0.000,9.921,0.021,Fairway,roll,0.000,0
1105,4.5911,-3.638,9.943,15.391,0.000,9.921,0.021,Fairway,roll,0.000,0
1106,4.5953,-3.639,9.943,15.391,0.000,9.921,0.021,Fairway,roll,0.000,0
1107,4.5994,-3.640,9.943,15.390,0.000,9.921,0.021,Fairway,roll,0.000,0
1108,4.6036,-3.641,9.943,15.390,0.000,9.921,0.021,Fairway,roll,0.000,0
1109,4.6078,-3.642,9.943,15.390,0.000,9.921,0.021,Fairway,roll,0.000,0
1110,4.6119,-3.643,9.943,15.389,0.000,9.921,0.021,Fairway,roll,0.000,0
1111,4.6161,-3.644,9.943,15.389,0.000,9.921,0.021,Fairway,roll,0.000,0
1112,4.6203,-3.644,9.943,15.389,0.000,9.921,0.021,Fairway,roll,0.000,0
1113,4.6244,-3.645,9.943,15.388,0.000,9.921,0.021,Fairway,roll,0.000,0
1114,4.6286,-3.646,9.943,15.388,0.000,9.921,0.021,Fairway,roll,0.000,0
1115,4.6328,-3.647,9.943,15.388,0.000,9.921,0.021,Fairway,roll,0.000,0
1116,4.6369,-3.648,9.943,15.387,0.000,9.921,0.021,Fairway,roll,0.000,0
1117,4.6411,-3.649,9.943,15.387,0.000,9.921,0.021,Fairway,roll,0.000,0
1118,4.6452,-3.650,9.943,15.387,0.000,9.921,0.021,Fairway,roll,0.000,0
1119,4.6494,-3.650,9.943,15.386,0.000,9.921,0.021,Fairway,roll,0.000,0
1120,4.6536,-3.651,9.943,15.386,0.000,9.921,0.021,Fairway,roll,0.000,0
1121,4.6577,-3.652,9.943,15.386,0.000,9.921,0.021,Fairway,roll,0.000,0
1122,4.6619,-3.653,9.943,15.385,0.000,9.921,0.021,Fairway,roll,0.000,0
1123,4.6661,-3.654,9.943,15.385,0.000,9.921,0.021,Fairway,roll,0.000,0
1124,4.6702,-3.655,9.943,15.385,0.000,9.921,0.021,Fairway,roll,0.000,0
1125,4.6744,-3.656,9.942,15.384,0.000,9.921,0.021,Fairway,roll,0.000,0
1126,4.6786,-3.656,9.942,15.384,0.000,9.921,0.021,Fairway,roll,0.000,0
1127,4.6827,-3.657,9.942,15.384,0.000,9.921,0.021,Fairway,roll,0.000,0
1128,4.6869,-3.658,9.942,15.383,0.000,9.921,0.021,Fairway,roll,0.000,0
1129,4.6911,-3.659,9.942,15.383,0.000,9.921,0.021,Fairway,roll,0.000,0
1130,4.6952,-3.660,9.942,15.383,0.000,9.921,0.021,Fairway,roll,0.000,0
1131,4.6994,-3.661,9.942,15.382,0.000,9.921,0.021,Fairway,roll,0.000,0
1132,4.7036,-3.662,9.942,15.382,0.000,9.921,0.021,Fairway,roll,0.000,0
1133,4.7077,-3.662,9.942,15.382,0.000,9.921,0.021,Fairway,roll,0.000,0
1134,4.7119,-3.663,9.942,15.381,0.000,9.921,0.021,Fairway,roll,0.000,0
1135,4.7161,-3.664,9.942,15.381,0.000,9.921,0.021,Fairway,roll,0.000,0
1136,4.7202,-3.665,9.942,15.381,0.000,9.921,0.021,Fairway,roll,0.000,0
1137,4.7244,-3.666,9.942,15.380,0.000,9.921,0.021,Fairway,roll,0.000,0
1138,4.7286,-3.667,9.942,15.380,0.000,9.921,0.021,Fairway,roll,0.000,0
1139,4.7327,-3.667,9.942,15.380,0.000,9.921,0.021,Fairway,roll,0.000,0
1140,4.7369,-3.668,9.942,15.379,0.000,9.921,0.021,Fairway,roll,0.000,0
1141,4.7411,-3.669,9.942,15.379,0.000,9.921,0.021,Fairway,roll,0.000,0
1142,4.7452,-3.670,9.942,15.379,0.000,9.921,0.021,Fairway,roll,0.000,0
1143,4.7494,-3.671,9.942,15.378,0.000,9.921,0.021,Fairway,roll,0.000,0
1144,4.7536,-3.672,9.942,15.378,0.000,9.921,0.021,Fairway,roll,0.000,0
1145,4.7577,-3.672,9.942,15.378,0.000,9.921,0.021,Fairway,roll,0.000,0
1146,4.7619,-3.673,9.942,15.377,0.000,9.921,0.021,Fairway,roll,0.000,0
1147,4.7661,-3.674,9.942,15.377,0.000,9.921,0.021,Fairway,roll,0.000,0
1148,4.7702,-3.675,9.942,15.377,0.000,9.921,0.021,Fairway,roll,0.000,0
1149,4.7744,-3.676,9.942,15.376,0.000,9.921,0.021,Fairway,roll,0.000,0
1150,4.7785,-3.677,9.942,15.376,0.000,9.921,0.021,Fairway,roll,0.000,0
1151,4.7827,-3.678,9.942,15.375,0.000,9.921,0.021,Fairway,roll,0.000,0
1152,4.7869,-3.678,9.942,15.375,0.000,9.921,0.021,Fairway,roll,0.000,0
1153,4.7910,-3.679,9.942,15.375,0.000,9.921,0.021,Fairway,roll,0.000,0
1154,4.7952,-3.680,9.942,15.374,0.000,9.921,0.021,Fairway,roll,0.000,0
1155,4.7994,-3.681,9.942,15.374,0.000,9.921,0.021,Fairway,roll,0.000,0
1156,4.8035,-3.682,9.942,15.374,0.000,9.921,0.021,Fairway,roll,0.000,0
1157,4.8077,-3.683,9.942,15.373,0.000,9.921,0.021,Fairway,roll,0.000,0
1158,4.8119,-3.683,9.942,15.373,0.000,9.921,0.021,Fairway,roll,0.000,0
1159,4.8160,-3.684,9.942,15.373,0.000,9.921,0.021,Fairway,roll,0.000,0
1160,4.8202,-3.685,9.942,15.372,0.000,9.921,0.021,Fairway,roll,0.000,0
1161,4.8244,-3.686,9.942,15.372,0.000,9.920,0.021,Fairway,roll,0.000,0
1162,4.8285,-3.687,9.942,15.372,0.000,9.920,0.021,Fairway,roll,0.000,0
1163,4.8327,-3.688,9.942,15.371,0.000,9.920,0.021,Fairway,roll,0.000,0
1164,4.8369,-3.688,9.942,15.371,0.000,9.920,0.021,Fairway,roll,0.000,0
1165,4.8410,-3.689,9.942,15.371,0.000,9.920,0.021,Fairway,roll,0.000,0
1166,4.8452,-3.690,9.942,15.370,0.000,9.920,0.021,Fairway,roll,0.000,0
1167,4.8494,-3.691,9.942,15.370,0.000,9.920,0.021,Fairway,roll,0.000,0
1168,4.8535,-3.692,9.942,15.370,0.000,9.920,0.021,Fairway,roll,0.000,0
1169,4.8577,-3.692,9.942,15.369,0.000,9.920,0.021,Fairway,roll,0.000,0
1170,4.8619,-3.693,9.942,15.369,0.000,9.920,0.021,Fairway,roll,0.000,0
1171,4.8660,-3.694,9.942,15.369,0.000,9.920,0.021,Fairway,roll,0.000,0
1172,4.8702,-3.695,9.942,15.368,0.000,9.920,0.021,Fairway,roll,0.000,0
1173,4.8744,-3.696,9.942,15.368,0.000,9.920,0.021,Fairway,roll,0.000,0
1174,4.8785,-3.697,9.942,15.368,0.000,9.920,0.021,Fairway,roll,0.000,0
1175,4.8827,-3.697,9.942,15.367,0.000,9.920,0.021,Fairway,roll,0.000,0
1176,4.8869,-3.698,9.942,15.367,0.000,9.920,0.021,Fairway,roll,0.000,0
1177,4.8910,-3.699,9.942,15.367,0.000,9.920,0.021,Fairway,roll,0.000,0
1178,4.8952,-3.700,9.942,15.366,0.000,9.920,0.021,Fairway,roll,0.000,0
1179,4.8994,-3.701,9.942,15.366,0.000,9.920,0.021,Fairway,roll,0.000,0
1180,4.9035,-3.702,9.941,15.366,0.000,9.920,0.021,Fairway,roll,0.000,0
1181,4.9077,-3.702,9.941,15.365,0.000,9.920,0.021,Fairway,roll,0.000,0
1182,4.9119,-3.703,9.941,15.365,0.000,9.920,0.021,Fairway,roll,0.000,0
1183,4.9160,-3.704,9.941,15.365,0.000,9.920,0.021,Fairway,roll,0.000,0
1184,4.9202,-3.705,9.941,15.364,0.000,9.920,0.021,Fairway,roll,0.000,0
1185,4.9243,-3.706,9.941,15.364,0.000,9.920,0.021,Fairway,roll,0.000,0
1186,4.9285,-3.706,9.941,15.364,0.000,9.920,0.021,Fairway,roll,0.000,0
1187,4.9327,-3.707,9.941,15.363,0.000,9.920,0.021,Fairway,roll,0.000,0
1188,4.9368,-3.708,9.941,15.363,0.000,9.920,0.021,Fairway,roll,0.000,0
1189,4.9410,-3.709,9.941,15.363,0.000,9.920,0.021,Fairway,roll,0.000,0
1190,4.9452,-3.710,9.941,15.362,0.000,9.920,0.021,Fairway,roll,0.000,0
1191,4.9493,-3.711,9.941,15.362,0.000,9.920,0.021,Fairway,roll,0.000,0
1192,4.9535,-3.711,9.941,15.362,0.000,9.920,0.021,Fairway,roll,0.000,0
1193,4.9577,-3.712,9.941,15.361,0.000,9.920,0.021,Fairway,roll,0.000,0
1194,4.9618,-3.713,9.941,15.361,0.000,9.920,0.021,Fairway,roll,0.000,0
1195,4.9660,-3.714,9.941,15.361,0.000,9.920,0.021,Fairway,roll,0.000,0
1196,4.9702,-3.715,9.941,15.360,0.000,9.920,0.021,Fairway,roll,0.000,0
1197,4.9743,-3.715,9.941,15.360,0.000,9.920,0.021,Fairway,roll,0.000,0
1198,4.9785,-3.716,9.941,15.360,0.000,9.920,0.021,Fairway,roll,0.000,0
1199,4.9827,-3.717,9.941,15.360,0.000,9.920,0.021,Fairway,roll,0.000,0
1200,4.9868,-3.718,9.941,15.359,0.000,9.920,0.021,Fairway,roll,0.000,0
1201,4.9910,-3.719,9.941,15.359,0.000,9.920,0.021,Fairway,roll,0.000,0
1202,4.9952,-3.719,9.941,15.359,0.000,9.920,0.021,Fairway,roll,0.000,0
1203,4.9993,-3.720,9.941,15.358,0.000,9.920,0.021,Fairway,roll,0.000,0
1204,5.0035,-3.721,9.941,15.358,0.000,9.920,0.021,Fairway,roll,0.000,0
1205,5.0077,-3.722,9.941,15.358,0.000,9.920,0.021,Fairway,roll,0.000,0
1206,5.0118,-3.723,9.941,15.357,0.000,9.920,0.021,Fairway,roll,0.000,0
1207,5.0160,-3.723,9.941,15.357,0.000,9.920,0.021,Fairway,roll,0.000,0
1208,5.0202,-3.724,9.941,15.357,0.000,9.920,0.021,Fairway,roll,0.000,0
1209,5.0243,-3.725,9.941,15.356,0.000,9.920,0.021,Fairway,roll,0.000,0
1210,5.0285,-3.726,9.941,15.356,0.000,9.920,0.021,Fairway,roll,0.000,0
1211,5.0327,-3.727,9.941,15.356,0.000,9.920,0.021,Fairway,roll,0.000,0
1212,5.0368,-3.728,9.941,15.355,0.000,9.920,0.021,Fairway,roll,0.000,0
1213,5.0410,-3.728,9.941,15.355,0.000,9.920,0.021,Fairway,roll,0.000,0
1214,5.0452,-3.729,9.941,15.355,0.000,9.920,0.021,Fairway,roll,0.000,0
1215,5.0493,-3.730,9.941,15.354,0.000,9.920,0.021,Fairway,roll,0.000,0
1216,5.0535,-3.731,9.941,15.354,0.000,9.920,0.021,Fairway,roll,0.000,0
1217,5.0576,-3.732,9.941,15.354,0.000,9.920,0.021,Fairway,roll,0.000,0
1218,5.0618,-3.732,9.941,15.353,0.000,9.920,0.021,Fairway,roll,0.000,0
1219,5.0660,-3.733,9.941,15.353,0.000,9.920,0.021,Fairway,roll,0.000,0
1220,5.0701,-3.734,9.941,15.353,0.000,9.920,0.021,Fairway,roll,0.000,0
1221,5.0743,-3.735,9.941,15.352,0.000,9.919,0.021,Fairway,roll,0.000,0
1222,5.0785,-3.736,9.941,15.352,0.000,9.919,0.021,Fairway,roll,0.000,0
1223,5.0826,-3.736,9.941,15.352,0.000,9.919,0.021,Fairway,roll,0.000,0
1224,5.0868,-3.737,9.941,15.351,0.000,9.919,0.021,Fairway,roll,0.000,0
1225,5.0910,-3.738,9.941,15.351,0.000,9.919,0.021,Fairway,roll,0.000,0
1226,5.0951,-3.739,9.941,15.351,0.000,9.919,0.021,Fairway,roll,0.000,0
1227,5.0993,-3.739,9.941,15.351,0.000,9.919,0.021,Fairway,roll,0.000,0
1228,5.1035,-3.740,9.941,15.350,0.000,9.919,0.021,Fairway,roll,0.000,0
1229,5.1076,-3.741,9.941,15.350,0.000,9.919,0.021,Fairway,roll,0.000,0
1230,5.1118,-3.742,9.941,15.350,0.000,9.919,0.021,Fairway,roll,0.000,0
1231,5.1160,-3.743,9.941,15.349,0.000,9.919,0.021,Fairway,roll,0.000,0
1232,5.1201,-3.743,9.941,15.349,0.000,9.919,0.021,Fairway,roll,0.000,0
1233,5.1243,-3.744,9.941,15.349,0.000,9.919,0.021,Fairway,roll,0.000,0
1234,5.1285,-3.745,9.941,15.348,0.000,9.919,0.021,Fairway,roll,0.000,0
1235,5.1326,-3.746,9.940,15.348,0.000,9.919,0.021,Fairway,roll,0.000,0
1236,5.1368,-3.747,9.940,15.348,0.000,9.919,0.021,Fairway,roll,0.000,0
1237,5.1410,-3.747,9.940,15.347,0.000,9.919,0.021,Fairway,roll,0.000,0
1238,5.1451,-3.748,9.940,15.347,0.000,9.919,0.021,Fairway,roll,0.000,0
1239,5.1493,-3.749,9.940,15.347,0.000,9.919,0.021,Fairway,roll,0.000,0
1240,5.1535,-3.750,9.940,15.346,0.000,9.919,0.021,Fairway,roll,0.000,0
1241,5.1576,-3.751,9.940,15.346,0.000,9.919,0.021,Fairway,roll,0.000,0
1242,5.1618,-3.751,9.940,15.346,0.000,9.919,0.021,Fairway,roll,0.000,0
1243,5.1660,-3.752,9.940,15.345,0.000,9.919,0.021,Fairway,roll,0.000,0
1244,5.1701,-3.753,9.940,15.345,0.000,9.919,0.021,Fairway,roll,0.000,0
1245,5.1743,-3.754,9.940,15.345,0.000,9.919,0.021,Fairway,roll,0.000,0
1246,5.1785,-3.754,9.940,15.344,0.000,9.919,0.021,Fairway,roll,0.000,0
1247,5.1826,-3.755,9.940,15.344,0.000,9.919,0.021,Fairway,roll,0.000,0
1248,5.1868,-3.756,9.940,15.344,0.000,9.919,0.021,Fairway,roll,0.000,0
1249,5.1909,-3.757,9.940,15.343,0.000,9.919,0.021,Fairway,roll,0.000,0
1250,5.1951,-3.758,9.940,15.343,0.000,9.919,0.021,Fairway,roll,0.000,0
1251,5.1993,-3.758,9.940,15.343,0.000,9.919,0.021,Fairway,roll,0.000,0
1252,5.2034,-3.759,9.940,15.343,0.000,9.919,0.021,Fairway,roll,0.000,0
1253,5.2076,-3.760,9.940,15.342,0.000,9.919,0.021,Fairway,roll,0.000,0
1254,5.2118,-3.761,9.940,15.342,0.000,9.919,0.021,Fairway,roll,0.000,0
1255,5.2159,-3.761,9.940,15.342,0.000,9.919,0.021,Fairway,roll,0.000,0
1256,5.2201,-3.762,9.940,15.341,0.000,9.919,0.021,Fairway,roll,0.000,0
1257,5.2243,-3.763,9.940,15.341,0.000,9.919,0.021,Fairway,roll,0.000,0
1258,5.2284,-3.764,9.940,15.341,0.000,9.919,0.021,Fairway,roll,0.000,0
1259,5.2326,-3.765,9.940,15.340,0.000,9.919,0.021,Fairway,roll,0.000,0
1260,5.2368,-3.765,9.940,15.340,0.000,9.919,0.021,Fairway,roll,0.000,0
1261,5.2409,-3.766,9.940,15.340,0.000,9.919,0.021,Fairway,roll,0.000,0
1262,5.2451,-3.767,9.940,15.339,0.000,9.919,0.021,Fairway,roll,0.000,0
1263,5.2493,-3.768,9.940,15.339,0.000,9.919,0.021,Fairway,roll,0.000,0
1264,5.2534,-3.768,9.940,15.339,0.000,9.919,0.021,Fairway,roll,0.000,0
1265,5.2576,-3.769,9.940,15.338,0.000,9.919,0.021,Fairway,roll,0.000,0
1266,5.2618,-3.770,9.940,15.338,0.000,9.919,0.021,Fairway,roll,0.000,0
1267,5.2659,-3.771,9.940,15.338,0.000,9.919,0.021,Fairway,roll,0.000,0
1268,5.2701,-3.772,9.940,15.337,0.000,9.919,0.021,Fairway,roll,0.000,0
1269,5.2743,-3.772,9.940,15.337,0.000,9.919,0.021,Fairway,roll,0.000,0
1270,5.2784,-3.773,9.940,15.337,0.000,9.919,0.021,Fairway,roll,0.000,0
1271,5.2826,-3.774,9.940,15.336,0.000,9.919,0.021,Fairway,roll,0.000,0
1272,5.2868,-3.775,9.940,15.336,0.000,9.919,0.021,Fairway,roll,0.000,0
1273,5.2909,-3.775,9.940,15.336,0.000,9.919,0.021,Fairway,roll,0.000,0
1274,5.2951,-3.776,9.940,15.336,0.000,9.919,0.021,Fairway,roll,0.000,0
1275,5.2993,-3.777,9.940,15.335,0.000,9.919,0.021,Fairway,roll,0.000,0
1276,5.3034,-3.778,9.940,15.335,0.000,9.919,0.021,Fairway,roll,0.000,0
1277,5.3076,-3.778,9.940,15.335,0.000,9.919,0.021,Fairway,roll,0.000,0
1278,5.3118,-3.779,9.940,15.334,0.000,9.919,0.021,Fairway,roll,0.000,0
1279,5.3159,-3.780,9.940,15.334,0.000,9.919,0.021,Fairway,roll,0.000,0
1280,5.3201,-3.781,9.940,15.334,0.000,9.919,0.021,Fairway,roll,0.000,0
1281,5.3242,-3.782,9.940,15.333,0.000,9.919,0.021,Fairway,roll,0.000,0
1282,5.3284,-3.782,9.940,15.333,0.000,9.919,0.021,Fairway,roll,0.000,0
1283,5.3326,-3.783,9.940,15.333,0.000,9.919,0.021,Fairway,roll,0.000,0
1284,5.3367,-3.784,9.940,15.332,0.000,9.918,0.021,Fairway,roll,0.000,0
1285,5.3409,-3.785,9.940,15.332,0.000,9.918,0.021,Fairway,roll,0.000,0
1286,5.3451,-3.785,9.940,15.332,0.000,9.918,0.021,Fairway,roll,0.000,0
1287,5.3492,-3.786,9.940,15.332,0.000,9.918,0.021,Fairway,roll,0.000,0
1288,5.3534,-3.787,9.940,15.331,0.000,9.918,0.021,Fairway,roll,0.000,0
1289,5.3576,-3.788,9.940,15.331,0.000,9.918,0.021,Fairway,roll,0.000,0
1290,5.3617,-3.788,9.940,15.331,0.000,9.918,0.021,Fairway,roll,0.000,0
1291,5.3659,-3.789,9.940,15.330,0.000,9.918,0.021,Fairway,roll,0.000,0
1292,5.3701,-3.790,9.940,15.330,0.000,9.918,0.021,Fairway,roll,0.000,0
1293,5.3742,-3.791,9.940,15.330,0.000,9.918,0.021,Fairway,roll,0.000,0
1294,5.3784,-3.791,9.940,15.329,0.000,9.918,0.021,Fairway,roll,0.000,0
1295,5.3826,-3.792,9.940,15.329,0.000,9.918,0.021,Fairway,roll,0.000,0
1296,5.3867,-3.793,9.940,15.329,0.000,9.918,0.021,Fairway,roll,0.000,0
1297,5.3909,-3.794,9.940,15.328,0.000,9.918,0.021,Fairway,roll,0.000,0
1298,5.3951,-3.794,9.940,15.328,0.000,9.918,0.021,Fairway,roll,0.000,0
1299,5.3992,-3.795,9.940,15.328,0.000,9.918,0.021,Fairway,roll,0.000,0
1300,5.4034,-3.796,9.940,15.328,0.000,9.918,0.021,Fairway,roll,0.000,0
1301,5.4076,-3.797,9.940,15.327,0.000,9.918,0.021,Fairway,roll,0.000,0
1302,5.4117,-3.797,9.940,15.327,0.000,9.918,0.021,Fairway,roll,0.000,0
1303,5.4159,-3.798,9.939,15.327,0.000,9.918,0.021,Fairway,roll,0.000,0
1304,5.4201,-3.799,9.939,15.326,0.000,9.918,0.021,Fairway,roll,0.000,0
1305,5.4242,-3.800,9.939,15.326,0.000,9.918,0.021,Fairway,roll,0.000,0
1306,5.4284,-3.800,9.939,15.326,0.000,9.918,0.021,Fairway,roll,0.000,0
1307,5.4326,-3.801,9.939,15.325,0.000,9.918,0.021,Fairway,roll,0.000,0
1308,5.4367,-3.802,9.939,15.325,0.000,9.918,0.021,Fairway,roll,0.000,0
1309,5.4409,-3.803,9.939,15.325,0.000,9.918,0.021,Fairway,roll,0.000,0
1310,5.4451,-3.803,9.939,15.325,0.000,9.918,0.021,Fairway,roll,0.000,0
1311,5.4492,-3.804,9.939,15.324,0.000,9.918,0.021,Fairway,roll,0.000,0
1312,5.4534,-3.805,9.939,15.324,0.000,9.918,0.021,Fairway,roll,0.000,0
1313,5.4576,-3.806,9.939,15.324,0.000,9.918,0.021,Fairway,roll,0.000,0
1314,5.4617,-3.806,9.939,15.323,0.000,9.918,0.021,Fairway,roll,0.000,0
1315,5.4659,-3.807,9.939,15.323,0.000,9.918,0.021,Fairway,roll,0.000,0
1316,5.4700,-3.808,9.939,15.323,0.000,9.918,0.021,Fairway,roll,0.000,0
1317,5.4742,-3.809,9.939,15.322,0.000,9.918,0.021,Fairway,roll,0.000,0
1318,5.4784,-3.809,9.939,15.322,0.000,9.918,0.021,Fairway,roll,0.000,0
1319,5.4825,-3.810,9.939,15.322,0.000,9.918,0.021,Fairway,roll,0.000,0
1320,5.4867,-3.811,9.939,15.321,0.000,9.918,0.021,Fairway,roll,0.000,0
1321,5.4909,-3.812,9.939,15.321,0.000,9.918,0.021,Fairway,roll,0.000,0
1322,5.4950,-3.812,9.939,15.321,0.000,9.918,0.021,Fairway,roll,0.000,0
1323,5.4992,-3.813,9.939,15.321,0.000,9.918,0.021,Fairway,roll,0.000,0
1324,5.5034,-3.814,9.939,15.320,0.000,9.918,0.021,Fairway,roll,0.000,0
1325,5.5075,-3.815,9.939,15.320,0.000,9.918,0.021,Fairway,roll,0.000,0
1326,5.5117,-3.815,9.939,15.320,0.000,9.918,0.021,Fairway,roll,0.000,0
1327,5.5159,-3.816,9.939,15.319,0.000,9.918,0.021,Fairway,roll,0.000,0
1328,5.5200,-3.817,9.939,15.319,0.000,9.918,0.021,Fairway,roll,0.000,0
1329,5.5242,-3.818,9.939,15.319,0.000,9.918,0.021,Fairway,roll,0.000,0
1330,5.5284,-3.818,9.939,15.318,0.000,9.918,0.021,Fairway,roll,0.000,0
1331,5.5325,-3.819,9.939,15.318,0.000,9.918,0.021,Fairway,roll,0.000,0
1332,5.5367,-3.820,9.939,15.318,0.000,9.918,0.021,Fairway,roll,0.000,0
1333,5.5409,-3.821,9.939,15.318,0.000,9.918,0.021,Fairway,roll,0.000,0
1334,5.5450,-3.821,9.939,15.317,0.000,9.918,0.021,Fairway,roll,0.000,0
1335,5.5492,-3.822,9.939,15.317,0.000,9.918,0.021,Fairway,roll,0.000,0
1336,5.5534,-3.823,9.939,15.317,0.000,9.918,0.021,Fairway,roll,0.000,0
1337,5.5575,-3.824,9.939,15.316,0.000,9.918,0.021,Fairway,roll,0.000,0
1338,5.5617,-3.824,9.939,15.316,0.000,9.918,0.021,Fairway,roll,0.000,0
1339,5.5659,-3.825,9.939,15.316,0.000,9.918,0.021,Fairway,roll,0.000,0
1340,5.5700,-3.826,9.939,15.315,0.000,9.918,0.021,Fairway,roll,0.000,0
1341,5.5742,-3.826,9.939,15.315,0.000,9.918,0.021,Fairway,roll,0.000,0
1342,5.5784,-3.827,9.939,15.315,0.000,9.918,0.021,Fairway,roll,0.000,0
1343,5.5825,-3.828,9.939,15.314,0.000,9.918,0.021,Fairway,roll,0.000,0
1344,5.5867,-3.829,9.939,15.314,0.000,9.918,0.021,Fairway,roll,0.000,0
1345,5.5909,-3.829,9.939,15.314,0.000,9.918,0.021,Fairway,roll,0.000,0
1346,5.5950,-3.830,9.939,15.314,0.000,9.918,0.021,Fairway,roll,0.000,0
1347,5.5992,-3.831,9.939,15.313,0.000,9.918,0.021,Fairway,roll,0.000,0
1348,5.6033,-3.832,9.939,15.313,0.000,9.918,0.021,Fairway,roll,0.000,0
1349,5.6075,-3.832,9.939,15.313,0.000,9.917,0.021,Fairway,roll,0.000,0
1350,5.6117,-3.833,9.939,15.312,0.000,9.917,0.021,Fairway,roll,0.000,0
1351,5.6158,-3.834,9.939,15.312,0.000,9.917,0.021,Fairway,roll,0.000,0
1352,5.6200,-3.834,9.939,15.312,0.000,9.917,0.021,Fairway,roll,0.000,0
1353,5.6242,-3.835,9.939,15.311,0.000,9.917,0.021,Fairway,roll,0.000,0
1354,5.6283,-3.836,9.939,15.311,0.000,9.917,0.021,Fairway,roll,0.000,0
1355,5.6325,-3.837,9.939,15.311,0.000,9.917,0.021,Fairway,roll,0.000,0
1356,5.6367,-3.837,9.939,15.311,0.000,9.917,0.021,Fairway,roll,0.000,0
1357,5.6408,-3.838,9.939,15.310,0.000,9.917,0.021,Fairway,roll,0.000,0
1358,5.6450,-3.839,9.939,15.310,0.000,9.917,0.021,Fairway,roll,0.000,0
1359,5.6492,-3.840,9.939,15.310,0.000,9.917,0.021,Fairway,roll,0.000,0
1360,5.6533,-3.840,9.939,15.309,0.000,9.917,0.021,Fairway,roll,0.000,0
1361,5.6575,-3.841,9.939,15.309,0.000,9.917,0.021,Fairway,roll,0.000,0
1362,5.6617,-3.842,9.939,15.309,0.000,9.917,0.021,Fairway,roll,0.000,0
1363,5.6658,-3.842,9.938,15.309,0.000,9.917,0.021,Fairway,roll,0.000,0
1364,5.6700,-3.843,9.938,15.308,0.000,9.917,0.021,Fairway,roll,0.000,0
1365,5.6742,-3.844,9.938,15.308,0.000,9.917,0.021,Fairway,roll,0.000,0
1366,5.6783,-3.845,9.938,15.308,0.000,9.917,0.021,Fairway,roll,0.000,0
1367,5.6825,-3.845,9.938,15.307,0.000,9.917,0.021,Fairway,roll,0.000,0
1368,5.6867,-3.846,9.938,15.307,0.000,9.917,0.021,Fairway,roll,0.000,0
1369,5.6908,-3.847,9.938,15.307,0.000,9.917,0.021,Fairway,roll,0.000,0
1370,5.6950,-3.847,9.938,15.307,0.000,9.917,0.021,Fairway,roll,0.000,0
1371,5.6992,-3.848,9.938,15.306,0.000,9.917,0.021,Fairway,roll,0.000,0
1372,5.7033,-3.849,9.938,15.306,0.000,9.917,0.021,Fairway,roll,0.000,0
1373,5.7075,-3.850,9.938,15.306,0.000,9.917,0.021,Fairway,roll,0.000,0
1374,5.7117,-3.850,9.938,15.305,0.000,9.917,0.021,Fairway,roll,0.000,0
1375,5.7158,-3.851,9.938,15.305,0.000,9.917,0.021,Fairway,roll,0.000,0
1376,5.7200,-3.852,9.938,15.305,0.000,9.917,0.021,Fairway,roll,0.000,0
1377,5.7242,-3.853,9.938,15.304,0.000,9.917,0.021,Fairway,roll,0.000,0
1378,5.7283,-3.853,9.938,15.304,0.000,9.917,0.021,Fairway,roll,0.000,0
1379,5.7325,-3.854,9.938,15.304,0.000,9.917,0.021,Fairway,roll,0.000,0
1380,5.7366,-3.855,9.938,15.304,0.000,9.917,0.021,Fairway,roll,0.000,0
1381,5.7408,-3.855,9.938,15.303,0.000,9.917,0.021,Fairway,roll,0.000,0
1382,5.7450,-3.856,9.938,15.303,0.000,9.917,0.021,Fairway,roll,0.000,0
1383,5.7491,-3.857,9.938,15.303,0.000,9.917,0.021,Fairway,roll,0.000,0
1384,5.7533,-3.858,9.938,15.302,0.000,9.917,0.021,Fairway,roll,0.000,0
1385,5.7575,-3.858,9.938,15.302,0.000,9.917,0.021,Fairway,roll,0.000,0
1386,5.7616,-3.859,9.938,15.302,0.000,9.917,0.021,Fairway,roll,0.000,0
1387,5.7658,-3.860,9.938,15.302,0.000,9.917,0.021,Fairway,roll,0.000,0
1388,5.7700,-3.860,9.938,15.301,0.000,9.917,0.021,Fairway,roll,0.000,0
1389,5.7741,-3.861,9.938,15.301,0.000,9.917,0.021,Fairway,roll,0.000,0
1390,5.7783,-3.862,9.938,15.301,0.000,9.917,0.021,Fairway,roll,0.000,0
1391,5.7825,-3.863,9.938,15.300,0.000,9.917,0.021,Fairway,roll,0.000,0
1392,5.7866,-3.863,9.938,15.300,0.000,9.917,0.021,Fairway,roll,0.000,0
1393,5.7908,-3.864,9.938,15.300,0.000,9.917,0.021,Fairway,roll,0.000,0
1394,5.7950,-3.865,9.938,15.300,0.000,9.917,0.021,Fairway,roll,0.000,0
1395,5.7991,-3.865,9.938,15.299,0.000,9.917,0.021,Fairway,roll,0.000,0
1396,5.8033,-3.866,9.938,15.299,0.000,9.917,0.021,Fairway,roll,0.000,0
1397,5.8075,-3.867,9.938,15.299,0.000,9.917,0.021,Fairway,roll,0.000,0
1398,5.8116,-3.867,9.938,15.298,0.000,9.917,0.021,Fairway,roll,0.000,0
1399,5.8158,-3.868,9.938,15.298,0.000,9.917,0.021,Fairway,roll,0.000,0
1400,5.8200,-3.869,9.938,15.298,0.000,9.917,0.021,Fairway,roll,0.000,0
1401,5.8241,-3.870,9.938,15.298,0.000,9.917,0.021,Fairway,roll,0.000,0
1402,5.8283,-3.870,9.938,15.297,0.000,9.917,0.021,Fairway,roll,0.000,0
1403,5.8325,-3.871,9.938,15.297,0.000,9.917,0.021,Fairway,roll,0.000,0
1404,5.8366,-3.872,9.938,15.297,0.000,9.917,0.021,Fairway,roll,0.000,0
1405,5.8408,-3.872,9.938,15.296,0.000,9.917,0.021,Fairway,roll,0.000,0
1406,5.8450,-3.873,9.938,15.296,0.000,9.917,0.021,Fairway,roll,0.000,0
1407,5.8491,-3.874,9.938,15.296,0.000,9.917,0.021,Fairway,roll,0.000,0
1408,5.8533,-3.874,9.938,15.295,0.000,9.917,0.021,Fairway,roll,0.000,0
1409,5.8575,-3.875,9.938,15.295,0.000,9.917,0.021,Fairway,roll,0.000,0
1410,5.8616,-3.876,9.938,15.295,0.000,9.917,0.021,Fairway,roll,0.000,0
1411,5.8658,-3.877,9.938,15.295,0.000,9.917,0.021,Fairway,roll,0.000,0
1412,5.8699,-3.877,9.938,15.294,0.000,9.917,0.021,Fairway,roll,0.000,0
1413,5.8741,-3.878,9.938,15.294,0.000,9.917,0.021,Fairway,roll,0.000,0
1414,5.8783,-3.879,9.938,15.294,0.000,9.917,0.021,Fairway,roll,0.000,0
1415,5.8824,-3.879,9.938,15.293,0.000,9.917,0.021,Fairway,roll,0.000,0
1416,5.8866,-3.880,9.938,15.293,0.000,9.917,0.021,Fairway,roll,0.000,0
1417,5.8908,-3.881,9.938,15.293,0.000,9.917,0.021,Fairway,roll,0.000,0
1418,5.8949,-3.881,9.938,15.293,0.000,9.916,0.021,Fairway,roll,0.000,0
1419,5.8991,-3.882,9.938,15.292,0.000,9.916,0.021,Fairway,roll,0.000,0
1420,5.9033,-3.883,9.938,15.292,0.000,9.916,0.021,Fairway,roll,0.000,0
1421,5.9074,-3.884,9.938,15.292,0.000,9.916,0.021,Fairway,roll,0.000,0
1422,5.9116,-3.884,9.938,15.291,0.000,9.916,0.021,Fairway,roll,0.000,0
1423,5.9158,-3.885,9.938,15.291,0.000,9.916,0.021,Fairway,roll,0.000,0
1424,5.9199,-3.886,9.938,15.291,0.000,9.916,0.021,Fairway,roll,0.000,0
1425,5.9241,-3.886,9.938,15.291,0.000,9.916,0.021,Fairway,roll,0.000,0
1426,5.9283,-3.887,9.938,15.290,0.000,9.916,0.021,Fairway,roll,0.000,0
1427,5.9324,-3.888,9.938,15.290,0.000,9.916,0.021,Fairway,roll,0.000,0
1428,5.9366,-3.888,9.938,15.290,0.000,9.916,0.021,Fairway,roll,0.000,0
1429,5.9408,-3.889,9.938,15.289,0.000,9.916,0.021,Fairway,roll,0.000,0
1430,5.9449,-3.890,9.938,15.289,0.000,9.916,0.021,Fairway,roll,0.000,0
1431,5.9491,-3.890,9.938,15.289,0.000,9.916,0.021,Fairway,roll,0.000,0
1432,5.9533,-3.891,9.938,15.289,0.000,9.916,0.021,Fairway,roll,0.000,0
1433,5.9574,-3.892,9.938,15.288,0.000,9.916,0.021,Fairway,roll,0.000,0
1434,5.9616,-3.892,9.938,15.288,0.000,9.916,0.021,Fairway,roll,0.000,0
1435,5.9658,-3.893,9.938,15.288,0.000,9.916,0.021,Fairway,roll,0.000,0
1436,5.9699,-3.894,9.938,15.287,0.000,9.916,0.021,Fairway,roll,0.000,0
1437,5.9741,-3.895,9.938,15.287,0.000,9.916,0.021,Fairway,roll,0.000,0
1438,5.9783,-3.895,9.937,15.287,0.000,9.916,0.021,Fairway,roll,0.000,0
1439,5.9824,-3.896,9.937,15.287,0.000,9.916,0.021,Fairway,roll,0.000,0
1440,5.9866,-3.897,9.937,15.286,0.000,9.916,0.021,Fairway,roll,0.000,0
1441,5.9908,-3.897,9.937,15.286,0.000,9.916,0.021,Fairway,roll,0.000,0
1442,5.9949,-3.898,9.937,15.286,0.000,9.916,0.021,Fairway,roll,0.000,0
1443,5.9991,-3.899,9.937,15.286,0.000,9.916,0.021,Fairway,roll,0.000,0
1444,6.0033,-3.899,9.937,15.285,0.000,9.916,0.021,Fairway,roll,0.000,0
1445,6.0074,-3.900,9.937,15.285,0.000,9.916,0.021,Fairway,roll,0.000,0
1446,6.0116,-3.901,9.937,15.285,0.000,9.916,0.021,Fairway,roll,0.000,0
1447,6.0157,-3.901,9.937,15.284,0.000,9.916,0.021,Fairway,roll,0.000,0
1448,6.0199,-3.902,9.937,15.284,0.000,9.916,0.021,Fairway,roll,0.000,0
1449,6.0241,-3.903,9.937,15.284,0.000,9.916,0.021,Fairway,roll,0.000,0
1450,6.0282,-3.903,9.937,15.284,0.000,9.916,0.021,Fairway,roll,0.000,0
1451,6.0324,-3.904,9.937,15.283,0.000,9.916,0.021,Fairway,roll,0.000,0
1452,6.0366,-3.905,9.937,15.283,0.000,9.916,0.021,Fairway,roll,0.000,0
1453,6.0407,-3.905,9.937,15.283,0.000,9.916,0.021,Fairway,roll,0.000,0
1454,6.0449,-3.906,9.937,15.283,0.000,9.916,0.021,Fairway,roll,0.000,0
1455,6.0491,-3.907,9.937,15.282,0.000,9.916,0.021,Fairway,roll,0.000,0
1456,6.0532,-3.907,9.937,15.282,0.000,9.916,0.021,Fairway,roll,0.000,0
1457,6.0574,-3.908,9.937,15.282,0.000,9.916,0.021,Fairway,roll,0.000,0
1458,6.0616,-3.909,9.937,15.281,0.000,9.916,0.021,Fairway,roll,0.000,0
1459,6.0657,-3.909,9.937,15.281,0.000,9.916,0.021,Fairway,roll,0.000,0
1460,6.0699,-3.910,9.937,15.281,0.000,9.916,0.021,Fairway,roll,0.000,0
1461,6.0741,-3.911,9.937,15.281,0.000,9.916,0.021,Fairway,roll,0.000,0
1462,6.0782,-3.911,9.937,15.280,0.000,9.916,0.021,Fairway,roll,0.000,0
1463,6.0824,-3.912,9.937,15.280,0.000,9.916,0.021,Fairway,roll,0.000,0
1464,6.0866,-3.913,9.937,15.280,0.000,9.916,0.021,Fairway,roll,0.000,0
1465,6.0907,-3.913,9.937,15.279,0.000,9.916,0.021,Fairway,roll,0.000,0
1466,6.0949,-3.914,9.937,15.279,0.000,9.916,0.021,Fairway,roll,0.000,0
1467,6.0991,-3.915,9.937,15.279,0.000,9.916,0.021,Fairway,roll,0.000,0
1468,6.1032,-3.915,9.937,15.279,0.000,9.916,0.021,Fairway,roll,0.000,0
1469,6.1074,-3.916,9.937,15.278,0.000,9.916,0.021,Fairway,roll,0.000,0
1470,6.1116,-3.917,9.937,15.278,0.000,9.916,0.021,Fairway,roll,0.000,0
1471,6.1157,-3.918,9.937,15.278,0.000,9.916,0.021,Fairway,roll,0.000,0
1472,6.1199,-3.918,9.937,15.278,0.000,9.916,0.021,Fairway,roll,0.000,0
1473,6.1241,-3.919,9.937,15.277,0.000,9.916,0.021,Fairway,roll,0.000,0
1474,6.1282,-3.920,9.937,15.277,0.000,9.916,0.021,Fairway,roll,0.000,0
1475,6.1324,-3.920,9.937,15.277,0.000,9.916,0.021,Fairway,roll,0.000,0
1476,6.1366,-3.921,9.937,15.276,0.000,9.916,0.021,Fairway,roll,0.000,0
1477,6.1407,-3.922,9.937,15.276,0.000,9.916,0.021,Fairway,roll,0.000,0
1478,6.1449,-3.922,9.937,15.276,0.000,9.916,0.021,Fairway,roll,0.000,0
1479,6.1490,-3.923,9.937,15.276,0.000,9.916,0.021,Fairway,roll,0.000,0
1480,6.1532,-3.924,9.937,15.275,0.000,9.916,0.021,Fairway,roll,0.000,0
1481,6.1574,-3.924,9.937,15.275,0.000,9.916,0.021,Fairway,roll,0.000,0
1482,6.1615,-3.925,9.937,15.275,0.000,9.916,0.021,Fairway,roll,0.000,0
1483,6.1657,-3.926,9.937,15.275,0.000,9.916,0.021,Fairway,roll,0.000,0
1484,6.1699,-3.926,9.937,15.274,0.000,9.916,0.021,Fairway,roll,0.000,0
1485,6.1740,-3.927,9.937,15.274,0.000,9.916,0.021,Fairway,roll,0.000,0
1486,6.1782,-3.928,9.937,15.274,0.000,9.916,0.021,Fairway,roll,0.000,0
1487,6.1824,-3.928,9.937,15.273,0.000,9.916,0.021,Fairway,roll,0.000,0
1488,6.1865,-3.929,9.937,15.273,0.000,9.916,0.021,Fairway,roll,0.000,0
1489,6.1907,-3.930,9.937,15.273,0.000,9.916,0.021,Fairway,roll,0.000,0
1490,6.1949,-3.930,9.937,15.273,0.000,9.915,0.021,Fairway,roll,0.000,0
1491,6.1990,-3.931,9.937,15.272,0.000,9.915,0.021,Fairway,roll,0.000,0
1492,6.2032,-3.931,9.937,15.272,0.000,9.915,0.021,Fairway,roll,0.000,0
1493,6.2074,-3.932,9.937,15.272,0.000,9.915,0.021,Fairway,roll,0.000,0
1494,6.2115,-3.933,9.937,15.272,0.000,9.915,0.021,Fairway,roll,0.000,0
1495,6.2157,-3.933,9.937,15.271,0.000,9.915,0.021,Fairway,roll,0.000,0
1496,6.2199,-3.934,9.937,15.271,0.000,9.915,0.021,Fairway,roll,0.000,0
1497,6.2240,-3.935,9.937,15.271,0.000,9.915,0.021,Fairway,roll,0.000,0
1498,6.2282,-3.935,9.937,15.270,0.000,9.915,0.021,Fairway,roll,0.000,0
1499,6.2324,-3.936,9.937,15.270,0.000,9.915,0.021,Fairway,roll,0.000,0
1500,6.2365,-3.937,9.937,15.270,0.000,9.915,0.021,Fairway,roll,0.000,0
1501,6.2407,-3.937,9.937,15.270,0.000,9.915,0.021,Fairway,roll,0.000,0
1502,6.2449,-3.938,9.937,15.269,0.000,9.915,0.021,Fairway,roll,0.000,0
1503,6.2490,-3.939,9.937,15.269,0.000,9.915,0.021,Fairway,roll,0.000,0
1504,6.2532,-3.939,9.936,15.269,0.000,9.915,0.021,Fairway,roll,0.000,0
1505,6.2574,-3.940,9.936,15.268,0.000,9.915,0.021,Fairway,roll,0.000,0
1506,6.2615,-3.941,9.936,15.268,0.000,9.915,0.021,Fairway,roll,0.000,0
1507,6.2657,-3.941,9.936,15.268,0.000,9.915,0.021,Fairway,roll,0.000,0
1508,6.2699,-3.942,9.936,15.268,0.000,9.915,0.021,Fairway,roll,0.000,0
1509,6.2740,-3.943,9.936,15.267,0.000,9.915,0.021,Fairway,roll,0.000,0
1510,6.2782,-3.943,9.936,15.267,0.000,9.915,0.021,Fairway,roll,0.000,0
1511,6.2823,-3.944,9.936,15.267,0.000,9.915,0.021,Fairway,roll,0.000,0
1512,6.2865,-3.945,9.936,15.267,0.000,9.915,0.021,Fairway,roll,0.000,0
1513,6.2907,-3.945,9.936,15.266,0.000,9.915,0.021,Fairway,roll,0.000,0
1514,6.2948,-3.946,9.936,15.266,0.000,9.915,0.021,Fairway,roll,0.000,0
1515,6.2990,-3.947,9.936,15.266,0.000,9.915,0.021,Fairway,roll,0.000,0
1516,6.3032,-3.947,9.936,15.266,0.000,9.915,0.021,Fairway,roll,0.000,0
1517,6.3073,-3.948,9.936,15.265,0.000,9.915,0.021,Fairway,roll,0.000,0
1518,6.3115,-3.949,9.936,15.265,0.000,9.915,0.021,Fairway,roll,0.000,0
1519,6.3157,-3.949,9.936,15.265,0.000,9.915,0.021,Fairway,roll,0.000,0
1520,6.3198,-3.950,9.936,15.265,0.000,9.915,0.021,Fairway,roll,0.000,0
1521,6.3240,-3.950,9.936,15.264,0.000,9.915,0.021,Fairway,roll,0.000,0
1522,6.3282,-3.951,9.936,15.264,0.000,9.915,0.021,Fairway,roll,0.000,0
1523,6.3323,-3.952,9.936,15.264,0.000,9.915,0.021,Fairway,roll,0.000,0
1524,6.3365,-3.952,9.936,15.263,0.000,9.915,0.021,Fairway,roll,0.000,0
1525,6.3407,-3.953,9.936,15.263,0.000,9.915,0.021,Fairway,roll,0.000,0
1526,6.3448,-3.954,9.936,15.263,0.000,9.915,0.021,Fairway,roll,0.000,0
1527,6.3490,-3.954,9.936,15.263,0.000,9.915,0.021,Fairway,roll,0.000,0
1528,6.3532,-3.955,9.936,15.262,0.000,9.915,0.021,Fairway,roll,0.000,0
1529,6.3573,-3.956,9.936,15.262,0.000,9.915,0.021,Fairway,roll,0.000,0
1530,6.3615,-3.956,9.936,15.262,0.000,9.915,0.021,Fairway,roll,0.000,0
1531,6.3657,-3.957,9.936,15.262,0.000,9.915,0.021,Fairway,roll,0.000,0
1532,6.3698,-3.958,9.936,15.261,0.000,9.915,0.021,Fairway,roll,0.000,0
1533,6.3740,-3.958,9.936,15.261,0.000,9.915,0.021,Fairway,roll,0.000,0
1534,6.3782,-3.959,9.936,15.261,0.000,9.915,0.021,Fairway,roll,0.000,0
1535,6.3823,-3.959,9.936,15.261,0.000,9.915,0.021,Fairway,roll,0.000,0
1536,6.3865,-3.960,9.936,15.260,0.000,9.915,0.021,Fairway,roll,0.000,0
1537,6.3907,-3.961,9.936,15.260,0.000,9.915,0.021,Fairway,roll,0.000,0
1538,6.3948,-3.961,9.936,15.260,0.000,9.915,0.021,Fairway,roll,0.000,0
1539,6.3990,-3.962,9.936,15.260,0.000,9.915,0.021,Fairway,roll,0.000,0
1540,6.4032,-3.963,9.936,15.259,0.000,9.915,0.021,Fairway,roll,0.000,0
1541,6.4073,-3.963,9.936,15.259,0.000,9.915,0.021,Fairway,roll,0.000,0
1542,6.4115,-3.964,9.936,15.259,0.000,9.915,0.021,Fairway,roll,0.000,0
1543,6.4156,-3.965,9.936,15.259,0.000,9.915,0.021,Fairway,roll,0.000,0
1544,6.4198,-3.965,9.936,15.258,0.000,9.915,0.021,Fairway,roll,0.000,0
1545,6.4240,-3.966,9.936,15.258,0.000,9.914,0.021,Fairway,roll,0.000,0
1546,6.4281,-3.966,9.936,15.258,0.000,9.914,0.021,Fairway,roll,0.000,0
1547,6.4323,-3.967,9.936,15.257,0.000,9.914,0.021,Fairway,roll,0.000,0
1548,6.4365,-3.968,9.936,15.257,0.000,9.914,0.021,Fairway,roll,0.000,0
1549,6.4406,-3.968,9.936,15.257,0.000,9.914,0.021,Fairway,roll,0.000,0
1550,6.4448,-3.969,9.936,15.257,0.000,9.914,0.021,Fairway,roll,0.000,0
1551,6.4490,-3.970,9.936,15.256,0.000,9.914,0.021,Fairway,roll,0.000,0
1552,6.4531,-3.970,9.936,15.256,0.000,9.914,0.021,Fairway,roll,0.000,0
1553,6.4573,-3.971,9.936,15.256,0.000,9.914,0.021,Fairway,roll,0.000,0
1554,6.4615,-3.972,9.936,15.256,0.000,9.914,0.021,Fairway,roll,0.000,0
1555,6.4656,-3.972,9.936,15.255,0.000,9.914,0.021,Fairway,roll,0.000,0
1556,6.4698,-3.973,9.936,15.255,0.000,9.914,0.021,Fairway,roll,0.000,0
1557,6.4740,-3.973,9.936,15.255,0.000,9.914,0.021,Fairway,roll,0.000,0
1558,6.4781,-3.974,9.936,15.255,0.000,9.914,0.021,Fairway,roll,0.000,0
1559,6.4823,-3.975,9.936,15.254,0.000,9.914,0.021,Fairway,roll,0.000,0
1560,6.4865,-3.975,9.936,15.254,0.000,9.914,0.021,Fairway,roll,0.000,0
1561,6.4906,-3.976,9.936,15.254,0.000,9.914,0.021,Fairway,roll,0.000,0
1562,6.4948,-3.977,9.936,15.254,0.000,9.914,0.021,Fairway,roll,0.000,0
1563,6.4990,-3.977,9.936,15.253,0.000,9.914,0.021,Fairway,roll,0.000,0
1564,6.5031,-3.978,9.936,15.253,0.000,9.914,0.021,Fairway,roll,0.000,0
1565,6.5073,-3.978,9.935,15.253,0.000,9.914,0.021,Fairway,roll,0.000,0
1566,6.5115,-3.979,9.935,15.253,0.000,9.914,0.021,Fairway,roll,0.000,0
1567,6.5156,-3.980,9.935,15.252,0.000,9.914,0.021,Fairway,roll,0.000,0
1568,6.5198,-3.980,9.935,15.252,0.000,9.914,0.021,Fairway,roll,0.000,0
1569,6.5240,-3.981,9.935,15.252,0.000,9.914,0.021,Fairway,roll,0.000,0
1570,6.5281,-3.982,9.935,15.252,0.000,9.914,0.021,Fairway,roll,0.000,0
1571,6.5323,-3.982,9.935,15.251,0.000,9.914,0.021,Fairway,roll,0.000,0
1572,6.5365,-3.983,9.935,15.251,0.000,9.914,0.021,Fairway,roll,0.000,0
1573,6.5406,-3.983,9.935,15.251,0.000,9.914,0.021,Fairway,roll,0.000,0
1574,6.5448,-3.984,9.935,15.250,0.000,9.914,0.021,Fairway,roll,0.000,0
1575,6.5490,-3.985,9.935,15.250,0.000,9.914,0.021,Fairway,roll,0.000,0
1576,6.5531,-3.985,9.935,15.250,0.000,9.914,0.021,Fairway,roll,0.000,0
1577,6.5573,-3.986,9.935,15.250,0.000,9.914,0.021,Fairway,roll,0.000,0
1578,6.5614,-3.987,9.935,15.249,0.000,9.914,0.021,Fairway,roll,0.000,0
1579,6.5656,-3.987,9.935,15.249,0.000,9.914,0.021,Fairway,roll,0.000,0
1580,6.5698,-3.988,9.935,15.249,0.000,9.914,0.021,Fairway,roll,0.000,0
1581,6.5739,-3.988,9.935,15.249,0.000,9.914,0.021,Fairway,roll,0.000,0
1582,6.5781,-3.989,9.935,15.248,0.000,9.914,0.021,Fairway,roll,0.000,0
1583,6.5823,-3.990,9.935,15.248,0.000,9.914,0.021,Fairway,roll,0.000,0
1584,6.5864,-3.990,9.935,15.248,0.000,9.914,0.021,Fairway,roll,0.000,0
1585,6.5906,-3.991,9.935,15.248,0.000,9.914,0.021,Fairway,roll,0.000,0
1586,6.5948,-3.992,9.935,15.247,0.000,9.914,0.021,Fairway,roll,0.000,0
1587,6.5989,-3.992,9.935,15.247,0.000,9.914,0.021,Fairway,roll,0.000,0
1588,6.6031,-3.993,9.935,15.247,0.000,9.914,0.021,Fairway,roll,0.000,0
1589,6.6073,-3.993,9.935,15.247,0.000,9.914,0.021,Fairway,roll,0.000,0
1590,6.6114,-3.994,9.935,15.246,0.000,9.914,0.021,Fairway,roll,0.000,0
1591,6.6156,-3.995,9.935,15.246,0.000,9.914,0.021,Fairway,roll,0.000,0
1592,6.6198,-3.995,9.935,15.246,0.000,9.914,0.021,Fairway,roll,0.000,0
1593,6.6239,-3.996,9.935,15.246,0.000,9.914,0.021,Fairway,roll,0.000,0
1594,6.6281,-3.997,9.935,15.245,0.000,9.914,0.021,Fairway,roll,0.000,0
1595,6.6323,-3.997,9.935,15.245,0.000,9.914,0.021,Fairway,roll,0.000,0
1596,6.6364,-3.998,9.935,15.245,0.000,9.914,0.021,Fairway,roll,0.000,0
1597,6.6406,-3.998,9.935,15.245,0.000,9.914,0.021,Fairway,roll,0.000,0
1598,6.6448,-3.999,9.935,15.244,0.000,9.914,0.021,Fairway,roll,0.000,0
1599,6.6489,-4.000,9.935,15.244,0.000,9.914,0.021,Fairway,roll,0.000,0
1600,6.6531,-4.000,9.935,15.244,0.000,9.914,0.021,Fairway,roll,0.000,0
1601,6.6573,-4.001,9.935,15.243,0.000,9.913,0.021,Fairway,roll,0.000,0
1602,6.6614,-4.001,9.935,15.243,0.000,9.913,0.021,Fairway,roll,0.000,0
1603,6.6656,-4.002,9.935,15.243,0.000,9.913,0.021,Fairway,roll,0.000,0
1604,6.6698,-4.003,9.935,15.243,0.000,9.913,0.021,Fairway,roll,0.000,0
1605,6.6739,-4.003,9.935,15.242,0.000,9.913,0.021,Fairway,roll,0.000,0
1606,6.6781,-4.004,9.935,15.242,0.000,9.913,0.021,Fairway,roll,0.000,0
1607,6.6823,-4.004,9.935,15.242,0.000,9.913,0.021,Fairway,roll,0.000,0
1608,6.6864,-4.005,9.935,15.242,0.000,9.913,0.021,Fairway,roll,0.000,0
1609,6.6906,-4.006,9.935,15.241,0.000,9.913,0.021,Fairway,roll,0.000,0
1610,6.6947,-4.006,9.935,15.241,0.000,9.913,0.021,Fairway,roll,0.000,0
1611,6.6989,-4.007,9.935,15.241,0.000,9.913,0.021,Fairway,roll,0.000,0
1612,6.7031,-4.007,9.935,15.241,0.000,9.913,0.021,Fairway,roll,0.000,0
1613,6.7072,-4.008,9.935,15.240,0.000,9.913,0.021,Fairway,roll,0.000,0
1614,6.7114,-4.009,9.935,15.240,0.000,9.913,0.021,Fairway,roll,0.000,0
1615,6.7156,-4.009,9.935,15.240,0.000,9.913,0.021,Fairway,roll,0.000,0
1616,6.7197,-4.010,9.935,15.240,0.000,9.913,0.021,Fairway,roll,0.000,0
1617,6.7239,-4.011,9.935,15.239,0.000,9.913,0.021,Fairway,roll,0.000,0
1618,6.7281,-4.011,9.935,15.239,0.000,9.913,0.021,Fairway,roll,0.000,0
1619,6.7322,-4.012,9.935,15.239,0.000,9.913,0.021,Fairway,roll,0.000,0
1620,6.7364,-4.012,9.935,15.239,0.000,9.913,0.021,Fairway,roll,0.000,0
1621,6.7406,-4.013,9.935,15.238,0.000,9.913,0.021,Fairway,roll,0.000,0
1622,6.7447,-4.014,9.935,15.238,0.000,9.913,0.021,Fairway,roll,0.000,0
1623,6.7489,-4.014,9.935,15.238,0.000,9.913,0.021,Fairway,roll,0.000,0
1624,6.7531,-4.015,9.935,15.238,0.000,9.913,0.021,Fairway,roll,0.000,0
1625,6.7572,-4.015,9.935,15.237,0.000,9.913,0.021,Fairway,roll,0.000,0
1626,6.7614,-4.016,9.935,15.237,0.000,9.913,0.021,Fairway,roll,0.000,0
1627,6.7656,-4.017,9.934,15.237,0.000,9.913,0.021,Fairway,roll,0.000,0
1628,6.7697,-4.017,9.934,15.237,0.000,9.913,0.021,Fairway,roll,0.000,0
1629,6.7739,-4.018,9.934,15.236,0.000,9.913,0.021,Fairway,roll,0.000,0
1630,6.7781,-4.018,9.934,15.236,0.000,9.913,0.021,Fairway,roll,0.000,0
1631,6.7822,-4.019,9.934,15.236,0.000,9.913,0.021,Fairway,roll,0.000,0
1632,6.7864,-4.020,9.934,15.236,0.000,9.913,0.021,Fairway,roll,0.000,0
1633,6.7906,-4.020,9.934,15.235,0.000,9.913,0.021,Fairway,roll,0.000,0
1634,6.7947,-4.021,9.934,15.235,0.000,9.913,0.021,Fairway,roll,0.000,0
1635,6.7989,-4.021,9.934,15.235,0.000,9.913,0.021,Fairway,roll,0.000,0
1636,6.8031,-4.022,9.934,15.235,0.000,9.913,0.021,Fairway,roll,0.000,0
1637,6.8072,-4.023,9.934,15.234,0.000,9.913,0.021,Fairway,roll,0.000,0
1638,6.8114,-4.023,9.934,15.234,0.000,9.913,0.021,Fairway,roll,0.000,0
1639,6.8156,-4.024,9.934,15.234,0.000,9.913,0.021,Fairway,roll,0.000,0
1640,6.8197,-4.024,9.934,15.234,0.000,9.913,0.021,Fairway,roll,0.000,0
1641,6.8239,-4.025,9.934,15.233,0.000,9.913,0.021,Fairway,roll,0.000,0
1642,6.8280,-4.025,9.934,15.233,0.000,9.913,0.021,Fairway,roll,0.000,0
1643,6.8322,-4.026,9.934,15.233,0.000,9.913,0.021,Fairway,roll,0.000,0
1644,6.8364,-4.027,9.934,15.233,0.000,9.913,0.021,Fairway,roll,0.000,0
1645,6.8405,-4.027,9.934,15.232,0.000,9.913,0.021,Fairway,roll,0.000,0
1646,6.8447,-4.028,9.934,15.232,0.000,9.913,0.021,Fairway,roll,0.000,0
1647,6.8489,-4.028,9.934,15.232,0.000,9.913,0.021,Fairway,roll,0.000,0
1648,6.8530,-4.029,9.934,15.232,0.000,9.913,0.021,Fairway,roll,0.000,0
1649,6.8572,-4.030,9.934,15.231,0.000,9.913,0.021,Fairway,roll,0.000,0
1650,6.8614,-4.030,9.934,15.231,0.000,9.913,0.021,Fairway,roll,0.000,0
1651,6.8655,-4.031,9.934,15.231,0.000,9.913,0.021,Fairway,roll,0.000,0
1652,6.8697,-4.031,9.934,15.231,0.000,9.913,0.021,Fairway,roll,0.000,0
1653,6.8739,-4.032,9.934,15.231,0.000,9.913,0.021,Fairway,roll,0.000,0
1654,6.8780,-4.033,9.934,15.230,0.000,9.913,0.021,Fairway,roll,0.000,0
1655,6.8822,-4.033,9.934,15.230,0.000,9.913,0.021,Fairway,roll,0.000,0
1656,6.8864,-4.034,9.934,15.230,0.000,9.913,0.021,Fairway,roll,0.000,0
1657,6.8905,-4.034,9.934,15.230,0.000,9.913,0.021,Fairway,roll,0.000,0
1658,6.8947,-4.035,9.934,15.229,0.000,9.913,0.021,Fairway,roll,0.000,0
1659,6.8989,-4.036,9.934,15.229,0.000,9.913,0.021,Fairway,roll,0.000,0
1660,6.9030,-4.036,9.934,15.229,0.000,9.913,0.021,Fairway,roll,0.000,0
1661,6.9072,-4.037,9.934,15.229,0.000,9.913,0.021,Fairway,roll,0.000,0
1662,6.9114,-4.037,9.934,15.228,0.000,9.913,0.021,Fairway,roll,0.000,0
1663,6.9155,-4.038,9.934,15.228,0.000,9.913,0.021,Fairway,roll,0.000,0
1664,6.9197,-4.039,9.934,15.228,0.000,9.913,0.021,Fairway,roll,0.000,0
1665,6.9239,-4.039,9.934,15.228,0.000,9.913,0.021,Fairway,roll,0.000,0
1666,6.9280,-4.040,9.934,15.227,0.000,9.913,0.021,Fairway,roll,0.000,0
1667,6.9322,-4.040,9.934,15.227,0.000,9.913,0.021,Fairway,roll,0.000,0
1668,6.9364,-4.041,9.934,15.227,0.000,9.913,0.021,Fairway,roll,0.000,0
1669,6.9405,-4.041,9.934,15.227,0.000,9.913,0.021,Fairway,roll,0.000,0
1670,6.9447,-4.042,9.934,15.226,0.000,9.913,0.021,Fairway,roll,0.000,0
1671,6.9489,-4.043,9.934,15.226,0.000,9.913,0.021,Fairway,roll,0.000,0
1672,6.9530,-4.043,9.934,15.226,0.000,9.913,0.021,Fairway,roll,0.000,0
1673,6.9572,-4.044,9.934,15.226,0.000,9.913,0.021,Fairway,roll,0.000,0
1674,6.9613,-4.044,9.934,15.225,0.000,9.913,0.021,Fairway,roll,0.000,0
1675,6.9655,-4.045,9.934,15.225,0.000,9.912,0.021,Fairway,roll,0.000,0
1676,6.9697,-4.045,9.934,15.225,0.000,9.912,0.021,Fairway,roll,0.000,0
1677,6.9738,-4.046,9.934,15.225,0.000,9.912,0.021,Fairway,roll,0.000,0
1678,6.9780,-4.047,9.934,15.224,0.000,9.912,0.021,Fairway,roll,0.000,0
1679,6.9822,-4.047,9.934,15.224,0.000,9.912,0.021,Fairway,roll,0.000,0
1680,6.9863,-4.048,9.934,15.224,0.000,9.912,0.021,Fairway,roll,0.000,0
1681,6.9905,-4.048,9.934,15.224,0.000,9.912,0.021,Fairway,roll,0.000,0
1682,6.9947,-4.049,9.934,15.223,0.000,9.912,0.021,Fairway,roll,0.000,0
1683,6.9988,-4.050,9.934,15.223,0.000,9.912,0.021,Fairway,roll,0.000,0
1684,7.0030,-4.050,9.934,15.223,0.000,9.912,0.021,Fairway,roll,0.000,0
1685,7.0072,-4.051,9.934,15.223,0.000,9.912,0.021,Fairway,roll,0.000,0
1686,7.0113,-4.051,9.934,15.222,0.000,9.912,0.021,Fairway,roll,0.000,0
1687,7.0155,-4.052,9.934,15.222,0.000,9.912,0.021,Fairway,roll,0.000,0
1688,7.0197,-4.052,9.934,15.222,0.000,9.912,0.021,Fairway,roll,0.000,0
1689,7.0238,-4.053,9.934,15.222,0.000,9.912,0.021,Fairway,roll,0.000,0
1690,7.0280,-4.054,9.934,15.221,0.000,9.912,0.021,Fairway,roll,0.000,0
1691,7.0322,-4.054,9.934,15.221,0.000,9.912,0.021,Fairway,roll,0.000,0
1692,7.0363,-4.055,9.934,15.221,0.000,9.912,0.021,Fairway,roll,0.000,0
1693,7.0405,-4.055,9.933,15.221,0.000,9.912,0.021,Fairway,roll,0.000,0
1694,7.0447,-4.056,9.933,15.221,0.000,9.912,0.021,Fairway,roll,0.000,0
1695,7.0488,-4.056,9.933,15.220,0.000,9.912,0.021,Fairway,roll,0.000,0
1696,7.0530,-4.057,9.933,15.220,0.000,9.912,0.021,Fairway,roll,0.000,0
1697,7.0572,-4.058,9.933,15.220,0.000,9.912,0.021,Fairway,roll,0.000,0
1698,7.0613,-4.058,9.933,15.220,0.000,9.912,0.021,Fairway,roll,0.000,0
1699,7.0655,-4.059,9.933,15.219,0.000,9.912,0.021,Fairway,roll,0.000,0
1700,7.0697,-4.059,9.933,15.219,0.000,9.912,0.021,Fairway,roll,0.000,0
1701,7.0738,-4.060,9.933,15.219,0.000,9.912,0.021,Fairway,roll,0.000,0
1702,7.0780,-4.061,9.933,15.219,0.000,9.912,0.021,Fairway,roll,0.000,0
1703,7.0822,-4.061,9.933,15.218,0.000,9.912,0.021,Fairway,roll,0.000,0
1704,7.0863,-4.062,9.933,15.218,0.000,9.912,0.021,Fairway,roll,0.000,0
1705,7.0905,-4.062,9.933,15.218,0.000,9.912,0.021,Fairway,roll,0.000,0
1706,7.0947,-4.063,9.933,15.218,0.000,9.912,0.021,Fairway,roll,0.000,0
1707,7.0988,-4.063,9.933,15.217,0.000,9.912,0.021,Fairway,roll,0.000,0
1708,7.1030,-4.064,9.933,15.217,0.000,9.912,0.021,Fairway,roll,0.000,0
1709,7.1071,-4.064,9.933,15.217,0.000,9.912,0.021,Fairway,roll,0.000,0
1710,7.1113,-4.065,9.933,15.217,0.000,9.912,0.021,Fairway,roll,0.000,0
1711,7.1155,-4.066,9.933,15.216,0.000,9.912,0.021,Fairway,roll,0.000,0
1712,7.1196,-4.066,9.933,15.216,0.000,9.912,0.021,Fairway,roll,0.000,0
1713,7.1238,-4.067,9.933,15.216,0.000,9.912,0.021,Fairway,roll,0.000,0
1714,7.1280,-4.067,9.933,15.216,0.000,9.912,0.021,Fairway,roll,0.000,0
1715,7.1321,-4.068,9.933,15.215,0.000,9.912,0.021,Fairway,roll,0.000,0
1716,7.1363,-4.068,9.933,15.215,0.000,9.912,0.021,Fairway,roll,0.000,0
1717,7.1405,-4.069,9.933,15.215,0.000,9.912,0.021,Fairway,roll,0.000,0
1718,7.1446,-4.070,9.933,15.215,0.000,9.912,0.021,Fairway,roll,0.000,0
1719,7.1488,-4.070,9.933,15.214,0.000,9.912,0.021,Fairway,roll,0.000,0
1720,7.1530,-4.071,9.933,15.214,0.000,9.912,0.021,Fairway,roll,0.000,0
1721,7.1571,-4.071,9.933,15.214,0.000,9.912,0.021,Fairway,roll,0.000,0
1722,7.1613,-4.072,9.933,15.214,0.000,9.912,0.021,Fairway,roll,0.000,0
1723,7.1655,-4.072,9.933,15.213,0.000,9.912,0.021,Fairway,roll,0.000,0
1724,7.1696,-4.073,9.933,15.213,0.000,9.912,0.021,Fairway,roll,0.000,0
1725,7.1738,-4.074,9.933,15.213,0.000,9.912,0.021,Fairway,roll,0.000,0
1726,7.1780,-4.074,9.933,15.213,0.000,9.912,0.021,Fairway,roll,0.000,0
1727,7.1821,-4.075,9.933,15.212,0.000,9.912,0.021,Fairway,roll,0.000,0
1728,7.1863,-4.075,9.933,15.212,0.000,9.912,0.021,Fairway,roll,0.000,0
1729,7.1905,-4.076,9.933,15.212,0.000,9.912,0.021,Fairway,roll,0.000,0
1730,7.1946,-4.076,9.933,15.212,0.000,9.912,0.021,Fairway,roll,0.000,0
1731,7.1988,-4.077,9.933,15.211,0.000,9.912,0.021,Fairway,roll,0.000,0
1732,7.2030,-4.077,9.933,15.211,0.000,9.912,0.021,Fairway,roll,0.000,0
1733,7.2071,-4.078,9.933,15.211,0.000,9.912,0.021,Fairway,roll,0.000,0
1734,7.2113,-4.079,9.933,15.211,0.000,9.912,0.021,Fairway,roll,0.000,0
1735,7.2155,-4.079,9.933,15.210,0.000,9.912,0.021,Fairway,roll,0.000,0
1736,7.2196,-4.080,9.933,15.210,0.000,9.911,0.021,Fairway,roll,0.000,0
1737,7.2238,-4.080,9.933,15.210,0.000,9.911,0.021,Fairway,roll,0.000,0
1738,7.2280,-4.081,9.933,15.210,0.000,9.911,0.021,Fairway,roll,0.000,0
1739,7.2321,-4.081,9.933,15.210,0.000,9.911,0.021,Fairway,roll,0.000,0
1740,7.2363,-4.082,9.933,15.209,0.000,9.911,0.021,Fairway,roll,0.000,0
1741,7.2404,-4.083,9.933,15.209,0.000,9.911,0.021,Fairway,roll,0.000,0
1742,7.2446,-4.083,9.933,15.209,0.000,9.911,0.021,Fairway,roll,0.000,0
1743,7.2488,-4.084,9.933,15.209,0.000,9.911,0.021,Fairway,roll,0.000,0
1744,7.2529,-4.084,9.933,15.208,0.000,9.911,0.021,Fairway,roll,0.000,0
1745,7.2571,-4.085,9.933,15.208,0.000,9.911,0.021,Fairway,roll,0.000,0
1746,7.2613,-4.085,9.933,15.208,0.000,9.911,0.021,Fairway,roll,0.000,0
1747,7.2654,-4.086,9.933,15.208,0.000,9.911,0.021,Fairway,roll,0.000,0
1748,7.2696,-4.086,9.933,15.207,0.000,9.911,0.021,Fairway,roll,0.000,0
1749,7.2738,-4.087,9.933,15.207,0.000,9.911,0.021,Fairway,roll,0.000,0
1750,7.2779,-4.087,9.933,15.207,0.000,9.911,0.021,Fairway,roll,0.000,0
1751,7.2821,-4.088,9.933,15.207,0.000,9.911,0.021,Fairway,roll,0.000,0
1752,7.2863,-4.089,9.933,15.207,0.000,9.911,0.021,Fairway,roll,0.000,0
1753,7.2904,-4.089,9.933,15.206,0.000,9.911,0.021,Fairway,roll,0.000,0
1754,7.2946,-4.090,9.933,15.206,0.000,9.911,0.021,Fairway,roll,0.000,0
1755,7.2988,-4.090,9.933,15.206,0.000,9.911,0.021,Fairway,roll,0.000,0
1756,7.3029,-4.091,9.933,15.206,0.000,9.911,0.021,Fairway,roll,0.000,0
1757,7.3071,-4.091,9.933,15.205,0.000,9.911,0.021,Fairway,roll,0.000,0
1758,7.3113,-4.092,9.933,15.205,0.000,9.911,0.021,Fairway,roll,0.000,0
1759,7.3154,-4.092,9.932,15.205,0.000,9.911,0.021,Fairway,roll,0.000,0
1760,7.3196,-4.093,9.932,15.205,0.000,9.911,0.021,Fairway,roll,0.000,0
1761,7.3238,-4.094,9.932,15.204,0.000,9.911,0.021,Fairway,roll,0.000,0
1762,7.3279,-4.094,9.932,15.204,0.000,9.911,0.021,Fairway,roll,0.000,0
1763,7.3321,-4.095,9.932,15.204,0.000,9.911,0.021,Fairway,roll,0.000,0
1764,7.3363,-4.095,9.932,15.204,0.000,9.911,0.021,Fairway,roll,0.000,0
1765,7.3404,-4.096,9.932,15.204,0.000,9.911,0.021,Fairway,roll,0.000,0
1766,7.3446,-4.096,9.932,15.203,0.000,9.911,0.021,Fairway,roll,0.000,0
1767,7.3488,-4.097,9.932,15.203,0.000,9.911,0.021,Fairway,roll,0.000,0
1768,7.3529,-4.097,9.932,15.203,0.000,9.911,0.021,Fairway,roll,0.000,0
1769,7.3571,-4.098,9.932,15.203,0.000,9.911,0.021,Fairway,roll,0.000,0
1770,7.3613,-4.098,9.932,15.202,0.000,9.911,0.021,Fairway,roll,0.000,0
1771,7.3654,-4.099,9.932,15.202,0.000,9.911,0.021,Fairway,roll,0.000,0
1772,7.3696,-4.100,9.932,15.202,0.000,9.911,0.021,Fairway,roll,0.000,0
1773,7.3737,-4.100,9.932,15.202,0.000,9.911,0.021,Fairway,roll,0.000,0
1774,7.3779,-4.101,9.932,15.202,0.000,9.911,0.021,Fairway,roll,0.000,0
1775,7.3821,-4.101,9.932,15.201,0.000,9.911,0.021,Fairway,roll,0.000,0
1776,7.3862,-4.102,9.932,15.201,0.000,9.911,0.021,Fairway,roll,0.000,0
1777,7.3904,-4.102,9.932,15.201,0.000,9.911,0.021,Fairway,roll,0.000,0
1778,7.3946,-4.103,9.932,15.201,0.000,9.911,0.021,Fairway,roll,0.000,0
1779,7.3987,-4.103,9.932,15.200,0.000,9.911,0.021,Fairway,roll,0.000,0
1780,7.4029,-4.104,9.932,15.200,0.000,9.911,0.021,Fairway,roll,0.000,0
1781,7.4071,-4.104,9.932,15.200,0.000,9.911,0.021,Fairway,roll,0.000,0
1782,7.4112,-4.105,9.932,15.200,0.000,9.911,0.021,Fairway,roll,0.000,0
1783,7.4154,-4.106,9.932,15.199,0.000,9.911,0.021,Fairway,roll,0.000,0
1784,7.4196,-4.106,9.932,15.199,0.000,9.911,0.021,Fairway,roll,0.000,0
1785,7.4237,-4.107,9.932,15.199,0.000,9.911,0.021,Fairway,roll,0.000,0
1786,7.4279,-4.107,9.932,15.199,0.000,9.911,0.021,Fairway,roll,0.000,0
1787,7.4321,-4.108,9.932,15.199,0.000,9.911,0.021,Fairway,roll,0.000,0
1788,7.4362,-4.108,9.932,15.198,0.000,9.911,0.021,Fairway,roll,0.000,0
1789,7.4404,-4.109,9.932,15.198,0.000,9.911,0.021,Fairway,roll,0.000,0
1790,7.4446,-4.109,9.932,15.198,0.000,9.911,0.021,Fairway,roll,0.000,0
1791,7.4487,-4.110,9.932,15.198,0.000,9.911,0.021,Fairway,roll,0.000,0
1792,7.4529,-4.110,9.932,15.197,0.000,9.911,0.021,Fairway,roll,0.000,0
1793,7.4571,-4.111,9.932,15.197,0.000,9.911,0.021,Fairway,roll,0.000,0
1794,7.4612,-4.111,9.932,15.197,0.000,9.911,0.021,Fairway,roll,0.000,0
1795,7.4654,-4.112,9.932,15.197,0.000,9.911,0.021,Fairway,roll,0.000,0
1796,7.4696,-4.112,9.932,15.196,0.000,9.911,0.021,Fairway,roll,0.000,0
1797,7.4737,-4.113,9.932,15.196,0.000,9.911,0.021,Fairway,roll,0.000,0
1798,7.4779,-4.114,9.932,15.196,0.000,9.911,0.021,Fairway,roll,0.000,0
1799,7.4821,-4.114,9.932,15.196,0.000,9.911,0.021,Fairway,roll,0.000,0
1800,7.4862,-4.115,9.932,15.196,0.000,9.911,0.021,Fairway,roll,0.000,0
1801,7.4904,-4.115,9.932,15.195,0.000,9.910,0.021,Fairway,roll,0.000,0
1802,7.4946,-4.116,9.932,15.195,0.000,9.910,0.021,Fairway,roll,0.000,0
1803,7.4987,-4.116,9.932,15.195,0.000,9.910,0.021,Fairway,roll,0.000,0
1804,7.5029,-4.117,9.932,15.195,0.000,9.910,0.021,Fairway,roll,0.000,0
1805,7.5071,-4.117,9.932,15.194,0.000,9.910,0.021,Fairway,roll,0.000,0
1806,7.5112,-4.118,9.932,15.194,0.000,9.910,0.021,Fairway,roll,0.000,0
1807,7.5154,-4.118,9.932,15.194,0.000,9.910,0.021,Fairway,roll,0.000,0
1808,7.5195,-4.119,9.932,15.194,0.000,9.910,0.021,Fairway,roll,0.000,0
1809,7.5237,-4.119,9.932,15.194,0.000,9.910,0.021,Fairway,roll,0.000,0
1810,7.5279,-4.120,9.932,15.193,0.000,9.910,0.021,Fairway,roll,0.000,0
1811,7.5320,-4.120,9.932,15.193,0.000,9.910,0.021,Fairway,roll,0.000,0
1812,7.5362,-4.121,9.932,15.193,0.000,9.910,0.021,Fairway,roll,0.000,0
1813,7.5404,-4.122,9.932,15.193,0.000,9.910,0.021,Fairway,roll,0.000,0
1814,7.5445,-4.122,9.932,15.192,0.000,9.910,0.021,Fairway,roll,0.000,0
1815,7.5487,-4.123,9.932,15.192,0.000,9.910,0.021,Fairway,roll,0.000,0
1816,7.5529,-4.123,9.932,15.192,0.000,9.910,0.021,Fairway,roll,0.000,0
1817,7.5570,-4.124,9.932,15.192,0.000,9.910,0.021,Fairway,roll,0.000,0
1818,7.5612,-4.124,9.932,15.191,0.000,9.910,0.021,Fairway,roll,0.000,0
1819,7.5654,-4.125,9.932,15.191,0.000,9.910,0.021,Fairway,roll,0.000,0
1820,7.5695,-4.125,9.932,15.191,0.000,9.910,0.021,Fairway,roll,0.000,0
1821,7.5737,-4.126,9.932,15.191,0.000,9.910,0.021,Fairway,roll,0.000,0
1822,7.5779,-4.126,9.932,15.191,0.000,9.910,0.021,Fairway,roll,0.000,0
1823,7.5820,-4.127,9.932,15.190,0.000,9.910,0.021,Fairway,roll,0.000,0
1824,7.5862,-4.127,9.932,15.190,0.000,9.910,0.021,Fairway,roll,0.000,0
1825,7.5904,-4.128,9.932,15.190,0.000,9.910,0.021,Fairway,roll,0.000,0
1826,7.5945,-4.128,9.932,15.190,0.000,9.910,0.021,Fairway,roll,0.000,0
1827,7.5987,-4.129,9.932,15.189,0.000,9.910,0.021,Fairway,roll,0.000,0
1828,7.6029,-4.129,9.932,15.189,0.000,9.910,0.021,Fairway,roll,0.000,0
1829,7.6070,-4.130,9.931,15.189,0.000,9.910,0.021,Fairway,roll,0.000,0
1830,7.6112,-4.130,9.931,15.189,0.000,9.910,0.021,Fairway,roll,0.000,0
1831,7.6154,-4.131,9.931,15.188,0.000,9.910,0.021,Fairway,roll,0.000,0
1832,7.6195,-4.132,9.931,15.188,0.000,9.910,0.021,Fairway,roll,0.000,0
1833,7.6237,-4.132,9.931,15.188,0.000,9.910,0.021,Fairway,roll,0.000,0
1834,7.6279,-4.133,9.931,15.188,0.000,9.910,0.021,Fairway,roll,0.000,0
1835,7.6320,-4.133,9.931,15.188,0.000,9.910,0.021,Fairway,roll,0.000,0
1836,7.6362,-4.134,9.931,15.187,0.000,9.910,0.021,Fairway,roll,0.000,0
1837,7.6404,-4.134,9.931,15.187,0.000,9.910,0.021,Fairway,roll,0.000,0
1838,7.6445,-4.135,9.931,15.187,0.000,9.910,0.021,Fairway,roll,0.000,0
1839,7.6487,-4.135,9.931,15.187,0.000,9.910,0.021,Fairway,roll,0.000,0
1840,7.6528,-4.136,9.931,15.186,0.000,9.910,0.021,Fairway,roll,0.000,0
1841,7.6570,-4.136,9.931,15.186,0.000,9.910,0.021,Fairway,roll,0.000,0
1842,7.6612,-4.137,9.931,15.186,0.000,9.910,0.021,Fairway,roll,0.000,0
1843,7.6653,-4.137,9.931,15.186,0.000,9.910,0.021,Fairway,roll,0.000,0
1844,7.6695,-4.138,9.931,15.185,0.000,9.910,0.021,Fairway,roll,0.000,0
1845,7.6737,-4.138,9.931,15.185,0.000,9.910,0.021,Fairway,roll,0.000,0
1846,7.6778,-4.139,9.931,15.185,0.000,9.910,0.021,Fairway,roll,0.000,0
1847,7.6820,-4.139,9.931,15.185,0.000,9.910,0.021,Fairway,roll,0.000,0
1848,7.6862,-4.140,9.931,15.185,0.000,9.910,0.021,Fairway,roll,0.000,0
1849,7.6903,-4.140,9.931,15.184,0.000,9.910,0.021,Fairway,roll,0.000,0
1850,7.6945,-4.141,9.931,15.184,0.000,9.910,0.021,Fairway,roll,0.000,0
1851,7.6987,-4.141,9.931,15.184,0.000,9.910,0.021,Fairway,roll,0.000,0
1852,7.7028,-4.142,9.931,15.184,0.000,9.910,0.021,Fairway,roll,0.000,0
1853,7.7070,-4.142,9.931,15.183,0.000,9.910,0.021,Fairway,roll,0.000,0
1854,7.7112,-4.143,9.931,15.183,0.000,9.910,0.021,Fairway,roll,0.000,0
1855,7.7153,-4.143,9.931,15.183,0.000,9.910,0.021,Fairway,roll,0.000,0
1856,7.7195,-4.144,9.931,15.183,0.000,9.910,0.021,Fairway,roll,0.000,0
1857,7.7237,-4.145,9.931,15.183,0.000,9.910,0.021,Fairway,roll,0.000,0
1858,7.7278,-4.145,9.931,15.182,0.000,9.910,0.021,Fairway,roll,0.000,0
1859,7.7320,-4.146,9.931,15.182,0.000,9.910,0.021,Fairway,roll,0.000,0
1860,7.7362,-4.146,9.931,15.182,0.000,9.910,0.021,Fairway,roll,0.000,0
1861,7.7403,-4.147,9.931,15.182,0.000,9.910,0.021,Fairway,roll,0.000,0
1862,7.7445,-4.147,9.931,15.181,0.000,9.910,0.021,Fairway,roll,0.000,0
1863,7.7487,-4.148,9.931,15.181,0.000,9.910,0.021,Fairway,roll,0.000,0
1864,7.7528,-4.148,9.931,15.181,0.000,9.910,0.021,Fairway,roll,0.000,0
1865,7.7570,-4.149,9.931,15.181,0.000,9.910,0.021,Fairway,roll,0.000,0
1866,7.7612,-4.149,9.931,15.181,0.000,9.910,0.021,Fairway,roll,0.000,0
1867,7.7653,-4.150,9.931,15.180,0.000,9.910,0.021,Fairway,roll,0.000,0
1868,7.7695,-4.150,9.931,15.180,0.000,9.909,0.021,Fairway,roll,0.000,0
1869,7.7737,-4.151,9.931,15.180,0.000,9.909,0.021,Fairway,roll,0.000,0
1870,7.7778,-4.151,9.931,15.180,0.000,9.909,0.021,Fairway,roll,0.000,0
1871,7.7820,-4.152,9.931,15.179,0.000,9.909,0.021,Fairway,roll,0.000,0
1872,7.7861,-4.152,9.931,15.179,0.000,9.909,0.021,Fairway,roll,0.000,0
1873,7.7903,-4.153,9.931,15.179,0.000,9.909,0.021,Fairway,roll,0.000,0
1874,7.7945,-4.153,9.931,15.179,0.000,9.909,0.021,Fairway,roll,0.000,0
1875,7.7986,-4.154,9.931,15.179,0.000,9.909,0.021,Fairway,roll,0.000,0
1876,7.8028,-4.154,9.931,15.178,0.000,9.909,0.021,Fairway,roll,0.000,0
1877,7.8070,-4.155,9.931,15.178,0.000,9.909,0.021,Fairway,roll,0.000,0
1878,7.8111,-4.155,9.931,15.178,0.000,9.909,0.021,Fairway,roll,0.000,0
1879,7.8153,-4.156,9.931,15.178,0.000,9.909,0.021,Fairway,roll,0.000,0
1880,7.8195,-4.156,9.931,15.178,0.000,9.909,0.021,Fairway,roll,0.000,0
1881,7.8236,-4.157,9.931,15.177,0.000,9.909,0.021,Fairway,roll,0.000,0
1882,7.8278,-4.157,9.931,15.177,0.000,9.909,0.021,Fairway,roll,0.000,0
1883,7.8320,-4.158,9.931,15.177,0.000,9.909,0.021,Fairway,roll,0.000,0
1884,7.8361,-4.158,9.931,15.177,0.000,9.909,0.021,Fairway,roll,0.000,0
1885,7.8403,-4.159,9.931,15.177,0.000,9.909,0.021,Fairway,roll,0.000,0
1886,7.8445,-4.159,9.931,15.176,0.000,9.909,0.021,Fairway,roll,0.000,0
1887,7.8486,-4.160,9.931,15.176,0.000,9.909,0.021,Fairway,roll,0.000,0
1888,7.8528,-4.160,9.931,15.176,0.000,9.909,0.021,Fairway,roll,0.000,0
1889,7.8570,-4.161,9.931,15.176,0.000,9.909,0.021,Fairway,roll,0.000,0
1890,7.8611,-4.161,9.931,15.175,0.000,9.909,0.021,Fairway,roll,0.000,0
1891,7.8653,-4.162,9.931,15.175,0.000,9.909,0.021,Fairway,roll,0.000,0
1892,7.8695,-4.162,9.931,15.175,0.000,9.909,0.021,Fairway,roll,0.000,0
1893,7.8736,-4.163,9.931,15.175,0.000,9.909,0.021,Fairway,roll,0.000,0
1894,7.8778,-4.163,9.931,15.175,0.000,9.909,0.021,Fairway,roll,0.000,0
1895,7.8820,-4.164,9.931,15.174,0.000,9.909,0.021,Fairway,roll,0.000,0
1896,7.8861,-4.164,9.931,15.174,0.000,9.909,0.021,Fairway,roll,0.000,0
1897,7.8903,-4.165,9.931,15.174,0.000,9.909,0.021,Fairway,roll,0.000,0
1898,7.8945,-4.165,9.931,15.174,0.000,9.909,0.021,Fairway,roll,0.000,0
1899,7.8986,-4.166,9.931,15.174,0.000,9.909,0.021,Fairway,roll,0.000,0
1900,7.9028,-4.166,9.931,15.173,0.000,9.909,0.021,Fairway,roll,0.000,0
1901,7.9070,-4.167,9.931,15.173,0.000,9.909,0.021,Fairway,roll,0.000,0
1902,7.9111,-4.167,9.931,15.173,0.000,9.909,0.021,Fairway,roll,0.000,0
1903,7.9153,-4.168,9.930,15.173,0.000,9.909,0.021,Fairway,roll,0.000,0
1904,7.9194,-4.168,9.930,15.172,0.000,9.909,0.021,Fairway,roll,0.000,0
1905,7.9236,-4.169,9.930,15.172,0.000,9.909,0.021,Fairway,roll,0.000,0
1906,7.9278,-4.169,9.930,15.172,0.000,9.909,0.021,Fairway,roll,0.000,0
1907,7.9319,-4.170,9.930,15.172,0.000,9.909,0.021,Fairway,roll,0.000,0
1908,7.9361,-4.170,9.930,15.172,0.000,9.909,0.021,Fairway,roll,0.000,0
1909,7.9403,-4.171,9.930,15.171,0.000,9.909,0.021,Fairway,roll,0.000,0
1910,7.9444,-4.171,9.930,15.171,0.000,9.909,0.021,Fairway,roll,0.000,0
1911,7.9486,-4.172,9.930,15.171,0.000,9.909,0.021,Fairway,roll,0.000,0
1912,7.9528,-4.172,9.930,15.171,0.000,9.909,0.021,Fairway,roll,0.000,0
1913,7.9569,-4.173,9.930,15.171,0.000,9.909,0.021,Fairway,roll,0.000,0
1914,7.9611,-4.173,9.930,15.170,0.000,9.909,0.021,Fairway,roll,0.000,0
1915,7.9653,-4.174,9.930,15.170,0.000,9.909,0.021,Fairway,roll,0.000,0
1916,7.9694,-4.174,9.930,15.170,0.000,9.909,0.021,Fairway,roll,0.000,0
1917,7.9736,-4.175,9.930,15.170,0.000,9.909,0.021,Fairway,roll,0.000,0
1918,7.9778,-4.175,9.930,15.169,0.000,9.909,0.021,Fairway,roll,0.000,0
1919,7.9819,-4.176,9.930,15.169,0.000,9.909,0.021,Fairway,roll,0.000,0
1920,7.9861,-4.176,9.930,15.169,0.000,9.909,0.021,Fairway,roll,0.000,0
1921,7.9903,-4.177,9.930,15.169,0.000,9.909,0.021,Fairway,roll,0.000,0
1922,7.9944,-4.177,9.930,15.169,0.000,9.909,0.021,Fairway,roll,0.000,0
1923,7.9986,-4.178,9.930,15.168,0.000,9.909,0.021,Fairway,roll,0.000,0
1924,8.0028,-4.178,9.930,15.168,0.000,9.909,0.021,Fairway,roll,0.000,0
1925,8.0069,-4.179,9.930,15.168,0.000,9.909,0.021,Fairway,roll,0.000,0
1926,8.0111,-4.179,9.930,15.168,0.000,9.909,0.021,Fairway,roll,0.000,0
1927,8.0153,-4.180,9.930,15.168,0.000,9.909,0.021,Fairway,roll,0.000,0
1928,8.0194,-4.180,9.930,15.167,0.000,9.909,0.021,Fairway,roll,0.000,0
1929,8.0236,-4.181,9.930,15.167,0.000,9.909,0.021,Fairway,roll,0.000,0
1930,8.0278,-4.181,9.930,15.167,0.000,9.909,0.021,Fairway,roll,0.000,0
1931,8.0319,-4.182,9.930,15.167,0.000,9.909,0.021,Fairway,roll,0.000,0
1932,8.0361,-4.182,9.930,15.166,0.000,9.909,0.021,Fairway,roll,0.000,0
1933,8.0403,-4.183,9.930,15.166,0.000,9.909,0.021,Fairway,roll,0.000,0
1934,8.0444,-4.183,9.930,15.166,0.000,9.909,0.021,Fairway,roll,0.000,0
1935,8.0486,-4.184,9.930,15.166,0.000,9.909,0.021,Fairway,roll,0.000,0
1936,8.0528,-4.184,9.930,15.166,0.000,9.909,0.021,Fairway,roll,0.000,0
1937,8.0569,-4.184,9.930,15.165,0.000,9.909,0.021,Fairway,roll,0.000,0
1938,8.0611,-4.185,9.930,15.165,0.000,9.909,0.021,Fairway,roll,0.000,0
1939,8.0652,-4.185,9.930,15.165,0.000,9.909,0.021,Fairway,roll,0.000,0
1940,8.0694,-4.186,9.930,15.165,0.000,9.909,0.021,Fairway,roll,0.000,0
1941,8.0736,-4.186,9.930,15.165,0.000,9.909,0.021,Fairway,roll,0.000,0
1942,8.0777,-4.187,9.930,15.164,0.000,9.909,0.021,Fairway,roll,0.000,0
1943,8.0819,-4.187,9.930,15.164,0.000,9.909,0.021,Fairway,roll,0.000,0
1944,8.0861,-4.188,9.930,15.164,0.000,9.909,0.021,Fairway,roll,0.000,0
1945,8.0902,-4.188,9.930,15.164,0.000,9.909,0.021,Fairway,roll,0.000,0
1946,8.0944,-4.189,9.930,15.163,0.000,9.909,0.021,Fairway,roll,0.000,0
1947,8.0986,-4.189,9.930,15.163,0.000,9.909,0.021,Fairway,roll,0.000,0
1948,8.1027,-4.190,9.930,15.163,0.000,9.909,0.021,Fairway,roll,0.000,0
1949,8.1069,-4.190,9.930,15.163,0.000,9.909,0.021,Fairway,roll,0.000,0
1950,8.1111,-4.191,9.930,15.163,0.000,9.909,0.021,Fairway,roll,0.000,0
1951,8.1152,-4.191,9.930,15.162,0.000,9.909,0.021,Fairway,roll,0.000,0
1952,8.1194,-4.192,9.930,15.162,0.000,9.909,0.021,Fairway,roll,0.000,0
1953,8.1236,-4.192,9.930,15.162,0.000,9.909,0.021,Fairway,roll,0.000,0
1954,8.1277,-4.193,9.930,15.162,0.000,9.909,0.021,Fairway,roll,0.000,0
1955,8.1319,-4.193,9.930,15.162,0.000,9.909,0.021,Fairway,roll,0.000,0
1956,8.1361,-4.194,9.930,15.161,0.000,9.909,0.021,Fairway,roll,0.000,0
1957,8.1402,-4.194,9.930,15.161,0.000,9.908,0.021,Fairway,roll,0.000,0
1958,8.1444,-4.195,9.930,15.161,0.000,9.908,0.021,Fairway,roll,0.000,0
1959,8.1486,-4.195,9.930,15.161,0.000,9.908,0.021,Fairway,roll,0.000,0
1960,8.1527,-4.196,9.930,15.160,0.000,9.908,0.021,Fairway,roll,0.000,0
1961,8.1569,-4.196,9.930,15.160,0.000,9.908,0.021,Fairway,roll,0.000,0
1962,8.1611,-4.197,9.930,15.160,0.000,9.908,0.021,Fairway,roll,0.000,0
1963,8.1652,-4.197,9.930,15.160,0.000,9.908,0.021,Fairway,roll,0.000,0
1964,8.1694,-4.198,9.930,15.160,0.000,9.908,0.021,Fairway,roll,0.000,0
1965,8.1736,-4.198,9.930,15.159,0.000,9.908,0.021,Fairway,roll,0.000,0
1966,8.1777,-4.199,9.930,15.159,0.000,9.908,0.021,Fairway,roll,0.000,0
1967,8.1819,-4.199,9.930,15.159,0.000,9.908,0.021,Fairway,roll,0.000,0
1968,8.1861,-4.199,9.930,15.159,0.000,9.908,0.021,Fairway,roll,0.000,0
1969,8.1902,-4.200,9.930,15.159,0.000,9.908,0.021,Fairway,roll,0.000,0
1970,8.1944,-4.200,9.930,15.158,0.000,9.908,0.021,Fairway,roll,0.000,0
1971,8.1985,-4.201,9.930,15.158,0.000,9.908,0.021,Fairway,roll,0.000,0
1972,8.2027,-4.201,9.930,15.158,0.000,9.908,0.021,Fairway,roll,0.000,0
1973,8.2069,-4.202,9.930,15.158,0.000,9.908,0.021,Fairway,roll,0.000,0
1974,8.2110,-4.202,9.930,15.157,0.000,9.908,0.021,Fairway,roll,0.000,0
1975,8.2152,-4.203,9.930,15.157,0.000,9.908,0.021,Fairway,roll,0.000,0
1976,8.2194,-4.203,9.930,15.157,0.000,9.908,0.021,Fairway,roll,0.000,0
1977,8.2235,-4.204,9.930,15.157,0.000,9.908,0.021,Fairway,roll,0.000,0
1978,8.2277,-4.204,9.930,15.157,0.000,9.908,0.021,Fairway,roll,0.000,0
1979,8.2319,-4.205,9.930,15.156,0.000,9.908,0.021,Fairway,roll,0.000,0
1980,8.2360,-4.205,9.930,15.156,0.000,9.908,0.021,Fairway,roll,0.000,0
1981,8.2402,-4.206,9.930,15.156,0.000,9.908,0.021,Fairway,roll,0.000,0
1982,8.2444,-4.206,9.930,15.156,0.000,9.908,0.021,Fairway,roll,0.000,0
1983,8.2485,-4.207,9.930,15.156,0.000,9.908,0.021,Fairway,roll,0.000,0
1984,8.2527,-4.207,9.930,15.155,0.000,9.908,0.021,Fairway,roll,0.000,0
1985,8.2569,-4.208,9.930,15.155,0.000,9.908,0.021,Fairway,roll,0.000,0
1986,8.2610,-4.208,9.930,15.155,0.000,9.908,0.021,Fairway,roll,0.000,0
1987,8.2652,-4.208,9.930,15.155,0.000,9.908,0.021,Fairway,roll,0.000,0
1988,8.2694,-4.209,9.930,15.155,0.000,9.908,0.021,Fairway,roll,0.000,0
1989,8.2735,-4.209,9.930,15.154,0.000,9.908,0.021,Fairway,roll,0.000,0
1990,8.2777,-4.210,9.930,15.154,0.000,9.908,0.021,Fairway,roll,0.000,0
1991,8.2819,-4.210,9.930,15.154,0.000,9.908,0.021,Fairway,roll,0.000,0
1992,8.2860,-4.211,9.930,15.154,0.000,9.908,0.021,Fairway,roll,0.000,0
1993,8.2902,-4.211,9.930,15.154,0.000,9.908,0.021,Fairway,roll,0.000,0
1994,8.2944,-4.212,9.930,15.153,0.000,9.908,0.021,Fairway,roll,0.000,0
1995,8.2985,-4.212,9.930,15.153,0.000,9.908,0.021,Fairway,roll,0.000,0
1996,8.3027,-4.213,9.929,15.153,0.000,9.908,0.021,Fairway,roll,0.000,0
1997,8.3069,-4.213,9.929,15.153,0.000,9.908,0.021,Fairway,roll,0.000,0
1998,8.3110,-4.214,9.929,15.153,0.000,9.908,0.021,Fairway,roll,0.000,0
1999,8.3152,-4.214,9.929,15.152,0.000,9.908,0.021,Fairway,roll,0.000,0
2000,8.3194,-4.215,9.929,15.152,0.000,9.908,0.021,Fairway,roll,0.000,0
2001,8.3235,-4.215,9.929,15.152,0.000,9.908,0.021,Fairway,roll,0.000,0
2002,8.3277,-4.216,9.929,15.152,0.000,9.908,0.021,Fairway,roll,0.000,0
2003,8.3318,-4.216,9.929,15.152,0.000,9.908,0.021,Fairway,roll,0.000,0
2004,8.3360,-4.217,9.929,15.151,0.000,9.908,0.021,Fairway,roll,0.000,0
2005,8.3402,-4.217,9.929,15.151,0.000,9.908,0.021,Fairway,roll,0.000,0
2006,8.3443,-4.217,9.929,15.151,0.000,9.908,0.021,Fairway,roll,0.000,0
2007,8.3485,-4.218,9.929,15.151,0.000,9.908,0.021,Fairway,roll,0.000,0
2008,8.3527,-4.218,9.929,15.151,0.000,9.908,0.021,Fairway,roll,0.000,0
2009,8.3568,-4.219,9.929,15.150,0.000,9.908,0.021,Fairway,roll,0.000,0
2010,8.3610,-4.219,9.929,15.150,0.000,9.908,0.021,Fairway,roll,0.000,0
2011,8.3652,-4.220,9.929,15.150,0.000,9.908,0.021,Fairway,roll,0.000,0
2012,8.3693,-4.220,9.929,15.150,0.000,9.908,0.021,Fairway,roll,0.000,0
2013,8.3735,-4.221,9.929,15.150,0.000,9.908,0.021,Fairway,roll,0.000,0
2014,8.3777,-4.221,9.929,15.149,0.000,9.908,0.021,Fairway,roll,0.000,0
2015,8.3818,-4.222,9.929,15.149,0.000,9.908,0.021,Fairway,roll,0.000,0
2016,8.3860,-4.222,9.929,15.149,0.000,9.908,0.021,Fairway,roll,0.000,0
2017,8.3902,-4.223,9.929,15.149,0.000,9.908,0.021,Fairway,roll,0.000,0
2018,8.3943,-4.223,9.929,15.149,0.000,9.908,0.021,Fairway,roll,0.000,0
2019,8.3985,-4.223,9.929,15.148,0.000,9.908,0.021,Fairway,roll,0.000,0
2020,8.4027,-4.224,9.929,15.148,0.000,9.908,0.021,Fairway,roll,0.000,0
2021,8.4068,-4.224,9.929,15.148,0.000,9.908,0.021,Fairway,roll,0.000,0
2022,8.4110,-4.225,9.929,15.148,0.000,9.908,0.021,Fairway,roll,0.000,0
2023,8.4152,-4.225,9.929,15.148,0.000,9.908,0.021,Fairway,roll,0.000,0
2024,8.4193,-4.226,9.929,15.147,0.000,9.908,0.021,Fairway,roll,0.000,0
2025,8.4235,-4.226,9.929,15.147,0.000,9.908,0.021,Fairway,roll,0.000,0
2026,8.4277,-4.227,9.929,15.147,0.000,9.908,0.021,Fairway,roll,0.000,0
2027,8.4318,-4.227,9.929,15.147,0.000,9.908,0.021,Fairway,roll,0.000,0
2028,8.4360,-4.228,9.929,15.147,0.000,9.908,0.021,Fairway,roll,0.000,0
2029,8.4402,-4.228,9.929,15.147,0.000,9.908,0.021,Fairway,roll,0.000,0
2030,8.4443,-4.228,9.929,15.146,0.000,9.908,0.021,Fairway,roll,0.000,0
2031,8.4485,-4.229,9.929,15.146,0.000,9.908,0.021,Fairway,roll,0.000,0
2032,8.4527,-4.229,9.929,15.146,0.000,9.908,0.021,Fairway,roll,0.000,0
2033,8.4568,-4.230,9.929,15.146,0.000,9.908,0.021,Fairway,roll,0.000,0
2034,8.4610,-4.230,9.929,15.146,0.000,9.908,0.021,Fairway,roll,0.000,0
2035,8.4651,-4.231,9.929,15.145,0.000,9.908,0.021,Fairway,roll,0.000,0
2036,8.4693,-4.231,9.929,15.145,0.000,9.908,0.021,Fairway,roll,0.000,0
2037,8.4735,-4.232,9.929,15.145,0.000,9.908,0.021,Fairway,roll,0.000,0
2038,8.4776,-4.232,9.929,15.145,0.000,9.908,0.021,Fairway,roll,0.000,0
2039,8.4818,-4.233,9.929,15.145,0.000,9.908,0.021,Fairway,roll,0.000,0
2040,8.4860,-4.233,9.929,15.144,0.000,9.908,0.021,Fairway,roll,0.000,0
2041,8.4901,-4.233,9.929,15.144,0.000,9.908,0.021,Fairway,roll,0.000,0
2042,8.4943,-4.234,9.929,15.144,0.000,9.908,0.021,Fairway,roll,0.000,0
2043,8.4985,-4.234,9.929,15.144,0.000,9.908,0.021,Fairway,roll,0.000,0
2044,8.5026,-4.235,9.929,15.144,0.000,9.908,0.021,Fairway,roll,0.000,0
2045,8.5068,-4.235,9.929,15.143,0.000,9.908,0.021,Fairway,roll,0.000,0
2046,8.5110,-4.236,9.929,15.143,0.000,9.908,0.021,Fairway,roll,0.000,0
2047,8.5151,-4.236,9.929,15.143,0.000,9.908,0.021,Fairway,roll,0.000,0
2048,8.5193,-4.237,9.929,15.143,0.000,9.908,0.021,Fairway,roll,0.000,0
2049,8.5235,-4.237,9.929,15.143,0.000,9.908,0.021,Fairway,roll,0.000,0
2050,8.5276,-4.238,9.929,15.142,0.000,9.908,0.021,Fairway,roll,0.000,0
2051,8.5318,-4.238,9.929,15.142,0.000,9.908,0.021,Fairway,roll,0.000,0
2052,8.5360,-4.239,9.929,15.142,0.000,9.908,0.021,Fairway,roll,0.000,0
2053,8.5401,-4.239,9.929,15.142,0.000,9.908,0.021,Fairway,roll,0.000,0
2054,8.5443,-4.239,9.929,15.142,0.000,9.908,0.021,Fairway,roll,0.000,0
2055,8.5485,-4.240,9.929,15.141,0.000,9.908,0.021,Fairway,roll,0.000,0
2056,8.5526,-4.240,9.929,15.141,0.000,9.908,0.021,Fairway,roll,0.000,0
2057,8.5568,-4.241,9.929,15.141,0.000,9.908,0.021,Fairway,roll,0.000,0
2058,8.5610,-4.241,9.929,15.141,0.000,9.908,0.021,Fairway,roll,0.000,0
2059,8.5651,-4.242,9.929,15.141,0.000,9.908,0.021,Fairway,roll,0.000,0
2060,8.5693,-4.242,9.929,15.140,0.000,9.908,0.021,Fairway,roll,0.000,0
2061,8.5735,-4.243,9.929,15.140,0.000,9.908,0.021,Fairway,roll,0.000,0
2062,8.5776,-4.243,9.929,15.140,0.000,9.908,0.021,Fairway,roll,0.000,0
2063,8.5818,-4.243,9.929,15.140,0.000,9.908,0.021,Fairway,roll,0.000,0
2064,8.5860,-4.244,9.929,15.140,0.000,9.908,0.021,Fairway,roll,0.000,0
2065,8.5901,-4.244,9.929,15.139,0.000,9.908,0.021,Fairway,roll,0.000,0
2066,8.5943,-4.245,9.929,15.139,0.000,9.908,0.021,Fairway,roll,0.000,0
2067,8.5985,-4.245,9.929,15.139,0.000,9.908,0.021,Fairway,roll,0.000,0
2068,8.6026,-4.246,9.929,15.139,0.000,9.908,0.021,Fairway,roll,0.000,0
2069,8.6068,-4.246,9.929,15.139,0.000,9.908,0.021,Fairway,roll,0.000,0
2070,8.6109,-4.247,9.929,15.138,0.000,9.908,0.021,Fairway,roll,0.000,0
2071,8.6151,-4.247,9.929,15.138,0.000,9.907,0.021,Fairway,roll,0.000,0
2072,8.6193,-4.247,9.929,15.138,0.000,9.907,0.021,Fairway,roll,0.000,0
2073,8.6234,-4.248,9.929,15.138,0.000,9.907,0.021,Fairway,roll,0.000,0
2074,8.6276,-4.248,9.929,15.138,0.000,9.907,0.021,Fairway,roll,0.000,0
2075,8.6318,-4.249,9.929,15.137,0.000,9.907,0.021,Fairway,roll,0.000,0
2076,8.6359,-4.249,9.929,15.137,0.000,9.907,0.021,Fairway,roll,0.000,0
2077,8.6401,-4.250,9.929,15.137,0.000,9.907,0.021,Fairway,roll,0.000,0
2078,8.6443,-4.250,9.929,15.137,0.000,9.907,0.021,Fairway,roll,0.000,0
2079,8.6484,-4.251,9.929,15.137,0.000,9.907,0.021,Fairway,roll,0.000,0
2080,8.6526,-4.251,9.929,15.136,0.000,9.907,0.021,Fairway,roll,0.000,0
2081,8.6568,-4.251,9.929,15.136,0.000,9.907,0.021,Fairway,roll,0.000,0
2082,8.6609,-4.252,9.929,15.136,0.000,9.907,0.021,Fairway,roll,0.000,0
2083,8.6651,-4.252,9.929,15.136,0.000,9.907,0.021,Fairway,roll,0.000,0
2084,8.6693,-4.253,9.929,15.136,0.000,9.907,0.021,Fairway,roll,0.000,0
2085,8.6734,-4.253,9.929,15.135,0.000,9.907,0.021,Fairway,roll,0.000,0
2086,8.6776,-4.254,9.929,15.135,0.000,9.907,0.021,Fairway,roll,0.000,0
2087,8.6818,-4.254,9.929,15.135,0.000,9.907,0.021,Fairway,roll,0.000,0
2088,8.6859,-4.255,9.929,15.135,0.000,9.907,0.021,Fairway,roll,0.000,0
2089,8.6901,-4.255,9.929,15.135,0.000,9.907,0.021,Fairway,roll,0.000,0
2090,8.6943,-4.255,9.929,15.134,0.000,9.907,0.021,Fairway,roll,0.000,0
2091,8.6984,-4.256,9.929,15.134,0.000,9.907,0.021,Fairway,roll,0.000,0
2092,8.7026,-4.256,9.929,15.134,0.000,9.907,0.021,Fairway,roll,0.000,0
2093,8.7068,-4.257,9.929,15.134,0.000,9.907,0.021,Fairway,roll,0.000,0
2094,8.7109,-4.257,9.929,15.134,0.000,9.907,0.021,Fairway,roll,0.000,0
2095,8.7151,-4.258,9.929,15.133,0.000,9.907,0.021,Fairway,roll,0.000,0
2096,8.7193,-4.258,9.928,15.133,0.000,9.907,0.021,Fairway,roll,0.000,0
2097,8.7234,-4.258,9.928,15.133,0.000,9.907,0.021,Fairway,roll,0.000,0
2098,8.7276,-4.259,9.928,15.133,0.000,9.907,0.021,Fairway,roll,0.000,0
2099,8.7318,-4.259,9.928,15.133,0.000,9.907,0.021,Fairway,roll,0.000,0
2100,8.7359,-4.260,9.928,15.132,0.000,9.907,0.021,Fairway,roll,0.000,0
2101,8.7401,-4.260,9.928,15.132,0.000,9.907,0.021,Fairway,roll,0.000,0
2102,8.7442,-4.261,9.928,15.132,0.000,9.907,0.021,Fairway,roll,0.000,0
2103,8.7484,-4.261,9.928,15.132,0.000,9.907,0.021,Fairway,roll,0.000,0
2104,8.7526,-4.262,9.928,15.132,0.000,9.907,0.021,Fairway,roll,0.000,0
2105,8.7567,-4.262,9.928,15.132,0.000,9.907,0.021,Fairway,roll,0.000,0
2106,8.7609,-4.262,9.928,15.131,0.000,9.907,0.021,Fairway,roll,0.000,0
2107,8.7651,-4.263,9.928,15.131,0.000,9.907,0.021,Fairway,roll,0.000,0
2108,8.7692,-4.263,9.928,15.131,0.000,9.907,0.021,Fairway,roll,0.000,0
2109,8.7734,-4.264,9.928,15.131,0.000,9.907,0.021,Fairway,roll,0.000,0
2110,8.7776,-4.264,9.928,15.131,0.000,9.907,0.021,Fairway,roll,0.000,0
2111,8.7817,-4.265,9.928,15.130,0.000,9.907,0.021,Fairway,roll,0.000,0
2112,8.7859,-4.265,9.928,15.130,0.000,9.907,0.021,Fairway,roll,0.000,0
2113,8.7901,-4.265,9.928,15.130,0.000,9.907,0.021,Fairway,roll,0.000,0
2114,8.7942,-4.266,9.928,15.130,0.000,9.907,0.021,Fairway,roll,0.000,0
2115,8.7984,-4.266,9.928,15.130,0.000,9.907,0.021,Fairway,roll,0.000,0
2116,8.8026,-4.267,9.928,15.130,0.000,9.907,0.021,Fairway,roll,0.000,0
2117,8.8067,-4.267,9.928,15.129,0.000,9.907,0.021,Fairway,roll,0.000,0
2118,8.8109,-4.268,9.928,15.129,0.000,9.907,0.021,Fairway,roll,0.000,0
2119,8.8151,-4.268,9.928,15.129,0.000,9.907,0.021,Fairway,roll,0.000,0
2120,8.8192,-4.268,9.928,15.129,0.000,9.907,0.021,Fairway,roll,0.000,0
2121,8.8234,-4.269,9.928,15.129,0.000,9.907,0.021,Fairway,roll,0.000,0
2122,8.8276,-4.269,9.928,15.128,0.000,9.907,0.021,Fairway,roll,0.000,0
2123,8.8317,-4.270,9.928,15.128,0.000,9.907,0.021,Fairway,roll,0.000,0
2124,8.8359,-4.270,9.928,15.128,0.000,9.907,0.021,Fairway,roll,0.000,0
2125,8.8401,-4.271,9.928,15.128,0.000,9.907,0.021,Fairway,roll,0.000,0
2126,8.8442,-4.271,9.928,15.128,0.000,9.907,0.021,Fairway,roll,0.000,0
2127,8.8484,-4.271,9.928,15.127,0.000,9.907,0.021,Fairway,roll,0.000,0
2128,8.8526,-4.272,9.928,15.127,0.000,9.907,0.021,Fairway,roll,0.000,0
2129,8.8567,-4.272,9.928,15.127,0.000,9.907,0.021,Fairway,roll,0.000,0
2130,8.8609,-4.273,9.928,15.127,0.000,9.907,0.021,Fairway,roll,0.000,0
2131,8.8651,-4.273,9.928,15.127,0.000,9.907,0.021,Fairway,roll,0.000,0
2132,8.8692,-4.274,9.928,15.127,0.000,9.907,0.021,Fairway,roll,0.000,0
2133,8.8734,-4.274,9.928,15.126,0.000,9.907,0.021,Fairway,roll,0.000,0
2134,8.8775,-4.274,9.928,15.126,0.000,9.907,0.021,Fairway,roll,0.000,0
2135,8.8817,-4.275,9.928,15.126,0.000,9.907,0.021,Fairway,roll,0.000,0
2136,8.8859,-4.275,9.928,15.126,0.000,9.907,0.021,Fairway,roll,0.000,0
2137,8.8900,-4.276,9.928,15.126,0.000,9.907,0.021,Fairway,roll,0.000,0
2138,8.8942,-4.276,9.928,15.125,0.000,9.907,0.021,Fairway,roll,0.000,0
2139,8.8984,-4.277,9.928,15.125,0.000,9.907,0.021,Fairway,roll,0.000,0
2140,8.9025,-4.277,9.928,15.125,0.000,9.907,0.021,Fairway,roll,0.000,0
2141,8.9067,-4.277,9.928,15.125,0.000,9.907,0.021,Fairway,roll,0.000,0
2142,8.9109,-4.278,9.928,15.125,0.000,9.907,0.021,Fairway,roll,0.000,0
2143,8.9150,-4.278,9.928,15.125,0.000,9.907,0.021,Fairway,roll,0.000,0
2144,8.9192,-4.279,9.928,15.124,0.000,9.907,0.021,Fairway,roll,0.000,0
2145,8.9234,-4.279,9.928,15.124,0.000,9.907,0.021,Fairway,roll,0.000,0
2146,8.9275,-4.280,9.928,15.124,0.000,9.907,0.021,Fairway,roll,0.000,0
2147,8.9317,-4.280,9.928,15.124,0.000,9.907,0.021,Fairway,roll,0.000,0
2148,8.9359,-4.280,9.928,15.124,0.000,9.907,0.021,Fairway,roll,0.000,0
2149,8.9400,-4.281,9.928,15.123,0.000,9.907,0.021,Fairway,roll,0.000,0
2150,8.9442,-4.281,9.928,15.123,0.000,9.907,0.021,Fairway,roll,0.000,0
2151,8.9484,-4.282,9.928,15.123,0.000,9.907,0.021,Fairway,roll,0.000,0
2152,8.9525,-4.282,9.928,15.123,0.000,9.907,0.021,Fairway,roll,0.000,0
2153,8.9567,-4.283,9.928,15.123,0.000,9.907,0.021,Fairway,roll,0.000,0
2154,8.9609,-4.283,9.928,15.123,0.000,9.907,0.021,Fairway,roll,0.000,0
2155,8.9650,-4.283,9.928,15.122,0.000,9.907,0.021,Fairway,roll,0.000,0
2156,8.9692,-4.284,9.928,15.122,0.000,9.907,0.021,Fairway,roll,0.000,0
2157,8.9734,-4.284,9.928,15.122,0.000,9.907,0.021,Fairway,roll,0.000,0
2158,8.9775,-4.285,9.928,15.122,0.000,9.907,0.021,Fairway,roll,0.000,0
2159,8.9817,-4.285,9.928,15.122,0.000,9.907,0.021,Fairway,roll,0.000,0
2160,8.9859,-4.285,9.928,15.121,0.000,9.907,0.021,Fairway,roll,0.000,0
2161,8.9900,-4.286,9.928,15.121,0.000,9.907,0.021,Fairway,roll,0.000,0
2162,8.9942,-4.286,9.928,15.121,0.000,9.907,0.021,Fairway,roll,0.000,0
2163,8.9984,-4.287,9.928,15.121,0.000,9.907,0.021,Fairway,roll,0.000,0
2164,9.0025,-4.287,9.928,15.121,0.000,9.907,0.021,Fairway,roll,0.000,0
2165,9.0067,-4.288,9.928,15.121,0.000,9.907,0.021,Fairway,roll,0.000,0
2166,9.0108,-4.288,9.928,15.120,0.000,9.907,0.021,Fairway,roll,0.000,0
2167,9.0150,-4.288,9.928,15.120,0.000,9.907,0.021,Fairway,roll,0.000,0
2168,9.0192,-4.289,9.928,15.120,0.000,9.907,0.021,Fairway,roll,0.000,0
2169,9.0233,-4.289,9.928,15.120,0.000,9.907,0.021,Fairway,roll,0.000,0
2170,9.0275,-4.290,9.928,15.120,0.000,9.907,0.021,Fairway,roll,0.000,0
2171,9.0317,-4.290,9.928,15.119,0.000,9.907,0.021,Fairway,roll,0.000,0
2172,9.0358,-4.290,9.928,15.119,0.000,9.907,0.021,Fairway,roll,0.000,0
2173,9.0400,-4.291,9.928,15.119,0.000,9.906,0.021,Fairway,roll,0.000,0
2174,9.0442,-4.291,9.928,15.119,0.000,9.906,0.021,Fairway,roll,0.000,0
2175,9.0483,-4.292,9.928,15.119,0.000,9.906,0.021,Fairway,roll,0.000,0
2176,9.0525,-4.292,9.928,15.119,0.000,9.906,0.021,Fairway,roll,0.000,0
2177,9.0567,-4.293,9.928,15.118,0.000,9.906,0.021,Fairway,roll,0.000,0
2178,9.0608,-4.293,9.928,15.118,0.000,9.906,0.021,Fairway,roll,0.000,0
2179,9.0650,-4.293,9.928,15.118,0.000,9.906,0.021,Fairway,roll,0.000,0
2180,9.0692,-4.294,9.928,15.118,0.000,9.906,0.021,Fairway,roll,0.000,0
2181,9.0733,-4.294,9.928,15.118,0.000,9.906,0.021,Fairway,roll,0.000,0
2182,9.0775,-4.295,9.928,15.117,0.000,9.906,0.021,Fairway,roll,0.000,0
2183,9.0817,-4.295,9.928,15.117,0.000,9.906,0.021,Fairway,roll,0.000,0
2184,9.0858,-4.295,9.928,15.117,0.000,9.906,0.021,Fairway,roll,0.000,0
2185,9.0900,-4.296,9.928,15.117,0.000,9.906,0.021,Fairway,roll,0.000,0
2186,9.0942,-4.296,9.928,15.117,0.000,9.906,0.021,Fairway,roll,0.000,0
2187,9.0983,-4.297,9.928,15.117,0.000,9.906,0.021,Fairway,roll,0.000,0
2188,9.1025,-4.297,9.928,15.116,0.000,9.906,0.021,Fairway,roll,0.000,0
2189,9.1067,-4.297,9.928,15.116,0.000,9.906,0.021,Fairway,roll,0.000,0
2190,9.1108,-4.298,9.928,15.116,0.000,9.906,0.021,Fairway,roll,0.000,0
2191,9.1150,-4.298,9.928,15.116,0.000,9.906,0.021,Fairway,roll,0.000,0
2192,9.1192,-4.299,9.928,15.116,0.000,9.906,0.021,Fairway,roll,0.000,0
2193,9.1233,-4.299,9.928,15.115,0.000,9.906,0.021,Fairway,roll,0.000,0
2194,9.1275,-4.300,9.928,15.115,0.000,9.906,0.021,Fairway,roll,0.000,0
2195,9.1317,-4.300,9.928,15.115,0.000,9.906,0.021,Fairway,roll,0.000,0
2196,9.1358,-4.300,9.928,15.115,0.000,9.906,0.021,Fairway,roll,0.000,0
2197,9.1400,-4.301,9.928,15.115,0.000,9.906,0.021,Fairway,roll,0.000,0
2198,9.1442,-4.301,9.928,15.114,0.000,9.906,0.021,Fairway,roll,0.000,0
2199,9.1483,-4.302,9.928,15.114,0.000,9.906,0.021,Fairway,roll,0.000,0
2200,9.1525,-4.302,9.928,15.114,0.000,9.906,0.021,Fairway,roll,0.000,0
2201,9.1566,-4.302,9.928,15.114,0.000,9.906,0.021,Fairway,roll,0.000,0
2202,9.1608,-4.303,9.928,15.114,0.000,9.906,0.021,Fairway,roll,0.000,0
2203,9.1650,-4.303,9.928,15.114,0.000,9.906,0.021,Fairway,roll,0.000,0
2204,9.1691,-4.304,9.928,15.113,0.000,9.906,0.021,Fairway,roll,0.000,0
2205,9.1733,-4.304,9.927,15.113,0.000,9.906,0.021,Fairway,roll,0.000,0
2206,9.1775,-4.304,9.927,15.113,0.000,9.906,0.021,Fairway,roll,0.000,0
2207,9.1816,-4.305,9.927,15.113,0.000,9.906,0.021,Fairway,roll,0.000,0
2208,9.1858,-4.305,9.927,15.113,0.000,9.906,0.021,Fairway,roll,0.000,0
2209,9.1900,-4.306,9.927,15.112,0.000,9.906,0.021,Fairway,roll,0.000,0
2210,9.1941,-4.306,9.927,15.112,0.000,9.906,0.021,Fairway,roll,0.000,0
2211,9.1983,-4.307,9.927,15.112,0.000,9.906,0.021,Fairway,roll,0.000,0
2212,9.2025,-4.307,9.927,15.112,0.000,9.906,0.021,Fairway,roll,0.000,0
2213,9.2066,-4.307,9.927,15.112,0.000,9.906,0.021,Fairway,roll,0.000,0
2214,9.2108,-4.308,9.927,15.112,0.000,9.906,0.021,Fairway,roll,0.000,0
2215,9.2150,-4.308,9.927,15.111,0.000,9.906,0.021,Fairway,roll,0.000,0
2216,9.2191,-4.309,9.927,15.111,0.000,9.906,0.021,Fairway,roll,0.000,0
2217,9.2233,-4.309,9.927,15.111,0.000,9.906,0.021,Fairway,roll,0.000,0
2218,9.2275,-4.309,9.927,15.111,0.000,9.906,0.021,Fairway,roll,0.000,0
2219,9.2316,-4.310,9.927,15.111,0.000,9.906,0.021,Fairway,roll,0.000,0
2220,9.2358,-4.310,9.927,15.110,0.000,9.906,0.021,Fairway,roll,0.000,0
2221,9.2400,-4.311,9.927,15.110,0.000,9.906,0.021,Fairway,roll,0.000,0
2222,9.2441,-4.311,9.927,15.110,0.000,9.906,0.021,Fairway,roll,0.000,0
2223,9.2483,-4.311,9.927,15.110,0.000,9.906,0.021,Fairway,roll,0.000,0
2224,9.2525,-4.312,9.927,15.110,0.000,9.906,0.021,Fairway,roll,0.000,0
2225,9.2566,-4.312,9.927,15.110,0.000,9.906,0.021,Fairway,roll,0.000,0
2226,9.2608,-4.313,9.927,15.109,0.000,9.906,0.021,Fairway,roll,0.000,0
2227,9.2650,-4.313,9.927,15.109,0.000,9.906,0.021,Fairway,roll,0.000,0
2228,9.2691,-4.313,9.927,15.109,0.000,9.906,0.021,Fairway,roll,0.000,0
2229,9.2733,-4.314,9.927,15.109,0.000,9.906,0.021,Fairway,roll,0.000,0
2230,9.2775,-4.314,9.927,15.109,0.000,9.906,0.021,Fairway,roll,0.000,0
2231,9.2816,-4.315,9.927,15.108,0.000,9.906,0.021,Fairway,roll,0.000,0
2232,9.2858,-4.315,9.927,15.108,0.000,9.906,0.021,Fairway,roll,0.000,0
2233,9.2899,-4.315,9.927,15.108,0.000,9.906,0.021,Fairway,roll,0.000,0
2234,9.2941,-4.316,9.927,15.108,0.000,9.906,0.021,Fairway,roll,0.000,0
2235,9.2983,-4.316,9.927,15.108,0.000,9.906,0.021,Fairway,roll,0.000,0
2236,9.3024,-4.317,9.927,15.108,0.000,9.906,0.021,Fairway,roll,0.000,0
2237,9.3066,-4.317,9.927,15.107,0.000,9.906,0.021,Fairway,roll,0.000,0
2238,9.3108,-4.317,9.927,15.107,0.000,9.906,0.021,Fairway,roll,0.000,0
2239,9.3149,-4.318,9.927,15.107,0.000,9.906,0.021,Fairway,roll,0.000,0
2240,9.3191,-4.318,9.927,15.107,0.000,9.906,0.021,Fairway,roll,0.000,0
2241,9.3233,-4.319,9.927,15.107,0.000,9.906,0.021,Fairway,roll,0.000,0
2242,9.3274,-4.319,9.927,15.107,0.000,9.906,0.021,Fairway,roll,0.000,0
2243,9.3316,-4.319,9.927,15.106,0.000,9.906,0.021,Fairway,roll,0.000,0
2244,9.3358,-4.320,9.927,15.106,0.000,9.906,0.021,Fairway,roll,0.000,0
2245,9.3399,-4.320,9.927,15.106,0.000,9.906,0.021,Fairway,roll,0.000,0
2246,9.3441,-4.321,9.927,15.106,0.000,9.906,0.021,Fairway,roll,0.000,0
2247,9.3483,-4.321,9.927,15.106,0.000,9.906,0.021,Fairway,roll,0.000,0
2248,9.3524,-4.321,9.927,15.106,0.000,9.906,0.021,Fairway,roll,0.000,0
2249,9.3566,-4.322,9.927,15.105,0.000,9.906,0.021,Fairway,roll,0.000,0
2250,9.3608,-4.322,9.927,15.105,0.000,9.906,0.021,Fairway,roll,0.000,0
2251,9.3649,-4.323,9.927,15.105,0.000,9.906,0.021,Fairway,roll,0.000,0
2252,9.3691,-4.323,9.927,15.105,0.000,9.906,0.021,Fairway,roll,0.000,0
2253,9.3733,-4.323,9.927,15.105,0.000,9.906,0.021,Fairway,roll,0.000,0
2254,9.3774,-4.324,9.927,15.105,0.000,9.906,0.021,Fairway,roll,0.000,0
2255,9.3816,-4.324,9.927,15.104,0.000,9.906,0.021,Fairway,roll,0.000,0
2256,9.3858,-4.325,9.927,15.104,0.000,9.906,0.021,Fairway,roll,0.000,0
2257,9.3899,-4.325,9.927,15.104,0.000,9.906,0.021,Fairway,roll,0.000,0
2258,9.3941,-4.325,9.927,15.104,0.000,9.906,0.021,Fairway,roll,0.000,0
2259,9.3983,-4.326,9.927,15.104,0.000,9.906,0.021,Fairway,roll,0.000,0
2260,9.4024,-4.326,9.927,15.104,0.000,9.906,0.021,Fairway,roll,0.000,0
2261,9.4066,-4.327,9.927,15.103,0.000,9.906,0.021,Fairway,roll,0.000,0
2262,9.4108,-4.327,9.927,15.103,0.000,9.906,0.021,Fairway,roll,0.000,0
2263,9.4149,-4.327,9.927,15.103,0.000,9.906,0.021,Fairway,roll,0.000,0
2264,9.4191,-4.328,9.927,15.103,0.000,9.906,0.021,Fairway,roll,0.000,0
2265,9.4232,-4.328,9.927,15.103,0.000,9.906,0.021,Fairway,roll,0.000,0
2266,9.4274,-4.328,9.927,15.103,0.000,9.906,0.021,Fairway,roll,0.000,0
2267,9.4316,-4.329,9.927,15.102,0.000,9.906,0.021,Fairway,roll,0.000,0
2268,9.4357,-4.329,9.927,15.102,0.000,9.906,0.021,Fairway,roll,0.000,0
2269,9.4399,-4.330,9.927,15.102,0.000,9.906,0.021,Fairway,roll,0.000,0
2270,9.4441,-4.330,9.927,15.102,0.000,9.906,0.021,Fairway,roll,0.000,0
2271,9.4482,-4.330,9.927,15.102,0.000,9.906,0.021,Fairway,roll,0.000,0
2272,9.4524,-4.331,9.927,15.102,0.000,9.906,0.021,Fairway,roll,0.000,0
2273,9.4566,-4.331,9.927,15.101,0.000,9.906,0.021,Fairway,roll,0.000,0
2274,9.4607,-4.332,9.927,15.101,0.000,9.906,0.021,Fairway,roll,0.000,0
2275,9.4649,-4.332,9.927,15.101,0.000,9.906,0.021,Fairway,roll,0.000,0
2276,9.4691,-4.332,9.927,15.101,0.000,9.906,0.021,Fairway,roll,0.000,0
2277,9.4732,-4.333,9.927,15.101,0.000,9.906,0.021,Fairway,roll,0.000,0
2278,9.4774,-4.333,9.927,15.101,0.000,9.906,0.021,Fairway,roll,0.000,0
2279,9.4816,-4.334,9.927,15.100,0.000,9.906,0.021,Fairway,roll,0.000,0
2280,9.4857,-4.334,9.927,15.100,0.000,9.906,0.021,Fairway,roll,0.000,0
2281,9.4899,-4.334,9.927,15.100,0.000,9.906,0.021,Fairway,roll,0.000,0
2282,9.4941,-4.335,9.927,15.100,0.000,9.905,0.021,Fairway,roll,0.000,0
2283,9.4982,-4.335,9.927,15.100,0.000,9.905,0.021,Fairway,roll,0.000,0
2284,9.5024,-4.336,9.927,15.100,0.000,9.905,0.021,Fairway,roll,0.000,0
2285,9.5066,-4.336,9.927,15.099,0.000,9.905,0.021,Fairway,roll,0.000,0
2286,9.5107,-4.336,9.927,15.099,0.000,9.905,0.021,Fairway,roll,0.000,0
