frame,time,x,y,z,vy,groundY,signedDist,zoneType,phase,dGroundY,zoneFlip
0,0.0000,39.378,10.851,32.220,10.188,10.831,0.020,Fairway,airborne,0.000,0
1,0.0042,39.192,10.894,32.148,10.133,10.828,0.066,Fairway,airborne,-0.004,0
2,0.0083,39.007,10.936,32.075,10.079,10.824,0.112,Fairway,airborne,-0.004,0
3,0.0125,38.821,10.978,32.003,10.024,10.821,0.157,Fairway,airborne,-0.004,0
4,0.0167,38.636,11.019,31.930,9.970,10.817,0.202,Fairway,airborne,-0.004,0
5,0.0208,38.451,11.061,31.858,9.916,10.813,0.247,Fairway,airborne,-0.004,0
6,0.0250,38.267,11.102,31.786,9.862,10.810,0.292,Fairway,airborne,-0.004,0
7,0.0292,38.082,11.143,31.714,9.808,10.806,0.337,Fairway,airborne,-0.004,0
8,0.0333,37.898,11.184,31.642,9.755,10.803,0.381,Fairway,airborne,-0.004,0
9,0.0375,37.715,11.224,31.570,9.701,10.799,0.425,Fairway,airborne,-0.004,0
10,0.0417,37.531,11.264,31.498,9.647,10.795,0.469,Fairway,airborne,-0.004,0
11,0.0458,37.348,11.305,31.426,9.594,10.792,0.513,Fairway,airborne,-0.004,0
12,0.0500,37.165,11.344,31.355,9.541,10.788,0.556,Fairway,airborne,-0.004,0
13,0.0542,36.982,11.384,31.283,9.487,10.784,0.600,Fairway,airborne,-0.004,0
14,0.0583,36.799,11.423,31.212,9.434,10.781,0.643,Fairway,airborne,-0.004,0
15,0.0625,36.617,11.463,31.140,9.381,10.777,0.686,Fairway,airborne,-0.004,0
16,0.0667,36.434,11.502,31.069,9.328,10.773,0.728,Fairway,airborne,-0.004,0
17,0.0708,36.252,11.540,30.998,9.276,10.769,0.771,Fairway,airborne,-0.004,0
18,0.0750,36.071,11.579,30.927,9.223,10.766,0.813,Fairway,airborne,-0.004,0
19,0.0791,35.889,11.617,30.856,9.170,10.762,0.855,Fairway,airborne,-0.004,0
20,0.0833,35.708,11.655,30.785,9.118,10.758,0.897,Fairway,airborne,-0.004,0
21,0.0875,35.527,11.693,30.714,9.065,10.755,0.938,Fairway,airborne,-0.004,0
22,0.0916,35.346,11.731,30.643,9.013,10.751,0.980,Fairway,airborne,-0.004,0
23,0.0958,35.166,11.768,30.573,8.961,10.747,1.021,Fairway,airborne,-0.004,0
24,0.1000,34.985,11.805,30.502,8.909,10.743,1.062,Fairway,airborne,-0.004,0
25,0.1041,34.805,11.842,30.432,8.857,10.739,1.103,Fairway,airborne,-0.004,0
26,0.1083,34.625,11.879,30.361,8.805,10.736,1.143,Fairway,airborne,-0.004,0
27,0.1125,34.446,11.916,30.291,8.753,10.732,1.184,Fairway,airborne,-0.004,0
28,0.1166,34.266,11.952,30.221,8.701,10.728,1.224,Fairway,airborne,-0.004,0
29,0.1208,34.087,11.988,30.151,8.650,10.724,1.264,Fairway,airborne,-0.004,0
30,0.1250,33.908,12.024,30.081,8.598,10.720,1.304,Fairway,airborne,-0.004,0
31,0.1291,33.729,12.060,30.011,8.547,10.716,1.344,Fairway,airborne,-0.004,0
32,0.1333,33.551,12.095,29.941,8.495,10.712,1.384,Fairway,airborne,-0.004,0
33,0.1375,33.373,12.131,29.871,8.444,10.708,1.423,Fairway,airborne,-0.004,0
34,0.1416,33.194,12.166,29.802,8.393,10.704,1.461,Fairway,airborne,-0.004,0
35,0.1458,33.017,12.200,29.732,8.342,10.700,1.500,Fairway,airborne,-0.004,0
36,0.1500,32.839,12.235,29.663,8.291,10.696,1.539,Fairway,airborne,-0.004,0
37,0.1541,32.661,12.270,29.593,8.240,10.692,1.577,Fairway,airborne,-0.004,0
38,0.1583,32.484,12.304,29.524,8.189,10.689,1.615,Fairway,airborne,-0.004,0
39,0.1625,32.307,12.338,29.455,8.139,10.684,1.653,Fairway,airborne,-0.004,0
40,0.1666,32.130,12.372,29.385,8.088,10.680,1.691,Fairway,airborne,-0.004,0
41,0.1708,31.954,12.405,29.316,8.037,10.676,1.729,Fairway,airborne,-0.004,0
42,0.1750,31.777,12.438,29.247,7.987,10.672,1.766,Fairway,airborne,-0.004,0
43,0.1791,31.601,12.472,29.178,7.937,10.668,1.803,Fairway,airborne,-0.004,0
44,0.1833,31.425,12.505,29.110,7.886,10.664,1.840,Fairway,airborne,-0.004,0
45,0.1875,31.250,12.537,29.041,7.836,10.660,1.877,Fairway,airborne,-0.004,0
46,0.1916,31.074,12.570,28.972,7.786,10.656,1.913,Fairway,airborne,-0.004,0
47,0.1958,30.899,12.602,28.904,7.736,10.652,1.950,Fairway,airborne,-0.004,0
48,0.2000,30.724,12.634,28.835,7.686,10.648,1.986,Fairway,airborne,-0.004,0
49,0.2041,30.549,12.666,28.767,7.636,10.644,2.022,Fairway,airborne,-0.004,0
50,0.2083,30.374,12.698,28.698,7.586,10.640,2.057,Fairway,airborne,-0.004,0
51,0.2124,30.199,12.729,28.630,7.537,10.636,2.093,Fairway,airborne,-0.004,0
52,0.2166,30.025,12.761,28.562,7.487,10.632,2.129,Fairway,airborne,-0.004,0
53,0.2208,29.851,12.792,28.494,7.438,10.628,2.164,Fairway,airborne,-0.004,0
54,0.2249,29.677,12.823,28.426,7.388,10.624,2.199,Fairway,airborne,-0.004,0
55,0.2291,29.503,12.853,28.358,7.339,10.620,2.234,Fairway,airborne,-0.004,0
56,0.2333,29.330,12.884,28.290,7.289,10.616,2.268,Fairway,airborne,-0.004,0
57,0.2374,29.157,12.914,28.222,7.240,10.612,2.302,Fairway,airborne,-0.004,0
58,0.2416,28.984,12.944,28.155,7.191,10.608,2.336,Fairway,airborne,-0.004,0
59,0.2458,28.811,12.974,28.087,7.142,10.604,2.370,Fairway,airborne,-0.004,0
60,0.2499,28.638,13.004,28.019,7.093,10.599,2.404,Fairway,airborne,-0.004,0
61,0.2541,28.465,13.033,27.952,7.044,10.595,2.438,Fairway,airborne,-0.004,0
62,0.2583,28.293,13.062,27.884,6.995,10.591,2.471,Fairway,airborne,-0.004,0
63,0.2624,28.121,13.091,27.817,6.947,10.587,2.504,Fairway,airborne,-0.004,0
64,0.2666,27.949,13.120,27.750,6.898,10.583,2.537,Fairway,airborne,-0.004,0
65,0.2708,27.777,13.149,27.683,6.849,10.579,2.570,Fairway,airborne,-0.004,0
66,0.2749,27.606,13.177,27.616,6.801,10.575,2.602,Fairway,airborne,-0.004,0
67,0.2791,27.434,13.205,27.549,6.752,10.572,2.634,Fairway,airborne,-0.004,0
68,0.2833,27.263,13.233,27.482,6.704,10.568,2.666,Fairway,airborne,-0.004,0
69,0.2874,27.092,13.261,27.415,6.656,10.564,2.698,Fairway,airborne,-0.004,0
70,0.2916,26.922,13.289,27.348,6.607,10.560,2.729,Fairway,airborne,-0.004,0
71,0.2958,26.751,13.316,27.281,6.559,10.555,2.761,Fairway,airborne,-0.004,0
72,0.2999,26.581,13.343,27.215,6.511,10.551,2.792,Fairway,airborne,-0.004,0
73,0.3041,26.410,13.370,27.148,6.463,10.547,2.824,Fairway,airborne,-0.004,0
74,0.3083,26.240,13.397,27.082,6.415,10.543,2.855,Fairway,airborne,-0.004,0
75,0.3124,26.071,13.424,27.015,6.367,10.538,2.886,Fairway,airborne,-0.004,0
76,0.3166,25.901,13.450,26.949,6.320,10.534,2.916,Fairway,airborne,-0.004,0
77,0.3208,25.732,13.476,26.883,6.272,10.530,2.946,Fairway,airborne,-0.004,0
78,0.3249,25.562,13.502,26.816,6.224,10.526,2.976,Fairway,airborne,-0.004,0
79,0.3291,25.393,13.528,26.750,6.176,10.523,3.006,Fairway,airborne,-0.004,0
80,0.3333,25.224,13.554,26.684,6.129,10.519,3.035,Fairway,airborne,-0.004,0
81,0.3374,25.056,13.579,26.618,6.081,10.515,3.064,Fairway,airborne,-0.004,0
82,0.3416,24.887,13.605,26.552,6.034,10.511,3.093,Fairway,airborne,-0.004,0
83,0.3457,24.719,13.630,26.486,5.987,10.507,3.122,Fairway,airborne,-0.004,0
84,0.3499,24.550,13.654,26.421,5.939,10.503,3.151,Fairway,airborne,-0.004,0
85,0.3541,24.383,13.679,26.355,5.892,10.499,3.180,Fairway,airborne,-0.004,0
86,0.3582,24.215,13.704,26.289,5.845,10.495,3.208,Fairway,airborne,-0.004,0
87,0.3624,24.047,13.728,26.224,5.798,10.491,3.236,Fairway,airborne,-0.004,0
88,0.3666,23.880,13.752,26.158,5.751,10.488,3.264,Fairway,airborne,-0.004,0
89,0.3707,23.712,13.776,26.093,5.704,10.484,3.292,Fairway,airborne,-0.004,0
90,0.3749,23.545,13.799,26.027,5.657,10.480,3.320,Fairway,airborne,-0.004,0
91,0.3791,23.378,13.823,25.962,5.610,10.475,3.347,Fairway,airborne,-0.004,0
92,0.3832,23.212,13.846,25.897,5.564,10.472,3.374,Fairway,airborne,-0.004,0
93,0.3874,23.045,13.869,25.832,5.517,10.468,3.401,Fairway,airborne,-0.004,0
94,0.3916,22.879,13.892,25.767,5.470,10.464,3.428,Fairway,airborne,-0.004,0
95,0.3957,22.712,13.915,25.702,5.424,10.460,3.455,Fairway,airborne,-0.004,0
96,0.3999,22.546,13.937,25.637,5.377,10.456,3.481,Fairway,airborne,-0.004,0
97,0.4041,22.381,13.959,25.572,5.331,10.452,3.507,Fairway,airborne,-0.004,0
98,0.4082,22.215,13.982,25.507,5.285,10.448,3.533,Fairway,airborne,-0.004,0
99,0.4124,22.049,14.003,25.442,5.238,10.444,3.559,Fairway,airborne,-0.004,0
100,0.4166,21.884,14.025,25.378,5.192,10.441,3.584,Fairway,airborne,-0.004,0
101,0.4207,21.719,14.047,25.313,5.146,10.437,3.609,Fairway,airborne,-0.004,0
102,0.4249,21.554,14.068,25.248,5.100,10.433,3.635,Fairway,airborne,-0.004,0
103,0.4291,21.389,14.089,25.184,5.054,10.429,3.660,Fairway,airborne,-0.004,0
104,0.4332,21.224,14.110,25.119,5.008,10.425,3.685,Fairway,airborne,-0.004,0
105,0.4374,21.060,14.131,25.055,4.962,10.421,3.709,Fairway,airborne,-0.004,0
106,0.4416,20.895,14.151,24.991,4.916,10.418,3.734,Fairway,airborne,-0.004,0
107,0.4457,20.731,14.172,24.927,4.870,10.414,3.758,Fairway,airborne,-0.004,0
108,0.4499,20.567,14.192,24.863,4.824,10.410,3.782,Fairway,airborne,-0.004,0
109,0.4541,20.403,14.212,24.798,4.778,10.407,3.805,Fairway,airborne,-0.004,0
110,0.4582,20.240,14.232,24.734,4.733,10.403,3.829,Fairway,airborne,-0.004,0
111,0.4624,20.076,14.251,24.670,4.687,10.400,3.852,Fairway,airborne,-0.004,0
112,0.4666,19.913,14.271,24.607,4.642,10.396,3.875,Fairway,airborne,-0.004,0
113,0.4707,19.750,14.290,24.543,4.596,10.393,3.897,Fairway,airborne,-0.004,0
114,0.4749,19.587,14.309,24.479,4.551,10.389,3.920,Fairway,airborne,-0.004,0
115,0.4790,19.424,14.328,24.415,4.505,10.385,3.943,Fairway,airborne,-0.004,0
116,0.4832,19.261,14.347,24.352,4.460,10.382,3.965,Fairway,airborne,-0.004,0
117,0.4874,19.099,14.365,24.288,4.415,10.378,3.987,Fairway,airborne,-0.004,0
118,0.4915,18.936,14.383,24.225,4.369,10.375,4.009,Fairway,airborne,-0.004,0
119,0.4957,18.774,14.402,24.161,4.324,10.371,4.030,Fairway,airborne,-0.004,0
120,0.4999,18.612,14.419,24.098,4.279,10.367,4.052,Fairway,airborne,-0.004,0
121,0.5040,18.450,14.437,24.034,4.234,10.364,4.074,Fairway,airborne,-0.004,0
122,0.5082,18.289,14.455,23.971,4.189,10.360,4.095,Fairway,airborne,-0.004,0
123,0.5124,18.127,14.472,23.908,4.144,10.356,4.116,Fairway,airborne,-0.004,0
124,0.5165,17.966,14.489,23.845,4.099,10.353,4.136,Fairway,airborne,-0.003,0
125,0.5207,17.804,14.506,23.782,4.054,10.349,4.157,Fairway,airborne,-0.003,0
126,0.5249,17.643,14.523,23.719,4.010,10.346,4.177,Fairway,airborne,-0.003,0
127,0.5290,17.482,14.540,23.656,3.965,10.343,4.197,Fairway,airborne,-0.003,0
128,0.5332,17.322,14.556,23.593,3.920,10.339,4.217,Fairway,airborne,-0.003,0
129,0.5374,17.161,14.572,23.530,3.876,10.336,4.236,Fairway,airborne,-0.003,0
130,0.5415,17.000,14.588,23.467,3.831,10.332,4.256,Fairway,airborne,-0.003,0
131,0.5457,16.840,14.604,23.405,3.786,10.329,4.275,Fairway,airborne,-0.003,0
132,0.5499,16.680,14.620,23.342,3.742,10.326,4.294,Fairway,airborne,-0.003,0
133,0.5540,16.520,14.635,23.279,3.698,10.322,4.313,Fairway,airborne,-0.003,0
134,0.5582,16.360,14.651,23.217,3.653,10.319,4.332,Fairway,airborne,-0.003,0
135,0.5624,16.201,14.666,23.155,3.609,10.315,4.350,Fairway,airborne,-0.003,0
136,0.5665,16.041,14.681,23.092,3.565,10.312,4.369,Fairway,airborne,-0.003,0
137,0.5707,15.882,14.695,23.030,3.520,10.309,4.387,Fairway,airborne,-0.003,0
138,0.5749,15.722,14.710,22.967,3.476,10.305,4.405,Fairway,airborne,-0.004,0
139,0.5790,15.563,14.724,22.905,3.432,10.302,4.423,Fairway,airborne,-0.003,0
140,0.5832,15.404,14.739,22.843,3.388,10.298,4.440,Fairway,airborne,-0.003,0
141,0.5874,15.246,14.753,22.781,3.344,10.295,4.458,Fairway,airborne,-0.003,0
142,0.5915,15.087,14.766,22.719,3.300,10.292,4.475,Fairway,airborne,-0.003,0
143,0.5957,14.929,14.780,22.657,3.256,10.289,4.491,Fairway,airborne,-0.003,0
144,0.5999,14.770,14.793,22.595,3.212,10.285,4.508,Fairway,airborne,-0.003,0
145,0.6040,14.612,14.807,22.533,3.168,10.282,4.525,Fairway,airborne,-0.003,0
146,0.6082,14.454,14.820,22.471,3.124,10.279,4.541,Fairway,airborne,-0.003,0
147,0.6124,14.296,14.833,22.410,3.081,10.275,4.557,Fairway,airborne,-0.003,0
148,0.6165,14.138,14.845,22.348,3.037,10.272,4.573,Fairway,airborne,-0.003,0
149,0.6207,13.981,14.858,22.286,2.993,10.269,4.589,Fairway,airborne,-0.003,0
150,0.6248,13.823,14.870,22.225,2.950,10.265,4.605,Fairway,airborne,-0.003,0
151,0.6290,13.666,14.883,22.163,2.906,10.262,4.620,Fairway,airborne,-0.003,0
152,0.6332,13.509,14.895,22.102,2.863,10.259,4.636,Fairway,airborne,-0.003,0
153,0.6373,13.352,14.906,22.040,2.819,10.256,4.650,Fairway,airborne,-0.003,0
154,0.6415,13.195,14.918,21.979,2.776,10.253,4.665,Fairway,airborne,-0.003,0
155,0.6457,13.038,14.930,21.918,2.732,10.250,4.680,Fairway,airborne,-0.003,0
156,0.6498,12.882,14.941,21.856,2.689,10.247,4.694,Fairway,airborne,-0.003,0
157,0.6540,12.726,14.952,21.795,2.646,10.244,4.708,Fairway,airborne,-0.003,0
158,0.6582,12.569,14.963,21.734,2.602,10.241,4.722,Fairway,airborne,-0.003,0
159,0.6623,12.413,14.974,21.673,2.559,10.237,4.736,Fairway,airborne,-0.003,0
160,0.6665,12.257,14.984,21.612,2.516,10.234,4.750,Fairway,airborne,-0.003,0
161,0.6707,12.101,14.995,21.551,2.473,10.231,4.763,Fairway,airborne,-0.003,0
162,0.6748,11.946,15.005,21.490,2.430,10.228,4.777,Fairway,airborne,-0.003,0
163,0.6790,11.790,15.015,21.429,2.387,10.225,4.790,Fairway,airborne,-0.003,0
164,0.6832,11.635,15.025,21.368,2.344,10.222,4.803,Fairway,airborne,-0.003,0
165,0.6873,11.479,15.034,21.308,2.301,10.219,4.815,Fairway,airborne,-0.003,0
166,0.6915,11.324,15.044,21.247,2.258,10.216,4.828,Fairway,airborne,-0.003,0
167,0.6957,11.169,15.053,21.186,2.215,10.213,4.840,Fairway,airborne,-0.003,0
168,0.6998,11.014,15.062,21.126,2.172,10.210,4.853,Fairway,airborne,-0.003,0
169,0.7040,10.860,15.071,21.065,2.130,10.207,4.864,Fairway,airborne,-0.003,0
170,0.7082,10.705,15.080,21.005,2.087,10.204,4.876,Fairway,airborne,-0.003,0
171,0.7123,10.551,15.088,20.944,2.044,10.200,4.888,Fairway,airborne,-0.003,0
172,0.7165,10.396,15.097,20.884,2.001,10.198,4.899,Fairway,airborne,-0.003,0
173,0.7207,10.242,15.105,20.824,1.959,10.195,4.910,Fairway,airborne,-0.003,0
174,0.7248,10.088,15.113,20.763,1.916,10.192,4.921,Fairway,airborne,-0.003,0
175,0.7290,9.934,15.121,20.703,1.874,10.189,4.932,Fairway,airborne,-0.003,0
176,0.7332,9.780,15.129,20.643,1.831,10.187,4.942,Fairway,airborne,-0.003,0
177,0.7373,9.627,15.136,20.583,1.789,10.184,4.953,Fairway,airborne,-0.003,0
178,0.7415,9.473,15.144,20.523,1.746,10.181,4.963,Fairway,airborne,-0.003,0
179,0.7457,9.320,15.151,20.463,1.704,10.178,4.973,Fairway,airborne,-0.003,0
180,0.7498,9.167,15.158,20.403,1.662,10.175,4.982,Fairway,airborne,-0.003,0
181,0.7540,9.014,15.165,20.343,1.619,10.173,4.992,Fairway,airborne,-0.003,0
182,0.7581,8.861,15.171,20.283,1.577,10.170,5.001,Fairway,airborne,-0.003,0
183,0.7623,8.708,15.178,20.224,1.535,10.167,5.011,Fairway,airborne,-0.003,0
184,0.7665,8.555,15.184,20.164,1.493,10.164,5.020,Fairway,airborne,-0.003,0
185,0.7706,8.403,15.190,20.104,1.451,10.161,5.029,Fairway,airborne,-0.003,0
186,0.7748,8.250,15.196,20.045,1.409,10.158,5.038,Fairway,airborne,-0.003,0
187,0.7790,8.098,15.202,19.985,1.367,10.155,5.047,Fairway,airborne,-0.003,0
188,0.7831,7.946,15.208,19.925,1.325,10.152,5.056,Fairway,airborne,-0.003,0
189,0.7873,7.794,15.213,19.866,1.283,10.149,5.064,Fairway,airborne,-0.003,0
190,0.7915,7.642,15.218,19.807,1.241,10.146,5.072,Fairway,airborne,-0.003,0
191,0.7956,7.490,15.223,19.747,1.199,10.143,5.080,Fairway,airborne,-0.003,0
192,0.7998,7.338,15.228,19.688,1.157,10.140,5.088,Fairway,airborne,-0.003,0
193,0.8040,7.187,15.233,19.629,1.115,10.138,5.095,Fairway,airborne,-0.003,0
194,0.8081,7.036,15.237,19.569,1.073,10.135,5.103,Fairway,airborne,-0.003,0
195,0.8123,6.884,15.242,19.510,1.032,10.132,5.110,Fairway,airborne,-0.003,0
196,0.8165,6.733,15.246,19.451,0.990,10.129,5.117,Fairway,airborne,-0.003,0
197,0.8206,6.582,15.250,19.392,0.948,10.126,5.124,Fairway,airborne,-0.003,0
198,0.8248,6.431,15.254,19.333,0.907,10.124,5.130,Fairway,airborne,-0.003,0
199,0.8290,6.281,15.258,19.274,0.865,10.122,5.136,Fairway,airborne,-0.002,0
200,0.8331,6.130,15.261,19.215,0.823,10.119,5.142,Fairway,airborne,-0.003,0
201,0.8373,5.980,15.264,19.156,0.782,10.116,5.148,Fairway,airborne,-0.003,0
202,0.8415,5.829,15.268,19.098,0.740,10.114,5.154,Fairway,airborne,-0.003,0
203,0.8456,5.679,15.271,19.039,0.699,10.111,5.160,Fairway,airborne,-0.003,0
204,0.8498,5.529,15.273,18.980,0.657,10.108,5.165,Fairway,airborne,-0.003,0
205,0.8540,5.379,15.276,18.921,0.616,10.105,5.171,Fairway,airborne,-0.003,0
206,0.8581,5.229,15.279,18.863,0.575,10.102,5.177,Fairway,airborne,-0.003,0
207,0.8623,5.079,15.281,18.804,0.533,10.099,5.182,Fairway,airborne,-0.003,0
208,0.8665,4.930,15.283,18.746,0.492,10.096,5.187,Fairway,airborne,-0.003,0
209,0.8706,4.780,15.285,18.687,0.451,10.093,5.192,Fairway,airborne,-0.003,0
210,0.8748,4.631,15.287,18.629,0.410,10.090,5.196,Fairway,airborne,-0.003,0
211,0.8790,4.482,15.288,18.571,0.369,10.087,5.201,Fairway,airborne,-0.003,0
212,0.8831,4.333,15.290,18.512,0.327,10.085,5.205,Fairway,airborne,-0.002,0
213,0.8873,4.184,15.291,18.454,0.286,10.083,5.208,Fairway,airborne,-0.002,0
214,0.8914,4.035,15.292,18.396,0.245,10.080,5.212,Fairway,airborne,-0.003,0
215,0.8956,3.886,15.293,18.338,0.204,10.077,5.216,Fairway,airborne,-0.003,0
216,0.8998,3.738,15.294,18.279,0.163,10.074,5.220,Fairway,airborne,-0.003,0
217,0.9039,3.589,15.294,18.221,0.122,10.071,5.223,Fairway,airborne,-0.003,0
218,0.9081,3.441,15.295,18.163,0.081,10.068,5.226,Fairway,airborne,-0.003,0
219,0.9123,3.292,15.295,18.105,0.040,10.065,5.230,Fairway,airborne,-0.003,0
220,0.9164,3.144,15.295,18.047,0.000,10.063,5.232,Fairway,airborne,-0.003,0
221,0.9206,2.996,15.295,17.989,-0.041,10.060,5.235,Fairway,airborne,-0.003,0
222,0.9248,2.848,15.295,17.932,-0.082,10.057,5.237,Fairway,airborne,-0.002,0
223,0.9289,2.701,15.294,17.874,-0.123,10.055,5.240,Fairway,airborne,-0.003,0
224,0.9331,2.553,15.294,17.816,-0.164,10.052,5.242,Fairway,airborne,-0.003,0
225,0.9373,2.406,15.293,17.758,-0.204,10.049,5.244,Fairway,airborne,-0.003,0
226,0.9414,2.258,15.292,17.701,-0.245,10.046,5.246,Fairway,airborne,-0.003,0
227,0.9456,2.111,15.291,17.643,-0.286,10.043,5.248,Fairway,airborne,-0.003,0
228,0.9498,1.964,15.290,17.586,-0.326,10.040,5.250,Fairway,airborne,-0.003,0
229,0.9539,1.817,15.288,17.528,-0.367,10.037,5.251,Fairway,airborne,-0.003,0
230,0.9581,1.670,15.287,17.471,-0.407,10.034,5.253,Fairway,airborne,-0.003,0
231,0.9623,1.523,15.285,17.413,-0.448,10.031,5.254,Fairway,airborne,-0.003,0
232,0.9664,1.376,15.283,17.356,-0.488,10.028,5.255,Fairway,airborne,-0.003,0
233,0.9706,1.230,15.281,17.298,-0.529,10.025,5.256,Fairway,airborne,-0.003,0
234,0.9748,1.083,15.279,17.241,-0.569,10.022,5.256,Fairway,airborne,-0.003,0
235,0.9789,0.937,15.276,17.184,-0.609,10.020,5.256,Fairway,airborne,-0.002,0
236,0.9831,0.791,15.273,17.127,-0.650,10.017,5.257,Fairway,airborne,-0.003,0
237,0.9873,0.645,15.271,17.070,-0.690,10.013,5.257,Fairway,airborne,-0.003,0
238,0.9914,0.499,15.268,17.013,-0.730,10.011,5.257,Fairway,airborne,-0.003,0
239,0.9956,0.353,15.265,16.955,-0.771,10.008,5.257,Fairway,airborne,-0.003,0
240,0.9998,0.207,15.261,16.898,-0.811,10.005,5.257,Fairway,airborne,-0.003,0
241,1.0039,0.062,15.258,16.842,-0.851,10.002,5.256,Fairway,airborne,-0.003,0
242,1.0081,-0.084,15.254,16.785,-0.891,9.999,5.255,Fairway,airborne,-0.002,0
243,1.0123,-0.229,15.250,16.728,-0.931,9.996,5.254,Fairway,airborne,-0.003,0
244,1.0164,-0.375,15.246,16.671,-0.971,9.993,5.253,Fairway,airborne,-0.003,0
245,1.0206,-0.520,15.242,16.614,-1.012,9.990,5.252,Fairway,airborne,-0.003,0
246,1.0248,-0.665,15.238,16.557,-1.052,9.987,5.251,Fairway,airborne,-0.003,0
247,1.0289,-0.810,15.234,16.501,-1.092,9.984,5.249,Fairway,airborne,-0.003,0
248,1.0331,-0.955,15.229,16.444,-1.132,9.981,5.248,Fairway,airborne,-0.003,0
249,1.0372,-1.099,15.224,16.387,-1.171,9.979,5.246,Fairway,airborne,-0.003,0
250,1.0414,-1.244,15.219,16.331,-1.211,9.975,5.244,Fairway,airborne,-0.004,0
251,1.0456,-1.388,15.214,16.274,-1.251,9.972,5.242,Fairway,airborne,-0.003,0
252,1.0497,-1.533,15.209,16.218,-1.291,9.969,5.240,Fairway,airborne,-0.003,0
253,1.0539,-1.677,15.203,16.161,-1.331,9.966,5.237,Fairway,airborne,-0.003,0
254,1.0581,-1.821,15.198,16.105,-1.371,9.963,5.235,Fairway,airborne,-0.003,0
255,1.0622,-1.965,15.192,16.049,-1.411,9.960,5.232,Fairway,airborne,-0.003,0
256,1.0664,-2.109,15.186,15.992,-1.450,9.957,5.229,Fairway,airborne,-0.003,0
257,1.0706,-2.253,15.180,15.936,-1.490,9.954,5.226,Fairway,airborne,-0.003,0
258,1.0747,-2.397,15.174,15.880,-1.530,9.950,5.223,Fairway,airborne,-0.004,0
259,1.0789,-2.540,15.167,15.824,-1.569,9.947,5.220,Fairway,airborne,-0.004,0
260,1.0831,-2.684,15.161,15.768,-1.609,9.944,5.217,Fairway,airborne,-0.003,0
261,1.0872,-2.827,15.154,15.712,-1.649,9.941,5.213,Fairway,airborne,-0.003,0
262,1.0914,-2.970,15.147,15.656,-1.688,9.938,5.209,Fairway,airborne,-0.003,0
263,1.0956,-3.114,15.140,15.600,-1.728,9.935,5.205,Fairway,airborne,-0.003,0
264,1.0997,-3.257,15.132,15.544,-1.767,9.931,5.201,Fairway,airborne,-0.004,0
265,1.1039,-3.400,15.125,15.488,-1.807,9.928,5.197,Fairway,airborne,-0.004,0
266,1.1081,-3.542,15.117,15.432,-1.846,9.924,5.193,Fairway,airborne,-0.004,0
267,1.1122,-3.685,15.110,15.376,-1.885,9.921,5.189,Fairway,airborne,-0.004,0
268,1.1164,-3.828,15.102,15.320,-1.925,9.918,5.184,Fairway,airborne,-0.003,0
269,1.1206,-3.970,15.094,15.264,-1.964,9.915,5.179,Fairway,airborne,-0.003,0
270,1.1247,-4.113,15.085,15.209,-2.004,9.911,5.174,Fairway,airborne,-0.004,0
271,1.1289,-4.255,15.077,15.153,-2.043,9.908,5.169,Fairway,airborne,-0.003,0
272,1.1331,-4.397,15.068,15.097,-2.082,9.905,5.164,Fairway,airborne,-0.003,0
273,1.1372,-4.539,15.060,15.042,-2.121,9.902,5.158,Fairway,airborne,-0.003,0
274,1.1414,-4.681,15.051,14.986,-2.161,9.898,5.153,Fairway,airborne,-0.004,0
275,1.1456,-4.823,15.042,14.931,-2.200,9.894,5.147,Fairway,airborne,-0.004,0
276,1.1497,-4.965,15.032,14.875,-2.239,9.891,5.142,Fairway,airborne,-0.004,0
277,1.1539,-5.106,15.023,14.820,-2.278,9.887,5.136,Fairway,airborne,-0.004,0
278,1.1581,-5.248,15.013,14.765,-2.317,9.884,5.129,Fairway,airborne,-0.003,0
279,1.1622,-5.389,15.004,14.709,-2.356,9.881,5.123,Fairway,airborne,-0.003,0
280,1.1664,-5.530,14.994,14.654,-2.395,9.877,5.117,Fairway,airborne,-0.004,0
281,1.1705,-5.672,14.984,14.599,-2.435,9.873,5.110,Fairway,airborne,-0.004,0
282,1.1747,-5.813,14.974,14.544,-2.474,9.870,5.104,Fairway,airborne,-0.004,0
283,1.1789,-5.954,14.963,14.488,-2.513,9.866,5.097,Fairway,airborne,-0.004,0
284,1.1830,-6.095,14.953,14.433,-2.551,9.862,5.090,Fairway,airborne,-0.004,0
285,1.1872,-6.235,14.942,14.378,-2.590,9.859,5.083,Fairway,airborne,-0.003,0
286,1.1914,-6.376,14.931,14.323,-2.629,9.856,5.075,Fairway,airborne,-0.003,0
287,1.1955,-6.517,14.920,14.268,-2.668,9.852,5.068,Fairway,airborne,-0.004,0
288,1.1997,-6.657,14.909,14.213,-2.707,9.849,5.060,Fairway,airborne,-0.004,0
289,1.2039,-6.798,14.897,14.158,-2.746,9.845,5.052,Fairway,airborne,-0.003,0
290,1.2080,-6.938,14.886,14.104,-2.785,9.841,5.045,Fairway,airborne,-0.004,0
291,1.2122,-7.078,14.874,14.049,-2.823,9.837,5.038,Fairway,airborne,-0.004,0
292,1.2164,-7.218,14.862,13.994,-2.862,9.834,5.029,Fairway,airborne,-0.003,0
293,1.2205,-7.358,14.850,13.939,-2.901,9.831,5.020,Fairway,airborne,-0.003,0
294,1.2247,-7.498,14.838,13.884,-2.940,9.827,5.012,Fairway,airborne,-0.004,0
295,1.2289,-7.638,14.826,13.830,-2.978,9.822,5.004,Fairway,airborne,-0.004,0
296,1.2330,-7.777,14.813,13.775,-3.017,9.819,4.995,Fairway,airborne,-0.003,0
297,1.2372,-7.917,14.801,13.721,-3.056,9.815,4.986,Fairway,airborne,-0.004,0
298,1.2414,-8.056,14.788,13.666,-3.094,9.811,4.977,Fairway,airborne,-0.004,0
299,1.2455,-8.196,14.775,13.612,-3.133,9.806,4.969,Fairway,airborne,-0.004,0
300,1.2497,-8.335,14.762,13.557,-3.171,9.803,4.959,Fairway,airborne,-0.004,0
301,1.2539,-8.474,14.749,13.503,-3.210,9.799,4.949,Fairway,airborne,-0.004,0
302,1.2580,-8.613,14.735,13.448,-3.248,9.796,4.940,Fairway,airborne,-0.004,0
303,1.2622,-8.752,14.722,13.394,-3.287,9.792,4.929,Fairway,airborne,-0.003,0
304,1.2664,-8.891,14.708,13.340,-3.325,9.788,4.920,Fairway,airborne,-0.004,0
305,1.2705,-9.030,14.694,13.285,-3.364,9.783,4.910,Fairway,airborne,-0.004,0
306,1.2747,-9.168,14.680,13.231,-3.402,9.779,4.901,Fairway,airborne,-0.004,0
307,1.2789,-9.307,14.666,13.177,-3.440,9.775,4.891,Fairway,airborne,-0.004,0
308,1.2830,-9.445,14.651,13.123,-3.479,9.772,4.880,Fairway,airborne,-0.004,0
309,1.2872,-9.584,14.637,13.069,-3.517,9.768,4.869,Fairway,airborne,-0.004,0
310,1.2914,-9.722,14.622,13.015,-3.555,9.764,4.858,Fairway,airborne,-0.004,0
311,1.2955,-9.860,14.607,12.960,-3.594,9.759,4.848,Fairway,airborne,-0.004,0
312,1.2997,-9.998,14.592,12.906,-3.632,9.755,4.837,Fairway,airborne,-0.004,0
313,1.3038,-10.136,14.577,12.853,-3.670,9.751,4.826,Fairway,airborne,-0.004,0
314,1.3080,-10.274,14.561,12.799,-3.708,9.747,4.814,Fairway,airborne,-0.004,0
315,1.3122,-10.411,14.546,12.745,-3.747,9.744,4.802,Fairway,airborne,-0.004,0
316,1.3163,-10.549,14.530,12.691,-3.785,9.739,4.791,Fairway,airborne,-0.004,0
317,1.3205,-10.687,14.514,12.637,-3.823,9.735,4.779,Fairway,airborne,-0.004,0
318,1.3247,-10.824,14.498,12.583,-3.861,9.731,4.768,Fairway,airborne,-0.004,0
319,1.3288,-10.961,14.482,12.530,-3.899,9.726,4.756,Fairway,airborne,-0.004,0
320,1.3330,-11.099,14.466,12.476,-3.937,9.722,4.744,Fairway,airborne,-0.004,0
321,1.3372,-11.236,14.449,12.422,-3.975,9.718,4.731,Fairway,airborne,-0.004,0
322,1.3413,-11.373,14.433,12.369,-4.013,9.714,4.719,Fairway,airborne,-0.004,0
323,1.3455,-11.510,14.416,12.315,-4.051,9.709,4.707,Fairway,airborne,-0.004,0
324,1.3497,-11.647,14.399,12.261,-4.089,9.705,4.694,Fairway,airborne,-0.004,0
325,1.3538,-11.783,14.382,12.208,-4.127,9.701,4.681,Fairway,airborne,-0.004,0
326,1.3580,-11.920,14.365,12.155,-4.165,9.697,4.668,Fairway,airborne,-0.004,0
327,1.3622,-12.057,14.347,12.101,-4.203,9.692,4.655,Fairway,airborne,-0.004,0
328,1.3663,-12.193,14.330,12.048,-4.241,9.689,4.641,Fairway,airborne,-0.004,0
329,1.3705,-12.330,14.312,11.994,-4.278,9.684,4.628,Fairway,airborne,-0.005,0
330,1.3747,-12.466,14.294,11.941,-4.316,9.680,4.614,Fairway,airborne,-0.004,0
331,1.3788,-12.602,14.276,11.888,-4.354,9.675,4.601,Fairway,airborne,-0.004,0
332,1.3830,-12.738,14.258,11.835,-4.392,9.671,4.587,Fairway,airborne,-0.004,0
333,1.3872,-12.874,14.239,11.781,-4.430,9.666,4.573,Fairway,airborne,-0.004,0
334,1.3913,-13.010,14.221,11.728,-4.467,9.663,4.558,Fairway,airborne,-0.004,0
335,1.3955,-13.146,14.202,11.675,-4.505,9.658,4.544,Fairway,airborne,-0.004,0
336,1.3997,-13.282,14.183,11.622,-4.543,9.654,4.530,Fairway,airborne,-0.005,0
337,1.4038,-13.417,14.164,11.569,-4.580,9.649,4.516,Fairway,airborne,-0.005,0
338,1.4080,-13.553,14.145,11.516,-4.618,9.644,4.501,Fairway,airborne,-0.005,0
339,1.4122,-13.688,14.126,11.463,-4.656,9.640,4.486,Fairway,airborne,-0.004,0
340,1.4163,-13.823,14.106,11.410,-4.693,9.635,4.471,Fairway,airborne,-0.005,0
341,1.4205,-13.959,14.087,11.357,-4.731,9.631,4.455,Fairway,airborne,-0.004,0
342,1.4247,-14.094,14.067,11.304,-4.768,9.627,4.440,Fairway,airborne,-0.004,0
343,1.4288,-14.229,14.047,11.251,-4.806,9.622,4.425,Fairway,airborne,-0.005,0
344,1.4330,-14.364,14.027,11.199,-4.843,9.617,4.410,Fairway,airborne,-0.005,0
345,1.4371,-14.499,14.007,11.146,-4.881,9.612,4.395,Fairway,airborne,-0.005,0
346,1.4413,-14.633,13.986,11.093,-4.918,9.607,4.379,Fairway,airborne,-0.005,0
347,1.4455,-14.768,13.966,11.040,-4.956,9.604,4.362,Fairway,airborne,-0.004,0
348,1.4496,-14.903,13.945,10.988,-4.993,9.599,4.346,Fairway,airborne,-0.005,0
349,1.4538,-15.037,13.924,10.935,-5.031,9.594,4.330,Fairway,airborne,-0.005,0
350,1.4580,-15.172,13.903,10.883,-5.068,9.590,4.313,Fairway,airborne,-0.004,0
351,1.4621,-15.306,13.882,10.830,-5.105,9.586,4.296,Fairway,airborne,-0.004,0
352,1.4663,-15.440,13.861,10.778,-5.143,9.581,4.280,Fairway,airborne,-0.005,0
353,1.4705,-15.574,13.839,10.725,-5.180,9.576,4.263,Fairway,airborne,-0.004,0
354,1.4746,-15.708,13.817,10.673,-5.217,9.572,4.245,Fairway,airborne,-0.004,0
355,1.4788,-15.842,13.796,10.620,-5.254,9.568,4.228,Fairway,airborne,-0.005,0
356,1.4830,-15.976,13.774,10.568,-5.292,9.563,4.211,Fairway,airborne,-0.005,0
357,1.4871,-16.110,13.752,10.516,-5.329,9.558,4.194,Fairway,airborne,-0.005,0
358,1.4913,-16.244,13.729,10.463,-5.366,9.553,4.176,Fairway,airborne,-0.005,0
359,1.4955,-16.377,13.707,10.411,-5.403,9.549,4.158,Fairway,airborne,-0.004,0
360,1.4996,-16.511,13.684,10.359,-5.440,9.544,4.140,Fairway,airborne,-0.004,0
361,1.5038,-16.644,13.662,10.307,-5.478,9.540,4.122,Fairway,airborne,-0.005,0
362,1.5080,-16.777,13.639,10.255,-5.515,9.535,4.104,Fairway,airborne,-0.005,0
363,1.5121,-16.910,13.616,10.202,-5.552,9.530,4.086,Fairway,airborne,-0.005,0
364,1.5163,-17.044,13.592,10.150,-5.589,9.525,4.067,Fairway,airborne,-0.005,0
365,1.5205,-17.177,13.569,10.098,-5.626,9.520,4.049,Fairway,airborne,-0.005,0
366,1.5246,-17.310,13.546,10.046,-5.663,9.515,4.030,Fairway,airborne,-0.005,0
367,1.5288,-17.442,13.522,9.994,-5.700,9.510,4.011,Fairway,airborne,-0.005,0
368,1.5330,-17.575,13.498,9.942,-5.737,9.506,3.992,Fairway,airborne,-0.005,0
369,1.5371,-17.708,13.474,9.891,-5.774,9.501,3.974,Fairway,airborne,-0.005,0
370,1.5413,-17.840,13.450,9.839,-5.811,9.496,3.954,Fairway,airborne,-0.004,0
371,1.5455,-17.973,13.426,9.787,-5.848,9.492,3.933,Fairway,airborne,-0.004,0
372,1.5496,-18.105,13.401,9.735,-5.884,9.488,3.914,Fairway,airborne,-0.005,0
373,1.5538,-18.238,13.377,9.683,-5.921,9.483,3.894,Fairway,airborne,-0.005,0
374,1.5580,-18.370,13.352,9.632,-5.958,9.478,3.874,Fairway,airborne,-0.005,0
375,1.5621,-18.502,13.327,9.580,-5.995,9.473,3.854,Fairway,airborne,-0.005,0
376,1.5663,-18.634,13.302,9.528,-6.032,9.468,3.834,Fairway,airborne,-0.005,0
377,1.5705,-18.766,13.277,9.477,-6.069,9.463,3.814,Fairway,airborne,-0.005,0
378,1.5746,-18.898,13.251,9.425,-6.105,9.458,3.793,Fairway,airborne,-0.005,0
379,1.5788,-19.030,13.226,9.373,-6.142,9.454,3.772,Fairway,airborne,-0.005,0
380,1.5829,-19.161,13.200,9.322,-6.179,9.449,3.752,Fairway,airborne,-0.005,0
381,1.5871,-19.293,13.175,9.270,-6.216,9.444,3.731,Fairway,airborne,-0.005,0
382,1.5913,-19.424,13.149,9.219,-6.252,9.439,3.709,Fairway,airborne,-0.005,0
383,1.5954,-19.556,13.122,9.168,-6.289,9.435,3.687,Fairway,airborne,-0.004,0
384,1.5996,-19.687,13.096,9.116,-6.326,9.431,3.665,Fairway,airborne,-0.004,0
385,1.6038,-19.818,13.070,9.065,-6.362,9.426,3.644,Fairway,airborne,-0.005,0
386,1.6079,-19.950,13.043,9.014,-6.399,9.421,3.622,Fairway,airborne,-0.005,0
387,1.6121,-20.081,13.016,8.962,-6.435,9.416,3.600,Fairway,airborne,-0.005,0
388,1.6163,-20.212,12.990,8.911,-6.472,9.411,3.579,Fairway,airborne,-0.005,0
389,1.6204,-20.343,12.962,8.860,-6.508,9.406,3.556,Fairway,airborne,-0.004,0
390,1.6246,-20.473,12.935,8.809,-6.545,9.402,3.533,Fairway,airborne,-0.004,0
391,1.6288,-20.604,12.908,8.758,-6.581,9.397,3.511,Fairway,airborne,-0.005,0
392,1.6329,-20.735,12.880,8.706,-6.618,9.393,3.488,Fairway,airborne,-0.005,0
393,1.6371,-20.865,12.853,8.655,-6.654,9.388,3.465,Fairway,airborne,-0.005,0
394,1.6413,-20.996,12.825,8.604,-6.691,9.383,3.442,Fairway,airborne,-0.005,0
395,1.6454,-21.126,12.797,8.553,-6.727,9.378,3.419,Fairway,airborne,-0.005,0
396,1.6496,-21.256,12.769,8.502,-6.764,9.373,3.396,Fairway,airborne,-0.005,0
397,1.6538,-21.387,12.741,8.451,-6.800,9.369,3.372,Fairway,airborne,-0.005,0
398,1.6579,-21.517,12.712,8.401,-6.836,9.364,3.349,Fairway,airborne,-0.005,0
399,1.6621,-21.647,12.684,8.350,-6.873,9.359,3.325,Fairway,airborne,-0.005,0
400,1.6663,-21.777,12.655,8.299,-6.909,9.354,3.301,Fairway,airborne,-0.004,0
401,1.6704,-21.907,12.626,8.248,-6.945,9.350,3.277,Fairway,airborne,-0.005,0
402,1.6746,-22.036,12.597,8.197,-6.982,9.345,3.253,Fairway,airborne,-0.005,0
403,1.6788,-22.166,12.568,8.147,-7.018,9.340,3.228,Fairway,airborne,-0.005,0
404,1.6829,-22.296,12.539,8.096,-7.054,9.335,3.204,Fairway,airborne,-0.005,0
405,1.6871,-22.425,12.509,8.045,-7.090,9.330,3.179,Fairway,airborne,-0.005,0
406,1.6913,-22.555,12.480,7.994,-7.127,9.326,3.154,Fairway,airborne,-0.004,0
407,1.6954,-22.684,12.450,7.944,-7.163,9.322,3.128,Fairway,airborne,-0.004,0
408,1.6996,-22.813,12.420,7.893,-7.199,9.318,3.102,Fairway,airborne,-0.004,0
409,1.7038,-22.942,12.390,7.843,-7.235,9.312,3.078,Fairway,airborne,-0.006,0
410,1.7079,-23.072,12.360,7.792,-7.271,9.307,3.053,Fairway,airborne,-0.005,0
411,1.7121,-23.201,12.329,7.742,-7.307,9.302,3.027,Fairway,airborne,-0.004,0
412,1.7162,-23.330,12.299,7.691,-7.343,9.298,3.001,Fairway,airborne,-0.004,0
413,1.7204,-23.458,12.268,7.641,-7.379,9.294,2.974,Fairway,airborne,-0.004,0
414,1.7246,-23.587,12.238,7.591,-7.415,9.289,2.948,Fairway,airborne,-0.005,0
415,1.7287,-23.716,12.207,7.540,-7.451,9.285,2.922,Fairway,airborne,-0.005,0
416,1.7329,-23.844,12.175,7.490,-7.487,9.280,2.896,Fairway,airborne,-0.005,0
417,1.7371,-23.973,12.144,7.440,-7.523,9.275,2.869,Fairway,airborne,-0.005,0
418,1.7412,-24.101,12.113,7.389,-7.559,9.270,2.842,Fairway,airborne,-0.005,0
419,1.7454,-24.230,12.081,7.339,-7.595,9.266,2.815,Fairway,airborne,-0.005,0
420,1.7496,-24.358,12.050,7.289,-7.631,9.261,2.789,Fairway,airborne,-0.005,0
421,1.7537,-24.486,12.018,7.239,-7.667,9.256,2.761,Fairway,airborne,-0.005,0
422,1.7579,-24.614,11.986,7.189,-7.703,9.252,2.734,Fairway,airborne,-0.005,0
423,1.7621,-24.742,11.953,7.139,-7.739,9.247,2.707,Fairway,airborne,-0.005,0
424,1.7662,-24.870,11.921,7.089,-7.775,9.243,2.678,Fairway,airborne,-0.004,0
425,1.7704,-24.998,11.889,7.039,-7.810,9.239,2.650,Fairway,airborne,-0.004,0
426,1.7746,-25.126,11.856,6.989,-7.846,9.234,2.622,Fairway,airborne,-0.004,0
427,1.7787,-25.254,11.823,6.939,-7.882,9.230,2.594,Fairway,airborne,-0.005,0
428,1.7829,-25.381,11.790,6.889,-7.918,9.225,2.565,Fairway,airborne,-0.004,0
429,1.7871,-25.509,11.757,6.839,-7.954,9.220,2.537,Fairway,airborne,-0.005,0
430,1.7912,-25.636,11.724,6.789,-7.989,9.216,2.509,Fairway,airborne,-0.005,0
431,1.7954,-25.764,11.691,6.739,-8.025,9.211,2.480,Fairway,airborne,-0.005,0
432,1.7996,-25.891,11.657,6.689,-8.061,9.206,2.451,Fairway,airborne,-0.005,0
433,1.8037,-26.018,11.624,6.640,-8.096,9.201,2.422,Fairway,airborne,-0.005,0
434,1.8079,-26.145,11.590,6.590,-8.132,9.197,2.392,Fairway,airborne,-0.004,0
435,1.8121,-26.272,11.556,6.540,-8.168,9.193,2.363,Fairway,airborne,-0.005,0
436,1.8162,-26.399,11.522,6.491,-8.203,9.188,2.334,Fairway,airborne,-0.005,0
437,1.8204,-26.526,11.488,6.441,-8.239,9.184,2.304,Fairway,airborne,-0.004,0
438,1.8246,-26.653,11.453,6.391,-8.274,9.180,2.273,Fairway,airborne,-0.004,0
439,1.8287,-26.780,11.419,6.342,-8.310,9.175,2.243,Fairway,airborne,-0.004,0
440,1.8329,-26.906,11.384,6.292,-8.345,9.170,2.214,Fairway,airborne,-0.005,0
441,1.8371,-27.033,11.349,6.243,-8.381,9.166,2.183,Fairway,airborne,-0.004,0
442,1.8412,-27.159,11.314,6.193,-8.416,9.162,2.152,Fairway,airborne,-0.004,0
443,1.8454,-27.286,11.279,6.144,-8.452,9.158,2.121,Fairway,airborne,-0.004,0
444,1.8495,-27.412,11.244,6.094,-8.487,9.154,2.090,Fairway,airborne,-0.004,0
445,1.8537,-27.538,11.208,6.045,-8.523,9.149,2.060,Fairway,airborne,-0.005,0
446,1.8579,-27.664,11.173,5.996,-8.558,9.144,2.029,Fairway,airborne,-0.005,0
447,1.8620,-27.790,11.137,5.946,-8.594,9.140,1.997,Fairway,airborne,-0.005,0
448,1.8662,-27.916,11.101,5.897,-8.629,9.135,1.966,Fairway,airborne,-0.004,0
449,1.8704,-28.042,11.065,5.848,-8.664,9.132,1.934,Fairway,airborne,-0.004,0
450,1.8745,-28.168,11.029,5.799,-8.700,9.127,1.902,Fairway,airborne,-0.004,0
451,1.8787,-28.294,10.993,5.749,-8.735,9.123,1.870,Fairway,airborne,-0.005,0
452,1.8829,-28.419,10.956,5.700,-8.770,9.119,1.838,Fairway,airborne,-0.004,0
453,1.8870,-28.545,10.920,5.651,-8.806,9.115,1.805,Fairway,airborne,-0.004,0
454,1.8912,-28.671,10.883,5.602,-8.841,9.110,1.772,Fairway,airborne,-0.004,0
455,1.8954,-28.796,10.846,5.553,-8.876,9.106,1.740,Fairway,airborne,-0.005,0
456,1.8995,-28.921,10.809,5.504,-8.911,9.101,1.708,Fairway,airborne,-0.005,0
457,1.9037,-29.047,10.772,5.455,-8.947,9.097,1.675,Fairway,airborne,-0.004,0
458,1.9079,-29.172,10.734,5.406,-8.982,9.093,1.641,Fairway,airborne,-0.004,0
459,1.9120,-29.297,10.697,5.357,-9.017,9.089,1.608,Fairway,airborne,-0.004,0
460,1.9162,-29.422,10.659,5.308,-9.052,9.084,1.575,Fairway,airborne,-0.005,0
461,1.9204,-29.547,10.622,5.259,-9.087,9.080,1.542,Fairway,airborne,-0.004,0
462,1.9245,-29.672,10.584,5.210,-9.122,9.076,1.507,Fairway,airborne,-0.004,0
463,1.9287,-29.797,10.546,5.161,-9.157,9.072,1.473,Fairway,airborne,-0.004,0
464,1.9329,-29.921,10.507,5.113,-9.193,9.067,1.440,Fairway,airborne,-0.005,0
465,1.9370,-30.046,10.469,5.064,-9.228,9.063,1.406,Fairway,airborne,-0.004,0
466,1.9412,-30.171,10.430,5.015,-9.263,9.060,1.371,Fairway,airborne,-0.004,0
467,1.9454,-30.295,10.392,4.966,-9.298,9.056,1.336,Fairway,airborne,-0.004,0
468,1.9495,-30.419,10.353,4.918,-9.333,9.028,1.326,Fairway,airborne,-0.028,0
469,1.9537,-30.544,10.314,4.869,-9.368,8.847,1.468,Fairway,airborne,-0.181,0
470,1.9579,-30.668,10.275,4.820,-9.403,8.643,1.632,Fairway,airborne,-0.203,0
471,1.9620,-30.792,10.236,4.772,-9.438,8.639,1.597,Fairway,airborne,-0.005,0
472,1.9662,-30.916,10.196,4.723,-9.473,8.634,1.562,Fairway,airborne,-0.005,0
473,1.9704,-31.040,10.157,4.675,-9.507,8.630,1.526,Fairway,airborne,-0.004,0
474,1.9745,-31.164,10.117,4.626,-9.542,8.626,1.491,Fairway,airborne,-0.004,0
475,1.9787,-31.288,10.077,4.578,-9.577,8.622,1.455,Fairway,airborne,-0.004,0
476,1.9828,-31.412,10.037,4.529,-9.612,8.619,1.419,Fairway,airborne,-0.004,0
477,1.9870,-31.536,9.997,4.481,-9.647,8.615,1.383,Fairway,airborne,-0.004,0
478,1.9912,-31.659,9.957,4.433,-9.682,8.610,1.347,Fairway,airborne,-0.004,0
479,1.9953,-31.783,9.917,4.384,-9.717,8.607,1.310,Fairway,airborne,-0.004,0
480,1.9995,-31.906,9.876,4.336,-9.751,8.603,1.274,Fairway,airborne,-0.004,0
481,2.0037,-32.030,9.835,4.288,-9.786,8.598,1.238,Fairway,airborne,-0.005,0
482,2.0078,-32.153,9.795,4.239,-9.821,8.594,1.201,Fairway,airborne,-0.004,0
483,2.0120,-32.276,9.754,4.191,-9.856,8.590,1.163,Fairway,airborne,-0.003,0
484,2.0162,-32.400,9.712,4.143,-9.890,8.662,1.051,Fairway,airborne,0.071,0
485,2.0203,-32.523,9.671,4.095,-9.925,8.833,0.838,Fairway,airborne,0.171,0
486,2.0245,-32.646,9.630,4.047,-9.960,8.978,0.651,Fairway,airborne,0.146,0
487,2.0287,-32.769,9.588,3.999,-9.994,8.974,0.614,Fairway,airborne,-0.004,0
488,2.0328,-32.891,9.547,3.951,-10.029,8.971,0.576,Fairway,airborne,-0.004,0
489,2.0370,-33.014,9.505,3.903,-10.064,8.967,0.538,Fairway,airborne,-0.004,0
490,2.0412,-33.137,9.463,3.855,-10.098,8.963,0.500,Fairway,airborne,-0.004,0
491,2.0453,-33.260,9.421,3.807,-10.133,8.959,0.461,Fairway,airborne,-0.004,0
492,2.0495,-33.382,9.378,3.759,-10.167,8.955,0.423,Fairway,airborne,-0.004,0
493,2.0537,-33.505,9.336,3.711,-10.202,8.952,0.384,Fairway,airborne,-0.004,0
494,2.0578,-33.627,9.293,3.663,-10.236,8.947,0.346,Fairway,airborne,-0.004,0
495,2.0620,-33.749,9.251,3.615,-10.271,8.943,0.308,Fairway,airborne,-0.005,0
496,2.0662,-33.872,9.208,3.567,-10.305,8.939,0.269,Fairway,airborne,-0.004,0
497,2.0703,-33.994,9.165,3.519,-10.340,8.936,0.229,Fairway,airborne,-0.003,0
498,2.0745,-34.116,9.122,3.472,-10.374,8.932,0.190,Fairway,airborne,-0.004,0
499,2.0787,-34.238,9.078,3.424,-10.409,8.928,0.150,Fairway,airborne,-0.004,0
500,2.0828,-34.360,9.035,3.376,-10.443,8.924,0.111,Fairway,airborne,-0.004,0
501,2.0870,-34.482,8.991,3.328,-10.478,8.920,0.071,Fairway,airborne,-0.004,0
502,2.0912,-34.604,8.948,3.281,-10.512,8.916,0.032,Fairway,airborne,-0.004,0
503,2.0945,-34.703,8.912,3.242,-10.540,8.913,-0.001,Fairway,roll,-0.003,0
504,2.0987,-34.757,8.934,3.221,5.223,8.911,0.023,Fairway,roll,-0.002,0
505,2.1029,-34.812,8.955,3.199,5.177,8.909,0.046,Fairway,roll,-0.002,0
506,2.1070,-34.867,8.977,3.178,5.130,8.908,0.069,Fairway,roll,-0.001,0
507,2.1112,-34.921,8.998,3.157,5.084,8.906,0.092,Fairway,roll,-0.002,0
508,2.1154,-34.976,9.019,3.135,5.038,8.905,0.115,Fairway,roll,-0.002,0
509,2.1195,-35.030,9.040,3.114,4.991,8.903,0.137,Fairway,roll,-0.002,0
510,2.1237,-35.085,9.061,3.093,4.945,8.901,0.160,Fairway,roll,-0.002,0
511,2.1279,-35.139,9.081,3.071,4.899,8.899,0.182,Fairway,roll,-0.002,0
512,2.1320,-35.193,9.102,3.050,4.853,8.898,0.204,Fairway,roll,-0.002,0
513,2.1362,-35.247,9.122,3.029,4.807,8.896,0.226,Fairway,roll,-0.002,0
514,2.1404,-35.302,9.142,3.008,4.761,8.894,0.247,Fairway,roll,-0.002,0
515,2.1445,-35.356,9.161,2.987,4.715,8.893,0.269,Fairway,roll,-0.002,0
516,2.1487,-35.410,9.181,2.966,4.670,8.891,0.290,Fairway,roll,-0.002,0
517,2.1528,-35.464,9.200,2.944,4.624,8.889,0.311,Fairway,roll,-0.002,0
518,2.1570,-35.518,9.219,2.923,4.578,8.888,0.332,Fairway,roll,-0.001,0
519,2.1612,-35.571,9.238,2.902,4.533,8.886,0.352,Fairway,roll,-0.002,0
520,2.1653,-35.625,9.257,2.881,4.487,8.884,0.373,Fairway,roll,-0.002,0
521,2.1695,-35.679,9.276,2.860,4.442,8.883,0.393,Fairway,roll,-0.002,0
522,2.1737,-35.733,9.294,2.839,4.397,8.881,0.413,Fairway,roll,-0.002,0
523,2.1778,-35.786,9.312,2.818,4.351,8.879,0.433,Fairway,roll,-0.002,0
524,2.1820,-35.840,9.330,2.797,4.306,8.878,0.453,Fairway,roll,-0.002,0
525,2.1862,-35.893,9.348,2.776,4.261,8.876,0.472,Fairway,roll,-0.001,0
526,2.1903,-35.947,9.366,2.755,4.216,8.875,0.491,Fairway,roll,-0.001,0
527,2.1945,-36.000,9.383,2.734,4.171,8.873,0.510,Fairway,roll,-0.001,0
528,2.1987,-36.054,9.401,2.714,4.126,8.872,0.529,Fairway,roll,-0.002,0
529,2.2028,-36.107,9.418,2.693,4.081,8.870,0.548,Fairway,roll,-0.002,0
530,2.2070,-36.160,9.435,2.672,4.036,8.868,0.566,Fairway,roll,-0.002,0
531,2.2112,-36.214,9.451,2.651,3.991,8.867,0.585,Fairway,roll,-0.002,0
532,2.2153,-36.267,9.468,2.630,3.946,8.865,0.603,Fairway,roll,-0.002,0
533,2.2195,-36.320,9.484,2.609,3.902,8.863,0.621,Fairway,roll,-0.002,0
534,2.2237,-36.373,9.500,2.589,3.857,8.862,0.639,Fairway,roll,-0.002,0
535,2.2278,-36.426,9.516,2.568,3.812,8.860,0.657,Fairway,roll,-0.002,0
536,2.2320,-36.479,9.532,2.547,3.768,8.858,0.674,Fairway,roll,-0.002,0
537,2.2362,-36.532,9.548,2.527,3.723,8.856,0.691,Fairway,roll,-0.002,0
538,2.2403,-36.585,9.563,2.506,3.679,8.855,0.708,Fairway,roll,-0.002,0
539,2.2445,-36.637,9.578,2.485,3.634,8.853,0.725,Fairway,roll,-0.001,0
540,2.2487,-36.690,9.593,2.465,3.590,8.852,0.741,Fairway,roll,-0.001,0
541,2.2528,-36.743,9.608,2.444,3.546,8.851,0.758,Fairway,roll,-0.001,0
542,2.2570,-36.796,9.623,2.423,3.502,8.849,0.774,Fairway,roll,-0.001,0
543,2.2612,-36.848,9.637,2.403,3.458,8.847,0.790,Fairway,roll,-0.002,0
544,2.2653,-36.901,9.652,2.382,3.413,8.846,0.806,Fairway,roll,-0.002,0
545,2.2695,-36.953,9.666,2.362,3.369,8.844,0.822,Fairway,roll,-0.002,0
546,2.2737,-37.006,9.680,2.341,3.325,8.842,0.837,Fairway,roll,-0.002,0
547,2.2778,-37.058,9.694,2.321,3.281,8.841,0.853,Fairway,roll,-0.002,0
548,2.2820,-37.110,9.707,2.300,3.238,8.839,0.868,Fairway,roll,-0.001,0
549,2.2861,-37.163,9.720,2.280,3.194,8.838,0.883,Fairway,roll,-0.002,0
550,2.2903,-37.215,9.734,2.259,3.150,8.836,0.898,Fairway,roll,-0.002,0
551,2.2945,-37.267,9.747,2.239,3.106,8.834,0.913,Fairway,roll,-0.002,0
552,2.2986,-37.319,9.760,2.218,3.063,8.833,0.927,Fairway,roll,-0.002,0
553,2.3028,-37.372,9.772,2.198,3.019,8.831,0.941,Fairway,roll,-0.002,0
554,2.3070,-37.424,9.785,2.178,2.975,8.830,0.955,Fairway,roll,-0.001,0
555,2.3111,-37.476,9.797,2.157,2.932,8.828,0.969,Fairway,roll,-0.002,0
556,2.3153,-37.528,9.809,2.137,2.888,8.826,0.983,Fairway,roll,-0.002,0
557,2.3195,-37.580,9.821,2.117,2.845,8.824,0.997,Fairway,roll,-0.002,0
558,2.3236,-37.631,9.833,2.096,2.801,8.823,1.010,Fairway,roll,-0.002,0
559,2.3278,-37.683,9.844,2.076,2.758,8.821,1.023,Fairway,roll,-0.001,0
560,2.3320,-37.735,9.856,2.056,2.715,8.820,1.036,Fairway,roll,-0.001,0
561,2.3361,-37.787,9.867,2.036,2.671,8.818,1.049,Fairway,roll,-0.001,0
562,2.3403,-37.838,9.878,2.015,2.628,8.817,1.061,Fairway,roll,-0.002,0
563,2.3445,-37.890,9.889,1.995,2.585,8.815,1.074,Fairway,roll,-0.002,0
564,2.3486,-37.942,9.899,1.975,2.542,8.814,1.086,Fairway,roll,-0.002,0
565,2.3528,-37.993,9.910,1.955,2.499,8.812,1.098,Fairway,roll,-0.002,0
566,2.3570,-38.045,9.920,1.935,2.456,8.810,1.110,Fairway,roll,-0.002,0
567,2.3611,-38.096,9.930,1.915,2.413,8.809,1.122,Fairway,roll,-0.002,0
568,2.3653,-38.148,9.940,1.894,2.370,8.807,1.133,Fairway,roll,-0.001,0
569,2.3695,-38.199,9.950,1.874,2.327,8.806,1.145,Fairway,roll,-0.002,0
570,2.3736,-38.250,9.960,1.854,2.284,8.804,1.156,Fairway,roll,-0.002,0
571,2.3778,-38.302,9.969,1.834,2.241,8.802,1.167,Fairway,roll,-0.002,0
572,2.3820,-38.353,9.978,1.814,2.199,8.801,1.178,Fairway,roll,-0.002,0
573,2.3861,-38.404,9.987,1.794,2.156,8.799,1.188,Fairway,roll,-0.002,0
574,2.3903,-38.455,9.996,1.774,2.113,8.798,1.199,Fairway,roll,-0.001,0
575,2.3945,-38.506,10.005,1.754,2.070,8.796,1.209,Fairway,roll,-0.001,0
576,2.3986,-38.557,10.014,1.734,2.028,8.795,1.219,Fairway,roll,-0.001,0
577,2.4028,-38.608,10.022,1.714,1.985,8.793,1.229,Fairway,roll,-0.002,0
578,2.4070,-38.659,10.030,1.694,1.943,8.792,1.238,Fairway,roll,-0.002,0
579,2.4111,-38.710,10.038,1.674,1.900,8.790,1.248,Fairway,roll,-0.002,0
580,2.4153,-38.761,10.046,1.654,1.858,8.788,1.258,Fairway,roll,-0.002,0
581,2.4194,-38.812,10.054,1.635,1.815,8.787,1.267,Fairway,roll,-0.002,0
582,2.4236,-38.863,10.061,1.615,1.773,8.785,1.276,Fairway,roll,-0.001,0
583,2.4278,-38.914,10.068,1.595,1.731,8.784,1.284,Fairway,roll,-0.001,0
584,2.4319,-38.964,10.075,1.575,1.688,8.783,1.293,Fairway,roll,-0.001,0
585,2.4361,-39.015,10.082,1.555,1.646,8.781,1.301,Fairway,roll,-0.001,0
586,2.4403,-39.066,10.089,1.535,1.604,8.780,1.309,Fairway,roll,-0.001,0
587,2.4444,-39.116,10.096,1.516,1.562,8.778,1.317,Fairway,roll,-0.002,0
588,2.4486,-39.167,10.102,1.496,1.520,8.777,1.325,Fairway,roll,-0.002,0
589,2.4528,-39.217,10.108,1.476,1.478,8.775,1.333,Fairway,roll,-0.002,0
590,2.4569,-39.268,10.114,1.456,1.436,8.773,1.341,Fairway,roll,-0.002,0
591,2.4611,-39.318,10.120,1.437,1.394,8.772,1.348,Fairway,roll,-0.001,0
592,2.4653,-39.369,10.126,1.417,1.352,8.771,1.356,Fairway,roll,-0.001,0
593,2.4694,-39.419,10.132,1.397,1.310,8.769,1.362,Fairway,roll,-0.001,0
594,2.4736,-39.469,10.137,1.377,1.268,8.768,1.369,Fairway,roll,-0.001,0
595,2.4778,-39.519,10.142,1.358,1.226,8.766,1.376,Fairway,roll,-0.001,0
596,2.4819,-39.570,10.147,1.338,1.184,8.765,1.383,Fairway,roll,-0.002,0
597,2.4861,-39.620,10.152,1.319,1.142,8.763,1.389,Fairway,roll,-0.002,0
598,2.4903,-39.670,10.157,1.299,1.100,8.761,1.395,Fairway,roll,-0.002,0
599,2.4944,-39.720,10.161,1.279,1.059,8.760,1.401,Fairway,roll,-0.002,0
600,2.4986,-39.770,10.165,1.260,1.017,8.758,1.407,Fairway,roll,-0.001,0
601,2.5028,-39.820,10.170,1.240,0.975,8.757,1.413,Fairway,roll,-0.002,0
602,2.5069,-39.870,10.174,1.221,0.934,8.755,1.418,Fairway,roll,-0.001,0
603,2.5111,-39.920,10.177,1.201,0.892,8.754,1.424,Fairway,roll,-0.002,0
604,2.5153,-39.970,10.181,1.182,0.851,8.752,1.429,Fairway,roll,-0.002,0
605,2.5194,-40.020,10.184,1.162,0.809,8.750,1.434,Fairway,roll,-0.001,0
606,2.5236,-40.070,10.188,1.143,0.768,8.749,1.439,Fairway,roll,-0.002,0
607,2.5278,-40.119,10.191,1.123,0.726,8.747,1.444,Fairway,roll,-0.002,0
608,2.5319,-40.169,10.194,1.104,0.685,8.746,1.448,Fairway,roll,-0.001,0
609,2.5361,-40.219,10.196,1.084,0.643,8.744,1.452,Fairway,roll,-0.002,0
610,2.5403,-40.268,10.199,1.065,0.602,8.743,1.456,Fairway,roll,-0.001,0
611,2.5444,-40.318,10.201,1.045,0.561,8.741,1.460,Fairway,roll,-0.001,0
612,2.5486,-40.368,10.204,1.026,0.520,8.740,1.463,Fairway,roll,-0.001,0
613,2.5528,-40.417,10.206,1.007,0.478,8.739,1.467,Fairway,roll,-0.001,0
614,2.5569,-40.467,10.208,0.987,0.437,8.738,1.470,Fairway,roll,-0.001,0
615,2.5611,-40.516,10.209,0.968,0.396,8.736,1.473,Fairway,roll,-0.001,0
616,2.5652,-40.566,10.211,0.949,0.355,8.735,1.476,Fairway,roll,-0.001,0
617,2.5694,-40.615,10.212,0.929,0.314,8.733,1.479,Fairway,roll,-0.002,0
618,2.5736,-40.664,10.214,0.910,0.273,8.732,1.482,Fairway,roll,-0.002,0
619,2.5777,-40.714,10.215,0.891,0.232,8.730,1.484,Fairway,roll,-0.001,0
620,2.5819,-40.763,10.216,0.871,0.191,8.729,1.487,Fairway,roll,-0.002,0
621,2.5861,-40.812,10.216,0.852,0.150,8.727,1.489,Fairway,roll,-0.002,0
622,2.5902,-40.861,10.217,0.833,0.109,8.725,1.491,Fairway,roll,-0.002,0
623,2.5944,-40.910,10.217,0.814,0.068,8.724,1.493,Fairway,roll,-0.002,0
624,2.5986,-40.959,10.217,0.794,0.027,8.722,1.495,Fairway,roll,-0.001,0
625,2.6027,-41.009,10.217,0.775,-0.014,8.721,1.496,Fairway,roll,-0.001,0
626,2.6069,-41.058,10.217,0.756,-0.055,8.720,1.498,Fairway,roll,-0.001,0
627,2.6111,-41.107,10.217,0.737,-0.096,8.718,1.499,Fairway,roll,-0.002,0
628,2.6152,-41.155,10.216,0.718,-0.136,8.716,1.500,Fairway,roll,-0.001,0
629,2.6194,-41.204,10.216,0.699,-0.177,8.715,1.501,Fairway,roll,-0.002,0
630,2.6236,-41.253,10.215,0.680,-0.218,8.713,1.502,Fairway,roll,-0.002,0
631,2.6277,-41.302,10.214,0.660,-0.259,8.712,1.502,Fairway,roll,-0.001,0
632,2.6319,-41.351,10.213,0.641,-0.299,8.710,1.502,Fairway,roll,-0.001,0
633,2.6361,-41.400,10.211,0.622,-0.340,8.709,1.502,Fairway,roll,-0.001,0
634,2.6402,-41.448,10.210,0.603,-0.380,8.708,1.502,Fairway,roll,-0.001,0
635,2.6444,-41.497,10.208,0.584,-0.421,8.706,1.502,Fairway,roll,-0.001,0
636,2.6486,-41.546,10.206,0.565,-0.461,8.705,1.502,Fairway,roll,-0.002,0
637,2.6527,-41.594,10.204,0.546,-0.502,8.703,1.501,Fairway,roll,-0.001,0
638,2.6569,-41.643,10.202,0.527,-0.542,8.701,1.501,Fairway,roll,-0.002,0
639,2.6611,-41.692,10.200,0.508,-0.583,8.700,1.500,Fairway,roll,-0.001,0
640,2.6652,-41.740,10.197,0.489,-0.623,8.699,1.499,Fairway,roll,-0.001,0
641,2.6694,-41.789,10.195,0.470,-0.663,8.697,1.497,Fairway,roll,-0.001,0
642,2.6736,-41.837,10.192,0.451,-0.704,8.696,1.496,Fairway,roll,-0.001,0
643,2.6777,-41.885,10.189,0.432,-0.744,8.695,1.494,Fairway,roll,-0.001,0
644,2.6819,-41.934,10.186,0.413,-0.784,8.693,1.492,Fairway,roll,-0.001,0
645,2.6861,-41.982,10.182,0.394,-0.825,8.692,1.491,Fairway,roll,-0.001,0
646,2.6902,-42.030,10.179,0.376,-0.865,8.690,1.489,Fairway,roll,-0.002,0
647,2.6944,-42.079,10.175,0.357,-0.905,8.689,1.487,Fairway,roll,-0.002,0
648,2.6985,-42.127,10.171,0.338,-0.945,8.687,1.484,Fairway,roll,-0.002,0
649,2.7027,-42.175,10.167,0.319,-0.985,8.686,1.482,Fairway,roll,-0.001,0
650,2.7069,-42.223,10.163,0.300,-1.025,8.684,1.479,Fairway,roll,-0.001,0
651,2.7110,-42.271,10.159,0.281,-1.065,8.683,1.476,Fairway,roll,-0.001,0
652,2.7152,-42.319,10.154,0.263,-1.105,8.682,1.473,Fairway,roll,-0.001,0
653,2.7194,-42.367,10.150,0.244,-1.145,8.680,1.469,Fairway,roll,-0.001,0
654,2.7235,-42.415,10.145,0.225,-1.185,8.679,1.466,Fairway,roll,-0.002,0
655,2.7277,-42.463,10.140,0.206,-1.225,8.677,1.462,Fairway,roll,-0.002,0
656,2.7319,-42.511,10.135,0.187,-1.265,8.676,1.459,Fairway,roll,-0.002,0
657,2.7360,-42.559,10.129,0.169,-1.305,8.674,1.455,Fairway,roll,-0.002,0
658,2.7402,-42.607,10.124,0.150,-1.345,8.673,1.451,Fairway,roll,-0.002,0
659,2.7444,-42.655,10.118,0.131,-1.385,8.671,1.447,Fairway,roll,-0.001,0
660,2.7485,-42.703,10.112,0.113,-1.425,8.670,1.442,Fairway,roll,-0.001,0
661,2.7527,-42.750,10.106,0.094,-1.464,8.668,1.438,Fairway,roll,-0.002,0
662,2.7569,-42.798,10.100,0.075,-1.504,8.667,1.433,Fairway,roll,-0.001,0
663,2.7610,-42.846,10.094,0.057,-1.544,8.665,1.428,Fairway,roll,-0.001,0
664,2.7652,-42.893,10.087,0.038,-1.584,8.664,1.423,Fairway,roll,-0.001,0
665,2.7694,-42.941,10.080,0.019,-1.623,8.662,1.418,Fairway,roll,-0.002,0
666,2.7735,-42.989,10.074,0.001,-1.663,8.661,1.413,Fairway,roll,-0.001,0
667,2.7777,-43.036,10.067,-0.018,-1.702,8.660,1.407,Fairway,roll,-0.001,0
668,2.7819,-43.084,10.059,-0.037,-1.742,8.658,1.401,Fairway,roll,-0.002,0
669,2.7860,-43.131,10.052,-0.055,-1.782,8.657,1.395,Fairway,roll,-0.001,0
670,2.7902,-43.179,10.045,-0.074,-1.821,8.655,1.389,Fairway,roll,-0.001,0
671,2.7944,-43.226,10.037,-0.092,-1.861,8.654,1.383,Fairway,roll,-0.001,0
672,2.7985,-43.273,10.029,-0.111,-1.900,8.653,1.376,Fairway,roll,-0.001,0
673,2.8027,-43.321,10.021,-0.129,-1.939,8.652,1.369,Fairway,roll,-0.001,0
674,2.8069,-43.368,10.013,-0.148,-1.979,8.650,1.363,Fairway,roll,-0.002,0
675,2.8110,-43.415,10.005,-0.166,-2.018,8.649,1.356,Fairway,roll,-0.001,0
676,2.8152,-43.462,9.996,-0.185,-2.058,8.647,1.349,Fairway,roll,-0.002,0
677,2.8194,-43.510,9.988,-0.203,-2.097,8.646,1.342,Fairway,roll,-0.001,0
678,2.8235,-43.557,9.979,-0.222,-2.136,8.644,1.334,Fairway,roll,-0.002,0
679,2.8277,-43.604,9.970,-0.240,-2.175,8.643,1.327,Fairway,roll,-0.001,0
680,2.8318,-43.651,9.961,-0.258,-2.215,8.642,1.319,Fairway,roll,-0.001,0
681,2.8360,-43.698,9.951,-0.277,-2.254,8.640,1.311,Fairway,roll,-0.002,0
682,2.8402,-43.745,9.942,-0.295,-2.293,8.638,1.303,Fairway,roll,-0.002,0
683,2.8443,-43.792,9.932,-0.314,-2.332,8.637,1.295,Fairway,roll,-0.001,0
684,2.8485,-43.839,9.922,-0.332,-2.371,8.635,1.287,Fairway,roll,-0.002,0
685,2.8527,-43.886,9.912,-0.350,-2.410,8.634,1.278,Fairway,roll,-0.001,0
686,2.8568,-43.933,9.902,-0.369,-2.449,8.633,1.270,Fairway,roll,-0.001,0
687,2.8610,-43.980,9.892,-0.387,-2.488,8.631,1.261,Fairway,roll,-0.002,0
688,2.8652,-44.026,9.882,-0.405,-2.527,8.630,1.252,Fairway,roll,-0.001,0
689,2.8693,-44.073,9.871,-0.424,-2.566,8.628,1.243,Fairway,roll,-0.001,0
690,2.8735,-44.120,9.860,-0.442,-2.605,8.627,1.234,Fairway,roll,-0.002,0
691,2.8777,-44.167,9.849,-0.460,-2.644,8.625,1.224,Fairway,roll,-0.001,0
692,2.8818,-44.213,9.838,-0.478,-2.683,8.624,1.214,Fairway,roll,-0.001,0
693,2.8860,-44.260,9.827,-0.497,-2.722,8.623,1.204,Fairway,roll,-0.001,0
694,2.8902,-44.307,9.816,-0.515,-2.761,8.621,1.194,Fairway,roll,-0.001,0
695,2.8943,-44.353,9.804,-0.533,-2.800,8.620,1.184,Fairway,roll,-0.001,0
696,2.8985,-44.400,9.792,-0.551,-2.838,8.619,1.174,Fairway,roll,-0.001,0
697,2.9027,-44.446,9.780,-0.570,-2.877,8.617,1.163,Fairway,roll,-0.001,0
698,2.9068,-44.493,9.768,-0.588,-2.916,8.616,1.153,Fairway,roll,-0.001,0
699,2.9110,-44.539,9.756,-0.606,-2.955,8.614,1.142,Fairway,roll,-0.001,0
700,2.9152,-44.585,9.744,-0.624,-2.993,8.613,1.131,Fairway,roll,-0.001,0
701,2.9193,-44.632,9.731,-0.642,-3.032,8.611,1.120,Fairway,roll,-0.001,0
702,2.9235,-44.678,9.718,-0.660,-3.070,8.610,1.109,Fairway,roll,-0.001,0
703,2.9277,-44.724,9.706,-0.678,-3.109,8.608,1.097,Fairway,roll,-0.001,0
704,2.9318,-44.771,9.693,-0.697,-3.148,8.607,1.086,Fairway,roll,-0.001,0
705,2.9360,-44.817,9.679,-0.715,-3.186,8.605,1.074,Fairway,roll,-0.001,0
706,2.9402,-44.863,9.666,-0.733,-3.225,8.604,1.062,Fairway,roll,-0.001,0
707,2.9443,-44.909,9.653,-0.751,-3.263,8.603,1.050,Fairway,roll,-0.001,0
708,2.9485,-44.955,9.639,-0.769,-3.301,8.601,1.038,Fairway,roll,-0.001,0
709,2.9527,-45.001,9.625,-0.787,-3.340,8.600,1.025,Fairway,roll,-0.001,0
710,2.9568,-45.048,9.611,-0.805,-3.378,8.599,1.012,Fairway,roll,-0.001,0
711,2.9610,-45.094,9.597,-0.823,-3.417,8.598,0.999,Fairway,roll,-0.001,0
712,2.9651,-45.140,9.583,-0.841,-3.455,8.596,0.987,Fairway,roll,-0.002,0
713,2.9693,-45.185,9.568,-0.859,-3.493,8.594,0.974,Fairway,roll,-0.002,0
714,2.9735,-45.231,9.553,-0.877,-3.531,8.593,0.960,Fairway,roll,-0.001,0
715,2.9776,-45.277,9.539,-0.895,-3.570,8.591,0.947,Fairway,roll,-0.002,0
716,2.9818,-45.323,9.524,-0.913,-3.608,8.590,0.934,Fairway,roll,-0.001,0
717,2.9860,-45.369,9.509,-0.931,-3.646,8.589,0.920,Fairway,roll,-0.001,0
718,2.9901,-45.415,9.493,-0.949,-3.684,8.587,0.906,Fairway,roll,-0.001,0
719,2.9943,-45.461,9.478,-0.966,-3.722,8.586,0.892,Fairway,roll,-0.001,0
720,2.9985,-45.506,9.462,-0.984,-3.760,8.584,0.878,Fairway,roll,-0.001,0
721,3.0026,-45.552,9.447,-1.002,-3.798,8.583,0.864,Fairway,roll,-0.002,0
722,3.0068,-45.598,9.431,-1.020,-3.836,8.581,0.849,Fairway,roll,-0.002,0
723,3.0110,-45.643,9.415,-1.038,-3.874,8.580,0.835,Fairway,roll,-0.001,0
724,3.0151,-45.689,9.398,-1.056,-3.912,8.579,0.820,Fairway,roll,-0.001,0
725,3.0193,-45.734,9.382,-1.074,-3.950,8.577,0.805,Fairway,roll,-0.001,0
726,3.0235,-45.780,9.366,-1.091,-3.988,8.576,0.790,Fairway,roll,-0.001,0
727,3.0276,-45.825,9.349,-1.109,-4.026,8.574,0.775,Fairway,roll,-0.002,0
728,3.0318,-45.871,9.332,-1.127,-4.064,8.573,0.759,Fairway,roll,-0.001,0
729,3.0360,-45.916,9.315,-1.145,-4.102,8.572,0.743,Fairway,roll,-0.001,0
730,3.0401,-45.962,9.298,-1.162,-4.139,8.571,0.727,Fairway,roll,-0.001,0
731,3.0443,-46.007,9.281,-1.180,-4.177,8.569,0.711,Fairway,roll,-0.001,0
732,3.0485,-46.052,9.263,-1.198,-4.215,8.568,0.695,Fairway,roll,-0.001,0
733,3.0526,-46.098,9.245,-1.216,-4.253,8.567,0.678,Fairway,roll,-0.001,0
734,3.0568,-46.143,9.228,-1.233,-4.290,8.566,0.662,Fairway,roll,-0.001,0
735,3.0610,-46.188,9.210,-1.251,-4.328,8.564,0.646,Fairway,roll,-0.002,0
736,3.0651,-46.233,9.192,-1.269,-4.366,8.562,0.629,Fairway,roll,-0.002,0
737,3.0693,-46.278,9.173,-1.286,-4.403,8.561,0.612,Fairway,roll,-0.001,0
738,3.0735,-46.323,9.155,-1.304,-4.441,8.559,0.596,Fairway,roll,-0.002,0
739,3.0776,-46.368,9.136,-1.322,-4.478,8.558,0.578,Fairway,roll,-0.001,0
740,3.0818,-46.414,9.118,-1.339,-4.516,8.557,0.561,Fairway,roll,-0.001,0
741,3.0860,-46.459,9.099,-1.357,-4.553,8.555,0.544,Fairway,roll,-0.001,0
742,3.0901,-46.503,9.080,-1.374,-4.590,8.554,0.526,Fairway,roll,-0.001,0
743,3.0943,-46.548,9.061,-1.392,-4.628,8.552,0.508,Fairway,roll,-0.002,0
744,3.0985,-46.593,9.041,-1.410,-4.665,8.551,0.490,Fairway,roll,-0.001,0
745,3.1026,-46.638,9.022,-1.427,-4.702,8.549,0.472,Fairway,roll,-0.002,0
746,3.1068,-46.683,9.002,-1.445,-4.740,8.548,0.454,Fairway,roll,-0.001,0
747,3.1109,-46.728,8.982,-1.462,-4.777,8.547,0.435,Fairway,roll,-0.001,0
748,3.1151,-46.773,8.962,-1.480,-4.814,8.546,0.417,Fairway,roll,-0.001,0
749,3.1193,-46.817,8.942,-1.497,-4.851,8.544,0.398,Fairway,roll,-0.001,0
750,3.1234,-46.862,8.922,-1.515,-4.889,8.543,0.379,Fairway,roll,-0.001,0
751,3.1276,-46.907,8.901,-1.532,-4.926,8.542,0.359,Fairway,roll,-0.001,0
752,3.1318,-46.951,8.881,-1.550,-4.963,8.541,0.340,Fairway,roll,-0.001,0
753,3.1359,-46.996,8.860,-1.567,-5.000,8.539,0.321,Fairway,roll,-0.002,0
754,3.1401,-47.041,8.839,-1.585,-5.037,8.538,0.302,Fairway,roll,-0.001,0
755,3.1443,-47.085,8.818,-1.602,-5.074,8.536,0.282,Fairway,roll,-0.001,0
756,3.1484,-47.130,8.797,-1.619,-5.111,8.535,0.262,Fairway,roll,-0.001,0
757,3.1526,-47.174,8.775,-1.637,-5.148,8.534,0.242,Fairway,roll,-0.001,0
758,3.1568,-47.218,8.754,-1.654,-5.185,8.532,0.222,Fairway,roll,-0.001,0
759,3.1609,-47.263,8.732,-1.672,-5.221,8.531,0.201,Fairway,roll,-0.001,0
760,3.1651,-47.307,8.710,-1.689,-5.258,8.529,0.181,Fairway,roll,-0.002,0
761,3.1693,-47.352,8.689,-1.706,-5.295,8.528,0.161,Fairway,roll,-0.002,0
762,3.1734,-47.396,8.666,-1.724,-5.332,8.526,0.140,Fairway,roll,-0.001,0
763,3.1776,-47.440,8.644,-1.741,-5.369,8.525,0.119,Fairway,roll,-0.001,0
764,3.1818,-47.484,8.622,-1.758,-5.405,8.524,0.098,Fairway,roll,-0.001,0
765,3.1859,-47.529,8.599,-1.776,-5.442,8.523,0.077,Fairway,roll,-0.001,0
766,3.1901,-47.573,8.576,-1.793,-5.479,8.521,0.055,Fairway,roll,-0.001,0
767,3.1943,-47.617,8.553,-1.810,-5.515,8.520,0.034,Fairway,roll,-0.002,0
768,3.1984,-47.661,8.530,-1.827,-5.552,8.518,0.012,Fairway,roll,-0.001,0
769,3.2009,-47.687,8.517,-1.838,-5.573,8.517,0.000,Fairway,roll,-0.001,0
770,3.2050,-47.707,8.528,-1.845,2.745,8.517,0.012,Fairway,roll,-0.001,0
771,3.2092,-47.727,8.540,-1.853,2.703,8.516,0.024,Fairway,roll,-0.001,0
772,3.2134,-47.746,8.551,-1.861,2.661,8.515,0.035,Fairway,roll,-0.001,0
773,3.2175,-47.766,8.562,-1.869,2.620,8.515,0.047,Fairway,roll,-0.001,0
774,3.2217,-47.786,8.573,-1.876,2.578,8.514,0.058,Fairway,roll,-0.001,0
775,3.2259,-47.806,8.583,-1.884,2.536,8.514,0.070,Fairway,roll,-0.001,0
776,3.2300,-47.826,8.594,-1.892,2.495,8.513,0.081,Fairway,roll,-0.001,0
777,3.2342,-47.845,8.604,-1.899,2.453,8.513,0.091,Fairway,roll,-0.001,0
778,3.2384,-47.865,8.614,-1.907,2.411,8.512,0.102,Fairway,roll,-0.001,0
779,3.2425,-47.885,8.624,-1.915,2.370,8.511,0.113,Fairway,roll,-0.001,0
780,3.2467,-47.905,8.634,-1.923,2.328,8.511,0.123,Fairway,roll,-0.001,0
781,3.2509,-47.924,8.643,-1.930,2.287,8.510,0.133,Fairway,roll,-0.001,0
782,3.2550,-47.944,8.653,-1.938,2.245,8.510,0.143,Fairway,roll,-0.001,0
783,3.2592,-47.964,8.662,-1.946,2.204,8.509,0.153,Fairway,roll,-0.001,0
784,3.2634,-47.984,8.671,-1.954,2.162,8.508,0.163,Fairway,roll,-0.001,0
785,3.2675,-48.003,8.680,-1.961,2.121,8.508,0.172,Fairway,roll,-0.001,0
786,3.2717,-48.023,8.689,-1.969,2.079,8.507,0.182,Fairway,roll,-0.001,0
787,3.2759,-48.043,8.697,-1.977,2.038,8.507,0.191,Fairway,roll,0.000,0
788,3.2800,-48.063,8.706,-1.984,1.996,8.506,0.200,Fairway,roll,-0.001,0
789,3.2842,-48.082,8.714,-1.992,1.955,8.505,0.209,Fairway,roll,-0.001,0
790,3.2884,-48.102,8.722,-2.000,1.913,8.505,0.217,Fairway,roll,-0.001,0
791,3.2925,-48.122,8.730,-2.008,1.872,8.504,0.226,Fairway,roll,-0.001,0
792,3.2967,-48.141,8.738,-2.015,1.831,8.503,0.234,Fairway,roll,-0.001,0
793,3.3009,-48.161,8.745,-2.023,1.789,8.503,0.243,Fairway,roll,-0.001,0
794,3.3050,-48.181,8.753,-2.031,1.748,8.502,0.251,Fairway,roll,-0.001,0
795,3.3092,-48.200,8.760,-2.038,1.707,8.501,0.259,Fairway,roll,-0.001,0
796,3.3134,-48.220,8.767,-2.046,1.665,8.500,0.266,Fairway,roll,-0.001,0
797,3.3175,-48.240,8.774,-2.054,1.624,8.500,0.274,Fairway,roll,-0.001,0
798,3.3217,-48.259,8.780,-2.061,1.583,8.499,0.281,Fairway,roll,-0.001,0
799,3.3259,-48.279,8.787,-2.069,1.541,8.498,0.288,Fairway,roll,-0.001,0
800,3.3300,-48.299,8.793,-2.077,1.500,8.498,0.295,Fairway,roll,-0.001,0
801,3.3342,-48.318,8.799,-2.084,1.459,8.497,0.302,Fairway,roll,0.000,0
802,3.3383,-48.338,8.805,-2.092,1.418,8.497,0.309,Fairway,roll,-0.001,0
803,3.3425,-48.357,8.811,-2.100,1.376,8.496,0.315,Fairway,roll,-0.001,0
804,3.3467,-48.377,8.817,-2.107,1.335,8.495,0.321,Fairway,roll,-0.001,0
805,3.3508,-48.397,8.822,-2.115,1.294,8.495,0.327,Fairway,roll,-0.001,0
806,3.3550,-48.416,8.827,-2.123,1.253,8.494,0.333,Fairway,roll,-0.001,0
807,3.3592,-48.436,8.833,-2.131,1.212,8.494,0.339,Fairway,roll,-0.001,0
808,3.3633,-48.455,8.838,-2.138,1.171,8.493,0.345,Fairway,roll,-0.001,0
809,3.3675,-48.475,8.842,-2.146,1.129,8.492,0.350,Fairway,roll,-0.001,0
810,3.3717,-48.495,8.847,-2.153,1.088,8.492,0.355,Fairway,roll,-0.001,0
811,3.3758,-48.514,8.851,-2.161,1.047,8.491,0.360,Fairway,roll,-0.001,0
812,3.3800,-48.534,8.856,-2.169,1.006,8.490,0.365,Fairway,roll,-0.001,0
813,3.3842,-48.553,8.860,-2.176,0.965,8.490,0.370,Fairway,roll,-0.001,0
814,3.3883,-48.573,8.864,-2.184,0.924,8.489,0.375,Fairway,roll,-0.001,0
815,3.3925,-48.593,8.867,-2.192,0.883,8.489,0.379,Fairway,roll,0.000,0
816,3.3967,-48.612,8.871,-2.199,0.842,8.488,0.383,Fairway,roll,-0.001,0
817,3.4008,-48.632,8.874,-2.207,0.801,8.487,0.387,Fairway,roll,-0.001,0
818,3.4050,-48.651,8.878,-2.215,0.760,8.487,0.391,Fairway,roll,-0.001,0
819,3.4092,-48.671,8.881,-2.222,0.719,8.486,0.395,Fairway,roll,-0.001,0
820,3.4133,-48.690,8.884,-2.230,0.678,8.486,0.398,Fairway,roll,-0.001,0
821,3.4175,-48.710,8.886,-2.238,0.636,8.485,0.401,Fairway,roll,-0.001,0
822,3.4217,-48.729,8.889,-2.245,0.595,8.485,0.404,Fairway,roll,0.000,0
823,3.4258,-48.749,8.891,-2.253,0.555,8.484,0.407,Fairway,roll,0.000,0
824,3.4300,-48.768,8.894,-2.261,0.514,8.484,0.410,Fairway,roll,-0.001,0
825,3.4342,-48.788,8.896,-2.268,0.473,8.483,0.413,Fairway,roll,-0.001,0
826,3.4383,-48.807,8.897,-2.276,0.432,8.482,0.415,Fairway,roll,0.000,0
827,3.4425,-48.827,8.899,-2.283,0.391,8.482,0.417,Fairway,roll,0.000,0
828,3.4467,-48.846,8.901,-2.291,0.350,8.482,0.419,Fairway,roll,-0.001,0
829,3.4508,-48.866,8.902,-2.299,0.309,8.481,0.421,Fairway,roll,-0.001,0
830,3.4550,-48.885,8.903,-2.306,0.268,8.480,0.423,Fairway,roll,-0.001,0
831,3.4592,-48.905,8.904,-2.314,0.227,8.480,0.425,Fairway,roll,-0.001,0
832,3.4633,-48.924,8.905,-2.322,0.186,8.479,0.426,Fairway,roll,-0.001,0
833,3.4675,-48.944,8.906,-2.329,0.145,8.479,0.427,Fairway,roll,-0.001,0
834,3.4716,-48.963,8.906,-2.337,0.104,8.478,0.429,Fairway,roll,-0.001,0
835,3.4758,-48.983,8.907,-2.344,0.063,8.477,0.430,Fairway,roll,-0.001,0
836,3.4800,-49.002,8.907,-2.352,0.023,8.476,0.431,Fairway,roll,-0.001,0
837,3.4841,-49.022,8.907,-2.360,-0.018,8.476,0.431,Fairway,roll,-0.001,0
838,3.4883,-49.041,8.907,-2.367,-0.059,8.475,0.432,Fairway,roll,-0.001,0
839,3.4925,-49.061,8.906,-2.375,-0.100,8.474,0.432,Fairway,roll,-0.001,0
840,3.4966,-49.080,8.906,-2.383,-0.141,8.474,0.432,Fairway,roll,-0.001,0
841,3.5008,-49.099,8.905,-2.390,-0.182,8.473,0.432,Fairway,roll,-0.001,0
842,3.5050,-49.119,8.904,-2.398,-0.222,8.472,0.432,Fairway,roll,-0.001,0
843,3.5091,-49.138,8.903,-2.405,-0.263,8.471,0.432,Fairway,roll,-0.001,0
844,3.5133,-49.158,8.902,-2.413,-0.304,8.471,0.432,Fairway,roll,-0.001,0
845,3.5175,-49.177,8.901,-2.421,-0.345,8.470,0.431,Fairway,roll,-0.001,0
846,3.5216,-49.197,8.899,-2.428,-0.385,8.469,0.430,Fairway,roll,-0.001,0
847,3.5258,-49.216,8.898,-2.436,-0.426,8.469,0.429,Fairway,roll,-0.001,0
848,3.5300,-49.235,8.896,-2.443,-0.467,8.468,0.428,Fairway,roll,-0.001,0
849,3.5341,-49.255,8.894,-2.451,-0.508,8.467,0.426,Fairway,roll,-0.001,0
850,3.5383,-49.274,8.892,-2.458,-0.548,8.467,0.425,Fairway,roll,-0.001,0
851,3.5425,-49.294,8.889,-2.466,-0.589,8.466,0.423,Fairway,roll,-0.001,0
852,3.5466,-49.313,8.887,-2.474,-0.630,8.466,0.421,Fairway,roll,-0.001,0
853,3.5508,-49.332,8.884,-2.481,-0.670,8.465,0.419,Fairway,roll,-0.001,0
854,3.5550,-49.352,8.881,-2.489,-0.711,8.464,0.417,Fairway,roll,-0.001,0
855,3.5591,-49.371,8.878,-2.496,-0.752,8.464,0.414,Fairway,roll,-0.001,0
856,3.5633,-49.390,8.875,-2.504,-0.792,8.463,0.412,Fairway,roll,-0.001,0
857,3.5675,-49.410,8.871,-2.512,-0.833,8.462,0.409,Fairway,roll,-0.001,0
858,3.5716,-49.429,8.868,-2.519,-0.874,8.462,0.406,Fairway,roll,-0.001,0
859,3.5758,-49.449,8.864,-2.527,-0.914,8.461,0.403,Fairway,roll,-0.001,0
860,3.5800,-49.468,8.860,-2.534,-0.955,8.461,0.400,Fairway,roll,-0.001,0
861,3.5841,-49.487,8.856,-2.542,-0.996,8.460,0.396,Fairway,roll,-0.001,0
862,3.5883,-49.507,8.852,-2.549,-1.036,8.459,0.393,Fairway,roll,-0.001,0
863,3.5925,-49.526,8.848,-2.557,-1.077,8.459,0.389,Fairway,roll,-0.001,0
864,3.5966,-49.545,8.843,-2.565,-1.117,8.458,0.385,Fairway,roll,-0.001,0
865,3.6008,-49.565,8.838,-2.572,-1.158,8.458,0.381,Fairway,roll,-0.001,0
866,3.6050,-49.584,8.833,-2.580,-1.198,8.457,0.376,Fairway,roll,-0.001,0
867,3.6091,-49.603,8.828,-2.587,-1.239,8.457,0.372,Fairway,roll,-0.001,0
868,3.6133,-49.622,8.823,-2.595,-1.279,8.456,0.367,Fairway,roll,-0.001,0
869,3.6174,-49.642,8.818,-2.602,-1.320,8.456,0.362,Fairway,roll,-0.001,0
870,3.6216,-49.661,8.812,-2.610,-1.360,8.455,0.357,Fairway,roll,-0.001,0
871,3.6258,-49.680,8.806,-2.617,-1.401,8.454,0.352,Fairway,roll,-0.001,0
872,3.6299,-49.700,8.800,-2.625,-1.441,8.454,0.347,Fairway,roll,-0.001,0
873,3.6341,-49.719,8.794,-2.632,-1.482,8.453,0.341,Fairway,roll,-0.001,0
874,3.6383,-49.738,8.788,-2.640,-1.522,8.452,0.336,Fairway,roll,-0.001,0
875,3.6424,-49.757,8.782,-2.648,-1.563,8.452,0.330,Fairway,roll,-0.001,0
876,3.6466,-49.777,8.775,-2.655,-1.603,8.451,0.324,Fairway,roll,-0.001,0
877,3.6508,-49.796,8.768,-2.663,-1.644,8.450,0.318,Fairway,roll,-0.001,0
878,3.6549,-49.815,8.761,-2.670,-1.684,8.450,0.311,Fairway,roll,0.000,0
879,3.6591,-49.835,8.754,-2.678,-1.724,8.449,0.305,Fairway,roll,-0.001,0
880,3.6633,-49.854,8.747,-2.685,-1.765,8.449,0.298,Fairway,roll,-0.001,0
881,3.6674,-49.873,8.740,-2.693,-1.805,8.448,0.292,Fairway,roll,-0.001,0
882,3.6716,-49.892,8.732,-2.700,-1.845,8.447,0.285,Fairway,roll,-0.001,0
883,3.6758,-49.911,8.724,-2.708,-1.886,8.447,0.277,Fairway,roll,-0.001,0
884,3.6799,-49.931,8.716,-2.715,-1.926,8.446,0.270,Fairway,roll,-0.001,0
885,3.6841,-49.950,8.708,-2.723,-1.966,8.445,0.263,Fairway,roll,-0.001,0
886,3.6883,-49.969,8.700,-2.730,-2.007,8.445,0.255,Fairway,roll,-0.001,0
887,3.6924,-49.988,8.691,-2.738,-2.047,8.444,0.247,Fairway,roll,0.000,0
888,3.6966,-50.008,8.683,-2.745,-2.087,8.444,0.239,Fairway,roll,-0.001,0
889,3.7008,-50.027,8.674,-2.753,-2.127,8.443,0.231,Fairway,roll,-0.001,0
890,3.7049,-50.046,8.665,-2.760,-2.168,8.443,0.223,Fairway,roll,-0.001,0
891,3.7091,-50.065,8.656,-2.768,-2.208,8.442,0.214,Fairway,roll,-0.001,0
892,3.7133,-50.084,8.647,-2.775,-2.248,8.441,0.205,Fairway,roll,-0.001,0
893,3.7174,-50.103,8.637,-2.783,-2.288,8.441,0.197,Fairway,roll,-0.001,0
894,3.7216,-50.123,8.628,-2.790,-2.328,8.440,0.188,Fairway,roll,-0.001,0
895,3.7258,-50.142,8.618,-2.798,-2.369,8.439,0.178,Fairway,roll,-0.001,0
896,3.7299,-50.161,8.608,-2.805,-2.409,8.439,0.169,Fairway,roll,0.000,0
897,3.7341,-50.180,8.598,-2.813,-2.449,8.438,0.159,Fairway,roll,-0.001,0
898,3.7383,-50.199,8.588,-2.820,-2.489,8.438,0.150,Fairway,roll,-0.001,0
899,3.7424,-50.218,8.577,-2.828,-2.529,8.437,0.140,Fairway,roll,-0.001,0
900,3.7466,-50.238,8.567,-2.835,-2.569,8.437,0.130,Fairway,roll,-0.001,0
901,3.7507,-50.257,8.556,-2.843,-2.609,8.436,0.120,Fairway,roll,-0.001,0
902,3.7549,-50.276,8.545,-2.850,-2.649,8.435,0.109,Fairway,roll,-0.001,0
903,3.7591,-50.295,8.534,-2.858,-2.689,8.435,0.099,Fairway,roll,-0.001,0
904,3.7632,-50.314,8.522,-2.865,-2.729,8.434,0.088,Fairway,roll,0.000,0
905,3.7674,-50.333,8.511,-2.873,-2.769,8.434,0.077,Fairway,roll,-0.001,0
906,3.7716,-50.352,8.499,-2.880,-2.809,8.433,0.066,Fairway,roll,-0.001,0
907,3.7757,-50.371,8.488,-2.888,-2.849,8.432,0.055,Fairway,roll,-0.001,0
908,3.7799,-50.390,8.476,-2.895,-2.889,8.432,0.044,Fairway,roll,-0.001,0
909,3.7841,-50.409,8.464,-2.903,-2.929,8.431,0.032,Fairway,roll,-0.001,0
910,3.7882,-50.429,8.451,-2.910,-2.969,8.431,0.021,Fairway,roll,-0.001,0
911,3.7924,-50.448,8.439,-2.918,-3.009,8.430,0.009,Fairway,roll,-0.001,0
912,3.7954,-50.462,8.430,-2.923,-3.038,8.430,0.000,Fairway,roll,0.000,0
913,3.7996,-50.470,8.436,-2.926,1.478,8.429,0.007,Fairway,roll,0.000,0
914,3.8038,-50.479,8.442,-2.930,1.437,8.429,0.013,Fairway,roll,0.000,0
915,3.8079,-50.487,8.448,-2.933,1.396,8.429,0.019,Fairway,roll,0.000,0
916,3.8121,-50.496,8.454,-2.936,1.355,8.429,0.025,Fairway,roll,0.000,0
917,3.8163,-50.504,8.459,-2.940,1.314,8.428,0.031,Fairway,roll,0.000,0
918,3.8204,-50.513,8.464,-2.943,1.273,8.428,0.036,Fairway,roll,0.000,0
919,3.8246,-50.522,8.470,-2.947,1.232,8.428,0.042,Fairway,roll,0.000,0
920,3.8288,-50.530,8.475,-2.950,1.191,8.427,0.047,Fairway,roll,0.000,0
921,3.8329,-50.539,8.480,-2.953,1.150,8.427,0.052,Fairway,roll,0.000,0
922,3.8371,-50.547,8.484,-2.957,1.109,8.427,0.057,Fairway,roll,0.000,0
923,3.8412,-50.556,8.489,-2.960,1.068,8.427,0.062,Fairway,roll,0.000,0
924,3.8454,-50.564,8.493,-2.963,1.027,8.426,0.067,Fairway,roll,0.000,0
925,3.8496,-50.573,8.497,-2.967,0.986,8.426,0.071,Fairway,roll,0.000,0
926,3.8537,-50.581,8.501,-2.970,0.945,8.426,0.076,Fairway,roll,0.000,0
927,3.8579,-50.590,8.505,-2.973,0.904,8.425,0.080,Fairway,roll,0.000,0
928,3.8621,-50.599,8.509,-2.977,0.863,8.425,0.083,Fairway,roll,0.000,0
929,3.8662,-50.607,8.512,-2.980,0.822,8.425,0.087,Fairway,roll,0.000,0
930,3.8704,-50.616,8.516,-2.983,0.781,8.425,0.091,Fairway,roll,0.000,0
931,3.8746,-50.624,8.519,-2.987,0.740,8.425,0.094,Fairway,roll,0.000,0
932,3.8787,-50.633,8.522,-2.990,0.699,8.424,0.098,Fairway,roll,0.000,0
933,3.8829,-50.641,8.525,-2.993,0.658,8.424,0.101,Fairway,roll,0.000,0
934,3.8871,-50.650,8.527,-2.997,0.617,8.424,0.103,Fairway,roll,0.000,0
935,3.8912,-50.658,8.530,-3.000,0.576,8.424,0.106,Fairway,roll,0.000,0
936,3.8954,-50.667,8.532,-3.003,0.536,8.423,0.109,Fairway,roll,0.000,0
937,3.8996,-50.676,8.534,-3.007,0.495,8.423,0.111,Fairway,roll,0.000,0
938,3.9037,-50.684,8.536,-3.010,0.454,8.423,0.114,Fairway,roll,0.000,0
939,3.9079,-50.693,8.538,-3.013,0.413,8.422,0.116,Fairway,roll,0.000,0
940,3.9121,-50.701,8.540,-3.017,0.372,8.422,0.117,Fairway,roll,0.000,0
941,3.9162,-50.710,8.541,-3.020,0.331,8.422,0.119,Fairway,roll,0.000,0
942,3.9204,-50.718,8.542,-3.023,0.290,8.422,0.121,Fairway,roll,0.000,0
943,3.9246,-50.727,8.543,-3.027,0.249,8.421,0.122,Fairway,roll,0.000,0
944,3.9287,-50.735,8.544,-3.030,0.208,8.421,0.123,Fairway,roll,0.000,0
945,3.9329,-50.744,8.545,-3.034,0.168,8.421,0.124,Fairway,roll,0.000,0
946,3.9371,-50.752,8.546,-3.037,0.127,8.421,0.125,Fairway,roll,0.000,0
947,3.9412,-50.761,8.546,-3.040,0.086,8.420,0.126,Fairway,roll,0.000,0
948,3.9454,-50.770,8.547,-3.044,0.045,8.420,0.126,Fairway,roll,0.000,0
949,3.9496,-50.778,8.547,-3.047,0.004,8.420,0.127,Fairway,roll,0.000,0
950,3.9537,-50.787,8.547,-3.050,-0.037,8.419,0.127,Fairway,roll,0.000,0
951,3.9579,-50.795,8.546,-3.054,-0.077,8.419,0.127,Fairway,roll,0.000,0
952,3.9621,-50.804,8.546,-3.057,-0.118,8.419,0.127,Fairway,roll,0.000,0
953,3.9662,-50.812,8.545,-3.060,-0.159,8.419,0.127,Fairway,roll,0.000,0
954,3.9704,-50.821,8.545,-3.064,-0.200,8.418,0.126,Fairway,roll,0.000,0
955,3.9745,-50.829,8.544,-3.067,-0.241,8.418,0.126,Fairway,roll,0.000,0
956,3.9787,-50.838,8.543,-3.070,-0.282,8.418,0.125,Fairway,roll,0.000,0
957,3.9829,-50.846,8.541,-3.074,-0.322,8.418,0.124,Fairway,roll,0.000,0
958,3.9870,-50.855,8.540,-3.077,-0.363,8.417,0.123,Fairway,roll,0.000,0
959,3.9912,-50.864,8.538,-3.080,-0.404,8.417,0.121,Fairway,roll,0.000,0
960,3.9954,-50.872,8.537,-3.084,-0.445,8.417,0.120,Fairway,roll,0.000,0
961,3.9995,-50.881,8.535,-3.087,-0.486,8.417,0.118,Fairway,roll,0.000,0
962,4.0037,-50.889,8.533,-3.090,-0.526,8.416,0.116,Fairway,roll,0.000,0
963,4.0079,-50.898,8.530,-3.094,-0.567,8.416,0.114,Fairway,roll,0.000,0
964,4.0120,-50.906,8.528,-3.097,-0.608,8.416,0.112,Fairway,roll,0.000,0
965,4.0162,-50.915,8.525,-3.100,-0.649,8.416,0.110,Fairway,roll,0.000,0
966,4.0204,-50.923,8.522,-3.104,-0.690,8.415,0.107,Fairway,roll,0.000,0
967,4.0245,-50.932,8.519,-3.107,-0.730,8.415,0.104,Fairway,roll,0.000,0
968,4.0287,-50.940,8.516,-3.110,-0.771,8.415,0.102,Fairway,roll,0.000,0
969,4.0329,-50.949,8.513,-3.114,-0.812,8.414,0.099,Fairway,roll,0.000,0
970,4.0370,-50.957,8.510,-3.117,-0.853,8.414,0.096,Fairway,roll,0.000,0
971,4.0412,-50.966,8.506,-3.120,-0.893,8.414,0.092,Fairway,roll,0.000,0
972,4.0454,-50.974,8.502,-3.124,-0.934,8.413,0.089,Fairway,roll,0.000,0
973,4.0495,-50.983,8.498,-3.127,-0.975,8.413,0.085,Fairway,roll,0.000,0
974,4.0537,-50.991,8.494,-3.130,-1.016,8.413,0.081,Fairway,roll,0.000,0
975,4.0579,-51.000,8.490,-3.134,-1.056,8.412,0.077,Fairway,roll,0.000,0
976,4.0620,-51.008,8.485,-3.137,-1.097,8.412,0.073,Fairway,roll,0.000,0
977,4.0662,-51.017,8.481,-3.140,-1.138,8.412,0.069,Fairway,roll,0.000,0
978,4.0704,-51.026,8.476,-3.144,-1.178,8.412,0.064,Fairway,roll,0.000,0
979,4.0745,-51.034,8.471,-3.147,-1.219,8.411,0.060,Fairway,roll,0.000,0
980,4.0787,-51.043,8.466,-3.150,-1.260,8.411,0.055,Fairway,roll,0.000,0
981,4.0829,-51.051,8.460,-3.154,-1.301,8.410,0.050,Fairway,roll,0.000,0
982,4.0870,-51.060,8.455,-3.157,-1.341,8.410,0.045,Fairway,roll,0.000,0
983,4.0912,-51.068,8.449,-3.160,-1.382,8.410,0.039,Fairway,roll,0.000,0
984,4.0954,-51.077,8.443,-3.164,-1.423,8.410,0.034,Fairway,roll,0.000,0
985,4.0995,-51.085,8.437,-3.167,-1.463,8.409,0.028,Fairway,roll,0.000,0
986,4.1037,-51.094,8.431,-3.170,-1.504,8.409,0.022,Fairway,roll,0.000,0
987,4.1078,-51.102,8.425,-3.174,-1.544,8.409,0.016,Fairway,roll,0.000,0
988,4.1120,-51.111,8.418,-3.177,-1.585,8.408,0.010,Fairway,roll,0.000,0
989,4.1162,-51.119,8.412,-3.180,-1.626,8.408,0.004,Fairway,roll,0.000,0
990,4.1185,-51.124,8.408,-3.182,-1.649,8.408,0.000,Fairway,roll,0.000,0
991,4.1227,-51.128,8.411,-3.184,0.784,8.408,0.003,Fairway,roll,0.000,0
992,4.1269,-51.132,8.414,-3.185,0.743,8.408,0.007,Fairway,roll,0.000,0
993,4.1310,-51.135,8.417,-3.187,0.702,8.407,0.010,Fairway,roll,0.000,0
994,4.1352,-51.139,8.420,-3.188,0.661,8.407,0.013,Fairway,roll,0.000,0
995,4.1394,-51.143,8.423,-3.190,0.620,8.407,0.015,Fairway,roll,0.000,0
996,4.1435,-51.147,8.425,-3.191,0.579,8.407,0.018,Fairway,roll,0.000,0
997,4.1477,-51.151,8.428,-3.193,0.538,8.407,0.021,Fairway,roll,0.000,0
998,4.1519,-51.155,8.430,-3.194,0.497,8.407,0.023,Fairway,roll,0.000,0
999,4.1560,-51.158,8.432,-3.196,0.456,8.407,0.025,Fairway,roll,0.000,0
1000,4.1602,-51.162,8.433,-3.197,0.416,8.406,0.027,Fairway,roll,0.000,0
1001,4.1644,-51.166,8.435,-3.199,0.375,8.406,0.029,Fairway,roll,0.000,0
1002,4.1685,-51.170,8.437,-3.200,0.334,8.406,0.030,Fairway,roll,0.000,0
1003,4.1727,-51.174,8.438,-3.202,0.293,8.406,0.032,Fairway,roll,0.000,0
1004,4.1769,-51.178,8.439,-3.203,0.252,8.406,0.033,Fairway,roll,0.000,0
1005,4.1810,-51.181,8.440,-3.205,0.211,8.406,0.034,Fairway,roll,0.000,0
1006,4.1852,-51.185,8.441,-3.206,0.170,8.406,0.035,Fairway,roll,0.000,0
1007,4.1894,-51.189,8.441,-3.208,0.130,8.406,0.036,Fairway,roll,0.000,0
1008,4.1935,-51.193,8.442,-3.209,0.089,8.406,0.036,Fairway,roll,0.000,0
1009,4.1977,-51.197,8.442,-3.211,0.048,8.405,0.037,Fairway,roll,0.000,0
1010,4.2019,-51.200,8.442,-3.212,0.007,8.405,0.037,Fairway,roll,0.000,0
1011,4.2060,-51.204,8.442,-3.214,-0.034,8.405,0.037,Fairway,roll,0.000,0
1012,4.2102,-51.208,8.442,-3.215,-0.075,8.405,0.037,Fairway,roll,0.000,0
1013,4.2144,-51.212,8.442,-3.217,-0.116,8.405,0.036,Fairway,roll,0.000,0
1014,4.2185,-51.216,8.441,-3.218,-0.156,8.405,0.036,Fairway,roll,0.000,0
1015,4.2227,-51.219,8.440,-3.220,-0.197,8.405,0.035,Fairway,roll,0.000,0
1016,4.2269,-51.223,8.439,-3.221,-0.238,8.405,0.035,Fairway,roll,0.000,0
1017,4.2310,-51.227,8.438,-3.223,-0.279,8.405,0.034,Fairway,roll,0.000,0
1018,4.2352,-51.231,8.437,-3.224,-0.320,8.405,0.032,Fairway,roll,0.000,0
1019,4.2393,-51.235,8.436,-3.226,-0.361,8.404,0.031,Fairway,roll,0.000,0
1020,4.2435,-51.239,8.434,-3.227,-0.401,8.404,0.030,Fairway,roll,0.000,0
1021,4.2477,-51.242,8.432,-3.229,-0.442,8.404,0.028,Fairway,roll,0.000,0
1022,4.2518,-51.246,8.430,-3.230,-0.483,8.404,0.026,Fairway,roll,0.000,0
1023,4.2560,-51.250,8.428,-3.232,-0.524,8.404,0.024,Fairway,roll,0.000,0
1024,4.2602,-51.254,8.426,-3.233,-0.565,8.404,0.022,Fairway,roll,0.000,0
1025,4.2643,-51.258,8.424,-3.235,-0.605,8.404,0.020,Fairway,roll,0.000,0
1026,4.2685,-51.261,8.421,-3.236,-0.646,8.404,0.017,Fairway,roll,0.000,0
1027,4.2727,-51.265,8.418,-3.238,-0.687,8.404,0.015,Fairway,roll,0.000,0
1028,4.2768,-51.269,8.415,-3.239,-0.728,8.403,0.012,Fairway,roll,0.000,0
1029,4.2810,-51.273,8.412,-3.241,-0.769,8.403,0.009,Fairway,roll,0.000,0
1030,4.2852,-51.277,8.409,-3.242,-0.809,8.403,0.006,Fairway,roll,0.000,0
1031,4.2893,-51.281,8.405,-3.244,-0.850,8.403,0.002,Fairway,roll,0.000,0
1032,4.2921,-51.283,8.403,-3.245,-0.877,8.403,0.000,Fairway,roll,0.000,0
1033,4.2962,-51.285,8.424,-3.245,0.000,8.403,0.021,Fairway,roll,0.000,0
1034,4.3004,-51.287,8.424,-3.246,0.000,8.403,0.021,Fairway,roll,0.000,0
1035,4.3046,-51.288,8.424,-3.247,0.000,8.403,0.021,Fairway,roll,0.000,0
1036,4.3087,-51.290,8.424,-3.247,0.000,8.403,0.021,Fairway,roll,0.000,0
1037,4.3129,-51.292,8.424,-3.248,0.000,8.403,0.021,Fairway,roll,0.000,0
1038,4.3171,-51.293,8.424,-3.249,0.000,8.403,0.021,Fairway,roll,0.000,0
1039,4.3212,-51.295,8.424,-3.249,0.000,8.403,0.021,Fairway,roll,0.000,0
1040,4.3254,-51.297,8.424,-3.250,0.000,8.403,0.021,Fairway,roll,0.000,0
1041,4.3296,-51.299,8.424,-3.251,0.000,8.403,0.021,Fairway,roll,0.000,0
1042,4.3337,-51.300,8.424,-3.251,0.000,8.403,0.021,Fairway,roll,0.000,0
1043,4.3379,-51.302,8.424,-3.252,0.000,8.403,0.021,Fairway,roll,0.000,0
1044,4.3421,-51.304,8.424,-3.253,0.000,8.402,0.021,Fairway,roll,0.000,0
1045,4.3462,-51.305,8.424,-3.253,0.000,8.402,0.021,Fairway,roll,0.000,0
1046,4.3504,-51.307,8.424,-3.254,0.000,8.402,0.021,Fairway,roll,0.000,0
1047,4.3546,-51.309,8.424,-3.255,0.000,8.402,0.021,Fairway,roll,0.000,0
1048,4.3587,-51.311,8.424,-3.255,0.000,8.402,0.021,Fairway,roll,0.000,0
1049,4.3629,-51.312,8.423,-3.256,0.000,8.402,0.021,Fairway,roll,0.000,0
1050,4.3671,-51.314,8.423,-3.257,0.000,8.402,0.021,Fairway,roll,0.000,0
1051,4.3712,-51.316,8.423,-3.257,0.000,8.402,0.021,Fairway,roll,0.000,0
1052,4.3754,-51.317,8.423,-3.258,0.000,8.402,0.021,Fairway,roll,0.000,0
1053,4.3796,-51.319,8.423,-3.259,0.000,8.402,0.021,Fairway,roll,0.000,0
1054,4.3837,-51.321,8.423,-3.259,0.000,8.402,0.021,Fairway,roll,0.000,0
1055,4.3879,-51.322,8.423,-3.260,0.000,8.402,0.021,Fairway,roll,0.000,0
1056,4.3921,-51.324,8.423,-3.261,0.000,8.402,0.021,Fairway,roll,0.000,0
1057,4.3962,-51.326,8.423,-3.261,0.000,8.402,0.021,Fairway,roll,0.000,0
1058,4.4004,-51.328,8.423,-3.262,0.000,8.402,0.021,Fairway,roll,0.000,0
1059,4.4046,-51.329,8.423,-3.263,0.000,8.401,0.021,Fairway,roll,0.000,0
1060,4.4087,-51.331,8.423,-3.263,0.000,8.401,0.021,Fairway,roll,0.000,0
1061,4.4129,-51.333,8.423,-3.264,0.000,8.401,0.021,Fairway,roll,0.000,0
1062,4.4171,-51.334,8.423,-3.265,0.000,8.401,0.021,Fairway,roll,0.000,0
1063,4.4212,-51.336,8.423,-3.265,0.000,8.401,0.021,Fairway,roll,0.000,0
1064,4.4254,-51.338,8.423,-3.266,0.000,8.401,0.021,Fairway,roll,0.000,0
1065,4.4296,-51.339,8.423,-3.267,0.000,8.401,0.021,Fairway,roll,0.000,0
1066,4.4337,-51.341,8.423,-3.267,0.000,8.401,0.021,Fairway,roll,0.000,0
1067,4.4379,-51.343,8.423,-3.268,0.000,8.401,0.021,Fairway,roll,0.000,0
1068,4.4420,-51.344,8.422,-3.269,0.000,8.401,0.021,Fairway,roll,0.000,0
1069,4.4462,-51.346,8.422,-3.269,0.000,8.401,0.021,Fairway,roll,0.000,0
1070,4.4504,-51.348,8.422,-3.270,0.000,8.401,0.021,Fairway,roll,0.000,0
1071,4.4545,-51.349,8.422,-3.271,0.000,8.401,0.021,Fairway,roll,0.000,0
1072,4.4587,-51.351,8.422,-3.271,0.000,8.401,0.021,Fairway,roll,0.000,0
1073,4.4629,-51.353,8.422,-3.272,0.000,8.401,0.021,Fairway,roll,0.000,0
1074,4.4670,-51.354,8.422,-3.273,0.000,8.401,0.021,Fairway,roll,0.000,0
1075,4.4712,-51.356,8.422,-3.273,0.000,8.401,0.021,Fairway,roll,0.000,0
1076,4.4754,-51.358,8.422,-3.274,0.000,8.401,0.021,Fairway,roll,0.000,0
1077,4.4795,-51.360,8.422,-3.275,0.000,8.401,0.021,Fairway,roll,0.000,0
1078,4.4837,-51.361,8.422,-3.275,0.000,8.401,0.021,Fairway,roll,0.000,0
1079,4.4879,-51.363,8.422,-3.276,0.000,8.401,0.021,Fairway,roll,0.000,0
1080,4.4920,-51.365,8.422,-3.277,0.000,8.400,0.021,Fairway,roll,0.000,0
1081,4.4962,-51.366,8.422,-3.277,0.000,8.400,0.021,Fairway,roll,0.000,0
1082,4.5004,-51.368,8.422,-3.278,0.000,8.400,0.021,Fairway,roll,0.000,0
1083,4.5045,-51.369,8.422,-3.279,0.000,8.400,0.021,Fairway,roll,0.000,0
1084,4.5087,-51.371,8.422,-3.279,0.000,8.400,0.021,Fairway,roll,0.000,0
1085,4.5129,-51.373,8.421,-3.280,0.000,8.400,0.021,Fairway,roll,0.000,0
1086,4.5170,-51.374,8.421,-3.281,0.000,8.400,0.021,Fairway,roll,0.000,0
1087,4.5212,-51.376,8.421,-3.281,0.000,8.400,0.021,Fairway,roll,0.000,0
1088,4.5254,-51.378,8.421,-3.282,0.000,8.400,0.021,Fairway,roll,0.000,0
1089,4.5295,-51.379,8.421,-3.283,0.000,8.400,0.021,Fairway,roll,0.000,0
1090,4.5337,-51.381,8.421,-3.283,0.000,8.400,0.021,Fairway,roll,0.000,0
1091,4.5379,-51.383,8.421,-3.284,0.000,8.400,0.021,Fairway,roll,0.000,0
1092,4.5420,-51.384,8.421,-3.285,0.000,8.400,0.021,Fairway,roll,0.000,0
1093,4.5462,-51.386,8.421,-3.285,0.000,8.400,0.021,Fairway,roll,0.000,0
1094,4.5504,-51.388,8.421,-3.286,0.000,8.400,0.021,Fairway,roll,0.000,0
1095,4.5545,-51.389,8.421,-3.287,0.000,8.400,0.021,Fairway,roll,0.000,0
1096,4.5587,-51.391,8.421,-3.287,0.000,8.399,0.021,Fairway,roll,0.000,0
1097,4.5629,-51.393,8.421,-3.288,0.000,8.399,0.021,Fairway,roll,0.000,0
1098,4.5670,-51.394,8.421,-3.289,0.000,8.399,0.021,Fairway,roll,0.000,0
1099,4.5712,-51.396,8.421,-3.289,0.000,8.399,0.021,Fairway,roll,0.000,0
1100,4.5753,-51.398,8.421,-3.290,0.000,8.399,0.021,Fairway,roll,0.000,0
1101,4.5795,-51.399,8.420,-3.290,0.000,8.399,0.021,Fairway,roll,0.000,0
1102,4.5837,-51.401,8.420,-3.291,0.000,8.399,0.021,Fairway,roll,0.000,0
1103,4.5878,-51.403,8.420,-3.292,0.000,8.399,0.021,Fairway,roll,0.000,0
1104,4.5920,-51.404,8.420,-3.292,0.000,8.399,0.021,Fairway,roll,0.000,0
1105,4.5962,-51.406,8.420,-3.293,0.000,8.399,0.021,Fairway,roll,0.000,0
1106,4.6003,-51.407,8.420,-3.294,0.000,8.399,0.021,Fairway,roll,0.000,0
1107,4.6045,-51.409,8.420,-3.294,0.000,8.399,0.021,Fairway,roll,0.000,0
1108,4.6087,-51.411,8.420,-3.295,0.000,8.399,0.021,Fairway,roll,0.000,0
1109,4.6128,-51.412,8.420,-3.296,0.000,8.399,0.021,Fairway,roll,0.000,0
1110,4.6170,-51.414,8.420,-3.296,0.000,8.399,0.021,Fairway,roll,0.000,0
1111,4.6212,-51.416,8.420,-3.297,0.000,8.399,0.021,Fairway,roll,0.000,0
1112,4.6253,-51.417,8.420,-3.298,0.000,8.398,0.021,Fairway,roll,0.000,0
1113,4.6295,-51.419,8.420,-3.298,0.000,8.398,0.021,Fairway,roll,0.000,0
1114,4.6337,-51.421,8.420,-3.299,0.000,8.398,0.021,Fairway,roll,0.000,0
1115,4.6378,-51.422,8.420,-3.300,0.000,8.398,0.021,Fairway,roll,0.000,0
1116,4.6420,-51.424,8.420,-3.300,0.000,8.398,0.021,Fairway,roll,0.000,0
1117,4.6462,-51.425,8.420,-3.301,0.000,8.398,0.021,Fairway,roll,0.000,0
1118,4.6503,-51.427,8.420,-3.301,0.000,8.398,0.021,Fairway,roll,0.000,0
1119,4.6545,-51.429,8.420,-3.302,0.000,8.398,0.021,Fairway,roll,0.000,0
1120,4.6587,-51.430,8.420,-3.303,0.000,8.398,0.021,Fairway,roll,0.000,0
1121,4.6628,-51.432,8.420,-3.303,0.000,8.398,0.021,Fairway,roll,0.000,0
1122,4.6670,-51.433,8.420,-3.304,0.000,8.398,0.021,Fairway,roll,0.000,0
1123,4.6712,-51.435,8.419,-3.305,0.000,8.398,0.021,Fairway,roll,0.000,0
1124,4.6753,-51.437,8.419,-3.305,0.000,8.398,0.021,Fairway,roll,0.000,0
1125,4.6795,-51.438,8.419,-3.306,0.000,8.398,0.021,Fairway,roll,0.000,0
1126,4.6837,-51.440,8.419,-3.307,0.000,8.398,0.021,Fairway,roll,0.000,0
1127,4.6878,-51.442,8.419,-3.307,0.000,8.398,0.021,Fairway,roll,0.000,0
1128,4.6920,-51.443,8.419,-3.308,0.000,8.398,0.021,Fairway,roll,0.000,0
1129,4.6962,-51.445,8.419,-3.309,0.000,8.398,0.021,Fairway,roll,0.000,0
1130,4.7003,-51.446,8.419,-3.309,0.000,8.398,0.021,Fairway,roll,0.000,0
1131,4.7045,-51.448,8.419,-3.310,0.000,8.398,0.021,Fairway,roll,0.000,0
1132,4.7086,-51.450,8.419,-3.310,0.000,8.398,0.021,Fairway,roll,0.000,0
1133,4.7128,-51.451,8.419,-3.311,0.000,8.398,0.021,Fairway,roll,0.000,0
1134,4.7170,-51.453,8.419,-3.312,0.000,8.397,0.021,Fairway,roll,0.000,0
1135,4.7211,-51.454,8.419,-3.312,0.000,8.397,0.021,Fairway,roll,0.000,0
1136,4.7253,-51.456,8.419,-3.313,0.000,8.397,0.021,Fairway,roll,0.000,0
1137,4.7295,-51.458,8.419,-3.314,0.000,8.397,0.021,Fairway,roll,0.000,0
1138,4.7336,-51.459,8.419,-3.314,0.000,8.397,0.021,Fairway,roll,0.000,0
1139,4.7378,-51.461,8.418,-3.315,0.000,8.397,0.021,Fairway,roll,0.000,0
1140,4.7420,-51.462,8.418,-3.316,0.000,8.397,0.021,Fairway,roll,0.000,0
1141,4.7461,-51.464,8.418,-3.316,0.000,8.397,0.021,Fairway,roll,0.000,0
1142,4.7503,-51.466,8.418,-3.317,0.000,8.397,0.021,Fairway,roll,0.000,0
1143,4.7545,-51.467,8.418,-3.317,0.000,8.397,0.021,Fairway,roll,0.000,0
1144,4.7586,-51.469,8.418,-3.318,0.000,8.397,0.021,Fairway,roll,0.000,0
1145,4.7628,-51.470,8.418,-3.319,0.000,8.397,0.021,Fairway,roll,0.000,0
1146,4.7670,-51.472,8.418,-3.319,0.000,8.397,0.021,Fairway,roll,0.000,0
1147,4.7711,-51.474,8.418,-3.320,0.000,8.397,0.021,Fairway,roll,0.000,0
1148,4.7753,-51.475,8.418,-3.321,0.000,8.396,0.021,Fairway,roll,0.000,0
1149,4.7795,-51.477,8.418,-3.321,0.000,8.396,0.021,Fairway,roll,0.000,0
1150,4.7836,-51.478,8.418,-3.322,0.000,8.396,0.021,Fairway,roll,0.000,0
1151,4.7878,-51.480,8.418,-3.322,0.000,8.396,0.021,Fairway,roll,0.000,0
1152,4.7920,-51.481,8.418,-3.323,0.000,8.396,0.021,Fairway,roll,0.000,0
1153,4.7961,-51.483,8.418,-3.324,0.000,8.396,0.021,Fairway,roll,0.000,0
1154,4.8003,-51.485,8.417,-3.324,0.000,8.396,0.021,Fairway,roll,0.000,0
1155,4.8045,-51.486,8.417,-3.325,0.000,8.396,0.021,Fairway,roll,0.000,0
1156,4.8086,-51.488,8.417,-3.326,0.000,8.396,0.021,Fairway,roll,0.000,0
1157,4.8128,-51.489,8.417,-3.326,0.000,8.396,0.021,Fairway,roll,0.000,0
1158,4.8170,-51.491,8.417,-3.327,0.000,8.396,0.021,Fairway,roll,0.000,0
1159,4.8211,-51.493,8.417,-3.327,0.000,8.396,0.021,Fairway,roll,0.000,0
1160,4.8253,-51.494,8.417,-3.328,0.000,8.396,0.021,Fairway,roll,0.000,0
1161,4.8295,-51.496,8.417,-3.329,0.000,8.396,0.021,Fairway,roll,0.000,0
1162,4.8336,-51.497,8.417,-3.329,0.000,8.396,0.021,Fairway,roll,0.000,0
1163,4.8378,-51.499,8.417,-3.330,0.000,8.396,0.021,Fairway,roll,0.000,0
1164,4.8419,-51.500,8.417,-3.331,0.000,8.396,0.021,Fairway,roll,0.000,0
1165,4.8461,-51.502,8.417,-3.331,0.000,8.396,0.021,Fairway,roll,0.000,0
1166,4.8503,-51.504,8.417,-3.332,0.000,8.396,0.021,Fairway,roll,0.000,0
1167,4.8544,-51.505,8.417,-3.332,0.000,8.395,0.021,Fairway,roll,0.000,0
1168,4.8586,-51.507,8.417,-3.333,0.000,8.395,0.021,Fairway,roll,0.000,0
1169,4.8628,-51.508,8.417,-3.334,0.000,8.395,0.021,Fairway,roll,0.000,0
1170,4.8669,-51.510,8.417,-3.334,0.000,8.395,0.021,Fairway,roll,0.000,0
1171,4.8711,-51.511,8.417,-3.335,0.000,8.395,0.021,Fairway,roll,0.000,0
1172,4.8753,-51.513,8.417,-3.336,0.000,8.395,0.021,Fairway,roll,0.000,0
1173,4.8794,-51.514,8.416,-3.336,0.000,8.395,0.021,Fairway,roll,0.000,0
1174,4.8836,-51.516,8.416,-3.337,0.000,8.395,0.021,Fairway,roll,0.000,0
1175,4.8878,-51.518,8.416,-3.337,0.000,8.395,0.021,Fairway,roll,0.000,0
1176,4.8919,-51.519,8.416,-3.338,0.000,8.395,0.021,Fairway,roll,0.000,0
1177,4.8961,-51.521,8.416,-3.339,0.000,8.395,0.021,Fairway,roll,0.000,0
1178,4.9003,-51.522,8.416,-3.339,0.000,8.395,0.021,Fairway,roll,0.000,0
1179,4.9044,-51.524,8.416,-3.340,0.000,8.395,0.021,Fairway,roll,0.000,0
1180,4.9086,-51.525,8.416,-3.341,0.000,8.395,0.021,Fairway,roll,0.000,0
1181,4.9128,-51.527,8.416,-3.341,0.000,8.395,0.021,Fairway,roll,0.000,0
1182,4.9169,-51.528,8.416,-3.342,0.000,8.395,0.021,Fairway,roll,0.000,0
1183,4.9211,-51.530,8.416,-3.342,0.000,8.395,0.021,Fairway,roll,0.000,0
1184,4.9253,-51.532,8.416,-3.343,0.000,8.395,0.021,Fairway,roll,0.000,0
1185,4.9294,-51.533,8.416,-3.344,0.000,8.395,0.021,Fairway,roll,0.000,0
1186,4.9336,-51.535,8.416,-3.344,0.000,8.395,0.021,Fairway,roll,0.000,0
1187,4.9378,-51.536,8.416,-3.345,0.000,8.395,0.021,Fairway,roll,0.000,0
1188,4.9419,-51.538,8.416,-3.345,0.000,8.395,0.021,Fairway,roll,0.000,0
1189,4.9461,-51.539,8.416,-3.346,0.000,8.395,0.021,Fairway,roll,0.000,0
1190,4.9503,-51.541,8.416,-3.347,0.000,8.394,0.021,Fairway,roll,0.000,0
1191,4.9544,-51.542,8.416,-3.347,0.000,8.394,0.021,Fairway,roll,0.000,0
1192,4.9586,-51.544,8.416,-3.348,0.000,8.394,0.021,Fairway,roll,0.000,0
1193,4.9628,-51.545,8.416,-3.348,0.000,8.394,0.021,Fairway,roll,0.000,0
1194,4.9669,-51.547,8.416,-3.349,0.000,8.394,0.021,Fairway,roll,0.000,0
1195,4.9711,-51.548,8.415,-3.350,0.000,8.394,0.021,Fairway,roll,0.000,0
1196,4.9753,-51.550,8.415,-3.350,0.000,8.394,0.021,Fairway,roll,0.000,0
1197,4.9794,-51.552,8.415,-3.351,0.000,8.394,0.021,Fairway,roll,0.000,0
1198,4.9836,-51.553,8.415,-3.352,0.000,8.394,0.021,Fairway,roll,0.000,0
1199,4.9877,-51.555,8.415,-3.352,0.000,8.394,0.021,Fairway,roll,0.000,0
1200,4.9919,-51.556,8.415,-3.353,0.000,8.394,0.021,Fairway,roll,0.000,0
1201,4.9961,-51.558,8.415,-3.353,0.000,8.394,0.021,Fairway,roll,0.000,0
1202,5.0002,-51.559,8.415,-3.354,0.000,8.394,0.021,Fairway,roll,0.000,0
1203,5.0044,-51.561,8.415,-3.355,0.000,8.394,0.021,Fairway,roll,0.000,0
1204,5.0086,-51.562,8.415,-3.355,0.000,8.394,0.021,Fairway,roll,0.000,0
1205,5.0127,-51.564,8.415,-3.356,0.000,8.394,0.021,Fairway,roll,0.000,0
1206,5.0169,-51.565,8.415,-3.356,0.000,8.394,0.021,Fairway,roll,0.000,0
1207,5.0211,-51.567,8.415,-3.357,0.000,8.393,0.021,Fairway,roll,0.000,0
1208,5.0252,-51.568,8.415,-3.358,0.000,8.393,0.021,Fairway,roll,0.000,0
1209,5.0294,-51.570,8.415,-3.358,0.000,8.393,0.021,Fairway,roll,0.000,0
1210,5.0336,-51.571,8.415,-3.359,0.000,8.393,0.021,Fairway,roll,0.000,0
1211,5.0377,-51.573,8.415,-3.359,0.000,8.393,0.021,Fairway,roll,0.000,0
1212,5.0419,-51.574,8.415,-3.360,0.000,8.393,0.021,Fairway,roll,0.000,0
1213,5.0461,-51.576,8.415,-3.361,0.000,8.393,0.021,Fairway,roll,0.000,0
1214,5.0502,-51.577,8.415,-3.361,0.000,8.393,0.021,Fairway,roll,0.000,0
1215,5.0544,-51.579,8.415,-3.362,0.000,8.393,0.021,Fairway,roll,0.000,0
1216,5.0586,-51.580,8.415,-3.362,0.000,8.393,0.021,Fairway,roll,0.000,0
1217,5.0627,-51.582,8.415,-3.363,0.000,8.393,0.021,Fairway,roll,0.000,0
1218,5.0669,-51.583,8.414,-3.364,0.000,8.393,0.021,Fairway,roll,0.000,0
1219,5.0711,-51.585,8.414,-3.364,0.000,8.393,0.021,Fairway,roll,0.000,0
1220,5.0752,-51.586,8.414,-3.365,0.000,8.393,0.021,Fairway,roll,0.000,0
1221,5.0794,-51.588,8.414,-3.365,0.000,8.393,0.021,Fairway,roll,0.000,0
1222,5.0836,-51.589,8.414,-3.366,0.000,8.393,0.021,Fairway,roll,0.000,0
1223,5.0877,-51.591,8.414,-3.367,0.000,8.393,0.021,Fairway,roll,0.000,0
1224,5.0919,-51.593,8.414,-3.367,0.000,8.393,0.021,Fairway,roll,0.000,0
1225,5.0961,-51.594,8.414,-3.368,0.000,8.393,0.021,Fairway,roll,0.000,0
1226,5.1002,-51.595,8.414,-3.368,0.000,8.393,0.021,Fairway,roll,0.000,0
1227,5.1044,-51.597,8.414,-3.369,0.000,8.393,0.021,Fairway,roll,0.000,0
1228,5.1086,-51.598,8.414,-3.370,0.000,8.393,0.021,Fairway,roll,0.000,0
1229,5.1127,-51.600,8.414,-3.370,0.000,8.393,0.021,Fairway,roll,0.000,0
1230,5.1169,-51.601,8.414,-3.371,0.000,8.392,0.021,Fairway,roll,0.000,0
1231,5.1210,-51.603,8.414,-3.371,0.000,8.392,0.021,Fairway,roll,0.000,0
1232,5.1252,-51.604,8.414,-3.372,0.000,8.392,0.021,Fairway,roll,0.000,0
1233,5.1294,-51.606,8.414,-3.372,0.000,8.392,0.021,Fairway,roll,0.000,0
1234,5.1335,-51.607,8.414,-3.373,0.000,8.392,0.021,Fairway,roll,0.000,0
1235,5.1377,-51.609,8.414,-3.374,0.000,8.392,0.021,Fairway,roll,0.000,0
1236,5.1419,-51.610,8.414,-3.374,0.000,8.392,0.021,Fairway,roll,0.000,0
1237,5.1460,-51.612,8.414,-3.375,0.000,8.392,0.021,Fairway,roll,0.000,0
1238,5.1502,-51.613,8.414,-3.375,0.000,8.392,0.021,Fairway,roll,0.000,0
1239,5.1544,-51.615,8.413,-3.376,0.000,8.392,0.021,Fairway,roll,0.000,0
1240,5.1585,-51.616,8.413,-3.377,0.000,8.392,0.021,Fairway,roll,0.000,0
1241,5.1627,-51.618,8.413,-3.377,0.000,8.392,0.021,Fairway,roll,0.000,0
1242,5.1669,-51.619,8.413,-3.378,0.000,8.392,0.021,Fairway,roll,0.000,0
1243,5.1710,-51.621,8.413,-3.378,0.000,8.392,0.021,Fairway,roll,0.000,0
1244,5.1752,-51.622,8.413,-3.379,0.000,8.392,0.021,Fairway,roll,0.000,0
1245,5.1794,-51.624,8.413,-3.380,0.000,8.392,0.021,Fairway,roll,0.000,0
1246,5.1835,-51.625,8.413,-3.380,0.000,8.392,0.021,Fairway,roll,0.000,0
1247,5.1877,-51.627,8.413,-3.381,0.000,8.392,0.021,Fairway,roll,0.000,0
1248,5.1919,-51.628,8.413,-3.381,0.000,8.392,0.021,Fairway,roll,0.000,0
1249,5.1960,-51.630,8.413,-3.382,0.000,8.392,0.021,Fairway,roll,0.000,0
1250,5.2002,-51.631,8.413,-3.383,0.000,8.392,0.021,Fairway,roll,0.000,0
1251,5.2044,-51.633,8.413,-3.383,0.000,8.392,0.021,Fairway,roll,0.000,0
1252,5.2085,-51.634,8.413,-3.384,0.000,8.392,0.021,Fairway,roll,0.000,0
1253,5.2127,-51.636,8.413,-3.384,0.000,8.391,0.021,Fairway,roll,0.000,0
1254,5.2169,-51.637,8.413,-3.385,0.000,8.391,0.021,Fairway,roll,0.000,0
1255,5.2210,-51.639,8.413,-3.385,0.000,8.391,0.021,Fairway,roll,0.000,0
1256,5.2252,-51.640,8.413,-3.386,0.000,8.391,0.021,Fairway,roll,0.000,0
1257,5.2294,-51.641,8.413,-3.387,0.000,8.391,0.021,Fairway,roll,0.000,0
1258,5.2335,-51.643,8.413,-3.387,0.000,8.391,0.021,Fairway,roll,0.000,0
1259,5.2377,-51.644,8.412,-3.388,0.000,8.391,0.021,Fairway,roll,0.000,0
1260,5.2419,-51.646,8.412,-3.388,0.000,8.391,0.021,Fairway,roll,0.000,0
1261,5.2460,-51.647,8.412,-3.389,0.000,8.391,0.021,Fairway,roll,0.000,0
1262,5.2502,-51.649,8.412,-3.390,0.000,8.391,0.021,Fairway,roll,0.000,0
1263,5.2543,-51.650,8.412,-3.390,0.000,8.391,0.021,Fairway,roll,0.000,0
1264,5.2585,-51.652,8.412,-3.391,0.000,8.391,0.021,Fairway,roll,0.000,0
1265,5.2627,-51.653,8.412,-3.391,0.000,8.391,0.021,Fairway,roll,0.000,0
1266,5.2668,-51.655,8.412,-3.392,0.000,8.391,0.021,Fairway,roll,0.000,0
1267,5.2710,-51.656,8.412,-3.392,0.000,8.391,0.021,Fairway,roll,0.000,0
1268,5.2752,-51.658,8.412,-3.393,0.000,8.391,0.021,Fairway,roll,0.000,0
1269,5.2793,-51.659,8.412,-3.394,0.000,8.391,0.021,Fairway,roll,0.000,0
1270,5.2835,-51.660,8.412,-3.394,0.000,8.391,0.021,Fairway,roll,0.000,0
1271,5.2877,-51.662,8.412,-3.395,0.000,8.391,0.021,Fairway,roll,0.000,0
1272,5.2918,-51.663,8.412,-3.395,0.000,8.391,0.021,Fairway,roll,0.000,0
1273,5.2960,-51.665,8.412,-3.396,0.000,8.390,0.021,Fairway,roll,0.000,0
1274,5.3002,-51.666,8.412,-3.397,0.000,8.390,0.021,Fairway,roll,0.000,0
1275,5.3043,-51.668,8.412,-3.397,0.000,8.390,0.021,Fairway,roll,0.000,0
1276,5.3085,-51.669,8.412,-3.398,0.000,8.390,0.021,Fairway,roll,0.000,0
1277,5.3127,-51.671,8.412,-3.398,0.000,8.390,0.021,Fairway,roll,0.000,0
1278,5.3168,-51.672,8.412,-3.399,0.000,8.390,0.021,Fairway,roll,0.000,0
1279,5.3210,-51.673,8.412,-3.399,0.000,8.390,0.021,Fairway,roll,0.000,0
1280,5.3252,-51.675,8.411,-3.400,0.000,8.390,0.021,Fairway,roll,0.000,0
1281,5.3293,-51.676,8.411,-3.401,0.000,8.390,0.021,Fairway,roll,0.000,0
1282,5.3335,-51.678,8.411,-3.401,0.000,8.390,0.021,Fairway,roll,0.000,0
1283,5.3377,-51.679,8.411,-3.402,0.000,8.390,0.021,Fairway,roll,0.000,0
1284,5.3418,-51.681,8.411,-3.402,0.000,8.390,0.021,Fairway,roll,0.000,0
1285,5.3460,-51.682,8.411,-3.403,0.000,8.390,0.021,Fairway,roll,0.000,0
1286,5.3502,-51.684,8.411,-3.403,0.000,8.390,0.021,Fairway,roll,0.000,0
1287,5.3543,-51.685,8.411,-3.404,0.000,8.390,0.021,Fairway,roll,0.000,0
1288,5.3585,-51.686,8.411,-3.405,0.000,8.390,0.021,Fairway,roll,0.000,0
1289,5.3627,-51.688,8.411,-3.405,0.000,8.390,0.021,Fairway,roll,0.000,0
1290,5.3668,-51.689,8.411,-3.406,0.000,8.390,0.021,Fairway,roll,0.000,0
1291,5.3710,-51.691,8.411,-3.406,0.000,8.390,0.021,Fairway,roll,0.000,0
1292,5.3752,-51.692,8.411,-3.407,0.000,8.390,0.021,Fairway,roll,0.000,0
1293,5.3793,-51.694,8.411,-3.407,0.000,8.390,0.021,Fairway,roll,0.000,0
1294,5.3835,-51.695,8.411,-3.408,0.000,8.390,0.021,Fairway,roll,0.000,0
1295,5.3877,-51.696,8.411,-3.409,0.000,8.390,0.021,Fairway,roll,0.000,0
1296,5.3918,-51.698,8.411,-3.409,0.000,8.389,0.021,Fairway,roll,0.000,0
1297,5.3960,-51.699,8.411,-3.410,0.000,8.389,0.021,Fairway,roll,0.000,0
1298,5.4001,-51.701,8.411,-3.410,0.000,8.389,0.021,Fairway,roll,0.000,0
1299,5.4043,-51.702,8.411,-3.411,0.000,8.389,0.021,Fairway,roll,0.000,0
1300,5.4085,-51.704,8.411,-3.411,0.000,8.389,0.021,Fairway,roll,0.000,0
1301,5.4126,-51.705,8.411,-3.412,0.000,8.389,0.021,Fairway,roll,0.000,0
1302,5.4168,-51.706,8.411,-3.413,0.000,8.389,0.021,Fairway,roll,0.000,0
1303,5.4210,-51.708,8.410,-3.413,0.000,8.389,0.021,Fairway,roll,0.000,0
1304,5.4251,-51.709,8.410,-3.414,0.000,8.389,0.021,Fairway,roll,0.000,0
1305,5.4293,-51.711,8.410,-3.414,0.000,8.389,0.021,Fairway,roll,0.000,0
1306,5.4335,-51.712,8.410,-3.415,0.000,8.389,0.021,Fairway,roll,0.000,0
1307,5.4376,-51.713,8.410,-3.415,0.000,8.389,0.021,Fairway,roll,0.000,0
1308,5.4418,-51.715,8.410,-3.416,0.000,8.389,0.021,Fairway,roll,0.000,0
1309,5.4460,-51.716,8.410,-3.417,0.000,8.389,0.021,Fairway,roll,0.000,0
1310,5.4501,-51.718,8.410,-3.417,0.000,8.389,0.021,Fairway,roll,0.000,0
1311,5.4543,-51.719,8.410,-3.418,0.000,8.389,0.021,Fairway,roll,0.000,0
1312,5.4585,-51.721,8.410,-3.418,0.000,8.389,0.021,Fairway,roll,0.000,0
1313,5.4626,-51.722,8.410,-3.419,0.000,8.389,0.021,Fairway,roll,0.000,0
1314,5.4668,-51.723,8.410,-3.419,0.000,8.389,0.021,Fairway,roll,0.000,0
1315,5.4710,-51.725,8.410,-3.420,0.000,8.388,0.021,Fairway,roll,0.000,0
1316,5.4751,-51.726,8.410,-3.420,0.000,8.388,0.021,Fairway,roll,0.000,0
1317,5.4793,-51.728,8.410,-3.421,0.000,8.388,0.021,Fairway,roll,0.000,0
1318,5.4835,-51.729,8.410,-3.422,0.000,8.388,0.021,Fairway,roll,0.000,0
1319,5.4876,-51.730,8.410,-3.422,0.000,8.388,0.021,Fairway,roll,0.000,0
1320,5.4918,-51.732,8.410,-3.423,0.000,8.388,0.021,Fairway,roll,0.000,0
1321,5.4960,-51.733,8.410,-3.423,0.000,8.388,0.021,Fairway,roll,0.000,0
1322,5.5001,-51.735,8.410,-3.424,0.000,8.388,0.021,Fairway,roll,0.000,0
1323,5.5043,-51.736,8.410,-3.424,0.000,8.388,0.021,Fairway,roll,0.000,0
1324,5.5085,-51.737,8.410,-3.425,0.000,8.388,0.021,Fairway,roll,0.000,0
1325,5.5126,-51.739,8.410,-3.426,0.000,8.388,0.021,Fairway,roll,0.000,0
1326,5.5168,-51.740,8.410,-3.426,0.000,8.388,0.021,Fairway,roll,0.000,0
1327,5.5210,-51.742,8.410,-3.427,0.000,8.388,0.021,Fairway,roll,0.000,0
1328,5.5251,-51.743,8.409,-3.427,0.000,8.388,0.021,Fairway,roll,0.000,0
1329,5.5293,-51.744,8.409,-3.428,0.000,8.388,0.021,Fairway,roll,0.000,0
1330,5.5334,-51.746,8.409,-3.428,0.000,8.388,0.021,Fairway,roll,0.000,0
1331,5.5376,-51.747,8.409,-3.429,0.000,8.388,0.021,Fairway,roll,0.000,0
1332,5.5418,-51.749,8.409,-3.429,0.000,8.388,0.021,Fairway,roll,0.000,0
1333,5.5459,-51.750,8.409,-3.430,0.000,8.388,0.021,Fairway,roll,0.000,0
1334,5.5501,-51.751,8.409,-3.431,0.000,8.388,0.021,Fairway,roll,0.000,0
1335,5.5543,-51.753,8.409,-3.431,0.000,8.388,0.021,Fairway,roll,0.000,0
1336,5.5584,-51.754,8.409,-3.432,0.000,8.388,0.021,Fairway,roll,0.000,0
1337,5.5626,-51.755,8.409,-3.432,0.000,8.388,0.021,Fairway,roll,0.000,0
1338,5.5668,-51.757,8.409,-3.433,0.000,8.388,0.021,Fairway,roll,0.000,0
1339,5.5709,-51.758,8.409,-3.433,0.000,8.388,0.021,Fairway,roll,0.000,0
1340,5.5751,-51.760,8.409,-3.434,0.000,8.387,0.021,Fairway,roll,0.000,0
1341,5.5793,-51.761,8.409,-3.434,0.000,8.387,0.021,Fairway,roll,0.000,0
1342,5.5834,-51.762,8.409,-3.435,0.000,8.387,0.021,Fairway,roll,0.000,0
1343,5.5876,-51.764,8.409,-3.435,0.000,8.387,0.021,Fairway,roll,0.000,0
1344,5.5918,-51.765,8.409,-3.436,0.000,8.387,0.021,Fairway,roll,0.000,0
1345,5.5959,-51.766,8.409,-3.437,0.000,8.387,0.021,Fairway,roll,0.000,0
1346,5.6001,-51.768,8.409,-3.437,0.000,8.387,0.021,Fairway,roll,0.000,0
1347,5.6043,-51.769,8.409,-3.438,0.000,8.387,0.021,Fairway,roll,0.000,0
1348,5.6084,-51.771,8.409,-3.438,0.000,8.387,0.021,Fairway,roll,0.000,0
1349,5.6126,-51.772,8.409,-3.439,0.000,8.387,0.021,Fairway,roll,0.000,0
1350,5.6168,-51.773,8.409,-3.439,0.000,8.387,0.021,Fairway,roll,0.000,0
1351,5.6209,-51.775,8.408,-3.440,0.000,8.387,0.021,Fairway,roll,0.000,0
1352,5.6251,-51.776,8.408,-3.440,0.000,8.387,0.021,Fairway,roll,0.000,0
1353,5.6293,-51.777,8.408,-3.441,0.000,8.387,0.021,Fairway,roll,0.000,0
1354,5.6334,-51.779,8.408,-3.442,0.000,8.387,0.021,Fairway,roll,0.000,0
1355,5.6376,-51.780,8.408,-3.442,0.000,8.387,0.021,Fairway,roll,0.000,0
1356,5.6418,-51.782,8.408,-3.443,0.000,8.387,0.021,Fairway,roll,0.000,0
1357,5.6459,-51.783,8.408,-3.443,0.000,8.387,0.021,Fairway,roll,0.000,0
1358,5.6501,-51.784,8.408,-3.444,0.000,8.387,0.021,Fairway,roll,0.000,0
1359,5.6543,-51.786,8.408,-3.444,0.000,8.387,0.021,Fairway,roll,0.000,0
1360,5.6584,-51.787,8.408,-3.445,0.000,8.387,0.021,Fairway,roll,0.000,0
1361,5.6626,-51.788,8.408,-3.445,0.000,8.387,0.021,Fairway,roll,0.000,0
1362,5.6667,-51.790,8.408,-3.446,0.000,8.387,0.021,Fairway,roll,0.000,0
1363,5.6709,-51.791,8.408,-3.446,0.000,8.387,0.021,Fairway,roll,0.000,0
1364,5.6751,-51.792,8.408,-3.447,0.000,8.387,0.021,Fairway,roll,0.000,0
1365,5.6792,-51.794,8.408,-3.448,0.000,8.386,0.021,Fairway,roll,0.000,0
1366,5.6834,-51.795,8.408,-3.448,0.000,8.386,0.021,Fairway,roll,0.000,0
1367,5.6876,-51.797,8.408,-3.449,0.000,8.386,0.021,Fairway,roll,0.000,0
1368,5.6917,-51.798,8.408,-3.449,0.000,8.386,0.021,Fairway,roll,0.000,0
1369,5.6959,-51.799,8.408,-3.450,0.000,8.386,0.021,Fairway,roll,0.000,0
1370,5.7001,-51.801,8.408,-3.450,0.000,8.386,0.021,Fairway,roll,0.000,0
1371,5.7042,-51.802,8.408,-3.451,0.000,8.386,0.021,Fairway,roll,0.000,0
1372,5.7084,-51.803,8.407,-3.451,0.000,8.386,0.021,Fairway,roll,0.000,0
1373,5.7126,-51.805,8.407,-3.452,0.000,8.386,0.021,Fairway,roll,0.000,0
1374,5.7167,-51.806,8.407,-3.452,0.000,8.386,0.021,Fairway,roll,0.000,0
1375,5.7209,-51.807,8.407,-3.453,0.000,8.386,0.021,Fairway,roll,0.000,0
1376,5.7251,-51.809,8.407,-3.454,0.000,8.386,0.021,Fairway,roll,0.000,0
1377,5.7292,-51.810,8.407,-3.454,0.000,8.386,0.021,Fairway,roll,0.000,0
1378,5.7334,-51.811,8.407,-3.455,0.000,8.386,0.021,Fairway,roll,0.000,0
1379,5.7376,-51.813,8.407,-3.455,0.000,8.386,0.021,Fairway,roll,0.000,0
1380,5.7417,-51.814,8.407,-3.456,0.000,8.386,0.021,Fairway,roll,0.000,0
1381,5.7459,-51.815,8.407,-3.456,0.000,8.386,0.021,Fairway,roll,0.000,0
1382,5.7501,-51.817,8.407,-3.457,0.000,8.386,0.021,Fairway,roll,0.000,0
1383,5.7542,-51.818,8.407,-3.457,0.000,8.386,0.021,Fairway,roll,0.000,0
1384,5.7584,-51.819,8.407,-3.458,0.000,8.386,0.021,Fairway,roll,0.000,0
1385,5.7626,-51.821,8.407,-3.458,0.000,8.386,0.021,Fairway,roll,0.000,0
1386,5.7667,-51.822,8.407,-3.459,0.000,8.386,0.021,Fairway,roll,0.000,0
1387,5.7709,-51.823,8.407,-3.459,0.000,8.386,0.021,Fairway,roll,0.000,0
1388,5.7751,-51.825,8.407,-3.460,0.000,8.385,0.021,Fairway,roll,0.000,0
1389,5.7792,-51.826,8.407,-3.460,0.000,8.385,0.021,Fairway,roll,0.000,0
1390,5.7834,-51.827,8.407,-3.461,0.000,8.385,0.021,Fairway,roll,0.000,0
1391,5.7876,-51.829,8.407,-3.462,0.000,8.385,0.021,Fairway,roll,0.000,0
1392,5.7917,-51.830,8.407,-3.462,0.000,8.385,0.021,Fairway,roll,0.000,0
1393,5.7959,-51.831,8.407,-3.463,0.000,8.385,0.021,Fairway,roll,0.000,0
1394,5.8000,-51.833,8.407,-3.463,0.000,8.385,0.021,Fairway,roll,0.000,0
1395,5.8042,-51.834,8.406,-3.464,0.000,8.385,0.021,Fairway,roll,0.000,0
1396,5.8084,-51.835,8.406,-3.464,0.000,8.385,0.021,Fairway,roll,0.000,0
1397,5.8125,-51.837,8.406,-3.465,0.000,8.385,0.021,Fairway,roll,0.000,0
1398,5.8167,-51.838,8.406,-3.465,0.000,8.385,0.021,Fairway,roll,0.000,0
1399,5.8209,-51.839,8.406,-3.466,0.000,8.385,0.021,Fairway,roll,0.000,0
1400,5.8250,-51.841,8.406,-3.466,0.000,8.385,0.021,Fairway,roll,0.000,0
1401,5.8292,-51.842,8.406,-3.467,0.000,8.385,0.021,Fairway,roll,0.000,0
1402,5.8334,-51.843,8.406,-3.467,0.000,8.385,0.021,Fairway,roll,0.000,0
1403,5.8375,-51.845,8.406,-3.468,0.000,8.385,0.021,Fairway,roll,0.000,0
1404,5.8417,-51.846,8.406,-3.468,0.000,8.385,0.021,Fairway,roll,0.000,0
1405,5.8459,-51.847,8.406,-3.469,0.000,8.385,0.021,Fairway,roll,0.000,0
1406,5.8500,-51.849,8.406,-3.470,0.000,8.385,0.021,Fairway,roll,0.000,0
1407,5.8542,-51.850,8.406,-3.470,0.000,8.385,0.021,Fairway,roll,0.000,0
1408,5.8584,-51.851,8.406,-3.471,0.000,8.385,0.021,Fairway,roll,0.000,0
1409,5.8625,-51.853,8.406,-3.471,0.000,8.385,0.021,Fairway,roll,0.000,0
1410,5.8667,-51.854,8.406,-3.472,0.000,8.385,0.021,Fairway,roll,0.000,0
1411,5.8709,-51.855,8.406,-3.472,0.000,8.385,0.021,Fairway,roll,0.000,0
1412,5.8750,-51.856,8.406,-3.473,0.000,8.384,0.021,Fairway,roll,0.000,0
1413,5.8792,-51.858,8.406,-3.473,0.000,8.384,0.021,Fairway,roll,0.000,0
1414,5.8834,-51.859,8.406,-3.474,0.000,8.384,0.021,Fairway,roll,0.000,0
1415,5.8875,-51.860,8.406,-3.474,0.000,8.384,0.021,Fairway,roll,0.000,0
1416,5.8917,-51.862,8.406,-3.475,0.000,8.384,0.021,Fairway,roll,0.000,0
1417,5.8959,-51.863,8.406,-3.475,0.000,8.384,0.021,Fairway,roll,0.000,0
1418,5.9000,-51.864,8.406,-3.476,0.000,8.384,0.021,Fairway,roll,0.000,0
1419,5.9042,-51.866,8.405,-3.476,0.000,8.384,0.021,Fairway,roll,0.000,0
1420,5.9084,-51.867,8.405,-3.477,0.000,8.384,0.021,Fairway,roll,0.000,0
1421,5.9125,-51.868,8.405,-3.477,0.000,8.384,0.021,Fairway,roll,0.000,0
1422,5.9167,-51.870,8.405,-3.478,0.000,8.384,0.021,Fairway,roll,0.000,0
1423,5.9209,-51.871,8.405,-3.478,0.000,8.384,0.021,Fairway,roll,0.000,0
1424,5.9250,-51.872,8.405,-3.479,0.000,8.384,0.021,Fairway,roll,0.000,0
1425,5.9292,-51.873,8.405,-3.479,0.000,8.384,0.021,Fairway,roll,0.000,0
1426,5.9334,-51.875,8.405,-3.480,0.000,8.384,0.021,Fairway,roll,0.000,0
1427,5.9375,-51.876,8.405,-3.480,0.000,8.384,0.021,Fairway,roll,0.000,0
1428,5.9417,-51.877,8.405,-3.481,0.000,8.384,0.021,Fairway,roll,0.000,0
1429,5.9458,-51.879,8.405,-3.482,0.000,8.384,0.021,Fairway,roll,0.000,0
1430,5.9500,-51.880,8.405,-3.482,0.000,8.384,0.021,Fairway,roll,0.000,0
1431,5.9542,-51.881,8.405,-3.483,0.000,8.384,0.021,Fairway,roll,0.000,0
1432,5.9583,-51.883,8.405,-3.483,0.000,8.384,0.021,Fairway,roll,0.000,0
1433,5.9625,-51.884,8.405,-3.484,0.000,8.383,0.021,Fairway,roll,0.000,0
1434,5.9667,-51.885,8.405,-3.484,0.000,8.383,0.021,Fairway,roll,0.000,0
1435,5.9708,-51.886,8.405,-3.485,0.000,8.383,0.021,Fairway,roll,0.000,0
1436,5.9750,-51.888,8.405,-3.485,0.000,8.383,0.021,Fairway,roll,0.000,0
1437,5.9792,-51.889,8.405,-3.486,0.000,8.383,0.021,Fairway,roll,0.000,0
1438,5.9833,-51.890,8.405,-3.486,0.000,8.383,0.021,Fairway,roll,0.000,0
1439,5.9875,-51.892,8.405,-3.487,0.000,8.383,0.021,Fairway,roll,0.000,0
1440,5.9917,-51.893,8.405,-3.487,0.000,8.383,0.021,Fairway,roll,0.000,0
1441,5.9958,-51.894,8.405,-3.488,0.000,8.383,0.021,Fairway,roll,0.000,0
1442,6.0000,-51.895,8.405,-3.488,0.000,8.383,0.021,Fairway,roll,0.000,0
1443,6.0042,-51.897,8.405,-3.489,0.000,8.383,0.021,Fairway,roll,0.000,0
1444,6.0083,-51.898,8.405,-3.489,0.000,8.383,0.021,Fairway,roll,0.000,0
1445,6.0125,-51.899,8.405,-3.490,0.000,8.383,0.021,Fairway,roll,0.000,0
1446,6.0167,-51.901,8.404,-3.490,0.000,8.383,0.021,Fairway,roll,0.000,0
1447,6.0208,-51.902,8.404,-3.491,0.000,8.383,0.021,Fairway,roll,0.000,0
1448,6.0250,-51.903,8.404,-3.491,0.000,8.383,0.021,Fairway,roll,0.000,0
1449,6.0292,-51.904,8.404,-3.492,0.000,8.383,0.021,Fairway,roll,0.000,0
1450,6.0333,-51.906,8.404,-3.492,0.000,8.383,0.021,Fairway,roll,0.000,0
1451,6.0375,-51.907,8.404,-3.493,0.000,8.383,0.021,Fairway,roll,0.000,0
1452,6.0417,-51.908,8.404,-3.493,0.000,8.383,0.021,Fairway,roll,0.000,0
1453,6.0458,-51.909,8.404,-3.494,0.000,8.383,0.021,Fairway,roll,0.000,0
1454,6.0500,-51.911,8.404,-3.494,0.000,8.383,0.021,Fairway,roll,0.000,0
1455,6.0542,-51.912,8.404,-3.495,0.000,8.383,0.021,Fairway,roll,0.000,0
1456,6.0583,-51.913,8.404,-3.495,0.000,8.383,0.021,Fairway,roll,0.000,0
1457,6.0625,-51.915,8.404,-3.496,0.000,8.383,0.021,Fairway,roll,0.000,0
1458,6.0667,-51.916,8.404,-3.496,0.000,8.383,0.021,Fairway,roll,0.000,0
1459,6.0708,-51.917,8.404,-3.497,0.000,8.383,0.021,Fairway,roll,0.000,0
1460,6.0750,-51.918,8.404,-3.497,0.000,8.382,0.021,Fairway,roll,0.000,0
1461,6.0791,-51.920,8.404,-3.498,0.000,8.382,0.021,Fairway,roll,0.000,0
1462,6.0833,-51.921,8.404,-3.498,0.000,8.382,0.021,Fairway,roll,0.000,0
1463,6.0875,-51.922,8.404,-3.499,0.000,8.382,0.021,Fairway,roll,0.000,0
1464,6.0916,-51.923,8.404,-3.499,0.000,8.382,0.021,Fairway,roll,0.000,0
1465,6.0958,-51.925,8.404,-3.500,0.000,8.382,0.021,Fairway,roll,0.000,0
1466,6.1000,-51.926,8.404,-3.500,0.000,8.382,0.021,Fairway,roll,0.000,0
1467,6.1041,-51.927,8.404,-3.501,0.000,8.382,0.021,Fairway,roll,0.000,0
1468,6.1083,-51.928,8.404,-3.501,0.000,8.382,0.021,Fairway,roll,0.000,0
1469,6.1125,-51.930,8.404,-3.502,0.000,8.382,0.021,Fairway,roll,0.000,0
1470,6.1166,-51.931,8.404,-3.502,0.000,8.382,0.021,Fairway,roll,0.000,0
1471,6.1208,-51.932,8.404,-3.503,0.000,8.382,0.021,Fairway,roll,0.000,0
1472,6.1250,-51.933,8.403,-3.503,0.000,8.382,0.021,Fairway,roll,0.000,0
1473,6.1291,-51.935,8.403,-3.504,0.000,8.382,0.021,Fairway,roll,0.000,0
1474,6.1333,-51.936,8.403,-3.505,0.000,8.382,0.021,Fairway,roll,0.000,0
1475,6.1375,-51.937,8.403,-3.505,0.000,8.382,0.021,Fairway,roll,0.000,0
1476,6.1416,-51.938,8.403,-3.506,0.000,8.382,0.021,Fairway,roll,0.000,0
1477,6.1458,-51.940,8.403,-3.506,0.000,8.382,0.021,Fairway,roll,0.000,0
1478,6.1500,-51.941,8.403,-3.507,0.000,8.382,0.021,Fairway,roll,0.000,0
1479,6.1541,-51.942,8.403,-3.507,0.000,8.382,0.021,Fairway,roll,0.000,0
1480,6.1583,-51.943,8.403,-3.508,0.000,8.382,0.021,Fairway,roll,0.000,0
1481,6.1625,-51.945,8.403,-3.508,0.000,8.382,0.021,Fairway,roll,0.000,0
1482,6.1666,-51.946,8.403,-3.509,0.000,8.382,0.021,Fairway,roll,0.000,0
1483,6.1708,-51.947,8.403,-3.509,0.000,8.382,0.021,Fairway,roll,0.000,0
1484,6.1750,-51.948,8.403,-3.510,0.000,8.382,0.021,Fairway,roll,0.000,0
1485,6.1791,-51.950,8.403,-3.510,0.000,8.382,0.021,Fairway,roll,0.000,0
1486,6.1833,-51.951,8.403,-3.511,0.000,8.382,0.021,Fairway,roll,0.000,0
1487,6.1875,-51.952,8.403,-3.511,0.000,8.382,0.021,Fairway,roll,0.000,0
1488,6.1916,-51.953,8.403,-3.512,0.000,8.381,0.021,Fairway,roll,0.000,0
1489,6.1958,-51.955,8.403,-3.512,0.000,8.381,0.021,Fairway,roll,0.000,0
1490,6.2000,-51.956,8.403,-3.513,0.000,8.381,0.021,Fairway,roll,0.000,0
1491,6.2041,-51.957,8.403,-3.513,0.000,8.381,0.021,Fairway,roll,0.000,0
1492,6.2083,-51.958,8.403,-3.514,0.000,8.381,0.021,Fairway,roll,0.000,0
1493,6.2124,-51.960,8.403,-3.514,0.000,8.381,0.021,Fairway,roll,0.000,0
1494,6.2166,-51.961,8.403,-3.515,0.000,8.381,0.021,Fairway,roll,0.000,0
1495,6.2208,-51.962,8.402,-3.515,0.000,8.381,0.021,Fairway,roll,0.000,0
1496,6.2249,-51.963,8.402,-3.516,0.000,8.381,0.021,Fairway,roll,0.000,0
1497,6.2291,-51.965,8.402,-3.516,0.000,8.381,0.021,Fairway,roll,0.000,0
1498,6.2333,-51.966,8.402,-3.517,0.000,8.381,0.021,Fairway,roll,0.000,0
1499,6.2374,-51.967,8.402,-3.517,0.000,8.381,0.021,Fairway,roll,0.000,0
1500,6.2416,-51.968,8.402,-3.518,0.000,8.381,0.021,Fairway,roll,0.000,0
1501,6.2458,-51.970,8.402,-3.518,0.000,8.381,0.021,Fairway,roll,0.000,0
1502,6.2499,-51.971,8.402,-3.519,0.000,8.381,0.021,Fairway,roll,0.000,0
1503,6.2541,-51.972,8.402,-3.519,0.000,8.381,0.021,Fairway,roll,0.000,0
1504,6.2583,-51.973,8.402,-3.520,0.000,8.381,0.021,Fairway,roll,0.000,0
1505,6.2624,-51.974,8.402,-3.520,0.000,8.381,0.021,Fairway,roll,0.000,0
1506,6.2666,-51.976,8.402,-3.521,0.000,8.381,0.021,Fairway,roll,0.000,0
1507,6.2708,-51.977,8.402,-3.521,0.000,8.381,0.021,Fairway,roll,0.000,0
1508,6.2749,-51.978,8.402,-3.521,0.000,8.381,0.021,Fairway,roll,0.000,0
1509,6.2791,-51.979,8.402,-3.522,0.000,8.381,0.021,Fairway,roll,0.000,0
1510,6.2833,-51.981,8.402,-3.522,0.000,8.381,0.021,Fairway,roll,0.000,0
1511,6.2874,-51.982,8.402,-3.523,0.000,8.381,0.021,Fairway,roll,0.000,0
1512,6.2916,-51.983,8.402,-3.523,0.000,8.380,0.021,Fairway,roll,0.000,0
1513,6.2958,-51.984,8.402,-3.524,0.000,8.380,0.021,Fairway,roll,0.000,0
1514,6.2999,-51.985,8.402,-3.524,0.000,8.380,0.021,Fairway,roll,0.000,0
1515,6.3041,-51.987,8.402,-3.525,0.000,8.380,0.021,Fairway,roll,0.000,0
1516,6.3083,-51.988,8.402,-3.525,0.000,8.380,0.021,Fairway,roll,0.000,0
1517,6.3124,-51.989,8.402,-3.526,0.000,8.380,0.021,Fairway,roll,0.000,0
1518,6.3166,-51.990,8.402,-3.526,0.000,8.380,0.021,Fairway,roll,0.000,0
1519,6.3208,-51.992,8.402,-3.527,0.000,8.380,0.021,Fairway,roll,0.000,0
1520,6.3249,-51.993,8.401,-3.527,0.000,8.380,0.021,Fairway,roll,0.000,0
1521,6.3291,-51.994,8.401,-3.528,0.000,8.380,0.021,Fairway,roll,0.000,0
1522,6.3333,-51.995,8.401,-3.528,0.000,8.380,0.021,Fairway,roll,0.000,0
1523,6.3374,-51.996,8.401,-3.529,0.000,8.380,0.021,Fairway,roll,0.000,0
1524,6.3416,-51.998,8.401,-3.529,0.000,8.380,0.021,Fairway,roll,0.000,0
1525,6.3457,-51.999,8.401,-3.530,0.000,8.380,0.021,Fairway,roll,0.000,0
1526,6.3499,-52.000,8.401,-3.530,0.000,8.380,0.021,Fairway,roll,0.000,0
1527,6.3541,-52.001,8.401,-3.531,0.000,8.380,0.021,Fairway,roll,0.000,0
1528,6.3582,-52.002,8.401,-3.531,0.000,8.380,0.021,Fairway,roll,0.000,0
1529,6.3624,-52.004,8.401,-3.532,0.000,8.380,0.021,Fairway,roll,0.000,0
1530,6.3666,-52.005,8.401,-3.532,0.000,8.380,0.021,Fairway,roll,0.000,0
1531,6.3707,-52.006,8.401,-3.533,0.000,8.380,0.021,Fairway,roll,0.000,0
1532,6.3749,-52.007,8.401,-3.533,0.000,8.380,0.021,Fairway,roll,0.000,0
1533,6.3791,-52.008,8.401,-3.534,0.000,8.380,0.021,Fairway,roll,0.000,0
1534,6.3832,-52.010,8.401,-3.534,0.000,8.380,0.021,Fairway,roll,0.000,0
1535,6.3874,-52.011,8.401,-3.535,0.000,8.380,0.021,Fairway,roll,0.000,0
1536,6.3916,-52.012,8.401,-3.535,0.000,8.380,0.021,Fairway,roll,0.000,0
1537,6.3957,-52.013,8.401,-3.536,0.000,8.380,0.021,Fairway,roll,0.000,0
1538,6.3999,-52.014,8.401,-3.536,0.000,8.379,0.021,Fairway,roll,0.000,0
1539,6.4041,-52.016,8.401,-3.537,0.000,8.379,0.021,Fairway,roll,0.000,0
1540,6.4082,-52.017,8.401,-3.537,0.000,8.379,0.021,Fairway,roll,0.000,0
1541,6.4124,-52.018,8.401,-3.538,0.000,8.379,0.021,Fairway,roll,0.000,0
1542,6.4166,-52.019,8.401,-3.538,0.000,8.379,0.021,Fairway,roll,0.000,0
1543,6.4207,-52.020,8.401,-3.539,0.000,8.379,0.021,Fairway,roll,0.000,0
1544,6.4249,-52.022,8.401,-3.539,0.000,8.379,0.021,Fairway,roll,0.000,0
1545,6.4291,-52.023,8.401,-3.540,0.000,8.379,0.021,Fairway,roll,0.000,0
1546,6.4332,-52.024,8.400,-3.540,0.000,8.379,0.021,Fairway,roll,0.000,0
1547,6.4374,-52.025,8.400,-3.541,0.000,8.379,0.021,Fairway,roll,0.000,0
1548,6.4416,-52.026,8.400,-3.541,0.000,8.379,0.021,Fairway,roll,0.000,0
1549,6.4457,-52.028,8.400,-3.541,0.000,8.379,0.021,Fairway,roll,0.000,0
1550,6.4499,-52.029,8.400,-3.542,0.000,8.379,0.021,Fairway,roll,0.000,0
1551,6.4541,-52.030,8.400,-3.542,0.000,8.379,0.021,Fairway,roll,0.000,0
1552,6.4582,-52.031,8.400,-3.543,0.000,8.379,0.021,Fairway,roll,0.000,0
1553,6.4624,-52.032,8.400,-3.543,0.000,8.379,0.021,Fairway,roll,0.000,0
1554,6.4666,-52.033,8.400,-3.544,0.000,8.379,0.021,Fairway,roll,0.000,0
1555,6.4707,-52.035,8.400,-3.544,0.000,8.379,0.021,Fairway,roll,0.000,0
1556,6.4749,-52.036,8.400,-3.545,0.000,8.379,0.021,Fairway,roll,0.000,0
1557,6.4791,-52.037,8.400,-3.545,0.000,8.379,0.021,Fairway,roll,0.000,0
1558,6.4832,-52.038,8.400,-3.546,0.000,8.379,0.021,Fairway,roll,0.000,0
1559,6.4874,-52.039,8.400,-3.546,0.000,8.379,0.021,Fairway,roll,0.000,0
1560,6.4915,-52.041,8.400,-3.547,0.000,8.379,0.021,Fairway,roll,0.000,0
1561,6.4957,-52.042,8.400,-3.547,0.000,8.379,0.021,Fairway,roll,0.000,0
1562,6.4999,-52.043,8.400,-3.548,0.000,8.378,0.021,Fairway,roll,0.000,0
1563,6.5040,-52.044,8.400,-3.548,0.000,8.378,0.021,Fairway,roll,0.000,0
1564,6.5082,-52.045,8.400,-3.549,0.000,8.378,0.021,Fairway,roll,0.000,0
1565,6.5124,-52.046,8.400,-3.549,0.000,8.378,0.021,Fairway,roll,0.000,0
1566,6.5165,-52.048,8.400,-3.550,0.000,8.378,0.021,Fairway,roll,0.000,0
1567,6.5207,-52.049,8.400,-3.550,0.000,8.378,0.021,Fairway,roll,0.000,0
1568,6.5249,-52.050,8.400,-3.550,0.000,8.378,0.021,Fairway,roll,0.000,0
1569,6.5290,-52.051,8.400,-3.551,0.000,8.378,0.021,Fairway,roll,0.000,0
1570,6.5332,-52.052,8.400,-3.551,0.000,8.378,0.021,Fairway,roll,0.000,0
1571,6.5374,-52.053,8.400,-3.552,0.000,8.378,0.021,Fairway,roll,0.000,0
1572,6.5415,-52.055,8.400,-3.552,0.000,8.378,0.021,Fairway,roll,0.000,0
1573,6.5457,-52.056,8.400,-3.553,0.000,8.378,0.021,Fairway,roll,0.000,0
1574,6.5499,-52.057,8.400,-3.553,0.000,8.378,0.021,Fairway,roll,0.000,0
1575,6.5540,-52.058,8.399,-3.554,0.000,8.378,0.021,Fairway,roll,0.000,0
1576,6.5582,-52.059,8.399,-3.554,0.000,8.378,0.021,Fairway,roll,0.000,0
1577,6.5624,-52.060,8.399,-3.555,0.000,8.378,0.021,Fairway,roll,0.000,0
1578,6.5665,-52.062,8.399,-3.555,0.000,8.378,0.021,Fairway,roll,0.000,0
1579,6.5707,-52.063,8.399,-3.556,0.000,8.378,0.021,Fairway,roll,0.000,0
1580,6.5749,-52.064,8.399,-3.556,0.000,8.378,0.021,Fairway,roll,0.000,0
1581,6.5790,-52.065,8.399,-3.557,0.000,8.378,0.021,Fairway,roll,0.000,0
1582,6.5832,-52.066,8.399,-3.557,0.000,8.378,0.021,Fairway,roll,0.000,0
1583,6.5874,-52.067,8.399,-3.558,0.000,8.378,0.021,Fairway,roll,0.000,0
1584,6.5915,-52.069,8.399,-3.558,0.000,8.378,0.021,Fairway,roll,0.000,0
1585,6.5957,-52.070,8.399,-3.559,0.000,8.378,0.021,Fairway,roll,0.000,0
1586,6.5999,-52.071,8.399,-3.559,0.000,8.378,0.021,Fairway,roll,0.000,0
1587,6.6040,-52.072,8.399,-3.559,0.000,8.378,0.021,Fairway,roll,0.000,0
1588,6.6082,-52.073,8.399,-3.560,0.000,8.378,0.021,Fairway,roll,0.000,0
1589,6.6124,-52.074,8.399,-3.560,0.000,8.378,0.021,Fairway,roll,0.000,0
1590,6.6165,-52.076,8.399,-3.561,0.000,8.378,0.021,Fairway,roll,0.000,0
1591,6.6207,-52.077,8.399,-3.561,0.000,8.377,0.021,Fairway,roll,0.000,0
1592,6.6248,-52.078,8.399,-3.562,0.000,8.377,0.021,Fairway,roll,0.000,0
1593,6.6290,-52.079,8.399,-3.562,0.000,8.377,0.021,Fairway,roll,0.000,0
1594,6.6332,-52.080,8.399,-3.563,0.000,8.377,0.021,Fairway,roll,0.000,0
1595,6.6373,-52.081,8.399,-3.563,0.000,8.377,0.021,Fairway,roll,0.000,0
1596,6.6415,-52.082,8.399,-3.564,0.000,8.377,0.021,Fairway,roll,0.000,0
1597,6.6457,-52.084,8.399,-3.564,0.000,8.377,0.021,Fairway,roll,0.000,0
1598,6.6498,-52.085,8.398,-3.565,0.000,8.377,0.021,Fairway,roll,0.000,0
1599,6.6540,-52.086,8.398,-3.565,0.000,8.377,0.021,Fairway,roll,0.000,0
1600,6.6582,-52.087,8.398,-3.566,0.000,8.377,0.021,Fairway,roll,0.000,0
1601,6.6623,-52.088,8.398,-3.566,0.000,8.377,0.021,Fairway,roll,0.000,0
1602,6.6665,-52.089,8.398,-3.566,0.000,8.377,0.021,Fairway,roll,0.000,0
1603,6.6707,-52.090,8.398,-3.567,0.000,8.377,0.021,Fairway,roll,0.000,0
1604,6.6748,-52.092,8.398,-3.567,0.000,8.377,0.021,Fairway,roll,0.000,0
1605,6.6790,-52.093,8.398,-3.568,0.000,8.377,0.021,Fairway,roll,0.000,0
1606,6.6832,-52.094,8.398,-3.568,0.000,8.377,0.021,Fairway,roll,0.000,0
1607,6.6873,-52.095,8.398,-3.569,0.000,8.377,0.021,Fairway,roll,0.000,0
1608,6.6915,-52.096,8.398,-3.569,0.000,8.377,0.021,Fairway,roll,0.000,0
1609,6.6957,-52.097,8.398,-3.570,0.000,8.377,0.021,Fairway,roll,0.000,0
1610,6.6998,-52.098,8.398,-3.570,0.000,8.377,0.021,Fairway,roll,0.000,0
1611,6.7040,-52.100,8.398,-3.571,0.000,8.377,0.021,Fairway,roll,0.000,0
1612,6.7082,-52.101,8.398,-3.571,0.000,8.377,0.021,Fairway,roll,0.000,0
1613,6.7123,-52.102,8.398,-3.571,0.000,8.377,0.021,Fairway,roll,0.000,0
1614,6.7165,-52.103,8.398,-3.572,0.000,8.377,0.021,Fairway,roll,0.000,0
1615,6.7207,-52.104,8.398,-3.572,0.000,8.377,0.021,Fairway,roll,0.000,0
1616,6.7248,-52.105,8.398,-3.573,0.000,8.377,0.021,Fairway,roll,0.000,0
1617,6.7290,-52.106,8.398,-3.573,0.000,8.377,0.021,Fairway,roll,0.000,0
1618,6.7332,-52.108,8.398,-3.574,0.000,8.377,0.021,Fairway,roll,0.000,0
1619,6.7373,-52.109,8.398,-3.574,0.000,8.377,0.021,Fairway,roll,0.000,0
1620,6.7415,-52.110,8.398,-3.575,0.000,8.377,0.021,Fairway,roll,0.000,0
1621,6.7457,-52.111,8.398,-3.575,0.000,8.376,0.021,Fairway,roll,0.000,0
1622,6.7498,-52.112,8.398,-3.576,0.000,8.376,0.021,Fairway,roll,0.000,0
1623,6.7540,-52.113,8.398,-3.576,0.000,8.376,0.021,Fairway,roll,0.000,0
1624,6.7581,-52.114,8.398,-3.577,0.000,8.376,0.021,Fairway,roll,0.000,0
1625,6.7623,-52.115,8.398,-3.577,0.000,8.376,0.021,Fairway,roll,0.000,0
1626,6.7665,-52.117,8.398,-3.577,0.000,8.376,0.021,Fairway,roll,0.000,0
1627,6.7706,-52.118,8.398,-3.578,0.000,8.376,0.021,Fairway,roll,0.000,0
1628,6.7748,-52.119,8.398,-3.578,0.000,8.376,0.021,Fairway,roll,0.000,0
1629,6.7790,-52.120,8.397,-3.579,0.000,8.376,0.021,Fairway,roll,0.000,0
1630,6.7831,-52.121,8.397,-3.579,0.000,8.376,0.021,Fairway,roll,0.000,0
1631,6.7873,-52.122,8.397,-3.580,0.000,8.376,0.021,Fairway,roll,0.000,0
1632,6.7915,-52.123,8.397,-3.580,0.000,8.376,0.021,Fairway,roll,0.000,0
1633,6.7956,-52.124,8.397,-3.581,0.000,8.376,0.021,Fairway,roll,0.000,0
1634,6.7998,-52.125,8.397,-3.581,0.000,8.376,0.021,Fairway,roll,0.000,0
1635,6.8040,-52.127,8.397,-3.582,0.000,8.376,0.021,Fairway,roll,0.000,0
1636,6.8081,-52.128,8.397,-3.582,0.000,8.376,0.021,Fairway,roll,0.000,0
1637,6.8123,-52.129,8.397,-3.582,0.000,8.376,0.021,Fairway,roll,0.000,0
1638,6.8165,-52.130,8.397,-3.583,0.000,8.376,0.021,Fairway,roll,0.000,0
1639,6.8206,-52.131,8.397,-3.583,0.000,8.376,0.021,Fairway,roll,0.000,0
1640,6.8248,-52.132,8.397,-3.584,0.000,8.376,0.021,Fairway,roll,0.000,0
1641,6.8290,-52.133,8.397,-3.584,0.000,8.376,0.021,Fairway,roll,0.000,0
1642,6.8331,-52.134,8.397,-3.585,0.000,8.376,0.021,Fairway,roll,0.000,0
1643,6.8373,-52.136,8.397,-3.585,0.000,8.376,0.021,Fairway,roll,0.000,0
1644,6.8415,-52.137,8.397,-3.586,0.000,8.376,0.021,Fairway,roll,0.000,0
1645,6.8456,-52.138,8.397,-3.586,0.000,8.376,0.021,Fairway,roll,0.000,0
1646,6.8498,-52.139,8.397,-3.587,0.000,8.376,0.021,Fairway,roll,0.000,0
1647,6.8540,-52.140,8.397,-3.587,0.000,8.376,0.021,Fairway,roll,0.000,0
1648,6.8581,-52.141,8.397,-3.587,0.000,8.375,0.021,Fairway,roll,0.000,0
1649,6.8623,-52.142,8.397,-3.588,0.000,8.375,0.021,Fairway,roll,0.000,0
1650,6.8665,-52.143,8.397,-3.588,0.000,8.375,0.021,Fairway,roll,0.000,0
1651,6.8706,-52.144,8.397,-3.589,0.000,8.375,0.021,Fairway,roll,0.000,0
1652,6.8748,-52.145,8.397,-3.589,0.000,8.375,0.021,Fairway,roll,0.000,0
1653,6.8790,-52.147,8.397,-3.590,0.000,8.375,0.021,Fairway,roll,0.000,0
1654,6.8831,-52.148,8.397,-3.590,0.000,8.375,0.021,Fairway,roll,0.000,0
1655,6.8873,-52.149,8.397,-3.591,0.000,8.375,0.021,Fairway,roll,0.000,0
1656,6.8914,-52.150,8.397,-3.591,0.000,8.375,0.021,Fairway,roll,0.000,0
1657,6.8956,-52.151,8.396,-3.591,0.000,8.375,0.021,Fairway,roll,0.000,0
1658,6.8998,-52.152,8.396,-3.592,0.000,8.375,0.021,Fairway,roll,0.000,0
1659,6.9039,-52.153,8.396,-3.592,0.000,8.375,0.021,Fairway,roll,0.000,0
1660,6.9081,-52.154,8.396,-3.593,0.000,8.375,0.021,Fairway,roll,0.000,0
1661,6.9123,-52.155,8.396,-3.593,0.000,8.375,0.021,Fairway,roll,0.000,0
1662,6.9164,-52.156,8.396,-3.594,0.000,8.375,0.021,Fairway,roll,0.000,0
1663,6.9206,-52.158,8.396,-3.594,0.000,8.375,0.021,Fairway,roll,0.000,0
1664,6.9248,-52.159,8.396,-3.594,0.000,8.375,0.021,Fairway,roll,0.000,0
1665,6.9289,-52.160,8.396,-3.595,0.000,8.375,0.021,Fairway,roll,0.000,0
1666,6.9331,-52.161,8.396,-3.595,0.000,8.375,0.021,Fairway,roll,0.000,0
1667,6.9373,-52.162,8.396,-3.596,0.000,8.375,0.021,Fairway,roll,0.000,0
1668,6.9414,-52.163,8.396,-3.596,0.000,8.375,0.021,Fairway,roll,0.000,0
1669,6.9456,-52.164,8.396,-3.597,0.000,8.375,0.021,Fairway,roll,0.000,0
1670,6.9498,-52.165,8.396,-3.597,0.000,8.375,0.021,Fairway,roll,0.000,0
1671,6.9539,-52.166,8.396,-3.598,0.000,8.375,0.021,Fairway,roll,0.000,0
1672,6.9581,-52.167,8.396,-3.598,0.000,8.375,0.021,Fairway,roll,0.000,0
1673,6.9623,-52.168,8.396,-3.598,0.000,8.375,0.021,Fairway,roll,0.000,0
1674,6.9664,-52.170,8.396,-3.599,0.000,8.375,0.021,Fairway,roll,0.000,0
1675,6.9706,-52.171,8.396,-3.599,0.000,8.375,0.021,Fairway,roll,0.000,0
1676,6.9748,-52.172,8.396,-3.600,0.000,8.375,0.021,Fairway,roll,0.000,0
1677,6.9789,-52.173,8.396,-3.600,0.000,8.374,0.021,Fairway,roll,0.000,0
1678,6.9831,-52.174,8.396,-3.601,0.000,8.374,0.021,Fairway,roll,0.000,0
1679,6.9873,-52.175,8.396,-3.601,0.000,8.374,0.021,Fairway,roll,0.000,0
1680,6.9914,-52.176,8.396,-3.602,0.000,8.374,0.021,Fairway,roll,0.000,0
1681,6.9956,-52.177,8.396,-3.602,0.000,8.374,0.021,Fairway,roll,0.000,0
1682,6.9998,-52.178,8.396,-3.602,0.000,8.374,0.021,Fairway,roll,0.000,0
1683,7.0039,-52.179,8.396,-3.603,0.000,8.374,0.021,Fairway,roll,0.000,0
1684,7.0081,-52.180,8.396,-3.603,0.000,8.374,0.021,Fairway,roll,0.000,0
1685,7.0123,-52.181,8.395,-3.604,0.000,8.374,0.021,Fairway,roll,0.000,0
1686,7.0164,-52.183,8.395,-3.604,0.000,8.374,0.021,Fairway,roll,0.000,0
1687,7.0206,-52.184,8.395,-3.605,0.000,8.374,0.021,Fairway,roll,0.000,0
1688,7.0248,-52.185,8.395,-3.605,0.000,8.374,0.021,Fairway,roll,0.000,0
1689,7.0289,-52.186,8.395,-3.606,0.000,8.374,0.021,Fairway,roll,0.000,0
1690,7.0331,-52.187,8.395,-3.606,0.000,8.374,0.021,Fairway,roll,0.000,0
1691,7.0372,-52.188,8.395,-3.606,0.000,8.374,0.021,Fairway,roll,0.000,0
1692,7.0414,-52.189,8.395,-3.607,0.000,8.374,0.021,Fairway,roll,0.000,0
1693,7.0456,-52.190,8.395,-3.607,0.000,8.374,0.021,Fairway,roll,0.000,0
1694,7.0497,-52.191,8.395,-3.608,0.000,8.374,0.021,Fairway,roll,0.000,0
1695,7.0539,-52.192,8.395,-3.608,0.000,8.374,0.021,Fairway,roll,0.000,0
1696,7.0581,-52.193,8.395,-3.609,0.000,8.374,0.021,Fairway,roll,0.000,0
1697,7.0622,-52.194,8.395,-3.609,0.000,8.374,0.021,Fairway,roll,0.000,0
1698,7.0664,-52.195,8.395,-3.609,0.000,8.374,0.021,Fairway,roll,0.000,0
1699,7.0706,-52.196,8.395,-3.610,0.000,8.374,0.021,Fairway,roll,0.000,0
1700,7.0747,-52.198,8.395,-3.610,0.000,8.374,0.021,Fairway,roll,0.000,0
1701,7.0789,-52.199,8.395,-3.611,0.000,8.374,0.021,Fairway,roll,0.000,0
1702,7.0831,-52.200,8.395,-3.611,0.000,8.373,0.021,Fairway,roll,0.000,0
1703,7.0872,-52.201,8.395,-3.612,0.000,8.373,0.021,Fairway,roll,0.000,0
1704,7.0914,-52.202,8.395,-3.612,0.000,8.373,0.021,Fairway,roll,0.000,0
1705,7.0956,-52.203,8.395,-3.612,0.000,8.373,0.021,Fairway,roll,0.000,0
1706,7.0997,-52.204,8.395,-3.613,0.000,8.373,0.021,Fairway,roll,0.000,0
1707,7.1039,-52.205,8.395,-3.613,0.000,8.373,0.021,Fairway,roll,0.000,0
1708,7.1081,-52.206,8.395,-3.614,0.000,8.373,0.021,Fairway,roll,0.000,0
1709,7.1122,-52.207,8.395,-3.614,0.000,8.373,0.021,Fairway,roll,0.000,0
1710,7.1164,-52.208,8.395,-3.615,0.000,8.373,0.021,Fairway,roll,0.000,0
1711,7.1206,-52.209,8.395,-3.615,0.000,8.373,0.021,Fairway,roll,0.000,0
1712,7.1247,-52.210,8.395,-3.615,0.000,8.373,0.021,Fairway,roll,0.000,0
1713,7.1289,-52.211,8.395,-3.616,0.000,8.373,0.021,Fairway,roll,0.000,0
1714,7.1331,-52.212,8.395,-3.616,0.000,8.373,0.021,Fairway,roll,0.000,0
1715,7.1372,-52.213,8.395,-3.617,0.000,8.373,0.021,Fairway,roll,0.000,0
1716,7.1414,-52.215,8.395,-3.617,0.000,8.373,0.021,Fairway,roll,0.000,0
1717,7.1456,-52.216,8.395,-3.618,0.000,8.373,0.021,Fairway,roll,0.000,0
1718,7.1497,-52.217,8.394,-3.618,0.000,8.373,0.021,Fairway,roll,0.000,0
1719,7.1539,-52.218,8.394,-3.618,0.000,8.373,0.021,Fairway,roll,0.000,0
1720,7.1581,-52.219,8.394,-3.619,0.000,8.373,0.021,Fairway,roll,0.000,0
1721,7.1622,-52.220,8.394,-3.619,0.000,8.373,0.021,Fairway,roll,0.000,0
1722,7.1664,-52.221,8.394,-3.620,0.000,8.373,0.021,Fairway,roll,0.000,0
1723,7.1705,-52.222,8.394,-3.620,0.000,8.373,0.021,Fairway,roll,0.000,0
1724,7.1747,-52.223,8.394,-3.621,0.000,8.373,0.021,Fairway,roll,0.000,0
1725,7.1789,-52.224,8.394,-3.621,0.000,8.373,0.021,Fairway,roll,0.000,0
1726,7.1830,-52.225,8.394,-3.621,0.000,8.373,0.021,Fairway,roll,0.000,0
1727,7.1872,-52.226,8.394,-3.622,0.000,8.373,0.021,Fairway,roll,0.000,0
1728,7.1914,-52.227,8.394,-3.622,0.000,8.373,0.021,Fairway,roll,0.000,0
1729,7.1955,-52.228,8.394,-3.623,0.000,8.373,0.021,Fairway,roll,0.000,0
1730,7.1997,-52.229,8.394,-3.623,0.000,8.373,0.021,Fairway,roll,0.000,0
1731,7.2039,-52.230,8.394,-3.624,0.000,8.373,0.021,Fairway,roll,0.000,0
1732,7.2080,-52.231,8.394,-3.624,0.000,8.373,0.021,Fairway,roll,0.000,0
1733,7.2122,-52.232,8.394,-3.624,0.000,8.373,0.021,Fairway,roll,0.000,0
1734,7.2164,-52.233,8.394,-3.625,0.000,8.373,0.021,Fairway,roll,0.000,0
1735,7.2205,-52.234,8.394,-3.625,0.000,8.372,0.021,Fairway,roll,0.000,0
1736,7.2247,-52.235,8.394,-3.626,0.000,8.372,0.021,Fairway,roll,0.000,0
1737,7.2289,-52.236,8.394,-3.626,0.000,8.372,0.021,Fairway,roll,0.000,0
1738,7.2330,-52.238,8.394,-3.627,0.000,8.372,0.021,Fairway,roll,0.000,0
1739,7.2372,-52.239,8.394,-3.627,0.000,8.372,0.021,Fairway,roll,0.000,0
1740,7.2414,-52.240,8.394,-3.627,0.000,8.372,0.021,Fairway,roll,0.000,0
1741,7.2455,-52.241,8.394,-3.628,0.000,8.372,0.021,Fairway,roll,0.000,0
1742,7.2497,-52.242,8.394,-3.628,0.000,8.372,0.021,Fairway,roll,0.000,0
1743,7.2539,-52.243,8.394,-3.629,0.000,8.372,0.021,Fairway,roll,0.000,0
1744,7.2580,-52.244,8.393,-3.629,0.000,8.372,0.021,Fairway,roll,0.000,0
1745,7.2622,-52.245,8.393,-3.630,0.000,8.372,0.021,Fairway,roll,0.000,0
1746,7.2664,-52.246,8.393,-3.630,0.000,8.372,0.021,Fairway,roll,0.000,0
1747,7.2705,-52.247,8.393,-3.630,0.000,8.372,0.021,Fairway,roll,0.000,0
1748,7.2747,-52.248,8.393,-3.631,0.000,8.372,0.021,Fairway,roll,0.000,0
1749,7.2789,-52.249,8.393,-3.631,0.000,8.372,0.021,Fairway,roll,0.000,0
1750,7.2830,-52.250,8.393,-3.632,0.000,8.372,0.021,Fairway,roll,0.000,0
1751,7.2872,-52.251,8.393,-3.632,0.000,8.372,0.021,Fairway,roll,0.000,0
1752,7.2914,-52.252,8.393,-3.632,0.000,8.372,0.021,Fairway,roll,0.000,0
1753,7.2955,-52.253,8.393,-3.633,0.000,8.372,0.021,Fairway,roll,0.000,0
1754,7.2997,-52.254,8.393,-3.633,0.000,8.372,0.021,Fairway,roll,0.000,0
1755,7.3038,-52.255,8.393,-3.634,0.000,8.372,0.021,Fairway,roll,0.000,0
1756,7.3080,-52.256,8.393,-3.634,0.000,8.372,0.021,Fairway,roll,0.000,0
1757,7.3122,-52.257,8.393,-3.635,0.000,8.372,0.021,Fairway,roll,0.000,0
1758,7.3163,-52.258,8.393,-3.635,0.000,8.372,0.021,Fairway,roll,0.000,0
1759,7.3205,-52.259,8.393,-3.635,0.000,8.372,0.021,Fairway,roll,0.000,0
1760,7.3247,-52.260,8.393,-3.636,0.000,8.372,0.021,Fairway,roll,0.000,0
1761,7.3288,-52.261,8.393,-3.636,0.000,8.372,0.021,Fairway,roll,0.000,0
1762,7.3330,-52.262,8.393,-3.637,0.000,8.372,0.021,Fairway,roll,0.000,0
1763,7.3372,-52.263,8.393,-3.637,0.000,8.372,0.021,Fairway,roll,0.000,0
1764,7.3413,-52.264,8.393,-3.637,0.000,8.372,0.021,Fairway,roll,0.000,0
1765,7.3455,-52.265,8.393,-3.638,0.000,8.372,0.021,Fairway,roll,0.000,0
1766,7.3497,-52.266,8.393,-3.638,0.000,8.372,0.021,Fairway,roll,0.000,0
1767,7.3538,-52.267,8.393,-3.639,0.000,8.372,0.021,Fairway,roll,0.000,0
1768,7.3580,-52.268,8.393,-3.639,0.000,8.371,0.021,Fairway,roll,0.000,0
1769,7.3622,-52.269,8.393,-3.639,0.000,8.371,0.021,Fairway,roll,0.000,0
1770,7.3663,-52.270,8.393,-3.640,0.000,8.371,0.021,Fairway,roll,0.000,0
1771,7.3705,-52.271,8.393,-3.640,0.000,8.371,0.021,Fairway,roll,0.000,0
1772,7.3747,-52.272,8.393,-3.641,0.000,8.371,0.021,Fairway,roll,0.000,0
1773,7.3788,-52.273,8.393,-3.641,0.000,8.371,0.021,Fairway,roll,0.000,0
1774,7.3830,-52.274,8.393,-3.642,0.000,8.371,0.021,Fairway,roll,0.000,0
1775,7.3872,-52.275,8.393,-3.642,0.000,8.371,0.021,Fairway,roll,0.000,0
1776,7.3913,-52.276,8.393,-3.642,0.000,8.371,0.021,Fairway,roll,0.000,0
1777,7.3955,-52.277,8.393,-3.643,0.000,8.371,0.021,Fairway,roll,0.000,0
1778,7.3997,-52.278,8.392,-3.643,0.000,8.371,0.021,Fairway,roll,0.000,0
1779,7.4038,-52.279,8.392,-3.644,0.000,8.371,0.021,Fairway,roll,0.000,0
1780,7.4080,-52.280,8.392,-3.644,0.000,8.371,0.021,Fairway,roll,0.000,0
1781,7.4122,-52.281,8.392,-3.644,0.000,8.371,0.021,Fairway,roll,0.000,0
1782,7.4163,-52.282,8.392,-3.645,0.000,8.371,0.021,Fairway,roll,0.000,0
1783,7.4205,-52.283,8.392,-3.645,0.000,8.371,0.021,Fairway,roll,0.000,0
1784,7.4247,-52.284,8.392,-3.646,0.000,8.371,0.021,Fairway,roll,0.000,0
1785,7.4288,-52.285,8.392,-3.646,0.000,8.371,0.021,Fairway,roll,0.000,0
1786,7.4330,-52.286,8.392,-3.646,0.000,8.371,0.021,Fairway,roll,0.000,0
1787,7.4371,-52.287,8.392,-3.647,0.000,8.371,0.021,Fairway,roll,0.000,0
1788,7.4413,-52.289,8.392,-3.647,0.000,8.371,0.021,Fairway,roll,0.000,0
1789,7.4455,-52.290,8.392,-3.648,0.000,8.371,0.021,Fairway,roll,0.000,0
1790,7.4496,-52.291,8.392,-3.648,0.000,8.371,0.021,Fairway,roll,0.000,0
1791,7.4538,-52.292,8.392,-3.649,0.000,8.371,0.021,Fairway,roll,0.000,0
1792,7.4580,-52.293,8.392,-3.649,0.000,8.371,0.021,Fairway,roll,0.000,0
1793,7.4621,-52.294,8.392,-3.649,0.000,8.371,0.021,Fairway,roll,0.000,0
1794,7.4663,-52.294,8.392,-3.650,0.000,8.371,0.021,Fairway,roll,0.000,0
1795,7.4705,-52.295,8.392,-3.650,0.000,8.371,0.021,Fairway,roll,0.000,0
1796,7.4746,-52.296,8.392,-3.651,0.000,8.371,0.021,Fairway,roll,0.000,0
1797,7.4788,-52.297,8.392,-3.651,0.000,8.370,0.021,Fairway,roll,0.000,0
1798,7.4830,-52.298,8.392,-3.651,0.000,8.370,0.021,Fairway,roll,0.000,0
1799,7.4871,-52.299,8.392,-3.652,0.000,8.370,0.021,Fairway,roll,0.000,0
1800,7.4913,-52.300,8.392,-3.652,0.000,8.370,0.021,Fairway,roll,0.000,0
1801,7.4955,-52.301,8.392,-3.653,0.000,8.370,0.021,Fairway,roll,0.000,0
1802,7.4996,-52.302,8.392,-3.653,0.000,8.370,0.021,Fairway,roll,0.000,0
1803,7.5038,-52.303,8.392,-3.653,0.000,8.370,0.021,Fairway,roll,0.000,0
1804,7.5080,-52.304,8.392,-3.654,0.000,8.370,0.021,Fairway,roll,0.000,0
1805,7.5121,-52.305,8.392,-3.654,0.000,8.370,0.021,Fairway,roll,0.000,0
1806,7.5163,-52.306,8.392,-3.655,0.000,8.370,0.021,Fairway,roll,0.000,0
1807,7.5205,-52.307,8.391,-3.655,0.000,8.370,0.021,Fairway,roll,0.000,0
1808,7.5246,-52.308,8.391,-3.656,0.000,8.370,0.021,Fairway,roll,0.000,0
1809,7.5288,-52.309,8.391,-3.656,0.000,8.370,0.021,Fairway,roll,0.000,0
1810,7.5330,-52.310,8.391,-3.656,0.000,8.370,0.021,Fairway,roll,0.000,0
1811,7.5371,-52.311,8.391,-3.657,0.000,8.370,0.021,Fairway,roll,0.000,0
1812,7.5413,-52.312,8.391,-3.657,0.000,8.370,0.021,Fairway,roll,0.000,0
1813,7.5455,-52.313,8.391,-3.658,0.000,8.370,0.021,Fairway,roll,0.000,0
1814,7.5496,-52.314,8.391,-3.658,0.000,8.370,0.021,Fairway,roll,0.000,0
1815,7.5538,-52.315,8.391,-3.658,0.000,8.370,0.021,Fairway,roll,0.000,0
1816,7.5580,-52.316,8.391,-3.659,0.000,8.370,0.021,Fairway,roll,0.000,0
1817,7.5621,-52.317,8.391,-3.659,0.000,8.370,0.021,Fairway,roll,0.000,0
1818,7.5663,-52.318,8.391,-3.660,0.000,8.370,0.021,Fairway,roll,0.000,0
1819,7.5705,-52.319,8.391,-3.660,0.000,8.370,0.021,Fairway,roll,0.000,0
1820,7.5746,-52.320,8.391,-3.660,0.000,8.370,0.021,Fairway,roll,0.000,0
1821,7.5788,-52.321,8.391,-3.661,0.000,8.370,0.021,Fairway,roll,0.000,0
1822,7.5829,-52.322,8.391,-3.661,0.000,8.370,0.021,Fairway,roll,0.000,0
1823,7.5871,-52.323,8.391,-3.661,0.000,8.370,0.021,Fairway,roll,0.000,0
1824,7.5913,-52.324,8.391,-3.662,0.000,8.370,0.021,Fairway,roll,0.000,0
1825,7.5954,-52.325,8.391,-3.662,0.000,8.370,0.021,Fairway,roll,0.000,0
1826,7.5996,-52.326,8.391,-3.663,0.000,8.370,0.021,Fairway,roll,0.000,0
1827,7.6038,-52.327,8.391,-3.663,0.000,8.370,0.021,Fairway,roll,0.000,0
1828,7.6079,-52.328,8.391,-3.663,0.000,8.370,0.021,Fairway,roll,0.000,0
1829,7.6121,-52.329,8.391,-3.664,0.000,8.370,0.021,Fairway,roll,0.000,0
1830,7.6163,-52.330,8.391,-3.664,0.000,8.370,0.021,Fairway,roll,0.000,0
1831,7.6204,-52.331,8.391,-3.665,0.000,8.369,0.021,Fairway,roll,0.000,0
1832,7.6246,-52.332,8.391,-3.665,0.000,8.369,0.021,Fairway,roll,0.000,0
1833,7.6288,-52.333,8.391,-3.665,0.000,8.369,0.021,Fairway,roll,0.000,0
1834,7.6329,-52.334,8.391,-3.666,0.000,8.369,0.021,Fairway,roll,0.000,0
1835,7.6371,-52.335,8.391,-3.666,0.000,8.369,0.021,Fairway,roll,0.000,0
1836,7.6413,-52.336,8.391,-3.667,0.000,8.369,0.021,Fairway,roll,0.000,0
1837,7.6454,-52.337,8.391,-3.667,0.000,8.369,0.021,Fairway,roll,0.000,0
1838,7.6496,-52.338,8.391,-3.667,0.000,8.369,0.021,Fairway,roll,0.000,0
1839,7.6538,-52.339,8.391,-3.668,0.000,8.369,0.021,Fairway,roll,0.000,0
1840,7.6579,-52.340,8.390,-3.668,0.000,8.369,0.021,Fairway,roll,0.000,0
1841,7.6621,-52.341,8.390,-3.669,0.000,8.369,0.021,Fairway,roll,0.000,0
1842,7.6663,-52.342,8.390,-3.669,0.000,8.369,0.021,Fairway,roll,0.000,0
1843,7.6704,-52.343,8.390,-3.669,0.000,8.369,0.021,Fairway,roll,0.000,0
1844,7.6746,-52.343,8.390,-3.670,0.000,8.369,0.021,Fairway,roll,0.000,0
1845,7.6788,-52.344,8.390,-3.670,0.000,8.369,0.021,Fairway,roll,0.000,0
1846,7.6829,-52.345,8.390,-3.671,0.000,8.369,0.021,Fairway,roll,0.000,0
1847,7.6871,-52.346,8.390,-3.671,0.000,8.369,0.021,Fairway,roll,0.000,0
1848,7.6913,-52.347,8.390,-3.671,0.000,8.369,0.021,Fairway,roll,0.000,0
1849,7.6954,-52.348,8.390,-3.672,0.000,8.369,0.021,Fairway,roll,0.000,0
1850,7.6996,-52.349,8.390,-3.672,0.000,8.369,0.021,Fairway,roll,0.000,0
1851,7.7038,-52.350,8.390,-3.673,0.000,8.369,0.021,Fairway,roll,0.000,0
1852,7.7079,-52.351,8.390,-3.673,0.000,8.369,0.021,Fairway,roll,0.000,0
1853,7.7121,-52.352,8.390,-3.673,0.000,8.369,0.021,Fairway,roll,0.000,0
1854,7.7162,-52.353,8.390,-3.674,0.000,8.369,0.021,Fairway,roll,0.000,0
1855,7.7204,-52.354,8.390,-3.674,0.000,8.369,0.021,Fairway,roll,0.000,0
1856,7.7246,-52.355,8.390,-3.675,0.000,8.369,0.021,Fairway,roll,0.000,0
1857,7.7287,-52.356,8.390,-3.675,0.000,8.369,0.021,Fairway,roll,0.000,0
1858,7.7329,-52.357,8.390,-3.675,0.000,8.369,0.021,Fairway,roll,0.000,0
1859,7.7371,-52.358,8.390,-3.676,0.000,8.368,0.021,Fairway,roll,0.000,0
1860,7.7412,-52.359,8.390,-3.676,0.000,8.368,0.021,Fairway,roll,0.000,0
1861,7.7454,-52.360,8.390,-3.677,0.000,8.368,0.021,Fairway,roll,0.000,0
1862,7.7496,-52.361,8.390,-3.677,0.000,8.368,0.021,Fairway,roll,0.000,0
1863,7.7537,-52.362,8.390,-3.677,0.000,8.368,0.021,Fairway,roll,0.000,0
1864,7.7579,-52.363,8.390,-3.678,0.000,8.368,0.021,Fairway,roll,0.000,0
1865,7.7621,-52.364,8.390,-3.678,0.000,8.368,0.021,Fairway,roll,0.000,0
1866,7.7662,-52.364,8.390,-3.679,0.000,8.368,0.021,Fairway,roll,0.000,0
1867,7.7704,-52.365,8.390,-3.679,0.000,8.368,0.021,Fairway,roll,0.000,0
1868,7.7746,-52.366,8.389,-3.679,0.000,8.368,0.021,Fairway,roll,0.000,0
1869,7.7787,-52.367,8.389,-3.680,0.000,8.368,0.021,Fairway,roll,0.000,0
1870,7.7829,-52.368,8.389,-3.680,0.000,8.368,0.021,Fairway,roll,0.000,0
1871,7.7871,-52.369,8.389,-3.681,0.000,8.368,0.021,Fairway,roll,0.000,0
1872,7.7912,-52.370,8.389,-3.681,0.000,8.368,0.021,Fairway,roll,0.000,0
1873,7.7954,-52.371,8.389,-3.681,0.000,8.368,0.021,Fairway,roll,0.000,0
1874,7.7996,-52.372,8.389,-3.682,0.000,8.368,0.021,Fairway,roll,0.000,0
1875,7.8037,-52.373,8.389,-3.682,0.000,8.368,0.021,Fairway,roll,0.000,0
1876,7.8079,-52.374,8.389,-3.682,0.000,8.368,0.021,Fairway,roll,0.000,0
1877,7.8121,-52.375,8.389,-3.683,0.000,8.368,0.021,Fairway,roll,0.000,0
1878,7.8162,-52.376,8.389,-3.683,0.000,8.368,0.021,Fairway,roll,0.000,0
1879,7.8204,-52.377,8.389,-3.684,0.000,8.368,0.021,Fairway,roll,0.000,0
1880,7.8246,-52.378,8.389,-3.684,0.000,8.368,0.021,Fairway,roll,0.000,0
1881,7.8287,-52.379,8.389,-3.684,0.000,8.368,0.021,Fairway,roll,0.000,0
1882,7.8329,-52.380,8.389,-3.685,0.000,8.368,0.021,Fairway,roll,0.000,0
1883,7.8371,-52.380,8.389,-3.685,0.000,8.368,0.021,Fairway,roll,0.000,0
1884,7.8412,-52.381,8.389,-3.685,0.000,8.368,0.021,Fairway,roll,0.000,0
1885,7.8454,-52.382,8.389,-3.686,0.000,8.368,0.021,Fairway,roll,0.000,0
1886,7.8495,-52.383,8.389,-3.686,0.000,8.368,0.021,Fairway,roll,0.000,0
1887,7.8537,-52.384,8.389,-3.687,0.000,8.367,0.021,Fairway,roll,0.000,0
1888,7.8579,-52.385,8.389,-3.687,0.000,8.367,0.021,Fairway,roll,0.000,0
1889,7.8620,-52.386,8.389,-3.687,0.000,8.367,0.021,Fairway,roll,0.000,0
1890,7.8662,-52.387,8.389,-3.688,0.000,8.367,0.021,Fairway,roll,0.000,0
1891,7.8704,-52.388,8.389,-3.688,0.000,8.367,0.021,Fairway,roll,0.000,0
1892,7.8745,-52.389,8.389,-3.689,0.000,8.367,0.021,Fairway,roll,0.000,0
1893,7.8787,-52.390,8.389,-3.689,0.000,8.367,0.021,Fairway,roll,0.000,0
1894,7.8829,-52.391,8.389,-3.689,0.000,8.367,0.021,Fairway,roll,0.000,0
1895,7.8870,-52.392,8.389,-3.690,0.000,8.367,0.021,Fairway,roll,0.000,0
1896,7.8912,-52.393,8.388,-3.690,0.000,8.367,0.021,Fairway,roll,0.000,0
1897,7.8954,-52.394,8.388,-3.690,0.000,8.367,0.021,Fairway,roll,0.000,0
1898,7.8995,-52.394,8.388,-3.691,0.000,8.367,0.021,Fairway,roll,0.000,0
1899,7.9037,-52.395,8.388,-3.691,0.000,8.367,0.021,Fairway,roll,0.000,0
1900,7.9079,-52.396,8.388,-3.692,0.000,8.367,0.021,Fairway,roll,0.000,0
1901,7.9120,-52.397,8.388,-3.692,0.000,8.367,0.021,Fairway,roll,0.000,0
1902,7.9162,-52.398,8.388,-3.692,0.000,8.367,0.021,Fairway,roll,0.000,0
1903,7.9204,-52.399,8.388,-3.693,0.000,8.367,0.021,Fairway,roll,0.000,0
1904,7.9245,-52.400,8.388,-3.693,0.000,8.367,0.021,Fairway,roll,0.000,0
1905,7.9287,-52.401,8.388,-3.693,0.000,8.367,0.021,Fairway,roll,0.000,0
1906,7.9329,-52.402,8.388,-3.694,0.000,8.367,0.021,Fairway,roll,0.000,0
1907,7.9370,-52.403,8.388,-3.694,0.000,8.367,0.021,Fairway,roll,0.000,0
1908,7.9412,-52.404,8.388,-3.695,0.000,8.367,0.021,Fairway,roll,0.000,0
1909,7.9454,-52.405,8.388,-3.695,0.000,8.367,0.021,Fairway,roll,0.000,0
1910,7.9495,-52.405,8.388,-3.695,0.000,8.367,0.021,Fairway,roll,0.000,0
1911,7.9537,-52.406,8.388,-3.696,0.000,8.367,0.021,Fairway,roll,0.000,0
1912,7.9579,-52.407,8.388,-3.696,0.000,8.367,0.021,Fairway,roll,0.000,0
1913,7.9620,-52.408,8.388,-3.697,0.000,8.367,0.021,Fairway,roll,0.000,0
1914,7.9662,-52.409,8.388,-3.697,0.000,8.367,0.021,Fairway,roll,0.000,0
1915,7.9704,-52.410,8.388,-3.697,0.000,8.366,0.021,Fairway,roll,0.000,0
1916,7.9745,-52.411,8.388,-3.698,0.000,8.366,0.021,Fairway,roll,0.000,0
1917,7.9787,-52.412,8.388,-3.698,0.000,8.366,0.021,Fairway,roll,0.000,0
1918,7.9828,-52.413,8.388,-3.698,0.000,8.366,0.021,Fairway,roll,0.000,0
1919,7.9870,-52.414,8.388,-3.699,0.000,8.366,0.021,Fairway,roll,0.000,0
1920,7.9912,-52.415,8.388,-3.699,0.000,8.366,0.021,Fairway,roll,0.000,0
1921,7.9953,-52.416,8.388,-3.700,0.000,8.366,0.021,Fairway,roll,0.000,0
1922,7.9995,-52.416,8.388,-3.700,0.000,8.366,0.021,Fairway,roll,0.000,0
1923,8.0037,-52.417,8.388,-3.700,0.000,8.366,0.021,Fairway,roll,0.000,0
1924,8.0078,-52.418,8.388,-3.701,0.000,8.366,0.021,Fairway,roll,0.000,0
1925,8.0120,-52.419,8.387,-3.701,0.000,8.366,0.021,Fairway,roll,0.000,0
1926,8.0162,-52.420,8.387,-3.701,0.000,8.366,0.021,Fairway,roll,0.000,0
1927,8.0203,-52.421,8.387,-3.702,0.000,8.366,0.021,Fairway,roll,0.000,0
1928,8.0245,-52.422,8.387,-3.702,0.000,8.366,0.021,Fairway,roll,0.000,0
1929,8.0287,-52.423,8.387,-3.703,0.000,8.366,0.021,Fairway,roll,0.000,0
1930,8.0328,-52.424,8.387,-3.703,0.000,8.366,0.021,Fairway,roll,0.000,0
1931,8.0370,-52.425,8.387,-3.703,0.000,8.366,0.021,Fairway,roll,0.000,0
1932,8.0412,-52.426,8.387,-3.704,0.000,8.366,0.021,Fairway,roll,0.000,0
1933,8.0453,-52.426,8.387,-3.704,0.000,8.366,0.021,Fairway,roll,0.000,0
1934,8.0495,-52.427,8.387,-3.704,0.000,8.366,0.021,Fairway,roll,0.000,0
1935,8.0537,-52.428,8.387,-3.705,0.000,8.366,0.021,Fairway,roll,0.000,0
1936,8.0578,-52.429,8.387,-3.705,0.000,8.366,0.021,Fairway,roll,0.000,0
1937,8.0620,-52.430,8.387,-3.706,0.000,8.366,0.021,Fairway,roll,0.000,0
1938,8.0662,-52.431,8.387,-3.706,0.000,8.366,0.021,Fairway,roll,0.000,0
1939,8.0703,-52.432,8.387,-3.706,0.000,8.366,0.021,Fairway,roll,0.000,0
1940,8.0745,-52.433,8.387,-3.707,0.000,8.366,0.021,Fairway,roll,0.000,0
1941,8.0787,-52.434,8.387,-3.707,0.000,8.366,0.021,Fairway,roll,0.000,0
1942,8.0828,-52.435,8.387,-3.707,0.000,8.366,0.021,Fairway,roll,0.000,0
1943,8.0870,-52.435,8.387,-3.708,0.000,8.366,0.021,Fairway,roll,0.000,0
1944,8.0912,-52.436,8.387,-3.708,0.000,8.365,0.021,Fairway,roll,0.000,0
1945,8.0953,-52.437,8.387,-3.708,0.000,8.365,0.021,Fairway,roll,0.000,0
1946,8.0995,-52.438,8.387,-3.709,0.000,8.365,0.021,Fairway,roll,0.000,0
1947,8.1037,-52.439,8.387,-3.709,0.000,8.365,0.021,Fairway,roll,0.000,0
1948,8.1078,-52.440,8.387,-3.710,0.000,8.365,0.021,Fairway,roll,0.000,0
1949,8.1120,-52.441,8.387,-3.710,0.000,8.365,0.021,Fairway,roll,0.000,0
1950,8.1162,-52.442,8.387,-3.710,0.000,8.365,0.021,Fairway,roll,0.000,0
1951,8.1203,-52.443,8.387,-3.711,0.000,8.365,0.021,Fairway,roll,0.000,0
1952,8.1245,-52.444,8.387,-3.711,0.000,8.365,0.021,Fairway,roll,0.000,0
1953,8.1286,-52.444,8.387,-3.711,0.000,8.365,0.021,Fairway,roll,0.000,0
1954,8.1328,-52.445,8.386,-3.712,0.000,8.365,0.021,Fairway,roll,0.000,0
1955,8.1370,-52.446,8.386,-3.712,0.000,8.365,0.021,Fairway,roll,0.000,0
1956,8.1411,-52.447,8.386,-3.713,0.000,8.365,0.021,Fairway,roll,0.000,0
1957,8.1453,-52.448,8.386,-3.713,0.000,8.365,0.021,Fairway,roll,0.000,0
1958,8.1495,-52.449,8.386,-3.713,0.000,8.365,0.021,Fairway,roll,0.000,0
1959,8.1536,-52.450,8.386,-3.714,0.000,8.365,0.021,Fairway,roll,0.000,0
1960,8.1578,-52.451,8.386,-3.714,0.000,8.365,0.021,Fairway,roll,0.000,0
1961,8.1620,-52.451,8.386,-3.714,0.000,8.365,0.021,Fairway,roll,0.000,0
1962,8.1661,-52.452,8.386,-3.715,0.000,8.365,0.021,Fairway,roll,0.000,0
1963,8.1703,-52.453,8.386,-3.715,0.000,8.365,0.021,Fairway,roll,0.000,0
1964,8.1745,-52.454,8.386,-3.715,0.000,8.365,0.021,Fairway,roll,0.000,0
1965,8.1786,-52.455,8.386,-3.716,0.000,8.365,0.021,Fairway,roll,0.000,0
1966,8.1828,-52.456,8.386,-3.716,0.000,8.365,0.021,Fairway,roll,0.000,0
1967,8.1870,-52.457,8.386,-3.717,0.000,8.365,0.021,Fairway,roll,0.000,0
1968,8.1911,-52.458,8.386,-3.717,0.000,8.365,0.021,Fairway,roll,0.000,0
1969,8.1953,-52.459,8.386,-3.717,0.000,8.365,0.021,Fairway,roll,0.000,0
1970,8.1995,-52.459,8.386,-3.718,0.000,8.365,0.021,Fairway,roll,0.000,0
1971,8.2036,-52.460,8.386,-3.718,0.000,8.365,0.021,Fairway,roll,0.000,0
1972,8.2078,-52.461,8.386,-3.718,0.000,8.365,0.021,Fairway,roll,0.000,0
1973,8.2120,-52.462,8.386,-3.719,0.000,8.365,0.021,Fairway,roll,0.000,0
1974,8.2161,-52.463,8.386,-3.719,0.000,8.364,0.021,Fairway,roll,0.000,0
1975,8.2203,-52.464,8.386,-3.719,0.000,8.364,0.021,Fairway,roll,0.000,0
1976,8.2245,-52.465,8.386,-3.720,0.000,8.364,0.021,Fairway,roll,0.000,0
1977,8.2286,-52.466,8.386,-3.720,0.000,8.364,0.021,Fairway,roll,0.000,0
1978,8.2328,-52.466,8.386,-3.721,0.000,8.364,0.021,Fairway,roll,0.000,0
1979,8.2370,-52.467,8.386,-3.721,0.000,8.364,0.021,Fairway,roll,0.000,0
1980,8.2411,-52.468,8.386,-3.721,0.000,8.364,0.021,Fairway,roll,0.000,0
1981,8.2453,-52.469,8.386,-3.722,0.000,8.364,0.021,Fairway,roll,0.000,0
1982,8.2495,-52.470,8.386,-3.722,0.000,8.364,0.021,Fairway,roll,0.000,0
1983,8.2536,-52.471,8.386,-3.722,0.000,8.364,0.021,Fairway,roll,0.000,0
1984,8.2578,-52.472,8.385,-3.723,0.000,8.364,0.021,Fairway,roll,0.000,0
1985,8.2619,-52.473,8.385,-3.723,0.000,8.364,0.021,Fairway,roll,0.000,0
1986,8.2661,-52.473,8.385,-3.724,0.000,8.364,0.021,Fairway,roll,0.000,0
1987,8.2703,-52.474,8.385,-3.724,0.000,8.364,0.021,Fairway,roll,0.000,0
1988,8.2744,-52.475,8.385,-3.724,0.000,8.364,0.021,Fairway,roll,0.000,0
1989,8.2786,-52.476,8.385,-3.725,0.000,8.364,0.021,Fairway,roll,0.000,0
1990,8.2828,-52.477,8.385,-3.725,0.000,8.364,0.021,Fairway,roll,0.000,0
1991,8.2869,-52.478,8.385,-3.725,0.000,8.364,0.021,Fairway,roll,0.000,0
1992,8.2911,-52.479,8.385,-3.726,0.000,8.364,0.021,Fairway,roll,0.000,0
1993,8.2953,-52.480,8.385,-3.726,0.000,8.364,0.021,Fairway,roll,0.000,0
1994,8.2994,-52.480,8.385,-3.726,0.000,8.364,0.021,Fairway,roll,0.000,0
1995,8.3036,-52.481,8.385,-3.727,0.000,8.364,0.021,Fairway,roll,0.000,0
1996,8.3078,-52.482,8.385,-3.727,0.000,8.364,0.021,Fairway,roll,0.000,0
1997,8.3119,-52.483,8.385,-3.727,0.000,8.364,0.021,Fairway,roll,0.000,0
1998,8.3161,-52.484,8.385,-3.728,0.000,8.364,0.021,Fairway,roll,0.000,0
1999,8.3203,-52.485,8.385,-3.728,0.000,8.364,0.021,Fairway,roll,0.000,0
2000,8.3244,-52.486,8.385,-3.728,0.000,8.364,0.021,Fairway,roll,0.000,0
2001,8.3286,-52.486,8.385,-3.729,0.000,8.364,0.021,Fairway,roll,0.000,0
2002,8.3328,-52.487,8.385,-3.729,0.000,8.364,0.021,Fairway,roll,0.000,0
2003,8.3369,-52.488,8.385,-3.730,0.000,8.364,0.021,Fairway,roll,0.000,0
2004,8.3411,-52.489,8.385,-3.730,0.000,8.363,0.021,Fairway,roll,0.000,0
2005,8.3453,-52.490,8.385,-3.730,0.000,8.363,0.021,Fairway,roll,0.000,0
2006,8.3494,-52.491,8.385,-3.731,0.000,8.363,0.021,Fairway,roll,0.000,0
2007,8.3536,-52.492,8.385,-3.731,0.000,8.363,0.021,Fairway,roll,0.000,0
2008,8.3578,-52.492,8.385,-3.731,0.000,8.363,0.021,Fairway,roll,0.000,0
2009,8.3619,-52.493,8.385,-3.732,0.000,8.363,0.021,Fairway,roll,0.000,0
2010,8.3661,-52.494,8.385,-3.732,0.000,8.363,0.021,Fairway,roll,0.000,0
2011,8.3703,-52.495,8.385,-3.732,0.000,8.363,0.021,Fairway,roll,0.000,0
2012,8.3744,-52.496,8.385,-3.733,0.000,8.363,0.021,Fairway,roll,0.000,0
2013,8.3786,-52.497,8.385,-3.733,0.000,8.363,0.021,Fairway,roll,0.000,0
2014,8.3828,-52.498,8.385,-3.733,0.000,8.363,0.021,Fairway,roll,0.000,0
2015,8.3869,-52.498,8.384,-3.734,0.000,8.363,0.021,Fairway,roll,0.000,0
2016,8.3911,-52.499,8.384,-3.734,0.000,8.363,0.021,Fairway,roll,0.000,0
2017,8.3952,-52.500,8.384,-3.734,0.000,8.363,0.021,Fairway,roll,0.000,0
2018,8.3994,-52.501,8.384,-3.735,0.000,8.363,0.021,Fairway,roll,0.000,0
2019,8.4036,-52.502,8.384,-3.735,0.000,8.363,0.021,Fairway,roll,0.000,0
2020,8.4077,-52.503,8.384,-3.735,0.000,8.363,0.021,Fairway,roll,0.000,0
2021,8.4119,-52.504,8.384,-3.736,0.000,8.363,0.021,Fairway,roll,0.000,0
2022,8.4161,-52.504,8.384,-3.736,0.000,8.363,0.021,Fairway,roll,0.000,0
2023,8.4202,-52.505,8.384,-3.737,0.000,8.363,0.021,Fairway,roll,0.000,0
2024,8.4244,-52.506,8.384,-3.737,0.000,8.363,0.021,Fairway,roll,0.000,0
2025,8.4286,-52.507,8.384,-3.737,0.000,8.363,0.021,Fairway,roll,0.000,0
2026,8.4327,-52.508,8.384,-3.738,0.000,8.363,0.021,Fairway,roll,0.000,0
2027,8.4369,-52.509,8.384,-3.738,0.000,8.363,0.021,Fairway,roll,0.000,0
2028,8.4411,-52.509,8.384,-3.738,0.000,8.363,0.021,Fairway,roll,0.000,0
2029,8.4452,-52.510,8.384,-3.739,0.000,8.363,0.021,Fairway,roll,0.000,0
2030,8.4494,-52.511,8.384,-3.739,0.000,8.363,0.021,Fairway,roll,0.000,0
2031,8.4536,-52.512,8.384,-3.739,0.000,8.363,0.021,Fairway,roll,0.000,0
2032,8.4577,-52.513,8.384,-3.740,0.000,8.363,0.021,Fairway,roll,0.000,0
2033,8.4619,-52.514,8.384,-3.740,0.000,8.363,0.021,Fairway,roll,0.000,0
2034,8.4661,-52.514,8.384,-3.740,0.000,8.363,0.021,Fairway,roll,0.000,0
2035,8.4702,-52.515,8.384,-3.741,0.000,8.362,0.021,Fairway,roll,0.000,0
2036,8.4744,-52.516,8.384,-3.741,0.000,8.362,0.021,Fairway,roll,0.000,0
2037,8.4786,-52.517,8.384,-3.741,0.000,8.362,0.021,Fairway,roll,0.000,0
2038,8.4827,-52.518,8.384,-3.742,0.000,8.362,0.021,Fairway,roll,0.000,0
2039,8.4869,-52.519,8.384,-3.742,0.000,8.362,0.021,Fairway,roll,0.000,0
2040,8.4911,-52.520,8.384,-3.743,0.000,8.362,0.021,Fairway,roll,0.000,0
2041,8.4952,-52.520,8.384,-3.743,0.000,8.362,0.021,Fairway,roll,0.000,0
2042,8.4994,-52.521,8.384,-3.743,0.000,8.362,0.021,Fairway,roll,0.000,0
2043,8.5036,-52.522,8.384,-3.744,0.000,8.362,0.021,Fairway,roll,0.000,0
2044,8.5077,-52.523,8.384,-3.744,0.000,8.362,0.021,Fairway,roll,0.000,0
2045,8.5119,-52.524,8.384,-3.744,0.000,8.362,0.021,Fairway,roll,0.000,0
2046,8.5161,-52.525,8.383,-3.745,0.000,8.362,0.021,Fairway,roll,0.000,0
2047,8.5202,-52.525,8.383,-3.745,0.000,8.362,0.021,Fairway,roll,0.000,0
2048,8.5244,-52.526,8.383,-3.745,0.000,8.362,0.021,Fairway,roll,0.000,0
2049,8.5285,-52.527,8.383,-3.746,0.000,8.362,0.021,Fairway,roll,0.000,0
2050,8.5327,-52.528,8.383,-3.746,0.000,8.362,0.021,Fairway,roll,0.000,0
2051,8.5369,-52.529,8.383,-3.746,0.000,8.362,0.021,Fairway,roll,0.000,0
2052,8.5410,-52.530,8.383,-3.747,0.000,8.362,0.021,Fairway,roll,0.000,0
2053,8.5452,-52.530,8.383,-3.747,0.000,8.362,0.021,Fairway,roll,0.000,0
2054,8.5494,-52.531,8.383,-3.747,0.000,8.362,0.021,Fairway,roll,0.000,0
2055,8.5535,-52.532,8.383,-3.748,0.000,8.362,0.021,Fairway,roll,0.000,0
2056,8.5577,-52.533,8.383,-3.748,0.000,8.362,0.021,Fairway,roll,0.000,0
2057,8.5619,-52.534,8.383,-3.748,0.000,8.362,0.021,Fairway,roll,0.000,0
2058,8.5660,-52.534,8.383,-3.749,0.000,8.362,0.021,Fairway,roll,0.000,0
2059,8.5702,-52.535,8.383,-3.749,0.000,8.362,0.021,Fairway,roll,0.000,0
2060,8.5744,-52.536,8.383,-3.749,0.000,8.362,0.021,Fairway,roll,0.000,0
2061,8.5785,-52.537,8.383,-3.750,0.000,8.362,0.021,Fairway,roll,0.000,0
2062,8.5827,-52.538,8.383,-3.750,0.000,8.362,0.021,Fairway,roll,0.000,0
2063,8.5869,-52.539,8.383,-3.750,0.000,8.362,0.021,Fairway,roll,0.000,0
2064,8.5910,-52.539,8.383,-3.751,0.000,8.362,0.021,Fairway,roll,0.000,0
2065,8.5952,-52.540,8.383,-3.751,0.000,8.362,0.021,Fairway,roll,0.000,0
2066,8.5994,-52.541,8.383,-3.751,0.000,8.362,0.021,Fairway,roll,0.000,0
2067,8.6035,-52.542,8.383,-3.752,0.000,8.361,0.021,Fairway,roll,0.000,0
2068,8.6077,-52.543,8.383,-3.752,0.000,8.361,0.021,Fairway,roll,0.000,0
2069,8.6119,-52.544,8.383,-3.752,0.000,8.361,0.021,Fairway,roll,0.000,0
2070,8.6160,-52.544,8.383,-3.753,0.000,8.361,0.021,Fairway,roll,0.000,0
2071,8.6202,-52.545,8.383,-3.753,0.000,8.361,0.021,Fairway,roll,0.000,0
2072,8.6244,-52.546,8.383,-3.753,0.000,8.361,0.021,Fairway,roll,0.000,0
2073,8.6285,-52.547,8.383,-3.754,0.000,8.361,0.021,Fairway,roll,0.000,0
2074,8.6327,-52.548,8.383,-3.754,0.000,8.361,0.021,Fairway,roll,0.000,0
2075,8.6369,-52.548,8.383,-3.754,0.000,8.361,0.021,Fairway,roll,0.000,0
2076,8.6410,-52.549,8.383,-3.755,0.000,8.361,0.021,Fairway,roll,0.000,0
2077,8.6452,-52.550,8.383,-3.755,0.000,8.361,0.021,Fairway,roll,0.000,0
2078,8.6494,-52.551,8.382,-3.755,0.000,8.361,0.021,Fairway,roll,0.000,0
2079,8.6535,-52.552,8.382,-3.756,0.000,8.361,0.021,Fairway,roll,0.000,0
2080,8.6577,-52.553,8.382,-3.756,0.000,8.361,0.021,Fairway,roll,0.000,0
2081,8.6619,-52.553,8.382,-3.756,0.000,8.361,0.021,Fairway,roll,0.000,0
2082,8.6660,-52.554,8.382,-3.757,0.000,8.361,0.021,Fairway,roll,0.000,0
2083,8.6702,-52.555,8.382,-3.757,0.000,8.361,0.021,Fairway,roll,0.000,0
2084,8.6743,-52.556,8.382,-3.757,0.000,8.361,0.021,Fairway,roll,0.000,0
2085,8.6785,-52.557,8.382,-3.758,0.000,8.361,0.021,Fairway,roll,0.000,0
2086,8.6827,-52.557,8.382,-3.758,0.000,8.361,0.021,Fairway,roll,0.000,0
2087,8.6868,-52.558,8.382,-3.758,0.000,8.361,0.021,Fairway,roll,0.000,0
2088,8.6910,-52.559,8.382,-3.759,0.000,8.361,0.021,Fairway,roll,0.000,0
2089,8.6952,-52.560,8.382,-3.759,0.000,8.361,0.021,Fairway,roll,0.000,0
2090,8.6993,-52.561,8.382,-3.760,0.000,8.361,0.021,Fairway,roll,0.000,0
2091,8.7035,-52.561,8.382,-3.760,0.000,8.361,0.021,Fairway,roll,0.000,0
2092,8.7077,-52.562,8.382,-3.760,0.000,8.361,0.021,Fairway,roll,0.000,0
2093,8.7118,-52.563,8.382,-3.761,0.000,8.361,0.021,Fairway,roll,0.000,0
2094,8.7160,-52.564,8.382,-3.761,0.000,8.361,0.021,Fairway,roll,0.000,0
2095,8.7202,-52.565,8.382,-3.761,0.000,8.361,0.021,Fairway,roll,0.000,0
2096,8.7243,-52.566,8.382,-3.762,0.000,8.361,0.021,Fairway,roll,0.000,0
2097,8.7285,-52.566,8.382,-3.762,0.000,8.361,0.021,Fairway,roll,0.000,0
2098,8.7327,-52.567,8.382,-3.762,0.000,8.361,0.021,Fairway,roll,0.000,0
2099,8.7368,-52.568,8.382,-3.763,0.000,8.361,0.021,Fairway,roll,0.000,0
2100,8.7410,-52.569,8.382,-3.763,0.000,8.360,0.021,Fairway,roll,0.000,0
2101,8.7452,-52.570,8.382,-3.763,0.000,8.360,0.021,Fairway,roll,0.000,0
2102,8.7493,-52.570,8.382,-3.764,0.000,8.360,0.021,Fairway,roll,0.000,0
2103,8.7535,-52.571,8.382,-3.764,0.000,8.360,0.021,Fairway,roll,0.000,0
2104,8.7577,-52.572,8.382,-3.764,0.000,8.360,0.021,Fairway,roll,0.000,0
2105,8.7618,-52.573,8.382,-3.765,0.000,8.360,0.021,Fairway,roll,0.000,0
2106,8.7660,-52.574,8.382,-3.765,0.000,8.360,0.021,Fairway,roll,0.000,0
2107,8.7702,-52.574,8.382,-3.765,0.000,8.360,0.021,Fairway,roll,0.000,0
2108,8.7743,-52.575,8.382,-3.766,0.000,8.360,0.021,Fairway,roll,0.000,0
2109,8.7785,-52.576,8.382,-3.766,0.000,8.360,0.021,Fairway,roll,0.000,0
2110,8.7827,-52.577,8.382,-3.766,0.000,8.360,0.021,Fairway,roll,0.000,0
2111,8.7868,-52.578,8.381,-3.767,0.000,8.360,0.021,Fairway,roll,0.000,0
2112,8.7910,-52.578,8.381,-3.767,0.000,8.360,0.021,Fairway,roll,0.000,0
2113,8.7952,-52.579,8.381,-3.767,0.000,8.360,0.021,Fairway,roll,0.000,0
2114,8.7993,-52.580,8.381,-3.768,0.000,8.360,0.021,Fairway,roll,0.000,0
2115,8.8035,-52.581,8.381,-3.768,0.000,8.360,0.021,Fairway,roll,0.000,0
2116,8.8076,-52.582,8.381,-3.768,0.000,8.360,0.021,Fairway,roll,0.000,0
2117,8.8118,-52.582,8.381,-3.769,0.000,8.360,0.021,Fairway,roll,0.000,0
2118,8.8160,-52.583,8.381,-3.769,0.000,8.360,0.021,Fairway,roll,0.000,0
2119,8.8201,-52.584,8.381,-3.769,0.000,8.360,0.021,Fairway,roll,0.000,0
2120,8.8243,-52.585,8.381,-3.770,0.000,8.360,0.021,Fairway,roll,0.000,0
2121,8.8285,-52.585,8.381,-3.770,0.000,8.360,0.021,Fairway,roll,0.000,0
2122,8.8326,-52.586,8.381,-3.770,0.000,8.360,0.021,Fairway,roll,0.000,0
2123,8.8368,-52.587,8.381,-3.771,0.000,8.360,0.021,Fairway,roll,0.000,0
2124,8.8410,-52.588,8.381,-3.771,0.000,8.360,0.021,Fairway,roll,0.000,0
2125,8.8451,-52.589,8.381,-3.771,0.000,8.360,0.021,Fairway,roll,0.000,0
2126,8.8493,-52.589,8.381,-3.772,0.000,8.360,0.021,Fairway,roll,0.000,0
2127,8.8535,-52.590,8.381,-3.772,0.000,8.360,0.021,Fairway,roll,0.000,0
2128,8.8576,-52.591,8.381,-3.772,0.000,8.360,0.021,Fairway,roll,0.000,0
2129,8.8618,-52.592,8.381,-3.773,0.000,8.360,0.021,Fairway,roll,0.000,0
2130,8.8660,-52.593,8.381,-3.773,0.000,8.360,0.021,Fairway,roll,0.000,0
2131,8.8701,-52.593,8.381,-3.773,0.000,8.360,0.021,Fairway,roll,0.000,0
2132,8.8743,-52.594,8.381,-3.774,0.000,8.360,0.021,Fairway,roll,0.000,0
2133,8.8785,-52.595,8.381,-3.774,0.000,8.359,0.021,Fairway,roll,0.000,0
2134,8.8826,-52.596,8.381,-3.774,0.000,8.359,0.021,Fairway,roll,0.000,0
2135,8.8868,-52.597,8.381,-3.775,0.000,8.359,0.021,Fairway,roll,0.000,0
2136,8.8910,-52.597,8.381,-3.775,0.000,8.359,0.021,Fairway,roll,0.000,0
2137,8.8951,-52.598,8.381,-3.775,0.000,8.359,0.021,Fairway,roll,0.000,0
2138,8.8993,-52.599,8.381,-3.776,0.000,8.359,0.021,Fairway,roll,0.000,0
2139,8.9035,-52.600,8.381,-3.776,0.000,8.359,0.021,Fairway,roll,0.000,0
2140,8.9076,-52.600,8.381,-3.776,0.000,8.359,0.021,Fairway,roll,0.000,0
2141,8.9118,-52.601,8.381,-3.777,0.000,8.359,0.021,Fairway,roll,0.000,0
2142,8.9160,-52.602,8.381,-3.777,0.000,8.359,0.021,Fairway,roll,0.000,0
2143,8.9201,-52.603,8.381,-3.777,0.000,8.359,0.021,Fairway,roll,0.000,0
2144,8.9243,-52.604,8.380,-3.777,0.000,8.359,0.021,Fairway,roll,0.000,0
2145,8.9285,-52.604,8.380,-3.778,0.000,8.359,0.021,Fairway,roll,0.000,0
2146,8.9326,-52.605,8.380,-3.778,0.000,8.359,0.021,Fairway,roll,0.000,0
2147,8.9368,-52.606,8.380,-3.778,0.000,8.359,0.021,Fairway,roll,0.000,0
2148,8.9409,-52.607,8.380,-3.779,0.000,8.359,0.021,Fairway,roll,0.000,0
2149,8.9451,-52.607,8.380,-3.779,0.000,8.359,0.021,Fairway,roll,0.000,0
2150,8.9493,-52.608,8.380,-3.779,0.000,8.359,0.021,Fairway,roll,0.000,0
2151,8.9534,-52.609,8.380,-3.780,0.000,8.359,0.021,Fairway,roll,0.000,0
2152,8.9576,-52.610,8.380,-3.780,0.000,8.359,0.021,Fairway,roll,0.000,0
2153,8.9618,-52.611,8.380,-3.780,0.000,8.359,0.021,Fairway,roll,0.000,0
2154,8.9659,-52.611,8.380,-3.781,0.000,8.359,0.021,Fairway,roll,0.000,0
2155,8.9701,-52.612,8.380,-3.781,0.000,8.359,0.021,Fairway,roll,0.000,0
2156,8.9743,-52.613,8.380,-3.781,0.000,8.359,0.021,Fairway,roll,0.000,0
2157,8.9784,-52.614,8.380,-3.782,0.000,8.359,0.021,Fairway,roll,0.000,0
2158,8.9826,-52.614,8.380,-3.782,0.000,8.359,0.021,Fairway,roll,0.000,0
2159,8.9868,-52.615,8.380,-3.782,0.000,8.359,0.021,Fairway,roll,0.000,0
2160,8.9909,-52.616,8.380,-3.783,0.000,8.359,0.021,Fairway,roll,0.000,0
2161,8.9951,-52.617,8.380,-3.783,0.000,8.359,0.021,Fairway,roll,0.000,0
2162,8.9993,-52.617,8.380,-3.783,0.000,8.359,0.021,Fairway,roll,0.000,0
2163,9.0034,-52.618,8.380,-3.784,0.000,8.359,0.021,Fairway,roll,0.000,0
2164,9.0076,-52.619,8.380,-3.784,0.000,8.359,0.021,Fairway,roll,0.000,0
2165,9.0118,-52.620,8.380,-3.784,0.000,8.359,0.021,Fairway,roll,0.000,0
2166,9.0159,-52.621,8.380,-3.785,0.000,8.359,0.021,Fairway,roll,0.000,0
2167,9.0201,-52.621,8.380,-3.785,0.000,8.359,0.021,Fairway,roll,0.000,0
2168,9.0243,-52.622,8.380,-3.785,0.000,8.359,0.021,Fairway,roll,0.000,0
2169,9.0284,-52.623,8.380,-3.785,0.000,8.359,0.021,Fairway,roll,0.000,0
2170,9.0326,-52.624,8.380,-3.786,0.000,8.359,0.021,Fairway,roll,0.000,0
2171,9.0368,-52.624,8.380,-3.786,0.000,8.359,0.021,Fairway,roll,0.000,0
2172,9.0409,-52.625,8.380,-3.786,0.000,8.358,0.021,Fairway,roll,0.000,0
2173,9.0451,-52.626,8.380,-3.787,0.000,8.358,0.021,Fairway,roll,0.000,0
2174,9.0493,-52.627,8.380,-3.787,0.000,8.358,0.021,Fairway,roll,0.000,0
2175,9.0534,-52.627,8.380,-3.787,0.000,8.358,0.021,Fairway,roll,0.000,0
2176,9.0576,-52.628,8.380,-3.788,0.000,8.358,0.021,Fairway,roll,0.000,0
2177,9.0618,-52.629,8.380,-3.788,0.000,8.358,0.021,Fairway,roll,0.000,0
2178,9.0659,-52.630,8.380,-3.788,0.000,8.358,0.021,Fairway,roll,0.000,0
2179,9.0701,-52.630,8.380,-3.789,0.000,8.358,0.021,Fairway,roll,0.000,0
2180,9.0742,-52.631,8.380,-3.789,0.000,8.358,0.021,Fairway,roll,0.000,0
2181,9.0784,-52.632,8.380,-3.789,0.000,8.358,0.021,Fairway,roll,0.000,0
2182,9.0826,-52.633,8.380,-3.790,0.000,8.358,0.021,Fairway,roll,0.000,0
2183,9.0867,-52.633,8.380,-3.790,0.000,8.358,0.021,Fairway,roll,0.000,0
2184,9.0909,-52.634,8.380,-3.790,0.000,8.358,0.021,Fairway,roll,0.000,0
2185,9.0951,-52.635,8.379,-3.791,0.000,8.358,0.021,Fairway,roll,0.000,0
2186,9.0992,-52.636,8.379,-3.791,0.000,8.358,0.021,Fairway,roll,0.000,0
2187,9.1034,-52.637,8.379,-3.791,0.000,8.358,0.021,Fairway,roll,0.000,0
2188,9.1076,-52.637,8.379,-3.792,0.000,8.358,0.021,Fairway,roll,0.000,0
2189,9.1117,-52.638,8.379,-3.792,0.000,8.358,0.021,Fairway,roll,0.000,0
2190,9.1159,-52.639,8.379,-3.792,0.000,8.358,0.021,Fairway,roll,0.000,0
2191,9.1201,-52.640,8.379,-3.793,0.000,8.358,0.021,Fairway,roll,0.000,0
2192,9.1242,-52.640,8.379,-3.793,0.000,8.358,0.021,Fairway,roll,0.000,0
2193,9.1284,-52.641,8.379,-3.793,0.000,8.358,0.021,Fairway,roll,0.000,0
2194,9.1326,-52.642,8.379,-3.794,0.000,8.358,0.021,Fairway,roll,0.000,0
2195,9.1367,-52.643,8.379,-3.794,0.000,8.358,0.021,Fairway,roll,0.000,0
2196,9.1409,-52.643,8.379,-3.794,0.000,8.358,0.021,Fairway,roll,0.000,0
2197,9.1451,-52.644,8.379,-3.794,0.000,8.358,0.021,Fairway,roll,0.000,0
2198,9.1492,-52.645,8.379,-3.795,0.000,8.358,0.021,Fairway,roll,0.000,0
2199,9.1534,-52.645,8.379,-3.795,0.000,8.358,0.021,Fairway,roll,0.000,0
2200,9.1576,-52.646,8.379,-3.795,0.000,8.358,0.021,Fairway,roll,0.000,0
2201,9.1617,-52.647,8.379,-3.796,0.000,8.358,0.021,Fairway,roll,0.000,0
2202,9.1659,-52.648,8.379,-3.796,0.000,8.358,0.021,Fairway,roll,0.000,0
2203,9.1701,-52.648,8.379,-3.796,0.000,8.358,0.021,Fairway,roll,0.000,0
2204,9.1742,-52.649,8.379,-3.797,0.000,8.358,0.021,Fairway,roll,0.000,0
2205,9.1784,-52.650,8.379,-3.797,0.000,8.358,0.021,Fairway,roll,0.000,0
2206,9.1826,-52.651,8.379,-3.797,0.000,8.358,0.021,Fairway,roll,0.000,0
2207,9.1867,-52.651,8.379,-3.798,0.000,8.358,0.021,Fairway,roll,0.000,0
2208,9.1909,-52.652,8.379,-3.798,0.000,8.358,0.021,Fairway,roll,0.000,0
2209,9.1951,-52.653,8.379,-3.798,0.000,8.357,0.021,Fairway,roll,0.000,0
2210,9.1992,-52.654,8.379,-3.799,0.000,8.357,0.021,Fairway,roll,0.000,0
2211,9.2034,-52.654,8.379,-3.799,0.000,8.357,0.021,Fairway,roll,0.000,0
2212,9.2076,-52.655,8.379,-3.799,0.000,8.357,0.021,Fairway,roll,0.000,0
2213,9.2117,-52.656,8.379,-3.800,0.000,8.357,0.021,Fairway,roll,0.000,0
2214,9.2159,-52.657,8.379,-3.800,0.000,8.357,0.021,Fairway,roll,0.000,0
2215,9.2200,-52.657,8.379,-3.800,0.000,8.357,0.021,Fairway,roll,0.000,0
2216,9.2242,-52.658,8.379,-3.801,0.000,8.357,0.021,Fairway,roll,0.000,0
2217,9.2284,-52.659,8.379,-3.801,0.000,8.357,0.021,Fairway,roll,0.000,0
2218,9.2325,-52.660,8.379,-3.801,0.000,8.357,0.021,Fairway,roll,0.000,0
2219,9.2367,-52.660,8.379,-3.801,0.000,8.357,0.021,Fairway,roll,0.000,0
2220,9.2409,-52.661,8.379,-3.802,0.000,8.357,0.021,Fairway,roll,0.000,0
2221,9.2450,-52.662,8.379,-3.802,0.000,8.357,0.021,Fairway,roll,0.000,0
2222,9.2492,-52.663,8.379,-3.802,0.000,8.357,0.021,Fairway,roll,0.000,0
2223,9.2534,-52.663,8.379,-3.803,0.000,8.357,0.021,Fairway,roll,0.000,0
2224,9.2575,-52.664,8.379,-3.803,0.000,8.357,0.021,Fairway,roll,0.000,0
2225,9.2617,-52.665,8.378,-3.803,0.000,8.357,0.021,Fairway,roll,0.000,0
2226,9.2659,-52.666,8.378,-3.804,0.000,8.357,0.021,Fairway,roll,0.000,0
2227,9.2700,-52.666,8.378,-3.804,0.000,8.357,0.021,Fairway,roll,0.000,0
2228,9.2742,-52.667,8.378,-3.804,0.000,8.357,0.021,Fairway,roll,0.000,0
2229,9.2784,-52.668,8.378,-3.804,0.000,8.357,0.021,Fairway,roll,0.000,0
2230,9.2825,-52.668,8.378,-3.805,0.000,8.357,0.021,Fairway,roll,0.000,0
2231,9.2867,-52.669,8.378,-3.805,0.000,8.357,0.021,Fairway,roll,0.000,0
2232,9.2909,-52.670,8.378,-3.805,0.000,8.357,0.021,Fairway,roll,0.000,0
2233,9.2950,-52.671,8.378,-3.806,0.000,8.357,0.021,Fairway,roll,0.000,0
2234,9.2992,-52.671,8.378,-3.806,0.000,8.357,0.021,Fairway,roll,0.000,0
2235,9.3034,-52.672,8.378,-3.806,0.000,8.357,0.021,Fairway,roll,0.000,0
2236,9.3075,-52.673,8.378,-3.807,0.000,8.357,0.021,Fairway,roll,0.000,0
2237,9.3117,-52.674,8.378,-3.807,0.000,8.357,0.021,Fairway,roll,0.000,0
2238,9.3159,-52.674,8.378,-3.807,0.000,8.357,0.021,Fairway,roll,0.000,0
2239,9.3200,-52.675,8.378,-3.808,0.000,8.357,0.021,Fairway,roll,0.000,0
2240,9.3242,-52.676,8.378,-3.808,0.000,8.357,0.021,Fairway,roll,0.000,0
2241,9.3284,-52.677,8.378,-3.808,0.000,8.357,0.021,Fairway,roll,0.000,0
2242,9.3325,-52.677,8.378,-3.808,0.000,8.357,0.021,Fairway,roll,0.000,0
2243,9.3367,-52.678,8.378,-3.809,0.000,8.357,0.021,Fairway,roll,0.000,0
2244,9.3409,-52.679,8.378,-3.809,0.000,8.357,0.021,Fairway,roll,0.000,0
2245,9.3450,-52.679,8.378,-3.809,0.000,8.357,0.021,Fairway,roll,0.000,0
2246,9.3492,-52.680,8.378,-3.810,0.000,8.357,0.021,Fairway,roll,0.000,0
2247,9.3533,-52.681,8.378,-3.810,0.000,8.357,0.021,Fairway,roll,0.000,0
2248,9.3575,-52.682,8.378,-3.810,0.000,8.357,0.021,Fairway,roll,0.000,0
2249,9.3617,-52.682,8.378,-3.811,0.000,8.356,0.021,Fairway,roll,0.000,0
2250,9.3658,-52.683,8.378,-3.811,0.000,8.356,0.021,Fairway,roll,0.000,0
2251,9.3700,-52.684,8.378,-3.811,0.000,8.356,0.021,Fairway,roll,0.000,0
2252,9.3742,-52.685,8.378,-3.812,0.000,8.356,0.021,Fairway,roll,0.000,0
2253,9.3783,-52.685,8.378,-3.812,0.000,8.356,0.021,Fairway,roll,0.000,0
2254,9.3825,-52.686,8.378,-3.812,0.000,8.356,0.021,Fairway,roll,0.000,0
2255,9.3867,-52.687,8.378,-3.812,0.000,8.356,0.021,Fairway,roll,0.000,0
2256,9.3908,-52.687,8.378,-3.813,0.000,8.356,0.021,Fairway,roll,0.000,0
2257,9.3950,-52.688,8.378,-3.813,0.000,8.356,0.021,Fairway,roll,0.000,0
2258,9.3992,-52.689,8.378,-3.813,0.000,8.356,0.021,Fairway,roll,0.000,0
2259,9.4033,-52.690,8.378,-3.814,0.000,8.356,0.021,Fairway,roll,0.000,0
2260,9.4075,-52.690,8.378,-3.814,0.000,8.356,0.021,Fairway,roll,0.000,0
2261,9.4117,-52.691,8.378,-3.814,0.000,8.356,0.021,Fairway,roll,0.000,0
2262,9.4158,-52.692,8.378,-3.815,0.000,8.356,0.021,Fairway,roll,0.000,0
2263,9.4200,-52.692,8.378,-3.815,0.000,8.356,0.021,Fairway,roll,0.000,0
2264,9.4242,-52.693,8.378,-3.815,0.000,8.356,0.021,Fairway,roll,0.000,0
2265,9.4283,-52.694,8.378,-3.815,0.000,8.356,0.021,Fairway,roll,0.000,0
2266,9.4325,-52.695,8.378,-3.816,0.000,8.356,0.021,Fairway,roll,0.000,0
2267,9.4367,-52.695,8.378,-3.816,0.000,8.356,0.021,Fairway,roll,0.000,0
2268,9.4408,-52.696,8.378,-3.816,0.000,8.356,0.021,Fairway,roll,0.000,0
2269,9.4450,-52.697,8.378,-3.817,0.000,8.356,0.021,Fairway,roll,0.000,0
2270,9.4492,-52.697,8.378,-3.817,0.000,8.356,0.021,Fairway,roll,0.000,0
2271,9.4533,-52.698,8.378,-3.817,0.000,8.356,0.021,Fairway,roll,0.000,0
2272,9.4575,-52.699,8.378,-3.818,0.000,8.356,0.021,Fairway,roll,0.000,0
2273,9.4617,-52.700,8.378,-3.818,0.000,8.356,0.021,Fairway,roll,0.000,0
2274,9.4658,-52.700,8.377,-3.818,0.000,8.356,0.021,Fairway,roll,0.000,0
2275,9.4700,-52.701,8.377,-3.819,0.000,8.356,0.021,Fairway,roll,0.000,0
2276,9.4742,-52.702,8.377,-3.819,0.000,8.356,0.021,Fairway,roll,0.000,0
2277,9.4783,-52.702,8.377,-3.819,0.000,8.356,0.021,Fairway,roll,0.000,0
2278,9.4825,-52.703,8.377,-3.819,0.000,8.356,0.021,Fairway,roll,0.000,0
2279,9.4866,-52.704,8.377,-3.820,0.000,8.356,0.021,Fairway,roll,0.000,0
2280,9.4908,-52.705,8.377,-3.820,0.000,8.356,0.021,Fairway,roll,0.000,0
2281,9.4950,-52.705,8.377,-3.820,0.000,8.356,0.021,Fairway,roll,0.000,0
2282,9.4991,-52.706,8.377,-3.821,0.000,8.356,0.021,Fairway,roll,0.000,0
2283,9.5033,-52.707,8.377,-3.821,0.000,8.356,0.021,Fairway,roll,0.000,0
2284,9.5075,-52.707,8.377,-3.821,0.000,8.356,0.021,Fairway,roll,0.000,0
2285,9.5116,-52.708,8.377,-3.822,0.000,8.356,0.021,Fairway,roll,0.000,0
2286,9.5158,-52.709,8.377,-3.822,0.000,8.356,0.021,Fairway,roll,0.000,0
2287,9.5200,-52.709,8.377,-3.822,0.000,8.356,0.021,Fairway,roll,0.000,0
2288,9.5241,-52.710,8.377,-3.822,0.000,8.356,0.021,Fairway,roll,0.000,0
2289,9.5283,-52.711,8.377,-3.823,0.000,8.356,0.021,Fairway,roll,0.000,0
2290,9.5325,-52.712,8.377,-3.823,0.000,8.356,0.021,Fairway,roll,0.000,0
2291,9.5366,-52.712,8.377,-3.823,0.000,8.356,0.021,Fairway,roll,0.000,0
2292,9.5408,-52.713,8.377,-3.824,0.000,8.356,0.021,Fairway,roll,0.000,0
2293,9.5450,-52.714,8.377,-3.824,0.000,8.356,0.021,Fairway,roll,0.000,0
2294,9.5491,-52.714,8.377,-3.824,0.000,8.356,0.021,Fairway,roll,0.000,0
2295,9.5533,-52.715,8.377,-3.825,0.000,8.356,0.021,Fairway,roll,0.000,0
2296,9.5575,-52.716,8.377,-3.825,0.000,8.356,0.021,Fairway,roll,0.000,0
2297,9.5616,-52.716,8.377,-3.825,0.000,8.356,0.021,Fairway,roll,0.000,0
2298,9.5658,-52.717,8.377,-3.825,0.000,8.356,0.021,Fairway,roll,0.000,0
2299,9.5700,-52.718,8.377,-3.826,0.000,8.355,0.021,Fairway,roll,0.000,0
2300,9.5741,-52.719,8.377,-3.826,0.000,8.355,0.021,Fairway,roll,0.000,0
2301,9.5783,-52.719,8.377,-3.826,0.000,8.355,0.021,Fairway,roll,0.000,0
2302,9.5825,-52.720,8.377,-3.827,0.000,8.355,0.021,Fairway,roll,0.000,0
2303,9.5866,-52.721,8.377,-3.827,0.000,8.355,0.021,Fairway,roll,0.000,0
2304,9.5908,-52.721,8.377,-3.827,0.000,8.355,0.021,Fairway,roll,0.000,0
2305,9.5950,-52.722,8.377,-3.828,0.000,8.355,0.021,Fairway,roll,0.000,0
2306,9.5991,-52.723,8.377,-3.828,0.000,8.355,0.021,Fairway,roll,0.000,0
2307,9.6033,-52.724,8.377,-3.828,0.000,8.355,0.021,Fairway,roll,0.000,0
2308,9.6075,-52.724,8.377,-3.828,0.000,8.355,0.021,Fairway,roll,0.000,0
2309,9.6116,-52.725,8.377,-3.829,0.000,8.355,0.021,Fairway,roll,0.000,0
2310,9.6158,-52.726,8.377,-3.829,0.000,8.355,0.021,Fairway,roll,0.000,0
2311,9.6199,-52.726,8.377,-3.829,0.000,8.355,0.021,Fairway,roll,0.000,0
2312,9.6241,-52.727,8.376,-3.830,0.000,8.355,0.021,Fairway,roll,0.000,0
2313,9.6283,-52.728,8.376,-3.830,0.000,8.355,0.021,Fairway,roll,0.000,0
2314,9.6324,-52.728,8.376,-3.830,0.000,8.355,0.021,Fairway,roll,0.000,0
2315,9.6366,-52.729,8.376,-3.830,0.000,8.355,0.021,Fairway,roll,0.000,0
2316,9.6408,-52.730,8.376,-3.831,0.000,8.355,0.021,Fairway,roll,0.000,0
2317,9.6449,-52.730,8.376,-3.831,0.000,8.355,0.021,Fairway,roll,0.000,0
2318,9.6491,-52.731,8.376,-3.831,0.000,8.355,0.021,Fairway,roll,0.000,0
2319,9.6533,-52.732,8.376,-3.832,0.000,8.355,0.021,Fairway,roll,0.000,0
2320,9.6574,-52.732,8.376,-3.832,0.000,8.355,0.021,Fairway,roll,0.000,0
2321,9.6616,-52.733,8.376,-3.832,0.000,8.355,0.021,Fairway,roll,0.000,0
2322,9.6658,-52.734,8.376,-3.832,0.000,8.355,0.021,Fairway,roll,0.000,0
2323,9.6699,-52.734,8.376,-3.833,0.000,8.355,0.021,Fairway,roll,0.000,0
2324,9.6741,-52.735,8.376,-3.833,0.000,8.355,0.021,Fairway,roll,0.000,0
2325,9.6783,-52.736,8.376,-3.833,0.000,8.355,0.021,Fairway,roll,0.000,0
2326,9.6824,-52.737,8.376,-3.834,0.000,8.355,0.021,Fairway,roll,0.000,0
2327,9.6866,-52.737,8.376,-3.834,0.000,8.355,0.021,Fairway,roll,0.000,0
2328,9.6908,-52.738,8.376,-3.834,0.000,8.355,0.021,Fairway,roll,0.000,0
2329,9.6949,-52.739,8.376,-3.834,0.000,8.355,0.021,Fairway,roll,0.000,0
2330,9.6991,-52.739,8.376,-3.835,0.000,8.355,0.021,Fairway,roll,0.000,0
2331,9.7033,-52.740,8.376,-3.835,0.000,8.355,0.021,Fairway,roll,0.000,0
2332,9.7074,-52.741,8.376,-3.835,0.000,8.355,0.021,Fairway,roll,0.000,0
2333,9.7116,-52.741,8.376,-3.836,0.000,8.355,0.021,Fairway,roll,0.000,0
2334,9.7158,-52.742,8.376,-3.836,0.000,8.355,0.021,Fairway,roll,0.000,0
2335,9.7199,-52.743,8.376,-3.836,0.000,8.355,0.021,Fairway,roll,0.000,0
2336,9.7241,-52.743,8.376,-3.837,0.000,8.355,0.021,Fairway,roll,0.000,0
2337,9.7283,-52.744,8.376,-3.837,0.000,8.355,0.021,Fairway,roll,0.000,0
2338,9.7324,-52.745,8.376,-3.837,0.000,8.355,0.021,Fairway,roll,0.000,0
2339,9.7366,-52.745,8.376,-3.837,0.000,8.355,0.021,Fairway,roll,0.000,0
2340,9.7408,-52.746,8.376,-3.838,0.000,8.355,0.021,Fairway,roll,0.000,0
2341,9.7449,-52.747,8.376,-3.838,0.000,8.355,0.021,Fairway,roll,0.000,0
2342,9.7491,-52.747,8.376,-3.838,0.000,8.354,0.021,Fairway,roll,0.000,0
2343,9.7533,-52.748,8.376,-3.839,0.000,8.354,0.021,Fairway,roll,0.000,0
2344,9.7574,-52.749,8.376,-3.839,0.000,8.354,0.021,Fairway,roll,0.000,0
2345,9.7616,-52.750,8.376,-3.839,0.000,8.354,0.021,Fairway,roll,0.000,0
2346,9.7657,-52.750,8.376,-3.839,0.000,8.354,0.021,Fairway,roll,0.000,0
2347,9.7699,-52.751,8.376,-3.840,0.000,8.354,0.021,Fairway,roll,0.000,0
2348,9.7741,-52.752,8.376,-3.840,0.000,8.354,0.021,Fairway,roll,0.000,0
2349,9.7782,-52.752,8.376,-3.840,0.000,8.354,0.021,Fairway,roll,0.000,0
2350,9.7824,-52.753,8.376,-3.841,0.000,8.354,0.021,Fairway,roll,0.000,0
2351,9.7866,-52.754,8.376,-3.841,0.000,8.354,0.021,Fairway,roll,0.000,0
2352,9.7907,-52.754,8.376,-3.841,0.000,8.354,0.021,Fairway,roll,0.000,0
2353,9.7949,-52.755,8.376,-3.841,0.000,8.354,0.021,Fairway,roll,0.000,0
2354,9.7991,-52.756,8.376,-3.842,0.000,8.354,0.021,Fairway,roll,0.000,0
2355,9.8032,-52.756,8.376,-3.842,0.000,8.354,0.021,Fairway,roll,0.000,0
2356,9.8074,-52.757,8.375,-3.842,0.000,8.354,0.021,Fairway,roll,0.000,0
2357,9.8116,-52.758,8.375,-3.843,0.000,8.354,0.021,Fairway,roll,0.000,0
2358,9.8157,-52.758,8.375,-3.843,0.000,8.354,0.021,Fairway,roll,0.000,0
2359,9.8199,-52.759,8.375,-3.843,0.000,8.354,0.021,Fairway,roll,0.000,0
2360,9.8241,-52.760,8.375,-3.843,0.000,8.354,0.021,Fairway,roll,0.000,0
2361,9.8282,-52.760,8.375,-3.844,0.000,8.354,0.021,Fairway,roll,0.000,0
2362,9.8324,-52.761,8.375,-3.844,0.000,8.354,0.021,Fairway,roll,0.000,0
2363,9.8366,-52.762,8.375,-3.844,0.000,8.354,0.021,Fairway,roll,0.000,0
2364,9.8407,-52.762,8.375,-3.845,0.000,8.354,0.021,Fairway,roll,0.000,0
2365,9.8449,-52.763,8.375,-3.845,0.000,8.354,0.021,Fairway,roll,0.000,0
2366,9.8491,-52.764,8.375,-3.845,0.000,8.354,0.021,Fairway,roll,0.000,0
2367,9.8532,-52.764,8.375,-3.845,0.000,8.354,0.021,Fairway,roll,0.000,0
2368,9.8574,-52.765,8.375,-3.846,0.000,8.354,0.021,Fairway,roll,0.000,0
2369,9.8616,-52.766,8.375,-3.846,0.000,8.354,0.021,Fairway,roll,0.000,0
2370,9.8657,-52.766,8.375,-3.846,0.000,8.354,0.021,Fairway,roll,0.000,0
2371,9.8699,-52.767,8.375,-3.847,0.000,8.354,0.021,Fairway,roll,0.000,0
2372,9.8741,-52.768,8.375,-3.847,0.000,8.354,0.021,Fairway,roll,0.000,0
2373,9.8782,-52.768,8.375,-3.847,0.000,8.354,0.021,Fairway,roll,0.000,0
2374,9.8824,-52.769,8.375,-3.848,0.000,8.354,0.021,Fairway,roll,0.000,0
2375,9.8866,-52.770,8.375,-3.848,0.000,8.354,0.021,Fairway,roll,0.000,0
2376,9.8907,-52.770,8.375,-3.848,0.000,8.354,0.021,Fairway,roll,0.000,0
2377,9.8949,-52.771,8.375,-3.848,0.000,8.354,0.021,Fairway,roll,0.000,0
2378,9.8990,-52.772,8.375,-3.849,0.000,8.354,0.021,Fairway,roll,0.000,0
2379,9.9032,-52.772,8.375,-3.849,0.000,8.354,0.021,Fairway,roll,0.000,0
2380,9.9074,-52.773,8.375,-3.849,0.000,8.354,0.021,Fairway,roll,0.000,0
2381,9.9115,-52.774,8.375,-3.849,0.000,8.354,0.021,Fairway,roll,0.000,0
2382,9.9157,-52.774,8.375,-3.850,0.000,8.354,0.021,Fairway,roll,0.000,0
2383,9.9199,-52.775,8.375,-3.850,0.000,8.354,0.021,Fairway,roll,0.000,0
2384,9.9240,-52.776,8.375,-3.850,0.000,8.354,0.021,Fairway,roll,0.000,0
2385,9.9282,-52.776,8.375,-3.851,0.000,8.354,0.021,Fairway,roll,0.000,0
2386,9.9324,-52.777,8.375,-3.851,0.000,8.354,0.021,Fairway,roll,0.000,0
2387,9.9365,-52.777,8.375,-3.851,0.000,8.354,0.021,Fairway,roll,0.000,0
2388,9.9407,-52.778,8.375,-3.851,0.000,8.354,0.021,Fairway,roll,0.000,0
2389,9.9449,-52.779,8.375,-3.852,0.000,8.354,0.021,Fairway,roll,0.000,0
2390,9.9490,-52.779,8.375,-3.852,0.000,8.353,0.021,Fairway,roll,0.000,0
2391,9.9532,-52.780,8.375,-3.852,0.000,8.353,0.021,Fairway,roll,0.000,0
2392,9.9574,-52.781,8.375,-3.852,0.000,8.353,0.021,Fairway,roll,0.000,0
2393,9.9615,-52.781,8.375,-3.853,0.000,8.353,0.021,Fairway,roll,0.000,0
2394,9.9657,-52.782,8.375,-3.853,0.000,8.353,0.021,Fairway,roll,0.000,0
2395,9.9699,-52.783,8.375,-3.853,0.000,8.353,0.021,Fairway,roll,0.000,0
2396,9.9740,-52.783,8.375,-3.854,0.000,8.353,0.021,Fairway,roll,0.000,0
2397,9.9782,-52.784,8.375,-3.854,0.000,8.353,0.021,Fairway,roll,0.000,0
2398,9.9824,-52.785,8.375,-3.854,0.000,8.353,0.021,Fairway,roll,0.000,0
2399,9.9865,-52.785,8.375,-3.854,0.000,8.353,0.021,Fairway,roll,0.000,0
2400,9.9907,-52.786,8.375,-3.855,0.000,8.353,0.021,Fairway,roll,0.000,0
2401,9.9949,-52.787,8.375,-3.855,0.000,8.353,0.021,Fairway,roll,0.000,0
2402,9.9990,-52.787,8.375,-3.855,0.000,8.353,0.021,Fairway,roll,0.000,0
2403,10.0032,-52.788,8.374,-3.855,0.000,8.353,0.021,Fairway,roll,0.000,0
2404,10.0074,-52.789,8.374,-3.856,0.000,8.353,0.021,Fairway,roll,0.000,0
2405,10.0115,-52.789,8.374,-3.856,0.000,8.353,0.021,Fairway,roll,0.000,0
2406,10.0157,-52.790,8.374,-3.856,0.000,8.353,0.021,Fairway,roll,0.000,0
2407,10.0199,-52.791,8.374,-3.857,0.000,8.353,0.021,Fairway,roll,0.000,0
2408,10.0240,-52.791,8.374,-3.857,0.000,8.353,0.021,Fairway,roll,0.000,0
2409,10.0282,-52.792,8.374,-3.857,0.000,8.353,0.021,Fairway,roll,0.000,0
2410,10.0324,-52.793,8.374,-3.857,0.000,8.353,0.021,Fairway,roll,0.000,0
2411,10.0365,-52.793,8.374,-3.858,0.000,8.353,0.021,Fairway,roll,0.000,0
2412,10.0407,-52.794,8.374,-3.858,0.000,8.353,0.021,Fairway,roll,0.000,0
2413,10.0449,-52.794,8.374,-3.858,0.000,8.353,0.021,Fairway,roll,0.000,0
2414,10.0490,-52.795,8.374,-3.859,0.000,8.353,0.021,Fairway,roll,0.000,0
2415,10.0532,-52.796,8.374,-3.859,0.000,8.353,0.021,Fairway,roll,0.000,0
2416,10.0573,-52.796,8.374,-3.859,0.000,8.353,0.021,Fairway,roll,0.000,0
2417,10.0615,-52.797,8.374,-3.859,0.000,8.353,0.021,Fairway,roll,0.000,0
2418,10.0657,-52.798,8.374,-3.860,0.000,8.353,0.021,Fairway,roll,0.000,0
2419,10.0698,-52.798,8.374,-3.860,0.000,8.353,0.021,Fairway,roll,0.000,0
2420,10.0740,-52.799,8.374,-3.860,0.000,8.353,0.021,Fairway,roll,0.000,0
2421,10.0782,-52.800,8.374,-3.860,0.000,8.353,0.021,Fairway,roll,0.000,0
2422,10.0823,-52.800,8.374,-3.861,0.000,8.353,0.021,Fairway,roll,0.000,0
2423,10.0865,-52.801,8.374,-3.861,0.000,8.353,0.021,Fairway,roll,0.000,0
2424,10.0907,-52.802,8.374,-3.861,0.000,8.353,0.021,Fairway,roll,0.000,0
2425,10.0948,-52.802,8.374,-3.862,0.000,8.353,0.021,Fairway,roll,0.000,0
2426,10.0990,-52.803,8.374,-3.862,0.000,8.353,0.021,Fairway,roll,0.000,0
2427,10.1032,-52.803,8.374,-3.862,0.000,8.353,0.021,Fairway,roll,0.000,0
2428,10.1073,-52.804,8.374,-3.862,0.000,8.353,0.021,Fairway,roll,0.000,0
2429,10.1115,-52.805,8.374,-3.863,0.000,8.353,0.021,Fairway,roll,0.000,0
2430,10.1157,-52.805,8.374,-3.863,0.000,8.353,0.021,Fairway,roll,0.000,0
2431,10.1198,-52.806,8.374,-3.863,0.000,8.352,0.021,Fairway,roll,0.000,0
2432,10.1240,-52.807,8.374,-3.863,0.000,8.352,0.021,Fairway,roll,0.000,0
2433,10.1282,-52.807,8.374,-3.864,0.000,8.352,0.021,Fairway,roll,0.000,0
2434,10.1323,-52.808,8.374,-3.864,0.000,8.352,0.021,Fairway,roll,0.000,0
2435,10.1365,-52.809,8.374,-3.864,0.000,8.352,0.021,Fairway,roll,0.000,0
2436,10.1407,-52.809,8.374,-3.865,0.000,8.352,0.021,Fairway,roll,0.000,0
2437,10.1448,-52.810,8.374,-3.865,0.000,8.352,0.021,Fairway,roll,0.000,0
2438,10.1490,-52.810,8.374,-3.865,0.000,8.352,0.021,Fairway,roll,0.000,0
2439,10.1532,-52.811,8.374,-3.865,0.000,8.352,0.021,Fairway,roll,0.000,0
2440,10.1573,-52.812,8.374,-3.866,0.000,8.352,0.021,Fairway,roll,0.000,0
2441,10.1615,-52.812,8.374,-3.866,0.000,8.352,0.021,Fairway,roll,0.000,0
2442,10.1657,-52.813,8.374,-3.866,0.000,8.352,0.021,Fairway,roll,0.000,0
2443,10.1698,-52.814,8.374,-3.866,0.000,8.352,0.021,Fairway,roll,0.000,0
2444,10.1740,-52.814,8.374,-3.867,0.000,8.352,0.021,Fairway,roll,0.000,0
2445,10.1782,-52.815,8.374,-3.867,0.000,8.352,0.021,Fairway,roll,0.000,0
2446,10.1823,-52.816,8.374,-3.867,0.000,8.352,0.021,Fairway,roll,0.000,0
2447,10.1865,-52.816,8.374,-3.868,0.000,8.352,0.021,Fairway,roll,0.000,0
2448,10.1906,-52.817,8.374,-3.868,0.000,8.352,0.021,Fairway,roll,0.000,0
2449,10.1948,-52.817,8.374,-3.868,0.000,8.352,0.021,Fairway,roll,0.000,0
2450,10.1990,-52.818,8.374,-3.868,0.000,8.352,0.021,Fairway,roll,0.000,0
2451,10.2031,-52.819,8.374,-3.869,0.000,8.352,0.021,Fairway,roll,0.000,0
2452,10.2073,-52.819,8.374,-3.869,0.000,8.352,0.021,Fairway,roll,0.000,0
2453,10.2115,-52.820,8.374,-3.869,0.000,8.352,0.021,Fairway,roll,0.000,0
2454,10.2156,-52.821,8.374,-3.869,0.000,8.352,0.021,Fairway,roll,0.000,0
2455,10.2198,-52.821,8.374,-3.870,0.000,8.352,0.021,Fairway,roll,0.000,0
2456,10.2240,-52.822,8.374,-3.870,0.000,8.352,0.021,Fairway,roll,0.000,0
2457,10.2281,-52.822,8.373,-3.870,0.000,8.352,0.021,Fairway,roll,0.000,0
2458,10.2323,-52.823,8.373,-3.871,0.000,8.352,0.021,Fairway,roll,0.000,0
2459,10.2365,-52.824,8.373,-3.871,0.000,8.352,0.021,Fairway,roll,0.000,0
2460,10.2406,-52.824,8.373,-3.871,0.000,8.352,0.021,Fairway,roll,0.000,0
2461,10.2448,-52.825,8.373,-3.871,0.000,8.352,0.021,Fairway,roll,0.000,0
2462,10.2490,-52.826,8.373,-3.872,0.000,8.352,0.021,Fairway,roll,0.000,0
2463,10.2531,-52.826,8.373,-3.872,0.000,8.352,0.021,Fairway,roll,0.000,0
2464,10.2573,-52.827,8.373,-3.872,0.000,8.352,0.021,Fairway,roll,0.000,0
2465,10.2615,-52.827,8.373,-3.872,0.000,8.352,0.021,Fairway,roll,0.000,0
2466,10.2656,-52.828,8.373,-3.873,0.000,8.352,0.021,Fairway,roll,0.000,0
2467,10.2698,-52.829,8.373,-3.873,0.000,8.352,0.021,Fairway,roll,0.000,0
2468,10.2740,-52.829,8.373,-3.873,0.000,8.352,0.021,Fairway,roll,0.000,0
2469,10.2781,-52.830,8.373,-3.873,0.000,8.352,0.021,Fairway,roll,0.000,0
2470,10.2823,-52.831,8.373,-3.874,0.000,8.352,0.021,Fairway,roll,0.000,0
2471,10.2865,-52.831,8.373,-3.874,0.000,8.352,0.021,Fairway,roll,0.000,0
2472,10.2906,-52.832,8.373,-3.874,0.000,8.352,0.021,Fairway,roll,0.000,0
2473,10.2948,-52.832,8.373,-3.874,0.000,8.352,0.021,Fairway,roll,0.000,0
2474,10.2990,-52.833,8.373,-3.875,0.000,8.352,0.021,Fairway,roll,0.000,0
2475,10.3031,-52.834,8.373,-3.875,0.000,8.352,0.021,Fairway,roll,0.000,0
2476,10.3073,-52.834,8.373,-3.875,0.000,8.352,0.021,Fairway,roll,0.000,0
2477,10.3115,-52.835,8.373,-3.875,0.000,8.352,0.021,Fairway,roll,0.000,0
2478,10.3156,-52.836,8.373,-3.876,0.000,8.352,0.021,Fairway,roll,0.000,0
2479,10.3198,-52.836,8.373,-3.876,0.000,8.352,0.021,Fairway,roll,0.000,0
2480,10.3239,-52.837,8.373,-3.876,0.000,8.352,0.021,Fairway,roll,0.000,0
2481,10.3281,-52.837,8.373,-3.876,0.000,8.352,0.021,Fairway,roll,0.000,0
2482,10.3323,-52.838,8.373,-3.877,0.000,8.352,0.021,Fairway,roll,0.000,0
2483,10.3364,-52.839,8.373,-3.877,0.000,8.352,0.021,Fairway,roll,0.000,0
2484,10.3406,-52.839,8.373,-3.877,0.000,8.352,0.021,Fairway,roll,0.000,0
2485,10.3448,-52.840,8.373,-3.878,0.000,8.352,0.021,Fairway,roll,0.000,0
2486,10.3489,-52.840,8.373,-3.878,0.000,8.352,0.021,Fairway,roll,0.000,0
2487,10.3531,-52.841,8.373,-3.878,0.000,8.351,0.021,Fairway,roll,0.000,0
2488,10.3573,-52.842,8.373,-3.878,0.000,8.351,0.021,Fairway,roll,0.000,0
2489,10.3614,-52.842,8.373,-3.879,0.000,8.351,0.021,Fairway,roll,0.000,0
2490,10.3656,-52.843,8.373,-3.879,0.000,8.351,0.021,Fairway,roll,0.000,0
2491,10.3698,-52.843,8.373,-3.879,0.000,8.351,0.021,Fairway,roll,0.000,0
2492,10.3739,-52.844,8.373,-3.879,0.000,8.351,0.021,Fairway,roll,0.000,0
2493,10.3781,-52.845,8.373,-3.880,0.000,8.351,0.021,Fairway,roll,0.000,0
2494,10.3823,-52.845,8.373,-3.880,0.000,8.351,0.021,Fairway,roll,0.000,0
2495,10.3864,-52.846,8.373,-3.880,0.000,8.351,0.021,Fairway,roll,0.000,0
2496,10.3906,-52.847,8.373,-3.880,0.000,8.351,0.021,Fairway,roll,0.000,0
2497,10.3948,-52.847,8.373,-3.881,0.000,8.351,0.021,Fairway,roll,0.000,0
2498,10.3989,-52.848,8.373,-3.881,0.000,8.351,0.021,Fairway,roll,0.000,0
2499,10.4031,-52.848,8.373,-3.881,0.000,8.351,0.021,Fairway,roll,0.000,0
2500,10.4073,-52.849,8.373,-3.881,0.000,8.351,0.021,Fairway,roll,0.000,0
2501,10.4114,-52.850,8.373,-3.882,0.000,8.351,0.021,Fairway,roll,0.000,0
2502,10.4156,-52.850,8.373,-3.882,0.000,8.351,0.021,Fairway,roll,0.000,0
2503,10.4198,-52.851,8.372,-3.882,0.000,8.351,0.021,Fairway,roll,0.000,0
2504,10.4239,-52.851,8.372,-3.882,0.000,8.351,0.021,Fairway,roll,0.000,0
2505,10.4281,-52.852,8.372,-3.883,0.000,8.351,0.021,Fairway,roll,0.000,0
2506,10.4323,-52.853,8.372,-3.883,0.000,8.351,0.021,Fairway,roll,0.000,0
2507,10.4364,-52.853,8.372,-3.883,0.000,8.351,0.021,Fairway,roll,0.000,0
2508,10.4406,-52.854,8.372,-3.883,0.000,8.351,0.021,Fairway,roll,0.000,0
2509,10.4448,-52.854,8.372,-3.884,0.000,8.351,0.021,Fairway,roll,0.000,0
2510,10.4489,-52.855,8.372,-3.884,0.000,8.351,0.021,Fairway,roll,0.000,0
2511,10.4531,-52.856,8.372,-3.884,0.000,8.351,0.021,Fairway,roll,0.000,0
2512,10.4572,-52.856,8.372,-3.885,0.000,8.351,0.021,Fairway,roll,0.000,0
2513,10.4614,-52.857,8.372,-3.885,0.000,8.351,0.021,Fairway,roll,0.000,0
2514,10.4656,-52.857,8.372,-3.885,0.000,8.351,0.021,Fairway,roll,0.000,0
2515,10.4697,-52.858,8.372,-3.885,0.000,8.351,0.021,Fairway,roll,0.000,0
2516,10.4739,-52.859,8.372,-3.886,0.000,8.351,0.021,Fairway,roll,0.000,0
2517,10.4781,-52.859,8.372,-3.886,0.000,8.351,0.021,Fairway,roll,0.000,0
2518,10.4822,-52.860,8.372,-3.886,0.000,8.351,0.021,Fairway,roll,0.000,0
2519,10.4864,-52.860,8.372,-3.886,0.000,8.351,0.021,Fairway,roll,0.000,0
2520,10.4906,-52.861,8.372,-3.887,0.000,8.351,0.021,Fairway,roll,0.000,0
2521,10.4947,-52.862,8.372,-3.887,0.000,8.351,0.021,Fairway,roll,0.000,0
2522,10.4989,-52.862,8.372,-3.887,0.000,8.351,0.021,Fairway,roll,0.000,0
2523,10.5031,-52.863,8.372,-3.887,0.000,8.351,0.021,Fairway,roll,0.000,0
2524,10.5072,-52.863,8.372,-3.888,0.000,8.351,0.021,Fairway,roll,0.000,0
2525,10.5114,-52.864,8.372,-3.888,0.000,8.351,0.021,Fairway,roll,0.000,0
2526,10.5156,-52.865,8.372,-3.888,0.000,8.351,0.021,Fairway,roll,0.000,0
2527,10.5197,-52.865,8.372,-3.888,0.000,8.351,0.021,Fairway,roll,0.000,0
2528,10.5239,-52.866,8.372,-3.889,0.000,8.351,0.021,Fairway,roll,0.000,0
2529,10.5281,-52.866,8.372,-3.889,0.000,8.351,0.021,Fairway,roll,0.000,0
2530,10.5322,-52.867,8.372,-3.889,0.000,8.351,0.021,Fairway,roll,0.000,0
2531,10.5364,-52.868,8.372,-3.889,0.000,8.351,0.021,Fairway,roll,0.000,0
2532,10.5406,-52.868,8.372,-3.890,0.000,8.351,0.021,Fairway,roll,0.000,0
2533,10.5447,-52.869,8.372,-3.890,0.000,8.350,0.021,Fairway,roll,0.000,0
2534,10.5489,-52.869,8.372,-3.890,0.000,8.350,0.021,Fairway,roll,0.000,0
2535,10.5531,-52.870,8.372,-3.891,0.000,8.350,0.021,Fairway,roll,0.000,0
2536,10.5572,-52.871,8.372,-3.891,0.000,8.350,0.021,Fairway,roll,0.000,0
2537,10.5614,-52.871,8.372,-3.891,0.000,8.350,0.021,Fairway,roll,0.000,0
2538,10.5656,-52.872,8.372,-3.891,0.000,8.350,0.021,Fairway,roll,0.000,0
2539,10.5697,-52.872,8.372,-3.892,0.000,8.350,0.021,Fairway,roll,0.000,0
2540,10.5739,-52.873,8.372,-3.892,0.000,8.350,0.021,Fairway,roll,0.000,0
2541,10.5781,-52.874,8.372,-3.892,0.000,8.350,0.021,Fairway,roll,0.000,0
2542,10.5822,-52.874,8.372,-3.892,0.000,8.350,0.021,Fairway,roll,0.000,0
2543,10.5864,-52.875,8.372,-3.893,0.000,8.350,0.021,Fairway,roll,0.000,0
2544,10.5906,-52.875,8.372,-3.893,0.000,8.350,0.021,Fairway,roll,0.000,0
2545,10.5947,-52.876,8.372,-3.893,0.000,8.350,0.021,Fairway,roll,0.000,0
2546,10.5989,-52.877,8.372,-3.893,0.000,8.350,0.021,Fairway,roll,0.000,0
2547,10.6030,-52.877,8.372,-3.894,0.000,8.350,0.021,Fairway,roll,0.000,0
2548,10.6072,-52.878,8.372,-3.894,0.000,8.350,0.021,Fairway,roll,0.000,0
2549,10.6114,-52.878,8.371,-3.894,0.000,8.350,0.021,Fairway,roll,0.000,0
2550,10.6155,-52.879,8.371,-3.894,0.000,8.350,0.021,Fairway,roll,0.000,0
2551,10.6197,-52.879,8.371,-3.895,0.000,8.350,0.021,Fairway,roll,0.000,0
2552,10.6239,-52.880,8.371,-3.895,0.000,8.350,0.021,Fairway,roll,0.000,0
2553,10.6280,-52.881,8.371,-3.895,0.000,8.350,0.021,Fairway,roll,0.000,0
2554,10.6322,-52.881,8.371,-3.895,0.000,8.350,0.021,Fairway,roll,0.000,0
2555,10.6364,-52.882,8.371,-3.896,0.000,8.350,0.021,Fairway,roll,0.000,0
2556,10.6405,-52.882,8.371,-3.896,0.000,8.350,0.021,Fairway,roll,0.000,0
2557,10.6447,-52.883,8.371,-3.896,0.000,8.350,0.021,Fairway,roll,0.000,0
2558,10.6489,-52.884,8.371,-3.896,0.000,8.350,0.021,Fairway,roll,0.000,0
2559,10.6530,-52.884,8.371,-3.897,0.000,8.350,0.021,Fairway,roll,0.000,0
2560,10.6572,-52.885,8.371,-3.897,0.000,8.350,0.021,Fairway,roll,0.000,0
2561,10.6614,-52.885,8.371,-3.897,0.000,8.350,0.021,Fairway,roll,0.000,0
2562,10.6655,-52.886,8.371,-3.897,0.000,8.350,0.021,Fairway,roll,0.000,0
2563,10.6697,-52.886,8.371,-3.898,0.000,8.350,0.021,Fairway,roll,0.000,0
2564,10.6739,-52.887,8.371,-3.898,0.000,8.350,0.021,Fairway,roll,0.000,0
2565,10.6780,-52.888,8.371,-3.898,0.000,8.350,0.021,Fairway,roll,0.000,0
2566,10.6822,-52.888,8.371,-3.898,0.000,8.350,0.021,Fairway,roll,0.000,0
2567,10.6864,-52.889,8.371,-3.899,0.000,8.350,0.021,Fairway,roll,0.000,0
2568,10.6905,-52.889,8.371,-3.899,0.000,8.350,0.021,Fairway,roll,0.000,0
2569,10.6947,-52.890,8.371,-3.899,0.000,8.350,0.021,Fairway,roll,0.000,0
2570,10.6989,-52.890,8.371,-3.899,0.000,8.350,0.021,Fairway,roll,0.000,0
2571,10.7030,-52.891,8.371,-3.900,0.000,8.350,0.021,Fairway,roll,0.000,0
2572,10.7072,-52.892,8.371,-3.900,0.000,8.350,0.021,Fairway,roll,0.000,0
2573,10.7114,-52.892,8.371,-3.900,0.000,8.350,0.021,Fairway,roll,0.000,0
2574,10.7155,-52.893,8.371,-3.900,0.000,8.350,0.021,Fairway,roll,0.000,0
2575,10.7197,-52.893,8.371,-3.901,0.000,8.350,0.021,Fairway,roll,0.000,0
2576,10.7239,-52.894,8.371,-3.901,0.000,8.350,0.021,Fairway,roll,0.000,0
2577,10.7280,-52.895,8.371,-3.901,0.000,8.350,0.021,Fairway,roll,0.000,0
2578,10.7322,-52.895,8.371,-3.901,0.000,8.350,0.021,Fairway,roll,0.000,0
2579,10.7363,-52.896,8.371,-3.902,0.000,8.350,0.021,Fairway,roll,0.000,0
2580,10.7405,-52.896,8.371,-3.902,0.000,8.350,0.021,Fairway,roll,0.000,0
2581,10.7447,-52.897,8.371,-3.902,0.000,8.350,0.021,Fairway,roll,0.000,0
2582,10.7488,-52.897,8.371,-3.902,0.000,8.350,0.021,Fairway,roll,0.000,0
2583,10.7530,-52.898,8.371,-3.903,0.000,8.350,0.021,Fairway,roll,0.000,0
2584,10.7572,-52.899,8.371,-3.903,0.000,8.350,0.021,Fairway,roll,0.000,0
2585,10.7613,-52.899,8.371,-3.903,0.000,8.350,0.021,Fairway,roll,0.000,0
2586,10.7655,-52.900,8.371,-3.903,0.000,8.350,0.021,Fairway,roll,0.000,0
2587,10.7697,-52.900,8.371,-3.904,0.000,8.350,0.021,Fairway,roll,0.000,0
2588,10.7738,-52.901,8.371,-3.904,0.000,8.350,0.021,Fairway,roll,0.000,0
2589,10.7780,-52.902,8.371,-3.904,0.000,8.350,0.021,Fairway,roll,0.000,0
2590,10.7822,-52.902,8.371,-3.904,0.000,8.350,0.021,Fairway,roll,0.000,0
2591,10.7863,-52.903,8.371,-3.905,0.000,8.349,0.021,Fairway,roll,0.000,0
2592,10.7905,-52.903,8.371,-3.905,0.000,8.349,0.021,Fairway,roll,0.000,0
2593,10.7947,-52.904,8.371,-3.905,0.000,8.349,0.021,Fairway,roll,0.000,0
2594,10.7988,-52.904,8.371,-3.905,0.000,8.349,0.021,Fairway,roll,0.000,0
2595,10.8030,-52.905,8.371,-3.906,0.000,8.349,0.021,Fairway,roll,0.000,0
2596,10.8072,-52.905,8.371,-3.906,0.000,8.349,0.021,Fairway,roll,0.000,0
2597,10.8113,-52.906,8.371,-3.906,0.000,8.349,0.021,Fairway,roll,0.000,0
2598,10.8155,-52.907,8.371,-3.906,0.000,8.349,0.021,Fairway,roll,0.000,0
2599,10.8197,-52.907,8.371,-3.907,0.000,8.349,0.021,Fairway,roll,0.000,0
2600,10.8238,-52.908,8.371,-3.907,0.000,8.349,0.021,Fairway,roll,0.000,0
2601,10.8280,-52.908,8.371,-3.907,0.000,8.349,0.021,Fairway,roll,0.000,0
2602,10.8322,-52.909,8.371,-3.907,0.000,8.349,0.021,Fairway,roll,0.000,0
2603,10.8363,-52.909,8.371,-3.908,0.000,8.349,0.021,Fairway,roll,0.000,0
2604,10.8405,-52.910,8.371,-3.908,0.000,8.349,0.021,Fairway,roll,0.000,0
2605,10.8447,-52.911,8.371,-3.908,0.000,8.349,0.021,Fairway,roll,0.000,0
2606,10.8488,-52.911,8.370,-3.908,0.000,8.349,0.021,Fairway,roll,0.000,0
2607,10.8530,-52.912,8.370,-3.908,0.000,8.349,0.021,Fairway,roll,0.000,0
2608,10.8572,-52.912,8.370,-3.909,0.000,8.349,0.021,Fairway,roll,0.000,0
2609,10.8613,-52.913,8.370,-3.909,0.000,8.349,0.021,Fairway,roll,0.000,0
2610,10.8655,-52.913,8.370,-3.909,0.000,8.349,0.021,Fairway,roll,0.000,0
2611,10.8696,-52.914,8.370,-3.909,0.000,8.349,0.021,Fairway,roll,0.000,0
2612,10.8738,-52.915,8.370,-3.910,0.000,8.349,0.021,Fairway,roll,0.000,0
2613,10.8780,-52.915,8.370,-3.910,0.000,8.349,0.021,Fairway,roll,0.000,0
2614,10.8821,-52.916,8.370,-3.910,0.000,8.349,0.021,Fairway,roll,0.000,0
2615,10.8863,-52.916,8.370,-3.910,0.000,8.349,0.021,Fairway,roll,0.000,0
2616,10.8905,-52.917,8.370,-3.911,0.000,8.349,0.021,Fairway,roll,0.000,0
2617,10.8946,-52.917,8.370,-3.911,0.000,8.349,0.021,Fairway,roll,0.000,0
2618,10.8988,-52.918,8.370,-3.911,0.000,8.349,0.021,Fairway,roll,0.000,0
2619,10.9030,-52.918,8.370,-3.911,0.000,8.349,0.021,Fairway,roll,0.000,0
2620,10.9071,-52.919,8.370,-3.912,0.000,8.349,0.021,Fairway,roll,0.000,0
2621,10.9113,-52.920,8.370,-3.912,0.000,8.349,0.021,Fairway,roll,0.000,0
2622,10.9155,-52.920,8.370,-3.912,0.000,8.349,0.021,Fairway,roll,0.000,0
2623,10.9196,-52.921,8.370,-3.912,0.000,8.349,0.021,Fairway,roll,0.000,0
2624,10.9238,-52.921,8.370,-3.913,0.000,8.349,0.021,Fairway,roll,0.000,0
2625,10.9280,-52.922,8.370,-3.913,0.000,8.349,0.021,Fairway,roll,0.000,0
2626,10.9321,-52.922,8.370,-3.913,0.000,8.349,0.021,Fairway,roll,0.000,0
2627,10.9363,-52.923,8.370,-3.913,0.000,8.349,0.021,Fairway,roll,0.000,0
2628,10.9405,-52.924,8.370,-3.914,0.000,8.349,0.021,Fairway,roll,0.000,0
2629,10.9446,-52.924,8.370,-3.914,0.000,8.349,0.021,Fairway,roll,0.000,0
2630,10.9488,-52.925,8.370,-3.914,0.000,8.349,0.021,Fairway,roll,0.000,0
2631,10.9530,-52.925,8.370,-3.914,0.000,8.349,0.021,Fairway,roll,0.000,0
2632,10.9571,-52.926,8.370,-3.915,0.000,8.349,0.021,Fairway,roll,0.000,0
2633,10.9613,-52.926,8.370,-3.915,0.000,8.349,0.021,Fairway,roll,0.000,0
2634,10.9655,-52.927,8.370,-3.915,0.000,8.349,0.021,Fairway,roll,0.000,0
2635,10.9696,-52.927,8.370,-3.915,0.000,8.349,0.021,Fairway,roll,0.000,0
2636,10.9738,-52.928,8.370,-3.916,0.000,8.349,0.021,Fairway,roll,0.000,0
2637,10.9780,-52.929,8.370,-3.916,0.000,8.349,0.021,Fairway,roll,0.000,0
2638,10.9821,-52.929,8.370,-3.916,0.000,8.349,0.021,Fairway,roll,0.000,0
2639,10.9863,-52.930,8.370,-3.916,0.000,8.349,0.021,Fairway,roll,0.000,0
2640,10.9905,-52.930,8.370,-3.917,0.000,8.349,0.021,Fairway,roll,0.000,0
2641,10.9946,-52.931,8.370,-3.917,0.000,8.349,0.021,Fairway,roll,0.000,0
2642,10.9988,-52.931,8.370,-3.917,0.000,8.349,0.021,Fairway,roll,0.000,0
2643,11.0029,-52.932,8.370,-3.917,0.000,8.349,0.021,Fairway,roll,0.000,0
2644,11.0071,-52.932,8.370,-3.918,0.000,8.349,0.021,Fairway,roll,0.000,0
2645,11.0113,-52.933,8.370,-3.918,0.000,8.349,0.021,Fairway,roll,0.000,0
2646,11.0154,-52.933,8.370,-3.918,0.000,8.348,0.021,Fairway,roll,0.000,0
2647,11.0196,-52.934,8.370,-3.918,0.000,8.348,0.021,Fairway,roll,0.000,0
2648,11.0238,-52.935,8.370,-3.918,0.000,8.348,0.021,Fairway,roll,0.000,0
2649,11.0279,-52.935,8.370,-3.919,0.000,8.348,0.021,Fairway,roll,0.000,0
2650,11.0321,-52.936,8.370,-3.919,0.000,8.348,0.021,Fairway,roll,0.000,0
2651,11.0363,-52.936,8.370,-3.919,0.000,8.348,0.021,Fairway,roll,0.000,0
2652,11.0404,-52.937,8.370,-3.919,0.000,8.348,0.021,Fairway,roll,0.000,0
2653,11.0446,-52.937,8.370,-3.920,0.000,8.348,0.021,Fairway,roll,0.000,0
2654,11.0488,-52.938,8.370,-3.920,0.000,8.348,0.021,Fairway,roll,0.000,0
2655,11.0529,-52.938,8.370,-3.920,0.000,8.348,0.021,Fairway,roll,0.000,0
2656,11.0571,-52.939,8.370,-3.920,0.000,8.348,0.021,Fairway,roll,0.000,0
2657,11.0613,-52.940,8.370,-3.921,0.000,8.348,0.021,Fairway,roll,0.000,0
2658,11.0654,-52.940,8.370,-3.921,0.000,8.348,0.021,Fairway,roll,0.000,0
2659,11.0696,-52.941,8.370,-3.921,0.000,8.348,0.021,Fairway,roll,0.000,0
2660,11.0738,-52.941,8.370,-3.921,0.000,8.348,0.021,Fairway,roll,0.000,0
2661,11.0779,-52.942,8.370,-3.922,0.000,8.348,0.021,Fairway,roll,0.000,0
2662,11.0821,-52.942,8.369,-3.922,0.000,8.348,0.021,Fairway,roll,0.000,0
2663,11.0863,-52.943,8.369,-3.922,0.000,8.348,0.021,Fairway,roll,0.000,0
2664,11.0904,-52.943,8.369,-3.922,0.000,8.348,0.021,Fairway,roll,0.000,0
2665,11.0946,-52.944,8.369,-3.923,0.000,8.348,0.021,Fairway,roll,0.000,0
2666,11.0988,-52.944,8.369,-3.923,0.000,8.348,0.021,Fairway,roll,0.000,0
2667,11.1029,-52.945,8.369,-3.923,0.000,8.348,0.021,Fairway,roll,0.000,0
2668,11.1071,-52.946,8.369,-3.923,0.000,8.348,0.021,Fairway,roll,0.000,0
2669,11.1113,-52.946,8.369,-3.924,0.000,8.348,0.021,Fairway,roll,0.000,0
2670,11.1154,-52.947,8.369,-3.924,0.000,8.348,0.021,Fairway,roll,0.000,0
2671,11.1196,-52.947,8.369,-3.924,0.000,8.348,0.021,Fairway,roll,0.000,0
2672,11.1238,-52.948,8.369,-3.924,0.000,8.348,0.021,Fairway,roll,0.000,0
2673,11.1279,-52.948,8.369,-3.925,0.000,8.348,0.021,Fairway,roll,0.000,0
2674,11.1321,-52.949,8.369,-3.925,0.000,8.348,0.021,Fairway,roll,0.000,0
2675,11.1363,-52.949,8.369,-3.925,0.000,8.348,0.021,Fairway,roll,0.000,0
2676,11.1404,-52.950,8.369,-3.925,0.000,8.348,0.021,Fairway,roll,0.000,0
2677,11.1446,-52.950,8.369,-3.926,0.000,8.348,0.021,Fairway,roll,0.000,0
2678,11.1487,-52.951,8.369,-3.926,0.000,8.348,0.021,Fairway,roll,0.000,0
2679,11.1529,-52.951,8.369,-3.926,0.000,8.348,0.021,Fairway,roll,0.000,0
2680,11.1571,-52.952,8.369,-3.926,0.000,8.348,0.021,Fairway,roll,0.000,0
2681,11.1612,-52.953,8.369,-3.927,0.000,8.348,0.021,Fairway,roll,0.000,0
2682,11.1654,-52.953,8.369,-3.927,0.000,8.348,0.021,Fairway,roll,0.000,0
2683,11.1696,-52.954,8.369,-3.927,0.000,8.348,0.021,Fairway,roll,0.000,0
2684,11.1737,-52.954,8.369,-3.927,0.000,8.348,0.021,Fairway,roll,0.000,0
2685,11.1779,-52.955,8.369,-3.927,0.000,8.348,0.021,Fairway,roll,0.000,0
2686,11.1821,-52.955,8.369,-3.928,0.000,8.348,0.021,Fairway,roll,0.000,0
2687,11.1862,-52.956,8.369,-3.928,0.000,8.348,0.021,Fairway,roll,0.000,0
2688,11.1904,-52.956,8.369,-3.928,0.000,8.348,0.021,Fairway,roll,0.000,0
2689,11.1946,-52.957,8.369,-3.928,0.000,8.348,0.021,Fairway,roll,0.000,0
2690,11.1987,-52.957,8.369,-3.929,0.000,8.348,0.021,Fairway,roll,0.000,0
2691,11.2029,-52.958,8.369,-3.929,0.000,8.348,0.021,Fairway,roll,0.000,0
2692,11.2071,-52.958,8.369,-3.929,0.000,8.348,0.021,Fairway,roll,0.000,0
2693,11.2112,-52.959,8.369,-3.929,0.000,8.348,0.021,Fairway,roll,0.000,0
2694,11.2154,-52.959,8.369,-3.930,0.000,8.348,0.021,Fairway,roll,0.000,0
2695,11.2196,-52.960,8.369,-3.930,0.000,8.348,0.021,Fairway,roll,0.000,0
2696,11.2237,-52.961,8.369,-3.930,0.000,8.348,0.021,Fairway,roll,0.000,0
2697,11.2279,-52.961,8.369,-3.930,0.000,8.348,0.021,Fairway,roll,0.000,0
2698,11.2321,-52.962,8.369,-3.930,0.000,8.348,0.021,Fairway,roll,0.000,0
2699,11.2362,-52.962,8.369,-3.931,0.000,8.348,0.021,Fairway,roll,0.000,0
2700,11.2404,-52.963,8.369,-3.931,0.000,8.348,0.021,Fairway,roll,0.000,0
2701,11.2446,-52.963,8.369,-3.931,0.000,8.348,0.021,Fairway,roll,0.000,0
2702,11.2487,-52.964,8.369,-3.931,0.000,8.347,0.021,Fairway,roll,0.000,0
2703,11.2529,-52.964,8.369,-3.932,0.000,8.347,0.021,Fairway,roll,0.000,0
2704,11.2571,-52.965,8.369,-3.932,0.000,8.347,0.021,Fairway,roll,0.000,0
2705,11.2612,-52.965,8.369,-3.932,0.000,8.347,0.021,Fairway,roll,0.000,0
2706,11.2654,-52.966,8.369,-3.932,0.000,8.347,0.021,Fairway,roll,0.000,0
2707,11.2696,-52.966,8.369,-3.932,0.000,8.347,0.021,Fairway,roll,0.000,0
2708,11.2737,-52.967,8.369,-3.933,0.000,8.347,0.021,Fairway,roll,0.000,0
2709,11.2779,-52.967,8.369,-3.933,0.000,8.347,0.021,Fairway,roll,0.000,0
2710,11.2820,-52.968,8.369,-3.933,0.000,8.347,0.021,Fairway,roll,0.000,0
2711,11.2862,-52.969,8.369,-3.933,0.000,8.347,0.021,Fairway,roll,0.000,0
2712,11.2904,-52.969,8.369,-3.934,0.000,8.347,0.021,Fairway,roll,0.000,0
2713,11.2945,-52.970,8.369,-3.934,0.000,8.347,0.021,Fairway,roll,0.000,0
2714,11.2987,-52.970,8.369,-3.934,0.000,8.347,0.021,Fairway,roll,0.000,0
2715,11.3029,-52.971,8.369,-3.934,0.000,8.347,0.021,Fairway,roll,0.000,0
2716,11.3070,-52.971,8.369,-3.935,0.000,8.347,0.021,Fairway,roll,0.000,0
2717,11.3112,-52.972,8.369,-3.935,0.000,8.347,0.021,Fairway,roll,0.000,0
2718,11.3154,-52.972,8.369,-3.935,0.000,8.347,0.021,Fairway,roll,0.000,0
2719,11.3195,-52.973,8.368,-3.935,0.000,8.347,0.021,Fairway,roll,0.000,0
2720,11.3237,-52.973,8.368,-3.935,0.000,8.347,0.021,Fairway,roll,0.000,0
2721,11.3279,-52.974,8.368,-3.936,0.000,8.347,0.021,Fairway,roll,0.000,0
2722,11.3320,-52.974,8.368,-3.936,0.000,8.347,0.021,Fairway,roll,0.000,0
2723,11.3362,-52.975,8.368,-3.936,0.000,8.347,0.021,Fairway,roll,0.000,0
2724,11.3404,-52.975,8.368,-3.936,0.000,8.347,0.021,Fairway,roll,0.000,0
2725,11.3445,-52.976,8.368,-3.937,0.000,8.347,0.021,Fairway,roll,0.000,0
2726,11.3487,-52.976,8.368,-3.937,0.000,8.347,0.021,Fairway,roll,0.000,0
2727,11.3529,-52.977,8.368,-3.937,0.000,8.347,0.021,Fairway,roll,0.000,0
2728,11.3570,-52.977,8.368,-3.937,0.000,8.347,0.021,Fairway,roll,0.000,0
2729,11.3612,-52.978,8.368,-3.938,0.000,8.347,0.021,Fairway,roll,0.000,0
2730,11.3654,-52.978,8.368,-3.938,0.000,8.347,0.021,Fairway,roll,0.000,0
2731,11.3695,-52.979,8.368,-3.938,0.000,8.347,0.021,Fairway,roll,0.000,0
2732,11.3737,-52.979,8.368,-3.938,0.000,8.347,0.021,Fairway,roll,0.000,0
2733,11.3779,-52.980,8.368,-3.938,0.000,8.347,0.021,Fairway,roll,0.000,0
2734,11.3820,-52.980,8.368,-3.939,0.000,8.347,0.021,Fairway,roll,0.000,0
2735,11.3862,-52.981,8.368,-3.939,0.000,8.347,0.021,Fairway,roll,0.000,0
2736,11.3904,-52.981,8.368,-3.939,0.000,8.347,0.021,Fairway,roll,0.000,0
2737,11.3945,-52.982,8.368,-3.939,0.000,8.347,0.021,Fairway,roll,0.000,0
2738,11.3987,-52.983,8.368,-3.940,0.000,8.347,0.021,Fairway,roll,0.000,0
2739,11.4029,-52.983,8.368,-3.940,0.000,8.347,0.021,Fairway,roll,0.000,0
2740,11.4070,-52.984,8.368,-3.940,0.000,8.347,0.021,Fairway,roll,0.000,0
2741,11.4112,-52.984,8.368,-3.940,0.000,8.347,0.021,Fairway,roll,0.000,0
2742,11.4153,-52.985,8.368,-3.941,0.000,8.347,0.021,Fairway,roll,0.000,0
2743,11.4195,-52.985,8.368,-3.941,0.000,8.347,0.021,Fairway,roll,0.000,0
2744,11.4237,-52.986,8.368,-3.941,0.000,8.347,0.021,Fairway,roll,0.000,0
2745,11.4278,-52.986,8.368,-3.941,0.000,8.347,0.021,Fairway,roll,0.000,0
2746,11.4320,-52.987,8.368,-3.941,0.000,8.347,0.021,Fairway,roll,0.000,0
2747,11.4362,-52.987,8.368,-3.942,0.000,8.347,0.021,Fairway,roll,0.000,0
2748,11.4403,-52.988,8.368,-3.942,0.000,8.347,0.021,Fairway,roll,0.000,0
2749,11.4445,-52.988,8.368,-3.942,0.000,8.347,0.021,Fairway,roll,0.000,0
2750,11.4487,-52.989,8.368,-3.942,0.000,8.347,0.021,Fairway,roll,0.000,0
2751,11.4528,-52.989,8.368,-3.943,0.000,8.347,0.021,Fairway,roll,0.000,0
2752,11.4570,-52.990,8.368,-3.943,0.000,8.347,0.021,Fairway,roll,0.000,0
2753,11.4612,-52.990,8.368,-3.943,0.000,8.346,0.021,Fairway,roll,0.000,0
2754,11.4653,-52.991,8.368,-3.943,0.000,8.346,0.021,Fairway,roll,0.000,0
2755,11.4695,-52.991,8.368,-3.943,0.000,8.346,0.021,Fairway,roll,0.000,0
2756,11.4737,-52.992,8.368,-3.944,0.000,8.346,0.021,Fairway,roll,0.000,0
2757,11.4778,-52.992,8.368,-3.944,0.000,8.346,0.021,Fairway,roll,0.000,0
2758,11.4820,-52.993,8.368,-3.944,0.000,8.346,0.021,Fairway,roll,0.000,0
2759,11.4862,-52.993,8.368,-3.944,0.000,8.346,0.021,Fairway,roll,0.000,0
2760,11.4903,-52.994,8.368,-3.945,0.000,8.346,0.021,Fairway,roll,0.000,0
2761,11.4945,-52.994,8.368,-3.945,0.000,8.346,0.021,Fairway,roll,0.000,0
2762,11.4987,-52.995,8.368,-3.945,0.000,8.346,0.021,Fairway,roll,0.000,0
2763,11.5028,-52.995,8.368,-3.945,0.000,8.346,0.021,Fairway,roll,0.000,0
2764,11.5070,-52.996,8.368,-3.946,0.000,8.346,0.021,Fairway,roll,0.000,0
2765,11.5112,-52.996,8.368,-3.946,0.000,8.346,0.021,Fairway,roll,0.000,0
2766,11.5153,-52.997,8.368,-3.946,0.000,8.346,0.021,Fairway,roll,0.000,0
2767,11.5195,-52.997,8.368,-3.946,0.000,8.346,0.021,Fairway,roll,0.000,0
2768,11.5237,-52.998,8.368,-3.946,0.000,8.346,0.021,Fairway,roll,0.000,0
2769,11.5278,-52.998,8.368,-3.947,0.000,8.346,0.021,Fairway,roll,0.000,0
2770,11.5320,-52.999,8.368,-3.947,0.000,8.346,0.021,Fairway,roll,0.000,0
2771,11.5362,-52.999,8.368,-3.947,0.000,8.346,0.021,Fairway,roll,0.000,0
2772,11.5403,-53.000,8.368,-3.947,0.000,8.346,0.021,Fairway,roll,0.000,0
2773,11.5445,-53.000,8.368,-3.948,0.000,8.346,0.021,Fairway,roll,0.000,0
2774,11.5487,-53.001,8.368,-3.948,0.000,8.346,0.021,Fairway,roll,0.000,0
2775,11.5528,-53.001,8.368,-3.948,0.000,8.346,0.021,Fairway,roll,0.000,0
2776,11.5570,-53.002,8.368,-3.948,0.000,8.346,0.021,Fairway,roll,0.000,0
2777,11.5611,-53.002,8.368,-3.949,0.000,8.346,0.021,Fairway,roll,0.000,0
2778,11.5653,-53.003,8.368,-3.949,0.000,8.346,0.021,Fairway,roll,0.000,0
2779,11.5695,-53.003,8.368,-3.949,0.000,8.346,0.021,Fairway,roll,0.000,0
2780,11.5736,-53.004,8.368,-3.949,0.000,8.346,0.021,Fairway,roll,0.000,0
2781,11.5778,-53.004,8.368,-3.949,0.000,8.346,0.021,Fairway,roll,0.000,0
2782,11.5820,-53.005,8.368,-3.950,0.000,8.346,0.021,Fairway,roll,0.000,0
2783,11.5861,-53.005,8.367,-3.950,0.000,8.346,0.021,Fairway,roll,0.000,0
2784,11.5903,-53.006,8.367,-3.950,0.000,8.346,0.021,Fairway,roll,0.000,0
2785,11.5945,-53.006,8.367,-3.950,0.000,8.346,0.021,Fairway,roll,0.000,0
2786,11.5986,-53.007,8.367,-3.951,0.000,8.346,0.021,Fairway,roll,0.000,0
2787,11.6028,-53.007,8.367,-3.951,0.000,8.346,0.021,Fairway,roll,0.000,0
2788,11.6070,-53.008,8.367,-3.951,0.000,8.346,0.021,Fairway,roll,0.000,0
2789,11.6111,-53.008,8.367,-3.951,0.000,8.346,0.021,Fairway,roll,0.000,0
2790,11.6153,-53.009,8.367,-3.951,0.000,8.346,0.021,Fairway,roll,0.000,0
2791,11.6195,-53.009,8.367,-3.952,0.000,8.346,0.021,Fairway,roll,0.000,0
2792,11.6236,-53.010,8.367,-3.952,0.000,8.346,0.021,Fairway,roll,0.000,0
2793,11.6278,-53.010,8.367,-3.952,0.000,8.346,0.021,Fairway,roll,0.000,0
2794,11.6320,-53.011,8.367,-3.952,0.000,8.346,0.021,Fairway,roll,0.000,0
2795,11.6361,-53.011,8.367,-3.953,0.000,8.346,0.021,Fairway,roll,0.000,0
2796,11.6403,-53.012,8.367,-3.953,0.000,8.346,0.021,Fairway,roll,0.000,0
2797,11.6445,-53.012,8.367,-3.953,0.000,8.346,0.021,Fairway,roll,0.000,0
2798,11.6486,-53.013,8.367,-3.953,0.000,8.346,0.021,Fairway,roll,0.000,0
2799,11.6528,-53.013,8.367,-3.954,0.000,8.346,0.021,Fairway,roll,0.000,0
2800,11.6570,-53.014,8.367,-3.954,0.000,8.346,0.021,Fairway,roll,0.000,0
2801,11.6611,-53.014,8.367,-3.954,0.000,8.346,0.021,Fairway,roll,0.000,0
2802,11.6653,-53.015,8.367,-3.954,0.000,8.346,0.021,Fairway,roll,0.000,0
2803,11.6695,-53.015,8.367,-3.954,0.000,8.346,0.021,Fairway,roll,0.000,0
2804,11.6736,-53.016,8.367,-3.955,0.000,8.346,0.021,Fairway,roll,0.000,0
2805,11.6778,-53.016,8.367,-3.955,0.000,8.346,0.021,Fairway,roll,0.000,0
2806,11.6820,-53.017,8.367,-3.955,0.000,8.346,0.021,Fairway,roll,0.000,0
2807,11.6861,-53.017,8.367,-3.955,0.000,8.346,0.021,Fairway,roll,0.000,0
2808,11.6903,-53.018,8.367,-3.956,0.000,8.346,0.021,Fairway,roll,0.000,0
2809,11.6944,-53.018,8.367,-3.956,0.000,8.346,0.021,Fairway,roll,0.000,0
2810,11.6986,-53.019,8.367,-3.956,0.000,8.346,0.021,Fairway,roll,0.000,0
2811,11.7028,-53.019,8.367,-3.956,0.000,8.346,0.021,Fairway,roll,0.000,0
2812,11.7069,-53.020,8.367,-3.956,0.000,8.346,0.021,Fairway,roll,0.000,0
2813,11.7111,-53.020,8.367,-3.957,0.000,8.346,0.021,Fairway,roll,0.000,0
2814,11.7153,-53.021,8.367,-3.957,0.000,8.346,0.021,Fairway,roll,0.000,0
2815,11.7194,-53.021,8.367,-3.957,0.000,8.346,0.021,Fairway,roll,0.000,0
2816,11.7236,-53.022,8.367,-3.957,0.000,8.346,0.021,Fairway,roll,0.000,0
2817,11.7278,-53.022,8.367,-3.957,0.000,8.346,0.021,Fairway,roll,0.000,0
2818,11.7319,-53.023,8.367,-3.958,0.000,8.346,0.021,Fairway,roll,0.000,0
2819,11.7361,-53.023,8.367,-3.958,0.000,8.345,0.021,Fairway,roll,0.000,0
2820,11.7403,-53.024,8.367,-3.958,0.000,8.345,0.021,Fairway,roll,0.000,0
2821,11.7444,-53.024,8.367,-3.958,0.000,8.345,0.021,Fairway,roll,0.000,0
2822,11.7486,-53.025,8.367,-3.958,0.000,8.345,0.021,Fairway,roll,0.000,0
2823,11.7528,-53.025,8.367,-3.959,0.000,8.345,0.021,Fairway,roll,0.000,0
2824,11.7569,-53.026,8.367,-3.959,0.000,8.345,0.021,Fairway,roll,0.000,0
2825,11.7611,-53.026,8.367,-3.959,0.000,8.345,0.021,Fairway,roll,0.000,0
2826,11.7653,-53.027,8.367,-3.959,0.000,8.345,0.021,Fairway,roll,0.000,0
2827,11.7694,-53.027,8.367,-3.960,0.000,8.345,0.021,Fairway,roll,0.000,0
2828,11.7736,-53.028,8.367,-3.960,0.000,8.345,0.021,Fairway,roll,0.000,0
2829,11.7778,-53.028,8.367,-3.960,0.000,8.345,0.021,Fairway,roll,0.000,0
2830,11.7819,-53.029,8.367,-3.960,0.000,8.345,0.021,Fairway,roll,0.000,0
2831,11.7861,-53.029,8.367,-3.960,0.000,8.345,0.021,Fairway,roll,0.000,0
2832,11.7903,-53.030,8.367,-3.961,0.000,8.345,0.021,Fairway,roll,0.000,0
2833,11.7944,-53.030,8.367,-3.961,0.000,8.345,0.021,Fairway,roll,0.000,0
2834,11.7986,-53.031,8.367,-3.961,0.000,8.345,0.021,Fairway,roll,0.000,0
2835,11.8028,-53.031,8.367,-3.961,0.000,8.345,0.021,Fairway,roll,0.000,0
2836,11.8069,-53.032,8.367,-3.961,0.000,8.345,0.021,Fairway,roll,0.000,0
2837,11.8111,-53.032,8.367,-3.962,0.000,8.345,0.021,Fairway,roll,0.000,0
2838,11.8153,-53.033,8.367,-3.962,0.000,8.345,0.021,Fairway,roll,0.000,0
2839,11.8194,-53.033,8.367,-3.962,0.000,8.345,0.021,Fairway,roll,0.000,0
2840,11.8236,-53.034,8.367,-3.962,0.000,8.345,0.021,Fairway,roll,0.000,0
2841,11.8277,-53.034,8.367,-3.963,0.000,8.345,0.021,Fairway,roll,0.000,0
2842,11.8319,-53.035,8.366,-3.963,0.000,8.345,0.021,Fairway,roll,0.000,0
2843,11.8361,-53.035,8.366,-3.963,0.000,8.345,0.021,Fairway,roll,0.000,0
2844,11.8402,-53.035,8.366,-3.963,0.000,8.345,0.021,Fairway,roll,0.000,0
2845,11.8444,-53.036,8.366,-3.963,0.000,8.345,0.021,Fairway,roll,0.000,0
2846,11.8486,-53.036,8.366,-3.964,0.000,8.345,0.021,Fairway,roll,0.000,0
2847,11.8527,-53.037,8.366,-3.964,0.000,8.345,0.021,Fairway,roll,0.000,0
2848,11.8569,-53.037,8.366,-3.964,0.000,8.345,0.021,Fairway,roll,0.000,0
2849,11.8611,-53.038,8.366,-3.964,0.000,8.345,0.021,Fairway,roll,0.000,0
2850,11.8652,-53.038,8.366,-3.964,0.000,8.345,0.021,Fairway,roll,0.000,0
2851,11.8694,-53.039,8.366,-3.965,0.000,8.345,0.021,Fairway,roll,0.000,0
2852,11.8736,-53.039,8.366,-3.965,0.000,8.345,0.021,Fairway,roll,0.000,0
2853,11.8777,-53.040,8.366,-3.965,0.000,8.345,0.021,Fairway,roll,0.000,0
2854,11.8819,-53.040,8.366,-3.965,0.000,8.345,0.021,Fairway,roll,0.000,0
2855,11.8861,-53.041,8.366,-3.966,0.000,8.345,0.021,Fairway,roll,0.000,0
2856,11.8902,-53.041,8.366,-3.966,0.000,8.345,0.021,Fairway,roll,0.000,0
2857,11.8944,-53.042,8.366,-3.966,0.000,8.345,0.021,Fairway,roll,0.000,0
2858,11.8986,-53.042,8.366,-3.966,0.000,8.345,0.021,Fairway,roll,0.000,0
2859,11.9027,-53.043,8.366,-3.966,0.000,8.345,0.021,Fairway,roll,0.000,0
2860,11.9069,-53.043,8.366,-3.967,0.000,8.345,0.021,Fairway,roll,0.000,0
2861,11.9111,-53.044,8.366,-3.967,0.000,8.345,0.021,Fairway,roll,0.000,0
2862,11.9152,-53.044,8.366,-3.967,0.000,8.345,0.021,Fairway,roll,0.000,0
2863,11.9194,-53.045,8.366,-3.967,0.000,8.345,0.021,Fairway,roll,0.000,0
2864,11.9236,-53.045,8.366,-3.967,0.000,8.345,0.021,Fairway,roll,0.000,0
2865,11.9277,-53.045,8.366,-3.968,0.000,8.345,0.021,Fairway,roll,0.000,0
2866,11.9319,-53.046,8.366,-3.968,0.000,8.345,0.021,Fairway,roll,0.000,0
2867,11.9361,-53.046,8.366,-3.968,0.000,8.345,0.021,Fairway,roll,0.000,0
2868,11.9402,-53.047,8.366,-3.968,0.000,8.345,0.021,Fairway,roll,0.000,0
2869,11.9444,-53.047,8.366,-3.969,0.000,8.345,0.021,Fairway,roll,0.000,0
2870,11.9486,-53.048,8.366,-3.969,0.000,8.345,0.021,Fairway,roll,0.000,0
2871,11.9527,-53.048,8.366,-3.969,0.000,8.345,0.021,Fairway,roll,0.000,0
2872,11.9569,-53.049,8.366,-3.969,0.000,8.345,0.021,Fairway,roll,0.000,0
2873,11.9610,-53.049,8.366,-3.969,0.000,8.345,0.021,Fairway,roll,0.000,0
2874,11.9652,-53.050,8.366,-3.970,0.000,8.345,0.021,Fairway,roll,0.000,0
2875,11.9694,-53.050,8.366,-3.970,0.000,8.345,0.021,Fairway,roll,0.000,0
2876,11.9735,-53.051,8.366,-3.970,0.000,8.345,0.021,Fairway,roll,0.000,0
2877,11.9777,-53.051,8.366,-3.970,0.000,8.345,0.021,Fairway,roll,0.000,0
2878,11.9819,-53.052,8.366,-3.970,0.000,8.344,0.021,Fairway,roll,0.000,0
2879,11.9860,-53.052,8.366,-3.971,0.000,8.344,0.021,Fairway,roll,0.000,0
2880,11.9902,-53.053,8.366,-3.971,0.000,8.344,0.021,Fairway,roll,0.000,0
2881,11.9944,-53.053,8.366,-3.971,0.000,8.344,0.021,Fairway,roll,0.000,0
2882,11.9985,-53.054,8.366,-3.971,0.000,8.344,0.021,Fairway,roll,0.000,0
2883,12.0027,-53.054,8.366,-3.972,0.000,8.344,0.021,Fairway,roll,0.000,0
2884,12.0069,-53.054,8.366,-3.972,0.000,8.344,0.021,Fairway,roll,0.000,0
2885,12.0110,-53.055,8.366,-3.972,0.000,8.344,0.021,Fairway,roll,0.000,0
2886,12.0152,-53.055,8.366,-3.972,0.000,8.344,0.021,Fairway,roll,0.000,0
2887,12.0194,-53.056,8.366,-3.972,0.000,8.344,0.021,Fairway,roll,0.000,0
2888,12.0235,-53.056,8.366,-3.973,0.000,8.344,0.021,Fairway,roll,0.000,0
2889,12.0277,-53.057,8.366,-3.973,0.000,8.344,0.021,Fairway,roll,0.000,0
2890,12.0319,-53.057,8.366,-3.973,0.000,8.344,0.021,Fairway,roll,0.000,0
2891,12.0360,-53.058,8.366,-3.973,0.000,8.344,0.021,Fairway,roll,0.000,0
2892,12.0402,-53.058,8.366,-3.973,0.000,8.344,0.021,Fairway,roll,0.000,0
2893,12.0444,-53.059,8.366,-3.974,0.000,8.344,0.021,Fairway,roll,0.000,0
2894,12.0485,-53.059,8.366,-3.974,0.000,8.344,0.021,Fairway,roll,0.000,0
2895,12.0527,-53.060,8.366,-3.974,0.000,8.344,0.021,Fairway,roll,0.000,0
2896,12.0569,-53.060,8.366,-3.974,0.000,8.344,0.021,Fairway,roll,0.000,0
2897,12.0610,-53.061,8.365,-3.975,0.000,8.344,0.021,Fairway,roll,0.000,0
2898,12.0652,-53.061,8.365,-3.975,0.000,8.344,0.021,Fairway,roll,0.000,0
2899,12.0694,-53.062,8.365,-3.975,0.000,8.344,0.021,Fairway,roll,0.000,0
2900,12.0735,-53.062,8.365,-3.975,0.000,8.344,0.021,Fairway,roll,0.000,0
2901,12.0777,-53.062,8.365,-3.975,0.000,8.344,0.021,Fairway,roll,0.000,0
2902,12.0819,-53.063,8.365,-3.976,0.000,8.344,0.021,Fairway,roll,0.000,0
2903,12.0860,-53.063,8.365,-3.976,0.000,8.344,0.021,Fairway,roll,0.000,0
2904,12.0902,-53.064,8.365,-3.976,0.000,8.344,0.021,Fairway,roll,0.000,0
2905,12.0944,-53.064,8.365,-3.976,0.000,8.344,0.021,Fairway,roll,0.000,0
2906,12.0985,-53.065,8.365,-3.976,0.000,8.344,0.021,Fairway,roll,0.000,0
2907,12.1027,-53.065,8.365,-3.977,0.000,8.344,0.021,Fairway,roll,0.000,0
2908,12.1068,-53.066,8.365,-3.977,0.000,8.344,0.021,Fairway,roll,0.000,0
2909,12.1110,-53.066,8.365,-3.977,0.000,8.344,0.021,Fairway,roll,0.000,0
2910,12.1152,-53.067,8.365,-3.977,0.000,8.344,0.021,Fairway,roll,0.000,0
2911,12.1193,-53.067,8.365,-3.978,0.000,8.344,0.021,Fairway,roll,0.000,0
2912,12.1235,-53.067,8.365,-3.978,0.000,8.344,0.021,Fairway,roll,0.000,0
2913,12.1277,-53.068,8.365,-3.978,0.000,8.344,0.021,Fairway,roll,0.000,0
2914,12.1318,-53.068,8.365,-3.978,0.000,8.344,0.021,Fairway,roll,0.000,0
2915,12.1360,-53.069,8.365,-3.978,0.000,8.344,0.021,Fairway,roll,0.000,0
2916,12.1402,-53.069,8.365,-3.979,0.000,8.344,0.021,Fairway,roll,0.000,0
2917,12.1443,-53.070,8.365,-3.979,0.000,8.344,0.021,Fairway,roll,0.000,0
2918,12.1485,-53.070,8.365,-3.979,0.000,8.344,0.021,Fairway,roll,0.000,0
2919,12.1527,-53.071,8.365,-3.979,0.000,8.344,0.021,Fairway,roll,0.000,0
2920,12.1568,-53.071,8.365,-3.979,0.000,8.344,0.021,Fairway,roll,0.000,0
2921,12.1610,-53.072,8.365,-3.980,0.000,8.344,0.021,Fairway,roll,0.000,0
2922,12.1652,-53.072,8.365,-3.980,0.000,8.344,0.021,Fairway,roll,0.000,0
2923,12.1693,-53.073,8.365,-3.980,0.000,8.344,0.021,Fairway,roll,0.000,0
2924,12.1735,-53.073,8.365,-3.980,0.000,8.344,0.021,Fairway,roll,0.000,0
2925,12.1777,-53.073,8.365,-3.980,0.000,8.344,0.021,Fairway,roll,0.000,0
2926,12.1818,-53.074,8.365,-3.981,0.000,8.344,0.021,Fairway,roll,0.000,0
2927,12.1860,-53.074,8.365,-3.981,0.000,8.344,0.021,Fairway,roll,0.000,0
2928,12.1902,-53.075,8.365,-3.981,0.000,8.344,0.021,Fairway,roll,0.000,0
2929,12.1943,-53.075,8.365,-3.981,0.000,8.344,0.021,Fairway,roll,0.000,0
2930,12.1985,-53.076,8.365,-3.981,0.000,8.344,0.021,Fairway,roll,0.000,0
2931,12.2027,-53.076,8.365,-3.982,0.000,8.344,0.021,Fairway,roll,0.000,0
2932,12.2068,-53.077,8.365,-3.982,0.000,8.344,0.021,Fairway,roll,0.000,0
2933,12.2110,-53.077,8.365,-3.982,0.000,8.344,0.021,Fairway,roll,0.000,0
2934,12.2152,-53.078,8.365,-3.982,0.000,8.344,0.021,Fairway,roll,0.000,0
2935,12.2193,-53.078,8.365,-3.982,0.000,8.344,0.021,Fairway,roll,0.000,0
2936,12.2235,-53.078,8.365,-3.983,0.000,8.344,0.021,Fairway,roll,0.000,0
2937,12.2277,-53.079,8.365,-3.983,0.000,8.344,0.021,Fairway,roll,0.000,0
2938,12.2318,-53.079,8.365,-3.983,0.000,8.344,0.021,Fairway,roll,0.000,0
2939,12.2360,-53.080,8.365,-3.983,0.000,8.344,0.021,Fairway,roll,0.000,0
2940,12.2401,-53.080,8.365,-3.983,0.000,8.344,0.021,Fairway,roll,0.000,0
2941,12.2443,-53.081,8.365,-3.984,0.000,8.344,0.021,Fairway,roll,0.000,0
2942,12.2485,-53.081,8.365,-3.984,0.000,8.344,0.021,Fairway,roll,0.000,0
2943,12.2526,-53.082,8.365,-3.984,0.000,8.344,0.021,Fairway,roll,0.000,0
2944,12.2568,-53.082,8.365,-3.984,0.000,8.344,0.021,Fairway,roll,0.000,0
2945,12.2610,-53.083,8.365,-3.984,0.000,8.344,0.021,Fairway,roll,0.000,0
2946,12.2651,-53.083,8.365,-3.985,0.000,8.344,0.021,Fairway,roll,0.000,0
2947,12.2693,-53.083,8.365,-3.985,0.000,8.344,0.021,Fairway,roll,0.000,0
2948,12.2735,-53.084,8.365,-3.985,0.000,8.344,0.021,Fairway,roll,0.000,0
2949,12.2776,-53.084,8.365,-3.985,0.000,8.344,0.021,Fairway,roll,0.000,0
2950,12.2818,-53.085,8.365,-3.985,0.000,8.344,0.021,Fairway,roll,0.000,0
2951,12.2860,-53.085,8.365,-3.986,0.000,8.344,0.021,Fairway,roll,0.000,0
2952,12.2901,-53.086,8.365,-3.986,0.000,8.343,0.021,Fairway,roll,0.000,0
2953,12.2943,-53.086,8.365,-3.986,0.000,8.343,0.021,Fairway,roll,0.000,0
2954,12.2985,-53.087,8.365,-3.986,0.000,8.343,0.021,Fairway,roll,0.000,0
2955,12.3026,-53.087,8.365,-3.986,0.000,8.343,0.021,Fairway,roll,0.000,0
2956,12.3068,-53.087,8.365,-3.987,0.000,8.343,0.021,Fairway,roll,0.000,0
2957,12.3110,-53.088,8.365,-3.987,0.000,8.343,0.021,Fairway,roll,0.000,0
2958,12.3151,-53.088,8.365,-3.987,0.000,8.343,0.021,Fairway,roll,0.000,0
2959,12.3193,-53.089,8.365,-3.987,0.000,8.343,0.021,Fairway,roll,0.000,0
2960,12.3235,-53.089,8.365,-3.987,0.000,8.343,0.021,Fairway,roll,0.000,0
2961,12.3276,-53.090,8.365,-3.988,0.000,8.343,0.021,Fairway,roll,0.000,0
2962,12.3318,-53.090,8.365,-3.988,0.000,8.343,0.021,Fairway,roll,0.000,0
2963,12.3360,-53.091,8.365,-3.988,0.000,8.343,0.021,Fairway,roll,0.000,0
2964,12.3401,-53.091,8.365,-3.988,0.000,8.343,0.021,Fairway,roll,0.000,0
2965,12.3443,-53.091,8.365,-3.988,0.000,8.343,0.021,Fairway,roll,0.000,0
2966,12.3485,-53.092,8.365,-3.989,0.000,8.343,0.021,Fairway,roll,0.000,0
2967,12.3526,-53.092,8.365,-3.989,0.000,8.343,0.021,Fairway,roll,0.000,0
2968,12.3568,-53.093,8.365,-3.989,0.000,8.343,0.021,Fairway,roll,0.000,0
2969,12.3610,-53.093,8.365,-3.989,0.000,8.343,0.021,Fairway,roll,0.000,0
2970,12.3651,-53.094,8.365,-3.989,0.000,8.343,0.021,Fairway,roll,0.000,0
2971,12.3693,-53.094,8.365,-3.990,0.000,8.343,0.021,Fairway,roll,0.000,0
2972,12.3734,-53.095,8.364,-3.990,0.000,8.343,0.021,Fairway,roll,0.000,0
2973,12.3776,-53.095,8.364,-3.990,0.000,8.343,0.021,Fairway,roll,0.000,0
2974,12.3818,-53.095,8.364,-3.990,0.000,8.343,0.021,Fairway,roll,0.000,0
2975,12.3859,-53.096,8.364,-3.990,0.000,8.343,0.021,Fairway,roll,0.000,0
2976,12.3901,-53.096,8.364,-3.991,0.000,8.343,0.021,Fairway,roll,0.000,0
2977,12.3943,-53.097,8.364,-3.991,0.000,8.343,0.021,Fairway,roll,0.000,0
2978,12.3984,-53.097,8.364,-3.991,0.000,8.343,0.021,Fairway,roll,0.000,0
2979,12.4026,-53.098,8.364,-3.991,0.000,8.343,0.021,Fairway,roll,0.000,0
2980,12.4068,-53.098,8.364,-3.991,0.000,8.343,0.021,Fairway,roll,0.000,0
2981,12.4109,-53.099,8.364,-3.992,0.000,8.343,0.021,Fairway,roll,0.000,0
2982,12.4151,-53.099,8.364,-3.992,0.000,8.343,0.021,Fairway,roll,0.000,0
2983,12.4193,-53.099,8.364,-3.992,0.000,8.343,0.021,Fairway,roll,0.000,0
2984,12.4234,-53.100,8.364,-3.992,0.000,8.343,0.021,Fairway,roll,0.000,0
2985,12.4276,-53.100,8.364,-3.992,0.000,8.343,0.021,Fairway,roll,0.000,0
2986,12.4318,-53.101,8.364,-3.993,0.000,8.343,0.021,Fairway,roll,0.000,0
2987,12.4359,-53.101,8.364,-3.993,0.000,8.343,0.021,Fairway,roll,0.000,0
2988,12.4401,-53.102,8.364,-3.993,0.000,8.343,0.021,Fairway,roll,0.000,0
2989,12.4443,-53.102,8.364,-3.993,0.000,8.343,0.021,Fairway,roll,0.000,0
2990,12.4484,-53.103,8.364,-3.993,0.000,8.343,0.021,Fairway,roll,0.000,0
2991,12.4526,-53.103,8.364,-3.994,0.000,8.343,0.021,Fairway,roll,0.000,0
2992,12.4568,-53.103,8.364,-3.994,0.000,8.343,0.021,Fairway,roll,0.000,0
2993,12.4609,-53.104,8.364,-3.994,0.000,8.343,0.021,Fairway,roll,0.000,0
2994,12.4651,-53.104,8.364,-3.994,0.000,8.343,0.021,Fairway,roll,0.000,0
2995,12.4693,-53.105,8.364,-3.994,0.000,8.343,0.021,Fairway,roll,0.000,0
2996,12.4734,-53.105,8.364,-3.995,0.000,8.343,0.021,Fairway,roll,0.000,0
2997,12.4776,-53.106,8.364,-3.995,0.000,8.343,0.021,Fairway,roll,0.000,0
2998,12.4818,-53.106,8.364,-3.995,0.000,8.343,0.021,Fairway,roll,0.000,0
2999,12.4859,-53.106,8.364,-3.995,0.000,8.343,0.021,Fairway,roll,0.000,0
3000,12.4901,-53.107,8.364,-3.995,0.000,8.343,0.021,Fairway,roll,0.000,0
3001,12.4943,-53.107,8.364,-3.996,0.000,8.343,0.021,Fairway,roll,0.000,0
3002,12.4984,-53.108,8.364,-3.996,0.000,8.343,0.021,Fairway,roll,0.000,0
3003,12.5026,-53.108,8.364,-3.996,0.000,8.343,0.021,Fairway,roll,0.000,0
3004,12.5067,-53.109,8.364,-3.996,0.000,8.343,0.021,Fairway,roll,0.000,0
3005,12.5109,-53.109,8.364,-3.996,0.000,8.343,0.021,Fairway,roll,0.000,0
3006,12.5151,-53.109,8.364,-3.997,0.000,8.343,0.021,Fairway,roll,0.000,0
3007,12.5192,-53.110,8.364,-3.997,0.000,8.343,0.021,Fairway,roll,0.000,0
3008,12.5234,-53.110,8.364,-3.997,0.000,8.343,0.021,Fairway,roll,0.000,0
3009,12.5276,-53.111,8.364,-3.997,0.000,8.343,0.021,Fairway,roll,0.000,0
3010,12.5317,-53.111,8.364,-3.997,0.000,8.343,0.021,Fairway,roll,0.000,0
3011,12.5359,-53.112,8.364,-3.997,0.000,8.343,0.021,Fairway,roll,0.000,0
3012,12.5401,-53.112,8.364,-3.998,0.000,8.342,0.021,Fairway,roll,0.000,0
3013,12.5442,-53.112,8.364,-3.998,0.000,8.342,0.021,Fairway,roll,0.000,0
3014,12.5484,-53.113,8.364,-3.998,0.000,8.342,0.021,Fairway,roll,0.000,0
3015,12.5526,-53.113,8.364,-3.998,0.000,8.342,0.021,Fairway,roll,0.000,0
3016,12.5567,-53.114,8.364,-3.998,0.000,8.342,0.021,Fairway,roll,0.000,0
3017,12.5609,-53.114,8.364,-3.999,0.000,8.342,0.021,Fairway,roll,0.000,0
3018,12.5651,-53.115,8.364,-3.999,0.000,8.342,0.021,Fairway,roll,0.000,0
3019,12.5692,-53.115,8.364,-3.999,0.000,8.342,0.021,Fairway,roll,0.000,0
3020,12.5734,-53.115,8.364,-3.999,0.000,8.342,0.021,Fairway,roll,0.000,0
3021,12.5776,-53.116,8.364,-3.999,0.000,8.342,0.021,Fairway,roll,0.000,0
3022,12.5817,-53.116,8.364,-4.000,0.000,8.342,0.021,Fairway,roll,0.000,0
3023,12.5859,-53.117,8.364,-4.000,0.000,8.342,0.021,Fairway,roll,0.000,0
3024,12.5901,-53.117,8.364,-4.000,0.000,8.342,0.021,Fairway,roll,0.000,0
3025,12.5942,-53.118,8.364,-4.000,0.000,8.342,0.021,Fairway,roll,0.000,0
3026,12.5984,-53.118,8.364,-4.000,0.000,8.342,0.021,Fairway,roll,0.000,0
3027,12.6026,-53.118,8.364,-4.001,0.000,8.342,0.021,Fairway,roll,0.000,0
3028,12.6067,-53.119,8.364,-4.001,0.000,8.342,0.021,Fairway,roll,0.000,0
3029,12.6109,-53.119,8.364,-4.001,0.000,8.342,0.021,Fairway,roll,0.000,0
3030,12.6151,-53.120,8.364,-4.001,0.000,8.342,0.021,Fairway,roll,0.000,0
3031,12.6192,-53.120,8.364,-4.001,0.000,8.342,0.021,Fairway,roll,0.000,0
3032,12.6234,-53.121,8.364,-4.002,0.000,8.342,0.021,Fairway,roll,0.000,0
3033,12.6276,-53.121,8.364,-4.002,0.000,8.342,0.021,Fairway,roll,0.000,0
3034,12.6317,-53.121,8.364,-4.002,0.000,8.342,0.021,Fairway,roll,0.000,0
3035,12.6359,-53.122,8.364,-4.002,0.000,8.342,0.021,Fairway,roll,0.000,0
3036,12.6401,-53.122,8.363,-4.002,0.000,8.342,0.021,Fairway,roll,0.000,0
3037,12.6442,-53.123,8.363,-4.003,0.000,8.342,0.021,Fairway,roll,0.000,0
3038,12.6484,-53.123,8.363,-4.003,0.000,8.342,0.021,Fairway,roll,0.000,0
3039,12.6525,-53.123,8.363,-4.003,0.000,8.342,0.021,Fairway,roll,0.000,0
3040,12.6567,-53.124,8.363,-4.003,0.000,8.342,0.021,Fairway,roll,0.000,0
3041,12.6609,-53.124,8.363,-4.003,0.000,8.342,0.021,Fairway,roll,0.000,0
3042,12.6650,-53.125,8.363,-4.004,0.000,8.342,0.021,Fairway,roll,0.000,0
3043,12.6692,-53.125,8.363,-4.004,0.000,8.342,0.021,Fairway,roll,0.000,0
3044,12.6734,-53.126,8.363,-4.004,0.000,8.342,0.021,Fairway,roll,0.000,0
3045,12.6775,-53.126,8.363,-4.004,0.000,8.342,0.021,Fairway,roll,0.000,0
3046,12.6817,-53.126,8.363,-4.004,0.000,8.342,0.021,Fairway,roll,0.000,0
3047,12.6859,-53.127,8.363,-4.005,0.000,8.342,0.021,Fairway,roll,0.000,0
3048,12.6900,-53.127,8.363,-4.005,0.000,8.342,0.021,Fairway,roll,0.000,0
3049,12.6942,-53.128,8.363,-4.005,0.000,8.342,0.021,Fairway,roll,0.000,0
3050,12.6984,-53.128,8.363,-4.005,0.000,8.342,0.021,Fairway,roll,0.000,0
3051,12.7025,-53.129,8.363,-4.005,0.000,8.342,0.021,Fairway,roll,0.000,0
3052,12.7067,-53.129,8.363,-4.005,0.000,8.342,0.021,Fairway,roll,0.000,0
3053,12.7109,-53.129,8.363,-4.006,0.000,8.342,0.021,Fairway,roll,0.000,0
3054,12.7150,-53.130,8.363,-4.006,0.000,8.342,0.021,Fairway,roll,0.000,0
3055,12.7192,-53.130,8.363,-4.006,0.000,8.342,0.021,Fairway,roll,0.000,0
3056,12.7234,-53.131,8.363,-4.006,0.000,8.342,0.021,Fairway,roll,0.000,0
3057,12.7275,-53.131,8.363,-4.006,0.000,8.342,0.021,Fairway,roll,0.000,0
3058,12.7317,-53.131,8.363,-4.007,0.000,8.342,0.021,Fairway,roll,0.000,0
3059,12.7359,-53.132,8.363,-4.007,0.000,8.342,0.021,Fairway,roll,0.000,0
3060,12.7400,-53.132,8.363,-4.007,0.000,8.342,0.021,Fairway,roll,0.000,0
3061,12.7442,-53.133,8.363,-4.007,0.000,8.342,0.021,Fairway,roll,0.000,0
3062,12.7484,-53.133,8.363,-4.007,0.000,8.342,0.021,Fairway,roll,0.000,0
3063,12.7525,-53.134,8.363,-4.007,0.000,8.342,0.021,Fairway,roll,0.000,0
3064,12.7567,-53.134,8.363,-4.008,0.000,8.342,0.021,Fairway,roll,0.000,0
3065,12.7609,-53.134,8.363,-4.008,0.000,8.342,0.021,Fairway,roll,0.000,0
3066,12.7650,-53.135,8.363,-4.008,0.000,8.342,0.021,Fairway,roll,0.000,0
3067,12.7692,-53.135,8.363,-4.008,0.000,8.342,0.021,Fairway,roll,0.000,0
3068,12.7734,-53.136,8.363,-4.008,0.000,8.342,0.021,Fairway,roll,0.000,0
3069,12.7775,-53.136,8.363,-4.009,0.000,8.342,0.021,Fairway,roll,0.000,0
3070,12.7817,-53.136,8.363,-4.009,0.000,8.342,0.021,Fairway,roll,0.000,0
3071,12.7858,-53.137,8.363,-4.009,0.000,8.342,0.021,Fairway,roll,0.000,0
3072,12.7900,-53.137,8.363,-4.009,0.000,8.342,0.021,Fairway,roll,0.000,0
3073,12.7942,-53.138,8.363,-4.009,0.000,8.342,0.021,Fairway,roll,0.000,0
3074,12.7983,-53.138,8.363,-4.009,0.000,8.342,0.021,Fairway,roll,0.000,0
3075,12.8025,-53.138,8.363,-4.010,0.000,8.342,0.021,Fairway,roll,0.000,0
3076,12.8067,-53.139,8.363,-4.010,0.000,8.342,0.021,Fairway,roll,0.000,0
3077,12.8108,-53.139,8.363,-4.010,0.000,8.342,0.021,Fairway,roll,0.000,0
3078,12.8150,-53.140,8.363,-4.010,0.000,8.341,0.021,Fairway,roll,0.000,0
3079,12.8192,-53.140,8.363,-4.010,0.000,8.341,0.021,Fairway,roll,0.000,0
3080,12.8233,-53.141,8.363,-4.011,0.000,8.341,0.021,Fairway,roll,0.000,0
3081,12.8275,-53.141,8.363,-4.011,0.000,8.341,0.021,Fairway,roll,0.000,0
3082,12.8317,-53.141,8.363,-4.011,0.000,8.341,0.021,Fairway,roll,0.000,0
3083,12.8358,-53.142,8.363,-4.011,0.000,8.341,0.021,Fairway,roll,0.000,0
3084,12.8400,-53.142,8.363,-4.011,0.000,8.341,0.021,Fairway,roll,0.000,0
3085,12.8442,-53.143,8.363,-4.012,0.000,8.341,0.021,Fairway,roll,0.000,0
3086,12.8483,-53.143,8.363,-4.012,0.000,8.341,0.021,Fairway,roll,0.000,0
3087,12.8525,-53.143,8.363,-4.012,0.000,8.341,0.021,Fairway,roll,0.000,0
3088,12.8567,-53.144,8.363,-4.012,0.000,8.341,0.021,Fairway,roll,0.000,0
3089,12.8608,-53.144,8.363,-4.012,0.000,8.341,0.021,Fairway,roll,0.000,0
3090,12.8650,-53.145,8.363,-4.012,0.000,8.341,0.021,Fairway,roll,0.000,0
3091,12.8692,-53.145,8.363,-4.013,0.000,8.341,0.021,Fairway,roll,0.000,0
3092,12.8733,-53.145,8.363,-4.013,0.000,8.341,0.021,Fairway,roll,0.000,0
3093,12.8775,-53.146,8.363,-4.013,0.000,8.341,0.021,Fairway,roll,0.000,0
3094,12.8817,-53.146,8.363,-4.013,0.000,8.341,0.021,Fairway,roll,0.000,0
3095,12.8858,-53.147,8.363,-4.013,0.000,8.341,0.021,Fairway,roll,0.000,0
3096,12.8900,-53.147,8.363,-4.014,0.000,8.341,0.021,Fairway,roll,0.000,0
3097,12.8942,-53.148,8.363,-4.014,0.000,8.341,0.021,Fairway,roll,0.000,0
3098,12.8983,-53.148,8.363,-4.014,0.000,8.341,0.021,Fairway,roll,0.000,0
3099,12.9025,-53.148,8.363,-4.014,0.000,8.341,0.021,Fairway,roll,0.000,0
3100,12.9067,-53.149,8.363,-4.014,0.000,8.341,0.021,Fairway,roll,0.000,0
3101,12.9108,-53.149,8.363,-4.014,0.000,8.341,0.021,Fairway,roll,0.000,0
3102,12.9150,-53.150,8.363,-4.015,0.000,8.341,0.021,Fairway,roll,0.000,0
3103,12.9191,-53.150,8.363,-4.015,0.000,8.341,0.021,Fairway,roll,0.000,0
3104,12.9233,-53.150,8.363,-4.015,0.000,8.341,0.021,Fairway,roll,0.000,0
3105,12.9275,-53.151,8.363,-4.015,0.000,8.341,0.021,Fairway,roll,0.000,0
3106,12.9316,-53.151,8.363,-4.015,0.000,8.341,0.021,Fairway,roll,0.000,0
3107,12.9358,-53.152,8.363,-4.016,0.000,8.341,0.021,Fairway,roll,0.000,0
3108,12.9400,-53.152,8.363,-4.016,0.000,8.341,0.021,Fairway,roll,0.000,0
3109,12.9441,-53.153,8.363,-4.016,0.000,8.341,0.021,Fairway,roll,0.000,0
3110,12.9483,-53.153,8.363,-4.016,0.000,8.341,0.021,Fairway,roll,0.000,0
3111,12.9525,-53.153,8.363,-4.016,0.000,8.341,0.021,Fairway,roll,0.000,0
3112,12.9566,-53.154,8.363,-4.016,0.000,8.341,0.021,Fairway,roll,0.000,0
3113,12.9608,-53.154,8.363,-4.017,0.000,8.341,0.021,Fairway,roll,0.000,0
3114,12.9650,-53.155,8.363,-4.017,0.000,8.341,0.021,Fairway,roll,0.000,0
3115,12.9691,-53.155,8.363,-4.017,0.000,8.341,0.021,Fairway,roll,0.000,0
3116,12.9733,-53.155,8.363,-4.017,0.000,8.341,0.021,Fairway,roll,0.000,0
3117,12.9775,-53.156,8.363,-4.017,0.000,8.341,0.021,Fairway,roll,0.000,0
3118,12.9816,-53.156,8.362,-4.018,0.000,8.341,0.021,Fairway,roll,0.000,0
3119,12.9858,-53.156,8.362,-4.018,0.000,8.341,0.021,Fairway,roll,0.000,0
3120,12.9900,-53.157,8.362,-4.018,0.000,8.341,0.021,Fairway,roll,0.000,0
3121,12.9941,-53.157,8.362,-4.018,0.000,8.341,0.021,Fairway,roll,0.000,0
3122,12.9983,-53.158,8.362,-4.018,0.000,8.341,0.021,Fairway,roll,0.000,0
3123,13.0025,-53.158,8.362,-4.018,0.000,8.341,0.021,Fairway,roll,0.000,0
3124,13.0066,-53.158,8.362,-4.019,0.000,8.341,0.021,Fairway,roll,0.000,0
3125,13.0108,-53.159,8.362,-4.019,0.000,8.341,0.021,Fairway,roll,0.000,0
3126,13.0150,-53.159,8.362,-4.019,0.000,8.341,0.021,Fairway,roll,0.000,0
3127,13.0191,-53.160,8.362,-4.019,0.000,8.341,0.021,Fairway,roll,0.000,0
3128,13.0233,-53.160,8.362,-4.019,0.000,8.341,0.021,Fairway,roll,0.000,0
3129,13.0275,-53.160,8.362,-4.020,0.000,8.341,0.021,Fairway,roll,0.000,0
3130,13.0316,-53.161,8.362,-4.020,0.000,8.341,0.021,Fairway,roll,0.000,0
3131,13.0358,-53.161,8.362,-4.020,0.000,8.341,0.021,Fairway,roll,0.000,0
3132,13.0400,-53.162,8.362,-4.020,0.000,8.341,0.021,Fairway,roll,0.000,0
3133,13.0441,-53.162,8.362,-4.020,0.000,8.341,0.021,Fairway,roll,0.000,0
3134,13.0483,-53.162,8.362,-4.020,0.000,8.341,0.021,Fairway,roll,0.000,0
3135,13.0524,-53.163,8.362,-4.021,0.000,8.341,0.021,Fairway,roll,0.000,0
3136,13.0566,-53.163,8.362,-4.021,0.000,8.341,0.021,Fairway,roll,0.000,0
3137,13.0608,-53.164,8.362,-4.021,0.000,8.341,0.021,Fairway,roll,0.000,0
3138,13.0649,-53.164,8.362,-4.021,0.000,8.341,0.021,Fairway,roll,0.000,0
3139,13.0691,-53.164,8.362,-4.021,0.000,8.341,0.021,Fairway,roll,0.000,0
3140,13.0733,-53.165,8.362,-4.022,0.000,8.341,0.021,Fairway,roll,0.000,0
3141,13.0774,-53.165,8.362,-4.022,0.000,8.341,0.021,Fairway,roll,0.000,0
3142,13.0816,-53.166,8.362,-4.022,0.000,8.341,0.021,Fairway,roll,0.000,0
3143,13.0858,-53.166,8.362,-4.022,0.000,8.341,0.021,Fairway,roll,0.000,0
3144,13.0899,-53.166,8.362,-4.022,0.000,8.341,0.021,Fairway,roll,0.000,0
3145,13.0941,-53.167,8.362,-4.022,0.000,8.341,0.021,Fairway,roll,0.000,0
3146,13.0983,-53.167,8.362,-4.023,0.000,8.341,0.021,Fairway,roll,0.000,0
3147,13.1024,-53.168,8.362,-4.023,0.000,8.341,0.021,Fairway,roll,0.000,0
3148,13.1066,-53.168,8.362,-4.023,0.000,8.341,0.021,Fairway,roll,0.000,0
3149,13.1108,-53.168,8.362,-4.023,0.000,8.341,0.021,Fairway,roll,0.000,0
3150,13.1149,-53.169,8.362,-4.023,0.000,8.341,0.021,Fairway,roll,0.000,0
3151,13.1191,-53.169,8.362,-4.024,0.000,8.341,0.021,Fairway,roll,0.000,0
3152,13.1233,-53.170,8.362,-4.024,0.000,8.341,0.021,Fairway,roll,0.000,0
3153,13.1274,-53.170,8.362,-4.024,0.000,8.341,0.021,Fairway,roll,0.000,0
3154,13.1316,-53.170,8.362,-4.024,0.000,8.341,0.021,Fairway,roll,0.000,0
3155,13.1358,-53.171,8.362,-4.024,0.000,8.341,0.021,Fairway,roll,0.000,0
3156,13.1399,-53.171,8.362,-4.025,0.000,8.341,0.021,Fairway,roll,0.000,0
3157,13.1441,-53.172,8.362,-4.025,0.000,8.341,0.021,Fairway,roll,0.000,0
3158,13.1483,-53.172,8.362,-4.025,0.000,8.341,0.021,Fairway,roll,0.000,0
3159,13.1524,-53.172,8.362,-4.025,0.000,8.341,0.021,Fairway,roll,0.000,0
3160,13.1566,-53.173,8.362,-4.025,0.000,8.341,0.021,Fairway,roll,0.000,0
3161,13.1608,-53.173,8.362,-4.025,0.000,8.341,0.021,Fairway,roll,0.000,0
3162,13.1649,-53.174,8.362,-4.026,0.000,8.340,0.021,Fairway,roll,0.000,0
3163,13.1691,-53.174,8.362,-4.026,0.000,8.340,0.021,Fairway,roll,0.000,0
3164,13.1733,-53.174,8.362,-4.026,0.000,8.340,0.021,Fairway,roll,0.000,0
3165,13.1774,-53.175,8.362,-4.026,0.000,8.340,0.021,Fairway,roll,0.000,0
3166,13.1816,-53.175,8.362,-4.026,0.000,8.340,0.021,Fairway,roll,0.000,0
3167,13.1858,-53.176,8.362,-4.027,0.000,8.340,0.021,Fairway,roll,0.000,0
3168,13.1899,-53.176,8.362,-4.027,0.000,8.340,0.021,Fairway,roll,0.000,0
3169,13.1941,-53.176,8.362,-4.027,0.000,8.340,0.021,Fairway,roll,0.000,0
3170,13.1982,-53.177,8.362,-4.027,0.000,8.340,0.021,Fairway,roll,0.000,0
3171,13.2024,-53.177,8.362,-4.027,0.000,8.340,0.021,Fairway,roll,0.000,0
3172,13.2066,-53.177,8.362,-4.027,0.000,8.340,0.021,Fairway,roll,0.000,0
3173,13.2107,-53.178,8.362,-4.028,0.000,8.340,0.021,Fairway,roll,0.000,0
3174,13.2149,-53.178,8.362,-4.028,0.000,8.340,0.021,Fairway,roll,0.000,0
3175,13.2191,-53.179,8.362,-4.028,0.000,8.340,0.021,Fairway,roll,0.000,0
3176,13.2232,-53.179,8.362,-4.028,0.000,8.340,0.021,Fairway,roll,0.000,0
3177,13.2274,-53.179,8.362,-4.028,0.000,8.340,0.021,Fairway,roll,0.000,0
3178,13.2316,-53.180,8.362,-4.029,0.000,8.340,0.021,Fairway,roll,0.000,0
3179,13.2357,-53.180,8.362,-4.029,0.000,8.340,0.021,Fairway,roll,0.000,0
3180,13.2399,-53.181,8.362,-4.029,0.000,8.340,0.021,Fairway,roll,0.000,0
3181,13.2441,-53.181,8.362,-4.029,0.000,8.340,0.021,Fairway,roll,0.000,0
