frame,time,x,y,z,vy,groundY,signedDist,zoneType,phase,dGroundY,zoneFlip
0,0.0000,39.378,10.851,32.220,7.277,10.831,0.020,Fairway,airborne,0.000,0
1,0.0042,39.245,10.882,32.168,7.231,10.829,0.053,Fairway,airborne,-0.003,0
2,0.0083,39.112,10.912,32.116,7.185,10.826,0.085,Fairway,airborne,-0.003,0
3,0.0125,38.980,10.942,32.065,7.140,10.824,0.118,Fairway,airborne,-0.003,0
4,0.0167,38.847,10.971,32.013,7.094,10.821,0.150,Fairway,airborne,-0.003,0
5,0.0208,38.715,11.001,31.961,7.048,10.819,0.182,Fairway,airborne,-0.003,0
6,0.0250,38.583,11.030,31.909,7.003,10.816,0.214,Fairway,airborne,-0.003,0
7,0.0292,38.450,11.059,31.858,6.957,10.813,0.245,Fairway,airborne,-0.003,0
8,0.0333,38.318,11.088,31.806,6.911,10.811,0.277,Fairway,airborne,-0.003,0
9,0.0375,38.186,11.116,31.754,6.866,10.808,0.308,Fairway,airborne,-0.003,0
10,0.0417,38.054,11.145,31.703,6.820,10.806,0.339,Fairway,airborne,-0.003,0
11,0.0458,37.923,11.173,31.651,6.775,10.803,0.370,Fairway,airborne,-0.003,0
12,0.0500,37.791,11.201,31.600,6.730,10.800,0.401,Fairway,airborne,-0.003,0
13,0.0542,37.659,11.229,31.548,6.684,10.798,0.432,Fairway,airborne,-0.003,0
14,0.0583,37.527,11.257,31.497,6.639,10.795,0.462,Fairway,airborne,-0.003,0
15,0.0625,37.396,11.285,31.445,6.594,10.793,0.492,Fairway,airborne,-0.003,0
16,0.0667,37.265,11.312,31.394,6.548,10.790,0.522,Fairway,airborne,-0.003,0
17,0.0708,37.133,11.339,31.342,6.503,10.787,0.552,Fairway,airborne,-0.003,0
18,0.0750,37.002,11.366,31.291,6.458,10.785,0.581,Fairway,airborne,-0.003,0
19,0.0791,36.871,11.393,31.240,6.413,10.782,0.611,Fairway,airborne,-0.003,0
20,0.0833,36.740,11.420,31.188,6.368,10.780,0.640,Fairway,airborne,-0.003,0
21,0.0875,36.609,11.446,31.137,6.323,10.777,0.669,Fairway,airborne,-0.003,0
22,0.0916,36.478,11.472,31.086,6.278,10.774,0.698,Fairway,airborne,-0.003,0
23,0.0958,36.347,11.498,31.035,6.233,10.771,0.727,Fairway,airborne,-0.003,0
24,0.1000,36.216,11.524,30.984,6.188,10.769,0.756,Fairway,airborne,-0.003,0
25,0.1041,36.086,11.550,30.933,6.143,10.766,0.784,Fairway,airborne,-0.003,0
26,0.1083,35.955,11.575,30.882,6.098,10.763,0.812,Fairway,airborne,-0.003,0
27,0.1125,35.825,11.601,30.831,6.053,10.761,0.840,Fairway,airborne,-0.003,0
28,0.1166,35.694,11.626,30.780,6.008,10.758,0.868,Fairway,airborne,-0.003,0
29,0.1208,35.564,11.651,30.729,5.964,10.755,0.895,Fairway,airborne,-0.003,0
30,0.1250,35.434,11.675,30.678,5.919,10.753,0.922,Fairway,airborne,-0.003,0
31,0.1291,35.304,11.700,30.627,5.874,10.750,0.950,Fairway,airborne,-0.003,0
32,0.1333,35.174,11.724,30.576,5.829,10.747,0.977,Fairway,airborne,-0.003,0
33,0.1375,35.044,11.748,30.525,5.785,10.745,1.004,Fairway,airborne,-0.003,0
34,0.1416,34.914,11.772,30.474,5.740,10.742,1.031,Fairway,airborne,-0.003,0
35,0.1458,34.784,11.796,30.423,5.696,10.739,1.057,Fairway,airborne,-0.003,0
36,0.1500,34.654,11.820,30.373,5.651,10.736,1.084,Fairway,airborne,-0.003,0
37,0.1541,34.525,11.843,30.322,5.607,10.733,1.110,Fairway,airborne,-0.003,0
38,0.1583,34.395,11.867,30.271,5.562,10.731,1.136,Fairway,airborne,-0.003,0
39,0.1625,34.266,11.890,30.221,5.518,10.728,1.162,Fairway,airborne,-0.003,0
40,0.1666,34.136,11.913,30.170,5.473,10.725,1.188,Fairway,airborne,-0.003,0
41,0.1708,34.007,11.935,30.120,5.429,10.722,1.213,Fairway,airborne,-0.003,0
42,0.1750,33.878,11.958,30.069,5.385,10.719,1.239,Fairway,airborne,-0.003,0
43,0.1791,33.749,11.980,30.019,5.341,10.716,1.264,Fairway,airborne,-0.003,0
44,0.1833,33.620,12.002,29.968,5.296,10.713,1.289,Fairway,airborne,-0.003,0
45,0.1875,33.491,12.024,29.918,5.252,10.710,1.314,Fairway,airborne,-0.003,0
46,0.1916,33.362,12.046,29.867,5.208,10.708,1.338,Fairway,airborne,-0.003,0
47,0.1958,33.233,12.068,29.817,5.164,10.705,1.363,Fairway,airborne,-0.003,0
48,0.2000,33.104,12.089,29.766,5.120,10.702,1.387,Fairway,airborne,-0.003,0
49,0.2041,32.976,12.110,29.716,5.076,10.699,1.411,Fairway,airborne,-0.003,0
50,0.2083,32.847,12.131,29.666,5.032,10.696,1.435,Fairway,airborne,-0.003,0
51,0.2124,32.719,12.152,29.616,4.988,10.694,1.458,Fairway,airborne,-0.003,0
52,0.2166,32.590,12.173,29.565,4.944,10.691,1.482,Fairway,airborne,-0.003,0
53,0.2208,32.462,12.193,29.515,4.900,10.688,1.505,Fairway,airborne,-0.003,0
54,0.2249,32.334,12.214,29.465,4.856,10.685,1.529,Fairway,airborne,-0.003,0
55,0.2291,32.206,12.234,29.415,4.812,10.682,1.552,Fairway,airborne,-0.003,0
56,0.2333,32.078,12.254,29.365,4.768,10.679,1.575,Fairway,airborne,-0.003,0
57,0.2374,31.950,12.273,29.315,4.724,10.676,1.597,Fairway,airborne,-0.003,0
58,0.2416,31.822,12.293,29.265,4.680,10.673,1.620,Fairway,airborne,-0.003,0
59,0.2458,31.694,12.312,29.215,4.637,10.670,1.642,Fairway,airborne,-0.003,0
60,0.2499,31.566,12.332,29.165,4.593,10.667,1.664,Fairway,airborne,-0.003,0
61,0.2541,31.439,12.351,29.115,4.549,10.665,1.686,Fairway,airborne,-0.003,0
62,0.2583,31.311,12.369,29.065,4.506,10.662,1.708,Fairway,airborne,-0.003,0
63,0.2624,31.183,12.388,29.015,4.462,10.659,1.729,Fairway,airborne,-0.003,0
64,0.2666,31.056,12.407,28.965,4.418,10.656,1.751,Fairway,airborne,-0.003,0
65,0.2708,30.929,12.425,28.915,4.375,10.653,1.772,Fairway,airborne,-0.003,0
66,0.2749,30.801,12.443,28.866,4.331,10.650,1.793,Fairway,airborne,-0.003,0
67,0.2791,30.674,12.461,28.816,4.288,10.647,1.814,Fairway,airborne,-0.003,0
68,0.2833,30.547,12.479,28.766,4.244,10.644,1.834,Fairway,airborne,-0.003,0
69,0.2874,30.420,12.496,28.717,4.201,10.641,1.855,Fairway,airborne,-0.003,0
70,0.2916,30.293,12.514,28.667,4.157,10.639,1.875,Fairway,airborne,-0.003,0
71,0.2958,30.166,12.531,28.617,4.114,10.635,1.896,Fairway,airborne,-0.003,0
72,0.2999,30.039,12.548,28.568,4.071,10.632,1.916,Fairway,airborne,-0.003,0
73,0.3041,29.913,12.565,28.518,4.027,10.629,1.936,Fairway,airborne,-0.003,0
74,0.3083,29.786,12.582,28.469,3.984,10.626,1.955,Fairway,airborne,-0.003,0
75,0.3124,29.660,12.598,28.419,3.941,10.623,1.975,Fairway,airborne,-0.003,0
76,0.3166,29.533,12.614,28.370,3.898,10.620,1.994,Fairway,airborne,-0.003,0
77,0.3208,29.407,12.631,28.320,3.854,10.618,2.013,Fairway,airborne,-0.003,0
78,0.3249,29.280,12.647,28.271,3.811,10.615,2.032,Fairway,airborne,-0.003,0
79,0.3291,29.154,12.662,28.221,3.768,10.612,2.051,Fairway,airborne,-0.003,0
80,0.3333,29.028,12.678,28.172,3.725,10.609,2.069,Fairway,airborne,-0.003,0
81,0.3374,28.902,12.693,28.123,3.682,10.606,2.088,Fairway,airborne,-0.003,0
82,0.3416,28.776,12.709,28.073,3.639,10.603,2.106,Fairway,airborne,-0.003,0
83,0.3457,28.650,12.724,28.024,3.596,10.599,2.124,Fairway,airborne,-0.003,0
84,0.3499,28.524,12.738,27.975,3.553,10.596,2.142,Fairway,airborne,-0.003,0
85,0.3541,28.398,12.753,27.926,3.510,10.593,2.160,Fairway,airborne,-0.003,0
86,0.3582,28.272,12.768,27.876,3.467,10.590,2.177,Fairway,airborne,-0.003,0
87,0.3624,28.147,12.782,27.827,3.424,10.587,2.195,Fairway,airborne,-0.003,0
88,0.3666,28.021,12.796,27.778,3.381,10.584,2.212,Fairway,airborne,-0.003,0
89,0.3707,27.895,12.810,27.729,3.338,10.582,2.228,Fairway,airborne,-0.003,0
90,0.3749,27.770,12.824,27.680,3.296,10.579,2.245,Fairway,airborne,-0.003,0
91,0.3791,27.645,12.838,27.631,3.253,10.576,2.261,Fairway,airborne,-0.003,0
92,0.3832,27.519,12.851,27.582,3.210,10.574,2.278,Fairway,airborne,-0.003,0
93,0.3874,27.394,12.864,27.533,3.167,10.571,2.294,Fairway,airborne,-0.003,0
94,0.3916,27.269,12.877,27.484,3.125,10.568,2.310,Fairway,airborne,-0.003,0
95,0.3957,27.144,12.890,27.435,3.082,10.565,2.326,Fairway,airborne,-0.003,0
96,0.3999,27.019,12.903,27.386,3.039,10.562,2.341,Fairway,airborne,-0.003,0
97,0.4041,26.894,12.916,27.337,2.997,10.559,2.357,Fairway,airborne,-0.003,0
98,0.4082,26.769,12.928,27.288,2.954,10.556,2.372,Fairway,airborne,-0.003,0
99,0.4124,26.644,12.940,27.240,2.912,10.553,2.387,Fairway,airborne,-0.003,0
100,0.4166,26.520,12.952,27.191,2.869,10.550,2.403,Fairway,airborne,-0.003,0
101,0.4207,26.395,12.964,27.142,2.826,10.546,2.418,Fairway,airborne,-0.003,0
102,0.4249,26.271,12.976,27.093,2.784,10.543,2.433,Fairway,airborne,-0.003,0
103,0.4291,26.146,12.987,27.045,2.742,10.540,2.447,Fairway,airborne,-0.003,0
104,0.4332,26.022,12.999,26.996,2.699,10.537,2.462,Fairway,airborne,-0.003,0
105,0.4374,25.897,13.010,26.947,2.657,10.534,2.476,Fairway,airborne,-0.003,0
106,0.4416,25.773,13.021,26.899,2.614,10.531,2.490,Fairway,airborne,-0.003,0
107,0.4457,25.649,13.032,26.850,2.572,10.528,2.503,Fairway,airborne,-0.003,0
108,0.4499,25.525,13.042,26.802,2.530,10.526,2.517,Fairway,airborne,-0.003,0
109,0.4541,25.401,13.053,26.753,2.487,10.523,2.530,Fairway,airborne,-0.003,0
110,0.4582,25.277,13.063,26.705,2.445,10.520,2.543,Fairway,airborne,-0.003,0
111,0.4624,25.153,13.073,26.656,2.403,10.517,2.556,Fairway,airborne,-0.003,0
112,0.4666,25.029,13.083,26.608,2.361,10.514,2.569,Fairway,airborne,-0.003,0
113,0.4707,24.905,13.093,26.559,2.315,10.511,2.581,Fairway,airborne,-0.003,0
114,0.4749,24.782,13.102,26.511,2.270,10.509,2.594,Fairway,airborne,-0.003,0
115,0.4790,24.659,13.112,26.463,2.224,10.506,2.606,Fairway,airborne,-0.003,0
116,0.4832,24.536,13.121,26.415,2.178,10.503,2.618,Fairway,airborne,-0.003,0
117,0.4874,24.413,13.130,26.367,2.133,10.500,2.630,Fairway,airborne,-0.003,0
118,0.4915,24.291,13.138,26.319,2.088,10.497,2.641,Fairway,airborne,-0.003,0
119,0.4957,24.169,13.147,26.271,2.042,10.494,2.653,Fairway,airborne,-0.003,0
120,0.4999,24.047,13.155,26.224,1.997,10.491,2.664,Fairway,airborne,-0.003,0
121,0.5040,23.925,13.164,26.176,1.952,10.489,2.675,Fairway,airborne,-0.003,0
122,0.5082,23.804,13.172,26.129,1.907,10.486,2.686,Fairway,airborne,-0.003,0
123,0.5124,23.683,13.180,26.081,1.863,10.483,2.697,Fairway,airborne,-0.003,0
124,0.5165,23.562,13.187,26.034,1.818,10.480,2.707,Fairway,airborne,-0.003,0
125,0.5207,23.441,13.195,25.987,1.773,10.477,2.718,Fairway,airborne,-0.003,0
126,0.5249,23.321,13.202,25.940,1.729,10.474,2.728,Fairway,airborne,-0.003,0
127,0.5290,23.201,13.209,25.893,1.685,10.471,2.738,Fairway,airborne,-0.003,0
128,0.5332,23.081,13.216,25.846,1.640,10.469,2.747,Fairway,airborne,-0.003,0
129,0.5374,22.961,13.223,25.799,1.596,10.466,2.757,Fairway,airborne,-0.003,0
130,0.5415,22.842,13.229,25.752,1.552,10.463,2.766,Fairway,airborne,-0.003,0
131,0.5457,22.723,13.236,25.706,1.508,10.460,2.775,Fairway,airborne,-0.003,0
132,0.5499,22.604,13.242,25.659,1.465,10.457,2.784,Fairway,airborne,-0.003,0
133,0.5540,22.485,13.248,25.613,1.421,10.455,2.793,Fairway,airborne,-0.003,0
134,0.5582,22.367,13.254,25.566,1.377,10.452,2.802,Fairway,airborne,-0.003,0
135,0.5624,22.249,13.259,25.520,1.334,10.449,2.810,Fairway,airborne,-0.003,0
136,0.5665,22.131,13.265,25.474,1.290,10.446,2.818,Fairway,airborne,-0.003,0
137,0.5707,22.013,13.270,25.428,1.247,10.444,2.826,Fairway,airborne,-0.003,0
138,0.5749,21.895,13.275,25.382,1.204,10.441,2.834,Fairway,airborne,-0.003,0
139,0.5790,21.778,13.280,25.336,1.161,10.439,2.841,Fairway,airborne,-0.003,0
140,0.5832,21.661,13.285,25.290,1.118,10.436,2.849,Fairway,airborne,-0.003,0
141,0.5874,21.544,13.289,25.245,1.075,10.433,2.856,Fairway,airborne,-0.003,0
142,0.5915,21.428,13.294,25.199,1.032,10.430,2.863,Fairway,airborne,-0.003,0
143,0.5957,21.311,13.298,25.154,0.989,10.428,2.870,Fairway,airborne,-0.003,0
144,0.5999,21.195,13.302,25.108,0.946,10.425,2.877,Fairway,airborne,-0.003,0
145,0.6040,21.079,13.306,25.063,0.904,10.422,2.884,Fairway,airborne,-0.003,0
146,0.6082,20.963,13.309,25.018,0.861,10.419,2.890,Fairway,airborne,-0.003,0
147,0.6124,20.848,13.313,24.972,0.819,10.417,2.896,Fairway,airborne,-0.003,0
148,0.6165,20.733,13.316,24.927,0.776,10.414,2.902,Fairway,airborne,-0.003,0
149,0.6207,20.618,13.319,24.882,0.734,10.411,2.908,Fairway,airborne,-0.002,0
150,0.6248,20.503,13.322,24.837,0.692,10.409,2.913,Fairway,airborne,-0.002,0
151,0.6290,20.388,13.325,24.793,0.650,10.406,2.919,Fairway,airborne,-0.002,0
152,0.6332,20.274,13.328,24.748,0.608,10.404,2.924,Fairway,airborne,-0.002,0
153,0.6373,20.159,13.330,24.703,0.566,10.401,2.929,Fairway,airborne,-0.002,0
154,0.6415,20.045,13.332,24.658,0.524,10.399,2.933,Fairway,airborne,-0.002,0
155,0.6457,19.932,13.335,24.614,0.482,10.397,2.938,Fairway,airborne,-0.002,0
156,0.6498,19.818,13.336,24.570,0.441,10.394,2.942,Fairway,airborne,-0.002,0
157,0.6540,19.705,13.338,24.525,0.399,10.392,2.947,Fairway,airborne,-0.002,0
158,0.6582,19.591,13.340,24.481,0.358,10.389,2.951,Fairway,airborne,-0.002,0
159,0.6623,19.478,13.341,24.437,0.316,10.387,2.954,Fairway,airborne,-0.002,0
160,0.6665,19.366,13.342,24.393,0.275,10.384,2.958,Fairway,airborne,-0.003,0
161,0.6707,19.253,13.343,24.349,0.233,10.382,2.962,Fairway,airborne,-0.003,0
162,0.6748,19.141,13.344,24.305,0.192,10.379,2.965,Fairway,airborne,-0.003,0
163,0.6790,19.028,13.345,24.261,0.151,10.377,2.968,Fairway,airborne,-0.003,0
164,0.6832,18.916,13.346,24.217,0.110,10.374,2.971,Fairway,airborne,-0.002,0
165,0.6873,18.805,13.346,24.173,0.069,10.372,2.974,Fairway,airborne,-0.002,0
166,0.6915,18.693,13.346,24.130,0.028,10.369,2.977,Fairway,airborne,-0.003,0
167,0.6957,18.582,13.346,24.086,-0.013,10.367,2.980,Fairway,airborne,-0.003,0
168,0.6998,18.471,13.346,24.042,-0.054,10.364,2.982,Fairway,airborne,-0.003,0
169,0.7040,18.360,13.346,23.999,-0.094,10.362,2.984,Fairway,airborne,-0.003,0
170,0.7082,18.249,13.345,23.956,-0.135,10.359,2.986,Fairway,airborne,-0.003,0
171,0.7123,18.138,13.345,23.912,-0.176,10.357,2.988,Fairway,airborne,-0.002,0
172,0.7165,18.028,13.344,23.869,-0.216,10.354,2.990,Fairway,airborne,-0.002,0
173,0.7207,17.917,13.343,23.826,-0.257,10.352,2.991,Fairway,airborne,-0.002,0
174,0.7248,17.807,13.342,23.783,-0.297,10.349,2.992,Fairway,airborne,-0.002,0
175,0.7290,17.697,13.340,23.740,-0.337,10.347,2.993,Fairway,airborne,-0.002,0
176,0.7332,17.588,13.339,23.697,-0.377,10.345,2.994,Fairway,airborne,-0.002,0
177,0.7373,17.478,13.337,23.654,-0.418,10.343,2.995,Fairway,airborne,-0.002,0
178,0.7415,17.369,13.335,23.612,-0.458,10.340,2.995,Fairway,airborne,-0.002,0
179,0.7457,17.260,13.333,23.569,-0.498,10.338,2.996,Fairway,airborne,-0.002,0
180,0.7498,17.151,13.331,23.526,-0.538,10.336,2.996,Fairway,airborne,-0.002,0
181,0.7540,17.042,13.329,23.484,-0.578,10.333,2.996,Fairway,airborne,-0.002,0
182,0.7581,16.934,13.326,23.441,-0.618,10.331,2.996,Fairway,airborne,-0.002,0
183,0.7623,16.825,13.324,23.399,-0.657,10.329,2.995,Fairway,airborne,-0.002,0
184,0.7665,16.717,13.321,23.356,-0.697,10.326,2.995,Fairway,airborne,-0.002,0
185,0.7706,16.609,13.318,23.314,-0.737,10.324,2.994,Fairway,airborne,-0.002,0
186,0.7748,16.501,13.315,23.272,-0.776,10.322,2.993,Fairway,airborne,-0.002,0
187,0.7790,16.393,13.312,23.230,-0.816,10.319,2.992,Fairway,airborne,-0.002,0
188,0.7831,16.286,13.308,23.188,-0.855,10.317,2.991,Fairway,airborne,-0.002,0
189,0.7873,16.178,13.304,23.146,-0.895,10.315,2.990,Fairway,airborne,-0.002,0
190,0.7915,16.071,13.301,23.104,-0.934,10.313,2.988,Fairway,airborne,-0.002,0
191,0.7956,15.964,13.297,23.062,-0.973,10.310,2.986,Fairway,airborne,-0.002,0
192,0.7998,15.857,13.293,23.020,-1.013,10.308,2.985,Fairway,airborne,-0.002,0
193,0.8040,15.751,13.288,22.979,-1.052,10.306,2.983,Fairway,airborne,-0.002,0
194,0.8081,15.644,13.284,22.937,-1.091,10.303,2.981,Fairway,airborne,-0.002,0
195,0.8123,15.538,13.279,22.895,-1.130,10.301,2.978,Fairway,airborne,-0.002,0
196,0.8165,15.432,13.274,22.854,-1.169,10.299,2.976,Fairway,airborne,-0.002,0
197,0.8206,15.326,13.269,22.812,-1.208,10.297,2.973,Fairway,airborne,-0.002,0
198,0.8248,15.220,13.264,22.771,-1.247,10.294,2.970,Fairway,airborne,-0.002,0
199,0.8290,15.114,13.259,22.730,-1.286,10.292,2.967,Fairway,airborne,-0.002,0
200,0.8331,15.009,13.254,22.688,-1.325,10.290,2.963,Fairway,airborne,-0.002,0
201,0.8373,14.904,13.248,22.647,-1.363,10.288,2.960,Fairway,airborne,-0.002,0
202,0.8415,14.799,13.242,22.606,-1.402,10.286,2.956,Fairway,airborne,-0.002,0
203,0.8456,14.694,13.236,22.565,-1.441,10.284,2.953,Fairway,airborne,-0.002,0
204,0.8498,14.589,13.230,22.524,-1.479,10.282,2.949,Fairway,airborne,-0.002,0
205,0.8540,14.484,13.224,22.483,-1.518,10.280,2.945,Fairway,airborne,-0.002,0
206,0.8581,14.380,13.218,22.442,-1.556,10.277,2.940,Fairway,airborne,-0.002,0
207,0.8623,14.275,13.211,22.401,-1.595,10.275,2.936,Fairway,airborne,-0.002,0
208,0.8665,14.171,13.204,22.361,-1.633,10.273,2.932,Fairway,airborne,-0.002,0
209,0.8706,14.067,13.197,22.320,-1.671,10.270,2.927,Fairway,airborne,-0.002,0
210,0.8748,13.963,13.190,22.279,-1.710,10.268,2.922,Fairway,airborne,-0.002,0
211,0.8790,13.860,13.183,22.239,-1.748,10.266,2.917,Fairway,airborne,-0.002,0
212,0.8831,13.756,13.176,22.198,-1.786,10.264,2.912,Fairway,airborne,-0.002,0
213,0.8873,13.653,13.168,22.158,-1.824,10.262,2.906,Fairway,airborne,-0.002,0
214,0.8914,13.549,13.161,22.117,-1.862,10.260,2.901,Fairway,airborne,-0.002,0
215,0.8956,13.446,13.153,22.077,-1.900,10.258,2.895,Fairway,airborne,-0.002,0
216,0.8998,13.343,13.145,22.037,-1.938,10.256,2.889,Fairway,airborne,-0.002,0
217,0.9039,13.241,13.137,21.997,-1.976,10.254,2.883,Fairway,airborne,-0.002,0
218,0.9081,13.138,13.128,21.957,-2.014,10.252,2.877,Fairway,airborne,-0.002,0
219,0.9123,13.036,13.120,21.916,-2.052,10.250,2.870,Fairway,airborne,-0.002,0
220,0.9164,12.933,13.111,21.876,-2.090,10.248,2.864,Fairway,airborne,-0.002,0
221,0.9206,12.831,13.103,21.837,-2.127,10.246,2.857,Fairway,airborne,-0.002,0
222,0.9248,12.729,13.094,21.797,-2.165,10.244,2.850,Fairway,airborne,-0.002,0
223,0.9289,12.627,13.085,21.757,-2.203,10.242,2.843,Fairway,airborne,-0.002,0
224,0.9331,12.526,13.075,21.717,-2.240,10.240,2.836,Fairway,airborne,-0.002,0
225,0.9373,12.424,13.066,21.677,-2.278,10.238,2.828,Fairway,airborne,-0.002,0
226,0.9414,12.323,13.056,21.638,-2.315,10.236,2.821,Fairway,airborne,-0.002,0
227,0.9456,12.221,13.047,21.598,-2.353,10.234,2.813,Fairway,airborne,-0.002,0
228,0.9498,12.120,13.037,21.558,-2.390,10.232,2.805,Fairway,airborne,-0.002,0
229,0.9539,12.019,13.027,21.519,-2.428,10.230,2.797,Fairway,airborne,-0.002,0
230,0.9581,11.918,13.017,21.479,-2.465,10.228,2.789,Fairway,airborne,-0.002,0
231,0.9623,11.818,13.006,21.440,-2.502,10.226,2.781,Fairway,airborne,-0.002,0
232,0.9664,11.717,12.996,21.401,-2.539,10.224,2.772,Fairway,airborne,-0.002,0
233,0.9706,11.617,12.985,21.362,-2.577,10.222,2.763,Fairway,airborne,-0.002,0
234,0.9748,11.517,12.974,21.322,-2.614,10.220,2.755,Fairway,airborne,-0.002,0
235,0.9789,11.416,12.963,21.283,-2.651,10.218,2.746,Fairway,airborne,-0.002,0
236,0.9831,11.317,12.952,21.244,-2.688,10.216,2.737,Fairway,airborne,-0.002,0
237,0.9873,11.217,12.941,21.205,-2.725,10.214,2.727,Fairway,airborne,-0.002,0
238,0.9914,11.117,12.929,21.166,-2.762,10.212,2.718,Fairway,airborne,-0.002,0
239,0.9956,11.018,12.918,21.127,-2.799,10.210,2.708,Fairway,airborne,-0.002,0
240,0.9998,10.918,12.906,21.088,-2.836,10.208,2.698,Fairway,airborne,-0.002,0
241,1.0039,10.819,12.894,21.049,-2.872,10.206,2.688,Fairway,airborne,-0.002,0
242,1.0081,10.720,12.882,21.011,-2.909,10.204,2.678,Fairway,airborne,-0.002,0
243,1.0123,10.621,12.870,20.972,-2.946,10.202,2.668,Fairway,airborne,-0.002,0
244,1.0164,10.522,12.858,20.933,-2.983,10.200,2.658,Fairway,airborne,-0.002,0
245,1.0206,10.423,12.845,20.895,-3.019,10.198,2.647,Fairway,airborne,-0.002,0
246,1.0248,10.325,12.833,20.856,-3.056,10.196,2.636,Fairway,airborne,-0.002,0
247,1.0289,10.226,12.820,20.818,-3.093,10.195,2.625,Fairway,airborne,-0.002,0
248,1.0331,10.128,12.807,20.779,-3.129,10.193,2.614,Fairway,airborne,-0.002,0
249,1.0372,10.030,12.794,20.741,-3.166,10.191,2.603,Fairway,airborne,-0.002,0
250,1.0414,9.932,12.780,20.702,-3.202,10.189,2.591,Fairway,airborne,-0.002,0
251,1.0456,9.834,12.767,20.664,-3.239,10.187,2.580,Fairway,airborne,-0.002,0
252,1.0497,9.736,12.753,20.626,-3.275,10.186,2.568,Fairway,airborne,-0.002,0
253,1.0539,9.639,12.740,20.588,-3.311,10.184,2.556,Fairway,airborne,-0.002,0
254,1.0581,9.541,12.726,20.550,-3.348,10.182,2.544,Fairway,airborne,-0.002,0
255,1.0622,9.444,12.712,20.511,-3.384,10.180,2.531,Fairway,airborne,-0.002,0
256,1.0664,9.347,12.698,20.473,-3.420,10.179,2.519,Fairway,airborne,-0.002,0
257,1.0706,9.249,12.683,20.435,-3.456,10.177,2.506,Fairway,airborne,-0.002,0
258,1.0747,9.152,12.669,20.398,-3.492,10.175,2.494,Fairway,airborne,-0.002,0
259,1.0789,9.056,12.654,20.360,-3.529,10.173,2.481,Fairway,airborne,-0.002,0
260,1.0831,8.959,12.640,20.322,-3.565,10.172,2.468,Fairway,airborne,-0.002,0
261,1.0872,8.862,12.625,20.284,-3.601,10.170,2.455,Fairway,airborne,-0.002,0
262,1.0914,8.766,12.610,20.246,-3.637,10.168,2.441,Fairway,airborne,-0.002,0
263,1.0956,8.670,12.594,20.209,-3.673,10.166,2.428,Fairway,airborne,-0.002,0
264,1.0997,8.573,12.579,20.171,-3.709,10.164,2.415,Fairway,airborne,-0.002,0
265,1.1039,8.477,12.563,20.133,-3.745,10.162,2.401,Fairway,airborne,-0.002,0
266,1.1081,8.381,12.548,20.096,-3.780,10.161,2.387,Fairway,airborne,-0.002,0
267,1.1122,8.286,12.532,20.058,-3.816,10.159,2.373,Fairway,airborne,-0.002,0
268,1.1164,8.190,12.516,20.021,-3.852,10.157,2.359,Fairway,airborne,-0.002,0
269,1.1206,8.094,12.500,19.984,-3.888,10.155,2.345,Fairway,airborne,-0.002,0
270,1.1247,7.999,12.484,19.946,-3.923,10.153,2.331,Fairway,airborne,-0.002,0
271,1.1289,7.904,12.467,19.909,-3.959,10.151,2.316,Fairway,airborne,-0.002,0
272,1.1331,7.809,12.451,19.872,-3.995,10.149,2.301,Fairway,airborne,-0.002,0
273,1.1372,7.714,12.434,19.835,-4.030,10.147,2.286,Fairway,airborne,-0.002,0
274,1.1414,7.619,12.417,19.798,-4.066,10.146,2.271,Fairway,airborne,-0.002,0
275,1.1456,7.524,12.400,19.760,-4.101,10.144,2.256,Fairway,airborne,-0.002,0
276,1.1497,7.429,12.383,19.723,-4.137,10.142,2.241,Fairway,airborne,-0.002,0
277,1.1539,7.335,12.366,19.686,-4.172,10.140,2.225,Fairway,airborne,-0.002,0
278,1.1581,7.240,12.348,19.649,-4.208,10.139,2.209,Fairway,airborne,-0.002,0
279,1.1622,7.146,12.331,19.613,-4.243,10.137,2.194,Fairway,airborne,-0.002,0
280,1.1664,7.052,12.313,19.576,-4.279,10.135,2.178,Fairway,airborne,-0.002,0
281,1.1705,6.958,12.295,19.539,-4.314,10.133,2.162,Fairway,airborne,-0.002,0
282,1.1747,6.864,12.277,19.502,-4.349,10.132,2.145,Fairway,airborne,-0.002,0
283,1.1789,6.770,12.259,19.465,-4.384,10.130,2.129,Fairway,airborne,-0.002,0
284,1.1830,6.676,12.240,19.429,-4.420,10.128,2.112,Fairway,airborne,-0.002,0
285,1.1872,6.582,12.222,19.392,-4.455,10.126,2.095,Fairway,airborne,-0.002,0
286,1.1914,6.489,12.203,19.356,-4.490,10.125,2.078,Fairway,airborne,-0.002,0
287,1.1955,6.396,12.184,19.319,-4.525,10.123,2.061,Fairway,airborne,-0.001,0
288,1.1997,6.302,12.166,19.283,-4.560,10.122,2.044,Fairway,airborne,-0.001,0
289,1.2039,6.209,12.146,19.246,-4.595,10.120,2.026,Fairway,airborne,-0.002,0
290,1.2080,6.116,12.127,19.210,-4.630,10.119,2.009,Fairway,airborne,-0.002,0
291,1.2122,6.023,12.108,19.174,-4.665,10.117,1.991,Fairway,airborne,-0.002,0
292,1.2164,5.931,12.088,19.137,-4.700,10.115,1.973,Fairway,airborne,-0.002,0
293,1.2205,5.838,12.069,19.101,-4.735,10.114,1.955,Fairway,airborne,-0.002,0
294,1.2247,5.746,12.049,19.065,-4.770,10.112,1.937,Fairway,airborne,-0.002,0
295,1.2289,5.653,12.029,19.029,-4.805,10.110,1.919,Fairway,airborne,-0.002,0
296,1.2330,5.561,12.009,18.993,-4.840,10.109,1.900,Fairway,airborne,-0.002,0
297,1.2372,5.469,11.989,18.957,-4.875,10.107,1.882,Fairway,airborne,-0.002,0
298,1.2414,5.377,11.968,18.921,-4.909,10.105,1.863,Fairway,airborne,-0.002,0
299,1.2455,5.285,11.948,18.885,-4.944,10.103,1.845,Fairway,airborne,-0.002,0
300,1.2497,5.193,11.927,18.849,-4.979,10.101,1.826,Fairway,airborne,-0.002,0
301,1.2539,5.101,11.906,18.813,-5.013,10.100,1.807,Fairway,airborne,-0.002,0
302,1.2580,5.009,11.885,18.777,-5.048,10.098,1.788,Fairway,airborne,-0.002,0
303,1.2622,4.918,11.864,18.741,-5.083,10.096,1.768,Fairway,airborne,-0.002,0
304,1.2664,4.827,11.843,18.705,-5.117,10.094,1.749,Fairway,airborne,-0.002,0
305,1.2705,4.735,11.822,18.670,-5.152,10.092,1.729,Fairway,airborne,-0.002,0
306,1.2747,4.644,11.800,18.634,-5.186,10.091,1.710,Fairway,airborne,-0.002,0
307,1.2789,4.553,11.778,18.598,-5.221,10.089,1.690,Fairway,airborne,-0.002,0
308,1.2830,4.462,11.757,18.563,-5.255,10.087,1.670,Fairway,airborne,-0.002,0
309,1.2872,4.371,11.735,18.527,-5.290,10.086,1.649,Fairway,airborne,-0.001,0
310,1.2914,4.281,11.713,18.492,-5.324,10.084,1.628,Fairway,airborne,-0.001,0
311,1.2955,4.190,11.690,18.456,-5.358,10.083,1.608,Fairway,airborne,-0.002,0
312,1.2997,4.099,11.668,18.421,-5.393,10.081,1.587,Fairway,airborne,-0.002,0
313,1.3038,4.009,11.645,18.386,-5.427,10.079,1.566,Fairway,airborne,-0.002,0
314,1.3080,3.919,11.623,18.350,-5.461,10.078,1.545,Fairway,airborne,-0.002,0
315,1.3122,3.829,11.600,18.315,-5.495,10.076,1.524,Fairway,airborne,-0.002,0
316,1.3163,3.739,11.577,18.280,-5.530,10.074,1.503,Fairway,airborne,-0.002,0
317,1.3205,3.649,11.554,18.245,-5.564,10.072,1.482,Fairway,airborne,-0.002,0
318,1.3247,3.559,11.531,18.209,-5.598,10.071,1.460,Fairway,airborne,-0.002,0
319,1.3288,3.469,11.507,18.174,-5.632,10.069,1.438,Fairway,airborne,-0.002,0
320,1.3330,3.379,11.484,18.139,-5.666,10.067,1.417,Fairway,airborne,-0.002,0
321,1.3372,3.290,11.460,18.104,-5.700,10.065,1.395,Fairway,airborne,-0.002,0
322,1.3413,3.201,11.436,18.069,-5.734,10.064,1.373,Fairway,airborne,-0.002,0
323,1.3455,3.111,11.412,18.034,-5.768,10.062,1.350,Fairway,airborne,-0.002,0
324,1.3497,3.022,11.388,17.999,-5.802,10.060,1.328,Fairway,airborne,-0.002,0
325,1.3538,2.933,11.364,17.965,-5.836,10.059,1.305,Fairway,airborne,-0.001,0
326,1.3580,2.844,11.340,17.930,-5.870,10.057,1.282,Fairway,airborne,-0.001,0
327,1.3622,2.755,11.315,17.895,-5.904,10.056,1.259,Fairway,airborne,-0.002,0
328,1.3663,2.666,11.290,17.860,-5.938,10.054,1.236,Fairway,airborne,-0.002,0
329,1.3705,2.578,11.266,17.826,-5.971,10.052,1.213,Fairway,airborne,-0.002,0
330,1.3747,2.489,11.241,17.791,-6.005,10.050,1.190,Fairway,airborne,-0.002,0
331,1.3788,2.401,11.216,17.756,-6.039,10.049,1.167,Fairway,airborne,-0.002,0
332,1.3830,2.312,11.190,17.722,-6.073,10.047,1.144,Fairway,airborne,-0.002,0
333,1.3872,2.224,11.165,17.687,-6.106,10.045,1.120,Fairway,airborne,-0.002,0
334,1.3913,2.136,11.140,17.653,-6.140,10.043,1.096,Fairway,airborne,-0.002,0
335,1.3955,2.048,11.114,17.618,-6.174,10.042,1.072,Fairway,airborne,-0.002,0
336,1.3997,1.960,11.088,17.584,-6.207,10.040,1.048,Fairway,airborne,-0.002,0
337,1.4038,1.872,11.062,17.550,-6.241,10.038,1.024,Fairway,airborne,-0.002,0
338,1.4080,1.784,11.036,17.515,-6.274,10.036,1.000,Fairway,airborne,-0.002,0
339,1.4122,1.697,11.010,17.481,-6.308,10.035,0.975,Fairway,airborne,-0.002,0
340,1.4163,1.609,10.984,17.447,-6.341,10.033,0.951,Fairway,airborne,-0.002,0
341,1.4205,1.522,10.957,17.413,-6.375,10.031,0.926,Fairway,airborne,-0.002,0
342,1.4247,1.434,10.930,17.378,-6.408,10.029,0.901,Fairway,airborne,-0.002,0
343,1.4288,1.347,10.904,17.344,-6.442,10.028,0.876,Fairway,airborne,-0.002,0
344,1.4330,1.260,10.877,17.310,-6.475,10.026,0.851,Fairway,airborne,-0.002,0
345,1.4371,1.173,10.850,17.276,-6.508,10.024,0.826,Fairway,airborne,-0.002,0
346,1.4413,1.086,10.823,17.242,-6.542,10.023,0.800,Fairway,airborne,-0.001,0
347,1.4455,0.999,10.795,17.208,-6.575,10.021,0.774,Fairway,airborne,-0.001,0
348,1.4496,0.912,10.768,17.174,-6.608,10.020,0.748,Fairway,airborne,-0.002,0
349,1.4538,0.826,10.740,17.140,-6.641,10.018,0.723,Fairway,airborne,-0.002,0
350,1.4580,0.739,10.712,17.106,-6.675,10.016,0.697,Fairway,airborne,-0.002,0
351,1.4621,0.653,10.685,17.073,-6.708,10.014,0.671,Fairway,airborne,-0.002,0
352,1.4663,0.566,10.657,17.039,-6.741,10.012,0.645,Fairway,airborne,-0.002,0
353,1.4705,0.480,10.628,17.005,-6.774,10.010,0.618,Fairway,airborne,-0.002,0
354,1.4746,0.394,10.600,16.971,-6.807,10.009,0.592,Fairway,airborne,-0.002,0
355,1.4788,0.308,10.572,16.938,-6.840,10.007,0.565,Fairway,airborne,-0.002,0
356,1.4830,0.222,10.543,16.904,-6.873,10.005,0.538,Fairway,airborne,-0.002,0
357,1.4871,0.136,10.515,16.871,-6.906,10.003,0.511,Fairway,airborne,-0.002,0
358,1.4913,0.051,10.486,16.837,-6.939,10.002,0.484,Fairway,airborne,-0.002,0
359,1.4955,-0.035,10.457,16.804,-6.972,10.000,0.456,Fairway,airborne,-0.001,0
360,1.4996,-0.121,10.428,16.770,-7.005,9.999,0.429,Fairway,airborne,-0.002,0
361,1.5038,-0.206,10.398,16.737,-7.038,9.997,0.402,Fairway,airborne,-0.002,0
362,1.5080,-0.291,10.369,16.703,-7.071,9.995,0.374,Fairway,airborne,-0.002,0
363,1.5121,-0.377,10.339,16.670,-7.104,9.993,0.346,Fairway,airborne,-0.002,0
364,1.5163,-0.462,10.310,16.637,-7.136,9.991,0.318,Fairway,airborne,-0.002,0
365,1.5205,-0.547,10.280,16.603,-7.169,9.990,0.290,Fairway,airborne,-0.002,0
366,1.5246,-0.632,10.250,16.570,-7.202,9.988,0.262,Fairway,airborne,-0.002,0
367,1.5288,-0.717,10.220,16.537,-7.235,9.986,0.234,Fairway,airborne,-0.002,0
368,1.5330,-0.802,10.190,16.504,-7.267,9.984,0.205,Fairway,airborne,-0.002,0
369,1.5371,-0.886,10.160,16.471,-7.300,9.983,0.177,Fairway,airborne,-0.002,0
370,1.5413,-0.971,10.129,16.438,-7.333,9.981,0.148,Fairway,airborne,-0.002,0
371,1.5455,-1.055,10.098,16.404,-7.365,9.979,0.119,Fairway,airborne,-0.002,0
372,1.5496,-1.140,10.068,16.371,-7.398,9.978,0.090,Fairway,airborne,-0.002,0
373,1.5538,-1.224,10.037,16.338,-7.430,9.976,0.061,Fairway,airborne,-0.002,0
374,1.5580,-1.308,10.006,16.306,-7.463,9.974,0.032,Fairway,airborne,-0.002,0
375,1.5621,-1.392,9.975,16.273,-7.495,9.972,0.003,Fairway,airborne,-0.002,0
376,1.5627,-1.404,9.970,16.268,-7.500,9.972,-0.001,Fairway,roll,0.000,0
377,1.5668,-1.442,9.986,16.253,3.707,9.971,0.015,Fairway,roll,-0.001,0
378,1.5710,-1.480,10.001,16.238,3.664,9.970,0.031,Fairway,roll,-0.001,0
379,1.5752,-1.517,10.016,16.224,3.622,9.969,0.047,Fairway,roll,-0.001,0
380,1.5793,-1.555,10.031,16.209,3.579,9.969,0.063,Fairway,roll,-0.001,0
381,1.5835,-1.593,10.046,16.194,3.536,9.968,0.078,Fairway,roll,-0.001,0
382,1.5877,-1.631,10.061,16.179,3.494,9.967,0.094,Fairway,roll,-0.001,0
383,1.5918,-1.668,10.075,16.165,3.451,9.966,0.109,Fairway,roll,-0.001,0
384,1.5960,-1.706,10.089,16.150,3.408,9.965,0.124,Fairway,roll,-0.001,0
385,1.6002,-1.744,10.104,16.135,3.366,9.965,0.139,Fairway,roll,-0.001,0
386,1.6043,-1.781,10.118,16.121,3.323,9.964,0.154,Fairway,roll,-0.001,0
387,1.6085,-1.819,10.131,16.106,3.281,9.963,0.168,Fairway,roll,-0.001,0
388,1.6127,-1.856,10.145,16.091,3.238,9.962,0.182,Fairway,roll,-0.001,0
389,1.6168,-1.894,10.158,16.076,3.196,9.961,0.197,Fairway,roll,-0.001,0
390,1.6210,-1.932,10.171,16.062,3.153,9.961,0.211,Fairway,roll,-0.001,0
391,1.6252,-1.969,10.184,16.047,3.111,9.960,0.225,Fairway,roll,-0.001,0
392,1.6293,-2.007,10.197,16.032,3.068,9.959,0.239,Fairway,roll,-0.001,0
393,1.6335,-2.044,10.210,16.018,3.026,9.958,0.252,Fairway,roll,-0.001,0
394,1.6377,-2.082,10.223,16.003,2.984,9.957,0.265,Fairway,roll,-0.001,0
395,1.6418,-2.119,10.235,15.988,2.941,9.957,0.278,Fairway,roll,-0.001,0
396,1.6460,-2.157,10.247,15.974,2.899,9.956,0.291,Fairway,roll,-0.001,0
397,1.6502,-2.194,10.259,15.959,2.857,9.955,0.304,Fairway,roll,-0.001,0
398,1.6543,-2.231,10.271,15.944,2.815,9.954,0.316,Fairway,roll,-0.001,0
399,1.6585,-2.269,10.282,15.930,2.772,9.953,0.329,Fairway,roll,-0.001,0
400,1.6627,-2.306,10.294,15.915,2.730,9.953,0.341,Fairway,roll,-0.001,0
401,1.6668,-2.344,10.305,15.901,2.688,9.952,0.354,Fairway,roll,-0.001,0
402,1.6710,-2.381,10.316,15.886,2.646,9.951,0.366,Fairway,roll,-0.001,0
403,1.6752,-2.418,10.327,15.871,2.604,9.950,0.378,Fairway,roll,-0.001,0
404,1.6793,-2.456,10.338,15.857,2.562,9.949,0.389,Fairway,roll,-0.001,0
405,1.6835,-2.493,10.349,15.842,2.520,9.948,0.401,Fairway,roll,-0.001,0
406,1.6877,-2.530,10.359,15.828,2.478,9.947,0.412,Fairway,roll,-0.001,0
407,1.6918,-2.567,10.369,15.813,2.436,9.946,0.423,Fairway,roll,-0.001,0
408,1.6960,-2.605,10.379,15.798,2.394,9.945,0.434,Fairway,roll,-0.001,0
409,1.7002,-2.642,10.389,15.784,2.352,9.945,0.444,Fairway,roll,-0.001,0
410,1.7043,-2.679,10.399,15.769,2.310,9.944,0.455,Fairway,roll,-0.001,0
411,1.7085,-2.716,10.408,15.755,2.268,9.943,0.465,Fairway,roll,-0.001,0
412,1.7126,-2.753,10.418,15.740,2.226,9.942,0.475,Fairway,roll,-0.001,0
413,1.7168,-2.790,10.427,15.726,2.184,9.942,0.485,Fairway,roll,-0.001,0
414,1.7210,-2.828,10.436,15.711,2.142,9.941,0.495,Fairway,roll,-0.001,0
415,1.7251,-2.865,10.445,15.697,2.100,9.940,0.505,Fairway,roll,-0.001,0
416,1.7293,-2.902,10.453,15.682,2.059,9.939,0.514,Fairway,roll,-0.001,0
417,1.7335,-2.939,10.462,15.668,2.017,9.939,0.523,Fairway,roll,-0.001,0
418,1.7376,-2.976,10.470,15.653,1.975,9.938,0.532,Fairway,roll,-0.001,0
419,1.7418,-3.013,10.478,15.639,1.933,9.937,0.541,Fairway,roll,-0.001,0
420,1.7460,-3.050,10.486,15.624,1.891,9.936,0.550,Fairway,roll,-0.001,0
421,1.7501,-3.087,10.494,15.610,1.850,9.936,0.558,Fairway,roll,-0.001,0
422,1.7543,-3.124,10.502,15.595,1.808,9.935,0.567,Fairway,roll,-0.001,0
423,1.7585,-3.161,10.509,15.581,1.766,9.934,0.575,Fairway,roll,-0.001,0
424,1.7626,-3.198,10.516,15.566,1.725,9.933,0.583,Fairway,roll,-0.001,0
425,1.7668,-3.235,10.523,15.552,1.683,9.932,0.591,Fairway,roll,-0.001,0
426,1.7710,-3.272,10.530,15.537,1.642,9.931,0.599,Fairway,roll,-0.001,0
427,1.7751,-3.309,10.537,15.523,1.600,9.930,0.607,Fairway,roll,-0.001,0
428,1.7793,-3.346,10.544,15.509,1.558,9.929,0.615,Fairway,roll,-0.001,0
429,1.7835,-3.383,10.550,15.494,1.517,9.928,0.622,Fairway,roll,-0.001,0
430,1.7876,-3.419,10.556,15.480,1.475,9.927,0.629,Fairway,roll,-0.001,0
431,1.7918,-3.456,10.562,15.465,1.434,9.926,0.636,Fairway,roll,-0.001,0
432,1.7960,-3.493,10.568,15.451,1.392,9.925,0.643,Fairway,roll,-0.001,0
433,1.8001,-3.530,10.574,15.437,1.351,9.924,0.649,Fairway,roll,-0.001,0
434,1.8043,-3.567,10.579,15.422,1.309,9.923,0.656,Fairway,roll,-0.001,0
435,1.8085,-3.603,10.585,15.408,1.268,9.922,0.662,Fairway,roll,-0.001,0
436,1.8126,-3.640,10.590,15.393,1.227,9.922,0.668,Fairway,roll,-0.001,0
437,1.8168,-3.677,10.595,15.379,1.185,9.921,0.674,Fairway,roll,-0.001,0
438,1.8210,-3.714,10.600,15.365,1.144,9.920,0.680,Fairway,roll,-0.001,0
439,1.8251,-3.750,10.605,15.350,1.103,9.919,0.685,Fairway,roll,-0.001,0
440,1.8293,-3.787,10.609,15.336,1.061,9.919,0.691,Fairway,roll,-0.001,0
441,1.8335,-3.824,10.613,15.322,1.020,9.918,0.695,Fairway,roll,-0.001,0
442,1.8376,-3.860,10.618,15.307,0.979,9.917,0.700,Fairway,roll,-0.001,0
443,1.8418,-3.897,10.621,15.293,0.937,9.916,0.705,Fairway,roll,-0.001,0
444,1.8459,-3.934,10.625,15.279,0.896,9.916,0.710,Fairway,roll,-0.001,0
445,1.8501,-3.970,10.629,15.264,0.855,9.915,0.714,Fairway,roll,-0.001,0
446,1.8543,-4.007,10.632,15.250,0.814,9.914,0.719,Fairway,roll,-0.001,0
447,1.8584,-4.044,10.636,15.236,0.773,9.913,0.723,Fairway,roll,-0.001,0
448,1.8626,-4.080,10.639,15.221,0.731,9.912,0.727,Fairway,roll,-0.001,0
449,1.8668,-4.117,10.642,15.207,0.690,9.911,0.731,Fairway,roll,-0.001,0
450,1.8709,-4.153,10.645,15.193,0.649,9.910,0.735,Fairway,roll,-0.001,0
451,1.8751,-4.190,10.647,15.178,0.608,9.909,0.738,Fairway,roll,-0.001,0
452,1.8793,-4.226,10.650,15.164,0.567,9.908,0.741,Fairway,roll,-0.001,0
453,1.8834,-4.263,10.652,15.150,0.526,9.908,0.744,Fairway,roll,-0.001,0
454,1.8876,-4.299,10.654,15.136,0.485,9.907,0.747,Fairway,roll,-0.001,0
455,1.8918,-4.336,10.656,15.121,0.444,9.906,0.750,Fairway,roll,-0.001,0
456,1.8959,-4.372,10.658,15.107,0.403,9.905,0.752,Fairway,roll,-0.001,0
457,1.9001,-4.408,10.659,15.093,0.362,9.904,0.755,Fairway,roll,-0.001,0
458,1.9043,-4.445,10.661,15.079,0.321,9.904,0.757,Fairway,roll,-0.001,0
459,1.9084,-4.481,10.662,15.064,0.280,9.903,0.759,Fairway,roll,-0.001,0
460,1.9126,-4.518,10.663,15.050,0.239,9.902,0.761,Fairway,roll,-0.001,0
461,1.9168,-4.554,10.664,15.036,0.198,9.901,0.763,Fairway,roll,-0.001,0
462,1.9209,-4.590,10.665,15.022,0.157,9.900,0.764,Fairway,roll,-0.001,0
463,1.9251,-4.627,10.665,15.007,0.116,9.899,0.766,Fairway,roll,-0.001,0
464,1.9293,-4.663,10.666,14.993,0.075,9.898,0.767,Fairway,roll,-0.001,0
465,1.9334,-4.699,10.666,14.979,0.034,9.898,0.768,Fairway,roll,-0.001,0
466,1.9376,-4.736,10.666,14.965,-0.007,9.897,0.769,Fairway,roll,-0.001,0
467,1.9418,-4.772,10.666,14.951,-0.047,9.896,0.770,Fairway,roll,-0.001,0
468,1.9459,-4.808,10.665,14.936,-0.088,9.895,0.771,Fairway,roll,-0.001,0
469,1.9501,-4.844,10.665,14.922,-0.129,9.894,0.771,Fairway,roll,-0.001,0
470,1.9543,-4.881,10.664,14.908,-0.170,9.893,0.771,Fairway,roll,-0.001,0
471,1.9584,-4.917,10.664,14.894,-0.211,9.892,0.772,Fairway,roll,-0.001,0
472,1.9626,-4.953,10.663,14.880,-0.251,9.891,0.772,Fairway,roll,-0.001,0
473,1.9668,-4.989,10.662,14.866,-0.292,9.890,0.771,Fairway,roll,-0.001,0
474,1.9709,-5.025,10.660,14.851,-0.333,9.889,0.771,Fairway,roll,-0.001,0
475,1.9751,-5.061,10.659,14.837,-0.374,9.888,0.770,Fairway,roll,-0.001,0
476,1.9792,-5.098,10.657,14.823,-0.414,9.887,0.770,Fairway,roll,-0.001,0
477,1.9834,-5.134,10.655,14.809,-0.455,9.886,0.769,Fairway,roll,-0.001,0
478,1.9876,-5.170,10.653,14.795,-0.496,9.886,0.768,Fairway,roll,-0.001,0
479,1.9917,-5.206,10.651,14.781,-0.536,9.885,0.766,Fairway,roll,-0.001,0
480,1.9959,-5.242,10.649,14.767,-0.577,9.884,0.765,Fairway,roll,-0.001,0
481,2.0001,-5.278,10.646,14.753,-0.617,9.883,0.763,Fairway,roll,-0.001,0
482,2.0042,-5.314,10.644,14.738,-0.658,9.883,0.761,Fairway,roll,-0.001,0
483,2.0084,-5.350,10.641,14.724,-0.699,9.882,0.759,Fairway,roll,-0.001,0
484,2.0126,-5.386,10.638,14.710,-0.739,9.881,0.757,Fairway,roll,-0.001,0
485,2.0167,-5.422,10.635,14.696,-0.780,9.880,0.755,Fairway,roll,-0.001,0
486,2.0209,-5.458,10.631,14.682,-0.820,9.879,0.752,Fairway,roll,-0.001,0
487,2.0251,-5.494,10.628,14.668,-0.861,9.878,0.750,Fairway,roll,-0.001,0
488,2.0292,-5.530,10.624,14.654,-0.901,9.877,0.747,Fairway,roll,-0.001,0
489,2.0334,-5.566,10.620,14.640,-0.942,9.876,0.744,Fairway,roll,-0.001,0
490,2.0376,-5.602,10.616,14.626,-0.982,9.875,0.741,Fairway,roll,-0.001,0
491,2.0417,-5.638,10.612,14.612,-1.022,9.874,0.738,Fairway,roll,-0.001,0
492,2.0459,-5.674,10.608,14.598,-1.063,9.873,0.735,Fairway,roll,-0.001,0
493,2.0501,-5.710,10.603,14.584,-1.103,9.872,0.731,Fairway,roll,-0.001,0
494,2.0542,-5.745,10.599,14.570,-1.144,9.871,0.727,Fairway,roll,-0.001,0
495,2.0584,-5.781,10.594,14.556,-1.184,9.871,0.723,Fairway,roll,-0.001,0
496,2.0626,-5.817,10.589,14.542,-1.224,9.869,0.719,Fairway,roll,-0.001,0
497,2.0667,-5.853,10.584,14.528,-1.265,9.869,0.715,Fairway,roll,-0.001,0
498,2.0709,-5.889,10.578,14.514,-1.305,9.868,0.711,Fairway,roll,-0.001,0
499,2.0751,-5.924,10.573,14.500,-1.345,9.867,0.706,Fairway,roll,-0.001,0
500,2.0792,-5.960,10.567,14.486,-1.385,9.866,0.701,Fairway,roll,-0.001,0
501,2.0834,-5.996,10.561,14.472,-1.426,9.865,0.696,Fairway,roll,-0.001,0
502,2.0876,-6.032,10.555,14.458,-1.466,9.864,0.691,Fairway,roll,-0.001,0
503,2.0917,-6.067,10.549,14.444,-1.506,9.863,0.686,Fairway,roll,-0.001,0
504,2.0959,-6.103,10.543,14.430,-1.546,9.862,0.681,Fairway,roll,-0.001,0
505,2.1001,-6.139,10.536,14.416,-1.587,9.861,0.675,Fairway,roll,-0.001,0
506,2.1042,-6.175,10.530,14.402,-1.627,9.860,0.670,Fairway,roll,-0.001,0
507,2.1084,-6.210,10.523,14.388,-1.667,9.859,0.664,Fairway,roll,-0.001,0
508,2.1125,-6.246,10.516,14.374,-1.707,9.859,0.657,Fairway,roll,-0.001,0
509,2.1167,-6.282,10.509,14.360,-1.747,9.858,0.651,Fairway,roll,-0.001,0
510,2.1209,-6.317,10.501,14.346,-1.787,9.857,0.644,Fairway,roll,-0.001,0
511,2.1250,-6.353,10.494,14.332,-1.827,9.857,0.637,Fairway,roll,-0.001,0
512,2.1292,-6.388,10.486,14.318,-1.867,9.856,0.630,Fairway,roll,-0.001,0
513,2.1334,-6.424,10.478,14.304,-1.907,9.855,0.623,Fairway,roll,-0.001,0
514,2.1375,-6.460,10.470,14.290,-1.947,9.854,0.616,Fairway,roll,-0.001,0
515,2.1417,-6.495,10.462,14.276,-1.987,9.853,0.609,Fairway,roll,-0.001,0
516,2.1459,-6.531,10.454,14.263,-2.027,9.852,0.602,Fairway,roll,-0.001,0
517,2.1500,-6.566,10.445,14.249,-2.067,9.851,0.594,Fairway,roll,-0.001,0
518,2.1542,-6.602,10.436,14.235,-2.107,9.850,0.586,Fairway,roll,-0.001,0
519,2.1584,-6.637,10.428,14.221,-2.147,9.849,0.578,Fairway,roll,-0.001,0
520,2.1625,-6.673,10.419,14.207,-2.187,9.848,0.570,Fairway,roll,-0.001,0
521,2.1667,-6.708,10.409,14.193,-2.227,9.847,0.562,Fairway,roll,-0.001,0
522,2.1709,-6.744,10.400,14.179,-2.267,9.847,0.553,Fairway,roll,-0.001,0
523,2.1750,-6.779,10.390,14.165,-2.307,9.846,0.545,Fairway,roll,-0.001,0
524,2.1792,-6.814,10.381,14.152,-2.347,9.845,0.536,Fairway,roll,-0.001,0
525,2.1834,-6.850,10.371,14.138,-2.387,9.844,0.527,Fairway,roll,-0.001,0
526,2.1875,-6.885,10.361,14.124,-2.426,9.842,0.519,Fairway,roll,-0.001,0
527,2.1917,-6.921,10.351,14.110,-2.466,9.841,0.509,Fairway,roll,-0.001,0
528,2.1959,-6.956,10.340,14.096,-2.506,9.840,0.500,Fairway,roll,-0.001,0
529,2.2000,-6.991,10.330,14.082,-2.546,9.839,0.491,Fairway,roll,-0.001,0
530,2.2042,-7.027,10.319,14.069,-2.585,9.838,0.481,Fairway,roll,-0.001,0
531,2.2084,-7.062,10.308,14.055,-2.625,9.837,0.471,Fairway,roll,-0.001,0
532,2.2125,-7.097,10.297,14.041,-2.665,9.836,0.461,Fairway,roll,-0.001,0
533,2.2167,-7.132,10.286,14.027,-2.705,9.835,0.451,Fairway,roll,-0.001,0
534,2.2209,-7.168,10.275,14.013,-2.744,9.834,0.440,Fairway,roll,-0.001,0
535,2.2250,-7.203,10.263,14.000,-2.784,9.834,0.430,Fairway,roll,-0.001,0
536,2.2292,-7.238,10.252,13.986,-2.823,9.833,0.419,Fairway,roll,-0.001,0
537,2.2334,-7.273,10.240,13.972,-2.863,9.832,0.407,Fairway,roll,-0.001,0
538,2.2375,-7.309,10.228,13.958,-2.903,9.832,0.396,Fairway,roll,-0.001,0
539,2.2417,-7.344,10.216,13.944,-2.942,9.831,0.385,Fairway,roll,-0.001,0
540,2.2459,-7.379,10.203,13.931,-2.982,9.830,0.373,Fairway,roll,-0.001,0
541,2.2500,-7.414,10.191,13.917,-3.021,9.829,0.362,Fairway,roll,-0.001,0
542,2.2542,-7.449,10.178,13.903,-3.061,9.828,0.350,Fairway,roll,-0.001,0
543,2.2583,-7.484,10.165,13.889,-3.100,9.827,0.338,Fairway,roll,-0.001,0
544,2.2625,-7.519,10.152,13.876,-3.140,9.826,0.326,Fairway,roll,-0.001,0
545,2.2667,-7.555,10.139,13.862,-3.179,9.825,0.314,Fairway,roll,-0.001,0
546,2.2708,-7.590,10.126,13.848,-3.219,9.824,0.302,Fairway,roll,-0.001,0
547,2.2750,-7.625,10.112,13.835,-3.258,9.823,0.290,Fairway,roll,-0.001,0
548,2.2792,-7.660,10.099,13.821,-3.297,9.822,0.277,Fairway,roll,-0.001,0
549,2.2833,-7.695,10.085,13.807,-3.337,9.821,0.264,Fairway,roll,-0.001,0
550,2.2875,-7.730,10.071,13.793,-3.376,9.820,0.251,Fairway,roll,-0.001,0
551,2.2917,-7.765,10.057,13.780,-3.415,9.819,0.238,Fairway,roll,-0.001,0
552,2.2958,-7.800,10.042,13.766,-3.455,9.818,0.224,Fairway,roll,-0.001,0
553,2.3000,-7.835,10.028,13.752,-3.494,9.817,0.211,Fairway,roll,-0.001,0
554,2.3042,-7.870,10.013,13.739,-3.533,9.816,0.197,Fairway,roll,-0.001,0
555,2.3083,-7.905,9.999,13.725,-3.572,9.815,0.183,Fairway,roll,-0.001,0
556,2.3125,-7.940,9.984,13.711,-3.612,9.814,0.169,Fairway,roll,-0.001,0
557,2.3167,-7.974,9.968,13.698,-3.651,9.813,0.155,Fairway,roll,-0.001,0
558,2.3208,-8.009,9.953,13.684,-3.690,9.812,0.141,Fairway,roll,-0.001,0
559,2.3250,-8.044,9.938,13.670,-3.729,9.811,0.127,Fairway,roll,-0.001,0
560,2.3292,-8.079,9.922,13.657,-3.768,9.810,0.112,Fairway,roll,-0.001,0
561,2.3333,-8.114,9.906,13.643,-3.807,9.809,0.097,Fairway,roll,-0.001,0
562,2.3375,-8.149,9.890,13.630,-3.846,9.808,0.083,Fairway,roll,-0.001,0
563,2.3417,-8.183,9.874,13.616,-3.885,9.807,0.068,Fairway,roll,-0.001,0
564,2.3458,-8.218,9.858,13.602,-3.925,9.806,0.052,Fairway,roll,-0.001,0
565,2.3500,-8.253,9.842,13.589,-3.964,9.805,0.037,Fairway,roll,-0.001,0
566,2.3542,-8.288,9.825,13.575,-4.003,9.804,0.021,Fairway,roll,-0.001,0
567,2.3583,-8.323,9.808,13.561,-4.042,9.803,0.005,Fairway,roll,-0.001,0
568,2.3598,-8.335,9.802,13.557,-4.056,9.803,0.000,Fairway,roll,0.000,0
569,2.3640,-8.351,9.811,13.550,1.987,9.802,0.008,Fairway,roll,0.000,0
570,2.3681,-8.366,9.819,13.544,1.945,9.802,0.017,Fairway,roll,0.000,0
571,2.3723,-8.382,9.827,13.538,1.904,9.802,0.025,Fairway,roll,0.000,0
572,2.3765,-8.398,9.835,13.532,1.863,9.801,0.033,Fairway,roll,0.000,0
573,2.3806,-8.413,9.842,13.526,1.822,9.801,0.041,Fairway,roll,0.000,0
574,2.3848,-8.429,9.850,13.520,1.780,9.801,0.049,Fairway,roll,0.000,0
575,2.3890,-8.444,9.857,13.514,1.739,9.800,0.057,Fairway,roll,-0.001,0
576,2.3931,-8.460,9.864,13.508,1.698,9.800,0.065,Fairway,roll,0.000,0
577,2.3973,-8.476,9.871,13.502,1.657,9.799,0.072,Fairway,roll,0.000,0
578,2.4015,-8.491,9.878,13.496,1.616,9.799,0.079,Fairway,roll,0.000,0
579,2.4056,-8.507,9.885,13.489,1.575,9.798,0.086,Fairway,roll,-0.001,0
580,2.4098,-8.522,9.891,13.483,1.534,9.798,0.093,Fairway,roll,0.000,0
581,2.4140,-8.538,9.897,13.477,1.492,9.797,0.100,Fairway,roll,-0.001,0
582,2.4181,-8.554,9.904,13.471,1.451,9.797,0.107,Fairway,roll,0.000,0
583,2.4223,-8.569,9.909,13.465,1.410,9.797,0.113,Fairway,roll,0.000,0
584,2.4265,-8.585,9.915,13.459,1.369,9.796,0.119,Fairway,roll,0.000,0
585,2.4306,-8.600,9.921,13.453,1.328,9.796,0.125,Fairway,roll,0.000,0
586,2.4348,-8.616,9.926,13.447,1.287,9.795,0.131,Fairway,roll,0.000,0
587,2.4390,-8.631,9.932,13.441,1.246,9.795,0.137,Fairway,roll,0.000,0
588,2.4431,-8.647,9.937,13.435,1.205,9.795,0.142,Fairway,roll,0.000,0
589,2.4473,-8.663,9.942,13.429,1.164,9.794,0.147,Fairway,roll,0.000,0
590,2.4515,-8.678,9.946,13.422,1.123,9.794,0.153,Fairway,roll,0.000,0
591,2.4556,-8.694,9.951,13.416,1.082,9.794,0.157,Fairway,roll,0.000,0
592,2.4598,-8.709,9.955,13.410,1.041,9.793,0.162,Fairway,roll,0.000,0
593,2.4640,-8.725,9.960,13.404,1.000,9.793,0.167,Fairway,roll,0.000,0
594,2.4681,-8.740,9.964,13.398,0.959,9.792,0.171,Fairway,roll,0.000,0
595,2.4723,-8.756,9.968,13.392,0.918,9.792,0.175,Fairway,roll,0.000,0
596,2.4765,-8.771,9.971,13.386,0.877,9.792,0.180,Fairway,roll,-0.001,0
597,2.4806,-8.787,9.975,13.380,0.836,9.791,0.184,Fairway,roll,0.000,0
598,2.4848,-8.803,9.978,13.374,0.795,9.790,0.188,Fairway,roll,-0.001,0
599,2.4890,-8.818,9.981,13.368,0.754,9.790,0.191,Fairway,roll,0.000,0
600,2.4931,-8.834,9.985,13.362,0.713,9.790,0.195,Fairway,roll,0.000,0
601,2.4973,-8.849,9.987,13.356,0.672,9.789,0.198,Fairway,roll,-0.001,0
602,2.5015,-8.865,9.990,13.349,0.631,9.789,0.201,Fairway,roll,0.000,0
603,2.5056,-8.880,9.993,13.343,0.590,9.788,0.205,Fairway,roll,-0.001,0
604,2.5098,-8.896,9.995,13.337,0.549,9.788,0.207,Fairway,roll,0.000,0
605,2.5139,-8.911,9.997,13.331,0.508,9.787,0.210,Fairway,roll,-0.001,0
606,2.5181,-8.927,9.999,13.325,0.467,9.787,0.213,Fairway,roll,0.000,0
607,2.5223,-8.942,10.001,13.319,0.426,9.786,0.215,Fairway,roll,-0.001,0
608,2.5264,-8.958,10.003,13.313,0.385,9.786,0.217,Fairway,roll,0.000,0
609,2.5306,-8.973,10.004,13.307,0.344,9.785,0.219,Fairway,roll,-0.001,0
610,2.5348,-8.989,10.006,13.301,0.303,9.785,0.221,Fairway,roll,0.000,0
611,2.5389,-9.004,10.007,13.295,0.263,9.784,0.223,Fairway,roll,-0.001,0
612,2.5431,-9.020,10.008,13.289,0.222,9.784,0.224,Fairway,roll,0.000,0
613,2.5473,-9.035,10.009,13.283,0.181,9.783,0.225,Fairway,roll,-0.001,0
614,2.5514,-9.051,10.009,13.277,0.140,9.783,0.226,Fairway,roll,0.000,0
615,2.5556,-9.066,10.010,13.271,0.099,9.782,0.227,Fairway,roll,-0.001,0
616,2.5598,-9.082,10.010,13.264,0.058,9.782,0.228,Fairway,roll,0.000,0
617,2.5639,-9.097,10.010,13.258,0.017,9.781,0.229,Fairway,roll,-0.001,0
618,2.5681,-9.113,10.010,13.252,-0.024,9.781,0.229,Fairway,roll,0.000,0
619,2.5723,-9.128,10.010,13.246,-0.064,9.780,0.230,Fairway,roll,-0.001,0
620,2.5764,-9.144,10.010,13.240,-0.105,9.780,0.230,Fairway,roll,0.000,0
621,2.5806,-9.159,10.009,13.234,-0.146,9.779,0.230,Fairway,roll,-0.001,0
622,2.5848,-9.175,10.008,13.228,-0.187,9.779,0.230,Fairway,roll,-0.001,0
623,2.5889,-9.190,10.008,13.222,-0.228,9.778,0.229,Fairway,roll,0.000,0
624,2.5931,-9.206,10.007,13.216,-0.268,9.778,0.229,Fairway,roll,-0.001,0
625,2.5973,-9.221,10.005,13.210,-0.309,9.778,0.228,Fairway,roll,0.000,0
626,2.6014,-9.237,10.004,13.204,-0.350,9.777,0.227,Fairway,roll,-0.001,0
627,2.6056,-9.252,10.002,13.198,-0.391,9.777,0.226,Fairway,roll,0.000,0
628,2.6098,-9.267,10.001,13.192,-0.431,9.776,0.225,Fairway,roll,-0.001,0
629,2.6139,-9.283,9.999,13.186,-0.472,9.776,0.223,Fairway,roll,0.000,0
630,2.6181,-9.298,9.997,13.180,-0.513,9.775,0.222,Fairway,roll,-0.001,0
631,2.6223,-9.314,9.995,13.174,-0.554,9.775,0.220,Fairway,roll,0.000,0
632,2.6264,-9.329,9.992,13.168,-0.594,9.774,0.218,Fairway,roll,0.000,0
633,2.6306,-9.345,9.990,13.162,-0.635,9.774,0.216,Fairway,roll,0.000,0
634,2.6348,-9.360,9.987,13.156,-0.676,9.774,0.213,Fairway,roll,0.000,0
635,2.6389,-9.375,9.984,13.150,-0.717,9.773,0.211,Fairway,roll,0.000,0
636,2.6431,-9.391,9.981,13.144,-0.757,9.773,0.208,Fairway,roll,0.000,0
637,2.6472,-9.406,9.978,13.138,-0.798,9.773,0.205,Fairway,roll,0.000,0
638,2.6514,-9.422,9.974,13.132,-0.839,9.772,0.202,Fairway,roll,0.000,0
639,2.6556,-9.437,9.971,13.125,-0.880,9.772,0.199,Fairway,roll,0.000,0
640,2.6597,-9.452,9.967,13.119,-0.920,9.771,0.196,Fairway,roll,0.000,0
641,2.6639,-9.468,9.963,13.113,-0.961,9.771,0.192,Fairway,roll,0.000,0
642,2.6681,-9.483,9.959,13.107,-1.002,9.771,0.188,Fairway,roll,0.000,0
643,2.6722,-9.499,9.955,13.101,-1.042,9.770,0.185,Fairway,roll,0.000,0
644,2.6764,-9.514,9.950,13.095,-1.083,9.770,0.181,Fairway,roll,-0.001,0
645,2.6806,-9.529,9.946,13.089,-1.124,9.769,0.176,Fairway,roll,0.000,0
646,2.6847,-9.545,9.941,13.083,-1.164,9.769,0.172,Fairway,roll,-0.001,0
647,2.6889,-9.560,9.936,13.077,-1.205,9.769,0.168,Fairway,roll,0.000,0
648,2.6931,-9.576,9.931,13.071,-1.246,9.768,0.163,Fairway,roll,-0.001,0
649,2.6972,-9.591,9.926,13.065,-1.286,9.768,0.158,Fairway,roll,0.000,0
650,2.7014,-9.606,9.920,13.059,-1.327,9.767,0.153,Fairway,roll,-0.001,0
651,2.7056,-9.622,9.915,13.053,-1.367,9.767,0.148,Fairway,roll,0.000,0
652,2.7097,-9.637,9.909,13.047,-1.408,9.766,0.143,Fairway,roll,-0.001,0
653,2.7139,-9.653,9.903,13.041,-1.449,9.766,0.137,Fairway,roll,0.000,0
654,2.7181,-9.668,9.897,13.035,-1.489,9.765,0.132,Fairway,roll,-0.001,0
655,2.7222,-9.683,9.891,13.029,-1.530,9.765,0.126,Fairway,roll,0.000,0
656,2.7264,-9.699,9.884,13.023,-1.570,9.764,0.120,Fairway,roll,-0.001,0
657,2.7306,-9.714,9.877,13.017,-1.611,9.764,0.114,Fairway,roll,0.000,0
658,2.7347,-9.729,9.871,13.011,-1.652,9.763,0.107,Fairway,roll,-0.001,0
659,2.7389,-9.745,9.864,13.005,-1.692,9.763,0.101,Fairway,roll,0.000,0
660,2.7431,-9.760,9.857,12.999,-1.733,9.762,0.094,Fairway,roll,-0.001,0
661,2.7472,-9.775,9.849,12.993,-1.773,9.762,0.087,Fairway,roll,0.000,0
662,2.7514,-9.791,9.842,12.987,-1.814,9.761,0.081,Fairway,roll,-0.001,0
663,2.7556,-9.806,9.834,12.981,-1.854,9.761,0.073,Fairway,roll,-0.001,0
664,2.7597,-9.822,9.826,12.975,-1.895,9.760,0.066,Fairway,roll,0.000,0
665,2.7639,-9.837,9.818,12.969,-1.935,9.760,0.059,Fairway,roll,0.000,0
666,2.7681,-9.852,9.810,12.963,-1.976,9.759,0.051,Fairway,roll,0.000,0
667,2.7722,-9.868,9.802,12.957,-2.016,9.759,0.043,Fairway,roll,-0.001,0
668,2.7764,-9.883,9.794,12.951,-2.056,9.758,0.035,Fairway,roll,0.000,0
669,2.7805,-9.898,9.785,12.945,-2.097,9.758,0.027,Fairway,roll,0.000,0
670,2.7847,-9.914,9.776,12.939,-2.137,9.758,0.019,Fairway,roll,0.000,0
671,2.7889,-9.929,9.767,12.933,-2.178,9.757,0.010,Fairway,roll,-0.001,0
672,2.7930,-9.944,9.758,12.927,-2.218,9.756,0.001,Fairway,roll,0.000,0
673,2.7939,-9.947,9.756,12.926,-2.226,9.756,0.000,Fairway,roll,0.000,0
674,2.7980,-9.954,9.761,12.923,1.072,9.756,0.004,Fairway,roll,0.000,0
675,2.8022,-9.961,9.765,12.920,1.031,9.756,0.009,Fairway,roll,0.000,0
676,2.8064,-9.968,9.769,12.918,0.990,9.756,0.013,Fairway,roll,0.000,0
677,2.8105,-9.975,9.773,12.915,0.949,9.756,0.018,Fairway,roll,0.000,0
678,2.8147,-9.982,9.777,12.912,0.908,9.755,0.022,Fairway,roll,0.000,0
679,2.8189,-9.989,9.781,12.910,0.867,9.755,0.026,Fairway,roll,0.000,0
680,2.8230,-9.995,9.784,12.907,0.827,9.755,0.029,Fairway,roll,0.000,0
681,2.8272,-10.002,9.788,12.904,0.786,9.755,0.033,Fairway,roll,0.000,0
682,2.8314,-10.009,9.791,12.902,0.745,9.755,0.036,Fairway,roll,0.000,0
683,2.8355,-10.016,9.794,12.899,0.704,9.754,0.040,Fairway,roll,0.000,0
684,2.8397,-10.023,9.797,12.896,0.663,9.754,0.043,Fairway,roll,0.000,0
685,2.8439,-10.030,9.799,12.894,0.622,9.754,0.045,Fairway,roll,0.000,0
686,2.8480,-10.037,9.802,12.891,0.581,9.754,0.048,Fairway,roll,0.000,0
687,2.8522,-10.044,9.804,12.888,0.540,9.753,0.051,Fairway,roll,0.000,0
688,2.8564,-10.051,9.806,12.885,0.499,9.753,0.053,Fairway,roll,0.000,0
689,2.8605,-10.057,9.808,12.883,0.458,9.753,0.055,Fairway,roll,0.000,0
690,2.8647,-10.064,9.810,12.880,0.417,9.753,0.057,Fairway,roll,0.000,0
691,2.8689,-10.071,9.812,12.877,0.376,9.753,0.059,Fairway,roll,0.000,0
692,2.8730,-10.078,9.813,12.875,0.335,9.752,0.061,Fairway,roll,0.000,0
693,2.8772,-10.085,9.815,12.872,0.294,9.752,0.062,Fairway,roll,0.000,0
694,2.8813,-10.092,9.816,12.869,0.254,9.752,0.064,Fairway,roll,0.000,0
695,2.8855,-10.099,9.817,12.867,0.213,9.752,0.065,Fairway,roll,0.000,0
696,2.8897,-10.106,9.817,12.864,0.172,9.752,0.066,Fairway,roll,0.000,0
697,2.8938,-10.112,9.818,12.861,0.131,9.751,0.067,Fairway,roll,0.000,0
698,2.8980,-10.119,9.818,12.859,0.090,9.751,0.067,Fairway,roll,0.000,0
699,2.9022,-10.126,9.819,12.856,0.049,9.751,0.068,Fairway,roll,0.000,0
700,2.9063,-10.133,9.819,12.853,0.008,9.751,0.068,Fairway,roll,0.000,0
701,2.9105,-10.140,9.819,12.851,-0.032,9.751,0.068,Fairway,roll,0.000,0
702,2.9147,-10.147,9.819,12.848,-0.073,9.751,0.068,Fairway,roll,0.000,0
703,2.9188,-10.154,9.818,12.845,-0.114,9.751,0.068,Fairway,roll,0.000,0
704,2.9230,-10.160,9.818,12.843,-0.155,9.750,0.067,Fairway,roll,0.000,0
705,2.9272,-10.167,9.817,12.840,-0.196,9.750,0.067,Fairway,roll,0.000,0
706,2.9313,-10.174,9.816,12.837,-0.237,9.750,0.066,Fairway,roll,0.000,0
707,2.9355,-10.181,9.815,12.834,-0.277,9.750,0.065,Fairway,roll,0.000,0
708,2.9397,-10.188,9.814,12.832,-0.318,9.750,0.064,Fairway,roll,0.000,0
709,2.9438,-10.195,9.812,12.829,-0.359,9.749,0.063,Fairway,roll,0.000,0
710,2.9480,-10.202,9.811,12.826,-0.400,9.749,0.062,Fairway,roll,0.000,0
711,2.9522,-10.209,9.809,12.824,-0.441,9.749,0.060,Fairway,roll,0.000,0
712,2.9563,-10.215,9.807,12.821,-0.481,9.749,0.058,Fairway,roll,0.000,0
713,2.9605,-10.222,9.805,12.818,-0.522,9.749,0.056,Fairway,roll,0.000,0
714,2.9647,-10.229,9.803,12.816,-0.563,9.749,0.054,Fairway,roll,0.000,0
715,2.9688,-10.236,9.800,12.813,-0.604,9.748,0.052,Fairway,roll,0.000,0
716,2.9730,-10.243,9.798,12.810,-0.644,9.748,0.050,Fairway,roll,0.000,0
717,2.9772,-10.250,9.795,12.808,-0.685,9.748,0.047,Fairway,roll,0.000,0
718,2.9813,-10.257,9.792,12.805,-0.726,9.748,0.044,Fairway,roll,0.000,0
719,2.9855,-10.263,9.789,12.802,-0.767,9.748,0.041,Fairway,roll,0.000,0
720,2.9897,-10.270,9.786,12.800,-0.807,9.747,0.038,Fairway,roll,0.000,0
721,2.9938,-10.277,9.782,12.797,-0.848,9.747,0.035,Fairway,roll,0.000,0
722,2.9980,-10.284,9.779,12.794,-0.889,9.747,0.031,Fairway,roll,0.000,0
723,3.0022,-10.291,9.775,12.791,-0.930,9.747,0.028,Fairway,roll,0.000,0
724,3.0063,-10.298,9.771,12.789,-0.970,9.747,0.024,Fairway,roll,0.000,0
725,3.0105,-10.304,9.767,12.786,-1.011,9.746,0.020,Fairway,roll,0.000,0
726,3.0146,-10.311,9.762,12.783,-1.052,9.746,0.016,Fairway,roll,0.000,0
727,3.0188,-10.318,9.758,12.781,-1.093,9.746,0.012,Fairway,roll,0.000,0
728,3.0230,-10.325,9.753,12.778,-1.133,9.746,0.007,Fairway,roll,0.000,0
729,3.0271,-10.332,9.749,12.775,-1.174,9.746,0.003,Fairway,roll,0.000,0
730,3.0296,-10.336,9.746,12.774,-1.198,9.746,0.000,Fairway,roll,0.000,0
731,3.0337,-10.339,9.748,12.773,0.558,9.746,0.002,Fairway,roll,0.000,0
732,3.0379,-10.342,9.750,12.771,0.517,9.745,0.005,Fairway,roll,0.000,0
733,3.0421,-10.345,9.752,12.770,0.476,9.745,0.007,Fairway,roll,0.000,0
734,3.0462,-10.348,9.754,12.769,0.435,9.745,0.009,Fairway,roll,0.000,0
735,3.0504,-10.351,9.756,12.768,0.395,9.745,0.011,Fairway,roll,0.000,0
736,3.0546,-10.354,9.758,12.767,0.354,9.745,0.012,Fairway,roll,0.000,0
737,3.0587,-10.358,9.759,12.765,0.313,9.745,0.014,Fairway,roll,0.000,0
738,3.0629,-10.361,9.760,12.764,0.272,9.745,0.015,Fairway,roll,0.000,0
739,3.0671,-10.364,9.761,12.763,0.231,9.745,0.016,Fairway,roll,0.000,0
740,3.0712,-10.367,9.762,12.762,0.190,9.745,0.017,Fairway,roll,0.000,0
741,3.0754,-10.370,9.763,12.761,0.149,9.745,0.018,Fairway,roll,0.000,0
742,3.0796,-10.373,9.763,12.759,0.109,9.745,0.018,Fairway,roll,0.000,0
743,3.0837,-10.376,9.764,12.758,0.068,9.745,0.019,Fairway,roll,0.000,0
744,3.0879,-10.379,9.764,12.757,0.027,9.745,0.019,Fairway,roll,0.000,0
745,3.0921,-10.382,9.764,12.756,-0.014,9.745,0.019,Fairway,roll,0.000,0
746,3.0962,-10.385,9.764,12.755,-0.055,9.744,0.019,Fairway,roll,0.000,0
747,3.1004,-10.388,9.763,12.753,-0.096,9.744,0.019,Fairway,roll,0.000,0
748,3.1046,-10.391,9.763,12.752,-0.137,9.744,0.019,Fairway,roll,0.000,0
749,3.1087,-10.394,9.762,12.751,-0.177,9.744,0.018,Fairway,roll,0.000,0
750,3.1129,-10.398,9.761,12.750,-0.218,9.744,0.017,Fairway,roll,0.000,0
751,3.1171,-10.401,9.760,12.748,-0.259,9.744,0.016,Fairway,roll,0.000,0
752,3.1212,-10.404,9.759,12.747,-0.300,9.744,0.015,Fairway,roll,0.000,0
753,3.1254,-10.407,9.758,12.746,-0.341,9.744,0.014,Fairway,roll,0.000,0
754,3.1295,-10.410,9.756,12.745,-0.382,9.744,0.013,Fairway,roll,0.000,0
755,3.1337,-10.413,9.755,12.744,-0.422,9.744,0.011,Fairway,roll,0.000,0
756,3.1379,-10.416,9.753,12.742,-0.463,9.744,0.009,Fairway,roll,0.000,0
757,3.1420,-10.419,9.751,12.741,-0.504,9.743,0.008,Fairway,roll,0.000,0
758,3.1462,-10.422,9.749,12.740,-0.545,9.743,0.006,Fairway,roll,0.000,0
759,3.1504,-10.425,9.746,12.739,-0.586,9.743,0.003,Fairway,roll,0.000,0
760,3.1545,-10.428,9.744,12.738,-0.626,9.743,0.001,Fairway,roll,0.000,0
761,3.1560,-10.429,9.743,12.737,-0.641,9.743,0.000,Fairway,roll,0.000,0
762,3.1602,-10.431,9.764,12.737,0.000,9.743,0.021,Fairway,roll,0.000,0
763,3.1643,-10.432,9.764,12.736,0.000,9.743,0.021,Fairway,roll,0.000,0
764,3.1685,-10.433,9.764,12.736,0.000,9.743,0.021,Fairway,roll,0.000,0
765,3.1727,-10.435,9.764,12.735,0.000,9.743,0.021,Fairway,roll,0.000,0
766,3.1768,-10.436,9.764,12.734,0.000,9.743,0.021,Fairway,roll,0.000,0
767,3.1810,-10.438,9.764,12.734,0.000,9.743,0.021,Fairway,roll,0.000,0
768,3.1852,-10.439,9.764,12.733,0.000,9.743,0.021,Fairway,roll,0.000,0
769,3.1893,-10.440,9.764,12.733,0.000,9.743,0.021,Fairway,roll,0.000,0
770,3.1935,-10.442,9.764,12.732,0.000,9.743,0.021,Fairway,roll,0.000,0
771,3.1977,-10.443,9.764,12.732,0.000,9.743,0.021,Fairway,roll,0.000,0
772,3.2018,-10.445,9.764,12.731,0.000,9.743,0.021,Fairway,roll,0.000,0
773,3.2060,-10.446,9.764,12.731,0.000,9.742,0.021,Fairway,roll,0.000,0
774,3.2102,-10.447,9.764,12.730,0.000,9.742,0.021,Fairway,roll,0.000,0
775,3.2143,-10.449,9.764,12.730,0.000,9.742,0.021,Fairway,roll,0.000,0
776,3.2185,-10.450,9.764,12.729,0.000,9.742,0.021,Fairway,roll,0.000,0
777,3.2227,-10.451,9.764,12.728,0.000,9.742,0.021,Fairway,roll,0.000,0
778,3.2268,-10.453,9.764,12.728,0.000,9.742,0.021,Fairway,roll,0.000,0
779,3.2310,-10.454,9.764,12.727,0.000,9.742,0.021,Fairway,roll,0.000,0
780,3.2352,-10.456,9.764,12.727,0.000,9.742,0.021,Fairway,roll,0.000,0
781,3.2393,-10.457,9.764,12.726,0.000,9.742,0.021,Fairway,roll,0.000,0
782,3.2435,-10.458,9.763,12.726,0.000,9.742,0.021,Fairway,roll,0.000,0
783,3.2477,-10.460,9.763,12.725,0.000,9.742,0.021,Fairway,roll,0.000,0
784,3.2518,-10.461,9.763,12.725,0.000,9.742,0.021,Fairway,roll,0.000,0
785,3.2560,-10.462,9.763,12.724,0.000,9.742,0.021,Fairway,roll,0.000,0
786,3.2601,-10.464,9.763,12.724,0.000,9.742,0.021,Fairway,roll,0.000,0
787,3.2643,-10.465,9.763,12.723,0.000,9.742,0.021,Fairway,roll,0.000,0
788,3.2685,-10.467,9.763,12.722,0.000,9.742,0.021,Fairway,roll,0.000,0
789,3.2726,-10.468,9.763,12.722,0.000,9.742,0.021,Fairway,roll,0.000,0
790,3.2768,-10.469,9.763,12.721,0.000,9.742,0.021,Fairway,roll,0.000,0
791,3.2810,-10.471,9.763,12.721,0.000,9.742,0.021,Fairway,roll,0.000,0
792,3.2851,-10.472,9.763,12.720,0.000,9.742,0.021,Fairway,roll,0.000,0
793,3.2893,-10.473,9.763,12.720,0.000,9.742,0.021,Fairway,roll,0.000,0
794,3.2935,-10.475,9.763,12.719,0.000,9.742,0.021,Fairway,roll,0.000,0
795,3.2976,-10.476,9.763,12.719,0.000,9.742,0.021,Fairway,roll,0.000,0
796,3.3018,-10.477,9.763,12.718,0.000,9.742,0.021,Fairway,roll,0.000,0
797,3.3060,-10.479,9.763,12.718,0.000,9.741,0.021,Fairway,roll,0.000,0
798,3.3101,-10.480,9.763,12.717,0.000,9.741,0.021,Fairway,roll,0.000,0
799,3.3143,-10.481,9.763,12.717,0.000,9.741,0.021,Fairway,roll,0.000,0
800,3.3185,-10.483,9.763,12.716,0.000,9.741,0.021,Fairway,roll,0.000,0
801,3.3226,-10.484,9.763,12.716,0.000,9.741,0.021,Fairway,roll,0.000,0
802,3.3268,-10.486,9.763,12.715,0.000,9.741,0.021,Fairway,roll,0.000,0
803,3.3310,-10.487,9.763,12.714,0.000,9.741,0.021,Fairway,roll,0.000,0
804,3.3351,-10.488,9.762,12.714,0.000,9.741,0.021,Fairway,roll,0.000,0
805,3.3393,-10.490,9.762,12.713,0.000,9.741,0.021,Fairway,roll,0.000,0
806,3.3435,-10.491,9.762,12.713,0.000,9.741,0.021,Fairway,roll,0.000,0
807,3.3476,-10.492,9.762,12.712,0.000,9.741,0.021,Fairway,roll,0.000,0
808,3.3518,-10.494,9.762,12.712,0.000,9.741,0.021,Fairway,roll,0.000,0
809,3.3560,-10.495,9.762,12.711,0.000,9.741,0.021,Fairway,roll,0.000,0
810,3.3601,-10.496,9.762,12.711,0.000,9.741,0.021,Fairway,roll,0.000,0
811,3.3643,-10.498,9.762,12.710,0.000,9.741,0.021,Fairway,roll,0.000,0
812,3.3685,-10.499,9.762,12.710,0.000,9.741,0.021,Fairway,roll,0.000,0
813,3.3726,-10.500,9.762,12.709,0.000,9.741,0.021,Fairway,roll,0.000,0
814,3.3768,-10.502,9.762,12.709,0.000,9.741,0.021,Fairway,roll,0.000,0
815,3.3810,-10.503,9.762,12.708,0.000,9.741,0.021,Fairway,roll,0.000,0
816,3.3851,-10.504,9.762,12.707,0.000,9.741,0.021,Fairway,roll,0.000,0
817,3.3893,-10.506,9.762,12.707,0.000,9.741,0.021,Fairway,roll,0.000,0
818,3.3934,-10.507,9.762,12.706,0.000,9.741,0.021,Fairway,roll,0.000,0
819,3.3976,-10.508,9.762,12.706,0.000,9.740,0.021,Fairway,roll,0.000,0
820,3.4018,-10.510,9.762,12.705,0.000,9.740,0.021,Fairway,roll,0.000,0
821,3.4059,-10.511,9.762,12.705,0.000,9.740,0.021,Fairway,roll,0.000,0
822,3.4101,-10.512,9.762,12.704,0.000,9.740,0.021,Fairway,roll,0.000,0
823,3.4143,-10.514,9.762,12.704,0.000,9.740,0.021,Fairway,roll,0.000,0
824,3.4184,-10.515,9.762,12.703,0.000,9.740,0.021,Fairway,roll,0.000,0
825,3.4226,-10.516,9.762,12.703,0.000,9.740,0.021,Fairway,roll,0.000,0
826,3.4268,-10.518,9.762,12.702,0.000,9.740,0.021,Fairway,roll,0.000,0
827,3.4309,-10.519,9.761,12.702,0.000,9.740,0.021,Fairway,roll,0.000,0
828,3.4351,-10.520,9.761,12.701,0.000,9.740,0.021,Fairway,roll,0.000,0
829,3.4393,-10.522,9.761,12.701,0.000,9.740,0.021,Fairway,roll,0.000,0
830,3.4434,-10.523,9.761,12.700,0.000,9.740,0.021,Fairway,roll,0.000,0
831,3.4476,-10.524,9.761,12.700,0.000,9.740,0.021,Fairway,roll,0.000,0
832,3.4518,-10.526,9.761,12.699,0.000,9.740,0.021,Fairway,roll,0.000,0
833,3.4559,-10.527,9.761,12.699,0.000,9.740,0.021,Fairway,roll,0.000,0
834,3.4601,-10.528,9.761,12.698,0.000,9.740,0.021,Fairway,roll,0.000,0
835,3.4643,-10.530,9.761,12.698,0.000,9.740,0.021,Fairway,roll,0.000,0
836,3.4684,-10.531,9.761,12.697,0.000,9.740,0.021,Fairway,roll,0.000,0
837,3.4726,-10.532,9.761,12.696,0.000,9.740,0.021,Fairway,roll,0.000,0
838,3.4768,-10.534,9.761,12.696,0.000,9.740,0.021,Fairway,roll,0.000,0
839,3.4809,-10.535,9.761,12.695,0.000,9.740,0.021,Fairway,roll,0.000,0
840,3.4851,-10.536,9.761,12.695,0.000,9.740,0.021,Fairway,roll,0.000,0
841,3.4893,-10.538,9.761,12.694,0.000,9.740,0.021,Fairway,roll,0.000,0
842,3.4934,-10.539,9.761,12.694,0.000,9.740,0.021,Fairway,roll,0.000,0
843,3.4976,-10.540,9.761,12.693,0.000,9.740,0.021,Fairway,roll,0.000,0
844,3.5018,-10.541,9.761,12.693,0.000,9.740,0.021,Fairway,roll,0.000,0
845,3.5059,-10.543,9.761,12.692,0.000,9.739,0.021,Fairway,roll,0.000,0
846,3.5101,-10.544,9.761,12.692,0.000,9.739,0.021,Fairway,roll,0.000,0
847,3.5143,-10.545,9.761,12.691,0.000,9.739,0.021,Fairway,roll,0.000,0
848,3.5184,-10.547,9.761,12.691,0.000,9.739,0.021,Fairway,roll,0.000,0
849,3.5226,-10.548,9.761,12.690,0.000,9.739,0.021,Fairway,roll,0.000,0
850,3.5267,-10.549,9.761,12.690,0.000,9.739,0.021,Fairway,roll,0.000,0
851,3.5309,-10.551,9.760,12.689,0.000,9.739,0.021,Fairway,roll,0.000,0
852,3.5351,-10.552,9.760,12.689,0.000,9.739,0.021,Fairway,roll,0.000,0
853,3.5392,-10.553,9.760,12.688,0.000,9.739,0.021,Fairway,roll,0.000,0
854,3.5434,-10.555,9.760,12.688,0.000,9.739,0.021,Fairway,roll,0.000,0
855,3.5476,-10.556,9.760,12.687,0.000,9.739,0.021,Fairway,roll,0.000,0
856,3.5517,-10.557,9.760,12.687,0.000,9.739,0.021,Fairway,roll,0.000,0
857,3.5559,-10.558,9.760,12.686,0.000,9.739,0.021,Fairway,roll,0.000,0
858,3.5601,-10.560,9.760,12.686,0.000,9.739,0.021,Fairway,roll,0.000,0
859,3.5642,-10.561,9.760,12.685,0.000,9.739,0.021,Fairway,roll,0.000,0
860,3.5684,-10.562,9.760,12.685,0.000,9.739,0.021,Fairway,roll,0.000,0
861,3.5726,-10.564,9.760,12.684,0.000,9.739,0.021,Fairway,roll,0.000,0
862,3.5767,-10.565,9.760,12.684,0.000,9.739,0.021,Fairway,roll,0.000,0
863,3.5809,-10.566,9.760,12.683,0.000,9.739,0.021,Fairway,roll,0.000,0
864,3.5851,-10.568,9.760,12.682,0.000,9.739,0.021,Fairway,roll,0.000,0
865,3.5892,-10.569,9.760,12.682,0.000,9.738,0.021,Fairway,roll,0.000,0
866,3.5934,-10.570,9.760,12.681,0.000,9.738,0.021,Fairway,roll,0.000,0
867,3.5976,-10.571,9.760,12.681,0.000,9.738,0.021,Fairway,roll,0.000,0
868,3.6017,-10.573,9.760,12.680,0.000,9.738,0.021,Fairway,roll,0.000,0
869,3.6059,-10.574,9.760,12.680,0.000,9.738,0.021,Fairway,roll,0.000,0
870,3.6101,-10.575,9.760,12.679,0.000,9.738,0.021,Fairway,roll,0.000,0
871,3.6142,-10.577,9.760,12.679,0.000,9.738,0.021,Fairway,roll,0.000,0
872,3.6184,-10.578,9.760,12.678,0.000,9.738,0.021,Fairway,roll,0.000,0
873,3.6226,-10.579,9.760,12.678,0.000,9.738,0.021,Fairway,roll,0.000,0
874,3.6267,-10.580,9.760,12.677,0.000,9.738,0.021,Fairway,roll,0.000,0
875,3.6309,-10.582,9.760,12.677,0.000,9.738,0.021,Fairway,roll,0.000,0
876,3.6351,-10.583,9.760,12.676,0.000,9.738,0.021,Fairway,roll,0.000,0
877,3.6392,-10.584,9.760,12.676,0.000,9.738,0.021,Fairway,roll,0.000,0
878,3.6434,-10.585,9.760,12.675,0.000,9.738,0.021,Fairway,roll,0.000,0
879,3.6476,-10.587,9.759,12.675,0.000,9.738,0.021,Fairway,roll,0.000,0
880,3.6517,-10.588,9.759,12.674,0.000,9.738,0.021,Fairway,roll,0.000,0
881,3.6559,-10.589,9.759,12.674,0.000,9.738,0.021,Fairway,roll,0.000,0
882,3.6600,-10.591,9.759,12.673,0.000,9.738,0.021,Fairway,roll,0.000,0
883,3.6642,-10.592,9.759,12.673,0.000,9.738,0.021,Fairway,roll,0.000,0
884,3.6684,-10.593,9.759,12.672,0.000,9.738,0.021,Fairway,roll,0.000,0
885,3.6725,-10.594,9.759,12.672,0.000,9.738,0.021,Fairway,roll,0.000,0
886,3.6767,-10.596,9.759,12.671,0.000,9.738,0.021,Fairway,roll,0.000,0
887,3.6809,-10.597,9.759,12.671,0.000,9.738,0.021,Fairway,roll,0.000,0
888,3.6850,-10.598,9.759,12.670,0.000,9.738,0.021,Fairway,roll,0.000,0
889,3.6892,-10.600,9.759,12.670,0.000,9.738,0.021,Fairway,roll,0.000,0
890,3.6934,-10.601,9.759,12.669,0.000,9.738,0.021,Fairway,roll,0.000,0
891,3.6975,-10.602,9.759,12.669,0.000,9.738,0.021,Fairway,roll,0.000,0
892,3.7017,-10.603,9.759,12.668,0.000,9.737,0.021,Fairway,roll,0.000,0
893,3.7059,-10.605,9.759,12.668,0.000,9.737,0.021,Fairway,roll,0.000,0
894,3.7100,-10.606,9.759,12.667,0.000,9.737,0.021,Fairway,roll,0.000,0
895,3.7142,-10.607,9.759,12.667,0.000,9.737,0.021,Fairway,roll,0.000,0
896,3.7184,-10.608,9.759,12.666,0.000,9.737,0.021,Fairway,roll,0.000,0
897,3.7225,-10.610,9.759,12.666,0.000,9.737,0.021,Fairway,roll,0.000,0
898,3.7267,-10.611,9.759,12.665,0.000,9.737,0.021,Fairway,roll,0.000,0
899,3.7309,-10.612,9.759,12.665,0.000,9.737,0.021,Fairway,roll,0.000,0
900,3.7350,-10.613,9.759,12.664,0.000,9.737,0.021,Fairway,roll,0.000,0
901,3.7392,-10.615,9.759,12.664,0.000,9.737,0.021,Fairway,roll,0.000,0
902,3.7434,-10.616,9.759,12.663,0.000,9.737,0.021,Fairway,roll,0.000,0
903,3.7475,-10.617,9.759,12.663,0.000,9.737,0.021,Fairway,roll,0.000,0
904,3.7517,-10.618,9.759,12.662,0.000,9.737,0.021,Fairway,roll,0.000,0
905,3.7559,-10.620,9.758,12.662,0.000,9.737,0.021,Fairway,roll,0.000,0
906,3.7600,-10.621,9.758,12.661,0.000,9.737,0.021,Fairway,roll,0.000,0
907,3.7642,-10.622,9.758,12.661,0.000,9.737,0.021,Fairway,roll,0.000,0
908,3.7684,-10.623,9.758,12.660,0.000,9.737,0.021,Fairway,roll,0.000,0
909,3.7725,-10.625,9.758,12.660,0.000,9.737,0.021,Fairway,roll,0.000,0
910,3.7767,-10.626,9.758,12.659,0.000,9.737,0.021,Fairway,roll,0.000,0
911,3.7809,-10.627,9.758,12.659,0.000,9.737,0.021,Fairway,roll,0.000,0
912,3.7850,-10.628,9.758,12.658,0.000,9.737,0.021,Fairway,roll,0.000,0
913,3.7892,-10.630,9.758,12.658,0.000,9.737,0.021,Fairway,roll,0.000,0
914,3.7934,-10.631,9.758,12.657,0.000,9.737,0.021,Fairway,roll,0.000,0
915,3.7975,-10.632,9.758,12.657,0.000,9.737,0.021,Fairway,roll,0.000,0
916,3.8017,-10.633,9.758,12.656,0.000,9.737,0.021,Fairway,roll,0.000,0
917,3.8058,-10.635,9.758,12.656,0.000,9.737,0.021,Fairway,roll,0.000,0
918,3.8100,-10.636,9.758,12.655,0.000,9.737,0.021,Fairway,roll,0.000,0
919,3.8142,-10.637,9.758,12.655,0.000,9.737,0.021,Fairway,roll,0.000,0
920,3.8183,-10.638,9.758,12.654,0.000,9.737,0.021,Fairway,roll,0.000,0
921,3.8225,-10.640,9.758,12.654,0.000,9.736,0.021,Fairway,roll,0.000,0
922,3.8267,-10.641,9.758,12.653,0.000,9.736,0.021,Fairway,roll,0.000,0
923,3.8308,-10.642,9.758,12.653,0.000,9.736,0.021,Fairway,roll,0.000,0
924,3.8350,-10.643,9.758,12.652,0.000,9.736,0.021,Fairway,roll,0.000,0
925,3.8392,-10.645,9.758,12.652,0.000,9.736,0.021,Fairway,roll,0.000,0
926,3.8433,-10.646,9.758,12.651,0.000,9.736,0.021,Fairway,roll,0.000,0
927,3.8475,-10.647,9.758,12.651,0.000,9.736,0.021,Fairway,roll,0.000,0
928,3.8517,-10.648,9.757,12.650,0.000,9.736,0.021,Fairway,roll,0.000,0
929,3.8558,-10.650,9.757,12.650,0.000,9.736,0.021,Fairway,roll,0.000,0
930,3.8600,-10.651,9.757,12.649,0.000,9.736,0.021,Fairway,roll,0.000,0
931,3.8642,-10.652,9.757,12.649,0.000,9.736,0.021,Fairway,roll,0.000,0
932,3.8683,-10.653,9.757,12.648,0.000,9.736,0.021,Fairway,roll,0.000,0
933,3.8725,-10.655,9.757,12.648,0.000,9.736,0.021,Fairway,roll,0.000,0
934,3.8767,-10.656,9.757,12.647,0.000,9.736,0.021,Fairway,roll,0.000,0
935,3.8808,-10.657,9.757,12.647,0.000,9.736,0.021,Fairway,roll,0.000,0
936,3.8850,-10.658,9.757,12.647,0.000,9.736,0.021,Fairway,roll,0.000,0
937,3.8892,-10.659,9.757,12.646,0.000,9.736,0.021,Fairway,roll,0.000,0
938,3.8933,-10.661,9.757,12.646,0.000,9.736,0.021,Fairway,roll,0.000,0
939,3.8975,-10.662,9.757,12.645,0.000,9.736,0.021,Fairway,roll,0.000,0
940,3.9017,-10.663,9.757,12.645,0.000,9.736,0.021,Fairway,roll,0.000,0
941,3.9058,-10.664,9.757,12.644,0.000,9.736,0.021,Fairway,roll,0.000,0
942,3.9100,-10.666,9.757,12.644,0.000,9.736,0.021,Fairway,roll,0.000,0
943,3.9142,-10.667,9.757,12.643,0.000,9.736,0.021,Fairway,roll,0.000,0
944,3.9183,-10.668,9.757,12.643,0.000,9.736,0.021,Fairway,roll,0.000,0
945,3.9225,-10.669,9.757,12.642,0.000,9.735,0.021,Fairway,roll,0.000,0
946,3.9267,-10.670,9.757,12.642,0.000,9.735,0.021,Fairway,roll,0.000,0
947,3.9308,-10.672,9.757,12.641,0.000,9.735,0.021,Fairway,roll,0.000,0
948,3.9350,-10.673,9.757,12.641,0.000,9.735,0.021,Fairway,roll,0.000,0
949,3.9391,-10.674,9.757,12.640,0.000,9.735,0.021,Fairway,roll,0.000,0
950,3.9433,-10.675,9.757,12.640,0.000,9.735,0.021,Fairway,roll,0.000,0
951,3.9475,-10.677,9.757,12.639,0.000,9.735,0.021,Fairway,roll,0.000,0
952,3.9516,-10.678,9.757,12.639,0.000,9.735,0.021,Fairway,roll,0.000,0
953,3.9558,-10.679,9.756,12.638,0.000,9.735,0.021,Fairway,roll,0.000,0
954,3.9600,-10.680,9.756,12.638,0.000,9.735,0.021,Fairway,roll,0.000,0
955,3.9641,-10.681,9.756,12.637,0.000,9.735,0.021,Fairway,roll,0.000,0
956,3.9683,-10.683,9.756,12.637,0.000,9.735,0.021,Fairway,roll,0.000,0
957,3.9725,-10.684,9.756,12.636,0.000,9.735,0.021,Fairway,roll,0.000,0
958,3.9766,-10.685,9.756,12.636,0.000,9.735,0.021,Fairway,roll,0.000,0
959,3.9808,-10.686,9.756,12.635,0.000,9.735,0.021,Fairway,roll,0.000,0
960,3.9850,-10.687,9.756,12.635,0.000,9.735,0.021,Fairway,roll,0.000,0
961,3.9891,-10.689,9.756,12.634,0.000,9.735,0.021,Fairway,roll,0.000,0
962,3.9933,-10.690,9.756,12.634,0.000,9.735,0.021,Fairway,roll,0.000,0
963,3.9975,-10.691,9.756,12.633,0.000,9.735,0.021,Fairway,roll,0.000,0
964,4.0016,-10.692,9.756,12.633,0.000,9.735,0.021,Fairway,roll,0.000,0
965,4.0058,-10.693,9.756,12.632,0.000,9.735,0.021,Fairway,roll,0.000,0
966,4.0100,-10.695,9.756,12.632,0.000,9.735,0.021,Fairway,roll,0.000,0
967,4.0141,-10.696,9.756,12.631,0.000,9.735,0.021,Fairway,roll,0.000,0
968,4.0183,-10.697,9.756,12.631,0.000,9.735,0.021,Fairway,roll,0.000,0
969,4.0225,-10.698,9.756,12.631,0.000,9.735,0.021,Fairway,roll,0.000,0
970,4.0266,-10.699,9.756,12.630,0.000,9.735,0.021,Fairway,roll,0.000,0
971,4.0308,-10.701,9.756,12.630,0.000,9.734,0.021,Fairway,roll,0.000,0
972,4.0350,-10.702,9.756,12.629,0.000,9.734,0.021,Fairway,roll,0.000,0
973,4.0391,-10.703,9.756,12.629,0.000,9.734,0.021,Fairway,roll,0.000,0
974,4.0433,-10.704,9.756,12.628,0.000,9.734,0.021,Fairway,roll,0.000,0
975,4.0475,-10.705,9.756,12.628,0.000,9.734,0.021,Fairway,roll,0.000,0
976,4.0516,-10.707,9.756,12.627,0.000,9.734,0.021,Fairway,roll,0.000,0
977,4.0558,-10.708,9.756,12.627,0.000,9.734,0.021,Fairway,roll,0.000,0
978,4.0600,-10.709,9.755,12.626,0.000,9.734,0.021,Fairway,roll,0.000,0
979,4.0641,-10.710,9.755,12.626,0.000,9.734,0.021,Fairway,roll,0.000,0
980,4.0683,-10.711,9.755,12.625,0.000,9.734,0.021,Fairway,roll,0.000,0
981,4.0724,-10.713,9.755,12.625,0.000,9.734,0.021,Fairway,roll,0.000,0
982,4.0766,-10.714,9.755,12.624,0.000,9.734,0.021,Fairway,roll,0.000,0
983,4.0808,-10.715,9.755,12.624,0.000,9.734,0.021,Fairway,roll,0.000,0
984,4.0849,-10.716,9.755,12.623,0.000,9.734,0.021,Fairway,roll,0.000,0
985,4.0891,-10.717,9.755,12.623,0.000,9.734,0.021,Fairway,roll,0.000,0
986,4.0933,-10.718,9.755,12.622,0.000,9.734,0.021,Fairway,roll,0.000,0
987,4.0974,-10.720,9.755,12.622,0.000,9.734,0.021,Fairway,roll,0.000,0
988,4.1016,-10.721,9.755,12.622,0.000,9.734,0.021,Fairway,roll,0.000,0
989,4.1058,-10.722,9.755,12.621,0.000,9.734,0.021,Fairway,roll,0.000,0
990,4.1099,-10.723,9.755,12.621,0.000,9.734,0.021,Fairway,roll,0.000,0
991,4.1141,-10.724,9.755,12.620,0.000,9.734,0.021,Fairway,roll,0.000,0
992,4.1183,-10.726,9.755,12.620,0.000,9.734,0.021,Fairway,roll,0.000,0
993,4.1224,-10.727,9.755,12.619,0.000,9.734,0.021,Fairway,roll,0.000,0
994,4.1266,-10.728,9.755,12.619,0.000,9.734,0.021,Fairway,roll,0.000,0
995,4.1308,-10.729,9.755,12.618,0.000,9.733,0.021,Fairway,roll,0.000,0
996,4.1349,-10.730,9.755,12.618,0.000,9.733,0.021,Fairway,roll,0.000,0
997,4.1391,-10.731,9.755,12.617,0.000,9.733,0.021,Fairway,roll,0.000,0
998,4.1433,-10.733,9.755,12.617,0.000,9.733,0.021,Fairway,roll,0.000,0
999,4.1474,-10.734,9.755,12.616,0.000,9.733,0.021,Fairway,roll,0.000,0
1000,4.1516,-10.735,9.755,12.616,0.000,9.733,0.021,Fairway,roll,0.000,0
1001,4.1558,-10.736,9.755,12.615,0.000,9.733,0.021,Fairway,roll,0.000,0
1002,4.1599,-10.737,9.755,12.615,0.000,9.733,0.021,Fairway,roll,0.000,0
1003,4.1641,-10.738,9.755,12.614,0.000,9.733,0.021,Fairway,roll,0.000,0
1004,4.1683,-10.740,9.755,12.614,0.000,9.733,0.021,Fairway,roll,0.000,0
1005,4.1724,-10.741,9.755,12.613,0.000,9.733,0.021,Fairway,roll,0.000,0
1006,4.1766,-10.742,9.755,12.613,0.000,9.733,0.021,Fairway,roll,0.000,0
1007,4.1808,-10.743,9.755,12.613,0.000,9.733,0.021,Fairway,roll,0.000,0
1008,4.1849,-10.744,9.754,12.612,0.000,9.733,0.021,Fairway,roll,0.000,0
1009,4.1891,-10.745,9.754,12.612,0.000,9.733,0.021,Fairway,roll,0.000,0
1010,4.1933,-10.747,9.754,12.611,0.000,9.733,0.021,Fairway,roll,0.000,0
1011,4.1974,-10.748,9.754,12.611,0.000,9.733,0.021,Fairway,roll,0.000,0
1012,4.2016,-10.749,9.754,12.610,0.000,9.733,0.021,Fairway,roll,0.000,0
1013,4.2058,-10.750,9.754,12.610,0.000,9.733,0.021,Fairway,roll,0.000,0
1014,4.2099,-10.751,9.754,12.609,0.000,9.733,0.021,Fairway,roll,0.000,0
1015,4.2141,-10.752,9.754,12.609,0.000,9.733,0.021,Fairway,roll,0.000,0
1016,4.2182,-10.754,9.754,12.608,0.000,9.733,0.021,Fairway,roll,0.000,0
1017,4.2224,-10.755,9.754,12.608,0.000,9.733,0.021,Fairway,roll,0.000,0
1018,4.2266,-10.756,9.754,12.607,0.000,9.733,0.021,Fairway,roll,0.000,0
1019,4.2307,-10.757,9.754,12.607,0.000,9.733,0.021,Fairway,roll,0.000,0
1020,4.2349,-10.758,9.754,12.607,0.000,9.733,0.021,Fairway,roll,0.000,0
1021,4.2391,-10.759,9.754,12.606,0.000,9.733,0.021,Fairway,roll,0.000,0
1022,4.2432,-10.761,9.754,12.606,0.000,9.733,0.021,Fairway,roll,0.000,0
1023,4.2474,-10.762,9.754,12.605,0.000,9.732,0.021,Fairway,roll,0.000,0
1024,4.2516,-10.763,9.754,12.605,0.000,9.732,0.021,Fairway,roll,0.000,0
1025,4.2557,-10.764,9.754,12.604,0.000,9.732,0.021,Fairway,roll,0.000,0
1026,4.2599,-10.765,9.754,12.604,0.000,9.732,0.021,Fairway,roll,0.000,0
1027,4.2641,-10.766,9.754,12.603,0.000,9.732,0.021,Fairway,roll,0.000,0
1028,4.2682,-10.767,9.754,12.603,0.000,9.732,0.021,Fairway,roll,0.000,0
1029,4.2724,-10.769,9.754,12.602,0.000,9.732,0.021,Fairway,roll,0.000,0
1030,4.2766,-10.770,9.754,12.602,0.000,9.732,0.021,Fairway,roll,0.000,0
1031,4.2807,-10.771,9.754,12.602,0.000,9.732,0.021,Fairway,roll,0.000,0
1032,4.2849,-10.772,9.754,12.601,0.000,9.732,0.021,Fairway,roll,0.000,0
1033,4.2891,-10.773,9.754,12.601,0.000,9.732,0.021,Fairway,roll,0.000,0
1034,4.2932,-10.774,9.754,12.600,0.000,9.732,0.021,Fairway,roll,0.000,0
1035,4.2974,-10.775,9.754,12.600,0.000,9.732,0.021,Fairway,roll,0.000,0
1036,4.3016,-10.777,9.754,12.599,0.000,9.732,0.021,Fairway,roll,0.000,0
1037,4.3057,-10.778,9.754,12.599,0.000,9.732,0.021,Fairway,roll,0.000,0
1038,4.3099,-10.779,9.753,12.598,0.000,9.732,0.021,Fairway,roll,0.000,0
1039,4.3141,-10.780,9.753,12.598,0.000,9.732,0.021,Fairway,roll,0.000,0
1040,4.3182,-10.781,9.753,12.597,0.000,9.732,0.021,Fairway,roll,0.000,0
1041,4.3224,-10.782,9.753,12.597,0.000,9.732,0.021,Fairway,roll,0.000,0
1042,4.3266,-10.783,9.753,12.596,0.000,9.732,0.021,Fairway,roll,0.000,0
1043,4.3307,-10.785,9.753,12.596,0.000,9.732,0.021,Fairway,roll,0.000,0
1044,4.3349,-10.786,9.753,12.596,0.000,9.732,0.021,Fairway,roll,0.000,0
1045,4.3391,-10.787,9.753,12.595,0.000,9.732,0.021,Fairway,roll,0.000,0
1046,4.3432,-10.788,9.753,12.595,0.000,9.732,0.021,Fairway,roll,0.000,0
1047,4.3474,-10.789,9.753,12.594,0.000,9.732,0.021,Fairway,roll,0.000,0
1048,4.3515,-10.790,9.753,12.594,0.000,9.732,0.021,Fairway,roll,0.000,0
1049,4.3557,-10.791,9.753,12.593,0.000,9.732,0.021,Fairway,roll,0.000,0
1050,4.3599,-10.793,9.753,12.593,0.000,9.732,0.021,Fairway,roll,0.000,0
1051,4.3640,-10.794,9.753,12.592,0.000,9.732,0.021,Fairway,roll,0.000,0
1052,4.3682,-10.795,9.753,12.592,0.000,9.732,0.021,Fairway,roll,0.000,0
1053,4.3724,-10.796,9.753,12.591,0.000,9.732,0.021,Fairway,roll,0.000,0
1054,4.3765,-10.797,9.753,12.591,0.000,9.731,0.021,Fairway,roll,0.000,0
1055,4.3807,-10.798,9.753,12.591,0.000,9.731,0.021,Fairway,roll,0.000,0
1056,4.3849,-10.799,9.753,12.590,0.000,9.731,0.021,Fairway,roll,0.000,0
1057,4.3890,-10.800,9.753,12.590,0.000,9.731,0.021,Fairway,roll,0.000,0
1058,4.3932,-10.802,9.753,12.589,0.000,9.731,0.021,Fairway,roll,0.000,0
1059,4.3974,-10.803,9.753,12.589,0.000,9.731,0.021,Fairway,roll,0.000,0
1060,4.4015,-10.804,9.753,12.588,0.000,9.731,0.021,Fairway,roll,0.000,0
1061,4.4057,-10.805,9.753,12.588,0.000,9.731,0.021,Fairway,roll,0.000,0
1062,4.4099,-10.806,9.752,12.587,0.000,9.731,0.021,Fairway,roll,0.000,0
1063,4.4140,-10.807,9.752,12.587,0.000,9.731,0.021,Fairway,roll,0.000,0
1064,4.4182,-10.808,9.752,12.586,0.000,9.731,0.021,Fairway,roll,0.000,0
1065,4.4224,-10.809,9.752,12.586,0.000,9.731,0.021,Fairway,roll,0.000,0
1066,4.4265,-10.810,9.752,12.586,0.000,9.731,0.021,Fairway,roll,0.000,0
1067,4.4307,-10.812,9.752,12.585,0.000,9.731,0.021,Fairway,roll,0.000,0
1068,4.4349,-10.813,9.752,12.585,0.000,9.731,0.021,Fairway,roll,0.000,0
1069,4.4390,-10.814,9.752,12.584,0.000,9.731,0.021,Fairway,roll,0.000,0
1070,4.4432,-10.815,9.752,12.584,0.000,9.731,0.021,Fairway,roll,0.000,0
1071,4.4474,-10.816,9.752,12.583,0.000,9.731,0.021,Fairway,roll,0.000,0
1072,4.4515,-10.817,9.752,12.583,0.000,9.731,0.021,Fairway,roll,0.000,0
1073,4.4557,-10.818,9.752,12.583,0.000,9.731,0.021,Fairway,roll,0.000,0
1074,4.4599,-10.819,9.752,12.582,0.000,9.731,0.021,Fairway,roll,0.000,0
1075,4.4640,-10.821,9.752,12.582,0.000,9.731,0.021,Fairway,roll,0.000,0
1076,4.4682,-10.822,9.752,12.581,0.000,9.731,0.021,Fairway,roll,0.000,0
1077,4.4724,-10.823,9.752,12.581,0.000,9.731,0.021,Fairway,roll,0.000,0
1078,4.4765,-10.824,9.752,12.580,0.000,9.731,0.021,Fairway,roll,0.000,0
1079,4.4807,-10.825,9.752,12.580,0.000,9.731,0.021,Fairway,roll,0.000,0
1080,4.4848,-10.826,9.752,12.579,0.000,9.731,0.021,Fairway,roll,0.000,0
1081,4.4890,-10.827,9.752,12.579,0.000,9.731,0.021,Fairway,roll,0.000,0
1082,4.4932,-10.828,9.752,12.579,0.000,9.730,0.021,Fairway,roll,0.000,0
1083,4.4973,-10.829,9.752,12.578,0.000,9.730,0.021,Fairway,roll,0.000,0
1084,4.5015,-10.830,9.752,12.578,0.000,9.730,0.021,Fairway,roll,0.000,0
1085,4.5057,-10.832,9.752,12.577,0.000,9.730,0.021,Fairway,roll,0.000,0
1086,4.5098,-10.833,9.752,12.577,0.000,9.730,0.021,Fairway,roll,0.000,0
1087,4.5140,-10.834,9.752,12.576,0.000,9.730,0.021,Fairway,roll,0.000,0
1088,4.5182,-10.835,9.752,12.576,0.000,9.730,0.021,Fairway,roll,0.000,0
1089,4.5223,-10.836,9.752,12.575,0.000,9.730,0.021,Fairway,roll,0.000,0
1090,4.5265,-10.837,9.752,12.575,0.000,9.730,0.021,Fairway,roll,0.000,0
1091,4.5307,-10.838,9.751,12.575,0.000,9.730,0.021,Fairway,roll,0.000,0
1092,4.5348,-10.839,9.751,12.574,0.000,9.730,0.021,Fairway,roll,0.000,0
1093,4.5390,-10.840,9.751,12.574,0.000,9.730,0.021,Fairway,roll,0.000,0
1094,4.5432,-10.841,9.751,12.573,0.000,9.730,0.021,Fairway,roll,0.000,0
1095,4.5473,-10.843,9.751,12.573,0.000,9.730,0.021,Fairway,roll,0.000,0
1096,4.5515,-10.844,9.751,12.572,0.000,9.730,0.021,Fairway,roll,0.000,0
1097,4.5557,-10.845,9.751,12.572,0.000,9.730,0.021,Fairway,roll,0.000,0
1098,4.5598,-10.846,9.751,12.571,0.000,9.730,0.021,Fairway,roll,0.000,0
1099,4.5640,-10.847,9.751,12.571,0.000,9.730,0.021,Fairway,roll,0.000,0
1100,4.5682,-10.848,9.751,12.571,0.000,9.730,0.021,Fairway,roll,0.000,0
1101,4.5723,-10.849,9.751,12.570,0.000,9.730,0.021,Fairway,roll,0.000,0
1102,4.5765,-10.850,9.751,12.570,0.000,9.730,0.021,Fairway,roll,0.000,0
1103,4.5807,-10.851,9.751,12.569,0.000,9.730,0.021,Fairway,roll,0.000,0
1104,4.5848,-10.852,9.751,12.569,0.000,9.730,0.021,Fairway,roll,0.000,0
1105,4.5890,-10.853,9.751,12.568,0.000,9.730,0.021,Fairway,roll,0.000,0
1106,4.5932,-10.855,9.751,12.568,0.000,9.730,0.021,Fairway,roll,0.000,0
1107,4.5973,-10.856,9.751,12.567,0.000,9.730,0.021,Fairway,roll,0.000,0
1108,4.6015,-10.857,9.751,12.567,0.000,9.730,0.021,Fairway,roll,0.000,0
1109,4.6057,-10.858,9.751,12.567,0.000,9.730,0.021,Fairway,roll,0.000,0
1110,4.6098,-10.859,9.751,12.566,0.000,9.729,0.021,Fairway,roll,0.000,0
1111,4.6140,-10.860,9.751,12.566,0.000,9.729,0.021,Fairway,roll,0.000,0
1112,4.6181,-10.861,9.751,12.565,0.000,9.729,0.021,Fairway,roll,0.000,0
1113,4.6223,-10.862,9.751,12.565,0.000,9.729,0.021,Fairway,roll,0.000,0
1114,4.6265,-10.863,9.751,12.564,0.000,9.729,0.021,Fairway,roll,0.000,0
1115,4.6306,-10.864,9.751,12.564,0.000,9.729,0.021,Fairway,roll,0.000,0
1116,4.6348,-10.865,9.751,12.564,0.000,9.729,0.021,Fairway,roll,0.000,0
1117,4.6390,-10.866,9.751,12.563,0.000,9.729,0.021,Fairway,roll,0.000,0
1118,4.6431,-10.868,9.751,12.563,0.000,9.729,0.021,Fairway,roll,0.000,0
1119,4.6473,-10.869,9.750,12.562,0.000,9.729,0.021,Fairway,roll,0.000,0
1120,4.6515,-10.870,9.750,12.562,0.000,9.729,0.021,Fairway,roll,0.000,0
1121,4.6556,-10.871,9.750,12.561,0.000,9.729,0.021,Fairway,roll,0.000,0
1122,4.6598,-10.872,9.750,12.561,0.000,9.729,0.021,Fairway,roll,0.000,0
1123,4.6640,-10.873,9.750,12.561,0.000,9.729,0.021,Fairway,roll,0.000,0
1124,4.6681,-10.874,9.750,12.560,0.000,9.729,0.021,Fairway,roll,0.000,0
1125,4.6723,-10.875,9.750,12.560,0.000,9.729,0.021,Fairway,roll,0.000,0
1126,4.6765,-10.876,9.750,12.559,0.000,9.729,0.021,Fairway,roll,0.000,0
1127,4.6806,-10.877,9.750,12.559,0.000,9.729,0.021,Fairway,roll,0.000,0
1128,4.6848,-10.878,9.750,12.559,0.000,9.729,0.021,Fairway,roll,0.000,0
1129,4.6890,-10.879,9.750,12.558,0.000,9.729,0.021,Fairway,roll,0.000,0
1130,4.6931,-10.880,9.750,12.558,0.000,9.729,0.021,Fairway,roll,0.000,0
1131,4.6973,-10.881,9.750,12.557,0.000,9.729,0.021,Fairway,roll,0.000,0
1132,4.7015,-10.883,9.750,12.557,0.000,9.729,0.021,Fairway,roll,0.000,0
1133,4.7056,-10.884,9.750,12.556,0.000,9.729,0.021,Fairway,roll,0.000,0
1134,4.7098,-10.885,9.750,12.556,0.000,9.729,0.021,Fairway,roll,0.000,0
1135,4.7140,-10.886,9.750,12.556,0.000,9.729,0.021,Fairway,roll,0.000,0
1136,4.7181,-10.887,9.750,12.555,0.000,9.729,0.021,Fairway,roll,0.000,0
1137,4.7223,-10.888,9.750,12.555,0.000,9.729,0.021,Fairway,roll,0.000,0
1138,4.7265,-10.889,9.750,12.554,0.000,9.728,0.021,Fairway,roll,0.000,0
1139,4.7306,-10.890,9.750,12.554,0.000,9.728,0.021,Fairway,roll,0.000,0
1140,4.7348,-10.891,9.750,12.553,0.000,9.728,0.021,Fairway,roll,0.000,0
1141,4.7390,-10.892,9.750,12.553,0.000,9.728,0.021,Fairway,roll,0.000,0
1142,4.7431,-10.893,9.750,12.553,0.000,9.728,0.021,Fairway,roll,0.000,0
1143,4.7473,-10.894,9.750,12.552,0.000,9.728,0.021,Fairway,roll,0.000,0
1144,4.7515,-10.895,9.750,12.552,0.000,9.728,0.021,Fairway,roll,0.000,0
1145,4.7556,-10.896,9.750,12.551,0.000,9.728,0.021,Fairway,roll,0.000,0
1146,4.7598,-10.897,9.750,12.551,0.000,9.728,0.021,Fairway,roll,0.000,0
1147,4.7639,-10.898,9.750,12.550,0.000,9.728,0.021,Fairway,roll,0.000,0
1148,4.7681,-10.900,9.750,12.550,0.000,9.728,0.021,Fairway,roll,0.000,0
1149,4.7723,-10.901,9.750,12.550,0.000,9.728,0.021,Fairway,roll,0.000,0
1150,4.7764,-10.902,9.750,12.549,0.000,9.728,0.021,Fairway,roll,0.000,0
1151,4.7806,-10.903,9.749,12.549,0.000,9.728,0.021,Fairway,roll,0.000,0
1152,4.7848,-10.904,9.749,12.548,0.000,9.728,0.021,Fairway,roll,0.000,0
1153,4.7889,-10.905,9.749,12.548,0.000,9.728,0.021,Fairway,roll,0.000,0
1154,4.7931,-10.906,9.749,12.547,0.000,9.728,0.021,Fairway,roll,0.000,0
1155,4.7973,-10.907,9.749,12.547,0.000,9.728,0.021,Fairway,roll,0.000,0
1156,4.8014,-10.908,9.749,12.547,0.000,9.728,0.021,Fairway,roll,0.000,0
1157,4.8056,-10.909,9.749,12.546,0.000,9.728,0.021,Fairway,roll,0.000,0
1158,4.8098,-10.910,9.749,12.546,0.000,9.728,0.021,Fairway,roll,0.000,0
1159,4.8139,-10.911,9.749,12.545,0.000,9.728,0.021,Fairway,roll,0.000,0
1160,4.8181,-10.912,9.749,12.545,0.000,9.728,0.021,Fairway,roll,0.000,0
1161,4.8223,-10.913,9.749,12.544,0.000,9.728,0.021,Fairway,roll,0.000,0
1162,4.8264,-10.914,9.749,12.544,0.000,9.728,0.021,Fairway,roll,0.000,0
1163,4.8306,-10.915,9.749,12.544,0.000,9.728,0.021,Fairway,roll,0.000,0
1164,4.8348,-10.916,9.749,12.543,0.000,9.728,0.021,Fairway,roll,0.000,0
1165,4.8389,-10.917,9.749,12.543,0.000,9.728,0.021,Fairway,roll,0.000,0
1166,4.8431,-10.918,9.749,12.542,0.000,9.728,0.021,Fairway,roll,0.000,0
1167,4.8473,-10.919,9.749,12.542,0.000,9.728,0.021,Fairway,roll,0.000,0
1168,4.8514,-10.920,9.749,12.541,0.000,9.727,0.021,Fairway,roll,0.000,0
1169,4.8556,-10.921,9.749,12.541,0.000,9.727,0.021,Fairway,roll,0.000,0
1170,4.8598,-10.923,9.749,12.541,0.000,9.727,0.021,Fairway,roll,0.000,0
1171,4.8639,-10.924,9.749,12.540,0.000,9.727,0.021,Fairway,roll,0.000,0
1172,4.8681,-10.925,9.749,12.540,0.000,9.727,0.021,Fairway,roll,0.000,0
1173,4.8723,-10.926,9.749,12.539,0.000,9.727,0.021,Fairway,roll,0.000,0
1174,4.8764,-10.927,9.749,12.539,0.000,9.727,0.021,Fairway,roll,0.000,0
1175,4.8806,-10.928,9.749,12.539,0.000,9.727,0.021,Fairway,roll,0.000,0
1176,4.8848,-10.929,9.749,12.538,0.000,9.727,0.021,Fairway,roll,0.000,0
1177,4.8889,-10.930,9.749,12.538,0.000,9.727,0.021,Fairway,roll,0.000,0
1178,4.8931,-10.931,9.749,12.537,0.000,9.727,0.021,Fairway,roll,0.000,0
1179,4.8972,-10.932,9.749,12.537,0.000,9.727,0.021,Fairway,roll,0.000,0
1180,4.9014,-10.933,9.749,12.537,0.000,9.727,0.021,Fairway,roll,0.000,0
1181,4.9056,-10.934,9.749,12.536,0.000,9.727,0.021,Fairway,roll,0.000,0
1182,4.9097,-10.935,9.749,12.536,0.000,9.727,0.021,Fairway,roll,0.000,0
1183,4.9139,-10.936,9.749,12.535,0.000,9.727,0.021,Fairway,roll,0.000,0
1184,4.9181,-10.937,9.749,12.535,0.000,9.727,0.021,Fairway,roll,0.000,0
1185,4.9222,-10.938,9.748,12.534,0.000,9.727,0.021,Fairway,roll,0.000,0
1186,4.9264,-10.939,9.748,12.534,0.000,9.727,0.021,Fairway,roll,0.000,0
1187,4.9306,-10.940,9.748,12.534,0.000,9.727,0.021,Fairway,roll,0.000,0
1188,4.9347,-10.941,9.748,12.533,0.000,9.727,0.021,Fairway,roll,0.000,0
1189,4.9389,-10.942,9.748,12.533,0.000,9.727,0.021,Fairway,roll,0.000,0
1190,4.9431,-10.943,9.748,12.532,0.000,9.727,0.021,Fairway,roll,0.000,0
1191,4.9472,-10.944,9.748,12.532,0.000,9.727,0.021,Fairway,roll,0.000,0
1192,4.9514,-10.945,9.748,12.532,0.000,9.727,0.021,Fairway,roll,0.000,0
1193,4.9556,-10.946,9.748,12.531,0.000,9.727,0.021,Fairway,roll,0.000,0
1194,4.9597,-10.947,9.748,12.531,0.000,9.727,0.021,Fairway,roll,0.000,0
1195,4.9639,-10.948,9.748,12.530,0.000,9.727,0.021,Fairway,roll,0.000,0
1196,4.9681,-10.949,9.748,12.530,0.000,9.727,0.021,Fairway,roll,0.000,0
1197,4.9722,-10.950,9.748,12.530,0.000,9.727,0.021,Fairway,roll,0.000,0
1198,4.9764,-10.951,9.748,12.529,0.000,9.727,0.021,Fairway,roll,0.000,0
1199,4.9806,-10.952,9.748,12.529,0.000,9.727,0.021,Fairway,roll,0.000,0
1200,4.9847,-10.953,9.748,12.528,0.000,9.727,0.021,Fairway,roll,0.000,0
1201,4.9889,-10.954,9.748,12.528,0.000,9.727,0.021,Fairway,roll,0.000,0
1202,4.9931,-10.955,9.748,12.527,0.000,9.726,0.021,Fairway,roll,0.000,0
1203,4.9972,-10.956,9.748,12.527,0.000,9.726,0.021,Fairway,roll,0.000,0
1204,5.0014,-10.957,9.748,12.527,0.000,9.726,0.021,Fairway,roll,0.000,0
1205,5.0056,-10.958,9.748,12.526,0.000,9.726,0.021,Fairway,roll,0.000,0
1206,5.0097,-10.959,9.748,12.526,0.000,9.726,0.021,Fairway,roll,0.000,0
1207,5.0139,-10.960,9.748,12.525,0.000,9.726,0.021,Fairway,roll,0.000,0
1208,5.0181,-10.961,9.748,12.525,0.000,9.726,0.021,Fairway,roll,0.000,0
1209,5.0222,-10.962,9.748,12.525,0.000,9.726,0.021,Fairway,roll,0.000,0
1210,5.0264,-10.963,9.748,12.524,0.000,9.726,0.021,Fairway,roll,0.000,0
1211,5.0305,-10.964,9.747,12.524,0.000,9.726,0.021,Fairway,roll,0.000,0
1212,5.0347,-10.965,9.747,12.523,0.000,9.726,0.021,Fairway,roll,0.000,0
1213,5.0389,-10.966,9.747,12.523,0.000,9.726,0.021,Fairway,roll,0.000,0
1214,5.0430,-10.967,9.747,12.523,0.000,9.726,0.021,Fairway,roll,0.000,0
1215,5.0472,-10.968,9.747,12.522,0.000,9.726,0.021,Fairway,roll,0.000,0
1216,5.0514,-10.969,9.747,12.522,0.000,9.726,0.021,Fairway,roll,0.000,0
1217,5.0555,-10.970,9.747,12.521,0.000,9.726,0.021,Fairway,roll,0.000,0
1218,5.0597,-10.971,9.747,12.521,0.000,9.726,0.021,Fairway,roll,0.000,0
1219,5.0639,-10.972,9.747,12.520,0.000,9.726,0.021,Fairway,roll,0.000,0
1220,5.0680,-10.974,9.747,12.520,0.000,9.726,0.021,Fairway,roll,0.000,0
1221,5.0722,-10.975,9.747,12.520,0.000,9.726,0.021,Fairway,roll,0.000,0
1222,5.0764,-10.976,9.747,12.519,0.000,9.726,0.021,Fairway,roll,0.000,0
1223,5.0805,-10.977,9.747,12.519,0.000,9.726,0.021,Fairway,roll,0.000,0
1224,5.0847,-10.978,9.747,12.518,0.000,9.726,0.021,Fairway,roll,0.000,0
1225,5.0889,-10.979,9.747,12.518,0.000,9.726,0.021,Fairway,roll,0.000,0
1226,5.0930,-10.979,9.747,12.518,0.000,9.726,0.021,Fairway,roll,0.000,0
1227,5.0972,-10.980,9.747,12.517,0.000,9.726,0.021,Fairway,roll,0.000,0
1228,5.1014,-10.981,9.747,12.517,0.000,9.726,0.021,Fairway,roll,0.000,0
1229,5.1055,-10.982,9.747,12.516,0.000,9.726,0.021,Fairway,roll,0.000,0
1230,5.1097,-10.983,9.747,12.516,0.000,9.726,0.021,Fairway,roll,0.000,0
1231,5.1139,-10.984,9.747,12.516,0.000,9.726,0.021,Fairway,roll,0.000,0
1232,5.1180,-10.985,9.747,12.515,0.000,9.726,0.021,Fairway,roll,0.000,0
1233,5.1222,-10.986,9.747,12.515,0.000,9.726,0.021,Fairway,roll,0.000,0
1234,5.1264,-10.987,9.747,12.514,0.000,9.725,0.021,Fairway,roll,0.000,0
1235,5.1305,-10.988,9.747,12.514,0.000,9.725,0.021,Fairway,roll,0.000,0
1236,5.1347,-10.989,9.747,12.514,0.000,9.725,0.021,Fairway,roll,0.000,0
1237,5.1389,-10.990,9.747,12.513,0.000,9.725,0.021,Fairway,roll,0.000,0
1238,5.1430,-10.991,9.747,12.513,0.000,9.725,0.021,Fairway,roll,0.000,0
1239,5.1472,-10.992,9.747,12.512,0.000,9.725,0.021,Fairway,roll,0.000,0
1240,5.1514,-10.993,9.747,12.512,0.000,9.725,0.021,Fairway,roll,0.000,0
1241,5.1555,-10.994,9.747,12.512,0.000,9.725,0.021,Fairway,roll,0.000,0
1242,5.1597,-10.995,9.747,12.511,0.000,9.725,0.021,Fairway,roll,0.000,0
1243,5.1638,-10.996,9.747,12.511,0.000,9.725,0.021,Fairway,roll,0.000,0
1244,5.1680,-10.997,9.746,12.510,0.000,9.725,0.021,Fairway,roll,0.000,0
1245,5.1722,-10.998,9.746,12.510,0.000,9.725,0.021,Fairway,roll,0.000,0
1246,5.1763,-10.999,9.746,12.510,0.000,9.725,0.021,Fairway,roll,0.000,0
1247,5.1805,-11.000,9.746,12.509,0.000,9.725,0.021,Fairway,roll,0.000,0
1248,5.1847,-11.001,9.746,12.509,0.000,9.725,0.021,Fairway,roll,0.000,0
1249,5.1888,-11.002,9.746,12.508,0.000,9.725,0.021,Fairway,roll,0.000,0
1250,5.1930,-11.003,9.746,12.508,0.000,9.725,0.021,Fairway,roll,0.000,0
1251,5.1972,-11.004,9.746,12.508,0.000,9.725,0.021,Fairway,roll,0.000,0
1252,5.2013,-11.005,9.746,12.507,0.000,9.725,0.021,Fairway,roll,0.000,0
1253,5.2055,-11.006,9.746,12.507,0.000,9.725,0.021,Fairway,roll,0.000,0
1254,5.2097,-11.007,9.746,12.507,0.000,9.725,0.021,Fairway,roll,0.000,0
1255,5.2138,-11.008,9.746,12.506,0.000,9.725,0.021,Fairway,roll,0.000,0
1256,5.2180,-11.009,9.746,12.506,0.000,9.725,0.021,Fairway,roll,0.000,0
1257,5.2222,-11.010,9.746,12.505,0.000,9.725,0.021,Fairway,roll,0.000,0
1258,5.2263,-11.011,9.746,12.505,0.000,9.725,0.021,Fairway,roll,0.000,0
1259,5.2305,-11.012,9.746,12.505,0.000,9.725,0.021,Fairway,roll,0.000,0
1260,5.2347,-11.013,9.746,12.504,0.000,9.725,0.021,Fairway,roll,0.000,0
1261,5.2388,-11.014,9.746,12.504,0.000,9.725,0.021,Fairway,roll,0.000,0
1262,5.2430,-11.015,9.746,12.503,0.000,9.725,0.021,Fairway,roll,0.000,0
1263,5.2472,-11.016,9.746,12.503,0.000,9.725,0.021,Fairway,roll,0.000,0
1264,5.2513,-11.017,9.746,12.503,0.000,9.724,0.021,Fairway,roll,0.000,0
1265,5.2555,-11.018,9.746,12.502,0.000,9.724,0.021,Fairway,roll,0.000,0
1266,5.2597,-11.019,9.746,12.502,0.000,9.724,0.021,Fairway,roll,0.000,0
1267,5.2638,-11.020,9.746,12.501,0.000,9.724,0.021,Fairway,roll,0.000,0
1268,5.2680,-11.021,9.746,12.501,0.000,9.724,0.021,Fairway,roll,0.000,0
1269,5.2722,-11.022,9.746,12.501,0.000,9.724,0.021,Fairway,roll,0.000,0
1270,5.2763,-11.023,9.746,12.500,0.000,9.724,0.021,Fairway,roll,0.000,0
1271,5.2805,-11.024,9.746,12.500,0.000,9.724,0.021,Fairway,roll,0.000,0
1272,5.2847,-11.025,9.746,12.499,0.000,9.724,0.021,Fairway,roll,0.000,0
1273,5.2888,-11.026,9.746,12.499,0.000,9.724,0.021,Fairway,roll,0.000,0
1274,5.2930,-11.027,9.745,12.499,0.000,9.724,0.021,Fairway,roll,0.000,0
1275,5.2972,-11.028,9.745,12.498,0.000,9.724,0.021,Fairway,roll,0.000,0
1276,5.3013,-11.028,9.745,12.498,0.000,9.724,0.021,Fairway,roll,0.000,0
1277,5.3055,-11.029,9.745,12.497,0.000,9.724,0.021,Fairway,roll,0.000,0
1278,5.3096,-11.030,9.745,12.497,0.000,9.724,0.021,Fairway,roll,0.000,0
1279,5.3138,-11.031,9.745,12.497,0.000,9.724,0.021,Fairway,roll,0.000,0
1280,5.3180,-11.032,9.745,12.496,0.000,9.724,0.021,Fairway,roll,0.000,0
1281,5.3221,-11.033,9.745,12.496,0.000,9.724,0.021,Fairway,roll,0.000,0
1282,5.3263,-11.034,9.745,12.495,0.000,9.724,0.021,Fairway,roll,0.000,0
1283,5.3305,-11.035,9.745,12.495,0.000,9.724,0.021,Fairway,roll,0.000,0
1284,5.3346,-11.036,9.745,12.495,0.000,9.724,0.021,Fairway,roll,0.000,0
1285,5.3388,-11.037,9.745,12.494,0.000,9.724,0.021,Fairway,roll,0.000,0
1286,5.3430,-11.038,9.745,12.494,0.000,9.724,0.021,Fairway,roll,0.000,0
1287,5.3471,-11.039,9.745,12.493,0.000,9.724,0.021,Fairway,roll,0.000,0
1288,5.3513,-11.040,9.745,12.493,0.000,9.724,0.021,Fairway,roll,0.000,0
1289,5.3555,-11.041,9.745,12.493,0.000,9.724,0.021,Fairway,roll,0.000,0
1290,5.3596,-11.042,9.745,12.492,0.000,9.724,0.021,Fairway,roll,0.000,0
1291,5.3638,-11.043,9.745,12.492,0.000,9.724,0.021,Fairway,roll,0.000,0
1292,5.3680,-11.044,9.745,12.492,0.000,9.724,0.021,Fairway,roll,0.000,0
1293,5.3721,-11.045,9.745,12.491,0.000,9.724,0.021,Fairway,roll,0.000,0
1294,5.3763,-11.046,9.745,12.491,0.000,9.723,0.021,Fairway,roll,0.000,0
1295,5.3805,-11.047,9.745,12.490,0.000,9.723,0.021,Fairway,roll,0.000,0
1296,5.3846,-11.048,9.745,12.490,0.000,9.723,0.021,Fairway,roll,0.000,0
1297,5.3888,-11.049,9.745,12.490,0.000,9.723,0.021,Fairway,roll,0.000,0
1298,5.3930,-11.049,9.745,12.489,0.000,9.723,0.021,Fairway,roll,0.000,0
1299,5.3971,-11.050,9.745,12.489,0.000,9.723,0.021,Fairway,roll,0.000,0
1300,5.4013,-11.051,9.745,12.488,0.000,9.723,0.021,Fairway,roll,0.000,0
1301,5.4055,-11.052,9.745,12.488,0.000,9.723,0.021,Fairway,roll,0.000,0
1302,5.4096,-11.053,9.745,12.488,0.000,9.723,0.021,Fairway,roll,0.000,0
1303,5.4138,-11.054,9.745,12.487,0.000,9.723,0.021,Fairway,roll,0.000,0
1304,5.4180,-11.055,9.745,12.487,0.000,9.723,0.021,Fairway,roll,0.000,0
1305,5.4221,-11.056,9.745,12.487,0.000,9.723,0.021,Fairway,roll,0.000,0
1306,5.4263,-11.057,9.745,12.486,0.000,9.723,0.021,Fairway,roll,0.000,0
1307,5.4305,-11.058,9.745,12.486,0.000,9.723,0.021,Fairway,roll,0.000,0
1308,5.4346,-11.059,9.745,12.485,0.000,9.723,0.021,Fairway,roll,0.000,0
1309,5.4388,-11.060,9.745,12.485,0.000,9.723,0.021,Fairway,roll,0.000,0
1310,5.4429,-11.061,9.744,12.485,0.000,9.723,0.021,Fairway,roll,0.000,0
1311,5.4471,-11.062,9.744,12.484,0.000,9.723,0.021,Fairway,roll,0.000,0
1312,5.4513,-11.063,9.744,12.484,0.000,9.723,0.021,Fairway,roll,0.000,0
1313,5.4554,-11.064,9.744,12.484,0.000,9.723,0.021,Fairway,roll,0.000,0
1314,5.4596,-11.065,9.744,12.483,0.000,9.723,0.021,Fairway,roll,0.000,0
1315,5.4638,-11.065,9.744,12.483,0.000,9.723,0.021,Fairway,roll,0.000,0
1316,5.4679,-11.066,9.744,12.482,0.000,9.723,0.021,Fairway,roll,0.000,0
1317,5.4721,-11.067,9.744,12.482,0.000,9.723,0.021,Fairway,roll,0.000,0
1318,5.4763,-11.068,9.744,12.482,0.000,9.723,0.021,Fairway,roll,0.000,0
1319,5.4804,-11.069,9.744,12.481,0.000,9.723,0.021,Fairway,roll,0.000,0
1320,5.4846,-11.070,9.744,12.481,0.000,9.723,0.021,Fairway,roll,0.000,0
1321,5.4888,-11.071,9.744,12.480,0.000,9.723,0.021,Fairway,roll,0.000,0
1322,5.4929,-11.072,9.744,12.480,0.000,9.723,0.021,Fairway,roll,0.000,0
1323,5.4971,-11.073,9.744,12.480,0.000,9.723,0.021,Fairway,roll,0.000,0
1324,5.5013,-11.074,9.744,12.479,0.000,9.723,0.021,Fairway,roll,0.000,0
1325,5.5054,-11.075,9.744,12.479,0.000,9.723,0.021,Fairway,roll,0.000,0
1326,5.5096,-11.076,9.744,12.479,0.000,9.723,0.021,Fairway,roll,0.000,0
1327,5.5138,-11.077,9.744,12.478,0.000,9.723,0.021,Fairway,roll,0.000,0
1328,5.5179,-11.078,9.744,12.478,0.000,9.723,0.021,Fairway,roll,0.000,0
1329,5.5221,-11.079,9.744,12.477,0.000,9.722,0.021,Fairway,roll,0.000,0
1330,5.5263,-11.079,9.744,12.477,0.000,9.722,0.021,Fairway,roll,0.000,0
1331,5.5304,-11.080,9.744,12.477,0.000,9.722,0.021,Fairway,roll,0.000,0
1332,5.5346,-11.081,9.744,12.476,0.000,9.722,0.021,Fairway,roll,0.000,0
1333,5.5388,-11.082,9.744,12.476,0.000,9.722,0.021,Fairway,roll,0.000,0
1334,5.5429,-11.083,9.744,12.476,0.000,9.722,0.021,Fairway,roll,0.000,0
1335,5.5471,-11.084,9.744,12.475,0.000,9.722,0.021,Fairway,roll,0.000,0
1336,5.5513,-11.085,9.744,12.475,0.000,9.722,0.021,Fairway,roll,0.000,0
1337,5.5554,-11.086,9.744,12.474,0.000,9.722,0.021,Fairway,roll,0.000,0
1338,5.5596,-11.087,9.744,12.474,0.000,9.722,0.021,Fairway,roll,0.000,0
1339,5.5638,-11.088,9.744,12.474,0.000,9.722,0.021,Fairway,roll,0.000,0
1340,5.5679,-11.089,9.744,12.473,0.000,9.722,0.021,Fairway,roll,0.000,0
1341,5.5721,-11.090,9.744,12.473,0.000,9.722,0.021,Fairway,roll,0.000,0
1342,5.5762,-11.090,9.744,12.472,0.000,9.722,0.021,Fairway,roll,0.000,0
1343,5.5804,-11.091,9.744,12.472,0.000,9.722,0.021,Fairway,roll,0.000,0
1344,5.5846,-11.092,9.744,12.472,0.000,9.722,0.021,Fairway,roll,0.000,0
1345,5.5887,-11.093,9.744,12.471,0.000,9.722,0.021,Fairway,roll,0.000,0
1346,5.5929,-11.094,9.744,12.471,0.000,9.722,0.021,Fairway,roll,0.000,0
1347,5.5971,-11.095,9.743,12.471,0.000,9.722,0.021,Fairway,roll,0.000,0
1348,5.6012,-11.096,9.743,12.470,0.000,9.722,0.021,Fairway,roll,0.000,0
1349,5.6054,-11.097,9.743,12.470,0.000,9.722,0.021,Fairway,roll,0.000,0
1350,5.6096,-11.098,9.743,12.470,0.000,9.722,0.021,Fairway,roll,0.000,0
1351,5.6137,-11.099,9.743,12.469,0.000,9.722,0.021,Fairway,roll,0.000,0
1352,5.6179,-11.100,9.743,12.469,0.000,9.722,0.021,Fairway,roll,0.000,0
1353,5.6221,-11.101,9.743,12.468,0.000,9.722,0.021,Fairway,roll,0.000,0
1354,5.6262,-11.101,9.743,12.468,0.000,9.722,0.021,Fairway,roll,0.000,0
1355,5.6304,-11.102,9.743,12.468,0.000,9.722,0.021,Fairway,roll,0.000,0
1356,5.6346,-11.103,9.743,12.467,0.000,9.722,0.021,Fairway,roll,0.000,0
1357,5.6387,-11.104,9.743,12.467,0.000,9.722,0.021,Fairway,roll,0.000,0
1358,5.6429,-11.105,9.743,12.467,0.000,9.722,0.021,Fairway,roll,0.000,0
1359,5.6471,-11.106,9.743,12.466,0.000,9.722,0.021,Fairway,roll,0.000,0
1360,5.6512,-11.107,9.743,12.466,0.000,9.722,0.021,Fairway,roll,0.000,0
1361,5.6554,-11.108,9.743,12.465,0.000,9.722,0.021,Fairway,roll,0.000,0
1362,5.6596,-11.109,9.743,12.465,0.000,9.722,0.021,Fairway,roll,0.000,0
1363,5.6637,-11.110,9.743,12.465,0.000,9.722,0.021,Fairway,roll,0.000,0
1364,5.6679,-11.111,9.743,12.464,0.000,9.722,0.021,Fairway,roll,0.000,0
1365,5.6721,-11.111,9.743,12.464,0.000,9.722,0.021,Fairway,roll,0.000,0
1366,5.6762,-11.112,9.743,12.464,0.000,9.722,0.021,Fairway,roll,0.000,0
1367,5.6804,-11.113,9.743,12.463,0.000,9.721,0.021,Fairway,roll,0.000,0
1368,5.6846,-11.114,9.743,12.463,0.000,9.721,0.021,Fairway,roll,0.000,0
1369,5.6887,-11.115,9.743,12.463,0.000,9.721,0.021,Fairway,roll,0.000,0
1370,5.6929,-11.116,9.743,12.462,0.000,9.721,0.021,Fairway,roll,0.000,0
1371,5.6971,-11.117,9.743,12.462,0.000,9.721,0.021,Fairway,roll,0.000,0
1372,5.7012,-11.118,9.743,12.461,0.000,9.721,0.021,Fairway,roll,0.000,0
1373,5.7054,-11.119,9.743,12.461,0.000,9.721,0.021,Fairway,roll,0.000,0
1374,5.7095,-11.120,9.743,12.461,0.000,9.721,0.021,Fairway,roll,0.000,0
1375,5.7137,-11.120,9.743,12.460,0.000,9.721,0.021,Fairway,roll,0.000,0
1376,5.7179,-11.121,9.743,12.460,0.000,9.721,0.021,Fairway,roll,0.000,0
1377,5.7220,-11.122,9.742,12.460,0.000,9.721,0.021,Fairway,roll,0.000,0
1378,5.7262,-11.123,9.742,12.459,0.000,9.721,0.021,Fairway,roll,0.000,0
1379,5.7304,-11.124,9.742,12.459,0.000,9.721,0.021,Fairway,roll,0.000,0
1380,5.7345,-11.125,9.742,12.459,0.000,9.721,0.021,Fairway,roll,0.000,0
1381,5.7387,-11.126,9.742,12.458,0.000,9.721,0.021,Fairway,roll,0.000,0
1382,5.7429,-11.127,9.742,12.458,0.000,9.721,0.021,Fairway,roll,0.000,0
1383,5.7470,-11.128,9.742,12.457,0.000,9.721,0.021,Fairway,roll,0.000,0
1384,5.7512,-11.129,9.742,12.457,0.000,9.721,0.021,Fairway,roll,0.000,0
1385,5.7554,-11.129,9.742,12.457,0.000,9.721,0.021,Fairway,roll,0.000,0
1386,5.7595,-11.130,9.742,12.456,0.000,9.721,0.021,Fairway,roll,0.000,0
1387,5.7637,-11.131,9.742,12.456,0.000,9.721,0.021,Fairway,roll,0.000,0
1388,5.7679,-11.132,9.742,12.456,0.000,9.721,0.021,Fairway,roll,0.000,0
1389,5.7720,-11.133,9.742,12.455,0.000,9.721,0.021,Fairway,roll,0.000,0
1390,5.7762,-11.134,9.742,12.455,0.000,9.721,0.021,Fairway,roll,0.000,0
1391,5.7804,-11.135,9.742,12.455,0.000,9.721,0.021,Fairway,roll,0.000,0
1392,5.7845,-11.136,9.742,12.454,0.000,9.721,0.021,Fairway,roll,0.000,0
1393,5.7887,-11.136,9.742,12.454,0.000,9.721,0.021,Fairway,roll,0.000,0
1394,5.7929,-11.137,9.742,12.453,0.000,9.721,0.021,Fairway,roll,0.000,0
1395,5.7970,-11.138,9.742,12.453,0.000,9.721,0.021,Fairway,roll,0.000,0
1396,5.8012,-11.139,9.742,12.453,0.000,9.721,0.021,Fairway,roll,0.000,0
1397,5.8054,-11.140,9.742,12.452,0.000,9.721,0.021,Fairway,roll,0.000,0
1398,5.8095,-11.141,9.742,12.452,0.000,9.721,0.021,Fairway,roll,0.000,0
1399,5.8137,-11.142,9.742,12.452,0.000,9.721,0.021,Fairway,roll,0.000,0
1400,5.8179,-11.143,9.742,12.451,0.000,9.721,0.021,Fairway,roll,0.000,0
1401,5.8220,-11.144,9.742,12.451,0.000,9.720,0.021,Fairway,roll,0.000,0
1402,5.8262,-11.144,9.742,12.450,0.000,9.720,0.021,Fairway,roll,0.000,0
1403,5.8304,-11.145,9.742,12.450,0.000,9.720,0.021,Fairway,roll,0.000,0
1404,5.8345,-11.146,9.742,12.450,0.000,9.720,0.021,Fairway,roll,0.000,0
1405,5.8387,-11.147,9.742,12.449,0.000,9.720,0.021,Fairway,roll,0.000,0
1406,5.8429,-11.148,9.742,12.449,0.000,9.720,0.021,Fairway,roll,0.000,0
1407,5.8470,-11.149,9.742,12.449,0.000,9.720,0.021,Fairway,roll,0.000,0
1408,5.8512,-11.150,9.742,12.448,0.000,9.720,0.021,Fairway,roll,0.000,0
1409,5.8553,-11.151,9.742,12.448,0.000,9.720,0.021,Fairway,roll,0.000,0
1410,5.8595,-11.151,9.742,12.448,0.000,9.720,0.021,Fairway,roll,0.000,0
1411,5.8637,-11.152,9.742,12.447,0.000,9.720,0.021,Fairway,roll,0.000,0
1412,5.8678,-11.153,9.741,12.447,0.000,9.720,0.021,Fairway,roll,0.000,0
1413,5.8720,-11.154,9.741,12.447,0.000,9.720,0.021,Fairway,roll,0.000,0
1414,5.8762,-11.155,9.741,12.446,0.000,9.720,0.021,Fairway,roll,0.000,0
1415,5.8803,-11.156,9.741,12.446,0.000,9.720,0.021,Fairway,roll,0.000,0
1416,5.8845,-11.157,9.741,12.446,0.000,9.720,0.021,Fairway,roll,0.000,0
1417,5.8887,-11.158,9.741,12.445,0.000,9.720,0.021,Fairway,roll,0.000,0
1418,5.8928,-11.158,9.741,12.445,0.000,9.720,0.021,Fairway,roll,0.000,0
1419,5.8970,-11.159,9.741,12.444,0.000,9.720,0.021,Fairway,roll,0.000,0
1420,5.9012,-11.160,9.741,12.444,0.000,9.720,0.021,Fairway,roll,0.000,0
1421,5.9053,-11.161,9.741,12.444,0.000,9.720,0.021,Fairway,roll,0.000,0
1422,5.9095,-11.162,9.741,12.443,0.000,9.720,0.021,Fairway,roll,0.000,0
1423,5.9137,-11.163,9.741,12.443,0.000,9.720,0.021,Fairway,roll,0.000,0
1424,5.9178,-11.164,9.741,12.443,0.000,9.720,0.021,Fairway,roll,0.000,0
1425,5.9220,-11.165,9.741,12.442,0.000,9.720,0.021,Fairway,roll,0.000,0
1426,5.9262,-11.165,9.741,12.442,0.000,9.720,0.021,Fairway,roll,0.000,0
1427,5.9303,-11.166,9.741,12.442,0.000,9.720,0.021,Fairway,roll,0.000,0
1428,5.9345,-11.167,9.741,12.441,0.000,9.720,0.021,Fairway,roll,0.000,0
1429,5.9387,-11.168,9.741,12.441,0.000,9.720,0.021,Fairway,roll,0.000,0
1430,5.9428,-11.169,9.741,12.441,0.000,9.720,0.021,Fairway,roll,0.000,0
1431,5.9470,-11.170,9.741,12.440,0.000,9.720,0.021,Fairway,roll,0.000,0
1432,5.9512,-11.171,9.741,12.440,0.000,9.720,0.021,Fairway,roll,0.000,0
1433,5.9553,-11.171,9.741,12.440,0.000,9.720,0.021,Fairway,roll,0.000,0
1434,5.9595,-11.172,9.741,12.439,0.000,9.720,0.021,Fairway,roll,0.000,0
1435,5.9637,-11.173,9.741,12.439,0.000,9.720,0.021,Fairway,roll,0.000,0
1436,5.9678,-11.174,9.741,12.439,0.000,9.720,0.021,Fairway,roll,0.000,0
1437,5.9720,-11.175,9.741,12.438,0.000,9.719,0.021,Fairway,roll,0.000,0
1438,5.9762,-11.176,9.741,12.438,0.000,9.719,0.021,Fairway,roll,0.000,0
1439,5.9803,-11.177,9.741,12.437,0.000,9.719,0.021,Fairway,roll,0.000,0
1440,5.9845,-11.177,9.741,12.437,0.000,9.719,0.021,Fairway,roll,0.000,0
1441,5.9886,-11.178,9.741,12.437,0.000,9.719,0.021,Fairway,roll,0.000,0
1442,5.9928,-11.179,9.741,12.436,0.000,9.719,0.021,Fairway,roll,0.000,0
1443,5.9970,-11.180,9.741,12.436,0.000,9.719,0.021,Fairway,roll,0.000,0
1444,6.0011,-11.181,9.741,12.436,0.000,9.719,0.021,Fairway,roll,0.000,0
1445,6.0053,-11.182,9.741,12.435,0.000,9.719,0.021,Fairway,roll,0.000,0
1446,6.0095,-11.183,9.741,12.435,0.000,9.719,0.021,Fairway,roll,0.000,0
1447,6.0136,-11.183,9.741,12.435,0.000,9.719,0.021,Fairway,roll,0.000,0
1448,6.0178,-11.184,9.740,12.434,0.000,9.719,0.021,Fairway,roll,0.000,0
1449,6.0220,-11.185,9.740,12.434,0.000,9.719,0.021,Fairway,roll,0.000,0
1450,6.0261,-11.186,9.740,12.434,0.000,9.719,0.021,Fairway,roll,0.000,0
1451,6.0303,-11.187,9.740,12.433,0.000,9.719,0.021,Fairway,roll,0.000,0
1452,6.0345,-11.188,9.740,12.433,0.000,9.719,0.021,Fairway,roll,0.000,0
1453,6.0386,-11.189,9.740,12.433,0.000,9.719,0.021,Fairway,roll,0.000,0
1454,6.0428,-11.189,9.740,12.432,0.000,9.719,0.021,Fairway,roll,0.000,0
1455,6.0470,-11.190,9.740,12.432,0.000,9.719,0.021,Fairway,roll,0.000,0
1456,6.0511,-11.191,9.740,12.431,0.000,9.719,0.021,Fairway,roll,0.000,0
1457,6.0553,-11.192,9.740,12.431,0.000,9.719,0.021,Fairway,roll,0.000,0
1458,6.0595,-11.193,9.740,12.431,0.000,9.719,0.021,Fairway,roll,0.000,0
1459,6.0636,-11.194,9.740,12.430,0.000,9.719,0.021,Fairway,roll,0.000,0
1460,6.0678,-11.194,9.740,12.430,0.000,9.719,0.021,Fairway,roll,0.000,0
1461,6.0720,-11.195,9.740,12.430,0.000,9.719,0.021,Fairway,roll,0.000,0
1462,6.0761,-11.196,9.740,12.429,0.000,9.719,0.021,Fairway,roll,0.000,0
1463,6.0803,-11.197,9.740,12.429,0.000,9.719,0.021,Fairway,roll,0.000,0
1464,6.0845,-11.198,9.740,12.429,0.000,9.719,0.021,Fairway,roll,0.000,0
1465,6.0886,-11.199,9.740,12.428,0.000,9.719,0.021,Fairway,roll,0.000,0
1466,6.0928,-11.199,9.740,12.428,0.000,9.719,0.021,Fairway,roll,0.000,0
1467,6.0970,-11.200,9.740,12.428,0.000,9.719,0.021,Fairway,roll,0.000,0
1468,6.1011,-11.201,9.740,12.427,0.000,9.719,0.021,Fairway,roll,0.000,0
1469,6.1053,-11.202,9.740,12.427,0.000,9.719,0.021,Fairway,roll,0.000,0
1470,6.1095,-11.203,9.740,12.427,0.000,9.719,0.021,Fairway,roll,0.000,0
1471,6.1136,-11.204,9.740,12.426,0.000,9.719,0.021,Fairway,roll,0.000,0
1472,6.1178,-11.205,9.740,12.426,0.000,9.719,0.021,Fairway,roll,0.000,0
1473,6.1219,-11.205,9.740,12.426,0.000,9.719,0.021,Fairway,roll,0.000,0
1474,6.1261,-11.206,9.740,12.425,0.000,9.719,0.021,Fairway,roll,0.000,0
1475,6.1303,-11.207,9.740,12.425,0.000,9.719,0.021,Fairway,roll,0.000,0
1476,6.1344,-11.208,9.740,12.425,0.000,9.719,0.021,Fairway,roll,0.000,0
1477,6.1386,-11.209,9.740,12.424,0.000,9.719,0.021,Fairway,roll,0.000,0
1478,6.1428,-11.210,9.740,12.424,0.000,9.719,0.021,Fairway,roll,0.000,0
1479,6.1469,-11.210,9.740,12.424,0.000,9.718,0.021,Fairway,roll,0.000,0
1480,6.1511,-11.211,9.740,12.423,0.000,9.718,0.021,Fairway,roll,0.000,0
1481,6.1553,-11.212,9.740,12.423,0.000,9.718,0.021,Fairway,roll,0.000,0
1482,6.1594,-11.213,9.740,12.423,0.000,9.718,0.021,Fairway,roll,0.000,0
1483,6.1636,-11.214,9.740,12.422,0.000,9.718,0.021,Fairway,roll,0.000,0
1484,6.1678,-11.215,9.740,12.422,0.000,9.718,0.021,Fairway,roll,0.000,0
1485,6.1719,-11.215,9.740,12.422,0.000,9.718,0.021,Fairway,roll,0.000,0
1486,6.1761,-11.216,9.740,12.421,0.000,9.718,0.021,Fairway,roll,0.000,0
1487,6.1803,-11.217,9.740,12.421,0.000,9.718,0.021,Fairway,roll,0.000,0
1488,6.1844,-11.218,9.740,12.421,0.000,9.718,0.021,Fairway,roll,0.000,0
1489,6.1886,-11.219,9.740,12.420,0.000,9.718,0.021,Fairway,roll,0.000,0
1490,6.1928,-11.220,9.739,12.420,0.000,9.718,0.021,Fairway,roll,0.000,0
1491,6.1969,-11.220,9.739,12.420,0.000,9.718,0.021,Fairway,roll,0.000,0
1492,6.2011,-11.221,9.739,12.419,0.000,9.718,0.021,Fairway,roll,0.000,0
1493,6.2053,-11.222,9.739,12.419,0.000,9.718,0.021,Fairway,roll,0.000,0
1494,6.2094,-11.223,9.739,12.419,0.000,9.718,0.021,Fairway,roll,0.000,0
1495,6.2136,-11.224,9.739,12.418,0.000,9.718,0.021,Fairway,roll,0.000,0
1496,6.2178,-11.224,9.739,12.418,0.000,9.718,0.021,Fairway,roll,0.000,0
1497,6.2219,-11.225,9.739,12.418,0.000,9.718,0.021,Fairway,roll,0.000,0
1498,6.2261,-11.226,9.739,12.417,0.000,9.718,0.021,Fairway,roll,0.000,0
1499,6.2303,-11.227,9.739,12.417,0.000,9.718,0.021,Fairway,roll,0.000,0
1500,6.2344,-11.228,9.739,12.417,0.000,9.718,0.021,Fairway,roll,0.000,0
1501,6.2386,-11.229,9.739,12.416,0.000,9.718,0.021,Fairway,roll,0.000,0
1502,6.2428,-11.229,9.739,12.416,0.000,9.718,0.021,Fairway,roll,0.000,0
1503,6.2469,-11.230,9.739,12.416,0.000,9.718,0.021,Fairway,roll,0.000,0
1504,6.2511,-11.231,9.739,12.415,0.000,9.718,0.021,Fairway,roll,0.000,0
1505,6.2552,-11.232,9.739,12.415,0.000,9.718,0.021,Fairway,roll,0.000,0
1506,6.2594,-11.233,9.739,12.415,0.000,9.718,0.021,Fairway,roll,0.000,0
1507,6.2636,-11.234,9.739,12.414,0.000,9.718,0.021,Fairway,roll,0.000,0
1508,6.2677,-11.234,9.739,12.414,0.000,9.718,0.021,Fairway,roll,0.000,0
1509,6.2719,-11.235,9.739,12.414,0.000,9.718,0.021,Fairway,roll,0.000,0
1510,6.2761,-11.236,9.739,12.413,0.000,9.718,0.021,Fairway,roll,0.000,0
1511,6.2802,-11.237,9.739,12.413,0.000,9.717,0.021,Fairway,roll,0.000,0
1512,6.2844,-11.238,9.739,12.412,0.000,9.717,0.021,Fairway,roll,0.000,0
1513,6.2886,-11.238,9.739,12.412,0.000,9.717,0.021,Fairway,roll,0.000,0
1514,6.2927,-11.239,9.739,12.412,0.000,9.717,0.021,Fairway,roll,0.000,0
1515,6.2969,-11.240,9.739,12.411,0.000,9.717,0.021,Fairway,roll,0.000,0
1516,6.3011,-11.241,9.739,12.411,0.000,9.717,0.021,Fairway,roll,0.000,0
1517,6.3052,-11.242,9.739,12.411,0.000,9.717,0.021,Fairway,roll,0.000,0
1518,6.3094,-11.242,9.739,12.410,0.000,9.717,0.021,Fairway,roll,0.000,0
1519,6.3136,-11.243,9.739,12.410,0.000,9.717,0.021,Fairway,roll,0.000,0
1520,6.3177,-11.244,9.739,12.410,0.000,9.717,0.021,Fairway,roll,0.000,0
1521,6.3219,-11.245,9.739,12.409,0.000,9.717,0.021,Fairway,roll,0.000,0
1522,6.3261,-11.246,9.739,12.409,0.000,9.717,0.021,Fairway,roll,0.000,0
1523,6.3302,-11.246,9.739,12.409,0.000,9.717,0.021,Fairway,roll,0.000,0
1524,6.3344,-11.247,9.739,12.408,0.000,9.717,0.021,Fairway,roll,0.000,0
1525,6.3386,-11.248,9.739,12.408,0.000,9.717,0.021,Fairway,roll,0.000,0
1526,6.3427,-11.249,9.739,12.408,0.000,9.717,0.021,Fairway,roll,0.000,0
1527,6.3469,-11.250,9.739,12.407,0.000,9.717,0.021,Fairway,roll,0.000,0
1528,6.3511,-11.251,9.738,12.407,0.000,9.717,0.021,Fairway,roll,0.000,0
1529,6.3552,-11.251,9.738,12.407,0.000,9.717,0.021,Fairway,roll,0.000,0
1530,6.3594,-11.252,9.738,12.406,0.000,9.717,0.021,Fairway,roll,0.000,0
1531,6.3636,-11.253,9.738,12.406,0.000,9.717,0.021,Fairway,roll,0.000,0
1532,6.3677,-11.254,9.738,12.406,0.000,9.717,0.021,Fairway,roll,0.000,0
1533,6.3719,-11.255,9.738,12.405,0.000,9.717,0.021,Fairway,roll,0.000,0
1534,6.3761,-11.255,9.738,12.405,0.000,9.717,0.021,Fairway,roll,0.000,0
1535,6.3802,-11.256,9.738,12.405,0.000,9.717,0.021,Fairway,roll,0.000,0
1536,6.3844,-11.257,9.738,12.404,0.000,9.717,0.021,Fairway,roll,0.000,0
1537,6.3886,-11.258,9.738,12.404,0.000,9.717,0.021,Fairway,roll,0.000,0
1538,6.3927,-11.259,9.738,12.404,0.000,9.717,0.021,Fairway,roll,0.000,0
1539,6.3969,-11.259,9.738,12.403,0.000,9.717,0.021,Fairway,roll,0.000,0
1540,6.4010,-11.260,9.738,12.403,0.000,9.717,0.021,Fairway,roll,0.000,0
1541,6.4052,-11.261,9.738,12.403,0.000,9.717,0.021,Fairway,roll,0.000,0
1542,6.4094,-11.262,9.738,12.402,0.000,9.717,0.021,Fairway,roll,0.000,0
1543,6.4135,-11.263,9.738,12.402,0.000,9.717,0.021,Fairway,roll,0.000,0
1544,6.4177,-11.263,9.738,12.402,0.000,9.717,0.021,Fairway,roll,0.000,0
1545,6.4219,-11.264,9.738,12.401,0.000,9.717,0.021,Fairway,roll,0.000,0
1546,6.4260,-11.265,9.738,12.401,0.000,9.717,0.021,Fairway,roll,0.000,0
1547,6.4302,-11.266,9.738,12.401,0.000,9.717,0.021,Fairway,roll,0.000,0
1548,6.4344,-11.267,9.738,12.400,0.000,9.717,0.021,Fairway,roll,0.000,0
1549,6.4385,-11.267,9.738,12.400,0.000,9.717,0.021,Fairway,roll,0.000,0
1550,6.4427,-11.268,9.738,12.400,0.000,9.717,0.021,Fairway,roll,0.000,0
1551,6.4469,-11.269,9.738,12.399,0.000,9.717,0.021,Fairway,roll,0.000,0
1552,6.4510,-11.270,9.738,12.399,0.000,9.716,0.021,Fairway,roll,0.000,0
1553,6.4552,-11.270,9.738,12.399,0.000,9.716,0.021,Fairway,roll,0.000,0
1554,6.4594,-11.271,9.738,12.398,0.000,9.716,0.021,Fairway,roll,0.000,0
1555,6.4635,-11.272,9.738,12.398,0.000,9.716,0.021,Fairway,roll,0.000,0
1556,6.4677,-11.273,9.738,12.398,0.000,9.716,0.021,Fairway,roll,0.000,0
1557,6.4719,-11.274,9.738,12.398,0.000,9.716,0.021,Fairway,roll,0.000,0
1558,6.4760,-11.274,9.738,12.397,0.000,9.716,0.021,Fairway,roll,0.000,0
1559,6.4802,-11.275,9.738,12.397,0.000,9.716,0.021,Fairway,roll,0.000,0
1560,6.4844,-11.276,9.738,12.397,0.000,9.716,0.021,Fairway,roll,0.000,0
1561,6.4885,-11.277,9.738,12.396,0.000,9.716,0.021,Fairway,roll,0.000,0
1562,6.4927,-11.278,9.738,12.396,0.000,9.716,0.021,Fairway,roll,0.000,0
1563,6.4969,-11.278,9.738,12.396,0.000,9.716,0.021,Fairway,roll,0.000,0
1564,6.5010,-11.279,9.738,12.395,0.000,9.716,0.021,Fairway,roll,0.000,0
1565,6.5052,-11.280,9.738,12.395,0.000,9.716,0.021,Fairway,roll,0.000,0
1566,6.5094,-11.281,9.737,12.395,0.000,9.716,0.021,Fairway,roll,0.000,0
1567,6.5135,-11.282,9.737,12.394,0.000,9.716,0.021,Fairway,roll,0.000,0
1568,6.5177,-11.282,9.737,12.394,0.000,9.716,0.021,Fairway,roll,0.000,0
1569,6.5219,-11.283,9.737,12.394,0.000,9.716,0.021,Fairway,roll,0.000,0
1570,6.5260,-11.284,9.737,12.393,0.000,9.716,0.021,Fairway,roll,0.000,0
1571,6.5302,-11.285,9.737,12.393,0.000,9.716,0.021,Fairway,roll,0.000,0
1572,6.5343,-11.285,9.737,12.393,0.000,9.716,0.021,Fairway,roll,0.000,0
1573,6.5385,-11.286,9.737,12.392,0.000,9.716,0.021,Fairway,roll,0.000,0
1574,6.5427,-11.287,9.737,12.392,0.000,9.716,0.021,Fairway,roll,0.000,0
1575,6.5468,-11.288,9.737,12.392,0.000,9.716,0.021,Fairway,roll,0.000,0
1576,6.5510,-11.289,9.737,12.391,0.000,9.716,0.021,Fairway,roll,0.000,0
1577,6.5552,-11.289,9.737,12.391,0.000,9.716,0.021,Fairway,roll,0.000,0
1578,6.5593,-11.290,9.737,12.391,0.000,9.716,0.021,Fairway,roll,0.000,0
1579,6.5635,-11.291,9.737,12.390,0.000,9.716,0.021,Fairway,roll,0.000,0
1580,6.5677,-11.292,9.737,12.390,0.000,9.716,0.021,Fairway,roll,0.000,0
1581,6.5718,-11.292,9.737,12.390,0.000,9.716,0.021,Fairway,roll,0.000,0
1582,6.5760,-11.293,9.737,12.390,0.000,9.716,0.021,Fairway,roll,0.000,0
1583,6.5802,-11.294,9.737,12.389,0.000,9.716,0.021,Fairway,roll,0.000,0
1584,6.5843,-11.295,9.737,12.389,0.000,9.716,0.021,Fairway,roll,0.000,0
1585,6.5885,-11.296,9.737,12.389,0.000,9.716,0.021,Fairway,roll,0.000,0
1586,6.5927,-11.296,9.737,12.388,0.000,9.716,0.021,Fairway,roll,0.000,0
1587,6.5968,-11.297,9.737,12.388,0.000,9.716,0.021,Fairway,roll,0.000,0
1588,6.6010,-11.298,9.737,12.388,0.000,9.716,0.021,Fairway,roll,0.000,0
1589,6.6052,-11.299,9.737,12.387,0.000,9.716,0.021,Fairway,roll,0.000,0
1590,6.6093,-11.299,9.737,12.387,0.000,9.715,0.021,Fairway,roll,0.000,0
1591,6.6135,-11.300,9.737,12.387,0.000,9.715,0.021,Fairway,roll,0.000,0
1592,6.6177,-11.301,9.737,12.386,0.000,9.715,0.021,Fairway,roll,0.000,0
1593,6.6218,-11.302,9.737,12.386,0.000,9.715,0.021,Fairway,roll,0.000,0
1594,6.6260,-11.302,9.737,12.386,0.000,9.715,0.021,Fairway,roll,0.000,0
1595,6.6302,-11.303,9.737,12.385,0.000,9.715,0.021,Fairway,roll,0.000,0
1596,6.6343,-11.304,9.737,12.385,0.000,9.715,0.021,Fairway,roll,0.000,0
1597,6.6385,-11.305,9.737,12.385,0.000,9.715,0.021,Fairway,roll,0.000,0
1598,6.6427,-11.306,9.737,12.384,0.000,9.715,0.021,Fairway,roll,0.000,0
1599,6.6468,-11.306,9.737,12.384,0.000,9.715,0.021,Fairway,roll,0.000,0
1600,6.6510,-11.307,9.737,12.384,0.000,9.715,0.021,Fairway,roll,0.000,0
1601,6.6552,-11.308,9.737,12.383,0.000,9.715,0.021,Fairway,roll,0.000,0
1602,6.6593,-11.309,9.736,12.383,0.000,9.715,0.021,Fairway,roll,0.000,0
1603,6.6635,-11.309,9.736,12.383,0.000,9.715,0.021,Fairway,roll,0.000,0
1604,6.6676,-11.310,9.736,12.382,0.000,9.715,0.021,Fairway,roll,0.000,0
1605,6.6718,-11.311,9.736,12.382,0.000,9.715,0.021,Fairway,roll,0.000,0
1606,6.6760,-11.312,9.736,12.382,0.000,9.715,0.021,Fairway,roll,0.000,0
1607,6.6801,-11.312,9.736,12.381,0.000,9.715,0.021,Fairway,roll,0.000,0
1608,6.6843,-11.313,9.736,12.381,0.000,9.715,0.021,Fairway,roll,0.000,0
1609,6.6885,-11.314,9.736,12.381,0.000,9.715,0.021,Fairway,roll,0.000,0
1610,6.6926,-11.315,9.736,12.381,0.000,9.715,0.021,Fairway,roll,0.000,0
1611,6.6968,-11.315,9.736,12.380,0.000,9.715,0.021,Fairway,roll,0.000,0
1612,6.7010,-11.316,9.736,12.380,0.000,9.715,0.021,Fairway,roll,0.000,0
1613,6.7051,-11.317,9.736,12.380,0.000,9.715,0.021,Fairway,roll,0.000,0
1614,6.7093,-11.318,9.736,12.379,0.000,9.715,0.021,Fairway,roll,0.000,0
1615,6.7135,-11.318,9.736,12.379,0.000,9.715,0.021,Fairway,roll,0.000,0
1616,6.7176,-11.319,9.736,12.379,0.000,9.715,0.021,Fairway,roll,0.000,0
1617,6.7218,-11.320,9.736,12.378,0.000,9.715,0.021,Fairway,roll,0.000,0
1618,6.7260,-11.321,9.736,12.378,0.000,9.715,0.021,Fairway,roll,0.000,0
1619,6.7301,-11.322,9.736,12.378,0.000,9.715,0.021,Fairway,roll,0.000,0
1620,6.7343,-11.322,9.736,12.377,0.000,9.715,0.021,Fairway,roll,0.000,0
1621,6.7385,-11.323,9.736,12.377,0.000,9.715,0.021,Fairway,roll,0.000,0
1622,6.7426,-11.324,9.736,12.377,0.000,9.715,0.021,Fairway,roll,0.000,0
1623,6.7468,-11.325,9.736,12.376,0.000,9.715,0.021,Fairway,roll,0.000,0
1624,6.7510,-11.325,9.736,12.376,0.000,9.715,0.021,Fairway,roll,0.000,0
1625,6.7551,-11.326,9.736,12.376,0.000,9.715,0.021,Fairway,roll,0.000,0
1626,6.7593,-11.327,9.736,12.375,0.000,9.715,0.021,Fairway,roll,0.000,0
1627,6.7635,-11.328,9.736,12.375,0.000,9.715,0.021,Fairway,roll,0.000,0
1628,6.7676,-11.328,9.736,12.375,0.000,9.715,0.021,Fairway,roll,0.000,0
1629,6.7718,-11.329,9.736,12.374,0.000,9.715,0.021,Fairway,roll,0.000,0
1630,6.7760,-11.330,9.736,12.374,0.000,9.715,0.021,Fairway,roll,0.000,0
1631,6.7801,-11.331,9.736,12.374,0.000,9.715,0.021,Fairway,roll,0.000,0
1632,6.7843,-11.331,9.736,12.374,0.000,9.715,0.021,Fairway,roll,0.000,0
1633,6.7885,-11.332,9.736,12.373,0.000,9.715,0.021,Fairway,roll,0.000,0
1634,6.7926,-11.333,9.736,12.373,0.000,9.715,0.021,Fairway,roll,0.000,0
1635,6.7968,-11.334,9.736,12.373,0.000,9.714,0.021,Fairway,roll,0.000,0
1636,6.8009,-11.334,9.736,12.372,0.000,9.714,0.021,Fairway,roll,0.000,0
1637,6.8051,-11.335,9.736,12.372,0.000,9.714,0.021,Fairway,roll,0.000,0
1638,6.8093,-11.336,9.736,12.372,0.000,9.714,0.021,Fairway,roll,0.000,0
1639,6.8134,-11.336,9.736,12.371,0.000,9.714,0.021,Fairway,roll,0.000,0
1640,6.8176,-11.337,9.736,12.371,0.000,9.714,0.021,Fairway,roll,0.000,0
1641,6.8218,-11.338,9.736,12.371,0.000,9.714,0.021,Fairway,roll,0.000,0
1642,6.8259,-11.339,9.736,12.370,0.000,9.714,0.021,Fairway,roll,0.000,0
1643,6.8301,-11.339,9.736,12.370,0.000,9.714,0.021,Fairway,roll,0.000,0
1644,6.8343,-11.340,9.736,12.370,0.000,9.714,0.021,Fairway,roll,0.000,0
1645,6.8384,-11.341,9.736,12.370,0.000,9.714,0.021,Fairway,roll,0.000,0
1646,6.8426,-11.342,9.736,12.369,0.000,9.714,0.021,Fairway,roll,0.000,0
1647,6.8468,-11.342,9.735,12.369,0.000,9.714,0.021,Fairway,roll,0.000,0
1648,6.8509,-11.343,9.735,12.369,0.000,9.714,0.021,Fairway,roll,0.000,0
1649,6.8551,-11.344,9.735,12.368,0.000,9.714,0.021,Fairway,roll,0.000,0
1650,6.8593,-11.345,9.735,12.368,0.000,9.714,0.021,Fairway,roll,0.000,0
1651,6.8634,-11.345,9.735,12.368,0.000,9.714,0.021,Fairway,roll,0.000,0
1652,6.8676,-11.346,9.735,12.367,0.000,9.714,0.021,Fairway,roll,0.000,0
1653,6.8718,-11.347,9.735,12.367,0.000,9.714,0.021,Fairway,roll,0.000,0
1654,6.8759,-11.348,9.735,12.367,0.000,9.714,0.021,Fairway,roll,0.000,0
1655,6.8801,-11.348,9.735,12.367,0.000,9.714,0.021,Fairway,roll,0.000,0
1656,6.8843,-11.349,9.735,12.366,0.000,9.714,0.021,Fairway,roll,0.000,0
1657,6.8884,-11.350,9.735,12.366,0.000,9.714,0.021,Fairway,roll,0.000,0
1658,6.8926,-11.351,9.735,12.366,0.000,9.714,0.021,Fairway,roll,0.000,0
1659,6.8968,-11.351,9.735,12.365,0.000,9.714,0.021,Fairway,roll,0.000,0
1660,6.9009,-11.352,9.735,12.365,0.000,9.714,0.021,Fairway,roll,0.000,0
1661,6.9051,-11.353,9.735,12.365,0.000,9.714,0.021,Fairway,roll,0.000,0
1662,6.9093,-11.353,9.735,12.364,0.000,9.714,0.021,Fairway,roll,0.000,0
1663,6.9134,-11.354,9.735,12.364,0.000,9.714,0.021,Fairway,roll,0.000,0
1664,6.9176,-11.355,9.735,12.364,0.000,9.714,0.021,Fairway,roll,0.000,0
1665,6.9218,-11.356,9.735,12.363,0.000,9.714,0.021,Fairway,roll,0.000,0
1666,6.9259,-11.356,9.735,12.363,0.000,9.714,0.021,Fairway,roll,0.000,0
1667,6.9301,-11.357,9.735,12.363,0.000,9.714,0.021,Fairway,roll,0.000,0
1668,6.9343,-11.358,9.735,12.363,0.000,9.714,0.021,Fairway,roll,0.000,0
1669,6.9384,-11.359,9.735,12.362,0.000,9.714,0.021,Fairway,roll,0.000,0
1670,6.9426,-11.359,9.735,12.362,0.000,9.714,0.021,Fairway,roll,0.000,0
1671,6.9467,-11.360,9.735,12.362,0.000,9.714,0.021,Fairway,roll,0.000,0
1672,6.9509,-11.361,9.735,12.361,0.000,9.714,0.021,Fairway,roll,0.000,0
1673,6.9551,-11.362,9.735,12.361,0.000,9.714,0.021,Fairway,roll,0.000,0
1674,6.9592,-11.362,9.735,12.361,0.000,9.714,0.021,Fairway,roll,0.000,0
1675,6.9634,-11.363,9.735,12.360,0.000,9.714,0.021,Fairway,roll,0.000,0
1676,6.9676,-11.364,9.735,12.360,0.000,9.714,0.021,Fairway,roll,0.000,0
1677,6.9717,-11.364,9.735,12.360,0.000,9.714,0.021,Fairway,roll,0.000,0
1678,6.9759,-11.365,9.735,12.359,0.000,9.714,0.021,Fairway,roll,0.000,0
1679,6.9801,-11.366,9.735,12.359,0.000,9.713,0.021,Fairway,roll,0.000,0
1680,6.9842,-11.367,9.735,12.359,0.000,9.713,0.021,Fairway,roll,0.000,0
1681,6.9884,-11.367,9.735,12.359,0.000,9.713,0.021,Fairway,roll,0.000,0
1682,6.9926,-11.368,9.735,12.358,0.000,9.713,0.021,Fairway,roll,0.000,0
1683,6.9967,-11.369,9.735,12.358,0.000,9.713,0.021,Fairway,roll,0.000,0
1684,7.0009,-11.370,9.735,12.358,0.000,9.713,0.021,Fairway,roll,0.000,0
1685,7.0051,-11.370,9.735,12.357,0.000,9.713,0.021,Fairway,roll,0.000,0
1686,7.0092,-11.371,9.735,12.357,0.000,9.713,0.021,Fairway,roll,0.000,0
1687,7.0134,-11.372,9.735,12.357,0.000,9.713,0.021,Fairway,roll,0.000,0
1688,7.0176,-11.372,9.735,12.356,0.000,9.713,0.021,Fairway,roll,0.000,0
1689,7.0217,-11.373,9.735,12.356,0.000,9.713,0.021,Fairway,roll,0.000,0
1690,7.0259,-11.374,9.735,12.356,0.000,9.713,0.021,Fairway,roll,0.000,0
1691,7.0301,-11.375,9.735,12.356,0.000,9.713,0.021,Fairway,roll,0.000,0
1692,7.0342,-11.375,9.735,12.355,0.000,9.713,0.021,Fairway,roll,0.000,0
1693,7.0384,-11.376,9.735,12.355,0.000,9.713,0.021,Fairway,roll,0.000,0
1694,7.0426,-11.377,9.735,12.355,0.000,9.713,0.021,Fairway,roll,0.000,0
1695,7.0467,-11.377,9.734,12.354,0.000,9.713,0.021,Fairway,roll,0.000,0
1696,7.0509,-11.378,9.734,12.354,0.000,9.713,0.021,Fairway,roll,0.000,0
1697,7.0551,-11.379,9.734,12.354,0.000,9.713,0.021,Fairway,roll,0.000,0
1698,7.0592,-11.380,9.734,12.353,0.000,9.713,0.021,Fairway,roll,0.000,0
1699,7.0634,-11.380,9.734,12.353,0.000,9.713,0.021,Fairway,roll,0.000,0
1700,7.0676,-11.381,9.734,12.353,0.000,9.713,0.021,Fairway,roll,0.000,0
1701,7.0717,-11.382,9.734,12.352,0.000,9.713,0.021,Fairway,roll,0.000,0
1702,7.0759,-11.382,9.734,12.352,0.000,9.713,0.021,Fairway,roll,0.000,0
1703,7.0800,-11.383,9.734,12.352,0.000,9.713,0.021,Fairway,roll,0.000,0
1704,7.0842,-11.384,9.734,12.352,0.000,9.713,0.021,Fairway,roll,0.000,0
1705,7.0884,-11.385,9.734,12.351,0.000,9.713,0.021,Fairway,roll,0.000,0
1706,7.0925,-11.385,9.734,12.351,0.000,9.713,0.021,Fairway,roll,0.000,0
1707,7.0967,-11.386,9.734,12.351,0.000,9.713,0.021,Fairway,roll,0.000,0
1708,7.1009,-11.387,9.734,12.350,0.000,9.713,0.021,Fairway,roll,0.000,0
1709,7.1050,-11.387,9.734,12.350,0.000,9.713,0.021,Fairway,roll,0.000,0
1710,7.1092,-11.388,9.734,12.350,0.000,9.713,0.021,Fairway,roll,0.000,0
1711,7.1134,-11.389,9.734,12.349,0.000,9.713,0.021,Fairway,roll,0.000,0
1712,7.1175,-11.390,9.734,12.349,0.000,9.713,0.021,Fairway,roll,0.000,0
1713,7.1217,-11.390,9.734,12.349,0.000,9.713,0.021,Fairway,roll,0.000,0
1714,7.1259,-11.391,9.734,12.349,0.000,9.713,0.021,Fairway,roll,0.000,0
1715,7.1300,-11.392,9.734,12.348,0.000,9.713,0.021,Fairway,roll,0.000,0
1716,7.1342,-11.392,9.734,12.348,0.000,9.713,0.021,Fairway,roll,0.000,0
1717,7.1384,-11.393,9.734,12.348,0.000,9.713,0.021,Fairway,roll,0.000,0
1718,7.1425,-11.394,9.734,12.347,0.000,9.713,0.021,Fairway,roll,0.000,0
1719,7.1467,-11.394,9.734,12.347,0.000,9.713,0.021,Fairway,roll,0.000,0
1720,7.1509,-11.395,9.734,12.347,0.000,9.712,0.021,Fairway,roll,0.000,0
1721,7.1550,-11.396,9.734,12.347,0.000,9.712,0.021,Fairway,roll,0.000,0
1722,7.1592,-11.397,9.734,12.346,0.000,9.712,0.021,Fairway,roll,0.000,0
1723,7.1634,-11.397,9.734,12.346,0.000,9.712,0.021,Fairway,roll,0.000,0
1724,7.1675,-11.398,9.734,12.346,0.000,9.712,0.021,Fairway,roll,0.000,0
1725,7.1717,-11.399,9.734,12.345,0.000,9.712,0.021,Fairway,roll,0.000,0
1726,7.1759,-11.399,9.734,12.345,0.000,9.712,0.021,Fairway,roll,0.000,0
1727,7.1800,-11.400,9.734,12.345,0.000,9.712,0.021,Fairway,roll,0.000,0
1728,7.1842,-11.401,9.734,12.345,0.000,9.712,0.021,Fairway,roll,0.000,0
1729,7.1884,-11.401,9.734,12.344,0.000,9.712,0.021,Fairway,roll,0.000,0
1730,7.1925,-11.402,9.734,12.344,0.000,9.712,0.021,Fairway,roll,0.000,0
1731,7.1967,-11.403,9.734,12.344,0.000,9.712,0.021,Fairway,roll,0.000,0
1732,7.2009,-11.404,9.734,12.343,0.000,9.712,0.021,Fairway,roll,0.000,0
1733,7.2050,-11.404,9.734,12.343,0.000,9.712,0.021,Fairway,roll,0.000,0
1734,7.2092,-11.405,9.734,12.343,0.000,9.712,0.021,Fairway,roll,0.000,0
1735,7.2133,-11.406,9.734,12.342,0.000,9.712,0.021,Fairway,roll,0.000,0
1736,7.2175,-11.406,9.734,12.342,0.000,9.712,0.021,Fairway,roll,0.000,0
1737,7.2217,-11.407,9.734,12.342,0.000,9.712,0.021,Fairway,roll,0.000,0
1738,7.2258,-11.408,9.734,12.342,0.000,9.712,0.021,Fairway,roll,0.000,0
1739,7.2300,-11.409,9.734,12.341,0.000,9.712,0.021,Fairway,roll,0.000,0
1740,7.2342,-11.409,9.734,12.341,0.000,9.712,0.021,Fairway,roll,0.000,0
1741,7.2383,-11.410,9.734,12.341,0.000,9.712,0.021,Fairway,roll,0.000,0
1742,7.2425,-11.411,9.734,12.340,0.000,9.712,0.021,Fairway,roll,0.000,0
1743,7.2467,-11.411,9.734,12.340,0.000,9.712,0.021,Fairway,roll,0.000,0
1744,7.2508,-11.412,9.734,12.340,0.000,9.712,0.021,Fairway,roll,0.000,0
1745,7.2550,-11.413,9.733,12.340,0.000,9.712,0.021,Fairway,roll,0.000,0
1746,7.2592,-11.413,9.733,12.339,0.000,9.712,0.021,Fairway,roll,0.000,0
1747,7.2633,-11.414,9.733,12.339,0.000,9.712,0.021,Fairway,roll,0.000,0
1748,7.2675,-11.415,9.733,12.339,0.000,9.712,0.021,Fairway,roll,0.000,0
1749,7.2717,-11.415,9.733,12.338,0.000,9.712,0.021,Fairway,roll,0.000,0
1750,7.2758,-11.416,9.733,12.338,0.000,9.712,0.021,Fairway,roll,0.000,0
1751,7.2800,-11.417,9.733,12.338,0.000,9.712,0.021,Fairway,roll,0.000,0
1752,7.2842,-11.417,9.733,12.338,0.000,9.712,0.021,Fairway,roll,0.000,0
1753,7.2883,-11.418,9.733,12.337,0.000,9.712,0.021,Fairway,roll,0.000,0
1754,7.2925,-11.419,9.733,12.337,0.000,9.712,0.021,Fairway,roll,0.000,0
1755,7.2967,-11.419,9.733,12.337,0.000,9.712,0.021,Fairway,roll,0.000,0
1756,7.3008,-11.420,9.733,12.336,0.000,9.712,0.021,Fairway,roll,0.000,0
1757,7.3050,-11.421,9.733,12.336,0.000,9.712,0.021,Fairway,roll,0.000,0
1758,7.3092,-11.422,9.733,12.336,0.000,9.712,0.021,Fairway,roll,0.000,0
1759,7.3133,-11.422,9.733,12.336,0.000,9.712,0.021,Fairway,roll,0.000,0
1760,7.3175,-11.423,9.733,12.335,0.000,9.712,0.021,Fairway,roll,0.000,0
1761,7.3217,-11.424,9.733,12.335,0.000,9.712,0.021,Fairway,roll,0.000,0
1762,7.3258,-11.424,9.733,12.335,0.000,9.712,0.021,Fairway,roll,0.000,0
1763,7.3300,-11.425,9.733,12.334,0.000,9.712,0.021,Fairway,roll,0.000,0
1764,7.3342,-11.426,9.733,12.334,0.000,9.712,0.021,Fairway,roll,0.000,0
1765,7.3383,-11.426,9.733,12.334,0.000,9.712,0.021,Fairway,roll,0.000,0
1766,7.3425,-11.427,9.733,12.334,0.000,9.712,0.021,Fairway,roll,0.000,0
1767,7.3466,-11.428,9.733,12.333,0.000,9.712,0.021,Fairway,roll,0.000,0
1768,7.3508,-11.428,9.733,12.333,0.000,9.712,0.021,Fairway,roll,0.000,0
1769,7.3550,-11.429,9.733,12.333,0.000,9.712,0.021,Fairway,roll,0.000,0
1770,7.3591,-11.430,9.733,12.332,0.000,9.711,0.021,Fairway,roll,0.000,0
1771,7.3633,-11.430,9.733,12.332,0.000,9.711,0.021,Fairway,roll,0.000,0
1772,7.3675,-11.431,9.733,12.332,0.000,9.711,0.021,Fairway,roll,0.000,0
1773,7.3716,-11.432,9.733,12.331,0.000,9.711,0.021,Fairway,roll,0.000,0
1774,7.3758,-11.433,9.733,12.331,0.000,9.711,0.021,Fairway,roll,0.000,0
1775,7.3800,-11.433,9.733,12.331,0.000,9.711,0.021,Fairway,roll,0.000,0
1776,7.3841,-11.434,9.733,12.331,0.000,9.711,0.021,Fairway,roll,0.000,0
1777,7.3883,-11.435,9.733,12.330,0.000,9.711,0.021,Fairway,roll,0.000,0
1778,7.3925,-11.435,9.733,12.330,0.000,9.711,0.021,Fairway,roll,0.000,0
1779,7.3966,-11.436,9.733,12.330,0.000,9.711,0.021,Fairway,roll,0.000,0
1780,7.4008,-11.437,9.733,12.329,0.000,9.711,0.021,Fairway,roll,0.000,0
1781,7.4050,-11.437,9.733,12.329,0.000,9.711,0.021,Fairway,roll,0.000,0
1782,7.4091,-11.438,9.733,12.329,0.000,9.711,0.021,Fairway,roll,0.000,0
1783,7.4133,-11.439,9.733,12.329,0.000,9.711,0.021,Fairway,roll,0.000,0
1784,7.4175,-11.439,9.733,12.328,0.000,9.711,0.021,Fairway,roll,0.000,0
1785,7.4216,-11.440,9.733,12.328,0.000,9.711,0.021,Fairway,roll,0.000,0
1786,7.4258,-11.441,9.733,12.328,0.000,9.711,0.021,Fairway,roll,0.000,0
1787,7.4300,-11.441,9.732,12.327,0.000,9.711,0.021,Fairway,roll,0.000,0
1788,7.4341,-11.442,9.732,12.327,0.000,9.711,0.021,Fairway,roll,0.000,0
1789,7.4383,-11.443,9.732,12.327,0.000,9.711,0.021,Fairway,roll,0.000,0
1790,7.4425,-11.443,9.732,12.327,0.000,9.711,0.021,Fairway,roll,0.000,0
1791,7.4466,-11.444,9.732,12.326,0.000,9.711,0.021,Fairway,roll,0.000,0
1792,7.4508,-11.445,9.732,12.326,0.000,9.711,0.021,Fairway,roll,0.000,0
1793,7.4550,-11.445,9.732,12.326,0.000,9.711,0.021,Fairway,roll,0.000,0
1794,7.4591,-11.446,9.732,12.325,0.000,9.711,0.021,Fairway,roll,0.000,0
1795,7.4633,-11.447,9.732,12.325,0.000,9.711,0.021,Fairway,roll,0.000,0
1796,7.4675,-11.447,9.732,12.325,0.000,9.711,0.021,Fairway,roll,0.000,0
1797,7.4716,-11.448,9.732,12.325,0.000,9.711,0.021,Fairway,roll,0.000,0
1798,7.4758,-11.449,9.732,12.324,0.000,9.711,0.021,Fairway,roll,0.000,0
1799,7.4800,-11.449,9.732,12.324,0.000,9.711,0.021,Fairway,roll,0.000,0
1800,7.4841,-11.450,9.732,12.324,0.000,9.711,0.021,Fairway,roll,0.000,0
1801,7.4883,-11.451,9.732,12.324,0.000,9.711,0.021,Fairway,roll,0.000,0
1802,7.4924,-11.451,9.732,12.323,0.000,9.711,0.021,Fairway,roll,0.000,0
1803,7.4966,-11.452,9.732,12.323,0.000,9.711,0.021,Fairway,roll,0.000,0
1804,7.5008,-11.453,9.732,12.323,0.000,9.711,0.021,Fairway,roll,0.000,0
1805,7.5049,-11.453,9.732,12.322,0.000,9.711,0.021,Fairway,roll,0.000,0
1806,7.5091,-11.454,9.732,12.322,0.000,9.711,0.021,Fairway,roll,0.000,0
1807,7.5133,-11.455,9.732,12.322,0.000,9.711,0.021,Fairway,roll,0.000,0
1808,7.5174,-11.455,9.732,12.322,0.000,9.711,0.021,Fairway,roll,0.000,0
1809,7.5216,-11.456,9.732,12.321,0.000,9.711,0.021,Fairway,roll,0.000,0
1810,7.5258,-11.457,9.732,12.321,0.000,9.711,0.021,Fairway,roll,0.000,0
1811,7.5299,-11.457,9.732,12.321,0.000,9.711,0.021,Fairway,roll,0.000,0
1812,7.5341,-11.458,9.732,12.321,0.000,9.711,0.021,Fairway,roll,0.000,0
1813,7.5383,-11.459,9.732,12.320,0.000,9.711,0.021,Fairway,roll,0.000,0
1814,7.5424,-11.459,9.732,12.320,0.000,9.711,0.021,Fairway,roll,0.000,0
1815,7.5466,-11.460,9.732,12.320,0.000,9.711,0.021,Fairway,roll,0.000,0
1816,7.5508,-11.461,9.732,12.319,0.000,9.710,0.021,Fairway,roll,0.000,0
1817,7.5549,-11.461,9.732,12.319,0.000,9.710,0.021,Fairway,roll,0.000,0
1818,7.5591,-11.462,9.732,12.319,0.000,9.710,0.021,Fairway,roll,0.000,0
1819,7.5633,-11.462,9.732,12.319,0.000,9.710,0.021,Fairway,roll,0.000,0
1820,7.5674,-11.463,9.732,12.318,0.000,9.710,0.021,Fairway,roll,0.000,0
1821,7.5716,-11.464,9.732,12.318,0.000,9.710,0.021,Fairway,roll,0.000,0
1822,7.5758,-11.464,9.732,12.318,0.000,9.710,0.021,Fairway,roll,0.000,0
1823,7.5799,-11.465,9.732,12.317,0.000,9.710,0.021,Fairway,roll,0.000,0
1824,7.5841,-11.466,9.732,12.317,0.000,9.710,0.021,Fairway,roll,0.000,0
1825,7.5883,-11.466,9.732,12.317,0.000,9.710,0.021,Fairway,roll,0.000,0
1826,7.5924,-11.467,9.732,12.317,0.000,9.710,0.021,Fairway,roll,0.000,0
1827,7.5966,-11.468,9.732,12.316,0.000,9.710,0.021,Fairway,roll,0.000,0
1828,7.6008,-11.468,9.732,12.316,0.000,9.710,0.021,Fairway,roll,0.000,0
1829,7.6049,-11.469,9.732,12.316,0.000,9.710,0.021,Fairway,roll,0.000,0
1830,7.6091,-11.470,9.732,12.316,0.000,9.710,0.021,Fairway,roll,0.000,0
1831,7.6133,-11.470,9.731,12.315,0.000,9.710,0.021,Fairway,roll,0.000,0
1832,7.6174,-11.471,9.731,12.315,0.000,9.710,0.021,Fairway,roll,0.000,0
1833,7.6216,-11.472,9.731,12.315,0.000,9.710,0.021,Fairway,roll,0.000,0
1834,7.6257,-11.472,9.731,12.314,0.000,9.710,0.021,Fairway,roll,0.000,0
1835,7.6299,-11.473,9.731,12.314,0.000,9.710,0.021,Fairway,roll,0.000,0
1836,7.6341,-11.474,9.731,12.314,0.000,9.710,0.021,Fairway,roll,0.000,0
1837,7.6382,-11.474,9.731,12.314,0.000,9.710,0.021,Fairway,roll,0.000,0
1838,7.6424,-11.475,9.731,12.313,0.000,9.710,0.021,Fairway,roll,0.000,0
1839,7.6466,-11.476,9.731,12.313,0.000,9.710,0.021,Fairway,roll,0.000,0
1840,7.6507,-11.476,9.731,12.313,0.000,9.710,0.021,Fairway,roll,0.000,0
1841,7.6549,-11.477,9.731,12.313,0.000,9.710,0.021,Fairway,roll,0.000,0
1842,7.6591,-11.478,9.731,12.312,0.000,9.710,0.021,Fairway,roll,0.000,0
1843,7.6632,-11.478,9.731,12.312,0.000,9.710,0.021,Fairway,roll,0.000,0
1844,7.6674,-11.479,9.731,12.312,0.000,9.710,0.021,Fairway,roll,0.000,0
1845,7.6716,-11.479,9.731,12.311,0.000,9.710,0.021,Fairway,roll,0.000,0
1846,7.6757,-11.480,9.731,12.311,0.000,9.710,0.021,Fairway,roll,0.000,0
1847,7.6799,-11.481,9.731,12.311,0.000,9.710,0.021,Fairway,roll,0.000,0
1848,7.6841,-11.481,9.731,12.311,0.000,9.710,0.021,Fairway,roll,0.000,0
1849,7.6882,-11.482,9.731,12.310,0.000,9.710,0.021,Fairway,roll,0.000,0
1850,7.6924,-11.483,9.731,12.310,0.000,9.710,0.021,Fairway,roll,0.000,0
1851,7.6966,-11.483,9.731,12.310,0.000,9.710,0.021,Fairway,roll,0.000,0
1852,7.7007,-11.484,9.731,12.310,0.000,9.710,0.021,Fairway,roll,0.000,0
1853,7.7049,-11.485,9.731,12.309,0.000,9.710,0.021,Fairway,roll,0.000,0
1854,7.7091,-11.485,9.731,12.309,0.000,9.710,0.021,Fairway,roll,0.000,0
1855,7.7132,-11.486,9.731,12.309,0.000,9.710,0.021,Fairway,roll,0.000,0
1856,7.7174,-11.487,9.731,12.308,0.000,9.710,0.021,Fairway,roll,0.000,0
1857,7.7216,-11.487,9.731,12.308,0.000,9.710,0.021,Fairway,roll,0.000,0
1858,7.7257,-11.488,9.731,12.308,0.000,9.710,0.021,Fairway,roll,0.000,0
1859,7.7299,-11.488,9.731,12.308,0.000,9.710,0.021,Fairway,roll,0.000,0
1860,7.7341,-11.489,9.731,12.307,0.000,9.710,0.021,Fairway,roll,0.000,0
1861,7.7382,-11.490,9.731,12.307,0.000,9.710,0.021,Fairway,roll,0.000,0
1862,7.7424,-11.490,9.731,12.307,0.000,9.710,0.021,Fairway,roll,0.000,0
1863,7.7466,-11.491,9.731,12.307,0.000,9.710,0.021,Fairway,roll,0.000,0
1864,7.7507,-11.492,9.731,12.306,0.000,9.709,0.021,Fairway,roll,0.000,0
1865,7.7549,-11.492,9.731,12.306,0.000,9.709,0.021,Fairway,roll,0.000,0
1866,7.7590,-11.493,9.731,12.306,0.000,9.709,0.021,Fairway,roll,0.000,0
1867,7.7632,-11.494,9.731,12.305,0.000,9.709,0.021,Fairway,roll,0.000,0
1868,7.7674,-11.494,9.731,12.305,0.000,9.709,0.021,Fairway,roll,0.000,0
1869,7.7715,-11.495,9.731,12.305,0.000,9.709,0.021,Fairway,roll,0.000,0
1870,7.7757,-11.496,9.731,12.305,0.000,9.709,0.021,Fairway,roll,0.000,0
1871,7.7799,-11.496,9.731,12.304,0.000,9.709,0.021,Fairway,roll,0.000,0
1872,7.7840,-11.497,9.731,12.304,0.000,9.709,0.021,Fairway,roll,0.000,0
1873,7.7882,-11.497,9.731,12.304,0.000,9.709,0.021,Fairway,roll,0.000,0
1874,7.7924,-11.498,9.731,12.304,0.000,9.709,0.021,Fairway,roll,0.000,0
1875,7.7965,-11.499,9.731,12.303,0.000,9.709,0.021,Fairway,roll,0.000,0
1876,7.8007,-11.499,9.731,12.303,0.000,9.709,0.021,Fairway,roll,0.000,0
1877,7.8049,-11.500,9.731,12.303,0.000,9.709,0.021,Fairway,roll,0.000,0
1878,7.8090,-11.501,9.730,12.303,0.000,9.709,0.021,Fairway,roll,0.000,0
1879,7.8132,-11.501,9.730,12.302,0.000,9.709,0.021,Fairway,roll,0.000,0
1880,7.8174,-11.502,9.730,12.302,0.000,9.709,0.021,Fairway,roll,0.000,0
1881,7.8215,-11.502,9.730,12.302,0.000,9.709,0.021,Fairway,roll,0.000,0
1882,7.8257,-11.503,9.730,12.301,0.000,9.709,0.021,Fairway,roll,0.000,0
1883,7.8299,-11.504,9.730,12.301,0.000,9.709,0.021,Fairway,roll,0.000,0
1884,7.8340,-11.504,9.730,12.301,0.000,9.709,0.021,Fairway,roll,0.000,0
1885,7.8382,-11.505,9.730,12.301,0.000,9.709,0.021,Fairway,roll,0.000,0
1886,7.8424,-11.506,9.730,12.300,0.000,9.709,0.021,Fairway,roll,0.000,0
1887,7.8465,-11.506,9.730,12.300,0.000,9.709,0.021,Fairway,roll,0.000,0
1888,7.8507,-11.507,9.730,12.300,0.000,9.709,0.021,Fairway,roll,0.000,0
1889,7.8549,-11.507,9.730,12.300,0.000,9.709,0.021,Fairway,roll,0.000,0
1890,7.8590,-11.508,9.730,12.299,0.000,9.709,0.021,Fairway,roll,0.000,0
1891,7.8632,-11.509,9.730,12.299,0.000,9.709,0.021,Fairway,roll,0.000,0
1892,7.8674,-11.509,9.730,12.299,0.000,9.709,0.021,Fairway,roll,0.000,0
1893,7.8715,-11.510,9.730,12.299,0.000,9.709,0.021,Fairway,roll,0.000,0
1894,7.8757,-11.511,9.730,12.298,0.000,9.709,0.021,Fairway,roll,0.000,0
1895,7.8799,-11.511,9.730,12.298,0.000,9.709,0.021,Fairway,roll,0.000,0
1896,7.8840,-11.512,9.730,12.298,0.000,9.709,0.021,Fairway,roll,0.000,0
1897,7.8882,-11.512,9.730,12.298,0.000,9.709,0.021,Fairway,roll,0.000,0
1898,7.8923,-11.513,9.730,12.297,0.000,9.709,0.021,Fairway,roll,0.000,0
1899,7.8965,-11.514,9.730,12.297,0.000,9.709,0.021,Fairway,roll,0.000,0
1900,7.9007,-11.514,9.730,12.297,0.000,9.709,0.021,Fairway,roll,0.000,0
1901,7.9048,-11.515,9.730,12.297,0.000,9.709,0.021,Fairway,roll,0.000,0
1902,7.9090,-11.516,9.730,12.296,0.000,9.709,0.021,Fairway,roll,0.000,0
1903,7.9132,-11.516,9.730,12.296,0.000,9.709,0.021,Fairway,roll,0.000,0
1904,7.9173,-11.517,9.730,12.296,0.000,9.709,0.021,Fairway,roll,0.000,0
1905,7.9215,-11.517,9.730,12.296,0.000,9.709,0.021,Fairway,roll,0.000,0
1906,7.9257,-11.518,9.730,12.295,0.000,9.708,0.021,Fairway,roll,0.000,0
1907,7.9298,-11.519,9.730,12.295,0.000,9.708,0.021,Fairway,roll,0.000,0
1908,7.9340,-11.519,9.730,12.295,0.000,9.708,0.021,Fairway,roll,0.000,0
1909,7.9382,-11.520,9.730,12.294,0.000,9.708,0.021,Fairway,roll,0.000,0
1910,7.9423,-11.521,9.730,12.294,0.000,9.708,0.021,Fairway,roll,0.000,0
1911,7.9465,-11.521,9.730,12.294,0.000,9.708,0.021,Fairway,roll,0.000,0
1912,7.9507,-11.522,9.730,12.294,0.000,9.708,0.021,Fairway,roll,0.000,0
1913,7.9548,-11.522,9.730,12.293,0.000,9.708,0.021,Fairway,roll,0.000,0
1914,7.9590,-11.523,9.730,12.293,0.000,9.708,0.021,Fairway,roll,0.000,0
1915,7.9632,-11.524,9.730,12.293,0.000,9.708,0.021,Fairway,roll,0.000,0
1916,7.9673,-11.524,9.730,12.293,0.000,9.708,0.021,Fairway,roll,0.000,0
1917,7.9715,-11.525,9.730,12.292,0.000,9.708,0.021,Fairway,roll,0.000,0
1918,7.9757,-11.525,9.730,12.292,0.000,9.708,0.021,Fairway,roll,0.000,0
1919,7.9798,-11.526,9.730,12.292,0.000,9.708,0.021,Fairway,roll,0.000,0
1920,7.9840,-11.527,9.730,12.292,0.000,9.708,0.021,Fairway,roll,0.000,0
1921,7.9882,-11.527,9.729,12.291,0.000,9.708,0.021,Fairway,roll,0.000,0
1922,7.9923,-11.528,9.729,12.291,0.000,9.708,0.021,Fairway,roll,0.000,0
1923,7.9965,-11.528,9.729,12.291,0.000,9.708,0.021,Fairway,roll,0.000,0
1924,8.0007,-11.529,9.729,12.291,0.000,9.708,0.021,Fairway,roll,0.000,0
1925,8.0048,-11.530,9.729,12.290,0.000,9.708,0.021,Fairway,roll,0.000,0
1926,8.0090,-11.530,9.729,12.290,0.000,9.708,0.021,Fairway,roll,0.000,0
1927,8.0132,-11.531,9.729,12.290,0.000,9.708,0.021,Fairway,roll,0.000,0
1928,8.0173,-11.532,9.729,12.290,0.000,9.708,0.021,Fairway,roll,0.000,0
1929,8.0215,-11.532,9.729,12.289,0.000,9.708,0.021,Fairway,roll,0.000,0
1930,8.0257,-11.533,9.729,12.289,0.000,9.708,0.021,Fairway,roll,0.000,0
1931,8.0298,-11.533,9.729,12.289,0.000,9.708,0.021,Fairway,roll,0.000,0
1932,8.0340,-11.534,9.729,12.289,0.000,9.708,0.021,Fairway,roll,0.000,0
1933,8.0381,-11.535,9.729,12.288,0.000,9.708,0.021,Fairway,roll,0.000,0
1934,8.0423,-11.535,9.729,12.288,0.000,9.708,0.021,Fairway,roll,0.000,0
1935,8.0465,-11.536,9.729,12.288,0.000,9.708,0.021,Fairway,roll,0.000,0
1936,8.0506,-11.536,9.729,12.287,0.000,9.708,0.021,Fairway,roll,0.000,0
1937,8.0548,-11.537,9.729,12.287,0.000,9.708,0.021,Fairway,roll,0.000,0
1938,8.0590,-11.538,9.729,12.287,0.000,9.708,0.021,Fairway,roll,0.000,0
1939,8.0631,-11.538,9.729,12.287,0.000,9.708,0.021,Fairway,roll,0.000,0
1940,8.0673,-11.539,9.729,12.286,0.000,9.708,0.021,Fairway,roll,0.000,0
1941,8.0715,-11.539,9.729,12.286,0.000,9.708,0.021,Fairway,roll,0.000,0
1942,8.0756,-11.540,9.729,12.286,0.000,9.708,0.021,Fairway,roll,0.000,0
1943,8.0798,-11.541,9.729,12.286,0.000,9.708,0.021,Fairway,roll,0.000,0
1944,8.0840,-11.541,9.729,12.285,0.000,9.708,0.021,Fairway,roll,0.000,0
1945,8.0881,-11.542,9.729,12.285,0.000,9.708,0.021,Fairway,roll,0.000,0
1946,8.0923,-11.542,9.729,12.285,0.000,9.708,0.021,Fairway,roll,0.000,0
1947,8.0965,-11.543,9.729,12.285,0.000,9.708,0.021,Fairway,roll,0.000,0
1948,8.1006,-11.544,9.729,12.284,0.000,9.708,0.021,Fairway,roll,0.000,0
1949,8.1048,-11.544,9.729,12.284,0.000,9.708,0.021,Fairway,roll,0.000,0
1950,8.1090,-11.545,9.729,12.284,0.000,9.708,0.021,Fairway,roll,0.000,0
1951,8.1131,-11.545,9.729,12.284,0.000,9.707,0.021,Fairway,roll,0.000,0
1952,8.1173,-11.546,9.729,12.283,0.000,9.707,0.021,Fairway,roll,0.000,0
1953,8.1215,-11.547,9.729,12.283,0.000,9.707,0.021,Fairway,roll,0.000,0
1954,8.1256,-11.547,9.729,12.283,0.000,9.707,0.021,Fairway,roll,0.000,0
1955,8.1298,-11.548,9.729,12.283,0.000,9.707,0.021,Fairway,roll,0.000,0
1956,8.1340,-11.548,9.729,12.282,0.000,9.707,0.021,Fairway,roll,0.000,0
1957,8.1381,-11.549,9.729,12.282,0.000,9.707,0.021,Fairway,roll,0.000,0
1958,8.1423,-11.550,9.729,12.282,0.000,9.707,0.021,Fairway,roll,0.000,0
1959,8.1465,-11.550,9.729,12.282,0.000,9.707,0.021,Fairway,roll,0.000,0
1960,8.1506,-11.551,9.729,12.281,0.000,9.707,0.021,Fairway,roll,0.000,0
1961,8.1548,-11.551,9.729,12.281,0.000,9.707,0.021,Fairway,roll,0.000,0
1962,8.1590,-11.552,9.729,12.281,0.000,9.707,0.021,Fairway,roll,0.000,0
1963,8.1631,-11.553,9.729,12.280,0.000,9.707,0.021,Fairway,roll,0.000,0
1964,8.1673,-11.553,9.729,12.280,0.000,9.707,0.021,Fairway,roll,0.000,0
1965,8.1714,-11.554,9.729,12.280,0.000,9.707,0.021,Fairway,roll,0.000,0
1966,8.1756,-11.554,9.729,12.280,0.000,9.707,0.021,Fairway,roll,0.000,0
1967,8.1798,-11.555,9.729,12.279,0.000,9.707,0.021,Fairway,roll,0.000,0
1968,8.1839,-11.556,9.729,12.279,0.000,9.707,0.021,Fairway,roll,0.000,0
1969,8.1881,-11.556,9.729,12.279,0.000,9.707,0.021,Fairway,roll,0.000,0
1970,8.1923,-11.557,9.729,12.279,0.000,9.707,0.021,Fairway,roll,0.000,0
1971,8.1964,-11.557,9.729,12.278,0.000,9.707,0.021,Fairway,roll,0.000,0
1972,8.2006,-11.558,9.729,12.278,0.000,9.707,0.021,Fairway,roll,0.000,0
1973,8.2048,-11.559,9.729,12.278,0.000,9.707,0.021,Fairway,roll,0.000,0
1974,8.2089,-11.559,9.729,12.278,0.000,9.707,0.021,Fairway,roll,0.000,0
1975,8.2131,-11.560,9.729,12.277,0.000,9.707,0.021,Fairway,roll,0.000,0
1976,8.2173,-11.560,9.729,12.277,0.000,9.707,0.021,Fairway,roll,0.000,0
1977,8.2214,-11.561,9.729,12.277,0.000,9.707,0.021,Fairway,roll,0.000,0
1978,8.2256,-11.562,9.729,12.277,0.000,9.707,0.021,Fairway,roll,0.000,0
1979,8.2298,-11.562,9.728,12.276,0.000,9.707,0.021,Fairway,roll,0.000,0
1980,8.2339,-11.563,9.728,12.276,0.000,9.707,0.021,Fairway,roll,0.000,0
1981,8.2381,-11.563,9.728,12.276,0.000,9.707,0.021,Fairway,roll,0.000,0
1982,8.2423,-11.564,9.728,12.276,0.000,9.707,0.021,Fairway,roll,0.000,0
1983,8.2464,-11.564,9.728,12.275,0.000,9.707,0.021,Fairway,roll,0.000,0
1984,8.2506,-11.565,9.728,12.275,0.000,9.707,0.021,Fairway,roll,0.000,0
1985,8.2548,-11.566,9.728,12.275,0.000,9.707,0.021,Fairway,roll,0.000,0
1986,8.2589,-11.566,9.728,12.275,0.000,9.707,0.021,Fairway,roll,0.000,0
1987,8.2631,-11.567,9.728,12.274,0.000,9.707,0.021,Fairway,roll,0.000,0
1988,8.2673,-11.567,9.728,12.274,0.000,9.707,0.021,Fairway,roll,0.000,0
1989,8.2714,-11.568,9.728,12.274,0.000,9.707,0.021,Fairway,roll,0.000,0
1990,8.2756,-11.569,9.728,12.274,0.000,9.707,0.021,Fairway,roll,0.000,0
1991,8.2798,-11.569,9.728,12.273,0.000,9.707,0.021,Fairway,roll,0.000,0
1992,8.2839,-11.570,9.728,12.273,0.000,9.707,0.021,Fairway,roll,0.000,0
1993,8.2881,-11.570,9.728,12.273,0.000,9.707,0.021,Fairway,roll,0.000,0
1994,8.2923,-11.571,9.728,12.273,0.000,9.707,0.021,Fairway,roll,0.000,0
1995,8.2964,-11.571,9.728,12.272,0.000,9.707,0.021,Fairway,roll,0.000,0
1996,8.3006,-11.572,9.728,12.272,0.000,9.707,0.021,Fairway,roll,0.000,0
1997,8.3047,-11.573,9.728,12.272,0.000,9.707,0.021,Fairway,roll,0.000,0
1998,8.3089,-11.573,9.728,12.272,0.000,9.707,0.021,Fairway,roll,0.000,0
1999,8.3131,-11.574,9.728,12.271,0.000,9.707,0.021,Fairway,roll,0.000,0
2000,8.3172,-11.574,9.728,12.271,0.000,9.707,0.021,Fairway,roll,0.000,0
2001,8.3214,-11.575,9.728,12.271,0.000,9.707,0.021,Fairway,roll,0.000,0
2002,8.3256,-11.576,9.728,12.271,0.000,9.707,0.021,Fairway,roll,0.000,0
2003,8.3297,-11.576,9.728,12.271,0.000,9.707,0.021,Fairway,roll,0.000,0
2004,8.3339,-11.577,9.728,12.270,0.000,9.707,0.021,Fairway,roll,0.000,0
2005,8.3381,-11.577,9.728,12.270,0.000,9.707,0.021,Fairway,roll,0.000,0
2006,8.3422,-11.578,9.728,12.270,0.000,9.707,0.021,Fairway,roll,0.000,0
2007,8.3464,-11.578,9.728,12.270,0.000,9.707,0.021,Fairway,roll,0.000,0
2008,8.3506,-11.579,9.728,12.269,0.000,9.707,0.021,Fairway,roll,0.000,0
2009,8.3547,-11.580,9.728,12.269,0.000,9.706,0.021,Fairway,roll,0.000,0
2010,8.3589,-11.580,9.728,12.269,0.000,9.706,0.021,Fairway,roll,0.000,0
2011,8.3631,-11.581,9.728,12.269,0.000,9.706,0.021,Fairway,roll,0.000,0
2012,8.3672,-11.581,9.728,12.268,0.000,9.706,0.021,Fairway,roll,0.000,0
2013,8.3714,-11.582,9.728,12.268,0.000,9.706,0.021,Fairway,roll,0.000,0
2014,8.3756,-11.582,9.728,12.268,0.000,9.706,0.021,Fairway,roll,0.000,0
2015,8.3797,-11.583,9.728,12.268,0.000,9.706,0.021,Fairway,roll,0.000,0
2016,8.3839,-11.584,9.728,12.267,0.000,9.706,0.021,Fairway,roll,0.000,0
2017,8.3881,-11.584,9.728,12.267,0.000,9.706,0.021,Fairway,roll,0.000,0
2018,8.3922,-11.585,9.728,12.267,0.000,9.706,0.021,Fairway,roll,0.000,0
2019,8.3964,-11.585,9.728,12.267,0.000,9.706,0.021,Fairway,roll,0.000,0
2020,8.4006,-11.586,9.728,12.266,0.000,9.706,0.021,Fairway,roll,0.000,0
2021,8.4047,-11.587,9.728,12.266,0.000,9.706,0.021,Fairway,roll,0.000,0
2022,8.4089,-11.587,9.728,12.266,0.000,9.706,0.021,Fairway,roll,0.000,0
2023,8.4131,-11.588,9.728,12.266,0.000,9.706,0.021,Fairway,roll,0.000,0
2024,8.4172,-11.588,9.727,12.265,0.000,9.706,0.021,Fairway,roll,0.000,0
2025,8.4214,-11.589,9.727,12.265,0.000,9.706,0.021,Fairway,roll,0.000,0
2026,8.4256,-11.589,9.727,12.265,0.000,9.706,0.021,Fairway,roll,0.000,0
2027,8.4297,-11.590,9.727,12.265,0.000,9.706,0.021,Fairway,roll,0.000,0
2028,8.4339,-11.590,9.727,12.264,0.000,9.706,0.021,Fairway,roll,0.000,0
2029,8.4380,-11.591,9.727,12.264,0.000,9.706,0.021,Fairway,roll,0.000,0
2030,8.4422,-11.592,9.727,12.264,0.000,9.706,0.021,Fairway,roll,0.000,0
2031,8.4464,-11.592,9.727,12.264,0.000,9.706,0.021,Fairway,roll,0.000,0
2032,8.4505,-11.593,9.727,12.263,0.000,9.706,0.021,Fairway,roll,0.000,0
2033,8.4547,-11.593,9.727,12.263,0.000,9.706,0.021,Fairway,roll,0.000,0
2034,8.4589,-11.594,9.727,12.263,0.000,9.706,0.021,Fairway,roll,0.000,0
2035,8.4630,-11.594,9.727,12.263,0.000,9.706,0.021,Fairway,roll,0.000,0
2036,8.4672,-11.595,9.727,12.262,0.000,9.706,0.021,Fairway,roll,0.000,0
2037,8.4714,-11.596,9.727,12.262,0.000,9.706,0.021,Fairway,roll,0.000,0
2038,8.4755,-11.596,9.727,12.262,0.000,9.706,0.021,Fairway,roll,0.000,0
2039,8.4797,-11.597,9.727,12.262,0.000,9.706,0.021,Fairway,roll,0.000,0
2040,8.4839,-11.597,9.727,12.261,0.000,9.706,0.021,Fairway,roll,0.000,0
2041,8.4880,-11.598,9.727,12.261,0.000,9.706,0.021,Fairway,roll,0.000,0
2042,8.4922,-11.598,9.727,12.261,0.000,9.706,0.021,Fairway,roll,0.000,0
2043,8.4964,-11.599,9.727,12.261,0.000,9.706,0.021,Fairway,roll,0.000,0
2044,8.5005,-11.600,9.727,12.261,0.000,9.706,0.021,Fairway,roll,0.000,0
2045,8.5047,-11.600,9.727,12.260,0.000,9.706,0.021,Fairway,roll,0.000,0
2046,8.5089,-11.601,9.727,12.260,0.000,9.706,0.021,Fairway,roll,0.000,0
2047,8.5130,-11.601,9.727,12.260,0.000,9.706,0.021,Fairway,roll,0.000,0
2048,8.5172,-11.602,9.727,12.260,0.000,9.706,0.021,Fairway,roll,0.000,0
2049,8.5214,-11.602,9.727,12.259,0.000,9.706,0.021,Fairway,roll,0.000,0
2050,8.5255,-11.603,9.727,12.259,0.000,9.706,0.021,Fairway,roll,0.000,0
2051,8.5297,-11.603,9.727,12.259,0.000,9.706,0.021,Fairway,roll,0.000,0
2052,8.5339,-11.604,9.727,12.259,0.000,9.706,0.021,Fairway,roll,0.000,0
2053,8.5380,-11.605,9.727,12.258,0.000,9.706,0.021,Fairway,roll,0.000,0
2054,8.5422,-11.605,9.727,12.258,0.000,9.706,0.021,Fairway,roll,0.000,0
2055,8.5464,-11.606,9.727,12.258,0.000,9.706,0.021,Fairway,roll,0.000,0
2056,8.5505,-11.606,9.727,12.258,0.000,9.706,0.021,Fairway,roll,0.000,0
2057,8.5547,-11.607,9.727,12.257,0.000,9.706,0.021,Fairway,roll,0.000,0
2058,8.5589,-11.607,9.727,12.257,0.000,9.706,0.021,Fairway,roll,0.000,0
2059,8.5630,-11.608,9.727,12.257,0.000,9.706,0.021,Fairway,roll,0.000,0
2060,8.5672,-11.609,9.727,12.257,0.000,9.706,0.021,Fairway,roll,0.000,0
2061,8.5714,-11.609,9.727,12.256,0.000,9.706,0.021,Fairway,roll,0.000,0
2062,8.5755,-11.610,9.727,12.256,0.000,9.706,0.021,Fairway,roll,0.000,0
2063,8.5797,-11.610,9.727,12.256,0.000,9.706,0.021,Fairway,roll,0.000,0
2064,8.5838,-11.611,9.727,12.256,0.000,9.705,0.021,Fairway,roll,0.000,0
2065,8.5880,-11.611,9.727,12.255,0.000,9.705,0.021,Fairway,roll,0.000,0
2066,8.5922,-11.612,9.727,12.255,0.000,9.705,0.021,Fairway,roll,0.000,0
2067,8.5963,-11.612,9.727,12.255,0.000,9.705,0.021,Fairway,roll,0.000,0
2068,8.6005,-11.613,9.727,12.255,0.000,9.705,0.021,Fairway,roll,0.000,0
2069,8.6047,-11.614,9.727,12.254,0.000,9.705,0.021,Fairway,roll,0.000,0
2070,8.6088,-11.614,9.727,12.254,0.000,9.705,0.021,Fairway,roll,0.000,0
2071,8.6130,-11.615,9.727,12.254,0.000,9.705,0.021,Fairway,roll,0.000,0
2072,8.6172,-11.615,9.727,12.254,0.000,9.705,0.021,Fairway,roll,0.000,0
2073,8.6213,-11.616,9.727,12.253,0.000,9.705,0.021,Fairway,roll,0.000,0
2074,8.6255,-11.616,9.727,12.253,0.000,9.705,0.021,Fairway,roll,0.000,0
2075,8.6297,-11.617,9.727,12.253,0.000,9.705,0.021,Fairway,roll,0.000,0
2076,8.6338,-11.617,9.727,12.253,0.000,9.705,0.021,Fairway,roll,0.000,0
2077,8.6380,-11.618,9.727,12.252,0.000,9.705,0.021,Fairway,roll,0.000,0
2078,8.6422,-11.618,9.727,12.252,0.000,9.705,0.021,Fairway,roll,0.000,0
2079,8.6463,-11.619,9.727,12.252,0.000,9.705,0.021,Fairway,roll,0.000,0
2080,8.6505,-11.620,9.726,12.252,0.000,9.705,0.021,Fairway,roll,0.000,0
2081,8.6547,-11.620,9.726,12.251,0.000,9.705,0.021,Fairway,roll,0.000,0
2082,8.6588,-11.621,9.726,12.251,0.000,9.705,0.021,Fairway,roll,0.000,0
2083,8.6630,-11.621,9.726,12.251,0.000,9.705,0.021,Fairway,roll,0.000,0
2084,8.6672,-11.622,9.726,12.251,0.000,9.705,0.021,Fairway,roll,0.000,0
2085,8.6713,-11.622,9.726,12.250,0.000,9.705,0.021,Fairway,roll,0.000,0
2086,8.6755,-11.623,9.726,12.250,0.000,9.705,0.021,Fairway,roll,0.000,0
2087,8.6797,-11.623,9.726,12.250,0.000,9.705,0.021,Fairway,roll,0.000,0
2088,8.6838,-11.624,9.726,12.250,0.000,9.705,0.021,Fairway,roll,0.000,0
2089,8.6880,-11.625,9.726,12.250,0.000,9.705,0.021,Fairway,roll,0.000,0
2090,8.6922,-11.625,9.726,12.249,0.000,9.705,0.021,Fairway,roll,0.000,0
2091,8.6963,-11.626,9.726,12.249,0.000,9.705,0.021,Fairway,roll,0.000,0
2092,8.7005,-11.626,9.726,12.249,0.000,9.705,0.021,Fairway,roll,0.000,0
2093,8.7047,-11.627,9.726,12.249,0.000,9.705,0.021,Fairway,roll,0.000,0
2094,8.7088,-11.627,9.726,12.248,0.000,9.705,0.021,Fairway,roll,0.000,0
2095,8.7130,-11.628,9.726,12.248,0.000,9.705,0.021,Fairway,roll,0.000,0
2096,8.7171,-11.628,9.726,12.248,0.000,9.705,0.021,Fairway,roll,0.000,0
2097,8.7213,-11.629,9.726,12.248,0.000,9.705,0.021,Fairway,roll,0.000,0
2098,8.7255,-11.629,9.726,12.247,0.000,9.705,0.021,Fairway,roll,0.000,0
2099,8.7296,-11.630,9.726,12.247,0.000,9.705,0.021,Fairway,roll,0.000,0
2100,8.7338,-11.631,9.726,12.247,0.000,9.705,0.021,Fairway,roll,0.000,0
2101,8.7380,-11.631,9.726,12.247,0.000,9.705,0.021,Fairway,roll,0.000,0
2102,8.7421,-11.632,9.726,12.246,0.000,9.705,0.021,Fairway,roll,0.000,0
2103,8.7463,-11.632,9.726,12.246,0.000,9.705,0.021,Fairway,roll,0.000,0
2104,8.7505,-11.633,9.726,12.246,0.000,9.705,0.021,Fairway,roll,0.000,0
2105,8.7546,-11.633,9.726,12.246,0.000,9.705,0.021,Fairway,roll,0.000,0
2106,8.7588,-11.634,9.726,12.246,0.000,9.705,0.021,Fairway,roll,0.000,0
2107,8.7630,-11.634,9.726,12.245,0.000,9.705,0.021,Fairway,roll,0.000,0
2108,8.7671,-11.635,9.726,12.245,0.000,9.705,0.021,Fairway,roll,0.000,0
2109,8.7713,-11.635,9.726,12.245,0.000,9.705,0.021,Fairway,roll,0.000,0
2110,8.7755,-11.636,9.726,12.245,0.000,9.705,0.021,Fairway,roll,0.000,0
2111,8.7796,-11.636,9.726,12.244,0.000,9.705,0.021,Fairway,roll,0.000,0
2112,8.7838,-11.637,9.726,12.244,0.000,9.705,0.021,Fairway,roll,0.000,0
2113,8.7880,-11.638,9.726,12.244,0.000,9.705,0.021,Fairway,roll,0.000,0
2114,8.7921,-11.638,9.726,12.244,0.000,9.705,0.021,Fairway,roll,0.000,0
2115,8.7963,-11.639,9.726,12.243,0.000,9.705,0.021,Fairway,roll,0.000,0
2116,8.8005,-11.639,9.726,12.243,0.000,9.705,0.021,Fairway,roll,0.000,0
2117,8.8046,-11.640,9.726,12.243,0.000,9.705,0.021,Fairway,roll,0.000,0
2118,8.8088,-11.640,9.726,12.243,0.000,9.705,0.021,Fairway,roll,0.000,0
2119,8.8130,-11.641,9.726,12.243,0.000,9.705,0.021,Fairway,roll,0.000,0
2120,8.8171,-11.641,9.726,12.242,0.000,9.704,0.021,Fairway,roll,0.000,0
2121,8.8213,-11.642,9.726,12.242,0.000,9.704,0.021,Fairway,roll,0.000,0
2122,8.8255,-11.642,9.726,12.242,0.000,9.704,0.021,Fairway,roll,0.000,0
2123,8.8296,-11.643,9.726,12.242,0.000,9.704,0.021,Fairway,roll,0.000,0
2124,8.8338,-11.643,9.726,12.241,0.000,9.704,0.021,Fairway,roll,0.000,0
2125,8.8380,-11.644,9.726,12.241,0.000,9.704,0.021,Fairway,roll,0.000,0
2126,8.8421,-11.644,9.726,12.241,0.000,9.704,0.021,Fairway,roll,0.000,0
2127,8.8463,-11.645,9.726,12.241,0.000,9.704,0.021,Fairway,roll,0.000,0
2128,8.8504,-11.646,9.726,12.240,0.000,9.704,0.021,Fairway,roll,0.000,0
2129,8.8546,-11.646,9.726,12.240,0.000,9.704,0.021,Fairway,roll,0.000,0
2130,8.8588,-11.647,9.726,12.240,0.000,9.704,0.021,Fairway,roll,0.000,0
2131,8.8629,-11.647,9.726,12.240,0.000,9.704,0.021,Fairway,roll,0.000,0
2132,8.8671,-11.648,9.726,12.240,0.000,9.704,0.021,Fairway,roll,0.000,0
2133,8.8713,-11.648,9.726,12.239,0.000,9.704,0.021,Fairway,roll,0.000,0
2134,8.8754,-11.649,9.726,12.239,0.000,9.704,0.021,Fairway,roll,0.000,0
2135,8.8796,-11.649,9.726,12.239,0.000,9.704,0.021,Fairway,roll,0.000,0
2136,8.8838,-11.650,9.725,12.239,0.000,9.704,0.021,Fairway,roll,0.000,0
2137,8.8879,-11.650,9.725,12.238,0.000,9.704,0.021,Fairway,roll,0.000,0
2138,8.8921,-11.651,9.725,12.238,0.000,9.704,0.021,Fairway,roll,0.000,0
2139,8.8963,-11.651,9.725,12.238,0.000,9.704,0.021,Fairway,roll,0.000,0
2140,8.9004,-11.652,9.725,12.238,0.000,9.704,0.021,Fairway,roll,0.000,0
2141,8.9046,-11.652,9.725,12.238,0.000,9.704,0.021,Fairway,roll,0.000,0
2142,8.9088,-11.653,9.725,12.237,0.000,9.704,0.021,Fairway,roll,0.000,0
2143,8.9129,-11.654,9.725,12.237,0.000,9.704,0.021,Fairway,roll,0.000,0
2144,8.9171,-11.654,9.725,12.237,0.000,9.704,0.021,Fairway,roll,0.000,0
2145,8.9213,-11.655,9.725,12.237,0.000,9.704,0.021,Fairway,roll,0.000,0
2146,8.9254,-11.655,9.725,12.236,0.000,9.704,0.021,Fairway,roll,0.000,0
2147,8.9296,-11.656,9.725,12.236,0.000,9.704,0.021,Fairway,roll,0.000,0
2148,8.9338,-11.656,9.725,12.236,0.000,9.704,0.021,Fairway,roll,0.000,0
2149,8.9379,-11.657,9.725,12.236,0.000,9.704,0.021,Fairway,roll,0.000,0
2150,8.9421,-11.657,9.725,12.235,0.000,9.704,0.021,Fairway,roll,0.000,0
2151,8.9463,-11.658,9.725,12.235,0.000,9.704,0.021,Fairway,roll,0.000,0
2152,8.9504,-11.658,9.725,12.235,0.000,9.704,0.021,Fairway,roll,0.000,0
2153,8.9546,-11.659,9.725,12.235,0.000,9.704,0.021,Fairway,roll,0.000,0
2154,8.9588,-11.659,9.725,12.235,0.000,9.704,0.021,Fairway,roll,0.000,0
2155,8.9629,-11.660,9.725,12.234,0.000,9.704,0.021,Fairway,roll,0.000,0
2156,8.9671,-11.660,9.725,12.234,0.000,9.704,0.021,Fairway,roll,0.000,0
2157,8.9713,-11.661,9.725,12.234,0.000,9.704,0.021,Fairway,roll,0.000,0
2158,8.9754,-11.661,9.725,12.234,0.000,9.704,0.021,Fairway,roll,0.000,0
2159,8.9796,-11.662,9.725,12.233,0.000,9.704,0.021,Fairway,roll,0.000,0
2160,8.9837,-11.662,9.725,12.233,0.000,9.704,0.021,Fairway,roll,0.000,0
2161,8.9879,-11.663,9.725,12.233,0.000,9.704,0.021,Fairway,roll,0.000,0
2162,8.9921,-11.663,9.725,12.233,0.000,9.704,0.021,Fairway,roll,0.000,0
2163,8.9962,-11.664,9.725,12.232,0.000,9.704,0.021,Fairway,roll,0.000,0
2164,9.0004,-11.664,9.725,12.232,0.000,9.704,0.021,Fairway,roll,0.000,0
2165,9.0046,-11.665,9.725,12.232,0.000,9.704,0.021,Fairway,roll,0.000,0
2166,9.0087,-11.665,9.725,12.232,0.000,9.704,0.021,Fairway,roll,0.000,0
2167,9.0129,-11.666,9.725,12.232,0.000,9.704,0.021,Fairway,roll,0.000,0
2168,9.0171,-11.667,9.725,12.231,0.000,9.704,0.021,Fairway,roll,0.000,0
2169,9.0212,-11.667,9.725,12.231,0.000,9.704,0.021,Fairway,roll,0.000,0
2170,9.0254,-11.668,9.725,12.231,0.000,9.704,0.021,Fairway,roll,0.000,0
2171,9.0296,-11.668,9.725,12.231,0.000,9.704,0.021,Fairway,roll,0.000,0
2172,9.0337,-11.669,9.725,12.230,0.000,9.704,0.021,Fairway,roll,0.000,0
2173,9.0379,-11.669,9.725,12.230,0.000,9.704,0.021,Fairway,roll,0.000,0
2174,9.0421,-11.670,9.725,12.230,0.000,9.704,0.021,Fairway,roll,0.000,0
2175,9.0462,-11.670,9.725,12.230,0.000,9.704,0.021,Fairway,roll,0.000,0
2176,9.0504,-11.671,9.725,12.229,0.000,9.704,0.021,Fairway,roll,0.000,0
2177,9.0546,-11.671,9.725,12.229,0.000,9.704,0.021,Fairway,roll,0.000,0
2178,9.0587,-11.672,9.725,12.229,0.000,9.704,0.021,Fairway,roll,0.000,0
2179,9.0629,-11.672,9.725,12.229,0.000,9.704,0.021,Fairway,roll,0.000,0
2180,9.0671,-11.673,9.725,12.229,0.000,9.704,0.021,Fairway,roll,0.000,0
2181,9.0712,-11.673,9.725,12.228,0.000,9.704,0.021,Fairway,roll,0.000,0
2182,9.0754,-11.674,9.725,12.228,0.000,9.704,0.021,Fairway,roll,0.000,0
2183,9.0796,-11.674,9.725,12.228,0.000,9.704,0.021,Fairway,roll,0.000,0
2184,9.0837,-11.675,9.725,12.228,0.000,9.703,0.021,Fairway,roll,0.000,0
2185,9.0879,-11.675,9.725,12.227,0.000,9.703,0.021,Fairway,roll,0.000,0
2186,9.0921,-11.676,9.725,12.227,0.000,9.703,0.021,Fairway,roll,0.000,0
2187,9.0962,-11.676,9.725,12.227,0.000,9.703,0.021,Fairway,roll,0.000,0
2188,9.1004,-11.677,9.725,12.227,0.000,9.703,0.021,Fairway,roll,0.000,0
2189,9.1046,-11.677,9.725,12.227,0.000,9.703,0.021,Fairway,roll,0.000,0
2190,9.1087,-11.678,9.725,12.226,0.000,9.703,0.021,Fairway,roll,0.000,0
2191,9.1129,-11.678,9.725,12.226,0.000,9.703,0.021,Fairway,roll,0.000,0
2192,9.1171,-11.679,9.725,12.226,0.000,9.703,0.021,Fairway,roll,0.000,0
2193,9.1212,-11.679,9.725,12.226,0.000,9.703,0.021,Fairway,roll,0.000,0
2194,9.1254,-11.680,9.725,12.225,0.000,9.703,0.021,Fairway,roll,0.000,0
2195,9.1295,-11.680,9.725,12.225,0.000,9.703,0.021,Fairway,roll,0.000,0
2196,9.1337,-11.681,9.725,12.225,0.000,9.703,0.021,Fairway,roll,0.000,0
2197,9.1379,-11.681,9.725,12.225,0.000,9.703,0.021,Fairway,roll,0.000,0
2198,9.1420,-11.682,9.725,12.224,0.000,9.703,0.021,Fairway,roll,0.000,0
2199,9.1462,-11.682,9.725,12.224,0.000,9.703,0.021,Fairway,roll,0.000,0
2200,9.1504,-11.683,9.725,12.224,0.000,9.703,0.021,Fairway,roll,0.000,0
2201,9.1545,-11.683,9.725,12.224,0.000,9.703,0.021,Fairway,roll,0.000,0
2202,9.1587,-11.684,9.725,12.224,0.000,9.703,0.021,Fairway,roll,0.000,0
2203,9.1629,-11.684,9.725,12.223,0.000,9.703,0.021,Fairway,roll,0.000,0
2204,9.1670,-11.685,9.724,12.223,0.000,9.703,0.021,Fairway,roll,0.000,0
2205,9.1712,-11.685,9.724,12.223,0.000,9.703,0.021,Fairway,roll,0.000,0
2206,9.1754,-11.686,9.724,12.223,0.000,9.703,0.021,Fairway,roll,0.000,0
2207,9.1795,-11.686,9.724,12.222,0.000,9.703,0.021,Fairway,roll,0.000,0
2208,9.1837,-11.687,9.724,12.222,0.000,9.703,0.021,Fairway,roll,0.000,0
2209,9.1879,-11.687,9.724,12.222,0.000,9.703,0.021,Fairway,roll,0.000,0
2210,9.1920,-11.688,9.724,12.222,0.000,9.703,0.021,Fairway,roll,0.000,0
2211,9.1962,-11.688,9.724,12.221,0.000,9.703,0.021,Fairway,roll,0.000,0
2212,9.2004,-11.689,9.724,12.221,0.000,9.703,0.021,Fairway,roll,0.000,0
2213,9.2045,-11.689,9.724,12.221,0.000,9.703,0.021,Fairway,roll,0.000,0
2214,9.2087,-11.690,9.724,12.221,0.000,9.703,0.021,Fairway,roll,0.000,0
2215,9.2129,-11.690,9.724,12.221,0.000,9.703,0.021,Fairway,roll,0.000,0
2216,9.2170,-11.691,9.724,12.220,0.000,9.703,0.021,Fairway,roll,0.000,0
2217,9.2212,-11.691,9.724,12.220,0.000,9.703,0.021,Fairway,roll,0.000,0
2218,9.2254,-11.692,9.724,12.220,0.000,9.703,0.021,Fairway,roll,0.000,0
2219,9.2295,-11.692,9.724,12.220,0.000,9.703,0.021,Fairway,roll,0.000,0
2220,9.2337,-11.693,9.724,12.219,0.000,9.703,0.021,Fairway,roll,0.000,0
2221,9.2379,-11.693,9.724,12.219,0.000,9.703,0.021,Fairway,roll,0.000,0
2222,9.2420,-11.694,9.724,12.219,0.000,9.703,0.021,Fairway,roll,0.000,0
2223,9.2462,-11.694,9.724,12.219,0.000,9.703,0.021,Fairway,roll,0.000,0
2224,9.2504,-11.695,9.724,12.219,0.000,9.703,0.021,Fairway,roll,0.000,0
2225,9.2545,-11.695,9.724,12.218,0.000,9.703,0.021,Fairway,roll,0.000,0
2226,9.2587,-11.696,9.724,12.218,0.000,9.703,0.021,Fairway,roll,0.000,0
2227,9.2628,-11.696,9.724,12.218,0.000,9.703,0.021,Fairway,roll,0.000,0
2228,9.2670,-11.697,9.724,12.218,0.000,9.703,0.021,Fairway,roll,0.000,0
2229,9.2712,-11.697,9.724,12.218,0.000,9.703,0.021,Fairway,roll,0.000,0
2230,9.2753,-11.698,9.724,12.217,0.000,9.703,0.021,Fairway,roll,0.000,0
2231,9.2795,-11.698,9.724,12.217,0.000,9.703,0.021,Fairway,roll,0.000,0
2232,9.2837,-11.699,9.724,12.217,0.000,9.703,0.021,Fairway,roll,0.000,0
2233,9.2878,-11.699,9.724,12.217,0.000,9.703,0.021,Fairway,roll,0.000,0
2234,9.2920,-11.700,9.724,12.216,0.000,9.703,0.021,Fairway,roll,0.000,0
2235,9.2962,-11.700,9.724,12.216,0.000,9.703,0.021,Fairway,roll,0.000,0
2236,9.3003,-11.701,9.724,12.216,0.000,9.703,0.021,Fairway,roll,0.000,0
2237,9.3045,-11.701,9.724,12.216,0.000,9.703,0.021,Fairway,roll,0.000,0
2238,9.3087,-11.702,9.724,12.216,0.000,9.703,0.021,Fairway,roll,0.000,0
2239,9.3128,-11.702,9.724,12.215,0.000,9.702,0.021,Fairway,roll,0.000,0
2240,9.3170,-11.703,9.724,12.215,0.000,9.702,0.021,Fairway,roll,0.000,0
2241,9.3212,-11.703,9.724,12.215,0.000,9.702,0.021,Fairway,roll,0.000,0
2242,9.3253,-11.704,9.724,12.215,0.000,9.702,0.021,Fairway,roll,0.000,0
2243,9.3295,-11.704,9.724,12.215,0.000,9.702,0.021,Fairway,roll,0.000,0
2244,9.3337,-11.705,9.724,12.214,0.000,9.702,0.021,Fairway,roll,0.000,0
2245,9.3378,-11.705,9.724,12.214,0.000,9.702,0.021,Fairway,roll,0.000,0
2246,9.3420,-11.706,9.724,12.214,0.000,9.702,0.021,Fairway,roll,0.000,0
2247,9.3462,-11.706,9.724,12.214,0.000,9.702,0.021,Fairway,roll,0.000,0
2248,9.3503,-11.707,9.724,12.214,0.000,9.702,0.021,Fairway,roll,0.000,0
2249,9.3545,-11.707,9.724,12.213,0.000,9.702,0.021,Fairway,roll,0.000,0
2250,9.3587,-11.708,9.724,12.213,0.000,9.702,0.021,Fairway,roll,0.000,0
2251,9.3628,-11.708,9.724,12.213,0.000,9.702,0.021,Fairway,roll,0.000,0
2252,9.3670,-11.709,9.724,12.213,0.000,9.702,0.021,Fairway,roll,0.000,0
2253,9.3712,-11.709,9.724,12.212,0.000,9.702,0.021,Fairway,roll,0.000,0
2254,9.3753,-11.710,9.724,12.212,0.000,9.702,0.021,Fairway,roll,0.000,0
2255,9.3795,-11.710,9.724,12.212,0.000,9.702,0.021,Fairway,roll,0.000,0
2256,9.3837,-11.711,9.724,12.212,0.000,9.702,0.021,Fairway,roll,0.000,0
2257,9.3878,-11.711,9.724,12.212,0.000,9.702,0.021,Fairway,roll,0.000,0
2258,9.3920,-11.712,9.724,12.211,0.000,9.702,0.021,Fairway,roll,0.000,0
2259,9.3961,-11.712,9.724,12.211,0.000,9.702,0.021,Fairway,roll,0.000,0
2260,9.4003,-11.713,9.724,12.211,0.000,9.702,0.021,Fairway,roll,0.000,0
2261,9.4045,-11.713,9.724,12.211,0.000,9.702,0.021,Fairway,roll,0.000,0
2262,9.4086,-11.714,9.724,12.211,0.000,9.702,0.021,Fairway,roll,0.000,0
2263,9.4128,-11.714,9.724,12.210,0.000,9.702,0.021,Fairway,roll,0.000,0
2264,9.4170,-11.715,9.724,12.210,0.000,9.702,0.021,Fairway,roll,0.000,0
2265,9.4211,-11.715,9.724,12.210,0.000,9.702,0.021,Fairway,roll,0.000,0
2266,9.4253,-11.716,9.724,12.210,0.000,9.702,0.021,Fairway,roll,0.000,0
2267,9.4295,-11.716,9.724,12.209,0.000,9.702,0.021,Fairway,roll,0.000,0
2268,9.4336,-11.717,9.724,12.209,0.000,9.702,0.021,Fairway,roll,0.000,0
2269,9.4378,-11.717,9.724,12.209,0.000,9.702,0.021,Fairway,roll,0.000,0
2270,9.4420,-11.718,9.724,12.209,0.000,9.702,0.021,Fairway,roll,0.000,0
2271,9.4461,-11.718,9.724,12.209,0.000,9.702,0.021,Fairway,roll,0.000,0
2272,9.4503,-11.719,9.724,12.208,0.000,9.702,0.021,Fairway,roll,0.000,0
2273,9.4545,-11.719,9.724,12.208,0.000,9.702,0.021,Fairway,roll,0.000,0
2274,9.4586,-11.720,9.724,12.208,0.000,9.702,0.021,Fairway,roll,0.000,0
2275,9.4628,-11.720,9.723,12.208,0.000,9.702,0.021,Fairway,roll,0.000,0
2276,9.4670,-11.720,9.723,12.208,0.000,9.702,0.021,Fairway,roll,0.000,0
2277,9.4711,-11.721,9.723,12.207,0.000,9.702,0.021,Fairway,roll,0.000,0
2278,9.4753,-11.721,9.723,12.207,0.000,9.702,0.021,Fairway,roll,0.000,0
2279,9.4795,-11.722,9.723,12.207,0.000,9.702,0.021,Fairway,roll,0.000,0
2280,9.4836,-11.722,9.723,12.207,0.000,9.702,0.021,Fairway,roll,0.000,0
2281,9.4878,-11.723,9.723,12.206,0.000,9.702,0.021,Fairway,roll,0.000,0
2282,9.4920,-11.723,9.723,12.206,0.000,9.702,0.021,Fairway,roll,0.000,0
2283,9.4961,-11.724,9.723,12.206,0.000,9.702,0.021,Fairway,roll,0.000,0
2284,9.5003,-11.724,9.723,12.206,0.000,9.702,0.021,Fairway,roll,0.000,0
2285,9.5045,-11.725,9.723,12.206,0.000,9.702,0.021,Fairway,roll,0.000,0
2286,9.5086,-11.725,9.723,12.205,0.000,9.702,0.021,Fairway,roll,0.000,0
2287,9.5128,-11.726,9.723,12.205,0.000,9.702,0.021,Fairway,roll,0.000,0
2288,9.5170,-11.726,9.723,12.205,0.000,9.702,0.021,Fairway,roll,0.000,0
2289,9.5211,-11.727,9.723,12.205,0.000,9.702,0.021,Fairway,roll,0.000,0
2290,9.5253,-11.727,9.723,12.205,0.000,9.702,0.021,Fairway,roll,0.000,0
2291,9.5294,-11.728,9.723,12.204,0.000,9.702,0.021,Fairway,roll,0.000,0
2292,9.5336,-11.728,9.723,12.204,0.000,9.702,0.021,Fairway,roll,0.000,0
2293,9.5378,-11.729,9.723,12.204,0.000,9.702,0.021,Fairway,roll,0.000,0
2294,9.5419,-11.729,9.723,12.204,0.000,9.702,0.021,Fairway,roll,0.000,0
2295,9.5461,-11.730,9.723,12.203,0.000,9.702,0.021,Fairway,roll,0.000,0
2296,9.5503,-11.730,9.723,12.203,0.000,9.702,0.021,Fairway,roll,0.000,0
2297,9.5544,-11.731,9.723,12.203,0.000,9.702,0.021,Fairway,roll,0.000,0
2298,9.5586,-11.731,9.723,12.203,0.000,9.702,0.021,Fairway,roll,0.000,0
2299,9.5628,-11.731,9.723,12.203,0.000,9.702,0.021,Fairway,roll,0.000,0
2300,9.5669,-11.732,9.723,12.202,0.000,9.702,0.021,Fairway,roll,0.000,0
2301,9.5711,-11.732,9.723,12.202,0.000,9.702,0.021,Fairway,roll,0.000,0
2302,9.5753,-11.733,9.723,12.202,0.000,9.702,0.021,Fairway,roll,0.000,0
2303,9.5794,-11.733,9.723,12.202,0.000,9.702,0.021,Fairway,roll,0.000,0
2304,9.5836,-11.734,9.723,12.202,0.000,9.702,0.021,Fairway,roll,0.000,0
2305,9.5878,-11.734,9.723,12.201,0.000,9.702,0.021,Fairway,roll,0.000,0
2306,9.5919,-11.735,9.723,12.201,0.000,9.702,0.021,Fairway,roll,0.000,0
2307,9.5961,-11.735,9.723,12.201,0.000,9.702,0.021,Fairway,roll,0.000,0
2308,9.6003,-11.736,9.723,12.201,0.000,9.702,0.021,Fairway,roll,0.000,0
2309,9.6044,-11.736,9.723,12.200,0.000,9.702,0.021,Fairway,roll,0.000,0
2310,9.6086,-11.737,9.723,12.200,0.000,9.702,0.021,Fairway,roll,0.000,0
2311,9.6128,-11.737,9.723,12.200,0.000,9.702,0.021,Fairway,roll,0.000,0
2312,9.6169,-11.738,9.723,12.200,0.000,9.701,0.021,Fairway,roll,0.000,0
2313,9.6211,-11.738,9.723,12.200,0.000,9.701,0.021,Fairway,roll,0.000,0
2314,9.6253,-11.739,9.723,12.199,0.000,9.701,0.021,Fairway,roll,0.000,0
2315,9.6294,-11.739,9.723,12.199,0.000,9.701,0.021,Fairway,roll,0.000,0
2316,9.6336,-11.739,9.723,12.199,0.000,9.701,0.021,Fairway,roll,0.000,0
2317,9.6378,-11.740,9.723,12.199,0.000,9.701,0.021,Fairway,roll,0.000,0
2318,9.6419,-11.740,9.723,12.199,0.000,9.701,0.021,Fairway,roll,0.000,0
2319,9.6461,-11.741,9.723,12.198,0.000,9.701,0.021,Fairway,roll,0.000,0
2320,9.6503,-11.741,9.723,12.198,0.000,9.701,0.021,Fairway,roll,0.000,0
2321,9.6544,-11.742,9.723,12.198,0.000,9.701,0.021,Fairway,roll,0.000,0
2322,9.6586,-11.742,9.723,12.198,0.000,9.701,0.021,Fairway,roll,0.000,0
2323,9.6628,-11.743,9.723,12.197,0.000,9.701,0.021,Fairway,roll,0.000,0
2324,9.6669,-11.743,9.723,12.197,0.000,9.701,0.021,Fairway,roll,0.000,0
2325,9.6711,-11.744,9.723,12.197,0.000,9.701,0.021,Fairway,roll,0.000,0
2326,9.6752,-11.744,9.723,12.197,0.000,9.701,0.021,Fairway,roll,0.000,0
2327,9.6794,-11.745,9.723,12.197,0.000,9.701,0.021,Fairway,roll,0.000,0
2328,9.6836,-11.745,9.723,12.196,0.000,9.701,0.021,Fairway,roll,0.000,0
2329,9.6877,-11.746,9.723,12.196,0.000,9.701,0.021,Fairway,roll,0.000,0
2330,9.6919,-11.746,9.723,12.196,0.000,9.701,0.021,Fairway,roll,0.000,0
2331,9.6961,-11.747,9.722,12.196,0.000,9.701,0.021,Fairway,roll,0.000,0
2332,9.7002,-11.747,9.722,12.196,0.000,9.701,0.021,Fairway,roll,0.000,0
2333,9.7044,-11.747,9.722,12.195,0.000,9.701,0.021,Fairway,roll,0.000,0
2334,9.7086,-11.748,9.722,12.195,0.000,9.701,0.021,Fairway,roll,0.000,0
2335,9.7127,-11.748,9.722,12.195,0.000,9.701,0.021,Fairway,roll,0.000,0
2336,9.7169,-11.749,9.722,12.195,0.000,9.701,0.021,Fairway,roll,0.000,0
2337,9.7211,-11.749,9.722,12.195,0.000,9.701,0.021,Fairway,roll,0.000,0
2338,9.7252,-11.750,9.722,12.194,0.000,9.701,0.021,Fairway,roll,0.000,0
2339,9.7294,-11.750,9.722,12.194,0.000,9.701,0.021,Fairway,roll,0.000,0
2340,9.7336,-11.751,9.722,12.194,0.000,9.701,0.021,Fairway,roll,0.000,0
2341,9.7377,-11.751,9.722,12.194,0.000,9.701,0.021,Fairway,roll,0.000,0
2342,9.7419,-11.752,9.722,12.194,0.000,9.701,0.021,Fairway,roll,0.000,0
2343,9.7461,-11.752,9.722,12.193,0.000,9.701,0.021,Fairway,roll,0.000,0
2344,9.7502,-11.753,9.722,12.193,0.000,9.701,0.021,Fairway,roll,0.000,0
2345,9.7544,-11.753,9.722,12.193,0.000,9.701,0.021,Fairway,roll,0.000,0
2346,9.7586,-11.753,9.722,12.193,0.000,9.701,0.021,Fairway,roll,0.000,0
2347,9.7627,-11.754,9.722,12.193,0.000,9.701,0.021,Fairway,roll,0.000,0
2348,9.7669,-11.754,9.722,12.192,0.000,9.701,0.021,Fairway,roll,0.000,0
2349,9.7711,-11.755,9.722,12.192,0.000,9.701,0.021,Fairway,roll,0.000,0
2350,9.7752,-11.755,9.722,12.192,0.000,9.701,0.021,Fairway,roll,0.000,0
2351,9.7794,-11.756,9.722,12.192,0.000,9.701,0.021,Fairway,roll,0.000,0
2352,9.7836,-11.756,9.722,12.192,0.000,9.701,0.021,Fairway,roll,0.000,0
2353,9.7877,-11.757,9.722,12.191,0.000,9.701,0.021,Fairway,roll,0.000,0
2354,9.7919,-11.757,9.722,12.191,0.000,9.701,0.021,Fairway,roll,0.000,0
2355,9.7961,-11.758,9.722,12.191,0.000,9.701,0.021,Fairway,roll,0.000,0
2356,9.8002,-11.758,9.722,12.191,0.000,9.701,0.021,Fairway,roll,0.000,0
2357,9.8044,-11.758,9.722,12.191,0.000,9.701,0.021,Fairway,roll,0.000,0
2358,9.8085,-11.759,9.722,12.190,0.000,9.701,0.021,Fairway,roll,0.000,0
2359,9.8127,-11.759,9.722,12.190,0.000,9.701,0.021,Fairway,roll,0.000,0
2360,9.8169,-11.760,9.722,12.190,0.000,9.701,0.021,Fairway,roll,0.000,0
2361,9.8210,-11.760,9.722,12.190,0.000,9.701,0.021,Fairway,roll,0.000,0
2362,9.8252,-11.761,9.722,12.190,0.000,9.701,0.021,Fairway,roll,0.000,0
2363,9.8294,-11.761,9.722,12.189,0.000,9.701,0.021,Fairway,roll,0.000,0
2364,9.8335,-11.762,9.722,12.189,0.000,9.701,0.021,Fairway,roll,0.000,0
2365,9.8377,-11.762,9.722,12.189,0.000,9.701,0.021,Fairway,roll,0.000,0
2366,9.8419,-11.763,9.722,12.189,0.000,9.701,0.021,Fairway,roll,0.000,0
2367,9.8460,-11.763,9.722,12.189,0.000,9.701,0.021,Fairway,roll,0.000,0
2368,9.8502,-11.763,9.722,12.188,0.000,9.701,0.021,Fairway,roll,0.000,0
2369,9.8544,-11.764,9.722,12.188,0.000,9.701,0.021,Fairway,roll,0.000,0
2370,9.8585,-11.764,9.722,12.188,0.000,9.701,0.021,Fairway,roll,0.000,0
2371,9.8627,-11.765,9.722,12.188,0.000,9.700,0.021,Fairway,roll,0.000,0
2372,9.8669,-11.765,9.722,12.188,0.000,9.700,0.021,Fairway,roll,0.000,0
2373,9.8710,-11.766,9.722,12.187,0.000,9.700,0.021,Fairway,roll,0.000,0
2374,9.8752,-11.766,9.722,12.187,0.000,9.700,0.021,Fairway,roll,0.000,0
2375,9.8794,-11.767,9.722,12.187,0.000,9.700,0.021,Fairway,roll,0.000,0
2376,9.8835,-11.767,9.722,12.187,0.000,9.700,0.021,Fairway,roll,0.000,0
2377,9.8877,-11.768,9.722,12.187,0.000,9.700,0.021,Fairway,roll,0.000,0
2378,9.8919,-11.768,9.722,12.186,0.000,9.700,0.021,Fairway,roll,0.000,0
2379,9.8960,-11.768,9.722,12.186,0.000,9.700,0.021,Fairway,roll,0.000,0
2380,9.9002,-11.769,9.722,12.186,0.000,9.700,0.021,Fairway,roll,0.000,0
2381,9.9044,-11.769,9.722,12.186,0.000,9.700,0.021,Fairway,roll,0.000,0
2382,9.9085,-11.770,9.722,12.186,0.000,9.700,0.021,Fairway,roll,0.000,0
2383,9.9127,-11.770,9.722,12.185,0.000,9.700,0.021,Fairway,roll,0.000,0
2384,9.9169,-11.771,9.722,12.185,0.000,9.700,0.021,Fairway,roll,0.000,0
2385,9.9210,-11.771,9.722,12.185,0.000,9.700,0.021,Fairway,roll,0.000,0
2386,9.9252,-11.772,9.722,12.185,0.000,9.700,0.021,Fairway,roll,0.000,0
2387,9.9294,-11.772,9.722,12.185,0.000,9.700,0.021,Fairway,roll,0.000,0
2388,9.9335,-11.772,9.722,12.184,0.000,9.700,0.021,Fairway,roll,0.000,0
2389,9.9377,-11.773,9.722,12.184,0.000,9.700,0.021,Fairway,roll,0.000,0
2390,9.9418,-11.773,9.722,12.184,0.000,9.700,0.021,Fairway,roll,0.000,0
2391,9.9460,-11.774,9.721,12.184,0.000,9.700,0.021,Fairway,roll,0.000,0
2392,9.9502,-11.774,9.721,12.184,0.000,9.700,0.021,Fairway,roll,0.000,0
2393,9.9543,-11.775,9.721,12.183,0.000,9.700,0.021,Fairway,roll,0.000,0
2394,9.9585,-11.775,9.721,12.183,0.000,9.700,0.021,Fairway,roll,0.000,0
2395,9.9627,-11.776,9.721,12.183,0.000,9.700,0.021,Fairway,roll,0.000,0
2396,9.9668,-11.776,9.721,12.183,0.000,9.700,0.021,Fairway,roll,0.000,0
2397,9.9710,-11.776,9.721,12.183,0.000,9.700,0.021,Fairway,roll,0.000,0
2398,9.9752,-11.777,9.721,12.182,0.000,9.700,0.021,Fairway,roll,0.000,0
2399,9.9793,-11.777,9.721,12.182,0.000,9.700,0.021,Fairway,roll,0.000,0
2400,9.9835,-11.778,9.721,12.182,0.000,9.700,0.021,Fairway,roll,0.000,0
2401,9.9877,-11.778,9.721,12.182,0.000,9.700,0.021,Fairway,roll,0.000,0
2402,9.9918,-11.779,9.721,12.182,0.000,9.700,0.021,Fairway,roll,0.000,0
2403,9.9960,-11.779,9.721,12.181,0.000,9.700,0.021,Fairway,roll,0.000,0
2404,10.0002,-11.780,9.721,12.181,0.000,9.700,0.021,Fairway,roll,0.000,0
2405,10.0043,-11.780,9.721,12.181,0.000,9.700,0.021,Fairway,roll,0.000,0
2406,10.0085,-11.780,9.721,12.181,0.000,9.700,0.021,Fairway,roll,0.000,0
2407,10.0127,-11.781,9.721,12.181,0.000,9.700,0.021,Fairway,roll,0.000,0
2408,10.0168,-11.781,9.721,12.180,0.000,9.700,0.021,Fairway,roll,0.000,0
2409,10.0210,-11.782,9.721,12.180,0.000,9.700,0.021,Fairway,roll,0.000,0
2410,10.0252,-11.782,9.721,12.180,0.000,9.700,0.021,Fairway,roll,0.000,0
2411,10.0293,-11.783,9.721,12.180,0.000,9.700,0.021,Fairway,roll,0.000,0
2412,10.0335,-11.783,9.721,12.180,0.000,9.700,0.021,Fairway,roll,0.000,0
2413,10.0377,-11.784,9.721,12.179,0.000,9.700,0.021,Fairway,roll,0.000,0
2414,10.0418,-11.784,9.721,12.179,0.000,9.700,0.021,Fairway,roll,0.000,0
2415,10.0460,-11.784,9.721,12.179,0.000,9.700,0.021,Fairway,roll,0.000,0
2416,10.0502,-11.785,9.721,12.179,0.000,9.700,0.021,Fairway,roll,0.000,0
2417,10.0543,-11.785,9.721,12.179,0.000,9.700,0.021,Fairway,roll,0.000,0
2418,10.0585,-11.786,9.721,12.178,0.000,9.700,0.021,Fairway,roll,0.000,0
2419,10.0627,-11.786,9.721,12.178,0.000,9.700,0.021,Fairway,roll,0.000,0
2420,10.0668,-11.787,9.721,12.178,0.000,9.700,0.021,Fairway,roll,0.000,0
2421,10.0710,-11.787,9.721,12.178,0.000,9.700,0.021,Fairway,roll,0.000,0
2422,10.0752,-11.788,9.721,12.178,0.000,9.700,0.021,Fairway,roll,0.000,0
2423,10.0793,-11.788,9.721,12.177,0.000,9.700,0.021,Fairway,roll,0.000,0
2424,10.0835,-11.788,9.721,12.177,0.000,9.700,0.021,Fairway,roll,0.000,0
2425,10.0877,-11.789,9.721,12.177,0.000,9.700,0.021,Fairway,roll,0.000,0
2426,10.0918,-11.789,9.721,12.177,0.000,9.700,0.021,Fairway,roll,0.000,0
2427,10.0960,-11.790,9.721,12.177,0.000,9.700,0.021,Fairway,roll,0.000,0
2428,10.1001,-11.790,9.721,12.176,0.000,9.700,0.021,Fairway,roll,0.000,0
2429,10.1043,-11.791,9.721,12.176,0.000,9.700,0.021,Fairway,roll,0.000,0
2430,10.1085,-11.791,9.721,12.176,0.000,9.700,0.021,Fairway,roll,0.000,0
2431,10.1126,-11.791,9.721,12.176,0.000,9.699,0.021,Fairway,roll,0.000,0
2432,10.1168,-11.792,9.721,12.176,0.000,9.699,0.021,Fairway,roll,0.000,0
2433,10.1210,-11.792,9.721,12.175,0.000,9.699,0.021,Fairway,roll,0.000,0
2434,10.1251,-11.793,9.721,12.175,0.000,9.699,0.021,Fairway,roll,0.000,0
2435,10.1293,-11.793,9.721,12.175,0.000,9.699,0.021,Fairway,roll,0.000,0
2436,10.1335,-11.794,9.721,12.175,0.000,9.699,0.021,Fairway,roll,0.000,0
2437,10.1376,-11.794,9.721,12.175,0.000,9.699,0.021,Fairway,roll,0.000,0
2438,10.1418,-11.794,9.721,12.174,0.000,9.699,0.021,Fairway,roll,0.000,0
2439,10.1460,-11.795,9.721,12.174,0.000,9.699,0.021,Fairway,roll,0.000,0
2440,10.1501,-11.795,9.721,12.174,0.000,9.699,0.021,Fairway,roll,0.000,0
2441,10.1543,-11.796,9.721,12.174,0.000,9.699,0.021,Fairway,roll,0.000,0
2442,10.1585,-11.796,9.721,12.174,0.000,9.699,0.021,Fairway,roll,0.000,0
2443,10.1626,-11.797,9.721,12.173,0.000,9.699,0.021,Fairway,roll,0.000,0
2444,10.1668,-11.797,9.721,12.173,0.000,9.699,0.021,Fairway,roll,0.000,0
2445,10.1710,-11.797,9.721,12.173,0.000,9.699,0.021,Fairway,roll,0.000,0
2446,10.1751,-11.798,9.721,12.173,0.000,9.699,0.021,Fairway,roll,0.000,0
2447,10.1793,-11.798,9.721,12.173,0.000,9.699,0.021,Fairway,roll,0.000,0
2448,10.1835,-11.799,9.721,12.172,0.000,9.699,0.021,Fairway,roll,0.000,0
2449,10.1876,-11.799,9.721,12.172,0.000,9.699,0.021,Fairway,roll,0.000,0
2450,10.1918,-11.800,9.721,12.172,0.000,9.699,0.021,Fairway,roll,0.000,0
2451,10.1960,-11.800,9.720,12.172,0.000,9.699,0.021,Fairway,roll,0.000,0
2452,10.2001,-11.800,9.720,12.172,0.000,9.699,0.021,Fairway,roll,0.000,0
2453,10.2043,-11.801,9.720,12.171,0.000,9.699,0.021,Fairway,roll,0.000,0
2454,10.2085,-11.801,9.720,12.171,0.000,9.699,0.021,Fairway,roll,0.000,0
2455,10.2126,-11.802,9.720,12.171,0.000,9.699,0.021,Fairway,roll,0.000,0
2456,10.2168,-11.802,9.720,12.171,0.000,9.699,0.021,Fairway,roll,0.000,0
2457,10.2210,-11.803,9.720,12.171,0.000,9.699,0.021,Fairway,roll,0.000,0
2458,10.2251,-11.803,9.720,12.171,0.000,9.699,0.021,Fairway,roll,0.000,0
2459,10.2293,-11.803,9.720,12.170,0.000,9.699,0.021,Fairway,roll,0.000,0
2460,10.2334,-11.804,9.720,12.170,0.000,9.699,0.021,Fairway,roll,0.000,0
2461,10.2376,-11.804,9.720,12.170,0.000,9.699,0.021,Fairway,roll,0.000,0
2462,10.2418,-11.805,9.720,12.170,0.000,9.699,0.021,Fairway,roll,0.000,0
2463,10.2459,-11.805,9.720,12.170,0.000,9.699,0.021,Fairway,roll,0.000,0
2464,10.2501,-11.806,9.720,12.169,0.000,9.699,0.021,Fairway,roll,0.000,0
2465,10.2543,-11.806,9.720,12.169,0.000,9.699,0.021,Fairway,roll,0.000,0
2466,10.2584,-11.806,9.720,12.169,0.000,9.699,0.021,Fairway,roll,0.000,0
2467,10.2626,-11.807,9.720,12.169,0.000,9.699,0.021,Fairway,roll,0.000,0
2468,10.2668,-11.807,9.720,12.169,0.000,9.699,0.021,Fairway,roll,0.000,0
2469,10.2709,-11.808,9.720,12.169,0.000,9.699,0.021,Fairway,roll,0.000,0
2470,10.2751,-11.808,9.720,12.168,0.000,9.699,0.021,Fairway,roll,0.000,0
2471,10.2793,-11.809,9.720,12.168,0.000,9.699,0.021,Fairway,roll,0.000,0
2472,10.2834,-11.809,9.720,12.168,0.000,9.699,0.021,Fairway,roll,0.000,0
2473,10.2876,-11.809,9.720,12.168,0.000,9.699,0.021,Fairway,roll,0.000,0
2474,10.2918,-11.810,9.720,12.168,0.000,9.699,0.021,Fairway,roll,0.000,0
2475,10.2959,-11.810,9.720,12.167,0.000,9.699,0.021,Fairway,roll,0.000,0
2476,10.3001,-11.811,9.720,12.167,0.000,9.699,0.021,Fairway,roll,0.000,0
2477,10.3043,-11.811,9.720,12.167,0.000,9.699,0.021,Fairway,roll,0.000,0
2478,10.3084,-11.811,9.720,12.167,0.000,9.699,0.021,Fairway,roll,0.000,0
2479,10.3126,-11.812,9.720,12.167,0.000,9.699,0.021,Fairway,roll,0.000,0
2480,10.3168,-11.812,9.720,12.167,0.000,9.699,0.021,Fairway,roll,0.000,0
2481,10.3209,-11.813,9.720,12.166,0.000,9.699,0.021,Fairway,roll,0.000,0
2482,10.3251,-11.813,9.720,12.166,0.000,9.699,0.021,Fairway,roll,0.000,0
2483,10.3293,-11.814,9.720,12.166,0.000,9.699,0.021,Fairway,roll,0.000,0
2484,10.3334,-11.814,9.720,12.166,0.000,9.699,0.021,Fairway,roll,0.000,0
2485,10.3376,-11.814,9.720,12.166,0.000,9.699,0.021,Fairway,roll,0.000,0
2486,10.3418,-11.815,9.720,12.165,0.000,9.699,0.021,Fairway,roll,0.000,0
2487,10.3459,-11.815,9.720,12.165,0.000,9.699,0.021,Fairway,roll,0.000,0
2488,10.3501,-11.816,9.720,12.165,0.000,9.699,0.021,Fairway,roll,0.000,0
2489,10.3543,-11.816,9.720,12.165,0.000,9.699,0.021,Fairway,roll,0.000,0
2490,10.3584,-11.817,9.720,12.165,0.000,9.699,0.021,Fairway,roll,0.000,0
2491,10.3626,-11.817,9.720,12.164,0.000,9.699,0.021,Fairway,roll,0.000,0
2492,10.3667,-11.817,9.720,12.164,0.000,9.699,0.021,Fairway,roll,0.000,0
2493,10.3709,-11.818,9.720,12.164,0.000,9.699,0.021,Fairway,roll,0.000,0
2494,10.3751,-11.818,9.720,12.164,0.000,9.698,0.021,Fairway,roll,0.000,0
2495,10.3792,-11.819,9.720,12.164,0.000,9.698,0.021,Fairway,roll,0.000,0
2496,10.3834,-11.819,9.720,12.164,0.000,9.698,0.021,Fairway,roll,0.000,0
2497,10.3876,-11.819,9.720,12.163,0.000,9.698,0.021,Fairway,roll,0.000,0
2498,10.3917,-11.820,9.720,12.163,0.000,9.698,0.021,Fairway,roll,0.000,0
2499,10.3959,-11.820,9.720,12.163,0.000,9.698,0.021,Fairway,roll,0.000,0
2500,10.4001,-11.821,9.720,12.163,0.000,9.698,0.021,Fairway,roll,0.000,0
2501,10.4042,-11.821,9.720,12.163,0.000,9.698,0.021,Fairway,roll,0.000,0
2502,10.4084,-11.821,9.720,12.162,0.000,9.698,0.021,Fairway,roll,0.000,0
2503,10.4126,-11.822,9.720,12.162,0.000,9.698,0.021,Fairway,roll,0.000,0
2504,10.4167,-11.822,9.720,12.162,0.000,9.698,0.021,Fairway,roll,0.000,0
2505,10.4209,-11.823,9.720,12.162,0.000,9.698,0.021,Fairway,roll,0.000,0
2506,10.4251,-11.823,9.720,12.162,0.000,9.698,0.021,Fairway,roll,0.000,0
2507,10.4292,-11.824,9.720,12.162,0.000,9.698,0.021,Fairway,roll,0.000,0
2508,10.4334,-11.824,9.720,12.161,0.000,9.698,0.021,Fairway,roll,0.000,0
2509,10.4376,-11.824,9.720,12.161,0.000,9.698,0.021,Fairway,roll,0.000,0
2510,10.4417,-11.825,9.720,12.161,0.000,9.698,0.021,Fairway,roll,0.000,0
2511,10.4459,-11.825,9.720,12.161,0.000,9.698,0.021,Fairway,roll,0.000,0
2512,10.4501,-11.826,9.720,12.161,0.000,9.698,0.021,Fairway,roll,0.000,0
2513,10.4542,-11.826,9.720,12.160,0.000,9.698,0.021,Fairway,roll,0.000,0
2514,10.4584,-11.826,9.720,12.160,0.000,9.698,0.021,Fairway,roll,0.000,0
2515,10.4626,-11.827,9.720,12.160,0.000,9.698,0.021,Fairway,roll,0.000,0
2516,10.4667,-11.827,9.720,12.160,0.000,9.698,0.021,Fairway,roll,0.000,0
2517,10.4709,-11.828,9.720,12.160,0.000,9.698,0.021,Fairway,roll,0.000,0
2518,10.4751,-11.828,9.720,12.160,0.000,9.698,0.021,Fairway,roll,0.000,0
2519,10.4792,-11.828,9.720,12.159,0.000,9.698,0.021,Fairway,roll,0.000,0
2520,10.4834,-11.829,9.720,12.159,0.000,9.698,0.021,Fairway,roll,0.000,0
2521,10.4876,-11.829,9.720,12.159,0.000,9.698,0.021,Fairway,roll,0.000,0
2522,10.4917,-11.830,9.720,12.159,0.000,9.698,0.021,Fairway,roll,0.000,0
2523,10.4959,-11.830,9.720,12.159,0.000,9.698,0.021,Fairway,roll,0.000,0
2524,10.5001,-11.831,9.720,12.158,0.000,9.698,0.021,Fairway,roll,0.000,0
2525,10.5042,-11.831,9.720,12.158,0.000,9.698,0.021,Fairway,roll,0.000,0
2526,10.5084,-11.831,9.720,12.158,0.000,9.698,0.021,Fairway,roll,0.000,0
2527,10.5125,-11.832,9.720,12.158,0.000,9.698,0.021,Fairway,roll,0.000,0
2528,10.5167,-11.832,9.720,12.158,0.000,9.698,0.021,Fairway,roll,0.000,0
2529,10.5209,-11.833,9.720,12.158,0.000,9.698,0.021,Fairway,roll,0.000,0
2530,10.5250,-11.833,9.720,12.157,0.000,9.698,0.021,Fairway,roll,0.000,0
2531,10.5292,-11.833,9.720,12.157,0.000,9.698,0.021,Fairway,roll,0.000,0
2532,10.5334,-11.834,9.720,12.157,0.000,9.698,0.021,Fairway,roll,0.000,0
2533,10.5375,-11.834,9.719,12.157,0.000,9.698,0.021,Fairway,roll,0.000,0
2534,10.5417,-11.835,9.719,12.157,0.000,9.698,0.021,Fairway,roll,0.000,0
2535,10.5459,-11.835,9.719,12.156,0.000,9.698,0.021,Fairway,roll,0.000,0
2536,10.5500,-11.835,9.719,12.156,0.000,9.698,0.021,Fairway,roll,0.000,0
2537,10.5542,-11.836,9.719,12.156,0.000,9.698,0.021,Fairway,roll,0.000,0
2538,10.5584,-11.836,9.719,12.156,0.000,9.698,0.021,Fairway,roll,0.000,0
2539,10.5625,-11.837,9.719,12.156,0.000,9.698,0.021,Fairway,roll,0.000,0
2540,10.5667,-11.837,9.719,12.156,0.000,9.698,0.021,Fairway,roll,0.000,0
2541,10.5709,-11.838,9.719,12.155,0.000,9.698,0.021,Fairway,roll,0.000,0
2542,10.5750,-11.838,9.719,12.155,0.000,9.698,0.021,Fairway,roll,0.000,0
2543,10.5792,-11.838,9.719,12.155,0.000,9.698,0.021,Fairway,roll,0.000,0
2544,10.5834,-11.839,9.719,12.155,0.000,9.698,0.021,Fairway,roll,0.000,0
2545,10.5875,-11.839,9.719,12.155,0.000,9.698,0.021,Fairway,roll,0.000,0
2546,10.5917,-11.840,9.719,12.154,0.000,9.698,0.021,Fairway,roll,0.000,0
2547,10.5959,-11.840,9.719,12.154,0.000,9.698,0.021,Fairway,roll,0.000,0
2548,10.6000,-11.840,9.719,12.154,0.000,9.698,0.021,Fairway,roll,0.000,0
2549,10.6042,-11.841,9.719,12.154,0.000,9.698,0.021,Fairway,roll,0.000,0
2550,10.6084,-11.841,9.719,12.154,0.000,9.698,0.021,Fairway,roll,0.000,0
2551,10.6125,-11.841,9.719,12.154,0.000,9.698,0.021,Fairway,roll,0.000,0
2552,10.6167,-11.842,9.719,12.153,0.000,9.698,0.021,Fairway,roll,0.000,0
2553,10.6209,-11.842,9.719,12.153,0.000,9.698,0.021,Fairway,roll,0.000,0
2554,10.6250,-11.843,9.719,12.153,0.000,9.698,0.021,Fairway,roll,0.000,0
2555,10.6292,-11.843,9.719,12.153,0.000,9.698,0.021,Fairway,roll,0.000,0
2556,10.6334,-11.843,9.719,12.153,0.000,9.698,0.021,Fairway,roll,0.000,0
2557,10.6375,-11.844,9.719,12.152,0.000,9.698,0.021,Fairway,roll,0.000,0
2558,10.6417,-11.844,9.719,12.152,0.000,9.698,0.021,Fairway,roll,0.000,0
2559,10.6458,-11.845,9.719,12.152,0.000,9.698,0.021,Fairway,roll,0.000,0
2560,10.6500,-11.845,9.719,12.152,0.000,9.698,0.021,Fairway,roll,0.000,0
2561,10.6542,-11.845,9.719,12.152,0.000,9.698,0.021,Fairway,roll,0.000,0
2562,10.6583,-11.846,9.719,12.151,0.000,9.698,0.021,Fairway,roll,0.000,0
2563,10.6625,-11.846,9.719,12.151,0.000,9.698,0.021,Fairway,roll,0.000,0
2564,10.6667,-11.847,9.719,12.151,0.000,9.698,0.021,Fairway,roll,0.000,0
2565,10.6708,-11.847,9.719,12.151,0.000,9.698,0.021,Fairway,roll,0.000,0
2566,10.6750,-11.847,9.719,12.151,0.000,9.698,0.021,Fairway,roll,0.000,0
2567,10.6792,-11.848,9.719,12.151,0.000,9.698,0.021,Fairway,roll,0.000,0
2568,10.6833,-11.848,9.719,12.150,0.000,9.698,0.021,Fairway,roll,0.000,0
2569,10.6875,-11.849,9.719,12.150,0.000,9.698,0.021,Fairway,roll,0.000,0
2570,10.6917,-11.849,9.719,12.150,0.000,9.698,0.021,Fairway,roll,0.000,0
2571,10.6958,-11.849,9.719,12.150,0.000,9.698,0.021,Fairway,roll,0.000,0
2572,10.7000,-11.850,9.719,12.150,0.000,9.698,0.021,Fairway,roll,0.000,0
2573,10.7042,-11.850,9.719,12.149,0.000,9.698,0.021,Fairway,roll,0.000,0
2574,10.7083,-11.851,9.719,12.149,0.000,9.698,0.021,Fairway,roll,0.000,0
2575,10.7125,-11.851,9.719,12.149,0.000,9.698,0.021,Fairway,roll,0.000,0
2576,10.7167,-11.851,9.719,12.149,0.000,9.698,0.021,Fairway,roll,0.000,0
2577,10.7208,-11.852,9.719,12.149,0.000,9.697,0.021,Fairway,roll,0.000,0
2578,10.7250,-11.852,9.719,12.149,0.000,9.697,0.021,Fairway,roll,0.000,0
2579,10.7292,-11.853,9.719,12.148,0.000,9.697,0.021,Fairway,roll,0.000,0
2580,10.7333,-11.853,9.719,12.148,0.000,9.697,0.021,Fairway,roll,0.000,0
2581,10.7375,-11.853,9.719,12.148,0.000,9.697,0.021,Fairway,roll,0.000,0
2582,10.7417,-11.854,9.719,12.148,0.000,9.697,0.021,Fairway,roll,0.000,0
2583,10.7458,-11.854,9.719,12.148,0.000,9.697,0.021,Fairway,roll,0.000,0
2584,10.7500,-11.855,9.719,12.147,0.000,9.697,0.021,Fairway,roll,0.000,0
2585,10.7542,-11.855,9.719,12.147,0.000,9.697,0.021,Fairway,roll,0.000,0
2586,10.7583,-11.855,9.719,12.147,0.000,9.697,0.021,Fairway,roll,0.000,0
2587,10.7625,-11.856,9.719,12.147,0.000,9.697,0.021,Fairway,roll,0.000,0
2588,10.7667,-11.856,9.719,12.147,0.000,9.697,0.021,Fairway,roll,0.000,0
2589,10.7708,-11.857,9.719,12.147,0.000,9.697,0.021,Fairway,roll,0.000,0
2590,10.7750,-11.857,9.719,12.146,0.000,9.697,0.021,Fairway,roll,0.000,0
2591,10.7791,-11.857,9.719,12.146,0.000,9.697,0.021,Fairway,roll,0.000,0
2592,10.7833,-11.858,9.719,12.146,0.000,9.697,0.021,Fairway,roll,0.000,0
2593,10.7875,-11.858,9.719,12.146,0.000,9.697,0.021,Fairway,roll,0.000,0
2594,10.7916,-11.859,9.719,12.146,0.000,9.697,0.021,Fairway,roll,0.000,0
2595,10.7958,-11.859,9.719,12.145,0.000,9.697,0.021,Fairway,roll,0.000,0
2596,10.8000,-11.859,9.719,12.145,0.000,9.697,0.021,Fairway,roll,0.000,0
2597,10.8041,-11.860,9.719,12.145,0.000,9.697,0.021,Fairway,roll,0.000,0
2598,10.8083,-11.860,9.719,12.145,0.000,9.697,0.021,Fairway,roll,0.000,0
2599,10.8125,-11.861,9.719,12.145,0.000,9.697,0.021,Fairway,roll,0.000,0
2600,10.8166,-11.861,9.719,12.145,0.000,9.697,0.021,Fairway,roll,0.000,0
2601,10.8208,-11.861,9.719,12.144,0.000,9.697,0.021,Fairway,roll,0.000,0
2602,10.8250,-11.862,9.719,12.144,0.000,9.697,0.021,Fairway,roll,0.000,0
2603,10.8291,-11.862,9.719,12.144,0.000,9.697,0.021,Fairway,roll,0.000,0
2604,10.8333,-11.862,9.718,12.144,0.000,9.697,0.021,Fairway,roll,0.000,0
2605,10.8375,-11.863,9.718,12.144,0.000,9.697,0.021,Fairway,roll,0.000,0
2606,10.8416,-11.863,9.718,12.144,0.000,9.697,0.021,Fairway,roll,0.000,0
2607,10.8458,-11.864,9.718,12.143,0.000,9.697,0.021,Fairway,roll,0.000,0
2608,10.8500,-11.864,9.718,12.143,0.000,9.697,0.021,Fairway,roll,0.000,0
2609,10.8541,-11.864,9.718,12.143,0.000,9.697,0.021,Fairway,roll,0.000,0
2610,10.8583,-11.865,9.718,12.143,0.000,9.697,0.021,Fairway,roll,0.000,0
2611,10.8625,-11.865,9.718,12.143,0.000,9.697,0.021,Fairway,roll,0.000,0
2612,10.8666,-11.866,9.718,12.143,0.000,9.697,0.021,Fairway,roll,0.000,0
