frame,time,x,y,z,vy,groundY,signedDist,zoneType,phase,dGroundY,zoneFlip
0,0.0000,39.378,10.851,32.220,21.131,10.831,0.020,Fairway,airborne,0.000,0
1,0.0042,39.202,10.939,32.152,21.060,10.828,0.111,Fairway,airborne,-0.003,0
2,0.0083,39.027,11.027,32.083,20.990,10.825,0.202,Fairway,airborne,-0.003,0
3,0.0125,38.852,11.114,32.014,20.920,10.821,0.293,Fairway,airborne,-0.003,0
4,0.0167,38.677,11.201,31.946,20.850,10.818,0.383,Fairway,airborne,-0.003,0
5,0.0208,38.502,11.288,31.878,20.781,10.814,0.473,Fairway,airborne,-0.003,0
6,0.0250,38.328,11.374,31.809,20.711,10.811,0.563,Fairway,airborne,-0.003,0
7,0.0292,38.153,11.460,31.741,20.642,10.808,0.653,Fairway,airborne,-0.003,0
8,0.0333,37.979,11.546,31.673,20.573,10.804,0.742,Fairway,airborne,-0.003,0
9,0.0375,37.806,11.632,31.605,20.504,10.801,0.831,Fairway,airborne,-0.004,0
10,0.0417,37.632,11.717,31.537,20.435,10.797,0.920,Fairway,airborne,-0.004,0
11,0.0458,37.459,11.802,31.470,20.367,10.794,1.008,Fairway,airborne,-0.003,0
12,0.0500,37.286,11.887,31.402,20.299,10.790,1.096,Fairway,airborne,-0.003,0
13,0.0542,37.113,11.971,31.334,20.230,10.787,1.184,Fairway,airborne,-0.003,0
14,0.0583,36.940,12.055,31.267,20.162,10.784,1.272,Fairway,airborne,-0.003,0
15,0.0625,36.768,12.139,31.200,20.095,10.780,1.359,Fairway,airborne,-0.003,0
16,0.0667,36.596,12.223,31.132,20.027,10.777,1.446,Fairway,airborne,-0.004,0
17,0.0708,36.424,12.306,31.065,19.960,10.773,1.533,Fairway,airborne,-0.004,0
18,0.0750,36.253,12.389,30.998,19.892,10.769,1.620,Fairway,airborne,-0.004,0
19,0.0791,36.081,12.472,30.931,19.825,10.766,1.706,Fairway,airborne,-0.004,0
20,0.0833,35.910,12.554,30.864,19.759,10.762,1.792,Fairway,airborne,-0.003,0
21,0.0875,35.739,12.636,30.797,19.692,10.759,1.877,Fairway,airborne,-0.003,0
22,0.0916,35.568,12.718,30.730,19.625,10.756,1.963,Fairway,airborne,-0.003,0
23,0.0958,35.398,12.800,30.663,19.559,10.752,2.048,Fairway,airborne,-0.003,0
24,0.1000,35.227,12.881,30.597,19.493,10.749,2.132,Fairway,airborne,-0.004,0
25,0.1041,35.057,12.962,30.530,19.427,10.745,2.217,Fairway,airborne,-0.004,0
26,0.1083,34.887,13.043,30.464,19.361,10.741,2.302,Fairway,airborne,-0.004,0
27,0.1125,34.718,13.123,30.398,19.295,10.738,2.386,Fairway,airborne,-0.004,0
28,0.1166,34.548,13.204,30.331,19.230,10.734,2.470,Fairway,airborne,-0.004,0
29,0.1208,34.379,13.284,30.265,19.164,10.730,2.553,Fairway,airborne,-0.004,0
30,0.1250,34.210,13.363,30.199,19.099,10.726,2.637,Fairway,airborne,-0.004,0
31,0.1291,34.041,13.443,30.133,19.034,10.723,2.720,Fairway,airborne,-0.004,0
32,0.1333,33.873,13.522,30.067,18.969,10.719,2.803,Fairway,airborne,-0.004,0
33,0.1375,33.705,13.601,30.001,18.905,10.715,2.886,Fairway,airborne,-0.004,0
34,0.1416,33.536,13.679,29.935,18.840,10.711,2.968,Fairway,airborne,-0.004,0
35,0.1458,33.368,13.758,29.870,18.776,10.708,3.050,Fairway,airborne,-0.004,0
36,0.1500,33.201,13.836,29.804,18.711,10.704,3.131,Fairway,airborne,-0.004,0
37,0.1541,33.033,13.914,29.739,18.647,10.700,3.213,Fairway,airborne,-0.004,0
38,0.1583,32.866,13.991,29.673,18.583,10.697,3.294,Fairway,airborne,-0.004,0
39,0.1625,32.699,14.068,29.608,18.520,10.693,3.375,Fairway,airborne,-0.004,0
40,0.1666,32.532,14.145,29.542,18.456,10.690,3.456,Fairway,airborne,-0.004,0
41,0.1708,32.365,14.222,29.477,18.392,10.686,3.536,Fairway,airborne,-0.004,0
42,0.1750,32.199,14.299,29.412,18.329,10.682,3.617,Fairway,airborne,-0.004,0
43,0.1791,32.032,14.375,29.347,18.266,10.678,3.697,Fairway,airborne,-0.004,0
44,0.1833,31.866,14.451,29.282,18.203,10.674,3.777,Fairway,airborne,-0.004,0
45,0.1875,31.701,14.526,29.217,18.140,10.670,3.856,Fairway,airborne,-0.004,0
46,0.1916,31.535,14.602,29.152,18.077,10.667,3.935,Fairway,airborne,-0.004,0
47,0.1958,31.369,14.677,29.088,18.015,10.663,4.014,Fairway,airborne,-0.004,0
48,0.2000,31.204,14.752,29.023,17.952,10.659,4.093,Fairway,airborne,-0.004,0
49,0.2041,31.039,14.827,28.959,17.890,10.656,4.171,Fairway,airborne,-0.004,0
50,0.2083,30.874,14.901,28.894,17.828,10.652,4.249,Fairway,airborne,-0.004,0
51,0.2124,30.709,14.975,28.830,17.766,10.648,4.327,Fairway,airborne,-0.004,0
52,0.2166,30.545,15.049,28.765,17.704,10.644,4.405,Fairway,airborne,-0.004,0
53,0.2208,30.381,15.123,28.701,17.642,10.641,4.482,Fairway,airborne,-0.004,0
54,0.2249,30.217,15.196,28.637,17.580,10.637,4.559,Fairway,airborne,-0.004,0
55,0.2291,30.053,15.269,28.573,17.519,10.633,4.636,Fairway,airborne,-0.004,0
56,0.2333,29.889,15.342,28.509,17.457,10.629,4.713,Fairway,airborne,-0.004,0
57,0.2374,29.725,15.414,28.445,17.396,10.625,4.789,Fairway,airborne,-0.004,0
58,0.2416,29.562,15.487,28.381,17.335,10.621,4.866,Fairway,airborne,-0.004,0
59,0.2458,29.399,15.559,28.317,17.274,10.617,4.941,Fairway,airborne,-0.004,0
60,0.2499,29.236,15.631,28.253,17.213,10.614,5.017,Fairway,airborne,-0.004,0
61,0.2541,29.073,15.702,28.190,17.153,10.610,5.092,Fairway,airborne,-0.004,0
62,0.2583,28.911,15.774,28.126,17.092,10.606,5.168,Fairway,airborne,-0.004,0
63,0.2624,28.748,15.845,28.063,17.032,10.602,5.243,Fairway,airborne,-0.004,0
64,0.2666,28.586,15.915,27.999,16.971,10.598,5.318,Fairway,airborne,-0.004,0
65,0.2708,28.424,15.986,27.936,16.911,10.594,5.392,Fairway,airborne,-0.004,0
66,0.2749,28.262,16.056,27.872,16.851,10.590,5.466,Fairway,airborne,-0.004,0
67,0.2791,28.101,16.126,27.809,16.791,10.586,5.540,Fairway,airborne,-0.004,0
68,0.2833,27.939,16.196,27.746,16.731,10.583,5.613,Fairway,airborne,-0.004,0
69,0.2874,27.778,16.266,27.683,16.671,10.579,5.687,Fairway,airborne,-0.004,0
70,0.2916,27.617,16.335,27.620,16.612,10.576,5.759,Fairway,airborne,-0.004,0
71,0.2958,27.456,16.404,27.557,16.552,10.572,5.832,Fairway,airborne,-0.003,0
72,0.2999,27.295,16.473,27.494,16.493,10.568,5.904,Fairway,airborne,-0.004,0
73,0.3041,27.135,16.541,27.431,16.434,10.565,5.977,Fairway,airborne,-0.004,0
74,0.3083,26.974,16.610,27.369,16.375,10.561,6.049,Fairway,airborne,-0.004,0
75,0.3124,26.814,16.678,27.306,16.316,10.557,6.121,Fairway,airborne,-0.004,0
76,0.3166,26.654,16.746,27.243,16.257,10.553,6.193,Fairway,airborne,-0.004,0
77,0.3208,26.494,16.813,27.181,16.198,10.549,6.264,Fairway,airborne,-0.004,0
78,0.3249,26.334,16.881,27.118,16.140,10.545,6.336,Fairway,airborne,-0.004,0
79,0.3291,26.175,16.948,27.056,16.081,10.541,6.407,Fairway,airborne,-0.004,0
80,0.3333,26.016,17.015,26.994,16.023,10.537,6.478,Fairway,airborne,-0.004,0
81,0.3374,25.856,17.081,26.931,15.964,10.533,6.548,Fairway,airborne,-0.004,0
82,0.3416,25.697,17.148,26.869,15.906,10.529,6.618,Fairway,airborne,-0.004,0
83,0.3457,25.539,17.214,26.807,15.848,10.526,6.688,Fairway,airborne,-0.004,0
84,0.3499,25.380,17.280,26.745,15.790,10.522,6.757,Fairway,airborne,-0.004,0
85,0.3541,25.222,17.345,26.683,15.732,10.519,6.827,Fairway,airborne,-0.004,0
86,0.3582,25.063,17.411,26.621,15.675,10.515,6.896,Fairway,airborne,-0.004,0
87,0.3624,24.905,17.476,26.559,15.617,10.511,6.964,Fairway,airborne,-0.004,0
88,0.3666,24.747,17.541,26.498,15.560,10.508,7.033,Fairway,airborne,-0.004,0
89,0.3707,24.589,17.606,26.436,15.502,10.504,7.101,Fairway,airborne,-0.004,0
90,0.3749,24.432,17.670,26.374,15.445,10.501,7.169,Fairway,airborne,-0.004,0
91,0.3791,24.274,17.734,26.313,15.388,10.497,7.237,Fairway,airborne,-0.004,0
92,0.3832,24.117,17.798,26.251,15.331,10.493,7.305,Fairway,airborne,-0.004,0
93,0.3874,23.960,17.862,26.190,15.274,10.489,7.372,Fairway,airborne,-0.004,0
94,0.3916,23.803,17.925,26.128,15.217,10.486,7.440,Fairway,airborne,-0.004,0
95,0.3957,23.646,17.989,26.067,15.160,10.482,7.507,Fairway,airborne,-0.004,0
96,0.3999,23.490,18.052,26.006,15.103,10.478,7.573,Fairway,airborne,-0.004,0
97,0.4041,23.333,18.114,25.944,15.047,10.474,7.640,Fairway,airborne,-0.004,0
98,0.4082,23.177,18.177,25.883,14.990,10.471,7.706,Fairway,airborne,-0.003,0
99,0.4124,23.021,18.239,25.822,14.934,10.467,7.772,Fairway,airborne,-0.004,0
100,0.4166,22.865,18.301,25.761,14.878,10.464,7.838,Fairway,airborne,-0.004,0
101,0.4207,22.709,18.363,25.700,14.822,10.460,7.903,Fairway,airborne,-0.004,0
102,0.4249,22.553,18.425,25.639,14.766,10.456,7.969,Fairway,airborne,-0.004,0
103,0.4291,22.398,18.486,25.579,14.710,10.453,8.034,Fairway,airborne,-0.004,0
104,0.4332,22.242,18.547,25.518,14.654,10.449,8.098,Fairway,airborne,-0.004,0
105,0.4374,22.087,18.608,25.457,14.598,10.445,8.163,Fairway,airborne,-0.004,0
106,0.4416,21.932,18.669,25.396,14.542,10.442,8.227,Fairway,airborne,-0.003,0
107,0.4457,21.777,18.729,25.336,14.487,10.439,8.291,Fairway,airborne,-0.003,0
108,0.4499,21.623,18.790,25.275,14.431,10.435,8.355,Fairway,airborne,-0.003,0
109,0.4541,21.468,18.850,25.215,14.376,10.431,8.418,Fairway,airborne,-0.004,0
110,0.4582,21.314,18.909,25.155,14.321,10.428,8.482,Fairway,airborne,-0.004,0
111,0.4624,21.160,18.969,25.094,14.265,10.424,8.545,Fairway,airborne,-0.004,0
112,0.4666,21.006,19.028,25.034,14.210,10.420,8.608,Fairway,airborne,-0.004,0
113,0.4707,20.852,19.087,24.974,14.155,10.417,8.671,Fairway,airborne,-0.004,0
114,0.4749,20.698,19.146,24.914,14.100,10.413,8.733,Fairway,airborne,-0.003,0
115,0.4790,20.544,19.205,24.853,14.046,10.410,8.795,Fairway,airborne,-0.003,0
116,0.4832,20.391,19.263,24.793,13.991,10.406,8.857,Fairway,airborne,-0.003,0
117,0.4874,20.237,19.321,24.733,13.936,10.403,8.918,Fairway,airborne,-0.003,0
118,0.4915,20.084,19.379,24.674,13.882,10.400,8.979,Fairway,airborne,-0.003,0
119,0.4957,19.931,19.437,24.614,13.827,10.397,9.040,Fairway,airborne,-0.003,0
120,0.4999,19.778,19.494,24.554,13.773,10.393,9.101,Fairway,airborne,-0.003,0
121,0.5040,19.626,19.552,24.494,13.719,10.390,9.162,Fairway,airborne,-0.003,0
122,0.5082,19.473,19.609,24.434,13.664,10.387,9.222,Fairway,airborne,-0.003,0
123,0.5124,19.321,19.666,24.375,13.610,10.383,9.282,Fairway,airborne,-0.003,0
124,0.5165,19.168,19.722,24.315,13.556,10.380,9.342,Fairway,airborne,-0.003,0
125,0.5207,19.016,19.778,24.256,13.502,10.376,9.402,Fairway,airborne,-0.003,0
126,0.5249,18.864,19.835,24.196,13.448,10.373,9.462,Fairway,airborne,-0.003,0
127,0.5290,18.712,19.890,24.137,13.395,10.370,9.521,Fairway,airborne,-0.003,0
128,0.5332,18.561,19.946,24.078,13.341,10.366,9.580,Fairway,airborne,-0.003,0
129,0.5374,18.409,20.002,24.018,13.287,10.363,9.639,Fairway,airborne,-0.003,0
130,0.5415,18.258,20.057,23.959,13.234,10.359,9.698,Fairway,airborne,-0.003,0
131,0.5457,18.107,20.112,23.900,13.180,10.356,9.756,Fairway,airborne,-0.003,0
132,0.5499,17.955,20.167,23.841,13.127,10.353,9.814,Fairway,airborne,-0.003,0
133,0.5540,17.805,20.221,23.782,13.074,10.349,9.872,Fairway,airborne,-0.003,0
134,0.5582,17.654,20.276,23.723,13.021,10.346,9.929,Fairway,airborne,-0.003,0
135,0.5624,17.503,20.330,23.664,12.968,10.343,9.987,Fairway,airborne,-0.003,0
136,0.5665,17.352,20.384,23.605,12.915,10.340,10.044,Fairway,airborne,-0.003,0
137,0.5707,17.202,20.437,23.546,12.862,10.337,10.101,Fairway,airborne,-0.003,0
138,0.5749,17.052,20.491,23.487,12.809,10.333,10.157,Fairway,airborne,-0.003,0
139,0.5790,16.902,20.544,23.429,12.756,10.330,10.214,Fairway,airborne,-0.003,0
140,0.5832,16.752,20.597,23.370,12.703,10.327,10.270,Fairway,airborne,-0.003,0
141,0.5874,16.602,20.650,23.311,12.651,10.324,10.326,Fairway,airborne,-0.003,0
142,0.5915,16.452,20.702,23.253,12.598,10.321,10.382,Fairway,airborne,-0.003,0
143,0.5957,16.303,20.755,23.194,12.546,10.317,10.437,Fairway,airborne,-0.003,0
144,0.5999,16.153,20.807,23.136,12.493,10.314,10.493,Fairway,airborne,-0.003,0
145,0.6040,16.004,20.859,23.078,12.441,10.311,10.548,Fairway,airborne,-0.003,0
146,0.6082,15.855,20.910,23.019,12.389,10.308,10.603,Fairway,airborne,-0.003,0
147,0.6124,15.706,20.962,22.961,12.336,10.305,10.657,Fairway,airborne,-0.003,0
148,0.6165,15.557,21.013,22.903,12.284,10.301,10.712,Fairway,airborne,-0.003,0
149,0.6207,15.408,21.064,22.844,12.232,10.298,10.766,Fairway,airborne,-0.003,0
150,0.6248,15.260,21.115,22.786,12.180,10.295,10.820,Fairway,airborne,-0.003,0
151,0.6290,15.111,21.166,22.728,12.129,10.292,10.873,Fairway,airborne,-0.003,0
152,0.6332,14.963,21.216,22.670,12.077,10.289,10.927,Fairway,airborne,-0.003,0
153,0.6373,14.815,21.266,22.612,12.025,10.286,10.980,Fairway,airborne,-0.003,0
154,0.6415,14.667,21.316,22.554,11.973,10.283,11.033,Fairway,airborne,-0.003,0
155,0.6457,14.519,21.366,22.497,11.922,10.280,11.086,Fairway,airborne,-0.003,0
156,0.6498,14.371,21.416,22.439,11.870,10.277,11.139,Fairway,airborne,-0.003,0
157,0.6540,14.223,21.465,22.381,11.819,10.274,11.191,Fairway,airborne,-0.003,0
158,0.6582,14.076,21.514,22.323,11.768,10.271,11.243,Fairway,airborne,-0.003,0
159,0.6623,13.928,21.563,22.266,11.716,10.268,11.295,Fairway,airborne,-0.003,0
160,0.6665,13.781,21.612,22.208,11.665,10.264,11.347,Fairway,airborne,-0.003,0
161,0.6707,13.634,21.660,22.150,11.614,10.262,11.399,Fairway,airborne,-0.003,0
162,0.6748,13.487,21.708,22.093,11.563,10.259,11.450,Fairway,airborne,-0.003,0
163,0.6790,13.340,21.756,22.035,11.512,10.256,11.501,Fairway,airborne,-0.003,0
164,0.6832,13.193,21.804,21.978,11.461,10.253,11.552,Fairway,airborne,-0.003,0
165,0.6873,13.047,21.852,21.921,11.410,10.250,11.602,Fairway,airborne,-0.003,0
166,0.6915,12.900,21.899,21.863,11.359,10.247,11.652,Fairway,airborne,-0.003,0
167,0.6957,12.754,21.947,21.806,11.308,10.244,11.702,Fairway,airborne,-0.003,0
168,0.6998,12.608,21.994,21.749,11.258,10.241,11.752,Fairway,airborne,-0.003,0
169,0.7040,12.461,22.040,21.692,11.207,10.238,11.802,Fairway,airborne,-0.003,0
170,0.7082,12.315,22.087,21.635,11.157,10.235,11.851,Fairway,airborne,-0.003,0
171,0.7123,12.170,22.133,21.578,11.106,10.233,11.901,Fairway,airborne,-0.003,0
172,0.7165,12.024,22.179,21.521,11.056,10.230,11.950,Fairway,airborne,-0.003,0
173,0.7207,11.878,22.225,21.464,11.005,10.227,11.999,Fairway,airborne,-0.003,0
174,0.7248,11.733,22.271,21.407,10.955,10.224,12.047,Fairway,airborne,-0.003,0
175,0.7290,11.587,22.317,21.350,10.905,10.221,12.096,Fairway,airborne,-0.003,0
176,0.7332,11.442,22.362,21.293,10.855,10.218,12.144,Fairway,airborne,-0.003,0
177,0.7373,11.297,22.407,21.236,10.805,10.215,12.192,Fairway,airborne,-0.003,0
178,0.7415,11.152,22.452,21.180,10.755,10.212,12.240,Fairway,airborne,-0.003,0
179,0.7457,11.007,22.497,21.123,10.705,10.210,12.287,Fairway,airborne,-0.003,0
180,0.7498,10.862,22.541,21.066,10.655,10.207,12.334,Fairway,airborne,-0.003,0
181,0.7540,10.718,22.585,21.010,10.605,10.204,12.382,Fairway,airborne,-0.003,0
182,0.7581,10.573,22.629,20.953,10.555,10.201,12.429,Fairway,airborne,-0.003,0
183,0.7623,10.429,22.673,20.897,10.506,10.198,12.475,Fairway,airborne,-0.003,0
184,0.7665,10.285,22.717,20.840,10.456,10.196,12.521,Fairway,airborne,-0.003,0
185,0.7706,10.141,22.760,20.784,10.406,10.193,12.567,Fairway,airborne,-0.003,0
186,0.7748,9.997,22.804,20.728,10.357,10.190,12.613,Fairway,airborne,-0.003,0
187,0.7790,9.853,22.847,20.671,10.307,10.188,12.659,Fairway,airborne,-0.003,0
188,0.7831,9.709,22.889,20.615,10.258,10.185,12.704,Fairway,airborne,-0.003,0
189,0.7873,9.565,22.932,20.559,10.209,10.183,12.749,Fairway,airborne,-0.003,0
190,0.7915,9.422,22.975,20.503,10.159,10.180,12.794,Fairway,airborne,-0.003,0
191,0.7956,9.278,23.017,20.447,10.110,10.177,12.839,Fairway,airborne,-0.003,0
192,0.7998,9.135,23.059,20.391,10.061,10.175,12.884,Fairway,airborne,-0.003,0
193,0.8040,8.992,23.101,20.335,10.012,10.172,12.928,Fairway,airborne,-0.003,0
194,0.8081,8.849,23.142,20.279,9.963,10.170,12.972,Fairway,airborne,-0.003,0
195,0.8123,8.706,23.184,20.223,9.914,10.167,13.016,Fairway,airborne,-0.003,0
196,0.8165,8.563,23.225,20.167,9.865,10.164,13.061,Fairway,airborne,-0.003,0
197,0.8206,8.420,23.266,20.111,9.816,10.161,13.104,Fairway,airborne,-0.003,0
198,0.8248,8.278,23.306,20.055,9.767,10.158,13.148,Fairway,airborne,-0.003,0
199,0.8290,8.135,23.347,20.000,9.719,10.156,13.192,Fairway,airborne,-0.003,0
200,0.8331,7.993,23.387,19.944,9.670,10.153,13.235,Fairway,airborne,-0.003,0
201,0.8373,7.851,23.428,19.888,9.621,10.150,13.278,Fairway,airborne,-0.003,0
202,0.8415,7.708,23.468,19.833,9.573,10.147,13.320,Fairway,airborne,-0.003,0
203,0.8456,7.566,23.507,19.777,9.524,10.145,13.363,Fairway,airborne,-0.003,0
204,0.8498,7.424,23.547,19.722,9.476,10.142,13.405,Fairway,airborne,-0.003,0
205,0.8540,7.283,23.586,19.666,9.427,10.139,13.447,Fairway,airborne,-0.003,0
206,0.8581,7.141,23.625,19.611,9.379,10.137,13.489,Fairway,airborne,-0.003,0
207,0.8623,6.999,23.664,19.555,9.330,10.134,13.530,Fairway,airborne,-0.003,0
208,0.8665,6.858,23.703,19.500,9.282,10.132,13.572,Fairway,airborne,-0.003,0
209,0.8706,6.717,23.742,19.445,9.234,10.129,13.613,Fairway,airborne,-0.003,0
210,0.8748,6.575,23.780,19.389,9.186,10.126,13.654,Fairway,airborne,-0.003,0
211,0.8790,6.434,23.818,19.334,9.138,10.124,13.694,Fairway,airborne,-0.002,0
212,0.8831,6.293,23.856,19.279,9.090,10.122,13.734,Fairway,airborne,-0.002,0
213,0.8873,6.152,23.894,19.224,9.042,10.119,13.775,Fairway,airborne,-0.002,0
214,0.8914,6.012,23.931,19.169,8.994,10.117,13.815,Fairway,airborne,-0.002,0
215,0.8956,5.871,23.969,19.114,8.946,10.114,13.854,Fairway,airborne,-0.002,0
216,0.8998,5.730,24.006,19.059,8.898,10.112,13.894,Fairway,airborne,-0.002,0
217,0.9039,5.590,24.043,19.004,8.850,10.109,13.934,Fairway,airborne,-0.003,0
218,0.9081,5.450,24.080,18.949,8.803,10.106,13.973,Fairway,airborne,-0.003,0
219,0.9123,5.309,24.116,18.894,8.755,10.104,14.013,Fairway,airborne,-0.003,0
220,0.9164,5.169,24.153,18.839,8.707,10.101,14.052,Fairway,airborne,-0.003,0
221,0.9206,5.029,24.189,18.785,8.660,10.098,14.091,Fairway,airborne,-0.002,0
222,0.9248,4.889,24.225,18.730,8.612,10.095,14.130,Fairway,airborne,-0.003,0
223,0.9289,4.750,24.261,18.675,8.565,10.093,14.168,Fairway,airborne,-0.003,0
224,0.9331,4.610,24.296,18.621,8.517,10.090,14.206,Fairway,airborne,-0.003,0
225,0.9373,4.470,24.331,18.566,8.470,10.087,14.244,Fairway,airborne,-0.003,0
226,0.9414,4.331,24.367,18.511,8.423,10.085,14.282,Fairway,airborne,-0.002,0
227,0.9456,4.191,24.402,18.457,8.375,10.083,14.319,Fairway,airborne,-0.002,0
228,0.9498,4.052,24.436,18.402,8.328,10.080,14.356,Fairway,airborne,-0.003,0
229,0.9539,3.913,24.471,18.348,8.281,10.077,14.394,Fairway,airborne,-0.003,0
230,0.9581,3.774,24.505,18.294,8.234,10.075,14.431,Fairway,airborne,-0.003,0
231,0.9623,3.635,24.540,18.239,8.187,10.072,14.468,Fairway,airborne,-0.003,0
232,0.9664,3.496,24.574,18.185,8.140,10.069,14.504,Fairway,airborne,-0.002,0
233,0.9706,3.357,24.607,18.131,8.093,10.067,14.541,Fairway,airborne,-0.003,0
234,0.9748,3.219,24.641,18.076,8.046,10.064,14.577,Fairway,airborne,-0.003,0
235,0.9789,3.080,24.674,18.022,7.999,10.061,14.613,Fairway,airborne,-0.003,0
236,0.9831,2.942,24.708,17.968,7.952,10.059,14.649,Fairway,airborne,-0.002,0
237,0.9873,2.803,24.741,17.914,7.905,10.057,14.684,Fairway,airborne,-0.002,0
238,0.9914,2.665,24.773,17.860,7.858,10.054,14.719,Fairway,airborne,-0.003,0
239,0.9956,2.527,24.806,17.806,7.812,10.051,14.755,Fairway,airborne,-0.003,0
240,0.9998,2.389,24.839,17.752,7.765,10.048,14.790,Fairway,airborne,-0.003,0
241,1.0039,2.251,24.871,17.698,7.718,10.046,14.825,Fairway,airborne,-0.003,0
242,1.0081,2.113,24.903,17.644,7.672,10.043,14.860,Fairway,airborne,-0.003,0
243,1.0123,1.976,24.935,17.590,7.625,10.040,14.895,Fairway,airborne,-0.003,0
244,1.0164,1.838,24.966,17.536,7.579,10.037,14.929,Fairway,airborne,-0.003,0
245,1.0206,1.701,24.998,17.483,7.533,10.035,14.963,Fairway,airborne,-0.003,0
246,1.0248,1.563,25.029,17.429,7.486,10.032,14.997,Fairway,airborne,-0.003,0
247,1.0289,1.426,25.060,17.375,7.440,10.029,15.031,Fairway,airborne,-0.003,0
248,1.0331,1.289,25.091,17.321,7.393,10.026,15.065,Fairway,airborne,-0.003,0
249,1.0372,1.152,25.122,17.268,7.347,10.024,15.098,Fairway,airborne,-0.003,0
250,1.0414,1.015,25.152,17.214,7.301,10.022,15.131,Fairway,airborne,-0.002,0
251,1.0456,0.878,25.183,17.161,7.255,10.019,15.164,Fairway,airborne,-0.003,0
252,1.0497,0.741,25.213,17.107,7.209,10.016,15.197,Fairway,airborne,-0.003,0
253,1.0539,0.604,25.243,17.054,7.163,10.013,15.230,Fairway,airborne,-0.003,0
254,1.0581,0.468,25.272,17.000,7.117,10.010,15.262,Fairway,airborne,-0.003,0
255,1.0622,0.331,25.302,16.947,7.071,10.007,15.295,Fairway,airborne,-0.003,0
256,1.0664,0.195,25.331,16.893,7.025,10.004,15.327,Fairway,airborne,-0.003,0
257,1.0706,0.059,25.360,16.840,6.979,10.002,15.359,Fairway,airborne,-0.003,0
258,1.0747,-0.078,25.389,16.787,6.933,9.999,15.390,Fairway,airborne,-0.002,0
259,1.0789,-0.214,25.418,16.734,6.887,9.997,15.422,Fairway,airborne,-0.003,0
260,1.0831,-0.350,25.447,16.680,6.841,9.994,15.453,Fairway,airborne,-0.003,0
261,1.0872,-0.486,25.475,16.627,6.796,9.991,15.484,Fairway,airborne,-0.003,0
262,1.0914,-0.622,25.503,16.574,6.750,9.988,15.515,Fairway,airborne,-0.003,0
263,1.0956,-0.757,25.531,16.521,6.704,9.985,15.546,Fairway,airborne,-0.003,0
264,1.0997,-0.893,25.559,16.468,6.659,9.983,15.576,Fairway,airborne,-0.003,0
265,1.1039,-1.028,25.587,16.415,6.613,9.980,15.607,Fairway,airborne,-0.003,0
266,1.1081,-1.164,25.614,16.362,6.568,9.977,15.637,Fairway,airborne,-0.003,0
267,1.1122,-1.299,25.641,16.309,6.522,9.974,15.668,Fairway,airborne,-0.003,0
268,1.1164,-1.434,25.669,16.256,6.477,9.971,15.698,Fairway,airborne,-0.003,0
269,1.1206,-1.569,25.695,16.203,6.431,9.968,15.727,Fairway,airborne,-0.003,0
270,1.1247,-1.705,25.722,16.151,6.386,9.966,15.757,Fairway,airborne,-0.003,0
271,1.1289,-1.839,25.749,16.098,6.341,9.963,15.786,Fairway,airborne,-0.003,0
272,1.1331,-1.974,25.775,16.045,6.295,9.959,15.815,Fairway,airborne,-0.003,0
273,1.1372,-2.109,25.801,15.992,6.250,9.957,15.844,Fairway,airborne,-0.003,0
274,1.1414,-2.244,25.827,15.940,6.205,9.954,15.873,Fairway,airborne,-0.003,0
275,1.1456,-2.378,25.853,15.887,6.160,9.951,15.902,Fairway,airborne,-0.003,0
276,1.1497,-2.513,25.878,15.834,6.115,9.947,15.931,Fairway,airborne,-0.004,0
277,1.1539,-2.647,25.904,15.782,6.070,9.944,15.959,Fairway,airborne,-0.003,0
278,1.1581,-2.781,25.929,15.729,6.024,9.942,15.987,Fairway,airborne,-0.003,0
279,1.1622,-2.916,25.954,15.677,5.979,9.939,16.015,Fairway,airborne,-0.003,0
280,1.1664,-3.050,25.979,15.624,5.935,9.936,16.042,Fairway,airborne,-0.003,0
281,1.1705,-3.184,26.003,15.572,5.890,9.933,16.070,Fairway,airborne,-0.003,0
282,1.1747,-3.318,26.028,15.519,5.845,9.930,16.098,Fairway,airborne,-0.004,0
283,1.1789,-3.452,26.052,15.467,5.800,9.926,16.126,Fairway,airborne,-0.003,0
284,1.1830,-3.585,26.076,15.415,5.755,9.923,16.153,Fairway,airborne,-0.003,0
285,1.1872,-3.719,26.100,15.363,5.710,9.920,16.180,Fairway,airborne,-0.003,0
286,1.1914,-3.852,26.124,15.310,5.666,9.917,16.206,Fairway,airborne,-0.003,0
287,1.1955,-3.986,26.147,15.258,5.621,9.914,16.233,Fairway,airborne,-0.003,0
288,1.1997,-4.119,26.170,15.206,5.576,9.911,16.259,Fairway,airborne,-0.003,0
289,1.2039,-4.253,26.194,15.154,5.532,9.908,16.286,Fairway,airborne,-0.003,0
290,1.2080,-4.386,26.216,15.102,5.487,9.905,16.311,Fairway,airborne,-0.003,0
291,1.2122,-4.519,26.239,15.050,5.442,9.902,16.337,Fairway,airborne,-0.003,0
292,1.2164,-4.652,26.262,14.998,5.398,9.899,16.363,Fairway,airborne,-0.003,0
293,1.2205,-4.785,26.284,14.946,5.353,9.895,16.389,Fairway,airborne,-0.003,0
294,1.2247,-4.918,26.306,14.894,5.309,9.892,16.414,Fairway,airborne,-0.003,0
295,1.2289,-5.050,26.328,14.842,5.265,9.889,16.440,Fairway,airborne,-0.003,0
296,1.2330,-5.183,26.350,14.790,5.220,9.885,16.465,Fairway,airborne,-0.003,0
297,1.2372,-5.316,26.372,14.738,5.176,9.883,16.489,Fairway,airborne,-0.003,0
298,1.2414,-5.448,26.393,14.686,5.132,9.879,16.514,Fairway,airborne,-0.003,0
299,1.2455,-5.580,26.415,14.634,5.087,9.876,16.539,Fairway,airborne,-0.004,0
300,1.2497,-5.713,26.436,14.583,5.043,9.872,16.563,Fairway,airborne,-0.003,0
301,1.2539,-5.845,26.457,14.531,4.999,9.869,16.588,Fairway,airborne,-0.004,0
302,1.2580,-5.977,26.477,14.479,4.955,9.865,16.612,Fairway,airborne,-0.003,0
303,1.2622,-6.109,26.498,14.428,4.911,9.862,16.636,Fairway,airborne,-0.004,0
304,1.2664,-6.241,26.518,14.376,4.866,9.859,16.659,Fairway,airborne,-0.003,0
305,1.2705,-6.373,26.538,14.324,4.822,9.856,16.682,Fairway,airborne,-0.003,0
306,1.2747,-6.505,26.558,14.273,4.778,9.853,16.705,Fairway,airborne,-0.003,0
307,1.2789,-6.636,26.578,14.221,4.734,9.849,16.729,Fairway,airborne,-0.004,0
308,1.2830,-6.768,26.598,14.170,4.690,9.846,16.752,Fairway,airborne,-0.003,0
309,1.2872,-6.899,26.617,14.118,4.646,9.842,16.775,Fairway,airborne,-0.004,0
310,1.2914,-7.031,26.636,14.067,4.603,9.838,16.799,Fairway,airborne,-0.004,0
311,1.2955,-7.162,26.656,14.016,4.559,9.835,16.821,Fairway,airborne,-0.003,0
312,1.2997,-7.293,26.674,13.964,4.515,9.832,16.842,Fairway,airborne,-0.003,0
313,1.3038,-7.425,26.693,13.913,4.471,9.829,16.864,Fairway,airborne,-0.003,0
314,1.3080,-7.556,26.712,13.862,4.427,9.825,16.887,Fairway,airborne,-0.004,0
315,1.3122,-7.687,26.730,13.810,4.384,9.821,16.909,Fairway,airborne,-0.004,0
316,1.3163,-7.817,26.748,13.759,4.340,9.818,16.930,Fairway,airborne,-0.003,0
317,1.3205,-7.948,26.766,13.708,4.296,9.814,16.952,Fairway,airborne,-0.004,0
318,1.3247,-8.079,26.784,13.657,4.253,9.810,16.974,Fairway,airborne,-0.004,0
319,1.3288,-8.210,26.802,13.606,4.209,9.806,16.996,Fairway,airborne,-0.004,0
320,1.3330,-8.340,26.819,13.555,4.166,9.803,17.016,Fairway,airborne,-0.003,0
321,1.3372,-8.471,26.836,13.504,4.122,9.799,17.037,Fairway,airborne,-0.003,0
322,1.3413,-8.601,26.853,13.453,4.079,9.796,17.058,Fairway,airborne,-0.004,0
323,1.3455,-8.731,26.870,13.402,4.035,9.793,17.078,Fairway,airborne,-0.003,0
324,1.3497,-8.862,26.887,13.351,3.992,9.789,17.098,Fairway,airborne,-0.004,0
325,1.3538,-8.992,26.903,13.300,3.948,9.785,17.119,Fairway,airborne,-0.004,0
326,1.3580,-9.122,26.920,13.249,3.905,9.781,17.139,Fairway,airborne,-0.004,0
327,1.3622,-9.252,26.936,13.198,3.862,9.777,17.159,Fairway,airborne,-0.004,0
328,1.3663,-9.382,26.952,13.147,3.818,9.773,17.179,Fairway,airborne,-0.004,0
329,1.3705,-9.512,26.968,13.097,3.775,9.770,17.198,Fairway,airborne,-0.003,0
330,1.3747,-9.641,26.983,13.046,3.732,9.766,17.217,Fairway,airborne,-0.004,0
331,1.3788,-9.771,26.999,12.995,3.689,9.762,17.237,Fairway,airborne,-0.004,0
332,1.3830,-9.900,27.014,12.944,3.645,9.758,17.256,Fairway,airborne,-0.004,0
333,1.3872,-10.030,27.029,12.894,3.602,9.754,17.275,Fairway,airborne,-0.004,0
334,1.3913,-10.159,27.044,12.843,3.559,9.750,17.294,Fairway,airborne,-0.004,0
335,1.3955,-10.289,27.059,12.792,3.516,9.747,17.312,Fairway,airborne,-0.003,0
336,1.3997,-10.418,27.073,12.742,3.473,9.743,17.330,Fairway,airborne,-0.004,0
337,1.4038,-10.547,27.088,12.691,3.430,9.739,17.348,Fairway,airborne,-0.004,0
338,1.4080,-10.676,27.102,12.641,3.387,9.735,17.367,Fairway,airborne,-0.004,0
339,1.4122,-10.805,27.116,12.590,3.344,9.731,17.385,Fairway,airborne,-0.004,0
340,1.4163,-10.934,27.130,12.540,3.301,9.727,17.403,Fairway,airborne,-0.004,0
341,1.4205,-11.063,27.143,12.490,3.258,9.723,17.420,Fairway,airborne,-0.004,0
342,1.4247,-11.192,27.157,12.439,3.215,9.719,17.438,Fairway,airborne,-0.004,0
343,1.4288,-11.320,27.170,12.389,3.173,9.715,17.455,Fairway,airborne,-0.004,0
344,1.4330,-11.449,27.183,12.339,3.130,9.711,17.472,Fairway,airborne,-0.004,0
345,1.4371,-11.577,27.196,12.288,3.087,9.707,17.489,Fairway,airborne,-0.004,0
346,1.4413,-11.706,27.209,12.238,3.044,9.703,17.506,Fairway,airborne,-0.004,0
347,1.4455,-11.834,27.222,12.188,3.001,9.699,17.523,Fairway,airborne,-0.004,0
348,1.4496,-11.963,27.234,12.138,2.959,9.695,17.539,Fairway,airborne,-0.004,0
349,1.4538,-12.091,27.246,12.088,2.916,9.692,17.555,Fairway,airborne,-0.004,0
350,1.4580,-12.219,27.258,12.037,2.873,9.688,17.570,Fairway,airborne,-0.004,0
351,1.4621,-12.347,27.270,11.987,2.831,9.683,17.587,Fairway,airborne,-0.005,0
352,1.4663,-12.475,27.282,11.937,2.788,9.679,17.603,Fairway,airborne,-0.004,0
353,1.4705,-12.603,27.293,11.887,2.746,9.675,17.618,Fairway,airborne,-0.004,0
354,1.4746,-12.730,27.305,11.837,2.703,9.671,17.634,Fairway,airborne,-0.004,0
355,1.4788,-12.858,27.316,11.787,2.661,9.667,17.649,Fairway,airborne,-0.004,0
356,1.4830,-12.986,27.327,11.737,2.618,9.663,17.664,Fairway,airborne,-0.004,0
357,1.4871,-13.113,27.338,11.688,2.576,9.659,17.678,Fairway,airborne,-0.004,0
358,1.4913,-13.241,27.348,11.638,2.533,9.655,17.693,Fairway,airborne,-0.004,0
359,1.4955,-13.368,27.359,11.588,2.491,9.651,17.708,Fairway,airborne,-0.005,0
360,1.4996,-13.496,27.369,11.538,2.449,9.646,17.723,Fairway,airborne,-0.005,0
361,1.5038,-13.623,27.379,11.488,2.406,9.642,17.737,Fairway,airborne,-0.004,0
362,1.5080,-13.750,27.389,11.438,2.364,9.638,17.751,Fairway,airborne,-0.004,0
363,1.5121,-13.877,27.399,11.389,2.322,9.634,17.765,Fairway,airborne,-0.004,0
364,1.5163,-14.004,27.408,11.339,2.280,9.630,17.778,Fairway,airborne,-0.004,0
365,1.5205,-14.131,27.418,11.289,2.237,9.626,17.792,Fairway,airborne,-0.005,0
366,1.5246,-14.258,27.427,11.240,2.195,9.621,17.806,Fairway,airborne,-0.005,0
367,1.5288,-14.385,27.436,11.190,2.153,9.616,17.820,Fairway,airborne,-0.005,0
368,1.5330,-14.512,27.445,11.141,2.111,9.612,17.833,Fairway,airborne,-0.005,0
369,1.5371,-14.638,27.454,11.091,2.069,9.607,17.846,Fairway,airborne,-0.005,0
370,1.5413,-14.765,27.462,11.042,2.027,9.604,17.859,Fairway,airborne,-0.004,0
371,1.5455,-14.891,27.471,10.992,1.985,9.599,17.871,Fairway,airborne,-0.004,0
372,1.5496,-15.018,27.479,10.943,1.943,9.595,17.884,Fairway,airborne,-0.005,0
373,1.5538,-15.144,27.487,10.893,1.901,9.591,17.896,Fairway,airborne,-0.004,0
374,1.5580,-15.270,27.495,10.844,1.859,9.587,17.908,Fairway,airborne,-0.004,0
375,1.5621,-15.396,27.502,10.794,1.817,9.582,17.920,Fairway,airborne,-0.005,0
376,1.5663,-15.523,27.510,10.745,1.775,9.578,17.932,Fairway,airborne,-0.004,0
377,1.5705,-15.649,27.517,10.696,1.733,9.574,17.943,Fairway,airborne,-0.004,0
378,1.5746,-15.775,27.524,10.647,1.691,9.570,17.954,Fairway,airborne,-0.004,0
379,1.5788,-15.900,27.531,10.597,1.649,9.565,17.966,Fairway,airborne,-0.005,0
380,1.5829,-16.026,27.538,10.548,1.607,9.561,17.977,Fairway,airborne,-0.005,0
381,1.5871,-16.152,27.544,10.499,1.566,9.556,17.988,Fairway,airborne,-0.005,0
382,1.5913,-16.278,27.551,10.450,1.524,9.552,17.999,Fairway,airborne,-0.005,0
383,1.5954,-16.403,27.557,10.401,1.482,9.548,18.009,Fairway,airborne,-0.004,0
384,1.5996,-16.529,27.563,10.352,1.440,9.544,18.019,Fairway,airborne,-0.004,0
385,1.6038,-16.654,27.569,10.302,1.399,9.539,18.030,Fairway,airborne,-0.005,0
386,1.6079,-16.780,27.575,10.253,1.357,9.535,18.040,Fairway,airborne,-0.005,0
387,1.6121,-16.905,27.580,10.204,1.315,9.530,18.050,Fairway,airborne,-0.005,0
388,1.6163,-17.030,27.586,10.155,1.274,9.526,18.060,Fairway,airborne,-0.005,0
389,1.6204,-17.155,27.591,10.106,1.232,9.521,18.070,Fairway,airborne,-0.005,0
390,1.6246,-17.280,27.596,10.058,1.191,9.516,18.080,Fairway,airborne,-0.005,0
391,1.6288,-17.405,27.601,10.009,1.149,9.512,18.089,Fairway,airborne,-0.005,0
392,1.6329,-17.530,27.606,9.960,1.108,9.507,18.099,Fairway,airborne,-0.005,0
393,1.6371,-17.655,27.610,9.911,1.066,9.503,18.108,Fairway,airborne,-0.005,0
394,1.6413,-17.780,27.614,9.862,1.025,9.498,18.116,Fairway,airborne,-0.004,0
395,1.6454,-17.905,27.619,9.813,0.983,9.494,18.124,Fairway,airborne,-0.004,0
396,1.6496,-18.029,27.623,9.765,0.942,9.490,18.132,Fairway,airborne,-0.004,0
397,1.6538,-18.154,27.626,9.716,0.900,9.486,18.141,Fairway,airborne,-0.005,0
398,1.6579,-18.278,27.630,9.667,0.859,9.481,18.149,Fairway,airborne,-0.005,0
399,1.6621,-18.403,27.634,9.618,0.818,9.477,18.157,Fairway,airborne,-0.005,0
400,1.6663,-18.527,27.637,9.570,0.776,9.472,18.165,Fairway,airborne,-0.005,0
401,1.6704,-18.651,27.640,9.521,0.735,9.467,18.173,Fairway,airborne,-0.005,0
402,1.6746,-18.775,27.643,9.473,0.694,9.463,18.180,Fairway,airborne,-0.005,0
403,1.6788,-18.900,27.646,9.424,0.653,9.458,18.187,Fairway,airborne,-0.005,0
404,1.6829,-19.024,27.648,9.376,0.610,9.454,18.195,Fairway,airborne,-0.004,0
405,1.6871,-19.147,27.651,9.327,0.568,9.449,18.202,Fairway,airborne,-0.005,0
406,1.6913,-19.271,27.653,9.279,0.526,9.445,18.208,Fairway,airborne,-0.005,0
407,1.6954,-19.394,27.655,9.231,0.484,9.440,18.215,Fairway,airborne,-0.005,0
408,1.6996,-19.517,27.657,9.183,0.442,9.436,18.221,Fairway,airborne,-0.004,0
409,1.7038,-19.639,27.659,9.135,0.401,9.433,18.226,Fairway,airborne,-0.004,0
410,1.7079,-19.762,27.661,9.087,0.359,9.428,18.232,Fairway,airborne,-0.004,0
411,1.7121,-19.884,27.662,9.039,0.318,9.424,18.238,Fairway,airborne,-0.004,0
412,1.7162,-20.005,27.663,8.991,0.276,9.419,18.244,Fairway,airborne,-0.005,0
413,1.7204,-20.127,27.664,8.944,0.235,9.414,18.250,Fairway,airborne,-0.005,0
414,1.7246,-20.248,27.665,8.896,0.193,9.409,18.256,Fairway,airborne,-0.005,0
415,1.7287,-20.369,27.666,8.849,0.152,9.406,18.260,Fairway,airborne,-0.003,0
416,1.7329,-20.490,27.666,8.802,0.111,9.402,18.265,Fairway,airborne,-0.004,0
417,1.7371,-20.611,27.667,8.755,0.070,9.397,18.270,Fairway,airborne,-0.005,0
418,1.7412,-20.731,27.667,8.708,0.029,9.393,18.274,Fairway,airborne,-0.004,0
419,1.7454,-20.851,27.667,8.661,-0.012,9.388,18.279,Fairway,airborne,-0.005,0
420,1.7496,-20.971,27.667,8.614,-0.053,9.384,18.283,Fairway,airborne,-0.004,0
421,1.7537,-21.091,27.667,8.567,-0.093,9.380,18.287,Fairway,airborne,-0.004,0
422,1.7579,-21.210,27.666,8.520,-0.134,9.375,18.291,Fairway,airborne,-0.005,0
423,1.7621,-21.329,27.665,8.474,-0.174,9.371,18.295,Fairway,airborne,-0.004,0
424,1.7662,-21.448,27.665,8.427,-0.215,9.366,18.298,Fairway,airborne,-0.005,0
425,1.7704,-21.567,27.664,8.381,-0.255,9.362,18.302,Fairway,airborne,-0.004,0
426,1.7746,-21.685,27.662,8.334,-0.296,9.358,18.305,Fairway,airborne,-0.004,0
427,1.7787,-21.803,27.661,8.288,-0.336,9.353,18.308,Fairway,airborne,-0.004,0
428,1.7829,-21.921,27.660,8.242,-0.376,9.349,18.311,Fairway,airborne,-0.004,0
429,1.7871,-22.039,27.658,8.196,-0.416,9.345,18.313,Fairway,airborne,-0.004,0
430,1.7912,-22.157,27.656,8.150,-0.456,9.340,18.316,Fairway,airborne,-0.004,0
431,1.7954,-22.274,27.654,8.104,-0.496,9.336,18.318,Fairway,airborne,-0.004,0
432,1.7996,-22.391,27.652,8.058,-0.536,9.332,18.320,Fairway,airborne,-0.004,0
433,1.8037,-22.508,27.650,8.013,-0.576,9.328,18.322,Fairway,airborne,-0.004,0
434,1.8079,-22.624,27.647,7.967,-0.615,9.324,18.323,Fairway,airborne,-0.004,0
435,1.8121,-22.741,27.645,7.921,-0.655,9.320,18.324,Fairway,airborne,-0.004,0
436,1.8162,-22.857,27.642,7.876,-0.694,9.316,18.326,Fairway,airborne,-0.004,0
437,1.8204,-22.973,27.639,7.831,-0.734,9.311,18.328,Fairway,airborne,-0.005,0
438,1.8246,-23.089,27.636,7.785,-0.773,9.306,18.330,Fairway,airborne,-0.005,0
439,1.8287,-23.204,27.632,7.740,-0.813,9.302,18.330,Fairway,airborne,-0.004,0
440,1.8329,-23.319,27.629,7.695,-0.852,9.299,18.330,Fairway,airborne,-0.004,0
441,1.8371,-23.434,27.625,7.650,-0.891,9.295,18.330,Fairway,airborne,-0.004,0
442,1.8412,-23.549,27.622,7.605,-0.930,9.291,18.331,Fairway,airborne,-0.004,0
443,1.8454,-23.664,27.618,7.560,-0.970,9.286,18.331,Fairway,airborne,-0.004,0
444,1.8495,-23.778,27.614,7.516,-1.009,9.282,18.331,Fairway,airborne,-0.004,0
445,1.8537,-23.893,27.609,7.471,-1.047,9.278,18.331,Fairway,airborne,-0.004,0
446,1.8579,-24.007,27.605,7.426,-1.086,9.274,18.331,Fairway,airborne,-0.004,0
447,1.8620,-24.120,27.600,7.382,-1.125,9.270,18.330,Fairway,airborne,-0.004,0
448,1.8662,-24.234,27.595,7.337,-1.164,9.265,18.330,Fairway,airborne,-0.004,0
449,1.8704,-24.347,27.591,7.293,-1.203,9.261,18.329,Fairway,airborne,-0.004,0
450,1.8745,-24.460,27.585,7.249,-1.241,9.257,18.328,Fairway,airborne,-0.004,0
451,1.8787,-24.573,27.580,7.205,-1.280,9.253,18.327,Fairway,airborne,-0.004,0
452,1.8829,-24.686,27.575,7.160,-1.318,9.249,18.326,Fairway,airborne,-0.004,0
453,1.8870,-24.799,27.569,7.116,-1.357,9.245,18.324,Fairway,airborne,-0.004,0
454,1.8912,-24.911,27.563,7.072,-1.395,9.242,18.322,Fairway,airborne,-0.004,0
455,1.8954,-25.023,27.558,7.029,-1.434,9.238,18.320,Fairway,airborne,-0.004,0
456,1.8995,-25.135,27.552,6.985,-1.472,9.234,18.317,Fairway,airborne,-0.004,0
457,1.9037,-25.247,27.545,6.941,-1.510,9.230,18.315,Fairway,airborne,-0.004,0
458,1.9079,-25.359,27.539,6.897,-1.548,9.226,18.313,Fairway,airborne,-0.004,0
459,1.9120,-25.470,27.532,6.854,-1.586,9.222,18.311,Fairway,airborne,-0.004,0
460,1.9162,-25.581,27.526,6.810,-1.624,9.218,18.308,Fairway,airborne,-0.004,0
461,1.9204,-25.692,27.519,6.767,-1.662,9.213,18.306,Fairway,airborne,-0.004,0
462,1.9245,-25.803,27.512,6.723,-1.700,9.210,18.302,Fairway,airborne,-0.004,0
463,1.9287,-25.914,27.505,6.680,-1.738,9.205,18.299,Fairway,airborne,-0.004,0
464,1.9329,-26.024,27.497,6.637,-1.776,9.201,18.296,Fairway,airborne,-0.004,0
465,1.9370,-26.134,27.490,6.594,-1.814,9.198,18.292,Fairway,airborne,-0.004,0
466,1.9412,-26.244,27.482,6.551,-1.851,9.194,18.288,Fairway,airborne,-0.004,0
467,1.9454,-26.354,27.475,6.508,-1.889,9.190,18.285,Fairway,airborne,-0.004,0
468,1.9495,-26.464,27.467,6.465,-1.927,9.186,18.281,Fairway,airborne,-0.004,0
469,1.9537,-26.573,27.459,6.422,-1.964,9.182,18.276,Fairway,airborne,-0.003,0
470,1.9579,-26.683,27.450,6.379,-2.002,9.179,18.271,Fairway,airborne,-0.004,0
471,1.9620,-26.792,27.442,6.337,-2.039,9.175,18.267,Fairway,airborne,-0.004,0
472,1.9662,-26.901,27.433,6.294,-2.077,9.171,18.263,Fairway,airborne,-0.004,0
473,1.9704,-27.009,27.425,6.252,-2.114,9.167,18.258,Fairway,airborne,-0.004,0
474,1.9745,-27.118,27.416,6.209,-2.151,9.163,18.253,Fairway,airborne,-0.004,0
475,1.9787,-27.226,27.407,6.167,-2.188,9.160,18.247,Fairway,airborne,-0.003,0
476,1.9828,-27.334,27.397,6.124,-2.226,9.156,18.241,Fairway,airborne,-0.003,0
477,1.9870,-27.442,27.388,6.082,-2.263,9.152,18.236,Fairway,airborne,-0.004,0
478,1.9912,-27.550,27.379,6.040,-2.300,9.148,18.230,Fairway,airborne,-0.004,0
479,1.9953,-27.658,27.369,5.998,-2.337,9.144,18.225,Fairway,airborne,-0.004,0
480,1.9995,-27.765,27.359,5.956,-2.374,9.141,18.219,Fairway,airborne,-0.004,0
481,2.0037,-27.873,27.349,5.914,-2.411,9.137,18.213,Fairway,airborne,-0.004,0
482,2.0078,-27.980,27.339,5.872,-2.448,9.133,18.206,Fairway,airborne,-0.003,0
483,2.0120,-28.087,27.329,5.830,-2.485,9.130,18.199,Fairway,airborne,-0.003,0
484,2.0162,-28.194,27.318,5.788,-2.521,9.126,18.192,Fairway,airborne,-0.004,0
485,2.0203,-28.300,27.308,5.747,-2.558,9.122,18.185,Fairway,airborne,-0.004,0
486,2.0245,-28.407,27.297,5.705,-2.595,9.119,18.178,Fairway,airborne,-0.003,0
487,2.0287,-28.513,27.286,5.663,-2.631,9.115,18.171,Fairway,airborne,-0.004,0
488,2.0328,-28.619,27.275,5.622,-2.668,9.112,18.163,Fairway,airborne,-0.003,0
489,2.0370,-28.725,27.264,5.580,-2.705,9.108,18.156,Fairway,airborne,-0.004,0
490,2.0412,-28.831,27.253,5.539,-2.741,9.104,18.148,Fairway,airborne,-0.004,0
491,2.0453,-28.936,27.241,5.498,-2.778,9.101,18.141,Fairway,airborne,-0.004,0
492,2.0495,-29.042,27.230,5.456,-2.814,9.097,18.132,Fairway,airborne,-0.003,0
493,2.0537,-29.147,27.218,5.415,-2.850,9.094,18.124,Fairway,airborne,-0.003,0
494,2.0578,-29.252,27.206,5.374,-2.887,9.090,18.115,Fairway,airborne,-0.003,0
495,2.0620,-29.357,27.194,5.333,-2.923,9.087,18.107,Fairway,airborne,-0.004,0
496,2.0662,-29.462,27.181,5.292,-2.959,9.083,18.099,Fairway,airborne,-0.004,0
497,2.0703,-29.566,27.169,5.251,-2.995,9.079,18.090,Fairway,airborne,-0.004,0
498,2.0745,-29.671,27.156,5.210,-3.032,9.076,18.080,Fairway,airborne,-0.003,0
499,2.0787,-29.775,27.144,5.170,-3.068,9.073,18.071,Fairway,airborne,-0.003,0
500,2.0828,-29.879,27.131,5.129,-3.104,9.069,18.062,Fairway,airborne,-0.004,0
501,2.0870,-29.983,27.118,5.088,-3.140,9.065,18.053,Fairway,airborne,-0.004,0
502,2.0912,-30.087,27.105,5.048,-3.176,9.062,18.043,Fairway,airborne,-0.003,0
503,2.0953,-30.191,27.091,5.007,-3.212,9.059,18.033,Fairway,airborne,-0.003,0
504,2.0995,-30.294,27.078,4.966,-3.248,9.056,18.023,Fairway,airborne,-0.003,0
505,2.1037,-30.398,27.064,4.926,-3.284,9.041,18.023,Fairway,airborne,-0.014,0
506,2.1078,-30.501,27.051,4.886,-3.319,8.922,18.128,Fairway,airborne,-0.119,0
507,2.1120,-30.604,27.037,4.845,-3.355,8.733,18.304,Fairway,airborne,-0.190,0
508,2.1162,-30.707,27.023,4.805,-3.391,8.642,18.381,Fairway,airborne,-0.091,0
509,2.1203,-30.809,27.009,4.765,-3.427,8.638,18.371,Fairway,airborne,-0.004,0
510,2.1245,-30.912,26.994,4.725,-3.462,8.634,18.360,Fairway,airborne,-0.004,0
511,2.1286,-31.014,26.980,4.685,-3.498,8.631,18.348,Fairway,airborne,-0.003,0
512,2.1328,-31.116,26.965,4.645,-3.533,8.628,18.337,Fairway,airborne,-0.003,0
513,2.1370,-31.218,26.950,4.605,-3.569,8.625,18.326,Fairway,airborne,-0.003,0
514,2.1411,-31.320,26.935,4.565,-3.604,8.621,18.314,Fairway,airborne,-0.003,0
515,2.1453,-31.422,26.920,4.525,-3.640,8.618,18.302,Fairway,airborne,-0.003,0
516,2.1495,-31.524,26.905,4.485,-3.675,8.615,18.290,Fairway,airborne,-0.003,0
517,2.1536,-31.625,26.890,4.446,-3.711,8.611,18.278,Fairway,airborne,-0.004,0
518,2.1578,-31.727,26.874,4.406,-3.746,8.608,18.266,Fairway,airborne,-0.003,0
519,2.1620,-31.828,26.858,4.367,-3.781,8.605,18.254,Fairway,airborne,-0.003,0
520,2.1661,-31.929,26.843,4.327,-3.817,8.602,18.241,Fairway,airborne,-0.003,0
521,2.1703,-32.030,26.827,4.288,-3.852,8.598,18.229,Fairway,airborne,-0.004,0
522,2.1745,-32.130,26.811,4.248,-3.887,8.594,18.216,Fairway,airborne,-0.003,0
523,2.1786,-32.231,26.794,4.209,-3.922,8.591,18.203,Fairway,airborne,-0.003,0
524,2.1828,-32.331,26.778,4.169,-3.957,8.589,18.189,Fairway,airborne,-0.003,0
525,2.1870,-32.432,26.761,4.130,-3.992,8.698,18.063,Fairway,airborne,0.109,0
526,2.1911,-32.532,26.745,4.091,-4.027,8.845,17.900,Fairway,airborne,0.147,0
527,2.1953,-32.632,26.728,4.052,-4.062,8.979,17.749,Fairway,airborne,0.134,0
528,2.1995,-32.732,26.711,4.013,-4.097,8.976,17.735,Fairway,airborne,-0.003,0
529,2.2036,-32.832,26.694,3.974,-4.132,8.973,17.721,Fairway,airborne,-0.003,0
530,2.2078,-32.931,26.676,3.935,-4.167,8.970,17.707,Fairway,airborne,-0.003,0
531,2.2120,-33.031,26.659,3.896,-4.202,8.966,17.693,Fairway,airborne,-0.003,0
532,2.2161,-33.130,26.641,3.857,-4.237,8.963,17.678,Fairway,airborne,-0.003,0
533,2.2203,-33.229,26.624,3.818,-4.272,8.960,17.663,Fairway,airborne,-0.003,0
534,2.2245,-33.328,26.606,3.780,-4.307,8.957,17.649,Fairway,airborne,-0.003,0
535,2.2286,-33.427,26.588,3.741,-4.341,8.954,17.634,Fairway,airborne,-0.003,0
536,2.2328,-33.526,26.570,3.702,-4.376,8.951,17.619,Fairway,airborne,-0.003,0
537,2.2370,-33.624,26.551,3.664,-4.411,8.947,17.604,Fairway,airborne,-0.003,0
538,2.2411,-33.723,26.533,3.625,-4.445,8.944,17.589,Fairway,airborne,-0.004,0
539,2.2453,-33.821,26.514,3.587,-4.480,8.940,17.574,Fairway,airborne,-0.003,0
540,2.2495,-33.919,26.496,3.548,-4.514,8.938,17.558,Fairway,airborne,-0.003,0
541,2.2536,-34.017,26.477,3.510,-4.549,8.935,17.542,Fairway,airborne,-0.003,0
542,2.2578,-34.115,26.458,3.472,-4.583,8.932,17.526,Fairway,airborne,-0.003,0
543,2.2619,-34.213,26.439,3.433,-4.618,8.929,17.510,Fairway,airborne,-0.003,0
544,2.2661,-34.310,26.419,3.395,-4.652,8.926,17.494,Fairway,airborne,-0.003,0
545,2.2703,-34.408,26.400,3.357,-4.687,8.923,17.477,Fairway,airborne,-0.003,0
546,2.2744,-34.505,26.380,3.319,-4.721,8.920,17.461,Fairway,airborne,-0.003,0
547,2.2786,-34.603,26.360,3.281,-4.755,8.916,17.444,Fairway,airborne,-0.003,0
548,2.2828,-34.700,26.341,3.243,-4.790,8.913,17.428,Fairway,airborne,-0.003,0
549,2.2869,-34.797,26.321,3.205,-4.824,8.910,17.411,Fairway,airborne,-0.003,0
550,2.2911,-34.893,26.300,3.167,-4.858,8.907,17.393,Fairway,airborne,-0.003,0
551,2.2953,-34.990,26.280,3.129,-4.892,8.904,17.376,Fairway,airborne,-0.003,0
552,2.2994,-35.087,26.260,3.092,-4.926,8.901,17.358,Fairway,airborne,-0.003,0
553,2.3036,-35.183,26.239,3.054,-4.960,8.898,17.341,Fairway,airborne,-0.003,0
554,2.3078,-35.279,26.218,3.016,-4.995,8.895,17.323,Fairway,airborne,-0.003,0
555,2.3119,-35.376,26.197,2.979,-5.029,8.892,17.305,Fairway,airborne,-0.003,0
556,2.3161,-35.472,26.176,2.941,-5.063,8.889,17.288,Fairway,airborne,-0.003,0
557,2.3203,-35.568,26.155,2.904,-5.097,8.886,17.269,Fairway,airborne,-0.003,0
558,2.3244,-35.663,26.134,2.866,-5.131,8.883,17.251,Fairway,airborne,-0.003,0
559,2.3286,-35.759,26.113,2.829,-5.164,8.880,17.233,Fairway,airborne,-0.003,0
560,2.3328,-35.854,26.091,2.791,-5.198,8.877,17.214,Fairway,airborne,-0.003,0
561,2.3369,-35.950,26.069,2.754,-5.232,8.875,17.195,Fairway,airborne,-0.002,0
562,2.3411,-36.045,26.047,2.717,-5.266,8.872,17.175,Fairway,airborne,-0.003,0
563,2.3453,-36.140,26.025,2.679,-5.300,8.869,17.156,Fairway,airborne,-0.003,0
564,2.3494,-36.235,26.003,2.642,-5.334,8.866,17.138,Fairway,airborne,-0.003,0
565,2.3536,-36.330,25.981,2.605,-5.367,8.863,17.118,Fairway,airborne,-0.003,0
566,2.3578,-36.425,25.959,2.568,-5.401,8.860,17.099,Fairway,airborne,-0.003,0
567,2.3619,-36.520,25.936,2.531,-5.435,8.857,17.079,Fairway,airborne,-0.003,0
568,2.3661,-36.614,25.913,2.494,-5.468,8.854,17.059,Fairway,airborne,-0.003,0
569,2.3703,-36.708,25.890,2.457,-5.502,8.852,17.039,Fairway,airborne,-0.002,0
570,2.3744,-36.803,25.867,2.420,-5.536,8.849,17.018,Fairway,airborne,-0.002,0
571,2.3786,-36.897,25.844,2.383,-5.569,8.846,16.998,Fairway,airborne,-0.003,0
572,2.3828,-36.991,25.821,2.347,-5.603,8.843,16.978,Fairway,airborne,-0.003,0
573,2.3869,-37.085,25.798,2.310,-5.636,8.840,16.958,Fairway,airborne,-0.003,0
574,2.3911,-37.179,25.774,2.273,-5.670,8.837,16.937,Fairway,airborne,-0.003,0
575,2.3952,-37.272,25.750,2.237,-5.703,8.834,16.916,Fairway,airborne,-0.003,0
576,2.3994,-37.366,25.727,2.200,-5.736,8.831,16.895,Fairway,airborne,-0.003,0
577,2.4036,-37.459,25.703,2.163,-5.770,8.828,16.874,Fairway,airborne,-0.003,0
578,2.4077,-37.552,25.679,2.127,-5.803,8.825,16.854,Fairway,airborne,-0.003,0
579,2.4119,-37.646,25.654,2.091,-5.836,8.822,16.832,Fairway,airborne,-0.003,0
580,2.4161,-37.739,25.630,2.054,-5.870,8.820,16.810,Fairway,airborne,-0.003,0
581,2.4202,-37.832,25.605,2.018,-5.903,8.817,16.788,Fairway,airborne,-0.002,0
582,2.4244,-37.924,25.581,1.981,-5.936,8.814,16.767,Fairway,airborne,-0.003,0
583,2.4286,-38.017,25.556,1.945,-5.969,8.811,16.745,Fairway,airborne,-0.003,0
584,2.4327,-38.110,25.531,1.909,-6.003,8.808,16.723,Fairway,airborne,-0.003,0
585,2.4369,-38.202,25.506,1.873,-6.036,8.805,16.701,Fairway,airborne,-0.003,0
586,2.4411,-38.294,25.481,1.837,-6.069,8.802,16.678,Fairway,airborne,-0.003,0
587,2.4452,-38.387,25.455,1.801,-6.102,8.799,16.656,Fairway,airborne,-0.003,0
588,2.4494,-38.479,25.430,1.765,-6.135,8.797,16.633,Fairway,airborne,-0.002,0
589,2.4536,-38.571,25.404,1.729,-6.168,8.795,16.610,Fairway,airborne,-0.002,0
590,2.4577,-38.662,25.379,1.693,-6.201,8.792,16.587,Fairway,airborne,-0.003,0
591,2.4619,-38.754,25.353,1.657,-6.234,8.789,16.564,Fairway,airborne,-0.003,0
592,2.4661,-38.846,25.327,1.621,-6.267,8.786,16.541,Fairway,airborne,-0.003,0
593,2.4702,-38.937,25.300,1.585,-6.300,8.783,16.517,Fairway,airborne,-0.002,0
594,2.4744,-39.029,25.274,1.549,-6.333,8.781,16.493,Fairway,airborne,-0.003,0
595,2.4786,-39.120,25.248,1.514,-6.366,8.778,16.470,Fairway,airborne,-0.003,0
596,2.4827,-39.211,25.221,1.478,-6.398,8.775,16.446,Fairway,airborne,-0.003,0
597,2.4869,-39.302,25.194,1.442,-6.431,8.772,16.422,Fairway,airborne,-0.003,0
598,2.4911,-39.393,25.168,1.407,-6.464,8.770,16.398,Fairway,airborne,-0.002,0
599,2.4952,-39.484,25.141,1.371,-6.497,8.767,16.373,Fairway,airborne,-0.002,0
600,2.4994,-39.575,25.113,1.336,-6.529,8.764,16.349,Fairway,airborne,-0.003,0
601,2.5036,-39.665,25.086,1.300,-6.562,8.761,16.325,Fairway,airborne,-0.003,0
602,2.5077,-39.756,25.059,1.265,-6.595,8.759,16.300,Fairway,airborne,-0.003,0
603,2.5119,-39.846,25.031,1.230,-6.627,8.756,16.275,Fairway,airborne,-0.003,0
604,2.5161,-39.936,25.004,1.194,-6.660,8.753,16.251,Fairway,airborne,-0.003,0
605,2.5202,-40.027,24.976,1.159,-6.693,8.750,16.226,Fairway,airborne,-0.003,0
606,2.5244,-40.117,24.948,1.124,-6.725,8.747,16.200,Fairway,airborne,-0.003,0
607,2.5285,-40.207,24.920,1.089,-6.758,8.745,16.175,Fairway,airborne,-0.003,0
608,2.5327,-40.296,24.892,1.054,-6.790,8.742,16.150,Fairway,airborne,-0.003,0
609,2.5369,-40.386,24.863,1.018,-6.823,8.740,16.123,Fairway,airborne,-0.002,0
610,2.5410,-40.476,24.835,0.983,-6.855,8.738,16.097,Fairway,airborne,-0.002,0
611,2.5452,-40.565,24.806,0.948,-6.887,8.735,16.071,Fairway,airborne,-0.003,0
612,2.5494,-40.654,24.777,0.913,-6.920,8.732,16.045,Fairway,airborne,-0.003,0
613,2.5535,-40.744,24.748,0.879,-6.952,8.729,16.019,Fairway,airborne,-0.003,0
614,2.5577,-40.833,24.719,0.844,-6.985,8.726,15.993,Fairway,airborne,-0.003,0
615,2.5619,-40.922,24.690,0.809,-7.017,8.723,15.967,Fairway,airborne,-0.003,0
616,2.5660,-41.011,24.661,0.774,-7.049,8.721,15.940,Fairway,airborne,-0.002,0
617,2.5702,-41.100,24.632,0.739,-7.081,8.718,15.913,Fairway,airborne,-0.003,0
618,2.5744,-41.188,24.602,0.705,-7.114,8.715,15.887,Fairway,airborne,-0.003,0
619,2.5785,-41.277,24.572,0.670,-7.146,8.713,15.860,Fairway,airborne,-0.003,0
620,2.5827,-41.366,24.543,0.635,-7.178,8.710,15.832,Fairway,airborne,-0.002,0
621,2.5869,-41.454,24.513,0.601,-7.210,8.708,15.805,Fairway,airborne,-0.003,0
622,2.5910,-41.542,24.482,0.566,-7.242,8.705,15.778,Fairway,airborne,-0.003,0
623,2.5952,-41.630,24.452,0.532,-7.274,8.702,15.750,Fairway,airborne,-0.003,0
624,2.5994,-41.718,24.422,0.497,-7.306,8.699,15.723,Fairway,airborne,-0.003,0
625,2.6035,-41.806,24.391,0.463,-7.338,8.697,15.694,Fairway,airborne,-0.002,0
626,2.6077,-41.894,24.361,0.428,-7.370,8.695,15.666,Fairway,airborne,-0.002,0
627,2.6119,-41.982,24.330,0.394,-7.402,8.692,15.638,Fairway,airborne,-0.003,0
628,2.6160,-42.070,24.299,0.360,-7.434,8.689,15.610,Fairway,airborne,-0.003,0
629,2.6202,-42.157,24.268,0.325,-7.466,8.686,15.582,Fairway,airborne,-0.003,0
630,2.6244,-42.245,24.237,0.291,-7.498,8.684,15.553,Fairway,airborne,-0.002,0
631,2.6285,-42.332,24.206,0.257,-7.530,8.681,15.524,Fairway,airborne,-0.002,0
632,2.6327,-42.419,24.174,0.223,-7.562,8.679,15.495,Fairway,airborne,-0.003,0
633,2.6369,-42.506,24.143,0.189,-7.594,8.676,15.467,Fairway,airborne,-0.003,0
634,2.6410,-42.593,24.111,0.155,-7.625,8.673,15.438,Fairway,airborne,-0.003,0
635,2.6452,-42.680,24.079,0.121,-7.657,8.671,15.408,Fairway,airborne,-0.003,0
636,2.6494,-42.767,24.047,0.087,-7.689,8.668,15.379,Fairway,airborne,-0.003,0
637,2.6535,-42.854,24.015,0.053,-7.721,8.665,15.350,Fairway,airborne,-0.003,0
638,2.6577,-42.941,23.983,0.019,-7.752,8.662,15.320,Fairway,airborne,-0.003,0
639,2.6619,-43.027,23.950,-0.015,-7.784,8.660,15.291,Fairway,airborne,-0.003,0
640,2.6660,-43.113,23.918,-0.049,-7.816,8.657,15.261,Fairway,airborne,-0.003,0
641,2.6702,-43.200,23.885,-0.082,-7.847,8.655,15.230,Fairway,airborne,-0.002,0
642,2.6743,-43.286,23.853,-0.116,-7.879,8.653,15.200,Fairway,airborne,-0.002,0
643,2.6785,-43.372,23.820,-0.150,-7.910,8.650,15.169,Fairway,airborne,-0.003,0
644,2.6827,-43.458,23.787,-0.183,-7.942,8.647,15.139,Fairway,airborne,-0.003,0
645,2.6868,-43.544,23.754,-0.217,-7.974,8.645,15.109,Fairway,airborne,-0.003,0
646,2.6910,-43.630,23.720,-0.251,-8.005,8.642,15.078,Fairway,airborne,-0.003,0
647,2.6952,-43.716,23.687,-0.284,-8.036,8.639,15.048,Fairway,airborne,-0.003,0
648,2.6993,-43.801,23.653,-0.318,-8.068,8.637,15.017,Fairway,airborne,-0.003,0
649,2.7035,-43.887,23.620,-0.351,-8.099,8.634,14.986,Fairway,airborne,-0.003,0
650,2.7077,-43.972,23.586,-0.385,-8.131,8.631,14.955,Fairway,airborne,-0.003,0
651,2.7118,-44.057,23.552,-0.418,-8.162,8.628,14.923,Fairway,airborne,-0.003,0
652,2.7160,-44.143,23.518,-0.451,-8.193,8.626,14.892,Fairway,airborne,-0.003,0
653,2.7202,-44.228,23.484,-0.485,-8.225,8.624,14.860,Fairway,airborne,-0.002,0
654,2.7243,-44.313,23.449,-0.518,-8.256,8.621,14.828,Fairway,airborne,-0.002,0
655,2.7285,-44.398,23.415,-0.551,-8.287,8.619,14.796,Fairway,airborne,-0.003,0
656,2.7327,-44.482,23.380,-0.584,-8.318,8.616,14.764,Fairway,airborne,-0.003,0
657,2.7368,-44.567,23.346,-0.617,-8.350,8.613,14.732,Fairway,airborne,-0.003,0
658,2.7410,-44.652,23.311,-0.650,-8.381,8.611,14.700,Fairway,airborne,-0.003,0
659,2.7452,-44.736,23.276,-0.684,-8.412,8.608,14.668,Fairway,airborne,-0.003,0
660,2.7493,-44.821,23.241,-0.717,-8.443,8.605,14.635,Fairway,airborne,-0.003,0
661,2.7535,-44.905,23.205,-0.750,-8.474,8.603,14.603,Fairway,airborne,-0.003,0
662,2.7577,-44.989,23.170,-0.782,-8.505,8.600,14.570,Fairway,airborne,-0.002,0
663,2.7618,-45.073,23.135,-0.815,-8.536,8.598,14.537,Fairway,airborne,-0.002,0
664,2.7660,-45.157,23.099,-0.848,-8.567,8.595,14.504,Fairway,airborne,-0.003,0
665,2.7702,-45.241,23.063,-0.881,-8.598,8.593,14.471,Fairway,airborne,-0.003,0
666,2.7743,-45.325,23.027,-0.914,-8.629,8.590,14.438,Fairway,airborne,-0.003,0
667,2.7785,-45.409,22.991,-0.947,-8.660,8.588,14.404,Fairway,airborne,-0.002,0
668,2.7827,-45.493,22.955,-0.979,-8.691,8.585,14.370,Fairway,airborne,-0.003,0
669,2.7868,-45.576,22.919,-1.012,-8.722,8.582,14.337,Fairway,airborne,-0.003,0
670,2.7910,-45.660,22.883,-1.045,-8.753,8.579,14.303,Fairway,airborne,-0.003,0
671,2.7952,-45.743,22.846,-1.077,-8.784,8.577,14.269,Fairway,airborne,-0.002,0
672,2.7993,-45.826,22.809,-1.110,-8.814,8.574,14.235,Fairway,airborne,-0.003,0
673,2.8035,-45.909,22.773,-1.142,-8.845,8.572,14.201,Fairway,airborne,-0.002,0
674,2.8076,-45.993,22.736,-1.175,-8.876,8.570,14.166,Fairway,airborne,-0.002,0
675,2.8118,-46.075,22.699,-1.207,-8.907,8.568,14.131,Fairway,airborne,-0.002,0
676,2.8160,-46.158,22.662,-1.240,-8.937,8.565,14.096,Fairway,airborne,-0.003,0
677,2.8201,-46.241,22.624,-1.272,-8.968,8.562,14.062,Fairway,airborne,-0.003,0
678,2.8243,-46.324,22.587,-1.305,-8.999,8.559,14.027,Fairway,airborne,-0.003,0
679,2.8285,-46.406,22.549,-1.337,-9.029,8.557,13.993,Fairway,airborne,-0.003,0
680,2.8326,-46.489,22.512,-1.369,-9.060,8.554,13.957,Fairway,airborne,-0.002,0
681,2.8368,-46.571,22.474,-1.401,-9.091,8.552,13.922,Fairway,airborne,-0.003,0
682,2.8410,-46.654,22.436,-1.434,-9.121,8.549,13.887,Fairway,airborne,-0.003,0
683,2.8451,-46.736,22.398,-1.466,-9.152,8.547,13.851,Fairway,airborne,-0.002,0
684,2.8493,-46.818,22.360,-1.498,-9.182,8.544,13.815,Fairway,airborne,-0.002,0
685,2.8535,-46.900,22.321,-1.530,-9.213,8.542,13.779,Fairway,airborne,-0.002,0
686,2.8576,-46.982,22.283,-1.562,-9.243,8.540,13.743,Fairway,airborne,-0.003,0
687,2.8618,-47.064,22.244,-1.594,-9.274,8.537,13.707,Fairway,airborne,-0.003,0
688,2.8660,-47.146,22.206,-1.626,-9.304,8.534,13.671,Fairway,airborne,-0.003,0
689,2.8701,-47.227,22.167,-1.658,-9.334,8.532,13.635,Fairway,airborne,-0.002,0
690,2.8743,-47.309,22.128,-1.690,-9.365,8.529,13.599,Fairway,airborne,-0.003,0
691,2.8785,-47.391,22.089,-1.722,-9.395,8.526,13.562,Fairway,airborne,-0.003,0
692,2.8826,-47.472,22.050,-1.754,-9.425,8.524,13.526,Fairway,airborne,-0.002,0
693,2.8868,-47.553,22.010,-1.786,-9.456,8.522,13.489,Fairway,airborne,-0.002,0
694,2.8910,-47.634,21.971,-1.817,-9.486,8.519,13.452,Fairway,airborne,-0.003,0
695,2.8951,-47.716,21.931,-1.849,-9.516,8.516,13.415,Fairway,airborne,-0.003,0
696,2.8993,-47.797,21.892,-1.881,-9.546,8.514,13.378,Fairway,airborne,-0.002,0
697,2.9035,-47.878,21.852,-1.913,-9.576,8.512,13.340,Fairway,airborne,-0.002,0
698,2.9076,-47.958,21.812,-1.944,-9.607,8.509,13.303,Fairway,airborne,-0.003,0
699,2.9118,-48.039,21.772,-1.976,-9.637,8.507,13.265,Fairway,airborne,-0.003,0
700,2.9160,-48.120,21.732,-2.007,-9.667,8.504,13.228,Fairway,airborne,-0.003,0
701,2.9201,-48.201,21.691,-2.039,-9.697,8.501,13.190,Fairway,airborne,-0.003,0
702,2.9243,-48.281,21.651,-2.070,-9.727,8.498,13.152,Fairway,airborne,-0.003,0
703,2.9285,-48.361,21.610,-2.102,-9.757,8.496,13.114,Fairway,airborne,-0.002,0
704,2.9326,-48.442,21.570,-2.133,-9.787,8.494,13.076,Fairway,airborne,-0.002,0
705,2.9368,-48.522,21.529,-2.165,-9.817,8.491,13.038,Fairway,airborne,-0.003,0
706,2.9409,-48.602,21.488,-2.196,-9.847,8.488,12.999,Fairway,airborne,-0.003,0
707,2.9451,-48.682,21.447,-2.227,-9.877,8.486,12.961,Fairway,airborne,-0.003,0
708,2.9493,-48.762,21.405,-2.259,-9.907,8.484,12.922,Fairway,airborne,-0.002,0
709,2.9534,-48.842,21.364,-2.290,-9.936,8.482,12.883,Fairway,airborne,-0.002,0
710,2.9576,-48.922,21.323,-2.321,-9.966,8.479,12.844,Fairway,airborne,-0.002,0
711,2.9618,-49.002,21.281,-2.352,-9.996,8.476,12.805,Fairway,airborne,-0.003,0
712,2.9659,-49.081,21.239,-2.383,-10.026,8.473,12.766,Fairway,airborne,-0.003,0
713,2.9701,-49.161,21.198,-2.415,-10.056,8.471,12.727,Fairway,airborne,-0.003,0
714,2.9743,-49.240,21.156,-2.446,-10.085,8.468,12.688,Fairway,airborne,-0.003,0
715,2.9784,-49.319,21.114,-2.477,-10.115,8.465,12.648,Fairway,airborne,-0.003,0
716,2.9826,-49.399,21.071,-2.508,-10.145,8.463,12.609,Fairway,airborne,-0.002,0
717,2.9868,-49.478,21.029,-2.539,-10.174,8.460,12.569,Fairway,airborne,-0.002,0
718,2.9909,-49.557,20.987,-2.570,-10.204,8.458,12.529,Fairway,airborne,-0.002,0
719,2.9951,-49.636,20.944,-2.600,-10.234,8.456,12.488,Fairway,airborne,-0.002,0
720,2.9993,-49.715,20.901,-2.631,-10.263,8.453,12.448,Fairway,airborne,-0.003,0
721,3.0034,-49.794,20.859,-2.662,-10.293,8.451,12.408,Fairway,airborne,-0.003,0
722,3.0076,-49.873,20.816,-2.693,-10.322,8.448,12.368,Fairway,airborne,-0.003,0
723,3.0118,-49.951,20.773,-2.724,-10.352,8.445,12.327,Fairway,airborne,-0.003,0
724,3.0159,-50.030,20.729,-2.755,-10.381,8.443,12.286,Fairway,airborne,-0.003,0
725,3.0201,-50.108,20.686,-2.785,-10.411,8.441,12.245,Fairway,airborne,-0.002,0
726,3.0243,-50.187,20.643,-2.816,-10.440,8.438,12.205,Fairway,airborne,-0.003,0
727,3.0284,-50.265,20.599,-2.847,-10.470,8.436,12.163,Fairway,airborne,-0.003,0
728,3.0326,-50.343,20.555,-2.877,-10.499,8.433,12.122,Fairway,airborne,-0.002,0
729,3.0368,-50.421,20.512,-2.908,-10.528,8.431,12.081,Fairway,airborne,-0.003,0
730,3.0409,-50.499,20.468,-2.938,-10.558,8.428,12.039,Fairway,airborne,-0.002,0
731,3.0451,-50.577,20.424,-2.969,-10.587,8.426,11.998,Fairway,airborne,-0.002,0
732,3.0493,-50.655,20.380,-2.999,-10.616,8.424,11.956,Fairway,airborne,-0.003,0
733,3.0534,-50.733,20.335,-3.030,-10.645,8.421,11.914,Fairway,airborne,-0.002,0
734,3.0576,-50.811,20.291,-3.060,-10.675,8.419,11.872,Fairway,airborne,-0.002,0
735,3.0618,-50.888,20.246,-3.090,-10.704,8.416,11.830,Fairway,airborne,-0.002,0
736,3.0659,-50.966,20.202,-3.121,-10.733,8.414,11.788,Fairway,airborne,-0.003,0
737,3.0701,-51.043,20.157,-3.151,-10.762,8.411,11.746,Fairway,airborne,-0.003,0
738,3.0742,-51.121,20.112,-3.181,-10.791,8.408,11.704,Fairway,airborne,-0.003,0
739,3.0784,-51.198,20.067,-3.212,-10.820,8.405,11.662,Fairway,airborne,-0.002,0
740,3.0826,-51.275,20.022,-3.242,-10.849,8.403,11.619,Fairway,airborne,-0.002,0
741,3.0867,-51.352,19.977,-3.272,-10.878,8.401,11.576,Fairway,airborne,-0.002,0
742,3.0909,-51.429,19.931,-3.302,-10.907,8.398,11.533,Fairway,airborne,-0.003,0
743,3.0951,-51.506,19.886,-3.332,-10.936,8.395,11.490,Fairway,airborne,-0.003,0
744,3.0992,-51.583,19.840,-3.362,-10.965,8.393,11.447,Fairway,airborne,-0.002,0
745,3.1034,-51.660,19.794,-3.392,-10.994,8.391,11.404,Fairway,airborne,-0.003,0
746,3.1076,-51.737,19.749,-3.422,-11.023,8.388,11.360,Fairway,airborne,-0.002,0
747,3.1117,-51.813,19.703,-3.452,-11.052,8.386,11.317,Fairway,airborne,-0.002,0
748,3.1159,-51.890,19.657,-3.482,-11.081,8.384,11.273,Fairway,airborne,-0.002,0
749,3.1201,-51.966,19.610,-3.512,-11.110,8.381,11.229,Fairway,airborne,-0.003,0
750,3.1242,-52.043,19.564,-3.542,-11.138,8.379,11.185,Fairway,airborne,-0.002,0
751,3.1284,-52.119,19.518,-3.572,-11.167,8.376,11.141,Fairway,airborne,-0.002,0
752,3.1326,-52.195,19.471,-3.602,-11.196,8.374,11.097,Fairway,airborne,-0.002,0
753,3.1367,-52.271,19.424,-3.632,-11.225,8.372,11.053,Fairway,airborne,-0.003,0
754,3.1409,-52.347,19.377,-3.661,-11.253,8.369,11.008,Fairway,airborne,-0.002,0
755,3.1451,-52.423,19.330,-3.691,-11.282,8.366,10.964,Fairway,airborne,-0.003,0
756,3.1492,-52.499,19.283,-3.721,-11.311,8.364,10.920,Fairway,airborne,-0.003,0
757,3.1534,-52.575,19.236,-3.750,-11.339,8.361,10.875,Fairway,airborne,-0.003,0
758,3.1576,-52.651,19.189,-3.780,-11.368,8.358,10.831,Fairway,airborne,-0.003,0
759,3.1617,-52.726,19.142,-3.810,-11.396,8.356,10.786,Fairway,airborne,-0.002,0
760,3.1659,-52.802,19.094,-3.839,-11.425,8.354,10.741,Fairway,airborne,-0.002,0
761,3.1701,-52.878,19.046,-3.869,-11.453,8.351,10.695,Fairway,airborne,-0.002,0
762,3.1742,-52.953,18.999,-3.898,-11.482,8.349,10.650,Fairway,airborne,-0.002,0
763,3.1784,-53.028,18.951,-3.928,-11.510,8.346,10.604,Fairway,airborne,-0.002,0
764,3.1826,-53.103,18.903,-3.957,-11.539,8.344,10.558,Fairway,airborne,-0.002,0
765,3.1867,-53.179,18.855,-3.986,-11.567,8.342,10.513,Fairway,airborne,-0.003,0
766,3.1909,-53.254,18.806,-4.016,-11.595,8.339,10.467,Fairway,airborne,-0.002,0
767,3.1951,-53.329,18.758,-4.045,-11.624,8.337,10.421,Fairway,airborne,-0.003,0
768,3.1992,-53.404,18.710,-4.075,-11.652,8.333,10.376,Fairway,airborne,-0.003,0
769,3.2034,-53.478,18.661,-4.104,-11.680,8.331,10.330,Fairway,airborne,-0.002,0
770,3.2076,-53.553,18.612,-4.133,-11.709,8.329,10.284,Fairway,airborne,-0.002,0
771,3.2117,-53.628,18.563,-4.162,-11.737,8.326,10.237,Fairway,airborne,-0.002,0
772,3.2159,-53.702,18.514,-4.191,-11.765,8.324,10.191,Fairway,airborne,-0.002,0
773,3.2200,-53.777,18.465,-4.221,-11.793,8.322,10.144,Fairway,airborne,-0.002,0
774,3.2242,-53.851,18.416,-4.250,-11.821,8.319,10.097,Fairway,airborne,-0.002,0
775,3.2284,-53.926,18.367,-4.279,-11.849,8.317,10.050,Fairway,airborne,-0.002,0
776,3.2325,-54.000,18.318,-4.308,-11.878,8.315,10.003,Fairway,airborne,-0.002,0
777,3.2367,-54.074,18.268,-4.337,-11.906,8.312,9.956,Fairway,airborne,-0.003,0
778,3.2409,-54.148,18.218,-4.366,-11.934,8.310,9.908,Fairway,airborne,-0.002,0
779,3.2450,-54.222,18.169,-4.395,-11.962,8.307,9.861,Fairway,airborne,-0.003,0
780,3.2492,-54.296,18.119,-4.424,-11.990,8.304,9.814,Fairway,airborne,-0.003,0
781,3.2534,-54.370,18.069,-4.453,-12.018,8.302,9.767,Fairway,airborne,-0.003,0
782,3.2575,-54.444,18.019,-4.481,-12.046,8.299,9.719,Fairway,airborne,-0.002,0
783,3.2617,-54.518,17.968,-4.510,-12.073,8.297,9.671,Fairway,airborne,-0.002,0
784,3.2659,-54.591,17.918,-4.539,-12.101,8.295,9.623,Fairway,airborne,-0.002,0
785,3.2700,-54.665,17.868,-4.568,-12.129,8.292,9.575,Fairway,airborne,-0.002,0
786,3.2742,-54.738,17.817,-4.597,-12.157,8.290,9.527,Fairway,airborne,-0.002,0
787,3.2784,-54.812,17.766,-4.625,-12.185,8.288,9.479,Fairway,airborne,-0.002,0
788,3.2825,-54.885,17.715,-4.654,-12.213,8.286,9.430,Fairway,airborne,-0.002,0
789,3.2867,-54.958,17.665,-4.683,-12.240,8.283,9.381,Fairway,airborne,-0.002,0
790,3.2909,-55.031,17.613,-4.711,-12.268,8.281,9.333,Fairway,airborne,-0.003,0
791,3.2950,-55.104,17.562,-4.740,-12.296,8.278,9.284,Fairway,airborne,-0.003,0
792,3.2992,-55.177,17.511,-4.769,-12.323,8.276,9.235,Fairway,airborne,-0.003,0
793,3.3034,-55.250,17.460,-4.797,-12.351,8.273,9.187,Fairway,airborne,-0.003,0
794,3.3075,-55.323,17.408,-4.826,-12.379,8.270,9.138,Fairway,airborne,-0.002,0
795,3.3117,-55.396,17.357,-4.854,-12.406,8.268,9.088,Fairway,airborne,-0.002,0
796,3.3159,-55.469,17.305,-4.882,-12.434,8.266,9.039,Fairway,airborne,-0.002,0
797,3.3200,-55.541,17.253,-4.911,-12.461,8.263,8.990,Fairway,airborne,-0.002,0
798,3.3242,-55.614,17.201,-4.939,-12.489,8.261,8.940,Fairway,airborne,-0.002,0
799,3.3284,-55.686,17.149,-4.968,-12.516,8.259,8.890,Fairway,airborne,-0.002,0
800,3.3325,-55.759,17.097,-4.996,-12.544,8.256,8.840,Fairway,airborne,-0.003,0
801,3.3367,-55.831,17.044,-5.024,-12.571,8.254,8.791,Fairway,airborne,-0.003,0
802,3.3409,-55.903,16.992,-5.052,-12.598,8.251,8.741,Fairway,airborne,-0.003,0
803,3.3450,-55.975,16.940,-5.081,-12.626,8.249,8.691,Fairway,airborne,-0.003,0
804,3.3492,-56.047,16.887,-5.109,-12.653,8.246,8.641,Fairway,airborne,-0.002,0
805,3.3533,-56.119,16.834,-5.137,-12.680,8.244,8.590,Fairway,airborne,-0.002,0
806,3.3575,-56.191,16.781,-5.165,-12.708,8.242,8.540,Fairway,airborne,-0.002,0
807,3.3617,-56.263,16.728,-5.193,-12.735,8.239,8.489,Fairway,airborne,-0.002,0
808,3.3658,-56.335,16.675,-5.221,-12.762,8.237,8.438,Fairway,airborne,-0.002,0
809,3.3700,-56.406,16.622,-5.249,-12.789,8.235,8.387,Fairway,airborne,-0.002,0
810,3.3742,-56.478,16.569,-5.277,-12.816,8.232,8.336,Fairway,airborne,-0.003,0
811,3.3783,-56.550,16.515,-5.305,-12.844,8.230,8.286,Fairway,airborne,-0.003,0
812,3.3825,-56.621,16.462,-5.333,-12.871,8.227,8.235,Fairway,airborne,-0.003,0
813,3.3867,-56.692,16.408,-5.361,-12.898,8.224,8.184,Fairway,airborne,-0.003,0
814,3.3908,-56.764,16.354,-5.389,-12.925,8.222,8.132,Fairway,airborne,-0.002,0
815,3.3950,-56.835,16.300,-5.417,-12.952,8.220,8.080,Fairway,airborne,-0.002,0
816,3.3992,-56.906,16.246,-5.445,-12.979,8.218,8.029,Fairway,airborne,-0.002,0
817,3.4033,-56.977,16.192,-5.473,-13.006,8.216,7.977,Fairway,airborne,-0.002,0
818,3.4075,-57.048,16.138,-5.500,-13.033,8.213,7.925,Fairway,airborne,-0.002,0
819,3.4117,-57.119,16.084,-5.528,-13.060,8.211,7.872,Fairway,airborne,-0.002,0
820,3.4158,-57.190,16.029,-5.556,-13.086,8.209,7.820,Fairway,airborne,-0.002,0
821,3.4200,-57.261,15.975,-5.584,-13.113,8.206,7.768,Fairway,airborne,-0.002,0
822,3.4242,-57.331,15.920,-5.611,-13.140,8.203,7.716,Fairway,airborne,-0.003,0
823,3.4283,-57.402,15.865,-5.639,-13.167,8.201,7.664,Fairway,airborne,-0.003,0
824,3.4325,-57.473,15.810,-5.667,-13.194,8.199,7.612,Fairway,airborne,-0.002,0
825,3.4367,-57.543,15.755,-5.694,-13.220,8.196,7.559,Fairway,airborne,-0.002,0
826,3.4408,-57.613,15.700,-5.722,-13.247,8.194,7.506,Fairway,airborne,-0.002,0
827,3.4450,-57.684,15.645,-5.749,-13.274,8.192,7.453,Fairway,airborne,-0.002,0
828,3.4492,-57.754,15.589,-5.777,-13.300,8.189,7.400,Fairway,airborne,-0.003,0
829,3.4533,-57.824,15.534,-5.804,-13.327,8.187,7.347,Fairway,airborne,-0.003,0
830,3.4575,-57.894,15.478,-5.832,-13.354,8.184,7.294,Fairway,airborne,-0.003,0
831,3.4617,-57.964,15.423,-5.859,-13.380,8.182,7.241,Fairway,airborne,-0.003,0
832,3.4658,-58.034,15.367,-5.886,-13.407,8.180,7.187,Fairway,airborne,-0.002,0
833,3.4700,-58.104,15.311,-5.914,-13.433,8.177,7.134,Fairway,airborne,-0.002,0
834,3.4742,-58.174,15.255,-5.941,-13.460,8.175,7.080,Fairway,airborne,-0.002,0
835,3.4783,-58.244,15.199,-5.968,-13.486,8.173,7.026,Fairway,airborne,-0.002,0
836,3.4825,-58.313,15.143,-5.995,-13.512,8.171,6.972,Fairway,airborne,-0.002,0
837,3.4866,-58.383,15.086,-6.023,-13.539,8.168,6.918,Fairway,airborne,-0.003,0
838,3.4908,-58.452,15.030,-6.050,-13.565,8.166,6.864,Fairway,airborne,-0.002,0
839,3.4950,-58.522,14.973,-6.077,-13.592,8.163,6.810,Fairway,airborne,-0.003,0
840,3.4991,-58.591,14.917,-6.104,-13.618,8.161,6.756,Fairway,airborne,-0.003,0
841,3.5033,-58.660,14.860,-6.131,-13.644,8.158,6.702,Fairway,airborne,-0.002,0
842,3.5075,-58.730,14.803,-6.158,-13.670,8.156,6.647,Fairway,airborne,-0.002,0
843,3.5116,-58.799,14.746,-6.185,-13.697,8.154,6.592,Fairway,airborne,-0.002,0
844,3.5158,-58.868,14.689,-6.212,-13.723,8.152,6.537,Fairway,airborne,-0.002,0
845,3.5200,-58.937,14.632,-6.239,-13.749,8.150,6.482,Fairway,airborne,-0.002,0
846,3.5241,-59.006,14.574,-6.266,-13.775,8.147,6.427,Fairway,airborne,-0.002,0
847,3.5283,-59.074,14.517,-6.293,-13.801,8.145,6.372,Fairway,airborne,-0.003,0
848,3.5325,-59.143,14.459,-6.320,-13.827,8.143,6.317,Fairway,airborne,-0.002,0
849,3.5366,-59.212,14.402,-6.347,-13.853,8.140,6.262,Fairway,airborne,-0.003,0
850,3.5408,-59.281,14.344,-6.374,-13.879,8.137,6.207,Fairway,airborne,-0.003,0
851,3.5450,-59.349,14.286,-6.401,-13.905,8.135,6.151,Fairway,airborne,-0.002,0
852,3.5491,-59.418,14.228,-6.428,-13.931,8.133,6.096,Fairway,airborne,-0.003,0
853,3.5533,-59.486,14.170,-6.454,-13.957,8.130,6.040,Fairway,airborne,-0.002,0
854,3.5575,-59.554,14.112,-6.481,-13.983,8.128,5.984,Fairway,airborne,-0.003,0
855,3.5616,-59.622,14.054,-6.508,-14.009,8.125,5.928,Fairway,airborne,-0.002,0
856,3.5658,-59.691,13.995,-6.534,-14.035,8.123,5.872,Fairway,airborne,-0.002,0
857,3.5700,-59.759,13.937,-6.561,-14.060,8.121,5.815,Fairway,airborne,-0.002,0
858,3.5741,-59.827,13.878,-6.588,-14.086,8.119,5.759,Fairway,airborne,-0.002,0
859,3.5783,-59.895,13.819,-6.614,-14.112,8.117,5.702,Fairway,airborne,-0.002,0
860,3.5825,-59.963,13.761,-6.641,-14.138,8.114,5.646,Fairway,airborne,-0.003,0
861,3.5866,-60.030,13.702,-6.667,-14.163,8.112,5.589,Fairway,airborne,-0.002,0
862,3.5908,-60.098,13.643,-6.694,-14.189,8.110,5.533,Fairway,airborne,-0.003,0
863,3.5950,-60.166,13.583,-6.720,-14.215,8.107,5.476,Fairway,airborne,-0.003,0
864,3.5991,-60.233,13.524,-6.747,-14.240,8.105,5.419,Fairway,airborne,-0.002,0
865,3.6033,-60.301,13.465,-6.773,-14.266,8.103,5.362,Fairway,airborne,-0.002,0
866,3.6075,-60.368,13.405,-6.800,-14.291,8.101,5.304,Fairway,airborne,-0.002,0
867,3.6116,-60.436,13.346,-6.826,-14.317,8.099,5.247,Fairway,airborne,-0.002,0
868,3.6158,-60.503,13.286,-6.852,-14.342,8.097,5.189,Fairway,airborne,-0.002,0
869,3.6199,-60.570,13.226,-6.879,-14.368,8.094,5.132,Fairway,airborne,-0.002,0
870,3.6241,-60.637,13.166,-6.905,-14.393,8.092,5.074,Fairway,airborne,-0.002,0
871,3.6283,-60.705,13.106,-6.931,-14.418,8.090,5.016,Fairway,airborne,-0.002,0
872,3.6324,-60.772,13.046,-6.957,-14.444,8.088,4.958,Fairway,airborne,-0.002,0
873,3.6366,-60.838,12.986,-6.984,-14.469,8.086,4.900,Fairway,airborne,-0.002,0
874,3.6408,-60.905,12.926,-7.010,-14.494,8.084,4.842,Fairway,airborne,-0.002,0
875,3.6449,-60.972,12.865,-7.036,-14.520,8.081,4.784,Fairway,airborne,-0.002,0
876,3.6491,-61.039,12.805,-7.062,-14.545,8.079,4.726,Fairway,airborne,-0.002,0
877,3.6533,-61.106,12.744,-7.088,-14.570,8.077,4.668,Fairway,airborne,-0.003,0
878,3.6574,-61.172,12.683,-7.114,-14.595,8.074,4.609,Fairway,airborne,-0.002,0
879,3.6616,-61.239,12.622,-7.140,-14.620,8.072,4.551,Fairway,airborne,-0.003,0
880,3.6658,-61.305,12.562,-7.166,-14.646,8.070,4.492,Fairway,airborne,-0.002,0
881,3.6699,-61.371,12.500,-7.192,-14.671,8.068,4.433,Fairway,airborne,-0.002,0
882,3.6741,-61.438,12.439,-7.218,-14.696,8.066,4.374,Fairway,airborne,-0.002,0
883,3.6783,-61.504,12.378,-7.244,-14.721,8.064,4.314,Fairway,airborne,-0.002,0
884,3.6824,-61.570,12.317,-7.270,-14.746,8.061,4.255,Fairway,airborne,-0.002,0
885,3.6866,-61.636,12.255,-7.296,-14.771,8.059,4.196,Fairway,airborne,-0.002,0
886,3.6908,-61.702,12.194,-7.321,-14.796,8.057,4.137,Fairway,airborne,-0.002,0
887,3.6949,-61.768,12.132,-7.347,-14.820,8.054,4.078,Fairway,airborne,-0.003,0
888,3.6991,-61.834,12.070,-7.373,-14.845,8.052,4.018,Fairway,airborne,-0.002,0
889,3.7033,-61.900,12.008,-7.399,-14.870,8.050,3.959,Fairway,airborne,-0.003,0
890,3.7074,-61.966,11.946,-7.425,-14.895,8.047,3.899,Fairway,airborne,-0.002,0
891,3.7116,-62.031,11.884,-7.450,-14.920,8.045,3.839,Fairway,airborne,-0.002,0
892,3.7158,-62.097,11.822,-7.476,-14.945,8.043,3.779,Fairway,airborne,-0.002,0
893,3.7199,-62.162,11.760,-7.502,-14.969,8.041,3.718,Fairway,airborne,-0.002,0
894,3.7241,-62.228,11.697,-7.527,-14.994,8.039,3.658,Fairway,airborne,-0.002,0
895,3.7283,-62.293,11.635,-7.553,-15.019,8.037,3.598,Fairway,airborne,-0.002,0
896,3.7324,-62.358,11.572,-7.578,-15.043,8.035,3.538,Fairway,airborne,-0.002,0
897,3.7366,-62.424,11.509,-7.604,-15.068,8.032,3.477,Fairway,airborne,-0.002,0
898,3.7408,-62.489,11.447,-7.629,-15.092,8.030,3.417,Fairway,airborne,-0.003,0
899,3.7449,-62.554,11.384,-7.655,-15.117,8.028,3.356,Fairway,airborne,-0.002,0
900,3.7491,-62.619,11.321,-7.680,-15.141,8.025,3.295,Fairway,airborne,-0.002,0
901,3.7533,-62.684,11.258,-7.706,-15.166,8.023,3.235,Fairway,airborne,-0.002,0
902,3.7574,-62.749,11.194,-7.731,-15.190,8.021,3.174,Fairway,airborne,-0.002,0
903,3.7616,-62.814,11.131,-7.756,-15.215,8.019,3.112,Fairway,airborne,-0.002,0
904,3.7657,-62.878,11.068,-7.782,-15.239,8.017,3.051,Fairway,airborne,-0.002,0
905,3.7699,-62.943,11.004,-7.807,-15.263,8.015,2.989,Fairway,airborne,-0.002,0
906,3.7741,-63.008,10.940,-7.832,-15.288,8.013,2.928,Fairway,airborne,-0.002,0
907,3.7782,-63.072,10.877,-7.858,-15.312,8.011,2.866,Fairway,airborne,-0.002,0
908,3.7824,-63.137,10.813,-7.883,-15.336,8.009,2.804,Fairway,airborne,-0.002,0
909,3.7866,-63.201,10.749,-7.908,-15.361,8.007,2.742,Fairway,airborne,-0.002,0
910,3.7907,-63.265,10.685,-7.933,-15.385,8.005,2.680,Fairway,airborne,-0.002,0
911,3.7949,-63.330,10.621,-7.958,-15.409,8.003,2.618,Fairway,airborne,-0.002,0
912,3.7991,-63.394,10.557,-7.983,-15.433,8.000,2.556,Fairway,airborne,-0.003,0
913,3.8032,-63.458,10.492,-8.008,-15.457,7.998,2.494,Fairway,airborne,-0.002,0
914,3.8074,-63.522,10.428,-8.033,-15.481,7.996,2.432,Fairway,airborne,-0.002,0
915,3.8116,-63.586,10.363,-8.059,-15.505,7.994,2.370,Fairway,airborne,-0.002,0
916,3.8157,-63.650,10.299,-8.084,-15.529,7.991,2.307,Fairway,airborne,-0.002,0
917,3.8199,-63.714,10.234,-8.109,-15.553,7.989,2.245,Fairway,airborne,-0.002,0
918,3.8241,-63.777,10.169,-8.133,-15.577,7.987,2.182,Fairway,airborne,-0.002,0
919,3.8282,-63.841,10.104,-8.158,-15.601,7.984,2.120,Fairway,airborne,-0.002,0
920,3.8324,-63.905,10.039,-8.183,-15.625,7.983,2.057,Fairway,airborne,-0.002,0
921,3.8366,-63.968,9.974,-8.208,-15.649,7.981,1.993,Fairway,airborne,-0.002,0
922,3.8407,-64.032,9.909,-8.233,-15.673,7.979,1.930,Fairway,airborne,-0.002,0
923,3.8449,-64.095,9.843,-8.258,-15.696,7.977,1.867,Fairway,airborne,-0.002,0
924,3.8491,-64.159,9.778,-8.283,-15.720,7.975,1.803,Fairway,airborne,-0.002,0
925,3.8532,-64.222,9.712,-8.307,-15.744,7.973,1.740,Fairway,airborne,-0.002,0
926,3.8574,-64.285,9.647,-8.332,-15.768,7.971,1.676,Fairway,airborne,-0.002,0
927,3.8616,-64.348,9.581,-8.357,-15.791,7.969,1.612,Fairway,airborne,-0.002,0
928,3.8657,-64.411,9.515,-8.382,-15.815,7.967,1.548,Fairway,airborne,-0.002,0
929,3.8699,-64.474,9.449,-8.406,-15.838,7.965,1.485,Fairway,airborne,-0.002,0
930,3.8741,-64.537,9.383,-8.431,-15.862,7.962,1.421,Fairway,airborne,-0.002,0
931,3.8782,-64.600,9.317,-8.455,-15.886,7.960,1.357,Fairway,airborne,-0.002,0
932,3.8824,-64.663,9.251,-8.480,-15.909,7.958,1.293,Fairway,airborne,-0.002,0
933,3.8866,-64.726,9.185,-8.505,-15.932,7.956,1.229,Fairway,airborne,-0.002,0
934,3.8907,-64.788,9.118,-8.529,-15.956,7.954,1.164,Fairway,airborne,-0.002,0
935,3.8949,-64.851,9.052,-8.554,-15.979,7.952,1.100,Fairway,airborne,-0.002,0
936,3.8990,-64.913,8.985,-8.578,-16.003,7.950,1.035,Fairway,airborne,-0.002,0
937,3.9032,-64.976,8.918,-8.602,-16.026,7.948,0.970,Fairway,airborne,-0.002,0
938,3.9074,-65.038,8.852,-8.627,-16.049,7.946,0.905,Fairway,airborne,-0.002,0
939,3.9115,-65.101,8.785,-8.651,-16.073,7.944,0.841,Fairway,airborne,-0.002,0
940,3.9157,-65.163,8.718,-8.676,-16.096,7.942,0.776,Fairway,airborne,-0.002,0
941,3.9199,-65.225,8.651,-8.700,-16.119,7.939,0.711,Fairway,airborne,-0.002,0
942,3.9240,-65.287,8.583,-8.724,-16.142,7.937,0.646,Fairway,airborne,-0.002,0
943,3.9282,-65.349,8.516,-8.749,-16.165,7.935,0.581,Fairway,airborne,-0.002,0
944,3.9324,-65.411,8.449,-8.773,-16.189,7.933,0.515,Fairway,airborne,-0.002,0
945,3.9365,-65.473,8.381,-8.797,-16.212,7.932,0.450,Fairway,airborne,-0.002,0
946,3.9407,-65.535,8.314,-8.821,-16.235,7.930,0.384,Fairway,airborne,-0.002,0
947,3.9449,-65.597,8.246,-8.845,-16.258,7.928,0.318,Fairway,airborne,-0.002,0
948,3.9490,-65.658,8.178,-8.870,-16.281,7.926,0.252,Fairway,airborne,-0.002,0
949,3.9532,-65.720,8.110,-8.894,-16.304,7.924,0.186,Fairway,airborne,-0.002,0
950,3.9574,-65.782,8.042,-8.918,-16.327,7.922,0.120,Fairway,airborne,-0.002,0
951,3.9615,-65.843,7.974,-8.942,-16.350,7.920,0.054,Fairway,airborne,-0.002,0
952,3.9650,-65.894,7.918,-8.962,-16.368,7.919,0.000,Fairway,roll,-0.002,0
953,3.9691,-65.921,7.952,-8.972,8.139,7.918,0.035,Fairway,roll,-0.001,0
954,3.9733,-65.949,7.986,-8.983,8.093,7.917,0.069,Fairway,roll,-0.001,0
955,3.9774,-65.977,8.020,-8.994,8.048,7.916,0.104,Fairway,roll,-0.001,0
956,3.9816,-66.004,8.053,-9.005,8.003,7.915,0.138,Fairway,roll,-0.001,0
957,3.9858,-66.032,8.086,-9.016,7.957,7.914,0.173,Fairway,roll,-0.001,0
958,3.9899,-66.059,8.119,-9.026,7.912,7.913,0.207,Fairway,roll,-0.001,0
959,3.9941,-66.087,8.152,-9.037,7.867,7.912,0.241,Fairway,roll,-0.001,0
960,3.9983,-66.114,8.185,-9.048,7.822,7.911,0.274,Fairway,roll,-0.001,0
961,4.0024,-66.142,8.217,-9.059,7.777,7.910,0.308,Fairway,roll,-0.001,0
962,4.0066,-66.169,8.250,-9.069,7.732,7.909,0.341,Fairway,roll,-0.001,0
963,4.0108,-66.197,8.282,-9.080,7.687,7.908,0.374,Fairway,roll,-0.001,0
964,4.0149,-66.224,8.314,-9.091,7.642,7.907,0.407,Fairway,roll,-0.001,0
965,4.0191,-66.252,8.346,-9.102,7.597,7.906,0.439,Fairway,roll,-0.001,0
966,4.0233,-66.279,8.377,-9.112,7.552,7.905,0.472,Fairway,roll,-0.001,0
967,4.0274,-66.307,8.408,-9.123,7.508,7.905,0.504,Fairway,roll,-0.001,0
968,4.0316,-66.334,8.440,-9.134,7.463,7.904,0.536,Fairway,roll,-0.001,0
969,4.0358,-66.361,8.471,-9.145,7.418,7.903,0.568,Fairway,roll,-0.001,0
970,4.0399,-66.389,8.501,-9.155,7.374,7.902,0.599,Fairway,roll,-0.001,0
971,4.0441,-66.416,8.532,-9.166,7.329,7.901,0.631,Fairway,roll,-0.001,0
972,4.0483,-66.443,8.562,-9.177,7.285,7.900,0.662,Fairway,roll,-0.001,0
973,4.0524,-66.471,8.593,-9.187,7.240,7.900,0.693,Fairway,roll,-0.001,0
974,4.0566,-66.498,8.623,-9.198,7.196,7.899,0.724,Fairway,roll,-0.001,0
975,4.0608,-66.525,8.653,-9.209,7.151,7.898,0.755,Fairway,roll,-0.001,0
976,4.0649,-66.553,8.682,-9.219,7.107,7.897,0.785,Fairway,roll,-0.001,0
977,4.0691,-66.580,8.712,-9.230,7.063,7.896,0.815,Fairway,roll,-0.001,0
978,4.0733,-66.607,8.741,-9.241,7.019,7.896,0.846,Fairway,roll,-0.001,0
979,4.0774,-66.635,8.770,-9.251,6.975,7.895,0.876,Fairway,roll,-0.001,0
980,4.0816,-66.662,8.799,-9.262,6.930,7.894,0.905,Fairway,roll,-0.001,0
981,4.0858,-66.689,8.828,-9.273,6.886,7.893,0.935,Fairway,roll,-0.001,0
982,4.0899,-66.716,8.857,-9.283,6.842,7.892,0.964,Fairway,roll,-0.001,0
983,4.0941,-66.743,8.885,-9.294,6.798,7.891,0.994,Fairway,roll,-0.001,0
984,4.0983,-66.771,8.913,-9.305,6.754,7.891,1.023,Fairway,roll,-0.001,0
985,4.1024,-66.798,8.941,-9.315,6.710,7.890,1.052,Fairway,roll,-0.001,0
986,4.1066,-66.825,8.969,-9.326,6.666,7.889,1.080,Fairway,roll,-0.001,0
987,4.1107,-66.852,8.997,-9.337,6.623,7.888,1.109,Fairway,roll,-0.001,0
988,4.1149,-66.879,9.024,-9.347,6.579,7.887,1.137,Fairway,roll,-0.001,0
989,4.1191,-66.906,9.052,-9.358,6.535,7.886,1.165,Fairway,roll,-0.001,0
990,4.1232,-66.934,9.079,-9.368,6.491,7.885,1.194,Fairway,roll,-0.001,0
991,4.1274,-66.961,9.106,-9.379,6.448,7.884,1.222,Fairway,roll,-0.001,0
992,4.1316,-66.988,9.132,-9.390,6.404,7.883,1.249,Fairway,roll,-0.001,0
993,4.1357,-67.015,9.159,-9.400,6.360,7.882,1.277,Fairway,roll,-0.001,0
994,4.1399,-67.042,9.185,-9.411,6.317,7.881,1.304,Fairway,roll,-0.001,0
995,4.1441,-67.069,9.212,-9.421,6.273,7.880,1.331,Fairway,roll,-0.001,0
996,4.1482,-67.096,9.238,-9.432,6.230,7.879,1.358,Fairway,roll,-0.001,0
997,4.1524,-67.123,9.263,-9.443,6.186,7.878,1.385,Fairway,roll,-0.001,0
998,4.1566,-67.150,9.289,-9.453,6.143,7.878,1.411,Fairway,roll,-0.001,0
999,4.1607,-67.177,9.315,-9.464,6.099,7.877,1.438,Fairway,roll,-0.001,0
1000,4.1649,-67.204,9.340,-9.474,6.056,7.876,1.464,Fairway,roll,-0.001,0
1001,4.1691,-67.231,9.365,-9.485,6.013,7.876,1.489,Fairway,roll,-0.001,0
1002,4.1732,-67.258,9.390,-9.495,5.969,7.875,1.515,Fairway,roll,-0.001,0
1003,4.1774,-67.285,9.415,-9.506,5.926,7.874,1.541,Fairway,roll,-0.001,0
1004,4.1816,-67.312,9.439,-9.517,5.883,7.873,1.566,Fairway,roll,-0.001,0
1005,4.1857,-67.339,9.464,-9.527,5.840,7.872,1.591,Fairway,roll,-0.001,0
1006,4.1899,-67.366,9.488,-9.538,5.797,7.871,1.617,Fairway,roll,-0.001,0
1007,4.1941,-67.393,9.512,-9.548,5.753,7.871,1.641,Fairway,roll,-0.001,0
1008,4.1982,-67.420,9.536,-9.559,5.710,7.870,1.666,Fairway,roll,-0.001,0
1009,4.2024,-67.447,9.560,-9.569,5.667,7.869,1.691,Fairway,roll,-0.001,0
1010,4.2066,-67.474,9.583,-9.580,5.624,7.868,1.715,Fairway,roll,-0.001,0
1011,4.2107,-67.500,9.606,-9.590,5.581,7.867,1.740,Fairway,roll,-0.001,0
1012,4.2149,-67.527,9.630,-9.601,5.538,7.866,1.764,Fairway,roll,-0.001,0
1013,4.2191,-67.554,9.653,-9.611,5.495,7.865,1.787,Fairway,roll,-0.001,0
1014,4.2232,-67.581,9.675,-9.622,5.452,7.864,1.811,Fairway,roll,-0.001,0
1015,4.2274,-67.608,9.698,-9.632,5.410,7.864,1.834,Fairway,roll,-0.001,0
1016,4.2316,-67.635,9.720,-9.643,5.367,7.863,1.858,Fairway,roll,-0.001,0
1017,4.2357,-67.662,9.743,-9.653,5.324,7.862,1.881,Fairway,roll,-0.001,0
1018,4.2399,-67.688,9.765,-9.664,5.281,7.861,1.904,Fairway,roll,-0.001,0
1019,4.2440,-67.715,9.787,-9.674,5.238,7.860,1.926,Fairway,roll,-0.001,0
1020,4.2482,-67.742,9.808,-9.685,5.196,7.860,1.949,Fairway,roll,-0.001,0
1021,4.2524,-67.769,9.830,-9.695,5.153,7.859,1.971,Fairway,roll,-0.001,0
1022,4.2565,-67.796,9.851,-9.706,5.110,7.858,1.994,Fairway,roll,-0.001,0
1023,4.2607,-67.822,9.873,-9.716,5.068,7.857,2.015,Fairway,roll,-0.001,0
1024,4.2649,-67.849,9.894,-9.727,5.025,7.856,2.037,Fairway,roll,-0.001,0
1025,4.2690,-67.876,9.914,-9.737,4.982,7.855,2.059,Fairway,roll,-0.001,0
1026,4.2732,-67.903,9.935,-9.748,4.940,7.855,2.080,Fairway,roll,-0.001,0
1027,4.2774,-67.929,9.955,-9.758,4.897,7.854,2.102,Fairway,roll,-0.001,0
1028,4.2815,-67.956,9.976,-9.769,4.855,7.853,2.123,Fairway,roll,-0.001,0
1029,4.2857,-67.983,9.996,-9.779,4.812,7.852,2.144,Fairway,roll,-0.001,0
1030,4.2899,-68.009,10.016,-9.789,4.770,7.851,2.165,Fairway,roll,-0.001,0
1031,4.2940,-68.036,10.036,-9.800,4.727,7.851,2.185,Fairway,roll,-0.001,0
1032,4.2982,-68.063,10.055,-9.810,4.685,7.850,2.206,Fairway,roll,-0.001,0
1033,4.3024,-68.090,10.075,-9.821,4.642,7.849,2.226,Fairway,roll,-0.001,0
1034,4.3065,-68.116,10.094,-9.831,4.600,7.848,2.246,Fairway,roll,-0.001,0
1035,4.3107,-68.143,10.113,-9.842,4.558,7.847,2.266,Fairway,roll,-0.001,0
1036,4.3149,-68.170,10.132,-9.852,4.515,7.847,2.285,Fairway,roll,-0.001,0
1037,4.3190,-68.196,10.151,-9.862,4.473,7.846,2.305,Fairway,roll,-0.001,0
1038,4.3232,-68.223,10.169,-9.873,4.431,7.845,2.324,Fairway,roll,-0.001,0
1039,4.3274,-68.249,10.187,-9.883,4.388,7.844,2.343,Fairway,roll,-0.001,0
1040,4.3315,-68.276,10.206,-9.894,4.346,7.843,2.362,Fairway,roll,-0.001,0
1041,4.3357,-68.303,10.224,-9.904,4.304,7.843,2.381,Fairway,roll,-0.001,0
1042,4.3399,-68.329,10.242,-9.915,4.262,7.842,2.400,Fairway,roll,-0.001,0
1043,4.3440,-68.356,10.259,-9.925,4.220,7.841,2.418,Fairway,roll,-0.001,0
1044,4.3482,-68.382,10.277,-9.935,4.177,7.840,2.437,Fairway,roll,-0.001,0
1045,4.3524,-68.409,10.294,-9.946,4.135,7.839,2.455,Fairway,roll,-0.001,0
1046,4.3565,-68.436,10.311,-9.956,4.092,7.838,2.473,Fairway,roll,-0.001,0
1047,4.3607,-68.462,10.328,-9.967,4.049,7.838,2.490,Fairway,roll,-0.001,0
1048,4.3649,-68.489,10.345,-9.977,4.005,7.837,2.508,Fairway,roll,-0.001,0
1049,4.3690,-68.515,10.361,-9.987,3.962,7.836,2.525,Fairway,roll,-0.001,0
1050,4.3732,-68.542,10.378,-9.998,3.919,7.835,2.543,Fairway,roll,-0.001,0
1051,4.3774,-68.568,10.394,-10.008,3.876,7.834,2.560,Fairway,roll,-0.001,0
1052,4.3815,-68.595,10.410,-10.018,3.832,7.834,2.576,Fairway,roll,-0.001,0
1053,4.3857,-68.621,10.426,-10.029,3.789,7.833,2.593,Fairway,roll,-0.001,0
1054,4.3898,-68.647,10.442,-10.039,3.746,7.832,2.610,Fairway,roll,-0.001,0
1055,4.3940,-68.674,10.457,-10.049,3.703,7.831,2.626,Fairway,roll,-0.001,0
1056,4.3982,-68.700,10.472,-10.060,3.660,7.830,2.642,Fairway,roll,-0.001,0
1057,4.4023,-68.727,10.488,-10.070,3.617,7.830,2.658,Fairway,roll,-0.001,0
1058,4.4065,-68.753,10.503,-10.080,3.574,7.829,2.674,Fairway,roll,-0.001,0
1059,4.4107,-68.779,10.517,-10.091,3.531,7.828,2.690,Fairway,roll,-0.001,0
1060,4.4148,-68.806,10.532,-10.101,3.488,7.827,2.705,Fairway,roll,-0.001,0
1061,4.4190,-68.832,10.546,-10.111,3.445,7.826,2.720,Fairway,roll,-0.001,0
1062,4.4232,-68.858,10.561,-10.122,3.403,7.825,2.736,Fairway,roll,-0.001,0
1063,4.4273,-68.885,10.575,-10.132,3.360,7.824,2.751,Fairway,roll,-0.001,0
1064,4.4315,-68.911,10.589,-10.142,3.317,7.823,2.766,Fairway,roll,-0.001,0
1065,4.4357,-68.937,10.602,-10.153,3.275,7.822,2.780,Fairway,roll,-0.001,0
1066,4.4398,-68.963,10.616,-10.163,3.232,7.821,2.794,Fairway,roll,-0.001,0
1067,4.4440,-68.990,10.629,-10.173,3.189,7.821,2.809,Fairway,roll,-0.001,0
1068,4.4482,-69.016,10.642,-10.183,3.147,7.820,2.823,Fairway,roll,-0.001,0
1069,4.4523,-69.042,10.655,-10.194,3.104,7.819,2.836,Fairway,roll,-0.001,0
1070,4.4565,-69.068,10.668,-10.204,3.062,7.818,2.850,Fairway,roll,-0.001,0
1071,4.4607,-69.094,10.681,-10.214,3.019,7.818,2.863,Fairway,roll,-0.001,0
1072,4.4648,-69.121,10.693,-10.224,2.977,7.817,2.876,Fairway,roll,-0.001,0
1073,4.4690,-69.147,10.706,-10.235,2.934,7.816,2.889,Fairway,roll,-0.001,0
1074,4.4732,-69.173,10.718,-10.245,2.892,7.816,2.902,Fairway,roll,-0.001,0
1075,4.4773,-69.199,10.730,-10.255,2.849,7.815,2.915,Fairway,roll,-0.001,0
1076,4.4815,-69.225,10.742,-10.265,2.807,7.814,2.927,Fairway,roll,-0.001,0
1077,4.4857,-69.251,10.753,-10.275,2.765,7.813,2.940,Fairway,roll,-0.001,0
1078,4.4898,-69.277,10.765,-10.286,2.723,7.813,2.952,Fairway,roll,-0.001,0
1079,4.4940,-69.303,10.776,-10.296,2.680,7.812,2.964,Fairway,roll,-0.001,0
1080,4.4982,-69.329,10.787,-10.306,2.638,7.811,2.976,Fairway,roll,-0.001,0
1081,4.5023,-69.356,10.798,-10.316,2.596,7.810,2.987,Fairway,roll,-0.001,0
1082,4.5065,-69.382,10.809,-10.326,2.554,7.810,2.999,Fairway,roll,-0.001,0
1083,4.5107,-69.408,10.819,-10.337,2.512,7.809,3.010,Fairway,roll,-0.001,0
1084,4.5148,-69.434,10.829,-10.347,2.470,7.808,3.022,Fairway,roll,-0.001,0
1085,4.5190,-69.460,10.840,-10.357,2.427,7.807,3.033,Fairway,roll,-0.001,0
1086,4.5231,-69.486,10.850,-10.367,2.385,7.806,3.044,Fairway,roll,-0.001,0
1087,4.5273,-69.511,10.860,-10.377,2.343,7.805,3.054,Fairway,roll,-0.001,0
1088,4.5315,-69.537,10.869,-10.387,2.301,7.804,3.065,Fairway,roll,-0.001,0
1089,4.5356,-69.563,10.879,-10.398,2.259,7.803,3.075,Fairway,roll,-0.001,0
1090,4.5398,-69.589,10.888,-10.408,2.217,7.803,3.085,Fairway,roll,-0.001,0
1091,4.5440,-69.615,10.897,-10.418,2.176,7.802,3.095,Fairway,roll,-0.001,0
1092,4.5481,-69.641,10.906,-10.428,2.134,7.801,3.105,Fairway,roll,-0.001,0
1093,4.5523,-69.667,10.915,-10.438,2.092,7.801,3.114,Fairway,roll,-0.001,0
1094,4.5565,-69.693,10.924,-10.448,2.050,7.800,3.124,Fairway,roll,-0.001,0
1095,4.5606,-69.719,10.932,-10.458,2.008,7.799,3.133,Fairway,roll,-0.001,0
1096,4.5648,-69.745,10.940,-10.469,1.966,7.798,3.142,Fairway,roll,-0.001,0
1097,4.5690,-69.770,10.948,-10.479,1.925,7.797,3.151,Fairway,roll,-0.001,0
1098,4.5731,-69.796,10.956,-10.489,1.883,7.797,3.160,Fairway,roll,-0.001,0
1099,4.5773,-69.822,10.964,-10.499,1.841,7.796,3.168,Fairway,roll,-0.001,0
1100,4.5815,-69.848,10.972,-10.509,1.799,7.795,3.177,Fairway,roll,-0.001,0
1101,4.5856,-69.874,10.979,-10.519,1.758,7.794,3.185,Fairway,roll,-0.001,0
1102,4.5898,-69.899,10.986,-10.529,1.716,7.793,3.193,Fairway,roll,-0.001,0
1103,4.5940,-69.925,10.993,-10.539,1.674,7.793,3.201,Fairway,roll,-0.001,0
1104,4.5981,-69.951,11.000,-10.549,1.633,7.792,3.208,Fairway,roll,-0.001,0
1105,4.6023,-69.977,11.007,-10.559,1.591,7.791,3.216,Fairway,roll,-0.001,0
1106,4.6065,-70.002,11.013,-10.569,1.550,7.791,3.223,Fairway,roll,-0.001,0
1107,4.6106,-70.028,11.020,-10.579,1.508,7.790,3.230,Fairway,roll,-0.001,0
1108,4.6148,-70.054,11.026,-10.590,1.467,7.789,3.237,Fairway,roll,-0.001,0
1109,4.6190,-70.080,11.032,-10.600,1.425,7.789,3.243,Fairway,roll,-0.001,0
1110,4.6231,-70.105,11.038,-10.610,1.384,7.788,3.250,Fairway,roll,-0.001,0
1111,4.6273,-70.131,11.043,-10.620,1.342,7.787,3.256,Fairway,roll,-0.001,0
1112,4.6315,-70.157,11.049,-10.630,1.301,7.786,3.263,Fairway,roll,-0.001,0
1113,4.6356,-70.182,11.054,-10.640,1.259,7.786,3.269,Fairway,roll,-0.001,0
1114,4.6398,-70.208,11.059,-10.650,1.218,7.785,3.275,Fairway,roll,-0.001,0
1115,4.6440,-70.234,11.064,-10.660,1.177,7.784,3.280,Fairway,roll,-0.001,0
1116,4.6481,-70.259,11.069,-10.670,1.135,7.783,3.286,Fairway,roll,-0.001,0
1117,4.6523,-70.285,11.074,-10.680,1.094,7.782,3.291,Fairway,roll,-0.001,0
1118,4.6564,-70.310,11.078,-10.690,1.053,7.782,3.297,Fairway,roll,-0.001,0
1119,4.6606,-70.336,11.083,-10.700,1.011,7.781,3.302,Fairway,roll,-0.001,0
1120,4.6648,-70.362,11.087,-10.710,0.970,7.780,3.307,Fairway,roll,-0.001,0
1121,4.6689,-70.387,11.091,-10.720,0.929,7.779,3.312,Fairway,roll,-0.001,0
1122,4.6731,-70.413,11.094,-10.730,0.887,7.778,3.316,Fairway,roll,-0.001,0
1123,4.6773,-70.438,11.098,-10.740,0.846,7.778,3.321,Fairway,roll,-0.001,0
1124,4.6814,-70.464,11.101,-10.750,0.805,7.777,3.325,Fairway,roll,-0.001,0
1125,4.6856,-70.489,11.105,-10.760,0.764,7.776,3.329,Fairway,roll,-0.001,0
1126,4.6898,-70.515,11.108,-10.770,0.723,7.775,3.333,Fairway,roll,-0.001,0
1127,4.6939,-70.540,11.111,-10.780,0.682,7.774,3.336,Fairway,roll,-0.001,0
1128,4.6981,-70.566,11.113,-10.790,0.640,7.774,3.340,Fairway,roll,-0.001,0
1129,4.7023,-70.591,11.116,-10.800,0.599,7.773,3.343,Fairway,roll,-0.001,0
1130,4.7064,-70.617,11.118,-10.810,0.558,7.772,3.346,Fairway,roll,-0.001,0
1131,4.7106,-70.642,11.121,-10.820,0.517,7.771,3.349,Fairway,roll,-0.001,0
1132,4.7148,-70.667,11.123,-10.830,0.476,7.770,3.352,Fairway,roll,-0.001,0
1133,4.7189,-70.693,11.125,-10.840,0.435,7.770,3.355,Fairway,roll,-0.001,0
1134,4.7231,-70.718,11.126,-10.850,0.394,7.769,3.358,Fairway,roll,-0.001,0
1135,4.7273,-70.744,11.128,-10.860,0.353,7.768,3.360,Fairway,roll,-0.001,0
1136,4.7314,-70.769,11.129,-10.869,0.312,7.767,3.362,Fairway,roll,-0.001,0
1137,4.7356,-70.795,11.130,-10.879,0.271,7.766,3.364,Fairway,roll,-0.001,0
1138,4.7398,-70.820,11.132,-10.889,0.230,7.766,3.366,Fairway,roll,-0.001,0
1139,4.7439,-70.845,11.132,-10.899,0.189,7.765,3.367,Fairway,roll,-0.001,0
1140,4.7481,-70.871,11.133,-10.909,0.148,7.764,3.369,Fairway,roll,-0.001,0
1141,4.7523,-70.896,11.134,-10.919,0.107,7.764,3.370,Fairway,roll,-0.001,0
1142,4.7564,-70.921,11.134,-10.929,0.066,7.763,3.371,Fairway,roll,-0.001,0
1143,4.7606,-70.947,11.134,-10.939,0.026,7.762,3.372,Fairway,roll,-0.001,0
1144,4.7648,-70.972,11.134,-10.949,-0.015,7.762,3.373,Fairway,roll,-0.001,0
1145,4.7689,-70.997,11.134,-10.959,-0.056,7.761,3.373,Fairway,roll,-0.001,0
1146,4.7731,-71.022,11.134,-10.969,-0.097,7.760,3.373,Fairway,roll,-0.001,0
1147,4.7773,-71.048,11.133,-10.979,-0.138,7.760,3.373,Fairway,roll,-0.001,0
1148,4.7814,-71.073,11.133,-10.988,-0.179,7.759,3.374,Fairway,roll,-0.001,0
1149,4.7856,-71.098,11.132,-10.998,-0.219,7.758,3.373,Fairway,roll,-0.001,0
1150,4.7897,-71.124,11.131,-11.008,-0.260,7.758,3.373,Fairway,roll,-0.001,0
1151,4.7939,-71.149,11.130,-11.018,-0.301,7.757,3.373,Fairway,roll,-0.001,0
1152,4.7981,-71.174,11.128,-11.028,-0.341,7.756,3.372,Fairway,roll,-0.001,0
1153,4.8022,-71.199,11.127,-11.038,-0.382,7.755,3.372,Fairway,roll,-0.001,0
1154,4.8064,-71.224,11.125,-11.048,-0.423,7.755,3.371,Fairway,roll,-0.001,0
1155,4.8106,-71.250,11.123,-11.058,-0.464,7.754,3.370,Fairway,roll,-0.001,0
1156,4.8147,-71.275,11.121,-11.067,-0.504,7.753,3.368,Fairway,roll,-0.001,0
1157,4.8189,-71.300,11.119,-11.077,-0.545,7.752,3.367,Fairway,roll,-0.001,0
1158,4.8231,-71.325,11.117,-11.087,-0.585,7.751,3.365,Fairway,roll,-0.001,0
1159,4.8272,-71.350,11.114,-11.097,-0.626,7.751,3.364,Fairway,roll,-0.001,0
1160,4.8314,-71.375,11.112,-11.107,-0.667,7.750,3.361,Fairway,roll,-0.001,0
1161,4.8356,-71.401,11.109,-11.117,-0.707,7.749,3.359,Fairway,roll,-0.001,0
1162,4.8397,-71.426,11.106,-11.126,-0.748,7.749,3.357,Fairway,roll,-0.001,0
1163,4.8439,-71.451,11.102,-11.136,-0.788,7.748,3.354,Fairway,roll,-0.001,0
1164,4.8481,-71.476,11.099,-11.146,-0.829,7.748,3.352,Fairway,roll,-0.001,0
1165,4.8522,-71.501,11.096,-11.156,-0.869,7.747,3.349,Fairway,roll,-0.001,0
1166,4.8564,-71.526,11.092,-11.166,-0.910,7.746,3.346,Fairway,roll,-0.001,0
1167,4.8606,-71.551,11.088,-11.176,-0.950,7.745,3.343,Fairway,roll,-0.001,0
1168,4.8647,-71.576,11.084,-11.185,-0.991,7.745,3.339,Fairway,roll,-0.001,0
1169,4.8689,-71.601,11.080,-11.195,-1.031,7.744,3.336,Fairway,roll,-0.001,0
1170,4.8731,-71.626,11.075,-11.205,-1.071,7.743,3.332,Fairway,roll,-0.001,0
1171,4.8772,-71.651,11.071,-11.215,-1.112,7.742,3.328,Fairway,roll,-0.001,0
1172,4.8814,-71.676,11.066,-11.225,-1.152,7.741,3.325,Fairway,roll,-0.001,0
1173,4.8856,-71.701,11.061,-11.234,-1.192,7.741,3.321,Fairway,roll,-0.001,0
1174,4.8897,-71.726,11.056,-11.244,-1.233,7.740,3.316,Fairway,roll,-0.001,0
1175,4.8939,-71.751,11.051,-11.254,-1.273,7.739,3.312,Fairway,roll,-0.001,0
1176,4.8981,-71.776,11.046,-11.264,-1.313,7.739,3.307,Fairway,roll,-0.001,0
1177,4.9022,-71.801,11.040,-11.273,-1.354,7.738,3.302,Fairway,roll,-0.001,0
1178,4.9064,-71.826,11.034,-11.283,-1.394,7.737,3.297,Fairway,roll,-0.001,0
1179,4.9106,-71.851,11.028,-11.293,-1.434,7.737,3.292,Fairway,roll,-0.001,0
1180,4.9147,-71.876,11.022,-11.303,-1.474,7.736,3.286,Fairway,roll,-0.001,0
1181,4.9189,-71.901,11.016,-11.312,-1.515,7.735,3.281,Fairway,roll,-0.001,0
1182,4.9231,-71.926,11.010,-11.322,-1.555,7.735,3.275,Fairway,roll,-0.001,0
1183,4.9272,-71.951,11.003,-11.332,-1.595,7.734,3.269,Fairway,roll,-0.001,0
1184,4.9314,-71.976,10.996,-11.342,-1.635,7.734,3.263,Fairway,roll,-0.001,0
1185,4.9355,-72.001,10.990,-11.351,-1.675,7.733,3.257,Fairway,roll,-0.001,0
1186,4.9397,-72.025,10.982,-11.361,-1.715,7.732,3.250,Fairway,roll,-0.001,0
1187,4.9439,-72.050,10.975,-11.371,-1.755,7.731,3.244,Fairway,roll,-0.001,0
1188,4.9480,-72.075,10.968,-11.381,-1.796,7.731,3.237,Fairway,roll,-0.001,0
1189,4.9522,-72.100,10.960,-11.390,-1.836,7.730,3.230,Fairway,roll,-0.001,0
1190,4.9564,-72.125,10.953,-11.400,-1.876,7.729,3.223,Fairway,roll,-0.001,0
1191,4.9605,-72.150,10.945,-11.410,-1.916,7.729,3.216,Fairway,roll,-0.001,0
1192,4.9647,-72.174,10.937,-11.419,-1.956,7.728,3.209,Fairway,roll,-0.001,0
1193,4.9689,-72.199,10.928,-11.429,-1.996,7.727,3.201,Fairway,roll,-0.001,0
1194,4.9730,-72.224,10.920,-11.439,-2.036,7.726,3.194,Fairway,roll,-0.001,0
1195,4.9772,-72.249,10.911,-11.449,-2.076,7.726,3.186,Fairway,roll,-0.001,0
1196,4.9814,-72.274,10.903,-11.458,-2.115,7.725,3.178,Fairway,roll,-0.001,0
1197,4.9855,-72.298,10.894,-11.468,-2.155,7.724,3.170,Fairway,roll,-0.001,0
1198,4.9897,-72.323,10.885,-11.478,-2.195,7.724,3.161,Fairway,roll,-0.001,0
1199,4.9939,-72.348,10.876,-11.487,-2.235,7.723,3.153,Fairway,roll,-0.001,0
1200,4.9980,-72.372,10.866,-11.497,-2.275,7.722,3.144,Fairway,roll,-0.001,0
1201,5.0022,-72.397,10.857,-11.507,-2.315,7.721,3.136,Fairway,roll,-0.001,0
1202,5.0064,-72.422,10.847,-11.516,-2.354,7.720,3.126,Fairway,roll,-0.001,0
1203,5.0105,-72.447,10.837,-11.526,-2.394,7.720,3.117,Fairway,roll,-0.001,0
1204,5.0147,-72.471,10.827,-11.536,-2.434,7.719,3.108,Fairway,roll,-0.001,0
1205,5.0189,-72.496,10.817,-11.545,-2.474,7.718,3.098,Fairway,roll,-0.001,0
1206,5.0230,-72.521,10.806,-11.555,-2.513,7.717,3.089,Fairway,roll,-0.001,0
1207,5.0272,-72.545,10.796,-11.565,-2.553,7.717,3.079,Fairway,roll,-0.001,0
1208,5.0314,-72.570,10.785,-11.574,-2.593,7.716,3.069,Fairway,roll,-0.001,0
1209,5.0355,-72.594,10.774,-11.584,-2.632,7.715,3.059,Fairway,roll,-0.001,0
1210,5.0397,-72.619,10.763,-11.594,-2.672,7.715,3.048,Fairway,roll,-0.001,0
1211,5.0439,-72.644,10.752,-11.603,-2.712,7.714,3.038,Fairway,roll,-0.001,0
1212,5.0480,-72.668,10.741,-11.613,-2.751,7.713,3.027,Fairway,roll,-0.001,0
1213,5.0522,-72.693,10.729,-11.622,-2.791,7.713,3.017,Fairway,roll,-0.001,0
1214,5.0564,-72.717,10.717,-11.632,-2.830,7.712,3.005,Fairway,roll,-0.001,0
1215,5.0605,-72.742,10.705,-11.642,-2.870,7.711,2.994,Fairway,roll,-0.001,0
1216,5.0647,-72.766,10.693,-11.651,-2.909,7.710,2.983,Fairway,roll,-0.001,0
1217,5.0688,-72.791,10.681,-11.661,-2.949,7.710,2.972,Fairway,roll,-0.001,0
1218,5.0730,-72.815,10.669,-11.670,-2.988,7.709,2.960,Fairway,roll,-0.001,0
1219,5.0772,-72.840,10.656,-11.680,-3.027,7.708,2.948,Fairway,roll,-0.001,0
1220,5.0813,-72.864,10.644,-11.690,-3.067,7.707,2.936,Fairway,roll,-0.001,0
1221,5.0855,-72.889,10.631,-11.699,-3.106,7.707,2.924,Fairway,roll,-0.001,0
1222,5.0897,-72.913,10.618,-11.709,-3.145,7.706,2.912,Fairway,roll,-0.001,0
1223,5.0938,-72.938,10.605,-11.718,-3.185,7.705,2.899,Fairway,roll,-0.001,0
1224,5.0980,-72.962,10.591,-11.728,-3.224,7.705,2.886,Fairway,roll,0.000,0
1225,5.1022,-72.987,10.578,-11.737,-3.263,7.705,2.873,Fairway,roll,0.000,0
1226,5.1063,-73.011,10.564,-11.747,-3.302,7.704,2.860,Fairway,roll,-0.001,0
1227,5.1105,-73.035,10.550,-11.757,-3.342,7.703,2.847,Fairway,roll,0.000,0
1228,5.1147,-73.060,10.536,-11.766,-3.381,7.703,2.834,Fairway,roll,-0.001,0
1229,5.1188,-73.084,10.522,-11.776,-3.420,7.702,2.820,Fairway,roll,-0.001,0
1230,5.1230,-73.109,10.508,-11.785,-3.459,7.702,2.806,Fairway,roll,-0.001,0
1231,5.1272,-73.133,10.493,-11.795,-3.498,7.701,2.792,Fairway,roll,-0.001,0
1232,5.1313,-73.157,10.479,-11.804,-3.537,7.700,2.778,Fairway,roll,-0.001,0
1233,5.1355,-73.182,10.464,-11.814,-3.576,7.699,2.764,Fairway,roll,-0.001,0
1234,5.1397,-73.206,10.449,-11.823,-3.615,7.699,2.750,Fairway,roll,-0.001,0
1235,5.1438,-73.230,10.434,-11.833,-3.654,7.698,2.736,Fairway,roll,-0.001,0
1236,5.1480,-73.255,10.418,-11.842,-3.693,7.697,2.721,Fairway,roll,-0.001,0
1237,5.1522,-73.279,10.403,-11.852,-3.732,7.697,2.706,Fairway,roll,-0.001,0
1238,5.1563,-73.303,10.387,-11.861,-3.771,7.696,2.692,Fairway,roll,-0.001,0
1239,5.1605,-73.327,10.372,-11.871,-3.810,7.695,2.676,Fairway,roll,-0.001,0
1240,5.1647,-73.352,10.356,-11.880,-3.849,7.695,2.661,Fairway,roll,-0.001,0
1241,5.1688,-73.376,10.340,-11.890,-3.887,7.694,2.645,Fairway,roll,-0.001,0
1242,5.1730,-73.400,10.323,-11.899,-3.926,7.694,2.630,Fairway,roll,-0.001,0
1243,5.1772,-73.424,10.307,-11.909,-3.965,7.693,2.614,Fairway,roll,-0.001,0
1244,5.1813,-73.448,10.290,-11.918,-4.004,7.692,2.598,Fairway,roll,-0.001,0
1245,5.1855,-73.473,10.274,-11.928,-4.042,7.692,2.582,Fairway,roll,-0.001,0
1246,5.1897,-73.497,10.257,-11.937,-4.081,7.691,2.566,Fairway,roll,-0.001,0
1247,5.1938,-73.521,10.240,-11.947,-4.119,7.691,2.549,Fairway,roll,-0.001,0
1248,5.1980,-73.545,10.222,-11.956,-4.158,7.690,2.532,Fairway,roll,0.000,0
1249,5.2021,-73.569,10.205,-11.965,-4.197,7.689,2.516,Fairway,roll,-0.001,0
1250,5.2063,-73.593,10.187,-11.975,-4.235,7.689,2.499,Fairway,roll,-0.001,0
1251,5.2105,-73.617,10.170,-11.984,-4.273,7.688,2.481,Fairway,roll,-0.001,0
1252,5.2146,-73.641,10.152,-11.994,-4.312,7.687,2.464,Fairway,roll,-0.001,0
1253,5.2188,-73.665,10.134,-12.003,-4.350,7.687,2.447,Fairway,roll,-0.001,0
1254,5.2230,-73.690,10.115,-12.013,-4.389,7.686,2.430,Fairway,roll,-0.001,0
1255,5.2271,-73.714,10.097,-12.022,-4.427,7.685,2.412,Fairway,roll,-0.001,0
1256,5.2313,-73.738,10.079,-12.031,-4.465,7.685,2.394,Fairway,roll,-0.001,0
1257,5.2355,-73.762,10.060,-12.041,-4.504,7.684,2.376,Fairway,roll,-0.001,0
1258,5.2396,-73.786,10.041,-12.050,-4.542,7.683,2.358,Fairway,roll,-0.001,0
1259,5.2438,-73.810,10.022,-12.060,-4.580,7.683,2.340,Fairway,roll,-0.001,0
1260,5.2480,-73.834,10.003,-12.069,-4.618,7.682,2.321,Fairway,roll,-0.001,0
1261,5.2521,-73.858,9.984,-12.078,-4.656,7.681,2.303,Fairway,roll,-0.001,0
1262,5.2563,-73.881,9.964,-12.088,-4.694,7.680,2.284,Fairway,roll,-0.001,0
1263,5.2605,-73.905,9.945,-12.097,-4.732,7.680,2.265,Fairway,roll,-0.001,0
1264,5.2646,-73.929,9.925,-12.106,-4.770,7.679,2.246,Fairway,roll,-0.001,0
1265,5.2688,-73.953,9.905,-12.116,-4.808,7.678,2.227,Fairway,roll,-0.001,0
1266,5.2730,-73.977,9.885,-12.125,-4.846,7.678,2.207,Fairway,roll,-0.001,0
1267,5.2771,-74.001,9.864,-12.135,-4.884,7.677,2.187,Fairway,roll,-0.001,0
1268,5.2813,-74.025,9.844,-12.144,-4.922,7.677,2.167,Fairway,roll,-0.001,0
1269,5.2855,-74.049,9.823,-12.153,-4.960,7.676,2.148,Fairway,roll,-0.001,0
1270,5.2896,-74.073,9.803,-12.163,-4.998,7.675,2.127,Fairway,roll,0.000,0
1271,5.2938,-74.096,9.782,-12.172,-5.035,7.675,2.107,Fairway,roll,-0.001,0
1272,5.2980,-74.120,9.761,-12.181,-5.073,7.674,2.087,Fairway,roll,-0.001,0
1273,5.3021,-74.144,9.740,-12.190,-5.111,7.673,2.066,Fairway,roll,-0.001,0
1274,5.3063,-74.168,9.718,-12.200,-5.149,7.673,2.045,Fairway,roll,0.000,0
1275,5.3105,-74.191,9.697,-12.209,-5.188,7.672,2.024,Fairway,roll,-0.001,0
1276,5.3146,-74.215,9.675,-12.218,-5.227,7.672,2.003,Fairway,roll,-0.001,0
1277,5.3188,-74.239,9.653,-12.228,-5.266,7.671,1.982,Fairway,roll,-0.001,0
1278,5.3230,-74.263,9.631,-12.237,-5.305,7.671,1.961,Fairway,roll,-0.001,0
1279,5.3271,-74.286,9.609,-12.246,-5.345,7.670,1.939,Fairway,roll,-0.001,0
1280,5.3313,-74.310,9.587,-12.256,-5.384,7.669,1.917,Fairway,roll,-0.001,0
1281,5.3354,-74.334,9.564,-12.265,-5.423,7.669,1.896,Fairway,roll,-0.001,0
1282,5.3396,-74.358,9.541,-12.274,-5.462,7.668,1.874,Fairway,roll,-0.001,0
1283,5.3438,-74.381,9.519,-12.283,-5.501,7.667,1.851,Fairway,roll,-0.001,0
1284,5.3479,-74.405,9.496,-12.293,-5.540,7.667,1.829,Fairway,roll,-0.001,0
1285,5.3521,-74.429,9.472,-12.302,-5.579,7.666,1.806,Fairway,roll,-0.001,0
1286,5.3563,-74.452,9.449,-12.311,-5.618,7.666,1.784,Fairway,roll,-0.001,0
1287,5.3604,-74.476,9.426,-12.320,-5.657,7.665,1.761,Fairway,roll,-0.001,0
1288,5.3646,-74.500,9.402,-12.330,-5.696,7.664,1.738,Fairway,roll,0.000,0
1289,5.3688,-74.523,9.378,-12.339,-5.735,7.664,1.714,Fairway,roll,0.000,0
1290,5.3729,-74.547,9.354,-12.348,-5.774,7.663,1.691,Fairway,roll,-0.001,0
1291,5.3771,-74.571,9.330,-12.357,-5.813,7.663,1.667,Fairway,roll,0.000,0
1292,5.3813,-74.594,9.306,-12.367,-5.851,7.662,1.643,Fairway,roll,-0.001,0
1293,5.3854,-74.618,9.281,-12.376,-5.890,7.662,1.620,Fairway,roll,-0.001,0
1294,5.3896,-74.641,9.257,-12.385,-5.929,7.661,1.596,Fairway,roll,-0.001,0
1295,5.3938,-74.665,9.232,-12.394,-5.968,7.660,1.572,Fairway,roll,-0.001,0
1296,5.3979,-74.689,9.207,-12.404,-6.007,7.659,1.548,Fairway,roll,-0.001,0
1297,5.4021,-74.712,9.182,-12.413,-6.045,7.659,1.523,Fairway,roll,-0.001,0
1298,5.4063,-74.736,9.157,-12.422,-6.084,7.658,1.499,Fairway,roll,-0.001,0
1299,5.4104,-74.759,9.131,-12.431,-6.123,7.657,1.474,Fairway,roll,-0.001,0
1300,5.4146,-74.783,9.106,-12.441,-6.161,7.657,1.449,Fairway,roll,-0.001,0
1301,5.4188,-74.807,9.080,-12.450,-6.200,7.656,1.424,Fairway,roll,-0.001,0
1302,5.4229,-74.830,9.054,-12.459,-6.238,7.655,1.399,Fairway,roll,-0.001,0
1303,5.4271,-74.854,9.028,-12.468,-6.277,7.655,1.373,Fairway,roll,-0.001,0
1304,5.4313,-74.877,9.002,-12.477,-6.315,7.654,1.348,Fairway,roll,-0.001,0
1305,5.4354,-74.901,8.975,-12.487,-6.354,7.654,1.322,Fairway,roll,0.000,0
1306,5.4396,-74.924,8.949,-12.496,-6.392,7.653,1.296,Fairway,roll,-0.001,0
1307,5.4438,-74.948,8.922,-12.505,-6.431,7.653,1.270,Fairway,roll,0.000,0
1308,5.4479,-74.971,8.895,-12.514,-6.469,7.652,1.243,Fairway,roll,0.000,0
1309,5.4521,-74.995,8.868,-12.524,-6.508,7.651,1.217,Fairway,roll,-0.001,0
1310,5.4563,-75.018,8.841,-12.533,-6.546,7.651,1.190,Fairway,roll,0.000,0
1311,5.4604,-75.042,8.814,-12.542,-6.584,7.650,1.163,Fairway,roll,-0.001,0
1312,5.4646,-75.065,8.786,-12.551,-6.623,7.650,1.137,Fairway,roll,-0.001,0
1313,5.4688,-75.088,8.759,-12.560,-6.661,7.649,1.109,Fairway,roll,-0.001,0
1314,5.4729,-75.112,8.731,-12.569,-6.699,7.649,1.082,Fairway,roll,-0.001,0
1315,5.4771,-75.135,8.703,-12.579,-6.737,7.648,1.055,Fairway,roll,-0.001,0
1316,5.4812,-75.159,8.675,-12.588,-6.775,7.647,1.027,Fairway,roll,-0.001,0
1317,5.4854,-75.182,8.646,-12.597,-6.813,7.647,1.000,Fairway,roll,-0.001,0
1318,5.4896,-75.206,8.618,-12.606,-6.852,7.646,0.972,Fairway,roll,0.000,0
1319,5.4937,-75.229,8.589,-12.615,-6.890,7.646,0.944,Fairway,roll,-0.001,0
1320,5.4979,-75.252,8.561,-12.624,-6.928,7.645,0.915,Fairway,roll,0.000,0
1321,5.5021,-75.276,8.532,-12.634,-6.966,7.645,0.887,Fairway,roll,-0.001,0
1322,5.5062,-75.299,8.502,-12.643,-7.004,7.644,0.859,Fairway,roll,-0.001,0
1323,5.5104,-75.322,8.473,-12.652,-7.042,7.643,0.830,Fairway,roll,0.000,0
1324,5.5146,-75.346,8.444,-12.661,-7.079,7.643,0.801,Fairway,roll,0.000,0
1325,5.5187,-75.369,8.414,-12.670,-7.117,7.642,0.772,Fairway,roll,0.000,0
1326,5.5229,-75.392,8.385,-12.679,-7.155,7.642,0.743,Fairway,roll,-0.001,0
1327,5.5271,-75.416,8.355,-12.688,-7.193,7.641,0.714,Fairway,roll,-0.001,0
1328,5.5312,-75.439,8.325,-12.698,-7.231,7.641,0.684,Fairway,roll,-0.001,0
1329,5.5354,-75.462,8.294,-12.707,-7.269,7.640,0.655,Fairway,roll,-0.001,0
1330,5.5396,-75.486,8.264,-12.716,-7.306,7.639,0.625,Fairway,roll,-0.001,0
1331,5.5437,-75.509,8.234,-12.725,-7.344,7.638,0.595,Fairway,roll,-0.001,0
1332,5.5479,-75.532,8.203,-12.734,-7.382,7.638,0.565,Fairway,roll,-0.001,0
1333,5.5521,-75.555,8.172,-12.743,-7.419,7.637,0.535,Fairway,roll,-0.001,0
1334,5.5562,-75.579,8.141,-12.752,-7.457,7.636,0.505,Fairway,roll,-0.001,0
1335,5.5604,-75.602,8.110,-12.761,-7.494,7.636,0.474,Fairway,roll,-0.001,0
1336,5.5646,-75.625,8.079,-12.770,-7.532,7.635,0.444,Fairway,roll,-0.001,0
1337,5.5687,-75.648,8.047,-12.779,-7.569,7.634,0.413,Fairway,roll,-0.001,0
1338,5.5729,-75.672,8.016,-12.789,-7.607,7.634,0.382,Fairway,roll,0.000,0
1339,5.5771,-75.695,7.984,-12.798,-7.644,7.634,0.350,Fairway,roll,0.000,0
1340,5.5812,-75.718,7.952,-12.807,-7.681,7.633,0.319,Fairway,roll,-0.001,0
1341,5.5854,-75.741,7.920,-12.816,-7.719,7.632,0.287,Fairway,roll,0.000,0
1342,5.5896,-75.764,7.888,-12.825,-7.756,7.632,0.256,Fairway,roll,-0.001,0
1343,5.5937,-75.787,7.855,-12.834,-7.793,7.631,0.224,Fairway,roll,-0.001,0
1344,5.5979,-75.811,7.823,-12.843,-7.830,7.631,0.192,Fairway,roll,-0.001,0
1345,5.6021,-75.834,7.790,-12.852,-7.867,7.630,0.160,Fairway,roll,-0.001,0
1346,5.6062,-75.857,7.757,-12.861,-7.904,7.630,0.128,Fairway,roll,-0.001,0
1347,5.6104,-75.880,7.724,-12.870,-7.942,7.629,0.095,Fairway,roll,-0.001,0
1348,5.6145,-75.903,7.691,-12.879,-7.979,7.628,0.063,Fairway,roll,-0.001,0
1349,5.6187,-75.926,7.658,-12.888,-8.016,7.628,0.030,Fairway,roll,-0.001,0
1350,5.6225,-75.947,7.627,-12.896,-8.049,7.627,0.000,Fairway,roll,-0.001,0
1351,5.6267,-75.958,7.644,-12.901,3.983,7.627,0.017,Fairway,roll,0.000,0
1352,5.6308,-75.968,7.660,-12.905,3.941,7.627,0.034,Fairway,roll,0.000,0
1353,5.6350,-75.978,7.677,-12.909,3.899,7.627,0.050,Fairway,roll,0.000,0
1354,5.6392,-75.989,7.693,-12.913,3.858,7.626,0.066,Fairway,roll,0.000,0
1355,5.6433,-75.999,7.709,-12.917,3.816,7.626,0.083,Fairway,roll,0.000,0
1356,5.6475,-76.009,7.725,-12.921,3.774,7.626,0.099,Fairway,roll,0.000,0
1357,5.6517,-76.020,7.740,-12.925,3.733,7.626,0.114,Fairway,roll,0.000,0
1358,5.6558,-76.030,7.756,-12.929,3.691,7.626,0.130,Fairway,roll,0.000,0
1359,5.6600,-76.040,7.771,-12.933,3.650,7.625,0.146,Fairway,roll,0.000,0
1360,5.6642,-76.051,7.786,-12.937,3.608,7.625,0.161,Fairway,roll,0.000,0
1361,5.6683,-76.061,7.801,-12.941,3.567,7.625,0.176,Fairway,roll,0.000,0
1362,5.6725,-76.072,7.816,-12.945,3.525,7.625,0.191,Fairway,roll,0.000,0
1363,5.6767,-76.082,7.830,-12.949,3.483,7.624,0.206,Fairway,roll,0.000,0
1364,5.6808,-76.092,7.845,-12.953,3.442,7.624,0.221,Fairway,roll,0.000,0
1365,5.6850,-76.103,7.859,-12.957,3.400,7.624,0.235,Fairway,roll,0.000,0
1366,5.6892,-76.113,7.873,-12.961,3.359,7.624,0.249,Fairway,roll,0.000,0
1367,5.6933,-76.123,7.887,-12.965,3.318,7.624,0.263,Fairway,roll,0.000,0
1368,5.6975,-76.134,7.901,-12.969,3.276,7.623,0.277,Fairway,roll,0.000,0
1369,5.7017,-76.144,7.914,-12.974,3.235,7.623,0.291,Fairway,roll,0.000,0
1370,5.7058,-76.154,7.928,-12.978,3.193,7.623,0.305,Fairway,roll,0.000,0
1371,5.7100,-76.165,7.941,-12.982,3.152,7.623,0.318,Fairway,roll,0.000,0
1372,5.7142,-76.175,7.954,-12.986,3.111,7.623,0.331,Fairway,roll,0.000,0
1373,5.7183,-76.185,7.967,-12.990,3.069,7.622,0.344,Fairway,roll,0.000,0
1374,5.7225,-76.196,7.979,-12.994,3.028,7.622,0.357,Fairway,roll,0.000,0
1375,5.7267,-76.206,7.992,-12.998,2.987,7.622,0.370,Fairway,roll,0.000,0
1376,5.7308,-76.216,8.004,-13.002,2.945,7.622,0.382,Fairway,roll,0.000,0
1377,5.7350,-76.227,8.016,-13.006,2.903,7.622,0.395,Fairway,roll,0.000,0
1378,5.7392,-76.237,8.028,-13.010,2.861,7.621,0.407,Fairway,roll,0.000,0
1379,5.7433,-76.247,8.040,-13.014,2.820,7.621,0.419,Fairway,roll,0.000,0
1380,5.7475,-76.258,8.052,-13.018,2.778,7.621,0.431,Fairway,roll,0.000,0
1381,5.7516,-76.268,8.063,-13.022,2.736,7.620,0.443,Fairway,roll,0.000,0
1382,5.7558,-76.278,8.075,-13.026,2.695,7.620,0.455,Fairway,roll,0.000,0
1383,5.7600,-76.289,8.086,-13.030,2.653,7.620,0.466,Fairway,roll,0.000,0
1384,5.7641,-76.299,8.097,-13.034,2.612,7.620,0.477,Fairway,roll,0.000,0
1385,5.7683,-76.309,8.108,-13.038,2.570,7.619,0.488,Fairway,roll,0.000,0
1386,5.7725,-76.319,8.118,-13.042,2.529,7.619,0.499,Fairway,roll,0.000,0
1387,5.7766,-76.330,8.129,-13.046,2.487,7.619,0.510,Fairway,roll,0.000,0
1388,5.7808,-76.340,8.139,-13.050,2.446,7.618,0.521,Fairway,roll,0.000,0
1389,5.7850,-76.350,8.149,-13.054,2.404,7.618,0.531,Fairway,roll,0.000,0
1390,5.7891,-76.361,8.159,-13.058,2.363,7.618,0.541,Fairway,roll,0.000,0
1391,5.7933,-76.371,8.169,-13.062,2.321,7.617,0.551,Fairway,roll,0.000,0
1392,5.7975,-76.381,8.178,-13.066,2.280,7.617,0.561,Fairway,roll,0.000,0
1393,5.8016,-76.391,8.188,-13.070,2.238,7.617,0.571,Fairway,roll,0.000,0
1394,5.8058,-76.402,8.197,-13.074,2.197,7.617,0.580,Fairway,roll,0.000,0
1395,5.8100,-76.412,8.206,-13.078,2.156,7.616,0.590,Fairway,roll,0.000,0
1396,5.8141,-76.422,8.215,-13.082,2.114,7.616,0.599,Fairway,roll,0.000,0
1397,5.8183,-76.433,8.224,-13.086,2.073,7.616,0.608,Fairway,roll,0.000,0
1398,5.8225,-76.443,8.232,-13.090,2.032,7.615,0.617,Fairway,roll,0.000,0
1399,5.8266,-76.453,8.240,-13.095,1.990,7.615,0.625,Fairway,roll,0.000,0
1400,5.8308,-76.463,8.249,-13.099,1.949,7.615,0.634,Fairway,roll,0.000,0
1401,5.8350,-76.474,8.257,-13.103,1.908,7.614,0.642,Fairway,roll,0.000,0
1402,5.8391,-76.484,8.265,-13.107,1.867,7.614,0.650,Fairway,roll,0.000,0
1403,5.8433,-76.494,8.272,-13.111,1.825,7.614,0.658,Fairway,roll,0.000,0
1404,5.8475,-76.504,8.280,-13.115,1.784,7.614,0.666,Fairway,roll,0.000,0
1405,5.8516,-76.515,8.287,-13.119,1.743,7.613,0.674,Fairway,roll,0.000,0
1406,5.8558,-76.525,8.294,-13.123,1.702,7.613,0.681,Fairway,roll,0.000,0
1407,5.8600,-76.535,8.301,-13.127,1.661,7.613,0.689,Fairway,roll,0.000,0
1408,5.8641,-76.545,8.308,-13.131,1.620,7.612,0.696,Fairway,roll,0.000,0
1409,5.8683,-76.556,8.315,-13.135,1.578,7.612,0.702,Fairway,roll,0.000,0
1410,5.8725,-76.566,8.321,-13.139,1.537,7.612,0.709,Fairway,roll,0.000,0
1411,5.8766,-76.576,8.327,-13.143,1.496,7.612,0.716,Fairway,roll,0.000,0
1412,5.8808,-76.586,8.334,-13.147,1.455,7.611,0.722,Fairway,roll,0.000,0
1413,5.8849,-76.597,8.340,-13.151,1.414,7.611,0.728,Fairway,roll,0.000,0
1414,5.8891,-76.607,8.345,-13.155,1.373,7.611,0.734,Fairway,roll,0.000,0
1415,5.8933,-76.617,8.351,-13.159,1.332,7.611,0.740,Fairway,roll,0.000,0
1416,5.8974,-76.627,8.356,-13.163,1.291,7.611,0.746,Fairway,roll,0.000,0
1417,5.9016,-76.638,8.362,-13.167,1.250,7.610,0.751,Fairway,roll,0.000,0
1418,5.9058,-76.648,8.367,-13.171,1.209,7.610,0.757,Fairway,roll,0.000,0
1419,5.9099,-76.658,8.372,-13.175,1.167,7.610,0.762,Fairway,roll,0.000,0
1420,5.9141,-76.668,8.377,-13.179,1.126,7.610,0.767,Fairway,roll,0.000,0
1421,5.9183,-76.678,8.381,-13.183,1.085,7.609,0.772,Fairway,roll,0.000,0
1422,5.9224,-76.689,8.386,-13.187,1.044,7.609,0.777,Fairway,roll,0.000,0
1423,5.9266,-76.699,8.390,-13.191,1.003,7.609,0.781,Fairway,roll,0.000,0
1424,5.9308,-76.709,8.394,-13.195,0.962,7.609,0.785,Fairway,roll,0.000,0
1425,5.9349,-76.719,8.398,-13.199,0.921,7.608,0.790,Fairway,roll,0.000,0
1426,5.9391,-76.730,8.402,-13.203,0.880,7.608,0.794,Fairway,roll,0.000,0
1427,5.9433,-76.740,8.405,-13.207,0.839,7.608,0.797,Fairway,roll,0.000,0
1428,5.9474,-76.750,8.409,-13.211,0.799,7.608,0.801,Fairway,roll,0.000,0
1429,5.9516,-76.760,8.412,-13.215,0.758,7.607,0.805,Fairway,roll,0.000,0
1430,5.9558,-76.770,8.415,-13.219,0.717,7.607,0.808,Fairway,roll,0.000,0
1431,5.9599,-76.781,8.418,-13.223,0.676,7.607,0.811,Fairway,roll,0.000,0
1432,5.9641,-76.791,8.421,-13.227,0.635,7.607,0.814,Fairway,roll,0.000,0
1433,5.9683,-76.801,8.423,-13.231,0.594,7.606,0.817,Fairway,roll,0.000,0
1434,5.9724,-76.811,8.425,-13.235,0.553,7.606,0.819,Fairway,roll,0.000,0
1435,5.9766,-76.821,8.428,-13.239,0.512,7.606,0.822,Fairway,roll,0.000,0
1436,5.9808,-76.832,8.430,-13.243,0.471,7.606,0.824,Fairway,roll,0.000,0
1437,5.9849,-76.842,8.432,-13.247,0.430,7.605,0.826,Fairway,roll,0.000,0
1438,5.9891,-76.852,8.433,-13.251,0.389,7.605,0.828,Fairway,roll,0.000,0
1439,5.9933,-76.862,8.435,-13.255,0.348,7.605,0.830,Fairway,roll,0.000,0
1440,5.9974,-76.872,8.436,-13.259,0.307,7.605,0.831,Fairway,roll,0.000,0
1441,6.0016,-76.883,8.437,-13.263,0.266,7.604,0.833,Fairway,roll,0.000,0
1442,6.0058,-76.893,8.438,-13.267,0.226,7.604,0.834,Fairway,roll,0.000,0
1443,6.0099,-76.903,8.439,-13.271,0.185,7.604,0.835,Fairway,roll,0.000,0
1444,6.0141,-76.913,8.440,-13.275,0.144,7.604,0.836,Fairway,roll,0.000,0
1445,6.0183,-76.923,8.440,-13.279,0.103,7.603,0.837,Fairway,roll,0.000,0
1446,6.0224,-76.934,8.441,-13.283,0.062,7.603,0.838,Fairway,roll,0.000,0
1447,6.0266,-76.944,8.441,-13.287,0.021,7.603,0.838,Fairway,roll,0.000,0
1448,6.0307,-76.954,8.441,-13.291,-0.020,7.603,0.838,Fairway,roll,0.000,0
1449,6.0349,-76.964,8.441,-13.295,-0.060,7.602,0.838,Fairway,roll,0.000,0
1450,6.0391,-76.974,8.440,-13.299,-0.101,7.602,0.838,Fairway,roll,0.000,0
1451,6.0432,-76.985,8.440,-13.303,-0.142,7.602,0.838,Fairway,roll,0.000,0
1452,6.0474,-76.995,8.439,-13.307,-0.183,7.602,0.838,Fairway,roll,0.000,0
1453,6.0516,-77.005,8.438,-13.311,-0.224,7.601,0.837,Fairway,roll,0.000,0
1454,6.0557,-77.015,8.437,-13.315,-0.265,7.601,0.836,Fairway,roll,0.000,0
1455,6.0599,-77.025,8.436,-13.319,-0.305,7.601,0.835,Fairway,roll,0.000,0
1456,6.0641,-77.035,8.435,-13.322,-0.346,7.601,0.834,Fairway,roll,0.000,0
1457,6.0682,-77.046,8.433,-13.326,-0.387,7.600,0.833,Fairway,roll,0.000,0
1458,6.0724,-77.056,8.432,-13.330,-0.428,7.600,0.831,Fairway,roll,0.000,0
1459,6.0766,-77.066,8.430,-13.334,-0.468,7.600,0.830,Fairway,roll,0.000,0
1460,6.0807,-77.076,8.428,-13.338,-0.509,7.600,0.828,Fairway,roll,0.000,0
1461,6.0849,-77.086,8.426,-13.342,-0.550,7.599,0.826,Fairway,roll,0.000,0
1462,6.0891,-77.096,8.423,-13.346,-0.591,7.599,0.824,Fairway,roll,0.000,0
1463,6.0932,-77.107,8.421,-13.350,-0.632,7.599,0.822,Fairway,roll,0.000,0
1464,6.0974,-77.117,8.418,-13.354,-0.672,7.599,0.819,Fairway,roll,0.000,0
1465,6.1016,-77.127,8.415,-13.358,-0.713,7.598,0.816,Fairway,roll,0.000,0
1466,6.1057,-77.137,8.412,-13.362,-0.754,7.598,0.814,Fairway,roll,0.000,0
1467,6.1099,-77.147,8.409,-13.366,-0.795,7.598,0.811,Fairway,roll,0.000,0
1468,6.1141,-77.157,8.405,-13.370,-0.835,7.598,0.808,Fairway,roll,0.000,0
1469,6.1182,-77.168,8.402,-13.374,-0.876,7.598,0.804,Fairway,roll,0.000,0
1470,6.1224,-77.178,8.398,-13.378,-0.917,7.597,0.801,Fairway,roll,0.000,0
1471,6.1266,-77.188,8.394,-13.382,-0.957,7.597,0.797,Fairway,roll,0.000,0
1472,6.1307,-77.198,8.390,-13.386,-0.998,7.597,0.793,Fairway,roll,0.000,0
1473,6.1349,-77.208,8.386,-13.390,-1.039,7.597,0.789,Fairway,roll,0.000,0
1474,6.1391,-77.218,8.381,-13.394,-1.079,7.596,0.785,Fairway,roll,0.000,0
1475,6.1432,-77.228,8.377,-13.398,-1.120,7.596,0.781,Fairway,roll,0.000,0
1476,6.1474,-77.239,8.372,-13.402,-1.161,7.596,0.776,Fairway,roll,0.000,0
1477,6.1516,-77.249,8.367,-13.406,-1.201,7.596,0.771,Fairway,roll,0.000,0
1478,6.1557,-77.259,8.362,-13.410,-1.242,7.596,0.767,Fairway,roll,0.000,0
1479,6.1599,-77.269,8.357,-13.414,-1.283,7.595,0.762,Fairway,roll,0.000,0
1480,6.1640,-77.279,8.351,-13.418,-1.323,7.595,0.756,Fairway,roll,0.000,0
1481,6.1682,-77.289,8.346,-13.422,-1.364,7.595,0.751,Fairway,roll,0.000,0
1482,6.1724,-77.299,8.340,-13.426,-1.405,7.595,0.745,Fairway,roll,0.000,0
1483,6.1765,-77.310,8.334,-13.430,-1.445,7.595,0.740,Fairway,roll,0.000,0
1484,6.1807,-77.320,8.328,-13.434,-1.486,7.594,0.734,Fairway,roll,0.000,0
1485,6.1849,-77.330,8.322,-13.438,-1.526,7.594,0.728,Fairway,roll,0.000,0
1486,6.1890,-77.340,8.315,-13.442,-1.567,7.594,0.721,Fairway,roll,0.000,0
1487,6.1932,-77.350,8.309,-13.446,-1.607,7.594,0.715,Fairway,roll,0.000,0
1488,6.1974,-77.360,8.302,-13.450,-1.648,7.594,0.708,Fairway,roll,0.000,0
1489,6.2015,-77.370,8.295,-13.454,-1.689,7.593,0.702,Fairway,roll,0.000,0
1490,6.2057,-77.380,8.288,-13.458,-1.729,7.593,0.695,Fairway,roll,0.000,0
1491,6.2099,-77.391,8.281,-13.462,-1.770,7.593,0.688,Fairway,roll,0.000,0
1492,6.2140,-77.401,8.273,-13.466,-1.810,7.593,0.680,Fairway,roll,0.000,0
1493,6.2182,-77.411,8.266,-13.470,-1.851,7.593,0.673,Fairway,roll,0.000,0
1494,6.2224,-77.421,8.258,-13.474,-1.891,7.592,0.665,Fairway,roll,0.000,0
1495,6.2265,-77.431,8.250,-13.477,-1.931,7.592,0.658,Fairway,roll,0.000,0
1496,6.2307,-77.441,8.242,-13.481,-1.972,7.592,0.650,Fairway,roll,0.000,0
1497,6.2349,-77.451,8.233,-13.485,-2.012,7.592,0.642,Fairway,roll,0.000,0
1498,6.2390,-77.461,8.225,-13.489,-2.053,7.592,0.633,Fairway,roll,0.000,0
1499,6.2432,-77.472,8.216,-13.493,-2.093,7.591,0.625,Fairway,roll,0.000,0
1500,6.2474,-77.482,8.208,-13.497,-2.134,7.591,0.616,Fairway,roll,0.000,0
1501,6.2515,-77.492,8.199,-13.501,-2.174,7.591,0.607,Fairway,roll,0.000,0
1502,6.2557,-77.502,8.189,-13.505,-2.214,7.591,0.599,Fairway,roll,0.000,0
1503,6.2599,-77.512,8.180,-13.509,-2.255,7.591,0.589,Fairway,roll,0.000,0
1504,6.2640,-77.522,8.171,-13.513,-2.295,7.590,0.580,Fairway,roll,0.000,0
1505,6.2682,-77.532,8.161,-13.517,-2.335,7.590,0.571,Fairway,roll,0.000,0
1506,6.2724,-77.542,8.151,-13.521,-2.375,7.590,0.561,Fairway,roll,0.000,0
1507,6.2765,-77.552,8.141,-13.525,-2.416,7.590,0.551,Fairway,roll,0.000,0
1508,6.2807,-77.562,8.131,-13.529,-2.456,7.590,0.542,Fairway,roll,0.000,0
1509,6.2849,-77.572,8.121,-13.533,-2.496,7.589,0.531,Fairway,roll,0.000,0
1510,6.2890,-77.582,8.110,-13.537,-2.536,7.589,0.521,Fairway,roll,0.000,0
1511,6.2932,-77.593,8.100,-13.541,-2.577,7.589,0.511,Fairway,roll,0.000,0
1512,6.2973,-77.603,8.089,-13.545,-2.617,7.589,0.500,Fairway,roll,0.000,0
1513,6.3015,-77.613,8.078,-13.549,-2.657,7.588,0.490,Fairway,roll,0.000,0
1514,6.3057,-77.623,8.067,-13.553,-2.697,7.588,0.479,Fairway,roll,0.000,0
1515,6.3098,-77.633,8.055,-13.557,-2.737,7.588,0.468,Fairway,roll,0.000,0
1516,6.3140,-77.643,8.044,-13.560,-2.777,7.588,0.456,Fairway,roll,0.000,0
1517,6.3182,-77.653,8.032,-13.564,-2.817,7.587,0.445,Fairway,roll,0.000,0
1518,6.3223,-77.663,8.020,-13.568,-2.857,7.587,0.433,Fairway,roll,0.000,0
1519,6.3265,-77.673,8.008,-13.572,-2.897,7.587,0.422,Fairway,roll,0.000,0
1520,6.3307,-77.683,7.996,-13.576,-2.937,7.587,0.410,Fairway,roll,0.000,0
1521,6.3348,-77.693,7.984,-13.580,-2.977,7.586,0.398,Fairway,roll,0.000,0
1522,6.3390,-77.703,7.972,-13.584,-3.017,7.586,0.385,Fairway,roll,0.000,0
1523,6.3432,-77.713,7.959,-13.588,-3.057,7.586,0.373,Fairway,roll,0.000,0
1524,6.3473,-77.723,7.946,-13.592,-3.097,7.586,0.360,Fairway,roll,0.000,0
1525,6.3515,-77.733,7.933,-13.596,-3.138,7.585,0.348,Fairway,roll,0.000,0
1526,6.3557,-77.743,7.920,-13.600,-3.178,7.585,0.335,Fairway,roll,0.000,0
1527,6.3598,-77.753,7.907,-13.604,-3.218,7.585,0.322,Fairway,roll,0.000,0
1528,6.3640,-77.763,7.893,-13.608,-3.259,7.585,0.308,Fairway,roll,0.000,0
1529,6.3682,-77.773,7.879,-13.612,-3.299,7.584,0.295,Fairway,roll,0.000,0
1530,6.3723,-77.783,7.866,-13.616,-3.339,7.584,0.281,Fairway,roll,0.000,0
1531,6.3765,-77.794,7.852,-13.620,-3.379,7.584,0.268,Fairway,roll,0.000,0
1532,6.3807,-77.804,7.837,-13.623,-3.420,7.584,0.254,Fairway,roll,0.000,0
1533,6.3848,-77.814,7.823,-13.627,-3.460,7.583,0.240,Fairway,roll,0.000,0
1534,6.3890,-77.824,7.809,-13.631,-3.500,7.583,0.225,Fairway,roll,0.000,0
1535,6.3932,-77.834,7.794,-13.635,-3.540,7.583,0.211,Fairway,roll,0.000,0
1536,6.3973,-77.844,7.779,-13.639,-3.580,7.583,0.196,Fairway,roll,0.000,0
1537,6.4015,-77.854,7.764,-13.643,-3.621,7.582,0.182,Fairway,roll,0.000,0
1538,6.4057,-77.864,7.749,-13.647,-3.661,7.582,0.167,Fairway,roll,0.000,0
1539,6.4098,-77.874,7.734,-13.651,-3.701,7.582,0.152,Fairway,roll,0.000,0
1540,6.4140,-77.884,7.718,-13.655,-3.741,7.582,0.136,Fairway,roll,0.000,0
1541,6.4182,-77.894,7.702,-13.659,-3.781,7.581,0.121,Fairway,roll,0.000,0
1542,6.4223,-77.904,7.687,-13.663,-3.821,7.581,0.105,Fairway,roll,0.000,0
1543,6.4265,-77.914,7.671,-13.667,-3.861,7.581,0.089,Fairway,roll,0.000,0
1544,6.4306,-77.924,7.655,-13.670,-3.901,7.581,0.074,Fairway,roll,0.000,0
1545,6.4348,-77.934,7.638,-13.674,-3.941,7.581,0.057,Fairway,roll,0.000,0
1546,6.4390,-77.944,7.622,-13.678,-3.981,7.580,0.041,Fairway,roll,0.000,0
1547,6.4431,-77.954,7.605,-13.682,-4.021,7.580,0.025,Fairway,roll,0.000,0
1548,6.4473,-77.964,7.588,-13.686,-4.061,7.580,0.008,Fairway,roll,0.000,0
1549,6.4494,-77.969,7.580,-13.688,-4.081,7.580,0.000,Fairway,roll,0.000,0
1550,6.4536,-77.973,7.588,-13.690,1.999,7.580,0.008,Fairway,roll,0.000,0
1551,6.4577,-77.978,7.596,-13.692,1.958,7.579,0.017,Fairway,roll,0.000,0
1552,6.4619,-77.982,7.604,-13.693,1.917,7.579,0.025,Fairway,roll,0.000,0
1553,6.4660,-77.987,7.612,-13.695,1.876,7.579,0.033,Fairway,roll,0.000,0
1554,6.4702,-77.991,7.620,-13.697,1.835,7.579,0.041,Fairway,roll,0.000,0
1555,6.4744,-77.996,7.628,-13.699,1.794,7.579,0.049,Fairway,roll,0.000,0
1556,6.4785,-78.000,7.635,-13.700,1.753,7.579,0.056,Fairway,roll,0.000,0
1557,6.4827,-78.005,7.642,-13.702,1.712,7.579,0.063,Fairway,roll,0.000,0
1558,6.4869,-78.009,7.649,-13.704,1.671,7.579,0.070,Fairway,roll,0.000,0
1559,6.4910,-78.014,7.656,-13.706,1.630,7.579,0.077,Fairway,roll,0.000,0
1560,6.4952,-78.018,7.663,-13.707,1.589,7.579,0.084,Fairway,roll,0.000,0
1561,6.4994,-78.023,7.669,-13.709,1.548,7.579,0.091,Fairway,roll,0.000,0
1562,6.5035,-78.027,7.676,-13.711,1.507,7.578,0.097,Fairway,roll,0.000,0
1563,6.5077,-78.031,7.682,-13.713,1.466,7.578,0.104,Fairway,roll,0.000,0
1564,6.5119,-78.036,7.688,-13.714,1.425,7.578,0.110,Fairway,roll,0.000,0
1565,6.5160,-78.040,7.694,-13.716,1.384,7.578,0.116,Fairway,roll,0.000,0
1566,6.5202,-78.045,7.699,-13.718,1.343,7.578,0.121,Fairway,roll,0.000,0
1567,6.5244,-78.049,7.705,-13.720,1.302,7.578,0.127,Fairway,roll,0.000,0
1568,6.5285,-78.054,7.710,-13.721,1.261,7.578,0.132,Fairway,roll,0.000,0
1569,6.5327,-78.058,7.715,-13.723,1.220,7.578,0.138,Fairway,roll,0.000,0
1570,6.5369,-78.063,7.720,-13.725,1.179,7.578,0.143,Fairway,roll,0.000,0
1571,6.5410,-78.067,7.725,-13.727,1.138,7.577,0.148,Fairway,roll,0.000,0
1572,6.5452,-78.072,7.730,-13.729,1.097,7.577,0.153,Fairway,roll,0.000,0
1573,6.5494,-78.076,7.734,-13.730,1.056,7.577,0.157,Fairway,roll,0.000,0
1574,6.5535,-78.081,7.739,-13.732,1.015,7.577,0.162,Fairway,roll,0.000,0
1575,6.5577,-78.085,7.743,-13.734,0.974,7.577,0.166,Fairway,roll,0.000,0
1576,6.5619,-78.090,7.747,-13.736,0.933,7.577,0.170,Fairway,roll,0.000,0
1577,6.5660,-78.094,7.751,-13.737,0.892,7.577,0.174,Fairway,roll,0.000,0
1578,6.5702,-78.099,7.754,-13.739,0.851,7.577,0.178,Fairway,roll,0.000,0
1579,6.5744,-78.103,7.758,-13.741,0.810,7.577,0.181,Fairway,roll,0.000,0
1580,6.5785,-78.108,7.761,-13.743,0.770,7.576,0.185,Fairway,roll,0.000,0
1581,6.5827,-78.112,7.764,-13.744,0.729,7.576,0.188,Fairway,roll,0.000,0
1582,6.5869,-78.117,7.767,-13.746,0.688,7.576,0.191,Fairway,roll,0.000,0
1583,6.5910,-78.121,7.770,-13.748,0.647,7.576,0.194,Fairway,roll,0.000,0
1584,6.5952,-78.126,7.772,-13.750,0.606,7.576,0.196,Fairway,roll,0.000,0
1585,6.5994,-78.130,7.775,-13.751,0.565,7.576,0.199,Fairway,roll,0.000,0
1586,6.6035,-78.135,7.777,-13.753,0.524,7.576,0.201,Fairway,roll,0.000,0
1587,6.6077,-78.139,7.779,-13.755,0.483,7.576,0.204,Fairway,roll,0.000,0
1588,6.6118,-78.144,7.781,-13.757,0.442,7.576,0.205,Fairway,roll,0.000,0
1589,6.6160,-78.148,7.783,-13.758,0.402,7.575,0.207,Fairway,roll,0.000,0
1590,6.6202,-78.153,7.784,-13.760,0.361,7.575,0.209,Fairway,roll,0.000,0
1591,6.6243,-78.157,7.786,-13.762,0.320,7.575,0.210,Fairway,roll,0.000,0
1592,6.6285,-78.161,7.787,-13.764,0.279,7.575,0.212,Fairway,roll,0.000,0
1593,6.6327,-78.166,7.788,-13.765,0.238,7.575,0.213,Fairway,roll,0.000,0
1594,6.6368,-78.170,7.789,-13.767,0.197,7.575,0.214,Fairway,roll,0.000,0
1595,6.6410,-78.175,7.790,-13.769,0.156,7.575,0.215,Fairway,roll,0.000,0
1596,6.6452,-78.179,7.790,-13.771,0.116,7.575,0.216,Fairway,roll,0.000,0
1597,6.6493,-78.184,7.791,-13.772,0.075,7.575,0.216,Fairway,roll,0.000,0
1598,6.6535,-78.188,7.791,-13.774,0.034,7.575,0.216,Fairway,roll,0.000,0
1599,6.6577,-78.193,7.791,-13.776,-0.007,7.574,0.217,Fairway,roll,0.000,0
1600,6.6618,-78.197,7.791,-13.778,-0.048,7.574,0.217,Fairway,roll,0.000,0
1601,6.6660,-78.202,7.791,-13.779,-0.089,7.574,0.216,Fairway,roll,0.000,0
1602,6.6702,-78.206,7.790,-13.781,-0.130,7.574,0.216,Fairway,roll,0.000,0
1603,6.6743,-78.211,7.789,-13.783,-0.170,7.574,0.216,Fairway,roll,0.000,0
1604,6.6785,-78.215,7.789,-13.785,-0.211,7.574,0.215,Fairway,roll,0.000,0
1605,6.6827,-78.220,7.788,-13.786,-0.252,7.574,0.214,Fairway,roll,0.000,0
1606,6.6868,-78.224,7.787,-13.788,-0.293,7.574,0.213,Fairway,roll,0.000,0
1607,6.6910,-78.229,7.785,-13.790,-0.334,7.574,0.212,Fairway,roll,0.000,0
1608,6.6952,-78.233,7.784,-13.792,-0.375,7.573,0.210,Fairway,roll,0.000,0
1609,6.6993,-78.237,7.782,-13.793,-0.415,7.573,0.209,Fairway,roll,0.000,0
1610,6.7035,-78.242,7.780,-13.795,-0.456,7.573,0.207,Fairway,roll,0.000,0
1611,6.7077,-78.246,7.778,-13.797,-0.497,7.573,0.205,Fairway,roll,0.000,0
1612,6.7118,-78.251,7.776,-13.799,-0.538,7.573,0.203,Fairway,roll,0.000,0
1613,6.7160,-78.255,7.774,-13.800,-0.579,7.573,0.201,Fairway,roll,0.000,0
1614,6.7202,-78.260,7.771,-13.802,-0.619,7.573,0.199,Fairway,roll,0.000,0
1615,6.7243,-78.264,7.769,-13.804,-0.660,7.573,0.196,Fairway,roll,0.000,0
1616,6.7285,-78.269,7.766,-13.806,-0.701,7.573,0.193,Fairway,roll,0.000,0
1617,6.7327,-78.273,7.763,-13.807,-0.742,7.572,0.191,Fairway,roll,0.000,0
1618,6.7368,-78.278,7.760,-13.809,-0.783,7.572,0.187,Fairway,roll,0.000,0
1619,6.7410,-78.282,7.756,-13.811,-0.823,7.572,0.184,Fairway,roll,0.000,0
1620,6.7451,-78.287,7.753,-13.813,-0.864,7.572,0.181,Fairway,roll,0.000,0
1621,6.7493,-78.291,7.749,-13.814,-0.905,7.572,0.177,Fairway,roll,0.000,0
1622,6.7535,-78.296,7.745,-13.816,-0.946,7.572,0.174,Fairway,roll,0.000,0
1623,6.7576,-78.300,7.741,-13.818,-0.986,7.572,0.170,Fairway,roll,0.000,0
1624,6.7618,-78.305,7.737,-13.820,-1.027,7.572,0.166,Fairway,roll,0.000,0
1625,6.7660,-78.309,7.733,-13.822,-1.068,7.572,0.161,Fairway,roll,0.000,0
1626,6.7701,-78.313,7.728,-13.823,-1.109,7.571,0.157,Fairway,roll,0.000,0
1627,6.7743,-78.318,7.724,-13.825,-1.149,7.571,0.152,Fairway,roll,0.000,0
1628,6.7785,-78.322,7.719,-13.827,-1.190,7.571,0.148,Fairway,roll,0.000,0
1629,6.7826,-78.327,7.714,-13.829,-1.231,7.571,0.143,Fairway,roll,0.000,0
1630,6.7868,-78.331,7.709,-13.830,-1.272,7.571,0.138,Fairway,roll,0.000,0
1631,6.7910,-78.336,7.703,-13.832,-1.312,7.571,0.132,Fairway,roll,0.000,0
1632,6.7951,-78.340,7.698,-13.834,-1.353,7.571,0.127,Fairway,roll,0.000,0
1633,6.7993,-78.345,7.692,-13.836,-1.394,7.571,0.121,Fairway,roll,0.000,0
1634,6.8035,-78.349,7.686,-13.837,-1.434,7.571,0.115,Fairway,roll,0.000,0
1635,6.8076,-78.354,7.680,-13.839,-1.475,7.570,0.110,Fairway,roll,0.000,0
1636,6.8118,-78.358,7.674,-13.841,-1.516,7.570,0.103,Fairway,roll,0.000,0
1637,6.8160,-78.363,7.667,-13.843,-1.556,7.570,0.097,Fairway,roll,0.000,0
1638,6.8201,-78.367,7.661,-13.844,-1.597,7.570,0.091,Fairway,roll,0.000,0
1639,6.8243,-78.372,7.654,-13.846,-1.637,7.570,0.084,Fairway,roll,0.000,0
1640,6.8285,-78.376,7.647,-13.848,-1.678,7.570,0.077,Fairway,roll,0.000,0
1641,6.8326,-78.380,7.640,-13.850,-1.719,7.570,0.070,Fairway,roll,0.000,0
1642,6.8368,-78.385,7.633,-13.851,-1.760,7.570,0.063,Fairway,roll,0.000,0
1643,6.8410,-78.389,7.625,-13.853,-1.800,7.570,0.056,Fairway,roll,0.000,0
1644,6.8451,-78.394,7.618,-13.855,-1.841,7.569,0.048,Fairway,roll,0.000,0
1645,6.8493,-78.398,7.610,-13.857,-1.882,7.569,0.041,Fairway,roll,0.000,0
1646,6.8535,-78.403,7.602,-13.858,-1.922,7.569,0.033,Fairway,roll,0.000,0
1647,6.8576,-78.407,7.594,-13.860,-1.963,7.569,0.025,Fairway,roll,0.000,0
1648,6.8618,-78.412,7.586,-13.862,-2.004,7.569,0.017,Fairway,roll,0.000,0
1649,6.8660,-78.416,7.577,-13.864,-2.044,7.569,0.008,Fairway,roll,0.000,0
1650,6.8700,-78.421,7.569,-13.865,-2.084,7.569,0.000,Fairway,roll,0.000,0
1651,6.8742,-78.423,7.573,-13.866,1.001,7.569,0.004,Fairway,roll,0.000,0
1652,6.8784,-78.425,7.577,-13.867,0.960,7.569,0.009,Fairway,roll,0.000,0
1653,6.8825,-78.427,7.581,-13.868,0.919,7.569,0.012,Fairway,roll,0.000,0
1654,6.8867,-78.429,7.585,-13.868,0.879,7.569,0.016,Fairway,roll,0.000,0
1655,6.8909,-78.431,7.588,-13.869,0.838,7.569,0.020,Fairway,roll,0.000,0
1656,6.8950,-78.433,7.592,-13.870,0.797,7.568,0.023,Fairway,roll,0.000,0
1657,6.8992,-78.434,7.595,-13.871,0.756,7.568,0.027,Fairway,roll,0.000,0
1658,6.9034,-78.436,7.598,-13.872,0.715,7.568,0.030,Fairway,roll,0.000,0
1659,6.9075,-78.438,7.601,-13.872,0.674,7.568,0.033,Fairway,roll,0.000,0
1660,6.9117,-78.440,7.604,-13.873,0.633,7.568,0.035,Fairway,roll,0.000,0
1661,6.9159,-78.442,7.606,-13.874,0.592,7.568,0.038,Fairway,roll,0.000,0
1662,6.9200,-78.444,7.609,-13.875,0.551,7.568,0.040,Fairway,roll,0.000,0
1663,6.9242,-78.446,7.611,-13.875,0.511,7.568,0.043,Fairway,roll,0.000,0
1664,6.9284,-78.448,7.613,-13.876,0.470,7.568,0.045,Fairway,roll,0.000,0
1665,6.9325,-78.450,7.615,-13.877,0.429,7.568,0.047,Fairway,roll,0.000,0
1666,6.9367,-78.452,7.616,-13.878,0.388,7.568,0.048,Fairway,roll,0.000,0
1667,6.9409,-78.454,7.618,-13.879,0.347,7.568,0.050,Fairway,roll,0.000,0
1668,6.9450,-78.456,7.619,-13.879,0.306,7.568,0.051,Fairway,roll,0.000,0
1669,6.9492,-78.458,7.621,-13.880,0.265,7.568,0.053,Fairway,roll,0.000,0
1670,6.9534,-78.460,7.622,-13.881,0.225,7.568,0.054,Fairway,roll,0.000,0
1671,6.9575,-78.462,7.622,-13.882,0.184,7.568,0.054,Fairway,roll,0.000,0
1672,6.9617,-78.464,7.623,-13.882,0.143,7.568,0.055,Fairway,roll,0.000,0
1673,6.9659,-78.466,7.624,-13.883,0.102,7.568,0.056,Fairway,roll,0.000,0
1674,6.9700,-78.468,7.624,-13.884,0.061,7.568,0.056,Fairway,roll,0.000,0
1675,6.9742,-78.470,7.624,-13.885,0.020,7.568,0.056,Fairway,roll,0.000,0
1676,6.9783,-78.472,7.624,-13.886,-0.021,7.568,0.056,Fairway,roll,0.000,0
1677,6.9825,-78.474,7.624,-13.886,-0.061,7.567,0.056,Fairway,roll,0.000,0
1678,6.9867,-78.476,7.624,-13.887,-0.102,7.567,0.056,Fairway,roll,0.000,0
1679,6.9908,-78.478,7.623,-13.888,-0.143,7.567,0.056,Fairway,roll,0.000,0
1680,6.9950,-78.480,7.622,-13.889,-0.184,7.567,0.055,Fairway,roll,0.000,0
1681,6.9992,-78.482,7.622,-13.889,-0.225,7.567,0.054,Fairway,roll,0.000,0
1682,7.0033,-78.484,7.621,-13.890,-0.266,7.567,0.053,Fairway,roll,0.000,0
1683,7.0075,-78.486,7.619,-13.891,-0.306,7.567,0.052,Fairway,roll,0.000,0
1684,7.0117,-78.488,7.618,-13.892,-0.347,7.567,0.051,Fairway,roll,0.000,0
1685,7.0158,-78.490,7.616,-13.893,-0.388,7.567,0.049,Fairway,roll,0.000,0
1686,7.0200,-78.492,7.615,-13.893,-0.429,7.567,0.048,Fairway,roll,0.000,0
1687,7.0242,-78.494,7.613,-13.894,-0.470,7.567,0.046,Fairway,roll,0.000,0
1688,7.0283,-78.496,7.611,-13.895,-0.511,7.567,0.044,Fairway,roll,0.000,0
1689,7.0325,-78.498,7.609,-13.896,-0.551,7.567,0.042,Fairway,roll,0.000,0
1690,7.0367,-78.500,7.606,-13.896,-0.592,7.567,0.039,Fairway,roll,0.000,0
1691,7.0408,-78.502,7.604,-13.897,-0.633,7.567,0.037,Fairway,roll,0.000,0
1692,7.0450,-78.504,7.601,-13.898,-0.674,7.567,0.034,Fairway,roll,0.000,0
1693,7.0492,-78.506,7.598,-13.899,-0.715,7.567,0.031,Fairway,roll,0.000,0
1694,7.0533,-78.508,7.595,-13.900,-0.755,7.567,0.028,Fairway,roll,0.000,0
1695,7.0575,-78.510,7.592,-13.900,-0.796,7.567,0.025,Fairway,roll,0.000,0
1696,7.0617,-78.512,7.588,-13.901,-0.837,7.567,0.022,Fairway,roll,0.000,0
1697,7.0658,-78.514,7.585,-13.902,-0.878,7.567,0.018,Fairway,roll,0.000,0
1698,7.0700,-78.516,7.581,-13.903,-0.919,7.567,0.015,Fairway,roll,0.000,0
1699,7.0742,-78.518,7.577,-13.903,-0.960,7.567,0.011,Fairway,roll,0.000,0
1700,7.0783,-78.520,7.573,-13.904,-1.000,7.567,0.007,Fairway,roll,0.000,0
1701,7.0825,-78.522,7.569,-13.905,-1.041,7.567,0.002,Fairway,roll,0.000,0
1702,7.0849,-78.524,7.566,-13.906,-1.065,7.567,0.000,Fairway,roll,0.000,0
1703,7.0891,-78.525,7.568,-13.906,0.492,7.566,0.002,Fairway,roll,0.000,0
1704,7.0932,-78.525,7.570,-13.906,0.451,7.566,0.004,Fairway,roll,0.000,0
1705,7.0974,-78.526,7.572,-13.907,0.410,7.566,0.006,Fairway,roll,0.000,0
1706,7.1016,-78.527,7.574,-13.907,0.369,7.566,0.007,Fairway,roll,0.000,0
1707,7.1057,-78.528,7.575,-13.907,0.328,7.566,0.009,Fairway,roll,0.000,0
1708,7.1099,-78.529,7.577,-13.908,0.287,7.566,0.010,Fairway,roll,0.000,0
1709,7.1141,-78.530,7.578,-13.908,0.246,7.566,0.011,Fairway,roll,0.000,0
1710,7.1182,-78.531,7.579,-13.908,0.206,7.566,0.012,Fairway,roll,0.000,0
1711,7.1224,-78.532,7.579,-13.909,0.165,7.566,0.013,Fairway,roll,0.000,0
1712,7.1266,-78.533,7.580,-13.909,0.124,7.566,0.014,Fairway,roll,0.000,0
1713,7.1307,-78.534,7.580,-13.909,0.083,7.566,0.014,Fairway,roll,0.000,0
1714,7.1349,-78.534,7.581,-13.910,0.042,7.566,0.014,Fairway,roll,0.000,0
1715,7.1391,-78.535,7.581,-13.910,0.001,7.566,0.015,Fairway,roll,0.000,0
1716,7.1432,-78.536,7.581,-13.910,-0.040,7.566,0.014,Fairway,roll,0.000,0
1717,7.1474,-78.537,7.580,-13.911,-0.080,7.566,0.014,Fairway,roll,0.000,0
1718,7.1516,-78.538,7.580,-13.911,-0.121,7.566,0.014,Fairway,roll,0.000,0
1719,7.1557,-78.539,7.579,-13.911,-0.162,7.566,0.013,Fairway,roll,0.000,0
1720,7.1599,-78.540,7.579,-13.912,-0.203,7.566,0.012,Fairway,roll,0.000,0
1721,7.1640,-78.541,7.578,-13.912,-0.244,7.566,0.012,Fairway,roll,0.000,0
1722,7.1682,-78.542,7.577,-13.913,-0.285,7.566,0.010,Fairway,roll,0.000,0
1723,7.1724,-78.543,7.575,-13.913,-0.325,7.566,0.009,Fairway,roll,0.000,0
1724,7.1765,-78.543,7.574,-13.913,-0.366,7.566,0.008,Fairway,roll,0.000,0
1725,7.1807,-78.544,7.572,-13.914,-0.407,7.566,0.006,Fairway,roll,0.000,0
1726,7.1849,-78.545,7.571,-13.914,-0.448,7.566,0.005,Fairway,roll,0.000,0
1727,7.1890,-78.546,7.569,-13.914,-0.489,7.566,0.003,Fairway,roll,0.000,0
1728,7.1932,-78.547,7.566,-13.915,-0.530,7.566,0.001,Fairway,roll,0.000,0
1729,7.1941,-78.547,7.566,-13.915,-0.539,7.566,0.000,Fairway,roll,0.000,0
1730,7.1983,-78.548,7.587,-13.915,0.000,7.566,0.021,Fairway,roll,0.000,0
1731,7.2025,-78.548,7.587,-13.915,0.000,7.566,0.021,Fairway,roll,0.000,0
1732,7.2066,-78.548,7.587,-13.915,0.000,7.566,0.021,Fairway,roll,0.000,0
1733,7.2108,-78.549,7.587,-13.915,0.000,7.566,0.021,Fairway,roll,0.000,0
1734,7.2150,-78.549,7.587,-13.916,0.000,7.566,0.021,Fairway,roll,0.000,0
1735,7.2191,-78.550,7.587,-13.916,0.000,7.566,0.021,Fairway,roll,0.000,0
1736,7.2233,-78.550,7.587,-13.916,0.000,7.566,0.021,Fairway,roll,0.000,0
1737,7.2274,-78.551,7.587,-13.916,0.000,7.566,0.021,Fairway,roll,0.000,0
1738,7.2316,-78.551,7.587,-13.916,0.000,7.566,0.021,Fairway,roll,0.000,0
1739,7.2358,-78.551,7.587,-13.916,0.000,7.566,0.021,Fairway,roll,0.000,0
1740,7.2399,-78.552,7.587,-13.917,0.000,7.566,0.021,Fairway,roll,0.000,0
1741,7.2441,-78.552,7.587,-13.917,0.000,7.566,0.021,Fairway,roll,0.000,0
1742,7.2483,-78.553,7.587,-13.917,0.000,7.566,0.021,Fairway,roll,0.000,0
1743,7.2524,-78.553,7.587,-13.917,0.000,7.566,0.021,Fairway,roll,0.000,0
1744,7.2566,-78.553,7.587,-13.917,0.000,7.566,0.021,Fairway,roll,0.000,0
1745,7.2608,-78.554,7.587,-13.917,0.000,7.566,0.021,Fairway,roll,0.000,0
1746,7.2649,-78.554,7.587,-13.918,0.000,7.566,0.021,Fairway,roll,0.000,0
1747,7.2691,-78.555,7.587,-13.918,0.000,7.566,0.021,Fairway,roll,0.000,0
1748,7.2733,-78.555,7.587,-13.918,0.000,7.566,0.021,Fairway,roll,0.000,0
1749,7.2774,-78.555,7.587,-13.918,0.000,7.566,0.021,Fairway,roll,0.000,0
1750,7.2816,-78.556,7.587,-13.918,0.000,7.566,0.021,Fairway,roll,0.000,0
1751,7.2858,-78.556,7.587,-13.918,0.000,7.566,0.021,Fairway,roll,0.000,0
1752,7.2899,-78.557,7.587,-13.919,0.000,7.566,0.021,Fairway,roll,0.000,0
1753,7.2941,-78.557,7.587,-13.919,0.000,7.566,0.021,Fairway,roll,0.000,0
1754,7.2983,-78.558,7.587,-13.919,0.000,7.566,0.021,Fairway,roll,0.000,0
1755,7.3024,-78.558,7.587,-13.919,0.000,7.566,0.021,Fairway,roll,0.000,0
1756,7.3066,-78.558,7.587,-13.919,0.000,7.566,0.021,Fairway,roll,0.000,0
1757,7.3108,-78.559,7.587,-13.919,0.000,7.566,0.021,Fairway,roll,0.000,0
1758,7.3149,-78.559,7.587,-13.920,0.000,7.566,0.021,Fairway,roll,0.000,0
1759,7.3191,-78.560,7.587,-13.920,0.000,7.566,0.021,Fairway,roll,0.000,0
1760,7.3233,-78.560,7.587,-13.920,0.000,7.566,0.021,Fairway,roll,0.000,0
1761,7.3274,-78.560,7.587,-13.920,0.000,7.566,0.021,Fairway,roll,0.000,0
1762,7.3316,-78.561,7.587,-13.920,0.000,7.566,0.021,Fairway,roll,0.000,0
1763,7.3358,-78.561,7.587,-13.920,0.000,7.566,0.021,Fairway,roll,0.000,0
1764,7.3399,-78.562,7.587,-13.921,0.000,7.566,0.021,Fairway,roll,0.000,0
1765,7.3441,-78.562,7.587,-13.921,0.000,7.566,0.021,Fairway,roll,0.000,0
1766,7.3483,-78.562,7.587,-13.921,0.000,7.566,0.021,Fairway,roll,0.000,0
1767,7.3524,-78.563,7.587,-13.921,0.000,7.566,0.021,Fairway,roll,0.000,0
1768,7.3566,-78.563,7.587,-13.921,0.000,7.566,0.021,Fairway,roll,0.000,0
1769,7.3607,-78.564,7.587,-13.921,0.000,7.566,0.021,Fairway,roll,0.000,0
1770,7.3649,-78.564,7.587,-13.922,0.000,7.566,0.021,Fairway,roll,0.000,0
1771,7.3691,-78.564,7.587,-13.922,0.000,7.566,0.021,Fairway,roll,0.000,0
1772,7.3732,-78.565,7.587,-13.922,0.000,7.566,0.021,Fairway,roll,0.000,0
1773,7.3774,-78.565,7.587,-13.922,0.000,7.566,0.021,Fairway,roll,0.000,0
1774,7.3816,-78.566,7.587,-13.922,0.000,7.566,0.021,Fairway,roll,0.000,0
1775,7.3857,-78.566,7.587,-13.922,0.000,7.566,0.021,Fairway,roll,0.000,0
1776,7.3899,-78.566,7.587,-13.923,0.000,7.566,0.021,Fairway,roll,0.000,0
1777,7.3941,-78.567,7.587,-13.923,0.000,7.566,0.021,Fairway,roll,0.000,0
1778,7.3982,-78.567,7.587,-13.923,0.000,7.566,0.021,Fairway,roll,0.000,0
1779,7.4024,-78.568,7.587,-13.923,0.000,7.566,0.021,Fairway,roll,0.000,0
1780,7.4066,-78.568,7.587,-13.923,0.000,7.566,0.021,Fairway,roll,0.000,0
1781,7.4107,-78.568,7.587,-13.923,0.000,7.566,0.021,Fairway,roll,0.000,0
1782,7.4149,-78.569,7.587,-13.924,0.000,7.566,0.021,Fairway,roll,0.000,0
1783,7.4191,-78.569,7.587,-13.924,0.000,7.566,0.021,Fairway,roll,0.000,0
1784,7.4232,-78.570,7.587,-13.924,0.000,7.566,0.021,Fairway,roll,0.000,0
1785,7.4274,-78.570,7.587,-13.924,0.000,7.566,0.021,Fairway,roll,0.000,0
1786,7.4316,-78.570,7.587,-13.924,0.000,7.566,0.021,Fairway,roll,0.000,0
1787,7.4357,-78.571,7.587,-13.924,0.000,7.566,0.021,Fairway,roll,0.000,0
1788,7.4399,-78.571,7.587,-13.925,0.000,7.566,0.021,Fairway,roll,0.000,0
1789,7.4441,-78.572,7.587,-13.925,0.000,7.566,0.021,Fairway,roll,0.000,0
1790,7.4482,-78.572,7.587,-13.925,0.000,7.566,0.021,Fairway,roll,0.000,0
1791,7.4524,-78.572,7.587,-13.925,0.000,7.566,0.021,Fairway,roll,0.000,0
1792,7.4566,-78.573,7.587,-13.925,0.000,7.566,0.021,Fairway,roll,0.000,0
1793,7.4607,-78.573,7.587,-13.925,0.000,7.566,0.021,Fairway,roll,0.000,0
1794,7.4649,-78.574,7.587,-13.926,0.000,7.566,0.021,Fairway,roll,0.000,0
1795,7.4691,-78.574,7.587,-13.926,0.000,7.565,0.021,Fairway,roll,0.000,0
1796,7.4732,-78.574,7.587,-13.926,0.000,7.565,0.021,Fairway,roll,0.000,0
1797,7.4774,-78.575,7.587,-13.926,0.000,7.565,0.021,Fairway,roll,0.000,0
1798,7.4816,-78.575,7.587,-13.926,0.000,7.565,0.021,Fairway,roll,0.000,0
1799,7.4857,-78.576,7.587,-13.926,0.000,7.565,0.021,Fairway,roll,0.000,0
1800,7.4899,-78.576,7.587,-13.927,0.000,7.565,0.021,Fairway,roll,0.000,0
1801,7.4940,-78.576,7.587,-13.927,0.000,7.565,0.021,Fairway,roll,0.000,0
1802,7.4982,-78.577,7.587,-13.927,0.000,7.565,0.021,Fairway,roll,0.000,0
1803,7.5024,-78.577,7.587,-13.927,0.000,7.565,0.021,Fairway,roll,0.000,0
1804,7.5065,-78.578,7.587,-13.927,0.000,7.565,0.021,Fairway,roll,0.000,0
1805,7.5107,-78.578,7.587,-13.927,0.000,7.565,0.021,Fairway,roll,0.000,0
1806,7.5149,-78.578,7.587,-13.928,0.000,7.565,0.021,Fairway,roll,0.000,0
1807,7.5190,-78.579,7.587,-13.928,0.000,7.565,0.021,Fairway,roll,0.000,0
1808,7.5232,-78.579,7.587,-13.928,0.000,7.565,0.021,Fairway,roll,0.000,0
1809,7.5274,-78.580,7.587,-13.928,0.000,7.565,0.021,Fairway,roll,0.000,0
1810,7.5315,-78.580,7.587,-13.928,0.000,7.565,0.021,Fairway,roll,0.000,0
1811,7.5357,-78.580,7.587,-13.928,0.000,7.565,0.021,Fairway,roll,0.000,0
1812,7.5399,-78.581,7.587,-13.929,0.000,7.565,0.021,Fairway,roll,0.000,0
1813,7.5440,-78.581,7.587,-13.929,0.000,7.565,0.021,Fairway,roll,0.000,0
1814,7.5482,-78.582,7.587,-13.929,0.000,7.565,0.021,Fairway,roll,0.000,0
1815,7.5524,-78.582,7.587,-13.929,0.000,7.565,0.021,Fairway,roll,0.000,0
