frame,time,x,y,z,vy,groundY,signedDist,zoneType,phase,dGroundY,zoneFlip
0,0.0000,39.378,10.851,32.220,21.796,10.831,0.020,Fairway,airborne,0.000,0
1,0.0042,39.257,10.942,32.173,21.737,10.829,0.113,Fairway,airborne,-0.002,0
2,0.0083,39.137,11.033,32.126,21.679,10.827,0.206,Fairway,airborne,-0.002,0
3,0.0125,39.016,11.123,32.079,21.621,10.824,0.298,Fairway,airborne,-0.002,0
4,0.0167,38.896,11.213,32.032,21.563,10.822,0.391,Fairway,airborne,-0.002,0
5,0.0208,38.775,11.302,31.985,21.504,10.820,0.483,Fairway,airborne,-0.002,0
6,0.0250,38.655,11.392,31.938,21.446,10.817,0.574,Fairway,airborne,-0.002,0
7,0.0292,38.535,11.481,31.891,21.388,10.815,0.666,Fairway,airborne,-0.002,0
8,0.0333,38.415,11.570,31.844,21.331,10.813,0.757,Fairway,airborne,-0.002,0
9,0.0375,38.295,11.659,31.797,21.273,10.810,0.848,Fairway,airborne,-0.002,0
10,0.0417,38.175,11.747,31.750,21.215,10.808,0.939,Fairway,airborne,-0.002,0
11,0.0458,38.056,11.835,31.703,21.158,10.806,1.030,Fairway,airborne,-0.002,0
12,0.0500,37.936,11.923,31.656,21.100,10.803,1.120,Fairway,airborne,-0.002,0
13,0.0542,37.816,12.011,31.609,21.043,10.801,1.210,Fairway,airborne,-0.002,0
14,0.0583,37.697,12.099,31.563,20.986,10.799,1.300,Fairway,airborne,-0.002,0
15,0.0625,37.577,12.186,31.516,20.929,10.796,1.390,Fairway,airborne,-0.002,0
16,0.0667,37.458,12.273,31.469,20.871,10.794,1.479,Fairway,airborne,-0.002,0
17,0.0708,37.339,12.360,31.423,20.814,10.791,1.568,Fairway,airborne,-0.002,0
18,0.0750,37.220,12.446,31.376,20.758,10.789,1.657,Fairway,airborne,-0.002,0
19,0.0791,37.101,12.533,31.330,20.701,10.787,1.746,Fairway,airborne,-0.002,0
20,0.0833,36.982,12.619,31.283,20.644,10.784,1.835,Fairway,airborne,-0.002,0
21,0.0875,36.863,12.705,31.237,20.587,10.782,1.923,Fairway,airborne,-0.002,0
22,0.0916,36.744,12.790,31.190,20.531,10.780,2.011,Fairway,airborne,-0.002,0
23,0.0958,36.626,12.876,31.144,20.474,10.777,2.099,Fairway,airborne,-0.002,0
24,0.1000,36.507,12.961,31.097,20.418,10.775,2.186,Fairway,airborne,-0.002,0
25,0.1041,36.389,13.046,31.051,20.362,10.772,2.274,Fairway,airborne,-0.002,0
26,0.1083,36.270,13.131,31.005,20.305,10.770,2.361,Fairway,airborne,-0.002,0
27,0.1125,36.152,13.215,30.959,20.249,10.767,2.448,Fairway,airborne,-0.002,0
28,0.1166,36.034,13.299,30.912,20.193,10.765,2.534,Fairway,airborne,-0.002,0
29,0.1208,35.916,13.383,30.866,20.137,10.763,2.621,Fairway,airborne,-0.002,0
30,0.1250,35.798,13.467,30.820,20.081,10.760,2.707,Fairway,airborne,-0.002,0
31,0.1291,35.680,13.551,30.774,20.026,10.758,2.793,Fairway,airborne,-0.002,0
32,0.1333,35.562,13.634,30.728,19.970,10.755,2.878,Fairway,airborne,-0.002,0
33,0.1375,35.444,13.717,30.682,19.914,10.753,2.964,Fairway,airborne,-0.002,0
34,0.1416,35.327,13.800,30.636,19.859,10.751,3.049,Fairway,airborne,-0.002,0
35,0.1458,35.209,13.882,30.590,19.803,10.748,3.134,Fairway,airborne,-0.003,0
36,0.1500,35.092,13.965,30.544,19.748,10.746,3.219,Fairway,airborne,-0.003,0
37,0.1541,34.974,14.047,30.498,19.692,10.743,3.304,Fairway,airborne,-0.003,0
38,0.1583,34.857,14.129,30.452,19.637,10.741,3.388,Fairway,airborne,-0.002,0
39,0.1625,34.740,14.210,30.406,19.582,10.738,3.472,Fairway,airborne,-0.002,0
40,0.1666,34.623,14.292,30.360,19.527,10.736,3.556,Fairway,airborne,-0.002,0
41,0.1708,34.506,14.373,30.315,19.472,10.733,3.640,Fairway,airborne,-0.003,0
42,0.1750,34.389,14.454,30.269,19.417,10.730,3.724,Fairway,airborne,-0.003,0
43,0.1791,34.272,14.535,30.223,19.362,10.728,3.807,Fairway,airborne,-0.003,0
44,0.1833,34.155,14.615,30.177,19.308,10.725,3.890,Fairway,airborne,-0.003,0
45,0.1875,34.038,14.696,30.132,19.253,10.723,3.973,Fairway,airborne,-0.003,0
46,0.1916,33.921,14.776,30.086,19.198,10.720,4.056,Fairway,airborne,-0.002,0
47,0.1958,33.805,14.856,30.041,19.144,10.718,4.138,Fairway,airborne,-0.003,0
48,0.2000,33.688,14.935,29.995,19.089,10.715,4.220,Fairway,airborne,-0.003,0
49,0.2041,33.572,15.015,29.949,19.035,10.712,4.303,Fairway,airborne,-0.003,0
50,0.2083,33.456,15.094,29.904,18.981,10.710,4.384,Fairway,airborne,-0.002,0
51,0.2124,33.340,15.173,29.858,18.926,10.707,4.466,Fairway,airborne,-0.002,0
52,0.2166,33.223,15.252,29.813,18.872,10.705,4.547,Fairway,airborne,-0.002,0
53,0.2208,33.107,15.330,29.768,18.818,10.702,4.628,Fairway,airborne,-0.003,0
54,0.2249,32.991,15.408,29.722,18.764,10.700,4.709,Fairway,airborne,-0.003,0
55,0.2291,32.875,15.486,29.677,18.710,10.697,4.789,Fairway,airborne,-0.003,0
56,0.2333,32.760,15.564,29.632,18.656,10.695,4.870,Fairway,airborne,-0.003,0
57,0.2374,32.644,15.642,29.586,18.602,10.692,4.950,Fairway,airborne,-0.003,0
58,0.2416,32.528,15.719,29.541,18.549,10.690,5.030,Fairway,airborne,-0.003,0
59,0.2458,32.413,15.796,29.496,18.495,10.687,5.109,Fairway,airborne,-0.003,0
60,0.2499,32.297,15.873,29.451,18.441,10.684,5.189,Fairway,airborne,-0.003,0
61,0.2541,32.182,15.950,29.406,18.388,10.681,5.269,Fairway,airborne,-0.003,0
62,0.2583,32.066,16.026,29.360,18.334,10.679,5.348,Fairway,airborne,-0.003,0
63,0.2624,31.951,16.103,29.315,18.281,10.676,5.427,Fairway,airborne,-0.003,0
64,0.2666,31.836,16.179,29.270,18.228,10.673,5.505,Fairway,airborne,-0.003,0
65,0.2708,31.721,16.254,29.225,18.174,10.671,5.584,Fairway,airborne,-0.003,0
66,0.2749,31.606,16.330,29.180,18.121,10.668,5.662,Fairway,airborne,-0.003,0
67,0.2791,31.491,16.405,29.135,18.068,10.666,5.740,Fairway,airborne,-0.003,0
68,0.2833,31.376,16.481,29.090,18.015,10.663,5.817,Fairway,airborne,-0.003,0
69,0.2874,31.261,16.556,29.046,17.962,10.661,5.895,Fairway,airborne,-0.003,0
70,0.2916,31.147,16.630,29.001,17.909,10.658,5.972,Fairway,airborne,-0.003,0
71,0.2958,31.032,16.705,28.956,17.856,10.655,6.049,Fairway,airborne,-0.003,0
72,0.2999,30.917,16.779,28.911,17.804,10.653,6.126,Fairway,airborne,-0.003,0
73,0.3041,30.803,16.853,28.866,17.751,10.650,6.203,Fairway,airborne,-0.003,0
74,0.3083,30.688,16.927,28.821,17.698,10.648,6.279,Fairway,airborne,-0.003,0
75,0.3124,30.574,17.000,28.777,17.646,10.645,6.355,Fairway,airborne,-0.003,0
76,0.3166,30.460,17.074,28.732,17.593,10.642,6.431,Fairway,airborne,-0.003,0
77,0.3208,30.346,17.147,28.687,17.541,10.640,6.507,Fairway,airborne,-0.003,0
78,0.3249,30.232,17.220,28.643,17.488,10.637,6.583,Fairway,airborne,-0.003,0
79,0.3291,30.118,17.293,28.598,17.436,10.634,6.659,Fairway,airborne,-0.003,0
80,0.3333,30.004,17.365,28.554,17.384,10.631,6.734,Fairway,airborne,-0.003,0
81,0.3374,29.890,17.438,28.509,17.332,10.629,6.809,Fairway,airborne,-0.003,0
82,0.3416,29.776,17.510,28.465,17.279,10.626,6.883,Fairway,airborne,-0.003,0
83,0.3457,29.662,17.581,28.420,17.227,10.623,6.958,Fairway,airborne,-0.003,0
84,0.3499,29.549,17.653,28.376,17.175,10.621,7.032,Fairway,airborne,-0.003,0
85,0.3541,29.435,17.725,28.331,17.123,10.618,7.106,Fairway,airborne,-0.003,0
86,0.3582,29.321,17.796,28.287,17.072,10.616,7.180,Fairway,airborne,-0.003,0
87,0.3624,29.208,17.867,28.242,17.020,10.613,7.254,Fairway,airborne,-0.003,0
88,0.3666,29.095,17.938,28.198,16.968,10.610,7.327,Fairway,airborne,-0.003,0
89,0.3707,28.981,18.008,28.154,16.916,10.608,7.400,Fairway,airborne,-0.003,0
90,0.3749,28.868,18.078,28.109,16.865,10.605,7.473,Fairway,airborne,-0.003,0
91,0.3791,28.755,18.149,28.065,16.813,10.602,7.546,Fairway,airborne,-0.003,0
92,0.3832,28.642,18.219,28.021,16.762,10.599,7.619,Fairway,airborne,-0.003,0
93,0.3874,28.529,18.288,27.977,16.710,10.596,7.692,Fairway,airborne,-0.003,0
94,0.3916,28.416,18.358,27.933,16.659,10.594,7.764,Fairway,airborne,-0.003,0
95,0.3957,28.303,18.427,27.888,16.607,10.591,7.836,Fairway,airborne,-0.003,0
96,0.3999,28.190,18.496,27.844,16.556,10.588,7.908,Fairway,airborne,-0.003,0
97,0.4041,28.078,18.565,27.800,16.505,10.586,7.979,Fairway,airborne,-0.003,0
98,0.4082,27.965,18.634,27.756,16.454,10.583,8.050,Fairway,airborne,-0.003,0
99,0.4124,27.852,18.702,27.712,16.402,10.581,8.121,Fairway,airborne,-0.002,0
100,0.4166,27.740,18.770,27.668,16.351,10.578,8.192,Fairway,airborne,-0.002,0
101,0.4207,27.627,18.838,27.624,16.300,10.576,8.262,Fairway,airborne,-0.002,0
102,0.4249,27.515,18.906,27.580,16.249,10.573,8.332,Fairway,airborne,-0.002,0
103,0.4291,27.403,18.974,27.536,16.199,10.571,8.403,Fairway,airborne,-0.003,0
104,0.4332,27.291,19.041,27.492,16.148,10.568,8.473,Fairway,airborne,-0.003,0
105,0.4374,27.178,19.108,27.449,16.097,10.566,8.542,Fairway,airborne,-0.003,0
106,0.4416,27.066,19.175,27.405,16.046,10.563,8.612,Fairway,airborne,-0.003,0
107,0.4457,26.954,19.242,27.361,15.996,10.560,8.681,Fairway,airborne,-0.003,0
108,0.4499,26.842,19.308,27.317,15.945,10.558,8.751,Fairway,airborne,-0.003,0
109,0.4541,26.731,19.375,27.273,15.894,10.555,8.820,Fairway,airborne,-0.003,0
110,0.4582,26.619,19.441,27.230,15.844,10.552,8.888,Fairway,airborne,-0.003,0
111,0.4624,26.507,19.507,27.186,15.793,10.549,8.957,Fairway,airborne,-0.003,0
112,0.4666,26.395,19.572,27.142,15.743,10.546,9.026,Fairway,airborne,-0.003,0
113,0.4707,26.284,19.638,27.099,15.693,10.544,9.094,Fairway,airborne,-0.003,0
114,0.4749,26.172,19.703,27.055,15.642,10.541,9.162,Fairway,airborne,-0.003,0
115,0.4790,26.061,19.768,27.011,15.592,10.538,9.230,Fairway,airborne,-0.003,0
116,0.4832,25.949,19.833,26.968,15.542,10.535,9.298,Fairway,airborne,-0.003,0
117,0.4874,25.838,19.897,26.924,15.492,10.533,9.365,Fairway,airborne,-0.003,0
118,0.4915,25.727,19.962,26.881,15.442,10.530,9.432,Fairway,airborne,-0.002,0
119,0.4957,25.615,20.026,26.837,15.392,10.528,9.498,Fairway,airborne,-0.002,0
120,0.4999,25.504,20.090,26.794,15.342,10.525,9.565,Fairway,airborne,-0.002,0
121,0.5040,25.393,20.154,26.750,15.292,10.523,9.631,Fairway,airborne,-0.002,0
122,0.5082,25.282,20.217,26.707,15.242,10.520,9.697,Fairway,airborne,-0.002,0
123,0.5124,25.171,20.281,26.663,15.192,10.518,9.763,Fairway,airborne,-0.003,0
124,0.5165,25.060,20.344,26.620,15.142,10.515,9.829,Fairway,airborne,-0.003,0
125,0.5207,24.949,20.407,26.577,15.093,10.513,9.895,Fairway,airborne,-0.003,0
126,0.5249,24.839,20.470,26.533,15.043,10.510,9.960,Fairway,airborne,-0.003,0
127,0.5290,24.728,20.532,26.490,14.993,10.507,10.025,Fairway,airborne,-0.003,0
128,0.5332,24.617,20.595,26.447,14.944,10.505,10.090,Fairway,airborne,-0.003,0
129,0.5374,24.507,20.657,26.404,14.894,10.502,10.154,Fairway,airborne,-0.003,0
130,0.5415,24.396,20.719,26.360,14.845,10.500,10.219,Fairway,airborne,-0.003,0
131,0.5457,24.286,20.780,26.317,14.795,10.497,10.283,Fairway,airborne,-0.003,0
132,0.5499,24.176,20.842,26.274,14.746,10.494,10.347,Fairway,airborne,-0.003,0
133,0.5540,24.065,20.903,26.231,14.697,10.492,10.411,Fairway,airborne,-0.003,0
134,0.5582,23.955,20.964,26.188,14.628,10.489,10.475,Fairway,airborne,-0.003,0
135,0.5624,23.845,21.025,26.145,14.556,10.487,10.538,Fairway,airborne,-0.003,0
136,0.5665,23.735,21.086,26.102,14.484,10.484,10.602,Fairway,airborne,-0.003,0
137,0.5707,23.626,21.146,26.059,14.412,10.481,10.664,Fairway,airborne,-0.003,0
138,0.5749,23.517,21.206,26.016,14.341,10.479,10.727,Fairway,airborne,-0.003,0
139,0.5790,23.408,21.265,25.974,14.270,10.476,10.789,Fairway,airborne,-0.003,0
140,0.5832,23.299,21.325,25.931,14.199,10.474,10.851,Fairway,airborne,-0.003,0
141,0.5874,23.190,21.384,25.889,14.129,10.471,10.912,Fairway,airborne,-0.002,0
142,0.5915,23.082,21.442,25.846,14.059,10.469,10.973,Fairway,airborne,-0.002,0
143,0.5957,22.974,21.501,25.804,13.989,10.466,11.034,Fairway,airborne,-0.003,0
144,0.5999,22.866,21.559,25.762,13.919,10.464,11.095,Fairway,airborne,-0.003,0
145,0.6040,22.758,21.617,25.720,13.850,10.461,11.155,Fairway,airborne,-0.003,0
146,0.6082,22.651,21.674,25.678,13.781,10.459,11.216,Fairway,airborne,-0.003,0
147,0.6124,22.544,21.731,25.636,13.713,10.456,11.275,Fairway,airborne,-0.003,0
148,0.6165,22.437,21.788,25.594,13.644,10.453,11.335,Fairway,airborne,-0.003,0
149,0.6207,22.330,21.845,25.552,13.576,10.451,11.394,Fairway,airborne,-0.003,0
150,0.6248,22.223,21.901,25.510,13.509,10.448,11.453,Fairway,airborne,-0.002,0
151,0.6290,22.117,21.958,25.469,13.441,10.446,11.512,Fairway,airborne,-0.002,0
152,0.6332,22.011,22.013,25.427,13.374,10.444,11.570,Fairway,airborne,-0.002,0
153,0.6373,21.905,22.069,25.386,13.307,10.441,11.628,Fairway,airborne,-0.002,0
154,0.6415,21.799,22.124,25.344,13.240,10.439,11.685,Fairway,airborne,-0.002,0
155,0.6457,21.694,22.179,25.303,13.174,10.437,11.743,Fairway,airborne,-0.002,0
156,0.6498,21.588,22.234,25.262,13.108,10.434,11.800,Fairway,airborne,-0.003,0
157,0.6540,21.483,22.288,25.221,13.042,10.432,11.857,Fairway,airborne,-0.003,0
158,0.6582,21.378,22.343,25.180,12.976,10.429,11.913,Fairway,airborne,-0.003,0
159,0.6623,21.273,22.397,25.139,12.910,10.427,11.970,Fairway,airborne,-0.003,0
160,0.6665,21.169,22.450,25.098,12.845,10.424,12.026,Fairway,airborne,-0.003,0
161,0.6707,21.065,22.504,25.057,12.780,10.422,12.082,Fairway,airborne,-0.003,0
162,0.6748,20.960,22.557,25.016,12.716,10.419,12.137,Fairway,airborne,-0.002,0
163,0.6790,20.856,22.609,24.976,12.651,10.417,12.193,Fairway,airborne,-0.002,0
164,0.6832,20.753,22.662,24.935,12.587,10.414,12.248,Fairway,airborne,-0.002,0
165,0.6873,20.649,22.714,24.895,12.523,10.412,12.302,Fairway,airborne,-0.002,0
166,0.6915,20.546,22.766,24.854,12.459,10.410,12.357,Fairway,airborne,-0.002,0
167,0.6957,20.443,22.818,24.814,12.396,10.408,12.411,Fairway,airborne,-0.002,0
168,0.6998,20.340,22.870,24.774,12.332,10.405,12.464,Fairway,airborne,-0.002,0
169,0.7040,20.237,22.921,24.733,12.269,10.403,12.518,Fairway,airborne,-0.002,0
170,0.7082,20.134,22.972,24.693,12.206,10.401,12.571,Fairway,airborne,-0.002,0
171,0.7123,20.032,23.023,24.653,12.144,10.399,12.624,Fairway,airborne,-0.002,0
172,0.7165,19.929,23.073,24.613,12.081,10.396,12.676,Fairway,airborne,-0.002,0
173,0.7207,19.827,23.123,24.573,12.019,10.394,12.729,Fairway,airborne,-0.002,0
174,0.7248,19.725,23.173,24.533,11.957,10.392,12.781,Fairway,airborne,-0.002,0
175,0.7290,19.624,23.223,24.494,11.895,10.390,12.833,Fairway,airborne,-0.002,0
176,0.7332,19.522,23.272,24.454,11.833,10.388,12.884,Fairway,airborne,-0.002,0
177,0.7373,19.421,23.321,24.414,11.772,10.385,12.936,Fairway,airborne,-0.002,0
178,0.7415,19.320,23.370,24.375,11.711,10.383,12.987,Fairway,airborne,-0.002,0
179,0.7457,19.219,23.419,24.335,11.650,10.381,13.038,Fairway,airborne,-0.002,0
180,0.7498,19.118,23.467,24.296,11.589,10.379,13.089,Fairway,airborne,-0.002,0
181,0.7540,19.017,23.515,24.256,11.528,10.376,13.139,Fairway,airborne,-0.002,0
182,0.7581,18.917,23.563,24.217,11.468,10.374,13.189,Fairway,airborne,-0.002,0
183,0.7623,18.816,23.611,24.178,11.408,10.372,13.239,Fairway,airborne,-0.002,0
184,0.7665,18.716,23.658,24.139,11.348,10.370,13.289,Fairway,airborne,-0.002,0
185,0.7706,18.616,23.705,24.099,11.288,10.367,13.338,Fairway,airborne,-0.002,0
186,0.7748,18.516,23.752,24.060,11.228,10.365,13.387,Fairway,airborne,-0.002,0
187,0.7790,18.417,23.799,24.021,11.169,10.363,13.436,Fairway,airborne,-0.002,0
188,0.7831,18.317,23.845,23.982,11.109,10.361,13.485,Fairway,airborne,-0.002,0
189,0.7873,18.218,23.892,23.944,11.050,10.358,13.533,Fairway,airborne,-0.002,0
190,0.7915,18.119,23.937,23.905,10.991,10.356,13.581,Fairway,airborne,-0.002,0
191,0.7956,18.020,23.983,23.866,10.933,10.354,13.629,Fairway,airborne,-0.002,0
192,0.7998,17.921,24.028,23.827,10.874,10.352,13.677,Fairway,airborne,-0.002,0
193,0.8040,17.822,24.074,23.789,10.816,10.350,13.724,Fairway,airborne,-0.002,0
194,0.8081,17.724,24.119,23.750,10.757,10.348,13.771,Fairway,airborne,-0.002,0
195,0.8123,17.625,24.163,23.712,10.699,10.346,13.818,Fairway,airborne,-0.002,0
196,0.8165,17.527,24.208,23.673,10.641,10.344,13.864,Fairway,airborne,-0.002,0
197,0.8206,17.429,24.252,23.635,10.584,10.341,13.910,Fairway,airborne,-0.002,0
198,0.8248,17.331,24.296,23.597,10.526,10.339,13.957,Fairway,airborne,-0.002,0
199,0.8290,17.233,24.340,23.559,10.469,10.337,14.002,Fairway,airborne,-0.002,0
200,0.8331,17.136,24.383,23.520,10.411,10.335,14.048,Fairway,airborne,-0.002,0
201,0.8373,17.038,24.426,23.482,10.354,10.333,14.093,Fairway,airborne,-0.002,0
202,0.8415,16.941,24.469,23.444,10.297,10.331,14.138,Fairway,airborne,-0.002,0
203,0.8456,16.844,24.512,23.406,10.241,10.329,14.183,Fairway,airborne,-0.002,0
204,0.8498,16.747,24.555,23.368,10.184,10.327,14.228,Fairway,airborne,-0.002,0
205,0.8540,16.650,24.597,23.330,10.127,10.325,14.272,Fairway,airborne,-0.002,0
206,0.8581,16.554,24.639,23.293,10.071,10.323,14.316,Fairway,airborne,-0.002,0
207,0.8623,16.457,24.681,23.255,10.015,10.321,14.360,Fairway,airborne,-0.002,0
208,0.8665,16.361,24.722,23.217,9.959,10.319,14.404,Fairway,airborne,-0.002,0
209,0.8706,16.264,24.764,23.180,9.903,10.317,14.447,Fairway,airborne,-0.002,0
210,0.8748,16.168,24.805,23.142,9.847,10.315,14.490,Fairway,airborne,-0.002,0
211,0.8790,16.072,24.846,23.104,9.792,10.313,14.533,Fairway,airborne,-0.002,0
212,0.8831,15.977,24.886,23.067,9.736,10.311,14.576,Fairway,airborne,-0.002,0
213,0.8873,15.881,24.927,23.030,9.681,10.308,14.618,Fairway,airborne,-0.002,0
214,0.8914,15.785,24.967,22.992,9.626,10.306,14.661,Fairway,airborne,-0.002,0
215,0.8956,15.690,25.007,22.955,9.571,10.304,14.703,Fairway,airborne,-0.002,0
216,0.8998,15.595,25.047,22.918,9.516,10.302,14.745,Fairway,airborne,-0.002,0
217,0.9039,15.500,25.086,22.880,9.461,10.300,14.786,Fairway,airborne,-0.002,0
218,0.9081,15.405,25.126,22.843,9.407,10.298,14.827,Fairway,airborne,-0.002,0
219,0.9123,15.310,25.165,22.806,9.352,10.296,14.868,Fairway,airborne,-0.002,0
220,0.9164,15.215,25.204,22.769,9.298,10.294,14.909,Fairway,airborne,-0.002,0
221,0.9206,15.121,25.242,22.732,9.244,10.292,14.950,Fairway,airborne,-0.002,0
222,0.9248,15.026,25.281,22.695,9.190,10.291,14.990,Fairway,airborne,-0.002,0
223,0.9289,14.932,25.319,22.658,9.136,10.289,15.030,Fairway,airborne,-0.002,0
224,0.9331,14.838,25.357,22.621,9.082,10.287,15.070,Fairway,airborne,-0.002,0
225,0.9373,14.744,25.394,22.585,9.028,10.285,15.110,Fairway,airborne,-0.002,0
226,0.9414,14.650,25.432,22.548,8.975,10.283,15.149,Fairway,airborne,-0.002,0
227,0.9456,14.556,25.469,22.511,8.921,10.281,15.188,Fairway,airborne,-0.002,0
228,0.9498,14.463,25.506,22.475,8.868,10.279,15.227,Fairway,airborne,-0.002,0
229,0.9539,14.369,25.543,22.438,8.815,10.277,15.266,Fairway,airborne,-0.002,0
230,0.9581,14.276,25.580,22.402,8.762,10.275,15.305,Fairway,airborne,-0.002,0
231,0.9623,14.183,25.616,22.365,8.709,10.273,15.343,Fairway,airborne,-0.002,0
232,0.9664,14.090,25.652,22.329,8.656,10.271,15.381,Fairway,airborne,-0.002,0
233,0.9706,13.997,25.688,22.292,8.603,10.269,15.419,Fairway,airborne,-0.002,0
234,0.9748,13.904,25.724,22.256,8.550,10.267,15.457,Fairway,airborne,-0.002,0
235,0.9789,13.811,25.759,22.220,8.498,10.265,15.494,Fairway,airborne,-0.002,0
236,0.9831,13.718,25.795,22.184,8.446,10.263,15.531,Fairway,airborne,-0.002,0
237,0.9873,13.626,25.830,22.147,8.393,10.261,15.568,Fairway,airborne,-0.002,0
238,0.9914,13.534,25.864,22.111,8.341,10.260,15.605,Fairway,airborne,-0.002,0
239,0.9956,13.442,25.899,22.075,8.289,10.258,15.641,Fairway,airborne,-0.002,0
240,0.9998,13.349,25.934,22.039,8.237,10.256,15.678,Fairway,airborne,-0.002,0
241,1.0039,13.257,25.968,22.003,8.186,10.254,15.714,Fairway,airborne,-0.002,0
242,1.0081,13.166,26.002,21.967,8.134,10.252,15.749,Fairway,airborne,-0.002,0
243,1.0123,13.074,26.035,21.931,8.082,10.250,15.785,Fairway,airborne,-0.002,0
244,1.0164,12.982,26.069,21.896,8.031,10.249,15.820,Fairway,airborne,-0.002,0
245,1.0206,12.891,26.102,21.860,7.979,10.247,15.855,Fairway,airborne,-0.002,0
246,1.0248,12.799,26.135,21.824,7.928,10.245,15.890,Fairway,airborne,-0.002,0
247,1.0289,12.708,26.168,21.788,7.877,10.243,15.925,Fairway,airborne,-0.002,0
248,1.0331,12.617,26.201,21.753,7.826,10.241,15.960,Fairway,airborne,-0.002,0
249,1.0372,12.526,26.234,21.717,7.775,10.240,15.994,Fairway,airborne,-0.002,0
250,1.0414,12.435,26.266,21.682,7.724,10.238,16.028,Fairway,airborne,-0.002,0
251,1.0456,12.344,26.298,21.646,7.673,10.236,16.062,Fairway,airborne,-0.002,0
252,1.0497,12.254,26.330,21.611,7.623,10.234,16.095,Fairway,airborne,-0.002,0
253,1.0539,12.163,26.361,21.575,7.572,10.232,16.129,Fairway,airborne,-0.002,0
254,1.0581,12.073,26.393,21.540,7.522,10.231,16.162,Fairway,airborne,-0.002,0
255,1.0622,11.983,26.424,21.505,7.471,10.229,16.195,Fairway,airborne,-0.002,0
256,1.0664,11.892,26.455,21.469,7.421,10.227,16.228,Fairway,airborne,-0.002,0
257,1.0706,11.802,26.486,21.434,7.371,10.225,16.261,Fairway,airborne,-0.002,0
258,1.0747,11.712,26.516,21.399,7.321,10.224,16.293,Fairway,airborne,-0.002,0
259,1.0789,11.622,26.547,21.364,7.271,10.222,16.325,Fairway,airborne,-0.002,0
260,1.0831,11.533,26.577,21.329,7.221,10.220,16.357,Fairway,airborne,-0.002,0
261,1.0872,11.443,26.607,21.294,7.171,10.218,16.389,Fairway,airborne,-0.002,0
262,1.0914,11.354,26.637,21.259,7.122,10.216,16.420,Fairway,airborne,-0.002,0
263,1.0956,11.264,26.666,21.224,7.072,10.215,16.452,Fairway,airborne,-0.002,0
264,1.0997,11.175,26.696,21.189,7.023,10.213,16.483,Fairway,airborne,-0.002,0
265,1.1039,11.086,26.725,21.154,6.973,10.211,16.514,Fairway,airborne,-0.002,0
266,1.1081,10.997,26.754,21.119,6.924,10.209,16.544,Fairway,airborne,-0.002,0
267,1.1122,10.908,26.782,21.084,6.875,10.208,16.575,Fairway,airborne,-0.002,0
268,1.1164,10.819,26.811,21.049,6.825,10.206,16.605,Fairway,airborne,-0.002,0
269,1.1206,10.730,26.839,21.015,6.776,10.204,16.635,Fairway,airborne,-0.002,0
270,1.1247,10.641,26.867,20.980,6.727,10.202,16.665,Fairway,airborne,-0.002,0
271,1.1289,10.553,26.895,20.945,6.679,10.200,16.695,Fairway,airborne,-0.002,0
272,1.1331,10.464,26.923,20.911,6.630,10.199,16.724,Fairway,airborne,-0.002,0
273,1.1372,10.376,26.951,20.876,6.581,10.197,16.753,Fairway,airborne,-0.002,0
274,1.1414,10.288,26.978,20.842,6.532,10.196,16.782,Fairway,airborne,-0.002,0
275,1.1456,10.200,27.005,20.807,6.484,10.194,16.811,Fairway,airborne,-0.002,0
276,1.1497,10.112,27.032,20.773,6.435,10.192,16.839,Fairway,airborne,-0.002,0
277,1.1539,10.024,27.059,20.738,6.387,10.191,16.868,Fairway,airborne,-0.002,0
278,1.1581,9.936,27.085,20.704,6.339,10.189,16.896,Fairway,airborne,-0.002,0
279,1.1622,9.848,27.111,20.670,6.290,10.188,16.924,Fairway,airborne,-0.002,0
280,1.1664,9.761,27.137,20.635,6.242,10.186,16.951,Fairway,airborne,-0.002,0
281,1.1705,9.673,27.163,20.601,6.194,10.185,16.979,Fairway,airborne,-0.002,0
282,1.1747,9.586,27.189,20.567,6.146,10.183,17.006,Fairway,airborne,-0.002,0
283,1.1789,9.499,27.215,20.533,6.098,10.181,17.033,Fairway,airborne,-0.002,0
284,1.1830,9.411,27.240,20.499,6.051,10.180,17.060,Fairway,airborne,-0.002,0
285,1.1872,9.324,27.265,20.465,6.003,10.178,17.087,Fairway,airborne,-0.002,0
286,1.1914,9.237,27.290,20.431,5.955,10.177,17.113,Fairway,airborne,-0.002,0
287,1.1955,9.150,27.315,20.397,5.908,10.175,17.139,Fairway,airborne,-0.002,0
288,1.1997,9.064,27.339,20.363,5.860,10.174,17.165,Fairway,airborne,-0.002,0
289,1.2039,8.977,27.363,20.329,5.813,10.172,17.191,Fairway,airborne,-0.002,0
290,1.2080,8.890,27.387,20.295,5.765,10.170,17.217,Fairway,airborne,-0.002,0
291,1.2122,8.804,27.411,20.261,5.718,10.169,17.242,Fairway,airborne,-0.002,0
292,1.2164,8.717,27.435,20.227,5.671,10.167,17.268,Fairway,airborne,-0.002,0
293,1.2205,8.631,27.459,20.194,5.624,10.166,17.293,Fairway,airborne,-0.002,0
294,1.2247,8.545,27.482,20.160,5.576,10.164,17.318,Fairway,airborne,-0.002,0
295,1.2289,8.459,27.505,20.126,5.529,10.162,17.343,Fairway,airborne,-0.002,0
296,1.2330,8.373,27.528,20.092,5.483,10.160,17.368,Fairway,airborne,-0.002,0
297,1.2372,8.287,27.551,20.059,5.436,10.159,17.392,Fairway,airborne,-0.002,0
298,1.2414,8.201,27.573,20.025,5.389,10.157,17.416,Fairway,airborne,-0.002,0
299,1.2455,8.115,27.596,19.992,5.342,10.155,17.440,Fairway,airborne,-0.002,0
300,1.2497,8.029,27.618,19.958,5.295,10.153,17.464,Fairway,airborne,-0.002,0
301,1.2539,7.944,27.640,19.925,5.249,10.152,17.488,Fairway,airborne,-0.002,0
302,1.2580,7.858,27.661,19.891,5.202,10.150,17.511,Fairway,airborne,-0.002,0
303,1.2622,7.773,27.683,19.858,5.156,10.149,17.534,Fairway,airborne,-0.002,0
304,1.2664,7.688,27.704,19.825,5.110,10.147,17.557,Fairway,airborne,-0.002,0
305,1.2705,7.603,27.726,19.791,5.063,10.145,17.580,Fairway,airborne,-0.002,0
306,1.2747,7.518,27.747,19.758,5.017,10.144,17.603,Fairway,airborne,-0.002,0
307,1.2789,7.432,27.767,19.725,4.971,10.142,17.625,Fairway,airborne,-0.002,0
308,1.2830,7.348,27.788,19.691,4.925,10.141,17.647,Fairway,airborne,-0.002,0
309,1.2872,7.263,27.808,19.658,4.879,10.139,17.669,Fairway,airborne,-0.002,0
310,1.2914,7.178,27.829,19.625,4.833,10.137,17.691,Fairway,airborne,-0.002,0
311,1.2955,7.093,27.849,19.592,4.787,10.136,17.713,Fairway,airborne,-0.002,0
312,1.2997,7.009,27.868,19.559,4.741,10.134,17.734,Fairway,airborne,-0.002,0
313,1.3038,6.924,27.888,19.526,4.695,10.133,17.755,Fairway,airborne,-0.002,0
314,1.3080,6.840,27.908,19.493,4.649,10.131,17.776,Fairway,airborne,-0.002,0
315,1.3122,6.756,27.927,19.460,4.604,10.130,17.797,Fairway,airborne,-0.002,0
316,1.3163,6.672,27.946,19.427,4.558,10.128,17.818,Fairway,airborne,-0.002,0
317,1.3205,6.587,27.965,19.394,4.512,10.126,17.838,Fairway,airborne,-0.002,0
318,1.3247,6.503,27.983,19.361,4.467,10.125,17.858,Fairway,airborne,-0.001,0
319,1.3288,6.419,28.002,19.328,4.421,10.124,17.878,Fairway,airborne,-0.001,0
320,1.3330,6.336,28.020,19.296,4.376,10.122,17.898,Fairway,airborne,-0.001,0
321,1.3372,6.252,28.038,19.263,4.331,10.121,17.917,Fairway,airborne,-0.001,0
322,1.3413,6.168,28.056,19.230,4.285,10.120,17.937,Fairway,airborne,-0.001,0
323,1.3455,6.085,28.074,19.197,4.240,10.118,17.956,Fairway,airborne,-0.001,0
324,1.3497,6.001,28.092,19.165,4.195,10.117,17.975,Fairway,airborne,-0.001,0
325,1.3538,5.918,28.109,19.132,4.150,10.115,17.994,Fairway,airborne,-0.001,0
326,1.3580,5.834,28.126,19.099,4.105,10.114,18.013,Fairway,airborne,-0.001,0
327,1.3622,5.751,28.143,19.067,4.060,10.112,18.031,Fairway,airborne,-0.001,0
328,1.3663,5.668,28.160,19.034,4.015,10.111,18.049,Fairway,airborne,-0.001,0
329,1.3705,5.585,28.177,19.002,3.970,10.109,18.067,Fairway,airborne,-0.002,0
330,1.3747,5.502,28.193,18.969,3.925,10.107,18.086,Fairway,airborne,-0.002,0
331,1.3788,5.419,28.209,18.937,3.881,10.106,18.104,Fairway,airborne,-0.002,0
332,1.3830,5.336,28.225,18.905,3.836,10.104,18.121,Fairway,airborne,-0.001,0
333,1.3872,5.253,28.241,18.872,3.791,10.103,18.139,Fairway,airborne,-0.002,0
334,1.3913,5.171,28.257,18.840,3.747,10.101,18.156,Fairway,airborne,-0.002,0
335,1.3955,5.088,28.272,18.808,3.702,10.099,18.173,Fairway,airborne,-0.002,0
336,1.3997,5.005,28.288,18.775,3.658,10.098,18.190,Fairway,airborne,-0.001,0
337,1.4038,4.923,28.303,18.743,3.613,10.096,18.207,Fairway,airborne,-0.002,0
338,1.4080,4.841,28.318,18.711,3.569,10.094,18.224,Fairway,airborne,-0.002,0
339,1.4122,4.758,28.333,18.679,3.525,10.093,18.240,Fairway,airborne,-0.001,0
340,1.4163,4.676,28.347,18.646,3.480,10.091,18.256,Fairway,airborne,-0.002,0
341,1.4205,4.594,28.362,18.614,3.436,10.089,18.272,Fairway,airborne,-0.002,0
342,1.4247,4.512,28.376,18.582,3.392,10.088,18.288,Fairway,airborne,-0.002,0
343,1.4288,4.430,28.390,18.550,3.348,10.087,18.303,Fairway,airborne,-0.001,0
344,1.4330,4.348,28.404,18.518,3.304,10.085,18.318,Fairway,airborne,-0.001,0
345,1.4371,4.267,28.417,18.486,3.260,10.084,18.333,Fairway,airborne,-0.001,0
346,1.4413,4.185,28.431,18.454,3.216,10.083,18.348,Fairway,airborne,-0.001,0
347,1.4455,4.103,28.444,18.422,3.172,10.081,18.363,Fairway,airborne,-0.002,0
348,1.4496,4.022,28.457,18.390,3.128,10.080,18.378,Fairway,airborne,-0.002,0
349,1.4538,3.940,28.470,18.358,3.084,10.078,18.392,Fairway,airborne,-0.002,0
350,1.4580,3.859,28.483,18.327,3.040,10.077,18.406,Fairway,airborne,-0.001,0
351,1.4621,3.777,28.496,18.295,2.997,10.075,18.420,Fairway,airborne,-0.002,0
352,1.4663,3.696,28.508,18.263,2.953,10.073,18.435,Fairway,airborne,-0.002,0
353,1.4705,3.615,28.520,18.231,2.909,10.072,18.448,Fairway,airborne,-0.002,0
354,1.4746,3.534,28.532,18.200,2.866,10.070,18.462,Fairway,airborne,-0.001,0
355,1.4788,3.453,28.544,18.168,2.822,10.069,18.475,Fairway,airborne,-0.002,0
356,1.4830,3.372,28.556,18.136,2.779,10.067,18.489,Fairway,airborne,-0.002,0
357,1.4871,3.291,28.567,18.105,2.735,10.065,18.502,Fairway,airborne,-0.001,0
358,1.4913,3.210,28.578,18.073,2.692,10.064,18.514,Fairway,airborne,-0.001,0
359,1.4955,3.130,28.590,18.041,2.649,10.062,18.527,Fairway,airborne,-0.002,0
360,1.4996,3.049,28.600,18.010,2.605,10.061,18.540,Fairway,airborne,-0.002,0
361,1.5038,2.968,28.611,17.978,2.562,10.059,18.552,Fairway,airborne,-0.001,0
362,1.5080,2.888,28.622,17.947,2.519,10.058,18.564,Fairway,airborne,-0.001,0
363,1.5121,2.808,28.632,17.915,2.476,10.057,18.575,Fairway,airborne,-0.001,0
364,1.5163,2.727,28.642,17.884,2.433,10.055,18.587,Fairway,airborne,-0.002,0
365,1.5205,2.647,28.652,17.853,2.390,10.054,18.599,Fairway,airborne,-0.002,0
366,1.5246,2.567,28.662,17.821,2.347,10.052,18.610,Fairway,airborne,-0.002,0
367,1.5288,2.487,28.672,17.790,2.304,10.050,18.622,Fairway,airborne,-0.002,0
368,1.5330,2.407,28.681,17.759,2.261,10.049,18.633,Fairway,airborne,-0.002,0
369,1.5371,2.327,28.691,17.727,2.218,10.047,18.644,Fairway,airborne,-0.002,0
370,1.5413,2.247,28.700,17.696,2.175,10.045,18.654,Fairway,airborne,-0.002,0
371,1.5455,2.167,28.709,17.665,2.132,10.044,18.665,Fairway,airborne,-0.001,0
372,1.5496,2.087,28.718,17.634,2.089,10.042,18.675,Fairway,airborne,-0.002,0
373,1.5538,2.008,28.726,17.602,2.047,10.041,18.686,Fairway,airborne,-0.002,0
374,1.5580,1.928,28.735,17.571,2.004,10.039,18.696,Fairway,airborne,-0.002,0
375,1.5621,1.848,28.743,17.540,1.961,10.038,18.705,Fairway,airborne,-0.002,0
376,1.5663,1.769,28.751,17.509,1.919,10.036,18.715,Fairway,airborne,-0.001,0
377,1.5705,1.689,28.759,17.478,1.876,10.034,18.725,Fairway,airborne,-0.002,0
378,1.5746,1.610,28.767,17.447,1.834,10.033,18.734,Fairway,airborne,-0.002,0
379,1.5788,1.531,28.774,17.416,1.791,10.031,18.743,Fairway,airborne,-0.002,0
380,1.5829,1.452,28.782,17.385,1.749,10.030,18.752,Fairway,airborne,-0.002,0
381,1.5871,1.373,28.789,17.354,1.707,10.028,18.761,Fairway,airborne,-0.001,0
382,1.5913,1.294,28.796,17.323,1.664,10.027,18.769,Fairway,airborne,-0.002,0
383,1.5954,1.215,28.803,17.292,1.622,10.025,18.778,Fairway,airborne,-0.002,0
384,1.5996,1.136,28.809,17.261,1.580,10.023,18.786,Fairway,airborne,-0.002,0
385,1.6038,1.057,28.816,17.231,1.537,10.022,18.794,Fairway,airborne,-0.001,0
386,1.6079,0.978,28.822,17.200,1.495,10.021,18.801,Fairway,airborne,-0.001,0
387,1.6121,0.899,28.828,17.169,1.453,10.019,18.809,Fairway,airborne,-0.002,0
388,1.6163,0.821,28.834,17.138,1.411,10.018,18.816,Fairway,airborne,-0.002,0
389,1.6204,0.742,28.840,17.107,1.369,10.016,18.824,Fairway,airborne,-0.002,0
390,1.6246,0.664,28.846,17.077,1.327,10.014,18.832,Fairway,airborne,-0.002,0
391,1.6288,0.585,28.851,17.046,1.285,10.012,18.839,Fairway,airborne,-0.002,0
392,1.6329,0.507,28.856,17.015,1.243,10.011,18.845,Fairway,airborne,-0.001,0
393,1.6371,0.429,28.861,16.985,1.201,10.009,18.852,Fairway,airborne,-0.002,0
394,1.6413,0.350,28.866,16.954,1.159,10.008,18.859,Fairway,airborne,-0.002,0
395,1.6454,0.272,28.871,16.924,1.117,10.006,18.865,Fairway,airborne,-0.001,0
396,1.6496,0.194,28.876,16.893,1.076,10.004,18.871,Fairway,airborne,-0.002,0
397,1.6538,0.116,28.880,16.863,1.034,10.003,18.877,Fairway,airborne,-0.002,0
398,1.6579,0.038,28.884,16.832,0.992,10.001,18.883,Fairway,airborne,-0.001,0
399,1.6621,-0.040,28.888,16.802,0.950,10.000,18.888,Fairway,airborne,-0.001,0
400,1.6663,-0.117,28.892,16.771,0.909,9.999,18.893,Fairway,airborne,-0.002,0
401,1.6704,-0.195,28.896,16.741,0.867,9.997,18.899,Fairway,airborne,-0.002,0
402,1.6746,-0.273,28.899,16.710,0.826,9.995,18.904,Fairway,airborne,-0.002,0
403,1.6788,-0.350,28.903,16.680,0.784,9.994,18.909,Fairway,airborne,-0.001,0
404,1.6829,-0.428,28.906,16.650,0.743,9.992,18.914,Fairway,airborne,-0.002,0
405,1.6871,-0.505,28.909,16.619,0.701,9.990,18.918,Fairway,airborne,-0.002,0
406,1.6913,-0.583,28.912,16.589,0.660,9.989,18.923,Fairway,airborne,-0.001,0
407,1.6954,-0.660,28.914,16.559,0.618,9.987,18.927,Fairway,airborne,-0.002,0
408,1.6996,-0.738,28.917,16.529,0.577,9.986,18.931,Fairway,airborne,-0.001,0
409,1.7038,-0.815,28.919,16.498,0.536,9.984,18.935,Fairway,airborne,-0.002,0
410,1.7079,-0.892,28.921,16.468,0.494,9.983,18.938,Fairway,airborne,-0.002,0
411,1.7121,-0.969,28.923,16.438,0.453,9.981,18.942,Fairway,airborne,-0.001,0
412,1.7162,-1.046,28.925,16.408,0.412,9.980,18.945,Fairway,airborne,-0.002,0
413,1.7204,-1.123,28.927,16.378,0.371,9.978,18.948,Fairway,airborne,-0.001,0
414,1.7246,-1.200,28.928,16.348,0.330,9.976,18.952,Fairway,airborne,-0.002,0
415,1.7287,-1.277,28.929,16.318,0.289,9.974,18.955,Fairway,airborne,-0.002,0
416,1.7329,-1.354,28.930,16.288,0.247,9.973,18.958,Fairway,airborne,-0.002,0
417,1.7371,-1.430,28.931,16.258,0.206,9.971,18.960,Fairway,airborne,-0.001,0
418,1.7412,-1.507,28.932,16.228,0.165,9.970,18.962,Fairway,airborne,-0.002,0
419,1.7454,-1.583,28.933,16.198,0.124,9.968,18.965,Fairway,airborne,-0.002,0
420,1.7496,-1.660,28.933,16.168,0.084,9.966,18.967,Fairway,airborne,-0.002,0
421,1.7537,-1.736,28.933,16.138,0.043,9.965,18.968,Fairway,airborne,-0.001,0
422,1.7579,-1.813,28.933,16.108,0.002,9.963,18.970,Fairway,airborne,-0.002,0
423,1.7621,-1.889,28.933,16.078,-0.039,9.962,18.972,Fairway,airborne,-0.002,0
424,1.7662,-1.965,28.933,16.048,-0.080,9.960,18.973,Fairway,airborne,-0.002,0
425,1.7704,-2.042,28.933,16.018,-0.121,9.958,18.975,Fairway,airborne,-0.001,0
426,1.7746,-2.118,28.932,15.989,-0.161,9.957,18.976,Fairway,airborne,-0.002,0
427,1.7787,-2.194,28.931,15.959,-0.202,9.955,18.976,Fairway,airborne,-0.001,0
428,1.7829,-2.270,28.930,15.929,-0.243,9.953,18.977,Fairway,airborne,-0.002,0
429,1.7871,-2.346,28.929,15.899,-0.283,9.952,18.978,Fairway,airborne,-0.002,0
430,1.7912,-2.422,28.928,15.870,-0.324,9.950,18.979,Fairway,airborne,-0.002,0
431,1.7954,-2.498,28.927,15.840,-0.365,9.948,18.979,Fairway,airborne,-0.002,0
432,1.7996,-2.573,28.925,15.810,-0.405,9.946,18.979,Fairway,airborne,-0.002,0
433,1.8037,-2.649,28.923,15.781,-0.446,9.944,18.979,Fairway,airborne,-0.001,0
434,1.8079,-2.725,28.921,15.751,-0.486,9.943,18.978,Fairway,airborne,-0.001,0
435,1.8121,-2.800,28.919,15.722,-0.526,9.941,18.978,Fairway,airborne,-0.002,0
436,1.8162,-2.876,28.917,15.692,-0.567,9.940,18.977,Fairway,airborne,-0.001,0
437,1.8204,-2.951,28.915,15.662,-0.607,9.938,18.976,Fairway,airborne,-0.002,0
438,1.8246,-3.027,28.912,15.633,-0.648,9.937,18.975,Fairway,airborne,-0.001,0
439,1.8287,-3.102,28.909,15.603,-0.688,9.935,18.974,Fairway,airborne,-0.002,0
440,1.8329,-3.177,28.906,15.574,-0.728,9.933,18.973,Fairway,airborne,-0.002,0
441,1.8371,-3.253,28.903,15.545,-0.768,9.932,18.972,Fairway,airborne,-0.002,0
442,1.8412,-3.328,28.900,15.515,-0.809,9.929,18.970,Fairway,airborne,-0.002,0
443,1.8454,-3.403,28.896,15.486,-0.849,9.928,18.969,Fairway,airborne,-0.002,0
444,1.8495,-3.478,28.893,15.456,-0.889,9.926,18.967,Fairway,airborne,-0.002,0
445,1.8537,-3.553,28.889,15.427,-0.929,9.924,18.965,Fairway,airborne,-0.002,0
446,1.8579,-3.628,28.885,15.398,-0.969,9.922,18.963,Fairway,airborne,-0.002,0
447,1.8620,-3.703,28.881,15.369,-1.009,9.920,18.961,Fairway,airborne,-0.002,0
448,1.8662,-3.777,28.877,15.339,-1.049,9.919,18.958,Fairway,airborne,-0.002,0
449,1.8704,-3.852,28.872,15.310,-1.089,9.917,18.955,Fairway,airborne,-0.001,0
450,1.8745,-3.927,28.868,15.281,-1.129,9.916,18.952,Fairway,airborne,-0.002,0
451,1.8787,-4.002,28.863,15.252,-1.169,9.914,18.949,Fairway,airborne,-0.002,0
452,1.8829,-4.076,28.858,15.222,-1.209,9.912,18.946,Fairway,airborne,-0.002,0
453,1.8870,-4.151,28.853,15.193,-1.249,9.910,18.943,Fairway,airborne,-0.002,0
454,1.8912,-4.225,28.847,15.164,-1.289,9.908,18.939,Fairway,airborne,-0.002,0
455,1.8954,-4.300,28.842,15.135,-1.329,9.907,18.935,Fairway,airborne,-0.002,0
456,1.8995,-4.374,28.836,15.106,-1.369,9.905,18.931,Fairway,airborne,-0.001,0
457,1.9037,-4.448,28.831,15.077,-1.408,9.904,18.927,Fairway,airborne,-0.002,0
458,1.9079,-4.522,28.825,15.048,-1.448,9.902,18.923,Fairway,airborne,-0.002,0
459,1.9120,-4.597,28.819,15.019,-1.488,9.900,18.918,Fairway,airborne,-0.002,0
460,1.9162,-4.671,28.812,14.990,-1.527,9.898,18.914,Fairway,airborne,-0.002,0
461,1.9204,-4.745,28.806,14.961,-1.567,9.896,18.909,Fairway,airborne,-0.002,0
462,1.9245,-4.819,28.799,14.932,-1.607,9.894,18.905,Fairway,airborne,-0.002,0
463,1.9287,-4.893,28.792,14.903,-1.646,9.893,18.900,Fairway,airborne,-0.002,0
464,1.9329,-4.967,28.786,14.874,-1.686,9.891,18.895,Fairway,airborne,-0.002,0
465,1.9370,-5.040,28.778,14.845,-1.725,9.889,18.890,Fairway,airborne,-0.002,0
466,1.9412,-5.114,28.771,14.816,-1.765,9.887,18.884,Fairway,airborne,-0.002,0
467,1.9454,-5.188,28.764,14.787,-1.804,9.885,18.879,Fairway,airborne,-0.002,0
468,1.9495,-5.261,28.756,14.759,-1.844,9.884,18.873,Fairway,airborne,-0.002,0
469,1.9537,-5.335,28.748,14.730,-1.883,9.882,18.866,Fairway,airborne,-0.001,0
470,1.9579,-5.409,28.740,14.701,-1.923,9.880,18.860,Fairway,airborne,-0.002,0
471,1.9620,-5.482,28.732,14.672,-1.962,9.878,18.854,Fairway,airborne,-0.002,0
472,1.9662,-5.556,28.724,14.644,-2.001,9.876,18.848,Fairway,airborne,-0.002,0
473,1.9704,-5.629,28.716,14.615,-2.041,9.874,18.841,Fairway,airborne,-0.002,0
474,1.9745,-5.702,28.707,14.586,-2.080,9.873,18.835,Fairway,airborne,-0.002,0
475,1.9787,-5.775,28.698,14.558,-2.119,9.871,18.828,Fairway,airborne,-0.002,0
476,1.9828,-5.849,28.689,14.529,-2.158,9.869,18.821,Fairway,airborne,-0.002,0
477,1.9870,-5.922,28.680,14.500,-2.197,9.867,18.814,Fairway,airborne,-0.002,0
478,1.9912,-5.995,28.671,14.472,-2.237,9.865,18.806,Fairway,airborne,-0.002,0
479,1.9953,-6.068,28.662,14.443,-2.276,9.863,18.799,Fairway,airborne,-0.002,0
480,1.9995,-6.141,28.652,14.415,-2.315,9.861,18.791,Fairway,airborne,-0.002,0
481,2.0037,-6.214,28.643,14.386,-2.354,9.859,18.783,Fairway,airborne,-0.002,0
482,2.0078,-6.287,28.633,14.358,-2.393,9.858,18.775,Fairway,airborne,-0.001,0
483,2.0120,-6.360,28.623,14.329,-2.432,9.856,18.766,Fairway,airborne,-0.001,0
484,2.0162,-6.432,28.612,14.301,-2.471,9.855,18.758,Fairway,airborne,-0.002,0
485,2.0203,-6.505,28.602,14.272,-2.510,9.853,18.749,Fairway,airborne,-0.002,0
486,2.0245,-6.578,28.591,14.244,-2.549,9.851,18.741,Fairway,airborne,-0.002,0
487,2.0287,-6.650,28.581,14.215,-2.588,9.849,18.732,Fairway,airborne,-0.002,0
488,2.0328,-6.723,28.570,14.187,-2.627,9.847,18.723,Fairway,airborne,-0.002,0
489,2.0370,-6.795,28.559,14.159,-2.665,9.845,18.714,Fairway,airborne,-0.002,0
490,2.0412,-6.868,28.548,14.130,-2.704,9.843,18.705,Fairway,airborne,-0.002,0
491,2.0453,-6.940,28.536,14.102,-2.743,9.841,18.696,Fairway,airborne,-0.002,0
492,2.0495,-7.012,28.525,14.074,-2.782,9.839,18.686,Fairway,airborne,-0.002,0
493,2.0537,-7.085,28.513,14.045,-2.821,9.837,18.677,Fairway,airborne,-0.002,0
494,2.0578,-7.157,28.501,14.017,-2.859,9.835,18.667,Fairway,airborne,-0.002,0
495,2.0620,-7.229,28.489,13.989,-2.898,9.833,18.656,Fairway,airborne,-0.002,0
496,2.0662,-7.301,28.477,13.961,-2.937,9.832,18.645,Fairway,airborne,-0.001,0
497,2.0703,-7.373,28.465,13.933,-2.975,9.830,18.635,Fairway,airborne,-0.002,0
498,2.0745,-7.445,28.452,13.904,-3.014,9.828,18.624,Fairway,airborne,-0.002,0
499,2.0787,-7.517,28.440,13.876,-3.052,9.826,18.614,Fairway,airborne,-0.002,0
500,2.0828,-7.589,28.427,13.848,-3.091,9.824,18.603,Fairway,airborne,-0.002,0
501,2.0870,-7.661,28.414,13.820,-3.130,9.822,18.592,Fairway,airborne,-0.002,0
502,2.0912,-7.733,28.401,13.792,-3.168,9.820,18.581,Fairway,airborne,-0.002,0
503,2.0953,-7.804,28.388,13.764,-3.206,9.818,18.570,Fairway,airborne,-0.002,0
504,2.0995,-7.876,28.374,13.736,-3.245,9.816,18.558,Fairway,airborne,-0.002,0
505,2.1037,-7.948,28.361,13.708,-3.283,9.814,18.547,Fairway,airborne,-0.002,0
506,2.1078,-8.019,28.347,13.680,-3.322,9.812,18.535,Fairway,airborne,-0.002,0
507,2.1120,-8.091,28.333,13.652,-3.360,9.810,18.523,Fairway,airborne,-0.002,0
508,2.1162,-8.162,28.319,13.624,-3.398,9.807,18.512,Fairway,airborne,-0.002,0
509,2.1203,-8.234,28.305,13.596,-3.437,9.805,18.499,Fairway,airborne,-0.002,0
510,2.1245,-8.305,28.290,13.568,-3.475,9.803,18.487,Fairway,airborne,-0.002,0
511,2.1286,-8.376,28.276,13.540,-3.513,9.802,18.474,Fairway,airborne,-0.002,0
512,2.1328,-8.447,28.261,13.512,-3.551,9.800,18.461,Fairway,airborne,-0.002,0
513,2.1370,-8.519,28.246,13.484,-3.590,9.798,18.448,Fairway,airborne,-0.002,0
514,2.1411,-8.590,28.231,13.457,-3.628,9.796,18.435,Fairway,airborne,-0.002,0
515,2.1453,-8.661,28.216,13.429,-3.666,9.794,18.422,Fairway,airborne,-0.002,0
516,2.1495,-8.732,28.201,13.401,-3.704,9.793,18.408,Fairway,airborne,-0.002,0
517,2.1536,-8.803,28.185,13.373,-3.742,9.790,18.395,Fairway,airborne,-0.002,0
518,2.1578,-8.874,28.169,13.345,-3.780,9.788,18.381,Fairway,airborne,-0.002,0
519,2.1620,-8.945,28.154,13.318,-3.818,9.786,18.368,Fairway,airborne,-0.002,0
520,2.1661,-9.016,28.138,13.290,-3.856,9.784,18.354,Fairway,airborne,-0.002,0
521,2.1703,-9.086,28.122,13.262,-3.894,9.782,18.340,Fairway,airborne,-0.002,0
522,2.1745,-9.157,28.105,13.235,-3.932,9.779,18.326,Fairway,airborne,-0.002,0
523,2.1786,-9.228,28.089,13.207,-3.970,9.777,18.312,Fairway,airborne,-0.002,0
524,2.1828,-9.298,28.072,13.179,-4.008,9.775,18.297,Fairway,airborne,-0.002,0
525,2.1870,-9.369,28.055,13.152,-4.046,9.773,18.282,Fairway,airborne,-0.002,0
526,2.1911,-9.439,28.039,13.124,-4.084,9.772,18.267,Fairway,airborne,-0.002,0
527,2.1953,-9.510,28.021,13.097,-4.122,9.770,18.252,Fairway,airborne,-0.002,0
528,2.1995,-9.580,28.004,13.069,-4.160,9.768,18.236,Fairway,airborne,-0.002,0
529,2.2036,-9.651,27.987,13.041,-4.197,9.766,18.221,Fairway,airborne,-0.002,0
530,2.2078,-9.721,27.969,13.014,-4.235,9.764,18.206,Fairway,airborne,-0.002,0
531,2.2120,-9.791,27.951,12.986,-4.273,9.761,18.190,Fairway,airborne,-0.002,0
532,2.2161,-9.861,27.934,12.959,-4.311,9.759,18.175,Fairway,airborne,-0.002,0
533,2.2203,-9.932,27.916,12.932,-4.348,9.757,18.159,Fairway,airborne,-0.002,0
534,2.2245,-10.002,27.897,12.904,-4.386,9.755,18.143,Fairway,airborne,-0.002,0
535,2.2286,-10.072,27.879,12.877,-4.423,9.753,18.126,Fairway,airborne,-0.002,0
536,2.2328,-10.142,27.861,12.849,-4.461,9.751,18.110,Fairway,airborne,-0.002,0
537,2.2370,-10.212,27.842,12.822,-4.499,9.749,18.093,Fairway,airborne,-0.002,0
538,2.2411,-10.282,27.823,12.795,-4.536,9.747,18.076,Fairway,airborne,-0.002,0
539,2.2453,-10.351,27.804,12.767,-4.574,9.745,18.059,Fairway,airborne,-0.002,0
540,2.2495,-10.421,27.785,12.740,-4.611,9.743,18.042,Fairway,airborne,-0.002,0
541,2.2536,-10.491,27.766,12.713,-4.649,9.741,18.025,Fairway,airborne,-0.002,0
542,2.2578,-10.561,27.746,12.685,-4.686,9.739,18.007,Fairway,airborne,-0.002,0
543,2.2619,-10.630,27.727,12.658,-4.723,9.737,17.990,Fairway,airborne,-0.002,0
544,2.2661,-10.700,27.707,12.631,-4.761,9.735,17.972,Fairway,airborne,-0.002,0
545,2.2703,-10.770,27.687,12.604,-4.798,9.732,17.955,Fairway,airborne,-0.002,0
546,2.2744,-10.839,27.667,12.577,-4.836,9.730,17.937,Fairway,airborne,-0.002,0
547,2.2786,-10.908,27.647,12.549,-4.873,9.728,17.919,Fairway,airborne,-0.002,0
548,2.2828,-10.978,27.626,12.522,-4.910,9.726,17.901,Fairway,airborne,-0.002,0
549,2.2869,-11.047,27.606,12.495,-4.947,9.724,17.882,Fairway,airborne,-0.002,0
550,2.2911,-11.116,27.585,12.468,-4.985,9.722,17.864,Fairway,airborne,-0.002,0
551,2.2953,-11.186,27.564,12.441,-5.022,9.719,17.845,Fairway,airborne,-0.002,0
552,2.2994,-11.255,27.543,12.414,-5.059,9.717,17.826,Fairway,airborne,-0.002,0
553,2.3036,-11.324,27.522,12.387,-5.096,9.715,17.807,Fairway,airborne,-0.002,0
554,2.3078,-11.393,27.501,12.360,-5.133,9.713,17.788,Fairway,airborne,-0.002,0
555,2.3119,-11.462,27.479,12.333,-5.170,9.711,17.768,Fairway,airborne,-0.002,0
556,2.3161,-11.531,27.458,12.306,-5.207,9.709,17.749,Fairway,airborne,-0.002,0
557,2.3203,-11.600,27.436,12.279,-5.245,9.706,17.730,Fairway,airborne,-0.002,0
558,2.3244,-11.669,27.414,12.252,-5.282,9.704,17.710,Fairway,airborne,-0.002,0
559,2.3286,-11.738,27.392,12.225,-5.319,9.702,17.690,Fairway,airborne,-0.002,0
560,2.3328,-11.807,27.370,12.198,-5.355,9.700,17.670,Fairway,airborne,-0.002,0
561,2.3369,-11.875,27.347,12.171,-5.392,9.698,17.650,Fairway,airborne,-0.002,0
562,2.3411,-11.944,27.325,12.144,-5.429,9.696,17.629,Fairway,airborne,-0.002,0
563,2.3453,-12.013,27.302,12.117,-5.466,9.694,17.609,Fairway,airborne,-0.002,0
564,2.3494,-12.081,27.279,12.091,-5.503,9.692,17.588,Fairway,airborne,-0.002,0
565,2.3536,-12.150,27.256,12.064,-5.540,9.690,17.566,Fairway,airborne,-0.002,0
566,2.3578,-12.218,27.233,12.037,-5.577,9.688,17.545,Fairway,airborne,-0.002,0
567,2.3619,-12.287,27.210,12.010,-5.614,9.686,17.524,Fairway,airborne,-0.002,0
568,2.3661,-12.355,27.187,11.983,-5.650,9.683,17.504,Fairway,airborne,-0.003,0
569,2.3703,-12.423,27.163,11.957,-5.687,9.681,17.482,Fairway,airborne,-0.002,0
570,2.3744,-12.492,27.139,11.930,-5.724,9.679,17.460,Fairway,airborne,-0.002,0
571,2.3786,-12.560,27.115,11.903,-5.760,9.677,17.439,Fairway,airborne,-0.002,0
572,2.3828,-12.628,27.091,11.877,-5.797,9.674,17.417,Fairway,airborne,-0.002,0
573,2.3869,-12.696,27.067,11.850,-5.834,9.672,17.395,Fairway,airborne,-0.002,0
574,2.3911,-12.764,27.043,11.823,-5.870,9.670,17.373,Fairway,airborne,-0.002,0
575,2.3952,-12.832,27.018,11.797,-5.907,9.668,17.350,Fairway,airborne,-0.002,0
576,2.3994,-12.900,26.993,11.770,-5.943,9.666,17.328,Fairway,airborne,-0.002,0
577,2.4036,-12.968,26.969,11.743,-5.980,9.664,17.305,Fairway,airborne,-0.002,0
578,2.4077,-13.036,26.944,11.717,-6.016,9.662,17.282,Fairway,airborne,-0.002,0
579,2.4119,-13.104,26.918,11.690,-6.053,9.660,17.259,Fairway,airborne,-0.002,0
580,2.4161,-13.172,26.893,11.664,-6.089,9.657,17.236,Fairway,airborne,-0.002,0
581,2.4202,-13.240,26.868,11.637,-6.126,9.655,17.212,Fairway,airborne,-0.002,0
582,2.4244,-13.307,26.842,11.611,-6.162,9.653,17.189,Fairway,airborne,-0.002,0
583,2.4286,-13.375,26.816,11.584,-6.199,9.650,17.166,Fairway,airborne,-0.003,0
584,2.4327,-13.443,26.791,11.558,-6.235,9.648,17.143,Fairway,airborne,-0.002,0
585,2.4369,-13.510,26.764,11.531,-6.271,9.645,17.119,Fairway,airborne,-0.002,0
586,2.4411,-13.578,26.738,11.505,-6.307,9.643,17.095,Fairway,airborne,-0.002,0
587,2.4452,-13.645,26.712,11.479,-6.344,9.641,17.071,Fairway,airborne,-0.002,0
588,2.4494,-13.713,26.685,11.452,-6.380,9.639,17.046,Fairway,airborne,-0.002,0
589,2.4536,-13.780,26.659,11.426,-6.416,9.637,17.022,Fairway,airborne,-0.002,0
590,2.4577,-13.847,26.632,11.400,-6.452,9.635,16.997,Fairway,airborne,-0.002,0
591,2.4619,-13.914,26.605,11.373,-6.488,9.633,16.972,Fairway,airborne,-0.002,0
592,2.4661,-13.982,26.578,11.347,-6.525,9.631,16.947,Fairway,airborne,-0.002,0
593,2.4702,-14.049,26.551,11.321,-6.561,9.629,16.922,Fairway,airborne,-0.002,0
594,2.4744,-14.116,26.523,11.294,-6.597,9.626,16.897,Fairway,airborne,-0.003,0
595,2.4786,-14.183,26.496,11.268,-6.633,9.624,16.872,Fairway,airborne,-0.002,0
596,2.4827,-14.250,26.468,11.242,-6.669,9.621,16.847,Fairway,airborne,-0.002,0
597,2.4869,-14.317,26.440,11.216,-6.705,9.619,16.821,Fairway,airborne,-0.002,0
598,2.4911,-14.384,26.412,11.190,-6.741,9.616,16.796,Fairway,airborne,-0.003,0
599,2.4952,-14.451,26.384,11.163,-6.777,9.614,16.770,Fairway,airborne,-0.002,0
600,2.4994,-14.518,26.356,11.137,-6.813,9.611,16.744,Fairway,airborne,-0.002,0
601,2.5036,-14.584,26.327,11.111,-6.848,9.609,16.718,Fairway,airborne,-0.002,0
602,2.5077,-14.651,26.299,11.085,-6.884,9.607,16.692,Fairway,airborne,-0.002,0
603,2.5119,-14.718,26.270,11.059,-6.920,9.605,16.665,Fairway,airborne,-0.002,0
604,2.5161,-14.784,26.241,11.033,-6.956,9.603,16.638,Fairway,airborne,-0.002,0
605,2.5202,-14.851,26.212,11.007,-6.992,9.601,16.611,Fairway,airborne,-0.002,0
606,2.5244,-14.918,26.183,10.981,-7.027,9.598,16.584,Fairway,airborne,-0.002,0
607,2.5285,-14.984,26.153,10.955,-7.063,9.596,16.558,Fairway,airborne,-0.003,0
608,2.5327,-15.050,26.124,10.929,-7.099,9.594,16.530,Fairway,airborne,-0.002,0
609,2.5369,-15.117,26.094,10.903,-7.135,9.592,16.503,Fairway,airborne,-0.002,0
610,2.5410,-15.183,26.065,10.877,-7.170,9.590,16.475,Fairway,airborne,-0.002,0
611,2.5452,-15.249,26.035,10.851,-7.206,9.588,16.447,Fairway,airborne,-0.002,0
612,2.5494,-15.316,26.005,10.825,-7.241,9.585,16.419,Fairway,airborne,-0.002,0
613,2.5535,-15.382,25.974,10.799,-7.277,9.583,16.391,Fairway,airborne,-0.003,0
614,2.5577,-15.448,25.944,10.773,-7.312,9.580,16.364,Fairway,airborne,-0.002,0
615,2.5619,-15.514,25.913,10.747,-7.348,9.578,16.335,Fairway,airborne,-0.002,0
616,2.5660,-15.580,25.883,10.722,-7.383,9.576,16.307,Fairway,airborne,-0.002,0
617,2.5702,-15.646,25.852,10.696,-7.419,9.574,16.278,Fairway,airborne,-0.002,0
618,2.5744,-15.712,25.821,10.670,-7.454,9.572,16.249,Fairway,airborne,-0.002,0
619,2.5785,-15.778,25.790,10.644,-7.490,9.570,16.220,Fairway,airborne,-0.002,0
620,2.5827,-15.844,25.759,10.618,-7.525,9.567,16.191,Fairway,airborne,-0.002,0
621,2.5869,-15.910,25.727,10.593,-7.560,9.565,16.162,Fairway,airborne,-0.002,0
622,2.5910,-15.975,25.696,10.567,-7.596,9.563,16.133,Fairway,airborne,-0.002,0
623,2.5952,-16.041,25.664,10.541,-7.631,9.560,16.104,Fairway,airborne,-0.002,0
624,2.5994,-16.107,25.632,10.515,-7.666,9.558,16.074,Fairway,airborne,-0.002,0
625,2.6035,-16.172,25.600,10.490,-7.701,9.555,16.045,Fairway,airborne,-0.003,0
626,2.6077,-16.238,25.568,10.464,-7.737,9.553,16.015,Fairway,airborne,-0.002,0
627,2.6119,-16.304,25.536,10.439,-7.772,9.551,15.985,Fairway,airborne,-0.002,0
628,2.6160,-16.369,25.503,10.413,-7.807,9.549,15.954,Fairway,airborne,-0.002,0
629,2.6202,-16.434,25.470,10.387,-7.842,9.547,15.924,Fairway,airborne,-0.002,0
630,2.6244,-16.500,25.438,10.362,-7.877,9.545,15.893,Fairway,airborne,-0.002,0
631,2.6285,-16.565,25.405,10.336,-7.912,9.542,15.862,Fairway,airborne,-0.002,0
632,2.6327,-16.630,25.372,10.311,-7.947,9.540,15.832,Fairway,airborne,-0.002,0
633,2.6369,-16.696,25.339,10.285,-7.982,9.538,15.801,Fairway,airborne,-0.002,0
634,2.6410,-16.761,25.305,10.260,-8.017,9.535,15.770,Fairway,airborne,-0.002,0
635,2.6452,-16.826,25.272,10.234,-8.052,9.533,15.739,Fairway,airborne,-0.002,0
636,2.6494,-16.891,25.238,10.209,-8.087,9.530,15.708,Fairway,airborne,-0.002,0
637,2.6535,-16.956,25.205,10.183,-8.122,9.528,15.676,Fairway,airborne,-0.002,0
638,2.6577,-17.021,25.171,10.158,-8.157,9.526,15.645,Fairway,airborne,-0.002,0
639,2.6619,-17.086,25.137,10.132,-8.192,9.523,15.613,Fairway,airborne,-0.002,0
640,2.6660,-17.151,25.102,10.107,-8.227,9.521,15.581,Fairway,airborne,-0.002,0
641,2.6702,-17.216,25.068,10.082,-8.261,9.519,15.550,Fairway,airborne,-0.002,0
642,2.6743,-17.281,25.034,10.056,-8.296,9.516,15.517,Fairway,airborne,-0.002,0
643,2.6785,-17.345,24.999,10.031,-8.331,9.514,15.485,Fairway,airborne,-0.002,0
644,2.6827,-17.410,24.964,10.006,-8.365,9.511,15.453,Fairway,airborne,-0.002,0
645,2.6868,-17.475,24.929,9.980,-8.400,9.509,15.420,Fairway,airborne,-0.002,0
646,2.6910,-17.539,24.894,9.955,-8.435,9.507,15.387,Fairway,airborne,-0.002,0
647,2.6952,-17.604,24.859,9.930,-8.469,9.504,15.355,Fairway,airborne,-0.002,0
648,2.6993,-17.668,24.824,9.904,-8.504,9.502,15.321,Fairway,airborne,-0.002,0
649,2.7035,-17.733,24.788,9.879,-8.538,9.500,15.288,Fairway,airborne,-0.002,0
650,2.7077,-17.797,24.753,9.854,-8.573,9.498,15.255,Fairway,airborne,-0.002,0
651,2.7118,-17.862,24.717,9.829,-8.607,9.496,15.221,Fairway,airborne,-0.002,0
652,2.7160,-17.926,24.681,9.804,-8.642,9.494,15.187,Fairway,airborne,-0.002,0
653,2.7202,-17.990,24.645,9.779,-8.676,9.492,15.153,Fairway,airborne,-0.002,0
654,2.7243,-18.054,24.609,9.753,-8.711,9.489,15.119,Fairway,airborne,-0.002,0
655,2.7285,-18.119,24.572,9.728,-8.745,9.487,15.085,Fairway,airborne,-0.002,0
656,2.7327,-18.183,24.536,9.703,-8.780,9.485,15.051,Fairway,airborne,-0.002,0
657,2.7368,-18.247,24.499,9.678,-8.814,9.482,15.017,Fairway,airborne,-0.002,0
658,2.7410,-18.311,24.462,9.653,-8.848,9.480,14.982,Fairway,airborne,-0.002,0
659,2.7452,-18.375,24.425,9.628,-8.882,9.478,14.948,Fairway,airborne,-0.002,0
660,2.7493,-18.439,24.388,9.603,-8.917,9.475,14.913,Fairway,airborne,-0.002,0
661,2.7535,-18.503,24.351,9.578,-8.951,9.473,14.878,Fairway,airborne,-0.002,0
662,2.7577,-18.567,24.314,9.553,-8.985,9.471,14.843,Fairway,airborne,-0.002,0
663,2.7618,-18.630,24.276,9.528,-9.019,9.468,14.808,Fairway,airborne,-0.002,0
664,2.7660,-18.694,24.239,9.503,-9.053,9.466,14.773,Fairway,airborne,-0.002,0
665,2.7702,-18.758,24.201,9.478,-9.087,9.464,14.737,Fairway,airborne,-0.002,0
666,2.7743,-18.822,24.163,9.453,-9.121,9.461,14.702,Fairway,airborne,-0.002,0
667,2.7785,-18.885,24.125,9.428,-9.155,9.459,14.666,Fairway,airborne,-0.002,0
668,2.7827,-18.949,24.087,9.404,-9.189,9.456,14.630,Fairway,airborne,-0.002,0
669,2.7868,-19.012,24.048,9.379,-9.223,9.454,14.594,Fairway,airborne,-0.002,0
670,2.7910,-19.076,24.010,9.354,-9.257,9.452,14.558,Fairway,airborne,-0.002,0
671,2.7952,-19.139,23.971,9.329,-9.291,9.450,14.522,Fairway,airborne,-0.002,0
672,2.7993,-19.202,23.932,9.304,-9.325,9.447,14.485,Fairway,airborne,-0.002,0
673,2.8035,-19.266,23.893,9.279,-9.359,9.445,14.449,Fairway,airborne,-0.002,0
674,2.8076,-19.329,23.854,9.255,-9.393,9.443,14.412,Fairway,airborne,-0.002,0
675,2.8118,-19.392,23.815,9.230,-9.426,9.440,14.375,Fairway,airborne,-0.002,0
676,2.8160,-19.456,23.776,9.205,-9.460,9.438,14.338,Fairway,airborne,-0.002,0
677,2.8201,-19.519,23.736,9.181,-9.494,9.436,14.300,Fairway,airborne,-0.002,0
678,2.8243,-19.582,23.697,9.156,-9.528,9.434,14.262,Fairway,airborne,-0.002,0
679,2.8285,-19.645,23.657,9.131,-9.561,9.432,14.225,Fairway,airborne,-0.002,0
680,2.8326,-19.708,23.617,9.107,-9.595,9.430,14.187,Fairway,airborne,-0.002,0
681,2.8368,-19.771,23.577,9.082,-9.629,9.428,14.149,Fairway,airborne,-0.002,0
682,2.8410,-19.834,23.537,9.057,-9.662,9.426,14.111,Fairway,airborne,-0.002,0
683,2.8451,-19.896,23.497,9.033,-9.696,9.423,14.073,Fairway,airborne,-0.002,0
684,2.8493,-19.959,23.456,9.008,-9.729,9.421,14.035,Fairway,airborne,-0.002,0
685,2.8535,-20.022,23.416,8.984,-9.763,9.418,13.997,Fairway,airborne,-0.003,0
686,2.8576,-20.085,23.375,8.959,-9.796,9.416,13.959,Fairway,airborne,-0.003,0
687,2.8618,-20.147,23.334,8.934,-9.829,9.413,13.921,Fairway,airborne,-0.003,0
688,2.8660,-20.210,23.293,8.910,-9.863,9.411,13.882,Fairway,airborne,-0.002,0
689,2.8701,-20.273,23.252,8.885,-9.896,9.409,13.843,Fairway,airborne,-0.002,0
690,2.8743,-20.335,23.211,8.861,-9.930,9.407,13.804,Fairway,airborne,-0.002,0
691,2.8785,-20.398,23.169,8.837,-9.963,9.405,13.764,Fairway,airborne,-0.002,0
692,2.8826,-20.460,23.128,8.812,-9.996,9.403,13.725,Fairway,airborne,-0.002,0
693,2.8868,-20.522,23.086,8.788,-10.029,9.400,13.686,Fairway,airborne,-0.002,0
694,2.8910,-20.585,23.044,8.763,-10.063,9.398,13.646,Fairway,airborne,-0.002,0
695,2.8951,-20.647,23.002,8.739,-10.096,9.396,13.606,Fairway,airborne,-0.002,0
696,2.8993,-20.709,22.960,8.715,-10.129,9.393,13.567,Fairway,airborne,-0.002,0
697,2.9035,-20.771,22.918,8.690,-10.162,9.391,13.527,Fairway,airborne,-0.002,0
698,2.9076,-20.834,22.875,8.666,-10.195,9.389,13.486,Fairway,airborne,-0.002,0
699,2.9118,-20.896,22.833,8.642,-10.228,9.387,13.446,Fairway,airborne,-0.002,0
700,2.9160,-20.958,22.790,8.617,-10.261,9.384,13.406,Fairway,airborne,-0.002,0
701,2.9201,-21.020,22.747,8.593,-10.294,9.382,13.365,Fairway,airborne,-0.002,0
702,2.9243,-21.082,22.704,8.569,-10.327,9.380,13.325,Fairway,airborne,-0.002,0
703,2.9285,-21.144,22.661,8.545,-10.360,9.377,13.284,Fairway,airborne,-0.002,0
704,2.9326,-21.205,22.618,8.520,-10.393,9.375,13.243,Fairway,airborne,-0.002,0
705,2.9368,-21.267,22.575,8.496,-10.426,9.373,13.202,Fairway,airborne,-0.002,0
706,2.9409,-21.329,22.531,8.472,-10.459,9.371,13.161,Fairway,airborne,-0.002,0
707,2.9451,-21.391,22.488,8.448,-10.491,9.368,13.119,Fairway,airborne,-0.002,0
708,2.9493,-21.452,22.444,8.424,-10.524,9.366,13.078,Fairway,airborne,-0.002,0
709,2.9534,-21.514,22.400,8.400,-10.557,9.364,13.036,Fairway,airborne,-0.002,0
710,2.9576,-21.576,22.356,8.376,-10.590,9.362,12.994,Fairway,airborne,-0.002,0
711,2.9618,-21.637,22.312,8.352,-10.622,9.359,12.952,Fairway,airborne,-0.002,0
712,2.9659,-21.699,22.267,8.328,-10.655,9.357,12.910,Fairway,airborne,-0.002,0
713,2.9701,-21.760,22.223,8.303,-10.687,9.355,12.868,Fairway,airborne,-0.002,0
714,2.9743,-21.821,22.178,8.279,-10.720,9.353,12.826,Fairway,airborne,-0.002,0
715,2.9784,-21.883,22.134,8.255,-10.753,9.350,12.783,Fairway,airborne,-0.002,0
716,2.9826,-21.944,22.089,8.231,-10.785,9.348,12.741,Fairway,airborne,-0.002,0
717,2.9868,-22.005,22.044,8.208,-10.817,9.346,12.698,Fairway,airborne,-0.002,0
718,2.9909,-22.067,21.999,8.184,-10.850,9.344,12.655,Fairway,airborne,-0.002,0
719,2.9951,-22.128,21.953,8.160,-10.882,9.341,12.612,Fairway,airborne,-0.002,0
720,2.9993,-22.189,21.908,8.136,-10.915,9.339,12.569,Fairway,airborne,-0.002,0
721,3.0034,-22.250,21.862,8.112,-10.947,9.337,12.526,Fairway,airborne,-0.002,0
722,3.0076,-22.311,21.817,8.088,-10.979,9.335,12.482,Fairway,airborne,-0.002,0
723,3.0118,-22.372,21.771,8.064,-11.012,9.332,12.439,Fairway,airborne,-0.002,0
724,3.0159,-22.433,21.725,8.040,-11.044,9.330,12.395,Fairway,airborne,-0.002,0
725,3.0201,-22.494,21.679,8.016,-11.076,9.328,12.351,Fairway,airborne,-0.002,0
726,3.0243,-22.554,21.633,7.993,-11.108,9.326,12.307,Fairway,airborne,-0.002,0
727,3.0284,-22.615,21.586,7.969,-11.140,9.324,12.262,Fairway,airborne,-0.002,0
728,3.0326,-22.676,21.540,7.945,-11.173,9.322,12.218,Fairway,airborne,-0.002,0
729,3.0368,-22.737,21.493,7.921,-11.205,9.320,12.173,Fairway,airborne,-0.002,0
730,3.0409,-22.797,21.447,7.898,-11.237,9.318,12.128,Fairway,airborne,-0.002,0
731,3.0451,-22.858,21.400,7.874,-11.269,9.316,12.084,Fairway,airborne,-0.003,0
732,3.0493,-22.918,21.353,7.850,-11.301,9.313,12.040,Fairway,airborne,-0.003,0
733,3.0534,-22.979,21.306,7.827,-11.333,9.310,11.995,Fairway,airborne,-0.003,0
734,3.0576,-23.039,21.258,7.803,-11.365,9.308,11.951,Fairway,airborne,-0.003,0
735,3.0618,-23.100,21.211,7.779,-11.396,9.306,11.905,Fairway,airborne,-0.002,0
736,3.0659,-23.160,21.163,7.756,-11.428,9.304,11.860,Fairway,airborne,-0.002,0
737,3.0701,-23.220,21.116,7.732,-11.460,9.302,11.814,Fairway,airborne,-0.002,0
738,3.0742,-23.280,21.068,7.709,-11.492,9.300,11.768,Fairway,airborne,-0.002,0
739,3.0784,-23.341,21.020,7.685,-11.524,9.298,11.722,Fairway,airborne,-0.002,0
740,3.0826,-23.401,20.972,7.662,-11.555,9.296,11.676,Fairway,airborne,-0.002,0
741,3.0867,-23.461,20.924,7.638,-11.587,9.294,11.630,Fairway,airborne,-0.002,0
742,3.0909,-23.521,20.875,7.615,-11.619,9.292,11.584,Fairway,airborne,-0.002,0
743,3.0951,-23.581,20.827,7.591,-11.650,9.289,11.538,Fairway,airborne,-0.002,0
744,3.0992,-23.641,20.778,7.568,-11.682,9.287,11.491,Fairway,airborne,-0.002,0
745,3.1034,-23.701,20.730,7.544,-11.713,9.285,11.445,Fairway,airborne,-0.002,0
746,3.1076,-23.761,20.681,7.521,-11.745,9.283,11.398,Fairway,airborne,-0.002,0
747,3.1117,-23.820,20.632,7.497,-11.776,9.281,11.351,Fairway,airborne,-0.002,0
748,3.1159,-23.880,20.583,7.474,-11.808,9.278,11.304,Fairway,airborne,-0.002,0
749,3.1201,-23.940,20.534,7.451,-11.839,9.276,11.257,Fairway,airborne,-0.002,0
750,3.1242,-24.000,20.484,7.427,-11.871,9.274,11.210,Fairway,airborne,-0.002,0
751,3.1284,-24.059,20.435,7.404,-11.902,9.272,11.163,Fairway,airborne,-0.002,0
752,3.1326,-24.119,20.385,7.381,-11.933,9.270,11.115,Fairway,airborne,-0.002,0
753,3.1367,-24.178,20.335,7.357,-11.964,9.267,11.068,Fairway,airborne,-0.002,0
754,3.1409,-24.238,20.285,7.334,-11.996,9.265,11.020,Fairway,airborne,-0.002,0
755,3.1451,-24.297,20.235,7.311,-12.027,9.263,10.972,Fairway,airborne,-0.002,0
756,3.1492,-24.357,20.185,7.287,-12.058,9.261,10.924,Fairway,airborne,-0.002,0
757,3.1534,-24.416,20.135,7.264,-12.089,9.259,10.876,Fairway,airborne,-0.002,0
758,3.1576,-24.475,20.084,7.241,-12.120,9.257,10.828,Fairway,airborne,-0.002,0
759,3.1617,-24.535,20.034,7.218,-12.151,9.254,10.780,Fairway,airborne,-0.002,0
760,3.1659,-24.594,19.983,7.195,-12.182,9.252,10.731,Fairway,airborne,-0.002,0
761,3.1701,-24.653,19.932,7.172,-12.213,9.250,10.682,Fairway,airborne,-0.002,0
762,3.1742,-24.712,19.881,7.148,-12.244,9.248,10.634,Fairway,airborne,-0.002,0
763,3.1784,-24.771,19.830,7.125,-12.275,9.246,10.584,Fairway,airborne,-0.002,0
764,3.1826,-24.830,19.779,7.102,-12.306,9.244,10.535,Fairway,airborne,-0.002,0
765,3.1867,-24.889,19.728,7.079,-12.337,9.242,10.486,Fairway,airborne,-0.002,0
766,3.1909,-24.948,19.676,7.056,-12.368,9.240,10.436,Fairway,airborne,-0.002,0
767,3.1951,-25.007,19.625,7.033,-12.399,9.238,10.386,Fairway,airborne,-0.002,0
768,3.1992,-25.066,19.573,7.010,-12.429,9.237,10.337,Fairway,airborne,-0.002,0
769,3.2034,-25.124,19.521,6.987,-12.460,9.234,10.287,Fairway,airborne,-0.002,0
770,3.2076,-25.183,19.469,6.964,-12.491,9.232,10.237,Fairway,airborne,-0.002,0
771,3.2117,-25.242,19.417,6.941,-12.521,9.230,10.187,Fairway,airborne,-0.002,0
772,3.2159,-25.300,19.365,6.918,-12.552,9.228,10.137,Fairway,airborne,-0.002,0
773,3.2200,-25.359,19.313,6.895,-12.582,9.226,10.087,Fairway,airborne,-0.002,0
774,3.2242,-25.417,19.260,6.872,-12.613,9.224,10.037,Fairway,airborne,-0.002,0
775,3.2284,-25.476,19.208,6.850,-12.644,9.221,9.986,Fairway,airborne,-0.002,0
776,3.2325,-25.534,19.155,6.827,-12.674,9.219,9.936,Fairway,airborne,-0.002,0
777,3.2367,-25.593,19.102,6.804,-12.704,9.217,9.885,Fairway,airborne,-0.002,0
778,3.2409,-25.651,19.049,6.781,-12.735,9.215,9.834,Fairway,airborne,-0.002,0
779,3.2450,-25.709,18.996,6.758,-12.765,9.213,9.783,Fairway,airborne,-0.002,0
780,3.2492,-25.768,18.943,6.735,-12.795,9.211,9.732,Fairway,airborne,-0.002,0
781,3.2534,-25.826,18.889,6.713,-12.826,9.209,9.681,Fairway,airborne,-0.002,0
782,3.2575,-25.884,18.836,6.690,-12.856,9.207,9.629,Fairway,airborne,-0.002,0
783,3.2617,-25.942,18.782,6.667,-12.886,9.204,9.578,Fairway,airborne,-0.002,0
784,3.2659,-26.000,18.729,6.644,-12.916,9.202,9.526,Fairway,airborne,-0.002,0
785,3.2700,-26.058,18.675,6.622,-12.947,9.200,9.474,Fairway,airborne,-0.002,0
786,3.2742,-26.116,18.621,6.599,-12.977,9.198,9.422,Fairway,airborne,-0.002,0
787,3.2784,-26.174,18.567,6.576,-13.007,9.197,9.370,Fairway,airborne,-0.002,0
788,3.2825,-26.232,18.512,6.554,-13.037,9.194,9.318,Fairway,airborne,-0.002,0
789,3.2867,-26.290,18.458,6.531,-13.067,9.192,9.266,Fairway,airborne,-0.002,0
790,3.2909,-26.347,18.403,6.509,-13.097,9.190,9.213,Fairway,airborne,-0.002,0
791,3.2950,-26.405,18.349,6.486,-13.127,9.188,9.161,Fairway,airborne,-0.002,0
792,3.2992,-26.463,18.294,6.463,-13.156,9.186,9.108,Fairway,airborne,-0.002,0
793,3.3034,-26.520,18.239,6.441,-13.186,9.184,9.055,Fairway,airborne,-0.002,0
794,3.3075,-26.578,18.184,6.418,-13.216,9.182,9.002,Fairway,airborne,-0.002,0
795,3.3117,-26.635,18.129,6.396,-13.246,9.180,8.949,Fairway,airborne,-0.002,0
796,3.3159,-26.693,18.074,6.373,-13.276,9.178,8.895,Fairway,airborne,-0.002,0
797,3.3200,-26.750,18.019,6.351,-13.305,9.176,8.842,Fairway,airborne,-0.002,0
798,3.3242,-26.808,17.963,6.328,-13.335,9.174,8.789,Fairway,airborne,-0.002,0
799,3.3284,-26.865,17.907,6.306,-13.365,9.172,8.735,Fairway,airborne,-0.002,0
800,3.3325,-26.922,17.852,6.284,-13.394,9.170,8.682,Fairway,airborne,-0.002,0
801,3.3367,-26.979,17.796,6.261,-13.424,9.168,8.628,Fairway,airborne,-0.002,0
802,3.3409,-27.037,17.740,6.239,-13.453,9.166,8.574,Fairway,airborne,-0.002,0
803,3.3450,-27.094,17.684,6.216,-13.483,9.164,8.520,Fairway,airborne,-0.002,0
804,3.3492,-27.151,17.628,6.194,-13.512,9.162,8.466,Fairway,airborne,-0.002,0
805,3.3533,-27.208,17.571,6.172,-13.542,9.160,8.411,Fairway,airborne,-0.002,0
806,3.3575,-27.265,17.515,6.149,-13.571,9.158,8.356,Fairway,airborne,-0.002,0
807,3.3617,-27.322,17.458,6.127,-13.600,9.157,8.301,Fairway,airborne,-0.002,0
808,3.3658,-27.379,17.401,6.105,-13.630,9.154,8.247,Fairway,airborne,-0.002,0
809,3.3700,-27.436,17.345,6.083,-13.659,9.153,8.192,Fairway,airborne,-0.002,0
810,3.3742,-27.492,17.288,6.060,-13.688,9.151,8.137,Fairway,airborne,-0.002,0
811,3.3783,-27.549,17.231,6.038,-13.717,9.148,8.082,Fairway,airborne,-0.002,0
812,3.3825,-27.606,17.173,6.016,-13.746,9.146,8.027,Fairway,airborne,-0.002,0
813,3.3867,-27.662,17.116,5.994,-13.776,9.144,7.972,Fairway,airborne,-0.002,0
814,3.3908,-27.719,17.059,5.972,-13.805,9.142,7.916,Fairway,airborne,-0.002,0
815,3.3950,-27.776,17.001,5.950,-13.834,9.140,7.861,Fairway,airborne,-0.002,0
816,3.3992,-27.832,16.943,5.928,-13.863,9.138,7.805,Fairway,airborne,-0.002,0
817,3.4033,-27.889,16.886,5.905,-13.892,9.136,7.750,Fairway,airborne,-0.002,0
818,3.4075,-27.945,16.828,5.883,-13.920,9.134,7.693,Fairway,airborne,-0.002,0
819,3.4117,-28.001,16.770,5.861,-13.949,9.133,7.637,Fairway,airborne,-0.002,0
820,3.4158,-28.058,16.712,5.839,-13.978,9.131,7.581,Fairway,airborne,-0.002,0
821,3.4200,-28.114,16.653,5.817,-14.007,9.129,7.524,Fairway,airborne,-0.002,0
822,3.4242,-28.170,16.595,5.795,-14.036,9.127,7.468,Fairway,airborne,-0.002,0
823,3.4283,-28.226,16.536,5.773,-14.064,9.125,7.411,Fairway,airborne,-0.002,0
824,3.4325,-28.282,16.478,5.751,-14.093,9.123,7.355,Fairway,airborne,-0.002,0
825,3.4367,-28.339,16.419,5.729,-14.122,9.121,7.298,Fairway,airborne,-0.002,0
826,3.4408,-28.395,16.360,5.707,-14.150,9.119,7.241,Fairway,airborne,-0.002,0
827,3.4450,-28.450,16.301,5.686,-14.179,9.118,7.183,Fairway,airborne,-0.002,0
828,3.4492,-28.506,16.242,5.664,-14.208,9.116,7.126,Fairway,airborne,-0.002,0
829,3.4533,-28.562,16.183,5.642,-14.236,9.114,7.069,Fairway,airborne,-0.002,0
830,3.4575,-28.618,16.123,5.620,-14.265,9.112,7.011,Fairway,airborne,-0.002,0
831,3.4617,-28.674,16.064,5.598,-14.293,9.110,6.954,Fairway,airborne,-0.002,0
832,3.4658,-28.730,16.004,5.576,-14.321,9.108,6.896,Fairway,airborne,-0.002,0
833,3.4700,-28.785,15.945,5.555,-14.350,9.106,6.838,Fairway,airborne,-0.002,0
834,3.4742,-28.841,15.885,5.533,-14.378,9.104,6.781,Fairway,airborne,-0.002,0
835,3.4783,-28.897,15.825,5.511,-14.406,9.102,6.723,Fairway,airborne,-0.002,0
836,3.4825,-28.952,15.765,5.489,-14.434,9.100,6.665,Fairway,airborne,-0.002,0
837,3.4866,-29.008,15.704,5.468,-14.463,9.098,6.606,Fairway,airborne,-0.002,0
838,3.4908,-29.063,15.644,5.446,-14.491,9.096,6.548,Fairway,airborne,-0.002,0
839,3.4950,-29.118,15.584,5.424,-14.519,9.095,6.489,Fairway,airborne,-0.002,0
840,3.4991,-29.174,15.523,5.403,-14.547,9.093,6.430,Fairway,airborne,-0.002,0
841,3.5033,-29.229,15.463,5.381,-14.575,9.091,6.371,Fairway,airborne,-0.002,0
842,3.5075,-29.284,15.402,5.359,-14.603,9.089,6.312,Fairway,airborne,-0.002,0
843,3.5116,-29.339,15.341,5.338,-14.631,9.087,6.254,Fairway,airborne,-0.002,0
844,3.5158,-29.395,15.280,5.316,-14.659,9.085,6.195,Fairway,airborne,-0.002,0
845,3.5200,-29.450,15.219,5.295,-14.687,9.083,6.136,Fairway,airborne,-0.002,0
846,3.5241,-29.505,15.158,5.273,-14.715,9.081,6.076,Fairway,airborne,-0.002,0
847,3.5283,-29.560,15.096,5.251,-14.742,9.079,6.017,Fairway,airborne,-0.002,0
848,3.5325,-29.615,15.035,5.230,-14.770,9.078,5.957,Fairway,airborne,-0.002,0
849,3.5366,-29.670,14.973,5.208,-14.798,9.076,5.897,Fairway,airborne,-0.002,0
850,3.5408,-29.724,14.912,5.187,-14.826,9.074,5.837,Fairway,airborne,-0.002,0
851,3.5450,-29.779,14.850,5.166,-14.853,9.073,5.777,Fairway,airborne,-0.002,0
852,3.5491,-29.834,14.788,5.144,-14.881,9.071,5.717,Fairway,airborne,-0.002,0
853,3.5533,-29.889,14.726,5.123,-14.908,9.069,5.657,Fairway,airborne,-0.002,0
854,3.5575,-29.943,14.664,5.101,-14.936,9.067,5.597,Fairway,airborne,-0.002,0
855,3.5616,-29.998,14.601,5.080,-14.963,9.065,5.536,Fairway,airborne,-0.002,0
856,3.5658,-30.053,14.539,5.059,-14.991,9.063,5.476,Fairway,airborne,-0.002,0
857,3.5700,-30.107,14.476,5.037,-15.018,9.061,5.415,Fairway,airborne,-0.002,0
858,3.5741,-30.162,14.414,5.016,-15.046,9.060,5.354,Fairway,airborne,-0.002,0
859,3.5783,-30.216,14.351,4.995,-15.073,9.058,5.293,Fairway,airborne,-0.002,0
860,3.5825,-30.270,14.288,4.973,-15.100,9.056,5.232,Fairway,airborne,-0.002,0
861,3.5866,-30.325,14.225,4.952,-15.128,9.054,5.171,Fairway,airborne,-0.002,0
862,3.5908,-30.379,14.162,4.931,-15.155,9.052,5.110,Fairway,airborne,-0.002,0
863,3.5950,-30.433,14.099,4.910,-15.182,9.010,5.089,Fairway,airborne,-0.042,0
864,3.5991,-30.487,14.036,4.888,-15.209,8.946,5.090,Fairway,airborne,-0.065,0
865,3.6033,-30.541,13.972,4.867,-15.236,8.857,5.115,Fairway,airborne,-0.088,0
866,3.6075,-30.596,13.909,4.846,-15.263,8.745,5.163,Fairway,airborne,-0.112,0
867,3.6116,-30.650,13.845,4.825,-15.290,8.656,5.189,Fairway,airborne,-0.089,0
868,3.6158,-30.704,13.781,4.804,-15.317,8.642,5.140,Fairway,airborne,-0.014,0
869,3.6199,-30.757,13.718,4.783,-15.344,8.640,5.078,Fairway,airborne,-0.002,0
870,3.6241,-30.811,13.654,4.762,-15.371,8.638,5.016,Fairway,airborne,-0.002,0
871,3.6283,-30.865,13.590,4.741,-15.398,8.636,4.954,Fairway,airborne,-0.002,0
872,3.6324,-30.919,13.525,4.720,-15.425,8.634,4.891,Fairway,airborne,-0.002,0
873,3.6366,-30.973,13.461,4.699,-15.451,8.632,4.829,Fairway,airborne,-0.002,0
874,3.6408,-31.026,13.397,4.678,-15.478,8.631,4.766,Fairway,airborne,-0.001,0
875,3.6449,-31.080,13.332,4.657,-15.505,8.629,4.703,Fairway,airborne,-0.002,0
876,3.6491,-31.134,13.267,4.636,-15.531,8.627,4.640,Fairway,airborne,-0.002,0
877,3.6533,-31.187,13.203,4.615,-15.558,8.626,4.577,Fairway,airborne,-0.002,0
878,3.6574,-31.241,13.138,4.594,-15.585,8.624,4.514,Fairway,airborne,-0.002,0
879,3.6616,-31.294,13.073,4.573,-15.611,8.622,4.451,Fairway,airborne,-0.002,0
880,3.6658,-31.347,13.008,4.552,-15.638,8.620,4.387,Fairway,airborne,-0.002,0
881,3.6699,-31.401,12.943,4.531,-15.664,8.619,4.324,Fairway,airborne,-0.002,0
882,3.6741,-31.454,12.877,4.510,-15.691,8.617,4.260,Fairway,airborne,-0.002,0
883,3.6783,-31.507,12.812,4.489,-15.717,8.616,4.196,Fairway,airborne,-0.002,0
884,3.6824,-31.560,12.746,4.469,-15.743,8.614,4.133,Fairway,airborne,-0.002,0
885,3.6866,-31.614,12.681,4.448,-15.770,8.612,4.069,Fairway,airborne,-0.002,0
886,3.6908,-31.667,12.615,4.427,-15.796,8.610,4.005,Fairway,airborne,-0.002,0
887,3.6949,-31.720,12.549,4.406,-15.822,8.608,3.941,Fairway,airborne,-0.002,0
888,3.6991,-31.773,12.483,4.385,-15.848,8.607,3.876,Fairway,airborne,-0.002,0
889,3.7033,-31.826,12.417,4.365,-15.874,8.605,3.812,Fairway,airborne,-0.002,0
890,3.7074,-31.879,12.351,4.344,-15.900,8.603,3.748,Fairway,airborne,-0.002,0
891,3.7116,-31.931,12.285,4.323,-15.926,8.601,3.683,Fairway,airborne,-0.002,0
892,3.7158,-31.984,12.218,4.303,-15.952,8.600,3.619,Fairway,airborne,-0.002,0
893,3.7199,-32.037,12.152,4.282,-15.978,8.598,3.554,Fairway,airborne,-0.002,0
894,3.7241,-32.090,12.085,4.261,-16.004,8.596,3.489,Fairway,airborne,-0.002,0
895,3.7283,-32.142,12.018,4.241,-16.030,8.594,3.424,Fairway,airborne,-0.002,0
896,3.7324,-32.195,11.952,4.220,-16.056,8.592,3.359,Fairway,airborne,-0.002,0
897,3.7366,-32.248,11.885,4.200,-16.082,8.591,3.294,Fairway,airborne,-0.001,0
898,3.7408,-32.300,11.818,4.179,-16.108,8.590,3.228,Fairway,airborne,-0.001,0
899,3.7449,-32.352,11.751,4.159,-16.133,8.588,3.162,Fairway,airborne,-0.001,0
900,3.7491,-32.405,11.683,4.138,-16.159,8.662,3.022,Fairway,airborne,0.073,0
901,3.7533,-32.457,11.616,4.118,-16.185,8.735,2.881,Fairway,airborne,0.073,0
902,3.7574,-32.510,11.548,4.097,-16.210,8.808,2.740,Fairway,airborne,0.073,0
903,3.7616,-32.562,11.481,4.077,-16.236,8.888,2.593,Fairway,airborne,0.079,0
904,3.7657,-32.614,11.413,4.056,-16.261,8.960,2.453,Fairway,airborne,0.072,0
905,3.7699,-32.666,11.345,4.036,-16.287,8.978,2.368,Fairway,airborne,0.018,0
906,3.7741,-32.718,11.277,4.015,-16.312,8.976,2.302,Fairway,airborne,-0.002,0
907,3.7782,-32.770,11.209,3.995,-16.338,8.974,2.235,Fairway,airborne,-0.002,0
908,3.7824,-32.822,11.141,3.975,-16.363,8.973,2.169,Fairway,airborne,-0.002,0
909,3.7866,-32.874,11.073,3.954,-16.388,8.971,2.102,Fairway,airborne,-0.001,0
910,3.7907,-32.926,11.005,3.934,-16.414,8.970,2.035,Fairway,airborne,-0.002,0
911,3.7949,-32.978,10.936,3.914,-16.439,8.968,1.969,Fairway,airborne,-0.002,0
912,3.7991,-33.030,10.868,3.893,-16.464,8.966,1.902,Fairway,airborne,-0.002,0
913,3.8032,-33.082,10.799,3.873,-16.489,8.965,1.835,Fairway,airborne,-0.002,0
914,3.8074,-33.133,10.731,3.853,-16.514,8.963,1.768,Fairway,airborne,-0.002,0
915,3.8116,-33.185,10.662,3.833,-16.539,8.962,1.700,Fairway,airborne,-0.001,0
916,3.8157,-33.237,10.593,3.813,-16.564,8.960,1.633,Fairway,airborne,-0.002,0
917,3.8199,-33.288,10.524,3.792,-16.589,8.958,1.566,Fairway,airborne,-0.002,0
918,3.8241,-33.340,10.455,3.772,-16.614,8.956,1.498,Fairway,airborne,-0.002,0
919,3.8282,-33.391,10.385,3.752,-16.639,8.955,1.430,Fairway,airborne,-0.001,0
920,3.8324,-33.443,10.316,3.732,-16.664,8.953,1.363,Fairway,airborne,-0.002,0
921,3.8366,-33.494,10.246,3.712,-16.689,8.952,1.295,Fairway,airborne,-0.002,0
922,3.8407,-33.545,10.177,3.692,-16.714,8.950,1.227,Fairway,airborne,-0.002,0
923,3.8449,-33.597,10.107,3.672,-16.738,8.948,1.159,Fairway,airborne,-0.002,0
924,3.8491,-33.648,10.037,3.652,-16.763,8.946,1.091,Fairway,airborne,-0.002,0
925,3.8532,-33.699,9.968,3.632,-16.788,8.944,1.023,Fairway,airborne,-0.002,0
926,3.8574,-33.750,9.898,3.612,-16.812,8.943,0.955,Fairway,airborne,-0.002,0
927,3.8616,-33.801,9.828,3.592,-16.837,8.941,0.887,Fairway,airborne,-0.002,0
928,3.8657,-33.852,9.757,3.572,-16.861,8.939,0.818,Fairway,airborne,-0.002,0
929,3.8699,-33.903,9.687,3.552,-16.886,8.938,0.749,Fairway,airborne,-0.001,0
930,3.8741,-33.954,9.617,3.532,-16.910,8.937,0.680,Fairway,airborne,-0.001,0
931,3.8782,-34.005,9.546,3.512,-16.935,8.935,0.611,Fairway,airborne,-0.001,0
932,3.8824,-34.056,9.476,3.492,-16.959,8.934,0.542,Fairway,airborne,-0.001,0
933,3.8866,-34.107,9.405,3.472,-16.983,8.932,0.473,Fairway,airborne,-0.002,0
934,3.8907,-34.157,9.334,3.452,-17.008,8.931,0.404,Fairway,airborne,-0.002,0
935,3.8949,-34.208,9.263,3.432,-17.032,8.929,0.334,Fairway,airborne,-0.002,0
936,3.8990,-34.259,9.192,3.413,-17.056,8.927,0.265,Fairway,airborne,-0.002,0
937,3.9032,-34.309,9.121,3.393,-17.080,8.926,0.195,Fairway,airborne,-0.002,0
938,3.9074,-34.360,9.050,3.373,-17.104,8.924,0.126,Fairway,airborne,-0.002,0
939,3.9115,-34.410,8.979,3.353,-17.129,8.923,0.056,Fairway,airborne,-0.001,0
940,3.9149,-34.451,8.921,3.337,-17.148,8.921,0.000,Fairway,roll,-0.001,0
941,3.9191,-34.474,8.957,3.328,8.529,8.921,0.036,Fairway,roll,-0.001,0
942,3.9232,-34.496,8.992,3.320,8.484,8.920,0.072,Fairway,roll,-0.001,0
943,3.9274,-34.519,9.027,3.311,8.438,8.919,0.108,Fairway,roll,-0.001,0
944,3.9316,-34.542,9.062,3.302,8.393,8.918,0.144,Fairway,roll,-0.001,0
945,3.9357,-34.564,9.097,3.293,8.348,8.917,0.180,Fairway,roll,-0.001,0
946,3.9399,-34.587,9.132,3.284,8.303,8.916,0.215,Fairway,roll,-0.001,0
947,3.9441,-34.610,9.166,3.275,8.258,8.916,0.251,Fairway,roll,-0.001,0
948,3.9482,-34.632,9.201,3.266,8.213,8.915,0.286,Fairway,roll,-0.001,0
949,3.9524,-34.655,9.235,3.258,8.168,8.914,0.321,Fairway,roll,-0.001,0
950,3.9566,-34.677,9.269,3.249,8.124,8.913,0.355,Fairway,roll,-0.001,0
951,3.9607,-34.700,9.302,3.240,8.079,8.913,0.390,Fairway,roll,-0.001,0
952,3.9649,-34.723,9.336,3.231,8.034,8.912,0.424,Fairway,roll,-0.001,0
953,3.9691,-34.745,9.369,3.222,7.990,8.911,0.458,Fairway,roll,-0.001,0
954,3.9732,-34.768,9.402,3.213,7.945,8.911,0.492,Fairway,roll,-0.001,0
955,3.9774,-34.790,9.435,3.205,7.900,8.910,0.525,Fairway,roll,-0.001,0
956,3.9816,-34.813,9.468,3.196,7.856,8.909,0.559,Fairway,roll,-0.001,0
957,3.9857,-34.835,9.501,3.187,7.811,8.909,0.592,Fairway,roll,-0.001,0
958,3.9899,-34.858,9.533,3.178,7.767,8.908,0.625,Fairway,roll,-0.001,0
959,3.9940,-34.880,9.566,3.169,7.723,8.907,0.658,Fairway,roll,-0.001,0
960,3.9982,-34.903,9.598,3.161,7.678,8.907,0.691,Fairway,roll,-0.001,0
961,4.0024,-34.925,9.630,3.152,7.634,8.906,0.723,Fairway,roll,-0.001,0
962,4.0065,-34.948,9.661,3.143,7.590,8.906,0.756,Fairway,roll,-0.001,0
963,4.0107,-34.970,9.693,3.134,7.546,8.905,0.788,Fairway,roll,-0.001,0
964,4.0149,-34.992,9.724,3.125,7.502,8.904,0.820,Fairway,roll,-0.001,0
965,4.0190,-35.015,9.755,3.117,7.457,8.903,0.852,Fairway,roll,-0.001,0
966,4.0232,-35.037,9.786,3.108,7.413,8.903,0.883,Fairway,roll,-0.001,0
967,4.0274,-35.060,9.817,3.099,7.369,8.902,0.915,Fairway,roll,-0.001,0
968,4.0315,-35.082,9.848,3.090,7.325,8.901,0.946,Fairway,roll,-0.001,0
969,4.0357,-35.104,9.878,3.082,7.282,8.901,0.977,Fairway,roll,-0.001,0
970,4.0399,-35.127,9.908,3.073,7.238,8.900,1.009,Fairway,roll,-0.001,0
971,4.0440,-35.149,9.938,3.064,7.194,8.899,1.039,Fairway,roll,-0.001,0
972,4.0482,-35.172,9.968,3.055,7.150,8.898,1.070,Fairway,roll,-0.001,0
973,4.0524,-35.194,9.998,3.047,7.106,8.898,1.100,Fairway,roll,0.000,0
974,4.0565,-35.216,10.027,3.038,7.063,8.897,1.130,Fairway,roll,-0.001,0
975,4.0607,-35.239,10.057,3.029,7.019,8.897,1.160,Fairway,roll,-0.001,0
976,4.0649,-35.261,10.086,3.020,6.975,8.896,1.190,Fairway,roll,-0.001,0
977,4.0690,-35.283,10.115,3.012,6.932,8.895,1.220,Fairway,roll,-0.001,0
978,4.0732,-35.305,10.143,3.003,6.888,8.894,1.249,Fairway,roll,-0.001,0
979,4.0774,-35.328,10.172,2.994,6.845,8.894,1.278,Fairway,roll,-0.001,0
980,4.0815,-35.350,10.200,2.986,6.801,8.893,1.307,Fairway,roll,-0.001,0
981,4.0857,-35.372,10.229,2.977,6.758,8.892,1.337,Fairway,roll,-0.001,0
982,4.0899,-35.395,10.257,2.968,6.714,8.891,1.365,Fairway,roll,-0.001,0
983,4.0940,-35.417,10.285,2.959,6.671,8.891,1.394,Fairway,roll,-0.001,0
984,4.0982,-35.439,10.312,2.951,6.628,8.890,1.422,Fairway,roll,-0.001,0
985,4.1024,-35.461,10.340,2.942,6.584,8.889,1.451,Fairway,roll,-0.001,0
986,4.1065,-35.484,10.367,2.933,6.541,8.888,1.479,Fairway,roll,-0.001,0
987,4.1107,-35.506,10.394,2.925,6.498,8.888,1.507,Fairway,roll,-0.001,0
988,4.1149,-35.528,10.421,2.916,6.455,8.887,1.534,Fairway,roll,-0.001,0
989,4.1190,-35.550,10.448,2.907,6.412,8.887,1.562,Fairway,roll,-0.001,0
990,4.1232,-35.572,10.475,2.898,6.368,8.886,1.589,Fairway,roll,-0.001,0
991,4.1274,-35.595,10.501,2.890,6.325,8.885,1.616,Fairway,roll,-0.001,0
992,4.1315,-35.617,10.527,2.881,6.282,8.885,1.643,Fairway,roll,-0.001,0
993,4.1357,-35.639,10.553,2.872,6.239,8.884,1.670,Fairway,roll,-0.001,0
994,4.1398,-35.661,10.579,2.864,6.196,8.883,1.696,Fairway,roll,-0.001,0
995,4.1440,-35.683,10.605,2.855,6.153,8.882,1.723,Fairway,roll,-0.001,0
996,4.1482,-35.706,10.631,2.846,6.110,8.882,1.749,Fairway,roll,-0.001,0
997,4.1523,-35.728,10.656,2.838,6.067,8.881,1.775,Fairway,roll,-0.001,0
998,4.1565,-35.750,10.681,2.829,6.025,8.880,1.801,Fairway,roll,-0.001,0
999,4.1607,-35.772,10.706,2.820,5.982,8.879,1.827,Fairway,roll,-0.001,0
1000,4.1648,-35.794,10.731,2.812,5.939,8.879,1.852,Fairway,roll,-0.001,0
1001,4.1690,-35.816,10.756,2.803,5.896,8.878,1.877,Fairway,roll,-0.001,0
1002,4.1732,-35.838,10.780,2.794,5.853,8.878,1.903,Fairway,roll,-0.001,0
1003,4.1773,-35.860,10.804,2.786,5.811,8.877,1.927,Fairway,roll,-0.001,0
1004,4.1815,-35.883,10.828,2.777,5.768,8.876,1.952,Fairway,roll,-0.001,0
1005,4.1857,-35.905,10.852,2.768,5.725,8.876,1.977,Fairway,roll,-0.001,0
1006,4.1898,-35.927,10.876,2.760,5.683,8.875,2.001,Fairway,roll,-0.001,0
1007,4.1940,-35.949,10.900,2.751,5.640,8.875,2.025,Fairway,roll,0.000,0
1008,4.1982,-35.971,10.923,2.743,5.596,8.874,2.049,Fairway,roll,-0.001,0
1009,4.2023,-35.993,10.946,2.734,5.552,8.873,2.073,Fairway,roll,-0.001,0
1010,4.2065,-36.015,10.969,2.725,5.507,8.873,2.097,Fairway,roll,-0.001,0
1011,4.2107,-36.037,10.992,2.717,5.463,8.872,2.120,Fairway,roll,-0.001,0
1012,4.2148,-36.059,11.015,2.708,5.419,8.871,2.143,Fairway,roll,-0.001,0
1013,4.2190,-36.081,11.037,2.699,5.375,8.871,2.166,Fairway,roll,-0.001,0
1014,4.2232,-36.103,11.060,2.691,5.331,8.870,2.190,Fairway,roll,-0.001,0
1015,4.2273,-36.125,11.082,2.682,5.287,8.869,2.212,Fairway,roll,-0.001,0
1016,4.2315,-36.147,11.104,2.674,5.243,8.869,2.235,Fairway,roll,-0.001,0
1017,4.2357,-36.169,11.125,2.665,5.199,8.868,2.258,Fairway,roll,-0.001,0
1018,4.2398,-36.191,11.147,2.656,5.155,8.867,2.280,Fairway,roll,-0.001,0
1019,4.2440,-36.213,11.168,2.648,5.111,8.866,2.302,Fairway,roll,-0.001,0
1020,4.2482,-36.235,11.190,2.639,5.068,8.866,2.324,Fairway,roll,-0.001,0
1021,4.2523,-36.257,11.211,2.631,5.024,8.865,2.345,Fairway,roll,-0.001,0
1022,4.2565,-36.278,11.231,2.622,4.980,8.864,2.367,Fairway,roll,-0.001,0
1023,4.2607,-36.300,11.252,2.614,4.937,8.864,2.388,Fairway,roll,-0.001,0
1024,4.2648,-36.322,11.272,2.605,4.893,8.863,2.409,Fairway,roll,-0.001,0
1025,4.2690,-36.344,11.293,2.597,4.849,8.862,2.430,Fairway,roll,-0.001,0
1026,4.2731,-36.366,11.313,2.588,4.806,8.862,2.451,Fairway,roll,-0.001,0
1027,4.2773,-36.388,11.333,2.579,4.763,8.861,2.472,Fairway,roll,-0.001,0
1028,4.2815,-36.410,11.353,2.571,4.719,8.860,2.492,Fairway,roll,-0.001,0
1029,4.2856,-36.431,11.372,2.562,4.676,8.860,2.512,Fairway,roll,-0.001,0
1030,4.2898,-36.453,11.391,2.554,4.633,8.859,2.533,Fairway,roll,-0.001,0
1031,4.2940,-36.475,11.411,2.545,4.589,8.858,2.553,Fairway,roll,-0.001,0
1032,4.2981,-36.497,11.430,2.537,4.546,8.857,2.572,Fairway,roll,-0.001,0
1033,4.3023,-36.518,11.449,2.528,4.503,8.857,2.592,Fairway,roll,-0.001,0
1034,4.3065,-36.540,11.467,2.520,4.460,8.856,2.611,Fairway,roll,-0.001,0
1035,4.3106,-36.562,11.486,2.511,4.417,8.855,2.630,Fairway,roll,-0.001,0
1036,4.3148,-36.584,11.504,2.503,4.374,8.855,2.649,Fairway,roll,-0.001,0
1037,4.3190,-36.605,11.522,2.494,4.331,8.854,2.668,Fairway,roll,-0.001,0
1038,4.3231,-36.627,11.540,2.486,4.288,8.854,2.686,Fairway,roll,0.000,0
1039,4.3273,-36.649,11.558,2.477,4.245,8.853,2.705,Fairway,roll,-0.001,0
1040,4.3315,-36.670,11.575,2.469,4.202,8.853,2.723,Fairway,roll,0.000,0
1041,4.3356,-36.692,11.593,2.460,4.159,8.852,2.741,Fairway,roll,-0.001,0
1042,4.3398,-36.714,11.610,2.452,4.116,8.851,2.759,Fairway,roll,0.000,0
1043,4.3440,-36.735,11.627,2.443,4.073,8.851,2.776,Fairway,roll,-0.001,0
1044,4.3481,-36.757,11.644,2.435,4.031,8.850,2.794,Fairway,roll,-0.001,0
1045,4.3523,-36.779,11.661,2.426,3.988,8.850,2.811,Fairway,roll,-0.001,0
1046,4.3565,-36.800,11.677,2.418,3.945,8.849,2.828,Fairway,roll,-0.001,0
1047,4.3606,-36.822,11.693,2.410,3.903,8.848,2.845,Fairway,roll,-0.001,0
1048,4.3648,-36.844,11.710,2.401,3.860,8.848,2.862,Fairway,roll,-0.001,0
1049,4.3690,-36.865,11.726,2.393,3.818,8.847,2.879,Fairway,roll,-0.001,0
1050,4.3731,-36.887,11.741,2.384,3.775,8.846,2.895,Fairway,roll,-0.001,0
1051,4.3773,-36.908,11.757,2.376,3.732,8.846,2.911,Fairway,roll,-0.001,0
1052,4.3815,-36.930,11.772,2.367,3.690,8.845,2.928,Fairway,roll,-0.001,0
1053,4.3856,-36.951,11.788,2.359,3.648,8.844,2.944,Fairway,roll,-0.001,0
1054,4.3898,-36.973,11.803,2.350,3.605,8.843,2.960,Fairway,roll,-0.001,0
1055,4.3940,-36.994,11.818,2.342,3.563,8.843,2.975,Fairway,roll,-0.001,0
1056,4.3981,-37.016,11.833,2.334,3.520,8.842,2.991,Fairway,roll,-0.001,0
1057,4.4023,-37.038,11.847,2.325,3.478,8.841,3.006,Fairway,roll,-0.001,0
1058,4.4064,-37.059,11.861,2.317,3.436,8.841,3.021,Fairway,roll,-0.001,0
1059,4.4106,-37.081,11.876,2.308,3.393,8.840,3.036,Fairway,roll,-0.001,0
1060,4.4148,-37.102,11.890,2.300,3.351,8.840,3.050,Fairway,roll,-0.001,0
1061,4.4189,-37.123,11.904,2.291,3.309,8.839,3.065,Fairway,roll,-0.001,0
1062,4.4231,-37.145,11.917,2.283,3.267,8.838,3.079,Fairway,roll,-0.001,0
1063,4.4273,-37.166,11.931,2.275,3.225,8.837,3.093,Fairway,roll,-0.001,0
1064,4.4314,-37.188,11.944,2.266,3.182,8.837,3.107,Fairway,roll,-0.001,0
1065,4.4356,-37.209,11.957,2.258,3.140,8.836,3.121,Fairway,roll,-0.001,0
1066,4.4398,-37.231,11.970,2.249,3.098,8.835,3.135,Fairway,roll,-0.001,0
1067,4.4439,-37.252,11.983,2.241,3.056,8.834,3.149,Fairway,roll,-0.001,0
1068,4.4481,-37.274,11.996,2.233,3.014,8.834,3.162,Fairway,roll,-0.001,0
1069,4.4523,-37.295,12.008,2.224,2.972,8.833,3.175,Fairway,roll,-0.001,0
1070,4.4564,-37.316,12.020,2.216,2.930,8.832,3.188,Fairway,roll,-0.001,0
1071,4.4606,-37.338,12.033,2.208,2.888,8.832,3.201,Fairway,roll,-0.001,0
1072,4.4648,-37.359,12.045,2.199,2.846,8.831,3.213,Fairway,roll,-0.001,0
1073,4.4689,-37.381,12.056,2.191,2.804,8.831,3.226,Fairway,roll,-0.001,0
1074,4.4731,-37.402,12.068,2.182,2.762,8.830,3.238,Fairway,roll,-0.001,0
1075,4.4773,-37.423,12.079,2.174,2.721,8.829,3.250,Fairway,roll,-0.001,0
1076,4.4814,-37.445,12.091,2.166,2.679,8.829,3.262,Fairway,roll,-0.001,0
1077,4.4856,-37.466,12.102,2.157,2.637,8.828,3.274,Fairway,roll,-0.001,0
1078,4.4898,-37.487,12.113,2.149,2.595,8.827,3.285,Fairway,roll,-0.001,0
1079,4.4939,-37.509,12.123,2.141,2.553,8.826,3.297,Fairway,roll,-0.001,0
1080,4.4981,-37.530,12.134,2.132,2.512,8.826,3.308,Fairway,roll,-0.001,0
1081,4.5023,-37.551,12.144,2.124,2.470,8.825,3.319,Fairway,roll,-0.001,0
1082,4.5064,-37.573,12.154,2.116,2.428,8.824,3.330,Fairway,roll,-0.001,0
1083,4.5106,-37.594,12.164,2.107,2.386,8.824,3.341,Fairway,roll,-0.001,0
1084,4.5148,-37.615,12.174,2.099,2.345,8.823,3.351,Fairway,roll,-0.001,0
1085,4.5189,-37.637,12.184,2.091,2.303,8.822,3.361,Fairway,roll,-0.001,0
1086,4.5231,-37.658,12.193,2.082,2.261,8.822,3.372,Fairway,roll,-0.001,0
1087,4.5273,-37.679,12.203,2.074,2.220,8.821,3.381,Fairway,roll,-0.001,0
1088,4.5314,-37.700,12.212,2.066,2.178,8.821,3.391,Fairway,roll,-0.001,0
1089,4.5356,-37.722,12.221,2.057,2.137,8.820,3.401,Fairway,roll,-0.001,0
1090,4.5397,-37.743,12.230,2.049,2.095,8.820,3.410,Fairway,roll,-0.001,0
1091,4.5439,-37.764,12.238,2.041,2.054,8.819,3.419,Fairway,roll,-0.001,0
1092,4.5481,-37.785,12.247,2.032,2.012,8.818,3.428,Fairway,roll,-0.001,0
1093,4.5522,-37.807,12.255,2.024,1.970,8.818,3.437,Fairway,roll,-0.001,0
1094,4.5564,-37.828,12.263,2.016,1.929,8.817,3.446,Fairway,roll,-0.001,0
1095,4.5606,-37.849,12.271,2.007,1.887,8.816,3.455,Fairway,roll,-0.001,0
1096,4.5647,-37.870,12.279,1.999,1.846,8.816,3.463,Fairway,roll,-0.001,0
1097,4.5689,-37.891,12.286,1.991,1.805,8.815,3.471,Fairway,roll,-0.001,0
1098,4.5731,-37.913,12.294,1.983,1.763,8.814,3.479,Fairway,roll,-0.001,0
1099,4.5772,-37.934,12.301,1.974,1.722,8.814,3.487,Fairway,roll,-0.001,0
1100,4.5814,-37.955,12.308,1.966,1.680,8.813,3.495,Fairway,roll,-0.001,0
1101,4.5856,-37.976,12.315,1.958,1.639,8.812,3.503,Fairway,roll,-0.001,0
1102,4.5897,-37.997,12.322,1.949,1.598,8.812,3.510,Fairway,roll,-0.001,0
1103,4.5939,-38.019,12.328,1.941,1.556,8.811,3.517,Fairway,roll,-0.001,0
1104,4.5981,-38.040,12.335,1.933,1.515,8.810,3.525,Fairway,roll,-0.001,0
1105,4.6022,-38.061,12.341,1.925,1.474,8.810,3.531,Fairway,roll,-0.001,0
1106,4.6064,-38.082,12.347,1.916,1.432,8.809,3.538,Fairway,roll,-0.001,0
1107,4.6106,-38.103,12.353,1.908,1.391,8.808,3.544,Fairway,roll,-0.001,0
1108,4.6147,-38.124,12.359,1.900,1.350,8.808,3.551,Fairway,roll,-0.001,0
1109,4.6189,-38.145,12.364,1.891,1.308,8.807,3.557,Fairway,roll,-0.001,0
1110,4.6231,-38.167,12.369,1.883,1.267,8.807,3.563,Fairway,roll,-0.001,0
1111,4.6272,-38.188,12.375,1.875,1.226,8.806,3.569,Fairway,roll,-0.001,0
1112,4.6314,-38.209,12.380,1.867,1.185,8.805,3.574,Fairway,roll,-0.001,0
1113,4.6356,-38.230,12.385,1.858,1.144,8.804,3.580,Fairway,roll,-0.001,0
1114,4.6397,-38.251,12.389,1.850,1.102,8.804,3.585,Fairway,roll,-0.001,0
1115,4.6439,-38.272,12.394,1.842,1.061,8.803,3.590,Fairway,roll,-0.001,0
1116,4.6481,-38.293,12.398,1.834,1.020,8.802,3.596,Fairway,roll,-0.001,0
1117,4.6522,-38.314,12.402,1.825,0.979,8.802,3.600,Fairway,roll,-0.001,0
1118,4.6564,-38.335,12.406,1.817,0.938,8.801,3.605,Fairway,roll,-0.001,0
1119,4.6606,-38.356,12.410,1.809,0.897,8.800,3.610,Fairway,roll,-0.001,0
1120,4.6647,-38.377,12.414,1.801,0.856,8.800,3.614,Fairway,roll,-0.001,0
1121,4.6689,-38.398,12.417,1.792,0.814,8.799,3.618,Fairway,roll,-0.001,0
1122,4.6731,-38.419,12.420,1.784,0.773,8.799,3.622,Fairway,roll,-0.001,0
1123,4.6772,-38.440,12.423,1.776,0.732,8.798,3.626,Fairway,roll,-0.001,0
1124,4.6814,-38.461,12.426,1.768,0.691,8.797,3.629,Fairway,roll,-0.001,0
1125,4.6855,-38.482,12.429,1.760,0.650,8.797,3.632,Fairway,roll,0.000,0
1126,4.6897,-38.503,12.432,1.751,0.609,8.796,3.636,Fairway,roll,-0.001,0
1127,4.6939,-38.524,12.434,1.743,0.568,8.796,3.638,Fairway,roll,0.000,0
1128,4.6980,-38.545,12.437,1.735,0.527,8.795,3.641,Fairway,roll,-0.001,0
1129,4.7022,-38.566,12.439,1.727,0.486,8.795,3.644,Fairway,roll,-0.001,0
1130,4.7064,-38.587,12.441,1.718,0.445,8.794,3.647,Fairway,roll,-0.001,0
1131,4.7105,-38.608,12.442,1.710,0.404,8.793,3.649,Fairway,roll,-0.001,0
1132,4.7147,-38.629,12.444,1.702,0.363,8.793,3.651,Fairway,roll,-0.001,0
1133,4.7189,-38.650,12.445,1.694,0.322,8.792,3.654,Fairway,roll,-0.001,0
1134,4.7230,-38.671,12.447,1.686,0.281,8.791,3.655,Fairway,roll,-0.001,0
1135,4.7272,-38.692,12.448,1.677,0.240,8.791,3.657,Fairway,roll,-0.001,0
1136,4.7314,-38.713,12.449,1.669,0.200,8.790,3.659,Fairway,roll,-0.001,0
1137,4.7355,-38.734,12.449,1.661,0.159,8.789,3.660,Fairway,roll,-0.001,0
1138,4.7397,-38.755,12.450,1.653,0.118,8.789,3.661,Fairway,roll,-0.001,0
1139,4.7439,-38.776,12.450,1.645,0.077,8.788,3.663,Fairway,roll,-0.001,0
1140,4.7480,-38.797,12.451,1.636,0.036,8.787,3.663,Fairway,roll,-0.001,0
1141,4.7522,-38.818,12.451,1.628,-0.005,8.786,3.664,Fairway,roll,-0.001,0
1142,4.7564,-38.839,12.451,1.620,-0.046,8.786,3.665,Fairway,roll,-0.001,0
1143,4.7605,-38.860,12.450,1.612,-0.086,8.785,3.665,Fairway,roll,0.000,0
1144,4.7647,-38.881,12.450,1.604,-0.127,8.785,3.665,Fairway,roll,-0.001,0
1145,4.7689,-38.902,12.449,1.595,-0.168,8.784,3.665,Fairway,roll,0.000,0
1146,4.7730,-38.923,12.448,1.587,-0.209,8.784,3.665,Fairway,roll,0.000,0
1147,4.7772,-38.943,12.447,1.579,-0.250,8.783,3.664,Fairway,roll,-0.001,0
1148,4.7814,-38.964,12.446,1.571,-0.290,8.783,3.664,Fairway,roll,0.000,0
1149,4.7855,-38.985,12.445,1.563,-0.331,8.782,3.663,Fairway,roll,-0.001,0
1150,4.7897,-39.006,12.444,1.555,-0.372,8.782,3.662,Fairway,roll,0.000,0
1151,4.7939,-39.027,12.442,1.546,-0.413,8.781,3.661,Fairway,roll,-0.001,0
1152,4.7980,-39.048,12.440,1.538,-0.453,8.780,3.660,Fairway,roll,-0.001,0
1153,4.8022,-39.069,12.438,1.530,-0.494,8.780,3.658,Fairway,roll,-0.001,0
1154,4.8064,-39.089,12.436,1.522,-0.535,8.779,3.657,Fairway,roll,-0.001,0
1155,4.8105,-39.110,12.434,1.514,-0.576,8.778,3.655,Fairway,roll,-0.001,0
1156,4.8147,-39.131,12.431,1.506,-0.616,8.778,3.654,Fairway,roll,-0.001,0
1157,4.8188,-39.152,12.429,1.497,-0.657,8.777,3.652,Fairway,roll,-0.001,0
1158,4.8230,-39.173,12.426,1.489,-0.697,8.776,3.650,Fairway,roll,-0.001,0
1159,4.8272,-39.194,12.423,1.481,-0.738,8.776,3.647,Fairway,roll,-0.001,0
1160,4.8313,-39.214,12.420,1.473,-0.779,8.775,3.645,Fairway,roll,-0.001,0
1161,4.8355,-39.235,12.416,1.465,-0.819,8.774,3.642,Fairway,roll,-0.001,0
1162,4.8397,-39.256,12.413,1.457,-0.860,8.774,3.639,Fairway,roll,-0.001,0
1163,4.8438,-39.277,12.409,1.449,-0.901,8.773,3.636,Fairway,roll,-0.001,0
1164,4.8480,-39.298,12.405,1.440,-0.941,8.772,3.633,Fairway,roll,-0.001,0
1165,4.8522,-39.318,12.401,1.432,-0.982,8.772,3.630,Fairway,roll,-0.001,0
1166,4.8563,-39.339,12.397,1.424,-1.022,8.771,3.626,Fairway,roll,-0.001,0
1167,4.8605,-39.360,12.393,1.416,-1.063,8.771,3.622,Fairway,roll,-0.001,0
1168,4.8647,-39.381,12.388,1.408,-1.103,8.770,3.618,Fairway,roll,-0.001,0
1169,4.8688,-39.401,12.384,1.400,-1.144,8.770,3.614,Fairway,roll,-0.001,0
1170,4.8730,-39.422,12.379,1.392,-1.184,8.769,3.610,Fairway,roll,-0.001,0
1171,4.8772,-39.443,12.374,1.384,-1.225,8.768,3.605,Fairway,roll,-0.001,0
1172,4.8813,-39.464,12.369,1.375,-1.265,8.768,3.601,Fairway,roll,-0.001,0
1173,4.8855,-39.484,12.363,1.367,-1.306,8.767,3.596,Fairway,roll,-0.001,0
1174,4.8897,-39.505,12.358,1.359,-1.346,8.767,3.591,Fairway,roll,-0.001,0
1175,4.8938,-39.526,12.352,1.351,-1.387,8.766,3.586,Fairway,roll,-0.001,0
1176,4.8980,-39.547,12.346,1.343,-1.427,8.765,3.581,Fairway,roll,-0.001,0
1177,4.9022,-39.567,12.340,1.335,-1.468,8.764,3.576,Fairway,roll,-0.001,0
1178,4.9063,-39.588,12.334,1.327,-1.508,8.764,3.570,Fairway,roll,-0.001,0
1179,4.9105,-39.609,12.328,1.319,-1.548,8.763,3.565,Fairway,roll,-0.001,0
1180,4.9147,-39.629,12.321,1.311,-1.589,8.762,3.559,Fairway,roll,-0.001,0
1181,4.9188,-39.650,12.314,1.302,-1.629,8.762,3.553,Fairway,roll,-0.001,0
1182,4.9230,-39.671,12.308,1.294,-1.669,8.761,3.547,Fairway,roll,-0.001,0
1183,4.9272,-39.691,12.300,1.286,-1.710,8.760,3.540,Fairway,roll,-0.001,0
1184,4.9313,-39.712,12.293,1.278,-1.750,8.760,3.533,Fairway,roll,-0.001,0
1185,4.9355,-39.733,12.286,1.270,-1.790,8.759,3.527,Fairway,roll,-0.001,0
1186,4.9397,-39.753,12.278,1.262,-1.831,8.759,3.520,Fairway,roll,-0.001,0
1187,4.9438,-39.774,12.271,1.254,-1.871,8.758,3.513,Fairway,roll,-0.001,0
1188,4.9480,-39.795,12.263,1.246,-1.911,8.757,3.505,Fairway,roll,-0.001,0
1189,4.9521,-39.815,12.255,1.238,-1.951,8.757,3.498,Fairway,roll,-0.001,0
1190,4.9563,-39.836,12.247,1.230,-1.992,8.756,3.490,Fairway,roll,-0.001,0
1191,4.9605,-39.856,12.238,1.222,-2.032,8.755,3.483,Fairway,roll,-0.001,0
1192,4.9646,-39.877,12.230,1.214,-2.072,8.755,3.475,Fairway,roll,-0.001,0
1193,4.9688,-39.898,12.221,1.205,-2.112,8.754,3.467,Fairway,roll,-0.001,0
1194,4.9730,-39.918,12.212,1.197,-2.152,8.753,3.459,Fairway,roll,-0.001,0
1195,4.9771,-39.939,12.203,1.189,-2.192,8.753,3.450,Fairway,roll,-0.001,0
1196,4.9813,-39.959,12.194,1.181,-2.233,8.752,3.442,Fairway,roll,-0.001,0
1197,4.9855,-39.980,12.184,1.173,-2.273,8.751,3.433,Fairway,roll,-0.001,0
1198,4.9896,-40.001,12.175,1.165,-2.313,8.751,3.424,Fairway,roll,-0.001,0
1199,4.9938,-40.021,12.165,1.157,-2.353,8.750,3.415,Fairway,roll,-0.001,0
1200,4.9980,-40.042,12.155,1.149,-2.393,8.749,3.406,Fairway,roll,-0.001,0
1201,5.0021,-40.062,12.145,1.141,-2.433,8.749,3.396,Fairway,roll,-0.001,0
1202,5.0063,-40.083,12.135,1.133,-2.473,8.748,3.387,Fairway,roll,-0.001,0
1203,5.0105,-40.103,12.125,1.125,-2.513,8.748,3.377,Fairway,roll,-0.001,0
1204,5.0146,-40.124,12.114,1.117,-2.553,8.747,3.367,Fairway,roll,-0.001,0
1205,5.0188,-40.144,12.103,1.109,-2.593,8.747,3.357,Fairway,roll,-0.001,0
1206,5.0230,-40.165,12.092,1.101,-2.633,8.746,3.347,Fairway,roll,-0.001,0
1207,5.0271,-40.185,12.081,1.093,-2.673,8.745,3.336,Fairway,roll,-0.001,0
1208,5.0313,-40.206,12.070,1.085,-2.713,8.745,3.326,Fairway,roll,-0.001,0
1209,5.0355,-40.226,12.059,1.077,-2.753,8.744,3.315,Fairway,roll,-0.001,0
1210,5.0396,-40.247,12.047,1.069,-2.792,8.743,3.304,Fairway,roll,-0.001,0
1211,5.0438,-40.267,12.036,1.061,-2.832,8.743,3.293,Fairway,roll,-0.001,0
1212,5.0480,-40.288,12.024,1.053,-2.872,8.742,3.282,Fairway,roll,-0.001,0
1213,5.0521,-40.308,12.012,1.045,-2.912,8.742,3.270,Fairway,roll,0.000,0
1214,5.0563,-40.329,11.999,1.037,-2.952,8.741,3.258,Fairway,roll,0.000,0
1215,5.0605,-40.349,11.987,1.029,-2.992,8.741,3.247,Fairway,roll,-0.001,0
1216,5.0646,-40.370,11.975,1.021,-3.031,8.740,3.234,Fairway,roll,0.000,0
1217,5.0688,-40.390,11.962,1.013,-3.071,8.740,3.222,Fairway,roll,0.000,0
1218,5.0730,-40.411,11.949,1.005,-3.111,8.739,3.210,Fairway,roll,-0.001,0
1219,5.0771,-40.431,11.936,0.997,-3.150,8.739,3.197,Fairway,roll,0.000,0
1220,5.0813,-40.451,11.923,0.989,-3.190,8.738,3.185,Fairway,roll,0.000,0
1221,5.0854,-40.472,11.909,0.981,-3.230,8.738,3.172,Fairway,roll,-0.001,0
1222,5.0896,-40.492,11.896,0.973,-3.269,8.737,3.159,Fairway,roll,-0.001,0
1223,5.0938,-40.513,11.882,0.965,-3.309,8.736,3.146,Fairway,roll,-0.001,0
1224,5.0979,-40.533,11.868,0.957,-3.349,8.736,3.133,Fairway,roll,-0.001,0
1225,5.1021,-40.553,11.854,0.949,-3.388,8.735,3.119,Fairway,roll,-0.001,0
1226,5.1063,-40.574,11.840,0.941,-3.428,8.734,3.106,Fairway,roll,-0.001,0
1227,5.1104,-40.594,11.826,0.933,-3.467,8.734,3.092,Fairway,roll,-0.001,0
1228,5.1146,-40.614,11.811,0.925,-3.507,8.733,3.078,Fairway,roll,-0.001,0
1229,5.1188,-40.635,11.796,0.917,-3.546,8.733,3.064,Fairway,roll,-0.001,0
1230,5.1229,-40.655,11.782,0.909,-3.586,8.732,3.050,Fairway,roll,-0.001,0
1231,5.1271,-40.675,11.767,0.901,-3.625,8.731,3.035,Fairway,roll,-0.001,0
1232,5.1313,-40.696,11.751,0.893,-3.664,8.731,3.021,Fairway,roll,-0.001,0
1233,5.1354,-40.716,11.736,0.885,-3.704,8.730,3.006,Fairway,roll,-0.001,0
1234,5.1396,-40.736,11.721,0.877,-3.743,8.729,2.991,Fairway,roll,-0.001,0
1235,5.1438,-40.757,11.705,0.869,-3.782,8.729,2.976,Fairway,roll,-0.001,0
1236,5.1479,-40.777,11.689,0.861,-3.822,8.728,2.961,Fairway,roll,-0.001,0
1237,5.1521,-40.797,11.673,0.853,-3.861,8.727,2.946,Fairway,roll,-0.001,0
1238,5.1563,-40.818,11.657,0.845,-3.900,8.727,2.930,Fairway,roll,-0.001,0
1239,5.1604,-40.838,11.641,0.837,-3.939,8.726,2.914,Fairway,roll,-0.001,0
1240,5.1646,-40.858,11.624,0.829,-3.978,8.725,2.899,Fairway,roll,-0.001,0
1241,5.1688,-40.878,11.608,0.822,-4.018,8.725,2.883,Fairway,roll,-0.001,0
1242,5.1729,-40.899,11.591,0.814,-4.057,8.724,2.866,Fairway,roll,-0.001,0
1243,5.1771,-40.919,11.574,0.806,-4.096,8.723,2.850,Fairway,roll,-0.001,0
1244,5.1813,-40.939,11.557,0.798,-4.135,8.723,2.834,Fairway,roll,-0.001,0
1245,5.1854,-40.959,11.539,0.790,-4.174,8.722,2.817,Fairway,roll,-0.001,0
1246,5.1896,-40.979,11.522,0.782,-4.213,8.722,2.800,Fairway,roll,-0.001,0
1247,5.1938,-41.000,11.504,0.774,-4.252,8.721,2.783,Fairway,roll,-0.001,0
1248,5.1979,-41.020,11.486,0.766,-4.291,8.721,2.766,Fairway,roll,-0.001,0
1249,5.2021,-41.040,11.468,0.758,-4.330,8.720,2.748,Fairway,roll,-0.001,0
1250,5.2063,-41.060,11.450,0.750,-4.369,8.719,2.731,Fairway,roll,-0.001,0
1251,5.2104,-41.080,11.432,0.742,-4.407,8.719,2.713,Fairway,roll,-0.001,0
1252,5.2146,-41.100,11.414,0.735,-4.446,8.718,2.696,Fairway,roll,-0.001,0
1253,5.2188,-41.121,11.395,0.727,-4.485,8.717,2.678,Fairway,roll,-0.001,0
1254,5.2229,-41.141,11.376,0.719,-4.524,8.717,2.660,Fairway,roll,-0.001,0
1255,5.2271,-41.161,11.357,0.711,-4.563,8.716,2.641,Fairway,roll,-0.001,0
1256,5.2312,-41.181,11.338,0.703,-4.601,8.715,2.623,Fairway,roll,-0.001,0
1257,5.2354,-41.201,11.319,0.695,-4.640,8.715,2.604,Fairway,roll,-0.001,0
1258,5.2396,-41.221,11.300,0.687,-4.678,8.714,2.586,Fairway,roll,-0.001,0
1259,5.2437,-41.241,11.280,0.679,-4.717,8.713,2.567,Fairway,roll,-0.001,0
1260,5.2479,-41.261,11.260,0.672,-4.756,8.713,2.547,Fairway,roll,-0.001,0
1261,5.2521,-41.281,11.240,0.664,-4.794,8.712,2.528,Fairway,roll,-0.001,0
1262,5.2562,-41.301,11.220,0.656,-4.833,8.712,2.509,Fairway,roll,-0.001,0
1263,5.2604,-41.321,11.200,0.648,-4.871,8.711,2.489,Fairway,roll,-0.001,0
1264,5.2646,-41.341,11.180,0.640,-4.909,8.710,2.469,Fairway,roll,-0.001,0
1265,5.2687,-41.362,11.159,0.632,-4.948,8.710,2.449,Fairway,roll,-0.001,0
1266,5.2729,-41.382,11.139,0.624,-4.986,8.709,2.429,Fairway,roll,0.000,0
1267,5.2771,-41.402,11.118,0.617,-5.024,8.709,2.409,Fairway,roll,-0.001,0
1268,5.2812,-41.422,11.097,0.609,-5.063,8.708,2.389,Fairway,roll,-0.001,0
1269,5.2854,-41.442,11.076,0.601,-5.101,8.708,2.368,Fairway,roll,-0.001,0
1270,5.2896,-41.461,11.054,0.593,-5.139,8.707,2.347,Fairway,roll,-0.001,0
1271,5.2937,-41.481,11.033,0.585,-5.177,8.706,2.326,Fairway,roll,-0.001,0
1272,5.2979,-41.501,11.011,0.578,-5.215,8.706,2.305,Fairway,roll,-0.001,0
1273,5.3021,-41.521,10.989,0.570,-5.253,8.705,2.284,Fairway,roll,-0.001,0
1274,5.3062,-41.541,10.967,0.562,-5.291,8.705,2.263,Fairway,roll,-0.001,0
1275,5.3104,-41.561,10.945,0.554,-5.329,8.704,2.241,Fairway,roll,-0.001,0
1276,5.3146,-41.581,10.923,0.546,-5.367,8.703,2.220,Fairway,roll,-0.001,0
1277,5.3187,-41.601,10.901,0.539,-5.405,8.703,2.198,Fairway,roll,-0.001,0
1278,5.3229,-41.621,10.878,0.531,-5.443,8.702,2.176,Fairway,roll,-0.001,0
1279,5.3271,-41.641,10.855,0.523,-5.481,8.701,2.154,Fairway,roll,-0.001,0
1280,5.3312,-41.661,10.832,0.515,-5.519,8.701,2.132,Fairway,roll,-0.001,0
1281,5.3354,-41.680,10.809,0.507,-5.556,8.700,2.109,Fairway,roll,-0.001,0
1282,5.3396,-41.700,10.786,0.500,-5.594,8.700,2.086,Fairway,roll,0.000,0
1283,5.3437,-41.720,10.763,0.492,-5.632,8.699,2.064,Fairway,roll,-0.001,0
1284,5.3479,-41.740,10.739,0.484,-5.669,8.698,2.041,Fairway,roll,0.000,0
1285,5.3521,-41.760,10.715,0.476,-5.707,8.698,2.017,Fairway,roll,0.000,0
1286,5.3562,-41.780,10.692,0.469,-5.745,8.697,1.994,Fairway,roll,0.000,0
1287,5.3604,-41.799,10.668,0.461,-5.782,8.697,1.971,Fairway,roll,-0.001,0
1288,5.3645,-41.819,10.643,0.453,-5.819,8.696,1.947,Fairway,roll,-0.001,0
1289,5.3687,-41.839,10.619,0.445,-5.857,8.696,1.923,Fairway,roll,0.000,0
1290,5.3729,-41.859,10.595,0.438,-5.894,8.695,1.899,Fairway,roll,0.000,0
1291,5.3770,-41.878,10.570,0.430,-5.931,8.695,1.875,Fairway,roll,-0.001,0
1292,5.3812,-41.898,10.545,0.422,-5.969,8.694,1.851,Fairway,roll,0.000,0
1293,5.3854,-41.918,10.520,0.414,-6.006,8.694,1.827,Fairway,roll,0.000,0
1294,5.3895,-41.938,10.495,0.407,-6.043,8.693,1.802,Fairway,roll,0.000,0
1295,5.3937,-41.957,10.470,0.399,-6.080,8.692,1.778,Fairway,roll,-0.001,0
1296,5.3979,-41.977,10.445,0.391,-6.117,8.692,1.753,Fairway,roll,-0.001,0
1297,5.4020,-41.997,10.419,0.384,-6.154,8.691,1.728,Fairway,roll,-0.001,0
1298,5.4062,-42.016,10.393,0.376,-6.192,8.691,1.703,Fairway,roll,-0.001,0
1299,5.4104,-42.036,10.367,0.368,-6.230,8.690,1.678,Fairway,roll,-0.001,0
1300,5.4145,-42.055,10.341,0.361,-6.269,8.689,1.652,Fairway,roll,-0.001,0
1301,5.4187,-42.075,10.315,0.353,-6.308,8.689,1.627,Fairway,roll,-0.001,0
1302,5.4229,-42.095,10.289,0.345,-6.347,8.688,1.601,Fairway,roll,-0.001,0
1303,5.4270,-42.114,10.262,0.337,-6.386,8.687,1.575,Fairway,roll,-0.001,0
1304,5.4312,-42.134,10.236,0.330,-6.425,8.687,1.549,Fairway,roll,-0.001,0
1305,5.4354,-42.154,10.209,0.322,-6.463,8.686,1.523,Fairway,roll,-0.001,0
1306,5.4395,-42.173,10.182,0.314,-6.502,8.686,1.496,Fairway,roll,-0.001,0
1307,5.4437,-42.193,10.155,0.307,-6.541,8.685,1.470,Fairway,roll,-0.001,0
1308,5.4479,-42.212,10.127,0.299,-6.579,8.684,1.443,Fairway,roll,-0.001,0
1309,5.4520,-42.232,10.100,0.291,-6.618,8.684,1.416,Fairway,roll,0.000,0
1310,5.4562,-42.252,10.072,0.284,-6.657,8.683,1.389,Fairway,roll,0.000,0
1311,5.4604,-42.271,10.044,0.276,-6.695,8.683,1.361,Fairway,roll,0.000,0
1312,5.4645,-42.291,10.016,0.268,-6.734,8.682,1.334,Fairway,roll,-0.001,0
1313,5.4687,-42.310,9.988,0.261,-6.772,8.682,1.307,Fairway,roll,-0.001,0
1314,5.4729,-42.330,9.960,0.253,-6.811,8.681,1.279,Fairway,roll,-0.001,0
1315,5.4770,-42.349,9.932,0.245,-6.849,8.681,1.251,Fairway,roll,-0.001,0
1316,5.4812,-42.369,9.903,0.238,-6.888,8.680,1.223,Fairway,roll,-0.001,0
1317,5.4854,-42.388,9.874,0.230,-6.926,8.679,1.195,Fairway,roll,-0.001,0
1318,5.4895,-42.408,9.845,0.223,-6.965,8.679,1.166,Fairway,roll,-0.001,0
1319,5.4937,-42.427,9.816,0.215,-7.003,8.678,1.138,Fairway,roll,-0.001,0
1320,5.4978,-42.447,9.787,0.207,-7.041,8.678,1.109,Fairway,roll,-0.001,0
1321,5.5020,-42.466,9.758,0.200,-7.080,8.677,1.081,Fairway,roll,-0.001,0
1322,5.5062,-42.486,9.728,0.192,-7.118,8.676,1.052,Fairway,roll,-0.001,0
1323,5.5103,-42.505,9.698,0.184,-7.156,8.676,1.022,Fairway,roll,-0.001,0
1324,5.5145,-42.525,9.668,0.177,-7.194,8.675,0.993,Fairway,roll,-0.001,0
1325,5.5187,-42.544,9.638,0.169,-7.232,8.675,0.964,Fairway,roll,-0.001,0
1326,5.5228,-42.564,9.608,0.161,-7.270,8.674,0.934,Fairway,roll,-0.001,0
1327,5.5270,-42.583,9.578,0.154,-7.309,8.673,0.905,Fairway,roll,-0.001,0
1328,5.5312,-42.603,9.547,0.146,-7.347,8.673,0.875,Fairway,roll,-0.001,0
1329,5.5353,-42.622,9.517,0.139,-7.385,8.672,0.844,Fairway,roll,-0.001,0
1330,5.5395,-42.642,9.486,0.131,-7.423,8.672,0.814,Fairway,roll,-0.001,0
1331,5.5437,-42.661,9.455,0.123,-7.460,8.671,0.784,Fairway,roll,-0.001,0
1332,5.5478,-42.681,9.424,0.116,-7.498,8.670,0.753,Fairway,roll,0.000,0
1333,5.5520,-42.700,9.392,0.108,-7.536,8.670,0.722,Fairway,roll,-0.001,0
1334,5.5562,-42.719,9.361,0.101,-7.574,8.669,0.692,Fairway,roll,-0.001,0
1335,5.5603,-42.739,9.329,0.093,-7.612,8.669,0.661,Fairway,roll,-0.001,0
1336,5.5645,-42.758,9.297,0.085,-7.650,8.668,0.630,Fairway,roll,-0.001,0
1337,5.5687,-42.777,9.265,0.078,-7.687,8.667,0.598,Fairway,roll,-0.001,0
1338,5.5728,-42.797,9.233,0.070,-7.725,8.667,0.567,Fairway,roll,-0.001,0
1339,5.5770,-42.816,9.201,0.063,-7.763,8.666,0.535,Fairway,roll,-0.001,0
1340,5.5812,-42.836,9.169,0.055,-7.800,8.665,0.503,Fairway,roll,-0.001,0
1341,5.5853,-42.855,9.136,0.047,-7.838,8.665,0.471,Fairway,roll,-0.001,0
1342,5.5895,-42.874,9.103,0.040,-7.876,8.664,0.439,Fairway,roll,-0.001,0
1343,5.5937,-42.894,9.071,0.032,-7.913,8.664,0.407,Fairway,roll,0.000,0
1344,5.5978,-42.913,9.038,0.025,-7.951,8.663,0.374,Fairway,roll,-0.001,0
1345,5.6020,-42.932,9.004,0.017,-7.988,8.662,0.342,Fairway,roll,-0.001,0
1346,5.6062,-42.952,8.971,0.010,-8.025,8.662,0.309,Fairway,roll,-0.001,0
1347,5.6103,-42.971,8.937,0.002,-8.063,8.661,0.276,Fairway,roll,-0.001,0
1348,5.6145,-42.990,8.904,-0.006,-8.100,8.661,0.243,Fairway,roll,-0.001,0
1349,5.6187,-43.009,8.870,-0.013,-8.137,8.660,0.210,Fairway,roll,-0.001,0
1350,5.6228,-43.029,8.836,-0.021,-8.175,8.659,0.177,Fairway,roll,-0.001,0
1351,5.6270,-43.048,8.802,-0.028,-8.212,8.659,0.143,Fairway,roll,-0.001,0
1352,5.6311,-43.067,8.768,-0.036,-8.249,8.658,0.109,Fairway,roll,0.000,0
1353,5.6353,-43.087,8.733,-0.043,-8.286,8.658,0.075,Fairway,roll,-0.001,0
1354,5.6395,-43.106,8.699,-0.051,-8.323,8.657,0.041,Fairway,roll,-0.001,0
1355,5.6436,-43.125,8.664,-0.058,-8.360,8.657,0.007,Fairway,roll,-0.001,0
1356,5.6446,-43.129,8.656,-0.060,-8.368,8.657,0.000,Fairway,roll,0.000,0
1357,5.6487,-43.138,8.673,-0.063,4.142,8.656,0.017,Fairway,roll,0.000,0
1358,5.6529,-43.147,8.691,-0.067,4.101,8.656,0.035,Fairway,roll,0.000,0
1359,5.6571,-43.155,8.708,-0.070,4.059,8.656,0.052,Fairway,roll,0.000,0
1360,5.6612,-43.164,8.724,-0.074,4.017,8.656,0.069,Fairway,roll,0.000,0
1361,5.6654,-43.172,8.741,-0.077,3.976,8.655,0.086,Fairway,roll,0.000,0
1362,5.6696,-43.181,8.758,-0.080,3.934,8.655,0.102,Fairway,roll,0.000,0
1363,5.6737,-43.190,8.774,-0.084,3.892,8.655,0.119,Fairway,roll,0.000,0
1364,5.6779,-43.198,8.790,-0.087,3.851,8.655,0.135,Fairway,roll,0.000,0
1365,5.6821,-43.207,8.806,-0.091,3.809,8.655,0.151,Fairway,roll,0.000,0
1366,5.6862,-43.216,8.822,-0.094,3.768,8.654,0.167,Fairway,roll,0.000,0
1367,5.6904,-43.224,8.837,-0.097,3.726,8.654,0.183,Fairway,roll,0.000,0
1368,5.6946,-43.233,8.853,-0.101,3.685,8.654,0.199,Fairway,roll,0.000,0
1369,5.6987,-43.242,8.868,-0.104,3.643,8.654,0.214,Fairway,roll,0.000,0
1370,5.7029,-43.250,8.883,-0.107,3.602,8.654,0.229,Fairway,roll,0.000,0
1371,5.7070,-43.259,8.898,-0.111,3.560,8.653,0.245,Fairway,roll,0.000,0
1372,5.7112,-43.267,8.913,-0.114,3.519,8.653,0.260,Fairway,roll,0.000,0
1373,5.7154,-43.276,8.927,-0.118,3.477,8.653,0.274,Fairway,roll,0.000,0
1374,5.7195,-43.285,8.942,-0.121,3.436,8.653,0.289,Fairway,roll,0.000,0
1375,5.7237,-43.293,8.956,-0.124,3.394,8.653,0.303,Fairway,roll,0.000,0
1376,5.7279,-43.302,8.970,-0.128,3.353,8.652,0.318,Fairway,roll,0.000,0
1377,5.7320,-43.311,8.984,-0.131,3.311,8.652,0.332,Fairway,roll,0.000,0
1378,5.7362,-43.319,8.997,-0.134,3.270,8.652,0.346,Fairway,roll,0.000,0
1379,5.7404,-43.328,9.011,-0.138,3.228,8.652,0.359,Fairway,roll,0.000,0
1380,5.7445,-43.336,9.024,-0.141,3.186,8.651,0.373,Fairway,roll,0.000,0
1381,5.7487,-43.345,9.038,-0.145,3.144,8.651,0.386,Fairway,roll,0.000,0
1382,5.7529,-43.354,9.051,-0.148,3.102,8.651,0.400,Fairway,roll,0.000,0
1383,5.7570,-43.362,9.063,-0.151,3.061,8.651,0.413,Fairway,roll,0.000,0
1384,5.7612,-43.371,9.076,-0.155,3.019,8.650,0.426,Fairway,roll,0.000,0
1385,5.7654,-43.379,9.089,-0.158,2.977,8.650,0.439,Fairway,roll,0.000,0
1386,5.7695,-43.388,9.101,-0.161,2.936,8.650,0.451,Fairway,roll,0.000,0
1387,5.7737,-43.397,9.113,-0.165,2.894,8.649,0.464,Fairway,roll,0.000,0
1388,5.7779,-43.405,9.125,-0.168,2.852,8.649,0.476,Fairway,roll,0.000,0
1389,5.7820,-43.414,9.137,-0.171,2.811,8.649,0.488,Fairway,roll,0.000,0
1390,5.7862,-43.422,9.148,-0.175,2.769,8.649,0.500,Fairway,roll,0.000,0
1391,5.7904,-43.431,9.160,-0.178,2.728,8.648,0.512,Fairway,roll,0.000,0
1392,5.7945,-43.440,9.171,-0.182,2.686,8.648,0.523,Fairway,roll,0.000,0
1393,5.7987,-43.448,9.182,-0.185,2.645,8.648,0.534,Fairway,roll,0.000,0
1394,5.8029,-43.457,9.193,-0.188,2.603,8.647,0.546,Fairway,roll,0.000,0
1395,5.8070,-43.465,9.204,-0.192,2.562,8.647,0.557,Fairway,roll,0.000,0
1396,5.8112,-43.474,9.214,-0.195,2.521,8.647,0.568,Fairway,roll,0.000,0
1397,5.8154,-43.482,9.225,-0.198,2.479,8.647,0.578,Fairway,roll,0.000,0
1398,5.8195,-43.491,9.235,-0.202,2.438,8.646,0.589,Fairway,roll,0.000,0
1399,5.8237,-43.500,9.245,-0.205,2.396,8.646,0.599,Fairway,roll,0.000,0
1400,5.8279,-43.508,9.255,-0.208,2.355,8.646,0.609,Fairway,roll,0.000,0
1401,5.8320,-43.517,9.265,-0.212,2.314,8.645,0.619,Fairway,roll,0.000,0
1402,5.8362,-43.525,9.274,-0.215,2.272,8.645,0.629,Fairway,roll,0.000,0
1403,5.8403,-43.534,9.284,-0.218,2.231,8.645,0.639,Fairway,roll,0.000,0
1404,5.8445,-43.542,9.293,-0.222,2.190,8.645,0.648,Fairway,roll,0.000,0
1405,5.8487,-43.551,9.302,-0.225,2.149,8.644,0.657,Fairway,roll,0.000,0
1406,5.8528,-43.559,9.311,-0.229,2.107,8.644,0.666,Fairway,roll,0.000,0
1407,5.8570,-43.568,9.319,-0.232,2.066,8.644,0.675,Fairway,roll,0.000,0
1408,5.8612,-43.577,9.328,-0.235,2.025,8.644,0.684,Fairway,roll,0.000,0
1409,5.8653,-43.585,9.336,-0.239,1.984,8.644,0.693,Fairway,roll,0.000,0
1410,5.8695,-43.594,9.344,-0.242,1.943,8.643,0.701,Fairway,roll,0.000,0
1411,5.8737,-43.602,9.352,-0.245,1.901,8.643,0.709,Fairway,roll,0.000,0
1412,5.8778,-43.611,9.360,-0.249,1.860,8.643,0.717,Fairway,roll,0.000,0
1413,5.8820,-43.619,9.368,-0.252,1.819,8.642,0.725,Fairway,roll,0.000,0
1414,5.8862,-43.628,9.375,-0.255,1.778,8.642,0.733,Fairway,roll,0.000,0
1415,5.8903,-43.636,9.383,-0.259,1.737,8.642,0.741,Fairway,roll,0.000,0
1416,5.8945,-43.645,9.390,-0.262,1.696,8.642,0.748,Fairway,roll,0.000,0
1417,5.8987,-43.653,9.397,-0.265,1.655,8.641,0.756,Fairway,roll,0.000,0
1418,5.9028,-43.662,9.404,-0.269,1.614,8.641,0.763,Fairway,roll,0.000,0
1419,5.9070,-43.671,9.410,-0.272,1.572,8.641,0.770,Fairway,roll,0.000,0
1420,5.9112,-43.679,9.417,-0.275,1.531,8.640,0.776,Fairway,roll,0.000,0
1421,5.9153,-43.688,9.423,-0.279,1.490,8.640,0.783,Fairway,roll,0.000,0
1422,5.9195,-43.696,9.429,-0.282,1.449,8.640,0.789,Fairway,roll,0.000,0
1423,5.9237,-43.705,9.435,-0.285,1.408,8.640,0.795,Fairway,roll,0.000,0
1424,5.9278,-43.713,9.441,-0.289,1.367,8.639,0.801,Fairway,roll,0.000,0
1425,5.9320,-43.722,9.446,-0.292,1.326,8.639,0.807,Fairway,roll,0.000,0
1426,5.9362,-43.730,9.452,-0.295,1.285,8.639,0.813,Fairway,roll,0.000,0
1427,5.9403,-43.739,9.457,-0.299,1.244,8.639,0.819,Fairway,roll,0.000,0
1428,5.9445,-43.747,9.462,-0.302,1.203,8.638,0.824,Fairway,roll,0.000,0
1429,5.9487,-43.756,9.467,-0.305,1.162,8.638,0.829,Fairway,roll,0.000,0
1430,5.9528,-43.764,9.472,-0.309,1.121,8.638,0.834,Fairway,roll,0.000,0
1431,5.9570,-43.773,9.476,-0.312,1.080,8.637,0.839,Fairway,roll,0.000,0
1432,5.9612,-43.781,9.481,-0.315,1.039,8.637,0.844,Fairway,roll,0.000,0
1433,5.9653,-43.790,9.485,-0.319,0.998,8.637,0.848,Fairway,roll,0.000,0
1434,5.9695,-43.799,9.489,-0.322,0.957,8.637,0.853,Fairway,roll,0.000,0
1435,5.9736,-43.807,9.493,-0.325,0.916,8.636,0.857,Fairway,roll,0.000,0
1436,5.9778,-43.816,9.497,-0.329,0.875,8.636,0.861,Fairway,roll,0.000,0
1437,5.9820,-43.824,9.500,-0.332,0.835,8.636,0.865,Fairway,roll,0.000,0
1438,5.9861,-43.833,9.504,-0.335,0.794,8.635,0.868,Fairway,roll,0.000,0
1439,5.9903,-43.841,9.507,-0.339,0.753,8.635,0.872,Fairway,roll,0.000,0
1440,5.9945,-43.850,9.510,-0.342,0.712,8.635,0.875,Fairway,roll,0.000,0
1441,5.9986,-43.858,9.513,-0.346,0.671,8.635,0.878,Fairway,roll,0.000,0
1442,6.0028,-43.867,9.516,-0.349,0.630,8.635,0.881,Fairway,roll,0.000,0
1443,6.0070,-43.875,9.518,-0.352,0.589,8.634,0.884,Fairway,roll,0.000,0
1444,6.0111,-43.884,9.520,-0.356,0.548,8.634,0.886,Fairway,roll,0.000,0
1445,6.0153,-43.892,9.523,-0.359,0.507,8.634,0.889,Fairway,roll,0.000,0
1446,6.0195,-43.901,9.525,-0.362,0.466,8.634,0.891,Fairway,roll,0.000,0
1447,6.0236,-43.909,9.526,-0.366,0.425,8.633,0.893,Fairway,roll,0.000,0
1448,6.0278,-43.918,9.528,-0.369,0.385,8.633,0.895,Fairway,roll,0.000,0
1449,6.0320,-43.926,9.530,-0.372,0.344,8.633,0.897,Fairway,roll,0.000,0
1450,6.0361,-43.935,9.531,-0.376,0.303,8.632,0.899,Fairway,roll,0.000,0
1451,6.0403,-43.943,9.532,-0.379,0.262,8.632,0.900,Fairway,roll,0.000,0
1452,6.0445,-43.952,9.533,-0.382,0.221,8.632,0.901,Fairway,roll,0.000,0
1453,6.0486,-43.960,9.534,-0.386,0.180,8.632,0.902,Fairway,roll,0.000,0
1454,6.0528,-43.969,9.535,-0.389,0.139,8.631,0.903,Fairway,roll,0.000,0
1455,6.0570,-43.977,9.535,-0.392,0.098,8.631,0.904,Fairway,roll,0.000,0
1456,6.0611,-43.986,9.535,-0.396,0.058,8.631,0.905,Fairway,roll,0.000,0
1457,6.0653,-43.994,9.536,-0.399,0.017,8.630,0.905,Fairway,roll,0.000,0
1458,6.0695,-44.003,9.536,-0.402,-0.024,8.630,0.905,Fairway,roll,0.000,0
1459,6.0736,-44.011,9.535,-0.406,-0.065,8.630,0.905,Fairway,roll,0.000,0
1460,6.0778,-44.020,9.535,-0.409,-0.106,8.630,0.905,Fairway,roll,0.000,0
1461,6.0820,-44.028,9.535,-0.412,-0.147,8.629,0.905,Fairway,roll,0.000,0
1462,6.0861,-44.037,9.534,-0.415,-0.187,8.629,0.905,Fairway,roll,0.000,0
1463,6.0903,-44.045,9.533,-0.419,-0.228,8.629,0.904,Fairway,roll,0.000,0
1464,6.0945,-44.054,9.532,-0.422,-0.269,8.629,0.903,Fairway,roll,0.000,0
1465,6.0986,-44.062,9.531,-0.425,-0.310,8.628,0.903,Fairway,roll,0.000,0
1466,6.1028,-44.071,9.529,-0.429,-0.351,8.628,0.901,Fairway,roll,0.000,0
1467,6.1069,-44.079,9.528,-0.432,-0.392,8.628,0.900,Fairway,roll,0.000,0
1468,6.1111,-44.088,9.526,-0.435,-0.432,8.627,0.899,Fairway,roll,0.000,0
1469,6.1153,-44.096,9.524,-0.439,-0.473,8.627,0.897,Fairway,roll,0.000,0
1470,6.1194,-44.105,9.522,-0.442,-0.514,8.627,0.895,Fairway,roll,0.000,0
1471,6.1236,-44.113,9.520,-0.445,-0.555,8.627,0.893,Fairway,roll,0.000,0
1472,6.1278,-44.122,9.518,-0.449,-0.596,8.626,0.891,Fairway,roll,0.000,0
1473,6.1319,-44.130,9.515,-0.452,-0.636,8.626,0.889,Fairway,roll,0.000,0
1474,6.1361,-44.139,9.512,-0.455,-0.677,8.626,0.887,Fairway,roll,0.000,0
1475,6.1403,-44.147,9.509,-0.459,-0.718,8.626,0.884,Fairway,roll,0.000,0
1476,6.1444,-44.156,9.506,-0.462,-0.759,8.625,0.881,Fairway,roll,0.000,0
1477,6.1486,-44.164,9.503,-0.465,-0.799,8.625,0.878,Fairway,roll,0.000,0
1478,6.1528,-44.173,9.500,-0.469,-0.840,8.625,0.875,Fairway,roll,0.000,0
1479,6.1569,-44.181,9.496,-0.472,-0.881,8.625,0.872,Fairway,roll,0.000,0
1480,6.1611,-44.190,9.492,-0.475,-0.922,8.624,0.868,Fairway,roll,0.000,0
1481,6.1653,-44.198,9.488,-0.479,-0.962,8.624,0.864,Fairway,roll,0.000,0
1482,6.1694,-44.207,9.484,-0.482,-1.003,8.624,0.860,Fairway,roll,0.000,0
1483,6.1736,-44.215,9.480,-0.485,-1.044,8.624,0.856,Fairway,roll,0.000,0
1484,6.1778,-44.224,9.476,-0.489,-1.085,8.624,0.852,Fairway,roll,0.000,0
1485,6.1819,-44.232,9.471,-0.492,-1.125,8.623,0.848,Fairway,roll,0.000,0
1486,6.1861,-44.241,9.466,-0.495,-1.166,8.623,0.843,Fairway,roll,0.000,0
1487,6.1903,-44.249,9.461,-0.499,-1.207,8.623,0.838,Fairway,roll,0.000,0
1488,6.1944,-44.258,9.456,-0.502,-1.247,8.623,0.834,Fairway,roll,0.000,0
1489,6.1986,-44.266,9.451,-0.505,-1.288,8.623,0.828,Fairway,roll,0.000,0
1490,6.2028,-44.275,9.446,-0.509,-1.329,8.622,0.823,Fairway,roll,0.000,0
1491,6.2069,-44.283,9.440,-0.512,-1.369,8.622,0.818,Fairway,roll,0.000,0
1492,6.2111,-44.291,9.434,-0.515,-1.410,8.622,0.812,Fairway,roll,0.000,0
1493,6.2153,-44.300,9.428,-0.519,-1.451,8.621,0.807,Fairway,roll,0.000,0
1494,6.2194,-44.308,9.422,-0.522,-1.491,8.621,0.801,Fairway,roll,0.000,0
1495,6.2236,-44.317,9.416,-0.525,-1.532,8.621,0.795,Fairway,roll,0.000,0
1496,6.2278,-44.325,9.409,-0.529,-1.573,8.621,0.789,Fairway,roll,0.000,0
1497,6.2319,-44.334,9.403,-0.532,-1.613,8.620,0.782,Fairway,roll,0.000,0
1498,6.2361,-44.342,9.396,-0.535,-1.654,8.620,0.776,Fairway,roll,0.000,0
1499,6.2403,-44.351,9.389,-0.539,-1.695,8.620,0.769,Fairway,roll,0.000,0
1500,6.2444,-44.359,9.382,-0.542,-1.735,8.620,0.762,Fairway,roll,0.000,0
1501,6.2486,-44.368,9.374,-0.545,-1.776,8.619,0.755,Fairway,roll,0.000,0
1502,6.2527,-44.376,9.367,-0.548,-1.816,8.619,0.748,Fairway,roll,0.000,0
1503,6.2569,-44.385,9.359,-0.552,-1.857,8.619,0.741,Fairway,roll,0.000,0
1504,6.2611,-44.393,9.352,-0.555,-1.897,8.618,0.733,Fairway,roll,0.000,0
1505,6.2652,-44.402,9.344,-0.558,-1.938,8.618,0.725,Fairway,roll,0.000,0
1506,6.2694,-44.410,9.335,-0.562,-1.978,8.618,0.717,Fairway,roll,0.000,0
1507,6.2736,-44.418,9.327,-0.565,-2.019,8.618,0.709,Fairway,roll,0.000,0
1508,6.2777,-44.427,9.319,-0.568,-2.059,8.617,0.701,Fairway,roll,0.000,0
1509,6.2819,-44.435,9.310,-0.572,-2.100,8.617,0.693,Fairway,roll,0.000,0
1510,6.2861,-44.444,9.301,-0.575,-2.140,8.617,0.684,Fairway,roll,0.000,0
1511,6.2902,-44.452,9.292,-0.578,-2.181,8.617,0.675,Fairway,roll,0.000,0
1512,6.2944,-44.461,9.283,-0.582,-2.221,8.617,0.666,Fairway,roll,0.000,0
1513,6.2986,-44.469,9.274,-0.585,-2.262,8.616,0.657,Fairway,roll,0.000,0
1514,6.3027,-44.478,9.264,-0.588,-2.302,8.616,0.648,Fairway,roll,0.000,0
1515,6.3069,-44.486,9.254,-0.591,-2.342,8.616,0.639,Fairway,roll,0.000,0
1516,6.3111,-44.494,9.245,-0.595,-2.383,8.615,0.629,Fairway,roll,0.000,0
1517,6.3152,-44.503,9.235,-0.598,-2.423,8.615,0.620,Fairway,roll,0.000,0
1518,6.3194,-44.511,9.224,-0.601,-2.463,8.615,0.610,Fairway,roll,0.000,0
1519,6.3236,-44.520,9.214,-0.605,-2.504,8.615,0.599,Fairway,roll,0.000,0
1520,6.3277,-44.528,9.204,-0.608,-2.544,8.614,0.589,Fairway,roll,0.000,0
1521,6.3319,-44.537,9.193,-0.611,-2.584,8.614,0.579,Fairway,roll,0.000,0
1522,6.3361,-44.545,9.182,-0.615,-2.625,8.614,0.568,Fairway,roll,0.000,0
1523,6.3402,-44.554,9.171,-0.618,-2.665,8.613,0.558,Fairway,roll,0.000,0
1524,6.3444,-44.562,9.160,-0.621,-2.705,8.613,0.547,Fairway,roll,0.000,0
1525,6.3486,-44.570,9.148,-0.625,-2.745,8.613,0.535,Fairway,roll,0.000,0
1526,6.3527,-44.579,9.137,-0.628,-2.785,8.613,0.524,Fairway,roll,0.000,0
1527,6.3569,-44.587,9.125,-0.631,-2.826,8.612,0.513,Fairway,roll,0.000,0
1528,6.3611,-44.596,9.113,-0.634,-2.866,8.612,0.501,Fairway,roll,0.000,0
1529,6.3652,-44.604,9.101,-0.638,-2.906,8.612,0.490,Fairway,roll,0.000,0
1530,6.3694,-44.612,9.089,-0.641,-2.946,8.612,0.478,Fairway,roll,0.000,0
1531,6.3736,-44.621,9.077,-0.644,-2.986,8.611,0.466,Fairway,roll,0.000,0
1532,6.3777,-44.629,9.064,-0.648,-3.026,8.611,0.453,Fairway,roll,0.000,0
1533,6.3819,-44.638,9.052,-0.651,-3.066,8.611,0.441,Fairway,roll,0.000,0
1534,6.3860,-44.646,9.039,-0.654,-3.106,8.611,0.428,Fairway,roll,0.000,0
1535,6.3902,-44.655,9.026,-0.658,-3.146,8.610,0.415,Fairway,roll,0.000,0
1536,6.3944,-44.663,9.013,-0.661,-3.186,8.610,0.402,Fairway,roll,0.000,0
1537,6.3985,-44.671,8.999,-0.664,-3.226,8.610,0.389,Fairway,roll,0.000,0
1538,6.4027,-44.680,8.986,-0.667,-3.266,8.610,0.376,Fairway,roll,0.000,0
1539,6.4069,-44.688,8.972,-0.671,-3.305,8.609,0.363,Fairway,roll,0.000,0
1540,6.4110,-44.696,8.958,-0.674,-3.345,8.609,0.349,Fairway,roll,0.000,0
1541,6.4152,-44.705,8.944,-0.677,-3.385,8.609,0.335,Fairway,roll,0.000,0
1542,6.4194,-44.713,8.930,-0.681,-3.426,8.609,0.321,Fairway,roll,0.000,0
1543,6.4235,-44.722,8.916,-0.684,-3.466,8.608,0.307,Fairway,roll,0.000,0
1544,6.4277,-44.730,8.901,-0.687,-3.506,8.608,0.293,Fairway,roll,0.000,0
1545,6.4319,-44.738,8.887,-0.690,-3.547,8.608,0.279,Fairway,roll,0.000,0
1546,6.4360,-44.747,8.872,-0.694,-3.587,8.607,0.264,Fairway,roll,0.000,0
1547,6.4402,-44.755,8.857,-0.697,-3.627,8.607,0.249,Fairway,roll,0.000,0
1548,6.4444,-44.764,8.841,-0.700,-3.667,8.607,0.235,Fairway,roll,0.000,0
1549,6.4485,-44.772,8.826,-0.704,-3.707,8.607,0.219,Fairway,roll,0.000,0
1550,6.4527,-44.780,8.811,-0.707,-3.748,8.606,0.204,Fairway,roll,0.000,0
1551,6.4569,-44.789,8.795,-0.710,-3.788,8.606,0.189,Fairway,roll,0.000,0
1552,6.4610,-44.797,8.779,-0.713,-3.828,8.606,0.173,Fairway,roll,0.000,0
1553,6.4652,-44.805,8.763,-0.717,-3.868,8.606,0.157,Fairway,roll,0.000,0
1554,6.4694,-44.814,8.747,-0.720,-3.908,8.605,0.142,Fairway,roll,0.000,0
1555,6.4735,-44.822,8.731,-0.723,-3.948,8.605,0.125,Fairway,roll,0.000,0
1556,6.4777,-44.831,8.714,-0.727,-3.988,8.605,0.109,Fairway,roll,0.000,0
1557,6.4819,-44.839,8.697,-0.730,-4.028,8.605,0.093,Fairway,roll,0.000,0
1558,6.4860,-44.847,8.680,-0.733,-4.068,8.604,0.076,Fairway,roll,0.000,0
1559,6.4902,-44.856,8.663,-0.736,-4.108,8.604,0.059,Fairway,roll,0.000,0
1560,6.4944,-44.864,8.646,-0.740,-4.148,8.604,0.042,Fairway,roll,0.000,0
1561,6.4985,-44.872,8.629,-0.743,-4.188,8.604,0.025,Fairway,roll,0.000,0
1562,6.5027,-44.881,8.611,-0.746,-4.228,8.603,0.008,Fairway,roll,0.000,0
1563,6.5046,-44.885,8.603,-0.748,-4.247,8.603,0.000,Fairway,roll,0.000,0
1564,6.5088,-44.888,8.612,-0.749,2.082,8.603,0.009,Fairway,roll,0.000,0
1565,6.5130,-44.892,8.620,-0.751,2.041,8.603,0.017,Fairway,roll,0.000,0
1566,6.5171,-44.896,8.629,-0.752,2.000,8.603,0.026,Fairway,roll,0.000,0
1567,6.5213,-44.900,8.637,-0.754,1.959,8.603,0.034,Fairway,roll,0.000,0
1568,6.5255,-44.903,8.645,-0.755,1.918,8.603,0.042,Fairway,roll,0.000,0
1569,6.5296,-44.907,8.653,-0.757,1.877,8.603,0.050,Fairway,roll,0.000,0
1570,6.5338,-44.911,8.661,-0.758,1.836,8.602,0.058,Fairway,roll,0.000,0
1571,6.5380,-44.915,8.668,-0.759,1.795,8.602,0.066,Fairway,roll,0.000,0
1572,6.5421,-44.918,8.676,-0.761,1.754,8.602,0.073,Fairway,roll,0.000,0
1573,6.5463,-44.922,8.683,-0.762,1.713,8.602,0.081,Fairway,roll,0.000,0
1574,6.5505,-44.926,8.690,-0.764,1.672,8.602,0.088,Fairway,roll,0.000,0
1575,6.5546,-44.930,8.697,-0.765,1.631,8.602,0.095,Fairway,roll,0.000,0
1576,6.5588,-44.933,8.703,-0.767,1.590,8.602,0.102,Fairway,roll,0.000,0
1577,6.5630,-44.937,8.710,-0.768,1.549,8.602,0.108,Fairway,roll,0.000,0
1578,6.5671,-44.941,8.716,-0.770,1.508,8.601,0.115,Fairway,roll,0.000,0
1579,6.5713,-44.945,8.723,-0.771,1.467,8.601,0.121,Fairway,roll,0.000,0
1580,6.5755,-44.948,8.729,-0.773,1.426,8.601,0.127,Fairway,roll,0.000,0
1581,6.5796,-44.952,8.734,-0.774,1.385,8.601,0.133,Fairway,roll,0.000,0
1582,6.5838,-44.956,8.740,-0.776,1.344,8.601,0.139,Fairway,roll,0.000,0
1583,6.5880,-44.960,8.746,-0.777,1.303,8.601,0.145,Fairway,roll,0.000,0
1584,6.5921,-44.963,8.751,-0.779,1.262,8.601,0.150,Fairway,roll,0.000,0
1585,6.5963,-44.967,8.756,-0.780,1.221,8.601,0.155,Fairway,roll,0.000,0
1586,6.6004,-44.971,8.761,-0.781,1.180,8.601,0.160,Fairway,roll,0.000,0
1587,6.6046,-44.975,8.766,-0.783,1.139,8.601,0.165,Fairway,roll,0.000,0
1588,6.6088,-44.978,8.771,-0.784,1.098,8.601,0.170,Fairway,roll,0.000,0
1589,6.6129,-44.982,8.775,-0.786,1.057,8.600,0.175,Fairway,roll,0.000,0
1590,6.6171,-44.986,8.779,-0.787,1.016,8.600,0.179,Fairway,roll,0.000,0
1591,6.6213,-44.990,8.783,-0.789,0.975,8.600,0.183,Fairway,roll,0.000,0
1592,6.6254,-44.994,8.787,-0.790,0.934,8.600,0.187,Fairway,roll,0.000,0
1593,6.6296,-44.997,8.791,-0.792,0.893,8.600,0.191,Fairway,roll,0.000,0
1594,6.6338,-45.001,8.795,-0.793,0.852,8.600,0.195,Fairway,roll,0.000,0
1595,6.6379,-45.005,8.798,-0.795,0.812,8.600,0.198,Fairway,roll,0.000,0
1596,6.6421,-45.008,8.802,-0.796,0.771,8.600,0.202,Fairway,roll,0.000,0
1597,6.6463,-45.012,8.805,-0.798,0.730,8.600,0.205,Fairway,roll,0.000,0
1598,6.6504,-45.016,8.808,-0.799,0.689,8.599,0.208,Fairway,roll,0.000,0
1599,6.6546,-45.020,8.810,-0.800,0.648,8.599,0.211,Fairway,roll,0.000,0
1600,6.6588,-45.023,8.813,-0.802,0.607,8.599,0.214,Fairway,roll,0.000,0
1601,6.6629,-45.027,8.815,-0.803,0.566,8.599,0.216,Fairway,roll,0.000,0
1602,6.6671,-45.031,8.818,-0.805,0.525,8.599,0.219,Fairway,roll,0.000,0
1603,6.6713,-45.035,8.820,-0.806,0.484,8.599,0.221,Fairway,roll,0.000,0
1604,6.6754,-45.038,8.822,-0.808,0.444,8.599,0.223,Fairway,roll,0.000,0
1605,6.6796,-45.042,8.824,-0.809,0.403,8.599,0.225,Fairway,roll,0.000,0
1606,6.6838,-45.046,8.825,-0.811,0.362,8.599,0.226,Fairway,roll,0.000,0
1607,6.6879,-45.050,8.827,-0.812,0.321,8.599,0.228,Fairway,roll,0.000,0
1608,6.6921,-45.053,8.828,-0.814,0.280,8.598,0.229,Fairway,roll,0.000,0
1609,6.6963,-45.057,8.829,-0.815,0.239,8.598,0.230,Fairway,roll,0.000,0
1610,6.7004,-45.061,8.830,-0.817,0.198,8.598,0.232,Fairway,roll,0.000,0
1611,6.7046,-45.065,8.830,-0.818,0.158,8.598,0.232,Fairway,roll,0.000,0
1612,6.7088,-45.068,8.831,-0.820,0.117,8.598,0.233,Fairway,roll,0.000,0
1613,6.7129,-45.072,8.831,-0.821,0.076,8.598,0.233,Fairway,roll,0.000,0
1614,6.7171,-45.076,8.832,-0.822,0.035,8.598,0.234,Fairway,roll,0.000,0
1615,6.7213,-45.080,8.832,-0.824,-0.006,8.598,0.234,Fairway,roll,0.000,0
1616,6.7254,-45.083,8.832,-0.825,-0.047,8.598,0.234,Fairway,roll,0.000,0
1617,6.7296,-45.087,8.831,-0.827,-0.088,8.597,0.234,Fairway,roll,0.000,0
1618,6.7337,-45.091,8.831,-0.828,-0.128,8.597,0.233,Fairway,roll,0.000,0
1619,6.7379,-45.094,8.830,-0.830,-0.169,8.597,0.233,Fairway,roll,0.000,0
1620,6.7421,-45.098,8.829,-0.831,-0.210,8.597,0.232,Fairway,roll,0.000,0
1621,6.7462,-45.102,8.829,-0.833,-0.251,8.597,0.231,Fairway,roll,0.000,0
1622,6.7504,-45.106,8.827,-0.834,-0.292,8.597,0.231,Fairway,roll,0.000,0
1623,6.7546,-45.109,8.826,-0.836,-0.333,8.597,0.229,Fairway,roll,0.000,0
1624,6.7587,-45.113,8.825,-0.837,-0.373,8.597,0.228,Fairway,roll,0.000,0
1625,6.7629,-45.117,8.823,-0.839,-0.414,8.597,0.226,Fairway,roll,0.000,0
1626,6.7671,-45.121,8.821,-0.840,-0.455,8.597,0.225,Fairway,roll,0.000,0
1627,6.7712,-45.124,8.819,-0.842,-0.496,8.596,0.223,Fairway,roll,0.000,0
1628,6.7754,-45.128,8.817,-0.843,-0.537,8.596,0.221,Fairway,roll,0.000,0
1629,6.7796,-45.132,8.815,-0.844,-0.578,8.596,0.219,Fairway,roll,0.000,0
1630,6.7837,-45.136,8.812,-0.846,-0.618,8.596,0.216,Fairway,roll,0.000,0
1631,6.7879,-45.139,8.810,-0.847,-0.659,8.596,0.214,Fairway,roll,0.000,0
1632,6.7921,-45.143,8.807,-0.849,-0.700,8.596,0.211,Fairway,roll,0.000,0
1633,6.7962,-45.147,8.804,-0.850,-0.741,8.596,0.208,Fairway,roll,0.000,0
1634,6.8004,-45.151,8.801,-0.852,-0.782,8.595,0.205,Fairway,roll,0.000,0
1635,6.8046,-45.154,8.797,-0.853,-0.822,8.595,0.202,Fairway,roll,0.000,0
1636,6.8087,-45.158,8.794,-0.855,-0.863,8.595,0.199,Fairway,roll,0.000,0
1637,6.8129,-45.162,8.790,-0.856,-0.904,8.595,0.195,Fairway,roll,0.000,0
1638,6.8171,-45.166,8.786,-0.858,-0.945,8.595,0.191,Fairway,roll,0.000,0
1639,6.8212,-45.169,8.782,-0.859,-0.986,8.595,0.187,Fairway,roll,0.000,0
1640,6.8254,-45.173,8.778,-0.861,-1.026,8.595,0.183,Fairway,roll,0.000,0
1641,6.8296,-45.177,8.774,-0.862,-1.067,8.595,0.179,Fairway,roll,0.000,0
1642,6.8337,-45.180,8.769,-0.863,-1.108,8.595,0.175,Fairway,roll,0.000,0
1643,6.8379,-45.184,8.765,-0.865,-1.149,8.594,0.170,Fairway,roll,0.000,0
1644,6.8421,-45.188,8.760,-0.866,-1.189,8.594,0.165,Fairway,roll,0.000,0
1645,6.8462,-45.192,8.755,-0.868,-1.230,8.594,0.161,Fairway,roll,0.000,0
1646,6.8504,-45.195,8.749,-0.869,-1.271,8.594,0.156,Fairway,roll,0.000,0
1647,6.8546,-45.199,8.744,-0.871,-1.311,8.594,0.150,Fairway,roll,0.000,0
1648,6.8587,-45.203,8.738,-0.872,-1.352,8.594,0.145,Fairway,roll,0.000,0
1649,6.8629,-45.207,8.733,-0.874,-1.393,8.594,0.139,Fairway,roll,0.000,0
1650,6.8671,-45.210,8.727,-0.875,-1.434,8.593,0.134,Fairway,roll,0.000,0
1651,6.8712,-45.214,8.721,-0.877,-1.474,8.593,0.127,Fairway,roll,0.000,0
1652,6.8754,-45.218,8.715,-0.878,-1.515,8.593,0.121,Fairway,roll,0.000,0
1653,6.8795,-45.222,8.708,-0.880,-1.556,8.593,0.115,Fairway,roll,0.000,0
1654,6.8837,-45.225,8.702,-0.881,-1.596,8.593,0.109,Fairway,roll,0.000,0
1655,6.8879,-45.229,8.695,-0.883,-1.637,8.593,0.102,Fairway,roll,0.000,0
1656,6.8920,-45.233,8.688,-0.884,-1.677,8.593,0.095,Fairway,roll,0.000,0
1657,6.8962,-45.237,8.681,-0.885,-1.718,8.592,0.089,Fairway,roll,0.000,0
1658,6.9004,-45.240,8.674,-0.887,-1.759,8.592,0.081,Fairway,roll,0.000,0
1659,6.9045,-45.244,8.666,-0.888,-1.799,8.592,0.074,Fairway,roll,0.000,0
1660,6.9087,-45.248,8.659,-0.890,-1.840,8.592,0.067,Fairway,roll,0.000,0
1661,6.9129,-45.251,8.651,-0.891,-1.881,8.592,0.059,Fairway,roll,0.000,0
1662,6.9170,-45.255,8.643,-0.893,-1.921,8.592,0.051,Fairway,roll,0.000,0
1663,6.9212,-45.259,8.635,-0.894,-1.962,8.592,0.043,Fairway,roll,0.000,0
1664,6.9254,-45.263,8.627,-0.896,-2.003,8.592,0.035,Fairway,roll,0.000,0
1665,6.9295,-45.266,8.618,-0.897,-2.043,8.591,0.027,Fairway,roll,0.000,0
1666,6.9337,-45.270,8.610,-0.899,-2.084,8.591,0.018,Fairway,roll,0.000,0
1667,6.9379,-45.274,8.601,-0.900,-2.125,8.591,0.010,Fairway,roll,0.000,0
1668,6.9420,-45.277,8.592,-0.902,-2.165,8.591,0.001,Fairway,roll,0.000,0
1669,6.9425,-45.278,8.591,-0.902,-2.170,8.591,0.000,Fairway,roll,0.000,0
1670,6.9467,-45.280,8.595,-0.902,1.044,8.591,0.004,Fairway,roll,0.000,0
1671,6.9509,-45.281,8.600,-0.903,1.003,8.591,0.009,Fairway,roll,0.000,0
1672,6.9550,-45.283,8.604,-0.904,0.962,8.591,0.013,Fairway,roll,0.000,0
1673,6.9592,-45.285,8.608,-0.904,0.921,8.591,0.017,Fairway,roll,0.000,0
1674,6.9633,-45.286,8.611,-0.905,0.881,8.591,0.021,Fairway,roll,0.000,0
1675,6.9675,-45.288,8.615,-0.906,0.840,8.591,0.024,Fairway,roll,0.000,0
1676,6.9717,-45.290,8.618,-0.906,0.799,8.591,0.028,Fairway,roll,0.000,0
1677,6.9758,-45.291,8.622,-0.907,0.758,8.591,0.031,Fairway,roll,0.000,0
1678,6.9800,-45.293,8.625,-0.908,0.717,8.591,0.034,Fairway,roll,0.000,0
1679,6.9842,-45.295,8.628,-0.908,0.676,8.591,0.037,Fairway,roll,0.000,0
1680,6.9883,-45.296,8.630,-0.909,0.635,8.591,0.040,Fairway,roll,0.000,0
1681,6.9925,-45.298,8.633,-0.910,0.594,8.590,0.042,Fairway,roll,0.000,0
1682,6.9967,-45.300,8.635,-0.910,0.553,8.590,0.045,Fairway,roll,0.000,0
1683,7.0008,-45.301,8.637,-0.911,0.513,8.590,0.047,Fairway,roll,0.000,0
1684,7.0050,-45.303,8.639,-0.912,0.472,8.590,0.049,Fairway,roll,0.000,0
1685,7.0092,-45.305,8.641,-0.912,0.431,8.590,0.051,Fairway,roll,0.000,0
1686,7.0133,-45.306,8.643,-0.913,0.390,8.590,0.053,Fairway,roll,0.000,0
1687,7.0175,-45.308,8.645,-0.914,0.349,8.590,0.054,Fairway,roll,0.000,0
1688,7.0217,-45.310,8.646,-0.914,0.308,8.590,0.056,Fairway,roll,0.000,0
1689,7.0258,-45.312,8.647,-0.915,0.267,8.590,0.057,Fairway,roll,0.000,0
1690,7.0300,-45.313,8.648,-0.916,0.227,8.590,0.058,Fairway,roll,0.000,0
1691,7.0342,-45.315,8.649,-0.916,0.186,8.590,0.059,Fairway,roll,0.000,0
1692,7.0383,-45.317,8.650,-0.917,0.145,8.590,0.060,Fairway,roll,0.000,0
1693,7.0425,-45.318,8.650,-0.917,0.104,8.590,0.060,Fairway,roll,0.000,0
1694,7.0467,-45.320,8.651,-0.918,0.063,8.590,0.061,Fairway,roll,0.000,0
1695,7.0508,-45.322,8.651,-0.919,0.022,8.590,0.061,Fairway,roll,0.000,0
1696,7.0550,-45.323,8.651,-0.919,-0.018,8.590,0.061,Fairway,roll,0.000,0
1697,7.0592,-45.325,8.651,-0.920,-0.059,8.590,0.061,Fairway,roll,0.000,0
1698,7.0633,-45.327,8.650,-0.921,-0.100,8.590,0.061,Fairway,roll,0.000,0
1699,7.0675,-45.328,8.650,-0.921,-0.141,8.590,0.060,Fairway,roll,0.000,0
1700,7.0717,-45.330,8.649,-0.922,-0.182,8.590,0.059,Fairway,roll,0.000,0
1701,7.0758,-45.332,8.648,-0.923,-0.223,8.590,0.059,Fairway,roll,0.000,0
1702,7.0800,-45.333,8.647,-0.923,-0.264,8.590,0.058,Fairway,roll,0.000,0
1703,7.0842,-45.335,8.646,-0.924,-0.304,8.590,0.057,Fairway,roll,0.000,0
1704,7.0883,-45.337,8.645,-0.925,-0.345,8.589,0.055,Fairway,roll,0.000,0
1705,7.0925,-45.338,8.643,-0.925,-0.386,8.589,0.054,Fairway,roll,0.000,0
1706,7.0966,-45.340,8.642,-0.926,-0.427,8.589,0.052,Fairway,roll,0.000,0
1707,7.1008,-45.342,8.640,-0.927,-0.468,8.589,0.050,Fairway,roll,0.000,0
1708,7.1050,-45.343,8.638,-0.927,-0.509,8.589,0.048,Fairway,roll,0.000,0
1709,7.1091,-45.345,8.635,-0.928,-0.549,8.589,0.046,Fairway,roll,0.000,0
1710,7.1133,-45.347,8.633,-0.929,-0.590,8.589,0.044,Fairway,roll,0.000,0
1711,7.1175,-45.348,8.631,-0.929,-0.631,8.589,0.041,Fairway,roll,0.000,0
1712,7.1216,-45.350,8.628,-0.930,-0.672,8.589,0.039,Fairway,roll,0.000,0
1713,7.1258,-45.352,8.625,-0.931,-0.713,8.589,0.036,Fairway,roll,0.000,0
1714,7.1300,-45.353,8.622,-0.931,-0.753,8.589,0.033,Fairway,roll,0.000,0
1715,7.1341,-45.355,8.619,-0.932,-0.794,8.589,0.030,Fairway,roll,0.000,0
1716,7.1383,-45.357,8.615,-0.933,-0.835,8.589,0.026,Fairway,roll,0.000,0
1717,7.1425,-45.359,8.612,-0.933,-0.876,8.589,0.023,Fairway,roll,0.000,0
1718,7.1466,-45.360,8.608,-0.934,-0.917,8.589,0.019,Fairway,roll,0.000,0
1719,7.1508,-45.362,8.604,-0.935,-0.957,8.589,0.015,Fairway,roll,0.000,0
1720,7.1550,-45.364,8.600,-0.935,-0.998,8.589,0.011,Fairway,roll,0.000,0
1721,7.1591,-45.365,8.596,-0.936,-1.039,8.589,0.007,Fairway,roll,0.000,0
1722,7.1633,-45.367,8.591,-0.937,-1.080,8.589,0.003,Fairway,roll,0.000,0
1723,7.1660,-45.368,8.588,-0.937,-1.106,8.588,0.000,Fairway,roll,0.000,0
1724,7.1701,-45.369,8.591,-0.937,0.512,8.588,0.002,Fairway,roll,0.000,0
1725,7.1743,-45.369,8.593,-0.938,0.471,8.588,0.004,Fairway,roll,0.000,0
1726,7.1785,-45.370,8.595,-0.938,0.430,8.588,0.006,Fairway,roll,0.000,0
1727,7.1826,-45.371,8.596,-0.938,0.390,8.588,0.008,Fairway,roll,0.000,0
1728,7.1868,-45.372,8.598,-0.938,0.349,8.588,0.009,Fairway,roll,0.000,0
1729,7.1910,-45.372,8.599,-0.939,0.308,8.588,0.011,Fairway,roll,0.000,0
1730,7.1951,-45.373,8.600,-0.939,0.267,8.588,0.012,Fairway,roll,0.000,0
1731,7.1993,-45.374,8.601,-0.939,0.226,8.588,0.013,Fairway,roll,0.000,0
1732,7.2035,-45.375,8.602,-0.940,0.185,8.588,0.014,Fairway,roll,0.000,0
1733,7.2076,-45.375,8.603,-0.940,0.145,8.588,0.014,Fairway,roll,0.000,0
1734,7.2118,-45.376,8.603,-0.940,0.104,8.588,0.015,Fairway,roll,0.000,0
1735,7.2160,-45.377,8.604,-0.940,0.063,8.588,0.015,Fairway,roll,0.000,0
1736,7.2201,-45.378,8.604,-0.941,0.022,8.588,0.016,Fairway,roll,0.000,0
1737,7.2243,-45.378,8.604,-0.941,-0.019,8.588,0.016,Fairway,roll,0.000,0
1738,7.2285,-45.379,8.604,-0.941,-0.060,8.588,0.016,Fairway,roll,0.000,0
1739,7.2326,-45.380,8.603,-0.942,-0.101,8.588,0.015,Fairway,roll,0.000,0
1740,7.2368,-45.381,8.603,-0.942,-0.141,8.588,0.015,Fairway,roll,0.000,0
1741,7.2410,-45.381,8.602,-0.942,-0.182,8.588,0.014,Fairway,roll,0.000,0
1742,7.2451,-45.382,8.601,-0.942,-0.223,8.588,0.013,Fairway,roll,0.000,0
1743,7.2493,-45.383,8.600,-0.943,-0.264,8.588,0.012,Fairway,roll,0.000,0
1744,7.2534,-45.384,8.599,-0.943,-0.305,8.588,0.011,Fairway,roll,0.000,0
1745,7.2576,-45.384,8.598,-0.943,-0.346,8.588,0.010,Fairway,roll,0.000,0
1746,7.2618,-45.385,8.596,-0.944,-0.386,8.588,0.008,Fairway,roll,0.000,0
1747,7.2659,-45.386,8.595,-0.944,-0.427,8.588,0.007,Fairway,roll,0.000,0
1748,7.2701,-45.387,8.593,-0.944,-0.468,8.588,0.005,Fairway,roll,0.000,0
1749,7.2743,-45.387,8.591,-0.944,-0.509,8.588,0.003,Fairway,roll,0.000,0
1750,7.2784,-45.388,8.589,-0.945,-0.550,8.588,0.001,Fairway,roll,0.000,0
1751,7.2797,-45.388,8.588,-0.945,-0.562,8.588,0.000,Fairway,roll,0.000,0
1752,7.2838,-45.389,8.609,-0.945,0.000,8.588,0.021,Fairway,roll,0.000,0
1753,7.2880,-45.389,8.609,-0.945,0.000,8.588,0.021,Fairway,roll,0.000,0
1754,7.2922,-45.389,8.609,-0.945,0.000,8.588,0.021,Fairway,roll,0.000,0
1755,7.2963,-45.390,8.609,-0.945,0.000,8.588,0.021,Fairway,roll,0.000,0
1756,7.3005,-45.390,8.609,-0.946,0.000,8.588,0.021,Fairway,roll,0.000,0
1757,7.3047,-45.391,8.609,-0.946,0.000,8.588,0.021,Fairway,roll,0.000,0
1758,7.3088,-45.391,8.609,-0.946,0.000,8.588,0.021,Fairway,roll,0.000,0
1759,7.3130,-45.391,8.609,-0.946,0.000,8.588,0.021,Fairway,roll,0.000,0
1760,7.3172,-45.392,8.609,-0.946,0.000,8.588,0.021,Fairway,roll,0.000,0
1761,7.3213,-45.392,8.609,-0.946,0.000,8.588,0.021,Fairway,roll,0.000,0
1762,7.3255,-45.392,8.609,-0.946,0.000,8.588,0.021,Fairway,roll,0.000,0
