125.16,125.01,124.72,124.35,124.00,123.65,123.24,122.85,122.49,122.10,121.72,121.35,121.04,120.85,120.62,120.38,120.02,119.20,117.55,116.10,114.73,112.97,109.88,107.11,104.59,102.28,100.51,99.83,99.43,99.06,98.67,98.25,98.31,98.49,98.35,97.29,96.59,96.07,95.32,93.95,92.64,91.57,90.56,89.68,89.55,89.53,89.53,89.53,89.50,89.49,89.49,89.51,89.54,89.57,89.53,89.42,89.27,89.12,88.97,88.59,88.11,87.64,86.80,85.98,85.30,85.07,86.03,87.47,89.00,90.46,91.50,90.58,88.94,87.07,85.15,83.35,81.67,80.44,79.74,79.31,78.93,78.51,78.05,77.66,77.47,77.27,77.08,76.96,76.95,76.95,76.74,76.39,76.19,75.97,75.74,75.63,75.78,76.18,76.63,77.07,77.59,78.55,80.83,85.46,90.64,93.55,95.46,96.42,97.08,97.79,98.58,99.59,100.64,101.50,101.80,101.99,101.81,101.29,100.24,98.09,95.12,91.77,88.16,84.28,80.95,78.93,77.84,77.01,76.24,75.50,74.81,74.17,73.31,72.07,70.98,70.12,69.39,68.89,68.47,68.05,67.61,67.08,66.47,65.83,65.25,65.00,64.87,64.70,64.50,64.35,64.27,64.13,64.03,64.00,64.02,64.73,65.77,67.02,68.72,71.15,73.15,73.55,71.39,69.05,67.04,65.77,65.24,64.78,65.28,66.17,67.14,68.18,69.52,70.96,72.50,73.67,72.79,71.49,70.49,70.37,71.97,73.69,74.72,75.22,75.43,75.35,73.95,72.12,70.34,68.70,67.11,65.65,64.37,63.39,62.61,61.90,61.28,60.85,60.75,60.73,60.84,61.21,62.05,62.98,63.33,63.15,62.61,61.81,61.34,61.13,61.07,61.08,61.03,60.39,59.47,59.07,58.91,58.79,58.66,58.51,58.36,58.30,58.41,58.67,58.96,59.25,59.55,60.24,62.03,65.15,68.40,71.80,75.36,78.42,79.55,79.84,79.91,80.00,79.83,79.43,78.78,77.89,77.07,76.81,77.16,78.00,78.90,79.76,80.31,80.70,81.16,81.63,81.84,81.96,82.08,82.16
125.32,124.87,124.39,123.95,123.57,123.23,122.88,122.52,122.19,121.82,121.45,121.07,120.73,120.46,119.95,119.28,118.25,116.37,113.16,110.35,108.10,106.06,103.18,100.51,98.73,97.75,97.11,96.67,96.40,96.20,95.94,95.36,94.97,94.57,93.76,91.86,90.73,90.30,90.17,90.00,89.88,89.70,89.49,89.30,89.21,89.18,89.16,89.13,89.07,89.05,89.05,89.09,89.17,89.23,89.13,88.94,88.73,88.56,88.39,87.92,87.35,86.94,86.23,85.45,85.18,85.81,87.16,88.69,90.21,91.66,92.71,91.33,89.49,87.68,85.92,84.23,82.48,80.92,79.74,79.19,78.72,78.25,77.83,77.53,77.45,77.31,77.01,76.60,76.39,76.20,75.91,75.58,75.36,75.09,74.85,74.76,74.97,75.40,75.85,76.30,76.89,77.98,79.66,82.85,86.41,88.50,90.26,91.63,92.99,94.51,95.86,97.39,98.87,100.00,100.39,100.70,100.67,100.25,99.18,96.81,94.06,91.15,87.88,83.84,80.38,78.20,76.93,75.97,75.14,74.40,73.65,72.85,72.16,71.09,70.10,69.32,68.69,68.14,67.59,67.09,66.65,66.18,65.71,65.27,64.91,64.77,64.68,64.67,64.71,64.72,64.66,64.49,64.39,64.54,65.11,65.98,66.92,68.00,69.65,72.56,75.21,75.94,73.50,70.88,68.87,67.55,66.81,66.00,66.27,67.03,68.02,69.27,71.27,73.11,74.76,75.86,75.13,73.99,73.15,73.38,75.87,78.28,78.92,78.27,77.06,75.54,73.78,71.96,70.19,68.72,67.38,66.20,65.20,64.55,63.87,63.23,62.64,62.17,62.01,61.98,62.13,62.58,63.49,64.47,64.81,64.56,63.88,63.00,62.39,62.10,62.12,62.28,62.49,61.45,59.82,59.38,59.25,59.13,58.98,58.82,58.67,58.52,58.51,58.68,58.97,59.21,59.49,60.07,61.52,64.62,68.03,71.97,76.28,79.31,80.05,80.11,80.14,80.21,80.20,79.99,79.45,78.55,77.83,77.72,77.96,78.43,79.07,79.82,80.32,80.67,81.12,81.56,82.01,82.41,82.74,82.87
125.03,124.51,124.02,123.56,123.13,122.75,122.41,122.09,121.78,121.45,121.11,120.78,120.46,119.98,117.72,114.67,111.40,108.32,106.13,104.42,102.88,101.32,99.48,97.72,96.41,95.54,94.92,94.45,94.05,93.72,93.38,92.69,92.03,91.53,91.06,90.34,89.86,89.64,89.56,89.49,89.43,89.34,89.24,89.14,89.01,88.90,88.79,88.70,88.67,88.62,88.64,88.73,88.84,88.87,88.71,88.52,88.31,88.01,87.78,87.34,86.75,86.17,85.56,85.53,85.98,86.87,88.16,89.70,91.28,92.78,93.69,91.81,89.60,87.63,85.94,84.39,82.71,81.09,79.81,79.29,78.78,78.29,77.95,77.97,78.40,78.86,79.16,79.02,77.90,76.75,75.87,75.28,74.79,74.29,73.96,73.91,74.19,74.59,75.00,75.41,75.96,77.03,78.25,80.01,82.09,84.02,85.76,87.54,89.59,91.85,93.54,95.25,96.81,97.98,98.46,98.75,98.60,97.89,96.40,94.24,91.86,89.55,86.97,83.05,79.93,77.67,76.01,74.78,74.06,73.34,72.58,71.79,71.00,70.16,69.40,68.72,68.11,67.51,66.88,66.25,65.71,65.50,65.70,66.02,66.27,66.26,66.53,67.06,67.72,68.22,68.28,67.90,67.31,66.75,66.77,67.35,68.16,69.47,72.34,76.41,78.55,78.46,76.39,73.68,70.77,68.73,67.82,67.03,67.20,67.91,69.00,70.81,74.53,76.92,78.00,78.14,77.78,77.22,77.23,77.99,79.19,80.08,79.77,78.42,76.47,75.41,73.96,72.25,70.55,69.17,68.03,67.11,66.38,65.75,65.12,64.53,63.97,63.52,63.43,63.42,63.58,64.03,64.94,65.94,66.28,65.97,65.17,64.26,63.47,63.19,63.50,63.81,64.06,62.72,60.55,59.71,59.56,59.45,59.30,59.14,58.99,58.83,58.72,58.73,58.98,59.21,59.49,60.00,61.28,64.53,68.16,72.54,77.27,79.62,80.18,80.27,80.33,80.40,80.41,80.24,79.85,79.27,78.86,78.87,79.13,79.49,79.76,80.15,80.47,80.77,81.17,81.53,81.96,82.39,82.77,83.12
124.63,124.09,123.60,123.14,122.71,122.29,121.95,121.64,121.34,121.03,120.72,120.13,119.02,116.92,113.29,109.02,105.03,102.30,101.10,100.24,99.25,98.04,96.82,95.51,94.50,93.86,93.51,93.20,92.89,92.60,92.29,91.70,91.05,90.40,89.90,89.81,89.71,89.64,89.59,89.56,89.49,89.43,89.37,89.28,89.13,88.97,88.82,88.69,88.60,88.48,88.40,88.41,88.52,88.50,88.31,88.11,87.88,87.51,87.21,86.78,86.32,85.98,85.71,86.16,86.95,87.91,89.22,90.88,92.60,94.07,94.47,92.12,89.66,87.56,85.73,84.07,82.52,81.04,79.82,79.34,78.84,78.50,78.43,78.94,80.55,81.73,82.25,81.84,80.08,78.24,76.89,76.02,75.35,74.73,74.28,73.95,73.73,73.75,74.09,74.47,74.90,75.76,76.74,77.83,79.06,80.45,81.88,83.55,85.82,88.76,91.44,93.35,94.75,95.69,96.04,96.08,95.58,94.59,93.12,91.47,89.69,88.02,86.11,82.90,80.18,77.74,75.54,73.84,72.92,72.22,71.52,70.79,70.09,69.48,68.88,68.25,67.61,66.94,66.25,65.82,65.95,66.21,66.79,67.54,68.28,68.62,69.26,70.19,71.24,72.11,72.49,72.15,71.23,70.02,69.52,69.83,70.72,72.46,75.86,79.37,80.81,80.50,79.04,76.93,73.89,70.99,68.91,68.03,68.11,69.05,70.90,74.00,77.84,79.95,80.57,80.21,80.00,79.85,80.27,81.01,81.03,80.71,79.68,77.90,75.63,74.68,73.66,72.38,70.99,69.88,68.94,68.19,67.58,66.97,66.37,65.85,65.37,64.98,64.92,64.91,65.04,65.47,66.45,67.41,67.70,67.33,66.45,65.53,64.62,64.26,64.60,65.01,65.43,64.75,63.25,62.02,61.93,61.08,60.02,59.49,59.27,59.09,58.94,58.87,59.00,59.21,59.47,59.93,61.20,64.81,69.33,74.17,78.44,79.88,80.24,80.33,80.38,80.43,80.51,80.47,80.27,79.94,79.75,79.81,80.01,80.24,80.31,80.47,80.66,80.91,81.27,81.58,81.96,82.36,82.76,83.19
124.17,123.65,123.16,122.71,122.31,121.86,121.51,121.20,120.88,120.53,120.10,118.91,116.38,111.83,107.38,103.17,99.97,98.72,98.15,97.64,96.91,95.91,94.98,93.80,93.04,92.82,93.00,93.00,92.94,92.83,92.63,92.33,91.89,91.06,90.11,89.98,90.02,90.11,90.23,90.37,90.38,90.36,90.25,90.00,89.64,89.38,89.19,89.02,88.81,88.59,88.33,88.18,88.22,88.14,87.95,87.73,87.47,87.11,86.76,86.36,86.12,86.33,86.56,87.18,87.95,88.89,90.45,92.37,94.25,95.56,95.14,92.39,89.78,87.55,85.44,83.47,82.02,80.78,79.75,79.35,78.94,79.03,79.60,80.84,83.91,85.66,85.94,84.86,82.76,80.57,78.87,77.71,76.91,76.28,75.67,74.84,73.73,73.08,73.22,73.50,73.75,74.26,75.16,76.24,77.16,77.66,78.58,79.74,81.78,85.15,89.23,91.44,92.59,93.15,93.20,92.78,91.81,90.65,89.64,88.71,87.64,86.55,85.28,83.20,80.95,78.29,75.46,73.07,71.74,71.06,70.50,69.88,69.43,69.01,68.49,67.87,67.19,66.44,65.79,65.95,67.47,68.61,69.34,70.16,71.14,71.90,72.82,73.89,75.01,76.03,76.79,76.68,75.70,74.12,73.27,73.38,74.45,76.54,79.63,81.25,82.01,82.08,81.34,80.28,77.93,74.41,70.69,69.69,69.61,70.89,73.77,78.33,80.88,82.10,82.43,82.08,81.78,81.82,82.12,82.28,81.47,80.40,78.91,76.96,74.72,73.44,72.86,72.25,71.44,70.75,70.05,69.39,68.78,68.19,67.66,67.19,66.80,66.53,66.45,66.43,66.50,66.87,67.97,68.89,69.09,68.63,67.70,66.78,65.81,65.29,65.45,65.94,66.63,67.33,67.39,65.96,66.01,64.04,61.55,60.20,59.60,59.31,59.15,59.08,59.06,59.23,59.46,59.89,61.29,65.61,71.44,76.59,79.64,80.13,80.25,80.29,80.29,80.32,80.49,80.64,80.67,80.54,80.46,80.50,80.59,80.68,80.69,80.77,80.90,81.09,81.40,81.71,82.03,82.38,82.76,83.15
123.63,123.17,122.72,122.27,121.88,121.42,121.06,120.76,120.37,119.66,118.20,115.79,112.40,108.20,103.70,100.42,98.36,97.18,96.22,95.57,94.90,94.27,94.33,94.29,94.35,94.54,94.73,94.76,94.64,94.42,94.25,94.36,94.04,93.06,91.78,91.39,91.94,92.88,93.91,94.78,95.36,95.47,94.78,93.14,91.10,89.99,89.52,89.33,89.06,88.82,88.50,88.22,88.06,87.89,87.72,87.50,87.28,87.08,86.92,86.76,86.69,86.94,87.32,87.92,88.68,89.91,92.55,94.90,96.68,97.50,96.39,93.30,90.29,87.74,85.55,83.44,81.48,80.19,79.66,79.46,79.42,80.99,83.65,86.37,88.95,89.87,89.55,88.22,86.05,83.74,81.62,79.83,78.57,77.97,77.21,76.25,75.14,73.76,72.84,72.48,72.61,72.88,73.63,74.56,75.22,75.27,76.03,77.05,78.45,80.86,85.26,88.06,89.55,90.09,89.92,89.17,88.02,87.13,86.97,86.53,85.69,84.82,83.95,82.69,81.14,78.63,75.34,72.03,70.65,70.13,69.78,69.35,68.99,68.55,68.07,67.56,66.95,66.20,66.13,67.47,70.82,74.61,75.95,76.49,77.03,77.50,78.01,78.54,79.08,79.60,79.92,79.78,79.22,78.35,77.83,77.80,78.31,79.41,81.12,82.19,83.00,83.38,82.96,82.14,80.83,78.90,76.74,75.95,75.63,76.25,78.00,80.84,82.68,83.67,84.02,83.79,83.45,83.27,82.78,81.88,80.68,79.05,77.36,75.56,73.64,72.14,71.68,71.60,71.60,71.57,71.05,70.48,69.97,69.51,69.22,68.59,68.06,68.00,68.01,67.91,67.84,68.10,69.18,70.24,70.41,69.83,68.82,67.93,66.99,66.34,66.31,67.09,68.03,69.09,69.81,69.39,69.49,68.41,66.25,63.31,60.37,59.50,59.37,59.34,59.31,59.39,59.53,60.00,61.84,67.94,74.11,78.35,79.97,80.18,80.19,80.15,80.12,80.13,80.25,80.46,80.70,80.89,80.97,81.01,81.06,81.12,81.13,81.15,81.20,81.31,81.53,81.84,82.14,82.48,82.86,83.21
123.09,122.68,122.26,121.82,121.41,120.97,120.56,120.06,119.29,117.94,115.75,112.70,109.03,105.38,101.27,98.83,97.50,96.19,94.97,94.50,94.21,94.07,94.90,95.73,96.38,96.80,96.89,96.85,96.60,96.28,96.09,96.41,96.33,95.59,94.56,94.36,95.27,96.51,97.79,98.98,99.72,99.78,98.79,96.57,93.75,91.73,90.42,89.66,89.32,89.05,88.72,88.36,88.06,87.87,87.73,87.56,87.38,87.33,87.30,87.33,87.41,87.60,88.02,88.57,89.56,91.52,95.09,97.67,99.19,99.55,98.03,94.82,91.57,88.85,86.88,85.10,83.19,82.10,82.01,82.24,82.73,85.12,88.69,91.90,93.73,93.91,93.15,91.75,89.67,87.47,85.21,83.04,81.33,80.40,79.30,78.12,76.98,75.21,73.03,71.75,71.64,71.68,72.16,72.79,73.16,72.94,73.53,74.37,75.22,76.60,80.40,83.44,85.25,85.95,85.75,85.04,84.21,83.86,84.31,84.32,83.71,83.04,82.45,81.51,80.14,77.64,74.28,70.92,69.77,69.41,69.19,68.91,68.62,68.15,67.69,67.23,66.67,65.99,66.61,69.27,74.42,79.52,81.21,81.61,81.82,82.08,82.22,82.33,82.43,82.52,82.41,82.15,81.83,81.53,81.30,81.04,81.01,81.34,82.11,82.95,83.85,84.51,84.51,83.92,83.34,82.71,82.01,81.47,81.13,81.22,81.82,82.98,84.39,85.21,85.37,84.92,84.33,83.69,82.50,80.83,79.24,77.25,75.38,73.70,72.17,70.85,70.45,70.69,71.31,71.79,71.62,71.31,71.07,70.92,70.84,70.28,69.80,69.83,69.81,69.56,69.38,69.56,70.48,71.61,71.71,70.96,69.84,68.89,68.02,67.36,67.24,68.13,69.16,70.49,71.73,72.08,72.17,71.76,70.14,66.59,61.74,59.98,59.59,59.57,59.57,59.57,59.64,60.16,62.46,69.75,75.93,79.39,80.04,80.14,80.09,79.97,79.84,79.78,79.83,80.14,80.58,81.02,81.27,81.39,81.47,81.52,81.54,81.55,81.56,81.61,81.74,81.97,82.27,82.61,82.98,83.30
122.59,122.17,121.78,121.36,120.91,120.40,119.81,118.84,117.22,114.94,112.80,110.25,107.06,103.40,100.20,98.18,96.80,95.48,94.55,94.93,95.57,96.08,97.09,98.05,98.73,99.09,99.08,98.85,98.52,98.17,97.96,98.11,98.47,98.62,98.70,99.44,100.34,100.75,101.01,101.64,101.72,101.41,100.77,99.66,97.92,95.22,92.32,90.05,89.59,89.26,88.91,88.55,88.28,88.16,88.12,88.03,87.90,87.88,87.83,87.92,88.11,88.29,88.66,89.19,90.82,94.09,98.08,100.47,101.59,101.60,100.16,97.18,93.98,91.45,90.13,89.35,88.58,88.16,88.35,89.32,90.45,92.24,94.38,96.23,97.48,97.50,96.73,95.39,93.61,91.81,89.91,87.89,85.83,84.00,82.24,80.59,79.11,77.50,74.12,71.66,70.99,70.76,70.81,70.95,70.96,70.62,70.90,71.43,71.94,72.66,74.73,77.30,79.21,80.17,80.25,80.14,80.34,80.79,81.31,81.77,81.54,81.20,80.74,79.41,77.34,74.57,71.73,69.83,69.21,68.93,68.70,68.47,68.28,67.88,67.38,66.85,66.31,65.77,67.05,71.08,77.79,81.46,82.93,83.55,83.86,84.20,84.29,84.38,84.48,84.47,84.22,83.75,83.29,82.98,82.73,82.10,81.78,82.08,83.00,83.72,84.55,85.44,86.13,86.00,85.55,85.06,84.64,84.31,84.36,84.42,84.55,85.10,86.34,86.81,86.36,85.10,83.91,82.61,81.06,79.21,77.11,75.02,72.99,71.24,70.13,69.62,69.27,69.50,70.37,71.03,71.47,71.75,72.02,72.40,72.48,72.44,72.36,72.27,72.03,71.54,71.29,71.45,72.03,73.07,73.02,72.04,70.73,69.59,68.81,68.36,68.33,68.94,69.87,71.59,73.38,73.71,73.71,72.97,71.67,69.31,63.93,60.97,59.85,59.79,59.79,59.81,59.84,60.43,63.07,70.22,76.16,79.43,79.97,80.00,79.94,79.72,79.39,79.17,79.20,79.70,80.34,80.86,81.28,81.64,81.82,81.85,81.91,81.92,81.96,82.01,82.05,82.15,82.40,82.73,83.11,83.42
122.07,121.63,121.22,120.83,120.00,116.47,114.81,114.14,113.19,111.88,110.08,107.57,104.46,101.40,99.25,97.63,96.25,95.06,94.95,95.85,96.91,97.91,99.31,100.78,101.98,102.69,102.59,102.08,101.82,101.77,101.78,101.69,102.29,102.68,102.76,103.21,103.35,103.23,103.18,103.41,103.00,102.41,101.76,100.97,99.78,97.62,94.60,91.54,89.96,89.42,89.07,88.77,88.58,88.55,88.56,88.50,88.40,88.36,88.39,88.52,88.72,88.93,89.26,90.45,92.85,96.52,100.39,102.74,103.94,104.19,103.18,100.37,97.36,95.09,94.08,93.56,93.27,93.29,93.79,95.05,96.10,97.17,98.24,99.18,99.81,99.72,99.20,98.38,97.31,95.90,94.14,92.15,90.07,88.01,85.97,83.94,82.01,80.31,77.82,74.98,72.32,70.70,70.26,70.17,70.06,69.84,69.91,70.10,70.27,70.47,71.24,72.46,73.51,74.16,74.31,74.37,74.65,75.11,75.70,76.52,76.97,76.89,76.12,74.59,73.21,71.67,70.17,69.18,68.67,68.41,68.20,67.98,67.82,67.51,67.06,66.53,66.09,66.19,67.86,72.17,79.16,82.27,84.14,85.32,85.92,86.26,86.36,86.44,86.45,86.16,85.79,85.27,84.73,84.28,83.87,83.06,82.47,82.51,83.56,84.44,85.29,86.18,87.07,87.56,87.56,87.46,87.43,87.40,87.52,87.57,87.52,87.43,87.33,86.73,85.62,84.06,82.61,81.00,79.12,76.96,74.60,72.49,70.81,69.59,68.96,68.77,68.66,68.82,69.37,70.12,70.80,71.44,72.17,73.24,74.40,74.88,74.98,74.92,74.56,74.14,73.93,73.97,74.16,74.82,74.45,73.27,71.90,70.61,70.04,70.00,70.43,71.26,72.17,73.71,75.28,75.39,74.98,73.91,72.48,70.47,66.38,62.97,61.09,60.69,60.97,61.57,61.95,62.63,64.89,70.12,75.32,78.69,79.58,79.38,79.11,78.86,78.62,78.41,78.68,79.36,80.11,80.67,81.10,81.53,81.84,82.03,82.17,82.24,82.28,82.31,82.36,82.39,82.57,82.85,83.19,83.50
121.54,121.08,120.00,118.71,117.48,111.73,109.22,108.72,108.39,108.10,106.78,104.52,101.77,99.59,98.32,97.08,95.79,94.89,95.62,96.83,98.18,99.73,101.85,103.87,105.62,106.74,106.54,105.92,105.79,106.00,106.19,105.93,106.50,106.74,106.43,106.24,105.60,105.11,104.87,104.71,103.96,103.17,102.42,101.67,100.79,99.40,96.68,93.17,90.40,89.58,89.23,88.99,88.90,88.95,88.98,88.95,88.89,88.83,88.95,89.10,89.35,89.81,90.32,92.22,95.25,99.05,102.55,104.95,106.34,106.87,106.37,104.05,101.55,99.71,98.91,98.24,97.94,97.89,98.25,99.45,100.23,100.69,101.06,101.40,101.50,101.35,101.08,100.75,100.33,99.31,97.81,95.98,94.03,91.90,89.66,87.30,84.94,83.13,81.73,79.00,74.99,72.30,71.17,70.43,69.84,69.65,69.56,69.50,69.40,69.27,69.15,69.14,69.27,69.46,69.55,69.59,69.71,69.99,70.55,71.50,72.40,72.49,71.53,70.10,69.60,69.34,69.05,68.66,68.15,67.88,67.69,67.48,67.31,67.11,66.75,66.25,66.01,67.08,69.64,74.16,80.40,83.12,85.36,87.03,87.88,88.19,88.32,88.38,88.26,87.76,87.27,86.71,86.12,85.51,84.89,83.98,83.16,82.90,83.98,85.07,86.00,86.86,87.79,88.79,89.24,89.52,89.81,90.00,90.07,90.06,89.86,89.17,87.66,86.02,84.36,82.69,81.10,79.30,77.18,74.75,72.22,70.27,69.09,68.44,68.15,68.11,68.22,68.31,68.49,69.20,69.91,70.83,72.15,74.14,76.38,77.31,77.50,77.47,77.11,76.87,76.74,76.65,76.46,76.57,75.85,74.53,73.17,71.91,71.64,72.04,72.93,74.13,75.07,76.22,77.21,77.01,76.17,74.68,72.91,70.96,68.28,64.83,62.55,62.03,62.70,63.88,64.72,65.50,67.11,70.06,74.18,77.45,78.70,78.38,77.96,77.77,77.74,77.74,78.28,79.08,79.89,80.47,80.87,81.32,81.74,82.10,82.34,82.50,82.56,82.58,82.65,82.67,82.78,82.99,83.27,83.56
120.97,120.51,116.68,111.65,110.24,107.62,105.76,104.36,103.05,102.16,101.41,100.50,99.41,98.36,97.44,96.38,95.48,95.33,96.38,97.63,99.24,101.67,105.35,107.64,109.62,111.03,110.63,110.51,110.59,110.68,110.63,110.49,110.32,109.79,108.93,108.15,107.42,106.72,106.02,105.36,104.59,103.81,103.00,102.13,101.26,100.23,97.77,94.18,90.90,89.78,89.39,89.22,89.20,89.27,89.33,89.36,89.34,89.34,89.46,89.62,90.14,91.52,92.90,94.98,98.09,102.00,104.92,107.49,108.93,109.34,109.24,108.44,107.33,106.42,105.86,104.47,103.18,101.70,100.47,100.96,101.43,101.87,102.27,102.55,102.56,102.38,102.11,101.79,101.40,100.85,100.10,99.06,97.38,95.02,92.48,89.85,87.22,85.45,83.81,81.97,80.01,78.39,75.95,72.97,70.49,69.83,69.68,69.64,69.59,69.50,69.41,69.39,69.30,69.13,68.99,68.83,68.91,69.13,69.39,69.76,70.12,70.15,69.77,69.22,68.87,68.61,68.37,68.08,67.63,67.37,67.19,66.97,66.81,66.69,66.42,66.06,66.20,68.86,74.15,79.69,83.13,85.21,87.16,88.68,89.52,89.80,89.96,89.92,89.70,89.31,88.70,88.00,87.33,86.66,85.78,84.84,83.91,83.43,84.34,85.44,86.54,87.54,88.44,89.48,90.06,90.45,90.75,90.81,90.74,90.53,90.04,88.89,86.80,84.85,83.11,81.46,79.73,77.86,75.74,73.28,70.60,69.30,68.58,68.09,67.77,67.67,67.77,67.91,68.08,68.44,68.79,69.97,72.30,75.84,78.29,79.34,79.62,79.56,79.41,79.37,79.37,79.24,78.72,78.06,77.02,75.75,74.51,73.82,74.01,74.70,75.78,77.34,78.40,78.98,79.05,78.40,77.36,75.20,72.83,70.85,68.16,65.28,63.84,64.13,65.26,66.54,67.73,68.69,69.42,70.63,73.07,75.38,76.59,76.61,76.42,76.47,76.83,77.45,78.17,78.96,79.70,80.28,80.68,81.13,81.56,81.94,82.28,82.66,82.81,82.84,82.91,82.97,83.10,83.24,83.39,83.64
119.06,116.55,112.13,107.53,105.97,104.41,102.85,101.40,100.17,99.22,98.67,98.22,97.76,97.20,96.50,95.93,95.68,96.05,97.10,98.34,100.59,104.48,109.61,112.80,114.72,115.55,114.88,114.15,114.00,113.94,113.58,113.32,112.66,111.64,110.43,109.29,108.44,107.59,106.71,105.83,104.99,104.16,103.28,102.36,101.48,100.56,98.29,94.88,91.57,90.13,89.63,89.50,89.52,89.59,89.71,90.05,90.58,91.12,91.60,92.20,93.13,94.63,96.22,98.86,102.30,105.83,107.64,109.32,110.31,110.64,110.71,110.55,110.09,109.64,109.27,108.12,106.25,103.93,101.96,102.23,102.62,103.06,103.45,103.65,103.58,103.37,103.08,102.77,102.41,102.03,101.56,100.81,99.30,96.94,94.27,91.46,88.75,87.01,85.32,83.79,82.47,81.11,78.70,75.18,71.93,70.87,70.29,69.99,69.84,69.80,69.75,69.75,69.65,69.47,69.29,69.01,68.86,68.74,68.64,68.79,68.97,68.98,68.79,68.56,68.26,67.98,67.80,67.81,67.77,67.69,67.54,67.38,67.51,67.71,67.98,68.55,70.11,73.78,78.91,83.51,85.81,87.51,88.88,89.94,90.61,90.85,91.05,91.00,90.75,90.40,89.84,89.16,88.43,87.62,86.66,85.72,84.76,84.12,84.72,85.77,86.91,87.99,88.96,89.89,90.51,90.95,91.17,91.03,90.75,90.20,89.31,87.92,85.80,83.71,81.84,80.16,78.33,76.44,74.49,72.40,70.17,69.06,68.41,67.91,67.50,67.33,67.39,67.54,67.74,68.03,68.33,69.35,72.07,77.47,79.67,80.60,80.93,80.84,80.78,80.83,80.87,80.73,80.10,79.27,78.18,76.94,75.90,75.78,76.34,77.16,78.16,79.33,80.13,80.46,80.29,79.52,78.38,75.87,73.08,70.78,68.04,66.15,65.70,66.55,67.67,68.54,69.37,70.03,70.34,70.94,72.67,74.31,75.20,75.72,76.19,76.67,77.22,77.94,78.65,79.34,79.92,80.35,80.74,81.13,81.53,81.91,82.27,82.69,82.96,83.09,83.20,83.28,83.41,83.54,83.64,83.83
116.61,111.68,107.76,105.25,103.47,101.85,100.47,99.42,98.72,98.05,97.55,97.16,96.78,96.36,95.88,95.87,96.27,96.94,97.85,99.26,102.45,107.93,114.06,117.99,119.59,119.54,118.69,117.12,116.58,116.34,115.66,115.08,114.05,112.74,111.29,109.94,108.93,108.01,107.07,106.12,105.16,104.25,103.34,102.43,101.52,100.59,98.48,95.34,92.30,90.59,90.09,90.05,90.07,90.26,90.69,91.59,92.89,94.13,95.10,96.28,97.66,99.05,100.41,103.38,106.84,109.57,110.17,110.62,111.00,111.28,111.41,111.36,111.09,110.78,110.52,109.98,107.88,105.19,103.08,103.42,103.82,104.25,104.62,104.73,104.61,104.34,104.03,103.72,103.41,103.05,102.55,101.77,100.32,98.06,95.30,92.38,89.70,87.96,86.32,84.78,83.31,81.79,80.08,77.05,73.87,72.44,71.30,70.59,70.25,70.25,70.24,70.23,70.19,70.13,70.02,69.69,69.23,68.69,68.22,68.30,68.46,68.46,68.26,68.08,67.89,67.73,67.75,68.20,68.70,68.84,68.72,68.64,69.25,69.94,71.00,72.79,75.93,79.99,83.53,86.31,88.27,89.67,90.40,90.92,91.36,91.62,91.86,91.84,91.59,91.25,90.77,90.19,89.42,88.45,87.50,86.55,85.56,84.82,85.06,86.07,87.19,88.30,89.38,90.13,90.73,91.13,91.18,90.75,90.17,89.25,87.99,86.48,84.63,82.55,80.59,78.91,77.04,75.20,73.49,71.90,70.37,69.28,68.49,67.86,67.38,67.11,67.08,67.19,67.43,67.81,68.21,68.92,71.72,78.82,80.62,81.36,81.77,81.68,81.67,81.72,81.75,81.60,80.99,80.28,79.28,78.16,77.36,77.74,78.50,79.34,80.10,80.57,80.98,81.22,81.14,80.45,79.28,76.65,73.55,70.82,68.17,67.36,67.78,68.86,69.68,69.96,70.15,70.33,70.49,71.06,72.62,73.97,74.65,75.67,76.86,77.74,78.32,78.88,79.48,80.04,80.44,80.63,80.95,81.28,81.64,82.02,82.34,82.71,83.09,83.38,83.50,83.58,83.71,83.84,83.93,84.08
115.13,111.25,107.29,103.80,101.44,100.21,99.24,98.38,97.71,97.31,97.25,97.20,97.08,96.93,96.85,97.03,97.43,98.00,98.80,101.36,105.96,112.17,117.47,119.74,120.48,120.49,120.11,119.37,118.98,118.46,117.38,116.20,114.79,113.27,111.70,110.20,109.12,108.13,107.13,106.03,104.85,103.93,103.11,102.29,101.45,100.51,98.46,95.51,92.72,91.27,91.33,91.71,91.73,92.61,94.46,96.43,98.19,99.64,100.79,102.01,103.69,105.97,106.82,108.06,109.50,110.64,110.97,111.27,111.61,111.92,112.10,112.02,111.67,111.20,110.72,110.20,108.33,106.01,104.25,104.57,105.01,105.43,105.75,105.80,105.59,105.29,104.99,104.69,104.42,104.06,103.40,102.34,100.72,98.38,95.53,92.51,89.76,88.01,86.35,84.77,83.31,81.86,80.38,78.36,76.17,74.51,72.89,71.82,71.31,71.31,71.31,71.23,71.04,70.83,70.72,70.43,69.86,69.17,68.56,68.24,68.06,67.94,67.86,68.01,68.46,69.14,69.98,70.91,71.69,71.81,71.59,71.60,72.78,74.12,75.90,78.22,81.06,84.21,86.92,88.86,89.86,90.65,91.15,91.59,92.03,92.36,92.70,92.74,92.51,92.12,91.53,90.95,90.21,89.20,88.17,87.10,85.98,85.10,85.23,86.25,87.42,88.58,89.69,90.29,90.70,90.84,90.53,89.55,88.50,87.33,86.04,84.55,82.95,81.16,79.50,78.10,76.46,74.81,73.22,71.73,70.50,69.83,68.94,68.05,67.58,67.22,67.00,66.91,67.02,67.49,68.03,68.89,71.83,79.05,80.95,81.85,82.47,82.60,82.61,82.64,82.59,82.37,81.75,81.03,80.21,79.47,79.15,79.55,80.06,80.63,81.21,81.56,81.85,81.92,81.68,81.02,80.08,77.52,74.22,71.19,69.34,69.05,69.36,69.82,70.21,70.34,70.44,70.53,70.64,70.94,72.49,74.42,76.12,77.33,78.26,78.96,79.50,79.99,80.45,80.91,81.18,81.20,81.31,81.62,81.99,82.36,82.68,83.05,83.44,83.71,83.72,83.78,83.91,84.06,84.18,84.29
114.05,111.21,107.08,102.64,100.15,99.15,98.40,97.78,97.48,97.46,97.74,97.95,98.01,98.02,98.11,98.36,98.85,99.76,101.18,104.74,110.04,116.02,119.57,120.63,120.92,121.02,120.87,120.59,120.25,119.56,118.27,116.73,115.10,113.46,111.81,110.23,109.06,107.99,106.87,105.65,104.35,103.36,102.54,101.80,101.05,99.89,97.83,95.15,92.86,92.52,93.25,93.87,93.85,94.64,97.09,99.68,101.84,103.72,105.29,106.57,108.06,110.07,110.54,110.78,111.03,111.31,111.57,111.85,112.17,112.51,112.71,112.47,111.97,111.38,110.77,110.18,108.60,106.73,105.37,105.69,106.16,106.60,106.88,106.83,106.55,106.24,105.95,105.66,105.40,105.06,104.10,102.57,100.81,98.31,95.26,92.16,89.53,87.84,86.21,84.65,83.19,81.77,80.42,79.13,77.81,76.30,74.51,73.15,72.45,72.45,72.40,72.23,71.93,71.59,71.41,71.08,70.42,69.64,68.98,68.44,68.05,67.88,68.00,68.46,69.53,70.92,72.37,73.69,74.73,75.11,75.25,75.62,76.94,78.47,80.46,82.90,85.41,87.56,89.37,90.61,91.06,91.52,91.92,92.34,92.77,93.15,93.54,93.63,93.37,92.78,92.13,91.46,90.66,89.63,88.46,87.25,86.00,85.11,85.47,86.54,87.72,88.88,89.92,90.35,90.18,89.75,89.06,87.84,86.55,85.27,84.00,82.61,81.25,79.78,78.43,77.33,76.03,74.56,73.03,71.60,70.63,70.21,69.38,68.43,67.91,67.42,67.02,66.72,66.69,67.19,67.94,69.25,72.47,79.12,80.99,82.02,82.92,83.48,83.53,83.53,83.44,83.16,82.53,81.90,81.29,80.84,80.81,81.17,81.49,81.86,82.32,82.62,82.52,82.18,81.70,81.12,80.41,77.97,74.59,71.45,70.15,70.07,70.24,70.35,70.48,70.54,70.57,70.58,70.62,70.72,72.19,74.68,77.46,78.82,79.52,80.05,80.54,80.98,81.37,81.76,81.97,81.90,81.83,82.04,82.37,82.75,83.06,83.43,83.82,84.06,83.99,83.97,84.07,84.23,84.37,84.48
113.29,110.95,106.58,101.66,99.58,98.62,97.89,97.61,98.03,98.52,99.08,99.51,99.72,99.74,99.78,100.03,100.78,102.47,105.15,109.33,114.41,119.12,120.39,121.02,121.38,121.47,121.21,120.80,120.36,119.60,118.28,116.69,115.02,113.33,111.66,110.07,108.78,107.57,106.32,105.03,103.72,102.59,101.68,100.97,100.25,98.73,96.61,94.32,92.88,94.36,95.78,96.44,96.32,96.16,98.16,100.77,103.32,105.88,108.07,109.48,110.34,110.90,111.18,111.41,111.65,111.90,112.19,112.44,112.72,113.03,113.23,112.72,112.07,111.40,110.78,110.16,108.85,107.42,106.46,106.80,107.30,107.77,108.02,107.81,107.51,107.20,106.93,106.68,106.38,106.06,104.69,102.55,100.66,98.00,94.74,91.61,89.28,87.67,86.10,84.55,83.05,81.60,80.31,79.38,78.62,77.64,76.02,74.48,73.61,73.57,73.42,73.15,72.80,72.42,72.05,71.61,70.86,70.03,69.36,68.86,68.41,68.30,68.66,69.39,70.98,72.83,74.63,76.19,77.53,78.50,79.41,80.41,81.43,82.67,84.38,86.54,88.86,90.13,90.96,91.56,91.97,92.41,92.82,93.20,93.60,93.99,94.37,94.46,94.09,93.16,92.48,91.67,90.75,89.68,88.35,86.99,85.68,84.92,85.80,86.93,88.10,89.21,90.05,90.11,89.01,87.77,86.75,85.66,84.41,83.18,81.97,80.75,79.62,78.44,77.36,76.48,75.60,74.30,72.82,71.48,70.78,70.39,69.77,69.00,68.30,67.64,67.08,66.64,66.45,66.90,67.96,70.01,73.61,79.11,80.79,81.90,83.13,84.26,84.41,84.42,84.32,84.00,83.37,82.96,82.56,82.27,82.30,82.59,82.86,83.15,83.47,83.65,82.89,81.97,81.22,80.73,80.21,77.92,74.62,71.52,70.46,70.33,70.45,70.57,70.65,70.66,70.58,70.47,70.42,70.43,71.75,74.65,78.42,79.91,80.52,80.97,81.41,81.81,82.20,82.58,82.80,82.70,82.51,82.53,82.76,83.13,83.44,83.81,84.19,84.44,84.34,84.16,84.20,84.35,84.50,84.65
112.69,110.27,105.52,100.39,99.11,98.30,98.00,98.16,98.81,99.75,101.56,103.06,103.82,103.99,104.27,104.68,105.54,107.38,110.16,114.09,117.81,120.31,120.93,121.43,121.73,121.70,121.20,120.74,120.28,119.41,117.88,116.23,114.54,112.86,111.22,109.67,108.30,107.00,105.71,104.39,103.08,101.87,100.83,99.94,98.94,97.52,95.53,93.81,94.18,96.36,98.19,99.03,98.72,98.17,99.10,101.23,104.14,107.00,109.18,110.54,111.27,111.57,111.81,112.04,112.28,112.51,112.78,113.01,113.29,113.56,113.65,113.08,112.39,111.69,110.99,110.31,109.21,108.27,107.88,108.20,108.63,108.95,109.05,108.82,108.56,108.29,108.04,107.79,107.48,107.07,105.54,103.14,100.95,98.40,95.61,92.87,90.48,88.51,86.64,84.76,82.93,81.42,80.17,79.34,78.74,78.01,77.00,75.72,74.84,74.64,74.36,73.98,73.54,73.06,72.59,72.04,71.30,70.47,69.70,69.20,68.77,68.73,69.24,70.22,72.31,74.56,76.65,78.44,80.16,81.58,82.83,83.99,85.00,86.35,87.76,89.16,90.58,91.49,92.15,92.66,93.00,93.37,93.76,94.14,94.53,94.91,95.30,95.06,94.21,93.04,92.18,91.33,90.40,89.33,88.02,86.70,85.58,85.09,86.12,87.26,88.50,89.55,89.76,88.22,86.29,84.75,83.77,82.82,81.87,80.97,80.13,79.23,78.26,77.22,76.21,75.34,74.55,73.55,72.42,71.40,70.92,70.55,70.07,69.37,68.41,67.69,67.03,66.53,66.31,66.64,68.05,70.92,74.81,78.61,80.37,81.75,83.22,84.63,85.19,85.31,85.26,85.08,84.63,84.29,83.93,83.66,83.67,84.02,84.30,84.35,84.06,83.44,82.42,81.44,80.66,80.16,79.43,77.32,74.28,71.28,70.63,70.59,70.62,70.60,70.58,70.50,70.40,70.29,70.19,70.17,71.49,74.82,79.36,80.81,81.41,81.84,82.26,82.68,83.03,83.41,83.62,83.52,83.30,83.20,83.28,83.51,83.82,84.19,84.55,84.76,84.68,84.50,84.40,84.42,84.58,84.78
111.71,108.38,103.70,99.47,98.80,98.18,98.27,98.76,99.65,101.76,104.80,107.13,108.28,108.64,109.10,109.62,110.58,112.51,114.99,118.08,120.30,121.09,121.53,121.92,122.03,121.78,121.12,120.60,120.00,118.94,117.23,115.54,113.86,112.20,110.60,109.08,107.71,106.41,105.11,103.78,102.47,101.21,100.05,98.95,97.69,96.33,94.76,93.88,95.57,97.93,100.11,101.36,101.19,100.52,100.50,102.06,105.05,107.92,109.83,111.04,111.79,112.17,112.42,112.67,112.91,113.14,113.37,113.60,113.87,114.09,114.04,113.44,112.75,112.03,111.29,110.60,109.72,109.21,109.22,109.47,109.80,109.97,109.94,109.71,109.51,109.30,109.09,108.88,108.61,108.07,106.53,104.17,101.80,99.45,97.14,94.71,92.07,89.55,87.31,85.13,83.01,81.33,80.08,79.28,78.72,78.10,77.56,76.62,75.82,75.45,75.02,74.55,74.04,73.49,72.93,72.33,71.64,70.86,70.05,69.51,69.11,69.13,69.75,71.16,73.61,76.17,78.55,80.70,82.81,84.54,85.94,87.06,87.99,89.28,90.38,91.15,91.82,92.56,93.24,93.77,94.08,94.40,94.76,95.13,95.50,95.85,96.06,95.44,94.19,92.84,91.77,90.86,89.95,88.89,87.57,86.38,85.64,85.63,86.63,87.58,88.51,89.04,88.33,85.46,83.26,81.84,81.03,80.30,79.65,79.05,78.46,77.80,76.97,76.03,75.10,74.29,73.67,73.07,72.37,71.67,71.24,70.75,70.31,69.65,68.53,67.72,67.03,66.55,66.37,66.61,68.36,71.61,75.37,77.97,79.97,81.64,83.26,84.88,85.94,86.19,86.20,86.14,85.88,85.64,85.31,85.03,85.01,85.33,85.31,84.90,84.07,82.85,81.74,80.79,80.00,79.38,78.43,76.59,73.94,71.16,70.77,70.73,70.65,70.52,70.42,70.29,70.03,69.72,69.57,69.83,71.78,75.56,80.14,81.50,82.20,82.69,83.10,83.54,83.89,84.24,84.45,84.34,84.14,83.96,83.88,83.94,84.21,84.57,84.91,85.10,85.02,84.87,84.66,84.56,84.67,84.83
109.90,104.28,100.60,99.36,98.76,98.36,98.59,99.15,100.53,105.28,109.06,111.31,112.34,112.94,113.34,113.81,114.89,117.06,118.96,120.44,121.40,121.89,122.38,122.60,122.30,121.67,121.04,120.44,119.41,117.97,116.22,114.58,112.94,111.31,109.73,108.27,107.02,105.84,104.59,103.22,101.90,100.64,99.39,98.12,96.81,95.23,94.55,95.00,96.56,98.57,101.11,103.18,103.84,103.34,102.89,103.91,106.44,108.90,110.34,111.30,112.07,112.71,112.99,113.27,113.54,113.77,114.01,114.24,114.48,114.61,114.38,113.76,113.06,112.37,111.67,111.04,110.51,110.24,110.26,110.37,110.55,110.63,110.57,110.36,110.24,110.09,109.95,109.85,109.71,109.06,107.74,105.83,103.54,101.53,99.39,96.86,93.80,90.50,87.96,85.70,83.48,81.41,80.08,79.28,78.72,78.10,77.56,76.90,76.27,75.75,75.17,74.63,74.10,73.54,72.94,72.38,71.77,71.12,70.45,69.80,69.44,69.47,70.19,72.33,74.94,77.62,80.33,83.12,85.57,87.42,88.77,89.67,90.26,90.98,91.70,92.33,92.91,93.60,94.28,94.84,95.16,95.53,95.86,96.18,96.50,96.77,96.41,95.44,94.13,92.75,91.42,90.42,89.51,88.43,87.04,86.01,85.94,86.71,87.54,87.89,87.71,86.80,84.76,81.73,80.32,79.64,79.13,78.73,78.30,77.73,77.06,76.38,75.71,74.90,74.11,73.55,73.44,73.34,73.11,72.66,71.90,71.07,70.47,69.83,68.80,67.83,67.17,66.81,66.74,67.01,69.07,71.79,74.61,77.28,79.73,81.61,83.30,85.08,86.64,87.05,87.08,87.05,86.95,86.89,86.67,86.41,86.31,86.41,85.43,84.20,83.17,82.06,81.02,80.06,79.15,78.22,77.23,75.81,73.76,71.41,70.93,70.62,70.42,70.32,70.18,70.08,69.36,68.45,68.20,69.31,73.08,77.38,80.61,81.84,82.85,83.54,83.98,84.38,84.76,85.09,85.27,85.18,85.02,84.81,84.61,84.49,84.62,84.95,85.29,85.48,85.39,85.25,85.04,84.86,84.78,84.80
105.76,101.78,99.62,99.18,98.76,98.69,99.00,99.99,102.55,108.25,112.20,114.58,115.87,116.59,117.03,117.49,118.31,119.79,121.07,121.92,122.50,122.85,122.90,122.56,121.98,121.30,120.61,119.39,117.97,116.50,115.01,113.47,111.86,110.31,108.84,107.39,106.12,104.92,103.73,102.46,101.25,100.07,98.86,97.59,96.31,94.99,94.87,95.86,97.27,98.99,101.74,104.63,106.47,106.21,105.59,105.97,107.58,109.58,110.72,111.56,112.33,113.06,113.55,113.88,114.13,114.36,114.59,114.82,115.06,115.16,114.81,114.17,113.47,112.80,112.16,111.60,111.21,111.01,111.00,111.07,111.18,111.21,111.12,110.94,110.78,110.65,110.53,110.42,110.28,109.80,108.85,107.34,105.07,103.11,100.80,97.89,94.32,90.75,88.15,85.91,83.71,81.60,80.14,79.28,78.73,78.15,77.57,76.99,76.42,75.87,75.26,74.70,74.14,73.56,72.99,72.44,71.85,71.23,70.64,70.19,70.05,70.27,71.20,73.59,76.39,79.47,82.75,85.98,88.09,89.50,90.52,91.24,91.73,92.31,92.93,93.53,94.08,94.69,95.36,95.93,96.28,96.62,96.95,97.25,97.54,97.66,96.78,95.44,93.97,92.58,91.19,90.07,89.07,87.98,86.61,85.86,85.77,86.14,86.56,86.42,85.49,84.02,82.19,79.96,78.92,78.38,77.91,77.46,77.00,76.53,76.08,75.72,75.36,74.94,74.59,74.42,74.44,74.45,74.27,73.82,72.97,72.06,71.30,70.44,69.19,68.15,67.52,67.22,67.31,68.00,70.09,72.61,75.20,77.76,80.09,82.01,83.80,85.66,87.34,87.84,87.92,87.91,87.87,87.84,87.72,87.46,86.92,86.15,84.67,83.19,82.05,81.00,80.08,79.09,78.03,77.03,76.02,74.83,73.28,71.53,70.95,70.49,70.14,69.77,68.88,68.29,67.76,67.38,67.57,69.19,74.01,78.56,80.95,82.12,83.17,84.12,84.86,85.21,85.59,85.92,86.11,86.04,85.86,85.64,85.41,85.21,85.16,85.38,85.67,85.87,85.77,85.59,85.40,85.17,84.93,84.77
101.70,100.14,99.39,99.05,98.86,99.08,99.71,101.54,105.48,111.21,115.00,117.44,118.94,119.68,120.18,120.61,121.12,121.78,122.53,123.08,123.45,123.55,123.06,122.21,121.44,120.75,119.76,117.84,116.08,114.69,113.55,112.18,110.67,109.26,107.93,106.48,105.14,103.91,102.74,101.61,100.57,99.55,98.45,97.22,96.00,95.15,95.46,96.65,97.91,99.53,102.59,106.18,108.90,108.88,108.27,108.13,108.80,110.23,111.14,111.92,112.69,113.44,114.14,114.48,114.71,114.93,115.16,115.39,115.61,115.67,115.26,114.61,113.93,113.27,112.69,112.22,111.89,111.69,111.64,111.70,111.77,111.76,111.65,111.45,111.22,111.07,110.93,110.75,110.55,110.11,109.27,107.89,105.73,103.81,101.35,98.15,94.22,90.64,88.15,86.00,83.86,81.81,80.22,79.30,78.75,78.20,77.61,77.05,76.50,75.93,75.33,74.77,74.19,73.59,73.04,72.49,71.91,71.36,71.00,70.97,71.13,71.64,72.81,75.22,78.27,81.82,85.53,88.70,90.25,91.13,91.82,92.44,92.94,93.51,94.12,94.72,95.28,95.82,96.44,97.02,97.41,97.72,98.01,98.30,98.52,98.44,97.14,95.48,93.86,92.43,90.98,89.76,88.66,87.60,86.44,86.05,85.77,85.47,85.40,84.84,83.42,81.74,80.41,79.09,78.21,77.61,77.16,76.66,76.21,75.90,75.74,75.73,75.66,75.63,75.68,75.83,75.84,75.84,75.60,75.03,74.17,73.22,72.28,71.14,69.65,68.56,67.95,67.70,67.98,69.24,71.33,73.78,76.35,78.74,80.80,82.68,84.52,86.34,88.03,88.61,88.77,88.80,88.76,88.68,88.58,88.19,87.11,85.44,83.66,82.11,80.94,80.03,79.22,78.16,77.00,76.12,75.16,74.14,72.92,71.57,70.84,70.17,69.66,69.01,67.50,66.47,66.27,66.58,67.27,69.16,74.47,79.15,81.14,82.30,83.40,84.63,85.72,86.07,86.43,86.76,86.96,86.91,86.69,86.47,86.23,86.00,85.80,85.86,86.07,86.25,86.14,85.91,85.70,85.43,85.07,84.78
100.60,99.74,99.37,99.19,99.25,99.52,101.33,104.98,110.29,114.82,117.95,119.92,121.00,121.59,122.03,122.37,122.74,123.31,123.91,124.13,123.87,123.14,122.30,121.55,120.82,119.79,117.85,115.54,113.58,112.21,111.46,110.47,109.30,108.15,106.98,105.54,104.19,102.91,101.69,100.63,99.85,99.16,98.27,97.08,95.91,95.74,96.38,97.44,98.63,100.69,104.60,108.53,110.64,110.81,110.52,110.36,110.54,111.14,111.89,112.66,113.42,114.13,114.83,115.15,115.32,115.51,115.73,115.97,116.10,116.05,115.64,115.04,114.40,113.81,113.32,112.85,112.59,112.43,112.33,112.34,112.36,112.33,112.17,111.85,111.55,111.30,111.01,110.69,110.32,109.19,107.37,105.27,103.59,101.99,99.84,96.95,93.34,90.13,88.02,86.11,84.05,82.00,80.33,79.36,78.81,78.27,77.72,77.16,76.60,76.00,75.39,74.83,74.25,73.65,73.11,72.51,71.94,71.72,72.20,72.98,73.60,74.45,75.85,78.14,81.54,85.48,88.87,90.36,91.40,92.18,92.89,93.60,94.18,94.70,95.26,95.89,96.53,97.04,97.55,98.06,98.53,98.81,99.06,99.26,99.28,98.84,97.41,95.72,94.05,92.42,90.75,89.51,88.41,87.38,86.98,87.08,86.91,86.36,85.82,84.93,83.50,81.82,80.27,79.12,78.16,77.52,77.27,77.17,77.17,77.16,77.13,77.18,77.17,77.16,77.19,77.23,77.24,77.24,76.92,76.23,75.36,74.25,73.00,71.65,70.24,69.09,68.45,68.27,68.79,70.64,72.95,75.42,77.88,80.13,82.03,83.80,85.45,87.01,88.66,89.32,89.67,89.88,89.67,89.52,89.11,88.19,86.51,84.70,82.82,81.22,80.14,79.65,78.90,77.72,76.56,76.24,75.50,74.65,73.33,71.41,70.39,69.24,68.45,67.97,67.05,66.38,66.23,66.53,67.31,68.94,73.75,78.39,80.95,82.25,83.70,85.24,86.53,87.03,87.30,87.61,87.82,87.74,87.52,87.29,87.05,86.83,86.61,86.50,86.55,86.63,86.51,86.20,85.82,85.46,85.14,84.84
100.18,99.66,99.51,99.56,100.19,101.61,104.46,108.92,114.50,117.87,120.15,121.66,122.59,123.27,123.75,124.05,124.28,124.53,124.48,124.14,123.44,122.42,121.42,120.35,119.00,117.22,114.89,112.85,111.32,110.34,109.89,109.15,108.19,107.14,106.00,104.58,103.27,101.93,100.72,99.88,99.26,98.70,97.96,96.96,96.08,96.33,97.13,98.13,99.31,101.69,105.97,109.94,111.75,112.56,112.58,112.42,112.36,112.47,112.88,113.53,114.28,114.97,115.58,115.80,115.92,116.11,116.33,116.48,116.45,116.23,115.81,115.27,114.80,114.39,113.98,113.53,113.30,113.13,112.95,112.77,112.59,112.41,112.15,111.78,111.43,111.11,110.78,110.17,108.49,106.02,103.58,101.56,100.17,98.77,96.86,94.45,91.66,89.20,87.41,85.70,83.87,82.03,80.39,79.42,78.88,78.34,77.80,77.26,76.68,76.07,75.45,74.89,74.31,73.71,73.18,72.70,72.63,73.07,74.05,75.19,76.13,77.46,79.53,82.29,85.38,88.42,90.76,91.56,92.39,93.16,93.92,94.67,95.32,95.87,96.44,97.07,97.73,98.27,98.75,99.21,99.63,99.86,99.95,99.91,99.62,98.81,97.22,95.40,93.57,91.82,90.33,89.20,88.22,87.47,87.62,88.09,88.06,87.37,86.25,84.92,83.24,81.47,79.95,78.86,78.17,77.88,77.94,78.10,78.34,78.51,78.60,78.69,78.71,78.71,78.72,78.73,78.68,78.60,78.18,77.37,76.38,75.17,73.78,72.31,70.88,69.71,69.16,69.21,70.09,72.22,74.64,77.07,79.41,81.50,83.35,85.06,86.65,88.08,89.39,89.98,90.30,90.40,90.11,89.85,89.18,87.93,86.06,84.24,82.67,81.30,80.16,79.48,78.77,77.95,77.35,77.42,76.92,75.95,74.22,71.70,69.95,68.54,67.77,67.47,66.95,66.56,66.44,66.65,67.40,68.75,72.93,77.56,80.95,82.58,84.22,85.86,87.28,88.01,88.31,88.54,88.66,88.56,88.34,88.11,87.89,87.69,87.46,87.24,87.13,87.05,86.82,86.46,86.04,85.66,85.37,85.19
100.42,100.10,100.13,100.51,101.84,104.94,108.66,113.14,118.03,120.34,121.78,122.91,123.91,124.78,125.30,125.51,125.51,125.27,124.34,123.37,122.42,121.41,120.22,118.50,116.23,113.71,111.54,110.19,109.42,108.99,108.73,108.12,107.27,106.23,105.03,103.67,102.41,101.06,99.91,99.34,98.79,98.24,97.60,96.89,96.47,96.90,97.75,98.80,100.16,102.73,106.88,110.61,112.46,114.18,114.49,114.36,114.22,114.09,114.09,114.54,115.24,115.90,116.39,116.47,116.53,116.72,116.89,116.83,116.58,116.20,115.73,115.26,115.02,114.83,114.51,114.08,113.84,113.65,113.36,112.95,112.52,112.13,111.77,111.39,111.01,110.64,110.16,108.95,105.41,101.42,98.67,97.16,96.00,94.79,93.17,91.37,89.67,88.12,86.58,85.01,83.45,81.92,80.43,79.49,78.94,78.40,77.86,77.32,76.75,76.13,75.52,74.95,74.37,73.78,73.31,73.04,73.71,74.90,76.10,77.28,78.55,80.59,83.58,86.89,89.17,90.65,91.66,92.50,93.29,94.11,94.93,95.68,96.38,97.02,97.63,98.26,98.90,99.52,100.01,100.37,100.58,100.68,100.51,100.13,99.49,98.38,96.66,94.72,92.74,90.92,89.82,88.89,88.14,87.82,88.31,89.02,89.09,88.23,86.43,84.59,82.57,80.72,79.49,78.51,78.34,78.59,78.98,79.28,79.58,79.82,80.02,80.14,80.17,80.17,80.20,80.23,80.06,79.87,79.34,78.45,77.30,76.00,74.57,73.05,71.51,70.35,70.04,70.50,71.78,73.93,76.34,78.71,80.92,82.86,84.73,86.43,88.00,89.34,90.11,90.54,90.65,90.47,90.13,89.73,88.87,87.52,85.79,84.11,83.13,82.12,80.79,79.58,78.92,78.75,78.90,79.17,78.94,77.54,75.13,72.02,69.43,68.01,67.41,67.26,66.96,66.77,66.68,66.82,67.46,68.56,72.09,76.72,81.05,83.11,84.83,86.50,88.01,88.97,89.36,89.48,89.47,89.36,89.14,88.89,88.68,88.49,88.26,87.99,87.76,87.49,87.12,86.74,86.34,86.00,85.76,85.75
102.22,102.37,102.86,103.74,105.45,109.04,113.44,117.51,120.34,121.79,122.98,124.09,125.14,126.08,126.16,125.72,125.07,124.32,123.27,122.20,121.09,119.71,117.54,115.02,112.75,110.94,109.77,108.99,108.45,108.08,107.80,107.17,106.41,105.45,104.26,102.98,101.78,100.60,99.65,99.16,98.62,98.04,97.48,97.06,97.09,97.49,98.27,99.64,102.11,104.74,107.91,110.91,113.21,115.58,116.27,116.29,116.14,115.85,115.72,115.81,116.19,116.83,117.19,117.22,117.21,117.23,117.02,116.56,116.08,115.64,115.18,114.71,114.43,114.29,114.14,113.80,113.56,113.29,112.94,112.52,112.07,111.68,111.35,111.00,110.62,110.00,108.44,105.41,101.27,97.02,94.02,92.45,91.95,91.44,90.62,89.65,88.68,87.62,86.19,84.64,83.11,81.62,80.40,79.58,79.00,78.47,77.92,77.38,76.81,76.19,75.58,74.98,74.40,73.91,73.70,73.72,74.52,75.76,77.04,78.31,80.55,83.91,87.68,89.62,90.91,91.81,92.55,93.39,94.22,95.06,95.88,96.65,97.39,98.08,98.74,99.44,100.19,100.88,101.23,101.20,100.80,100.36,99.78,99.10,98.30,97.27,95.80,94.19,92.44,90.55,89.56,88.80,88.39,88.54,89.07,89.84,89.62,88.07,85.50,83.19,81.29,79.88,79.12,78.96,79.21,79.63,80.11,80.47,80.71,80.93,81.13,81.22,81.28,81.30,81.33,81.33,80.96,80.69,80.25,79.46,78.19,76.72,75.17,73.59,72.02,70.75,71.12,72.28,73.80,75.70,78.02,80.24,82.27,84.20,86.11,87.82,89.22,90.15,90.54,90.65,90.52,90.16,89.60,88.98,88.19,87.11,85.71,84.77,84.31,83.40,81.76,80.44,80.09,80.12,80.30,80.53,80.34,77.97,74.34,70.67,68.41,67.31,66.83,66.66,66.51,66.44,66.48,66.72,67.30,68.28,71.37,75.97,80.88,83.16,85.16,87.13,88.87,89.81,90.14,90.22,90.17,90.01,89.74,89.42,89.13,88.88,88.65,88.48,88.28,87.98,87.55,87.11,86.71,86.44,86.37,86.46
104.80,105.73,106.81,108.09,109.94,113.68,117.70,120.76,122.25,123.17,124.18,125.26,126.28,126.90,126.36,125.30,124.14,123.10,122.03,120.82,119.30,117.24,114.40,111.94,110.20,109.13,108.59,108.12,107.64,107.24,106.91,106.25,105.54,104.63,103.49,102.29,101.21,100.30,99.57,99.06,98.54,98.04,97.66,97.50,97.75,98.13,98.86,100.63,104.47,107.01,109.42,111.94,114.54,117.03,118.05,118.27,118.07,117.65,117.44,117.33,117.39,117.80,117.87,117.73,117.58,117.40,116.91,116.19,115.53,115.00,114.54,114.08,113.74,113.56,113.51,113.24,112.99,112.70,112.34,111.96,111.55,111.19,110.88,110.52,109.86,108.76,106.50,102.68,98.21,93.81,90.88,89.54,89.36,89.27,88.93,88.44,87.84,87.09,85.81,84.33,82.80,81.34,80.39,79.69,79.09,78.55,78.00,77.45,76.88,76.28,75.64,75.09,74.63,74.30,74.27,74.45,75.30,76.51,77.78,79.04,82.45,86.67,90.27,91.29,92.08,92.79,93.50,94.29,95.14,95.98,96.81,97.60,98.38,99.19,100.02,100.80,101.39,101.62,101.51,101.07,100.27,99.50,98.67,97.81,96.94,96.01,94.76,93.39,91.89,90.31,89.47,88.94,88.83,89.24,89.87,90.47,89.80,87.66,84.65,81.95,80.33,79.53,79.36,79.80,80.34,80.85,81.29,81.69,81.86,82.03,82.22,82.28,82.35,82.38,82.37,82.27,81.78,81.44,80.97,80.16,78.84,77.24,75.58,73.91,72.36,71.39,72.35,73.99,75.69,77.44,79.63,81.74,83.69,85.67,87.63,89.09,90.06,90.53,90.59,90.41,90.06,89.53,88.83,88.08,87.42,86.78,86.10,85.83,85.59,84.67,83.01,81.86,81.65,81.68,81.70,81.64,81.08,77.98,73.60,69.57,67.62,66.72,66.26,66.08,66.05,66.11,66.28,66.57,67.04,67.90,70.49,74.88,80.14,82.79,85.12,87.46,89.47,90.32,90.70,90.81,90.77,90.59,90.29,89.94,89.59,89.29,89.11,88.99,88.79,88.45,87.99,87.52,87.14,86.96,87.05,87.19
108.07,110.15,111.96,113.47,115.17,118.82,121.11,122.58,123.88,124.67,125.47,126.43,127.27,127.12,125.88,124.35,122.94,121.84,120.73,119.22,116.98,114.00,111.10,109.78,109.00,108.36,107.83,107.35,106.84,106.40,106.03,105.36,104.62,103.73,102.68,101.56,100.70,100.11,99.61,99.04,98.56,98.28,98.17,98.22,98.40,98.79,99.65,101.97,107.19,109.50,111.58,114.00,116.59,118.63,119.89,120.31,119.99,119.42,119.15,118.98,118.85,118.73,118.31,117.88,117.49,117.11,116.53,115.80,115.05,114.39,113.91,113.45,113.04,112.81,112.75,112.47,112.22,111.98,111.70,111.34,110.98,110.63,110.28,109.78,108.50,106.72,104.46,101.33,96.68,92.13,89.64,88.98,88.58,88.44,88.11,87.59,86.99,86.40,85.37,84.01,82.50,81.16,80.43,79.82,79.23,78.68,78.08,77.52,76.98,76.41,75.76,75.35,75.11,75.01,75.02,75.22,76.09,77.29,78.45,79.59,84.29,88.66,90.94,91.97,92.89,93.74,94.52,95.20,96.03,96.87,97.72,98.55,99.38,100.42,101.47,102.27,102.31,101.48,100.61,99.78,98.95,98.17,97.34,96.46,95.56,94.67,93.57,92.27,91.00,90.18,89.58,89.35,89.44,89.88,90.70,90.90,89.69,87.17,84.16,81.20,79.94,79.89,80.33,80.98,81.70,82.22,82.52,82.94,83.04,83.18,83.34,83.37,83.43,83.45,83.37,83.10,82.57,82.15,81.48,80.47,79.19,77.50,75.74,73.98,72.50,72.40,73.71,75.49,77.31,79.13,81.21,83.28,85.30,87.32,89.26,90.14,90.41,90.44,90.19,89.80,89.25,88.59,87.89,87.17,86.69,86.62,87.03,87.24,86.84,85.86,84.58,83.84,83.46,83.28,83.08,82.49,81.08,77.70,73.27,69.11,67.22,66.28,65.78,65.62,65.69,65.94,66.19,66.42,66.74,67.41,69.43,73.37,78.69,81.98,84.67,87.40,89.71,90.44,91.03,91.28,91.28,91.10,90.81,90.50,90.15,89.84,89.73,89.59,89.30,88.89,88.43,87.96,87.62,87.56,87.80,87.90
111.80,115.22,117.60,119.10,120.64,123.20,123.86,124.22,125.53,126.28,127.04,127.67,127.82,126.83,125.29,123.63,122.05,120.64,118.99,117.02,114.62,111.92,109.76,108.82,108.21,107.59,107.02,106.54,106.03,105.56,105.14,104.43,103.67,102.85,101.96,101.09,100.54,100.17,99.81,99.34,99.03,98.81,98.72,98.83,99.03,99.37,101.69,105.89,110.58,112.98,114.79,116.66,118.79,120.99,122.20,122.39,121.72,120.72,119.95,119.53,119.16,118.49,117.78,117.22,116.79,116.41,115.88,115.26,114.59,113.92,113.30,112.81,112.40,112.11,111.96,111.70,111.47,111.23,111.00,110.72,110.21,109.36,108.34,107.22,105.59,103.88,101.77,98.75,94.35,90.93,89.17,88.58,88.03,87.73,87.29,86.73,86.16,85.57,84.81,83.68,82.30,81.23,80.58,80.03,79.44,78.81,78.23,77.68,77.19,76.77,76.34,76.04,75.85,75.76,75.78,76.02,76.88,78.00,78.99,80.02,85.47,90.04,91.72,92.64,93.52,94.43,95.34,96.16,96.94,97.76,98.61,99.55,100.88,102.11,102.56,102.22,101.50,100.38,99.36,98.48,97.66,96.81,95.96,95.09,94.20,93.32,92.59,91.77,90.95,90.39,89.92,89.81,90.09,90.81,91.79,91.50,89.99,87.52,84.52,81.47,80.48,80.88,81.63,82.37,83.10,83.57,83.78,84.20,84.30,84.35,84.45,84.53,84.58,84.56,84.34,83.80,83.04,82.36,81.58,80.58,79.25,77.38,75.50,73.76,72.57,73.36,74.92,76.71,78.61,80.74,83.24,85.63,87.67,89.16,90.06,90.32,90.27,90.04,89.55,88.97,88.33,87.64,87.00,86.87,86.99,87.34,88.01,88.52,88.23,87.49,86.56,85.76,84.95,84.19,83.42,82.44,81.00,77.46,72.90,68.80,66.95,66.10,65.71,65.59,65.77,66.12,66.44,66.66,66.83,67.34,68.99,72.40,77.34,81.24,84.30,87.19,89.61,90.49,91.15,91.60,91.79,91.66,91.45,91.19,90.91,90.65,90.51,90.26,89.81,89.28,88.77,88.26,88.11,88.25,88.56,88.69
115.32,119.71,122.56,124.22,125.55,126.87,126.48,126.17,127.19,127.85,128.48,128.65,128.06,126.45,124.77,123.09,121.44,119.72,117.61,115.30,112.90,110.64,109.17,108.36,107.66,106.95,106.31,105.76,105.21,104.72,104.25,103.51,102.81,102.16,101.57,101.00,100.72,100.51,100.24,99.87,99.75,99.58,99.53,99.78,100.44,101.39,105.02,110.34,114.22,116.86,118.75,120.27,121.73,123.78,124.55,124.23,123.14,121.72,120.44,119.68,119.05,117.95,117.00,116.37,115.93,115.59,115.16,114.65,114.08,113.44,112.73,112.19,111.77,111.42,111.13,110.67,109.98,109.24,108.59,108.16,107.35,106.08,104.58,103.07,101.38,99.97,98.16,95.45,91.98,89.93,88.84,88.21,87.56,87.13,86.57,85.95,85.38,84.77,84.18,83.31,82.18,81.40,80.83,80.30,79.73,79.09,78.55,78.03,77.59,77.28,77.03,76.78,76.58,76.47,76.54,76.79,77.58,78.55,79.38,80.41,86.33,91.07,92.49,93.39,94.25,95.17,96.13,97.08,97.84,98.69,99.65,100.80,102.38,103.29,102.88,101.48,100.22,99.05,98.04,97.16,96.38,95.58,94.86,94.16,93.43,92.69,92.27,91.87,91.44,91.00,90.59,90.53,90.94,91.85,92.76,92.00,90.32,88.00,85.01,81.97,81.25,82.01,82.99,83.81,84.53,84.94,85.10,85.48,85.56,85.56,85.59,85.70,85.64,85.44,84.99,84.20,83.23,82.35,81.50,80.56,79.17,77.17,75.19,73.58,72.91,74.36,76.09,77.88,79.89,82.36,85.24,87.84,89.76,90.56,90.42,90.17,89.88,89.44,88.77,88.08,87.47,86.96,86.60,87.04,87.66,88.31,88.98,89.63,89.38,88.73,87.93,86.93,85.77,84.56,83.34,82.11,80.83,77.01,72.24,68.42,66.75,66.09,65.82,65.78,66.04,66.56,66.99,67.22,67.27,67.65,69.13,72.12,76.52,80.67,83.83,86.74,89.24,90.43,91.14,91.76,92.17,92.21,92.14,91.95,91.72,91.49,91.24,90.83,90.24,89.59,89.07,88.59,88.65,88.96,89.31,89.50
118.05,122.29,125.47,127.89,128.88,129.29,129.20,128.97,128.90,129.23,129.38,128.93,127.81,126.15,124.50,122.90,121.29,119.53,117.37,115.15,112.86,110.65,109.22,108.30,107.48,106.66,105.86,105.08,104.42,103.87,103.37,102.63,102.15,101.97,101.95,101.71,101.53,101.40,101.16,100.74,100.83,100.79,100.90,101.65,103.85,107.11,110.76,114.47,118.02,121.10,123.94,125.88,126.46,127.19,126.66,125.46,123.94,122.31,120.69,119.57,118.62,117.36,116.19,115.52,115.08,114.73,114.44,113.95,113.40,112.84,112.25,111.61,111.13,110.76,110.24,108.95,106.67,104.17,102.00,100.73,99.41,98.21,97.13,96.10,94.91,93.88,92.66,91.16,90.03,89.13,88.40,87.77,87.17,86.75,86.13,85.41,84.75,84.13,83.47,82.82,82.21,81.67,81.19,80.71,80.22,79.72,79.23,78.76,78.32,77.97,77.67,77.37,77.15,77.08,77.27,77.51,78.06,78.73,79.45,80.78,86.81,91.60,93.14,94.40,95.33,96.16,96.99,97.86,98.70,99.71,101.06,102.66,103.61,102.87,101.46,100.00,98.87,97.77,96.74,95.83,95.11,94.71,94.50,94.31,94.09,93.84,93.45,93.07,92.72,92.31,91.87,91.83,92.23,92.94,93.27,92.15,90.42,88.26,85.33,82.43,81.97,83.06,84.30,85.25,85.95,86.36,86.52,86.78,86.83,86.83,86.84,86.82,86.50,85.77,84.85,83.90,82.97,82.09,81.28,80.35,78.93,77.00,75.00,73.69,73.99,75.52,77.27,79.16,81.33,84.02,86.87,89.20,90.62,90.70,90.25,89.71,89.15,88.51,87.82,87.13,86.81,86.95,87.40,87.98,88.64,89.31,89.91,90.38,89.79,88.73,87.52,86.23,85.13,84.02,82.84,81.67,80.48,76.04,70.91,67.77,66.68,66.27,66.14,66.24,66.57,67.43,68.07,68.35,68.34,68.63,70.33,73.23,76.98,80.42,83.12,85.83,88.44,90.15,90.95,91.56,92.16,92.65,92.83,92.75,92.55,92.25,91.72,91.10,90.43,89.80,89.35,89.09,89.29,89.66,90.03,90.30
120.19,124.31,127.34,129.45,130.00,130.09,130.07,129.93,129.71,129.84,129.79,129.07,127.66,126.01,124.41,122.82,121.22,119.47,117.30,115.14,112.94,110.81,109.34,108.37,107.50,106.61,105.73,104.81,104.05,103.41,102.90,102.65,102.55,102.63,102.78,102.67,102.49,102.35,102.22,102.25,103.33,104.16,105.05,106.48,109.01,112.40,115.53,118.45,121.83,125.10,127.68,129.17,129.27,129.05,127.83,126.21,124.47,122.69,120.72,119.26,118.09,116.78,115.51,114.72,114.22,113.89,113.64,113.22,112.71,112.17,111.62,111.01,109.54,107.47,105.16,103.12,100.60,97.89,95.54,94.64,93.79,93.06,92.45,91.93,91.35,90.79,90.15,89.44,89.05,88.54,87.95,87.36,86.87,86.52,85.91,85.21,84.67,84.22,83.74,83.33,82.97,82.52,82.05,81.59,81.11,80.57,80.04,79.51,79.03,78.66,78.35,78.04,77.79,77.70,77.90,78.12,78.47,78.90,79.70,82.16,87.76,92.04,93.67,95.17,96.29,97.19,98.00,98.90,100.12,101.53,102.79,103.48,102.97,101.56,100.11,98.88,97.82,97.19,96.69,96.22,95.78,95.50,95.41,95.37,95.28,95.03,94.64,94.28,93.95,93.59,93.14,93.13,93.51,93.99,93.63,92.20,90.33,88.15,85.39,82.77,82.73,84.21,85.62,86.61,87.33,87.77,87.95,88.07,88.09,88.06,87.81,87.06,86.14,85.07,83.99,83.04,82.48,81.76,80.98,80.03,78.44,76.51,74.80,74.10,75.17,76.76,78.43,80.27,82.41,84.85,87.33,89.28,90.34,90.05,89.52,88.93,88.31,87.65,87.19,87.00,87.17,87.66,88.31,88.97,89.63,90.23,90.66,90.60,89.60,88.26,86.91,85.53,84.34,83.27,82.23,81.09,79.36,75.01,70.37,67.70,66.94,66.69,66.66,66.86,67.44,68.73,70.01,70.76,70.55,69.94,71.19,73.77,77.12,80.31,82.87,85.38,87.88,89.87,90.75,91.42,92.13,92.81,93.30,93.40,93.23,92.84,92.25,91.58,90.86,90.22,89.81,89.74,90.04,90.46,90.88,91.23
122.31,126.13,128.68,130.02,130.18,130.20,130.16,130.11,130.09,130.07,129.88,129.03,127.53,125.94,124.38,122.80,121.17,119.46,117.30,115.17,113.04,111.01,109.47,108.47,107.57,106.64,105.71,104.73,103.88,103.18,102.77,103.14,103.41,103.64,103.81,103.73,103.53,103.35,103.37,104.05,106.23,108.06,109.82,111.86,114.26,117.04,119.65,122.27,125.50,128.55,130.35,131.10,130.96,130.13,128.54,126.66,124.68,122.69,120.48,118.80,117.50,116.19,114.89,113.95,113.35,113.06,112.83,112.47,112.01,111.46,110.78,109.73,106.98,103.09,99.04,96.44,94.28,92.11,90.29,90.08,89.95,89.74,89.52,89.40,89.33,89.19,88.99,88.77,88.45,88.04,87.52,86.98,86.63,86.38,85.84,85.27,84.94,84.72,84.47,84.26,84.03,83.59,83.12,82.65,82.13,81.52,80.91,80.28,79.74,79.33,78.99,78.67,78.42,78.31,78.46,78.68,78.87,79.14,80.18,84.14,88.99,92.46,94.16,95.81,97.16,98.23,99.17,100.25,101.92,103.47,104.17,103.47,101.58,100.04,98.95,98.13,97.27,97.23,97.36,97.40,97.28,96.99,96.84,96.77,96.64,96.22,95.82,95.48,95.17,94.84,94.41,94.43,94.71,94.81,93.81,92.14,90.13,87.86,85.29,83.14,83.61,85.47,87.00,88.02,88.77,89.25,89.44,89.44,89.39,89.22,88.58,86.84,85.14,83.84,82.78,81.97,81.84,81.33,80.60,79.58,77.84,75.88,74.68,74.74,76.36,77.97,79.58,81.37,83.39,85.43,87.34,88.81,89.55,89.09,88.56,88.03,87.49,87.03,86.94,87.36,87.98,88.64,89.29,89.96,90.60,91.11,91.26,90.63,89.11,87.48,86.08,84.77,83.49,82.43,81.52,80.39,78.10,74.22,70.38,68.10,67.47,67.27,67.28,67.59,68.55,70.52,72.59,73.85,73.29,71.60,72.02,74.09,77.19,80.27,82.79,85.15,87.47,89.62,90.57,91.32,92.10,92.88,93.65,93.98,93.84,93.35,92.81,92.15,91.41,90.75,90.40,90.51,90.89,91.35,91.81,92.20
125.31,128.14,129.66,130.17,130.26,130.27,130.25,130.22,130.16,130.04,129.51,128.58,127.31,125.85,124.32,122.76,121.16,119.42,117.34,115.20,113.07,111.08,109.54,108.50,107.56,106.59,105.66,104.71,103.81,103.25,103.33,103.95,104.37,104.66,104.84,104.80,104.61,104.42,104.64,105.89,108.34,110.48,112.46,114.54,116.95,119.83,122.80,125.75,128.54,130.25,131.13,131.47,131.31,130.67,128.98,126.68,124.06,121.55,119.62,118.12,116.83,115.57,114.31,113.20,112.47,112.18,111.99,111.69,111.28,110.66,109.32,105.79,102.12,98.71,95.60,93.12,91.49,90.34,89.61,89.45,89.32,89.17,88.97,88.75,88.67,88.51,88.32,88.13,87.78,87.47,87.08,86.71,86.53,86.31,86.01,85.78,85.73,85.66,85.47,85.27,85.06,84.66,84.16,83.64,83.09,82.47,81.85,81.16,80.48,79.90,79.42,79.08,78.89,78.87,78.98,79.19,79.37,79.72,81.26,86.86,90.55,92.92,94.65,96.29,97.83,99.24,100.69,102.39,104.25,104.57,103.66,101.94,100.27,99.11,98.45,98.23,98.27,98.58,98.81,98.93,98.90,98.58,98.35,98.12,97.81,97.41,97.03,96.68,96.37,96.06,95.71,95.76,95.63,94.85,93.58,91.84,89.81,87.50,85.07,83.80,84.88,87.00,88.63,89.74,90.48,90.96,91.17,91.06,90.77,90.23,88.97,86.25,83.59,82.11,81.38,81.02,80.93,80.63,79.96,78.82,77.19,75.24,74.91,75.87,77.39,78.91,80.69,82.62,84.58,86.31,87.42,88.22,88.62,88.20,87.67,87.17,86.96,87.25,87.68,88.26,88.89,89.57,90.33,90.95,91.55,91.88,91.53,90.71,88.44,86.16,84.70,83.81,82.72,81.65,80.62,79.43,77.62,74.44,71.25,69.34,68.51,68.11,68.01,68.43,70.10,73.38,76.23,77.50,76.27,74.06,73.30,74.51,77.49,80.26,82.65,84.95,87.27,89.43,90.51,91.31,92.13,93.02,93.94,94.49,94.41,93.81,93.31,92.70,92.02,91.42,91.21,91.51,91.95,92.42,92.86,93.17
127.87,129.44,130.14,130.26,130.35,130.34,130.31,130.26,130.12,129.83,129.05,128.03,126.88,125.59,124.16,122.66,121.08,119.32,117.23,115.07,112.93,110.95,109.48,108.47,107.52,106.55,105.60,104.67,103.83,103.50,103.97,104.69,105.24,105.63,105.86,105.87,105.69,105.51,105.81,107.14,109.38,111.57,113.66,115.77,118.11,120.97,124.23,127.50,129.98,130.92,131.30,131.44,131.23,130.26,128.03,125.21,122.31,120.06,118.49,117.19,115.97,114.78,113.53,112.42,111.66,111.33,111.14,110.90,110.21,108.79,106.09,101.92,98.38,95.53,93.10,91.13,90.07,89.55,89.33,89.15,88.99,88.83,88.63,88.34,88.14,87.96,87.81,87.69,87.47,87.33,87.13,86.89,86.78,86.61,86.46,86.42,86.52,86.57,86.47,86.31,86.09,85.69,85.18,84.63,84.04,83.41,82.70,81.92,81.16,80.50,79.95,79.66,79.57,79.62,79.78,80.23,80.79,81.61,83.54,88.80,91.59,93.39,95.13,96.81,98.48,100.24,102.13,104.11,105.38,104.58,102.72,100.72,99.50,98.85,98.67,98.88,99.39,99.84,100.11,100.25,100.24,99.94,99.63,99.29,98.94,98.57,98.19,97.87,97.58,97.27,96.96,96.59,95.78,94.35,92.99,91.42,89.45,87.09,84.77,84.64,86.29,88.67,90.76,91.85,92.41,92.79,92.94,92.47,91.70,90.80,89.03,85.21,82.06,80.63,80.17,80.08,80.02,79.76,79.10,77.99,76.55,75.17,75.49,76.88,78.39,79.95,81.71,83.38,84.83,86.05,86.71,87.21,87.53,87.38,87.22,87.09,87.25,87.86,88.52,89.25,90.06,90.89,91.61,92.10,92.31,92.15,91.44,90.59,87.85,84.94,83.00,82.24,81.44,80.57,79.61,78.40,76.84,74.34,71.86,70.31,69.52,69.06,68.91,69.50,71.86,75.87,79.16,80.36,78.45,75.90,74.25,74.79,77.63,80.24,82.57,84.85,87.15,89.34,90.58,91.53,92.43,93.40,94.38,95.07,95.05,94.39,93.86,93.26,92.61,92.13,92.13,92.53,93.01,93.49,93.89,93.99
129.81,130.09,130.25,130.35,130.46,130.41,130.33,130.23,130.02,129.48,128.54,127.44,126.30,125.17,123.88,122.48,120.94,119.16,116.99,114.79,112.62,110.62,109.31,108.36,107.46,106.52,105.53,104.60,103.95,103.90,104.62,105.33,106.02,106.55,106.87,106.94,106.77,106.63,106.86,107.90,109.62,111.69,113.83,115.96,118.16,120.84,124.16,127.61,129.96,130.67,130.86,130.91,130.55,128.82,125.83,122.59,119.84,118.43,117.20,116.06,114.96,113.84,112.57,111.58,110.85,110.38,110.09,109.88,108.71,106.13,101.82,98.55,95.86,93.44,91.31,90.08,89.57,89.30,89.07,88.85,88.68,88.52,88.32,88.02,87.70,87.57,87.52,87.52,87.56,87.61,87.58,87.47,87.33,87.22,87.14,87.14,87.29,87.43,87.45,87.35,87.10,86.72,86.20,85.60,84.97,84.31,83.44,82.58,81.79,81.14,80.67,80.53,80.57,80.71,80.99,81.80,82.95,84.45,86.62,90.02,92.19,93.90,95.61,97.36,99.13,101.18,103.43,105.37,105.51,103.88,101.72,99.98,99.24,99.18,99.48,99.98,100.55,100.94,101.21,101.36,101.33,101.11,100.71,100.31,99.98,99.67,99.30,98.99,98.73,98.41,98.02,96.90,95.26,93.44,92.14,90.85,89.00,86.61,84.56,85.69,87.88,90.56,93.36,94.31,94.50,94.58,94.50,93.51,92.17,91.00,88.89,84.01,80.73,79.48,79.19,79.15,79.11,78.76,78.10,77.14,76.01,75.61,76.37,77.79,79.32,80.98,82.51,83.63,84.30,84.96,85.48,86.01,86.49,86.80,87.22,87.68,88.18,88.75,89.43,90.35,91.45,92.49,92.91,93.15,92.74,91.93,91.04,90.07,87.05,83.64,81.14,80.30,79.79,79.27,78.53,77.32,75.78,73.96,72.30,71.21,70.71,70.32,70.22,71.00,73.88,78.00,81.39,82.48,79.90,77.10,74.91,74.98,77.66,80.19,82.57,84.86,87.13,89.34,90.76,91.89,92.93,93.94,94.94,95.72,95.75,95.08,94.46,93.84,93.23,92.88,93.11,93.55,94.06,94.56,94.91,94.72
130.28,130.35,130.43,130.49,130.49,130.38,130.25,130.12,129.83,128.97,127.92,126.83,125.72,124.63,123.43,122.15,120.69,118.87,116.69,114.36,112.05,110.05,109.01,108.13,107.26,106.36,105.41,104.48,104.16,104.45,105.22,105.96,106.70,107.34,107.80,108.00,107.88,107.79,107.91,108.51,109.93,111.92,114.00,115.97,117.96,120.22,123.08,126.20,128.53,129.04,128.78,128.33,127.58,125.33,122.63,120.21,118.36,117.15,115.95,114.81,113.73,112.64,111.48,110.54,109.57,108.53,107.85,107.37,106.22,103.91,99.99,97.03,94.45,92.14,90.38,89.66,89.34,89.08,88.81,88.58,88.41,88.24,88.03,87.84,87.81,87.89,87.98,88.04,88.16,88.24,88.23,88.15,88.05,87.92,87.86,87.89,88.05,88.20,88.31,88.30,88.12,87.77,87.23,86.54,85.78,85.00,84.09,83.22,82.41,81.82,81.85,82.15,82.58,83.01,83.26,84.01,85.18,86.78,88.86,91.10,92.90,94.55,96.21,97.90,99.74,101.87,104.19,106.15,105.81,104.05,101.91,100.17,99.61,99.89,100.66,101.56,102.00,102.04,102.20,102.41,102.40,102.16,101.70,101.22,100.79,100.48,100.14,99.84,99.54,99.11,98.17,96.39,94.34,92.48,91.11,89.81,87.96,85.95,85.41,87.13,89.94,93.27,96.42,97.12,96.53,95.60,94.60,93.34,92.04,91.01,89.01,84.04,80.51,79.12,78.66,78.36,78.19,77.81,77.12,76.36,76.11,76.48,77.48,78.76,80.01,81.17,82.28,83.19,83.87,84.56,85.25,85.94,86.62,87.25,87.85,88.44,89.05,89.77,90.86,91.98,93.04,93.68,93.05,92.64,92.00,91.19,90.17,87.92,84.25,81.20,79.73,79.06,78.67,78.19,77.45,76.26,74.83,73.84,73.38,73.41,73.47,73.25,73.35,74.25,76.66,80.17,83.37,84.23,80.85,77.93,75.48,75.27,77.79,80.17,82.72,85.16,87.44,89.60,90.97,92.13,93.25,94.34,95.40,96.32,96.47,95.81,95.15,94.53,93.99,93.78,94.17,94.61,95.14,95.65,95.95,95.66
130.44,130.53,130.59,130.57,130.47,130.32,130.17,129.95,129.51,128.43,127.32,126.23,125.15,124.06,122.94,121.76,120.34,118.40,116.08,113.61,111.28,109.47,108.66,107.84,107.00,106.14,105.25,104.47,104.50,105.03,105.79,106.56,107.35,108.06,108.66,109.07,109.13,109.10,109.10,109.36,110.50,112.20,114.04,115.85,117.67,119.56,121.95,124.60,126.61,126.82,126.14,125.24,124.17,121.98,119.91,118.29,117.10,115.92,114.69,113.55,112.47,111.40,110.40,109.53,108.48,107.18,106.11,105.20,103.98,102.05,98.86,96.05,93.42,91.21,89.84,89.42,89.16,88.88,88.61,88.40,88.25,88.08,87.91,87.82,87.99,88.26,88.50,88.67,88.82,88.94,88.96,88.87,88.75,88.59,88.53,88.59,88.78,88.96,89.13,89.22,89.15,88.79,88.16,87.36,86.50,85.62,84.70,83.81,83.11,82.84,83.37,83.97,84.67,85.34,85.70,86.42,87.47,88.90,90.72,92.26,93.80,95.35,96.90,98.52,100.38,102.41,104.55,106.43,106.39,104.93,103.00,101.35,100.80,101.15,102.15,103.28,103.55,103.29,103.26,103.41,103.44,103.16,102.66,102.08,101.56,101.24,100.91,100.59,100.22,99.59,98.01,95.74,93.41,91.47,89.94,88.51,86.97,85.88,86.78,89.12,92.58,96.22,98.77,98.84,97.54,95.87,94.33,93.29,92.30,91.41,89.57,85.10,80.80,79.04,78.45,77.92,77.58,77.16,76.56,76.13,76.62,77.48,78.62,79.88,81.03,81.71,82.33,83.02,83.80,84.59,85.43,86.25,87.05,87.88,88.58,89.33,90.13,91.10,92.49,93.43,93.92,93.75,92.44,91.65,90.75,89.63,88.13,85.06,81.63,79.34,78.63,78.05,77.64,77.13,76.39,75.28,74.29,74.13,74.66,75.61,76.24,76.42,76.79,77.84,80.11,83.18,85.87,86.20,82.21,78.72,76.09,75.70,77.86,80.04,82.73,85.39,87.83,89.95,91.28,92.46,93.64,94.83,95.95,96.97,97.19,96.56,95.88,95.21,94.78,94.74,95.27,95.75,96.25,96.71,96.95,96.60
130.55,130.70,130.69,130.56,130.41,130.26,130.10,129.73,128.97,127.91,126.78,125.66,124.58,123.50,122.42,121.31,119.88,117.68,115.03,112.41,110.29,108.96,108.27,107.51,106.69,105.84,105.05,104.65,104.98,105.65,106.36,107.13,107.95,108.72,109.42,110.17,110.57,110.61,110.51,110.62,111.49,112.56,113.91,115.62,117.33,118.99,121.05,123.16,124.31,124.09,123.16,121.99,120.80,119.46,118.18,117.00,115.87,114.65,113.42,112.28,111.20,110.17,109.39,108.61,107.79,106.82,105.47,104.00,102.46,100.64,98.10,95.38,92.66,90.58,89.67,89.29,88.99,88.72,88.50,88.34,88.25,88.16,88.06,88.00,88.13,88.49,88.91,89.28,89.47,89.67,89.73,89.62,89.40,89.18,89.10,89.20,89.49,89.72,89.94,90.14,90.19,89.73,88.92,88.02,87.11,86.19,85.26,84.36,83.95,84.36,85.23,85.88,86.61,87.44,88.18,88.99,89.87,90.91,92.25,93.64,95.00,96.35,97.74,99.29,101.08,102.82,104.47,106.06,107.31,106.63,105.15,103.82,103.08,103.15,104.00,105.07,105.14,104.74,104.45,104.39,104.44,104.12,103.57,102.93,102.33,102.00,101.63,101.25,100.77,99.84,97.67,95.11,92.61,90.38,88.61,86.98,86.29,86.82,88.70,91.89,95.97,99.23,99.85,98.78,96.99,95.21,93.95,93.80,93.35,92.45,90.77,87.35,81.56,79.20,78.60,77.96,77.45,76.98,76.66,76.74,77.63,78.56,79.77,81.22,82.64,83.04,83.14,83.51,84.28,85.09,85.93,86.78,87.63,88.49,89.33,90.37,91.58,92.89,94.22,94.42,93.63,92.24,91.01,90.32,89.00,87.00,84.47,81.66,79.89,78.72,77.86,77.18,76.64,76.08,75.37,74.49,74.41,74.97,76.01,77.41,78.56,79.43,80.19,81.42,84.34,87.36,89.19,88.60,84.34,79.55,76.83,76.32,77.80,79.72,82.47,85.46,88.25,90.33,91.70,92.94,94.20,95.47,96.69,97.69,97.91,97.32,96.63,95.88,95.56,95.75,96.45,96.95,97.42,97.77,97.85,97.50
130.62,130.78,130.74,130.55,130.36,130.19,129.85,129.24,128.32,127.30,126.23,125.17,124.11,123.03,121.98,120.90,119.35,116.86,114.11,111.56,109.71,108.72,108.03,107.29,106.52,105.76,105.10,104.97,105.46,106.19,106.92,107.66,108.45,109.25,110.06,110.97,111.74,111.86,111.75,112.09,112.90,113.81,114.91,116.20,117.50,118.77,120.26,121.70,122.29,121.63,120.66,119.68,118.72,117.72,116.66,115.58,114.48,113.28,112.12,111.06,110.09,109.23,108.48,107.75,107.00,106.15,105.02,103.58,102.02,100.14,97.49,94.69,92.00,90.11,89.55,89.18,88.89,88.67,88.56,88.56,88.53,88.44,88.32,88.24,88.32,88.72,89.22,89.72,90.19,90.69,90.85,90.64,90.25,89.93,89.87,90.02,90.30,90.60,90.85,91.03,90.97,90.28,89.39,88.47,87.53,86.61,85.69,85.07,85.03,85.71,86.57,87.47,88.71,90.30,91.97,92.89,93.41,93.88,94.59,95.44,96.50,97.70,98.98,100.15,101.58,103.04,104.46,105.88,107.31,107.66,107.28,106.49,105.70,105.58,106.11,106.83,106.75,106.29,105.84,105.57,105.46,105.04,104.46,103.82,103.21,102.74,102.30,101.73,101.00,99.92,97.58,94.76,91.99,89.58,87.68,86.94,87.19,88.55,91.48,95.42,98.72,100.40,99.69,98.11,96.24,95.02,94.86,95.33,95.12,94.25,92.50,88.89,82.20,79.46,78.78,78.12,77.57,77.12,77.11,77.64,78.62,79.78,81.15,82.67,84.14,84.81,84.90,85.00,85.35,85.77,86.38,87.29,88.43,89.60,90.77,91.96,93.23,94.50,95.22,94.35,92.61,90.64,89.31,88.37,86.75,84.55,82.19,80.17,79.01,78.15,77.27,76.47,75.91,75.52,75.20,74.90,75.08,75.74,76.86,78.46,80.09,81.58,83.07,84.83,87.36,89.84,91.19,90.63,86.90,80.53,77.52,76.95,77.86,79.41,81.95,85.11,88.29,90.56,92.21,93.64,95.01,96.31,97.54,98.42,98.59,98.07,97.34,96.51,96.34,96.78,97.56,98.13,98.53,98.76,98.76,98.42
130.68,130.84,130.78,130.54,130.31,130.13,129.56,128.70,127.69,126.68,125.67,124.65,123.63,122.56,121.54,120.37,118.66,116.04,113.39,111.05,109.45,108.68,107.98,107.20,106.45,105.77,105.25,105.33,105.91,106.68,107.45,108.16,108.91,109.75,110.67,111.70,112.76,112.99,112.97,113.61,114.44,115.35,116.22,117.04,117.88,118.71,119.59,120.34,120.43,119.47,118.54,117.77,117.03,116.21,115.20,114.13,113.03,111.89,110.84,109.89,109.06,108.37,107.62,106.89,106.16,105.39,104.54,103.33,101.86,99.94,96.98,94.03,91.43,89.77,89.44,89.06,88.83,88.71,88.71,88.85,88.88,88.79,88.63,88.48,88.51,88.93,89.52,90.15,90.91,91.71,92.00,91.75,91.22,90.86,90.81,90.97,91.22,91.56,91.83,91.90,91.59,90.70,89.77,88.84,87.91,86.99,86.08,85.83,86.16,86.95,87.77,89.31,91.42,93.81,95.98,96.84,96.98,96.97,97.12,97.44,98.16,99.17,100.27,101.08,102.13,103.31,104.56,105.81,107.12,108.34,108.97,108.72,108.09,107.90,108.11,108.42,108.21,107.68,107.08,106.59,106.26,105.72,105.11,104.47,103.84,103.22,102.70,101.97,101.03,99.80,97.34,94.27,91.31,88.93,87.20,87.48,88.73,90.87,94.68,98.80,100.74,100.63,99.07,97.30,95.77,95.39,96.28,97.14,97.10,96.21,94.22,90.13,83.19,80.00,78.97,78.31,77.76,77.46,77.77,78.66,79.72,81.13,82.68,84.25,85.70,86.72,86.89,86.75,86.63,86.60,87.08,88.15,89.59,91.07,92.49,93.72,94.88,95.83,95.66,93.91,91.62,89.46,88.00,86.69,84.89,82.78,80.81,79.46,78.53,77.69,76.83,76.02,75.60,75.47,75.53,75.74,75.94,76.52,77.57,79.22,81.25,83.32,85.50,87.71,89.71,91.65,92.65,92.18,88.99,81.40,78.22,77.59,77.97,79.13,81.34,84.53,88.04,90.62,92.58,94.28,95.81,97.15,98.42,99.15,99.27,98.83,98.04,97.13,97.10,97.78,98.62,99.23,99.54,99.66,99.58,99.30
130.74,130.91,130.81,130.54,130.30,130.03,129.26,128.24,127.19,126.17,125.13,124.06,123.00,121.98,120.92,119.46,117.57,115.31,113.19,111.23,109.81,109.00,108.29,107.43,106.61,105.91,105.45,105.66,106.29,107.06,107.83,108.59,109.36,110.29,111.39,112.51,113.55,113.97,114.26,115.11,116.02,116.90,117.55,117.94,118.38,118.82,119.15,119.23,118.83,117.98,117.08,116.21,115.41,114.67,113.72,112.66,111.58,110.50,109.62,108.84,108.13,107.48,106.78,106.03,105.30,104.58,103.84,102.88,101.63,99.79,96.70,93.40,91.02,89.69,89.31,88.93,88.85,88.91,89.02,89.16,89.19,89.13,88.97,88.68,88.65,89.13,89.87,90.71,91.55,92.42,92.95,92.94,92.39,92.18,92.11,92.18,92.40,92.61,92.88,92.72,92.00,91.08,90.15,89.22,88.29,87.38,86.51,86.58,87.20,88.03,88.97,92.17,95.83,98.70,99.53,99.74,99.69,99.57,99.51,99.64,100.05,100.65,101.37,102.15,102.99,103.89,104.86,105.91,107.19,108.47,109.31,109.46,109.42,109.44,109.52,109.55,109.22,108.47,107.67,106.95,106.34,105.69,105.01,104.33,103.66,102.98,102.33,101.59,100.68,99.25,96.36,93.10,90.28,88.45,87.73,88.56,90.80,94.24,98.36,101.02,101.04,99.65,98.14,96.55,96.38,97.03,98.05,98.98,99.07,97.97,95.49,91.12,85.33,81.31,79.17,78.50,77.97,78.16,78.79,79.77,81.18,82.74,84.42,86.06,87.50,88.64,88.74,88.40,87.99,87.76,88.65,90.06,91.64,93.18,94.46,95.55,96.34,96.38,95.03,93.27,91.39,89.58,88.13,86.43,84.71,82.91,80.97,79.54,78.48,77.52,76.65,76.22,76.39,76.57,76.64,76.75,76.86,77.33,78.24,79.73,82.02,84.61,87.02,89.11,91.05,92.94,93.59,92.66,89.27,81.84,78.94,78.28,78.19,78.98,80.61,83.54,87.22,90.26,92.50,94.51,96.32,97.85,99.27,99.84,99.94,99.63,98.75,97.78,97.85,98.70,99.60,100.09,100.30,100.31,100.18,99.98
130.88,130.95,130.79,130.49,130.21,129.79,128.94,127.87,126.80,125.76,124.66,123.55,122.45,121.37,120.30,118.95,117.34,115.47,113.67,111.88,110.39,109.33,108.56,107.65,106.76,106.02,105.69,106.10,106.78,107.53,108.30,109.07,109.90,110.89,112.05,113.20,114.28,114.92,115.34,115.95,116.59,117.21,117.66,117.91,118.21,118.33,118.26,117.95,117.27,116.53,115.66,114.76,113.92,113.13,112.22,111.26,110.28,109.34,108.56,107.83,107.14,106.51,105.82,105.10,104.39,103.72,103.02,102.22,101.16,99.42,96.24,92.78,90.65,89.62,89.25,88.99,89.03,89.17,89.30,89.45,89.50,89.45,89.23,88.85,88.85,89.41,90.27,91.24,92.17,93.14,93.87,94.13,93.68,93.52,93.43,93.45,93.64,93.77,93.69,93.19,92.30,91.38,90.48,89.55,88.60,87.74,87.09,87.31,87.95,88.89,90.81,95.10,98.77,100.82,101.30,101.35,101.23,101.10,101.05,101.19,101.55,102.00,102.52,103.19,103.98,104.79,105.63,106.55,107.61,108.72,109.54,109.86,110.00,110.04,109.96,109.70,109.11,108.27,107.42,106.66,105.98,105.30,104.60,103.91,103.22,102.55,101.86,101.12,100.11,98.30,95.31,92.14,89.58,88.25,88.47,90.43,93.69,97.68,101.08,101.51,100.42,98.87,97.57,96.82,97.46,98.59,99.70,100.51,100.56,99.54,97.03,92.21,86.74,82.15,79.36,78.73,78.44,78.88,79.84,81.20,82.84,84.52,86.22,87.83,89.18,90.25,90.17,89.58,89.04,89.29,90.53,92.09,93.70,95.24,96.40,97.15,97.41,96.87,95.19,93.45,91.80,90.34,89.11,87.34,85.22,83.02,81.04,79.58,78.47,77.46,76.66,76.64,77.16,77.56,77.74,77.84,77.90,78.28,79.24,81.06,83.74,86.37,88.70,90.76,92.75,94.63,94.74,93.14,89.81,83.73,80.50,79.16,78.84,79.28,80.61,83.22,86.66,89.79,92.22,94.50,96.66,98.50,99.85,100.41,100.45,100.04,99.22,98.64,98.89,99.66,100.41,100.82,100.81,100.65,100.47,100.30
131.03,130.96,130.72,130.41,130.06,129.46,128.55,127.49,126.40,125.31,124.17,123.02,121.86,120.73,119.66,118.61,117.43,115.95,114.37,112.66,111.02,109.66,108.81,107.85,106.91,106.16,106.00,106.61,107.33,108.07,108.84,109.65,110.55,111.59,112.74,113.89,115.03,115.85,116.32,116.52,116.77,117.06,117.27,117.40,117.61,117.48,117.13,116.57,115.76,115.09,114.26,113.37,112.51,111.62,110.76,109.92,109.09,108.31,107.59,106.86,106.13,105.50,104.81,104.12,103.45,102.81,102.12,101.40,100.42,98.73,95.50,92.11,90.31,89.56,89.23,89.14,89.30,89.46,89.61,89.93,90.06,89.86,89.42,88.97,89.08,89.75,90.70,91.76,92.77,93.83,94.74,95.26,95.02,94.86,94.77,94.77,94.87,94.84,94.28,93.44,92.51,91.58,90.71,89.78,88.82,88.02,87.73,88.08,88.67,89.83,93.20,97.85,100.66,101.49,102.12,102.27,102.18,102.10,102.16,102.44,102.86,103.29,103.72,104.27,105.03,105.83,106.64,107.48,108.28,109.09,109.73,110.09,110.17,110.11,109.86,109.34,108.45,107.59,106.78,106.04,105.41,104.72,104.03,103.34,102.66,102.03,101.34,100.55,99.33,97.12,94.26,91.36,89.14,88.39,89.68,93.02,97.09,100.88,102.81,101.08,99.45,98.33,97.42,97.72,98.80,100.10,101.27,101.90,101.76,100.86,98.49,93.27,87.65,82.64,79.52,79.01,79.08,79.72,81.01,82.81,84.59,86.37,88.02,89.52,90.76,91.69,91.43,90.72,90.29,91.26,92.70,94.24,95.78,97.19,98.15,98.42,98.12,97.25,95.76,94.05,92.53,91.33,90.25,88.44,85.68,82.82,80.88,79.49,78.42,77.46,76.80,77.20,77.91,78.50,78.92,79.16,79.21,79.58,80.72,83.01,86.05,88.43,90.56,92.65,94.68,96.53,96.10,93.86,90.59,86.14,82.43,80.27,79.82,79.88,80.94,83.21,86.25,89.20,91.77,94.33,96.88,99.10,100.28,100.89,100.88,100.31,99.65,99.62,100.05,100.62,101.02,101.27,101.03,100.69,100.45,100.24
131.11,130.94,130.66,130.35,129.96,129.07,127.96,126.81,125.67,124.54,123.38,122.20,121.03,119.97,118.98,118.03,117.01,115.83,114.50,112.95,111.39,110.00,108.98,108.03,107.09,106.42,106.56,107.23,107.99,108.75,109.55,110.52,111.55,112.59,113.65,114.76,115.91,116.77,117.26,117.37,117.54,117.63,117.38,116.85,116.66,116.39,115.89,115.19,114.40,113.67,112.84,111.97,111.13,110.31,109.55,108.80,108.06,107.34,106.60,105.87,105.16,104.49,103.80,103.14,102.48,101.81,101.11,100.33,99.03,96.99,93.98,91.19,89.94,89.51,89.25,89.34,89.56,89.77,90.21,91.45,91.81,90.85,89.47,88.98,89.36,90.19,91.20,92.28,93.34,94.37,95.38,96.15,96.24,96.18,96.12,96.09,95.94,95.33,94.46,93.50,92.53,91.55,90.68,89.77,88.80,87.99,88.34,88.98,89.81,91.64,96.68,99.70,101.23,102.02,102.73,103.12,103.16,103.17,103.41,103.76,104.15,104.58,105.02,105.47,106.11,106.88,107.70,108.49,109.26,109.76,110.08,110.28,110.27,110.03,109.61,108.95,107.94,107.11,106.26,105.45,104.79,104.14,103.46,102.79,102.14,101.47,100.78,99.67,98.05,95.84,93.30,90.84,89.19,89.36,92.50,97.00,100.78,102.85,102.36,100.44,99.01,98.33,98.35,99.02,100.19,101.50,102.70,103.36,102.75,101.47,98.98,93.88,88.06,82.77,79.58,79.37,79.87,80.98,82.55,84.42,86.30,88.13,89.67,90.96,92.09,93.11,92.90,92.67,93.13,94.31,95.48,96.66,97.83,98.84,99.08,98.76,98.14,97.31,96.23,94.69,93.21,91.86,90.24,87.78,84.38,81.28,79.94,79.02,78.17,77.46,77.17,77.79,78.58,79.49,80.47,81.36,81.51,82.17,83.63,85.94,88.69,90.76,92.78,94.92,96.87,98.44,97.99,95.67,91.85,87.60,84.07,81.90,81.22,80.89,81.19,83.01,85.85,88.38,91.04,93.98,97.01,99.60,100.65,101.28,101.32,100.80,100.39,100.57,101.10,101.45,101.11,100.82,100.49,100.14,99.78,99.32
131.12,130.85,130.53,130.18,129.61,128.50,127.26,126.04,124.88,123.69,122.53,121.36,120.22,119.24,118.33,117.41,116.47,115.48,114.32,112.96,111.54,110.15,109.01,107.99,107.19,106.81,107.19,107.90,108.67,109.49,110.42,111.48,112.58,113.64,114.66,115.72,116.82,117.70,118.23,118.28,118.31,117.91,117.05,115.99,115.58,115.20,114.59,113.80,113.03,112.25,111.45,110.63,109.84,109.09,108.38,107.70,107.03,106.35,105.59,104.87,104.17,103.48,102.81,102.16,101.48,100.72,99.81,98.81,97.29,95.09,92.30,90.42,89.70,89.52,89.52,90.16,91.63,92.71,93.10,93.32,92.46,90.88,89.43,89.11,89.68,90.66,91.76,92.89,93.99,95.02,96.06,96.98,97.35,97.36,97.28,97.03,96.42,95.42,94.42,93.45,92.49,91.52,90.60,89.69,88.78,88.15,88.85,90.07,91.59,94.01,98.90,100.73,101.62,102.48,103.26,103.87,104.15,104.32,104.67,105.07,105.47,105.88,106.31,106.70,107.24,107.94,108.70,109.34,109.95,110.23,110.36,110.40,110.28,109.93,109.42,108.76,108.03,107.48,106.82,106.06,105.30,104.55,103.51,102.49,101.64,100.93,100.09,98.73,96.90,94.76,92.49,90.49,89.39,90.46,95.73,100.28,103.14,103.90,102.10,100.22,99.09,98.81,99.47,100.52,101.79,103.06,104.14,104.67,103.60,101.94,99.30,94.32,88.41,83.16,80.04,79.94,80.96,82.42,84.14,86.00,87.89,89.63,91.08,92.31,93.43,94.50,94.73,95.14,96.19,97.50,98.36,99.11,99.84,100.27,99.91,99.18,98.34,97.51,96.65,95.20,93.56,91.81,89.69,87.04,83.71,80.78,79.53,78.81,78.10,77.59,77.56,78.28,79.11,80.56,82.46,84.13,84.67,85.54,86.94,88.81,90.96,92.78,94.68,96.72,98.61,100.03,99.66,97.33,93.07,88.84,85.45,83.43,82.78,82.21,81.89,83.06,85.40,87.75,90.40,93.58,96.95,99.84,100.86,101.59,101.81,101.50,101.25,101.49,101.66,101.47,100.66,100.01,99.53,99.08,98.50,97.67
131.03,130.68,130.33,129.87,129.00,127.77,126.47,125.22,124.05,122.82,121.64,120.53,119.48,118.54,117.68,116.77,115.87,114.96,113.91,112.74,111.46,110.11,108.90,107.76,107.22,107.31,107.86,108.60,109.39,110.30,111.41,112.50,113.64,114.72,115.72,116.73,117.75,118.64,119.17,119.14,118.88,117.73,116.19,114.82,114.41,113.93,113.23,112.41,111.65,110.88,110.11,109.36,108.65,107.94,107.24,106.58,105.96,105.32,104.58,103.86,103.16,102.48,101.84,101.14,100.38,99.48,98.20,96.86,95.24,93.17,90.66,89.88,89.70,89.83,90.44,91.90,95.44,97.89,97.77,95.11,91.87,89.97,89.32,89.38,90.06,91.14,92.36,93.56,94.72,95.77,96.82,97.78,98.32,98.39,98.17,97.53,96.34,95.19,94.19,93.29,92.41,91.47,90.50,89.56,88.78,88.52,89.27,91.25,93.81,96.65,99.71,101.06,101.97,102.87,103.72,104.54,105.10,105.51,105.91,106.35,106.75,107.15,107.55,107.94,108.41,109.02,109.64,110.02,110.30,110.49,110.57,110.52,110.35,109.96,109.42,108.91,108.75,108.72,108.44,107.84,106.94,105.96,104.25,102.54,101.24,100.40,99.28,97.75,95.91,93.89,91.81,90.34,89.92,91.93,99.05,102.60,104.12,104.21,102.30,100.51,99.68,99.77,100.71,102.18,103.62,104.82,105.64,105.78,104.24,102.26,99.50,94.56,88.78,83.89,80.96,80.74,82.32,83.98,85.72,87.57,89.38,90.88,92.27,93.60,94.79,95.85,96.84,97.93,99.19,100.57,101.15,101.51,101.75,101.54,100.77,99.82,98.86,97.95,97.08,95.64,93.69,91.39,88.98,86.70,84.13,81.62,79.81,78.93,78.26,77.85,77.92,78.64,79.47,81.65,84.78,87.31,88.53,89.49,90.46,91.51,92.83,94.48,96.22,98.02,99.90,101.25,100.93,98.59,94.08,89.86,86.62,84.85,84.48,83.82,83.10,83.40,84.88,87.33,89.86,93.11,96.68,99.79,100.90,101.79,102.31,102.34,102.13,102.23,101.67,100.67,99.75,98.91,98.24,97.58,96.72,95.46
130.86,130.49,130.05,129.40,128.30,127.02,125.74,124.49,123.27,122.00,120.82,119.76,118.82,117.90,117.04,116.14,115.22,114.32,113.38,112.31,111.14,109.92,108.86,107.75,107.44,107.84,108.54,109.34,110.27,111.32,112.44,113.56,114.68,115.76,116.80,117.80,118.81,119.44,119.68,119.43,118.29,116.73,115.05,113.62,113.22,112.62,111.86,111.08,110.36,109.67,108.96,108.25,107.55,106.85,106.12,105.47,104.88,104.26,103.59,102.88,102.16,101.50,100.85,99.87,98.75,97.57,96.19,94.76,93.17,91.50,90.10,89.79,90.49,92.26,94.95,96.65,98.83,99.87,98.53,94.13,91.01,89.59,89.31,89.63,90.45,91.59,92.83,94.06,95.26,96.45,97.58,98.58,99.25,99.21,98.56,97.51,96.21,94.96,93.88,92.94,92.08,91.16,90.28,89.43,88.79,88.77,89.52,91.96,94.99,97.81,100.11,101.35,102.31,103.27,104.21,105.11,105.84,106.42,106.84,107.26,107.69,108.12,108.56,108.99,109.49,110.08,110.56,110.62,110.63,110.74,110.93,111.17,111.37,111.09,110.57,110.10,110.12,110.22,110.02,109.51,108.69,107.51,105.57,103.49,101.59,99.94,98.40,96.74,94.95,93.12,91.26,90.81,92.40,96.36,101.05,103.72,104.85,104.62,102.86,101.38,100.80,101.12,102.36,103.98,105.58,106.86,107.39,106.40,104.29,102.02,99.08,94.15,89.18,85.12,82.43,81.80,83.66,85.50,87.31,89.10,90.66,92.05,93.42,94.78,96.05,97.24,98.44,99.78,101.26,102.58,103.03,103.22,103.25,102.81,101.89,100.81,99.77,98.83,97.98,96.52,94.58,92.41,90.44,88.80,86.70,83.99,81.01,79.47,78.63,78.18,78.18,78.81,79.56,82.34,86.53,89.97,91.97,93.14,93.76,94.09,94.95,96.25,97.78,99.51,101.41,102.13,101.20,98.55,94.15,90.02,87.70,86.68,86.38,85.61,84.62,84.02,84.46,86.87,89.17,92.34,96.06,99.49,100.85,101.86,102.61,102.92,102.53,102.01,101.05,99.84,98.71,97.70,96.88,96.03,94.97,93.69
130.63,130.20,129.62,128.80,127.62,126.34,125.07,123.83,122.58,121.27,120.09,119.09,118.21,117.29,116.43,115.53,114.60,113.68,112.81,111.81,110.73,109.66,108.73,107.84,107.78,108.43,109.26,110.22,111.34,112.49,113.56,114.66,115.74,116.81,117.87,118.85,119.69,120.04,119.94,119.31,117.43,115.59,113.86,112.44,111.96,111.29,110.56,109.85,109.18,108.54,107.86,107.16,106.45,105.75,105.01,104.35,103.78,103.17,102.56,101.88,101.13,100.37,99.53,98.29,96.90,95.51,94.13,92.99,91.90,90.98,90.75,91.35,92.91,95.57,99.02,100.50,101.04,100.49,98.03,92.63,90.25,89.45,89.39,89.85,90.88,92.09,93.34,94.57,95.81,97.09,98.30,99.33,100.01,99.72,98.71,97.41,96.09,94.78,93.59,92.58,91.70,90.79,90.03,89.30,88.81,89.03,89.78,92.53,95.88,98.73,100.59,101.77,102.77,103.77,104.75,105.66,106.47,107.16,107.66,108.07,108.50,108.96,109.46,109.97,110.53,111.14,111.58,111.59,111.45,111.55,111.89,112.39,112.88,112.72,112.29,111.91,111.88,111.98,111.73,111.14,110.22,108.81,106.66,104.28,101.87,99.53,97.61,95.81,94.03,92.42,91.47,92.22,95.21,99.97,102.34,104.34,105.47,105.37,103.95,102.81,102.36,102.77,104.18,105.80,107.46,108.70,108.85,106.84,104.23,101.54,98.15,93.04,89.05,85.90,83.61,82.86,84.88,86.93,88.80,90.48,91.88,93.20,94.56,95.92,97.25,98.62,100.03,101.56,103.17,104.36,104.70,104.76,104.63,104.05,103.03,101.93,100.84,99.85,99.02,97.59,95.81,93.92,92.34,91.04,89.18,86.22,82.10,79.95,78.95,78.47,78.42,78.98,79.62,82.83,87.86,91.99,94.84,96.39,96.93,96.77,97.25,98.16,99.46,101.14,102.99,102.78,101.00,97.98,94.00,91.04,89.92,89.34,88.53,87.42,86.19,84.95,84.52,86.42,88.48,91.44,95.09,98.77,100.60,101.78,102.72,103.27,102.72,101.73,100.54,99.28,98.01,96.87,95.87,94.81,93.59,92.32
130.30,129.71,128.93,128.03,127.03,125.81,124.53,123.26,122.01,120.70,119.56,118.56,117.64,116.72,115.86,114.96,114.03,113.11,112.19,111.25,110.30,109.34,108.45,108.03,108.31,109.09,110.05,111.36,112.68,113.86,114.87,115.84,116.84,117.89,118.93,119.82,120.21,120.29,119.88,118.60,116.52,114.49,112.70,111.31,110.62,109.98,109.38,108.79,108.15,107.48,106.78,106.06,105.31,104.61,103.91,103.25,102.64,102.03,101.47,100.86,100.06,98.90,97.63,96.27,94.89,93.52,92.20,91.96,92.17,92.53,93.21,95.77,98.00,99.65,100.80,101.45,101.22,99.86,96.77,91.29,89.80,89.57,89.62,90.03,91.35,92.70,93.97,95.21,96.44,97.69,98.92,99.99,100.49,99.76,98.62,97.34,96.03,94.72,93.38,92.24,91.33,90.42,89.78,89.17,88.86,89.36,90.16,93.05,96.67,99.76,101.35,102.46,103.47,104.46,105.38,106.20,106.98,107.72,108.34,108.82,109.23,109.69,110.25,110.90,111.57,112.21,112.82,113.29,113.17,113.40,113.89,114.46,114.92,114.83,114.63,114.43,114.14,114.10,113.64,112.68,111.23,109.54,107.10,104.40,101.73,99.22,97.00,95.02,93.20,91.85,93.05,95.12,97.81,100.88,102.83,104.51,105.94,106.69,105.89,105.07,104.55,104.78,106.13,107.61,109.16,110.08,109.66,107.17,104.23,100.82,96.49,90.90,87.94,85.63,84.00,83.83,85.91,88.22,90.14,91.63,93.01,94.34,95.70,97.07,98.42,99.97,101.79,103.59,105.15,106.12,106.33,106.23,105.92,105.20,104.13,103.11,102.07,100.99,100.11,98.85,97.35,95.74,94.16,92.51,90.60,87.49,82.59,80.13,79.11,78.69,78.66,79.17,79.68,83.12,88.60,93.02,96.77,99.02,99.91,99.73,99.82,100.33,101.35,102.91,104.58,103.12,100.30,96.95,93.89,94.02,94.31,93.37,91.09,89.18,87.69,86.33,85.41,86.01,87.84,90.38,93.63,97.41,100.02,101.47,102.59,103.32,102.73,101.73,100.52,99.23,97.99,96.77,95.54,94.25,92.89,91.53
129.77,129.02,128.15,127.22,126.27,125.21,124.02,122.77,121.50,120.22,119.10,118.09,117.18,116.29,115.40,114.48,113.56,112.63,111.70,110.80,109.94,109.09,108.33,108.37,108.92,109.80,111.03,112.49,113.94,115.26,116.39,117.36,118.30,119.10,119.73,120.21,120.33,119.98,119.08,117.48,115.52,113.48,111.64,110.23,109.53,108.93,108.35,107.77,107.17,106.46,105.73,104.98,104.22,103.52,102.80,102.12,101.51,100.93,100.39,99.77,98.92,97.57,96.02,94.82,94.09,93.79,93.53,94.45,95.54,96.36,96.92,98.76,100.29,101.30,101.77,101.76,101.24,99.61,96.23,90.93,89.73,89.64,89.78,90.34,91.75,93.21,94.59,95.88,97.13,98.37,99.66,100.68,100.58,99.54,98.31,97.07,95.82,94.55,93.25,92.02,90.97,90.13,89.56,89.14,89.02,89.47,90.07,92.90,96.60,99.85,101.55,102.89,104.06,105.08,105.93,106.75,107.54,108.30,109.00,109.56,110.09,110.65,111.25,111.94,112.64,113.29,113.93,114.56,114.81,115.03,115.55,116.40,116.98,117.14,117.13,116.99,116.45,115.17,113.82,112.36,110.61,108.97,106.87,104.39,101.69,99.16,96.88,94.78,93.07,92.60,94.47,96.80,99.12,101.25,102.85,104.34,105.79,106.94,107.18,107.14,106.88,107.01,108.10,109.42,110.92,111.34,110.01,107.21,103.89,99.81,94.97,89.81,87.16,85.17,84.31,85.36,87.59,89.65,91.35,92.76,94.12,95.47,96.84,98.26,99.80,101.74,103.89,105.79,107.18,107.92,108.00,107.75,107.25,106.39,105.40,104.40,103.34,102.17,101.01,99.24,97.34,95.47,93.57,91.86,89.73,86.41,81.72,79.92,79.24,78.95,78.92,79.25,79.66,82.98,88.38,93.08,97.71,100.47,101.82,102.26,102.31,102.50,103.28,104.70,105.98,103.51,100.27,97.72,96.86,97.72,98.15,97.31,95.04,92.25,89.70,87.75,86.46,86.04,87.53,89.67,92.57,96.38,99.58,101.24,102.45,103.33,102.97,101.92,100.66,99.37,98.13,96.86,95.58,94.24,92.82,91.44
129.17,128.27,127.33,126.41,125.47,124.53,123.47,122.28,121.01,119.78,118.67,117.66,116.74,115.88,114.97,114.05,113.13,112.20,111.27,110.41,109.61,108.88,108.37,108.78,109.55,110.56,112.03,113.54,115.11,116.60,117.88,118.87,119.67,120.16,120.33,120.39,120.28,119.51,118.16,116.44,114.70,112.74,110.86,109.38,108.60,107.97,107.37,106.78,106.19,105.45,104.68,103.91,103.15,102.43,101.69,101.01,100.41,99.86,99.33,98.69,97.77,96.38,94.78,94.00,94.14,95.03,95.95,97.83,99.37,100.14,100.27,100.80,101.43,102.03,102.36,101.87,101.24,99.69,96.58,91.80,90.16,89.77,89.93,90.70,92.13,93.67,95.16,96.54,97.82,99.08,100.43,101.30,100.48,99.20,97.92,96.71,95.54,94.31,93.07,91.80,90.63,89.90,89.43,89.22,89.24,89.53,89.89,92.56,96.20,99.52,101.47,103.12,104.58,105.75,106.54,107.38,108.18,108.93,109.63,110.23,110.91,111.58,112.25,112.95,113.66,114.33,115.00,115.69,116.31,116.56,117.10,118.17,118.80,119.14,119.26,119.03,117.95,115.25,113.03,111.23,109.43,107.93,106.29,104.19,101.64,99.16,96.92,94.71,93.18,93.67,95.69,97.94,99.92,101.48,102.83,104.21,105.58,106.89,108.02,108.75,108.88,109.07,110.01,111.22,112.55,112.37,110.11,107.01,103.37,98.75,93.62,89.14,86.53,84.93,84.95,87.10,89.34,91.04,92.51,93.88,95.22,96.59,98.00,99.53,101.33,103.64,106.04,108.06,109.38,109.96,109.89,109.43,108.67,107.62,106.70,105.51,104.22,102.94,101.36,99.08,96.75,94.54,92.30,90.64,88.45,85.19,81.11,79.80,79.39,79.23,79.20,79.33,79.65,82.67,87.76,92.72,98.17,101.35,103.15,104.38,104.70,104.70,105.25,106.44,107.35,104.33,100.99,99.28,100.25,101.09,101.26,100.58,98.72,95.38,91.82,89.20,87.50,86.36,87.44,89.22,91.84,95.64,99.23,101.08,102.41,103.42,103.22,102.12,100.81,99.52,98.30,97.01,95.74,94.40,92.95,91.55
128.54,127.55,126.57,125.63,124.65,123.72,122.75,121.71,120.56,119.39,118.28,117.25,116.30,115.44,114.53,113.64,112.75,111.82,110.89,110.06,109.31,108.75,108.80,109.27,110.19,111.44,112.91,114.40,116.04,117.69,119.11,119.94,120.36,120.53,120.52,120.44,120.09,119.07,117.65,116.16,114.62,112.81,110.95,109.26,107.98,107.07,106.38,105.80,105.13,104.38,103.60,102.83,102.06,101.30,100.63,99.99,99.39,98.85,98.36,97.68,96.74,95.54,94.45,94.70,95.72,97.11,98.55,100.43,101.35,101.28,101.04,101.27,101.78,102.31,102.52,101.99,101.33,100.55,99.12,95.81,91.92,90.09,90.13,91.11,92.53,94.06,95.58,97.07,98.49,99.90,101.19,101.68,100.12,98.79,97.55,96.33,95.16,93.94,92.70,91.45,90.35,89.81,89.57,89.49,89.50,89.60,89.85,92.25,95.60,98.78,100.99,102.98,104.94,106.63,107.42,108.25,109.06,109.72,110.21,110.71,111.40,112.18,112.96,113.71,114.47,115.25,116.02,116.76,117.39,117.95,118.65,119.46,119.74,119.89,119.92,119.28,116.67,113.12,110.83,109.44,108.12,106.77,105.20,103.42,101.41,99.17,96.94,94.71,93.34,94.35,96.38,98.52,100.38,101.81,103.19,104.53,105.80,106.98,108.03,108.97,109.58,110.34,111.69,112.99,113.69,112.74,109.87,106.30,102.55,97.84,92.73,88.72,86.06,85.65,86.81,88.90,90.68,92.18,93.59,94.97,96.35,97.73,99.23,100.99,103.17,105.54,108.02,110.32,112.08,112.74,112.47,111.58,110.36,109.03,107.91,105.92,103.84,102.22,100.11,98.04,95.88,93.59,91.34,89.77,88.21,86.03,82.83,80.41,79.68,79.57,79.55,79.55,79.75,82.27,86.80,91.97,98.07,101.54,103.62,105.59,106.83,107.08,107.31,107.97,108.83,106.55,103.55,101.53,101.73,102.58,102.54,101.68,99.96,97.24,93.79,90.72,88.39,87.17,87.80,89.29,91.76,95.44,99.05,101.16,102.69,103.72,103.28,102.13,100.81,99.56,98.42,97.18,95.90,94.53,93.07,91.63
127.95,126.92,125.89,124.91,123.94,122.98,122.04,121.05,119.95,118.96,117.91,116.84,115.85,114.97,114.07,113.20,112.33,111.40,110.51,109.77,109.23,108.99,109.28,109.92,110.96,112.30,113.79,115.27,116.86,118.48,119.86,120.43,120.62,120.64,120.55,120.29,119.68,118.61,117.27,115.87,114.44,112.81,111.10,109.45,108.01,106.84,105.83,104.93,104.11,103.34,102.59,101.83,101.07,100.38,99.72,99.12,98.56,97.96,97.40,96.68,95.93,95.35,95.03,95.76,97.02,98.50,100.05,101.57,102.25,102.11,101.71,101.79,102.18,102.59,102.73,102.17,101.67,101.31,100.73,98.78,95.47,92.60,91.23,92.19,93.40,94.80,96.28,97.79,99.30,100.96,101.87,101.56,99.73,98.40,97.16,95.95,94.78,93.56,92.31,91.18,90.40,90.46,90.44,90.28,90.02,89.80,90.10,92.36,95.44,98.44,100.98,103.32,105.53,107.39,108.44,109.28,109.86,110.30,110.70,111.13,111.80,112.57,113.39,114.16,114.93,115.75,116.58,117.34,118.03,118.74,119.43,119.97,120.11,120.16,119.76,118.28,114.58,111.10,109.07,107.87,106.77,105.56,104.13,102.58,100.90,98.95,96.81,94.63,93.44,94.89,96.94,99.01,100.77,102.14,103.52,104.76,105.90,106.97,107.95,109.00,110.23,111.65,113.20,114.65,114.34,112.44,109.22,105.61,101.98,97.39,92.43,88.61,86.49,86.91,88.53,90.35,91.86,93.27,94.66,96.06,97.46,98.95,100.64,102.62,104.97,107.36,110.09,112.78,114.92,115.68,115.27,114.02,112.31,110.49,108.72,106.16,103.45,101.17,99.01,97.09,95.26,93.49,91.90,90.69,89.62,88.02,85.19,81.89,80.46,80.03,80.00,79.97,80.59,82.91,86.89,92.28,98.43,102.01,104.32,106.63,108.41,108.89,109.00,109.31,109.97,108.60,106.06,103.69,102.92,103.76,103.96,103.12,101.24,98.76,95.36,91.97,89.20,87.97,88.25,89.62,92.05,95.60,99.14,101.36,103.08,104.12,103.14,101.70,100.36,99.20,98.16,97.00,95.77,94.51,93.25,91.96
127.38,126.35,125.28,124.24,123.29,122.30,121.34,120.30,119.22,118.44,117.47,116.42,115.41,114.48,113.61,112.76,111.88,110.98,110.14,109.56,109.34,109.51,109.86,110.67,111.78,113.10,114.61,116.08,117.55,119.00,120.22,120.50,120.52,120.50,120.36,119.90,119.11,118.09,116.91,115.54,114.18,112.72,111.25,109.78,108.37,107.00,105.57,104.22,103.24,102.40,101.64,100.91,100.19,99.62,98.97,98.39,97.89,97.26,96.64,95.97,95.53,95.72,96.19,97.01,98.09,99.40,100.77,101.77,102.44,102.73,102.39,102.40,102.64,102.92,103.00,102.44,102.21,102.03,101.66,100.82,99.57,96.19,93.08,93.78,94.69,95.87,97.24,98.71,100.27,102.12,102.41,101.10,99.34,98.00,96.76,95.55,94.38,93.16,92.05,91.24,91.02,91.82,92.03,91.72,91.08,90.47,90.77,92.88,95.68,98.46,101.30,103.95,106.25,108.17,109.64,110.39,110.61,110.76,111.14,111.53,112.15,112.87,113.65,114.42,115.19,116.01,116.82,117.56,118.28,119.00,119.54,119.83,120.00,119.92,118.84,116.34,112.14,109.33,107.66,106.50,105.41,104.31,103.05,101.66,100.16,98.51,96.53,94.52,93.60,95.37,97.46,99.45,101.12,102.44,103.78,104.89,105.92,106.93,107.90,109.02,110.91,113.01,114.66,116.23,114.71,111.76,108.36,104.95,101.53,97.20,92.41,88.62,87.47,88.42,90.05,91.53,92.94,94.34,95.74,97.13,98.56,100.28,102.22,104.37,106.73,109.11,112.14,115.21,117.61,118.38,117.85,116.33,114.22,111.88,109.35,106.38,103.14,100.08,98.21,96.49,95.12,94.17,93.48,92.58,91.63,90.20,87.53,83.71,81.51,80.61,80.53,80.53,81.85,84.18,87.72,93.25,99.06,102.63,105.09,107.48,109.52,110.20,110.37,110.50,110.88,110.31,108.29,105.68,103.99,104.78,105.46,104.85,102.68,100.14,96.75,93.12,90.00,88.73,88.74,90.13,92.65,96.09,99.49,101.71,103.50,104.46,102.84,101.05,99.66,98.60,97.62,96.53,95.38,94.30,93.33,92.28
126.80,125.78,124.70,123.64,122.67,121.66,120.61,119.46,118.30,117.55,116.76,115.90,115.00,114.03,113.16,112.28,111.41,110.61,109.94,109.71,109.84,110.26,110.73,111.38,112.41,113.72,115.12,116.53,117.92,119.14,120.00,120.18,120.05,119.79,119.46,119.03,118.36,117.41,116.30,115.12,113.93,112.61,111.24,109.86,108.42,106.94,105.45,104.05,102.95,101.87,100.95,100.18,99.58,99.02,98.40,97.87,97.49,97.19,96.91,96.66,96.60,96.92,97.45,98.25,99.16,100.10,101.01,101.66,102.34,102.92,103.01,103.05,103.19,103.36,103.38,103.12,102.99,102.82,102.45,101.75,100.86,98.37,95.87,95.93,96.56,97.49,98.65,100.06,101.63,103.01,102.49,100.50,98.92,97.54,96.27,95.05,93.84,92.66,92.40,92.76,93.55,94.56,95.12,94.94,94.18,93.14,92.66,94.20,96.58,99.05,101.72,104.39,107.00,109.42,111.27,111.49,111.29,111.24,111.59,111.97,112.51,113.19,113.96,114.73,115.50,116.29,117.01,117.53,118.05,118.43,118.64,118.75,119.05,118.51,116.50,113.35,110.23,108.11,106.52,105.20,104.07,102.99,101.81,100.55,99.22,97.77,95.98,94.56,94.27,96.04,98.05,99.88,101.43,102.66,103.76,104.86,105.97,107.07,108.15,109.30,111.70,114.44,116.33,117.76,115.03,111.17,107.67,104.36,100.94,96.77,92.13,88.30,88.39,89.69,91.15,92.52,93.91,95.34,96.75,98.17,99.73,101.99,104.14,106.19,108.39,110.68,113.73,116.82,119.12,119.42,118.71,117.09,114.94,112.72,110.31,106.91,103.09,99.77,98.36,97.47,96.78,96.19,95.52,93.58,91.63,89.87,87.93,84.57,82.36,81.33,81.20,81.19,82.88,85.41,88.86,94.10,99.52,103.02,105.52,107.91,109.86,110.84,111.26,111.45,111.67,111.00,109.37,107.16,105.21,105.71,106.80,106.65,104.57,101.77,98.46,94.59,90.95,89.31,89.20,90.81,93.63,97.18,100.24,102.37,103.83,104.23,102.44,100.58,99.16,98.03,96.90,95.77,94.61,93.55,92.62,91.66
126.22,125.20,124.13,123.07,122.05,120.93,119.87,118.80,117.74,116.99,116.27,115.53,114.71,113.79,112.97,112.13,111.31,110.62,110.12,110.25,110.70,111.26,111.79,112.25,112.99,114.07,115.39,116.75,118.00,118.98,119.57,119.71,119.44,118.97,118.43,118.03,117.51,116.70,115.68,114.56,113.47,112.27,111.03,109.75,108.36,106.86,105.37,103.97,102.79,101.58,100.55,99.77,99.24,98.78,98.31,97.92,97.68,97.64,97.63,97.65,97.79,98.13,98.66,99.40,100.14,100.80,101.39,101.90,102.52,103.16,103.48,103.46,103.47,103.50,103.45,103.40,103.36,103.31,103.15,102.59,101.69,100.03,98.44,98.16,98.53,99.34,100.41,101.71,103.19,103.58,102.24,99.96,98.54,97.16,95.85,94.57,93.42,92.94,93.49,94.64,96.02,97.20,98.59,98.75,97.74,96.16,94.99,95.72,97.49,99.74,102.39,105.10,107.82,110.36,112.17,112.24,111.91,111.78,112.04,112.41,112.88,113.49,114.23,114.94,115.59,116.23,116.79,117.17,117.52,117.58,117.49,117.39,117.43,116.31,113.84,110.71,108.59,106.94,105.41,103.99,102.78,101.69,100.65,99.57,98.38,97.01,95.43,94.74,95.21,96.87,98.69,100.29,101.67,102.84,103.86,104.98,106.14,107.30,108.50,109.85,112.60,115.77,117.96,119.00,115.18,110.51,106.85,103.56,100.02,95.88,91.60,88.55,89.40,90.83,92.17,93.47,94.84,96.28,97.72,99.25,101.22,103.85,106.16,108.14,110.11,112.39,115.25,118.05,119.95,119.70,118.70,117.05,115.02,112.95,110.77,107.20,103.30,100.40,99.31,98.98,98.70,98.01,96.28,93.23,90.74,89.02,87.58,84.74,82.92,82.07,81.90,81.87,83.73,86.30,89.62,94.64,99.73,103.06,105.50,107.83,109.82,110.98,111.68,112.12,112.41,111.72,110.33,108.45,106.56,106.75,108.05,108.34,106.56,103.50,100.22,96.30,92.35,90.07,89.70,91.53,94.61,98.13,100.87,102.97,104.14,104.00,102.13,100.25,98.76,97.50,96.21,94.97,93.80,92.72,91.78,90.90
125.65,124.64,123.59,122.54,121.49,120.16,119.20,118.45,117.68,116.92,116.16,115.39,114.61,113.81,113.08,112.37,111.68,111.09,110.73,111.22,111.92,112.52,113.05,113.31,113.60,114.19,115.47,116.76,117.78,118.53,118.97,119.13,118.76,118.11,117.40,116.99,116.56,115.95,115.07,113.89,112.78,111.68,110.58,109.44,108.19,106.77,105.29,103.89,102.68,101.51,100.52,99.75,99.25,98.97,98.74,98.59,98.52,98.58,98.70,98.75,98.86,99.22,99.78,100.46,101.06,101.52,102.05,102.57,103.08,103.51,103.73,103.54,103.37,103.25,103.13,103.10,103.14,103.39,103.69,103.45,102.44,101.34,100.54,100.35,100.50,101.33,102.44,103.60,104.80,103.76,101.70,99.55,98.22,96.90,95.55,94.20,93.23,94.06,95.27,96.58,97.97,99.41,102.18,102.91,101.56,99.31,97.67,97.42,98.39,100.53,103.39,106.20,108.72,110.81,112.11,112.52,112.45,112.34,112.50,112.86,113.24,113.76,114.41,114.96,115.36,115.73,116.09,116.46,116.71,116.55,116.24,115.87,115.20,113.47,111.11,108.71,107.18,105.74,104.28,102.86,101.55,100.45,99.62,98.78,97.72,96.32,94.98,95.08,96.33,97.83,99.35,100.66,101.85,103.01,104.14,105.30,106.46,107.63,108.91,110.68,113.61,116.94,119.42,119.84,115.06,109.71,105.86,102.53,98.76,94.53,90.83,89.52,90.52,91.87,93.15,94.41,95.73,97.16,98.65,100.43,103.08,105.83,108.21,110.17,111.86,114.27,116.75,118.92,120.17,119.37,118.00,116.36,114.53,112.55,110.63,107.22,103.90,102.07,101.09,100.81,100.46,99.14,95.34,91.45,89.19,88.00,86.69,84.30,83.21,82.81,82.60,82.56,84.38,86.76,89.83,94.77,99.60,102.71,104.98,107.23,109.40,110.63,111.57,112.44,113.05,112.64,111.34,109.58,107.99,107.91,109.17,109.80,108.54,105.31,101.99,98.24,94.30,91.20,90.34,92.25,95.48,98.76,101.28,103.43,104.44,103.91,101.98,100.08,98.47,97.03,95.59,94.22,92.99,91.89,90.93,90.16
125.38,124.41,123.43,122.43,121.42,120.31,119.50,118.85,118.18,117.41,116.64,115.85,115.03,114.23,113.51,112.90,112.33,111.81,111.58,112.26,113.10,113.74,114.30,114.47,114.64,114.99,115.72,116.62,117.38,117.99,118.43,118.56,118.17,117.55,116.85,116.24,115.60,115.00,114.32,113.35,112.17,111.06,110.01,109.00,107.93,106.61,105.18,103.78,102.61,101.60,100.79,100.16,99.72,99.50,99.37,99.32,99.35,99.47,99.62,99.73,99.91,100.33,100.84,101.43,102.00,102.48,102.82,103.28,103.58,103.60,103.35,103.05,102.84,102.69,102.54,102.45,102.49,102.80,103.25,103.38,103.21,102.74,102.26,102.18,102.23,102.77,103.75,104.88,105.04,103.43,101.29,99.32,98.00,96.69,95.50,94.39,93.66,94.44,95.70,97.09,98.60,100.61,105.24,107.11,105.97,103.27,100.78,99.79,100.31,102.32,104.97,107.66,109.66,110.94,111.91,112.43,112.61,112.72,113.02,113.32,113.49,113.68,113.97,114.38,114.74,115.06,115.38,115.69,115.75,115.51,115.06,114.38,113.38,111.51,109.41,107.46,105.90,104.45,103.02,101.65,100.45,99.55,98.84,98.08,97.13,95.97,95.23,95.70,97.00,98.42,99.81,101.04,102.18,103.30,104.46,105.65,106.82,107.99,109.29,111.50,114.63,117.83,119.94,120.04,114.39,108.58,104.93,101.57,97.54,93.31,90.22,90.40,91.57,92.83,94.05,95.27,96.61,98.02,99.81,102.20,105.26,107.96,109.93,111.51,113.21,115.65,117.86,119.51,120.17,119.16,117.64,115.92,114.17,112.48,110.61,108.23,106.04,104.52,103.03,101.83,100.24,97.51,92.77,89.99,88.35,87.16,85.93,84.42,83.78,83.53,83.34,83.26,84.93,87.05,89.64,93.80,98.82,102.03,104.26,106.43,108.50,109.95,111.07,112.00,112.79,113.28,112.25,110.38,108.94,108.85,110.08,110.74,109.64,106.80,103.66,100.23,96.75,93.81,91.90,92.89,95.62,98.79,101.30,103.47,104.60,104.23,102.20,100.13,98.34,96.78,95.32,93.88,92.52,91.27,90.25,89.67
125.46,124.55,123.63,122.69,121.73,120.88,120.15,119.50,118.81,118.03,117.24,116.40,115.56,114.77,114.09,113.53,113.04,112.58,112.51,113.29,114.23,114.96,115.56,115.66,115.78,115.99,116.18,116.54,116.97,117.45,117.91,117.99,117.59,117.02,116.38,115.63,114.82,114.17,113.56,112.77,111.62,110.49,109.46,108.52,107.58,106.40,105.05,103.70,102.65,101.82,101.19,100.69,100.31,100.14,100.10,100.14,100.25,100.41,100.56,100.72,100.97,101.45,101.90,102.43,103.00,103.50,103.70,103.98,103.91,103.44,102.80,102.42,102.21,102.05,101.90,101.75,101.74,102.00,102.44,102.84,103.47,103.65,103.59,103.78,103.90,104.16,104.94,105.92,105.00,103.13,101.11,99.32,98.02,96.79,95.80,94.94,94.34,94.62,95.77,97.19,98.84,101.41,107.34,110.11,109.40,106.91,104.06,102.44,102.57,104.56,106.85,109.09,110.45,111.09,111.82,112.40,112.56,112.72,113.24,113.48,113.48,113.39,113.36,113.66,114.02,114.35,114.64,114.84,114.70,114.41,113.86,112.91,111.71,109.92,108.09,106.39,104.71,103.18,101.78,100.53,99.53,98.81,98.15,97.41,96.58,95.83,95.72,96.38,97.56,98.89,100.19,101.40,102.53,103.64,104.80,106.00,107.19,108.35,109.67,112.22,115.42,118.36,119.91,119.30,113.22,107.34,103.88,100.51,96.33,92.40,90.09,91.14,92.36,93.63,94.87,96.08,97.44,98.89,101.08,104.08,107.38,109.82,111.37,112.66,114.40,116.69,118.65,119.91,120.12,118.89,117.20,115.35,113.63,112.28,110.59,108.88,107.20,105.46,103.50,101.57,98.86,95.02,90.42,88.86,87.77,86.61,85.68,85.06,84.69,84.44,84.22,84.03,85.36,87.14,89.26,92.51,97.66,101.12,103.45,105.52,107.38,109.00,110.23,111.17,112.20,113.71,113.17,111.33,109.96,109.87,110.95,111.53,110.58,108.20,105.25,102.10,99.02,96.34,93.59,93.52,95.51,98.56,101.06,103.25,104.68,104.72,102.60,100.36,98.40,96.67,95.07,93.50,92.01,90.71,89.75,89.33
126.21,125.35,124.45,123.54,122.67,121.87,121.07,120.26,119.45,118.61,117.72,116.82,115.98,115.38,114.81,114.26,113.75,113.37,113.47,114.27,115.29,116.22,116.82,116.84,116.91,117.08,117.02,116.67,116.64,116.94,117.39,117.38,117.00,116.45,115.83,115.18,114.47,113.67,112.83,112.00,111.14,110.07,109.00,108.02,107.08,106.10,104.92,103.71,102.89,102.26,101.70,101.23,100.94,100.83,100.95,101.14,101.33,101.49,101.64,101.80,102.06,102.57,102.99,103.54,104.09,104.53,104.75,104.60,103.86,102.82,102.22,101.80,101.57,101.42,101.26,101.11,101.04,101.12,101.36,101.72,102.55,103.41,104.23,105.01,105.56,105.76,106.25,106.79,105.07,103.21,101.41,99.76,98.50,97.55,96.78,96.01,95.23,94.81,95.77,97.19,98.93,101.87,107.57,110.33,110.27,109.34,107.48,105.35,105.04,107.29,109.13,110.18,110.87,111.44,112.09,112.70,112.24,111.90,112.74,112.93,112.95,112.81,112.67,112.95,113.28,113.59,113.83,113.83,113.53,113.17,112.53,111.44,110.16,108.66,107.02,105.31,103.62,102.01,100.67,99.64,98.94,98.30,97.53,96.73,96.09,95.98,96.31,97.08,98.14,99.29,100.53,101.71,102.87,104.01,105.18,106.34,107.51,108.68,110.06,112.74,115.72,118.23,119.15,116.70,111.17,106.05,102.57,99.24,95.11,92.18,90.98,91.62,92.61,94.09,95.58,96.82,98.16,99.83,102.46,105.91,109.15,110.98,112.34,113.75,115.45,117.23,118.92,120.04,120.03,118.39,116.38,114.35,112.63,111.61,110.46,108.12,105.21,102.46,100.45,98.80,95.95,92.12,89.53,88.31,87.34,86.62,86.50,86.53,86.24,85.82,85.39,84.98,85.57,86.87,88.65,91.09,96.00,99.87,102.57,104.47,106.05,107.60,108.84,109.88,111.39,113.82,114.13,112.81,111.45,111.24,111.85,112.27,111.70,109.60,106.75,103.68,100.64,97.83,95.10,94.17,95.23,98.06,100.45,102.70,104.65,105.42,103.19,100.93,98.79,96.72,94.70,92.77,91.22,90.16,89.60,89.19
126.62,125.72,124.84,123.95,123.11,122.30,121.46,120.64,119.83,118.89,118.06,117.30,116.60,116.06,115.55,115.02,114.49,114.11,114.39,115.25,116.29,117.28,118.02,118.04,118.00,117.97,117.64,117.10,116.80,116.75,116.86,116.80,116.42,115.88,115.27,114.65,114.02,113.30,112.48,111.60,110.75,109.73,108.68,107.69,106.73,105.82,104.89,104.01,103.35,102.80,102.25,101.83,101.64,101.67,101.89,102.15,102.36,102.52,102.67,102.87,103.18,103.68,104.14,104.64,105.12,105.52,105.79,105.35,104.15,102.65,101.69,101.19,100.94,100.78,100.61,100.37,100.25,100.23,100.34,100.73,101.70,102.82,103.92,104.96,105.82,106.44,107.02,107.18,105.37,103.58,102.03,100.70,99.55,98.60,97.80,97.02,96.14,95.36,95.90,97.12,98.89,101.83,107.51,110.33,110.58,110.38,109.31,107.51,107.16,109.07,110.24,110.85,111.33,111.86,112.41,112.79,112.36,111.86,112.04,112.28,112.31,112.22,112.11,112.25,112.55,112.81,112.93,112.78,112.40,111.91,111.14,110.00,108.76,107.40,105.90,104.27,102.56,101.01,99.90,99.13,98.53,97.85,97.12,96.61,96.47,96.72,97.17,97.86,98.74,99.77,100.92,102.03,103.13,104.27,105.45,106.62,107.76,108.93,110.40,112.93,115.17,116.46,115.98,113.15,108.99,104.87,101.29,98.00,94.88,92.97,92.26,92.32,92.58,93.80,95.55,97.39,98.78,100.95,104.00,107.60,110.83,112.50,113.86,115.16,116.33,117.74,119.22,120.15,119.91,117.88,115.56,113.32,111.47,110.12,107.33,104.45,101.90,99.82,98.16,96.41,93.85,90.89,89.23,88.35,87.83,87.59,87.69,87.94,87.80,87.38,86.73,86.00,86.00,86.88,88.36,90.27,94.58,98.69,101.69,103.43,105.24,106.85,108.16,109.39,111.25,113.95,114.85,114.20,113.14,112.81,113.20,113.35,112.58,110.58,107.85,104.87,101.85,98.99,96.38,94.70,94.88,97.45,99.82,102.12,104.39,105.73,103.79,101.41,98.85,96.25,93.76,91.62,90.44,89.82,89.47,89.11
126.72,125.79,124.92,124.07,123.22,122.38,121.55,120.79,120.09,119.13,118.42,117.84,117.30,116.77,116.28,115.77,115.23,114.85,115.28,116.21,117.26,118.27,119.17,119.22,119.02,118.73,118.20,117.66,117.18,116.77,116.48,116.42,116.03,115.47,114.82,114.17,113.57,112.95,112.22,111.33,110.42,109.44,108.44,107.47,106.54,105.70,105.01,104.45,103.89,103.35,102.83,102.45,102.40,102.60,102.88,103.15,103.38,103.53,103.69,103.94,104.30,104.78,105.30,105.74,106.14,106.53,106.84,106.13,104.61,102.74,101.32,100.50,100.11,99.92,99.77,99.52,99.44,99.42,99.50,99.96,101.09,102.33,103.53,104.70,105.79,106.89,107.61,107.42,105.78,104.14,102.84,101.81,100.79,99.73,98.84,97.99,97.03,96.05,96.14,97.09,98.82,101.54,107.15,110.12,110.65,110.80,110.35,109.20,109.00,110.30,110.85,111.32,111.80,112.27,112.68,112.72,112.48,111.96,111.36,111.60,111.65,111.60,111.57,111.54,111.82,112.00,111.97,111.70,111.24,110.59,109.70,108.55,107.39,106.12,104.73,103.21,101.53,100.17,99.36,98.81,98.22,97.49,96.94,96.83,97.21,97.64,98.11,98.68,99.41,100.37,101.39,102.38,103.39,104.50,105.69,106.85,107.96,109.13,110.65,112.83,114.13,114.05,112.25,109.68,106.97,103.81,100.23,97.10,95.09,93.91,93.26,92.81,92.32,93.02,94.81,97.31,99.31,102.17,105.62,109.28,112.50,114.24,115.64,116.73,117.30,118.38,119.62,120.31,119.77,117.38,114.75,112.19,109.86,107.67,103.32,100.33,98.60,97.50,96.24,94.34,92.27,90.43,89.28,88.71,88.66,88.95,89.39,89.70,89.53,88.94,87.99,86.99,86.52,87.05,88.27,89.79,93.43,97.67,101.01,102.77,105.03,106.78,108.17,109.53,111.56,114.20,115.56,115.61,114.89,114.45,114.61,114.39,113.22,111.29,108.75,105.88,102.88,99.98,97.50,95.25,94.71,96.95,99.29,101.68,104.23,105.93,104.21,101.66,98.69,95.58,92.68,90.52,89.80,89.59,89.34,89.06
126.19,125.30,124.47,123.66,122.82,122.02,121.26,120.67,120.26,119.66,119.08,118.56,118.06,117.52,117.00,116.47,115.94,115.62,116.14,117.07,118.11,119.20,120.32,120.30,119.86,119.31,118.77,118.23,117.70,117.14,116.64,116.75,116.36,115.68,114.88,114.04,113.26,112.48,111.72,111.00,110.15,109.22,108.27,107.40,106.82,106.16,105.55,105.00,104.41,103.86,103.40,103.18,103.32,103.60,103.86,104.13,104.39,104.54,104.70,104.98,105.40,105.91,106.40,106.85,107.30,107.71,107.92,106.88,105.20,103.27,101.41,99.54,98.51,98.15,98.24,98.46,98.71,98.94,99.23,99.90,101.25,102.76,104.20,105.50,106.66,107.78,108.33,107.84,106.28,104.99,103.90,102.89,101.88,100.81,99.82,98.85,97.80,96.76,96.60,97.34,98.86,100.96,106.07,109.38,110.59,110.94,110.67,110.22,110.22,110.83,111.20,111.69,112.21,112.61,112.62,112.34,111.95,111.51,111.10,111.01,110.98,110.95,110.89,110.83,111.04,111.07,110.88,110.55,109.91,109.10,108.14,107.04,105.93,104.75,103.44,102.01,100.58,99.74,99.17,98.65,98.05,97.39,97.31,97.60,98.06,98.44,98.92,99.53,100.31,101.31,102.10,102.87,103.77,104.84,105.91,107.01,108.07,109.19,110.60,112.10,112.42,111.61,109.89,107.88,105.76,103.10,99.97,97.44,95.51,93.89,92.66,92.14,91.59,91.51,92.43,95.05,99.60,103.47,107.26,111.07,114.21,116.36,117.72,118.50,118.85,119.48,120.42,120.68,119.56,116.85,114.01,110.65,106.77,102.75,100.33,98.66,97.26,95.95,94.70,92.97,91.50,90.52,89.77,89.44,89.48,90.41,92.48,92.92,91.85,90.26,88.73,87.74,87.07,87.40,88.45,89.74,92.91,97.19,101.02,103.52,106.37,108.36,109.76,110.94,112.57,114.83,116.55,117.23,116.64,116.13,115.61,114.72,113.27,111.55,109.47,106.81,103.75,100.77,98.28,96.06,95.32,97.05,99.18,101.85,104.67,106.33,104.00,101.25,98.15,94.88,91.87,90.18,89.64,89.46,89.23,89.04
125.61,124.77,123.99,123.24,122.50,121.95,121.44,121.06,120.84,120.45,119.88,119.31,118.78,118.24,117.70,117.18,116.69,116.38,116.98,117.93,118.98,120.10,121.29,121.24,120.65,119.93,119.32,118.76,118.22,117.59,116.99,117.26,116.90,116.16,115.28,114.39,113.50,112.64,111.82,111.03,110.04,109.21,108.45,107.74,107.25,106.69,106.11,105.54,104.95,104.38,104.06,104.04,104.30,104.58,104.84,105.11,105.37,105.56,105.72,106.04,106.50,107.01,107.51,107.98,108.44,108.82,108.94,107.77,105.77,103.32,100.81,98.83,97.81,97.49,97.67,98.07,98.49,98.84,99.22,100.00,101.48,103.10,104.64,106.07,107.39,108.57,109.02,108.35,106.97,105.83,104.78,103.74,102.68,101.58,100.50,99.45,98.42,97.38,97.04,97.58,98.91,100.62,104.89,108.46,110.49,110.95,110.97,110.97,111.10,111.34,111.55,111.89,112.25,112.47,112.29,111.85,111.40,110.98,110.61,110.39,110.30,110.23,110.16,110.09,110.10,109.98,109.68,109.16,108.38,107.50,106.53,105.45,104.39,103.28,102.08,100.89,99.94,99.44,99.00,98.50,97.97,97.58,97.80,98.26,98.74,99.14,99.80,100.54,101.36,102.33,103.12,103.76,104.45,105.31,106.21,107.25,108.24,109.18,110.23,111.05,110.82,109.74,108.13,106.47,104.72,102.59,100.19,98.26,96.50,94.43,92.45,91.51,90.89,90.48,91.29,94.49,100.26,104.53,109.08,113.89,116.74,118.47,119.38,119.80,120.00,120.33,120.94,120.85,119.38,116.46,113.46,108.99,103.76,100.00,98.58,97.53,96.31,94.94,94.02,93.07,92.30,91.77,91.44,91.78,92.76,94.44,96.56,96.65,93.75,90.73,89.03,88.13,87.59,87.83,88.64,89.81,92.88,97.21,101.35,104.50,107.79,109.92,111.36,112.52,113.95,115.85,117.53,118.38,117.89,117.35,116.37,115.05,113.50,111.85,109.94,107.41,104.41,101.39,98.90,96.74,95.99,97.54,99.59,102.49,105.11,106.08,103.36,100.47,97.44,94.31,91.42,90.03,89.59,89.44,89.29,89.14
125.06,124.28,123.59,122.95,122.40,122.20,122.03,121.87,121.75,121.45,120.80,120.11,119.51,118.95,118.40,117.91,117.44,117.16,117.79,118.79,119.87,120.98,122.13,122.06,121.42,120.61,119.87,119.28,118.74,118.08,117.45,117.84,117.55,116.83,115.92,115.06,114.16,113.27,112.37,111.35,110.12,109.42,108.91,108.38,107.80,107.23,106.65,106.06,105.50,104.92,104.79,104.98,105.28,105.54,105.83,106.10,106.34,106.57,106.74,107.12,107.63,108.11,108.61,109.08,109.49,109.79,109.82,108.73,106.25,102.86,99.76,98.41,97.89,97.76,97.91,98.29,98.80,99.25,99.69,100.53,101.99,103.54,105.05,106.55,108.02,109.25,109.65,108.90,107.74,106.58,105.48,104.38,103.23,102.09,100.94,99.87,98.91,97.92,97.45,97.81,98.97,100.50,103.80,107.55,110.36,110.88,111.23,111.48,111.68,111.83,111.85,111.93,111.98,111.97,111.77,111.31,110.88,110.45,109.97,109.75,109.58,109.45,109.36,109.25,109.02,108.76,108.37,107.60,106.71,105.83,104.88,103.84,102.85,101.83,100.81,99.96,99.56,99.22,98.83,98.39,98.01,97.98,98.32,98.78,99.25,99.76,100.70,101.64,102.51,103.41,104.36,104.96,105.42,105.97,106.67,107.60,108.44,109.10,109.66,109.89,109.49,108.51,107.04,105.55,103.99,102.37,100.76,99.36,97.92,95.50,92.71,90.97,90.21,89.89,91.21,95.31,101.13,105.33,110.86,117.10,119.52,120.33,120.57,120.67,120.78,120.95,121.21,120.83,119.24,116.19,113.10,107.43,101.20,99.11,97.77,96.77,95.68,94.51,94.15,94.30,94.25,93.93,94.02,95.29,97.65,100.00,100.94,100.26,95.13,90.62,89.07,88.32,88.12,88.32,88.86,90.05,93.35,97.71,102.00,105.63,109.14,111.32,112.85,114.14,115.55,117.16,118.53,119.21,118.74,118.20,116.96,115.43,113.85,112.18,110.19,107.72,104.87,101.89,99.38,97.31,96.65,98.27,100.38,103.50,105.50,105.23,102.36,99.49,96.68,93.87,91.27,90.03,89.63,89.52,89.47,89.33
124.60,124.05,123.69,123.40,123.06,122.94,122.84,122.75,122.66,122.48,121.85,121.11,120.40,119.72,119.16,118.64,118.17,117.97,118.66,119.67,120.75,121.86,122.96,122.89,122.24,121.40,120.59,119.89,119.30,118.61,117.92,118.36,118.15,117.47,116.56,115.71,114.83,113.88,112.85,111.75,110.64,109.99,109.49,108.92,108.35,107.77,107.16,106.56,106.03,105.55,105.49,105.74,106.14,106.47,106.82,107.11,107.36,107.63,107.85,108.22,108.73,109.22,109.58,109.91,110.13,110.21,110.16,109.49,106.17,101.51,99.36,98.56,98.26,98.22,98.49,98.95,100.01,101.16,102.22,103.28,104.27,105.38,106.61,107.89,109.07,109.80,109.91,109.29,108.18,107.06,105.93,104.79,103.64,102.53,101.39,100.29,99.32,98.37,97.79,98.04,99.11,100.46,103.58,107.33,110.24,110.75,111.16,111.47,111.76,111.98,111.86,111.74,111.61,111.45,111.23,110.86,110.51,110.09,109.57,109.12,108.78,108.54,108.35,108.13,107.79,107.43,106.91,106.03,105.11,104.20,103.29,102.40,101.67,100.97,100.29,99.71,99.39,99.09,98.80,98.55,98.36,98.37,98.69,99.13,99.64,100.36,101.41,102.52,103.58,104.57,105.49,106.17,106.70,107.18,107.72,108.15,108.53,108.91,109.31,109.37,109.12,108.60,107.73,106.29,104.75,103.21,101.72,100.45,99.30,96.94,93.57,90.37,89.60,89.61,91.36,95.90,101.54,105.70,111.43,117.89,120.03,120.73,121.04,121.24,121.38,121.52,121.36,120.70,119.16,116.10,112.95,106.98,100.46,98.66,97.37,96.52,95.91,95.49,95.42,95.85,96.19,96.33,96.72,98.51,101.03,103.05,103.08,101.20,95.57,90.87,89.32,88.92,88.81,88.90,89.33,90.82,94.77,99.21,103.42,107.07,110.25,112.37,114.08,115.61,117.02,118.52,119.79,120.30,119.49,118.79,117.48,115.83,114.03,112.16,110.08,107.70,105.06,102.29,99.75,97.83,97.29,98.83,101.32,104.89,105.95,103.78,100.90,98.60,96.18,93.66,91.47,90.30,89.87,89.73,89.66,89.52
124.61,124.30,124.17,124.08,123.87,123.77,123.69,123.62,123.55,123.47,122.90,122.16,121.39,120.63,120.11,119.50,118.96,118.86,119.59,120.61,121.70,122.80,123.79,123.75,123.14,122.29,121.43,120.62,119.94,119.14,118.33,118.70,118.68,118.17,117.31,116.42,115.51,114.49,113.38,112.26,111.26,110.64,110.08,109.44,108.87,108.28,107.67,107.07,106.53,106.21,106.20,106.44,106.86,107.25,107.64,107.98,108.28,108.63,108.89,109.23,109.66,110.09,110.36,110.57,110.63,110.51,110.34,109.97,106.24,100.93,99.38,98.90,98.78,98.92,99.38,100.00,101.61,103.56,105.33,106.39,106.91,107.53,108.33,109.20,109.95,110.19,110.08,109.56,108.48,107.40,106.30,105.16,104.02,102.94,101.83,100.75,99.74,98.83,98.18,98.31,99.24,100.45,103.54,107.24,110.08,110.60,111.01,111.34,111.68,111.98,111.94,111.84,111.66,111.40,111.12,110.82,110.51,110.12,109.57,108.94,108.44,108.05,107.70,107.31,106.84,106.32,105.70,104.87,104.04,103.22,102.41,101.69,101.15,100.68,100.22,99.78,99.46,99.16,98.97,98.86,98.79,98.78,99.00,99.37,99.93,100.90,102.08,103.31,104.50,105.58,106.53,107.37,108.02,108.42,108.72,108.75,108.76,108.86,109.05,108.95,108.81,108.63,108.22,107.14,105.73,104.22,102.73,101.46,100.47,98.25,94.70,90.69,89.70,89.98,92.09,96.69,101.86,105.91,111.48,117.73,120.03,120.80,121.25,121.62,121.81,121.84,121.38,120.58,119.15,116.08,112.88,106.97,100.52,98.57,97.34,96.78,96.66,96.81,96.94,97.44,98.14,99.04,100.38,102.63,104.56,105.27,103.83,101.01,95.92,91.68,89.93,89.78,89.79,89.87,90.30,91.99,96.16,100.54,104.61,108.23,111.10,113.26,115.18,116.95,118.43,119.92,121.22,121.69,120.58,119.41,117.86,116.05,114.07,112.06,109.91,107.58,105.09,102.53,100.10,98.37,97.94,99.39,102.22,105.77,105.87,102.33,99.60,97.72,95.72,93.63,91.88,90.75,90.28,90.09,89.95,89.79
125.29,125.19,125.06,124.90,124.69,124.58,124.51,124.46,124.43,124.35,123.91,123.27,122.53,121.83,121.44,120.70,120.01,120.06,120.77,121.72,122.76,123.82,124.61,124.68,124.16,123.29,122.39,121.55,120.69,119.70,118.76,118.91,119.17,118.97,118.22,117.24,116.20,115.10,113.96,112.89,111.94,111.30,110.67,109.94,109.33,108.76,108.18,107.56,107.02,106.89,106.93,107.11,107.44,107.82,108.21,108.62,109.05,109.48,109.81,110.09,110.36,110.64,110.92,111.06,111.02,110.77,110.44,110.09,106.69,101.68,99.84,99.39,99.49,99.90,100.63,101.47,103.50,106.14,108.58,109.31,109.52,109.68,109.92,110.20,110.45,110.39,110.16,109.69,108.65,107.62,106.56,105.48,104.38,103.30,102.25,101.22,100.18,99.32,98.65,98.64,99.36,100.47,103.55,107.17,109.91,110.42,110.83,111.16,111.50,111.87,112.17,112.38,112.31,112.01,111.65,111.34,111.03,110.64,110.08,109.42,108.81,108.23,107.66,107.07,106.38,105.64,104.95,104.34,103.75,103.16,102.57,102.00,101.52,101.06,100.60,100.16,99.80,99.53,99.38,99.30,99.24,99.22,99.26,99.51,100.14,101.36,102.75,104.04,105.20,106.35,107.48,108.53,109.28,109.54,109.49,109.37,109.20,109.02,108.85,108.54,108.35,108.22,108.02,107.69,106.63,105.22,103.72,102.37,101.35,99.29,96.08,92.35,90.82,91.26,93.59,97.81,102.18,105.99,111.07,116.80,119.82,120.74,121.27,121.79,122.06,121.81,121.22,120.48,119.20,116.14,112.86,107.31,101.28,98.92,97.76,97.63,97.93,98.28,98.57,99.16,100.26,102.18,105.29,107.91,108.48,106.83,103.14,99.87,96.34,93.14,91.03,90.96,91.18,91.41,91.92,93.57,97.27,101.33,105.27,108.86,111.61,113.98,116.15,118.12,119.78,121.34,122.80,123.40,122.13,120.12,118.08,116.04,113.98,111.95,109.77,107.44,105.01,102.56,100.44,98.99,98.62,99.95,103.01,105.82,105.05,101.09,98.69,96.88,95.29,93.81,92.50,91.40,90.88,90.62,90.41,90.19
126.20,126.13,125.96,125.72,125.47,125.40,125.33,125.27,125.22,125.15,125.06,125.02,125.03,125.05,124.87,124.47,124.34,124.90,125.01,124.52,124.31,124.76,125.44,125.63,125.17,124.34,123.54,122.84,122.10,121.30,120.58,120.58,120.51,119.91,118.82,117.82,116.81,115.72,114.59,113.53,112.63,111.93,111.24,110.49,109.83,109.23,108.65,108.09,107.61,107.56,107.66,107.82,108.07,108.40,108.78,109.18,109.62,110.12,110.53,110.87,111.16,111.37,111.50,111.34,111.05,110.70,110.34,109.80,106.85,102.63,100.73,100.22,100.21,100.60,101.53,102.61,104.29,106.42,108.52,109.44,109.94,110.22,110.43,110.64,110.66,110.49,110.22,109.77,108.74,107.69,106.64,105.59,104.52,103.43,102.43,101.45,100.50,99.83,99.20,99.03,99.48,100.54,103.74,107.38,110.03,110.45,110.84,111.17,111.49,111.85,112.22,112.56,112.73,112.70,112.36,112.04,111.74,111.34,110.82,110.36,109.78,109.16,108.53,107.87,107.05,106.22,105.42,104.69,103.98,103.41,102.90,102.37,101.86,101.42,101.06,100.75,100.41,100.09,99.88,99.74,99.67,99.63,99.61,99.90,100.66,101.88,103.27,104.63,105.92,107.11,108.28,109.30,110.01,110.26,110.06,109.83,109.55,109.25,108.92,108.55,108.23,107.95,107.68,107.48,106.91,105.97,104.71,103.31,102.19,100.23,97.42,94.37,92.26,92.86,95.23,98.63,102.39,106.06,110.60,115.73,119.56,120.66,121.23,121.81,122.18,121.82,121.22,120.53,119.31,116.25,112.83,107.63,102.07,99.46,98.58,98.58,99.04,99.96,101.44,103.12,104.92,106.88,109.07,110.12,109.26,106.55,102.30,98.89,95.72,93.53,92.80,93.01,93.25,93.46,93.90,95.30,98.14,101.69,105.37,108.75,111.64,114.36,116.91,119.16,120.88,122.58,123.90,124.35,123.26,120.93,118.67,116.50,114.34,112.24,110.00,107.63,105.21,102.88,100.99,99.67,99.20,100.29,103.60,105.85,104.59,100.62,98.52,96.99,95.64,94.34,93.09,92.02,91.51,91.23,91.00,90.81
127.14,127.07,126.86,126.53,126.25,126.20,126.15,126.08,125.99,125.93,126.14,126.63,127.33,128.03,128.15,128.22,128.71,129.65,129.22,127.55,126.13,125.77,126.36,126.63,126.29,125.57,124.91,124.33,123.74,123.14,122.66,122.45,121.84,120.69,119.25,118.25,117.30,116.25,115.15,114.13,113.32,112.59,111.85,111.08,110.36,109.72,109.13,108.62,108.26,108.27,108.40,108.55,108.73,109.00,109.35,109.73,110.16,110.70,111.18,111.60,111.93,112.03,111.88,111.44,110.94,110.48,110.08,109.19,106.71,103.45,101.68,101.12,100.92,101.21,102.28,103.63,104.96,106.45,108.02,109.11,109.87,110.33,110.62,110.87,110.79,110.57,110.28,109.82,108.80,107.72,106.67,105.64,104.58,103.53,102.57,101.65,100.81,100.31,99.75,99.47,99.74,100.91,104.02,107.58,110.18,110.51,110.89,111.23,111.55,111.88,112.25,112.62,113.00,113.25,113.04,112.79,112.49,112.10,111.64,111.39,110.91,110.31,109.65,108.92,108.03,107.15,106.28,105.37,104.50,103.87,103.31,102.75,102.26,101.87,101.61,101.41,101.11,100.75,100.47,100.30,100.25,100.22,100.25,100.63,101.45,102.60,103.92,105.31,106.67,107.89,109.03,109.92,110.55,110.81,110.50,110.16,109.80,109.42,109.04,108.66,108.23,107.80,107.43,107.16,106.96,106.47,105.53,104.22,102.89,100.91,98.45,96.05,93.64,94.34,96.59,99.18,102.42,106.06,110.22,114.83,119.21,120.55,121.19,121.82,122.28,121.85,121.23,120.56,119.30,116.06,112.42,107.59,102.72,100.44,100.00,100.16,100.86,102.44,104.93,107.45,109.62,111.16,111.59,110.77,108.69,105.48,101.33,98.02,95.26,94.12,94.80,95.29,95.53,95.67,96.02,97.13,99.11,102.05,105.29,108.32,111.22,114.22,117.14,119.69,121.46,123.15,124.19,124.45,123.67,121.45,119.22,117.03,114.79,112.52,110.20,107.85,105.56,103.47,101.80,100.60,100.12,101.04,104.36,106.03,104.48,100.71,98.74,97.43,96.21,94.95,93.69,92.65,92.14,91.86,91.67,91.70
128.04,128.00,127.75,127.35,127.07,126.97,126.94,126.88,126.76,126.74,126.88,127.32,128.02,128.72,129.27,129.89,130.59,131.19,130.93,129.86,128.34,127.03,127.51,127.76,127.70,127.36,126.73,126.13,125.51,124.90,124.31,123.78,122.49,120.89,119.39,118.42,117.44,116.46,115.50,114.60,114.06,113.38,112.59,111.76,110.95,110.24,109.64,109.18,108.99,109.03,109.16,109.31,109.47,109.66,109.95,110.30,110.74,111.33,111.81,112.27,112.51,112.27,111.74,111.19,110.66,110.13,109.52,108.00,105.88,103.72,102.48,101.96,101.62,101.78,102.90,104.51,106.13,107.62,108.87,109.75,110.20,110.49,110.73,110.95,110.95,110.69,110.32,109.83,108.85,107.78,106.71,105.66,104.65,103.73,102.85,101.99,101.19,100.69,100.25,100.00,100.34,102.09,104.42,107.52,110.13,110.50,110.89,111.26,111.63,112.00,112.32,112.65,113.00,113.34,113.50,113.48,113.21,112.85,112.53,112.34,112.01,111.47,110.71,109.89,108.98,108.10,107.24,106.38,105.47,104.61,103.82,103.17,102.85,102.58,102.34,102.12,101.87,101.55,101.33,101.21,101.22,101.37,101.64,102.08,102.78,103.92,105.12,106.34,107.54,108.70,109.76,110.45,110.93,111.15,110.67,110.21,109.80,109.43,109.10,108.72,108.33,107.93,107.55,107.19,106.85,106.44,105.88,105.03,103.25,100.94,98.53,96.44,94.55,95.15,96.99,99.15,102.01,105.86,110.12,114.51,118.67,120.36,121.22,121.91,122.39,121.88,121.20,120.43,118.91,114.98,110.97,106.53,102.91,102.56,102.88,103.54,104.86,107.05,109.20,110.97,112.40,112.97,111.38,109.37,106.77,103.61,100.12,97.31,96.12,96.13,96.91,97.54,97.85,97.96,98.22,99.16,100.59,102.73,105.16,107.53,109.89,112.89,116.02,118.84,120.74,121.90,122.49,122.67,122.37,121.05,119.38,117.41,115.09,112.48,109.99,107.87,106.11,104.65,103.16,102.22,102.08,103.16,105.75,106.66,105.09,101.80,99.51,98.08,96.81,95.53,94.31,93.28,92.78,92.50,92.45,93.19
129.04,128.92,128.60,128.18,127.89,127.78,127.71,127.64,127.56,127.56,127.68,128.06,128.67,129.38,130.13,130.94,131.75,132.35,132.33,131.48,130.10,128.72,128.68,128.79,128.82,128.69,128.33,127.89,127.31,126.59,125.71,124.52,122.87,121.12,119.56,118.57,117.61,116.72,115.98,115.47,115.24,114.60,113.78,112.93,112.08,111.28,110.56,110.01,109.76,109.76,109.85,109.99,110.14,110.30,110.60,110.96,111.38,111.92,112.37,112.80,112.94,112.41,111.74,111.10,110.46,109.71,108.77,107.19,105.53,104.11,103.33,102.88,102.53,102.60,103.51,105.25,107.01,108.49,109.57,110.18,110.48,110.69,110.90,111.09,111.03,110.72,110.34,109.84,108.90,107.84,106.80,105.81,104.88,104.01,103.14,102.28,101.52,101.06,100.76,100.64,101.01,102.63,104.77,107.46,109.75,110.35,110.76,111.14,111.53,111.91,112.25,112.62,113.00,113.38,113.70,113.87,113.82,113.62,113.37,113.23,112.99,112.38,111.38,110.43,109.42,108.45,107.53,106.62,105.69,104.93,104.34,103.93,103.65,103.36,103.09,102.86,102.63,102.42,102.35,102.39,102.52,102.76,103.09,103.54,104.19,105.26,106.41,107.59,108.71,109.66,110.51,111.14,111.45,111.32,110.65,109.73,109.21,109.06,108.85,108.58,108.29,108.05,107.87,107.57,107.25,106.91,106.56,106.08,103.91,101.27,98.84,97.11,95.49,95.92,97.39,99.23,101.90,105.83,110.15,114.50,118.57,120.36,121.32,122.03,122.43,121.81,121.06,119.89,117.67,113.37,109.63,106.66,104.99,105.63,106.53,107.57,108.94,110.73,112.46,113.50,113.66,112.68,110.22,107.75,105.03,102.13,99.36,97.50,97.34,97.99,98.91,99.57,99.89,99.93,99.96,100.42,101.43,103.05,104.91,106.78,108.65,110.99,113.52,115.99,118.06,119.23,119.91,120.30,120.31,119.39,118.66,117.55,115.58,112.99,110.48,108.52,107.07,105.87,104.66,104.32,104.67,105.68,107.52,107.16,105.08,102.13,99.81,98.35,97.07,95.80,94.60,93.83,93.41,93.16,93.20,94.11
130.11,129.87,129.46,129.00,128.71,128.59,128.47,128.38,128.38,128.39,128.50,128.83,129.36,130.07,130.87,131.71,132.56,133.30,133.58,132.80,131.64,130.56,129.94,129.85,129.87,129.87,129.81,129.58,128.99,128.12,126.92,125.10,123.25,121.42,119.78,118.76,117.83,117.09,116.61,116.54,116.58,116.01,115.18,114.33,113.45,112.55,111.71,111.01,110.56,110.47,110.51,110.62,110.77,110.94,111.28,111.66,112.06,112.51,112.91,113.26,113.26,112.52,111.81,111.11,110.33,109.36,108.10,106.75,105.58,104.70,104.28,103.90,103.58,103.50,104.05,105.83,107.66,109.14,110.11,110.47,110.72,110.91,111.10,111.27,111.08,110.73,110.35,109.86,108.96,107.93,106.94,106.03,105.18,104.32,103.42,102.56,101.86,101.46,101.32,101.35,101.69,102.84,105.04,107.35,109.19,110.08,110.56,110.95,111.34,111.74,112.15,112.61,113.05,113.45,113.85,114.19,114.41,114.44,114.27,114.14,113.76,112.90,111.64,110.59,109.51,108.47,107.48,106.51,105.67,105.17,104.95,104.86,104.55,104.20,103.89,103.66,103.47,103.41,103.53,103.75,103.98,104.28,104.58,105.00,105.65,106.63,107.74,108.89,109.93,110.63,111.28,111.87,112.00,111.43,110.59,109.26,108.59,108.64,108.57,108.42,108.23,108.14,108.24,108.11,107.94,107.72,107.50,107.30,104.80,101.75,99.18,97.79,96.48,96.70,97.81,99.42,102.04,105.93,110.25,114.66,118.75,120.47,121.46,122.17,122.43,121.72,120.87,119.21,116.14,111.72,108.73,107.87,108.56,109.76,110.96,112.10,113.10,114.00,115.05,115.22,114.04,111.70,109.14,106.78,104.41,101.81,99.16,98.32,98.86,99.89,100.92,101.47,101.73,101.67,101.40,101.31,101.98,103.18,104.58,106.02,107.52,109.06,110.67,112.43,114.39,115.65,116.54,117.18,117.40,116.81,117.15,117.16,115.96,113.88,111.49,109.62,108.29,107.17,106.34,106.61,107.38,108.16,109.20,107.53,104.78,101.95,99.83,98.41,97.16,95.92,94.81,94.39,94.10,93.89,93.94,94.71
131.19,131.01,130.51,129.87,129.48,129.31,129.20,129.14,129.15,129.20,129.33,129.69,130.29,130.99,131.72,132.53,133.36,134.14,134.79,134.19,133.16,132.22,131.49,131.27,131.26,131.30,131.27,130.97,130.14,129.07,127.88,126.24,124.19,122.07,120.20,119.14,118.27,117.80,117.62,117.67,117.79,117.36,116.64,115.75,114.76,113.86,112.98,112.12,111.40,111.15,111.15,111.23,111.36,111.61,111.97,112.36,112.75,113.15,113.49,113.63,113.40,112.64,111.94,111.20,110.40,109.44,108.16,107.09,106.36,105.91,105.58,105.25,104.77,104.26,104.22,105.99,107.94,109.43,110.28,110.66,110.92,111.13,111.35,111.50,111.19,110.80,110.41,109.92,109.03,108.11,107.21,106.34,105.49,104.59,103.71,102.89,102.25,101.98,101.99,102.09,102.27,102.90,104.97,106.93,108.48,109.68,110.33,110.76,111.17,111.63,112.17,112.74,113.27,113.78,114.32,114.85,115.24,115.48,115.50,115.19,113.87,112.29,110.90,110.01,109.17,108.27,107.32,106.45,106.08,105.99,105.96,105.85,105.51,105.17,104.84,104.58,104.58,104.78,105.02,105.25,105.50,105.79,106.06,106.50,107.20,108.09,109.07,109.95,110.73,111.41,112.05,112.44,112.36,111.68,110.84,109.80,109.06,108.76,108.76,108.63,108.34,108.17,108.39,108.63,108.84,108.91,108.87,108.82,106.05,102.35,99.18,98.01,97.54,97.68,98.35,99.84,102.73,106.29,110.42,114.93,119.13,120.72,121.67,122.36,122.45,121.67,120.76,118.74,115.12,111.02,109.55,111.30,114.58,116.50,117.15,117.38,117.44,117.30,116.73,115.45,113.81,112.02,110.32,109.16,108.25,105.70,100.41,99.98,101.01,102.25,103.20,103.34,103.37,103.00,102.42,102.18,102.58,103.23,104.07,105.18,106.61,108.08,109.17,109.86,110.50,111.06,111.55,112.00,112.40,112.86,113.94,114.99,115.51,115.26,113.29,111.30,109.79,108.78,108.45,108.78,109.29,109.60,109.73,107.64,104.42,101.19,99.48,98.36,97.23,96.12,95.38,95.15,95.04,94.86,94.70,95.12
132.31,132.25,131.76,131.07,130.76,130.63,130.57,130.56,130.58,130.69,130.79,131.05,131.53,132.17,132.84,133.60,134.41,135.18,135.93,135.52,134.64,133.75,133.08,132.81,132.75,132.78,132.69,132.33,131.33,130.07,128.83,127.44,125.35,123.11,121.12,119.82,118.96,118.67,118.69,118.80,118.95,118.68,118.03,117.08,116.06,115.13,114.22,113.29,112.41,111.89,111.77,111.83,111.97,112.26,112.65,113.04,113.40,113.73,114.02,113.96,113.53,112.77,112.06,111.31,110.54,109.71,108.69,107.89,107.45,107.22,106.94,106.63,105.94,104.99,104.43,106.10,108.07,109.52,110.29,110.69,110.98,111.28,111.55,111.65,111.29,110.87,110.47,110.00,109.18,108.33,107.48,106.63,105.77,104.88,104.01,103.25,102.74,102.62,102.72,102.83,102.94,103.25,104.83,106.42,107.83,109.24,110.25,111.08,111.74,112.27,112.88,113.48,114.06,114.64,115.25,115.80,116.23,116.55,116.66,116.05,114.00,111.82,110.23,109.50,108.88,108.18,107.44,106.85,106.81,106.94,106.99,106.83,106.47,106.10,105.74,105.50,105.64,105.99,106.33,106.63,106.92,107.27,107.55,107.99,108.65,109.41,110.23,110.92,111.49,112.09,112.68,112.94,112.73,112.04,111.22,110.40,109.66,109.11,109.00,108.76,108.36,108.14,108.47,108.92,109.36,109.77,110.05,109.74,106.60,102.55,99.28,98.58,98.80,98.89,99.16,100.30,103.06,106.28,110.12,114.62,119.19,120.81,121.78,122.49,122.51,121.66,120.70,118.61,115.17,112.18,112.09,114.81,118.48,120.12,120.44,120.20,119.74,119.00,117.62,115.82,114.17,112.79,111.54,111.14,111.06,109.17,103.99,102.66,103.44,104.55,105.19,105.07,104.76,104.15,103.44,103.04,103.30,103.69,104.19,104.96,106.04,107.28,108.04,108.22,108.33,108.50,108.73,108.98,109.28,110.02,111.18,112.52,113.88,114.89,114.15,112.77,111.36,110.40,110.14,110.25,110.44,110.50,110.14,108.11,104.64,100.83,99.27,98.28,97.35,96.55,96.20,96.11,96.11,95.89,95.44,95.51
133.46,133.54,133.17,132.59,132.53,132.54,132.59,132.64,132.68,132.86,132.86,132.88,133.08,133.62,134.20,134.91,135.68,136.42,137.00,136.79,136.08,135.20,134.69,134.41,134.31,134.27,134.08,133.66,132.59,131.19,129.81,128.61,126.65,124.49,122.50,120.88,119.92,119.68,119.79,119.94,120.10,119.93,119.32,118.28,117.34,116.38,115.43,114.50,113.57,112.70,112.39,112.43,112.60,112.91,113.31,113.69,113.99,114.24,114.47,114.25,113.66,112.89,112.19,111.44,110.73,110.11,109.52,109.03,108.74,108.56,108.31,108.00,107.06,105.70,104.75,106.20,108.06,109.44,110.16,110.56,110.94,111.36,111.70,111.74,111.41,110.97,110.55,110.09,109.40,108.58,107.73,106.88,106.03,105.17,104.33,103.65,103.33,103.35,103.48,103.59,103.69,103.90,104.71,105.92,107.34,108.80,110.29,111.76,112.89,113.55,114.20,114.77,115.36,115.97,116.56,116.97,117.32,117.65,117.74,116.79,114.33,111.78,109.97,109.31,108.81,108.33,107.92,107.74,107.82,107.96,107.98,107.78,107.40,106.95,106.59,106.42,106.64,107.00,107.42,107.84,108.22,108.67,109.03,109.45,109.99,110.56,111.25,111.83,112.29,112.72,113.25,113.37,113.07,112.41,111.65,110.88,110.19,109.61,109.18,108.74,108.27,108.10,108.55,109.01,109.54,110.30,110.94,110.02,106.47,102.46,99.66,99.71,100.36,100.40,100.28,100.81,103.06,105.89,109.37,113.69,118.83,120.68,121.75,122.56,122.64,121.72,120.69,118.84,116.23,114.97,115.88,118.00,120.08,120.63,120.89,120.69,120.14,119.26,117.93,116.49,115.13,113.84,112.59,112.46,112.52,111.75,109.21,106.13,106.06,106.74,106.85,106.63,105.93,105.17,104.47,103.91,104.13,104.51,104.92,105.35,105.86,106.69,107.26,107.47,107.80,108.09,108.29,108.39,108.40,108.61,109.24,110.14,111.34,112.90,113.90,113.77,112.82,111.92,111.38,111.09,110.99,110.94,110.51,108.87,105.34,100.95,99.25,98.22,97.56,97.22,97.23,97.23,97.27,96.92,96.16,95.91
134.66,134.73,134.44,134.11,134.44,134.76,134.99,135.11,135.17,135.30,135.19,135.03,135.01,135.39,135.70,136.27,136.97,137.62,138.05,138.02,137.56,136.81,136.33,135.98,135.83,135.75,135.39,134.90,133.77,132.32,130.89,129.59,127.82,125.87,124.01,122.61,121.46,120.96,120.92,121.08,121.23,120.97,120.29,119.30,118.44,117.58,116.66,115.70,114.77,113.85,113.26,113.06,113.24,113.58,113.92,114.20,114.46,114.69,114.80,114.46,113.78,113.02,112.31,111.63,111.01,110.52,110.17,110.06,110.00,109.89,109.60,109.21,108.03,106.45,105.35,106.33,107.78,109.07,109.98,110.43,110.86,111.32,111.72,111.89,111.54,111.12,110.70,110.23,109.64,108.84,107.98,107.13,106.28,105.44,104.64,104.12,104.05,104.15,104.26,104.38,104.49,104.63,105.00,106.00,107.38,108.75,110.11,111.79,113.32,114.42,115.41,116.08,116.68,117.28,117.77,117.98,118.33,118.72,118.84,117.98,115.68,113.36,111.73,110.78,109.85,109.27,109.02,108.97,109.02,109.08,109.00,108.66,108.16,107.64,107.38,107.41,107.66,108.02,108.42,108.85,109.30,109.84,110.35,110.78,111.16,111.66,112.24,112.79,113.28,113.72,114.20,113.75,112.94,112.23,111.55,110.87,110.22,109.62,109.06,108.46,108.22,108.37,108.87,109.34,110.10,110.91,111.19,109.63,106.25,103.10,101.39,102.15,102.75,102.57,101.95,101.65,103.19,105.67,108.54,112.19,117.48,120.14,121.56,122.50,122.98,122.10,120.97,119.47,117.88,117.79,118.59,119.72,120.72,121.08,121.30,121.03,120.50,119.79,118.67,117.37,116.08,114.82,113.62,113.75,114.00,113.50,111.56,109.12,108.80,108.88,108.39,107.73,106.97,106.23,105.53,104.94,105.01,105.34,105.72,106.12,106.55,107.08,107.48,107.63,107.61,109.05,109.85,109.92,109.75,109.37,109.25,109.30,109.66,110.87,112.28,113.11,113.25,112.80,112.39,111.92,111.46,111.04,110.48,108.98,105.72,101.50,99.44,98.54,98.17,98.09,98.25,98.35,98.23,97.73,96.86,96.33
135.86,135.89,135.71,135.65,136.42,137.04,137.38,137.54,137.61,137.65,137.50,137.26,137.10,137.25,137.31,137.69,138.25,138.78,139.41,139.34,138.90,138.36,137.96,137.56,137.33,137.14,136.67,136.12,134.95,133.48,132.03,130.61,129.01,127.27,125.57,124.33,123.12,122.44,122.20,122.23,122.38,121.95,121.14,120.15,119.32,118.53,117.66,116.73,115.86,114.97,114.20,113.76,113.86,114.19,114.44,114.67,114.89,115.09,115.08,114.63,113.91,113.17,112.50,111.87,111.33,110.96,110.82,110.97,111.05,110.90,110.43,109.86,108.61,107.08,105.99,106.49,107.58,108.78,109.84,110.36,110.84,111.30,111.75,112.06,111.72,111.30,110.88,110.40,109.87,109.10,108.25,107.38,106.50,105.61,105.01,104.75,104.84,104.95,105.04,105.15,105.29,105.37,105.50,106.28,107.53,108.81,109.90,111.63,113.46,115.02,116.42,117.28,117.95,118.53,118.89,118.97,119.31,119.77,119.96,119.27,117.35,115.35,113.72,112.33,111.03,110.38,110.25,110.30,110.29,110.19,109.92,109.45,108.85,108.36,108.24,108.42,108.65,109.06,109.51,109.98,110.50,111.12,111.73,112.12,112.33,112.76,113.27,113.80,114.31,114.74,114.90,113.89,112.67,111.91,111.28,110.66,110.04,109.43,108.81,108.24,108.26,108.69,109.28,110.07,111.13,111.59,110.91,108.93,106.20,104.34,103.95,105.20,105.38,104.75,103.60,102.53,103.28,105.39,107.74,110.61,115.38,119.18,121.20,122.30,123.14,122.58,121.49,120.33,119.54,119.97,120.44,120.85,121.23,121.57,121.69,121.36,120.86,120.30,119.43,118.25,117.00,115.78,114.81,115.11,115.52,115.20,113.58,111.95,111.38,110.76,109.63,108.66,107.94,107.28,106.61,106.00,105.92,106.17,106.55,106.94,107.38,107.75,108.09,108.29,108.31,110.64,111.94,112.08,111.76,110.94,110.15,109.42,108.94,109.43,110.76,112.11,113.02,113.01,112.75,112.22,111.57,110.89,110.22,108.75,106.02,102.52,100.22,99.28,99.07,99.31,99.83,99.96,99.58,98.80,97.77,96.98
137.06,137.05,136.99,137.24,138.44,139.25,139.60,139.73,139.78,139.74,139.60,139.46,139.32,139.12,139.04,139.20,139.48,139.88,141.29,140.78,139.99,139.76,139.55,139.15,138.76,138.41,137.93,137.34,136.16,134.70,133.24,131.78,130.28,128.73,127.17,125.78,124.78,124.15,123.73,123.43,123.51,122.87,121.88,120.83,119.86,119.04,118.25,117.46,116.72,115.94,115.17,114.60,114.44,114.65,114.89,115.09,115.27,115.46,115.28,114.76,114.06,113.37,112.79,112.19,111.69,111.45,111.53,111.73,111.73,111.37,110.52,109.61,108.56,107.45,106.59,106.73,107.63,108.77,109.81,110.42,110.90,111.36,111.84,112.24,111.96,111.52,111.06,110.60,110.11,109.39,108.54,107.60,106.63,105.65,105.47,105.64,105.70,105.73,105.80,105.91,106.05,106.13,106.22,106.72,107.66,108.90,109.73,111.38,113.35,115.28,117.14,118.30,119.12,119.68,119.88,119.97,120.29,120.78,121.10,120.55,119.21,117.42,115.36,113.39,112.06,111.51,111.50,111.66,111.63,111.24,110.69,110.10,109.50,109.20,109.22,109.43,109.63,110.15,110.78,111.41,112.02,112.69,113.28,113.53,113.53,113.91,114.37,114.85,115.34,115.69,115.01,113.64,112.34,111.53,110.90,110.28,109.66,109.05,108.47,108.17,108.45,109.02,109.76,111.42,112.80,112.35,109.97,107.99,106.51,106.40,107.47,108.80,108.11,106.70,105.01,103.42,103.24,104.98,107.01,109.10,112.35,117.57,120.56,121.86,122.87,123.09,122.32,121.45,120.99,121.00,121.18,121.48,121.85,122.12,122.07,121.72,121.22,120.67,120.06,119.06,117.86,116.74,116.29,116.61,117.10,117.11,116.05,114.63,113.55,112.15,110.36,109.44,108.81,108.25,107.66,107.03,106.84,107.02,107.36,107.75,108.15,108.59,109.02,109.51,110.48,112.84,114.29,114.61,114.10,113.12,111.91,110.67,109.58,109.04,109.94,111.12,112.02,112.27,112.05,111.62,111.07,110.42,109.67,108.17,106.31,104.23,101.99,100.64,100.38,101.06,102.36,102.39,101.61,100.40,99.02,98.00
138.19,138.23,138.40,138.87,139.83,140.50,140.78,140.86,140.88,140.81,140.70,140.59,140.42,140.11,140.05,140.12,140.24,140.53,141.74,141.31,140.65,140.52,140.37,140.09,139.80,139.51,139.14,138.59,137.54,136.24,134.86,133.37,131.80,130.20,128.61,127.20,126.41,125.86,125.38,124.86,124.49,123.67,122.63,121.56,120.52,119.60,118.77,118.01,117.27,116.47,115.66,115.11,115.03,115.16,115.32,115.50,115.70,115.88,115.53,114.96,114.30,113.65,113.06,112.51,112.15,112.09,112.27,112.53,112.31,111.62,110.69,109.77,108.84,107.91,107.14,107.14,107.96,109.00,109.94,110.53,111.01,111.50,112.00,112.39,112.15,111.72,111.24,110.75,110.27,109.53,108.63,107.66,106.71,106.16,106.25,106.52,106.59,106.60,106.63,106.70,106.81,106.89,106.97,107.23,107.82,108.86,109.67,111.34,113.42,115.55,117.64,119.13,120.12,120.71,120.97,121.11,121.39,121.74,121.83,121.02,119.77,118.13,116.14,114.14,113.06,112.66,112.64,112.74,112.49,111.97,111.41,110.95,110.50,110.34,110.36,110.50,110.78,111.50,112.24,112.92,113.59,114.28,114.77,114.91,114.82,115.12,115.55,116.02,116.35,116.19,115.02,113.48,112.09,111.13,110.51,109.87,109.24,108.64,108.20,108.31,108.79,109.66,111.22,113.61,113.76,112.32,110.13,108.73,108.00,108.36,109.54,110.66,109.75,108.08,106.20,104.44,103.53,104.48,106.08,107.91,110.26,114.70,118.62,121.23,122.33,123.11,122.96,122.52,122.19,122.08,122.08,122.25,122.52,122.73,122.54,122.11,121.61,121.10,120.56,119.78,118.75,117.81,117.80,118.20,118.63,118.69,117.69,114.88,112.78,111.13,109.71,108.81,108.29,107.86,107.43,107.02,107.02,107.41,107.92,108.38,108.85,109.53,110.60,112.03,113.55,116.00,117.19,117.07,116.12,114.82,113.27,111.77,110.48,109.53,109.85,110.68,111.45,111.59,111.32,110.92,110.40,109.71,109.05,108.60,108.32,107.63,105.18,103.36,102.37,102.22,102.86,102.91,102.87,101.93,99.95,98.75
139.33,139.43,139.77,140.32,140.92,141.42,141.63,141.68,141.66,141.57,141.46,141.31,141.07,140.72,140.72,140.78,140.84,141.02,141.76,141.55,141.18,141.08,140.94,140.78,140.62,140.44,140.19,139.82,139.06,137.97,136.56,135.00,133.32,131.62,129.97,128.63,127.95,127.44,126.90,126.24,125.41,124.44,123.41,122.32,121.24,120.19,119.28,118.47,117.68,116.84,116.03,115.57,115.64,115.72,115.80,115.94,116.14,116.27,115.80,115.18,114.56,113.95,113.34,112.88,112.69,112.80,113.02,113.23,112.80,111.83,110.92,110.05,109.20,108.36,107.66,107.61,108.37,109.31,110.13,110.70,111.21,111.74,112.25,112.60,112.35,111.91,111.39,110.84,110.35,109.59,108.67,107.70,106.89,106.85,107.14,107.41,107.47,107.47,107.47,107.50,107.57,107.65,107.74,107.82,108.11,108.88,109.69,111.38,113.50,115.72,117.93,119.68,120.83,121.51,122.00,122.27,122.54,122.69,122.38,121.20,119.88,118.33,116.55,114.78,114.04,113.80,113.74,113.71,113.27,112.72,112.26,111.95,111.65,111.58,111.59,111.67,112.00,112.87,113.72,114.46,115.16,115.86,116.23,116.27,116.14,116.35,116.76,117.18,117.27,116.47,114.97,113.35,111.87,110.72,110.11,109.44,108.79,108.26,108.10,108.57,109.30,110.69,113.19,115.59,114.43,112.39,110.91,110.12,109.81,110.20,111.12,111.98,111.06,109.28,107.34,105.60,104.18,104.19,105.23,106.83,108.53,111.61,116.05,120.02,121.61,122.81,123.33,123.41,123.23,123.09,123.00,123.00,123.06,123.14,122.85,122.42,121.98,121.55,121.01,120.41,119.64,118.97,119.23,119.61,119.87,119.63,118.05,113.88,111.09,109.50,108.63,107.77,107.31,106.98,106.69,106.50,106.78,107.40,108.09,108.66,109.24,110.16,111.95,114.43,116.53,118.90,119.69,119.12,117.87,116.31,114.51,112.84,111.46,110.30,109.94,110.33,110.95,110.91,110.60,110.25,109.76,109.11,108.69,109.40,110.41,110.37,106.97,104.62,102.99,102.00,101.88,102.19,103.17,102.88,100.69,99.34
140.54,140.67,140.85,141.15,141.70,142.23,142.49,142.55,142.48,142.34,142.07,141.75,141.39,140.99,141.03,141.23,141.41,141.52,141.77,141.81,141.73,141.60,141.50,141.36,141.17,140.97,140.84,141.01,140.88,139.97,138.11,136.37,134.62,132.87,131.25,130.14,129.28,128.56,127.91,127.19,126.26,125.27,124.22,123.13,122.00,120.83,119.77,118.83,117.95,117.09,116.48,116.19,116.27,116.35,116.43,116.52,116.61,116.56,116.05,115.43,114.83,114.27,113.66,113.41,113.40,113.56,113.76,113.63,113.02,112.09,111.22,110.32,109.48,108.69,108.05,108.09,108.80,109.62,110.35,111.01,111.65,112.23,112.74,113.02,112.65,112.09,111.48,110.84,110.30,109.61,108.74,107.87,107.47,107.66,108.03,108.28,108.29,108.30,108.30,108.30,108.34,108.41,108.54,108.64,108.80,109.22,109.86,111.40,113.42,115.60,117.76,119.55,120.81,121.72,122.71,123.35,123.72,123.61,122.73,121.27,119.77,118.19,116.63,115.44,115.06,114.94,114.81,114.58,114.24,113.86,113.53,113.27,112.98,112.91,112.94,113.02,113.22,114.04,115.05,116.00,116.74,117.44,117.67,117.60,117.45,117.63,117.98,118.22,117.90,116.44,114.84,113.23,111.66,110.34,109.67,109.00,108.34,107.97,108.42,109.00,110.26,112.63,115.87,116.06,114.88,113.59,112.63,111.88,111.46,111.76,112.60,113.33,112.34,110.48,108.58,107.04,105.63,104.71,104.80,105.80,107.03,109.01,112.72,117.11,120.55,122.00,123.03,123.73,123.98,123.91,123.83,123.55,123.15,122.85,122.58,122.41,122.27,122.03,121.46,120.94,120.50,120.26,120.41,120.30,120.16,118.84,115.02,111.23,109.37,108.35,107.52,106.78,106.24,105.85,105.54,105.35,105.83,106.50,107.22,107.94,108.66,109.69,111.86,115.13,118.34,119.99,120.34,119.94,119.10,117.58,115.70,113.93,112.44,111.05,109.84,109.71,110.24,110.16,109.98,109.74,109.43,109.15,109.24,110.39,111.02,109.24,102.75,99.78,98.42,97.85,98.11,99.30,101.14,101.98,101.09,99.76
142.11,142.18,142.21,142.30,142.61,143.07,143.30,143.31,143.14,142.89,142.51,142.09,141.66,141.25,141.30,141.61,141.89,141.94,141.99,142.05,142.08,142.07,142.06,141.93,141.75,141.58,141.56,141.85,141.76,140.84,138.91,137.12,135.44,133.91,132.64,131.81,130.78,129.75,128.84,128.10,127.10,126.05,124.97,123.87,122.65,121.34,120.14,119.10,118.23,117.39,116.97,116.87,116.94,116.99,117.01,117.04,117.04,116.84,116.30,115.70,115.12,114.57,114.09,114.03,114.14,114.30,114.44,114.02,113.28,112.39,111.53,110.62,109.81,109.08,108.49,108.50,109.11,109.86,110.55,111.24,111.91,112.56,113.13,113.45,112.94,112.30,111.62,110.91,110.29,109.63,108.83,108.14,108.10,108.46,108.89,109.16,109.16,109.16,109.16,109.16,109.17,109.22,109.33,109.44,109.60,109.89,110.36,111.57,113.35,115.48,117.49,119.23,120.54,121.58,122.77,123.89,124.49,124.26,122.95,121.34,119.81,118.32,117.00,116.34,116.13,116.02,115.89,115.69,115.39,115.11,114.83,114.58,114.34,114.28,114.31,114.35,114.46,115.12,116.18,117.30,118.19,118.94,119.10,118.97,118.82,118.93,119.09,118.90,118.09,116.42,114.68,112.89,111.23,109.91,109.20,108.52,108.10,108.14,108.91,110.75,113.26,115.88,117.71,117.04,116.03,115.15,114.41,113.67,113.12,113.28,114.03,114.68,113.74,111.92,110.00,108.39,107.02,105.85,105.45,105.80,106.41,107.35,109.93,113.78,118.02,120.81,122.39,123.46,124.16,124.32,124.14,123.57,122.82,122.28,122.00,121.92,121.94,121.91,121.58,121.23,120.89,119.96,117.28,116.30,115.92,114.75,111.78,109.33,108.07,107.22,106.42,105.70,105.12,104.71,104.43,104.34,104.91,105.61,106.38,107.27,108.14,109.16,111.09,114.17,117.92,119.94,120.50,120.30,119.84,118.64,116.81,114.84,113.03,111.38,109.93,109.39,109.53,109.56,109.46,109.27,109.10,109.09,109.20,109.78,108.72,105.05,99.28,96.35,94.89,94.42,95.22,97.08,99.61,101.34,101.39,100.23
143.83,143.81,143.75,143.69,143.69,143.97,144.06,143.93,143.62,143.25,142.81,142.36,141.91,141.50,141.55,141.89,142.20,142.18,142.18,142.14,142.20,142.37,142.44,142.37,142.25,142.18,142.24,142.34,141.98,140.98,139.29,137.58,136.08,134.93,134.13,133.57,132.43,131.06,129.84,129.00,127.94,126.81,125.67,124.51,123.19,121.77,120.43,119.31,118.53,117.73,117.49,117.53,117.59,117.59,117.54,117.50,117.44,117.12,116.57,115.99,115.42,114.87,114.62,114.71,114.91,115.04,115.05,114.41,113.57,112.72,111.86,110.96,110.19,109.52,108.99,108.89,109.39,110.08,110.78,111.48,112.13,112.85,113.53,113.86,113.25,112.54,111.82,111.07,110.37,109.67,108.98,108.51,108.74,109.23,109.73,110.04,110.06,110.06,110.06,110.06,110.06,110.07,110.14,110.27,110.46,110.78,111.10,111.91,113.34,115.34,117.14,118.80,120.11,121.20,122.47,124.08,125.02,124.81,123.19,121.50,120.01,118.66,117.60,117.36,117.20,117.06,116.95,116.90,116.64,116.40,116.14,115.87,115.70,115.66,115.66,115.67,115.72,116.15,117.15,118.39,119.50,120.39,120.54,120.38,120.18,120.14,119.98,119.22,117.89,116.19,114.31,112.32,110.61,109.44,108.71,108.09,108.05,108.57,109.54,113.27,117.08,119.31,118.94,118.31,117.59,116.85,116.13,115.42,114.75,114.78,115.43,116.06,115.27,113.56,111.60,109.82,108.44,107.37,106.77,106.59,106.58,106.61,107.84,110.48,114.63,119.16,121.44,122.81,123.95,124.47,124.11,123.25,122.26,121.55,121.24,121.17,121.25,121.41,121.39,121.25,120.51,118.05,112.19,110.43,109.94,109.52,108.84,107.99,107.04,106.13,105.33,104.57,103.96,103.55,103.33,103.43,104.04,104.75,105.60,106.62,107.61,108.56,109.96,112.29,116.06,119.02,120.23,120.37,120.23,119.41,117.48,115.17,112.98,111.20,109.97,109.22,108.91,109.06,109.01,108.81,108.66,108.65,108.42,107.94,104.89,99.72,96.49,93.91,92.22,91.71,92.98,95.43,98.54,100.88,101.55,100.71
145.43,145.41,145.32,145.25,145.17,145.09,144.66,144.14,143.73,143.34,142.94,142.53,142.12,141.75,141.76,141.88,141.90,141.72,141.70,141.68,141.75,141.92,142.05,142.16,142.25,142.35,142.38,142.09,141.59,140.83,139.74,138.45,137.30,136.42,135.82,135.34,134.22,132.84,131.40,130.06,128.81,127.63,126.36,124.97,123.56,122.09,120.70,119.50,118.76,118.23,118.05,118.03,118.00,118.00,117.94,117.88,117.76,117.39,116.86,116.28,115.69,115.22,115.27,115.47,115.67,115.74,115.46,114.76,113.94,113.09,112.24,111.42,110.68,110.05,109.60,109.49,109.85,110.46,111.21,111.95,112.72,113.50,114.12,114.27,113.62,112.91,112.20,111.47,110.73,109.98,109.34,109.01,109.31,109.86,110.47,110.91,110.99,111.00,111.00,111.00,111.00,111.01,111.12,111.26,111.47,111.83,112.15,112.65,113.57,115.02,116.72,118.28,119.49,120.57,122.18,124.17,125.56,125.62,123.84,122.09,120.50,119.24,118.50,118.32,118.17,118.04,117.97,117.95,117.81,117.64,117.43,117.19,117.03,117.00,117.00,116.99,116.96,117.15,117.94,119.13,120.50,121.89,122.06,121.81,121.44,120.82,120.20,118.85,116.96,115.02,113.05,111.20,109.78,108.91,108.22,108.05,108.37,109.05,110.36,115.86,119.08,119.89,119.66,119.43,119.06,118.45,117.61,116.82,116.19,116.27,116.92,117.55,117.03,115.43,113.55,111.89,110.32,109.06,108.37,108.19,108.08,107.72,107.58,108.41,111.29,116.36,119.82,121.99,123.38,124.51,123.94,122.81,121.67,120.86,120.49,120.44,120.52,120.63,120.68,120.58,117.75,112.79,109.90,108.80,108.34,108.04,107.70,107.05,106.13,105.16,104.25,103.43,102.71,102.28,102.20,102.51,103.23,104.07,104.94,105.88,106.83,107.76,108.86,110.51,113.43,116.82,119.17,120.28,120.20,119.36,116.35,113.16,110.98,109.78,109.20,108.88,108.74,108.74,108.59,108.28,107.70,106.77,105.70,104.62,101.68,97.20,94.27,91.76,90.32,90.04,91.29,94.50,98.07,100.54,101.24,100.97
147.02,146.89,146.71,146.54,146.36,146.10,145.28,144.30,143.56,143.14,142.75,142.39,142.09,141.95,141.99,141.87,141.56,141.18,141.13,141.13,141.20,141.35,141.51,141.73,141.97,142.23,142.42,142.13,141.62,141.02,140.31,139.43,138.66,138.04,137.56,137.09,136.06,134.66,133.04,131.26,129.73,128.46,127.15,125.66,124.23,122.75,121.28,119.97,119.13,118.72,118.53,118.43,118.38,118.36,118.29,118.20,118.04,117.65,117.13,116.55,116.02,115.77,115.98,116.21,116.37,116.34,115.83,115.12,114.32,113.48,112.66,111.94,111.33,110.84,110.49,110.37,110.64,111.16,111.84,112.59,113.40,114.19,114.74,114.65,113.99,113.27,112.56,111.87,111.17,110.48,109.93,109.66,109.95,110.47,111.11,111.65,111.89,111.92,111.92,111.93,111.95,111.98,112.10,112.27,112.52,112.90,113.22,113.58,114.14,115.04,116.40,117.80,118.96,120.15,122.15,124.52,126.21,126.40,124.61,122.86,121.25,120.10,119.55,119.41,119.29,119.18,119.09,119.06,118.97,118.83,118.67,118.49,118.36,118.31,118.29,118.26,118.22,118.25,118.87,120.02,121.61,123.21,123.00,122.29,121.63,120.59,119.54,117.88,115.78,113.71,111.73,110.20,109.11,108.43,107.98,108.20,108.77,109.92,112.80,117.92,120.01,120.03,120.03,120.03,119.89,119.50,118.83,118.10,117.59,117.74,118.36,118.86,118.61,117.44,116.05,114.83,113.32,111.72,110.87,110.77,110.60,109.88,108.64,107.90,109.17,113.17,117.42,120.65,122.61,124.25,123.88,122.60,120.59,117.66,116.91,116.81,116.84,116.93,117.00,116.88,113.95,109.40,108.54,107.87,107.41,107.09,106.76,106.15,105.24,104.24,103.26,102.36,101.54,101.10,101.11,101.61,102.40,103.28,104.17,105.06,105.98,106.91,107.91,109.19,111.27,114.52,117.42,119.32,119.56,118.11,114.57,111.18,109.17,108.30,108.02,107.96,107.96,107.91,107.86,107.51,106.61,105.05,103.48,101.93,99.12,95.22,92.25,90.09,89.04,88.98,90.16,93.43,97.12,99.76,100.68,100.69
148.55,148.21,147.83,147.48,147.15,146.96,145.96,144.51,143.17,142.64,142.24,141.94,141.83,142.11,142.22,141.90,141.28,140.65,140.52,140.52,140.60,140.77,140.94,141.16,141.43,141.82,142.38,142.54,142.19,141.62,141.01,140.47,140.07,139.71,139.33,138.85,137.90,136.44,134.63,132.61,130.73,129.34,128.04,126.65,125.30,123.81,122.25,120.78,119.74,119.22,118.93,118.78,118.75,118.68,118.61,118.50,118.29,117.90,117.39,116.81,116.42,116.53,116.75,116.94,117.00,116.81,116.18,115.47,114.70,113.88,113.15,112.57,112.20,111.92,111.67,111.52,111.78,112.19,112.67,113.36,114.12,114.89,115.34,115.01,114.36,113.63,112.90,112.24,111.67,111.16,110.72,110.47,110.67,111.10,111.67,112.27,112.74,112.81,112.82,112.85,112.91,112.98,113.07,113.28,113.61,113.98,114.30,114.66,115.05,115.51,116.29,117.43,118.60,120.04,122.49,125.30,127.03,127.14,125.44,123.80,122.31,121.26,120.79,120.76,120.69,120.58,120.46,120.41,120.27,120.13,120.00,119.91,119.84,119.77,119.70,119.64,119.61,119.61,120.13,121.25,122.91,124.20,123.15,121.66,120.57,119.39,117.98,116.31,114.42,112.39,110.54,109.42,108.65,108.04,108.03,108.53,109.26,111.26,116.77,119.31,120.04,120.09,120.09,120.09,120.02,119.92,119.73,119.22,118.91,119.14,119.64,119.89,119.88,119.44,118.92,118.41,117.28,115.39,114.34,114.30,114.07,112.97,110.94,109.00,108.51,109.96,114.37,118.70,121.55,123.61,123.94,122.69,119.05,112.09,110.68,110.46,110.40,110.47,110.53,110.36,109.63,108.52,107.82,107.08,106.56,106.18,105.79,105.25,104.39,103.39,102.39,101.42,100.54,100.08,100.11,100.72,101.51,102.37,103.24,104.16,105.09,106.03,107.10,108.34,109.80,112.31,115.04,117.37,118.25,115.77,112.45,109.66,107.90,106.92,106.50,106.41,106.46,106.49,106.79,106.54,105.55,103.82,102.18,100.23,97.25,93.47,90.47,88.96,88.32,88.41,89.58,92.09,95.54,98.43,99.80,99.72
149.42,149.01,148.61,148.25,147.97,147.83,146.92,145.30,143.34,142.26,141.74,141.54,141.65,142.12,142.23,141.78,141.01,140.22,139.58,139.55,139.77,140.06,140.34,140.58,140.91,141.35,141.89,142.34,142.50,142.31,141.76,141.33,141.06,141.09,141.23,140.87,139.67,137.84,135.76,133.75,131.84,130.46,129.22,127.91,126.55,125.15,123.64,122.16,121.00,120.12,119.54,119.21,119.08,119.00,118.92,118.79,118.54,118.16,117.64,117.19,117.00,117.28,117.52,117.69,117.62,117.18,116.50,115.77,115.04,114.41,114.03,113.66,113.38,113.12,112.83,112.67,112.92,113.31,113.72,114.25,114.87,115.58,115.95,115.37,114.73,114.12,113.52,112.93,112.43,111.95,111.60,111.44,111.58,111.99,112.47,112.95,113.41,113.69,113.75,113.79,113.86,113.95,114.10,114.35,114.68,115.06,115.38,115.71,116.05,116.43,116.91,117.71,118.72,120.44,124.00,127.27,128.47,127.96,126.32,124.73,123.60,123.02,122.94,123.05,123.08,123.00,122.97,123.19,123.09,122.97,122.90,122.92,122.92,122.90,122.80,122.62,122.42,122.38,122.93,123.82,124.49,123.86,122.12,120.39,119.04,117.61,116.09,114.47,112.75,111.04,109.72,108.86,108.25,107.91,108.31,108.96,110.26,113.07,118.40,119.80,120.02,120.06,120.09,120.10,120.08,120.05,120.02,119.84,119.73,119.86,120.14,120.30,120.33,120.16,119.97,119.80,119.28,118.34,117.83,117.81,117.65,116.63,113.84,110.70,109.12,109.30,112.63,116.42,119.38,121.88,123.80,122.85,118.33,110.74,109.16,108.81,108.65,108.65,108.51,108.27,107.94,107.52,106.99,106.30,105.75,105.34,104.94,104.50,103.83,102.98,101.98,101.02,100.11,99.61,99.57,100.04,100.64,101.45,102.34,103.23,104.20,105.27,106.39,107.56,108.79,110.51,112.75,115.10,116.47,114.46,111.64,109.02,106.98,105.61,105.02,104.88,104.96,105.12,105.84,106.06,105.33,103.51,101.70,99.28,96.01,92.30,89.64,88.19,87.50,87.60,88.85,90.72,93.62,96.23,97.62,97.68
150.06,149.63,149.28,148.99,148.80,148.71,147.94,146.28,143.88,142.17,141.33,141.15,141.45,142.00,142.20,141.79,140.94,139.78,138.48,138.34,138.67,139.07,139.49,139.79,140.21,140.74,141.27,141.88,142.45,142.67,142.36,142.07,141.94,142.16,142.50,142.15,140.87,138.90,136.74,134.78,132.94,131.63,130.47,129.25,127.93,126.60,125.20,123.80,122.59,121.45,120.59,119.98,119.60,119.36,119.24,119.07,118.78,118.41,117.91,117.63,117.66,118.03,118.28,118.39,118.15,117.52,116.85,116.12,115.53,115.17,115.09,114.88,114.64,114.34,113.99,113.81,114.06,114.45,114.84,115.23,115.72,116.30,116.53,115.83,115.23,114.72,114.22,113.71,113.24,112.79,112.51,112.43,112.56,112.95,113.36,113.74,114.14,114.57,114.70,114.75,114.82,114.91,115.16,115.46,115.78,116.14,116.45,116.76,117.11,117.48,117.80,118.33,119.24,121.25,125.63,128.94,129.66,128.73,127.16,125.70,125.03,124.94,125.22,125.50,125.67,125.69,125.80,126.25,126.21,126.13,126.12,126.18,126.24,126.25,126.16,125.93,125.60,125.45,125.55,125.58,124.98,122.78,120.72,119.00,117.50,115.89,114.33,112.77,111.24,109.91,109.07,108.38,107.95,108.00,108.72,109.58,111.31,114.32,118.52,119.64,119.90,120.02,120.08,120.10,120.11,120.12,120.14,120.20,120.22,120.25,120.31,120.41,120.44,120.42,120.41,120.42,120.44,120.44,120.46,120.48,120.37,119.55,116.68,113.02,110.44,109.49,111.39,114.20,116.95,119.67,122.64,122.66,118.59,110.63,108.92,108.45,108.13,107.97,107.63,107.29,106.91,106.51,106.08,105.46,104.94,104.51,104.13,103.72,103.24,102.56,101.68,100.83,99.93,99.34,99.16,99.40,99.84,100.56,101.43,102.33,103.36,104.54,105.70,106.81,107.98,109.14,110.90,113.02,114.55,113.30,111.02,108.55,106.23,104.45,103.60,103.37,103.50,103.88,104.94,105.67,105.28,103.37,101.41,98.62,95.11,91.47,89.12,87.55,86.69,86.74,88.06,89.47,91.70,93.86,95.21,95.44
150.51,150.14,149.90,149.78,149.67,149.60,148.96,147.43,144.92,142.61,141.14,140.74,141.18,141.72,142.19,142.16,141.28,139.27,137.22,136.81,137.11,137.57,138.08,138.52,139.11,139.83,140.54,141.18,141.79,142.30,142.61,142.64,142.77,142.72,142.37,141.70,140.87,139.43,137.59,135.73,133.99,132.77,131.74,130.68,129.54,128.21,126.92,125.71,124.55,123.50,122.45,121.42,120.52,119.79,119.56,119.34,118.99,118.66,118.21,118.15,118.42,118.79,119.04,118.94,118.51,117.85,117.27,116.65,116.37,116.39,116.35,116.15,115.88,115.55,115.19,114.96,115.20,115.59,115.97,116.36,116.77,117.05,117.03,116.52,116.03,115.51,115.00,114.53,114.07,113.66,113.42,113.39,113.55,113.91,114.30,114.69,115.08,115.48,115.67,115.74,115.77,115.87,116.29,116.63,116.90,117.22,117.53,117.84,118.18,118.55,118.87,119.33,120.40,122.69,126.94,129.42,130.01,129.33,127.89,126.70,126.58,126.91,127.34,127.82,128.19,128.46,128.76,129.18,129.22,129.20,129.20,129.21,129.22,129.22,129.21,129.12,128.84,128.43,126.96,124.97,123.01,120.77,119.12,117.67,116.17,114.56,113.00,111.52,110.22,109.29,108.55,107.94,107.84,108.46,109.24,110.56,112.17,114.10,116.57,118.50,119.57,120.00,120.02,120.08,120.15,120.19,120.20,120.27,120.28,120.26,120.21,120.18,120.23,120.33,120.42,120.53,120.82,121.08,121.27,121.34,121.17,120.63,119.07,116.35,112.62,110.20,110.59,112.32,114.59,117.03,119.39,121.66,120.49,111.05,109.06,108.47,107.92,107.40,106.90,106.45,106.00,105.54,105.03,104.52,104.09,103.69,103.30,102.85,102.43,101.96,101.39,100.78,99.97,99.24,98.76,98.75,99.19,99.77,100.51,101.52,102.64,103.80,104.96,106.13,107.34,108.51,109.94,111.49,112.57,111.95,110.17,107.96,105.66,103.61,102.29,101.87,102.14,102.88,104.08,105.23,105.16,103.12,101.11,98.18,94.65,91.10,88.78,87.02,85.97,85.92,87.22,88.50,89.99,91.57,92.96,93.32
150.53,150.31,150.21,150.25,150.31,150.28,149.84,148.51,145.93,142.71,140.19,139.18,139.45,139.71,140.02,140.00,139.30,137.61,135.94,135.43,135.55,135.95,136.42,136.97,137.68,138.53,139.51,140.36,141.06,141.67,142.24,142.63,142.98,142.90,142.37,141.73,140.93,139.54,137.91,136.49,135.12,134.01,133.02,132.04,131.03,129.89,128.77,127.67,126.56,125.54,124.43,123.30,122.25,121.35,120.67,119.99,119.33,118.98,118.71,118.83,119.19,119.58,119.81,119.56,119.04,118.40,117.83,117.42,117.39,117.60,117.61,117.38,117.09,116.75,116.38,116.11,116.34,116.73,117.11,117.45,117.65,117.70,117.59,117.28,116.81,116.31,115.82,115.35,114.86,114.56,114.41,114.38,114.52,114.87,115.28,115.68,116.02,116.34,116.56,116.69,116.77,116.88,117.33,117.77,118.13,118.44,118.71,119.11,119.61,120.16,120.63,121.29,122.36,124.22,127.45,129.54,130.20,129.83,128.84,128.06,128.17,128.54,128.89,129.20,129.43,129.63,129.85,130.06,130.09,130.09,130.09,130.09,130.05,130.05,130.03,129.97,129.72,128.36,126.02,123.41,121.19,119.27,117.79,116.37,114.86,113.35,111.84,110.55,109.51,108.74,108.00,107.83,108.18,109.00,110.08,113.28,115.51,116.21,116.78,117.47,118.22,118.97,119.64,119.98,120.08,120.11,120.14,120.27,120.24,119.75,119.13,119.06,119.20,119.76,120.24,120.34,120.50,120.81,121.15,121.51,121.88,121.42,120.25,118.04,114.50,111.86,111.62,112.63,114.33,116.47,118.52,121.86,121.93,111.36,109.16,108.53,107.92,107.34,106.77,106.22,105.72,105.25,104.75,104.25,103.79,103.37,102.94,102.48,102.05,101.61,101.14,100.63,99.96,99.24,98.60,98.28,98.25,98.75,99.54,100.50,101.58,102.72,103.90,105.09,106.29,107.48,108.71,109.88,110.65,110.25,108.66,106.63,104.50,102.33,100.97,100.56,100.92,101.82,103.10,104.41,104.70,103.15,101.20,98.37,94.78,91.03,88.61,86.75,85.34,84.86,86.04,87.30,88.29,89.44,90.75,91.25
149.94,149.79,149.81,150.04,150.39,150.61,150.40,149.23,146.51,142.47,138.76,136.85,136.65,136.60,136.79,136.80,136.38,135.36,134.46,134.00,133.95,134.27,134.68,135.31,136.11,137.08,138.30,139.41,140.25,140.95,141.65,142.33,142.84,142.90,142.50,141.93,141.03,139.66,138.26,137.32,136.32,135.32,134.36,133.43,132.50,131.56,130.59,129.57,128.54,127.58,126.53,125.44,124.41,123.45,122.27,121.05,120.01,119.51,119.35,119.56,119.98,120.41,120.64,120.26,119.64,119.00,118.44,118.28,118.49,118.82,118.86,118.60,118.28,117.95,117.58,117.27,117.48,117.84,118.16,118.39,118.40,118.29,118.16,118.02,117.58,117.11,116.64,116.16,115.67,115.49,115.42,115.38,115.48,115.83,116.25,116.64,116.92,117.17,117.41,117.61,117.75,117.87,118.32,118.95,119.58,120.00,120.33,120.86,121.54,122.26,122.82,123.70,124.66,125.89,127.91,129.65,130.34,130.26,129.74,129.36,129.52,129.80,129.99,130.08,130.11,130.15,130.19,130.19,130.18,130.17,130.17,130.16,130.10,130.04,129.93,129.75,129.29,127.01,124.21,121.57,119.49,117.90,116.47,115.06,113.61,112.21,110.81,109.72,108.91,108.22,107.61,107.94,108.70,109.74,111.83,116.43,118.97,118.70,117.87,117.13,117.23,118.01,119.11,119.67,119.85,119.92,120.03,120.23,120.12,119.00,117.61,117.36,117.57,118.57,119.42,119.51,119.46,119.92,120.59,121.44,122.47,122.06,120.93,119.03,116.13,113.89,113.45,113.96,115.04,116.78,118.62,122.34,122.82,111.62,109.26,108.61,108.01,107.45,106.84,106.23,105.69,105.20,104.72,104.21,103.71,103.25,102.80,102.33,101.88,101.42,100.96,100.49,99.97,99.29,98.53,97.91,97.38,97.75,98.59,99.47,100.44,101.52,102.69,103.90,105.07,106.27,107.37,108.30,108.86,108.44,106.89,105.02,103.14,101.04,99.80,99.44,99.81,100.74,102.04,103.45,104.11,103.28,101.48,98.92,95.32,91.25,88.56,86.61,84.83,83.84,84.64,85.77,86.40,87.19,88.39,89.07
147.62,147.15,147.17,147.70,148.78,149.86,149.95,148.64,145.62,141.47,136.62,133.21,131.78,131.70,132.45,133.02,133.03,132.42,132.26,132.21,132.27,132.51,132.96,133.60,134.51,135.63,136.87,138.12,139.28,140.27,141.02,141.71,142.28,142.75,142.89,142.12,141.24,140.33,139.46,138.68,137.75,136.81,135.87,134.94,134.01,133.09,132.15,131.23,130.38,129.65,128.86,128.01,127.08,126.04,124.63,123.15,121.78,120.70,120.22,120.35,120.82,121.31,121.66,121.12,120.28,119.55,119.11,119.19,119.58,120.03,120.12,119.83,119.46,119.11,118.77,118.42,118.63,118.85,118.89,118.91,118.90,118.80,118.66,118.57,118.33,117.93,117.44,116.95,116.58,116.44,116.39,116.38,116.45,116.83,117.21,117.50,117.71,117.99,118.23,118.46,118.66,118.81,119.23,120.32,121.69,122.69,123.38,124.07,124.83,125.48,125.71,126.45,127.22,128.02,129.23,130.13,130.56,130.57,130.22,129.99,130.01,130.12,130.23,130.31,130.32,130.30,130.26,130.20,130.14,130.09,130.05,130.05,130.02,129.80,129.35,128.59,127.18,124.88,122.28,119.91,118.08,116.32,114.88,113.66,112.50,111.15,110.02,109.11,108.34,107.75,107.83,108.42,109.28,111.13,116.41,118.96,119.74,119.64,119.37,119.12,118.83,118.57,118.48,118.74,119.12,119.54,119.95,120.16,119.84,118.02,115.64,114.73,114.80,115.68,116.53,116.80,116.70,117.97,119.66,121.32,122.75,122.57,121.37,119.49,117.23,116.04,115.89,116.12,116.58,117.61,119.25,122.35,122.27,111.80,109.43,108.73,108.12,107.52,106.90,106.33,105.76,105.20,104.68,104.19,103.68,103.19,102.78,102.32,101.87,101.42,101.00,100.55,100.11,99.37,98.44,97.72,97.10,97.18,97.76,98.61,99.44,100.31,101.36,102.58,103.74,104.87,105.92,106.88,107.49,106.67,105.03,103.31,101.80,100.30,99.19,98.74,98.92,99.69,100.92,102.41,103.49,103.43,101.89,99.94,96.57,92.07,88.74,86.58,84.69,83.23,82.89,83.34,83.78,84.40,85.37,86.44
145.08,144.24,143.87,144.07,145.13,146.83,147.84,147.30,144.62,140.85,135.36,131.07,128.91,128.38,129.07,129.63,129.76,129.62,129.93,130.21,130.42,130.65,131.19,131.98,133.01,134.22,135.49,136.82,138.14,139.34,140.29,141.04,141.73,142.47,142.97,142.46,141.66,141.01,140.45,139.82,139.08,138.27,137.39,136.46,135.53,134.61,133.68,132.80,132.03,131.39,130.79,130.14,129.38,128.34,126.74,125.05,123.44,122.00,121.23,121.27,121.75,122.25,122.65,122.09,121.22,120.49,120.16,120.27,120.67,121.17,121.39,121.11,120.72,120.35,119.99,119.66,119.66,119.63,119.49,119.41,119.37,119.28,119.17,119.05,118.93,118.65,118.23,117.77,117.50,117.41,117.38,117.36,117.43,117.80,118.10,118.31,118.51,118.78,119.06,119.46,119.93,120.25,120.69,121.93,123.64,125.06,126.13,126.98,127.69,128.16,128.22,128.64,129.08,129.51,130.10,130.57,130.80,130.79,130.56,130.42,130.36,130.36,130.38,130.39,130.35,130.28,130.20,130.09,129.74,129.19,128.64,128.24,127.96,127.49,126.78,125.70,124.04,122.27,120.12,117.97,116.16,114.27,112.93,112.08,111.44,110.27,109.34,108.52,107.88,107.70,108.20,108.93,110.69,114.24,118.91,119.98,119.67,119.30,119.60,119.89,119.72,119.27,118.86,118.84,119.14,119.56,119.95,120.07,119.28,116.85,113.82,112.25,112.10,112.67,113.26,113.55,113.74,115.98,118.77,121.34,123.15,123.28,122.22,120.58,119.00,118.57,118.58,118.72,119.03,119.88,121.79,122.68,120.02,111.36,109.32,108.65,108.05,107.44,106.85,106.28,105.71,105.17,104.68,104.19,103.70,103.24,102.82,102.36,101.92,101.50,101.07,100.61,100.21,99.47,98.49,97.64,96.89,96.61,96.91,97.77,98.52,99.29,100.20,101.28,102.37,103.44,104.46,105.46,106.15,105.25,103.75,102.25,100.96,99.80,98.77,98.10,98.02,98.91,100.11,101.53,102.81,103.32,102.15,100.64,97.42,92.70,88.94,86.55,84.46,82.64,81.63,81.50,81.63,81.86,82.41,83.75
142.56,141.38,140.46,140.00,140.57,142.56,144.76,145.48,143.62,140.46,134.83,130.25,127.75,126.44,126.43,126.50,126.52,126.78,127.36,127.92,128.31,128.58,129.29,130.33,131.55,132.85,134.17,135.55,136.89,138.22,139.48,140.33,141.21,142.09,142.77,142.86,142.23,141.68,141.25,140.76,140.26,139.63,138.85,137.96,137.05,136.12,135.19,134.32,133.56,132.92,132.39,131.90,131.29,130.27,128.54,126.69,124.95,123.33,122.33,122.28,122.73,123.19,123.58,123.15,122.40,121.75,121.47,121.50,121.80,122.26,122.67,122.43,122.05,121.65,121.25,120.99,120.70,120.41,120.19,120.11,120.05,119.97,119.84,119.66,119.55,119.37,119.05,118.65,118.46,118.41,118.37,118.33,118.43,118.78,119.00,119.19,119.48,119.78,120.18,120.84,121.69,122.17,122.61,123.79,125.48,127.13,128.44,129.38,129.95,130.18,130.21,130.26,130.35,130.47,130.63,130.94,131.03,130.92,130.77,130.68,130.60,130.53,130.46,130.39,130.27,130.12,129.91,129.53,128.66,127.36,126.09,125.16,124.52,123.83,122.97,121.87,120.52,119.54,117.91,115.92,113.98,112.03,110.89,110.48,110.39,109.52,108.73,108.00,107.59,107.97,108.67,109.66,112.72,117.93,119.43,119.56,118.77,117.94,118.80,119.60,119.88,119.85,119.80,119.61,119.68,119.85,120.01,119.98,118.50,115.59,112.23,110.14,109.72,109.88,110.10,110.31,111.02,114.18,118.00,121.41,123.54,124.14,123.51,122.39,121.53,121.57,121.47,121.46,121.79,122.66,124.67,122.49,116.50,110.47,108.99,108.41,107.85,107.26,106.71,106.14,105.61,105.16,104.75,104.24,103.78,103.35,102.89,102.43,102.02,101.59,101.14,100.68,100.27,99.59,98.65,97.67,96.75,96.10,96.10,96.94,97.66,98.41,99.19,100.03,101.02,102.03,103.04,104.06,104.82,104.03,102.83,101.58,100.39,99.36,98.35,97.45,97.15,98.36,99.56,100.85,102.14,103.00,102.20,100.94,97.88,93.18,89.21,86.57,84.20,82.09,80.78,80.27,80.03,79.81,79.88,81.27
140.63,139.52,138.53,138.03,138.75,140.43,142.58,143.78,142.76,139.56,134.67,130.58,127.84,125.57,123.97,123.18,122.93,123.06,123.83,124.71,125.32,125.73,126.75,128.27,129.95,131.58,132.95,134.38,135.77,137.14,138.49,139.62,140.63,141.55,142.35,142.93,142.79,142.40,141.96,141.49,141.03,140.54,139.98,139.33,138.54,137.61,136.69,135.85,135.13,134.45,133.93,133.39,132.63,131.37,129.71,127.97,126.25,124.59,123.39,123.21,123.62,124.03,124.42,124.19,123.69,123.20,122.88,122.87,123.10,123.49,123.85,123.68,123.35,123.00,122.68,122.52,122.27,122.09,122.03,121.96,122.00,121.90,121.59,121.13,120.92,120.55,120.14,119.79,119.53,119.40,119.34,119.33,119.39,119.77,120.17,120.66,121.39,122.11,122.88,123.74,124.55,124.82,125.08,126.07,127.57,128.96,129.80,130.35,130.70,130.91,131.01,131.00,131.01,131.08,131.11,131.20,131.12,130.94,130.81,130.72,130.60,130.48,130.37,130.33,130.20,129.72,128.66,126.79,125.14,123.51,122.25,121.63,121.17,120.65,120.07,119.40,118.62,117.85,116.35,114.40,112.41,110.62,109.73,109.40,109.28,108.76,108.16,107.76,107.77,108.42,109.17,111.65,115.03,117.91,117.72,116.94,115.98,115.59,117.29,118.68,119.30,119.53,119.79,119.90,119.96,120.02,120.06,119.89,117.80,114.61,111.38,109.38,108.55,108.48,108.66,108.98,110.03,113.46,117.54,121.19,123.41,124.91,125.48,125.56,125.60,125.81,124.70,123.45,122.72,122.44,121.76,117.75,112.17,109.50,108.60,108.05,107.53,107.07,106.63,106.20,105.78,105.38,104.98,104.46,103.95,103.46,102.97,102.54,102.11,101.66,101.21,100.79,100.36,99.70,98.83,97.83,96.85,95.97,95.63,96.15,96.82,97.54,98.26,99.00,99.83,100.84,101.86,102.83,103.45,102.62,101.51,100.39,99.32,98.31,97.35,96.60,96.52,97.95,99.36,100.67,101.83,102.48,101.67,100.44,97.83,93.81,89.78,86.86,84.18,81.80,80.32,79.88,79.68,79.49,79.49,80.23
138.81,137.79,136.84,136.41,137.40,138.86,140.74,142.09,141.80,139.02,135.03,131.44,128.54,125.66,122.93,121.23,120.38,120.17,120.84,121.72,122.39,122.94,124.17,126.03,128.19,130.29,131.88,133.35,134.75,136.14,137.50,138.81,139.97,140.97,141.87,142.74,143.00,142.92,142.64,142.21,141.78,141.36,140.93,140.43,139.80,138.99,138.17,137.40,136.71,135.99,135.43,134.77,133.75,132.48,130.88,129.11,127.29,125.66,124.38,124.14,124.53,124.91,125.28,125.28,125.04,124.65,124.28,124.26,124.48,124.81,125.08,124.98,124.71,124.40,124.17,124.11,123.95,123.89,123.99,124.01,124.17,124.20,123.98,123.50,123.35,123.02,122.68,122.43,122.05,121.72,121.50,121.37,121.41,121.75,122.24,122.93,123.90,124.92,125.91,126.76,127.32,127.41,127.52,128.20,129.25,130.23,130.70,130.98,131.22,131.44,131.54,131.45,131.38,131.36,131.29,131.18,130.98,130.79,130.67,130.61,130.49,130.35,130.22,130.21,130.12,129.24,127.31,124.29,121.94,120.23,119.19,118.83,118.50,118.12,117.74,117.35,116.94,116.38,115.00,113.12,111.18,109.67,108.90,108.50,108.27,107.97,107.48,107.51,108.07,108.92,109.84,112.79,115.50,116.10,114.97,113.63,112.92,113.41,115.70,117.06,117.63,118.05,118.84,119.82,120.08,120.08,120.05,119.74,117.22,113.90,110.84,108.98,107.77,107.48,107.70,108.32,109.67,112.87,116.79,120.49,122.83,125.01,126.64,127.72,128.17,127.52,125.14,122.87,121.54,120.48,117.97,113.71,109.62,108.94,108.42,107.92,107.47,107.10,106.72,106.38,106.02,105.63,105.23,104.73,104.19,103.63,103.11,102.65,102.19,101.74,101.30,100.89,100.43,99.82,99.02,98.02,97.01,96.01,95.34,95.34,95.93,96.60,97.28,97.97,98.70,99.70,100.75,101.67,102.12,101.36,100.23,99.11,98.08,97.11,96.18,95.75,96.14,97.73,99.28,100.58,101.56,101.94,101.11,99.69,97.31,94.00,90.57,87.79,84.81,81.95,80.13,79.75,79.57,79.44,79.43,79.69
137.02,136.05,135.12,134.79,136.07,137.57,139.12,140.34,140.61,139.00,135.97,132.79,129.81,126.82,123.80,121.22,119.37,118.66,118.80,119.25,119.77,120.43,121.68,123.68,126.26,128.94,130.97,132.47,133.87,135.23,136.56,137.88,139.22,140.39,141.36,142.24,142.73,143.10,143.25,142.94,142.56,142.11,141.65,141.17,140.70,140.19,139.61,138.96,138.27,137.53,136.92,136.07,134.79,133.81,132.18,130.13,128.01,126.47,125.30,125.09,125.48,125.86,126.18,126.43,126.41,126.04,125.67,125.66,125.90,126.22,126.38,126.38,126.13,125.83,125.71,125.74,125.63,125.65,125.87,126.06,126.35,126.73,126.96,126.80,126.99,127.04,127.02,126.87,126.34,125.74,125.17,124.78,124.80,125.01,125.44,126.09,126.96,127.98,128.93,129.50,129.65,129.68,129.75,129.96,130.33,130.81,131.22,131.49,131.73,131.95,131.91,131.68,131.44,131.24,131.04,130.82,130.59,130.40,130.32,130.30,130.22,130.09,129.96,129.94,129.91,128.60,126.01,122.58,119.75,118.19,117.44,117.10,116.73,116.35,115.96,115.57,115.20,114.94,113.78,112.04,110.30,109.14,108.31,107.74,107.40,107.14,106.67,107.19,108.39,109.41,110.63,112.39,113.36,112.65,111.29,109.89,109.97,111.74,114.13,114.60,114.70,115.27,116.88,119.32,120.00,120.02,119.94,119.47,116.76,113.46,110.53,108.75,107.23,106.72,107.06,108.17,109.80,112.30,115.64,119.24,121.78,124.30,126.59,128.25,128.40,125.75,122.00,119.24,118.07,117.00,114.44,111.71,109.64,108.97,108.52,108.12,107.74,107.41,107.03,106.65,106.27,105.89,105.49,105.03,104.47,103.89,103.34,102.76,102.26,101.83,101.41,100.96,100.50,99.94,99.21,98.21,97.20,96.20,95.23,94.54,94.96,95.56,96.21,96.90,97.62,98.57,99.63,100.53,100.81,100.27,99.07,97.79,96.70,95.81,94.93,95.00,96.05,97.72,99.28,100.48,101.27,101.42,100.64,98.81,96.31,93.61,91.56,89.47,86.23,82.63,80.24,79.76,79.55,79.39,79.35,79.50
135.12,134.10,133.25,133.06,134.47,135.88,137.22,138.33,138.82,137.88,136.35,134.16,131.39,128.45,125.35,122.40,119.95,118.43,117.53,117.32,117.61,118.41,119.73,121.65,124.29,127.32,130.00,131.67,133.06,134.41,135.76,137.12,138.54,139.84,140.91,141.62,142.13,142.62,143.03,143.19,142.95,142.41,141.78,141.26,141.13,140.94,140.60,140.13,139.59,139.04,138.41,137.56,136.48,135.58,133.78,131.28,128.71,127.28,126.24,126.07,126.43,126.80,127.08,127.38,127.51,127.37,127.06,127.09,127.28,127.52,127.66,127.72,127.53,127.33,127.31,127.38,127.35,127.46,127.77,128.06,128.46,128.96,129.31,129.28,129.47,129.59,129.58,129.41,129.06,128.66,128.28,127.98,127.91,127.99,128.22,128.57,129.07,129.68,130.25,130.59,130.70,130.74,130.78,130.88,131.09,131.44,131.78,132.02,132.07,131.91,131.71,131.42,131.11,130.81,130.58,130.35,130.01,129.68,129.49,129.31,129.12,128.88,128.62,128.40,128.05,126.65,124.16,120.92,118.33,116.64,115.70,115.34,114.92,114.52,114.13,113.75,113.38,113.15,112.40,111.18,109.78,108.77,107.86,107.10,106.58,106.37,106.10,106.80,108.14,109.20,109.84,110.15,109.70,108.30,107.08,106.29,107.86,110.97,112.06,111.84,111.92,112.98,115.42,118.41,119.66,120.00,119.77,118.57,115.80,112.64,109.81,107.88,106.27,106.19,107.09,108.54,110.35,112.70,115.53,118.56,121.25,124.30,127.02,128.86,128.85,125.96,121.59,118.30,116.88,115.48,113.43,111.45,109.93,109.23,108.79,108.41,108.04,107.68,107.30,106.91,106.54,106.19,105.80,105.31,104.73,104.14,103.59,102.98,102.44,101.96,101.49,101.03,100.59,100.09,99.40,98.40,97.39,96.36,95.27,94.31,94.30,94.73,95.28,95.87,96.53,97.34,98.02,98.55,98.84,98.38,97.43,96.36,95.33,94.35,94.04,94.71,96.12,97.73,99.32,100.47,101.05,100.94,100.18,98.31,96.02,93.76,92.03,90.07,86.97,83.42,80.86,79.98,79.67,79.49,79.34,79.25
133.30,132.13,131.33,131.30,132.70,134.01,135.20,136.22,136.79,136.22,135.88,134.76,132.63,130.07,127.08,123.99,121.11,118.80,117.03,116.05,115.92,116.70,118.10,119.90,122.44,125.59,128.82,130.83,132.30,133.66,135.06,136.47,137.92,139.34,140.54,141.20,141.74,142.29,142.84,143.19,143.01,142.52,141.93,141.50,141.61,141.64,141.47,141.13,140.74,140.37,139.77,139.05,138.27,137.48,135.48,132.60,129.61,128.12,127.19,127.05,127.37,127.72,127.97,128.26,128.50,128.59,128.43,128.68,129.05,129.42,129.92,130.37,130.48,130.43,130.35,130.04,129.80,129.84,130.08,130.10,130.47,130.91,131.22,131.23,131.35,131.42,131.35,131.14,130.99,130.83,130.66,130.48,130.31,130.25,130.28,130.38,130.55,130.80,131.04,131.25,131.40,131.49,131.50,131.58,131.78,132.06,132.26,132.34,132.14,131.66,131.34,131.03,130.65,130.21,129.81,129.44,128.95,128.46,128.11,127.80,127.48,127.12,126.73,126.32,125.64,124.22,121.92,118.84,116.75,115.06,114.01,113.73,113.29,112.86,112.43,112.00,111.61,111.34,110.97,110.33,109.33,108.41,107.44,106.54,105.86,105.60,105.57,106.27,107.36,108.04,107.67,106.80,105.55,104.07,103.19,103.03,105.65,109.49,109.30,108.81,109.50,111.38,114.24,117.19,118.81,119.43,119.03,117.22,114.52,111.59,108.84,106.75,105.21,105.73,107.27,109.03,111.01,113.37,115.83,118.39,121.35,124.99,127.90,129.61,129.55,127.24,122.25,118.26,116.56,114.90,113.34,111.76,110.36,109.55,109.09,108.71,108.32,107.95,107.56,107.18,106.83,106.49,106.09,105.58,105.00,104.41,103.85,103.25,102.68,102.13,101.60,101.11,100.69,100.23,99.58,98.59,97.57,96.50,95.36,94.26,93.74,93.98,94.44,94.92,95.47,95.92,96.11,96.25,96.54,96.13,95.46,94.66,93.76,92.92,93.30,94.50,96.11,97.67,99.28,100.38,100.81,100.48,99.69,97.84,95.75,93.81,92.06,90.17,87.37,84.19,81.70,80.45,79.95,79.67,79.40,79.11
131.75,130.28,129.41,129.47,130.69,131.94,133.04,133.98,134.50,133.88,133.58,133.32,132.75,131.35,128.81,125.79,122.70,119.89,118.04,116.16,115.11,115.48,116.93,118.63,120.89,123.77,127.13,129.86,131.63,133.04,134.50,135.95,137.41,138.93,140.37,141.39,142.17,142.89,143.25,142.84,142.47,142.45,142.55,142.61,142.55,142.53,142.32,141.95,141.57,141.24,140.82,140.36,139.88,139.37,137.29,134.26,131.06,129.06,128.10,128.00,128.29,128.56,128.85,129.11,129.34,129.54,129.72,130.71,131.82,133.04,134.81,136.57,137.55,137.77,137.12,135.40,134.20,133.69,133.44,132.38,132.26,132.32,132.35,132.36,132.45,132.39,132.26,132.09,131.94,131.78,131.56,131.28,131.01,130.81,130.75,130.82,131.00,131.34,131.65,131.91,132.11,132.24,132.21,132.28,132.46,132.64,132.45,132.09,131.66,131.21,130.89,130.58,130.10,129.37,128.35,127.46,126.73,126.12,125.66,125.33,124.97,124.56,124.13,123.71,122.92,121.46,119.03,115.54,114.19,113.06,112.44,112.56,112.20,111.66,111.05,110.46,110.03,109.71,109.54,109.31,108.77,107.95,107.07,106.19,105.35,104.80,104.98,105.39,105.57,104.82,102.99,101.84,101.19,100.79,100.53,100.57,102.64,105.50,105.06,105.25,107.90,111.30,113.46,115.43,116.78,117.34,116.83,115.13,112.77,110.11,107.50,105.41,104.20,105.31,107.40,109.48,111.66,114.06,116.50,119.19,122.81,127.05,129.61,130.66,130.75,129.91,123.84,118.68,116.97,115.44,113.91,112.39,110.97,109.85,109.35,108.96,108.60,108.26,107.89,107.50,107.12,106.74,106.34,105.83,105.28,104.71,104.11,103.55,102.96,102.38,101.84,101.26,100.78,100.32,99.72,98.77,97.71,96.59,95.44,94.28,93.25,93.31,93.74,94.18,94.48,94.09,93.77,93.72,93.85,93.50,92.97,92.29,91.65,91.68,92.71,94.19,95.80,97.41,99.03,100.06,100.43,100.07,99.10,97.21,95.12,93.15,91.33,89.67,87.37,84.80,82.76,81.45,80.56,79.93,79.54,79.28
130.24,128.43,127.46,127.51,128.55,129.69,130.85,131.81,132.25,131.69,131.26,131.21,131.38,131.09,129.38,126.65,123.48,120.46,118.20,115.86,114.36,114.41,115.87,117.48,119.48,122.12,125.75,129.01,131.06,132.55,134.03,135.56,137.06,138.63,140.24,141.75,142.65,143.24,143.44,143.10,142.81,142.83,143.03,143.24,143.21,143.25,143.13,142.82,142.44,142.12,141.76,141.38,141.00,140.62,139.44,137.62,135.54,133.91,131.74,130.16,129.58,130.28,131.32,132.35,133.35,134.27,134.95,136.09,137.26,138.44,139.90,141.63,142.80,143.12,142.24,139.93,137.83,136.43,135.52,134.20,133.92,133.72,133.50,133.50,133.57,133.41,133.20,133.03,132.85,132.66,132.39,132.06,131.75,131.48,131.34,131.33,131.46,131.78,132.16,132.49,132.77,132.94,132.82,132.72,132.67,132.55,132.17,131.69,131.20,130.76,130.39,129.70,128.80,127.75,126.52,125.40,124.53,123.84,123.27,122.87,122.46,121.97,121.37,120.54,118.82,116.72,114.50,112.45,111.82,111.28,111.02,111.19,111.03,110.64,110.10,109.50,108.99,108.70,108.55,108.39,108.06,107.45,106.65,105.80,104.98,104.34,104.12,103.89,103.41,102.39,100.86,100.05,99.74,99.67,99.63,99.74,100.84,102.25,101.95,102.35,105.22,108.94,111.48,113.21,114.39,114.83,114.29,112.70,110.30,107.87,105.60,103.67,103.57,105.20,107.46,109.75,112.46,115.20,117.94,120.97,124.93,128.97,131.39,132.16,131.54,130.69,124.19,118.77,117.22,115.74,114.24,112.74,111.26,109.99,109.47,109.08,108.70,108.32,107.94,107.55,107.18,106.81,106.39,105.86,105.36,104.90,104.44,103.91,103.31,102.71,102.13,101.52,100.97,100.46,99.86,98.94,97.82,96.66,95.51,94.34,93.13,92.83,93.03,93.41,93.54,92.91,92.19,91.72,91.58,91.31,90.99,90.67,90.51,90.88,92.00,93.47,95.08,96.65,98.35,99.39,99.81,99.61,98.75,97.09,95.05,92.85,90.77,89.12,87.30,85.50,84.17,82.83,81.59,80.52,79.74,79.43
128.66,126.48,125.36,125.39,126.26,127.30,128.49,129.48,129.89,129.51,128.94,128.85,129.36,130.00,129.27,126.92,123.77,120.67,117.86,115.24,113.53,113.34,114.77,116.31,118.11,120.58,124.37,128.06,130.45,132.12,133.63,135.23,136.79,138.37,140.09,142.00,142.96,143.29,143.33,143.33,143.21,143.16,143.23,143.41,143.49,143.63,143.65,143.50,143.22,142.98,142.64,142.25,141.88,141.60,141.51,141.19,140.56,139.60,136.42,133.42,131.98,133.09,134.91,136.77,138.59,140.27,141.42,142.45,143.38,144.16,144.77,145.93,147.01,147.37,146.36,143.97,141.13,138.74,137.05,135.82,135.50,135.07,134.63,134.63,134.65,134.41,134.13,133.97,133.73,133.50,133.18,132.83,132.52,132.20,131.99,131.88,131.91,132.18,132.60,133.00,133.31,133.41,133.18,132.88,132.54,132.11,131.66,131.19,130.70,130.15,129.62,128.45,127.11,125.78,124.55,123.32,122.39,121.64,120.96,120.46,119.98,119.32,118.38,117.09,114.47,111.91,110.19,109.98,109.91,109.86,109.86,109.93,109.95,109.76,109.37,108.85,108.41,108.25,108.09,107.86,107.55,107.16,106.47,105.70,104.97,104.37,103.69,102.83,101.89,100.99,100.18,99.77,99.59,99.51,99.48,99.58,99.72,99.81,99.77,100.14,102.38,105.70,108.82,110.65,111.69,112.00,111.42,109.84,107.29,105.12,103.39,101.92,103.04,105.10,107.36,109.80,112.99,116.21,119.46,123.00,127.17,130.63,132.77,133.14,131.33,129.50,123.39,118.57,117.23,115.80,114.34,112.83,111.33,110.03,109.50,109.11,108.70,108.26,107.87,107.50,107.16,106.81,106.33,105.79,105.32,104.96,104.66,104.18,103.62,103.05,102.47,101.88,101.27,100.68,100.03,99.11,97.94,96.75,95.58,94.41,93.19,92.46,92.32,92.59,92.62,92.00,91.04,90.16,89.75,89.55,89.44,89.51,89.82,90.30,91.23,92.61,94.22,95.77,97.55,98.61,99.10,99.14,98.48,97.17,95.25,92.85,90.51,88.83,87.47,86.44,85.78,84.40,82.84,81.28,79.98,79.56
126.81,124.03,122.75,122.81,123.63,124.57,125.56,126.45,127.08,127.13,126.66,126.68,127.41,128.28,128.39,126.44,123.36,120.30,116.93,114.07,112.24,111.92,113.34,114.84,116.73,119.20,122.52,126.47,129.56,131.78,133.36,134.97,136.54,138.12,139.82,141.68,142.48,142.57,142.41,142.34,142.34,142.44,142.55,142.62,142.71,142.89,143.10,143.33,143.54,143.73,143.50,143.08,142.74,142.63,142.66,142.63,142.37,141.73,140.41,139.04,138.25,138.76,140.25,141.69,143.17,144.73,145.85,146.79,147.47,147.94,148.39,149.20,150.32,150.66,149.30,147.50,144.53,141.30,138.58,137.42,136.98,136.36,135.76,135.68,135.45,135.22,135.03,134.85,134.57,134.28,133.97,133.65,133.33,132.97,132.67,132.47,132.41,132.58,132.98,133.33,133.42,133.02,132.64,132.28,131.90,131.48,131.03,130.60,129.95,128.92,127.82,126.49,125.13,123.82,122.58,121.35,120.41,119.63,118.85,118.21,117.62,116.45,114.75,113.49,111.65,110.31,109.66,109.59,109.53,109.48,109.45,109.46,109.37,109.13,108.80,108.55,108.70,108.96,108.98,108.71,108.18,107.77,107.37,106.84,106.22,105.77,105.44,104.70,103.62,102.43,100.81,99.96,99.62,99.48,99.33,99.28,99.28,99.28,99.34,99.64,100.84,102.90,105.54,107.43,108.44,108.61,107.79,105.86,103.35,101.67,100.88,100.76,102.22,104.42,106.81,109.27,112.20,115.90,119.99,124.29,128.59,131.44,132.31,131.15,127.74,123.56,120.13,117.82,116.56,115.30,113.88,112.40,110.99,109.88,109.38,109.00,108.60,108.20,107.81,107.51,107.22,106.85,106.28,105.69,105.12,104.66,104.36,103.99,103.64,103.29,102.92,102.41,101.81,101.14,100.35,99.26,98.10,96.90,95.71,94.53,93.31,92.23,91.68,91.66,91.67,91.09,90.24,89.45,89.02,88.78,88.71,88.85,89.24,89.76,90.51,91.83,93.56,95.31,97.10,98.02,98.50,98.77,98.08,97.08,95.53,93.42,91.27,89.66,88.73,88.19,87.52,85.97,84.08,82.08,80.34,79.68
124.68,121.86,120.61,120.64,121.24,121.96,122.65,123.39,124.17,124.62,124.43,124.64,125.54,126.71,127.54,125.97,122.98,119.94,116.29,113.02,110.99,110.68,111.74,113.35,115.41,117.84,120.76,124.67,128.31,131.12,132.85,134.51,136.12,137.70,139.30,140.91,141.72,141.69,141.37,141.35,141.48,141.63,141.72,141.73,141.82,142.02,142.35,142.77,143.21,143.69,143.74,143.56,143.40,143.40,143.53,143.47,143.22,143.09,142.90,142.60,142.34,142.51,144.15,145.66,146.96,148.10,149.01,149.85,150.42,150.79,151.20,151.76,152.13,152.01,151.18,149.90,147.64,144.85,142.02,139.99,138.61,137.54,136.85,136.71,136.33,136.08,135.89,135.66,135.37,135.06,134.75,134.44,134.12,133.77,133.44,133.16,132.97,133.03,133.38,133.55,133.31,132.63,132.10,131.67,131.27,130.84,130.24,129.52,128.54,127.24,125.86,124.46,123.13,121.92,120.94,120.02,119.14,118.27,117.38,116.55,115.76,114.47,112.77,111.65,110.35,109.71,109.58,109.50,109.40,109.31,109.25,109.18,109.08,108.90,108.75,108.80,109.30,109.96,110.20,109.84,108.93,108.53,108.37,108.08,107.62,107.34,107.22,106.72,105.75,104.33,102.61,101.22,100.22,99.61,99.32,99.14,99.01,98.94,98.98,99.24,99.80,100.83,102.51,103.88,104.62,104.66,103.91,102.31,100.45,99.43,99.35,100.08,101.70,103.90,106.27,108.59,111.04,114.82,119.13,123.69,128.37,130.97,130.53,127.82,123.70,119.72,118.00,116.96,115.79,114.61,113.27,111.88,110.61,109.72,109.28,108.91,108.53,108.18,107.84,107.58,107.26,106.81,106.22,105.60,104.99,104.44,104.03,103.69,103.42,103.18,102.90,102.52,102.05,101.44,100.61,99.47,98.30,97.09,95.89,94.69,93.41,92.12,91.28,90.97,90.88,90.27,89.51,88.81,88.38,88.09,88.08,88.33,88.80,89.32,90.09,91.39,93.11,94.87,96.53,97.40,97.91,98.29,97.69,96.89,95.70,94.12,92.47,90.88,90.08,89.66,88.78,86.99,84.89,82.75,80.85,79.86
122.47,120.10,119.01,118.88,119.19,119.60,119.99,120.52,121.33,122.07,122.27,122.72,123.75,125.28,126.72,125.52,122.66,119.60,115.89,112.15,109.90,109.66,110.13,111.87,114.09,116.51,119.19,122.81,126.82,130.16,132.15,133.86,135.46,136.96,138.35,139.63,140.56,140.52,140.17,140.37,140.65,140.75,140.77,140.79,140.89,141.12,141.49,141.94,142.38,142.99,143.40,143.64,143.78,143.91,144.10,143.83,143.34,143.78,143.82,143.81,143.78,143.93,146.09,148.22,149.67,150.36,150.94,151.64,152.20,152.62,153.00,153.41,152.55,151.79,152.10,151.26,150.27,148.91,146.78,143.45,140.66,138.84,137.91,137.69,137.28,136.98,136.73,136.43,136.13,135.81,135.50,135.19,134.88,134.57,134.26,133.93,133.62,133.52,133.76,133.67,133.07,132.31,131.62,131.11,130.67,130.09,129.21,127.97,126.60,125.22,123.84,122.49,121.23,120.20,119.68,119.26,118.48,117.48,116.49,115.45,114.41,113.33,112.25,111.32,110.27,109.74,109.60,109.52,109.38,109.29,109.19,109.07,109.06,109.05,109.19,109.55,110.16,111.17,111.65,111.19,109.81,109.52,109.59,109.57,109.41,109.33,109.24,108.93,108.14,106.60,105.39,103.54,101.54,100.05,99.50,99.17,98.89,98.65,98.59,98.78,99.06,99.43,99.92,100.36,100.66,100.63,100.16,99.43,98.59,98.33,98.74,99.80,101.42,103.41,105.54,107.64,109.60,113.13,117.13,121.44,126.55,129.28,127.75,123.81,119.91,118.17,117.11,116.09,114.98,113.82,112.59,111.35,110.24,109.58,109.21,108.85,108.50,108.20,107.95,107.70,107.28,106.70,106.14,105.54,104.92,104.31,103.75,103.33,103.05,102.78,102.49,102.23,101.97,101.52,100.79,99.71,98.50,97.30,96.09,94.83,93.47,92.09,91.07,90.51,90.22,89.55,88.81,88.18,87.73,87.43,87.54,87.94,88.53,89.04,89.97,91.30,92.88,94.47,95.88,96.74,97.31,97.70,97.31,96.61,95.74,94.79,93.78,92.22,91.27,90.63,89.44,87.47,85.35,83.32,81.53,80.13
121.24,119.16,117.94,117.50,117.79,118.16,118.49,118.90,119.45,119.93,120.24,120.92,122.12,123.70,125.54,124.85,122.33,119.20,115.25,111.64,109.41,108.94,109.34,110.42,112.47,115.20,118.07,121.47,125.38,128.98,131.54,133.18,134.06,134.86,135.88,137.11,137.86,137.98,138.05,138.73,139.17,139.31,139.36,139.44,139.66,140.12,140.63,141.16,141.73,142.28,142.60,142.92,143.46,144.04,143.83,143.17,142.51,142.62,142.38,142.09,141.83,141.94,143.98,146.91,149.27,150.38,150.79,151.10,151.39,151.68,152.02,152.36,151.89,151.56,152.08,151.82,151.33,150.53,149.28,147.48,144.63,141.41,138.95,138.48,138.10,137.79,137.50,137.19,136.88,136.57,136.26,135.95,135.64,135.34,135.03,134.71,134.39,134.16,133.97,133.54,132.82,132.05,131.26,130.65,129.97,128.78,127.49,126.07,124.64,123.25,121.88,120.86,120.04,119.41,119.03,118.59,117.76,116.72,115.70,114.63,113.55,112.53,111.63,110.97,110.32,109.93,109.76,109.68,109.58,109.52,109.46,109.38,109.42,109.50,109.93,110.70,111.59,112.70,113.53,113.24,111.54,111.84,112.27,112.95,113.80,114.05,113.88,113.13,111.85,110.19,108.80,107.09,104.73,101.85,100.02,99.39,99.06,98.72,98.41,98.19,98.26,98.50,98.74,98.87,98.97,98.91,98.62,98.14,97.53,97.62,98.42,99.63,100.92,101.96,103.24,105.18,107.61,111.06,114.81,118.71,122.99,126.21,124.96,121.48,118.91,117.67,116.61,115.51,114.38,113.22,112.08,110.94,109.97,109.53,109.20,108.87,108.56,108.30,108.07,107.73,107.23,106.62,106.03,105.42,104.80,104.18,103.57,103.04,102.66,102.36,102.11,101.87,101.64,101.32,100.81,99.88,98.69,97.41,96.10,94.76,93.38,91.98,90.91,90.22,89.68,88.91,88.17,87.53,87.07,86.91,87.31,87.99,88.71,89.30,90.23,91.55,93.07,94.44,95.35,96.04,96.65,97.11,96.94,96.29,95.48,94.65,93.80,92.59,91.41,90.27,88.99,87.69,85.94,84.08,82.35,80.73
120.37,118.42,116.97,116.20,116.52,116.87,117.17,117.47,117.77,117.96,118.33,119.18,120.52,122.11,124.20,124.12,122.17,119.11,114.98,111.44,109.17,108.43,108.64,109.23,110.97,113.73,117.00,120.27,124.04,127.72,130.52,131.95,132.28,132.53,133.17,134.33,134.94,135.20,135.60,136.54,137.11,137.37,137.49,137.61,137.95,138.61,139.45,140.34,141.13,141.73,142.13,142.62,143.38,143.86,143.24,142.31,141.49,141.00,140.32,139.70,139.31,139.50,141.08,144.02,146.70,148.16,148.52,148.57,148.61,148.75,149.03,149.35,149.43,149.79,150.77,151.46,151.46,151.05,150.49,149.99,147.41,143.53,140.13,139.22,138.81,138.48,138.16,137.83,137.50,137.16,136.81,136.47,136.14,135.80,135.45,135.11,134.80,134.57,134.08,133.39,132.58,131.77,130.91,130.05,128.94,127.24,125.66,124.13,122.72,121.47,120.34,119.65,119.19,118.83,118.47,117.92,117.01,115.96,114.95,113.93,112.97,112.10,111.36,110.90,110.51,110.22,110.04,109.96,109.94,109.94,109.92,109.91,110.12,110.35,110.96,111.97,113.11,114.28,115.36,115.43,114.10,114.93,115.65,116.64,117.85,118.19,117.99,117.14,115.78,114.11,112.44,110.75,108.36,105.03,102.15,100.42,99.47,98.96,98.47,97.91,97.71,97.75,97.78,97.79,97.76,97.67,97.47,97.11,96.61,96.91,97.92,99.10,100.03,100.33,100.90,102.54,105.19,108.63,112.30,115.97,119.61,123.15,122.79,120.42,118.82,117.67,116.54,115.41,114.28,113.05,111.86,110.73,109.84,109.53,109.22,108.93,108.66,108.42,108.15,107.70,107.14,106.53,105.93,105.31,104.70,104.08,103.46,102.84,102.35,101.99,101.72,101.49,101.24,101.02,100.69,99.90,98.73,97.42,96.05,94.67,93.27,91.88,90.77,89.96,89.22,88.35,87.55,86.84,86.36,86.51,87.22,88.11,88.95,89.63,90.55,91.80,93.17,94.20,94.77,95.34,95.96,96.49,96.58,95.98,95.18,94.35,93.50,92.50,91.13,89.58,88.18,87.27,86.02,84.55,83.02,81.48
119.75,117.77,116.03,114.93,115.24,115.54,115.77,115.95,116.11,116.16,116.58,117.52,118.94,120.53,122.70,123.34,122.30,119.56,115.39,111.61,109.11,108.14,107.87,108.47,109.77,112.02,115.84,119.09,122.82,126.37,128.82,129.84,130.17,130.29,130.59,131.56,132.17,132.50,132.89,133.68,134.35,134.78,135.01,135.15,135.53,136.33,137.77,139.45,140.55,141.45,142.32,143.20,143.85,143.31,142.39,141.42,140.42,139.19,137.98,137.17,136.91,137.35,138.19,139.84,141.64,143.03,143.51,143.55,143.49,143.50,143.69,144.03,144.44,145.48,147.60,149.70,150.46,150.50,150.22,149.79,147.59,144.47,141.50,139.92,139.37,139.00,138.62,138.24,137.86,137.44,137.00,136.57,136.19,135.75,135.31,134.91,134.60,134.58,134.07,133.28,132.38,131.47,130.55,129.18,127.41,125.50,123.84,122.24,120.90,120.00,119.45,119.01,118.64,118.31,117.90,117.21,116.26,115.21,114.23,113.35,112.72,112.18,111.68,111.28,110.90,110.63,110.48,110.37,110.52,110.58,110.58,110.68,111.23,111.71,112.36,113.33,114.60,115.84,116.97,117.64,117.69,118.75,119.59,120.16,120.47,120.48,120.34,120.13,119.56,118.08,116.23,114.15,112.11,109.96,106.70,102.75,100.28,99.45,98.86,98.21,97.65,97.18,96.81,96.75,96.65,96.50,96.30,95.99,95.69,96.08,97.02,97.95,98.61,98.72,99.00,100.11,102.25,105.74,109.57,113.37,117.04,120.51,121.60,120.84,119.31,118.18,117.05,115.98,114.93,113.53,112.11,110.84,109.92,109.60,109.29,109.03,108.79,108.53,108.17,107.63,107.02,106.41,105.86,105.25,104.63,104.01,103.40,102.78,102.19,101.69,101.35,101.11,100.82,100.63,100.38,99.67,98.53,97.28,95.97,94.58,93.19,91.81,90.63,89.69,88.84,87.88,86.95,86.11,85.59,86.27,87.22,88.20,89.14,89.92,90.82,91.94,93.01,93.53,94.05,94.65,95.27,95.85,96.24,95.69,94.88,94.05,93.07,91.97,90.51,88.81,87.16,85.92,85.22,84.46,83.38,82.34
118.85,116.96,115.14,113.81,113.76,113.95,114.13,114.25,114.31,114.34,114.94,116.03,117.45,119.03,120.95,122.33,122.33,119.94,115.90,111.89,109.16,107.97,107.08,107.69,108.84,110.62,113.85,117.43,121.27,124.63,126.80,127.98,128.84,129.26,129.43,129.99,130.28,130.44,130.69,131.21,131.68,132.15,132.50,132.72,133.14,134.24,135.97,138.07,140.09,141.26,142.35,143.31,143.71,142.82,141.75,140.53,139.08,137.36,135.71,134.69,134.45,135.08,135.77,136.85,137.97,138.85,139.25,139.27,139.19,139.15,139.19,139.32,139.68,140.60,142.36,144.30,146.29,147.60,147.84,146.94,145.53,143.76,141.79,139.97,139.25,138.79,138.37,137.94,137.56,137.11,136.67,136.24,135.81,135.35,134.99,134.74,134.63,134.68,134.11,133.26,132.33,131.35,130.25,128.31,125.92,123.91,122.09,120.73,119.73,119.08,118.74,118.44,118.11,117.75,117.31,116.51,115.62,114.79,114.08,113.46,112.95,112.49,112.05,111.70,111.39,111.17,111.02,110.91,111.13,111.38,111.53,111.65,112.09,112.86,113.69,114.58,115.71,117.06,118.46,119.46,119.75,120.35,120.77,120.97,121.00,121.05,121.08,121.04,120.77,120.00,118.71,116.82,114.85,112.94,110.25,106.90,103.78,101.27,99.60,98.83,98.22,97.66,97.22,96.88,96.57,96.24,95.87,95.41,94.97,95.18,95.87,96.55,97.11,97.28,97.63,98.65,100.33,103.24,106.67,110.26,113.89,117.46,119.66,120.30,119.43,118.62,117.61,116.60,115.56,114.13,112.69,111.32,110.21,109.70,109.39,109.15,108.90,108.59,108.14,107.56,106.94,106.33,105.75,105.13,104.52,103.90,103.28,102.67,102.05,101.49,101.06,100.74,100.43,100.05,99.56,98.86,97.81,96.61,95.35,94.03,92.68,91.42,90.30,89.30,88.33,87.33,86.38,85.55,85.16,86.01,87.05,88.08,89.07,90.00,90.90,91.72,92.39,92.79,93.34,93.95,94.58,95.22,95.80,95.37,94.54,93.58,92.50,91.42,90.00,88.27,86.46,84.83,83.99,83.40,82.79,82.33
117.73,116.01,114.22,112.75,112.28,112.28,112.40,112.48,112.48,112.50,113.30,114.53,115.97,117.46,119.16,121.09,122.03,120.27,116.55,112.29,109.26,107.86,106.45,106.90,107.94,109.34,111.76,115.66,119.68,122.89,124.78,126.22,127.60,128.44,128.69,128.88,128.82,128.76,128.83,129.13,129.36,129.71,130.09,130.43,130.86,132.16,134.07,136.54,139.50,141.00,142.22,143.21,143.50,142.53,141.38,139.84,137.84,135.53,133.48,132.20,131.85,132.53,133.33,134.19,134.88,135.32,135.62,135.61,135.54,135.47,135.37,135.23,135.47,136.17,137.39,138.85,141.63,143.87,144.55,143.40,142.77,142.25,141.30,139.57,138.80,138.31,137.87,137.45,137.05,136.60,136.18,135.77,135.33,134.93,134.71,134.65,134.72,134.77,134.13,133.22,132.28,131.25,129.93,127.43,124.50,122.38,120.55,119.48,118.81,118.32,118.07,117.83,117.53,117.16,116.73,115.88,115.11,114.51,114.04,113.62,113.16,112.71,112.34,112.13,111.92,111.74,111.58,111.49,111.74,112.15,112.47,112.60,112.85,113.83,114.84,115.73,116.74,118.14,119.67,120.78,120.98,121.06,121.02,120.94,120.90,121.03,121.24,121.23,121.12,121.05,120.44,119.01,117.18,115.21,113.17,110.90,107.58,103.62,100.80,99.75,99.08,98.49,98.07,97.50,97.02,96.53,95.98,95.36,94.67,94.43,94.65,95.12,95.62,95.91,96.45,97.58,98.94,101.20,104.10,107.41,110.85,114.39,117.34,119.04,118.92,118.58,117.93,117.16,116.20,114.78,113.39,111.94,110.62,109.83,109.50,109.26,108.99,108.62,108.08,107.48,106.86,106.25,105.64,105.03,104.41,103.79,103.17,102.55,101.94,101.34,100.82,100.41,100.00,99.39,98.61,97.87,96.91,95.78,94.58,93.36,92.10,90.99,89.95,88.93,87.85,86.83,85.85,85.05,84.77,85.66,86.73,87.78,88.80,89.85,90.74,91.30,91.64,92.04,92.63,93.26,93.91,94.59,95.27,95.01,94.21,93.13,92.02,91.02,89.71,88.01,85.94,83.88,82.67,82.03,81.80,81.80
116.13,114.73,113.19,111.78,110.97,110.66,110.62,110.64,110.64,110.67,111.54,112.92,114.43,115.63,117.44,119.39,120.79,120.50,117.56,112.95,109.40,107.80,106.34,106.09,106.82,108.19,110.12,113.99,118.26,121.53,123.10,124.51,125.90,127.15,128.01,128.06,127.86,127.65,127.62,127.90,128.04,127.98,128.09,128.50,128.88,129.90,131.99,134.99,138.37,140.43,141.81,142.93,143.62,142.86,141.67,139.82,137.16,133.81,131.31,129.65,128.86,129.19,130.40,131.44,132.28,132.94,133.25,133.21,133.13,133.09,132.91,132.47,132.75,133.73,135.22,136.64,138.31,139.68,140.37,140.13,139.93,139.78,139.34,138.32,137.94,137.62,137.31,136.99,136.55,136.09,135.67,135.28,134.91,134.76,134.74,134.76,134.78,134.79,134.06,133.08,132.08,131.03,129.44,126.54,123.20,120.91,119.54,118.68,118.04,117.56,117.31,117.07,116.79,116.48,116.17,115.54,114.92,114.36,113.84,113.33,112.81,112.43,112.31,112.50,112.45,112.31,112.16,112.06,112.31,112.73,113.10,113.34,113.55,114.36,115.50,116.72,117.84,119.06,120.13,120.86,121.05,121.03,120.96,120.86,120.76,120.79,120.99,121.13,121.21,121.27,120.98,120.40,119.17,117.11,114.98,112.70,109.80,106.36,103.17,101.38,100.22,99.44,99.04,98.55,98.12,97.69,97.16,96.47,95.45,94.25,93.43,93.84,94.26,94.62,95.38,96.81,98.31,100.22,102.75,105.76,108.71,111.70,114.52,116.47,116.78,117.09,117.45,117.46,116.83,115.53,114.15,112.64,111.14,110.00,109.63,109.36,109.01,108.56,107.97,107.36,106.73,106.13,105.57,104.96,104.34,103.72,103.11,102.49,101.87,101.26,100.68,100.15,99.42,98.57,97.70,96.87,95.95,94.93,93.87,92.81,91.74,90.71,89.69,88.68,87.59,86.53,85.47,84.57,84.20,85.04,86.06,87.10,88.16,89.17,90.01,90.57,90.93,91.29,91.92,92.59,93.26,93.90,94.58,94.54,93.92,92.91,91.94,91.08,90.03,88.39,85.74,83.14,81.42,80.56,80.40,80.41
114.47,113.24,111.94,110.68,109.87,109.45,109.25,109.17,109.18,109.24,110.11,111.43,112.74,113.48,115.16,117.38,119.44,120.16,117.84,113.58,110.01,108.08,106.52,105.43,105.73,107.11,108.87,111.97,116.38,120.16,121.98,123.38,124.76,126.15,127.19,127.03,126.77,126.52,126.36,126.34,126.27,126.02,126.06,126.54,127.03,128.36,130.66,133.79,137.36,139.64,141.12,142.27,143.18,143.17,142.02,140.00,137.08,133.10,129.78,127.23,125.53,125.16,126.66,128.31,129.59,130.40,131.00,130.96,130.90,130.90,130.66,130.08,130.53,131.78,133.37,134.81,135.94,136.77,137.26,137.41,137.40,137.38,137.23,136.78,136.64,136.55,136.44,136.28,136.01,135.61,135.26,134.98,134.78,134.75,134.77,134.81,134.81,134.63,133.87,132.91,131.93,130.82,128.91,125.68,122.07,119.68,118.61,117.90,117.28,116.78,116.41,116.07,115.72,115.42,115.32,115.03,114.46,113.81,113.24,112.69,112.15,111.90,112.03,112.35,112.51,112.58,112.60,112.60,112.81,113.01,113.23,113.40,113.15,113.50,114.55,116.05,117.51,119.38,120.46,120.91,121.06,120.98,120.88,120.50,119.85,119.42,119.70,120.27,120.85,121.13,121.09,120.87,120.17,118.68,116.46,114.12,111.54,108.67,105.75,103.74,102.27,101.24,100.68,100.07,99.48,98.91,98.31,97.48,95.97,94.13,92.70,92.77,93.06,93.49,94.45,96.15,97.86,99.58,101.88,104.68,107.22,109.57,111.95,113.83,114.57,115.44,116.41,116.92,116.74,116.13,114.85,113.32,111.76,110.39,109.79,109.43,109.04,108.50,107.89,107.27,106.65,106.04,105.47,104.86,104.23,103.62,103.00,102.38,101.77,101.14,100.53,99.91,99.05,98.14,97.25,96.36,95.44,94.51,93.53,92.50,91.49,90.46,89.44,88.42,87.34,86.29,85.22,84.23,83.67,84.30,85.25,86.26,87.25,88.13,88.90,89.52,90.03,90.55,91.21,91.89,92.54,93.20,93.89,94.13,93.72,92.80,91.97,91.19,90.35,88.93,86.29,83.42,81.12,79.83,79.62,79.59
112.87,111.75,110.60,109.55,108.85,108.43,108.13,107.95,107.94,108.02,108.89,110.03,110.98,111.26,112.68,115.22,117.96,119.38,117.65,114.15,110.84,108.53,106.82,104.94,104.75,106.08,107.82,109.94,114.22,118.60,121.19,122.66,124.05,125.38,126.27,125.86,125.57,125.33,125.06,124.66,124.28,123.94,123.98,124.54,125.32,127.28,129.88,132.93,136.43,138.67,140.18,141.34,142.34,143.18,142.27,140.28,137.33,133.08,128.97,125.33,122.49,121.34,122.84,125.09,126.84,127.76,128.77,128.79,128.76,128.80,128.55,128.01,128.75,130.25,131.83,133.26,134.23,134.78,135.02,135.20,135.23,135.23,135.21,135.17,135.19,135.33,135.44,135.43,135.39,135.08,134.82,134.71,134.69,134.66,134.65,134.66,134.63,134.23,133.50,132.64,131.69,130.53,128.19,124.65,120.91,118.49,117.54,116.90,116.38,115.94,115.39,114.92,114.46,114.15,114.29,114.40,113.89,113.10,112.47,111.89,111.37,111.27,111.62,111.94,112.29,112.61,112.87,113.01,113.13,113.05,113.05,113.12,112.28,112.04,112.82,114.39,116.17,118.91,120.34,120.80,121.00,120.86,120.62,119.81,118.41,117.29,117.59,118.64,119.83,120.51,120.82,120.78,120.55,119.86,117.66,115.30,112.95,110.60,108.24,106.32,104.75,103.57,102.85,102.02,101.17,100.36,99.53,98.45,96.32,93.94,92.14,91.82,91.95,92.45,93.57,95.46,97.32,98.93,101.14,103.84,106.02,107.79,109.63,111.30,112.45,113.77,115.07,115.90,116.17,116.44,115.43,113.97,112.40,110.89,109.98,109.49,109.04,108.43,107.81,107.19,106.58,105.96,105.34,104.73,104.11,103.50,102.88,102.25,101.64,101.02,100.39,99.68,98.81,97.92,97.05,96.13,95.20,94.32,93.38,92.33,91.32,90.26,89.21,88.19,87.11,86.08,85.03,83.98,83.19,83.50,84.33,85.28,86.15,86.88,87.57,88.27,88.97,89.75,90.52,91.20,91.85,92.54,93.24,93.72,93.55,92.78,92.08,91.33,90.64,89.53,87.25,84.27,81.41,79.62,79.25,79.13
111.78,110.64,109.53,108.48,107.69,107.29,107.08,106.90,106.74,106.82,107.76,108.70,109.28,109.53,110.70,113.15,116.06,118.02,117.16,114.49,111.51,108.94,106.96,104.91,104.27,105.07,106.84,108.69,111.97,116.27,120.58,122.37,123.83,124.87,125.18,124.56,124.17,123.96,123.76,123.33,122.50,121.92,121.85,122.48,123.95,126.58,129.59,132.69,135.63,137.42,138.83,140.09,141.13,141.89,141.93,140.57,137.65,133.68,129.91,125.52,121.63,120.17,120.61,122.28,123.91,125.07,126.34,126.67,126.72,126.73,126.61,126.53,127.77,129.56,131.07,132.31,133.30,133.85,133.95,133.97,133.97,133.97,133.97,134.00,134.19,134.38,134.51,134.55,134.54,134.23,134.05,134.07,134.09,133.92,133.82,133.73,133.55,133.12,132.52,131.82,130.99,129.80,126.61,122.74,119.20,116.88,115.66,114.96,114.77,114.91,114.20,113.66,113.17,112.86,113.18,113.65,113.43,112.74,111.93,111.17,110.77,110.80,111.19,111.55,111.89,112.27,112.64,112.84,112.74,112.60,112.75,113.00,112.07,111.27,111.36,112.30,113.65,116.26,118.47,119.96,120.62,120.38,119.62,118.29,116.42,114.51,114.28,115.31,116.94,118.48,119.89,120.45,120.49,120.03,118.35,116.21,114.03,111.94,109.89,108.13,106.96,106.23,105.70,104.80,103.80,102.65,101.27,99.58,96.60,93.42,91.09,90.83,90.85,91.41,92.61,94.44,96.02,97.45,99.78,102.70,104.53,106.19,107.81,109.41,110.94,112.34,113.72,114.72,115.26,115.73,115.56,114.55,112.99,111.47,110.22,109.49,108.93,108.31,107.69,107.08,106.45,105.84,105.22,104.60,103.98,103.36,102.75,102.13,101.51,100.89,100.25,99.50,98.65,97.77,96.86,95.93,95.05,94.16,93.23,92.25,91.25,90.19,89.11,88.05,86.97,85.91,84.87,83.83,82.91,82.71,83.26,84.04,84.79,85.49,86.19,86.91,87.71,88.67,89.84,90.70,91.38,92.08,92.82,93.23,93.23,92.85,92.25,91.56,90.90,90.01,88.28,85.29,82.09,79.93,79.24,78.84
110.73,109.62,108.52,107.47,106.56,106.07,105.89,105.75,105.54,105.64,106.51,107.27,107.73,108.34,109.53,111.77,114.57,116.89,116.79,114.64,111.86,109.19,107.02,104.91,103.77,103.97,105.75,107.57,110.01,114.09,119.65,121.81,123.35,124.16,124.08,123.31,122.79,122.59,122.52,122.22,121.18,120.42,120.22,120.86,122.75,125.95,129.32,132.31,134.44,135.73,137.03,138.32,139.35,140.00,140.21,139.22,136.96,134.21,131.05,126.73,122.39,119.90,119.38,120.23,121.42,122.55,123.93,124.53,124.69,124.66,124.71,125.31,127.12,129.21,130.69,131.75,132.59,132.99,132.95,132.88,132.87,132.87,132.88,132.94,133.24,133.47,133.61,133.64,133.54,133.22,132.96,132.86,132.84,132.59,132.46,132.37,132.18,131.83,131.31,130.66,129.87,128.73,125.40,121.62,118.18,115.54,113.75,113.04,113.18,113.72,113.22,112.60,111.97,111.59,112.07,112.74,112.87,112.42,111.50,110.65,110.22,110.30,110.82,111.28,111.68,112.11,112.48,112.50,112.22,112.18,112.52,112.90,111.94,110.86,110.34,110.52,111.35,113.36,115.89,118.09,119.16,119.28,118.28,116.61,114.45,112.19,111.44,112.11,113.66,115.51,117.62,118.95,119.59,119.57,118.73,117.15,115.30,113.40,111.52,109.91,109.04,108.64,108.30,107.50,106.31,104.77,102.87,100.62,96.45,92.65,90.29,90.11,90.08,90.48,91.36,92.64,93.80,95.33,97.93,101.06,102.91,104.51,106.10,107.86,109.84,111.37,112.66,113.58,114.16,114.72,115.11,114.67,113.48,111.98,110.61,109.68,108.99,108.37,107.72,107.11,106.47,105.83,105.22,104.60,103.97,103.33,102.71,102.07,101.45,100.81,100.12,99.35,98.50,97.59,96.67,95.75,94.89,93.98,93.06,92.13,91.15,90.11,89.03,87.95,86.87,85.77,84.69,83.58,82.52,81.96,82.17,82.74,83.44,84.11,84.82,85.59,86.51,87.74,89.23,90.27,91.03,91.72,92.34,92.69,92.81,92.70,92.19,91.59,91.01,90.30,88.94,85.97,82.69,80.30,79.25,78.60
109.67,108.62,107.57,106.49,105.48,104.82,104.57,104.45,104.33,104.47,105.14,105.78,106.44,107.70,109.17,111.14,113.61,116.10,116.54,114.60,111.91,109.29,107.05,104.86,103.22,102.78,104.55,106.42,108.37,112.20,118.32,120.91,122.54,123.26,123.04,122.17,121.50,121.28,121.35,121.29,120.30,119.44,119.13,119.74,121.72,125.34,128.92,131.62,132.84,133.65,134.81,136.05,137.01,137.66,137.19,136.19,135.13,134.34,132.02,128.62,124.50,120.35,119.06,119.01,119.47,120.32,121.61,122.40,122.66,122.64,122.85,124.25,126.65,129.03,130.56,131.49,131.97,132.06,131.90,131.81,131.79,131.79,131.81,131.93,132.27,132.60,132.78,132.73,132.45,132.08,131.59,131.13,130.93,130.68,130.58,130.57,130.52,130.34,129.84,129.14,128.31,127.31,124.69,121.46,118.03,114.61,112.00,111.33,111.72,112.42,112.46,111.72,110.87,110.43,111.02,111.76,112.22,112.09,111.19,110.33,109.65,109.71,110.51,111.14,111.69,112.19,112.42,112.04,111.67,111.85,112.39,112.77,111.80,110.72,109.75,109.16,109.54,110.64,112.95,115.36,116.71,117.61,116.68,114.87,112.68,110.51,109.32,109.37,110.33,111.86,114.07,116.19,117.75,118.47,118.67,117.96,116.68,115.03,113.23,111.74,111.00,110.72,110.47,109.89,108.49,106.54,104.22,101.52,96.03,91.83,89.84,89.69,89.65,89.70,89.88,90.26,90.89,92.71,95.54,98.75,101.02,102.68,104.43,106.54,108.98,110.73,111.85,112.52,112.92,113.52,114.11,114.31,113.84,112.43,111.16,110.09,109.25,108.61,107.93,107.29,106.63,105.96,105.33,104.71,104.04,103.38,102.74,102.06,101.42,100.73,99.97,99.20,98.31,97.39,96.47,95.56,94.70,93.79,92.87,91.94,91.01,90.01,88.95,87.86,86.77,85.62,84.43,83.19,81.99,81.27,81.13,81.45,82.09,82.73,83.48,84.35,85.45,87.04,88.69,89.91,90.78,91.39,91.77,92.09,92.31,92.32,91.87,91.39,90.95,90.33,89.01,86.09,82.98,80.57,79.19,78.35
108.69,107.63,106.56,105.48,104.45,103.73,103.34,103.12,103.04,103.26,103.84,104.80,106.09,107.57,109.07,110.98,113.28,115.55,116.16,114.46,111.95,109.42,107.19,104.81,102.70,101.73,103.26,104.93,107.02,110.76,116.47,120.08,121.82,122.56,122.52,121.54,120.59,120.17,120.17,120.27,119.55,118.66,118.40,119.23,121.08,124.46,127.67,130.01,131.11,131.65,132.56,133.68,134.69,135.43,134.66,133.43,132.41,132.06,131.31,129.33,126.03,121.77,119.53,118.62,118.46,118.92,119.86,120.58,120.93,121.00,121.20,122.94,125.52,128.16,130.15,130.91,131.16,131.14,130.97,130.85,130.75,130.71,130.76,130.97,131.36,131.81,132.02,131.87,131.45,130.98,130.31,129.49,128.77,128.24,128.06,128.06,128.04,127.89,127.53,126.92,126.12,125.31,123.95,121.73,118.58,114.53,111.15,110.27,110.68,111.37,111.37,110.61,109.97,109.84,110.46,111.18,111.66,111.62,110.86,110.06,108.89,108.82,110.09,111.06,111.83,112.11,111.95,111.49,111.14,111.55,112.28,112.67,111.59,110.45,109.32,108.50,108.74,109.60,111.54,113.68,115.11,116.13,115.20,113.52,111.65,109.68,108.16,107.78,108.33,109.38,110.80,112.68,114.67,116.27,116.72,116.91,116.95,116.48,114.86,113.38,112.63,112.31,111.97,111.14,109.82,107.81,105.11,102.17,96.96,92.41,89.73,89.50,89.26,89.19,89.24,89.38,89.70,90.66,92.31,94.69,97.75,100.44,102.65,104.74,107.07,109.29,110.66,111.39,111.76,112.33,113.08,113.71,113.83,112.91,111.72,110.55,109.58,108.86,108.13,107.45,106.74,106.01,105.31,104.64,103.93,103.21,102.54,101.81,101.09,100.36,99.59,98.81,97.94,97.09,96.24,95.36,94.46,93.58,92.68,91.76,90.87,89.82,88.69,87.51,86.30,85.09,83.84,82.56,81.39,80.75,80.46,80.45,80.75,81.43,82.27,83.41,84.88,86.63,88.33,89.63,90.48,90.88,91.16,91.46,91.74,91.86,91.53,91.09,90.63,89.70,87.58,84.56,81.80,79.82,78.74,77.86
107.65,106.60,105.54,104.47,103.42,102.67,102.13,101.78,101.71,102.05,102.69,103.99,105.83,107.48,109.02,110.94,113.13,115.11,115.69,114.15,111.81,109.32,106.89,104.35,102.04,100.76,101.88,103.31,105.69,109.41,114.53,119.08,121.05,121.89,122.05,121.08,119.94,119.19,118.91,118.99,118.53,117.78,117.70,118.77,120.50,123.52,126.32,128.37,129.51,129.88,130.56,131.53,132.52,133.31,132.43,131.05,129.90,129.55,129.98,129.40,127.17,123.21,120.16,118.59,117.90,117.86,118.45,119.03,119.42,119.59,119.77,121.50,124.11,126.91,129.19,130.03,130.12,129.95,129.72,129.50,129.29,129.24,129.39,129.82,130.44,131.03,131.29,130.98,130.12,129.41,128.64,127.70,126.59,125.76,125.40,125.31,125.27,125.13,124.90,124.44,123.78,123.18,122.74,121.37,118.66,114.40,110.59,109.45,109.74,110.33,110.18,109.47,109.17,109.50,110.16,110.79,111.14,111.07,110.47,109.64,108.14,107.85,109.23,110.71,111.63,111.71,111.28,110.87,110.63,111.24,112.09,112.43,111.31,110.10,108.88,107.98,108.18,109.03,110.61,112.36,113.77,114.81,113.96,112.49,110.94,109.15,107.38,106.53,106.59,107.23,107.92,109.41,111.47,113.54,114.30,115.19,116.23,116.89,116.00,114.88,114.18,113.73,113.14,112.07,110.82,108.86,106.07,103.07,98.69,94.00,90.39,89.54,89.09,88.91,88.84,88.84,88.98,89.21,89.80,91.23,94.32,97.77,100.39,102.49,104.70,107.26,109.06,110.07,110.52,111.16,112.03,112.92,113.52,113.23,112.14,110.89,109.82,109.03,108.26,107.52,106.77,106.00,105.22,104.50,103.76,103.01,102.29,101.52,100.75,99.97,99.18,98.37,97.55,96.73,95.93,95.07,94.19,93.32,92.45,91.55,90.69,89.56,88.33,87.05,85.72,84.47,83.19,81.91,80.78,80.22,79.83,79.55,79.57,80.27,81.12,82.43,84.12,85.90,87.60,88.83,89.57,89.91,90.45,90.85,91.17,91.36,91.17,90.76,90.05,88.59,85.76,82.70,80.37,78.84,77.97,77.11
106.52,105.51,104.49,103.45,102.41,101.60,100.92,100.44,100.35,100.87,101.78,103.28,105.27,107.24,108.96,110.94,113.06,114.84,115.14,113.56,111.30,108.78,105.66,103.13,101.12,99.94,100.39,101.59,104.28,108.03,112.62,117.78,120.14,121.17,121.47,120.72,119.63,118.39,117.46,117.23,116.95,116.61,116.90,118.12,119.85,122.60,125.13,127.05,128.23,128.57,129.07,129.82,130.67,131.32,130.60,129.37,128.19,127.65,128.19,128.69,127.79,124.26,120.77,118.93,117.80,117.06,117.46,117.90,118.22,118.42,118.67,119.94,122.44,125.20,127.29,128.67,128.68,128.25,127.78,127.37,127.01,126.99,127.39,128.31,129.46,130.27,130.56,130.00,128.12,126.90,126.18,125.55,124.47,123.44,122.74,122.38,122.30,122.16,122.03,121.80,121.41,121.05,120.61,119.56,117.45,113.82,110.23,108.86,108.81,109.18,108.94,108.36,108.50,109.33,110.11,110.60,110.66,110.44,109.97,108.94,107.53,106.84,107.56,109.76,110.69,110.74,110.41,110.13,110.16,110.93,111.74,111.91,110.89,109.64,108.38,107.46,107.63,108.65,109.95,111.29,112.56,113.75,113.13,111.88,110.52,108.86,106.96,105.46,104.77,105.26,105.72,106.96,108.58,110.21,111.75,112.92,114.09,115.30,116.20,116.17,115.72,115.00,113.97,112.88,111.53,109.72,107.33,104.53,101.38,96.97,92.38,89.98,89.28,88.93,88.59,88.30,88.41,88.68,89.07,89.75,91.22,94.44,97.25,99.57,101.89,104.42,106.82,108.41,109.11,110.03,110.95,111.88,112.73,113.23,112.27,110.99,109.87,109.04,108.26,107.44,106.65,105.86,105.03,104.31,103.57,102.80,102.04,101.27,100.50,99.69,98.84,97.95,97.14,96.33,95.49,94.64,93.84,93.00,92.16,91.29,90.44,89.20,87.83,86.47,85.10,83.84,82.55,81.28,80.20,79.60,79.09,78.73,78.73,79.33,80.04,81.23,82.81,84.40,86.03,86.96,87.47,88.09,89.57,90.28,90.64,90.82,90.76,90.38,89.08,86.87,83.86,80.94,79.12,77.85,76.80,76.00
105.42,104.39,103.36,102.36,101.39,100.65,100.08,99.67,99.53,100.02,101.02,102.58,104.61,106.73,108.77,110.88,112.99,114.63,114.48,112.87,110.61,107.91,104.52,101.90,100.27,99.52,99.65,100.36,102.47,106.01,110.86,115.70,118.87,120.43,120.66,120.15,119.05,117.61,116.42,116.08,115.80,115.70,116.27,117.71,119.43,121.69,123.75,125.40,126.66,127.27,127.74,128.22,128.70,129.19,128.94,128.05,126.78,125.81,126.25,127.04,127.13,125.30,121.85,119.58,118.05,116.95,116.57,116.75,117.01,117.33,118.01,119.22,121.25,123.48,125.28,126.80,127.03,126.54,125.74,125.07,124.66,124.73,125.33,126.59,127.99,128.20,127.42,125.91,124.36,123.81,123.64,123.33,122.36,121.36,120.68,120.19,119.79,119.61,119.51,119.40,119.31,119.43,119.05,117.52,115.10,112.26,109.44,108.03,107.60,107.69,107.46,107.53,108.14,109.09,109.86,110.18,110.02,109.54,108.80,107.79,106.93,106.19,106.16,108.22,108.74,108.34,107.60,107.18,108.36,110.10,111.38,111.52,110.47,109.13,107.75,106.77,107.19,108.40,109.74,111.04,112.30,113.54,112.95,111.73,110.43,108.83,106.93,104.87,103.33,103.35,103.66,104.73,106.16,107.70,109.39,110.98,112.46,113.80,114.90,115.40,115.43,115.19,114.68,113.51,112.14,110.62,108.81,106.48,103.72,100.05,95.77,91.88,89.97,89.22,88.80,88.34,88.11,88.16,88.45,88.98,89.85,91.98,94.56,97.20,99.75,102.33,104.89,106.60,107.38,108.66,109.98,111.11,112.03,112.68,112.14,111.04,109.92,109.08,108.27,107.45,106.64,105.84,105.03,104.25,103.46,102.66,101.88,101.07,100.26,99.42,98.53,97.65,96.79,95.94,95.09,94.25,93.47,92.64,91.79,90.94,90.04,88.77,87.38,85.99,84.60,83.25,81.92,80.66,79.56,78.86,78.28,77.89,77.87,78.52,79.20,80.12,81.30,82.68,83.91,84.48,84.74,85.24,86.78,88.13,89.25,90.03,89.95,89.47,87.91,85.54,82.78,80.26,78.64,77.37,76.19,75.44
104.33,103.28,102.23,101.25,100.41,99.78,99.37,99.08,98.92,99.37,100.35,101.96,104.06,106.27,108.62,110.85,112.90,114.34,113.72,112.08,109.78,106.82,103.30,100.78,99.55,99.22,99.17,99.46,100.78,103.98,109.31,113.62,117.41,119.50,119.81,119.41,118.28,116.79,115.55,115.14,114.81,114.92,115.76,117.38,119.05,120.84,122.43,123.82,125.12,125.94,126.34,126.52,126.66,127.00,127.20,126.73,125.51,124.09,124.17,124.97,125.92,126.10,122.95,120.30,118.44,117.15,116.02,115.81,115.91,116.29,117.40,118.68,120.25,121.88,123.41,124.91,125.39,124.91,123.79,122.86,122.38,122.53,123.33,124.80,126.25,125.70,123.80,121.46,120.55,120.78,121.15,121.15,120.39,119.53,118.94,118.35,117.60,117.29,117.17,117.13,117.28,117.87,117.63,115.65,112.84,110.67,108.70,107.31,106.51,106.24,106.06,106.77,107.75,108.70,109.43,109.64,109.27,108.48,107.42,106.47,106.30,105.74,105.08,106.52,106.37,105.39,104.22,103.68,105.71,108.52,110.55,110.87,109.86,108.50,107.03,106.04,106.81,108.25,109.70,111.06,112.35,113.58,112.98,111.76,110.47,108.87,106.88,104.31,102.04,101.60,101.74,102.58,103.86,105.44,107.14,109.14,110.94,112.32,113.19,113.94,114.42,114.79,115.02,114.00,112.71,111.46,110.19,108.45,105.95,103.04,99.44,94.63,91.37,89.87,89.16,88.59,88.00,87.73,87.90,88.41,89.08,90.10,92.28,95.09,97.82,100.47,103.03,104.76,105.68,107.30,109.04,110.41,111.38,111.99,111.93,111.06,109.98,109.13,108.29,107.49,106.68,105.86,105.06,104.24,103.39,102.55,101.75,100.89,100.04,99.15,98.24,97.37,96.46,95.57,94.72,93.87,93.08,92.25,91.41,90.55,89.59,88.30,86.91,85.52,84.12,82.68,81.31,80.05,78.95,78.10,77.46,77.02,76.95,77.64,78.32,78.96,79.69,80.74,81.47,81.68,81.67,81.93,83.22,84.99,86.85,88.27,88.28,87.89,86.50,84.34,81.95,79.83,78.29,76.92,75.65,75.00
103.23,102.20,101.13,100.18,99.56,99.04,98.71,98.48,98.42,99.00,99.91,101.61,104.00,106.35,108.73,110.92,112.74,113.71,112.64,111.03,108.64,105.27,101.73,100.03,99.25,98.88,98.75,99.08,99.86,102.72,108.36,112.38,115.61,117.95,119.03,118.25,117.12,115.86,114.78,114.21,113.86,114.35,115.48,117.03,118.56,120.12,121.56,122.88,124.05,124.46,124.45,124.38,124.49,124.75,125.02,125.02,124.40,122.69,121.75,122.40,124.27,126.06,123.58,120.92,118.94,117.66,116.55,115.67,115.17,115.30,116.52,117.86,119.29,120.73,122.10,123.52,124.02,123.54,122.33,121.15,120.39,120.55,121.51,123.02,124.11,123.18,121.25,119.32,118.59,118.70,119.01,119.16,118.86,118.33,117.65,116.86,115.98,115.29,115.03,115.01,115.27,115.94,116.06,114.62,112.25,110.12,108.54,107.24,106.16,105.38,105.20,105.91,106.88,107.86,108.68,108.98,108.33,107.21,106.09,105.10,105.54,105.57,104.84,104.95,103.70,102.18,101.00,100.73,101.56,104.88,108.04,109.11,108.58,107.47,106.13,105.34,106.61,108.25,109.76,111.11,112.35,113.53,113.03,111.91,110.62,108.86,106.27,103.29,100.87,100.29,100.17,100.49,101.40,103.03,105.08,107.25,109.26,110.86,111.76,112.46,113.01,113.56,114.15,114.20,113.22,112.03,111.00,109.95,108.20,105.66,102.47,98.74,94.64,91.43,89.52,88.91,88.23,87.62,87.45,87.79,88.42,89.28,90.92,93.22,95.93,98.57,101.09,103.01,104.35,106.22,108.07,109.60,110.75,111.44,111.69,111.03,110.03,109.14,108.34,107.52,106.71,105.91,105.08,104.28,103.41,102.52,101.62,100.72,99.81,98.90,97.97,97.06,96.14,95.25,94.39,93.49,92.65,91.85,91.03,90.14,89.05,87.73,86.34,84.95,83.56,82.15,80.80,79.56,78.47,77.45,76.66,76.05,75.82,76.45,77.02,77.50,77.94,78.33,78.51,78.40,78.18,78.18,79.13,80.31,81.84,83.41,84.04,84.63,84.40,83.21,81.06,79.06,77.48,76.02,74.74,74.40
102.11,101.16,100.23,99.44,98.88,98.38,98.04,97.88,98.01,98.73,99.60,101.36,103.94,106.44,108.86,111.02,112.58,112.89,111.54,109.53,106.86,103.59,100.63,99.47,98.90,98.50,98.46,98.92,99.52,102.27,108.07,111.76,114.56,116.87,118.13,116.98,115.81,114.65,113.70,113.21,112.91,113.58,114.84,116.37,117.87,119.37,120.78,122.03,122.90,123.05,122.77,122.45,122.34,122.46,122.73,123.04,122.93,121.41,120.13,120.85,123.16,125.52,124.04,121.63,119.51,118.03,116.73,115.43,114.47,114.26,115.48,116.62,117.83,119.19,120.73,122.10,122.53,122.14,121.11,119.89,118.98,119.15,120.14,121.40,122.10,121.17,119.50,117.86,116.91,116.80,117.02,117.27,117.30,116.99,116.27,115.35,114.43,113.55,113.02,112.89,113.23,114.10,114.78,113.82,111.77,109.85,108.45,107.19,105.97,104.92,104.47,105.08,106.02,106.97,107.81,108.17,107.33,105.92,104.67,103.73,104.98,106.17,106.31,105.62,102.66,100.41,99.38,99.21,99.59,102.53,105.64,107.08,107.07,106.16,105.16,104.84,106.33,108.04,109.61,111.00,112.19,113.33,113.10,112.19,110.96,109.33,106.29,102.83,100.09,99.40,98.91,99.00,99.70,101.11,103.06,105.32,107.40,109.08,110.22,111.03,111.69,112.39,113.19,113.79,113.45,112.64,111.71,110.91,109.65,107.44,104.59,101.60,97.92,94.08,91.01,89.34,88.50,87.71,87.21,87.20,87.82,88.61,89.80,91.54,93.96,96.58,99.10,101.20,102.89,104.79,106.75,108.56,110.04,110.91,111.38,110.93,110.06,109.18,108.36,107.55,106.72,105.88,105.01,104.17,103.28,102.35,101.42,100.49,99.57,98.64,97.72,96.79,95.86,94.96,94.07,93.15,92.26,91.43,90.59,89.64,88.47,87.15,85.77,84.38,82.99,81.60,80.31,79.20,78.37,77.55,76.76,75.96,75.25,75.08,75.37,75.72,75.91,75.75,75.27,74.72,74.27,74.11,74.66,75.38,76.63,78.39,80.00,81.53,82.08,81.49,79.76,78.03,76.41,74.91,73.80,73.87
101.01,100.19,99.50,98.91,98.31,97.76,97.38,97.30,97.67,98.52,99.39,101.15,103.82,106.49,108.97,111.11,112.38,111.97,110.39,107.79,104.79,101.90,99.90,99.05,98.48,98.09,98.28,98.88,99.56,102.41,108.28,111.61,114.10,116.15,117.18,115.71,114.44,113.28,112.42,112.18,111.96,112.66,113.93,115.47,117.00,118.54,119.99,121.17,121.68,121.72,121.32,120.79,120.42,120.40,120.64,121.07,121.26,120.15,119.11,120.09,122.50,124.71,124.35,122.34,120.13,118.38,116.77,115.21,113.83,113.19,114.23,115.03,115.98,117.36,119.19,120.55,120.98,120.76,120.05,118.94,118.00,118.11,118.95,119.84,120.24,119.60,118.37,116.88,115.48,115.03,115.11,115.41,115.66,115.56,114.85,113.88,112.95,112.03,111.20,110.88,111.29,112.38,113.65,113.12,111.36,109.75,108.39,107.14,105.90,104.71,103.84,104.27,105.13,106.04,106.84,107.29,106.30,104.63,103.23,102.44,104.51,107.12,108.65,107.56,102.84,99.82,98.88,98.60,99.07,101.10,103.40,104.89,105.34,104.67,104.18,104.52,106.05,107.73,109.33,110.75,111.89,113.00,113.17,112.57,111.42,110.08,106.81,102.87,99.71,98.86,97.97,97.95,98.52,99.55,101.16,103.38,105.43,107.10,108.58,109.62,110.47,111.31,112.20,112.97,113.39,113.16,112.25,111.39,110.39,108.50,105.96,103.41,100.82,97.14,93.12,89.86,88.77,87.94,87.16,86.72,87.22,87.95,88.82,90.04,91.99,94.53,97.03,99.27,101.21,103.04,105.10,107.22,109.09,110.26,110.96,110.75,110.06,109.21,108.36,107.55,106.70,105.78,104.86,103.95,103.02,102.09,101.17,100.24,99.31,98.39,97.46,96.53,95.61,94.69,93.76,92.83,91.91,91.03,90.11,89.06,87.84,86.55,85.20,83.82,82.45,81.11,79.94,79.06,78.60,78.16,77.45,76.44,75.14,73.84,73.69,73.80,73.72,73.17,72.15,71.24,70.63,70.42,70.59,70.98,71.97,73.75,76.25,78.52,79.47,79.16,77.95,76.62,75.09,73.78,73.14,73.66
100.08,99.48,98.91,98.35,97.74,97.19,96.77,96.83,97.58,98.40,99.29,100.96,103.50,106.28,108.95,111.02,111.95,111.06,109.08,106.33,103.33,100.67,99.44,98.69,98.00,97.60,98.19,98.88,99.82,103.00,108.99,111.91,114.09,115.75,116.33,114.71,113.20,111.99,111.25,111.22,111.14,111.76,112.93,114.46,115.96,117.46,118.89,120.06,120.49,120.49,120.22,119.90,119.71,119.74,119.91,120.11,119.97,118.77,118.54,119.96,122.27,124.13,124.39,122.81,120.80,119.07,117.38,115.57,113.61,112.11,112.33,112.91,113.95,115.41,117.13,118.44,119.50,119.72,119.02,118.13,117.33,116.97,117.21,118.13,118.67,118.64,117.90,116.37,114.66,113.50,113.19,113.48,113.89,114.22,113.67,112.68,111.72,110.78,109.91,109.55,109.91,110.92,112.23,112.29,111.22,109.72,108.38,107.13,105.85,104.53,103.35,103.41,104.06,104.92,105.72,106.53,105.37,103.34,101.95,101.51,103.89,107.24,109.75,108.49,103.84,100.45,98.82,98.03,98.36,99.72,101.34,102.64,103.16,103.12,103.49,104.52,106.07,107.70,109.11,110.31,111.38,112.50,113.19,112.95,111.84,110.72,107.65,103.61,100.08,98.78,97.62,97.18,97.43,98.38,99.78,101.63,103.48,105.23,106.93,108.20,109.31,110.36,111.30,112.09,112.84,112.87,112.03,111.13,110.19,108.53,106.31,104.07,101.84,98.63,94.52,90.35,89.02,88.24,87.45,86.71,86.50,87.10,87.92,88.92,90.34,92.40,94.71,96.94,98.96,100.81,102.82,104.95,107.05,108.93,110.23,110.44,109.96,109.15,108.25,107.38,106.48,105.55,104.63,103.70,102.77,101.84,100.91,99.99,99.06,98.13,97.21,96.28,95.36,94.43,93.50,92.57,91.65,90.67,89.61,88.44,87.22,85.96,84.63,83.27,82.05,81.02,80.16,79.56,79.32,79.00,78.13,76.89,75.42,73.95,72.98,72.24,71.62,71.09,70.62,70.24,70.00,69.92,69.96,70.10,70.47,71.30,72.96,75.08,75.93,75.61,74.67,73.87,73.23,73.19,73.95,74.95
99.30,98.82,98.33,97.78,97.17,96.62,96.20,96.36,97.33,98.19,99.10,100.72,103.17,106.03,108.84,110.82,111.47,110.24,107.82,104.95,102.11,99.82,98.96,98.22,97.54,97.31,98.19,98.96,100.36,103.86,109.58,112.04,113.98,115.30,115.48,113.78,112.12,110.90,110.27,110.28,110.32,110.83,111.87,113.37,114.85,116.31,117.72,118.91,119.53,119.59,119.44,119.29,119.26,119.27,119.21,119.04,118.57,117.51,117.78,119.49,121.73,123.38,124.22,123.18,121.47,119.77,117.95,115.75,113.31,111.23,110.76,111.06,111.99,113.34,114.96,116.42,118.20,119.01,118.54,117.67,116.86,116.07,115.72,116.33,116.97,117.42,117.18,115.88,113.88,112.14,111.44,111.65,112.15,112.75,112.48,111.63,110.60,109.67,108.80,108.52,109.02,109.96,111.07,111.39,110.80,109.41,108.04,106.73,105.40,104.03,102.74,102.50,102.92,103.69,104.55,105.76,104.66,102.45,100.86,100.44,102.41,105.74,108.81,108.18,104.28,100.91,98.80,97.66,97.63,98.57,99.86,101.03,101.60,102.17,103.16,104.54,106.02,107.59,108.89,110.05,111.28,112.64,113.71,113.75,112.67,111.43,108.59,104.65,100.89,98.99,97.63,96.62,96.39,97.27,98.62,100.25,101.98,103.74,105.49,106.72,108.16,109.61,110.66,111.50,112.33,112.42,111.63,110.71,109.59,107.97,106.00,103.97,101.95,98.89,95.00,91.12,89.59,88.76,87.95,87.06,86.29,86.35,86.99,87.89,88.95,90.53,92.42,94.41,96.39,98.26,100.15,102.11,104.21,106.50,108.34,109.29,109.24,108.29,107.60,106.95,106.16,105.24,104.31,103.41,102.49,101.58,100.71,99.77,98.82,97.88,96.96,96.03,95.10,94.18,93.23,92.24,91.29,90.19,89.03,87.88,86.75,85.63,84.45,83.25,82.24,81.68,81.27,80.97,80.78,80.07,78.78,77.30,75.82,74.44,72.78,71.33,70.31,69.96,69.90,69.90,69.90,69.90,69.90,69.90,69.90,70.06,70.82,72.22,72.77,72.51,71.95,71.68,72.03,73.15,74.94,76.45
98.66,98.19,97.72,97.21,96.60,96.05,95.66,95.86,96.85,97.83,98.78,100.40,102.84,105.75,108.63,110.50,110.96,109.47,106.64,103.59,101.05,99.35,98.40,97.55,97.11,97.28,98.25,99.17,101.21,104.96,109.94,111.90,113.65,114.74,114.62,112.92,111.23,110.09,109.50,109.39,109.48,109.88,110.77,112.19,113.70,115.12,116.48,117.77,118.86,119.06,118.95,118.85,118.86,118.72,118.23,117.63,116.98,116.36,116.70,118.46,120.72,122.35,123.77,123.41,122.12,120.43,118.41,115.72,112.93,110.65,109.75,109.70,110.21,111.22,112.81,114.66,117.11,118.67,118.71,117.66,116.60,115.53,114.69,114.53,115.07,115.76,116.02,115.31,113.11,111.01,109.99,110.01,110.53,111.12,111.22,110.70,109.61,108.67,107.80,107.74,108.60,109.55,110.26,110.43,109.97,108.74,107.25,105.83,104.45,103.10,101.95,101.55,101.75,102.40,103.37,104.93,104.21,102.10,100.09,99.17,99.98,102.42,105.57,106.46,103.80,100.88,98.71,97.50,96.89,97.70,99.05,100.24,100.94,102.04,103.30,104.59,105.94,107.40,108.80,110.26,111.93,113.69,114.90,115.03,113.96,112.25,109.59,105.94,102.12,99.47,97.95,96.27,95.41,96.19,97.64,99.30,101.01,102.71,104.28,105.11,106.89,108.98,110.34,111.29,111.95,111.92,111.13,110.23,108.69,106.89,105.02,103.13,101.22,98.01,94.74,92.47,90.90,89.75,88.75,87.78,86.75,85.86,86.06,86.90,87.82,89.01,90.23,91.73,93.57,95.38,97.07,98.75,100.58,102.81,105.01,107.02,107.65,106.43,106.22,106.16,105.70,104.81,103.94,103.09,102.20,101.34,100.57,99.60,98.61,97.65,96.75,95.84,94.92,94.01,93.04,91.92,90.89,89.64,88.43,87.49,86.59,85.69,84.78,83.91,83.21,83.24,83.39,83.44,83.08,81.50,79.57,77.82,76.45,75.25,73.16,71.20,69.97,69.91,69.90,69.90,69.90,69.90,69.90,69.90,69.90,69.93,70.06,70.29,70.39,70.34,70.28,70.51,71.76,73.62,75.80,77.85
98.08,97.57,97.06,96.55,96.02,95.48,95.13,95.34,96.35,97.36,98.46,100.05,102.30,105.29,108.28,110.13,110.32,108.27,105.06,102.08,99.89,98.63,97.68,96.78,96.70,97.37,98.37,99.35,102.09,106.07,110.15,111.80,113.39,114.25,113.94,112.42,110.93,109.87,109.22,108.86,108.80,109.19,109.98,111.13,112.52,113.85,115.19,116.53,117.77,118.43,118.40,118.08,117.75,117.31,116.67,115.99,115.34,114.79,115.37,117.29,119.65,121.34,122.73,123.17,122.65,121.24,119.58,117.10,113.76,110.52,109.26,108.90,109.19,110.00,111.42,113.45,116.24,118.33,118.93,117.85,116.72,115.63,114.47,113.32,113.47,114.00,114.50,114.52,113.11,110.94,109.48,109.01,109.31,109.73,109.92,109.66,108.83,107.91,107.01,106.92,107.73,108.59,109.19,109.39,109.08,108.02,106.46,104.94,103.50,102.20,101.29,100.84,100.80,101.16,102.07,103.59,103.71,102.49,100.44,98.85,98.45,99.79,102.39,103.70,102.43,100.37,98.42,97.09,96.19,96.94,98.36,99.69,100.74,102.46,104.21,105.75,107.03,108.36,110.39,112.74,114.78,115.97,116.54,116.19,114.83,112.96,110.64,107.30,103.39,99.97,98.06,96.04,94.83,95.33,96.79,98.42,100.17,101.73,102.43,102.67,104.13,106.81,109.94,111.02,111.60,111.52,110.72,109.73,107.91,105.91,103.95,102.01,99.82,98.20,97.20,96.65,95.84,93.20,90.50,88.55,87.41,86.35,85.77,85.83,86.66,87.63,88.59,89.70,90.99,92.27,93.75,95.36,97.05,98.85,100.84,103.13,104.47,104.16,104.16,104.20,104.05,103.77,103.61,103.09,102.32,101.43,100.52,99.60,98.62,97.76,97.09,96.41,95.71,94.97,94.11,92.95,91.74,90.26,88.96,88.15,87.31,86.39,85.60,85.10,85.08,85.49,85.85,86.01,85.81,84.45,82.40,80.45,78.98,77.59,74.81,71.91,69.90,69.90,69.90,69.90,69.90,69.90,69.90,69.90,69.90,69.90,69.90,69.90,69.90,69.90,69.93,70.12,71.39,73.44,75.96,78.42
97.53,96.99,96.45,95.93,95.44,94.91,94.59,94.84,95.87,96.93,98.18,99.68,101.70,104.75,107.74,109.35,109.10,106.55,103.18,100.53,98.78,97.80,96.89,96.14,96.43,97.51,98.56,99.76,103.07,107.14,110.39,111.82,113.22,113.88,113.45,112.17,110.91,109.90,109.09,108.48,108.21,108.64,109.38,110.31,111.58,112.84,114.14,115.48,116.73,117.79,117.75,117.14,116.46,115.78,115.10,114.44,113.80,113.25,113.84,115.78,118.24,120.16,121.58,122.64,122.81,121.88,120.67,118.50,114.63,110.40,108.91,108.22,108.39,109.13,110.39,112.51,115.46,117.99,119.16,118.10,116.97,115.74,114.20,112.33,112.03,112.24,112.75,113.33,113.08,111.22,109.50,108.52,108.40,108.41,108.54,108.49,107.96,107.16,106.27,106.09,106.74,107.45,108.04,108.34,108.20,107.27,105.67,104.08,102.57,101.30,100.57,100.08,99.84,99.99,100.83,102.22,103.13,102.88,100.99,99.00,97.45,97.64,99.53,100.84,100.57,99.31,97.71,96.41,95.58,96.39,97.88,99.42,101.16,103.47,105.61,107.37,108.91,110.52,113.05,115.97,118.27,118.63,118.19,117.07,115.30,113.30,111.33,108.37,104.53,100.56,98.09,95.71,94.22,94.47,95.79,97.25,98.91,100.27,100.18,99.95,101.13,104.45,109.56,110.76,111.25,111.17,110.40,109.35,107.38,105.25,103.23,101.27,99.15,99.05,99.88,100.51,100.29,96.99,92.96,89.67,88.23,87.16,85.95,85.19,85.64,86.28,87.08,87.91,88.73,89.52,90.71,92.12,93.54,94.83,96.46,98.77,100.76,101.67,102.10,102.28,102.44,102.74,103.25,103.17,102.59,101.71,100.69,99.86,98.94,98.24,97.86,97.47,97.03,96.50,95.75,94.53,93.16,91.52,90.09,89.19,88.23,87.34,86.75,86.64,87.16,87.84,88.29,88.53,88.53,87.52,85.45,83.28,81.44,79.67,76.22,72.53,69.91,69.90,69.90,69.90,69.90,69.90,69.90,69.90,69.90,69.90,69.90,69.90,69.90,69.90,69.91,69.96,70.89,72.80,75.66,78.71
97.01,96.48,95.94,95.41,94.88,94.33,94.05,94.35,95.46,96.69,97.95,99.31,101.14,104.14,106.76,107.58,106.53,103.80,100.83,99.03,97.83,96.85,96.03,95.88,96.52,97.66,98.89,100.78,104.30,108.08,110.76,112.08,113.25,113.73,113.32,112.27,111.26,110.13,109.03,108.22,107.76,108.28,109.11,109.99,111.21,112.45,113.70,114.94,116.12,117.21,116.92,115.99,115.16,114.50,113.87,113.21,112.56,112.03,111.99,113.53,116.06,118.54,120.59,121.68,122.15,122.05,121.08,119.06,114.83,110.04,108.59,107.51,107.67,108.56,109.81,111.84,114.80,117.69,119.40,118.36,117.31,115.54,113.34,111.50,110.82,110.56,110.66,111.31,112.52,111.70,110.22,108.85,107.97,107.08,106.96,107.06,106.78,106.26,105.52,105.28,105.70,106.28,106.88,107.32,107.34,106.49,104.92,103.28,101.71,100.36,99.66,99.03,98.75,98.98,99.80,101.06,102.40,102.79,101.37,99.68,97.17,96.26,97.44,98.33,98.10,97.22,96.10,95.20,95.13,96.27,97.86,99.74,102.76,105.56,107.67,109.45,111.98,114.85,117.27,119.65,121.97,121.47,119.56,117.33,115.07,112.81,111.14,108.68,105.26,101.31,98.06,95.05,93.27,93.44,94.35,95.33,96.55,97.59,97.40,97.06,98.43,102.60,109.28,110.54,110.92,110.88,110.27,109.28,107.39,105.37,103.42,101.62,100.68,100.81,101.41,101.84,101.34,100.11,96.54,91.65,89.34,88.11,86.87,85.68,84.99,84.93,85.52,86.31,87.07,87.79,88.50,89.23,89.98,90.81,92.12,94.27,96.72,98.95,100.47,101.15,101.61,102.14,102.83,103.27,103.00,102.25,101.33,100.64,99.91,99.42,99.29,99.20,99.06,98.71,97.99,96.64,95.20,93.61,91.99,90.44,89.09,88.49,88.42,88.70,89.19,89.96,90.53,90.90,90.93,89.93,87.83,85.24,82.57,80.16,76.23,72.45,69.97,69.91,69.90,69.90,69.90,69.90,69.90,69.90,69.90,69.90,69.90,69.90,69.90,69.90,69.90,69.91,70.12,71.48,74.63,78.82
96.46,95.93,95.39,94.85,94.31,93.77,93.46,93.81,95.02,96.35,97.64,98.95,100.60,103.13,104.93,104.86,103.44,101.34,99.30,97.97,96.92,96.00,95.44,95.87,96.84,98.02,99.36,101.96,105.79,109.19,110.97,112.16,113.03,113.27,112.85,112.14,111.48,110.30,108.90,107.85,107.07,107.62,108.59,109.57,110.75,111.95,113.17,114.40,115.58,116.67,116.32,115.27,114.30,113.46,112.68,111.97,111.36,110.91,110.72,111.52,113.28,115.94,118.95,120.64,121.53,121.77,120.80,118.11,113.79,109.45,108.04,106.78,106.87,107.76,108.94,110.57,113.68,117.05,119.34,118.61,117.24,114.99,112.49,110.73,109.81,109.38,109.38,109.96,111.23,111.44,110.75,109.56,108.39,107.08,106.27,105.86,105.63,105.16,104.56,104.44,104.94,105.65,106.46,107.19,107.56,107.02,105.34,103.64,101.82,99.98,99.19,98.27,97.72,97.81,98.76,100.01,101.45,102.23,101.52,100.12,97.20,95.44,95.58,95.82,95.49,94.86,94.44,94.92,95.67,96.95,98.56,100.74,104.50,107.72,109.41,110.22,112.19,114.53,116.43,118.00,119.21,118.95,117.77,116.25,114.41,111.92,109.55,107.27,104.73,101.40,97.74,94.27,92.13,92.01,92.39,92.85,93.55,94.33,94.73,95.98,98.39,102.83,109.13,110.34,110.59,110.54,110.12,109.31,107.99,106.38,104.68,103.16,102.51,102.58,102.91,103.09,102.60,101.94,99.33,95.03,91.55,89.39,87.88,86.64,85.60,84.97,84.77,84.92,85.40,86.07,86.64,87.19,87.75,88.41,89.38,90.83,92.78,95.27,97.86,99.78,100.91,101.49,102.16,102.93,103.47,103.54,102.94,102.39,102.11,102.04,102.10,102.17,102.06,101.59,100.63,99.05,97.39,95.70,93.93,92.18,91.20,90.97,91.29,91.84,92.03,92.44,92.67,92.49,91.60,89.97,87.24,84.18,81.20,78.36,75.42,73.47,72.65,72.54,72.27,72.28,72.06,71.20,70.36,70.01,69.90,69.90,69.90,69.90,69.90,69.90,69.90,69.90,69.90,70.78,73.55,78.80
95.91,95.38,94.83,94.29,93.75,93.20,92.86,93.20,94.50,95.87,97.20,98.52,99.98,101.83,102.73,102.01,100.51,99.24,98.16,97.09,96.05,95.20,95.05,95.98,97.20,98.43,99.91,103.24,107.26,110.21,111.15,112.17,112.71,112.67,112.21,111.81,111.47,110.35,108.82,107.53,106.41,106.85,107.92,109.05,110.25,111.43,112.63,113.86,115.08,116.19,115.83,114.74,113.66,112.59,111.63,110.84,110.25,109.87,109.74,109.83,110.66,113.14,116.93,119.50,120.93,121.25,120.11,116.42,112.21,108.79,107.41,106.09,106.10,106.94,108.06,109.27,112.49,116.36,119.32,118.98,117.17,114.42,111.66,109.99,108.92,108.43,108.43,108.95,109.82,110.83,110.95,110.16,108.92,107.46,106.00,104.93,104.54,104.03,103.55,103.56,104.25,105.43,106.52,107.52,108.23,108.12,106.54,104.80,102.63,100.13,99.02,97.77,96.81,96.60,97.66,98.96,100.41,101.48,101.49,100.36,97.26,94.78,93.85,93.52,93.12,92.86,93.34,95.29,96.77,98.17,99.86,102.36,106.50,110.02,111.29,111.01,111.79,112.86,113.77,114.15,113.84,114.16,114.56,114.51,113.52,110.86,107.33,104.93,103.26,100.71,96.87,93.22,90.93,90.51,90.45,90.47,90.73,91.37,92.64,95.80,99.41,103.81,108.91,109.88,109.93,109.85,109.60,109.01,108.29,107.17,105.84,104.73,104.16,104.09,104.15,104.04,103.68,103.14,101.56,98.58,94.34,91.14,89.16,87.87,86.77,85.72,84.70,84.09,84.08,84.53,84.97,85.46,86.04,86.70,87.43,88.16,89.37,91.64,94.91,98.00,99.90,100.67,101.39,102.56,104.01,105.04,104.92,104.57,104.83,105.22,105.46,105.59,105.44,104.71,103.41,101.58,99.66,97.80,95.95,94.33,94.07,94.23,94.73,95.23,94.79,94.57,94.19,93.22,91.25,88.75,85.31,81.90,79.02,76.35,75.02,75.31,76.33,76.33,75.76,75.64,75.05,73.17,71.33,70.36,69.96,69.90,69.90,69.90,69.89,69.89,69.90,69.90,69.90,70.45,72.76,78.78
95.40,94.86,94.32,93.78,93.24,92.70,92.25,92.47,93.70,95.02,96.38,97.72,99.00,100.07,100.47,100.02,99.10,98.13,97.23,96.24,95.20,94.46,94.99,96.14,97.40,98.70,100.53,104.65,108.28,110.56,111.37,112.25,112.31,111.95,111.46,111.09,110.81,110.10,108.97,107.55,106.18,106.13,106.96,108.34,109.76,111.02,112.22,113.41,114.63,115.73,115.38,114.28,113.15,112.06,111.01,110.13,109.46,109.04,108.94,109.09,109.61,111.06,114.34,118.04,120.42,120.54,118.89,114.31,110.47,108.23,106.89,105.57,105.55,106.39,107.58,108.76,111.75,115.99,119.89,119.86,117.69,114.24,110.90,109.25,108.29,107.57,107.45,108.16,109.06,109.98,110.26,109.75,108.61,107.27,105.89,104.64,103.70,103.12,102.72,102.64,103.41,105.91,107.29,108.23,108.99,109.42,108.93,107.24,104.59,101.47,99.44,97.78,96.25,95.38,96.38,97.78,99.39,100.71,101.09,100.25,96.93,93.82,92.21,92.03,91.85,92.67,94.44,96.72,98.48,100.21,102.37,105.34,109.29,112.77,114.22,113.92,113.53,113.26,111.99,110.06,108.43,108.97,110.80,112.35,112.45,109.74,104.88,101.72,100.11,98.06,94.32,91.40,89.76,89.42,89.41,89.38,89.62,90.48,92.62,96.41,100.36,104.44,108.27,108.39,108.04,107.83,107.69,107.20,106.54,105.72,104.93,104.53,104.65,104.63,104.39,103.97,103.70,103.85,102.91,100.59,97.60,94.20,91.40,89.39,88.17,87.12,86.06,85.06,84.23,83.66,83.44,83.72,84.37,85.16,86.01,86.82,87.93,89.74,92.29,94.99,97.38,99.24,100.61,102.78,104.72,106.13,106.84,106.97,107.64,108.35,108.75,108.90,108.70,107.76,106.13,104.08,101.98,99.95,98.25,97.38,97.98,98.41,98.51,97.95,96.11,94.85,93.50,91.83,89.60,86.35,82.77,79.64,77.57,77.09,77.50,78.57,79.83,80.44,79.95,79.16,77.87,75.74,73.52,71.49,70.26,69.91,69.90,69.90,69.87,69.85,69.89,69.90,69.90,70.63,73.19,78.92
94.90,94.35,93.81,93.27,92.73,92.19,91.70,91.81,92.88,94.17,95.44,96.68,97.80,98.50,98.64,98.40,97.88,97.10,96.26,95.34,94.45,94.02,95.02,96.29,97.59,99.07,101.44,106.11,109.20,110.78,111.48,112.06,111.81,111.27,110.71,110.24,109.96,109.52,108.72,107.34,105.86,105.51,106.20,107.73,109.26,110.61,111.81,112.95,114.12,115.25,114.92,113.83,112.71,111.60,110.55,109.66,108.96,108.44,108.25,108.45,108.92,109.85,112.21,116.16,119.22,119.69,117.40,112.73,109.35,107.67,106.28,104.96,104.90,105.76,107.10,108.42,111.07,115.70,120.70,121.01,118.63,114.52,110.59,109.00,107.99,107.01,106.63,107.20,108.06,108.78,109.03,108.71,107.73,106.61,105.35,104.04,102.85,102.29,101.94,101.75,102.37,105.30,107.40,108.93,109.96,110.29,110.06,108.21,105.34,102.06,99.47,97.37,95.37,93.95,94.48,95.75,97.55,99.36,100.37,99.31,95.74,92.52,90.95,90.90,90.93,92.49,95.24,98.21,100.91,103.38,105.89,108.74,112.26,115.76,117.31,116.75,115.11,113.13,110.00,106.52,104.10,104.46,107.22,109.95,110.76,107.47,101.84,97.72,95.58,94.42,91.88,89.94,88.80,88.41,88.54,88.82,89.43,90.84,94.00,97.89,101.69,104.91,106.81,106.25,105.71,105.57,105.64,105.24,104.56,103.78,103.19,103.26,103.94,104.23,104.00,103.33,102.82,103.15,103.09,102.13,100.21,97.34,94.45,92.00,90.26,88.71,87.52,86.38,85.19,84.09,83.30,82.91,83.03,83.92,84.84,85.73,86.87,88.56,90.75,93.23,95.66,97.77,99.35,101.52,103.67,105.86,108.06,108.81,109.56,110.20,110.55,110.65,110.47,109.68,108.38,106.77,104.86,102.96,101.47,100.86,101.33,100.89,99.76,97.95,95.14,93.32,91.75,89.92,87.36,83.84,81.14,79.38,78.73,79.55,80.72,81.98,83.05,83.36,82.57,81.33,79.74,77.69,75.28,72.61,70.71,69.93,69.90,69.90,69.85,69.82,69.89,69.90,69.90,70.90,73.87,79.02
94.39,93.85,93.31,92.77,92.22,91.69,91.19,91.20,92.06,93.30,94.41,95.47,96.47,97.10,97.16,97.02,96.70,96.06,95.24,94.39,93.80,93.85,95.11,96.43,97.78,99.54,102.62,107.53,109.99,110.91,111.46,111.67,111.27,110.66,110.04,109.37,109.00,108.68,108.09,106.87,105.41,104.94,105.59,107.19,108.74,110.17,111.39,112.48,113.58,114.71,114.44,113.43,112.33,111.19,110.20,109.38,108.66,108.00,107.64,107.86,108.47,109.32,110.63,114.10,117.51,118.70,115.76,111.62,108.72,107.11,105.61,104.25,104.16,105.08,106.62,108.15,110.43,115.42,121.56,122.17,119.79,115.23,110.80,109.14,107.92,106.68,105.93,106.07,106.84,107.28,107.43,107.22,106.44,105.57,104.44,103.15,101.99,101.51,101.18,100.88,101.22,103.77,106.94,109.59,111.03,110.59,109.84,107.71,104.86,101.84,99.03,96.53,94.19,92.40,92.25,93.13,94.96,97.26,99.02,97.50,93.87,91.04,90.06,90.09,90.27,92.10,95.41,99.44,103.59,107.08,109.87,112.22,115.18,118.71,120.19,119.08,116.15,112.28,107.77,103.54,100.89,100.86,103.95,107.35,108.59,104.50,98.61,93.56,90.59,90.45,89.73,88.84,88.01,87.54,87.90,88.70,90.03,92.34,96.36,99.96,103.11,105.02,104.68,103.63,103.12,103.19,103.53,103.25,102.50,101.55,100.91,101.34,102.40,103.16,103.17,102.32,101.34,101.34,102.22,103.11,102.10,100.25,97.92,95.41,92.97,90.61,89.10,87.88,86.67,85.49,84.26,82.94,82.14,82.91,83.81,84.73,85.99,87.85,90.06,92.51,94.63,96.30,97.72,99.14,101.26,104.39,108.31,109.81,110.53,110.93,111.10,111.13,111.00,110.63,110.08,109.39,107.97,106.46,105.17,104.29,103.72,101.62,98.86,95.83,92.55,90.63,89.35,87.78,85.04,81.81,80.62,80.84,81.91,83.20,84.32,85.36,85.96,85.26,83.89,82.43,80.88,79.07,76.60,73.65,71.25,69.95,69.90,69.89,69.85,69.82,69.89,69.90,69.90,71.18,74.54,79.03
93.86,93.38,92.84,92.26,91.72,91.18,90.66,90.53,91.11,92.14,93.27,94.31,95.16,95.67,95.70,95.58,95.35,94.92,94.16,93.39,93.28,94.09,95.36,96.71,98.08,100.14,104.12,108.45,110.35,110.94,111.34,111.38,110.98,110.43,109.77,108.81,107.93,107.50,107.06,106.02,104.78,104.28,104.86,106.47,108.06,109.61,110.92,112.03,113.06,114.08,113.97,113.15,112.06,110.96,109.99,109.13,108.32,107.52,107.04,107.35,108.15,108.99,110.01,113.00,116.16,117.41,114.32,110.64,108.04,106.44,104.90,103.43,103.35,104.40,106.16,107.77,109.78,114.93,121.66,122.31,120.53,116.57,112.11,109.30,107.79,106.41,105.31,104.89,105.49,105.73,105.78,105.63,104.99,104.21,103.33,102.28,101.16,100.73,100.38,100.07,100.25,102.19,106.41,110.13,111.59,109.42,107.71,105.64,103.26,100.67,97.97,95.37,92.96,91.16,90.87,91.10,91.83,93.24,94.99,94.08,91.82,90.16,89.69,89.75,89.92,91.13,94.00,99.19,104.52,108.76,111.99,114.47,117.16,120.29,121.30,119.49,115.24,110.27,105.33,101.30,99.27,99.40,101.50,104.48,106.44,103.10,97.14,92.05,89.08,88.78,88.36,87.73,87.25,87.30,88.17,89.13,91.65,95.51,98.88,101.48,103.25,103.66,102.22,100.90,100.52,100.77,101.27,101.22,100.33,99.19,98.68,100.01,101.25,102.13,102.28,101.42,100.17,99.46,100.36,102.26,102.81,101.80,100.25,98.44,96.28,93.81,91.54,89.59,88.02,86.65,85.21,83.70,82.41,81.97,82.69,83.64,85.03,87.14,89.41,91.60,93.39,94.79,96.16,97.33,99.10,101.94,105.91,108.45,110.02,110.88,111.14,111.24,111.17,110.97,110.71,110.43,109.75,108.77,107.40,105.45,103.09,100.26,97.08,93.71,90.66,88.85,87.39,86.03,84.71,83.06,82.44,83.15,85.08,86.88,87.85,88.31,88.16,86.89,85.23,83.64,82.06,80.25,77.77,74.59,71.75,69.97,69.90,69.86,69.82,69.81,69.84,69.89,69.90,71.14,74.37,78.67
93.28,92.85,92.34,91.78,91.23,90.68,90.14,89.91,90.24,91.03,92.13,93.13,93.84,94.24,94.22,94.10,93.95,93.67,93.05,92.70,93.14,94.43,95.70,97.04,98.41,100.71,105.52,109.12,110.52,110.95,111.25,111.15,110.79,110.33,109.66,108.44,107.17,106.46,105.93,105.01,104.00,103.52,104.08,105.72,107.36,109.00,110.39,111.51,112.45,113.37,113.51,112.95,111.89,110.81,109.83,108.91,107.99,107.06,106.49,106.83,107.71,108.58,109.55,112.10,114.95,116.26,113.25,109.92,107.36,105.52,103.95,102.50,102.36,103.37,105.19,106.93,109.04,114.38,121.28,121.77,119.87,116.17,112.00,109.01,107.42,105.99,104.67,103.81,104.04,104.11,104.11,104.00,103.49,102.78,102.06,101.23,100.27,99.87,99.50,99.31,99.70,101.56,106.32,110.59,112.04,108.72,105.63,103.26,101.12,98.83,96.27,93.81,91.70,90.25,89.97,89.82,89.80,90.38,91.65,91.34,90.35,89.64,89.47,89.50,89.67,90.29,92.64,98.54,104.51,109.15,112.65,115.32,117.95,120.45,120.93,118.75,113.90,108.58,103.60,99.81,98.24,98.34,99.59,102.00,104.28,102.25,96.48,91.48,88.56,87.83,87.20,86.70,86.62,87.27,88.55,90.00,93.32,97.84,100.50,102.34,102.89,102.14,100.21,98.67,98.20,98.36,98.75,98.65,97.69,96.71,96.69,98.72,100.28,101.25,101.45,100.59,98.83,97.42,98.30,101.01,102.61,102.52,101.83,100.72,99.03,96.94,94.26,91.62,89.39,87.68,86.09,84.52,82.93,81.57,81.72,82.53,83.97,86.15,88.29,90.22,91.83,93.17,94.40,95.41,96.99,99.46,102.94,106.02,108.27,109.65,110.24,110.68,110.90,110.98,110.98,110.91,110.72,110.16,108.83,106.21,102.35,99.12,95.98,92.78,90.02,88.27,86.91,86.02,85.86,85.28,84.81,85.59,87.81,89.53,90.31,90.36,89.74,88.34,86.54,84.70,82.91,81.04,78.50,75.10,71.98,69.98,69.90,69.83,69.79,69.78,69.81,69.88,69.90,70.99,73.91,78.13
92.59,92.24,91.83,91.33,90.79,90.19,89.67,89.39,89.52,90.08,91.01,91.87,92.50,92.79,92.73,92.62,92.52,92.33,91.94,92.51,93.58,94.83,96.13,97.44,98.75,101.23,106.69,109.52,110.55,110.95,111.22,110.99,110.67,110.30,109.66,108.27,106.89,105.73,104.76,103.89,103.02,102.64,103.27,104.95,106.63,108.32,109.76,110.89,111.71,112.56,113.03,112.84,111.82,110.75,109.74,108.72,107.66,106.64,106.00,106.26,107.08,107.97,109.06,111.23,113.85,115.41,112.70,109.57,106.70,104.30,102.67,101.46,101.14,101.79,103.47,105.40,108.10,113.61,120.12,120.21,117.08,113.00,109.58,108.06,106.70,105.32,103.97,102.87,102.50,102.43,102.42,102.33,101.95,101.31,100.62,99.92,99.26,98.86,98.50,98.66,99.76,102.39,106.90,110.93,112.43,109.14,104.27,100.97,98.60,96.40,93.97,91.90,90.50,89.78,89.60,89.50,89.55,89.78,90.11,90.07,89.79,89.51,89.31,89.28,89.51,89.83,91.81,97.79,103.63,108.14,111.64,114.47,117.20,118.83,118.85,116.91,112.50,107.73,102.99,99.28,97.66,97.26,98.27,100.17,102.10,101.80,96.53,91.63,88.60,87.34,86.19,85.79,86.20,87.41,88.81,91.28,94.70,98.38,100.72,102.27,102.10,100.78,98.97,97.23,96.32,95.98,95.87,95.29,94.36,94.13,95.03,97.34,99.43,100.50,100.67,99.74,97.07,95.09,96.21,99.59,101.33,102.35,102.52,101.95,100.74,99.53,97.13,94.05,90.86,88.60,86.86,85.21,83.53,81.96,81.07,81.44,82.77,84.70,86.41,88.09,89.76,91.25,92.22,93.15,94.84,97.19,99.87,102.67,105.08,106.87,108.06,109.20,110.03,110.63,110.99,110.97,110.83,110.48,109.46,107.02,102.44,99.00,96.22,93.67,91.09,89.31,88.55,88.49,88.65,87.98,87.36,87.97,89.86,90.63,91.20,91.16,90.55,89.56,87.78,85.47,83.21,81.23,78.59,74.99,71.83,69.97,69.89,69.83,69.76,69.73,69.80,69.88,69.90,70.75,73.20,77.32
91.91,91.63,91.29,90.85,90.34,89.77,89.24,88.91,88.92,89.38,90.02,90.63,91.10,91.35,91.33,91.33,91.38,91.44,91.60,92.74,94.10,95.31,96.57,97.85,99.50,102.54,108.08,109.92,110.56,110.92,111.12,110.86,110.52,110.09,109.37,107.94,106.53,105.20,104.01,103.03,102.24,101.80,102.23,103.70,105.38,107.02,108.63,110.06,111.03,111.89,112.49,112.52,111.75,110.77,109.76,108.70,107.57,106.43,105.49,105.59,106.42,107.43,108.60,110.45,112.80,114.49,112.30,109.02,105.83,103.13,101.31,100.41,100.20,100.55,101.58,103.29,106.13,109.86,113.14,112.58,110.36,109.28,108.86,107.53,105.94,104.51,103.17,102.02,101.51,101.29,101.13,100.92,100.55,100.01,99.38,98.71,98.06,97.61,97.89,98.65,100.17,103.39,107.50,111.03,112.59,110.32,105.78,101.66,98.71,96.98,95.15,93.21,91.27,89.78,89.56,89.37,89.31,89.39,89.52,89.54,89.42,89.25,89.10,89.12,89.40,89.71,91.97,98.82,103.57,107.39,110.77,113.67,115.67,116.57,117.22,116.80,112.77,107.97,103.01,99.10,97.31,96.05,96.86,98.66,100.55,100.89,96.32,91.70,88.60,87.17,85.81,85.39,85.93,87.29,88.70,90.88,93.79,97.00,99.59,101.22,101.21,99.99,98.08,96.12,94.61,93.63,93.02,92.26,91.67,91.84,93.06,95.57,97.99,98.79,98.40,96.95,93.88,92.24,93.47,96.91,99.81,101.45,102.24,102.35,101.71,100.83,99.22,96.36,92.44,89.30,87.34,85.66,83.96,82.30,80.88,80.66,81.21,82.11,82.90,83.70,85.09,87.00,88.63,90.38,92.44,94.73,97.17,99.87,102.31,104.23,105.67,107.10,108.45,109.73,110.70,110.91,110.88,110.65,110.08,108.80,106.27,102.07,98.32,95.55,92.95,91.47,90.97,91.07,91.22,89.80,89.10,89.63,91.10,91.74,92.13,91.83,91.00,90.01,88.03,85.26,82.61,80.47,77.38,73.75,71.09,69.94,69.85,69.81,69.75,69.71,69.75,69.83,69.88,70.29,71.73,75.13
91.23,91.00,90.71,90.30,89.82,89.31,88.78,88.39,88.33,88.72,89.12,89.51,89.86,90.09,90.18,90.30,90.49,90.79,91.50,93.01,94.57,95.84,97.09,98.33,100.50,104.15,109.23,110.24,110.58,110.89,111.02,110.75,110.38,109.89,109.08,107.62,106.19,104.78,103.45,102.31,101.52,100.98,101.16,102.32,103.92,105.53,107.31,109.09,110.32,111.24,111.88,112.09,111.65,110.80,109.86,108.81,107.63,106.35,105.06,104.96,105.79,106.95,108.20,109.82,111.89,113.56,111.92,108.52,104.92,101.88,100.07,99.48,99.41,99.53,99.96,101.23,103.66,105.35,105.55,104.64,103.89,105.93,108.40,107.42,105.55,103.91,102.45,101.20,100.68,100.30,99.97,99.65,99.27,98.82,98.26,97.58,96.89,96.53,97.48,98.83,100.68,104.27,108.00,111.02,112.57,111.41,108.00,103.50,100.05,98.61,97.34,95.41,92.68,90.10,89.64,89.29,89.09,89.07,89.19,89.19,89.08,88.94,88.84,88.98,89.32,89.72,92.42,100.16,103.88,107.02,110.19,112.89,113.76,113.97,115.38,116.66,113.46,108.50,103.20,99.05,97.10,95.10,95.39,96.91,98.75,99.43,95.67,91.52,88.52,87.03,85.53,85.06,85.61,86.98,88.37,90.00,92.30,95.18,98.02,99.84,100.18,99.23,97.17,95.02,93.02,91.53,90.63,89.88,89.60,90.01,91.33,93.88,96.39,96.72,95.64,93.73,90.89,89.87,91.06,94.14,98.02,100.23,101.56,102.27,102.22,101.63,100.74,98.28,93.98,89.89,87.69,86.00,84.31,82.61,80.92,80.16,79.92,79.83,79.81,79.81,80.76,82.67,84.71,87.09,89.52,91.95,94.48,97.21,99.65,101.67,103.28,104.86,106.56,108.34,109.84,110.41,110.69,110.65,110.51,110.37,109.99,105.66,101.08,97.70,95.12,94.05,93.72,93.70,93.48,91.34,90.66,91.14,92.18,92.86,92.89,92.23,91.20,90.15,87.90,84.71,81.64,79.15,75.59,72.24,70.33,69.90,69.81,69.80,69.75,69.70,69.71,69.78,69.84,69.89,70.37,72.69
90.54,90.30,90.02,89.59,89.07,88.64,88.19,87.81,87.69,87.98,88.36,88.75,89.11,89.40,89.66,89.92,90.16,90.46,91.42,93.05,94.83,96.47,97.84,99.05,101.88,105.98,109.54,110.30,110.64,110.92,110.96,110.69,110.32,109.84,109.06,107.50,105.97,104.50,103.08,101.79,100.81,100.22,100.19,100.90,102.27,103.98,105.88,107.81,109.49,110.53,111.15,111.51,111.50,110.78,110.05,109.13,107.90,106.43,104.95,104.54,105.18,106.61,107.98,109.56,111.34,112.67,111.44,108.30,104.11,100.30,99.21,98.86,98.80,98.92,99.26,99.80,100.60,101.08,101.08,100.92,101.60,104.19,107.26,108.24,106.34,104.08,102.00,100.41,99.85,99.32,98.89,98.58,98.25,97.85,97.28,96.58,96.02,96.15,97.38,99.04,101.20,104.66,108.20,110.91,112.27,111.56,109.85,106.29,102.85,100.83,99.60,97.53,94.35,91.03,89.77,89.20,88.88,88.74,88.81,88.76,88.67,88.56,88.51,88.88,89.26,89.88,92.92,100.84,104.62,107.64,110.38,112.12,111.34,110.91,112.50,114.93,114.01,109.02,103.39,99.10,97.10,95.10,93.88,94.13,95.72,96.67,93.90,90.71,88.24,86.64,85.00,84.49,85.02,86.35,87.67,89.07,91.05,93.62,96.30,98.25,98.84,98.04,95.86,93.69,91.66,90.25,89.59,89.12,88.90,89.31,90.55,92.78,94.83,94.40,92.70,90.90,89.71,89.46,90.23,92.18,95.56,98.64,100.48,101.43,101.95,102.07,101.27,99.14,95.36,90.30,87.89,86.22,84.56,82.87,81.22,80.21,79.69,79.50,79.38,79.40,79.66,80.19,81.01,82.65,85.22,88.32,91.52,94.50,97.03,99.20,101.06,102.74,104.35,105.95,107.47,108.70,109.83,110.28,110.40,110.43,110.17,108.02,104.23,99.89,97.58,96.96,96.82,96.38,94.99,92.83,92.36,92.78,93.47,94.08,93.13,91.91,90.93,90.02,87.47,83.94,80.33,76.98,73.08,70.90,70.01,69.89,69.81,69.80,69.75,69.70,69.71,69.78,69.81,69.85,70.01,70.63
89.90,89.59,89.29,88.89,88.36,87.92,87.50,87.14,87.00,87.24,87.60,88.00,88.41,88.78,89.10,89.45,89.78,90.16,91.42,93.17,95.04,96.85,98.50,100.38,103.79,107.78,109.84,110.36,110.64,110.83,110.83,110.61,110.28,109.81,109.01,107.45,105.87,104.34,102.86,101.43,100.17,99.12,98.81,99.56,100.94,102.81,104.83,106.80,108.50,109.75,110.51,110.97,111.12,110.70,110.11,109.19,107.87,106.33,104.81,103.97,104.18,105.75,107.28,108.99,110.69,111.81,110.97,108.00,103.69,99.77,99.02,98.66,98.52,98.55,98.77,99.00,99.27,99.38,99.38,99.59,100.36,102.80,106.06,108.25,107.14,105.27,102.94,100.48,99.59,98.89,98.29,97.76,97.30,96.87,96.31,95.70,95.30,95.67,97.08,98.93,101.24,104.63,107.99,110.37,111.55,111.33,110.41,107.97,105.19,102.97,101.58,99.63,96.22,92.17,89.93,89.17,88.76,88.50,88.44,88.37,88.28,88.25,88.36,88.80,89.22,89.80,92.78,100.72,104.50,107.45,109.78,110.57,108.50,108.26,110.31,113.36,113.94,109.12,103.44,99.11,97.06,94.79,92.82,92.10,92.72,93.28,91.87,89.84,87.84,86.18,84.49,83.94,84.44,85.75,87.03,88.34,89.97,92.03,94.42,96.42,97.40,96.94,94.74,92.58,90.69,89.44,88.85,88.42,88.34,88.85,89.97,91.65,93.01,92.33,90.82,89.57,88.96,89.10,89.73,91.16,94.21,97.10,99.06,100.36,101.37,102.05,101.46,99.63,96.17,90.57,88.03,86.34,84.64,82.91,81.25,80.16,79.56,79.30,79.08,78.96,78.92,78.97,79.28,80.27,82.03,84.73,88.51,91.93,94.56,96.74,98.62,100.23,101.77,103.28,104.78,106.28,107.74,108.95,109.83,110.27,110.16,109.07,106.39,102.77,100.63,99.74,99.26,98.38,96.46,94.58,94.28,94.56,94.69,94.31,92.88,91.48,90.26,88.64,85.69,82.13,78.54,75.18,71.70,70.29,69.90,69.89,69.81,69.80,69.75,69.69,69.67,69.73,69.75,69.79,69.85,69.88
89.38,88.94,88.57,88.17,87.65,87.20,86.80,86.47,86.33,86.55,86.94,87.38,87.84,88.27,88.61,89.02,89.43,89.96,91.61,93.55,95.50,97.40,99.34,102.02,105.77,109.30,110.10,110.41,110.59,110.69,110.67,110.53,110.25,109.80,108.97,107.44,105.84,104.27,102.72,101.18,99.66,98.06,97.47,98.39,99.91,101.90,103.94,105.84,107.44,108.93,109.87,110.39,110.59,110.50,109.95,108.93,107.54,106.03,104.57,103.33,103.06,104.66,106.36,108.20,109.82,110.70,109.88,107.00,103.09,99.70,99.12,98.65,98.38,98.32,98.47,98.65,98.90,99.06,99.16,99.51,99.98,102.25,105.60,108.17,108.04,107.03,104.72,101.30,99.73,98.81,98.01,97.23,96.59,96.11,95.56,95.00,94.67,95.12,96.63,98.54,100.81,103.97,107.09,109.24,110.40,110.66,110.06,108.62,106.68,104.58,103.11,101.42,97.93,93.28,90.10,89.17,88.72,88.34,88.12,88.00,87.93,88.00,88.26,88.72,89.18,89.61,92.29,99.93,103.70,106.47,108.20,107.99,105.30,105.92,108.69,112.13,113.57,109.02,103.42,99.09,96.86,94.22,91.96,90.52,90.00,89.92,89.78,88.83,87.25,85.59,83.93,83.37,83.86,85.15,86.40,87.68,89.04,90.60,92.68,94.67,96.01,95.95,93.86,91.75,90.11,89.01,88.38,87.82,87.84,88.43,89.41,90.51,91.15,90.52,89.56,88.97,88.45,88.79,89.44,90.61,93.26,95.50,97.48,99.25,100.72,101.80,101.46,99.91,96.68,90.78,88.16,86.42,84.66,82.90,81.18,80.10,79.50,79.20,78.94,78.66,78.49,78.46,78.56,79.01,79.73,81.56,85.50,89.36,92.13,94.27,96.03,97.53,99.00,100.47,101.96,103.48,105.07,107.03,108.76,109.69,109.88,109.33,107.80,105.56,103.58,102.18,101.13,99.84,97.84,96.42,96.19,96.13,95.47,93.85,92.23,90.80,89.20,86.60,83.33,79.97,76.89,74.27,71.73,70.69,70.26,70.00,69.84,69.80,69.75,69.68,69.63,69.68,69.69,69.73,69.79,69.80
89.31,88.57,87.92,87.37,86.90,86.52,86.22,85.94,85.77,86.17,86.73,87.26,87.70,88.06,88.48,88.92,89.37,90.09,92.50,94.91,97.15,99.25,101.15,103.71,106.88,109.62,110.14,110.37,110.50,110.56,110.55,110.45,110.23,109.80,108.97,107.44,105.84,104.25,102.70,101.11,99.55,97.94,97.20,97.90,99.45,101.24,102.92,104.55,106.40,108.06,109.06,109.63,109.91,109.90,109.05,107.86,106.57,105.23,103.88,102.61,102.21,103.68,105.53,107.02,108.17,108.44,106.03,103.03,100.72,99.40,99.04,98.59,98.22,98.17,98.55,98.87,99.02,99.17,99.40,99.77,101.10,104.67,108.45,109.42,109.46,109.08,107.20,103.51,100.38,99.01,98.15,97.38,96.85,96.38,95.65,94.75,94.03,94.48,95.91,97.59,99.36,101.54,104.14,106.48,108.20,108.81,108.56,107.09,105.37,104.06,103.24,101.85,98.51,93.82,90.24,89.23,88.81,88.38,87.97,87.71,87.68,87.80,88.08,88.53,89.00,89.45,91.64,97.83,101.81,103.85,104.02,102.50,101.47,104.02,108.11,112.02,113.23,108.89,103.47,98.96,96.09,93.18,90.95,89.35,88.39,88.04,88.06,87.40,86.10,84.62,83.13,82.69,83.21,84.47,85.70,86.92,88.32,89.98,91.89,93.75,95.13,95.31,93.60,91.78,90.29,89.19,88.38,87.47,87.25,87.74,88.60,89.37,89.72,89.34,88.71,88.29,88.14,88.59,89.19,90.01,91.63,93.54,95.96,98.47,100.47,101.57,101.39,100.11,97.08,91.01,88.31,86.57,84.83,83.06,81.30,80.18,79.55,79.28,79.22,79.01,78.70,78.30,77.90,78.24,78.90,80.13,82.61,86.39,89.42,91.68,93.33,94.81,96.27,97.74,99.19,100.64,102.53,104.60,106.48,107.84,108.73,108.97,108.16,106.47,104.82,103.36,101.90,100.39,98.96,98.16,97.62,96.49,94.50,92.44,90.89,89.34,87.36,84.41,81.29,78.63,76.94,76.42,75.53,73.98,72.20,70.64,69.98,69.82,69.75,69.69,69.67,69.64,69.64,69.67,69.73,69.73
89.30,88.41,87.56,86.84,86.26,85.86,85.55,85.39,85.54,86.13,86.81,87.43,87.92,88.27,88.69,89.13,89.91,91.64,94.64,97.04,99.06,100.91,102.75,105.23,107.77,109.68,110.09,110.26,110.36,110.41,110.42,110.37,110.21,109.80,108.97,107.44,105.84,104.30,102.82,101.30,99.83,98.25,97.20,97.24,98.56,99.82,101.41,103.34,105.36,107.14,107.98,108.30,108.47,108.40,107.55,106.37,105.09,103.86,102.70,101.72,101.41,102.43,103.61,104.26,104.67,104.51,102.18,99.98,98.95,98.80,98.60,98.31,98.05,98.09,98.61,99.01,99.24,99.67,100.64,102.53,104.36,107.43,110.19,110.25,110.29,110.17,108.67,105.15,100.97,99.22,98.39,97.82,97.49,97.05,96.28,95.21,94.03,93.67,94.55,95.81,97.07,98.28,100.44,102.70,104.59,105.65,105.81,104.67,103.52,103.09,102.76,101.70,98.83,94.47,90.38,89.30,88.85,88.39,87.89,87.50,87.46,87.62,87.92,88.35,88.81,89.24,90.68,94.59,98.25,99.72,99.62,99.00,100.24,104.13,108.69,112.43,113.16,109.30,104.09,99.24,95.57,92.10,89.93,88.36,87.11,86.34,86.20,85.73,84.77,83.42,82.19,81.87,82.41,83.64,84.88,86.31,88.02,89.91,91.69,93.45,94.60,94.69,93.31,91.92,90.66,89.53,88.44,87.20,86.62,86.84,87.54,88.18,88.40,88.15,87.85,87.83,88.11,88.64,89.18,89.79,90.92,93.03,95.87,98.64,100.50,101.48,101.32,100.28,97.66,91.84,89.02,87.38,85.94,84.33,82.83,81.27,80.13,79.82,79.93,79.60,79.06,78.42,77.68,77.68,78.20,79.06,80.42,83.26,86.03,88.31,90.05,91.56,93.01,94.44,95.86,97.37,99.55,101.83,103.92,105.64,106.85,107.72,107.77,106.92,105.58,104.11,102.51,101.01,99.99,99.53,98.33,96.07,93.02,90.91,89.30,87.68,85.64,82.75,80.57,79.25,78.99,79.77,79.86,78.17,75.47,72.44,70.30,69.85,69.78,69.73,69.69,69.62,69.60,69.62,69.67,69.67
89.25,88.37,87.46,86.57,85.74,85.22,84.83,84.88,85.58,86.38,87.12,87.81,88.43,88.83,89.30,89.85,91.30,94.55,97.77,99.71,101.00,102.22,104.07,106.53,108.45,109.57,109.94,110.08,110.16,110.25,110.30,110.30,110.18,109.80,108.97,107.46,105.86,104.42,103.08,101.73,100.39,98.85,97.35,96.44,97.29,97.86,99.62,102.29,104.40,106.13,106.59,106.45,106.31,106.10,105.53,104.53,103.21,102.05,101.19,100.69,100.62,100.91,100.75,100.28,99.83,99.48,98.82,98.20,97.95,97.97,97.90,97.87,97.89,98.11,98.63,99.03,99.56,100.61,102.89,107.29,109.08,109.97,110.49,110.55,110.50,110.32,109.09,106.07,101.57,99.49,98.70,98.47,98.39,98.02,97.35,96.28,94.68,92.80,92.70,93.38,94.14,94.51,96.29,98.08,99.69,101.30,101.97,101.70,101.57,102.00,101.93,101.18,98.96,95.17,90.53,89.34,88.83,88.32,87.83,87.32,87.27,87.45,87.78,88.18,88.62,89.01,89.53,90.75,93.53,94.83,95.92,98.13,101.76,106.15,110.25,113.17,113.35,110.22,105.32,100.13,95.55,91.17,88.98,87.51,86.06,84.73,84.22,83.88,83.29,82.07,81.17,80.95,81.47,82.69,83.96,85.88,88.12,90.31,91.96,93.65,94.35,94.02,92.87,91.97,90.99,89.83,88.44,86.92,85.95,85.82,86.31,86.93,87.17,87.02,87.07,87.69,88.39,89.03,89.60,90.24,91.54,94.19,97.21,99.66,100.78,101.51,101.25,100.43,98.45,93.51,90.60,89.12,88.14,86.85,85.85,83.63,81.65,81.17,81.29,80.54,79.62,78.80,77.92,77.34,77.52,78.14,78.91,80.19,82.17,84.30,86.23,87.75,89.18,90.53,91.92,93.62,96.05,98.65,101.14,103.26,104.45,105.73,106.72,106.98,105.99,104.57,103.08,101.77,100.94,100.47,98.44,95.09,91.31,89.41,87.65,86.05,84.30,81.92,81.29,81.73,82.73,83.89,84.21,82.75,79.65,75.28,70.92,69.95,69.84,69.78,69.70,69.63,69.60,69.60,69.61,69.61
88.83,88.01,87.17,86.34,85.52,84.81,84.48,84.72,85.59,86.47,87.32,88.11,88.81,89.44,90.53,92.51,95.13,97.97,100.03,101.36,102.37,103.46,105.34,107.17,108.42,109.14,109.55,109.79,109.98,110.11,110.18,110.23,110.15,109.81,109.05,107.61,106.13,104.75,103.43,102.06,100.71,99.22,97.69,96.51,96.80,97.68,99.40,101.72,103.90,104.86,104.86,104.48,104.11,103.78,103.41,102.60,101.47,100.78,100.25,99.85,99.57,99.38,98.95,98.36,97.85,97.53,97.28,97.18,97.21,97.35,97.51,97.72,97.94,98.26,98.75,99.24,100.32,102.56,105.87,109.09,110.19,110.54,110.70,110.76,110.70,110.42,109.34,106.93,103.09,100.48,99.35,99.23,99.30,99.19,98.61,97.40,95.38,92.84,91.80,91.57,91.63,91.64,92.38,93.13,94.31,96.65,97.96,99.48,100.83,101.57,101.73,100.99,98.64,94.78,90.48,89.23,88.64,88.07,87.52,87.02,87.03,87.27,87.61,88.08,88.51,88.89,89.26,89.84,91.44,94.10,97.34,100.92,104.94,108.55,111.53,113.49,113.37,111.16,107.31,102.53,97.21,91.32,88.55,86.87,85.23,83.67,82.63,82.01,81.50,80.82,80.39,80.32,80.73,81.73,83.11,85.52,88.23,90.66,92.18,93.81,93.95,93.05,91.91,91.09,90.25,89.14,87.72,86.24,85.27,85.08,85.41,85.82,86.21,86.69,87.39,88.33,89.13,90.40,91.75,93.20,95.16,97.33,99.13,100.42,101.12,101.50,101.26,100.68,99.57,97.16,94.93,93.33,92.18,91.09,90.24,88.51,86.84,85.92,84.88,82.99,80.97,79.31,78.38,77.63,77.16,77.11,77.64,78.40,79.62,81.00,82.35,83.55,84.93,86.25,87.55,89.21,91.72,94.51,97.69,101.04,102.81,104.10,105.17,105.94,106.04,104.99,103.67,102.45,101.55,100.86,98.64,94.76,90.18,88.32,86.76,85.52,84.55,83.84,83.83,84.78,86.22,87.56,87.76,85.71,82.30,77.85,72.71,70.50,69.88,69.83,69.76,69.68,69.63,69.60,69.59,69.55
88.06,87.29,86.51,85.75,85.03,84.29,84.12,84.56,85.52,86.46,87.42,88.31,89.20,90.38,92.61,95.61,98.57,100.56,101.66,102.61,103.53,104.57,106.19,107.36,108.11,108.61,109.04,109.36,109.61,109.78,109.85,109.92,109.91,109.63,108.91,107.59,106.22,104.89,103.55,102.18,100.81,99.34,97.81,96.56,96.61,97.88,99.57,101.44,103.26,103.45,103.11,102.62,102.11,101.68,101.36,100.72,99.88,99.53,99.20,98.78,98.32,97.87,97.43,97.14,96.97,96.90,96.85,96.91,96.95,96.99,97.20,97.59,97.97,98.38,98.87,99.44,101.08,104.14,107.88,109.80,110.20,110.47,110.80,110.92,110.87,110.57,109.72,107.95,104.93,102.31,101.21,101.33,101.52,101.62,100.82,99.13,96.56,93.47,91.42,90.35,90.04,89.90,89.88,89.88,90.57,92.85,94.71,97.73,100.30,101.34,101.70,100.89,98.15,93.99,90.27,89.06,88.40,87.76,87.16,86.70,86.82,87.16,87.60,88.15,88.59,88.98,89.55,90.65,92.30,96.01,100.43,104.50,108.00,110.60,112.55,113.67,113.33,111.81,108.97,104.88,99.29,92.21,88.63,86.48,84.61,82.80,81.36,80.50,80.07,79.81,79.72,79.79,80.10,80.93,82.74,85.75,88.73,91.05,92.41,93.74,93.40,92.11,90.91,89.96,89.15,88.13,86.80,85.45,84.61,84.48,84.82,85.28,85.91,86.89,88.06,89.28,90.56,92.51,94.55,96.51,98.51,99.92,100.57,100.87,101.21,101.31,101.17,100.86,100.43,99.95,98.60,97.24,96.17,95.36,94.41,93.08,91.72,90.45,88.42,85.70,82.85,80.40,79.10,78.27,77.36,76.68,76.77,77.03,77.72,78.54,79.34,80.18,81.30,82.37,83.40,84.76,87.09,90.06,93.90,98.42,101.27,102.69,103.73,104.79,105.69,105.11,104.03,102.92,101.95,101.03,98.76,94.82,90.07,88.14,86.87,86.00,85.65,86.12,86.53,87.55,88.93,90.11,90.13,87.92,84.63,80.60,75.68,72.15,70.42,69.88,69.82,69.74,69.66,69.63,69.61,69.54
86.79,86.02,85.25,84.53,83.98,83.50,83.63,84.28,85.32,86.32,87.37,88.38,89.62,91.93,95.90,98.72,100.36,101.45,102.51,103.52,104.50,105.45,106.28,107.00,107.58,108.03,108.40,108.67,108.90,109.07,109.14,109.16,109.25,109.05,108.36,107.18,105.88,104.56,103.25,101.92,100.60,99.08,97.47,96.26,96.66,98.08,99.84,101.43,102.18,101.92,101.46,100.99,100.50,99.99,99.49,98.99,98.52,98.14,97.72,97.26,96.83,96.44,96.06,96.41,97.01,97.50,97.74,97.70,97.41,97.04,96.96,97.36,97.87,98.39,98.93,99.56,101.64,104.64,107.78,109.62,109.64,110.01,110.74,111.02,110.99,110.83,110.38,109.29,106.98,105.36,105.11,105.77,106.09,106.21,104.67,101.95,98.59,94.86,91.65,90.02,89.93,89.83,89.81,89.81,89.97,90.73,92.94,96.56,99.69,101.20,101.73,100.84,97.52,92.86,89.88,88.80,88.11,87.43,86.79,86.37,86.65,87.22,87.86,88.52,89.01,89.44,90.55,93.47,97.48,101.06,104.59,108.09,110.19,111.89,113.15,113.75,113.25,111.91,109.75,106.52,101.46,94.02,89.41,86.46,84.28,82.10,80.52,79.70,79.39,79.18,79.14,79.33,79.64,80.47,83.23,87.05,89.92,91.53,92.67,93.28,92.65,91.34,90.05,88.75,87.83,86.89,85.76,84.65,83.98,84.07,84.74,85.70,86.69,87.75,88.96,90.53,93.05,95.60,97.81,99.45,100.17,100.75,100.91,100.84,100.79,100.80,100.87,100.86,100.69,100.43,100.03,99.64,99.33,98.97,97.67,96.07,94.61,93.26,91.01,88.31,85.40,82.53,80.28,79.33,78.41,77.39,76.56,75.90,76.48,77.34,77.97,78.50,78.94,79.36,79.83,80.53,82.30,85.44,89.78,95.03,99.62,101.56,102.73,103.88,104.74,104.72,104.00,103.02,102.11,101.02,98.71,95.35,91.59,89.44,88.50,87.92,87.64,88.03,88.78,89.60,90.35,90.84,90.63,89.34,86.99,83.78,80.27,75.59,71.92,69.94,69.89,69.81,69.73,69.69,69.67,69.59
85.53,84.92,84.33,83.80,83.37,82.98,83.19,83.93,84.99,86.00,87.13,88.27,89.79,92.81,97.47,100.13,101.22,102.07,102.92,103.74,104.54,105.29,105.91,106.53,107.00,107.31,107.49,107.59,107.69,107.78,107.81,107.78,107.86,107.67,107.10,106.27,105.23,104.05,102.79,101.47,100.09,98.52,96.94,95.90,96.84,98.24,99.58,100.55,100.60,100.23,99.73,99.23,98.72,98.19,97.68,97.21,96.80,96.47,96.34,96.24,96.20,96.36,96.58,97.22,97.98,98.60,98.86,98.62,98.15,97.64,97.24,97.09,97.47,98.08,98.70,99.37,100.98,103.25,105.73,107.48,108.61,109.81,110.83,111.06,111.06,110.94,110.64,110.00,108.82,108.06,108.08,108.60,108.88,108.92,107.88,105.55,101.85,98.05,94.14,91.71,90.91,90.02,89.81,89.76,89.74,90.08,91.83,95.44,98.94,101.02,101.75,100.84,96.69,91.16,89.29,88.41,87.70,87.00,86.36,86.22,86.75,87.47,88.17,88.85,89.38,91.01,93.82,97.58,101.66,105.09,107.92,110.11,111.52,112.42,113.03,113.30,112.98,111.97,110.31,107.38,102.11,94.78,89.50,85.82,83.22,81.03,79.72,79.08,78.81,78.70,78.88,79.25,79.79,81.05,84.56,88.16,90.47,91.59,92.59,92.97,92.39,91.27,89.97,88.52,87.03,85.70,84.60,83.65,83.97,84.75,85.67,86.72,87.76,88.91,90.37,92.43,95.23,97.69,99.43,100.36,100.53,100.63,100.51,100.16,99.64,99.60,100.15,100.61,100.68,100.61,100.50,100.36,100.22,100.02,99.27,98.38,97.32,95.83,93.51,90.97,88.38,85.83,83.52,81.75,79.92,78.18,76.93,75.80,75.73,76.15,76.68,77.13,77.31,77.52,77.83,78.41,79.70,81.94,85.87,91.88,97.62,100.46,101.99,103.02,103.82,104.13,103.85,103.19,102.33,101.18,99.44,97.10,94.25,91.61,90.52,90.01,89.79,90.12,90.82,91.34,91.47,91.15,90.65,89.62,87.89,85.53,82.81,79.08,75.39,72.36,70.61,69.98,69.80,69.73,69.69,69.61
84.36,83.92,83.54,83.19,82.87,82.50,82.78,83.56,84.64,85.68,86.86,88.08,89.77,93.11,98.05,100.65,101.56,102.37,103.03,103.65,104.23,104.81,105.42,105.96,106.28,106.40,106.38,106.31,106.30,106.30,106.28,106.21,106.25,106.06,105.59,105.09,104.34,103.38,102.24,100.93,99.48,97.89,96.41,95.68,97.10,98.27,99.00,99.26,98.87,98.48,97.98,97.43,96.92,96.53,96.20,95.89,95.60,95.44,95.66,95.83,96.00,96.45,97.30,98.28,99.19,99.87,100.03,99.48,98.84,98.27,97.63,96.92,97.07,97.69,98.39,99.08,100.05,101.55,103.50,105.34,107.78,109.76,110.90,111.05,111.08,110.95,110.70,110.38,110.19,110.08,110.16,110.39,110.61,110.59,110.28,108.80,105.40,101.85,97.65,94.55,92.85,91.03,90.09,89.71,89.65,89.92,90.96,94.38,98.18,100.81,101.80,100.91,96.23,90.13,88.88,88.05,87.29,86.53,85.93,86.10,86.86,87.71,88.45,89.19,90.18,93.23,97.62,101.68,105.25,108.33,110.44,111.35,112.19,112.37,112.39,112.47,112.50,111.93,110.69,107.85,102.22,95.11,89.42,85.09,82.00,79.96,79.01,78.54,78.33,78.43,78.83,79.36,80.31,82.30,86.27,89.20,90.81,91.57,92.46,92.67,92.22,91.33,90.13,88.59,86.45,84.63,83.50,82.86,84.19,85.71,86.92,87.95,89.06,90.39,92.19,94.61,97.25,99.23,100.28,100.52,100.40,99.95,99.40,98.66,97.69,97.68,98.91,100.06,100.53,100.64,100.59,100.48,100.34,100.22,100.11,100.01,99.46,98.01,95.71,93.30,91.13,89.21,87.12,84.32,81.34,78.83,77.39,75.99,75.22,75.07,75.44,75.83,75.91,76.04,76.36,76.97,77.93,79.24,82.50,88.85,95.44,99.32,101.31,102.18,102.93,103.42,103.50,103.18,102.43,101.31,100.18,98.82,96.86,94.08,92.81,92.28,92.09,92.22,92.47,92.45,91.92,90.79,89.88,88.73,87.37,85.78,83.91,81.76,78.85,75.29,71.68,70.22,69.84,69.77,69.69,69.61
83.47,83.13,82.84,82.56,82.25,81.92,82.34,83.26,84.40,85.52,86.68,87.89,89.42,92.15,97.14,100.02,101.12,101.90,102.59,103.18,103.76,104.36,104.95,105.14,105.11,105.00,104.88,104.80,104.77,104.77,104.76,104.69,104.69,104.47,104.01,103.53,103.00,102.36,101.52,100.34,98.86,97.22,96.06,96.00,97.44,97.96,97.92,97.61,97.16,96.72,96.17,95.59,95.20,95.46,95.82,96.15,96.45,96.79,97.16,96.98,96.32,95.67,96.72,98.53,100.21,101.18,101.08,100.01,99.08,98.46,97.79,97.13,97.01,97.38,98.06,98.77,99.53,100.82,102.77,105.19,108.09,109.93,110.74,110.93,111.01,110.79,110.53,110.38,110.23,110.19,110.24,110.41,110.72,110.70,110.60,110.08,108.55,105.81,102.19,99.12,96.90,94.51,91.23,89.71,89.63,89.76,90.16,93.46,97.53,100.60,101.91,101.13,97.26,91.92,89.27,88.00,86.97,86.04,85.51,85.86,86.72,87.68,88.60,89.62,92.42,96.43,100.75,104.44,107.95,109.99,111.12,111.66,111.55,111.12,110.85,110.97,111.49,111.61,110.68,107.84,102.13,95.15,89.48,84.71,80.98,79.35,78.54,78.09,78.04,78.65,79.14,79.73,81.41,84.72,88.40,90.14,91.06,91.78,92.45,92.31,91.78,91.11,90.24,88.58,86.06,83.86,82.70,82.95,84.63,86.53,88.13,89.27,90.84,92.70,94.81,97.07,98.98,99.97,100.35,100.33,100.00,98.40,96.70,95.13,93.89,94.01,96.36,98.83,100.24,100.44,100.41,100.35,100.32,100.27,100.20,100.13,99.92,99.19,97.00,94.53,92.75,91.58,89.72,85.92,81.99,78.98,77.52,76.07,74.95,74.34,74.28,74.48,74.48,74.58,74.92,75.62,76.63,77.99,80.74,85.98,93.04,98.05,100.61,101.35,102.04,102.50,102.60,102.44,102.05,101.19,100.18,99.18,98.12,96.72,95.53,94.91,94.68,94.22,93.05,91.80,90.39,88.67,86.97,85.16,83.60,82.60,82.39,81.69,80.19,77.45,73.20,70.58,69.84,69.77,69.69,69.61
82.28,81.99,81.81,81.69,81.53,81.38,81.82,82.72,83.88,85.03,86.19,87.40,88.81,90.88,94.96,98.10,100.05,101.27,102.09,102.70,103.30,103.86,104.23,104.22,104.04,103.82,103.64,103.50,103.37,103.27,103.21,103.16,103.13,102.89,102.42,101.96,101.50,101.00,100.38,99.42,97.95,96.45,95.78,96.25,97.01,96.97,96.56,96.06,95.73,95.67,95.60,95.53,95.61,96.17,96.79,97.37,97.89,98.36,98.64,98.20,97.04,95.62,96.54,98.63,100.89,102.39,101.56,100.16,99.11,98.44,97.72,97.06,96.91,97.21,97.91,98.60,99.30,100.66,102.92,105.75,108.59,110.14,110.60,110.56,110.39,109.94,109.58,109.51,109.76,110.01,110.10,110.13,110.37,110.42,110.48,110.46,110.01,108.46,105.97,103.31,100.67,97.63,92.25,89.71,89.61,89.68,89.84,92.84,96.89,100.34,101.81,101.26,98.16,93.45,89.64,88.07,86.91,85.82,85.14,85.57,86.51,87.58,88.63,89.89,93.88,98.63,103.14,106.81,109.48,110.66,111.10,111.01,109.75,108.07,107.44,108.31,110.44,111.25,110.56,107.88,102.38,95.41,89.44,84.28,80.31,78.87,78.02,77.75,78.06,78.90,79.44,80.90,83.58,87.21,89.65,90.63,91.24,91.81,92.11,91.83,91.31,90.66,89.63,87.35,84.76,82.91,82.43,83.53,85.38,87.37,89.20,90.69,92.70,94.92,97.04,98.77,99.85,100.25,100.30,100.04,99.14,97.02,94.77,92.78,91.41,91.39,93.71,96.94,99.74,100.21,100.22,100.10,100.03,100.16,100.14,100.09,100.00,99.55,97.88,95.95,94.61,93.59,91.26,86.90,82.45,79.11,77.67,76.39,75.36,74.67,74.37,74.34,74.14,73.93,73.89,74.28,75.33,76.83,79.11,83.02,89.64,95.26,98.97,100.78,101.40,101.70,101.76,101.68,101.46,100.88,100.13,99.41,98.74,97.95,97.03,96.41,95.97,95.06,93.04,90.91,88.76,86.51,84.37,82.33,80.76,79.98,80.15,80.01,79.07,76.81,72.94,70.52,69.84,69.75,69.66,69.58
80.84,80.68,80.67,80.76,80.81,80.87,81.25,82.02,83.17,84.34,85.50,86.72,88.03,89.52,92.20,95.47,98.51,100.52,101.54,102.23,102.83,103.28,103.34,103.22,103.03,102.80,102.57,102.34,102.08,101.84,101.70,101.60,101.56,101.31,100.84,100.38,99.92,99.45,98.95,98.25,96.86,95.66,95.47,96.24,96.11,95.74,95.31,94.94,94.85,95.34,95.97,96.62,97.31,97.91,98.49,99.02,99.46,99.79,99.86,99.25,97.82,95.94,96.58,98.60,101.22,103.22,101.60,100.05,99.01,98.30,97.54,96.83,96.75,97.15,97.85,98.56,99.26,100.84,103.55,106.73,109.16,110.29,110.40,109.89,109.25,108.52,107.97,107.91,108.67,109.14,109.18,109.01,109.15,109.36,109.65,109.98,110.21,110.00,108.87,106.76,103.76,100.09,93.04,89.72,89.60,89.63,89.83,92.39,96.25,100.02,101.56,101.34,98.97,94.77,89.99,88.20,87.00,85.77,84.83,85.24,86.26,87.42,88.61,90.07,94.75,100.06,104.95,108.73,110.21,110.65,110.47,109.45,106.97,103.92,103.02,105.05,109.29,110.83,110.38,107.93,102.80,95.94,89.48,83.92,79.89,78.51,77.50,77.50,78.25,79.17,79.95,82.59,86.19,89.38,90.27,90.82,91.33,91.71,91.60,91.30,90.77,89.88,88.25,85.21,82.89,81.86,82.37,84.23,86.26,88.25,90.18,92.11,94.43,96.83,98.76,99.81,100.13,100.24,100.16,99.60,97.94,95.67,93.31,91.25,89.92,89.67,91.26,94.69,98.77,99.59,99.60,99.26,99.02,99.39,99.52,99.58,99.54,99.21,98.41,97.43,96.57,95.35,92.33,87.76,82.98,79.30,77.89,76.93,76.22,75.67,75.30,75.06,74.61,73.99,73.36,73.15,74.09,75.70,77.59,80.21,85.62,91.30,96.28,99.75,100.54,100.75,100.79,100.76,100.59,100.22,99.85,99.45,98.97,98.33,97.73,97.15,96.43,95.17,92.75,90.11,87.42,84.76,82.45,80.38,78.86,78.00,77.61,77.38,76.42,74.46,71.62,70.22,69.84,69.73,69.60,69.54
79.16,79.55,79.96,80.26,80.34,80.46,80.70,81.31,82.48,83.69,84.86,86.02,87.20,88.51,90.22,93.03,96.47,99.60,100.92,101.73,102.23,102.38,102.34,102.21,102.01,101.78,101.54,101.27,101.00,100.76,100.48,99.87,99.89,99.76,99.27,98.85,98.40,97.93,97.44,96.81,95.70,95.09,94.94,95.09,95.17,95.32,95.50,95.70,96.01,96.56,97.32,98.20,99.03,99.44,99.84,100.07,100.10,100.12,100.09,99.30,97.71,95.81,96.42,98.46,100.82,102.37,101.15,99.85,98.86,98.11,97.34,96.59,96.59,97.10,97.86,98.65,99.33,101.06,104.16,107.77,109.60,110.21,109.84,108.45,107.16,106.20,105.50,105.22,105.94,105.44,104.72,104.37,104.78,105.40,106.32,107.57,109.07,109.88,109.71,107.86,104.42,100.44,93.18,89.74,89.59,89.57,89.77,91.98,95.59,99.51,101.27,101.44,99.82,96.12,90.30,88.25,87.00,85.75,84.71,84.87,85.94,87.25,88.61,90.42,95.28,100.88,105.98,109.44,110.28,110.03,108.72,106.09,102.77,99.62,99.22,102.21,107.72,110.16,110.08,107.82,103.13,97.12,90.25,84.09,79.85,78.40,77.16,77.27,78.37,79.56,81.51,84.61,87.77,89.95,90.51,90.87,91.18,91.38,91.25,90.84,89.85,88.02,85.17,82.24,80.94,80.79,81.74,84.25,86.88,89.21,91.24,93.15,95.28,97.41,99.09,99.94,100.11,100.11,99.69,98.56,96.37,93.92,91.68,89.96,89.14,89.04,89.97,92.50,95.99,97.09,96.82,95.86,95.13,95.86,96.44,96.97,97.37,97.65,98.28,98.51,98.16,96.94,94.19,89.80,84.36,79.84,78.38,77.78,77.25,76.84,76.62,76.37,75.85,75.16,74.26,73.15,73.26,74.61,76.44,78.42,81.49,86.07,91.08,95.51,97.84,98.68,98.95,99.03,98.97,98.34,98.48,98.86,99.02,98.71,98.20,97.63,96.80,95.24,92.76,90.30,87.73,84.97,82.74,80.40,78.55,77.17,75.52,74.53,73.34,71.90,70.53,69.96,69.77,69.69,69.61,69.63
76.88,77.58,78.25,78.77,79.06,79.52,79.94,80.60,81.73,82.91,84.08,85.22,86.37,87.58,88.86,91.21,94.55,98.20,100.24,101.16,101.47,101.41,101.33,101.16,100.76,100.20,99.59,98.93,98.74,98.83,98.88,98.53,98.54,98.34,97.82,97.36,96.88,96.49,96.19,95.86,95.25,95.11,95.04,94.80,94.71,94.97,95.49,96.15,96.80,97.48,98.28,99.17,99.98,100.28,100.53,100.60,100.45,100.28,100.13,99.12,97.33,95.49,96.27,98.23,100.20,101.30,100.50,99.47,98.56,97.78,97.04,96.36,96.52,97.17,97.95,98.77,99.62,101.71,105.22,108.71,109.93,110.04,109.15,106.85,104.94,103.78,102.96,102.35,102.33,101.11,99.77,99.01,99.38,100.16,101.49,103.37,105.74,107.66,108.49,107.41,104.36,100.39,93.53,90.07,89.59,89.52,89.73,91.67,95.03,98.98,100.96,101.59,100.67,97.42,90.90,88.52,87.12,85.80,84.67,84.49,85.57,87.03,88.58,90.69,95.53,101.04,105.92,108.83,109.09,108.13,105.93,102.26,98.03,95.17,95.62,99.64,106.16,109.31,109.38,107.19,103.00,97.73,90.91,84.43,79.80,78.25,76.86,77.06,78.43,79.92,82.61,85.74,88.44,90.06,90.49,90.70,90.86,90.96,90.91,90.50,88.67,85.75,82.45,80.28,79.78,80.03,81.06,83.84,87.30,90.06,92.08,93.83,95.36,96.93,98.28,99.11,99.42,99.33,98.58,97.00,94.54,92.15,90.24,88.94,88.45,88.57,89.13,90.66,92.92,93.81,93.50,92.52,91.78,92.48,93.17,93.99,94.96,96.26,98.41,99.36,99.34,98.35,95.95,91.98,86.76,81.94,79.52,78.82,78.37,78.09,77.99,77.76,77.25,76.46,75.31,73.63,72.75,73.48,75.03,76.67,78.20,81.34,85.25,89.28,92.71,94.46,95.18,95.52,95.79,95.57,96.22,97.13,97.85,98.18,98.16,97.91,97.22,95.51,93.32,91.33,89.25,86.88,84.95,82.40,79.92,77.65,75.11,73.12,71.49,70.33,69.94,69.85,69.79,69.73,69.68,69.75
74.00,74.65,75.37,76.11,76.81,77.93,78.88,79.81,80.87,81.98,83.14,84.32,85.54,86.74,88.06,90.04,92.75,96.13,99.12,100.06,100.12,99.99,99.90,99.68,98.95,97.81,96.58,95.30,95.28,96.01,96.91,97.64,97.53,97.10,96.58,96.03,95.53,95.33,95.40,95.65,95.69,95.84,95.92,95.67,94.84,94.61,95.04,95.89,96.77,97.70,98.50,99.25,99.94,100.25,100.47,100.61,100.60,100.38,100.08,98.79,96.76,95.03,96.12,97.89,99.44,100.23,99.68,98.90,98.08,97.28,96.60,96.17,96.58,97.38,98.15,98.94,100.19,102.92,106.81,109.49,110.13,109.82,108.38,105.24,102.78,101.43,100.48,99.46,98.11,96.62,94.98,93.64,93.59,94.21,95.55,97.52,100.11,103.18,105.12,105.39,103.73,100.13,94.14,90.64,89.62,89.47,89.71,91.46,94.59,98.45,100.63,101.78,101.46,98.68,92.07,89.15,87.41,85.98,84.75,84.10,85.15,86.74,88.45,90.74,95.44,100.46,104.64,106.78,106.46,104.81,102.14,98.20,93.07,90.85,92.42,97.50,104.68,108.21,108.17,105.91,102.27,97.50,91.26,84.84,79.67,78.02,76.56,76.86,78.43,80.17,82.95,85.75,88.19,89.85,90.14,90.24,90.34,90.47,90.56,90.21,87.24,83.24,80.53,79.68,79.54,79.66,80.43,83.08,87.48,90.70,92.56,94.02,94.59,95.39,96.37,97.30,97.92,97.73,96.73,94.95,92.52,90.48,89.09,88.19,87.73,88.08,88.57,89.24,89.97,90.13,90.08,89.83,89.63,89.90,90.26,91.19,92.88,95.54,98.95,99.98,100.07,99.52,97.41,94.05,90.09,85.73,81.50,80.15,79.66,79.43,79.33,79.14,78.69,77.74,76.32,74.47,72.60,72.37,73.31,74.78,75.86,77.48,79.31,81.61,85.32,88.10,89.50,90.22,91.03,92.01,93.12,94.24,95.34,96.59,97.45,97.89,97.61,96.03,94.50,93.20,91.89,90.35,88.90,86.28,82.98,79.53,76.58,73.53,71.30,70.13,70.06,70.05,70.06,70.04,70.02,70.11
71.42,71.89,72.66,73.63,74.71,76.02,77.17,78.34,79.69,80.99,82.21,83.45,84.76,86.11,87.32,88.64,90.23,92.18,93.84,94.30,94.24,94.10,94.03,94.05,93.95,93.77,93.58,93.49,94.08,95.06,96.03,96.51,96.29,96.04,95.97,95.88,95.81,96.08,96.53,96.86,96.89,97.08,96.99,96.34,95.34,94.58,94.45,94.90,95.74,96.61,97.37,98.04,98.66,99.17,99.84,100.31,100.44,100.26,99.62,98.11,96.10,94.54,95.62,97.29,98.61,99.17,98.82,98.19,97.49,96.76,96.08,96.19,96.87,97.72,98.49,99.29,101.46,104.91,108.62,109.97,110.20,109.66,107.88,104.19,101.09,99.31,97.95,96.50,95.20,93.47,91.98,91.09,91.02,91.26,91.89,92.88,94.47,97.54,100.11,101.76,101.83,98.89,93.52,90.43,89.58,89.41,89.65,91.19,94.10,97.90,100.36,101.73,101.69,99.86,95.54,90.80,88.16,86.68,85.09,83.69,84.38,85.94,87.79,90.04,94.53,98.97,102.25,103.47,102.89,101.05,98.17,94.28,90.13,89.21,91.96,97.48,103.41,106.38,106.06,103.75,100.34,96.03,90.72,84.80,79.48,77.73,76.32,76.64,78.23,79.98,82.54,85.20,87.54,89.11,89.20,89.04,89.24,89.77,90.10,89.34,85.77,81.70,79.91,79.46,79.36,79.45,80.13,82.47,87.44,90.64,91.83,92.51,92.70,93.25,94.09,95.00,95.65,95.44,94.41,92.73,90.81,89.38,88.31,87.50,87.10,87.33,87.72,88.17,88.57,88.60,88.60,88.69,88.91,89.28,89.63,91.20,94.06,97.68,99.70,100.27,100.30,99.80,97.99,95.22,92.26,88.94,85.13,82.99,81.65,80.90,80.67,80.50,80.17,79.11,77.42,75.50,73.45,72.13,71.78,72.45,73.36,74.50,75.88,77.75,80.63,83.44,85.27,86.44,87.55,88.92,90.34,91.78,93.25,94.65,95.71,96.47,96.81,96.41,95.99,95.39,94.47,93.13,91.61,89.32,86.01,82.05,78.63,75.32,73.07,71.93,71.80,71.93,72.14,72.39,72.72,73.09
69.42,69.75,70.47,71.49,72.72,74.09,75.39,76.79,78.38,79.80,81.02,82.22,83.46,84.80,85.82,86.64,87.49,88.45,89.00,89.06,88.94,88.81,88.80,89.12,89.74,90.65,91.87,92.92,93.94,94.93,95.70,95.63,95.46,95.56,95.93,96.30,96.67,97.29,97.96,98.30,98.28,98.31,97.91,96.85,95.80,94.65,93.92,93.80,94.44,95.19,95.83,96.40,96.99,97.77,98.85,99.66,100.00,99.88,99.04,97.45,95.51,94.08,95.06,96.64,97.78,98.08,97.89,97.41,96.83,96.21,95.73,96.32,97.21,98.09,98.95,100.10,103.27,107.09,110.13,110.38,110.31,109.72,107.95,104.22,100.47,98.31,96.75,95.24,94.22,92.06,90.45,89.82,89.79,89.71,89.70,89.80,90.36,92.73,95.14,97.40,98.63,96.52,92.33,90.03,89.50,89.38,89.61,91.00,93.70,97.38,100.10,101.58,101.75,100.81,98.68,92.89,89.33,87.42,85.50,83.50,83.69,85.10,87.07,89.24,93.17,96.87,99.43,100.05,99.11,97.05,94.19,90.80,88.02,88.53,92.29,97.91,102.34,104.44,103.82,101.48,98.15,94.08,89.42,84.16,79.23,77.44,76.06,76.38,77.94,79.64,81.97,84.54,86.72,87.90,87.72,87.35,87.66,88.49,88.81,87.50,83.97,80.55,79.62,79.28,79.19,79.30,79.87,81.64,86.34,89.37,90.26,90.29,90.44,91.00,91.79,92.62,93.18,92.95,92.03,90.63,89.29,88.39,87.53,86.80,86.49,86.60,86.91,87.28,87.64,87.81,87.97,88.32,88.85,89.46,90.34,92.81,96.34,99.77,100.31,100.47,100.42,99.93,98.59,96.39,94.13,91.66,88.63,85.97,83.90,82.57,82.03,81.88,81.59,80.31,78.31,76.33,74.25,72.15,70.73,70.61,71.27,72.06,73.25,74.96,77.09,79.64,81.69,83.23,84.53,86.05,87.64,89.35,91.13,92.59,93.65,94.52,95.25,95.75,96.12,96.16,95.87,95.09,93.61,91.64,88.61,84.67,81.00,77.69,75.63,74.71,74.66,75.00,75.47,75.95,76.45,76.98
68.53,68.87,69.36,70.00,70.93,72.25,73.79,75.39,76.95,78.19,79.22,80.14,81.00,81.83,82.60,83.47,84.64,86.18,87.32,87.50,87.36,87.25,87.39,88.02,88.95,90.47,93.03,94.12,94.95,95.65,95.97,95.44,95.69,96.23,96.79,97.36,97.92,98.50,99.05,99.47,99.66,99.24,98.35,97.15,95.95,94.73,93.60,92.85,93.05,93.73,94.11,94.45,95.13,96.18,97.36,98.42,99.11,99.07,98.44,97.00,95.13,93.69,94.58,96.07,96.98,96.97,96.81,96.54,96.06,95.64,95.82,96.61,97.53,98.44,99.58,101.85,105.91,109.26,110.83,110.79,110.56,110.22,109.19,106.37,101.99,99.65,98.53,97.79,96.83,93.83,91.22,89.88,89.79,89.67,89.54,89.50,89.71,90.38,91.11,92.24,93.22,92.16,90.56,89.66,89.42,89.42,89.63,91.00,93.54,96.94,99.86,101.35,101.76,101.32,99.82,95.44,91.17,87.93,85.88,83.82,83.41,84.45,86.51,88.62,91.25,93.97,96.23,97.04,95.33,92.75,90.26,88.25,86.67,88.54,92.91,98.17,101.59,102.67,101.73,99.44,96.03,91.73,86.94,82.43,78.89,77.13,75.74,76.04,77.54,79.19,81.43,83.97,85.70,85.91,85.37,84.98,85.34,86.06,85.75,83.80,81.50,79.80,79.36,79.04,79.01,79.17,79.54,80.26,83.02,85.79,87.48,87.40,87.99,88.82,89.65,90.31,90.69,90.46,89.80,88.90,88.02,87.32,86.57,85.99,85.90,86.08,86.33,86.56,86.87,87.54,88.20,88.85,89.51,90.40,92.81,96.41,99.30,100.20,100.50,100.62,100.52,100.19,99.62,98.02,95.94,93.59,90.99,88.43,86.33,84.61,83.43,83.35,82.81,81.09,78.66,76.59,74.46,72.31,70.69,70.10,70.19,70.36,71.06,72.51,74.64,76.84,78.80,80.47,81.86,83.39,84.94,86.73,88.75,90.45,91.44,92.13,92.64,92.86,93.06,93.64,94.64,95.62,94.71,92.80,90.25,87.18,83.81,80.59,78.90,78.58,79.12,79.80,80.59,81.09,81.19,81.50
67.76,68.15,68.62,69.14,69.77,70.65,71.62,72.64,73.73,74.88,75.83,76.84,77.98,79.14,80.30,81.35,82.49,84.01,85.51,85.90,85.90,86.09,86.92,87.83,88.78,90.31,93.26,95.20,96.26,96.72,96.59,95.89,95.75,95.91,96.26,96.94,97.63,98.31,98.95,99.47,99.86,99.21,97.92,96.42,95.40,94.41,93.41,92.50,92.03,92.27,92.35,92.61,93.47,94.66,95.84,96.95,97.81,98.02,97.55,96.38,94.75,93.29,94.07,95.31,96.01,95.88,95.69,95.50,95.35,95.43,96.12,96.97,97.86,98.81,100.31,104.04,107.85,110.31,111.12,110.96,110.70,110.54,110.09,108.63,106.02,104.28,102.99,101.77,100.59,98.19,95.91,94.04,92.19,90.36,89.64,89.51,89.47,89.51,89.70,90.20,90.72,90.34,89.83,89.47,89.33,89.43,89.67,91.13,93.67,96.93,99.74,101.19,101.76,101.59,100.30,96.63,92.04,88.18,86.12,84.05,82.96,83.50,85.54,87.70,89.93,92.12,93.91,94.41,92.53,90.04,87.78,86.29,86.22,89.05,93.44,98.03,100.85,101.33,100.40,98.23,94.67,90.97,86.78,82.51,78.82,77.00,75.46,75.60,77.04,78.76,80.83,83.36,84.80,84.23,83.20,82.64,82.77,83.16,82.64,81.37,80.19,79.41,79.10,78.79,78.80,79.00,79.31,79.69,81.00,82.82,84.46,85.10,86.07,86.98,87.76,88.35,88.63,88.40,87.91,87.31,86.72,86.10,85.57,85.28,85.40,85.65,85.95,86.27,86.70,87.56,88.42,89.34,90.59,92.73,95.68,98.47,100.18,100.41,100.65,100.79,100.70,100.44,100.14,99.26,97.42,94.63,91.14,88.94,87.09,85.67,84.94,84.95,83.73,81.50,78.89,76.77,74.64,72.49,70.78,69.98,69.90,69.90,70.21,71.04,72.65,74.67,76.61,78.25,79.51,80.87,82.28,83.99,85.97,87.62,88.66,89.46,90.02,90.13,90.46,91.49,93.07,94.77,95.21,94.04,92.09,89.71,87.11,84.46,82.94,82.61,83.27,84.19,85.09,85.40,84.83,83.97
67.04,67.49,67.99,68.48,68.89,69.30,69.57,69.88,70.46,71.50,72.50,73.77,75.34,77.01,78.68,79.91,80.93,82.16,83.72,84.34,84.70,85.39,86.99,88.13,89.27,90.97,93.92,96.48,97.66,97.83,97.29,96.54,95.83,95.37,95.36,96.06,96.80,97.58,98.31,98.91,99.46,98.78,97.25,95.44,94.52,93.72,92.94,92.09,91.13,90.94,90.79,91.01,91.97,93.22,94.36,95.46,96.43,96.91,96.55,95.66,94.34,92.88,93.54,94.49,94.95,94.79,94.58,94.54,94.81,95.45,96.48,97.39,98.24,99.25,101.15,106.06,109.25,110.83,111.19,110.99,110.77,110.72,110.69,110.41,109.84,108.55,106.82,105.03,103.90,102.74,101.29,99.15,95.69,92.36,90.77,90.09,89.48,89.27,89.30,89.42,89.52,89.56,89.51,89.35,89.24,89.43,89.71,91.26,93.85,97.03,99.68,101.09,101.75,101.75,100.45,96.91,92.20,88.22,86.23,84.20,82.55,82.54,84.35,86.48,88.43,90.29,91.67,91.67,89.91,87.73,85.71,84.56,85.93,89.44,93.60,97.41,99.72,99.88,99.13,97.31,94.01,91.12,87.68,83.36,78.91,76.98,75.26,75.19,76.51,78.30,80.22,82.72,83.92,82.71,81.27,80.53,80.40,80.46,79.97,79.66,79.39,79.11,78.82,78.53,78.58,78.81,79.12,79.43,79.74,80.55,81.77,83.12,84.36,85.26,85.96,86.50,86.75,86.51,86.12,85.76,85.48,85.08,84.89,84.97,85.29,85.58,85.91,86.29,86.80,87.63,88.52,89.62,91.44,94.85,98.08,99.69,100.29,100.52,100.75,100.94,100.91,100.69,100.45,100.17,98.56,95.31,90.80,88.89,87.39,86.51,86.51,86.60,84.71,81.91,79.03,76.78,74.66,72.52,70.80,69.98,69.90,69.90,69.92,70.14,71.04,72.81,74.66,76.23,77.34,78.50,79.75,81.26,83.05,84.59,85.73,86.71,87.43,87.56,88.18,89.58,91.40,93.31,95.02,94.86,93.74,92.14,90.30,88.35,87.00,86.50,87.05,88.02,88.79,88.73,87.47,85.39
66.33,66.79,67.27,67.74,68.17,68.52,68.77,69.01,69.39,70.19,71.55,73.17,74.89,76.58,78.28,79.58,80.53,81.34,82.25,83.11,84.27,85.93,87.79,89.03,91.37,94.63,97.38,98.70,98.98,98.64,97.88,97.06,96.20,95.41,94.98,95.50,96.08,96.70,97.31,97.87,98.47,98.10,96.84,94.95,93.40,92.22,91.33,90.67,90.22,90.13,90.08,90.21,90.77,91.90,93.10,94.27,95.30,95.87,95.49,94.83,93.81,92.41,93.05,93.63,93.81,93.66,93.52,94.08,94.90,95.81,96.87,97.85,98.74,99.94,102.21,106.81,109.63,110.87,111.02,110.81,110.67,110.64,110.59,110.29,109.48,107.01,104.66,103.66,103.98,104.47,103.86,102.17,100.15,98.14,95.42,92.38,89.86,89.34,89.13,89.07,89.15,89.23,89.32,89.25,89.20,89.47,89.73,91.27,93.82,96.94,99.65,101.04,101.72,101.74,100.29,95.61,91.11,87.87,86.07,84.22,82.51,81.95,82.88,84.60,85.47,87.05,88.56,88.07,86.68,84.77,83.21,82.95,85.00,88.73,92.53,95.57,97.08,97.40,97.06,96.27,94.87,92.53,89.37,84.61,79.19,77.16,75.34,74.96,75.94,77.73,79.65,82.05,82.97,81.36,79.94,79.25,79.10,79.21,79.10,78.98,78.83,78.65,78.44,78.20,78.34,78.62,78.93,79.24,79.53,80.00,80.67,81.53,82.71,83.55,84.15,84.61,84.84,84.64,84.31,84.14,84.49,84.97,85.49,86.02,86.50,86.68,86.88,86.96,87.00,87.52,88.28,89.18,90.79,94.26,98.25,99.94,100.34,100.53,100.81,101.04,101.09,100.94,100.70,100.38,98.87,95.86,91.62,89.36,88.23,87.88,88.14,88.30,86.38,82.91,79.03,76.31,74.08,71.96,70.43,69.95,69.90,69.90,69.90,69.96,70.26,71.16,72.64,74.22,75.35,76.51,77.58,78.75,80.15,81.67,82.97,84.09,84.96,85.39,86.55,88.09,89.78,91.48,93.05,94.00,94.44,94.13,92.40,91.01,90.06,89.62,89.87,90.36,90.35,89.61,87.99,85.71
65.67,66.06,66.53,66.99,67.43,67.77,68.02,68.31,68.74,69.48,70.92,72.65,74.47,76.19,77.59,78.44,79.28,80.62,81.23,82.14,83.86,86.50,89.30,92.26,95.23,97.89,99.60,100.03,99.74,99.08,98.20,97.29,96.32,95.34,94.60,94.70,95.16,95.71,96.26,96.83,97.42,97.41,96.47,94.59,92.73,91.26,90.36,89.94,89.75,89.70,89.71,89.80,90.12,90.97,92.06,93.23,94.30,94.88,94.43,93.83,93.05,91.94,92.42,92.71,92.80,92.89,93.20,94.10,95.14,96.18,97.23,98.27,99.29,100.75,103.30,107.26,109.47,110.39,110.50,110.23,110.02,110.08,110.24,110.14,109.29,105.55,102.11,101.16,102.24,103.46,103.70,103.10,102.37,101.14,98.75,95.20,91.13,89.68,89.13,88.92,88.91,89.02,89.14,89.17,89.23,89.52,89.74,91.25,93.77,96.88,99.67,101.16,101.72,101.50,99.83,94.08,89.88,87.43,85.74,84.00,82.29,81.33,81.46,82.38,82.61,83.53,84.51,84.06,83.26,82.13,81.29,81.48,83.56,87.12,90.45,92.82,93.87,94.26,94.28,94.27,94.21,92.97,90.48,85.61,79.50,77.39,75.46,74.75,75.43,77.30,79.25,81.42,82.06,80.34,79.03,78.31,78.11,78.23,78.28,78.27,78.22,78.14,78.06,78.07,78.33,78.65,78.95,79.20,79.48,79.80,80.20,80.77,81.93,82.64,83.04,83.39,83.70,83.88,84.04,84.32,84.98,85.76,86.56,87.27,87.71,87.83,87.91,87.78,87.52,87.65,88.06,88.74,89.98,92.58,96.57,99.04,100.15,100.42,100.69,100.98,101.20,101.23,100.87,100.43,98.87,96.07,92.45,90.31,89.45,89.34,89.74,90.02,88.23,84.11,79.20,76.12,73.55,71.43,70.13,69.92,69.90,69.90,69.90,69.90,69.93,70.25,71.09,72.17,73.14,74.12,75.05,76.04,77.24,78.70,79.96,81.34,82.69,83.56,84.92,86.41,87.93,89.46,90.90,92.33,93.58,94.28,93.68,92.88,92.20,91.83,91.84,91.65,90.96,89.74,88.05,86.29
65.25,65.41,65.80,66.22,66.67,67.00,67.28,67.67,68.32,69.16,70.47,72.16,74.02,75.56,76.37,76.36,76.91,79.13,79.73,80.94,83.30,86.84,90.91,96.43,99.58,100.38,100.67,100.64,100.09,99.25,98.28,97.27,96.22,95.16,94.22,93.77,94.11,94.64,95.19,95.80,96.34,96.70,96.12,94.36,92.49,90.86,90.02,89.78,89.63,89.54,89.56,89.66,89.88,90.35,91.24,92.35,93.42,93.94,93.35,92.72,92.11,91.40,91.66,91.80,91.98,92.47,93.40,94.39,95.42,96.47,97.49,98.59,99.87,101.66,104.27,107.31,108.76,109.39,109.57,109.25,108.91,109.18,109.78,110.07,109.46,104.65,99.94,98.30,99.33,100.57,101.68,102.52,102.72,101.79,100.66,97.95,92.87,90.16,89.24,88.89,88.75,88.87,88.98,89.10,89.29,89.58,89.75,91.22,93.72,96.85,99.72,101.36,101.75,101.10,99.15,92.62,88.80,87.06,85.40,83.62,81.90,80.72,80.24,80.22,80.22,80.29,80.37,80.30,80.14,80.02,79.95,80.22,81.81,84.90,87.69,89.54,90.38,90.77,91.10,91.62,92.35,92.51,90.96,86.40,80.03,77.72,75.64,74.58,74.93,76.93,78.95,80.79,81.19,79.58,78.43,77.59,77.29,77.39,77.41,77.47,77.56,77.64,77.73,78.11,78.49,78.85,79.13,79.31,79.53,79.86,80.29,80.84,82.05,82.59,82.78,83.00,83.42,84.16,85.01,85.86,86.55,87.20,87.97,88.65,88.96,89.07,89.00,88.72,88.28,88.02,87.99,88.41,89.19,90.45,93.72,97.17,99.48,100.07,100.45,100.83,101.28,101.54,100.98,100.43,98.75,96.15,93.36,91.72,91.05,90.98,91.36,91.72,90.00,85.32,79.53,76.18,73.16,71.03,69.93,69.90,69.90,69.90,69.90,69.90,69.91,69.94,70.05,70.34,70.96,71.63,72.39,73.27,74.33,75.59,76.61,78.22,80.21,81.68,83.14,84.53,85.92,87.34,88.75,90.15,91.59,93.01,94.11,93.95,93.53,93.25,93.15,92.26,91.09,89.66,88.12,87.29
66.20,65.47,65.25,65.47,65.91,66.24,66.63,67.20,68.03,68.95,70.41,72.22,73.77,73.86,73.52,72.48,71.89,72.93,73.50,77.35,81.94,85.95,90.25,96.05,99.62,100.81,101.17,101.14,100.45,99.39,98.19,97.03,95.97,94.91,93.88,93.07,93.13,93.55,94.12,94.72,95.22,95.84,95.65,94.29,92.68,91.25,90.28,89.76,89.60,89.43,89.43,89.53,89.71,90.02,90.75,91.72,92.66,93.01,92.39,91.63,90.96,90.52,90.71,91.23,91.86,92.59,93.51,94.42,95.34,96.28,97.29,98.69,100.50,102.57,104.62,106.03,106.84,107.43,107.79,107.66,107.48,108.30,109.56,110.12,109.83,105.16,99.98,97.03,96.42,97.69,99.66,101.42,101.89,101.60,100.88,98.46,93.55,90.33,89.28,88.88,88.61,88.70,88.86,89.08,89.34,89.59,89.76,91.22,93.77,96.99,99.80,101.45,101.74,100.78,98.29,92.15,88.89,87.48,85.70,83.34,81.47,80.32,79.91,79.79,79.73,79.66,79.60,79.55,79.52,79.53,79.53,79.63,80.45,82.68,84.95,86.62,87.39,87.73,88.23,89.13,90.47,91.25,90.42,87.00,81.72,78.55,76.11,74.45,74.18,76.34,78.49,79.98,80.22,79.05,77.91,76.91,76.47,76.51,76.53,76.68,77.00,77.42,77.81,78.27,78.71,79.11,79.43,79.60,79.73,80.44,81.49,82.38,83.72,84.27,84.41,84.56,84.96,85.70,86.62,87.55,88.24,88.87,89.60,90.30,90.70,90.86,90.48,89.83,89.14,88.73,88.45,88.50,88.89,89.68,91.25,94.16,97.07,98.91,100.12,100.83,101.47,101.85,101.21,100.53,99.05,97.00,94.99,93.92,93.46,93.34,93.39,93.15,90.81,85.84,79.95,76.33,73.17,70.99,69.90,69.90,69.90,69.90,69.90,69.90,69.90,69.90,69.90,69.97,70.21,70.45,70.75,71.10,71.52,72.01,72.41,73.61,75.67,78.25,80.63,82.42,83.94,85.47,86.95,88.01,89.47,91.36,92.77,93.47,93.67,93.73,93.83,93.09,92.05,90.84,89.67,89.23
67.30,66.09,65.39,65.18,65.26,65.55,66.02,66.74,67.78,68.77,70.31,71.97,72.99,72.12,71.00,69.41,68.13,68.11,68.56,72.88,78.27,83.22,88.13,93.64,98.03,100.68,101.28,101.62,100.97,99.70,98.25,96.95,95.85,94.75,93.60,92.57,92.22,92.47,93.02,93.56,94.10,94.88,95.01,94.07,92.74,91.50,90.46,89.76,89.58,89.35,89.30,89.39,89.57,89.80,90.34,91.12,91.90,92.07,91.45,90.70,90.11,89.85,89.99,90.62,91.44,92.28,93.09,94.02,95.01,96.06,97.21,98.77,100.77,102.79,104.28,104.67,105.05,105.49,105.88,105.99,106.28,107.62,109.31,110.06,109.80,105.79,100.79,96.73,93.97,94.51,96.77,99.38,100.73,101.02,100.03,97.31,92.89,90.16,89.24,88.82,88.51,88.60,88.82,89.11,89.40,89.61,89.78,91.35,94.05,97.37,100.02,101.56,101.78,100.75,98.33,93.07,90.25,88.93,86.98,83.81,81.36,80.04,79.76,79.64,79.55,79.47,79.40,79.33,79.30,79.28,79.25,79.25,79.58,80.91,82.44,83.74,84.47,84.77,85.44,86.68,88.39,89.57,89.40,87.08,82.89,79.29,76.66,74.50,73.61,75.56,77.73,78.88,79.01,78.27,77.27,76.21,75.66,75.68,75.92,76.33,76.90,77.53,78.09,78.52,78.98,79.52,80.17,80.88,81.35,82.42,83.77,84.54,85.73,86.22,86.33,86.46,86.83,87.48,88.36,89.34,90.15,90.84,91.61,92.36,92.88,93.12,92.57,91.62,90.55,89.72,89.11,88.80,88.83,89.30,89.75,91.92,94.93,97.81,99.86,100.92,101.72,102.21,101.54,100.82,99.67,98.25,96.95,96.31,96.03,95.82,95.40,94.11,91.17,86.29,80.75,76.99,74.03,72.09,70.88,70.24,69.96,69.90,69.90,69.90,69.90,69.90,69.90,69.90,69.90,69.90,69.90,69.90,69.90,69.90,69.90,70.55,72.06,74.56,77.62,80.13,82.12,83.75,85.19,85.94,87.25,89.29,90.97,92.33,93.01,93.31,93.53,93.18,92.63,92.00,91.38,91.06
68.22,67.25,66.36,65.53,64.80,64.99,65.41,66.20,67.47,68.57,70.03,71.14,71.45,70.59,69.32,67.89,66.72,66.30,66.48,67.88,71.74,78.22,84.51,89.52,95.15,100.09,100.96,102.07,101.64,100.26,98.58,97.18,95.97,94.71,93.40,92.26,91.40,91.41,91.88,92.28,92.97,93.83,94.16,93.59,92.50,91.34,90.38,89.74,89.52,89.28,89.17,89.22,89.43,89.67,89.95,90.49,91.11,91.11,90.54,90.04,89.72,89.57,89.64,89.90,90.45,91.25,91.99,93.09,94.42,95.88,97.36,98.85,100.48,102.03,103.12,103.51,103.69,103.83,104.00,104.32,105.42,107.16,108.92,109.73,109.12,106.18,102.07,97.37,92.22,91.06,92.80,96.12,99.21,99.97,98.00,94.42,90.69,89.59,89.06,88.67,88.45,88.60,88.87,89.18,89.47,89.70,89.91,91.72,94.68,98.07,100.39,101.75,101.91,101.11,99.61,95.63,93.12,91.60,89.48,85.38,81.78,79.89,79.67,79.47,79.37,79.29,79.21,79.13,79.06,78.99,78.95,78.99,79.28,79.77,80.32,80.93,81.63,81.89,82.77,84.27,86.09,87.46,87.90,86.43,83.05,79.79,77.21,74.78,73.34,74.58,76.59,77.42,77.44,77.07,76.41,75.44,74.87,74.97,75.72,76.60,77.41,78.08,78.53,78.88,79.32,80.16,81.56,83.53,84.84,86.16,87.18,87.16,87.81,88.13,88.22,88.35,88.73,89.31,90.17,91.24,92.30,93.09,93.95,94.79,95.39,95.72,95.33,94.28,92.69,91.06,89.96,89.30,89.01,89.18,89.53,91.08,93.73,97.11,99.75,101.08,102.04,102.64,102.01,101.37,100.66,99.88,99.13,98.74,98.58,98.29,97.29,94.55,91.17,86.82,82.08,78.39,76.03,74.73,73.29,71.19,70.22,69.96,69.91,69.90,69.90,69.90,69.90,69.90,69.90,69.90,69.90,69.90,69.90,69.90,69.90,70.01,70.28,71.03,74.16,77.65,80.47,82.16,83.41,83.95,84.95,86.75,88.89,90.56,91.47,91.84,92.02,92.15,92.42,92.71,92.80,92.42
68.33,67.36,66.42,65.50,64.74,64.70,64.83,65.33,66.46,67.69,69.04,69.94,70.08,69.25,67.96,66.55,65.34,64.71,64.69,65.02,67.48,73.19,81.15,86.34,91.55,96.84,100.22,102.01,102.08,101.01,99.23,97.61,96.10,94.58,93.06,91.69,90.71,90.52,90.78,91.11,91.83,92.68,93.25,93.15,92.10,90.99,90.17,89.68,89.41,89.17,89.04,89.06,89.26,89.49,89.69,90.00,90.34,90.28,89.94,89.64,89.44,89.31,89.32,89.50,89.85,90.40,91.08,92.25,93.74,95.37,96.97,98.39,99.74,100.99,101.95,102.40,102.55,102.63,102.70,102.87,104.15,105.90,107.57,108.49,107.71,105.31,102.05,97.86,92.03,90.03,90.55,92.58,95.25,96.17,94.42,91.70,89.73,89.17,88.75,88.43,88.33,88.67,89.05,89.37,89.69,90.18,90.98,93.12,96.07,99.07,100.71,101.79,101.99,101.41,100.36,98.00,96.09,94.42,92.16,88.55,83.42,80.17,79.67,79.44,79.30,79.16,79.01,78.89,78.81,78.73,78.67,78.68,78.89,79.15,79.39,79.65,80.03,80.22,80.93,82.27,84.08,85.05,85.49,85.04,83.30,80.14,77.52,75.02,73.28,73.67,75.19,75.73,75.69,75.50,75.14,74.47,74.41,75.10,76.14,77.09,77.97,78.67,79.07,79.31,80.12,81.67,83.96,86.43,87.82,88.71,89.18,89.06,89.39,89.72,89.92,90.08,90.59,91.20,92.05,93.10,94.00,94.35,94.68,95.05,95.36,95.64,96.32,96.32,95.08,93.10,91.59,90.31,89.44,89.49,89.69,91.57,94.62,97.99,100.17,101.32,102.22,102.89,102.68,102.13,101.51,100.95,100.53,100.28,100.22,99.96,98.82,95.62,91.48,87.29,83.49,80.67,79.13,78.21,76.86,74.55,72.53,70.89,70.03,69.91,69.90,69.90,69.90,69.90,69.90,69.90,69.90,69.90,69.90,69.90,69.90,69.90,69.90,70.13,72.02,75.12,78.22,80.37,81.55,82.01,82.67,84.01,86.17,87.89,89.14,89.88,90.06,90.36,90.89,91.47,91.87,91.86
68.07,67.08,66.17,65.39,64.83,64.60,64.44,64.59,65.37,66.64,67.85,68.62,68.73,67.96,66.72,65.36,64.20,63.57,63.42,63.34,64.54,68.60,77.20,83.18,88.06,93.11,98.84,101.56,102.46,101.92,100.04,98.22,96.42,94.67,92.97,91.35,90.27,89.89,89.93,90.19,90.83,91.61,92.34,92.63,91.69,90.65,89.96,89.61,89.32,89.06,88.91,88.90,89.06,89.27,89.44,89.58,89.68,89.60,89.47,89.32,89.17,89.03,89.02,89.19,89.44,89.76,90.34,91.57,93.14,94.79,96.23,97.53,98.68,99.75,100.73,101.28,101.47,101.53,101.52,101.51,102.72,104.31,105.86,106.87,106.13,104.16,101.63,98.18,92.36,89.82,89.14,89.65,91.35,92.19,91.06,89.56,89.15,88.77,88.39,88.17,88.25,88.75,89.24,89.76,90.45,91.54,93.06,95.31,97.95,100.36,101.20,101.97,102.24,101.91,101.12,100.06,98.78,97.10,94.74,91.59,85.11,80.59,79.69,79.44,79.27,79.07,78.88,78.72,78.64,78.56,78.44,78.35,78.45,78.63,78.77,78.85,78.92,79.07,79.56,80.60,82.13,82.58,82.88,83.30,83.14,80.36,77.74,75.25,73.28,72.78,73.66,73.98,73.94,73.91,73.84,73.74,74.33,75.58,76.75,77.67,78.60,79.54,80.40,81.08,82.26,84.15,86.63,88.89,90.02,90.45,90.53,90.53,90.65,91.03,91.34,91.51,92.03,92.57,93.29,94.12,94.61,94.47,94.26,94.13,94.13,94.30,95.97,97.38,97.34,95.64,94.15,92.65,91.42,91.11,91.18,93.34,96.47,99.30,100.76,101.63,102.42,103.13,103.37,102.96,102.37,101.89,101.66,101.48,101.46,101.15,99.95,96.85,92.19,88.14,85.18,83.23,82.31,81.53,80.26,78.14,75.59,72.89,71.19,70.70,70.66,70.41,70.47,70.57,70.27,69.98,69.90,69.90,69.90,69.90,69.90,69.90,69.90,69.97,70.58,72.97,75.95,78.22,79.22,79.65,80.07,80.99,83.00,84.86,86.44,87.52,87.81,88.26,88.88,89.55,90.19,90.70
67.43,66.49,65.77,65.29,65.03,64.81,64.59,64.46,64.63,65.62,66.58,67.20,67.30,66.63,65.52,64.45,63.72,63.52,63.42,63.34,63.57,65.30,71.41,79.40,85.42,90.05,95.96,100.39,102.88,103.13,101.11,99.14,97.27,95.47,93.69,91.86,90.42,89.82,89.75,89.85,90.21,90.85,91.50,91.84,91.34,90.47,89.86,89.56,89.31,89.02,88.78,88.69,88.80,88.96,89.12,89.25,89.30,89.22,89.13,89.01,88.85,88.72,88.70,88.91,89.23,89.59,90.01,91.23,92.85,94.31,94.89,95.93,97.03,98.19,99.40,100.11,100.36,100.36,100.22,100.26,101.13,102.42,103.83,104.91,104.59,103.12,101.07,98.16,93.01,90.12,88.83,88.64,89.43,89.80,89.45,88.92,88.63,88.31,87.99,87.98,88.35,88.83,89.35,90.61,92.61,95.09,97.18,98.90,100.65,102.22,102.20,102.59,103.01,103.05,102.28,101.39,100.55,99.31,96.95,93.06,86.04,81.03,79.72,79.44,79.27,79.10,78.94,78.79,78.70,78.58,78.34,78.02,77.97,78.05,78.14,78.20,78.24,78.42,78.86,79.50,80.16,80.25,80.39,81.10,81.81,80.29,77.98,75.53,73.32,71.87,72.04,72.21,72.30,72.49,72.79,73.79,75.08,76.36,77.41,78.40,79.42,81.08,83.90,86.44,87.80,88.63,89.29,89.96,90.49,90.85,91.09,91.26,91.41,91.82,92.18,92.25,92.33,92.49,92.72,92.86,92.58,92.14,91.82,91.62,91.46,91.48,93.23,96.17,99.07,99.00,98.68,98.29,97.52,96.02,96.11,97.65,99.44,100.63,101.46,102.09,102.78,103.50,103.98,103.77,103.32,102.89,102.61,102.38,102.20,101.61,100.30,98.06,93.75,90.08,87.59,85.84,84.88,83.77,82.30,80.55,79.22,77.16,75.11,73.71,73.55,72.33,72.61,73.12,71.65,70.28,69.90,69.90,69.90,69.90,69.90,69.90,69.90,69.92,70.06,71.92,74.09,75.21,75.67,76.13,76.58,77.31,79.11,81.48,83.28,84.41,85.08,85.88,86.52,87.25,88.22,89.37
66.85,66.20,65.74,65.42,65.23,65.01,64.80,64.57,64.44,64.88,65.36,65.75,65.89,65.43,64.73,64.06,63.61,63.50,63.42,63.34,63.27,64.09,68.62,77.35,83.83,87.92,92.89,99.06,102.53,103.37,102.13,100.18,98.25,96.38,94.53,92.66,91.09,90.17,89.74,89.66,89.86,90.26,90.73,91.05,90.76,90.19,89.76,89.50,89.26,88.96,88.70,88.54,88.55,88.69,88.82,88.90,88.92,88.84,88.77,88.67,88.54,88.41,88.45,88.69,89.03,89.41,89.76,90.72,91.85,92.77,93.12,94.05,95.32,96.81,98.37,99.27,99.51,99.42,99.23,99.26,99.99,101.12,102.36,103.32,103.21,102.06,100.00,96.86,92.58,89.96,88.49,87.88,88.13,88.28,88.28,88.17,87.97,87.80,87.75,87.95,88.39,88.89,89.39,91.21,94.20,97.61,100.04,101.73,103.17,104.26,103.97,103.90,104.04,104.05,103.37,102.57,101.69,100.47,98.18,93.33,85.94,80.92,79.71,79.44,79.29,79.21,79.14,79.02,78.94,78.79,78.50,78.10,77.85,77.67,77.55,77.48,77.49,77.57,77.91,78.31,78.51,78.41,78.36,78.95,79.88,79.28,77.15,74.69,72.52,71.21,71.12,71.27,71.44,71.80,72.73,74.31,75.86,77.15,78.25,79.52,81.63,84.33,87.08,89.01,89.90,90.25,90.34,90.51,90.82,91.09,91.30,91.48,91.62,91.77,91.79,91.55,91.25,91.11,91.10,91.05,90.59,90.09,89.75,89.55,89.48,89.74,91.78,95.54,99.70,100.25,100.38,100.40,100.05,98.94,99.04,99.97,100.96,101.63,102.27,102.81,103.37,103.95,104.43,104.48,104.24,103.90,103.59,103.33,102.84,101.95,100.54,98.60,94.91,91.92,89.99,88.44,87.22,85.72,83.97,82.24,81.29,80.02,78.68,77.67,77.51,76.38,76.00,75.53,73.57,71.78,70.68,70.10,69.91,69.90,69.90,69.90,69.90,69.90,69.90,70.85,71.95,72.40,72.54,72.80,73.05,73.56,75.16,77.88,80.16,81.74,82.75,83.57,84.18,84.95,86.13,87.59
66.43,66.12,65.90,65.67,65.44,65.21,65.02,64.81,64.60,64.57,64.58,64.72,64.86,64.65,64.40,64.09,63.81,63.65,63.55,63.45,63.35,63.90,67.28,75.99,82.61,86.32,90.12,97.73,101.78,103.11,102.97,101.12,99.22,97.34,95.43,93.61,92.02,90.75,89.89,89.60,89.66,89.81,90.06,90.31,90.13,89.88,89.64,89.41,89.17,88.88,88.63,88.43,88.33,88.43,88.53,88.56,88.54,88.47,88.38,88.31,88.21,88.10,88.21,88.47,88.80,89.17,89.50,90.10,90.61,90.95,91.31,92.21,93.72,95.60,97.48,98.58,98.75,98.59,98.40,98.42,99.11,100.12,101.16,101.86,101.83,100.92,98.74,95.23,91.75,89.60,88.17,87.28,87.20,87.24,87.34,87.39,87.36,87.41,87.70,88.07,88.47,88.95,89.41,91.55,95.16,99.28,102.07,104.08,105.58,106.41,106.08,105.58,105.25,104.95,104.22,103.41,102.28,100.82,98.41,92.69,85.22,80.53,79.69,79.45,79.36,79.38,79.41,79.33,79.26,79.08,78.79,78.40,77.97,77.53,77.16,76.90,76.83,76.68,76.81,77.01,76.98,76.77,76.55,76.83,77.55,77.54,75.63,73.28,71.40,70.68,70.58,70.72,70.94,71.43,73.03,74.93,76.62,78.01,79.30,81.01,84.32,87.80,89.60,90.06,90.32,90.49,90.59,90.75,91.00,91.16,91.25,91.40,91.48,91.32,90.88,90.20,89.56,89.13,89.00,88.98,88.64,88.19,87.88,87.78,88.04,88.72,91.14,95.25,99.75,100.46,100.70,100.84,100.88,100.73,100.85,101.26,101.81,102.41,102.99,103.42,103.80,104.17,104.56,104.91,104.98,104.84,104.56,104.22,103.38,102.21,100.74,98.89,95.99,93.78,92.36,90.93,89.34,87.44,85.40,83.58,82.71,82.16,81.80,81.56,81.39,80.71,79.45,77.72,75.64,73.75,71.87,70.54,70.02,69.91,69.90,69.90,69.90,69.90,69.90,69.97,70.09,70.17,70.12,70.13,70.15,70.42,71.70,74.37,77.03,79.13,80.43,81.17,81.79,82.69,84.04,85.66
66.54,66.30,66.11,65.92,65.69,65.45,65.24,65.09,65.14,65.53,65.51,65.42,65.40,65.37,65.22,64.96,64.67,64.42,64.22,63.99,63.76,63.97,66.29,74.14,80.84,85.12,88.93,96.64,100.89,102.61,103.08,101.45,99.91,98.23,96.34,94.61,93.03,91.56,90.38,89.77,89.54,89.56,89.69,89.81,89.75,89.60,89.42,89.23,88.99,88.75,88.51,88.30,88.17,88.15,88.21,88.22,88.17,88.09,88.00,87.94,87.85,87.78,87.91,88.13,88.42,88.75,89.06,89.42,89.72,89.95,90.19,91.06,92.72,94.72,96.62,97.85,97.99,97.75,97.57,97.79,98.48,99.33,100.01,100.20,100.19,99.41,97.59,94.64,91.28,89.31,87.94,86.94,86.63,86.59,86.59,86.76,87.26,87.75,88.16,88.52,88.82,89.06,89.43,91.23,94.60,99.26,102.95,105.87,107.87,108.65,108.15,107.47,106.73,105.75,104.23,103.01,101.72,99.77,96.27,90.51,83.90,80.06,79.68,79.51,79.50,79.59,79.67,79.64,79.57,79.43,79.16,78.78,78.42,77.98,77.52,77.06,76.66,76.03,75.65,75.48,75.34,75.07,74.83,74.72,74.72,74.53,73.20,71.69,70.56,70.28,70.20,70.27,70.43,70.99,72.93,75.11,77.22,79.17,80.94,83.32,86.33,88.91,89.90,90.11,90.26,90.42,90.55,90.70,90.77,90.79,90.84,90.93,91.01,90.75,90.04,88.91,87.91,87.15,86.85,86.90,86.80,86.41,86.12,86.38,87.52,88.70,91.32,95.32,99.51,100.30,100.71,101.06,101.37,101.55,101.75,102.13,102.61,103.02,103.00,103.01,103.11,103.31,103.67,104.30,104.99,105.45,105.34,104.82,103.73,102.40,100.97,99.38,97.45,95.87,94.58,93.06,90.97,88.65,86.47,84.90,84.41,83.99,83.64,83.36,82.96,82.05,80.80,79.25,77.34,75.34,73.27,71.56,70.50,70.00,69.90,69.90,69.90,69.90,69.90,69.90,69.91,69.92,69.91,69.90,69.90,69.98,70.44,71.73,73.80,76.01,77.50,78.33,79.24,80.48,82.13,83.90
66.81,66.55,66.35,66.17,65.94,65.71,65.53,65.59,66.03,66.68,66.80,66.74,66.68,66.64,66.28,65.91,65.61,65.31,65.04,64.65,64.18,64.00,65.53,72.84,79.69,84.42,88.09,94.58,99.28,101.96,102.79,101.76,100.55,99.03,97.24,95.60,94.04,92.44,91.00,90.04,89.57,89.43,89.41,89.43,89.43,89.33,89.18,89.01,88.78,88.59,88.43,88.29,88.17,88.09,88.05,87.97,87.84,87.74,87.66,87.59,87.52,87.49,87.60,87.80,88.05,88.33,88.59,88.85,89.09,89.32,89.60,90.47,92.16,94.17,95.96,97.08,97.15,96.88,96.73,97.17,97.89,98.63,99.04,98.77,98.55,97.81,96.32,93.91,90.85,89.06,87.74,86.66,86.12,86.03,86.19,86.65,87.50,88.23,88.74,89.20,89.60,89.69,89.68,90.89,93.84,98.73,102.85,106.58,109.12,109.87,109.42,108.62,107.40,105.73,103.69,102.17,100.26,97.44,93.18,87.89,82.66,79.83,79.69,79.62,79.67,80.30,81.20,81.66,81.60,80.97,80.10,79.28,78.92,78.49,78.03,77.56,77.05,76.34,75.64,75.05,74.60,74.06,73.48,72.94,72.47,72.08,71.32,70.58,70.08,70.03,69.96,69.97,70.07,70.54,72.26,74.48,76.91,79.33,81.51,83.78,86.12,87.97,88.75,89.17,89.80,90.28,90.44,90.51,90.44,90.35,90.31,90.37,90.47,89.81,88.52,86.94,86.03,85.22,84.81,84.80,84.83,84.67,84.91,85.83,87.51,89.09,91.88,95.35,98.53,99.48,100.32,100.94,101.35,101.69,102.02,102.47,102.87,102.99,102.54,102.23,102.14,102.30,102.82,103.63,104.68,105.63,105.98,105.43,104.31,103.04,101.77,100.53,99.19,98.00,96.81,95.08,92.29,89.55,87.47,86.49,86.27,85.90,85.38,84.73,83.85,82.69,81.44,80.01,78.22,76.30,74.32,72.50,71.04,70.09,69.90,69.90,69.90,69.90,69.90,69.90,69.90,69.90,69.90,69.90,69.90,69.90,69.93,70.31,71.48,73.06,74.45,75.55,76.85,78.44,80.30,82.19
67.18,66.84,66.61,66.42,66.19,65.97,65.90,66.25,67.12,67.84,68.22,68.38,68.39,68.20,67.40,66.86,66.55,66.22,65.88,65.30,64.54,63.98,64.98,72.10,79.13,84.16,87.51,91.91,97.17,101.14,102.18,102.03,101.09,99.73,98.14,96.56,95.02,93.35,91.72,90.41,89.75,89.40,89.22,89.16,89.15,89.08,88.95,88.79,88.58,88.48,88.43,88.39,88.31,88.23,88.06,87.85,87.65,87.50,87.40,87.30,87.22,87.22,87.30,87.48,87.71,87.94,88.12,88.41,88.69,88.99,89.47,90.33,91.96,93.88,95.50,96.28,96.27,96.00,95.92,96.56,97.32,97.97,98.19,97.55,96.97,96.20,94.94,92.95,90.41,88.81,87.53,86.40,85.66,85.57,86.11,86.99,88.00,88.79,89.51,90.32,91.07,91.19,90.59,90.95,93.16,97.81,101.84,106.24,109.36,110.15,109.94,108.99,107.25,104.96,102.69,100.66,97.76,94.00,89.56,85.11,81.60,79.83,79.75,79.92,80.20,81.83,84.11,85.39,85.35,83.82,81.82,80.18,79.61,79.08,78.63,78.28,77.90,77.47,76.69,75.71,74.78,73.84,72.68,71.68,70.98,70.39,70.12,69.99,69.92,69.90,69.83,69.81,69.86,70.12,71.15,73.21,75.77,78.48,80.88,82.38,83.91,85.39,86.48,87.41,88.93,90.02,90.26,90.19,90.02,89.78,89.59,89.58,89.69,88.38,86.28,84.36,83.89,83.30,82.87,82.75,82.83,83.10,84.25,85.95,87.79,89.63,92.43,94.99,96.66,97.76,99.09,100.13,100.81,101.28,101.79,102.34,102.63,102.42,101.73,101.20,101.01,101.26,102.07,103.00,104.17,105.47,106.50,106.11,105.21,104.17,103.14,102.25,101.14,100.11,99.00,97.03,93.48,90.34,88.51,88.28,88.19,87.83,87.06,85.85,84.35,82.95,81.61,80.17,78.43,76.75,75.02,73.28,71.59,70.19,69.90,69.90,69.90,69.90,69.90,69.90,69.90,69.90,69.90,69.90,69.90,69.90,69.91,69.96,70.13,70.57,71.58,72.97,74.71,76.63,78.67,80.66
67.71,67.30,66.95,66.68,66.45,66.26,66.36,66.86,67.76,68.64,69.18,69.45,69.47,69.25,68.35,67.78,67.44,66.92,66.26,65.50,64.66,63.98,64.71,71.63,78.75,84.05,87.41,91.16,95.93,99.89,101.47,101.84,101.19,100.17,98.94,97.27,95.71,94.11,92.51,91.07,90.04,89.56,89.33,89.21,89.12,89.03,88.94,88.83,88.70,88.70,88.70,88.67,88.60,88.52,88.32,88.11,87.92,87.72,87.51,87.23,86.99,86.93,87.02,87.19,87.38,87.56,87.77,88.17,88.63,89.11,89.66,90.48,91.95,93.71,95.20,95.56,95.40,95.17,95.21,95.97,96.74,97.15,97.03,96.28,95.53,94.80,93.67,91.88,89.86,88.47,87.21,86.02,85.21,85.50,86.36,87.41,88.45,89.36,91.24,93.32,95.02,95.80,94.95,93.66,93.49,96.25,99.79,104.86,108.88,110.22,110.09,108.62,106.41,103.93,101.28,96.39,92.63,89.72,86.64,83.10,80.86,79.87,80.07,81.23,83.26,86.08,88.94,90.60,90.73,88.57,85.77,83.45,81.62,80.21,79.40,79.07,78.82,78.53,77.89,76.98,75.97,74.93,73.54,72.15,70.97,70.10,69.88,69.84,69.83,69.78,69.70,69.71,69.77,69.91,70.38,72.05,74.31,76.68,78.63,79.89,81.25,82.68,83.99,85.37,87.35,89.08,89.93,89.63,89.06,88.42,87.86,87.57,87.54,85.80,83.44,81.70,81.41,81.13,80.94,81.04,81.62,82.56,84.01,85.77,87.58,89.17,90.89,92.21,92.89,93.37,93.97,96.33,99.39,100.58,101.27,101.95,102.31,101.94,101.09,100.31,99.99,100.33,101.35,102.53,103.92,105.44,106.84,107.22,106.76,106.00,105.18,104.26,103.15,102.11,100.95,98.95,95.42,92.14,90.14,89.89,89.95,89.25,88.03,86.50,84.81,83.33,81.94,80.55,79.06,77.38,75.64,73.88,72.08,70.29,69.90,69.90,69.90,69.90,69.90,69.90,69.90,69.90,69.90,69.90,69.90,69.90,69.90,69.90,69.90,70.01,70.44,71.22,73.15,75.54,77.92,80.10
68.30,67.83,67.39,67.01,66.74,66.59,66.87,67.48,68.33,69.24,69.80,70.07,70.11,69.90,69.14,68.56,68.07,67.35,66.46,65.59,64.69,63.97,64.53,71.21,78.42,83.99,87.42,90.96,95.12,98.75,100.73,101.36,101.06,100.43,99.52,97.92,96.36,94.83,93.29,91.79,90.48,89.83,89.53,89.38,89.24,89.15,89.08,89.00,88.96,89.00,89.02,88.99,88.91,88.83,88.64,88.44,88.27,88.04,87.73,87.31,86.90,86.69,86.73,86.88,87.05,87.23,87.58,88.13,88.74,89.36,89.93,90.76,92.03,93.52,94.82,94.83,94.54,94.37,94.55,95.37,96.17,96.20,95.59,94.72,93.90,93.31,92.38,90.82,89.25,87.95,86.70,85.55,84.97,85.66,86.75,87.88,89.06,90.60,93.59,96.57,98.77,99.97,99.07,96.75,94.72,95.31,98.18,103.56,108.25,110.24,110.21,108.32,105.59,102.55,99.15,92.71,88.79,86.75,84.84,82.24,80.96,80.49,80.86,82.84,86.06,89.68,93.06,95.33,95.68,93.44,90.31,87.39,84.91,83.19,82.33,82.06,81.61,80.77,79.69,78.51,77.35,76.21,74.64,72.88,71.21,70.11,69.83,69.80,69.78,69.70,69.61,69.62,69.68,69.76,69.88,70.96,72.51,74.13,75.33,76.22,77.57,79.34,81.36,83.35,85.67,87.76,88.98,88.56,87.78,86.88,86.05,85.50,85.13,83.25,81.05,79.74,79.52,79.45,79.52,79.89,80.85,82.24,83.79,85.38,86.92,88.17,89.03,89.56,89.79,89.82,89.89,92.67,96.99,99.54,100.73,101.60,102.00,101.54,100.63,99.56,99.06,99.43,100.80,102.34,103.96,105.64,107.25,108.30,108.31,107.92,107.36,106.38,105.23,103.92,102.34,100.14,96.78,93.84,92.03,91.60,91.40,90.23,88.68,87.00,85.30,83.76,82.34,81.04,79.80,78.21,76.37,74.47,72.53,70.42,69.92,69.90,69.90,69.90,69.90,69.90,69.90,69.90,69.90,69.90,69.90,69.90,69.90,69.90,69.90,69.90,69.93,70.14,72.01,74.56,77.07,79.32
68.93,68.42,67.93,67.49,67.10,66.96,67.41,68.15,68.92,69.65,69.98,70.16,70.24,70.07,69.75,69.10,68.25,67.38,66.51,65.61,64.66,63.90,64.41,70.79,78.09,84.00,87.46,90.99,94.67,97.89,99.93,100.53,100.67,100.44,99.78,98.55,97.06,95.56,94.06,92.55,91.16,90.27,89.80,89.65,89.56,89.48,89.39,89.34,89.33,89.33,89.34,89.31,89.23,89.15,88.96,88.76,88.59,88.35,88.00,87.53,87.01,86.57,86.41,86.54,86.73,86.98,87.59,88.31,89.02,89.67,90.26,91.17,92.18,93.27,94.24,94.04,93.68,93.57,93.91,94.73,95.57,95.10,93.81,92.69,91.91,91.60,91.02,89.83,88.54,87.19,85.90,84.97,85.08,86.09,87.26,88.42,89.92,92.97,96.64,99.56,101.36,102.41,101.63,99.58,97.10,95.62,97.71,102.78,107.66,110.27,110.38,108.39,105.02,100.76,96.08,91.00,87.97,86.23,84.69,83.03,82.36,82.09,82.39,84.57,87.55,91.25,95.28,98.69,99.25,97.82,95.05,91.65,89.89,89.02,88.79,88.66,87.48,85.00,82.45,80.30,78.72,77.38,75.58,73.48,71.41,70.15,69.83,69.80,69.78,69.69,69.56,69.52,69.56,69.63,69.72,69.98,70.34,70.69,70.92,71.08,72.47,75.06,78.54,81.42,84.03,86.04,87.05,86.71,86.10,85.29,84.44,83.72,82.77,81.14,79.66,78.97,78.72,78.67,78.94,79.57,80.53,81.96,83.46,84.75,85.68,86.59,87.31,87.94,88.45,88.57,88.81,90.27,93.37,98.09,100.28,101.42,101.77,101.25,100.40,99.02,98.19,98.56,100.48,102.51,104.39,106.15,107.85,109.18,109.66,109.77,109.55,108.59,107.39,105.43,102.85,100.09,96.95,95.09,94.15,93.51,92.38,90.69,88.97,87.41,85.83,84.24,82.86,81.67,80.60,79.32,77.34,75.14,72.92,70.66,70.00,69.90,69.90,69.90,69.90,69.90,69.90,69.90,69.90,69.90,69.90,69.90,69.90,69.90,69.90,69.90,69.91,69.95,71.40,73.50,75.69,77.78
69.62,69.13,68.65,68.19,67.79,67.57,67.79,68.33,69.06,69.71,70.03,70.25,70.36,70.21,69.99,69.30,68.34,67.38,66.44,65.49,64.51,63.81,64.65,70.58,77.73,83.77,86.89,89.98,92.56,94.75,96.62,98.23,99.35,99.84,99.72,99.09,97.74,96.35,95.02,93.64,92.32,91.34,90.66,90.26,90.12,89.98,89.82,89.69,89.66,89.65,89.65,89.62,89.55,89.47,89.30,89.11,88.91,88.66,88.27,87.77,87.21,86.62,86.17,86.19,86.48,86.97,87.68,88.45,89.20,89.93,90.64,91.50,92.33,93.03,93.40,93.16,92.79,92.78,93.27,94.13,94.79,94.08,92.50,91.12,90.30,90.03,89.62,88.67,87.49,86.23,85.06,84.46,85.36,86.67,87.91,89.36,91.64,95.36,99.38,102.34,103.93,104.81,103.58,101.18,98.45,96.72,98.92,103.66,108.08,110.41,110.51,108.57,105.18,100.84,96.08,91.20,88.36,86.80,85.56,84.67,84.32,84.09,84.11,85.27,87.70,91.39,95.72,99.48,100.23,99.58,97.99,95.78,94.51,94.33,94.58,94.45,92.69,89.50,86.22,83.22,80.61,78.39,76.25,74.06,71.92,70.35,69.92,69.85,69.82,69.70,69.59,69.47,69.43,69.51,69.59,69.66,69.72,69.75,69.75,69.78,70.52,72.11,74.82,78.90,82.20,84.38,85.22,84.76,84.22,83.52,82.74,82.02,81.06,79.87,78.84,78.26,78.00,78.16,78.63,79.31,80.12,81.28,82.44,83.43,84.16,84.93,85.62,86.36,87.15,87.68,88.31,89.96,93.22,98.25,100.28,101.30,101.61,101.05,100.24,98.50,97.38,97.73,99.97,102.16,104.21,106.19,108.20,110.22,111.30,111.73,111.59,110.70,108.84,106.26,103.29,100.42,97.95,96.57,95.77,94.90,93.10,90.97,89.11,87.59,86.08,84.89,83.80,82.76,81.76,80.55,78.79,76.62,74.18,71.77,70.40,69.90,69.90,69.90,69.90,69.90,69.90,69.90,69.90,69.90,69.90,69.90,69.90,69.90,69.90,69.90,69.90,69.90,70.59,71.71,73.07,74.55
70.34,69.87,69.41,68.97,68.59,68.25,68.16,68.42,69.05,69.66,70.04,70.33,70.48,70.30,70.05,69.34,68.33,67.31,66.31,65.31,64.30,63.73,65.11,70.73,77.51,83.27,85.94,88.53,90.09,91.27,92.84,95.31,97.28,98.48,99.01,99.16,98.35,97.20,96.00,94.79,93.58,92.57,91.70,91.05,90.85,90.63,90.41,90.23,90.16,90.14,90.09,90.02,89.92,89.82,89.67,89.47,89.23,88.96,88.51,87.98,87.38,86.68,85.97,85.88,86.27,86.98,87.73,88.48,89.24,90.01,90.85,91.63,92.29,92.61,92.44,92.23,91.90,91.99,92.63,93.51,93.99,93.18,91.56,90.06,89.08,88.63,88.20,87.44,86.31,85.19,84.29,84.14,85.68,87.25,88.64,90.52,93.58,97.57,101.94,105.06,106.51,107.11,105.29,102.36,99.49,98.33,100.97,105.26,108.89,110.60,110.70,108.99,105.91,101.94,97.60,92.73,89.59,87.86,86.95,86.64,86.45,86.19,85.92,86.01,87.85,91.29,95.58,99.45,100.38,100.38,99.95,99.14,98.33,98.59,99.07,98.93,96.98,93.54,89.81,86.12,82.57,79.39,76.94,74.86,73.00,71.39,70.74,70.35,70.00,69.73,69.61,69.42,69.31,69.38,69.45,69.52,69.56,69.56,69.58,69.63,69.73,70.08,71.56,76.27,80.32,82.78,83.44,82.88,82.34,81.71,81.01,80.33,79.55,78.78,78.08,77.53,77.39,77.78,78.39,79.05,79.70,80.60,81.49,82.31,83.09,83.86,84.61,85.47,86.44,87.31,88.23,90.40,94.11,98.87,100.40,101.19,101.44,100.85,100.06,97.92,96.47,96.77,99.20,101.44,103.66,105.92,108.27,110.89,112.64,113.56,113.61,112.77,110.38,107.37,104.25,101.41,99.41,98.12,97.14,96.01,93.74,91.27,89.25,87.76,86.46,85.75,84.97,84.04,83.06,81.84,80.36,78.44,76.04,73.59,71.46,70.32,70.01,69.91,69.90,69.90,69.90,69.90,69.90,69.90,69.90,69.90,69.89,69.89,69.89,69.89,69.90,69.90,69.92,70.13,70.67,71.42
71.09,70.63,70.20,69.78,69.35,68.97,68.66,68.64,69.06,69.60,70.02,70.38,70.57,70.25,69.90,69.15,68.12,67.07,66.06,65.06,64.02,63.60,65.87,71.86,77.79,82.15,84.40,86.72,88.05,88.92,90.01,91.82,93.71,95.28,96.54,97.81,98.70,98.16,96.87,95.80,94.69,93.67,92.78,92.12,91.87,91.64,91.44,91.29,91.22,91.16,90.94,90.68,90.48,90.28,90.07,89.85,89.59,89.22,88.63,88.02,87.37,86.61,85.86,85.76,86.17,86.91,87.56,88.21,88.90,89.65,90.48,91.21,91.61,91.64,91.39,91.20,91.00,91.21,91.93,92.81,93.29,92.65,91.36,90.16,88.77,87.62,86.79,86.11,85.05,84.04,83.73,84.34,86.00,87.66,89.50,91.95,95.40,99.18,104.14,107.74,109.09,109.10,106.85,103.38,100.52,100.77,104.03,107.55,109.97,110.83,111.07,110.08,107.75,104.47,100.96,96.63,92.33,89.44,89.04,88.85,88.55,88.17,87.83,87.91,89.32,91.83,95.29,99.27,100.39,100.62,100.52,100.16,99.88,99.94,100.04,99.92,99.00,95.87,91.91,87.90,84.20,80.48,77.92,76.37,75.61,74.90,73.86,72.25,70.59,69.80,69.57,69.36,69.23,69.25,69.27,69.33,69.37,69.38,69.44,69.46,69.56,69.76,70.57,73.87,78.45,81.38,81.73,81.36,80.67,79.91,79.20,78.63,78.07,77.49,76.98,76.71,77.02,77.53,78.08,78.67,79.33,80.35,81.43,82.52,83.63,84.75,85.73,86.69,87.62,88.27,88.91,91.13,94.95,99.33,100.51,101.06,101.19,100.60,99.80,97.13,95.24,95.36,97.72,100.02,102.49,105.07,107.66,110.20,112.77,114.80,115.69,114.84,112.84,110.04,106.93,104.17,101.51,99.66,98.23,96.69,94.32,91.76,89.58,88.07,87.47,87.11,86.45,85.55,84.51,83.19,81.91,80.57,79.00,76.89,74.35,72.07,70.46,69.98,69.90,69.90,69.90,69.90,69.90,69.90,69.90,69.89,69.83,69.83,69.83,69.84,69.89,69.90,69.90,69.96,70.09,70.29
71.89,71.43,70.99,70.56,70.06,69.55,69.12,68.93,69.12,69.59,70.03,70.45,70.68,70.26,69.66,68.78,67.72,66.65,65.61,64.60,63.79,63.90,66.69,73.14,78.51,81.75,83.52,85.34,86.59,87.55,88.60,90.06,91.80,93.48,95.07,96.76,98.34,98.50,97.72,96.84,95.79,94.74,93.82,93.15,92.89,92.68,92.51,92.37,92.28,92.13,91.79,91.43,91.16,90.84,90.53,90.24,89.91,89.41,88.73,88.03,87.31,86.51,85.73,85.40,85.61,86.31,86.97,87.67,88.39,89.12,89.88,90.60,90.91,90.85,90.52,89.93,89.71,90.23,91.34,92.22,92.55,92.16,91.33,90.33,88.82,87.38,86.14,85.09,84.03,83.19,83.37,84.53,86.19,87.83,89.85,92.54,96.07,99.69,104.44,108.18,109.94,109.87,107.86,104.48,101.80,102.70,106.02,108.81,110.45,110.97,111.32,110.75,109.19,106.74,103.56,100.11,96.63,94.16,93.58,93.12,92.82,92.39,91.92,92.07,93.21,94.96,97.19,99.73,100.56,100.88,100.94,100.77,100.59,100.44,100.29,99.90,98.51,95.17,91.42,87.79,84.46,81.48,79.53,78.55,78.39,78.24,77.05,74.39,71.37,69.90,69.52,69.30,69.15,69.13,69.16,69.20,69.22,69.24,69.31,69.32,69.42,69.57,69.98,71.72,76.05,79.30,80.03,79.89,79.17,78.35,77.57,76.90,76.41,76.38,76.59,76.91,77.48,77.92,78.38,78.94,79.65,80.86,82.11,83.34,84.58,85.84,86.94,88.00,89.08,90.10,91.14,93.43,96.72,99.76,100.57,100.93,100.95,100.41,99.48,96.52,94.16,93.80,96.05,98.34,100.81,103.46,106.25,109.01,112.45,115.70,117.72,117.36,116.25,113.78,110.44,107.33,104.23,101.60,99.33,97.22,94.80,92.30,90.23,88.98,88.78,88.56,87.98,87.06,85.91,84.60,83.44,82.36,81.14,79.40,77.24,74.84,72.68,71.67,71.11,70.42,69.90,69.90,69.90,69.90,69.90,69.89,69.81,69.80,69.80,69.81,69.86,69.86,69.86,69.86,69.86,69.86
72.71,72.25,71.78,71.30,70.73,70.06,69.57,69.27,69.24,69.63,70.09,70.54,70.76,70.26,69.35,68.29,67.20,66.12,65.04,64.02,63.64,64.56,67.61,74.50,79.48,81.81,83.15,84.44,85.66,86.87,88.09,89.41,90.97,92.60,94.27,95.96,97.64,98.45,98.41,97.73,96.76,95.74,94.83,94.16,93.92,93.72,93.54,93.38,93.23,92.92,92.50,92.08,91.74,91.30,90.92,90.56,90.13,89.52,88.78,88.02,87.22,86.40,85.61,84.98,84.88,85.44,86.12,86.91,87.69,88.40,89.04,89.73,89.97,89.87,89.43,88.32,88.23,89.23,90.82,91.61,91.73,91.60,91.25,90.43,89.01,87.49,85.90,84.32,83.21,82.53,83.06,84.58,86.19,87.76,89.78,92.47,95.91,99.33,103.36,106.95,109.25,109.41,108.04,105.28,103.03,104.08,107.03,109.18,110.41,110.95,111.37,111.06,110.21,108.61,105.64,103.17,101.35,99.97,98.90,98.07,97.80,97.41,96.86,97.09,97.99,99.07,100.01,100.55,100.88,101.14,101.25,101.10,100.80,100.42,99.96,98.98,96.41,92.86,89.73,86.98,84.45,82.86,81.80,81.28,81.26,81.24,79.95,76.33,72.01,69.98,69.47,69.25,69.08,69.02,69.07,69.09,69.09,69.11,69.17,69.19,69.30,69.45,69.65,70.02,73.54,76.89,78.37,78.45,77.78,76.94,76.09,75.30,74.98,75.69,76.80,77.77,78.54,78.95,79.43,80.10,80.89,82.20,83.41,84.54,85.74,87.03,88.34,89.76,91.31,92.81,94.33,96.48,98.81,100.15,100.60,100.79,100.73,100.22,99.05,95.90,93.11,92.18,94.29,96.55,98.92,101.52,104.50,107.70,111.99,116.32,119.44,119.72,119.58,117.64,114.18,110.49,107.03,103.58,100.38,97.69,95.30,93.00,91.24,90.31,90.29,90.06,89.47,88.53,87.29,86.05,84.95,83.87,82.68,81.28,79.82,77.86,75.64,74.00,72.72,71.08,69.90,69.90,69.90,69.90,69.90,69.89,69.82,69.80,69.80,69.80,69.81,69.81,69.81,69.81,69.81,69.81
73.47,73.01,72.54,72.04,71.38,70.65,70.04,69.65,69.56,69.79,70.25,70.63,70.70,70.10,68.99,67.77,66.58,65.50,64.41,63.39,63.73,65.90,68.80,75.88,80.53,82.19,83.39,84.53,85.70,86.90,88.14,89.41,90.82,92.30,93.84,95.53,97.19,98.17,98.40,97.87,97.22,96.56,95.84,95.19,94.97,94.69,94.37,94.04,93.63,93.04,92.49,91.99,91.53,91.12,90.81,90.48,90.04,89.42,88.72,87.94,87.12,86.32,85.50,84.82,84.46,84.58,85.19,85.91,86.56,87.14,87.72,88.07,87.92,87.45,86.78,85.76,86.84,88.72,90.35,90.64,90.66,90.66,90.58,90.18,88.93,87.23,85.46,83.87,82.64,81.99,82.53,84.02,85.63,87.19,89.06,91.55,94.77,97.70,100.82,103.70,105.82,106.35,105.65,104.30,103.36,104.24,106.34,108.09,109.43,110.40,110.83,110.78,110.32,109.28,107.28,105.48,104.02,102.74,101.58,100.70,100.44,100.27,100.09,100.26,100.60,101.02,101.35,101.38,101.48,101.47,101.34,101.08,100.67,100.07,98.64,96.28,93.32,90.77,89.07,87.86,86.85,86.35,85.61,84.88,84.20,83.21,81.36,76.69,71.47,69.91,69.47,69.28,69.09,68.95,68.96,68.97,68.97,68.97,69.00,69.09,69.23,69.38,69.55,69.77,71.91,74.68,76.91,77.06,76.38,75.56,74.80,74.34,75.20,76.50,77.81,79.00,80.21,81.29,82.47,83.71,84.66,85.55,85.81,86.04,86.97,88.24,90.50,93.55,96.60,97.45,98.09,98.95,99.88,100.43,100.60,100.59,100.45,99.91,98.13,94.68,91.75,90.70,92.58,94.89,97.38,100.09,103.25,107.05,111.89,116.54,119.74,120.05,120.05,119.16,116.92,112.73,108.54,104.69,101.25,98.32,96.11,94.38,92.99,92.07,91.92,91.41,90.65,89.75,88.77,87.61,86.37,85.05,83.66,82.33,81.03,79.41,77.37,74.97,72.95,71.07,69.90,69.90,69.90,69.90,69.90,69.89,69.87,69.82,69.80,69.80,69.80,69.80,69.80,69.80,69.80,69.80
74.23,73.78,73.31,72.77,72.03,71.30,70.68,70.24,70.07,70.14,70.54,70.78,70.61,69.88,68.66,67.32,66.04,64.87,63.78,63.31,64.38,67.17,70.49,77.16,81.25,82.52,83.65,84.76,85.91,87.07,88.27,89.48,90.85,92.25,93.69,95.28,96.82,97.93,98.35,97.87,97.42,96.98,96.45,95.88,95.62,95.27,94.87,94.40,93.75,93.00,92.31,91.70,91.17,90.75,90.45,90.15,89.74,89.17,88.51,87.76,86.98,86.22,85.40,84.72,84.20,83.93,84.21,84.75,85.29,85.75,86.13,86.25,85.75,84.90,84.00,83.27,84.99,87.17,88.59,88.63,88.89,89.17,89.34,89.24,88.41,86.77,85.00,83.47,82.15,81.50,81.82,82.98,84.56,86.06,87.86,90.18,93.07,95.64,98.08,100.29,101.99,102.63,102.52,102.36,102.49,103.20,104.60,105.83,107.11,108.47,109.09,109.29,108.98,108.19,107.09,106.02,105.16,104.37,103.50,102.67,102.37,102.24,102.11,102.02,101.85,101.75,101.69,101.59,101.56,101.46,101.28,101.00,100.58,99.97,98.11,95.15,92.37,90.91,90.23,89.86,89.56,89.39,88.64,87.47,85.97,84.17,81.91,76.84,71.30,69.88,69.50,69.31,69.12,68.94,68.85,68.84,68.84,68.85,68.91,69.06,69.23,69.38,69.52,69.71,70.92,73.19,75.72,75.83,75.20,74.43,73.83,73.92,75.51,77.16,78.73,80.36,82.27,84.13,85.85,87.30,88.11,88.57,88.09,87.59,88.29,90.15,93.38,96.93,99.69,100.05,100.12,100.17,100.27,100.41,100.46,100.39,100.12,99.27,96.79,93.24,90.52,89.63,91.24,93.62,96.23,99.00,102.23,106.67,111.84,116.60,119.80,120.09,120.12,119.90,118.57,114.55,109.65,105.53,102.05,99.10,97.20,95.86,94.68,93.71,93.27,92.52,91.64,90.75,89.91,88.84,87.50,86.04,84.53,83.18,81.85,80.33,78.31,75.30,72.75,70.89,69.90,69.90,69.90,69.90,69.90,69.90,69.90,69.85,69.82,69.80,69.80,69.80,69.80,69.79,69.77,69.77
75.00,74.53,74.06,73.50,72.70,72.05,71.52,71.08,70.78,70.70,70.97,70.97,70.52,69.66,68.36,66.98,65.60,64.29,63.19,63.82,65.53,68.28,72.77,78.35,81.60,82.76,83.85,85.00,86.15,87.29,88.40,89.55,90.93,92.35,93.74,95.15,96.51,97.70,98.31,97.83,97.42,97.03,96.62,96.20,95.84,95.46,95.02,94.46,93.65,92.88,92.07,91.33,90.74,90.26,89.92,89.60,89.24,88.76,88.17,87.50,86.79,86.09,85.34,84.70,84.12,83.60,83.33,83.55,83.96,84.31,84.30,84.33,83.61,82.48,81.48,81.12,82.71,84.46,85.48,85.64,86.44,87.16,87.56,87.58,87.35,86.10,84.52,83.06,81.70,81.05,81.00,81.57,83.04,84.35,86.10,88.31,90.83,93.22,95.29,96.96,98.09,98.53,98.88,99.50,100.26,100.89,101.85,102.47,103.47,105.07,106.00,106.40,106.06,105.29,104.91,104.65,104.80,104.97,104.70,104.04,103.71,103.39,102.94,102.41,101.81,101.28,100.93,100.93,101.01,101.07,101.07,100.93,100.57,100.16,98.58,96.01,93.87,93.25,92.93,92.53,91.94,91.24,90.18,88.49,86.21,83.94,81.52,76.76,71.57,69.93,69.54,69.34,69.13,68.96,68.77,68.71,68.71,68.75,68.90,69.11,69.29,69.42,69.52,69.68,70.53,72.47,74.81,74.78,74.23,73.53,73.17,73.98,75.67,77.44,79.34,81.63,84.42,87.02,89.03,90.30,90.74,90.89,90.11,89.25,89.81,92.79,96.72,99.37,100.04,100.23,100.21,100.12,100.02,99.96,100.08,100.06,99.60,98.19,95.05,91.68,89.48,88.99,90.34,92.78,95.47,98.22,101.42,106.44,111.77,116.54,119.80,120.09,120.16,120.08,119.20,116.04,110.59,106.24,102.86,100.08,98.52,97.30,96.17,95.13,94.28,93.38,92.46,91.56,90.67,89.65,88.25,86.69,85.17,83.78,82.31,80.65,78.44,75.09,72.40,70.82,70.14,70.12,70.11,70.06,70.03,69.99,69.91,69.89,69.85,69.81,69.80,69.80,69.80,69.77,69.72,69.71
75.76,75.29,74.78,74.18,73.49,72.97,72.47,72.02,71.67,71.53,71.39,71.03,70.39,69.46,68.12,66.71,65.31,63.95,63.03,64.20,66.26,69.42,75.90,79.82,81.88,83.02,84.10,85.25,86.38,87.50,88.60,89.60,90.85,92.19,93.53,94.83,96.14,97.31,98.02,97.93,97.58,97.19,96.80,96.42,96.03,95.65,95.10,94.38,93.57,92.76,91.95,91.18,90.50,89.94,89.50,89.10,88.69,88.22,87.71,87.13,86.52,85.94,85.46,85.08,84.69,84.24,83.77,83.34,83.06,82.85,82.52,82.31,81.75,81.02,80.40,80.18,80.93,81.89,82.72,83.38,84.38,85.16,85.57,85.59,85.54,84.97,83.93,82.50,81.12,80.59,80.49,80.75,81.60,82.20,83.32,85.15,87.71,90.29,92.11,93.33,94.05,94.37,94.69,95.34,96.21,97.06,97.94,98.64,99.55,100.73,101.33,101.62,101.57,101.40,101.65,102.16,102.84,103.38,103.47,103.50,103.34,102.93,102.31,101.58,100.44,99.08,98.06,98.32,99.89,100.54,100.68,100.73,100.53,100.26,99.31,97.67,95.80,94.37,93.23,92.18,90.97,89.03,87.30,85.66,83.83,81.27,78.80,74.73,70.66,69.81,69.55,69.34,69.14,68.97,68.75,68.63,68.61,68.69,68.89,69.12,69.30,69.45,69.62,69.78,70.53,72.09,73.85,73.59,73.06,72.52,72.51,73.87,75.57,77.31,79.10,81.19,84.18,87.16,89.49,91.02,91.85,92.44,92.17,91.77,92.52,95.28,98.04,99.70,100.05,100.21,100.14,99.69,99.03,98.56,98.73,98.65,97.94,96.18,93.01,90.38,88.84,88.61,89.91,92.29,94.96,97.66,100.72,105.91,111.34,116.29,119.78,120.09,120.17,120.11,119.65,117.77,112.26,107.71,104.22,101.34,99.48,98.22,97.11,96.06,95.09,94.16,93.25,92.33,91.26,90.02,87.94,85.81,84.13,82.80,81.44,79.68,77.29,74.26,73.12,72.76,72.60,72.44,72.38,71.82,71.32,70.91,70.06,69.90,69.88,69.84,69.81,69.80,69.80,69.79,69.75,69.71
76.55,76.06,75.51,74.92,74.37,73.94,73.44,72.91,72.45,72.12,71.56,70.91,70.17,69.18,67.81,66.38,64.96,63.63,63.10,64.59,66.82,70.33,78.26,80.95,82.12,83.25,84.35,85.49,86.60,87.71,88.78,89.62,90.73,91.98,93.26,94.49,95.77,96.82,97.54,97.80,97.66,97.36,96.99,96.61,96.22,95.77,95.10,94.28,93.49,92.67,91.90,91.15,90.45,89.84,89.37,88.95,88.53,88.05,87.52,87.03,86.58,86.17,85.92,85.76,85.55,85.19,84.61,83.75,82.96,82.32,81.78,81.34,80.90,80.46,80.06,79.78,79.77,80.02,80.59,81.50,82.46,83.17,83.53,83.51,83.51,83.56,83.07,81.80,80.55,80.15,80.08,80.15,80.41,80.45,80.94,82.17,84.36,86.78,88.20,88.83,89.00,89.26,89.67,90.49,91.59,92.75,93.91,95.01,96.02,96.80,97.02,97.14,97.31,97.61,98.21,99.27,100.33,101.20,101.80,102.42,102.49,102.13,101.41,100.34,98.38,96.08,94.29,94.34,96.67,98.67,99.92,100.42,100.40,100.10,99.39,98.16,96.25,94.03,91.90,89.91,87.84,85.00,82.70,81.11,79.76,77.25,75.20,72.37,69.80,69.64,69.49,69.28,69.08,68.91,68.70,68.53,68.51,68.66,68.88,69.10,69.28,69.47,69.68,69.86,70.54,71.68,72.75,72.37,71.91,71.60,71.91,73.60,75.28,76.94,78.54,80.33,83.22,86.42,89.11,91.05,92.29,93.31,93.55,93.54,94.22,96.12,97.84,99.14,99.91,100.12,100.05,99.30,98.06,97.00,96.82,96.57,95.73,93.92,91.15,89.22,88.26,88.33,89.65,91.93,94.54,97.17,100.12,105.21,110.49,115.51,119.40,120.00,120.15,120.10,119.89,118.84,113.54,109.01,105.50,102.54,100.33,98.95,97.82,96.71,95.65,94.67,93.75,92.76,91.56,90.07,87.30,84.51,82.53,81.30,80.14,78.29,75.94,74.16,74.68,75.45,75.77,75.48,75.22,74.19,73.18,72.15,70.35,69.93,69.90,69.88,69.83,69.83,69.83,69.81,69.79,69.73
77.36,76.84,76.30,75.78,75.35,74.91,74.35,73.68,72.90,72.09,71.24,70.49,69.77,68.69,67.35,65.91,64.45,63.24,63.45,65.06,67.22,70.77,78.65,81.25,82.34,83.45,84.59,85.70,86.82,87.93,88.89,89.59,90.59,91.76,93.00,94.17,95.41,96.23,96.75,97.17,97.51,97.46,97.19,96.80,96.40,95.75,95.00,94.21,93.38,92.64,91.93,91.27,90.69,90.15,89.76,89.49,89.22,88.68,87.94,87.49,87.31,87.21,87.00,86.87,86.69,86.31,85.66,84.93,84.28,83.71,83.11,82.58,81.98,81.28,80.55,79.92,79.60,79.49,79.61,80.05,80.64,81.17,81.48,81.43,81.42,81.78,81.71,80.86,80.06,79.77,79.69,79.69,79.69,79.69,79.83,80.18,80.94,82.38,83.01,82.70,81.97,82.27,83.20,84.83,86.66,88.15,90.15,92.01,93.40,94.11,94.20,94.18,94.24,94.45,94.91,96.09,97.42,98.85,100.37,101.15,101.48,101.37,100.62,98.85,95.58,92.26,89.65,88.50,89.48,94.14,98.49,99.96,100.05,99.46,98.03,95.89,93.49,91.27,88.36,85.08,81.93,79.13,76.69,74.85,73.46,71.63,70.90,70.24,69.60,69.45,69.30,69.09,68.89,68.73,68.56,68.41,68.44,68.65,68.88,69.05,69.25,69.45,69.63,69.84,70.39,71.01,71.38,71.14,70.91,70.90,71.46,73.09,74.73,76.27,77.77,79.43,81.89,85.16,88.29,90.73,92.04,93.19,93.51,93.36,93.34,93.70,95.46,97.72,99.60,99.97,100.01,99.13,97.47,95.58,94.24,93.62,92.95,91.60,89.78,88.24,87.65,88.14,89.50,91.67,94.16,96.73,99.61,104.31,108.90,113.74,118.28,119.76,120.08,120.07,119.78,118.46,113.70,109.62,106.38,103.51,101.13,99.56,98.28,97.05,95.81,94.71,93.62,92.52,91.34,89.68,86.49,83.12,80.58,79.50,78.58,76.65,74.80,75.77,77.44,78.75,79.32,79.01,78.31,77.10,75.60,73.65,70.84,70.03,69.90,69.90,69.89,69.89,69.89,69.86,69.80,69.78
77.69,76.85,76.08,75.39,74.74,74.28,73.80,73.17,72.36,71.50,70.65,69.86,69.06,68.00,66.76,65.39,63.94,62.86,63.80,65.60,67.70,71.15,78.95,81.51,82.59,83.69,84.84,85.94,87.04,88.05,88.84,89.48,90.34,91.42,92.65,93.80,94.84,95.52,95.97,96.44,96.90,97.16,97.17,96.91,96.42,95.70,94.95,94.20,93.45,92.80,92.18,91.59,91.05,90.55,90.22,90.02,89.81,89.26,88.50,88.13,88.09,88.14,88.01,87.91,87.76,87.45,86.85,86.26,85.70,85.13,84.49,83.90,82.90,81.62,80.38,79.85,79.54,79.35,79.26,79.34,79.67,80.04,80.27,80.24,80.27,80.56,80.61,80.17,79.70,79.45,79.36,79.34,79.27,79.22,79.27,79.40,79.70,80.34,80.54,80.20,79.63,79.76,80.38,81.69,83.49,85.53,87.94,89.77,90.95,91.47,91.34,91.18,91.17,91.32,91.66,92.77,94.15,95.72,97.46,98.63,99.34,99.33,98.30,95.78,92.34,89.12,86.47,84.73,84.54,88.25,92.50,94.87,95.61,95.54,94.52,92.57,89.91,87.07,83.89,80.57,77.45,74.60,72.76,71.60,70.79,69.89,69.67,69.57,69.41,69.26,69.11,68.90,68.70,68.54,68.39,68.32,68.40,68.61,68.83,69.03,69.22,69.39,69.52,69.71,70.00,70.26,70.40,70.30,70.27,70.40,70.99,72.53,74.05,75.45,76.98,78.93,81.50,84.76,87.93,90.43,91.61,92.25,92.18,91.58,90.87,91.09,93.21,96.04,98.60,99.59,99.27,97.99,96.08,93.97,92.46,91.47,90.59,89.55,88.31,87.15,86.96,87.86,89.30,91.40,93.81,96.32,99.06,103.00,107.16,111.75,116.45,119.40,120.03,120.03,119.54,117.46,113.21,109.61,106.67,104.00,101.72,99.73,97.75,95.93,94.85,93.77,92.66,91.61,90.54,88.47,84.77,81.35,79.31,78.17,77.25,76.37,76.08,77.53,79.08,80.21,80.77,80.65,80.00,79.08,77.54,75.18,72.26,70.91,70.43,70.31,70.22,70.05,69.94,69.88,69.84,69.81
77.50,76.30,75.30,74.44,73.53,73.11,72.75,72.22,71.45,70.68,69.92,69.12,68.25,67.25,66.12,64.82,63.48,62.64,64.19,66.17,68.43,72.08,79.36,81.81,82.90,84.00,85.13,86.15,87.18,88.08,88.71,89.33,90.06,91.05,92.26,93.37,94.17,94.75,95.22,95.68,96.15,96.66,96.98,96.93,96.39,95.67,94.96,94.28,93.62,93.06,92.51,91.97,91.44,90.97,90.70,90.52,90.31,89.77,89.08,88.78,88.82,88.99,88.96,88.89,88.79,88.58,88.13,87.66,87.16,86.58,85.87,85.07,83.54,81.65,80.05,79.74,79.54,79.37,79.21,79.01,79.09,79.28,79.44,79.46,79.54,79.67,79.73,79.61,79.38,79.16,79.05,79.03,78.95,78.87,78.90,79.02,79.19,79.22,79.16,79.05,78.90,78.84,79.01,79.79,81.33,83.78,86.25,87.73,88.51,88.76,88.41,88.14,88.08,88.17,88.45,89.46,90.80,92.34,93.98,95.33,96.11,96.07,94.82,91.92,88.83,86.08,83.70,81.78,80.83,82.65,85.72,88.61,90.10,90.77,90.41,88.88,86.01,82.51,79.31,76.44,73.75,71.18,70.15,69.78,69.62,69.50,69.46,69.36,69.21,69.06,68.90,68.70,68.51,68.35,68.20,68.24,68.36,68.54,68.76,68.98,69.15,69.28,69.38,69.52,69.56,69.59,69.66,69.68,69.78,69.97,70.50,71.85,73.27,74.67,76.37,78.65,81.42,84.55,87.53,89.86,90.81,90.83,90.23,89.19,88.11,88.91,91.48,94.67,97.55,98.77,97.96,96.31,94.34,92.28,90.97,89.77,88.67,87.76,86.85,86.13,86.38,87.62,89.13,91.18,93.53,96.01,98.59,101.78,105.56,109.74,114.21,118.44,119.55,119.65,118.93,116.16,112.43,109.21,106.45,103.95,101.78,99.20,96.39,94.00,93.22,92.28,91.26,90.27,89.15,86.71,82.87,79.83,78.49,77.32,76.42,76.69,77.88,79.09,80.20,81.01,81.51,81.60,81.08,80.48,79.04,76.60,73.91,72.11,71.29,71.03,70.84,70.49,70.17,69.96,69.89,69.83
75.94,74.70,73.75,72.96,72.11,71.89,71.68,71.21,70.45,69.73,69.01,68.26,67.44,66.54,65.42,64.19,63.17,63.02,64.74,66.70,69.95,74.98,80.27,82.29,83.40,84.48,85.53,86.23,87.03,87.86,88.52,89.14,89.75,90.66,91.86,92.86,93.44,93.95,94.46,94.92,95.44,95.98,96.45,96.71,96.41,95.77,95.13,94.55,93.97,93.43,92.89,92.35,91.82,91.36,91.16,90.92,90.53,90.05,89.51,89.26,89.36,89.74,89.77,89.75,89.72,89.66,89.46,89.09,88.62,88.03,87.17,85.61,83.33,81.16,79.94,79.72,79.61,79.53,79.44,79.16,78.87,78.86,79.00,79.06,79.19,79.30,79.33,79.23,79.06,78.88,78.77,78.71,78.63,78.55,78.58,78.65,78.68,78.58,78.50,78.41,78.30,78.21,78.55,79.34,80.70,82.76,84.67,85.55,85.85,85.78,85.23,84.96,84.89,84.97,85.32,86.34,87.62,88.98,90.20,90.64,90.41,89.95,89.13,87.18,84.83,82.56,80.63,79.37,78.78,79.69,81.50,83.70,85.59,86.79,86.66,85.05,82.03,78.32,75.46,73.18,71.12,70.12,69.72,69.53,69.43,69.30,69.23,69.12,68.96,68.81,68.65,68.48,68.31,68.16,68.02,68.13,68.30,68.47,68.64,68.81,68.94,69.05,69.18,69.28,69.26,69.26,69.34,69.39,69.44,69.59,69.95,70.77,72.27,74.18,76.31,78.66,81.32,84.05,86.48,88.27,88.93,88.64,87.64,86.52,86.23,88.38,91.44,94.70,97.19,96.74,95.43,93.94,92.34,90.57,89.63,88.73,87.72,86.63,85.52,85.46,86.24,87.60,89.13,91.17,93.52,95.99,98.52,101.34,104.55,107.87,111.34,115.42,117.52,118.06,117.19,114.57,111.36,108.13,105.14,102.55,100.28,96.67,93.22,90.93,90.57,90.02,89.25,88.14,86.37,83.98,81.47,79.56,78.48,77.55,77.08,77.51,78.62,79.77,80.77,81.62,82.23,82.33,81.61,80.82,79.56,77.63,75.26,73.53,72.69,72.39,72.20,71.79,70.97,70.25,69.92,69.88
74.56,73.13,72.11,71.41,70.85,70.76,70.62,70.22,69.52,68.84,68.16,67.42,66.63,65.77,64.76,63.61,62.90,63.45,65.24,67.18,71.25,77.39,81.00,82.76,83.78,84.52,85.10,85.38,86.11,87.05,87.94,88.79,89.47,90.36,91.42,92.21,92.71,93.23,93.78,94.32,94.88,95.45,96.02,96.47,96.45,95.96,95.41,94.89,94.35,93.81,93.27,92.73,92.21,91.80,91.53,91.20,90.78,90.37,89.94,89.75,89.86,90.22,90.31,90.37,90.41,90.38,90.27,90.02,89.65,89.13,88.15,86.13,83.60,81.34,80.06,79.81,79.74,79.72,79.65,79.34,78.93,78.69,78.65,78.75,78.88,78.97,78.97,78.85,78.70,78.57,78.45,78.36,78.28,78.20,78.19,78.17,78.11,77.99,77.90,77.82,77.73,77.64,78.17,78.95,80.03,81.58,82.74,83.14,83.11,82.80,82.29,82.07,82.02,82.08,82.39,83.28,84.57,85.91,86.74,85.89,84.95,84.30,83.81,82.84,81.42,79.86,78.42,77.51,77.29,77.91,79.06,80.54,82.08,83.28,83.02,81.05,77.62,74.36,72.38,71.09,69.94,69.66,69.51,69.38,69.26,69.11,69.00,68.88,68.74,68.59,68.44,68.28,68.13,67.98,67.86,67.99,68.16,68.31,68.44,68.59,68.72,68.84,68.97,69.00,68.93,68.91,68.99,69.09,69.11,69.23,69.49,69.98,71.02,72.67,74.86,77.59,80.42,82.81,84.61,85.66,85.59,84.92,84.08,83.84,85.27,88.56,91.88,94.83,96.52,94.78,92.92,91.59,90.51,89.12,88.41,87.70,86.81,85.70,84.54,85.06,86.28,87.71,89.24,91.64,94.13,96.55,99.01,101.58,104.45,107.25,109.97,113.15,115.07,115.55,114.70,112.48,109.31,105.84,102.60,99.88,97.33,93.79,90.75,88.99,88.62,87.97,87.11,86.05,84.67,82.84,81.20,79.90,78.95,78.16,77.88,78.33,79.28,80.35,81.32,82.28,82.92,82.82,81.90,80.94,79.73,78.10,76.15,74.81,74.13,73.85,73.61,73.02,71.75,70.55,69.94,69.90
73.38,71.73,70.58,69.97,69.75,69.72,69.60,69.25,68.63,68.00,67.33,66.59,65.80,64.96,64.09,63.08,62.67,63.84,65.66,67.58,72.21,79.11,81.51,83.12,83.93,84.09,84.01,83.92,84.66,85.82,87.02,88.21,89.11,90.04,90.98,91.50,92.04,92.61,93.22,93.83,94.44,95.06,95.67,96.21,96.47,96.17,95.70,95.22,94.69,94.15,93.62,93.09,92.59,92.25,91.84,91.43,91.05,90.73,90.36,90.24,90.34,90.51,90.66,90.80,90.89,90.86,90.71,90.53,90.31,89.90,88.89,86.77,84.39,82.23,80.73,80.37,80.31,80.28,80.12,79.71,79.22,78.72,78.39,78.48,78.57,78.64,78.62,78.48,78.33,78.23,78.11,77.98,77.91,77.83,77.75,77.66,77.52,77.42,77.34,77.27,77.17,77.08,77.70,78.41,79.18,80.18,80.60,80.69,80.49,80.05,79.70,79.55,79.50,79.55,79.79,80.49,81.75,83.10,83.61,81.59,80.28,79.59,79.30,79.14,78.62,77.80,76.82,76.02,76.08,76.79,77.70,78.58,79.38,80.18,79.49,76.98,73.29,71.00,70.14,69.91,69.69,69.53,69.37,69.22,69.07,68.92,68.77,68.65,68.55,68.39,68.23,68.08,67.93,67.80,67.72,67.81,67.97,68.11,68.21,68.34,68.50,68.64,68.75,68.70,68.58,68.53,68.62,68.76,68.79,68.88,69.08,69.40,69.74,70.66,72.62,75.80,78.97,81.04,82.20,82.44,81.55,80.57,80.22,81.34,84.79,88.96,92.39,94.88,95.66,93.09,90.72,89.46,88.85,87.87,87.25,86.65,85.88,84.88,83.84,84.84,86.39,87.86,89.42,92.43,95.23,97.65,99.97,102.37,104.94,107.37,109.48,111.37,112.44,112.62,111.92,110.05,106.60,102.84,99.43,96.57,93.74,91.05,89.15,88.14,87.50,86.56,85.49,84.62,84.17,83.06,81.81,80.69,79.76,79.01,78.80,79.19,80.00,80.97,81.97,83.05,83.63,83.17,82.10,81.02,79.77,78.31,76.84,76.00,75.60,75.38,75.06,74.26,72.66,71.13,70.26,70.18
72.55,71.00,69.91,69.29,68.97,68.88,68.69,68.31,67.73,67.13,66.48,65.75,64.93,64.13,63.29,62.55,62.59,64.11,65.91,67.74,72.35,79.28,81.46,82.92,83.24,82.79,82.47,82.41,83.23,84.47,85.75,86.98,88.21,89.45,90.54,91.13,91.71,92.29,92.88,93.49,94.11,94.73,95.32,95.86,96.25,96.12,95.75,95.28,94.78,94.29,93.80,93.33,92.90,92.54,92.14,91.74,91.37,91.05,90.77,90.67,90.72,90.83,90.98,91.13,91.24,91.23,91.00,90.79,90.54,90.21,89.60,88.02,86.03,84.38,83.59,83.26,83.19,82.90,82.19,81.04,79.82,78.94,78.42,78.22,78.25,78.29,78.25,78.10,78.00,77.91,77.80,77.66,77.58,77.50,77.39,77.25,77.11,76.98,76.89,76.79,76.66,76.52,76.64,77.02,77.62,78.31,78.48,78.70,78.78,78.55,78.16,77.94,77.85,77.92,78.27,78.92,79.84,80.71,80.97,79.67,78.58,77.84,77.42,77.32,76.85,76.14,75.29,74.52,74.73,75.46,76.26,76.95,77.59,77.93,76.29,73.18,71.05,70.05,69.72,69.63,69.50,69.34,69.19,69.04,68.88,68.73,68.57,68.43,68.30,68.15,67.99,67.84,67.70,67.61,67.58,67.62,67.72,67.87,68.00,68.15,68.30,68.42,68.45,68.35,68.23,68.19,68.24,68.39,68.46,68.53,68.69,69.00,69.24,69.80,71.31,74.17,77.38,78.99,79.62,79.56,78.85,78.16,78.35,79.98,83.63,88.12,91.76,94.32,95.04,92.32,89.87,88.35,87.45,86.63,86.05,85.49,84.85,84.10,83.44,84.59,86.28,87.90,89.60,93.19,96.80,99.65,101.47,103.70,105.41,106.83,108.12,109.22,109.98,110.41,110.00,107.56,103.86,100.34,97.16,94.26,91.67,90.18,89.33,88.76,88.07,87.60,87.09,86.56,86.01,84.70,83.22,81.87,80.82,80.12,80.03,80.34,81.00,82.08,83.19,84.19,84.50,83.64,82.51,81.41,80.26,79.08,78.06,77.37,77.13,77.04,76.64,75.88,74.63,73.28,72.22,72.04
72.24,70.80,69.75,69.06,68.54,68.23,67.89,67.46,66.91,66.31,65.68,64.99,64.26,63.55,62.79,62.23,62.50,64.21,65.99,67.78,72.25,78.98,81.28,82.49,82.40,81.54,81.06,81.06,81.97,83.30,84.67,86.02,87.48,88.94,90.19,90.85,91.47,92.06,92.63,93.23,93.81,94.38,94.93,95.44,95.91,96.00,95.77,95.34,94.90,94.44,93.99,93.57,93.19,92.82,92.44,92.05,91.68,91.38,91.15,91.08,91.11,91.18,91.32,91.46,91.56,91.52,91.24,90.99,90.72,90.43,90.11,89.17,87.87,86.89,86.67,86.44,86.30,85.75,84.59,82.81,80.97,79.62,78.73,78.22,78.00,77.96,77.91,77.78,77.70,77.63,77.50,77.36,77.26,77.17,77.03,76.88,76.72,76.57,76.45,76.33,76.17,75.97,75.71,75.79,76.13,76.44,76.59,76.95,77.25,77.20,76.80,76.49,76.37,76.49,76.97,77.64,78.34,78.89,79.00,78.33,77.47,76.65,76.06,75.83,75.31,74.59,73.79,73.10,73.36,74.05,74.77,75.37,75.96,75.99,73.91,70.75,69.91,69.68,69.58,69.47,69.34,69.18,69.03,68.87,68.72,68.56,68.39,68.23,68.07,67.92,67.77,67.63,67.51,67.45,67.44,67.43,67.49,67.65,67.80,67.96,68.09,68.15,68.12,67.99,67.89,67.84,67.87,68.01,68.12,68.20,68.34,68.63,68.92,69.36,70.59,73.03,75.73,76.80,77.06,76.94,76.50,76.09,76.88,79.01,82.55,86.84,90.42,93.14,94.27,92.14,89.68,87.70,86.31,85.46,84.87,84.32,83.74,83.22,83.06,84.35,86.11,87.87,89.73,93.99,98.14,101.01,102.13,103.77,104.78,105.59,106.41,107.08,107.76,108.59,108.66,106.04,102.40,99.29,96.75,94.60,92.66,91.61,90.92,90.33,89.76,89.58,89.46,89.06,88.01,86.43,84.72,83.22,82.22,82.06,82.28,82.29,82.36,83.38,84.42,85.21,85.22,84.14,83.07,82.06,81.07,80.12,79.38,78.79,78.68,78.66,78.16,77.39,76.38,75.19,74.00,73.47
72.55,71.16,70.08,69.28,68.55,67.86,67.29,66.77,66.22,65.65,64.98,64.38,63.86,63.30,62.72,62.19,62.36,64.03,65.86,67.67,71.94,78.38,81.03,81.91,81.53,80.55,79.91,79.94,80.96,82.44,83.96,85.53,87.08,88.61,89.94,90.65,91.28,91.89,92.48,93.02,93.51,93.99,94.48,94.96,95.47,95.83,95.80,95.48,95.08,94.64,94.22,93.82,93.45,93.13,92.75,92.37,92.00,91.70,91.52,91.49,91.54,91.57,91.71,91.81,91.83,91.72,91.43,91.18,90.91,90.63,90.38,90.03,89.70,89.49,89.45,89.41,89.10,88.37,87.05,84.95,82.79,80.88,79.41,78.61,77.91,77.70,77.64,77.53,77.45,77.37,77.25,77.10,76.95,76.81,76.66,76.50,76.36,76.20,76.05,75.91,75.75,75.47,75.15,75.04,74.99,74.80,75.09,75.50,75.80,75.82,75.47,75.11,74.97,75.15,75.75,76.48,77.20,77.71,77.77,77.27,76.49,75.61,74.82,74.36,73.83,73.12,72.35,71.83,72.02,72.60,73.24,73.79,74.36,74.29,72.52,70.04,69.74,69.57,69.43,69.30,69.20,69.06,68.90,68.75,68.59,68.43,68.22,68.05,67.91,67.77,67.63,67.52,67.43,67.34,67.32,67.26,67.30,67.46,67.61,67.77,67.83,67.82,67.75,67.66,67.53,67.45,67.48,67.63,67.78,67.88,68.01,68.28,68.69,69.24,70.41,72.41,74.01,74.49,74.59,74.57,74.31,74.06,75.47,78.20,81.60,85.19,88.39,91.27,93.24,92.52,90.06,87.49,85.46,84.35,83.72,83.14,82.56,82.20,82.64,84.13,85.95,87.78,89.84,94.78,98.96,101.24,101.48,102.01,102.73,103.58,104.43,105.02,105.79,107.12,107.90,105.84,102.67,100.11,98.58,98.04,97.09,95.50,93.98,92.94,92.62,92.34,92.21,91.61,89.72,87.93,86.17,84.68,84.01,85.00,85.74,85.16,84.13,84.79,85.58,86.01,85.76,84.72,83.81,82.99,82.18,81.40,80.71,80.25,80.21,80.16,79.50,78.62,77.58,76.43,75.19,74.01
72.72,71.50,70.50,69.70,69.00,68.24,67.63,67.07,66.45,65.67,64.82,64.14,63.65,63.23,62.78,62.33,62.24,63.10,64.90,67.03,71.30,77.47,80.61,81.30,80.79,79.82,79.05,79.20,80.38,81.95,83.51,85.08,86.67,88.23,89.62,90.44,91.06,91.61,92.14,92.68,93.19,93.69,94.18,94.63,95.05,95.41,95.58,95.53,95.26,94.86,94.46,94.08,93.71,93.43,93.07,92.69,92.33,92.06,91.93,91.93,91.98,92.00,92.10,92.16,92.10,91.92,91.66,91.42,91.17,90.92,90.69,90.49,90.38,90.33,90.32,90.28,90.08,89.64,88.77,87.10,84.97,82.78,80.89,79.63,78.72,78.20,77.78,77.34,77.20,77.08,76.94,76.79,76.64,76.48,76.38,76.28,76.13,75.97,75.82,75.78,75.85,75.85,75.88,75.82,75.58,75.12,74.98,74.90,74.79,74.62,74.38,74.18,74.01,74.01,74.60,75.30,76.01,76.50,76.53,76.17,75.46,74.59,73.71,72.99,72.35,71.79,71.32,71.01,71.01,71.34,71.77,72.17,72.53,72.66,71.57,69.88,69.66,69.50,69.34,69.20,69.08,68.93,68.74,68.56,68.41,68.26,68.11,68.08,68.15,68.23,68.22,68.10,67.85,67.50,67.24,67.13,67.15,67.27,67.42,67.54,67.56,67.50,67.42,67.30,67.19,67.11,67.11,67.25,67.41,67.54,67.72,68.05,68.53,69.09,69.95,71.20,72.10,72.33,72.30,72.19,72.05,71.97,73.40,75.91,78.99,83.01,86.26,89.16,91.71,92.84,90.67,87.82,85.24,83.25,82.52,81.95,81.47,81.39,82.09,83.82,85.81,87.70,89.78,94.65,98.32,99.77,99.05,98.78,100.00,101.47,102.43,102.96,103.89,105.56,107.12,106.71,104.25,102.25,101.14,100.69,99.72,98.36,97.29,96.75,96.60,96.15,95.53,94.06,91.01,88.77,87.00,85.94,86.00,87.36,88.41,87.69,86.11,86.17,86.79,87.03,86.67,85.73,84.92,84.14,83.38,82.66,81.99,81.59,81.49,81.20,80.11,78.97,77.88,76.73,75.47,74.11
72.94,71.90,71.01,70.23,69.56,68.81,68.14,67.48,66.73,65.75,64.76,63.98,63.47,63.15,62.78,62.40,62.09,62.19,63.86,66.28,70.46,76.21,80.08,80.63,79.94,78.95,78.16,78.58,79.93,81.58,83.12,84.65,86.23,87.80,89.21,90.20,90.82,91.32,91.81,92.36,92.88,93.39,93.87,94.29,94.64,94.94,95.24,95.44,95.33,95.06,94.70,94.33,93.97,93.72,93.37,93.00,92.67,92.46,92.36,92.36,92.41,92.44,92.49,92.49,92.38,92.16,91.94,91.72,91.48,91.25,91.03,90.88,90.78,90.72,90.70,90.63,90.53,90.36,89.95,88.91,87.07,84.88,82.74,81.12,80.10,79.32,78.56,77.89,77.79,77.79,77.76,77.64,77.37,76.98,76.73,76.57,76.41,76.28,76.23,76.33,76.56,76.74,77.01,76.96,76.57,75.97,75.41,74.86,74.36,73.98,73.81,73.75,73.52,73.30,73.66,74.17,74.81,75.28,75.29,75.06,74.42,73.58,72.71,72.04,71.48,71.08,70.79,70.56,70.35,70.40,70.58,70.81,70.95,71.21,70.76,69.83,69.60,69.44,69.29,69.13,68.98,68.82,68.62,68.43,68.28,68.19,68.19,68.34,68.63,69.11,70.16,69.58,68.50,67.90,67.36,67.07,67.00,67.08,67.23,67.29,67.25,67.16,67.08,66.95,66.84,66.75,66.72,66.87,67.02,67.16,67.38,67.79,68.30,68.84,69.42,70.01,70.42,70.51,70.38,70.16,70.09,70.13,71.26,73.16,75.70,80.35,83.95,87.02,89.99,92.62,91.17,88.29,85.09,82.12,81.32,80.83,80.50,80.65,81.48,83.41,85.53,87.53,89.63,94.02,96.94,97.53,95.95,95.06,96.75,98.82,100.02,100.50,101.70,103.70,106.00,107.36,105.94,104.56,103.64,102.92,101.72,100.69,100.15,100.10,100.05,99.51,98.51,96.42,92.55,89.66,87.84,87.20,87.89,89.35,90.56,89.85,88.03,87.54,87.93,88.02,87.65,86.89,86.12,85.35,84.62,83.93,83.26,82.90,82.59,81.91,80.41,79.09,77.93,76.78,75.55,74.30
73.34,72.47,71.67,70.90,70.15,69.38,68.51,67.56,66.56,65.56,64.61,63.80,63.22,62.89,62.52,62.18,61.87,61.84,63.14,65.60,69.31,74.28,79.38,79.79,78.72,77.59,77.01,77.99,79.55,81.20,82.73,84.22,85.71,87.20,88.64,89.89,90.56,91.10,91.63,92.16,92.64,93.03,93.40,93.81,94.24,94.52,94.77,94.99,95.13,95.14,94.93,94.58,94.22,93.97,93.62,93.30,93.06,92.90,92.80,92.78,92.81,92.86,92.88,92.80,92.65,92.49,92.31,92.09,91.87,91.63,91.41,91.30,91.22,91.14,91.08,91.00,90.83,90.59,90.26,89.81,88.72,87.02,85.06,83.35,82.31,81.47,80.71,80.23,80.47,81.00,81.39,81.42,80.75,79.52,78.60,78.08,77.89,77.84,78.15,78.39,78.42,78.34,78.29,77.98,77.46,76.85,76.30,75.71,75.13,74.63,74.44,74.26,73.93,73.53,73.27,73.17,73.60,74.06,74.05,73.94,73.38,72.56,71.89,72.09,72.14,71.82,71.28,70.76,70.34,70.16,70.11,70.11,70.13,70.15,69.98,69.70,69.53,69.38,69.22,69.07,68.91,68.76,68.59,68.43,68.33,68.43,68.74,69.06,69.47,70.66,75.02,72.85,69.39,68.74,67.92,67.18,66.85,66.89,67.03,67.01,66.91,66.78,66.70,66.61,66.49,66.38,66.34,66.49,66.59,66.72,66.94,67.34,67.86,68.40,68.88,69.23,69.45,69.50,69.32,69.02,68.95,68.95,69.39,70.18,71.79,76.84,81.28,84.95,88.12,91.04,91.25,88.78,84.70,80.89,80.17,79.95,79.81,79.97,80.89,82.79,84.95,87.08,89.30,92.76,94.65,94.44,92.35,91.09,92.62,94.90,96.56,97.05,98.71,101.16,104.05,106.74,107.05,106.43,105.56,104.58,103.32,102.35,101.75,101.50,101.45,101.04,100.31,98.60,95.00,91.08,89.09,88.62,89.34,90.80,91.89,91.30,89.68,88.93,88.86,88.81,88.59,88.06,87.32,86.59,85.89,85.20,84.53,84.21,83.42,82.10,80.44,79.14,77.96,76.80,75.72,75.03
73.72,72.88,72.05,71.21,70.36,69.49,68.50,67.45,66.38,65.37,64.48,63.69,63.04,62.65,62.27,61.93,61.66,61.62,62.49,65.06,68.72,73.09,77.45,77.61,76.66,75.99,76.23,77.51,79.06,80.63,82.13,83.60,85.04,86.50,88.01,89.44,90.29,90.89,91.40,91.84,92.27,92.66,93.05,93.42,93.78,94.04,94.27,94.51,94.75,94.86,94.82,94.67,94.42,94.22,93.90,93.63,93.44,93.29,93.20,93.19,93.21,93.22,93.19,93.07,92.93,92.80,92.64,92.43,92.20,91.97,91.79,91.69,91.62,91.53,91.41,91.27,91.05,90.80,90.54,90.28,89.70,88.65,87.24,85.69,84.71,84.04,83.81,84.18,85.03,85.58,85.89,85.92,85.48,84.64,83.24,81.67,80.52,80.79,80.84,80.74,80.53,79.96,79.46,78.93,78.35,77.77,77.16,76.55,75.93,75.37,75.06,74.73,74.33,73.88,73.49,73.21,73.16,73.14,72.98,72.86,72.73,72.53,72.44,73.00,73.35,73.16,72.59,71.98,71.40,70.74,70.19,69.91,69.79,69.73,69.67,69.58,69.46,69.31,69.16,69.02,68.89,68.74,68.59,68.49,68.53,68.79,69.19,71.12,73.63,75.05,78.15,76.70,73.98,72.29,69.20,67.88,67.39,67.14,66.86,66.75,66.63,66.50,66.41,66.31,66.19,66.09,66.03,66.08,66.15,66.27,66.49,66.90,67.42,67.91,68.32,68.59,68.72,68.73,68.53,68.19,67.93,67.88,68.04,68.42,69.50,72.84,77.28,81.69,85.78,89.85,91.14,89.49,85.51,80.47,79.41,79.18,79.10,79.33,80.12,81.72,83.72,86.07,88.96,91.93,92.97,92.17,90.15,88.78,89.86,91.56,92.74,93.35,96.19,99.72,103.16,105.83,106.05,105.76,105.47,105.18,104.68,103.96,103.36,102.94,102.50,101.91,101.14,99.83,97.25,93.46,91.12,90.42,91.19,92.41,93.51,93.12,91.64,90.61,90.06,89.81,89.59,89.18,88.54,87.85,87.16,86.46,85.77,85.02,83.79,82.16,80.45,79.15,77.97,76.92,76.22,76.24
73.97,73.09,72.20,71.28,70.36,69.38,68.33,67.26,66.19,65.20,64.37,63.59,62.89,62.41,62.01,61.68,61.46,61.47,61.95,64.66,68.36,72.14,75.03,75.06,74.58,74.63,75.74,77.13,78.58,80.02,81.42,82.87,84.29,85.78,87.34,88.89,89.97,90.68,91.14,91.48,91.86,92.29,92.70,93.05,93.31,93.54,93.78,94.02,94.30,94.42,94.53,94.58,94.48,94.35,94.12,93.92,93.78,93.64,93.56,93.57,93.59,93.52,93.45,93.32,93.19,93.10,92.95,92.75,92.53,92.31,92.17,92.07,91.99,91.88,91.71,91.49,91.26,91.02,90.79,90.56,90.30,89.86,89.10,87.91,87.09,86.71,87.03,88.15,89.42,89.78,89.84,89.85,89.81,89.69,88.17,85.83,83.83,84.18,83.73,83.13,82.57,81.51,80.63,79.91,79.28,78.67,78.00,77.34,76.71,76.13,75.73,75.34,74.92,74.50,74.19,73.88,73.32,72.71,72.31,72.21,72.61,73.12,73.64,74.27,74.77,74.72,74.23,73.61,72.91,71.77,70.69,70.05,69.75,69.66,69.60,69.52,69.42,69.28,69.12,68.99,68.90,68.76,68.66,68.67,68.86,69.23,70.16,73.86,78.33,79.62,80.13,80.02,79.05,76.48,71.31,69.37,68.67,68.12,67.43,67.09,66.83,66.63,66.48,66.28,66.17,66.11,66.04,65.96,65.94,65.94,66.06,66.45,66.95,67.39,67.75,68.02,68.10,68.05,67.86,67.51,67.03,66.88,66.89,67.15,67.91,69.18,73.11,78.06,83.31,88.88,90.89,90.03,86.48,80.42,78.95,78.55,78.44,78.70,79.33,80.52,82.34,84.96,88.52,91.18,91.57,90.36,88.58,87.17,87.77,88.78,89.45,90.59,94.79,99.27,102.81,104.64,104.07,103.91,104.35,105.02,105.44,105.10,104.63,104.18,103.30,102.46,101.56,100.56,99.10,95.94,93.34,92.38,93.18,94.12,95.25,95.09,93.82,92.57,91.57,91.06,90.77,90.39,89.82,89.11,88.38,87.65,86.85,85.56,83.94,82.17,80.45,79.18,78.04,77.21,76.98,77.63
73.75,72.84,71.92,71.01,70.12,69.13,68.12,67.07,66.01,65.05,64.24,63.47,62.74,62.18,61.76,61.46,61.30,61.38,61.72,64.53,68.04,70.99,72.68,73.34,73.87,74.63,75.76,77.03,78.37,79.60,80.68,82.01,83.53,85.11,86.68,88.18,89.53,90.34,90.79,91.16,91.53,91.94,92.29,92.57,92.85,93.10,93.33,93.56,93.81,93.95,94.06,94.10,94.04,94.04,94.06,94.05,93.99,93.90,93.86,93.84,93.79,93.72,93.69,93.57,93.45,93.36,93.21,93.08,92.91,92.69,92.55,92.45,92.34,92.18,91.97,91.74,91.51,91.28,91.04,90.81,90.58,90.30,89.94,89.50,89.19,89.06,89.18,89.57,90.04,90.21,90.27,90.31,90.31,90.24,89.66,88.79,87.91,87.08,86.24,85.18,83.94,82.85,81.95,81.11,80.28,79.47,78.77,78.05,77.34,76.78,76.66,76.58,76.36,76.02,75.71,75.40,74.63,73.63,72.90,73.17,73.88,74.56,75.10,75.58,76.13,76.23,75.88,75.23,74.41,73.29,72.02,70.81,70.16,69.90,69.74,69.63,69.54,69.35,69.18,69.05,68.96,68.87,69.02,69.22,69.37,69.79,73.35,77.12,79.68,80.24,80.41,80.35,79.98,78.75,75.55,73.02,71.69,71.27,70.84,69.75,68.88,68.29,67.83,67.34,67.20,67.20,67.19,67.00,66.63,66.06,65.66,66.00,66.42,66.82,67.18,67.44,67.48,67.38,67.21,66.92,66.35,65.93,65.73,65.83,66.41,67.59,70.40,74.89,81.11,88.15,90.37,89.48,86.13,80.50,79.01,78.31,77.92,78.09,78.72,79.61,81.43,84.31,87.73,90.12,90.27,88.97,87.25,85.69,86.04,87.20,88.86,91.93,97.08,101.02,102.90,102.81,101.62,101.62,102.49,103.59,104.25,104.41,104.56,104.54,103.65,102.79,101.86,100.88,99.68,97.21,95.06,94.30,95.14,96.01,96.95,97.05,96.29,95.07,93.78,93.00,92.52,92.04,91.25,90.32,89.40,88.50,87.43,85.83,84.04,82.21,80.48,79.32,78.38,77.95,78.23,78.91
73.78,72.84,71.90,70.96,70.04,68.98,67.91,66.86,65.83,64.92,64.12,63.34,62.59,61.94,61.53,61.30,61.21,61.45,62.66,65.75,68.78,70.73,71.82,72.76,73.75,74.78,75.82,77.00,78.25,79.30,80.07,81.10,82.54,84.10,85.59,86.91,88.33,89.52,90.36,90.79,91.19,91.55,91.86,92.10,92.38,92.62,92.86,93.11,93.34,93.50,93.59,93.62,93.65,93.77,93.91,94.00,93.98,93.91,93.90,93.85,93.75,93.64,93.60,93.52,93.44,93.38,93.28,93.22,93.12,92.98,92.88,92.77,92.64,92.45,92.22,91.99,91.76,91.53,91.30,91.06,90.83,90.62,90.44,90.34,90.26,90.22,90.20,90.22,90.26,90.33,90.41,90.48,90.49,90.41,90.27,90.14,89.91,88.95,87.90,86.63,85.19,84.13,83.15,82.15,81.13,80.17,79.35,78.58,77.88,77.38,77.46,77.66,77.71,77.57,77.28,76.96,75.99,74.64,73.59,74.28,75.24,76.06,76.63,77.03,77.52,77.66,77.42,76.86,76.02,74.88,73.47,72.00,71.26,71.20,71.21,71.09,70.90,70.60,70.25,70.08,70.44,71.48,72.05,72.22,72.34,73.37,76.71,79.19,80.27,80.48,80.55,80.46,80.31,79.91,78.46,76.38,75.22,75.12,74.95,73.13,70.94,69.27,68.68,68.23,68.20,68.33,68.44,68.36,68.00,67.11,66.07,65.66,65.91,66.27,66.60,66.82,66.82,66.71,66.57,66.32,65.74,65.17,64.77,64.64,64.97,65.97,68.17,72.16,78.38,86.13,89.28,88.68,85.44,80.79,79.20,78.28,77.57,77.34,78.02,78.90,80.60,83.30,86.50,88.84,88.84,87.38,85.74,84.45,85.21,86.92,89.41,93.82,98.66,101.55,102.20,101.04,99.06,99.14,100.54,102.13,102.86,103.36,103.92,104.31,103.80,102.98,102.04,101.08,100.01,98.16,96.55,96.06,96.89,97.76,98.46,98.65,98.28,97.33,95.97,94.99,94.30,93.68,92.77,91.60,90.39,89.16,87.81,86.09,84.29,82.50,80.80,79.72,79.03,78.92,79.47,80.21
74.03,73.09,72.13,71.13,70.10,68.92,67.75,66.64,65.63,64.76,63.98,63.21,62.45,61.72,61.34,61.27,61.43,62.09,64.73,67.97,70.26,71.21,72.14,73.07,74.01,74.95,75.92,77.04,78.17,79.06,79.56,80.16,81.38,82.78,84.09,85.15,86.50,88.24,89.77,90.37,90.80,91.13,91.41,91.65,91.88,92.12,92.39,92.67,92.89,93.06,93.13,93.19,93.34,93.55,93.72,93.80,93.79,93.73,93.70,93.65,93.52,93.33,93.23,93.19,93.18,93.17,93.16,93.15,93.14,93.13,93.10,92.99,92.86,92.69,92.47,92.25,92.02,91.78,91.55,91.32,91.09,90.91,90.75,90.61,90.52,90.44,90.40,90.40,90.41,90.47,90.54,90.61,90.66,90.55,90.40,90.27,90.16,89.89,88.86,87.58,86.37,85.32,84.20,83.03,81.86,80.80,79.80,79.02,78.38,77.97,78.15,78.53,78.88,79.05,78.82,78.45,77.28,75.61,74.28,75.37,76.55,77.50,78.16,78.53,78.86,78.96,78.82,78.44,77.69,76.48,74.95,73.46,72.94,73.40,73.76,73.72,73.44,73.05,72.49,72.28,73.26,75.89,76.88,76.88,76.95,78.78,79.70,80.16,80.46,80.67,80.70,80.60,80.44,80.27,79.98,79.10,78.70,78.95,78.97,76.59,72.76,69.64,69.10,69.01,69.27,69.61,69.93,70.11,69.98,68.91,67.16,65.58,65.51,65.75,66.00,66.19,66.14,66.06,65.93,65.69,65.16,64.57,64.05,63.69,63.70,64.31,66.37,69.88,75.29,83.15,87.65,87.72,84.79,81.29,79.48,78.35,77.32,76.53,77.26,78.35,79.88,82.05,85.01,87.42,87.25,85.55,84.02,83.42,85.09,87.56,90.61,95.60,99.26,100.89,100.76,99.20,96.34,96.46,98.47,100.65,101.49,102.21,102.99,103.66,103.75,103.06,102.16,101.24,100.27,98.96,97.90,97.68,98.43,99.27,99.71,99.85,99.71,99.17,97.93,96.79,95.87,95.12,94.26,92.91,91.33,89.70,88.09,86.40,84.69,83.00,81.46,80.49,80.04,80.12,80.74,81.55
74.24,73.29,72.34,71.35,70.24,69.02,67.80,66.59,65.40,64.48,63.76,63.05,62.32,61.58,61.20,61.69,63.17,65.62,67.87,69.64,70.83,71.55,72.42,73.34,74.29,75.25,76.19,77.19,78.02,78.63,79.04,79.45,80.19,81.21,82.31,83.16,84.64,86.52,88.39,89.74,90.34,90.69,90.97,91.20,91.43,91.70,91.97,92.23,92.45,92.62,92.76,92.93,93.13,93.31,93.47,93.57,93.61,93.57,93.49,93.35,93.17,93.00,92.87,92.80,92.77,92.77,92.77,92.77,92.79,92.83,92.83,92.87,92.87,92.83,92.72,92.50,92.27,92.04,91.81,91.58,91.38,91.22,91.06,90.91,90.78,90.69,90.64,90.64,90.65,90.67,90.70,90.73,90.74,90.66,90.52,90.38,90.25,90.09,89.47,88.50,87.32,86.17,84.97,83.78,82.59,81.44,80.37,79.56,78.94,78.55,78.82,79.22,79.70,80.12,80.08,79.64,78.31,76.45,74.95,76.11,77.63,78.77,79.38,79.55,79.71,79.82,79.83,79.67,79.24,78.00,76.28,74.74,74.92,75.78,76.47,76.85,77.22,77.15,76.95,76.94,77.44,78.73,79.22,79.23,79.27,80.13,80.36,80.47,80.65,80.86,80.89,80.78,80.64,80.53,80.40,80.02,79.84,79.90,79.73,77.63,73.77,70.42,69.92,70.55,71.41,72.27,72.97,73.19,72.63,70.88,68.50,66.59,65.72,65.42,65.42,65.56,65.50,65.38,65.25,65.02,64.58,64.11,63.74,63.48,63.39,63.56,65.50,68.42,72.83,80.81,85.36,86.72,85.52,82.23,79.84,78.27,76.98,76.02,76.68,77.88,79.36,81.32,84.16,86.09,85.39,83.35,82.06,82.70,85.06,87.97,91.18,95.42,98.72,99.87,98.93,96.19,92.95,93.13,95.60,98.69,100.51,101.53,102.34,103.06,103.47,103.10,102.41,101.62,100.82,99.91,99.32,99.22,99.58,100.01,100.23,100.26,100.11,99.73,98.66,97.27,96.11,95.52,95.13,93.83,92.13,90.35,88.64,86.94,85.20,83.69,82.76,82.16,81.88,81.92,82.31,83.01
74.19,73.14,72.18,71.22,70.14,68.92,67.67,66.36,65.04,64.03,63.24,62.58,62.07,61.93,62.07,63.18,65.44,68.62,70.14,70.76,71.25,71.91,72.73,73.62,74.57,75.53,76.38,77.06,77.47,77.79,78.14,78.48,78.85,79.53,80.44,81.14,82.56,84.35,86.34,88.30,89.45,90.14,90.58,90.81,91.04,91.32,91.58,91.81,92.01,92.15,92.35,92.59,92.81,92.99,93.16,93.32,93.44,93.37,93.22,93.02,92.83,92.67,92.52,92.40,92.34,92.34,92.34,92.34,92.38,92.43,92.46,92.58,92.72,92.81,92.82,92.66,92.49,92.29,92.06,91.85,91.67,91.51,91.35,91.20,91.07,90.97,90.92,90.90,90.90,90.90,90.90,90.89,90.84,90.76,90.63,90.48,90.34,90.19,89.88,89.20,88.10,86.89,85.67,84.54,83.43,82.29,81.23,80.40,79.74,79.40,79.71,80.11,80.65,81.12,80.97,80.28,78.86,77.02,75.61,76.89,78.53,79.66,80.10,80.13,80.17,80.27,80.35,80.33,80.18,78.99,77.32,76.06,76.81,77.86,78.64,79.19,79.86,79.97,80.06,80.17,80.26,80.39,80.48,80.53,80.56,80.61,80.63,80.70,80.86,81.04,81.02,80.88,80.74,80.63,80.50,80.35,80.23,80.03,79.38,77.36,74.09,71.58,71.85,73.12,74.43,75.52,76.23,76.28,75.37,73.06,70.10,67.91,66.47,65.67,65.27,65.13,64.96,64.80,64.65,64.47,64.13,63.80,63.58,63.42,63.28,63.20,65.00,67.45,71.01,78.55,83.10,85.69,86.09,82.90,80.11,78.22,76.72,75.59,76.16,77.48,79.00,80.87,83.56,84.80,83.69,81.59,80.55,82.03,84.83,88.05,91.39,94.86,97.81,98.43,96.70,93.34,89.96,90.23,92.97,96.63,99.43,100.84,101.72,102.43,102.94,102.88,102.47,101.94,101.42,100.78,100.47,100.39,100.42,100.48,100.48,100.37,100.08,99.38,98.03,96.34,95.06,94.74,94.95,94.09,92.57,90.77,89.04,87.40,85.90,84.80,84.41,84.13,83.94,83.89,84.06,84.65
73.76,72.48,71.42,70.52,69.64,68.47,67.19,65.85,64.51,63.37,62.32,61.65,61.70,62.98,64.43,66.08,67.97,69.96,70.75,71.20,71.69,72.34,73.12,73.96,74.85,75.72,76.35,76.44,76.34,76.38,76.70,77.07,77.30,77.77,78.48,79.14,80.16,81.65,83.50,85.65,87.84,89.36,90.20,90.47,90.71,90.96,91.19,91.41,91.56,91.66,91.85,92.08,92.31,92.53,92.76,93.04,93.27,93.08,92.86,92.67,92.51,92.36,92.20,92.05,91.97,91.97,91.97,91.97,91.97,92.00,92.07,92.15,92.37,92.59,92.70,92.69,92.66,92.53,92.32,92.15,91.94,91.77,91.61,91.47,91.37,91.28,91.21,91.16,91.16,91.15,91.15,91.12,90.99,90.84,90.69,90.56,90.46,90.31,90.08,89.56,88.68,87.53,86.37,85.38,84.47,83.51,82.56,81.65,80.96,80.69,80.97,81.36,81.84,82.06,81.30,80.16,78.72,77.20,76.29,77.77,79.20,80.00,80.18,80.19,80.20,80.22,80.23,80.22,80.20,79.20,78.02,77.50,78.45,79.38,79.91,80.14,80.37,80.41,80.47,80.56,80.63,80.72,80.80,80.87,80.93,80.94,80.94,80.99,81.10,81.21,81.06,80.84,80.65,80.51,80.42,80.27,80.12,79.68,78.23,75.76,73.65,73.20,75.28,76.97,78.38,79.19,79.26,78.94,78.02,75.50,72.08,69.41,67.87,66.77,65.83,65.06,64.61,64.39,64.26,64.13,63.88,63.68,63.51,63.36,63.22,63.14,64.80,67.01,70.03,76.20,81.08,84.66,85.98,82.98,80.17,78.24,76.60,75.22,75.68,77.16,78.83,80.70,83.17,83.56,82.33,80.62,79.82,81.33,84.24,87.70,91.21,94.24,96.70,96.46,94.02,91.09,87.82,88.18,90.90,94.50,98.04,99.96,101.04,101.69,102.09,102.24,102.18,102.06,101.96,101.48,101.17,101.00,100.87,100.75,100.51,100.19,99.54,97.95,95.64,93.63,92.43,92.45,93.40,93.45,92.49,90.80,89.18,87.73,86.87,86.49,86.40,86.23,86.06,85.93,85.96,86.49
73.65,72.17,70.91,69.82,68.83,67.70,66.52,65.28,63.99,62.82,61.72,61.51,62.38,63.94,65.59,67.25,68.89,70.36,71.09,71.60,72.14,72.78,73.55,74.32,74.93,75.34,75.52,75.38,75.16,75.09,75.30,75.63,75.73,76.02,76.58,77.26,78.17,79.36,80.80,82.54,84.85,86.86,88.44,89.54,90.25,90.55,90.77,90.97,91.08,91.16,91.34,91.57,91.81,92.08,92.38,92.73,93.00,92.85,92.56,92.35,92.19,92.03,91.84,91.68,91.59,91.58,91.55,91.54,91.56,91.60,91.69,91.80,92.05,92.31,92.48,92.53,92.58,92.54,92.45,92.40,92.24,92.05,91.87,91.76,91.68,91.58,91.47,91.41,91.41,91.37,91.34,91.27,91.11,90.96,90.80,90.66,90.54,90.39,90.20,89.89,89.31,88.31,87.54,86.76,86.00,85.29,84.50,83.61,82.98,82.88,83.10,82.83,82.39,81.78,80.72,79.56,78.29,77.22,76.93,78.32,79.47,80.07,80.21,80.29,80.34,80.33,80.29,80.24,80.17,79.65,79.11,78.98,79.55,80.04,80.33,80.49,80.64,80.77,80.86,80.94,81.02,81.09,81.16,81.23,81.26,81.26,81.30,81.33,81.35,81.28,81.03,80.76,80.52,80.34,80.21,79.91,79.53,78.88,77.29,74.81,73.99,75.05,77.52,78.96,79.85,80.26,80.22,79.98,79.45,77.65,74.74,71.47,69.42,68.02,66.92,66.00,65.11,64.57,64.30,64.12,63.75,63.52,63.37,63.25,63.13,63.18,64.68,66.65,69.05,73.36,79.16,83.60,85.23,82.77,80.04,77.94,76.13,74.69,75.13,76.71,78.53,80.44,82.55,82.63,81.45,79.91,79.03,80.49,83.73,87.48,91.02,93.67,95.42,94.76,92.25,89.49,86.26,86.20,88.51,92.06,95.59,98.06,99.79,100.85,101.13,101.28,101.32,101.36,101.44,101.38,101.23,101.06,100.86,100.57,100.01,98.55,96.57,95.01,93.10,91.05,89.91,90.58,91.93,92.63,92.28,91.00,89.74,88.79,88.31,88.15,88.10,87.79,87.46,87.30,87.39,87.61
73.64,72.01,70.54,69.23,68.05,67.04,66.02,64.93,63.72,62.40,61.33,61.61,63.15,64.69,66.21,67.73,69.19,70.41,71.23,71.85,72.44,73.10,73.85,74.48,74.78,74.73,74.47,74.21,73.97,73.84,73.91,74.18,74.16,74.28,74.70,75.41,76.29,77.27,78.35,79.65,81.67,83.81,85.94,87.90,89.18,89.68,90.08,90.45,90.55,90.65,90.83,91.07,91.33,91.64,92.02,92.41,92.70,92.65,92.33,92.07,91.88,91.70,91.48,91.31,91.22,91.19,91.13,91.11,91.15,91.21,91.31,91.48,91.73,92.01,92.22,92.32,92.39,92.42,92.44,92.48,92.40,92.24,92.09,92.04,91.96,91.83,91.71,91.65,91.62,91.55,91.47,91.37,91.22,91.07,90.92,90.78,90.62,90.47,90.30,90.14,89.85,89.11,88.75,88.26,87.65,87.14,86.50,85.68,85.04,84.78,84.65,83.61,82.30,81.04,79.94,78.92,77.92,77.31,77.61,78.81,79.66,80.08,80.24,80.39,80.47,80.46,80.40,80.32,80.20,80.11,80.10,80.17,80.30,80.39,80.52,80.68,80.86,81.07,81.22,81.31,81.39,81.47,81.55,81.59,81.59,81.56,81.58,81.58,81.49,81.26,80.97,80.66,80.39,80.15,79.89,79.38,78.73,77.88,76.44,74.41,74.71,76.74,79.08,80.10,80.44,80.56,80.55,80.47,80.30,79.38,77.26,73.63,71.00,69.24,68.01,67.03,65.77,64.92,64.47,64.21,63.71,63.39,63.22,63.10,63.02,63.32,64.66,66.37,68.22,70.88,77.54,82.59,84.31,82.41,79.81,77.57,75.61,74.14,74.56,76.22,78.20,80.16,81.86,81.75,80.66,79.23,78.25,79.60,82.85,86.76,90.47,92.98,94.19,93.35,90.98,88.20,84.90,84.13,85.79,89.27,92.46,95.33,97.72,99.36,99.81,100.09,100.25,100.33,100.46,100.88,101.00,100.89,100.63,100.04,98.76,95.98,92.79,91.58,90.35,88.41,87.25,88.24,90.02,91.49,91.87,91.17,90.29,89.75,89.35,89.04,88.83,88.32,87.84,87.68,87.87,87.89
73.64,72.00,70.45,68.99,67.68,66.97,66.21,65.33,64.21,62.26,61.28,61.73,63.28,64.81,66.26,67.68,69.05,70.22,71.00,71.67,72.34,73.03,73.72,74.07,74.10,73.87,73.46,73.10,72.83,72.63,72.53,72.73,72.59,72.56,72.87,73.57,74.41,75.43,76.59,77.82,79.16,80.59,82.40,84.57,86.33,87.44,88.66,89.79,89.98,90.13,90.33,90.58,90.89,91.25,91.68,92.09,92.42,92.50,92.25,91.92,91.60,91.34,91.15,91.00,90.88,90.81,90.75,90.72,90.74,90.78,90.94,91.19,91.45,91.69,91.91,92.05,92.10,92.11,92.11,92.13,92.15,92.17,92.19,92.21,92.09,91.99,91.91,91.82,91.70,91.62,91.51,91.38,91.28,91.14,91.02,90.90,90.75,90.59,90.39,90.20,90.03,89.79,89.68,89.56,89.27,88.70,88.17,87.50,86.46,85.02,83.66,82.11,80.81,79.90,79.31,78.62,77.98,77.79,78.41,79.44,79.93,80.15,80.30,80.45,80.50,80.49,80.47,80.45,80.42,80.40,80.40,80.42,80.45,80.52,80.67,80.88,81.10,81.33,81.50,81.64,81.77,81.85,81.93,81.97,81.94,81.77,81.64,81.50,81.31,81.13,80.84,80.57,80.31,79.97,79.40,78.61,77.70,76.70,75.70,75.08,75.91,77.74,79.64,80.27,80.58,80.79,80.86,80.72,80.47,80.01,78.71,75.58,72.51,70.24,68.61,67.43,66.15,65.22,64.68,64.35,63.88,63.40,63.10,62.91,62.90,63.63,64.85,66.25,67.80,69.92,76.66,81.78,83.49,81.83,79.43,77.25,75.25,73.68,73.96,75.78,77.96,79.91,81.16,80.81,79.72,78.41,77.55,78.67,80.81,84.32,88.87,91.83,93.24,92.62,90.38,87.26,83.67,81.69,82.29,85.62,88.24,90.97,93.65,95.99,97.47,98.54,99.01,99.02,98.94,99.94,100.38,100.45,100.16,98.83,95.65,91.85,88.72,87.94,87.07,85.47,84.02,84.05,86.69,89.46,90.97,91.03,90.46,89.74,88.73,87.65,86.83,86.20,85.74,85.60,85.86,86.17
73.68,72.16,70.77,69.48,68.36,67.85,67.38,66.77,65.72,63.40,61.64,61.61,63.10,64.56,65.94,67.32,68.67,69.87,70.69,71.40,72.08,72.73,73.27,73.45,73.39,73.13,72.69,72.27,71.92,71.60,71.35,71.29,71.02,70.90,71.10,71.71,72.57,73.64,74.81,76.04,77.16,78.34,79.83,81.71,83.63,85.46,87.29,88.70,88.88,89.15,89.59,90.08,90.52,90.94,91.37,91.80,92.17,92.39,92.15,91.80,91.45,91.13,90.86,90.68,90.54,90.44,90.33,90.28,90.32,90.44,90.63,90.89,91.14,91.39,91.63,91.76,91.79,91.79,91.79,91.80,91.89,91.98,92.08,92.19,92.16,92.06,91.97,91.88,91.73,91.64,91.52,91.38,91.29,91.16,91.03,90.89,90.72,90.62,90.47,90.31,90.17,90.09,90.05,90.05,89.92,89.53,89.07,88.10,86.63,84.75,82.88,81.14,79.99,79.40,79.07,78.69,78.42,78.50,79.11,79.81,80.08,80.21,80.36,80.48,80.56,80.60,80.65,80.70,80.71,80.71,80.71,80.71,80.71,80.75,80.84,80.99,81.19,81.41,81.60,81.76,81.94,82.09,82.19,82.22,82.16,81.88,81.62,81.36,81.13,80.96,80.70,80.43,80.11,79.65,78.91,78.07,77.11,76.18,75.72,75.95,76.91,78.36,79.90,80.33,80.66,80.96,81.11,80.91,80.59,80.27,79.26,76.32,72.96,70.51,68.89,67.81,66.53,65.50,64.87,64.52,64.02,63.52,63.10,62.87,63.06,64.05,65.25,66.54,67.92,69.69,76.04,80.94,82.75,81.56,79.30,77.12,75.08,73.36,73.12,74.78,76.92,78.83,79.93,79.61,78.69,77.63,76.89,77.77,79.27,82.24,86.78,90.69,92.21,91.72,89.69,86.38,82.72,80.25,80.11,82.82,85.41,87.96,90.59,93.08,94.93,96.49,97.21,97.15,96.69,97.44,98.38,99.11,99.16,97.56,94.04,90.13,86.65,84.42,83.46,82.36,81.21,80.77,82.36,85.63,88.22,89.11,88.37,88.00,87.10,85.87,84.83,84.08,83.62,83.50,83.77,84.27
73.84,72.48,71.33,70.34,69.54,69.18,68.97,68.64,67.73,65.34,62.45,61.52,62.71,64.09,65.40,66.76,68.12,69.39,70.32,71.06,71.72,72.29,72.67,72.74,72.65,72.44,72.05,71.59,71.13,70.66,70.20,69.83,69.54,69.38,69.46,69.95,70.83,71.89,73.06,74.29,75.49,76.72,78.02,79.48,81.41,83.90,86.05,87.40,87.55,88.00,88.77,89.57,90.19,90.68,91.10,91.53,91.97,92.28,92.03,91.67,91.33,90.95,90.58,90.24,89.91,89.59,89.34,89.23,89.40,89.81,90.30,90.59,90.84,91.10,91.36,91.44,91.46,91.46,91.46,91.48,91.61,91.72,91.84,92.05,92.14,92.07,91.97,91.88,91.73,91.64,91.52,91.38,91.29,91.15,90.99,90.81,90.62,90.58,90.51,90.40,90.27,90.20,90.13,90.09,90.06,89.90,89.41,87.97,86.11,84.17,82.20,80.55,79.64,79.34,79.11,79.00,79.05,79.27,79.69,80.02,80.16,80.27,80.42,80.51,80.64,80.75,80.84,80.97,80.99,81.01,81.02,81.03,81.04,81.04,81.04,81.08,81.23,81.42,81.60,81.78,82.00,82.23,82.36,82.41,82.34,81.99,81.62,81.28,81.01,80.82,80.58,80.28,79.87,79.26,78.48,77.73,76.89,76.15,76.19,76.90,77.77,78.81,80.01,80.40,80.75,81.11,81.34,81.06,80.69,80.34,79.35,76.48,72.83,70.40,68.97,68.09,66.87,65.75,65.06,64.69,64.17,63.66,63.13,62.89,63.39,64.55,65.78,67.03,68.34,69.97,75.63,80.14,82.07,81.40,79.00,76.63,74.55,72.84,72.10,73.44,75.41,77.22,78.37,78.24,77.58,76.76,76.15,76.89,78.16,80.62,84.69,89.45,91.09,90.69,88.83,85.44,81.89,79.33,78.69,80.63,83.35,85.78,88.23,90.67,92.60,94.44,95.25,95.02,94.14,94.20,95.44,96.84,97.45,96.18,93.25,89.64,85.62,81.42,80.13,79.44,78.75,78.13,77.96,80.95,84.06,85.54,84.69,84.96,84.73,83.89,82.83,81.78,81.36,81.34,81.61,82.26
74.39,73.20,72.10,71.14,70.52,70.34,70.27,70.13,69.59,67.95,64.31,62.05,62.11,63.36,64.63,65.93,67.29,68.67,69.82,70.59,71.22,71.77,72.05,72.02,71.92,71.74,71.35,70.90,70.40,69.67,68.70,68.22,68.35,68.40,68.32,68.70,69.41,70.30,71.35,72.65,74.02,75.69,77.38,79.01,80.96,83.55,85.30,86.05,86.35,87.10,88.03,88.99,89.87,90.47,90.94,91.39,91.82,92.10,91.80,91.38,90.98,90.65,90.27,89.24,87.95,86.72,85.88,85.65,86.28,87.73,89.65,90.29,90.61,90.89,91.10,91.09,91.09,91.09,91.10,91.16,91.29,91.44,91.59,91.81,91.96,92.00,91.97,91.88,91.73,91.64,91.52,91.38,91.29,91.11,90.93,90.75,90.55,90.47,90.40,90.31,90.23,90.20,90.13,90.07,90.02,89.87,88.95,87.30,85.36,83.38,81.47,80.42,79.94,79.72,79.52,79.56,79.65,79.78,79.98,80.13,80.23,80.34,80.48,80.56,80.70,80.81,80.91,81.05,81.12,81.21,81.30,81.35,81.40,81.41,81.39,81.36,81.41,81.48,81.63,81.83,82.02,82.24,82.44,82.56,82.55,82.28,81.91,81.53,81.19,80.87,80.54,80.18,79.64,78.88,78.28,77.80,77.25,76.80,77.00,77.67,78.46,79.31,80.20,80.70,81.06,81.39,81.59,81.26,80.87,80.47,79.47,76.69,72.59,70.13,68.86,68.05,67.07,66.01,65.27,64.84,64.33,63.69,62.99,62.84,63.85,65.19,66.39,67.56,68.88,70.87,75.63,79.58,81.52,80.88,77.39,74.14,71.99,71.13,70.80,71.91,73.55,75.22,76.56,76.72,76.21,75.43,74.92,75.96,77.75,80.30,83.75,87.68,89.72,89.45,87.34,84.10,80.90,78.40,77.64,79.32,81.61,84.12,86.75,89.36,91.62,93.55,93.88,93.08,92.00,91.20,91.47,92.43,93.66,94.35,92.68,89.20,84.72,80.52,78.78,77.72,76.85,76.16,75.51,76.55,77.81,78.65,79.13,80.13,81.30,81.85,80.76,78.68,78.48,78.93,79.31,80.16
75.13,73.98,72.86,71.90,71.40,71.34,71.35,71.33,71.08,69.92,66.64,63.54,61.93,62.57,63.74,65.03,66.37,67.75,69.02,69.81,70.49,71.16,71.45,71.36,71.22,71.03,70.57,69.87,69.08,68.06,66.87,66.48,66.89,67.21,67.26,67.51,68.12,68.97,70.08,71.56,73.11,75.15,77.22,79.12,81.04,83.15,84.34,84.69,85.06,86.19,87.43,88.61,89.61,90.29,90.78,91.20,91.60,91.88,91.58,91.13,90.68,90.18,89.16,87.42,85.42,83.61,82.69,82.47,83.40,85.54,88.66,89.95,90.47,90.71,90.81,90.73,90.70,90.72,90.76,90.86,91.01,91.18,91.36,91.57,91.75,91.88,91.92,91.88,91.76,91.65,91.52,91.38,91.26,91.05,90.86,90.69,90.48,90.36,90.28,90.20,90.14,90.13,90.07,89.93,89.70,89.21,88.04,86.37,84.49,82.66,81.27,80.73,80.50,80.31,80.01,79.98,80.03,80.09,80.17,80.22,80.29,80.39,80.52,80.62,80.75,80.86,80.97,81.09,81.20,81.32,81.44,81.54,81.62,81.67,81.68,81.67,81.69,81.70,81.79,81.93,82.03,82.24,82.47,82.66,82.72,82.57,82.22,81.84,81.45,81.06,80.68,80.26,79.67,78.94,78.50,78.17,77.81,77.52,77.69,78.30,79.03,79.78,80.52,81.06,81.44,81.71,81.78,81.44,81.06,80.63,79.81,77.71,73.46,70.55,68.94,68.11,67.26,66.29,65.45,64.82,64.23,63.50,62.88,62.96,64.29,65.77,67.05,68.23,69.60,71.87,75.85,79.16,80.97,80.45,75.97,72.20,70.15,69.83,69.76,70.58,71.89,73.42,74.90,75.28,74.84,74.04,73.62,75.30,77.53,80.11,83.12,86.43,88.33,88.15,86.18,82.97,80.03,77.62,76.72,78.08,80.02,82.42,85.24,88.26,90.81,92.48,92.48,91.44,90.20,88.89,88.57,89.20,90.64,92.13,91.42,88.51,84.30,80.45,78.45,77.03,75.84,74.82,73.72,73.26,73.10,73.22,73.91,74.81,76.16,77.17,76.65,75.19,75.43,76.18,76.69,77.51
76.01,74.78,73.60,72.63,72.22,72.22,72.25,72.29,72.16,71.12,69.12,65.78,62.27,61.82,62.78,64.08,65.37,66.61,67.87,68.64,69.44,70.35,70.72,70.66,70.46,70.17,69.56,68.45,67.17,65.87,64.78,64.64,65.11,65.72,66.19,66.32,66.94,67.92,69.25,70.97,72.70,74.89,77.24,79.45,81.31,82.51,83.11,83.34,83.67,85.14,86.80,88.24,89.29,90.06,90.56,90.94,91.29,91.61,91.38,90.95,90.42,89.53,87.30,84.91,82.62,80.74,80.27,80.19,81.17,83.53,87.39,89.57,90.39,90.55,90.47,90.31,90.28,90.34,90.45,90.60,90.76,90.96,91.16,91.33,91.55,91.72,91.83,91.87,91.80,91.67,91.52,91.36,91.20,90.98,90.80,90.62,90.40,90.25,90.14,90.06,90.00,89.97,89.89,89.64,89.08,88.00,86.77,85.26,83.60,82.14,81.65,81.42,81.23,80.97,80.49,80.25,80.19,80.22,80.28,80.30,80.36,80.44,80.53,80.67,80.77,80.89,81.02,81.11,81.25,81.35,81.46,81.59,81.68,81.81,81.90,81.97,82.03,82.05,82.07,82.08,82.07,82.26,82.48,82.70,82.87,82.84,82.54,82.16,81.77,81.38,80.99,80.51,79.98,79.46,79.12,78.81,78.51,78.26,78.27,78.82,79.51,80.24,80.96,81.47,81.86,82.04,81.94,81.63,81.25,80.83,80.34,79.36,75.43,71.76,69.36,68.37,67.50,66.62,65.66,64.71,63.95,63.16,62.80,63.22,64.69,66.22,67.68,69.00,70.44,72.82,76.10,78.75,80.35,80.15,75.10,71.19,69.30,69.08,69.00,69.53,70.55,71.95,73.47,73.91,73.47,72.62,72.31,74.78,77.32,79.88,82.69,85.64,86.85,86.77,85.38,82.16,79.42,77.06,75.91,76.77,78.50,80.64,83.60,87.13,89.85,91.05,90.95,90.04,88.66,87.23,86.83,87.36,88.58,89.62,89.45,87.50,84.26,80.96,78.89,77.23,75.67,74.13,72.53,71.27,70.41,69.93,69.64,69.64,69.90,70.34,70.88,71.48,72.32,73.14,73.78,74.33
76.91,75.63,74.36,73.37,73.13,73.20,73.30,73.25,72.78,71.58,69.95,67.10,63.55,61.58,61.93,63.07,64.31,65.38,66.22,66.69,67.46,68.56,68.91,69.19,68.91,68.19,67.35,66.34,65.06,63.81,62.93,62.82,63.29,63.93,64.56,64.99,65.97,67.22,68.63,70.24,71.87,73.72,75.97,78.54,80.58,81.46,81.83,82.00,82.26,83.25,84.81,86.44,87.78,89.02,89.92,90.50,90.87,91.27,91.28,90.93,90.14,88.59,85.69,82.89,80.86,79.88,79.62,79.68,80.50,82.55,86.42,89.20,90.16,90.15,89.87,89.46,89.43,89.73,90.18,90.35,90.54,90.76,90.97,91.14,91.36,91.53,91.67,91.78,91.79,91.67,91.49,91.30,91.14,90.92,90.74,90.56,90.33,90.13,89.92,89.77,89.69,89.58,89.28,88.91,88.27,87.00,85.64,84.35,83.27,82.56,82.29,82.05,81.68,81.18,80.63,80.39,80.35,80.39,80.42,80.42,80.44,80.50,80.58,80.69,80.80,80.92,81.03,81.16,81.27,81.39,81.50,81.62,81.73,81.85,81.97,82.08,82.16,82.24,82.31,82.34,82.37,82.45,82.55,82.71,82.92,83.03,82.82,82.47,82.08,81.70,81.27,80.83,80.39,80.01,79.74,79.55,79.38,79.22,79.14,79.48,80.09,80.80,81.43,82.04,82.31,82.32,82.12,81.81,81.44,81.04,80.63,79.95,77.46,73.98,70.91,69.14,68.09,67.10,66.09,65.08,64.17,63.22,62.75,63.14,64.69,66.28,67.82,69.36,71.00,72.97,75.13,77.41,79.41,79.82,75.91,71.80,69.18,68.60,68.33,68.96,69.97,71.15,72.37,72.56,72.00,71.17,70.96,73.23,76.36,79.47,82.12,83.96,84.79,85.11,84.55,82.08,79.70,77.40,75.58,75.03,76.74,78.96,81.85,85.13,87.58,88.97,89.16,88.43,87.03,85.58,85.07,85.47,86.56,87.53,87.25,85.85,83.70,81.33,79.31,77.58,75.96,74.32,72.63,71.19,70.22,69.63,68.97,68.19,67.34,66.93,67.61,68.50,69.45,70.34,71.01,71.22
77.66,76.35,75.05,74.11,74.06,74.20,74.37,74.18,73.31,71.98,70.52,68.23,65.10,62.08,61.36,62.00,63.05,63.88,64.41,64.56,65.06,65.93,66.02,66.39,66.14,65.33,64.55,63.80,62.82,61.89,61.32,61.23,61.59,62.21,62.95,63.71,65.00,66.44,67.88,69.26,70.62,71.99,73.78,76.05,78.02,79.00,79.60,80.03,80.32,80.99,82.38,84.03,85.62,87.29,88.66,89.67,90.36,90.89,91.17,90.91,90.06,88.25,84.72,81.58,79.80,79.52,79.38,79.54,80.15,81.72,85.20,88.02,89.02,89.01,88.68,88.17,88.27,88.85,89.64,90.09,90.34,90.57,90.78,90.94,91.15,91.33,91.50,91.64,91.75,91.65,91.45,91.24,91.08,90.86,90.67,90.50,90.27,90.05,89.70,89.41,89.25,89.05,88.56,88.08,87.39,86.06,84.87,83.93,83.37,83.17,82.87,82.49,81.94,81.28,80.69,80.49,80.50,80.55,80.55,80.55,80.55,80.57,80.64,80.72,80.84,80.96,81.06,81.20,81.29,81.42,81.54,81.64,81.78,81.88,81.99,82.12,82.22,82.35,82.46,82.55,82.62,82.66,82.68,82.78,82.97,83.16,83.08,82.79,82.41,82.01,81.57,81.19,80.86,80.58,80.33,80.24,80.18,80.10,80.01,80.19,80.80,81.52,82.06,82.50,82.50,82.31,82.06,81.78,81.45,81.14,80.81,80.27,79.09,76.06,72.62,70.08,68.71,67.57,66.51,65.47,64.42,63.34,62.68,62.83,64.15,65.64,67.19,68.79,70.48,72.23,73.58,75.56,77.83,78.77,76.44,72.59,69.48,68.38,67.70,68.23,69.23,70.33,71.26,71.21,70.58,69.86,69.78,71.77,75.28,78.65,80.93,81.91,82.57,83.23,83.41,82.05,80.16,77.86,75.42,73.65,75.08,77.30,80.01,82.91,85.16,86.77,87.25,86.72,85.40,83.93,83.27,83.52,84.55,85.47,85.02,83.94,82.56,80.95,79.33,77.84,76.35,74.75,73.11,71.73,70.79,70.21,69.44,68.25,66.53,65.19,65.45,66.27,67.25,68.07,68.47,68.38
78.14,76.86,75.62,74.81,74.98,75.20,75.42,75.09,73.86,72.55,71.25,69.38,66.77,63.73,61.31,60.84,61.44,61.97,62.50,62.41,62.26,62.16,61.61,61.51,61.47,61.35,61.17,60.76,60.42,60.20,60.10,60.08,60.20,60.72,61.61,62.59,63.96,65.43,66.79,67.88,68.75,69.62,70.40,71.19,72.53,74.11,75.64,76.85,77.40,78.40,79.65,81.08,82.75,84.61,86.44,88.19,89.68,90.48,90.96,90.87,90.36,89.11,84.87,81.43,79.61,79.33,79.19,79.39,79.76,80.76,83.39,85.29,86.23,86.58,86.53,86.23,86.72,87.58,88.63,89.81,90.18,90.38,90.59,90.75,90.91,91.12,91.31,91.47,91.67,91.59,91.39,91.17,91.02,90.80,90.61,90.44,90.21,90.04,89.51,88.98,88.62,88.36,87.83,87.27,86.48,85.19,84.70,84.34,84.04,83.76,83.22,82.60,81.97,81.33,80.70,80.58,80.62,80.67,80.67,80.67,80.67,80.67,80.70,80.77,80.86,80.98,81.11,81.20,81.34,81.45,81.56,81.69,81.79,81.91,82.03,82.13,82.27,82.37,82.49,82.62,82.70,82.82,82.91,82.99,83.09,83.19,83.28,83.11,82.72,82.33,81.94,81.64,81.39,81.14,80.85,80.83,80.82,80.76,80.75,81.00,81.68,82.48,82.94,82.68,82.20,81.78,81.51,81.33,81.14,81.02,80.89,80.53,79.94,77.49,74.16,71.09,69.25,67.97,66.83,65.70,64.56,63.41,62.59,62.27,62.70,63.82,65.32,66.70,68.05,70.15,71.43,73.12,75.13,76.38,75.79,73.08,70.22,68.54,67.11,67.01,67.88,69.21,70.00,69.86,69.31,68.79,68.93,70.90,74.23,77.10,78.66,79.52,80.32,81.07,81.67,81.78,80.55,78.20,75.37,73.09,73.69,75.63,78.04,80.60,82.97,84.61,85.21,84.90,83.78,82.30,81.36,81.46,82.53,83.30,82.84,81.81,80.53,79.25,78.62,77.86,76.75,75.27,73.78,72.61,71.80,71.23,70.57,69.63,67.50,65.17,64.36,65.15,66.21,66.65,66.28,66.00
78.34,77.23,76.24,75.66,75.93,76.20,76.42,76.06,74.80,73.42,72.06,70.44,68.38,65.80,63.30,61.75,61.01,60.83,61.01,60.93,60.77,60.59,60.19,60.04,60.05,60.10,60.08,59.92,59.83,59.77,59.71,59.70,59.76,60.07,60.68,61.54,62.93,64.41,65.69,66.53,67.35,68.19,68.80,69.19,69.93,70.95,72.03,73.05,74.06,75.70,77.34,79.14,81.30,83.33,85.22,87.07,88.80,90.02,90.62,90.78,90.58,89.57,85.88,81.93,79.55,79.23,79.02,79.18,79.47,80.06,81.42,82.47,83.23,83.83,84.30,84.66,85.55,86.76,88.16,89.63,90.11,90.31,90.51,90.70,90.85,91.06,91.27,91.43,91.60,91.53,91.35,91.15,90.96,90.77,90.60,90.43,90.24,90.08,89.54,88.91,88.33,87.86,87.30,86.78,86.20,85.43,85.19,84.84,84.42,83.97,83.36,82.68,82.02,81.39,80.80,80.70,80.75,80.80,80.80,80.80,80.80,80.80,80.81,80.84,80.92,81.02,81.13,81.25,81.36,81.48,81.59,81.72,81.83,81.95,82.06,82.17,82.29,82.41,82.53,82.64,82.75,82.87,82.98,83.10,83.21,83.29,83.43,83.34,83.06,82.75,82.44,82.16,81.90,81.66,81.37,81.38,81.44,81.43,81.43,81.74,82.40,82.97,82.94,82.33,81.64,81.15,80.94,80.78,80.69,80.66,80.60,80.40,80.14,77.73,74.15,70.72,69.14,67.93,66.77,65.61,64.45,63.32,62.59,62.22,62.23,62.69,63.35,63.92,64.67,66.72,68.38,70.37,72.53,74.06,74.63,73.03,70.63,68.54,66.61,66.19,66.83,67.92,68.42,68.31,67.84,67.64,68.48,70.17,72.38,74.26,75.46,76.37,77.32,78.39,79.49,80.28,79.91,77.84,74.98,72.39,71.77,72.89,75.01,77.70,80.39,82.28,83.07,82.98,82.04,80.41,79.04,78.88,80.02,80.72,80.50,79.53,78.21,77.19,76.89,76.57,76.06,75.31,74.40,73.38,72.45,71.64,70.80,69.58,67.20,64.56,63.26,64.05,64.87,64.88,64.06,63.58
78.50,77.63,76.94,76.62,76.90,77.20,77.40,77.07,75.92,74.48,73.01,71.50,69.88,67.96,65.95,63.63,61.58,60.56,60.19,60.06,60.04,60.05,60.02,60.05,60.16,60.26,60.25,60.17,60.07,59.91,59.67,59.63,59.65,59.75,60.00,60.63,61.94,63.38,64.54,65.23,66.13,67.05,67.75,68.14,68.40,68.73,69.12,69.77,71.19,73.42,75.55,77.83,80.46,82.58,84.45,86.23,87.94,89.47,90.22,90.62,90.68,89.89,87.24,82.70,79.56,79.18,78.88,78.95,79.18,79.48,79.76,80.11,80.66,81.41,82.37,83.47,84.85,86.39,88.02,89.56,90.09,90.30,90.48,90.69,90.86,91.07,91.27,91.42,91.55,91.47,91.32,91.15,90.93,90.76,90.60,90.44,90.29,90.13,89.66,89.00,88.25,87.59,87.05,86.63,86.29,86.04,85.82,85.28,84.63,84.03,83.41,82.73,82.08,81.46,80.92,80.83,80.88,80.92,80.92,80.92,80.92,80.92,80.92,80.93,80.97,81.05,81.16,81.29,81.39,81.51,81.63,81.73,81.87,81.97,82.09,82.22,82.31,82.45,82.56,82.66,82.81,82.89,83.03,83.18,83.31,83.40,83.54,83.53,83.40,83.20,82.97,82.69,82.42,82.16,81.88,81.92,82.04,82.10,82.08,82.47,83.08,83.34,82.70,81.77,80.92,80.33,80.00,79.72,79.62,79.27,78.82,78.73,78.64,76.47,73.13,69.92,68.76,67.67,66.55,65.42,64.27,63.24,62.69,62.42,62.22,62.10,61.92,61.70,61.85,63.42,65.25,67.55,69.99,71.83,73.19,72.50,70.59,68.26,66.00,65.40,65.77,66.48,66.71,66.72,66.44,66.59,67.96,69.25,70.23,71.13,72.03,73.00,74.16,75.60,77.09,78.21,78.71,77.13,74.42,71.72,70.05,70.16,71.78,74.52,77.46,79.70,80.80,80.94,80.19,78.35,76.51,75.95,76.91,77.44,77.59,76.94,75.80,75.03,74.89,74.85,74.83,74.78,74.38,73.49,72.19,70.66,69.30,67.88,65.79,63.52,62.20,62.94,63.42,63.05,61.94,61.33
78.86,78.21,77.85,77.78,77.93,78.21,78.38,78.15,77.28,75.86,74.35,72.70,71.10,69.97,68.62,66.51,64.19,62.45,61.14,60.60,60.48,60.62,60.85,61.39,61.91,62.22,62.17,61.77,61.26,60.61,59.88,59.70,59.60,59.60,59.74,60.13,61.12,62.24,63.26,64.07,64.99,65.91,66.68,67.18,67.43,67.77,68.18,68.87,70.35,72.64,75.06,77.56,80.12,82.20,84.17,85.93,87.41,88.69,89.73,90.31,90.48,90.18,88.90,83.69,79.66,79.23,78.87,78.70,78.78,79.03,79.25,79.41,79.77,80.42,81.53,83.23,85.28,87.06,88.45,89.72,90.12,90.33,90.53,90.70,90.91,91.10,91.27,91.41,91.50,91.45,91.32,91.16,90.98,90.77,90.60,90.44,90.29,90.13,89.81,89.26,88.57,87.95,87.59,87.26,86.96,86.70,86.23,85.39,84.59,84.02,83.41,82.78,82.12,81.48,81.03,80.95,81.00,81.05,81.05,81.05,81.05,81.05,81.05,81.05,81.02,81.08,81.20,81.31,81.43,81.54,81.66,81.78,81.88,82.01,82.13,82.23,82.36,82.47,82.59,82.73,82.87,82.95,83.09,83.22,83.32,83.45,83.56,83.65,83.70,83.68,83.48,83.23,82.97,82.69,82.44,82.41,82.56,82.73,82.72,83.19,83.81,83.82,82.55,81.03,79.93,78.89,77.81,76.97,76.56,74.68,72.39,72.26,72.17,71.47,70.36,69.16,68.20,67.23,66.25,65.22,64.11,63.36,63.02,62.87,62.72,62.67,62.44,62.15,61.92,61.98,62.86,64.85,67.50,69.89,71.32,70.94,69.38,67.20,64.94,64.26,64.36,64.72,64.95,65.12,65.41,65.94,66.76,67.47,67.99,68.40,68.84,69.65,71.27,73.00,74.47,75.55,76.75,75.89,73.74,71.29,69.54,68.52,68.98,71.01,73.78,76.54,78.10,78.58,78.08,75.93,73.70,72.45,72.38,72.21,72.97,73.47,73.41,72.98,73.08,73.08,72.97,72.79,72.27,71.53,69.27,65.65,62.93,62.13,61.96,61.73,61.26,61.79,61.92,61.33,60.23,59.65
79.86,79.33,79.17,79.19,79.25,79.42,79.47,79.25,78.53,77.14,75.49,73.76,72.22,71.38,70.38,68.82,66.94,65.14,63.79,63.07,62.77,62.73,62.84,63.73,64.50,64.75,64.25,63.60,62.84,61.95,60.95,60.30,59.83,59.58,59.57,59.80,60.42,61.21,62.07,62.92,63.84,64.77,65.60,66.22,66.53,67.01,67.67,68.58,70.02,72.31,74.84,77.44,79.96,82.02,83.82,85.37,86.66,87.79,88.85,89.68,90.20,90.23,89.73,84.69,80.34,79.40,78.95,78.58,78.48,78.62,78.82,79.02,79.36,80.01,81.28,83.53,85.99,87.92,89.12,89.90,90.18,90.36,90.55,90.71,90.94,91.09,91.21,91.33,91.44,91.42,91.32,91.16,91.00,90.81,90.64,90.48,90.33,90.18,89.95,89.52,88.93,88.53,88.21,87.93,87.60,87.12,86.39,85.40,84.51,83.93,83.39,82.82,82.17,81.55,81.18,81.11,81.15,81.18,81.18,81.18,81.18,81.18,81.17,81.14,81.10,81.14,81.23,81.34,81.46,81.57,81.69,81.81,81.92,82.07,82.18,82.27,82.42,82.51,82.64,82.78,82.91,83.02,83.13,83.25,83.36,83.48,83.59,83.73,83.87,83.95,83.87,83.72,83.49,83.19,82.97,82.92,83.09,83.35,83.42,83.91,84.37,83.92,81.88,79.99,78.59,77.15,75.50,74.01,73.25,71.54,69.61,69.40,69.25,69.10,68.89,68.48,67.63,66.71,65.78,64.89,64.12,63.68,63.50,63.40,63.27,63.25,63.02,62.67,62.23,61.66,61.68,63.17,65.69,68.05,69.41,69.25,68.00,65.97,63.80,63.06,63.03,63.27,63.49,63.67,64.02,64.53,65.09,65.42,65.67,65.78,65.81,66.35,67.85,69.85,71.88,73.44,75.03,74.92,73.51,71.42,69.70,67.74,67.15,68.48,71.17,73.67,75.28,76.07,75.85,73.48,70.75,68.70,67.63,66.87,67.78,69.18,70.23,70.24,70.91,70.05,68.50,67.33,66.82,66.35,64.66,61.88,59.83,59.41,59.75,60.16,60.21,60.47,60.38,59.77,58.80,58.33
81.27,80.80,80.77,80.78,80.79,80.81,80.73,80.43,79.69,78.22,76.40,74.68,73.27,72.37,71.50,70.57,69.44,68.07,67.25,66.56,66.01,65.64,65.53,66.61,67.44,67.43,66.35,65.53,64.64,63.63,62.49,61.27,60.34,59.74,59.49,59.60,59.85,60.33,61.01,61.86,62.76,63.67,64.54,65.28,65.70,66.41,67.41,68.61,69.98,72.22,74.76,77.37,79.87,81.87,83.33,84.57,85.70,86.75,87.69,88.80,89.77,90.08,89.97,85.65,81.37,79.62,79.06,78.55,78.26,78.23,78.44,78.80,79.23,79.95,81.41,84.14,86.86,88.82,89.83,90.08,90.25,90.40,90.56,90.72,90.93,91.05,91.13,91.23,91.36,91.39,91.31,91.16,91.01,90.85,90.69,90.54,90.38,90.23,90.08,89.75,89.32,89.19,88.88,88.56,88.13,87.34,86.39,85.33,84.41,83.77,83.34,82.84,82.23,81.64,81.35,81.30,81.30,81.31,81.31,81.31,81.31,81.31,81.29,81.23,81.21,81.21,81.26,81.39,81.48,81.61,81.73,81.83,81.97,82.12,82.24,82.34,82.48,82.57,82.70,82.82,82.92,83.06,83.16,83.28,83.41,83.50,83.64,83.78,83.93,84.08,84.15,84.13,83.97,83.71,83.47,83.41,83.61,83.93,84.06,84.40,84.51,83.53,80.84,78.78,77.08,75.32,73.35,71.32,70.27,69.64,69.19,68.90,68.66,68.47,68.25,67.85,67.05,66.16,65.28,64.56,64.29,64.16,64.08,63.98,63.85,63.83,63.58,63.16,62.59,61.97,61.32,62.17,64.23,66.21,67.42,67.44,66.47,64.64,62.63,61.89,61.82,62.04,62.25,62.35,62.43,62.67,63.15,63.23,63.33,63.24,62.97,63.22,64.22,66.38,69.22,71.72,73.48,74.04,73.44,71.80,70.17,67.49,65.90,66.44,69.09,71.02,72.50,73.55,73.57,71.09,67.76,64.93,63.17,62.08,62.80,64.62,66.44,66.85,68.01,66.16,63.00,60.77,60.37,60.17,59.81,59.32,58.94,58.70,58.68,58.84,59.08,59.06,58.83,58.30,57.55,57.23
82.76,82.34,82.37,82.43,82.48,82.53,82.44,81.91,80.63,78.68,76.81,75.34,74.22,73.14,72.25,71.37,70.52,69.87,69.65,69.17,68.46,67.84,68.13,69.16,69.62,69.27,68.34,67.46,66.38,65.16,63.87,62.51,61.35,60.38,59.70,59.51,59.59,59.89,60.41,61.17,61.98,62.77,63.54,64.31,65.18,66.22,67.38,68.62,69.98,72.25,74.75,77.27,79.64,81.31,82.47,83.45,84.38,85.28,86.39,87.61,88.78,89.63,89.79,86.31,82.25,79.75,79.08,78.55,78.09,77.89,78.27,78.78,79.27,80.08,81.75,84.64,87.64,89.50,90.04,90.21,90.32,90.46,90.61,90.76,90.90,90.99,91.09,91.21,91.31,91.33,91.28,91.16,91.01,90.85,90.70,90.55,90.39,90.23,90.12,89.95,89.76,89.71,89.48,89.01,88.32,87.38,86.35,85.27,84.31,83.58,83.17,82.78,82.26,81.71,81.47,81.43,81.43,81.43,81.43,81.43,81.43,81.43,81.42,81.34,81.33,81.33,81.34,81.41,81.53,81.67,81.80,81.89,82.03,82.15,82.27,82.39,82.50,82.62,82.73,82.84,82.97,83.07,83.20,83.31,83.42,83.55,83.66,83.79,83.94,84.09,84.22,84.32,84.34,84.25,83.99,83.89,84.08,84.39,84.21,83.70,83.03,81.79,79.55,77.65,75.82,74.03,72.25,70.44,69.55,69.08,68.74,68.39,68.09,67.83,67.58,67.22,66.47,65.73,65.16,64.82,64.74,64.70,64.64,64.57,64.51,64.42,64.05,63.48,62.80,62.13,61.46,61.51,62.43,64.12,65.17,65.25,64.59,63.24,61.50,60.94,60.91,61.05,61.21,61.17,61.11,61.09,61.17,61.09,61.06,60.95,60.75,60.79,61.21,62.90,66.02,70.20,71.91,72.72,72.71,71.65,70.23,67.38,64.72,63.75,66.25,68.53,70.32,71.47,71.40,69.11,64.97,61.76,60.69,60.15,60.48,61.26,62.04,62.25,62.68,61.85,60.48,59.48,59.23,59.05,58.83,58.60,58.39,58.16,58.03,57.94,57.81,57.63,57.37,56.89,56.30,56.12
84.29,83.98,84.09,84.16,84.22,84.27,84.12,83.21,81.18,78.97,77.40,76.24,75.23,74.03,73.02,72.07,71.37,71.25,71.42,71.09,70.39,69.77,70.24,71.07,71.20,70.64,69.88,69.03,67.89,66.55,65.14,63.77,62.51,61.32,60.28,59.65,59.49,59.62,59.98,60.60,61.33,62.04,62.72,63.45,64.53,65.75,67.02,68.30,69.66,71.72,74.06,76.40,78.52,80.02,81.16,82.10,82.94,83.85,85.06,86.27,87.48,88.65,89.37,86.57,82.75,79.88,79.10,78.49,77.90,77.57,78.05,78.66,79.25,80.27,82.32,85.35,88.29,89.91,90.15,90.28,90.37,90.48,90.61,90.76,90.85,90.92,91.03,91.15,91.25,91.27,91.23,91.14,91.00,90.85,90.70,90.55,90.42,90.27,90.17,90.09,90.03,90.02,89.86,89.29,88.40,87.36,86.29,85.20,84.20,83.40,82.98,82.66,82.22,81.75,81.56,81.55,81.56,81.56,81.56,81.56,81.56,81.56,81.54,81.47,81.46,81.46,81.46,81.47,81.59,81.72,81.84,81.95,82.08,82.18,82.30,82.42,82.53,82.65,82.76,82.88,83.00,83.11,83.23,83.34,83.45,83.58,83.69,83.82,83.97,84.13,84.28,84.43,84.56,84.59,84.42,84.35,84.41,84.42,83.95,82.95,81.77,80.36,78.58,76.88,75.08,73.30,71.61,70.08,69.37,68.95,68.59,68.23,67.91,67.58,67.24,66.86,66.16,65.61,65.32,65.23,65.23,65.23,65.20,65.17,65.16,64.97,64.49,63.85,63.13,62.44,61.80,61.34,61.35,62.30,62.95,63.02,62.61,61.77,60.60,60.27,60.25,60.31,60.38,60.29,60.17,60.05,59.92,59.79,59.70,59.62,59.53,59.46,59.48,60.51,63.16,67.83,70.16,71.30,71.46,70.49,68.82,65.79,62.92,61.53,63.21,65.03,66.62,67.69,67.65,65.79,62.32,59.79,59.27,59.11,59.18,59.29,59.40,59.50,59.45,59.33,59.18,59.04,58.86,58.64,58.41,58.18,57.97,57.75,57.57,57.37,57.01,56.64,56.25,55.83,55.47,55.52
85.82,85.74,85.91,85.98,86.00,86.01,85.70,84.26,81.41,79.28,78.33,77.46,76.30,75.07,73.86,72.80,72.18,72.32,72.66,72.37,71.84,71.48,71.79,72.25,72.16,71.57,70.86,70.14,69.09,67.79,66.36,65.03,63.77,62.52,61.24,60.08,59.57,59.48,59.67,60.12,60.78,61.47,62.10,62.73,63.67,64.90,66.24,67.59,68.92,70.51,72.52,74.57,76.31,77.85,79.33,80.47,81.35,82.50,83.67,84.80,85.91,87.11,88.72,86.44,82.85,80.05,79.14,78.39,77.67,77.26,77.72,78.38,79.10,80.42,82.94,86.17,88.75,90.05,90.20,90.28,90.37,90.45,90.55,90.70,90.79,90.86,90.94,91.04,91.18,91.20,91.17,91.08,90.99,90.85,90.70,90.57,90.47,90.33,90.24,90.16,90.10,90.08,90.00,89.38,88.38,87.30,86.23,85.14,84.11,83.23,82.80,82.47,82.10,81.75,81.61,81.65,81.67,81.68,81.68,81.69,81.69,81.68,81.67,81.60,81.59,81.59,81.59,81.59,81.67,81.75,81.86,82.00,82.09,82.22,82.33,82.44,82.57,82.67,82.79,82.92,83.02,83.16,83.25,83.37,83.50,83.60,83.73,83.88,84.03,84.19,84.34,84.50,84.63,84.69,84.72,84.76,84.53,83.99,83.30,82.34,81.04,79.55,78.04,76.52,74.91,73.17,71.44,70.11,69.50,69.12,68.80,68.50,68.19,67.78,67.34,66.87,66.20,65.88,65.76,65.75,65.75,65.75,65.74,65.76,65.77,65.45,64.91,64.28,63.64,62.95,62.31,61.73,61.23,60.98,61.02,60.98,60.75,60.33,60.06,59.95,59.93,59.95,59.92,59.85,59.81,59.77,59.67,59.56,59.45,59.41,59.42,59.34,59.17,59.46,60.88,64.48,68.04,69.66,69.63,68.20,65.73,62.57,60.54,60.05,60.27,60.60,61.37,62.19,62.29,61.09,59.90,59.09,58.73,58.59,58.63,58.75,58.91,59.10,59.06,58.94,58.81,58.70,58.49,58.27,58.04,57.82,57.65,57.44,57.30,57.14,56.78,56.18,55.59,55.23,55.21,55.55
87.24,87.31,87.56,87.75,87.86,87.88,87.27,85.64,82.98,81.06,79.73,78.53,77.25,75.89,74.56,73.60,73.20,73.54,73.96,73.84,73.49,73.23,73.41,73.37,72.91,72.13,71.32,70.61,69.87,68.89,67.56,66.25,65.02,63.73,62.31,60.88,59.94,59.54,59.50,59.72,60.24,60.87,61.44,61.96,62.81,64.06,65.36,66.62,67.85,69.13,70.53,72.01,73.55,75.08,76.56,77.86,79.10,80.72,81.97,83.09,84.23,85.65,87.74,86.36,83.38,80.54,79.31,78.47,77.64,77.03,77.25,77.90,78.66,79.75,81.72,85.28,88.45,90.05,90.16,90.23,90.31,90.39,90.49,90.63,90.73,90.80,90.88,90.97,91.11,91.14,91.11,91.03,90.94,90.84,90.73,90.63,90.55,90.44,90.35,90.28,90.20,90.11,89.99,89.36,88.33,87.24,86.17,85.11,84.07,83.13,82.62,82.28,81.93,81.61,81.51,81.56,81.64,81.73,81.80,81.81,81.81,81.79,81.75,81.72,81.71,81.71,81.71,81.72,81.74,81.81,81.90,82.02,82.13,82.25,82.36,82.48,82.59,82.71,82.83,82.94,83.06,83.17,83.29,83.41,83.52,83.64,83.79,83.95,84.10,84.26,84.41,84.57,84.69,84.76,84.79,84.65,84.20,83.47,82.64,81.73,80.61,79.29,77.82,76.27,74.70,73.33,72.20,71.00,70.03,69.46,69.18,68.95,68.69,68.29,67.82,67.33,66.75,66.46,66.36,66.36,66.36,66.36,66.33,66.34,66.39,66.02,65.45,64.81,64.15,63.50,62.88,62.26,61.67,61.21,61.03,60.88,60.67,60.40,60.27,60.34,60.55,60.81,61.05,61.11,61.17,61.16,60.91,60.48,60.07,59.78,59.59,59.39,59.20,59.15,59.68,61.61,64.16,66.16,66.88,65.66,62.70,60.70,59.71,59.45,59.38,59.36,59.62,59.92,59.82,59.16,58.62,58.21,57.95,57.99,58.06,58.21,58.41,58.62,58.62,58.54,58.44,58.33,58.12,57.92,57.71,57.49,57.34,57.19,57.09,56.95,56.64,56.03,55.58,55.50,55.80,56.22
88.77,88.90,89.18,89.45,89.62,89.59,88.79,87.11,84.67,82.65,80.78,79.23,77.93,76.49,75.09,74.36,74.31,74.81,75.28,75.30,75.11,74.87,74.79,74.27,73.48,72.56,71.66,70.92,70.44,69.79,68.69,67.47,66.27,64.94,63.44,61.94,60.68,59.87,59.48,59.45,59.74,60.24,60.73,61.19,61.94,63.15,64.38,65.53,66.66,67.71,68.62,69.63,70.93,72.27,73.54,74.87,76.42,78.39,79.86,81.17,82.53,84.19,86.56,86.23,84.03,81.11,79.52,78.57,77.66,76.84,76.70,77.31,78.14,79.03,80.43,83.88,87.39,89.51,90.06,90.17,90.25,90.33,90.42,90.57,90.66,90.73,90.81,90.90,91.03,91.08,91.04,90.96,90.88,90.80,90.73,90.66,90.58,90.50,90.42,90.34,90.25,90.11,89.92,89.27,88.27,87.18,86.10,85.08,84.03,83.05,82.45,82.09,81.74,81.43,81.38,81.45,81.58,81.73,81.85,81.89,81.92,81.90,81.84,81.84,81.84,81.84,81.84,81.84,81.84,81.88,81.95,82.04,82.17,82.28,82.39,82.52,82.62,82.75,82.86,82.97,83.10,83.20,83.33,83.44,83.55,83.68,83.84,83.99,84.15,84.32,84.47,84.63,84.75,84.80,84.70,84.37,83.79,83.00,82.10,81.25,80.38,79.28,77.81,76.37,75.13,74.31,73.80,72.80,71.44,70.44,69.88,69.56,69.27,68.88,68.43,67.96,67.44,67.12,67.00,67.00,66.99,66.98,66.94,66.94,67.00,66.59,66.02,65.37,64.70,64.07,63.45,62.83,62.26,61.85,61.60,61.38,61.15,60.94,60.78,61.01,61.42,61.90,62.39,62.58,62.70,62.65,62.23,61.47,60.76,60.19,59.79,59.49,59.29,59.09,59.03,59.54,60.84,62.95,64.32,63.44,60.52,59.57,59.32,59.11,59.01,58.92,58.84,58.69,58.37,58.08,57.79,57.51,57.34,57.44,57.53,57.68,57.90,58.11,58.16,58.13,58.07,57.95,57.75,57.57,57.38,57.19,57.06,56.97,56.89,56.77,56.49,55.96,55.74,55.98,56.60,57.02
90.61,90.63,90.83,91.06,91.07,90.85,90.19,88.62,85.86,82.98,80.75,79.20,78.07,76.67,75.28,75.01,75.50,76.13,76.61,76.67,76.54,76.26,75.60,74.72,73.80,72.87,71.97,71.24,70.75,70.31,69.70,68.74,67.52,66.11,64.65,63.39,62.06,60.73,59.72,59.42,59.29,59.56,59.97,60.41,61.06,62.10,63.21,64.30,65.38,66.30,67.16,68.05,68.95,69.69,70.43,71.56,73.15,75.04,76.96,78.92,80.81,82.65,85.09,85.97,84.73,81.73,79.73,78.61,77.66,76.71,76.08,76.56,77.57,78.69,79.96,82.28,85.04,87.79,89.88,90.10,90.19,90.27,90.36,90.51,90.59,90.67,90.75,90.83,90.92,90.99,90.98,90.90,90.82,90.74,90.67,90.59,90.52,90.44,90.36,90.28,90.20,90.09,89.80,89.13,88.19,87.11,86.03,85.01,83.98,82.97,82.28,81.90,81.55,81.25,81.25,81.37,81.52,81.65,81.75,81.87,82.00,82.03,81.97,81.97,81.97,81.97,81.97,81.97,81.97,81.98,82.02,82.09,82.19,82.32,82.43,82.53,82.67,82.77,82.89,83.02,83.11,83.25,83.35,83.47,83.60,83.69,83.84,83.99,84.16,84.37,84.53,84.69,84.81,84.80,84.39,83.99,83.44,82.70,81.84,81.04,80.40,79.52,78.09,77.22,77.02,76.97,76.81,76.23,74.61,72.78,71.25,70.44,69.90,69.52,69.13,68.66,68.19,67.80,67.63,67.63,67.62,67.57,67.54,67.56,67.57,67.17,66.59,65.97,65.32,64.65,64.02,63.40,62.86,62.54,62.35,62.14,61.93,61.75,61.55,61.89,62.37,62.84,63.30,63.60,63.68,63.48,62.86,62.01,61.12,60.38,59.87,59.60,59.38,59.16,58.97,59.03,59.76,61.45,62.66,62.09,60.20,59.44,59.11,58.84,58.70,58.56,58.31,57.97,57.63,57.43,57.37,57.34,57.26,57.07,57.09,57.22,57.40,57.61,57.70,57.76,57.73,57.59,57.42,57.21,57.02,56.89,56.85,56.78,56.70,56.58,56.32,55.92,55.92,56.46,57.39,57.79
92.90,92.63,92.26,91.83,91.33,90.84,90.04,88.37,85.51,82.50,80.30,78.90,77.95,76.75,75.92,76.03,76.69,77.34,77.92,78.01,77.74,77.15,76.21,75.19,74.17,73.18,72.25,71.55,71.10,70.73,70.31,69.68,68.82,67.69,66.41,65.25,63.82,62.45,61.26,60.33,59.57,59.42,59.52,59.73,60.23,61.00,61.97,63.02,64.00,64.96,65.82,66.61,67.36,68.14,68.83,69.67,70.77,72.10,74.02,76.27,78.52,80.58,83.00,84.89,84.90,82.61,80.08,78.60,77.42,76.24,75.28,75.87,77.19,78.57,79.88,81.88,84.28,86.88,89.19,89.93,90.13,90.20,90.30,90.45,90.54,90.61,90.69,90.77,90.84,90.92,90.92,90.83,90.75,90.68,90.61,90.53,90.45,90.38,90.30,90.21,90.14,90.03,89.55,88.76,87.85,87.02,86.01,84.97,83.91,82.88,82.11,81.71,81.38,81.11,81.13,81.25,81.41,81.55,81.67,81.81,81.97,82.07,82.09,82.09,82.09,82.09,82.09,82.09,82.09,82.09,82.11,82.16,82.23,82.34,82.46,82.57,82.69,82.81,82.92,83.04,83.15,83.27,83.39,83.50,83.62,83.73,83.88,84.03,84.20,84.39,84.55,84.71,84.79,84.67,84.17,83.69,83.13,82.46,81.76,81.09,80.57,79.96,79.06,78.60,78.68,78.86,78.90,78.65,77.65,75.93,73.96,72.49,71.72,71.33,70.74,69.74,69.00,68.52,68.29,68.26,68.25,68.16,68.14,68.19,68.24,68.15,67.64,66.95,66.22,65.46,64.76,64.09,63.54,63.27,63.10,62.92,62.73,62.55,62.43,62.79,63.26,63.68,64.06,64.39,64.46,64.19,63.47,62.56,61.66,60.88,60.25,59.74,59.45,59.22,59.00,58.87,59.20,60.27,61.10,60.82,59.89,59.35,59.00,58.71,58.48,58.26,57.98,57.67,57.43,57.35,57.40,57.46,57.44,57.22,57.12,57.06,57.04,57.13,57.27,57.38,57.38,57.25,57.06,56.90,56.76,56.67,56.65,56.59,56.54,56.43,56.15,55.81,56.11,56.96,58.07,58.54
94.50,93.90,92.96,91.87,90.89,90.14,89.09,87.27,84.48,81.75,79.84,78.64,77.84,76.89,76.74,77.16,77.82,78.46,79.18,79.25,78.75,77.79,76.72,75.64,74.56,73.50,72.52,71.89,71.50,71.17,70.83,70.50,70.07,69.33,68.30,67.25,65.88,64.73,63.59,62.09,60.65,59.82,59.38,59.26,59.53,60.00,60.78,61.75,62.64,63.65,64.54,65.31,66.06,67.05,67.80,68.41,68.97,69.73,71.37,73.63,76.09,78.38,80.75,83.36,84.65,83.53,80.43,78.54,77.06,75.61,74.42,75.26,76.89,78.52,79.92,81.94,84.15,86.40,88.47,89.77,90.07,90.15,90.24,90.38,90.47,90.55,90.63,90.70,90.78,90.86,90.85,90.78,90.69,90.63,90.55,90.46,90.38,90.30,90.23,90.16,90.05,89.84,89.20,88.27,87.37,86.82,85.96,84.92,83.84,82.80,81.95,81.52,81.21,80.98,81.00,81.14,81.29,81.45,81.60,81.74,81.90,82.05,82.17,82.19,82.21,82.22,82.22,82.22,82.22,82.22,82.22,82.23,82.30,82.38,82.49,82.62,82.71,82.84,82.96,83.06,83.20,83.29,83.42,83.54,83.64,83.79,83.95,84.10,84.26,84.41,84.57,84.72,84.75,84.51,84.00,83.46,82.89,82.30,81.75,81.23,80.81,80.46,80.15,79.98,80.06,80.23,80.41,80.41,80.14,78.88,76.87,74.91,74.05,73.71,73.00,71.54,70.36,69.48,69.02,68.89,68.86,68.75,68.75,68.83,68.97,69.28,68.84,68.06,67.18,66.29,65.47,64.77,64.26,64.04,63.87,63.71,63.53,63.34,63.33,63.68,64.10,64.46,64.78,65.09,65.16,64.86,64.06,63.16,62.30,61.49,60.71,59.88,59.53,59.29,59.05,58.85,58.86,59.34,59.78,59.77,59.60,59.28,58.94,58.63,58.32,58.02,57.75,57.56,57.49,57.55,57.63,57.71,57.75,57.62,57.41,57.15,56.91,56.83,56.94,57.02,57.03,56.93,56.73,56.62,56.54,56.48,56.47,56.40,56.37,56.27,55.98,55.78,56.44,57.61,58.85,59.37
92.96,92.12,91.26,90.38,89.52,88.66,87.36,85.47,83.06,81.16,79.93,78.97,78.13,77.42,77.62,78.13,78.72,79.39,80.32,80.16,79.35,78.25,77.17,76.04,74.94,73.84,72.81,72.37,72.09,71.84,71.63,71.43,71.12,70.60,69.91,69.22,68.56,67.89,67.05,65.69,63.65,61.48,59.96,59.40,59.21,59.43,59.88,60.56,61.51,62.38,63.33,64.34,65.32,66.19,66.83,67.44,68.09,68.85,69.89,71.64,73.93,76.42,78.79,81.32,83.57,84.22,80.63,78.37,76.57,74.85,73.65,74.84,76.63,78.36,79.97,82.01,84.16,86.35,88.37,89.75,90.07,90.15,90.23,90.33,90.41,90.48,90.56,90.65,90.77,90.82,90.78,90.71,90.64,90.61,90.51,90.40,90.33,90.24,90.17,90.09,89.89,89.27,88.57,87.67,86.79,86.28,85.77,84.86,83.78,82.72,81.78,81.33,81.05,80.87,80.93,81.07,81.23,81.38,81.53,81.63,81.77,81.93,82.07,82.19,82.30,82.34,82.34,82.34,82.34,82.34,82.34,82.35,82.37,82.44,82.52,82.63,82.76,82.86,82.99,83.11,83.21,83.34,83.44,83.56,83.70,83.85,84.01,84.16,84.32,84.47,84.63,84.78,84.77,84.45,83.93,83.39,82.87,82.35,81.83,81.43,81.16,80.92,80.70,80.64,80.70,80.84,81.00,81.08,80.69,79.88,78.63,77.03,76.60,76.57,76.39,75.59,73.68,71.39,69.94,69.51,69.40,69.34,69.38,69.51,69.80,70.36,69.91,69.01,67.97,66.86,65.88,65.30,65.03,64.85,64.64,64.47,64.31,64.16,64.16,64.47,64.84,65.17,65.47,65.78,65.86,65.54,64.71,63.89,63.09,62.15,61.03,60.04,59.65,59.39,59.11,58.89,58.73,58.92,59.23,59.41,59.38,59.17,58.88,58.56,58.26,57.95,57.65,57.55,57.81,57.91,58.03,58.14,58.20,58.16,57.96,57.69,57.40,57.15,56.88,56.76,56.71,56.63,56.51,56.42,56.37,56.34,56.28,56.21,56.15,56.03,55.86,56.16,57.33,58.82,60.12,60.56
91.08,90.28,89.58,88.88,87.99,86.93,85.53,83.98,82.47,81.28,80.44,79.61,78.74,78.16,78.45,79.06,79.86,80.76,80.74,80.14,79.22,78.11,77.03,75.89,74.88,74.07,73.52,73.25,72.97,72.70,72.50,72.34,72.11,71.71,71.19,70.71,70.38,69.99,69.44,68.46,66.48,63.92,61.75,60.41,59.48,59.30,59.39,59.73,60.59,61.45,62.47,63.56,64.56,65.30,65.94,66.63,67.40,68.22,69.03,70.39,72.35,74.82,77.18,79.61,82.36,84.17,80.91,78.40,76.06,73.83,72.61,73.84,75.76,77.80,79.91,82.17,84.40,86.63,88.64,89.79,90.07,90.15,90.22,90.30,90.38,90.46,90.53,90.62,90.74,90.77,90.73,90.65,90.60,90.57,90.48,90.36,90.26,90.19,90.11,89.98,89.67,88.79,87.94,87.04,86.20,85.66,85.24,84.60,83.73,82.68,81.67,81.16,80.88,80.75,80.83,80.97,81.13,81.28,81.43,81.54,81.68,81.83,81.99,82.14,82.28,82.36,82.41,82.46,82.47,82.47,82.47,82.47,82.47,82.52,82.58,82.67,82.79,82.90,83.02,83.14,83.25,83.37,83.48,83.60,83.76,83.91,84.07,84.22,84.38,84.53,84.69,84.82,84.79,84.47,83.97,83.44,82.92,82.44,82.03,81.75,81.57,81.44,81.31,81.30,81.34,81.42,81.53,81.57,81.11,80.55,79.85,78.84,78.68,78.77,78.83,78.54,77.04,75.13,73.92,73.54,73.35,72.88,72.19,71.64,71.65,71.99,70.82,69.42,68.38,67.20,66.34,65.93,65.80,65.66,65.44,65.27,65.10,64.97,65.03,65.31,65.63,65.94,66.24,66.55,66.59,66.24,65.42,64.65,63.77,62.69,61.43,60.33,59.80,59.48,59.21,58.98,58.72,58.72,58.88,59.07,59.08,58.94,58.74,58.50,58.20,57.88,57.76,57.94,58.41,58.49,58.57,58.62,58.64,58.77,58.72,58.48,58.10,57.67,57.14,56.81,56.60,56.43,56.34,56.27,56.22,56.17,56.10,56.02,55.94,55.98,56.36,57.41,58.81,60.27,61.49,61.90
89.28,88.66,88.11,87.48,86.52,85.32,84.04,83.12,82.74,82.10,81.41,80.58,79.71,79.18,79.46,80.14,81.13,82.06,80.52,79.44,78.58,77.55,76.47,75.41,74.66,74.34,74.56,74.46,74.10,73.71,73.42,73.23,73.06,72.72,72.22,71.83,71.51,71.20,70.87,70.30,68.87,66.63,64.19,61.98,60.25,59.57,59.26,59.24,59.86,60.78,61.87,62.91,63.74,64.41,65.15,65.95,66.80,67.70,68.57,69.68,71.28,73.57,75.95,78.32,81.20,83.59,81.20,78.43,75.38,72.55,71.41,72.42,74.47,76.99,79.78,82.43,84.82,87.16,89.17,89.89,90.07,90.16,90.23,90.30,90.38,90.46,90.53,90.61,90.69,90.70,90.66,90.60,90.58,90.52,90.44,90.34,90.21,90.13,90.05,89.85,89.38,88.41,87.37,86.42,85.63,85.02,84.48,84.14,83.61,82.66,81.61,81.02,80.71,80.62,80.71,80.86,81.01,81.16,81.31,81.46,81.61,81.76,81.92,82.07,82.17,82.29,82.43,82.56,82.59,82.60,82.60,82.60,82.60,82.60,82.64,82.72,82.81,82.94,83.05,83.16,83.29,83.39,83.52,83.67,83.82,83.97,84.13,84.28,84.44,84.59,84.74,84.84,84.81,84.54,84.09,83.56,83.03,82.59,82.34,82.17,82.06,82.00,81.98,81.98,81.99,82.03,82.08,82.00,81.56,81.11,80.71,80.34,80.28,80.33,80.40,80.38,80.00,79.66,79.46,79.38,79.14,78.06,76.36,74.83,74.22,73.85,71.53,69.44,68.52,67.45,66.89,66.65,66.57,66.47,66.27,66.09,65.91,65.75,65.94,66.18,66.47,66.78,67.08,67.37,67.35,66.95,66.17,65.42,64.39,63.21,61.96,60.76,59.99,59.57,59.34,59.09,58.80,58.65,58.63,58.70,58.70,58.63,58.55,58.41,58.13,57.83,58.04,58.64,59.25,59.25,59.20,59.12,59.11,59.47,59.65,59.42,58.88,58.27,57.62,57.11,56.69,56.35,56.23,56.15,56.07,56.00,55.93,55.90,55.95,56.34,57.50,59.30,60.69,61.90,62.97,63.43
88.47,87.74,87.02,86.36,85.85,85.38,84.88,84.54,84.42,84.02,83.43,82.52,81.50,81.08,81.75,82.26,82.07,80.93,79.65,78.81,78.01,77.02,75.94,75.49,75.39,75.52,75.85,75.72,75.35,74.91,74.51,74.16,73.96,73.66,73.25,72.90,72.59,72.12,71.52,70.82,69.81,67.72,65.30,63.08,61.52,60.43,59.68,59.26,59.39,60.21,61.24,62.18,62.95,63.76,64.61,65.47,66.33,67.20,68.10,69.17,70.69,72.96,75.42,77.89,80.77,83.13,81.24,77.41,73.58,70.82,70.32,71.10,73.36,76.46,79.83,82.83,85.41,87.79,89.66,90.01,90.14,90.21,90.27,90.31,90.38,90.46,90.53,90.60,90.63,90.64,90.59,90.53,90.53,90.46,90.38,90.30,90.20,90.12,90.04,89.72,89.02,87.98,86.94,85.96,85.09,84.39,83.83,83.39,83.02,82.56,81.55,80.84,80.52,80.50,80.63,80.78,80.93,81.09,81.24,81.35,81.49,81.65,81.80,81.95,82.08,82.23,82.38,82.53,82.63,82.70,82.72,82.72,82.72,82.72,82.74,82.78,82.86,82.96,83.08,83.20,83.31,83.43,83.58,83.71,83.83,83.98,84.13,84.29,84.44,84.59,84.71,84.82,84.85,84.65,84.21,83.69,83.25,82.94,82.76,82.64,82.58,82.56,82.58,82.62,82.63,82.64,82.64,82.50,82.16,81.83,81.53,81.25,81.17,81.21,81.25,81.19,80.98,80.79,80.70,80.67,80.47,79.83,78.89,77.86,76.70,74.64,71.77,69.61,68.67,67.96,67.58,67.38,67.29,67.24,67.08,66.92,66.71,66.53,66.76,67.08,67.40,67.70,67.95,68.13,68.08,67.69,66.91,66.30,65.30,64.06,62.74,61.46,60.32,59.70,59.45,59.17,58.86,58.62,58.45,58.38,58.33,58.30,58.25,58.16,58.03,57.80,58.38,59.50,60.39,60.23,59.83,59.57,59.73,60.47,60.72,60.22,59.30,58.60,58.08,57.50,56.92,56.44,56.19,56.07,56.00,55.92,55.88,56.20,57.14,58.42,59.70,61.18,62.43,63.67,64.88,65.47
88.61,87.72,86.93,86.33,86.17,86.21,86.26,86.30,86.29,86.08,85.57,84.71,83.78,83.55,83.64,83.13,81.78,79.79,78.93,78.24,77.50,76.69,75.99,76.07,76.43,76.83,77.15,77.02,76.64,76.18,75.72,75.26,74.97,74.65,74.24,73.81,73.37,72.72,71.92,71.09,70.32,68.50,66.31,64.32,62.94,61.59,60.45,59.60,59.23,59.69,60.56,61.49,62.27,63.16,64.07,64.95,65.81,66.73,67.72,68.83,70.34,72.60,75.13,77.70,80.50,82.71,81.15,76.26,71.95,69.59,69.56,70.17,72.64,76.18,79.87,83.10,85.93,88.32,89.95,90.09,90.17,90.25,90.30,90.33,90.41,90.47,90.53,90.59,90.60,90.58,90.55,90.50,90.47,90.40,90.34,90.27,90.19,90.12,90.04,89.60,88.69,87.60,86.56,85.55,84.59,83.78,83.10,82.59,82.31,82.12,81.41,80.67,80.34,80.41,80.54,80.69,80.85,81.00,81.15,81.25,81.39,81.55,81.70,81.86,82.01,82.15,82.29,82.45,82.60,82.72,82.79,82.82,82.85,82.85,82.85,82.86,82.92,83.00,83.13,83.26,83.34,83.49,83.63,83.75,83.85,84.01,84.16,84.32,84.47,84.59,84.68,84.79,84.86,84.75,84.34,83.88,83.56,83.38,83.23,83.14,83.13,83.13,83.14,83.20,83.21,83.21,83.19,83.07,82.85,82.61,82.36,82.07,81.95,81.97,81.97,81.83,81.59,81.35,81.22,81.15,80.98,80.68,80.36,79.82,78.54,75.53,72.50,70.27,69.12,68.60,68.32,68.13,68.02,68.00,67.89,67.73,67.51,67.32,67.58,67.97,68.32,68.61,68.81,68.88,68.80,68.45,67.74,67.22,66.31,65.09,63.72,62.41,61.19,60.24,59.60,59.29,58.98,58.66,58.38,58.20,58.12,58.07,58.01,57.95,57.92,57.92,58.79,60.25,61.49,61.41,60.91,60.63,60.93,61.80,61.86,60.96,59.67,58.98,58.56,57.98,57.32,56.76,56.37,56.15,56.02,56.09,56.62,57.95,59.94,61.94,63.19,64.10,64.94,65.88,66.84,67.34
89.95,88.88,88.20,87.77,87.68,87.73,87.85,87.98,88.09,88.06,87.63,87.00,86.50,86.48,84.57,82.01,79.95,79.25,78.55,77.78,77.08,76.66,76.81,77.20,77.65,78.09,78.43,78.34,77.97,77.50,77.03,76.56,76.12,75.67,75.16,74.45,73.74,72.95,72.13,71.35,70.58,69.22,67.56,65.87,64.46,63.02,61.57,60.27,59.47,59.21,59.85,60.85,61.74,62.60,63.46,64.33,65.22,66.28,67.46,68.68,70.20,72.44,75.00,77.63,80.34,82.34,80.92,75.20,70.86,69.17,69.21,69.76,72.41,76.15,79.87,83.17,86.30,88.69,89.96,90.09,90.17,90.25,90.32,90.38,90.46,90.49,90.53,90.59,90.59,90.54,90.50,90.48,90.41,90.33,90.30,90.27,90.19,90.12,90.01,89.45,88.39,87.24,86.16,85.15,84.17,83.20,82.26,81.81,81.53,81.21,81.14,80.51,80.20,80.33,80.42,80.57,80.72,80.88,81.03,81.17,81.32,81.48,81.63,81.79,81.94,82.06,82.17,82.32,82.48,82.62,82.76,82.89,82.95,82.97,82.98,82.98,83.00,83.06,83.18,83.31,83.41,83.55,83.65,83.77,83.91,84.07,84.22,84.38,84.51,84.60,84.68,84.76,84.83,84.81,84.46,84.17,83.99,83.88,83.74,83.65,83.66,83.71,83.71,83.71,83.72,83.72,83.71,83.69,83.60,83.43,83.18,82.89,82.72,82.73,82.69,82.46,82.17,81.92,81.74,81.59,81.42,81.07,80.69,80.28,79.45,76.81,74.00,71.61,70.00,69.41,69.12,68.92,68.80,68.78,68.70,68.52,68.29,68.14,68.41,68.86,69.27,69.55,69.71,69.69,69.56,69.27,68.75,68.20,67.40,66.30,64.93,63.65,62.82,61.40,59.83,59.49,59.17,58.82,58.48,58.22,58.12,57.99,57.89,57.82,57.80,58.22,59.31,60.87,62.47,62.82,62.62,62.54,62.91,63.55,63.05,61.68,60.13,59.50,59.12,58.55,57.93,57.40,56.92,56.52,56.33,56.73,58.60,61.65,64.62,66.91,68.04,68.33,68.43,68.56,68.73,68.83
93.22,91.53,90.31,89.55,89.24,89.29,89.44,89.59,89.73,89.80,89.47,89.00,88.38,87.21,84.46,81.49,79.39,78.89,78.26,77.77,77.43,77.31,77.61,78.13,78.70,79.27,79.81,79.74,79.25,78.65,78.10,77.51,76.89,76.27,75.61,74.84,74.03,73.22,72.42,71.65,70.92,69.98,68.78,67.33,65.89,64.33,62.69,61.10,59.81,59.17,59.47,60.25,61.13,61.98,62.86,63.82,64.87,66.07,67.34,68.62,70.21,72.55,75.21,77.88,80.46,82.16,80.66,74.26,69.94,68.81,68.78,69.42,71.99,75.73,79.78,83.32,86.73,89.04,89.98,90.09,90.17,90.25,90.31,90.35,90.42,90.45,90.48,90.54,90.54,90.48,90.45,90.42,90.35,90.28,90.25,90.24,90.19,90.06,89.45,88.45,87.21,86.00,85.08,84.40,83.72,82.81,81.79,81.02,80.54,80.34,80.38,80.14,80.08,80.22,80.34,80.49,80.64,80.80,80.95,81.06,81.21,81.37,81.52,81.67,81.83,81.96,82.09,82.24,82.40,82.55,82.69,82.81,82.92,83.01,83.08,83.10,83.11,83.14,83.23,83.34,83.46,83.57,83.69,83.83,83.98,84.13,84.25,84.39,84.52,84.60,84.68,84.72,84.76,84.77,84.64,84.56,84.48,84.39,84.25,84.19,84.23,84.27,84.23,84.22,84.22,84.22,84.22,84.22,84.20,84.12,83.96,83.70,83.50,83.44,83.34,83.10,82.79,82.51,82.26,82.01,81.72,81.32,80.89,80.48,79.82,77.70,75.41,73.28,71.60,70.86,70.60,70.29,69.93,69.80,69.65,69.38,69.09,68.92,69.24,70.41,71.31,71.66,71.83,71.77,71.45,70.92,70.18,69.25,68.47,67.47,66.19,65.20,64.58,62.96,60.83,59.79,59.36,59.03,58.68,58.36,58.15,58.01,57.91,57.85,57.88,58.66,60.50,62.55,63.70,64.41,64.57,64.69,65.03,65.40,64.59,63.06,61.43,60.44,59.74,59.28,58.96,58.76,58.81,58.94,59.22,60.29,63.53,66.17,67.98,69.13,69.66,69.73,69.71,69.69,69.68,69.65
96.68,94.66,93.00,91.80,91.18,91.13,91.17,91.25,91.37,91.38,91.01,90.51,89.60,87.31,84.20,81.29,79.30,78.78,78.23,78.03,78.04,78.16,78.41,79.03,79.76,80.55,81.33,81.20,80.48,79.65,78.94,78.23,77.48,76.69,75.91,75.13,74.31,73.51,72.75,72.03,71.36,70.74,69.90,68.67,67.20,65.53,63.75,61.94,60.23,59.32,59.21,59.67,60.52,61.39,62.37,63.46,64.67,65.98,67.30,68.61,70.26,72.72,75.51,78.25,80.66,82.00,80.38,73.55,69.25,68.46,68.33,69.12,71.55,75.22,79.63,83.42,87.14,89.42,89.99,90.09,90.17,90.24,90.28,90.29,90.35,90.38,90.42,90.48,90.48,90.42,90.38,90.35,90.28,90.21,90.19,90.18,90.12,89.80,88.59,87.07,85.57,84.35,83.71,83.39,83.04,82.29,81.36,80.37,79.72,79.61,79.62,79.78,79.95,80.12,80.27,80.43,80.58,80.73,80.87,80.96,81.10,81.25,81.41,81.56,81.72,81.87,82.01,82.17,82.32,82.47,82.60,82.70,82.86,83.01,83.13,83.21,83.23,83.23,83.27,83.36,83.50,83.59,83.72,83.87,84.03,84.17,84.27,84.38,84.50,84.57,84.63,84.65,84.65,84.66,84.73,84.79,84.78,84.71,84.62,84.60,84.64,84.66,84.61,84.60,84.60,84.61,84.61,84.61,84.61,84.61,84.57,84.39,84.21,84.09,83.95,83.68,83.36,83.02,82.67,82.30,81.91,81.48,81.04,80.61,80.06,78.59,76.80,75.03,73.52,72.73,72.64,72.41,72.03,71.84,71.58,71.24,70.89,70.68,70.97,72.63,73.86,74.22,74.39,74.25,73.72,72.93,71.94,70.64,69.71,68.72,67.56,66.87,66.38,64.74,62.32,60.55,59.70,59.28,58.96,58.60,58.30,58.17,58.11,58.13,58.48,60.07,62.62,64.84,65.40,66.13,66.48,66.73,67.04,67.19,66.20,64.67,63.04,61.68,60.62,60.25,60.27,60.51,61.12,61.96,62.86,64.45,68.16,69.78,70.22,70.24,70.25,70.25,70.24,70.23,70.22,70.17
99.17,98.06,96.60,95.13,94.16,93.73,93.34,93.13,93.12,92.64,91.84,90.89,89.61,87.32,84.34,81.51,79.58,79.18,78.86,78.77,78.82,78.98,79.23,79.94,80.98,82.20,83.17,82.81,81.64,80.34,79.34,78.56,77.79,76.99,76.17,75.39,74.61,73.83,73.12,72.54,72.02,71.47,70.78,69.79,68.28,66.52,64.62,62.66,60.80,59.66,59.04,59.10,59.97,60.93,62.15,63.44,64.73,66.05,67.36,68.67,70.34,72.87,75.83,78.63,80.81,81.72,80.07,73.39,69.09,68.13,67.98,68.88,71.19,74.80,79.42,83.23,87.48,89.86,90.01,90.09,90.17,90.21,90.22,90.22,90.24,90.28,90.36,90.41,90.42,90.36,90.29,90.24,90.21,90.15,90.12,90.10,89.89,88.95,87.27,85.24,83.30,82.25,82.01,81.95,81.77,81.25,80.78,80.09,79.51,79.25,79.30,79.58,79.85,80.05,80.21,80.36,80.52,80.65,80.75,80.89,81.04,81.19,81.34,81.50,81.66,81.77,81.88,82.04,82.19,82.35,82.50,82.64,82.79,82.94,83.09,83.23,83.34,83.36,83.37,83.41,83.51,83.64,83.75,83.87,84.03,84.17,84.27,84.36,84.42,84.44,84.45,84.46,84.46,84.47,84.54,84.52,84.49,84.50,84.59,84.60,84.61,84.61,84.60,84.60,84.60,84.63,84.68,84.68,84.68,84.68,84.69,84.70,84.72,84.67,84.48,84.12,83.75,83.28,82.76,82.24,81.86,81.51,81.13,80.75,80.38,79.74,78.24,76.77,75.83,75.31,75.69,76.22,76.58,76.54,76.19,75.84,75.52,75.25,75.22,76.27,77.03,77.18,77.24,76.88,76.19,75.34,74.33,72.90,71.50,70.22,69.16,68.62,68.20,66.80,64.61,62.52,60.47,59.63,59.36,59.05,58.80,58.68,58.69,59.03,60.35,64.12,66.86,68.09,68.22,68.04,68.06,68.28,68.61,68.72,67.77,66.40,64.93,63.50,62.17,61.77,62.07,62.82,63.63,65.11,66.65,68.10,69.66,70.17,70.32,70.38,70.43,70.44,70.40,70.36,70.36,70.34
100.02,99.50,98.02,96.25,95.47,94.75,94.05,93.47,93.05,92.28,91.30,90.08,88.51,86.35,83.78,81.56,80.26,80.31,80.20,80.09,80.25,80.81,81.61,82.13,83.06,84.30,85.06,84.43,83.09,81.41,79.70,78.84,78.06,77.25,76.42,75.66,75.00,74.33,73.72,73.21,72.71,72.18,71.44,70.33,68.80,66.98,65.06,63.12,61.25,59.91,59.01,58.84,59.66,60.62,61.91,63.28,64.62,65.94,67.25,68.58,70.33,73.06,76.27,78.99,80.78,81.06,79.02,72.94,68.93,67.83,67.59,68.60,70.86,74.44,79.28,83.74,87.89,90.00,90.01,90.09,90.14,90.16,90.16,90.16,90.16,90.22,90.29,90.36,90.39,90.34,90.26,90.19,90.16,90.08,89.80,89.30,88.45,86.81,84.66,82.71,81.32,80.70,80.65,80.68,80.59,80.30,80.02,79.59,79.15,78.90,79.08,79.46,79.80,80.03,80.19,80.34,80.50,80.64,80.75,80.87,81.02,81.17,81.32,81.44,81.59,81.72,81.84,81.96,82.11,82.27,82.41,82.53,82.69,82.84,82.99,83.15,83.30,83.38,83.45,83.50,83.56,83.67,83.78,83.90,84.02,84.14,84.20,84.24,84.27,84.27,84.24,84.22,84.22,84.24,84.31,84.24,84.15,84.14,84.27,84.33,84.32,84.31,84.34,84.34,84.37,84.42,84.48,84.48,84.52,84.52,84.55,84.63,84.77,84.83,84.70,84.33,83.85,83.32,82.74,82.18,81.79,81.44,81.09,80.75,80.41,80.12,79.28,78.48,78.05,77.84,78.15,78.64,79.07,79.13,78.83,78.59,78.42,78.26,78.18,78.67,79.02,79.06,79.08,78.80,78.33,77.68,76.72,75.22,73.60,72.16,71.11,70.43,69.98,68.99,67.36,65.28,62.75,61.27,60.45,59.88,59.47,59.37,60.03,61.63,64.11,67.44,69.30,69.83,69.76,69.42,69.35,69.49,69.72,69.83,69.09,67.89,66.50,65.11,63.77,63.60,64.20,65.11,65.94,67.25,68.58,69.62,70.16,70.32,70.41,70.51,70.58,70.59,70.56,70.52,70.50,70.52
99.74,99.21,97.59,95.77,95.38,94.58,93.70,92.84,91.97,91.04,89.98,88.59,86.85,84.89,83.09,81.86,81.46,82.07,82.27,82.28,82.62,83.54,84.83,85.08,85.67,86.60,86.96,86.08,84.64,82.59,80.12,79.11,78.32,77.53,76.73,76.01,75.49,74.98,74.45,73.97,73.42,72.77,71.82,70.48,68.94,67.12,65.25,63.39,61.59,60.08,59.03,58.75,59.48,60.36,61.64,63.02,64.40,65.72,66.98,68.23,69.91,72.67,76.22,79.08,80.63,80.27,77.63,72.32,68.77,67.53,67.17,68.30,70.52,74.02,79.01,84.19,88.00,89.85,90.01,90.08,90.09,90.08,90.06,90.06,90.08,90.15,90.22,90.29,90.36,90.33,90.26,90.18,90.11,90.03,89.39,88.27,86.69,84.45,81.92,80.26,79.73,79.52,79.54,79.57,79.53,79.42,79.21,78.97,78.72,78.60,78.96,79.41,79.78,80.04,80.20,80.35,80.50,80.65,80.79,80.89,81.03,81.18,81.31,81.41,81.55,81.70,81.82,81.92,82.06,82.22,82.34,82.44,82.58,82.73,82.89,83.04,83.19,83.33,83.47,83.58,83.61,83.69,83.81,83.92,83.99,84.06,84.06,84.06,84.07,84.06,84.01,83.99,83.99,84.00,84.05,83.94,83.79,83.71,83.84,83.92,83.91,83.89,83.96,83.97,84.03,84.10,84.16,84.18,84.26,84.32,84.35,84.45,84.65,84.81,84.77,84.39,83.81,83.26,82.68,82.12,81.72,81.34,81.00,80.67,80.34,80.17,80.03,79.93,79.91,79.96,80.00,80.16,80.38,80.48,80.31,80.23,80.21,80.19,80.19,80.22,80.25,80.25,80.25,80.19,80.04,79.68,78.85,77.47,75.81,74.31,73.18,72.24,71.70,71.09,70.04,68.07,65.49,63.45,61.98,61.02,60.31,60.26,61.70,64.66,68.04,69.94,70.69,70.80,70.67,70.53,70.50,70.54,70.62,70.66,70.17,69.17,67.87,66.57,65.36,65.48,66.34,67.29,68.01,68.80,69.54,70.08,70.23,70.37,70.52,70.65,70.72,70.72,70.72,70.68,70.64,70.70
97.97,95.52,93.68,92.93,92.75,92.38,91.77,91.06,90.29,89.27,88.12,86.67,84.94,83.28,83.21,83.56,84.13,85.08,86.01,86.92,87.62,88.08,88.58,88.63,88.74,88.91,88.73,87.86,86.03,83.53,80.84,79.46,78.57,77.87,77.25,76.71,76.27,75.81,75.32,74.78,74.15,72.91,71.49,70.10,68.61,66.94,65.17,63.37,61.61,60.09,59.00,58.67,59.32,60.04,61.27,62.66,64.04,65.38,66.34,67.07,67.96,69.80,73.87,78.05,80.41,79.75,76.29,71.64,68.54,67.19,66.77,67.99,70.08,73.29,78.01,83.06,86.80,89.07,89.97,90.02,90.03,89.97,89.86,89.79,89.97,90.09,90.14,90.17,90.25,90.29,90.26,90.18,90.10,90.03,89.15,87.71,85.93,83.70,81.19,79.59,79.10,78.85,78.87,78.87,78.80,78.72,78.55,78.34,78.25,78.46,79.03,79.52,79.88,80.10,80.26,80.36,80.50,80.66,80.81,80.94,81.08,81.22,81.32,81.45,81.60,81.73,81.84,81.97,82.07,82.21,82.35,82.48,82.58,82.72,82.88,83.02,83.13,83.27,83.39,83.50,83.61,83.74,83.81,83.84,83.86,83.88,83.84,83.82,83.82,83.81,83.80,83.79,83.79,83.80,83.81,83.65,83.47,83.36,83.41,83.48,83.49,83.50,83.58,83.64,83.71,83.78,83.86,83.92,84.13,84.29,84.41,84.54,84.72,84.84,84.74,84.30,83.74,83.20,82.64,82.09,81.61,81.25,80.91,80.58,80.39,80.32,80.33,80.35,80.36,80.44,80.50,80.62,80.78,80.85,80.76,80.72,80.70,80.66,80.65,80.65,80.65,80.65,80.65,80.68,80.59,80.34,79.87,79.25,77.89,76.43,75.16,73.95,73.21,72.53,71.48,69.53,67.24,65.44,63.98,62.68,61.54,61.66,63.28,66.12,68.98,70.36,71.11,71.49,71.45,71.50,71.56,71.60,71.55,71.17,70.65,69.96,69.04,67.82,66.86,67.01,67.92,69.06,69.44,69.74,70.03,70.26,70.40,70.55,70.70,70.84,70.90,70.91,70.87,70.83,70.83,70.89
94.73,92.26,90.85,90.65,90.58,90.37,89.88,89.24,88.50,87.45,86.29,85.23,84.34,83.74,84.68,85.82,86.86,87.88,88.95,90.01,90.67,90.80,90.85,90.78,90.62,90.38,90.00,89.31,87.65,85.20,82.34,80.17,79.07,78.43,77.95,77.52,77.12,76.67,76.12,75.36,74.28,72.58,70.92,69.57,68.17,66.59,64.92,63.19,61.51,60.09,59.00,58.62,59.21,59.84,61.03,62.28,63.36,64.18,64.64,64.94,65.24,66.25,70.20,75.25,78.62,78.47,74.65,70.76,68.11,66.73,66.38,67.70,69.69,72.65,76.99,81.28,84.53,86.73,87.86,88.09,88.06,87.92,87.79,87.86,88.31,89.00,89.64,90.05,90.16,90.23,90.24,90.19,90.13,90.06,89.38,88.31,86.93,84.54,81.40,79.38,78.86,78.46,78.28,78.19,78.11,78.03,77.90,77.83,77.98,78.47,79.16,79.66,79.98,80.17,80.29,80.40,80.53,80.68,80.81,80.96,81.12,81.25,81.36,81.51,81.65,81.76,81.87,82.00,82.10,82.24,82.39,82.51,82.62,82.76,82.90,83.02,83.13,83.27,83.39,83.47,83.57,83.67,83.68,83.66,83.66,83.66,83.62,83.60,83.60,83.60,83.57,83.56,83.58,83.59,83.54,83.34,83.15,83.03,82.98,83.06,83.13,83.21,83.33,83.44,83.55,83.66,83.79,83.95,84.19,84.39,84.54,84.69,84.75,84.73,84.53,84.08,83.60,83.09,82.57,82.05,81.53,81.16,80.86,80.64,80.58,80.57,80.62,80.68,80.72,80.79,80.87,80.97,81.09,81.15,81.09,81.07,81.04,80.98,80.97,80.97,80.97,80.97,80.97,80.99,80.89,80.67,80.40,80.16,79.29,78.03,76.62,75.47,74.72,73.88,72.65,70.79,68.82,67.31,65.96,64.49,62.91,62.72,64.14,66.78,69.28,70.50,71.35,71.97,72.18,72.46,72.52,72.44,72.19,71.63,71.10,70.57,69.93,69.00,68.27,68.39,69.13,70.05,70.22,70.28,70.34,70.43,70.58,70.71,70.86,70.99,71.06,71.07,71.03,71.00,71.01,71.06
90.76,89.91,89.42,89.18,89.10,88.78,88.27,87.62,86.86,85.87,84.88,84.59,85.11,86.07,87.25,88.42,89.45,90.26,90.95,91.48,91.75,91.77,91.75,91.63,91.39,91.10,90.83,90.41,89.38,87.49,84.60,81.58,80.15,79.41,78.87,78.40,78.00,77.52,76.81,75.62,73.77,71.82,70.17,68.94,67.68,66.15,64.53,62.91,61.36,60.13,59.07,58.63,59.14,59.75,60.88,61.85,62.33,62.24,62.08,62.08,62.12,62.52,65.69,71.04,75.42,76.39,72.77,69.71,67.51,66.16,66.02,67.41,69.31,72.06,75.93,78.99,81.36,82.94,83.82,84.35,84.34,84.16,84.08,84.45,85.28,86.89,88.57,89.76,90.06,90.17,90.20,90.19,90.19,90.12,89.95,89.76,89.19,86.66,82.31,79.48,78.91,78.33,77.80,77.53,77.44,77.36,77.29,77.48,77.93,78.61,79.35,79.81,80.07,80.22,80.31,80.45,80.59,80.73,80.82,80.97,81.12,81.27,81.42,81.57,81.67,81.79,81.92,82.01,82.15,82.30,82.43,82.53,82.67,82.82,82.94,83.04,83.19,83.33,83.43,83.47,83.49,83.50,83.45,83.42,83.41,83.41,83.41,83.41,83.41,83.39,83.34,83.32,83.34,83.37,83.24,83.03,82.84,82.69,82.60,82.72,82.86,83.03,83.25,83.41,83.56,83.73,83.96,84.23,84.42,84.57,84.71,84.81,84.71,84.49,84.17,83.78,83.37,82.91,82.45,81.97,81.46,81.08,80.88,80.83,80.88,80.89,80.95,81.02,81.09,81.16,81.24,81.32,81.40,81.47,81.41,81.38,81.36,81.30,81.28,81.28,81.28,81.28,81.27,81.20,81.04,80.81,80.57,80.34,80.02,79.11,77.65,76.86,76.30,75.31,73.87,72.15,70.46,69.14,67.86,66.29,64.32,63.41,64.37,66.91,69.28,70.58,71.51,72.28,72.87,73.38,73.36,73.06,72.61,72.07,71.59,71.08,70.56,70.07,69.54,69.62,70.01,70.36,70.46,70.49,70.53,70.62,70.76,70.86,70.99,71.12,71.19,71.20,71.19,71.19,71.19,71.20
90.16,89.35,88.85,88.43,88.11,87.77,87.39,87.02,86.66,86.29,86.16,86.41,87.13,88.35,89.51,90.55,91.34,91.80,92.35,92.72,92.86,92.81,92.71,92.49,92.19,91.84,91.50,91.08,90.42,89.37,87.75,85.75,83.95,82.17,80.48,79.36,78.83,78.35,77.30,75.07,72.51,70.61,69.20,68.12,67.04,65.65,64.14,62.70,61.51,60.47,59.45,58.81,58.90,59.42,60.28,60.88,60.95,60.47,60.00,59.86,59.96,60.38,62.46,67.39,72.01,73.72,71.06,68.76,66.90,65.59,65.53,66.94,68.72,71.05,74.06,76.19,77.60,78.53,79.15,79.80,80.30,80.41,80.45,81.00,82.20,84.03,86.14,88.22,89.72,90.11,90.14,90.15,90.18,90.13,90.08,90.04,89.82,88.68,83.55,79.82,79.09,78.49,77.67,77.17,76.94,76.86,76.97,77.50,78.19,78.89,79.59,79.94,80.14,80.27,80.36,80.51,80.66,80.78,80.88,81.02,81.14,81.27,81.43,81.58,81.71,81.85,81.98,82.07,82.21,82.34,82.45,82.58,82.73,82.85,82.97,83.09,83.24,83.32,83.33,83.32,83.31,83.27,83.24,83.20,83.16,83.16,83.16,83.16,83.16,83.16,83.13,83.12,83.11,83.08,82.93,82.71,82.52,82.43,82.56,82.75,82.97,83.23,83.50,83.71,83.84,84.01,84.24,84.50,84.68,84.72,84.68,84.58,84.36,84.13,83.85,83.45,83.02,82.61,82.19,81.76,81.34,81.18,81.15,81.17,81.20,81.25,81.31,81.38,81.41,81.49,81.57,81.64,81.72,81.79,81.77,81.73,81.69,81.66,81.61,81.60,81.60,81.58,81.48,81.33,81.12,80.88,80.66,80.42,80.22,79.75,78.96,78.41,78.12,77.47,76.29,74.58,72.83,71.30,69.61,67.41,65.17,64.00,64.79,67.23,69.50,70.69,71.69,72.68,73.54,74.16,74.02,73.58,73.10,72.57,72.13,71.62,71.06,70.60,70.27,70.26,70.42,70.58,70.66,70.72,70.76,70.81,70.91,71.03,71.17,71.30,71.37,71.38,71.35,71.34,71.38,71.38
90.88,89.61,88.84,88.33,87.88,87.63,87.50,87.43,87.44,87.60,88.19,88.85,89.56,90.57,91.61,92.50,93.07,93.22,93.48,93.57,93.53,93.40,93.21,92.98,92.71,92.41,92.08,91.62,91.14,90.65,90.08,89.15,87.53,85.54,83.44,81.61,80.38,79.31,77.60,74.45,71.34,69.55,68.39,67.41,66.44,65.20,63.86,62.61,61.67,60.81,59.94,59.23,58.91,59.13,59.60,59.90,59.84,59.41,58.98,58.72,58.72,59.15,60.38,64.72,69.17,71.22,69.58,67.90,66.28,65.03,65.06,66.46,68.08,69.87,71.87,73.18,73.84,74.24,74.61,75.19,76.07,76.55,76.90,77.81,79.29,81.11,83.25,85.70,88.16,89.34,89.87,90.09,90.14,90.12,90.10,90.07,90.00,89.94,85.04,80.83,79.37,78.68,77.63,76.86,76.48,76.45,76.85,77.66,78.51,79.21,79.82,80.06,80.20,80.34,80.43,80.57,80.71,80.83,80.94,81.08,81.19,81.29,81.45,81.60,81.75,81.89,82.03,82.13,82.26,82.37,82.48,82.64,82.78,82.88,82.98,83.11,83.21,83.21,83.17,83.12,83.10,83.05,83.02,82.98,82.93,82.91,82.91,82.91,82.91,82.91,82.91,82.91,82.88,82.78,82.61,82.41,82.26,82.29,82.66,82.94,83.23,83.54,83.82,84.06,84.19,84.34,84.54,84.70,84.76,84.68,84.50,84.25,83.95,83.75,83.51,83.11,82.67,82.26,81.92,81.64,81.39,81.39,81.47,81.52,81.55,81.63,81.69,81.72,81.76,81.83,81.91,81.98,82.06,82.11,82.10,82.05,82.02,82.00,81.94,81.92,81.90,81.83,81.66,81.45,81.23,81.00,80.77,80.55,80.37,80.18,79.94,79.59,79.51,79.22,78.45,76.92,74.78,72.67,70.44,67.92,65.60,64.56,65.37,67.67,69.80,70.98,72.06,73.20,74.23,74.84,74.60,74.09,73.61,73.08,72.62,72.08,71.48,70.99,70.81,70.77,70.77,70.80,70.86,70.93,70.97,70.99,71.07,71.21,71.35,71.47,71.54,71.55,71.50,71.50,71.55,71.57
92.69,90.65,89.56,89.11,88.82,88.86,89.05,89.25,89.42,89.82,90.63,91.49,92.19,92.67,93.51,94.25,94.69,94.65,94.31,93.80,93.39,93.18,92.91,92.81,92.77,92.70,92.53,92.07,91.54,91.07,90.67,90.29,89.80,89.27,88.33,85.99,83.14,80.52,77.69,74.00,70.60,68.92,67.91,66.96,65.96,64.86,63.77,62.72,61.77,61.07,60.48,59.95,59.45,59.01,58.98,59.13,59.33,59.55,59.60,59.18,58.70,58.90,59.84,63.53,67.33,69.23,68.44,67.16,65.65,64.44,64.64,66.03,67.44,68.57,69.38,70.07,70.30,70.41,70.55,70.84,71.68,72.54,73.54,75.08,76.68,78.39,80.12,82.01,84.59,87.34,89.17,89.95,90.02,90.08,90.10,90.07,90.00,89.95,86.79,82.85,79.77,78.82,77.58,76.56,76.02,76.19,76.99,77.95,78.85,79.55,79.98,80.15,80.27,80.41,80.49,80.63,80.74,80.85,81.00,81.15,81.25,81.36,81.52,81.66,81.76,81.89,82.04,82.18,82.28,82.40,82.55,82.69,82.79,82.91,82.99,83.02,83.03,82.98,82.95,82.91,82.86,82.84,82.79,82.75,82.72,82.67,82.66,82.66,82.66,82.66,82.66,82.66,82.62,82.52,82.31,82.13,82.12,82.34,82.88,83.28,83.61,83.90,84.14,84.38,84.54,84.69,84.81,84.77,84.57,84.34,84.11,83.88,83.58,83.38,83.13,82.74,82.35,81.92,81.70,81.71,81.72,81.73,81.78,81.86,81.92,82.00,82.03,82.06,82.13,82.21,82.28,82.37,82.42,82.42,82.37,82.34,82.34,82.32,82.25,82.23,82.16,82.02,81.80,81.63,81.42,81.19,80.97,80.79,80.58,80.39,80.23,80.10,80.07,80.02,79.74,78.70,75.74,72.53,69.75,67.59,65.52,65.09,66.18,68.27,70.20,71.57,72.76,73.91,74.95,75.40,75.10,74.59,74.11,73.57,73.00,72.39,71.80,71.31,71.22,71.21,71.16,71.06,71.06,71.12,71.16,71.18,71.26,71.40,71.51,71.60,71.66,71.67,71.67,71.67,71.69,71.74
95.42,93.34,91.96,91.31,91.36,91.69,92.40,93.03,93.29,93.53,94.03,94.30,94.25,94.21,94.16,94.10,93.98,93.77,93.44,92.89,92.50,92.35,92.11,92.11,92.19,92.24,92.22,91.99,91.72,91.43,91.14,90.86,90.62,90.39,89.90,88.39,85.34,82.17,78.74,74.48,70.63,68.84,67.82,66.80,65.72,64.67,63.67,62.78,62.15,61.66,61.25,60.86,60.46,59.98,59.86,59.99,60.25,60.43,60.12,59.35,58.66,58.83,59.72,62.52,65.66,67.68,67.31,66.28,64.93,63.87,64.24,65.36,66.43,67.27,67.89,68.50,68.74,68.83,68.94,69.16,69.69,70.35,71.22,72.56,74.24,76.03,77.73,79.33,81.14,83.38,85.76,87.99,89.52,89.97,90.05,90.03,89.92,89.44,86.68,83.08,79.88,78.58,77.29,76.18,75.69,76.39,77.36,78.34,79.19,79.81,80.09,80.22,80.33,80.47,80.55,80.70,80.80,80.91,81.06,81.21,81.31,81.42,81.57,81.69,81.80,81.94,82.08,82.20,82.32,82.46,82.59,82.71,82.78,82.83,82.85,82.84,82.80,82.76,82.72,82.69,82.65,82.61,82.57,82.53,82.49,82.46,82.45,82.42,82.40,82.40,82.40,82.40,82.35,82.22,82.00,81.88,82.05,82.49,83.09,83.58,83.94,84.24,84.50,84.66,84.70,84.70,84.67,84.55,84.28,84.00,83.73,83.50,83.19,83.00,82.76,82.44,82.20,81.99,81.92,81.97,82.05,82.09,82.13,82.18,82.25,82.33,82.38,82.44,82.51,82.55,82.62,82.70,82.74,82.70,82.67,82.63,82.60,82.59,82.56,82.49,82.37,82.21,82.02,81.83,81.61,81.39,81.20,81.00,80.81,80.65,80.53,80.42,80.40,80.34,80.14,79.31,75.56,71.82,68.89,67.02,65.76,66.19,67.55,69.32,70.92,72.22,73.41,74.59,75.67,75.92,75.56,75.02,74.47,73.89,73.28,72.69,72.14,71.72,71.65,71.60,71.48,71.32,71.30,71.33,71.35,71.37,71.45,71.56,71.67,71.78,71.84,71.85,71.85,71.85,71.86,71.89
98.04,96.36,94.89,93.97,94.08,94.35,95.08,95.73,95.89,95.93,96.05,95.70,94.98,94.58,93.79,93.00,92.39,92.05,91.89,91.52,91.30,91.30,91.18,91.28,91.44,91.57,91.64,91.65,91.66,91.59,91.37,91.10,90.88,90.63,90.30,89.67,86.79,83.45,79.66,74.95,70.78,68.87,67.78,66.69,65.56,64.59,63.75,63.08,62.76,62.44,62.14,61.86,61.59,61.25,61.16,61.29,61.49,61.34,60.47,59.34,58.58,58.90,59.82,61.80,64.31,66.42,66.18,65.30,64.12,63.24,63.70,64.53,65.30,66.00,66.69,67.38,67.76,67.95,68.06,68.28,68.54,68.93,69.50,70.45,72.07,73.94,75.69,77.10,78.13,79.47,81.92,85.23,88.25,89.32,89.77,89.99,89.81,88.69,85.90,82.63,79.75,78.16,76.84,75.80,75.55,76.79,77.88,78.81,79.53,80.00,80.18,80.29,80.41,80.53,80.62,80.76,80.87,80.96,81.12,81.27,81.37,81.48,81.63,81.71,81.85,82.01,82.14,82.22,82.36,82.50,82.61,82.68,82.73,82.69,82.66,82.63,82.57,82.55,82.50,82.46,82.44,82.38,82.35,82.31,82.25,82.25,82.25,82.20,82.16,82.16,82.15,82.14,82.08,81.91,81.69,81.71,82.06,82.67,83.29,83.85,84.25,84.55,84.77,84.83,84.72,84.56,84.41,84.25,83.97,83.67,83.39,83.14,82.87,82.69,82.50,82.27,82.19,82.23,82.28,82.30,82.36,82.44,82.48,82.51,82.58,82.65,82.72,82.80,82.87,82.89,82.95,83.02,83.05,82.98,82.96,82.91,82.86,82.85,82.82,82.70,82.55,82.39,82.23,82.03,81.81,81.60,81.43,81.22,81.04,80.92,80.83,80.68,80.63,80.48,80.24,79.45,74.76,70.78,68.08,66.56,66.26,67.44,69.11,70.74,71.97,73.14,74.30,75.47,76.45,76.44,75.98,75.39,74.78,74.17,73.55,72.97,72.47,72.15,72.09,71.96,71.77,71.56,71.54,71.54,71.54,71.56,71.64,71.71,71.83,71.96,72.02,72.03,72.03,72.03,72.04,72.03
99.42,98.82,97.81,96.64,95.84,94.84,93.86,93.06,92.55,92.61,92.67,92.43,91.98,91.75,91.33,90.74,90.20,89.91,89.84,89.83,89.93,90.16,90.35,90.56,90.74,90.88,90.95,91.01,91.07,91.08,91.01,90.83,90.75,90.57,90.18,89.31,86.44,83.11,79.27,74.47,70.57,68.71,67.60,66.52,65.44,64.75,64.40,64.19,63.83,63.52,63.24,62.98,62.69,62.43,62.37,62.43,62.35,61.53,60.41,59.10,58.38,59.21,60.24,61.80,63.84,65.66,65.06,64.10,63.11,62.43,62.71,63.38,64.09,64.79,65.48,66.18,66.75,67.06,67.17,67.41,67.73,68.16,68.68,69.43,70.61,72.31,73.97,75.28,76.41,77.62,79.33,81.75,84.88,87.01,88.81,89.94,89.66,87.72,84.78,81.74,79.16,77.53,76.08,75.49,75.91,77.31,78.68,79.48,79.90,80.09,80.25,80.39,80.51,80.59,80.68,80.82,80.92,81.03,81.17,81.28,81.41,81.55,81.69,81.77,81.91,82.07,82.20,82.28,82.43,82.50,82.53,82.53,82.50,82.48,82.44,82.39,82.37,82.31,82.28,82.25,82.19,82.17,82.13,82.06,82.00,82.00,82.00,81.98,81.97,81.96,81.91,81.89,81.81,81.60,81.44,81.73,82.25,82.86,83.48,84.09,84.54,84.79,84.78,84.63,84.43,84.25,84.09,83.93,83.70,83.42,83.13,82.90,82.71,82.62,82.57,82.51,82.49,82.55,82.62,82.66,82.69,82.76,82.82,82.88,82.96,82.98,83.04,83.12,83.20,83.26,83.32,83.37,83.36,83.29,83.23,83.20,83.16,83.09,82.98,82.83,82.68,82.52,82.37,82.20,82.03,81.84,81.63,81.45,81.29,81.18,81.08,80.93,80.76,80.52,80.24,79.26,73.03,69.31,67.62,66.77,67.31,68.67,70.72,72.89,73.80,74.91,76.06,77.03,77.42,76.99,76.31,75.67,75.10,74.48,73.86,73.26,72.76,72.56,72.48,72.28,72.00,71.75,71.73,71.73,71.73,71.75,71.82,71.90,72.02,72.14,72.15,72.16,72.16,72.18,72.22,72.16
99.70,98.77,97.36,95.72,94.23,92.78,91.47,90.42,89.82,89.84,89.86,89.64,89.19,88.77,88.52,87.69,86.76,86.47,86.43,86.71,87.08,87.48,88.03,88.56,89.02,89.44,89.80,90.13,90.39,90.55,90.56,90.48,90.48,90.38,89.81,88.03,84.97,81.73,77.94,73.11,70.06,68.48,67.39,66.42,65.80,65.50,65.45,65.40,64.99,64.64,64.35,64.08,63.78,63.57,63.50,63.23,62.58,61.41,60.10,58.90,58.42,59.43,60.60,62.01,63.54,64.68,63.99,63.14,62.33,61.77,61.93,62.47,63.09,63.71,64.32,64.98,65.64,66.07,66.29,66.60,67.04,67.59,68.20,68.91,69.81,71.11,72.37,73.41,74.59,75.93,77.44,79.31,81.87,84.25,86.62,88.30,88.27,86.20,83.45,80.80,78.58,76.93,75.35,75.19,76.21,77.73,79.21,79.86,80.08,80.16,80.32,80.46,80.58,80.66,80.77,80.89,80.99,81.09,81.24,81.33,81.46,81.61,81.75,81.84,81.97,82.11,82.22,82.31,82.42,82.46,82.44,82.37,82.29,82.25,82.22,82.17,82.14,82.09,82.06,82.02,81.98,81.94,81.90,81.84,81.77,81.74,81.73,81.73,81.73,81.73,81.69,81.63,81.51,81.33,81.39,81.84,82.44,83.05,83.67,84.26,84.67,84.80,84.63,84.43,84.18,83.97,83.82,83.69,83.51,83.31,83.15,83.04,82.92,82.86,82.83,82.81,82.84,82.88,82.94,83.01,83.04,83.09,83.15,83.23,83.30,83.34,83.40,83.46,83.52,83.59,83.64,83.63,83.56,83.49,83.44,83.42,83.39,83.30,83.15,83.00,82.84,82.69,82.54,82.38,82.23,82.06,81.87,81.70,81.53,81.36,81.21,81.03,80.78,80.49,79.81,77.55,71.63,68.50,67.56,67.56,68.51,70.32,72.72,75.00,75.72,76.69,77.59,78.16,78.12,77.51,76.78,76.09,75.45,74.77,74.17,73.56,73.07,72.94,72.78,72.52,72.22,71.99,71.97,71.97,71.94,71.94,72.01,72.06,72.17,72.29,72.32,72.32,72.32,72.34,72.36,72.26
99.12,97.21,95.00,92.88,91.03,89.65,88.70,88.02,87.60,87.55,87.53,87.27,86.68,85.89,85.57,84.34,82.96,82.66,82.61,83.05,83.57,84.05,84.84,85.67,86.48,87.27,88.01,88.68,89.22,89.57,89.70,89.73,89.79,89.69,88.83,85.99,82.78,79.70,76.09,71.49,69.47,68.26,67.25,66.52,66.50,66.61,66.71,66.65,66.21,65.82,65.47,65.16,64.86,64.64,64.44,63.70,62.39,61.07,59.64,58.71,58.59,59.57,60.88,62.20,63.21,63.57,62.98,62.36,61.70,61.19,61.30,61.72,62.23,62.76,63.27,63.86,64.52,65.06,65.47,65.90,66.48,67.18,67.94,68.68,69.37,70.19,70.92,71.58,72.72,74.28,75.88,77.48,79.25,81.36,83.77,85.71,86.12,84.40,82.06,79.85,77.97,76.32,74.73,74.97,76.51,78.12,79.55,80.04,80.14,80.23,80.38,80.53,80.65,80.75,80.88,80.98,81.06,81.16,81.30,81.39,81.52,81.67,81.80,81.89,82.02,82.13,82.21,82.29,82.36,82.39,82.33,82.21,82.12,82.04,82.00,81.97,81.91,81.88,81.84,81.79,81.77,81.71,81.69,81.65,81.58,81.50,81.48,81.48,81.48,81.48,81.48,81.38,81.20,81.11,81.45,82.01,82.63,83.23,83.85,84.41,84.70,84.70,84.43,84.24,84.00,83.79,83.66,83.58,83.45,83.38,83.37,83.41,83.34,83.27,83.19,83.15,83.20,83.22,83.27,83.34,83.40,83.42,83.48,83.55,83.62,83.70,83.76,83.78,83.78,83.82,83.82,83.74,83.62,83.55,83.53,83.53,83.50,83.42,83.30,83.17,83.03,82.87,82.72,82.56,82.41,82.25,82.08,81.91,81.69,81.47,81.24,81.01,80.72,80.41,79.13,74.98,70.49,68.29,67.93,68.78,69.97,72.31,74.94,77.05,77.62,78.36,78.87,79.00,78.67,78.03,77.33,76.60,75.84,75.08,74.48,73.89,73.40,73.28,73.02,72.72,72.43,72.22,72.20,72.20,72.17,72.14,72.20,72.22,72.31,72.44,72.49,72.51,72.50,72.50,72.47,72.34
