65.42,65.13,65.51,66.37,67.38,68.66,68.82,68.21,67.50,67.82,67.98,67.83,67.47,67.14,66.76,66.28,65.73,65.18,64.74,65.89,67.89,69.89,70.54,71.07,71.59,72.11,72.59,73.05,73.51,73.99,74.34,73.97,73.50,72.99,72.47,72.00,71.57,71.16,70.81,70.64,70.82,71.17,71.34,71.15,70.68,70.50,70.77,71.44,72.37,73.31,74.26,75.20,76.13,77.13,78.09,79.06,80.93,85.71,89.50,91.80,93.22,94.41,95.42,95.99,96.03,95.44,94.28,91.99,88.09,83.36,79.41,75.21,71.48,68.67,67.04,65.62,65.81,66.52,67.21,67.84,68.57,69.34,71.47,76.79,82.55,87.71,91.59,94.06,96.48,98.97,102.76,107.13,109.72,110.34,110.57,110.83,111.11,111.33,111.41,111.35,111.19,111.14,111.58,111.85,111.59,110.63,110.02,110.27,110.77,111.16,111.63,112.08,112.50,112.85,113.02,113.11,113.21,113.31,113.34,113.13,112.66,112.50,112.56,111.80,111.25,110.86,110.59,110.39,110.17,108.47,106.04,103.45,100.89,98.44,96.07,93.69,91.37,90.62,89.77,88.60,87.28,85.94,84.46,82.95,81.89,82.31,82.81,83.30,84.09,85.94,89.85,94.62,98.46,100.13,99.96,97.11,93.02,87.98,81.88,79.38,78.22,77.73,78.06,78.85,79.94,82.24,86.02,90.04,93.78,97.61,101.58,105.31,107.28,106.66,104.39,101.43,99.48,98.55,98.41,98.90,99.87,101.14,101.20,100.16,98.50,97.07,95.72,95.02,95.38,96.70,98.16,99.73,101.53,103.59,104.94,105.65,106.16,106.73,107.19,106.59,105.42,104.08,103.04,102.20,101.70,101.23,100.34,98.87,97.57,97.08,97.50,97.95,98.23,98.38,98.45,98.59,99.28,100.49,102.39,104.95,106.96,107.78,107.84,107.44,106.85,106.90,106.47,105.23,103.16,101.22,100.21,99.66,99.28,98.94,98.25,97.30,96.21,95.11,94.05,92.99,92.01,91.21,90.49,89.12,87.19,84.83,82.45,81.01,80.35,80.24,80.61,81.29,81.45,81.19,80.68,80.27
66.48,65.92,65.45,65.06,64.92,66.04,66.71,66.69,66.29,66.78,67.12,67.09,66.76,66.38,66.00,65.64,65.26,64.86,64.53,65.75,67.72,69.65,70.34,70.84,71.31,71.80,72.32,72.80,73.26,73.70,73.97,73.64,73.15,72.61,72.09,71.62,71.11,70.63,70.24,70.07,70.25,70.59,70.72,70.47,70.11,70.06,70.46,71.19,72.13,73.11,74.10,75.07,76.01,77.01,78.01,78.97,80.48,83.99,88.10,90.64,91.99,93.11,93.91,94.30,94.26,93.67,92.56,90.34,86.35,80.29,72.51,70.04,68.71,67.32,65.96,65.55,66.00,66.73,67.46,68.09,68.78,69.70,72.30,78.45,84.40,89.07,92.53,95.00,97.50,100.58,104.92,109.15,110.06,110.41,110.63,110.87,111.06,111.07,111.03,110.97,110.92,110.80,110.96,111.53,111.72,110.47,109.31,109.56,110.22,110.65,111.12,111.53,111.95,112.30,112.35,112.43,112.72,112.99,113.04,113.01,112.88,112.74,112.51,111.95,111.56,111.24,110.94,110.66,110.42,109.95,109.18,107.77,105.14,102.47,100.04,97.55,94.25,91.78,89.23,86.65,84.53,83.51,82.46,81.44,80.74,80.71,80.54,80.33,80.78,83.32,88.54,93.84,97.91,99.87,99.64,96.26,91.72,86.60,80.98,79.03,77.96,77.41,77.94,78.97,81.01,84.15,88.20,92.16,95.94,99.83,103.86,107.74,109.83,108.46,105.16,101.49,99.43,98.27,97.82,98.04,98.83,99.64,99.82,99.26,97.94,96.55,95.17,94.55,95.12,96.63,98.12,99.66,101.34,103.07,103.32,103.36,103.67,104.39,105.33,105.63,104.92,103.39,101.84,100.55,99.83,99.38,98.68,97.35,96.03,95.43,95.69,95.96,96.20,96.36,96.61,97.35,98.66,100.69,103.28,105.85,106.47,105.24,103.78,102.78,102.50,103.34,104.36,104.94,104.45,102.95,101.64,100.69,100.11,99.75,99.02,98.05,96.95,95.80,94.61,93.53,92.53,91.57,90.68,89.68,88.21,85.88,82.27,79.89,78.90,78.81,79.18,80.10,80.38,80.16,79.66,79.29
67.55,66.86,66.08,65.25,64.62,64.97,65.19,65.19,65.20,65.76,66.26,66.34,66.01,65.63,65.27,64.93,64.62,64.42,64.40,65.85,67.68,69.17,70.05,70.59,71.06,71.53,72.02,72.46,72.91,73.34,73.62,73.36,72.90,72.38,71.85,71.34,70.81,70.27,69.77,69.47,69.67,69.94,70.03,69.87,69.74,69.96,70.48,71.22,72.12,73.08,74.07,75.06,76.03,77.03,78.03,78.93,79.97,82.11,85.74,88.58,90.46,91.74,92.38,92.61,92.47,91.87,90.81,88.27,82.31,74.61,69.80,68.36,67.35,66.25,65.39,65.59,66.22,66.95,67.67,68.34,69.02,70.63,73.99,79.97,85.68,89.92,93.12,95.66,98.23,101.78,106.12,109.81,110.17,110.42,110.60,110.74,110.83,110.81,110.71,110.61,110.52,110.42,110.43,110.46,110.11,108.94,108.11,107.99,108.56,109.66,110.53,111.01,111.38,111.68,111.86,112.25,112.67,112.84,112.58,112.59,112.66,112.64,112.49,112.19,111.88,111.58,111.25,110.93,110.71,110.49,110.16,109.53,108.11,105.75,103.09,100.21,96.73,93.72,90.86,87.94,85.01,82.50,80.86,79.87,79.38,79.19,78.81,78.70,79.55,82.66,88.28,93.22,96.91,98.78,97.53,94.14,89.45,84.26,80.11,78.42,77.39,76.99,77.79,78.91,81.16,84.55,88.75,92.48,95.99,99.30,102.94,107.45,110.08,108.66,105.26,101.74,99.58,98.29,97.43,97.08,97.63,98.11,98.31,98.03,97.04,95.70,94.40,93.67,93.95,95.42,97.16,98.94,100.63,101.87,101.57,101.19,101.32,102.18,103.41,104.39,104.20,102.83,101.09,99.25,97.96,97.14,96.45,95.19,94.12,93.65,93.81,94.00,94.23,94.89,96.00,97.41,99.16,101.57,104.11,105.77,104.66,102.64,100.95,100.05,100.07,100.92,102.22,103.52,104.20,103.43,102.46,101.61,100.92,100.25,99.51,98.56,97.46,96.30,95.15,94.09,93.09,92.10,91.21,90.47,89.59,88.27,85.87,81.19,78.66,77.94,77.49,78.25,78.64,78.59,78.27,78.04
68.55,67.76,66.83,65.85,65.00,64.62,64.26,64.10,64.34,64.79,65.37,65.55,65.25,64.87,64.58,64.28,64.03,64.04,64.38,65.93,67.53,68.61,69.65,70.29,70.78,71.23,71.69,72.09,72.52,72.95,73.24,73.09,72.68,72.17,71.64,71.11,70.58,69.99,69.38,68.91,69.07,69.28,69.39,69.44,69.59,70.06,70.69,71.42,72.26,73.16,74.11,75.08,76.09,77.08,78.06,78.87,79.52,80.50,83.30,86.12,88.33,89.72,90.46,90.72,90.61,90.11,89.13,86.37,79.30,71.02,68.99,67.83,66.50,65.37,65.10,65.67,66.43,67.16,67.86,68.56,69.26,71.61,75.72,81.24,86.55,90.43,93.43,96.01,98.59,102.33,106.42,109.64,110.12,110.37,110.49,110.54,110.54,110.53,110.41,110.17,109.82,109.43,108.98,108.24,107.37,106.72,106.41,106.13,106.71,108.47,109.74,110.45,110.87,111.20,111.61,112.32,112.73,112.64,112.07,112.08,112.25,112.35,112.34,112.27,112.06,111.81,111.52,111.18,110.98,110.72,110.50,110.34,110.16,108.27,105.44,102.16,98.71,95.60,92.80,89.86,86.27,82.16,79.75,78.47,77.92,77.64,77.24,77.47,78.91,82.52,88.33,92.76,95.77,96.98,94.62,90.90,86.25,81.63,79.13,77.68,76.78,76.64,77.64,78.74,80.83,84.15,88.41,91.89,95.08,97.81,100.94,105.72,108.95,107.93,104.93,101.91,99.85,98.52,97.34,96.45,96.58,96.63,96.74,96.68,96.03,94.75,93.58,92.77,92.67,93.90,95.81,97.78,99.43,100.15,99.61,98.99,99.05,100.16,101.66,103.11,103.39,102.32,100.58,98.33,96.27,94.79,94.05,92.90,92.16,91.87,91.98,92.18,92.51,93.77,95.72,97.70,99.81,102.43,104.67,105.20,102.66,100.40,98.87,98.16,98.41,99.12,100.35,101.91,103.32,103.21,102.63,101.97,101.24,100.35,99.64,98.82,97.83,96.75,95.67,94.64,93.65,92.68,91.83,91.29,90.88,90.52,89.60,83.42,79.42,77.70,76.29,76.44,76.72,76.79,76.63,76.54
69.29,68.36,67.32,66.31,65.50,65.06,64.68,64.35,64.13,63.93,64.40,64.67,64.48,64.13,63.95,63.85,63.80,63.94,64.59,65.72,66.90,67.97,68.98,69.85,70.44,70.86,71.31,71.71,72.11,72.50,72.83,72.86,72.45,71.92,71.40,70.92,70.43,69.83,69.12,68.46,68.43,68.65,69.00,69.46,69.91,70.52,71.17,71.84,72.63,73.44,74.25,75.15,76.15,77.09,77.99,78.72,79.26,79.85,81.49,83.19,84.61,85.71,87.28,88.17,88.56,88.50,87.67,85.42,81.72,76.55,70.27,67.63,65.86,64.87,65.21,65.81,66.55,67.29,68.00,68.74,69.45,72.25,76.75,81.86,86.66,90.31,93.19,95.63,98.04,101.18,104.78,108.11,109.78,110.15,110.24,110.29,110.28,110.23,110.09,109.49,108.25,106.56,104.57,103.08,102.65,103.64,103.58,104.18,105.40,106.99,108.42,109.68,110.60,111.26,111.93,112.69,112.67,112.14,111.57,111.63,111.70,111.72,111.73,111.78,111.82,111.81,111.68,111.41,111.14,110.92,110.75,110.61,110.47,109.11,106.46,102.93,99.46,96.50,93.67,90.62,86.95,82.63,79.77,77.73,76.36,75.95,75.61,76.20,78.16,82.20,88.40,92.70,94.55,93.72,90.83,85.33,81.08,78.98,77.75,76.75,76.35,76.59,77.50,78.47,79.83,82.61,86.77,90.15,93.16,95.82,98.54,102.01,105.71,105.82,103.90,101.61,100.25,99.12,98.01,96.96,96.15,95.30,95.12,95.24,94.98,93.79,92.85,92.20,91.93,92.46,94.14,95.87,97.11,97.48,97.12,96.55,96.87,98.68,100.50,101.95,102.46,101.86,100.40,98.27,95.21,92.50,91.60,90.81,90.37,90.25,90.42,90.78,91.60,93.23,95.38,97.52,99.87,102.57,104.39,103.98,101.33,99.40,97.97,97.08,97.38,98.22,99.39,100.73,101.94,101.97,101.35,100.62,100.00,99.42,98.93,98.46,97.91,97.14,96.16,95.16,94.17,93.25,92.45,91.96,91.54,91.06,90.13,86.32,82.21,78.90,76.93,75.38,74.93,74.81,74.62,74.54
69.41,68.46,67.48,66.59,65.90,65.47,65.08,64.69,64.30,63.85,63.95,64.00,63.85,63.67,63.59,63.60,63.63,63.78,64.52,65.43,66.38,67.32,68.24,69.19,69.95,70.51,70.93,71.33,71.72,72.10,72.45,72.59,72.24,71.73,71.23,70.77,70.33,69.68,68.85,68.10,68.28,68.70,69.23,69.83,70.35,71.01,71.66,72.32,73.09,73.83,74.60,75.42,76.32,77.19,77.85,78.36,78.75,79.13,79.97,80.78,81.49,82.36,84.44,85.74,86.45,86.69,86.22,84.65,82.75,79.91,74.19,68.01,65.21,64.78,65.33,65.94,66.68,67.41,68.13,68.91,69.80,72.73,77.13,81.76,86.11,89.54,92.22,94.33,96.30,98.68,101.48,104.46,106.97,108.29,108.93,109.17,109.10,108.82,108.16,107.08,105.52,103.37,101.39,99.98,99.72,101.17,101.84,103.15,104.81,106.53,108.19,109.66,110.78,111.60,112.30,112.64,112.28,111.60,111.06,111.11,111.14,111.15,111.20,111.34,111.49,111.55,111.52,111.38,111.19,111.01,110.83,110.64,110.46,109.23,106.57,102.92,99.50,96.55,93.66,90.54,86.94,82.79,79.72,77.30,75.43,74.54,74.05,74.76,76.95,81.26,88.15,92.04,92.49,89.77,85.78,81.16,78.20,77.05,76.26,75.97,76.27,76.95,77.80,78.66,79.87,82.25,85.80,88.77,91.65,94.34,96.97,99.79,102.80,103.56,102.91,101.80,101.03,100.03,98.95,97.86,96.75,95.55,94.84,94.41,93.82,92.91,92.21,91.66,91.25,91.28,92.29,93.44,94.23,94.27,94.03,93.91,94.71,96.92,99.29,100.90,101.64,101.45,100.14,97.15,93.50,90.60,89.70,89.08,88.82,88.89,89.26,89.78,90.88,92.71,94.99,97.24,99.62,102.39,103.98,102.96,100.44,98.70,97.31,96.27,96.34,97.23,98.38,99.60,100.66,100.69,99.99,99.17,98.53,98.06,97.68,97.37,97.08,96.70,96.07,95.40,94.68,93.86,93.12,92.58,92.04,91.40,90.48,88.16,84.44,80.71,78.51,76.26,74.57,73.36,72.67,72.56
69.19,68.32,67.50,66.79,66.24,65.82,65.43,65.03,64.64,64.19,63.84,63.56,63.39,63.39,63.40,63.44,63.50,63.66,64.36,65.19,66.01,66.78,67.57,68.50,69.41,70.17,70.58,70.96,71.34,71.73,72.09,72.31,72.01,71.55,71.10,70.65,70.23,69.50,68.56,67.82,68.39,69.11,69.79,70.39,70.88,71.52,72.17,72.83,73.58,74.30,75.01,75.73,76.46,77.18,77.55,77.81,78.06,78.30,78.65,78.86,79.10,79.85,81.99,83.46,84.33,84.76,84.76,83.85,82.74,81.22,77.64,68.23,64.66,64.91,65.46,66.07,66.81,67.54,68.25,69.04,70.11,72.99,77.07,81.16,85.05,88.23,90.66,92.36,93.77,95.28,97.16,99.56,102.60,105.15,106.60,107.21,107.15,106.62,105.32,103.86,102.31,100.27,99.01,98.16,98.04,99.33,100.91,102.76,104.72,106.72,108.63,110.10,111.20,112.03,112.52,112.28,111.70,111.02,110.48,110.48,110.53,110.59,110.73,110.94,111.11,111.17,111.18,111.18,111.17,111.02,110.79,110.56,110.29,108.89,106.08,102.38,99.04,96.06,93.09,89.97,86.53,82.71,79.63,77.05,74.91,73.39,72.58,73.16,75.33,79.78,87.32,90.76,89.89,85.50,80.61,78.09,76.60,75.53,74.96,75.48,76.51,77.60,78.50,79.47,80.94,83.09,85.78,88.18,90.80,93.45,96.08,98.66,100.59,101.67,102.22,102.36,102.06,101.14,100.06,99.00,97.94,96.68,95.41,94.13,92.89,92.21,91.67,91.15,90.65,90.32,90.54,90.99,91.34,91.15,91.00,91.38,92.59,94.86,97.78,99.70,100.73,100.86,99.51,95.30,91.47,89.01,88.16,87.57,87.51,87.85,88.49,89.17,90.47,92.42,94.75,97.05,99.35,102.14,103.56,102.12,99.85,98.22,96.80,95.61,95.24,96.11,97.24,98.36,99.28,99.27,98.55,97.67,96.95,96.48,96.14,95.90,95.77,95.77,95.54,95.33,94.98,94.33,93.62,92.99,92.32,91.55,90.68,89.20,86.18,82.75,80.46,78.05,75.02,72.40,70.97,70.78
68.98,68.31,67.69,67.08,66.50,66.04,65.60,65.19,64.80,64.39,64.00,63.66,63.40,63.23,63.24,63.28,63.42,63.83,64.56,65.36,66.09,66.77,67.50,68.23,69.02,69.77,70.29,70.65,71.03,71.41,71.77,72.00,71.74,71.35,70.98,70.56,70.09,69.24,68.23,67.64,68.45,69.43,70.26,70.90,71.44,72.05,72.68,73.32,74.05,74.79,75.28,75.65,76.05,76.41,76.67,76.90,77.13,77.37,77.62,77.91,78.42,79.40,80.50,81.57,82.41,82.92,83.28,82.60,81.61,79.05,71.95,66.23,64.60,65.03,65.59,66.20,66.93,67.67,68.37,69.09,69.90,72.65,76.55,80.00,83.20,86.01,88.20,89.60,90.50,91.14,92.26,94.22,97.30,100.20,102.23,103.50,104.01,103.56,102.52,101.27,99.87,98.30,97.08,96.78,97.43,98.96,100.86,102.98,105.16,107.32,109.42,110.65,111.57,112.20,112.03,111.62,111.05,110.34,109.64,109.58,109.75,110.01,110.33,110.56,110.73,110.80,110.82,110.93,111.03,110.90,110.67,110.44,110.14,108.20,104.98,101.19,98.06,95.18,92.27,89.27,86.09,82.44,79.46,76.92,74.72,72.78,71.34,71.17,72.83,77.39,84.57,88.16,86.88,81.45,78.27,76.38,74.96,74.14,74.81,76.00,77.36,78.65,79.90,81.88,84.14,86.37,88.41,90.24,91.97,93.95,96.22,98.65,100.66,101.86,102.73,103.48,103.34,102.45,101.40,100.34,99.16,97.88,96.43,94.89,93.35,92.16,91.37,90.75,90.23,89.82,89.72,89.82,89.90,89.74,89.72,90.00,90.68,92.13,95.04,97.56,99.13,99.33,97.37,92.86,89.63,87.86,86.82,86.18,86.66,87.57,88.49,89.42,91.13,93.19,95.40,97.64,99.78,102.33,103.41,101.60,99.55,97.93,96.40,94.93,93.88,94.63,95.63,96.46,97.08,97.32,96.91,96.17,95.39,94.95,94.62,94.55,94.65,94.60,94.45,94.42,94.37,94.05,93.31,92.64,91.96,91.21,90.51,89.30,87.06,84.32,81.79,79.11,75.61,72.36,70.28,69.83
69.01,68.45,67.94,67.37,66.78,66.26,65.78,65.34,64.96,64.57,64.20,63.87,63.56,63.27,63.16,63.14,63.28,63.77,64.48,65.22,65.90,66.55,67.22,67.89,68.63,69.39,70.02,70.40,70.77,71.14,71.49,71.72,71.49,71.15,70.80,70.39,69.80,68.81,67.84,67.61,68.65,69.73,70.63,71.33,71.90,72.47,73.00,73.52,74.09,74.65,74.94,75.12,75.34,75.53,75.73,75.95,76.18,76.42,76.71,77.33,78.23,79.18,79.33,79.45,79.78,80.50,81.50,79.25,76.88,73.81,67.18,64.91,64.73,65.21,65.74,66.33,67.04,67.75,68.43,69.09,69.72,72.18,75.66,78.55,81.25,83.70,85.64,86.85,87.44,87.88,88.83,90.54,93.22,96.10,98.36,99.96,100.75,100.38,99.69,98.75,97.60,96.50,95.42,95.74,97.17,99.00,101.12,103.45,105.82,108.11,110.25,111.20,111.75,111.98,111.43,110.91,110.18,109.25,108.36,108.22,108.44,108.90,109.50,109.98,110.30,110.46,110.56,110.74,110.89,110.78,110.54,110.29,109.83,107.14,103.48,99.75,96.84,94.08,91.32,88.50,85.48,82.10,79.17,76.61,74.29,72.06,70.54,70.06,71.00,74.43,80.80,84.58,83.65,78.38,76.15,74.55,73.41,73.24,75.07,76.92,78.80,80.69,82.63,85.03,87.51,89.73,91.53,93.05,94.03,95.36,97.22,99.53,101.82,103.14,103.97,104.58,104.62,103.80,102.69,101.48,100.16,98.71,97.13,95.47,93.80,92.31,91.31,90.56,89.95,89.51,89.20,89.06,88.98,88.85,88.85,89.00,89.34,90.18,92.37,94.84,96.64,96.95,94.59,90.76,88.22,86.74,85.57,85.38,86.39,87.73,89.05,90.69,92.84,94.91,96.81,98.69,100.39,102.45,103.16,101.31,99.43,97.53,95.78,94.18,92.76,93.00,93.71,94.35,94.77,95.18,95.06,94.54,93.83,93.41,93.25,93.35,93.53,93.44,93.32,93.45,93.64,93.55,92.78,92.09,91.43,90.78,90.14,89.08,87.27,84.92,82.33,79.68,76.22,72.73,70.13,69.38
69.30,68.77,68.22,67.63,67.08,66.48,65.97,65.53,65.15,64.77,64.44,64.12,63.81,63.50,63.17,63.03,63.10,63.41,64.05,64.70,65.35,66.03,66.67,67.41,68.21,69.03,69.74,70.19,70.57,70.93,71.23,71.46,71.27,70.92,70.54,70.11,69.34,68.23,67.41,67.75,68.97,70.03,70.88,71.59,72.19,72.69,73.05,73.34,73.67,73.84,74.00,74.18,74.41,74.63,74.81,75.00,75.23,75.49,75.94,77.05,78.30,78.84,78.33,77.09,76.48,77.32,78.98,73.80,69.00,66.40,64.77,64.64,65.00,65.47,65.95,66.49,67.14,67.79,68.41,69.04,69.66,71.66,74.47,76.93,79.36,81.46,83.13,84.25,84.78,85.72,87.06,88.71,90.64,93.18,95.32,96.84,97.56,97.22,96.82,96.20,95.37,94.69,94.03,95.00,97.11,99.25,101.54,104.05,106.59,108.98,111.00,111.64,111.66,111.38,110.75,110.12,109.06,107.77,106.67,106.41,106.61,107.22,108.17,109.12,109.74,110.13,110.38,110.59,110.76,110.64,110.42,110.07,109.13,105.55,101.56,98.12,95.40,92.75,90.26,87.67,84.73,81.70,78.80,76.07,73.52,71.16,70.18,69.92,70.09,71.23,76.28,80.03,80.06,76.15,73.88,72.45,71.96,72.77,75.53,78.16,80.90,83.77,86.58,88.65,90.71,92.79,94.76,96.27,96.80,97.63,99.11,101.29,103.92,105.41,105.87,105.66,105.78,104.99,103.70,102.22,100.76,99.03,97.34,95.70,94.13,92.72,91.69,90.75,89.89,89.41,88.92,88.60,88.44,88.27,88.18,88.27,88.57,89.17,90.05,91.76,93.39,93.83,91.49,89.15,87.23,85.59,84.39,85.21,86.69,88.31,90.18,92.96,95.49,97.40,98.81,100.03,101.08,102.41,102.78,101.24,99.47,97.08,94.97,93.38,91.90,91.34,91.60,92.16,92.49,92.91,92.99,92.75,92.28,91.89,92.05,92.28,92.38,92.31,92.24,92.56,92.94,92.92,92.15,91.41,90.80,90.24,89.53,88.56,86.85,84.61,82.19,79.89,76.86,73.46,70.45,69.38
69.65,69.07,68.51,67.93,67.35,66.77,66.21,65.72,65.34,65.00,64.68,64.38,64.06,63.70,63.36,63.12,63.01,63.08,63.54,64.17,64.82,65.49,66.20,66.99,67.80,68.59,69.31,69.93,70.33,70.63,70.92,71.11,70.95,70.64,70.25,69.65,68.63,67.50,67.00,67.91,69.16,70.12,70.84,71.37,71.81,72.20,72.47,72.68,72.92,73.03,73.13,73.26,73.46,73.69,73.89,74.08,74.30,74.68,75.70,77.13,78.11,77.67,76.68,75.22,73.87,72.97,72.43,68.80,65.82,64.57,64.66,65.06,65.52,65.97,66.40,66.84,67.31,67.81,68.36,68.98,69.59,71.26,73.59,75.85,78.07,79.86,81.09,81.83,82.80,84.05,85.54,87.18,88.86,90.76,92.56,93.95,94.55,94.25,93.89,93.40,92.81,92.43,92.80,94.42,96.79,99.15,101.62,104.24,106.88,109.31,110.95,111.10,110.89,110.54,109.65,108.65,107.48,106.20,105.04,104.66,104.82,105.45,106.46,107.45,108.48,109.45,110.18,110.36,110.53,110.47,110.29,109.50,106.38,102.40,98.92,96.17,93.76,91.24,89.05,86.79,84.07,81.52,78.62,75.46,72.44,70.55,69.96,69.84,69.86,70.23,72.40,74.45,74.64,72.57,71.50,70.88,70.75,71.80,75.44,79.55,83.82,87.47,89.66,91.19,93.09,95.25,97.45,99.12,99.80,100.58,101.94,104.14,106.75,108.39,108.58,107.28,106.05,104.47,102.80,101.21,99.88,98.19,96.80,95.81,95.19,94.69,93.84,92.47,90.77,89.71,89.07,88.57,88.12,87.72,87.48,87.52,87.81,88.35,88.86,89.94,90.98,91.21,89.52,87.82,86.09,84.44,83.51,85.31,87.25,89.33,91.99,95.63,97.90,99.16,99.91,100.62,101.37,102.19,102.36,101.26,99.62,97.15,94.71,92.65,91.05,90.30,90.25,90.48,90.66,90.89,90.93,90.82,90.67,90.74,91.02,91.19,91.20,91.19,91.31,91.83,92.35,92.37,91.53,90.65,89.84,89.09,88.25,87.28,86.06,84.56,82.71,80.83,77.90,74.40,71.11,69.58
69.95,69.33,68.75,68.17,67.56,67.00,66.45,65.95,65.56,65.25,64.92,64.61,64.28,63.92,63.58,63.27,63.00,62.87,63.07,63.63,64.30,64.97,65.72,66.53,67.31,68.05,68.77,69.51,69.95,70.26,70.55,70.70,70.58,70.29,69.83,69.04,67.88,66.85,66.63,67.83,68.99,69.89,70.53,70.93,71.24,71.53,71.73,71.91,72.12,72.21,72.28,72.37,72.51,72.74,72.97,73.18,73.47,74.19,75.71,77.05,77.44,76.20,74.89,73.47,71.62,69.22,66.75,65.14,64.36,64.34,65.09,65.64,66.10,66.53,66.93,67.30,67.62,67.97,68.43,68.99,69.65,70.99,72.87,74.98,77.07,78.72,79.67,80.08,81.19,82.56,84.09,85.67,87.15,88.56,90.03,91.23,91.72,91.51,91.17,90.84,90.56,90.53,91.78,93.90,96.41,98.88,101.17,103.64,106.24,108.65,109.87,109.72,109.42,109.12,108.22,106.98,105.76,104.55,103.42,102.92,103.05,103.66,104.62,105.59,106.95,108.45,109.68,110.12,110.33,110.30,109.72,107.80,103.16,99.30,96.60,94.61,92.37,90.03,88.06,86.07,83.67,81.49,78.50,74.89,71.44,70.13,69.83,69.80,69.82,69.87,69.88,70.40,70.55,69.93,69.88,69.89,69.96,71.01,75.16,80.69,86.22,90.33,91.91,93.01,94.62,96.53,98.49,100.20,101.28,102.32,103.71,105.92,108.60,110.28,110.23,108.17,105.85,103.63,101.64,100.03,99.01,97.77,96.98,96.78,97.13,97.40,96.81,95.21,92.78,90.63,89.49,88.73,88.09,87.50,87.03,86.81,86.94,87.44,87.88,88.52,88.99,88.95,87.89,86.50,84.90,83.32,82.59,85.01,87.57,90.32,93.70,97.84,99.67,100.34,100.62,101.01,101.54,101.93,101.91,101.16,99.75,97.31,94.61,92.13,90.35,89.54,89.22,89.12,89.16,89.18,89.06,88.95,89.02,89.44,89.75,89.86,89.83,89.86,90.23,91.02,91.75,91.87,91.01,89.90,88.76,87.68,86.73,85.74,84.91,84.05,82.79,81.17,78.08,74.50,71.35,69.66
70.13,69.52,68.91,68.31,67.69,67.08,66.64,66.25,65.82,65.50,65.14,64.80,64.48,64.16,63.79,63.46,63.16,62.89,62.68,63.09,63.77,64.51,65.22,65.94,66.65,67.37,68.12,68.78,69.32,69.77,70.09,70.20,70.14,69.81,69.16,68.20,67.17,66.42,66.34,67.26,68.17,69.08,69.81,70.29,70.60,70.81,70.97,71.15,71.36,71.40,71.45,71.52,71.57,71.79,72.02,72.28,72.83,74.30,75.96,76.51,75.93,74.51,73.13,71.73,69.83,67.23,64.68,64.01,64.21,64.78,65.54,66.22,66.70,67.12,67.55,67.89,68.15,68.44,68.78,69.17,69.95,70.96,72.32,74.30,76.38,78.19,79.29,79.57,80.07,81.17,82.63,84.11,85.19,86.58,87.85,88.75,89.12,89.16,88.97,88.90,89.08,89.57,91.11,93.41,96.06,98.48,99.79,101.62,103.93,106.17,107.05,107.09,106.87,106.62,106.34,105.21,103.95,102.77,101.74,101.17,101.28,101.82,102.67,103.69,105.22,106.92,108.56,109.87,110.25,110.17,108.27,103.95,99.95,97.02,95.27,93.98,91.61,89.53,87.59,85.69,83.75,81.67,78.47,74.48,70.77,70.02,69.83,69.80,69.80,69.81,69.81,69.96,70.01,69.83,69.81,69.87,69.91,70.80,74.76,81.30,87.17,91.20,92.88,93.87,94.83,95.66,96.46,97.85,99.61,101.24,102.86,105.03,108.08,109.64,109.36,107.36,105.13,102.89,100.86,99.34,98.90,98.77,98.99,99.58,100.49,100.92,100.61,99.29,96.62,92.62,90.26,89.10,88.54,87.95,87.11,86.22,85.82,86.27,86.83,87.31,87.46,87.18,86.38,85.09,83.66,82.25,81.49,83.78,87.27,91.04,94.91,98.92,100.25,100.69,100.99,101.31,101.66,101.70,101.42,100.80,99.83,97.42,94.63,92.02,90.00,89.03,88.50,88.21,88.13,87.97,87.58,87.28,87.31,87.67,87.90,88.04,88.11,88.14,88.84,89.98,91.03,91.41,90.66,89.24,87.59,86.05,85.03,84.03,83.17,82.45,81.69,80.01,76.31,72.75,70.62,69.44
70.15,69.60,68.98,68.34,67.73,67.24,66.93,66.61,66.15,65.73,65.37,65.03,64.72,64.38,64.03,63.70,63.39,63.08,62.77,62.79,63.18,63.88,64.57,65.27,65.96,66.64,67.27,67.89,68.50,69.07,69.48,69.53,69.50,69.21,68.56,67.57,66.56,66.07,66.23,67.11,67.97,68.74,69.33,69.71,70.02,70.20,70.33,70.45,70.56,70.59,70.64,70.69,70.71,70.86,71.12,71.68,72.73,74.48,76.09,75.91,74.53,73.00,71.56,70.10,68.16,65.71,63.91,63.94,64.57,65.30,66.00,66.70,67.26,67.73,68.14,68.46,68.71,68.98,69.29,69.63,70.39,71.31,72.43,73.97,75.75,77.68,78.93,79.20,79.53,80.22,81.16,82.21,83.21,84.44,85.59,86.42,86.78,87.03,87.29,87.83,88.65,89.52,91.24,93.47,95.93,98.19,99.11,100.24,101.85,103.60,104.20,104.25,104.09,103.93,103.92,103.29,102.25,100.85,99.27,98.49,98.52,99.17,100.35,101.97,103.68,105.42,107.14,108.70,109.66,108.91,106.30,102.24,99.35,97.64,96.74,95.80,93.23,90.28,88.11,86.39,84.49,82.17,78.85,74.77,70.96,70.05,69.83,69.78,69.75,69.75,69.75,69.78,69.80,69.81,69.84,69.88,69.94,70.70,73.94,79.58,85.43,89.93,91.88,92.48,92.67,92.75,92.93,93.59,94.90,96.95,99.58,102.55,105.50,106.91,106.81,105.46,104.06,102.49,101.28,100.68,100.87,101.79,103.04,104.34,105.34,105.32,104.37,102.49,99.53,95.62,92.61,90.47,89.05,88.32,87.33,86.21,85.36,85.14,85.51,85.94,85.91,85.37,84.60,83.54,82.25,81.06,80.62,81.88,86.58,91.47,95.13,98.68,100.09,100.61,100.89,101.19,101.47,101.38,101.04,100.47,99.38,97.07,94.44,91.99,90.12,89.17,88.54,88.02,87.59,87.12,86.56,86.08,85.77,85.74,85.83,86.01,86.17,86.22,86.97,88.61,90.24,90.94,90.47,88.97,86.84,84.61,83.35,82.28,81.20,80.16,78.92,75.72,72.88,70.86,69.72,68.95
70.11,69.62,69.00,68.34,67.80,67.47,67.27,66.99,66.51,65.99,65.61,65.28,64.95,64.58,64.26,63.95,63.63,63.32,63.02,62.66,62.68,63.20,63.88,64.56,65.24,65.88,66.40,67.00,67.67,68.32,68.80,68.77,68.75,68.54,67.99,67.00,65.99,65.74,66.19,67.09,67.92,68.51,68.91,69.17,69.48,69.67,69.78,69.84,69.83,69.80,69.81,69.85,69.87,69.96,70.28,71.16,72.67,74.60,75.96,75.15,73.16,71.53,70.05,68.51,66.56,64.41,63.65,64.23,65.08,65.83,66.48,67.17,67.81,68.34,68.71,69.03,69.28,69.55,69.86,70.22,70.89,71.78,72.78,73.87,75.30,77.18,78.52,78.87,79.17,79.48,79.87,80.44,81.37,82.42,83.51,84.44,85.02,85.54,86.36,87.50,88.82,89.95,91.71,93.78,95.91,97.74,98.41,98.97,99.87,101.00,101.37,101.39,101.28,101.18,101.22,101.09,100.22,98.54,96.34,95.38,95.38,96.18,97.82,100.16,102.15,103.93,105.62,107.24,108.80,107.51,104.70,101.72,99.95,99.29,99.02,98.29,95.70,91.80,89.20,87.42,85.36,82.70,79.30,75.28,71.44,70.13,69.83,69.75,69.69,69.69,69.70,69.71,69.74,69.81,69.88,70.00,70.22,70.99,73.37,77.41,82.59,87.23,89.56,90.17,90.01,89.71,89.53,89.54,90.18,92.39,95.82,99.55,102.21,103.46,103.69,103.25,102.96,102.45,102.37,102.85,103.56,105.29,107.19,108.80,109.64,109.16,107.64,105.20,102.02,98.82,95.72,92.60,89.95,88.72,87.61,86.43,85.24,84.31,84.28,84.52,84.31,83.56,82.81,82.00,80.94,80.06,79.95,80.18,85.37,90.94,94.58,97.70,99.45,100.28,100.62,100.91,101.17,101.05,100.71,100.15,98.86,96.72,94.38,92.21,90.55,89.64,88.92,88.23,87.52,86.79,86.19,85.59,84.95,84.44,84.23,84.21,84.23,84.23,84.85,86.81,89.00,90.23,90.00,88.50,86.00,83.19,81.70,80.43,78.92,77.31,75.45,71.23,69.61,69.20,68.82,68.35
70.01,69.53,68.97,68.39,68.03,67.86,67.67,67.37,66.89,66.36,65.91,65.52,65.16,64.83,64.52,64.17,63.82,63.51,63.20,62.84,62.57,62.59,63.18,63.77,64.42,65.10,65.73,66.35,67.03,67.65,68.05,67.97,67.94,67.82,67.41,66.43,65.42,65.44,66.18,67.01,67.66,68.09,68.43,68.73,69.03,69.26,69.40,69.44,69.36,69.16,69.02,68.98,69.05,69.18,69.56,70.49,72.14,74.36,75.13,73.91,71.78,70.03,68.53,66.92,65.03,63.33,63.65,64.52,65.45,66.30,67.03,67.73,68.38,68.91,69.28,69.60,69.85,70.12,70.45,70.88,71.45,72.26,73.22,74.25,75.37,76.79,77.93,78.47,78.74,78.99,79.23,79.53,80.07,81.01,82.14,83.48,84.99,86.12,87.42,88.72,89.91,90.98,92.43,94.34,96.04,96.59,96.83,97.31,97.89,98.39,98.65,98.74,98.67,98.48,98.20,98.12,96.95,94.93,92.73,91.88,91.98,92.97,94.97,97.89,100.41,102.44,104.17,105.86,107.57,106.95,105.02,102.88,101.73,101.20,100.89,100.28,98.36,94.57,91.13,88.35,85.89,82.96,79.57,75.69,71.91,70.21,69.83,69.72,69.63,69.63,69.68,69.74,69.78,69.81,69.91,70.46,71.34,72.54,74.22,76.38,79.06,82.01,84.88,87.23,88.32,88.58,88.36,88.42,89.00,90.61,93.25,96.63,98.87,99.91,100.53,101.25,102.16,103.25,104.46,105.60,106.39,108.13,109.32,109.93,110.21,109.97,109.24,107.24,104.03,101.56,99.64,96.34,92.22,89.35,87.94,86.77,85.58,84.44,83.61,83.12,82.56,81.88,81.27,80.65,80.16,79.84,79.78,79.93,82.75,87.33,92.45,95.60,98.02,99.55,100.29,100.56,100.89,100.80,100.44,99.86,98.64,96.89,95.03,93.23,91.58,90.47,89.67,89.02,88.47,87.88,87.56,87.16,86.48,85.61,84.54,83.47,82.60,82.21,82.34,83.82,86.27,88.70,88.41,86.85,84.38,81.61,80.06,78.20,75.75,73.27,71.49,69.76,68.89,68.45,68.11,67.66
69.91,69.45,69.02,68.62,68.39,68.29,68.09,67.75,67.27,66.74,66.26,65.80,65.38,65.05,64.73,64.39,64.05,63.74,63.40,63.03,62.66,62.42,62.64,63.12,63.73,64.41,65.09,65.72,66.39,66.97,67.29,67.21,67.14,67.06,66.78,65.86,65.06,65.28,66.08,66.76,67.27,67.62,67.93,68.25,68.58,68.85,69.02,69.06,68.95,68.68,68.41,68.26,68.29,68.52,68.99,69.86,71.36,73.69,74.61,73.35,71.07,69.23,67.64,65.87,64.10,62.93,63.75,64.78,65.75,66.66,67.49,68.30,68.98,69.50,69.85,70.14,70.38,70.65,71.00,71.49,72.02,72.74,73.64,74.66,75.67,76.69,77.47,77.86,78.08,78.28,78.46,78.70,79.29,80.22,81.49,83.19,85.33,87.15,88.62,89.88,90.99,92.07,93.30,94.67,95.60,95.31,95.07,95.43,95.82,95.89,96.03,96.19,96.20,95.98,95.47,95.08,93.50,91.08,88.62,87.67,87.97,89.37,91.95,95.63,98.61,100.95,102.88,104.62,106.39,106.69,105.84,104.37,103.45,102.78,102.18,101.46,100.04,96.93,93.16,89.52,86.41,83.23,79.84,75.95,72.10,70.22,69.77,69.65,69.58,69.64,69.72,69.79,69.83,70.01,70.92,72.04,73.17,74.31,75.59,76.88,78.38,80.21,82.51,84.79,86.45,87.24,87.29,87.64,88.38,89.64,91.55,94.31,96.44,97.77,98.97,100.49,102.06,103.89,105.73,107.24,107.97,109.30,109.94,110.02,109.91,109.64,108.98,107.34,104.84,103.21,101.67,98.43,93.88,89.80,88.16,86.93,85.67,84.38,83.14,82.32,81.64,81.01,80.47,80.03,79.81,79.73,79.69,79.82,81.44,85.12,90.22,93.27,95.96,97.98,99.30,99.98,100.51,100.56,100.30,99.78,98.84,97.42,95.81,94.19,92.67,91.58,90.75,90.10,89.61,89.12,88.96,88.72,88.14,87.08,85.47,83.70,82.14,81.31,80.83,81.34,82.82,84.78,84.90,84.01,82.22,79.91,78.25,76.10,73.44,70.97,69.65,69.02,68.47,68.02,67.67,67.16
69.84,69.42,69.16,68.98,68.83,68.73,68.50,68.13,67.65,67.12,66.63,66.14,65.64,65.25,64.93,64.62,64.30,63.98,63.61,63.22,62.86,62.55,62.28,62.59,63.13,63.77,64.46,65.09,65.76,66.31,66.55,66.50,66.37,66.29,66.08,65.30,64.84,65.20,65.91,66.38,66.78,67.12,67.44,67.76,68.12,68.45,68.63,68.68,68.57,68.30,67.95,67.66,67.60,67.93,68.55,69.30,70.48,72.77,74.32,73.31,70.92,69.01,67.26,65.29,63.64,62.95,63.90,64.97,65.98,66.92,67.86,68.84,69.58,70.08,70.39,70.65,70.89,71.16,71.51,72.04,72.58,73.22,74.05,75.09,76.05,76.70,77.04,77.11,77.25,77.40,77.58,77.95,78.84,79.81,81.32,83.38,85.91,88.35,89.77,90.85,91.93,93.04,94.04,94.63,94.64,93.95,93.24,93.41,93.63,93.42,93.36,93.62,93.78,93.59,92.85,91.88,89.88,87.16,84.42,83.31,83.81,85.72,89.04,93.45,96.77,99.42,101.64,103.43,105.22,106.40,106.62,105.77,104.89,103.95,103.00,102.05,100.96,98.84,95.12,90.80,86.94,83.55,80.03,75.96,71.93,70.13,69.67,69.57,69.56,69.69,69.77,69.96,70.23,70.89,72.94,74.52,75.50,76.21,77.28,78.53,79.89,81.20,82.29,83.28,84.78,85.91,86.41,87.14,88.10,89.19,90.59,92.74,95.05,96.96,98.78,100.74,102.59,104.44,106.24,107.71,108.25,108.94,109.15,108.97,108.60,108.05,107.05,105.76,104.47,103.70,102.09,99.03,94.71,90.00,88.20,86.87,85.49,84.12,82.81,81.97,81.30,80.70,80.18,79.89,79.74,79.66,79.63,79.77,81.06,83.95,88.06,90.97,93.61,95.91,97.80,99.15,100.03,100.34,100.24,99.82,99.25,98.14,96.67,95.09,93.81,92.87,92.07,91.38,90.88,90.47,90.31,90.12,89.63,88.49,86.64,84.49,82.49,81.25,80.20,79.55,79.40,79.82,80.46,80.55,79.70,78.04,76.29,74.19,71.95,70.13,69.38,68.78,68.28,67.88,67.52,66.94
70.05,69.71,69.53,69.42,69.31,69.19,68.91,68.51,68.03,67.50,66.98,66.47,65.98,65.51,65.17,64.84,64.49,64.17,63.80,63.41,63.06,62.73,62.37,62.25,62.54,63.14,63.83,64.50,65.16,65.63,65.80,65.74,65.61,65.50,65.32,64.73,64.63,65.00,65.55,65.95,66.29,66.65,66.98,67.30,67.63,67.99,68.22,68.30,68.19,67.92,67.56,67.22,67.08,67.46,68.17,68.98,70.05,71.94,73.92,73.49,71.48,69.45,67.40,65.29,63.59,62.92,63.91,65.00,66.06,67.09,68.17,69.22,69.96,70.44,70.75,71.13,71.39,71.66,72.01,72.50,73.08,73.73,74.51,75.43,76.00,76.25,76.31,76.28,76.33,76.46,76.78,77.36,78.33,79.24,81.25,83.93,86.71,89.19,90.45,91.38,92.34,93.20,93.44,93.38,93.06,92.39,91.67,91.44,91.20,90.65,90.06,90.52,91.10,91.06,89.59,87.93,85.86,83.55,81.48,80.81,81.12,83.26,87.32,91.70,94.86,97.61,100.09,102.05,103.85,104.95,105.56,105.72,105.19,104.32,103.34,102.35,101.37,99.99,96.45,91.85,87.57,84.01,79.90,75.14,70.82,69.88,69.60,69.58,69.66,69.76,69.84,70.74,72.50,74.87,76.76,77.72,78.10,78.32,79.16,80.95,82.80,84.19,84.75,84.81,85.20,85.84,86.62,87.44,88.22,89.17,90.66,93.26,95.96,98.17,100.11,102.02,103.98,105.10,105.69,105.97,106.12,106.30,105.83,104.98,104.18,103.23,102.55,102.13,101.94,101.80,100.81,97.80,93.44,89.49,87.70,86.31,84.91,83.54,82.52,81.75,81.07,80.45,79.97,79.74,79.59,79.53,79.61,79.76,80.48,82.66,86.31,89.44,91.97,94.09,95.97,97.76,99.34,100.04,100.08,99.72,99.29,98.60,97.50,96.14,95.13,94.25,93.47,92.84,92.42,92.12,91.61,90.93,90.08,88.90,87.09,84.95,82.92,81.62,80.37,79.41,78.66,78.10,78.02,77.92,77.16,75.70,74.19,72.83,71.66,70.61,69.63,69.13,68.75,68.41,68.06,67.50
70.47,70.28,70.16,70.06,69.94,69.69,69.31,68.89,68.41,67.88,67.34,66.83,66.35,65.83,65.44,65.07,64.70,64.37,63.98,63.60,63.25,62.92,62.54,62.16,62.14,62.53,63.20,63.90,64.54,64.97,65.04,64.98,64.86,64.75,64.56,64.16,64.32,64.70,65.12,65.48,65.82,66.17,66.51,66.83,67.16,67.51,67.79,67.91,67.81,67.53,67.18,66.81,66.61,67.04,67.85,68.72,69.70,71.22,73.31,73.50,72.12,70.19,68.22,66.10,64.10,62.89,63.86,64.95,66.04,67.16,68.28,69.38,70.17,70.72,71.11,71.56,71.88,72.17,72.51,72.98,73.53,74.12,74.73,75.33,75.54,75.55,75.49,75.44,75.45,75.53,75.92,76.64,77.54,78.41,80.38,83.25,86.60,89.56,90.81,91.57,92.33,92.82,92.51,92.04,91.39,90.25,88.92,88.07,87.35,86.54,85.82,86.19,86.77,86.79,85.41,83.93,82.42,80.94,79.77,79.47,79.69,81.82,86.07,90.45,93.51,96.25,98.83,100.92,102.61,103.65,104.48,105.18,104.98,104.37,103.54,102.60,101.64,100.65,97.41,92.76,88.01,84.22,79.69,74.54,70.10,69.70,69.56,69.61,69.87,70.35,71.36,73.57,76.64,79.96,81.95,82.59,82.75,82.92,83.53,85.14,86.57,87.38,87.34,86.79,86.33,86.44,87.20,88.05,88.70,89.70,91.38,94.09,96.94,99.39,101.54,103.34,104.38,104.48,104.12,103.64,103.44,103.28,102.50,101.44,100.51,99.18,98.45,98.17,98.19,98.24,97.66,95.18,91.58,88.80,87.10,85.67,84.29,83.07,82.27,81.56,80.88,80.26,79.86,79.64,79.48,79.42,79.55,79.70,80.02,81.49,84.45,87.68,90.22,92.20,93.96,95.91,97.87,98.89,99.20,99.05,98.72,98.32,97.62,96.73,96.08,95.45,94.84,94.30,93.85,93.45,92.49,91.34,90.20,88.94,87.28,85.38,83.52,82.22,81.10,80.13,79.13,78.09,77.40,76.88,76.07,74.95,73.91,73.23,72.74,72.01,70.67,69.88,69.42,69.08,68.72,68.19
71.11,71.15,71.08,70.94,70.73,70.22,69.73,69.26,68.78,68.24,67.70,67.19,66.71,66.19,65.73,65.33,64.94,64.56,64.17,63.79,63.44,63.11,62.73,62.34,62.02,61.98,62.58,63.26,63.91,64.29,64.29,64.22,64.14,64.03,63.84,63.59,63.89,64.29,64.66,64.99,65.36,65.69,66.00,66.33,66.70,67.03,67.33,67.53,67.43,67.16,66.79,66.41,66.18,66.63,67.56,68.49,69.38,70.64,72.46,73.22,72.71,71.17,69.78,67.80,65.19,62.89,63.74,64.82,65.94,67.07,68.16,69.25,70.19,70.94,71.45,71.91,72.30,72.64,72.98,73.44,73.91,74.30,74.58,74.67,74.65,74.63,74.61,74.60,74.61,74.62,74.99,75.68,76.42,77.27,78.52,80.95,85.12,89.18,90.75,91.41,91.83,91.88,91.38,90.72,89.60,87.33,84.70,83.09,81.96,81.04,80.73,80.67,80.67,80.63,80.40,80.20,79.92,79.61,79.35,79.25,79.57,81.45,85.23,89.78,92.91,95.55,98.02,100.20,101.61,102.80,103.75,104.29,104.36,104.17,103.64,102.81,101.84,100.84,97.98,93.48,88.14,84.07,79.47,74.38,70.08,69.64,69.54,69.68,70.22,71.64,74.69,78.80,82.72,85.74,88.39,89.30,89.86,90.50,90.93,91.33,91.12,90.46,89.61,88.78,87.97,87.67,88.11,89.01,89.67,90.91,92.76,95.00,97.61,100.22,102.72,104.45,103.37,102.27,101.52,101.04,100.65,100.28,99.75,99.14,98.44,96.86,95.48,94.33,93.47,93.21,92.62,91.25,89.47,88.01,86.49,85.03,83.81,82.91,82.21,81.52,80.85,80.25,79.85,79.60,79.42,79.34,79.43,79.57,79.75,80.54,82.39,85.45,88.13,90.11,91.72,93.55,95.42,96.67,97.39,97.62,97.41,97.11,96.83,96.61,96.44,96.26,95.98,95.56,94.97,94.26,92.88,91.42,90.16,88.74,87.33,85.85,84.36,83.10,82.42,81.61,80.64,79.63,78.75,77.75,76.94,76.41,76.05,75.79,75.31,74.34,72.64,71.09,70.29,69.83,69.45,68.89
71.94,72.03,72.05,71.91,71.43,70.80,70.13,69.50,68.95,68.38,67.82,67.28,66.77,66.39,65.98,65.55,65.14,64.75,64.36,63.98,63.63,63.30,62.92,62.54,62.15,61.88,62.02,62.63,63.27,63.63,63.54,63.46,63.39,63.31,63.25,63.22,63.49,63.86,64.22,64.53,64.87,65.19,65.52,65.87,66.21,66.56,66.89,67.11,67.04,66.74,66.34,65.92,65.67,66.02,66.98,68.03,69.05,70.19,71.71,72.76,72.97,72.01,70.85,68.88,65.85,62.79,63.60,64.69,65.82,66.96,68.04,69.12,70.10,70.92,71.50,71.86,72.20,72.55,72.93,73.38,73.73,73.88,73.87,73.79,73.75,73.68,73.63,73.63,73.63,73.59,73.88,74.48,75.20,76.14,77.28,79.04,81.98,85.95,89.13,90.80,91.01,90.86,89.79,88.12,85.95,83.34,81.65,80.66,79.92,79.32,79.13,78.98,78.84,78.76,78.80,78.83,78.85,78.88,78.94,79.06,79.47,81.29,84.82,89.02,92.23,95.06,97.74,100.01,101.18,102.16,102.93,103.34,103.59,103.52,103.22,102.72,101.98,101.03,98.12,93.46,87.83,83.64,79.22,74.32,70.07,69.60,69.52,69.80,70.86,73.49,77.20,82.63,87.39,90.08,92.61,93.97,94.88,95.64,96.19,95.86,95.00,93.87,92.57,91.34,90.05,89.36,89.71,91.10,92.30,93.62,95.24,97.22,99.03,100.92,103.04,104.64,102.86,101.09,99.92,99.37,99.16,98.71,98.18,97.64,96.96,95.32,93.64,92.15,90.99,90.47,90.02,89.29,88.31,87.23,85.91,84.93,84.44,84.36,83.99,83.56,82.74,81.47,80.09,79.68,79.51,79.38,79.31,79.36,79.52,79.94,80.87,82.75,84.91,86.91,88.83,90.91,92.84,94.34,95.42,95.98,95.79,95.62,95.49,95.37,95.26,95.21,95.06,94.83,94.59,94.37,93.48,92.29,90.99,89.42,87.88,86.55,85.50,84.84,84.31,83.47,82.39,81.25,80.44,79.57,78.90,78.53,78.38,78.27,77.85,76.85,74.98,73.34,72.28,71.47,70.65,69.63
72.82,72.91,72.93,72.68,71.84,71.08,70.31,69.60,68.99,68.38,67.87,67.37,66.90,66.62,66.24,65.80,65.34,64.94,64.55,64.17,63.82,63.49,63.11,62.73,62.34,61.95,61.66,62.05,62.62,62.93,62.80,62.75,62.71,62.71,62.76,62.91,63.11,63.42,63.78,64.10,64.41,64.72,65.05,65.42,65.74,66.11,66.44,66.68,66.64,66.29,65.85,65.41,65.14,65.38,66.33,67.51,68.70,69.90,71.12,72.30,72.97,72.56,71.56,69.77,66.47,62.65,63.44,64.53,65.66,66.80,67.88,68.97,69.96,70.78,71.37,71.66,71.95,72.30,72.69,73.11,73.33,73.27,73.05,72.90,72.84,72.72,72.63,72.62,72.61,72.55,72.73,73.21,73.95,75.00,76.20,77.45,79.05,82.27,86.21,88.60,88.95,88.70,87.22,84.97,82.39,80.09,79.55,79.27,78.97,78.68,78.49,78.32,78.15,78.03,78.11,78.18,78.27,78.41,78.63,78.94,79.42,81.14,84.38,88.14,91.36,94.38,97.25,99.60,100.66,101.42,101.97,102.31,102.67,102.72,102.61,102.39,101.94,101.06,97.98,93.11,87.38,83.14,78.85,74.16,70.05,69.55,69.52,70.06,71.69,75.23,79.26,85.49,90.89,93.53,95.85,97.59,98.69,99.34,99.81,99.13,98.16,97.07,95.73,94.30,92.76,91.91,92.27,93.97,95.49,96.71,97.93,99.55,100.64,101.80,103.28,104.44,102.50,100.42,98.95,98.20,98.05,97.50,96.92,96.36,95.64,93.99,92.28,90.77,89.60,88.88,88.51,88.09,87.47,86.60,85.63,85.26,85.50,86.14,86.25,86.24,85.53,83.87,81.39,80.12,79.64,79.46,79.25,79.18,79.31,79.49,79.76,80.48,81.88,83.57,85.44,87.54,89.53,91.64,93.41,94.30,94.16,94.08,94.00,93.84,93.70,93.66,93.57,93.50,93.61,93.89,93.65,92.98,91.83,90.14,88.65,87.58,86.98,86.85,86.32,85.36,84.13,82.87,82.16,81.45,80.90,80.60,80.48,80.37,79.98,79.02,77.21,75.59,74.27,73.05,71.77,70.31
73.71,73.80,73.59,72.91,71.58,70.57,69.91,69.36,68.80,68.19,67.88,67.64,67.37,67.01,66.58,66.08,65.58,65.14,64.75,64.36,64.01,63.68,63.30,62.92,62.53,62.14,61.78,61.63,61.92,62.19,62.13,62.16,62.26,62.37,62.49,62.59,62.75,63.01,63.35,63.71,64.03,64.34,64.66,64.99,65.35,65.69,66.00,66.23,66.18,65.80,65.34,64.91,64.62,64.77,65.69,66.94,68.34,69.87,70.92,71.92,72.61,72.44,71.68,70.63,67.32,62.47,63.18,64.28,65.41,66.55,67.63,68.76,69.77,70.54,71.02,71.33,71.64,71.98,72.35,72.67,72.72,72.57,72.34,72.13,71.94,71.77,71.66,71.61,71.60,71.54,71.62,71.95,72.70,73.88,75.13,76.41,77.80,79.34,80.97,82.63,83.90,83.72,82.43,81.21,80.25,79.48,79.12,78.86,78.59,78.28,78.00,77.77,77.52,77.34,77.49,77.73,77.98,78.28,78.63,78.99,79.44,80.86,83.57,87.00,90.11,93.06,95.87,98.29,99.57,100.27,100.73,101.10,101.48,101.79,101.84,101.68,101.41,100.69,97.42,92.39,86.90,82.59,78.17,73.66,70.02,69.50,69.58,70.64,72.82,76.35,80.67,86.81,92.36,95.69,98.08,99.89,100.84,100.98,100.70,100.33,99.93,99.50,98.92,97.89,96.80,96.32,96.79,98.07,99.04,99.76,100.42,101.31,102.29,103.25,103.92,103.82,102.21,100.39,98.86,97.75,97.01,96.32,95.68,95.08,94.31,92.66,91.38,90.37,89.50,88.70,88.20,87.58,86.84,86.29,86.11,86.38,86.94,87.66,88.44,89.16,89.39,88.46,85.24,81.39,79.77,79.59,79.35,79.10,79.07,79.19,79.41,79.64,80.12,80.62,81.25,82.44,84.41,88.08,91.41,92.64,92.66,92.59,92.48,92.32,92.18,92.10,92.02,91.98,92.09,92.37,92.59,92.63,92.13,90.41,89.67,89.33,89.14,88.98,88.24,87.07,85.71,84.44,83.69,82.86,82.28,82.03,81.82,81.56,81.06,80.21,78.89,77.22,75.50,73.90,72.40,70.83
74.59,74.69,74.15,72.98,71.49,70.32,69.69,69.30,68.89,68.45,68.23,68.05,67.78,67.35,66.87,66.36,65.88,65.41,64.95,64.55,64.20,63.87,63.49,63.11,62.72,62.33,61.95,61.60,61.57,61.66,61.69,61.80,61.97,62.13,62.23,62.32,62.43,62.64,62.94,63.30,63.64,63.96,64.27,64.58,64.93,65.25,65.58,65.84,65.78,65.36,64.88,64.44,64.09,64.12,65.23,66.76,68.39,69.96,70.92,71.79,72.36,72.11,71.44,70.65,67.36,62.23,62.89,64.01,65.13,66.25,67.37,68.49,69.53,70.30,70.64,70.89,71.21,71.56,71.91,72.22,72.16,71.94,71.69,71.45,71.19,70.95,70.78,70.68,70.64,70.57,70.58,70.81,71.57,72.85,74.14,75.40,76.70,77.85,78.91,80.02,80.92,80.80,80.14,79.68,79.43,79.13,78.85,78.58,78.30,77.99,77.72,77.45,77.16,76.96,77.13,77.44,77.81,78.19,78.58,78.96,79.38,80.42,82.45,85.54,88.49,91.31,94.00,96.35,97.66,98.54,99.20,99.68,100.14,100.62,100.90,100.94,100.76,99.69,96.19,91.14,85.76,81.17,76.71,72.66,69.81,69.62,70.42,72.13,74.43,77.30,82.05,88.07,93.60,97.35,99.43,100.78,101.47,101.57,101.28,101.01,100.72,100.43,100.12,99.56,99.03,98.91,99.44,100.44,101.13,101.62,102.11,102.76,103.39,103.60,103.42,102.74,101.31,99.91,98.58,97.37,96.35,95.57,94.89,94.23,93.45,92.19,91.19,90.33,89.58,89.03,88.69,88.15,87.47,87.07,87.14,87.59,88.22,89.09,90.53,91.70,92.12,91.31,88.45,84.25,81.20,79.67,79.43,79.16,78.99,78.95,79.04,79.13,79.27,79.38,79.57,80.15,81.31,83.74,86.90,89.89,90.93,90.96,90.71,90.43,90.16,89.89,89.73,89.71,89.87,90.31,91.00,91.61,91.79,91.03,90.75,90.60,90.41,90.11,89.45,88.45,87.24,86.00,85.15,84.26,83.65,83.32,82.78,82.21,81.50,80.62,79.47,77.72,75.87,74.15,72.59,71.02
75.48,75.52,74.66,73.12,71.64,70.35,69.72,69.41,69.16,68.92,68.73,68.49,68.13,67.66,67.15,66.66,66.19,65.71,65.19,64.76,64.40,64.06,63.68,63.30,62.91,62.52,62.14,61.75,61.44,61.29,61.40,61.55,61.75,61.90,61.98,62.06,62.13,62.30,62.55,62.87,63.24,63.57,63.89,64.19,64.51,64.82,65.17,65.45,65.39,64.93,64.45,63.98,63.57,63.45,64.88,66.78,68.60,70.07,70.97,71.73,72.13,71.69,71.03,70.07,66.81,61.97,62.57,63.70,64.81,65.91,67.04,68.13,69.20,69.96,70.18,70.38,70.74,71.10,71.43,71.74,71.62,71.36,71.07,70.83,70.53,70.22,69.98,69.82,69.72,69.66,69.66,69.88,70.61,71.92,73.24,74.49,75.75,77.05,78.22,78.91,79.07,79.05,79.06,79.16,79.18,78.89,78.63,78.35,78.05,77.75,77.50,77.21,76.90,76.70,76.87,77.22,77.65,78.08,78.47,78.86,79.25,79.92,81.23,83.77,86.50,89.22,91.84,94.13,95.44,96.58,97.51,98.10,98.65,99.24,99.72,99.98,99.79,98.26,94.65,89.74,84.36,79.42,74.94,71.48,69.73,70.47,72.42,74.69,76.79,78.85,83.90,89.66,94.90,98.69,100.25,101.00,101.43,101.67,101.66,101.41,101.06,100.71,100.45,100.33,100.27,100.46,101.00,101.82,102.40,102.83,103.23,103.69,103.87,103.28,102.40,101.47,100.22,99.25,98.21,97.06,96.07,95.29,94.58,93.86,93.07,92.26,91.42,90.69,90.22,90.15,90.03,89.48,88.71,88.32,88.41,88.96,89.77,90.94,93.00,94.29,94.40,93.30,91.07,87.36,82.99,79.78,79.52,79.29,79.02,78.84,78.80,78.84,78.89,78.93,79.01,79.18,79.41,79.88,82.06,86.43,88.53,88.78,88.45,88.02,87.57,87.05,86.76,86.72,86.92,87.46,88.39,89.38,90.22,90.75,90.98,91.02,90.91,90.58,90.09,89.28,88.24,87.09,86.19,85.32,84.74,84.33,83.45,82.54,81.61,80.66,79.52,77.71,75.86,74.15,72.60,71.05
76.35,76.13,75.21,73.81,72.44,71.09,70.30,69.88,69.66,69.47,69.23,68.89,68.45,67.93,67.44,66.97,66.49,65.98,65.48,65.03,64.63,64.25,63.87,63.48,63.10,62.71,62.33,61.94,61.57,61.29,61.22,61.35,61.53,61.66,61.73,61.80,61.83,61.95,62.17,62.48,62.81,63.17,63.51,63.81,64.13,64.44,64.78,65.06,64.96,64.53,64.06,63.58,63.08,62.71,64.69,67.00,68.75,70.05,70.87,71.53,71.78,71.21,70.58,68.58,65.22,61.74,62.20,63.22,64.31,65.39,66.44,67.52,68.56,69.26,69.42,69.78,70.25,70.68,71.01,71.20,71.05,70.81,70.54,70.25,69.95,69.64,69.35,69.10,68.92,68.90,69.09,69.47,70.07,71.21,72.53,73.85,75.15,76.51,77.59,78.14,78.22,78.40,78.55,78.79,78.94,78.68,78.40,78.10,77.81,77.55,77.27,76.96,76.63,76.38,76.56,76.96,77.38,77.78,78.17,78.61,79.01,79.45,80.09,81.26,83.64,86.44,89.29,91.85,93.39,94.68,95.66,96.23,96.83,97.44,97.91,98.12,97.80,96.17,93.06,88.62,83.02,77.82,73.25,70.43,70.44,74.04,77.77,80.02,81.27,83.14,87.76,92.63,96.79,99.58,100.46,100.91,101.27,101.60,101.78,101.56,101.20,100.89,100.76,100.68,100.70,100.91,101.41,102.23,102.94,103.40,103.47,103.04,102.78,102.09,101.17,100.25,99.44,98.61,97.73,96.95,96.59,96.08,95.44,94.67,93.81,93.03,92.20,92.05,92.79,93.47,93.37,92.03,90.25,89.59,89.71,90.87,92.58,94.63,97.17,97.76,96.80,94.83,92.43,88.80,83.94,80.08,79.67,79.46,79.27,79.12,79.04,78.95,78.82,78.68,78.59,78.66,78.88,79.23,80.19,82.07,83.84,84.55,84.60,84.20,83.45,82.78,82.30,82.08,82.14,82.32,82.64,83.44,84.85,86.30,87.63,88.89,89.88,90.09,89.60,88.50,87.27,86.32,85.64,85.06,84.72,84.40,83.50,82.52,81.54,80.52,79.31,77.57,75.80,74.15,72.59,70.99
77.20,76.76,75.84,74.62,73.30,72.03,71.22,70.76,70.47,70.09,69.68,69.23,68.73,68.22,67.75,67.27,66.77,66.26,65.80,65.31,64.86,64.45,64.06,63.67,63.29,62.90,62.52,62.13,61.74,61.39,61.16,61.16,61.28,61.40,61.47,61.52,61.55,61.62,61.79,62.10,62.41,62.76,63.10,63.43,63.72,64.04,64.42,64.70,64.56,64.12,63.65,63.16,62.62,62.11,63.41,65.78,68.39,70.00,70.79,71.29,71.42,70.85,70.29,67.83,64.53,61.80,61.88,62.71,63.72,64.77,65.81,66.88,67.81,68.42,68.69,69.18,69.75,70.22,70.50,70.56,70.43,70.22,69.97,69.68,69.38,69.05,68.72,68.43,68.21,68.33,68.72,69.25,69.83,70.82,72.03,73.32,74.62,75.97,76.94,77.42,77.55,77.82,78.06,78.40,78.64,78.45,78.15,77.86,77.59,77.32,77.02,76.71,76.36,76.10,76.28,76.67,77.08,77.47,77.89,78.32,78.70,79.05,79.38,79.81,81.36,83.35,85.69,88.55,90.93,92.65,93.77,94.37,94.96,95.52,95.93,96.03,95.50,93.98,91.09,86.90,81.50,76.21,71.95,70.27,72.20,77.53,81.80,84.28,85.74,87.70,91.59,95.50,98.51,100.09,100.53,100.83,101.16,101.53,101.80,101.65,101.36,101.12,101.07,101.02,101.06,101.27,101.72,102.52,103.23,103.67,103.58,102.69,102.07,101.28,100.38,99.58,99.03,98.44,97.87,97.45,97.35,96.98,96.35,95.56,94.67,93.86,93.59,94.31,96.04,97.70,96.91,94.68,92.25,91.25,91.87,93.54,95.60,97.68,99.64,99.72,98.38,96.10,93.50,90.20,85.83,82.14,81.14,80.28,79.75,79.47,79.39,79.26,79.04,78.80,78.58,78.49,78.53,78.78,79.12,79.62,80.73,81.40,81.58,81.30,80.62,80.03,79.59,79.33,79.25,79.24,79.21,79.66,80.84,82.13,83.59,85.31,87.02,88.05,87.84,86.77,85.61,84.88,84.35,84.06,83.93,83.79,83.25,82.35,81.38,80.31,78.96,77.13,75.25,73.59,72.19,70.69
78.01,77.41,76.55,75.47,74.16,73.09,72.38,71.90,71.46,70.71,70.06,69.50,68.98,68.50,68.04,67.53,67.02,66.55,66.08,65.58,65.09,64.67,64.28,63.89,63.50,63.12,62.73,62.34,61.95,61.57,61.22,61.00,61.05,61.14,61.20,61.22,61.28,61.32,61.42,61.72,62.03,62.34,62.68,63.03,63.29,63.65,64.07,64.36,64.17,63.70,63.21,62.71,62.17,61.63,61.40,63.39,67.29,69.84,70.70,71.04,71.06,70.61,70.13,67.79,64.70,62.10,61.63,62.20,63.10,64.11,65.17,66.25,67.00,67.53,68.01,68.61,69.27,69.73,69.89,69.84,69.75,69.58,69.34,69.09,68.80,68.45,68.11,67.81,67.62,67.91,68.47,69.13,69.77,70.68,71.73,72.88,74.13,75.42,76.27,76.75,76.97,77.22,77.56,77.98,78.29,78.18,77.91,77.65,77.38,77.07,76.76,76.45,76.10,75.85,76.02,76.37,76.77,77.18,77.62,78.01,78.34,78.69,79.03,79.31,79.78,80.35,81.61,84.55,87.87,90.19,91.62,92.39,93.02,93.53,93.84,93.78,92.93,91.60,88.66,84.52,79.64,74.48,70.98,70.90,74.77,80.61,84.42,87.32,89.83,92.08,95.11,98.02,99.89,100.31,100.56,100.81,101.11,101.48,101.75,101.73,101.55,101.40,101.39,101.39,101.45,101.63,102.03,102.77,103.33,103.69,103.63,102.72,101.84,100.91,100.07,99.46,99.00,98.73,98.58,98.47,98.28,97.91,97.24,96.39,95.55,94.78,95.45,97.10,99.48,102.02,100.09,97.05,94.44,93.20,94.61,96.61,98.47,99.86,100.52,100.33,99.20,97.17,94.47,91.68,88.50,85.64,83.94,82.12,81.03,80.48,80.29,80.05,79.67,79.28,78.92,78.64,78.32,78.34,78.57,78.86,79.20,79.44,79.54,79.43,79.06,78.71,78.45,78.26,78.07,78.04,77.93,77.99,78.35,78.75,79.58,81.02,82.92,84.77,85.07,84.36,83.50,83.03,82.60,82.53,82.59,82.69,82.75,82.03,81.10,79.98,78.41,76.37,74.25,72.54,71.38,70.08
78.66,77.99,77.16,76.19,75.03,74.16,73.47,72.74,71.87,71.02,70.24,69.62,69.11,68.61,68.14,67.66,67.16,66.66,66.18,65.73,65.39,65.12,64.75,64.32,63.92,63.51,63.09,62.70,62.27,61.86,61.48,61.11,60.92,60.87,60.90,60.95,61.02,61.05,61.12,61.35,61.65,61.96,62.28,62.61,62.90,63.30,63.73,63.98,63.75,63.30,62.79,62.25,61.67,61.13,60.65,61.28,63.95,69.19,70.47,70.68,70.69,70.38,69.90,67.83,65.03,62.43,61.48,61.90,62.72,63.59,64.50,65.56,66.28,66.86,67.53,68.23,68.86,69.21,69.26,69.14,69.05,68.89,68.66,68.42,68.16,67.88,67.56,67.26,67.22,67.58,68.14,68.80,69.54,70.48,71.52,72.64,73.83,74.99,75.73,76.18,76.45,76.69,77.09,77.57,77.94,77.92,77.69,77.42,77.13,76.82,76.51,76.16,75.81,75.59,75.72,76.06,76.47,76.90,77.31,77.65,77.97,78.29,78.61,78.90,79.20,79.50,80.09,81.47,83.03,85.51,87.93,89.61,90.83,91.42,91.70,91.47,89.97,88.19,85.19,81.14,76.45,72.07,70.12,71.93,77.29,82.61,86.49,89.57,92.28,94.85,97.68,99.39,100.21,100.45,100.68,100.91,101.17,101.46,101.70,101.80,101.77,101.71,101.72,101.80,101.89,102.03,102.35,103.06,103.22,103.44,103.53,102.81,101.92,101.10,100.43,99.94,99.61,99.49,99.61,99.74,99.31,98.84,98.13,97.26,96.48,96.30,97.20,98.99,101.31,102.90,100.57,97.54,95.34,95.00,96.54,98.34,99.80,100.66,100.99,100.65,99.74,98.19,95.75,93.08,90.73,89.00,88.16,87.32,86.66,85.86,84.73,83.32,81.57,80.19,79.36,79.08,78.67,78.40,78.27,78.27,78.40,78.55,78.60,78.48,78.09,77.68,77.40,77.16,76.87,76.79,76.63,76.59,76.78,77.05,77.77,78.85,80.15,81.48,82.13,81.91,81.42,81.17,81.03,81.13,81.34,81.62,81.88,81.41,80.48,79.11,77.16,75.19,73.05,71.26,70.01,68.62
79.24,78.53,77.71,76.76,75.66,74.81,74.00,73.03,71.87,70.94,70.18,69.62,69.17,68.65,68.18,67.72,67.24,66.75,66.37,66.05,65.83,65.67,65.28,64.84,64.42,64.01,63.56,63.16,62.73,62.29,61.87,61.34,60.89,60.67,60.66,60.70,60.75,60.79,60.84,60.98,61.27,61.58,61.88,62.18,62.53,62.95,63.38,63.62,63.34,62.89,62.36,61.78,61.19,60.65,60.24,60.00,61.22,66.56,67.75,68.79,69.79,69.41,69.19,67.49,65.05,62.65,61.29,61.63,62.39,63.16,63.95,64.93,65.69,66.36,67.15,67.93,68.43,68.65,68.60,68.45,68.34,68.16,67.94,67.72,67.50,67.25,66.96,66.70,66.80,67.22,67.78,68.44,69.25,70.19,71.25,72.37,73.53,74.58,75.21,75.63,75.92,76.21,76.64,77.14,77.58,77.67,77.47,77.18,76.88,76.57,76.25,75.88,75.53,75.30,75.40,75.76,76.19,76.61,76.98,77.28,77.59,77.89,78.20,78.52,78.83,79.09,79.32,79.55,79.73,81.68,84.00,85.66,87.02,87.74,88.03,87.67,86.03,84.15,81.34,77.60,73.31,70.19,69.95,73.38,79.66,84.45,88.36,91.46,94.12,96.80,99.27,100.15,100.33,100.55,100.80,101.04,101.26,101.47,101.66,101.84,101.92,101.97,102.04,102.18,102.30,102.42,102.65,103.13,102.98,103.14,103.41,102.91,102.08,101.42,100.91,100.52,100.31,100.28,100.66,101.18,100.95,100.23,99.22,98.20,97.57,97.87,98.90,100.65,102.61,102.87,100.44,97.78,96.21,96.76,98.22,99.63,100.68,101.19,101.33,100.87,100.11,98.96,96.81,94.38,92.62,91.71,91.65,91.64,91.41,90.58,88.99,87.00,84.51,82.35,80.81,79.96,79.23,78.68,78.26,78.00,77.98,78.02,78.00,77.81,77.38,76.94,76.62,76.33,75.98,75.76,75.46,75.29,75.40,75.65,76.37,77.19,77.98,78.69,79.09,78.65,77.93,77.54,77.52,77.68,78.46,79.66,80.22,80.20,79.36,77.80,75.69,73.69,71.63,69.85,68.47,66.93
79.76,79.02,78.16,77.14,75.88,74.76,73.66,72.54,71.39,70.36,69.83,69.47,69.11,68.64,68.18,67.72,67.28,66.92,66.76,66.63,66.50,66.29,65.87,65.45,65.03,64.59,64.19,63.74,63.32,62.90,62.39,61.69,60.98,60.59,60.52,60.46,60.46,60.50,60.55,60.61,60.89,61.19,61.47,61.76,62.19,62.59,63.02,63.28,62.96,62.46,61.88,61.30,60.75,60.22,60.00,59.92,60.14,61.13,61.35,64.59,67.97,67.19,67.64,66.41,64.47,62.62,61.04,61.30,62.07,62.83,63.56,64.41,65.25,66.06,66.89,67.66,67.94,67.99,67.90,67.75,67.60,67.41,67.20,67.02,66.80,66.52,66.24,66.07,66.28,66.80,67.41,68.09,68.92,69.79,70.84,72.02,73.20,74.16,74.69,75.05,75.38,75.75,76.20,76.70,77.19,77.45,77.23,76.93,76.62,76.31,76.00,75.63,75.25,74.98,75.09,75.48,75.90,76.30,76.66,76.91,77.21,77.52,77.83,78.14,78.44,78.71,78.94,79.17,79.39,79.89,80.21,80.21,80.81,81.71,82.05,81.64,80.68,79.44,77.23,74.13,70.74,69.37,70.92,75.39,81.80,86.35,90.04,92.97,95.49,97.89,99.60,100.24,100.44,100.63,100.91,101.15,101.35,101.50,101.61,101.81,101.97,102.13,102.33,102.48,102.64,102.78,102.89,102.86,102.61,102.85,103.28,103.02,102.31,101.77,101.39,101.10,101.00,101.02,101.67,102.78,103.39,102.25,100.59,99.25,98.88,99.35,100.56,102.20,103.50,102.45,100.16,98.20,97.41,98.50,99.71,100.62,101.29,101.72,101.59,101.02,100.32,99.33,97.44,95.49,94.09,93.43,93.53,93.54,93.45,92.97,91.92,90.53,88.67,86.36,83.83,81.53,80.00,79.17,78.63,78.18,77.97,77.79,77.60,77.35,76.97,76.63,76.32,76.00,75.60,75.14,74.55,74.14,74.07,74.29,74.98,75.70,76.32,76.68,75.95,74.21,72.38,71.31,71.08,71.18,73.09,76.27,77.44,78.15,77.55,75.98,74.03,71.83,69.93,68.31,66.86,65.17
79.86,78.93,77.86,76.69,75.38,74.17,73.00,71.88,70.89,70.07,69.65,69.36,69.07,68.68,68.27,67.94,67.69,67.48,67.39,67.30,67.18,66.93,66.48,66.05,65.63,65.20,64.77,64.31,63.85,63.32,62.67,61.92,61.14,60.64,60.44,60.36,60.31,60.30,60.29,60.33,60.53,60.76,61.02,61.37,61.81,62.22,62.65,62.91,62.53,62.02,61.46,60.91,60.42,60.04,59.92,59.90,59.90,59.90,59.90,61.77,63.72,63.29,63.62,63.10,62.23,61.39,60.56,60.92,61.64,62.38,63.17,64.04,64.90,65.75,66.56,67.20,67.34,67.30,67.20,67.06,66.90,66.70,66.48,66.28,66.05,65.79,65.56,65.48,65.88,66.52,67.24,68.00,68.83,69.52,70.55,71.79,72.93,73.64,74.08,74.47,74.87,75.30,75.78,76.29,76.77,77.12,77.00,76.73,76.40,76.05,75.71,75.36,74.99,74.72,74.82,75.19,75.59,75.95,76.25,76.53,76.83,77.14,77.44,77.75,78.06,78.35,78.60,78.79,79.03,79.06,78.61,77.62,76.95,77.40,77.50,76.97,76.32,75.31,73.55,71.44,69.67,69.35,73.28,78.55,83.48,87.28,90.45,93.21,95.76,98.17,99.68,100.26,100.48,100.67,100.86,101.02,101.18,101.32,101.45,101.62,101.82,102.01,102.20,102.40,102.62,102.75,102.70,102.52,102.26,102.59,103.16,103.14,102.68,102.25,101.94,101.76,101.68,101.73,102.51,103.58,103.27,102.16,101.00,100.18,100.07,100.81,102.12,103.26,103.56,102.17,100.19,98.99,98.87,99.74,100.59,101.31,101.92,102.29,101.90,101.25,100.56,99.64,97.97,96.30,95.42,95.21,95.42,95.52,95.54,95.15,94.19,92.92,91.41,89.58,87.42,84.88,82.08,80.17,79.06,78.56,78.31,78.17,78.04,77.84,77.52,77.30,77.03,76.72,76.39,75.91,75.33,74.72,74.17,73.77,73.57,73.81,74.31,74.52,73.53,71.89,70.38,69.55,69.33,69.44,70.64,72.69,74.00,75.35,75.39,74.26,72.41,70.41,68.67,67.09,65.54,63.93
79.57,78.47,77.20,75.90,74.64,73.56,72.52,71.56,70.77,70.23,69.75,69.40,69.14,68.84,68.48,68.30,68.23,68.16,68.08,68.00,67.84,67.55,67.10,66.65,66.22,65.81,65.33,64.85,64.30,63.65,62.88,62.11,61.33,60.73,60.38,60.30,60.22,60.14,60.08,60.09,60.21,60.34,60.57,60.97,61.44,61.85,62.28,62.52,62.14,61.63,61.09,60.59,60.17,59.95,59.90,59.89,59.88,59.88,59.88,59.92,59.95,59.95,60.01,60.08,60.14,60.18,60.13,60.54,61.18,61.94,62.81,63.72,64.61,65.47,66.24,66.65,66.68,66.60,66.51,66.36,66.19,65.99,65.77,65.54,65.31,65.07,64.91,64.95,65.57,66.32,67.14,67.99,68.82,69.39,70.37,71.57,72.62,73.09,73.49,73.92,74.38,74.85,75.38,75.87,76.34,76.73,76.75,76.52,76.17,75.80,75.41,75.08,74.73,74.46,74.55,74.89,75.26,75.58,75.84,76.14,76.44,76.75,77.06,77.38,77.69,77.99,78.26,78.43,78.65,78.41,77.54,75.95,74.23,73.93,73.67,73.11,72.65,71.82,70.59,69.53,69.30,69.68,75.45,81.07,84.38,87.50,90.33,93.04,95.69,98.18,99.69,100.26,100.47,100.64,100.74,100.81,100.92,101.08,101.23,101.40,101.59,101.80,101.99,102.24,102.48,102.54,102.37,102.15,101.94,102.34,103.02,103.22,103.08,102.78,102.55,102.47,102.38,102.44,103.16,103.85,102.62,101.76,101.27,101.03,101.16,102.17,103.33,103.77,103.13,101.86,100.35,99.83,100.17,100.67,101.22,101.86,102.50,102.84,102.26,101.56,100.85,99.98,98.59,97.17,96.73,96.95,97.28,97.50,97.61,97.25,96.26,94.95,93.58,92.17,90.56,88.19,84.30,81.24,79.48,79.03,78.81,78.77,78.73,78.62,78.36,78.26,78.06,77.80,77.54,77.11,76.59,75.87,74.86,73.85,72.84,72.52,72.74,72.71,71.66,70.49,69.61,69.18,68.96,69.06,69.30,69.77,70.96,72.55,73.09,72.46,70.86,69.16,67.57,66.00,64.47,63.34
78.47,77.34,76.09,74.85,73.76,73.37,72.94,72.44,71.95,71.51,70.57,69.88,69.60,69.34,69.03,68.89,68.88,68.85,68.78,68.66,68.45,68.13,67.67,67.26,66.83,66.36,65.84,65.26,64.58,63.84,63.07,62.30,61.52,60.83,60.32,60.23,60.16,60.07,60.00,59.95,59.98,60.01,60.17,60.54,61.05,61.51,61.93,62.17,61.88,61.43,60.91,60.39,59.99,59.91,59.90,59.87,59.83,59.83,59.83,59.86,59.90,59.90,59.92,59.97,60.05,60.11,60.05,60.19,60.75,61.64,62.55,63.47,64.39,65.27,65.98,66.05,65.98,65.91,65.81,65.66,65.45,65.26,65.07,64.84,64.61,64.38,64.33,64.64,65.41,66.23,67.08,67.94,68.83,69.57,70.39,71.28,72.09,72.57,73.02,73.48,73.94,74.41,74.94,75.42,75.89,76.31,76.46,76.23,75.88,75.54,75.16,74.79,74.44,74.20,74.24,74.58,74.88,75.16,75.45,75.76,76.06,76.38,76.69,77.00,77.31,77.61,77.90,78.10,78.28,77.45,76.08,74.52,72.86,71.50,70.74,70.47,70.23,69.81,69.47,69.38,69.66,70.36,75.72,80.58,83.20,86.39,89.71,92.74,95.52,98.06,99.66,100.26,100.40,100.41,100.54,100.58,100.67,100.82,100.98,101.19,101.38,101.58,101.86,102.21,102.26,102.16,101.99,101.78,101.69,102.15,102.85,103.14,103.43,103.42,103.31,103.22,103.09,103.22,103.34,103.25,102.70,102.30,101.93,101.72,102.00,103.24,103.58,103.01,101.92,101.27,100.64,100.50,100.76,101.09,101.65,102.28,102.90,103.29,102.75,102.02,101.27,100.48,99.58,98.47,98.15,98.47,99.00,99.41,99.57,99.24,98.27,96.91,95.30,93.52,91.71,89.72,85.75,82.08,79.85,79.55,79.47,79.45,79.45,79.41,79.29,79.25,79.13,78.95,78.74,78.31,77.84,77.13,76.11,75.06,74.22,73.53,72.89,72.11,70.90,70.04,69.47,69.02,68.63,68.57,68.74,69.11,69.75,70.41,70.65,70.36,69.47,68.07,66.59,65.07,63.89,64.30
77.36,76.51,75.76,75.12,74.55,74.52,74.44,74.20,73.83,73.51,72.43,71.53,71.06,70.57,70.02,69.63,69.43,69.43,69.42,69.30,69.06,68.70,68.28,67.83,67.34,66.80,66.21,65.55,64.81,64.03,63.26,62.49,61.71,60.98,60.40,60.23,60.13,60.04,59.94,59.91,59.90,59.90,59.98,60.19,60.50,60.94,61.36,61.63,61.52,61.14,60.66,60.21,59.93,59.90,59.88,59.83,59.80,59.80,59.80,59.83,59.85,59.85,59.85,59.92,59.98,60.00,59.97,60.00,60.54,61.49,62.41,63.34,64.27,65.05,65.47,65.38,65.28,65.17,65.05,64.94,64.71,64.51,64.34,64.11,63.90,63.72,63.85,64.44,65.24,66.08,66.91,67.75,68.64,69.45,70.20,70.90,71.58,72.09,72.56,73.03,73.49,73.96,74.48,74.98,75.45,75.88,76.16,75.96,75.61,75.28,74.90,74.52,74.16,73.89,73.92,74.19,74.48,74.76,75.07,75.38,75.69,76.00,76.31,76.62,76.92,77.23,77.52,77.67,77.36,76.15,74.64,73.21,71.75,70.37,69.57,69.32,69.22,69.20,69.55,70.09,70.68,71.51,75.70,79.34,81.17,83.64,87.54,91.27,94.45,97.15,99.24,100.08,100.26,100.24,100.31,100.36,100.44,100.58,100.76,100.99,101.23,101.52,101.84,102.08,101.97,101.77,101.58,101.43,101.45,101.87,102.46,102.83,103.36,103.42,103.33,103.38,103.42,103.56,103.59,103.46,103.21,102.92,102.61,102.51,102.89,103.47,103.26,102.58,101.76,101.35,101.11,101.14,101.38,101.63,102.03,102.56,103.16,103.62,103.39,102.72,101.95,101.20,100.50,99.77,99.59,99.88,100.39,100.86,101.04,100.67,99.60,98.04,96.28,94.38,92.52,90.78,87.78,84.94,83.42,83.76,84.03,84.11,84.11,83.95,83.38,82.80,82.06,81.35,80.92,80.21,79.44,78.59,77.65,76.70,75.93,75.11,74.10,72.74,71.07,70.06,69.51,69.13,68.70,68.33,68.24,68.46,68.81,69.08,69.08,68.77,68.03,66.86,65.64,64.72,64.51,65.53
76.74,76.29,76.16,76.25,76.27,76.40,76.48,76.39,76.07,75.88,74.84,73.84,73.10,72.23,71.30,70.55,70.11,70.10,70.16,70.02,69.72,69.29,68.87,68.35,67.78,67.16,66.51,65.77,65.00,64.22,63.45,62.68,61.90,61.17,60.56,60.24,60.12,60.00,59.91,59.90,59.89,59.89,59.91,59.93,59.98,60.31,60.69,61.00,61.10,60.83,60.39,60.04,59.91,59.89,59.84,59.80,59.79,59.79,59.79,59.79,59.80,59.80,59.80,59.85,59.89,59.90,59.89,59.89,60.42,61.39,62.34,63.28,64.16,64.75,64.80,64.67,64.56,64.41,64.25,64.22,63.97,63.74,63.56,63.35,63.19,63.10,63.40,64.18,64.96,65.80,66.61,67.42,68.26,69.10,69.80,70.42,71.04,71.60,72.11,72.59,73.05,73.52,74.05,74.54,75.01,75.46,75.85,75.70,75.36,75.03,74.66,74.27,73.89,73.59,73.59,73.80,74.08,74.39,74.70,75.01,75.31,75.62,75.92,76.23,76.54,76.85,77.13,77.17,76.28,74.86,73.42,72.17,70.93,70.01,69.38,69.02,69.00,69.34,70.14,71.08,71.91,72.79,75.55,77.87,79.00,80.49,84.70,89.04,92.66,95.46,98.03,99.21,99.57,99.64,99.79,99.92,100.11,100.34,100.59,100.84,101.16,101.53,101.84,101.86,101.63,101.37,101.17,101.08,101.19,101.53,101.97,102.41,103.07,103.09,102.97,103.14,103.40,103.54,103.72,103.90,103.78,103.52,103.28,103.31,103.68,103.33,102.84,102.45,102.18,101.81,101.69,101.78,102.01,102.23,102.43,102.83,103.37,103.89,104.06,103.54,102.78,102.02,101.39,101.08,101.04,101.22,101.62,102.07,102.16,101.66,100.42,98.67,96.95,95.17,93.43,91.96,90.43,89.09,88.72,89.69,90.22,90.36,90.30,89.90,88.65,87.38,85.90,84.57,83.82,82.71,81.47,80.37,79.49,78.66,77.83,76.98,75.89,74.20,72.14,70.73,69.92,69.50,69.00,68.27,67.83,67.83,68.00,68.16,67.98,67.47,66.68,65.81,65.03,64.95,65.79,66.92
78.29,78.10,78.03,78.06,78.15,78.30,78.43,78.46,78.34,78.21,77.30,76.27,75.29,74.08,72.84,72.00,71.57,71.48,71.49,71.15,70.58,69.90,69.30,68.75,68.13,67.45,66.72,65.96,65.19,64.41,63.64,62.87,62.09,61.36,60.71,60.21,60.06,59.97,59.90,59.89,59.85,59.87,59.90,59.90,59.91,60.02,60.19,60.40,60.66,60.60,60.25,59.95,59.89,59.85,59.81,59.77,59.73,59.73,59.73,59.73,59.73,59.73,59.73,59.75,59.79,59.82,59.77,59.76,60.22,61.13,62.20,63.20,63.86,64.16,64.06,63.92,63.74,63.56,63.43,63.45,63.21,62.96,62.76,62.58,62.43,62.48,62.82,63.49,64.25,65.09,65.92,66.74,67.55,68.38,69.05,69.64,70.25,70.90,71.57,72.15,72.61,73.08,73.61,74.09,74.56,75.02,75.46,75.43,75.15,74.79,74.45,74.08,73.69,73.36,73.24,73.46,73.76,74.07,74.38,74.69,74.96,75.23,75.55,75.86,76.16,76.47,76.70,76.60,75.72,74.51,73.25,72.06,70.84,69.97,69.33,68.96,69.06,69.47,70.26,71.29,72.44,73.60,75.38,76.98,78.15,79.50,82.58,86.29,89.73,92.04,94.06,95.57,96.50,96.97,97.86,98.46,99.23,100.10,100.50,100.84,101.21,101.54,101.71,101.55,101.26,100.98,100.78,100.66,100.85,101.13,101.50,102.08,102.84,102.88,102.62,102.51,102.73,102.89,103.11,103.39,103.60,103.75,103.83,103.87,103.85,103.59,103.27,102.97,102.68,102.32,102.31,102.45,102.64,102.87,103.08,103.34,103.69,104.15,104.59,104.27,103.60,102.88,102.38,102.32,102.41,102.59,102.89,103.28,102.87,101.91,100.55,99.02,98.02,96.88,95.65,94.81,94.55,94.28,94.18,94.44,94.45,94.31,93.92,93.09,91.59,90.47,89.45,88.50,87.62,86.22,84.61,83.19,82.09,81.05,79.97,78.87,77.73,76.52,75.12,73.40,71.73,70.42,69.29,68.37,67.73,67.35,67.13,67.17,66.82,66.25,65.91,65.77,65.88,66.37,67.27,68.32
79.98,79.94,79.87,79.79,79.72,79.80,79.92,80.00,80.00,79.95,79.22,78.22,77.10,75.72,74.37,73.54,73.12,72.92,72.72,72.15,71.36,70.51,69.74,69.10,68.43,67.69,66.92,66.15,65.38,64.60,63.83,63.06,62.28,61.55,60.86,60.24,60.02,59.94,59.89,59.87,59.81,59.84,59.87,59.87,59.87,59.89,59.93,60.04,60.27,60.31,60.10,59.89,59.86,59.78,59.77,59.73,59.67,59.66,59.66,59.66,59.66,59.66,59.66,59.66,59.69,59.72,59.68,59.66,60.02,60.79,61.92,62.96,63.42,63.46,63.28,63.10,62.90,62.73,62.65,62.71,62.46,62.19,61.98,61.83,61.77,61.91,62.24,62.77,63.50,64.33,65.17,66.00,66.78,67.56,68.21,68.83,69.52,70.29,71.07,71.70,72.17,72.63,73.16,73.66,74.11,74.58,75.05,75.14,74.95,74.57,74.23,73.88,73.49,73.11,72.88,73.10,73.41,73.72,74.03,74.34,74.60,74.89,75.20,75.50,75.81,76.11,76.27,76.02,75.20,74.16,73.08,72.00,70.84,69.97,69.31,68.93,69.07,69.49,70.23,71.24,72.52,73.87,75.23,76.53,77.76,79.00,80.84,83.48,86.24,88.06,89.59,91.19,92.58,93.67,95.13,96.13,97.37,98.77,99.59,100.34,100.91,101.32,101.55,101.39,101.03,100.64,100.27,99.98,100.20,100.60,101.10,101.81,102.66,102.74,102.36,101.94,102.03,102.20,102.44,102.77,103.16,103.54,103.80,103.88,103.78,103.71,103.65,103.49,103.19,102.86,102.94,103.11,103.30,103.51,103.74,103.94,104.16,104.51,104.97,104.92,104.43,103.79,103.52,103.60,103.75,103.92,104.14,104.38,103.63,102.42,101.11,99.94,99.41,98.81,98.12,97.83,98.10,98.19,98.11,97.96,97.69,97.33,96.57,95.33,93.79,92.79,92.03,91.29,90.37,89.07,87.58,86.12,84.78,83.47,82.16,81.04,80.10,79.26,78.30,76.56,74.14,71.41,69.56,68.52,67.77,67.14,66.64,66.61,66.44,66.22,66.32,66.64,67.23,68.05,69.20,70.97
81.57,81.56,81.49,81.31,80.95,80.90,80.96,81.01,81.02,81.06,80.55,79.65,78.47,77.12,75.86,75.09,74.65,74.27,73.72,72.91,72.00,71.08,70.18,69.41,68.66,67.89,67.11,66.34,65.56,64.79,64.02,63.24,62.47,61.73,61.02,60.31,60.00,59.91,59.88,59.82,59.80,59.80,59.80,59.81,59.81,59.87,59.90,59.91,59.95,59.96,59.93,59.87,59.80,59.73,59.71,59.67,59.61,59.61,59.61,59.61,59.60,59.60,59.60,59.60,59.61,59.62,59.61,59.60,59.83,60.41,61.49,62.56,62.85,62.69,62.46,62.23,62.05,61.93,61.90,62.00,61.72,61.43,61.22,61.11,61.21,61.41,61.69,62.09,62.76,63.57,64.41,65.25,66.01,66.67,67.33,68.04,68.85,69.81,70.63,71.26,71.72,72.20,72.71,73.21,73.67,74.14,74.60,74.83,74.76,74.37,74.00,73.66,73.27,72.84,72.53,72.72,73.03,73.34,73.65,73.96,74.26,74.56,74.88,75.18,75.49,75.77,75.85,75.47,74.63,73.68,72.76,71.84,70.79,69.97,69.32,68.91,68.96,69.40,70.09,71.01,72.24,73.66,75.12,76.48,77.67,78.73,79.50,80.83,82.50,83.87,85.06,86.45,88.10,89.96,91.71,93.05,94.59,96.32,97.76,99.18,100.07,100.66,101.11,101.11,100.63,100.02,99.44,98.92,99.22,99.91,100.75,101.59,102.50,102.64,102.20,101.52,101.39,101.54,101.80,102.14,102.52,102.91,103.19,103.38,103.50,103.62,103.84,103.89,103.66,103.41,103.53,103.75,103.96,104.14,104.36,104.59,104.80,105.00,105.26,105.50,105.28,104.78,104.79,104.92,105.07,105.22,105.34,105.32,104.48,103.31,102.19,101.49,101.10,100.81,100.62,100.68,100.72,100.54,100.33,100.21,99.96,99.51,98.45,96.87,95.50,94.51,93.64,92.80,91.94,91.06,90.12,88.91,87.35,85.80,84.32,83.35,82.75,82.05,81.14,79.58,76.61,72.19,69.77,68.65,67.89,67.16,66.60,66.56,66.88,67.36,67.83,68.32,69.00,70.03,71.78,74.81
83.15,83.11,82.85,82.43,82.09,81.96,81.95,81.97,81.98,81.99,81.49,80.66,79.65,78.54,77.43,76.64,75.95,75.06,74.17,73.25,72.31,71.34,70.42,69.65,68.90,68.12,67.31,66.53,65.76,64.97,64.16,63.38,62.61,61.85,61.11,60.41,60.03,59.90,59.88,59.81,59.80,59.77,59.76,59.80,59.80,59.83,59.84,59.84,59.84,59.84,59.84,59.81,59.74,59.71,59.66,59.63,59.60,59.60,59.60,59.57,59.55,59.55,59.55,59.55,59.55,59.55,59.55,59.55,59.70,60.16,61.11,62.10,62.30,62.06,61.74,61.42,61.23,61.13,61.14,61.30,61.02,60.70,60.49,60.51,60.72,60.96,61.22,61.57,62.08,62.83,63.66,64.48,65.24,65.84,66.50,67.29,68.27,69.38,70.21,70.83,71.33,71.80,72.29,72.77,73.23,73.70,74.16,74.53,74.57,74.18,73.80,73.44,73.05,72.63,72.25,72.33,72.62,72.96,73.27,73.58,73.89,74.19,74.50,74.81,75.12,75.41,75.47,74.92,74.06,73.13,72.21,71.34,70.57,69.94,69.38,68.94,68.85,69.24,69.83,70.71,72.06,73.52,75.02,76.41,77.55,78.32,78.88,79.58,80.41,81.10,81.70,82.48,83.93,86.19,88.16,89.98,91.84,93.70,95.28,96.76,97.75,98.32,98.53,98.23,97.38,96.81,96.78,96.79,97.73,99.03,100.29,101.23,102.16,102.50,102.21,101.38,100.84,100.87,101.14,101.50,101.89,102.23,102.50,102.72,102.93,103.17,103.46,103.65,103.69,103.75,103.94,104.18,104.41,104.66,104.89,105.12,105.34,105.55,105.82,106.09,106.10,105.93,106.00,106.10,106.22,106.31,106.32,106.06,105.36,104.45,103.55,103.08,102.75,102.45,102.22,102.13,101.93,101.59,101.25,100.97,100.61,100.18,99.34,98.13,97.02,96.06,95.15,94.26,93.34,92.32,91.38,90.31,88.98,87.58,85.94,84.43,83.17,82.21,81.14,78.89,75.34,71.09,69.39,68.50,67.75,67.14,67.12,67.29,67.74,68.35,68.99,69.94,71.64,73.74,76.00,78.10
84.71,84.53,84.07,83.50,83.21,83.00,82.94,82.94,82.94,82.89,82.39,81.63,80.74,79.78,78.78,77.90,76.92,75.60,74.46,73.47,72.51,71.53,70.63,69.91,69.18,68.39,67.55,66.76,65.99,65.19,64.35,63.57,62.78,62.00,61.24,60.53,60.06,59.90,59.88,59.81,59.78,59.73,59.73,59.77,59.77,59.77,59.77,59.77,59.77,59.77,59.77,59.75,59.69,59.67,59.61,59.58,59.58,59.58,59.58,59.54,59.50,59.50,59.48,59.48,59.48,59.48,59.48,59.48,59.59,59.94,60.76,61.64,61.78,61.46,61.06,60.69,60.51,60.45,60.49,60.63,60.40,60.13,59.97,60.05,60.29,60.52,60.77,61.08,61.46,62.10,62.89,63.71,64.42,65.01,65.72,66.60,67.67,68.84,69.70,70.38,70.93,71.40,71.84,72.31,72.79,73.25,73.72,74.17,74.32,73.98,73.61,73.22,72.82,72.41,71.99,71.95,72.21,72.56,72.89,73.19,73.50,73.82,74.14,74.45,74.77,75.06,75.07,74.36,73.48,72.61,71.78,70.98,70.42,69.94,69.43,68.95,68.78,69.13,69.63,70.45,71.89,73.41,74.94,76.31,77.33,77.86,78.37,78.75,79.03,79.25,79.43,79.73,80.77,82.82,84.72,86.90,89.10,91.08,92.56,93.71,94.42,94.77,94.70,94.12,93.34,93.22,93.92,94.64,96.26,98.15,99.84,100.90,101.86,102.36,102.17,101.23,100.34,99.86,100.12,100.86,101.25,101.58,101.85,102.09,102.35,102.65,102.96,103.23,103.48,103.78,104.03,104.26,104.51,104.79,105.05,105.28,105.52,105.76,106.06,106.41,106.68,106.86,106.94,107.02,107.10,107.13,107.00,106.37,105.64,104.88,104.20,103.80,103.45,103.09,102.77,102.54,102.18,101.82,101.44,101.07,100.66,100.13,99.38,98.42,97.43,96.56,95.68,94.76,93.81,92.69,91.75,90.79,89.63,88.17,86.29,84.29,82.44,81.10,79.64,76.69,73.01,69.85,68.93,68.28,67.68,67.38,67.82,68.19,68.75,69.52,70.50,72.00,74.55,77.28,79.47,80.46
86.22,85.72,85.14,84.65,84.34,84.05,83.95,83.95,83.93,83.80,83.39,82.67,81.73,80.68,79.67,78.57,77.33,75.91,74.68,73.63,72.66,71.73,70.88,70.20,69.49,68.70,67.86,67.08,66.30,65.50,64.67,63.88,63.06,62.26,61.47,60.67,60.10,59.90,59.88,59.80,59.73,59.71,59.70,59.72,59.72,59.72,59.72,59.72,59.72,59.72,59.72,59.69,59.62,59.62,59.55,59.52,59.52,59.52,59.52,59.51,59.50,59.49,59.43,59.41,59.41,59.41,59.41,59.41,59.47,59.72,60.45,61.23,61.27,60.87,60.44,60.12,60.02,60.01,60.02,60.04,59.94,59.86,59.81,59.79,59.94,60.11,60.31,60.57,60.90,61.41,62.13,62.92,63.50,64.10,65.02,66.06,67.03,68.06,69.03,69.85,70.48,70.95,71.36,71.83,72.34,72.80,73.27,73.73,73.95,73.78,73.41,73.03,72.61,72.15,71.73,71.61,71.80,72.14,72.50,72.81,73.13,73.47,73.83,74.14,74.45,74.72,74.64,73.76,72.90,72.22,71.62,71.03,70.49,70.01,69.47,68.95,68.78,69.13,69.56,70.29,71.68,73.31,74.88,76.13,76.94,77.37,77.78,78.09,78.33,78.56,78.78,79.03,79.47,80.28,81.52,83.83,86.36,88.52,89.62,89.93,89.82,89.59,89.38,88.70,88.99,90.00,91.45,92.93,95.05,97.38,99.45,100.69,101.72,102.20,101.96,100.97,99.90,98.20,98.40,100.19,100.61,100.99,101.28,101.53,101.84,102.14,102.45,102.72,102.97,103.27,103.52,103.75,103.99,104.23,104.53,104.78,105.01,105.25,105.57,106.17,106.81,107.30,107.39,107.46,107.54,107.53,107.16,105.92,104.71,103.87,103.38,102.76,102.28,101.91,101.64,101.51,101.16,100.98,100.82,100.50,100.21,99.31,98.17,96.98,95.78,95.07,94.31,93.43,92.51,91.65,90.93,90.05,88.73,86.68,84.38,82.30,80.48,78.63,76.47,73.16,70.25,69.15,68.59,68.04,67.85,68.13,68.64,69.10,69.88,71.10,72.83,74.94,77.61,79.76,80.79,81.25
87.41,86.81,86.23,85.78,85.43,85.12,85.00,84.94,84.79,84.25,83.53,82.77,81.96,81.07,80.14,79.00,77.67,76.22,74.86,73.79,72.82,71.89,71.12,70.44,69.73,68.98,68.17,67.40,66.59,65.78,64.98,64.21,63.37,62.56,61.77,60.93,60.22,59.92,59.88,59.80,59.72,59.68,59.66,59.66,59.66,59.68,59.70,59.70,59.70,59.70,59.68,59.63,59.56,59.55,59.52,59.50,59.49,59.46,59.45,59.45,59.45,59.45,59.41,59.40,59.39,59.35,59.35,59.35,59.37,59.58,60.25,60.79,60.74,60.38,60.06,59.85,59.81,59.81,59.81,59.80,59.77,59.73,59.69,59.67,59.77,59.89,60.01,60.15,60.38,60.77,61.40,62.13,62.63,63.39,64.30,65.27,66.23,67.20,68.17,69.08,69.87,70.48,70.94,71.36,71.83,72.36,72.83,73.29,73.59,73.58,73.22,72.81,72.36,71.90,71.47,71.30,71.43,71.75,72.12,72.44,72.75,73.07,73.42,73.77,74.08,74.28,74.16,73.42,72.71,72.13,71.59,71.05,70.54,69.98,69.30,68.75,68.88,69.31,69.86,70.69,72.07,73.61,74.87,75.80,76.38,76.80,77.14,77.41,77.64,77.88,78.25,78.63,79.01,79.46,80.22,82.08,84.15,85.79,86.33,86.20,85.52,84.70,84.14,83.66,84.37,86.15,88.73,91.23,93.56,96.06,98.52,100.35,101.45,102.05,102.13,101.51,100.12,97.05,96.05,97.52,98.95,100.11,100.69,100.97,101.28,101.62,101.94,102.22,102.45,102.73,102.99,103.25,103.47,103.72,104.02,104.27,104.52,104.84,105.39,106.14,106.93,107.58,107.80,107.91,107.98,107.72,106.63,104.92,103.48,102.47,101.84,101.17,100.66,100.05,99.48,99.29,98.81,98.43,98.12,97.69,96.91,96.34,95.76,94.99,93.96,93.38,92.82,92.11,91.11,89.54,87.99,86.48,84.94,83.25,81.73,80.28,78.73,76.83,74.61,71.80,69.65,69.12,68.65,68.24,68.26,68.73,69.28,70.30,71.76,73.49,75.40,77.59,79.59,81.05,81.82,82.13
88.49,87.86,87.33,86.89,86.53,86.21,86.00,85.79,85.38,84.43,83.36,82.50,81.84,81.16,80.37,79.28,77.96,76.50,75.04,73.95,72.99,72.05,71.33,70.65,69.97,69.25,68.47,67.70,66.88,66.07,65.29,64.51,63.68,62.87,62.08,61.24,60.40,60.00,59.88,59.80,59.72,59.65,59.61,59.60,59.61,59.66,59.69,59.69,59.69,59.69,59.63,59.56,59.50,59.48,59.48,59.48,59.47,59.41,59.40,59.39,59.38,59.38,59.38,59.38,59.36,59.31,59.30,59.29,59.29,59.45,60.06,60.35,60.25,60.00,59.79,59.70,59.68,59.68,59.68,59.69,59.68,59.64,59.59,59.60,59.67,59.75,59.80,59.84,59.97,60.23,60.71,61.31,61.78,62.65,63.51,64.38,65.36,66.30,67.22,68.19,69.14,69.93,70.49,70.89,71.29,71.88,72.37,72.84,73.22,73.37,73.03,72.58,72.12,71.65,71.21,71.01,71.09,71.36,71.73,72.05,72.37,72.67,73.00,73.37,73.70,73.84,73.72,73.20,72.66,72.13,71.59,71.07,70.60,69.94,69.09,68.49,69.03,69.62,70.37,71.36,72.65,73.91,74.78,75.37,75.77,76.20,76.50,76.76,77.03,77.34,77.84,78.37,78.84,79.22,79.65,80.87,82.16,83.06,83.11,82.78,81.82,80.66,79.87,79.68,80.50,82.53,85.76,89.19,91.84,94.51,97.27,99.62,100.80,101.55,102.03,101.94,100.66,96.45,93.83,94.22,96.61,98.58,99.63,100.19,100.70,101.10,101.42,101.70,101.94,102.18,102.47,102.73,102.97,103.22,103.51,103.78,104.09,104.55,105.36,106.20,107.05,107.80,108.21,108.35,108.39,107.78,105.83,103.75,102.14,100.99,100.20,99.44,98.86,97.95,96.92,96.42,95.72,95.08,94.58,94.07,92.91,92.80,92.91,92.72,92.02,91.55,91.09,90.42,89.12,86.68,84.38,82.42,80.86,79.77,79.21,78.42,77.16,75.39,73.34,71.23,69.73,69.28,68.83,68.56,68.71,69.27,70.00,71.73,73.91,76.06,77.91,79.86,81.06,81.96,82.74,82.99
89.55,88.89,88.37,87.99,87.66,87.34,86.88,86.20,85.26,84.15,83.02,82.06,81.32,80.79,80.19,79.31,78.17,76.75,75.29,74.13,73.13,72.24,71.53,70.88,70.25,69.56,68.73,67.95,67.17,66.38,65.60,64.77,63.97,63.17,62.34,61.55,60.76,60.19,59.88,59.80,59.72,59.69,59.65,59.60,59.60,59.61,59.63,59.63,59.63,59.63,59.57,59.50,59.43,59.42,59.42,59.42,59.42,59.40,59.40,59.37,59.33,59.33,59.33,59.33,59.32,59.30,59.30,59.25,59.23,59.34,59.77,59.94,59.92,59.81,59.66,59.57,59.55,59.55,59.56,59.61,59.57,59.54,59.52,59.53,59.61,59.68,59.75,59.80,59.85,59.97,60.13,60.40,60.92,61.66,62.50,63.42,64.36,65.28,66.21,67.18,68.17,69.10,69.89,70.38,70.77,71.33,71.85,72.37,72.84,73.11,72.83,72.39,71.90,71.39,70.96,70.75,70.78,70.97,71.30,71.66,71.98,72.30,72.61,72.94,73.30,73.52,73.50,73.11,72.64,72.13,71.61,71.14,70.71,69.94,68.92,68.29,69.29,70.20,71.24,72.27,73.10,73.77,74.33,74.80,75.18,75.53,75.88,76.29,76.75,77.23,77.76,78.30,78.75,79.09,79.48,79.97,80.37,80.56,80.52,80.32,79.85,79.27,78.84,78.95,79.49,80.42,82.21,85.95,89.62,92.80,95.50,97.64,98.90,99.88,100.58,101.03,101.60,97.18,92.77,91.01,93.07,95.17,97.01,98.67,100.07,100.54,100.85,101.15,101.43,101.67,101.92,102.19,102.48,102.76,103.02,103.37,103.90,104.64,105.47,106.32,107.17,107.99,108.62,108.79,108.66,107.57,104.84,102.57,100.79,99.63,98.95,97.84,96.96,95.71,94.12,92.66,91.55,90.87,90.48,90.21,89.71,89.69,89.92,90.13,89.90,89.45,88.70,87.42,85.19,82.42,80.89,79.88,78.97,78.38,77.95,77.19,75.99,74.42,72.69,70.97,69.75,69.34,68.94,68.81,69.03,69.76,71.22,73.66,76.15,78.31,79.92,81.11,82.03,82.89,83.62,83.75
90.47,89.80,89.26,88.86,88.49,88.09,87.37,86.38,85.19,83.97,82.75,81.66,80.79,80.23,79.69,79.02,78.13,76.95,75.56,74.33,73.28,72.43,71.75,71.13,70.49,69.81,69.02,68.24,67.47,66.69,65.88,65.06,64.28,63.48,62.68,61.90,61.13,60.44,59.97,59.84,59.76,59.72,59.67,59.60,59.57,59.56,59.56,59.56,59.56,59.56,59.51,59.44,59.41,59.40,59.38,59.37,59.37,59.37,59.37,59.33,59.30,59.30,59.27,59.27,59.27,59.27,59.26,59.22,59.20,59.26,59.48,59.55,59.59,59.57,59.48,59.44,59.44,59.47,59.47,59.51,59.45,59.44,59.47,59.48,59.54,59.61,59.68,59.73,59.76,59.83,59.87,59.95,60.32,60.77,61.53,62.45,63.35,64.27,65.22,66.19,67.15,68.06,68.92,69.51,70.01,70.73,71.30,71.86,72.40,72.76,72.58,72.17,71.68,71.18,70.74,70.48,70.44,70.58,70.90,71.25,71.57,71.89,72.23,72.57,72.94,73.18,73.18,72.86,72.47,72.01,71.55,71.12,70.69,69.89,68.79,68.16,69.61,70.65,71.59,72.42,72.99,73.43,73.86,74.31,74.77,75.14,75.57,76.07,76.61,77.15,77.70,78.22,78.66,78.98,79.25,79.31,79.26,79.16,79.05,78.93,78.69,78.37,78.14,78.41,78.84,79.30,80.21,82.83,86.38,89.70,92.46,94.54,95.87,96.95,97.80,98.46,99.45,96.26,91.92,88.91,89.95,91.70,93.75,95.86,97.79,98.97,99.96,100.63,100.92,101.16,101.42,101.70,102.01,102.29,102.63,103.16,103.87,104.71,105.56,106.41,107.26,108.10,108.86,109.18,108.78,107.22,104.14,101.56,99.77,98.59,97.73,96.52,95.48,94.20,92.66,91.08,89.87,89.05,88.43,87.90,87.41,87.28,87.46,87.72,87.56,86.86,85.83,84.33,82.08,80.00,79.04,78.40,77.68,77.16,76.67,75.87,74.72,73.36,71.93,70.65,69.78,69.46,69.16,69.14,69.46,70.46,72.89,75.78,78.22,80.11,81.49,82.38,83.19,83.81,84.02,83.64
91.26,90.59,90.03,89.57,89.10,88.54,87.59,86.43,85.20,83.89,82.58,81.35,80.30,79.56,78.99,78.47,77.88,77.01,75.81,74.53,73.44,72.64,72.00,71.38,70.72,70.03,69.31,68.55,67.78,66.98,66.16,65.38,64.61,63.84,63.05,62.28,61.51,60.75,60.15,59.91,59.82,59.75,59.68,59.60,59.52,59.50,59.49,59.49,59.49,59.49,59.45,59.39,59.39,59.39,59.34,59.31,59.30,59.30,59.30,59.29,59.29,59.28,59.22,59.20,59.20,59.20,59.20,59.19,59.19,59.20,59.22,59.23,59.28,59.32,59.31,59.30,59.36,59.39,59.39,59.39,59.33,59.35,59.39,59.41,59.47,59.55,59.60,59.62,59.69,59.76,59.79,59.82,59.94,60.05,60.65,61.49,62.35,63.27,64.24,65.19,66.08,66.88,67.72,68.39,69.11,70.12,70.75,71.35,71.92,72.35,72.29,71.90,71.43,70.96,70.49,70.12,70.02,70.15,70.49,70.82,71.14,71.48,71.87,72.25,72.63,72.83,72.79,72.48,72.16,71.79,71.41,71.00,70.54,69.73,68.62,68.10,69.91,70.92,71.56,72.06,72.55,73.02,73.44,73.94,74.50,74.96,75.48,76.01,76.55,77.09,77.63,78.12,78.53,78.84,78.92,78.78,78.60,78.45,78.31,78.22,77.99,77.71,77.57,77.89,78.33,78.80,79.31,80.14,82.75,85.83,88.66,90.72,92.09,93.20,94.09,94.73,95.18,93.90,90.80,87.38,87.17,88.36,90.19,92.25,94.38,96.53,98.50,99.78,100.25,100.64,100.95,101.26,101.55,101.86,102.37,103.10,103.94,104.78,105.64,106.49,107.33,108.19,109.00,109.51,108.92,107.15,104.24,101.43,99.45,97.98,96.81,95.66,94.58,93.49,92.33,91.13,90.04,89.03,88.01,86.98,86.09,85.67,85.55,85.51,85.10,84.04,82.85,81.48,79.82,78.94,78.31,77.60,76.73,76.05,75.45,74.63,73.58,72.44,71.27,70.42,69.89,69.64,69.47,69.57,70.05,71.43,74.81,77.92,80.08,81.56,82.78,83.69,84.37,84.55,84.01,82.98
91.89,91.23,90.66,90.15,89.59,88.75,87.68,86.51,85.30,84.00,82.61,81.27,80.03,78.94,78.29,77.77,77.22,76.57,75.78,74.68,73.64,72.88,72.25,71.64,70.97,70.28,69.57,68.81,68.04,67.26,66.47,65.74,64.98,64.21,63.44,62.66,61.89,61.12,60.42,59.96,59.87,59.81,59.73,59.64,59.53,59.46,59.44,59.44,59.44,59.44,59.38,59.34,59.34,59.34,59.31,59.30,59.29,59.24,59.23,59.23,59.23,59.23,59.21,59.16,59.13,59.13,59.13,59.13,59.13,59.12,59.08,59.12,59.16,59.19,59.23,59.23,59.25,59.27,59.27,59.27,59.25,59.28,59.34,59.34,59.42,59.49,59.54,59.55,59.62,59.66,59.70,59.75,59.83,59.86,60.12,60.62,61.40,62.31,63.22,64.09,64.91,65.68,66.47,67.30,68.28,69.54,70.36,70.98,71.55,72.03,71.98,71.55,71.06,70.58,70.00,69.31,69.16,69.45,69.99,70.41,70.78,71.16,71.54,71.92,72.31,72.46,72.36,72.05,71.74,71.41,71.06,70.66,70.22,69.20,68.19,68.03,69.93,70.81,71.34,71.80,72.28,72.83,73.37,73.92,74.47,74.94,75.47,75.98,76.49,77.03,77.57,78.02,78.33,78.41,78.31,78.14,77.95,77.76,77.60,77.52,77.29,77.06,77.04,77.38,77.83,78.29,78.74,79.22,80.50,82.65,85.08,86.82,88.21,89.21,89.92,90.39,90.52,89.85,87.66,84.92,84.63,85.58,87.06,88.80,90.79,92.94,95.10,97.04,98.65,99.99,100.51,100.79,101.12,101.68,102.39,103.20,104.06,104.91,105.75,106.60,107.45,108.30,109.13,109.70,109.73,109.12,107.63,105.45,101.69,98.73,97.53,96.47,95.52,94.47,93.33,92.20,91.24,90.12,89.01,88.05,87.07,85.92,84.70,83.57,82.73,81.80,80.89,79.95,78.97,78.39,77.71,76.89,76.00,75.25,74.77,74.24,73.56,72.73,71.71,70.91,70.36,70.06,69.90,70.21,71.17,73.13,76.59,79.47,81.40,82.75,83.95,84.98,84.92,84.29,83.41,82.28
92.40,91.77,91.20,90.65,90.03,89.02,87.85,86.64,85.39,84.05,82.62,81.23,79.90,78.63,77.90,77.31,76.72,76.14,75.56,74.65,73.75,73.05,72.44,71.83,71.19,70.52,69.85,69.11,68.36,67.62,66.89,66.15,65.39,64.62,63.84,63.04,62.27,61.50,60.75,60.11,59.93,59.84,59.77,59.68,59.55,59.47,59.42,59.39,59.38,59.38,59.34,59.29,59.27,59.27,59.27,59.27,59.26,59.21,59.20,59.19,59.17,59.17,59.17,59.13,59.09,59.08,59.08,59.08,59.08,59.05,58.99,59.03,59.06,59.09,59.14,59.14,59.14,59.14,59.15,59.17,59.17,59.20,59.25,59.28,59.35,59.41,59.45,59.48,59.53,59.56,59.61,59.69,59.74,59.77,59.83,60.06,60.61,61.32,62.13,62.93,63.70,64.47,65.28,66.33,67.61,69.01,70.03,70.68,71.23,71.69,71.70,71.29,70.80,70.30,69.64,68.69,68.33,68.59,69.33,70.00,70.47,70.87,71.26,71.66,72.05,72.13,71.94,71.63,71.33,71.02,70.66,70.20,69.58,68.45,67.63,67.84,69.80,70.61,71.14,71.64,72.14,72.75,73.36,73.96,74.50,74.97,75.48,75.97,76.45,76.97,77.50,77.83,77.96,77.88,77.66,77.47,77.28,77.08,76.91,76.78,76.56,76.41,76.52,76.88,77.32,77.78,78.24,78.68,79.20,80.48,82.14,83.27,84.31,84.97,85.40,85.65,85.61,85.30,84.08,82.47,82.31,83.11,84.25,85.63,87.34,89.21,91.19,93.45,95.91,98.00,99.31,100.27,101.06,101.76,102.53,103.35,104.18,105.03,105.88,106.73,107.53,108.27,109.02,109.59,110.06,110.27,109.84,108.61,105.10,101.36,98.74,97.65,96.76,95.75,94.65,93.62,92.72,91.58,90.46,89.54,88.53,86.95,85.11,83.27,81.78,80.58,79.72,79.09,78.54,78.03,77.35,76.64,75.99,75.40,75.05,74.71,74.25,73.53,72.53,71.65,70.99,70.68,70.83,71.60,73.00,75.17,78.23,80.69,82.47,83.87,85.09,85.63,84.82,83.63,82.56,81.44
92.75,92.17,91.61,91.06,90.39,89.38,88.16,86.82,85.45,84.01,82.60,81.21,79.87,78.73,77.91,77.19,76.51,75.83,75.15,74.42,73.72,73.09,72.54,71.94,71.32,70.72,70.15,69.48,68.78,68.11,67.43,66.62,65.83,65.06,64.27,63.44,62.66,61.88,61.12,60.41,60.00,59.84,59.77,59.69,59.60,59.52,59.45,59.38,59.32,59.31,59.30,59.27,59.22,59.21,59.21,59.20,59.20,59.20,59.20,59.16,59.11,59.10,59.10,59.10,59.07,59.02,59.01,59.01,59.01,58.99,58.93,58.92,58.96,59.01,59.02,59.02,59.02,59.02,59.03,59.09,59.10,59.11,59.14,59.21,59.28,59.31,59.35,59.41,59.42,59.48,59.55,59.61,59.63,59.69,59.76,59.86,60.04,60.34,60.98,61.74,62.50,63.28,64.17,65.50,67.08,68.53,69.76,70.45,70.94,71.34,71.48,71.15,70.68,70.19,69.52,68.41,67.62,67.57,68.50,69.56,70.19,70.62,71.02,71.46,71.86,71.86,71.57,71.26,70.95,70.64,70.22,69.57,68.54,67.51,67.01,67.52,69.55,70.41,71.02,71.59,72.14,72.75,73.37,73.98,74.56,75.03,75.50,75.97,76.43,76.91,77.42,77.51,77.40,77.25,77.02,76.80,76.61,76.43,76.21,76.00,75.81,75.76,76.00,76.37,76.81,77.28,77.75,78.28,78.81,79.44,80.04,80.35,80.59,80.72,80.77,80.75,80.73,80.68,80.51,80.29,80.31,80.95,81.81,82.86,84.21,85.75,87.34,89.50,92.28,94.77,97.47,99.83,101.52,102.24,102.89,103.63,104.43,105.27,106.08,106.88,107.52,108.03,108.60,109.15,109.67,110.01,109.96,109.82,109.21,105.91,100.44,99.07,98.09,97.09,96.13,95.29,94.39,93.30,92.20,91.20,90.19,88.65,86.90,84.97,82.66,80.66,79.48,78.86,78.42,77.85,77.32,76.99,76.86,76.66,76.42,76.10,75.60,74.74,73.65,72.58,71.75,71.52,72.36,73.83,75.53,77.43,79.71,81.61,83.32,84.94,86.14,85.45,84.05,82.65,81.51,80.43
92.38,92.05,91.68,91.23,90.53,89.59,88.28,86.85,85.42,83.99,82.59,81.20,79.89,78.88,78.02,77.20,76.39,75.62,74.88,74.17,73.51,72.90,72.31,71.77,71.26,70.79,70.37,69.90,69.30,68.61,67.86,67.06,66.27,65.48,64.67,63.87,63.09,62.31,61.54,60.78,60.13,59.90,59.80,59.69,59.61,59.54,59.46,59.38,59.30,59.26,59.24,59.23,59.20,59.20,59.16,59.14,59.14,59.14,59.14,59.12,59.09,59.05,59.05,59.05,59.03,59.00,59.00,58.96,58.95,58.94,58.90,58.86,58.87,58.89,58.90,58.94,58.95,58.95,58.95,58.99,59.03,59.05,59.06,59.14,59.18,59.22,59.26,59.30,59.34,59.41,59.48,59.55,59.55,59.61,59.69,59.78,59.85,59.96,60.28,60.75,61.36,62.13,63.07,64.49,66.23,67.91,69.36,70.18,70.69,71.03,71.23,71.04,70.68,70.25,69.71,68.42,67.15,66.69,67.65,68.97,69.88,70.45,70.81,71.22,71.58,71.59,71.33,70.98,70.63,70.25,69.57,68.48,67.37,66.58,66.64,67.68,69.50,70.36,71.00,71.60,72.19,72.80,73.39,73.98,74.57,75.04,75.50,75.97,76.43,76.86,77.06,76.94,76.73,76.56,76.34,76.14,75.95,75.74,75.52,75.32,75.13,75.11,75.48,75.86,76.31,76.79,77.30,77.84,78.38,78.88,79.26,79.40,79.49,79.46,79.34,79.20,79.15,79.14,79.18,79.23,79.22,79.50,80.06,80.98,82.58,85.22,87.41,89.74,92.74,96.57,99.24,101.34,103.05,104.18,104.81,105.48,106.22,106.90,107.19,107.28,107.36,107.58,108.11,108.65,109.06,109.39,109.72,109.98,110.05,108.40,104.78,101.88,100.04,98.76,97.78,96.99,96.09,95.07,93.97,92.86,91.84,90.39,88.76,86.90,84.50,82.49,80.66,79.32,78.87,78.35,77.90,77.71,77.83,77.88,77.77,77.48,76.91,75.92,74.82,73.70,72.80,72.59,73.73,75.29,76.94,78.69,80.73,82.60,84.36,85.81,86.39,85.10,83.41,81.80,80.49,79.58
91.73,91.63,91.46,91.16,90.54,89.66,88.26,86.64,85.11,83.80,82.44,81.06,79.78,78.81,77.95,77.08,76.20,75.38,74.59,73.94,73.35,72.79,72.24,71.79,71.40,71.04,70.71,70.38,69.82,69.09,68.27,67.47,66.69,65.87,65.04,64.27,63.48,62.69,61.91,61.11,60.28,59.97,59.84,59.71,59.63,59.56,59.47,59.40,59.32,59.25,59.21,59.20,59.19,59.18,59.13,59.10,59.10,59.09,59.09,59.09,59.06,59.01,58.99,58.98,58.98,58.98,58.98,58.91,58.88,58.88,58.88,58.80,58.79,58.79,58.79,58.85,58.86,58.87,58.88,58.89,58.95,58.98,59.00,59.06,59.08,59.13,59.17,59.20,59.27,59.34,59.42,59.47,59.49,59.55,59.64,59.70,59.76,59.78,59.83,60.02,60.42,61.07,61.99,63.43,65.23,67.11,68.77,69.83,70.45,70.73,70.94,70.88,70.63,70.31,69.87,68.35,66.61,65.81,66.84,68.30,69.47,70.21,70.59,70.95,71.27,71.31,71.12,70.76,70.39,69.88,68.88,67.37,66.29,66.00,66.69,68.13,69.59,70.38,71.00,71.61,72.22,72.84,73.42,74.00,74.57,75.04,75.52,75.97,76.38,76.67,76.57,76.31,76.06,75.85,75.64,75.46,75.27,75.05,74.82,74.66,74.48,74.51,74.96,75.35,75.81,76.31,76.86,77.39,77.93,78.43,78.81,78.96,79.03,78.94,78.74,78.52,78.42,78.39,78.42,78.46,78.40,78.47,78.89,79.86,81.91,85.68,88.69,91.42,94.66,99.21,101.58,103.27,104.88,106.39,107.11,107.65,108.16,108.51,108.27,107.71,107.26,107.14,107.55,108.01,108.31,108.64,109.23,109.67,109.89,109.73,108.52,104.88,102.52,100.98,99.85,98.87,97.81,96.77,95.67,94.51,93.47,92.11,90.60,88.90,86.79,84.95,82.61,80.49,79.70,79.06,78.62,78.52,78.76,79.03,79.18,78.90,78.17,77.06,75.91,74.72,73.78,73.62,74.84,76.34,77.87,79.52,81.58,83.62,85.46,86.63,86.34,84.70,82.88,81.17,79.75,79.02
90.85,90.83,90.76,90.63,90.36,89.53,87.93,85.98,84.19,83.15,81.91,80.58,79.30,78.21,77.36,76.57,75.77,74.99,74.22,73.78,73.44,73.07,72.72,72.42,72.12,71.78,71.41,70.97,70.29,69.49,68.70,67.87,67.03,66.19,65.36,64.58,63.75,62.91,62.08,61.25,60.46,60.05,59.86,59.78,59.70,59.61,59.54,59.47,59.39,59.31,59.24,59.18,59.12,59.12,59.11,59.10,59.09,59.03,59.02,59.02,59.01,58.99,58.94,58.91,58.91,58.91,58.91,58.86,58.81,58.81,58.81,58.75,58.72,58.72,58.72,58.73,58.73,58.77,58.81,58.82,58.89,58.91,58.92,58.94,59.00,59.03,59.07,59.13,59.21,59.28,59.32,59.35,59.42,59.49,59.57,59.62,59.64,59.70,59.73,59.80,59.95,60.19,60.95,62.32,64.08,65.95,67.81,69.29,70.18,70.41,70.57,70.53,70.42,70.24,69.77,67.92,65.80,64.84,66.10,67.50,68.79,69.75,70.32,70.65,70.91,70.99,70.90,70.63,70.31,69.54,68.22,66.50,65.50,66.25,67.60,68.95,69.91,70.50,71.04,71.61,72.22,72.84,73.45,74.03,74.57,75.04,75.56,75.97,76.21,76.15,75.95,75.71,75.43,75.11,74.93,74.72,74.53,74.35,74.13,73.96,73.88,74.00,74.46,74.85,75.34,75.88,76.42,76.95,77.44,77.94,78.37,78.51,78.54,78.39,78.15,77.88,77.73,77.65,77.66,77.70,77.67,78.03,78.72,80.06,82.64,86.75,90.48,94.03,97.55,100.79,103.06,104.99,106.78,108.33,109.39,109.66,109.53,109.23,108.70,108.05,107.38,106.86,106.84,107.03,107.32,107.75,108.36,108.88,109.31,109.50,109.11,107.49,105.94,104.38,102.78,101.13,99.55,98.28,97.19,96.14,95.06,93.69,92.30,90.98,89.57,87.91,85.56,83.02,81.09,79.83,79.33,79.28,79.55,79.98,80.70,80.47,79.35,78.12,76.75,75.35,74.40,74.43,75.42,76.81,78.29,79.96,82.26,84.63,86.63,87.44,86.04,84.25,82.58,81.02,79.70,79.08
89.68,89.52,89.48,89.51,89.21,87.88,85.84,83.90,82.61,81.75,80.78,79.72,78.58,77.48,76.66,76.08,75.63,75.20,74.78,74.44,74.11,73.74,73.40,73.15,72.83,72.42,71.88,71.29,70.54,69.73,68.92,68.07,67.25,66.42,65.58,64.81,64.00,63.20,62.41,61.60,60.83,60.31,60.00,59.84,59.75,59.68,59.60,59.53,59.44,59.34,59.25,59.17,59.10,59.06,59.05,59.05,59.05,59.01,58.97,58.95,58.95,58.95,58.91,58.88,58.85,58.85,58.85,58.79,58.76,58.76,58.75,58.68,58.66,58.66,58.66,58.66,58.66,58.69,58.75,58.76,58.79,58.83,58.85,58.86,58.94,58.95,58.98,59.06,59.11,59.17,59.21,59.23,59.30,59.38,59.44,59.48,59.52,59.55,59.59,59.65,59.73,59.86,60.30,61.30,62.75,64.43,66.15,67.81,69.06,69.68,70.03,70.12,70.03,69.69,68.71,66.83,64.81,63.98,65.30,66.68,68.04,69.22,70.05,70.42,70.67,70.74,70.65,70.36,69.66,68.61,67.16,65.64,65.45,66.91,68.49,69.63,70.23,70.71,71.18,71.69,72.28,72.85,73.47,74.06,74.61,75.08,75.50,75.70,75.71,75.54,75.32,75.11,74.84,74.48,74.21,74.00,73.81,73.61,73.42,73.23,73.25,73.50,73.95,74.34,74.84,75.38,75.93,76.46,76.97,77.49,77.93,78.05,77.98,77.79,77.54,77.28,77.09,76.96,76.92,76.94,76.94,77.61,78.58,80.20,83.18,87.34,91.16,94.76,98.19,101.15,103.63,105.89,107.94,109.56,110.44,110.56,110.26,109.70,109.02,108.16,107.15,106.21,105.90,105.97,106.34,106.84,107.39,107.94,108.42,108.68,108.50,107.55,106.24,104.76,103.18,101.58,100.38,99.48,98.67,97.76,96.66,95.41,94.18,93.01,91.80,90.45,88.17,85.41,83.01,81.59,81.22,81.34,81.70,82.31,82.77,81.86,79.98,78.52,77.14,75.75,74.94,75.28,76.22,77.44,78.82,80.50,82.95,85.50,87.32,87.75,86.15,84.44,82.85,81.34,80.07,79.62
88.34,87.89,87.74,87.78,87.31,85.43,83.15,81.50,80.91,80.20,79.52,78.75,77.85,76.95,76.24,75.93,75.84,75.80,75.73,75.42,75.01,74.56,74.17,73.85,73.45,72.91,72.22,71.47,70.70,69.91,69.07,68.23,67.45,66.65,65.82,65.05,64.27,63.54,62.80,62.03,61.28,60.69,60.24,59.96,59.83,59.75,59.66,59.58,59.49,59.36,59.26,59.18,59.11,59.03,59.00,58.99,58.99,58.98,58.93,58.90,58.89,58.89,58.89,58.84,58.80,58.80,58.79,58.73,58.70,58.70,58.69,58.61,58.59,58.59,58.59,58.59,58.59,58.63,58.68,58.69,58.70,58.74,58.80,58.80,58.86,58.88,58.91,58.97,58.98,59.04,59.07,59.10,59.18,59.25,59.28,59.31,59.37,59.38,59.44,59.52,59.61,59.76,59.86,60.41,61.41,62.74,64.19,65.88,67.42,68.48,69.02,69.24,69.11,68.51,67.05,65.27,63.64,63.12,64.43,65.82,67.21,68.56,69.69,70.20,70.47,70.53,70.42,70.06,68.85,67.46,65.99,64.89,65.75,67.69,69.28,70.16,70.52,70.96,71.38,71.83,72.36,72.89,73.47,74.08,74.66,75.08,75.31,75.27,75.08,74.91,74.69,74.51,74.27,73.90,73.51,73.28,73.08,72.88,72.70,72.51,72.64,72.99,73.42,73.82,74.33,74.87,75.42,75.96,76.50,77.03,77.47,77.57,77.40,77.17,76.94,76.70,76.48,76.30,76.22,76.20,76.28,77.23,78.42,80.17,83.23,87.34,91.02,94.40,97.65,100.78,103.62,106.28,108.66,110.36,110.89,110.93,110.65,110.01,109.15,108.03,106.69,105.39,104.87,104.91,105.35,105.91,106.40,106.94,107.39,107.60,107.39,106.57,105.29,103.94,102.63,101.44,100.83,100.44,99.97,99.27,98.36,97.26,96.15,95.05,93.89,92.81,90.56,87.65,85.19,83.82,83.69,84.03,84.53,85.20,84.80,82.85,80.20,78.59,77.32,76.09,75.51,76.15,77.12,78.22,79.63,81.49,83.89,86.49,87.91,87.89,86.42,84.88,83.34,81.84,80.63,80.35
86.84,85.86,85.09,84.56,83.98,82.24,80.88,80.12,79.80,79.28,78.63,77.97,77.45,77.35,77.20,77.09,77.02,76.93,76.68,76.28,75.86,75.43,74.93,74.38,73.75,73.06,72.36,71.60,70.86,70.11,69.32,68.53,67.80,67.04,66.25,65.48,64.70,63.95,63.19,62.43,61.76,61.18,60.69,60.28,59.94,59.81,59.73,59.64,59.51,59.41,59.32,59.25,59.16,59.08,58.99,58.92,58.92,58.92,58.91,58.87,58.83,58.83,58.83,58.81,58.77,58.73,58.73,58.71,58.67,58.63,58.62,58.55,58.52,58.52,58.52,58.52,58.52,58.54,58.57,58.62,58.63,58.67,58.73,58.73,58.75,58.76,58.76,58.80,58.85,58.88,58.91,58.98,59.05,59.08,59.12,59.16,59.20,59.24,59.31,59.39,59.48,59.63,59.68,59.90,60.30,60.89,62.13,63.65,65.04,66.03,66.50,66.67,66.41,65.69,64.53,62.84,61.96,62.14,63.38,64.80,66.21,67.62,68.95,69.91,70.24,70.33,70.29,69.87,68.31,66.44,64.97,64.61,66.20,68.26,69.69,70.39,70.77,71.17,71.60,72.05,72.54,73.02,73.53,74.09,74.63,74.86,74.82,74.68,74.49,74.29,74.11,73.91,73.67,73.37,72.94,72.59,72.35,72.16,71.97,71.88,72.12,72.50,72.82,73.24,73.76,74.32,74.91,75.45,75.99,76.53,76.95,77.02,76.83,76.59,76.36,76.13,75.90,75.69,75.56,75.57,75.90,76.95,78.11,79.50,81.75,85.75,89.35,92.68,96.03,99.53,102.75,105.93,108.81,110.62,111.02,110.98,110.73,110.11,108.75,107.31,105.85,104.53,103.83,103.92,104.37,104.92,105.45,106.03,106.33,106.42,106.28,105.59,104.34,103.23,102.39,101.76,101.36,101.00,100.62,100.31,100.45,99.42,98.19,97.19,96.27,95.19,92.63,89.56,87.55,86.45,86.56,87.18,87.87,88.10,85.90,82.60,79.57,78.42,77.38,76.50,76.27,77.08,78.12,79.32,81.37,84.02,85.82,88.08,88.79,88.10,86.73,85.25,83.76,82.33,81.22,81.09
87.26,86.28,85.23,84.22,83.29,81.47,80.20,79.54,79.27,78.86,78.42,78.06,77.89,78.22,78.42,78.38,78.21,77.98,77.55,77.02,76.51,76.03,75.45,74.76,74.03,73.30,72.59,71.85,71.14,70.43,69.68,68.91,68.18,67.43,66.66,65.89,65.11,64.35,63.60,62.85,62.24,61.69,61.14,60.60,60.08,59.86,59.76,59.67,59.54,59.46,59.39,59.31,59.22,59.12,59.00,58.92,58.89,58.87,58.87,58.84,58.79,58.77,58.77,58.77,58.73,58.67,58.66,58.66,58.63,58.56,58.56,58.52,58.48,58.47,58.47,58.47,58.47,58.47,58.48,58.52,58.55,58.59,58.63,58.63,58.63,58.63,58.63,58.64,58.69,58.72,58.77,58.84,58.89,58.92,58.96,59.00,59.04,59.11,59.19,59.28,59.38,59.48,59.50,59.58,59.73,59.93,60.71,61.66,62.60,63.41,63.84,63.94,63.55,62.81,62.15,61.06,60.75,61.19,62.26,63.68,65.09,66.49,67.87,69.06,69.64,69.91,69.87,69.18,67.55,65.61,64.33,64.54,66.51,68.65,70.00,70.56,70.98,71.39,71.84,72.29,72.73,73.19,73.66,74.09,74.41,74.43,74.25,74.06,73.88,73.66,73.50,73.31,73.09,72.83,72.40,71.98,71.66,71.44,71.25,71.29,71.58,71.93,72.20,72.69,73.22,73.79,74.37,74.94,75.51,76.09,76.50,76.40,76.16,75.94,75.73,75.49,75.26,75.05,74.88,74.91,75.53,76.61,77.74,78.92,80.60,84.10,87.43,90.76,94.50,99.00,102.45,105.75,108.79,110.61,111.09,111.05,110.78,110.13,108.40,106.45,104.84,103.66,102.82,102.94,103.39,103.92,104.49,105.05,105.24,105.28,105.22,104.81,103.91,103.11,102.59,102.23,101.89,101.54,101.18,100.97,101.43,101.48,100.97,100.03,99.04,97.98,95.83,93.31,91.53,90.02,89.94,90.44,90.74,89.92,86.59,82.66,79.56,78.69,77.82,77.08,76.97,77.88,78.91,80.97,83.91,86.92,88.08,89.38,89.35,88.30,86.98,85.57,84.14,82.81,81.88,81.92
89.32,88.70,87.67,86.35,84.94,82.84,80.97,79.75,79.29,78.89,78.82,78.86,79.01,79.43,79.75,79.64,79.28,78.85,78.28,77.63,76.99,76.39,75.77,75.04,74.31,73.61,72.92,72.22,71.52,70.82,70.10,69.33,68.57,67.81,67.04,66.27,65.50,64.77,64.04,63.31,62.74,62.18,61.57,60.90,60.25,59.92,59.77,59.69,59.60,59.53,59.45,59.36,59.28,59.14,59.04,58.97,58.89,58.83,58.81,58.80,58.77,58.72,58.70,58.70,58.67,58.62,58.60,58.60,58.56,58.51,58.50,58.50,58.45,58.41,58.41,58.41,58.40,58.40,58.40,58.41,58.47,58.50,58.51,58.51,58.50,58.50,58.50,58.50,58.51,58.57,58.64,58.70,58.72,58.77,58.80,58.84,58.91,58.98,59.06,59.17,59.28,59.30,59.31,59.40,59.55,59.70,59.88,60.07,60.41,60.94,61.36,61.41,60.94,60.27,60.17,59.97,59.99,60.33,61.13,62.46,63.85,65.21,66.51,67.70,68.63,69.16,69.08,68.03,66.54,64.87,63.96,64.59,66.69,68.90,70.21,70.69,71.14,71.60,72.06,72.51,72.91,73.34,73.77,74.03,74.04,73.85,73.63,73.44,73.26,73.03,72.87,72.70,72.52,72.26,71.88,71.44,71.02,70.69,70.54,70.70,70.99,71.30,71.59,72.16,72.71,73.27,73.83,74.45,75.06,75.71,76.10,75.74,75.43,75.21,75.01,74.79,74.56,74.38,74.20,74.25,75.14,76.22,77.37,78.51,79.89,82.68,85.71,89.13,93.44,99.16,102.63,105.70,108.58,110.31,111.05,111.10,110.80,110.03,107.94,105.38,103.61,102.69,101.82,101.96,102.41,102.94,103.54,104.00,104.14,104.22,104.34,104.31,103.93,103.50,103.11,102.78,102.42,102.08,101.70,101.35,101.50,103.22,104.07,103.38,102.29,101.38,100.19,98.65,96.76,94.27,93.49,93.33,92.72,90.63,86.97,83.09,80.10,79.30,78.52,77.77,77.63,78.53,79.57,83.04,86.91,89.76,90.36,90.34,89.63,88.48,87.17,85.85,84.48,83.30,82.63,82.83
92.00,91.29,90.24,88.92,87.43,85.22,83.04,81.26,80.13,79.57,79.62,79.94,80.35,80.76,81.13,80.69,79.84,79.18,78.55,77.91,77.28,76.66,76.03,75.33,74.63,73.94,73.29,72.60,71.90,71.19,70.43,69.63,68.92,68.22,67.48,66.70,65.94,65.18,64.46,63.80,63.24,62.60,61.91,61.22,60.58,60.11,59.85,59.75,59.66,59.58,59.51,59.42,59.29,59.19,59.10,59.03,58.95,58.87,58.82,58.77,58.73,58.70,58.65,58.63,58.63,58.59,58.55,58.54,58.50,58.44,58.44,58.44,58.38,58.34,58.34,58.34,58.30,58.30,58.34,58.34,58.36,58.41,58.44,58.43,58.39,58.38,58.38,58.38,58.38,58.44,58.49,58.53,58.58,58.61,58.65,58.70,58.78,58.86,58.94,59.01,59.05,59.06,59.14,59.24,59.36,59.50,59.54,59.64,59.80,60.01,60.22,60.25,60.02,59.70,59.66,59.63,59.72,59.92,60.32,61.17,62.40,63.73,64.98,66.03,66.94,67.48,67.47,66.55,65.17,63.72,63.33,64.72,66.92,69.02,70.25,70.70,71.16,71.63,72.12,72.61,73.02,73.26,73.41,73.51,73.50,73.33,73.10,72.89,72.68,72.45,72.25,72.07,71.89,71.65,71.35,70.89,70.42,70.01,69.72,69.94,70.31,70.69,71.05,71.60,72.18,72.79,73.44,74.10,74.77,75.36,75.63,75.16,74.75,74.45,74.22,74.03,73.81,73.63,73.51,73.69,74.75,75.95,77.19,78.40,79.74,82.49,85.92,89.94,94.62,99.72,102.75,105.25,107.58,109.35,110.52,110.87,110.67,109.59,106.24,103.42,101.72,101.01,100.65,100.90,101.42,102.08,102.75,102.95,103.13,103.58,104.28,104.61,104.37,103.98,103.61,103.30,102.97,102.62,102.19,101.69,101.53,103.44,105.37,106.45,106.81,106.74,106.10,104.57,101.65,98.15,95.47,93.38,91.59,89.73,87.04,83.67,80.65,79.84,79.06,78.44,78.32,79.06,80.49,85.20,89.13,90.86,91.45,90.88,89.84,88.62,87.31,86.04,84.69,83.76,83.56,83.79
94.83,93.95,92.77,91.39,89.86,87.77,85.50,83.41,81.84,81.01,81.00,81.37,81.86,82.23,82.25,81.35,80.13,79.31,78.64,78.02,77.39,76.76,76.12,75.42,74.71,74.03,73.40,72.74,72.07,71.37,70.63,69.82,69.17,68.53,67.85,67.12,66.35,65.59,64.88,64.27,63.69,63.00,62.28,61.62,61.00,60.45,60.05,59.83,59.73,59.65,59.56,59.45,59.32,59.25,59.16,59.08,59.01,58.93,58.84,58.77,58.72,58.69,58.62,58.60,58.59,58.56,58.51,58.48,58.45,58.39,58.38,58.38,58.32,58.27,58.27,58.27,58.22,58.20,58.25,58.25,58.27,58.31,58.35,58.34,58.29,58.26,58.25,58.25,58.25,58.30,58.33,58.37,58.41,58.44,58.50,58.58,58.66,58.73,58.79,58.82,58.82,58.83,58.96,59.07,59.16,59.29,59.32,59.42,59.50,59.51,59.58,59.60,59.57,59.50,59.44,59.42,59.52,59.66,59.81,60.22,61.09,62.18,63.32,64.25,65.12,65.66,65.69,64.93,63.73,62.86,63.17,65.02,67.16,69.12,70.25,70.70,71.16,71.63,72.13,72.59,72.90,72.98,72.95,72.93,72.92,72.81,72.60,72.37,72.13,71.90,71.67,71.48,71.28,71.05,70.81,70.29,69.68,69.09,68.69,68.93,69.45,70.03,70.57,71.13,71.75,72.41,73.08,73.78,74.47,74.99,75.13,74.59,74.12,73.74,73.45,73.27,73.05,72.88,72.86,73.21,74.34,75.61,76.91,78.18,79.59,82.39,86.25,90.64,95.28,99.50,102.13,104.18,106.08,107.87,109.35,109.99,109.69,107.95,103.91,101.33,100.00,99.54,99.57,99.90,100.50,101.25,101.94,102.17,102.65,103.53,104.63,105.09,104.87,104.50,104.15,103.84,103.53,103.13,102.62,102.03,101.63,103.42,105.93,108.23,109.63,110.22,109.69,107.78,104.01,99.61,95.53,92.26,90.06,88.58,86.81,84.06,81.23,80.38,79.61,79.09,78.98,79.67,82.03,87.07,90.59,91.59,92.23,91.36,90.12,88.84,87.49,86.19,84.97,84.34,84.52,84.77
97.67,96.62,95.18,93.56,91.95,90.24,88.17,86.17,84.62,83.45,83.16,83.28,83.59,83.86,82.97,81.51,80.12,79.29,78.59,77.95,77.31,76.62,75.93,75.19,74.46,73.77,73.09,72.51,71.90,71.27,70.62,69.92,69.27,68.69,68.11,67.46,66.72,65.99,65.31,64.69,64.03,63.38,62.75,62.12,61.51,60.95,60.40,59.94,59.80,59.72,59.59,59.47,59.39,59.31,59.22,59.15,59.07,58.99,58.86,58.79,58.77,58.70,58.63,58.60,58.57,58.52,58.50,58.45,58.41,58.38,58.32,58.31,58.27,58.22,58.22,58.21,58.16,58.12,58.13,58.13,58.18,58.21,58.22,58.22,58.21,58.16,58.12,58.12,58.12,58.13,58.17,58.22,58.24,58.30,58.37,58.45,58.52,58.60,58.63,58.63,58.63,58.64,58.77,58.88,58.96,59.04,59.11,59.20,59.25,59.26,59.33,59.34,59.34,59.31,59.25,59.23,59.33,59.48,59.64,59.84,60.08,60.63,61.52,62.43,63.28,63.85,63.92,63.20,62.28,62.58,63.79,65.58,67.42,69.22,70.29,70.70,71.16,71.63,72.09,72.42,72.48,72.49,72.49,72.42,72.32,72.28,72.09,71.86,71.63,71.39,71.16,70.94,70.71,70.47,70.22,69.59,68.71,67.82,67.38,67.64,68.39,69.31,70.18,70.81,71.48,72.14,72.78,73.47,74.16,74.56,74.56,74.03,73.55,73.10,72.75,72.52,72.28,72.11,72.24,72.81,73.90,75.12,76.40,77.73,79.30,82.05,86.13,90.47,94.50,98.00,100.39,102.28,104.03,105.78,107.33,108.13,107.44,104.64,101.03,99.34,98.71,98.58,98.68,99.03,99.69,100.44,101.08,101.86,102.98,104.25,105.35,105.64,105.38,105.03,104.72,104.41,104.09,103.60,103.00,102.39,101.85,103.46,105.86,108.15,109.50,110.19,109.19,106.60,102.55,97.45,93.10,90.20,88.79,87.51,86.23,84.15,81.87,80.98,80.25,79.79,79.67,80.56,84.44,88.49,91.14,92.25,92.84,91.85,90.52,89.17,87.73,86.29,85.39,85.13,85.47,85.77
99.54,98.58,97.13,95.40,93.70,92.07,90.38,88.78,87.35,85.95,85.53,85.49,85.35,84.59,83.08,81.34,79.90,79.18,78.48,77.81,77.14,76.44,75.74,74.99,74.23,73.50,72.77,72.14,71.52,70.91,70.29,69.72,69.13,68.58,68.03,67.44,66.81,66.15,65.53,64.98,64.38,63.82,63.25,62.63,62.01,61.39,60.73,60.14,59.88,59.74,59.63,59.53,59.45,59.36,59.26,59.16,59.09,59.00,58.90,58.83,58.79,58.75,58.67,58.62,58.58,58.55,58.51,58.47,58.43,58.38,58.31,58.30,58.28,58.24,58.20,58.16,58.12,58.08,58.05,58.05,58.08,58.09,58.09,58.09,58.09,58.04,58.00,58.00,58.00,58.00,58.01,58.05,58.10,58.17,58.25,58.31,58.34,58.39,58.39,58.41,58.45,58.50,58.60,58.69,58.76,58.80,58.87,58.95,59.00,59.01,59.08,59.09,59.09,59.08,59.01,59.03,59.14,59.30,59.45,59.61,59.70,59.95,60.42,60.95,61.54,62.04,62.19,61.71,61.57,62.55,64.09,65.80,67.53,69.24,70.25,70.64,71.07,71.53,71.91,72.11,72.04,72.00,72.01,71.97,71.83,71.74,71.60,71.40,71.17,70.94,70.71,70.48,70.16,69.72,69.25,68.51,67.58,66.72,66.55,67.30,68.41,69.47,70.21,70.81,71.41,72.03,72.64,73.26,73.91,74.17,74.00,73.50,72.99,72.52,72.09,71.77,71.53,71.35,71.63,72.42,73.49,74.50,75.77,77.19,78.69,80.74,84.98,89.52,93.26,96.26,98.46,100.25,101.84,103.34,104.54,105.08,104.30,101.88,99.63,98.39,97.77,97.56,97.75,98.40,99.26,100.21,101.21,102.36,103.67,105.01,106.11,106.19,105.92,105.60,105.29,104.96,104.55,104.00,103.38,102.76,102.19,103.58,105.81,107.93,108.66,107.63,105.27,102.20,98.75,94.47,91.25,89.16,87.95,86.69,85.53,84.14,82.77,82.17,81.59,81.83,82.33,83.20,86.99,90.19,92.47,93.66,93.38,92.00,90.51,89.13,87.77,86.35,85.94,86.11,86.51,86.79
100.87,100.04,98.71,97.02,95.31,93.73,92.39,91.17,89.90,88.40,87.80,87.50,86.86,85.00,83.00,81.10,79.67,79.03,78.34,77.64,76.95,76.25,75.55,74.80,74.03,73.25,72.47,71.77,71.11,70.48,69.88,69.39,68.86,68.33,67.79,67.24,66.71,66.12,65.53,65.03,64.49,64.01,63.48,62.88,62.28,61.66,60.97,60.31,59.94,59.76,59.66,59.57,59.49,59.42,59.29,59.17,59.09,59.01,58.93,58.86,58.81,58.79,58.72,58.65,58.61,58.59,58.53,58.51,58.46,58.39,58.34,58.33,58.33,58.31,58.24,58.16,58.14,58.09,58.03,58.02,58.01,57.99,57.98,57.97,57.97,57.92,57.88,57.87,57.87,57.87,57.87,57.89,57.97,58.04,58.11,58.16,58.16,58.16,58.16,58.19,58.26,58.34,58.41,58.48,58.54,58.55,58.61,58.70,58.74,58.75,58.82,58.84,58.84,58.84,58.78,58.84,58.97,59.12,59.26,59.41,59.51,59.59,59.68,59.84,60.15,60.54,60.74,60.58,61.22,62.62,64.28,65.90,67.54,69.14,70.12,70.55,70.94,71.37,71.68,71.78,71.63,71.53,71.55,71.50,71.35,71.20,71.10,70.94,70.70,70.45,70.16,69.87,69.44,68.80,68.09,67.28,66.38,65.65,65.86,67.13,68.60,69.76,70.33,70.87,71.41,71.96,72.53,73.03,73.58,73.72,73.48,73.05,72.53,72.02,71.53,71.08,70.77,70.58,70.94,71.83,72.76,73.63,74.91,76.43,77.86,79.30,83.42,88.04,91.80,94.41,96.45,98.22,99.78,101.03,101.76,101.90,101.16,99.55,98.58,97.63,96.88,96.57,96.98,97.96,99.02,100.19,101.66,103.11,104.46,105.80,106.86,106.75,106.47,106.17,105.85,105.50,104.97,104.38,103.76,103.14,102.56,103.72,105.72,107.50,107.27,104.59,101.38,98.41,95.82,92.64,90.33,88.73,87.58,86.38,85.32,84.48,83.90,83.61,83.24,84.19,85.40,86.39,89.67,92.23,94.15,95.09,93.82,92.02,90.38,89.00,87.80,86.58,86.63,87.14,87.57,87.81
101.42,100.64,99.59,98.28,96.77,95.42,94.20,93.05,91.90,90.61,89.58,88.70,87.53,85.23,82.83,80.88,79.52,78.84,78.15,77.45,76.76,76.06,75.36,74.61,73.84,73.04,72.23,71.51,70.83,70.15,69.50,68.96,68.42,67.89,67.34,66.81,66.31,65.71,65.04,64.41,63.86,63.37,62.87,62.33,61.83,61.47,60.97,60.36,59.95,59.81,59.69,59.57,59.49,59.42,59.33,59.21,59.09,59.01,58.93,58.89,58.86,58.80,58.72,58.69,58.65,58.60,58.58,58.53,58.46,58.41,58.45,58.46,58.46,58.45,58.42,58.36,58.29,58.22,58.15,58.08,58.02,57.96,57.90,57.85,57.84,57.83,57.79,57.75,57.74,57.74,57.74,57.76,57.84,57.91,57.95,57.97,57.97,57.97,57.97,57.97,58.02,58.14,58.18,58.23,58.29,58.30,58.36,58.44,58.48,58.50,58.57,58.59,58.62,58.64,58.59,58.70,58.84,58.98,59.07,59.16,59.29,59.40,59.48,59.58,59.77,59.94,60.09,60.31,61.30,62.78,64.39,65.93,67.39,68.79,69.81,70.41,70.74,71.08,71.39,71.51,71.31,71.16,71.09,71.00,70.84,70.69,70.55,70.40,70.17,69.80,69.29,68.75,68.16,67.47,66.72,65.93,65.09,64.55,65.17,66.64,68.32,69.69,70.38,70.88,71.41,71.90,72.31,72.61,72.92,73.10,73.09,72.83,72.34,71.77,71.18,70.59,70.01,69.76,70.00,70.57,71.05,72.06,73.49,75.09,76.67,78.29,81.46,85.69,90.06,92.44,94.38,96.38,98.26,99.45,99.71,99.38,98.76,98.03,97.28,96.47,95.86,95.75,96.69,97.86,99.02,100.36,102.16,103.87,105.28,106.58,107.53,107.28,107.02,106.74,106.40,105.95,105.37,104.76,104.14,103.52,102.94,103.84,105.49,106.60,104.78,102.31,100.62,99.36,97.60,95.00,91.68,89.20,88.22,87.44,86.66,85.96,85.45,85.33,85.23,86.31,87.95,89.75,92.59,95.05,96.29,95.94,94.05,91.92,90.22,88.92,87.94,87.33,87.61,88.18,88.64,88.83
102.07,101.30,100.41,99.41,98.38,97.24,96.07,94.88,93.63,92.33,91.01,89.64,87.97,85.48,82.91,80.84,79.41,78.66,77.96,77.26,76.57,75.87,75.17,74.39,73.60,72.82,72.01,71.27,70.56,69.87,69.19,68.57,68.02,67.48,66.94,66.40,65.90,65.28,64.58,63.90,63.29,62.76,62.25,61.72,61.26,60.93,60.56,60.18,59.93,59.83,59.72,59.60,59.50,59.42,59.34,59.22,59.10,59.05,58.97,58.92,58.89,58.84,58.77,58.72,58.68,58.64,58.61,58.56,58.54,58.54,58.58,58.59,58.59,58.59,58.61,58.55,58.47,58.39,58.32,58.27,58.20,58.16,58.12,58.02,57.98,57.92,57.85,57.78,57.72,57.67,57.64,57.63,57.67,57.72,57.73,57.73,57.74,57.76,57.77,57.79,57.84,57.92,57.96,58.00,58.04,58.08,58.12,58.19,58.23,58.25,58.32,58.34,58.38,58.42,58.40,58.52,58.65,58.77,58.87,58.95,59.07,59.19,59.28,59.37,59.48,59.61,59.77,60.10,61.20,62.62,64.09,65.52,66.89,68.18,69.27,70.05,70.45,70.75,71.03,71.16,71.02,70.84,70.68,70.53,70.36,70.11,69.81,69.50,69.19,68.74,68.15,67.51,66.83,66.09,65.33,64.55,63.77,63.41,64.42,65.98,67.59,68.94,69.77,70.42,70.96,71.43,71.80,72.01,72.21,72.40,72.53,72.47,72.14,71.62,71.04,70.47,69.81,69.04,68.75,69.03,69.58,70.67,72.17,73.85,75.58,77.48,80.57,84.34,88.07,90.39,92.58,94.90,96.96,97.83,97.65,97.06,96.51,96.14,95.60,95.03,94.95,95.57,96.86,98.12,99.39,100.90,102.84,104.50,106.02,107.31,108.11,107.84,107.58,107.31,106.94,106.40,105.80,105.18,104.56,103.94,103.36,103.97,104.88,105.07,103.11,101.49,100.70,100.20,99.21,97.68,94.98,92.38,90.52,88.92,88.07,87.43,86.98,87.05,87.25,88.73,91.03,93.64,96.15,97.71,97.86,96.54,94.38,92.12,90.31,89.00,88.18,88.05,88.51,89.19,89.77,89.86
102.74,101.96,101.14,100.40,99.90,98.95,97.86,96.60,95.14,93.68,92.13,90.35,88.27,85.72,83.11,80.91,79.33,78.51,77.79,77.08,76.38,75.68,74.97,74.16,73.36,72.59,71.81,71.03,70.30,69.60,68.92,68.24,67.65,67.10,66.55,66.02,65.48,64.84,64.14,63.45,62.76,62.17,61.62,61.09,60.65,60.30,60.05,59.91,59.88,59.83,59.74,59.64,59.51,59.42,59.34,59.23,59.11,59.09,59.02,58.96,58.91,58.88,58.81,58.75,58.71,58.68,58.63,58.63,58.66,58.71,58.71,58.71,58.72,58.75,58.79,58.73,58.66,58.58,58.52,58.50,58.45,58.46,58.47,58.34,58.27,58.14,58.02,57.93,57.79,57.70,57.63,57.57,57.56,57.55,57.53,57.52,57.52,57.56,57.58,57.61,57.67,57.69,57.74,57.78,57.80,57.86,57.88,57.94,57.98,57.99,58.06,58.08,58.12,58.18,58.20,58.33,58.44,58.54,58.67,58.76,58.85,58.96,59.09,59.18,59.28,59.45,59.65,59.94,60.98,62.25,63.55,64.87,66.19,67.44,68.59,69.53,70.05,70.36,70.61,70.76,70.72,70.52,70.27,70.02,69.74,69.34,68.85,68.37,67.92,67.44,66.87,66.20,65.47,64.70,63.92,63.15,62.46,62.30,63.63,65.13,66.48,67.64,68.58,69.44,70.17,70.75,71.15,71.32,71.48,71.68,71.88,71.99,71.88,71.49,71.00,70.51,69.88,68.41,67.43,67.41,68.29,69.43,70.95,72.72,74.64,76.88,80.23,83.52,86.21,88.59,91.16,93.81,95.87,96.09,95.52,94.83,94.32,94.08,93.77,93.64,94.32,95.78,97.26,98.56,99.97,101.67,103.67,105.22,106.79,108.05,108.65,108.41,108.16,107.86,107.46,106.85,106.23,105.61,104.99,104.38,103.78,104.05,104.13,103.48,102.13,101.55,101.25,100.97,100.61,100.20,98.82,96.63,93.88,91.30,90.07,89.22,88.64,88.92,89.49,91.50,94.41,97.44,99.52,99.93,98.97,97.00,94.78,92.50,90.62,89.26,88.58,88.78,89.40,90.22,90.97,90.95
103.32,102.47,101.66,101.02,100.60,99.98,99.12,97.94,96.31,94.47,92.56,90.60,88.46,85.86,83.24,80.98,79.33,78.49,77.73,76.94,76.19,75.48,74.73,73.95,73.16,72.39,71.61,70.80,69.98,69.27,68.66,67.97,67.31,66.69,66.13,65.63,65.05,64.39,63.70,63.00,62.31,61.65,61.03,60.49,60.17,60.02,59.91,59.84,59.83,59.81,59.75,59.66,59.55,59.43,59.34,59.25,59.16,59.10,59.03,58.99,58.95,58.90,58.82,58.78,58.75,58.71,58.73,58.78,58.82,58.84,58.84,58.84,58.87,58.91,58.93,58.91,58.84,58.77,58.71,58.70,58.69,58.72,58.76,58.71,58.64,58.50,58.38,58.29,58.14,58.05,57.97,57.89,57.78,57.67,57.57,57.48,57.42,57.34,57.32,57.36,57.42,57.43,57.50,57.53,57.55,57.62,57.63,57.68,57.73,57.74,57.81,57.82,57.86,57.94,58.00,58.14,58.25,58.33,58.44,58.56,58.65,58.74,58.86,59.04,59.22,59.41,59.59,59.87,60.61,61.66,62.85,64.13,65.43,66.68,67.84,68.80,69.39,69.86,70.17,70.32,70.30,70.19,69.78,69.17,68.48,67.93,67.39,66.89,66.43,65.95,65.50,64.84,64.08,63.30,62.48,61.70,61.26,61.49,62.77,63.82,64.64,65.41,66.27,67.22,68.83,70.08,70.51,70.64,70.77,70.98,71.20,71.38,71.42,71.20,70.86,70.45,69.81,67.90,66.36,66.02,67.21,68.51,69.95,71.73,74.15,76.83,79.88,82.84,85.49,88.09,90.88,93.65,95.24,93.88,93.11,92.52,92.13,92.00,92.15,93.25,94.69,96.17,97.61,98.96,100.64,102.62,104.71,106.56,107.94,108.86,109.24,109.03,108.75,108.36,107.85,107.23,106.62,106.00,105.38,104.76,104.15,103.95,103.66,103.09,102.48,102.21,101.98,101.75,101.50,101.28,100.64,99.58,98.19,96.64,94.61,92.48,91.01,91.49,92.64,95.15,97.85,99.65,100.72,100.50,99.34,97.45,95.28,93.07,91.24,89.96,89.44,89.61,90.42,91.47,92.34,92.36
103.56,102.86,102.16,101.57,101.13,100.67,100.00,98.95,97.37,95.28,93.05,90.78,88.44,85.89,83.34,81.09,79.42,78.58,77.78,76.94,76.15,75.40,74.56,73.74,72.93,72.13,71.32,70.44,69.57,68.84,68.28,67.62,66.97,66.33,65.74,65.22,64.61,63.95,63.25,62.56,61.89,61.20,60.58,60.10,59.93,59.88,59.84,59.79,59.77,59.77,59.72,59.65,59.58,59.44,59.34,59.26,59.19,59.14,59.06,59.02,58.98,58.93,58.85,58.81,58.78,58.75,58.82,58.89,58.95,58.97,58.97,58.99,59.03,59.06,59.07,59.09,59.03,58.96,58.90,58.92,58.93,58.98,59.02,59.02,59.00,58.88,58.76,58.67,58.55,58.46,58.37,58.25,58.10,57.95,57.81,57.69,57.58,57.43,57.35,57.33,57.32,57.28,57.27,57.29,57.32,57.37,57.40,57.44,57.48,57.51,57.59,57.61,57.64,57.72,57.81,57.95,58.05,58.13,58.22,58.37,58.48,58.59,58.75,58.97,59.20,59.39,59.56,59.84,60.37,61.27,62.36,63.51,64.70,65.92,67.06,68.00,68.57,69.01,69.28,69.40,69.41,69.34,68.83,68.04,67.14,66.41,65.83,65.33,64.88,64.44,64.07,63.50,62.80,62.06,61.23,60.59,60.38,60.70,61.61,62.16,62.57,63.05,63.82,64.94,66.88,68.47,69.15,69.28,69.52,69.95,70.44,70.72,70.83,70.62,70.16,69.44,68.43,66.38,64.85,64.64,66.01,67.44,68.92,70.80,73.57,76.70,79.98,83.11,85.98,88.66,91.31,93.36,93.91,91.82,90.97,90.61,90.47,90.58,91.16,93.01,95.00,96.70,98.23,99.73,101.53,103.55,105.64,107.72,109.18,109.93,109.98,109.67,109.30,108.81,108.24,107.64,107.00,106.36,105.72,105.08,104.49,104.17,103.84,103.47,103.24,103.08,102.87,102.64,102.41,102.23,101.88,101.43,100.86,100.07,98.25,96.18,94.63,94.78,96.03,98.16,100.11,101.06,101.33,100.70,99.42,97.67,95.64,93.53,91.95,90.98,90.67,90.93,91.81,92.89,93.75,93.70
103.42,103.11,102.61,102.08,101.58,101.11,100.52,99.67,98.31,96.10,93.56,90.88,88.21,85.82,83.44,81.28,79.65,78.79,77.95,77.11,76.30,75.48,74.50,73.57,72.69,71.84,70.97,70.00,69.11,68.38,67.82,67.20,66.63,66.04,65.42,64.82,64.20,63.54,62.85,62.17,61.54,60.86,60.29,59.95,59.90,59.84,59.81,59.78,59.72,59.70,59.66,59.60,59.57,59.44,59.34,59.26,59.21,59.19,59.12,59.05,59.00,58.98,58.91,58.84,58.80,58.81,58.89,58.96,59.03,59.09,59.10,59.16,59.18,59.19,59.21,59.27,59.22,59.15,59.11,59.16,59.18,59.23,59.28,59.29,59.34,59.26,59.14,59.07,58.98,58.90,58.79,58.63,58.48,58.33,58.21,58.10,57.96,57.80,57.66,57.52,57.39,57.26,57.13,57.10,57.14,57.15,57.20,57.22,57.25,57.32,57.40,57.41,57.45,57.53,57.62,57.76,57.87,57.94,58.03,58.18,58.33,58.51,58.73,58.96,59.19,59.38,59.56,59.81,60.25,61.09,62.08,63.04,64.03,65.19,66.27,67.12,67.56,67.80,67.93,68.01,68.06,68.00,67.42,66.65,65.81,64.89,64.25,63.75,63.31,62.93,62.61,62.18,61.65,61.01,60.23,59.88,59.82,59.96,60.27,60.38,60.52,60.81,61.47,62.79,64.36,65.88,67.00,67.19,67.62,68.44,69.32,69.67,69.80,69.49,68.71,67.39,65.70,63.85,62.91,63.24,64.69,66.23,67.87,69.95,72.91,76.47,80.47,84.28,87.52,90.03,92.18,92.79,91.88,90.01,89.19,89.12,89.37,89.83,90.76,92.81,95.12,97.27,99.10,100.80,102.57,104.43,106.41,108.59,110.34,111.13,110.83,110.33,109.80,109.22,108.61,108.05,107.37,106.68,106.00,105.37,104.86,104.76,104.68,104.48,104.25,104.08,103.88,103.66,103.42,103.20,102.80,102.34,101.85,101.28,100.59,99.85,99.08,98.48,99.36,100.34,101.20,101.81,101.61,100.69,99.32,97.65,95.85,93.93,92.77,92.28,92.23,92.72,93.56,94.49,95.20,94.98
102.74,102.79,102.61,102.32,101.95,101.46,100.88,100.19,99.02,96.23,93.21,90.35,87.84,85.82,83.77,81.81,80.23,79.27,78.44,77.64,76.81,75.90,74.82,73.78,72.81,71.86,70.87,69.87,69.03,68.34,67.75,67.13,66.54,65.94,65.32,64.70,64.08,63.45,62.80,62.15,61.53,60.89,60.31,59.93,59.89,59.84,59.80,59.78,59.70,59.66,59.62,59.58,59.53,59.47,59.36,59.29,59.25,59.20,59.13,59.08,59.04,58.99,58.92,58.88,58.88,58.93,59.00,59.04,59.10,59.17,59.22,59.29,59.32,59.33,59.38,59.41,59.36,59.33,59.34,59.37,59.42,59.48,59.53,59.55,59.61,59.59,59.54,59.50,59.42,59.35,59.20,59.02,58.86,58.75,58.60,58.44,58.28,58.13,57.98,57.82,57.67,57.52,57.40,57.29,57.19,57.11,57.04,57.02,57.05,57.13,57.21,57.23,57.27,57.35,57.48,57.59,57.68,57.75,57.85,58.03,58.23,58.45,58.67,58.86,59.09,59.30,59.49,59.70,60.01,60.75,61.68,62.66,63.63,64.67,65.44,65.89,66.16,66.33,66.41,66.45,66.52,66.50,66.05,65.29,64.35,63.49,62.74,62.19,61.80,61.46,61.19,60.88,60.56,60.24,59.82,59.60,59.56,59.66,59.83,59.82,59.82,59.90,60.20,60.88,61.63,62.75,64.06,64.48,65.02,65.56,65.92,65.91,66.01,65.80,65.25,64.23,62.48,61.45,61.21,61.81,63.40,65.15,67.08,69.44,72.64,76.40,80.71,85.15,89.01,90.83,91.91,91.64,90.33,88.71,87.85,88.00,88.59,89.33,90.45,92.60,95.05,97.42,99.48,101.36,103.22,105.06,106.91,109.06,110.56,111.37,111.46,110.92,110.29,109.59,108.87,108.23,107.50,106.79,106.20,105.82,105.67,105.66,105.63,105.49,105.26,105.06,104.87,104.67,104.43,104.16,103.75,103.28,102.81,102.27,101.79,101.31,100.81,100.44,101.01,101.67,102.23,102.46,101.68,100.55,99.16,97.59,96.06,94.81,94.01,93.74,94.12,94.70,95.45,96.24,96.84,96.64
102.00,102.26,102.32,102.22,101.98,101.59,101.08,100.54,99.56,96.53,93.05,90.01,87.65,85.89,84.12,82.42,80.95,79.89,79.04,78.24,77.38,76.37,75.21,74.12,73.08,72.05,70.95,69.89,69.09,68.43,67.81,67.19,66.58,65.96,65.34,64.72,64.10,63.49,62.87,62.25,61.63,61.03,60.45,60.01,59.91,59.85,59.81,59.78,59.70,59.64,59.61,59.57,59.50,59.48,59.38,59.31,59.29,59.22,59.16,59.11,59.08,59.02,58.95,58.92,58.95,59.03,59.11,59.14,59.18,59.24,59.31,59.39,59.43,59.47,59.54,59.54,59.50,59.50,59.57,59.59,59.72,60.03,60.36,60.41,60.35,60.39,60.43,60.38,60.20,59.99,59.70,59.39,59.24,59.13,58.95,58.75,58.60,58.45,58.31,58.16,58.00,57.85,57.73,57.56,57.36,57.21,57.04,56.97,56.95,56.96,57.02,57.04,57.08,57.17,57.32,57.41,57.49,57.57,57.68,57.90,58.12,58.34,58.56,58.74,58.96,59.18,59.38,59.56,59.79,60.36,61.20,62.19,63.19,64.04,64.48,64.59,64.67,64.81,64.86,64.88,64.95,64.98,64.67,63.97,62.97,62.11,61.34,60.85,60.57,60.34,60.13,59.95,59.80,59.71,59.56,59.41,59.38,59.46,59.58,59.54,59.47,59.42,59.45,59.59,59.75,60.42,61.54,62.00,62.47,62.69,62.59,62.33,62.39,62.31,62.05,61.50,60.16,59.84,60.04,60.73,62.32,64.31,66.53,69.14,72.47,76.34,80.79,85.60,89.85,91.04,91.19,90.34,88.85,87.41,86.89,87.45,88.42,89.44,90.85,93.04,95.43,97.69,99.60,101.33,103.18,105.10,107.00,109.16,110.46,111.32,111.81,111.43,110.75,109.93,109.10,108.36,107.58,106.97,106.58,106.47,106.59,106.63,106.59,106.48,106.28,106.05,105.85,105.66,105.42,105.12,104.69,104.23,103.76,103.22,102.75,102.32,101.95,101.85,102.22,102.78,103.15,102.88,101.70,100.47,99.15,97.78,96.61,95.89,95.37,95.27,95.97,96.64,97.33,97.98,98.41,98.28
101.37,101.59,101.66,101.60,101.45,101.35,101.09,100.68,99.86,97.43,93.62,90.27,87.88,86.06,84.42,83.04,81.82,80.70,79.71,78.84,77.90,76.81,75.60,74.50,73.45,72.41,71.26,70.07,69.25,68.62,68.00,67.39,66.77,66.15,65.53,64.91,64.30,63.68,63.06,62.45,61.82,61.26,60.71,60.23,59.96,59.89,59.85,59.78,59.71,59.69,59.64,59.57,59.49,59.43,59.40,59.35,59.30,59.28,59.22,59.14,59.10,59.08,59.00,58.98,59.02,59.09,59.17,59.24,59.28,59.30,59.39,59.46,59.53,59.60,59.67,59.67,59.66,59.71,59.81,59.92,60.21,61.21,62.29,62.44,62.01,62.09,62.25,62.10,61.58,61.00,60.34,59.78,59.62,59.42,59.24,59.07,58.92,58.77,58.66,58.54,58.38,58.22,58.03,57.84,57.68,57.52,57.31,57.15,57.00,56.85,56.84,56.84,56.89,56.98,57.13,57.22,57.29,57.39,57.55,57.77,57.95,58.15,58.38,58.60,58.83,59.02,59.20,59.43,59.66,60.00,60.61,61.56,62.54,63.12,63.35,63.33,63.19,63.29,63.31,63.29,63.37,63.50,63.28,62.70,61.78,60.73,60.15,59.92,59.87,59.81,59.72,59.67,59.61,59.52,59.37,59.22,59.19,59.26,59.34,59.29,59.21,59.18,59.26,59.41,59.56,59.81,60.13,60.23,60.32,60.36,60.32,60.22,60.22,60.20,60.15,60.04,59.72,59.64,59.78,60.27,61.59,63.85,66.33,69.06,72.35,76.27,80.68,85.39,89.46,90.36,90.10,88.95,87.30,85.94,86.45,87.83,89.28,90.59,92.50,94.69,96.72,98.34,99.36,100.38,102.00,104.09,106.38,108.68,110.12,111.09,111.72,111.82,111.13,110.22,109.33,108.50,107.67,107.36,107.36,107.41,107.55,107.58,107.55,107.44,107.28,107.06,106.83,106.61,106.37,106.07,105.64,105.18,104.70,104.18,103.75,103.39,103.08,102.93,103.30,103.86,103.89,102.91,101.75,100.58,99.45,98.46,97.78,97.16,96.78,96.87,97.63,98.38,99.13,99.64,99.77,99.72
100.73,100.91,100.98,100.98,100.88,100.86,100.78,100.57,99.89,97.68,93.95,90.58,88.17,86.51,85.10,83.87,82.71,81.56,80.44,79.43,78.38,77.21,75.98,74.88,73.81,72.72,71.48,70.21,69.38,68.78,68.19,67.58,66.96,66.34,65.72,65.11,64.49,63.87,63.26,62.68,62.10,61.55,61.02,60.53,60.09,59.94,59.86,59.78,59.71,59.70,59.65,59.57,59.50,59.46,59.42,59.38,59.34,59.30,59.23,59.18,59.14,59.10,59.06,59.08,59.13,59.21,59.29,59.36,59.40,59.42,59.49,59.53,59.60,59.68,59.75,59.79,59.88,61.09,63.28,64.79,65.54,66.20,66.48,65.67,64.47,64.30,64.23,63.68,63.03,62.22,61.39,60.66,60.18,59.78,59.54,59.39,59.24,59.12,59.00,58.87,58.71,58.52,58.32,58.13,57.95,57.78,57.56,57.38,57.20,57.00,56.91,56.80,56.75,56.78,56.89,56.98,57.08,57.21,57.38,57.60,57.80,58.01,58.24,58.47,58.67,58.84,59.01,59.20,59.40,59.64,60.11,60.87,61.72,62.08,62.15,62.06,61.82,61.78,61.73,61.72,61.84,61.99,61.83,61.38,60.71,60.06,59.69,59.55,59.54,59.50,59.46,59.45,59.42,59.33,59.18,59.03,58.99,59.07,59.13,59.08,59.03,59.03,59.12,59.26,59.39,59.51,59.61,59.65,59.66,59.63,59.59,59.52,59.50,59.48,59.46,59.45,59.41,59.43,59.59,60.03,61.16,63.59,66.21,68.98,72.21,75.96,79.85,83.85,87.33,88.31,87.66,86.48,85.69,86.30,87.53,89.02,90.52,92.08,94.22,95.38,95.98,96.43,97.28,98.69,100.70,103.03,105.38,107.70,109.50,110.80,111.61,112.09,111.46,110.51,109.58,108.79,108.10,108.04,108.23,108.35,108.49,108.53,108.49,108.40,108.24,108.06,107.84,107.60,107.32,107.02,106.59,106.13,105.66,105.17,104.82,104.51,104.22,104.06,104.38,104.49,104.03,102.90,101.95,101.05,100.19,99.44,98.93,98.39,98.18,98.38,99.03,99.65,100.22,100.57,100.62,100.57
99.43,99.88,100.08,100.14,100.12,100.19,100.28,100.20,99.55,97.50,94.10,90.90,88.52,87.06,85.83,84.66,83.47,82.29,81.08,79.97,78.84,77.61,76.38,75.26,74.15,72.97,71.66,70.32,69.47,68.89,68.34,67.72,67.12,66.51,65.90,65.29,64.69,64.08,63.49,62.94,62.39,61.85,61.34,60.84,60.26,59.98,59.86,59.78,59.72,59.70,59.65,59.58,59.52,59.50,59.45,59.41,59.38,59.31,59.24,59.21,59.18,59.11,59.11,59.17,59.25,59.32,59.40,59.47,59.52,59.54,59.60,59.62,59.68,59.75,59.97,60.92,61.73,64.31,68.47,71.05,71.90,71.83,70.97,69.09,67.15,66.55,66.13,65.19,64.39,63.45,62.55,61.68,60.84,60.25,59.95,59.77,59.59,59.48,59.34,59.18,59.00,58.79,58.62,58.41,58.20,58.04,57.82,57.63,57.44,57.23,57.07,56.85,56.69,56.63,56.69,56.75,56.86,57.02,57.20,57.41,57.63,57.85,58.07,58.29,58.46,58.62,58.78,58.94,59.09,59.29,59.64,60.20,60.88,61.04,61.00,60.88,60.61,60.45,60.36,60.37,60.51,60.64,60.53,60.23,59.87,59.68,59.46,59.36,59.33,59.27,59.27,59.26,59.22,59.14,59.00,58.85,58.81,58.88,58.95,58.89,58.86,58.89,58.98,59.13,59.23,59.31,59.38,59.44,59.46,59.42,59.34,59.28,59.25,59.20,59.16,59.16,59.16,59.23,59.43,59.85,60.79,63.25,65.95,68.75,71.93,75.42,78.72,81.96,84.79,85.85,84.95,84.22,84.79,87.43,89.11,90.48,91.90,93.54,95.41,95.27,94.35,93.70,94.71,96.81,99.35,101.93,104.28,106.64,108.83,110.48,111.48,112.27,111.75,110.81,109.89,109.24,108.78,108.87,109.16,109.38,109.58,109.62,109.57,109.46,109.27,109.09,108.87,108.60,108.29,107.97,107.55,107.09,106.64,106.20,105.93,105.65,105.36,105.18,105.36,104.97,104.12,103.09,102.37,101.72,101.09,100.51,100.05,99.67,99.60,99.85,100.34,100.78,101.11,101.30,101.31,101.15
95.87,97.64,98.41,98.52,98.76,99.19,99.47,99.28,98.29,96.52,93.87,91.19,88.97,87.61,86.37,85.12,83.84,82.58,81.39,80.37,79.29,78.05,76.82,75.66,74.42,73.11,71.77,70.31,69.45,68.90,68.34,67.73,67.16,66.60,66.04,65.48,64.92,64.36,63.79,63.20,62.65,62.11,61.58,61.04,60.44,60.05,59.86,59.80,59.77,59.72,59.65,59.59,59.57,59.51,59.48,59.45,59.38,59.31,59.28,59.24,59.18,59.12,59.16,59.27,59.36,59.39,59.47,59.54,59.61,59.66,59.68,59.73,59.80,59.86,60.71,65.48,69.05,72.56,75.97,77.07,76.53,75.49,74.05,71.91,69.74,68.44,67.51,66.58,65.44,64.50,63.60,62.66,61.68,61.02,60.63,60.34,60.03,59.82,59.66,59.48,59.27,59.10,58.89,58.66,58.45,58.29,58.07,57.85,57.66,57.48,57.26,57.04,56.82,56.67,56.63,56.59,56.67,56.85,57.05,57.23,57.41,57.58,57.75,57.92,58.09,58.27,58.47,58.62,58.78,58.95,59.22,59.64,60.05,60.14,60.10,60.01,59.88,59.72,59.70,59.75,59.84,59.88,59.85,59.77,59.65,59.49,59.27,59.14,59.09,59.08,59.07,59.03,58.99,58.96,58.87,58.72,58.66,58.69,58.76,58.70,58.67,58.70,58.79,58.94,59.07,59.16,59.18,59.20,59.25,59.23,59.15,59.08,59.02,58.95,58.89,58.89,58.90,59.05,59.30,59.65,60.26,62.48,65.15,68.05,71.23,74.35,77.35,80.28,82.76,83.52,82.78,83.74,86.41,89.15,90.69,92.00,93.34,94.51,94.64,93.41,91.86,91.02,92.45,95.08,97.98,100.78,103.33,105.89,108.31,110.16,111.31,112.26,111.96,111.12,110.32,110.08,109.89,109.90,110.17,110.70,111.10,111.14,111.05,110.87,110.55,110.27,109.95,109.61,109.29,108.93,108.54,108.11,107.67,107.32,107.07,106.79,106.50,106.26,105.96,105.42,104.73,104.00,103.35,102.68,102.06,101.52,101.10,101.12,101.19,101.31,101.61,101.90,102.08,102.14,102.01,101.49
92.28,94.52,95.80,96.30,96.66,97.22,97.48,97.18,96.12,94.71,92.75,90.74,89.01,87.80,86.57,85.29,84.00,82.80,81.69,80.67,79.59,78.32,76.83,75.36,74.04,72.86,71.71,70.26,69.38,68.81,68.27,67.69,67.14,66.59,66.05,65.51,64.97,64.43,63.86,63.22,62.64,62.09,61.54,60.96,60.36,60.02,59.86,59.80,59.79,59.73,59.65,59.60,59.59,59.52,59.50,59.46,59.39,59.34,59.31,59.27,59.23,59.20,59.26,59.37,59.45,59.49,59.56,59.64,59.70,59.74,59.78,59.82,61.13,63.20,66.05,71.79,75.25,77.89,80.13,80.74,79.76,78.45,76.84,74.53,72.18,70.18,68.66,67.58,66.43,65.44,64.50,63.51,62.47,61.81,61.41,61.08,60.73,60.40,60.07,59.77,59.52,59.33,59.11,58.88,58.66,58.48,58.28,58.05,57.84,57.65,57.42,57.19,56.97,56.79,56.69,56.58,56.58,56.66,56.78,56.93,57.09,57.23,57.40,57.58,57.74,57.92,58.11,58.27,58.42,58.58,58.82,59.19,59.47,59.53,59.50,59.45,59.37,59.25,59.25,59.33,59.40,59.41,59.43,59.45,59.42,59.29,59.08,58.94,58.88,58.88,58.85,58.81,58.79,58.77,58.69,58.56,58.50,58.53,58.53,58.50,58.48,58.52,58.63,58.75,58.88,58.95,58.95,58.98,59.02,59.00,58.93,58.88,58.81,58.73,58.67,58.66,58.75,58.97,59.23,59.49,59.93,61.57,64.15,67.29,70.64,73.44,76.13,78.68,80.71,81.36,81.41,83.77,87.61,90.16,91.55,92.78,93.73,93.95,93.22,91.68,89.81,88.82,91.14,94.10,97.03,99.79,102.38,104.95,107.32,109.22,110.57,111.62,111.84,111.72,111.55,111.53,111.51,111.53,111.76,112.33,112.88,112.88,112.72,112.50,112.09,111.69,111.25,110.81,110.45,109.99,109.54,109.08,108.64,108.30,108.00,107.68,107.35,107.05,106.62,106.14,105.59,104.94,104.32,103.67,103.06,102.57,102.33,102.56,102.73,102.82,102.95,103.07,102.98,102.77,102.38,101.60
88.89,91.00,92.67,93.69,94.12,94.61,94.73,94.34,93.40,92.34,90.97,89.71,88.64,87.66,86.54,85.30,84.06,82.98,81.95,80.90,79.75,78.37,76.47,74.57,73.18,72.23,71.41,70.13,69.28,68.70,68.16,67.61,67.07,66.53,65.99,65.45,64.91,64.37,63.78,63.12,62.50,61.94,61.36,60.74,60.15,59.94,59.86,59.80,59.79,59.73,59.65,59.61,59.59,59.53,59.50,59.46,59.41,59.39,59.33,59.30,59.30,59.31,59.38,59.46,59.54,59.61,59.69,59.76,59.97,60.29,60.58,60.85,64.00,68.78,73.67,78.28,79.96,80.88,81.92,82.65,81.88,80.73,79.23,76.91,74.42,71.82,69.68,68.34,67.35,66.31,65.28,64.26,63.24,62.62,62.23,61.91,61.56,61.10,60.54,60.07,59.76,59.52,59.29,59.06,58.84,58.62,58.45,58.23,58.00,57.78,57.55,57.32,57.13,56.96,56.83,56.67,56.58,56.51,56.48,56.59,56.73,56.87,57.04,57.25,57.41,57.57,57.73,57.89,58.04,58.20,58.45,58.80,59.04,59.09,59.08,59.06,59.00,58.92,58.94,59.02,59.07,59.09,59.14,59.18,59.16,59.08,58.89,58.75,58.69,58.68,58.62,58.60,58.59,58.57,58.50,58.37,58.33,58.37,58.31,58.30,58.30,58.34,58.48,58.58,58.65,58.70,58.71,58.77,58.79,58.75,58.70,58.67,58.61,58.54,58.47,58.46,58.66,58.94,59.17,59.38,59.74,60.65,63.08,66.50,70.05,72.61,74.96,77.05,78.63,79.41,80.64,84.05,88.36,90.62,91.88,92.98,93.38,92.58,91.61,90.10,88.08,87.03,90.43,93.56,96.31,98.87,101.39,103.86,105.98,107.78,109.22,110.29,111.16,112.05,112.79,112.91,113.00,113.09,113.28,113.68,114.25,114.17,113.96,113.77,113.38,112.93,112.44,111.97,111.63,111.08,110.53,110.01,109.54,109.13,108.75,108.37,107.99,107.62,107.29,106.97,106.53,105.90,105.28,104.65,104.07,103.66,103.67,103.97,104.13,104.13,104.09,104.06,103.73,103.22,102.57,101.61
86.44,88.19,89.81,91.02,91.54,91.91,91.93,91.53,90.66,89.58,88.70,88.04,87.51,86.95,86.34,85.35,84.18,83.11,82.05,81.01,79.68,77.84,75.55,73.50,71.91,70.85,70.41,69.78,69.19,68.63,68.09,67.55,67.01,66.47,65.93,65.39,64.84,64.30,63.75,63.16,62.59,62.00,61.38,60.72,60.12,59.94,59.86,59.80,59.79,59.73,59.68,59.65,59.60,59.57,59.53,59.49,59.45,59.41,59.38,59.34,59.33,59.43,59.51,59.59,59.66,59.74,59.81,59.85,61.13,63.30,65.01,66.82,70.96,75.43,78.23,80.36,81.27,81.88,82.54,83.07,82.56,81.63,80.38,78.58,76.14,73.37,70.87,69.08,68.08,67.07,66.02,64.98,63.99,63.43,63.05,62.69,62.21,61.66,61.01,60.39,59.90,59.66,59.43,59.23,59.03,58.80,58.59,58.37,58.14,57.90,57.68,57.48,57.29,57.11,57.00,56.85,56.71,56.59,56.48,56.47,56.47,56.54,56.70,56.88,57.05,57.19,57.35,57.50,57.66,57.85,58.10,58.42,58.60,58.64,58.67,58.69,58.62,58.58,58.62,58.68,58.71,58.76,58.83,58.87,58.87,58.84,58.73,58.60,58.49,58.44,58.41,58.41,58.38,58.34,58.30,58.18,58.14,58.18,58.12,58.11,58.11,58.16,58.30,58.39,58.46,58.51,58.51,58.53,58.54,58.52,58.49,58.44,58.36,58.32,58.31,58.37,58.59,58.84,59.10,59.35,59.63,60.09,62.25,65.62,69.19,71.60,73.43,75.00,76.46,78.09,80.30,84.19,88.53,90.63,91.74,92.58,92.76,91.91,90.88,88.66,86.37,85.81,89.83,92.83,95.42,97.89,100.27,102.55,104.44,105.73,106.46,107.40,108.63,110.13,111.47,111.89,112.14,112.34,112.48,112.58,112.75,112.56,112.43,112.46,112.45,112.42,112.37,112.35,112.36,112.00,111.45,110.83,110.19,109.65,109.23,108.82,108.41,108.08,107.77,107.52,107.25,106.83,106.27,105.63,105.07,104.78,105.02,105.25,104.89,104.24,103.91,103.97,103.87,103.50,102.81,101.83
84.06,85.52,86.90,88.03,88.58,88.82,88.79,88.48,87.80,86.75,86.29,86.04,85.81,85.60,85.50,84.90,83.98,83.03,82.08,81.07,79.63,77.52,74.98,72.69,70.96,69.90,69.69,69.50,69.09,68.57,68.03,67.48,66.95,66.40,65.86,65.32,64.78,64.24,63.70,63.16,62.62,62.04,61.42,60.78,60.18,59.95,59.87,59.83,59.82,59.77,59.76,59.73,59.66,59.63,59.57,59.52,59.49,59.44,59.41,59.38,59.40,59.52,59.61,59.70,59.85,60.25,61.41,62.60,65.07,68.42,71.10,73.25,76.59,79.57,80.64,81.28,81.85,82.41,82.89,83.10,82.70,81.95,80.99,79.73,77.57,74.69,71.82,69.60,68.55,67.57,66.57,65.59,64.74,64.23,63.80,63.33,62.76,62.12,61.44,60.75,60.13,59.80,59.55,59.37,59.19,58.96,58.73,58.51,58.29,58.06,57.83,57.64,57.45,57.27,57.16,57.01,56.87,56.73,56.59,56.48,56.38,56.37,56.45,56.53,56.67,56.83,57.00,57.15,57.31,57.50,57.75,58.03,58.17,58.20,58.24,58.28,58.23,58.25,58.29,58.33,58.36,58.44,58.50,58.54,58.56,58.57,58.52,58.39,58.27,58.22,58.22,58.20,58.16,58.12,58.11,58.01,57.97,57.99,57.93,57.91,57.93,57.99,58.11,58.19,58.26,58.29,58.29,58.31,58.32,58.32,58.29,58.22,58.14,58.11,58.16,58.30,58.52,58.75,59.02,59.30,59.55,59.78,61.44,64.34,67.77,70.15,71.93,73.56,75.34,77.69,80.61,84.48,88.37,90.38,91.36,92.03,92.13,91.31,90.14,86.99,84.22,83.80,87.81,91.38,94.20,96.58,98.83,101.03,102.63,103.37,103.42,103.98,105.43,107.34,109.05,109.59,109.77,109.83,109.74,109.49,109.35,109.21,109.32,109.75,110.26,110.95,111.51,111.94,112.25,112.20,111.91,111.46,110.86,110.23,109.70,109.25,108.85,108.52,108.21,107.98,107.80,107.55,107.14,106.57,106.11,105.84,105.74,105.52,104.68,103.63,103.09,103.20,103.34,103.28,102.88,102.13
81.62,82.88,83.91,84.67,85.16,85.31,85.29,85.15,84.80,83.91,83.80,83.77,83.61,83.63,83.93,83.83,83.34,82.67,82.00,81.05,79.61,77.53,74.91,72.29,70.50,69.61,69.44,69.34,68.99,68.50,67.96,67.42,66.88,66.34,65.80,65.26,64.72,64.18,63.64,63.10,62.55,62.01,61.45,60.88,60.29,60.00,59.90,59.90,59.89,59.88,59.88,59.85,59.77,59.71,59.64,59.56,59.50,59.48,59.43,59.44,59.51,59.60,59.68,59.91,60.35,61.55,64.99,68.53,72.00,75.32,78.11,79.01,79.75,80.48,81.00,81.54,82.13,82.70,83.09,82.95,82.50,81.88,81.21,80.38,78.75,75.81,72.58,69.94,68.77,67.81,66.91,66.10,65.47,65.03,64.46,63.82,63.19,62.52,61.82,61.13,60.47,59.97,59.69,59.49,59.32,59.08,58.85,58.67,58.48,58.24,58.02,57.79,57.60,57.44,57.29,57.14,57.03,56.92,56.77,56.62,56.48,56.38,56.31,56.21,56.31,56.49,56.68,56.84,56.99,57.15,57.37,57.64,57.73,57.75,57.80,57.86,57.86,57.91,57.94,57.98,58.04,58.12,58.14,58.18,58.25,58.30,58.26,58.14,58.03,58.02,58.02,57.97,57.93,57.92,57.92,57.85,57.81,57.80,57.74,57.73,57.76,57.84,57.93,58.00,58.03,58.03,58.05,58.11,58.12,58.12,58.10,58.02,57.95,57.92,58.01,58.23,58.46,58.70,58.93,59.18,59.47,59.72,60.64,62.62,65.76,68.24,70.55,72.91,75.44,78.18,81.48,84.85,87.85,89.86,90.76,91.40,91.51,90.67,89.14,85.01,81.59,80.85,84.17,89.13,92.63,94.94,97.13,99.30,100.50,100.71,100.22,100.20,101.75,103.89,105.70,106.12,105.91,105.49,104.91,104.23,103.95,104.01,104.52,105.43,106.54,108.21,109.54,110.46,111.06,111.52,111.78,111.81,111.52,110.90,110.20,109.69,109.34,108.97,108.65,108.40,108.20,108.03,107.82,107.45,107.11,106.70,105.67,104.61,103.44,102.36,101.77,101.83,102.13,102.47,102.69,102.40
79.35,80.22,80.96,81.53,81.86,81.94,81.93,81.86,81.71,81.39,81.48,81.67,81.86,82.17,82.53,82.59,82.30,81.70,81.19,80.40,79.08,77.14,74.83,72.27,70.46,69.52,69.21,69.06,68.83,68.44,67.90,67.36,66.82,66.28,65.74,65.20,64.66,64.11,63.57,63.03,62.49,61.95,61.41,60.87,60.35,60.06,59.95,59.95,59.95,59.95,59.95,59.92,59.85,59.78,59.70,59.61,59.55,59.51,59.47,59.53,59.63,59.71,59.79,61.44,63.81,66.79,71.48,74.79,77.01,78.64,80.03,80.45,80.66,80.92,81.31,81.77,82.25,82.70,83.05,83.17,82.79,82.25,81.66,80.98,79.94,77.83,74.65,71.01,69.20,68.14,67.37,66.73,66.20,65.72,65.08,64.33,63.59,62.89,62.23,61.56,60.88,60.27,59.86,59.62,59.44,59.21,58.98,58.80,58.62,58.38,58.15,57.92,57.73,57.58,57.42,57.30,57.19,57.06,56.90,56.75,56.63,56.51,56.38,56.24,56.23,56.25,56.31,56.46,56.62,56.77,56.97,57.20,57.30,57.31,57.37,57.48,57.52,57.59,57.65,57.69,57.72,57.76,57.80,57.86,57.93,57.96,57.97,57.91,57.84,57.83,57.79,57.75,57.73,57.73,57.69,57.65,57.61,57.57,57.54,57.54,57.58,57.66,57.73,57.77,57.81,57.84,57.84,57.87,57.88,57.88,57.87,57.83,57.76,57.76,57.90,58.16,58.40,58.63,58.86,59.10,59.37,59.60,60.09,61.39,64.04,66.73,69.29,71.92,74.72,77.67,80.76,83.74,86.45,88.59,90.03,90.79,90.89,89.93,87.00,82.77,79.81,79.29,81.71,87.18,91.27,93.86,95.92,97.47,98.11,97.66,96.46,96.43,98.16,100.31,101.87,101.81,101.15,99.83,98.15,96.52,95.88,95.71,95.95,96.69,98.07,100.56,103.35,105.96,108.12,110.19,111.02,111.30,111.44,111.34,110.81,110.28,109.85,109.47,109.11,108.83,108.63,108.47,108.28,107.87,107.19,106.22,104.96,103.71,102.45,101.28,100.52,100.58,100.95,101.41,101.83,101.87
77.20,77.83,78.38,78.85,79.14,79.18,79.18,79.17,79.17,79.36,79.58,79.92,80.39,80.88,81.21,81.32,81.14,80.62,80.22,79.59,78.41,76.58,74.57,72.22,70.48,69.47,69.04,68.80,68.64,68.35,67.83,67.30,66.75,66.21,65.67,65.13,64.59,64.05,63.51,62.97,62.44,61.92,61.39,60.88,60.45,60.17,60.05,60.04,60.02,60.02,60.02,59.99,59.91,59.83,59.76,59.68,59.60,59.53,59.53,59.62,59.82,60.21,61.05,64.42,68.63,72.80,77.25,79.48,80.29,80.46,80.61,80.84,81.01,81.25,81.63,82.01,82.39,82.75,83.08,83.39,83.13,82.66,82.09,81.49,80.89,79.65,76.89,72.69,69.79,68.56,67.91,67.39,66.91,66.39,65.71,64.91,64.07,63.32,62.66,61.98,61.29,60.61,60.08,59.77,59.57,59.34,59.11,58.93,58.74,58.51,58.29,58.07,57.88,57.72,57.57,57.47,57.34,57.19,57.05,56.90,56.79,56.67,56.52,56.38,56.28,56.15,56.07,56.18,56.27,56.41,56.59,56.77,56.87,56.90,56.98,57.13,57.22,57.30,57.38,57.42,57.43,57.44,57.49,57.55,57.61,57.63,57.68,57.67,57.63,57.62,57.56,57.55,57.54,57.51,57.46,57.45,57.41,57.34,57.34,57.36,57.40,57.46,57.52,57.54,57.59,57.63,57.63,57.64,57.64,57.64,57.64,57.62,57.56,57.62,57.80,58.10,58.33,58.55,58.78,59.01,59.24,59.47,59.71,60.50,62.59,65.38,68.08,70.79,73.66,76.67,79.50,82.20,84.75,86.97,88.82,89.74,89.83,88.59,84.43,80.56,78.37,78.19,80.08,85.56,89.98,92.83,94.64,95.62,95.83,94.82,93.00,92.97,94.77,96.74,97.86,97.12,95.93,94.04,91.78,89.65,88.78,88.37,88.30,88.71,90.01,92.67,96.03,99.49,102.72,106.28,108.25,109.52,110.62,111.28,111.12,110.73,110.34,109.97,109.58,109.29,109.06,108.86,108.56,108.07,107.06,105.61,104.25,102.96,101.66,100.39,99.42,99.44,99.81,100.27,100.72,101.09
75.24,76.03,76.64,77.16,77.70,77.79,77.79,77.83,77.98,78.31,78.56,78.88,79.28,79.69,79.96,80.06,79.95,79.64,79.27,78.78,77.71,75.89,73.89,71.85,70.37,69.47,69.03,68.66,68.45,68.20,67.76,67.23,66.69,66.15,65.61,65.07,64.53,63.99,63.45,62.92,62.43,61.95,61.47,61.03,60.68,60.38,60.21,60.15,60.09,60.09,60.09,60.06,59.97,59.90,59.83,59.75,59.66,59.60,59.64,59.72,60.12,61.56,64.96,70.02,74.93,78.36,79.68,80.35,80.68,80.84,81.00,81.22,81.40,81.61,81.94,82.33,82.71,83.09,83.38,83.41,83.29,82.91,82.36,81.81,81.25,80.52,78.78,75.37,70.63,69.10,68.57,68.08,67.56,67.08,66.40,65.61,64.75,63.87,63.09,62.36,61.67,60.98,60.37,59.97,59.70,59.47,59.23,59.06,58.87,58.65,58.48,58.26,58.06,57.91,57.76,57.61,57.47,57.33,57.23,57.09,56.94,56.79,56.65,56.55,56.42,56.28,56.15,56.11,56.02,56.10,56.23,56.34,56.48,56.56,56.67,56.82,56.95,57.05,57.12,57.17,57.18,57.24,57.27,57.28,57.30,57.36,57.38,57.38,57.37,57.37,57.36,57.36,57.33,57.27,57.26,57.26,57.21,57.16,57.16,57.21,57.24,57.26,57.28,57.34,57.37,57.37,57.38,57.44,57.45,57.45,57.44,57.38,57.36,57.49,57.74,58.03,58.27,58.45,58.65,58.88,59.12,59.35,59.58,60.15,61.63,64.22,66.88,69.55,72.30,75.13,77.92,80.51,82.88,84.94,86.56,87.66,87.75,85.93,81.49,78.61,77.22,77.36,79.71,84.53,88.77,91.61,92.88,93.78,93.92,92.70,90.55,90.23,91.77,93.31,93.75,92.06,90.19,88.71,87.41,86.16,85.46,85.07,84.94,85.08,85.65,87.02,88.50,90.17,92.61,96.71,101.14,105.25,108.51,110.22,110.68,110.80,110.80,110.47,110.09,109.77,109.47,109.15,108.62,108.03,106.98,105.45,103.95,102.51,101.15,99.81,98.60,98.47,98.77,99.09,99.43,100.18
73.54,74.29,75.00,75.63,76.26,76.38,76.42,76.57,76.90,77.25,77.56,77.91,78.30,78.70,78.94,78.99,78.88,78.60,78.26,77.88,76.96,75.29,73.37,71.50,70.19,69.44,69.02,68.63,68.33,68.05,67.69,67.17,66.63,66.09,65.55,65.00,64.47,63.94,63.44,62.94,62.47,62.01,61.56,61.16,60.88,60.58,60.39,60.31,60.20,60.16,60.15,60.11,60.00,59.96,59.86,59.76,59.70,59.70,59.76,60.33,61.86,65.27,71.44,76.21,79.27,80.67,80.70,80.84,81.03,81.22,81.38,81.59,81.78,81.98,82.30,82.65,83.03,83.34,83.50,83.35,83.43,83.14,82.58,82.03,81.49,80.92,79.88,77.64,73.18,70.52,69.26,68.72,68.20,67.72,67.08,66.30,65.44,64.52,63.68,62.89,62.13,61.41,60.74,60.19,59.79,59.59,59.36,59.18,59.00,58.77,58.58,58.39,58.23,58.10,57.95,57.79,57.66,57.54,57.42,57.27,57.12,56.98,56.86,56.75,56.60,56.45,56.31,56.23,56.08,56.05,56.05,56.04,56.15,56.26,56.38,56.51,56.66,56.78,56.86,56.93,56.97,57.00,57.02,57.04,57.07,57.11,57.11,57.14,57.16,57.16,57.16,57.14,57.10,57.07,57.06,57.04,57.02,57.01,57.01,57.05,57.07,57.07,57.07,57.11,57.11,57.13,57.17,57.21,57.22,57.24,57.24,57.18,57.23,57.41,57.66,57.93,58.16,58.36,58.57,58.80,59.03,59.27,59.50,59.88,60.83,63.13,65.69,68.31,71.00,73.77,76.35,78.73,80.89,82.75,84.28,85.41,85.35,83.31,79.84,77.41,76.10,76.30,79.02,83.32,87.27,90.01,91.06,91.88,92.05,90.93,88.74,87.79,88.18,88.61,88.40,87.02,85.55,84.46,83.56,82.72,82.18,81.91,81.80,81.84,82.05,82.75,83.48,84.37,86.03,89.13,92.70,96.27,99.73,103.25,106.13,108.70,110.53,110.44,110.23,109.99,109.67,109.19,108.55,107.92,106.86,105.31,103.78,102.36,101.01,99.71,98.56,97.97,97.55,97.38,97.64,98.48
72.31,72.84,73.52,74.19,74.80,74.97,75.09,75.38,75.88,76.20,76.56,76.94,77.35,77.81,78.01,78.00,77.84,77.53,77.22,76.92,76.20,74.81,73.02,71.23,70.04,69.40,69.00,68.61,68.23,67.90,67.60,67.10,66.56,66.03,65.50,64.96,64.43,63.94,63.48,63.01,62.55,62.09,61.66,61.30,61.05,60.76,60.58,60.48,60.34,60.24,60.20,60.14,60.01,59.98,59.87,59.77,59.73,59.80,59.90,61.30,64.43,69.91,77.78,81.39,82.20,81.68,81.22,81.21,81.38,81.59,81.75,81.97,82.15,82.36,82.66,82.98,83.33,83.53,83.48,83.26,83.55,83.36,82.77,82.23,81.68,81.14,80.57,79.41,76.03,72.35,70.21,69.47,68.84,68.35,67.74,67.00,66.14,65.22,64.35,63.51,62.68,61.90,61.17,60.47,59.92,59.72,59.49,59.30,59.11,58.89,58.66,58.49,58.38,58.28,58.15,58.00,57.88,57.77,57.63,57.48,57.32,57.20,57.10,56.96,56.81,56.65,56.52,56.42,56.27,56.13,55.98,55.87,55.91,56.00,56.10,56.20,56.34,56.50,56.61,56.69,56.75,56.76,56.77,56.81,56.86,56.86,56.87,56.92,56.98,56.97,56.96,56.91,56.88,56.87,56.86,56.81,56.82,56.87,56.87,56.88,56.88,56.88,56.88,56.88,56.88,56.91,56.96,56.96,56.97,57.01,57.04,57.01,57.14,57.35,57.58,57.82,58.05,58.28,58.51,58.74,58.96,59.19,59.42,59.66,60.18,62.07,64.50,67.09,69.73,72.41,74.75,76.91,78.89,80.57,82.08,83.16,82.93,80.85,78.56,76.36,74.97,75.19,78.26,82.16,85.63,88.05,88.97,89.54,89.66,88.72,86.71,85.21,84.43,83.79,83.11,82.46,81.70,80.92,80.19,79.52,79.09,78.94,78.93,78.96,79.04,79.42,79.88,80.46,81.45,83.10,84.78,86.67,89.44,94.36,99.34,104.08,107.71,108.58,109.19,109.35,109.11,108.53,107.98,107.52,106.66,105.30,103.88,102.55,101.23,99.99,98.97,97.92,96.72,95.97,96.00,96.53
72.44,72.35,72.45,72.78,73.36,73.56,73.89,74.37,74.91,75.19,75.55,75.93,76.38,76.95,77.09,77.00,76.77,76.46,76.15,75.93,75.52,74.67,73.08,71.34,70.09,69.38,68.95,68.55,68.17,67.80,67.44,67.02,66.50,65.99,65.50,65.02,64.53,64.06,63.60,63.14,62.67,62.21,61.80,61.48,61.19,60.93,60.74,60.62,60.51,60.34,60.24,60.14,60.01,59.94,59.85,59.79,59.79,59.88,60.09,62.93,68.14,74.62,79.75,81.96,82.65,82.56,81.94,81.69,81.76,81.97,82.13,82.30,82.50,82.73,82.99,83.29,83.58,83.56,83.28,83.14,83.65,83.55,82.95,82.42,81.88,81.33,80.79,79.90,77.56,74.43,72.07,70.64,69.56,68.98,68.41,67.69,66.83,65.92,65.05,64.19,63.35,62.52,61.71,60.91,60.22,59.86,59.61,59.39,59.20,59.02,58.79,58.62,58.51,58.43,58.38,58.25,58.11,57.98,57.88,57.72,57.57,57.43,57.30,57.20,57.05,56.90,56.75,56.61,56.46,56.31,56.16,56.01,55.92,55.80,55.81,55.93,56.04,56.18,56.32,56.44,56.50,56.51,56.55,56.59,56.61,56.61,56.66,56.73,56.79,56.78,56.73,56.69,56.69,56.67,56.62,56.64,56.67,56.68,56.69,56.69,56.69,56.69,56.69,56.69,56.69,56.69,56.71,56.71,56.76,56.80,56.82,56.87,57.06,57.28,57.52,57.75,57.98,58.22,58.45,58.66,58.84,59.07,59.30,59.53,59.91,61.03,63.28,65.87,68.40,70.78,73.01,75.08,76.98,78.66,80.21,81.13,80.82,78.91,76.75,74.83,73.73,74.26,77.75,81.43,83.84,85.23,85.94,85.71,85.27,84.36,82.93,81.67,80.95,80.35,79.87,79.68,79.14,78.50,77.83,77.17,76.67,76.58,76.67,76.85,77.11,77.65,78.10,78.57,79.32,80.11,80.83,81.62,83.13,86.84,90.06,93.00,96.22,100.42,104.23,105.80,105.92,105.57,105.66,106.04,106.14,105.74,104.81,103.66,102.32,101.01,99.95,98.87,97.62,96.49,95.60,94.74
72.76,72.38,72.14,72.11,72.37,72.45,72.83,73.38,73.90,74.20,74.57,75.00,75.50,76.06,76.11,75.95,75.69,75.40,75.19,75.02,74.75,74.19,73.02,71.45,70.20,69.41,68.95,68.53,68.14,67.75,67.36,66.98,66.50,66.01,65.54,65.08,64.62,64.15,63.69,63.23,62.76,62.32,61.95,61.66,61.36,61.11,60.92,60.78,60.66,60.42,60.25,60.11,59.97,59.91,59.86,59.84,59.89,60.27,61.83,66.50,72.74,77.88,80.52,81.70,82.38,82.81,82.66,82.28,82.17,82.32,82.50,82.66,82.86,83.09,83.31,83.61,83.67,83.42,83.03,83.03,83.63,83.66,83.17,82.61,82.06,81.52,80.98,80.27,78.86,76.53,74.36,72.62,71.19,70.08,69.20,68.38,67.50,66.60,65.74,64.89,64.04,63.19,62.34,61.51,60.75,60.18,59.78,59.51,59.31,59.14,58.91,58.74,58.64,58.61,58.59,58.49,58.34,58.20,58.10,57.98,57.82,57.67,57.53,57.42,57.30,57.16,57.00,56.84,56.69,56.53,56.37,56.19,56.03,55.84,55.77,55.79,55.77,55.87,56.02,56.16,56.25,56.29,56.33,56.35,56.36,56.39,56.46,56.52,56.55,56.55,56.51,56.50,56.48,56.45,56.40,56.45,56.50,56.50,56.50,56.50,56.50,56.50,56.50,56.50,56.50,56.50,56.53,56.53,56.57,56.59,56.62,56.74,56.95,57.19,57.42,57.65,57.88,58.11,58.35,58.57,58.75,58.98,59.21,59.44,59.73,60.29,62.13,64.56,67.04,69.19,71.21,73.17,75.03,76.64,78.03,78.83,78.50,76.69,74.65,72.91,72.14,73.03,76.46,79.31,80.80,81.39,81.47,80.52,80.12,79.69,78.96,78.53,78.01,77.57,77.39,77.61,77.21,76.61,75.94,75.22,74.59,74.83,75.28,75.64,76.00,76.51,76.92,77.31,77.86,78.33,78.79,79.23,80.05,82.35,84.76,86.78,89.07,93.15,97.03,98.84,99.86,101.29,102.84,103.86,104.41,104.53,104.24,103.71,102.95,102.06,101.11,100.03,98.95,97.78,96.33,94.43
73.14,72.76,72.39,72.06,71.85,71.69,71.97,72.43,72.86,73.23,73.62,74.13,74.70,75.12,75.07,74.87,74.63,74.39,74.32,74.20,73.91,73.42,72.76,71.49,70.31,69.47,69.01,68.55,68.14,67.75,67.36,66.97,66.53,66.07,65.61,65.15,64.69,64.22,63.76,63.30,62.83,62.42,62.10,61.84,61.55,61.30,61.11,60.96,60.79,60.51,60.26,60.07,59.94,60.01,60.12,60.28,60.62,61.65,65.33,71.55,77.52,79.84,80.65,81.15,81.78,82.58,83.21,82.88,82.60,82.66,82.88,83.04,83.24,83.44,83.63,83.86,83.61,83.14,82.75,82.92,83.53,83.71,83.40,82.80,82.25,81.71,81.18,80.62,79.94,78.51,76.86,75.22,73.65,71.77,70.36,69.25,68.21,67.33,66.48,65.63,64.78,63.94,63.09,62.27,61.47,60.66,59.99,59.64,59.44,59.27,59.05,58.88,58.80,58.79,58.79,58.73,58.60,58.45,58.30,58.21,58.07,57.92,57.77,57.63,57.52,57.40,57.24,57.09,56.94,56.78,56.60,56.39,56.23,56.08,55.94,55.78,55.61,55.63,55.73,55.86,56.00,56.08,56.10,56.11,56.12,56.19,56.26,56.30,56.31,56.31,56.30,56.30,56.27,56.21,56.21,56.27,56.30,56.30,56.30,56.30,56.30,56.30,56.30,56.31,56.31,56.34,56.39,56.39,56.40,56.41,56.45,56.61,56.84,57.07,57.30,57.53,57.76,57.99,58.22,58.45,58.68,58.91,59.14,59.37,59.60,59.82,61.10,63.18,65.65,67.60,69.40,71.24,73.04,74.50,75.60,76.31,76.00,74.26,72.31,70.70,70.28,71.50,74.34,75.91,76.63,76.72,76.00,74.62,74.73,75.04,75.06,75.71,75.48,75.26,75.43,75.96,75.67,75.06,74.34,73.62,73.10,73.95,74.87,75.40,75.75,76.08,76.39,76.69,77.03,77.58,78.16,78.73,79.33,80.41,82.83,84.73,86.00,87.54,89.29,90.47,92.45,96.21,99.31,100.65,101.28,101.73,102.30,102.74,102.93,102.76,102.10,101.09,100.33,99.36,97.68,95.09
73.47,73.08,72.69,72.33,72.03,71.77,71.69,71.75,71.91,72.23,72.68,73.26,73.86,74.18,74.03,73.82,73.70,73.66,73.52,73.38,73.08,72.61,72.05,71.19,70.27,69.47,69.02,68.56,68.14,67.73,67.31,66.92,66.51,66.12,65.73,65.27,64.81,64.34,63.88,63.42,62.95,62.58,62.27,61.99,61.73,61.49,61.30,61.13,60.92,60.63,60.37,60.15,60.10,60.75,61.73,63.15,65.07,67.67,72.44,76.73,79.56,80.53,80.97,81.30,81.70,82.19,82.69,83.03,83.08,83.03,83.25,83.43,83.60,83.77,83.88,83.77,83.35,82.83,82.48,82.83,83.46,83.76,83.60,83.00,82.45,81.90,81.38,80.90,80.44,79.75,78.97,78.11,77.02,75.14,73.28,71.34,69.28,68.30,67.45,66.62,65.81,64.96,64.11,63.25,62.34,61.34,60.30,59.79,59.56,59.39,59.17,59.04,58.96,58.94,58.98,58.96,58.85,58.70,58.55,58.42,58.31,58.18,58.03,57.87,57.74,57.60,57.44,57.29,57.14,56.98,56.81,56.63,56.48,56.36,56.21,56.01,55.83,55.70,55.61,55.59,55.70,55.82,55.85,55.87,55.92,55.95,56.02,56.08,56.11,56.11,56.11,56.08,56.04,56.03,56.06,56.10,56.11,56.11,56.11,56.11,56.11,56.11,56.12,56.16,56.17,56.19,56.21,56.21,56.21,56.24,56.33,56.53,56.77,56.99,57.21,57.40,57.63,57.86,58.09,58.32,58.56,58.79,59.02,59.25,59.48,59.68,60.28,61.77,64.07,65.89,67.72,69.48,71.05,72.21,73.12,73.83,73.63,71.96,69.82,68.45,68.51,69.71,70.78,71.29,71.50,71.44,71.03,70.50,70.81,71.34,71.88,72.81,72.97,73.17,73.63,74.22,74.09,73.53,72.83,72.48,73.86,75.56,76.71,77.16,77.35,77.48,77.66,77.82,77.93,78.27,78.50,78.76,79.29,80.39,81.94,83.41,84.75,86.14,87.67,88.63,89.73,91.60,93.20,94.00,95.17,97.09,99.25,100.63,101.25,101.37,101.15,100.75,100.43,99.66,97.89,94.74
73.80,73.40,73.01,72.65,72.34,72.03,71.72,71.48,71.41,71.55,71.88,72.42,73.02,73.20,73.05,72.92,72.89,72.92,72.74,72.56,72.26,71.78,71.22,70.69,70.07,69.43,68.97,68.50,68.08,67.65,67.22,66.85,66.47,66.12,65.78,65.34,64.90,64.44,63.98,63.52,63.09,62.75,62.44,62.15,61.91,61.67,61.47,61.29,61.05,60.88,60.83,60.78,60.93,62.17,63.93,66.39,69.66,73.62,77.91,80.06,80.65,80.95,81.32,81.61,81.85,82.10,82.40,83.07,83.37,83.37,83.60,83.72,83.80,83.88,83.90,83.56,83.06,82.52,82.23,82.73,83.39,83.81,83.79,83.19,82.66,82.13,81.65,81.22,80.85,80.59,80.37,80.09,79.48,78.10,76.49,74.37,71.59,69.88,68.64,67.66,66.83,65.97,65.11,64.22,63.23,62.09,60.80,60.05,59.69,59.52,59.32,59.20,59.12,59.09,59.14,59.17,59.09,58.95,58.80,58.64,58.53,58.42,58.28,58.12,57.97,57.82,57.66,57.51,57.35,57.18,57.03,56.88,56.73,56.64,56.48,56.27,56.11,55.89,55.67,55.53,55.54,55.60,55.62,55.65,55.70,55.72,55.79,55.87,55.92,55.92,55.90,55.85,55.83,55.86,55.91,55.92,55.92,55.92,55.92,55.94,55.95,55.95,55.96,56.01,56.02,56.02,56.02,56.02,56.02,56.08,56.21,56.44,56.67,56.91,57.11,57.30,57.53,57.76,57.99,58.23,58.45,58.68,58.91,59.12,59.36,59.59,59.78,60.73,62.64,64.44,66.34,68.05,69.41,70.23,70.69,71.13,70.92,69.42,67.19,66.42,66.93,67.92,67.77,67.64,67.55,67.45,67.36,67.48,67.88,68.60,69.63,70.59,70.98,71.37,71.91,72.47,72.48,72.05,71.55,71.88,75.32,77.99,79.66,80.62,81.34,81.53,81.42,81.00,80.21,79.66,79.23,79.11,79.63,81.23,82.23,83.25,84.48,85.87,87.23,87.92,88.25,88.57,88.93,89.28,90.48,92.70,95.11,96.58,97.24,97.45,97.52,97.55,97.51,97.04,95.66,93.06
74.14,73.72,73.33,72.97,72.66,72.34,72.03,71.77,71.56,71.34,71.28,71.64,72.20,72.20,72.16,72.22,72.25,72.13,71.97,71.77,71.44,70.95,70.38,70.03,69.70,69.30,68.84,68.38,67.91,67.49,67.10,66.77,66.41,66.05,65.73,65.34,64.94,64.51,64.05,63.60,63.26,62.94,62.63,62.34,62.10,61.82,61.60,61.42,61.20,61.37,61.78,62.19,62.69,64.38,66.61,69.59,73.51,78.15,79.98,80.68,81.02,81.27,81.64,81.96,82.23,82.47,82.72,83.07,83.38,83.63,83.88,83.88,83.78,83.69,83.59,83.24,82.74,82.23,82.01,82.64,83.33,83.87,83.98,83.39,82.89,82.42,81.99,81.61,81.28,81.03,80.84,80.66,80.42,79.99,79.56,78.32,75.54,72.38,70.19,68.75,67.78,66.86,66.00,65.10,64.09,62.86,61.56,60.48,59.83,59.66,59.50,59.35,59.27,59.27,59.28,59.34,59.31,59.20,59.05,58.89,58.75,58.63,58.53,58.37,58.22,58.06,57.91,57.75,57.60,57.40,57.24,57.14,56.99,56.89,56.74,56.53,56.36,56.14,55.95,55.78,55.60,55.48,55.45,55.45,55.46,55.53,55.60,55.68,55.73,55.72,55.67,55.64,55.66,55.71,55.73,55.73,55.73,55.73,55.74,55.80,55.82,55.82,55.82,55.83,55.83,55.83,55.83,55.83,55.84,55.92,56.09,56.32,56.55,56.78,57.01,57.23,57.46,57.69,57.93,58.16,58.39,58.62,58.81,59.00,59.23,59.46,59.68,60.27,61.48,63.40,65.33,67.03,68.27,68.67,68.30,68.08,67.64,66.46,64.44,64.69,65.61,66.20,65.95,65.72,65.59,65.51,65.45,65.58,66.02,67.05,68.53,69.38,69.71,69.95,70.27,70.69,70.78,70.56,70.53,71.88,77.06,80.78,83.53,85.89,88.10,88.70,88.14,86.61,84.12,81.88,80.59,80.06,80.57,82.94,84.03,84.62,85.24,86.21,86.99,87.28,87.41,87.71,88.01,88.26,88.66,89.24,89.86,90.27,90.52,90.67,90.75,90.81,90.83,90.72,90.39,89.79
74.66,74.14,73.70,73.32,72.97,72.66,72.38,72.13,71.89,71.62,71.34,71.27,71.38,71.46,71.51,71.52,71.47,71.31,71.16,70.97,70.69,70.27,69.90,69.67,69.42,69.09,68.70,68.25,67.78,67.35,66.97,66.66,66.29,65.94,65.63,65.28,64.94,64.57,64.16,63.72,63.39,63.08,62.79,62.52,62.25,61.98,61.91,61.99,62.11,62.66,63.28,63.83,64.48,66.20,69.20,73.13,77.27,79.92,80.82,81.23,81.52,81.69,81.94,82.26,82.58,82.84,83.08,83.31,83.58,83.81,83.82,83.69,83.51,83.36,83.24,82.95,82.47,82.01,81.87,82.56,83.27,83.90,84.14,83.62,83.19,82.79,82.42,82.09,81.78,81.53,81.34,81.17,80.98,80.79,80.62,80.00,78.53,76.86,73.91,70.94,68.74,67.80,66.94,65.97,64.85,63.58,62.31,61.14,60.27,59.81,59.63,59.48,59.41,59.41,59.45,59.49,59.48,59.42,59.30,59.15,58.99,58.88,58.77,58.59,58.42,58.27,58.11,57.96,57.80,57.65,57.52,57.40,57.28,57.17,56.99,56.78,56.61,56.40,56.21,56.03,55.81,55.65,55.55,55.45,55.35,55.35,55.41,55.46,55.49,55.48,55.46,55.44,55.47,55.54,55.54,55.54,55.54,55.55,55.59,55.63,55.64,55.64,55.64,55.64,55.64,55.64,55.64,55.64,55.68,55.80,56.01,56.24,56.48,56.68,56.88,57.12,57.35,57.58,57.81,58.04,58.28,58.51,58.72,58.91,59.10,59.33,59.57,59.93,60.73,62.59,64.55,65.86,66.41,66.26,65.58,64.43,63.40,62.84,62.39,63.32,64.18,64.39,64.11,63.83,63.65,63.54,63.51,63.67,64.35,65.62,67.26,68.33,68.42,68.24,68.11,68.06,67.84,67.77,68.39,70.67,75.86,80.50,84.74,88.37,90.32,91.13,91.29,90.79,89.38,87.79,86.74,86.02,85.68,86.21,86.54,86.57,86.63,87.25,87.66,87.65,87.50,87.45,87.43,87.35,87.40,87.60,87.83,88.06,88.35,88.58,88.63,88.73,88.77,88.74,88.63,88.39
75.25,74.63,74.12,73.69,73.32,73.01,72.76,72.52,72.29,72.06,71.64,71.16,70.84,70.95,70.98,70.90,70.76,70.61,70.47,70.33,70.09,69.75,69.58,69.40,69.15,68.86,68.53,68.10,67.65,67.22,66.85,66.53,66.17,65.82,65.52,65.23,64.93,64.63,64.30,63.87,63.55,63.24,62.97,62.75,62.53,62.36,62.44,62.76,63.26,64.06,64.81,65.46,66.27,68.03,72.00,76.58,80.19,80.78,81.31,81.77,82.07,82.15,82.29,82.57,82.90,83.20,83.41,83.56,83.75,83.88,83.63,83.39,83.15,82.97,82.87,82.66,82.20,81.80,81.76,82.48,83.19,83.88,84.25,83.90,83.53,83.19,82.88,82.58,82.28,82.03,81.84,81.66,81.44,81.27,81.12,80.92,80.69,80.84,77.89,73.82,70.23,68.81,67.86,66.85,65.69,64.47,63.30,62.09,60.97,60.13,59.79,59.61,59.55,59.56,59.63,59.64,59.65,59.62,59.53,59.40,59.25,59.12,59.00,58.80,58.63,58.47,58.32,58.16,58.01,57.91,57.80,57.66,57.58,57.44,57.24,57.03,56.87,56.65,56.47,56.28,56.07,55.92,55.76,55.57,55.37,55.27,55.28,55.28,55.25,55.25,55.25,55.26,55.29,55.35,55.35,55.35,55.36,55.39,55.44,55.45,55.45,55.45,55.45,55.45,55.45,55.45,55.45,55.46,55.54,55.71,55.93,56.16,56.39,56.58,56.77,57.00,57.24,57.47,57.70,57.93,58.15,58.38,58.61,58.82,59.00,59.23,59.45,59.69,60.24,61.95,63.83,64.61,64.37,63.72,62.91,61.22,59.87,59.90,60.78,62.08,62.73,62.60,62.29,62.01,61.81,61.70,61.67,61.84,62.80,64.34,66.13,67.24,66.81,66.05,65.41,64.93,64.48,64.55,65.72,68.70,73.44,78.70,84.03,88.51,90.24,91.43,92.44,93.20,93.44,93.16,92.94,92.52,91.64,90.29,89.69,89.12,88.62,88.74,88.67,88.39,88.01,87.64,87.32,86.96,86.80,86.87,86.99,87.17,87.50,87.81,87.83,87.97,88.03,87.99,87.85,87.53
75.89,75.27,74.64,74.07,73.70,73.43,73.20,72.96,72.73,72.50,72.03,71.54,71.13,70.87,70.63,70.48,70.39,70.30,70.21,70.12,69.92,69.61,69.39,69.13,68.86,68.60,68.28,67.89,67.49,67.09,66.72,66.41,66.03,65.72,65.47,65.22,64.98,64.73,64.45,64.12,63.80,63.49,63.24,63.13,63.24,63.37,63.50,63.78,64.53,65.16,65.98,66.90,68.03,70.22,75.51,79.43,80.72,81.28,81.82,82.30,82.64,82.72,82.81,82.94,83.18,83.50,83.62,83.66,83.68,83.61,83.32,83.03,82.77,82.57,82.44,82.32,81.89,81.57,81.68,82.36,83.06,83.72,84.20,84.29,83.97,83.64,83.33,83.03,82.78,82.54,82.32,82.11,81.94,81.73,81.59,81.42,81.25,81.67,80.84,77.87,73.32,70.07,68.71,67.76,66.81,65.92,64.99,63.69,62.25,60.94,60.04,59.78,59.74,59.74,59.76,59.82,59.84,59.81,59.73,59.64,59.50,59.35,59.21,59.04,58.88,58.73,58.57,58.42,58.27,58.16,58.05,57.92,57.83,57.69,57.50,57.28,57.12,56.90,56.72,56.54,56.33,56.22,56.08,55.89,55.67,55.47,55.35,55.20,55.06,55.06,55.06,55.10,55.15,55.16,55.16,55.16,55.19,55.25,55.26,55.26,55.26,55.26,55.26,55.26,55.26,55.26,55.26,55.27,55.43,55.62,55.80,56.04,56.27,56.49,56.71,56.94,57.17,57.41,57.64,57.86,58.03,58.25,58.49,58.71,58.93,59.16,59.39,59.65,60.18,61.61,63.07,63.27,62.44,61.49,60.68,59.80,59.28,59.48,59.99,60.91,61.25,60.88,60.53,60.37,60.26,60.19,60.19,60.29,61.43,63.42,65.55,65.84,64.29,62.66,61.53,61.05,60.93,61.16,62.42,65.46,69.91,74.94,79.78,83.98,87.08,89.29,90.54,91.49,92.80,93.81,95.26,96.45,96.65,95.42,94.14,92.94,91.87,91.05,89.97,89.37,89.03,88.65,88.34,88.02,87.69,87.36,87.03,86.72,86.81,87.05,87.08,87.27,87.32,87.27,87.08,86.67
76.37,75.64,74.99,74.49,74.23,73.94,73.66,73.41,73.18,72.94,72.46,72.00,71.63,71.33,70.97,70.70,70.49,70.28,70.11,69.95,69.75,69.48,69.21,68.91,68.63,68.36,68.07,67.70,67.51,67.44,67.38,67.29,66.82,66.23,65.71,65.44,65.20,64.97,64.72,64.41,64.13,63.88,63.66,63.54,63.66,64.03,64.39,64.78,65.35,65.87,66.80,67.90,69.23,72.02,77.54,81.14,81.73,81.83,82.28,82.72,82.98,83.03,83.11,83.19,83.34,83.53,83.46,83.39,83.31,83.20,82.95,82.68,82.43,82.23,82.09,82.00,81.59,81.38,81.61,82.28,82.92,83.44,83.85,84.11,84.03,83.94,83.77,83.48,83.24,83.03,82.82,82.60,82.41,82.21,82.09,81.93,81.78,82.39,81.79,79.77,76.52,73.02,70.80,69.48,68.59,67.66,66.60,65.24,63.76,62.33,61.13,60.52,60.28,60.30,60.56,60.62,60.63,60.59,60.45,60.16,59.84,59.58,59.40,59.25,59.12,58.96,58.80,58.67,58.52,58.41,58.32,58.20,58.09,57.95,57.77,57.57,57.38,57.16,56.97,56.81,56.66,56.54,56.40,56.21,55.98,55.75,55.58,55.40,55.24,55.17,55.11,55.07,55.03,54.98,54.97,55.00,55.04,55.07,55.07,55.07,55.07,55.07,55.07,55.07,55.07,55.07,55.08,55.12,55.31,55.52,55.72,55.95,56.18,56.39,56.60,56.84,57.07,57.30,57.53,57.76,57.95,58.20,58.42,58.64,58.86,59.09,59.30,59.54,60.00,61.16,62.09,61.95,61.05,60.16,59.45,58.95,58.80,59.08,59.43,59.95,60.07,59.77,59.58,59.49,59.43,59.40,59.44,59.69,61.11,63.37,65.42,64.59,62.44,60.75,59.87,59.50,59.43,59.65,60.53,62.66,66.44,71.02,75.48,79.50,83.00,85.73,87.29,88.44,90.06,91.59,93.16,94.69,96.06,97.03,97.65,97.60,96.93,95.73,93.89,92.65,91.78,90.89,89.93,89.16,88.54,88.00,87.41,86.84,86.68,86.72,86.61,86.62,86.61,86.59,86.60,86.56
76.68,75.86,75.29,74.98,74.85,74.51,74.17,73.88,73.63,73.38,72.94,72.53,72.25,72.06,71.67,71.27,70.89,70.52,70.18,69.91,69.67,69.40,69.08,68.77,68.50,68.29,68.10,67.83,67.98,68.33,68.62,68.69,68.03,67.08,66.18,65.79,65.53,65.30,65.05,64.76,64.52,64.34,64.14,63.97,63.97,64.50,65.12,65.64,65.96,66.43,67.38,68.53,70.05,73.46,78.66,82.06,82.75,82.37,82.68,82.98,83.09,83.10,83.16,83.25,83.32,83.34,83.11,82.94,82.82,82.72,82.55,82.34,82.11,81.91,81.76,81.67,81.30,81.19,81.53,82.18,82.72,83.08,83.35,83.64,83.85,84.06,84.07,83.82,83.63,83.49,83.31,83.07,82.87,82.71,82.60,82.44,82.28,82.86,81.79,80.58,79.36,76.56,73.52,71.71,70.72,69.59,68.23,66.81,65.41,64.02,62.69,61.73,61.25,61.28,61.80,61.80,61.75,61.70,61.48,60.92,60.33,59.88,59.61,59.45,59.35,59.19,59.02,58.92,58.78,58.68,58.59,58.50,58.36,58.20,58.05,57.87,57.64,57.41,57.23,57.10,57.01,56.87,56.71,56.53,56.29,56.07,55.91,55.75,55.58,55.44,55.29,55.15,55.00,54.88,54.85,54.89,54.90,54.89,54.88,54.88,54.88,54.88,54.88,54.88,54.89,54.89,54.91,54.99,55.20,55.42,55.65,55.88,56.11,56.29,56.47,56.69,56.90,57.12,57.35,57.58,57.81,58.09,58.30,58.49,58.72,58.95,59.13,59.32,59.71,60.58,60.99,60.71,60.00,59.32,58.74,58.41,58.38,58.68,58.96,59.11,59.07,58.95,58.99,58.96,58.95,59.00,59.15,59.70,61.42,63.69,65.24,63.36,61.04,59.73,59.33,59.09,58.93,59.11,59.50,60.41,63.22,67.19,71.30,75.13,78.58,81.56,83.52,84.94,86.53,88.20,89.24,90.50,92.69,96.00,98.96,100.70,101.14,100.27,98.29,96.59,95.11,93.53,91.81,90.45,89.44,88.70,87.94,87.27,86.92,86.72,86.44,86.21,86.11,86.17,86.45,86.81
76.66,75.94,75.68,75.71,75.60,75.25,74.85,74.46,74.13,73.79,73.50,73.24,72.99,72.77,72.48,72.10,71.66,71.21,70.70,70.31,69.95,69.56,69.20,68.88,68.81,68.93,69.09,69.38,70.01,70.63,70.80,70.25,69.20,68.07,67.05,66.25,65.91,65.67,65.44,65.19,65.00,64.81,64.61,64.44,64.31,64.79,65.42,66.00,66.52,67.13,67.71,68.54,70.31,74.27,78.91,81.98,82.91,82.75,82.88,82.82,82.63,82.59,82.66,82.73,82.78,82.79,82.70,82.51,82.34,82.22,82.11,81.95,81.77,81.58,81.38,81.24,80.94,80.97,81.43,81.95,82.31,82.61,82.89,83.14,83.38,83.61,83.75,83.77,83.80,83.81,83.69,83.48,83.36,83.26,83.14,82.94,82.67,82.53,81.87,81.17,80.45,79.00,76.41,74.39,73.02,71.77,70.17,68.63,67.17,65.81,64.58,63.76,63.34,63.30,63.50,63.25,63.13,63.05,62.77,62.15,61.29,60.47,59.88,59.70,59.56,59.44,59.31,59.18,59.08,58.95,58.84,58.77,58.66,58.48,58.30,58.12,57.90,57.71,57.55,57.42,57.33,57.18,57.03,56.84,56.62,56.44,56.29,56.10,55.90,55.75,55.59,55.44,55.29,55.14,55.03,54.94,54.85,54.75,54.70,54.69,54.69,54.69,54.69,54.69,54.73,54.76,54.79,54.92,55.13,55.33,55.52,55.76,55.99,56.17,56.31,56.43,56.56,56.73,56.93,57.15,57.34,57.58,57.81,58.00,58.19,58.42,58.59,58.83,59.19,59.64,59.87,59.76,59.35,58.77,58.22,57.92,57.93,58.22,58.37,58.38,58.29,58.17,58.21,58.32,58.48,58.75,59.36,60.38,62.25,63.75,63.84,61.89,60.28,59.38,58.98,58.71,58.59,58.80,59.17,59.70,60.93,64.13,67.72,71.12,74.57,77.80,80.35,82.34,84.01,85.75,86.81,87.77,89.10,90.97,92.82,95.23,97.81,99.24,99.25,98.54,97.27,95.44,93.73,92.13,90.62,89.30,88.52,87.95,87.58,87.30,86.99,86.71,86.61,86.78,87.15,87.14
76.67,76.24,76.27,76.47,76.36,76.02,75.57,75.13,74.72,74.50,74.31,74.09,73.84,73.58,73.32,72.98,72.61,72.22,71.75,71.30,70.72,70.03,69.50,69.22,69.44,70.04,70.74,71.38,72.22,72.73,72.30,70.92,69.67,68.57,67.57,66.65,66.31,66.09,65.86,65.66,65.48,65.28,65.08,64.89,64.70,65.09,65.67,66.29,66.94,67.61,68.07,68.72,70.35,74.08,78.05,80.90,82.22,82.37,82.52,82.37,82.10,82.00,82.08,82.14,82.17,82.17,82.16,82.04,81.87,81.72,81.64,81.52,81.37,81.20,81.00,80.84,80.61,80.71,81.20,81.59,81.84,82.12,82.41,82.64,82.87,83.10,83.30,83.46,83.58,83.69,83.73,83.69,83.49,83.40,83.28,83.16,82.97,82.54,82.17,81.73,81.16,80.47,78.71,76.88,75.31,73.98,72.27,70.62,69.08,67.69,66.65,65.96,65.59,65.41,65.20,64.73,64.53,64.43,64.09,63.37,62.41,61.45,60.68,60.32,60.17,59.90,59.58,59.44,59.36,59.24,59.13,59.02,58.94,58.74,58.55,58.38,58.18,58.02,57.88,57.76,57.66,57.53,57.36,57.16,56.94,56.78,56.63,56.44,56.25,56.07,55.91,55.76,55.60,55.45,55.29,55.09,54.89,54.72,54.64,54.61,54.59,54.56,54.56,54.54,54.57,54.61,54.66,54.81,55.01,55.17,55.32,55.50,55.68,55.84,55.97,56.05,56.13,56.26,56.44,56.64,56.80,57.02,57.25,57.45,57.62,57.84,58.06,58.31,58.60,58.81,58.93,58.89,58.66,58.24,57.71,57.45,57.47,57.68,57.70,57.65,57.54,57.47,57.62,57.97,58.35,58.85,59.73,61.08,62.73,63.36,62.38,60.72,59.68,59.06,58.65,58.35,58.28,58.51,58.88,59.27,59.69,61.73,64.55,67.68,70.94,74.08,76.89,79.32,81.38,83.30,84.51,85.44,86.38,87.50,88.63,90.79,93.68,96.07,97.33,97.85,97.64,96.62,95.56,93.93,92.04,90.27,89.19,88.64,88.28,87.96,87.63,87.34,87.33,87.49,87.59,87.09
76.80,76.79,77.03,77.23,77.12,76.78,76.33,75.83,75.42,75.49,75.37,75.11,74.81,74.50,74.17,73.92,73.73,73.54,73.28,72.80,71.96,70.83,70.06,69.92,70.51,71.63,72.97,73.69,74.44,74.45,72.98,70.75,69.49,68.57,67.73,66.99,66.73,66.53,66.33,66.16,65.94,65.76,65.56,65.35,65.15,65.41,65.92,66.56,67.24,67.88,68.46,69.09,70.20,72.97,76.19,78.93,80.70,81.22,81.60,81.67,81.55,81.39,81.48,81.53,81.54,81.54,81.54,81.52,81.40,81.22,81.14,81.05,80.92,80.75,80.56,80.33,80.14,80.33,80.83,81.10,81.34,81.61,81.91,82.14,82.37,82.60,82.79,82.94,83.03,83.18,83.47,83.68,83.27,83.12,83.03,83.05,83.15,82.90,82.66,82.27,81.67,81.10,80.33,79.03,77.52,76.20,74.51,72.81,71.18,69.73,68.87,68.25,67.86,67.50,66.85,66.23,65.96,65.81,65.41,64.56,63.63,62.77,62.00,61.34,61.19,60.70,60.08,59.96,59.79,59.60,59.42,59.28,59.19,59.00,58.81,58.65,58.49,58.34,58.23,58.12,57.99,57.89,57.70,57.48,57.27,57.10,56.95,56.79,56.61,56.40,56.23,56.08,55.92,55.76,55.59,55.33,55.03,54.78,54.70,54.63,54.57,54.52,54.51,54.44,54.43,54.45,54.53,54.68,54.82,54.93,55.02,55.11,55.20,55.34,55.46,55.54,55.62,55.76,55.91,56.07,56.23,56.45,56.68,56.88,57.05,57.27,57.54,57.79,57.96,58.12,58.15,58.06,57.90,57.67,57.20,56.97,56.98,57.09,56.99,56.91,56.83,56.86,57.26,57.94,58.59,59.25,60.21,61.70,62.75,62.54,61.04,59.89,59.19,58.70,58.31,57.97,57.98,58.22,58.56,58.95,59.34,60.02,61.88,64.84,67.78,70.56,73.26,75.94,78.56,80.77,82.20,83.37,84.54,85.87,87.01,88.25,89.77,91.70,93.25,94.96,96.36,96.94,96.97,95.54,93.60,91.65,90.03,89.36,88.98,88.64,88.28,88.02,88.13,88.12,87.66,86.69
77.31,77.49,77.78,77.99,77.88,77.53,76.97,76.40,76.10,76.45,76.52,76.33,76.03,75.69,75.11,75.07,75.25,75.13,74.91,74.24,73.31,72.28,71.54,71.89,72.86,74.16,75.60,76.31,76.64,75.75,73.08,70.54,69.34,68.57,67.84,67.29,67.14,67.00,66.82,66.66,66.44,66.23,66.04,65.84,65.63,65.75,66.18,66.81,67.50,68.13,68.66,69.15,69.84,71.41,73.93,76.32,78.13,79.42,80.39,80.81,80.85,80.78,80.83,80.88,80.91,80.91,80.91,80.91,80.86,80.77,80.68,80.57,80.42,80.18,79.70,78.79,78.47,79.10,80.28,80.59,80.83,81.11,81.41,81.68,81.92,82.12,82.29,82.43,82.52,82.80,83.31,83.61,82.94,82.69,82.58,82.61,82.81,82.84,82.91,82.71,82.17,81.59,81.01,80.21,79.30,78.44,76.95,75.38,73.84,72.48,71.58,70.86,70.27,69.61,68.50,67.72,67.39,67.19,66.73,65.82,64.95,64.15,63.40,62.80,62.65,62.52,62.48,62.62,61.71,60.49,59.70,59.58,59.46,59.28,59.12,58.96,58.81,58.70,58.58,58.46,58.35,58.23,58.02,57.81,57.63,57.48,57.28,57.11,56.94,56.77,56.60,56.45,56.26,56.02,55.77,55.47,55.14,54.85,54.77,54.69,54.64,54.61,54.55,54.48,54.43,54.39,54.39,54.45,54.48,54.50,54.55,54.63,54.70,54.83,54.95,55.03,55.11,55.25,55.38,55.50,55.66,55.88,56.11,56.32,56.48,56.70,56.93,57.11,57.28,57.46,57.39,57.24,57.09,56.91,56.63,56.44,56.39,56.43,56.38,56.34,56.31,56.45,57.21,58.17,58.97,59.72,60.73,62.11,62.21,61.44,60.25,59.44,58.84,58.31,57.82,57.50,57.59,57.88,58.25,58.64,59.02,59.47,60.61,62.78,65.95,68.56,71.04,73.52,75.98,78.26,80.09,81.59,82.90,84.23,85.40,86.53,87.73,89.19,90.83,92.81,94.44,95.14,95.52,95.40,94.76,93.50,91.60,90.51,89.80,89.29,88.96,88.72,88.58,88.16,87.27,86.20
77.89,78.22,78.56,78.76,78.59,78.16,77.49,76.94,76.89,77.45,77.68,77.58,77.27,76.81,76.07,76.19,76.69,76.71,76.53,75.79,74.85,73.96,73.48,74.29,75.54,76.97,78.54,79.17,78.75,76.84,73.33,70.46,69.29,68.62,68.02,67.63,67.56,67.48,67.33,67.15,66.94,66.72,66.51,66.33,66.11,66.08,66.44,67.07,67.67,68.25,68.69,69.07,69.48,70.13,71.80,73.54,75.09,76.81,78.13,78.86,79.20,79.36,79.46,79.55,79.58,79.59,79.61,79.61,79.62,79.58,79.33,79.00,78.65,78.16,77.31,75.94,75.53,76.28,77.76,78.67,79.71,80.45,80.91,81.21,81.45,81.63,81.78,81.93,82.06,82.52,83.20,83.57,82.70,82.25,82.06,82.10,82.33,82.53,82.82,82.88,82.59,82.07,81.56,81.08,80.63,80.13,79.03,77.81,76.59,75.40,74.45,73.74,73.11,72.28,70.80,69.70,69.11,68.69,68.07,67.15,66.32,65.56,64.87,64.38,64.22,64.41,64.83,65.18,64.18,62.78,61.78,61.48,61.19,60.13,59.43,59.28,59.15,59.05,58.93,58.80,58.70,58.55,58.35,58.16,57.99,57.81,57.60,57.42,57.27,57.12,56.95,56.76,56.52,56.21,55.89,55.57,55.22,54.91,54.83,54.77,54.73,54.70,54.62,54.54,54.47,54.40,54.34,54.32,54.25,54.21,54.21,54.25,54.31,54.40,54.48,54.53,54.61,54.74,54.86,54.95,55.09,55.31,55.53,55.73,55.91,56.11,56.29,56.44,56.60,56.76,56.62,56.44,56.28,56.14,56.01,55.90,55.84,55.84,55.84,55.84,55.88,56.17,57.23,58.39,59.31,60.14,61.10,62.13,61.55,60.52,59.71,59.08,58.53,57.96,57.42,57.06,57.17,57.51,57.91,58.32,58.72,59.17,59.84,61.25,64.39,66.86,69.17,71.46,73.72,76.03,78.08,79.82,81.26,82.61,83.80,84.95,86.08,87.25,88.91,90.80,92.27,92.89,93.31,94.16,94.71,94.47,93.12,91.98,91.04,90.29,89.81,89.41,88.88,88.04,86.87,85.73
78.43,78.91,79.36,79.57,79.23,78.56,77.81,77.47,77.86,78.52,78.85,78.83,78.45,77.70,77.03,77.21,77.83,78.21,78.12,77.57,76.69,75.80,75.89,77.01,78.40,79.98,81.89,82.34,80.70,77.72,74.08,70.69,69.40,68.80,68.30,68.05,68.00,67.95,67.82,67.61,67.44,67.22,66.99,66.77,66.54,66.40,66.72,67.32,67.69,68.10,68.50,68.86,69.17,69.50,70.05,70.72,71.62,73.06,74.14,75.06,75.87,76.47,76.84,76.98,77.03,77.04,77.10,77.11,77.14,77.03,76.34,75.51,74.64,73.63,72.38,71.19,70.84,71.02,71.88,74.27,77.46,79.48,80.35,80.68,80.94,81.12,81.28,81.44,81.68,82.34,83.16,83.57,82.66,81.88,81.56,81.59,81.80,81.92,82.23,82.61,82.85,82.59,82.20,81.77,81.31,80.86,80.38,79.85,79.21,78.38,77.43,76.97,76.64,75.95,74.25,72.56,71.39,70.44,69.43,68.59,67.75,67.00,66.41,66.01,65.87,66.03,66.38,66.78,67.06,67.30,67.07,66.23,65.54,62.03,59.87,59.72,59.61,59.41,59.27,59.17,59.02,58.87,58.70,58.52,58.30,58.08,57.90,57.74,57.59,57.42,57.21,56.95,56.65,56.33,55.96,55.64,55.29,54.97,54.90,54.87,54.83,54.76,54.69,54.60,54.53,54.48,54.46,54.39,54.32,54.25,54.18,54.14,54.14,54.12,54.07,54.03,54.10,54.24,54.36,54.43,54.53,54.74,54.93,55.11,55.32,55.49,55.65,55.81,55.93,55.97,55.84,55.68,55.53,55.39,55.35,55.37,55.40,55.40,55.40,55.40,55.53,56.03,57.27,58.50,59.56,60.46,61.19,61.52,60.88,60.03,59.39,58.77,58.21,57.70,57.21,56.75,56.77,57.10,57.55,58.00,58.46,58.92,59.42,60.40,62.82,65.11,67.40,69.69,71.94,74.25,76.20,77.94,79.56,81.00,82.22,83.34,84.45,85.65,87.27,88.74,89.88,90.53,90.80,91.57,92.65,93.73,94.26,93.85,92.95,91.89,90.95,90.11,89.04,87.84,86.61,85.33
78.86,79.33,80.59,81.57,80.26,79.14,78.35,78.16,78.85,79.98,80.85,80.79,79.81,78.58,77.97,78.27,79.26,80.54,80.84,79.78,78.41,77.55,78.08,80.48,83.11,85.17,85.94,85.00,82.53,79.30,75.73,72.18,70.17,69.15,68.70,68.48,68.41,68.37,68.28,68.09,67.90,67.68,67.46,67.26,67.03,66.80,66.89,67.23,67.54,67.88,68.21,68.52,68.81,69.06,69.31,69.62,70.08,70.86,71.42,71.95,72.46,72.86,73.08,73.19,73.23,73.24,73.27,73.25,73.23,73.12,72.64,72.11,71.54,70.90,70.17,69.47,69.25,69.28,69.74,71.30,73.39,75.46,77.37,79.04,80.20,80.62,80.77,80.99,81.48,82.29,83.16,83.57,82.66,81.80,81.25,81.06,81.20,81.29,81.63,82.04,82.34,82.36,82.35,82.23,81.97,81.55,81.16,80.77,80.37,79.91,79.31,79.09,78.93,78.54,77.51,76.24,74.85,73.40,71.93,70.64,69.40,68.48,67.98,67.65,67.52,67.65,67.95,68.38,69.07,69.96,70.70,70.97,70.58,67.95,66.05,65.41,64.54,61.16,59.65,59.49,59.34,59.19,59.03,58.84,58.62,58.42,58.27,58.09,57.88,57.65,57.38,57.06,56.73,56.41,56.03,55.70,55.35,55.05,55.00,54.96,54.90,54.83,54.75,54.67,54.62,54.58,54.53,54.46,54.39,54.31,54.22,54.16,54.15,54.09,54.02,53.96,53.95,54.01,54.05,54.05,54.07,54.20,54.33,54.47,54.65,54.82,54.97,55.13,55.23,55.16,55.02,54.94,54.89,54.86,54.85,54.88,54.92,54.95,54.95,54.95,55.26,56.03,57.33,58.58,59.53,60.25,60.79,60.86,60.32,59.65,59.07,58.49,57.94,57.42,56.92,56.48,56.44,56.77,57.24,57.73,58.20,58.67,59.15,59.88,61.46,63.51,65.70,67.91,70.16,72.40,74.30,76.05,77.71,79.21,80.53,81.68,82.77,83.94,84.94,85.63,86.18,86.73,87.31,88.51,90.17,91.94,93.00,93.44,93.32,92.69,91.59,90.77,89.82,88.69,87.33,85.80
79.31,80.29,82.61,84.23,81.67,79.81,78.92,78.95,80.03,81.96,83.42,83.27,81.56,79.62,78.91,79.77,81.64,83.64,84.11,82.52,80.78,80.12,81.15,84.41,87.79,89.97,89.53,87.45,84.65,81.47,77.97,74.34,71.50,69.80,69.15,68.92,68.83,68.80,68.74,68.58,68.36,68.13,67.92,67.73,67.48,67.19,67.03,67.08,67.31,67.62,67.88,68.15,68.43,68.67,68.90,69.09,69.25,69.41,69.52,69.61,69.70,69.77,69.79,69.85,69.90,69.91,69.88,69.81,69.72,69.59,69.44,69.35,69.20,69.06,68.95,68.72,68.61,68.65,68.86,69.21,69.69,71.29,73.75,76.39,78.25,79.13,79.67,80.31,81.21,82.14,83.03,83.50,82.73,81.89,80.97,80.34,80.31,80.43,80.91,81.33,81.56,81.82,82.19,82.41,82.40,82.11,81.72,81.34,81.06,80.87,80.64,80.58,80.52,80.39,80.09,79.46,78.17,76.54,74.85,73.14,71.55,70.48,70.00,69.70,69.69,69.94,70.38,71.03,71.77,72.77,74.09,75.40,75.42,74.26,72.96,71.83,70.25,64.47,61.80,61.43,60.96,59.87,59.40,59.16,58.94,58.77,58.61,58.39,58.13,57.82,57.51,57.14,56.79,56.47,56.09,55.76,55.42,55.13,55.11,55.04,54.97,54.89,54.81,54.75,54.72,54.67,54.60,54.53,54.45,54.37,54.30,54.23,54.22,54.16,54.08,54.00,53.93,53.91,53.87,53.80,53.74,53.78,53.83,53.91,54.05,54.17,54.30,54.43,54.51,54.41,54.28,54.26,54.33,54.39,54.41,54.41,54.44,54.51,54.51,54.54,55.04,56.07,57.29,58.42,59.18,59.70,60.12,60.13,59.77,59.26,58.73,58.20,57.66,57.12,56.60,56.17,56.13,56.45,56.95,57.47,57.94,58.41,58.92,59.50,60.34,62.11,64.16,66.30,68.51,70.61,72.46,74.16,75.65,76.74,78.05,79.31,80.53,81.83,82.26,82.26,82.30,82.74,83.68,85.38,87.60,89.89,91.24,92.38,93.05,93.02,92.04,91.35,90.66,89.71,88.32,86.58
79.92,83.31,86.81,87.90,83.94,80.61,79.37,79.84,81.86,85.24,87.07,86.74,84.43,81.19,79.86,82.70,86.82,88.43,88.07,86.58,85.41,85.52,87.38,89.04,90.43,91.27,90.88,89.78,87.80,84.93,81.16,77.38,73.96,71.25,69.57,69.36,69.32,69.28,69.19,69.03,68.86,68.64,68.39,68.11,67.76,67.44,67.21,67.05,66.99,67.24,67.53,67.81,68.06,68.29,68.48,68.64,68.78,68.89,69.01,69.11,69.17,69.19,69.25,69.32,69.39,69.41,69.25,69.20,69.02,68.76,68.67,68.58,68.46,68.33,68.24,68.08,67.98,68.04,68.27,68.59,69.03,69.70,70.58,71.58,72.58,74.39,76.63,78.83,80.50,81.58,82.50,83.17,83.05,82.27,80.62,79.06,78.53,78.81,79.75,80.44,80.70,81.06,81.53,81.89,82.13,82.28,82.16,81.92,81.67,81.46,81.23,81.14,81.04,80.88,80.64,80.30,79.77,79.03,77.97,76.49,75.11,74.07,73.44,73.13,73.62,74.45,75.61,77.13,77.67,78.01,78.38,78.77,78.84,77.69,76.36,75.21,73.92,71.46,69.80,68.71,66.89,61.77,59.92,59.48,59.25,59.03,58.82,58.56,58.25,57.89,57.57,57.21,56.85,56.53,56.15,55.83,55.51,55.24,55.18,55.10,55.03,54.95,54.88,54.86,54.81,54.74,54.66,54.58,54.51,54.44,54.37,54.35,54.30,54.22,54.14,54.07,54.00,53.93,53.89,53.86,53.79,53.74,53.70,53.68,53.71,53.70,53.72,53.76,53.79,53.81,53.78,53.81,53.87,53.89,53.95,53.97,54.00,54.06,54.07,54.20,54.91,56.05,56.94,57.58,58.06,58.56,59.11,59.22,59.10,58.78,58.30,57.81,57.28,56.74,56.21,55.76,55.78,56.17,56.68,57.15,57.62,58.13,58.66,59.20,59.81,61.19,63.07,65.19,67.31,69.11,70.84,72.32,73.05,72.19,73.02,74.62,76.54,78.53,79.09,79.09,79.15,79.66,80.58,82.53,85.15,88.02,90.31,91.54,92.27,92.63,92.43,91.77,91.06,90.27,89.19,87.46
84.07,87.84,90.67,90.65,86.28,82.27,81.35,82.69,85.50,88.79,90.31,89.85,87.61,84.49,83.78,86.50,90.06,91.29,90.68,89.71,89.09,89.31,90.72,91.51,92.09,92.41,91.97,91.25,89.92,87.80,84.69,80.97,77.86,75.22,73.00,71.26,70.37,69.97,69.77,69.55,69.31,69.02,68.72,68.41,68.09,67.78,67.51,67.27,67.05,67.09,67.25,67.46,67.71,67.92,68.06,68.20,68.33,68.42,68.53,68.63,68.69,68.73,68.80,68.86,68.95,69.02,68.84,68.72,68.51,68.20,67.99,67.86,67.77,67.71,67.72,67.69,67.69,67.72,67.81,68.06,68.39,68.68,68.95,69.26,69.80,71.27,73.29,75.59,77.94,79.61,80.71,81.22,80.75,79.14,76.95,75.08,74.41,74.97,76.21,77.42,78.52,79.92,80.85,81.58,82.06,82.09,82.16,82.06,81.91,81.81,81.73,81.66,81.52,81.32,81.09,80.83,80.59,80.26,79.68,78.75,77.94,77.31,76.87,76.68,77.09,77.75,78.63,79.75,80.04,80.08,80.06,80.08,80.21,79.42,78.55,77.73,76.51,75.23,73.88,72.34,69.97,64.59,61.77,60.33,59.50,59.22,58.98,58.69,58.34,57.98,57.64,57.27,56.92,56.60,56.22,55.89,55.58,55.33,55.25,55.16,55.09,55.02,54.98,54.95,54.89,54.81,54.72,54.65,54.58,54.50,54.44,54.43,54.36,54.28,54.21,54.14,54.06,53.97,53.94,53.92,53.84,53.77,53.69,53.64,53.63,53.56,53.52,53.50,53.51,53.52,53.49,53.51,53.54,53.52,53.58,53.56,53.55,53.62,53.66,53.99,54.67,55.54,56.12,56.54,56.93,57.40,57.98,58.09,58.05,57.87,57.55,57.21,56.81,56.33,55.78,55.33,55.46,55.88,56.39,56.88,57.34,57.87,58.41,58.93,59.44,60.39,62.05,64.09,66.02,67.74,69.19,70.26,70.54,69.41,70.01,71.37,73.13,75.31,76.23,76.41,76.56,77.14,78.13,80.18,82.97,86.13,88.86,90.52,91.42,91.88,92.06,91.70,91.22,90.62,89.73,88.13
89.84,92.94,94.20,92.86,88.53,84.55,84.38,86.73,90.02,92.37,93.19,92.59,90.81,88.68,88.99,90.40,91.95,92.88,92.45,92.13,91.96,91.92,92.27,92.72,93.23,93.51,92.95,92.22,91.35,90.12,88.07,84.68,82.25,80.19,77.77,74.13,72.08,71.11,70.62,70.17,69.70,69.30,68.96,68.67,68.42,68.13,67.87,67.62,67.34,67.13,67.06,67.15,67.39,67.55,67.65,67.76,67.89,67.97,68.05,68.13,68.21,68.28,68.36,68.39,68.49,68.63,68.50,68.30,68.06,67.78,67.42,67.29,67.27,67.32,67.46,67.59,67.72,67.69,67.56,67.69,67.82,68.03,68.27,68.51,68.89,69.40,70.23,71.74,74.40,76.69,77.97,78.08,76.80,74.19,71.84,70.19,69.61,70.42,71.75,73.39,75.50,78.34,80.10,81.43,82.12,81.68,81.85,81.87,81.84,81.92,82.03,82.00,81.88,81.68,81.48,81.20,80.96,80.72,80.44,80.16,80.02,79.90,79.80,79.77,79.81,79.91,80.05,80.17,80.20,80.20,80.18,80.16,80.32,80.07,79.85,79.51,78.32,76.96,75.43,73.61,71.17,67.72,64.39,61.59,59.73,59.35,59.10,58.77,58.41,58.10,57.72,57.34,56.99,56.66,56.29,55.96,55.64,55.39,55.31,55.23,55.16,55.11,55.09,55.02,54.95,54.86,54.79,54.72,54.64,54.56,54.51,54.50,54.42,54.35,54.28,54.20,54.11,54.04,54.01,53.98,53.91,53.83,53.75,53.70,53.69,53.63,53.57,53.54,53.53,53.49,53.44,53.42,53.41,53.37,53.43,53.38,53.33,53.37,53.42,53.87,54.33,54.68,55.03,55.41,55.79,56.25,56.77,56.84,56.78,56.70,56.58,56.41,56.18,55.80,55.30,54.90,55.15,55.59,56.08,56.61,57.08,57.61,58.14,58.66,59.14,59.71,61.11,62.97,64.70,66.39,67.49,68.08,68.17,67.82,68.38,69.22,70.38,72.34,73.61,74.06,74.31,74.96,76.12,78.28,81.16,84.39,87.18,89.34,90.47,90.94,91.23,91.29,91.13,90.74,90.00,88.65
93.14,96.52,97.25,95.02,90.31,87.36,88.17,90.81,93.56,95.43,95.48,94.67,93.46,92.16,91.67,92.21,93.27,94.15,94.10,93.92,93.76,93.69,93.95,94.25,94.56,94.63,93.97,93.26,92.53,91.50,89.83,87.26,84.84,82.57,80.23,77.43,75.38,73.78,72.40,71.10,69.97,69.42,69.12,68.87,68.64,68.38,68.14,67.90,67.64,67.41,67.23,67.12,67.09,67.18,67.27,67.35,67.45,67.53,67.61,67.68,67.76,67.84,67.91,67.97,68.08,68.21,68.16,67.93,67.67,67.47,67.35,67.59,67.77,67.88,68.04,68.19,68.31,68.23,68.00,67.94,67.84,67.77,67.76,67.88,68.22,68.65,69.22,70.10,71.52,73.29,74.25,74.01,72.43,70.79,69.56,68.72,68.39,68.95,69.78,70.73,72.30,75.70,79.06,81.31,82.07,81.22,81.28,81.32,81.33,81.43,81.57,81.58,81.59,81.60,81.61,81.48,81.28,81.03,80.78,80.68,80.59,80.47,80.36,80.31,80.30,80.31,80.33,80.33,80.33,80.33,80.30,80.25,80.31,80.16,80.04,79.89,79.40,78.39,76.68,74.44,71.92,69.80,66.94,63.33,59.95,59.48,59.19,58.84,58.48,58.16,57.78,57.43,57.09,56.73,56.40,56.04,55.71,55.45,55.38,55.29,55.25,55.22,55.16,55.08,55.01,54.93,54.85,54.78,54.70,54.65,54.62,54.56,54.49,54.41,54.33,54.26,54.19,54.10,54.06,54.05,53.97,53.89,53.81,53.75,53.71,53.73,53.75,53.79,53.83,53.87,53.93,53.99,54.04,54.07,54.14,54.23,54.23,54.05,53.87,53.86,53.73,53.59,53.94,54.33,54.71,55.14,55.57,55.59,55.52,55.44,55.35,55.20,55.06,54.88,54.64,54.48,54.82,55.28,55.78,56.30,56.77,57.29,57.81,58.30,58.81,59.31,60.32,61.79,63.47,64.74,65.55,66.00,66.23,66.60,67.29,68.09,69.02,70.23,71.25,71.77,72.16,72.91,74.42,77.23,80.39,83.43,86.03,87.94,89.17,89.93,90.38,90.52,90.52,90.35,89.91,89.11
96.17,99.14,99.03,96.25,92.31,91.21,92.94,95.41,97.21,98.37,97.96,97.09,96.20,95.22,94.10,94.06,94.78,95.56,95.75,95.60,95.41,95.37,95.62,95.81,95.91,95.75,95.06,94.36,93.59,92.47,90.75,88.56,86.07,83.60,81.29,79.16,77.17,75.20,73.24,71.40,69.98,69.39,69.08,68.80,68.56,68.33,68.09,67.86,67.63,67.42,67.28,67.17,67.09,67.11,67.14,67.19,67.23,67.27,67.30,67.33,67.36,67.40,67.47,67.56,67.69,67.81,67.79,67.55,67.34,67.27,67.45,67.94,68.30,68.54,68.73,68.89,68.97,68.86,68.60,68.44,68.24,68.00,67.80,67.74,67.84,68.15,68.59,69.14,69.73,70.81,71.37,71.06,69.88,69.12,68.65,68.30,68.06,68.24,68.67,69.14,70.08,72.78,76.00,78.99,80.85,80.59,80.67,80.70,80.73,80.83,81.00,81.05,81.16,81.33,81.50,81.52,81.45,81.31,81.09,81.03,80.90,80.75,80.60,80.51,80.49,80.49,80.49,80.49,80.47,80.46,80.43,80.36,80.33,80.20,80.09,80.03,79.97,79.38,77.55,75.00,72.52,71.13,68.81,64.88,60.46,59.59,59.20,58.87,58.54,58.23,57.85,57.52,57.18,56.80,56.48,56.12,55.77,55.52,55.44,55.38,55.34,55.31,55.22,55.15,55.08,55.00,54.91,54.84,54.77,54.73,54.71,54.63,54.56,54.47,54.40,54.33,54.25,54.16,54.13,54.11,54.03,53.96,53.90,53.85,53.87,53.98,54.10,54.24,54.40,54.50,54.63,54.74,54.83,54.91,54.99,55.16,55.23,55.05,54.76,54.57,54.18,53.70,53.75,53.81,53.88,54.05,54.38,54.33,54.28,54.26,54.24,54.16,54.12,54.09,54.05,54.07,54.40,54.86,55.36,55.87,56.36,56.87,57.37,57.87,58.38,58.91,59.66,60.73,62.14,63.11,63.78,64.26,64.66,65.36,66.13,66.93,67.74,68.51,69.27,69.77,70.20,70.98,72.87,76.25,79.67,82.52,84.74,86.31,87.48,88.32,88.79,88.87,88.96,88.98,88.88,88.64
99.21,100.80,99.39,96.44,94.63,96.03,98.49,100.41,101.03,101.23,100.70,99.94,99.06,97.88,96.62,96.26,96.59,97.16,97.36,97.24,97.08,97.06,97.25,97.31,97.21,96.89,96.20,95.51,94.54,93.06,90.90,88.57,86.02,83.50,81.12,79.02,77.01,74.97,72.90,70.96,69.68,69.16,68.83,68.44,68.19,67.95,67.72,67.50,67.29,67.13,67.16,67.30,67.43,67.40,67.34,67.31,67.31,67.25,67.19,67.13,67.07,67.03,67.08,67.19,67.33,67.44,67.38,67.19,67.11,67.25,67.67,68.19,68.70,69.14,69.44,69.63,69.67,69.55,69.32,69.15,68.98,68.73,68.44,68.15,67.79,67.80,68.10,68.61,69.09,69.50,69.68,69.63,69.42,69.15,68.85,68.51,68.16,67.94,68.19,68.59,69.08,69.92,71.02,74.33,78.17,79.52,79.83,79.87,79.90,80.03,80.27,80.45,80.66,80.91,81.13,81.27,81.43,81.51,81.41,81.29,81.14,80.99,80.84,80.71,80.68,80.67,80.67,80.65,80.59,80.57,80.53,80.46,80.39,80.26,80.15,80.09,80.06,79.78,77.93,75.29,73.02,71.75,69.79,66.02,61.26,59.68,59.14,58.85,58.58,58.27,57.89,57.57,57.24,56.86,56.55,56.18,55.84,55.58,55.51,55.49,55.44,55.36,55.29,55.22,55.14,55.06,54.98,54.91,54.83,54.80,54.78,54.70,54.61,54.54,54.47,54.39,54.31,54.24,54.20,54.19,54.11,54.05,54.01,54.05,54.19,54.40,54.60,54.88,55.18,55.34,55.46,55.59,55.72,55.80,55.88,56.01,56.18,56.28,56.04,56.12,55.87,55.21,54.63,54.05,53.46,53.13,53.28,53.16,53.16,53.24,53.35,53.40,53.46,53.52,53.58,53.66,53.89,54.32,54.83,55.31,55.84,56.33,56.83,57.35,57.84,58.47,59.13,59.85,60.73,61.58,62.30,62.90,63.42,64.05,64.79,65.57,66.35,67.10,67.69,68.10,68.46,69.22,71.45,75.17,78.75,81.48,83.15,84.43,85.39,86.05,86.32,86.29,86.37,86.56,86.82,87.05
101.42,101.35,99.18,96.88,97.13,99.37,101.75,103.35,103.79,103.69,103.03,102.21,101.33,100.23,99.13,98.51,98.35,98.54,98.78,98.77,98.69,98.66,98.63,98.51,98.33,97.97,97.29,96.72,95.22,93.02,90.48,88.23,85.86,83.42,81.02,78.86,76.89,74.87,72.77,70.69,68.92,68.57,68.56,68.29,67.98,67.63,67.41,67.33,67.31,67.33,67.47,67.67,67.82,67.80,67.73,67.69,67.68,67.60,67.53,67.45,67.37,67.30,67.28,67.27,67.25,67.24,67.29,67.29,67.32,67.49,67.97,68.49,69.03,69.67,70.40,70.84,70.81,70.56,70.26,70.02,69.78,69.44,69.06,68.69,68.20,67.91,67.88,68.12,68.51,68.75,68.86,68.90,68.94,68.94,68.76,68.45,68.09,67.90,68.15,68.54,68.92,69.30,69.76,71.44,73.84,75.78,76.64,76.81,76.91,77.28,77.98,79.05,79.95,80.52,80.80,81.00,81.17,81.30,81.37,81.31,81.22,81.10,81.00,80.94,80.89,80.82,80.73,80.65,80.56,80.51,80.46,80.38,80.30,80.23,80.16,80.09,79.95,78.97,77.31,75.34,73.38,71.85,69.56,65.84,61.48,59.75,59.08,58.65,58.29,58.03,57.77,57.50,57.23,56.92,56.61,56.24,55.90,55.65,55.62,55.57,55.50,55.43,55.35,55.28,55.20,55.12,55.04,54.97,54.89,54.86,54.83,54.75,54.68,54.60,54.53,54.45,54.42,54.35,54.36,54.41,54.39,54.35,54.34,54.40,54.60,54.84,55.03,55.27,55.57,55.85,56.11,56.38,56.61,56.69,56.77,56.86,57.09,57.41,57.37,57.70,57.58,56.87,56.13,55.35,54.46,53.66,53.23,52.92,52.80,52.80,52.88,52.95,53.03,53.11,53.19,53.31,53.45,53.81,54.28,54.79,55.29,55.79,56.29,56.81,57.41,58.01,58.52,59.05,59.78,60.50,61.14,61.70,62.20,62.74,63.43,64.18,64.95,65.69,66.15,66.50,66.98,68.00,70.18,73.47,76.81,79.56,81.23,82.45,83.31,83.80,83.80,83.55,83.51,83.77,84.28,84.70
103.06,101.72,99.34,97.95,99.73,102.21,104.35,105.77,106.25,106.07,105.27,104.39,103.66,103.00,102.39,101.86,101.52,101.49,101.42,101.20,101.05,101.00,100.76,100.41,100.05,99.55,98.69,97.99,95.97,93.08,90.02,87.84,85.64,83.38,81.10,78.98,77.04,75.05,73.03,71.00,68.69,68.28,68.34,68.08,67.78,67.40,67.25,67.34,67.53,67.69,67.89,68.09,68.22,68.24,68.19,68.16,68.14,68.06,67.97,67.89,67.81,67.74,67.66,67.46,67.29,67.27,67.39,67.52,67.64,67.79,68.13,68.75,69.36,70.19,71.40,72.17,72.09,71.72,71.32,71.01,70.66,70.22,69.73,69.25,68.71,68.22,67.88,67.81,68.03,68.18,68.28,68.36,68.46,68.59,68.54,68.31,67.99,67.95,68.23,68.59,68.93,69.20,69.45,69.67,70.38,72.14,73.17,73.40,73.53,73.99,74.92,76.81,78.60,79.86,80.45,80.74,80.89,81.04,81.24,81.29,81.22,81.12,81.04,81.04,80.97,80.85,80.70,80.57,80.48,80.42,80.35,80.27,80.20,80.17,80.09,79.85,79.14,77.20,75.60,74.33,72.95,71.30,68.63,65.03,61.28,59.72,59.02,58.50,58.05,57.77,57.55,57.32,57.09,56.86,56.58,56.23,55.92,55.72,55.70,55.63,55.55,55.47,55.40,55.32,55.24,55.16,55.09,55.01,54.93,54.91,54.92,54.84,54.76,54.69,54.61,54.54,54.52,54.47,54.53,54.67,54.71,54.72,54.72,54.78,54.98,55.23,55.44,55.64,55.90,56.23,56.60,56.98,57.32,57.45,57.59,57.71,57.96,58.39,58.60,59.04,59.01,58.39,57.63,56.68,55.59,54.50,53.56,53.01,52.77,52.66,52.65,52.69,52.73,52.77,52.84,52.97,53.07,53.32,53.73,54.25,54.72,55.25,55.76,56.29,56.91,57.43,57.82,58.26,58.95,59.56,60.09,60.58,61.03,61.48,62.09,62.79,63.53,64.23,64.60,64.91,65.54,66.88,68.99,71.77,74.67,77.30,79.09,80.31,81.11,81.50,81.38,80.98,80.88,81.24,81.99,82.61
103.91,102.29,100.59,100.28,102.43,104.72,106.72,108.11,108.60,108.47,107.52,106.69,106.44,106.89,107.32,107.61,107.86,107.99,106.88,105.68,105.03,104.98,104.67,103.96,103.19,102.24,100.73,99.41,97.04,93.65,89.79,87.52,85.37,83.36,81.54,79.73,77.73,75.78,74.04,72.47,69.93,68.89,68.28,67.60,67.54,67.38,67.42,67.69,67.96,68.13,68.33,68.54,68.67,68.68,68.67,68.67,68.65,68.57,68.44,68.34,68.26,68.18,68.10,67.69,67.48,67.69,67.78,67.82,67.94,68.04,67.94,68.85,69.67,70.73,72.37,73.54,73.47,73.00,72.53,72.20,71.73,71.18,70.53,69.79,69.22,68.69,68.24,67.94,67.74,67.73,67.78,67.87,68.01,68.10,68.19,68.14,67.89,68.03,68.31,68.61,68.84,69.03,69.26,69.45,69.72,70.19,70.31,70.37,70.42,70.56,71.00,73.16,75.96,78.56,80.04,80.48,80.70,80.91,81.13,81.27,81.14,80.97,80.86,80.85,80.78,80.66,80.52,80.44,80.36,80.32,80.28,80.20,80.13,80.06,79.86,79.10,76.90,73.97,72.02,71.13,70.84,69.58,66.84,63.46,60.43,59.47,58.98,58.53,58.06,57.64,57.23,56.94,56.73,56.55,56.31,56.06,55.88,55.77,55.70,55.63,55.55,55.47,55.40,55.32,55.24,55.16,55.09,55.01,54.93,54.97,55.05,54.97,54.89,54.81,54.74,54.66,54.60,54.57,54.68,54.89,55.06,55.09,55.09,55.11,55.20,55.52,55.82,56.09,56.31,56.51,56.81,57.20,57.62,57.95,58.29,58.54,58.77,59.10,59.59,59.85,59.84,59.53,58.78,57.48,56.26,55.20,54.21,53.35,53.02,52.88,52.76,52.70,52.60,52.52,52.51,52.60,52.74,52.87,53.16,53.68,54.15,54.67,55.25,55.80,56.24,56.60,56.97,57.44,58.12,58.68,59.14,59.54,59.94,60.34,60.83,61.41,62.05,62.66,63.02,63.33,64.06,65.66,67.88,70.34,72.67,74.75,76.60,77.89,78.67,79.11,79.20,78.87,78.89,79.47,80.52,81.50
104.47,102.46,101.74,102.92,105.37,107.52,109.11,110.12,110.45,110.14,109.38,108.77,108.69,109.50,110.38,111.17,111.83,112.05,110.97,109.59,108.75,108.64,108.48,107.94,107.15,105.89,103.63,100.98,97.78,94.04,90.22,88.23,86.69,85.48,84.34,82.59,80.15,78.48,77.27,75.40,70.99,69.24,68.53,67.82,67.59,67.48,67.65,68.01,68.31,68.55,68.78,68.98,69.11,69.13,69.13,69.13,69.11,69.03,68.92,68.80,68.70,68.58,68.22,67.69,67.59,68.03,67.97,67.94,68.17,68.28,67.72,68.71,70.21,71.95,73.80,74.95,74.84,74.30,73.76,73.32,72.71,72.04,71.31,70.50,69.71,68.92,68.31,68.03,68.01,67.90,67.86,67.91,67.98,68.00,68.03,67.99,67.84,67.97,68.22,68.45,68.64,68.80,69.02,69.21,69.36,69.45,69.11,68.97,68.97,69.04,69.35,70.95,74.00,77.65,79.85,80.42,80.60,80.79,81.01,81.21,81.10,80.93,80.78,80.68,80.62,80.52,80.39,80.31,80.23,80.18,80.14,80.10,80.03,79.26,78.16,76.61,73.93,70.57,68.37,67.37,67.10,66.09,63.82,61.45,59.73,59.03,58.62,58.23,57.80,57.37,56.95,56.63,56.42,56.30,56.14,55.95,55.83,55.77,55.66,55.58,55.50,55.42,55.35,55.28,55.20,55.12,55.04,54.97,54.95,55.03,55.13,55.09,55.02,54.94,54.86,54.78,54.71,54.72,54.86,55.08,55.27,55.42,55.50,55.51,55.52,55.77,56.07,56.38,56.66,56.89,57.16,57.48,57.84,58.23,58.65,58.99,59.29,59.62,60.04,60.23,60.19,59.92,59.28,58.11,56.97,55.92,54.89,53.92,53.39,53.12,52.98,52.89,52.76,52.62,52.53,52.51,52.51,52.54,52.72,53.13,53.62,54.10,54.59,55.07,55.45,55.78,56.15,56.65,57.29,57.81,58.23,58.62,59.00,59.39,59.78,60.23,60.73,61.15,61.45,61.79,62.57,64.18,66.42,68.69,70.81,72.72,74.38,75.40,76.16,76.73,76.99,77.00,77.34,78.06,79.10,80.07
104.90,102.61,102.89,105.43,108.10,110.13,111.31,111.93,112.06,111.64,111.23,110.85,110.78,111.66,112.77,113.93,114.88,115.21,114.53,113.21,112.22,111.97,111.97,111.60,110.76,109.19,106.27,102.38,98.43,94.65,91.37,89.70,88.77,88.28,87.79,86.19,83.53,82.03,81.03,78.57,72.48,69.82,68.88,68.27,67.76,67.59,67.81,68.26,68.61,68.93,69.20,69.60,70.17,70.42,70.55,70.47,70.20,69.90,69.58,69.31,69.10,68.84,68.14,67.63,67.75,68.34,68.06,68.00,68.36,68.55,67.63,68.95,71.28,73.69,75.55,76.44,76.21,75.61,74.98,74.40,73.65,72.87,72.09,71.26,70.21,69.16,68.44,68.26,68.51,68.34,68.20,68.19,68.18,68.10,68.02,67.92,67.84,67.86,68.04,68.23,68.39,68.55,68.77,68.95,69.10,69.16,68.57,68.22,68.12,68.23,68.61,69.53,72.56,76.93,79.74,80.44,80.60,80.75,80.95,81.14,81.09,80.94,80.76,80.55,80.49,80.39,80.25,80.11,79.81,79.56,79.41,79.33,79.11,77.62,75.63,73.34,70.42,66.95,64.75,63.66,63.14,62.40,60.83,59.62,59.12,58.54,58.16,57.80,57.42,57.05,56.69,56.38,56.17,56.09,56.01,55.87,55.79,55.75,55.62,55.53,55.45,55.37,55.30,55.22,55.15,55.07,54.99,54.92,54.98,55.10,55.22,55.20,55.13,55.06,54.99,54.91,54.84,54.89,55.05,55.26,55.43,55.70,55.86,55.92,55.89,56.01,56.26,56.60,56.96,57.27,57.54,57.79,58.06,58.44,58.88,59.29,59.67,60.03,60.30,60.43,60.32,59.98,59.46,58.58,57.62,56.63,55.59,54.58,53.83,53.39,53.24,53.15,53.01,52.86,52.70,52.56,52.41,52.36,52.42,52.66,53.08,53.47,53.86,54.25,54.63,54.95,55.36,55.87,56.45,56.94,57.35,57.73,58.12,58.50,58.83,59.20,59.56,59.80,60.02,60.40,61.14,62.55,64.63,66.73,68.76,70.64,72.09,72.86,73.62,74.36,74.81,75.22,75.80,76.55,77.42,78.28
105.27,103.26,104.11,107.08,109.74,111.64,112.85,113.42,113.42,113.52,113.58,113.31,113.02,113.81,115.21,116.62,117.76,118.31,117.84,116.47,115.21,114.56,114.43,113.50,111.98,109.89,106.81,102.86,99.23,96.31,94.28,92.72,91.41,90.73,90.49,89.69,88.11,86.11,83.77,80.69,75.78,71.61,69.19,68.60,68.05,67.59,67.70,68.26,68.79,69.22,69.56,70.84,73.53,74.87,75.58,75.15,73.70,72.32,70.89,69.96,69.32,68.61,67.79,67.70,68.15,68.66,68.08,68.02,68.56,68.90,68.05,70.92,74.02,76.44,77.85,78.11,77.65,76.93,76.16,75.43,74.53,73.69,72.88,71.96,70.80,69.81,69.19,69.05,69.13,68.90,68.73,68.67,68.61,68.49,68.31,68.13,67.93,67.73,67.81,67.98,68.13,68.29,68.51,68.70,68.85,68.90,68.26,67.65,67.33,67.47,68.09,69.11,72.08,76.45,79.69,80.52,80.81,81.00,81.11,81.13,81.09,80.98,80.76,80.54,80.40,80.26,80.07,79.62,78.28,77.22,76.57,76.12,75.19,73.85,72.00,69.45,65.91,62.74,61.30,60.89,60.62,60.29,59.63,59.04,58.63,58.13,57.70,57.33,57.00,56.68,56.45,56.25,56.09,56.02,55.95,55.85,55.77,55.70,55.61,55.53,55.45,55.37,55.30,55.22,55.14,55.06,54.99,54.92,55.02,55.19,55.33,55.27,55.20,55.16,55.12,55.04,54.97,55.05,55.24,55.45,55.62,55.85,56.07,56.22,56.30,56.30,56.48,56.79,57.16,57.48,57.82,58.13,58.41,58.70,59.09,59.52,59.92,60.25,60.58,60.52,60.27,59.91,59.33,58.67,57.98,57.19,56.27,55.28,54.31,53.70,53.55,53.41,53.26,53.11,52.95,52.80,52.64,52.52,52.45,52.45,52.43,52.68,53.04,53.42,53.80,54.13,54.56,55.08,55.59,56.10,56.49,56.84,57.23,57.62,57.98,58.39,58.78,59.00,59.14,59.45,59.94,60.72,62.08,63.91,65.85,67.68,69.21,70.17,71.11,72.06,72.82,73.45,73.78,74.14,74.77,75.56
105.88,103.78,104.58,107.46,110.04,112.02,113.55,114.69,115.44,116.02,116.18,115.76,115.20,115.74,117.19,118.50,119.45,119.94,119.71,118.78,117.79,116.98,116.14,114.43,112.28,109.82,106.88,103.47,100.64,98.69,97.53,95.95,94.44,93.45,92.88,92.01,90.69,88.40,85.38,81.86,77.49,72.56,69.41,68.80,68.22,67.62,67.68,68.29,68.90,69.46,71.34,74.61,78.69,80.70,81.60,80.94,78.83,76.46,73.99,71.72,69.81,68.49,67.62,67.85,68.56,69.01,68.13,68.05,69.02,70.40,71.35,74.65,77.29,78.99,79.85,79.75,78.98,78.08,77.26,76.51,75.54,74.59,73.69,72.72,71.66,70.81,70.26,69.99,69.73,69.41,69.18,69.04,68.88,68.67,68.45,68.20,67.94,67.64,67.61,67.72,67.88,68.04,68.26,68.44,68.59,68.60,67.95,67.22,66.73,66.70,67.35,68.45,71.31,75.64,79.57,80.62,80.93,81.11,81.11,81.02,80.95,80.89,80.80,80.63,80.42,80.22,79.68,78.23,76.22,74.49,73.13,71.88,69.99,68.17,66.56,64.83,62.37,60.40,59.63,59.49,59.34,59.18,58.89,58.53,58.13,57.70,57.27,56.94,56.69,56.48,56.31,56.18,56.06,55.96,55.88,55.80,55.72,55.64,55.57,55.50,55.41,55.33,55.26,55.19,55.11,55.03,54.97,54.98,55.11,55.29,55.42,55.37,55.30,55.26,55.22,55.16,55.09,55.22,55.41,55.61,55.80,56.02,56.25,56.47,56.63,56.66,56.77,57.01,57.35,57.67,58.04,58.38,58.69,58.98,59.33,59.74,60.16,60.53,60.77,60.53,60.14,59.73,59.15,58.60,58.01,57.34,56.56,55.72,54.82,54.15,53.84,53.67,53.52,53.38,53.25,53.12,53.00,52.87,52.74,52.59,52.38,52.41,52.54,52.72,52.97,53.29,53.74,54.24,54.73,55.25,55.63,55.98,56.35,56.76,57.17,57.62,58.02,58.24,58.36,58.65,59.03,59.46,60.23,61.46,62.79,64.15,65.70,66.88,68.27,69.78,71.02,71.76,71.95,72.08,72.44,72.94
106.66,104.25,104.57,107.00,109.38,111.51,113.50,115.57,117.61,118.69,118.73,118.08,117.30,117.50,118.72,119.67,120.20,120.44,120.43,120.21,119.82,119.05,117.19,114.66,112.00,109.37,106.82,104.30,102.48,101.35,100.59,98.95,97.41,96.07,94.81,93.27,91.63,89.19,86.01,82.18,77.70,72.70,69.52,68.89,68.28,67.69,67.76,68.38,69.02,69.86,74.14,79.89,84.65,86.94,87.73,86.94,84.69,81.59,78.21,74.28,70.63,68.54,67.64,68.16,69.13,69.71,68.78,68.90,70.45,73.20,76.59,79.38,80.73,81.31,81.61,81.30,80.19,79.10,78.32,77.63,76.62,75.55,74.52,73.55,72.73,72.05,71.50,70.99,70.28,69.82,69.52,69.28,68.99,68.70,68.44,68.19,67.88,67.58,67.45,67.48,67.63,67.79,68.00,68.19,68.32,68.30,67.63,66.91,66.29,65.96,66.44,67.62,70.32,74.52,79.27,80.67,80.99,81.05,80.97,80.83,80.69,80.69,80.83,80.77,80.52,80.13,78.99,76.23,73.81,71.54,69.36,67.13,64.42,61.95,60.64,60.30,59.90,59.53,59.26,59.06,58.89,58.74,58.42,58.03,57.65,57.27,56.90,56.65,56.49,56.40,56.25,56.14,56.04,55.91,55.81,55.73,55.66,55.58,55.51,55.44,55.36,55.28,55.20,55.13,55.05,54.98,54.95,55.08,55.23,55.39,55.51,55.49,55.42,55.35,55.30,55.28,55.23,55.39,55.58,55.76,55.98,56.21,56.44,56.67,56.89,57.04,57.10,57.25,57.55,57.86,58.23,58.57,58.90,59.27,59.59,59.98,60.43,60.84,60.85,60.44,59.95,59.49,58.95,58.40,57.81,57.20,56.56,55.91,55.26,54.64,54.12,53.95,53.79,53.68,53.59,53.51,53.43,53.34,53.20,52.98,52.75,52.55,52.36,52.23,52.26,52.53,52.92,53.38,53.90,54.37,54.78,55.14,55.49,55.94,56.40,56.86,57.27,57.48,57.65,57.96,58.31,58.64,59.01,59.48,59.95,60.61,62.02,63.32,65.20,67.36,69.08,69.82,70.03,70.15,70.33,70.51
107.40,105.11,105.03,106.73,108.56,110.39,112.44,114.91,117.70,119.60,119.97,119.63,119.15,119.22,119.73,120.20,120.54,120.78,120.77,120.57,120.24,119.46,117.22,114.42,111.67,109.27,107.43,105.63,104.09,102.81,101.64,100.01,98.38,96.79,95.19,93.52,91.83,89.00,85.30,81.14,76.43,72.13,69.51,68.86,68.24,67.78,67.96,68.61,69.40,71.42,76.87,83.31,88.16,90.41,91.06,90.38,88.45,85.44,81.45,76.75,72.19,69.00,67.97,68.97,70.75,72.39,72.96,74.59,76.65,78.81,80.95,82.84,83.47,83.48,83.33,82.50,81.20,80.18,79.58,78.78,77.60,76.47,75.47,74.60,73.90,73.26,72.69,71.98,70.51,69.84,69.51,69.26,68.96,68.69,68.42,68.13,67.83,67.56,67.33,67.26,67.38,67.53,67.71,67.91,68.05,67.98,67.31,66.59,65.90,65.38,65.57,67.03,69.55,73.20,78.06,80.47,81.00,80.82,80.74,80.64,80.45,80.43,80.61,80.75,80.53,79.45,77.41,74.38,71.49,68.62,65.74,63.08,61.43,60.23,59.60,59.41,59.23,59.08,58.93,58.74,58.46,58.30,57.97,57.58,57.22,56.98,56.74,56.55,56.41,56.33,56.19,56.08,56.00,55.88,55.76,55.67,55.59,55.53,55.50,55.43,55.35,55.27,55.20,55.12,55.04,54.99,54.99,55.14,55.30,55.48,55.63,55.62,55.55,55.47,55.41,55.37,55.39,55.58,55.77,55.94,56.17,56.40,56.60,56.82,57.09,57.30,57.43,57.55,57.74,58.05,58.42,58.76,59.09,59.48,59.84,60.35,60.84,61.05,60.67,60.16,59.67,59.24,58.75,58.18,57.60,57.01,56.39,55.77,55.20,54.74,54.48,54.36,54.25,54.13,54.02,53.95,53.87,53.76,53.59,53.36,53.13,52.89,52.67,52.46,52.31,52.29,52.33,52.53,53.02,53.48,53.90,54.29,54.71,55.17,55.67,56.16,56.54,56.69,56.97,57.29,57.62,57.93,58.23,58.57,58.89,59.31,60.10,60.83,62.15,63.93,65.58,66.00,66.45,67.08,67.84,68.56
108.07,106.08,105.62,106.45,107.71,109.26,111.37,114.14,117.44,119.97,120.80,120.88,120.72,120.66,120.65,120.71,120.87,121.08,120.94,120.66,120.30,119.48,116.98,114.09,111.40,109.21,107.84,106.44,104.99,103.52,102.03,100.43,98.75,97.03,95.29,93.59,91.87,88.58,84.18,79.53,74.84,71.40,69.44,68.79,68.19,67.86,68.12,68.79,69.75,73.03,78.95,85.30,90.05,92.72,93.53,92.99,91.28,88.42,84.15,79.24,74.38,70.57,69.33,70.77,73.27,75.85,77.86,80.40,82.56,84.04,84.89,85.87,85.94,85.50,84.88,83.66,82.32,81.36,80.73,79.77,78.49,77.37,76.46,75.69,75.04,74.43,73.65,72.42,70.51,69.74,69.42,69.19,68.91,68.66,68.37,68.07,67.79,67.53,67.23,67.08,67.13,67.28,67.43,67.63,67.79,67.67,67.01,66.29,65.55,64.87,64.67,66.23,68.55,71.57,75.87,78.64,79.43,79.40,79.53,79.46,79.26,79.31,79.64,79.86,79.48,77.85,75.26,72.20,68.92,65.61,62.64,60.51,59.84,59.59,59.40,59.16,58.92,58.73,58.61,58.42,58.09,57.86,57.55,57.23,56.95,56.80,56.64,56.48,56.36,56.27,56.12,56.02,55.94,55.83,55.72,55.62,55.55,55.49,55.47,55.41,55.32,55.25,55.17,55.09,55.02,54.99,55.06,55.23,55.39,55.57,55.73,55.74,55.68,55.60,55.52,55.48,55.56,55.77,55.96,56.13,56.36,56.59,56.78,56.98,57.26,57.51,57.71,57.85,57.98,58.25,58.61,58.95,59.28,59.67,60.11,60.75,61.20,61.09,60.42,59.85,59.39,58.97,58.50,57.94,57.39,56.82,56.21,55.61,55.17,54.94,54.89,54.80,54.72,54.61,54.49,54.42,54.32,54.18,54.00,53.77,53.52,53.27,53.05,52.81,52.56,52.29,52.06,52.02,52.33,52.66,53.05,53.48,53.95,54.43,54.94,55.44,55.80,55.93,56.28,56.61,56.92,57.23,57.54,57.85,58.16,58.52,58.91,59.26,60.03,61.21,62.51,62.95,63.71,64.74,65.90,67.03
108.68,107.12,106.28,106.17,106.90,108.30,110.51,113.55,117.20,119.98,121.34,121.87,121.92,121.73,121.53,121.35,121.28,121.36,121.01,120.62,120.23,119.34,116.61,113.74,111.20,109.17,107.83,106.39,104.92,103.45,101.97,100.41,98.74,97.03,95.33,93.63,91.88,88.07,82.83,77.49,73.19,70.63,69.28,68.72,68.13,67.92,68.23,68.87,70.00,74.36,80.12,85.73,90.30,94.05,95.44,95.06,93.30,90.47,86.28,81.69,77.19,73.47,71.99,73.77,76.80,79.96,82.90,85.25,86.97,88.07,88.48,88.60,88.16,87.31,86.16,84.82,83.63,82.63,81.70,80.52,79.29,78.26,77.46,76.81,76.13,75.50,74.25,72.13,70.24,69.57,69.30,69.08,68.89,68.61,68.31,68.02,67.78,67.48,67.17,66.95,66.88,67.02,67.18,67.38,67.52,67.37,66.75,66.00,65.23,64.45,63.73,65.05,67.11,69.56,72.55,74.63,75.69,76.32,76.90,76.84,76.63,76.89,77.58,77.71,76.90,75.06,72.49,69.50,65.98,62.55,60.32,59.82,59.57,59.40,59.21,58.96,58.68,58.44,58.26,58.08,57.81,57.47,57.20,57.01,56.88,56.73,56.58,56.42,56.29,56.20,56.06,55.95,55.85,55.73,55.70,55.58,55.50,55.48,55.41,55.34,55.26,55.19,55.11,55.03,54.96,54.98,55.13,55.34,55.51,55.67,55.81,55.86,55.80,55.73,55.65,55.61,55.74,55.96,56.15,56.32,56.55,56.78,56.97,57.15,57.40,57.69,57.93,58.12,58.27,58.46,58.80,59.14,59.47,59.89,60.45,61.15,61.43,60.92,60.13,59.58,59.12,58.66,58.20,57.71,57.20,56.63,56.03,55.49,55.34,55.37,55.38,55.26,55.16,55.08,54.99,54.91,54.78,54.62,54.44,54.20,53.91,53.66,53.43,53.18,52.87,52.51,52.20,51.97,51.91,51.95,52.29,52.73,53.20,53.72,54.21,54.67,55.06,55.23,55.58,55.91,56.22,56.53,56.84,57.16,57.50,57.89,58.34,58.73,59.18,59.75,60.49,61.44,62.52,63.66,64.82,65.94
109.70,108.32,107.52,107.11,107.14,107.89,109.51,112.54,116.95,119.92,121.34,122.15,122.60,122.53,122.25,121.89,121.59,121.44,120.98,120.56,120.05,118.96,116.31,113.63,111.20,109.20,107.83,106.38,104.89,103.36,101.80,100.22,98.41,96.67,95.06,93.43,91.71,87.50,81.75,76.28,71.93,69.97,69.11,68.55,67.98,67.98,68.40,69.02,70.13,74.81,80.46,85.85,90.53,94.98,97.25,97.16,94.99,91.75,87.62,83.11,78.66,75.08,74.20,76.36,80.00,84.09,87.39,89.66,91.29,92.28,92.21,91.44,89.97,88.38,87.09,85.75,84.64,83.61,82.56,81.38,80.25,79.32,78.56,77.90,77.25,76.03,74.08,71.63,69.97,69.42,69.17,68.95,68.75,68.52,68.27,68.00,67.72,67.42,67.14,66.89,66.72,66.78,66.93,67.12,67.25,67.06,66.44,65.69,64.92,64.09,63.08,63.43,64.94,67.13,69.25,71.05,71.93,72.34,72.69,72.64,72.46,72.77,73.50,73.63,72.98,71.61,69.41,66.19,62.97,60.78,59.68,59.52,59.32,59.16,58.99,58.78,58.51,58.24,58.02,57.79,57.52,57.26,57.05,56.91,56.82,56.67,56.52,56.38,56.27,56.15,56.04,55.92,55.78,55.66,55.64,55.52,55.45,55.44,55.40,55.29,55.20,55.12,55.05,54.97,54.98,55.08,55.24,55.43,55.58,55.77,55.92,55.94,55.88,55.83,55.78,55.75,55.92,56.15,56.34,56.51,56.74,56.97,57.16,57.34,57.57,57.84,58.08,58.31,58.53,58.70,59.01,59.33,59.69,60.18,60.89,61.37,61.31,60.56,59.84,59.35,58.91,58.45,57.98,57.48,56.98,56.48,56.02,55.74,55.73,55.81,55.84,55.74,55.63,55.53,55.45,55.37,55.22,55.04,54.84,54.59,54.33,54.09,53.82,53.48,53.10,52.71,52.37,52.11,51.97,51.88,51.95,52.16,52.49,52.98,53.48,53.95,54.31,54.52,54.84,55.19,55.53,55.84,56.19,56.57,56.96,57.36,57.77,58.17,58.58,59.02,59.53,60.35,61.42,62.58,63.72,64.73
111.37,110.14,109.32,108.59,107.85,107.86,108.76,111.69,116.81,119.89,121.24,122.13,122.82,122.82,122.54,122.10,121.67,121.35,120.88,120.48,119.84,118.56,116.09,113.60,111.25,109.23,107.82,106.35,104.81,103.22,101.59,99.94,98.02,96.22,94.63,93.06,91.42,87.17,81.47,76.33,71.96,69.94,69.03,68.48,67.92,68.03,68.50,69.11,70.17,74.92,80.54,85.89,90.72,95.70,98.71,98.99,96.62,92.81,88.60,84.06,79.61,76.30,76.10,78.77,83.01,87.81,91.22,93.59,95.29,96.22,95.74,94.02,91.45,89.15,87.87,86.63,85.58,84.56,83.48,82.34,81.30,80.41,79.65,78.95,78.22,76.33,73.77,71.17,69.75,69.31,69.08,68.84,68.59,68.42,68.22,67.96,67.67,67.37,67.11,66.84,66.59,66.55,66.67,66.87,66.98,66.75,66.12,65.37,64.57,63.66,62.48,61.93,62.77,64.62,66.16,67.90,68.72,68.94,68.93,68.58,68.27,68.48,69.11,69.23,68.85,68.06,66.37,63.08,60.58,59.70,59.50,59.32,59.11,58.93,58.77,58.60,58.36,58.06,57.80,57.55,57.29,57.13,56.98,56.86,56.76,56.61,56.46,56.35,56.24,56.09,56.00,55.88,55.73,55.61,55.58,55.47,55.39,55.38,55.37,55.26,55.15,55.07,55.00,54.93,55.03,55.19,55.34,55.51,55.67,55.86,56.02,56.02,55.96,55.92,55.90,55.89,56.10,56.34,56.53,56.70,56.93,57.16,57.35,57.53,57.76,57.98,58.21,58.48,58.76,58.95,59.22,59.53,59.92,60.56,61.36,61.52,61.06,60.19,59.56,59.13,58.71,58.26,57.79,57.27,56.80,56.42,56.15,56.13,56.19,56.26,56.30,56.23,56.10,55.99,55.91,55.81,55.66,55.44,55.22,54.98,54.75,54.49,54.16,53.76,53.30,52.90,52.56,52.30,52.15,51.99,51.83,51.78,51.93,52.28,52.77,53.21,53.56,53.81,54.13,54.49,54.86,55.20,55.58,56.02,56.44,56.84,57.23,57.61,58.04,58.47,58.88,59.48,60.42,61.52,62.60,63.50
114.56,113.56,112.31,110.70,109.11,108.44,108.81,111.58,117.02,120.04,121.25,121.85,122.14,121.93,121.77,121.50,121.18,120.93,120.64,120.32,119.65,118.30,116.04,113.60,111.25,109.22,107.76,106.24,104.62,102.97,101.33,99.58,97.69,95.78,93.98,92.38,90.85,87.53,83.22,79.26,75.30,71.58,69.28,68.74,68.21,68.06,68.38,68.99,70.09,74.77,80.48,85.95,90.85,96.19,99.24,100.04,98.38,93.86,89.15,84.44,80.17,77.40,77.49,80.97,85.72,90.32,93.62,96.55,98.48,99.25,98.59,95.78,92.33,89.63,88.48,87.52,86.57,85.62,84.62,83.47,82.39,81.42,80.61,79.89,78.74,76.43,73.62,70.99,69.62,69.30,69.12,68.81,68.48,68.29,68.09,67.85,67.60,67.36,67.07,66.78,66.49,66.33,66.41,66.62,66.72,66.44,65.80,65.06,64.16,63.04,61.84,61.09,61.23,62.20,63.67,65.64,67.10,67.84,67.61,66.15,65.17,64.98,65.37,65.39,65.16,64.79,63.67,61.05,59.98,59.58,59.35,59.14,58.97,58.76,58.58,58.41,58.17,57.87,57.61,57.40,57.23,57.12,56.98,56.84,56.69,56.54,56.44,56.32,56.17,56.03,55.95,55.81,55.68,55.59,55.53,55.45,55.37,55.32,55.31,55.24,55.15,55.07,55.01,54.98,55.09,55.25,55.42,55.63,55.79,55.96,56.10,56.14,56.09,56.02,56.00,56.08,56.29,56.53,56.72,56.89,57.12,57.35,57.54,57.72,57.94,58.12,58.38,58.65,58.90,59.18,59.43,59.75,60.25,61.09,61.89,61.60,60.75,59.88,59.30,58.87,58.48,58.06,57.60,57.12,56.77,56.57,56.57,56.63,56.70,56.75,56.74,56.67,56.58,56.49,56.41,56.26,56.05,55.83,55.59,55.36,55.13,54.75,54.35,53.95,53.49,53.09,52.75,52.49,52.34,52.18,51.98,51.82,51.74,51.72,52.05,52.45,52.81,53.12,53.48,53.85,54.26,54.68,55.07,55.47,55.90,56.33,56.72,57.11,57.50,57.90,58.31,58.91,59.60,60.46,61.45,62.25
118.18,117.52,116.47,114.74,112.10,109.75,109.18,111.27,116.04,119.61,120.95,121.30,121.23,120.96,120.93,120.83,120.64,120.41,119.94,119.50,118.74,117.38,115.49,113.29,111.11,109.15,107.58,106.00,104.36,102.70,101.03,99.26,97.36,95.43,93.53,91.78,90.07,87.47,84.35,81.35,78.27,73.10,69.48,68.91,68.35,68.09,68.34,68.95,69.99,74.32,80.16,85.93,90.94,96.49,99.61,100.59,99.26,94.92,89.97,84.94,80.56,78.15,78.85,82.82,87.69,92.05,95.35,98.23,100.00,100.53,99.63,96.55,92.96,90.16,88.91,87.87,86.82,85.92,85.17,84.31,83.41,82.44,81.53,80.72,79.65,77.45,74.58,71.62,69.88,69.46,69.25,68.89,68.53,68.28,68.00,67.73,67.50,67.27,67.00,66.72,66.45,66.21,66.20,66.36,66.45,66.13,65.48,64.67,63.66,62.46,61.25,60.52,60.38,60.81,61.87,63.85,65.69,66.53,65.66,63.82,62.58,62.14,62.28,62.29,62.20,62.09,61.55,60.14,59.70,59.45,59.22,58.99,58.80,58.58,58.39,58.22,57.98,57.71,57.51,57.35,57.20,57.08,56.94,56.78,56.64,56.52,56.40,56.27,56.12,55.97,55.88,55.75,55.63,55.55,55.47,55.39,55.31,55.26,55.25,55.19,55.11,55.03,54.98,55.03,55.18,55.36,55.52,55.71,55.88,56.05,56.21,56.27,56.21,56.13,56.13,56.26,56.48,56.72,56.91,57.08,57.31,57.51,57.70,57.91,58.13,58.29,58.53,58.80,59.07,59.34,59.62,60.08,60.80,61.70,61.98,61.31,60.36,59.64,59.08,58.61,58.21,57.84,57.46,57.17,57.01,56.97,57.05,57.09,57.16,57.22,57.22,57.12,57.04,56.96,56.86,56.70,56.48,56.23,55.96,55.69,55.39,54.97,54.54,54.14,53.68,53.28,52.92,52.64,52.48,52.33,52.14,51.96,51.81,51.67,51.73,51.91,52.15,52.51,52.91,53.31,53.71,54.14,54.56,54.95,55.36,55.78,56.17,56.55,56.94,57.33,57.74,58.30,58.93,59.66,60.46,61.10
121.46,121.18,120.59,119.14,115.80,111.82,110.13,111.10,114.70,118.81,120.21,120.22,119.72,119.31,119.28,119.31,119.25,119.01,118.31,117.81,117.09,115.92,114.50,112.69,110.81,108.98,107.32,105.69,104.07,102.42,100.72,98.94,97.03,95.09,93.16,91.23,89.25,87.14,84.92,82.63,80.38,74.22,69.63,69.02,68.43,68.11,68.33,68.93,69.89,73.71,79.66,85.78,90.97,96.56,99.81,100.89,99.74,95.94,90.94,85.62,81.05,78.89,80.33,84.56,89.30,93.40,96.76,99.31,100.69,100.85,99.56,96.56,93.19,90.48,89.00,87.71,86.46,85.58,85.11,84.62,84.01,83.18,82.25,81.42,80.59,78.77,76.01,72.75,70.48,69.75,69.40,69.02,68.65,68.33,67.97,67.64,67.41,67.16,66.92,66.69,66.43,66.14,66.02,66.11,66.18,65.83,65.16,64.23,63.13,61.90,60.74,60.14,59.94,60.05,60.59,62.43,64.43,65.18,63.68,61.81,60.59,60.03,59.98,59.97,60.02,60.04,59.98,59.78,59.55,59.32,59.09,58.86,58.63,58.41,58.22,58.04,57.82,57.59,57.45,57.34,57.18,57.03,56.88,56.73,56.59,56.49,56.36,56.20,56.05,55.91,55.82,55.69,55.56,55.48,55.41,55.33,55.26,55.20,55.20,55.14,55.05,54.98,54.95,55.08,55.28,55.47,55.63,55.80,55.95,56.14,56.32,56.39,56.34,56.27,56.29,56.45,56.67,56.91,57.10,57.27,57.50,57.66,57.87,58.10,58.32,58.48,58.70,58.95,59.24,59.50,59.82,60.50,61.44,62.23,61.83,60.88,59.98,59.43,58.91,58.41,58.02,57.72,57.44,57.37,57.40,57.46,57.54,57.56,57.61,57.68,57.71,57.59,57.48,57.40,57.31,57.13,56.91,56.63,56.31,55.98,55.60,55.16,54.73,54.33,53.87,53.47,53.09,52.77,52.62,52.47,52.31,52.15,51.99,51.83,51.64,51.55,51.63,51.96,52.38,52.80,53.19,53.59,54.03,54.44,54.83,55.23,55.61,56.00,56.38,56.77,57.18,57.68,58.33,58.99,59.59,60.04
122.47,122.60,122.30,121.29,119.05,115.75,112.86,111.99,114.17,117.51,118.22,117.43,116.02,114.91,114.44,114.35,114.33,114.13,113.69,113.69,113.75,113.52,112.62,111.48,110.09,108.54,106.99,105.38,103.75,102.13,100.45,98.63,96.68,94.70,92.71,90.72,88.67,86.56,84.39,82.11,79.57,73.83,69.66,69.09,68.54,68.15,68.31,68.88,69.80,73.02,78.90,85.34,90.81,96.05,99.61,101.13,100.30,96.81,92.04,86.83,82.30,80.20,82.34,86.50,90.85,94.68,98.16,100.36,101.09,100.45,98.41,95.29,92.27,89.76,87.96,86.37,84.93,84.01,83.61,83.27,83.08,82.73,82.26,81.76,80.94,79.53,77.34,74.42,71.78,70.25,69.49,69.16,68.82,68.47,68.09,67.74,67.45,67.11,66.85,66.62,66.37,66.08,65.87,65.89,65.93,65.56,64.81,63.75,62.56,61.39,60.47,60.04,59.90,59.93,60.20,61.73,63.48,64.16,62.80,60.99,60.12,59.77,59.65,59.61,59.66,59.69,59.67,59.58,59.41,59.20,58.97,58.73,58.50,58.31,58.12,57.92,57.74,57.57,57.41,57.27,57.13,56.97,56.81,56.69,56.58,56.45,56.30,56.14,56.00,55.90,55.77,55.63,55.50,55.42,55.34,55.27,55.22,55.20,55.20,55.13,55.05,55.01,55.06,55.20,55.37,55.54,55.71,55.91,56.07,56.24,56.41,56.51,56.46,56.43,56.47,56.64,56.86,57.10,57.29,57.46,57.69,57.85,58.05,58.29,58.51,58.67,58.88,59.12,59.39,59.69,60.21,61.07,61.99,62.26,61.46,60.46,59.68,59.25,58.82,58.52,58.25,58.01,57.83,57.79,57.84,57.92,57.99,58.05,58.08,58.12,58.17,58.07,57.95,57.85,57.74,57.53,57.30,56.98,56.59,56.18,55.79,55.34,54.92,54.52,54.06,53.66,53.27,52.96,52.81,52.65,52.50,52.32,52.12,51.97,51.79,51.62,51.50,51.55,51.85,52.26,52.68,53.07,53.48,53.91,54.33,54.71,55.10,55.48,55.87,56.26,56.65,57.08,57.70,58.34,58.85,59.16
121.21,121.90,122.16,121.85,120.87,118.66,115.69,113.79,114.24,115.75,115.09,113.36,111.39,109.95,109.07,108.83,108.87,108.82,108.77,109.12,109.61,109.98,109.73,109.00,108.17,107.28,106.13,104.73,103.24,101.71,100.08,98.23,96.25,94.24,92.22,90.19,88.11,85.99,83.84,81.46,78.01,72.99,69.60,69.09,68.72,68.21,68.28,68.85,69.70,72.38,78.31,85.06,90.57,95.33,99.12,101.20,100.84,97.36,92.78,87.98,83.89,82.13,84.69,88.84,93.01,96.67,99.89,101.20,100.83,99.07,96.14,93.03,90.49,88.36,86.48,84.83,83.31,82.33,81.97,81.83,81.89,81.84,81.69,81.46,80.83,79.59,77.59,74.84,72.07,70.34,69.49,69.16,68.84,68.50,68.15,67.82,67.51,67.18,66.88,66.60,66.31,66.01,65.76,65.70,65.64,65.25,64.35,63.28,62.17,61.09,60.27,59.97,59.90,59.90,60.02,61.06,62.48,63.16,62.16,60.55,59.94,59.73,59.58,59.49,59.51,59.53,59.51,59.39,59.25,59.07,58.88,58.64,58.41,58.22,58.03,57.84,57.67,57.52,57.37,57.22,57.06,56.93,56.78,56.66,56.54,56.38,56.23,56.09,55.97,55.86,55.72,55.56,55.44,55.35,55.25,55.19,55.16,55.16,55.16,55.09,55.04,55.03,55.14,55.30,55.47,55.64,55.80,56.00,56.16,56.34,56.50,56.61,56.58,56.59,56.66,56.83,57.05,57.26,57.46,57.65,57.88,58.04,58.24,58.48,58.70,58.86,59.07,59.30,59.55,59.89,60.67,61.72,62.51,62.17,61.16,60.23,59.57,59.24,58.96,58.77,58.60,58.40,58.26,58.23,58.28,58.37,58.47,58.55,58.56,58.59,58.62,58.54,58.43,58.30,58.13,57.87,57.59,57.24,56.82,56.38,55.98,55.54,55.11,54.71,54.25,53.85,53.45,53.12,52.96,52.81,52.66,52.48,52.28,52.09,51.94,51.75,51.55,51.41,51.52,51.79,52.15,52.56,52.95,53.37,53.79,54.17,54.56,54.95,55.33,55.72,56.10,56.49,57.08,57.67,58.10,58.30
117.96,119.31,120.40,121.08,121.31,120.28,118.18,116.07,114.68,113.71,111.32,108.67,106.40,104.86,103.63,103.22,103.32,103.50,103.84,104.33,104.89,105.47,105.91,105.41,105.19,105.22,104.70,103.71,102.47,101.09,99.53,97.66,95.69,93.69,91.67,89.61,87.54,85.47,83.38,80.89,76.10,71.89,69.47,69.02,68.88,68.27,68.25,68.81,69.56,71.87,77.96,84.95,90.24,94.47,98.41,101.11,101.37,97.61,93.14,88.90,85.62,84.64,87.63,91.79,95.87,99.33,101.72,101.59,99.75,96.75,93.03,90.09,88.10,86.43,84.69,83.17,81.69,80.71,80.38,80.45,80.59,80.62,80.59,80.52,80.24,78.91,76.75,74.02,71.38,70.05,69.40,69.04,68.74,68.44,68.18,67.91,67.60,67.34,66.99,66.62,66.26,65.96,65.71,65.53,65.34,64.89,63.82,62.85,61.93,60.98,60.12,59.91,59.90,59.90,59.95,60.41,61.46,62.19,61.66,60.36,59.88,59.72,59.57,59.43,59.41,59.40,59.36,59.21,59.06,58.95,58.80,58.57,58.34,58.12,57.93,57.77,57.62,57.46,57.30,57.15,57.01,56.91,56.77,56.62,56.47,56.32,56.17,56.05,55.95,55.80,55.65,55.49,55.38,55.28,55.15,55.11,55.10,55.10,55.10,55.04,55.01,55.06,55.21,55.36,55.57,55.76,55.91,56.08,56.24,56.43,56.61,56.69,56.69,56.74,56.84,57.02,57.24,57.42,57.62,57.84,58.06,58.23,58.43,58.67,58.89,59.05,59.26,59.49,59.75,60.16,61.24,62.39,62.93,62.01,60.98,60.16,59.63,59.41,59.30,59.16,59.00,58.85,58.71,58.68,58.73,58.83,58.96,59.05,59.07,59.08,59.07,58.99,58.91,58.74,58.49,58.18,57.82,57.43,57.02,56.57,56.17,55.73,55.30,54.90,54.44,54.04,53.61,53.25,53.10,52.94,52.79,52.63,52.45,52.24,52.06,51.91,51.73,51.52,51.39,51.42,51.63,52.04,52.44,52.83,53.22,53.61,53.99,54.38,54.77,55.15,55.54,55.93,56.48,57.00,57.34,57.46
113.51,115.17,117.39,119.53,120.58,120.35,118.73,116.48,114.20,112.41,109.67,106.61,103.63,101.00,99.04,98.31,98.41,98.81,99.06,99.46,100.00,100.65,101.25,101.47,101.98,102.59,102.51,102.02,101.11,99.86,98.31,96.58,94.71,92.77,90.81,88.87,86.96,85.03,83.10,80.59,74.69,71.05,69.34,68.86,68.56,68.23,68.24,68.56,69.23,71.89,78.01,84.69,89.55,93.69,97.69,100.92,101.88,97.72,93.12,88.92,86.45,87.85,92.95,96.96,99.92,101.91,102.05,100.03,96.87,93.33,90.22,87.86,86.04,84.40,82.75,81.27,80.17,79.45,79.13,79.09,79.17,79.13,79.01,78.87,78.49,77.07,74.99,72.61,70.60,69.74,69.30,68.98,68.73,68.63,68.42,68.11,67.77,67.44,67.06,66.68,66.30,66.00,65.72,65.45,65.12,64.52,63.53,62.58,61.68,60.79,60.06,59.90,59.90,59.90,59.92,60.12,60.90,61.55,61.27,60.22,59.83,59.67,59.52,59.36,59.26,59.22,59.18,59.03,58.91,58.80,58.65,58.45,58.22,58.03,57.86,57.72,57.60,57.41,57.24,57.09,56.94,56.81,56.66,56.51,56.35,56.20,56.09,56.00,55.90,55.74,55.59,55.44,55.31,55.23,55.12,55.06,55.04,55.04,55.04,55.01,55.03,55.13,55.32,55.48,55.66,55.83,55.99,56.19,56.35,56.52,56.70,56.80,56.77,56.85,57.00,57.20,57.43,57.61,57.80,58.03,58.25,58.42,58.62,58.86,59.08,59.24,59.45,59.66,59.98,60.84,62.11,62.83,62.73,61.75,60.92,60.25,59.83,59.71,59.66,59.57,59.44,59.30,59.20,59.14,59.17,59.26,59.37,59.49,59.55,59.58,59.57,59.49,59.34,59.11,58.81,58.45,58.02,57.62,57.20,56.76,56.36,55.91,55.49,55.09,54.63,54.23,53.80,53.43,53.28,53.12,52.97,52.79,52.60,52.41,52.21,52.04,51.88,51.69,51.49,51.38,51.37,51.52,51.92,52.32,52.71,53.09,53.48,53.86,54.25,54.64,55.02,55.41,55.90,56.32,56.60,56.83
109.30,110.84,113.58,116.66,118.63,119.10,117.86,115.67,113.12,110.93,108.16,104.91,101.36,97.75,94.94,93.82,93.91,94.48,94.64,94.87,95.26,95.77,96.24,96.78,97.53,98.27,98.58,98.82,98.60,97.85,96.55,95.13,93.45,91.67,89.91,88.19,86.47,84.71,82.92,80.38,73.58,70.37,69.23,68.72,68.31,68.32,68.42,68.52,69.06,72.56,78.60,84.72,89.20,93.36,97.43,100.99,102.28,97.63,92.76,89.13,88.29,92.19,97.89,101.39,103.13,103.32,101.66,98.27,94.28,90.56,88.12,86.13,84.30,82.58,81.05,79.74,78.93,78.37,77.96,77.72,77.64,77.44,77.13,76.80,76.26,74.87,73.08,71.28,70.03,69.55,69.25,68.97,68.87,68.91,68.81,68.58,68.27,67.89,67.52,67.14,66.77,66.42,66.06,65.65,65.11,64.29,63.39,62.48,61.57,60.69,60.04,59.90,59.90,59.90,59.91,59.96,60.44,60.92,60.81,60.10,59.78,59.63,59.47,59.32,59.17,59.08,59.01,58.86,58.78,58.64,58.50,58.34,58.12,57.95,57.80,57.65,57.53,57.33,57.15,57.00,56.85,56.69,56.54,56.38,56.23,56.08,55.98,55.92,55.84,55.68,55.52,55.37,55.24,55.15,55.09,55.04,55.02,55.00,55.00,55.02,55.08,55.22,55.42,55.58,55.75,55.92,56.08,56.29,56.45,56.62,56.79,56.92,56.89,56.98,57.16,57.39,57.62,57.80,57.99,58.22,58.45,58.61,58.80,59.02,59.24,59.41,59.61,59.86,60.36,61.61,62.87,63.17,62.61,61.74,61.10,60.58,60.24,60.14,60.12,60.07,59.96,59.81,59.72,59.62,59.63,59.69,59.78,59.90,60.00,60.05,60.03,59.95,59.73,59.43,59.07,58.67,58.23,57.81,57.40,56.95,56.55,56.10,55.68,55.28,54.82,54.42,53.99,53.62,53.46,53.30,53.13,52.95,52.75,52.57,52.37,52.18,52.01,51.84,51.63,51.45,51.28,51.19,51.47,51.82,52.20,52.59,52.97,53.36,53.74,54.13,54.52,54.90,55.33,55.70,55.98,56.31
105.92,106.69,108.81,111.82,115.00,116.12,115.22,113.39,111.27,108.89,106.13,102.88,99.16,95.12,91.42,89.85,89.88,90.55,90.76,90.80,90.84,90.92,90.95,90.98,91.09,91.36,92.01,93.29,94.34,94.69,94.09,93.23,91.86,90.41,89.03,87.69,86.16,84.53,82.86,80.28,72.84,69.89,69.13,68.67,68.37,68.62,68.88,68.92,69.27,74.21,80.03,85.29,89.58,93.81,97.98,101.50,102.52,97.28,91.96,89.98,92.12,98.09,101.34,103.78,104.45,102.82,100.63,96.88,92.81,89.29,87.13,85.07,83.03,81.19,79.81,78.94,78.19,77.49,76.88,76.40,76.00,75.55,75.00,74.32,73.64,72.52,71.31,70.36,69.83,69.58,69.29,69.05,69.19,69.29,69.39,69.44,69.34,68.98,68.64,68.28,67.88,67.43,66.93,66.27,65.39,64.33,63.44,62.58,61.69,60.80,60.06,59.90,59.90,59.90,59.90,59.91,60.05,60.19,60.21,59.97,59.78,59.63,59.47,59.32,59.16,59.02,58.88,58.74,58.65,58.52,58.39,58.28,58.06,57.88,57.73,57.56,57.36,57.19,57.03,56.87,56.72,56.56,56.41,56.26,56.10,55.95,55.86,55.82,55.77,55.62,55.46,55.30,55.16,55.04,55.02,55.06,55.06,55.00,55.01,55.06,55.18,55.33,55.49,55.65,55.85,56.04,56.20,56.36,56.52,56.71,56.91,57.05,57.06,57.17,57.35,57.58,57.81,57.98,58.18,58.41,58.63,58.80,58.96,59.15,59.37,59.53,59.70,60.09,60.95,62.37,63.35,63.41,62.82,62.22,61.66,61.25,60.96,60.77,60.70,60.68,60.59,60.44,60.30,60.16,60.11,60.13,60.21,60.30,60.38,60.43,60.40,60.32,60.06,59.69,59.26,58.86,58.41,58.00,57.58,57.13,56.74,56.29,55.87,55.47,55.00,54.61,54.18,53.81,53.65,53.44,53.26,53.10,52.92,52.71,52.53,52.34,52.13,51.97,51.75,51.57,51.39,51.20,51.12,51.35,51.70,52.08,52.47,52.85,53.24,53.63,54.01,54.40,54.79,55.17,55.54,55.92
102.70,102.80,104.36,107.15,110.81,112.40,111.76,110.07,108.09,106.00,103.62,100.49,96.57,92.26,88.28,86.33,86.01,86.53,86.93,87.06,87.08,87.06,86.94,86.67,86.42,86.43,87.00,87.88,89.56,90.95,91.16,90.89,90.05,88.97,87.85,86.81,85.49,84.05,82.53,79.99,72.34,69.63,69.08,68.64,68.46,68.79,69.17,69.87,72.08,76.99,82.13,86.82,91.03,95.23,99.33,102.37,102.71,97.59,92.67,92.23,95.56,100.45,102.88,104.87,105.11,103.01,100.73,96.96,92.77,89.09,87.00,84.95,82.90,81.07,79.72,78.92,78.31,77.72,77.16,76.67,76.30,75.90,75.41,74.75,74.09,73.24,72.27,71.29,70.58,69.97,69.58,69.33,69.10,69.48,70.18,70.80,70.99,70.77,70.09,69.35,68.71,68.16,67.59,66.71,65.58,64.39,63.46,62.60,61.73,60.86,60.12,59.92,59.90,59.90,59.90,59.90,59.92,59.95,59.93,59.83,59.71,59.58,59.42,59.27,59.12,58.98,58.86,58.70,58.58,58.49,58.41,58.26,58.00,57.79,57.62,57.45,57.22,57.06,56.90,56.75,56.59,56.44,56.28,56.13,55.96,55.78,55.72,55.70,55.66,55.55,55.40,55.27,55.14,55.03,55.13,55.21,55.21,55.16,55.20,55.24,55.33,55.45,55.61,55.76,55.94,56.12,56.28,56.47,56.63,56.81,57.00,57.14,57.23,57.36,57.54,57.77,57.96,58.16,58.35,58.54,58.73,58.93,59.10,59.27,59.45,59.61,59.82,60.41,61.52,62.82,63.65,63.76,63.36,62.82,62.27,61.92,61.65,61.41,61.32,61.30,61.24,61.12,60.96,60.78,60.68,60.65,60.66,60.69,60.75,60.78,60.71,60.48,60.16,59.77,59.35,58.96,58.50,58.09,57.68,57.22,56.83,56.39,55.96,55.56,55.10,54.66,54.31,54.02,53.76,53.55,53.36,53.17,52.97,52.78,52.59,52.40,52.20,52.01,51.81,51.62,51.43,51.24,51.05,51.09,51.30,51.63,52.01,52.39,52.80,53.22,53.60,53.99,54.38,54.76,55.15,55.53
99.85,99.28,100.22,102.56,106.05,108.00,107.74,106.28,104.38,102.47,100.31,97.26,93.24,88.81,85.13,83.18,82.59,82.90,83.39,83.64,83.71,83.68,83.54,83.14,82.75,82.61,82.98,83.16,84.89,86.88,87.91,88.35,88.07,87.39,86.55,85.75,84.64,83.40,81.99,79.38,71.85,69.35,68.98,68.61,68.53,68.87,69.33,70.84,75.45,80.11,84.59,88.85,92.92,97.06,101.01,103.30,102.72,98.13,94.13,94.90,98.53,101.64,103.80,105.54,105.56,103.41,101.17,97.51,93.14,89.16,87.16,85.21,83.23,81.44,80.10,79.30,78.81,78.40,77.97,77.57,77.35,77.13,76.81,76.32,75.73,75.13,74.31,73.23,72.28,71.21,70.57,70.21,69.63,70.27,71.49,72.57,73.02,72.94,71.98,70.77,69.65,68.83,68.11,67.05,65.74,64.48,63.47,62.59,61.75,60.91,60.17,59.94,59.90,59.90,59.89,59.88,59.88,59.86,59.77,59.69,59.61,59.50,59.36,59.22,59.07,58.95,58.84,58.69,58.56,58.52,58.45,58.25,57.96,57.70,57.50,57.32,57.11,56.94,56.78,56.62,56.47,56.31,56.15,55.98,55.82,55.61,55.57,55.55,55.54,55.47,55.33,55.23,55.13,55.08,55.28,55.40,55.41,55.39,55.45,55.46,55.50,55.59,55.75,55.90,56.06,56.22,56.38,56.59,56.76,56.92,57.07,57.22,57.38,57.53,57.72,57.94,58.10,58.30,58.49,58.66,58.82,59.03,59.21,59.37,59.53,59.69,60.02,60.78,61.96,63.04,63.76,64.05,63.94,63.45,62.94,62.60,62.33,62.06,61.96,61.94,61.90,61.82,61.66,61.43,61.28,61.20,61.12,61.12,61.13,61.10,60.93,60.54,60.16,59.77,59.36,58.96,58.52,58.10,57.69,57.25,56.84,56.39,55.97,55.56,55.12,54.71,54.48,54.27,53.91,53.70,53.46,53.22,53.00,52.82,52.61,52.42,52.24,52.03,51.85,51.65,51.44,51.27,51.05,50.94,50.99,51.22,51.58,51.97,52.39,52.83,53.20,53.59,53.98,54.37,54.76,55.14
97.98,96.70,96.81,98.11,99.95,102.15,102.69,101.97,100.28,97.67,94.89,91.70,87.92,83.72,81.58,80.74,80.53,80.62,80.75,80.86,80.91,80.90,80.80,80.69,80.55,80.47,80.56,80.61,81.12,82.29,84.11,85.58,85.78,85.54,85.16,84.43,83.54,82.51,81.00,77.90,71.09,68.82,68.61,68.59,68.53,68.79,69.23,71.39,78.11,83.18,87.59,91.57,95.22,99.23,102.97,104.14,102.24,98.81,96.54,97.56,100.33,102.53,104.56,106.09,105.97,103.85,101.62,98.11,93.47,89.06,87.39,85.73,83.92,82.21,80.93,80.27,79.74,79.37,79.14,78.94,78.95,78.97,78.91,78.69,78.22,77.68,77.11,76.57,76.14,74.80,73.61,72.87,72.61,73.24,74.24,75.17,75.67,75.69,75.00,73.41,71.20,69.53,68.38,67.18,65.89,64.64,63.47,62.56,61.75,60.92,60.22,59.97,59.90,59.89,59.83,59.83,59.83,59.77,59.65,59.56,59.49,59.40,59.30,59.21,59.06,58.92,58.78,58.64,58.59,58.58,58.49,58.26,57.95,57.66,57.41,57.21,57.04,56.88,56.69,56.49,56.34,56.18,55.99,55.80,55.64,55.48,55.39,55.37,55.36,55.34,55.25,55.13,55.08,55.19,55.41,55.56,55.65,55.69,55.70,55.71,55.72,55.78,55.94,56.09,56.25,56.40,56.56,56.73,56.89,57.04,57.20,57.35,57.50,57.66,57.84,58.06,58.22,58.39,58.58,58.78,58.94,59.11,59.27,59.45,59.65,59.81,60.43,61.22,62.00,62.79,63.49,64.05,64.32,64.06,63.66,63.33,63.03,62.75,62.60,62.57,62.56,62.51,62.35,62.08,61.88,61.75,61.63,61.62,61.50,61.27,60.93,60.49,60.09,59.68,59.23,58.79,58.38,57.95,57.52,57.11,56.66,56.20,55.78,55.39,55.01,54.85,54.78,54.64,54.27,53.92,53.58,53.28,53.05,52.84,52.66,52.46,52.26,52.08,51.87,51.65,51.44,51.27,51.05,50.89,50.85,50.95,51.22,51.59,51.98,52.38,52.77,53.15,53.54,53.92,54.31,54.70
96.05,94.09,93.39,93.77,94.58,96.12,96.40,95.71,94.29,91.98,89.08,86.22,83.52,81.00,80.02,79.73,79.68,79.68,79.68,79.71,79.74,79.72,79.65,79.61,79.57,79.53,79.50,79.50,79.57,80.16,81.57,83.04,83.47,83.53,83.44,82.92,82.23,81.34,79.92,77.12,71.48,69.39,69.05,69.02,68.94,69.14,69.82,72.13,78.17,83.69,88.81,93.39,97.27,101.04,104.50,105.04,102.48,99.71,98.57,99.62,101.70,103.45,105.32,106.60,106.30,104.16,101.83,98.04,93.34,89.09,87.49,85.93,84.39,83.23,82.78,82.53,82.44,82.69,83.17,83.34,83.49,83.32,82.96,82.61,81.95,81.16,80.54,80.20,79.72,78.33,77.03,76.22,76.03,76.43,77.09,77.73,78.16,78.25,77.84,76.20,73.28,70.30,68.58,67.28,66.05,64.78,63.51,62.55,61.73,60.96,60.22,59.96,59.90,59.88,59.81,59.80,59.76,59.68,59.56,59.47,59.40,59.32,59.25,59.16,59.02,58.89,58.77,58.69,58.68,58.68,58.57,58.30,58.00,57.66,57.37,57.12,56.94,56.78,56.59,56.40,56.22,56.06,55.87,55.67,55.50,55.34,55.22,55.18,55.19,55.21,55.14,55.08,55.10,55.26,55.46,55.65,55.80,55.89,55.95,55.99,56.00,56.03,56.13,56.28,56.44,56.59,56.75,56.90,57.05,57.21,57.36,57.51,57.64,57.79,57.97,58.19,58.35,58.50,58.68,58.88,59.02,59.18,59.36,59.55,59.76,60.00,60.65,61.38,62.00,62.63,63.29,63.92,64.42,64.53,64.33,64.03,63.72,63.43,63.22,63.17,63.17,63.14,63.03,62.73,62.49,62.29,62.05,61.85,61.56,61.20,60.78,60.35,59.92,59.50,59.07,58.64,58.22,57.79,57.36,56.94,56.48,56.04,55.68,55.39,55.19,55.15,55.12,54.99,54.63,54.25,53.86,53.52,53.22,52.93,52.70,52.49,52.30,52.10,51.88,51.67,51.47,51.28,51.08,50.90,50.80,50.83,50.97,51.22,51.57,51.98,52.36,52.75,53.14,53.52,53.91,54.30
94.61,92.09,90.64,90.17,90.16,90.36,89.83,88.84,87.66,86.16,83.66,81.51,80.25,79.83,79.65,79.55,79.50,79.49,79.49,79.49,79.48,79.47,79.40,79.33,79.28,79.26,79.20,79.18,79.28,79.50,79.95,80.85,81.32,81.54,81.60,81.34,80.85,80.04,78.80,76.60,72.34,70.50,69.96,69.82,69.71,70.01,71.08,73.23,77.24,83.02,89.09,94.61,99.04,102.50,105.63,105.89,103.25,100.90,100.40,101.33,102.91,104.49,106.17,107.14,106.58,104.29,101.79,97.65,93.13,89.34,87.59,86.00,84.84,84.51,85.17,85.49,86.11,87.27,88.66,89.32,89.55,89.02,88.14,87.43,86.41,85.25,84.39,83.92,83.03,81.69,80.53,79.80,79.55,79.63,79.89,80.18,80.41,80.47,80.21,78.49,75.01,70.89,68.69,67.31,66.13,64.85,63.57,62.55,61.72,61.00,60.21,59.95,59.90,59.88,59.81,59.80,59.71,59.58,59.51,59.43,59.34,59.27,59.19,59.10,58.98,58.87,58.82,58.81,58.80,58.80,58.66,58.36,58.05,57.69,57.35,57.06,56.83,56.65,56.49,56.31,56.10,55.94,55.78,55.59,55.38,55.22,55.08,55.03,55.04,55.09,55.04,55.07,55.16,55.32,55.48,55.69,55.87,56.02,56.16,56.26,56.30,56.31,56.35,56.48,56.62,56.77,56.92,57.08,57.23,57.39,57.54,57.69,57.79,57.92,58.11,58.32,58.48,58.63,58.79,58.95,59.10,59.26,59.46,59.66,59.86,60.22,60.77,61.38,61.98,62.54,63.14,63.75,64.36,64.85,64.90,64.69,64.40,64.11,63.82,63.74,63.71,63.66,63.58,63.25,62.96,62.68,62.30,61.87,61.43,60.98,60.54,60.14,59.69,59.27,58.88,58.48,58.04,57.63,57.21,56.75,56.31,55.93,55.68,55.55,55.53,55.53,55.48,55.33,55.00,54.63,54.24,53.86,53.48,53.11,52.79,52.55,52.36,52.12,51.89,51.70,51.51,51.30,51.13,50.92,50.80,50.79,50.81,50.89,51.17,51.58,51.97,52.36,52.75,53.13,53.53,53.91
95.80,93.13,91.25,89.87,88.24,86.41,85.30,84.36,83.16,82.09,81.03,80.21,79.74,79.59,79.50,79.42,79.35,79.31,79.30,79.26,79.23,79.22,79.15,79.06,79.00,78.96,78.93,78.88,78.97,79.13,79.34,79.71,79.89,80.01,80.07,79.97,79.55,78.87,77.66,75.40,72.34,71.13,70.93,71.03,71.11,72.25,73.73,75.60,78.68,83.80,89.68,95.41,100.20,103.27,105.95,106.39,104.54,102.90,102.35,103.05,104.44,105.94,107.53,107.97,106.76,103.96,101.24,97.64,93.78,90.33,88.17,86.43,85.97,86.44,87.42,88.25,89.60,91.42,93.39,94.65,94.85,94.34,93.44,92.33,91.07,89.78,88.56,87.39,85.94,84.55,83.44,82.69,82.45,82.32,82.28,82.24,82.07,81.59,80.78,78.09,73.71,70.47,68.58,67.08,65.74,64.63,63.53,62.55,61.73,61.08,60.35,60.01,59.90,59.88,59.81,59.80,59.70,59.57,59.50,59.42,59.34,59.26,59.18,59.05,58.99,58.95,58.93,58.93,58.88,58.83,58.67,58.36,58.05,57.73,57.41,57.09,56.77,56.54,56.37,56.20,56.03,55.87,55.68,55.48,55.30,55.10,55.07,55.06,55.06,55.04,55.06,55.12,55.23,55.38,55.53,55.71,55.88,56.03,56.19,56.37,56.50,56.59,56.64,56.69,56.78,56.90,57.06,57.21,57.37,57.52,57.68,57.83,57.96,58.11,58.27,58.45,58.60,58.76,58.91,59.07,59.22,59.42,59.61,59.80,60.04,60.45,60.91,61.42,61.98,62.52,63.09,63.68,64.28,64.83,65.19,65.16,64.96,64.75,64.50,64.36,64.15,63.84,63.52,63.10,62.76,62.44,62.05,61.64,61.19,60.75,60.33,59.90,59.44,59.02,58.63,58.24,57.83,57.44,57.03,56.58,56.21,56.03,55.95,55.92,55.96,55.97,55.89,55.69,55.33,55.00,54.62,54.23,53.85,53.47,53.10,52.80,52.52,52.19,51.95,51.73,51.53,51.35,51.15,50.96,50.81,50.73,50.73,50.75,50.89,51.15,51.54,51.92,52.31,52.72,53.15,53.53
97.45,94.82,92.74,90.81,88.19,84.94,82.81,81.48,80.60,79.98,79.79,79.72,79.61,79.48,79.38,79.32,79.28,79.23,79.21,79.14,79.09,79.05,78.98,78.93,78.87,78.83,78.81,78.71,78.67,78.70,78.80,78.85,78.83,78.84,78.89,78.81,78.36,77.74,76.64,74.61,72.39,71.78,71.95,72.34,72.84,74.59,76.46,78.32,80.84,84.93,90.28,95.85,100.59,103.56,106.02,106.94,106.17,104.94,104.26,104.80,106.09,107.50,108.87,108.94,107.34,104.21,101.24,97.99,94.62,91.40,88.87,87.17,87.13,87.96,89.21,91.42,93.05,94.90,97.13,98.70,98.87,98.48,97.78,96.74,95.62,94.22,92.54,90.59,88.53,87.13,85.98,85.02,84.40,83.85,83.34,82.88,82.39,81.57,79.77,76.24,71.78,69.64,68.15,66.74,65.56,65.04,64.49,63.97,63.52,63.04,62.18,61.09,60.28,59.88,59.81,59.80,59.71,59.60,59.50,59.42,59.34,59.26,59.18,59.08,59.06,59.06,59.05,59.03,58.98,58.87,58.67,58.36,58.05,57.75,57.44,57.12,56.76,56.47,56.26,56.09,55.93,55.78,55.58,55.40,55.23,55.04,55.09,55.13,55.12,55.08,55.14,55.22,55.32,55.48,55.63,55.79,55.94,56.09,56.23,56.42,56.60,56.74,56.85,56.91,56.96,57.06,57.22,57.37,57.53,57.68,57.83,57.99,58.12,58.27,58.42,58.58,58.73,58.88,59.04,59.19,59.36,59.57,59.77,59.99,60.31,60.74,61.16,61.61,62.13,62.64,63.14,63.68,64.24,64.76,65.29,65.46,65.39,65.23,65.03,64.73,64.30,63.78,63.32,62.84,62.44,62.10,61.73,61.33,60.89,60.48,60.09,59.67,59.22,58.78,58.37,57.97,57.60,57.24,56.88,56.55,56.33,56.30,56.31,56.32,56.37,56.40,56.31,56.06,55.68,55.34,54.99,54.61,54.23,53.84,53.46,53.10,52.76,52.38,52.11,51.84,51.59,51.38,51.18,50.99,50.81,50.68,50.67,50.67,50.70,50.83,51.13,51.51,51.90,52.30,52.73,53.12
99.12,96.61,94.51,92.39,89.60,85.70,82.19,80.13,79.92,79.75,79.71,79.63,79.50,79.41,79.29,79.28,79.31,79.30,79.23,79.16,79.09,79.02,78.94,78.92,78.91,78.91,78.89,78.71,78.42,78.21,78.21,78.19,78.07,78.03,78.05,77.86,77.28,76.64,75.77,74.33,72.67,72.55,73.03,73.67,74.77,76.77,79.00,81.25,83.53,86.41,90.96,95.95,100.16,103.34,105.90,107.57,108.00,106.85,106.09,106.57,107.83,109.13,110.16,110.02,108.35,105.19,101.97,98.80,95.65,92.54,89.75,88.24,88.30,89.20,90.91,95.16,96.52,97.77,99.86,101.36,101.52,101.29,100.93,100.38,99.72,98.16,95.93,93.25,90.63,89.20,87.95,86.55,85.15,83.98,82.88,81.94,81.25,80.37,77.30,73.30,69.74,68.56,67.48,66.41,65.79,66.22,66.58,66.95,67.20,67.01,65.76,63.25,61.09,59.90,59.81,59.80,59.74,59.64,59.50,59.42,59.34,59.27,59.21,59.19,59.19,59.19,59.17,59.11,59.09,58.94,58.68,58.36,58.05,57.75,57.44,57.13,56.80,56.45,56.17,55.97,55.81,55.65,55.49,55.33,55.18,55.05,55.14,55.20,55.20,55.20,55.26,55.34,55.45,55.60,55.76,55.91,56.07,56.20,56.30,56.45,56.61,56.78,56.98,57.13,57.17,57.25,57.41,57.55,57.71,57.86,58.02,58.17,58.26,58.40,58.55,58.71,58.86,59.01,59.17,59.32,59.48,59.70,59.93,60.23,60.66,61.06,61.50,61.96,62.43,62.91,63.32,63.77,64.25,64.73,65.25,65.60,65.71,65.56,65.39,64.85,64.19,63.56,63.07,62.55,62.10,61.74,61.40,60.96,60.55,60.16,59.79,59.46,59.03,58.57,58.11,57.69,57.36,57.05,56.82,56.71,56.68,56.72,56.75,56.75,56.77,56.83,56.71,56.44,56.06,55.68,55.34,55.00,54.60,54.22,53.84,53.45,53.08,52.70,52.38,52.04,51.70,51.42,51.24,51.02,50.80,50.62,50.61,50.60,50.61,50.65,50.79,51.13,51.51,51.90,52.30,52.68
99.31,96.71,94.26,91.76,88.68,84.05,81.12,79.85,79.74,79.66,79.61,79.53,79.44,79.41,79.38,79.42,79.47,79.46,79.39,79.31,79.25,79.21,79.14,79.13,79.15,79.19,79.16,78.96,78.63,78.31,78.07,77.76,77.44,77.27,77.19,76.88,76.26,75.61,74.85,73.87,73.27,73.57,74.20,74.89,75.87,77.94,80.90,84.21,87.11,89.55,92.72,96.01,98.89,102.35,105.59,107.97,109.03,108.41,107.86,108.30,109.49,110.90,111.90,111.26,109.34,106.50,103.56,100.81,97.84,94.64,91.64,89.73,90.49,93.03,96.38,99.50,100.33,100.95,102.15,103.35,103.42,103.18,102.72,101.83,100.82,98.75,95.96,92.96,90.72,88.95,87.07,85.07,83.28,81.94,80.91,80.05,79.25,78.15,74.81,71.45,69.20,68.07,67.45,67.15,67.21,67.85,68.87,70.11,70.88,70.57,68.82,65.41,62.09,59.91,59.86,59.81,59.75,59.64,59.50,59.42,59.38,59.34,59.32,59.31,59.31,59.31,59.29,59.23,59.22,59.02,58.71,58.37,58.05,57.75,57.44,57.13,56.82,56.48,56.18,55.92,55.69,55.52,55.37,55.22,55.09,55.07,55.23,55.31,55.31,55.32,55.39,55.47,55.58,55.73,55.88,56.04,56.19,56.34,56.46,56.58,56.71,56.88,57.06,57.22,57.32,57.44,57.59,57.70,57.85,58.00,58.16,58.31,58.43,58.58,58.73,58.88,58.99,59.14,59.29,59.45,59.61,59.79,60.08,60.48,60.93,61.33,61.77,62.23,62.70,63.16,63.56,63.99,64.45,64.92,65.41,65.81,66.00,65.92,65.76,65.12,64.34,63.59,62.95,62.35,61.84,61.40,61.03,60.58,60.17,59.83,59.53,59.21,58.81,58.37,57.94,57.63,57.43,57.25,57.11,57.06,57.09,57.12,57.15,57.15,57.20,57.23,57.10,56.82,56.44,56.05,55.69,55.32,54.94,54.59,54.22,53.83,53.45,53.06,52.71,52.36,52.01,51.67,51.38,51.06,50.81,50.64,50.56,50.55,50.55,50.55,50.60,50.75,51.11,51.52,51.91,52.29
98.19,95.69,93.05,90.20,86.77,82.16,80.23,79.83,79.69,79.62,79.55,79.49,79.44,79.45,79.51,79.59,79.64,79.65,79.58,79.52,79.48,79.47,79.40,79.38,79.42,79.48,79.46,79.28,78.97,78.62,78.21,77.69,77.19,76.84,76.59,76.16,75.57,74.97,74.34,73.74,73.97,74.65,75.42,76.14,76.91,78.94,82.56,87.04,90.86,93.32,95.42,97.20,98.85,102.11,105.71,108.64,110.29,110.25,109.97,110.43,111.58,113.00,113.67,112.61,110.59,108.15,105.77,103.41,100.53,97.24,94.12,91.86,93.25,97.09,101.50,103.45,104.00,104.21,104.55,105.21,105.01,104.52,103.72,102.40,100.97,98.01,94.55,91.56,89.77,87.75,85.45,83.09,81.11,79.80,78.89,78.06,77.08,75.86,72.93,70.47,69.17,68.11,67.88,68.27,69.15,70.56,72.36,73.95,74.53,73.47,70.81,66.77,62.74,59.93,59.88,59.82,59.75,59.64,59.51,59.44,59.43,59.44,59.44,59.44,59.44,59.44,59.42,59.35,59.33,59.15,58.85,58.48,58.11,57.75,57.41,57.09,56.80,56.51,56.20,55.89,55.60,55.41,55.24,55.11,55.05,55.14,55.34,55.44,55.44,55.45,55.52,55.60,55.70,55.86,56.01,56.17,56.32,56.47,56.62,56.71,56.84,56.99,57.15,57.30,57.45,57.59,57.73,57.83,57.97,58.12,58.27,58.41,58.57,58.73,58.88,59.02,59.13,59.26,59.42,59.57,59.73,59.91,60.27,60.73,61.16,61.56,62.00,62.47,62.93,63.38,63.79,64.22,64.68,65.13,65.59,66.01,66.28,66.29,66.12,65.43,64.58,63.74,62.96,62.27,61.65,61.11,60.70,60.24,59.86,59.55,59.27,58.95,58.61,58.25,57.92,57.78,57.70,57.63,57.55,57.50,57.52,57.54,57.54,57.56,57.61,57.63,57.48,57.20,56.81,56.43,56.04,55.66,55.28,54.95,54.59,54.21,53.83,53.44,53.05,52.71,52.37,51.99,51.61,51.22,50.92,50.72,50.53,50.49,50.48,50.48,50.48,50.48,50.74,51.12,51.51,51.89
95.06,93.13,90.80,87.78,83.87,80.93,79.92,79.78,79.69,79.62,79.59,79.58,79.57,79.58,79.64,79.72,79.79,79.83,79.77,79.74,79.73,79.72,79.65,79.63,79.68,79.73,79.72,79.57,79.39,79.13,78.72,78.25,77.69,77.09,76.52,76.00,75.56,75.13,74.69,74.36,74.75,75.72,76.73,77.52,78.23,80.02,84.05,89.55,94.49,97.62,99.53,100.75,101.78,103.80,106.80,109.97,112.45,112.85,112.81,113.43,114.61,115.66,115.32,114.12,112.36,110.36,108.91,106.64,103.73,100.47,97.35,95.09,96.71,100.40,104.06,106.27,107.22,107.49,107.39,107.12,106.31,105.12,103.72,102.15,100.57,96.17,91.80,89.26,87.60,85.72,83.65,81.52,79.60,78.46,77.46,76.29,74.94,73.91,72.34,70.73,69.49,68.97,68.96,69.67,71.60,75.32,78.28,79.16,78.14,75.23,70.82,66.43,62.55,59.91,59.83,59.80,59.75,59.64,59.51,59.49,59.53,59.57,59.57,59.57,59.57,59.57,59.55,59.47,59.40,59.35,59.19,58.82,58.27,57.75,57.32,56.98,56.73,56.49,56.20,55.89,55.59,55.30,55.12,55.05,55.11,55.25,55.47,55.57,55.57,55.58,55.64,55.72,55.83,55.98,56.14,56.29,56.45,56.60,56.75,56.84,56.96,57.12,57.27,57.43,57.54,57.66,57.80,57.95,58.10,58.22,58.33,58.48,58.63,58.79,58.95,59.10,59.24,59.39,59.55,59.70,59.86,60.13,60.52,60.97,61.36,61.75,62.19,62.66,63.11,63.51,63.95,64.41,64.86,65.26,65.72,66.17,66.53,66.65,66.45,65.75,64.89,64.05,63.21,62.40,61.59,60.91,60.45,59.99,59.67,59.38,59.01,58.65,58.42,58.26,58.18,58.26,58.26,58.20,58.13,58.05,57.93,57.95,57.99,57.99,58.00,58.00,57.87,57.58,57.20,56.81,56.42,56.04,55.65,55.28,54.95,54.59,54.20,53.82,53.43,53.06,52.70,52.37,51.99,51.60,51.23,50.89,50.56,50.44,50.41,50.41,50.41,50.41,50.47,50.67,51.06,51.45
91.50,90.17,88.26,85.56,82.11,80.36,79.85,79.77,79.70,79.66,79.64,79.67,79.69,79.70,79.76,80.31,81.13,81.80,82.17,82.09,82.04,82.25,82.79,84.03,84.90,85.17,84.84,83.67,82.20,80.68,79.37,78.78,78.16,77.48,76.83,76.34,75.96,75.59,75.20,74.95,75.41,76.50,77.67,78.85,80.66,82.88,86.74,92.04,97.53,100.45,102.30,103.77,105.07,106.54,109.55,112.88,115.40,115.81,115.93,115.95,115.70,114.90,113.90,113.24,112.59,111.73,110.79,109.14,106.66,103.58,100.34,97.91,99.34,102.80,106.19,108.23,108.96,109.12,108.84,107.88,106.69,105.28,103.72,102.13,100.48,95.58,90.71,87.96,86.18,84.39,82.60,80.98,79.80,78.83,77.75,76.73,75.99,75.40,74.33,72.77,71.22,71.01,71.84,73.33,75.61,78.95,81.36,81.16,78.86,74.77,69.72,65.36,61.98,59.90,59.81,59.80,59.75,59.67,59.60,59.59,59.63,59.66,59.69,59.69,59.69,59.69,59.67,59.59,59.52,59.49,59.43,59.21,58.75,58.20,57.67,57.19,56.78,56.36,56.01,55.72,55.44,55.17,55.07,55.10,55.22,55.38,55.56,55.67,55.69,55.70,55.77,55.87,55.99,56.11,56.27,56.42,56.57,56.73,56.88,57.00,57.12,57.23,57.36,57.51,57.63,57.75,57.87,58.02,58.18,58.31,58.43,58.55,58.70,58.85,59.01,59.16,59.31,59.47,59.63,59.78,59.96,60.36,60.80,61.22,61.61,62.03,62.45,62.88,63.30,63.69,64.14,64.58,65.00,65.44,65.89,66.36,66.76,66.97,66.73,66.02,65.16,64.32,63.51,62.66,61.81,61.02,60.36,59.84,59.54,59.30,59.06,58.83,58.68,58.61,58.61,58.71,58.77,58.75,58.69,58.61,58.50,58.45,58.43,58.43,58.43,58.40,58.22,57.91,57.53,57.18,56.81,56.42,56.03,55.65,55.29,54.95,54.58,54.20,53.81,53.43,53.04,52.65,52.23,51.81,51.39,50.95,50.49,50.37,50.35,50.35,50.35,50.35,50.35,50.44,50.68,51.05
87.99,87.16,85.67,83.51,80.95,80.08,79.85,79.77,79.72,79.71,79.72,79.76,79.84,80.00,80.42,81.75,83.47,84.80,85.61,85.56,85.64,86.34,87.60,89.94,91.50,91.85,91.02,88.72,85.87,82.97,80.52,79.39,78.61,77.92,77.33,76.93,76.58,76.20,75.81,75.53,76.00,77.08,78.30,79.82,82.66,85.81,89.59,94.26,99.70,102.21,104.12,106.14,108.21,109.77,113.09,116.35,118.44,118.70,118.76,117.80,115.75,112.94,111.19,111.08,111.61,112.03,111.65,110.80,108.97,106.25,103.20,100.80,101.86,104.88,108.01,109.61,109.96,109.84,109.28,107.66,106.25,104.90,103.51,101.97,100.28,95.26,90.20,87.18,85.18,83.68,82.44,81.51,81.08,80.13,78.86,77.97,78.03,78.31,77.68,76.22,74.59,74.53,75.95,77.89,80.01,82.09,82.94,81.48,78.13,73.29,68.39,64.27,61.41,59.91,59.83,59.81,59.77,59.72,59.71,59.72,59.72,59.76,59.81,59.86,59.94,59.93,59.83,59.72,59.65,59.61,59.61,59.55,59.29,58.77,58.18,57.56,56.96,56.35,55.91,55.57,55.28,55.07,55.08,55.20,55.35,55.50,55.66,55.77,55.82,55.83,55.90,56.03,56.15,56.24,56.39,56.55,56.70,56.85,57.00,57.14,57.25,57.34,57.44,57.58,57.72,57.85,57.95,58.10,58.25,58.40,58.53,58.63,58.78,58.92,59.07,59.23,59.38,59.53,59.69,59.85,60.07,60.61,61.09,61.48,61.88,62.32,62.72,63.12,63.52,63.91,64.34,64.77,65.17,65.63,66.09,66.54,66.97,67.25,67.00,66.28,65.43,64.59,63.78,62.94,62.10,61.24,60.38,59.78,59.48,59.33,59.25,59.19,59.11,59.07,59.09,59.17,59.25,59.27,59.26,59.19,59.11,58.97,58.89,58.87,58.86,58.80,58.58,58.25,57.87,57.54,57.18,56.80,56.41,56.02,55.63,55.27,54.92,54.53,54.13,53.74,53.32,52.85,52.40,51.93,51.46,50.95,50.41,50.30,50.29,50.29,50.29,50.29,50.29,50.30,50.38,50.69
85.19,84.40,83.21,81.81,80.58,80.04,79.85,79.79,79.78,79.78,79.82,79.86,80.06,80.96,82.96,85.57,87.97,89.33,90.07,90.45,91.40,93.18,94.89,96.28,96.91,96.62,95.05,92.54,89.70,86.62,83.34,80.31,78.98,78.34,77.97,77.86,77.45,76.99,76.53,76.16,76.50,77.33,78.31,79.55,81.84,86.76,91.53,95.61,99.50,101.97,104.16,106.88,110.38,113.52,117.38,120.01,120.89,120.91,120.22,117.81,114.36,110.87,107.60,107.23,108.23,109.49,110.38,110.43,109.32,107.48,105.86,104.43,105.04,107.03,109.29,109.96,110.03,109.34,107.72,105.34,103.94,103.19,102.47,101.09,99.34,94.45,89.73,87.03,84.73,84.29,84.47,84.59,84.16,82.69,80.71,79.34,79.75,82.08,82.82,82.61,82.08,81.92,82.33,82.95,83.87,84.82,82.61,79.69,75.78,70.91,67.54,64.03,61.37,59.97,59.89,59.88,59.86,59.83,59.79,59.84,59.85,59.86,59.92,60.16,60.62,60.54,60.10,59.87,59.77,59.71,59.67,59.67,59.64,59.28,58.74,58.13,57.51,56.89,56.32,55.75,55.20,55.09,55.17,55.32,55.47,55.63,55.78,55.89,55.95,55.96,56.02,56.15,56.28,56.37,56.52,56.67,56.83,56.97,57.06,57.16,57.29,57.42,57.55,57.65,57.79,57.93,58.07,58.22,58.33,58.46,58.61,58.75,58.90,59.02,59.13,59.29,59.45,59.59,59.75,59.95,60.30,60.86,61.37,61.80,62.19,62.59,62.98,63.39,63.82,64.22,64.62,65.01,65.42,65.88,66.29,66.69,67.12,67.45,67.30,66.59,65.72,64.81,63.93,63.08,62.26,61.44,60.60,59.92,59.66,59.59,59.58,59.60,59.55,59.52,59.54,59.62,59.69,59.76,59.78,59.75,59.68,59.55,59.41,59.31,59.25,59.17,58.95,58.62,58.24,57.87,57.53,57.18,56.79,56.41,55.97,55.54,55.11,54.67,54.22,53.78,53.33,52.86,52.41,51.94,51.42,50.86,50.38,50.25,50.23,50.23,50.23,50.23,50.23,50.25,50.31,50.42
85.02,84.25,83.13,81.85,80.89,80.32,79.99,79.83,79.83,79.84,79.90,80.83,82.70,84.88,87.74,90.91,93.59,94.86,95.22,95.54,96.54,98.25,99.58,100.10,100.16,99.64,97.97,95.45,92.60,89.38,85.58,81.22,79.40,78.81,78.72,78.80,78.44,77.96,77.42,76.96,77.11,77.60,78.25,79.11,80.69,85.50,90.46,94.53,97.55,99.86,101.98,105.10,109.90,114.25,118.61,121.25,121.89,121.84,120.73,117.70,113.67,109.66,104.77,103.43,103.93,104.99,106.11,107.17,107.60,107.44,107.10,106.73,107.28,108.50,109.86,110.05,109.98,108.24,104.92,102.30,100.90,100.42,99.95,98.37,96.15,92.39,88.91,86.79,85.33,85.91,87.10,87.94,87.32,85.40,83.09,81.96,83.36,86.38,87.93,88.42,88.26,87.97,87.52,87.13,86.44,84.44,80.45,76.53,72.67,69.00,66.62,63.86,61.49,60.04,59.95,59.91,59.90,59.88,59.85,59.89,59.90,59.90,59.97,60.34,61.23,61.46,61.05,60.42,59.97,59.80,59.78,59.78,59.82,59.64,59.26,58.72,58.08,57.49,56.75,55.91,55.16,55.12,55.26,55.40,55.53,55.68,55.83,55.96,56.04,56.08,56.15,56.28,56.41,56.50,56.64,56.78,56.90,57.02,57.13,57.21,57.33,57.49,57.64,57.75,57.87,58.01,58.16,58.31,58.43,58.55,58.68,58.83,58.99,59.11,59.22,59.35,59.51,59.66,59.83,60.08,60.56,61.13,61.64,62.08,62.46,62.88,63.27,63.68,64.10,64.50,64.90,65.31,65.70,66.13,66.52,66.93,67.35,67.71,67.72,67.08,66.23,65.33,64.47,63.61,62.79,61.97,61.16,60.49,60.20,60.06,59.98,60.05,60.04,60.05,60.09,60.14,60.24,60.30,60.32,60.29,60.25,60.16,60.06,59.97,59.85,59.62,59.32,58.95,58.55,58.16,57.78,57.40,56.98,56.56,56.11,55.64,55.19,54.72,54.25,53.80,53.33,52.86,52.37,51.88,51.33,50.75,50.34,50.20,50.16,50.16,50.16,50.16,50.16,50.18,50.22,50.23
86.81,85.97,84.73,83.16,81.75,80.95,80.42,80.11,80.11,80.40,80.73,83.03,87.14,90.74,93.91,97.02,99.61,100.76,100.57,100.50,100.94,101.78,102.24,102.08,101.81,101.30,99.91,97.48,94.59,91.28,87.29,82.28,80.02,79.42,79.64,79.88,79.61,79.03,78.38,77.89,77.84,78.00,78.27,78.73,79.62,83.01,87.46,91.73,94.44,96.54,98.44,101.70,107.24,112.37,117.36,120.64,121.88,121.97,120.74,117.76,113.75,109.24,102.94,100.29,99.67,99.81,100.42,102.31,104.45,106.18,106.91,107.51,108.37,109.29,109.93,110.00,109.90,107.04,101.92,99.31,97.82,97.21,96.51,94.53,91.84,89.75,87.98,86.59,86.66,88.14,90.02,91.29,90.36,88.05,85.79,85.42,88.13,90.91,92.81,93.51,93.11,92.47,91.27,89.91,87.20,81.52,76.95,72.66,69.37,67.45,65.57,63.56,61.58,60.10,60.01,59.94,59.91,59.90,59.90,59.90,59.90,59.90,59.99,60.45,61.73,62.53,62.45,61.38,60.43,60.14,60.18,60.31,60.49,60.63,60.49,59.93,58.86,58.14,57.20,56.09,55.17,55.16,55.30,55.42,55.53,55.68,55.83,55.99,56.11,56.19,56.27,56.40,56.52,56.62,56.76,56.86,56.95,57.04,57.18,57.28,57.41,57.56,57.71,57.86,57.96,58.08,58.23,58.38,58.53,58.65,58.75,58.90,59.05,59.20,59.33,59.42,59.56,59.72,59.92,60.25,60.84,61.40,61.89,62.34,62.74,63.18,63.58,63.97,64.37,64.76,65.20,65.61,66.00,66.40,66.78,67.22,67.65,68.00,68.20,67.69,66.90,66.06,65.27,64.43,63.59,62.75,61.96,61.39,61.02,60.71,60.48,60.52,60.59,60.66,60.71,60.73,60.85,60.89,60.87,60.81,60.80,60.79,60.78,60.73,60.53,60.09,59.65,59.23,58.78,58.38,57.94,57.49,57.03,56.57,56.11,55.64,55.19,54.72,54.25,53.80,53.33,52.85,52.32,51.78,51.20,50.63,50.26,50.14,50.11,50.10,50.09,50.10,50.10,50.10,50.11,50.12
89.69,88.02,86.44,84.83,83.19,82.31,81.91,81.58,81.63,83.82,85.99,88.75,92.23,95.92,99.46,102.02,103.83,105.01,104.75,104.25,104.04,104.22,104.31,103.62,102.72,101.69,100.16,97.79,95.09,92.15,88.72,84.19,81.48,80.58,81.03,81.76,81.20,80.10,79.14,78.85,78.77,78.84,78.91,79.04,79.63,81.98,85.25,88.64,91.20,93.32,95.75,98.74,102.60,107.75,114.26,119.27,121.84,122.72,121.51,118.85,115.04,109.83,103.65,100.41,98.75,97.90,98.07,99.39,101.01,102.63,104.11,105.07,106.87,108.80,109.88,110.00,109.96,107.33,102.37,99.09,97.02,95.41,93.70,91.53,89.89,88.77,87.83,87.23,88.11,90.23,92.72,94.28,92.72,90.11,88.29,88.63,91.84,94.86,96.88,97.44,96.43,94.35,92.04,88.13,82.65,76.35,72.52,69.77,67.62,65.91,64.24,62.37,60.93,60.17,60.13,60.05,59.99,59.95,59.91,59.90,59.90,59.90,60.05,60.75,62.05,63.27,63.83,63.14,62.19,61.81,62.16,63.22,64.57,65.80,66.00,64.51,60.79,59.03,57.80,56.59,55.44,55.17,55.26,55.39,55.53,55.68,55.83,55.96,56.07,56.20,56.32,56.47,56.59,56.68,56.78,56.90,57.00,57.10,57.25,57.38,57.53,57.66,57.77,57.92,58.06,58.17,58.29,58.45,58.59,58.73,58.86,58.97,59.12,59.27,59.39,59.48,59.58,59.72,60.02,60.49,61.10,61.65,62.18,62.64,63.04,63.45,63.84,64.25,64.67,65.07,65.47,65.87,66.27,66.70,67.09,67.50,67.90,68.26,68.50,68.26,67.67,66.86,66.04,65.19,64.41,63.66,62.95,62.47,62.02,61.58,61.24,61.16,61.20,61.28,61.35,61.40,61.41,61.41,61.39,61.32,61.31,61.31,61.33,61.29,60.88,60.37,59.86,59.36,58.86,58.42,57.96,57.50,57.03,56.58,56.11,55.64,55.19,54.72,54.25,53.80,53.31,52.80,52.25,51.68,51.08,50.52,50.20,50.11,50.07,50.02,49.98,50.02,50.04,50.04,50.05,50.09
92.69,89.84,87.72,86.05,84.34,83.64,83.77,84.01,84.65,88.37,91.96,94.94,97.72,101.32,104.59,106.42,107.44,108.31,107.93,107.08,106.31,105.81,105.40,104.32,103.03,101.68,100.13,97.91,95.50,92.99,90.17,86.53,83.74,82.67,83.21,84.00,83.11,81.68,80.50,80.11,79.90,79.86,79.84,80.06,81.35,83.47,85.71,87.87,90.06,92.55,94.94,97.17,99.73,104.38,110.98,117.17,121.61,123.18,122.47,120.36,116.77,111.12,105.34,101.49,98.88,97.21,96.67,97.18,98.15,99.47,101.21,102.51,105.02,107.81,109.64,109.97,110.00,108.27,104.68,101.15,98.57,96.45,94.33,91.97,90.03,88.86,88.17,88.03,89.21,92.27,95.46,97.31,95.92,93.13,91.46,92.11,95.45,98.16,99.80,99.65,97.54,94.16,89.83,83.88,77.31,71.99,69.17,67.58,66.18,64.57,62.95,61.38,60.48,60.25,60.22,60.16,60.08,60.01,59.98,60.06,60.09,60.13,60.35,61.08,62.30,63.71,64.83,64.96,64.41,64.19,64.83,66.47,68.15,69.64,69.92,68.28,64.02,60.87,58.78,57.22,55.87,55.22,55.19,55.33,55.47,55.63,55.78,55.90,56.02,56.17,56.33,56.49,56.64,56.73,56.81,56.95,57.08,57.18,57.32,57.47,57.63,57.75,57.84,57.97,58.12,58.23,58.32,58.45,58.60,58.75,58.87,58.98,59.11,59.24,59.36,59.46,59.58,59.89,60.41,61.01,61.41,61.91,62.45,62.95,63.35,63.73,64.12,64.53,64.97,65.38,65.77,66.16,66.56,66.99,67.38,67.77,68.16,68.51,68.75,68.77,68.39,67.66,66.84,66.04,65.31,64.62,63.98,63.55,63.02,62.49,62.09,61.85,61.83,61.89,61.97,62.03,61.95,61.92,61.89,61.83,61.84,61.85,61.85,61.75,61.22,60.66,60.11,59.55,58.98,58.45,57.96,57.50,57.03,56.58,56.11,55.64,55.19,54.72,54.25,53.78,53.26,52.70,52.16,51.56,50.95,50.40,50.12,50.08,50.03,49.95,49.91,49.96,49.99,50.00,50.02,50.09
95.44,91.22,88.37,86.60,84.97,84.75,85.81,87.27,89.17,93.57,97.68,100.81,103.46,106.95,109.13,110.10,110.47,110.58,109.89,108.81,107.63,106.46,105.30,104.03,102.73,101.44,100.10,98.18,96.18,94.08,91.78,89.30,86.87,85.86,86.29,86.54,85.32,83.92,82.72,81.76,81.25,81.09,81.18,82.03,85.20,88.01,89.58,90.40,91.94,95.09,96.52,97.50,99.78,103.38,108.07,114.48,121.11,123.16,123.46,122.03,118.65,112.97,107.58,103.02,99.59,97.43,95.84,95.53,96.15,97.32,98.71,100.48,103.20,106.35,109.05,109.81,109.96,109.69,108.53,105.51,102.73,100.87,99.28,96.71,92.60,90.28,89.22,89.03,89.98,94.29,98.24,100.42,100.21,97.42,95.48,95.93,99.04,100.67,101.33,99.80,96.03,91.67,84.38,77.51,72.26,69.28,67.50,66.12,64.84,63.50,61.79,60.86,60.47,60.36,60.29,60.22,60.15,60.10,60.15,60.46,60.56,60.70,61.00,61.48,62.50,63.84,65.30,66.58,66.88,67.10,67.97,69.55,70.30,70.85,70.85,70.20,68.56,63.89,60.27,58.00,56.51,55.34,55.14,55.25,55.35,55.50,55.66,55.80,55.95,56.10,56.27,56.46,56.66,56.78,56.87,57.01,57.16,57.29,57.38,57.52,57.68,57.80,57.88,57.97,58.11,58.23,58.31,58.40,58.54,58.66,58.76,58.90,58.99,59.08,59.19,59.36,59.59,60.30,61.19,61.90,61.85,62.20,62.71,63.21,63.66,64.05,64.44,64.83,65.24,65.69,66.08,66.47,66.85,67.25,67.64,68.03,68.41,68.77,69.02,69.21,69.03,68.43,67.67,67.00,66.32,65.65,65.05,64.57,63.95,63.40,63.00,62.59,62.45,62.47,62.54,62.59,62.48,62.43,62.40,62.34,62.40,62.41,62.35,62.13,61.59,60.99,60.42,59.84,59.17,58.50,57.98,57.50,57.03,56.58,56.11,55.64,55.19,54.72,54.25,53.74,53.18,52.59,52.03,51.44,50.82,50.28,50.05,50.01,49.97,49.91,49.90,49.91,49.96,50.00,50.02,50.08
95.56,91.28,88.54,86.90,85.39,85.36,86.58,88.23,90.43,95.33,99.84,103.53,106.65,109.73,111.35,111.93,111.77,110.93,109.94,108.85,107.65,106.34,105.03,103.71,102.56,101.56,100.58,99.33,97.83,96.28,94.67,92.53,90.21,89.09,89.17,88.99,87.67,86.30,85.04,83.77,82.84,83.46,84.70,86.55,90.34,92.92,94.39,95.48,97.21,99.33,99.98,100.44,102.14,104.92,108.70,114.45,120.86,123.24,123.17,121.53,118.27,112.79,106.79,102.25,99.15,97.23,95.56,94.52,94.47,95.25,96.46,98.05,100.74,103.93,106.84,108.59,109.36,109.76,109.68,108.27,106.65,104.87,103.01,101.03,98.09,95.29,93.28,92.43,92.74,96.35,100.00,102.27,102.30,99.87,98.56,99.11,101.25,102.39,101.76,98.94,93.82,87.16,79.87,73.96,69.94,68.02,66.52,65.14,63.81,62.52,61.21,60.69,60.52,60.44,60.36,60.36,60.34,60.34,60.52,61.09,61.47,61.71,61.92,62.24,62.83,63.96,65.48,67.06,68.13,68.85,69.70,70.79,71.31,71.68,71.61,71.08,70.08,66.59,62.55,59.27,57.50,56.05,55.35,55.15,55.27,55.42,55.58,55.73,55.89,56.05,56.24,56.43,56.60,56.75,56.84,56.97,57.11,57.21,57.29,57.43,57.56,57.66,57.75,57.86,57.98,58.09,58.20,58.28,58.39,58.51,58.62,58.73,58.81,58.92,59.10,59.42,59.94,60.88,61.94,62.76,62.69,62.74,63.07,63.51,63.93,64.32,64.70,65.11,65.53,65.95,66.35,66.73,67.12,67.51,67.89,68.31,68.70,69.03,69.27,69.50,69.52,69.23,68.66,68.02,67.34,66.68,66.10,65.52,64.85,64.29,63.90,63.48,63.20,63.12,63.15,63.16,63.04,62.96,62.92,62.89,62.92,62.94,62.81,62.50,61.93,61.35,60.77,60.17,59.51,58.81,58.20,57.61,57.04,56.58,56.11,55.64,55.19,54.72,54.22,53.66,53.06,52.46,51.91,51.31,50.70,50.17,49.98,49.95,49.92,49.90,49.90,49.90,49.92,49.96,50.01,50.04
94.28,90.68,88.40,86.97,85.74,85.89,87.02,88.51,90.68,95.81,100.62,104.83,108.45,111.28,112.81,113.02,112.20,110.65,109.46,108.43,107.30,106.02,104.88,103.72,102.78,102.05,101.37,100.68,99.66,98.64,97.70,95.92,93.78,92.48,92.08,91.39,89.89,88.41,87.01,85.58,84.42,85.75,88.12,91.02,95.22,97.47,98.97,100.49,102.35,103.38,103.61,103.98,105.31,107.57,110.83,115.56,120.81,123.24,122.48,120.15,116.61,111.35,104.78,100.69,98.25,96.66,95.15,93.64,92.97,93.20,94.08,95.30,97.81,101.09,104.39,106.85,108.14,108.93,109.49,109.76,109.48,107.99,106.07,104.92,103.81,101.19,98.64,97.27,96.95,99.27,102.18,104.30,104.18,102.23,101.55,102.07,103.06,103.42,101.64,97.68,91.34,82.79,76.36,71.75,68.71,67.27,65.81,64.38,62.99,61.71,60.90,60.67,60.60,60.54,60.50,60.55,60.57,60.65,60.98,61.76,62.41,62.79,62.94,63.17,63.40,64.22,65.55,67.13,68.74,69.87,70.70,71.37,71.92,72.38,72.28,71.64,70.74,68.84,64.95,60.87,58.53,56.92,55.74,55.17,55.21,55.36,55.52,55.67,55.83,55.99,56.21,56.39,56.55,56.69,56.77,56.90,57.01,57.08,57.16,57.30,57.40,57.49,57.58,57.71,57.81,57.93,58.06,58.14,58.22,58.35,58.47,58.55,58.64,58.82,59.12,59.62,60.43,61.52,62.67,63.57,63.64,63.47,63.55,63.83,64.19,64.58,64.97,65.39,65.83,66.21,66.60,66.99,67.38,67.77,68.17,68.59,68.98,69.27,69.50,69.75,69.92,69.91,69.56,69.00,68.34,67.70,67.11,66.43,65.75,65.19,64.81,64.42,64.02,63.81,63.76,63.74,63.60,63.49,63.44,63.44,63.44,63.44,63.27,62.86,62.27,61.70,61.11,60.50,59.88,59.20,58.50,57.80,57.15,56.63,56.13,55.64,55.18,54.68,54.14,53.55,52.94,52.34,51.79,51.19,50.58,50.05,49.92,49.90,49.89,49.88,49.88,49.88,49.89,49.92,49.98,49.98
91.14,89.22,87.79,86.65,86.06,86.55,87.45,88.56,90.51,95.32,100.20,104.59,108.39,111.55,113.87,113.45,111.56,110.03,108.93,107.96,106.86,105.70,105.15,104.55,103.91,103.27,102.63,101.94,101.25,100.67,100.19,99.41,97.78,96.33,95.20,93.71,91.67,89.72,88.01,86.59,85.82,87.10,89.77,93.63,98.50,100.84,102.28,103.55,104.80,105.83,106.41,107.26,109.03,111.41,114.43,117.84,121.14,122.97,121.59,117.94,113.18,107.97,101.70,98.62,96.94,95.42,94.05,92.69,91.69,91.15,91.20,91.95,94.10,97.78,102.42,104.47,105.68,106.67,107.69,109.04,109.61,109.10,108.22,107.97,108.12,106.93,105.38,104.23,103.64,104.45,106.20,107.73,106.98,105.66,105.01,104.87,104.69,103.25,100.86,96.10,88.63,80.20,74.86,71.12,68.41,66.85,65.36,63.91,62.48,61.29,60.92,60.80,60.75,60.75,60.80,60.82,60.83,61.01,61.57,62.34,63.13,63.70,64.01,64.25,64.48,64.81,65.49,66.89,68.49,69.78,70.76,71.48,72.30,72.98,72.88,72.08,71.22,70.18,67.09,62.98,59.45,57.79,56.44,55.51,55.17,55.30,55.45,55.61,55.77,55.93,56.15,56.33,56.48,56.62,56.71,56.79,56.88,56.95,57.03,57.12,57.25,57.37,57.44,57.53,57.66,57.78,57.87,57.95,58.08,58.19,58.28,58.36,58.50,58.86,59.37,60.03,61.07,62.22,63.34,64.27,64.61,64.48,64.28,64.23,64.47,64.89,65.29,65.68,66.08,66.47,66.85,67.24,67.64,68.08,68.48,68.88,69.22,69.46,69.70,69.98,70.19,70.27,70.13,69.84,69.32,68.68,68.01,67.32,66.67,66.14,65.76,65.37,64.93,64.56,64.33,64.30,64.12,63.99,63.94,63.94,63.94,63.94,63.70,63.19,62.64,62.04,61.42,60.83,60.25,59.58,58.88,58.19,57.50,56.85,56.20,55.64,55.15,54.57,54.02,53.43,52.83,52.27,51.67,51.11,50.49,49.95,49.91,49.90,49.86,49.82,49.82,49.82,49.87,49.91,49.92,49.92
89.34,88.17,87.28,86.72,86.88,87.58,88.26,88.98,90.57,95.26,100.08,104.45,108.29,111.62,114.55,114.04,111.65,109.81,108.85,108.08,107.29,106.56,106.21,105.75,105.17,104.52,103.90,103.25,102.64,102.15,101.78,101.28,100.11,98.71,97.15,95.13,92.93,90.87,89.05,87.62,87.02,88.10,91.23,96.17,100.52,102.91,104.58,106.00,107.21,108.59,110.02,111.67,113.74,115.86,118.13,120.12,121.60,122.16,120.27,115.72,110.17,105.52,101.01,98.92,97.78,96.61,95.26,93.11,91.24,90.07,89.80,90.06,91.34,94.37,99.17,101.78,103.14,104.17,105.29,106.77,107.77,107.92,107.81,108.34,109.27,109.20,108.82,108.56,108.30,108.96,110.03,110.62,109.34,108.06,106.91,105.80,104.52,102.44,99.45,94.19,86.63,79.07,74.15,70.70,68.19,66.58,65.03,63.49,62.12,61.17,61.04,61.00,60.99,61.03,61.07,61.08,61.12,61.42,62.15,62.95,63.76,64.48,65.00,65.31,65.55,65.78,66.14,66.91,68.15,69.46,70.59,71.48,72.49,73.42,73.54,72.85,71.94,71.00,68.66,65.05,60.90,58.67,57.12,55.90,55.16,55.24,55.39,55.55,55.71,55.90,56.09,56.27,56.40,56.52,56.60,56.67,56.75,56.83,56.91,57.02,57.13,57.24,57.31,57.39,57.50,57.61,57.72,57.80,57.91,58.03,58.13,58.24,58.60,59.12,59.77,60.63,61.76,62.89,64.01,65.01,65.58,65.50,65.25,65.06,65.00,65.28,65.63,65.98,66.34,66.72,67.11,67.51,67.94,68.36,68.75,69.14,69.47,69.70,69.97,70.29,70.53,70.59,70.48,70.30,69.95,69.46,68.88,68.20,67.59,67.08,66.67,66.28,65.85,65.39,65.00,64.85,64.67,64.52,64.45,64.45,64.45,64.40,64.10,63.55,62.98,62.36,61.75,61.16,60.59,59.95,59.26,58.57,57.87,57.17,56.48,55.73,54.97,54.36,53.84,53.30,52.76,52.20,51.59,51.03,50.44,49.92,49.90,49.87,49.81,49.76,49.76,49.79,49.83,49.87,49.89,49.86
88.25,87.46,87.02,87.10,87.95,89.02,89.86,90.57,91.97,96.37,100.81,104.84,108.44,111.76,115.09,114.77,112.26,110.13,109.22,108.62,108.19,107.91,107.58,107.09,106.47,105.80,105.17,104.55,103.94,103.38,102.89,102.30,101.46,100.20,98.44,96.15,93.97,91.94,90.11,88.76,88.35,89.30,92.81,98.54,102.08,104.49,106.47,108.20,109.68,111.77,114.00,116.18,118.13,119.61,120.80,121.41,121.35,120.74,118.69,113.79,108.02,104.23,101.76,100.50,99.68,98.82,97.37,94.17,91.30,89.55,89.14,88.94,89.28,91.24,95.35,98.67,100.28,101.39,102.56,103.92,105.16,105.74,106.17,107.26,108.46,108.95,109.41,110.08,110.37,111.58,112.51,112.47,110.93,109.53,107.77,105.72,103.55,101.30,97.71,92.21,85.16,78.68,73.83,70.41,68.03,66.40,64.78,63.14,61.86,61.22,61.22,61.24,61.28,61.33,61.33,61.34,61.46,61.87,62.71,63.56,64.36,65.16,65.90,66.35,66.63,66.91,67.13,67.21,67.94,69.12,70.35,71.45,72.61,73.78,74.20,73.75,72.72,71.58,69.89,66.97,62.56,59.55,57.74,56.33,55.24,55.20,55.33,55.48,55.66,55.87,56.04,56.20,56.31,56.39,56.47,56.55,56.63,56.70,56.78,56.92,57.03,57.11,57.19,57.27,57.34,57.45,57.59,57.67,57.76,57.88,58.03,58.24,58.83,59.48,60.27,61.30,62.44,63.55,64.67,65.76,66.55,66.50,66.33,66.08,65.72,65.77,66.01,66.31,66.64,67.01,67.39,67.80,68.23,68.62,69.01,69.38,69.72,69.97,70.28,70.63,70.86,70.90,70.76,70.61,70.40,70.11,69.69,69.08,68.51,68.00,67.54,67.11,66.70,66.18,65.66,65.39,65.21,65.05,64.96,64.96,64.96,64.83,64.48,63.91,63.30,62.68,62.06,61.47,60.91,60.30,59.64,58.95,58.25,57.55,56.87,55.89,54.78,54.07,53.56,53.08,52.59,52.05,51.45,50.91,50.36,49.92,49.88,49.83,49.76,49.70,49.71,49.77,49.79,49.83,49.87,49.81
87.64,87.40,87.56,88.09,89.22,91.50,94.04,96.32,98.39,101.48,104.48,107.15,109.66,112.54,115.75,115.75,113.72,111.84,110.54,109.86,109.49,109.24,108.92,108.38,107.76,107.11,106.45,105.82,105.20,104.48,103.61,102.74,101.76,100.62,99.16,97.07,95.00,92.96,91.20,90.29,90.55,91.90,95.25,100.38,103.92,106.40,108.48,110.41,112.48,116.05,118.15,119.11,119.48,119.37,119.12,118.65,118.08,117.84,116.81,113.12,108.58,106.01,104.22,103.10,102.13,100.93,99.07,95.45,91.94,89.51,88.87,88.36,88.51,89.48,91.47,94.31,96.24,97.87,99.59,101.49,102.90,103.61,104.13,105.01,105.22,104.54,104.21,104.82,105.54,107.66,109.81,111.01,110.23,108.99,107.11,104.89,102.54,99.95,95.72,90.45,84.60,78.75,73.80,70.33,68.00,66.33,64.65,62.94,61.77,61.48,61.48,61.53,61.56,61.59,61.59,61.63,61.89,62.43,63.28,64.13,64.97,65.78,66.57,67.31,67.68,68.05,68.31,68.22,68.39,69.19,70.31,71.52,72.78,74.09,74.76,74.54,73.38,72.13,70.74,68.33,64.15,60.31,58.26,56.80,55.59,55.21,55.27,55.42,55.58,55.76,55.96,56.10,56.19,56.27,56.34,56.42,56.50,56.58,56.66,56.80,56.91,56.98,57.06,57.14,57.22,57.30,57.41,57.54,57.63,57.78,58.06,58.53,59.15,59.93,60.87,61.98,63.09,64.22,65.36,66.50,67.47,67.50,67.37,67.16,66.73,66.47,66.55,66.81,67.12,67.45,67.78,68.13,68.49,68.87,69.26,69.61,69.94,70.28,70.59,70.88,71.11,71.22,71.08,70.97,70.78,70.54,70.25,69.89,69.40,68.87,68.33,67.74,67.22,66.66,66.15,65.94,65.73,65.56,65.47,65.47,65.46,65.26,64.83,64.23,63.61,63.00,62.38,61.78,61.23,60.63,59.99,59.33,58.63,57.94,57.29,56.23,54.85,53.61,52.97,52.48,52.01,51.52,51.02,50.52,50.13,49.90,49.84,49.81,49.75,49.70,49.70,49.72,49.73,49.77,49.81,49.75
87.45,87.60,88.15,89.06,90.90,94.57,98.09,101.18,103.84,106.21,108.20,109.89,111.61,114.14,116.93,117.27,115.89,114.21,112.65,111.68,111.14,110.83,110.43,109.73,108.98,108.25,107.50,106.70,105.90,105.00,103.96,102.97,101.94,100.87,99.59,97.66,95.72,93.84,92.34,91.82,92.68,94.28,97.27,101.63,105.29,108.05,110.22,112.23,114.71,117.73,118.99,118.85,117.86,116.50,115.41,114.79,114.76,115.26,114.94,112.64,109.52,107.19,105.18,103.67,102.22,100.48,98.28,94.81,91.60,89.38,88.61,87.90,87.86,88.29,89.15,91.03,92.60,94.16,95.96,98.10,99.94,101.18,101.95,102.27,101.69,100.36,99.50,99.83,101.12,104.08,107.08,109.10,109.04,107.86,106.04,103.90,101.49,98.47,94.01,89.19,84.36,79.05,73.92,70.27,67.89,66.19,64.47,62.73,61.69,61.68,61.76,61.81,61.84,61.84,61.88,61.94,62.36,63.03,63.86,64.70,65.55,66.38,67.19,68.04,68.65,69.17,69.45,69.22,69.06,69.59,70.58,71.82,73.11,74.45,75.37,75.44,74.20,72.87,71.49,69.30,65.49,61.25,58.92,57.34,56.01,55.23,55.20,55.35,55.51,55.67,55.87,55.97,56.03,56.11,56.18,56.26,56.34,56.42,56.53,56.65,56.75,56.82,56.90,56.98,57.08,57.17,57.25,57.37,57.44,57.75,58.27,58.90,59.56,60.48,61.56,62.70,63.80,64.92,66.06,67.22,68.26,68.55,68.48,68.22,67.74,67.32,67.23,67.36,67.62,67.93,68.24,68.55,68.87,69.23,69.59,69.90,70.21,70.56,70.87,71.12,71.37,71.54,71.45,71.32,71.11,70.85,70.60,70.36,69.97,69.47,68.91,68.28,67.69,67.13,66.67,66.50,66.24,66.07,66.00,65.98,65.97,65.69,65.20,64.58,63.97,63.35,62.73,62.13,61.55,60.95,60.33,59.68,59.02,58.35,57.68,56.54,55.00,53.45,52.48,51.88,51.42,50.96,50.52,50.19,49.98,49.89,49.81,49.80,49.75,49.70,49.70,49.67,49.69,49.72,49.75,49.68
87.61,87.97,88.67,89.88,92.67,97.62,101.43,104.63,107.81,109.99,111.53,112.74,114.08,116.34,118.46,119.09,118.43,116.94,115.33,113.99,113.11,112.65,112.06,111.08,110.08,109.16,108.27,107.20,106.09,105.02,104.02,103.07,102.08,101.05,99.81,98.01,96.21,94.66,93.54,93.32,94.64,96.27,98.74,102.34,106.18,109.36,111.62,113.54,116.02,116.92,116.89,115.95,113.97,111.91,110.72,110.81,111.99,113.25,113.15,112.03,110.04,107.19,104.44,102.23,100.08,97.75,95.35,92.56,90.41,89.07,88.31,87.51,87.23,87.48,88.15,88.88,89.60,90.56,91.97,93.97,96.28,98.27,99.42,99.11,98.09,96.70,95.66,95.69,97.74,101.41,104.83,107.12,107.59,106.40,104.73,102.80,100.34,96.87,92.56,88.33,84.26,79.44,74.03,70.13,67.69,65.98,64.23,62.53,61.63,61.83,62.03,62.09,62.09,62.11,62.18,62.28,62.84,63.65,64.44,65.27,66.12,66.97,67.80,68.59,69.47,70.18,70.51,70.21,69.93,70.28,71.14,72.37,73.60,74.89,76.01,76.41,75.13,73.74,72.18,70.00,66.63,62.39,59.74,57.93,56.50,55.33,55.16,55.28,55.44,55.60,55.75,55.81,55.84,55.91,55.99,56.07,56.15,56.25,56.38,56.47,56.55,56.63,56.71,56.79,56.92,57.03,57.11,57.19,57.22,57.78,58.64,59.29,60.06,61.14,62.33,63.47,64.57,65.66,66.79,67.93,68.96,69.58,69.60,69.24,68.73,68.27,68.02,67.98,68.17,68.46,68.76,69.06,69.37,69.67,69.99,70.25,70.52,70.83,71.13,71.39,71.65,71.88,71.84,71.66,71.39,71.09,70.80,70.55,70.25,69.84,69.31,68.76,68.16,67.63,67.23,67.04,66.71,66.58,66.55,66.48,66.47,66.11,65.58,64.96,64.35,63.73,63.11,62.49,61.88,61.27,60.65,60.03,59.41,58.78,58.03,56.80,55.19,53.59,52.16,51.34,50.86,50.43,50.06,49.94,49.91,49.88,49.81,49.79,49.75,49.70,49.69,49.63,49.66,49.70,49.69,49.61
87.93,88.24,88.87,90.04,92.85,97.53,101.78,105.76,109.53,111.56,113.26,114.81,116.36,118.18,119.41,119.91,119.78,119.05,117.89,116.60,115.44,114.48,113.45,112.08,110.70,109.47,108.42,107.28,106.12,105.02,104.02,103.05,102.08,101.14,100.09,98.64,96.93,95.70,94.97,94.84,96.27,97.65,99.47,102.39,106.73,110.00,112.22,113.67,114.49,114.50,113.85,112.43,110.25,108.73,109.09,110.31,111.72,112.51,111.80,109.75,106.97,104.02,101.57,99.24,96.73,94.11,92.13,90.56,89.33,88.42,87.83,87.14,86.68,86.63,87.09,87.54,88.01,88.58,89.35,90.51,91.98,93.71,95.13,95.35,94.48,93.11,92.04,92.33,95.61,99.79,103.32,105.62,106.14,104.94,103.32,101.43,98.84,95.08,91.10,87.39,83.81,79.46,73.36,69.41,67.39,65.69,63.97,62.49,61.78,62.01,62.23,62.32,62.37,62.41,62.47,62.73,63.40,64.24,65.05,65.86,66.69,67.54,68.36,69.04,69.72,70.53,71.25,71.42,71.27,71.47,72.16,73.30,74.44,75.61,76.72,77.21,75.90,74.41,72.77,70.73,67.83,63.90,60.82,58.66,57.21,55.90,55.27,55.17,55.33,55.53,55.64,55.68,55.69,55.73,55.80,55.88,55.98,56.10,56.21,56.29,56.37,56.44,56.53,56.65,56.76,56.85,56.92,56.96,57.12,57.85,58.89,59.68,60.70,61.91,63.14,64.30,65.43,66.55,67.70,68.82,69.77,70.29,70.26,69.92,69.52,69.15,68.92,68.84,68.93,69.14,69.39,69.66,69.91,70.13,70.38,70.63,70.88,71.19,71.45,71.72,72.00,72.17,72.08,71.87,71.59,71.28,70.98,70.75,70.46,70.13,69.74,69.21,68.64,68.16,67.77,67.47,67.19,67.08,67.06,66.98,66.93,66.49,65.92,65.34,64.73,64.11,63.49,62.87,62.25,61.64,61.02,60.42,59.85,59.26,58.38,57.03,55.38,53.76,52.19,51.01,50.30,50.09,49.94,49.90,49.88,49.84,49.80,49.76,49.72,49.69,49.64,49.61,49.62,49.63,49.62,49.55
88.20,88.42,88.92,89.87,92.14,96.19,100.67,105.27,109.54,111.75,113.55,115.22,116.90,118.71,119.78,120.29,120.46,120.30,119.60,118.41,117.03,115.62,114.19,112.51,110.88,109.46,108.34,107.20,106.07,105.02,104.07,103.11,102.19,101.32,100.42,99.33,97.84,96.85,96.26,96.02,97.21,98.32,99.60,101.87,106.38,109.86,112.00,112.88,112.47,111.80,110.54,108.92,107.42,107.38,109.33,111.24,112.20,111.99,110.47,107.30,103.56,100.66,98.57,96.49,94.00,91.34,89.97,89.32,88.76,88.18,87.70,87.13,86.54,86.17,86.20,86.31,86.60,86.92,87.28,87.83,88.62,89.92,91.24,91.77,91.16,89.87,89.14,90.30,94.78,99.13,102.48,104.54,104.75,103.52,101.86,99.75,96.78,92.97,89.48,86.26,82.95,78.70,72.46,68.72,67.02,65.33,63.65,62.46,61.97,62.20,62.43,62.57,62.65,62.70,62.77,63.24,63.98,64.82,65.65,66.42,67.17,67.93,68.67,69.25,69.72,70.50,71.47,72.25,72.60,72.83,73.34,74.32,75.41,76.47,77.48,77.98,76.88,75.35,73.78,71.88,69.09,65.48,62.13,59.60,57.98,56.70,55.73,55.26,55.22,55.43,55.53,55.55,55.55,55.56,55.64,55.71,55.82,55.94,56.02,56.10,56.18,56.26,56.36,56.49,56.59,56.65,56.68,56.72,57.06,57.95,59.14,60.21,61.41,62.69,63.94,65.10,66.28,67.45,68.58,69.66,70.51,70.86,70.77,70.48,70.21,69.94,69.77,69.69,69.72,69.85,70.03,70.24,70.44,70.60,70.82,71.05,71.30,71.56,71.80,72.08,72.34,72.47,72.28,72.05,71.77,71.48,71.20,70.96,70.67,70.39,70.09,69.62,69.10,68.66,68.27,67.88,67.67,67.61,67.56,67.48,67.36,66.86,66.27,65.70,65.10,64.49,63.87,63.25,62.63,62.02,61.41,60.84,60.30,59.73,58.67,57.16,55.43,53.75,52.07,50.73,49.95,49.91,49.90,49.88,49.85,49.80,49.79,49.73,49.70,49.68,49.61,49.60,49.59,49.58,49.56,49.51
88.35,88.50,88.84,89.36,90.49,93.81,98.12,102.85,107.43,110.35,111.97,113.20,114.73,117.28,119.38,120.27,120.41,120.34,119.98,118.82,117.28,115.64,113.98,112.14,110.47,109.11,108.08,107.01,105.96,105.02,104.21,103.35,102.53,101.71,100.86,100.02,99.01,98.07,97.23,96.64,97.16,98.03,98.99,100.62,104.64,108.59,110.61,110.87,110.40,109.03,107.10,105.73,106.09,108.56,111.66,113.38,113.10,111.46,109.08,105.15,100.91,98.13,96.20,94.77,92.80,90.38,89.73,89.36,89.07,88.75,88.24,87.69,87.06,86.36,85.64,85.08,85.07,85.30,85.63,86.18,86.97,87.86,88.56,88.67,88.29,87.22,87.36,90.19,95.62,99.67,102.46,103.94,103.47,102.14,100.29,97.63,93.91,90.41,87.57,84.81,81.51,76.78,71.45,68.24,66.58,64.89,63.25,62.39,62.16,62.39,62.62,62.84,62.94,62.97,63.11,63.79,64.58,65.38,66.20,66.91,67.48,68.02,68.59,69.07,69.48,70.05,70.95,72.34,73.72,74.27,74.64,75.36,76.46,77.45,78.30,78.76,78.23,76.82,75.53,73.70,70.48,67.11,63.74,60.84,58.77,57.71,56.67,55.70,55.11,55.30,55.40,55.42,55.42,55.44,55.51,55.59,55.67,55.75,55.83,55.91,55.99,56.09,56.22,56.31,56.39,56.41,56.38,56.48,57.07,58.09,59.43,60.96,62.18,63.45,64.70,65.88,67.09,68.27,69.36,70.34,71.13,71.31,71.18,70.96,70.78,70.61,70.50,70.45,70.47,70.55,70.64,70.78,70.94,71.11,71.33,71.56,71.77,71.95,72.18,72.42,72.66,72.77,72.49,72.19,71.93,71.69,71.44,71.21,70.92,70.62,70.31,69.97,69.52,69.10,68.70,68.29,68.20,68.14,68.08,67.97,67.77,67.24,66.63,66.03,65.47,64.87,64.25,63.63,63.02,62.41,61.84,61.30,60.76,60.18,58.90,57.21,55.33,53.50,51.66,50.47,49.91,49.90,49.90,49.85,49.81,49.80,49.79,49.73,49.70,49.68,49.61,49.60,49.55,49.52,49.51,49.50
88.73,88.91,89.09,89.28,89.78,91.52,95.00,99.28,103.52,107.03,108.89,110.45,112.46,115.42,118.16,119.66,120.19,120.13,119.71,118.63,117.15,115.45,113.75,111.98,110.34,108.97,108.08,107.16,106.15,105.30,104.72,103.89,103.04,102.19,101.34,100.49,99.64,98.77,97.89,97.16,97.05,97.69,98.53,99.61,101.91,104.90,106.23,105.80,104.66,104.12,104.34,105.40,107.68,111.76,115.28,116.10,114.11,111.36,108.39,105.44,102.78,100.73,99.19,97.78,95.84,93.48,92.33,92.17,91.88,91.02,89.57,88.68,87.96,87.15,86.18,85.39,84.90,84.47,84.16,84.47,85.19,85.86,86.24,86.13,85.81,85.34,86.48,90.45,96.37,100.05,102.06,102.73,101.84,99.97,97.31,94.22,91.02,88.17,85.59,82.86,79.36,74.15,70.19,67.76,66.14,64.46,62.86,62.32,62.35,62.58,62.81,63.04,63.20,63.31,63.60,64.36,65.05,65.68,66.32,66.91,67.40,67.88,68.37,68.84,69.23,69.69,70.41,71.72,73.26,74.34,75.26,76.28,77.31,78.17,78.92,79.44,79.30,78.59,77.30,75.23,72.16,68.97,65.56,62.40,59.92,58.59,57.47,56.39,55.51,55.21,55.26,55.30,55.30,55.31,55.34,55.41,55.49,55.56,55.64,55.72,55.82,55.94,56.04,56.09,56.13,56.13,56.11,56.23,57.07,58.54,60.29,61.79,63.04,64.26,65.48,66.68,67.87,69.04,70.06,70.92,71.63,71.79,71.69,71.50,71.32,71.23,71.15,71.11,71.12,71.16,71.22,71.35,71.50,71.66,71.80,72.02,72.23,72.42,72.62,72.84,73.00,72.99,72.73,72.46,72.19,71.93,71.70,71.47,71.18,70.87,70.56,70.25,69.88,69.49,69.11,68.77,68.71,68.66,68.58,68.46,68.17,67.62,67.00,66.39,65.81,65.23,64.63,64.04,63.51,63.04,62.61,62.19,61.76,61.26,60.22,58.84,57.13,54.88,52.63,50.86,49.90,49.89,49.86,49.82,49.80,49.79,49.75,49.72,49.70,49.69,49.65,49.61,49.58,49.55,49.55,49.55
89.18,89.66,89.98,90.08,90.08,90.23,92.49,95.86,99.47,103.15,105.35,107.49,110.22,113.63,116.82,118.92,119.88,119.76,119.24,118.26,116.88,115.18,113.49,111.91,110.36,109.02,108.23,107.41,106.46,105.72,105.33,104.51,103.61,102.72,101.85,100.94,100.13,99.30,98.45,97.65,97.06,97.41,98.09,98.77,99.48,101.11,101.63,100.77,99.51,100.35,102.94,106.34,110.22,115.29,118.58,118.58,115.65,112.48,109.05,107.21,106.31,105.06,103.75,102.10,100.06,97.80,96.16,96.12,95.79,94.43,91.99,90.41,89.21,88.14,87.16,86.32,85.43,84.36,83.34,83.16,83.50,83.86,84.00,83.76,83.46,83.70,85.80,90.54,96.57,99.91,101.18,101.01,99.63,97.12,93.88,90.75,88.36,86.13,83.66,80.68,76.79,71.64,69.00,67.26,65.67,64.04,62.58,62.31,62.54,62.77,63.00,63.22,63.42,63.64,64.04,64.77,65.35,65.81,66.28,66.75,67.21,67.67,68.13,68.58,68.98,69.38,69.92,70.89,72.29,73.80,75.31,76.77,77.89,78.72,79.42,79.96,80.10,80.05,78.88,76.88,74.32,71.08,67.51,64.14,61.36,59.61,58.34,57.22,56.19,55.38,55.25,55.21,55.17,55.17,55.17,55.23,55.30,55.38,55.47,55.54,55.66,55.78,55.84,55.84,55.84,55.84,55.88,56.09,57.34,59.26,61.27,62.64,63.91,65.09,66.28,67.49,68.65,69.76,70.68,71.43,72.07,72.28,72.23,72.06,71.87,71.84,71.79,71.75,71.75,71.75,71.81,71.93,72.07,72.21,72.29,72.47,72.69,72.91,73.08,73.27,73.33,73.21,72.98,72.75,72.47,72.18,71.95,71.72,71.43,71.12,70.81,70.50,70.19,69.86,69.53,69.27,69.23,69.17,69.08,68.94,68.56,68.00,67.39,66.78,66.17,65.63,65.08,64.58,64.20,63.89,63.57,63.26,62.93,62.53,61.76,60.74,59.30,56.91,54.42,51.70,49.90,49.89,49.83,49.81,49.80,49.79,49.73,49.71,49.71,49.71,49.70,49.63,49.62,49.62,49.61,49.60
89.68,91.19,92.57,93.22,92.72,92.01,92.38,93.97,96.67,99.30,101.66,104.53,108.18,112.36,115.95,118.31,119.38,119.11,118.69,117.86,116.56,114.86,113.19,111.84,110.61,109.51,108.65,107.66,106.85,106.30,105.95,105.09,104.21,103.33,102.43,101.56,100.67,99.80,98.97,98.20,97.53,97.35,97.63,98.26,98.87,99.30,99.09,98.75,99.61,102.22,105.19,108.64,113.03,117.93,119.69,119.71,118.78,117.03,113.27,111.31,110.82,110.08,108.25,106.17,104.07,102.21,101.13,101.04,100.85,99.82,97.12,94.07,91.21,89.18,88.42,87.73,86.92,85.79,84.40,83.12,82.19,81.79,81.65,81.41,81.17,82.12,84.91,89.76,95.11,98.24,99.15,98.25,95.95,92.88,90.34,88.28,86.42,84.38,81.94,78.23,73.56,70.20,68.26,66.69,65.15,63.70,62.63,62.50,62.73,62.96,63.19,63.37,63.60,63.87,64.16,64.67,65.17,65.63,66.09,66.55,67.02,67.48,67.93,68.34,68.73,69.15,69.60,70.15,71.24,72.59,74.18,76.01,77.81,78.99,79.70,80.10,80.29,80.26,79.86,79.16,77.73,73.73,69.62,66.10,63.34,61.19,59.56,58.30,57.26,56.36,55.65,55.22,55.04,55.04,55.04,55.06,55.11,55.20,55.33,55.41,55.51,55.57,55.59,55.59,55.59,55.59,55.68,56.22,58.47,60.54,62.09,63.47,64.78,65.98,67.15,68.32,69.47,70.35,71.10,71.80,72.41,72.78,72.81,72.64,72.50,72.48,72.42,72.38,72.38,72.38,72.44,72.53,72.64,72.78,72.82,72.94,73.13,73.36,73.58,73.66,73.62,73.46,73.23,73.00,72.72,72.44,72.20,71.97,71.69,71.38,71.07,70.76,70.45,70.19,70.00,69.83,69.80,69.71,69.57,69.37,68.90,68.35,67.79,67.22,66.61,66.11,65.77,65.56,65.44,65.20,64.87,64.52,64.20,63.80,62.99,62.01,60.91,59.52,57.55,53.29,49.90,49.90,49.88,49.83,49.80,49.80,49.78,49.77,49.77,49.76,49.70,49.68,49.67,49.67,49.67,49.61
91.24,94.33,96.72,97.56,96.47,95.07,94.18,94.49,96.28,98.08,100.18,103.34,107.60,112.17,116.09,118.06,118.58,118.35,118.06,117.42,116.31,114.78,113.29,112.03,110.92,109.90,108.93,107.81,107.26,106.98,106.58,105.71,104.84,103.95,103.04,102.15,101.23,100.33,99.50,98.77,98.12,97.71,97.59,97.83,98.41,98.43,98.42,98.92,100.73,104.14,107.40,111.09,115.78,120.02,120.81,120.51,120.08,119.16,116.19,114.40,113.88,113.49,112.16,110.14,108.20,106.84,106.08,105.46,104.60,103.12,100.33,97.09,94.35,92.45,91.37,89.86,88.57,87.23,85.71,84.13,82.38,81.12,80.39,80.07,79.80,80.58,83.01,87.25,91.85,94.60,95.41,94.62,92.62,90.32,88.29,86.46,84.65,82.68,79.49,75.36,71.20,69.19,67.66,66.16,64.65,63.32,62.65,62.65,62.88,63.12,63.38,63.66,63.98,64.31,64.52,64.75,65.06,65.44,65.90,66.36,66.83,67.28,67.70,68.13,68.54,68.95,69.34,69.72,70.40,71.53,73.11,75.11,77.15,78.86,79.84,80.20,80.40,80.43,80.34,80.16,79.45,76.87,72.67,68.64,65.55,63.25,61.40,59.89,58.65,57.67,56.73,56.11,55.73,55.55,55.50,55.41,55.35,55.29,55.23,55.23,55.26,55.29,55.29,55.29,55.29,55.29,55.64,57.29,59.65,61.53,62.91,64.26,65.61,66.87,68.07,69.19,70.10,70.82,71.47,72.10,72.74,73.28,73.36,73.20,73.12,73.11,73.06,73.01,73.01,73.02,73.08,73.14,73.20,73.32,73.39,73.50,73.65,73.84,74.01,74.00,73.89,73.72,73.48,73.25,72.97,72.69,72.46,72.23,71.94,71.63,71.32,71.01,70.73,70.50,70.32,70.19,70.14,70.04,69.92,69.75,69.35,68.80,68.21,67.65,67.17,66.81,66.58,66.47,66.42,66.30,66.07,65.80,65.49,65.03,64.20,63.23,62.25,61.25,59.77,56.29,52.46,50.15,49.90,49.87,49.84,49.84,49.84,49.84,49.82,49.79,49.75,49.74,49.74,49.73,49.70,49.65
93.17,97.96,101.29,102.26,100.75,98.79,97.02,96.39,97.41,98.69,100.41,103.55,108.08,112.78,116.53,117.69,117.42,117.32,117.21,116.86,116.07,114.85,113.61,112.37,111.27,110.24,109.15,107.98,107.73,107.70,107.22,106.35,105.48,104.59,103.66,102.73,101.81,100.90,100.05,99.37,98.79,98.31,97.84,97.58,98.06,98.12,98.70,99.96,101.82,105.09,108.91,113.34,118.24,121.56,121.71,120.95,120.29,119.74,117.61,115.92,115.11,115.00,114.68,113.21,111.76,110.99,110.47,109.24,107.52,105.38,102.62,99.81,98.05,96.80,95.32,92.84,90.91,89.12,87.32,85.75,83.38,81.23,79.78,79.33,78.95,79.16,80.66,83.82,87.49,89.81,90.75,90.55,89.56,88.70,87.07,85.03,83.02,80.86,76.64,72.43,69.52,68.44,67.14,65.67,64.21,63.00,62.66,62.78,63.03,63.30,63.63,64.03,64.48,64.87,65.01,65.00,65.08,65.33,65.75,66.18,66.64,67.08,67.48,67.93,68.39,68.77,69.11,69.46,69.75,70.59,72.08,74.16,76.25,78.55,79.88,80.25,80.47,80.57,80.56,80.43,80.17,79.76,76.09,71.70,68.06,65.61,63.62,61.86,60.34,59.23,58.21,57.46,56.88,56.44,56.32,56.13,55.91,55.65,55.32,55.20,55.18,55.18,55.17,55.16,55.18,55.29,56.06,58.83,60.81,62.35,63.72,65.05,66.43,67.77,69.00,70.00,70.63,71.23,71.81,72.40,73.08,73.75,73.88,73.75,73.75,73.75,73.69,73.64,73.64,73.65,73.70,73.74,73.77,73.86,73.99,74.08,74.18,74.29,74.34,74.23,74.08,73.91,73.70,73.48,73.22,72.94,72.71,72.48,72.19,71.88,71.57,71.27,71.02,70.79,70.59,70.44,70.35,70.27,70.17,70.07,69.83,69.26,68.65,68.14,67.83,67.63,67.47,67.32,67.22,67.13,66.99,66.79,66.50,66.03,65.30,64.41,63.44,62.47,61.38,59.67,56.30,51.50,50.95,50.73,50.33,49.91,49.90,49.90,49.85,49.81,49.80,49.80,49.80,49.77,49.71,49.70
94.18,99.70,103.91,105.78,104.79,102.41,99.96,98.77,99.60,101.16,103.03,105.84,109.83,114.45,115.82,115.78,115.42,115.34,115.51,115.75,115.65,115.01,113.90,112.69,111.61,110.60,109.44,108.48,108.37,108.38,107.87,107.03,106.14,105.22,104.29,103.37,102.44,101.58,100.78,100.05,99.44,98.91,98.40,97.99,97.89,98.17,98.77,99.55,100.38,101.75,107.38,114.40,119.57,121.77,121.34,120.54,120.09,119.29,115.55,112.74,111.55,111.68,112.14,112.33,112.35,112.35,112.41,111.30,109.86,108.14,105.52,102.89,101.47,100.65,99.67,98.10,96.06,93.11,89.72,87.63,84.45,81.50,79.53,78.94,78.23,78.14,78.87,80.47,82.51,84.57,85.96,86.63,86.93,87.19,85.92,83.86,81.64,78.41,73.75,70.28,68.77,67.85,66.61,65.27,64.01,63.05,62.78,62.97,63.33,63.73,64.14,64.55,64.99,65.38,65.52,65.52,65.54,65.63,65.79,66.04,66.45,66.90,67.33,67.75,68.20,68.61,68.94,69.22,69.46,69.94,71.13,73.28,75.74,78.31,79.82,80.25,80.48,80.67,80.72,80.64,80.46,80.25,78.80,75.73,71.48,68.09,66.00,64.30,62.70,61.20,59.79,58.79,58.08,57.60,57.39,57.17,56.91,56.60,56.24,56.06,56.02,56.00,55.95,55.90,56.00,56.72,58.26,60.21,61.76,63.17,64.56,65.92,67.31,68.69,69.81,70.52,71.13,71.69,72.27,72.87,73.46,74.10,74.36,74.38,74.38,74.38,74.32,74.28,74.28,74.28,74.30,74.34,74.39,74.43,74.56,74.63,74.62,74.53,74.32,74.14,73.99,73.84,73.71,73.58,73.41,73.20,72.97,72.73,72.44,72.11,71.77,71.51,71.28,71.07,70.90,70.75,70.62,70.48,70.38,70.27,70.05,69.62,69.22,68.93,68.68,68.51,68.32,68.09,67.78,67.33,66.80,66.34,66.06,65.97,65.89,65.42,64.55,63.48,62.53,61.38,59.63,57.46,56.88,55.48,52.83,50.01,49.90,49.90,49.89,49.87,49.87,49.87,49.83,49.79,49.77,49.77
94.93,100.79,105.62,108.31,107.94,106.08,103.70,102.27,102.78,104.45,106.44,108.92,111.81,114.33,114.21,113.70,113.47,113.66,114.10,114.69,114.97,114.72,113.96,112.81,111.75,110.72,109.50,109.04,109.11,109.08,108.52,107.69,106.78,105.85,104.93,104.00,103.11,102.32,101.57,100.83,100.13,99.52,98.97,98.48,98.03,98.20,98.60,99.01,99.25,99.55,104.09,111.07,117.75,120.57,120.06,119.09,118.54,117.45,113.29,110.22,108.91,108.97,109.67,110.61,111.38,111.89,112.40,111.82,111.06,110.06,107.96,105.83,104.66,103.97,103.18,102.17,100.28,97.39,93.99,91.41,87.11,83.26,80.54,79.17,78.18,77.66,77.52,77.84,78.81,80.40,81.90,83.17,84.43,85.54,84.89,83.13,80.59,75.97,71.62,69.02,68.19,67.32,66.20,65.04,63.95,63.12,63.02,63.31,63.74,64.20,64.66,65.09,65.53,65.91,66.06,66.08,66.08,66.08,66.09,66.17,66.41,66.78,67.20,67.59,68.02,68.42,68.74,68.98,69.26,69.55,70.41,72.30,75.22,78.22,79.89,80.28,80.52,80.75,80.88,80.87,80.70,80.48,80.25,78.61,75.24,71.74,69.11,67.09,65.38,63.74,62.02,60.64,59.54,58.76,58.45,58.19,57.91,57.59,57.25,57.05,56.98,56.95,56.89,56.82,57.13,58.21,59.94,61.40,62.75,64.12,65.51,66.90,68.29,69.52,70.45,71.04,71.63,72.20,72.78,73.37,73.94,74.53,74.86,74.98,74.98,74.98,74.94,74.91,74.91,74.91,74.91,74.94,74.97,74.93,74.93,74.85,74.69,74.44,74.09,73.85,73.68,73.57,73.49,73.41,73.30,73.16,73.00,72.87,72.64,72.34,72.00,71.76,71.53,71.34,71.19,71.03,70.88,70.72,70.58,70.44,70.21,69.92,69.68,69.51,69.26,68.81,68.20,67.63,67.27,66.61,65.86,65.28,65.07,65.25,65.52,65.49,65.11,64.41,63.56,62.65,61.84,61.24,60.72,59.11,56.31,53.41,53.27,53.16,53.10,53.08,52.91,51.72,50.50,49.84,49.83,49.80
95.55,101.34,106.50,109.83,110.05,109.55,108.00,106.69,106.77,108.30,110.15,112.11,113.36,112.12,111.76,111.62,111.75,112.44,113.10,113.73,114.04,113.94,113.72,112.72,111.67,110.58,109.26,109.57,109.88,109.76,109.13,108.31,107.41,106.49,105.56,104.66,103.85,103.12,102.41,101.69,100.88,100.14,99.51,98.97,98.42,98.12,98.19,98.50,98.74,98.99,99.63,103.74,112.64,117.85,117.75,116.43,115.46,114.30,111.27,109.01,107.86,107.50,107.94,108.58,109.24,109.91,110.63,110.87,111.02,110.86,109.64,108.19,107.19,106.39,105.45,104.42,102.95,101.43,99.71,96.80,91.50,86.77,83.09,80.38,79.04,77.83,76.75,76.17,76.64,77.47,78.69,80.28,82.09,83.77,83.97,82.79,79.86,73.79,70.36,68.63,67.73,66.87,65.92,64.95,63.98,63.17,63.35,63.78,64.24,64.71,65.17,65.63,66.09,66.48,66.63,66.65,66.65,66.65,66.64,66.58,66.56,66.73,67.10,67.48,67.86,68.20,68.50,68.75,69.10,69.43,69.95,71.28,74.70,78.25,80.08,80.34,80.58,80.81,81.03,81.11,80.95,80.73,80.50,80.06,78.94,76.33,72.98,70.36,68.50,66.86,64.87,62.98,61.29,59.98,59.64,59.36,59.02,58.63,58.26,58.07,57.97,57.92,57.90,57.83,58.45,59.51,60.88,62.39,63.81,65.20,66.59,67.98,69.34,70.24,70.93,71.59,72.15,72.75,73.32,73.89,74.49,75.05,75.39,75.54,75.55,75.55,75.54,75.54,75.54,75.52,75.50,75.48,75.44,75.28,75.03,74.72,74.37,74.02,73.69,73.39,73.20,73.11,73.04,72.97,72.89,72.82,72.81,72.85,72.74,72.51,72.22,71.99,71.77,71.58,71.43,71.27,71.12,70.97,70.79,70.57,70.34,70.15,69.98,69.78,69.36,68.33,66.95,65.86,65.61,65.01,64.27,63.77,63.69,63.95,64.21,64.58,65.00,65.12,64.44,63.65,62.91,62.22,61.76,61.03,60.27,59.70,59.57,59.27,59.09,59.04,58.56,55.34,52.16,50.24,49.90,49.81
96.36,100.93,106.14,110.12,110.69,110.67,110.03,109.53,109.95,111.72,111.66,111.10,110.32,108.72,108.57,109.38,110.51,111.42,112.14,112.75,113.06,113.05,113.09,112.30,111.36,110.20,108.62,109.60,110.12,109.99,109.50,108.77,107.98,107.12,106.22,105.43,104.69,103.98,103.28,102.52,101.68,100.82,100.01,99.28,98.47,97.78,97.65,97.95,98.17,97.97,97.73,99.72,105.75,112.96,113.03,111.48,110.87,110.97,109.66,108.22,107.07,106.40,106.50,107.05,107.63,108.07,108.41,109.00,109.68,110.03,109.19,106.86,105.60,105.07,104.54,103.92,103.39,102.84,101.90,99.69,96.69,92.45,88.07,85.04,81.93,79.53,77.76,76.57,75.75,75.48,76.29,78.13,80.53,82.34,83.03,82.38,79.50,73.15,70.02,68.56,67.64,66.74,65.78,64.81,63.88,63.23,63.58,64.15,64.71,65.22,65.68,66.14,66.61,67.01,67.19,67.22,67.22,67.21,67.15,67.03,66.95,67.00,67.22,67.47,67.72,68.01,68.30,68.60,68.97,69.33,69.73,70.83,74.51,78.24,80.14,80.41,80.65,80.91,81.16,81.28,81.16,80.98,80.76,80.53,80.09,78.86,77.21,75.28,73.12,70.60,67.64,65.05,63.13,62.18,62.33,62.26,61.58,60.42,59.39,59.04,58.92,58.87,58.87,58.83,59.45,60.49,61.83,63.40,64.87,66.27,67.66,69.01,70.05,70.79,71.42,72.06,72.70,73.28,73.86,74.44,75.01,75.56,75.88,76.02,76.07,76.11,76.12,76.12,76.07,75.86,75.64,75.44,75.25,74.99,74.65,74.31,73.97,73.62,73.27,72.95,72.73,72.62,72.55,72.51,72.45,72.41,72.46,72.53,72.50,72.39,72.22,72.03,71.88,71.73,71.58,71.42,71.27,71.11,70.93,70.70,70.47,70.29,70.12,69.60,68.00,66.18,64.72,63.80,63.51,63.21,62.64,62.28,62.39,62.64,62.92,63.38,63.98,64.48,64.45,64.26,63.88,63.21,62.44,61.89,61.54,61.33,61.07,60.70,60.48,60.38,60.09,58.40,56.69,53.84,50.17,49.86
97.55,100.65,105.53,109.88,110.88,111.27,111.39,111.61,112.29,113.64,111.89,109.20,106.82,105.38,105.30,106.66,108.56,109.99,111.10,111.77,112.08,112.16,112.32,111.72,110.81,109.58,108.09,109.53,110.17,110.06,109.68,108.99,108.26,107.42,106.52,105.80,105.09,104.38,103.68,102.95,102.22,101.31,100.38,99.45,98.34,97.35,97.10,97.35,97.36,96.72,96.38,97.15,100.31,107.28,107.41,106.01,105.90,107.31,107.79,107.32,106.38,105.47,105.17,105.44,105.81,105.98,105.96,106.71,107.26,107.28,106.47,103.92,102.73,102.51,102.41,102.32,102.62,102.84,102.58,101.35,100.41,97.16,92.88,89.81,85.63,82.13,79.56,77.74,75.81,74.42,74.50,76.17,79.05,81.05,82.07,81.77,79.09,72.89,69.94,68.56,67.61,66.66,65.67,64.67,63.79,63.35,63.83,64.50,65.14,65.69,66.20,66.67,67.13,67.53,67.75,67.79,67.78,67.74,67.63,67.49,67.39,67.40,67.50,67.63,67.77,68.00,68.29,68.59,68.92,69.27,69.61,70.61,74.39,78.13,80.07,80.41,80.67,80.97,81.23,81.40,81.38,81.25,81.03,80.81,80.59,80.38,80.20,79.17,77.25,74.45,70.16,66.90,64.99,64.48,65.05,65.27,64.68,63.45,62.32,62.01,61.69,61.27,60.89,60.63,61.02,61.90,63.16,64.55,65.94,67.34,68.70,69.90,70.66,71.29,71.91,72.54,73.23,73.82,74.40,74.99,75.54,76.06,76.34,76.48,76.56,76.55,76.47,76.38,76.23,75.86,75.49,75.16,74.85,74.53,74.15,73.83,73.53,73.21,72.83,72.50,72.27,72.14,72.06,72.05,72.02,72.00,72.08,72.16,72.17,72.13,72.05,71.92,71.83,71.72,71.57,71.42,71.27,71.13,70.96,70.76,70.55,70.38,70.19,69.42,66.75,63.92,62.41,61.84,61.56,61.52,61.16,60.97,61.16,61.35,61.63,62.13,62.79,63.45,64.00,64.29,64.29,63.87,62.97,62.48,62.16,61.85,61.47,61.08,60.82,60.66,60.56,60.41,60.20,57.45,52.13,50.25
99.44,101.07,104.98,109.12,110.84,111.84,112.42,112.91,113.31,112.79,110.52,107.45,104.43,102.72,102.15,103.04,105.03,107.66,109.85,110.77,111.13,111.32,111.44,110.95,109.86,108.56,107.94,109.47,110.11,110.00,109.60,108.82,107.99,107.05,106.06,105.29,104.53,103.81,103.16,102.60,102.19,101.45,100.53,99.44,97.97,96.87,96.59,96.69,96.10,95.20,94.99,96.02,98.52,101.02,101.05,100.53,100.81,103.07,105.21,106.05,105.74,104.76,103.89,103.50,103.37,103.33,103.29,103.91,103.27,101.52,100.23,99.38,99.12,99.14,99.26,99.76,100.47,101.23,101.79,101.64,100.92,99.00,96.28,93.30,90.01,85.87,82.14,79.51,77.17,74.77,73.58,74.26,77.35,79.87,81.07,80.81,78.39,72.75,69.94,68.53,67.54,66.54,65.54,64.54,63.76,63.63,64.14,64.81,65.47,66.09,66.74,67.24,67.67,68.04,68.31,68.36,68.32,68.23,68.08,67.93,67.83,67.86,67.99,68.08,68.17,68.35,68.59,68.83,69.03,69.26,69.57,70.59,74.28,77.83,79.79,80.30,80.59,80.90,81.20,81.48,81.67,81.56,81.35,81.15,80.98,80.81,80.60,80.25,79.71,78.23,72.20,68.48,66.87,66.56,67.16,67.77,68.24,68.58,68.77,68.94,68.04,66.51,65.03,63.98,63.83,64.31,65.20,66.00,67.06,68.38,69.67,70.52,71.18,71.80,72.42,73.05,73.73,74.36,74.94,75.51,76.09,76.54,76.79,76.94,77.01,76.75,76.38,76.02,75.68,75.30,74.96,74.65,74.34,74.02,73.65,73.36,73.09,72.77,72.39,72.06,71.83,71.69,71.62,71.61,71.60,71.62,71.69,71.77,71.80,71.75,71.68,71.59,71.51,71.43,71.32,71.16,71.01,70.90,70.81,70.69,70.53,70.38,70.21,69.39,66.35,62.20,60.40,60.26,60.15,60.08,59.99,59.98,60.07,60.11,60.37,60.92,61.63,62.27,62.99,63.38,63.65,63.86,63.34,62.99,62.65,62.23,61.85,61.46,61.14,60.89,60.75,60.60,60.39,59.69,57.34,51.30
103.38,103.59,105.71,108.57,110.67,111.91,112.47,112.70,112.63,111.73,109.28,105.89,102.44,100.56,99.94,100.47,101.89,104.16,106.80,108.45,109.19,109.17,108.87,108.20,107.12,106.19,106.52,108.08,109.01,109.30,109.08,108.30,107.39,106.39,105.35,104.47,103.68,102.95,102.32,101.85,101.55,101.13,100.31,99.04,97.76,96.49,95.82,95.47,94.62,93.67,93.72,94.77,96.48,97.61,97.23,96.80,97.46,100.38,103.11,104.59,104.83,103.99,103.00,102.31,101.81,101.25,100.18,99.64,98.35,96.53,95.55,95.44,95.56,95.86,96.47,97.29,98.30,99.51,100.62,100.92,100.47,99.09,96.97,94.28,91.30,87.58,83.96,80.93,78.10,75.14,72.90,72.09,73.60,75.02,76.34,77.00,75.96,72.26,69.91,68.46,67.41,66.33,65.29,64.29,63.63,63.77,64.35,65.06,65.76,66.42,67.11,67.68,68.18,68.59,68.84,68.89,68.81,68.68,68.53,68.37,68.28,68.29,68.40,68.47,68.56,68.70,68.90,69.09,69.25,69.45,69.81,70.82,73.83,76.83,78.99,80.16,80.48,80.79,81.12,81.46,81.73,81.82,81.69,81.53,81.40,81.21,80.96,80.71,80.45,79.57,75.31,71.67,69.56,69.29,70.44,71.91,73.22,74.27,74.94,75.00,73.48,71.31,69.62,68.40,67.83,67.65,67.81,68.28,69.09,69.79,70.36,71.02,71.68,72.31,72.92,73.55,74.20,74.86,75.48,76.06,76.62,77.00,77.14,77.08,76.86,76.44,75.97,75.54,75.15,74.73,74.40,74.11,73.83,73.52,73.18,72.88,72.60,72.28,71.94,71.62,71.39,71.25,71.17,71.16,71.19,71.23,71.31,71.35,71.39,71.39,71.34,71.23,71.18,71.12,71.03,70.91,70.79,70.70,70.63,70.54,70.39,70.06,68.09,64.93,63.16,60.76,59.73,59.68,59.61,59.53,59.48,59.46,59.47,59.52,59.71,60.12,60.71,61.43,62.07,62.51,62.94,63.42,63.48,63.31,62.99,62.56,62.14,61.75,61.41,61.13,60.95,60.79,60.58,60.37,59.31,54.88
107.48,106.71,107.15,108.56,110.65,111.81,112.09,111.91,111.41,110.59,108.01,104.43,100.83,98.87,98.19,98.41,99.21,100.65,103.14,105.24,106.25,105.99,105.34,104.59,103.76,103.37,104.49,106.05,107.35,108.16,108.28,107.63,106.68,105.62,104.55,103.56,102.73,102.01,101.38,100.89,100.46,100.28,99.53,98.03,96.95,95.68,94.77,94.08,93.07,92.09,92.31,93.27,94.41,95.18,94.34,93.80,94.78,98.17,101.17,103.01,103.68,103.18,102.25,101.38,100.39,98.97,96.65,94.99,93.49,92.21,91.74,91.96,92.24,92.77,93.81,94.83,96.07,97.54,98.93,99.45,99.24,98.16,96.40,94.07,91.29,88.23,85.06,81.86,78.62,75.29,72.30,70.20,69.97,70.09,71.32,72.72,73.02,71.41,69.68,68.28,67.19,66.05,64.95,64.03,63.55,63.89,64.51,65.25,65.99,66.69,67.39,68.03,68.63,69.13,69.43,69.43,69.29,69.12,68.95,68.80,68.72,68.71,68.78,68.85,68.94,69.06,69.21,69.36,69.51,69.92,70.53,71.55,73.69,75.91,78.15,79.97,80.36,80.68,81.04,81.40,81.71,82.01,82.03,81.93,81.80,81.57,81.27,80.97,80.65,80.08,78.33,75.34,73.00,72.76,74.29,76.28,77.99,79.20,79.87,79.69,77.91,75.66,74.24,73.18,72.31,71.48,70.84,70.93,71.39,71.31,71.06,71.56,72.17,72.80,73.42,74.05,74.67,75.34,75.99,76.60,77.13,77.39,77.35,77.03,76.50,75.97,75.47,75.03,74.63,74.19,73.84,73.57,73.31,73.00,72.70,72.40,72.09,71.78,71.48,71.17,70.94,70.80,70.73,70.73,70.78,70.85,70.92,70.93,70.98,71.02,71.00,70.88,70.84,70.81,70.73,70.66,70.58,70.50,70.42,70.16,69.07,68.38,65.07,60.23,59.91,59.67,59.54,59.47,59.41,59.34,59.27,59.19,59.14,59.17,59.28,59.52,59.97,60.74,61.28,61.76,62.29,62.90,63.47,63.46,63.19,62.81,62.36,61.98,61.65,61.36,61.15,60.98,60.76,60.52,60.07,58.54
109.73,109.45,109.59,110.22,111.31,111.67,111.33,110.80,110.31,109.40,106.47,103.07,100.11,98.23,96.95,96.95,97.67,98.45,99.46,100.48,100.95,100.71,100.37,100.25,100.22,100.54,101.74,103.39,104.92,106.17,106.94,106.80,105.94,104.84,103.72,102.67,101.80,101.09,100.43,99.67,98.51,98.09,97.19,95.37,93.90,93.28,93.01,92.61,91.53,90.34,90.20,91.07,92.50,92.88,91.84,91.31,92.42,95.92,99.32,101.23,102.03,102.32,101.54,100.43,98.44,95.33,92.19,90.69,89.85,89.32,89.21,89.42,89.70,90.26,91.29,92.35,93.64,94.88,95.87,96.47,96.32,95.69,94.55,92.61,90.22,87.46,84.54,81.51,78.17,74.66,71.64,69.59,69.16,69.11,69.55,70.08,70.25,69.66,68.79,67.79,66.70,65.60,64.47,63.86,63.77,64.06,64.61,65.32,66.06,66.77,67.51,68.20,68.90,69.62,70.27,70.10,69.80,69.53,69.28,69.17,69.14,69.14,69.16,69.23,69.31,69.44,69.58,69.68,69.83,71.13,72.61,73.71,75.03,76.09,77.73,79.60,80.25,80.61,80.97,81.35,81.71,82.03,82.29,82.31,82.06,81.82,81.53,81.22,80.91,80.53,79.83,78.81,78.08,78.10,78.81,79.63,80.36,80.84,80.82,80.54,79.80,78.96,78.44,78.07,77.15,75.92,74.69,73.91,73.56,72.85,72.10,72.31,72.69,73.25,73.89,74.55,75.17,75.81,76.46,77.13,77.65,77.53,77.15,76.66,76.06,75.52,74.99,74.50,74.07,73.66,73.29,73.00,72.75,72.44,72.18,71.89,71.58,71.28,71.02,70.73,70.47,70.30,70.29,70.33,70.40,70.46,70.48,70.54,70.56,70.60,70.63,70.55,70.53,70.52,70.48,70.41,70.33,70.25,70.17,69.14,63.86,62.33,61.28,59.77,59.60,59.49,59.44,59.42,59.40,59.38,59.32,59.25,59.15,59.00,58.96,59.15,59.60,60.26,60.80,61.36,61.95,62.56,63.12,63.25,63.15,62.88,62.43,62.13,61.84,61.57,61.39,61.18,60.92,60.65,60.36,59.50
110.62,110.65,110.74,110.95,111.19,110.64,109.28,108.06,107.62,107.39,105.25,102.44,99.80,97.95,96.31,95.59,95.60,96.02,96.25,96.70,96.91,96.73,96.65,96.84,97.29,98.02,99.24,101.02,102.78,104.36,105.58,106.04,105.26,104.10,102.96,101.86,100.89,99.99,99.11,98.17,96.79,95.80,94.45,92.51,91.14,90.92,90.98,90.79,89.88,88.59,88.38,89.22,90.60,90.87,89.83,89.32,90.39,93.61,96.95,99.21,100.51,101.10,100.58,99.28,97.01,93.75,90.51,88.61,87.60,87.18,87.21,87.26,87.45,87.96,88.94,89.96,91.13,92.07,92.69,93.17,93.22,92.98,92.23,90.59,88.44,85.86,83.05,80.01,76.59,73.20,70.70,69.27,68.78,68.55,68.42,68.38,68.40,68.16,67.67,66.96,66.07,65.11,64.20,63.89,64.01,64.25,64.69,65.36,66.10,66.83,67.59,68.31,68.97,69.62,70.29,70.61,71.10,71.31,70.76,70.29,70.04,69.92,69.91,70.08,70.38,70.65,70.97,71.56,72.20,74.16,75.97,76.69,77.25,77.55,78.44,79.73,80.34,80.70,81.06,81.45,81.83,82.17,82.54,82.66,82.42,82.16,81.86,81.55,81.24,80.94,80.65,80.46,80.40,80.52,80.83,81.16,81.49,81.66,81.42,81.12,80.81,80.56,80.45,80.36,79.75,78.79,77.63,76.44,75.35,74.14,73.20,73.27,73.46,73.84,74.36,75.02,75.64,76.28,76.94,77.53,77.78,77.30,76.72,76.17,75.62,75.08,74.54,74.01,73.54,73.12,72.73,72.43,72.18,71.91,71.64,71.37,71.08,70.78,70.54,70.16,69.77,69.48,69.39,69.31,69.35,69.45,69.55,69.71,69.82,69.92,70.02,69.95,69.92,69.91,69.86,69.65,69.41,68.78,67.84,66.01,61.10,59.78,59.72,59.68,59.59,59.53,59.52,59.52,59.55,59.58,59.53,59.47,59.39,59.16,58.92,58.95,59.33,60.01,60.52,61.06,61.64,62.25,62.81,63.01,62.99,62.82,62.52,62.30,62.05,61.80,61.60,61.35,61.05,60.78,60.53,59.96
110.30,110.48,110.58,110.52,109.95,108.49,106.17,104.30,103.97,104.80,104.15,102.22,99.69,97.83,96.05,94.39,93.36,93.51,93.44,93.68,93.82,93.73,93.85,94.15,94.79,95.73,96.94,98.91,100.92,102.73,104.21,105.23,104.59,103.43,102.26,101.09,99.96,98.74,97.55,96.50,95.21,93.59,91.71,89.86,88.84,88.75,88.84,88.75,88.11,86.84,86.75,87.56,88.65,88.96,88.06,87.56,88.40,91.14,94.25,96.99,98.92,99.54,99.39,97.96,95.88,93.47,90.67,88.06,86.29,85.47,85.48,85.32,85.35,85.77,86.71,87.69,88.69,89.34,89.63,89.86,90.09,90.05,89.47,88.00,85.99,83.42,80.53,77.41,74.19,71.33,69.69,69.07,68.60,68.16,67.70,67.35,67.22,66.93,66.49,65.97,65.36,64.63,64.12,64.05,64.25,64.44,64.80,65.40,66.12,66.89,67.66,68.34,68.87,69.29,69.78,70.83,72.49,73.52,72.89,72.19,71.74,71.53,71.55,71.83,72.41,72.83,73.34,74.52,75.79,77.99,79.61,79.73,79.69,79.59,79.77,80.19,80.58,80.91,81.27,81.66,82.04,82.41,82.80,82.97,82.84,82.55,82.24,81.94,81.63,81.33,81.08,80.89,80.83,80.95,81.18,81.52,81.86,82.06,81.91,81.63,81.32,81.09,81.01,80.93,80.79,80.42,79.68,78.51,76.81,75.27,74.32,74.34,74.43,74.58,74.91,75.49,76.10,76.77,77.42,77.86,77.63,76.85,76.16,75.63,75.15,74.62,74.08,73.55,73.03,72.57,72.17,71.86,71.62,71.38,71.09,70.83,70.54,70.22,69.94,69.42,68.87,68.41,68.16,67.88,67.83,67.95,68.15,68.42,68.63,68.81,68.92,68.80,68.70,68.65,68.54,68.18,67.73,66.42,64.40,62.00,60.21,59.69,59.66,59.72,59.72,59.78,59.80,59.82,59.93,60.02,59.98,59.93,59.85,59.54,59.05,58.85,59.10,59.90,60.38,60.82,61.34,61.95,62.55,62.75,62.75,62.67,62.56,62.41,62.22,62.00,61.78,61.48,61.18,60.90,60.65,60.17
108.05,108.34,108.15,107.35,105.48,103.50,101.87,100.88,100.87,101.90,102.47,101.52,99.34,97.48,95.64,93.82,92.34,91.63,91.13,91.06,91.09,91.08,91.24,91.72,92.45,93.41,94.73,97.03,99.45,101.45,102.80,104.00,103.76,102.82,101.60,100.32,98.79,97.34,96.03,94.81,93.56,91.87,90.18,88.78,87.68,87.15,86.97,86.78,86.03,85.05,84.96,85.57,86.43,86.47,85.88,85.31,85.54,87.92,91.64,94.58,96.44,97.39,97.81,96.52,94.56,92.59,90.66,87.91,85.38,83.71,83.53,83.31,83.23,83.55,84.49,85.73,86.93,87.52,87.48,87.39,87.08,86.59,85.75,84.16,82.10,79.01,75.65,72.79,71.29,70.06,69.25,68.77,68.30,67.83,67.33,66.86,66.53,66.17,65.73,65.26,64.77,64.32,64.19,64.27,64.45,64.67,64.95,65.49,66.18,66.95,67.66,68.16,68.58,68.97,69.38,70.07,71.40,73.03,74.51,75.67,75.97,76.27,76.78,76.96,77.17,77.23,77.31,77.76,78.52,79.61,80.40,80.52,80.44,80.33,80.39,80.61,80.86,81.20,81.57,81.95,82.34,82.67,83.05,83.25,83.17,82.92,82.62,82.34,82.07,81.76,81.47,81.28,81.24,81.39,81.61,81.89,82.21,82.47,82.40,82.13,81.86,81.66,81.58,81.50,81.39,81.05,80.43,79.64,77.94,76.36,75.41,75.47,75.54,75.64,75.79,76.06,76.61,77.23,77.86,78.17,77.42,76.44,75.65,75.06,74.59,74.06,73.55,73.06,72.57,72.06,71.65,71.32,71.06,70.82,70.56,70.25,69.86,69.35,68.87,68.28,67.70,67.19,66.81,66.40,66.12,65.98,66.00,66.23,66.29,66.20,65.97,65.47,65.18,65.00,64.82,64.58,64.30,63.63,62.38,60.68,59.94,59.68,59.69,59.85,59.98,60.46,60.58,60.60,60.95,61.20,61.17,61.05,60.80,59.97,59.20,58.77,58.87,59.72,60.27,60.71,61.16,61.69,62.24,62.48,62.50,62.42,62.34,62.25,62.13,61.99,61.85,61.60,61.31,61.01,60.72,60.35
104.75,104.97,104.57,103.53,101.45,99.68,98.71,98.36,98.63,99.58,100.64,100.28,98.52,96.75,94.98,93.16,91.48,90.24,89.38,89.09,89.07,89.16,89.37,89.90,90.55,91.33,92.52,94.83,97.69,100.19,101.76,102.95,102.89,102.08,100.82,99.39,97.62,95.99,94.56,93.23,91.97,90.42,89.01,87.90,86.71,85.83,85.29,84.85,84.07,83.34,83.16,83.47,83.99,83.84,83.49,83.00,82.84,84.46,88.39,91.76,93.97,95.18,96.09,95.22,93.59,91.94,90.47,87.14,84.03,82.06,81.72,81.43,81.28,81.49,82.38,83.88,85.31,85.75,85.25,84.86,84.09,83.01,81.52,79.42,77.22,74.52,71.82,69.82,69.44,69.21,68.88,68.45,67.98,67.52,67.01,66.50,66.06,65.65,65.22,64.78,64.40,64.25,64.35,64.52,64.70,64.91,65.14,65.60,66.23,66.93,67.52,67.92,68.29,68.68,69.09,69.48,70.32,72.00,74.84,77.86,78.93,79.53,80.18,80.28,80.23,80.09,79.93,79.89,80.19,80.50,80.77,80.94,80.91,80.85,80.90,81.04,81.22,81.53,81.88,82.25,82.62,82.96,83.33,83.55,83.52,83.30,83.02,82.75,82.48,82.17,81.86,81.68,81.67,81.85,82.06,82.29,82.57,82.85,82.89,82.64,82.39,82.23,82.15,82.05,81.89,81.51,80.90,80.32,78.91,77.47,76.53,76.60,76.66,76.73,76.79,76.88,77.26,77.75,78.19,78.22,77.15,76.07,75.16,74.47,74.00,73.48,73.01,72.54,72.07,71.56,71.12,70.77,70.46,70.14,69.82,69.38,68.86,68.28,67.64,67.11,66.62,66.20,65.89,65.62,65.42,65.27,65.15,65.38,65.38,65.20,64.88,64.47,64.19,63.95,63.70,63.34,62.97,62.64,62.09,61.24,60.79,61.53,62.35,62.78,62.92,63.17,62.86,62.38,62.48,62.74,62.58,62.16,61.49,60.23,59.27,58.68,58.65,59.54,60.17,60.63,61.03,61.49,61.99,62.22,62.25,62.17,62.09,62.02,61.94,61.87,61.80,61.65,61.39,61.10,60.79,60.51
100.67,100.58,100.17,99.53,98.67,97.85,97.18,96.93,97.34,98.06,98.75,98.45,97.11,95.54,93.97,92.23,90.56,89.30,88.23,87.86,87.88,88.09,88.39,88.78,89.18,89.59,90.33,92.22,95.47,98.85,101.18,102.19,101.98,101.12,99.82,98.22,96.43,94.72,93.15,91.79,90.48,89.23,88.06,86.97,85.81,84.74,83.83,83.04,82.38,81.73,81.40,81.33,81.38,81.19,80.99,80.75,80.56,80.97,84.41,88.42,91.58,93.03,94.28,94.08,93.04,91.60,89.94,85.50,82.10,80.60,80.16,79.77,79.55,79.67,80.46,82.15,83.72,83.91,82.80,82.09,81.05,79.30,76.88,74.03,71.66,70.52,69.84,69.26,69.00,68.77,68.49,68.13,67.66,67.20,66.69,66.21,65.80,65.35,64.95,64.56,64.30,64.45,64.60,64.80,65.00,65.17,65.40,65.75,66.25,66.82,67.21,67.63,68.04,68.45,68.89,69.29,69.71,70.86,73.68,78.11,79.75,80.30,80.63,80.72,80.67,80.58,80.53,80.59,80.71,80.91,81.14,81.33,81.34,81.33,81.37,81.49,81.71,81.90,82.17,82.51,82.88,83.26,83.64,83.89,83.90,83.68,83.44,83.16,82.86,82.56,82.25,82.09,82.13,82.34,82.51,82.73,82.97,83.21,83.37,83.15,82.93,82.79,82.71,82.57,82.36,81.93,81.26,80.64,79.73,78.58,77.65,77.72,77.74,77.79,77.87,77.94,78.07,78.31,78.36,77.97,76.85,75.75,74.70,73.85,73.37,72.89,72.43,71.97,71.51,71.03,70.57,70.19,69.81,69.31,68.83,68.20,67.60,67.10,66.47,66.10,65.83,65.63,65.65,65.78,66.06,66.25,66.14,66.44,66.57,66.55,66.52,66.78,66.76,66.59,66.23,65.48,64.67,64.05,63.74,63.64,63.03,65.59,67.96,68.85,68.83,68.11,66.74,65.28,64.48,64.53,64.06,63.08,61.73,60.26,59.22,58.56,58.46,59.36,60.08,60.56,60.95,61.36,61.81,61.98,61.99,61.92,61.84,61.77,61.68,61.63,61.62,61.59,61.42,61.15,60.86,60.62
98.89,98.45,97.91,97.36,96.79,96.21,95.64,95.43,95.87,96.53,96.91,96.42,95.13,93.72,92.30,90.72,89.21,88.08,86.99,86.72,86.84,87.11,87.38,87.72,88.01,88.35,88.99,90.20,93.05,96.87,100.45,101.33,100.92,99.71,97.97,96.18,94.71,93.26,91.82,90.50,89.29,88.22,87.16,86.06,84.91,83.82,82.78,81.82,81.04,80.29,79.85,79.68,79.66,79.52,79.40,79.27,79.18,79.38,81.14,84.01,87.55,91.12,92.55,92.66,92.02,90.51,87.47,83.13,80.35,79.32,78.78,78.34,78.06,78.23,79.17,80.85,82.32,82.45,81.06,79.11,77.03,74.80,72.70,71.12,69.86,69.35,69.10,68.84,68.61,68.38,68.13,67.81,67.35,66.89,66.40,65.93,65.50,65.08,64.75,64.55,64.52,64.70,64.89,65.08,65.27,65.43,65.65,65.90,66.24,66.67,67.03,67.47,67.89,68.30,68.75,69.15,69.49,70.30,72.63,77.78,79.85,80.56,80.94,81.09,81.06,81.03,81.06,81.13,81.17,81.29,81.49,81.72,81.78,81.78,81.82,81.94,82.16,82.33,82.55,82.83,83.15,83.52,83.91,84.19,84.28,84.06,83.79,83.52,83.25,82.94,82.63,82.50,82.58,82.80,82.96,83.17,83.38,83.59,83.82,83.64,83.44,83.31,83.22,83.08,82.80,82.31,81.63,81.00,80.27,79.34,78.59,78.66,78.67,78.69,78.73,78.77,78.80,78.86,78.53,77.73,76.58,75.49,74.41,73.44,72.76,72.27,71.84,71.40,70.94,70.47,69.94,69.38,68.81,68.28,68.06,67.83,67.57,67.31,67.05,66.87,66.68,66.54,66.70,66.92,67.37,67.85,68.09,68.39,68.55,68.63,68.68,68.91,68.96,68.89,68.65,68.10,67.34,66.58,66.21,66.48,66.78,68.41,69.78,70.30,70.27,69.73,68.67,67.38,66.29,65.58,64.53,63.22,61.73,60.22,59.17,58.47,58.32,59.23,59.95,60.45,60.83,61.22,61.59,61.71,61.71,61.67,61.59,61.51,61.43,61.38,61.38,61.38,61.28,61.09,60.88,60.69
97.61,96.90,96.25,95.69,95.11,94.56,94.05,93.88,94.30,94.96,95.10,94.45,93.18,91.90,90.55,89.09,87.72,86.69,85.72,85.59,85.81,86.10,86.34,86.64,86.90,87.23,87.88,88.56,90.72,94.30,98.40,99.41,98.98,97.57,95.58,93.85,92.73,91.60,90.38,89.19,88.17,87.22,86.23,85.16,84.02,82.93,81.85,80.82,79.94,79.11,78.59,78.32,78.25,78.17,78.09,78.02,78.01,78.19,78.53,80.16,83.57,88.54,90.31,90.71,90.17,88.31,84.34,80.76,78.79,78.08,77.50,77.01,76.66,76.88,78.06,79.70,80.95,80.89,79.14,75.97,73.28,71.14,69.75,69.45,69.20,68.94,68.69,68.46,68.23,68.00,67.77,67.48,67.03,66.57,66.10,65.65,65.22,64.88,64.67,64.66,64.81,64.97,65.18,65.37,65.52,65.70,65.91,66.09,66.31,66.60,66.94,67.36,67.77,68.17,68.63,69.01,69.35,69.92,71.72,77.38,79.80,80.71,81.21,81.46,81.47,81.49,81.56,81.63,81.64,81.70,81.86,82.09,82.22,82.24,82.28,82.40,82.61,82.78,82.99,83.21,83.46,83.80,84.18,84.50,84.63,84.42,84.13,83.88,83.63,83.32,83.02,82.93,83.02,83.23,83.40,83.62,83.81,83.99,84.24,84.12,83.96,83.83,83.72,83.57,83.23,82.69,82.02,81.39,80.71,79.95,79.37,79.37,79.36,79.36,79.36,79.35,79.34,79.28,78.69,77.58,76.39,75.24,74.14,73.09,72.20,71.65,71.23,70.82,70.36,69.87,69.31,68.73,68.20,67.83,67.90,68.06,68.15,68.12,68.17,68.10,67.94,67.82,68.03,68.29,68.76,69.35,69.86,70.14,70.31,70.42,70.51,70.57,70.63,70.62,70.52,70.25,69.70,68.95,68.53,68.92,69.87,70.28,70.47,70.59,70.53,70.31,69.73,68.82,67.65,66.25,64.72,63.19,61.67,60.17,59.12,58.38,58.17,59.07,59.82,60.31,60.69,61.06,61.36,61.42,61.42,61.39,61.33,61.26,61.18,61.13,61.13,61.11,61.06,60.97,60.82,60.67
96.15,95.38,94.70,94.06,93.36,92.79,92.38,92.26,92.61,93.30,93.38,92.75,91.63,90.47,88.98,87.50,86.16,85.06,84.47,84.44,84.66,84.96,85.20,85.50,85.76,86.11,86.79,87.48,88.75,90.68,93.13,94.98,94.99,93.90,92.39,91.38,90.42,89.53,88.64,87.74,87.07,86.17,85.20,84.22,83.13,82.05,80.96,79.97,79.23,78.51,77.85,77.34,77.06,76.97,76.89,76.84,76.83,76.83,77.09,78.35,80.75,84.18,86.76,87.62,86.62,83.84,80.84,78.88,77.63,76.83,76.28,75.80,75.33,75.53,76.95,78.61,79.53,78.84,76.29,72.57,70.85,70.03,69.56,69.25,68.96,68.62,68.31,68.08,67.85,67.62,67.39,67.11,66.71,66.26,65.79,65.35,64.99,64.83,64.86,64.95,65.07,65.28,65.45,65.62,65.79,66.00,66.18,66.38,66.58,66.77,66.97,67.28,67.64,68.04,68.49,68.84,69.19,69.62,71.09,77.18,79.89,80.93,81.48,81.83,81.93,82.00,82.06,82.08,82.13,82.20,82.30,82.45,82.69,82.70,82.75,82.89,83.06,83.27,83.46,83.65,83.89,84.15,84.50,84.82,84.95,84.74,84.50,84.25,84.00,83.70,83.45,83.37,83.46,83.69,83.84,84.06,84.25,84.43,84.64,84.59,84.50,84.37,84.17,84.01,83.63,83.08,82.39,81.77,81.09,80.41,79.87,79.65,79.57,79.55,79.55,79.53,79.47,79.40,78.81,77.68,76.33,75.00,73.82,72.75,71.75,71.06,70.60,70.21,69.77,69.20,68.73,68.61,68.75,68.94,69.10,69.30,69.45,69.50,69.51,69.35,69.17,69.08,69.25,69.58,69.91,70.22,70.53,70.82,70.97,71.08,71.19,71.21,71.17,71.18,71.16,70.91,70.61,70.22,69.98,70.09,70.41,70.62,70.81,70.92,70.69,70.40,69.88,69.11,68.00,66.48,64.88,63.25,61.63,60.16,59.12,58.30,57.97,58.83,59.66,60.15,60.50,60.86,61.12,61.17,61.14,61.09,61.07,61.00,60.92,60.88,60.87,60.81,60.78,60.74,60.63,60.48
94.75,93.92,93.15,92.42,91.67,91.03,90.70,90.64,90.91,91.60,91.50,90.72,89.49,88.12,86.60,85.24,84.09,83.29,83.16,83.39,83.64,83.83,84.06,84.35,84.64,85.00,85.64,86.42,87.34,88.49,89.88,91.19,91.27,90.75,90.06,89.50,88.67,87.85,87.04,86.21,85.69,84.98,84.13,83.19,82.18,81.14,80.17,79.32,78.62,77.93,77.23,76.60,76.12,75.84,75.73,75.69,75.67,75.62,75.81,76.82,78.56,80.71,82.54,83.38,82.80,80.76,78.63,77.34,76.39,75.55,74.80,74.29,73.94,74.30,75.87,77.53,77.60,76.06,73.33,70.80,69.88,69.55,69.34,69.06,68.75,68.41,68.08,67.79,67.52,67.23,66.96,66.71,66.38,65.94,65.50,65.16,65.01,65.02,65.11,65.23,65.36,65.56,65.72,65.89,66.08,66.28,66.47,66.69,66.89,67.04,67.20,67.42,67.69,67.99,68.38,68.70,69.06,69.46,70.94,77.59,80.21,81.06,81.63,82.10,82.34,82.48,82.56,82.57,82.63,82.72,82.78,82.86,83.07,83.12,83.19,83.35,83.51,83.73,83.91,84.10,84.32,84.52,84.81,85.11,85.31,85.10,84.87,84.64,84.38,84.09,83.84,83.79,83.91,84.13,84.29,84.50,84.69,84.87,85.08,85.11,85.01,84.85,84.66,84.50,84.04,83.43,82.78,82.15,81.50,80.88,80.37,80.04,79.80,79.73,79.72,79.69,79.64,79.57,78.97,77.79,76.41,75.02,73.73,72.52,71.39,70.55,70.08,69.75,69.44,69.17,69.06,69.18,69.46,69.73,69.90,70.06,70.18,70.21,70.21,70.09,69.96,69.92,70.06,70.37,70.65,70.88,71.12,71.38,71.56,71.72,71.84,71.85,71.81,71.80,71.75,71.55,71.33,71.04,70.83,70.78,70.89,71.04,71.16,71.16,70.82,70.51,70.08,69.39,68.24,66.68,65.13,63.59,61.99,60.41,59.26,58.35,57.90,58.52,59.31,59.88,60.30,60.63,60.86,60.92,60.89,60.81,60.78,60.74,60.67,60.62,60.61,60.54,60.49,60.46,60.40,60.28
93.45,92.55,91.68,90.83,90.04,89.31,88.99,88.95,89.13,89.63,89.27,88.31,86.94,85.35,83.97,82.86,82.02,81.63,81.86,82.36,82.69,82.75,82.94,83.22,83.53,83.89,84.45,85.29,86.11,86.89,87.61,87.99,88.04,88.12,88.20,87.92,87.21,86.39,85.53,84.65,84.16,83.66,82.99,82.10,81.20,80.26,79.44,78.73,78.04,77.34,76.65,75.96,75.31,74.86,74.62,74.50,74.46,74.41,74.51,75.34,76.59,77.64,78.32,79.04,79.22,78.45,77.00,75.89,75.01,74.18,73.22,72.65,72.53,73.17,74.79,76.23,75.37,73.18,70.77,69.86,69.55,69.34,69.11,68.85,68.56,68.25,67.91,67.56,67.23,66.86,66.56,66.31,66.05,65.64,65.28,65.08,65.16,65.30,65.39,65.50,65.66,65.81,65.98,66.18,66.39,66.56,66.77,67.01,67.20,67.36,67.51,67.67,67.84,68.03,68.33,68.64,69.00,69.45,71.14,78.17,80.55,81.15,81.70,82.30,82.67,82.92,83.05,83.06,83.14,83.21,83.27,83.30,83.44,83.53,83.65,83.80,83.97,84.18,84.36,84.55,84.76,84.92,85.14,85.43,85.66,85.47,85.24,85.00,84.75,84.46,84.22,84.21,84.35,84.57,84.73,84.95,85.14,85.31,85.52,85.62,85.52,85.31,85.15,84.98,84.44,83.79,83.17,82.55,81.94,81.38,80.90,80.52,80.15,80.02,79.97,79.89,79.85,79.77,79.13,77.92,76.53,75.14,73.76,72.41,71.15,70.18,69.73,69.49,69.35,69.47,69.70,69.95,70.17,70.33,70.48,70.59,70.65,70.66,70.66,70.60,70.56,70.57,70.68,70.94,71.21,71.45,71.68,71.92,72.15,72.34,72.48,72.49,72.50,72.45,72.35,72.17,71.95,71.67,71.43,71.30,71.34,71.47,71.50,71.34,70.98,70.65,70.29,69.69,68.58,67.08,65.60,64.13,62.56,60.82,59.51,58.49,57.91,58.16,58.84,59.51,60.02,60.34,60.57,60.64,60.61,60.54,60.48,60.46,60.41,60.36,60.32,60.21,60.09,60.00,59.96,59.83
92.44,91.45,90.44,89.44,88.51,87.64,87.12,87.00,87.12,86.66,85.95,84.92,83.64,82.33,81.57,81.08,80.72,80.57,80.69,81.34,81.82,81.87,81.89,82.10,82.41,82.78,83.20,83.90,84.67,85.36,85.85,86.08,86.32,86.62,86.83,86.59,86.08,85.17,84.09,83.11,82.40,82.03,81.60,80.93,80.17,79.48,78.80,78.11,77.41,76.72,76.02,75.33,74.68,74.24,73.62,73.16,72.98,72.95,72.94,73.63,74.46,74.64,75.13,76.11,76.96,77.04,75.59,74.22,73.23,72.49,71.71,71.05,71.20,72.20,73.75,74.17,72.76,71.10,69.97,69.55,69.35,69.15,68.90,68.61,68.36,68.06,67.74,67.41,67.05,66.66,66.33,66.03,65.70,65.44,65.32,65.31,65.41,65.55,65.64,65.76,65.91,66.07,66.27,66.49,66.70,66.87,67.09,67.32,67.52,67.68,67.83,67.99,68.14,68.31,68.52,68.86,69.20,69.85,71.97,78.44,80.60,81.16,81.71,82.31,82.81,83.20,83.45,83.50,83.58,83.70,83.78,83.79,83.88,84.01,84.13,84.25,84.45,84.64,84.84,85.03,85.21,85.36,85.58,85.80,85.94,85.78,85.56,85.32,85.09,84.84,84.60,84.62,84.80,85.02,85.17,85.39,85.58,85.74,85.91,86.05,85.99,85.80,85.59,85.39,84.85,84.22,83.61,82.99,82.47,82.00,81.58,81.20,80.86,80.64,80.50,80.36,80.19,79.96,79.26,78.05,76.66,75.27,73.88,72.51,71.25,70.23,69.87,69.78,69.81,69.96,70.14,70.36,70.57,70.72,70.88,70.98,71.05,71.09,71.10,71.08,71.05,71.05,71.24,71.48,71.75,72.02,72.25,72.48,72.72,72.94,73.12,73.18,73.19,73.14,73.02,72.76,72.52,72.28,72.04,71.86,71.81,71.88,71.81,71.53,71.16,70.84,70.48,70.06,69.46,68.26,66.74,65.07,63.31,61.50,59.98,58.83,58.03,57.64,58.22,58.93,59.51,59.90,60.15,60.24,60.26,60.24,60.21,60.16,60.13,60.06,59.88,59.59,59.22,58.93,58.78,58.41
91.46,90.40,89.26,88.15,87.10,86.11,85.35,84.96,84.81,83.82,83.00,82.20,81.36,80.61,80.30,80.17,80.09,80.08,80.15,80.59,80.97,81.08,81.01,81.08,81.28,81.54,81.86,82.45,83.12,83.73,84.15,84.39,84.79,85.23,85.51,85.30,84.90,84.06,82.92,81.76,80.89,80.57,80.30,79.83,79.33,78.77,78.16,77.51,76.81,76.12,75.42,74.75,74.15,73.76,72.98,72.28,71.84,71.59,71.44,71.83,72.27,72.12,72.40,73.50,74.86,75.62,74.25,72.66,71.62,71.08,70.60,70.12,70.33,71.28,72.64,72.51,71.12,69.99,69.56,69.33,69.16,68.96,68.70,68.40,68.13,67.86,67.57,67.25,66.89,66.51,66.15,65.83,65.57,65.47,65.49,65.58,65.69,65.81,65.90,66.02,66.17,66.36,66.58,66.80,66.99,67.18,67.41,67.64,67.84,67.99,68.15,68.30,68.44,68.58,68.78,69.11,69.44,70.48,73.41,78.80,80.62,81.17,81.74,82.32,82.88,83.37,83.75,83.90,84.01,84.14,84.22,84.25,84.33,84.45,84.57,84.70,84.92,85.09,85.28,85.47,85.65,85.81,86.00,86.19,86.27,86.13,85.91,85.67,85.44,85.22,85.01,85.05,85.23,85.43,85.61,85.81,85.99,86.15,86.33,86.49,86.45,86.28,86.06,85.81,85.28,84.67,84.06,83.53,83.08,82.67,82.28,81.91,81.61,81.36,81.16,80.98,80.70,80.34,79.56,78.34,76.93,75.53,74.16,72.81,71.52,70.53,70.24,70.30,70.49,70.69,70.75,70.81,70.92,71.07,71.23,71.34,71.45,71.54,71.55,71.55,71.52,71.53,71.76,72.02,72.29,72.56,72.79,73.05,73.28,73.52,73.73,73.86,73.86,73.81,73.68,73.40,73.11,72.82,72.57,72.37,72.18,72.09,71.93,71.64,71.33,71.00,70.67,70.36,70.02,69.20,67.63,65.79,63.96,62.12,60.45,59.19,58.24,57.45,57.70,58.26,58.81,59.26,59.60,59.77,59.82,59.81,59.79,59.74,59.57,59.32,59.02,58.67,58.04,57.43,56.99,56.54
90.43,89.34,88.13,86.92,85.78,84.70,83.70,82.96,82.43,81.36,80.69,80.31,80.10,79.99,79.95,79.94,79.94,80.00,80.08,80.11,80.23,80.41,80.30,80.23,80.23,80.31,80.56,81.05,81.56,82.06,82.47,82.80,83.33,83.86,84.17,84.02,83.67,82.99,81.95,80.62,79.66,79.33,79.13,78.83,78.60,78.08,77.52,76.93,76.23,75.54,74.84,74.21,73.71,73.37,72.65,71.82,71.04,70.45,70.17,70.19,70.27,70.20,70.23,71.28,72.91,74.17,72.98,71.30,70.30,70.02,69.89,69.77,69.86,70.45,71.47,71.26,70.34,69.63,69.37,69.14,68.97,68.76,68.51,68.20,67.90,67.64,67.37,67.06,66.75,66.38,66.00,65.72,65.64,65.67,65.75,65.85,65.98,66.07,66.16,66.27,66.44,66.67,66.89,67.08,67.27,67.49,67.73,67.96,68.16,68.31,68.46,68.62,68.73,68.86,69.08,69.38,69.79,71.38,75.13,79.19,80.62,81.18,81.78,82.33,82.88,83.45,83.96,84.25,84.43,84.54,84.62,84.69,84.77,84.86,84.97,85.14,85.36,85.52,85.69,85.87,86.08,86.25,86.40,86.56,86.65,86.51,86.29,86.06,85.83,85.60,85.44,85.50,85.65,85.83,86.04,86.21,86.37,86.55,86.76,86.92,86.89,86.74,86.56,86.26,85.72,85.11,84.56,84.15,83.75,83.36,82.98,82.61,82.36,82.13,81.91,81.70,81.32,80.82,79.97,78.76,77.32,75.92,74.57,73.23,71.93,71.02,70.81,70.98,71.33,71.61,71.51,71.35,71.29,71.42,71.56,71.70,71.84,71.97,71.99,71.99,71.99,72.04,72.28,72.56,72.83,73.06,73.31,73.60,73.85,74.09,74.31,74.50,74.45,74.34,74.20,73.94,73.60,73.24,72.95,72.74,72.40,72.10,71.84,71.62,71.43,71.10,70.81,70.55,70.24,69.78,68.19,66.27,64.48,62.65,60.88,59.52,58.51,57.58,57.34,57.57,58.00,58.47,58.98,59.22,59.30,59.29,59.22,59.19,58.79,58.22,57.83,57.51,56.68,55.70,54.86,54.42
89.07,88.08,86.96,85.75,84.52,83.41,82.38,81.55,80.98,80.38,80.08,79.95,79.89,79.85,79.88,79.90,79.91,79.94,79.97,79.96,79.97,80.00,79.91,79.87,79.86,79.88,79.98,80.22,80.43,80.65,80.90,81.30,81.90,82.44,82.75,82.69,82.39,81.83,80.98,79.84,78.92,78.45,78.16,77.92,77.75,77.33,76.85,76.31,75.61,74.92,74.22,73.65,73.31,72.99,72.34,71.49,70.63,70.10,69.89,69.86,69.87,69.85,69.89,70.50,71.70,72.91,72.04,70.67,69.88,69.70,69.63,69.63,69.71,70.00,70.46,70.34,69.90,69.50,69.22,68.95,68.78,68.55,68.28,68.01,67.70,67.42,67.14,66.88,66.56,66.20,65.91,65.78,65.84,65.92,66.00,66.10,66.24,66.33,66.41,66.55,66.75,66.98,67.17,67.36,67.58,67.81,68.04,68.27,68.47,68.63,68.78,68.94,69.05,69.15,69.35,69.64,70.78,72.89,76.00,79.37,80.62,81.19,81.79,82.34,82.88,83.46,84.03,84.46,84.78,84.92,85.00,85.09,85.21,85.30,85.41,85.58,85.75,85.92,86.07,86.25,86.47,86.63,86.79,86.92,86.99,86.93,86.69,86.44,86.20,85.99,85.87,85.94,86.09,86.25,86.43,86.59,86.77,86.97,87.15,87.31,87.33,87.23,87.00,86.66,86.11,85.60,85.22,84.83,84.45,84.06,83.69,83.36,83.12,82.92,82.63,82.18,81.65,81.04,80.19,79.06,77.74,76.36,74.99,73.63,72.37,71.55,71.53,71.84,72.22,72.55,72.43,72.22,72.06,72.02,71.98,72.07,72.23,72.37,72.42,72.43,72.46,72.56,72.83,73.09,73.34,73.59,73.86,74.13,74.40,74.66,74.85,74.88,74.56,74.23,73.95,73.63,73.37,73.10,72.78,72.44,72.10,71.75,71.45,71.25,71.13,70.87,70.64,70.45,70.18,69.60,68.13,66.38,64.68,62.92,61.15,59.75,58.72,57.96,57.47,57.19,57.25,57.75,58.25,58.55,58.71,58.73,58.65,58.47,57.92,57.18,56.60,56.30,55.48,54.44,53.44,52.66
87.53,86.64,85.63,84.48,83.24,82.23,81.29,80.55,80.13,79.94,79.89,79.88,79.86,79.81,79.85,79.86,79.85,79.85,79.85,79.82,79.77,79.71,79.64,79.61,79.61,79.63,79.63,79.68,79.72,79.72,79.79,80.14,80.68,81.11,81.35,81.37,81.10,80.62,79.93,79.03,78.25,77.70,77.30,77.04,76.89,76.59,76.20,75.70,75.00,74.30,73.66,73.18,72.92,72.59,72.03,71.21,70.34,69.96,69.83,69.79,69.77,69.76,69.83,70.07,70.75,71.59,71.10,70.22,69.69,69.55,69.47,69.52,69.60,69.69,69.78,69.70,69.55,69.33,69.05,68.77,68.59,68.34,68.05,67.81,67.51,67.20,66.93,66.68,66.38,66.12,65.97,65.96,66.09,66.17,66.25,66.35,66.48,66.58,66.67,66.84,67.07,67.30,67.46,67.66,67.90,68.13,68.36,68.59,68.79,68.94,69.10,69.25,69.37,69.52,69.91,70.42,72.07,74.41,76.90,79.57,80.64,81.20,81.79,82.34,82.89,83.47,84.06,84.58,85.02,85.26,85.39,85.49,85.62,85.72,85.84,85.98,86.14,86.30,86.45,86.62,86.83,87.01,87.15,87.26,87.33,87.33,87.10,86.83,86.59,86.38,86.29,86.40,86.55,86.67,86.82,86.99,87.19,87.39,87.56,87.72,87.78,87.70,87.47,87.08,86.57,86.16,85.89,85.53,85.14,84.76,84.40,84.10,83.80,83.49,83.04,82.39,81.73,81.06,80.23,79.19,77.94,76.61,75.26,73.92,72.75,72.16,72.31,72.70,73.11,73.47,73.37,73.15,72.94,72.78,72.61,72.59,72.66,72.76,72.86,72.88,72.93,73.09,73.37,73.61,73.86,74.11,74.38,74.62,74.89,75.16,75.30,75.09,74.53,74.00,73.55,73.18,72.96,72.74,72.43,72.01,71.67,71.33,71.03,70.84,70.72,70.53,70.24,69.83,69.26,68.43,67.16,65.69,64.14,62.49,60.99,59.81,58.96,58.40,57.80,57.19,56.89,57.15,57.54,57.89,58.11,58.16,58.06,57.69,57.01,56.19,55.47,55.09,54.31,53.28,52.41,52.36
85.78,84.97,84.07,83.06,81.95,81.20,80.49,80.02,79.94,79.91,79.85,79.81,79.81,79.80,79.80,79.77,79.72,79.72,79.72,79.62,79.54,79.52,79.44,79.38,79.38,79.43,79.43,79.44,79.49,79.45,79.33,79.49,79.76,79.94,79.99,80.07,79.78,79.34,78.78,78.07,77.53,77.01,76.53,76.17,76.05,75.89,75.59,75.12,74.43,73.73,73.22,72.84,72.53,72.16,71.70,70.96,70.14,69.93,69.83,69.76,69.69,69.65,69.70,69.81,70.00,70.19,70.11,69.84,69.62,69.47,69.35,69.40,69.47,69.53,69.52,69.39,69.24,69.04,68.80,68.56,68.40,68.15,67.86,67.63,67.33,67.02,66.74,66.50,66.22,66.23,66.26,66.27,66.36,66.44,66.51,66.59,66.69,66.83,66.97,67.15,67.38,67.61,67.78,67.98,68.21,68.44,68.67,68.91,69.10,69.26,69.42,69.59,69.73,70.05,71.01,72.03,73.68,75.80,78.09,79.88,80.71,81.25,81.81,82.35,82.94,83.52,84.07,84.61,85.13,85.53,85.79,85.92,86.01,86.09,86.22,86.37,86.52,86.68,86.83,86.99,87.17,87.38,87.50,87.58,87.66,87.70,87.52,87.25,86.97,86.76,86.72,86.87,87.02,87.06,87.21,87.41,87.61,87.78,88.00,88.16,88.22,88.17,87.96,87.54,87.17,86.84,86.53,86.21,85.84,85.45,85.10,84.81,84.34,83.71,83.00,82.25,81.50,80.84,80.06,79.06,77.83,76.57,75.31,74.07,73.00,72.86,73.14,73.55,73.99,74.36,74.30,74.10,73.89,73.72,73.51,73.32,73.19,73.17,73.30,73.32,73.43,73.64,73.88,74.12,74.39,74.65,74.83,75.06,75.30,75.53,75.60,75.09,74.43,73.76,73.18,72.80,72.49,72.24,71.94,71.55,71.17,70.89,70.64,70.39,70.22,70.03,69.45,68.43,67.05,65.92,64.94,63.87,62.55,61.07,60.20,59.65,59.23,58.80,58.27,57.69,57.11,56.71,56.89,57.27,57.53,57.58,57.45,56.86,56.06,55.23,54.49,53.90,53.15,52.27,51.98,54.23
83.92,83.25,82.65,82.03,81.19,80.57,80.13,79.90,79.89,79.86,79.82,79.78,79.75,79.74,79.71,79.67,79.63,79.59,79.55,79.43,79.33,79.28,79.21,79.19,79.20,79.19,79.20,79.23,79.22,79.10,78.92,78.97,79.13,79.11,78.88,78.67,78.45,78.06,77.50,76.87,76.39,75.95,75.59,75.32,75.19,75.08,74.83,74.42,73.81,73.19,72.78,72.46,72.11,71.76,71.36,70.77,70.13,69.93,69.83,69.73,69.63,69.56,69.58,69.63,69.66,69.69,69.64,69.55,69.43,69.31,69.17,69.18,69.22,69.24,69.22,69.12,68.94,68.73,68.50,68.32,68.19,67.98,67.73,67.49,67.22,66.93,66.65,66.47,66.52,66.75,66.83,66.78,66.81,66.89,66.97,67.05,67.12,67.19,67.24,67.36,67.61,67.87,68.08,68.30,68.53,68.76,68.99,69.19,69.39,69.58,69.79,70.36,71.17,72.17,73.38,74.34,75.68,77.39,79.20,80.31,81.00,81.56,82.10,82.64,83.25,83.83,84.37,84.91,85.45,85.91,86.21,86.31,86.39,86.51,86.62,86.75,86.90,87.06,87.21,87.37,87.53,87.75,87.84,87.89,87.97,88.03,87.89,87.66,87.39,87.15,87.15,87.32,87.48,87.53,87.64,87.82,88.01,88.21,88.39,88.56,88.64,88.64,88.52,88.13,87.82,87.51,87.17,86.86,86.52,86.08,85.56,85.00,84.35,83.62,82.84,82.07,81.30,80.62,79.86,78.94,77.75,76.55,75.33,74.18,73.37,73.58,73.99,74.42,74.84,75.23,75.19,75.02,74.83,74.63,74.44,74.22,74.03,73.93,73.88,73.84,73.93,74.15,74.35,74.58,74.83,75.07,75.27,75.50,75.73,75.86,75.71,75.05,74.36,73.64,72.95,72.42,72.01,71.73,71.44,71.05,70.67,70.40,69.82,68.92,68.19,67.41,66.31,64.88,63.28,62.52,62.02,61.47,60.77,59.98,59.50,59.23,59.00,58.65,58.28,57.84,57.37,56.93,56.70,56.72,56.87,56.96,56.62,55.93,55.11,54.27,53.48,52.80,52.96,53.91,55.53,57.13
82.41,81.91,81.59,81.30,80.69,80.16,79.94,79.90,79.87,79.81,79.79,79.75,79.70,79.68,79.63,79.59,79.56,79.48,79.39,79.26,79.13,79.05,78.97,79.01,79.00,78.94,78.96,79.00,78.91,78.72,78.52,78.47,78.60,78.42,77.90,77.36,77.14,76.76,76.21,75.64,75.20,74.87,74.64,74.48,74.32,74.22,74.03,73.68,73.17,72.69,72.36,72.06,71.69,71.36,71.01,70.58,70.16,69.94,69.82,69.70,69.58,69.51,69.47,69.45,69.43,69.41,69.34,69.26,69.18,69.09,68.96,68.94,68.94,68.94,68.93,68.84,68.64,68.42,68.23,68.08,67.98,67.82,67.58,67.35,67.12,66.84,66.63,66.64,67.04,67.41,67.47,67.34,67.34,67.40,67.47,67.54,67.60,67.60,67.53,67.58,67.80,68.08,68.33,68.57,68.80,69.05,69.28,69.47,69.78,70.28,70.75,71.74,73.18,74.81,76.12,76.87,77.82,79.03,80.25,80.87,81.47,82.05,82.59,83.14,83.74,84.31,84.86,85.39,85.91,86.34,86.61,86.70,86.79,86.92,87.04,87.14,87.28,87.44,87.59,87.75,87.91,88.12,88.18,88.21,88.29,88.36,88.25,88.06,87.81,87.54,87.58,87.77,87.94,88.03,88.09,88.23,88.42,88.63,88.78,88.94,89.05,89.11,89.06,88.75,88.49,88.18,87.80,87.45,87.10,86.57,85.85,85.01,84.23,83.45,82.67,81.90,81.11,80.38,79.63,78.78,77.69,76.54,75.37,74.35,73.83,74.31,74.83,75.28,75.69,76.10,76.09,75.94,75.75,75.54,75.37,75.16,74.96,74.77,74.51,74.36,74.42,74.64,74.80,75.02,75.25,75.48,75.71,75.95,76.16,76.14,75.73,75.00,74.30,73.56,72.80,72.13,71.59,71.25,70.93,70.48,69.89,69.56,68.77,67.48,66.38,65.11,63.61,61.87,60.13,59.75,59.63,59.50,59.34,59.15,58.91,58.75,58.62,58.32,58.07,57.79,57.49,57.14,56.60,56.29,56.27,56.30,55.73,55.00,54.18,53.33,52.60,52.50,53.88,56.45,59.31,59.72
82.06,81.75,81.47,81.11,80.56,80.08,79.91,79.88,79.82,79.80,79.75,79.71,79.69,79.63,79.60,79.56,79.49,79.41,79.28,79.13,78.98,78.86,78.78,78.78,78.75,78.70,78.75,78.66,78.53,78.34,78.11,77.94,78.06,77.82,77.11,76.41,75.92,75.45,74.97,74.51,74.26,74.02,73.81,73.64,73.44,73.34,73.20,72.95,72.55,72.28,71.97,71.63,71.30,70.93,70.64,70.39,70.16,69.93,69.78,69.67,69.58,69.49,69.38,69.26,69.16,69.10,69.02,68.94,68.86,68.78,68.70,68.69,68.69,68.69,68.66,68.54,68.33,68.16,68.03,67.89,67.80,67.63,67.39,67.16,66.93,66.69,66.75,67.27,67.88,68.17,68.11,67.91,67.91,67.92,67.98,68.04,68.04,67.99,67.91,67.90,67.97,68.17,68.44,68.69,68.94,69.23,69.47,69.73,70.56,72.13,73.41,74.54,75.99,77.64,78.89,79.43,80.01,80.64,81.16,81.69,82.29,82.87,83.41,83.96,84.56,85.14,85.68,86.20,86.64,86.83,86.95,87.09,87.23,87.33,87.44,87.57,87.67,87.81,87.97,88.13,88.28,88.45,88.49,88.53,88.61,88.67,88.61,88.44,88.19,87.93,88.01,88.21,88.41,88.52,88.55,88.67,88.84,89.00,89.16,89.31,89.46,89.55,89.53,89.40,89.15,88.81,88.40,87.92,87.37,86.64,85.79,84.95,84.17,83.35,82.54,81.76,80.93,80.11,79.32,78.53,77.65,76.54,75.52,74.76,74.50,75.00,75.64,76.17,76.56,76.94,76.99,76.86,76.66,76.48,76.27,76.09,75.88,75.58,75.17,74.88,74.87,75.08,75.25,75.46,75.69,75.93,76.16,76.39,76.53,76.31,75.64,74.93,74.23,73.49,72.74,72.04,71.34,70.83,70.38,69.70,68.27,67.69,67.40,67.08,66.59,65.72,64.32,62.38,60.16,59.68,59.48,59.30,59.12,58.85,58.51,58.31,58.19,57.94,57.65,57.38,57.12,56.80,56.42,56.16,55.93,55.59,54.87,54.11,53.29,52.46,52.14,54.54,57.34,59.40,60.29,60.51
82.28,81.95,81.58,81.14,80.60,80.10,79.92,79.88,79.84,79.81,79.77,79.72,79.68,79.61,79.57,79.51,79.44,79.34,79.20,79.05,78.89,78.74,78.60,78.55,78.51,78.47,78.43,78.27,78.10,77.93,77.72,77.44,77.45,77.12,76.34,75.61,75.33,75.09,74.81,74.49,74.29,74.07,73.84,73.62,73.43,73.27,73.07,72.78,72.37,72.07,71.72,71.37,71.09,70.77,70.52,70.33,70.16,69.93,69.79,69.67,69.58,69.49,69.38,69.23,69.11,69.03,68.92,68.83,68.74,68.63,68.53,68.45,68.41,68.39,68.36,68.22,68.06,67.94,67.84,67.70,67.61,67.45,67.25,67.05,67.08,67.21,67.60,68.29,68.82,68.92,68.77,68.54,68.45,68.44,68.48,68.53,68.48,68.38,68.32,68.28,68.27,68.37,68.52,68.75,69.03,69.33,69.58,70.04,71.28,73.44,75.41,77.06,78.59,79.92,80.73,81.13,81.57,81.93,82.10,82.57,83.13,83.70,84.24,84.78,85.39,85.96,86.48,86.93,87.19,87.25,87.30,87.43,87.58,87.70,87.84,87.98,88.09,88.20,88.35,88.50,88.66,88.78,88.81,88.85,88.92,88.99,88.97,88.82,88.56,88.31,88.44,88.65,88.86,88.99,89.03,89.13,89.26,89.39,89.59,89.89,90.23,90.49,90.53,90.30,89.75,89.20,88.73,88.16,87.47,86.65,85.76,84.89,84.10,83.25,82.40,81.59,80.74,79.87,79.06,78.31,77.56,76.69,75.88,75.28,75.11,75.68,76.38,76.99,77.48,77.82,77.89,77.77,77.58,77.38,77.10,76.83,76.53,76.14,75.66,75.36,75.34,75.53,75.72,75.92,76.12,76.33,76.56,76.79,76.74,76.32,75.57,74.86,74.17,73.43,72.68,71.98,71.25,70.67,70.24,69.80,68.84,68.49,68.45,68.48,68.32,67.83,66.97,65.64,63.81,62.63,61.53,60.41,59.45,59.11,58.73,58.41,58.16,57.90,57.65,57.44,57.21,56.94,56.69,56.41,55.97,55.32,54.43,53.55,52.70,52.25,53.10,56.20,58.98,60.59,60.95,61.14
82.72,82.28,81.79,81.27,80.73,80.20,79.96,79.90,79.88,79.82,79.80,79.76,79.68,79.61,79.53,79.45,79.37,79.28,79.14,78.98,78.81,78.65,78.44,78.32,78.27,78.21,78.05,77.84,77.67,77.51,77.32,76.95,76.79,76.40,75.73,75.14,75.24,75.32,75.25,75.08,74.85,74.62,74.36,74.09,73.93,73.73,73.44,73.06,72.60,72.22,71.86,71.55,71.27,70.94,70.57,70.29,70.13,69.93,69.82,69.71,69.59,69.51,69.42,69.29,69.17,69.07,68.94,68.84,68.72,68.57,68.42,68.28,68.18,68.12,68.08,67.95,67.84,67.76,67.67,67.55,67.46,67.34,67.20,67.13,67.51,68.11,68.81,69.51,69.88,69.77,69.51,69.24,69.00,68.96,68.99,69.00,68.91,68.77,68.73,68.69,68.64,68.64,68.65,68.82,69.11,69.40,69.65,70.37,71.92,74.37,76.83,79.07,80.72,81.71,82.09,82.41,82.81,83.09,83.09,83.45,83.97,84.52,85.06,85.61,86.21,86.77,87.25,87.56,87.63,87.64,87.66,87.76,87.91,88.06,88.22,88.37,88.51,88.60,88.73,88.88,89.02,89.11,89.13,89.16,89.24,89.31,89.33,89.20,88.95,88.71,88.87,89.10,89.31,89.50,89.63,89.72,89.81,89.94,90.20,90.68,91.26,91.71,91.77,91.26,90.34,89.50,88.91,88.27,87.49,86.68,85.85,85.00,84.31,83.47,82.59,81.75,80.88,79.90,79.02,78.29,77.60,77.01,76.41,75.87,75.68,76.32,77.03,77.73,78.36,78.72,78.79,78.68,78.47,78.21,77.85,77.47,77.05,76.58,76.06,75.81,75.82,76.00,76.21,76.38,76.54,76.72,76.94,77.15,76.86,76.27,75.52,74.82,74.14,73.40,72.66,71.97,71.29,70.74,70.42,70.41,70.38,70.41,70.47,70.52,70.50,70.35,70.14,69.68,68.59,66.78,64.79,62.69,60.77,60.18,59.43,58.82,58.42,58.13,57.94,57.78,57.59,57.36,57.16,56.79,56.17,55.28,54.23,53.22,52.34,52.41,54.59,57.51,59.59,60.84,61.37,61.65
82.90,82.40,81.90,81.41,80.91,80.38,80.05,79.90,79.90,79.87,79.83,79.76,79.68,79.61,79.53,79.42,79.30,79.22,79.08,78.88,78.69,78.53,78.30,78.11,77.97,77.83,77.63,77.45,77.28,77.13,76.93,76.52,76.15,75.91,75.80,75.78,75.99,76.06,75.99,75.86,75.60,75.35,75.11,74.89,74.78,74.61,74.38,74.05,73.64,73.58,73.50,73.29,72.82,71.98,70.83,70.12,69.98,69.91,69.83,69.74,69.64,69.56,69.44,69.33,69.21,69.09,68.98,68.86,68.72,68.57,68.47,68.32,68.19,68.06,67.96,67.85,67.73,67.63,67.57,67.56,67.50,67.47,67.55,67.85,68.47,69.20,69.98,70.75,71.25,71.01,70.57,70.11,69.66,69.54,69.47,69.38,69.30,69.15,69.11,69.07,69.02,69.01,68.97,69.03,69.21,69.47,69.75,70.64,72.31,74.73,77.16,79.41,81.23,82.57,83.34,83.73,84.11,84.33,84.23,84.30,84.78,85.34,85.89,86.44,87.03,87.55,87.89,88.00,88.02,88.02,88.04,88.13,88.29,88.44,88.59,88.75,88.89,88.99,89.11,89.25,89.34,89.42,89.44,89.48,89.56,89.63,89.69,89.58,89.34,89.14,89.31,89.54,89.84,90.26,90.65,90.84,91.00,91.21,91.51,92.06,92.67,93.05,92.84,91.97,90.91,89.93,89.09,88.31,87.65,87.01,86.40,85.89,85.70,85.09,84.28,83.46,82.50,81.11,79.86,78.93,78.28,77.72,77.14,76.56,76.21,76.79,77.53,78.28,79.02,79.66,79.75,79.53,79.17,78.81,78.39,77.95,77.48,76.97,76.49,76.26,76.29,76.48,76.67,76.82,77.01,77.21,77.36,77.40,76.95,76.28,75.57,74.88,74.22,73.54,72.83,72.15,71.59,71.26,71.14,71.20,71.27,71.31,71.33,71.36,71.35,71.27,71.16,70.93,70.38,69.51,68.54,67.19,65.36,63.49,60.89,59.42,59.08,58.78,58.55,58.35,58.15,57.94,57.59,56.97,56.17,55.22,54.15,53.13,52.38,52.73,55.27,58.08,59.83,60.87,61.45,61.96
83.20,82.68,82.21,81.77,81.29,80.74,80.31,80.06,79.96,79.91,79.84,79.76,79.68,79.61,79.51,79.39,79.28,79.23,79.13,78.93,78.70,78.49,78.24,77.98,77.75,77.54,77.32,77.13,76.95,76.78,76.61,76.38,76.12,76.09,76.31,76.59,76.80,76.85,76.79,76.66,76.40,76.15,75.93,75.75,75.66,75.52,75.35,75.17,75.05,75.24,75.36,75.19,74.52,73.23,71.59,70.42,69.94,69.90,69.85,69.78,69.70,69.59,69.47,69.38,69.27,69.12,69.02,68.87,68.73,68.61,68.50,68.35,68.20,68.05,67.93,67.82,67.72,67.65,67.66,67.80,67.82,67.87,68.06,68.57,69.33,70.10,70.92,71.76,72.45,72.33,71.88,71.35,70.86,70.68,70.44,70.14,69.87,69.57,69.50,69.45,69.39,69.36,69.31,69.34,69.46,69.70,70.17,71.15,72.80,75.09,77.39,79.70,81.83,83.59,84.60,85.03,85.38,85.56,85.41,85.28,85.64,86.17,86.71,87.25,87.79,88.18,88.36,88.36,88.39,88.39,88.42,88.52,88.67,88.80,88.94,89.10,89.27,89.39,89.54,89.69,89.79,89.87,89.89,89.97,90.15,90.34,90.49,90.37,90.04,89.73,89.83,90.14,90.64,91.37,92.03,92.35,92.59,92.86,93.19,93.68,94.15,94.27,93.67,92.58,91.50,90.63,89.93,88.98,88.37,87.88,87.43,87.10,87.14,86.87,86.34,85.65,84.77,83.37,81.76,80.23,79.13,78.47,77.87,77.24,76.76,77.16,77.85,78.60,79.35,80.10,80.57,80.43,79.87,79.34,78.88,78.39,77.90,77.39,76.90,76.71,76.76,76.96,77.14,77.30,77.48,77.66,77.75,77.61,77.07,76.39,75.70,75.00,74.35,73.68,73.02,72.47,72.10,71.93,71.91,71.99,72.04,72.06,72.06,72.06,72.05,71.98,71.91,71.77,71.51,71.20,70.84,70.11,68.80,66.92,64.19,62.20,61.02,59.94,59.28,58.94,58.70,58.39,57.83,57.02,56.13,55.19,54.12,53.08,52.45,52.95,55.45,58.07,59.75,60.74,61.31,61.88
83.65,83.18,82.75,82.33,81.85,81.27,80.77,80.37,80.09,79.93,79.84,79.76,79.68,79.60,79.47,79.36,79.31,79.30,79.28,79.12,78.87,78.57,78.28,77.98,77.69,77.41,77.17,76.95,76.74,76.57,76.48,76.62,76.72,76.91,77.18,77.42,77.59,77.64,77.59,77.43,77.20,76.97,76.77,76.63,76.54,76.40,76.28,76.31,76.69,77.03,77.26,77.11,76.24,74.61,72.86,71.26,70.14,70.01,69.94,69.86,69.75,69.61,69.52,69.44,69.33,69.18,69.03,68.88,68.76,68.65,68.51,68.35,68.20,68.07,67.98,67.84,67.80,67.82,67.94,68.21,68.38,68.49,68.69,69.21,70.01,70.81,71.64,72.55,73.42,73.66,73.42,72.97,72.64,72.41,71.96,71.37,70.76,70.19,70.03,69.97,69.87,69.76,69.70,69.72,69.82,70.08,70.87,71.91,73.42,75.49,77.59,80.03,82.64,84.93,85.91,86.32,86.62,86.77,86.59,86.39,86.57,86.99,87.53,88.06,88.47,88.65,88.68,88.69,88.75,88.78,88.81,88.89,89.03,89.14,89.26,89.44,89.71,89.93,90.15,90.34,90.47,90.54,90.53,90.68,91.07,91.48,91.74,91.58,91.08,90.51,90.47,90.90,91.70,92.77,93.67,94.17,94.52,94.82,95.14,95.44,95.60,95.31,94.30,93.16,92.19,91.72,91.53,90.44,89.88,89.47,89.09,88.71,88.61,88.66,88.57,88.13,87.50,86.47,84.61,82.13,80.09,79.17,78.53,77.89,77.34,77.46,78.03,78.72,79.39,80.07,81.19,81.37,80.67,79.88,79.33,78.81,78.29,77.81,77.30,77.17,77.24,77.42,77.63,77.80,77.95,78.08,78.11,77.80,77.23,76.58,75.88,75.19,74.50,73.82,73.24,72.93,72.78,72.69,72.67,72.73,72.75,72.75,72.75,72.75,72.74,72.68,72.61,72.50,72.32,72.03,71.66,71.22,70.68,69.99,68.85,66.83,64.20,61.78,60.32,59.64,59.23,58.69,57.90,57.00,56.12,55.21,54.14,53.06,52.51,53.05,55.28,57.61,59.38,60.48,60.96,61.44
84.19,83.73,83.31,82.89,82.38,81.85,81.38,80.81,80.18,79.95,79.84,79.74,79.63,79.55,79.44,79.38,79.38,79.41,79.42,79.35,79.16,78.85,78.55,78.39,78.08,77.69,77.46,77.23,77.18,77.23,77.33,77.50,77.66,77.83,78.02,78.28,78.42,78.44,78.36,78.20,78.01,77.80,77.62,77.51,77.38,77.19,77.14,77.32,77.88,78.46,79.08,79.09,77.88,76.16,74.42,72.71,71.32,70.93,70.45,70.07,69.81,69.66,69.58,69.54,69.43,69.24,69.08,68.93,68.80,68.66,68.51,68.35,68.23,68.11,68.00,67.94,67.92,68.00,68.20,68.50,68.79,68.98,69.25,69.89,70.70,71.53,72.38,73.27,74.22,74.88,75.11,74.97,74.72,74.52,74.06,73.44,72.84,72.27,71.92,71.64,71.28,70.77,70.30,70.13,70.21,70.53,71.52,72.70,74.07,75.69,77.46,79.51,83.08,86.94,87.59,87.77,87.93,88.01,87.80,87.58,87.54,87.82,88.34,88.77,88.98,89.06,89.06,89.07,89.13,89.16,89.19,89.27,89.37,89.50,89.61,89.89,90.69,91.45,91.87,92.03,92.05,92.08,91.75,91.80,92.42,92.88,93.19,93.07,92.55,91.82,91.42,91.91,92.90,94.07,95.14,95.92,96.42,96.74,97.06,97.11,96.73,95.97,94.88,93.77,93.62,93.87,94.05,93.66,93.60,93.16,92.38,91.67,90.95,90.72,90.68,90.51,90.08,89.25,87.28,84.28,81.38,79.78,78.94,78.34,77.81,77.96,78.45,78.96,79.46,80.16,81.41,82.12,81.94,80.81,79.90,79.25,78.72,78.21,77.72,77.61,77.71,77.91,78.09,78.21,78.34,78.45,78.38,77.99,77.39,76.72,76.02,75.33,74.63,74.11,73.77,73.57,73.47,73.42,73.42,73.44,73.44,73.44,73.44,73.44,73.44,73.38,73.30,73.23,73.13,72.85,72.49,72.08,71.64,71.17,70.56,69.48,67.80,65.46,63.30,61.52,60.09,58.99,58.07,57.15,56.29,55.42,54.34,53.23,52.63,53.11,55.23,57.41,58.93,59.91,60.48,60.90
84.77,84.30,83.87,83.43,82.86,82.30,81.72,81.00,80.18,79.92,79.81,79.71,79.59,79.53,79.47,79.45,79.47,79.54,79.56,79.56,79.44,79.18,78.95,78.87,78.59,78.19,77.95,77.73,77.81,78.05,78.32,78.53,78.76,78.94,79.10,79.40,79.53,79.44,79.22,78.99,78.83,78.62,78.45,78.34,78.17,77.99,78.00,78.26,78.91,79.88,80.87,80.92,79.39,77.67,76.02,74.32,72.81,72.11,71.21,70.43,69.91,69.74,69.64,69.63,69.53,69.33,69.17,69.02,68.85,68.69,68.53,68.38,68.26,68.15,68.04,68.04,68.06,68.18,68.45,68.76,69.12,69.38,69.71,70.39,71.32,72.25,73.12,74.00,74.97,75.91,76.55,76.83,76.80,76.72,76.31,75.76,75.23,74.69,74.20,73.71,73.13,72.24,71.41,70.92,70.81,71.15,72.33,73.69,75.04,76.34,77.71,79.89,84.21,88.88,89.30,89.24,89.22,89.18,88.97,88.75,88.60,88.71,89.09,89.38,89.44,89.44,89.44,89.45,89.51,89.58,89.68,89.83,90.05,90.31,90.56,91.02,92.18,93.35,93.83,93.86,93.79,93.59,93.02,93.03,93.79,94.31,94.67,94.60,94.09,93.26,92.52,92.98,94.07,95.32,96.51,97.54,98.18,98.47,98.70,98.47,97.65,96.56,95.52,94.84,95.44,96.27,96.79,97.04,97.31,96.92,96.06,95.24,94.08,93.37,93.03,92.78,92.15,91.20,89.12,85.92,82.52,80.32,79.25,78.72,78.30,78.52,78.94,79.41,79.94,80.67,81.93,82.90,83.03,81.74,80.58,79.76,79.14,78.62,78.14,78.04,78.16,78.37,78.52,78.62,78.73,78.77,78.59,78.17,77.53,76.84,76.15,75.48,74.92,74.61,74.45,74.30,74.20,74.15,74.14,74.14,74.14,74.14,74.14,74.14,74.14,74.08,74.01,73.96,73.91,73.67,73.31,72.88,72.41,71.94,71.54,71.19,70.56,68.89,66.61,64.07,61.55,59.39,58.34,57.54,56.83,56.07,54.98,53.73,52.85,53.06,55.09,56.94,58.24,59.20,59.92,60.31
85.33,84.87,84.41,83.92,83.28,82.46,81.55,80.68,79.99,79.84,79.75,79.67,79.60,79.59,79.57,79.57,79.60,79.67,79.74,79.76,79.69,79.55,79.50,79.38,79.16,78.89,78.66,78.48,78.54,78.81,79.24,79.61,80.07,80.42,80.67,81.01,81.13,80.83,80.31,79.87,79.67,79.46,79.26,79.10,78.89,78.82,78.89,79.16,79.84,81.42,82.58,82.46,80.69,79.04,77.55,75.98,74.44,73.46,72.27,71.02,70.06,69.81,69.70,69.69,69.62,69.45,69.30,69.14,68.95,68.75,68.59,68.44,68.29,68.17,68.11,68.16,68.22,68.40,68.70,69.01,69.33,69.63,69.97,70.58,71.78,72.90,73.87,74.73,75.67,76.61,77.48,78.24,78.74,78.86,78.61,78.17,77.69,77.16,76.63,76.07,75.38,74.35,73.36,72.42,71.80,72.07,73.46,75.03,76.57,77.91,78.85,82.30,86.75,90.43,90.90,90.70,90.42,90.21,90.04,89.88,89.77,89.73,89.76,89.81,89.83,89.83,89.83,89.84,89.91,90.12,90.41,90.80,91.38,91.99,92.63,93.38,94.37,95.55,95.76,95.54,95.46,94.69,94.15,94.27,95.03,95.68,96.11,96.08,95.62,94.74,93.75,94.09,95.17,96.47,97.75,98.96,99.67,99.85,99.80,99.27,98.32,97.17,96.29,96.73,97.69,98.73,99.59,100.01,100.09,99.98,99.77,99.39,98.28,96.97,95.83,94.84,93.29,91.71,89.47,86.48,83.26,80.74,79.51,79.05,78.84,79.09,79.52,80.21,81.13,81.94,83.20,83.84,83.60,82.53,81.45,80.42,79.59,79.06,78.54,78.47,78.58,78.75,78.90,79.04,79.11,79.04,78.74,78.30,77.66,76.97,76.29,75.69,75.53,75.43,75.27,75.12,74.97,74.88,74.84,74.84,74.84,74.84,74.84,74.84,74.83,74.77,74.74,74.71,74.62,74.46,74.13,73.68,73.17,72.71,72.30,71.95,71.62,71.06,69.70,67.38,63.97,59.99,58.77,58.35,58.01,57.46,56.35,54.77,53.23,52.84,54.68,55.89,57.16,58.38,59.33,59.69
85.89,85.41,84.78,84.04,83.25,82.35,81.40,80.53,79.95,79.86,79.78,79.73,79.70,79.70,79.70,79.70,79.71,79.76,79.83,80.23,80.86,81.51,81.73,81.44,80.81,80.05,79.46,79.24,79.42,80.10,81.39,82.81,83.79,84.30,84.42,84.39,84.02,83.44,82.83,82.31,81.91,81.42,80.88,80.40,80.15,80.39,80.83,81.39,82.25,84.00,84.58,83.78,81.81,79.99,78.50,77.03,75.56,74.33,72.82,71.22,70.04,69.86,69.77,69.78,69.75,69.62,69.43,69.27,69.07,68.86,68.70,68.52,68.34,68.25,68.26,68.33,68.41,68.56,68.81,69.11,69.39,69.69,70.04,70.56,71.44,72.51,73.59,74.66,75.81,76.99,78.12,79.11,79.80,80.10,80.06,79.86,79.62,79.22,78.78,78.23,77.46,76.38,75.21,73.91,72.80,72.64,74.27,76.19,79.03,82.69,84.35,86.71,89.32,91.42,91.79,91.56,91.29,91.08,90.93,90.77,90.68,90.67,90.80,91.12,91.27,91.32,91.32,91.35,91.58,91.90,92.27,92.73,93.50,94.25,95.03,95.86,96.76,97.75,97.70,97.12,96.59,95.67,95.28,95.53,96.30,97.02,97.53,97.57,97.09,96.08,94.97,95.09,96.01,97.31,98.58,99.65,100.32,100.57,100.45,99.88,98.96,98.01,97.58,98.30,99.67,100.96,101.81,102.06,101.92,101.74,101.47,100.84,99.83,98.20,96.39,94.70,93.00,91.39,89.34,86.73,83.90,81.23,79.95,79.59,79.52,79.95,80.56,81.42,82.51,83.49,84.55,84.71,84.03,83.07,82.10,81.11,80.25,79.65,79.11,78.99,79.03,79.13,79.28,79.40,79.40,79.25,78.91,78.44,77.82,77.18,76.63,76.38,76.37,76.30,76.14,75.98,75.73,75.66,75.66,75.59,75.55,75.53,75.53,75.53,75.53,75.47,75.44,75.42,75.34,75.25,74.90,74.41,73.89,73.46,73.06,72.72,72.38,71.89,70.94,69.42,66.31,61.86,62.00,62.11,61.13,59.23,57.42,55.54,53.56,52.66,54.27,55.51,56.74,57.88,58.76,59.11
86.44,85.92,85.12,84.15,83.22,82.29,81.40,80.62,80.09,79.96,79.87,79.83,79.82,79.81,79.81,79.84,79.91,80.09,80.46,81.44,82.85,84.28,84.73,84.31,83.30,82.04,81.06,80.78,81.12,82.25,84.28,86.41,87.67,88.21,88.18,87.83,87.07,86.37,85.79,85.24,84.64,83.89,83.08,82.38,82.20,82.77,83.56,84.37,85.25,86.78,86.67,85.23,83.05,80.93,79.27,77.83,76.49,75.10,73.33,71.53,70.25,70.09,69.99,69.99,69.95,69.79,69.56,69.40,69.20,69.00,68.83,68.60,68.43,68.38,68.47,68.55,68.63,68.72,68.87,69.15,69.39,69.67,70.04,70.57,71.17,72.15,73.19,74.19,75.48,76.91,78.33,79.59,80.40,80.90,81.12,81.23,81.27,80.98,80.66,80.13,79.30,78.22,76.86,75.24,73.70,73.06,74.92,77.19,81.43,87.59,89.92,90.79,91.49,92.20,92.45,92.25,92.05,91.89,91.74,91.61,91.54,91.61,91.91,92.56,92.92,93.10,93.18,93.25,93.59,94.03,94.47,94.97,95.84,96.64,97.40,98.15,98.89,99.54,99.23,98.35,97.40,96.50,96.36,96.77,97.54,98.30,98.83,98.88,98.36,97.21,96.05,95.97,96.70,97.95,99.19,100.07,100.70,101.06,100.93,100.41,99.60,98.95,99.03,99.92,101.59,103.00,103.64,103.63,103.17,102.64,102.01,101.03,100.03,98.26,96.03,93.79,92.17,90.67,88.87,86.67,84.22,81.73,80.73,80.68,80.82,81.46,82.23,83.15,84.22,85.19,85.85,85.53,84.53,83.60,82.73,81.84,81.03,80.38,79.85,79.66,79.60,79.61,79.73,79.79,79.69,79.44,79.09,78.58,78.01,77.48,77.15,77.26,77.27,77.18,77.02,76.81,76.47,76.46,76.50,76.38,76.30,76.26,76.24,76.23,76.23,76.18,76.14,76.12,76.04,75.95,75.58,75.08,74.58,74.17,73.75,73.37,72.92,72.20,71.43,70.67,68.33,64.42,65.88,66.39,64.89,61.74,58.51,56.20,53.88,52.57,53.94,55.32,56.48,57.45,58.19,58.52
86.97,86.34,85.52,84.58,83.65,82.67,81.92,81.29,80.70,80.23,80.02,79.95,79.94,79.89,79.88,80.02,80.42,81.32,82.98,84.81,86.58,88.03,88.46,88.22,87.39,86.26,85.27,84.94,85.47,86.70,88.31,89.07,89.49,89.64,89.59,89.48,89.21,88.99,88.70,88.16,87.55,86.89,86.33,86.07,86.38,87.07,87.82,88.43,88.67,89.11,88.70,87.30,84.92,82.30,80.08,78.47,77.33,76.02,74.27,72.63,71.42,70.93,70.75,70.59,70.32,69.93,69.69,69.52,69.36,69.17,68.96,68.73,68.59,68.60,68.77,68.86,68.94,68.94,68.92,69.11,69.33,69.61,70.05,70.86,71.97,73.01,73.42,73.28,74.25,75.63,77.41,79.27,80.44,81.16,81.80,82.32,82.53,82.22,81.85,81.29,80.48,79.48,77.98,76.10,74.26,73.38,75.38,77.81,82.59,89.47,90.95,91.59,92.24,92.88,93.10,92.98,92.81,92.65,92.52,92.47,92.53,92.64,92.88,93.54,94.15,94.69,95.10,95.22,95.33,95.92,96.60,97.18,98.07,98.83,99.34,99.66,99.96,99.97,99.41,98.55,97.68,96.92,97.21,97.91,98.69,99.43,99.78,99.61,98.95,97.80,96.64,96.55,97.16,98.18,99.44,100.33,101.03,101.49,101.34,100.89,100.29,99.98,100.54,102.08,103.60,104.55,104.75,104.58,103.40,102.03,100.81,99.78,98.54,96.96,94.96,92.65,90.99,89.49,87.81,85.83,83.59,82.19,82.44,83.41,84.05,84.85,85.47,86.14,86.83,87.06,86.88,86.24,85.33,84.42,83.50,82.70,82.02,81.45,80.97,80.71,80.55,80.45,80.43,80.34,80.06,79.67,79.23,78.76,78.31,78.05,78.06,78.20,78.14,78.03,77.87,77.54,77.21,77.25,77.35,77.25,77.17,77.07,76.98,76.94,76.93,76.91,76.87,76.83,76.74,76.27,75.99,75.70,75.26,74.76,74.21,73.63,72.97,72.16,71.39,70.62,69.41,67.94,68.87,69.24,68.76,66.38,60.00,56.74,54.20,52.76,53.91,55.03,56.04,56.90,57.56,57.89
87.44,86.77,85.98,85.23,84.75,84.00,83.34,82.71,82.05,81.46,81.23,81.20,81.23,81.19,81.16,81.62,82.52,83.85,85.96,87.64,88.98,89.96,90.25,90.10,89.61,88.91,88.25,87.97,88.34,89.13,90.00,90.16,90.24,90.25,90.21,90.18,90.14,90.10,89.97,89.63,89.23,88.85,88.56,88.48,88.80,89.26,89.72,90.03,90.00,90.00,89.69,88.50,86.02,83.13,80.62,78.95,78.00,76.92,75.48,74.16,73.13,72.47,72.04,71.64,71.15,70.55,69.97,69.68,69.48,69.28,69.01,68.78,68.73,68.84,69.05,69.17,69.23,69.20,69.11,69.15,69.34,69.62,70.29,71.81,73.61,74.81,74.98,74.28,74.28,75.07,76.69,78.68,80.07,81.01,81.90,82.72,83.28,83.37,82.99,82.32,81.42,80.36,78.84,76.86,74.80,73.67,75.64,78.08,83.01,90.12,91.32,92.01,92.81,93.56,93.84,93.73,93.57,93.44,93.36,93.41,93.54,93.67,93.89,94.51,95.20,95.87,96.45,96.81,97.09,97.73,98.41,98.92,99.55,100.08,100.30,100.27,100.21,99.87,99.19,98.35,97.63,97.44,98.03,98.81,99.53,100.11,100.16,99.78,99.05,98.05,97.27,97.36,97.89,98.64,99.73,100.60,101.38,101.97,102.01,101.75,101.47,101.48,102.20,103.67,104.70,105.20,105.17,104.73,102.62,100.54,98.97,97.85,96.50,95.06,93.35,91.34,89.77,88.26,86.68,84.95,83.15,83.00,84.10,85.61,86.77,87.66,88.06,88.30,88.42,88.17,87.67,86.97,86.13,85.23,84.36,83.66,83.05,82.53,82.10,81.82,81.61,81.44,81.32,81.10,80.66,80.13,79.61,79.20,78.92,78.85,79.00,79.11,79.02,78.85,78.63,78.25,77.96,78.04,78.17,78.10,78.02,77.91,77.79,77.70,77.66,77.56,77.26,76.87,76.47,75.81,75.58,75.49,75.31,74.98,74.44,73.80,73.06,72.22,71.44,70.75,70.14,69.79,70.29,70.48,70.35,68.28,60.69,57.07,54.46,52.90,53.70,54.65,55.59,56.40,56.97,57.30
87.90,87.27,86.61,86.18,86.31,85.92,85.28,84.56,83.83,83.28,83.09,83.13,83.26,83.27,83.25,84.12,85.53,87.01,88.85,89.81,90.34,90.69,90.78,90.67,90.51,90.34,90.13,89.95,89.98,90.11,90.22,90.30,90.37,90.41,90.38,90.32,90.31,90.25,90.20,90.15,90.04,89.97,89.91,89.86,89.89,89.99,90.07,90.08,90.02,90.00,89.97,88.98,86.33,83.28,80.75,79.16,78.36,77.53,76.49,75.52,74.70,74.00,73.28,72.63,72.00,71.27,70.31,69.84,69.57,69.32,69.03,68.79,68.86,69.09,69.32,69.47,69.50,69.47,69.37,69.26,69.42,69.68,70.64,73.14,75.70,77.09,77.29,76.38,75.21,75.05,76.13,77.95,79.44,80.60,81.64,82.67,83.67,84.38,84.03,83.19,82.15,80.98,79.50,77.52,75.34,73.97,75.78,78.07,82.92,90.03,91.32,92.21,93.23,94.18,94.62,94.51,94.34,94.25,94.28,94.41,94.56,94.71,94.94,95.47,96.14,96.79,97.43,98.09,98.72,99.33,99.85,100.22,100.49,100.66,100.56,100.25,99.93,99.44,98.72,97.95,97.50,98.04,98.79,99.53,100.14,100.46,100.19,99.64,98.96,98.25,98.03,98.34,98.80,99.30,100.11,100.94,101.78,102.50,102.81,102.80,102.86,103.13,103.79,104.76,105.18,105.29,105.09,104.12,101.15,98.53,96.76,95.47,94.13,92.82,91.45,89.95,88.56,87.08,85.58,84.13,83.08,84.09,85.70,87.38,88.90,89.81,89.97,89.73,89.26,88.79,88.31,87.69,86.91,86.06,85.30,84.68,84.14,83.63,83.23,82.95,82.72,82.52,82.33,81.98,81.42,80.77,80.21,79.86,79.75,79.79,79.92,79.98,79.88,79.65,79.33,78.97,78.72,78.83,78.98,78.91,78.82,78.73,78.61,78.45,78.26,77.91,77.23,76.38,75.54,74.85,74.67,74.76,74.91,74.89,74.51,73.92,73.19,72.37,71.61,71.06,70.69,70.57,70.76,70.73,70.48,68.38,60.81,57.20,54.64,52.97,53.38,54.22,55.14,55.90,56.40,56.72
88.41,88.04,87.91,88.01,88.18,87.82,87.13,86.32,85.57,85.10,84.86,84.95,85.24,85.32,85.60,86.70,88.20,89.46,90.16,90.57,90.92,91.21,91.25,91.13,90.99,90.85,90.69,90.45,90.38,90.39,90.41,90.48,90.56,90.57,90.53,90.50,90.45,90.38,90.33,90.32,90.25,90.19,90.15,90.13,90.13,90.15,90.17,90.14,90.07,90.02,90.00,88.68,85.13,81.71,79.67,78.44,77.62,76.77,75.63,74.64,73.83,73.14,72.42,71.97,71.57,71.06,70.47,69.98,69.62,69.34,69.08,68.84,69.02,69.37,69.62,69.74,69.77,69.70,69.57,69.44,69.52,69.72,70.92,74.28,77.52,79.10,79.19,78.02,76.53,75.38,75.72,77.25,78.77,80.14,81.36,82.55,83.76,84.91,84.62,83.68,82.51,81.29,79.89,77.99,75.86,74.40,75.81,77.72,82.44,89.73,91.05,92.10,93.34,94.56,95.33,95.27,95.16,95.16,95.26,95.41,95.57,95.72,95.94,96.39,97.03,97.71,98.39,99.06,99.63,100.04,100.42,100.75,100.89,100.72,100.34,99.82,99.31,98.77,98.10,97.68,97.96,98.72,99.47,100.13,100.59,100.53,100.17,99.78,99.41,99.17,99.24,99.48,99.80,100.24,100.87,101.55,102.33,103.05,103.33,103.52,103.72,104.03,104.56,105.15,105.38,105.31,104.57,102.02,99.13,96.56,94.44,92.81,91.59,90.58,89.63,88.65,87.48,86.21,84.78,83.66,84.09,85.54,87.23,88.78,89.92,90.62,90.55,90.12,89.62,89.27,88.87,88.37,87.73,86.91,86.30,85.75,85.23,84.76,84.36,84.06,83.83,83.63,83.35,82.86,82.26,81.64,81.11,80.82,80.71,80.69,80.69,80.71,80.59,80.35,80.05,79.78,79.58,79.63,79.71,79.66,79.50,79.36,79.19,78.84,78.01,77.02,76.12,75.26,74.40,73.90,73.82,73.95,74.17,74.36,74.38,74.02,73.34,72.62,72.02,71.66,71.43,71.29,71.20,70.86,70.45,68.30,60.58,57.10,54.63,52.93,53.12,53.77,54.64,55.36,55.77,56.10
89.69,89.51,89.81,90.32,90.50,89.98,89.09,88.13,87.32,86.90,86.63,86.72,87.07,87.34,87.94,89.13,90.42,91.18,91.10,91.19,91.43,91.68,91.67,91.54,91.38,91.20,91.01,90.74,90.62,90.59,90.59,90.65,90.68,90.66,90.59,90.57,90.52,90.47,90.42,90.39,90.34,90.29,90.25,90.22,90.20,90.20,90.19,90.15,90.07,89.94,88.84,86.46,82.86,79.92,78.37,77.41,76.61,75.73,74.52,73.40,72.47,71.76,71.22,70.98,70.79,70.53,70.30,69.91,69.57,69.31,69.09,68.96,69.23,69.77,70.36,70.79,70.77,70.34,69.75,69.59,69.61,69.75,71.09,75.01,78.71,80.50,80.56,79.20,77.62,75.98,75.70,76.79,78.35,79.87,81.28,82.63,84.00,85.38,85.25,84.27,82.92,81.57,80.21,78.43,76.43,74.97,75.72,77.21,80.96,87.03,90.30,91.98,93.36,94.75,95.83,96.03,96.07,96.15,96.30,96.46,96.61,96.77,96.96,97.32,97.95,98.63,99.28,99.84,100.30,100.58,100.85,101.14,101.10,100.70,99.98,99.14,98.70,98.29,97.86,97.80,98.51,99.33,99.97,100.52,100.86,100.67,100.33,100.08,99.98,100.06,100.28,100.45,100.70,101.12,101.67,102.26,102.90,103.47,103.62,103.83,104.14,104.53,104.95,105.38,105.46,105.06,103.72,100.56,97.95,95.47,93.12,91.28,90.14,89.20,88.38,87.56,86.51,85.42,84.44,84.06,85.35,86.89,88.50,89.88,90.73,91.13,90.79,90.22,89.72,89.42,89.07,88.68,88.17,87.45,87.05,86.66,86.27,85.89,85.50,85.18,84.91,84.64,84.22,83.67,83.09,82.53,82.04,81.79,81.66,81.57,81.50,81.43,81.29,81.05,80.75,80.48,80.31,80.27,80.27,80.21,79.99,79.78,79.40,78.61,77.18,75.75,74.81,74.09,73.26,72.95,72.97,73.12,73.36,73.65,73.91,73.81,73.38,72.84,72.35,72.03,71.77,71.51,71.25,70.77,69.19,65.70,59.66,56.77,54.52,52.91,53.02,53.54,54.30,54.97,55.39,55.79
91.94,91.86,92.37,93.09,93.31,92.48,91.27,90.10,89.27,88.86,88.62,88.60,88.87,89.42,90.23,91.29,92.09,92.12,91.88,91.86,91.97,92.08,92.01,91.87,91.68,91.47,91.25,91.02,90.85,90.77,90.76,90.77,90.72,90.65,90.57,90.51,90.49,90.48,90.45,90.40,90.38,90.37,90.34,90.27,90.21,90.20,90.16,90.06,89.84,89.40,86.18,82.25,79.67,78.17,77.02,76.15,75.45,74.59,73.42,72.14,70.99,70.28,70.05,69.95,69.88,69.83,69.79,69.62,69.44,69.25,69.06,69.14,69.56,70.41,71.68,72.78,72.66,71.49,69.97,69.72,69.69,69.82,71.20,75.28,79.19,81.23,81.38,79.91,78.36,76.80,76.14,76.63,78.24,79.84,81.43,82.97,84.42,85.87,85.98,85.06,83.49,81.93,80.52,78.85,77.06,75.68,75.51,76.61,78.51,81.90,89.10,91.91,93.33,94.76,96.15,96.79,97.05,97.20,97.35,97.51,97.67,97.83,98.01,98.28,98.88,99.53,100.07,100.43,100.82,101.05,101.27,101.46,101.16,100.67,99.60,98.37,98.24,98.08,98.06,98.36,99.07,99.83,100.28,100.66,100.97,100.95,100.70,100.55,100.59,100.79,101.03,101.21,101.47,101.88,102.44,102.97,103.40,103.66,103.62,103.64,104.05,104.59,104.98,105.50,105.44,104.51,102.62,100.14,97.88,95.47,93.08,91.25,90.04,88.92,87.82,86.78,85.70,84.74,84.60,85.39,86.69,88.04,89.44,90.70,91.47,91.47,90.84,90.12,89.55,89.16,88.83,88.51,88.11,87.58,87.38,87.24,87.09,86.87,86.51,86.19,85.87,85.46,84.87,84.38,83.91,83.41,82.93,82.73,82.57,82.44,82.34,82.14,81.97,81.72,81.41,81.07,80.87,80.73,80.61,80.51,80.30,80.02,79.19,77.69,75.80,74.25,73.46,72.93,72.14,72.02,72.11,72.30,72.53,72.78,73.06,73.23,73.22,72.96,72.48,72.02,71.58,71.07,70.47,70.01,66.42,60.47,58.02,56.21,54.31,52.95,53.17,53.62,54.23,54.82,55.34,55.92
95.03,95.02,95.46,96.08,96.29,95.34,94.17,93.37,93.20,93.07,93.03,92.66,92.19,92.49,92.45,92.70,92.95,92.74,92.52,92.36,92.19,92.00,91.75,91.58,91.43,91.28,91.14,91.03,90.90,90.78,90.74,90.69,90.59,90.49,90.43,90.40,90.39,90.36,90.32,90.29,90.29,90.29,90.25,90.19,90.15,90.14,90.11,89.65,87.95,85.10,82.08,79.52,77.80,76.66,75.70,74.88,74.14,73.42,72.28,71.17,70.30,69.89,69.81,69.75,69.68,69.64,69.59,69.50,69.36,69.22,69.16,69.38,70.40,71.95,73.68,74.91,74.61,72.97,70.76,69.96,69.81,70.27,71.94,75.71,79.44,81.73,82.06,80.50,78.92,77.44,76.55,76.66,78.27,79.89,81.51,83.09,84.62,86.19,86.74,86.10,84.52,82.91,80.99,79.20,77.61,76.28,75.70,76.60,78.02,80.73,88.67,91.68,93.22,94.97,96.99,97.56,97.76,97.93,98.13,98.32,98.52,98.74,98.97,99.22,99.69,100.17,100.59,100.95,101.33,101.53,101.63,101.63,101.28,100.81,100.04,99.18,98.72,98.08,98.15,98.78,99.59,100.14,100.50,100.82,101.13,101.29,101.14,101.07,101.17,101.41,101.72,101.95,102.24,102.62,102.78,102.90,102.94,102.84,102.58,102.53,102.88,103.54,104.35,105.12,105.08,104.16,102.36,100.14,98.17,96.15,94.13,92.35,90.80,89.39,88.09,86.92,85.73,85.03,85.26,86.30,87.57,88.91,90.27,91.46,92.10,91.49,90.58,89.73,89.05,88.61,88.28,87.94,87.52,86.93,86.59,86.44,86.34,86.17,85.92,85.69,85.51,85.35,85.10,84.92,84.62,84.24,83.86,83.63,83.38,83.12,82.91,82.68,82.41,82.18,81.96,81.62,81.33,81.08,80.84,80.63,80.41,80.11,78.89,76.69,74.41,72.75,71.97,71.58,71.09,71.09,71.26,71.47,71.70,71.94,72.23,72.41,72.39,72.09,71.66,71.26,70.87,69.79,65.72,64.34,62.18,58.72,57.14,55.61,53.97,53.02,53.75,54.33,54.92,55.44,55.84,56.41
98.03,98.05,98.30,98.68,98.82,97.91,96.70,95.87,95.66,95.27,95.09,94.38,93.48,93.75,93.29,93.09,93.08,92.92,92.77,92.50,92.13,91.70,91.33,91.13,91.02,90.95,90.91,90.90,90.82,90.72,90.64,90.56,90.43,90.32,90.26,90.24,90.24,90.21,90.16,90.16,90.16,90.16,90.13,90.08,90.06,89.74,88.92,87.45,84.90,80.81,78.58,77.44,76.30,75.20,74.33,73.53,72.78,72.22,71.35,70.62,70.14,69.93,69.84,69.78,69.72,69.66,69.59,69.50,69.38,69.28,69.31,69.61,71.27,73.62,75.83,77.11,76.78,74.93,72.24,70.66,70.28,71.11,73.12,76.39,79.66,82.13,82.77,81.27,79.55,78.09,77.02,76.77,78.28,79.85,81.53,83.23,84.86,86.58,87.54,87.24,85.72,83.94,81.40,79.41,78.00,76.77,75.98,76.70,77.98,80.42,87.72,91.31,93.49,95.61,97.92,98.31,98.40,98.57,98.79,99.00,99.24,99.53,99.86,100.12,100.49,100.82,101.13,101.47,101.82,101.96,101.91,101.72,101.33,100.89,100.48,100.00,99.18,98.05,98.06,98.85,99.75,100.20,100.55,100.87,101.18,101.48,101.48,101.51,101.64,101.86,102.15,102.37,102.63,102.88,102.68,102.42,102.14,101.81,101.37,101.15,101.41,102.16,103.32,104.19,104.14,103.33,101.83,99.83,98.01,96.29,94.63,92.98,91.26,89.74,88.41,87.17,85.94,85.58,86.05,87.13,88.34,89.69,91.05,92.15,92.48,91.34,90.25,89.31,88.52,87.99,87.63,87.27,86.80,86.11,85.56,85.31,85.18,85.04,84.88,84.74,84.70,84.79,84.88,84.97,84.81,84.52,84.23,83.98,83.63,83.28,82.99,82.79,82.48,82.28,82.13,81.81,81.45,81.14,80.87,80.61,80.37,79.84,78.21,75.51,72.81,70.03,68.77,68.49,68.30,68.39,68.59,68.97,69.72,70.91,71.39,71.50,71.13,69.77,68.92,68.48,68.19,66.91,61.19,59.38,58.79,57.88,56.54,55.12,53.73,53.20,54.44,55.20,55.82,56.26,56.53,57.01
100.36,100.31,100.27,100.25,100.17,99.61,97.98,95.84,93.65,91.57,90.33,89.48,89.21,90.30,90.98,91.56,92.04,92.30,92.20,91.93,91.58,91.19,90.88,90.69,90.58,90.53,90.58,90.59,90.57,90.52,90.45,90.37,90.28,90.20,90.12,90.06,90.05,90.04,90.03,90.03,90.03,90.03,90.03,90.02,89.94,88.56,85.16,81.30,80.15,78.65,77.24,76.00,74.89,73.76,72.80,72.02,71.40,70.95,70.90,70.91,70.76,70.31,69.97,69.87,69.89,69.91,69.84,69.71,69.60,69.53,69.56,69.78,71.91,75.04,77.94,79.42,79.43,77.83,74.98,72.42,71.57,72.69,75.00,77.56,79.93,82.44,83.58,82.48,80.40,78.89,77.63,77.00,78.20,79.59,81.48,83.49,85.30,87.17,88.44,88.45,87.05,84.71,81.58,79.35,78.02,77.04,76.25,76.78,77.88,79.81,85.16,90.68,94.68,97.13,98.73,99.01,99.06,99.18,99.35,99.52,99.78,100.15,100.56,100.93,101.31,101.61,101.85,102.05,102.30,102.30,102.07,101.67,101.22,100.81,100.42,99.92,99.05,97.84,97.62,98.20,99.10,99.82,100.27,100.61,100.94,101.30,101.55,101.73,101.88,102.02,102.05,102.08,102.11,102.07,101.80,101.45,101.16,100.86,100.37,99.65,99.83,100.67,101.70,102.30,102.07,101.34,100.18,98.54,96.59,94.83,93.29,91.85,90.50,89.41,88.36,87.20,86.11,86.12,86.86,87.99,89.12,90.41,91.81,92.72,92.36,91.00,89.86,88.93,88.10,87.40,86.95,86.58,86.09,85.33,84.61,84.20,84.00,83.90,83.75,83.59,83.59,83.72,83.86,83.95,83.83,83.58,83.33,83.04,82.68,82.33,82.07,82.01,81.84,81.68,81.50,81.18,80.86,80.63,80.48,80.34,80.09,78.83,76.69,73.95,70.76,64.50,61.66,61.52,61.49,61.56,61.71,62.62,65.05,69.38,70.48,70.53,69.25,64.64,62.28,61.48,61.23,60.79,59.42,58.86,58.20,57.15,56.16,54.89,53.77,53.61,55.13,56.09,56.74,57.12,57.33,57.67
101.87,101.58,101.22,100.83,100.36,99.14,96.74,93.88,91.11,88.72,87.31,86.53,86.52,87.89,89.14,90.33,91.28,91.63,91.57,91.31,90.97,90.52,89.82,89.41,89.49,89.89,90.22,90.31,90.34,90.33,90.25,90.17,89.82,89.19,88.47,88.08,87.86,87.41,86.80,86.32,86.07,85.83,85.56,85.30,85.06,83.99,81.53,78.76,77.92,77.11,76.08,74.89,73.65,72.50,72.09,71.91,71.81,71.89,72.25,72.75,73.04,72.78,72.54,72.42,72.26,71.86,71.01,70.23,69.82,69.80,70.20,71.77,74.73,77.95,80.32,81.50,80.77,78.84,76.23,73.78,72.82,73.81,75.88,77.96,80.01,82.55,84.21,83.89,81.69,79.81,78.36,77.58,78.21,79.47,81.42,83.58,85.62,87.72,89.38,89.73,88.38,85.53,81.99,79.63,78.36,77.48,76.73,77.02,77.86,79.32,82.77,90.41,96.23,98.87,99.74,99.85,99.92,100.06,100.25,100.43,100.71,101.09,101.52,101.85,102.20,102.48,102.66,102.68,102.55,102.24,101.84,101.37,100.91,100.51,100.01,99.37,98.51,97.31,96.99,97.47,98.37,99.16,99.77,100.25,100.62,100.94,101.22,101.42,101.56,101.62,101.53,101.49,101.44,101.26,100.95,100.34,99.51,98.54,97.52,96.90,97.27,98.25,99.29,99.88,99.51,98.72,97.69,96.30,94.69,93.09,91.70,90.70,89.74,88.93,88.08,87.14,86.55,86.84,87.63,88.70,89.88,91.28,92.70,93.33,92.29,90.81,89.59,88.58,87.72,86.95,86.37,85.88,85.34,84.57,83.83,83.24,82.88,82.76,82.60,82.48,82.50,82.65,82.80,82.89,82.80,82.59,82.35,82.09,81.75,81.45,81.26,81.25,81.17,81.06,80.86,80.55,80.17,79.88,79.63,79.34,78.73,76.97,74.64,71.43,66.09,61.45,59.59,59.45,59.43,59.50,59.60,60.21,61.82,64.69,65.40,65.39,64.51,61.42,59.79,59.18,58.95,58.71,58.45,58.21,57.69,56.82,55.81,54.61,53.80,53.95,55.59,56.89,57.63,58.02,58.22,58.42
102.55,102.05,101.46,100.73,99.67,97.45,94.35,91.13,88.33,86.10,84.84,84.19,84.24,85.50,86.82,88.61,90.25,90.91,90.94,90.54,89.89,88.99,87.76,87.11,87.34,88.10,88.66,88.92,89.34,89.68,89.67,89.47,88.66,87.33,85.89,85.18,84.76,83.88,82.74,81.81,81.29,80.83,80.31,79.78,79.41,79.00,78.40,77.62,76.73,75.86,74.97,73.89,72.59,71.71,72.02,72.55,73.00,73.64,74.22,75.08,75.85,76.01,76.04,75.89,75.44,74.50,72.84,71.38,70.67,70.73,71.66,74.68,78.27,81.25,82.78,83.07,81.31,79.03,76.87,74.89,73.98,74.72,76.41,78.15,80.11,82.66,84.80,85.35,83.16,80.89,79.19,78.23,78.31,79.49,81.48,83.77,86.05,88.38,90.46,91.07,89.66,86.45,82.67,80.16,78.82,78.00,77.29,77.34,77.92,78.98,80.94,90.42,97.73,100.44,100.79,100.81,100.90,101.09,101.32,101.53,101.82,102.19,102.59,102.85,103.10,103.27,103.31,103.11,102.60,102.01,101.47,100.98,100.52,100.08,99.44,98.62,97.80,96.65,96.30,96.71,97.60,98.40,99.13,99.69,100.08,100.44,100.72,100.91,101.01,101.00,100.87,100.75,100.55,100.16,99.63,98.58,97.13,95.48,94.09,93.77,94.34,95.38,96.43,97.03,96.60,95.77,94.81,93.68,92.60,91.36,90.20,89.64,89.05,88.41,87.73,87.09,87.04,87.55,88.35,89.37,90.65,92.18,93.58,93.92,92.35,90.81,89.49,88.37,87.45,86.64,85.88,85.23,84.60,83.83,83.11,82.37,81.82,81.62,81.47,81.38,81.42,81.59,81.73,81.82,81.75,81.58,81.33,81.07,80.75,80.49,80.37,80.35,80.34,80.25,80.08,79.75,79.29,78.86,78.48,78.00,76.99,74.95,72.16,68.00,61.37,59.75,59.44,59.26,59.19,59.24,59.32,59.43,59.61,59.91,59.98,59.94,59.77,59.36,58.98,58.69,58.44,58.19,57.84,57.55,57.19,56.59,55.51,54.35,53.91,54.45,56.11,57.66,58.54,59.05,59.33,59.48
101.31,100.93,100.43,99.45,97.36,94.23,91.16,88.23,85.41,83.11,81.95,81.38,81.23,81.62,82.04,84.48,87.80,90.02,90.33,89.22,87.12,84.53,82.80,82.16,82.08,82.26,82.57,83.30,85.39,87.28,87.60,86.88,85.27,83.46,81.96,81.35,81.02,80.58,80.03,79.50,79.03,78.72,78.37,77.95,77.62,77.38,77.06,76.57,75.79,74.86,73.86,72.82,72.02,72.46,73.21,73.92,74.55,75.25,75.95,77.08,78.29,79.06,79.58,79.32,78.49,77.24,75.81,74.47,73.85,74.14,75.59,78.45,81.39,83.88,85.06,83.01,80.72,78.84,77.29,75.59,74.83,75.53,77.06,78.65,80.55,83.09,85.52,86.68,84.70,82.37,80.22,78.67,78.63,79.83,82.01,84.57,87.09,89.63,92.05,92.60,90.75,87.67,84.02,81.12,79.29,78.56,77.86,77.73,78.15,79.13,80.97,91.03,98.52,101.06,101.75,101.95,102.15,102.41,102.62,102.75,103.02,103.34,103.68,103.95,103.98,103.72,103.25,102.73,102.22,101.67,101.11,100.55,100.07,99.45,98.69,97.85,97.05,95.98,95.64,95.98,96.80,97.62,98.20,98.53,98.83,99.71,100.17,100.38,100.45,100.43,100.30,99.82,99.07,97.99,96.43,94.63,92.92,91.62,91.15,91.06,91.38,92.09,93.06,93.33,93.07,92.46,91.64,91.02,90.55,90.00,89.41,88.99,88.59,87.96,87.41,87.20,87.34,88.04,88.95,90.03,91.44,92.93,94.14,94.32,92.77,91.27,89.89,88.67,87.64,86.64,85.62,84.70,83.89,83.13,82.37,81.60,80.92,80.45,80.32,80.28,80.37,80.56,80.72,80.76,80.70,80.54,80.24,79.85,79.40,79.09,79.00,78.94,78.88,78.83,78.72,78.38,77.80,77.29,76.87,76.39,75.44,73.51,68.77,62.53,60.13,59.53,59.31,59.09,58.94,58.99,59.06,59.14,59.23,59.32,59.34,59.26,59.11,58.87,58.62,58.27,57.93,57.70,57.42,57.01,56.63,56.21,55.33,54.22,54.41,55.64,57.18,58.45,59.55,60.49,61.19,61.52
98.47,97.71,96.80,95.37,93.05,90.08,87.28,84.77,82.61,81.06,80.31,79.95,79.80,79.79,79.79,81.57,84.23,86.15,86.56,85.53,83.59,81.29,79.89,79.38,79.18,79.08,79.24,79.94,81.89,83.68,84.07,83.44,82.09,80.66,79.55,79.12,78.85,78.62,78.36,78.02,77.50,77.16,76.81,76.40,76.09,75.91,75.69,75.37,74.78,73.93,72.97,72.40,72.68,73.54,74.52,75.34,75.98,76.67,77.56,79.22,81.11,82.39,83.19,83.00,82.11,80.70,79.25,78.07,77.66,78.24,80.20,82.98,85.17,86.51,86.31,82.66,80.20,78.64,77.42,76.13,75.77,76.51,77.85,79.33,81.50,84.21,86.71,88.07,86.72,84.18,81.35,79.11,78.85,79.85,82.10,84.97,88.01,91.00,93.63,94.27,92.38,89.01,85.54,82.30,79.86,78.97,78.25,78.12,78.49,79.83,83.83,92.72,99.06,101.48,102.50,102.98,103.35,103.67,103.91,104.03,104.25,104.44,104.50,104.38,104.02,103.46,102.80,102.11,101.61,101.11,100.58,100.01,99.43,98.70,97.91,97.09,96.27,95.30,94.95,95.24,95.97,96.57,96.64,96.55,96.64,97.32,97.68,97.95,98.18,98.26,98.11,97.45,96.39,94.99,93.26,91.77,90.60,89.87,89.83,89.83,89.95,90.31,90.91,90.98,90.85,90.50,89.98,89.66,89.44,89.17,88.83,88.44,88.19,87.76,87.44,87.49,87.72,88.52,89.54,90.72,92.21,93.68,94.67,94.63,93.07,91.56,90.08,88.77,87.67,86.62,85.55,84.54,83.62,82.78,81.93,81.08,80.23,79.49,79.21,79.11,79.18,79.35,79.39,79.40,79.36,79.15,78.68,78.21,77.61,77.19,77.09,77.02,77.03,77.09,77.08,76.77,76.26,75.72,75.25,74.75,73.86,71.50,66.18,60.00,59.63,59.42,59.19,58.95,58.76,58.75,58.81,58.89,58.97,59.04,59.03,58.92,58.72,58.50,58.27,57.93,57.59,57.29,56.95,56.56,56.18,55.75,55.11,54.08,54.91,56.90,58.56,60.11,61.61,62.98,64.08,64.64
94.18,92.66,91.07,89.28,87.42,85.45,83.19,81.26,80.19,79.86,79.70,79.62,79.60,79.60,79.60,79.91,80.36,80.71,81.04,80.64,79.98,79.34,78.76,78.43,78.23,78.13,78.24,78.58,79.13,79.67,79.93,79.80,79.41,78.89,78.39,78.13,77.90,77.66,77.41,77.05,76.43,75.91,75.41,74.94,74.67,74.49,74.33,74.12,73.77,73.23,72.57,72.78,74.35,74.94,75.91,76.76,77.33,78.05,79.34,81.73,84.35,85.92,86.77,86.80,86.09,84.72,83.12,82.10,81.95,82.81,85.06,87.73,89.11,88.88,86.62,82.12,79.80,78.45,77.38,76.62,76.81,77.64,78.86,80.48,83.17,86.01,88.32,89.53,89.05,86.34,82.73,79.63,79.03,79.65,81.92,85.18,88.87,92.42,95.22,96.13,94.55,90.68,87.15,83.49,80.42,79.25,78.51,78.52,78.97,80.96,88.24,94.88,99.34,101.75,103.02,103.88,104.44,104.84,105.13,105.27,105.36,105.28,104.94,104.20,103.37,102.69,102.07,101.36,100.86,100.38,99.90,99.37,98.63,97.86,97.09,96.30,95.47,94.62,94.25,94.44,95.05,95.17,94.56,94.02,93.85,93.83,93.90,94.24,94.70,94.90,94.75,94.10,93.05,91.73,90.53,90.08,89.89,89.78,89.71,89.70,89.72,89.76,89.83,89.83,89.77,89.65,89.50,89.31,89.06,88.77,88.45,88.08,87.95,87.84,87.80,87.94,88.18,89.00,90.12,91.43,92.95,94.43,95.19,94.86,93.26,91.72,90.13,88.74,87.67,86.66,85.70,84.72,83.74,82.80,81.81,80.82,79.80,78.85,78.30,78.00,77.92,77.94,77.82,77.80,77.75,77.46,76.76,76.25,75.52,74.97,74.82,74.78,74.93,75.14,75.23,75.00,74.70,74.20,73.66,73.07,71.91,68.75,64.13,59.81,59.50,59.28,59.05,58.82,58.62,58.52,58.56,58.63,58.72,58.78,58.73,58.57,58.34,58.12,57.88,57.64,57.35,56.96,56.47,56.19,55.81,55.28,54.86,53.92,55.39,58.19,60.23,62.45,64.44,66.15,67.47,68.19
87.84,85.76,84.38,83.39,82.58,81.78,80.85,80.03,79.58,79.47,79.43,79.41,79.41,79.41,79.41,79.48,79.57,79.66,79.75,79.41,78.97,78.55,78.05,77.61,77.31,77.18,77.29,77.60,77.92,78.20,78.40,78.34,78.09,77.73,77.36,77.12,76.89,76.66,76.40,76.06,75.53,74.84,74.20,73.81,73.85,73.74,73.59,73.42,73.29,73.74,74.20,75.07,76.53,77.12,77.66,78.21,78.83,79.89,82.67,85.78,88.23,89.25,89.88,89.98,89.63,88.85,87.79,87.08,87.08,87.80,89.13,90.55,90.84,89.46,85.93,81.31,79.32,78.29,77.50,77.35,77.86,78.83,80.62,83.80,86.89,88.95,90.33,91.12,90.96,89.16,85.16,80.66,79.49,79.72,82.38,86.23,90.11,93.77,97.03,98.56,97.52,93.80,88.73,83.91,80.44,79.40,78.83,78.93,79.76,82.39,89.51,95.08,99.04,101.73,103.26,104.52,105.25,105.70,106.03,106.03,105.52,104.89,104.27,103.43,102.59,101.91,101.30,100.69,100.16,99.62,99.08,98.51,97.71,96.89,96.14,95.45,94.70,93.90,93.53,93.50,93.53,93.00,92.08,91.47,91.35,91.30,91.30,91.45,91.65,91.74,91.68,91.41,90.97,90.39,89.89,89.75,89.72,89.66,89.59,89.58,89.58,89.56,89.51,89.41,89.37,89.29,89.15,88.95,88.78,88.65,88.54,88.48,88.48,88.47,88.45,88.50,88.69,89.50,90.73,92.17,93.67,95.18,95.68,95.07,93.50,91.95,90.35,89.11,88.30,87.35,86.42,85.43,84.37,83.30,82.24,81.16,80.10,79.16,78.40,77.59,76.84,76.29,76.13,76.11,76.06,75.74,74.95,74.32,73.53,72.88,72.59,72.68,72.89,73.09,73.21,73.12,73.01,72.65,72.15,71.11,67.89,64.28,61.34,59.59,59.33,59.10,58.87,58.66,58.47,58.30,58.30,58.38,58.46,58.52,58.40,58.20,57.97,57.73,57.50,57.27,57.02,56.70,56.27,55.86,55.43,54.96,54.48,53.71,55.80,59.49,62.36,65.05,67.22,68.68,69.35,69.70
83.13,81.30,80.37,80.05,79.95,79.80,79.69,79.56,79.39,79.25,79.22,79.22,79.22,79.20,79.19,79.25,79.31,79.34,79.25,78.88,78.44,78.02,77.51,76.94,76.55,76.39,76.44,76.67,76.93,77.16,77.32,77.25,77.02,76.70,76.37,76.13,75.90,75.66,75.39,75.06,74.63,74.10,73.72,73.67,73.96,74.01,73.93,73.83,74.00,75.44,76.79,77.99,79.12,79.81,80.13,80.57,81.42,83.03,86.35,89.42,91.45,92.12,92.61,92.77,92.71,92.43,91.77,91.26,91.31,91.82,92.33,92.27,91.47,89.09,84.59,80.57,79.01,78.22,77.68,78.00,78.68,80.02,82.61,86.96,90.01,91.43,92.19,92.69,92.70,91.38,87.49,82.55,80.51,80.48,83.37,87.65,91.90,95.75,98.76,100.23,99.63,96.56,90.44,84.77,80.94,79.67,79.24,79.49,80.89,84.30,90.31,95.06,98.78,101.61,103.33,104.94,105.90,106.41,106.56,106.14,105.12,104.12,103.34,102.52,101.75,101.07,100.44,99.85,99.35,98.81,98.24,97.65,96.84,95.94,95.17,94.53,93.95,93.32,92.92,92.60,92.12,91.28,90.43,89.95,89.90,89.88,89.88,89.88,89.88,89.88,89.88,89.86,89.83,89.76,89.69,89.67,89.65,89.61,89.56,89.54,89.51,89.48,89.41,89.28,89.24,89.17,89.02,88.84,88.77,88.78,88.85,89.00,89.13,89.24,89.25,89.12,89.21,90.06,91.35,92.84,94.32,95.85,96.16,95.35,93.82,92.34,90.89,89.82,89.14,88.27,87.33,86.31,85.21,84.05,82.91,81.78,80.73,79.79,78.91,77.81,76.67,75.71,75.21,74.83,74.49,74.00,73.17,72.44,71.65,70.91,70.39,70.41,70.62,70.84,70.93,70.73,70.53,70.07,69.17,67.35,63.80,60.92,59.52,59.35,59.14,58.93,58.71,58.49,58.31,58.09,58.07,58.13,58.20,58.22,58.05,57.81,57.59,57.36,57.12,56.89,56.66,56.41,56.07,55.61,55.15,54.71,54.21,54.01,56.74,61.05,64.52,67.36,69.25,70.25,70.45,70.52
81.33,80.82,80.48,80.32,80.32,80.02,79.81,79.62,79.38,79.11,79.04,79.03,79.01,78.95,78.94,78.99,79.04,79.02,78.83,78.44,77.98,77.53,77.11,76.44,76.03,75.88,75.77,75.73,75.92,76.16,76.27,76.15,75.98,75.75,75.47,75.24,75.02,74.75,74.46,74.14,73.78,73.87,74.28,74.84,75.22,75.56,75.66,75.69,76.30,78.56,80.25,81.33,82.17,83.03,83.52,84.20,85.52,87.81,90.11,92.06,93.53,94.37,94.89,95.12,95.24,95.19,94.56,94.05,93.98,94.25,94.32,92.78,90.94,87.71,82.58,79.97,78.93,78.29,77.92,78.45,79.13,81.14,84.66,89.27,91.72,92.95,93.72,94.24,94.32,92.60,89.42,85.49,82.26,82.13,84.94,89.37,94.33,98.57,100.25,100.68,100.28,98.38,92.30,86.47,82.26,80.19,79.88,80.35,82.48,86.75,91.20,95.25,98.72,101.45,103.24,105.09,106.41,106.98,106.59,105.45,104.17,103.11,102.33,101.56,100.84,100.14,99.44,98.75,98.36,97.92,97.41,96.83,96.07,95.11,94.25,93.63,93.34,93.05,92.59,91.95,91.12,90.47,90.08,89.91,89.89,89.83,89.81,89.81,89.81,89.81,89.81,89.77,89.72,89.70,89.64,89.62,89.65,89.69,89.67,89.62,89.55,89.51,89.49,89.41,89.34,89.26,89.17,89.08,89.11,89.23,89.40,89.62,89.86,90.20,90.27,89.89,89.81,90.71,92.00,93.42,94.89,96.42,96.64,95.75,94.26,92.96,91.88,90.95,90.14,89.33,88.37,87.32,86.22,85.04,83.78,82.67,81.66,80.69,79.77,78.77,77.76,76.72,75.45,74.24,73.23,72.34,71.48,70.68,69.95,69.14,68.31,67.94,68.06,68.29,68.29,67.62,66.94,66.03,64.18,61.36,60.30,59.64,59.27,59.11,58.95,58.79,58.58,58.35,58.13,57.90,57.84,57.88,57.93,57.86,57.67,57.44,57.20,56.97,56.74,56.51,56.28,56.04,55.79,55.42,55.00,54.53,54.12,55.05,58.42,62.92,66.57,69.16,70.22,70.63,70.82,70.86
81.09,80.93,80.98,81.18,81.22,80.80,80.37,79.97,79.60,79.32,79.07,78.89,78.78,78.70,78.69,78.71,78.74,78.69,78.41,77.99,77.52,77.09,76.73,76.30,76.02,75.87,75.71,75.55,75.60,75.69,75.65,75.51,75.48,75.52,75.55,75.48,75.41,75.32,75.17,74.93,74.88,75.03,75.44,76.04,76.45,76.90,77.20,77.70,79.33,82.00,83.67,84.56,85.16,85.95,86.68,87.65,89.10,91.22,92.88,94.26,95.51,96.63,97.21,97.52,97.72,97.75,97.26,96.78,96.01,94.93,93.65,91.77,88.42,84.39,80.86,79.45,78.78,78.39,78.31,78.69,79.29,81.24,84.96,90.22,92.82,94.37,95.40,95.98,96.14,94.33,91.18,87.35,83.95,83.72,86.32,90.74,95.99,99.63,100.94,101.10,100.55,98.97,93.53,88.27,84.19,81.58,81.77,82.74,84.69,88.00,91.91,95.67,98.96,101.64,103.51,105.39,106.84,107.27,106.20,104.77,103.33,102.14,101.29,100.59,99.86,99.08,98.32,97.74,97.36,96.93,96.47,95.98,95.40,95.06,94.82,94.68,94.71,94.52,94.33,93.75,92.39,91.15,90.29,89.90,89.89,89.81,89.80,89.80,89.80,89.80,89.80,89.75,89.70,89.70,89.70,89.70,89.75,89.79,89.76,89.72,89.69,89.67,89.69,89.63,89.58,89.53,89.44,89.34,89.45,89.95,90.82,91.93,92.88,93.32,93.08,92.15,91.33,91.72,92.77,94.14,95.56,97.02,97.22,96.44,95.28,94.19,93.26,92.39,91.51,90.53,89.41,88.24,87.05,85.83,84.66,83.61,82.63,81.71,81.00,80.00,78.95,77.87,76.55,75.33,74.15,72.91,71.50,70.19,69.36,68.60,67.80,67.26,66.59,65.74,64.85,64.10,63.23,62.46,61.30,59.66,59.29,59.14,59.03,58.91,58.76,58.60,58.40,58.18,57.98,57.76,57.64,57.62,57.65,57.51,57.29,57.06,56.83,56.59,56.36,56.13,55.89,55.66,55.44,55.14,54.80,54.38,54.08,56.09,59.72,64.03,67.93,69.89,70.64,70.96,71.16,71.26
81.38,81.39,81.75,82.24,82.29,81.77,81.16,80.56,80.07,79.76,79.30,78.92,78.69,78.55,78.47,78.43,78.42,78.35,77.99,77.57,77.15,76.77,76.48,76.30,76.16,76.03,75.89,75.72,75.66,75.61,75.47,75.39,75.53,75.88,76.28,76.43,76.53,76.61,76.57,76.39,76.59,76.63,76.81,77.27,77.66,78.15,78.84,80.19,82.92,85.56,87.03,87.72,88.12,88.79,89.71,90.88,92.34,94.12,95.49,96.55,97.59,98.79,99.36,99.70,99.92,99.93,99.47,98.70,96.98,94.51,91.99,89.49,85.18,81.18,79.57,79.11,78.74,78.62,78.77,78.91,79.38,81.10,84.75,90.53,93.48,95.58,97.05,97.77,97.98,96.23,92.90,88.81,85.49,85.14,87.56,91.98,97.34,100.18,101.41,101.52,100.71,99.15,94.35,89.71,85.94,83.22,83.84,85.20,86.80,89.05,93.10,96.65,99.61,102.05,103.93,105.78,107.19,107.35,105.62,103.97,102.42,101.18,100.31,99.68,99.01,98.27,97.59,97.16,96.78,96.29,95.83,95.44,95.09,95.41,95.83,96.19,96.49,96.45,96.58,96.19,94.49,92.49,90.78,89.91,89.89,89.81,89.80,89.81,89.81,89.81,89.81,89.77,89.73,89.74,89.81,90.07,90.38,90.55,90.26,89.94,89.88,90.06,90.36,90.40,90.34,90.13,89.80,89.66,90.12,91.27,92.99,94.98,96.48,96.84,96.21,94.75,93.22,92.96,93.64,94.89,96.26,97.65,97.90,97.34,96.53,95.63,94.76,93.90,92.96,91.82,90.48,89.14,87.84,86.61,85.57,84.59,83.67,82.89,82.37,81.37,80.26,79.18,78.03,77.02,75.79,74.26,72.41,70.66,69.73,69.07,68.40,67.80,66.54,64.76,62.87,61.43,60.36,59.84,59.54,59.25,59.01,58.88,58.80,58.70,58.55,58.39,58.20,58.00,57.83,57.61,57.43,57.36,57.35,57.14,56.91,56.68,56.45,56.22,55.98,55.75,55.52,55.28,55.06,54.83,54.56,54.24,54.13,56.96,60.69,64.74,68.77,70.22,70.84,71.22,71.49,71.66
81.99,82.40,82.96,83.42,83.38,82.85,82.23,81.65,81.11,80.63,79.97,79.44,79.08,78.69,78.32,78.14,78.08,77.97,77.56,77.24,76.99,76.78,76.59,76.43,76.34,76.31,76.28,76.29,76.30,76.26,76.21,76.35,76.73,77.37,78.11,78.54,78.73,78.79,78.71,78.46,78.43,78.29,78.29,78.54,78.86,79.26,80.94,83.95,87.52,89.27,90.23,90.75,90.99,91.70,92.55,93.62,94.98,96.70,98.42,99.44,100.07,100.72,100.96,101.19,101.32,101.14,100.30,98.25,95.39,92.32,89.60,84.69,81.44,79.84,79.30,79.17,79.13,79.19,79.31,79.30,79.50,81.01,84.48,90.10,93.37,96.24,98.46,99.56,99.73,98.22,94.63,89.96,86.66,86.11,88.55,93.09,98.44,100.67,101.88,101.98,100.92,99.15,94.51,90.03,86.65,84.89,85.44,86.66,88.11,90.48,95.85,99.11,101.18,102.83,104.53,106.36,107.39,107.00,104.85,102.80,101.23,100.17,99.54,98.94,98.55,98.29,98.06,97.72,97.39,96.75,96.14,95.82,95.78,96.28,96.88,97.42,97.91,98.30,98.67,98.53,97.18,94.57,91.61,89.95,89.89,89.81,89.80,89.84,89.88,89.88,89.88,89.87,89.86,89.86,89.92,91.12,92.51,93.18,92.00,90.47,90.19,90.99,92.26,92.67,92.47,91.56,90.28,90.13,91.77,94.14,96.67,98.82,99.88,99.73,98.75,97.14,95.39,94.56,94.71,95.65,96.97,98.35,98.84,98.61,97.97,97.14,96.28,95.35,94.31,93.25,91.69,90.05,88.59,87.53,86.52,85.64,84.94,84.44,83.90,82.89,81.83,80.89,80.02,79.09,77.77,76.17,74.50,72.96,72.05,71.46,70.98,70.43,69.72,68.36,65.79,61.56,60.09,59.62,59.37,59.11,58.83,58.65,58.55,58.45,58.30,58.14,57.98,57.80,57.58,57.41,57.21,57.06,56.98,56.76,56.53,56.30,56.06,55.84,55.60,55.37,55.13,54.91,54.68,54.45,54.20,54.04,54.40,57.25,60.94,64.90,68.70,70.25,70.87,71.33,71.80,71.97
82.96,83.57,84.21,84.63,84.47,83.92,83.35,82.82,82.33,81.90,81.19,80.53,79.99,79.40,78.86,78.49,78.21,77.91,77.47,77.17,76.99,76.87,76.76,76.91,76.98,76.95,76.96,77.00,77.01,76.98,77.00,77.42,78.02,79.11,80.63,81.94,82.60,83.08,83.39,83.32,83.10,82.43,81.83,81.70,82.32,83.55,85.55,88.16,90.92,92.06,92.83,93.36,93.70,94.64,95.47,96.43,97.65,99.16,100.49,101.38,101.97,102.42,102.52,102.31,101.87,101.15,100.01,96.89,93.13,89.46,86.27,82.28,80.26,79.73,79.93,80.31,80.72,80.75,80.41,80.18,80.18,81.58,84.77,89.72,93.28,96.74,99.30,100.37,100.56,99.56,95.99,90.91,87.51,87.01,89.29,93.57,98.73,101.00,102.31,102.32,100.97,99.04,94.43,90.09,87.22,86.52,87.15,89.05,91.72,95.01,98.88,101.22,102.81,104.16,105.66,107.24,107.99,107.21,104.51,102.06,100.51,99.72,99.43,99.13,99.01,99.00,98.91,98.49,98.00,97.27,96.59,96.24,96.48,97.08,97.75,98.41,99.06,99.80,100.46,100.55,99.42,96.92,93.62,91.07,89.95,89.85,89.84,89.91,90.36,91.50,91.44,91.06,90.78,90.98,92.17,94.21,95.95,96.70,95.73,93.94,93.51,94.22,95.23,95.58,95.00,93.70,92.24,92.30,94.33,96.87,99.21,100.75,101.27,100.98,100.14,98.84,97.42,96.42,96.20,96.77,97.83,98.96,99.47,99.43,99.06,98.56,97.78,96.82,95.78,94.73,93.00,91.26,89.76,88.56,87.67,86.97,86.44,86.04,85.44,84.46,83.45,82.56,81.78,80.94,79.87,78.66,77.39,76.10,75.19,74.69,74.46,73.93,73.26,71.80,69.00,64.33,60.86,59.63,59.40,59.16,58.86,58.59,58.37,58.20,58.05,57.92,57.78,57.60,57.38,57.21,57.03,56.85,56.70,56.51,56.30,56.09,55.86,55.62,55.39,55.18,54.97,54.74,54.51,54.28,54.05,54.04,54.92,57.37,60.80,64.78,68.61,70.20,70.88,71.40,71.96,72.26
84.08,84.80,85.46,85.85,85.57,85.01,84.51,84.06,83.64,83.38,82.67,81.98,81.43,80.80,80.31,79.79,79.18,78.45,77.81,77.45,77.26,77.16,77.12,77.59,77.84,77.81,77.80,77.78,77.76,77.73,77.80,78.48,79.55,81.36,83.77,85.93,87.14,88.12,88.89,89.10,88.74,87.56,86.43,86.07,87.06,89.09,90.86,92.25,93.68,94.45,95.17,95.81,96.40,97.70,98.64,99.49,100.47,101.58,102.29,102.98,103.58,103.83,103.76,103.01,101.88,100.50,98.77,94.85,90.78,87.18,83.98,82.35,81.52,81.34,81.89,82.53,83.12,82.92,82.01,81.52,81.32,82.52,85.23,89.31,93.10,97.01,99.77,100.68,100.99,100.48,97.09,91.81,88.26,87.83,89.86,93.71,98.61,101.21,102.70,102.62,100.99,98.89,94.36,90.24,88.01,88.70,89.78,92.45,96.30,100.31,101.79,103.10,104.44,105.78,107.08,108.28,108.78,107.80,104.78,101.97,100.41,99.84,99.96,100.08,100.18,100.22,100.02,99.30,98.55,97.77,97.08,96.73,97.17,97.83,98.55,99.34,100.29,101.28,102.09,102.27,101.16,99.06,95.75,92.40,90.03,89.90,90.00,90.42,91.68,94.13,93.92,93.02,92.34,92.63,95.13,97.73,99.43,100.04,99.72,98.23,97.76,98.05,98.36,98.45,97.53,96.09,94.81,95.12,97.07,99.22,100.88,101.58,101.60,101.34,100.83,100.02,99.04,98.05,97.64,97.93,98.69,99.54,99.98,100.07,99.99,99.86,99.16,98.24,97.28,96.25,94.56,92.90,91.41,89.97,89.13,88.53,88.07,87.69,87.02,86.07,85.09,84.21,83.43,82.68,81.98,81.28,80.43,79.43,78.60,78.22,78.22,77.66,76.83,75.18,72.50,68.40,62.89,60.28,59.53,59.28,58.98,58.62,58.28,58.01,57.83,57.71,57.58,57.40,57.19,57.02,56.87,56.69,56.48,56.32,56.15,55.95,55.73,55.51,55.28,55.09,54.90,54.67,54.45,54.22,54.04,54.24,55.60,57.51,60.58,64.55,68.53,70.15,70.90,71.47,72.06,72.52
85.14,85.95,86.67,87.03,86.66,86.13,85.75,85.40,85.04,84.88,84.15,83.84,84.03,84.00,84.28,83.94,82.81,80.93,79.34,78.64,78.31,78.12,78.11,78.44,78.68,78.75,78.73,78.59,78.46,78.39,78.50,79.25,82.01,85.29,88.16,89.86,91.08,92.01,92.73,93.11,92.72,91.87,91.40,91.76,92.67,93.48,94.12,94.87,96.18,96.96,97.63,98.35,99.36,101.26,102.67,103.50,103.89,104.20,104.70,105.07,105.10,104.54,103.73,102.56,101.27,99.47,95.83,91.83,89.50,88.69,88.08,88.10,88.03,87.88,87.75,87.21,86.57,85.72,84.69,83.86,83.29,83.67,85.36,88.77,92.46,96.69,99.75,100.83,101.51,100.92,97.80,93.01,89.28,88.47,90.14,93.68,98.37,101.13,102.99,103.02,101.16,98.80,94.81,91.21,90.05,93.32,96.08,98.23,100.36,102.50,103.60,104.68,106.01,107.47,108.67,109.41,109.60,108.87,106.73,103.79,101.95,101.38,101.87,102.43,102.45,102.20,101.45,99.84,98.90,98.11,97.53,97.38,97.87,98.53,99.40,100.64,102.46,103.32,103.69,103.30,101.71,99.78,96.09,92.41,90.03,89.94,90.55,92.72,95.79,97.99,97.24,96.04,94.93,94.50,96.68,98.87,100.25,100.78,100.73,100.10,99.82,99.84,99.91,99.84,99.19,98.07,97.00,97.30,98.70,100.12,101.13,101.53,101.55,101.28,100.87,100.26,99.22,98.19,97.90,98.42,99.31,100.13,100.66,100.91,100.91,100.70,100.11,99.41,98.69,97.81,96.99,95.79,94.26,92.75,91.49,90.50,89.83,89.45,88.72,87.70,86.70,85.85,85.09,84.45,83.87,83.24,82.49,81.88,81.45,81.33,81.34,80.58,79.72,78.62,76.64,72.64,68.26,63.18,59.70,59.41,59.10,58.73,58.39,58.07,57.77,57.51,57.33,57.16,56.99,56.83,56.68,56.51,56.34,56.18,55.99,55.79,55.62,55.43,55.21,54.99,54.79,54.61,54.38,54.15,54.26,54.95,56.43,58.08,60.75,64.43,68.47,70.14,70.92,71.53,72.14,72.70
86.79,87.50,88.04,88.25,87.83,87.32,87.00,86.75,86.49,86.37,85.93,86.07,86.88,87.72,88.67,88.75,87.82,85.92,84.16,82.88,81.63,80.43,80.21,80.21,80.29,80.28,79.86,79.39,79.13,79.03,79.37,81.27,85.16,88.94,91.67,93.16,94.42,95.42,96.23,96.77,96.59,96.25,96.28,96.90,97.64,97.79,97.82,98.13,99.08,99.84,100.58,101.47,102.83,105.10,106.41,106.96,106.97,106.67,106.60,106.21,105.46,104.41,103.14,101.85,100.35,98.08,93.97,91.33,90.75,91.54,92.34,93.11,93.41,93.32,92.86,91.80,90.35,88.74,87.21,86.16,85.36,85.18,86.02,88.43,91.50,95.53,98.83,100.50,101.58,101.28,98.70,94.47,90.55,89.40,90.89,94.17,98.39,101.21,103.29,103.50,101.71,99.59,96.90,94.61,94.23,97.41,99.97,101.57,102.79,103.98,105.10,106.20,107.53,108.97,110.07,110.49,110.51,110.03,108.70,106.38,104.49,103.85,104.46,105.15,104.93,103.89,102.17,100.06,99.07,98.38,98.00,98.13,98.64,99.50,100.91,102.81,104.82,105.33,104.93,103.80,101.84,99.70,95.53,91.84,90.02,90.13,91.64,94.82,98.45,100.31,99.68,98.47,97.16,96.38,97.94,99.60,100.78,101.36,101.38,101.23,101.03,100.85,100.68,100.46,99.83,98.82,97.84,98.03,99.05,100.14,100.95,101.23,101.30,101.06,100.61,99.92,98.81,97.75,97.51,98.17,99.19,100.21,100.97,101.39,101.41,101.12,100.54,99.54,98.14,96.81,96.27,95.68,94.95,94.34,93.75,92.70,91.72,91.14,90.38,89.31,88.31,87.51,86.81,86.28,85.76,85.17,84.53,84.20,84.08,83.75,83.00,82.00,81.20,80.40,78.87,75.39,71.98,66.19,61.18,59.63,59.20,58.85,58.50,58.16,57.80,57.46,57.19,56.98,56.80,56.64,56.49,56.34,56.18,56.02,55.83,55.65,55.49,55.30,55.10,54.90,54.70,54.52,54.32,54.48,55.13,56.22,57.54,59.02,61.48,64.94,68.80,70.26,70.99,71.59,72.21,72.82
89.02,89.48,89.64,89.59,89.10,88.63,88.32,88.14,88.05,87.96,88.08,88.72,89.97,91.75,93.17,93.83,93.71,92.85,91.59,89.62,86.89,84.07,83.42,82.93,82.75,82.53,81.45,80.50,80.05,79.93,80.67,84.47,88.75,92.07,94.23,95.84,97.18,98.39,99.42,100.10,100.37,100.58,100.85,101.24,101.80,102.01,102.03,102.08,102.42,103.12,103.99,105.06,106.57,108.82,109.49,109.57,109.44,108.81,107.90,106.46,104.87,103.63,102.18,100.94,99.22,96.58,93.58,93.37,94.27,95.40,96.34,97.13,97.40,97.32,96.96,96.04,94.35,92.12,89.80,88.51,87.50,87.09,87.38,88.58,90.59,93.91,97.23,99.67,101.21,101.62,99.84,96.20,92.20,90.85,92.25,95.24,98.76,101.49,103.62,104.01,102.58,101.10,100.22,99.74,99.76,100.55,101.27,102.44,103.78,105.07,106.35,107.62,108.91,110.18,111.18,111.45,111.44,111.15,110.39,109.25,107.65,106.93,107.41,107.92,107.34,105.14,102.19,100.02,99.13,98.66,98.58,98.99,99.61,100.89,103.12,105.74,107.18,107.07,105.72,103.77,101.59,98.92,94.44,91.12,90.16,90.50,93.10,96.43,99.44,101.05,101.17,100.18,98.94,98.23,99.09,100.25,101.31,102.01,101.95,101.83,101.58,101.22,100.81,100.39,99.47,98.29,97.29,97.36,98.23,99.38,100.36,100.65,100.72,100.50,99.94,99.00,97.90,96.81,96.55,97.20,98.30,99.68,100.73,101.31,101.30,100.87,100.08,98.31,95.59,93.45,92.61,92.69,93.37,94.41,95.38,94.75,93.57,92.71,91.95,90.88,89.91,89.17,88.55,88.12,87.64,87.10,86.62,86.43,86.30,85.22,83.14,81.94,81.26,80.46,79.07,76.50,73.60,68.86,63.67,59.92,59.26,58.94,58.59,58.23,57.89,57.52,57.16,56.84,56.63,56.46,56.31,56.15,56.00,55.84,55.68,55.52,55.34,55.13,54.96,54.80,54.62,54.44,54.39,55.28,56.63,58.05,59.11,60.53,62.94,66.16,69.47,70.51,71.09,71.66,72.28,72.89
91.51,91.92,91.90,91.58,90.83,90.32,90.04,89.94,90.02,90.40,91.17,92.33,93.91,95.86,97.44,98.33,98.55,97.95,96.76,94.59,91.82,89.04,87.63,86.71,86.36,86.12,85.11,84.07,83.18,82.88,84.00,87.87,91.51,94.36,96.50,98.34,99.57,100.63,101.58,102.30,103.00,103.45,103.78,104.17,104.86,105.40,105.66,105.79,106.17,106.84,107.50,108.14,108.85,109.87,110.16,110.13,109.94,109.38,108.59,106.98,104.96,103.15,101.31,99.79,98.09,96.27,95.66,96.48,98.10,100.11,102.00,102.81,102.33,101.59,101.26,100.22,98.67,96.80,94.67,92.34,90.28,89.71,90.23,91.06,92.10,94.25,96.45,98.30,100.75,102.00,101.14,98.50,95.33,94.01,94.87,97.08,99.86,102.08,103.98,104.50,103.49,102.24,101.72,101.44,101.38,101.74,102.24,103.38,104.73,106.05,107.35,108.45,109.53,110.65,111.65,111.96,111.94,111.71,111.23,110.53,109.61,109.20,109.42,109.53,108.47,105.59,102.09,99.95,99.40,99.27,99.54,100.38,101.61,103.57,106.06,108.35,108.83,107.60,105.33,102.81,100.40,97.30,94.45,92.41,91.42,91.47,94.01,97.07,99.70,101.31,102.11,101.48,100.50,100.08,100.47,101.23,102.03,102.57,102.36,101.95,101.41,100.90,100.44,99.56,98.04,96.41,95.30,95.70,96.75,97.80,98.60,98.93,98.81,98.32,97.74,97.18,96.37,95.30,94.97,95.57,96.65,97.89,98.95,99.58,99.37,98.08,96.07,93.72,91.43,90.06,89.39,89.58,90.53,92.07,93.64,94.40,94.43,93.93,93.42,92.38,91.41,90.72,90.17,89.78,89.38,88.97,88.64,88.21,86.42,83.91,81.50,80.55,79.99,79.18,77.83,75.60,73.20,69.58,64.83,60.08,59.28,58.92,58.55,58.17,57.81,57.43,57.07,56.77,56.54,56.33,56.17,56.01,55.86,55.70,55.51,55.34,55.18,54.99,54.83,54.64,54.52,54.66,55.45,56.84,58.65,60.68,62.51,64.31,66.38,68.48,70.06,70.73,71.23,71.76,72.34,72.96
94.13,94.47,94.33,93.83,92.97,92.47,92.30,92.33,92.60,93.51,94.89,96.62,98.61,100.60,102.03,102.77,102.88,102.24,100.96,98.87,96.46,94.07,92.12,90.72,90.10,89.80,88.93,87.91,86.70,86.23,87.54,90.81,93.83,96.39,98.57,100.45,101.63,102.60,103.48,104.27,105.22,105.88,106.35,106.80,107.43,108.05,108.41,108.60,108.97,109.48,109.87,110.10,110.17,110.25,110.30,110.25,110.04,109.65,109.14,107.59,105.38,103.22,101.27,99.55,98.09,97.44,99.11,100.88,102.75,104.78,106.79,107.42,106.60,105.65,105.34,104.12,102.62,101.10,99.37,96.74,94.11,93.18,93.65,94.61,95.27,96.42,97.37,98.14,100.58,102.26,102.22,100.65,98.38,97.25,97.67,99.09,100.96,102.56,104.21,104.93,104.39,103.33,102.85,102.49,102.27,102.53,103.15,104.33,105.64,106.84,108.00,108.91,109.91,110.99,111.84,112.22,112.27,112.11,111.77,111.27,110.86,110.67,110.67,110.49,109.30,106.29,102.71,100.78,100.43,100.59,101.05,102.02,103.87,106.25,108.49,109.94,109.51,107.39,104.50,101.66,99.28,96.81,95.74,94.78,93.52,92.92,94.82,97.44,99.87,101.60,102.97,102.76,102.17,102.03,101.96,102.16,102.50,102.71,102.28,101.67,100.87,99.97,98.92,97.37,95.56,93.95,93.09,93.88,95.00,95.82,96.30,96.54,96.16,95.45,94.92,94.76,94.33,93.55,93.27,93.69,94.54,95.22,95.83,96.13,95.61,93.90,91.42,89.05,87.40,86.84,86.41,86.63,87.63,89.46,91.44,93.22,94.21,94.05,93.73,92.94,92.20,91.68,91.23,90.95,90.63,90.31,89.99,89.14,85.93,82.39,79.92,79.05,78.43,77.61,76.31,74.26,72.35,68.81,64.23,60.01,59.23,58.85,58.47,58.08,57.71,57.33,56.98,56.69,56.47,56.24,56.05,55.88,55.71,55.55,55.35,55.17,55.01,54.85,54.75,54.65,54.70,55.19,56.50,58.12,60.36,63.20,65.93,67.80,69.28,70.30,70.63,71.06,71.50,71.98,72.49,73.06
96.92,97.08,96.81,96.31,95.68,95.30,95.36,95.62,96.11,97.54,99.41,101.73,104.29,106.35,107.23,107.25,106.72,105.73,104.29,102.55,100.69,98.75,96.70,94.75,93.67,93.15,92.28,91.34,90.07,89.52,90.67,92.92,95.66,98.25,100.38,101.93,103.24,104.33,105.30,106.20,107.13,108.04,108.83,109.36,109.52,109.69,109.81,109.89,109.97,110.07,110.18,110.29,110.36,110.44,110.41,110.31,110.14,109.94,109.67,108.26,106.15,104.20,102.66,101.05,100.09,100.77,104.03,107.07,108.62,109.00,109.38,109.51,109.35,109.17,108.90,107.49,105.77,104.23,102.95,101.57,99.56,97.94,97.56,99.17,100.38,101.07,100.94,100.27,100.93,102.29,102.86,102.26,100.72,99.96,100.30,101.08,101.81,102.78,104.25,105.25,105.31,104.48,104.01,103.63,103.33,103.35,104.05,105.27,106.46,107.35,108.15,108.93,110.11,111.37,111.80,112.23,112.45,112.42,112.08,111.63,111.27,111.05,110.92,110.73,110.08,107.68,104.67,103.18,102.74,103.04,103.39,103.89,106.18,108.45,109.75,109.86,108.79,106.36,103.37,100.54,98.66,98.63,98.88,98.28,96.64,95.00,95.63,97.66,100.14,102.13,103.86,104.13,104.00,104.09,103.46,102.82,102.42,102.13,101.44,100.83,99.86,98.18,95.55,93.11,91.68,91.00,91.08,92.10,92.99,93.41,93.48,93.38,92.70,91.96,91.54,91.58,91.62,91.55,91.49,91.57,91.84,91.44,90.91,90.28,89.37,88.28,86.92,85.43,84.16,83.94,83.69,84.00,85.11,87.23,89.57,91.45,92.45,92.38,92.04,91.86,91.75,91.61,91.36,91.28,91.08,90.73,90.15,88.73,85.15,81.52,79.09,77.81,76.88,76.00,74.82,72.88,71.42,66.23,61.14,59.61,59.11,58.72,58.34,57.97,57.64,57.26,56.89,56.58,56.40,56.18,55.96,55.73,55.52,55.37,55.20,55.04,54.88,54.70,54.76,54.95,55.38,56.17,57.17,58.65,61.36,65.19,68.70,69.98,70.51,70.87,71.19,71.58,71.98,72.38,72.79,73.22
99.69,99.78,99.53,99.06,98.45,98.16,98.38,99.00,100.15,102.32,104.66,106.69,108.30,109.54,109.99,109.83,109.33,108.60,107.46,105.87,104.11,102.30,100.38,98.51,97.09,96.02,94.98,93.94,92.61,91.97,92.93,94.92,97.48,99.89,101.87,103.35,104.68,105.90,107.01,107.98,108.71,109.29,109.77,110.09,110.14,110.18,110.24,110.31,110.35,110.38,110.43,110.48,110.55,110.59,110.51,110.38,110.23,110.10,109.92,109.19,108.12,107.09,106.19,105.49,105.20,105.70,107.55,109.25,110.02,110.05,110.05,110.05,110.02,110.00,109.87,109.13,108.22,107.22,106.21,105.41,104.44,103.46,102.99,103.63,103.96,103.74,102.96,101.86,101.53,102.68,103.22,102.66,101.55,101.11,101.43,102.07,102.73,103.63,104.80,105.80,106.22,105.60,105.16,104.77,104.41,104.22,104.75,105.71,106.68,107.48,108.22,108.98,110.11,111.27,111.64,112.09,112.38,112.45,112.25,111.85,111.51,111.26,111.06,110.82,110.39,109.12,107.56,106.81,106.47,106.52,106.51,106.44,107.39,109.12,110.07,109.81,108.49,106.34,103.85,101.68,100.68,101.48,101.83,100.95,98.89,96.86,96.52,98.03,100.55,102.82,104.76,104.63,103.78,103.14,102.28,101.57,101.12,100.71,99.82,98.42,96.33,93.97,91.79,90.00,89.09,88.98,89.56,90.35,90.74,90.73,90.42,89.87,88.97,88.13,87.69,87.78,87.93,88.03,88.06,88.17,88.52,87.99,87.18,86.25,85.11,83.89,82.96,82.11,81.40,81.31,81.24,81.51,82.44,84.49,86.80,88.82,90.06,90.21,89.81,89.74,89.76,89.73,89.66,90.06,90.33,90.09,89.06,87.61,84.52,81.30,78.93,77.51,76.28,75.15,73.91,72.26,70.96,65.25,60.04,59.40,58.98,58.63,58.26,57.88,57.53,57.15,56.79,56.49,56.30,56.10,55.88,55.65,55.43,55.23,55.07,55.00,55.00,55.02,55.18,55.66,56.36,57.22,58.10,59.23,62.00,66.25,69.61,70.72,71.11,71.39,71.71,72.09,72.48,72.86,73.25,73.63
102.39,102.50,102.36,102.01,101.38,101.08,101.39,102.35,104.14,106.82,109.31,110.78,111.28,111.68,111.81,111.64,111.33,111.00,110.24,108.85,107.24,105.58,103.91,102.27,100.57,98.91,97.55,96.28,94.90,94.15,94.84,96.81,99.27,101.51,103.33,104.75,106.08,107.38,108.55,109.43,109.90,110.08,110.16,110.23,110.31,110.33,110.39,110.45,110.52,110.60,110.63,110.67,110.73,110.71,110.58,110.43,110.30,110.20,110.07,109.99,109.95,109.82,109.51,109.67,109.88,109.90,109.95,110.00,110.05,110.10,110.11,110.11,110.06,110.01,110.01,109.99,109.96,109.56,108.83,108.39,108.34,108.19,107.88,107.46,106.75,105.69,104.45,103.22,102.26,103.20,103.50,102.73,101.99,101.79,102.11,102.75,103.56,104.52,105.43,106.37,107.05,106.63,106.22,105.83,105.42,105.08,105.39,106.06,106.81,107.56,108.31,109.07,110.03,111.00,111.41,111.87,112.12,112.19,112.11,111.81,111.55,111.33,111.13,110.85,110.55,110.27,110.05,109.92,109.74,109.55,109.25,108.71,108.02,109.24,110.11,109.84,108.61,106.99,105.15,103.78,103.66,104.69,104.73,103.35,100.81,98.50,97.48,98.62,101.12,103.57,105.37,104.55,102.72,101.15,100.02,99.35,98.95,98.50,97.38,95.22,92.22,89.53,88.25,87.39,87.05,87.36,88.16,88.47,88.28,87.82,87.15,86.19,85.15,84.29,83.84,83.92,84.05,84.14,84.22,84.43,84.97,84.61,83.85,82.89,81.75,80.43,79.74,79.33,79.06,79.04,79.07,79.23,79.87,81.60,83.58,85.50,86.92,87.43,87.14,87.03,87.03,87.02,87.08,87.77,88.39,88.31,87.03,85.87,83.57,81.02,78.86,77.42,75.99,74.62,73.29,71.86,70.17,64.52,59.64,59.25,58.87,58.54,58.19,57.80,57.42,57.04,56.69,56.40,56.19,56.03,55.82,55.59,55.36,55.17,55.06,55.11,55.29,55.53,55.79,56.45,57.29,58.09,58.90,59.68,62.37,66.77,69.85,70.93,71.44,71.86,72.22,72.60,72.97,73.36,73.74,74.13
104.90,105.20,105.36,105.31,104.68,104.10,104.37,105.51,107.46,109.65,111.31,112.21,112.55,112.96,113.05,112.83,112.58,112.47,111.93,111.16,110.22,109.12,107.87,106.32,104.42,102.34,100.38,98.69,97.25,96.32,96.50,98.51,100.98,103.22,104.98,106.19,107.47,108.71,109.65,110.00,110.18,110.28,110.34,110.36,110.44,110.50,110.57,110.64,110.66,110.73,110.79,110.86,110.90,110.80,110.61,110.45,110.35,110.22,110.12,110.08,110.07,110.05,109.96,109.97,110.03,110.07,110.08,110.08,110.09,110.11,110.17,110.17,110.13,110.08,110.08,110.08,110.03,109.89,109.70,109.58,109.57,109.53,109.45,109.25,108.51,107.23,105.77,104.33,103.12,103.78,103.81,102.99,102.72,102.56,102.88,103.41,104.02,104.88,105.83,106.81,107.56,107.40,107.05,106.63,106.20,105.88,106.02,106.55,107.20,107.86,108.52,109.22,109.92,110.58,111.08,111.56,111.52,111.27,111.11,111.06,111.09,111.12,111.08,110.89,110.66,110.45,110.28,110.10,110.08,110.04,109.91,109.39,107.82,109.09,110.16,110.15,109.66,108.78,107.53,106.70,107.10,108.03,107.61,105.71,102.58,99.62,98.69,99.74,102.02,104.40,105.01,103.42,101.02,98.78,96.91,95.86,95.22,94.53,93.09,91.09,88.80,86.82,85.78,85.26,85.45,86.09,86.70,86.12,85.38,84.45,83.38,82.30,81.37,80.75,80.45,80.47,80.51,80.58,80.69,80.89,81.29,81.14,80.61,79.94,79.31,78.81,78.39,78.01,77.70,77.62,77.53,77.50,77.76,78.75,79.84,80.85,81.97,83.16,83.52,83.49,83.44,83.42,83.39,83.52,83.81,83.86,83.25,82.79,81.44,79.86,78.44,77.05,75.70,74.33,72.97,71.37,67.84,62.98,59.53,59.19,58.81,58.43,58.06,57.69,57.35,56.98,56.60,56.29,56.12,55.97,55.75,55.53,55.33,55.27,55.42,55.63,55.86,56.17,56.56,57.11,57.74,58.35,58.97,59.66,62.20,66.47,69.75,70.88,71.53,72.17,72.70,73.10,73.44,73.80,74.19,74.57
107.16,107.78,108.13,108.20,107.69,107.05,107.25,108.28,110.03,111.79,112.97,113.56,113.79,114.19,114.26,114.08,113.92,113.94,113.53,113.11,112.55,111.72,110.73,109.50,108.05,106.46,104.85,102.83,100.75,99.08,98.62,100.51,102.84,105.15,107.00,107.73,108.72,109.64,110.24,110.35,110.41,110.48,110.52,110.53,110.61,110.69,110.76,110.82,110.83,110.89,110.95,110.96,110.91,110.79,110.63,110.49,110.38,110.26,110.20,110.16,110.14,110.14,110.14,110.08,110.08,110.13,110.14,110.14,110.14,110.15,110.19,110.17,110.13,110.10,110.10,110.10,110.06,110.02,110.00,110.00,110.00,110.00,109.98,109.82,109.09,107.98,106.74,105.47,104.11,104.24,104.14,103.60,103.48,103.33,103.63,104.16,104.68,105.36,106.22,107.17,107.99,108.09,107.80,107.38,106.99,106.74,106.79,107.19,107.74,108.33,108.95,109.50,109.96,110.36,110.77,110.81,110.01,109.05,108.69,108.75,109.35,110.11,110.72,110.77,110.66,110.51,110.35,110.20,110.19,110.18,109.97,109.27,107.73,109.03,110.17,110.32,110.23,109.84,109.17,108.78,109.21,109.73,109.30,107.64,104.77,101.63,100.81,101.80,103.74,105.43,104.57,102.18,99.09,95.88,93.61,92.42,91.68,90.88,89.39,87.59,85.78,84.27,83.44,83.39,83.98,84.75,85.12,84.00,82.84,81.64,80.50,79.64,78.93,78.52,78.36,78.35,78.30,78.27,78.31,78.47,78.76,78.56,78.06,77.50,77.11,76.95,76.71,76.43,76.19,76.04,75.84,75.68,75.80,76.50,77.09,77.68,78.58,79.81,80.55,80.73,80.74,80.73,80.65,80.60,80.73,80.84,80.65,80.55,79.79,78.80,77.78,76.53,75.20,73.85,72.50,70.63,65.16,61.24,59.36,59.05,58.70,58.31,57.94,57.59,57.25,56.87,56.48,56.17,56.02,55.86,55.67,55.46,55.35,55.72,56.27,56.68,56.92,57.08,57.34,57.63,57.98,58.42,59.01,59.85,62.38,66.39,69.40,70.59,71.34,72.09,72.81,73.40,73.80,74.17,74.54,74.90
109.13,110.10,110.58,110.68,110.32,109.77,109.93,110.75,112.10,113.56,114.50,114.92,115.07,115.41,115.46,115.38,115.33,115.41,115.09,114.87,114.47,113.76,112.91,112.08,111.31,110.60,109.72,107.62,104.91,102.49,101.44,103.06,105.09,107.32,109.19,109.34,109.86,110.30,110.54,110.62,110.62,110.67,110.71,110.73,110.80,110.88,110.95,111.01,111.02,111.06,111.08,111.00,110.81,110.71,110.63,110.52,110.39,110.32,110.30,110.25,110.21,110.21,110.21,110.14,110.13,110.19,110.20,110.20,110.19,110.19,110.19,110.13,110.10,110.09,110.09,110.09,110.08,110.06,110.00,109.99,109.96,109.92,109.84,109.59,108.90,108.10,107.28,106.34,104.97,104.54,104.39,104.24,104.10,103.97,104.32,104.90,105.45,105.95,106.65,107.52,108.37,108.72,108.49,108.12,107.80,107.66,107.65,107.92,108.37,108.91,109.48,109.86,110.08,110.23,110.26,109.47,107.62,105.86,105.30,105.50,106.80,108.51,110.02,110.49,110.57,110.49,110.34,110.17,109.95,109.74,109.23,108.23,107.17,108.60,109.93,110.36,110.44,110.40,110.23,110.17,110.36,110.33,109.97,108.86,106.78,104.05,103.41,104.20,105.51,106.04,103.88,100.79,96.99,92.79,90.34,89.11,88.31,87.47,86.13,84.51,83.02,81.83,81.21,81.72,82.63,83.40,83.50,82.09,80.62,79.28,78.25,77.76,77.27,77.07,77.03,77.02,76.88,76.74,76.67,76.72,76.88,76.48,75.89,75.36,75.02,74.92,74.78,74.69,74.61,74.39,74.06,73.81,73.89,74.56,74.90,75.40,76.15,77.14,78.12,78.57,78.72,78.70,78.63,78.63,78.74,78.88,78.93,78.92,78.47,77.79,76.95,75.88,74.59,73.25,71.79,69.30,62.53,59.64,59.16,58.86,58.55,58.19,57.85,57.51,57.13,56.75,56.37,56.05,55.90,55.74,55.59,55.46,55.57,56.45,57.41,58.01,58.22,58.16,58.16,58.12,58.16,58.45,59.08,60.14,62.65,66.28,68.81,70.13,70.98,71.76,72.66,73.50,74.05,74.47,74.85,75.17
110.34,111.47,112.12,112.30,111.94,111.63,111.99,112.78,113.87,115.28,116.05,116.35,116.43,116.68,116.69,116.70,116.78,116.88,116.69,116.55,116.28,115.72,114.90,114.15,113.49,112.80,111.84,110.50,108.92,107.38,106.45,107.47,108.75,110.06,111.06,110.95,110.81,110.80,110.87,110.96,110.84,110.86,110.90,110.92,110.99,111.06,111.14,111.20,111.19,111.13,111.03,110.90,110.73,110.65,110.58,110.51,110.45,110.38,110.36,110.32,110.26,110.26,110.26,110.21,110.18,110.21,110.25,110.22,110.20,110.19,110.14,110.11,110.06,110.03,110.03,110.03,110.03,110.02,109.99,109.92,109.70,109.42,109.11,108.75,108.13,107.38,106.61,105.79,104.81,104.41,104.20,104.04,103.96,104.03,104.62,105.45,106.19,106.69,107.28,108.00,108.77,109.23,109.17,108.90,108.64,108.54,108.48,108.70,109.10,109.56,109.88,110.10,110.17,109.90,108.77,106.36,103.59,101.57,101.27,102.23,103.95,106.20,108.60,110.00,110.36,110.34,110.11,109.48,108.31,107.27,106.08,104.66,103.88,106.04,108.54,110.15,110.36,110.63,110.64,110.58,110.63,110.29,109.10,107.74,106.62,105.98,105.71,105.54,105.17,104.09,102.17,98.90,94.69,90.29,87.68,86.15,85.15,84.28,83.02,81.61,80.48,79.64,79.24,80.41,81.52,82.17,82.03,80.52,78.90,77.47,76.45,76.12,75.68,75.62,75.72,75.74,75.60,75.44,75.31,75.18,74.89,74.31,73.68,73.17,72.92,72.88,72.87,73.02,73.24,73.00,72.34,71.91,71.93,72.36,72.63,73.08,73.85,75.01,76.49,77.12,77.30,77.30,77.28,77.31,77.50,77.73,77.87,77.80,77.34,76.69,75.93,75.05,73.93,72.67,70.46,65.69,61.03,59.26,58.92,58.62,58.36,58.07,57.76,57.39,57.01,56.66,56.30,55.98,55.83,55.67,55.52,55.78,56.60,57.55,58.55,59.19,59.42,59.24,59.03,58.85,58.72,58.78,59.24,60.26,62.37,65.33,67.77,69.47,70.55,71.38,72.31,73.27,74.07,74.71,75.16,75.48
111.33,112.64,113.50,113.84,113.57,113.46,113.97,114.80,115.75,117.02,117.59,117.77,117.83,117.97,117.99,118.09,118.24,118.36,118.28,118.21,118.06,117.68,116.86,116.10,115.35,114.52,113.50,112.61,111.80,110.97,110.32,110.83,111.64,112.38,112.79,112.44,111.79,111.33,111.18,111.30,111.14,111.07,111.07,111.10,111.18,111.26,111.31,111.32,111.25,111.10,110.94,110.79,110.67,110.58,110.51,110.47,110.46,110.41,110.40,110.35,110.30,110.30,110.30,110.26,110.23,110.24,110.26,110.22,110.19,110.15,110.08,110.07,110.04,109.98,109.92,109.77,109.68,109.60,109.47,109.23,108.91,108.55,108.19,107.82,107.28,106.56,105.79,105.02,104.26,103.90,103.67,103.50,103.47,103.68,104.42,105.40,106.28,106.93,107.60,108.35,109.11,109.64,109.72,109.60,109.44,109.39,109.31,109.46,109.75,110.05,110.07,110.06,109.61,108.47,106.27,102.84,99.60,97.49,97.33,98.80,100.97,103.68,106.79,109.53,110.17,110.07,109.36,107.46,105.31,103.76,102.45,101.22,100.83,102.86,105.49,107.64,108.55,110.11,110.65,110.51,110.18,109.22,107.28,105.54,104.64,104.75,104.71,104.10,102.91,101.18,99.46,96.21,92.18,88.25,85.50,83.55,82.29,81.45,80.44,79.39,78.56,77.88,77.59,79.07,80.22,80.68,80.19,78.49,76.80,75.50,74.70,74.45,74.08,74.17,74.41,74.47,74.33,74.20,74.08,73.87,73.31,72.50,71.69,71.08,70.85,70.88,71.13,71.53,71.90,71.67,70.60,69.99,70.00,70.25,70.47,70.94,71.82,73.27,75.03,75.78,76.00,76.00,76.01,76.13,76.38,76.68,76.89,76.72,76.21,75.57,74.88,74.12,73.18,72.04,69.28,62.79,60.00,59.04,58.66,58.36,58.10,57.87,57.58,57.24,56.90,56.57,56.20,55.89,55.76,55.75,55.99,56.75,58.06,59.28,60.55,61.24,61.25,60.69,60.09,59.60,59.29,59.25,59.67,60.64,62.29,64.48,66.67,68.54,69.92,70.98,71.94,72.91,73.87,74.71,75.34,75.78
112.28,113.79,114.87,115.41,115.34,115.38,115.97,116.83,117.73,118.72,119.04,119.13,119.19,119.22,119.33,119.47,119.61,119.74,119.75,119.73,119.71,119.51,118.73,117.93,117.01,116.00,115.06,114.15,113.42,112.88,112.60,112.79,113.49,114.13,114.35,113.75,112.81,111.93,111.47,111.62,111.50,111.32,111.23,111.29,111.37,111.44,111.43,111.34,111.20,110.99,110.81,110.68,110.60,110.52,110.44,110.41,110.40,110.40,110.39,110.35,110.30,110.30,110.30,110.29,110.29,110.27,110.22,110.20,110.16,110.09,110.02,109.97,109.93,109.85,109.64,109.20,108.93,108.68,108.34,107.83,107.53,107.31,107.11,106.83,106.40,105.72,104.96,104.19,103.44,103.03,102.81,102.68,102.71,102.97,103.73,104.70,105.63,106.56,107.47,108.38,109.27,109.92,110.11,110.16,110.19,110.17,110.10,110.15,110.27,110.34,110.01,109.65,108.30,105.92,102.95,99.24,95.97,93.88,93.71,95.21,97.89,101.03,104.65,109.05,110.00,109.72,108.20,104.33,101.27,99.65,98.79,98.36,98.47,99.41,100.92,102.74,104.88,108.63,110.16,109.93,108.97,107.06,104.63,102.42,100.81,100.02,100.03,99.68,98.80,97.55,95.78,92.78,89.53,86.66,83.80,81.37,79.81,79.03,78.47,77.91,77.27,76.58,76.23,77.57,78.59,78.76,77.81,75.84,74.17,73.26,72.90,72.68,72.46,72.73,73.09,73.20,73.07,72.98,72.93,72.78,72.20,71.12,69.97,69.09,68.80,68.92,69.54,70.16,70.48,70.25,68.80,68.06,68.15,68.32,68.48,69.01,70.12,71.90,73.65,74.46,74.73,74.73,74.77,75.00,75.31,75.64,75.91,75.63,75.08,74.45,73.81,73.11,72.32,71.13,68.03,61.08,59.36,58.82,58.41,58.10,57.80,57.55,57.31,57.06,56.80,56.45,56.08,55.80,55.79,56.12,57.17,58.53,60.01,61.75,63.53,64.24,63.79,62.60,61.39,60.44,59.89,59.90,60.45,61.43,62.64,64.03,65.72,67.50,69.18,70.59,71.58,72.53,73.51,74.48,75.38,76.05
114.21,115.73,116.61,116.94,117.10,117.33,118.02,118.75,119.20,119.70,119.85,119.88,119.91,119.92,119.97,120.04,120.12,120.22,120.23,120.26,120.26,120.14,119.70,119.25,118.50,117.52,116.60,115.75,115.15,114.79,114.71,114.90,115.42,115.76,115.59,114.75,113.72,112.69,112.01,111.97,111.87,111.67,111.52,111.49,111.55,111.52,111.41,111.25,111.08,110.86,110.68,110.56,110.49,110.45,110.38,110.34,110.34,110.34,110.34,110.32,110.30,110.30,110.26,110.25,110.25,110.23,110.16,110.18,110.16,110.08,109.95,109.50,109.06,108.69,108.33,107.85,107.49,107.16,106.77,106.31,106.03,105.82,105.63,105.45,105.33,104.77,104.06,103.36,102.61,102.13,101.89,101.82,101.89,102.24,103.00,103.97,104.91,105.71,106.19,107.01,108.35,109.83,110.32,110.55,110.67,110.58,110.51,110.51,110.43,110.09,109.34,108.49,106.69,104.06,101.27,96.72,93.10,91.12,91.07,92.14,95.00,98.45,102.45,107.97,109.69,109.84,108.39,104.08,100.39,98.03,96.72,96.33,96.48,96.93,97.77,99.12,101.38,105.65,107.88,108.05,106.78,104.69,101.66,98.36,95.52,94.47,94.74,94.88,94.48,93.50,92.13,90.13,87.80,85.24,82.47,79.91,78.16,77.23,76.75,76.25,75.72,75.14,74.72,75.33,75.92,75.61,74.18,72.52,71.48,71.03,70.92,70.88,70.97,71.35,71.75,71.94,71.90,71.92,71.86,71.60,71.00,69.81,68.40,67.25,66.81,66.80,67.44,67.98,68.04,67.65,66.66,66.22,66.37,66.56,66.72,67.39,68.68,70.54,72.23,73.13,73.44,73.45,73.63,73.91,74.25,74.62,74.90,74.60,74.01,73.37,72.73,72.04,71.32,68.17,63.40,59.97,59.07,58.62,58.19,57.85,57.54,57.29,57.04,56.77,56.54,56.24,56.00,56.11,56.96,58.02,59.63,61.43,63.24,65.12,66.72,67.06,66.22,64.90,63.47,62.10,61.17,61.10,61.88,62.92,64.02,65.15,66.34,67.72,69.23,70.62,71.62,72.59,73.59,74.59,75.56,76.38
116.52,117.77,118.30,118.41,118.68,119.00,119.63,120.13,120.24,120.37,120.40,120.40,120.40,120.40,120.39,120.39,120.42,120.48,120.50,120.54,120.55,120.47,120.32,120.17,119.66,118.88,118.11,117.40,116.91,116.70,116.80,117.05,117.36,117.28,116.69,115.69,114.62,113.53,112.66,112.34,112.24,112.04,111.82,111.67,111.65,111.53,111.33,111.12,110.96,110.74,110.57,110.45,110.39,110.38,110.33,110.30,110.30,110.30,110.29,110.28,110.28,110.27,110.22,110.19,110.18,110.17,110.12,110.15,110.16,110.10,109.94,109.17,108.26,107.42,106.77,106.30,105.88,105.48,105.08,104.76,104.50,104.28,104.11,104.07,104.21,103.80,103.13,102.42,101.68,101.13,100.91,100.94,101.09,101.50,102.15,102.91,103.64,104.14,104.28,104.95,106.54,108.73,109.88,110.54,110.89,110.85,110.78,110.69,110.33,109.50,108.29,107.14,105.25,102.78,100.28,94.72,90.91,89.25,89.23,89.93,92.56,95.98,100.17,106.07,109.06,110.00,108.87,104.92,100.87,97.78,95.68,94.57,94.30,94.55,95.25,96.47,98.68,102.59,105.10,105.71,104.41,102.33,98.50,94.19,90.55,89.26,89.55,89.63,89.15,88.39,87.64,86.94,85.82,83.94,81.58,78.98,76.88,75.54,75.01,74.46,74.01,73.61,73.22,73.16,73.20,72.50,70.97,69.77,69.25,69.10,69.10,69.14,69.43,69.88,70.30,70.53,70.64,70.72,70.46,69.84,69.09,67.94,66.61,65.45,64.84,64.68,65.19,65.53,65.32,64.92,64.50,64.40,64.58,64.80,64.98,65.72,67.07,68.94,70.64,71.72,72.17,72.23,72.55,72.88,73.24,73.63,73.94,73.61,72.99,72.32,71.39,69.41,68.45,64.53,59.58,59.21,58.83,58.41,57.99,57.62,57.28,57.02,56.75,56.49,56.33,56.29,56.44,57.16,58.87,60.63,62.64,64.67,66.56,68.18,69.36,69.38,68.43,67.14,65.57,63.89,62.65,62.48,63.44,64.54,65.63,66.66,67.52,68.46,69.61,70.80,71.80,72.80,73.80,74.80,75.78,76.69
119.16,119.62,119.72,119.77,119.88,120.01,120.25,120.47,120.60,120.70,120.72,120.72,120.72,120.71,120.66,120.67,120.72,120.74,120.80,120.83,120.83,120.79,120.64,120.49,120.23,119.90,119.59,119.11,118.72,118.62,118.89,119.24,119.23,118.66,117.65,116.64,115.57,114.45,113.41,112.71,112.61,112.39,112.09,111.82,111.58,111.40,111.21,110.99,110.83,110.61,110.47,110.38,110.32,110.31,110.31,110.30,110.30,110.30,110.24,110.22,110.22,110.22,110.20,110.16,110.12,110.11,110.10,110.11,110.14,110.16,110.01,109.33,108.00,106.46,105.19,104.70,104.26,103.78,103.35,103.20,102.94,102.75,102.73,102.91,103.12,102.82,102.14,101.24,100.52,99.91,99.80,100.08,100.31,100.74,101.04,101.20,101.23,101.27,101.56,102.19,103.39,105.67,108.09,109.78,110.69,111.00,110.97,110.68,109.88,108.43,106.70,105.75,104.36,102.37,99.94,93.34,89.83,88.84,88.62,89.29,90.95,93.72,97.69,102.68,107.83,110.00,109.29,106.61,102.62,99.26,96.07,92.99,91.53,91.91,93.30,95.26,97.60,100.15,102.15,103.04,102.19,100.12,95.07,90.21,87.03,85.16,84.86,83.62,81.80,81.16,81.35,82.16,82.88,82.82,81.43,78.81,75.98,73.75,73.07,72.45,72.14,72.00,71.82,71.52,70.91,70.11,69.27,68.59,68.05,67.83,67.76,67.57,67.70,68.22,68.66,68.82,69.17,69.13,68.30,66.89,65.67,64.84,64.31,63.72,62.90,62.67,62.88,62.89,62.56,62.52,62.49,62.57,62.74,62.97,63.19,63.78,64.96,66.83,68.70,70.17,70.94,71.16,71.53,71.91,72.28,72.72,73.09,72.69,72.04,71.35,69.49,63.42,61.62,60.48,59.22,58.89,58.51,58.16,57.80,57.41,56.98,56.70,56.46,56.28,56.35,56.91,57.98,59.59,61.79,64.05,66.19,68.05,69.44,70.13,70.68,70.72,70.19,69.05,67.30,65.50,64.20,63.95,64.95,66.09,67.21,68.24,69.08,69.69,70.34,71.10,72.05,73.05,74.06,75.03,75.97,76.88
120.28,120.43,120.43,120.45,120.53,120.60,120.68,120.79,120.94,121.02,121.06,121.06,121.03,121.03,120.96,120.96,120.98,121.00,121.06,121.11,121.10,121.02,120.91,120.75,120.58,120.39,120.22,119.93,119.69,119.63,119.79,119.95,119.90,119.42,118.53,117.46,116.35,115.21,114.09,113.14,112.66,112.39,112.12,111.80,111.47,111.28,111.08,110.87,110.70,110.48,110.38,110.33,110.26,110.25,110.25,110.25,110.25,110.25,110.21,110.20,110.19,110.16,110.16,110.12,110.10,110.09,110.06,110.09,110.12,110.13,109.97,109.18,107.46,105.42,103.76,103.14,102.58,102.05,101.64,101.55,101.46,101.46,101.58,101.81,102.04,101.88,101.16,99.79,97.97,96.66,96.15,96.31,96.75,97.21,97.24,97.01,96.79,96.80,97.30,98.12,99.37,101.44,104.03,106.84,109.33,110.72,110.91,110.68,110.02,108.46,105.29,103.91,102.95,101.69,99.28,92.67,89.39,88.49,87.97,88.53,89.65,91.73,95.02,99.44,105.67,108.79,108.77,107.01,103.68,100.46,96.79,92.55,89.97,90.37,91.98,94.05,96.37,98.41,99.48,99.64,98.68,95.76,91.32,87.23,84.24,82.00,80.54,78.63,76.59,75.55,75.37,76.50,78.14,79.30,78.37,76.03,73.55,71.67,71.11,70.71,70.55,70.50,70.38,70.02,69.47,68.81,68.11,67.53,66.95,66.66,66.52,66.20,66.06,66.49,66.86,66.81,66.77,65.86,64.53,63.21,62.50,62.10,61.88,61.60,61.12,60.96,61.02,60.98,60.79,60.82,60.86,60.96,61.12,61.28,61.51,61.86,62.50,63.49,64.35,65.09,65.50,65.92,67.44,70.02,71.38,71.84,72.17,71.75,70.64,68.40,64.78,60.68,59.49,59.17,58.88,58.53,58.18,57.86,57.52,57.13,56.71,56.60,56.73,57.03,57.47,58.24,59.84,62.05,64.52,67.01,68.72,69.93,70.78,71.20,71.59,71.53,70.97,69.91,68.39,66.72,65.46,65.22,66.23,67.42,68.51,69.42,70.12,70.62,71.07,71.60,72.38,73.35,74.33,75.28,76.20,77.13
120.83,120.88,120.88,120.90,120.97,121.05,121.07,121.13,121.26,121.35,121.42,121.42,121.36,121.35,121.28,121.25,121.24,121.25,121.30,121.35,121.30,121.16,121.05,120.92,120.78,120.64,120.50,120.35,120.25,120.19,120.17,120.11,120.09,119.84,119.18,118.02,116.91,115.78,114.62,113.50,112.61,112.24,112.01,111.72,111.36,111.15,110.95,110.74,110.58,110.37,110.29,110.25,110.20,110.19,110.19,110.19,110.19,110.19,110.19,110.19,110.17,110.11,110.10,110.09,110.08,110.07,110.01,109.93,109.66,109.24,108.79,107.89,106.17,104.12,102.38,101.64,100.97,100.38,99.97,99.86,99.86,100.02,100.29,100.58,100.84,100.81,100.07,98.19,95.10,93.02,92.01,91.91,92.51,92.96,92.78,92.34,92.06,92.16,92.79,93.80,95.17,97.03,99.48,103.11,107.19,110.22,110.77,110.70,110.34,108.83,104.15,101.95,101.14,100.44,97.97,92.08,89.14,88.16,87.34,87.71,88.49,89.96,92.44,96.34,102.89,106.65,107.42,106.62,104.24,101.40,97.55,92.56,88.87,89.15,90.86,92.92,95.11,96.74,96.79,96.00,94.76,91.14,87.81,84.72,81.74,79.07,76.48,74.33,72.61,71.26,70.49,71.39,73.27,74.98,74.34,72.51,70.78,69.63,69.24,69.07,69.01,68.97,68.86,68.53,68.27,67.83,67.16,66.52,65.91,65.53,65.29,64.90,64.50,64.76,65.00,64.68,64.07,62.44,60.94,60.08,60.00,59.98,59.90,59.82,59.79,59.73,59.72,59.71,59.69,59.65,59.61,59.66,59.75,59.88,60.08,60.22,60.32,60.36,60.12,59.97,59.91,60.42,62.80,67.09,69.20,69.66,69.90,69.51,68.13,64.72,60.12,59.34,59.05,58.81,58.53,58.16,57.84,57.53,57.19,56.83,56.55,56.68,57.19,57.96,58.69,59.53,61.53,64.26,66.96,69.45,70.61,71.17,71.60,72.00,72.34,72.13,71.38,70.35,69.15,67.69,66.55,66.40,67.38,68.59,69.66,70.49,71.02,71.48,71.85,72.23,72.80,73.68,74.60,75.53,76.45,77.37
121.33,121.34,121.35,121.39,121.42,121.49,121.52,121.53,121.59,121.71,121.81,121.81,121.73,121.67,121.60,121.53,121.50,121.49,121.46,121.38,121.23,121.03,120.84,120.77,120.70,120.62,120.57,120.48,120.40,120.30,120.19,120.12,120.10,119.81,119.07,117.80,116.89,115.87,114.70,113.56,112.47,111.98,111.77,111.59,111.28,111.05,110.83,110.61,110.46,110.28,110.19,110.15,110.13,110.13,110.13,110.13,110.13,110.13,110.13,110.13,110.12,110.10,110.10,110.06,110.03,110.02,109.97,109.31,107.60,105.31,103.59,102.78,102.50,102.04,101.03,100.37,99.65,98.97,98.47,98.20,97.72,97.78,98.27,98.81,99.19,99.26,98.49,96.37,92.91,90.56,89.35,89.02,89.36,89.56,89.43,89.12,88.91,88.98,89.43,90.21,91.45,93.47,96.06,99.27,103.71,109.50,110.67,110.77,110.51,109.00,103.82,100.26,98.54,97.47,94.69,90.82,88.77,87.78,86.87,86.82,87.47,88.62,90.44,93.59,99.09,102.68,104.27,105.04,103.88,101.72,98.07,92.72,87.86,87.70,89.64,92.13,93.95,94.42,93.71,92.49,91.05,88.44,85.64,82.64,79.33,75.84,72.94,71.25,70.38,69.70,69.23,69.48,70.15,70.80,70.51,69.64,68.78,68.13,67.75,67.43,67.28,67.22,67.12,66.92,66.78,66.56,66.17,65.52,64.89,64.41,64.02,63.62,63.08,63.09,63.09,62.53,61.53,60.70,60.13,59.81,59.70,59.68,59.73,59.79,59.85,59.89,59.85,59.82,59.76,59.50,59.31,59.13,59.05,59.30,59.48,59.59,59.63,59.57,59.42,59.26,59.16,59.30,60.14,61.55,62.33,62.61,62.77,62.61,62.13,60.94,59.30,58.91,58.66,58.43,58.16,57.78,57.46,57.15,56.83,56.59,56.73,57.13,57.67,58.28,58.91,59.77,62.16,65.51,68.61,70.51,71.43,72.00,72.50,72.97,73.06,72.57,71.64,70.62,69.52,68.25,67.39,67.48,68.33,69.49,70.68,71.66,72.10,72.46,72.79,73.12,73.51,74.04,74.86,75.76,76.64,77.57
121.79,121.82,121.82,121.86,121.87,121.93,121.98,122.00,122.01,122.10,122.19,122.19,122.11,122.03,121.93,121.82,121.72,121.63,121.50,121.35,121.15,120.89,120.67,120.58,120.51,120.45,120.41,120.34,120.28,120.19,120.04,119.91,119.81,119.46,118.70,117.50,116.49,115.66,114.77,113.62,112.45,111.79,111.48,111.38,111.19,110.94,110.70,110.49,110.34,110.20,110.13,110.10,110.10,110.10,110.10,110.10,110.10,110.10,110.10,110.10,110.09,110.07,110.06,110.03,109.77,109.06,107.65,105.51,102.58,99.38,97.11,96.59,97.47,98.37,98.30,97.97,97.56,97.22,96.92,96.42,95.71,95.43,95.68,96.31,96.61,96.70,96.29,94.84,91.72,89.34,87.74,86.90,86.97,86.96,86.79,86.57,86.42,86.49,86.92,87.62,88.73,90.64,93.25,96.43,101.06,107.76,110.16,110.70,110.53,109.23,104.63,100.59,98.05,96.28,93.39,90.49,88.86,87.87,86.85,86.24,86.49,87.30,88.69,91.07,95.32,98.94,101.48,102.98,102.61,100.88,97.38,91.94,86.64,86.00,88.07,90.94,92.31,92.30,91.33,89.88,88.18,86.05,83.53,80.44,76.72,72.95,70.69,69.63,69.20,68.81,68.47,68.33,68.35,68.45,68.24,67.77,67.23,66.73,66.31,65.80,65.54,65.48,65.49,65.35,65.24,65.12,64.92,64.44,63.89,63.33,62.82,62.39,61.80,61.80,61.85,61.40,60.49,60.07,59.94,59.96,60.02,60.16,60.50,60.87,61.09,61.31,61.33,61.29,61.09,60.27,59.57,59.11,58.90,58.96,59.04,59.14,59.14,59.07,58.97,58.84,58.73,58.67,58.75,58.79,58.90,59.06,59.17,59.22,59.20,59.07,58.84,58.56,58.30,58.03,57.75,57.40,57.11,56.88,56.69,56.59,56.93,57.46,58.01,58.56,59.14,59.82,62.28,65.91,69.26,70.91,71.89,72.65,73.31,73.85,73.73,73.05,72.04,71.04,70.04,69.04,68.44,68.64,69.30,70.37,71.58,72.69,73.32,73.69,73.98,74.27,74.56,74.77,75.28,76.03,76.95,77.93
122.22,122.29,122.30,122.30,122.32,122.38,122.45,122.50,122.50,122.52,122.56,122.54,122.44,122.34,122.20,122.04,121.87,121.66,121.45,121.28,121.06,120.77,120.54,120.35,120.19,120.05,119.94,119.84,119.79,119.72,119.54,119.33,119.11,118.71,118.02,117.04,115.83,115.19,114.69,113.61,112.51,111.65,111.17,111.10,111.06,110.83,110.57,110.36,110.21,110.13,110.09,110.09,110.09,110.09,110.09,110.09,110.09,110.09,110.09,110.09,110.07,110.02,110.01,109.81,108.97,106.96,103.37,99.47,95.80,92.61,90.45,90.29,91.89,93.72,94.61,94.81,94.96,95.21,95.32,94.62,93.82,93.03,92.62,93.03,93.16,93.36,93.63,93.39,91.12,88.86,86.80,85.31,85.09,84.87,84.64,84.44,84.33,84.47,84.97,85.70,86.73,88.40,90.93,94.36,99.08,105.30,109.16,110.40,110.43,109.47,106.13,102.35,99.28,96.81,94.11,91.43,89.68,88.44,87.24,86.11,85.71,86.03,87.06,88.75,91.75,95.40,98.71,100.31,100.34,98.76,95.39,90.22,85.08,84.03,86.07,89.22,90.27,90.28,89.37,87.85,85.88,83.79,81.25,77.93,73.95,70.51,69.42,69.02,68.67,68.30,67.92,67.61,67.46,67.43,67.08,66.57,65.99,65.42,64.92,64.25,63.89,63.85,63.98,63.87,63.71,63.59,63.47,63.27,62.87,62.33,61.80,61.42,60.92,61.10,61.39,61.25,60.72,60.33,60.23,60.41,60.76,61.18,61.88,62.62,63.09,63.56,63.70,63.69,63.31,61.79,60.33,59.49,59.12,58.83,58.77,58.80,58.79,58.71,58.57,58.48,58.37,58.27,58.27,58.22,58.25,58.32,58.39,58.55,58.59,58.55,58.45,58.22,57.94,57.64,57.34,57.06,56.83,56.75,56.73,56.77,57.13,57.69,58.26,58.80,59.37,59.77,62.02,65.60,69.14,70.87,72.07,73.10,73.97,74.60,74.35,73.58,72.58,71.62,70.77,70.05,69.67,69.83,70.28,71.24,72.41,73.60,74.59,75.06,75.34,75.61,75.84,75.77,75.88,76.38,77.32,78.37
122.66,122.75,122.75,122.76,122.81,122.84,122.90,122.97,123.01,123.01,122.91,122.74,122.53,122.35,122.11,121.88,121.69,121.51,121.37,121.19,120.94,120.64,120.40,120.03,119.49,118.89,118.54,118.29,118.12,117.93,117.68,117.45,117.22,116.87,116.39,115.86,115.15,114.39,113.71,113.21,112.52,111.58,110.94,110.79,110.77,110.64,110.45,110.23,110.10,110.05,110.03,110.03,110.03,110.03,110.03,110.03,110.03,110.03,110.03,110.03,110.03,110.00,110.00,108.48,105.78,102.01,97.18,93.50,90.77,88.69,87.17,87.09,88.26,89.79,91.03,91.93,92.67,93.35,93.73,93.03,92.06,90.64,89.09,88.12,88.32,89.54,90.81,91.25,89.88,87.88,85.75,83.96,83.16,82.75,82.52,82.34,82.25,82.47,83.04,83.84,84.98,86.82,89.11,92.59,97.26,102.78,107.19,109.47,110.25,109.59,107.17,103.99,101.41,99.60,97.95,95.75,92.72,89.91,88.34,87.15,85.91,85.16,85.31,86.67,88.92,91.56,94.08,95.72,95.70,93.81,90.75,86.83,82.33,81.36,83.09,86.06,87.90,87.85,86.92,85.48,83.57,81.42,77.87,74.15,71.07,69.29,68.74,68.42,68.07,67.73,67.35,67.01,66.74,66.47,66.01,65.44,64.84,64.23,63.67,63.09,62.81,62.74,62.71,62.57,62.41,62.25,62.08,61.91,61.67,61.52,61.55,61.81,61.95,62.36,62.70,62.61,62.15,61.65,61.43,61.57,62.01,62.51,63.25,64.10,64.90,65.67,66.05,66.15,65.74,64.04,61.75,60.20,59.49,59.17,58.96,58.74,58.58,58.50,58.45,58.38,58.28,58.21,58.26,58.24,58.22,58.16,58.04,57.93,57.94,57.97,57.97,57.84,57.60,57.31,57.06,57.00,56.92,56.89,56.89,56.96,57.36,57.90,58.43,58.91,59.33,59.70,61.52,64.69,68.45,70.54,71.85,72.96,74.08,75.07,74.98,74.25,73.30,72.57,71.99,71.42,70.97,70.83,71.11,72.04,73.22,74.46,75.64,76.31,76.71,76.95,77.06,76.91,76.85,77.03,77.55,78.50
123.10,123.19,123.20,123.23,123.28,123.31,123.35,123.38,123.34,123.24,123.03,122.76,122.47,122.21,121.91,121.65,121.44,121.30,121.22,121.05,120.83,120.57,120.30,119.88,118.84,117.53,116.83,116.45,116.17,115.89,115.59,115.36,115.13,114.85,114.54,114.28,113.97,113.30,112.63,112.41,112.06,111.34,110.72,110.48,110.46,110.40,110.27,110.12,110.02,110.00,110.00,109.98,109.94,109.88,109.80,109.73,109.66,109.59,109.39,109.06,108.56,107.84,107.00,104.20,100.41,96.22,91.83,88.95,87.04,85.71,84.84,84.70,85.33,86.47,87.94,89.36,90.61,91.63,92.15,91.36,88.98,86.79,85.01,83.60,83.80,85.20,86.67,87.50,87.54,86.17,84.27,82.46,81.41,80.93,80.72,80.59,80.52,80.75,81.28,82.04,83.24,85.32,87.53,91.17,95.92,100.96,105.30,108.08,109.34,109.04,107.72,105.48,103.53,102.19,101.13,99.41,96.31,92.99,90.62,88.63,86.78,85.25,84.38,84.72,86.36,88.09,89.60,90.70,90.42,88.49,85.94,83.19,79.78,79.16,80.72,83.43,85.60,85.38,84.37,82.92,80.83,78.11,74.34,71.04,69.05,68.40,68.12,67.82,67.46,67.13,66.77,66.44,66.13,65.77,65.21,64.61,63.99,63.46,63.22,63.22,62.91,62.39,61.98,61.81,61.66,61.48,61.28,61.13,61.13,61.42,62.00,62.76,63.39,63.95,64.28,64.23,63.86,63.26,62.88,62.91,63.39,63.92,64.64,65.52,66.49,67.42,68.09,68.42,68.08,66.43,63.80,61.79,60.60,59.90,59.32,58.88,58.61,58.54,58.53,58.47,58.40,58.39,58.48,58.51,58.48,58.37,58.14,57.83,57.72,57.70,57.69,57.61,57.42,57.21,57.08,57.15,57.14,57.11,57.09,57.18,57.59,58.07,58.53,58.94,59.25,59.60,60.95,63.62,67.55,70.12,71.55,72.77,74.18,75.56,75.63,75.03,74.25,73.73,73.31,72.84,72.35,71.97,71.98,72.87,74.05,75.30,76.58,77.50,78.04,78.27,78.25,78.05,77.91,77.86,78.05,78.89
123.55,123.63,123.67,123.72,123.74,123.79,123.80,123.70,123.43,123.10,122.84,122.57,122.26,121.96,121.66,121.39,121.19,121.05,120.96,120.87,120.74,120.54,120.26,119.98,118.38,116.08,114.94,114.44,114.11,113.80,113.50,113.25,113.01,112.79,112.58,112.30,112.09,111.85,111.49,111.03,110.82,110.59,110.26,109.89,109.83,109.75,109.70,109.67,109.65,109.65,109.65,109.60,109.45,109.26,109.00,108.75,108.54,108.27,107.61,106.53,104.94,102.63,100.00,96.40,92.88,90.14,88.11,86.38,84.82,83.61,83.29,82.95,83.11,83.94,85.50,87.12,88.73,89.95,90.43,89.33,84.20,81.23,80.48,80.12,80.14,80.47,81.01,81.96,83.91,83.59,82.22,80.72,79.95,79.55,79.38,79.29,79.25,79.41,79.77,80.37,81.48,83.73,86.18,90.17,95.25,100.15,103.80,106.22,107.46,107.61,107.59,106.63,105.31,103.94,102.70,101.38,100.02,97.90,94.33,90.55,88.36,86.57,84.64,83.05,84.07,85.20,85.73,85.61,84.92,83.43,81.59,79.70,77.83,77.75,79.34,81.81,83.45,82.91,81.73,80.07,77.45,73.67,70.94,69.19,68.25,67.70,67.47,67.21,66.88,66.51,66.19,65.88,65.62,65.36,64.78,64.16,63.58,63.27,63.88,64.99,64.48,63.06,62.00,61.74,61.59,61.44,61.30,61.20,61.53,62.26,63.18,64.13,64.91,65.52,65.89,65.90,65.65,65.00,64.45,64.31,64.83,65.37,66.06,66.90,67.83,68.76,69.75,70.36,70.18,68.75,66.44,64.34,62.60,61.01,59.82,59.19,58.93,58.86,58.85,58.79,58.75,58.78,58.91,59.00,59.02,58.96,58.77,58.42,58.13,57.90,57.74,57.65,57.51,57.44,57.47,57.53,57.48,57.37,57.30,57.42,57.78,58.18,58.55,58.87,59.18,59.50,60.36,62.49,66.49,69.61,71.23,72.63,74.41,76.11,76.32,75.94,75.45,75.09,74.66,74.24,73.81,73.35,72.98,73.71,74.87,76.13,77.43,78.61,79.30,79.52,79.39,79.18,79.01,78.87,78.93,79.70
123.97,124.06,124.12,124.18,124.17,124.09,123.89,123.60,123.25,122.87,122.54,122.26,122.02,121.71,121.40,121.14,120.93,120.79,120.71,120.63,120.53,120.41,120.22,119.97,117.87,114.76,113.10,112.48,112.10,111.75,111.38,110.95,110.52,110.13,109.86,109.74,109.53,109.29,108.87,108.01,107.04,106.41,105.73,104.89,104.34,104.14,104.06,104.01,103.93,103.85,103.85,103.83,103.70,103.48,103.12,102.72,102.27,101.55,100.53,99.08,97.31,95.39,93.64,91.44,89.17,87.19,85.80,85.01,84.71,84.81,85.09,84.61,83.83,83.19,83.19,84.38,85.83,86.85,86.78,84.55,81.34,79.62,79.15,78.95,78.91,79.00,79.23,79.83,81.11,81.10,80.37,79.46,78.95,78.61,78.40,78.28,78.29,78.50,78.85,79.32,80.09,81.65,84.62,89.47,95.14,99.92,102.98,104.52,105.22,105.50,105.79,105.62,105.19,104.57,103.72,102.55,101.53,100.15,97.63,93.91,90.98,88.41,85.93,83.64,82.67,82.43,82.33,81.87,81.18,80.27,79.24,78.09,76.63,76.26,77.55,79.84,81.19,79.95,77.93,75.67,73.22,70.87,69.28,68.20,67.50,67.04,66.83,66.59,66.27,65.92,65.61,65.39,65.20,64.93,64.34,63.73,63.55,64.05,65.32,66.76,66.63,65.17,63.11,61.92,61.53,61.51,61.65,61.86,62.39,63.23,64.23,65.23,66.13,66.93,67.47,67.59,67.34,66.58,65.88,65.62,66.18,66.76,67.46,68.29,69.23,70.27,71.37,71.67,70.78,69.20,67.13,65.09,63.19,61.47,60.13,59.51,59.28,59.18,59.17,59.11,59.09,59.16,59.31,59.47,59.56,59.53,59.36,59.07,58.79,58.58,58.44,58.36,58.22,58.10,58.02,57.97,57.86,57.72,57.62,57.65,57.85,58.17,58.50,58.81,59.12,59.42,59.95,61.61,65.39,68.82,70.96,72.70,74.58,76.48,77.23,77.22,76.86,76.54,76.13,75.71,75.25,74.72,74.08,74.53,75.58,76.91,78.28,79.37,79.99,80.22,80.17,80.04,79.86,79.68,79.66,80.18
124.38,124.49,124.53,124.52,124.44,124.22,123.82,123.38,123.00,122.61,122.22,121.94,121.73,121.45,121.15,120.89,120.69,120.55,120.46,120.38,120.23,119.92,119.31,118.64,116.07,112.45,110.28,109.53,109.10,108.69,108.25,107.70,107.25,106.92,106.72,106.73,106.49,106.14,105.46,104.07,102.27,101.05,99.88,98.60,97.76,97.48,97.39,97.31,97.19,97.05,97.05,97.07,96.98,96.80,96.46,96.04,95.48,94.55,93.47,92.06,90.58,89.43,88.80,88.06,86.92,85.47,84.52,84.63,85.58,86.89,87.68,87.09,85.54,83.61,82.04,82.34,83.09,83.58,83.04,80.33,79.54,79.14,78.72,78.42,78.35,78.37,78.49,78.73,78.97,79.02,78.78,78.36,78.06,77.76,77.51,77.36,77.43,77.72,78.10,78.49,78.95,79.84,83.14,88.71,94.90,99.39,101.94,102.72,102.93,103.21,103.53,103.88,104.22,104.40,104.06,103.16,102.25,101.36,100.08,97.02,93.53,90.24,87.28,84.51,81.75,80.27,79.70,79.11,78.48,77.98,77.52,76.91,75.59,74.75,75.37,77.03,77.88,76.28,73.93,71.57,69.67,68.91,68.20,67.44,66.75,66.37,66.19,65.95,65.64,65.36,65.08,64.94,64.79,64.49,63.90,63.48,63.85,65.08,66.85,68.49,68.93,67.83,65.15,63.09,62.22,62.06,62.33,62.70,63.35,64.25,65.25,66.24,67.25,68.24,69.05,69.40,69.01,68.07,67.23,66.90,67.50,68.16,68.95,69.87,70.89,72.05,72.83,72.48,70.86,69.08,67.20,65.28,63.44,61.85,60.57,59.95,59.67,59.50,59.48,59.43,59.45,59.58,59.84,60.18,60.35,60.33,60.12,59.81,59.55,59.39,59.31,59.23,59.07,58.85,58.60,58.40,58.24,58.09,57.97,57.90,57.93,58.15,58.44,58.75,59.05,59.36,59.67,60.91,64.21,67.75,70.42,72.62,74.70,76.89,78.15,78.47,78.23,77.99,77.62,77.17,76.64,76.01,75.20,75.31,76.18,77.53,78.90,79.84,80.38,80.64,80.77,80.80,80.65,80.46,80.40,80.66
124.83,124.93,124.83,124.60,124.34,123.99,123.56,123.13,122.74,122.36,121.97,121.64,121.38,121.18,120.90,120.63,120.45,120.35,120.22,120.12,119.72,118.54,116.03,113.82,110.84,107.38,104.77,103.91,103.39,102.89,102.40,102.03,102.24,102.66,103.00,102.89,102.67,102.16,101.02,98.87,96.66,94.99,93.42,92.02,91.69,91.61,91.59,91.57,91.54,91.51,91.51,91.51,91.49,91.45,91.37,91.24,91.03,90.70,90.33,89.77,89.11,88.43,87.56,86.83,85.87,84.81,85.06,86.13,87.53,88.97,89.93,89.33,87.78,85.85,83.91,82.56,81.50,80.89,80.52,79.64,79.22,78.82,78.37,77.98,77.81,77.70,77.73,77.93,78.00,78.02,77.77,77.35,77.11,76.86,76.62,76.50,76.60,76.95,77.38,77.80,78.25,79.11,81.96,87.57,93.86,97.67,99.83,100.54,100.72,100.89,101.25,101.76,102.38,102.91,103.00,102.86,102.40,101.68,100.54,98.36,95.16,91.61,88.02,84.51,81.45,79.66,78.76,78.04,77.36,76.67,76.08,75.55,74.44,73.23,72.50,72.20,71.78,71.05,70.24,69.41,68.59,68.01,67.39,66.68,66.00,65.67,65.53,65.32,65.03,64.80,64.66,64.52,64.35,64.05,63.49,63.79,64.71,66.11,68.02,70.08,71.23,70.94,68.91,66.80,64.95,63.87,63.66,63.61,64.30,65.26,66.25,67.20,68.25,69.39,70.62,71.53,70.70,69.46,68.50,68.16,68.78,69.61,70.72,71.98,73.22,74.44,73.82,72.35,70.61,68.84,67.03,65.32,63.75,62.42,61.47,60.74,60.17,59.83,59.80,59.79,59.85,60.11,60.76,61.53,61.84,61.74,61.36,60.73,60.38,60.22,60.13,60.05,59.81,59.48,59.12,58.74,58.55,58.44,58.33,58.20,58.09,58.16,58.37,58.68,58.99,59.30,59.61,60.51,62.85,66.09,69.14,71.96,74.72,77.52,78.91,79.37,79.38,79.40,79.08,78.56,77.90,77.10,76.27,76.00,76.55,77.74,78.88,79.78,80.34,80.72,81.10,81.47,81.44,81.31,81.26,81.37
