82.31,82.56,82.94,83.37,83.30,82.86,82.30,81.74,81.13,80.63,80.40,80.46,80.58,80.76,80.97,81.18,81.34,81.56,81.77,81.81,81.64,81.38,81.10,80.83,80.56,80.24,79.85,79.54,79.27,78.99,78.69,78.33,77.92,77.50,77.08,76.62,76.22,75.83,75.33,74.66,73.99,73.33,72.65,71.99,71.34,70.69,70.08,69.63,69.29,69.30,69.53,69.82,70.02,70.06,70.22,70.58,70.97,71.33,71.43,71.25,70.84,70.41,69.50,68.15,66.54,65.10,63.67,63.32,64.17,65.63,67.04,68.41,69.50,70.02,70.21,70.43,70.63,70.78,70.93,71.12,71.28,71.41,71.48,71.49,71.33,71.11,70.92,70.73,70.56,70.37,70.14,69.90,69.26,68.94,68.96,69.16,69.34,69.48,69.62,69.62,68.96,67.44,65.09,62.05,58.13,52.65,50.09,49.26,48.84,48.46,48.23,48.36,48.78,49.20,49.61,52.74,57.09,60.10,60.92,61.40,61.78,61.99,62.03,61.82,61.58,61.33,61.06,60.80,60.53,60.23,59.84,59.34,58.86,58.44,58.08,57.79,57.64,57.61,57.64,57.65,57.69,57.91,58.27,58.79,59.64,60.02,60.09,60.00,59.40,55.66,50.98,47.05,44.98,44.60,44.45,44.32,44.21,44.15,44.03,43.95,43.93,43.97,43.97,43.98,43.91,43.74,43.56,43.27,42.92,42.55,42.25,41.91,41.53,41.16,40.84,40.64,40.58,40.54,40.49,40.46,40.45,40.43,40.39,40.36,40.31,40.24,40.19,40.15,40.10,40.04,40.00,39.98,39.91,39.90,39.85,39.79,39.76,39.76,39.76,39.76,39.76,39.76,39.76,39.76,39.76,39.76,39.76,39.76,39.76,39.76,39.76,39.76,39.76,39.75,39.71,39.70,39.70,39.72,39.76,39.83,39.86,39.86,39.86,39.87,39.87,39.87,39.84,39.75,39.50,39.20,38.89,38.57,38.23,37.91,37.65,37.45,37.27,37.07,36.88,36.69,36.50,36.34,36.18,36.03,35.88,35.72,35.56,35.41,35.25,35.10,34.95,34.79,34.64,34.48,34.29,34.13
82.99,83.10,83.31,83.73,83.54,83.03,82.43,81.87,81.26,80.76,80.56,80.64,80.73,80.93,81.15,81.36,81.53,81.75,81.98,82.05,81.87,81.59,81.33,81.06,80.75,80.45,80.20,79.92,79.64,79.38,79.02,78.62,78.20,77.73,77.27,76.82,76.45,76.13,75.78,75.16,74.47,73.75,73.01,72.30,71.61,70.91,70.28,69.84,69.56,69.62,69.87,70.17,70.45,70.56,70.70,70.97,71.32,71.64,71.69,71.46,70.99,70.53,69.73,68.56,67.07,65.65,64.25,63.62,63.98,65.25,66.57,67.89,69.07,69.90,70.16,70.37,70.56,70.72,70.89,71.10,71.32,71.51,71.60,71.60,71.45,71.23,71.02,70.86,70.70,70.51,70.30,70.14,70.00,69.92,69.90,69.97,69.98,69.99,70.03,70.06,69.88,68.69,66.23,62.97,59.44,53.89,50.73,49.44,49.06,48.70,48.38,48.46,48.87,49.25,49.58,52.51,56.78,60.05,60.87,61.29,61.71,62.12,62.41,62.27,62.02,61.77,61.53,61.23,60.91,60.64,60.43,60.30,60.19,60.09,60.00,59.91,59.89,59.88,59.88,59.88,59.87,59.93,59.99,60.05,60.18,60.26,60.20,60.06,59.36,54.82,49.95,46.41,45.01,44.70,44.65,44.64,44.65,44.70,44.72,44.75,44.78,44.76,44.73,44.65,44.43,44.07,43.77,43.46,43.10,42.73,42.40,42.02,41.64,41.25,40.89,40.65,40.54,40.50,40.47,40.41,40.40,40.39,40.36,40.30,40.29,40.24,40.17,40.11,40.09,40.04,40.00,39.98,39.91,39.89,39.84,39.77,39.71,39.70,39.70,39.70,39.70,39.70,39.70,39.70,39.70,39.70,39.70,39.70,39.70,39.70,39.70,39.70,39.70,39.70,39.70,39.70,39.70,39.70,39.72,39.78,39.79,39.78,39.76,39.70,39.68,39.68,39.66,39.56,39.35,39.07,38.75,38.43,38.07,37.81,37.61,37.44,37.23,37.05,36.85,36.65,36.49,36.34,36.18,36.03,35.87,35.71,35.55,35.40,35.24,35.09,34.94,34.78,34.63,34.46,34.25,34.08
83.43,83.63,83.83,84.13,83.83,83.24,82.60,82.00,81.38,80.93,80.75,80.83,80.92,81.12,81.32,81.50,81.72,81.94,82.14,82.20,82.07,81.83,81.54,81.25,80.95,80.70,80.47,80.22,79.95,79.65,79.27,78.85,78.39,77.92,77.41,77.03,76.70,76.41,76.12,75.62,74.98,74.27,73.55,72.80,72.09,71.40,70.76,70.31,70.05,70.08,70.30,70.64,71.13,71.26,71.39,71.61,71.84,72.08,71.96,71.52,71.01,70.55,69.72,68.50,66.92,65.39,64.28,63.87,64.13,64.91,66.13,67.41,68.64,69.71,70.12,70.33,70.50,70.67,70.88,71.10,71.30,71.50,71.70,71.69,71.55,71.37,71.20,71.04,70.89,70.72,70.54,70.34,70.24,70.20,70.19,70.21,70.21,70.21,70.20,70.16,70.00,68.78,66.11,62.62,59.13,54.21,51.01,49.47,49.15,48.87,48.61,48.60,48.87,49.21,49.56,52.13,56.18,59.92,60.81,61.25,61.68,62.10,62.55,62.66,62.48,62.15,61.86,61.55,61.20,60.93,60.81,60.68,60.59,60.54,60.50,60.44,60.43,60.39,60.35,60.34,60.30,60.30,60.31,60.33,60.39,60.34,60.22,59.97,58.89,53.81,49.21,46.35,45.52,45.42,45.41,45.44,45.49,45.52,45.57,45.60,45.57,45.40,45.18,44.95,44.65,44.28,43.96,43.61,43.23,42.84,42.42,42.03,41.64,41.26,40.89,40.59,40.51,40.47,40.43,40.40,40.35,40.33,40.30,40.24,40.23,40.21,40.17,40.11,40.09,40.04,40.00,39.98,39.91,39.85,39.81,39.77,39.70,39.70,39.70,39.70,39.70,39.70,39.70,39.70,39.70,39.70,39.70,39.70,39.70,39.70,39.70,39.70,39.70,39.70,39.70,39.70,39.70,39.70,39.70,39.72,39.69,39.63,39.59,39.56,39.51,39.49,39.47,39.38,39.21,38.94,38.61,38.26,37.98,37.79,37.59,37.39,37.21,37.01,36.82,36.65,36.49,36.34,36.18,36.03,35.86,35.66,35.49,35.34,35.19,35.03,34.88,34.73,34.57,34.41,34.23,34.08
83.59,83.91,84.19,84.47,84.11,83.48,82.81,82.16,81.52,81.11,80.97,81.05,81.11,81.31,81.49,81.67,81.90,82.14,82.31,82.38,82.29,82.05,81.75,81.45,81.18,80.95,80.72,80.47,80.19,79.87,79.47,79.02,78.55,78.08,77.61,77.26,76.97,76.70,76.42,76.05,75.47,74.79,74.08,73.34,72.61,71.92,71.31,70.92,70.70,70.69,70.83,71.13,71.64,71.85,71.99,72.16,72.31,72.38,72.09,71.55,71.01,70.49,69.56,68.19,66.51,65.18,64.70,64.62,64.74,65.08,65.89,67.03,68.30,69.47,70.04,70.28,70.45,70.64,70.87,71.12,71.34,71.55,71.82,71.79,71.68,71.54,71.39,71.23,71.08,70.92,70.76,70.56,70.47,70.42,70.40,70.40,70.38,70.33,70.25,70.16,69.95,68.02,64.84,61.38,58.62,54.69,51.44,49.58,49.29,49.08,48.85,48.79,48.93,49.22,49.56,51.67,55.44,59.75,60.71,61.19,61.67,62.16,62.70,62.96,62.84,62.49,62.18,61.85,61.49,61.24,61.15,61.03,60.95,60.89,60.86,60.81,60.78,60.72,60.67,60.66,60.56,60.53,60.52,60.50,60.50,60.37,60.22,59.86,58.43,53.45,49.23,46.79,46.24,46.23,46.26,46.30,46.34,46.34,46.32,46.24,46.08,45.79,45.49,45.16,44.79,44.39,44.05,43.67,43.29,42.89,42.46,42.06,41.68,41.29,40.92,40.58,40.48,40.44,40.39,40.36,40.32,40.29,40.25,40.20,40.17,40.16,40.14,40.07,40.06,40.02,39.99,39.95,39.90,39.83,39.78,39.75,39.70,39.67,39.66,39.66,39.66,39.66,39.66,39.66,39.66,39.66,39.66,39.66,39.66,39.66,39.66,39.66,39.66,39.66,39.66,39.66,39.66,39.66,39.66,39.66,39.61,39.52,39.43,39.40,39.33,39.30,39.27,39.19,39.07,38.80,38.47,38.18,37.95,37.78,37.58,37.37,37.20,36.98,36.80,36.64,36.46,36.30,36.15,35.99,35.83,35.63,35.47,35.31,35.16,35.00,34.85,34.69,34.54,34.39,34.23,34.08
83.54,83.94,84.37,84.72,84.35,83.72,83.03,82.34,81.66,81.31,81.22,81.28,81.31,81.50,81.68,81.86,82.09,82.32,82.50,82.59,82.53,82.25,81.94,81.66,81.43,81.19,80.95,80.67,80.37,80.04,79.60,79.14,78.68,78.23,77.84,77.52,77.25,76.99,76.70,76.43,75.94,75.29,74.60,73.89,73.14,72.46,71.91,71.63,71.50,71.43,71.44,71.64,72.00,72.31,72.51,72.61,72.72,72.51,72.07,71.53,70.98,70.39,69.29,67.72,65.99,65.22,65.55,65.83,65.78,65.75,65.92,66.79,68.05,69.20,69.94,70.23,70.43,70.66,70.89,71.18,71.44,71.69,71.94,71.92,71.83,71.72,71.57,71.42,71.27,71.11,70.96,70.80,70.71,70.63,70.58,70.56,70.48,70.37,70.19,69.97,69.44,66.37,62.64,59.56,58.02,55.26,52.01,49.80,49.50,49.31,49.10,48.99,49.05,49.29,49.59,51.23,54.70,59.58,60.62,61.14,61.70,62.30,62.90,63.19,63.11,62.80,62.48,62.12,61.78,61.56,61.48,61.40,61.32,61.24,61.19,61.17,61.11,61.03,60.97,60.94,60.81,60.76,60.73,60.65,60.53,60.37,60.22,59.76,58.04,53.71,49.92,47.64,47.11,47.07,47.12,47.15,47.14,47.09,46.91,46.66,46.35,45.98,45.66,45.30,44.89,44.45,44.07,43.68,43.30,42.90,42.51,42.12,41.73,41.35,40.96,40.59,40.45,40.41,40.38,40.32,40.30,40.25,40.20,40.19,40.13,40.11,40.08,40.02,40.01,40.00,39.96,39.91,39.88,39.82,39.75,39.70,39.69,39.63,39.61,39.61,39.61,39.61,39.61,39.61,39.61,39.61,39.61,39.61,39.61,39.61,39.61,39.61,39.61,39.61,39.61,39.61,39.61,39.61,39.61,39.61,39.55,39.45,39.32,39.24,39.16,39.12,39.09,39.01,38.92,38.64,38.35,38.17,37.95,37.77,37.58,37.36,37.20,36.98,36.80,36.62,36.41,36.25,36.09,35.94,35.78,35.62,35.47,35.31,35.16,35.00,34.85,34.69,34.54,34.39,34.23,34.08
83.58,83.96,84.33,84.63,84.43,83.87,83.17,82.47,81.79,81.48,81.42,81.49,81.54,81.67,81.84,82.05,82.28,82.47,82.67,82.78,82.73,82.49,82.19,81.89,81.62,81.34,81.06,80.76,80.45,80.13,79.72,79.27,78.83,78.42,78.04,77.75,77.51,77.25,76.95,76.71,76.34,75.80,75.11,74.41,73.69,73.05,72.57,72.41,72.31,72.24,72.19,72.24,72.47,72.80,73.00,73.03,73.00,72.53,71.94,71.36,70.82,70.25,68.94,67.24,65.87,66.16,66.82,67.19,67.12,66.81,66.45,66.89,67.90,69.06,69.86,70.26,70.55,70.81,71.06,71.35,71.61,71.86,72.08,72.04,71.94,71.82,71.70,71.55,71.43,71.30,71.15,71.00,70.91,70.81,70.68,70.53,70.41,70.26,69.90,68.87,66.32,63.03,60.28,58.37,57.12,54.99,52.22,50.19,49.74,49.53,49.34,49.20,49.18,49.40,49.62,51.25,54.75,59.63,60.79,61.38,61.98,62.59,63.19,63.42,63.33,63.06,62.75,62.41,62.09,61.87,61.80,61.72,61.64,61.59,61.55,61.50,61.39,61.27,61.15,61.05,60.91,60.79,60.73,60.68,60.58,60.39,60.22,59.71,57.90,54.14,50.70,48.50,47.95,47.94,47.97,47.90,47.70,47.46,47.15,46.81,46.44,46.06,45.70,45.32,44.92,44.51,44.12,43.74,43.32,42.91,42.52,42.13,41.75,41.36,40.98,40.59,40.44,40.38,40.34,40.30,40.26,40.22,40.19,40.14,40.11,40.06,40.03,39.99,39.95,39.94,39.92,39.89,39.84,39.77,39.72,39.68,39.64,39.61,39.60,39.60,39.60,39.60,39.60,39.60,39.60,39.59,39.55,39.54,39.54,39.54,39.54,39.54,39.54,39.54,39.54,39.54,39.54,39.54,39.55,39.59,39.58,39.49,39.35,39.27,39.15,39.05,38.96,38.87,38.76,38.55,38.32,38.12,37.94,37.73,37.54,37.35,37.16,36.97,36.77,36.58,36.39,36.24,36.08,35.93,35.78,35.62,35.47,35.31,35.16,35.00,34.85,34.69,34.54,34.39,34.23,34.08
83.66,83.99,84.31,84.58,84.45,83.92,83.22,82.53,81.86,81.63,81.61,81.69,81.77,81.84,82.01,82.24,82.46,82.63,82.84,82.98,82.95,82.71,82.40,82.08,81.78,81.47,81.16,80.85,80.54,80.22,79.86,79.42,78.99,78.61,78.25,77.99,77.76,77.51,77.23,76.97,76.69,76.26,75.61,74.92,74.22,73.65,73.28,73.21,73.14,73.06,72.98,72.94,73.02,73.29,73.43,73.33,73.09,72.46,71.80,71.19,70.60,69.92,68.44,66.93,66.33,67.42,68.21,68.53,68.41,67.86,67.19,67.19,67.84,68.92,69.73,70.26,70.64,70.94,71.22,71.53,71.81,72.05,72.21,72.16,72.03,71.91,71.80,71.62,71.48,71.35,71.20,71.07,71.00,70.87,70.68,70.47,70.30,69.94,68.96,66.83,63.06,60.15,58.37,57.27,56.12,54.48,52.22,50.46,49.98,49.72,49.55,49.41,49.35,49.56,49.78,51.74,55.39,59.77,60.94,61.59,62.24,62.89,63.50,63.66,63.54,63.30,63.01,62.70,62.39,62.16,62.06,61.97,61.87,61.80,61.73,61.61,61.45,61.27,61.11,60.98,60.84,60.70,60.63,60.62,60.55,60.39,60.22,59.74,58.11,54.88,51.69,49.49,48.78,48.68,48.59,48.39,48.05,47.66,47.28,46.89,46.50,46.12,45.73,45.33,44.94,44.55,44.16,43.77,43.34,42.91,42.52,42.13,41.73,41.34,40.95,40.56,40.41,40.35,40.30,40.27,40.23,40.19,40.16,40.11,40.08,40.04,39.99,39.96,39.89,39.88,39.88,39.86,39.78,39.72,39.69,39.66,39.60,39.58,39.58,39.58,39.58,39.58,39.58,39.58,39.58,39.56,39.50,39.48,39.48,39.48,39.48,39.48,39.48,39.48,39.48,39.48,39.48,39.48,39.49,39.58,39.62,39.55,39.42,39.33,39.19,39.03,38.89,38.79,38.61,38.46,38.29,38.08,37.91,37.70,37.51,37.33,37.12,36.94,36.74,36.55,36.39,36.24,36.08,35.93,35.78,35.62,35.47,35.31,35.16,35.00,34.85,34.69,34.53,34.37,34.20,34.06
83.74,84.06,84.38,84.68,84.44,83.86,83.16,82.48,81.86,81.74,81.80,81.88,81.96,82.03,82.20,82.43,82.65,82.82,83.03,83.19,83.19,82.92,82.56,82.22,81.91,81.60,81.29,80.98,80.67,80.36,80.04,79.61,79.18,78.81,78.50,78.25,78.01,77.78,77.53,77.24,76.98,76.63,76.10,75.42,74.73,74.26,74.05,74.03,73.97,73.89,73.80,73.73,73.68,73.80,73.77,73.45,72.91,72.29,71.66,71.03,70.31,69.29,67.73,66.90,67.61,68.89,69.63,69.80,69.48,68.77,68.06,67.70,67.89,68.77,69.55,70.18,70.64,70.97,71.33,71.71,72.04,72.28,72.34,72.23,72.12,72.01,71.84,71.56,71.34,71.16,71.02,70.94,70.91,70.77,70.57,70.40,70.18,69.29,67.06,63.57,60.48,58.60,57.28,56.15,55.05,53.86,51.98,50.50,50.19,49.95,49.78,49.66,49.64,49.84,50.24,52.88,56.75,60.00,61.02,61.70,62.41,63.15,63.80,63.89,63.73,63.50,63.25,62.94,62.63,62.38,62.24,62.09,61.95,61.78,61.57,61.37,61.15,60.93,60.75,60.66,60.58,60.49,60.44,60.44,60.42,60.34,60.22,59.89,58.82,56.05,53.01,50.66,49.57,49.17,48.84,48.49,48.11,47.72,47.34,46.95,46.56,46.18,45.79,45.35,44.93,44.55,44.16,43.77,43.34,42.90,42.51,42.13,41.70,41.27,40.88,40.50,40.36,40.31,40.28,40.23,40.20,40.16,40.11,40.09,40.03,40.01,39.97,39.91,39.83,39.81,39.81,39.80,39.72,39.70,39.66,39.61,39.59,39.53,39.52,39.52,39.52,39.52,39.52,39.52,39.52,39.50,39.44,39.41,39.41,39.41,39.41,39.41,39.41,39.41,39.41,39.41,39.41,39.41,39.44,39.56,39.65,39.62,39.47,39.39,39.25,39.09,38.94,38.78,38.51,38.36,38.25,38.07,37.86,37.68,37.48,37.28,37.11,36.89,36.71,36.55,36.39,36.24,36.08,35.93,35.77,35.62,35.46,35.31,35.15,35.00,34.85,34.69,34.51,34.30,34.15,34.04
83.81,84.12,84.45,84.75,84.41,83.79,83.10,82.44,82.00,81.97,82.04,82.12,82.23,82.25,82.39,82.62,82.84,83.01,83.22,83.40,83.48,83.37,83.04,82.67,82.33,82.02,81.68,81.36,81.03,80.68,80.30,79.82,79.39,79.06,78.79,78.51,78.27,78.03,77.79,77.50,77.24,76.96,76.56,75.93,75.33,74.98,74.86,74.85,74.78,74.71,74.59,74.39,74.16,74.01,73.75,73.28,72.64,72.04,71.44,70.80,70.04,68.87,67.67,67.42,68.59,69.72,70.33,70.42,70.04,69.31,68.61,68.16,68.19,68.89,69.62,70.24,70.75,71.18,71.63,72.04,72.34,72.49,72.43,72.22,72.02,71.82,71.61,71.35,71.08,70.89,70.78,70.71,70.69,70.65,70.53,70.34,70.11,68.17,64.97,61.33,59.14,57.69,56.46,55.28,54.11,52.96,51.89,51.27,51.33,51.40,51.33,51.22,51.32,52.19,53.34,55.80,58.65,60.54,61.45,62.14,62.83,63.55,64.16,64.17,63.95,63.68,63.39,62.99,62.56,62.23,62.04,61.88,61.69,61.50,61.30,61.07,60.83,60.60,60.42,60.34,60.27,60.22,60.22,60.25,60.25,60.25,60.18,59.93,59.06,56.66,53.83,51.36,49.84,49.34,48.91,48.51,48.12,47.70,47.30,46.89,46.48,46.09,45.70,45.27,44.84,44.44,44.02,43.62,43.20,42.75,42.36,41.98,41.54,41.12,40.77,40.43,40.29,40.25,40.24,40.20,40.16,40.13,40.09,40.05,40.01,39.97,39.94,39.89,39.81,39.77,39.75,39.74,39.70,39.66,39.60,39.55,39.55,39.51,39.47,39.45,39.45,39.45,39.45,39.45,39.44,39.40,39.36,39.35,39.35,39.35,39.35,39.35,39.35,39.35,39.35,39.35,39.32,39.33,39.41,39.52,39.64,39.65,39.53,39.46,39.31,39.11,38.89,38.69,38.39,38.30,38.24,38.07,37.84,37.67,37.48,37.27,37.11,36.88,36.70,36.55,36.39,36.24,36.08,35.93,35.76,35.58,35.41,35.26,35.11,34.95,34.80,34.64,34.47,34.29,34.17,34.08
83.87,84.18,84.51,84.79,84.38,83.73,83.03,82.42,82.19,82.21,82.30,82.42,82.54,82.50,82.59,82.81,83.02,83.19,83.41,83.61,83.74,83.81,83.58,83.22,82.86,82.54,82.17,81.83,81.48,81.06,80.60,80.07,79.62,79.32,79.08,78.78,78.52,78.29,78.05,77.76,77.50,77.26,76.97,76.43,75.97,75.69,75.59,75.53,75.42,75.29,75.11,74.78,74.40,74.02,73.57,73.01,72.36,71.77,71.17,70.53,69.77,68.56,67.85,68.11,69.37,70.27,70.79,70.81,70.38,69.69,69.03,68.61,68.61,69.15,69.81,70.38,70.92,71.44,71.97,72.40,72.61,72.60,72.40,72.10,71.79,71.51,71.28,71.05,70.78,70.59,70.51,70.46,70.46,70.50,70.49,70.25,69.88,66.82,62.94,59.67,58.23,56.97,55.73,54.50,53.30,52.30,52.13,52.48,53.05,53.58,53.83,53.87,54.12,55.45,57.05,58.88,60.45,61.23,62.04,62.71,63.35,63.99,64.51,64.42,64.09,63.72,63.38,62.89,62.37,61.95,61.73,61.56,61.34,61.15,60.98,60.75,60.52,60.14,59.75,59.55,59.37,59.27,59.32,59.57,59.85,60.02,59.91,59.51,58.62,56.45,53.95,51.61,49.89,49.35,48.90,48.46,48.06,47.61,47.21,46.78,46.34,45.95,45.56,45.12,44.69,44.29,43.84,43.43,43.01,42.56,42.18,41.80,41.38,40.97,40.66,40.35,40.22,40.19,40.19,40.18,40.13,40.09,40.07,40.01,39.99,39.94,39.89,39.87,39.81,39.74,39.69,39.69,39.68,39.61,39.54,39.50,39.50,39.49,39.43,39.39,39.38,39.38,39.38,39.38,39.35,39.29,39.29,39.29,39.29,39.29,39.29,39.29,39.29,39.29,39.29,39.27,39.23,39.24,39.38,39.48,39.62,39.67,39.60,39.50,39.34,39.09,38.80,38.56,38.27,38.22,38.21,38.05,37.84,37.66,37.47,37.27,37.09,36.88,36.69,36.53,36.38,36.23,36.06,35.91,35.74,35.53,35.37,35.21,35.06,34.90,34.75,34.59,34.44,34.31,34.23,34.16
83.94,84.25,84.56,84.79,84.33,83.67,82.97,82.39,82.33,82.44,82.60,82.78,82.86,82.77,82.81,82.98,83.16,83.37,83.60,83.80,83.94,84.02,84.01,83.79,83.42,83.11,82.73,82.40,82.02,81.51,80.99,80.41,79.91,79.57,79.33,79.04,78.78,78.54,78.31,78.06,77.78,77.52,77.27,76.95,76.62,76.28,75.99,75.74,75.44,75.12,74.79,74.41,74.03,73.64,73.21,72.72,72.19,71.52,70.86,70.22,69.47,68.39,68.20,68.79,69.86,70.58,71.17,71.16,70.58,69.90,69.35,69.08,69.14,69.58,70.15,70.69,71.21,71.70,72.23,72.70,72.70,72.38,72.05,71.73,71.38,71.07,70.84,70.67,70.43,70.27,70.21,70.20,70.25,70.31,70.33,70.08,69.11,65.18,61.28,58.91,57.53,56.23,54.97,53.73,52.66,52.67,53.27,54.33,55.74,56.93,58.10,58.79,59.08,59.66,60.17,60.78,61.43,62.04,62.76,63.41,63.98,64.46,64.75,64.48,63.93,63.34,62.96,62.55,62.09,61.68,61.41,61.24,61.03,60.84,60.66,60.44,60.20,59.20,57.95,57.23,56.60,56.17,56.34,57.34,58.80,59.41,58.88,57.66,56.48,54.23,52.35,50.89,49.76,49.24,48.73,48.28,47.88,47.42,47.02,46.59,46.15,45.76,45.37,44.93,44.50,44.10,43.65,43.24,42.81,42.37,41.99,41.66,41.28,40.91,40.59,40.23,40.13,40.13,40.13,40.12,40.10,40.06,40.02,39.99,39.94,39.91,39.88,39.82,39.80,39.74,39.67,39.63,39.61,39.55,39.51,39.50,39.49,39.44,39.41,39.37,39.33,39.33,39.33,39.29,39.24,39.23,39.23,39.23,39.23,39.23,39.23,39.23,39.23,39.23,39.22,39.17,39.13,39.17,39.33,39.47,39.62,39.69,39.65,39.51,39.26,38.97,38.68,38.44,38.14,38.10,38.11,38.00,37.83,37.63,37.43,37.25,37.04,36.86,36.66,36.47,36.31,36.16,36.00,35.85,35.69,35.52,35.36,35.21,35.06,34.90,34.75,34.59,34.46,34.37,34.30,34.22
84.04,84.33,84.63,84.72,84.20,83.54,82.94,82.53,82.61,82.76,82.94,83.11,83.14,83.03,83.03,83.17,83.33,83.56,83.79,83.99,84.13,84.21,84.28,84.22,83.99,83.68,83.30,82.91,82.45,81.91,81.37,80.77,80.22,79.78,79.51,79.24,78.97,78.71,78.48,78.22,77.90,77.58,77.28,76.99,76.66,76.30,75.92,75.61,75.23,74.85,74.45,74.03,73.65,73.26,72.84,72.38,71.94,71.33,70.66,69.98,69.26,68.39,68.51,69.24,70.18,70.91,71.52,71.50,70.91,70.29,69.83,69.64,69.73,70.11,70.60,71.11,71.61,72.11,72.60,72.81,72.59,72.11,71.67,71.32,70.97,70.66,70.28,69.27,68.02,67.36,67.48,68.17,69.21,69.90,69.94,68.96,66.55,62.87,59.84,58.18,56.91,55.60,54.34,53.34,53.11,53.67,54.54,55.79,57.52,59.13,60.59,61.45,61.73,61.91,61.98,62.16,62.50,63.02,63.65,64.25,64.68,64.84,64.66,64.18,63.48,62.81,62.48,62.10,61.68,61.33,61.13,60.97,60.75,60.55,60.27,59.69,58.59,56.91,55.22,54.21,53.44,52.99,53.06,53.79,54.93,55.39,55.11,54.37,53.53,52.04,50.95,50.16,49.49,49.03,48.59,48.14,47.69,47.23,46.83,46.40,45.96,45.57,45.18,44.74,44.31,43.91,43.46,43.05,42.64,42.22,41.84,41.52,41.16,40.80,40.48,40.11,40.02,40.02,40.03,40.05,40.03,39.99,39.95,39.95,39.88,39.86,39.84,39.80,39.76,39.72,39.66,39.59,39.56,39.52,39.48,39.45,39.45,39.41,39.38,39.34,39.29,39.26,39.26,39.22,39.16,39.16,39.16,39.16,39.16,39.16,39.16,39.16,39.16,39.15,39.12,39.08,39.08,39.16,39.30,39.43,39.58,39.64,39.58,39.39,39.13,38.84,38.55,38.31,38.01,37.95,37.97,37.93,37.78,37.59,37.42,37.24,37.02,36.86,36.65,36.45,36.29,36.14,35.98,35.83,35.67,35.52,35.36,35.21,35.06,34.91,34.78,34.63,34.51,34.44,34.36,34.28
84.19,84.43,84.69,84.61,84.02,83.41,82.96,82.81,82.97,83.14,83.30,83.42,83.41,83.28,83.26,83.36,83.52,83.75,83.97,84.17,84.32,84.40,84.48,84.55,84.52,84.23,83.85,83.38,82.84,82.29,81.73,81.13,80.50,79.95,79.63,79.38,79.10,78.81,78.55,78.25,77.88,77.50,77.12,76.74,76.36,75.98,75.61,75.30,74.91,74.52,74.11,73.66,73.27,72.88,72.46,72.01,71.61,71.15,70.53,69.81,69.15,68.54,68.81,69.55,70.40,71.23,71.86,71.85,71.32,70.80,70.40,70.27,70.36,70.69,71.13,71.59,72.09,72.59,72.97,72.80,72.37,71.82,71.30,70.90,70.44,69.93,69.10,66.92,64.50,63.30,63.62,65.05,67.15,68.46,68.52,66.75,63.11,60.38,58.58,57.43,56.27,55.03,53.89,53.35,54.16,55.01,55.87,57.05,58.80,60.68,62.07,62.82,63.04,63.06,63.07,63.26,63.62,64.10,64.63,65.09,65.28,65.03,64.34,63.64,62.88,62.19,61.94,61.58,61.21,60.95,60.85,60.71,60.50,60.20,59.64,58.40,56.13,53.95,52.27,51.22,50.53,50.24,50.15,50.17,50.33,50.39,50.60,50.82,50.59,50.15,49.81,49.51,49.15,48.76,48.42,48.00,47.50,47.05,46.64,46.21,45.77,45.38,44.99,44.55,44.12,43.72,43.27,42.87,42.48,42.09,41.72,41.40,41.04,40.69,40.36,40.00,39.91,39.91,39.93,39.98,39.94,39.91,39.91,39.89,39.83,39.80,39.80,39.78,39.72,39.70,39.65,39.58,39.52,39.49,39.45,39.41,39.41,39.39,39.34,39.30,39.27,39.22,39.20,39.16,39.10,39.09,39.09,39.09,39.09,39.09,39.09,39.09,39.09,39.07,39.01,39.00,39.04,39.14,39.29,39.38,39.51,39.54,39.43,39.21,38.97,38.70,38.42,38.18,37.89,37.79,37.82,37.86,37.73,37.58,37.41,37.24,37.02,36.85,36.65,36.45,36.29,36.14,35.98,35.83,35.67,35.52,35.36,35.21,35.06,34.92,34.83,34.70,34.58,34.50,34.42,34.34
84.41,84.59,84.70,84.40,83.77,83.37,83.22,83.25,83.32,83.50,83.68,83.78,83.68,83.53,83.49,83.55,83.71,83.94,84.13,84.32,84.50,84.59,84.71,84.81,84.84,84.71,84.33,83.83,83.26,82.66,82.02,81.36,80.66,80.02,79.65,79.40,79.09,78.73,78.39,78.03,77.62,77.20,76.82,76.43,76.05,75.66,75.29,74.97,74.55,74.15,73.73,73.28,72.89,72.50,72.08,71.63,71.24,70.79,70.30,69.78,69.26,68.88,69.15,69.79,70.60,71.44,72.17,72.28,71.83,71.37,71.09,71.01,71.10,71.37,71.72,72.16,72.63,73.03,73.06,72.65,72.09,71.50,70.93,70.52,69.32,67.52,65.27,62.69,61.18,60.59,60.76,61.45,62.36,62.87,62.78,61.84,60.13,58.76,57.60,56.52,55.47,54.42,54.03,54.38,55.36,56.32,57.20,58.38,60.14,62.17,63.48,64.07,64.15,64.15,64.15,64.34,64.70,65.17,65.65,65.64,65.25,64.55,63.70,62.96,62.21,61.56,61.32,61.00,60.74,60.59,60.55,60.45,60.29,59.56,58.04,55.68,53.01,51.39,50.61,50.14,49.84,49.73,49.64,49.54,49.56,49.56,49.66,49.78,49.70,49.50,49.38,49.20,48.83,48.45,48.12,47.75,47.32,46.90,46.47,46.05,45.63,45.20,44.80,44.36,43.93,43.53,43.08,42.72,42.35,41.98,41.64,41.29,40.94,40.60,40.25,39.97,39.90,39.90,39.91,39.92,39.91,39.90,39.90,39.89,39.82,39.80,39.78,39.73,39.70,39.66,39.62,39.58,39.51,39.45,39.41,39.40,39.39,39.35,39.31,39.27,39.23,39.20,39.15,39.12,39.09,39.04,39.04,39.04,39.04,39.04,39.04,39.04,39.01,38.96,38.94,38.94,38.98,39.09,39.24,39.37,39.44,39.38,39.19,38.96,38.73,38.51,38.30,38.06,37.76,37.66,37.70,37.75,37.70,37.58,37.39,37.19,37.01,36.81,36.62,36.45,36.29,36.14,35.98,35.83,35.67,35.52,35.36,35.21,35.07,34.97,34.89,34.76,34.64,34.56,34.48,34.41
84.62,84.70,84.59,84.14,83.66,83.52,83.62,83.78,83.76,83.89,84.04,84.09,83.94,83.78,83.71,83.74,83.90,84.13,84.30,84.49,84.70,84.81,84.93,85.02,85.06,85.03,84.71,84.20,83.58,82.88,82.14,81.40,80.66,79.98,79.59,79.29,78.95,78.56,78.18,77.79,77.35,76.93,76.56,76.18,75.79,75.39,75.00,74.66,74.23,73.83,73.42,72.99,72.60,72.22,71.80,71.38,70.98,70.59,70.23,69.88,69.48,69.25,69.49,70.06,70.82,71.64,72.44,72.67,72.36,72.02,71.83,71.76,71.82,72.06,72.36,72.77,73.11,73.22,72.91,72.34,71.74,71.15,70.50,69.46,67.38,64.75,62.11,60.06,59.32,59.11,59.10,59.27,59.41,59.38,59.15,58.71,58.20,57.53,56.66,55.69,55.09,54.61,54.82,55.60,56.51,57.51,58.55,59.91,61.80,63.94,64.96,65.26,65.23,65.23,65.23,65.44,65.78,66.13,66.20,65.70,64.90,63.95,63.04,62.24,61.51,60.93,60.69,60.44,60.28,60.18,60.05,59.80,59.45,58.41,56.43,53.66,51.14,50.02,49.79,49.65,49.56,49.50,49.41,49.28,49.25,49.25,49.23,49.21,49.17,49.06,49.02,48.88,48.52,48.13,47.80,47.45,47.07,46.68,46.27,45.87,45.46,45.01,44.62,44.17,43.74,43.34,42.91,42.58,42.23,41.86,41.55,41.17,40.83,40.50,40.15,39.95,39.90,39.90,39.90,39.90,39.90,39.90,39.89,39.86,39.81,39.78,39.75,39.70,39.67,39.63,39.59,39.55,39.50,39.43,39.40,39.39,39.36,39.31,39.28,39.24,39.19,39.17,39.12,39.09,39.05,39.01,38.98,38.97,38.97,38.97,38.97,38.95,38.91,38.87,38.87,38.87,38.93,39.06,39.20,39.32,39.30,39.17,38.94,38.73,38.50,38.30,38.11,37.89,37.78,37.64,37.57,37.64,37.63,37.53,37.36,37.16,36.98,36.77,36.60,36.45,36.29,36.14,35.98,35.82,35.64,35.49,35.35,35.22,35.11,35.03,34.95,34.83,34.70,34.63,34.55,34.47
84.79,84.71,84.37,83.87,83.73,83.89,84.17,84.39,84.29,84.33,84.37,84.34,84.19,84.04,83.93,83.93,84.10,84.32,84.50,84.69,84.91,85.06,85.15,85.19,85.19,85.16,84.99,84.48,83.75,82.92,82.10,81.27,80.50,79.87,79.47,79.09,78.72,78.33,77.94,77.55,77.11,76.71,76.38,75.99,75.60,75.19,74.75,74.37,73.98,73.59,73.20,72.81,72.42,72.03,71.65,71.26,70.90,70.64,70.40,70.13,69.83,69.65,69.87,70.38,71.09,71.87,72.69,73.04,72.93,72.75,72.59,72.49,72.52,72.76,73.05,73.39,73.47,73.14,72.53,71.91,71.33,70.75,69.89,67.64,64.71,61.97,60.12,59.37,58.98,58.72,58.58,58.66,58.73,58.62,58.30,57.78,57.31,56.66,55.84,55.12,55.25,55.65,56.21,56.87,57.64,58.64,60.01,61.75,63.82,65.97,66.49,66.44,66.33,66.31,66.30,66.51,66.79,66.85,66.18,65.28,64.31,63.33,62.39,61.48,60.75,60.25,60.00,59.80,59.72,59.59,59.24,58.63,57.89,56.71,54.92,52.56,50.64,49.84,49.67,49.53,49.45,49.33,49.19,49.05,48.98,48.96,48.92,48.84,48.77,48.67,48.64,48.52,48.19,47.81,47.48,47.14,46.75,46.37,46.03,45.67,45.26,44.81,44.43,43.98,43.56,43.17,42.78,42.45,42.10,41.74,41.42,41.05,40.72,40.38,40.04,39.92,39.90,39.90,39.90,39.90,39.90,39.90,39.88,39.82,39.80,39.75,39.71,39.69,39.63,39.60,39.56,39.51,39.49,39.43,39.40,39.37,39.31,39.30,39.25,39.21,39.19,39.12,39.10,39.06,39.01,38.98,38.93,38.91,38.91,38.91,38.90,38.85,38.81,38.80,38.80,38.81,38.91,39.05,39.17,39.20,39.10,38.92,38.70,38.53,38.31,38.10,37.91,37.78,38.02,37.77,37.49,37.50,37.51,37.45,37.33,37.15,36.93,36.76,36.60,36.45,36.29,36.14,35.98,35.79,35.59,35.44,35.34,35.26,35.17,35.09,35.02,34.88,34.77,34.69,34.61,34.53
84.80,84.57,84.20,83.99,84.14,84.45,84.76,84.92,84.85,84.78,84.70,84.60,84.45,84.29,84.16,84.13,84.34,84.56,84.80,85.02,85.21,85.36,85.45,85.41,85.28,85.15,84.95,84.41,83.58,82.65,81.99,81.26,80.51,79.85,79.44,79.06,78.67,78.27,77.85,77.46,77.05,76.66,76.29,75.87,75.47,75.06,74.65,74.27,73.88,73.49,73.11,72.72,72.34,71.95,71.58,71.28,71.12,71.04,70.96,70.81,70.56,70.35,70.53,70.99,71.66,72.38,73.10,73.52,73.61,73.50,73.39,73.27,73.26,73.45,73.66,73.61,73.31,72.78,72.14,71.52,70.92,70.05,68.26,65.31,62.51,60.47,59.48,59.00,58.63,58.36,58.20,58.14,58.09,57.87,57.47,56.96,56.61,56.31,56.03,55.87,56.20,56.81,57.47,58.14,58.92,60.27,62.24,64.44,66.46,67.79,67.95,67.79,67.64,67.51,67.41,67.26,66.99,66.48,65.61,64.66,63.70,62.73,61.72,60.78,59.89,59.12,58.60,58.28,58.03,57.73,57.22,56.42,55.65,54.68,53.31,51.38,50.26,49.81,49.66,49.56,49.48,49.38,49.27,49.16,49.04,48.94,48.86,48.76,48.59,48.38,48.31,48.20,47.88,47.49,47.17,46.83,46.44,46.06,45.73,45.38,44.98,44.57,44.22,43.83,43.42,43.04,42.70,42.35,42.00,41.66,41.36,41.02,40.67,40.32,40.02,39.92,39.90,39.90,39.90,39.90,39.90,39.87,39.84,39.80,39.76,39.72,39.70,39.69,39.62,39.60,39.56,39.49,39.45,39.41,39.37,39.33,39.30,39.30,39.27,39.23,39.19,39.11,39.06,39.02,38.99,38.95,38.91,38.87,38.84,38.84,38.84,38.78,38.74,38.74,38.75,38.78,38.87,38.97,39.02,39.02,38.88,38.68,38.49,38.29,38.06,38.04,38.20,38.42,38.79,38.46,37.85,37.38,37.38,37.39,37.32,37.15,36.92,36.75,36.57,36.39,36.23,36.08,35.92,35.76,35.58,35.47,35.39,35.31,35.23,35.16,35.08,34.95,34.83,34.75,34.67,34.59
84.71,84.43,84.18,84.27,84.60,84.95,85.25,85.38,85.32,85.17,85.01,84.85,84.68,84.54,84.39,84.35,84.57,84.83,85.16,85.43,85.57,85.61,85.63,85.51,85.24,84.89,84.44,83.74,82.88,82.02,81.53,80.97,80.37,79.78,79.40,79.02,78.63,78.23,77.79,77.39,77.01,76.62,76.20,75.76,75.36,74.98,74.58,74.19,73.80,73.41,73.03,72.66,72.32,72.03,71.76,71.56,71.58,71.63,71.65,71.59,71.40,71.18,71.32,71.72,72.31,73.00,73.62,74.04,74.21,74.15,74.09,73.96,73.85,73.88,73.90,73.51,72.94,72.33,71.72,71.11,70.30,68.86,66.17,63.02,60.78,59.55,59.14,58.70,58.33,58.11,58.02,57.91,57.78,57.51,57.12,56.72,56.54,56.55,56.69,56.97,57.37,58.00,58.85,59.84,60.99,62.78,65.00,67.15,68.71,69.21,69.11,68.90,68.70,68.47,68.25,67.70,66.88,65.91,64.96,64.02,63.08,62.13,61.07,60.06,59.00,57.94,57.13,56.61,56.12,55.66,55.17,54.52,53.92,53.30,52.43,50.97,50.27,49.91,49.72,49.64,49.58,49.52,49.45,49.36,49.23,49.08,48.97,48.87,48.63,48.31,48.13,47.94,47.62,47.26,46.94,46.60,46.23,45.84,45.52,45.19,44.83,44.46,44.11,43.74,43.36,43.01,42.69,42.32,41.98,41.67,41.36,41.05,40.70,40.36,40.09,39.93,39.90,39.90,39.90,39.90,39.90,39.85,39.80,39.79,39.72,39.70,39.70,39.67,39.61,39.59,39.55,39.48,39.41,39.40,39.36,39.31,39.30,39.30,39.31,39.29,39.23,39.17,39.08,39.03,39.00,38.93,38.91,38.84,38.80,38.78,38.77,38.72,38.67,38.67,38.69,38.75,38.82,38.86,38.86,38.84,38.66,38.46,38.30,38.16,38.08,38.32,38.78,39.27,39.63,39.29,38.47,37.54,37.30,37.32,37.28,37.13,36.92,36.74,36.54,36.35,36.19,36.04,35.88,35.74,35.61,35.53,35.45,35.38,35.30,35.22,35.13,35.00,34.89,34.81,34.73,34.66
84.52,84.36,84.42,84.69,85.00,85.28,85.52,85.69,85.64,85.45,85.27,85.09,84.89,84.77,84.65,84.59,84.78,85.12,85.58,85.94,86.01,85.74,85.53,85.28,84.91,84.23,83.11,82.06,81.26,80.78,80.38,80.10,79.85,79.59,79.27,78.89,78.50,78.12,77.72,77.33,76.94,76.53,76.09,75.69,75.30,74.91,74.51,74.07,73.67,73.28,72.92,72.62,72.42,72.37,72.35,72.33,72.38,72.41,72.41,72.38,72.28,72.12,72.23,72.55,73.02,73.70,74.28,74.57,74.60,74.59,74.58,74.44,74.17,73.80,73.43,72.94,72.39,71.82,71.21,70.64,69.23,66.83,63.62,61.02,59.78,59.22,58.84,58.45,58.16,58.09,58.18,58.21,58.14,57.95,57.73,57.61,57.68,57.71,57.85,58.17,58.57,59.21,60.53,62.42,64.56,66.84,68.47,69.48,69.88,69.93,69.71,69.41,69.14,68.89,68.51,67.64,66.51,65.41,64.41,63.41,62.45,61.50,60.48,59.33,58.09,56.86,55.80,55.04,54.29,53.75,53.63,53.66,53.54,53.39,53.07,52.15,51.03,50.25,49.85,49.78,49.76,49.75,49.71,49.63,49.54,49.39,49.32,49.25,49.00,48.64,48.22,47.82,47.51,47.19,46.88,46.56,46.23,45.85,45.52,45.25,44.97,44.63,44.21,43.81,43.45,43.13,42.82,42.45,42.10,41.79,41.48,41.17,40.85,40.56,40.30,39.98,39.90,39.90,39.90,39.90,39.90,39.85,39.80,39.79,39.72,39.70,39.67,39.62,39.60,39.55,39.51,39.48,39.41,39.40,39.39,39.36,39.30,39.30,39.35,39.38,39.37,39.34,39.23,39.13,39.06,38.99,38.92,38.85,38.77,38.72,38.71,38.66,38.62,38.62,38.62,38.69,38.72,38.73,38.72,38.66,38.47,38.25,38.10,38.27,38.64,39.19,39.77,40.15,40.37,40.13,39.40,38.29,37.35,37.20,37.19,37.08,36.91,36.70,36.51,36.35,36.19,36.04,35.88,35.76,35.67,35.59,35.52,35.44,35.36,35.28,35.14,35.04,34.95,34.88,34.80,34.72
84.56,84.53,84.72,85.07,85.42,85.69,85.91,86.06,86.00,85.81,85.62,85.45,85.31,85.25,85.14,85.10,85.35,85.75,86.00,86.00,85.77,85.42,84.99,84.44,83.69,82.59,81.53,80.77,80.29,80.05,79.78,79.62,79.49,79.32,79.11,78.77,78.38,77.99,77.60,77.18,76.78,76.38,75.97,75.58,75.19,74.80,74.41,73.99,73.66,73.42,73.23,73.09,73.03,73.05,73.07,73.09,73.16,73.17,73.17,73.17,73.16,73.09,73.20,73.44,73.81,74.40,74.78,74.90,74.80,74.62,74.43,74.15,73.77,73.30,72.84,72.34,71.83,71.27,70.64,69.25,66.92,64.08,61.56,60.03,59.34,58.96,58.59,58.35,58.32,58.45,58.65,58.76,58.74,58.63,58.52,58.54,58.68,58.80,59.10,59.73,60.78,62.11,63.94,65.97,67.62,68.99,69.84,70.27,70.31,70.18,69.96,69.69,69.39,69.13,68.62,67.63,66.41,65.22,64.07,63.00,61.99,61.01,59.96,58.77,57.46,56.23,55.41,55.16,55.02,54.92,54.98,55.29,55.39,55.48,55.44,54.77,53.72,53.02,52.55,52.08,52.11,52.11,51.96,51.60,50.99,50.42,50.02,49.74,49.39,48.98,48.45,47.98,47.67,47.36,47.05,46.74,46.43,46.12,45.81,45.50,45.17,44.79,44.36,43.94,43.56,43.26,42.94,42.57,42.23,41.92,41.62,41.37,41.13,40.91,40.71,40.44,40.26,40.15,40.06,39.93,39.90,39.85,39.80,39.79,39.72,39.70,39.67,39.61,39.59,39.54,39.50,39.48,39.41,39.40,39.40,39.37,39.31,39.34,39.38,39.42,39.45,39.44,39.38,39.30,39.22,39.14,39.06,38.99,38.90,38.80,38.75,38.69,38.63,38.59,38.56,38.59,38.58,38.55,38.54,38.44,38.37,38.38,38.51,38.88,39.37,39.92,40.44,40.79,40.87,40.51,39.84,38.96,38.01,37.34,37.05,37.02,36.86,36.67,36.50,36.35,36.19,36.04,35.91,35.81,35.73,35.66,35.58,35.50,35.42,35.34,35.20,35.09,35.02,34.94,34.86,34.78
84.67,84.78,85.06,85.45,85.84,86.13,86.33,86.44,86.38,86.20,86.01,85.87,85.81,85.82,85.75,85.73,86.02,86.32,86.22,85.81,85.25,84.83,84.15,83.27,82.19,80.88,80.12,79.78,79.63,79.53,79.38,79.28,79.16,79.03,78.95,78.63,78.24,77.85,77.46,77.02,76.61,76.22,75.83,75.45,75.06,74.70,74.35,74.01,73.78,73.70,73.71,73.74,73.81,73.83,73.83,73.85,73.91,73.93,73.94,73.97,74.03,74.06,74.17,74.35,74.60,75.00,75.10,75.01,74.77,74.38,74.01,73.58,73.13,72.66,72.21,71.74,71.24,70.62,69.60,67.20,64.20,61.45,59.99,59.47,59.09,58.72,58.45,58.40,58.62,58.92,59.23,59.54,59.75,59.79,59.81,59.98,60.25,60.59,61.17,62.16,63.72,65.53,67.47,69.17,69.94,70.23,70.42,70.53,70.49,70.30,70.12,69.88,69.60,69.32,68.68,67.63,66.40,65.14,63.85,62.70,61.63,60.59,59.49,58.29,56.99,55.87,55.56,55.99,56.58,57.02,57.22,57.62,57.83,58.04,58.15,57.70,56.95,56.50,56.05,55.28,55.34,55.33,55.08,54.49,53.47,52.57,51.73,50.92,50.09,49.38,48.74,48.24,47.93,47.63,47.32,47.01,46.73,46.46,46.14,45.78,45.38,44.94,44.53,44.10,43.70,43.38,43.07,42.70,42.37,42.08,41.81,41.64,41.48,41.32,41.17,41.00,40.71,40.44,40.22,39.95,39.90,39.85,39.80,39.79,39.72,39.70,39.67,39.61,39.59,39.54,39.50,39.48,39.42,39.40,39.40,39.38,39.33,39.38,39.41,39.45,39.50,39.51,39.51,39.47,39.40,39.33,39.25,39.17,39.06,38.93,38.85,38.78,38.70,38.63,38.58,38.58,38.51,38.44,38.43,38.36,38.47,38.73,39.14,39.66,40.15,40.61,41.04,41.36,41.25,40.71,40.07,39.48,38.74,37.66,37.05,36.95,36.81,36.66,36.50,36.35,36.19,36.05,35.95,35.88,35.80,35.72,35.64,35.56,35.49,35.41,35.26,35.16,35.08,35.00,34.92,34.85
84.85,85.09,85.44,85.84,86.27,86.57,86.75,86.83,86.77,86.61,86.45,86.33,86.37,86.47,86.50,86.51,86.58,86.24,85.76,85.19,84.55,83.78,82.75,81.70,80.76,80.06,79.65,79.43,79.28,79.15,79.05,78.92,78.78,78.68,78.73,78.44,78.05,77.66,77.27,76.87,76.48,76.09,75.71,75.32,74.94,74.67,74.50,74.30,74.22,74.23,74.31,74.43,74.56,74.59,74.59,74.61,74.68,74.69,74.73,74.79,74.87,74.98,75.13,75.27,75.33,75.19,74.91,74.55,74.16,73.72,73.32,72.92,72.50,72.03,71.57,71.11,70.61,69.63,67.02,63.91,61.55,60.14,59.55,59.20,58.84,58.56,58.52,58.71,59.00,59.30,59.80,60.91,61.92,62.38,62.66,63.23,64.00,64.97,66.07,67.19,68.10,68.81,69.47,70.02,70.30,70.48,70.63,70.72,70.69,70.53,70.33,70.10,69.85,69.56,68.75,67.63,66.38,65.09,63.83,62.62,61.43,60.26,59.12,57.95,56.72,55.92,56.49,57.33,58.11,58.77,59.27,59.57,59.76,59.91,60.02,60.03,59.84,59.68,59.48,59.15,59.16,59.07,58.89,58.61,58.25,57.88,56.55,54.34,51.89,49.99,49.02,48.56,48.25,47.94,47.63,47.35,47.08,46.72,46.32,45.91,45.52,45.11,44.67,44.25,43.87,43.51,43.20,42.83,42.54,42.36,42.22,42.07,41.92,41.77,41.61,41.45,41.05,40.59,40.19,39.95,39.90,39.85,39.80,39.79,39.72,39.70,39.67,39.61,39.59,39.54,39.50,39.49,39.47,39.42,39.40,39.40,39.38,39.40,39.45,39.48,39.51,39.56,39.58,39.56,39.55,39.52,39.45,39.33,39.21,39.11,39.04,38.96,38.88,38.83,38.86,38.87,38.75,38.63,38.65,38.83,39.12,39.47,39.89,40.42,40.95,41.37,41.73,41.99,41.47,40.75,40.09,39.54,38.99,38.30,37.53,36.91,36.80,36.66,36.50,36.35,36.20,36.10,36.02,35.94,35.86,35.78,35.70,35.63,35.56,35.47,35.32,35.22,35.14,35.06,34.99,34.92
85.30,85.56,85.89,86.25,86.68,86.98,87.16,87.21,87.15,87.00,86.90,86.86,86.94,87.05,87.00,86.80,86.50,85.83,85.20,84.55,83.80,82.99,81.89,80.83,80.02,79.63,79.34,79.15,78.98,78.81,78.70,78.56,78.41,78.35,78.46,78.25,77.88,77.47,77.09,76.70,76.31,75.97,75.67,75.40,75.13,74.97,74.87,74.73,74.70,74.75,74.85,74.97,75.09,75.15,75.19,75.26,75.33,75.39,75.48,75.59,75.67,75.61,75.49,75.35,75.15,74.75,74.34,73.92,73.48,73.03,72.63,72.24,71.83,71.40,70.94,70.03,68.72,66.80,63.84,61.47,60.09,59.48,59.24,58.95,58.70,58.61,58.74,59.03,59.34,60.29,62.00,64.07,65.40,65.95,66.21,66.67,67.30,68.12,68.98,69.74,70.15,70.33,70.45,70.54,70.59,70.69,70.80,70.90,70.91,70.75,70.53,70.30,70.06,69.75,68.68,67.41,66.10,64.77,63.46,62.17,60.95,59.85,58.83,57.77,56.79,56.37,57.33,58.33,59.23,60.01,60.58,60.87,61.03,61.16,61.32,61.53,61.62,61.58,61.45,61.30,61.30,61.17,60.96,60.74,60.56,60.31,58.87,56.20,52.84,50.35,49.27,48.88,48.57,48.29,47.96,47.65,47.33,46.92,46.48,46.06,45.66,45.27,44.83,44.41,44.01,43.65,43.39,43.13,42.92,42.78,42.66,42.52,42.38,42.24,42.02,41.67,41.14,40.55,40.07,39.92,39.87,39.84,39.80,39.79,39.75,39.72,39.68,39.64,39.61,39.56,39.52,39.50,39.49,39.43,39.40,39.40,39.41,39.43,39.47,39.50,39.52,39.59,39.60,39.62,39.63,39.63,39.62,39.51,39.38,39.31,39.23,39.15,39.10,39.11,39.18,39.24,39.16,39.08,39.23,39.52,39.87,40.28,40.77,41.30,41.79,42.21,42.46,42.32,41.48,40.65,39.98,39.48,39.01,38.51,37.82,37.12,36.86,36.64,36.48,36.36,36.24,36.16,36.08,36.00,35.92,35.84,35.77,35.70,35.61,35.53,35.38,35.28,35.20,35.13,35.06,34.97
85.92,86.16,86.42,86.73,87.10,87.37,87.53,87.59,87.53,87.40,87.34,87.39,87.43,87.47,87.23,86.72,86.01,85.25,84.63,83.94,83.09,82.40,81.40,80.45,79.75,79.43,79.12,78.90,78.72,78.53,78.39,78.25,78.14,78.09,78.18,78.06,77.72,77.30,76.92,76.56,76.20,75.92,75.77,75.66,75.56,75.47,75.36,75.23,75.21,75.26,75.34,75.42,75.50,75.57,75.67,75.80,75.88,76.01,76.15,76.24,76.24,75.88,75.36,74.82,74.33,73.87,73.52,73.17,72.77,72.32,71.93,71.54,71.13,70.66,70.00,68.33,65.88,63.03,60.71,59.87,59.51,59.23,59.01,58.74,58.70,58.81,59.05,59.35,59.96,62.01,65.25,68.01,69.23,69.62,69.69,69.75,69.89,70.10,70.31,70.47,70.58,70.67,70.79,70.90,70.91,70.92,70.98,71.08,71.15,70.94,70.71,70.48,70.25,69.91,68.61,67.15,65.71,64.28,62.85,61.47,60.29,59.39,58.58,57.70,57.08,57.05,58.03,59.02,60.02,60.86,61.41,61.74,61.88,62.03,62.26,62.49,62.65,62.62,62.45,62.24,62.21,62.02,61.70,61.33,61.02,60.61,59.31,56.84,53.21,50.59,49.55,49.20,48.90,48.64,48.28,47.91,47.51,47.06,46.64,46.21,45.77,45.38,44.98,44.57,44.17,43.84,43.67,43.55,43.42,43.27,43.13,42.97,42.84,42.68,42.35,41.73,41.05,40.41,39.94,39.90,39.84,39.81,39.81,39.80,39.80,39.75,39.70,39.68,39.62,39.59,39.55,39.50,39.49,39.44,39.41,39.40,39.41,39.48,39.50,39.50,39.52,39.59,39.61,39.65,39.70,39.71,39.76,39.69,39.57,39.50,39.42,39.35,39.36,39.44,39.52,39.66,39.67,39.74,40.03,40.34,40.64,41.09,41.67,42.21,42.64,43.03,43.11,42.41,41.35,40.47,39.82,39.36,38.89,38.42,37.93,37.43,36.95,36.63,36.48,36.39,36.30,36.22,36.14,36.06,35.98,35.91,35.83,35.75,35.68,35.59,35.45,35.34,35.27,35.20,35.11,35.04
86.63,86.86,87.14,87.40,87.68,87.84,87.91,87.98,87.96,87.87,87.81,87.74,87.52,87.26,86.88,86.34,85.66,84.85,84.23,83.57,82.74,81.92,80.97,80.17,79.60,79.29,78.98,78.71,78.53,78.50,78.44,78.39,78.30,78.17,78.02,77.87,77.56,77.19,76.91,76.72,76.53,76.35,76.21,76.13,76.06,75.95,75.83,75.73,75.72,75.77,75.84,75.91,75.94,76.01,76.10,76.20,76.28,76.43,76.46,76.27,75.73,75.17,74.60,74.02,73.45,72.99,72.65,72.32,71.98,71.61,71.23,70.84,70.32,69.35,67.42,64.76,62.43,60.86,59.83,59.44,59.21,58.99,58.84,58.84,58.94,59.11,59.36,59.74,62.30,65.55,68.38,69.65,70.23,70.44,70.48,70.50,70.56,70.66,70.76,70.83,70.91,70.99,71.11,71.23,71.28,71.24,71.28,71.34,71.34,71.09,70.84,70.61,70.38,70.08,69.11,67.53,65.73,63.99,62.25,60.77,59.67,58.94,58.23,57.58,57.30,57.56,58.46,59.37,60.40,61.39,62.12,62.55,62.74,62.92,63.16,63.43,63.61,63.61,63.45,63.13,62.64,62.11,61.59,61.13,60.77,60.36,59.21,57.00,53.63,51.21,50.07,49.57,49.25,48.88,48.49,48.08,47.65,47.23,46.76,46.28,45.83,45.39,44.96,44.72,44.52,44.30,44.15,44.05,43.93,43.78,43.63,43.47,43.23,42.86,42.31,41.63,40.93,40.32,39.91,39.90,39.87,39.87,39.85,39.80,39.80,39.78,39.74,39.69,39.62,39.60,39.56,39.50,39.50,39.47,39.43,39.40,39.41,39.48,39.50,39.52,39.57,39.60,39.64,39.68,39.71,39.76,39.79,39.80,39.76,39.69,39.61,39.61,39.69,39.82,39.95,40.10,40.27,40.50,40.84,41.12,41.41,41.82,42.35,42.93,43.44,43.56,43.19,42.24,41.24,40.36,39.70,39.28,38.82,38.36,37.89,37.44,37.02,36.77,36.61,36.49,36.37,36.28,36.20,36.13,36.06,35.97,35.89,35.82,35.75,35.66,35.51,35.41,35.33,35.25,35.18,35.11
87.35,87.59,87.86,88.06,88.22,88.27,88.29,88.36,88.32,88.17,87.98,87.75,87.37,86.92,86.46,85.96,85.36,84.57,83.93,83.27,82.47,81.60,80.72,80.02,79.52,79.19,78.88,78.64,78.55,78.63,78.66,78.66,78.59,78.40,78.09,77.85,77.58,77.31,77.14,77.05,76.97,76.86,76.72,76.64,76.56,76.44,76.31,76.23,76.22,76.28,76.34,76.39,76.42,76.48,76.56,76.63,76.66,76.63,76.42,75.91,75.05,74.32,73.73,73.17,72.59,72.10,71.76,71.45,71.13,70.79,70.36,69.62,68.59,67.09,64.36,61.82,60.22,59.70,59.45,59.24,59.06,58.93,58.88,59.04,59.23,59.42,59.88,61.43,65.12,68.41,70.26,70.54,70.69,70.79,70.85,70.88,70.94,71.03,71.10,71.18,71.25,71.34,71.44,71.56,71.63,71.59,71.61,71.61,71.49,71.21,70.95,70.71,70.47,70.17,69.44,67.83,65.78,63.79,61.81,60.33,59.37,58.81,58.20,57.70,57.61,57.97,58.77,59.63,60.65,61.68,62.55,63.19,63.57,63.83,64.08,64.34,64.39,64.22,63.88,63.38,62.62,61.87,61.23,60.75,60.30,59.70,58.54,56.67,54.07,52.08,50.80,49.99,49.49,49.01,48.58,48.15,47.69,47.28,46.77,46.29,45.86,45.49,45.14,45.03,44.96,44.81,44.67,44.57,44.44,44.28,44.12,43.85,43.44,42.91,42.26,41.62,40.98,40.41,40.03,39.92,39.90,39.90,39.88,39.83,39.81,39.80,39.77,39.69,39.64,39.61,39.57,39.52,39.50,39.50,39.45,39.41,39.44,39.49,39.52,39.55,39.60,39.63,39.68,39.71,39.75,39.80,39.82,39.87,39.88,39.84,39.89,40.00,40.15,40.32,40.47,40.64,40.91,41.24,41.61,41.90,42.20,42.56,43.02,43.60,44.16,44.05,43.32,42.23,41.23,40.32,39.65,39.27,38.83,38.36,37.87,37.42,37.10,36.99,36.87,36.72,36.57,36.46,36.37,36.27,36.17,36.07,35.97,35.89,35.81,35.72,35.58,35.47,35.39,35.32,35.25,35.17
88.09,88.32,88.53,88.67,88.66,88.64,88.66,88.69,88.57,88.22,87.81,87.40,87.01,86.56,86.10,85.63,85.11,84.43,83.73,83.00,82.23,81.45,80.67,80.01,79.51,79.14,78.82,78.74,78.81,78.95,79.03,79.05,78.97,78.77,78.40,78.04,77.82,77.72,77.63,77.55,77.47,77.37,77.23,77.15,77.07,76.95,76.81,76.74,76.73,76.78,76.83,76.85,76.91,76.97,77.03,77.06,76.97,76.59,75.95,75.18,74.38,73.50,72.85,72.30,71.75,71.22,70.85,70.53,70.20,69.80,69.24,67.74,65.79,63.83,61.21,60.12,59.72,59.49,59.27,59.11,59.06,59.11,59.17,59.31,59.57,59.84,60.80,64.72,68.09,69.99,70.61,70.90,71.03,71.11,71.18,71.25,71.32,71.40,71.48,71.56,71.63,71.71,71.79,71.88,71.95,71.94,71.94,71.83,71.56,71.32,71.03,70.77,70.52,70.19,69.48,67.88,65.79,63.67,61.60,60.24,59.48,59.10,58.62,58.14,58.03,58.32,59.00,59.87,60.82,61.77,62.70,63.63,64.34,64.78,65.00,65.18,64.92,64.33,63.59,62.87,62.15,61.35,60.69,60.25,59.68,58.62,57.27,55.84,54.48,53.08,51.66,50.42,49.58,49.01,48.54,48.08,47.62,47.16,46.70,46.25,45.88,45.71,45.63,45.57,45.47,45.33,45.23,45.10,44.95,44.79,44.58,44.08,43.46,42.84,42.29,41.79,41.25,40.74,40.30,39.99,39.92,39.92,39.91,39.88,39.82,39.80,39.77,39.71,39.69,39.63,39.59,39.57,39.51,39.50,39.45,39.43,39.48,39.50,39.55,39.59,39.62,39.67,39.70,39.74,39.79,39.81,39.87,39.90,39.91,39.98,40.28,40.52,40.75,40.95,41.11,41.33,41.61,41.95,42.33,42.69,43.02,43.34,43.71,44.25,44.78,44.53,43.62,42.48,41.35,40.38,39.70,39.35,38.94,38.44,37.91,37.45,37.24,37.30,37.25,37.09,36.94,36.79,36.65,36.50,36.36,36.21,36.07,35.96,35.88,35.79,35.64,35.54,35.46,35.39,35.31,35.23
88.87,89.02,89.09,89.07,89.04,88.97,88.87,88.71,88.45,88.09,87.69,87.29,86.93,86.48,86.03,85.56,85.06,84.36,83.50,82.63,81.86,81.24,80.57,79.98,79.52,79.17,78.82,78.80,79.00,79.21,79.34,79.41,79.35,79.14,78.73,78.33,78.13,78.06,78.02,77.95,77.90,77.84,77.73,77.65,77.58,77.46,77.32,77.25,77.23,77.26,77.30,77.34,77.42,77.27,77.05,76.81,76.47,75.97,75.25,74.41,73.59,72.75,72.01,71.38,70.87,70.29,69.72,69.20,68.72,68.19,67.59,65.94,63.75,61.75,60.21,59.70,59.52,59.38,59.27,59.23,59.28,59.40,59.47,59.59,60.45,61.87,63.98,67.54,69.57,70.52,70.88,71.18,71.37,71.45,71.50,71.58,71.65,71.73,71.81,71.89,71.96,72.04,72.14,72.25,72.30,72.20,72.05,71.83,71.53,71.29,71.00,70.73,70.49,70.17,69.38,67.79,65.77,63.69,61.65,60.50,59.90,59.55,59.06,58.58,58.44,58.69,59.34,60.22,61.21,62.22,63.23,64.23,65.03,65.56,65.75,65.50,64.89,64.08,63.21,62.40,61.62,60.82,60.07,59.34,58.46,57.27,56.09,55.04,54.00,52.69,51.38,50.27,49.52,48.96,48.48,48.02,47.56,47.10,46.74,46.48,46.30,46.21,46.20,46.11,45.99,45.87,45.76,45.61,45.43,45.19,44.81,44.26,43.66,43.09,42.59,42.09,41.59,41.13,40.72,40.39,40.26,40.15,40.02,39.91,39.86,39.82,39.78,39.75,39.70,39.64,39.60,39.58,39.51,39.50,39.48,39.46,39.51,39.54,39.58,39.62,39.66,39.70,39.73,39.77,39.81,39.86,39.89,39.96,40.12,40.40,40.81,41.12,41.37,41.58,41.75,42.01,42.33,42.68,43.03,43.41,43.77,44.10,44.44,44.89,45.35,44.94,43.90,42.79,41.74,40.82,40.05,39.47,38.98,38.45,37.94,37.55,37.50,37.62,37.58,37.42,37.27,37.11,36.96,36.80,36.65,36.49,36.34,36.20,36.08,35.96,35.81,35.68,35.56,35.45,35.37,35.30
89.65,89.66,89.53,89.38,89.30,89.16,88.93,88.60,88.23,87.90,87.55,87.19,86.86,86.44,86.00,85.54,85.00,84.13,83.08,82.10,81.36,80.88,80.36,79.89,79.49,79.18,78.88,78.92,79.18,79.48,79.84,80.26,80.30,79.81,79.12,78.66,78.45,78.39,78.38,78.31,78.29,78.26,78.18,78.12,78.05,77.94,77.83,77.76,77.73,77.69,77.65,77.63,77.59,77.24,76.77,76.29,75.77,75.22,74.49,73.64,72.78,71.99,71.17,70.45,69.89,69.25,68.48,67.74,67.08,66.42,65.81,64.20,62.11,60.41,59.88,59.62,59.44,59.35,59.37,59.44,59.55,59.81,60.35,60.87,62.49,64.78,67.31,69.67,70.44,70.78,71.14,71.44,71.70,71.80,71.84,71.91,71.98,72.06,72.14,72.22,72.30,72.38,72.49,72.60,72.61,72.36,72.03,71.72,71.44,71.19,70.90,70.64,70.42,70.13,69.20,67.60,65.67,63.70,61.78,60.93,60.53,60.15,59.50,58.99,58.85,59.09,59.74,60.65,61.69,62.78,63.86,64.86,65.70,66.26,66.35,65.69,64.80,63.85,62.92,62.05,61.16,60.32,59.45,58.48,57.44,56.27,55.23,54.31,53.30,52.04,50.90,50.01,49.43,48.90,48.41,47.95,47.53,47.16,46.94,46.86,46.84,46.78,46.77,46.65,46.53,46.42,46.27,46.10,45.87,45.54,45.01,44.49,43.95,43.44,42.95,42.42,41.94,41.53,41.19,40.91,40.71,40.46,40.17,39.93,39.90,39.84,39.80,39.78,39.71,39.65,39.61,39.58,39.53,39.51,39.50,39.51,39.53,39.59,39.61,39.65,39.70,39.72,39.77,39.81,39.84,39.89,39.90,40.07,40.41,40.88,41.36,41.72,42.00,42.22,42.40,42.69,43.05,43.41,43.73,44.11,44.49,44.85,45.18,45.55,45.87,45.34,44.24,43.20,42.26,41.30,40.37,39.56,38.98,38.44,37.99,37.73,37.80,37.94,37.90,37.75,37.60,37.45,37.30,37.13,36.98,36.83,36.67,36.52,36.36,36.21,36.05,35.91,35.75,35.61,35.51,35.42
90.44,90.20,89.77,89.55,89.30,89.03,88.72,88.35,88.03,87.67,87.32,86.99,86.62,86.28,85.90,85.46,84.81,83.47,82.18,81.23,80.66,80.19,79.91,79.65,79.36,79.08,79.03,79.17,79.41,79.79,80.81,82.38,82.65,81.23,79.67,78.99,78.76,78.71,78.70,78.63,78.61,78.58,78.51,78.49,78.42,78.37,78.34,78.26,78.19,78.01,77.72,77.34,76.92,76.47,76.00,75.54,75.05,74.48,73.73,72.86,71.96,71.12,70.36,69.56,68.69,67.99,67.09,66.21,65.40,64.61,63.96,62.52,60.95,60.18,59.80,59.59,59.49,59.49,59.61,59.70,59.78,60.46,62.66,64.71,67.07,68.87,69.58,70.34,70.75,71.07,71.39,71.70,72.00,72.14,72.22,72.30,72.37,72.44,72.53,72.60,72.67,72.75,72.84,72.90,72.79,72.31,71.84,71.50,71.30,71.02,70.71,70.47,70.30,70.04,68.91,67.25,65.38,63.54,61.94,61.58,61.49,61.01,59.92,59.31,59.22,59.53,60.20,61.19,62.26,63.37,64.49,65.50,66.38,66.83,66.71,65.90,64.95,63.92,62.89,61.91,60.94,59.93,58.92,58.00,57.30,56.34,55.09,53.76,52.66,51.63,50.61,49.79,49.30,48.82,48.31,47.87,47.59,47.50,47.45,47.44,47.43,47.41,47.35,47.22,47.07,46.93,46.77,46.52,46.20,45.81,45.33,44.85,44.33,43.80,43.27,42.73,42.29,41.96,41.70,41.46,41.24,40.82,40.32,39.95,39.90,39.84,39.80,39.78,39.72,39.69,39.65,39.60,39.58,39.52,39.50,39.52,39.58,39.60,39.65,39.69,39.71,39.77,39.80,39.84,39.89,39.90,39.90,40.28,40.80,41.33,41.86,42.31,42.64,42.86,43.09,43.39,43.75,44.11,44.42,44.80,45.19,45.57,45.93,46.23,46.30,45.74,44.78,43.83,42.89,41.62,40.41,39.55,38.93,38.38,38.11,38.09,38.12,38.25,38.25,38.13,37.98,37.83,37.67,37.52,37.36,37.21,37.05,36.90,36.75,36.59,36.44,36.28,36.13,35.98,35.83,35.70
91.15,90.69,90.06,89.63,89.27,88.95,88.62,88.23,87.85,87.44,87.04,86.66,86.28,85.95,85.60,85.06,84.06,82.65,81.36,80.51,80.15,79.83,79.64,79.44,79.23,79.12,79.23,79.43,79.93,81.26,84.19,86.22,86.58,84.75,80.58,79.33,79.08,79.01,78.98,78.94,78.90,78.86,78.82,78.78,78.75,78.69,78.58,78.32,78.01,77.63,77.21,76.73,76.23,75.73,75.25,74.78,74.31,73.75,73.02,72.14,71.22,70.36,69.55,68.73,67.85,66.91,65.92,64.98,64.18,63.65,63.25,62.09,60.78,60.13,59.81,59.63,59.56,59.62,59.84,61.00,62.63,64.47,66.35,67.82,69.31,70.30,70.50,70.77,71.07,71.38,71.68,71.96,72.26,72.47,72.59,72.67,72.71,72.78,72.86,72.94,73.01,73.09,73.17,73.13,72.78,72.20,71.67,71.29,71.09,70.86,70.56,70.32,70.06,69.52,68.26,66.59,64.83,63.32,62.58,62.60,62.49,61.77,60.52,59.81,59.71,60.12,60.97,61.99,63.03,64.08,65.13,66.14,67.05,67.37,67.01,66.22,65.23,64.18,63.14,62.12,61.20,60.24,59.36,58.67,58.22,57.31,55.97,54.39,52.84,51.50,50.44,49.68,49.23,48.80,48.47,48.21,48.05,48.01,48.01,48.01,48.01,47.99,47.89,47.75,47.58,47.38,47.16,46.84,46.47,46.07,45.64,45.18,44.67,44.13,43.60,43.12,42.77,42.47,42.21,41.93,41.52,40.94,40.33,39.95,39.90,39.84,39.80,39.78,39.72,39.70,39.66,39.60,39.59,39.53,39.50,39.53,39.59,39.60,39.66,39.70,39.72,39.78,39.80,39.84,39.90,39.92,40.07,40.56,41.16,41.73,42.27,42.81,43.22,43.51,43.78,44.09,44.44,44.81,45.16,45.51,45.86,46.21,46.56,46.87,46.82,46.22,45.29,44.34,43.19,41.64,40.27,39.46,38.87,38.45,38.36,38.48,38.52,38.56,38.55,38.47,38.32,38.16,38.01,37.85,37.70,37.54,37.39,37.23,37.08,36.93,36.77,36.62,36.46,36.31,36.15,35.97
91.86,91.18,90.41,89.73,89.27,88.92,88.58,88.18,87.75,87.25,86.76,86.32,85.92,85.58,85.15,84.39,83.04,81.73,80.62,79.95,79.78,79.62,79.48,79.31,79.18,79.25,79.45,79.84,80.90,83.41,88.09,90.28,90.68,88.73,82.45,80.14,79.49,79.32,79.25,79.24,79.19,79.14,79.11,79.03,78.97,78.83,78.57,78.10,77.53,76.97,76.46,75.98,75.51,75.00,74.50,74.03,73.56,73.03,72.32,71.46,70.54,69.67,68.76,67.92,67.12,65.99,65.09,64.29,63.68,63.55,63.44,62.58,61.38,60.47,59.93,59.70,59.64,59.78,60.27,62.84,66.17,68.99,69.88,70.17,70.40,70.64,70.86,71.10,71.39,71.70,71.99,72.23,72.53,72.79,72.97,73.03,73.05,73.11,73.19,73.27,73.34,73.42,73.45,73.30,72.71,72.09,71.52,71.09,70.86,70.69,70.42,70.10,69.62,68.69,67.37,65.81,64.30,63.32,63.48,63.79,63.55,62.54,61.30,60.45,60.30,60.82,61.90,62.94,63.95,64.93,65.88,66.86,67.71,67.85,67.29,66.57,65.57,64.53,63.50,62.50,61.70,60.90,60.23,59.81,59.51,58.63,57.23,55.46,53.42,51.58,50.37,49.64,49.21,48.85,48.76,48.73,48.66,48.61,48.59,48.58,48.57,48.54,48.40,48.24,48.04,47.79,47.49,47.12,46.73,46.34,45.95,45.50,44.98,44.45,43.95,43.56,43.27,42.96,42.62,42.24,41.62,40.89,40.26,39.94,39.90,39.84,39.80,39.78,39.72,39.70,39.66,39.60,39.59,39.53,39.51,39.54,39.60,39.61,39.66,39.70,39.73,39.79,39.80,39.84,39.90,39.95,40.33,40.88,41.49,42.09,42.65,43.24,43.74,44.14,44.45,44.77,45.12,45.50,45.86,46.18,46.50,46.81,47.14,47.48,47.36,46.73,45.78,44.70,43.23,41.45,40.02,39.30,38.83,38.63,38.68,38.87,38.94,38.89,38.85,38.80,38.65,38.49,38.34,38.18,38.03,37.87,37.72,37.56,37.40,37.24,37.09,36.93,36.76,36.60,36.45,36.23
92.64,91.81,90.93,90.09,89.45,89.00,88.63,88.25,87.89,87.20,86.56,86.11,85.66,85.24,84.41,83.22,81.86,80.69,80.08,79.79,79.64,79.48,79.42,79.39,79.41,79.49,79.65,80.91,83.16,86.34,90.15,92.40,92.80,91.18,87.53,82.81,80.26,79.64,79.57,79.56,79.50,79.41,79.31,79.22,78.90,78.49,78.04,77.51,76.91,76.34,75.78,75.23,74.75,74.27,73.80,73.33,72.81,72.32,71.65,70.82,69.90,68.99,68.03,67.14,66.34,65.38,65.19,65.22,65.27,65.43,65.39,64.63,63.41,61.99,60.30,59.76,59.70,60.04,61.46,65.09,68.18,69.97,70.44,70.67,70.84,71.00,71.18,71.42,71.70,72.02,72.31,72.55,72.84,73.10,73.28,73.36,73.41,73.48,73.56,73.64,73.72,73.80,73.63,73.20,72.63,72.03,71.42,70.92,70.62,70.44,70.21,69.61,68.58,67.30,66.14,65.06,64.32,64.32,64.66,64.99,64.68,63.56,62.38,61.36,61.13,61.72,62.91,64.08,65.10,66.06,67.04,67.98,68.35,68.16,67.56,66.89,65.93,64.88,63.88,63.04,62.31,61.70,61.22,60.88,60.56,59.82,58.36,56.34,54.15,52.03,50.54,49.67,49.35,49.17,49.17,49.22,49.25,49.28,49.23,49.18,49.13,49.05,48.86,48.65,48.41,48.12,47.80,47.44,47.05,46.65,46.21,45.80,45.30,44.80,44.38,44.05,43.66,43.20,42.66,42.07,41.39,40.68,40.12,39.92,39.90,39.84,39.80,39.78,39.72,39.70,39.66,39.60,39.59,39.53,39.54,39.58,39.61,39.66,39.69,39.73,39.77,39.80,39.80,39.84,39.90,39.99,40.62,41.23,41.81,42.42,42.97,43.56,44.15,44.67,45.08,45.41,45.73,46.06,46.39,46.70,47.05,47.39,47.70,48.00,47.87,47.26,46.22,44.67,42.72,40.91,39.61,39.00,38.87,38.95,39.09,39.26,39.37,39.28,39.23,39.17,39.02,38.86,38.72,38.55,38.41,38.25,38.09,37.91,37.71,37.56,37.41,37.21,37.00,36.80,36.64,36.43
93.34,92.47,91.58,90.74,89.98,89.48,89.13,88.78,88.34,87.49,86.66,86.00,85.41,84.75,83.64,82.22,80.89,80.08,79.81,79.70,79.56,79.48,79.49,79.56,79.78,80.42,81.41,83.41,86.35,90.01,93.21,94.86,94.78,93.16,90.95,86.48,83.57,82.30,81.36,80.15,79.70,79.53,79.27,79.02,78.54,77.99,77.43,76.88,76.27,75.71,75.13,74.53,74.04,73.55,73.06,72.59,72.08,71.61,70.97,70.16,69.25,68.30,67.37,66.60,66.02,65.41,65.76,66.36,66.89,67.25,67.41,66.84,65.53,63.44,60.63,59.80,59.79,60.44,63.03,66.98,69.45,70.36,70.66,70.92,71.13,71.32,71.53,71.74,72.03,72.32,72.59,72.86,73.13,73.38,73.59,73.71,73.79,73.87,73.94,74.02,74.06,74.09,73.75,73.14,72.51,71.86,71.28,70.76,70.34,70.01,69.44,68.63,67.67,66.83,66.12,65.52,65.25,65.59,65.97,66.19,65.80,64.66,63.53,62.42,62.10,62.65,63.89,65.12,66.22,67.23,68.17,68.88,68.88,68.47,67.85,67.20,66.26,65.30,64.42,63.72,63.06,62.44,61.80,61.20,60.70,59.79,58.23,56.16,53.93,51.94,50.66,49.98,49.80,49.90,50.24,50.75,51.26,51.37,51.16,50.73,50.17,49.55,49.27,49.02,48.74,48.43,48.09,47.72,47.33,46.93,46.50,46.10,45.64,45.14,44.68,44.26,43.74,43.15,42.50,41.83,41.14,40.48,40.00,39.91,39.90,39.84,39.80,39.78,39.72,39.70,39.66,39.60,39.59,39.55,39.57,39.60,39.61,39.68,39.70,39.74,39.80,39.80,39.82,39.86,39.90,40.01,40.78,41.49,42.15,42.80,43.38,43.97,44.58,45.17,45.67,46.03,46.33,46.62,46.93,47.24,47.59,47.92,48.24,48.54,48.41,47.87,46.72,44.61,42.14,40.39,39.40,39.09,39.20,39.53,40.06,40.58,40.66,40.37,39.96,39.59,39.38,39.21,39.06,38.89,38.72,38.56,38.41,38.20,37.99,37.81,37.65,37.44,37.21,37.00,36.83,36.62
94.01,93.17,92.35,91.63,90.82,90.33,90.03,89.70,89.03,88.05,86.99,86.00,85.19,84.19,82.91,81.45,80.18,79.86,79.75,79.65,79.55,79.59,79.65,79.91,80.59,82.27,84.72,87.35,90.46,94.20,96.99,97.61,96.76,94.92,92.84,90.63,88.65,86.75,84.44,81.05,79.79,79.45,79.00,78.50,77.97,77.39,76.80,76.25,75.64,75.06,74.50,73.90,73.35,72.82,72.31,71.84,71.37,70.91,70.26,69.46,68.61,67.68,66.87,66.34,66.14,65.96,66.60,67.48,68.31,68.96,69.51,69.17,67.72,64.90,61.12,60.00,60.09,61.22,64.94,68.46,70.14,70.49,70.79,71.09,71.34,71.60,71.88,72.06,72.33,72.61,72.86,73.16,73.41,73.64,73.88,74.07,74.17,74.24,74.32,74.38,74.38,74.31,73.85,73.09,72.35,71.65,71.08,70.56,70.02,69.46,68.46,67.62,67.23,67.31,67.20,67.02,66.91,67.03,67.36,67.40,66.89,65.81,64.72,63.57,63.15,63.59,64.84,66.09,67.31,68.40,69.19,69.56,69.31,68.78,68.17,67.51,66.56,65.71,64.99,64.34,63.75,62.91,61.88,60.79,59.96,58.68,57.03,55.09,53.02,51.50,50.81,50.56,50.56,51.12,52.11,53.37,54.52,54.70,54.20,53.19,51.80,50.30,49.78,49.41,49.06,48.73,48.36,47.97,47.58,47.20,46.80,46.41,45.96,45.42,44.81,44.21,43.56,42.87,42.20,41.57,40.89,40.29,39.91,39.90,39.89,39.84,39.80,39.78,39.72,39.70,39.66,39.61,39.60,39.59,39.59,39.60,39.62,39.68,39.70,39.74,39.80,39.80,39.86,39.90,39.90,40.01,40.80,41.65,42.45,43.19,43.83,44.42,45.02,45.63,46.21,46.64,46.93,47.20,47.50,47.81,48.12,48.43,48.77,49.16,49.08,48.54,47.21,44.46,41.53,39.95,39.44,39.65,40.02,40.71,41.82,42.91,42.90,42.24,41.21,40.28,39.85,39.55,39.37,39.18,38.97,38.81,38.65,38.45,38.22,38.00,37.84,37.63,37.40,37.18,37.02,36.80
94.95,94.18,93.44,92.73,91.95,91.50,91.22,90.76,89.71,88.58,87.41,86.20,85.04,83.87,82.55,81.17,80.05,79.82,79.75,79.67,79.64,79.71,79.79,81.09,83.64,86.68,89.86,93.29,96.33,98.27,99.41,99.45,98.59,96.94,94.87,93.32,91.88,90.33,88.03,82.55,79.92,79.00,78.47,77.89,77.34,76.76,76.16,75.61,75.00,74.41,73.82,73.26,72.72,72.14,71.58,71.09,70.62,70.16,69.46,68.64,67.96,67.44,67.03,66.73,66.60,66.61,67.29,68.20,69.31,71.01,72.52,72.29,70.52,67.39,63.06,61.27,61.67,63.95,67.33,69.46,70.38,70.67,70.97,71.24,71.52,71.81,72.11,72.36,72.58,72.83,73.11,73.41,73.66,73.92,74.18,74.40,74.54,74.59,74.64,74.69,74.64,74.42,73.87,73.09,72.32,71.57,70.86,70.17,69.54,69.19,69.07,69.01,68.97,68.98,68.92,68.82,68.71,68.63,68.71,68.58,67.99,66.95,65.86,64.68,64.13,64.46,65.83,67.13,68.41,69.42,69.88,69.98,69.64,69.11,68.47,67.77,66.71,65.75,64.92,64.11,63.28,62.11,60.77,59.43,58.25,56.89,55.26,53.69,52.80,51.88,51.42,51.38,51.87,53.37,55.75,57.62,58.48,58.51,57.98,56.61,54.67,52.61,51.10,50.04,49.36,48.99,48.61,48.22,47.84,47.45,47.06,46.63,46.09,45.42,44.67,44.00,43.31,42.62,41.94,41.31,40.63,40.14,39.90,39.89,39.85,39.81,39.78,39.74,39.71,39.70,39.69,39.65,39.61,39.60,39.60,39.62,39.66,39.69,39.70,39.74,39.80,39.80,39.87,39.90,39.90,39.99,40.64,41.49,42.35,43.17,43.98,44.77,45.46,46.08,46.68,47.18,47.53,47.81,48.08,48.38,48.66,48.94,49.38,50.25,50.40,49.38,47.10,43.58,40.83,39.81,39.98,41.03,42.64,44.29,45.91,47.06,46.72,45.51,44.00,42.53,41.25,40.05,39.63,39.44,39.22,39.06,38.87,38.65,38.42,38.20,38.03,37.82,37.59,37.37,37.16,36.97
95.95,95.26,94.58,93.88,93.14,92.67,92.24,91.47,90.16,88.88,87.57,86.20,84.87,83.66,82.37,81.09,80.10,79.86,79.77,79.72,79.75,79.90,80.52,82.88,86.73,90.78,94.57,98.02,100.34,100.78,100.75,100.48,99.64,98.03,95.79,94.26,93.04,91.71,89.22,82.93,79.73,78.51,77.89,77.28,76.72,76.13,75.53,74.98,74.37,73.75,73.16,72.63,72.10,71.53,70.98,70.47,69.97,69.59,69.05,68.41,67.96,67.72,67.50,67.30,67.16,67.30,67.96,68.96,70.69,73.98,75.87,75.39,73.19,69.78,65.34,63.10,63.63,66.52,69.20,70.20,70.61,70.91,71.21,71.47,71.77,72.07,72.38,72.66,72.81,73.00,73.29,73.57,73.85,74.14,74.44,74.68,74.87,74.95,75.00,75.03,74.90,74.55,73.95,73.19,72.41,71.61,70.77,69.99,69.42,69.37,69.92,70.39,70.54,70.41,70.31,70.22,70.09,69.91,69.80,69.58,69.04,68.12,66.98,65.72,65.02,65.24,66.72,68.09,69.29,70.12,70.36,70.29,69.91,69.36,68.63,67.55,66.20,65.06,64.08,63.09,62.08,60.76,59.33,57.91,56.53,55.45,54.34,53.44,53.32,52.76,52.27,52.33,53.45,55.64,58.69,60.84,61.62,61.61,61.18,59.75,57.62,55.28,53.02,51.17,49.91,49.29,48.89,48.48,48.09,47.70,47.28,46.78,46.16,45.41,44.59,43.86,43.13,42.41,41.71,41.09,40.41,40.02,39.90,39.89,39.82,39.80,39.77,39.73,39.70,39.70,39.70,39.69,39.63,39.60,39.60,39.63,39.70,39.70,39.71,39.75,39.80,39.80,39.87,39.90,39.90,39.98,40.52,41.37,42.29,43.19,44.11,45.02,45.82,46.50,47.13,47.69,48.10,48.42,48.69,48.98,49.50,50.22,51.25,52.82,53.23,51.75,48.46,43.77,40.84,40.47,41.48,43.29,45.83,48.70,50.96,52.05,51.28,49.30,47.17,45.16,43.27,41.33,40.34,39.80,39.46,39.29,39.07,38.84,38.61,38.39,38.22,38.01,37.78,37.55,37.32,37.15
96.96,96.36,95.72,95.02,94.31,93.72,92.92,91.60,90.27,88.81,87.31,85.85,84.60,83.53,82.36,81.18,80.27,79.97,79.85,79.81,79.88,80.26,82.22,85.33,89.21,93.64,97.97,100.24,100.98,100.94,100.80,100.45,99.44,97.54,94.86,92.84,91.45,89.84,86.58,81.44,79.07,78.10,77.29,76.72,76.13,75.53,74.94,74.40,73.80,73.17,72.57,72.04,71.56,71.08,70.59,70.09,69.54,69.39,69.30,69.18,69.00,68.66,68.29,67.96,67.77,68.02,68.63,69.97,72.83,78.18,79.41,78.16,75.45,71.71,67.69,65.46,65.78,68.28,70.11,70.71,70.97,71.23,71.54,71.84,72.14,72.45,72.75,72.98,73.00,73.10,73.34,73.59,73.94,74.27,74.57,74.87,75.16,75.34,75.42,75.39,75.17,74.77,74.17,73.45,72.66,71.78,70.92,70.24,69.93,70.19,70.70,71.09,71.25,71.16,71.03,70.88,70.75,70.65,70.51,70.34,70.00,69.31,68.08,66.68,65.81,65.88,67.41,68.86,69.81,70.37,70.61,70.49,70.10,69.50,68.50,66.58,64.72,63.36,62.28,61.17,60.10,58.97,57.75,56.45,55.17,54.85,54.95,55.05,54.78,54.15,53.33,53.42,55.27,57.64,60.02,62.00,63.28,63.51,63.31,62.17,60.30,58.02,55.61,53.02,50.89,49.66,49.20,48.76,48.34,47.94,47.46,46.83,46.19,45.48,44.64,43.87,43.06,42.26,41.53,40.89,40.22,39.92,39.90,39.89,39.82,39.80,39.80,39.77,39.72,39.70,39.70,39.70,39.68,39.63,39.60,39.63,39.70,39.70,39.75,39.79,39.80,39.80,39.87,39.90,39.90,39.98,40.52,41.41,42.40,43.37,44.30,45.17,46.05,46.88,47.56,48.13,48.61,49.03,49.42,49.72,50.94,52.75,54.99,57.41,58.06,56.34,52.18,45.80,42.02,42.33,44.34,46.66,49.48,53.64,56.68,57.67,56.40,53.50,50.51,47.98,45.98,43.81,41.80,40.37,39.69,39.48,39.26,39.03,38.80,38.58,38.41,38.20,37.97,37.74,37.51,37.34
97.89,97.31,96.72,96.03,95.17,94.20,93.03,91.60,90.17,88.56,86.95,85.49,84.33,83.30,82.23,81.26,80.67,80.46,80.31,80.38,80.92,82.08,84.55,87.74,91.34,95.24,98.95,100.51,100.73,100.55,100.25,99.27,97.52,94.98,91.91,89.20,87.04,85.09,82.81,80.03,78.51,77.59,76.85,76.59,76.24,75.84,75.43,75.04,74.48,73.73,72.94,72.31,71.83,71.36,70.88,70.38,69.93,70.10,70.51,70.82,70.61,69.84,69.20,68.72,68.43,68.59,69.14,72.08,76.82,80.26,80.80,79.58,76.93,72.83,68.94,67.12,67.50,69.51,70.82,71.20,71.37,71.59,71.91,72.22,72.53,72.82,73.06,73.22,73.19,73.23,73.41,73.69,73.98,74.30,74.61,74.91,75.26,75.55,75.74,75.75,75.49,75.09,74.52,73.80,73.03,72.22,71.55,71.09,70.95,71.22,71.59,71.85,71.94,71.82,71.68,71.50,71.34,71.25,71.11,70.89,70.55,70.00,69.09,67.83,66.71,66.40,67.86,69.29,70.15,70.65,70.93,70.67,70.23,69.20,67.46,65.32,63.25,61.80,60.78,59.88,58.90,57.75,56.86,56.45,56.26,56.47,56.71,56.71,56.10,55.09,54.29,54.57,56.47,58.56,60.71,62.82,64.64,65.58,65.63,64.61,62.84,60.59,58.08,55.30,52.55,50.29,49.48,48.97,48.52,48.07,47.51,46.88,46.24,45.56,44.74,43.93,43.09,42.26,41.46,40.73,40.13,39.90,39.90,39.89,39.82,39.80,39.80,39.79,39.76,39.72,39.70,39.70,39.70,39.67,39.66,39.66,39.70,39.70,39.76,39.80,39.80,39.80,39.87,39.90,39.90,40.00,40.68,41.59,42.55,43.51,44.44,45.34,46.25,47.15,47.94,48.59,49.14,49.91,51.15,52.28,54.33,56.37,58.04,59.45,59.79,58.56,54.77,47.63,44.48,45.11,47.48,50.64,54.62,57.59,59.31,59.80,58.99,57.34,54.83,51.93,49.11,46.59,44.28,42.15,40.43,39.76,39.45,39.22,38.99,38.77,38.60,38.39,38.16,37.93,37.70,37.53
98.78,98.21,97.62,96.84,95.75,94.39,92.95,91.52,89.98,88.25,86.56,85.13,84.07,83.07,82.17,81.53,81.37,81.30,81.21,81.50,82.56,84.39,86.93,89.86,92.98,96.05,98.65,99.64,99.65,99.36,98.78,97.23,94.80,91.58,88.06,85.06,82.54,80.62,79.59,78.90,78.07,77.30,76.84,76.90,76.82,76.66,76.46,76.18,75.61,74.70,73.70,72.93,72.35,71.87,71.39,70.93,70.69,71.25,72.13,72.81,72.59,71.56,70.49,69.61,69.08,69.14,70.22,74.63,80.47,81.67,81.55,80.41,77.88,73.64,69.93,68.63,69.04,70.47,71.45,71.71,71.81,71.97,72.27,72.58,72.89,73.16,73.35,73.41,73.37,73.37,73.50,73.79,74.04,74.32,74.61,74.91,75.29,75.69,76.02,76.13,75.83,75.45,74.91,74.22,73.49,72.87,72.44,72.19,72.15,72.35,72.52,72.62,72.61,72.46,72.30,72.10,71.92,71.82,71.65,71.37,70.98,70.49,69.94,68.90,67.65,66.98,68.23,69.57,70.38,70.91,71.25,70.88,70.41,69.01,66.67,64.22,61.93,60.43,59.53,58.87,58.05,57.05,56.62,57.11,57.97,58.58,58.68,58.23,57.22,55.81,55.20,55.75,57.54,59.38,61.50,63.78,65.99,67.57,67.85,67.01,65.37,63.08,60.46,57.59,54.34,51.14,49.78,49.16,48.68,48.16,47.54,46.92,46.30,45.62,44.85,44.01,43.16,42.32,41.47,40.65,40.09,39.90,39.90,39.89,39.83,39.81,39.80,39.80,39.80,39.75,39.71,39.70,39.70,39.70,39.70,39.70,39.70,39.70,39.76,39.80,39.80,39.80,39.87,39.90,39.90,40.00,40.71,41.59,42.52,43.47,44.47,45.49,46.46,47.38,48.29,49.04,49.94,51.37,53.51,55.41,57.77,59.53,60.29,60.51,60.45,59.67,56.46,49.23,47.12,48.15,50.81,54.63,59.05,60.42,60.71,60.74,60.50,60.26,58.64,55.95,52.77,49.84,47.21,44.42,41.66,40.20,39.66,39.40,39.18,38.95,38.78,38.58,38.35,38.13,37.91,37.72
99.60,99.07,98.33,97.14,95.69,94.20,92.74,91.27,89.67,87.89,86.16,84.72,83.85,82.93,82.45,82.45,82.77,82.85,83.13,83.89,85.26,86.84,88.90,91.14,93.43,95.57,96.56,96.92,96.82,96.14,95.01,93.58,91.11,87.39,83.30,81.34,80.28,79.58,79.11,78.51,77.96,77.74,77.95,78.19,78.27,78.26,78.15,77.80,76.94,75.90,74.84,73.84,72.94,72.38,71.97,71.70,71.85,72.92,74.17,75.11,75.21,74.68,72.86,70.86,69.65,69.75,73.13,77.58,81.43,82.82,82.22,80.57,77.95,74.25,71.11,70.25,70.43,71.09,72.02,72.33,72.33,72.34,72.59,72.89,73.20,73.46,73.59,73.56,73.50,73.50,73.62,73.86,74.15,74.41,74.64,74.86,75.22,75.70,76.21,76.55,76.22,75.79,75.30,74.75,74.15,73.88,73.67,73.50,73.42,73.61,73.52,73.37,73.25,73.09,72.89,72.70,72.54,72.38,72.12,71.78,71.34,70.83,70.32,69.58,68.58,67.90,68.56,69.69,70.44,71.02,71.50,71.23,70.71,69.58,67.43,63.83,61.05,59.56,58.80,58.10,57.63,57.48,57.77,58.53,59.39,60.22,60.21,59.32,57.85,56.33,56.07,56.95,58.78,60.84,63.17,65.48,67.58,69.17,69.61,69.30,68.07,65.50,62.67,59.50,55.99,52.47,50.19,49.35,48.81,48.22,47.61,46.99,46.33,45.64,44.91,44.07,43.27,42.45,41.60,40.77,40.13,39.90,39.90,39.90,39.88,39.84,39.80,39.80,39.80,39.79,39.75,39.70,39.70,39.70,39.70,39.70,39.70,39.70,39.76,39.80,39.80,39.80,39.87,39.90,39.90,39.94,40.22,40.93,41.85,42.90,44.23,45.63,46.75,47.63,48.55,49.38,51.55,54.38,56.90,58.57,59.62,60.29,60.67,60.78,60.53,59.51,56.42,50.28,49.12,51.08,54.46,58.08,59.95,60.69,61.05,61.17,60.89,60.66,60.04,59.14,57.74,54.27,50.57,47.10,43.93,41.04,39.93,39.56,39.37,39.14,38.93,38.74,38.54,38.32,38.14,37.94
100.04,99.56,98.69,97.14,95.56,94.03,92.51,90.93,89.25,87.48,85.86,84.55,83.78,83.05,82.93,83.33,83.93,84.53,85.27,86.34,87.84,89.47,90.62,91.88,93.25,94.10,94.05,93.86,93.43,92.47,91.29,89.53,86.83,83.46,80.82,79.80,79.33,79.00,78.70,78.35,78.13,78.22,78.74,79.46,79.71,79.70,79.51,79.07,78.10,77.02,75.94,74.86,73.79,73.10,72.76,72.75,73.05,74.42,75.98,77.29,77.99,77.92,76.16,73.78,71.99,72.16,75.92,79.83,82.54,83.57,82.28,80.15,77.62,74.87,72.97,72.44,72.35,72.35,72.71,72.91,72.85,72.75,72.96,73.25,73.56,73.77,73.81,73.74,73.67,73.63,73.70,73.96,74.21,74.39,74.50,74.62,75.12,75.71,76.33,76.83,76.72,76.32,75.88,75.45,75.06,74.90,74.77,74.62,74.52,74.51,74.30,74.06,73.88,73.69,73.47,73.28,73.11,72.87,72.54,72.15,71.67,71.14,70.67,70.10,69.32,68.69,68.97,69.86,70.59,71.23,71.75,71.46,70.89,69.87,67.78,63.62,60.77,59.48,58.94,58.36,57.96,58.02,58.48,59.28,60.21,61.36,61.34,60.16,58.57,57.05,56.86,57.79,59.61,62.12,64.75,67.10,68.96,70.07,70.46,70.32,69.39,67.12,63.88,60.36,56.84,53.50,50.80,49.63,48.93,48.29,47.67,47.02,46.36,45.69,44.97,44.17,43.36,42.55,41.75,41.04,40.46,40.12,39.96,39.91,39.90,39.87,39.83,39.80,39.80,39.80,39.77,39.74,39.70,39.70,39.70,39.70,39.70,39.70,39.76,39.80,39.80,39.80,39.87,39.90,39.90,39.91,39.99,40.48,41.39,42.70,44.21,45.78,47.04,48.01,49.03,50.83,54.13,57.39,59.09,60.17,60.68,60.96,61.10,60.98,60.64,59.88,58.01,54.56,53.94,55.32,57.54,59.72,60.45,60.92,61.31,61.52,61.34,61.12,60.84,60.55,59.94,57.67,54.60,51.00,47.07,43.61,41.47,40.23,39.57,39.37,39.14,38.94,38.73,38.51,38.32,38.10
100.05,99.59,98.65,96.97,95.39,93.84,92.23,90.53,88.80,87.12,85.65,84.53,83.83,83.36,83.53,84.16,85.02,86.28,87.54,88.89,90.46,92.17,92.35,92.56,92.91,92.40,91.68,90.94,90.01,88.76,87.66,85.48,82.72,80.25,79.71,79.40,79.08,78.73,78.45,78.39,78.47,78.72,79.30,80.46,80.88,80.86,80.56,80.03,79.06,77.98,76.87,75.76,74.67,74.00,73.77,73.94,74.27,75.83,77.67,79.45,80.89,81.33,79.98,77.59,75.29,75.50,78.53,81.64,83.72,84.16,82.18,79.73,77.47,75.77,75.16,74.83,74.42,73.91,73.50,73.50,73.38,73.20,73.35,73.63,73.93,74.07,74.00,73.92,73.84,73.77,73.78,74.04,74.22,74.29,74.29,74.36,75.03,75.73,76.41,77.01,77.24,76.94,76.55,76.23,76.05,75.89,75.74,75.61,75.48,75.23,74.97,74.72,74.49,74.27,74.03,73.85,73.63,73.31,72.93,72.48,71.98,71.46,70.99,70.52,69.92,69.41,69.46,70.13,70.85,71.53,71.98,71.57,70.97,69.93,67.80,63.56,61.00,59.99,59.64,59.14,58.66,58.59,58.93,59.70,60.79,62.27,62.24,60.83,59.27,57.81,57.58,58.38,60.20,63.20,66.17,68.56,70.08,70.56,70.81,70.65,69.94,68.17,64.43,60.58,57.14,54.18,51.42,49.93,49.03,48.36,47.73,47.04,46.39,45.74,45.04,44.27,43.45,42.67,41.97,41.42,40.94,40.49,40.13,39.98,39.91,39.90,39.87,39.81,39.80,39.80,39.80,39.78,39.72,39.71,39.71,39.70,39.70,39.71,39.76,39.80,39.80,39.80,39.86,39.89,39.90,39.90,39.93,40.27,41.18,42.74,44.33,45.94,47.33,48.46,49.70,52.96,57.01,59.95,60.47,60.91,61.31,61.54,61.50,61.16,60.80,60.47,60.09,59.57,59.27,59.52,59.97,60.39,60.77,61.16,61.54,61.83,61.82,61.62,61.33,61.02,60.67,60.13,58.48,55.24,50.77,46.98,43.75,41.41,40.01,39.63,39.38,39.15,38.92,38.69,38.47,38.23
98.97,98.45,97.67,96.56,95.09,93.47,91.79,90.07,88.49,87.06,85.75,84.65,84.08,83.89,84.16,84.94,86.37,88.11,89.98,91.78,93.41,94.76,94.71,94.16,93.31,91.93,90.79,89.39,87.75,86.00,84.31,82.35,80.71,79.75,79.43,79.19,78.96,78.80,78.79,78.83,79.00,79.20,79.52,80.32,80.88,81.13,81.03,80.38,79.51,78.38,77.14,75.97,75.14,75.11,75.18,75.16,75.49,77.16,79.38,81.75,83.98,85.21,84.09,81.52,78.81,78.81,80.72,83.02,84.80,84.99,82.88,80.68,78.97,77.89,77.35,76.74,76.02,75.22,74.47,74.19,73.97,73.77,73.76,74.02,74.22,74.27,74.19,74.06,73.97,73.90,73.87,74.02,74.13,74.20,74.26,74.44,75.14,75.81,76.45,77.08,77.59,77.49,77.25,77.03,76.83,76.67,76.52,76.37,76.22,75.97,75.61,75.30,75.07,74.84,74.61,74.39,74.13,73.75,73.27,72.80,72.30,71.78,71.31,70.80,70.31,69.95,70.06,70.68,71.39,71.98,72.21,71.53,70.83,69.62,67.38,63.80,62.10,61.41,60.85,59.89,59.27,59.09,59.36,60.18,61.66,63.27,63.07,61.38,59.73,58.41,58.10,58.77,60.57,63.79,67.17,69.49,70.51,70.94,71.03,70.77,70.12,68.53,64.34,60.29,56.81,53.95,51.66,50.10,49.12,48.47,47.80,47.11,46.42,45.77,45.10,44.34,43.59,42.94,42.39,41.91,41.48,41.04,40.62,40.31,39.99,39.90,39.89,39.86,39.81,39.80,39.80,39.79,39.77,39.77,39.74,39.70,39.71,39.75,39.79,39.80,39.80,39.80,39.82,39.86,39.90,39.92,40.06,40.60,41.60,43.02,44.49,46.08,47.56,48.92,50.63,55.66,59.04,60.57,61.00,61.39,61.77,61.89,61.67,61.35,61.06,60.84,60.66,60.49,60.38,60.53,60.78,61.00,61.19,61.53,61.88,62.18,62.30,62.08,61.75,61.41,61.10,60.81,60.02,58.19,54.89,49.97,46.49,43.76,41.52,40.00,39.58,39.34,39.11,38.88,38.65,38.42
96.99,96.25,95.50,94.88,93.85,92.65,91.24,89.62,88.29,87.04,85.84,84.85,84.47,84.48,84.89,85.87,87.77,89.99,92.51,94.81,96.49,97.28,96.73,95.52,93.93,92.07,90.55,88.75,86.75,84.75,82.74,80.86,79.80,79.59,79.34,79.16,79.03,79.00,79.16,79.29,79.64,79.93,80.03,80.47,81.04,81.35,81.23,80.53,79.68,78.53,77.29,76.34,76.05,76.47,76.72,76.58,76.75,78.29,80.75,83.65,86.42,88.06,87.27,84.72,81.66,81.50,82.86,84.70,86.23,86.14,84.19,82.30,80.86,79.85,79.02,78.16,77.25,76.29,75.38,74.91,74.61,74.36,74.21,74.39,74.46,74.43,74.34,74.22,74.09,73.97,73.90,74.03,74.17,74.29,74.42,74.68,75.34,75.97,76.58,77.20,77.84,78.02,77.98,77.82,77.60,77.43,77.28,77.13,76.95,76.67,76.25,75.89,75.64,75.41,75.15,74.88,74.56,74.13,73.61,73.12,72.63,72.09,71.60,71.07,70.67,70.49,70.66,71.18,71.84,72.36,72.36,71.50,70.67,69.28,67.13,64.66,63.59,62.91,62.08,60.91,60.08,59.86,60.20,61.18,62.80,64.30,63.92,62.09,60.38,59.11,58.67,59.27,61.30,64.62,67.97,70.08,70.84,71.30,71.28,70.91,70.17,68.45,63.71,59.74,56.59,54.02,51.97,50.31,49.25,48.59,47.89,47.20,46.50,45.84,45.21,44.54,43.91,43.38,42.93,42.48,42.08,41.66,41.19,40.65,40.07,39.90,39.90,39.89,39.84,39.81,39.80,39.80,39.80,39.80,39.76,39.73,39.74,39.79,39.80,39.80,39.80,39.80,39.82,39.86,39.90,39.96,40.38,41.16,42.21,43.49,44.85,46.36,47.86,49.58,52.44,57.67,60.21,60.90,61.38,61.82,62.16,62.19,61.91,61.66,61.42,61.22,61.05,60.94,60.95,61.12,61.35,61.57,61.70,61.97,62.27,62.55,62.72,62.51,62.16,61.82,61.52,61.28,60.88,59.99,57.95,53.58,49.43,46.15,43.48,41.14,39.99,39.53,39.30,39.07,38.84,38.61
94.32,93.26,92.41,92.08,91.79,91.39,90.58,89.20,88.17,87.01,85.91,85.12,85.02,85.15,85.75,86.99,89.18,91.89,95.01,97.73,99.36,99.53,98.22,96.47,94.63,92.65,90.77,88.85,86.89,84.88,82.88,80.94,79.78,79.51,79.34,79.30,79.28,79.32,79.49,79.71,80.36,80.85,80.85,81.00,81.45,81.58,81.24,80.52,79.63,78.47,77.41,76.96,77.41,78.11,78.47,78.32,78.08,79.23,81.77,85.07,88.12,89.72,89.29,86.97,83.69,83.52,84.96,86.71,87.94,87.59,86.00,84.37,82.92,81.53,80.20,79.15,78.16,77.16,76.21,75.68,75.32,75.02,74.77,74.78,74.69,74.56,74.48,74.38,74.19,73.98,73.87,74.08,74.36,74.56,74.74,75.03,75.62,76.19,76.77,77.38,78.00,78.50,78.67,78.56,78.36,78.19,78.04,77.88,77.68,77.33,76.88,76.50,76.20,75.97,75.67,75.32,74.91,74.45,73.91,73.43,72.93,72.39,71.86,71.33,71.04,71.04,71.27,71.60,72.21,72.65,72.45,71.54,70.57,69.06,67.22,66.10,65.32,64.40,63.34,62.26,61.23,60.99,61.53,62.77,64.21,65.36,64.81,62.98,61.28,59.98,59.35,59.95,62.35,65.68,68.56,70.37,71.16,71.66,71.57,71.08,70.13,68.03,62.70,59.07,56.57,54.48,52.42,50.59,49.42,48.72,48.03,47.33,46.65,46.00,45.41,44.91,44.42,43.97,43.56,43.11,42.69,42.28,41.75,40.95,40.15,39.91,39.90,39.90,39.89,39.84,39.80,39.80,39.80,39.80,39.80,39.79,39.79,39.80,39.80,39.80,39.80,39.81,39.86,39.89,39.90,40.02,40.86,41.85,42.92,44.12,45.44,46.83,48.25,50.48,55.05,58.92,60.61,61.17,61.70,62.22,62.49,62.48,62.26,62.08,61.86,61.64,61.45,61.39,61.44,61.63,61.85,62.08,62.30,62.48,62.70,62.93,63.09,62.85,62.54,62.22,61.91,61.66,61.27,60.73,59.79,57.56,52.53,48.52,45.79,43.11,40.72,39.78,39.49,39.26,39.02,38.79
92.36,91.28,90.59,90.43,90.35,90.15,89.62,88.62,87.73,86.72,85.92,85.59,85.86,86.34,87.07,88.30,90.46,93.42,96.56,98.92,99.92,99.94,98.66,96.88,94.97,93.00,91.03,89.08,87.13,85.12,83.11,81.16,79.97,79.66,79.51,79.52,79.56,79.64,79.82,80.16,80.79,81.35,81.51,81.19,81.36,81.49,81.26,80.42,79.52,78.46,77.72,77.87,78.62,80.25,81.27,80.95,79.65,80.26,82.64,85.97,89.08,90.26,89.64,87.42,84.54,84.92,86.84,88.53,89.38,89.09,87.64,86.13,84.70,83.26,81.70,80.24,78.98,77.97,77.09,76.75,76.47,76.13,75.82,75.49,75.06,74.71,74.54,74.37,74.12,73.94,73.92,74.15,74.44,74.68,74.94,75.34,75.89,76.41,76.95,77.57,78.19,78.74,79.06,79.16,79.09,78.91,78.77,78.61,78.34,77.96,77.52,77.09,76.72,76.47,76.10,75.66,75.18,74.71,74.18,73.69,73.19,72.66,72.12,71.65,71.53,71.70,71.95,72.25,72.65,72.92,72.73,71.81,70.91,69.83,68.61,67.72,66.87,66.03,65.17,64.28,63.38,63.09,63.59,64.84,66.12,66.56,65.64,63.85,62.31,61.18,60.52,60.94,63.09,66.09,68.73,70.46,71.35,72.00,71.90,71.31,70.15,67.65,62.28,58.95,56.76,54.83,52.88,50.93,49.63,48.90,48.21,47.51,46.94,46.44,45.96,45.49,45.02,44.58,44.15,43.72,43.18,42.56,41.87,41.11,40.35,40.00,39.90,39.90,39.90,39.87,39.86,39.85,39.81,39.80,39.80,39.80,39.80,39.80,39.80,39.82,39.86,39.86,39.89,39.90,39.90,40.06,41.23,42.45,43.61,44.76,46.11,47.45,48.99,51.77,57.45,59.91,60.89,61.42,61.96,62.46,62.80,62.86,62.68,62.48,62.29,62.08,61.89,61.83,61.93,62.13,62.34,62.54,62.77,62.98,63.19,63.36,63.29,62.95,62.57,62.22,61.87,61.55,61.25,60.93,60.45,59.30,55.70,51.80,48.45,45.78,42.38,40.46,39.63,39.39,39.16,38.93
90.96,89.97,89.44,89.32,89.27,89.10,88.70,88.01,87.21,86.44,86.07,86.23,86.82,87.55,88.45,89.72,91.75,94.63,97.62,99.56,99.97,99.93,98.51,96.69,94.88,93.04,91.11,89.19,87.24,85.22,83.21,81.44,80.34,79.95,79.73,79.74,79.83,79.96,80.16,80.55,81.08,81.63,81.96,81.49,81.36,81.38,81.19,80.37,79.53,78.66,78.23,78.84,80.10,82.76,84.55,84.37,82.57,82.00,83.57,86.59,89.61,90.38,89.54,87.47,85.11,86.13,88.34,89.89,90.43,90.26,89.08,87.75,86.40,84.90,83.18,81.33,79.75,78.65,77.98,77.88,77.75,77.51,77.23,76.70,75.89,75.12,74.64,74.37,74.07,73.90,73.92,74.17,74.46,74.73,75.07,75.59,76.13,76.62,77.16,77.76,78.36,78.91,79.35,79.63,79.70,79.56,79.44,79.27,78.94,78.53,78.07,77.60,77.17,76.86,76.42,75.91,75.40,74.92,74.38,73.91,73.41,72.89,72.38,72.03,72.06,72.34,72.60,72.90,73.16,73.31,73.14,72.27,71.47,70.75,70.03,69.20,68.36,67.66,67.01,66.26,65.54,65.21,65.69,66.96,67.95,67.74,66.61,65.09,63.94,62.98,62.32,62.43,63.84,66.33,68.78,70.49,71.48,72.30,72.18,71.50,70.13,67.31,62.03,58.92,56.91,55.07,53.25,51.30,49.92,49.10,48.47,47.83,47.37,46.98,46.58,46.13,45.66,45.19,44.72,44.26,43.61,42.84,42.07,41.37,40.69,40.26,40.03,39.95,39.91,39.90,39.90,39.88,39.83,39.80,39.80,39.80,39.80,39.82,39.83,39.85,39.90,39.90,39.90,39.90,39.91,40.12,41.51,42.94,44.22,45.40,46.76,48.08,50.03,53.45,59.15,60.57,61.11,61.63,62.14,62.61,63.03,63.21,63.11,62.89,62.72,62.52,62.33,62.28,62.41,62.62,62.83,63.01,63.23,63.47,63.68,63.76,63.46,62.97,62.49,62.05,61.65,61.26,61.05,60.88,60.63,60.07,57.67,54.07,50.51,48.21,44.44,41.39,39.73,39.50,39.27,39.05
90.35,89.52,89.02,88.76,88.60,88.37,87.97,87.38,86.69,86.31,86.48,87.13,87.86,88.59,89.74,91.29,93.16,95.41,98.12,99.86,99.99,99.89,97.70,95.61,94.12,92.56,90.85,89.02,87.09,85.03,83.03,81.78,80.96,80.42,80.02,79.95,80.08,80.29,80.52,80.78,81.20,81.68,82.07,82.10,81.76,81.36,80.95,80.42,79.83,79.23,79.02,79.85,82.16,85.75,88.30,88.85,87.88,85.00,84.68,86.89,89.62,90.13,89.30,87.48,85.64,87.24,89.20,90.45,90.89,90.81,90.17,89.26,88.03,86.35,84.47,82.37,80.46,79.15,78.91,78.98,79.12,79.20,79.11,78.74,77.49,75.99,74.82,74.44,74.14,73.88,73.80,74.09,74.40,74.70,75.12,75.76,76.31,76.84,77.38,77.94,78.49,79.03,79.55,79.96,80.09,80.08,80.01,79.82,79.43,78.98,78.47,77.97,77.51,77.02,76.55,76.03,75.52,75.05,74.52,74.03,73.56,73.09,72.64,72.50,72.61,72.86,73.16,73.47,73.77,73.93,73.74,73.00,72.27,71.60,70.98,70.38,69.78,69.20,68.61,67.92,67.33,67.02,67.57,68.92,69.42,68.81,67.85,67.02,66.60,65.76,65.14,64.72,64.76,66.50,68.78,70.49,71.52,72.52,72.35,71.54,70.02,67.04,61.87,58.87,56.91,55.10,53.43,51.74,50.34,49.34,48.85,48.40,48.00,47.61,47.21,46.76,46.29,45.80,45.26,44.67,43.99,43.28,42.57,41.88,41.25,40.80,40.42,40.08,39.93,39.90,39.90,39.90,39.88,39.83,39.80,39.80,39.81,39.87,39.88,39.89,39.90,39.90,39.91,39.92,39.94,40.21,41.68,43.28,44.73,46.02,47.34,48.66,51.49,55.69,59.64,60.77,61.26,61.74,62.21,62.67,63.13,63.45,63.54,63.33,63.16,62.96,62.78,62.73,62.85,63.06,63.29,63.51,63.74,63.97,64.13,64.10,63.66,62.98,62.30,61.72,61.28,60.88,60.67,60.53,60.38,59.89,57.36,54.12,51.35,49.93,46.83,42.64,39.81,39.57,39.33,39.15
90.23,89.39,88.84,88.39,88.07,87.73,87.34,86.88,86.42,86.53,87.06,87.84,88.70,90.13,92.03,94.03,95.65,97.21,98.92,99.97,99.97,99.76,97.21,94.71,92.93,91.45,89.91,88.29,86.57,84.80,83.25,82.27,81.50,80.81,80.33,80.24,80.31,80.50,80.83,81.08,81.42,81.83,82.23,82.27,81.89,81.47,81.14,80.88,80.42,80.16,80.41,81.65,84.32,87.57,89.67,90.06,89.42,86.42,85.71,87.44,89.77,90.21,89.44,87.87,86.44,88.14,89.73,90.67,91.00,91.01,90.72,90.13,89.06,87.29,85.14,82.83,80.98,79.99,79.94,80.03,80.19,80.34,80.31,79.81,78.34,76.48,74.93,74.50,74.17,73.86,73.73,74.03,74.34,74.64,75.02,75.53,76.07,76.61,77.19,77.80,78.41,79.00,79.58,80.04,80.18,80.20,80.15,79.98,79.64,79.19,78.66,78.15,77.64,77.10,76.63,76.11,75.60,75.14,74.67,74.23,73.81,73.38,72.98,72.99,73.17,73.41,73.68,73.99,74.22,74.33,74.21,73.74,73.08,72.45,71.84,71.17,70.70,70.25,69.80,69.37,69.01,68.83,69.19,70.03,70.26,69.71,69.12,68.75,68.63,68.21,67.87,67.36,66.76,67.43,69.13,70.67,71.77,72.77,72.64,71.80,70.23,67.32,62.02,59.02,57.17,55.51,54.03,52.62,51.30,50.20,49.55,49.08,48.66,48.23,47.80,47.30,46.80,46.28,45.72,45.10,44.42,43.72,43.04,42.40,41.84,41.38,40.96,40.57,40.33,40.10,39.96,39.90,39.89,39.86,39.82,39.81,39.85,39.89,39.90,39.90,39.91,39.98,40.48,41.11,41.54,41.64,42.83,44.29,45.61,46.70,47.98,49.67,53.38,58.00,60.10,60.87,61.35,61.81,62.28,62.74,63.20,63.61,63.86,63.75,63.57,63.38,63.22,63.17,63.33,63.55,63.78,64.01,64.20,64.37,64.48,64.42,63.90,63.14,62.38,61.66,61.01,60.56,60.14,59.72,59.22,58.34,56.21,54.19,52.64,51.21,48.30,44.27,41.20,40.25,39.66,39.42
90.28,89.38,88.76,88.16,87.66,87.25,86.88,86.58,86.42,86.92,87.66,88.47,89.56,92.09,94.77,96.94,98.15,99.02,99.66,100.00,99.94,99.50,96.74,93.84,91.62,90.18,88.81,87.44,86.03,84.62,83.55,82.75,81.98,81.20,80.66,80.56,80.58,80.69,81.08,81.37,81.67,82.05,82.41,82.35,82.02,81.73,81.58,81.55,81.22,81.36,82.11,83.70,86.42,88.89,90.19,90.17,89.56,87.17,86.64,88.06,89.94,90.33,89.70,88.42,87.31,88.91,90.08,90.71,90.96,91.02,90.98,90.62,89.69,87.88,85.50,83.11,81.51,80.98,81.03,81.11,81.20,81.26,81.08,80.37,78.73,76.72,75.00,74.55,74.18,73.85,73.68,73.94,74.25,74.55,74.86,75.19,75.68,76.23,76.85,77.54,78.23,78.87,79.50,80.01,80.17,80.20,80.15,80.02,79.76,79.30,78.78,78.24,77.70,77.17,76.69,76.19,75.68,75.24,74.85,74.46,74.06,73.69,73.38,73.49,73.72,73.96,74.19,74.47,74.61,74.66,74.63,74.44,73.89,73.27,72.63,71.86,71.45,71.10,70.79,70.63,70.48,70.43,70.57,70.84,70.83,70.47,70.22,70.16,70.17,70.16,70.10,69.70,68.91,68.70,69.70,70.94,72.07,73.05,73.03,72.19,70.67,68.04,62.83,59.61,57.64,56.17,54.86,53.69,52.59,51.55,50.65,49.98,49.38,48.82,48.33,47.80,47.27,46.72,46.16,45.55,44.88,44.18,43.52,42.94,42.45,41.99,41.56,41.18,40.82,40.33,40.01,39.90,39.90,39.90,39.86,39.84,39.89,39.90,39.90,39.90,39.91,40.05,41.05,42.30,43.21,43.32,44.24,45.47,46.55,47.41,48.66,51.09,55.41,59.89,60.49,60.97,61.42,61.88,62.34,62.80,63.27,63.73,64.10,64.16,63.98,63.80,63.66,63.64,63.82,64.05,64.28,64.49,64.63,64.72,64.80,64.73,64.16,63.36,62.56,61.74,60.89,60.33,59.69,59.05,58.38,57.30,55.82,55.00,54.32,52.43,49.39,45.89,42.99,41.33,40.35,39.96
90.34,89.44,88.81,88.15,87.60,87.13,86.84,86.84,87.06,87.52,88.17,89.09,90.73,94.93,97.88,99.15,99.50,99.74,99.91,100.00,99.84,98.92,96.01,92.87,90.38,89.03,87.85,86.83,85.82,84.69,83.63,83.01,82.38,81.61,80.94,80.91,80.95,80.99,81.14,81.56,81.96,82.34,82.65,82.55,82.48,82.43,82.40,82.45,82.46,83.11,84.23,85.75,88.21,89.80,90.39,90.03,89.03,87.31,87.30,88.70,90.01,90.24,89.94,89.06,88.08,89.46,90.16,90.50,90.71,90.79,90.83,90.54,89.65,87.84,85.50,83.44,82.30,82.16,82.23,82.30,82.29,82.01,81.18,80.15,78.44,76.51,74.97,74.50,74.16,73.87,73.70,73.79,74.06,74.37,74.66,74.93,75.28,75.86,76.53,77.23,77.92,78.61,79.28,79.86,80.16,80.20,80.15,80.06,79.87,79.38,78.84,78.30,77.76,77.23,76.75,76.28,75.82,75.42,75.09,74.68,74.26,73.93,73.83,74.00,74.23,74.47,74.69,74.84,74.93,75.00,75.04,74.98,74.62,74.00,73.25,72.59,72.17,71.83,71.58,71.47,71.33,71.28,71.42,71.59,71.24,70.88,70.72,70.72,70.77,70.78,70.73,70.60,70.41,70.30,70.61,71.34,72.38,73.32,73.54,72.84,71.56,69.66,65.49,61.40,58.59,57.30,56.05,55.01,54.34,53.79,52.82,51.55,50.28,49.31,48.79,48.25,47.71,47.14,46.55,45.98,45.36,44.69,44.05,43.55,43.09,42.63,42.20,41.78,41.23,40.43,39.97,39.90,39.90,39.90,39.89,39.88,39.90,39.90,39.90,39.90,39.90,40.00,40.97,42.23,43.41,44.33,45.52,46.50,47.30,48.10,49.38,53.39,57.49,60.25,60.70,61.11,61.55,61.99,62.41,62.87,63.33,63.79,64.23,64.55,64.42,64.24,64.13,64.13,64.28,64.49,64.72,64.92,64.97,65.04,65.12,65.03,64.42,63.61,62.81,62.00,61.15,60.39,59.67,59.40,59.56,59.45,58.99,58.27,56.88,53.94,50.18,47.09,44.72,43.06,41.98,41.26
90.57,89.55,88.86,88.15,87.53,87.14,87.04,87.30,87.72,88.16,88.71,89.82,92.55,96.99,99.44,100.00,100.00,100.03,100.02,100.00,99.77,98.53,95.63,92.51,90.00,88.82,87.80,86.87,85.93,84.89,83.81,83.10,82.50,81.89,81.23,81.20,81.29,81.32,81.31,81.67,82.11,82.46,82.61,82.52,82.62,82.77,82.91,83.17,83.66,84.65,85.88,87.25,89.32,90.25,90.41,90.05,89.27,88.07,88.09,89.09,90.03,90.16,90.04,89.54,88.92,89.78,90.14,90.31,90.46,90.54,90.59,90.18,89.13,87.30,85.26,83.95,83.38,83.40,83.44,83.21,82.74,82.02,80.90,79.72,78.11,76.38,74.96,74.51,74.19,73.91,73.69,73.66,73.88,74.18,74.46,74.70,74.97,75.52,76.18,76.88,77.60,78.31,79.02,79.67,80.10,80.17,80.11,80.03,79.88,79.40,78.87,78.34,77.83,77.30,76.84,76.43,76.04,75.69,75.38,75.02,74.65,74.37,74.36,74.52,74.74,74.98,75.22,75.33,75.40,75.48,75.53,75.41,75.09,74.53,73.84,73.26,72.84,72.54,72.34,72.26,72.14,72.11,72.15,72.13,71.63,71.35,71.25,71.27,71.34,71.38,71.34,71.31,71.34,71.33,71.37,71.85,72.81,73.75,74.13,73.66,72.64,71.20,68.33,64.24,60.68,58.58,57.49,56.69,56.31,56.03,55.02,53.37,51.56,50.07,49.23,48.65,48.11,47.55,46.97,46.43,45.82,45.21,44.63,44.10,43.52,42.96,42.43,41.88,41.18,40.36,39.94,39.90,39.90,39.90,39.90,39.90,39.90,39.90,39.90,40.03,40.30,40.58,41.40,42.53,43.79,45.05,46.34,47.24,48.00,49.01,51.18,55.71,59.07,60.50,60.89,61.28,61.70,62.12,62.51,62.97,63.41,63.86,64.32,64.75,64.79,64.68,64.57,64.59,64.76,64.95,65.14,65.28,65.30,65.36,65.44,65.33,64.65,63.85,63.04,62.25,61.46,60.70,60.28,60.36,60.88,61.26,61.33,60.72,59.29,56.66,52.62,49.14,46.52,44.82,43.80,42.93
90.80,89.66,88.90,88.15,87.46,87.24,87.41,87.87,88.39,88.85,89.43,90.87,94.65,98.38,99.94,100.00,100.01,100.07,100.04,99.97,99.63,98.19,95.47,92.60,90.29,89.20,88.29,87.28,86.22,85.14,84.06,83.12,82.46,82.03,81.49,81.44,81.56,81.63,81.56,81.73,82.17,82.47,82.40,82.29,82.47,82.74,83.07,83.59,84.62,85.84,87.09,88.35,89.95,90.40,90.35,90.18,89.92,89.15,88.94,89.36,90.00,90.09,90.04,89.88,89.69,89.94,90.07,90.15,90.22,90.28,90.23,89.57,88.31,86.58,85.08,84.67,84.63,84.59,84.50,83.76,82.71,81.54,80.37,79.15,77.75,76.25,74.96,74.56,74.25,73.95,73.68,73.56,73.72,74.00,74.28,74.51,74.75,75.21,75.82,76.52,77.28,78.00,78.73,79.46,80.00,80.10,80.06,79.97,79.83,79.38,78.86,78.35,77.88,77.39,77.00,76.69,76.40,76.08,75.78,75.52,75.25,75.01,74.99,75.11,75.29,75.52,75.78,75.90,75.98,76.04,76.02,75.75,75.39,74.94,74.40,73.88,73.48,73.23,73.10,73.02,72.95,72.91,72.80,72.51,72.03,71.85,71.83,71.85,71.93,72.00,71.97,71.92,71.94,72.00,72.03,72.45,73.33,74.25,74.70,74.48,73.75,72.64,71.00,67.57,63.61,60.38,59.27,58.69,58.49,58.28,57.17,55.29,53.05,51.01,49.67,49.02,48.47,47.94,47.39,46.85,46.25,45.69,45.12,44.47,43.73,43.03,42.35,41.64,40.83,40.19,39.91,39.90,39.91,39.94,39.96,39.97,39.96,39.95,39.99,40.33,40.97,41.56,42.20,43.15,44.32,45.61,46.85,47.83,48.72,50.21,53.78,57.92,60.20,60.71,61.09,61.48,61.87,62.26,62.66,63.11,63.51,63.94,64.39,64.84,65.10,65.11,65.01,65.05,65.25,65.41,65.53,65.61,65.61,65.67,65.75,65.63,64.87,64.09,63.28,62.49,61.81,61.21,61.28,61.68,62.24,62.74,62.93,62.41,61.35,59.78,55.92,51.77,48.46,46.59,45.68,44.82
90.52,89.58,88.86,88.14,87.49,87.53,87.98,88.50,89.03,89.69,90.96,93.13,96.14,98.91,100.00,100.01,100.06,100.04,100.01,99.77,99.00,97.38,95.25,93.10,91.16,89.69,88.61,87.56,86.48,85.40,84.31,83.28,82.44,81.88,81.53,81.49,81.59,81.73,81.81,81.81,82.18,82.45,82.27,81.87,81.86,82.08,82.46,83.15,84.48,85.96,87.57,89.28,90.30,90.49,90.42,90.30,90.14,89.81,89.67,89.77,90.00,90.03,90.01,89.97,89.92,89.98,90.02,90.05,90.08,90.05,89.59,88.58,87.44,86.58,86.01,85.90,85.80,85.42,84.59,83.48,82.24,80.97,79.76,78.53,77.20,75.92,74.93,74.56,74.29,74.01,73.72,73.55,73.62,73.86,74.15,74.39,74.66,75.02,75.55,76.26,77.03,77.73,78.47,79.23,79.88,80.07,80.05,79.95,79.77,79.33,78.80,78.30,77.89,77.65,77.46,77.36,77.22,76.91,76.60,76.42,76.24,76.02,75.96,75.99,76.06,76.17,76.32,76.50,76.57,76.52,76.32,75.98,75.63,75.27,74.88,74.50,74.15,73.96,73.86,73.80,73.76,73.61,73.28,72.81,72.44,72.38,72.42,72.48,72.55,72.59,72.57,72.56,72.57,72.64,72.70,73.11,73.91,74.66,74.91,74.84,74.53,73.88,72.49,70.20,67.37,64.39,62.06,61.25,61.07,60.71,59.09,56.85,54.40,52.04,50.14,49.32,48.74,48.20,47.67,47.18,46.62,45.87,45.02,44.20,43.42,42.71,41.99,41.23,40.46,40.05,39.90,39.91,39.98,40.20,40.33,40.36,40.34,40.26,40.54,41.11,41.85,42.56,43.16,43.95,44.96,46.14,47.36,48.40,49.71,52.14,56.97,59.50,60.57,60.95,61.34,61.73,62.11,62.50,62.89,63.30,63.69,64.09,64.52,64.97,65.32,65.43,65.42,65.53,65.70,65.80,65.86,65.92,65.93,65.99,66.07,65.93,65.12,64.34,63.58,62.87,62.28,61.93,62.32,62.95,63.58,64.10,63.83,63.11,62.20,61.02,58.28,54.52,50.93,48.45,47.39,46.74
90.11,89.40,88.75,88.10,87.65,87.91,88.51,89.12,90.00,91.44,93.56,96.03,97.80,99.40,100.03,100.05,100.08,100.02,100.00,99.50,98.16,96.34,94.51,92.84,91.29,89.77,88.69,87.68,86.66,85.62,84.54,83.46,82.48,81.74,81.43,81.34,81.43,81.65,81.91,81.97,82.24,82.44,82.25,81.66,81.39,81.39,81.72,82.65,84.20,85.87,87.66,89.53,90.35,90.51,90.46,90.34,90.19,90.12,90.06,90.00,90.00,90.00,90.00,90.00,90.00,90.02,90.03,90.03,90.01,89.89,89.34,88.47,87.63,87.20,87.15,86.92,86.42,85.57,84.26,82.94,81.63,80.37,79.24,78.08,76.84,75.70,74.89,74.56,74.30,74.02,73.75,73.52,73.55,73.77,74.05,74.29,74.59,74.88,75.36,76.09,76.86,77.57,78.31,79.07,79.76,80.03,80.05,79.94,79.73,79.30,78.84,78.44,78.15,78.07,78.01,78.04,78.02,77.79,77.51,77.40,77.27,77.08,76.98,76.97,76.95,76.95,76.99,77.11,77.10,76.93,76.62,76.28,75.96,75.65,75.34,75.04,74.76,74.61,74.54,74.49,74.45,74.16,73.67,73.13,72.91,72.93,73.02,73.11,73.16,73.19,73.19,73.19,73.21,73.30,73.40,73.80,74.45,74.92,75.02,75.02,74.95,74.67,73.73,72.23,70.30,67.92,65.19,64.13,63.56,62.68,60.77,58.45,55.94,53.39,51.06,49.73,49.02,48.50,47.98,47.49,46.94,46.08,45.06,44.12,43.27,42.45,41.64,40.85,40.18,39.97,40.00,40.15,40.39,40.77,41.00,41.10,41.10,40.97,41.34,41.99,42.75,43.51,44.15,44.85,45.71,46.77,47.92,49.15,51.18,54.62,59.09,60.41,60.79,61.18,61.57,61.95,62.34,62.72,63.11,63.50,63.88,64.27,64.66,65.10,65.50,65.72,65.84,65.97,66.11,66.14,66.18,66.24,66.25,66.31,66.36,66.20,65.43,64.68,63.96,63.30,62.81,62.86,63.46,64.21,64.88,65.28,64.72,63.91,63.03,61.94,59.95,56.70,53.16,50.35,49.19,48.70
89.64,89.14,88.57,88.02,87.95,88.35,88.97,89.77,91.39,94.19,97.12,99.27,99.65,99.97,100.09,100.09,100.09,100.02,99.96,99.12,97.16,95.12,93.17,91.64,90.44,89.33,88.47,87.62,86.72,85.77,84.71,83.64,82.59,81.67,81.21,81.01,81.08,81.36,81.79,82.19,82.37,82.44,82.36,81.72,81.15,80.84,81.04,82.23,83.94,85.69,87.40,89.04,90.08,90.42,90.42,90.28,90.14,90.10,90.05,90.00,90.00,90.00,90.00,90.00,90.02,90.08,90.10,90.10,90.05,89.86,89.64,89.41,89.02,88.40,88.28,87.53,86.36,84.96,83.58,82.25,80.94,79.75,78.83,77.83,76.71,75.64,74.84,74.54,74.25,73.99,73.73,73.47,73.48,73.70,73.98,74.23,74.53,74.79,75.26,76.02,76.79,77.50,78.24,78.99,79.65,80.01,80.06,79.95,79.74,79.33,79.02,78.82,78.71,78.64,78.62,78.67,78.71,78.66,78.45,78.38,78.31,78.15,78.01,77.97,77.93,77.85,77.78,77.73,77.53,77.25,76.95,76.70,76.40,76.09,75.78,75.48,75.29,75.17,75.12,75.08,74.95,74.54,73.99,73.50,73.44,73.50,73.61,73.72,73.74,73.80,73.83,73.83,73.85,73.98,74.11,74.46,74.90,74.99,75.06,75.05,75.00,74.94,74.79,73.61,72.06,70.41,68.43,67.20,65.81,64.07,62.19,60.15,57.74,55.11,52.52,50.33,49.37,48.84,48.35,47.82,47.22,46.36,45.36,44.36,43.38,42.37,41.39,40.56,40.06,40.01,40.26,40.69,41.17,41.63,41.98,42.19,42.23,42.11,42.38,42.93,43.64,44.41,45.15,45.84,46.58,47.54,48.59,50.22,53.27,57.53,59.83,60.60,60.98,61.37,61.76,62.14,62.53,62.92,63.30,63.69,64.08,64.46,64.85,65.24,65.63,65.99,66.26,66.35,66.43,66.46,66.49,66.55,66.56,66.63,66.63,66.44,65.79,65.10,64.41,63.77,63.44,63.98,64.72,65.49,66.12,66.22,65.73,64.97,64.05,62.80,60.95,58.15,55.01,52.31,51.11,50.66
89.24,88.82,88.39,88.10,88.33,88.79,89.48,90.71,93.20,96.31,98.77,100.01,100.11,100.14,100.13,100.10,100.09,100.02,99.45,98.11,96.00,93.95,91.93,90.50,89.61,88.76,87.97,87.17,86.37,85.56,84.66,83.78,82.81,81.79,81.02,80.74,80.76,81.00,81.47,81.97,82.33,82.53,82.44,81.83,81.24,80.87,80.93,81.89,83.52,85.22,86.89,88.51,89.73,90.20,90.30,90.22,90.12,90.06,90.02,90.00,90.00,90.00,90.00,90.03,90.12,90.20,90.25,90.24,90.19,90.10,90.09,90.08,89.87,89.28,88.53,87.33,85.91,84.41,82.94,81.57,80.33,79.26,78.37,77.45,76.45,75.52,74.81,74.50,74.23,73.96,73.69,73.45,73.47,73.66,73.94,74.21,74.48,74.75,75.21,75.90,76.63,77.33,78.07,78.83,79.53,80.02,80.13,80.05,79.88,79.64,79.44,79.31,79.24,79.20,79.20,79.27,79.38,79.45,79.41,79.40,79.33,79.17,79.02,78.92,78.77,78.56,78.35,78.15,77.90,77.63,77.37,77.09,76.79,76.48,76.18,75.92,75.75,75.64,75.56,75.45,75.19,74.75,74.27,73.93,73.99,74.07,74.19,74.31,74.35,74.39,74.43,74.47,74.52,74.59,74.66,74.81,75.00,75.05,75.09,75.08,75.04,75.00,75.00,74.48,73.44,71.94,70.33,68.96,67.34,65.45,63.55,61.59,59.42,56.94,54.15,51.61,50.07,49.19,48.69,48.17,47.51,46.62,45.62,44.62,43.61,42.58,41.64,40.91,40.45,40.56,40.91,41.41,41.94,42.45,42.88,43.19,43.32,43.24,43.47,43.96,44.62,45.30,46.03,46.74,47.50,48.46,49.91,52.76,56.22,59.27,60.34,60.84,61.23,61.61,62.00,62.39,62.77,63.16,63.55,63.93,64.32,64.70,65.09,65.48,65.86,66.23,66.52,66.66,66.71,66.75,66.81,66.88,66.88,66.94,66.96,66.78,66.17,65.53,64.84,64.40,64.52,65.18,65.91,66.66,67.22,67.03,66.59,65.99,65.08,63.53,61.65,59.16,56.53,54.32,53.12,52.49
88.93,88.58,88.32,88.31,88.72,89.22,90.04,91.74,94.75,97.84,99.68,100.10,100.20,100.19,100.13,100.08,100.06,99.88,98.68,96.79,94.57,92.55,90.68,89.48,88.81,88.12,87.38,86.61,85.86,85.16,84.41,83.70,82.85,81.85,80.90,80.51,80.44,80.62,81.09,81.61,82.13,82.47,82.50,82.10,81.68,81.35,81.29,81.87,83.17,84.73,86.37,88.00,89.29,89.86,90.09,90.15,90.10,90.03,90.00,90.00,89.99,89.88,89.93,90.08,90.26,90.36,90.43,90.43,90.41,90.44,90.56,90.59,90.39,89.75,88.38,86.84,85.31,83.81,82.27,80.90,79.79,78.85,77.94,77.09,76.20,75.37,74.74,74.41,74.16,73.89,73.59,73.39,73.38,73.56,73.83,74.12,74.38,74.67,75.11,75.74,76.44,77.17,77.92,78.69,79.44,80.04,80.21,80.15,80.02,79.94,79.82,79.72,79.68,79.70,79.71,79.80,79.93,80.07,80.16,80.19,80.14,79.99,79.84,79.66,79.40,79.09,78.79,78.48,78.22,77.99,77.75,77.47,77.18,76.88,76.59,76.36,76.19,76.07,75.94,75.72,75.36,74.94,74.59,74.41,74.53,74.61,74.70,74.82,74.88,74.89,74.93,74.98,75.03,75.04,75.04,75.04,75.05,75.11,75.11,75.11,75.08,75.01,75.00,74.97,74.33,72.91,71.56,70.16,68.50,66.63,64.71,62.81,60.86,58.58,55.80,53.13,51.00,49.66,49.04,48.55,47.81,46.89,45.89,44.90,43.95,43.02,42.18,41.53,41.05,41.24,41.67,42.16,42.70,43.23,43.72,44.14,44.38,44.38,44.58,45.02,45.63,46.24,46.92,47.66,48.47,49.61,51.78,55.51,58.83,60.43,60.76,61.10,61.48,61.87,62.25,62.64,63.03,63.41,63.80,64.18,64.57,64.96,65.34,65.73,66.12,66.45,66.73,66.94,66.99,67.05,67.12,67.17,67.19,67.26,67.30,67.16,66.57,65.95,65.33,65.09,65.63,66.29,66.96,67.60,67.93,67.30,66.80,66.41,65.73,64.15,62.26,60.06,57.95,56.26,55.07,54.24
88.76,88.52,88.52,88.76,89.09,89.60,90.70,92.81,95.44,98.33,99.96,100.13,100.25,100.17,100.08,100.02,99.94,99.42,97.59,95.11,92.56,90.55,89.39,88.64,88.06,87.42,86.73,85.97,85.23,84.53,83.82,83.13,82.40,81.65,80.96,80.33,80.10,80.24,80.70,81.18,81.61,82.07,82.52,82.74,82.77,82.59,82.40,82.55,83.09,84.34,85.99,87.59,88.65,89.27,89.72,90.03,90.09,90.03,90.00,90.00,89.94,89.50,89.70,90.14,90.45,90.60,90.64,90.68,90.74,90.87,90.96,90.87,90.46,89.49,87.82,86.17,84.59,83.05,81.47,80.24,79.33,78.55,77.69,76.84,75.97,75.18,74.55,74.22,73.97,73.69,73.41,73.19,73.11,73.27,73.57,73.88,74.18,74.48,74.90,75.50,76.25,77.06,77.86,78.63,79.39,80.07,80.24,80.16,80.08,80.00,79.96,79.94,79.94,80.01,80.07,80.11,80.18,80.33,80.41,80.48,80.47,80.37,80.21,79.95,79.66,79.35,79.04,78.73,78.47,78.24,78.02,77.83,77.60,77.33,77.03,76.80,76.64,76.45,76.22,75.92,75.55,75.20,74.99,74.97,75.04,75.07,75.09,75.13,75.20,75.21,75.18,75.16,75.16,75.16,75.16,75.16,75.17,75.18,75.19,75.14,75.08,75.01,75.00,74.86,74.28,73.18,72.04,70.79,69.20,67.33,65.41,63.65,61.82,59.76,57.36,54.80,52.26,50.40,49.43,48.92,48.15,47.21,46.21,45.24,44.52,43.79,43.09,42.46,41.84,41.96,42.39,42.92,43.46,43.94,44.45,44.97,45.39,45.54,45.71,46.10,46.70,47.27,47.94,48.64,49.54,51.19,54.56,57.91,60.16,60.87,61.09,61.38,61.73,62.12,62.51,62.89,63.28,63.67,64.05,64.44,64.82,65.21,65.60,65.98,66.37,66.67,66.93,67.20,67.30,67.37,67.42,67.44,67.50,67.58,67.61,67.50,67.00,66.40,65.90,65.85,66.55,67.13,67.75,68.09,67.79,66.42,65.56,65.47,65.51,64.61,62.84,60.97,59.33,58.00,56.84,55.89
88.76,88.65,88.81,89.15,89.47,90.44,92.07,94.27,96.62,98.85,100.05,100.16,100.23,100.11,99.94,99.70,99.24,98.40,96.30,93.72,91.34,89.72,88.78,88.06,87.37,86.65,86.02,85.32,84.59,83.90,83.21,82.51,81.81,81.12,80.43,79.80,79.54,79.65,80.03,80.54,81.02,81.61,82.31,82.58,82.52,82.48,82.62,83.05,83.63,84.45,85.62,87.09,87.92,88.51,89.05,89.53,89.78,89.85,89.80,89.67,89.42,88.71,89.02,89.73,90.27,90.56,90.75,90.90,91.00,91.06,90.93,90.65,90.02,88.70,86.82,85.11,83.51,81.97,80.58,79.63,78.90,78.22,77.46,76.63,75.78,75.00,74.39,74.00,73.70,73.41,73.12,72.91,72.80,72.97,73.26,73.54,73.84,74.18,74.63,75.25,76.05,76.86,77.67,78.48,79.28,80.06,80.27,80.22,80.14,80.06,80.05,80.05,80.06,80.14,80.19,80.22,80.31,80.49,80.64,80.72,80.70,80.61,80.45,80.17,79.87,79.56,79.29,79.02,78.75,78.50,78.28,78.12,77.93,77.69,77.43,77.20,77.00,76.77,76.48,76.16,75.79,75.51,75.36,75.34,75.38,75.42,75.43,75.43,75.44,75.44,75.36,75.29,75.29,75.29,75.27,75.25,75.24,75.20,75.17,75.11,75.04,74.98,74.78,74.35,73.70,72.86,71.95,70.87,69.38,67.57,65.69,63.93,62.10,60.11,57.91,55.63,53.32,51.40,50.09,49.34,48.48,47.63,46.80,45.97,45.32,44.67,44.01,43.36,42.73,42.76,43.15,43.69,44.21,44.69,45.20,45.74,46.25,46.60,46.77,47.14,47.77,48.33,48.96,49.83,51.16,53.45,57.04,59.50,60.83,61.27,61.45,61.64,61.94,62.33,62.72,63.10,63.49,63.87,64.26,64.64,65.03,65.42,65.80,66.19,66.58,66.87,67.13,67.42,67.58,67.68,67.73,67.75,67.82,67.89,67.93,67.83,67.43,66.84,66.58,66.81,67.58,68.14,68.56,68.10,66.63,65.06,64.09,64.11,64.63,64.73,63.49,61.99,60.56,59.33,58.23,57.44
88.83,88.87,89.13,89.52,90.07,91.72,93.93,96.08,98.01,99.39,100.09,100.20,100.18,100.03,99.74,99.21,98.32,97.20,95.11,92.75,90.73,89.53,88.60,87.75,86.91,86.07,85.43,84.77,84.06,83.34,82.63,81.92,81.22,80.51,79.75,79.13,78.86,78.91,79.23,79.82,80.39,81.06,81.77,81.85,81.63,81.74,82.30,83.16,84.02,84.55,85.25,86.47,87.10,87.64,88.21,88.77,89.19,89.40,89.33,89.06,88.62,87.74,88.13,89.05,89.81,90.24,90.61,90.86,90.94,90.83,90.41,89.87,89.01,87.49,85.61,83.90,82.29,80.82,79.74,79.07,78.48,77.86,77.22,76.43,75.59,74.84,74.26,73.78,73.42,73.09,72.81,72.58,72.47,72.63,72.92,73.17,73.48,73.86,74.36,75.02,75.84,76.63,77.45,78.30,79.15,79.99,80.29,80.28,80.22,80.14,80.11,80.11,80.13,80.20,80.22,80.25,80.37,80.59,80.81,80.86,80.83,80.74,80.59,80.33,80.03,79.73,79.50,79.26,78.97,78.67,78.44,78.26,78.09,77.89,77.65,77.44,77.23,76.97,76.70,76.40,76.04,75.82,75.69,75.61,75.59,75.63,75.64,75.62,75.55,75.55,75.47,75.38,75.38,75.38,75.32,75.28,75.25,75.19,75.12,75.04,74.94,74.78,74.37,73.65,72.90,72.25,71.55,70.64,69.31,67.63,65.80,64.02,62.17,60.25,58.30,56.37,54.49,52.69,51.09,49.99,48.97,48.18,47.52,46.83,46.20,45.58,44.93,44.25,43.65,43.57,43.91,44.44,44.97,45.45,45.96,46.50,47.04,47.57,47.79,48.20,48.89,49.49,50.17,51.25,53.05,55.93,59.12,60.62,61.26,61.65,61.82,61.92,62.16,62.53,62.91,63.31,63.69,64.08,64.47,64.85,65.23,65.62,66.00,66.40,66.77,67.06,67.32,67.61,67.86,67.98,68.04,68.06,68.13,68.21,68.25,68.18,67.85,67.28,67.31,67.84,68.62,69.14,69.24,67.91,65.27,63.52,62.53,62.59,63.45,64.43,63.93,62.94,61.78,60.55,59.57,58.98
89.00,89.12,89.37,89.86,91.50,93.94,96.54,98.65,99.46,99.93,100.19,100.25,100.13,99.89,99.30,98.42,97.38,96.19,94.61,92.89,91.28,90.07,89.01,88.09,87.20,86.26,85.41,84.68,83.92,83.07,82.25,81.49,80.77,80.04,79.22,78.45,78.00,77.95,78.40,79.14,79.75,80.19,80.36,80.15,80.19,80.55,81.19,82.01,82.95,83.93,84.84,85.54,86.05,86.58,87.10,87.59,87.98,88.18,88.11,87.84,87.41,86.68,87.06,87.94,88.73,89.30,89.68,89.86,89.78,89.26,88.60,87.66,86.58,85.46,84.23,82.66,81.14,79.92,79.20,78.63,78.03,77.44,76.86,76.19,75.44,74.73,74.18,73.66,73.17,72.78,72.49,72.26,72.11,72.26,72.56,72.85,73.16,73.61,74.16,74.81,75.60,76.42,77.26,78.11,78.96,79.81,80.23,80.36,80.34,80.26,80.20,80.17,80.19,80.26,80.28,80.29,80.36,80.53,80.71,80.75,80.72,80.64,80.54,80.36,80.07,79.74,79.51,79.28,78.92,78.54,78.26,78.00,77.77,77.52,77.27,77.15,77.03,76.90,76.76,76.59,76.28,76.08,75.91,75.73,75.62,75.52,75.45,75.39,75.33,75.36,75.36,75.33,75.33,75.33,75.27,75.20,75.15,75.12,75.05,74.95,74.64,74.00,73.51,72.77,72.00,71.34,70.74,70.00,68.97,67.59,65.86,64.13,62.38,60.79,59.46,58.02,56.40,54.69,53.01,51.45,49.99,49.01,48.35,47.70,47.03,46.40,45.77,45.13,44.49,44.36,44.67,45.19,45.67,46.19,46.72,47.27,47.80,48.34,48.75,49.32,50.14,51.02,52.01,53.21,55.14,58.27,60.13,61.14,61.72,62.03,62.15,62.27,62.48,62.78,63.17,63.55,63.94,64.33,64.71,65.10,65.48,65.87,66.26,66.64,66.98,67.25,67.51,67.81,68.05,68.21,68.31,68.37,68.45,68.53,68.56,68.52,68.28,67.73,68.06,68.89,69.55,69.80,69.40,67.65,64.63,62.01,60.95,61.12,62.03,63.06,63.38,63.50,63.10,62.02,61.22,60.64
89.15,89.30,89.54,90.13,93.00,96.08,98.54,99.93,100.16,100.23,100.27,100.23,100.06,99.66,98.82,97.69,96.52,95.32,94.06,92.76,91.46,90.30,89.23,88.27,87.37,86.41,85.59,84.90,84.14,83.16,82.23,81.39,80.62,79.84,78.97,78.06,77.33,77.05,77.58,78.19,78.68,78.88,78.71,78.47,78.54,78.97,79.80,81.08,82.22,83.32,84.16,84.55,84.95,85.44,85.93,86.37,86.69,86.88,86.81,86.54,86.16,85.60,85.88,86.53,87.16,87.68,88.05,88.17,87.96,87.29,86.30,85.15,84.05,83.14,82.34,81.28,80.22,79.35,78.79,78.23,77.64,77.06,76.49,75.91,75.25,74.62,74.07,73.53,73.00,72.53,72.17,71.95,71.75,71.88,72.19,72.50,72.86,73.38,73.96,74.57,75.29,76.12,76.97,77.81,78.63,79.42,79.94,80.24,80.36,80.37,80.36,80.36,80.40,80.50,80.49,80.44,80.43,80.50,80.57,80.59,80.57,80.52,80.46,80.34,80.06,79.72,79.40,79.09,78.66,78.22,77.89,77.58,77.33,77.07,76.83,76.76,76.68,76.60,76.52,76.39,76.15,75.99,75.83,75.64,75.51,75.36,75.14,74.89,74.76,75.06,75.21,75.23,75.23,75.23,75.17,75.10,75.02,74.82,74.49,74.11,73.52,72.57,72.02,71.45,70.91,70.42,69.91,69.25,68.41,67.35,66.01,64.41,62.73,61.30,60.36,59.42,58.30,56.92,55.25,53.43,51.68,50.29,49.26,48.53,47.86,47.21,46.58,45.95,45.33,45.11,45.38,45.95,46.45,46.98,47.50,48.02,48.57,49.14,50.35,51.43,52.14,52.86,53.94,55.27,57.14,59.75,60.84,61.62,62.16,62.38,62.50,62.65,62.81,63.04,63.42,63.81,64.19,64.58,64.97,65.35,65.74,66.12,66.50,66.86,67.18,67.44,67.70,68.00,68.24,68.45,68.61,68.68,68.74,68.83,68.88,68.84,68.68,68.39,68.88,69.68,70.14,70.26,69.77,67.77,64.25,60.92,59.71,59.85,60.63,61.46,62.13,62.77,62.94,62.41,61.95,61.55
89.31,89.43,89.70,90.52,94.59,98.01,99.88,100.18,100.27,100.34,100.30,100.15,99.92,99.30,98.26,96.98,95.71,94.52,93.41,92.31,91.22,90.23,89.25,88.31,87.39,86.51,85.92,85.37,84.62,83.55,82.49,81.58,80.72,79.86,78.94,77.94,76.88,76.23,76.69,76.99,77.25,77.25,76.92,76.77,76.73,77.15,78.30,80.41,81.81,82.72,83.28,83.53,83.83,84.26,84.72,85.14,85.38,85.55,85.49,85.23,84.90,84.53,84.62,84.92,85.23,85.56,85.93,86.00,85.71,85.11,83.78,82.61,81.66,80.85,80.27,79.92,79.54,79.02,78.48,77.88,77.30,76.74,76.15,75.59,75.03,74.48,73.94,73.40,72.87,72.34,71.88,71.63,71.40,71.50,71.81,72.14,72.58,73.14,73.73,74.30,74.94,75.74,76.58,77.41,78.17,78.90,79.48,79.93,80.26,80.43,80.54,80.63,80.72,80.86,80.85,80.75,80.64,80.56,80.47,80.43,80.42,80.42,80.40,80.28,80.01,79.63,79.19,78.73,78.23,77.76,77.39,77.08,76.83,76.59,76.39,76.31,76.23,76.16,76.06,75.91,75.75,75.64,75.53,75.39,75.31,75.14,74.71,74.13,73.83,74.39,74.71,74.81,74.89,74.93,74.88,74.81,74.66,74.14,73.41,72.65,71.79,70.79,70.21,69.91,69.74,69.55,69.09,68.44,67.69,66.91,66.12,64.74,63.14,61.78,61.00,60.53,60.10,59.22,57.71,55.76,53.85,51.95,50.35,49.41,48.68,47.99,47.34,46.74,46.20,45.85,46.08,46.71,47.26,47.80,48.30,48.84,49.51,50.33,52.68,54.38,54.78,55.02,55.93,57.31,58.96,60.54,61.38,62.08,62.55,62.72,62.87,63.02,63.14,63.30,63.67,64.06,64.45,64.83,65.22,65.61,65.99,66.38,66.75,67.06,67.37,67.63,67.89,68.19,68.43,68.71,68.91,68.99,69.01,69.13,69.20,69.17,69.07,69.19,69.69,70.22,70.45,70.55,70.25,68.23,64.25,60.28,58.83,58.76,59.24,59.76,60.43,61.08,61.57,61.77,61.71,61.44
89.49,89.59,90.09,91.97,96.74,99.36,100.18,100.31,100.30,100.28,100.20,99.96,99.40,98.45,97.31,96.07,94.77,93.60,92.56,91.56,90.58,89.85,89.17,88.37,87.48,86.75,86.46,85.94,85.12,84.03,82.95,81.94,80.97,80.03,79.08,77.94,76.70,75.69,75.37,75.48,75.66,75.57,75.10,74.70,74.78,75.51,77.14,79.92,81.29,81.93,82.28,82.50,82.67,83.06,83.50,83.87,84.06,84.26,84.21,83.94,83.61,83.44,83.31,83.20,83.19,83.47,83.77,83.79,83.56,83.23,81.82,80.80,80.22,79.84,79.53,79.34,79.12,78.75,78.22,77.61,77.04,76.49,75.92,75.38,74.84,74.30,73.76,73.22,72.75,72.26,71.75,71.34,71.07,71.15,71.42,71.76,72.25,72.77,73.34,73.98,74.61,75.38,76.18,76.96,77.68,78.42,79.03,79.51,79.90,80.29,80.59,80.81,81.00,81.19,81.32,81.33,81.23,81.03,80.63,80.45,80.40,80.40,80.39,80.27,79.87,79.29,78.78,78.26,77.77,77.31,76.94,76.63,76.34,76.11,75.95,75.87,75.79,75.71,75.61,75.47,75.35,75.27,75.20,75.15,75.09,74.74,73.92,72.87,72.04,71.83,72.08,72.61,73.27,73.59,73.56,73.33,72.92,72.28,71.51,70.85,70.27,69.67,69.21,69.01,68.94,68.83,68.43,67.75,66.99,66.25,65.54,64.54,63.34,62.24,61.55,61.35,61.43,61.22,60.23,57.96,55.99,54.09,52.30,50.83,49.59,48.79,48.18,47.62,47.13,46.70,46.81,47.38,48.02,48.61,49.15,49.98,51.54,53.77,56.39,57.91,58.01,57.75,58.04,58.94,60.10,61.10,61.89,62.52,62.94,63.09,63.19,63.34,63.48,63.64,63.94,64.31,64.70,65.09,65.47,65.86,66.25,66.63,66.99,67.26,67.56,67.82,68.08,68.38,68.62,68.90,69.14,69.25,69.31,69.44,69.51,69.53,69.63,69.84,70.18,70.47,70.51,70.63,70.44,68.99,65.64,60.60,58.56,57.92,57.87,58.23,58.83,59.25,59.58,59.87,59.68,58.61
89.72,89.84,90.83,94.18,98.50,100.15,100.30,100.37,100.27,100.11,99.75,99.16,98.44,97.38,96.22,95.04,93.83,92.65,91.66,90.77,89.95,89.41,88.93,88.32,87.63,87.16,87.08,86.55,85.63,84.55,83.47,82.38,81.33,80.33,79.28,78.06,76.77,75.55,74.59,74.27,74.12,73.83,73.27,72.71,72.74,73.63,75.56,78.65,80.17,80.89,81.26,81.47,81.56,81.90,82.28,82.58,82.76,82.97,82.92,82.67,82.44,82.37,82.10,81.76,81.52,81.55,81.41,81.37,81.44,81.35,80.33,79.61,79.28,79.18,79.03,78.89,78.72,78.45,77.95,77.36,76.78,76.25,75.70,75.16,74.62,74.08,73.54,73.03,72.59,72.12,71.59,71.11,70.78,70.79,71.02,71.38,71.88,72.41,72.99,73.64,74.29,75.05,75.82,76.55,77.24,77.98,78.57,79.05,79.48,79.98,80.43,80.81,81.14,81.45,81.80,81.95,81.87,81.55,80.97,80.62,80.46,80.42,80.39,80.20,79.67,78.97,78.39,77.80,77.29,76.84,76.47,76.16,75.85,75.62,75.48,75.42,75.35,75.26,75.13,74.94,74.80,74.69,74.62,74.58,74.54,74.15,73.16,71.75,70.41,69.38,69.41,70.12,71.05,71.46,71.49,71.28,70.90,70.45,69.86,69.39,69.05,68.74,68.37,68.22,68.19,68.12,67.78,67.14,66.42,65.71,65.05,64.34,63.49,62.80,62.61,62.92,63.38,63.62,63.00,60.34,58.11,56.14,54.32,52.63,51.23,50.12,49.22,48.52,48.05,47.58,47.56,48.00,48.71,49.53,50.54,51.99,54.18,57.00,59.17,60.25,60.24,59.79,59.71,60.18,60.94,61.62,62.36,62.94,63.29,63.44,63.54,63.69,63.84,64.00,64.21,64.55,64.93,65.31,65.70,66.09,66.47,66.86,67.21,67.45,67.75,68.01,68.27,68.57,68.81,69.09,69.35,69.51,69.63,69.80,69.89,69.96,70.14,70.31,70.48,70.53,70.46,70.58,70.49,69.68,67.19,61.62,58.84,57.50,56.84,56.72,57.04,57.13,57.17,57.15,56.35,54.91
90.08,90.33,92.09,97.14,99.54,100.28,100.38,100.36,100.16,99.75,98.78,97.50,96.94,96.06,95.00,93.90,92.89,91.71,90.76,90.01,89.44,88.96,88.50,88.13,87.88,87.80,87.78,87.15,86.13,85.05,83.97,82.89,81.85,80.78,79.53,78.33,77.12,75.89,74.70,73.63,72.75,72.06,71.50,70.96,70.67,71.39,73.31,76.21,78.19,79.47,80.20,80.42,80.52,80.80,81.08,81.27,81.48,81.66,81.60,81.45,81.44,81.32,81.06,80.75,80.39,79.89,78.88,78.73,79.36,79.44,79.38,79.12,78.83,78.68,78.52,78.42,78.30,78.09,77.68,77.10,76.53,75.99,75.45,74.91,74.37,73.84,73.31,72.82,72.36,71.86,71.35,70.94,70.51,70.41,70.60,70.98,71.45,72.06,72.68,73.27,73.97,74.78,75.55,76.23,76.86,77.55,78.09,78.55,79.01,79.48,79.99,80.54,81.10,81.62,82.23,82.51,82.45,82.05,81.47,80.94,80.60,80.48,80.38,80.03,79.44,78.75,78.07,77.40,76.82,76.34,75.97,75.65,75.34,75.10,74.98,74.95,74.89,74.78,74.59,74.30,74.01,73.83,73.69,73.56,73.49,73.36,72.50,70.97,69.22,67.59,67.23,67.66,68.30,68.48,68.61,68.71,68.83,68.98,68.77,68.46,68.17,67.92,67.57,67.47,67.47,67.43,67.19,66.68,66.07,65.45,64.89,64.31,63.64,63.49,64.39,65.55,66.25,66.61,66.04,63.07,60.28,58.06,56.28,54.84,53.89,52.26,50.61,49.53,48.98,48.49,48.32,48.59,49.37,50.64,52.69,55.07,57.33,59.30,60.28,60.76,60.92,60.69,60.69,60.99,61.49,62.13,62.82,63.31,63.61,63.77,63.91,64.06,64.22,64.36,64.48,64.76,65.12,65.50,65.89,66.28,66.66,67.05,67.40,67.64,67.94,68.20,68.46,68.76,69.00,69.28,69.56,69.79,70.00,70.22,70.36,70.42,70.51,70.54,70.52,70.40,70.23,70.36,70.40,70.15,68.60,63.48,59.83,57.68,56.37,55.32,55.04,54.77,54.42,53.73,51.79,50.81
91.38,92.69,95.03,98.76,99.99,100.35,100.41,100.26,99.99,98.55,96.75,95.28,94.87,94.32,93.50,92.56,91.63,90.68,89.98,89.43,88.98,88.52,88.28,88.29,88.44,88.47,88.41,87.70,86.64,85.58,84.61,83.55,82.43,81.23,79.93,78.72,77.51,76.31,75.06,73.76,72.57,71.56,70.77,70.15,69.77,70.13,71.43,73.67,75.46,77.18,78.39,78.62,78.86,79.43,79.91,80.12,80.28,80.43,80.48,80.48,80.52,80.28,80.07,79.74,79.17,78.55,77.71,77.27,77.35,77.75,78.15,78.36,78.36,78.18,78.02,77.92,77.83,77.67,77.36,76.84,76.28,75.74,75.20,74.66,74.14,73.63,73.09,72.59,72.08,71.56,71.04,70.61,70.19,70.06,70.17,70.47,70.95,71.54,72.19,72.91,73.73,74.61,75.37,76.01,76.60,77.04,77.46,77.90,78.37,78.87,79.27,79.94,80.83,81.53,82.16,82.54,82.60,82.26,81.71,81.13,80.70,80.45,80.16,79.71,79.09,78.39,77.66,77.03,76.44,75.92,75.51,75.15,74.80,74.53,74.36,74.28,74.23,74.15,73.95,73.55,73.12,72.89,72.72,72.55,72.47,72.39,71.79,70.54,68.56,66.23,65.15,65.04,65.39,65.46,65.81,66.35,67.01,67.66,67.66,67.49,67.32,67.25,67.33,67.47,67.62,67.69,67.53,67.07,66.52,65.93,65.31,64.68,64.20,64.35,65.49,66.70,67.72,68.50,68.52,66.50,63.92,61.33,59.08,57.53,56.73,55.25,53.53,52.02,50.88,49.76,49.22,49.44,50.54,52.25,54.54,56.97,59.03,60.25,60.84,61.23,61.48,61.41,61.48,61.72,62.09,62.64,63.32,63.74,63.98,64.13,64.29,64.41,64.55,64.69,64.82,65.03,65.36,65.75,66.13,66.52,66.91,67.25,67.55,67.83,68.13,68.39,68.65,68.95,69.19,69.47,69.80,70.14,70.42,70.59,70.66,70.65,70.59,70.49,70.16,69.63,69.13,69.53,70.00,70.19,69.43,66.19,61.69,58.72,57.18,55.95,55.23,54.70,54.01,52.75,50.63,49.80
93.03,95.23,97.75,99.70,100.23,100.41,100.41,100.09,99.40,96.87,94.38,92.92,92.67,92.42,91.88,91.12,90.28,89.62,89.18,88.82,88.47,88.13,88.21,88.58,89.03,89.13,89.02,88.29,87.25,86.21,85.28,84.21,83.00,81.70,80.41,79.16,77.94,76.73,75.47,74.11,72.77,71.53,70.47,69.73,69.28,69.28,69.92,71.43,72.94,74.83,76.33,76.69,77.16,78.03,78.74,79.08,79.18,79.31,79.45,79.55,79.53,79.22,79.11,78.84,78.20,77.56,77.03,76.32,75.76,76.30,76.90,77.47,77.79,77.66,77.52,77.43,77.34,77.23,77.01,76.55,76.03,75.48,74.94,74.42,73.92,73.43,72.89,72.36,71.83,71.29,70.77,70.29,69.88,69.71,69.75,69.97,70.43,70.98,71.69,72.55,73.46,74.36,75.12,75.74,76.25,76.46,76.77,77.18,77.63,78.12,78.41,79.17,80.36,81.27,81.88,82.32,82.50,82.25,81.77,81.13,80.60,80.27,79.82,79.31,78.70,78.00,77.25,76.65,76.04,75.48,75.03,74.64,74.25,73.92,73.70,73.55,73.53,73.47,73.25,72.77,72.22,71.94,71.75,71.55,71.47,71.39,70.96,69.88,67.64,64.80,63.14,62.55,62.65,62.68,63.28,64.25,65.40,66.50,66.82,66.87,66.87,66.97,67.45,67.81,68.09,68.25,68.17,67.72,67.15,66.56,65.86,65.15,64.87,65.24,66.35,67.42,68.63,69.77,70.38,69.54,67.65,65.22,62.89,61.41,60.60,59.11,57.21,55.23,53.47,51.72,50.77,50.85,52.15,54.11,56.37,58.53,60.17,60.81,61.29,61.72,62.04,62.10,62.24,62.45,62.74,63.19,63.82,64.17,64.36,64.50,64.65,64.76,64.88,65.03,65.17,65.33,65.62,66.00,66.39,66.77,67.15,67.46,67.70,68.01,68.32,68.58,68.84,69.14,69.38,69.66,70.02,70.46,70.77,70.88,70.87,70.75,70.53,70.13,69.42,68.46,67.62,68.16,69.17,69.91,69.94,68.66,64.27,60.79,58.75,57.37,56.38,55.76,54.75,52.84,50.52,49.68
94.88,96.74,98.47,99.81,100.28,100.44,100.39,99.79,97.68,94.52,91.92,90.60,90.50,90.44,90.10,89.55,88.95,88.54,88.24,87.98,87.78,87.87,88.38,88.97,89.45,89.73,89.65,89.05,88.17,87.18,85.98,84.72,83.47,82.22,80.97,79.73,78.42,77.10,75.80,74.47,73.11,71.78,70.59,69.69,69.02,68.83,69.18,70.09,71.61,73.06,74.19,74.93,75.79,76.72,77.57,78.19,78.34,78.45,78.50,78.48,78.30,78.05,78.17,78.28,78.02,77.32,76.66,75.92,75.32,75.37,75.84,76.43,76.91,77.12,77.06,76.98,76.88,76.75,76.62,76.26,75.77,75.23,74.70,74.21,73.70,73.19,72.70,72.17,71.67,71.16,70.63,70.11,69.65,69.37,69.34,69.62,69.91,70.53,71.31,72.16,73.02,73.84,74.60,75.23,75.52,75.69,76.01,76.40,76.78,77.09,77.33,78.16,79.55,80.77,81.44,81.84,82.03,81.88,81.49,80.65,79.97,79.64,79.24,78.83,78.29,77.62,76.85,76.12,75.47,74.91,74.46,74.06,73.68,73.31,73.00,72.85,72.83,72.74,72.48,71.94,71.35,70.98,70.75,70.60,70.52,70.44,69.80,68.28,65.59,62.83,61.20,60.55,60.57,60.59,61.45,62.74,64.20,65.68,66.79,67.34,67.56,67.77,68.22,68.58,68.83,68.95,68.86,68.37,67.73,67.06,66.37,65.62,65.54,66.07,67.05,68.07,69.08,70.08,70.88,70.91,70.48,69.75,68.97,68.34,67.35,64.82,61.87,59.30,57.30,55.41,54.09,53.68,54.64,56.30,58.33,60.03,60.88,61.34,61.79,62.25,62.64,62.83,63.05,63.27,63.52,63.83,64.31,64.58,64.72,64.82,64.97,65.11,65.26,65.40,65.50,65.64,65.91,66.25,66.64,67.03,67.37,67.65,67.89,68.20,68.51,68.77,69.03,69.33,69.57,69.81,70.15,70.58,70.89,70.97,70.91,70.71,70.23,69.15,67.90,66.64,65.59,65.69,67.31,69.03,70.01,69.72,68.27,65.13,61.50,59.42,58.62,58.24,56.95,54.06,50.74,49.64
95.74,97.41,98.85,99.91,100.34,100.47,100.39,99.65,96.84,93.11,90.36,89.20,88.94,88.90,88.64,88.17,87.65,87.45,87.27,87.05,86.91,87.31,88.03,88.81,89.48,89.92,89.98,89.64,88.95,87.89,86.63,85.32,84.00,82.67,81.37,80.07,78.75,77.43,76.12,74.80,73.44,72.05,70.73,69.66,68.89,68.48,68.53,69.24,70.53,71.66,72.59,73.47,74.46,75.43,76.35,77.11,77.44,77.48,77.39,77.24,77.05,76.91,77.16,77.48,77.53,77.09,76.45,75.72,75.08,74.94,75.22,75.73,76.25,76.57,76.57,76.50,76.40,76.29,76.20,75.92,75.48,74.94,74.44,73.97,73.48,72.99,72.51,71.98,71.50,71.00,70.46,69.96,69.48,69.10,68.98,69.26,69.59,70.12,70.82,71.63,72.38,73.09,73.84,74.48,74.77,74.97,75.22,75.51,75.79,76.02,76.28,77.09,78.41,79.65,80.40,80.81,81.00,80.95,80.72,80.13,79.58,79.22,78.80,78.36,77.86,77.28,76.51,75.73,75.06,74.48,73.97,73.54,73.13,72.72,72.37,72.17,72.10,72.01,71.77,71.22,70.47,69.86,69.43,69.19,69.08,68.74,67.89,66.23,63.36,61.29,60.22,59.84,59.93,60.14,61.38,62.98,64.52,65.82,67.15,68.02,68.45,68.67,69.01,69.31,69.53,69.61,69.52,69.04,68.39,67.69,66.96,66.22,66.09,66.50,67.33,68.28,69.12,69.98,70.85,71.48,71.90,72.02,71.89,71.49,70.47,68.39,65.83,63.24,61.13,59.06,57.44,56.62,57.16,58.53,60.31,61.77,62.35,62.76,63.21,63.45,63.44,63.46,63.65,63.92,64.20,64.44,64.69,64.91,65.06,65.18,65.33,65.48,65.62,65.74,65.85,66.00,66.22,66.51,66.89,67.24,67.56,67.84,68.08,68.39,68.67,68.92,69.17,69.43,69.67,69.93,70.25,70.63,70.94,71.00,70.85,70.47,69.69,68.17,66.55,64.98,63.61,63.08,64.85,67.13,68.93,69.85,69.75,68.02,65.38,63.07,61.43,60.39,58.62,55.19,50.90,49.57
96.10,97.65,99.06,99.98,100.39,100.50,100.39,99.62,96.63,92.55,89.64,88.46,87.86,87.63,87.33,86.89,86.39,86.37,86.29,86.09,86.00,86.64,87.46,88.40,89.31,89.91,90.13,90.07,89.58,88.45,87.21,85.89,84.50,83.07,81.69,80.33,79.03,77.76,76.44,75.13,73.77,72.37,70.97,69.74,68.90,68.25,67.95,68.64,69.64,70.58,71.44,72.30,73.27,74.25,75.20,76.03,76.46,76.41,76.18,75.92,75.79,75.79,76.12,76.54,76.84,76.79,76.28,75.58,74.94,74.73,74.84,75.23,75.69,76.00,76.05,75.99,75.91,75.83,75.76,75.56,75.16,74.65,74.18,73.71,73.24,72.77,72.29,71.76,71.28,70.79,70.28,69.80,69.34,68.88,68.65,68.89,69.31,69.72,70.27,70.98,71.61,72.24,72.95,73.62,74.00,74.25,74.44,74.61,74.77,75.00,75.28,76.01,77.17,78.33,79.12,79.56,79.79,79.89,79.85,79.62,79.29,78.88,78.40,77.86,77.39,76.91,76.19,75.44,74.78,74.16,73.57,73.09,72.61,72.17,71.79,71.49,71.36,71.27,71.06,70.53,69.59,68.67,67.94,67.50,67.29,66.61,65.61,64.02,61.30,60.15,59.78,59.77,59.98,60.55,62.23,64.11,65.69,66.68,67.88,68.84,69.40,69.56,69.78,70.00,70.16,70.19,70.07,69.63,69.01,68.29,67.54,66.83,66.56,66.76,67.42,68.30,68.99,69.74,70.65,71.68,72.55,73.09,73.24,72.82,71.83,70.75,69.16,66.86,64.69,62.50,60.66,59.53,59.68,60.78,62.32,63.60,64.18,64.59,64.93,64.82,64.30,64.05,64.17,64.46,64.78,64.98,64.99,65.14,65.33,65.49,65.65,65.82,65.95,66.06,66.22,66.38,66.53,66.77,67.13,67.45,67.75,68.03,68.27,68.56,68.80,69.04,69.27,69.50,69.73,70.01,70.32,70.63,70.92,70.98,70.71,70.09,69.03,67.30,65.46,63.63,61.92,60.80,62.30,64.73,67.17,69.21,69.70,69.65,68.71,65.78,62.60,60.66,58.64,55.35,50.81,49.45
96.34,97.84,99.23,100.06,100.41,100.50,100.39,99.72,97.32,93.70,90.63,88.71,87.56,86.61,86.01,85.62,85.28,85.29,85.28,85.22,85.29,86.04,86.97,88.00,89.06,89.88,90.15,90.17,89.84,88.92,87.58,86.16,84.75,83.35,82.01,80.72,79.43,78.13,76.82,75.50,74.18,72.85,71.54,70.22,69.25,68.28,67.58,68.11,69.16,70.16,71.03,71.83,72.67,73.55,74.47,75.22,75.34,75.15,74.86,74.59,74.49,74.70,75.07,75.49,75.90,76.14,75.94,75.42,74.80,74.55,74.64,74.90,75.19,75.40,75.52,75.48,75.41,75.34,75.31,75.16,74.84,74.39,73.92,73.41,72.90,72.40,71.93,71.45,70.98,70.53,70.08,69.57,69.09,68.63,68.34,68.46,68.78,69.16,69.63,70.17,70.69,71.33,72.06,72.76,73.22,73.49,73.71,73.87,73.99,74.16,74.44,75.09,76.18,77.47,78.02,78.48,78.97,79.38,79.56,79.34,78.93,78.42,77.85,77.22,76.69,76.28,75.89,75.22,74.58,73.95,73.36,72.83,72.27,71.74,71.26,70.86,70.64,70.48,70.26,69.76,68.73,67.53,66.45,65.62,65.02,64.19,63.23,62.04,60.42,59.85,59.71,59.76,60.10,61.34,63.40,65.58,67.47,68.67,69.36,69.85,70.17,70.27,70.39,70.52,70.60,70.56,70.28,69.88,69.27,68.53,67.81,67.12,66.86,67.04,67.59,68.33,68.98,69.76,70.75,71.82,72.84,73.72,74.26,74.06,73.10,72.35,71.20,69.29,67.15,65.05,63.26,62.09,62.19,63.08,64.34,65.42,65.97,66.41,66.17,65.59,64.97,64.72,64.73,64.89,65.12,65.28,65.08,65.13,65.32,65.52,65.73,65.94,66.14,66.34,66.59,66.71,66.85,67.05,67.33,67.64,67.94,68.22,68.44,68.65,68.88,69.11,69.32,69.51,69.73,70.02,70.33,70.62,70.81,70.86,70.42,69.53,68.42,66.85,65.06,63.23,61.52,60.22,60.60,62.30,64.89,67.12,68.29,68.86,67.34,61.20,55.64,53.59,52.79,51.52,49.89,49.25
96.63,98.08,99.41,100.11,100.42,100.52,100.42,99.89,98.32,95.00,91.59,88.99,87.52,86.13,85.31,84.88,84.50,84.32,84.27,84.34,84.63,85.50,86.33,87.18,88.17,89.34,89.98,90.19,89.94,89.11,87.71,86.22,84.77,83.38,82.14,81.08,80.02,78.90,77.73,76.35,74.97,73.61,72.26,70.87,69.71,68.46,67.36,67.39,68.38,69.46,70.43,71.28,72.08,72.97,73.80,74.35,74.24,73.88,73.53,73.29,73.29,73.64,74.04,74.45,74.88,75.28,75.39,75.13,74.66,74.37,74.45,74.63,74.80,74.87,74.95,74.93,74.87,74.80,74.73,74.61,74.36,74.03,73.63,73.13,72.59,72.07,71.59,71.10,70.63,70.18,69.72,69.21,68.74,68.31,68.00,67.96,68.25,68.64,69.09,69.57,70.02,70.67,71.40,72.08,72.47,72.73,72.96,73.14,73.27,73.49,73.91,74.55,75.45,76.54,76.99,77.49,78.10,78.70,79.15,78.97,78.47,77.87,77.23,76.57,76.00,75.59,75.40,74.89,74.33,73.77,73.16,72.59,72.00,71.42,70.87,70.38,69.83,69.39,68.98,68.37,67.26,66.07,64.96,63.97,63.13,62.27,61.45,60.66,59.91,59.70,59.70,59.89,60.57,62.49,64.84,67.13,69.00,70.03,70.41,70.62,70.79,70.87,70.94,71.00,70.98,70.80,70.40,69.97,69.38,68.66,67.97,67.30,67.08,67.28,67.80,68.48,69.13,69.96,71.00,72.09,73.16,74.23,75.08,75.31,74.60,74.06,73.16,71.49,69.42,67.47,65.76,64.59,64.65,65.43,66.48,67.33,67.66,67.69,67.03,66.23,65.63,65.34,65.25,65.35,65.49,65.42,65.11,65.13,65.33,65.56,65.79,66.03,66.25,66.50,66.77,66.90,67.03,67.18,67.33,67.58,67.83,68.07,68.26,68.42,68.62,68.82,69.01,69.17,69.35,69.60,69.98,70.42,70.54,70.47,69.91,68.92,67.81,66.45,64.80,63.06,61.43,60.04,59.56,60.46,62.63,64.82,66.21,66.97,65.18,57.93,51.72,49.80,49.64,49.42,49.26,49.01
96.92,98.35,99.60,100.14,100.43,100.55,100.48,100.11,99.43,96.16,92.31,89.17,87.63,86.13,85.27,84.78,84.21,83.61,83.35,83.45,83.96,84.91,85.48,85.95,86.71,88.28,89.53,89.98,89.78,88.98,87.58,86.08,84.61,83.26,82.15,81.44,80.76,80.02,79.12,77.59,76.07,74.57,73.05,71.57,70.19,68.71,67.30,66.58,67.30,68.44,69.57,70.56,71.45,72.45,73.16,73.38,73.16,72.64,72.21,72.02,72.20,72.62,73.03,73.41,73.82,74.26,74.63,74.70,74.48,74.18,74.24,74.38,74.46,74.41,74.35,74.33,74.29,74.20,74.06,73.91,73.75,73.55,73.27,72.85,72.34,71.81,71.28,70.75,70.26,69.77,69.25,68.78,68.30,67.92,67.61,67.44,67.75,68.19,68.68,69.19,69.61,70.23,70.95,71.54,71.74,71.96,72.20,72.41,72.60,72.97,73.61,74.28,74.92,75.53,76.00,76.55,77.18,77.83,78.61,78.51,77.97,77.28,76.58,75.93,75.37,74.94,74.75,74.43,74.04,73.56,72.95,72.34,71.78,71.20,70.62,70.05,69.02,68.15,67.45,66.64,65.44,64.44,63.51,62.58,61.69,60.91,60.30,59.87,59.66,59.62,59.71,60.14,61.35,63.86,66.43,68.63,70.15,70.66,70.96,71.16,71.30,71.38,71.44,71.44,71.28,70.91,70.45,69.94,69.36,68.72,68.05,67.43,67.26,67.48,68.04,68.71,69.41,70.30,71.38,72.47,73.55,74.67,75.74,76.50,76.27,75.96,75.17,73.60,71.65,69.86,68.23,67.04,67.05,67.82,68.65,69.18,69.11,68.40,67.52,66.79,66.27,65.91,65.73,65.83,65.87,65.42,65.09,65.16,65.39,65.61,65.84,66.07,66.30,66.53,66.75,66.90,67.04,67.11,67.09,67.23,67.39,67.56,67.72,67.88,68.03,68.20,68.35,68.50,68.58,68.77,69.26,69.97,70.04,69.77,69.16,68.26,67.19,66.02,64.56,63.00,61.52,60.08,59.13,59.22,60.54,62.52,63.66,64.31,62.87,56.77,51.56,49.82,49.57,49.31,49.02,48.76
97.09,98.42,99.68,100.16,100.47,100.58,100.50,100.23,99.84,96.46,92.41,89.14,87.57,86.21,85.82,85.88,85.39,84.27,83.17,82.62,82.90,83.52,83.97,84.53,85.42,86.86,88.11,88.47,88.44,88.30,86.94,85.54,84.39,83.49,82.67,82.04,81.61,81.23,80.54,78.66,76.88,75.21,73.52,71.83,70.27,68.78,67.39,66.30,66.36,67.29,68.57,69.83,71.02,71.94,72.38,72.27,71.98,71.50,71.02,70.80,71.15,71.56,71.98,72.40,72.79,73.21,73.64,73.93,74.03,73.94,73.94,73.95,73.94,73.85,73.73,73.70,73.67,73.58,73.42,73.27,73.11,72.94,72.70,72.47,72.09,71.61,71.06,70.53,70.01,69.48,68.95,68.44,67.89,67.43,67.11,67.03,67.44,67.91,68.38,68.88,69.36,69.90,70.39,70.76,70.93,71.15,71.41,71.70,72.02,72.49,73.13,73.73,74.23,74.68,75.15,75.74,76.43,77.20,78.09,78.25,77.83,77.00,76.17,75.47,74.96,74.58,74.28,73.98,73.62,73.20,72.70,72.09,71.53,71.00,70.49,69.98,68.92,68.07,67.39,66.52,65.09,63.58,62.32,61.42,60.64,60.16,59.83,59.60,59.56,59.63,59.77,60.47,62.25,64.76,67.42,69.39,70.44,70.93,71.35,71.64,71.81,71.92,71.88,71.66,71.32,70.87,70.36,69.86,69.30,68.71,68.22,67.81,67.58,67.64,68.13,68.81,69.61,70.61,71.76,72.85,73.97,75.08,76.21,77.24,77.65,77.71,77.16,75.79,74.08,72.34,70.68,69.44,69.35,70.00,70.22,69.99,69.40,68.52,67.77,67.16,66.69,66.32,66.20,66.14,65.92,65.38,65.08,65.16,65.38,65.56,65.75,65.97,66.20,66.41,66.54,66.57,66.59,66.56,66.45,66.46,66.58,66.73,66.89,67.04,67.20,67.35,67.50,67.58,67.54,67.66,68.12,68.86,68.99,68.67,68.12,67.40,66.48,65.41,64.17,62.89,61.64,60.32,59.08,58.63,59.26,60.50,61.17,61.90,61.46,57.54,53.10,50.80,49.87,49.49,49.10,48.76
97.38,98.51,99.73,100.16,100.50,100.60,100.51,100.24,99.81,96.17,92.08,89.03,87.51,86.49,86.65,87.22,86.87,85.32,83.28,81.94,81.85,82.05,82.35,82.97,83.97,85.23,86.01,86.09,86.25,86.87,86.09,84.97,84.04,83.40,82.77,82.38,82.18,81.95,81.27,79.36,77.50,75.73,73.92,72.04,70.28,68.78,67.48,66.26,65.66,66.25,67.55,69.05,70.49,71.32,71.51,71.19,70.80,70.32,69.94,69.87,70.41,70.81,71.24,71.66,72.05,72.44,72.87,73.28,73.58,73.62,73.53,73.44,73.36,73.28,73.13,73.08,73.03,72.94,72.79,72.63,72.48,72.31,72.13,72.04,71.78,71.37,70.88,70.36,69.81,69.25,68.69,68.14,67.54,66.99,66.63,66.62,67.08,67.56,68.02,68.50,69.02,69.49,69.81,70.01,70.17,70.41,70.70,71.05,71.47,72.01,72.59,73.13,73.58,73.99,74.45,75.06,75.79,76.67,77.59,78.03,77.76,76.81,75.88,75.14,74.65,74.31,73.92,73.59,73.23,72.83,72.42,71.89,71.38,70.91,70.49,70.06,69.21,68.59,68.12,67.38,65.86,63.78,61.88,60.60,59.97,59.69,59.55,59.49,59.56,59.73,60.27,61.44,63.46,65.73,68.26,69.97,70.71,71.28,71.84,72.17,72.33,72.35,72.16,71.77,71.30,70.81,70.29,69.81,69.30,68.82,68.53,68.31,68.03,67.90,68.17,68.86,69.75,70.86,72.10,73.24,74.38,75.50,76.67,77.87,78.76,79.13,78.85,77.84,76.45,74.74,73.06,71.75,71.36,71.63,71.17,70.27,69.39,68.58,68.00,67.52,67.07,66.71,66.61,66.38,65.96,65.45,65.15,65.16,65.30,65.47,65.64,65.81,65.97,66.10,66.13,66.08,66.00,65.90,65.77,65.65,65.72,65.85,66.00,66.16,66.31,66.46,66.56,66.56,66.41,66.47,66.88,67.57,67.80,67.45,66.90,66.28,65.55,64.67,63.66,62.60,61.50,60.33,59.02,58.23,58.26,58.95,59.31,60.00,60.23,58.27,54.97,52.31,50.60,49.79,49.29,48.86
97.94,98.72,99.78,100.17,100.50,100.60,100.50,100.11,99.27,95.15,91.20,88.84,87.53,87.10,87.70,88.55,88.37,86.54,83.64,81.51,80.98,80.76,80.80,81.27,82.21,83.39,83.08,82.66,82.99,84.34,85.05,84.43,83.47,82.63,81.96,82.18,82.25,81.82,80.80,79.50,77.91,76.15,74.29,72.31,70.31,68.70,67.50,66.43,65.34,65.47,66.56,68.16,69.75,70.46,70.55,70.19,69.62,69.03,68.98,69.44,70.19,70.63,71.02,71.41,71.80,72.19,72.58,72.97,73.25,73.19,73.00,72.87,72.80,72.70,72.56,72.47,72.40,72.31,72.16,72.00,71.85,71.71,71.62,71.53,71.33,71.04,70.68,70.21,69.63,69.03,68.44,67.89,67.28,66.68,66.23,66.18,66.59,67.05,67.52,67.98,68.45,68.92,69.22,69.38,69.55,69.83,70.13,70.50,70.97,71.50,72.05,72.56,73.03,73.49,74.00,74.59,75.31,76.23,77.15,77.80,77.67,76.68,75.71,74.95,74.44,74.06,73.67,73.30,72.92,72.53,72.15,71.79,71.40,71.03,70.69,70.30,69.93,69.74,69.65,69.34,68.02,65.51,62.65,60.29,59.79,59.48,59.38,59.47,59.68,59.97,61.55,63.54,65.21,67.00,69.03,70.52,71.30,71.91,72.51,72.81,72.81,72.61,72.22,71.77,71.28,70.76,70.28,69.82,69.41,69.14,69.07,68.92,68.66,68.34,68.19,68.91,69.86,71.03,72.38,73.65,74.78,75.95,77.19,78.46,79.52,80.01,80.05,79.61,78.60,76.93,75.29,73.90,72.87,72.34,71.23,70.00,69.25,68.75,68.33,67.90,67.45,67.08,66.90,66.54,66.08,65.73,65.37,65.14,65.14,65.35,65.56,65.58,65.54,65.51,65.45,65.38,65.29,65.22,65.11,64.91,64.88,64.96,65.12,65.27,65.42,65.53,65.56,65.43,65.22,65.26,65.62,66.22,66.56,66.16,65.49,64.79,64.23,63.79,62.99,61.96,60.89,59.85,58.83,57.94,57.46,58.08,58.51,58.88,58.96,58.20,56.72,54.34,51.92,50.18,49.55,49.08
98.43,98.98,99.89,100.23,100.54,100.63,100.49,99.95,98.23,93.80,90.22,88.61,87.54,87.71,88.54,89.36,89.18,86.80,83.53,81.18,80.47,79.98,79.49,79.56,80.31,81.39,81.00,80.30,80.41,81.95,83.28,83.19,82.43,81.55,81.18,81.70,82.07,81.78,80.52,79.34,78.05,76.60,74.95,73.01,71.10,69.65,68.58,67.39,65.97,65.05,65.23,66.89,68.55,69.22,69.24,68.82,68.17,67.82,68.33,69.34,70.13,70.55,70.92,71.30,71.69,72.08,72.46,72.75,72.88,72.79,72.59,72.41,72.25,72.10,71.98,71.89,71.80,71.68,71.52,71.37,71.26,71.19,71.15,71.08,70.89,70.63,70.29,69.80,69.23,68.66,68.08,67.49,66.88,66.27,65.80,65.73,66.09,66.52,66.96,67.42,67.89,68.35,68.64,68.79,68.96,69.25,69.59,70.01,70.55,71.09,71.78,72.42,72.96,73.50,74.01,74.56,75.19,75.95,76.86,77.61,77.59,76.66,75.70,74.96,74.44,74.07,73.75,73.41,73.06,72.70,72.33,72.02,71.70,71.39,71.07,70.69,70.44,70.33,70.29,70.13,69.30,66.54,63.05,60.13,59.65,59.34,59.29,59.47,59.86,61.08,63.45,66.02,68.03,69.64,70.84,71.68,72.23,72.66,73.12,73.20,73.00,72.68,72.27,71.82,71.34,70.84,70.38,70.01,69.77,69.66,69.68,69.59,69.29,68.85,68.49,68.98,69.91,71.14,72.55,73.90,75.19,76.48,77.81,79.08,79.89,80.21,80.17,79.72,78.71,77.33,75.94,74.63,73.36,72.41,71.34,70.28,69.47,69.04,68.65,68.25,67.83,67.45,67.16,66.75,66.30,65.94,65.53,65.18,65.00,65.01,65.04,64.98,64.91,64.83,64.75,64.67,64.60,64.53,64.42,64.21,64.09,64.13,64.28,64.43,64.52,64.53,64.45,64.25,64.02,64.03,64.32,64.85,65.27,64.71,63.82,62.99,62.55,62.63,62.11,61.18,60.26,59.33,58.46,57.61,57.00,57.27,57.64,57.76,57.60,57.16,56.44,55.05,52.96,50.57,49.70,49.30
98.91,99.28,100.00,100.31,100.62,100.66,100.47,99.74,96.96,92.47,89.40,88.44,87.72,88.33,89.29,90.02,89.74,86.90,83.37,80.86,79.99,79.32,78.41,78.18,78.77,79.66,79.45,78.66,78.54,80.02,81.48,81.78,81.22,80.36,80.44,81.25,81.86,81.69,80.24,79.01,77.91,76.73,75.32,73.56,71.98,70.81,69.85,68.52,66.84,64.94,64.13,65.54,67.10,67.72,67.74,67.36,66.69,66.73,67.82,69.31,70.12,70.51,70.87,71.25,71.63,72.01,72.37,72.53,72.50,72.40,72.20,71.97,71.75,71.53,71.42,71.33,71.21,71.05,70.91,70.77,70.71,70.71,70.70,70.62,70.42,70.14,69.78,69.28,68.75,68.22,67.66,67.05,66.44,65.82,65.36,65.28,65.61,66.00,66.41,66.87,67.32,67.78,68.07,68.24,68.49,68.81,69.19,69.68,70.30,70.90,71.74,72.52,73.17,73.75,74.24,74.74,75.27,75.86,76.70,77.45,77.49,76.66,75.79,75.06,74.55,74.21,73.97,73.67,73.35,73.01,72.66,72.35,72.09,71.81,71.50,71.14,70.88,70.73,70.62,70.45,70.08,67.05,63.15,60.04,59.54,59.23,59.22,59.48,60.03,62.32,65.46,68.59,71.06,72.43,72.84,73.03,73.25,73.42,73.62,73.47,73.09,72.70,72.31,71.87,71.42,70.95,70.50,70.24,70.17,70.21,70.27,70.23,69.91,69.43,68.98,69.13,69.87,71.01,72.39,73.75,75.22,76.77,78.31,79.60,80.08,80.15,79.89,79.25,78.15,77.04,75.89,74.63,73.25,72.03,71.20,70.49,69.69,69.27,68.89,68.52,68.13,67.75,67.37,66.94,66.49,66.09,65.63,65.22,64.89,64.68,64.52,64.40,64.31,64.20,64.10,64.00,63.91,63.83,63.73,63.52,63.34,63.31,63.44,63.56,63.57,63.47,63.30,63.06,62.83,62.79,63.01,63.49,63.98,63.25,62.18,61.27,60.93,61.39,61.13,60.38,59.63,58.78,57.98,57.20,56.58,56.49,56.77,56.70,56.30,55.87,55.42,54.90,53.42,50.89,49.84,49.53
99.42,99.67,100.13,100.44,100.75,100.69,100.41,99.45,95.42,91.53,89.20,88.53,88.44,89.00,89.98,90.74,90.19,87.46,83.51,80.47,79.30,78.53,77.85,77.87,78.48,78.96,78.75,78.24,78.27,79.41,80.28,80.52,79.95,79.11,79.78,81.19,81.83,81.35,79.80,78.43,77.12,75.79,74.45,73.23,72.38,71.61,70.70,69.38,67.50,65.47,64.13,64.33,65.33,65.79,65.97,65.91,65.43,66.01,67.49,69.16,70.10,70.50,70.87,71.23,71.57,71.95,72.19,72.23,72.11,71.97,71.80,71.59,71.36,71.13,70.94,70.78,70.64,70.48,70.34,70.28,70.26,70.26,70.25,70.13,69.85,69.49,69.11,68.69,68.22,67.71,67.17,66.60,66.00,65.38,64.91,64.84,65.16,65.55,65.95,66.35,66.75,67.21,67.50,67.76,68.32,68.76,69.24,69.81,70.51,71.28,72.13,72.99,73.76,74.27,74.74,75.17,75.64,76.20,76.87,77.36,77.32,76.69,75.94,75.29,74.82,74.52,74.28,73.98,73.63,73.31,73.03,72.72,72.43,72.16,71.89,71.58,71.33,71.12,70.87,70.49,70.11,66.58,62.55,59.94,59.47,59.16,59.18,59.48,60.12,63.09,67.17,71.09,73.74,74.31,74.42,74.39,74.26,74.08,73.87,73.54,73.14,72.70,72.31,71.91,71.48,71.02,70.57,70.43,70.50,70.66,70.72,70.72,70.48,70.13,69.76,69.47,69.56,70.17,71.24,72.43,74.04,76.16,78.32,79.75,80.08,79.91,79.40,78.52,77.45,76.35,75.11,73.69,72.20,70.83,70.18,69.88,69.53,69.20,68.87,68.54,68.20,67.82,67.44,67.00,66.54,66.09,65.63,65.19,64.83,64.60,64.38,64.19,63.99,63.80,63.60,63.41,63.24,63.13,63.04,62.87,62.67,62.55,62.54,62.56,62.47,62.33,62.16,61.92,61.69,61.55,61.68,62.17,62.70,61.93,60.88,60.09,59.86,60.14,60.09,59.68,59.03,58.16,57.35,56.58,55.94,55.79,55.94,55.80,55.35,54.72,54.05,53.31,52.32,51.03,50.05,49.80
99.94,100.09,100.40,100.64,100.81,100.64,100.26,99.06,94.22,90.88,89.21,88.85,89.12,89.92,90.92,91.48,90.69,88.68,83.51,79.43,78.64,78.05,77.59,77.62,78.02,78.29,78.18,78.00,78.19,78.99,79.49,79.64,79.22,78.59,79.17,80.73,81.71,81.47,79.62,78.08,76.53,74.97,73.49,72.30,71.58,71.02,70.36,69.18,67.40,65.40,63.80,63.25,63.66,63.95,64.17,64.28,64.14,65.32,67.14,68.94,70.04,70.47,70.81,71.14,71.46,71.81,71.95,71.91,71.72,71.57,71.41,71.22,70.98,70.75,70.52,70.32,70.12,69.93,69.84,69.79,69.78,69.74,69.58,69.40,69.10,68.73,68.34,67.95,67.53,67.07,66.60,66.10,65.54,64.95,64.50,64.39,64.72,65.11,65.50,65.88,66.27,66.69,67.13,67.66,68.45,69.01,69.55,70.17,70.95,71.82,72.68,73.55,74.34,74.78,75.16,75.56,76.00,76.49,77.06,77.31,77.17,76.66,76.04,75.47,75.06,74.81,74.59,74.30,73.96,73.64,73.37,73.06,72.78,72.51,72.23,71.93,71.61,71.28,70.90,70.32,69.27,65.44,61.71,59.79,59.40,59.13,59.17,59.48,60.15,63.37,67.72,71.75,74.29,74.91,75.02,74.94,74.72,74.41,74.00,73.61,73.20,72.74,72.35,71.94,71.52,71.10,70.77,70.75,70.90,71.11,71.20,71.19,71.02,70.74,70.39,69.99,69.75,69.86,70.41,71.30,72.85,74.95,77.28,79.26,79.60,79.28,78.64,77.73,76.66,75.56,74.35,73.06,71.72,70.34,69.68,69.45,69.28,69.04,68.77,68.47,68.15,67.77,67.41,67.03,66.62,66.22,65.79,65.33,64.94,64.66,64.42,64.19,63.96,63.72,63.46,63.22,63.02,62.85,62.70,62.52,62.30,62.10,61.95,61.84,61.67,61.49,61.30,61.06,60.83,60.57,60.56,60.98,61.39,60.78,59.95,59.33,59.10,59.24,59.22,58.98,58.48,57.58,56.71,55.98,55.45,55.28,55.18,54.87,54.34,53.70,53.00,52.25,51.52,50.81,50.16,50.02
100.44,100.52,100.69,100.82,100.80,100.54,100.09,98.72,93.72,90.80,89.61,89.56,89.97,90.84,91.67,91.92,91.04,90.00,83.59,78.44,78.10,77.79,77.56,77.46,77.50,77.68,77.68,77.80,78.13,78.63,78.90,78.97,78.78,78.49,78.64,79.98,81.41,81.67,79.56,77.92,76.17,74.38,72.68,71.25,70.30,69.78,69.33,68.32,66.89,65.15,63.52,62.48,62.22,62.34,62.53,62.66,62.87,64.43,66.45,68.39,69.78,70.35,70.69,71.00,71.30,71.60,71.68,71.58,71.36,71.20,71.04,70.84,70.60,70.37,70.13,69.89,69.63,69.39,69.35,69.30,69.25,69.11,68.76,68.52,68.24,67.89,67.51,67.12,66.73,66.34,65.94,65.53,65.03,64.50,64.08,63.95,64.28,64.66,65.04,65.43,65.82,66.26,66.92,67.80,68.73,69.42,70.01,70.69,71.53,72.44,73.31,74.14,74.86,75.25,75.52,75.90,76.33,76.74,77.23,77.26,77.03,76.62,76.10,75.62,75.28,75.06,74.88,74.61,74.30,73.99,73.68,73.35,73.07,72.78,72.45,72.12,71.69,71.25,70.72,69.78,67.61,63.81,60.76,59.60,59.30,59.10,59.19,59.50,60.15,63.33,67.48,71.20,73.56,74.73,75.06,75.03,74.84,74.53,74.09,73.68,73.27,72.82,72.42,71.98,71.55,71.21,71.07,71.16,71.35,71.56,71.69,71.66,71.53,71.32,71.00,70.70,70.37,70.14,70.16,70.69,72.00,73.74,75.91,78.29,78.69,78.29,77.63,76.83,75.81,74.68,73.59,72.55,71.49,70.25,69.51,69.17,68.98,68.81,68.59,68.33,68.01,67.64,67.31,66.99,66.67,66.34,65.97,65.53,65.11,64.77,64.53,64.30,64.06,63.82,63.53,63.28,63.05,62.82,62.60,62.37,62.14,61.89,61.61,61.39,61.17,60.94,60.71,60.48,60.25,59.86,59.69,59.91,60.14,59.76,59.24,58.80,58.53,58.54,58.47,58.28,57.93,57.01,56.08,55.41,55.06,54.89,54.53,54.01,53.42,52.86,52.24,51.61,50.99,50.48,50.26,50.22
100.84,100.76,100.70,100.69,100.63,100.41,100.03,98.98,95.67,92.79,91.40,91.51,91.86,90.98,90.65,90.76,90.49,89.94,84.54,79.48,77.99,77.79,77.83,77.68,77.39,77.30,77.20,77.38,77.74,78.08,78.24,78.31,78.30,78.26,78.39,78.98,80.31,81.06,79.36,77.99,76.33,74.52,72.77,71.33,70.09,69.16,68.34,67.30,66.55,65.67,64.45,62.87,61.71,61.53,61.62,61.68,61.77,62.45,64.09,66.39,68.66,69.96,70.52,70.78,71.00,71.25,71.39,71.31,71.09,70.88,70.68,70.45,70.22,69.98,69.70,69.42,69.13,68.87,68.81,68.78,68.59,68.25,67.83,67.62,67.35,67.01,66.63,66.24,65.86,65.47,65.08,64.69,64.27,63.82,63.50,63.50,63.84,64.18,64.54,64.93,65.34,66.05,67.00,68.03,68.97,69.81,70.58,71.34,72.16,73.08,73.94,74.66,75.21,75.58,75.84,76.19,76.59,76.96,77.20,77.11,76.90,76.63,76.25,75.80,75.47,75.26,75.09,74.85,74.56,74.25,73.91,73.47,73.02,72.59,72.18,71.77,71.31,70.85,69.99,67.97,64.37,61.56,59.91,59.31,59.03,59.03,59.27,59.60,60.18,63.08,66.71,70.06,72.57,74.44,75.05,75.12,74.97,74.65,74.22,73.80,73.39,72.94,72.54,72.10,71.67,71.38,71.45,71.60,71.79,72.01,72.14,72.14,72.10,72.06,72.01,71.87,71.69,71.64,71.78,72.14,72.65,74.07,75.81,76.81,77.06,76.70,76.13,75.54,74.85,73.76,72.63,71.60,70.68,69.96,69.47,69.07,68.73,68.51,68.33,68.11,67.84,67.50,67.15,66.82,66.51,66.19,65.87,65.47,65.09,64.78,64.54,64.31,64.08,63.84,63.59,63.35,63.09,62.82,62.59,62.36,62.13,61.88,61.63,61.39,61.17,60.93,60.70,60.47,60.23,59.81,59.35,59.10,59.27,59.02,58.62,58.24,58.00,57.89,57.77,57.61,57.31,56.43,55.54,54.93,54.69,54.56,54.25,53.74,53.13,52.54,51.92,51.30,50.81,50.55,50.48,50.46
100.58,100.43,100.33,100.38,100.36,100.17,99.74,98.86,96.99,94.54,92.77,92.00,91.48,89.58,88.39,88.00,87.89,87.82,85.06,81.66,79.29,78.47,78.35,78.09,77.66,77.44,77.22,77.24,77.42,77.65,77.78,77.91,77.95,77.99,78.30,78.65,79.66,80.35,79.14,78.09,76.69,75.11,73.56,72.20,70.85,69.67,68.68,67.83,67.50,67.03,65.92,63.84,61.79,61.06,60.88,60.83,60.82,60.90,61.88,63.82,66.46,68.75,69.97,70.51,70.68,70.91,71.07,71.06,70.86,70.62,70.37,69.90,69.42,69.20,69.07,68.88,68.62,68.35,68.25,68.13,67.81,67.35,66.92,66.70,66.45,66.14,65.77,65.38,65.00,64.61,64.23,63.84,63.45,63.13,62.94,63.01,63.36,63.70,64.06,64.49,65.13,66.14,67.29,68.40,69.24,70.16,71.06,71.94,72.79,73.69,74.49,75.10,75.52,75.88,76.15,76.47,76.81,77.07,77.11,76.96,76.76,76.56,76.30,75.94,75.64,75.45,75.26,75.04,74.72,74.36,73.94,73.35,72.72,72.18,71.74,71.30,70.84,69.89,68.11,65.13,61.70,60.01,59.30,59.04,58.95,59.13,59.44,59.91,60.97,63.62,66.70,69.59,72.00,74.11,74.96,75.19,75.10,74.80,74.37,73.94,73.52,73.06,72.64,72.20,71.83,71.67,71.89,72.07,72.25,72.45,72.61,72.64,72.63,72.70,72.93,73.05,73.17,73.79,74.69,74.71,74.30,74.66,75.27,75.13,75.23,74.95,74.54,74.20,73.86,72.84,71.70,70.71,70.03,69.68,69.36,68.98,68.57,68.28,68.06,67.85,67.63,67.34,66.99,66.66,66.34,66.01,65.70,65.36,65.02,64.75,64.51,64.28,64.05,63.81,63.58,63.35,63.09,62.82,62.59,62.36,62.13,61.89,61.65,61.38,61.10,60.83,60.58,60.35,60.14,59.72,59.13,58.55,58.48,58.28,57.98,57.65,57.42,57.23,57.07,56.92,56.68,56.02,55.22,54.63,54.37,54.25,54.00,53.52,52.91,52.31,51.70,51.17,50.82,50.73,50.69,50.65
99.48,99.35,99.41,99.72,99.85,99.69,99.15,98.19,97.16,95.58,93.39,90.83,88.72,86.73,85.04,83.80,83.32,83.72,84.72,84.32,81.83,79.92,79.16,78.70,78.30,78.11,77.77,77.46,77.32,77.44,77.61,77.78,77.77,77.73,78.34,79.08,79.64,79.70,78.89,78.09,77.03,75.91,74.82,73.62,72.42,71.31,70.43,70.02,69.73,69.09,67.69,65.23,62.35,60.85,60.24,60.12,60.06,60.06,60.22,61.02,63.31,66.51,68.78,69.98,70.28,70.57,70.75,70.78,70.65,70.39,70.05,69.07,68.10,67.94,68.14,68.18,68.05,67.81,67.64,67.34,66.93,66.46,66.03,65.77,65.54,65.27,64.94,64.56,64.17,63.79,63.40,63.01,62.64,62.44,62.39,62.51,62.86,63.24,63.64,64.22,65.28,66.51,67.80,68.91,69.60,70.50,71.46,72.44,73.41,74.25,74.94,75.45,75.83,76.15,76.44,76.73,76.97,77.04,76.95,76.79,76.60,76.39,76.21,75.98,75.77,75.59,75.37,75.15,74.77,74.30,73.73,73.00,72.20,71.58,71.16,70.71,70.16,68.25,65.11,61.57,60.01,59.32,58.96,58.85,59.13,59.49,59.89,60.71,62.72,65.14,67.68,70.03,71.99,73.80,74.81,75.23,75.22,74.97,74.55,74.09,73.64,73.17,72.72,72.26,72.02,72.10,72.38,72.57,72.74,72.91,73.11,73.14,73.10,73.22,73.64,74.11,74.70,76.39,78.49,78.04,76.75,75.38,74.22,73.47,73.35,73.15,72.94,72.86,72.84,71.94,70.84,69.97,69.66,69.41,69.17,68.87,68.48,68.11,67.80,67.56,67.38,67.13,66.84,66.53,66.19,65.83,65.51,65.20,64.91,64.68,64.45,64.22,63.98,63.75,63.52,63.29,63.05,62.81,62.58,62.35,62.12,61.89,61.63,61.27,60.90,60.56,60.27,60.04,59.85,59.48,58.92,58.27,57.75,57.54,57.32,57.02,56.79,56.57,56.39,56.23,56.05,55.76,55.11,54.50,54.12,53.95,53.73,53.27,52.67,52.12,51.52,51.15,50.98,50.95,50.88,50.77
97.12,96.76,96.83,97.27,97.73,98.19,98.13,97.19,96.32,95.15,93.31,90.94,88.80,85.21,82.20,80.47,80.30,80.53,81.52,82.20,82.10,82.04,80.60,79.47,79.01,78.67,78.25,77.99,77.94,78.05,77.88,77.60,77.55,77.86,78.50,79.28,79.65,79.38,78.30,76.98,75.81,74.91,74.26,73.65,73.09,72.53,71.93,71.37,70.90,70.14,68.57,65.70,62.45,60.70,60.00,59.94,59.91,59.90,59.90,60.16,61.18,62.73,64.99,67.30,69.07,70.06,70.38,70.41,70.25,69.76,68.92,67.48,66.29,66.21,66.47,66.68,66.88,67.01,66.82,66.47,66.04,65.58,65.14,64.88,64.64,64.38,64.06,63.68,63.29,62.91,62.52,62.15,61.95,61.87,61.89,62.04,62.41,62.79,63.47,64.56,65.80,67.10,68.36,69.45,70.18,71.07,72.05,73.06,74.01,74.75,75.29,75.70,76.05,76.43,76.61,76.71,76.77,76.74,76.65,76.50,76.34,76.15,76.00,75.81,75.64,75.48,75.30,75.15,74.76,74.19,73.49,72.69,71.81,71.08,70.41,69.33,67.82,65.39,62.54,60.18,59.28,58.95,58.88,59.05,59.46,60.45,62.30,64.49,66.02,67.78,69.41,70.97,72.56,74.18,74.98,75.30,75.29,75.02,74.62,74.18,73.71,73.24,72.74,72.36,72.26,72.49,72.79,73.04,73.24,73.40,73.57,73.60,73.58,73.67,74.04,74.58,76.02,77.98,79.68,79.47,78.46,76.79,74.90,73.34,72.21,71.59,71.38,71.56,71.83,71.09,70.28,69.72,69.45,69.21,68.95,68.67,68.36,67.97,67.61,67.31,67.08,66.89,66.64,66.35,66.03,65.69,65.38,65.07,64.79,64.57,64.37,64.15,63.92,63.69,63.45,63.23,63.00,62.76,62.53,62.30,62.10,61.89,61.64,61.29,60.84,60.41,60.01,59.63,59.40,59.05,58.59,58.06,57.45,57.09,56.78,56.50,56.26,56.03,55.84,55.68,55.48,55.29,54.86,54.40,53.99,53.67,53.49,53.07,52.46,51.90,51.44,51.23,51.13,51.05,50.97,50.87
94.61,93.95,93.88,94.46,95.29,96.34,96.80,96.03,95.19,94.24,92.90,91.13,89.06,83.97,79.97,78.05,78.08,78.13,78.54,79.59,81.31,82.86,81.68,80.39,79.71,79.17,78.76,78.54,78.48,78.42,77.91,77.42,77.47,78.09,78.72,79.46,79.59,78.92,77.35,75.53,74.13,73.23,72.84,72.72,72.80,72.78,72.51,71.83,71.21,70.41,68.75,65.63,62.27,60.54,59.90,59.90,59.88,59.88,59.88,59.88,59.88,59.90,61.57,64.08,66.50,67.91,68.45,68.66,68.61,68.02,66.98,65.50,64.36,64.37,64.69,65.09,65.66,66.20,66.01,65.60,65.14,64.69,64.25,63.97,63.74,63.48,63.17,62.81,62.43,62.05,61.69,61.41,61.36,61.36,61.41,61.60,61.96,62.47,63.51,65.08,66.45,67.77,69.03,70.12,70.92,71.83,72.80,73.75,74.59,75.18,75.61,75.95,76.27,76.58,76.60,76.52,76.43,76.36,76.31,76.19,76.03,75.88,75.74,75.60,75.45,75.29,75.06,74.72,74.21,73.63,73.03,72.34,71.48,70.53,69.32,67.32,64.91,62.52,60.55,59.43,58.87,58.77,58.98,59.48,60.45,62.44,65.41,68.26,69.11,70.25,71.15,72.09,73.37,74.64,75.17,75.35,75.34,75.04,74.67,74.24,73.78,73.30,72.78,72.53,72.58,72.88,73.19,73.50,73.74,73.90,74.03,74.06,74.06,74.14,74.44,75.13,77.06,78.94,80.05,80.11,79.48,77.81,75.58,73.44,71.46,70.45,70.18,70.46,70.85,70.35,69.84,69.54,69.25,69.00,68.73,68.46,68.21,67.86,67.48,67.13,66.83,66.62,66.41,66.16,65.86,65.54,65.23,64.94,64.69,64.47,64.29,64.08,63.86,63.63,63.40,63.17,62.95,62.72,62.48,62.25,62.07,61.87,61.63,61.32,60.85,60.37,59.90,59.42,59.07,58.68,58.28,57.84,57.26,56.75,56.35,56.04,55.78,55.53,55.34,55.16,54.96,54.80,54.53,54.21,53.84,53.43,53.25,52.85,52.26,51.74,51.44,51.35,51.28,51.14,51.05,50.98
92.43,91.41,90.97,91.80,92.95,94.25,95.03,94.72,93.92,93.05,92.13,90.86,88.30,82.67,78.77,77.10,76.81,76.94,77.47,78.31,79.42,80.56,81.69,81.56,80.40,79.62,79.37,78.98,78.46,77.90,77.25,77.29,77.72,78.34,78.97,79.72,79.38,77.97,75.84,73.90,72.20,70.99,70.48,70.48,70.90,71.22,71.24,70.78,70.25,69.49,67.88,64.83,61.70,60.33,59.90,59.89,59.83,59.81,59.81,59.81,59.82,59.88,60.25,60.76,61.39,62.36,63.21,63.96,64.41,64.06,63.76,63.05,62.43,62.55,63.01,63.70,64.63,65.50,65.36,64.75,64.22,63.80,63.36,63.04,62.79,62.55,62.29,61.98,61.60,61.25,60.99,60.92,60.92,60.92,60.97,61.16,61.52,62.43,63.87,65.67,67.18,68.53,69.87,71.08,71.93,72.84,73.78,74.57,75.10,75.53,75.92,76.28,76.50,76.44,76.27,76.11,75.99,75.93,75.97,75.87,75.71,75.57,75.48,75.39,75.26,75.06,74.60,73.44,72.56,72.14,72.11,71.91,71.20,69.84,67.64,64.32,61.64,60.25,59.58,58.96,58.63,58.87,59.31,60.20,62.77,66.32,69.03,70.52,71.02,71.78,72.51,73.37,74.39,74.95,75.26,75.39,75.35,75.10,74.74,74.30,73.84,73.38,72.90,72.83,73.02,73.33,73.64,73.95,74.20,74.39,74.47,74.55,74.57,74.63,74.97,76.13,77.63,79.03,80.00,80.04,79.37,77.66,75.39,73.24,71.17,70.09,69.72,69.79,69.92,69.78,69.55,69.29,68.99,68.75,68.51,68.27,68.03,67.77,67.42,67.04,66.67,66.33,66.13,65.96,65.72,65.36,65.04,64.82,64.62,64.39,64.17,63.99,63.80,63.56,63.34,63.16,62.95,62.72,62.48,62.25,62.03,61.81,61.57,61.32,60.94,60.49,60.07,59.69,59.10,58.56,58.07,57.60,57.05,56.52,56.07,55.70,55.35,55.04,54.83,54.67,54.51,54.35,54.13,53.88,53.60,53.28,53.00,52.56,52.06,51.73,51.59,51.51,51.41,51.27,51.18,51.11
90.49,89.47,89.00,90.08,91.33,92.63,93.53,93.53,92.64,91.51,90.52,89.57,87.75,83.12,79.64,77.89,77.28,76.93,76.90,77.31,78.23,79.24,80.63,81.09,80.56,79.83,79.39,78.84,78.19,77.54,76.95,77.24,77.84,78.47,79.16,80.32,79.55,77.26,74.83,72.57,70.90,69.82,69.38,69.43,69.76,70.02,70.00,69.53,69.01,68.29,66.88,64.28,61.42,60.23,59.90,59.88,59.81,59.80,59.80,59.79,59.76,59.79,59.81,59.82,59.94,60.40,60.89,61.36,61.66,61.52,61.46,61.21,61.00,61.20,61.83,62.74,63.84,64.83,64.82,64.14,63.45,62.92,62.47,62.10,61.84,61.60,61.36,61.10,60.82,60.60,60.47,60.47,60.47,60.47,60.52,60.74,61.30,62.61,64.34,66.23,67.91,69.42,70.94,72.30,73.08,73.89,74.56,75.08,75.47,75.81,76.08,76.23,76.23,76.08,75.89,75.72,75.59,75.53,75.56,75.48,75.38,75.31,75.26,75.20,74.67,73.69,72.41,71.04,70.31,70.29,70.87,71.20,70.81,69.42,66.86,63.19,60.58,59.41,58.98,58.64,58.70,59.13,59.91,61.33,64.15,67.68,70.19,71.56,72.44,73.19,73.78,74.34,74.92,75.19,75.39,75.47,75.39,75.13,74.82,74.44,74.00,73.53,73.07,73.08,73.33,73.68,74.02,74.34,74.65,74.91,75.06,75.14,75.17,75.31,75.78,76.72,78.02,79.17,79.78,79.31,78.44,76.74,74.52,72.36,70.61,69.73,69.41,69.42,69.45,69.40,69.24,69.00,68.72,68.46,68.21,67.98,67.75,67.52,67.25,66.91,66.50,66.15,65.87,65.67,65.47,65.16,64.89,64.70,64.51,64.28,64.05,63.85,63.64,63.41,63.17,62.98,62.76,62.53,62.30,62.10,61.94,61.76,61.56,61.32,60.99,60.64,60.30,59.95,59.41,58.85,58.31,57.77,57.23,56.69,56.22,55.78,55.29,54.85,54.54,54.30,54.11,53.92,53.70,53.48,53.27,53.00,52.73,52.38,52.03,51.81,51.72,51.64,51.55,51.44,51.36,51.25
88.60,87.75,87.38,88.65,89.91,91.16,92.11,92.30,91.20,89.60,88.25,87.41,86.74,83.95,81.19,79.24,78.29,77.38,76.64,76.54,77.30,78.28,79.31,80.08,80.35,79.79,79.17,78.51,77.86,77.27,76.83,77.22,77.88,78.53,79.29,80.86,79.71,76.66,74.04,71.49,69.96,69.12,68.77,68.76,68.89,68.95,68.82,68.30,67.71,66.99,65.81,63.79,61.28,60.21,59.90,59.89,59.83,59.81,59.81,59.78,59.72,59.71,59.70,59.72,59.78,59.80,59.83,59.86,59.87,59.86,59.86,59.89,59.98,60.21,60.91,61.97,63.16,64.17,64.34,63.62,62.77,62.07,61.58,61.19,60.93,60.71,60.50,60.28,60.11,60.04,60.03,60.03,60.03,60.04,60.11,60.39,61.28,62.95,64.88,66.79,68.65,70.39,72.12,73.55,74.18,74.81,75.19,75.46,75.76,76.01,76.10,76.01,75.80,75.64,75.48,75.33,75.20,75.12,75.08,75.03,74.97,74.95,74.91,74.77,73.83,72.12,70.00,68.53,68.01,68.32,69.29,69.99,69.92,68.66,66.09,62.59,60.28,59.12,58.62,58.44,58.88,59.47,60.61,62.56,65.14,68.12,70.45,72.11,73.52,74.36,74.81,75.06,75.23,75.38,75.54,75.58,75.43,75.13,74.88,74.55,74.15,73.70,73.25,73.30,73.59,73.97,74.34,74.69,75.05,75.42,75.67,75.79,75.82,76.06,76.66,77.25,78.38,79.23,79.29,78.22,77.10,75.44,73.36,71.27,70.00,69.38,69.14,69.14,69.14,69.08,68.92,68.69,68.45,68.16,67.90,67.66,67.43,67.20,67.02,66.73,66.34,66.01,65.64,65.37,65.19,64.97,64.73,64.56,64.37,64.14,63.91,63.68,63.45,63.21,62.98,62.76,62.52,62.28,62.06,61.89,61.79,61.67,61.49,61.27,60.99,60.73,60.48,60.16,59.74,59.25,58.70,58.10,57.55,57.01,56.51,56.00,55.40,54.84,54.41,54.06,53.80,53.53,53.29,53.09,52.91,52.68,52.45,52.22,52.01,51.88,51.79,51.71,51.64,51.57,51.49,51.36
86.66,86.19,85.83,87.04,88.36,89.64,90.59,90.73,89.24,86.84,84.64,83.40,83.86,83.95,82.56,80.48,79.06,77.97,76.90,76.27,76.45,77.39,78.40,79.14,79.45,79.17,78.78,78.25,77.66,77.10,76.84,77.18,77.83,78.59,79.34,80.71,79.36,76.18,73.47,70.89,69.56,68.83,68.28,68.00,68.02,68.01,67.82,67.35,66.54,65.69,64.67,63.20,61.30,60.28,59.90,59.90,59.88,59.88,59.84,59.80,59.77,59.72,59.66,59.64,59.65,59.65,59.65,59.65,59.65,59.65,59.65,59.70,59.79,59.92,60.29,61.30,62.50,63.52,63.85,63.13,62.20,61.37,60.72,60.34,60.16,60.04,59.92,59.75,59.63,59.58,59.58,59.58,59.58,59.66,59.80,60.22,61.71,63.57,65.50,67.43,69.36,71.55,73.40,74.61,74.90,75.20,75.49,75.77,75.97,75.96,75.83,75.61,75.36,75.20,75.04,74.89,74.74,74.60,74.44,74.37,74.31,74.19,74.00,73.49,72.63,71.23,68.99,67.06,66.29,66.36,66.92,67.36,67.34,66.30,64.15,61.55,59.95,59.05,58.58,58.55,59.06,59.91,61.38,63.59,65.93,68.44,70.60,72.45,74.07,74.79,75.10,75.26,75.37,75.51,75.67,75.66,75.44,75.13,74.84,74.53,74.17,73.77,73.42,73.49,73.76,74.10,74.49,74.90,75.36,75.86,76.28,76.47,76.55,76.83,77.49,78.10,78.91,78.98,78.04,76.64,75.26,73.71,71.98,70.33,69.58,69.09,68.83,68.83,68.83,68.77,68.61,68.38,68.14,67.89,67.62,67.35,67.12,66.89,66.67,66.47,66.25,65.89,65.46,65.12,64.89,64.76,64.55,64.37,64.18,63.95,63.72,63.49,63.26,63.02,62.79,62.56,62.29,62.03,61.80,61.64,61.50,61.36,61.20,61.03,60.83,60.62,60.38,60.12,59.84,59.49,59.02,58.41,57.86,57.33,56.80,56.25,55.64,55.04,54.57,54.19,53.77,53.32,53.03,52.81,52.59,52.37,52.18,51.97,51.79,51.75,51.68,51.60,51.55,51.51,51.44,51.35
84.72,84.65,84.27,85.35,86.71,88.05,88.87,88.43,86.01,83.10,81.04,80.35,81.02,82.42,82.17,80.73,79.45,78.44,77.34,76.44,76.10,76.72,77.66,78.33,78.59,78.45,78.16,77.78,77.32,76.87,76.86,77.20,77.65,78.17,78.97,80.16,78.87,75.89,73.16,70.61,69.39,68.70,68.02,67.48,67.21,67.01,66.79,66.41,65.56,64.93,64.28,63.25,62.11,60.87,60.09,59.91,59.90,59.90,59.87,59.84,59.83,59.76,59.69,59.63,59.63,59.61,59.58,59.56,59.56,59.53,59.50,59.56,59.65,59.75,59.94,60.77,61.86,62.91,63.43,62.70,61.66,60.74,60.10,59.79,59.64,59.55,59.45,59.31,59.24,59.20,59.17,59.16,59.25,59.42,59.65,60.17,62.05,64.11,66.17,68.24,70.37,72.74,74.38,75.16,75.34,75.53,75.68,75.80,75.84,75.71,75.47,75.20,74.93,74.72,74.56,74.41,74.21,73.94,73.66,73.58,73.46,73.21,72.97,72.38,71.61,70.36,67.99,65.69,64.37,63.79,63.71,63.85,63.83,63.20,61.93,60.47,59.51,58.81,58.45,58.65,59.23,60.33,62.06,64.43,66.75,68.96,70.92,72.72,74.39,75.00,75.26,75.41,75.53,75.65,75.75,75.69,75.44,75.17,74.88,74.59,74.26,73.92,73.63,73.67,73.92,74.26,74.62,75.04,75.53,76.07,76.59,76.95,77.21,77.56,78.14,78.69,78.91,78.36,77.05,75.61,74.05,72.44,70.92,69.76,69.29,68.88,68.59,68.52,68.48,68.44,68.29,68.06,67.83,67.59,67.33,67.07,66.84,66.61,66.35,66.17,66.02,65.75,65.34,64.97,64.69,64.54,64.35,64.18,63.99,63.76,63.53,63.30,63.07,62.83,62.60,62.34,62.07,61.80,61.55,61.36,61.20,61.04,60.89,60.73,60.55,60.34,60.13,59.95,59.75,59.45,59.05,58.55,58.09,57.59,57.06,56.51,55.89,55.27,54.77,54.31,53.84,53.30,52.91,52.59,52.32,52.12,51.93,51.72,51.55,51.51,51.44,51.36,51.32,51.30,51.27,51.30
82.83,83.12,82.70,83.59,84.97,86.41,87.05,85.82,82.37,79.31,77.99,78.30,78.59,80.02,80.58,80.22,79.50,78.73,77.83,76.88,76.16,76.25,77.04,77.62,77.78,77.67,77.40,77.14,76.88,76.66,76.94,77.34,77.49,77.54,78.31,79.41,78.35,75.71,73.04,70.55,69.36,68.67,67.91,67.16,66.50,66.09,65.88,65.60,64.92,64.74,64.60,63.97,63.64,62.10,60.80,60.37,60.30,60.33,60.41,60.45,60.30,59.93,59.75,59.70,59.69,59.63,59.56,59.52,59.51,59.43,59.35,59.40,59.51,59.60,59.77,60.33,61.22,62.28,63.00,62.29,61.18,60.21,59.71,59.48,59.31,59.18,59.08,58.94,58.90,58.85,58.78,58.77,59.01,59.31,59.63,60.27,62.36,64.59,66.85,69.16,71.54,73.86,75.05,75.35,75.56,75.76,75.74,75.62,75.48,75.29,75.02,74.75,74.51,74.24,74.05,73.88,73.62,73.20,72.81,72.70,72.50,72.11,71.89,71.37,70.56,69.19,66.71,64.20,62.34,61.07,60.36,60.24,60.17,60.03,59.79,59.46,58.99,58.49,58.28,58.75,59.41,60.75,62.72,65.21,67.65,69.67,71.39,72.99,74.58,75.09,75.35,75.55,75.69,75.78,75.80,75.69,75.45,75.22,74.98,74.71,74.41,74.11,73.87,73.87,74.08,74.43,74.75,75.13,75.61,76.16,76.70,77.28,77.77,78.19,78.60,78.98,78.48,77.49,76.24,74.95,73.32,71.61,70.19,69.49,69.11,68.74,68.42,68.22,68.13,68.09,67.97,67.74,67.51,67.28,67.05,66.81,66.58,66.34,66.06,65.83,65.69,65.56,65.24,64.87,64.54,64.31,64.14,63.99,63.80,63.57,63.34,63.11,62.87,62.63,62.40,62.11,61.85,61.59,61.30,61.06,60.89,60.73,60.57,60.40,60.19,59.96,59.78,59.68,59.53,59.23,58.88,58.54,58.20,57.78,57.29,56.74,56.14,55.53,54.96,54.45,53.97,53.44,52.92,52.46,52.12,51.92,51.69,51.47,51.28,51.20,51.12,51.04,51.00,51.02,51.04,51.26
81.33,81.50,81.11,81.76,83.17,84.85,85.62,84.34,81.46,79.09,77.78,77.55,77.89,78.69,79.20,79.29,79.04,78.51,77.94,77.30,76.58,76.03,76.51,76.93,77.00,76.86,76.63,76.51,76.56,76.80,77.16,77.70,77.92,77.76,77.75,78.98,78.11,75.53,72.92,70.55,69.33,68.56,67.78,66.96,66.24,65.84,65.73,65.68,65.54,65.67,65.87,65.97,66.25,64.90,63.74,63.40,63.06,63.31,63.93,64.26,63.19,60.70,59.84,59.81,59.76,59.73,59.66,59.63,59.60,59.47,59.30,59.24,59.29,59.42,59.62,59.97,60.59,61.44,62.21,61.88,60.97,60.05,59.63,59.35,59.10,58.88,58.71,58.60,58.54,58.47,58.45,58.59,58.95,59.32,59.80,60.74,62.93,65.24,67.56,69.97,72.51,74.34,75.22,75.46,75.58,75.58,75.48,75.32,75.11,74.69,74.39,74.17,73.98,73.77,73.52,73.24,72.90,72.48,72.05,71.86,71.60,71.16,70.78,69.95,68.55,66.55,64.03,61.88,60.63,59.92,59.47,59.27,59.20,59.15,59.06,58.89,58.56,58.30,58.34,58.92,59.55,61.28,63.66,66.31,68.83,70.58,72.04,73.44,74.75,75.18,75.42,75.64,75.82,75.91,75.85,75.69,75.46,75.22,75.03,74.81,74.54,74.30,74.11,74.14,74.30,74.51,74.82,75.27,75.81,76.39,76.94,77.55,78.06,78.50,78.79,78.65,77.73,76.55,75.31,74.06,72.67,71.23,70.06,69.49,69.10,68.72,68.36,68.05,67.83,67.74,67.62,67.42,67.19,66.96,66.73,66.50,66.27,66.03,65.78,65.55,65.36,65.22,65.05,64.77,64.44,64.13,63.95,63.80,63.61,63.38,63.15,62.92,62.66,62.39,62.16,61.90,61.63,61.35,61.09,60.81,60.63,60.45,60.25,60.04,59.81,59.61,59.46,59.37,59.23,59.02,58.73,58.38,58.06,57.71,57.33,56.91,56.38,55.78,55.18,54.62,54.11,53.61,53.09,52.57,52.10,51.71,51.44,51.21,51.01,50.89,50.80,50.73,50.72,50.83,50.98,51.25
80.25,80.22,79.86,80.31,81.73,83.52,84.46,83.50,81.35,79.57,78.19,77.37,77.53,77.70,77.99,78.31,78.40,78.07,77.72,77.31,76.72,75.99,76.09,76.30,76.35,76.32,76.28,76.38,76.69,77.18,77.58,78.14,78.47,78.27,77.50,78.73,78.00,75.52,73.06,70.80,69.47,68.58,67.74,66.83,66.27,66.07,66.13,66.24,66.47,66.75,67.14,67.78,68.73,68.03,67.31,67.11,66.68,66.92,67.64,68.04,66.84,63.70,62.03,61.39,61.09,60.75,60.16,59.79,59.69,59.51,59.28,59.11,59.06,59.21,59.41,59.64,60.04,60.69,61.39,61.47,60.91,60.13,59.68,59.35,59.02,58.71,58.44,58.27,58.19,58.15,58.18,58.47,58.90,59.32,59.85,60.94,63.30,65.79,68.26,70.78,73.36,74.69,75.29,75.50,75.50,75.35,75.08,74.73,74.31,73.67,73.37,73.20,73.06,72.99,72.91,72.66,72.26,71.81,71.33,71.01,70.60,70.01,69.36,68.00,65.99,63.67,61.62,60.13,59.49,59.22,58.99,58.77,58.69,58.64,58.55,58.40,58.26,58.27,58.53,59.16,59.95,62.18,64.95,67.66,69.97,71.47,72.76,73.99,74.93,75.26,75.48,75.72,75.92,75.98,75.88,75.70,75.48,75.28,75.09,74.91,74.73,74.57,74.43,74.47,74.57,74.69,75.00,75.49,76.08,76.67,77.22,77.81,78.26,78.57,78.66,78.26,77.37,76.32,75.20,73.97,72.73,71.44,70.28,69.59,69.14,68.75,68.37,67.99,67.66,67.47,67.31,67.14,66.90,66.65,66.41,66.19,65.97,65.75,65.51,65.26,65.02,64.86,64.78,64.60,64.32,63.99,63.77,63.61,63.42,63.19,62.96,62.71,62.44,62.16,61.91,61.67,61.41,61.13,60.87,60.59,60.38,60.16,59.89,59.62,59.41,59.25,59.11,59.03,58.90,58.77,58.55,58.21,57.88,57.57,57.26,56.92,56.47,55.95,55.39,54.82,54.29,53.80,53.27,52.72,52.17,51.64,51.28,50.99,50.74,50.58,50.49,50.47,50.54,50.73,50.98,51.26
79.67,79.46,79.10,79.43,80.80,82.46,83.53,83.21,81.67,80.19,78.83,77.72,77.34,76.98,77.05,77.40,77.64,77.46,77.12,76.76,76.43,76.12,75.86,75.79,75.91,76.18,76.53,76.93,77.36,77.82,78.22,78.64,79.04,79.01,77.72,78.69,78.00,75.74,73.53,71.36,69.87,68.78,67.83,66.78,66.60,66.80,67.09,67.26,67.53,67.79,68.20,69.09,70.82,71.20,71.13,71.05,70.79,70.75,70.88,71.04,70.84,69.32,66.87,64.93,64.13,63.08,61.29,60.11,59.74,59.52,59.28,59.02,58.87,58.95,59.11,59.32,59.64,60.09,60.65,61.04,60.93,60.42,59.82,59.46,59.11,58.71,58.29,57.95,57.86,57.88,58.02,58.39,58.84,59.25,59.72,60.70,63.33,66.14,68.89,71.55,74.06,74.97,75.32,75.46,75.32,75.10,74.54,73.77,72.94,72.13,71.86,71.74,71.67,71.81,72.20,72.18,71.78,71.20,70.65,70.12,69.44,68.54,67.54,65.47,63.04,60.92,59.92,59.34,59.02,58.77,58.55,58.31,58.23,58.16,58.08,57.97,58.13,58.43,58.83,59.49,60.75,63.56,66.67,69.27,70.98,72.31,73.55,74.61,75.12,75.34,75.55,75.78,75.97,76.00,75.88,75.73,75.56,75.39,75.19,75.04,74.97,74.93,74.86,74.84,74.89,75.01,75.32,75.81,76.39,76.98,77.53,78.06,78.35,78.39,78.16,77.88,77.55,77.00,76.15,74.95,73.74,72.29,70.82,69.75,69.22,68.82,68.43,68.04,67.67,67.31,67.07,66.89,66.64,66.36,66.11,65.90,65.72,65.50,65.26,64.97,64.65,64.48,64.45,64.34,64.14,63.89,63.61,63.42,63.23,63.00,62.76,62.48,62.21,61.96,61.66,61.42,61.18,60.92,60.63,60.38,60.15,59.86,59.50,59.15,59.00,58.87,58.73,58.65,58.57,58.48,58.33,58.06,57.70,57.38,57.07,56.73,56.34,55.98,55.54,55.05,54.51,53.98,53.46,52.89,52.29,51.75,51.25,50.82,50.49,50.28,50.18,50.29,50.49,50.73,51.03,51.28
79.29,79.10,78.89,79.35,80.19,81.26,82.05,82.06,81.32,80.31,79.32,78.48,77.96,77.45,77.18,77.07,76.96,76.89,76.56,76.29,76.23,76.20,76.09,76.19,76.47,76.80,77.20,77.62,78.06,78.51,78.90,79.25,79.68,79.95,79.47,79.43,78.20,76.06,73.98,71.86,70.16,68.82,67.79,66.89,67.13,67.67,68.11,68.31,68.57,68.84,69.49,71.00,73.23,73.77,73.67,73.47,73.22,73.14,73.12,73.06,72.74,71.54,69.77,68.38,67.80,67.05,64.72,61.97,59.82,59.52,59.24,58.97,58.78,58.75,58.81,59.04,59.34,59.69,60.06,60.37,60.40,60.16,59.76,59.40,59.02,58.63,58.21,57.83,57.58,57.60,57.89,58.31,58.73,59.14,59.57,60.46,63.22,66.18,69.05,71.81,74.31,75.07,75.28,75.35,75.15,74.68,73.76,72.67,71.66,70.76,70.30,70.25,70.51,70.88,71.39,71.64,71.47,70.79,70.01,69.04,67.94,66.79,65.68,63.77,61.63,59.89,59.28,58.89,58.56,58.28,58.05,57.87,57.93,58.02,58.08,58.19,58.46,58.82,59.22,59.95,62.16,65.29,68.23,70.39,71.78,73.03,74.14,74.94,75.23,75.44,75.66,75.88,76.05,76.09,75.99,75.83,75.68,75.52,75.34,75.24,75.23,75.27,75.28,75.28,75.31,75.43,75.73,76.20,76.74,77.32,77.86,78.08,78.08,77.90,77.59,77.28,77.09,76.80,76.28,75.50,74.63,73.04,71.17,69.82,69.27,68.88,68.49,68.11,67.72,67.33,67.00,66.73,66.45,66.19,65.94,65.74,65.57,65.35,65.11,64.79,64.39,64.13,64.08,63.99,63.82,63.63,63.41,63.23,63.04,62.80,62.53,62.27,61.99,61.72,61.46,61.22,60.96,60.69,60.42,60.15,59.87,59.55,59.18,58.88,58.66,58.48,58.36,58.27,58.20,58.13,58.00,57.80,57.54,57.20,56.85,56.48,56.01,55.57,55.17,54.78,54.37,53.95,53.53,53.03,52.42,51.88,51.34,50.86,50.45,50.13,50.02,50.15,50.40,50.68,50.98,51.23
79.06,78.93,78.88,79.41,79.73,80.21,80.65,80.80,80.70,80.15,79.55,79.04,78.52,78.00,77.47,76.94,76.49,76.48,76.27,76.15,76.32,76.46,76.58,76.86,77.28,77.61,77.98,78.35,78.77,79.21,79.63,79.99,80.43,80.92,81.14,80.15,78.40,76.35,74.33,72.25,70.38,68.86,67.77,67.12,67.70,68.49,69.14,69.69,70.16,70.61,71.58,73.55,75.81,76.15,75.83,75.50,75.18,74.94,74.67,74.29,73.65,72.58,71.68,71.05,70.65,70.14,67.01,63.02,59.84,59.52,59.27,59.05,58.84,58.68,58.59,58.76,59.03,59.31,59.53,59.70,59.76,59.71,59.52,59.18,58.81,58.42,58.04,57.66,57.31,57.33,57.70,58.14,58.55,58.95,59.38,60.21,62.90,65.95,68.95,71.78,74.29,75.05,75.23,75.24,75.00,74.20,72.95,71.63,70.47,69.46,68.76,68.73,69.31,69.99,70.64,71.11,71.14,70.38,69.32,67.93,66.49,65.13,63.93,62.32,60.69,59.42,58.95,58.55,58.14,57.84,57.70,57.64,57.86,58.11,58.30,58.59,58.91,59.33,59.91,61.05,64.03,67.16,69.67,71.34,72.53,73.72,74.61,75.14,75.32,75.53,75.75,75.96,76.10,76.20,76.11,75.96,75.80,75.65,75.52,75.47,75.50,75.57,75.66,75.70,75.73,75.84,76.16,76.58,77.08,77.61,78.02,77.93,77.64,77.31,76.98,76.62,76.45,76.29,76.06,75.68,75.10,73.44,71.30,69.84,69.31,68.92,68.53,68.15,67.77,67.38,67.00,66.62,66.31,66.05,65.81,65.61,65.44,65.22,64.97,64.62,64.18,63.82,63.71,63.61,63.47,63.31,63.16,63.00,62.83,62.61,62.34,62.09,61.82,61.53,61.30,61.06,60.78,60.50,60.26,59.98,59.69,59.37,59.03,58.76,58.44,58.19,58.02,57.91,57.83,57.75,57.64,57.50,57.35,57.04,56.66,56.25,55.73,55.20,54.74,54.34,53.95,53.65,53.33,52.89,52.33,51.84,51.34,50.89,50.46,50.04,49.92,50.06,50.33,50.63,50.92,51.20
79.05,78.91,78.95,79.30,79.52,79.67,79.79,79.88,79.86,79.59,79.22,78.80,78.38,77.91,77.44,76.96,76.54,76.50,76.61,76.83,77.07,77.18,77.36,77.66,78.06,78.42,78.75,79.12,79.51,79.93,80.43,80.93,81.44,81.82,81.55,80.30,78.49,76.47,74.46,72.38,70.51,68.96,67.90,67.55,68.20,69.10,70.19,71.92,73.23,74.31,75.61,77.36,78.56,78.43,77.94,77.52,77.10,76.18,75.07,74.07,73.42,72.90,72.33,71.67,70.88,69.75,64.62,60.81,59.65,59.52,59.50,59.39,59.19,58.90,58.53,58.48,58.63,58.86,59.03,59.19,59.26,59.20,58.97,58.66,58.33,57.98,57.59,57.22,57.02,57.06,57.30,57.71,58.15,58.64,59.13,59.89,62.14,65.24,68.44,71.39,73.87,74.86,75.17,75.17,74.88,73.66,72.22,70.81,69.48,68.25,67.25,67.10,67.85,69.05,70.06,70.64,70.63,69.82,68.41,66.88,65.39,63.93,62.47,60.96,59.89,59.22,58.70,58.24,57.79,57.57,57.73,58.01,58.31,58.57,58.80,59.05,59.40,60.05,61.34,63.76,66.69,69.12,70.90,72.13,73.28,74.35,74.94,75.16,75.37,75.54,75.75,75.96,76.11,76.25,76.21,76.09,75.93,75.78,75.74,75.73,75.75,75.83,75.97,76.05,76.09,76.17,76.52,76.92,77.39,77.80,77.76,77.47,77.07,76.66,76.30,75.97,75.74,75.58,75.44,75.15,74.55,72.95,71.02,69.81,69.31,68.92,68.53,68.15,67.77,67.38,67.00,66.61,66.25,65.94,65.69,65.48,65.32,65.09,64.77,64.39,63.99,63.62,63.39,63.26,63.15,63.00,62.84,62.69,62.55,62.43,62.25,62.03,61.75,61.47,61.23,61.00,60.72,60.44,60.21,60.02,59.79,59.54,59.26,58.90,58.48,58.10,57.80,57.60,57.46,57.36,57.28,57.19,57.09,56.86,56.54,56.15,55.71,55.20,54.52,53.78,53.11,52.81,52.47,52.07,51.67,51.37,51.03,50.75,50.45,49.98,49.91,50.06,50.33,50.62,50.88,51.21
79.13,78.91,78.87,79.10,79.24,79.28,79.28,79.29,79.29,79.14,78.85,78.47,78.08,77.68,77.27,76.92,76.80,76.90,77.16,77.45,77.72,77.90,78.12,78.44,78.82,79.20,79.55,79.90,80.25,80.62,81.04,81.46,81.80,81.91,81.36,80.32,78.61,76.56,74.54,72.47,70.59,69.06,68.07,68.03,68.78,70.10,71.89,74.11,75.96,77.38,78.56,79.51,79.88,79.51,78.77,77.89,77.01,75.66,74.19,72.92,72.19,71.91,71.56,70.92,69.67,67.21,62.69,60.04,59.89,60.48,60.85,60.29,59.46,59.10,58.65,58.38,58.30,58.38,58.53,58.65,58.70,58.64,58.41,58.16,57.86,57.51,57.17,56.92,56.78,56.75,56.89,57.30,57.73,58.21,58.71,59.37,60.86,63.67,67.02,70.34,72.92,74.49,75.10,75.05,74.52,73.07,71.52,70.05,68.70,67.38,66.15,65.72,66.31,67.67,69.00,69.91,70.06,69.09,67.56,65.99,64.45,62.90,61.35,60.16,59.42,58.95,58.45,57.97,57.60,57.54,57.92,58.33,58.72,59.04,59.31,59.66,60.52,61.85,63.75,66.31,68.78,70.55,71.87,72.94,74.07,74.78,75.11,75.24,75.43,75.59,75.78,75.97,76.15,76.27,76.32,76.26,76.10,75.96,75.96,75.98,76.00,76.09,76.27,76.40,76.48,76.57,76.91,77.26,77.55,77.65,77.35,76.98,76.54,76.09,75.68,75.30,75.06,74.92,74.82,74.58,73.86,72.44,70.82,69.78,69.31,68.95,68.58,68.20,67.81,67.42,67.02,66.61,66.22,65.87,65.56,65.31,65.14,64.88,64.55,64.19,63.80,63.42,63.10,62.92,62.79,62.64,62.52,62.37,62.26,62.20,62.09,61.90,61.67,61.40,61.17,60.94,60.68,60.43,60.24,60.08,59.92,59.72,59.45,59.04,58.61,58.19,57.80,57.50,57.21,57.04,56.95,56.87,56.79,56.64,56.38,56.01,55.55,55.08,54.41,53.59,52.73,52.19,51.66,51.17,50.78,50.65,50.48,50.35,50.21,49.94,49.90,50.03,50.28,50.58,50.85,51.19
79.25,78.96,78.76,78.87,78.94,78.96,78.93,78.86,78.84,78.72,78.47,78.10,77.73,77.45,77.11,76.92,77.18,77.47,77.78,78.06,78.32,78.63,78.88,79.20,79.58,79.97,80.35,80.69,81.00,81.29,81.54,81.74,81.80,81.61,80.99,80.29,78.75,76.65,74.62,72.53,70.65,69.13,68.25,68.49,69.40,71.25,73.78,76.18,78.28,79.74,80.52,80.55,80.14,79.55,78.57,77.24,76.02,74.42,72.81,71.43,70.61,70.36,70.08,69.34,67.64,64.29,61.64,60.50,60.86,62.23,62.95,61.70,59.95,59.32,58.84,58.39,58.08,57.98,58.07,58.12,58.14,58.07,57.86,57.68,57.38,57.05,56.80,56.69,56.54,56.44,56.48,56.89,57.28,57.73,58.23,58.81,59.54,61.79,65.07,68.78,71.63,73.88,74.92,74.89,74.05,72.50,70.85,69.32,67.95,66.60,65.18,64.41,64.62,65.91,67.50,68.81,69.22,68.09,66.58,65.04,63.47,61.88,60.44,59.63,59.09,58.63,58.17,57.71,57.49,57.63,58.15,58.62,59.09,59.55,60.01,60.59,62.11,64.21,66.52,68.70,70.53,71.75,72.76,73.77,74.75,75.06,75.20,75.34,75.50,75.66,75.81,76.00,76.19,76.29,76.42,76.42,76.28,76.16,76.20,76.24,76.26,76.35,76.56,76.73,76.86,76.98,77.25,77.51,77.55,77.34,76.90,76.50,76.06,75.60,75.12,74.64,74.41,74.29,74.19,73.99,73.16,71.93,70.67,69.76,69.31,68.97,68.61,68.23,67.85,67.47,67.05,66.62,66.23,65.85,65.46,65.14,64.93,64.63,64.32,63.98,63.60,63.22,62.84,62.59,62.42,62.27,62.18,62.05,61.96,61.95,61.88,61.74,61.55,61.33,61.09,60.86,60.63,60.43,60.27,60.13,60.02,59.85,59.57,59.14,58.76,58.33,57.91,57.52,57.07,56.81,56.66,56.55,56.47,56.38,56.19,55.85,55.35,54.94,54.33,53.51,52.54,51.72,51.00,50.39,49.99,49.96,49.94,49.94,49.92,49.90,49.90,50.01,50.23,50.53,50.84,51.15
79.36,79.08,78.81,78.70,78.66,78.61,78.55,78.46,78.36,78.26,78.07,77.78,77.48,77.44,77.24,77.16,77.65,78.03,78.36,78.66,78.96,79.31,79.66,80.00,80.34,80.72,81.12,81.49,81.79,81.94,81.84,81.70,81.50,81.23,80.86,80.31,78.90,76.86,74.74,72.61,70.68,69.17,68.40,68.80,70.03,72.29,75.21,77.84,79.63,80.34,80.44,80.09,78.72,77.52,76.41,75.42,74.91,73.45,71.75,70.26,69.40,68.93,68.18,66.81,64.89,63.69,63.35,63.47,64.07,65.46,66.12,64.30,61.50,59.66,59.03,58.56,58.22,58.02,57.84,57.65,57.56,57.52,57.33,57.13,56.91,56.72,56.58,56.44,56.29,56.17,56.16,56.37,56.77,57.23,57.75,58.40,59.04,60.22,62.64,66.31,69.83,72.60,74.27,74.68,73.59,72.03,70.33,68.63,67.01,65.53,64.05,62.91,62.46,63.31,65.02,66.65,67.30,66.24,64.97,63.57,62.06,60.59,59.77,59.20,58.72,58.27,57.85,57.39,57.44,57.82,58.35,58.82,59.36,60.24,61.39,62.53,64.52,66.87,69.11,70.78,71.95,72.86,73.75,74.59,75.00,75.18,75.29,75.41,75.57,75.72,75.88,76.04,76.21,76.34,76.45,76.48,76.43,76.39,76.45,76.51,76.56,76.61,76.82,77.00,77.14,77.27,77.41,77.38,77.23,76.97,76.56,76.13,75.71,75.24,74.66,74.04,73.77,73.66,73.58,73.41,72.62,71.53,70.46,69.69,69.29,68.90,68.50,68.12,67.79,67.46,67.08,66.68,66.29,65.91,65.48,65.05,64.64,64.32,64.01,63.69,63.36,63.02,62.64,62.33,62.10,61.95,61.82,61.70,61.65,61.66,61.67,61.56,61.39,61.20,60.97,60.74,60.54,60.38,60.23,60.12,59.96,59.72,59.42,59.08,58.78,58.43,58.03,57.64,57.18,56.82,56.51,56.24,56.10,56.02,55.90,55.69,55.26,54.87,54.18,53.27,52.30,51.54,50.79,50.22,49.91,49.90,49.90,49.90,49.90,49.90,49.90,50.01,50.22,50.53,50.84,51.11
79.47,79.22,78.95,78.75,78.61,78.52,78.43,78.32,78.17,78.05,77.89,77.68,77.57,77.70,77.68,77.61,77.81,78.44,78.86,79.18,79.53,79.96,80.38,80.77,81.13,81.47,81.68,81.81,81.89,81.81,81.53,81.24,80.96,80.66,80.32,79.91,78.76,77.01,74.96,72.81,70.81,69.28,68.60,69.09,70.68,73.25,76.37,79.08,80.35,80.57,80.33,79.71,77.42,75.30,73.76,73.00,73.01,72.17,70.81,69.43,68.55,67.78,66.95,65.95,65.07,65.47,66.26,66.83,67.30,68.34,68.76,67.11,63.81,60.06,59.27,58.86,58.53,58.28,57.98,57.67,57.48,57.38,57.30,57.16,57.02,56.89,56.75,56.58,56.39,56.24,56.11,56.02,56.27,56.71,57.28,57.94,58.54,59.21,60.75,63.59,67.35,70.68,72.84,73.74,73.23,71.81,70.05,68.15,66.20,64.55,62.99,61.65,60.82,61.12,62.63,64.34,65.22,64.40,63.28,62.03,60.78,59.73,59.26,58.80,58.34,57.88,57.49,57.24,57.48,57.97,58.50,58.97,59.53,60.65,62.31,64.05,66.39,68.85,71.07,72.65,73.39,73.94,74.52,75.05,75.19,75.29,75.39,75.50,75.63,75.76,75.90,76.05,76.18,76.33,76.45,76.51,76.55,76.60,76.65,76.72,76.77,76.82,76.98,77.11,77.22,77.32,77.26,77.05,76.80,76.55,76.23,75.81,75.38,74.85,74.17,73.46,73.17,73.06,72.98,72.85,72.16,71.18,70.21,69.54,69.16,68.75,68.30,67.85,67.49,67.26,67.03,66.74,66.36,65.94,65.50,65.02,64.53,64.18,63.82,63.46,63.11,62.79,62.42,62.08,61.81,61.63,61.47,61.37,61.33,61.34,61.41,61.35,61.21,61.04,60.78,60.57,60.41,60.29,60.16,60.06,59.81,59.52,59.21,58.90,58.61,58.30,57.97,57.63,57.25,56.86,56.48,56.12,55.88,55.70,55.56,55.36,54.96,54.62,53.94,53.03,52.09,51.39,50.67,50.13,49.91,49.90,49.90,49.90,49.90,49.90,49.90,49.99,50.19,50.50,50.81,51.05
79.63,79.38,79.16,79.00,78.79,78.67,78.57,78.42,78.27,78.10,77.91,77.78,77.96,78.19,78.35,78.22,77.75,78.63,79.24,79.65,80.06,80.58,81.06,81.48,81.84,82.06,81.95,81.68,81.35,81.01,80.69,80.42,80.17,79.87,79.41,79.09,78.29,76.95,75.14,73.09,71.02,69.45,68.84,69.33,71.29,74.13,77.31,79.93,80.59,80.59,80.31,79.41,76.42,73.31,71.19,70.42,70.64,70.66,69.97,68.91,68.06,67.05,66.52,66.71,67.71,68.86,69.72,70.10,70.23,70.67,70.69,69.74,66.49,60.69,59.68,59.30,58.98,58.73,58.42,58.11,57.82,57.64,57.69,57.69,57.63,57.49,57.28,57.05,56.83,56.60,56.31,55.85,55.81,56.20,56.80,57.41,57.97,58.63,59.44,60.91,64.34,68.15,70.77,72.22,72.89,71.76,70.01,67.90,65.56,63.72,62.00,60.61,59.71,59.47,60.52,62.07,63.10,62.65,61.62,60.53,59.70,59.22,58.83,58.39,57.94,57.50,57.15,57.24,57.61,58.10,58.62,59.09,59.60,60.76,62.67,64.98,67.52,69.99,72.28,74.11,74.69,74.90,75.04,75.19,75.33,75.37,75.46,75.59,75.68,75.76,75.88,76.01,76.11,76.26,76.40,76.52,76.61,76.73,76.77,76.82,76.89,76.96,77.05,77.09,77.13,77.14,76.88,76.59,76.33,76.11,75.90,75.54,75.04,74.41,73.64,72.89,72.59,72.48,72.40,72.28,71.77,70.88,69.94,69.34,68.92,68.53,68.04,67.46,67.01,66.89,66.86,66.74,66.38,65.94,65.49,65.02,64.56,64.17,63.74,63.29,62.88,62.55,62.17,61.83,61.55,61.33,61.16,61.06,61.01,61.03,61.09,61.10,61.02,60.83,60.53,60.35,60.25,60.18,60.09,59.94,59.62,59.28,58.97,58.66,58.30,57.99,57.73,57.47,57.22,56.88,56.50,56.14,55.79,55.48,55.23,54.94,54.49,54.19,53.60,52.78,51.91,51.25,50.57,50.09,49.91,49.90,49.90,49.90,49.90,49.90,49.90,49.96,50.13,50.44,50.74,50.99
79.94,79.58,79.41,79.25,79.12,79.02,78.91,78.75,78.59,78.30,78.05,78.03,78.38,78.68,78.91,78.85,78.28,78.28,79.20,80.15,80.68,81.22,81.73,81.91,81.81,81.67,81.38,81.02,80.62,80.19,79.78,79.40,79.03,78.68,78.41,78.02,77.21,76.03,74.61,73.08,71.22,69.70,69.08,69.47,71.58,74.73,78.07,80.15,80.56,80.51,79.93,78.27,75.62,73.00,71.01,69.93,69.75,69.62,69.22,68.62,68.01,67.46,67.54,68.23,69.44,70.56,71.37,71.85,72.02,71.94,71.47,70.51,67.75,62.61,61.05,60.09,59.46,59.16,58.81,58.50,58.24,58.12,58.23,58.29,58.25,58.13,57.94,57.72,57.48,57.18,56.72,56.02,55.53,55.64,56.14,56.75,57.34,57.98,58.62,59.53,61.49,64.91,68.36,70.99,71.87,71.49,70.11,67.94,65.22,63.06,61.13,59.72,58.91,58.63,59.39,60.40,61.08,60.96,60.30,59.48,58.80,58.36,58.10,57.79,57.45,57.15,57.10,57.33,57.73,58.21,58.69,59.11,59.52,60.50,62.27,64.69,67.17,69.57,71.91,74.00,74.83,75.02,75.05,75.10,75.20,75.26,75.36,75.50,75.58,75.65,75.75,75.84,75.94,76.08,76.24,76.38,76.51,76.66,76.72,76.76,76.80,76.88,76.96,77.01,77.02,76.90,76.61,76.34,76.09,75.86,75.60,75.27,74.62,73.79,72.98,72.21,71.95,71.85,71.78,71.68,71.39,70.69,69.82,69.15,68.73,68.28,67.70,67.02,66.52,66.37,66.35,66.31,66.15,65.85,65.40,64.91,64.45,64.02,63.60,63.18,62.77,62.37,61.97,61.63,61.34,61.07,60.85,60.74,60.70,60.71,60.78,60.83,60.78,60.57,60.24,60.09,60.07,60.07,60.01,59.78,59.46,59.13,58.83,58.51,58.14,57.79,57.45,57.09,56.80,56.51,56.23,55.99,55.74,55.45,55.13,54.75,54.20,53.72,53.15,52.46,51.70,51.07,50.43,50.02,49.91,49.90,49.90,49.90,49.90,49.90,49.90,49.95,50.13,50.42,50.69,50.96
80.51,79.98,79.72,79.55,79.47,79.38,79.26,79.08,78.85,78.45,78.22,78.30,78.74,79.10,79.44,79.59,79.28,78.80,79.69,80.75,81.25,81.71,82.12,82.03,81.52,81.06,80.63,80.22,79.77,79.24,78.72,78.26,77.88,77.58,77.45,76.91,76.00,74.90,73.74,72.60,71.13,69.87,69.32,69.61,71.83,75.25,78.70,80.23,80.48,80.37,79.52,77.41,75.23,73.24,71.56,70.33,69.77,69.36,69.06,68.77,68.41,68.28,68.82,69.76,70.87,71.88,72.66,73.16,73.26,72.68,71.81,70.73,68.52,64.68,62.73,61.25,60.23,59.70,59.24,58.90,58.69,58.64,58.79,58.89,58.89,58.81,58.66,58.39,58.13,57.72,57.12,56.31,55.52,55.24,55.45,56.04,56.65,57.24,57.85,58.53,59.42,61.91,65.42,68.81,70.52,71.00,70.18,68.16,65.14,62.59,60.49,59.04,58.24,57.93,58.43,58.96,59.32,59.42,59.07,58.50,57.92,57.45,57.26,57.09,56.96,56.97,57.22,57.52,57.91,58.33,58.73,59.10,59.45,60.31,61.93,64.30,66.65,68.95,71.23,73.31,74.42,74.71,74.72,74.72,74.88,75.07,75.23,75.35,75.43,75.50,75.58,75.66,75.77,75.90,76.05,76.20,76.36,76.51,76.61,76.65,76.68,76.75,76.83,76.89,76.85,76.66,76.38,76.13,75.90,75.65,75.35,74.93,74.08,73.09,72.23,71.52,71.30,71.22,71.14,71.08,70.96,70.42,69.65,69.00,68.53,67.98,67.31,66.59,66.02,65.84,65.81,65.84,65.85,65.68,65.27,64.78,64.32,63.86,63.45,63.06,62.65,62.21,61.81,61.46,61.14,60.83,60.58,60.44,60.38,60.42,60.51,60.59,60.54,60.31,59.98,59.84,59.84,59.88,59.84,59.61,59.33,59.03,58.72,58.41,58.05,57.66,57.21,56.75,56.40,56.10,55.84,55.64,55.48,55.24,54.92,54.53,54.01,53.44,52.87,52.26,51.58,50.95,50.34,49.97,49.91,49.90,49.90,49.90,49.90,49.90,49.90,49.94,50.10,50.40,50.65,50.94
81.44,80.71,80.17,79.91,79.85,79.75,79.57,79.31,78.91,78.50,78.35,78.54,78.98,79.45,79.97,80.49,80.82,80.84,81.16,81.52,81.75,81.99,82.05,81.70,81.05,80.41,79.87,79.39,78.83,78.12,77.45,77.03,76.81,76.75,76.61,75.83,74.80,73.70,72.56,71.47,70.59,69.94,69.60,69.82,72.14,75.73,79.22,80.31,80.44,80.16,79.22,77.27,75.42,73.85,72.56,71.55,70.82,70.22,69.84,69.59,69.38,69.45,70.12,71.06,72.09,73.14,73.97,74.25,73.91,72.92,71.83,70.65,68.98,66.56,64.60,62.90,61.48,60.41,59.74,59.35,59.16,59.15,59.30,59.45,59.53,59.53,59.40,59.05,58.68,58.13,57.40,56.67,55.85,55.10,54.80,55.29,55.89,56.41,57.01,57.77,58.56,59.60,61.76,65.01,68.72,70.13,70.07,68.51,65.37,62.40,60.22,58.70,57.70,57.19,57.44,57.73,57.95,58.10,57.89,57.50,57.03,56.56,56.36,56.30,56.56,57.04,57.51,57.84,58.17,58.47,58.75,59.06,59.48,60.40,61.97,64.15,66.34,68.53,70.56,72.22,73.52,73.95,73.98,73.96,74.34,74.80,75.07,75.16,75.23,75.31,75.39,75.49,75.63,75.72,75.86,76.02,76.17,76.32,76.47,76.53,76.55,76.63,76.70,76.73,76.64,76.42,76.18,75.94,75.71,75.48,75.18,74.48,73.41,72.28,71.37,70.77,70.55,70.45,70.37,70.39,70.35,69.92,69.31,68.84,68.28,67.59,66.89,66.19,65.54,65.34,65.34,65.42,65.53,65.41,65.08,64.66,64.19,63.73,63.33,62.91,62.47,62.07,61.68,61.30,60.95,60.64,60.34,60.15,60.09,60.18,60.31,60.40,60.32,60.08,59.77,59.60,59.55,59.56,59.55,59.45,59.24,58.97,58.66,58.35,58.03,57.59,57.07,56.56,56.16,55.75,55.35,55.03,54.86,54.69,54.47,54.21,53.90,53.45,52.89,52.26,51.58,50.95,50.34,49.97,49.91,49.90,49.90,49.90,49.90,49.90,49.90,49.91,50.04,50.34,50.64,50.89
82.17,81.87,81.44,81.11,80.89,80.56,80.14,79.68,79.25,78.86,78.60,78.53,78.74,79.66,80.64,81.42,81.92,82.12,82.30,82.45,82.48,82.33,82.01,81.52,80.90,80.29,79.70,79.12,78.48,77.74,76.94,76.27,75.94,75.89,75.61,74.67,73.60,72.57,71.72,71.00,70.47,70.09,69.88,69.95,72.29,76.14,79.83,80.48,80.45,80.23,79.45,77.75,76.19,74.88,73.81,72.97,72.27,71.63,71.17,70.86,70.75,71.14,71.84,72.69,73.57,74.44,75.09,75.02,74.26,73.18,72.06,71.00,69.79,68.18,66.19,64.52,63.08,61.80,60.66,59.92,59.66,59.71,59.91,60.10,60.27,60.35,60.23,59.76,59.22,58.54,57.74,56.96,56.12,55.27,54.65,54.58,55.05,55.59,56.23,57.00,57.73,58.43,59.71,61.69,64.39,67.06,68.09,67.48,65.30,62.43,60.26,58.74,57.64,56.66,56.38,56.40,56.55,56.73,56.62,56.32,56.02,55.86,56.16,56.50,56.94,57.44,57.93,58.33,58.67,58.94,59.14,59.41,59.95,60.97,62.52,64.48,66.55,68.61,70.35,71.45,72.50,73.04,73.29,73.48,73.92,74.42,74.77,74.98,75.09,75.17,75.25,75.34,75.45,75.57,75.72,75.87,76.02,76.14,76.28,76.39,76.46,76.50,76.58,76.57,76.47,76.27,76.04,75.80,75.57,75.34,75.02,74.03,72.67,71.34,70.09,68.08,66.80,65.83,65.38,66.49,67.54,68.08,68.02,67.36,66.97,66.66,66.34,65.91,65.16,64.90,64.93,65.07,65.17,65.12,64.87,64.50,64.06,63.61,63.20,62.78,62.33,61.94,61.55,61.15,60.75,60.45,60.14,59.91,59.84,59.97,60.12,60.21,60.16,59.97,59.63,59.38,59.27,59.25,59.24,59.20,59.08,58.87,58.59,58.28,57.94,57.48,56.94,56.41,55.94,55.50,55.11,54.76,54.41,54.18,53.99,53.79,53.55,53.18,52.75,52.25,51.66,51.01,50.38,50.00,49.91,49.90,49.90,49.90,49.90,49.90,49.90,49.90,50.02,50.31,50.55,50.69
82.32,82.57,82.44,82.19,81.96,81.48,80.85,80.24,79.83,79.47,79.14,78.87,78.88,80.12,81.41,82.38,82.91,83.17,83.26,83.25,83.08,82.59,82.00,81.43,80.91,80.38,79.83,79.26,78.62,77.80,76.80,75.78,75.19,75.02,74.54,73.56,72.56,71.74,71.22,70.89,70.60,70.38,70.25,70.28,72.69,76.61,80.25,80.62,80.50,80.37,79.84,78.50,77.21,76.10,75.19,74.48,73.86,73.23,72.69,72.33,72.38,73.06,73.78,74.48,75.22,75.81,76.09,75.63,74.56,73.49,72.44,71.52,70.64,69.52,67.56,65.94,64.52,63.08,61.50,60.48,60.19,60.36,60.61,60.83,61.05,61.18,61.05,60.44,59.73,58.93,58.07,57.22,56.38,55.53,54.72,54.12,54.29,54.79,55.45,56.20,56.89,57.57,58.27,59.02,60.20,63.46,65.27,65.68,64.85,62.52,60.43,58.88,57.65,56.24,55.41,55.17,55.27,55.42,55.43,55.34,55.32,55.56,56.33,57.06,57.59,58.01,58.45,58.89,59.26,59.55,59.77,60.05,60.73,61.86,63.38,65.12,67.02,68.88,70.30,70.92,71.64,72.22,72.69,73.09,73.54,74.01,74.42,74.74,74.90,75.01,75.09,75.16,75.27,75.44,75.59,75.74,75.87,75.97,76.11,76.26,76.36,76.38,76.44,76.40,76.29,76.12,75.91,75.69,75.46,75.22,74.84,73.52,71.75,69.88,67.85,64.75,62.74,61.21,60.52,62.39,64.36,65.82,66.39,65.76,65.60,65.68,65.76,65.60,64.86,64.51,64.51,64.66,64.73,64.74,64.56,64.25,63.87,63.43,63.03,62.62,62.20,61.80,61.41,60.99,60.58,60.25,59.94,59.69,59.62,59.76,59.91,60.02,60.02,59.88,59.51,59.20,59.02,58.94,58.93,58.93,58.88,58.74,58.51,58.22,57.85,57.37,56.83,56.30,55.77,55.31,54.95,54.62,54.14,53.83,53.60,53.38,53.10,52.80,52.50,52.14,51.67,51.07,50.46,50.05,49.91,49.90,49.90,49.90,49.90,49.90,49.90,49.90,50.02,50.27,50.44,50.49
80.87,81.40,81.84,82.13,82.56,82.31,81.72,81.23,80.84,80.63,80.51,80.48,80.67,81.39,82.40,83.37,83.96,84.19,83.93,83.49,83.06,82.58,82.04,81.52,81.04,80.58,80.29,80.14,79.68,78.52,77.14,75.69,74.69,74.15,73.41,72.62,72.07,71.75,71.50,71.30,71.11,70.96,70.93,71.28,74.03,77.35,79.96,80.58,80.60,80.47,80.20,79.57,78.45,77.47,76.72,76.12,75.50,74.88,74.28,73.97,74.42,75.25,75.92,76.55,77.17,77.33,76.87,76.04,75.00,73.94,73.06,72.22,71.32,70.22,68.56,66.81,65.09,63.40,61.73,60.89,60.84,61.21,61.54,61.73,61.91,61.99,61.79,60.99,60.12,59.23,58.33,57.48,56.63,55.81,55.05,54.37,53.85,54.05,54.61,55.30,55.94,56.58,57.25,57.97,58.84,60.27,61.55,62.71,63.47,62.62,60.76,58.98,57.51,55.97,54.84,54.38,54.31,54.34,54.53,55.11,55.75,56.32,56.98,57.77,58.38,58.80,59.15,59.49,59.93,60.38,60.79,61.26,62.06,63.24,64.72,66.26,67.84,69.27,70.34,70.84,71.37,71.86,72.33,72.76,73.17,73.63,74.01,74.31,74.53,74.72,74.80,74.89,75.08,75.30,75.47,75.59,75.69,75.83,75.98,76.10,76.19,76.24,76.26,76.21,76.10,75.94,75.77,75.60,75.39,75.13,74.62,72.87,70.35,66.96,62.97,61.23,60.56,60.15,59.99,60.66,62.05,63.49,64.61,65.03,65.02,65.07,65.12,65.05,64.69,64.25,64.00,63.97,64.03,64.05,63.96,63.78,63.49,63.10,62.71,62.38,62.06,61.62,61.22,60.83,60.41,60.01,59.74,59.50,59.40,59.51,59.66,59.80,59.86,59.77,59.44,59.13,58.86,58.67,58.62,58.61,58.60,58.51,58.33,58.14,57.78,57.31,56.78,56.30,55.77,55.24,54.84,54.59,54.28,53.90,53.50,53.08,52.63,52.35,52.06,51.74,51.40,51.06,50.56,50.13,49.91,49.90,49.90,49.90,49.90,49.90,49.90,49.90,49.97,50.16,50.31,50.44
79.92,80.38,80.92,81.58,82.33,82.58,82.46,82.17,81.97,81.91,81.89,81.93,82.23,82.74,83.57,84.37,84.65,84.69,84.27,83.71,83.21,82.74,82.22,81.72,81.27,80.89,80.70,80.58,80.12,78.96,77.44,75.80,74.39,73.39,72.84,72.33,72.01,71.84,71.68,71.50,71.33,71.19,71.17,71.75,74.29,77.08,79.33,80.53,80.73,80.63,80.44,80.13,79.41,78.81,78.29,77.76,77.15,76.53,75.86,75.55,76.28,77.27,78.04,78.49,78.52,78.16,77.35,76.35,75.28,74.21,73.26,72.30,71.33,70.32,68.91,67.18,65.39,63.63,61.92,61.42,61.60,62.04,62.41,62.68,62.87,62.85,62.46,61.52,60.53,59.56,58.64,57.86,57.15,56.43,55.69,54.95,54.13,53.75,53.84,54.34,54.95,55.55,56.21,56.95,57.73,58.53,59.54,60.74,61.83,61.70,60.27,58.66,57.18,55.61,54.25,53.65,53.70,54.18,54.80,55.67,56.55,57.28,57.88,58.60,59.39,60.23,61.14,62.05,62.46,62.63,62.80,63.00,63.54,64.53,65.88,67.25,68.62,69.67,70.37,70.77,71.14,71.52,71.96,72.41,72.83,73.20,73.52,73.79,74.02,74.25,74.39,74.56,74.85,75.12,75.30,75.43,75.54,75.67,75.81,75.94,76.05,76.14,76.09,76.00,75.88,75.75,75.60,75.45,75.27,74.92,73.98,72.02,68.89,64.86,60.81,59.86,59.72,59.73,59.79,60.04,61.28,62.80,64.10,64.75,64.75,64.75,64.75,64.65,64.39,63.98,63.61,63.38,63.38,63.36,63.29,63.20,63.03,62.70,62.31,61.99,61.71,61.41,61.03,60.59,60.15,59.79,59.54,59.34,59.22,59.26,59.41,59.56,59.65,59.62,59.37,59.07,58.76,58.50,58.35,58.30,58.29,58.25,58.14,57.98,57.69,57.32,56.90,56.45,55.93,55.39,54.99,54.80,54.48,54.02,53.54,53.06,52.54,52.18,51.80,51.43,51.13,50.86,50.46,50.10,49.91,49.90,49.90,49.90,49.90,49.90,49.90,49.90,50.00,50.24,50.46,50.63
79.28,79.54,79.98,80.85,81.71,82.53,83.06,83.10,83.18,83.25,83.25,83.28,83.67,84.12,84.85,85.43,85.18,84.79,84.31,83.83,83.38,82.93,82.43,81.95,81.53,81.22,80.98,80.70,80.19,79.21,77.62,75.90,74.14,72.71,72.54,72.33,72.11,71.91,71.73,71.50,71.31,71.12,71.07,71.78,73.84,76.22,78.49,80.35,80.82,80.81,80.65,80.42,80.14,79.96,79.69,79.23,78.69,78.12,77.40,77.08,77.99,79.06,79.91,80.11,79.47,78.54,77.55,76.44,75.28,74.21,73.11,71.98,70.94,70.03,68.83,67.20,65.48,63.76,62.14,62.03,62.41,62.86,63.25,63.63,63.86,63.74,63.09,62.06,61.00,59.97,59.05,58.37,57.85,57.22,56.49,55.67,54.76,53.77,53.26,53.44,53.95,54.49,55.16,55.93,56.72,57.55,58.46,59.34,60.02,60.16,59.22,57.95,56.60,55.12,53.64,53.08,53.46,54.62,55.69,56.66,57.56,58.37,59.07,59.84,60.93,62.37,64.03,65.56,65.86,65.59,65.34,65.03,65.11,65.78,66.92,68.15,69.32,70.03,70.41,70.73,70.98,71.28,71.65,72.09,72.52,72.81,73.06,73.30,73.53,73.77,74.00,74.28,74.63,74.94,75.13,75.28,75.42,75.51,75.66,75.81,75.94,76.04,75.94,75.79,75.68,75.57,75.42,75.28,75.08,74.57,73.12,71.08,67.50,63.41,60.24,59.66,59.59,59.63,59.73,59.99,61.34,62.91,64.15,64.64,64.62,64.58,64.51,64.32,64.02,63.71,63.30,62.89,62.78,62.69,62.61,62.55,62.49,62.24,61.88,61.52,61.24,61.11,60.79,60.31,59.84,59.60,59.37,59.19,59.05,59.02,59.16,59.31,59.42,59.44,59.28,59.00,58.70,58.39,58.12,58.01,57.98,57.97,57.94,57.80,57.57,57.33,57.05,56.66,56.17,55.65,55.29,55.09,54.65,54.14,53.64,53.16,52.64,52.17,51.67,51.21,50.89,50.59,50.27,50.02,49.91,49.90,49.90,49.90,49.90,49.90,49.90,49.90,50.05,50.41,50.73,50.94
78.78,79.05,79.62,80.40,81.33,82.39,83.39,84.13,84.46,84.54,84.55,84.63,85.10,85.53,86.18,86.59,85.92,84.50,83.82,83.50,83.18,82.83,82.49,82.12,81.72,81.34,80.79,80.51,80.19,79.30,77.43,75.46,73.53,72.04,72.04,72.04,71.92,71.72,71.46,71.18,70.91,70.66,70.57,71.09,72.91,75.19,77.52,79.58,80.61,80.94,80.92,80.78,80.51,80.26,80.07,79.92,79.76,79.44,78.89,78.63,79.46,80.30,80.67,80.60,79.98,78.61,77.15,75.69,74.35,73.41,72.47,71.39,70.35,69.50,68.35,66.92,65.30,63.67,62.62,62.74,63.18,63.64,64.08,64.51,64.79,64.58,63.70,62.68,61.65,60.66,59.79,59.20,58.68,58.01,57.20,56.26,55.24,54.17,53.36,52.98,52.98,53.46,54.12,54.87,55.70,56.54,57.37,57.96,58.17,58.30,57.59,56.52,55.37,54.24,53.02,53.08,54.08,55.41,56.66,57.71,58.63,59.62,61.12,62.67,64.42,66.25,67.80,68.53,68.63,68.38,67.89,67.14,66.78,67.08,67.98,69.02,69.80,70.25,70.53,70.84,71.13,71.39,71.69,72.04,72.35,72.64,72.92,73.19,73.43,73.71,73.99,74.27,74.57,74.92,75.08,75.20,75.36,75.49,75.64,75.76,75.85,75.88,75.80,75.69,75.58,75.44,75.29,75.18,74.79,73.92,72.27,70.19,66.65,62.79,60.08,59.59,59.49,59.53,59.67,59.98,61.30,62.62,63.61,64.20,64.42,64.39,64.22,63.95,63.65,63.38,63.03,62.61,62.28,62.04,61.94,61.91,61.85,61.80,61.46,61.03,60.68,60.52,60.27,59.98,59.70,59.46,59.23,59.05,58.89,58.77,58.90,59.05,59.17,59.21,59.15,58.92,58.63,58.32,58.03,57.79,57.69,57.66,57.65,57.59,57.35,57.13,56.93,56.69,56.37,55.97,55.55,55.13,54.63,54.13,53.63,53.12,52.64,52.17,51.66,51.16,50.76,50.44,50.13,49.94,49.90,49.90,49.90,49.90,49.90,49.90,49.90,49.90,50.05,50.45,50.85,51.19
78.35,78.64,79.33,80.13,81.16,82.36,83.61,84.75,85.45,85.75,85.86,85.98,86.51,86.91,87.44,87.70,86.83,84.78,83.56,82.98,82.72,82.44,82.17,81.85,81.48,81.14,80.63,80.38,80.07,79.12,77.12,74.92,72.85,71.36,71.41,71.53,71.53,71.39,71.17,70.94,70.65,70.36,70.19,70.41,71.82,73.88,76.19,78.31,79.86,80.59,80.81,80.75,80.56,80.34,80.23,80.25,80.31,80.21,79.95,79.86,80.44,80.97,81.06,80.73,79.88,78.12,76.37,74.71,73.29,72.43,71.58,70.64,69.71,68.85,67.79,66.51,65.02,63.60,63.18,63.48,63.94,64.41,64.90,65.39,65.71,65.49,64.53,63.55,62.59,61.66,60.83,60.23,59.54,58.73,57.81,56.77,55.70,54.63,53.68,52.94,52.53,52.61,53.08,53.79,54.62,55.42,56.07,56.40,56.35,56.42,55.80,54.89,53.94,53.20,52.78,53.44,54.76,56.13,57.51,58.83,60.19,61.80,63.94,65.83,67.47,68.88,69.88,70.05,70.05,69.89,69.47,68.81,68.39,68.46,69.02,69.72,70.15,70.44,70.69,71.00,71.28,71.55,71.81,72.06,72.30,72.59,72.90,73.19,73.43,73.73,74.02,74.30,74.56,74.89,75.05,75.17,75.32,75.45,75.56,75.64,75.67,75.67,75.62,75.57,75.48,75.35,75.19,75.00,74.40,73.27,71.53,69.29,65.87,62.35,60.01,59.55,59.40,59.43,59.64,59.96,61.11,62.16,62.98,63.68,64.13,64.17,63.98,63.67,63.38,63.13,62.80,62.39,61.94,61.55,61.33,61.23,61.18,61.28,61.02,60.59,60.20,60.05,59.88,59.73,59.57,59.34,59.13,58.95,58.74,58.57,58.66,58.80,58.92,58.98,58.98,58.81,58.55,58.26,57.95,57.64,57.45,57.35,57.31,57.30,57.12,56.89,56.66,56.51,56.30,56.01,55.63,55.16,54.61,54.13,53.63,53.12,52.64,52.17,51.67,51.16,50.70,50.32,50.04,49.90,49.90,49.90,49.90,49.90,49.90,49.90,49.90,49.90,50.05,50.45,50.91,51.33
77.97,78.26,79.07,80.01,81.19,82.46,83.74,84.96,86.11,86.82,87.14,87.31,87.89,88.26,88.63,88.73,87.89,85.73,83.69,82.41,82.05,81.79,81.50,81.17,80.85,80.67,80.52,80.28,79.75,78.57,76.57,74.23,72.09,70.67,70.68,70.87,70.95,70.94,70.91,70.82,70.59,70.28,70.00,69.87,70.68,72.32,74.46,76.51,78.39,79.51,80.01,80.08,80.14,80.18,80.23,80.29,80.36,80.43,80.53,80.70,80.92,81.12,81.17,80.62,79.16,77.12,75.26,73.59,72.21,71.36,70.53,69.80,69.04,68.13,67.18,66.01,64.69,63.62,63.83,64.26,64.73,65.21,65.75,66.27,66.64,66.48,65.62,64.70,63.82,62.96,62.13,61.39,60.39,59.34,58.28,57.20,56.13,55.10,54.14,53.29,52.63,52.05,52.12,52.73,53.47,54.16,54.52,54.62,54.56,54.54,53.94,53.14,52.43,52.17,52.94,54.09,55.37,56.72,58.20,59.97,62.16,64.75,67.25,68.87,69.65,69.92,70.08,70.17,70.14,70.08,70.01,69.91,69.80,69.81,69.98,70.22,70.42,70.63,70.88,71.18,71.43,71.71,71.95,72.13,72.37,72.66,72.97,73.25,73.49,73.79,74.06,74.32,74.61,74.85,75.02,75.16,75.30,75.38,75.41,75.42,75.43,75.43,75.42,75.41,75.37,75.27,75.09,74.70,73.88,72.63,70.91,68.44,65.17,62.02,59.98,59.55,59.33,59.35,59.63,59.93,60.78,61.61,62.36,63.14,63.75,63.92,63.80,63.50,63.25,62.96,62.61,62.20,61.73,61.23,60.82,60.56,60.52,60.70,60.56,60.21,59.84,59.74,59.65,59.56,59.44,59.22,59.05,58.84,58.62,58.42,58.43,58.55,58.67,58.73,58.78,58.66,58.45,58.20,57.89,57.58,57.29,57.07,56.95,56.94,56.91,56.66,56.31,56.14,55.97,55.75,55.51,55.19,54.61,54.13,53.65,53.16,52.64,52.16,51.69,51.20,50.68,50.23,49.99,49.90,49.90,49.90,49.89,49.90,49.90,49.90,49.90,49.90,50.06,50.45,50.91,51.37
77.57,78.02,78.99,80.03,81.31,82.64,83.90,85.10,86.33,87.34,88.08,88.62,89.18,89.61,89.87,89.81,89.00,86.79,84.48,82.59,81.45,81.11,80.84,80.61,80.43,80.32,80.24,79.56,78.39,76.78,74.63,72.39,70.80,70.13,70.14,70.26,70.37,70.48,70.59,70.62,70.47,70.22,69.91,69.66,70.04,70.92,72.20,73.84,75.16,76.16,76.81,77.17,78.04,78.88,79.61,80.12,80.23,80.45,80.69,80.90,81.04,81.08,81.05,80.29,78.39,76.26,74.22,72.48,71.15,70.40,69.75,69.13,68.39,67.43,66.54,65.50,64.64,64.29,64.76,65.27,65.78,66.29,66.82,67.29,67.58,67.47,66.80,65.93,65.11,64.28,63.38,62.25,60.91,59.66,58.53,57.49,56.46,55.44,54.53,53.75,53.01,52.31,51.90,51.86,52.25,52.74,52.89,52.84,52.76,52.62,52.06,51.61,51.55,52.11,53.30,54.60,55.89,57.22,58.62,60.64,63.22,66.16,68.74,69.78,70.10,70.17,70.22,70.29,70.26,70.22,70.22,70.26,70.25,70.27,70.37,70.52,70.67,70.85,71.06,71.33,71.60,71.87,72.06,72.21,72.47,72.74,73.03,73.32,73.56,73.86,74.11,74.36,74.61,74.80,74.93,75.04,75.14,75.21,75.22,75.22,75.22,75.22,75.22,75.22,75.19,75.08,74.78,74.10,73.09,71.84,70.32,67.92,64.91,62.01,60.02,59.56,59.25,59.25,59.59,59.91,60.69,61.48,62.18,62.75,63.28,63.63,63.67,63.41,63.13,62.79,62.39,61.95,61.49,61.04,60.54,60.17,60.09,60.20,60.13,59.88,59.56,59.48,59.40,59.33,59.22,59.08,58.93,58.72,58.49,58.28,58.19,58.30,58.41,58.47,58.50,58.45,58.30,58.09,57.82,57.52,57.21,56.91,56.67,56.62,56.61,56.47,56.20,55.87,55.58,55.40,55.27,55.09,54.60,54.13,53.63,53.13,52.63,52.12,51.65,51.16,50.63,50.16,49.96,49.90,49.90,49.90,49.86,49.87,49.90,49.90,49.90,49.90,50.07,50.50,50.92,51.38
77.13,77.85,78.95,80.07,81.42,82.78,84.08,85.29,86.51,87.73,88.82,89.67,90.20,90.61,90.77,90.62,89.91,87.77,85.22,82.78,80.89,80.38,80.10,79.86,79.59,79.20,78.95,78.08,76.74,75.09,73.00,70.96,69.87,69.81,69.78,69.79,69.88,70.05,70.26,70.34,70.29,70.10,69.82,69.53,69.60,69.87,70.39,71.44,72.09,72.77,73.37,73.86,75.21,76.81,78.29,79.37,79.81,80.34,80.72,80.93,81.07,81.04,80.84,79.75,77.43,75.16,73.02,71.35,70.22,69.56,69.06,68.50,67.75,66.78,66.04,65.29,64.95,65.20,65.78,66.34,66.89,67.42,67.92,68.29,68.51,68.45,67.99,67.19,66.38,65.47,64.35,62.88,61.27,59.86,58.68,57.70,56.72,55.85,55.15,54.53,53.75,53.00,52.24,51.62,51.47,51.52,51.44,51.32,51.21,51.03,50.63,50.52,50.98,52.13,53.46,54.79,56.13,57.46,58.79,60.83,63.49,66.51,69.10,69.92,70.13,70.20,70.30,70.39,70.39,70.36,70.38,70.46,70.48,70.53,70.62,70.79,70.93,71.07,71.24,71.48,71.76,71.99,72.15,72.29,72.57,72.83,73.11,73.38,73.59,73.85,74.08,74.29,74.48,74.63,74.73,74.81,74.88,74.96,74.99,74.99,74.99,74.99,74.99,74.97,74.91,74.72,74.26,73.42,72.34,71.11,69.69,67.46,64.80,62.17,60.15,59.59,59.19,59.16,59.54,59.91,60.61,61.34,61.95,62.36,62.82,63.28,63.49,63.30,62.97,62.59,62.17,61.70,61.27,60.85,60.34,59.92,59.80,59.82,59.76,59.58,59.33,59.23,59.14,59.07,58.99,58.91,58.76,58.57,58.37,58.16,58.00,58.04,58.14,58.22,58.22,58.23,58.14,57.96,57.73,57.45,57.14,56.80,56.48,56.34,56.30,56.26,56.10,55.70,55.30,55.06,54.97,54.88,54.52,54.09,53.60,53.07,52.60,52.07,51.58,51.09,50.56,50.09,49.93,49.90,49.90,49.89,49.83,49.84,49.90,49.90,49.90,49.93,50.13,50.56,50.95,51.40
76.65,77.75,78.89,80.07,81.42,82.85,84.25,85.58,86.77,88.13,89.35,90.23,90.70,90.90,90.95,90.87,90.36,88.50,85.60,82.62,80.36,79.56,79.17,78.68,77.85,76.55,75.77,75.39,74.99,74.16,72.59,70.85,69.91,69.87,69.73,69.56,69.57,69.73,69.88,69.97,69.98,69.89,69.69,69.40,69.36,69.48,69.69,69.97,70.15,70.35,70.53,70.78,71.67,73.74,75.89,77.58,78.90,80.05,80.65,80.88,81.07,81.09,80.53,78.93,76.14,73.53,71.47,70.20,69.53,68.92,68.42,67.86,67.11,66.21,65.82,65.72,65.89,66.32,66.87,67.47,68.03,68.54,68.93,69.21,69.39,69.43,69.18,68.44,67.56,66.36,64.82,63.16,61.48,59.96,58.71,57.83,56.90,56.45,56.21,55.89,55.02,54.19,53.35,52.50,51.60,50.74,50.41,50.29,50.17,50.13,50.09,50.23,50.72,51.87,53.12,54.45,55.83,57.20,58.58,60.28,62.58,65.43,68.01,69.48,70.05,70.15,70.30,70.44,70.52,70.56,70.58,70.71,70.74,70.78,70.89,71.09,71.20,71.29,71.43,71.66,71.90,72.05,72.19,72.41,72.65,72.94,73.20,73.43,73.59,73.71,73.86,74.00,74.11,74.25,74.35,74.43,74.50,74.58,74.65,74.68,74.68,74.68,74.68,74.58,74.42,74.11,73.43,72.75,71.80,70.55,68.99,66.94,64.78,62.54,60.44,59.65,59.15,59.10,59.50,59.94,60.45,60.97,61.46,61.92,62.38,62.84,63.15,63.14,62.74,62.34,61.91,61.47,61.06,60.62,60.19,59.86,59.72,59.66,59.54,59.35,59.13,58.98,58.89,58.81,58.74,58.65,58.51,58.39,58.26,58.08,57.88,57.80,57.85,57.96,57.97,58.02,57.95,57.79,57.61,57.38,57.08,56.77,56.44,56.12,56.00,55.97,55.90,55.67,55.25,54.83,54.57,54.49,54.35,54.00,53.53,53.01,52.54,52.01,51.52,51.03,50.50,50.03,49.91,49.90,49.90,49.89,49.83,49.84,49.90,49.90,49.90,50.03,50.29,50.63,51.02,51.46
76.31,77.57,78.83,80.19,81.67,82.88,83.91,84.97,86.39,88.16,89.59,90.43,90.92,91.16,91.24,91.16,90.71,89.21,86.28,83.02,80.38,79.41,79.02,78.80,78.51,77.89,77.54,77.44,77.33,76.83,75.40,73.51,72.06,71.28,70.60,69.92,69.60,69.54,69.53,69.59,69.61,69.56,69.42,69.21,69.28,69.45,69.61,69.69,69.77,69.82,69.89,70.14,71.09,72.91,74.81,76.46,77.95,79.57,80.46,80.77,80.98,81.04,80.67,79.05,75.85,72.68,70.67,69.62,69.13,68.59,68.02,67.51,67.05,66.67,66.58,66.69,67.00,67.50,68.05,68.62,69.09,69.44,69.67,69.84,69.97,70.01,69.86,69.36,68.38,66.98,65.32,63.63,61.99,60.58,59.43,58.55,57.69,57.41,57.35,57.15,56.37,55.53,54.59,53.50,52.16,50.78,50.16,49.96,49.87,49.89,49.93,50.07,50.52,51.66,52.82,54.10,55.47,56.83,58.09,59.45,61.31,63.80,66.34,68.39,69.58,70.10,70.29,70.45,70.58,70.67,70.71,70.82,70.91,70.98,71.08,71.27,71.40,71.49,71.61,71.80,72.00,72.11,72.25,72.48,72.67,72.90,73.09,73.22,73.27,73.38,73.49,73.61,73.72,73.84,73.95,74.05,74.13,74.20,74.25,74.26,74.26,74.25,74.15,73.95,73.71,73.39,72.89,72.42,71.59,70.38,68.81,66.88,64.89,62.88,60.97,59.91,59.36,59.11,59.23,59.91,60.41,60.85,61.29,61.75,62.18,62.61,62.92,62.96,62.54,62.14,61.73,61.31,60.91,60.47,60.10,59.86,59.75,59.66,59.53,59.34,59.11,58.88,58.72,58.61,58.52,58.41,58.25,58.16,58.06,57.93,57.74,57.58,57.59,57.70,57.71,57.78,57.75,57.65,57.48,57.26,57.00,56.71,56.38,56.01,55.78,55.68,55.64,55.52,55.17,54.67,54.28,54.12,54.05,53.77,53.36,52.90,52.43,51.93,51.43,50.93,50.44,50.01,49.90,49.90,49.89,49.86,49.82,49.84,49.90,49.90,49.90,50.11,50.43,50.79,51.17,51.59
75.87,77.18,78.57,80.12,81.66,82.55,83.09,83.81,85.49,87.70,89.45,90.44,90.98,91.31,91.45,91.38,90.97,89.81,87.11,83.84,81.01,79.92,79.53,79.65,80.05,80.31,80.50,80.53,80.44,80.05,78.75,76.80,74.88,73.27,71.98,70.72,69.91,69.49,69.28,69.26,69.26,69.22,69.14,69.06,69.28,69.60,69.92,70.15,70.29,70.38,70.48,70.76,71.69,73.08,74.58,76.04,77.44,79.26,80.31,80.67,80.89,80.99,80.91,79.56,76.28,72.29,70.23,69.31,68.88,68.41,67.83,67.44,67.31,67.46,67.64,67.82,68.14,68.66,69.14,69.64,69.98,70.17,70.26,70.33,70.41,70.41,70.29,70.02,69.00,67.53,65.84,64.20,62.68,61.45,60.44,59.54,58.74,58.51,58.51,58.39,57.73,56.88,55.81,54.50,52.91,51.24,50.28,49.87,49.82,49.86,49.88,49.96,50.34,51.45,52.55,53.78,55.10,56.42,57.56,58.67,60.18,62.33,64.91,67.44,69.18,70.08,70.28,70.45,70.59,70.71,70.79,70.87,70.98,71.07,71.16,71.33,71.47,71.58,71.69,71.86,72.01,72.12,72.27,72.48,72.64,72.78,72.88,72.91,72.87,72.98,73.09,73.19,73.32,73.41,73.55,73.66,73.75,73.82,73.84,73.82,73.79,73.73,73.52,73.24,72.93,72.64,72.38,72.09,71.41,70.34,68.91,67.08,65.19,63.36,61.69,60.44,59.83,59.32,59.05,59.85,60.39,60.80,61.22,61.67,62.06,62.43,62.73,62.80,62.41,62.02,61.63,61.24,60.85,60.41,60.10,59.93,59.84,59.76,59.61,59.41,59.15,58.85,58.60,58.45,58.33,58.18,58.03,57.92,57.83,57.73,57.59,57.38,57.35,57.44,57.46,57.52,57.56,57.51,57.33,57.12,56.89,56.63,56.32,55.95,55.64,55.44,55.35,55.31,55.06,54.55,54.06,53.79,53.73,53.50,53.16,52.76,52.30,51.84,51.34,50.83,50.38,49.99,49.90,49.90,49.88,49.81,49.80,49.84,49.90,49.90,49.90,50.18,50.58,50.97,51.36,51.75
74.98,76.12,77.61,79.22,80.45,80.96,81.17,81.74,83.54,85.90,88.30,90.22,90.80,91.10,91.30,91.35,91.00,90.07,88.05,85.52,83.14,81.87,81.43,81.56,81.91,81.91,81.95,81.82,81.54,81.08,80.33,79.13,77.53,75.73,74.12,72.36,70.79,69.70,69.37,69.14,68.99,68.92,68.94,69.12,69.40,69.97,70.83,71.77,72.18,72.55,72.87,73.01,73.04,74.25,75.80,77.27,78.50,79.76,80.43,80.66,80.89,81.03,81.01,80.36,78.11,72.65,70.20,69.24,68.76,68.37,68.11,68.01,68.07,68.31,68.67,68.93,69.24,69.63,69.89,70.19,70.42,70.57,70.64,70.67,70.73,70.70,70.49,70.19,69.37,68.06,66.46,65.01,63.72,62.64,61.71,60.85,60.01,59.67,59.65,59.66,59.04,58.09,56.80,55.30,53.83,52.16,50.72,49.87,49.80,49.76,49.80,49.87,50.19,51.22,52.34,53.55,54.80,56.01,57.21,58.36,59.89,62.08,64.98,67.77,69.46,70.12,70.29,70.45,70.57,70.66,70.73,70.81,70.81,70.81,70.88,71.07,71.19,71.31,71.47,71.67,71.83,71.97,72.13,72.30,72.45,72.51,72.53,72.55,72.54,72.62,72.70,72.79,72.89,73.02,73.13,73.24,73.37,73.44,73.45,73.38,73.23,73.00,72.77,72.48,72.17,71.88,71.64,71.34,70.96,70.39,69.35,67.67,65.97,64.34,62.81,61.66,60.92,60.14,59.48,59.82,60.27,60.68,61.09,61.54,61.88,62.21,62.54,62.75,62.50,62.13,61.74,61.35,60.97,60.62,60.35,60.17,60.09,59.95,59.76,59.51,59.22,58.91,58.62,58.39,58.20,58.05,57.90,57.76,57.62,57.49,57.39,57.23,57.14,57.14,57.20,57.27,57.33,57.30,57.09,56.92,56.74,56.53,56.27,55.94,55.63,55.32,55.08,55.02,54.89,54.46,53.95,53.57,53.38,53.24,52.97,52.57,52.11,51.70,51.24,50.77,50.32,49.98,49.90,49.90,49.88,49.81,49.80,49.84,49.90,49.90,49.90,50.25,50.73,51.16,51.55,51.94
74.36,75.28,76.54,77.90,78.72,79.10,79.40,80.05,81.58,83.86,86.49,88.96,90.28,90.80,91.06,91.13,90.79,90.00,88.41,86.75,85.40,84.15,83.65,83.54,83.46,83.00,82.65,82.24,81.77,81.27,80.73,79.28,77.24,75.08,73.69,72.23,70.84,69.79,69.45,69.13,68.89,68.77,68.86,69.17,69.49,70.18,71.36,72.95,74.20,75.15,75.75,75.84,75.33,75.74,76.89,78.41,79.47,80.20,80.55,80.70,80.93,81.15,81.14,80.75,79.07,73.77,70.75,69.40,68.96,68.66,68.59,68.65,68.80,69.06,69.47,69.78,70.03,70.25,70.41,70.61,70.78,70.92,71.02,71.06,71.06,70.95,70.67,70.33,69.76,68.69,67.26,65.97,64.87,63.90,63.02,62.19,61.48,61.10,61.01,60.98,60.43,59.45,58.11,56.57,55.02,53.34,51.56,50.25,49.82,49.72,49.74,49.82,50.15,51.20,52.37,53.56,54.76,55.96,57.19,58.37,59.94,62.23,65.27,68.22,69.78,70.17,70.29,70.37,70.46,70.55,70.62,70.64,70.59,70.55,70.59,70.78,70.91,71.04,71.22,71.45,71.64,71.80,71.94,72.06,72.16,72.17,72.17,72.17,72.18,72.22,72.30,72.40,72.49,72.63,72.73,72.84,72.98,73.02,72.92,72.77,72.55,72.29,72.07,71.84,71.57,71.31,71.10,70.86,70.64,70.34,69.69,68.42,66.95,65.42,63.97,62.93,62.14,61.11,59.96,59.55,60.04,60.55,60.96,61.38,61.70,62.01,62.32,62.56,62.44,62.15,61.82,61.50,61.18,60.89,60.62,60.41,60.26,60.05,59.82,59.57,59.28,58.97,58.66,58.38,58.15,57.96,57.78,57.61,57.46,57.31,57.20,57.08,56.97,56.90,56.95,57.02,57.09,57.09,56.94,56.74,56.55,56.35,56.14,55.89,55.61,55.27,54.92,54.69,54.57,54.26,53.82,53.38,53.13,52.95,52.70,52.35,51.92,51.52,51.09,50.64,50.23,49.96,49.90,49.90,49.88,49.81,49.80,49.84,49.90,49.90,49.90,50.17,50.60,51.08,51.51,51.92
74.27,74.97,75.81,76.73,77.20,77.62,78.15,78.89,79.88,81.95,84.53,87.27,89.64,90.50,90.80,90.80,90.39,89.51,88.09,87.20,87.08,86.06,85.49,85.00,84.36,83.46,82.68,82.00,81.34,80.67,79.97,77.65,74.84,72.52,71.68,70.99,70.33,69.77,69.45,69.14,68.86,68.72,68.85,69.20,69.53,70.22,71.51,73.65,75.95,77.62,78.56,78.69,77.98,77.40,77.91,79.41,80.26,80.53,80.64,80.77,81.00,81.28,81.27,80.82,79.27,75.15,71.62,69.79,69.39,69.16,69.16,69.29,69.48,69.75,70.12,70.44,70.61,70.65,70.79,70.95,71.11,71.26,71.40,71.47,71.39,71.18,70.86,70.49,70.14,69.37,68.19,67.07,66.10,65.21,64.37,63.59,63.07,62.72,62.52,62.35,61.85,60.88,59.61,58.13,56.41,54.67,52.62,50.83,49.88,49.72,49.70,49.77,50.17,51.30,52.52,53.70,54.88,56.10,57.35,58.53,60.17,62.60,65.70,68.66,70.05,70.20,70.26,70.22,70.30,70.42,70.48,70.41,70.32,70.25,70.28,70.47,70.64,70.79,70.98,71.21,71.43,71.60,71.72,71.78,71.80,71.80,71.80,71.80,71.80,71.80,71.89,72.01,72.11,72.25,72.35,72.47,72.59,72.59,72.38,72.14,71.91,71.69,71.53,71.36,71.17,70.95,70.78,70.61,70.45,70.27,69.95,69.22,67.99,66.51,65.06,64.04,63.16,61.92,60.35,59.15,59.77,60.42,60.80,61.18,61.50,61.80,62.08,62.29,62.28,62.08,61.85,61.61,61.36,61.12,60.84,60.58,60.33,60.05,59.81,59.58,59.34,59.04,58.73,58.42,58.14,57.92,57.68,57.50,57.33,57.18,57.03,56.93,56.82,56.70,56.70,56.77,56.84,56.89,56.83,56.57,56.33,56.13,55.96,55.79,55.56,55.25,54.84,54.38,54.17,53.98,53.66,53.20,52.94,52.66,52.40,52.11,51.73,51.34,50.91,50.48,50.12,49.94,49.90,49.90,49.88,49.81,49.80,49.84,49.90,49.90,49.90,50.02,50.32,50.82,51.29,51.75
75.95,76.69,77.21,77.75,78.58,78.94,78.99,79.07,79.55,81.41,84.01,86.91,89.53,90.39,90.60,90.48,89.73,87.88,86.09,85.20,85.34,84.94,84.34,83.64,82.86,82.08,81.49,80.95,80.05,78.50,76.89,73.98,71.68,70.72,70.37,70.09,69.80,69.48,69.18,68.92,68.69,68.60,68.73,69.10,69.42,69.95,71.07,73.45,75.98,78.21,79.62,79.74,79.42,78.99,79.25,80.17,80.51,80.64,80.71,80.83,81.05,81.22,81.27,80.66,78.77,75.29,72.37,70.66,69.98,69.67,69.64,69.81,70.10,70.42,70.72,71.06,71.18,71.08,71.18,71.32,71.47,71.63,71.77,71.81,71.65,71.37,71.06,70.73,70.41,69.93,69.24,68.34,67.45,66.60,65.80,65.14,64.75,64.42,64.13,63.79,63.21,62.15,60.91,59.54,57.91,55.97,53.48,51.24,49.96,49.73,49.62,49.72,50.22,51.37,52.55,53.69,54.82,56.03,57.35,58.55,60.28,62.95,66.41,68.98,70.06,70.13,70.10,70.08,70.14,70.26,70.34,70.23,69.98,69.75,69.70,70.17,70.38,70.56,70.78,71.00,71.19,71.39,71.49,71.47,71.47,71.47,71.47,71.46,71.42,71.41,71.48,71.59,71.72,71.82,71.95,72.09,72.23,72.31,72.20,72.03,71.84,71.67,71.51,71.36,71.19,71.00,70.80,70.64,70.48,70.32,70.11,69.68,68.69,67.34,65.81,64.17,62.66,61.38,60.20,58.84,59.58,60.27,60.61,60.94,61.25,61.52,61.79,62.03,62.09,61.91,61.71,61.50,61.22,60.99,60.73,60.47,60.18,59.88,59.70,59.55,59.35,59.09,58.79,58.48,58.20,57.96,57.68,57.42,57.21,57.05,56.90,56.77,56.65,56.54,56.47,56.52,56.59,56.64,56.61,56.42,56.15,55.91,55.72,55.55,55.34,55.10,54.79,54.32,53.95,53.70,53.41,53.05,52.75,52.49,52.22,51.93,51.59,51.21,50.80,50.40,50.06,49.93,49.90,49.88,49.83,49.81,49.80,49.84,49.90,49.90,49.90,49.94,50.10,50.48,50.97,51.45
77.78,78.54,78.83,79.12,79.97,80.25,80.02,79.62,79.65,81.39,84.12,87.22,89.62,90.36,90.49,90.19,88.98,86.29,83.98,82.84,82.97,82.99,82.47,81.76,81.03,80.41,79.88,79.32,78.23,76.14,73.83,71.27,69.82,69.72,69.60,69.50,69.38,69.20,68.93,68.73,68.57,68.49,68.61,68.95,69.28,69.71,70.63,72.95,75.56,78.13,79.92,80.27,80.25,80.06,80.19,80.63,80.66,80.71,80.80,80.94,81.11,81.16,80.98,80.09,78.10,75.38,73.17,71.66,70.81,70.44,70.38,70.53,70.81,71.11,71.36,71.67,71.75,71.58,71.63,71.74,71.89,72.03,72.15,72.13,71.90,71.59,71.28,70.97,70.66,70.37,70.00,69.39,68.74,67.99,67.27,66.74,66.33,65.94,65.57,65.18,64.64,63.53,62.27,60.94,59.33,57.07,54.08,51.41,49.98,49.73,49.58,49.65,50.12,51.14,52.23,53.28,54.32,55.49,56.85,58.12,59.86,62.52,66.11,68.64,69.79,69.91,69.60,69.45,69.75,70.12,70.21,70.09,69.47,68.89,68.75,69.56,70.06,70.36,70.59,70.81,70.97,71.17,71.26,71.21,71.17,71.14,71.13,71.11,71.06,71.04,71.09,71.19,71.33,71.41,71.57,71.77,71.97,72.09,72.06,71.98,71.85,71.70,71.52,71.36,71.21,71.04,70.84,70.67,70.52,70.36,70.20,69.95,69.03,67.62,65.85,63.78,61.83,60.57,59.80,58.59,59.21,59.95,60.40,60.69,61.00,61.27,61.53,61.79,61.88,61.74,61.55,61.34,61.03,60.77,60.53,60.25,59.90,59.62,59.50,59.39,59.25,59.06,58.81,58.53,58.25,57.99,57.69,57.40,57.15,56.95,56.77,56.62,56.50,56.41,56.27,56.27,56.34,56.38,56.37,56.27,56.01,55.72,55.49,55.31,55.14,54.94,54.66,54.24,53.81,53.49,53.22,52.91,52.60,52.34,52.07,51.77,51.46,51.11,50.73,50.34,50.03,49.92,49.90,49.87,49.81,49.80,49.80,49.83,49.88,49.88,49.89,49.90,49.96,50.18,50.64,51.11
79.37,80.10,80.30,80.49,80.87,81.05,80.90,80.42,80.14,81.84,84.83,88.14,89.88,90.40,90.45,89.94,88.13,84.93,82.10,80.56,80.55,80.64,80.33,79.81,79.25,78.72,77.96,77.14,75.94,73.94,71.40,70.21,69.75,69.59,69.39,69.24,69.13,69.00,68.77,68.65,68.51,68.42,68.47,68.77,69.13,69.53,70.30,72.27,74.89,77.52,79.55,80.40,80.53,80.47,80.55,80.77,80.78,80.80,80.92,81.09,81.17,81.13,80.41,79.14,77.45,75.70,74.04,72.74,71.89,71.53,71.46,71.52,71.65,71.83,72.06,72.30,72.33,72.14,72.14,72.21,72.33,72.46,72.52,72.41,72.15,71.84,71.54,71.23,70.92,70.65,70.39,70.10,69.85,69.33,68.72,68.29,67.72,67.21,66.80,66.50,66.17,65.09,63.78,62.38,60.59,57.87,54.33,51.33,49.93,49.71,49.58,49.56,49.80,50.55,51.51,52.39,53.29,54.42,55.77,57.15,58.81,61.11,64.38,67.37,69.02,69.33,68.60,68.18,69.03,69.97,70.05,69.91,68.67,67.59,67.40,68.58,69.60,70.14,70.40,70.61,70.78,70.94,71.03,71.00,70.88,70.79,70.76,70.75,70.73,70.67,70.70,70.81,70.95,71.04,71.23,71.52,71.82,71.91,71.92,71.91,71.84,71.69,71.47,71.30,71.15,70.99,70.83,70.67,70.52,70.36,70.21,70.04,69.07,67.38,65.17,62.99,60.94,59.72,59.23,58.42,58.63,59.40,60.17,60.44,60.74,61.05,61.32,61.55,61.69,61.59,61.40,61.15,60.85,60.54,60.29,59.96,59.50,59.29,59.19,59.10,59.02,58.91,58.76,58.54,58.29,58.00,57.70,57.43,57.17,56.89,56.67,56.49,56.38,56.28,56.13,56.06,56.09,56.13,56.13,56.11,55.89,55.58,55.30,55.09,55.01,54.78,54.44,54.10,53.72,53.39,53.09,52.78,52.48,52.17,51.91,51.64,51.34,51.02,50.66,50.30,50.02,49.92,49.90,49.87,49.81,49.80,49.80,49.81,49.81,49.82,49.88,49.90,49.91,49.99,50.30,50.73
80.01,80.87,81.26,81.42,81.71,81.92,81.91,81.63,81.58,83.56,86.49,89.25,90.20,90.42,90.37,89.52,86.77,82.89,80.49,79.36,79.14,79.17,78.88,78.39,77.77,77.04,76.17,75.06,73.88,72.74,71.32,70.34,69.84,69.69,69.54,69.42,69.33,69.20,68.94,68.75,68.54,68.35,68.30,68.58,68.95,69.36,70.06,71.71,74.19,76.52,78.41,79.69,80.43,80.64,80.73,80.87,80.95,81.00,81.06,81.12,81.18,81.08,80.33,79.29,78.14,76.63,75.05,73.83,73.06,72.70,72.53,72.47,72.52,72.69,72.87,73.00,72.93,72.70,72.65,72.67,72.75,72.84,72.85,72.68,72.41,72.10,71.80,71.53,71.22,70.96,70.73,70.49,70.29,69.94,69.52,69.11,68.59,68.18,67.96,67.91,67.78,66.81,65.51,63.88,61.46,58.03,54.08,51.03,49.89,49.71,49.58,49.48,49.54,49.99,50.73,51.45,52.26,53.34,54.70,56.18,57.61,59.11,61.28,64.19,65.97,66.48,66.43,66.49,67.65,68.90,69.27,68.64,66.90,65.86,66.15,67.42,68.65,69.60,70.20,70.38,70.54,70.69,70.78,70.76,70.65,70.53,70.46,70.41,70.37,70.30,70.33,70.41,70.53,70.69,70.97,71.32,71.64,71.72,71.73,71.73,71.71,71.63,71.45,71.29,71.13,70.98,70.83,70.67,70.52,70.37,70.26,70.11,69.59,68.28,65.89,63.32,60.95,59.56,59.10,58.43,58.16,58.69,59.57,60.14,60.49,60.77,61.04,61.30,61.49,61.44,61.27,61.02,60.70,60.40,60.14,59.83,59.40,59.14,58.97,58.84,58.77,58.68,58.54,58.39,58.23,58.04,57.75,57.46,57.19,56.92,56.65,56.44,56.26,56.11,56.00,55.88,55.86,55.88,55.89,55.92,55.77,55.50,55.20,54.97,54.76,54.49,54.19,53.88,53.54,53.25,52.97,52.66,52.39,52.09,51.80,51.52,51.21,50.90,50.59,50.28,49.98,49.91,49.90,49.87,49.81,49.80,49.80,49.80,49.80,49.80,49.83,49.87,49.90,49.93,50.06,50.42
80.37,81.34,81.95,82.21,82.52,82.79,82.97,83.07,83.33,85.48,88.09,90.06,90.39,90.36,90.16,88.94,85.42,81.20,79.35,78.65,78.21,78.06,77.64,77.08,76.42,75.63,74.84,73.83,73.03,72.84,72.64,71.72,71.03,70.83,70.50,70.28,70.04,69.71,69.24,68.96,68.65,68.33,68.14,68.35,68.73,69.18,69.82,71.10,73.35,75.36,77.03,78.48,79.72,80.21,80.45,80.69,81.02,81.17,81.18,81.15,81.16,81.04,80.36,79.60,78.93,77.64,76.09,74.93,74.27,73.89,73.61,73.46,73.45,73.56,73.69,73.69,73.53,73.28,73.18,73.15,73.16,73.17,73.12,72.94,72.67,72.37,72.07,71.82,71.54,71.27,71.04,70.80,70.56,70.33,70.06,69.69,69.30,69.06,69.02,69.13,69.14,68.44,67.10,65.07,61.93,57.93,53.75,50.77,49.87,49.71,49.58,49.43,49.36,49.55,50.02,50.56,51.26,52.25,53.38,54.65,55.66,56.37,57.57,60.36,62.40,63.39,64.01,64.48,65.55,66.74,67.29,66.29,64.63,64.04,64.83,66.13,67.45,68.72,69.68,70.01,70.26,70.44,70.52,70.51,70.42,70.26,70.13,70.03,69.92,69.83,69.83,69.92,70.11,70.38,70.76,71.15,71.45,71.52,71.54,71.55,71.55,71.53,71.43,71.28,71.11,70.97,70.82,70.68,70.54,70.40,70.31,70.17,70.06,69.29,67.15,64.27,61.53,59.84,59.22,58.71,58.13,58.24,58.88,59.65,60.13,60.45,60.74,61.03,61.23,61.24,61.12,60.91,60.61,60.32,60.06,59.77,59.41,59.09,58.83,58.64,58.52,58.42,58.28,58.18,58.11,58.00,57.76,57.48,57.21,56.96,56.67,56.42,56.18,55.97,55.85,55.71,55.64,55.63,55.65,55.71,55.61,55.39,55.12,54.89,54.57,54.27,54.01,53.70,53.39,53.13,52.86,52.58,52.33,52.03,51.72,51.41,51.10,50.79,50.53,50.24,49.94,49.90,49.90,49.87,49.82,49.80,49.80,49.80,49.80,49.80,49.80,49.84,49.89,49.90,49.91,50.16
80.63,81.59,82.35,82.92,83.28,83.58,84.07,84.84,85.21,87.12,88.98,90.02,90.21,90.13,89.64,88.03,84.35,80.78,79.20,78.44,77.77,77.29,76.50,75.75,75.20,74.84,74.54,74.62,74.99,75.48,75.91,75.36,74.81,74.38,73.24,72.49,71.69,70.72,69.70,69.30,68.86,68.39,68.05,68.03,68.43,68.95,69.52,70.32,72.21,74.06,75.55,76.61,77.71,78.48,79.14,79.86,80.84,81.20,81.28,81.23,81.12,81.03,80.36,79.63,79.18,78.51,77.14,76.06,75.47,75.09,74.72,74.54,74.48,74.45,74.48,74.34,74.12,73.90,73.76,73.68,73.56,73.39,73.27,73.16,72.96,72.69,72.38,72.09,71.83,71.59,71.35,71.06,70.81,70.58,70.34,70.10,69.94,69.87,69.86,69.88,69.88,69.67,68.24,65.49,61.66,57.60,53.56,50.72,49.87,49.71,49.58,49.45,49.36,49.31,49.49,49.81,50.32,51.07,51.50,51.77,51.94,52.19,53.23,56.12,59.01,61.07,61.74,61.93,62.13,62.47,62.74,62.02,61.78,62.22,63.24,64.60,65.93,67.23,68.43,69.35,69.93,70.19,70.27,70.25,70.11,69.91,69.70,69.49,69.29,69.14,69.06,69.21,69.67,70.15,70.61,71.00,71.25,71.28,71.33,71.36,71.36,71.36,71.39,71.24,71.05,70.91,70.81,70.72,70.60,70.47,70.38,70.23,70.13,69.88,68.91,66.00,62.94,60.73,59.71,59.53,59.10,58.52,58.19,58.67,59.50,60.05,60.42,60.69,60.81,60.92,60.95,60.86,60.61,60.37,60.09,59.79,59.47,59.15,58.85,58.55,58.25,58.11,58.01,57.92,57.85,57.77,57.66,57.49,57.26,56.97,56.73,56.44,56.18,55.93,55.69,55.57,55.45,55.39,55.45,55.47,55.36,55.16,54.94,54.82,54.59,54.31,54.01,53.70,53.39,53.09,52.82,52.57,52.27,51.97,51.66,51.35,51.04,50.73,50.43,50.15,49.93,49.90,49.90,49.89,49.87,49.81,49.80,49.80,49.80,49.80,49.80,49.81,49.84,49.90,49.90,49.96
80.81,81.77,82.63,83.40,83.90,84.30,84.87,85.68,86.02,87.08,88.15,88.81,88.94,89.14,88.97,87.66,84.31,81.25,79.71,78.92,78.36,77.81,76.98,76.30,75.90,75.75,75.68,76.16,76.96,77.80,78.43,78.31,78.08,77.82,77.00,76.44,75.76,74.07,70.59,69.47,68.85,68.29,67.83,67.68,68.07,68.63,69.20,69.83,71.16,72.54,73.61,74.31,75.40,76.32,77.39,78.77,80.29,81.09,81.34,81.28,81.06,80.91,80.32,79.69,79.29,78.81,77.92,77.16,76.66,76.25,75.86,75.51,75.17,74.84,74.62,74.39,74.11,73.82,73.69,73.55,73.37,73.19,73.08,72.96,72.84,72.70,72.53,72.35,72.11,71.84,71.58,71.30,71.04,70.79,70.58,70.43,70.31,70.23,70.20,70.23,70.19,70.06,68.58,65.58,61.34,57.46,53.80,51.07,49.93,49.72,49.60,49.49,49.38,49.27,49.26,49.41,49.75,50.21,50.34,50.34,50.30,50.38,50.99,52.62,55.02,57.43,58.54,58.09,57.82,57.97,58.43,58.89,59.78,60.73,61.71,63.08,64.41,65.83,67.16,68.15,68.94,69.41,69.61,69.58,69.44,69.25,69.03,68.80,68.57,68.41,68.44,68.74,69.33,69.97,70.45,70.82,71.05,71.07,71.10,71.14,71.16,71.17,71.21,71.16,71.05,70.94,70.85,70.78,70.66,70.52,70.44,70.33,70.22,70.10,69.72,68.08,65.38,63.30,62.30,61.57,60.64,59.51,58.56,58.30,58.59,59.25,59.92,60.36,60.50,60.62,60.71,60.72,60.51,60.23,59.96,59.72,59.48,59.21,58.91,58.56,58.21,57.98,57.80,57.67,57.59,57.51,57.41,57.29,57.15,56.97,56.74,56.48,56.20,55.93,55.67,55.48,55.31,55.21,55.22,55.18,55.09,54.95,54.79,54.64,54.48,54.29,54.07,53.79,53.48,53.17,52.88,52.61,52.30,51.99,51.69,51.38,51.06,50.76,50.47,50.21,50.01,49.92,49.90,49.90,49.89,49.85,49.84,49.82,49.80,49.80,49.80,49.80,49.83,49.90,49.90,49.90
80.93,81.90,82.80,83.59,84.20,84.70,85.26,85.86,86.05,86.16,86.54,87.04,87.06,87.57,88.00,87.45,84.95,82.36,80.76,79.92,79.52,78.93,78.17,77.63,77.39,77.33,77.41,78.00,78.93,79.91,80.46,80.61,80.63,80.58,80.35,80.14,79.58,77.13,71.32,69.51,68.73,68.10,67.55,67.30,67.66,68.22,68.81,69.38,70.14,70.95,71.58,71.99,73.09,74.19,75.67,77.65,79.59,80.86,81.34,81.27,80.99,80.75,80.26,79.74,79.33,78.87,78.44,78.02,77.61,77.16,76.69,76.12,75.47,74.83,74.36,74.10,73.81,73.47,73.35,73.15,72.96,72.82,72.72,72.58,72.53,72.53,72.52,72.52,72.31,72.04,71.78,71.53,71.25,70.99,70.81,70.72,70.57,70.42,70.37,70.40,70.31,70.11,68.66,65.66,61.20,57.56,54.32,51.67,50.09,49.76,49.64,49.53,49.40,49.31,49.18,49.20,49.35,49.57,49.61,49.62,49.61,49.66,49.82,50.02,51.41,53.58,54.96,54.03,53.59,53.87,54.78,56.53,58.22,59.40,60.27,61.63,63.01,64.52,65.89,66.78,67.70,68.40,68.75,68.73,68.59,68.43,68.24,68.02,67.83,67.73,67.97,68.44,69.08,69.80,70.28,70.63,70.86,70.87,70.88,70.92,70.96,70.97,71.00,71.05,71.06,70.99,70.92,70.84,70.73,70.60,70.53,70.43,70.31,70.19,70.08,69.87,67.93,66.27,65.34,63.85,62.28,60.77,59.41,58.37,57.86,58.37,59.23,59.94,60.23,60.35,60.45,60.51,60.33,60.01,59.79,59.64,59.47,59.25,58.97,58.64,58.27,57.96,57.66,57.46,57.35,57.26,57.11,57.02,56.96,56.90,56.70,56.49,56.23,55.94,55.70,55.41,55.20,55.06,54.97,54.88,54.80,54.72,54.61,54.41,54.30,54.22,54.08,53.86,53.59,53.29,52.98,52.69,52.38,52.07,51.76,51.45,51.16,50.86,50.59,50.35,50.13,49.97,49.92,49.91,49.90,49.90,49.90,49.85,49.80,49.80,49.80,49.80,49.83,49.88,49.90,49.90
80.96,81.93,82.75,83.07,83.45,83.97,84.55,84.99,84.75,84.48,84.57,84.87,84.62,84.94,86.04,87.07,86.68,84.56,82.88,81.88,81.33,80.48,79.55,79.00,78.87,78.92,79.13,79.84,80.82,81.68,81.73,81.46,81.16,80.86,80.44,80.10,78.62,75.45,70.70,69.25,68.51,67.84,67.21,66.83,67.12,67.62,68.13,68.66,69.04,69.45,69.88,70.32,71.27,72.84,74.75,76.81,78.84,80.42,81.07,81.06,80.86,80.63,80.20,79.72,79.28,78.82,78.42,78.00,77.57,77.12,76.36,75.48,74.68,74.06,73.58,73.42,73.32,73.18,72.99,72.77,72.58,72.43,72.30,72.14,72.10,72.12,72.18,72.22,72.22,72.13,71.96,71.73,71.48,71.24,71.06,70.97,70.83,70.67,70.57,70.52,70.38,70.17,68.92,66.22,61.83,58.31,55.30,52.62,50.51,49.88,49.71,49.59,49.45,49.37,49.23,49.09,49.09,49.30,49.37,49.38,49.41,49.47,49.57,49.70,50.20,50.93,51.38,51.07,50.96,51.62,53.34,55.34,57.08,58.25,59.11,60.49,62.10,63.47,64.59,65.56,66.54,67.34,67.77,67.79,67.64,67.49,67.32,67.17,67.15,67.39,67.82,68.36,68.98,69.64,70.13,70.45,70.62,70.67,70.69,70.69,70.73,70.79,70.90,70.98,71.04,71.06,70.98,70.91,70.82,70.72,70.65,70.52,70.41,70.30,70.17,70.08,69.34,68.20,66.79,65.15,63.47,61.92,60.50,59.22,58.23,57.76,58.08,59.16,59.93,60.15,60.21,60.20,60.04,59.83,59.69,59.58,59.41,59.24,59.05,58.76,58.39,58.07,57.72,57.39,57.15,57.01,56.86,56.75,56.69,56.63,56.51,56.39,56.19,55.94,55.70,55.41,55.16,54.96,54.77,54.59,54.48,54.40,54.32,54.20,54.11,54.01,53.88,53.75,53.61,53.35,53.07,52.80,52.50,52.19,51.88,51.59,51.33,51.08,50.80,50.54,50.31,50.15,50.03,49.95,49.90,49.90,49.90,49.86,49.80,49.80,49.80,49.80,49.81,49.84,49.89,49.90
80.92,81.81,82.44,82.41,82.62,83.11,83.69,83.98,83.25,82.66,82.54,82.64,82.21,82.41,84.09,86.34,87.46,86.32,85.02,84.06,83.38,82.35,81.34,80.71,80.53,80.71,81.04,81.63,82.06,81.93,81.47,81.02,80.58,80.03,79.18,78.04,75.83,72.85,69.96,68.91,68.20,67.52,66.88,66.41,66.58,66.99,67.45,67.91,68.31,68.80,69.32,69.92,70.91,72.55,74.51,76.53,78.30,79.73,80.42,80.55,80.44,80.28,79.97,79.60,79.21,78.75,78.35,77.92,77.42,76.75,75.76,74.70,73.80,73.23,72.79,72.66,72.64,72.63,72.56,72.38,72.20,72.04,71.89,71.74,71.69,71.72,71.80,71.88,71.97,72.03,71.99,71.84,71.67,71.48,71.31,71.20,71.05,70.89,70.75,70.61,70.45,70.23,69.43,67.41,63.41,59.89,57.03,54.39,51.88,50.39,49.87,49.67,49.55,49.44,49.30,49.09,48.96,49.06,49.14,49.18,49.23,49.31,49.41,49.54,49.64,49.70,49.70,49.72,49.80,50.51,52.25,54.15,55.84,57.09,58.09,59.58,61.15,62.38,63.38,64.38,65.40,66.27,66.78,66.83,66.70,66.54,66.49,66.56,66.79,67.24,67.74,68.27,68.83,69.40,69.93,70.27,70.40,70.45,70.51,70.54,70.59,70.67,70.82,70.92,70.99,71.06,71.04,70.99,70.91,70.81,70.73,70.61,70.50,70.39,70.27,70.19,70.01,69.27,67.86,66.18,64.55,63.04,61.58,60.10,58.79,57.70,57.48,58.36,59.28,59.65,59.77,59.75,59.51,59.38,59.31,59.24,59.15,59.04,58.95,58.77,58.51,58.17,57.82,57.44,57.10,56.87,56.63,56.50,56.42,56.35,56.27,56.20,56.08,55.92,55.70,55.41,55.15,54.92,54.69,54.45,54.30,54.18,54.08,54.00,53.92,53.82,53.70,53.60,53.52,53.32,53.09,52.90,52.62,52.34,52.06,51.78,51.53,51.29,51.02,50.76,50.54,50.35,50.19,50.06,49.96,49.91,49.88,49.84,49.80,49.80,49.77,49.78,49.80,49.81,49.88,49.90
80.82,81.58,81.92,81.67,81.76,82.22,82.77,82.90,81.69,80.77,80.42,80.41,80.01,80.30,82.44,85.41,87.34,87.38,86.71,85.96,85.27,84.27,83.35,82.66,82.33,82.60,82.96,83.16,82.59,80.98,80.05,79.61,79.16,78.39,76.98,74.72,72.19,70.11,69.24,68.54,67.88,67.21,66.58,66.05,66.05,66.36,66.80,67.24,68.00,68.87,69.72,70.55,71.71,73.07,74.76,76.61,77.90,78.88,79.49,79.77,79.75,79.67,79.54,79.36,79.10,78.68,78.28,77.83,77.19,76.16,75.03,73.89,72.94,72.41,71.99,71.84,71.82,71.88,72.06,71.97,71.82,71.66,71.50,71.35,71.30,71.34,71.41,71.50,71.63,71.78,71.89,71.88,71.79,71.66,71.51,71.36,71.21,71.06,70.88,70.68,70.52,70.30,70.03,68.95,65.72,62.22,59.41,56.81,54.04,51.41,50.23,49.80,49.66,49.51,49.36,49.16,48.96,48.86,48.91,48.97,49.05,49.13,49.27,49.37,49.45,49.51,49.52,49.59,49.71,50.20,51.33,52.91,54.53,55.91,57.20,58.83,60.21,61.32,62.29,63.27,64.25,65.19,65.78,65.88,65.76,65.66,65.80,66.19,66.69,67.22,67.71,68.18,68.66,69.14,69.70,70.08,70.21,70.23,70.35,70.45,70.53,70.61,70.75,70.85,70.93,71.02,71.06,71.08,71.01,70.89,70.81,70.72,70.60,70.48,70.39,70.31,70.16,69.70,68.70,67.07,65.53,64.06,62.55,60.90,59.37,58.05,57.38,57.61,58.35,58.85,59.12,59.14,58.76,58.68,58.67,58.66,58.65,58.66,58.66,58.64,58.56,58.24,57.92,57.56,57.19,56.82,56.46,56.28,56.18,56.09,56.01,55.93,55.89,55.84,55.67,55.39,55.14,54.92,54.69,54.45,54.23,54.04,53.91,53.81,53.73,53.66,53.55,53.42,53.33,53.19,53.05,52.94,52.71,52.48,52.24,51.99,51.71,51.47,51.23,51.00,50.78,50.55,50.37,50.21,50.05,49.91,49.84,49.80,49.79,49.79,49.73,49.76,49.80,49.81,49.88,49.90
80.56,81.25,81.33,80.92,80.87,81.31,81.74,81.53,80.21,78.67,77.96,78.21,78.63,80.01,82.32,84.95,86.79,86.51,85.78,85.24,85.05,84.94,84.84,84.49,84.06,84.11,84.02,83.34,81.97,80.03,78.68,77.90,77.24,76.30,74.53,72.31,70.53,69.36,68.79,68.36,67.92,67.30,66.47,65.80,65.62,65.80,66.29,67.19,68.29,69.45,70.54,71.53,72.66,73.77,74.99,76.29,77.33,78.14,78.56,78.69,78.68,78.66,78.70,78.76,78.73,78.56,78.19,77.51,76.56,75.43,74.28,73.12,72.12,71.48,71.07,70.95,71.02,71.24,71.53,71.55,71.41,71.22,71.07,70.91,70.90,70.95,71.04,71.17,71.31,71.49,71.68,71.80,71.72,71.61,71.48,71.34,71.23,71.09,70.94,70.79,70.59,70.36,70.18,69.71,68.19,65.29,62.33,59.44,56.52,53.68,51.48,50.20,49.74,49.58,49.42,49.22,49.01,48.87,48.80,48.83,48.91,48.99,49.09,49.18,49.26,49.34,49.44,49.56,49.67,49.92,50.55,51.86,53.31,54.83,56.41,58.14,59.74,60.79,61.52,62.29,63.10,64.03,64.72,64.95,64.97,65.19,65.61,66.13,66.67,67.17,67.65,68.11,68.57,69.04,69.55,69.91,70.08,70.14,70.23,70.35,70.47,70.55,70.64,70.73,70.85,70.99,70.98,71.06,71.07,71.00,70.93,70.81,70.69,70.59,70.51,70.39,70.24,69.97,69.35,67.91,66.25,64.56,62.84,61.08,59.55,58.39,57.55,57.13,57.39,57.67,57.96,58.10,57.82,57.77,57.77,57.77,57.79,57.92,58.03,58.15,58.26,58.24,57.99,57.66,57.31,56.92,56.54,56.23,56.00,55.84,55.71,55.63,55.59,55.56,55.45,55.25,55.09,54.92,54.69,54.45,54.23,54.00,53.81,53.64,53.55,53.47,53.38,53.28,53.15,53.04,52.92,52.79,52.61,52.43,52.22,51.99,51.78,51.59,51.38,51.16,50.97,50.74,50.50,50.22,49.97,49.86,49.81,49.77,49.73,49.73,49.71,49.75,49.80,49.81,49.88,49.94
80.17,80.84,80.61,79.62,79.04,79.46,80.00,79.69,78.36,76.58,76.02,77.02,78.44,80.54,82.84,84.80,85.67,84.84,83.99,83.60,83.77,84.27,84.78,84.86,84.67,84.75,84.49,83.23,81.39,79.45,77.89,76.74,75.77,74.66,72.84,70.96,69.81,69.21,68.77,68.55,68.23,67.59,66.59,65.77,65.27,65.34,66.01,67.22,68.49,69.75,70.94,71.97,73.00,73.95,74.88,75.80,76.70,77.31,77.55,77.55,77.55,77.55,77.67,77.85,77.99,78.05,77.82,77.15,76.09,74.81,73.53,72.34,71.31,70.63,70.25,70.19,70.33,70.64,71.00,71.13,71.02,70.81,70.65,70.50,70.50,70.59,70.70,70.87,71.04,71.24,71.47,71.68,71.62,71.51,71.41,71.27,71.17,71.05,70.93,70.81,70.63,70.42,70.23,70.03,69.49,67.06,64.12,61.15,58.25,55.45,52.66,50.71,49.81,49.64,49.47,49.27,49.07,48.90,48.74,48.73,48.78,48.86,48.94,49.03,49.11,49.22,49.37,49.51,49.62,49.73,50.00,50.90,52.12,53.65,55.48,57.48,59.46,60.56,61.12,61.72,62.37,63.20,63.88,64.26,64.48,64.95,65.53,66.11,66.64,67.14,67.61,68.07,68.53,69.00,69.42,69.74,69.94,70.06,70.15,70.27,70.42,70.56,70.69,70.74,70.81,70.91,70.89,70.99,71.06,71.06,71.02,70.89,70.80,70.72,70.61,70.46,70.31,70.16,69.83,68.78,67.09,65.25,63.40,61.59,60.04,58.94,58.01,57.22,57.03,57.07,57.16,57.19,56.95,56.88,56.91,56.96,57.03,57.24,57.43,57.63,57.84,58.06,57.97,57.74,57.44,57.05,56.66,56.28,55.94,55.68,55.46,55.34,55.29,55.25,55.17,55.05,54.95,54.82,54.61,54.40,54.19,53.98,53.76,53.54,53.40,53.29,53.20,53.12,52.99,52.88,52.76,52.61,52.45,52.30,52.11,51.91,51.74,51.58,51.38,51.17,50.98,50.75,50.48,50.17,49.90,49.81,49.78,49.74,49.70,49.68,49.70,49.75,49.80,49.84,49.89,50.00
79.55,80.27,79.64,77.42,75.84,76.21,77.15,77.13,75.91,74.61,75.05,77.39,79.79,81.80,83.81,84.94,83.84,82.47,81.61,81.29,81.50,81.96,82.53,83.09,83.62,84.17,84.29,83.08,81.21,79.44,77.94,76.48,75.14,73.86,72.44,71.04,70.07,69.55,69.42,69.35,68.88,68.07,67.01,66.02,65.01,65.01,66.02,67.18,68.35,69.50,70.56,71.51,72.40,73.31,74.25,75.17,76.04,76.33,76.41,76.41,76.41,76.41,76.47,76.59,76.75,76.94,77.03,76.75,75.95,74.44,72.88,71.56,70.54,69.90,69.66,69.66,69.80,70.07,70.44,70.68,70.63,70.42,70.27,70.11,70.12,70.23,70.39,70.60,70.83,71.05,71.28,71.49,71.52,71.42,71.30,71.20,71.06,70.96,70.84,70.71,70.61,70.45,70.26,69.91,69.01,66.69,64.06,61.41,58.74,56.10,53.49,51.31,49.89,49.70,49.48,49.30,49.11,48.91,48.74,48.66,48.66,48.74,48.81,48.95,49.05,49.15,49.30,49.40,49.52,49.64,49.77,50.07,50.93,52.34,54.30,56.87,59.34,60.62,61.16,61.71,62.28,62.87,63.43,63.95,64.43,64.95,65.50,66.05,66.59,67.12,67.61,68.07,68.53,68.99,69.30,69.55,69.78,69.97,70.08,70.22,70.41,70.68,70.94,70.93,70.82,70.75,70.80,70.88,70.96,71.02,71.06,71.00,70.92,70.82,70.68,70.53,70.37,70.25,70.11,69.70,68.20,66.39,64.54,62.73,61.09,59.84,58.85,58.10,57.63,57.44,57.10,56.61,56.32,56.15,56.21,56.37,56.52,56.73,56.96,57.16,57.35,57.63,57.82,57.78,57.56,57.17,56.79,56.41,56.03,55.66,55.31,55.12,55.01,54.95,54.87,54.78,54.70,54.59,54.42,54.26,54.09,53.93,53.75,53.53,53.31,53.14,53.02,52.94,52.85,52.72,52.58,52.42,52.26,52.11,51.95,51.77,51.55,51.39,51.19,50.96,50.73,50.50,50.27,50.05,49.89,49.81,49.74,49.71,49.68,49.63,49.68,49.75,49.83,49.88,49.90,50.08
77.49,78.16,76.98,73.90,72.54,72.65,73.16,73.22,72.91,74.06,76.26,78.89,80.85,82.66,83.77,83.78,82.23,80.61,79.70,79.42,79.66,80.07,80.65,81.33,82.11,83.00,83.85,82.97,81.18,79.45,78.03,76.61,75.26,74.17,73.69,73.04,72.51,72.26,72.32,71.70,70.09,68.42,67.23,66.10,64.91,64.53,65.07,66.18,67.26,68.53,69.82,70.95,71.87,72.76,73.66,74.53,75.19,75.31,75.31,75.31,75.31,75.27,75.29,75.37,75.53,75.67,75.60,75.76,75.89,75.02,73.53,71.84,70.41,69.64,69.26,69.15,69.28,69.59,69.93,70.22,70.20,69.98,69.79,69.59,69.69,69.94,70.22,70.45,70.65,70.86,71.09,71.31,71.38,71.32,71.21,71.09,70.94,70.84,70.73,70.59,70.50,70.40,70.24,69.85,68.73,66.40,63.88,61.33,58.74,56.34,53.95,51.71,50.04,49.73,49.52,49.33,49.13,48.91,48.74,48.61,48.59,48.66,48.74,48.84,48.96,49.08,49.19,49.31,49.43,49.54,49.66,49.78,50.24,51.36,53.45,56.76,59.36,60.64,61.17,61.71,62.25,62.80,63.34,63.88,64.41,64.92,65.47,66.03,66.57,67.08,67.56,68.02,68.47,68.86,69.13,69.36,69.59,69.82,70.02,70.38,70.74,70.80,70.79,70.70,70.63,70.61,70.68,70.76,70.84,70.91,70.99,71.04,71.00,70.89,70.75,70.63,70.48,70.35,70.22,70.00,69.11,67.60,65.83,64.15,62.55,61.19,60.00,59.08,58.66,58.46,58.06,57.47,56.97,56.48,56.10,55.93,56.05,56.24,56.46,56.66,56.84,57.14,57.42,57.56,57.53,57.29,56.92,56.53,56.13,55.71,55.33,55.06,54.86,54.72,54.61,54.56,54.47,54.34,54.18,54.03,53.91,53.77,53.61,53.42,53.23,53.05,52.90,52.75,52.66,52.56,52.43,52.27,52.08,51.92,51.74,51.55,51.36,51.16,50.94,50.73,50.53,50.30,50.10,49.94,49.83,49.75,49.68,49.64,49.64,49.61,49.68,49.75,49.83,49.90,49.91,50.19
74.87,75.42,73.97,70.82,70.01,69.90,69.90,70.00,70.59,74.19,77.91,80.41,81.70,83.12,83.29,82.34,80.80,79.04,78.02,77.72,78.01,78.40,78.97,79.72,80.64,81.83,83.31,82.84,81.22,79.55,78.21,76.97,75.82,75.08,75.45,75.55,75.54,75.62,75.76,74.64,71.77,69.06,67.58,66.31,65.06,64.19,64.01,64.88,65.89,67.33,68.92,70.31,71.33,72.20,73.07,73.88,74.27,74.28,74.23,74.22,74.21,74.15,74.11,74.17,74.30,74.31,74.02,74.48,75.47,75.49,74.34,72.41,70.57,69.59,69.06,68.77,68.77,69.07,69.38,69.66,69.65,69.44,69.24,69.10,69.34,69.75,70.11,70.34,70.51,70.70,70.92,71.12,71.23,71.22,71.12,70.96,70.81,70.70,70.59,70.46,70.37,70.28,70.16,69.76,68.58,66.30,63.83,61.32,58.83,56.63,54.39,52.15,50.32,49.79,49.56,49.36,49.14,48.92,48.74,48.57,48.51,48.58,48.67,48.75,48.87,49.00,49.09,49.23,49.34,49.45,49.58,49.67,49.81,50.62,52.75,56.80,59.41,60.64,61.17,61.71,62.25,62.80,63.34,63.89,64.42,64.90,65.44,66.02,66.55,67.04,67.51,67.96,68.37,68.67,68.92,69.15,69.38,69.62,69.89,70.41,70.86,70.75,70.51,70.40,70.40,70.48,70.56,70.67,70.77,70.85,70.90,71.02,71.04,70.96,70.83,70.74,70.59,70.45,70.30,70.13,69.81,68.77,67.24,65.71,64.21,62.80,61.44,60.29,59.89,59.71,59.32,58.69,57.98,57.21,56.40,55.85,55.77,55.79,55.96,56.15,56.34,56.64,56.95,57.22,57.39,57.33,57.03,56.66,56.24,55.79,55.40,55.06,54.80,54.59,54.42,54.35,54.24,54.09,53.93,53.79,53.68,53.57,53.41,53.26,53.10,52.95,52.79,52.58,52.48,52.40,52.29,52.13,51.92,51.75,51.55,51.35,51.17,50.97,50.74,50.53,50.36,50.14,49.97,49.84,49.76,49.69,49.61,49.59,49.59,49.62,49.70,49.76,49.83,49.90,49.94,50.32
71.77,72.06,71.34,70.18,69.87,69.83,69.84,70.03,70.85,75.18,79.05,80.99,82.15,82.76,82.30,81.11,79.69,77.91,76.63,76.20,76.61,77.00,77.57,78.50,79.76,81.22,82.75,82.62,81.39,79.86,78.64,77.68,77.02,76.82,77.27,77.92,78.52,78.92,78.91,77.98,74.40,70.66,68.45,67.08,65.73,64.38,63.37,63.51,64.46,66.06,67.89,69.55,70.72,71.63,72.46,73.13,73.30,73.27,73.17,73.08,73.07,73.00,72.94,72.96,73.05,72.84,72.54,72.87,73.85,74.79,74.52,72.95,71.04,69.81,69.25,68.70,68.34,68.33,68.66,68.79,68.75,68.64,68.57,68.78,69.25,69.75,70.10,70.29,70.44,70.61,70.78,70.95,71.09,71.09,70.99,70.84,70.68,70.54,70.42,70.32,70.19,70.10,69.94,69.57,68.64,66.65,64.27,61.88,59.63,57.40,55.11,52.87,50.95,49.94,49.58,49.39,49.20,48.97,48.75,48.54,48.43,48.47,48.60,48.69,48.80,48.94,49.03,49.17,49.28,49.38,49.52,49.61,49.74,50.29,52.16,56.84,59.47,60.64,61.17,61.71,62.25,62.80,63.36,63.94,64.43,64.94,65.45,65.96,66.50,67.03,67.51,67.91,68.18,68.43,68.66,68.90,69.13,69.36,69.56,69.80,70.06,70.23,70.20,70.22,70.28,70.35,70.44,70.66,70.88,71.00,70.86,70.91,71.01,71.05,70.94,70.81,70.66,70.54,70.43,70.27,70.07,69.70,68.90,67.44,66.12,64.80,63.42,62.11,61.32,61.08,60.58,59.76,59.00,58.17,57.45,56.74,56.01,55.47,55.48,55.64,55.83,56.13,56.44,56.74,57.02,57.20,57.10,56.78,56.37,55.92,55.53,55.15,54.89,54.69,54.42,54.17,53.98,53.83,53.69,53.58,53.46,53.31,53.16,53.01,52.85,52.73,52.61,52.45,52.30,52.21,52.10,51.95,51.84,51.65,51.45,51.27,51.06,50.88,50.67,50.47,50.31,50.08,49.91,49.76,49.64,49.62,49.55,49.52,49.55,49.67,49.75,49.79,49.83,49.91,50.05,50.48
70.34,70.46,70.18,69.90,69.78,69.78,69.83,70.05,71.00,75.35,79.16,81.03,82.03,82.31,81.65,80.30,78.54,76.50,75.10,74.66,75.18,75.65,76.38,77.71,79.41,80.88,82.28,82.34,81.48,80.31,79.36,78.72,78.42,78.46,78.77,79.29,79.80,80.13,80.04,79.34,76.37,72.68,69.60,67.94,66.54,64.99,63.46,62.69,63.16,64.45,66.01,67.56,69.58,70.89,71.75,72.22,72.31,72.28,72.16,72.00,71.94,71.89,71.81,71.77,71.78,71.41,71.08,71.30,72.24,73.79,74.63,73.55,71.64,70.25,69.53,68.82,68.19,67.80,67.92,67.92,67.90,67.93,68.14,68.69,69.33,69.84,70.10,70.27,70.42,70.58,70.73,70.88,70.98,70.95,70.83,70.71,70.56,70.40,70.27,70.12,69.84,69.52,69.12,68.64,67.92,66.63,64.81,62.77,60.71,58.84,56.75,54.54,52.28,50.20,49.63,49.45,49.27,49.03,48.77,48.53,48.39,48.39,48.50,48.61,48.73,48.85,48.96,49.08,49.19,49.30,49.42,49.54,49.68,50.01,51.53,56.20,59.27,60.61,61.14,61.71,62.25,62.82,63.40,63.96,64.43,64.95,65.45,65.94,66.47,67.02,67.42,67.71,67.91,68.10,68.30,68.50,68.70,68.90,69.06,69.21,69.43,69.74,69.89,70.10,70.32,70.49,70.63,70.80,70.88,70.86,70.75,70.82,70.94,71.02,71.02,70.91,70.76,70.63,70.51,70.36,70.23,70.09,69.74,68.91,67.98,66.70,65.28,63.93,62.91,62.50,61.91,61.02,60.16,59.36,58.66,57.86,56.81,55.88,55.38,55.23,55.37,55.67,55.98,56.28,56.59,56.88,56.96,56.82,56.51,56.09,55.70,55.31,55.01,54.77,54.46,54.18,53.96,53.78,53.59,53.45,53.30,53.14,53.00,52.87,52.72,52.59,52.47,52.32,52.16,52.06,51.95,51.81,51.69,51.54,51.36,51.17,50.97,50.79,50.59,50.39,50.20,50.00,49.84,49.69,49.56,49.52,49.47,49.48,49.53,49.66,49.76,49.82,49.86,49.94,50.19,50.64
69.84,69.85,69.82,69.79,69.73,69.75,69.82,70.03,70.96,74.76,78.36,80.48,81.51,81.82,81.21,79.68,77.24,74.80,73.40,73.09,73.68,74.28,75.45,77.32,79.42,80.74,81.92,82.09,81.58,80.79,80.16,79.83,79.76,79.87,79.96,80.06,80.19,80.27,80.13,79.64,77.75,74.64,70.93,68.86,67.38,65.78,63.96,62.34,62.04,62.70,63.69,64.97,67.92,69.78,70.74,71.09,71.24,71.28,71.13,70.86,70.69,70.69,70.59,70.50,70.43,70.00,69.69,69.88,70.81,72.70,74.51,74.05,72.33,70.83,69.86,69.05,68.23,67.49,67.25,67.13,67.13,67.33,67.90,68.76,69.50,69.97,70.12,70.27,70.42,70.58,70.72,70.85,70.88,70.79,70.67,70.58,70.43,70.27,70.08,69.80,69.29,68.65,67.96,67.31,66.74,66.18,65.13,63.63,61.86,60.52,58.78,56.64,53.98,50.77,49.79,49.52,49.33,49.08,48.79,48.53,48.37,48.31,48.39,48.53,48.64,48.74,48.87,48.96,49.09,49.22,49.32,49.46,49.61,49.78,50.95,55.31,58.95,60.59,61.11,61.70,62.25,62.85,63.43,63.96,64.44,64.96,65.46,65.94,66.47,66.95,67.22,67.38,67.54,67.70,67.86,68.02,68.17,68.33,68.48,68.64,68.88,69.24,69.56,69.99,70.40,70.72,70.90,70.93,70.79,70.59,70.60,70.73,70.84,70.95,71.06,71.02,70.88,70.73,70.59,70.44,70.34,70.22,70.13,70.06,69.62,68.48,67.09,65.74,64.61,63.96,63.26,62.38,61.41,60.64,59.93,59.05,57.87,56.62,55.50,54.93,54.98,55.25,55.54,55.84,56.15,56.44,56.67,56.73,56.60,56.26,55.87,55.48,55.14,54.84,54.54,54.29,54.05,53.83,53.60,53.39,53.21,53.05,52.89,52.79,52.65,52.50,52.34,52.20,52.05,51.94,51.83,51.67,51.52,51.42,51.26,51.06,50.90,50.68,50.49,50.31,50.10,49.93,49.77,49.63,49.48,49.41,49.40,49.44,49.53,49.62,49.75,49.85,49.90,49.99,50.35,50.80
69.73,69.73,69.73,69.73,69.71,69.71,69.76,69.88,70.27,72.71,75.75,78.56,80.56,81.30,80.92,79.11,75.39,72.40,71.33,71.37,71.97,72.79,75.19,77.82,79.91,80.88,81.83,82.16,81.85,81.09,80.65,80.50,80.46,80.45,80.48,80.46,80.41,80.33,80.16,79.72,77.97,75.43,72.52,69.89,68.11,66.47,64.68,62.78,61.39,60.99,61.30,62.36,65.18,67.34,68.71,69.44,69.94,70.16,69.87,69.29,68.86,68.97,68.93,68.84,68.81,68.66,68.63,69.11,70.19,71.82,73.53,73.93,73.15,71.57,70.26,69.33,68.50,67.70,66.98,66.65,66.62,66.99,68.00,69.02,69.71,70.08,70.18,70.28,70.42,70.55,70.64,70.69,70.69,70.63,70.54,70.45,70.30,70.15,69.75,69.04,68.21,67.40,66.60,65.83,65.20,64.67,64.28,63.66,62.62,61.85,60.52,58.51,55.78,52.42,50.39,49.61,49.38,49.10,48.84,48.56,48.34,48.25,48.32,48.47,48.58,48.66,48.76,48.84,48.97,49.11,49.25,49.40,49.55,49.70,50.78,54.89,58.76,60.58,61.15,61.71,62.25,62.86,63.44,63.97,64.49,64.98,65.48,66.00,66.44,66.56,66.68,66.83,66.99,67.14,67.30,67.45,67.61,67.76,67.87,68.07,68.35,68.70,69.16,69.70,70.31,70.85,70.81,70.66,70.50,70.41,70.47,70.61,70.75,70.88,71.02,71.06,70.95,70.82,70.71,70.56,70.42,70.34,70.35,70.45,70.36,69.91,68.97,67.58,66.46,65.49,64.59,63.72,62.77,61.86,61.05,60.08,58.69,57.20,55.73,54.92,54.85,54.95,55.14,55.40,55.69,55.95,56.23,56.39,56.45,56.37,56.00,55.57,55.20,54.91,54.65,54.37,54.12,53.91,53.72,53.49,53.28,53.07,52.87,52.69,52.53,52.37,52.23,52.13,51.98,51.84,51.70,51.54,51.39,51.26,51.13,50.99,50.83,50.61,50.40,50.20,50.02,49.87,49.72,49.56,49.42,49.35,49.34,49.41,49.53,49.66,49.77,49.85,49.94,50.11,50.53,50.98
69.67,69.67,69.66,69.64,69.66,69.69,69.73,69.80,69.87,71.04,72.91,75.54,79.20,80.62,80.15,77.71,73.20,70.72,70.11,70.27,70.77,71.86,74.98,78.08,80.21,80.91,81.64,82.00,81.89,81.35,81.08,80.95,80.81,80.66,80.58,80.50,80.41,80.30,80.12,79.61,77.88,75.64,73.28,70.70,68.86,67.15,65.30,63.30,61.35,60.29,60.04,60.67,62.52,64.31,65.62,66.32,66.52,67.00,67.05,66.73,66.49,66.81,66.91,66.97,67.17,67.49,67.88,68.69,69.96,71.40,72.82,73.66,73.53,72.14,70.79,69.76,68.89,68.03,67.06,66.45,66.24,66.59,67.81,68.95,69.71,70.09,70.18,70.28,70.38,70.46,70.51,70.53,70.53,70.50,70.44,70.36,70.21,69.91,69.18,68.04,67.06,66.19,65.32,64.48,63.75,63.09,62.88,62.66,62.16,61.75,60.92,59.32,56.84,53.61,51.00,49.82,49.47,49.16,48.90,48.60,48.34,48.19,48.23,48.37,48.48,48.55,48.64,48.73,48.87,49.02,49.15,49.33,49.51,49.68,50.79,55.05,58.84,60.61,61.17,61.72,62.28,62.87,63.44,63.98,64.52,65.01,65.52,65.97,66.19,66.09,66.11,66.23,66.39,66.57,66.71,66.85,67.01,67.16,67.27,67.50,67.83,68.23,68.78,69.36,70.02,70.57,70.44,70.30,70.24,70.26,70.37,70.52,70.67,70.82,70.97,71.08,71.02,70.91,70.80,70.65,70.52,70.49,70.57,70.70,70.80,70.76,70.13,68.84,67.74,66.61,65.51,64.44,63.40,62.36,61.43,60.40,59.04,57.50,55.96,55.03,54.80,54.75,54.82,55.01,55.25,55.51,55.81,56.02,56.18,56.28,56.07,55.67,55.30,55.01,54.77,54.48,54.22,54.00,53.82,53.59,53.37,53.16,52.93,52.70,52.51,52.33,52.16,52.03,51.88,51.73,51.57,51.42,51.26,51.11,50.98,50.87,50.74,50.54,50.32,50.12,49.96,49.80,49.65,49.49,49.36,49.28,49.29,49.39,49.55,49.69,49.80,49.92,50.08,50.32,50.72,51.17
69.61,69.61,69.59,69.53,69.58,69.65,69.72,69.78,69.80,69.97,70.28,71.87,77.23,79.39,78.55,75.39,70.89,69.87,69.75,69.80,70.16,71.51,74.75,78.01,80.27,80.79,81.33,81.63,81.68,81.52,81.41,81.18,80.86,80.53,80.30,80.19,80.16,80.14,79.97,79.33,77.60,75.42,73.24,71.28,69.59,67.79,65.82,63.82,61.89,60.55,59.90,59.94,60.26,61.10,61.89,62.17,61.55,62.28,63.00,63.45,63.86,64.42,64.77,65.11,65.69,66.57,67.43,68.57,69.98,71.31,72.42,73.28,73.45,72.50,71.40,70.34,69.36,68.44,67.45,66.55,65.99,66.08,67.26,68.47,69.42,69.98,70.11,70.25,70.30,70.31,70.34,70.39,70.41,70.40,70.37,70.29,70.13,69.50,68.34,66.87,65.91,65.04,64.15,63.25,62.42,61.61,61.12,60.83,60.61,60.36,60.03,59.06,57.16,54.24,51.59,50.17,49.59,49.28,48.98,48.68,48.37,48.13,48.12,48.23,48.34,48.43,48.52,48.65,48.80,48.94,49.05,49.26,49.49,49.69,50.96,55.77,59.19,60.68,61.19,61.73,62.33,62.89,63.44,63.98,64.52,65.05,65.53,65.82,65.72,65.58,65.53,65.60,65.77,65.98,66.10,66.22,66.38,66.53,66.68,66.93,67.31,67.84,68.44,68.99,69.52,69.90,69.86,69.88,69.99,70.15,70.30,70.45,70.61,70.76,70.91,71.06,71.08,71.01,70.87,70.72,70.63,70.68,70.80,70.88,71.00,71.03,70.56,69.47,68.39,67.29,65.98,64.56,63.29,62.16,61.09,60.04,58.93,57.52,56.19,55.25,54.82,54.66,54.64,54.69,54.83,55.11,55.43,55.64,55.83,56.01,56.05,55.77,55.43,55.14,54.89,54.60,54.34,54.11,53.89,53.66,53.48,53.28,53.04,52.81,52.59,52.36,52.13,51.92,51.75,51.60,51.45,51.29,51.14,50.98,50.84,50.70,50.61,50.45,50.25,50.05,49.90,49.74,49.59,49.44,49.30,49.22,49.27,49.39,49.54,49.69,49.84,50.04,50.30,50.61,50.93,51.37
69.54,69.54,69.52,69.46,69.52,69.59,69.65,69.68,69.68,69.68,69.72,70.38,73.02,74.89,74.30,72.09,70.00,69.57,69.52,69.61,70.05,71.44,74.61,77.87,80.18,80.65,81.06,81.30,81.36,81.24,81.11,80.88,80.52,80.04,79.56,79.45,79.54,79.63,79.45,78.92,77.35,75.34,73.36,71.71,70.12,68.37,66.45,64.53,62.61,60.92,59.84,59.70,59.72,60.04,60.38,60.46,60.14,60.51,61.07,61.70,62.48,63.24,63.85,64.51,65.37,66.40,67.39,68.50,69.71,70.81,71.75,72.64,73.11,72.72,71.80,70.81,69.89,69.04,68.13,67.17,66.16,65.59,66.29,67.40,68.52,69.40,69.91,70.09,70.16,70.18,70.19,70.22,70.22,70.22,70.21,70.15,69.93,68.68,67.07,65.62,64.70,63.84,62.95,62.05,61.21,60.44,59.84,59.45,59.30,59.11,58.82,58.23,57.05,54.83,52.41,50.69,49.72,49.41,49.10,48.79,48.46,48.15,48.02,48.08,48.19,48.30,48.38,48.49,48.66,48.84,49.03,49.25,49.48,49.74,51.33,56.89,59.65,60.77,61.27,61.78,62.35,62.89,63.45,64.02,64.52,65.06,65.33,65.33,65.17,65.02,64.94,64.97,65.13,65.35,65.50,65.64,65.80,65.95,66.11,66.44,66.91,67.45,67.98,68.45,68.88,69.23,69.32,69.39,69.66,70.03,70.23,70.39,70.55,70.69,70.85,71.00,71.08,71.05,70.94,70.84,70.83,70.90,70.96,70.91,70.92,70.86,70.52,69.78,68.71,67.45,66.04,64.55,63.11,61.78,60.59,59.51,58.50,57.44,56.47,55.67,55.12,54.82,54.66,54.54,54.48,54.60,54.97,55.26,55.50,55.72,55.88,55.79,55.55,55.25,54.98,54.71,54.47,54.24,54.01,53.77,53.57,53.35,53.12,52.89,52.61,52.34,52.06,51.80,51.63,51.47,51.32,51.16,51.01,50.89,50.76,50.61,50.49,50.34,50.16,49.98,49.84,49.68,49.52,49.37,49.23,49.16,49.21,49.33,49.48,49.64,49.80,50.06,50.44,50.86,51.18,51.57
69.49,69.47,69.46,69.40,69.45,69.52,69.55,69.55,69.55,69.55,69.59,69.68,69.91,71.11,70.83,69.75,69.54,69.38,69.34,69.48,69.97,71.26,74.23,77.39,79.74,80.41,80.78,80.98,81.00,80.83,80.66,80.39,79.95,79.32,78.59,78.41,78.53,78.67,78.51,78.18,77.00,75.35,73.59,72.08,70.55,68.84,66.99,65.15,63.25,61.35,59.99,59.67,59.57,59.60,59.63,59.64,59.70,59.78,60.17,60.86,61.80,62.63,63.41,64.27,65.26,66.33,67.36,68.39,69.38,70.23,71.04,71.87,72.52,72.64,72.13,71.31,70.48,69.71,68.86,67.86,66.51,65.33,65.27,66.17,67.31,68.37,69.17,69.49,69.64,69.72,69.77,69.82,69.86,69.81,69.64,69.26,68.44,66.76,65.19,64.18,63.44,62.62,61.74,60.88,60.09,59.41,58.75,58.26,58.06,57.89,57.55,57.15,56.52,55.08,53.16,51.32,50.00,49.55,49.23,48.90,48.56,48.22,47.99,47.95,48.02,48.14,48.25,48.38,48.58,48.81,49.04,49.27,49.52,50.05,52.07,57.77,59.97,60.84,61.38,61.87,62.38,62.92,63.48,64.06,64.53,64.92,64.97,64.76,64.60,64.45,64.34,64.34,64.52,64.73,64.90,65.05,65.21,65.38,65.57,65.95,66.46,66.98,67.43,67.84,68.24,68.58,68.75,68.94,69.38,69.91,70.15,70.32,70.48,70.63,70.79,70.92,71.03,71.06,71.03,70.96,70.98,71.02,70.99,70.84,70.74,70.60,70.37,69.90,68.89,67.52,66.06,64.58,63.05,61.58,60.30,59.22,58.33,57.61,56.93,56.24,55.61,55.22,54.96,54.74,54.56,54.51,54.77,54.97,55.11,55.30,55.60,55.71,55.61,55.35,55.07,54.81,54.59,54.36,54.13,53.88,53.63,53.38,53.13,52.88,52.58,52.28,51.97,51.68,51.50,51.35,51.19,51.04,50.90,50.80,50.67,50.53,50.41,50.25,50.10,49.95,49.79,49.64,49.48,49.34,49.20,49.10,49.15,49.27,49.42,49.58,49.73,50.02,50.45,50.98,51.38,51.79
69.48,69.42,69.39,69.33,69.39,69.42,69.43,69.43,69.43,69.43,69.47,69.54,69.65,69.89,69.80,69.50,69.34,69.19,69.19,69.36,69.78,70.75,73.37,76.31,78.75,79.98,80.46,80.63,80.60,80.38,80.16,79.73,79.11,78.32,77.36,77.01,76.99,77.04,76.95,76.88,76.44,75.46,73.93,72.40,70.86,69.15,67.32,65.52,63.67,61.89,60.49,59.80,59.49,59.44,59.45,59.49,59.67,59.82,60.31,61.07,61.87,62.59,63.35,64.16,65.08,66.14,67.21,68.19,69.01,69.68,70.33,70.99,71.59,72.05,72.39,71.88,71.13,70.41,69.61,68.49,67.05,65.50,64.35,64.86,65.78,66.70,67.52,68.14,68.44,68.64,68.83,69.03,69.17,68.97,68.32,67.00,64.69,63.04,62.37,62.43,62.10,61.36,60.54,59.78,59.14,58.56,57.83,57.19,56.87,56.69,56.31,55.86,55.38,54.74,53.65,52.07,50.55,49.73,49.35,48.99,48.65,48.34,48.11,47.91,47.84,47.91,48.13,48.39,48.64,48.87,49.10,49.34,49.62,50.74,53.38,58.02,59.98,60.87,61.45,61.97,62.46,62.98,63.53,64.06,64.50,64.55,64.40,64.19,64.03,63.88,63.73,63.72,63.93,64.10,64.26,64.42,64.59,64.81,65.09,65.44,65.88,66.34,66.75,67.18,67.61,67.95,68.14,68.60,69.22,69.80,70.09,70.26,70.42,70.57,70.71,70.81,70.94,71.07,71.15,71.08,71.02,70.93,70.80,70.65,70.50,70.35,70.18,69.85,68.94,67.63,66.19,64.72,63.25,61.78,60.47,59.44,58.79,58.26,57.66,57.00,56.37,55.99,55.73,55.53,55.36,55.16,55.09,54.82,54.60,54.68,55.17,55.44,55.51,55.42,55.18,54.89,54.68,54.49,54.24,53.95,53.66,53.36,53.06,52.77,52.46,52.15,51.84,51.55,51.37,51.22,51.07,50.93,50.83,50.70,50.55,50.43,50.39,50.26,50.10,49.95,49.79,49.64,49.48,49.36,49.25,49.06,49.08,49.20,49.35,49.51,49.66,49.89,50.28,50.88,51.45,51.98
69.50,69.43,69.38,69.31,69.30,69.30,69.30,69.30,69.30,69.30,69.30,69.32,69.39,69.41,69.34,69.22,69.10,68.95,69.01,69.23,69.59,70.22,72.06,74.49,76.98,78.81,79.92,80.23,80.09,79.74,79.39,78.81,78.10,77.27,76.27,75.61,75.37,75.34,75.27,75.23,75.11,74.74,73.93,72.51,70.98,69.30,67.50,65.77,64.06,62.41,60.95,59.91,59.49,59.34,59.30,59.35,59.57,59.80,60.34,61.11,61.84,62.58,63.34,64.11,64.93,65.96,67.00,67.89,68.57,69.08,69.61,70.18,70.74,71.29,71.90,71.85,71.44,70.82,70.08,69.09,67.67,66.00,64.56,64.10,64.36,64.99,65.74,66.22,66.45,66.64,66.88,67.10,67.27,66.89,65.65,63.43,61.81,60.96,60.75,60.97,60.85,60.30,59.59,58.89,58.28,57.73,56.95,56.20,55.71,55.41,55.00,54.57,54.21,53.89,53.13,52.01,50.80,49.83,49.43,49.06,48.71,48.43,48.23,48.00,47.83,47.79,47.96,48.21,48.46,48.69,48.93,49.20,49.53,50.64,53.16,57.50,59.76,60.81,61.38,61.91,62.42,62.97,63.53,63.99,64.13,64.03,63.85,63.66,63.47,63.31,63.15,63.13,63.32,63.47,63.63,63.78,63.96,64.24,64.57,64.94,65.34,65.76,66.15,66.56,66.99,67.41,67.84,68.45,69.15,69.77,70.03,70.20,70.36,70.50,70.61,70.73,70.87,71.01,71.10,71.09,71.03,70.91,70.75,70.60,70.48,70.34,70.19,69.96,69.44,68.23,66.85,65.44,64.02,62.62,61.31,60.17,59.36,58.89,58.35,57.77,57.23,56.84,56.55,56.32,56.13,55.94,55.75,55.47,55.16,54.90,54.78,54.82,55.04,55.28,55.19,54.98,54.75,54.51,54.23,53.92,53.59,53.26,52.95,52.64,52.33,52.02,51.71,51.42,51.25,51.17,51.13,51.09,51.05,50.95,50.80,50.63,50.55,50.40,50.25,50.08,49.89,49.74,49.58,49.45,49.31,49.09,48.99,49.06,49.25,49.40,49.55,49.76,50.10,50.62,51.19,51.74
69.53,69.46,69.38,69.31,69.24,69.22,69.22,69.20,69.19,69.18,69.14,69.09,69.13,69.14,69.05,68.93,68.84,68.69,68.81,69.07,69.39,69.72,70.73,72.46,74.72,76.98,78.69,79.30,79.22,78.81,78.36,77.68,76.94,76.15,75.21,74.29,73.80,73.64,73.54,73.46,73.50,73.61,73.51,72.42,70.98,69.34,67.60,65.92,64.34,62.77,61.27,60.03,59.54,59.30,59.20,59.23,59.46,59.77,60.34,61.09,61.80,62.56,63.33,64.07,64.83,65.78,66.73,67.50,68.06,68.48,68.94,69.44,69.97,70.54,71.20,71.53,71.49,71.05,70.41,69.63,68.30,66.65,65.19,63.81,63.31,63.45,63.91,64.12,64.22,64.36,64.58,64.81,64.97,64.41,62.80,60.26,59.76,59.69,59.73,59.84,59.81,59.41,58.81,58.13,57.50,56.92,56.14,55.38,54.81,54.41,53.95,53.52,53.17,52.88,52.29,51.61,50.81,49.85,49.47,49.11,48.77,48.51,48.34,48.12,47.90,47.74,47.81,47.97,48.20,48.44,48.70,49.01,49.38,50.27,52.38,56.71,59.45,60.71,61.26,61.80,62.35,62.94,63.49,63.83,63.65,63.48,63.31,63.13,62.90,62.74,62.58,62.54,62.69,62.84,62.99,63.16,63.35,63.67,64.05,64.43,64.82,65.21,65.64,66.10,66.59,67.14,67.78,68.47,69.19,69.80,70.02,70.18,70.32,70.43,70.51,70.66,70.80,70.92,71.01,71.08,71.04,70.92,70.77,70.63,70.54,70.41,70.25,70.12,69.97,69.00,67.73,66.40,65.01,63.69,62.37,61.10,60.05,59.57,59.05,58.54,58.09,57.71,57.39,57.13,56.91,56.74,56.50,56.24,55.86,55.26,54.52,54.21,54.45,54.94,55.01,54.90,54.64,54.32,54.01,53.69,53.33,53.01,52.75,52.49,52.24,51.98,51.71,51.47,51.31,51.30,51.34,51.37,51.34,51.26,51.10,50.90,50.73,50.58,50.42,50.24,50.02,49.85,49.70,49.54,49.36,49.14,48.91,48.93,49.11,49.27,49.44,49.64,49.92,50.32,50.83,51.33
69.53,69.46,69.38,69.31,69.28,69.28,69.25,69.20,69.14,69.08,69.01,68.94,68.90,68.84,68.76,68.68,68.59,68.44,68.56,68.82,69.12,69.39,69.82,70.47,71.61,73.75,75.37,76.63,77.33,77.16,76.73,76.13,75.50,74.87,74.16,73.27,72.49,71.95,71.73,71.68,71.77,71.94,72.08,71.91,70.75,69.20,67.55,65.91,64.30,62.70,61.26,60.25,59.73,59.38,59.15,59.11,59.39,59.75,60.31,61.04,61.80,62.56,63.30,64.02,64.79,65.61,66.35,66.95,67.45,67.95,68.42,68.90,69.40,69.95,70.52,70.92,71.09,70.97,70.57,70.00,68.88,67.41,65.94,64.49,63.36,62.54,62.05,61.95,62.00,62.10,62.25,62.52,62.59,61.88,60.76,59.82,59.46,59.39,59.41,59.43,59.35,58.92,58.30,57.59,56.86,56.14,55.48,55.00,54.75,54.37,53.89,53.26,52.56,51.94,51.41,50.89,50.33,49.75,49.41,49.08,48.81,48.62,48.41,48.23,48.02,47.83,47.74,47.72,47.92,48.20,48.51,48.87,49.25,49.77,51.35,55.79,59.09,60.62,61.20,61.75,62.34,62.91,63.31,63.41,63.20,62.99,62.77,62.56,62.33,62.17,62.01,61.95,62.06,62.21,62.36,62.55,62.79,63.16,63.54,63.93,64.31,64.73,65.32,66.11,66.93,67.64,68.18,68.84,69.48,69.99,70.20,70.32,70.38,70.41,70.45,70.59,70.70,70.81,70.95,71.08,71.08,70.98,70.85,70.75,70.62,70.46,70.34,70.23,70.09,69.75,68.86,67.53,66.15,64.82,63.48,62.16,61.04,60.42,59.83,59.32,58.92,58.54,58.22,57.95,57.72,57.50,57.16,56.58,55.91,55.26,54.63,53.98,53.85,54.14,54.26,54.25,53.97,53.58,53.26,52.90,52.56,52.35,52.29,52.27,52.26,52.21,52.14,52.07,52.03,51.94,51.84,51.73,51.56,51.42,51.26,51.08,50.87,50.71,50.55,50.37,50.15,49.93,49.76,49.58,49.37,49.19,48.98,48.88,48.93,49.15,49.36,49.54,49.75,50.05,50.46,50.84
69.52,69.47,69.43,69.38,69.38,69.38,69.36,69.30,69.20,69.12,69.01,68.88,68.74,68.62,68.52,68.42,68.34,68.22,68.30,68.52,68.78,69.02,69.23,69.47,70.00,71.33,72.39,73.65,74.77,75.24,75.04,74.50,73.99,73.59,73.10,72.28,71.41,70.71,70.41,70.34,70.44,70.60,70.77,70.87,70.09,68.77,67.17,65.55,63.93,62.44,61.23,60.43,59.90,59.48,59.18,59.06,59.27,59.65,60.19,60.86,61.63,62.41,63.15,63.89,64.63,65.24,65.82,66.34,66.83,67.36,67.84,68.32,68.83,69.36,69.88,70.32,70.61,70.68,70.49,70.02,69.06,67.78,66.46,65.14,63.85,62.64,61.63,61.03,60.77,60.69,60.76,60.92,60.92,60.40,59.78,59.53,59.25,59.11,59.06,59.04,58.89,58.47,57.87,57.17,56.49,56.05,55.73,55.56,55.49,55.16,54.68,53.98,53.10,52.21,51.37,50.66,50.08,49.67,49.41,49.16,48.94,48.75,48.55,48.36,48.15,47.94,47.78,47.62,47.69,47.94,48.32,48.73,49.13,49.53,50.84,55.05,58.75,60.50,61.10,61.67,62.26,62.79,63.07,63.01,62.77,62.53,62.28,62.03,61.80,61.61,61.44,61.36,61.42,61.57,61.73,61.95,62.26,62.65,63.03,63.53,64.12,64.77,65.57,66.52,67.48,68.30,68.77,69.32,69.79,70.13,70.33,70.47,70.52,70.52,70.53,70.62,70.67,70.76,70.89,71.00,71.08,71.05,70.94,70.83,70.69,70.55,70.43,70.32,70.20,70.09,69.58,68.60,67.24,65.90,64.52,63.21,62.12,61.45,60.86,60.32,59.85,59.41,59.02,58.72,58.46,58.16,57.66,56.83,55.94,55.16,54.52,53.91,53.68,53.79,53.90,53.89,53.60,53.26,53.10,52.91,52.76,52.68,52.67,52.70,52.67,52.62,52.56,52.50,52.43,52.29,52.12,51.95,51.75,51.57,51.40,51.23,51.04,50.88,50.70,50.51,50.30,50.05,49.84,49.65,49.45,49.22,49.00,48.82,48.79,49.02,49.25,49.43,49.61,49.85,50.11,50.34
69.52,69.52,69.51,69.50,69.50,69.50,69.51,69.48,69.34,69.25,69.10,68.88,68.66,68.50,68.35,68.22,68.13,68.03,68.04,68.18,68.41,68.63,68.81,69.05,69.33,69.63,69.99,70.84,72.02,73.14,73.26,72.84,72.47,72.29,72.00,71.31,70.51,69.83,69.50,69.38,69.40,69.48,69.53,69.54,69.17,68.15,66.61,64.99,63.39,62.14,61.22,60.60,60.05,59.61,59.26,59.03,59.12,59.49,60.00,60.62,61.38,62.15,62.91,63.65,64.31,64.68,65.19,65.69,66.17,66.71,67.19,67.70,68.23,68.77,69.25,69.72,70.07,70.23,70.19,69.78,68.94,67.85,66.75,65.66,64.49,63.28,62.09,60.96,60.29,59.97,59.90,59.89,59.82,59.65,59.45,59.28,59.07,58.86,58.73,58.66,58.43,58.08,57.55,56.94,56.45,56.46,56.57,56.67,56.68,56.41,55.98,55.30,54.34,53.23,51.94,50.84,50.06,49.65,49.46,49.29,49.10,48.89,48.72,48.51,48.28,48.06,47.89,47.63,47.53,47.68,48.13,48.59,49.00,49.43,50.65,54.41,58.40,60.34,60.98,61.58,62.13,62.61,62.80,62.63,62.35,62.10,61.82,61.53,61.30,61.07,60.88,60.77,60.79,60.93,61.10,61.38,61.77,62.16,62.59,63.30,64.20,65.20,66.19,67.19,68.17,69.04,69.42,69.81,70.08,70.25,70.41,70.62,70.70,70.71,70.71,70.72,70.73,70.77,70.85,70.93,71.05,71.09,71.04,70.90,70.75,70.65,70.54,70.40,70.31,70.19,70.04,69.58,68.24,66.87,65.48,64.22,63.23,62.56,62.00,61.42,60.83,60.30,59.81,59.44,59.12,58.76,58.10,57.13,56.10,55.16,54.46,54.12,54.02,54.04,54.04,53.95,53.65,53.39,53.41,53.43,53.50,53.51,53.45,53.42,53.25,53.08,52.93,52.79,52.64,52.45,52.25,52.09,51.92,51.72,51.53,51.38,51.21,51.05,50.85,50.65,50.46,50.18,49.93,49.72,49.53,49.25,49.00,48.77,48.68,48.89,49.12,49.30,49.48,49.69,49.79,49.89
69.63,69.63,69.63,69.63,69.58,69.60,69.63,69.61,69.52,69.40,69.22,68.99,68.76,68.59,68.44,68.30,68.15,67.94,67.78,67.80,68.02,68.20,68.41,68.61,68.81,68.97,69.21,69.66,70.27,70.91,71.16,71.13,71.05,70.96,70.72,70.32,69.85,69.42,69.14,68.91,68.58,68.34,68.29,68.33,68.21,67.46,66.09,64.49,63.05,62.07,61.40,60.84,60.24,59.77,59.34,59.01,59.00,59.33,59.81,60.41,61.13,61.90,62.60,63.17,63.56,63.89,64.42,64.94,65.43,65.97,66.48,66.98,67.49,68.04,68.60,69.09,69.44,69.62,69.56,69.32,68.64,67.65,66.63,65.64,64.63,63.57,62.50,61.47,60.58,60.02,59.77,59.62,59.48,59.34,59.20,59.10,59.02,58.83,58.61,58.39,58.11,57.83,57.54,57.30,57.23,57.34,57.53,57.73,57.83,57.61,57.23,56.61,55.66,54.34,52.95,51.63,50.50,49.80,49.57,49.42,49.23,49.01,48.85,48.64,48.40,48.18,47.97,47.77,47.52,47.52,47.95,48.41,48.85,49.32,50.45,53.72,57.86,60.04,60.78,61.35,61.89,62.30,62.44,62.26,62.01,61.73,61.43,61.13,60.86,60.61,60.36,60.17,60.11,60.24,60.51,60.88,61.32,61.79,62.52,63.56,64.77,65.97,67.08,68.04,68.95,69.70,69.88,70.09,70.25,70.37,70.53,70.70,70.83,70.90,70.90,70.90,70.94,70.98,71.01,71.03,71.08,71.10,71.07,70.97,70.86,70.78,70.67,70.52,70.39,70.36,70.50,70.33,68.89,67.53,66.19,65.01,64.18,63.54,62.93,62.34,61.72,61.13,60.56,60.08,59.69,59.31,58.81,57.89,56.82,55.90,55.50,55.40,55.67,55.96,55.50,55.19,54.77,54.39,54.22,54.09,53.98,53.87,53.75,53.64,53.47,53.28,53.09,52.93,52.78,52.60,52.41,52.22,52.06,51.88,51.72,51.55,51.34,51.14,50.95,50.76,50.55,50.30,50.02,49.77,49.56,49.30,49.02,48.77,48.63,48.78,49.00,49.18,49.34,49.50,49.59,49.66
69.76,69.76,69.75,69.73,69.68,69.70,69.74,69.75,69.67,69.54,69.36,69.15,68.94,68.76,68.60,68.44,68.27,67.98,67.71,67.58,67.64,67.75,67.95,68.15,68.30,68.46,68.68,68.91,69.16,69.45,69.71,69.86,69.90,69.85,69.67,69.52,69.35,69.15,68.93,68.63,68.17,67.73,67.44,67.29,67.18,66.65,65.57,64.06,62.91,62.16,61.59,61.02,60.41,59.89,59.40,58.98,58.84,59.14,59.61,60.17,60.85,61.55,62.11,62.51,62.76,63.09,63.64,64.19,64.66,65.21,65.75,66.27,66.80,67.38,67.94,68.39,68.72,68.89,68.85,68.73,68.25,67.43,66.44,65.50,64.56,63.59,62.62,61.67,60.82,60.22,59.86,59.62,59.47,59.34,59.23,59.18,59.15,58.98,58.72,58.43,58.15,57.91,57.80,57.84,58.00,58.24,58.47,58.72,58.97,59.05,58.63,57.90,56.88,55.40,53.92,52.42,51.06,50.14,49.74,49.55,49.36,49.16,48.98,48.76,48.54,48.33,48.10,47.89,47.57,47.43,47.74,48.21,48.71,49.25,50.34,53.30,57.29,59.65,60.64,61.15,61.67,61.99,62.05,61.86,61.63,61.35,61.07,60.78,60.47,60.16,59.83,59.54,59.43,59.64,60.03,60.48,60.98,61.66,62.70,63.96,65.32,66.64,67.86,68.94,69.77,70.21,70.23,70.33,70.44,70.55,70.68,70.84,70.98,71.05,71.03,71.01,71.04,71.07,71.07,71.07,71.05,71.06,71.06,71.03,70.97,70.89,70.78,70.65,70.52,70.57,70.71,70.52,69.26,68.03,66.81,65.75,65.00,64.37,63.75,63.13,62.51,61.90,61.28,60.75,60.30,59.90,59.49,58.68,57.85,57.34,57.38,57.42,57.61,57.65,56.83,56.23,55.60,55.04,54.73,54.51,54.30,54.12,53.96,53.78,53.62,53.44,53.23,53.06,52.91,52.72,52.50,52.28,52.10,51.94,51.78,51.59,51.36,51.14,50.96,50.76,50.53,50.32,50.04,49.77,49.53,49.30,49.02,48.75,48.59,48.69,48.88,49.05,49.20,49.32,49.39,49.47
70.13,70.11,70.04,69.94,69.88,69.88,69.93,69.98,69.87,69.69,69.51,69.35,69.19,68.98,68.80,68.64,68.46,68.17,67.87,67.56,67.31,67.29,67.45,67.63,67.79,67.96,68.17,68.41,68.63,68.86,69.03,69.08,69.06,68.99,68.91,68.93,68.97,68.94,68.77,68.49,68.17,67.72,67.10,66.50,66.14,65.75,65.04,63.74,62.99,62.37,61.76,61.15,60.53,59.98,59.44,58.94,58.63,58.93,59.39,59.90,60.51,61.06,61.43,61.68,61.94,62.32,62.88,63.43,63.91,64.45,65.00,65.58,66.21,66.84,67.27,67.62,67.90,68.08,68.08,68.01,67.76,67.23,66.25,65.31,64.34,63.36,62.42,61.47,60.90,60.48,60.12,59.83,59.71,59.64,59.62,59.63,59.58,59.34,59.06,58.82,58.58,58.35,58.33,58.46,58.66,59.04,59.35,59.67,60.12,60.78,60.23,59.18,57.92,56.38,54.73,53.13,51.72,50.72,50.03,49.70,49.52,49.34,49.12,48.89,48.70,48.52,48.27,47.98,47.63,47.41,47.53,48.02,48.61,49.21,50.33,53.21,56.72,59.20,60.55,61.02,61.49,61.69,61.65,61.42,61.19,60.95,60.71,60.45,60.12,59.70,59.25,58.90,58.79,59.17,59.67,60.17,60.77,61.81,63.10,64.43,65.77,67.14,68.44,69.80,70.59,70.56,70.49,70.54,70.66,70.79,70.88,71.02,71.12,71.14,71.08,71.00,70.99,71.00,71.00,70.99,70.94,70.96,71.03,71.07,71.08,70.97,70.86,70.78,70.69,70.78,70.62,70.14,69.40,68.42,67.39,66.44,65.69,65.06,64.44,63.83,63.21,62.59,61.97,61.45,60.98,60.53,60.09,59.46,59.15,59.42,59.90,59.93,59.51,58.71,57.70,56.80,55.90,55.16,54.81,54.63,54.46,54.30,54.13,53.91,53.75,53.59,53.41,53.20,53.03,52.78,52.51,52.27,52.05,51.88,51.68,51.46,51.23,51.06,50.86,50.63,50.41,50.24,49.97,49.70,49.47,49.23,48.99,48.72,48.53,48.61,48.76,48.92,49.05,49.13,49.20,49.28
73.20,72.87,72.25,71.72,71.09,71.04,71.33,71.48,70.73,70.05,69.68,69.60,69.49,69.27,69.06,68.88,68.70,68.41,68.11,67.76,67.40,67.14,67.03,67.07,67.24,67.44,67.67,67.87,68.04,68.18,68.30,68.29,68.25,68.23,68.24,68.31,68.36,68.37,68.34,68.26,68.04,67.69,67.17,66.45,65.88,65.34,64.67,63.71,63.07,62.46,61.84,61.22,60.61,59.98,59.39,58.87,58.44,58.70,59.12,59.55,59.98,60.36,60.63,60.84,61.08,61.54,62.13,62.69,63.20,63.75,64.36,65.02,65.64,66.18,66.58,66.88,67.09,67.23,67.31,67.26,67.15,66.83,66.02,65.08,64.11,63.16,62.29,61.62,61.17,60.80,60.47,60.18,60.03,60.23,60.61,60.93,61.05,60.19,59.44,59.20,58.97,58.81,58.86,59.06,59.27,59.59,60.15,60.84,61.59,62.35,61.85,60.46,58.64,57.03,55.35,53.94,52.82,51.92,51.09,50.21,49.64,49.47,49.25,49.05,48.88,48.69,48.36,48.02,47.67,47.41,47.40,47.97,48.59,49.20,50.33,53.17,56.42,58.91,60.37,60.79,61.25,61.40,61.32,61.08,60.81,60.56,60.34,60.06,59.65,59.16,58.69,58.36,58.36,58.81,59.34,59.97,60.82,62.07,63.43,64.78,66.10,67.44,68.76,70.06,70.84,70.89,70.72,70.73,70.85,70.99,71.06,71.09,71.06,71.02,70.97,70.86,70.83,70.83,70.83,70.83,70.80,70.83,70.91,70.99,71.08,71.05,70.98,70.89,70.73,70.69,70.50,70.16,69.72,68.95,68.03,67.13,66.34,65.70,65.12,64.53,63.91,63.29,62.67,62.14,61.68,61.23,60.88,60.66,60.74,61.03,60.72,60.24,59.56,58.70,57.74,56.78,55.98,55.39,55.03,54.77,54.60,54.42,54.22,54.04,53.88,53.72,53.55,53.32,53.11,52.84,52.54,52.27,51.99,51.78,51.57,51.34,51.11,50.94,50.74,50.51,50.29,50.13,49.89,49.64,49.41,49.17,48.91,48.64,48.44,48.45,48.58,48.74,48.86,48.94,49.02,49.13
77.07,76.31,74.92,73.58,72.83,73.03,73.64,73.91,72.91,71.83,71.13,70.78,70.30,69.73,69.36,69.16,68.99,68.71,68.40,68.05,67.64,67.16,66.80,66.67,66.74,66.90,67.11,67.27,67.39,67.47,67.53,67.50,67.47,67.50,67.58,67.66,67.69,67.73,67.80,67.88,67.78,67.58,67.25,66.58,65.89,65.19,64.50,63.81,63.17,62.53,61.91,61.28,60.64,59.96,59.36,58.83,58.34,58.47,58.82,59.17,59.45,59.67,59.90,60.09,60.29,60.76,61.36,61.96,62.53,63.11,63.79,64.45,65.04,65.49,65.87,66.14,66.29,66.38,66.53,66.51,66.48,66.33,65.77,64.85,63.91,63.04,62.31,61.89,61.51,61.17,60.88,60.61,60.47,60.96,61.75,62.37,62.52,61.20,60.02,59.63,59.38,59.28,59.39,59.64,59.95,60.24,60.96,61.91,62.83,63.25,62.74,61.22,59.14,57.53,55.94,54.91,54.24,53.55,52.59,51.15,50.05,49.64,49.41,49.23,49.05,48.83,48.47,48.07,47.72,47.41,47.30,47.90,48.54,49.18,50.28,53.00,56.05,58.59,60.20,60.58,61.01,61.10,60.98,60.74,60.45,60.18,59.91,59.59,59.12,58.60,58.12,57.85,57.97,58.48,59.05,59.78,60.77,62.15,63.55,64.91,66.24,67.58,68.91,70.07,70.83,71.05,70.90,70.92,71.01,71.09,71.13,71.07,70.94,70.84,70.81,70.69,70.65,70.64,70.64,70.64,70.65,70.71,70.79,70.89,71.04,71.10,71.08,70.97,70.78,70.60,70.44,70.27,70.01,69.48,68.69,67.81,66.98,66.36,65.79,65.20,64.59,63.99,63.37,62.83,62.38,62.02,61.87,61.97,62.09,61.91,60.83,59.97,59.18,58.39,57.56,56.69,56.08,55.64,55.26,54.92,54.72,54.53,54.32,54.16,54.00,53.84,53.66,53.44,53.20,52.90,52.59,52.28,51.98,51.72,51.47,51.23,51.00,50.82,50.61,50.38,50.16,50.00,49.79,49.55,49.32,49.09,48.80,48.56,48.38,48.31,48.42,48.56,48.67,48.75,48.83,48.97
81.28,79.97,77.58,74.78,75.17,76.33,77.31,77.75,77.67,76.69,75.41,74.02,72.23,70.51,69.68,69.49,69.37,69.09,68.78,68.41,67.94,67.43,66.97,66.61,66.37,66.30,66.43,66.54,66.63,66.70,66.72,66.71,66.73,66.80,66.88,66.95,67.03,67.09,67.17,67.25,67.29,67.28,67.16,66.72,66.08,65.39,64.69,64.00,63.31,62.63,61.97,61.33,60.60,59.94,59.38,58.89,58.38,58.28,58.47,58.77,59.01,59.18,59.35,59.51,59.69,59.98,60.58,61.25,61.92,62.59,63.28,63.85,64.34,64.79,65.12,65.38,65.51,65.56,65.76,65.79,65.75,65.67,65.48,64.64,63.76,63.07,62.66,62.27,61.89,61.57,61.34,61.18,61.19,61.84,62.86,63.66,63.40,62.29,61.07,60.16,59.84,59.77,59.89,60.21,60.76,61.25,61.83,62.63,63.38,62.75,61.94,60.79,59.34,57.86,56.57,56.16,56.16,55.82,54.69,52.85,51.07,49.89,49.66,49.45,49.19,48.91,48.64,48.21,47.81,47.42,47.18,47.72,48.39,49.07,50.13,52.48,55.35,58.17,60.12,60.44,60.78,60.77,60.60,60.37,60.12,59.78,59.39,58.95,58.48,58.01,57.59,57.38,57.59,58.16,58.81,59.51,60.39,61.77,63.21,64.62,66.02,67.45,68.83,69.87,70.52,70.81,71.01,71.11,71.09,71.00,70.95,70.88,70.75,70.63,70.57,70.54,70.48,70.45,70.45,70.45,70.51,70.58,70.68,70.82,70.98,71.11,71.13,70.99,70.88,70.68,70.50,70.34,70.17,69.94,69.33,68.48,67.63,67.04,66.45,65.84,65.23,64.67,64.07,63.50,63.09,62.99,63.16,63.25,62.73,61.42,60.21,59.53,58.84,58.04,57.33,56.81,56.33,55.90,55.50,55.07,54.85,54.66,54.44,54.29,54.13,53.94,53.73,53.55,53.27,52.97,52.66,52.35,52.04,51.74,51.45,51.16,50.93,50.71,50.49,50.25,50.04,49.87,49.66,49.43,49.20,48.96,48.72,48.52,48.36,48.25,48.31,48.40,48.48,48.56,48.64,48.77
82.52,80.69,78.75,77.35,78.02,79.02,79.79,80.17,80.31,79.61,78.51,76.96,74.45,72.24,71.01,70.45,70.05,69.56,69.13,68.68,68.17,67.64,67.13,66.71,66.39,66.22,66.14,66.05,65.97,65.95,65.98,66.02,66.07,66.15,66.23,66.30,66.38,66.46,66.53,66.58,66.64,66.70,66.70,66.53,66.12,65.55,64.88,64.19,63.52,62.84,62.17,61.53,60.77,60.06,59.50,59.05,58.56,58.26,58.21,58.33,58.52,58.68,58.84,58.99,59.17,59.47,60.02,60.71,61.42,62.08,62.71,63.23,63.67,64.05,64.33,64.57,64.73,64.83,65.00,65.04,65.02,64.98,64.89,64.45,63.86,63.34,63.00,62.64,62.33,62.05,61.84,61.73,62.01,62.80,63.69,64.07,63.39,62.26,61.21,60.53,60.31,60.24,60.37,60.74,61.36,61.97,62.56,63.18,63.59,62.78,61.97,61.05,59.94,58.69,57.78,57.72,58.03,57.96,56.96,55.20,53.30,51.63,50.53,49.85,49.39,49.05,48.70,48.28,47.86,47.42,47.12,47.56,48.21,48.94,49.98,52.01,54.63,57.32,59.39,60.16,60.49,60.45,60.25,59.97,59.63,59.23,58.78,58.31,57.86,57.42,57.00,56.86,57.25,57.91,58.60,59.30,60.13,61.41,62.84,64.27,65.68,67.13,68.50,69.62,70.39,70.78,71.08,71.06,70.95,70.84,70.76,70.65,70.53,70.43,70.36,70.32,70.28,70.26,70.27,70.31,70.38,70.47,70.60,70.75,70.87,70.99,71.06,71.03,70.95,70.78,70.61,70.46,70.30,70.15,69.78,69.15,68.30,67.70,67.09,66.48,65.91,65.33,64.72,64.27,64.06,64.11,64.04,63.48,62.35,60.81,59.80,59.20,58.65,58.05,57.49,57.07,56.63,56.19,55.76,55.34,55.01,54.75,54.57,54.41,54.23,54.03,53.84,53.63,53.34,53.03,52.72,52.41,52.10,51.79,51.48,51.19,50.92,50.65,50.41,50.17,49.95,49.75,49.53,49.32,49.13,48.96,48.78,48.60,48.45,48.31,48.27,48.26,48.29,48.38,48.48,48.60
82.77,80.69,79.66,80.13,80.75,81.29,81.72,81.97,81.96,81.47,80.68,79.32,76.58,74.29,72.73,71.67,70.81,70.03,69.42,68.89,68.34,67.80,67.30,66.93,66.65,66.42,66.15,65.85,65.58,65.43,65.39,65.41,65.46,65.53,65.61,65.69,65.76,65.83,65.91,65.92,65.98,66.06,66.13,66.19,66.03,65.65,65.07,64.42,63.79,63.12,62.45,61.81,61.05,60.29,59.68,59.25,58.80,58.35,58.07,57.97,58.06,58.18,58.33,58.48,58.68,59.07,59.59,60.24,60.94,61.55,62.09,62.58,62.98,63.28,63.53,63.76,63.96,64.11,64.27,64.29,64.28,64.27,64.24,64.25,64.05,63.71,63.34,63.03,62.79,62.56,62.35,62.29,62.85,63.61,64.17,64.04,63.03,61.91,61.15,60.88,60.79,60.71,60.85,61.25,61.88,62.56,63.15,63.58,63.64,62.93,62.21,61.43,60.56,59.66,59.17,59.33,59.78,59.96,59.25,57.71,55.82,53.80,51.71,50.39,49.64,49.20,48.74,48.34,47.90,47.44,47.11,47.40,48.01,48.78,49.77,51.41,53.74,56.13,58.20,59.52,60.00,60.04,59.84,59.50,59.07,58.62,58.16,57.70,57.24,56.83,56.40,56.34,56.93,57.68,58.40,59.10,59.90,61.05,62.45,63.87,65.28,66.72,68.06,69.31,70.28,70.80,71.11,70.93,70.74,70.65,70.56,70.42,70.32,70.22,70.07,69.95,69.93,69.96,70.05,70.16,70.25,70.37,70.52,70.66,70.76,70.84,70.96,71.07,71.03,70.89,70.74,70.58,70.43,70.26,70.09,69.71,68.97,68.34,67.73,67.14,66.57,65.96,65.39,65.13,65.11,65.11,64.59,63.33,61.78,60.36,59.59,59.04,58.61,58.25,57.78,57.39,56.95,56.48,56.03,55.63,55.19,54.86,54.70,54.54,54.32,54.13,53.95,53.70,53.40,53.09,52.78,52.47,52.15,51.85,51.55,51.24,50.93,50.63,50.37,50.13,49.89,49.66,49.45,49.27,49.13,49.03,48.89,48.73,48.58,48.42,48.26,48.15,48.12,48.20,48.34,48.43
83.39,82.02,81.62,81.80,82.34,82.86,83.25,83.37,82.89,82.01,81.05,79.91,78.05,76.19,74.50,72.95,71.53,70.29,69.56,69.00,68.41,67.88,67.61,67.41,67.20,66.97,66.77,66.43,66.04,65.70,65.22,64.99,64.93,64.96,65.03,65.11,65.19,65.27,65.34,65.40,65.47,65.55,65.63,65.69,65.66,65.55,65.30,64.76,64.16,63.49,62.83,62.19,61.42,60.66,59.98,59.46,59.05,58.64,58.28,57.98,57.76,57.72,57.82,57.97,58.19,58.67,59.25,59.82,60.37,60.92,61.42,61.85,62.23,62.53,62.77,63.00,63.22,63.41,63.56,63.55,63.52,63.56,63.73,63.99,64.16,64.09,63.72,63.46,63.27,63.07,62.90,62.97,63.60,63.80,63.73,63.62,62.64,61.95,61.53,61.32,61.29,61.17,61.35,61.83,62.45,63.08,63.48,63.67,63.59,62.88,62.13,61.38,60.75,60.48,60.47,60.71,61.16,61.62,61.35,59.91,57.86,55.51,53.10,51.18,49.98,49.33,48.86,48.42,47.96,47.50,47.13,47.20,47.80,48.55,49.32,50.32,52.26,54.29,56.17,57.81,58.81,59.23,59.18,58.78,58.42,58.02,57.58,57.12,56.66,56.22,55.83,55.88,56.60,57.37,58.12,58.88,59.68,60.69,62.03,63.43,64.83,66.22,67.55,68.89,69.99,70.68,71.04,70.82,70.58,70.45,70.32,70.21,70.13,69.91,69.45,69.09,69.05,69.27,69.66,70.00,70.12,70.25,70.39,70.48,70.62,70.75,70.89,71.03,71.12,71.02,70.86,70.71,70.55,70.35,70.18,69.95,69.57,68.98,68.36,67.75,67.15,66.55,66.21,66.15,66.07,65.49,64.46,63.19,61.82,60.55,59.83,59.34,58.95,58.55,58.10,57.70,57.27,56.80,56.34,55.90,55.44,55.07,54.82,54.66,54.44,54.26,54.07,53.77,53.47,53.16,52.83,52.47,52.16,51.89,51.61,51.30,51.00,50.69,50.42,50.17,49.89,49.66,49.51,49.40,49.30,49.16,49.01,48.86,48.70,48.54,48.34,48.14,48.04,48.07,48.16,48.24
84.79,83.95,83.69,83.66,83.98,84.40,84.55,84.10,83.03,81.88,80.78,79.62,78.08,76.38,74.58,72.77,71.18,70.08,69.44,68.93,68.44,68.12,68.06,67.98,67.82,67.61,67.38,67.01,66.54,65.98,65.25,64.90,64.72,64.62,64.56,64.56,64.61,64.69,64.77,64.85,64.92,65.00,65.08,65.16,65.17,65.17,65.10,64.83,64.44,63.86,63.20,62.54,61.83,61.07,60.36,59.76,59.34,58.97,58.59,58.22,57.88,57.67,57.54,57.53,57.72,58.15,58.71,59.24,59.72,60.26,60.73,61.13,61.46,61.73,61.97,62.20,62.46,62.71,62.83,62.82,62.84,62.99,63.29,63.66,64.01,64.16,64.01,63.91,63.77,63.58,63.42,63.52,63.59,63.72,63.72,63.33,62.59,62.17,61.94,61.79,61.72,61.61,61.84,62.36,62.96,63.48,63.65,63.66,63.53,62.82,62.05,61.41,61.05,61.17,61.40,61.75,62.22,62.68,62.21,60.79,58.81,56.45,54.02,51.90,50.39,49.45,48.95,48.46,47.97,47.50,47.12,47.00,47.52,48.21,48.87,49.55,50.88,52.49,54.23,55.98,57.20,57.97,58.26,58.05,57.71,57.36,56.96,56.52,56.05,55.59,55.30,55.47,56.24,57.04,57.83,58.59,59.39,60.30,61.59,62.97,64.33,65.68,66.95,68.20,69.31,70.19,70.78,70.71,70.46,70.20,69.98,69.72,69.44,69.04,68.45,67.98,68.04,68.43,68.98,69.46,69.77,70.02,70.22,70.34,70.48,70.64,70.79,70.95,71.09,71.09,70.97,70.80,70.64,70.44,70.27,70.12,69.92,69.49,68.92,68.33,67.78,67.33,67.18,67.00,66.54,65.58,64.34,63.07,61.86,60.84,60.20,59.73,59.30,58.88,58.42,57.99,57.57,57.12,56.66,56.20,55.73,55.31,54.98,54.76,54.56,54.37,54.15,53.84,53.53,53.20,52.85,52.50,52.19,51.92,51.67,51.44,51.27,51.10,50.89,50.61,50.24,49.84,49.67,49.56,49.45,49.29,49.14,48.97,48.80,48.63,48.41,48.17,48.02,47.98,48.02,48.09
86.78,86.27,85.80,85.72,85.71,85.87,85.58,84.27,82.62,81.31,80.08,78.73,77.07,75.33,73.48,71.67,70.21,69.61,69.22,68.83,68.53,68.53,68.64,68.62,68.47,68.28,67.94,67.53,66.99,66.23,65.41,65.03,64.77,64.48,64.22,64.11,64.10,64.15,64.21,64.28,64.36,64.44,64.52,64.58,64.60,64.60,64.61,64.63,64.54,64.13,63.53,62.88,62.24,61.51,60.77,60.14,59.68,59.34,58.98,58.61,58.29,57.94,57.47,57.17,57.22,57.53,58.01,58.51,59.00,59.51,59.98,60.36,60.66,60.91,61.15,61.39,61.69,62.00,62.09,62.12,62.26,62.53,62.91,63.29,63.66,63.96,64.13,64.26,64.19,64.01,63.86,63.81,63.12,63.53,64.02,63.23,62.81,62.54,62.37,62.27,62.13,62.03,62.30,62.86,63.43,63.72,63.71,63.63,63.47,62.76,62.01,61.56,61.51,61.78,62.09,62.51,63.00,63.21,62.14,60.70,58.89,56.68,54.36,52.33,50.69,49.52,48.99,48.46,47.94,47.46,47.09,46.82,47.19,47.80,48.41,49.03,49.68,50.84,52.44,54.16,55.33,56.37,57.08,57.26,56.96,56.64,56.28,55.87,55.42,54.95,54.80,55.10,55.88,56.71,57.50,58.28,59.06,59.88,61.14,62.47,63.77,65.06,66.23,67.28,68.31,69.33,70.25,70.42,70.18,69.77,69.45,68.92,68.35,67.76,67.18,66.74,66.97,67.50,68.09,68.64,69.20,69.67,70.00,70.19,70.36,70.51,70.66,70.82,70.98,71.12,71.06,70.87,70.71,70.56,70.40,70.24,70.09,69.92,69.44,68.91,68.49,68.23,68.16,67.59,66.62,65.48,64.26,63.00,61.93,61.18,60.66,60.15,59.65,59.19,58.72,58.27,57.85,57.43,56.97,56.51,56.05,55.59,55.17,54.86,54.67,54.47,54.21,53.90,53.59,53.24,52.88,52.58,52.31,52.03,51.82,51.72,51.77,51.80,51.66,51.34,50.86,50.24,49.93,49.74,49.57,49.42,49.26,49.06,48.86,48.69,48.47,48.24,48.04,47.91,47.91,47.96
89.02,88.58,88.04,87.84,87.53,86.86,85.71,84.00,82.28,80.76,79.23,77.59,75.94,74.27,72.80,71.46,70.22,69.75,69.52,69.33,69.18,69.19,69.28,69.28,69.14,68.87,68.50,67.93,67.22,66.43,65.59,65.17,64.88,64.57,64.27,64.07,63.90,63.77,63.71,63.77,63.85,63.92,64.00,64.02,64.03,64.06,64.10,64.12,64.10,63.95,63.66,63.23,62.63,61.89,61.18,60.58,60.11,59.77,59.42,59.04,58.68,58.30,57.66,57.00,56.58,56.74,57.14,57.62,58.10,58.51,58.95,59.38,59.75,60.03,60.36,60.65,60.98,61.29,61.35,61.55,61.85,62.19,62.58,62.96,63.28,63.55,63.77,63.97,64.05,64.03,63.79,63.16,63.17,63.71,64.02,63.50,63.21,62.97,62.81,62.71,62.52,62.45,62.77,63.36,63.81,63.48,63.61,63.74,63.37,62.69,62.15,61.99,62.16,62.47,62.78,63.14,63.33,62.95,61.86,60.43,58.43,55.86,53.49,51.44,50.11,49.38,48.89,48.40,47.91,47.47,47.14,46.84,46.90,47.30,47.91,48.48,49.02,49.79,50.90,52.41,53.59,54.64,55.57,56.20,56.14,55.88,55.53,55.15,54.77,54.32,54.33,54.77,55.55,56.35,57.16,57.96,58.74,59.59,60.63,61.81,63.02,64.20,65.19,66.08,66.97,67.91,68.83,69.10,68.86,68.42,68.12,67.55,66.97,66.40,65.89,65.64,65.98,66.55,67.16,67.75,68.32,68.90,69.48,70.02,70.23,70.38,70.54,70.70,70.90,71.06,71.06,70.93,70.77,70.67,70.53,70.37,70.26,70.32,70.06,69.69,69.35,69.08,68.46,67.55,66.48,65.35,64.14,63.12,62.28,61.59,61.02,60.51,60.01,59.51,59.05,58.58,58.13,57.71,57.28,56.83,56.36,55.90,55.45,55.05,54.81,54.56,54.28,53.97,53.66,53.29,52.96,52.75,52.76,52.68,52.62,52.63,52.70,52.69,52.45,52.05,51.62,51.08,50.50,50.02,49.71,49.54,49.35,49.13,48.91,48.70,48.52,48.30,48.08,47.90,47.80,47.84
90.83,90.38,89.80,89.41,88.77,87.44,85.67,83.77,82.00,80.33,78.72,77.21,75.92,74.73,73.71,72.74,71.68,71.19,70.88,70.58,70.34,70.32,70.35,70.28,70.03,69.50,68.97,68.23,67.40,66.60,65.76,65.32,65.01,64.70,64.42,64.16,63.87,63.60,63.42,63.39,63.38,63.39,63.46,63.48,63.48,63.52,63.56,63.56,63.56,63.56,63.50,63.29,62.88,62.26,61.58,60.97,60.53,60.19,59.85,59.48,59.08,58.62,57.89,57.01,56.22,56.02,56.23,56.62,57.06,57.41,57.85,58.30,58.70,59.02,59.39,59.77,60.18,60.56,60.73,61.08,61.46,61.85,62.23,62.58,62.85,63.08,63.31,63.54,63.73,63.71,63.36,62.70,63.35,63.95,64.12,63.86,63.62,63.42,63.27,63.14,62.91,62.91,63.29,63.79,63.86,63.25,63.58,63.87,63.31,62.71,62.47,62.55,62.86,63.15,63.30,63.48,63.39,62.64,61.58,60.05,57.80,54.91,52.38,50.57,49.62,49.20,48.76,48.32,47.90,47.53,47.23,46.92,46.75,46.91,47.40,47.94,48.48,49.02,49.76,50.94,52.05,53.12,54.21,55.14,55.35,55.13,54.78,54.42,54.09,53.68,53.79,54.32,55.07,55.82,56.61,57.39,58.17,59.02,59.97,61.03,62.13,63.15,63.97,64.75,65.52,66.30,67.02,67.26,67.06,66.65,66.45,66.00,65.46,64.92,64.50,64.53,64.97,65.55,66.17,66.78,67.39,68.08,68.89,69.74,70.09,70.29,70.45,70.63,70.83,71.00,71.06,71.02,70.87,70.76,70.63,70.50,70.48,70.67,70.55,70.26,69.88,69.41,68.39,67.27,66.21,65.18,64.10,63.29,62.59,61.92,61.34,60.85,60.36,59.84,59.36,58.89,58.44,57.99,57.57,57.12,56.65,56.20,55.76,55.30,54.96,54.63,54.32,54.03,53.76,53.48,53.29,53.31,53.57,53.62,53.64,53.68,53.68,53.55,53.21,52.78,52.36,51.86,51.10,50.35,49.81,49.62,49.40,49.17,48.94,48.73,48.55,48.34,48.12,47.91,47.74,47.73
91.93,91.41,90.84,90.15,89.20,87.57,85.63,83.71,81.82,80.10,78.80,77.98,77.46,77.25,76.69,75.81,74.92,74.30,73.60,72.81,72.14,72.05,72.00,71.77,71.22,70.18,69.28,68.42,67.57,66.73,65.88,65.44,65.13,64.84,64.59,64.31,64.00,63.70,63.42,63.22,62.97,62.85,62.91,62.97,62.98,62.98,62.99,62.99,62.99,62.99,62.99,62.96,62.94,62.57,61.96,61.30,60.90,60.57,60.25,59.91,59.50,58.88,58.08,57.20,56.28,55.45,55.34,55.54,55.88,56.26,56.71,57.13,57.49,57.81,58.19,58.67,59.22,59.80,60.28,60.69,61.08,61.47,61.83,62.10,62.34,62.57,62.80,63.03,63.25,63.02,62.55,62.73,63.57,64.17,64.38,64.21,63.99,63.87,63.75,63.57,63.31,63.42,63.84,64.07,63.45,63.17,63.71,63.98,63.30,62.89,62.97,63.23,63.51,63.77,63.59,63.45,63.20,62.44,61.35,59.56,57.08,54.05,51.27,50.07,49.46,49.03,48.64,48.25,47.95,47.66,47.35,47.05,46.76,46.69,46.91,47.44,47.98,48.52,49.12,49.87,50.79,51.92,53.13,54.18,54.61,54.39,54.05,53.71,53.34,53.01,53.15,53.65,54.35,55.05,55.77,56.48,57.22,58.08,59.10,60.14,61.09,61.88,62.55,63.28,63.98,64.56,64.88,64.96,64.79,64.54,64.49,64.30,63.84,63.29,62.98,63.37,63.89,64.47,65.09,65.72,66.45,67.30,68.26,69.31,69.95,70.22,70.40,70.62,70.78,70.94,71.07,71.13,70.99,70.84,70.69,70.64,70.76,70.96,70.83,70.46,69.88,69.03,67.94,66.84,65.83,64.97,64.19,63.48,62.79,62.13,61.64,61.17,60.70,60.21,59.69,59.22,58.75,58.29,57.84,57.37,56.91,56.48,56.06,55.60,55.10,54.68,54.34,54.12,53.95,53.88,54.00,54.39,54.80,54.84,54.81,54.78,54.63,54.32,53.94,53.51,53.02,52.42,51.62,50.70,49.88,49.62,49.39,49.16,48.95,48.77,48.56,48.34,48.13,47.95,47.74,47.65
91.88,91.81,91.47,90.59,89.50,87.85,85.94,84.06,82.25,80.84,79.94,79.52,79.35,79.38,79.10,78.57,78.03,77.60,76.73,75.70,74.78,74.22,73.95,73.37,72.28,70.75,69.52,68.56,67.72,66.91,66.06,65.59,65.26,64.97,64.73,64.44,64.13,63.83,63.56,63.29,62.99,62.75,62.63,62.54,62.49,62.48,62.48,62.48,62.48,62.50,62.53,62.53,62.56,62.41,62.09,61.66,61.27,60.91,60.57,60.22,59.83,59.18,58.32,57.39,56.46,55.51,54.94,54.69,54.72,55.07,55.52,55.90,56.25,56.60,56.95,57.47,58.14,58.94,59.74,60.31,60.73,61.06,61.36,61.60,61.83,62.06,62.29,62.53,62.66,62.47,62.24,62.86,63.50,63.95,64.21,64.29,64.28,64.27,64.19,63.97,63.74,63.91,63.98,63.68,62.94,63.18,63.80,64.00,63.45,63.40,63.60,63.64,63.54,63.69,63.64,63.36,62.85,62.13,61.24,59.43,56.82,53.65,50.75,49.76,49.35,49.01,48.67,48.36,48.07,47.79,47.49,47.22,46.88,46.64,46.65,47.10,47.66,48.24,48.82,49.42,50.12,51.19,52.33,53.30,53.84,53.67,53.32,52.97,52.64,52.39,52.44,52.77,53.36,54.04,54.73,55.45,56.23,57.17,58.15,59.08,59.89,60.52,61.07,61.66,62.18,62.53,62.66,62.68,62.58,62.43,62.43,62.37,62.07,61.77,61.74,62.26,62.81,63.39,64.04,64.83,65.74,66.75,67.84,68.99,69.83,70.16,70.34,70.56,70.72,70.84,70.98,71.09,71.09,70.92,70.83,70.83,70.84,70.75,70.51,70.02,69.25,68.40,67.51,66.62,65.77,65.01,64.31,63.64,63.02,62.47,62.00,61.51,61.02,60.55,60.05,59.55,59.06,58.60,58.14,57.67,57.22,56.77,56.33,55.86,55.34,54.91,54.62,54.51,54.57,54.77,55.12,55.61,56.02,56.05,55.93,55.74,55.50,55.13,54.67,54.05,53.21,52.34,51.40,50.51,49.82,49.53,49.29,49.06,48.85,48.69,48.46,48.23,48.02,47.81,47.59,47.55
91.35,91.80,91.78,90.89,89.81,88.24,86.41,84.63,83.00,81.94,81.37,81.18,81.17,81.22,81.08,80.83,80.58,80.33,79.45,78.38,77.38,76.36,75.50,74.32,72.74,70.97,69.66,68.69,67.87,67.08,66.24,65.74,65.39,65.09,64.86,64.56,64.25,63.97,63.73,63.42,63.12,62.81,62.53,62.28,62.14,62.06,62.03,61.99,61.99,62.04,62.08,62.08,62.08,62.08,62.02,61.83,61.49,61.13,60.78,60.44,60.07,59.44,58.54,57.58,56.65,55.73,54.80,54.10,53.77,53.92,54.30,54.67,55.01,55.37,55.70,56.27,57.06,58.03,59.08,59.85,60.34,60.64,60.86,61.09,61.33,61.56,61.79,62.03,62.04,61.98,62.13,62.89,63.29,63.59,63.90,64.17,64.34,64.45,64.43,64.28,64.16,64.24,63.89,63.14,62.56,63.27,63.90,64.03,63.70,63.81,63.92,63.75,63.45,63.55,63.58,63.15,62.45,61.76,61.06,59.43,56.87,53.62,50.68,49.69,49.33,49.07,48.77,48.53,48.24,47.93,47.63,47.35,47.00,46.66,46.49,46.86,47.41,48.02,48.61,49.15,49.69,50.59,51.58,52.42,53.04,52.93,52.60,52.25,51.96,51.81,51.77,51.91,52.34,52.99,53.68,54.42,55.25,56.20,57.12,57.95,58.65,59.16,59.60,60.03,60.36,60.50,60.51,60.51,60.51,60.52,60.53,60.53,60.41,60.37,60.63,61.18,61.74,62.37,63.14,64.11,65.18,66.31,67.48,68.66,69.67,70.08,70.27,70.48,70.63,70.73,70.86,71.02,71.14,71.02,70.96,70.93,70.79,70.46,70.16,69.60,68.77,68.01,67.30,66.60,65.89,65.17,64.50,63.88,63.33,62.84,62.36,61.85,61.35,60.88,60.41,59.89,59.40,58.94,58.46,57.99,57.53,57.06,56.63,56.31,56.01,55.83,55.74,55.70,55.59,55.88,56.37,56.88,57.23,57.19,56.95,56.63,56.30,55.78,55.10,54.20,53.07,51.97,50.93,50.16,49.71,49.41,49.16,48.92,48.70,48.54,48.32,48.09,47.86,47.63,47.40,47.42
90.35,91.13,91.52,91.09,90.26,88.81,87.10,85.49,84.13,83.30,82.81,82.57,82.56,82.52,82.29,81.95,81.66,81.31,80.72,80.03,79.24,78.08,75.69,73.41,71.63,70.22,69.55,68.85,68.05,67.21,66.36,65.87,65.52,65.22,64.98,64.69,64.38,64.09,63.85,63.55,63.24,62.96,62.70,62.41,62.14,61.92,61.74,61.58,61.60,61.63,61.64,61.64,61.64,61.64,61.60,61.48,61.28,61.03,60.80,60.56,60.16,59.55,58.70,57.77,56.84,55.91,54.99,54.12,53.36,52.88,53.07,53.43,53.79,54.12,54.49,55.18,56.07,57.07,58.15,59.16,59.83,60.19,60.36,60.59,60.82,61.05,61.29,61.56,61.44,61.61,62.15,62.58,62.91,63.21,63.50,63.73,63.90,64.04,64.18,64.33,64.49,64.13,63.42,62.73,62.67,63.50,64.02,64.18,64.08,63.73,63.30,63.23,63.53,63.73,63.34,62.71,62.01,61.31,60.63,59.53,57.40,54.21,51.39,50.11,49.56,49.26,48.96,48.72,48.43,48.12,47.80,47.39,47.04,46.70,46.47,46.74,47.24,47.80,48.35,48.89,49.43,50.02,50.71,51.50,52.20,52.15,51.90,51.62,51.34,51.27,51.26,51.29,51.47,52.00,52.66,53.45,54.32,55.09,55.94,56.75,57.43,57.88,58.18,58.50,58.69,58.68,58.68,58.68,58.84,59.07,59.13,59.14,59.15,59.28,59.64,60.13,60.70,61.53,62.59,63.70,64.84,65.99,67.14,68.26,69.42,69.96,70.19,70.36,70.51,70.60,70.76,70.95,71.10,71.13,70.99,70.77,70.57,70.36,70.13,69.74,69.15,68.45,67.75,67.01,66.24,65.45,64.85,64.33,63.80,63.23,62.70,62.20,61.70,61.20,60.73,60.25,59.78,59.30,58.78,58.31,57.84,57.38,57.07,57.29,57.84,58.50,59.02,58.90,57.40,57.21,57.70,58.19,58.45,58.16,57.75,57.39,57.00,55.95,54.69,53.46,52.36,51.22,50.35,49.80,49.52,49.27,48.98,48.73,48.52,48.35,48.13,47.90,47.67,47.44,47.21,47.27
88.94,90.12,90.97,91.07,90.54,89.38,87.94,86.54,85.38,84.69,84.26,84.00,83.91,83.78,83.50,83.11,82.73,82.25,81.63,80.95,80.08,78.34,75.14,72.36,70.57,69.73,69.37,68.88,68.20,67.38,66.54,66.01,65.64,65.35,65.11,64.81,64.50,64.22,63.98,63.68,63.37,63.09,62.85,62.54,62.23,61.97,61.73,61.48,61.39,61.28,61.19,61.19,61.19,61.19,61.15,61.03,60.87,60.68,60.49,60.23,59.80,59.23,58.43,57.52,56.60,55.67,54.74,53.81,52.92,52.22,52.10,52.26,52.55,52.91,53.35,54.15,55.14,56.21,57.32,58.33,59.01,59.42,59.68,60.00,60.29,60.56,60.80,60.98,61.07,61.39,61.90,62.22,62.55,62.85,63.11,63.29,63.46,63.61,63.82,64.08,64.30,63.74,62.88,62.33,62.83,63.75,64.03,63.90,63.63,63.19,63.09,63.38,63.76,63.60,63.00,62.33,61.72,61.21,60.63,59.91,58.21,55.36,52.67,51.05,50.06,49.45,49.15,48.87,48.65,48.40,48.06,47.61,47.24,46.85,46.51,46.60,47.06,47.60,48.14,48.67,49.15,49.59,50.08,50.68,51.31,51.40,51.22,50.96,50.74,50.71,50.71,50.71,50.76,51.04,51.65,52.38,53.13,53.91,54.77,55.56,56.19,56.56,56.79,57.02,57.11,57.01,56.98,57.03,57.26,57.61,57.81,57.89,58.01,58.28,58.77,59.27,59.88,60.66,61.64,62.75,63.88,65.03,66.21,67.46,68.73,69.60,70.08,70.23,70.38,70.50,70.68,70.89,71.04,71.13,71.00,70.76,70.55,70.41,70.34,70.05,69.48,68.75,68.00,67.21,66.42,65.72,65.34,64.93,64.42,63.81,63.24,62.73,62.20,61.67,61.14,60.64,60.14,59.64,59.13,58.63,58.19,57.89,57.86,58.38,59.49,60.80,61.69,61.30,59.64,58.84,58.84,59.27,59.31,58.95,58.54,58.09,57.26,55.69,54.00,52.52,51.44,50.53,49.93,49.56,49.33,49.09,48.83,48.56,48.33,48.16,47.94,47.71,47.48,47.25,47.06,47.14
87.32,88.87,90.15,90.80,90.68,89.92,88.86,87.70,86.68,86.09,85.71,85.42,85.21,84.91,84.51,84.02,83.49,82.88,82.12,81.31,80.18,77.62,74.05,71.24,69.71,69.41,69.15,68.82,68.31,67.55,66.72,66.16,65.77,65.48,65.23,64.94,64.64,64.35,64.11,63.80,63.50,63.23,62.97,62.67,62.37,62.10,61.84,61.55,61.32,61.05,60.84,60.81,60.78,60.77,60.69,60.53,60.38,60.23,60.03,59.71,59.19,58.63,57.89,57.05,56.15,55.23,54.30,53.37,52.48,51.75,51.33,51.23,51.37,51.72,52.27,53.18,54.26,55.41,56.55,57.42,58.03,58.46,58.84,59.27,59.61,59.95,60.28,60.41,60.80,61.21,61.54,61.85,62.21,62.49,62.70,62.86,63.01,63.17,63.40,63.69,63.84,63.20,62.38,62.05,62.99,63.86,63.84,63.37,62.90,62.66,63.19,63.77,63.94,63.33,62.68,62.08,61.60,61.30,60.84,60.36,59.07,56.72,54.18,52.22,50.68,49.63,49.32,49.05,48.90,48.73,48.39,47.95,47.53,47.05,46.59,46.45,46.87,47.41,47.95,48.45,48.86,49.24,49.59,49.95,50.43,50.64,50.55,50.31,50.17,50.16,50.16,50.16,50.17,50.21,50.70,51.28,51.87,52.70,53.60,54.38,54.95,55.23,55.41,55.55,55.56,55.43,55.41,55.57,55.87,56.27,56.63,56.84,57.06,57.42,57.98,58.55,59.21,59.86,60.57,61.57,62.65,63.80,65.06,66.48,67.81,69.03,69.83,70.08,70.27,70.42,70.62,70.83,70.99,71.08,71.00,70.82,70.64,70.57,70.64,70.40,69.74,68.97,68.14,67.31,66.57,66.06,65.90,65.59,65.11,64.50,63.89,63.33,62.79,62.23,61.63,61.08,60.61,60.15,59.62,59.02,58.61,58.56,58.96,59.81,61.26,62.73,63.56,62.97,61.81,60.54,59.95,60.23,60.02,59.66,59.28,58.69,57.25,55.23,53.20,51.54,50.52,49.93,49.60,49.36,49.13,48.90,48.66,48.39,48.14,47.97,47.75,47.52,47.29,47.07,46.91,47.00
85.58,87.18,88.70,89.95,90.47,90.35,89.83,88.99,88.01,87.50,87.17,86.82,86.32,85.56,84.70,83.82,82.95,82.25,81.53,80.71,79.24,75.61,72.17,70.17,69.49,69.20,68.92,68.64,68.27,67.67,66.90,66.31,65.90,65.60,65.36,65.07,64.79,64.53,64.24,63.93,63.66,63.39,63.11,62.80,62.53,62.26,61.97,61.67,61.42,61.14,60.87,60.66,60.49,60.41,60.28,60.08,59.93,59.82,59.61,59.19,58.40,57.69,57.07,56.44,55.70,54.78,53.85,52.93,52.05,51.36,50.92,50.66,50.51,50.59,51.31,52.35,53.48,54.64,55.77,56.46,56.91,57.27,57.65,58.01,58.34,58.81,59.52,60.08,60.49,60.86,61.22,61.52,61.80,62.05,62.26,62.41,62.57,62.76,63.02,63.28,63.31,62.64,62.14,62.25,63.15,63.36,63.03,62.67,62.64,63.08,63.77,63.97,63.58,63.02,62.61,62.26,61.89,61.49,61.03,60.57,59.63,57.95,55.64,53.40,51.31,49.76,49.48,49.35,49.27,49.11,48.77,48.32,47.83,47.26,46.66,46.30,46.68,47.22,47.73,48.15,48.55,48.89,49.16,49.39,49.70,49.84,49.84,49.74,49.66,49.69,49.71,49.71,49.72,49.77,50.03,50.32,50.72,51.55,52.42,53.15,53.66,53.85,54.01,54.09,54.02,53.90,54.13,54.57,55.02,55.47,55.90,56.28,56.64,56.95,57.32,58.04,58.71,59.29,59.81,60.44,61.53,62.77,64.07,65.47,66.80,68.02,69.06,69.83,70.17,70.36,70.56,70.78,70.98,71.12,71.04,70.88,70.83,70.90,70.91,70.54,69.78,69.04,68.22,67.47,66.91,66.69,66.54,66.23,65.77,65.19,64.58,63.98,63.41,62.86,62.25,61.70,61.57,61.39,60.61,59.61,59.32,59.62,60.61,62.48,63.84,63.87,63.27,63.17,62.84,61.91,61.23,61.17,60.75,60.36,59.87,58.95,56.92,54.74,52.53,50.78,49.98,49.60,49.34,49.11,48.88,48.65,48.42,48.17,47.95,47.78,47.56,47.33,47.10,46.88,46.73,46.86
83.90,85.56,87.23,88.80,89.80,90.25,90.27,89.85,89.12,88.58,88.00,87.26,86.34,85.28,84.20,83.14,82.10,81.36,80.45,79.23,77.24,73.29,70.70,69.58,69.33,69.02,68.73,68.45,68.12,67.67,67.02,66.46,66.03,65.76,65.50,65.19,64.93,64.68,64.37,64.06,63.80,63.55,63.27,62.96,62.69,62.41,62.10,61.79,61.55,61.27,60.96,60.66,60.40,60.20,59.97,59.71,59.55,59.46,59.15,58.53,57.62,56.78,56.15,55.61,55.03,54.27,53.40,52.48,51.62,50.97,50.54,50.25,50.04,50.01,50.55,51.51,52.63,53.81,54.92,55.33,55.57,55.86,56.22,56.55,56.94,57.52,58.36,59.24,59.99,60.52,60.87,61.16,61.41,61.63,61.82,61.97,62.13,62.36,62.64,62.87,62.77,62.09,61.95,62.41,62.93,62.66,62.43,62.46,62.89,63.69,64.11,63.99,63.48,63.06,62.79,62.51,62.15,61.69,61.22,60.76,60.10,58.98,56.96,54.70,52.40,50.56,50.05,50.00,49.90,49.63,49.15,48.61,48.03,47.39,46.71,46.20,46.48,46.98,47.45,47.84,48.18,48.47,48.71,48.89,49.09,49.20,49.23,49.21,49.16,49.23,49.27,49.28,49.32,49.44,49.59,49.75,50.02,50.61,51.29,51.89,52.31,52.47,52.70,53.02,53.30,53.54,54.12,54.79,55.37,55.85,56.31,56.68,57.04,57.29,57.42,57.94,58.43,58.85,59.24,59.69,60.57,61.76,63.13,64.53,65.91,67.20,68.46,69.59,70.13,70.34,70.51,70.72,70.95,71.14,71.06,70.91,70.85,70.89,70.82,70.45,69.78,69.10,68.33,67.76,67.44,67.33,67.18,66.88,66.44,65.86,65.27,64.66,64.07,63.50,62.95,62.78,63.13,63.35,62.74,61.43,61.28,62.06,63.28,63.94,63.74,62.72,61.84,62.36,62.68,62.22,61.69,61.45,60.94,60.54,60.01,58.98,56.76,54.37,51.98,50.23,49.69,49.42,49.21,49.01,48.80,48.57,48.35,48.12,47.88,47.66,47.41,47.19,46.98,46.75,46.58,46.68
82.41,84.11,85.82,87.41,88.64,89.54,90.08,90.14,89.81,89.16,88.14,86.79,85.42,84.22,83.15,82.10,81.00,80.16,78.83,76.97,74.41,70.99,69.78,69.39,69.14,68.84,68.58,68.26,67.91,67.56,67.09,66.59,66.21,65.96,65.66,65.36,65.10,64.85,64.55,64.25,63.98,63.74,63.49,63.18,62.87,62.57,62.26,61.96,61.71,61.43,61.12,60.81,60.50,60.14,59.76,59.41,59.24,59.12,58.60,57.76,56.84,55.92,55.17,54.59,54.16,53.66,52.90,52.03,51.19,50.58,50.18,49.98,49.91,49.91,49.99,50.68,51.72,52.92,54.00,54.07,54.07,54.27,54.59,54.95,55.48,56.09,56.83,57.92,59.23,60.09,60.45,60.78,61.02,61.22,61.37,61.53,61.69,61.95,62.26,62.46,62.23,61.61,61.79,62.41,62.36,61.94,62.14,62.75,63.51,64.30,64.23,63.93,63.67,63.41,63.16,62.79,62.34,61.88,61.42,60.96,60.49,59.80,58.16,56.09,53.91,52.03,51.15,51.04,50.81,50.28,49.50,48.82,48.14,47.45,46.76,46.16,46.30,46.70,47.13,47.49,47.75,47.99,48.22,48.44,48.59,48.69,48.72,48.70,48.65,48.76,48.82,48.86,48.96,49.16,49.34,49.53,49.74,49.92,50.28,50.69,51.02,51.24,51.62,52.44,53.37,54.23,55.17,56.04,56.72,57.24,57.66,57.89,58.15,58.30,58.22,58.28,58.45,58.66,58.94,59.37,59.86,60.88,62.26,63.71,65.15,66.60,68.05,69.37,70.16,70.39,70.51,70.68,70.90,71.12,71.09,70.92,70.73,70.59,70.45,70.20,69.80,69.18,68.52,68.20,68.12,67.97,67.82,67.55,67.11,66.52,65.96,65.36,64.75,64.18,63.82,64.31,65.16,65.86,65.80,64.36,64.28,65.31,66.16,63.89,61.27,59.76,59.63,60.75,61.45,61.48,61.26,61.00,60.50,60.15,59.69,58.77,56.79,54.20,51.64,49.92,49.62,49.38,49.20,49.04,48.86,48.63,48.46,48.21,47.91,47.61,47.31,47.10,46.90,46.67,46.46,46.48
81.76,83.29,84.73,85.86,86.84,87.79,88.63,89.14,88.92,88.22,87.20,85.92,84.47,83.18,82.08,80.90,79.28,77.53,75.84,73.89,71.69,70.06,69.50,69.23,68.94,68.65,68.40,68.10,67.77,67.44,67.04,66.81,66.61,66.38,66.12,65.85,65.61,65.37,65.10,64.84,64.57,64.29,64.00,63.65,63.29,62.99,62.71,62.41,62.12,61.83,61.52,61.19,60.75,60.28,59.73,59.19,58.92,58.55,57.86,56.95,56.02,55.09,54.23,53.56,53.13,52.71,52.17,51.49,50.75,50.21,49.95,49.86,49.86,49.90,49.90,50.17,50.90,52.02,53.00,52.87,52.70,52.77,53.00,53.32,53.89,54.53,55.25,56.42,57.83,58.99,59.79,60.31,60.59,60.77,60.93,61.09,61.29,61.57,61.88,62.05,61.72,61.51,61.69,61.96,61.80,62.00,62.60,63.30,63.91,64.42,64.43,64.25,64.02,63.77,63.42,63.00,62.53,62.08,61.65,61.20,60.77,60.27,59.30,57.52,55.63,54.06,53.23,52.89,52.13,50.97,49.66,48.91,48.21,47.52,46.82,46.19,46.17,46.45,46.78,47.02,47.25,47.48,47.72,47.93,48.09,48.14,48.15,48.15,48.13,48.22,48.38,48.56,48.73,48.92,49.12,49.33,49.54,49.68,49.90,50.20,50.57,51.05,51.77,52.80,53.94,55.09,56.19,57.20,57.99,58.56,58.91,59.05,59.23,59.34,59.29,59.29,59.37,59.47,59.58,59.77,59.99,60.72,61.88,63.25,64.62,66.14,67.69,69.18,70.30,70.60,70.67,70.75,70.90,71.08,71.10,70.99,70.81,70.61,70.44,70.23,69.92,69.41,69.02,68.84,68.76,68.60,68.45,68.22,67.81,67.20,66.61,66.03,65.49,65.14,65.41,66.21,67.21,68.12,68.50,67.68,66.89,65.84,64.14,61.38,59.04,57.79,57.76,58.91,59.59,59.73,59.69,59.61,59.20,58.93,58.63,58.11,56.98,54.60,52.04,50.21,49.75,49.52,49.37,49.19,48.98,48.75,48.50,48.22,47.92,47.61,47.30,47.03,46.79,46.56,46.38,46.36
80.93,82.24,83.30,83.97,84.63,85.44,86.34,87.08,87.03,86.47,85.65,84.64,83.39,82.11,80.78,79.17,76.94,74.50,72.84,71.34,69.90,69.57,69.34,69.07,68.78,68.48,68.22,67.94,67.66,67.40,67.11,67.10,67.08,66.92,66.69,66.46,66.22,65.99,65.74,65.51,65.23,64.93,64.59,64.19,63.80,63.47,63.19,62.89,62.58,62.28,61.96,61.55,61.03,60.47,59.83,59.16,58.67,57.98,57.10,56.15,55.20,54.27,53.34,52.58,52.06,51.67,51.30,50.84,50.34,49.94,49.80,49.79,49.82,49.87,49.90,49.90,50.30,51.18,51.99,51.71,51.42,51.38,51.51,51.75,52.28,52.93,53.68,54.89,56.25,57.57,58.69,59.44,59.90,60.22,60.47,60.67,60.89,61.19,61.49,61.64,61.26,61.37,61.54,61.59,61.65,62.28,63.01,63.61,64.00,64.30,64.45,64.45,64.32,64.07,63.65,63.19,62.75,62.31,61.90,61.47,61.04,60.63,60.13,58.85,57.44,56.21,55.41,54.72,53.31,51.49,49.79,48.99,48.30,47.61,46.94,46.32,46.10,46.19,46.38,46.55,46.77,47.00,47.23,47.45,47.58,47.61,47.66,47.75,47.86,48.01,48.26,48.52,48.72,48.87,49.05,49.25,49.45,49.59,49.74,50.02,50.49,51.24,52.21,53.34,54.57,55.84,57.02,58.17,59.17,59.89,60.17,60.31,60.48,60.64,60.69,60.71,60.76,60.78,60.77,60.78,60.76,61.07,61.77,62.87,64.16,65.70,67.29,68.82,70.16,70.56,70.65,70.71,70.83,70.97,71.06,71.04,70.92,70.72,70.54,70.34,70.08,69.75,69.57,69.47,69.37,69.24,69.08,68.87,68.49,67.88,67.26,66.78,66.47,66.49,67.21,68.08,68.98,69.79,70.19,69.67,68.00,65.19,61.67,58.95,57.05,55.94,55.78,56.79,57.36,57.51,57.64,57.81,57.51,57.31,57.12,56.90,56.54,54.90,52.72,50.88,50.11,49.74,49.54,49.33,49.08,48.83,48.53,48.22,47.92,47.61,47.30,47.00,46.72,46.48,46.30,46.24
79.46,80.55,81.14,81.52,81.91,82.45,83.08,83.69,84.01,83.83,83.40,82.81,82.06,80.96,79.10,76.62,73.82,71.33,70.36,69.98,69.62,69.38,69.15,68.91,68.65,68.34,68.05,67.78,67.59,67.50,67.44,67.48,67.57,67.60,67.38,67.15,66.92,66.67,66.39,66.14,65.90,65.60,65.21,64.77,64.37,63.99,63.64,63.33,63.02,62.75,62.39,61.82,61.28,60.69,60.07,59.39,58.54,57.50,56.44,55.39,54.41,53.47,52.54,51.69,51.02,50.61,50.28,50.08,49.97,49.83,49.74,49.76,49.80,49.82,49.88,49.90,50.06,50.46,50.98,50.61,50.27,50.17,50.21,50.31,50.73,51.33,52.11,53.35,54.57,55.79,56.96,57.91,58.77,59.46,59.97,60.26,60.51,60.80,61.12,61.27,60.89,61.05,61.26,61.55,62.20,62.68,63.09,63.43,63.70,63.94,64.15,64.37,64.50,64.26,63.84,63.42,63.02,62.61,62.17,61.76,61.33,60.90,60.49,59.99,59.27,58.39,57.39,56.22,54.12,51.76,49.93,49.12,48.43,47.76,47.15,46.60,46.12,45.92,45.95,46.11,46.33,46.56,46.79,46.99,47.09,47.12,47.31,47.64,47.98,48.37,48.67,48.88,49.04,49.13,49.23,49.36,49.51,49.61,49.75,50.12,50.77,51.72,52.72,53.88,55.11,56.36,57.59,58.86,60.17,61.26,61.51,61.73,62.04,62.34,62.52,62.60,62.62,62.60,62.56,62.59,62.34,62.05,61.98,62.53,63.72,65.25,66.78,68.19,69.48,70.03,70.27,70.42,70.62,70.78,70.93,71.03,71.04,70.90,70.69,70.47,70.27,70.20,70.12,70.03,69.95,69.86,69.72,69.51,69.15,68.59,67.94,67.69,67.86,68.38,69.11,69.73,70.25,70.53,70.29,69.31,66.80,63.54,60.16,57.50,55.38,53.97,53.52,54.33,54.74,54.90,55.19,55.65,55.46,55.29,55.09,54.95,55.00,54.82,53.58,51.97,50.78,50.03,49.69,49.43,49.14,48.84,48.53,48.22,47.92,47.61,47.30,47.03,46.77,46.47,46.19,46.07
75.65,76.44,77.02,77.52,78.21,79.00,79.73,80.28,80.68,80.56,80.27,79.94,79.48,78.55,76.78,74.33,71.67,70.17,69.66,69.50,69.37,69.18,68.96,68.72,68.47,68.17,67.89,67.72,67.66,67.71,67.78,67.83,67.94,68.08,68.00,67.80,67.57,67.33,67.06,66.83,66.54,66.20,65.80,65.38,64.96,64.55,64.17,63.83,63.48,63.11,62.65,62.08,61.49,60.91,60.33,59.68,58.76,57.64,56.50,55.39,54.32,53.30,52.30,51.28,50.39,50.13,49.94,49.83,49.78,49.71,49.67,49.69,49.75,49.76,49.83,49.85,49.90,50.05,50.27,50.04,49.83,49.76,49.80,49.84,50.06,50.38,50.83,51.71,52.79,53.95,55.11,56.16,57.23,58.05,58.69,59.32,59.98,60.40,60.72,60.88,60.68,61.00,61.33,61.66,62.20,62.55,62.83,63.22,63.74,63.96,63.97,64.14,64.45,64.46,64.12,63.69,63.28,62.88,62.47,62.04,61.64,61.26,60.91,60.62,60.60,60.41,59.18,57.49,55.01,52.32,50.13,49.26,48.61,48.02,47.44,46.91,46.36,45.96,45.77,45.86,46.04,46.21,46.38,46.60,46.90,47.15,47.48,47.90,48.30,48.71,49.03,49.26,49.39,49.45,49.48,49.56,49.68,49.85,50.20,50.62,51.21,52.18,53.21,54.39,55.63,56.87,58.10,59.37,60.73,62.00,62.73,63.18,63.56,63.93,64.22,64.42,64.47,64.43,64.38,64.38,64.07,63.59,63.14,63.00,63.45,64.70,66.18,67.56,68.84,69.51,69.93,70.25,70.44,70.59,70.78,70.94,71.03,71.01,70.85,70.68,70.55,70.50,70.47,70.41,70.39,70.48,70.47,70.29,70.05,69.77,69.48,69.42,69.56,69.83,70.13,70.33,70.45,70.28,69.55,68.30,66.14,63.44,60.39,57.17,53.80,51.91,51.46,51.86,52.15,52.56,53.07,53.52,53.46,53.34,53.27,53.27,53.42,53.58,53.10,52.24,51.35,50.39,49.83,49.48,49.20,48.89,48.58,48.27,47.95,47.61,47.30,47.01,46.72,46.42,46.11,45.92
71.86,72.34,72.91,73.48,74.39,75.43,76.31,76.80,77.08,76.84,76.56,76.40,76.17,75.50,74.14,72.22,70.18,69.73,69.52,69.32,69.16,69.00,68.78,68.55,68.30,68.02,67.80,67.75,67.81,67.97,68.12,68.16,68.28,68.48,68.56,68.43,68.22,67.98,67.75,67.51,67.16,66.77,66.38,65.99,65.55,65.12,64.72,64.35,64.00,63.51,62.95,62.38,61.75,61.17,60.61,59.97,59.07,57.97,56.81,55.66,54.52,53.46,52.42,51.30,50.26,50.12,50.02,49.86,49.70,49.60,49.60,49.64,49.69,49.70,49.75,49.77,49.77,49.77,49.76,49.69,49.62,49.59,49.65,49.66,49.70,49.73,49.81,50.29,51.15,52.17,53.27,54.40,55.59,56.47,57.25,58.24,59.33,59.94,60.30,60.51,60.52,60.97,61.40,61.72,62.08,62.45,62.78,63.20,63.72,63.87,63.75,63.89,64.29,64.57,64.37,63.98,63.54,63.15,62.77,62.36,61.98,61.67,61.38,61.14,61.59,62.04,60.86,58.68,55.96,53.08,50.53,49.46,48.84,48.32,47.80,47.28,46.73,46.18,45.78,45.73,45.81,45.91,46.03,46.28,46.84,47.35,47.83,48.27,48.67,49.05,49.53,49.97,50.20,50.08,50.03,50.05,50.15,50.48,51.00,51.38,51.81,52.66,53.71,54.90,56.11,57.33,58.54,59.76,61.09,62.47,63.72,64.50,65.03,65.47,65.85,66.17,66.28,66.27,66.20,66.16,65.84,65.29,64.61,63.91,63.55,64.29,65.55,66.92,68.20,68.97,69.56,70.03,70.25,70.41,70.61,70.82,70.97,71.06,70.99,70.90,70.83,70.78,70.76,70.71,70.74,70.95,71.04,70.79,70.42,70.09,69.77,69.57,69.49,69.47,69.44,69.53,69.53,69.18,68.25,66.91,65.36,63.42,60.85,57.30,52.80,50.41,49.89,49.89,50.07,50.64,51.24,51.58,51.60,51.55,51.59,51.73,51.87,52.00,52.05,51.92,51.47,50.52,49.83,49.41,49.16,48.85,48.54,48.23,47.90,47.52,47.20,46.89,46.59,46.29,46.01,45.78
70.41,70.53,70.69,70.84,71.08,71.88,72.75,73.11,72.90,72.28,71.83,71.71,71.70,71.58,71.14,70.50,69.88,69.61,69.42,69.23,69.03,68.87,68.65,68.42,68.19,67.96,67.88,67.93,68.06,68.22,68.37,68.45,68.59,68.82,69.00,69.05,68.92,68.68,68.44,68.16,67.76,67.34,66.95,66.56,66.11,65.66,65.24,64.93,64.70,64.20,63.55,62.88,62.21,61.54,60.88,60.19,59.37,58.33,57.20,56.04,54.91,54.03,53.15,52.20,51.32,51.03,50.78,50.30,49.74,49.56,49.58,49.61,49.63,49.63,49.64,49.64,49.64,49.63,49.58,49.50,49.46,49.45,49.47,49.47,49.44,49.39,49.39,49.67,50.07,50.69,51.60,52.89,53.99,55.00,56.04,57.22,58.47,59.26,59.81,60.22,60.41,60.75,61.09,61.46,62.05,62.95,63.69,63.80,63.18,63.11,63.32,63.64,64.00,64.40,64.50,64.26,63.84,63.41,63.07,62.78,62.48,62.19,61.94,61.75,62.05,62.56,62.34,59.82,57.04,54.24,51.50,49.86,49.13,48.68,48.26,47.82,47.25,46.65,46.11,45.73,45.61,45.69,45.86,46.19,46.93,47.60,48.15,48.60,49.04,49.44,50.49,51.73,52.40,51.69,51.43,51.35,51.43,52.09,52.48,52.64,52.79,53.23,54.22,55.37,56.52,57.63,58.75,59.92,61.24,62.67,64.04,65.36,66.31,66.94,67.38,67.75,68.02,68.10,68.03,67.94,67.56,66.95,66.20,65.43,64.72,64.41,64.91,66.28,67.52,68.31,68.98,69.59,70.03,70.27,70.46,70.65,70.85,70.99,71.04,71.05,71.04,71.07,71.03,71.00,70.97,70.93,70.94,70.23,68.92,67.16,65.25,63.90,63.47,63.73,64.19,65.28,66.06,66.34,65.98,65.00,63.61,62.08,60.31,57.73,53.52,50.77,49.70,49.55,49.62,49.84,50.05,50.19,50.20,50.19,50.23,50.32,50.41,50.46,50.51,50.50,50.30,49.83,49.42,49.08,48.78,48.47,48.17,47.86,47.53,47.15,46.83,46.52,46.21,45.94,45.79,45.63
69.86,69.86,69.87,69.90,69.90,70.32,70.83,71.01,70.75,70.30,69.99,69.93,69.97,70.02,69.94,69.80,69.70,69.52,69.35,69.16,68.95,68.79,68.57,68.33,68.13,68.01,68.07,68.20,68.36,68.51,68.63,68.75,68.90,69.10,69.33,69.48,69.50,69.37,69.09,68.73,68.30,67.85,67.44,67.02,66.56,66.15,65.84,65.72,65.59,65.11,64.41,63.72,63.05,62.37,61.61,60.76,59.80,58.77,57.66,56.53,55.54,54.81,54.11,53.33,52.56,52.20,51.67,50.90,50.05,49.55,49.50,49.52,49.52,49.51,49.49,49.48,49.48,49.46,49.39,49.31,49.26,49.23,49.20,49.16,49.11,49.02,49.00,49.21,49.45,49.83,50.50,51.56,52.66,53.79,54.97,56.24,57.52,58.46,59.18,59.75,60.20,60.83,61.51,62.25,63.05,63.35,63.39,63.10,62.56,62.59,62.97,63.37,63.74,64.19,64.49,64.46,64.18,63.82,63.51,63.25,63.00,62.73,62.51,62.36,62.57,62.98,62.91,60.73,58.16,55.56,53.07,51.37,49.96,49.16,48.86,48.43,47.84,47.23,46.62,46.03,45.61,45.54,45.72,46.15,46.97,47.71,48.37,48.92,49.48,50.68,52.63,54.61,55.72,55.11,54.52,54.05,53.71,53.74,53.86,53.93,53.98,54.15,54.76,55.71,56.76,57.79,58.87,60.04,61.40,62.89,64.39,65.95,67.23,68.16,68.69,69.09,69.36,69.47,69.47,69.55,69.06,68.35,67.56,66.71,65.81,65.06,64.98,65.78,66.88,67.67,68.39,69.09,69.69,70.06,70.30,70.48,70.64,70.77,70.86,70.94,71.05,71.17,71.08,70.98,70.89,70.78,70.92,70.22,68.23,65.01,62.09,60.34,59.71,59.81,60.16,61.23,62.14,62.84,63.27,62.78,61.59,60.09,58.36,56.15,53.04,50.80,49.67,49.46,49.36,49.35,49.38,49.41,49.42,49.39,49.40,49.45,49.52,49.53,49.54,49.53,49.42,49.16,48.95,48.71,48.40,48.09,47.78,47.48,47.16,46.80,46.46,46.19,45.94,45.72,45.63,45.49
69.81,69.81,69.82,69.88,69.89,69.93,69.98,69.99,69.90,69.84,69.81,69.79,69.80,69.80,69.75,69.67,69.58,69.43,69.28,69.10,68.88,68.72,68.50,68.28,68.13,68.15,68.32,68.50,68.66,68.81,68.90,69.04,69.19,69.36,69.58,69.82,70.02,70.05,69.71,69.26,68.79,68.33,67.86,67.40,66.97,66.66,66.53,66.63,66.59,66.12,65.43,64.75,64.11,63.40,62.53,61.48,60.28,59.26,58.20,57.15,56.33,55.74,55.19,54.53,53.80,53.37,52.52,51.50,50.44,49.57,49.40,49.38,49.38,49.37,49.31,49.30,49.30,49.27,49.20,49.12,49.05,48.97,48.89,48.80,48.72,48.64,48.62,48.83,49.07,49.35,49.75,50.44,51.54,52.74,53.99,55.27,56.52,57.59,58.46,59.14,59.82,60.85,62.03,63.23,64.10,63.36,62.38,61.82,61.95,62.23,62.66,63.08,63.49,63.94,64.36,64.51,64.44,64.24,63.98,63.76,63.54,63.30,63.07,62.97,63.14,63.33,62.91,61.52,59.41,57.17,55.27,53.89,51.77,50.38,49.90,49.16,48.48,47.84,47.19,46.49,45.76,45.48,45.61,46.15,46.98,47.76,48.53,49.26,50.13,52.55,55.56,58.24,59.73,59.41,58.26,57.15,56.25,55.35,55.18,55.22,55.27,55.29,55.40,56.06,56.96,57.92,58.98,60.18,61.59,63.15,64.76,66.37,67.92,69.15,69.83,70.19,70.40,70.46,70.51,70.78,70.22,69.48,68.72,67.81,66.84,66.01,65.51,65.57,66.39,67.11,67.84,68.60,69.33,69.83,70.15,70.34,70.44,70.54,70.63,70.77,70.97,71.11,70.97,70.79,70.64,70.55,70.88,70.37,68.00,63.72,60.26,58.46,57.60,57.20,56.99,57.44,58.10,59.03,60.20,60.19,59.19,57.57,55.55,53.51,51.84,50.54,49.71,49.47,49.20,49.05,49.00,48.99,48.97,48.91,48.88,48.89,48.94,48.95,48.90,48.84,48.73,48.52,48.46,48.33,48.02,47.71,47.40,47.10,46.79,46.47,46.12,45.90,45.74,45.59,45.50,45.37
69.80,69.80,69.81,69.83,69.83,69.83,69.83,69.82,69.75,69.73,69.71,69.67,69.66,69.66,69.62,69.54,69.45,69.31,69.19,69.03,68.82,68.66,68.44,68.30,68.26,68.36,68.49,68.67,68.87,69.07,69.21,69.36,69.48,69.61,69.80,70.14,70.52,70.67,70.28,69.74,69.21,68.72,68.24,67.74,67.47,67.39,67.45,67.58,67.54,67.13,66.50,65.81,65.14,64.21,63.14,61.94,60.64,59.79,58.92,58.03,57.31,56.74,56.20,55.53,54.66,53.82,52.77,51.65,50.55,49.61,49.32,49.23,49.20,49.20,49.17,49.16,49.14,49.09,49.01,48.93,48.85,48.76,48.63,48.45,48.34,48.27,48.24,48.45,48.72,48.99,49.31,49.86,50.76,51.87,53.06,54.27,55.51,56.72,57.70,58.38,58.98,59.76,60.99,62.30,62.76,61.80,61.28,61.26,61.55,61.95,62.40,62.85,63.28,63.68,63.96,64.13,64.22,64.29,64.31,64.25,64.10,63.86,63.59,63.56,63.68,63.57,62.73,62.39,61.17,59.78,58.92,58.26,56.78,54.86,52.66,50.30,49.10,48.33,47.63,46.89,46.17,45.61,45.58,46.20,47.03,47.82,48.62,49.69,51.66,55.08,59.06,62.50,64.17,63.11,60.63,58.57,57.40,56.65,56.47,56.46,56.48,56.48,56.45,56.77,57.43,58.36,59.30,60.52,61.97,63.58,65.19,66.77,68.36,69.78,70.72,70.84,70.96,70.94,70.78,70.73,70.38,69.99,69.51,68.71,67.78,66.96,66.41,66.26,66.42,66.93,67.61,68.37,69.07,69.62,70.02,70.30,70.48,70.66,70.80,70.93,71.01,70.93,70.77,70.58,70.38,70.27,70.38,69.79,67.75,64.16,60.80,58.65,57.03,55.60,54.38,54.16,54.57,55.41,56.44,56.73,55.69,54.07,52.38,51.19,50.48,49.97,49.60,49.36,49.11,48.91,48.75,48.65,48.55,48.47,48.40,48.36,48.33,48.28,48.24,48.18,48.05,47.87,47.94,47.91,47.64,47.34,47.02,46.72,46.41,46.12,45.92,45.76,45.60,45.47,45.38,45.24
69.77,69.77,69.77,69.77,69.77,69.77,69.77,69.76,69.69,69.67,69.63,69.57,69.57,69.55,69.50,69.44,69.33,69.21,69.09,68.95,68.76,68.59,68.41,68.33,68.38,68.55,68.68,68.86,69.07,69.27,69.45,69.68,69.89,70.05,70.31,70.72,71.14,71.31,70.86,70.26,69.68,69.14,68.67,68.23,68.15,68.24,68.39,68.51,68.48,68.15,67.57,66.83,65.94,64.77,63.48,62.19,60.98,60.29,59.62,58.91,58.28,57.72,57.07,56.24,55.20,54.07,52.92,51.75,50.61,49.67,49.27,49.12,49.06,49.04,49.04,49.02,48.97,48.89,48.82,48.76,48.68,48.56,48.41,48.23,48.10,48.00,47.94,48.09,48.34,48.61,48.92,49.41,50.13,51.13,52.28,53.44,54.65,55.86,56.66,56.89,57.03,57.36,58.18,59.24,59.88,60.00,60.40,60.88,61.23,61.68,62.13,62.54,62.91,63.22,63.43,63.59,63.77,63.99,64.15,64.25,64.23,64.12,64.01,63.93,63.90,63.59,62.56,62.81,62.42,61.84,61.64,61.35,60.53,58.39,54.94,51.30,49.56,48.64,47.92,47.18,46.45,45.75,45.58,46.16,47.03,47.89,48.74,50.07,52.88,56.75,61.71,66.02,67.80,66.39,63.00,60.04,58.38,57.89,57.74,57.71,57.71,57.70,57.64,57.70,58.07,58.81,59.67,60.87,62.30,63.85,65.39,66.90,68.45,69.87,70.86,70.98,71.15,71.16,70.95,70.72,70.49,70.30,70.02,69.44,68.68,67.91,67.36,67.13,66.92,67.09,67.56,68.20,68.86,69.44,69.92,70.28,70.52,70.77,70.97,71.05,70.99,70.77,70.58,70.37,69.82,68.60,67.81,66.97,65.56,63.41,61.14,59.04,56.98,54.94,53.09,52.10,52.00,52.43,53.06,53.36,52.60,51.45,50.40,49.89,49.70,49.58,49.45,49.24,49.01,48.81,48.64,48.49,48.41,48.35,48.26,48.14,48.04,47.91,47.81,47.69,47.51,47.35,47.42,47.43,47.26,46.95,46.64,46.36,46.11,45.87,45.76,45.63,45.48,45.34,45.25,45.11
69.71,69.71,69.71,69.70,69.70,69.70,69.70,69.69,69.62,69.60,69.56,69.51,69.50,69.44,69.41,69.36,69.23,69.13,69.00,68.85,68.69,68.54,68.44,68.40,68.45,68.67,68.89,69.07,69.24,69.41,69.63,70.02,70.40,70.73,71.17,71.57,71.91,71.96,71.43,70.83,70.22,69.66,69.20,68.94,69.03,69.19,69.32,69.40,69.40,69.13,68.60,67.73,66.45,65.04,63.61,62.27,61.33,60.77,60.27,59.75,59.20,58.67,57.80,56.69,55.46,54.24,53.07,51.88,50.70,49.75,49.26,49.07,49.00,48.94,48.92,48.87,48.80,48.73,48.65,48.62,48.53,48.38,48.24,48.13,48.01,47.86,47.74,47.76,47.94,48.20,48.53,49.02,49.63,50.55,51.66,52.83,53.97,54.98,55.27,54.70,54.04,53.83,53.89,54.37,55.79,58.10,59.70,60.58,60.97,61.42,61.81,62.14,62.39,62.58,62.81,63.00,63.19,63.42,63.59,63.80,63.95,64.07,64.24,64.00,63.81,63.44,62.43,62.66,62.87,62.97,63.01,62.73,62.33,60.22,56.25,51.94,49.80,48.74,48.04,47.33,46.58,45.87,45.59,46.00,46.95,47.94,48.88,50.37,53.60,57.41,63.32,68.54,70.29,69.12,65.49,61.84,59.46,59.16,59.06,59.02,59.02,58.98,58.91,58.80,58.86,59.26,60.07,61.22,62.55,63.96,65.38,66.79,68.24,69.50,70.30,70.67,71.01,71.18,71.12,70.91,70.68,70.49,70.30,69.99,69.51,68.84,68.31,68.06,67.82,67.60,67.70,68.12,68.73,69.34,69.88,70.29,70.53,70.82,71.06,71.09,70.88,70.65,70.42,70.14,68.85,65.48,63.27,62.08,61.46,61.16,60.75,59.19,57.15,55.03,53.09,51.32,50.48,50.29,50.39,50.43,50.27,50.02,49.79,49.64,49.54,49.42,49.27,49.11,48.89,48.77,48.65,48.54,48.58,48.59,48.48,48.29,48.14,47.93,47.69,47.43,47.22,47.05,46.96,46.93,46.88,46.58,46.28,46.06,45.89,45.72,45.64,45.50,45.35,45.21,45.12,44.98
69.70,69.70,69.69,69.65,69.64,69.64,69.63,69.58,69.55,69.51,69.47,69.43,69.39,69.32,69.28,69.25,69.14,69.02,68.91,68.80,68.69,68.58,68.53,68.52,68.57,68.80,68.99,69.19,69.38,69.58,69.78,70.31,70.91,71.50,72.08,72.54,72.64,72.40,71.90,71.38,70.84,70.44,70.21,69.99,70.06,70.13,70.15,70.18,70.15,69.91,69.33,68.20,66.65,65.14,63.70,62.44,61.81,61.35,60.91,60.45,60.00,59.59,58.68,57.38,55.89,54.63,53.46,52.26,51.06,50.02,49.41,49.17,49.07,48.97,48.95,48.90,48.83,48.75,48.66,48.58,48.43,48.25,48.15,48.06,47.96,47.84,47.70,47.61,47.63,47.79,48.12,48.67,49.28,50.11,51.17,52.41,53.34,53.65,53.44,52.79,51.97,51.51,51.32,51.47,52.46,55.59,58.54,60.32,60.70,61.03,61.30,61.59,61.90,62.19,62.51,62.81,63.12,63.47,63.77,64.08,64.21,64.10,63.94,63.50,63.55,63.55,62.26,61.84,61.66,61.91,62.69,62.98,62.19,59.53,55.28,51.18,49.48,48.63,47.97,47.26,46.54,45.84,45.53,45.88,46.88,47.89,48.88,50.41,53.67,57.66,64.28,69.75,70.82,70.13,67.38,64.09,61.45,60.90,60.74,60.71,60.60,60.28,60.17,60.01,59.94,60.13,60.70,61.66,62.90,64.29,65.68,67.07,68.46,69.59,70.24,70.58,70.88,71.07,71.13,71.06,70.87,70.68,70.50,70.26,69.94,69.55,69.15,68.80,68.47,68.20,68.22,68.55,69.07,69.60,70.02,70.34,70.58,70.89,71.10,71.09,70.85,70.58,70.34,69.47,67.06,62.41,60.27,59.19,58.67,58.59,58.49,57.48,56.01,54.37,52.79,51.06,50.14,49.84,49.84,49.80,49.76,49.69,49.57,49.49,49.38,49.24,49.11,49.04,48.94,48.86,48.79,48.76,48.86,48.96,48.93,48.78,48.62,48.40,48.18,47.95,47.72,47.48,47.16,46.84,46.56,46.26,46.06,45.90,45.74,45.59,45.51,45.38,45.22,45.08,44.95,44.84
69.71,69.70,69.69,69.63,69.60,69.60,69.57,69.50,69.50,69.44,69.40,69.39,69.31,69.23,69.19,69.16,69.09,68.96,68.86,68.80,68.73,68.66,68.64,68.64,68.70,68.92,69.09,69.29,69.52,69.74,69.97,70.63,71.41,72.17,72.87,73.38,73.34,72.91,72.43,71.97,71.50,71.26,71.29,71.19,71.15,71.09,70.98,70.81,70.63,70.37,69.70,68.26,66.54,65.12,63.83,62.73,62.30,61.91,61.48,61.05,60.66,60.34,59.57,58.42,57.06,56.01,54.86,53.49,51.99,50.60,49.70,49.34,49.22,49.09,49.07,49.00,48.93,48.86,48.81,48.67,48.49,48.31,48.19,48.09,47.98,47.83,47.67,47.53,47.44,47.48,47.73,48.35,48.98,49.72,50.71,51.95,52.49,52.19,51.67,51.17,50.50,49.99,49.77,49.77,50.29,53.50,57.32,59.98,60.64,60.89,61.14,61.47,61.85,62.24,62.63,63.01,63.42,63.84,64.10,64.31,64.28,63.92,63.45,62.89,63.27,63.67,62.05,60.86,60.02,60.12,61.45,62.20,61.02,58.03,53.89,50.35,49.13,48.48,47.83,47.14,46.45,45.75,45.45,45.82,46.83,47.85,48.82,50.27,53.36,57.66,64.67,70.16,70.82,70.59,68.93,66.22,63.45,62.79,62.59,62.43,62.11,61.60,61.46,61.28,61.17,61.26,61.55,62.19,63.27,64.64,66.02,67.38,68.71,69.75,70.27,70.53,70.76,70.95,71.10,71.18,71.02,70.83,70.66,70.44,70.22,70.05,69.80,69.40,69.05,68.78,68.79,69.07,69.50,69.90,70.19,70.42,70.65,70.95,71.12,71.08,70.88,70.65,70.42,69.30,66.20,60.52,58.57,57.48,56.64,56.06,55.85,55.26,54.29,53.11,52.00,50.73,50.02,49.77,49.75,49.68,49.66,49.59,49.47,49.38,49.27,49.15,49.06,49.06,49.06,49.01,48.98,49.03,49.18,49.33,49.45,49.45,49.20,48.99,48.81,48.63,48.39,48.08,47.60,47.05,46.54,46.18,45.96,45.78,45.61,45.47,45.37,45.24,45.10,44.94,44.79,44.68
69.73,69.70,69.70,69.68,69.62,69.60,69.57,69.50,69.50,69.44,69.40,69.39,69.31,69.23,69.16,69.11,69.09,69.01,68.93,68.88,68.86,68.78,68.77,68.77,68.82,69.05,69.21,69.42,69.63,69.84,70.30,71.05,71.85,72.62,73.36,73.88,73.95,73.66,73.14,72.66,72.20,72.03,72.29,72.50,72.30,72.07,71.81,71.17,70.62,70.27,69.48,67.68,65.96,64.92,64.05,63.22,62.75,62.35,61.96,61.54,61.11,60.78,60.43,60.04,59.64,59.28,58.20,56.33,53.95,51.71,50.21,49.59,49.42,49.34,49.27,49.20,49.12,49.07,49.10,48.99,48.86,48.71,48.46,48.30,48.06,47.81,47.62,47.52,47.44,47.35,47.43,48.03,48.71,49.37,50.25,51.34,51.17,50.63,50.20,49.98,49.78,49.58,49.51,49.60,50.10,52.53,56.21,59.47,61.05,61.30,61.79,62.29,62.67,63.06,63.45,63.83,64.22,64.54,64.41,64.11,63.73,63.29,62.82,62.34,63.01,63.69,61.80,59.92,58.29,57.89,59.16,59.81,58.69,56.09,52.70,50.05,49.00,48.36,47.71,47.02,46.32,45.63,45.38,45.86,46.84,47.85,48.71,49.89,52.61,57.33,64.22,69.56,70.64,70.73,70.04,67.86,65.08,64.80,64.59,64.04,63.35,62.92,62.79,62.65,62.61,62.71,62.72,62.84,63.63,64.95,66.27,67.54,68.84,69.82,70.22,70.47,70.70,70.89,71.06,71.23,71.08,70.89,70.73,70.57,70.40,70.24,70.07,69.85,69.60,69.31,69.30,69.56,69.88,70.10,70.32,70.53,70.72,71.01,71.10,71.06,70.99,70.99,70.80,70.28,67.58,60.96,58.84,57.30,55.52,53.82,53.31,52.82,52.00,51.01,50.38,50.01,49.80,49.69,49.63,49.55,49.53,49.49,49.41,49.33,49.30,49.27,49.25,49.25,49.25,49.20,49.20,49.34,49.49,49.65,50.02,50.33,49.83,49.60,49.44,49.27,49.02,48.72,48.23,47.66,47.08,46.57,46.04,45.69,45.49,45.33,45.19,45.09,44.97,44.82,44.66,44.52
69.77,69.75,69.74,69.70,69.66,69.62,69.58,69.55,69.55,69.48,69.44,69.43,69.36,69.31,69.25,69.18,69.14,69.07,69.02,68.98,68.94,68.91,68.90,68.88,68.90,69.13,69.29,69.50,69.70,69.95,70.61,71.46,72.32,73.12,73.87,74.42,74.54,74.31,73.87,73.41,73.00,72.91,73.17,73.09,72.50,71.95,71.45,70.72,69.96,69.30,68.42,67.09,66.22,65.35,64.52,63.80,63.26,62.81,62.41,62.00,61.55,61.19,60.95,60.77,60.61,60.41,59.77,58.65,57.21,55.80,54.34,51.79,49.65,49.55,49.50,49.44,49.36,49.31,49.37,49.32,49.26,49.17,48.94,48.74,48.42,48.02,47.65,47.44,47.34,47.26,47.34,47.91,48.56,49.17,49.82,50.46,50.30,49.93,49.63,49.45,49.34,49.28,49.34,49.52,50.03,52.15,55.58,58.90,61.00,61.87,62.48,62.67,62.71,63.49,64.14,64.41,64.44,64.37,64.03,63.58,63.12,62.66,62.22,62.17,62.99,63.52,61.46,59.29,57.23,55.86,55.63,55.87,55.15,53.44,51.19,49.55,48.71,48.09,47.45,46.79,46.10,45.40,45.27,45.93,46.77,47.66,48.45,49.35,51.30,56.12,63.00,68.61,70.46,70.87,70.46,68.94,66.94,66.43,65.89,65.19,64.55,64.23,64.12,64.05,64.06,64.18,64.15,64.14,64.52,65.28,66.29,67.52,68.82,69.81,70.19,70.41,70.63,70.84,71.04,71.21,71.14,71.00,70.85,70.70,70.58,70.46,70.32,70.17,70.01,69.82,69.79,69.94,70.13,70.32,70.52,70.70,70.87,71.09,71.09,70.98,70.86,70.86,70.88,70.75,69.00,64.01,61.03,58.75,56.48,54.21,52.57,51.46,50.68,50.16,49.89,49.78,49.70,49.63,49.55,49.51,49.50,49.46,49.40,49.40,49.43,49.45,49.46,49.48,49.46,49.39,49.39,49.52,49.70,50.55,51.82,52.89,52.49,51.69,51.06,50.57,50.06,49.44,48.81,48.21,47.63,47.01,46.33,45.84,45.54,45.35,45.16,44.99,44.83,44.65,44.53,44.38
69.81,69.81,69.80,69.72,69.70,69.66,69.61,69.61,69.60,69.55,69.52,69.50,69.43,69.42,69.37,69.28,69.21,69.14,69.11,69.08,69.03,69.02,69.02,68.98,68.98,69.18,69.35,69.56,69.78,70.08,70.93,71.86,72.75,73.60,74.38,74.97,75.10,74.91,74.60,74.16,73.83,73.77,73.88,73.29,72.30,71.40,70.69,70.01,69.21,68.38,67.58,66.90,66.75,65.97,65.09,64.41,63.79,63.29,62.86,62.45,62.00,61.60,61.37,61.21,61.04,60.82,60.63,60.43,60.22,59.90,58.79,54.88,51.25,51.09,51.01,50.30,49.80,49.97,50.58,50.71,50.66,50.46,49.97,49.38,48.86,48.32,47.75,47.39,47.23,47.20,47.35,47.89,48.47,49.00,49.42,49.63,49.66,49.53,49.34,49.13,48.99,49.04,49.22,49.47,49.98,51.82,54.87,58.06,60.55,62.18,63.04,63.03,62.79,63.89,64.57,64.70,64.46,63.99,63.44,62.95,62.48,62.02,61.62,62.13,63.10,63.33,60.98,58.71,56.44,54.20,52.37,52.03,51.68,50.88,49.77,48.99,48.34,47.71,47.09,46.47,45.80,45.17,45.17,45.96,46.67,47.44,48.17,48.88,50.06,54.47,61.32,67.42,70.26,70.96,70.64,69.77,68.66,67.82,66.95,66.23,65.75,65.55,65.46,65.45,65.53,65.66,65.67,65.65,65.67,65.83,66.44,67.49,68.73,69.74,70.17,70.37,70.58,70.80,71.01,71.15,71.18,71.11,70.99,70.86,70.77,70.69,70.58,70.44,70.35,70.27,70.24,70.26,70.36,70.55,70.73,70.89,71.03,71.17,71.08,70.88,70.67,70.59,70.78,70.77,69.77,66.78,63.18,60.42,57.97,55.35,52.60,50.72,49.90,49.81,49.78,49.73,49.66,49.59,49.53,49.53,49.52,49.48,49.45,49.51,49.59,49.63,49.69,49.82,49.69,49.58,49.56,49.66,49.95,51.81,54.15,55.95,55.75,54.39,53.20,52.25,51.28,50.16,49.33,48.67,48.08,47.39,46.63,46.06,45.67,45.44,45.21,44.98,44.75,44.55,44.47,44.32
69.88,69.88,69.85,69.78,69.72,69.69,69.67,69.67,69.61,69.58,69.58,69.57,69.55,69.55,69.47,69.35,69.27,69.20,69.17,69.17,69.15,69.15,69.15,69.11,69.08,69.20,69.40,69.63,69.89,70.32,71.24,72.18,73.10,74.00,74.87,75.47,75.64,75.52,75.29,74.86,74.66,74.49,74.04,72.98,71.75,70.67,69.84,69.33,68.90,68.69,68.53,68.11,67.29,66.47,65.72,65.03,64.37,63.81,63.34,62.91,62.49,62.05,61.81,61.64,61.43,61.25,61.09,60.94,60.77,60.54,60.14,58.87,57.64,57.40,57.02,53.33,50.94,52.04,55.13,55.83,55.56,54.66,52.73,50.43,49.30,48.68,48.03,47.49,47.17,47.17,47.47,48.00,48.46,48.82,49.09,49.24,49.31,49.21,49.02,48.82,48.73,48.87,49.11,49.41,49.83,51.02,53.40,56.32,59.16,61.42,63.08,63.83,64.00,64.56,64.23,64.34,64.50,63.91,62.93,62.31,61.85,61.39,61.02,62.12,63.36,63.26,60.14,57.94,55.80,53.56,51.47,50.35,49.90,49.51,48.99,48.45,47.79,47.15,46.53,45.92,45.34,45.01,45.17,45.85,46.55,47.30,48.03,48.73,49.66,52.29,58.80,65.80,69.96,70.89,70.77,70.28,69.58,68.80,68.04,67.40,66.97,66.87,66.84,66.88,67.00,67.17,67.19,67.14,67.12,67.16,67.33,67.63,68.58,69.59,70.11,70.35,70.54,70.74,70.94,71.04,71.10,71.17,71.19,71.10,71.02,70.94,70.83,70.69,70.61,70.53,70.50,70.52,70.60,70.76,70.92,71.06,71.15,71.19,71.04,70.79,70.52,70.34,70.37,69.79,68.26,65.55,62.90,60.93,58.84,56.13,53.26,50.92,49.86,49.79,49.73,49.70,49.69,49.67,49.65,49.65,49.60,49.56,49.56,49.64,49.72,49.78,50.01,50.51,50.02,49.77,49.73,49.86,50.54,53.69,56.86,58.81,58.70,57.56,56.09,54.45,52.65,50.84,49.70,48.90,48.22,47.47,46.75,46.21,45.86,45.63,45.39,45.16,44.93,44.74,44.69,44.48
69.90,69.96,70.01,69.86,69.77,69.73,69.73,69.73,69.66,69.66,69.67,69.67,69.67,69.65,69.56,69.45,69.38,69.30,69.30,69.31,69.31,69.31,69.29,69.23,69.19,69.25,69.45,69.67,69.97,70.52,71.44,72.41,73.35,74.28,75.22,75.96,76.18,76.06,75.91,75.54,75.23,74.77,73.95,72.84,71.68,70.63,69.81,69.42,69.39,69.47,69.36,68.81,67.83,67.05,66.35,65.66,64.97,64.36,63.83,63.38,62.97,62.53,62.25,62.04,61.85,61.69,61.54,61.37,61.18,60.99,60.89,60.79,60.62,60.37,60.02,57.09,55.17,56.04,58.76,59.80,59.89,59.05,56.63,53.96,51.14,49.13,48.44,47.80,47.25,47.14,47.47,47.94,48.29,48.54,48.73,48.87,48.95,48.88,48.72,48.55,48.54,48.72,49.00,49.30,49.63,50.26,51.67,53.94,56.97,59.58,62.31,63.88,64.18,64.20,63.50,63.70,64.30,64.22,63.52,62.75,61.99,61.20,60.39,61.09,61.80,61.38,58.80,56.81,54.85,52.79,50.84,49.62,49.09,48.72,48.32,47.82,47.23,46.66,46.09,45.54,45.03,44.94,45.23,45.84,46.53,47.27,47.98,48.66,49.40,50.77,56.98,64.57,69.67,70.71,70.87,70.67,70.18,69.61,69.09,68.57,68.21,68.20,68.19,68.29,68.45,68.62,68.63,68.59,68.52,68.43,68.36,68.34,68.91,69.63,70.05,70.28,70.42,70.57,70.73,70.84,70.92,71.02,71.12,71.12,71.10,71.09,71.03,70.94,70.87,70.81,70.75,70.74,70.85,70.97,71.07,71.12,71.09,71.09,71.02,70.81,70.49,70.18,69.34,67.46,64.95,62.62,60.94,59.57,57.76,55.13,52.38,50.60,49.86,49.79,49.74,49.73,49.76,49.78,49.78,49.78,49.72,49.66,49.66,49.72,49.80,50.41,51.56,52.85,52.31,51.34,50.76,51.20,53.36,56.36,58.74,59.98,59.91,59.09,57.33,54.95,52.41,50.60,49.56,48.79,48.09,47.36,46.74,46.32,46.05,45.83,45.67,45.55,45.42,45.30,45.31,45.03
70.15,70.20,70.23,69.94,69.83,69.81,69.81,69.79,69.72,69.75,69.79,69.79,69.80,69.74,69.66,69.57,69.50,69.42,69.45,69.50,69.50,69.50,69.45,69.37,69.31,69.32,69.52,69.69,70.01,70.67,71.59,72.60,73.59,74.56,75.58,76.45,76.72,76.58,76.47,76.18,75.63,74.81,73.81,72.92,71.98,71.09,70.38,70.10,70.38,70.39,69.95,69.11,68.38,67.69,66.99,66.29,65.60,64.91,64.34,63.87,63.42,63.02,62.69,62.45,62.29,62.14,61.97,61.78,61.58,61.43,61.34,61.26,61.13,60.95,60.88,60.88,60.79,60.74,61.36,62.54,63.26,62.85,60.72,58.64,54.03,50.07,48.97,48.22,47.41,47.11,47.37,47.74,47.99,48.18,48.34,48.48,48.57,48.54,48.43,48.31,48.39,48.60,48.87,49.15,49.38,49.60,49.98,51.40,54.23,56.78,60.47,62.83,63.27,62.92,62.39,62.72,63.58,64.28,64.36,63.70,62.59,61.19,59.69,59.40,59.14,58.45,57.14,55.43,53.66,51.90,50.32,49.45,48.87,48.31,47.74,47.20,46.72,46.23,45.76,45.29,44.83,44.93,45.34,45.91,46.59,47.29,47.98,48.63,49.20,49.84,55.74,63.54,69.19,70.43,70.92,70.94,70.56,70.29,70.03,69.65,69.36,69.41,69.41,69.56,69.73,69.86,69.87,69.86,69.75,69.55,69.37,69.34,69.53,69.79,70.03,70.19,70.29,70.38,70.48,70.61,70.70,70.78,70.88,71.00,71.07,71.14,71.17,71.15,71.09,71.08,71.00,70.94,71.06,71.14,71.16,71.09,70.91,70.91,71.02,70.92,70.57,70.12,68.20,64.76,61.15,59.18,58.19,57.17,55.57,53.23,50.83,50.10,49.92,49.81,49.81,49.85,49.96,50.08,50.12,50.07,49.90,49.76,49.73,49.80,49.86,51.38,53.94,56.14,55.79,53.95,52.61,53.43,57.27,59.16,59.86,59.98,59.84,58.98,56.85,53.95,51.08,49.77,49.08,48.47,47.79,47.15,46.72,46.47,46.30,46.12,46.08,46.11,46.14,46.13,46.17,45.83
71.78,71.19,70.44,69.97,69.87,69.86,69.86,69.85,69.78,69.79,69.82,69.88,69.91,69.86,69.75,69.64,69.57,69.54,69.58,69.65,69.69,69.69,69.63,69.53,69.42,69.39,69.53,69.70,70.02,70.71,71.79,72.94,74.11,75.29,76.44,77.10,77.22,77.09,76.99,76.71,76.06,75.19,74.23,73.37,72.46,71.73,71.30,71.25,71.11,70.57,69.92,69.46,68.97,68.32,67.63,66.93,66.23,65.54,64.89,64.34,63.92,63.48,63.14,62.89,62.73,62.58,62.38,62.19,62.03,61.93,61.84,61.74,61.64,61.67,62.00,62.42,62.55,62.31,62.29,63.52,63.93,63.24,61.89,60.51,57.48,53.46,49.69,48.53,47.51,47.04,47.17,47.45,47.64,47.78,47.90,48.05,48.18,48.23,48.15,48.03,48.24,48.47,48.72,48.95,49.13,49.29,49.45,50.06,51.34,52.48,55.52,58.41,60.16,60.52,60.56,60.68,60.95,61.46,62.51,63.43,62.77,60.38,58.78,57.90,57.25,56.56,55.58,53.93,52.32,50.92,49.85,49.23,48.64,48.06,47.50,46.96,46.44,45.96,45.49,45.05,44.72,44.97,45.47,46.03,46.66,47.31,47.93,48.52,49.11,49.66,54.97,62.08,67.52,69.88,70.70,70.96,70.94,70.71,70.48,70.20,69.99,70.01,70.02,70.08,70.15,70.19,70.20,70.20,70.12,70.00,69.92,69.87,69.91,70.00,70.13,70.24,70.36,70.47,70.54,70.59,70.67,70.75,70.83,70.93,71.02,71.09,71.14,71.14,71.16,71.21,71.17,71.10,71.10,71.08,71.00,70.88,70.73,70.76,71.01,71.03,70.74,70.31,68.62,64.96,60.83,58.43,56.91,55.78,54.53,53.00,51.55,50.80,50.27,49.87,49.90,50.19,50.75,51.35,51.66,51.29,50.41,49.85,49.84,49.86,49.89,52.42,56.23,58.47,58.53,57.04,55.86,56.39,58.91,59.86,60.04,59.89,59.15,55.94,53.16,51.17,49.80,49.08,48.59,48.08,47.53,47.19,47.01,46.92,46.87,46.85,46.89,46.96,47.00,46.99,46.91,46.53
72.81,71.78,70.70,70.39,70.54,70.54,70.34,70.02,69.86,69.91,70.09,70.35,70.64,70.39,70.02,69.73,69.66,69.64,69.69,69.77,69.85,69.88,69.78,69.66,69.54,69.48,69.60,69.74,70.10,70.97,72.29,73.58,74.85,76.14,77.32,77.73,77.75,77.62,77.46,77.12,76.46,75.62,74.70,73.86,73.15,72.57,72.14,71.88,71.19,70.38,69.79,69.61,69.30,68.80,68.20,67.56,66.87,66.17,65.47,64.85,64.40,63.96,63.59,63.33,63.18,63.00,62.80,62.62,62.48,62.40,62.32,62.21,62.16,62.39,63.13,63.57,63.67,63.48,63.26,64.04,64.19,63.56,62.64,61.65,60.03,56.80,52.02,49.36,47.88,47.14,46.94,47.11,47.26,47.37,47.48,47.64,47.80,47.89,47.87,47.81,48.07,48.32,48.55,48.75,48.88,49.02,49.16,49.36,49.65,49.89,51.96,54.57,56.77,57.67,58.31,58.85,59.41,60.28,62.19,63.85,63.32,60.49,58.73,57.55,56.54,55.55,54.39,52.70,51.24,50.16,49.45,48.95,48.39,47.82,47.28,46.74,46.22,45.73,45.26,44.83,44.69,45.05,45.59,46.15,46.76,47.38,47.94,48.48,49.05,49.61,54.41,60.75,65.76,68.99,70.30,70.84,71.06,70.98,70.79,70.58,70.44,70.44,70.42,70.42,70.42,70.42,70.41,70.39,70.35,70.30,70.26,70.20,70.19,70.20,70.26,70.34,70.46,70.56,70.64,70.68,70.75,70.83,70.91,70.98,71.06,71.12,71.15,71.14,71.16,71.20,71.17,71.10,71.02,70.92,70.79,70.64,70.54,70.60,70.90,71.03,70.89,70.58,69.40,66.14,61.98,58.94,57.09,55.98,55.02,54.05,53.37,52.71,51.98,51.31,51.23,51.82,52.73,53.65,54.17,53.54,52.13,51.02,50.61,50.61,51.41,54.47,58.22,59.83,60.05,59.19,58.45,58.66,59.76,60.06,59.49,58.25,56.41,52.72,50.32,49.24,48.84,48.47,48.16,47.87,47.60,47.57,47.57,47.58,47.61,47.67,47.76,47.85,47.89,47.85,47.64,47.25
72.83,71.78,71.12,71.37,72.02,71.99,71.33,70.38,70.03,70.22,70.70,71.37,72.12,71.44,70.52,69.90,69.80,69.72,69.75,69.86,70.02,70.08,69.91,69.75,69.66,69.61,69.72,69.83,70.28,71.49,73.13,74.56,75.84,77.06,78.09,78.31,78.28,78.15,77.89,77.41,76.81,76.06,75.15,74.31,74.00,73.55,72.75,71.73,70.52,69.89,69.66,69.51,69.32,69.06,68.69,68.16,67.50,66.80,66.11,65.44,64.88,64.45,64.06,63.78,63.61,63.39,63.22,63.06,62.93,62.84,62.77,62.68,62.70,63.05,64.16,64.61,64.69,64.63,64.52,64.35,64.46,64.41,63.38,62.39,61.29,59.51,56.25,51.03,48.71,47.50,46.73,46.76,46.84,46.97,47.12,47.26,47.42,47.52,47.58,47.66,47.89,48.13,48.36,48.54,48.64,48.74,48.96,49.25,49.56,49.85,50.93,52.36,53.77,54.82,55.99,57.73,59.78,61.88,64.43,65.44,64.54,62.04,59.97,58.73,57.30,55.55,53.80,51.94,50.59,49.68,49.12,48.64,48.11,47.56,47.03,46.49,46.01,45.54,45.06,44.63,44.73,45.17,45.72,46.27,46.89,47.51,48.05,48.54,49.04,49.70,54.08,59.72,64.21,67.79,69.71,70.59,70.88,71.09,71.02,70.86,70.75,70.75,70.68,70.67,70.67,70.67,70.66,70.61,70.57,70.52,70.41,70.38,70.38,70.37,70.39,70.47,70.55,70.63,70.72,70.85,70.94,71.02,71.09,71.17,71.24,71.26,71.24,71.17,71.11,71.05,70.98,70.91,70.82,70.69,70.54,70.41,70.34,70.40,70.66,70.87,70.95,70.90,70.29,67.93,64.30,60.60,58.87,57.99,57.22,56.41,56.13,55.89,55.32,54.52,54.13,55.00,56.03,56.97,57.56,56.77,55.23,53.55,52.26,52.30,54.77,57.66,59.74,60.13,60.18,59.98,59.82,59.84,59.98,59.87,58.06,54.72,51.46,50.00,49.26,48.74,48.33,48.02,47.90,47.94,48.09,48.33,48.39,48.43,48.48,48.51,48.63,48.72,48.77,48.70,48.37,47.97
73.24,72.80,72.73,73.11,73.70,73.37,72.43,71.45,71.11,71.35,71.86,72.57,73.34,72.59,71.51,70.63,70.16,69.88,69.83,70.08,70.55,70.74,70.20,69.81,69.75,69.72,69.78,69.85,70.43,71.95,73.63,75.32,76.82,78.00,78.75,78.89,78.79,78.56,78.15,77.63,77.06,76.41,75.61,74.66,73.99,73.22,72.21,71.05,70.15,69.72,69.54,69.38,69.23,69.05,68.79,68.44,68.03,67.42,66.75,66.06,65.42,64.93,64.52,64.20,64.01,63.82,63.66,63.53,63.42,63.34,63.23,63.13,63.10,63.34,64.49,64.83,64.81,64.73,64.69,64.55,64.51,64.36,63.58,62.86,62.09,60.98,58.91,54.86,50.88,48.34,47.24,46.65,46.61,46.73,46.87,46.99,47.10,47.22,47.34,47.48,47.70,47.94,48.12,48.28,48.49,48.73,49.05,49.40,49.84,50.68,52.08,53.55,54.98,56.49,58.05,60.08,62.53,65.20,67.49,68.16,67.37,65.37,63.11,61.60,59.60,57.16,55.06,52.70,50.73,49.40,48.80,48.32,47.83,47.31,46.78,46.28,45.78,45.30,44.84,44.50,44.80,45.30,45.86,46.45,47.07,47.69,48.31,48.91,49.55,51.17,55.07,59.71,63.69,67.14,69.31,70.39,70.69,70.94,71.07,71.06,71.02,71.01,70.94,70.92,70.92,70.91,70.87,70.84,70.77,70.68,70.58,70.56,70.53,70.51,70.52,70.59,70.67,70.75,70.83,70.94,71.06,71.16,71.22,71.25,71.25,71.18,71.11,71.02,70.95,70.87,70.80,70.70,70.59,70.48,70.33,70.19,70.09,70.08,70.25,70.45,70.68,70.96,70.66,69.06,66.36,63.11,61.05,60.10,59.45,58.80,58.66,58.57,58.25,57.71,57.30,57.87,58.57,59.15,59.38,58.66,57.24,55.63,54.43,54.79,57.08,59.10,60.20,60.29,60.27,60.20,60.12,59.91,59.16,57.45,54.77,51.75,49.85,49.14,48.83,48.65,48.53,48.47,48.43,48.49,48.71,49.05,49.21,49.31,49.37,49.38,49.43,49.48,49.51,49.43,49.07,48.45
73.98,74.17,74.59,74.98,75.31,74.68,73.60,72.73,72.50,72.76,73.24,73.86,74.51,73.79,72.70,71.65,70.83,70.36,70.22,70.56,71.29,71.46,70.59,69.96,69.84,69.83,69.91,70.15,70.97,72.70,74.36,76.22,77.83,78.91,79.36,79.43,79.28,78.94,78.39,77.79,77.17,76.50,75.73,74.67,73.58,72.50,71.41,70.35,69.89,69.63,69.43,69.27,69.10,68.95,68.77,68.56,68.36,67.89,67.32,66.68,66.00,65.42,64.97,64.63,64.42,64.26,64.10,63.99,63.91,63.83,63.70,63.59,63.52,63.61,64.53,64.80,64.73,64.58,64.54,64.58,64.42,64.03,63.51,63.02,62.46,61.75,60.62,58.45,53.74,49.97,48.03,46.86,46.52,46.55,46.67,46.75,46.84,46.97,47.12,47.30,47.52,47.74,47.91,48.09,48.42,48.78,49.16,49.54,50.08,51.34,53.12,54.77,56.39,58.64,60.68,62.94,65.54,68.33,70.09,70.52,70.00,68.64,66.58,65.11,62.80,59.75,56.81,53.76,51.09,49.31,48.69,48.16,47.66,47.11,46.55,46.07,45.55,45.06,44.64,44.45,44.89,45.44,46.02,46.64,47.26,47.86,48.55,49.36,50.54,53.23,56.83,60.60,64.03,67.12,69.26,70.34,70.61,70.84,71.06,71.14,71.15,71.16,71.11,71.11,71.11,71.10,71.06,71.04,70.96,70.83,70.75,70.73,70.69,70.66,70.66,70.72,70.78,70.86,70.95,71.03,71.16,71.25,71.28,71.26,71.23,71.11,70.98,70.88,70.78,70.69,70.61,70.53,70.39,70.28,70.11,69.91,69.73,69.63,69.72,69.92,70.23,70.77,70.82,69.86,68.04,65.63,63.36,62.21,61.52,60.94,60.80,60.77,60.59,60.24,59.90,60.10,60.45,60.65,60.48,59.89,58.75,57.48,56.60,57.19,58.80,59.92,60.34,60.35,60.29,60.22,60.03,59.40,57.62,54.55,51.62,49.65,49.26,48.90,48.77,48.82,48.99,49.14,49.13,49.16,49.33,49.64,49.86,49.98,50.03,50.03,50.02,50.02,50.02,49.95,49.62,48.81
75.30,75.81,76.31,76.70,76.62,75.89,74.87,74.04,74.02,74.38,74.82,75.28,75.70,75.02,74.05,73.08,72.17,71.60,71.36,71.64,72.28,72.06,71.09,70.31,69.95,69.93,70.30,71.20,72.52,74.19,75.92,77.58,78.92,79.74,79.92,79.89,79.66,79.25,78.67,77.92,76.99,76.00,74.98,73.85,72.75,71.67,70.68,69.99,69.70,69.53,69.36,69.20,68.99,68.82,68.66,68.48,68.26,68.03,67.74,67.31,66.63,65.95,65.44,65.08,64.86,64.70,64.54,64.43,64.35,64.28,64.19,64.11,64.03,64.01,64.32,64.69,64.75,64.49,64.31,64.28,64.04,63.60,63.11,62.59,62.09,61.57,60.96,60.06,57.43,53.29,49.09,47.75,46.71,46.40,46.48,46.57,46.70,46.80,46.95,47.16,47.33,47.55,47.80,48.10,48.47,48.80,49.16,49.52,49.98,51.01,52.46,53.85,55.61,59.06,61.92,64.85,67.68,69.84,71.01,71.28,71.11,70.60,69.63,69.05,67.25,63.74,58.58,54.57,51.46,49.58,49.09,48.39,47.73,47.04,46.35,45.83,45.34,44.87,44.53,44.55,45.02,45.60,46.21,46.83,47.44,48.02,48.65,49.81,52.36,55.84,59.65,63.11,65.83,68.33,69.91,70.68,70.87,71.08,71.01,70.95,70.98,71.04,71.09,71.15,71.19,71.19,71.23,71.19,71.11,71.01,70.88,70.86,70.85,70.84,70.85,70.86,70.88,70.95,71.07,71.16,71.25,71.25,71.20,71.16,71.25,71.17,71.02,70.87,70.67,70.52,70.45,70.42,70.31,70.13,69.79,69.43,69.16,68.95,69.02,69.24,69.58,70.08,70.79,70.30,68.97,67.67,65.77,64.31,63.19,62.40,62.15,62.06,61.67,61.11,60.93,60.95,61.14,61.18,60.80,60.35,59.71,58.98,58.45,58.82,59.77,60.33,60.41,60.25,60.16,60.13,59.67,58.16,54.93,51.90,50.06,49.32,49.03,49.01,49.18,49.41,49.61,49.78,49.80,49.81,49.86,49.98,50.05,50.11,50.16,50.16,50.10,50.09,50.09,50.05,49.84,49.03
76.80,77.47,78.03,78.28,77.92,77.09,76.11,75.35,75.44,75.82,76.24,76.63,76.84,76.14,75.21,74.30,73.48,72.97,72.65,72.79,73.26,72.70,71.84,71.15,70.74,70.73,71.62,72.82,74.28,76.04,77.81,78.97,79.73,80.17,80.22,80.10,79.76,79.17,78.33,77.40,76.33,75.25,74.18,73.03,71.93,70.96,70.19,69.80,69.58,69.41,69.26,69.09,68.90,68.71,68.54,68.37,68.18,67.99,67.80,67.53,67.06,66.52,65.98,65.55,65.30,65.14,65.02,64.92,64.84,64.76,64.65,64.56,64.49,64.43,64.47,64.72,64.75,64.41,64.11,63.95,63.62,63.16,62.74,62.30,61.87,61.45,61.06,60.63,59.35,56.38,52.26,49.09,47.46,46.63,46.29,46.38,46.52,46.65,46.80,46.99,47.15,47.36,47.64,47.97,48.35,48.67,49.03,49.37,49.70,50.31,51.13,52.05,53.59,57.02,60.17,63.76,67.47,70.43,71.58,71.79,71.64,71.32,70.91,70.59,69.35,66.45,61.13,56.88,53.61,51.25,49.85,48.86,48.05,47.23,46.39,45.66,45.11,44.64,44.39,44.65,45.18,45.79,46.40,47.02,47.64,48.19,48.80,50.12,53.55,58.30,62.63,66.01,68.20,69.65,70.54,70.88,70.84,70.94,70.77,70.69,70.75,70.86,70.91,70.97,71.04,71.08,71.15,71.19,71.19,71.16,71.05,71.03,71.01,70.99,70.99,70.99,70.99,71.05,71.16,71.23,71.25,71.21,71.13,71.08,71.21,71.19,71.08,70.92,70.72,70.53,70.41,70.33,70.20,69.92,69.47,68.96,68.51,68.23,68.25,68.50,68.85,69.17,69.70,69.48,68.72,67.97,66.80,65.77,64.82,63.95,63.51,63.18,62.62,61.99,61.80,61.69,61.66,61.56,61.19,60.80,60.38,59.97,59.73,59.94,60.14,60.06,59.81,59.63,59.51,59.79,59.31,57.00,52.76,50.46,49.53,49.33,49.24,49.36,49.59,49.84,50.03,50.19,50.22,50.21,50.19,50.23,50.23,50.26,50.29,50.28,50.21,50.19,50.16,50.08,49.94,48.99
78.33,79.06,79.66,79.75,79.17,78.28,77.34,76.70,76.83,77.18,77.60,77.96,77.96,77.21,76.30,75.45,74.82,74.39,74.01,73.97,74.18,73.42,72.75,72.21,71.83,71.88,73.27,74.64,76.10,77.92,79.56,80.17,80.35,80.39,80.35,80.16,79.66,78.84,77.70,76.61,75.48,74.39,73.35,72.22,71.15,70.35,69.87,69.69,69.47,69.29,69.13,68.98,68.82,68.61,68.42,68.26,68.10,67.89,67.70,67.53,67.33,66.99,66.48,66.02,65.74,65.59,65.49,65.41,65.32,65.23,65.10,64.99,64.90,64.82,64.74,64.81,64.69,64.32,63.97,63.66,63.28,62.86,62.48,62.16,61.79,61.43,61.12,60.80,60.37,58.98,56.01,51.11,48.66,47.15,46.26,46.21,46.33,46.49,46.64,46.79,46.95,47.17,47.45,47.78,48.16,48.48,48.82,49.13,49.35,49.54,49.73,50.17,51.30,54.01,57.03,61.01,65.59,69.85,71.63,72.01,71.85,71.53,71.38,71.05,70.30,68.30,63.69,59.48,56.16,53.28,50.77,49.40,48.45,47.52,46.52,45.57,44.91,44.42,44.28,44.77,45.37,45.98,46.59,47.21,47.82,48.38,48.97,50.44,54.63,60.52,65.31,68.58,70.22,70.63,70.87,70.82,70.55,70.56,70.44,70.41,70.51,70.65,70.68,70.73,70.81,70.89,70.98,71.11,71.22,71.27,71.20,71.19,71.15,71.12,71.12,71.12,71.12,71.15,71.22,71.27,71.21,71.13,71.06,71.02,71.14,71.20,71.14,70.99,70.83,70.62,70.44,70.29,70.11,69.77,69.24,68.60,67.96,67.57,67.48,67.66,68.00,68.10,68.21,68.14,67.88,67.44,66.99,66.55,65.92,65.09,64.44,63.85,63.21,62.62,62.38,62.12,61.89,61.67,61.45,61.13,60.86,60.66,60.59,60.63,60.18,59.49,58.86,58.58,58.34,58.83,58.35,55.55,51.05,49.72,49.50,49.48,49.63,49.81,50.01,50.20,50.36,50.52,50.55,50.51,50.45,50.44,50.43,50.42,50.42,50.41,50.33,50.30,50.23,50.09,49.95,48.86
79.66,80.36,80.91,81.02,80.31,79.36,78.53,78.12,78.23,78.57,78.97,79.24,79.02,78.27,77.40,76.65,76.18,75.79,75.40,75.15,74.98,74.42,73.85,73.34,73.01,73.23,74.67,76.28,77.84,79.32,80.23,80.65,80.68,80.44,80.27,80.01,79.27,78.16,76.95,75.81,74.66,73.56,72.54,71.45,70.53,69.98,69.72,69.56,69.39,69.20,69.00,68.85,68.69,68.52,68.33,68.13,67.97,67.80,67.61,67.41,67.25,67.04,66.73,66.41,66.13,66.02,65.94,65.83,65.70,65.57,65.47,65.35,65.21,65.08,64.95,64.78,64.53,64.22,64.00,63.70,63.37,63.02,62.69,62.38,62.02,61.66,61.35,61.05,60.72,60.07,58.53,55.01,50.69,48.13,46.87,46.10,46.14,46.30,46.43,46.54,46.70,46.96,47.26,47.59,47.97,48.29,48.57,48.79,48.92,49.07,49.22,49.48,50.01,51.18,53.32,56.63,61.00,66.16,70.18,71.51,71.76,71.73,71.50,71.14,70.50,68.89,65.03,60.80,57.37,54.43,51.75,49.86,48.69,47.71,46.71,45.72,44.82,44.34,44.37,45.00,45.62,46.20,46.79,47.39,47.96,48.55,49.16,50.99,56.41,62.14,66.53,69.17,69.95,70.04,70.05,69.92,69.73,69.84,70.03,70.16,70.26,70.40,70.47,70.54,70.62,70.70,70.84,70.99,71.16,71.28,71.21,71.20,71.22,71.24,71.24,71.24,71.24,71.25,71.26,71.23,71.11,71.01,70.95,70.95,71.08,71.21,71.20,71.05,70.89,70.72,70.56,70.39,70.17,69.86,69.34,68.67,67.94,67.29,66.78,66.59,66.71,66.79,66.87,66.84,66.70,66.44,66.07,65.60,65.05,64.37,63.61,63.03,62.63,62.30,62.00,61.57,61.23,61.04,61.03,61.03,61.01,60.93,60.76,60.45,59.85,58.78,57.56,56.71,56.03,55.84,55.02,52.89,50.39,49.71,49.66,49.75,50.01,50.28,50.45,50.59,50.73,50.89,50.89,50.82,50.75,50.70,50.64,50.58,50.54,50.52,50.41,50.33,50.24,50.08,49.86,48.73
81.02,81.70,82.15,82.13,81.39,80.49,79.78,79.53,79.64,80.07,80.52,80.69,80.19,79.36,78.54,77.87,77.43,76.98,76.55,76.17,75.86,75.40,74.90,74.41,74.10,74.40,75.83,77.54,79.07,80.14,80.69,80.88,80.71,80.26,79.88,79.41,78.51,77.32,76.12,74.98,73.83,72.73,71.73,70.75,70.09,69.75,69.59,69.44,69.29,69.10,68.91,68.75,68.58,68.41,68.24,68.03,67.86,67.69,67.51,67.33,67.20,67.05,66.88,66.67,66.45,66.35,66.25,66.13,65.97,65.82,65.73,65.61,65.45,65.28,65.06,64.77,64.51,64.31,64.12,63.84,63.53,63.22,62.91,62.60,62.26,61.92,61.61,61.30,60.99,60.64,59.94,57.94,53.73,50.16,47.77,46.55,46.09,46.09,46.21,46.32,46.48,46.76,47.07,47.39,47.74,48.01,48.23,48.39,48.47,48.59,48.77,48.97,49.22,49.62,50.85,52.95,56.27,61.20,65.93,68.67,70.17,70.83,70.97,70.68,70.08,68.63,65.22,61.16,57.86,55.02,52.37,50.15,48.86,47.84,46.83,45.80,44.76,44.34,44.52,45.21,45.87,46.47,47.07,47.65,48.20,48.80,49.73,52.17,58.08,62.81,66.46,68.66,69.06,68.91,68.72,68.48,68.30,68.49,68.91,69.30,69.67,70.06,70.25,70.35,70.44,70.55,70.71,70.95,71.11,71.15,71.11,71.12,71.16,71.20,71.23,71.26,71.27,71.25,71.21,71.13,71.01,70.90,70.83,70.85,71.01,71.17,71.23,71.14,70.97,70.81,70.67,70.51,70.28,69.98,69.48,68.82,68.02,67.22,66.46,65.93,65.69,65.50,65.53,65.52,65.44,65.31,65.03,64.46,63.85,63.25,62.46,61.99,61.75,61.63,61.43,60.95,60.48,60.27,60.47,60.70,60.81,60.84,60.72,60.34,59.81,58.66,57.18,55.94,54.84,54.08,53.05,51.50,50.22,49.95,50.02,50.19,50.49,50.80,50.97,51.06,51.18,51.28,51.21,51.08,50.95,50.85,50.74,50.66,50.59,50.55,50.42,50.31,50.20,49.98,49.42,48.15
82.44,83.09,83.38,83.14,82.46,81.68,81.09,80.91,81.03,81.63,82.16,82.24,81.47,80.54,79.73,79.06,78.50,77.98,77.46,77.06,76.79,76.34,75.88,75.42,75.11,75.41,76.79,78.47,79.83,80.51,81.05,80.97,80.54,79.95,79.35,78.59,77.65,76.58,75.47,74.41,73.19,72.00,70.97,70.15,69.81,69.62,69.47,69.32,69.16,69.00,68.84,68.68,68.46,68.30,68.15,67.97,67.77,67.59,67.44,67.30,67.20,67.07,66.96,66.84,66.69,66.60,66.47,66.31,66.16,66.02,65.92,65.80,65.63,65.45,65.12,64.80,64.62,64.55,64.32,64.03,63.72,63.41,63.10,62.79,62.48,62.16,61.86,61.55,61.24,60.90,60.49,59.78,57.30,53.09,49.16,47.51,46.25,45.93,45.98,46.13,46.29,46.57,46.88,47.18,47.47,47.65,47.81,47.93,48.02,48.11,48.30,48.53,48.78,49.10,49.54,50.24,52.01,55.71,59.77,64.04,67.26,68.91,69.78,69.65,69.00,67.53,64.32,60.68,57.69,55.08,52.55,50.25,48.90,47.86,46.84,45.77,44.70,44.38,44.71,45.41,46.12,46.80,47.41,47.97,48.52,49.13,50.77,54.09,59.63,62.85,65.53,67.37,67.73,67.39,67.02,66.66,66.42,66.66,67.20,67.91,68.72,69.52,69.94,70.14,70.28,70.45,70.63,70.99,71.07,70.91,70.92,70.98,71.01,71.04,71.12,71.20,71.20,71.16,71.09,71.01,70.93,70.81,70.72,70.74,70.93,71.11,71.22,71.24,71.05,70.88,70.77,70.64,70.40,70.10,69.64,68.98,68.14,67.30,66.46,65.69,64.99,64.39,64.28,64.23,64.14,64.11,63.96,63.31,62.58,61.96,61.19,60.82,60.71,60.73,60.71,60.26,59.67,59.41,59.78,60.17,60.37,60.49,60.55,60.31,59.98,58.98,57.53,56.10,54.72,53.59,52.50,51.35,50.48,50.38,50.55,50.79,51.09,51.39,51.55,51.62,51.65,51.63,51.45,51.24,51.04,50.90,50.75,50.64,50.57,50.48,50.35,50.24,50.11,49.72,48.62,47.15
83.85,84.36,84.44,84.21,83.61,82.96,82.49,82.35,82.44,83.02,83.56,83.66,82.86,82.16,81.10,79.93,79.18,78.61,78.17,77.86,77.64,77.23,76.78,76.37,76.13,76.40,77.64,79.05,80.18,80.82,81.32,81.06,80.53,79.95,79.32,78.55,77.81,77.12,76.42,75.64,73.78,71.80,70.47,69.93,69.67,69.50,69.35,69.24,69.09,68.91,68.72,68.56,68.38,68.26,68.13,67.97,67.84,67.69,67.56,67.45,67.32,67.22,67.13,67.04,66.93,66.81,66.66,66.51,66.36,66.25,66.13,65.95,65.75,65.55,65.31,65.02,64.84,64.79,64.52,64.22,63.91,63.60,63.29,62.98,62.67,62.36,62.05,61.74,61.44,61.14,60.83,60.40,59.29,56.35,52.42,48.88,47.21,46.20,45.79,45.94,46.10,46.38,46.67,46.91,47.11,47.23,47.34,47.46,47.57,47.66,47.85,48.11,48.39,48.70,49.01,49.42,50.27,52.15,55.46,59.72,63.50,66.11,67.67,67.68,66.62,64.71,61.88,59.13,56.57,54.10,51.74,49.84,48.65,47.63,46.58,45.55,44.48,44.32,44.88,45.66,46.46,47.11,47.70,48.29,48.89,49.57,52.83,57.72,61.13,63.54,65.25,66.12,65.93,65.54,65.15,64.78,64.57,64.82,65.45,66.25,67.15,68.16,69.05,69.73,70.20,70.50,70.80,71.04,70.96,70.73,70.78,70.85,70.88,70.92,71.06,71.22,71.15,71.04,70.97,70.94,70.83,70.71,70.64,70.66,70.82,71.02,71.19,71.27,71.15,71.07,70.95,70.77,70.53,70.23,69.77,69.10,68.22,67.41,66.57,65.76,64.96,64.11,63.58,63.18,62.93,62.91,62.77,62.38,61.72,60.84,59.95,59.54,59.53,59.73,59.74,59.21,58.50,58.19,58.73,59.35,59.89,60.25,60.37,60.19,59.91,59.00,57.64,56.22,55.08,53.96,52.90,51.99,51.33,51.20,51.35,51.62,51.82,52.04,52.20,52.19,51.92,51.60,51.30,51.07,50.90,50.79,50.64,50.53,50.45,50.38,50.27,50.15,49.79,48.87,47.13,45.73
85.23,85.49,85.44,85.27,84.77,84.26,83.90,83.81,83.89,84.41,84.87,84.92,84.28,83.87,82.68,81.13,80.09,79.31,78.89,78.66,78.47,78.13,77.71,77.34,77.14,77.40,78.45,79.55,80.47,81.12,81.55,81.21,80.66,80.14,79.61,79.00,78.53,78.19,77.84,77.09,74.84,72.17,70.17,69.82,69.60,69.42,69.28,69.18,69.05,68.86,68.67,68.52,68.41,68.31,68.20,68.07,67.98,67.84,67.73,67.64,67.51,67.40,67.32,67.25,67.15,67.01,66.85,66.71,66.57,66.45,66.29,66.08,65.85,65.65,65.49,65.23,65.06,64.97,64.69,64.38,64.07,63.77,63.46,63.17,62.85,62.53,62.22,61.93,61.63,61.35,61.07,60.71,60.39,58.86,55.74,51.24,48.57,46.88,45.97,45.79,45.91,46.16,46.38,46.56,46.70,46.80,46.88,46.98,47.13,47.21,47.41,47.68,47.98,48.28,48.60,48.97,49.33,49.96,52.20,55.90,59.89,63.38,65.61,65.99,64.71,62.36,59.71,57.44,55.16,52.87,50.76,49.32,48.29,47.31,46.29,45.27,44.25,44.28,45.02,45.87,46.72,47.41,48.05,48.69,49.36,51.14,55.47,60.52,62.33,63.93,64.68,64.67,64.08,63.62,63.22,62.89,62.74,63.02,63.71,64.58,65.56,66.67,67.90,69.03,69.95,70.59,70.97,71.02,70.81,70.57,70.65,70.70,70.75,70.84,71.04,71.25,71.10,70.93,70.85,70.82,70.72,70.62,70.56,70.59,70.73,70.93,71.12,71.23,71.19,71.21,71.11,70.89,70.63,70.31,69.86,69.20,68.31,67.49,66.60,65.73,64.87,63.92,63.13,62.50,62.05,61.88,61.63,61.37,60.85,59.92,58.90,58.30,58.28,58.57,58.54,58.03,57.29,56.97,57.64,58.47,59.29,59.90,60.15,60.01,59.74,58.95,57.75,56.48,55.56,54.54,53.58,52.83,52.29,52.06,52.16,52.44,52.62,52.63,52.59,52.38,51.90,51.40,51.06,50.83,50.69,50.59,50.46,50.38,50.33,50.25,50.17,49.80,48.90,47.25,45.07,43.75
86.55,86.48,86.40,86.27,85.90,85.54,85.30,85.23,85.35,85.79,86.02,85.88,85.57,85.47,84.46,82.88,81.49,80.27,79.74,79.52,79.33,79.08,78.70,78.35,78.16,78.38,79.23,80.06,80.79,81.42,81.71,81.41,80.93,80.50,80.21,79.96,79.79,79.68,79.48,78.37,76.28,73.29,70.16,69.74,69.58,69.42,69.27,69.13,69.04,68.90,68.74,68.60,68.57,68.50,68.39,68.26,68.17,68.03,67.92,67.84,67.75,67.61,67.51,67.44,67.34,67.20,67.04,66.92,66.80,66.59,66.37,66.14,65.94,65.77,65.61,65.39,65.19,65.03,64.79,64.50,64.19,63.88,63.58,63.33,63.00,62.65,62.35,62.10,61.81,61.51,61.20,60.88,60.58,60.08,58.55,54.93,50.35,48.07,46.72,45.73,45.73,45.88,46.01,46.10,46.20,46.34,46.43,46.54,46.68,46.77,46.97,47.23,47.53,47.79,48.14,48.52,48.91,49.34,50.06,52.82,56.75,60.96,63.89,65.00,63.89,61.30,58.45,55.88,53.61,51.55,49.80,48.78,47.85,46.95,46.02,44.97,44.07,44.27,45.14,46.00,46.85,47.72,48.51,49.19,50.04,54.36,58.61,61.55,63.00,63.63,63.44,62.90,62.29,61.71,61.28,61.00,60.93,61.25,61.99,63.00,64.11,65.21,66.49,67.91,69.36,70.61,71.05,70.89,70.61,70.44,70.51,70.53,70.63,70.82,71.09,71.25,71.06,70.84,70.71,70.65,70.62,70.52,70.45,70.52,70.67,70.83,70.98,71.11,71.12,71.22,71.19,71.00,70.70,70.34,69.89,69.27,68.40,67.50,66.48,65.47,64.52,63.66,62.92,62.28,61.69,61.16,60.60,60.21,59.82,59.21,58.14,57.18,56.95,57.20,57.06,56.73,56.11,55.85,56.59,57.59,58.52,59.33,59.84,59.73,59.52,58.87,57.92,57.00,56.09,55.19,54.40,53.77,53.23,52.90,52.92,53.22,53.42,53.08,52.55,51.99,51.47,51.05,50.77,50.57,50.41,50.26,50.16,50.16,50.18,50.09,49.96,48.96,47.13,44.65,42.36,41.12
87.55,87.37,87.17,86.97,86.67,86.42,86.19,85.96,85.79,85.68,85.36,84.84,84.47,84.47,84.28,83.91,83.46,82.41,81.57,81.04,80.72,80.22,79.75,79.43,79.30,79.38,79.94,80.56,81.21,81.81,81.94,81.63,81.19,80.78,80.58,80.38,80.28,80.25,80.12,79.46,78.20,74.98,70.26,69.73,69.57,69.44,69.33,69.22,69.13,69.00,68.87,68.76,68.71,68.65,68.55,68.44,68.36,68.22,68.11,68.03,67.95,67.80,67.70,67.63,67.53,67.39,67.23,67.07,66.90,66.67,66.48,66.26,66.04,65.84,65.65,65.36,65.11,64.90,64.63,64.36,64.09,63.81,63.51,63.23,62.93,62.63,62.32,62.05,61.78,61.51,61.24,60.97,60.71,60.43,59.61,57.25,52.60,49.66,47.77,46.45,45.70,45.54,45.58,45.66,45.74,45.89,45.99,46.08,46.20,46.32,46.55,46.83,47.10,47.38,47.74,48.13,48.52,48.91,49.33,50.79,53.58,57.52,61.16,63.19,63.24,61.64,58.80,55.49,52.68,50.57,49.22,48.31,47.41,46.52,45.63,44.67,44.02,44.35,45.23,46.12,47.01,47.93,48.81,49.91,52.27,56.74,60.02,61.58,62.21,62.30,61.84,61.22,60.73,60.27,59.95,59.74,59.67,59.93,60.57,61.54,62.66,63.80,65.05,66.50,68.03,69.48,70.39,70.52,70.39,70.27,70.34,70.42,70.61,70.85,71.09,71.22,71.04,70.79,70.59,70.51,70.49,70.43,70.36,70.42,70.59,70.70,70.78,70.85,70.94,71.14,71.19,71.03,70.71,70.41,69.90,69.13,68.13,67.16,66.10,65.09,64.21,63.44,62.77,62.11,61.46,60.83,60.14,59.33,58.61,58.02,57.13,56.24,55.82,55.75,55.51,55.22,54.79,54.73,55.49,56.39,57.29,58.06,58.64,58.91,58.88,58.59,58.15,57.58,56.77,56.01,55.34,54.77,54.19,53.73,53.69,53.86,53.58,52.98,52.27,51.59,51.04,50.64,50.39,50.18,49.88,49.38,49.38,49.50,49.50,49.09,47.79,45.81,43.73,41.99,40.77,40.16
87.79,87.60,87.35,87.06,86.82,86.64,86.40,86.02,85.56,84.92,84.13,83.30,82.75,82.66,83.09,83.85,84.51,84.09,83.33,82.65,82.14,81.39,80.81,80.52,80.44,80.39,80.70,81.16,81.71,82.19,82.16,81.86,81.45,81.06,80.89,80.67,80.57,80.53,80.44,80.27,79.83,76.61,70.75,69.82,69.60,69.50,69.43,69.35,69.26,69.13,69.01,68.94,68.86,68.79,68.71,68.63,68.55,68.42,68.31,68.23,68.14,68.00,67.91,67.82,67.71,67.55,67.39,67.19,66.97,66.75,66.58,66.37,66.13,65.90,65.65,65.30,64.98,64.72,64.42,64.16,63.92,63.67,63.36,63.05,62.78,62.52,62.22,61.91,61.66,61.42,61.19,60.95,60.71,60.39,59.84,58.44,54.48,51.24,48.98,47.45,45.96,45.35,45.22,45.27,45.33,45.44,45.54,45.62,45.72,45.86,46.13,46.40,46.66,46.99,47.36,47.76,48.15,48.55,49.01,49.42,50.92,54.07,58.13,61.01,62.35,62.03,59.57,55.74,52.23,49.81,48.76,47.89,47.00,46.11,45.24,44.38,44.01,44.44,45.33,46.25,47.18,48.11,49.03,50.50,54.15,58.04,60.36,61.08,60.96,60.78,60.30,59.77,59.40,59.10,58.90,58.73,58.67,58.89,59.41,60.26,61.27,62.33,63.51,64.88,66.36,67.87,69.16,69.76,69.97,70.04,70.20,70.36,70.62,70.90,71.10,71.17,71.00,70.73,70.48,70.39,70.37,70.32,70.27,70.31,70.48,70.54,70.54,70.58,70.76,71.03,71.15,71.06,70.76,70.47,69.86,68.93,67.77,66.73,65.68,64.73,63.93,63.25,62.61,61.95,61.28,60.64,59.87,58.69,57.62,56.91,56.08,55.30,54.72,54.33,54.02,53.72,53.48,53.59,54.31,55.08,55.89,56.59,57.18,57.85,58.04,58.12,58.14,57.93,57.36,56.76,56.19,55.65,55.06,54.52,54.35,54.28,53.51,52.73,51.96,51.23,50.63,50.17,49.88,49.59,49.13,48.31,48.31,48.46,48.38,47.60,45.17,42.55,40.67,39.95,39.81,39.79
85.99,85.87,85.85,85.61,85.37,85.19,84.98,84.63,84.17,83.53,82.79,81.98,81.22,80.66,80.59,81.10,82.24,83.36,83.98,83.94,83.23,82.41,81.86,81.59,81.50,81.41,81.67,82.05,82.37,82.48,82.37,82.09,81.72,81.38,81.20,80.99,80.86,80.78,80.63,80.42,80.14,77.52,72.31,70.19,69.70,69.65,69.62,69.53,69.41,69.26,69.15,69.12,69.05,68.98,68.90,68.82,68.75,68.65,68.53,68.42,68.33,68.24,68.16,68.03,67.83,67.62,67.45,67.26,67.04,66.87,66.66,66.43,66.20,65.95,65.61,65.28,64.94,64.59,64.28,63.99,63.73,63.48,63.17,62.86,62.56,62.29,62.03,61.73,61.43,61.17,60.94,60.70,60.42,59.92,59.04,57.41,54.84,52.45,50.39,48.66,47.05,45.69,45.09,45.05,45.01,44.98,45.06,45.18,45.27,45.42,45.65,45.92,46.23,46.60,46.98,47.40,47.84,48.23,48.69,49.14,49.86,51.47,55.08,58.39,60.56,61.35,60.23,56.89,52.67,49.47,48.38,47.50,46.69,45.84,44.93,44.14,43.98,44.54,45.45,46.38,47.31,48.23,49.14,50.47,53.60,56.81,58.95,59.84,59.60,59.53,59.29,58.95,58.64,58.39,58.12,57.93,57.95,58.34,58.82,59.41,60.04,60.66,61.65,62.87,64.29,65.79,66.85,67.97,68.97,69.74,70.16,70.40,70.68,70.97,71.15,71.13,70.94,70.67,70.40,70.26,70.24,70.20,70.16,70.22,70.27,70.28,70.31,70.42,70.67,70.93,71.13,71.20,70.92,70.43,69.70,68.71,67.45,66.31,65.31,64.46,63.75,63.11,62.44,61.79,61.14,60.44,59.63,58.57,57.50,56.43,55.06,54.20,53.57,53.06,52.76,52.50,52.34,52.43,52.94,53.69,54.43,55.09,55.74,56.52,56.97,57.20,57.36,57.52,57.51,57.14,56.66,56.17,55.68,55.20,54.71,54.15,53.33,52.54,51.77,51.01,50.29,49.65,49.01,48.47,47.94,47.14,46.83,46.67,46.37,45.40,42.80,40.98,40.07,39.83,39.74,39.73
84.21,84.21,84.31,84.13,83.92,83.73,83.53,83.23,82.78,82.16,81.37,80.41,79.39,78.52,78.68,79.64,81.00,82.65,83.81,84.23,83.86,83.30,82.88,82.67,82.58,82.45,82.55,82.69,82.75,82.67,82.52,82.27,81.97,81.69,81.53,81.30,81.13,80.96,80.74,80.51,80.28,78.42,74.30,70.65,69.81,69.78,69.78,69.75,69.59,69.43,69.32,69.28,69.24,69.19,69.13,69.06,68.97,68.90,68.79,68.69,68.61,68.50,68.34,68.15,67.92,67.69,67.52,67.32,67.11,66.95,66.73,66.50,66.25,65.97,65.63,65.31,64.98,64.64,64.36,64.09,63.81,63.55,63.27,62.96,62.66,62.38,62.14,61.86,61.56,61.29,61.05,60.79,60.48,60.05,59.28,57.88,55.93,53.88,51.87,49.97,48.24,46.61,45.58,45.12,44.96,44.86,44.88,44.92,44.94,44.96,45.15,45.45,45.83,46.22,46.63,47.08,47.52,47.91,48.37,48.85,49.34,50.26,52.93,56.25,58.86,60.32,60.08,56.96,52.61,49.28,48.15,47.16,46.26,45.39,44.54,43.81,43.95,44.65,45.57,46.46,47.36,48.25,49.10,50.22,52.64,55.25,57.28,58.36,58.17,58.23,58.22,58.07,57.80,57.60,57.34,57.22,57.37,57.86,58.35,58.86,59.32,59.72,60.36,61.16,62.29,63.78,65.11,66.48,67.78,68.92,69.79,70.36,70.81,71.09,71.13,71.04,70.84,70.58,70.33,70.15,70.11,70.03,69.92,69.86,69.77,69.71,69.84,70.16,70.44,70.71,71.01,71.18,70.86,70.29,69.50,68.52,67.36,66.18,65.46,64.89,64.33,63.81,63.17,62.55,61.95,61.28,60.34,59.41,58.39,57.08,55.12,53.58,52.57,51.98,51.59,51.32,51.20,51.26,51.63,52.28,52.97,53.64,54.34,55.19,55.87,56.24,56.50,56.92,57.25,57.16,56.81,56.35,55.92,55.44,54.86,54.17,53.41,52.62,51.83,51.08,50.38,49.68,48.73,47.81,47.02,46.17,45.47,44.91,44.30,43.26,41.32,40.26,39.86,39.75,39.67,39.66
82.45,82.59,82.74,82.65,82.45,82.28,82.08,81.73,81.11,80.40,79.49,78.40,77.42,76.78,77.57,79.15,80.49,82.09,83.27,83.93,84.05,83.83,83.61,83.45,83.34,83.21,83.16,83.05,82.89,82.73,82.57,82.36,82.13,81.94,81.78,81.58,81.35,81.11,80.82,80.58,80.34,79.28,76.50,71.75,70.41,70.27,70.24,70.09,69.81,69.60,69.48,69.42,69.41,69.41,69.37,69.31,69.24,69.16,69.07,68.99,68.88,68.73,68.48,68.21,67.97,67.75,67.58,67.38,67.18,67.01,66.79,66.55,66.29,65.98,65.66,65.33,65.02,64.72,64.49,64.26,63.99,63.71,63.46,63.17,62.87,62.59,62.35,62.11,61.82,61.55,61.31,61.01,60.71,60.44,59.99,58.98,57.22,55.28,53.30,51.33,49.51,47.83,46.45,45.53,45.23,45.12,45.05,44.97,44.87,44.72,44.75,45.02,45.46,45.85,46.30,46.76,47.20,47.61,48.07,48.58,49.09,49.77,51.35,54.40,57.10,58.84,59.03,56.06,52.11,49.10,47.94,46.81,45.79,44.89,44.11,43.54,43.96,44.77,45.65,46.51,47.36,48.21,48.98,49.86,51.48,53.58,55.51,56.74,56.72,56.90,57.08,57.10,56.91,56.73,56.55,56.57,56.88,57.41,57.95,58.44,58.86,59.17,59.45,59.79,60.56,61.97,63.72,65.19,66.55,67.88,69.20,70.20,70.88,71.18,71.03,70.87,70.65,70.41,70.16,69.94,69.86,69.72,69.50,69.28,69.06,68.94,69.18,69.80,70.13,70.46,70.87,71.12,70.69,70.10,69.28,68.34,67.37,66.30,66.00,65.81,65.44,65.04,64.47,63.88,63.31,62.66,61.51,60.61,59.61,58.05,55.56,53.17,51.69,51.03,50.59,50.33,50.21,50.24,50.50,50.98,51.57,52.22,52.96,53.87,54.72,55.24,55.63,56.23,56.75,56.89,56.72,56.32,55.95,55.46,54.89,54.26,53.61,52.82,52.04,51.31,50.65,49.93,48.75,47.52,46.45,45.60,44.62,43.69,42.79,41.73,40.66,40.10,39.84,39.71,39.62,39.60
80.69,80.98,81.11,81.08,80.96,80.82,80.52,79.79,78.22,76.82,75.66,74.98,75.51,77.08,78.69,80.00,80.91,82.19,82.96,83.28,83.25,83.13,83.05,82.89,82.70,82.66,82.72,82.77,82.70,82.46,82.29,82.08,81.95,81.91,81.81,81.64,81.43,81.19,80.94,80.66,80.41,79.91,78.59,75.55,73.27,72.33,72.07,70.89,70.09,69.74,69.61,69.55,69.59,69.57,69.55,69.57,69.54,69.43,69.33,69.20,68.97,68.76,68.52,68.25,67.99,67.80,67.60,67.41,67.23,67.07,66.86,66.59,66.30,65.97,65.56,65.15,64.81,64.57,64.38,64.16,63.91,63.66,63.43,63.18,62.92,62.66,62.37,62.09,61.82,61.58,61.35,61.09,60.83,60.63,60.26,59.36,57.67,56.00,54.32,52.62,50.91,49.15,47.73,46.78,46.36,46.23,46.15,46.02,45.77,45.44,44.81,44.69,45.14,45.53,45.98,46.45,46.90,47.35,47.86,48.35,48.86,49.43,50.31,52.68,54.86,56.10,55.75,53.38,50.77,48.73,47.54,46.48,45.46,44.47,43.69,43.63,44.11,44.81,45.60,46.46,47.36,48.14,48.82,49.47,50.40,52.08,53.82,55.09,55.29,55.56,55.83,55.99,55.94,55.75,55.73,55.96,56.43,56.97,57.50,58.00,58.41,58.72,59.01,59.31,59.86,60.89,62.62,64.10,65.50,66.94,68.41,69.65,70.51,70.90,70.73,70.47,70.20,69.89,69.56,69.28,69.05,68.83,68.60,68.37,68.14,67.97,68.26,69.08,69.74,70.33,70.88,71.13,70.58,69.92,69.06,68.09,67.26,66.88,67.10,67.28,67.16,66.81,66.29,65.65,64.97,64.18,62.57,61.34,59.95,57.90,55.32,52.66,50.96,50.27,50.10,49.97,49.91,49.92,50.02,50.22,50.44,50.88,51.63,52.54,53.45,54.21,54.87,55.52,56.03,56.21,56.21,56.10,55.92,55.50,54.95,54.33,53.70,53.02,52.32,51.57,50.78,49.88,48.73,47.74,47.03,46.30,45.70,44.87,43.85,42.81,41.64,40.53,39.86,39.75,39.63,39.56
78.06,78.35,78.41,78.12,77.72,77.29,76.58,75.30,73.58,72.76,72.62,73.25,75.22,77.96,79.78,80.69,81.26,81.97,82.30,82.33,82.20,82.16,82.18,82.02,81.78,81.78,81.95,82.18,82.25,82.01,81.85,81.71,81.66,81.69,81.62,81.54,81.42,81.24,81.02,80.75,80.48,80.24,79.72,77.96,75.57,74.10,73.28,71.52,70.30,69.83,69.78,69.85,70.03,69.86,69.72,69.78,69.84,69.68,69.51,69.32,69.04,68.78,68.54,68.29,68.02,67.83,67.63,67.45,67.29,67.11,66.86,66.57,66.26,65.94,65.54,65.10,64.71,64.40,64.17,63.94,63.72,63.52,63.31,63.10,62.88,62.62,62.34,62.05,61.78,61.49,61.22,60.96,60.73,60.51,60.23,59.62,58.21,56.62,55.00,53.39,51.84,50.22,48.99,48.14,47.61,47.44,47.31,47.09,46.74,46.34,45.30,44.70,44.83,45.22,45.69,46.16,46.63,47.13,47.64,48.11,48.60,49.10,49.64,51.13,52.48,53.12,52.56,50.95,49.44,48.13,46.97,45.93,44.92,44.04,43.52,43.82,44.32,44.92,45.62,46.42,47.27,47.99,48.61,49.18,49.78,50.94,52.31,53.48,53.90,54.22,54.53,54.77,54.87,54.83,55.03,55.44,55.98,56.53,57.06,57.55,57.97,58.29,58.64,59.02,59.49,60.29,61.87,63.35,64.82,66.32,67.82,69.16,69.99,70.28,70.09,69.79,69.50,69.18,68.83,68.52,68.21,67.93,67.67,67.42,67.21,67.16,67.53,68.38,69.20,70.00,70.73,71.09,70.52,69.82,68.98,68.13,67.52,67.64,68.14,68.56,68.74,68.74,68.18,67.38,66.30,64.63,62.45,60.88,59.30,57.18,54.64,52.02,50.42,49.90,49.87,49.80,49.75,49.73,49.75,49.82,49.83,50.08,50.69,51.60,52.54,53.41,54.18,54.84,55.29,55.49,55.58,55.64,55.64,55.43,55.00,54.42,53.80,53.19,52.57,51.88,51.04,50.12,49.18,48.46,47.98,47.43,47.13,46.41,45.23,43.75,42.12,40.70,39.86,39.75,39.62,39.52
74.59,74.71,74.56,73.73,72.73,71.76,70.43,68.57,67.70,68.80,70.83,73.36,76.31,78.92,80.29,80.80,81.14,81.19,81.15,81.04,80.93,80.97,81.04,80.86,80.54,80.52,80.84,81.32,81.59,81.44,81.29,81.30,81.33,81.31,81.25,81.28,81.29,81.23,81.06,80.84,80.58,80.30,79.88,78.70,77.00,75.34,73.74,71.95,70.49,69.99,70.08,70.39,70.78,70.36,69.97,69.99,70.12,69.91,69.61,69.34,69.09,68.80,68.54,68.31,68.07,67.85,67.68,67.51,67.33,67.10,66.80,66.50,66.18,65.86,65.54,65.17,64.74,64.27,63.91,63.65,63.44,63.27,63.10,62.94,62.73,62.50,62.27,62.03,61.70,61.33,60.97,60.67,60.43,60.13,59.89,59.68,58.71,57.07,55.29,53.65,52.28,51.04,50.14,49.47,48.86,48.64,48.39,48.07,47.70,47.29,46.13,45.07,44.56,44.91,45.41,45.89,46.38,46.90,47.38,47.84,48.31,48.78,49.24,49.81,50.18,50.25,49.86,49.08,48.25,47.34,46.25,45.19,44.19,43.63,43.61,44.05,44.57,45.12,45.73,46.43,47.14,47.78,48.40,49.01,49.62,50.22,51.06,52.02,52.64,53.01,53.34,53.63,53.87,54.13,54.56,55.06,55.58,56.11,56.64,57.13,57.55,57.88,58.32,58.82,59.36,60.07,61.44,62.94,64.47,65.98,67.45,68.79,69.36,69.40,69.16,68.85,68.59,68.31,68.00,67.69,67.38,67.07,66.77,66.49,66.31,66.52,67.02,67.75,68.53,69.47,70.41,70.99,70.51,69.79,69.07,68.47,68.19,68.54,69.06,69.57,70.07,70.58,69.94,68.97,67.29,64.11,61.28,59.39,57.83,56.05,53.67,51.30,50.07,49.88,49.81,49.74,49.67,49.61,49.62,49.69,49.71,49.81,50.17,51.05,52.01,52.84,53.54,54.20,54.57,54.77,54.88,54.97,55.09,55.19,55.01,54.53,53.93,53.33,52.79,52.21,51.45,50.66,50.06,49.56,49.13,48.81,48.66,47.99,46.56,44.27,41.95,40.52,39.84,39.70,39.61,39.47
71.27,70.83,69.88,68.63,67.50,66.43,65.05,63.59,64.61,67.85,71.19,73.82,75.92,77.75,78.48,78.53,78.71,78.76,79.02,79.13,78.97,78.95,79.08,78.46,77.48,77.61,78.76,80.06,80.90,80.92,80.86,80.94,80.98,80.95,80.97,81.03,81.04,80.99,80.92,80.83,80.65,80.40,80.03,79.19,77.68,75.95,74.22,72.54,71.27,70.90,71.15,71.64,71.94,71.50,70.97,70.64,70.44,70.05,69.68,69.39,69.15,68.85,68.56,68.33,68.14,67.95,67.75,67.53,67.28,67.00,66.65,66.30,65.93,65.55,65.27,65.02,64.69,64.30,63.91,63.58,63.25,62.95,62.76,62.59,62.42,62.25,62.10,61.92,61.64,61.30,60.92,60.58,60.29,59.70,59.04,58.50,57.54,56.23,54.86,53.66,52.70,51.85,51.11,50.46,49.90,49.60,49.34,49.03,48.65,48.23,46.96,45.57,44.61,44.64,45.06,45.53,46.01,46.50,46.97,47.43,47.90,48.35,48.77,49.12,49.29,49.21,48.77,48.12,47.34,46.46,45.50,44.48,43.71,43.51,43.83,44.30,44.83,45.37,45.93,46.53,47.14,47.72,48.31,48.93,49.54,50.07,50.78,51.61,52.32,52.81,53.29,53.77,54.20,54.52,54.87,55.20,55.55,56.00,56.44,56.88,57.29,57.70,58.20,58.76,59.34,60.01,61.23,62.64,64.12,65.62,67.12,68.46,68.89,68.73,68.37,68.01,67.76,67.46,67.12,66.81,66.50,66.19,65.88,65.59,65.42,65.81,66.46,67.17,67.95,68.94,70.05,70.87,70.63,69.95,69.37,69.05,69.07,69.53,70.09,70.50,70.75,71.00,70.61,69.94,68.23,64.35,60.75,58.49,56.82,55.15,53.16,51.01,49.92,49.82,49.75,49.71,49.62,49.53,49.50,49.56,49.62,49.72,49.97,50.62,51.41,52.16,52.87,53.55,53.88,54.06,54.19,54.27,54.38,54.55,54.62,54.49,54.09,53.54,53.04,52.55,51.98,51.27,50.74,50.32,49.99,49.80,49.68,48.97,47.37,44.57,41.77,40.33,39.80,39.69,39.56,39.41
68.29,67.56,66.21,64.68,63.41,62.33,61.15,60.29,62.23,66.52,70.56,73.21,74.31,75.19,75.24,74.96,75.17,75.44,76.10,76.54,76.40,76.24,76.16,75.08,73.61,73.89,75.44,77.39,79.09,80.04,80.41,80.59,80.65,80.63,80.70,80.77,80.75,80.71,80.71,80.71,80.63,80.44,80.13,79.59,78.20,76.51,74.81,73.33,72.30,72.06,72.36,72.82,72.78,72.25,71.58,70.95,70.46,70.00,69.64,69.37,69.15,68.88,68.61,68.38,68.22,68.02,67.78,67.48,67.16,66.83,66.47,66.11,65.72,65.27,64.98,64.77,64.53,64.24,63.90,63.52,63.10,62.70,62.45,62.25,62.07,61.93,61.83,61.69,61.51,61.24,60.89,60.50,60.01,59.21,58.30,57.49,56.58,55.62,54.69,53.88,53.25,52.64,51.99,51.36,50.82,50.45,50.19,49.91,49.55,49.14,47.89,46.35,45.01,44.52,44.72,45.13,45.59,46.06,46.52,46.98,47.44,47.88,48.26,48.56,48.68,48.56,48.09,47.45,46.59,45.68,44.80,43.83,43.38,43.52,44.04,44.53,45.05,45.61,46.16,46.70,47.24,47.80,48.36,48.95,49.56,50.26,51.08,51.94,52.69,53.21,53.78,54.38,54.95,55.25,55.48,55.66,55.84,56.19,56.57,56.94,57.31,57.75,58.27,58.81,59.34,60.00,61.16,62.50,63.91,65.38,66.86,68.11,68.38,68.06,67.61,67.20,66.92,66.61,66.25,65.94,65.62,65.31,64.99,64.70,64.62,65.15,65.89,66.63,67.52,68.71,69.92,70.81,70.80,70.29,69.93,69.78,69.87,70.28,70.80,71.04,70.97,70.96,70.87,70.56,69.02,64.81,60.47,57.95,56.27,54.66,52.96,51.09,50.05,49.83,49.76,49.73,49.63,49.49,49.41,49.43,49.50,49.63,49.84,50.23,50.83,51.50,52.22,52.91,53.19,53.35,53.47,53.57,53.66,53.87,54.11,54.26,54.09,53.64,53.15,52.70,52.30,51.72,51.28,50.93,50.66,50.50,50.31,49.48,47.67,44.51,41.45,40.13,39.74,39.64,39.50,39.36
65.88,65.55,64.73,63.13,61.53,60.44,59.73,59.40,60.06,63.27,67.24,70.45,71.04,70.91,70.34,69.96,70.51,71.12,72.16,72.93,72.98,72.58,71.79,70.35,68.97,69.36,70.24,72.24,75.17,78.42,79.84,80.21,80.30,80.36,80.44,80.47,80.46,80.45,80.45,80.45,80.44,80.36,80.17,79.91,78.73,77.19,75.64,74.39,73.56,73.39,73.55,73.56,72.83,72.02,71.20,70.45,69.93,69.65,69.42,69.20,69.03,68.86,68.68,68.51,68.32,67.98,67.67,67.33,66.96,66.59,66.26,65.98,65.64,65.13,64.75,64.45,64.18,63.94,63.74,63.39,63.00,62.61,62.26,61.96,61.72,61.53,61.40,61.30,61.20,61.06,60.83,60.39,59.41,58.62,57.98,57.33,56.65,55.97,55.29,54.64,54.02,53.40,52.81,52.23,51.65,51.18,50.88,50.64,50.36,49.97,48.98,47.56,45.94,44.64,44.41,44.69,45.15,45.62,46.08,46.54,46.98,47.37,47.75,47.96,48.04,47.94,47.52,46.92,46.05,45.11,44.23,43.27,43.24,43.64,44.18,44.71,45.25,45.83,46.42,46.95,47.50,48.08,48.64,49.14,49.73,50.85,52.10,53.21,53.94,54.34,54.82,55.40,55.95,56.16,56.33,56.45,56.58,56.84,57.20,57.51,57.79,58.14,58.60,58.98,59.39,60.02,61.27,62.59,63.95,65.36,66.72,67.70,67.74,67.31,66.84,66.39,66.06,65.75,65.43,65.11,64.75,64.42,64.08,63.79,63.96,64.58,65.33,66.13,67.35,69.03,70.25,70.84,71.01,70.94,70.85,70.67,70.38,70.55,70.83,70.83,70.58,70.58,70.78,70.80,69.51,65.38,60.38,57.85,56.37,54.84,53.17,51.69,50.59,49.97,49.88,49.81,49.69,49.53,49.39,49.27,49.35,49.50,49.66,49.88,50.33,50.94,51.63,52.27,52.51,52.62,52.73,52.87,53.02,53.23,53.50,53.75,53.80,53.47,52.99,52.53,52.20,51.84,51.64,51.43,51.11,50.78,50.43,49.34,47.21,43.86,40.91,39.86,39.66,39.52,39.43,39.29
63.42,63.36,63.00,61.66,60.43,59.60,59.07,58.80,59.14,60.93,63.53,66.23,67.71,67.47,67.10,67.19,67.89,68.62,69.50,70.03,69.70,68.18,66.77,65.63,65.14,66.02,66.79,67.99,70.17,73.52,76.20,77.98,79.05,79.61,80.11,80.20,80.20,80.20,80.20,80.20,80.20,80.17,80.06,79.77,78.80,77.63,76.50,75.53,74.89,74.56,74.35,73.98,73.12,72.28,71.43,70.59,69.92,69.66,69.51,69.35,69.19,69.01,68.84,68.62,68.28,67.81,67.42,67.08,66.72,66.34,66.02,65.78,65.52,65.14,64.79,64.41,64.06,63.75,63.45,63.17,62.85,62.50,62.12,61.80,61.54,61.31,61.09,60.90,60.79,60.70,60.55,60.23,59.50,58.85,58.31,57.76,57.19,56.61,56.01,55.40,54.81,54.20,53.63,53.08,52.51,51.99,51.63,51.29,50.90,50.46,49.59,48.26,46.61,45.10,44.30,44.29,44.70,45.17,45.64,46.07,46.49,46.89,47.16,47.31,47.38,47.31,46.91,46.38,45.63,44.74,43.82,43.12,43.34,43.87,44.40,44.95,45.52,46.10,46.67,47.22,47.79,48.37,48.91,49.51,50.47,51.95,53.34,54.45,55.22,55.52,55.89,56.41,56.94,57.03,57.13,57.23,57.31,57.45,57.79,58.06,58.27,58.57,58.98,59.29,59.67,60.35,61.55,62.84,64.20,65.59,66.86,67.28,67.06,66.59,66.12,65.58,65.19,64.81,64.41,64.09,63.73,63.38,63.09,62.92,63.36,64.06,65.00,66.25,67.74,69.34,70.43,70.92,70.96,70.75,69.82,68.40,67.08,67.52,68.60,69.05,68.76,68.84,69.63,70.42,69.72,65.58,60.48,57.99,56.59,55.13,53.70,52.51,51.49,50.67,50.20,49.89,49.70,49.53,49.34,49.15,49.22,49.36,49.48,49.65,49.96,50.45,51.03,51.55,51.77,51.89,52.01,52.14,52.33,52.62,52.96,53.28,53.36,53.08,52.56,52.01,51.61,51.29,51.15,51.04,50.85,50.54,50.11,48.58,46.01,42.88,40.53,39.77,39.64,39.49,39.37,39.23
61.15,61.27,61.25,60.32,59.61,59.07,58.61,58.30,58.64,59.23,60.35,62.16,64.40,64.42,64.53,65.15,65.92,66.70,67.29,67.35,66.39,63.93,62.24,61.61,61.98,63.19,63.90,64.19,65.11,67.75,71.50,74.79,76.96,78.06,79.00,79.23,79.26,79.27,79.27,79.27,79.31,79.36,79.34,79.03,78.22,77.48,76.88,76.22,75.76,75.31,74.82,74.24,73.48,72.69,71.84,70.92,70.12,69.85,69.71,69.56,69.40,69.19,68.98,68.69,68.21,67.60,67.14,66.78,66.45,66.08,65.76,65.55,65.38,65.15,64.87,64.47,64.05,63.66,63.23,62.99,62.72,62.38,61.99,61.67,61.42,61.15,60.85,60.55,60.39,60.30,60.20,60.02,59.59,59.09,58.58,58.10,57.58,57.05,56.51,55.93,55.39,54.80,54.23,53.70,53.16,52.63,52.20,51.76,51.23,50.73,49.92,48.68,47.11,45.59,44.34,44.01,44.27,44.73,45.19,45.60,46.01,46.39,46.56,46.65,46.71,46.66,46.28,45.82,45.22,44.40,43.48,43.10,43.50,44.07,44.62,45.17,45.77,46.34,46.89,47.46,48.06,48.62,49.18,49.92,51.38,53.18,54.63,55.70,56.53,56.74,57.00,57.42,57.89,57.88,57.91,57.99,58.05,58.08,58.38,58.61,58.78,59.02,59.36,59.67,60.11,60.83,61.93,63.19,64.52,65.86,66.94,66.79,66.32,65.83,65.32,64.73,64.31,63.88,63.36,63.02,62.65,62.31,62.08,62.11,62.76,63.67,64.95,66.65,68.32,69.67,70.58,71.00,70.78,69.99,67.77,64.97,62.99,63.67,65.37,66.22,65.98,66.17,67.42,68.92,68.85,64.92,60.38,58.11,56.76,55.38,54.21,53.21,52.29,51.39,50.52,49.97,49.69,49.50,49.28,49.04,49.08,49.19,49.29,49.45,49.66,50.00,50.43,50.83,51.01,51.17,51.31,51.43,51.66,52.03,52.46,52.83,52.87,52.61,52.05,51.41,50.88,50.48,50.33,50.28,50.22,49.95,49.32,47.40,44.54,41.78,40.21,39.73,39.63,39.47,39.31,39.16
59.52,59.64,59.73,59.35,58.90,58.44,58.02,57.80,58.23,58.73,59.37,60.20,61.15,61.79,62.45,63.19,63.96,64.79,65.25,64.66,62.83,61.01,60.08,59.89,60.23,60.77,61.01,60.90,61.07,62.54,66.48,70.38,73.02,74.33,75.36,75.84,76.02,76.06,76.06,76.06,76.27,76.53,76.73,76.73,75.97,75.53,75.52,75.28,75.05,74.85,74.63,74.33,73.85,73.10,72.20,71.24,70.44,70.25,69.98,69.63,69.48,69.30,68.98,68.59,68.13,67.48,66.89,66.46,66.15,65.83,65.51,65.30,65.16,65.03,64.85,64.54,64.17,63.79,63.39,63.04,62.69,62.30,61.87,61.55,61.29,61.03,60.72,60.41,60.14,59.98,59.89,59.68,58.99,58.39,57.91,57.45,56.97,56.53,56.10,55.64,55.16,54.62,54.10,53.61,53.07,52.58,52.16,51.72,51.17,50.58,49.83,48.73,47.30,45.80,44.66,44.01,43.88,44.29,44.75,45.16,45.52,45.83,45.99,46.03,46.05,45.98,45.64,45.20,44.65,43.97,43.25,43.11,43.56,44.14,44.70,45.29,45.86,46.44,47.04,47.64,48.20,48.79,49.41,50.34,52.30,54.28,55.86,57.03,57.87,58.06,58.19,58.43,58.74,58.70,58.70,58.75,58.80,58.83,59.05,59.22,59.33,59.51,59.72,60.16,60.77,61.54,62.47,63.61,64.85,65.96,66.47,66.08,65.47,64.85,64.26,63.66,63.40,63.00,62.39,61.96,61.56,61.26,61.16,61.48,62.14,63.69,65.52,67.27,68.94,70.06,70.80,71.11,70.42,68.20,64.39,61.12,60.29,60.55,61.19,61.53,61.51,61.80,62.75,64.27,64.67,61.79,59.40,57.88,56.66,55.44,54.28,53.21,52.33,51.55,50.70,50.02,49.66,49.44,49.21,48.98,48.91,48.96,49.10,49.25,49.43,49.63,49.88,50.14,50.27,50.44,50.65,50.86,51.15,51.56,52.02,52.39,52.42,52.08,51.51,50.87,50.20,49.49,49.30,49.26,49.15,48.74,47.47,45.46,43.00,40.64,39.88,39.67,39.56,39.41,39.25,39.10
58.26,58.41,58.57,58.41,58.10,57.73,57.41,57.36,57.81,58.26,58.71,59.16,59.57,60.24,60.87,61.48,62.20,63.01,63.37,62.63,60.76,59.52,58.92,58.86,59.14,59.38,59.38,59.18,59.19,60.13,63.15,66.69,69.27,70.59,71.57,72.20,72.48,72.53,72.56,72.74,73.01,73.30,73.58,73.86,73.49,73.46,73.87,74.16,74.06,73.92,73.83,73.73,73.61,73.26,72.62,71.78,71.07,70.76,70.29,69.77,69.57,69.31,68.92,68.50,68.03,67.35,66.72,66.19,65.77,65.48,65.21,65.01,64.88,64.80,64.71,64.52,64.24,63.89,63.56,63.21,62.84,62.43,61.98,61.59,61.25,60.93,60.59,60.28,59.85,59.52,59.29,58.93,58.28,57.72,57.27,56.83,56.40,56.00,55.61,55.21,54.75,54.22,53.74,53.30,52.82,52.35,51.94,51.49,50.94,50.33,49.59,48.65,47.46,46.02,44.97,44.23,43.83,43.89,44.27,44.65,44.97,45.23,45.38,45.41,45.41,45.34,45.03,44.57,44.06,43.50,42.98,43.08,43.59,44.17,44.73,45.34,45.92,46.50,47.09,47.70,48.25,48.83,49.44,50.46,52.97,55.35,57.19,58.45,59.04,59.20,59.26,59.37,59.54,59.49,59.49,59.53,59.57,59.58,59.72,59.86,59.98,60.15,60.38,60.83,61.44,62.18,63.09,64.13,65.11,65.77,65.68,65.14,64.47,63.81,63.21,62.67,62.49,62.18,61.59,60.96,60.53,60.27,60.30,60.86,61.90,63.92,66.10,67.91,69.47,70.43,70.94,70.98,69.91,65.58,61.69,59.38,58.93,58.86,58.96,59.01,59.02,59.30,59.84,60.77,61.06,59.40,58.10,56.94,55.80,54.64,53.52,52.50,51.70,51.05,50.41,49.89,49.57,49.34,49.11,48.91,48.78,48.76,48.84,48.99,49.14,49.30,49.44,49.58,49.67,49.81,50.00,50.27,50.69,51.14,51.53,51.77,51.76,51.53,51.13,50.56,49.77,48.77,48.14,47.81,47.59,47.12,45.49,43.55,41.66,40.08,39.71,39.59,39.46,39.31,39.19,39.06
57.23,57.44,57.63,57.47,57.23,56.96,56.80,56.94,57.36,57.78,58.21,58.66,59.03,59.38,59.69,60.06,60.68,61.39,61.65,61.07,59.71,58.93,58.34,58.20,58.42,58.62,58.54,58.45,58.64,59.47,61.02,63.58,65.69,66.88,67.74,68.46,68.83,68.95,69.09,69.61,69.96,70.20,70.47,70.91,71.04,71.42,72.16,72.98,72.94,72.76,72.66,72.72,72.98,73.21,72.99,72.34,71.78,71.26,70.60,69.97,69.69,69.25,68.84,68.41,67.91,67.23,66.60,65.96,65.39,65.13,64.88,64.70,64.56,64.50,64.49,64.41,64.23,63.95,63.70,63.40,63.05,62.66,62.21,61.77,61.33,60.90,60.52,60.18,59.63,59.13,58.72,58.15,57.66,57.19,56.73,56.33,55.93,55.54,55.15,54.74,54.27,53.75,53.29,52.89,52.48,52.03,51.63,51.18,50.64,50.02,49.27,48.48,47.55,46.25,45.27,44.58,44.04,43.61,43.83,44.12,44.38,44.59,44.73,44.77,44.77,44.71,44.44,43.95,43.47,43.03,42.72,43.03,43.58,44.16,44.72,45.34,45.94,46.51,47.08,47.68,48.22,48.77,49.32,50.36,53.28,56.20,58.42,59.74,60.00,60.11,60.15,60.20,60.27,60.23,60.28,60.33,60.34,60.35,60.43,60.56,60.71,60.89,61.23,61.61,62.10,62.79,63.73,64.62,65.20,65.32,64.69,64.06,63.39,62.73,62.15,61.75,61.60,61.35,60.84,60.02,59.53,59.34,59.51,60.30,61.94,64.31,66.66,68.55,69.93,70.76,71.01,70.69,69.21,62.84,59.73,58.97,58.41,58.08,57.98,57.89,57.80,58.00,58.14,58.22,58.12,57.57,56.63,55.57,54.46,53.33,52.25,51.39,50.74,50.26,49.88,49.66,49.45,49.21,49.00,48.83,48.69,48.58,48.55,48.67,48.82,48.97,49.07,49.10,49.16,49.23,49.35,49.64,50.20,50.69,50.96,51.01,50.94,50.94,50.80,50.37,49.48,48.25,47.08,46.29,45.89,45.35,43.61,41.88,40.59,39.89,39.66,39.50,39.34,39.20,39.10,39.03
56.23,56.51,56.72,56.52,56.29,56.14,56.16,56.42,56.87,57.31,57.76,58.19,58.48,58.78,59.05,59.35,59.80,60.18,60.27,59.90,59.11,58.45,57.80,57.58,57.71,57.82,57.80,57.86,58.19,58.91,59.78,61.00,62.16,63.09,63.94,64.71,65.33,65.87,66.49,67.48,68.36,68.90,69.04,69.21,69.17,69.77,70.94,71.84,71.84,71.62,71.52,71.77,72.25,72.78,72.84,72.36,71.91,71.31,70.78,70.32,69.83,69.27,68.80,68.33,67.79,67.16,66.53,65.90,65.31,64.89,64.62,64.41,64.26,64.24,64.23,64.18,64.06,63.89,63.66,63.41,63.11,62.77,62.41,62.04,61.61,61.16,60.72,60.31,59.92,59.53,59.09,58.47,57.84,57.21,56.64,56.16,55.72,55.28,54.86,54.45,53.95,53.45,52.99,52.55,52.12,51.70,51.30,50.90,50.42,49.77,48.98,48.18,47.36,46.40,45.59,44.96,44.41,43.89,43.63,43.69,43.83,43.95,44.05,44.12,44.14,44.08,43.81,43.32,42.93,42.68,42.62,43.01,43.55,44.13,44.71,45.28,45.85,46.40,46.95,47.51,48.06,48.59,49.14,50.05,52.45,56.05,58.76,60.12,60.34,60.49,60.59,60.71,60.82,60.86,61.00,61.12,61.17,61.22,61.34,61.48,61.63,61.80,62.07,62.36,62.79,63.45,64.21,64.67,64.72,64.37,63.68,62.96,62.25,61.61,61.09,60.83,60.68,60.38,59.85,59.19,58.58,58.55,59.04,60.10,62.26,64.80,67.22,69.13,70.26,70.96,71.01,70.27,68.01,61.89,59.15,58.60,58.04,57.52,57.09,56.76,56.58,56.64,56.63,56.57,56.40,55.92,55.09,54.13,53.09,52.00,50.99,50.46,50.15,49.92,49.69,49.52,49.32,49.09,48.87,48.76,48.62,48.50,48.43,48.39,48.46,48.57,48.64,48.64,48.67,48.62,48.63,48.84,49.42,49.88,50.06,50.00,49.88,50.14,50.29,50.05,49.22,48.01,46.81,45.77,44.89,43.97,42.62,41.28,40.25,39.84,39.65,39.45,39.27,39.12,39.00,38.95
55.59,55.72,55.82,55.66,55.51,55.47,55.59,55.94,56.39,56.86,57.30,57.67,57.92,58.25,58.56,58.85,59.17,59.30,59.25,58.99,58.50,57.91,57.27,56.96,56.97,57.04,57.05,57.26,57.68,58.27,58.77,59.23,59.76,60.41,61.07,61.67,62.32,63.09,64.12,65.44,66.73,67.53,67.61,67.49,67.38,68.20,69.70,70.66,70.70,70.44,70.44,71.01,71.64,72.32,72.55,72.21,71.76,71.08,70.59,70.22,69.67,69.10,68.59,68.08,67.53,66.94,66.34,65.75,65.21,64.78,64.47,64.21,64.02,63.96,63.95,63.91,63.85,63.75,63.59,63.37,63.09,62.79,62.50,62.20,61.82,61.42,61.00,60.57,60.27,59.95,59.51,58.89,58.22,57.54,56.90,56.32,55.76,55.24,54.78,54.35,53.84,53.36,52.89,52.43,51.97,51.54,51.12,50.71,50.26,49.58,48.84,48.11,47.40,46.70,46.04,45.45,44.91,44.38,43.88,43.71,43.65,43.59,43.56,43.54,43.51,43.43,43.22,42.85,42.59,42.47,42.55,42.95,43.47,44.03,44.60,45.16,45.70,46.25,46.79,47.32,47.86,48.41,48.95,49.69,51.35,55.19,58.43,60.20,60.40,60.56,60.73,60.89,61.02,61.15,61.35,61.54,61.68,61.81,62.00,62.20,62.39,62.58,62.84,63.07,63.42,63.94,64.43,64.42,64.01,63.37,62.70,61.95,61.19,60.50,60.00,59.83,59.66,59.31,58.77,58.21,57.75,57.99,58.81,60.05,62.55,65.23,67.69,69.63,70.53,71.06,70.98,69.88,66.75,61.38,59.05,58.56,58.04,57.54,56.96,56.42,55.96,55.61,55.25,55.05,54.84,54.27,53.48,52.62,51.74,50.88,50.16,49.91,49.79,49.68,49.54,49.38,49.21,49.04,48.89,48.83,48.73,48.63,48.51,48.35,48.29,48.25,48.22,48.19,48.13,47.98,47.89,48.00,48.45,48.84,49.02,48.98,48.84,49.25,49.59,49.55,48.90,47.72,46.55,45.38,44.20,43.05,41.95,40.88,40.04,39.79,39.62,39.41,39.21,39.05,38.91,38.89
55.44,55.19,55.01,54.98,55.00,55.00,55.12,55.50,55.95,56.41,56.80,57.12,57.38,57.78,58.17,58.50,58.71,58.76,58.61,58.30,57.82,57.27,56.72,56.34,56.21,56.28,56.30,56.62,57.08,57.50,57.91,58.30,58.68,59.04,59.34,59.58,59.98,60.70,61.96,63.39,64.90,65.86,65.90,65.52,65.59,66.64,68.30,69.39,69.46,69.24,69.45,70.47,71.20,71.88,72.16,71.92,71.41,70.65,70.06,69.61,69.18,68.69,68.16,67.62,67.06,66.51,65.98,65.47,65.06,64.78,64.44,64.12,63.85,63.67,63.64,63.63,63.59,63.53,63.49,63.30,63.03,62.74,62.50,62.19,61.91,61.63,61.30,60.91,60.59,60.23,59.78,59.17,58.65,58.07,57.43,56.76,56.04,55.41,54.88,54.42,53.95,53.48,53.03,52.56,52.09,51.58,51.10,50.65,50.16,49.49,48.90,48.33,47.76,47.20,46.64,46.10,45.57,45.05,44.63,44.28,43.95,43.63,43.36,43.15,42.99,42.86,42.75,42.61,42.49,42.41,42.47,42.83,43.34,43.85,44.36,44.95,45.51,46.05,46.59,47.13,47.67,48.20,48.74,49.31,50.18,53.64,57.35,59.89,60.12,60.32,60.54,60.72,60.83,61.02,61.25,61.50,61.76,61.98,62.26,62.55,62.82,63.06,63.41,63.64,63.88,64.20,64.34,63.89,63.17,62.41,61.82,61.07,60.21,59.42,58.88,58.73,58.54,58.17,57.62,57.07,57.03,57.72,58.82,60.13,62.76,65.56,68.10,70.01,70.74,71.09,70.93,69.58,65.71,61.22,59.38,58.97,58.50,58.20,57.71,57.02,56.12,55.11,54.12,53.63,53.34,52.66,51.89,51.11,50.47,50.06,49.86,49.76,49.64,49.51,49.41,49.22,49.13,49.11,49.08,49.08,49.06,48.98,48.82,48.60,48.34,48.08,47.87,47.77,47.58,47.35,47.18,47.14,47.31,47.60,47.86,47.97,47.88,48.25,48.69,48.88,48.48,47.34,46.16,44.98,43.76,42.61,41.51,40.55,39.88,39.71,39.55,39.34,39.14,38.99,38.84,38.86
56.03,55.66,55.33,55.20,55.10,54.92,54.85,55.08,55.55,55.92,56.28,56.67,57.04,57.45,57.80,58.05,58.17,58.15,58.01,57.72,57.27,56.70,56.15,55.73,55.51,55.58,55.63,55.88,56.23,56.59,56.97,57.36,57.72,58.05,58.29,58.53,58.95,59.62,60.69,62.31,64.06,64.85,64.17,63.34,63.71,64.93,66.51,67.67,67.81,67.98,68.71,70.13,70.91,71.47,71.70,71.56,71.26,70.69,70.11,69.54,68.94,68.30,67.64,66.97,66.31,65.73,65.28,64.96,64.73,64.57,64.34,64.05,63.75,63.50,63.35,63.32,63.31,63.28,63.27,63.15,62.96,62.72,62.45,62.14,61.89,61.62,61.31,61.01,60.64,60.14,59.51,58.83,58.33,57.79,57.22,56.65,56.05,55.54,55.02,54.50,54.07,53.62,53.15,52.68,52.22,51.73,51.25,50.79,50.31,49.80,49.33,48.83,48.29,47.76,47.29,46.83,46.38,45.94,45.54,45.16,44.77,44.39,44.05,43.82,43.63,43.43,43.22,43.01,42.69,42.42,42.40,42.63,43.11,43.63,44.15,44.72,45.27,45.81,46.35,46.89,47.39,47.85,48.31,48.80,49.55,51.77,54.87,57.76,58.78,59.54,60.00,60.24,60.36,60.51,60.69,60.89,61.12,61.35,61.61,61.90,62.19,62.44,62.81,63.09,63.38,63.72,63.97,63.45,62.64,61.83,61.10,60.27,59.33,58.44,57.79,57.57,57.32,56.98,56.53,56.00,56.41,57.44,58.71,60.20,63.02,65.99,68.52,70.19,70.80,71.09,70.93,69.82,66.71,62.81,60.92,60.16,59.43,59.10,58.59,57.84,56.87,55.70,54.43,53.37,52.53,51.83,51.11,50.47,50.03,49.84,49.75,49.65,49.53,49.42,49.34,49.24,49.27,49.34,49.38,49.38,49.38,49.31,49.13,48.91,48.61,48.30,48.02,47.80,47.45,47.12,46.74,46.33,46.18,46.39,46.68,46.87,46.86,47.24,47.67,47.99,47.92,46.93,45.76,44.56,43.36,42.17,41.03,40.23,39.80,39.64,39.45,39.26,39.09,38.93,38.78,38.80
56.81,56.38,55.97,55.70,55.41,55.05,54.77,54.77,55.16,55.48,55.84,56.30,56.75,57.12,57.39,57.56,57.59,57.53,57.41,57.16,56.73,56.13,55.58,55.11,54.82,54.89,54.96,55.14,55.39,55.71,56.06,56.43,56.81,57.15,57.43,57.77,58.32,59.00,59.86,61.56,63.41,63.95,62.58,61.32,61.90,63.19,64.62,65.83,66.26,66.93,68.14,69.76,70.62,71.03,71.15,71.08,71.00,70.67,70.18,69.58,68.86,68.12,67.36,66.59,65.84,65.17,64.76,64.54,64.42,64.31,64.17,63.94,63.64,63.36,63.12,63.03,63.00,63.00,63.00,62.95,62.85,62.68,62.39,62.09,61.83,61.56,61.28,61.02,60.59,59.98,59.27,58.59,58.09,57.59,57.07,56.56,56.05,55.62,55.13,54.57,54.17,53.73,53.28,52.81,52.35,51.89,51.42,50.96,50.51,50.13,49.78,49.39,48.93,48.46,48.06,47.66,47.27,46.88,46.49,46.11,45.72,45.33,44.96,44.75,44.54,44.29,43.98,43.63,43.11,42.64,42.42,42.43,42.85,43.38,43.91,44.43,44.96,45.48,45.99,46.49,46.95,47.36,47.78,48.28,49.02,50.12,52.25,54.88,56.61,57.85,58.54,58.91,59.11,59.24,59.48,59.74,60.00,60.30,60.63,60.97,61.30,61.56,61.94,62.27,62.62,63.05,63.52,63.03,62.21,61.35,60.47,59.52,58.50,57.52,56.73,56.39,56.09,55.78,55.44,55.07,55.87,57.14,58.52,60.15,63.13,66.32,68.89,70.35,70.87,71.09,70.98,70.24,68.16,64.92,62.90,61.70,60.69,60.17,59.47,58.57,57.50,56.25,54.81,53.33,52.07,51.38,50.68,50.17,49.87,49.79,49.73,49.60,49.50,49.42,49.37,49.37,49.47,49.59,49.66,49.69,49.70,49.63,49.45,49.22,48.92,48.62,48.32,48.02,47.62,47.24,46.74,46.04,45.50,45.36,45.50,45.74,45.84,46.23,46.64,47.02,47.23,46.49,45.35,44.14,42.95,41.73,40.61,39.97,39.72,39.55,39.35,39.17,39.02,38.87,38.72,38.75
57.57,57.15,56.71,56.33,55.86,55.40,55.00,54.75,54.80,55.15,55.59,56.04,56.43,56.72,56.92,57.02,56.97,56.89,56.81,56.59,56.16,55.57,55.01,54.52,54.18,54.20,54.27,54.44,54.70,55.00,55.26,55.57,55.89,56.22,56.60,57.12,57.83,58.64,59.55,61.01,62.61,62.92,61.33,59.75,60.29,61.48,62.72,64.01,65.13,66.39,67.80,69.25,70.25,70.49,70.45,70.39,70.36,70.25,69.97,69.57,69.04,68.41,67.67,66.91,66.13,65.33,64.81,64.46,64.21,64.01,63.90,63.71,63.47,63.23,62.99,62.79,62.69,62.69,62.69,62.68,62.65,62.57,62.32,62.07,61.80,61.52,61.27,60.97,60.44,59.89,59.39,58.93,58.47,58.00,57.46,56.81,56.15,55.65,55.15,54.63,54.24,53.84,53.41,52.94,52.47,52.02,51.55,51.09,50.65,50.32,50.09,49.92,49.73,49.44,49.07,48.65,48.22,47.83,47.44,47.06,46.67,46.29,45.91,45.66,45.43,45.18,44.85,44.37,43.84,43.27,42.69,42.28,42.60,43.10,43.58,44.06,44.53,44.97,45.39,45.80,46.20,46.64,47.17,47.80,48.39,49.15,50.09,51.36,53.18,54.39,55.22,55.82,56.20,56.49,57.07,57.67,58.21,58.77,59.37,59.95,60.41,60.67,61.10,61.45,61.82,62.33,63.03,62.63,61.80,60.89,59.95,58.87,57.74,56.64,55.70,55.22,54.89,54.58,54.33,54.38,55.45,56.82,58.21,59.84,62.91,66.38,69.15,70.60,71.06,71.07,71.06,70.80,69.48,67.22,65.21,63.63,62.46,61.49,60.26,58.94,57.58,56.05,54.51,53.12,52.01,51.32,50.62,50.13,49.87,49.80,49.78,49.71,49.63,49.56,49.56,49.61,49.69,49.77,49.86,49.98,50.01,49.94,49.77,49.53,49.24,48.94,48.66,48.47,48.21,47.95,47.56,46.88,45.83,44.73,44.34,44.59,44.85,45.23,45.62,46.01,46.28,45.99,44.97,43.74,42.52,41.30,40.33,39.81,39.59,39.44,39.27,39.11,38.95,38.80,38.66,38.68
58.33,57.87,57.42,57.25,57.09,56.76,56.37,55.88,54.80,54.87,55.32,55.73,56.04,56.28,56.41,56.42,56.34,56.26,56.18,55.98,55.56,54.99,54.44,53.94,53.58,53.55,53.61,53.77,53.99,54.26,54.53,54.83,55.12,55.44,55.91,56.64,57.51,58.42,59.36,60.63,61.86,61.97,60.44,58.63,59.28,60.57,61.74,62.86,64.11,65.50,66.98,68.42,69.54,69.85,69.85,69.78,69.73,69.55,69.30,69.00,68.63,68.13,67.44,66.70,66.00,65.33,64.85,64.48,64.18,63.89,63.69,63.47,63.25,63.05,62.82,62.59,62.44,62.42,62.41,62.41,62.41,62.38,62.24,62.03,61.74,61.46,61.21,60.91,60.44,60.01,59.62,59.13,58.57,58.00,57.42,56.83,56.21,55.70,55.22,54.74,54.34,53.96,53.53,53.06,52.61,52.14,51.67,51.23,50.82,50.50,50.31,50.20,50.10,49.94,49.71,49.44,49.14,48.82,48.44,48.03,47.62,47.23,46.86,46.59,46.34,46.04,45.64,45.10,44.52,43.89,43.20,42.53,42.41,42.63,43.03,43.45,43.88,44.30,44.72,45.11,45.56,46.02,46.55,47.17,47.75,48.34,48.90,49.62,50.78,51.61,52.19,52.65,53.09,53.58,54.34,55.11,55.78,56.41,57.12,57.85,58.52,59.11,59.90,60.53,61.12,61.80,62.58,62.23,61.42,60.47,59.41,58.21,56.95,55.72,54.65,54.12,53.78,53.47,53.32,53.80,54.99,56.36,57.74,59.29,61.90,65.75,69.04,70.68,71.04,70.92,70.84,70.49,68.81,66.28,63.88,62.12,61.28,60.59,59.54,58.34,57.09,55.71,54.17,52.88,51.93,51.36,50.83,50.43,50.15,49.98,49.87,49.81,49.75,49.69,49.66,49.75,49.87,49.99,50.14,50.29,50.36,50.29,50.09,49.86,49.59,49.30,49.05,48.97,48.88,48.72,48.41,47.77,46.41,44.68,43.67,43.54,43.85,44.22,44.59,44.96,45.34,45.49,44.59,43.36,42.12,40.95,40.15,39.74,39.56,39.40,39.25,39.09,38.92,38.74,38.59,38.61
59.09,58.55,58.13,58.26,58.55,58.49,58.20,57.50,55.16,54.72,55.02,55.37,55.62,55.82,55.85,55.78,55.70,55.63,55.55,55.35,54.95,54.42,53.93,53.54,53.28,53.23,53.24,53.29,53.39,53.55,53.81,54.10,54.37,54.68,55.28,56.19,57.19,58.16,59.11,60.23,61.10,61.03,59.61,57.70,58.39,59.78,60.99,61.93,63.10,64.48,65.95,67.41,68.59,69.13,69.27,69.19,69.07,68.76,68.45,68.20,67.94,67.58,66.97,66.30,65.70,65.22,64.83,64.52,64.22,63.85,63.54,63.27,63.04,62.86,62.63,62.40,62.23,62.16,62.15,62.15,62.15,62.14,62.12,61.94,61.68,61.41,61.16,60.84,60.47,60.15,59.81,59.19,58.54,57.87,57.27,56.79,56.25,55.76,55.30,54.85,54.46,54.08,53.65,53.20,52.74,52.28,51.82,51.38,51.00,50.69,50.50,50.39,50.31,50.23,50.14,50.06,49.92,49.69,49.36,48.96,48.57,48.19,47.81,47.54,47.25,46.90,46.40,45.80,45.17,44.51,43.77,42.95,42.37,42.23,42.47,42.78,43.15,43.57,44.01,44.43,44.94,45.42,45.92,46.48,47.07,47.57,48.07,48.58,49.02,49.44,49.68,49.92,50.33,50.92,51.70,52.48,53.17,53.80,54.55,55.37,56.23,57.18,58.35,59.37,60.31,61.26,62.05,61.86,61.12,60.07,58.82,57.47,56.09,54.74,53.57,53.02,52.70,52.42,52.40,53.27,54.51,55.87,57.23,58.66,60.67,64.91,68.82,70.70,70.90,70.44,69.89,68.95,66.71,63.91,61.39,59.73,59.27,59.02,58.30,57.35,56.31,55.20,53.81,52.71,51.97,51.54,51.19,50.88,50.57,50.29,50.06,49.97,49.89,49.79,49.75,49.86,50.03,50.22,50.44,50.62,50.70,50.62,50.40,50.16,49.94,49.67,49.47,49.46,49.52,49.44,49.22,48.66,47.19,45.00,43.30,42.55,42.84,43.19,43.52,43.89,44.39,44.91,44.18,43.01,41.80,40.68,40.03,39.71,39.56,39.40,39.24,39.08,38.90,38.69,38.54,38.55
59.85,59.11,58.82,59.20,59.76,60.15,60.16,59.26,56.36,54.93,54.62,54.94,55.21,55.27,55.22,55.15,55.07,54.99,54.92,54.76,54.43,53.92,53.65,53.76,54.05,54.06,53.85,53.53,53.20,52.99,53.09,53.28,53.51,53.90,54.67,55.63,56.63,57.60,58.50,59.57,60.24,59.98,58.55,56.84,57.06,58.32,59.86,60.94,62.06,63.40,64.82,66.12,67.29,68.26,68.68,68.53,68.34,68.04,67.67,67.31,67.07,66.75,66.39,65.91,65.32,64.86,64.59,64.41,64.22,63.90,63.59,63.25,62.94,62.67,62.44,62.21,62.02,61.90,61.84,61.83,61.83,61.83,61.83,61.77,61.62,61.39,61.09,60.78,60.42,60.05,59.63,58.97,58.42,57.86,57.32,56.84,56.31,55.83,55.36,54.91,54.53,54.14,53.74,53.34,52.92,52.47,52.00,51.55,51.14,50.87,50.69,50.58,50.50,50.42,50.35,50.27,50.18,50.06,49.90,49.72,49.50,49.19,48.77,48.45,48.12,47.70,47.11,46.50,45.81,45.05,44.23,43.39,42.78,42.41,42.23,42.15,42.45,42.84,43.28,43.77,44.21,44.70,45.23,45.77,46.27,46.74,47.22,47.69,48.13,48.52,48.76,48.94,49.16,49.40,49.82,50.28,50.75,51.38,52.17,53.02,53.89,54.86,56.06,57.42,58.93,60.41,61.23,61.66,61.13,59.77,58.10,56.45,54.97,53.61,52.42,51.84,51.61,51.49,51.67,52.78,54.06,55.42,56.79,58.14,59.76,64.27,68.64,70.74,70.60,68.97,66.59,64.03,62.04,60.72,59.70,58.89,58.35,58.00,57.23,56.26,55.21,54.20,53.47,52.92,52.48,52.13,51.76,51.44,51.15,50.89,50.61,50.33,50.06,49.87,49.86,49.99,50.22,50.47,50.71,50.97,50.97,50.84,50.65,50.42,50.24,50.05,49.89,49.85,49.91,49.91,49.84,49.54,48.39,45.97,43.41,41.66,41.83,42.09,42.39,42.81,43.43,44.03,43.67,42.79,41.66,40.55,39.98,39.71,39.56,39.39,39.19,39.02,38.86,38.69,38.53,38.47
61.03,60.42,60.51,61.18,61.96,62.48,62.41,61.19,58.36,56.05,54.78,54.54,54.73,54.70,54.63,54.55,54.44,54.36,54.28,54.16,53.99,53.83,54.06,54.63,55.20,55.22,54.92,54.45,53.92,53.46,53.33,53.19,53.08,53.22,54.05,55.00,55.96,56.87,57.69,58.49,58.78,58.32,57.04,55.69,55.48,56.51,58.26,59.66,60.94,62.27,63.59,64.80,65.96,67.11,67.79,67.84,67.60,67.30,66.91,66.52,66.22,65.89,65.61,65.30,64.92,64.59,64.36,64.20,64.06,63.81,63.58,63.25,62.89,62.59,62.33,62.07,61.84,61.68,61.58,61.53,61.53,61.55,61.55,61.55,61.48,61.30,60.95,60.56,60.22,59.90,59.52,58.90,58.41,57.90,57.38,56.91,56.38,55.89,55.44,55.01,54.63,54.24,53.85,53.47,53.08,52.62,52.16,51.70,51.28,51.05,50.91,50.79,50.70,50.61,50.54,50.46,50.38,50.31,50.23,50.15,50.03,49.83,49.52,49.27,48.92,48.44,47.81,47.12,46.35,45.53,44.68,43.84,43.20,42.73,42.35,42.05,42.08,42.25,42.55,43.03,43.48,43.95,44.45,44.95,45.42,45.88,46.35,46.82,47.30,47.70,47.93,48.08,48.18,48.19,48.42,48.73,49.10,49.63,50.29,50.97,51.67,52.50,53.68,55.30,57.14,58.96,60.20,61.12,60.94,59.69,57.74,55.70,54.03,52.57,51.30,50.77,50.62,50.66,51.06,52.34,53.70,55.10,56.51,57.89,59.34,63.74,68.24,70.64,70.38,67.35,63.82,60.95,59.62,59.03,58.63,58.16,57.52,57.02,56.36,55.59,54.79,54.05,53.65,53.34,53.03,52.72,52.37,52.05,51.75,51.48,51.15,50.77,50.43,50.18,50.14,50.27,50.50,50.76,51.01,51.30,51.26,51.11,50.94,50.72,50.55,50.39,50.26,50.19,50.20,50.21,50.18,49.96,49.13,46.56,43.55,41.20,40.92,40.99,41.31,41.83,42.52,43.17,43.09,42.45,41.44,40.41,39.94,39.70,39.52,39.36,39.16,39.01,38.88,38.72,38.57,38.47
62.72,62.50,63.08,64.03,64.96,65.31,64.81,63.16,60.74,57.77,55.47,54.35,54.25,54.17,54.09,54.00,53.86,53.78,53.70,53.65,53.72,54.16,55.03,55.95,56.59,56.57,56.30,55.83,55.26,54.70,54.29,53.71,53.07,52.73,53.42,54.29,55.17,55.98,56.67,57.07,56.86,56.20,55.22,54.29,53.79,54.51,56.20,57.88,59.47,60.98,62.36,63.53,64.69,65.85,66.75,67.15,66.91,66.60,66.23,65.84,65.47,65.09,64.75,64.55,64.50,64.41,64.16,63.95,63.78,63.61,63.50,63.23,62.89,62.58,62.28,61.98,61.71,61.49,61.34,61.24,61.24,61.29,61.29,61.29,61.29,61.14,60.73,60.23,59.92,59.72,59.47,58.95,58.47,57.96,57.45,56.97,56.44,55.96,55.52,55.13,54.75,54.36,53.97,53.59,53.19,52.74,52.28,51.82,51.41,51.23,51.13,51.02,50.90,50.82,50.74,50.65,50.57,50.50,50.42,50.34,50.26,50.16,50.06,49.96,49.63,49.10,48.46,47.66,46.82,45.97,45.13,44.28,43.61,43.10,42.72,42.35,42.02,41.86,41.92,42.28,42.75,43.17,43.61,44.08,44.54,45.00,45.47,45.95,46.46,46.88,47.11,47.23,47.26,47.14,47.35,47.66,47.99,48.39,48.81,49.24,49.69,50.28,51.39,53.08,55.02,57.00,58.87,60.23,60.58,59.79,57.72,55.28,53.32,51.67,50.30,49.87,49.79,49.96,50.54,51.94,53.40,54.86,56.33,57.79,59.26,63.27,67.65,70.44,70.27,66.06,62.01,59.63,59.09,58.57,58.10,57.56,56.87,56.27,55.80,55.38,54.98,54.55,54.22,53.91,53.61,53.30,52.98,52.67,52.36,52.04,51.66,51.28,50.94,50.67,50.55,50.65,50.86,51.09,51.33,51.59,51.54,51.38,51.21,51.00,50.84,50.69,50.55,50.47,50.40,50.37,50.28,50.00,49.32,46.63,43.50,41.00,40.16,40.03,40.39,40.97,41.63,42.31,42.43,42.01,41.16,40.27,39.89,39.67,39.47,39.32,39.16,39.05,38.94,38.78,38.63,38.53
65.63,65.92,66.54,67.49,68.09,67.99,66.92,64.61,62.01,59.18,56.84,55.23,54.15,53.88,53.80,53.72,53.62,53.53,53.45,53.62,54.22,55.19,56.30,57.30,57.98,57.95,57.65,57.11,56.52,55.97,55.30,54.50,53.66,52.96,52.83,53.43,54.17,54.79,55.18,55.34,54.81,54.06,53.42,52.88,52.48,52.63,53.33,54.33,56.26,59.00,61.44,62.63,63.80,64.99,66.02,66.65,66.60,66.30,65.89,65.48,65.08,64.65,64.24,64.05,64.19,64.25,64.06,63.81,63.56,63.37,63.23,63.06,62.85,62.58,62.28,61.97,61.67,61.40,61.16,61.00,60.96,60.98,60.98,60.98,61.05,60.94,60.48,59.96,59.66,59.52,59.38,58.99,58.54,58.02,57.51,57.03,56.50,56.02,55.59,55.20,54.82,54.43,54.05,53.66,53.27,52.86,52.41,51.95,51.55,51.41,51.33,51.24,51.14,51.06,50.98,50.88,50.76,50.69,50.61,50.53,50.45,50.38,50.30,50.22,50.00,49.58,48.94,48.12,47.27,46.42,45.57,44.72,44.02,43.48,43.10,42.72,42.37,42.08,41.87,41.85,41.98,42.33,42.78,43.25,43.71,44.17,44.64,45.11,45.59,46.04,46.29,46.36,46.27,46.08,46.31,46.62,46.91,47.29,47.67,48.06,48.49,49.05,49.85,50.98,52.54,54.54,56.52,58.82,60.11,59.93,58.09,55.58,53.09,51.09,49.92,49.52,49.49,49.67,50.23,51.53,53.02,54.53,56.05,57.56,59.03,62.66,66.94,70.24,70.50,67.22,62.96,59.58,59.04,58.58,58.19,57.80,57.35,56.84,56.38,55.96,55.55,55.13,54.79,54.48,54.18,53.87,53.56,53.25,52.92,52.56,52.18,51.82,51.50,51.22,51.04,51.06,51.26,51.52,51.72,51.71,51.58,51.40,51.22,51.08,50.97,50.84,50.69,50.57,50.48,50.39,50.26,49.86,48.48,45.34,42.31,40.34,39.91,39.84,39.98,40.26,40.66,41.32,41.66,41.54,40.95,40.13,39.81,39.66,39.52,39.37,39.21,39.11,39.00,38.84,38.70,38.60
67.97,68.50,69.01,69.71,69.99,69.70,68.64,66.59,64.37,61.41,58.75,56.70,54.76,53.93,53.65,53.58,53.52,53.55,53.63,54.06,55.02,56.25,57.48,58.64,59.48,59.44,59.01,58.35,57.68,57.06,56.22,55.32,54.41,53.54,52.81,52.95,53.29,53.57,53.70,53.74,53.24,52.69,52.41,52.20,51.99,51.77,51.62,51.94,53.46,56.61,59.88,61.76,63.02,64.23,65.34,66.14,66.23,65.99,65.67,65.32,64.90,64.30,63.81,63.63,63.83,64.00,63.92,63.69,63.40,63.17,62.98,62.85,62.70,62.50,62.26,61.97,61.66,61.35,61.05,60.83,60.71,60.67,60.67,60.71,60.80,60.71,60.30,59.87,59.56,59.38,59.24,58.98,58.59,58.09,57.57,57.10,56.56,56.10,55.68,55.29,54.91,54.52,54.13,53.75,53.36,52.98,52.55,52.10,51.70,51.59,51.52,51.44,51.36,51.28,51.21,51.09,50.98,50.91,50.83,50.75,50.66,50.57,50.49,50.41,50.25,49.92,49.30,48.52,47.70,46.85,45.99,45.14,44.41,43.87,43.48,43.12,42.79,42.44,42.08,41.78,41.59,41.74,42.04,42.40,42.86,43.34,43.81,44.28,44.74,45.20,45.46,45.48,45.28,45.04,45.26,45.55,45.81,46.19,46.59,47.00,47.46,48.05,48.68,49.38,50.50,52.18,54.02,56.91,59.14,59.81,58.15,55.54,52.68,50.51,49.66,49.29,49.27,49.48,50.00,51.10,52.57,54.10,55.63,57.14,58.62,61.58,65.59,69.55,70.65,68.78,64.79,60.58,59.35,58.86,58.59,58.37,58.12,57.67,57.22,56.75,56.29,55.85,55.49,55.13,54.79,54.44,54.13,53.80,53.46,53.10,52.73,52.39,52.07,51.78,51.57,51.50,51.66,51.87,51.92,51.66,51.45,51.23,51.03,50.95,50.88,50.76,50.63,50.50,50.42,50.30,50.09,49.44,47.34,44.04,41.34,39.90,39.79,39.76,39.76,39.82,40.02,40.50,40.85,40.90,40.59,39.99,39.76,39.64,39.53,39.38,39.22,39.12,39.01,38.86,38.70,38.61
69.19,69.55,69.84,70.03,70.14,70.08,69.82,69.32,68.38,64.82,61.35,58.85,56.39,54.53,53.77,53.65,53.60,53.87,54.34,55.06,56.06,57.17,58.49,59.95,61.12,61.05,60.39,59.58,58.75,57.91,57.00,56.13,55.27,54.41,53.59,53.08,52.70,52.47,52.44,52.49,52.46,52.45,52.52,52.55,52.56,52.25,51.74,51.61,51.73,53.90,57.37,60.83,62.32,63.50,64.65,65.56,65.69,65.61,65.52,65.36,64.89,63.97,63.39,63.22,63.40,63.61,63.69,63.55,63.27,63.04,62.81,62.59,62.43,62.32,62.22,61.96,61.65,61.34,61.04,60.74,60.51,60.36,60.37,60.48,60.54,60.45,60.19,59.98,59.66,59.32,59.03,58.89,58.61,58.15,57.64,57.16,56.63,56.20,55.80,55.41,55.03,54.64,54.26,53.87,53.48,53.10,52.71,52.29,51.89,51.78,51.71,51.63,51.55,51.48,51.40,51.32,51.23,51.15,51.08,51.00,50.89,50.76,50.68,50.60,50.43,50.11,49.55,48.86,48.10,47.27,46.37,45.52,44.79,44.25,43.87,43.55,43.19,42.84,42.51,42.13,41.78,41.54,41.44,41.57,41.99,42.50,42.99,43.45,43.92,44.38,44.63,44.62,44.33,44.04,44.21,44.45,44.67,45.05,45.50,45.95,46.48,47.16,47.84,48.49,49.20,50.13,51.61,54.44,57.44,59.22,57.64,54.85,51.91,49.89,49.43,49.10,49.04,49.29,49.85,50.66,52.05,53.56,55.04,56.51,57.98,59.93,63.41,68.17,70.60,70.26,67.18,62.86,60.23,59.52,59.38,59.28,59.03,58.57,58.09,57.63,57.18,56.78,56.34,55.90,55.45,55.02,54.70,54.34,53.99,53.67,53.35,52.99,52.65,52.36,52.13,51.98,52.03,52.08,51.86,51.45,51.12,50.86,50.65,50.57,50.48,50.39,50.30,50.20,50.13,50.03,49.68,48.58,46.00,43.04,40.91,39.87,39.73,39.65,39.66,39.74,39.83,39.98,40.06,40.07,40.00,39.84,39.74,39.62,39.47,39.31,39.16,39.05,38.95,38.80,38.64,38.55
69.82,70.00,70.13,70.20,70.24,70.23,70.18,70.06,69.70,67.87,65.73,63.40,59.89,57.27,55.80,55.00,54.48,54.70,55.29,56.07,57.00,58.12,59.55,61.31,62.78,62.57,61.90,61.18,60.23,58.84,57.86,56.99,56.15,55.30,54.46,53.80,53.32,53.01,52.91,52.85,52.89,53.00,53.14,53.21,53.03,52.55,51.96,51.73,51.49,52.30,55.09,59.88,61.59,62.82,64.00,65.02,65.45,65.41,65.32,65.13,64.51,63.50,62.93,62.81,63.00,63.19,63.35,63.34,63.14,62.91,62.64,62.39,62.20,62.09,62.00,61.85,61.59,61.24,60.94,60.66,60.39,60.16,60.07,60.19,60.23,60.08,59.76,59.73,59.59,59.32,59.00,58.76,58.53,58.16,57.70,57.22,56.69,56.27,55.88,55.49,55.11,54.72,54.34,53.95,53.56,53.18,52.82,52.44,52.08,51.98,51.90,51.82,51.75,51.66,51.59,51.51,51.44,51.36,51.28,51.20,51.09,50.95,50.87,50.72,50.50,50.16,49.60,48.97,48.29,47.55,46.75,45.94,45.19,44.63,44.26,43.94,43.57,43.23,42.89,42.51,42.13,41.76,41.50,41.37,41.43,41.70,42.13,42.63,43.09,43.55,43.76,43.69,43.37,43.03,43.13,43.34,43.58,43.97,44.45,45.03,45.66,46.32,46.98,47.60,48.26,49.02,50.12,52.20,54.88,57.02,56.45,53.98,51.40,49.69,49.26,48.84,48.80,49.08,49.58,50.18,51.48,52.95,54.42,55.88,57.31,58.89,61.96,66.72,70.19,70.81,69.29,66.61,64.08,62.27,61.66,61.34,60.50,59.53,58.90,58.42,57.95,57.48,56.98,56.50,56.04,55.60,55.27,54.91,54.55,54.24,53.93,53.59,53.27,52.97,52.70,52.49,52.37,52.17,51.75,51.22,50.82,50.51,50.27,50.13,49.88,49.62,49.41,49.25,49.13,48.95,48.15,46.36,44.12,41.78,40.30,39.76,39.61,39.52,39.54,39.62,39.70,39.77,39.79,39.79,39.78,39.70,39.67,39.55,39.41,39.25,39.14,39.02,38.88,38.73,38.58,38.48
70.20,70.24,70.27,70.32,70.34,70.34,70.31,70.23,70.15,70.07,69.47,67.72,63.99,60.84,58.46,56.71,55.66,55.68,56.29,57.07,57.94,59.22,60.90,62.90,64.48,64.13,63.50,62.91,61.89,60.12,58.83,57.88,57.03,56.19,55.36,54.69,54.26,54.00,53.83,53.65,53.66,53.77,53.89,53.91,53.46,52.81,52.22,51.98,51.68,51.42,53.15,58.11,60.71,62.19,63.38,64.44,65.10,65.04,64.91,64.66,63.87,62.89,62.42,62.38,62.59,62.76,62.97,63.08,63.01,62.78,62.48,62.23,62.02,61.85,61.75,61.66,61.47,61.14,60.84,60.58,60.28,59.96,59.71,59.81,59.88,59.69,59.26,59.31,59.38,59.28,59.02,58.65,58.45,58.15,57.75,57.29,56.75,56.33,55.94,55.56,55.19,54.80,54.41,54.03,53.64,53.26,52.91,52.58,52.28,52.17,52.09,52.01,51.94,51.86,51.78,51.70,51.63,51.55,51.47,51.39,51.27,51.12,51.01,50.79,50.51,50.14,49.60,49.00,48.38,47.73,47.03,46.29,45.56,45.01,44.63,44.32,43.95,43.60,43.26,42.88,42.50,42.12,41.76,41.44,41.15,41.15,41.40,41.80,42.27,42.73,42.87,42.74,42.42,42.04,42.05,42.22,42.50,42.92,43.47,44.16,44.86,45.48,46.12,46.77,47.47,48.24,49.04,50.31,52.30,54.39,54.93,53.05,50.98,49.59,49.10,48.56,48.55,48.85,49.29,49.76,50.88,52.30,53.78,55.23,56.64,58.13,60.95,65.52,69.75,71.02,70.86,69.99,68.36,65.89,64.66,63.80,62.28,60.82,59.78,59.08,58.60,58.06,57.52,57.03,56.59,56.16,55.83,55.47,55.12,54.81,54.50,54.16,53.82,53.49,53.16,52.89,52.59,52.18,51.64,51.05,50.59,50.08,49.56,49.28,48.86,48.45,48.12,47.88,47.70,47.45,46.36,44.16,42.26,40.62,39.80,39.65,39.50,39.41,39.44,39.50,39.57,39.65,39.67,39.67,39.65,39.58,39.57,39.48,39.34,39.20,39.11,38.98,38.82,38.67,38.53,38.43
70.35,70.39,70.45,70.47,70.52,70.50,70.43,70.35,70.28,70.20,70.00,69.51,68.35,65.09,61.43,58.46,57.10,56.69,57.21,58.02,58.99,60.78,63.03,65.07,66.30,65.87,65.26,64.69,63.85,62.30,60.00,58.77,57.92,57.08,56.30,55.60,55.17,54.94,54.71,54.44,54.46,54.58,54.62,54.45,53.84,53.10,52.47,52.23,51.93,51.67,51.99,54.02,59.34,61.65,62.79,63.75,64.19,64.04,63.95,63.70,62.73,61.98,61.80,61.93,62.15,62.31,62.53,62.76,62.88,62.65,62.35,62.13,61.93,61.66,61.45,61.34,61.24,61.08,60.83,60.49,60.13,59.69,59.19,59.29,59.45,59.31,58.85,58.73,58.90,59.05,59.01,58.65,58.40,58.12,57.77,57.34,56.82,56.39,56.01,55.63,55.30,54.93,54.54,54.16,53.77,53.38,53.01,52.70,52.51,52.37,52.28,52.20,52.13,52.05,51.97,51.89,51.81,51.74,51.66,51.58,51.44,51.23,51.02,50.75,50.45,50.09,49.60,49.00,48.38,47.73,47.05,46.40,45.84,45.39,45.02,44.70,44.33,43.95,43.58,43.20,42.87,42.50,42.12,41.76,41.45,41.22,41.01,40.98,41.44,41.91,41.98,41.79,41.47,41.09,40.98,41.10,41.45,41.97,42.66,43.34,43.98,44.61,45.33,46.08,46.83,47.61,48.38,49.23,50.37,51.77,53.04,52.13,50.64,49.45,48.91,48.33,48.30,48.57,48.99,49.46,50.28,51.59,53.13,54.54,55.99,57.67,60.60,65.12,69.53,70.99,71.16,71.16,71.57,70.38,68.51,66.45,64.49,63.01,60.91,59.46,58.98,58.44,57.90,57.44,57.06,56.72,56.35,56.01,55.69,55.38,55.06,54.61,54.15,53.72,53.29,52.93,52.52,52.07,51.58,51.03,50.51,49.43,47.93,47.26,46.81,46.45,46.14,45.85,45.63,45.44,44.70,43.02,40.86,39.98,39.69,39.59,39.44,39.34,39.37,39.42,39.45,39.52,39.54,39.54,39.52,39.45,39.44,39.39,39.27,39.13,39.05,38.91,38.76,38.62,38.52,38.39
70.53,70.57,70.63,70.63,70.67,70.63,70.56,70.48,70.41,70.30,70.20,70.13,69.90,67.99,65.00,61.75,59.23,57.92,58.15,59.15,60.66,63.01,65.55,67.32,68.02,67.58,67.02,66.44,65.74,64.57,62.23,60.23,58.83,57.98,57.20,56.52,56.11,55.86,55.56,55.25,55.25,55.35,55.33,54.89,54.18,53.39,52.73,52.48,52.18,51.90,51.65,52.47,58.41,61.07,62.31,63.21,63.31,63.11,62.92,62.60,61.84,61.34,61.30,61.49,61.71,61.91,62.13,62.40,62.61,62.47,62.21,62.02,61.82,61.55,61.28,61.08,60.95,60.85,60.69,60.42,59.89,59.19,58.62,58.70,58.87,58.82,58.46,58.18,58.28,58.51,58.69,58.59,58.35,58.06,57.74,57.37,56.91,56.50,56.11,55.73,55.39,55.01,54.63,54.24,53.85,53.47,53.10,52.84,52.72,52.60,52.51,52.44,52.35,52.24,52.16,52.08,52.00,51.93,51.85,51.70,51.50,51.26,50.99,50.69,50.40,50.08,49.59,48.97,48.34,47.72,47.11,46.58,46.13,45.73,45.36,45.04,44.66,44.28,43.90,43.55,43.21,42.83,42.45,42.08,41.77,41.45,41.12,40.89,41.02,41.15,41.09,40.91,40.69,40.42,40.32,40.38,40.63,41.15,41.84,42.53,43.19,43.89,44.65,45.40,46.13,46.83,47.54,48.23,49.08,50.14,51.28,50.94,50.02,49.13,48.56,48.02,48.00,48.35,48.88,49.36,50.00,51.64,53.57,54.68,55.95,57.94,61.22,65.75,69.61,71.00,71.50,72.11,73.39,72.48,70.30,67.85,65.83,64.36,62.32,60.52,59.39,58.82,58.31,57.90,57.55,57.23,56.76,56.30,55.86,55.42,55.01,54.49,54.00,53.52,53.03,52.60,52.20,51.79,51.36,50.92,50.50,49.25,47.12,45.42,44.83,44.52,44.21,43.91,43.64,43.40,42.82,41.63,40.18,39.73,39.60,39.48,39.33,39.24,39.26,39.33,39.36,39.44,39.43,39.41,39.40,39.33,39.31,39.27,39.18,39.06,38.98,38.85,38.70,38.55,38.47,38.33
70.72,70.76,70.82,70.81,70.80,70.75,70.67,70.60,70.52,70.39,70.28,70.20,70.11,69.88,68.34,65.53,61.94,59.55,59.38,60.64,62.85,65.58,68.02,69.29,69.46,69.11,68.64,68.11,67.56,66.80,64.97,62.20,60.07,58.99,58.12,57.45,57.06,56.78,56.40,56.08,56.04,56.09,55.97,55.27,54.49,53.68,52.99,52.74,52.44,52.11,51.69,52.11,57.52,60.39,61.88,62.67,62.47,62.24,61.92,61.52,61.08,60.82,60.86,61.05,61.28,61.51,61.74,62.01,62.26,62.25,62.07,61.89,61.71,61.46,61.17,60.87,60.66,60.56,60.47,60.31,59.60,58.60,58.06,58.09,58.23,58.27,58.08,57.67,57.61,57.82,58.17,58.41,58.27,58.00,57.70,57.38,57.00,56.61,56.23,55.85,55.46,55.08,54.69,54.30,53.92,53.54,53.21,53.00,52.92,52.83,52.76,52.68,52.59,52.45,52.36,52.28,52.20,52.11,52.00,51.76,51.50,51.24,50.94,50.64,50.37,50.07,49.59,48.94,48.31,47.74,47.23,46.82,46.43,46.05,45.68,45.35,44.98,44.60,44.24,43.91,43.54,43.15,42.77,42.41,42.09,41.78,41.46,41.16,40.88,40.60,40.38,40.23,40.13,39.98,39.94,39.94,40.04,40.47,41.09,41.77,42.48,43.21,43.96,44.67,45.34,45.96,46.59,47.28,48.11,48.99,49.70,49.67,49.25,48.67,48.09,47.66,47.73,48.22,48.91,49.44,50.38,52.66,55.02,55.65,56.49,58.71,62.37,66.92,69.86,71.08,71.81,72.75,74.06,72.99,70.68,68.18,66.18,64.78,63.36,61.62,59.85,59.21,58.70,58.25,57.84,57.43,56.89,56.31,55.73,55.18,54.65,54.11,53.61,53.12,52.59,52.12,51.75,51.42,51.04,50.72,50.34,48.92,46.28,43.58,42.88,42.63,42.35,42.08,41.80,41.53,41.06,40.34,39.88,39.66,39.52,39.36,39.21,39.13,39.15,39.22,39.29,39.36,39.33,39.28,39.27,39.20,39.19,39.14,39.06,38.99,38.91,38.78,38.63,38.49,38.41,38.27
70.91,70.95,70.99,70.94,70.89,70.82,70.74,70.66,70.58,70.50,70.40,70.32,70.25,70.12,69.57,68.23,65.64,62.46,61.85,63.30,66.03,68.30,69.48,69.95,69.99,69.87,69.67,69.44,69.17,68.73,67.72,65.19,62.58,60.55,59.12,58.38,57.98,57.67,57.28,56.86,56.83,56.76,56.34,55.59,54.77,53.96,53.29,53.00,52.69,52.28,51.76,51.93,56.01,59.42,61.36,61.85,61.69,61.51,61.17,60.76,60.44,60.33,60.46,60.65,60.84,61.06,61.30,61.60,61.91,62.05,61.92,61.76,61.58,61.35,61.09,60.80,60.52,60.30,60.17,60.02,59.25,58.20,57.60,57.50,57.57,57.66,57.63,57.27,57.02,57.10,57.44,57.78,57.99,57.93,57.70,57.39,57.06,56.68,56.30,55.91,55.52,55.14,54.75,54.37,53.98,53.64,53.37,53.20,53.16,53.04,52.95,52.87,52.79,52.69,52.61,52.53,52.42,52.23,52.00,51.74,51.47,51.18,50.88,50.61,50.34,50.02,49.59,48.98,48.43,47.94,47.52,47.13,46.74,46.38,46.05,45.68,45.30,44.94,44.60,44.24,43.85,43.47,43.11,42.77,42.47,42.11,41.78,41.47,41.15,40.75,40.40,40.17,40.09,39.99,39.93,39.90,39.93,40.09,40.51,41.12,41.79,42.41,43.06,43.71,44.34,44.96,45.59,46.35,47.16,47.95,48.54,48.65,48.40,47.95,47.45,47.23,47.68,48.38,49.11,49.90,52.89,56.33,58.63,58.45,58.19,60.14,63.86,68.24,70.31,71.28,71.97,72.52,72.57,71.50,69.21,66.45,64.06,62.90,62.26,61.49,60.49,59.63,58.92,58.07,57.17,56.42,56.02,55.60,55.17,54.75,54.26,53.73,53.20,52.69,52.15,51.67,51.31,50.99,50.67,50.35,49.40,47.08,43.70,41.37,40.86,40.77,40.68,40.59,40.44,40.33,40.18,39.94,39.76,39.61,39.45,39.30,39.14,39.05,39.08,39.14,39.17,39.24,39.20,39.16,39.14,39.08,39.06,39.02,38.95,38.93,38.86,38.73,38.57,38.43,38.34,38.20
71.09,71.13,71.15,71.07,70.99,70.92,70.84,70.76,70.69,70.59,70.49,70.42,70.34,70.22,70.12,69.70,68.26,65.63,65.12,66.31,68.41,69.78,70.19,70.30,70.33,70.30,70.25,70.19,70.07,69.85,69.42,67.82,65.91,64.09,62.30,60.29,59.07,58.52,58.13,57.65,57.54,57.31,56.67,55.88,55.06,54.26,53.59,53.25,52.92,52.42,51.82,51.75,54.41,58.35,60.81,61.08,60.95,60.69,60.09,59.34,58.82,58.66,58.68,59.22,60.29,60.62,60.88,61.19,61.52,61.75,61.73,61.59,61.40,61.19,60.98,60.76,60.48,60.18,59.98,59.61,58.81,57.85,57.23,56.94,56.92,57.03,57.10,56.86,56.53,56.47,56.71,57.07,57.45,57.60,57.54,57.34,57.05,56.70,56.35,56.01,55.62,55.23,54.85,54.46,54.09,53.77,53.54,53.42,53.38,53.26,53.17,53.09,53.01,52.91,52.80,52.69,52.52,52.26,51.97,51.71,51.44,51.16,50.85,50.60,50.34,50.04,49.66,49.14,48.67,48.24,47.84,47.45,47.06,46.72,46.39,46.01,45.61,45.28,44.95,44.56,44.20,43.82,43.46,43.13,42.81,42.46,42.12,41.78,41.43,40.99,40.58,40.27,40.10,40.02,39.94,39.90,39.90,39.92,40.13,40.52,40.98,41.49,42.09,42.71,43.33,43.96,44.63,45.40,46.14,46.82,47.38,47.56,47.44,47.12,46.75,46.92,47.63,48.45,49.30,50.58,54.55,58.42,60.82,60.86,60.27,62.02,65.40,69.09,70.47,71.23,71.81,72.05,71.36,69.92,67.08,63.88,61.50,60.39,60.06,59.93,59.68,59.01,58.25,57.18,56.04,55.25,54.93,54.61,54.27,53.97,53.68,53.30,52.81,52.27,51.73,51.24,50.86,50.11,48.55,47.05,45.89,44.03,41.52,40.10,39.83,39.82,39.80,39.79,39.75,39.72,39.70,39.69,39.64,39.51,39.35,39.20,39.08,38.97,38.98,39.04,39.07,39.12,39.08,39.03,39.02,38.95,38.93,38.89,38.83,38.82,38.76,38.64,38.52,38.39,38.28,38.14
71.26,71.29,71.28,71.20,71.12,71.04,70.96,70.89,70.81,70.68,70.56,70.49,70.41,70.33,70.25,70.10,69.69,68.66,68.67,69.25,69.86,70.14,70.32,70.47,70.55,70.50,70.49,70.43,70.35,70.25,70.13,69.83,69.49,68.87,67.08,63.23,60.80,59.85,59.18,58.48,58.15,57.75,56.98,56.14,55.36,54.58,53.90,53.51,53.12,52.54,51.88,51.58,52.90,57.15,60.05,60.25,60.04,59.58,58.54,57.25,56.30,55.87,55.63,56.68,59.11,59.65,60.11,60.61,61.07,61.35,61.45,61.35,61.16,60.99,60.83,60.71,60.48,60.16,59.90,59.16,58.32,57.55,56.93,56.42,56.30,56.39,56.50,56.42,56.11,55.93,56.00,56.32,56.69,56.99,57.20,57.23,56.98,56.68,56.39,56.11,55.74,55.35,54.97,54.58,54.20,53.89,53.74,53.66,53.59,53.51,53.42,53.34,53.24,53.09,52.94,52.75,52.50,52.21,51.96,51.68,51.41,51.15,50.85,50.61,50.37,50.12,49.80,49.41,49.02,48.60,48.16,47.77,47.38,47.03,46.70,46.32,45.94,45.60,45.26,44.88,44.56,44.20,43.81,43.45,43.13,42.81,42.46,42.08,41.69,41.24,40.83,40.45,40.13,40.02,39.94,39.90,39.90,39.90,39.93,39.98,40.15,40.55,41.11,41.71,42.31,42.96,43.70,44.41,45.04,45.62,46.19,46.41,46.39,46.22,46.07,46.73,47.55,48.39,49.44,51.33,55.17,58.81,61.46,62.62,62.49,64.08,66.71,69.30,70.28,70.92,71.37,71.44,70.53,68.26,64.44,60.78,58.76,57.48,57.00,57.07,57.39,57.27,56.70,55.68,54.59,54.01,53.73,53.44,53.14,52.92,52.93,52.80,52.43,51.89,51.34,50.74,50.07,48.39,44.95,41.66,40.69,40.39,40.02,39.76,39.70,39.67,39.61,39.61,39.60,39.55,39.52,39.51,39.50,39.38,39.23,39.09,39.00,38.86,38.86,38.93,38.99,39.00,38.95,38.91,38.88,38.82,38.80,38.76,38.70,38.69,38.63,38.55,38.47,38.37,38.23,38.08
71.45,71.45,71.40,71.32,71.25,71.17,71.08,70.96,70.88,70.78,70.68,70.61,70.53,70.41,70.31,70.24,70.14,69.81,69.85,70.06,70.22,70.31,70.45,70.58,70.67,70.73,70.70,70.63,70.55,70.48,70.40,70.32,70.25,70.02,69.21,67.38,66.20,64.94,62.00,59.73,58.71,58.06,57.25,56.45,55.67,54.87,54.16,53.75,53.25,52.61,51.93,51.50,52.25,55.49,57.93,58.32,57.74,57.00,55.99,54.81,53.61,52.62,52.20,52.63,53.89,54.79,56.66,58.79,60.44,60.76,60.96,60.99,60.91,60.74,60.55,60.37,60.23,60.10,59.82,58.95,58.05,57.29,56.68,56.08,55.79,55.76,55.90,55.95,55.71,55.40,55.25,55.56,55.89,56.18,56.54,56.98,56.93,56.67,56.38,56.10,55.79,55.43,55.04,54.66,54.28,54.00,53.93,53.91,53.83,53.75,53.64,53.52,53.38,53.18,52.98,52.75,52.50,52.20,51.96,51.67,51.40,51.16,50.90,50.66,50.43,50.20,49.98,49.69,49.34,48.95,48.52,48.09,47.70,47.35,47.02,46.64,46.29,45.94,45.58,45.20,44.89,44.52,44.14,43.76,43.45,43.14,42.76,42.34,41.95,41.50,41.05,40.64,40.27,40.00,39.91,39.90,39.89,39.85,39.84,39.87,39.95,40.12,40.35,40.76,41.30,41.93,42.61,43.26,43.88,44.47,45.04,45.27,45.29,45.41,45.84,46.60,47.40,48.23,49.31,51.34,55.13,58.77,61.61,63.30,63.92,64.81,66.14,67.82,69.41,70.32,70.78,70.66,69.23,65.30,61.34,58.19,56.12,54.33,53.37,53.24,53.73,54.20,54.53,54.05,53.19,52.79,52.57,52.30,52.10,52.12,52.31,52.35,52.05,51.51,50.89,49.69,46.62,43.41,41.75,40.17,39.72,39.68,39.66,39.59,39.58,39.53,39.47,39.43,39.42,39.40,39.36,39.32,39.32,39.27,39.16,39.01,38.89,38.78,38.79,38.85,38.87,38.83,38.80,38.76,38.72,38.68,38.64,38.60,38.57,38.52,38.49,38.46,38.41,38.32,38.17,38.02
71.61,71.58,71.51,71.42,71.35,71.27,71.18,71.05,70.97,70.87,70.78,70.71,70.63,70.52,70.44,70.39,70.39,70.38,70.37,70.38,70.41,70.48,70.59,70.69,70.78,70.92,70.91,70.84,70.76,70.67,70.59,70.51,70.44,70.36,70.28,70.19,70.10,68.97,65.19,60.92,59.08,58.29,57.49,56.71,55.95,55.16,54.41,53.94,53.33,52.67,51.98,51.44,51.66,53.66,55.33,55.64,54.79,54.02,53.29,52.48,51.46,50.40,49.97,49.87,50.02,50.91,53.14,55.68,57.70,58.28,59.31,60.17,60.59,60.46,60.28,59.93,59.72,59.68,59.43,58.57,57.70,56.99,56.39,55.79,55.34,55.16,55.28,55.42,55.26,54.91,54.61,54.79,55.06,55.33,55.75,56.45,56.74,56.62,56.34,56.05,55.80,55.48,55.11,54.73,54.40,54.16,54.14,54.14,54.06,53.98,53.82,53.64,53.45,53.22,52.99,52.75,52.51,52.22,51.98,51.70,51.42,51.19,50.98,50.77,50.55,50.35,50.17,49.95,49.63,49.27,48.88,48.44,48.02,47.66,47.33,46.96,46.64,46.28,45.89,45.52,45.20,44.83,44.46,44.10,43.77,43.44,43.04,42.59,42.18,41.72,41.26,40.82,40.42,40.04,39.92,39.90,39.88,39.81,39.80,39.84,39.88,39.88,39.88,40.10,40.49,40.97,41.53,42.13,42.71,43.30,43.89,44.24,44.55,45.09,46.02,46.79,47.52,48.27,49.32,51.40,55.50,59.09,61.65,63.19,63.82,64.02,64.48,65.73,68.03,69.46,70.09,69.78,67.62,62.65,58.90,56.27,53.98,51.80,50.51,50.13,50.54,51.28,52.13,52.17,51.73,51.53,51.38,51.22,51.21,51.44,51.76,51.84,51.55,50.79,49.29,47.13,43.09,39.83,39.75,39.67,39.59,39.55,39.54,39.47,39.45,39.41,39.33,39.26,39.25,39.24,39.20,39.15,39.13,39.13,39.07,38.94,38.79,38.69,38.70,38.75,38.74,38.67,38.65,38.62,38.55,38.55,38.48,38.45,38.43,38.36,38.35,38.34,38.30,38.23,38.10,37.95
71.71,71.64,71.57,71.49,71.41,71.33,71.25,71.17,71.09,70.96,70.85,70.78,70.70,70.67,70.65,70.64,70.64,70.58,70.56,70.59,70.66,70.73,70.77,70.81,70.91,71.06,71.13,71.09,71.00,70.86,70.78,70.70,70.63,70.55,70.47,70.33,70.23,69.93,68.31,61.84,59.14,58.39,57.66,56.90,56.18,55.44,54.69,54.04,53.36,52.71,52.06,51.39,50.88,51.76,52.42,52.13,51.29,50.96,50.76,50.55,50.30,50.09,49.92,49.80,49.78,50.00,50.43,50.94,51.57,52.74,55.83,58.55,60.06,60.03,59.97,59.34,58.82,58.65,58.46,57.79,57.15,56.63,56.07,55.52,54.95,54.61,54.66,54.79,54.74,54.49,54.15,54.02,54.19,54.47,54.86,55.48,56.32,56.46,56.27,55.98,55.75,55.50,55.17,54.82,54.58,54.40,54.35,54.33,54.25,54.17,53.93,53.67,53.45,53.22,52.99,52.76,52.52,52.28,52.05,51.76,51.49,51.27,51.10,50.94,50.77,50.59,50.36,50.14,49.89,49.59,49.20,48.80,48.36,47.98,47.66,47.28,46.96,46.60,46.22,45.83,45.52,45.16,44.80,44.46,44.09,43.72,43.29,42.83,42.38,41.91,41.45,40.99,40.55,40.16,39.98,39.91,39.89,39.81,39.80,39.81,39.81,39.81,39.81,39.90,40.01,40.16,40.56,41.08,41.59,42.12,42.75,43.43,44.41,45.58,46.73,47.50,48.11,48.72,49.66,51.83,56.77,60.15,61.67,62.10,61.44,61.13,61.63,63.26,66.07,68.25,69.28,68.75,65.74,61.04,57.79,55.36,52.74,50.47,49.16,48.59,48.62,49.04,49.55,49.94,50.16,50.22,50.09,50.22,50.51,50.88,51.28,51.23,50.82,49.46,45.76,42.31,40.42,39.70,39.62,39.55,39.47,39.43,39.41,39.34,39.32,39.28,39.20,39.14,39.13,39.08,39.03,39.02,38.95,38.94,38.92,38.88,38.72,38.58,38.58,38.63,38.61,38.55,38.53,38.49,38.43,38.42,38.36,38.32,38.30,38.23,38.22,38.18,38.13,38.11,38.03,37.89
71.84,71.76,71.68,71.60,71.53,71.43,71.33,71.24,71.16,71.06,70.98,70.94,70.91,70.90,70.88,70.85,70.84,70.81,70.80,70.84,70.91,70.98,71.00,71.04,71.13,71.23,71.29,71.28,71.21,71.09,70.98,70.89,70.81,70.73,70.61,70.46,70.33,70.19,69.03,62.02,59.11,58.37,57.68,57.02,56.46,55.86,55.21,54.59,53.90,53.23,52.58,51.91,51.22,51.26,51.32,51.10,50.65,50.52,50.48,50.45,50.47,50.61,50.44,50.15,49.91,49.81,49.71,49.67,49.83,50.54,52.41,54.06,55.08,55.50,56.23,56.34,56.32,56.48,56.91,57.00,56.73,56.26,55.75,55.22,54.63,54.17,54.04,54.16,54.23,54.05,53.69,53.44,53.40,53.59,53.92,54.43,55.54,56.02,56.09,55.95,55.69,55.45,55.17,54.90,54.72,54.63,54.60,54.54,54.39,54.23,53.98,53.73,53.50,53.27,53.08,52.83,52.58,52.34,52.11,51.85,51.62,51.43,51.27,51.15,50.99,50.79,50.56,50.33,50.09,49.83,49.51,49.13,48.72,48.33,47.98,47.59,47.27,46.91,46.54,46.20,45.85,45.47,45.12,44.78,44.36,43.94,43.50,43.03,42.57,42.14,41.69,41.23,40.78,40.43,40.26,40.16,40.06,39.88,39.81,39.78,39.75,39.75,39.75,39.80,39.85,39.89,40.11,40.44,40.87,41.45,42.30,43.45,44.72,46.02,47.24,48.19,48.83,49.55,50.85,53.55,57.60,59.90,60.52,60.33,59.50,59.58,60.51,62.31,64.95,67.14,68.18,67.85,65.80,61.86,58.95,56.56,53.77,50.97,49.29,48.25,47.60,47.28,47.50,47.89,48.27,48.49,48.46,49.02,49.81,50.49,50.73,50.38,48.87,46.16,42.67,40.48,39.73,39.61,39.50,39.42,39.37,39.33,39.28,39.22,39.20,39.16,39.08,39.01,39.00,38.95,38.90,38.88,38.81,38.77,38.75,38.72,38.61,38.49,38.48,38.50,38.49,38.42,38.40,38.36,38.30,38.30,38.23,38.20,38.18,38.11,38.10,38.05,38.00,37.98,37.91,37.81
71.96,71.88,71.81,71.72,71.64,71.52,71.40,71.32,71.26,71.19,71.16,71.15,71.14,71.14,71.10,71.06,71.06,71.06,71.06,71.09,71.16,71.23,71.25,71.29,71.37,71.43,71.45,71.44,71.39,71.28,71.13,71.04,70.96,70.85,70.70,70.55,70.39,70.13,68.76,62.18,59.30,58.46,57.83,57.30,56.87,56.38,55.83,55.29,54.63,53.94,53.26,52.62,51.92,51.33,51.02,50.99,50.93,50.91,50.94,51.00,51.13,51.41,51.17,50.71,50.28,49.98,49.69,49.54,49.52,49.59,49.76,49.90,50.17,50.88,52.16,52.94,53.42,53.93,54.95,55.81,56.03,55.77,55.40,54.88,54.31,53.79,53.46,53.54,53.69,53.58,53.24,52.94,52.70,52.75,52.99,53.39,54.62,55.45,55.85,55.86,55.62,55.36,55.04,54.77,54.73,54.72,54.77,54.72,54.49,54.26,54.03,53.81,53.60,53.37,53.18,52.92,52.64,52.41,52.20,51.98,51.79,51.63,51.48,51.38,51.21,50.98,50.75,50.52,50.29,50.05,49.80,49.44,49.06,48.67,48.29,47.91,47.59,47.23,46.87,46.55,46.17,45.79,45.45,45.12,44.64,44.17,43.70,43.24,42.78,42.37,41.93,41.48,41.06,40.76,40.64,40.54,40.36,40.04,39.87,39.77,39.71,39.70,39.69,39.73,39.77,39.80,39.88,40.02,40.36,41.02,42.14,43.67,45.12,46.45,47.70,48.88,49.67,50.68,52.40,55.33,57.94,59.03,58.96,58.45,58.07,58.78,60.13,61.94,64.22,66.07,66.84,66.72,66.03,63.28,60.76,58.45,55.78,52.56,50.27,48.56,47.20,46.09,45.79,45.97,46.33,46.65,46.76,47.69,48.91,49.79,49.71,48.80,46.24,42.69,40.30,39.74,39.62,39.52,39.39,39.29,39.27,39.24,39.16,39.09,39.07,39.03,38.95,38.88,38.87,38.82,38.77,38.76,38.69,38.61,38.57,38.55,38.48,38.40,38.37,38.37,38.36,38.29,38.27,38.24,38.17,38.16,38.11,38.07,38.05,37.98,37.97,37.92,37.87,37.86,37.79,37.72
72.09,72.01,71.92,71.79,71.70,71.62,71.53,71.46,71.44,71.42,71.41,71.39,71.34,71.33,71.32,71.31,71.31,71.31,71.31,71.34,71.41,71.43,71.48,71.55,71.61,71.63,71.69,71.63,71.48,71.29,71.13,71.04,70.94,70.80,70.64,70.48,70.34,69.72,67.59,63.01,60.31,59.08,58.58,58.15,57.66,57.11,56.54,56.04,55.43,54.76,54.07,53.38,52.63,51.91,51.49,51.44,51.42,51.41,51.55,51.80,52.05,52.30,52.05,51.59,51.10,50.53,50.03,49.68,49.49,49.46,49.53,49.62,49.74,49.98,50.34,50.60,50.84,51.27,52.32,53.39,54.30,54.91,54.96,54.51,53.99,53.47,53.00,52.94,53.05,53.02,52.80,52.49,52.25,52.09,52.12,52.53,53.59,54.78,55.48,55.53,55.51,55.17,54.49,53.97,54.36,54.41,54.66,54.79,54.55,54.33,54.09,53.95,53.84,53.56,53.28,52.98,52.70,52.48,52.36,52.20,52.04,51.88,51.73,51.59,51.40,51.17,50.94,50.71,50.48,50.24,50.01,49.74,49.38,48.99,48.60,48.23,47.91,47.55,47.19,46.87,46.49,46.15,45.85,45.54,44.98,44.45,43.95,43.49,43.03,42.58,42.12,41.70,41.38,41.19,41.08,41.02,40.88,40.42,40.02,39.83,39.76,39.70,39.64,39.63,39.67,39.73,39.81,39.91,40.17,40.83,42.22,43.80,45.38,46.88,48.27,49.56,50.82,52.38,54.26,56.03,57.09,57.44,57.24,56.87,57.80,59.12,60.46,61.91,63.91,64.98,65.08,64.74,64.87,64.23,62.50,60.51,58.70,55.84,52.49,49.77,47.92,46.29,44.73,44.25,44.52,44.81,45.20,46.17,47.27,47.95,47.28,45.11,42.63,40.62,39.86,39.60,39.49,39.41,39.31,39.18,39.14,39.11,39.03,38.96,38.94,38.90,38.82,38.76,38.75,38.69,38.64,38.63,38.56,38.48,38.44,38.43,38.35,38.27,38.25,38.25,38.23,38.17,38.14,38.11,38.05,38.04,37.98,37.94,37.92,37.86,37.84,37.79,37.75,37.73,37.66,37.63
72.17,72.10,72.01,71.89,71.81,71.75,71.71,71.67,71.67,71.67,71.65,71.61,71.57,71.56,71.56,71.56,71.56,71.56,71.56,71.59,71.66,71.67,71.72,71.81,71.86,71.86,71.84,71.76,71.60,71.38,71.18,71.03,70.89,70.73,70.54,70.38,70.23,69.62,67.72,64.56,61.79,60.07,59.49,58.94,58.40,57.84,57.28,56.80,56.20,55.54,54.83,54.10,53.33,52.54,52.04,51.95,52.04,52.15,52.39,52.69,52.99,53.17,52.90,52.41,51.86,51.15,50.54,50.01,49.57,49.36,49.36,49.43,49.50,49.57,49.55,49.59,49.64,49.80,50.48,51.22,52.06,52.89,53.46,53.67,53.52,53.14,52.63,52.36,52.42,52.47,52.34,52.05,51.77,51.53,51.42,51.66,52.53,53.81,54.78,55.13,55.08,54.25,53.52,53.26,53.69,53.88,54.31,54.67,54.68,54.50,54.30,54.14,53.97,53.67,53.36,53.07,52.84,52.70,52.59,52.42,52.27,52.14,51.98,51.86,51.66,51.39,51.13,50.90,50.67,50.43,50.20,49.97,49.67,49.31,48.92,48.54,48.22,47.86,47.50,47.19,46.80,46.55,46.30,45.94,45.34,44.79,44.25,43.73,43.25,42.81,42.35,41.98,41.78,41.69,41.65,41.58,41.36,40.80,40.30,40.00,39.86,39.78,39.70,39.61,39.59,39.67,39.75,39.83,40.03,40.66,42.20,43.81,45.45,47.06,48.59,50.15,51.62,53.04,54.35,55.29,55.72,55.78,55.83,56.42,58.05,59.59,60.88,62.08,63.62,63.95,63.46,62.79,62.89,63.10,62.52,61.53,60.42,58.41,54.84,51.33,48.59,46.61,44.50,43.30,42.95,43.12,43.51,44.38,45.26,45.55,44.48,42.41,40.71,39.79,39.63,39.51,39.39,39.29,39.20,39.06,39.02,38.98,38.91,38.84,38.82,38.77,38.70,38.63,38.62,38.56,38.52,38.51,38.43,38.36,38.32,38.30,38.23,38.17,38.14,38.12,38.11,38.04,38.02,37.98,37.92,37.91,37.85,37.82,37.80,37.73,37.72,37.67,37.62,37.61,37.54,37.52
72.25,72.18,72.10,72.02,71.95,71.93,71.92,71.91,71.91,71.90,71.87,71.82,71.82,71.81,71.81,71.81,71.81,71.81,71.81,71.84,71.90,71.91,71.98,72.05,72.09,72.07,71.95,71.85,71.72,71.48,71.26,71.03,70.84,70.66,70.45,70.28,70.11,69.66,68.36,66.16,63.37,61.28,60.49,59.73,59.12,58.56,58.03,57.55,56.96,56.30,55.58,54.80,54.03,53.22,52.68,52.55,52.76,53.04,53.34,53.65,53.93,54.04,53.74,53.20,52.55,51.80,51.14,50.44,49.75,49.32,49.21,49.24,49.31,49.35,49.30,49.33,49.24,49.06,49.25,49.45,49.82,50.46,51.43,52.41,52.73,52.61,52.27,51.82,51.80,51.90,51.89,51.60,51.29,51.03,50.84,50.82,51.41,52.54,53.66,54.41,54.22,52.94,52.40,52.65,52.94,53.29,53.87,54.42,54.75,54.69,54.55,54.34,54.04,53.72,53.42,53.19,53.04,53.01,52.86,52.65,52.48,52.39,52.27,52.19,51.99,51.67,51.37,51.12,50.88,50.64,50.40,50.17,49.92,49.61,49.24,48.86,48.54,48.19,47.82,47.50,47.15,46.99,46.77,46.33,45.72,45.17,44.59,43.99,43.47,43.04,42.63,42.34,42.27,42.27,42.30,42.17,41.79,41.22,40.69,40.30,40.07,39.99,39.93,39.69,39.55,39.60,39.67,39.75,39.91,40.47,42.01,43.62,45.29,46.97,48.66,50.50,51.98,52.91,53.38,53.80,54.13,54.20,54.67,56.47,58.38,59.96,61.23,62.24,63.21,62.96,62.06,60.99,60.30,60.44,61.04,61.38,60.86,59.57,56.26,52.39,48.94,46.79,44.62,42.77,41.61,41.62,41.81,42.48,43.05,42.97,41.77,40.57,39.89,39.66,39.52,39.42,39.29,39.17,39.08,38.94,38.89,38.86,38.78,38.70,38.69,38.65,38.57,38.50,38.49,38.44,38.39,38.38,38.31,38.23,38.19,38.17,38.11,38.09,38.05,38.00,37.99,37.92,37.90,37.87,37.80,37.80,37.73,37.70,37.68,37.61,37.60,37.55,37.50,37.49,37.42,37.39
