97.46,95.08,92.69,90.63,89.26,88.16,87.17,86.37,85.87,85.68,85.57,85.32,84.76,83.64,82.73,81.66,80.79,80.63,80.56,80.75,80.98,81.17,81.53,82.05,82.74,83.56,84.42,85.14,85.85,86.52,87.07,87.35,87.43,86.98,85.59,82.71,80.03,77.25,74.13,70.84,69.34,68.33,67.62,67.32,67.56,67.78,67.92,67.87,67.47,67.07,66.67,66.28,65.90,65.43,64.55,63.35,61.97,60.59,59.10,58.50,58.76,59.64,60.87,61.79,62.34,62.49,62.10,61.68,61.12,60.62,60.72,61.09,61.55,62.05,62.57,63.08,63.65,64.24,64.86,65.56,66.28,67.03,67.77,68.41,68.92,69.44,69.88,70.25,71.02,72.44,74.06,75.71,77.35,79.09,81.12,82.92,83.72,82.73,80.91,79.02,77.25,75.58,74.47,75.10,76.86,78.55,79.69,80.09,80.20,80.29,80.44,80.59,80.73,80.86,80.96,81.04,81.15,81.27,81.37,81.45,81.58,81.72,81.81,81.89,81.99,82.08,82.16,82.23,82.26,82.27,82.22,82.12,81.99,81.90,81.84,81.78,81.71,81.65,81.62,81.58,81.53,81.50,81.50,81.46,81.38,81.25,81.23,81.23,81.23,81.23,81.23,81.09,80.97,81.09,81.60,82.20,82.79,83.37,83.98,84.58,84.77,84.65,84.39,84.14,84.03,83.98,83.92,83.85,83.84,83.81,83.78,83.79,83.72,83.65,83.57,83.51,83.53,83.58,83.62,83.65,83.73,83.78,83.85,83.91,83.95,84.02,84.02,83.93,83.78,83.65,83.55,83.44,83.34,83.27,83.26,83.26,83.25,83.23,83.23,83.23,83.16,83.00,82.85,82.69,82.54,82.37,82.15,81.90,81.63,81.36,81.13,80.90,80.60,80.30,78.37,72.33,69.74,68.98,69.28,70.48,72.38,74.82,77.21,78.97,79.20,79.47,79.64,79.59,79.19,78.58,77.86,77.11,76.33,75.56,74.89,74.27,73.75,73.51,73.25,72.96,72.66,72.42,72.40,72.40,72.39,72.38,72.39,72.40,72.49,72.61,72.63,72.69,72.67,72.62,72.55,72.45
95.34,92.89,90.74,89.04,87.95,86.91,85.85,84.90,84.22,83.92,83.67,83.39,82.91,81.86,80.87,80.12,79.67,79.55,79.42,79.42,79.44,79.41,79.47,79.73,80.18,80.78,81.45,82.00,82.62,83.29,83.91,84.22,84.22,83.66,82.34,80.06,78.07,75.67,72.98,70.57,69.44,68.60,68.11,68.12,68.52,69.20,69.69,69.64,68.72,68.21,67.72,67.24,66.75,66.03,64.73,63.30,61.88,60.45,58.83,58.34,58.75,59.47,60.48,61.05,61.31,61.33,61.04,60.71,60.31,60.00,60.17,60.48,60.90,61.39,61.93,62.44,63.05,63.72,64.47,65.31,66.10,66.84,67.50,68.01,68.41,68.78,69.08,69.32,69.74,70.84,72.31,73.95,75.64,77.28,79.10,80.73,81.57,81.06,79.69,78.12,76.55,74.91,74.21,75.11,77.00,78.77,79.75,80.11,80.24,80.35,80.51,80.66,80.81,80.95,81.02,81.11,81.21,81.33,81.40,81.48,81.60,81.70,81.78,81.83,81.91,81.98,82.06,82.13,82.16,82.17,82.13,82.05,81.90,81.80,81.72,81.62,81.54,81.45,81.39,81.36,81.31,81.31,81.29,81.25,81.18,81.03,80.99,80.97,80.97,80.97,80.95,80.82,80.82,81.18,81.77,82.37,82.96,83.56,84.17,84.69,84.77,84.59,84.37,84.17,84.20,84.25,84.24,84.19,84.23,84.22,84.19,84.18,84.13,84.06,83.97,83.87,83.88,83.92,83.97,84.00,84.07,84.14,84.16,84.14,84.08,84.08,83.98,83.82,83.61,83.39,83.22,83.10,83.03,82.96,82.95,82.95,82.95,82.97,83.05,83.16,83.18,83.10,82.95,82.77,82.60,82.42,82.15,81.85,81.54,81.26,81.00,80.74,80.47,79.75,77.25,71.35,70.31,70.78,71.81,73.41,75.50,77.34,78.91,79.99,80.03,80.05,80.05,79.94,79.61,79.07,78.36,77.57,76.77,75.95,75.18,74.53,74.05,73.74,73.48,73.19,72.89,72.65,72.63,72.63,72.63,72.62,72.59,72.59,72.67,72.77,72.79,72.84,72.81,72.73,72.65,72.57
92.92,90.79,89.23,88.08,86.93,85.73,84.66,83.67,82.84,82.49,82.11,81.74,81.34,80.70,80.15,79.75,79.47,79.26,79.05,78.98,78.92,78.80,78.78,78.92,79.08,79.25,79.48,79.70,79.97,80.29,80.61,80.72,80.54,80.16,79.49,78.30,77.03,75.06,72.69,70.60,69.75,69.06,68.68,68.85,69.52,71.14,72.29,72.17,70.15,69.22,68.58,68.00,67.40,66.47,65.14,63.68,62.22,60.73,58.95,58.31,58.56,59.04,59.66,60.02,60.14,60.05,59.78,59.42,59.26,59.33,59.62,59.88,60.27,60.77,61.33,61.94,62.71,63.49,64.28,65.12,65.90,66.58,67.11,67.47,67.84,68.18,68.48,68.75,68.92,69.56,70.73,72.31,74.14,75.96,77.80,79.27,79.83,79.41,78.35,77.13,75.83,74.32,73.90,74.97,76.91,78.76,79.75,80.11,80.26,80.41,80.56,80.72,80.87,81.00,81.07,81.15,81.23,81.32,81.39,81.47,81.56,81.64,81.70,81.72,81.78,81.86,81.94,82.01,82.08,82.10,82.07,81.98,81.83,81.74,81.63,81.50,81.41,81.28,81.18,81.14,81.12,81.12,81.07,81.03,80.98,80.84,80.76,80.73,80.72,80.72,80.66,80.59,80.77,81.33,81.94,82.50,83.12,83.78,84.37,84.71,84.72,84.54,84.35,84.37,84.48,84.56,84.55,84.55,84.55,84.55,84.55,84.55,84.54,84.48,84.36,84.20,84.25,84.27,84.31,84.36,84.42,84.44,84.35,84.19,83.99,83.85,83.66,83.47,83.29,83.07,82.89,82.78,82.70,82.64,82.63,82.63,82.63,82.66,82.79,82.94,83.08,83.14,82.99,82.79,82.60,82.40,82.10,81.79,81.48,81.17,80.88,80.58,80.32,78.89,76.06,72.48,72.46,73.70,75.41,77.36,79.00,79.63,79.92,80.09,80.11,80.16,80.14,80.06,79.90,79.47,78.78,77.97,77.11,76.20,75.31,74.69,74.30,73.99,73.69,73.38,73.10,72.90,72.87,72.87,72.87,72.86,72.80,72.78,72.84,72.91,72.97,72.98,72.93,72.85,72.78,72.71
90.87,89.40,88.17,87.15,86.06,84.81,84.21,83.99,83.88,83.74,83.46,83.05,82.46,81.53,80.61,79.95,79.54,79.31,79.12,78.94,78.72,78.44,78.23,78.20,78.25,78.34,78.45,78.56,78.75,78.98,79.16,79.16,78.96,78.55,77.91,77.02,75.80,74.21,72.44,70.82,70.15,69.59,69.31,69.89,72.45,75.67,77.22,76.47,73.35,70.50,69.15,68.53,67.84,66.91,65.73,64.38,62.91,61.43,59.87,58.88,58.41,58.30,58.48,58.61,58.67,58.66,58.57,58.32,58.32,58.61,59.00,59.29,59.72,60.27,60.92,61.66,62.49,63.30,64.09,64.92,65.60,66.14,66.58,66.90,67.27,67.60,67.93,68.23,68.35,68.88,70.02,71.64,73.49,75.31,77.15,78.57,78.98,78.22,77.12,75.96,74.76,73.53,73.63,74.94,76.89,78.75,79.75,80.11,80.26,80.42,80.57,80.73,80.86,80.95,80.99,81.06,81.14,81.21,81.29,81.37,81.44,81.52,81.59,81.64,81.71,81.78,81.85,81.89,81.96,82.02,82.00,81.87,81.76,81.64,81.53,81.42,81.30,81.18,81.09,81.01,80.93,80.88,80.85,80.81,80.75,80.64,80.56,80.50,80.47,80.46,80.40,80.53,80.86,81.35,81.84,82.44,83.07,83.72,84.31,84.72,84.76,84.61,84.50,84.60,84.71,84.75,84.72,84.72,84.72,84.72,84.73,84.77,84.77,84.75,84.67,84.56,84.58,84.59,84.58,84.56,84.50,84.42,84.26,84.02,83.73,83.55,83.34,83.13,82.93,82.74,82.55,82.41,82.34,82.27,82.30,82.31,82.33,82.40,82.54,82.69,82.87,83.02,82.98,82.79,82.58,82.34,82.03,81.72,81.42,81.11,80.80,80.49,80.21,79.35,77.99,76.67,76.77,77.40,78.24,79.19,79.90,80.12,80.18,80.21,80.22,80.24,80.21,80.14,80.02,79.72,79.00,78.13,77.22,76.27,75.47,74.94,74.61,74.30,73.95,73.63,73.34,73.14,73.08,73.07,73.07,73.06,73.03,73.03,73.05,73.09,73.15,73.08,73.03,73.00,72.97,72.94
89.30,88.38,87.35,86.32,85.31,84.41,84.39,84.89,85.46,85.58,85.47,85.06,84.29,83.11,81.78,80.71,79.99,79.62,79.40,79.13,78.80,78.41,78.03,77.84,77.77,77.73,77.70,77.72,77.89,78.08,78.16,78.08,77.86,77.40,76.70,75.84,74.58,73.45,72.48,71.58,71.12,70.80,70.92,72.30,76.46,80.33,81.72,80.43,76.81,72.44,70.06,68.97,68.25,67.34,66.30,65.06,63.65,62.21,60.97,59.87,58.97,58.46,58.29,58.23,58.21,58.23,58.19,57.96,57.89,58.06,58.40,58.79,59.30,59.92,60.65,61.49,62.34,63.16,63.94,64.68,65.23,65.65,66.01,66.34,66.71,67.03,67.38,67.72,67.92,68.48,69.59,71.18,73.03,74.83,76.67,78.02,78.18,77.11,75.94,74.78,73.68,72.93,73.58,75.09,76.98,78.78,79.77,80.12,80.26,80.42,80.57,80.72,80.81,80.86,80.88,80.94,81.01,81.09,81.16,81.24,81.32,81.40,81.47,81.56,81.63,81.70,81.76,81.78,81.86,81.92,81.90,81.78,81.69,81.55,81.44,81.34,81.19,81.11,81.02,80.91,80.78,80.68,80.65,80.60,80.52,80.45,80.35,80.26,80.20,80.19,80.14,80.42,80.83,81.22,81.66,82.29,82.94,83.55,84.14,84.64,84.78,84.72,84.69,84.79,84.84,84.81,84.75,84.75,84.75,84.75,84.78,84.83,84.85,84.86,84.85,84.83,84.82,84.78,84.71,84.60,84.45,84.28,84.07,83.80,83.45,83.25,83.02,82.79,82.58,82.42,82.20,82.05,81.98,81.92,81.96,81.98,82.03,82.14,82.28,82.45,82.65,82.86,82.95,82.78,82.56,82.30,81.99,81.69,81.38,81.06,80.76,80.47,80.19,79.95,79.85,80.02,80.04,80.04,80.07,80.13,80.14,80.20,80.28,80.34,80.34,80.33,80.27,80.18,80.08,79.87,79.13,78.20,77.26,76.30,75.66,75.22,74.91,74.59,74.23,73.89,73.59,73.38,73.30,73.28,73.28,73.28,73.28,73.28,73.28,73.28,73.32,73.22,73.19,73.19,73.19,73.19
88.52,87.78,86.79,85.67,84.77,85.00,85.58,86.28,87.01,87.37,87.46,87.10,86.30,85.29,83.87,82.38,81.10,80.29,79.88,79.61,79.30,78.92,78.53,78.19,77.83,77.45,77.10,76.94,77.06,77.22,77.21,77.08,76.77,76.31,75.65,74.67,73.46,73.00,73.13,73.36,73.22,73.34,74.53,77.38,81.77,84.05,84.27,82.86,79.98,75.65,71.79,69.37,68.69,67.79,66.74,65.60,64.35,63.00,62.04,61.42,60.98,60.58,60.35,60.15,59.99,59.82,59.46,59.04,58.46,57.90,57.91,58.45,59.10,59.81,60.58,61.42,62.27,63.12,63.88,64.34,64.76,65.12,65.45,65.83,66.15,66.46,66.80,67.20,67.68,68.37,69.34,70.68,72.53,74.37,76.26,77.42,77.04,75.96,74.80,73.63,72.73,72.80,73.97,75.54,77.24,78.87,79.83,80.15,80.26,80.42,80.57,80.67,80.72,80.75,80.81,80.83,80.88,80.96,81.03,81.11,81.19,81.27,81.36,81.49,81.53,81.58,81.65,81.72,81.80,81.82,81.80,81.71,81.63,81.49,81.38,81.28,81.14,81.05,80.92,80.80,80.70,80.57,80.48,80.41,80.33,80.25,80.12,79.98,79.88,79.88,79.87,80.09,80.45,80.87,81.44,82.05,82.68,83.28,83.83,84.37,84.71,84.86,84.86,84.88,84.80,84.67,84.57,84.62,84.57,84.58,84.63,84.66,84.71,84.73,84.78,84.88,84.88,84.73,84.56,84.42,84.25,84.05,83.82,83.56,83.24,82.95,82.71,82.48,82.26,82.10,81.88,81.74,81.66,81.59,81.59,81.64,81.73,81.88,82.03,82.24,82.46,82.69,82.87,82.76,82.56,82.30,81.99,81.69,81.38,81.06,80.77,80.52,80.33,80.20,80.13,80.16,80.17,80.17,80.20,80.26,80.27,80.33,80.41,80.47,80.47,80.41,80.30,80.18,80.08,79.87,79.13,78.20,77.27,76.36,75.88,75.52,75.16,74.85,74.53,74.17,73.83,73.58,73.54,73.53,73.53,73.53,73.53,73.53,73.50,73.46,73.46,73.44,73.44,73.44,73.44,73.44
87.67,87.13,86.30,85.50,85.38,86.05,86.80,87.56,88.32,88.80,88.96,88.78,88.27,87.50,86.03,84.39,83.00,82.19,81.43,80.68,80.02,79.49,79.13,78.75,78.31,77.84,77.35,76.93,76.68,76.50,76.32,76.13,75.87,75.50,75.05,74.66,74.14,74.15,74.54,75.04,75.48,75.96,77.78,81.55,85.93,87.36,86.83,85.04,82.27,78.67,74.45,70.95,69.24,68.20,67.17,66.12,65.12,64.29,63.69,63.28,62.94,62.55,62.29,61.98,61.55,60.98,60.38,59.95,59.32,58.52,57.90,58.16,58.80,59.63,60.59,61.45,62.19,62.86,63.44,63.87,64.26,64.63,64.97,65.32,65.63,66.10,66.63,67.17,67.75,68.45,69.28,70.43,72.36,74.34,76.06,76.73,75.77,74.67,73.52,72.50,72.00,72.83,74.22,75.78,77.36,78.86,79.80,80.13,80.26,80.41,80.53,80.61,80.66,80.66,80.70,80.70,80.75,80.83,80.91,80.99,81.06,81.16,81.27,81.38,81.44,81.49,81.56,81.61,81.68,81.73,81.72,81.64,81.56,81.46,81.34,81.23,81.11,80.99,80.86,80.73,80.64,80.49,80.39,80.30,80.19,80.11,79.88,79.63,79.47,79.47,79.47,79.70,80.11,80.62,81.20,81.78,82.36,82.92,83.43,83.96,84.34,84.57,84.69,84.71,84.62,84.50,84.41,84.41,84.41,84.43,84.47,84.51,84.58,84.66,84.76,84.88,84.81,84.59,84.38,84.22,84.03,83.83,83.61,83.36,83.04,82.70,82.41,82.16,81.94,81.74,81.55,81.42,81.34,81.27,81.26,81.34,81.47,81.63,81.82,82.04,82.29,82.55,82.76,82.73,82.54,82.27,81.98,81.69,81.40,81.13,80.86,80.64,80.50,80.40,80.34,80.34,80.31,80.30,80.32,80.39,80.40,80.45,80.52,80.54,80.50,80.40,80.28,80.16,80.03,79.78,79.09,78.19,77.27,76.57,76.15,75.80,75.46,75.15,74.84,74.51,74.14,73.83,73.79,73.76,73.74,73.74,73.74,73.74,73.72,73.68,73.64,73.64,73.64,73.64,73.64,73.64
86.93,86.58,86.02,85.67,86.32,87.14,87.95,88.70,89.39,89.89,90.07,90.06,89.88,89.37,88.06,86.48,85.13,84.30,83.15,81.92,80.89,80.20,79.84,79.42,78.95,78.45,77.88,77.21,76.58,76.07,75.74,75.51,75.33,75.10,74.93,75.22,75.44,75.78,76.18,76.68,77.62,78.79,81.25,85.29,89.08,89.90,88.94,86.93,84.13,81.35,77.29,73.09,70.08,68.72,67.69,66.76,66.03,65.80,65.54,65.22,64.85,64.42,64.07,63.60,62.88,61.93,61.16,60.75,60.22,59.38,58.20,57.94,58.48,59.46,60.61,61.44,62.03,62.49,62.91,63.36,63.76,64.16,64.56,64.92,65.29,65.94,66.66,67.34,67.97,68.63,69.30,70.32,72.37,74.52,75.88,75.93,74.47,73.31,72.22,71.45,71.44,72.88,74.35,75.86,77.39,78.78,79.74,80.10,80.25,80.39,80.48,80.54,80.58,80.58,80.58,80.59,80.63,80.71,80.78,80.86,80.95,81.06,81.19,81.27,81.34,81.42,81.48,81.50,81.57,81.64,81.65,81.58,81.51,81.43,81.31,81.18,81.09,80.96,80.81,80.67,80.58,80.44,80.34,80.22,80.09,79.98,79.65,79.30,79.05,79.03,79.06,79.35,79.82,80.41,80.93,81.47,82.01,82.53,83.00,83.52,83.86,84.13,84.39,84.44,84.39,84.32,84.24,84.18,84.23,84.27,84.30,84.39,84.47,84.62,84.77,84.86,84.71,84.44,84.20,84.01,83.79,83.63,83.42,83.15,82.84,82.47,82.14,81.86,81.61,81.39,81.20,81.09,81.01,80.95,80.95,81.06,81.22,81.41,81.63,81.87,82.14,82.42,82.64,82.69,82.52,82.24,82.00,81.71,81.46,81.22,80.99,80.78,80.67,80.59,80.53,80.52,80.46,80.44,80.45,80.50,80.52,80.58,80.62,80.59,80.50,80.36,80.25,80.15,79.98,79.67,79.03,78.18,77.31,76.82,76.44,76.10,75.79,75.48,75.17,74.84,74.46,74.07,74.03,73.98,73.95,73.95,73.95,73.95,73.94,73.91,73.85,73.84,73.84,73.84,73.84,73.84
86.68,86.47,86.37,86.50,87.10,87.92,88.75,89.45,89.91,90.23,90.36,90.36,90.25,89.99,89.49,88.44,87.08,85.70,84.21,83.06,82.12,81.36,80.85,80.22,79.60,78.99,78.34,77.64,76.97,76.47,76.25,76.02,75.85,75.81,75.97,76.43,76.80,77.24,77.74,78.29,79.10,82.28,85.92,88.62,89.89,90.10,89.52,88.11,85.54,82.98,79.68,75.78,71.88,69.72,68.57,67.83,67.38,67.42,67.41,67.08,66.60,66.19,65.44,64.59,63.66,62.69,61.87,61.41,60.90,60.14,59.03,57.88,58.25,59.45,60.57,61.14,61.59,62.02,62.45,62.86,63.25,63.74,64.31,64.91,65.56,66.26,66.99,67.71,68.34,68.88,69.44,70.42,72.65,74.87,75.50,74.79,73.25,71.96,71.09,70.78,71.26,72.71,74.17,75.69,77.19,78.56,79.68,80.07,80.19,80.33,80.41,80.44,80.45,80.45,80.45,80.50,80.54,80.58,80.66,80.73,80.86,80.97,81.06,81.14,81.22,81.30,81.37,81.43,81.51,81.54,81.54,81.52,81.50,81.39,81.28,81.17,81.04,80.94,80.80,80.66,80.53,80.42,80.30,80.18,80.08,79.93,79.54,79.11,78.75,78.63,78.80,79.19,79.65,80.14,80.57,81.09,81.60,82.09,82.61,83.05,83.39,83.69,83.97,84.10,84.12,84.07,83.99,83.93,84.02,84.11,84.19,84.32,84.46,84.65,84.81,84.85,84.61,84.35,84.06,83.77,83.59,83.44,83.20,82.90,82.59,82.26,81.95,81.62,81.30,81.07,80.85,80.72,80.65,80.64,80.68,80.81,81.01,81.27,81.50,81.78,82.05,82.30,82.52,82.66,82.54,82.30,82.06,81.81,81.58,81.35,81.13,80.95,80.86,80.78,80.70,80.66,80.63,80.63,80.61,80.58,80.64,80.71,80.72,80.64,80.51,80.36,80.25,80.15,79.96,79.57,78.97,78.24,77.49,77.07,76.77,76.47,76.17,75.86,75.55,75.13,74.65,74.27,74.22,74.21,74.19,74.19,74.19,74.19,74.16,74.12,74.09,74.04,74.03,74.03,74.03,74.03
86.83,86.85,87.05,87.39,87.89,88.68,89.41,89.94,90.23,90.46,90.57,90.57,90.48,90.33,90.14,89.54,88.44,86.83,85.32,84.23,83.34,82.54,81.92,81.14,80.26,79.40,78.68,77.98,77.47,77.16,76.97,76.77,76.52,76.59,77.06,77.65,78.12,78.84,79.92,81.46,83.21,86.13,88.75,90.13,90.26,90.14,89.47,88.03,85.54,83.03,80.19,76.84,73.22,71.07,69.79,69.08,68.84,68.95,69.09,68.68,67.98,67.39,66.43,65.45,64.47,63.47,62.58,62.06,61.51,60.77,59.80,58.44,58.21,59.00,60.28,60.81,61.21,61.62,62.05,62.43,62.82,63.45,64.26,65.09,65.86,66.61,67.34,68.06,68.68,69.17,69.91,71.21,73.39,74.88,74.69,73.44,71.85,70.75,70.31,70.41,71.08,72.52,73.98,75.45,76.88,78.22,79.45,79.95,80.13,80.27,80.35,80.36,80.36,80.36,80.34,80.40,80.44,80.49,80.56,80.65,80.76,80.86,80.94,81.05,81.13,81.20,81.28,81.36,81.41,81.44,81.47,81.46,81.43,81.35,81.24,81.13,81.01,80.90,80.77,80.62,80.50,80.42,80.28,80.17,80.08,79.94,79.53,79.04,78.56,78.27,78.56,79.05,79.56,80.03,80.40,80.81,81.23,81.69,82.22,82.60,82.93,83.25,83.57,83.76,83.81,83.80,83.80,83.84,83.95,84.06,84.18,84.34,84.52,84.71,84.84,84.78,84.52,84.25,83.94,83.62,83.41,83.25,83.00,82.69,82.37,82.04,81.72,81.39,81.05,80.79,80.52,80.37,80.31,80.33,80.44,80.63,80.87,81.15,81.41,81.71,81.96,82.17,82.36,82.53,82.53,82.40,82.17,81.94,81.71,81.49,81.29,81.14,81.05,80.95,80.86,80.81,80.78,80.78,80.76,80.72,80.73,80.80,80.78,80.68,80.55,80.40,80.27,80.15,79.96,79.53,78.93,78.30,77.76,77.42,77.15,76.87,76.58,76.26,75.86,75.36,74.85,74.49,74.45,74.45,74.43,74.41,74.41,74.41,74.38,74.34,74.31,74.27,74.23,74.22,74.22,74.22
87.29,87.54,87.90,88.27,88.67,89.40,89.93,90.24,90.43,90.64,90.77,90.77,90.67,90.50,90.29,90.01,89.31,87.80,86.47,85.45,84.55,83.72,82.96,82.05,80.89,79.71,78.95,78.29,78.10,78.03,77.81,77.62,77.23,77.37,78.11,78.87,79.61,80.82,82.72,85.50,88.47,89.68,90.12,90.38,90.37,90.12,89.05,87.13,84.58,82.04,79.45,76.75,74.12,72.52,71.19,70.43,70.28,70.38,70.55,70.00,69.03,68.14,67.15,66.21,65.25,64.26,63.30,62.72,62.08,61.31,60.48,59.38,58.37,58.35,59.76,60.45,60.89,61.27,61.67,62.05,62.44,63.22,64.28,65.31,66.16,66.95,67.69,68.38,69.00,69.56,70.69,72.41,74.13,74.37,73.44,71.96,70.45,69.71,69.78,70.19,70.89,72.31,73.77,75.15,76.48,77.81,79.10,79.76,80.05,80.19,80.27,80.29,80.29,80.28,80.22,80.27,80.35,80.41,80.50,80.57,80.65,80.74,80.83,80.97,81.06,81.13,81.22,81.28,81.30,81.35,81.39,81.37,81.31,81.29,81.21,81.09,80.99,80.86,80.72,80.59,80.50,80.42,80.28,80.17,80.09,79.98,79.58,79.01,78.40,77.95,78.34,78.94,79.52,80.02,80.34,80.62,80.94,81.36,81.86,82.21,82.52,82.84,83.20,83.44,83.51,83.57,83.68,83.87,83.99,84.11,84.26,84.42,84.63,84.80,84.84,84.68,84.44,84.15,83.84,83.53,83.25,83.06,82.80,82.50,82.18,81.81,81.48,81.16,80.86,80.55,80.23,80.02,79.95,80.02,80.23,80.51,80.78,81.03,81.33,81.63,81.87,82.03,82.19,82.35,82.48,82.50,82.28,82.05,81.83,81.63,81.47,81.33,81.24,81.12,81.01,80.99,80.93,80.91,80.91,80.89,80.83,80.87,80.83,80.70,80.60,80.45,80.31,80.16,79.97,79.55,78.94,78.41,78.09,77.84,77.55,77.28,77.02,76.66,76.11,75.55,75.06,74.73,74.69,74.69,74.66,74.62,74.62,74.61,74.60,74.58,74.52,74.50,74.45,74.41,74.41,74.41
88.03,88.24,88.59,89.02,89.43,89.88,90.19,90.41,90.61,90.79,90.97,91.00,90.85,90.64,90.42,90.19,89.71,88.72,87.67,86.71,85.79,84.84,83.71,82.54,81.28,80.07,79.31,78.98,78.95,78.93,78.71,78.33,77.84,77.99,78.90,80.21,82.23,84.49,86.67,88.50,89.94,90.43,90.52,90.50,90.35,89.99,88.55,86.17,83.58,81.07,78.78,76.57,74.47,73.20,72.29,71.66,71.38,71.52,71.54,70.72,69.50,68.58,67.67,66.78,65.88,64.93,64.03,63.32,62.60,61.82,61.04,60.15,58.99,58.34,58.89,59.95,60.51,60.90,61.28,61.67,62.06,62.86,63.99,65.20,66.34,67.24,68.03,68.75,69.39,70.33,71.86,73.30,72.96,72.24,71.44,70.58,69.66,69.06,69.25,69.82,70.67,72.02,73.39,74.72,76.06,77.46,78.74,79.50,79.89,80.07,80.16,80.17,80.17,80.16,80.14,80.16,80.22,80.30,80.38,80.45,80.53,80.63,80.75,80.85,80.94,81.02,81.09,81.16,81.22,81.26,81.25,81.21,81.18,81.17,81.14,81.07,80.94,80.84,80.73,80.62,80.50,80.42,80.28,80.17,80.09,79.98,79.51,78.83,78.11,77.64,78.21,78.90,79.53,80.06,80.35,80.63,80.94,81.29,81.67,81.99,82.27,82.56,82.88,83.12,83.33,83.53,83.77,83.99,84.14,84.28,84.42,84.54,84.71,84.84,84.82,84.60,84.33,84.02,83.72,83.42,83.16,82.90,82.61,82.31,82.00,81.66,81.31,80.97,80.66,80.34,79.91,79.53,79.37,79.68,80.05,80.38,80.68,80.95,81.22,81.52,81.75,81.90,82.06,82.21,82.37,82.44,82.34,82.13,81.93,81.76,81.62,81.51,81.43,81.31,81.18,81.13,81.10,81.09,81.07,81.03,81.00,80.98,80.89,80.74,80.61,80.46,80.34,80.21,80.03,79.69,79.20,78.78,78.51,78.23,77.97,77.70,77.37,76.91,76.35,75.77,75.25,74.93,74.89,74.89,74.88,74.86,74.85,74.81,74.80,74.78,74.75,74.71,74.68,74.64,74.60,74.59
88.82,89.00,89.25,89.59,89.95,90.17,90.34,90.53,90.74,90.92,91.14,91.20,91.06,90.83,90.60,90.37,90.05,89.49,88.73,87.85,86.94,85.93,84.60,83.27,81.94,80.78,80.10,79.91,80.00,79.96,79.54,78.95,78.44,78.59,79.76,82.25,85.20,87.66,89.38,90.26,90.60,90.72,90.70,90.56,90.30,89.79,88.09,85.48,82.91,80.44,78.32,76.50,75.01,74.08,73.44,72.89,72.50,72.58,72.40,71.35,69.94,68.95,68.08,67.23,66.37,65.53,64.87,64.16,63.41,62.63,61.84,61.06,59.87,58.70,58.25,59.27,60.02,60.52,60.91,61.29,61.66,62.46,63.63,64.94,66.25,67.33,68.26,69.10,69.90,71.24,72.52,72.95,71.38,70.27,69.72,69.37,68.92,68.41,68.69,69.40,70.37,71.63,72.95,74.30,75.69,77.11,78.35,79.11,79.55,79.78,79.89,79.96,79.97,79.93,79.91,79.92,80.04,80.17,80.25,80.33,80.42,80.53,80.66,80.74,80.83,80.92,80.99,81.07,81.10,81.11,81.09,81.05,81.05,81.03,81.03,81.02,80.91,80.83,80.75,80.65,80.50,80.42,80.28,80.17,80.06,79.83,79.22,78.45,77.72,77.43,78.13,78.91,79.59,80.13,80.41,80.70,81.03,81.35,81.66,81.97,82.23,82.49,82.78,83.02,83.31,83.62,83.89,84.14,84.32,84.47,84.60,84.66,84.79,84.83,84.75,84.48,84.20,83.90,83.59,83.30,83.06,82.76,82.44,82.12,81.81,81.52,81.19,80.87,80.55,80.21,79.69,79.09,78.77,79.32,79.89,80.28,80.59,80.89,81.15,81.41,81.62,81.78,81.93,82.09,82.24,82.34,82.33,82.19,82.06,81.92,81.78,81.69,81.60,81.48,81.36,81.29,81.26,81.26,81.23,81.16,81.13,81.06,80.95,80.80,80.64,80.49,80.37,80.26,80.11,79.88,79.54,79.21,78.95,78.64,78.38,78.06,77.64,77.11,76.56,75.97,75.45,75.14,75.11,75.11,75.11,75.10,75.08,75.03,75.00,74.98,74.98,74.93,74.89,74.86,74.81,74.79
89.62,89.78,89.88,89.97,90.15,90.27,90.44,90.64,90.82,91.03,91.26,91.37,91.31,91.10,90.87,90.63,90.39,90.08,89.59,88.83,87.96,86.96,85.72,84.37,83.05,81.97,81.48,81.13,81.27,81.15,80.27,79.51,79.13,79.36,80.94,85.16,88.28,89.74,90.24,90.65,90.95,90.94,90.78,90.56,90.24,89.56,87.77,85.17,82.66,80.25,78.15,76.66,75.95,75.34,74.73,74.16,73.72,73.56,73.18,71.99,70.45,69.29,68.40,67.55,66.74,66.09,65.86,65.33,64.62,63.83,63.00,62.23,61.01,59.44,58.05,58.43,59.37,60.12,60.52,60.90,61.24,62.05,63.25,64.56,65.88,67.15,68.32,69.38,70.51,72.17,72.40,71.14,69.68,68.84,68.52,68.38,68.13,67.66,68.10,68.96,69.98,71.16,72.51,73.92,75.36,76.72,77.91,78.59,78.99,79.25,79.41,79.60,79.63,79.51,79.45,79.50,79.76,80.03,80.12,80.20,80.34,80.45,80.53,80.62,80.75,80.86,80.93,80.99,80.95,80.93,80.92,80.91,80.91,80.86,80.87,80.91,80.89,80.83,80.75,80.65,80.50,80.42,80.28,80.16,79.98,79.47,78.65,77.83,77.27,77.34,78.14,78.99,79.71,80.21,80.53,80.83,81.18,81.53,81.85,82.16,82.42,82.68,82.97,83.22,83.50,83.78,84.04,84.32,84.51,84.66,84.76,84.78,84.85,84.79,84.60,84.31,84.06,83.77,83.46,83.17,82.93,82.63,82.28,81.93,81.63,81.37,81.13,80.85,80.53,80.15,79.58,78.73,78.20,78.96,79.75,80.22,80.53,80.83,81.13,81.33,81.50,81.65,81.80,81.96,82.11,82.22,82.22,82.25,82.20,82.09,81.96,81.88,81.75,81.63,81.55,81.48,81.41,81.38,81.35,81.27,81.20,81.13,81.01,80.86,80.70,80.55,80.41,80.28,80.19,80.08,79.92,79.68,79.39,79.08,78.78,78.36,77.83,77.30,76.75,76.16,75.66,75.39,75.36,75.36,75.36,75.35,75.29,75.26,75.22,75.18,75.17,75.16,75.11,75.07,75.05,74.99
89.95,90.06,90.11,90.14,90.25,90.37,90.54,90.71,90.88,91.11,91.34,91.52,91.60,91.53,91.33,91.09,90.86,90.61,90.25,89.71,88.98,88.03,86.81,85.59,84.60,83.90,83.53,83.22,82.86,82.23,81.20,80.28,80.61,82.08,84.61,87.90,89.70,90.44,90.71,90.97,91.16,91.04,90.80,90.56,90.28,89.82,88.19,85.55,82.68,80.28,78.71,77.74,77.20,76.62,76.04,75.48,74.98,74.59,73.97,72.67,71.05,69.69,68.76,67.95,67.35,67.08,66.93,66.52,65.87,65.08,64.28,63.77,62.58,60.71,58.64,57.95,58.53,59.39,60.08,60.48,60.83,61.67,62.87,64.19,65.50,66.81,68.08,69.31,70.67,71.88,71.58,70.06,68.77,67.79,67.42,67.32,67.19,67.23,67.86,68.75,69.75,70.92,72.23,73.62,75.03,76.34,77.45,77.94,78.19,78.40,78.55,78.74,78.79,78.73,78.70,78.72,79.12,79.65,80.02,80.17,80.32,80.44,80.51,80.59,80.70,80.79,80.85,80.88,80.81,80.79,80.77,80.74,80.73,80.71,80.73,80.79,80.79,80.76,80.69,80.61,80.49,80.38,80.23,80.05,79.71,78.85,77.79,77.08,76.93,77.56,78.44,79.28,79.95,80.39,80.70,81.01,81.34,81.69,82.03,82.31,82.58,82.85,83.12,83.39,83.69,83.97,84.22,84.51,84.70,84.73,84.70,84.74,84.78,84.66,84.43,84.17,83.94,83.64,83.34,83.04,82.80,82.47,82.12,81.78,81.44,81.15,80.88,80.63,80.40,80.10,79.32,78.26,77.72,78.84,79.72,80.21,80.50,80.77,81.03,81.21,81.37,81.52,81.68,81.83,81.96,82.05,82.09,82.13,82.11,82.08,82.04,81.97,81.86,81.77,81.69,81.61,81.53,81.48,81.42,81.34,81.27,81.16,81.05,80.93,80.77,80.62,80.48,80.37,80.26,80.17,80.07,79.93,79.73,79.47,79.10,78.60,78.03,77.49,76.95,76.38,75.91,75.64,75.58,75.56,75.56,75.56,75.52,75.48,75.44,75.41,75.37,75.36,75.34,75.30,75.26,75.22
90.14,90.19,90.22,90.25,90.33,90.48,90.64,90.80,90.96,91.17,91.40,91.64,91.83,91.91,91.80,91.60,91.37,91.13,90.83,90.46,89.90,89.06,88.01,87.03,86.39,85.98,85.58,85.21,84.36,83.28,82.24,81.48,82.60,85.13,88.16,89.95,90.48,90.75,91.03,91.25,91.32,91.12,90.85,90.62,90.39,90.16,88.92,86.58,83.44,80.66,79.38,78.81,78.28,77.71,77.16,76.65,76.14,75.63,74.93,73.62,71.98,70.47,69.35,68.55,68.17,68.19,68.03,67.70,67.12,66.37,65.69,65.45,64.25,62.13,59.56,57.91,57.88,58.62,59.55,59.99,60.42,61.28,62.47,63.74,65.07,66.43,67.80,69.20,70.66,71.36,70.79,69.40,68.22,67.03,66.46,66.31,66.42,67.03,67.87,68.78,69.73,70.85,72.14,73.50,74.83,75.98,76.85,77.17,77.29,77.43,77.59,77.74,77.81,77.81,77.82,77.92,78.44,79.19,79.82,80.11,80.28,80.41,80.50,80.59,80.66,80.72,80.76,80.74,80.67,80.64,80.62,80.57,80.56,80.56,80.60,80.66,80.67,80.68,80.63,80.55,80.45,80.32,80.17,79.87,79.24,78.08,76.88,76.45,76.86,77.97,78.90,79.65,80.20,80.56,80.89,81.20,81.51,81.84,82.19,82.46,82.75,83.03,83.28,83.59,83.90,84.17,84.42,84.69,84.78,84.69,84.55,84.61,84.62,84.49,84.27,84.03,83.79,83.51,83.21,82.91,82.66,82.31,81.96,81.62,81.26,80.93,80.62,80.33,80.06,79.77,78.81,77.70,77.28,78.68,79.69,80.20,80.47,80.69,80.91,81.09,81.24,81.40,81.55,81.70,81.81,81.89,81.94,81.96,81.98,82.01,82.05,82.00,81.94,81.86,81.78,81.70,81.63,81.55,81.47,81.39,81.32,81.19,81.07,80.97,80.83,80.68,80.57,80.47,80.33,80.24,80.16,80.08,79.98,79.77,79.36,78.83,78.23,77.68,77.14,76.59,76.14,75.87,75.79,75.78,75.77,75.75,75.75,75.70,75.66,75.63,75.58,75.56,75.56,75.53,75.47,75.45
90.25,90.28,90.32,90.37,90.40,90.59,90.77,90.92,91.08,91.25,91.47,91.70,91.91,92.05,92.19,92.11,91.88,91.63,91.33,90.97,90.52,89.99,89.50,88.99,88.51,87.99,87.22,86.38,85.38,84.29,83.43,83.60,85.37,87.71,89.73,90.36,90.71,90.97,91.24,91.49,91.47,91.28,91.04,90.81,90.58,90.35,89.92,88.78,85.86,81.77,79.85,79.21,78.74,78.31,77.84,77.39,77.01,76.70,76.31,75.20,73.67,72.19,70.44,69.61,69.35,69.34,69.18,68.84,68.31,67.72,67.35,67.21,65.89,63.58,60.79,58.80,57.79,57.90,58.82,59.41,59.98,60.91,62.03,63.15,64.54,66.07,67.63,69.17,70.55,71.03,70.51,69.33,68.09,66.76,65.79,65.49,66.13,67.23,68.31,69.26,70.15,71.14,72.44,73.79,74.97,75.69,75.96,76.16,76.32,76.42,76.57,76.72,76.80,76.80,76.85,77.27,77.91,78.63,79.36,79.91,80.16,80.30,80.44,80.57,80.61,80.63,80.62,80.55,80.48,80.45,80.45,80.44,80.44,80.44,80.48,80.54,80.54,80.59,80.57,80.47,80.34,80.24,80.11,79.53,78.43,77.16,76.02,76.21,77.42,78.69,79.57,80.04,80.37,80.70,81.07,81.39,81.70,82.02,82.33,82.63,82.94,83.22,83.47,83.83,84.16,84.43,84.65,84.81,84.62,84.40,84.28,84.30,84.36,84.30,84.12,83.84,83.60,83.36,83.08,82.78,82.48,82.16,81.81,81.45,81.12,80.75,80.43,79.97,79.32,78.70,77.75,76.96,76.89,78.28,79.58,80.17,80.38,80.56,80.79,80.96,81.11,81.27,81.42,81.58,81.69,81.74,81.77,81.82,81.88,81.92,81.95,81.98,81.94,81.86,81.78,81.70,81.63,81.55,81.47,81.39,81.32,81.23,81.11,80.98,80.88,80.74,80.64,80.54,80.39,80.30,80.22,80.14,80.07,79.94,79.55,79.04,78.47,77.88,77.33,76.78,76.33,76.07,76.03,76.03,75.99,75.95,75.94,75.93,75.89,75.84,75.82,75.76,75.75,75.74,75.72,75.66
90.38,90.39,90.43,90.49,90.51,90.68,90.85,91.01,91.16,91.32,91.53,91.76,91.97,92.14,92.36,92.40,92.31,92.13,91.84,91.47,91.11,90.79,90.48,90.17,89.81,89.29,88.42,87.41,86.37,85.33,84.65,85.46,87.42,89.22,90.32,90.61,90.88,91.15,91.42,91.65,91.65,91.47,91.23,91.00,90.77,90.54,90.35,89.85,88.17,85.36,82.22,79.92,79.18,78.79,78.41,78.08,77.86,77.73,77.69,77.17,76.43,75.73,74.47,73.61,72.89,72.10,71.33,70.64,70.08,69.67,69.47,69.38,68.40,66.42,63.42,59.86,58.03,57.61,58.13,58.78,59.43,60.29,61.35,62.63,64.13,65.71,67.31,68.89,70.25,70.75,70.34,69.28,67.96,66.50,65.28,64.98,66.10,67.45,68.69,69.73,70.62,71.54,72.78,73.87,74.61,74.86,74.93,75.08,75.25,75.41,75.56,75.71,75.78,75.86,76.20,76.83,77.53,78.23,78.96,79.62,80.00,80.21,80.33,80.44,80.50,80.51,80.49,80.41,80.33,80.28,80.27,80.27,80.30,80.34,80.38,80.42,80.45,80.53,80.50,80.41,80.26,80.17,79.96,79.18,77.76,76.37,75.75,76.47,77.99,79.28,79.96,80.27,80.53,80.87,81.22,81.54,81.86,82.20,82.51,82.82,83.13,83.42,83.70,84.05,84.36,84.61,84.72,84.63,84.27,84.04,83.99,84.03,84.09,84.09,83.96,83.69,83.46,83.20,82.93,82.64,82.34,82.06,81.72,81.34,81.00,80.65,80.30,79.68,78.70,77.72,76.61,76.23,76.73,77.94,79.16,79.87,80.22,80.39,80.58,80.75,80.92,81.11,81.29,81.42,81.52,81.58,81.62,81.69,81.77,81.83,81.86,81.90,81.88,81.81,81.73,81.66,81.58,81.50,81.42,81.35,81.27,81.19,81.09,80.99,80.91,80.79,80.67,80.56,80.45,80.36,80.26,80.17,80.07,79.92,79.55,79.10,78.61,78.09,77.53,76.98,76.53,76.30,76.24,76.23,76.21,76.17,76.14,76.14,76.11,76.07,76.03,75.99,75.95,75.94,75.92,75.85
90.52,90.52,90.56,90.62,90.63,90.76,90.91,91.07,91.22,91.38,91.59,91.82,92.03,92.20,92.42,92.59,92.67,92.59,92.35,92.01,91.72,91.51,91.22,90.96,90.68,90.23,89.39,88.37,87.37,86.42,85.92,87.15,88.95,90.11,90.47,90.78,91.03,91.31,91.58,91.79,91.81,91.65,91.42,91.19,90.96,90.73,90.54,90.37,90.04,89.22,85.41,81.56,80.23,79.56,79.15,78.92,78.85,78.98,79.36,79.63,79.84,80.01,79.46,78.51,77.15,75.44,73.97,72.93,72.40,72.25,72.17,72.01,71.31,69.69,66.45,61.15,58.57,57.59,57.53,58.19,58.89,59.65,60.66,62.18,63.79,65.37,66.96,68.53,69.87,70.46,70.18,69.17,67.75,66.17,64.81,64.56,66.10,67.59,68.98,70.14,71.05,71.94,73.00,73.70,73.94,73.79,73.83,73.97,74.16,74.37,74.54,74.70,74.83,75.06,75.73,76.48,77.19,77.89,78.59,79.28,79.81,80.11,80.20,80.28,80.36,80.38,80.36,80.28,80.21,80.11,80.05,80.07,80.16,80.24,80.28,80.31,80.39,80.47,80.44,80.34,80.21,80.11,79.74,78.75,77.14,75.64,75.70,76.87,78.48,79.74,80.21,80.43,80.68,81.04,81.37,81.67,82.00,82.35,82.66,82.97,83.27,83.58,83.90,84.21,84.51,84.72,84.72,84.37,83.89,83.66,83.67,83.75,83.84,83.86,83.78,83.56,83.32,83.03,82.77,82.52,82.22,81.96,81.64,81.27,80.91,80.59,80.22,79.45,78.20,76.90,75.59,75.53,76.50,77.52,78.53,79.36,79.91,80.12,80.33,80.50,80.70,80.94,81.16,81.24,81.31,81.39,81.47,81.55,81.63,81.70,81.77,81.79,81.80,81.75,81.67,81.59,81.52,81.44,81.36,81.28,81.20,81.13,81.05,80.96,80.88,80.80,80.69,80.58,80.51,80.42,80.29,80.16,80.05,79.81,79.45,79.06,78.67,78.26,77.71,77.16,76.74,76.53,76.45,76.43,76.42,76.39,76.31,76.29,76.27,76.24,76.17,76.15,76.09,76.05,76.03,75.96
90.71,90.67,90.69,90.74,90.75,90.84,90.97,91.13,91.28,91.45,91.66,91.86,92.04,92.25,92.48,92.66,92.82,92.93,92.87,92.64,92.37,92.11,91.85,91.57,91.27,90.86,90.16,89.33,88.44,87.66,87.38,88.52,89.62,90.29,90.61,90.91,91.20,91.47,91.72,91.91,91.94,91.82,91.61,91.38,91.15,90.92,90.76,90.63,90.41,90.08,88.67,86.42,83.76,81.65,80.80,80.44,80.41,81.14,82.25,83.33,84.10,84.17,83.43,82.10,80.35,78.36,76.87,76.02,75.97,76.34,76.35,75.78,74.45,72.28,68.73,63.09,59.72,57.86,57.16,57.80,58.54,59.33,60.34,61.81,63.46,65.09,66.69,68.24,69.46,70.06,69.79,68.72,67.17,65.61,64.22,64.00,65.70,67.33,68.98,70.31,71.27,72.15,72.69,72.87,72.79,72.65,72.69,72.86,73.08,73.30,73.46,73.70,74.12,74.70,75.41,76.11,76.82,77.52,78.21,78.91,79.55,79.95,80.08,80.20,80.25,80.26,80.24,80.16,80.08,79.89,79.74,79.78,80.00,80.08,80.14,80.24,80.33,80.40,80.38,80.29,80.19,80.06,79.36,78.12,76.44,74.93,75.50,76.98,78.63,79.90,80.35,80.59,80.85,81.19,81.54,81.82,82.09,82.37,82.67,82.93,83.22,83.55,83.91,84.22,84.49,84.72,84.77,84.35,83.71,83.35,83.31,83.43,83.52,83.58,83.57,83.41,83.15,82.88,82.64,82.39,82.09,81.80,81.51,81.24,80.95,80.59,80.22,79.38,77.98,76.61,75.19,74.93,75.67,76.66,77.62,78.41,79.06,79.59,80.08,80.31,80.53,80.81,81.07,81.05,81.06,81.14,81.22,81.35,81.44,81.52,81.60,81.70,81.72,81.69,81.61,81.53,81.45,81.38,81.30,81.23,81.14,81.06,80.97,80.84,80.77,80.69,80.63,80.59,80.55,80.44,80.29,80.14,79.98,79.70,79.33,78.94,78.56,78.17,77.78,77.32,76.93,76.73,76.69,76.64,76.59,76.52,76.39,76.32,76.23,76.13,76.06,76.00,75.93,75.86,75.81,75.79
90.90,90.84,90.83,90.87,90.88,90.92,91.04,91.20,91.35,91.51,91.72,91.91,92.08,92.28,92.51,92.71,92.91,93.12,93.19,93.16,92.99,92.71,92.45,92.17,91.88,91.48,90.86,90.18,89.51,88.95,88.77,89.53,90.07,90.46,90.76,91.05,91.35,91.61,91.85,92.07,92.08,91.96,91.77,91.54,91.34,91.13,90.98,90.85,90.65,90.47,90.25,89.26,87.05,85.12,84.09,83.70,83.90,84.83,85.82,86.77,87.42,87.42,86.86,85.49,83.57,81.44,79.98,79.19,79.28,79.83,79.80,78.79,76.78,73.90,69.94,64.55,60.74,58.36,57.28,57.51,58.28,59.20,60.29,61.70,63.27,64.88,66.44,67.80,68.73,69.27,68.99,67.96,66.49,65.01,63.60,63.36,65.14,66.83,68.50,69.97,71.13,71.96,72.06,71.88,71.61,71.45,71.53,71.75,72.02,72.28,72.57,73.00,73.65,74.43,75.15,75.85,76.54,77.24,77.93,78.63,79.33,79.78,79.95,80.10,80.13,80.14,80.14,80.04,79.83,79.47,79.18,79.19,79.54,79.77,79.97,80.15,80.25,80.34,80.33,80.27,80.16,80.03,79.06,77.60,75.87,74.34,75.22,76.84,78.46,79.78,80.31,80.59,80.86,81.20,81.53,81.78,82.03,82.29,82.57,82.84,83.13,83.45,83.81,84.12,84.39,84.66,84.78,84.25,83.51,83.06,82.96,83.08,83.19,83.28,83.33,83.28,83.00,82.75,82.51,82.27,81.98,81.66,81.37,81.12,80.87,80.55,80.16,79.29,77.86,76.44,75.00,74.41,74.75,75.73,76.60,77.34,78.04,78.78,79.68,80.14,80.45,80.74,80.91,80.82,80.81,80.88,80.97,81.09,81.20,81.30,81.39,81.53,81.61,81.62,81.58,81.50,81.42,81.35,81.27,81.19,81.09,80.98,80.87,80.75,80.64,80.58,80.55,80.53,80.51,80.40,80.26,80.08,79.84,79.54,79.17,78.80,78.43,78.05,77.71,77.31,76.94,76.74,76.67,76.60,76.51,76.40,76.28,76.17,76.05,75.94,75.86,75.78,75.71,75.63,75.56,75.53
91.09,91.03,91.00,91.00,91.00,91.00,91.11,91.26,91.41,91.57,91.78,91.97,92.13,92.30,92.51,92.74,92.97,93.19,93.34,93.52,93.53,93.31,93.04,92.79,92.51,92.12,91.51,90.95,90.53,90.20,90.02,90.23,90.42,90.66,90.94,91.19,91.48,91.75,92.00,92.25,92.22,92.09,91.90,91.69,91.52,91.36,91.21,91.06,90.89,90.67,90.44,90.13,89.68,89.16,88.26,87.94,88.45,89.19,89.44,89.57,89.66,89.66,89.58,88.51,86.73,84.68,83.25,82.35,82.28,82.64,82.33,80.88,78.21,74.62,70.23,65.50,61.60,59.03,57.78,57.30,58.09,59.20,60.42,61.81,63.22,64.75,66.13,67.16,67.72,68.14,67.88,66.93,65.71,64.35,62.94,62.65,64.38,65.99,67.55,69.16,70.64,71.41,71.24,70.79,70.37,70.14,70.34,70.65,70.99,71.36,71.88,72.57,73.36,74.18,74.94,75.66,76.35,77.05,77.74,78.44,79.13,79.60,79.81,79.97,80.00,80.03,80.06,79.93,79.48,78.91,78.46,78.35,78.83,79.35,79.77,80.05,80.19,80.28,80.30,80.25,80.11,80.02,78.87,77.25,75.48,73.91,74.86,76.43,77.98,79.39,80.09,80.44,80.74,81.09,81.35,81.59,81.86,82.15,82.39,82.69,82.99,83.30,83.62,83.93,84.24,84.58,84.74,84.10,83.28,82.77,82.63,82.73,82.86,82.96,83.06,83.12,82.86,82.62,82.39,82.15,81.91,81.55,81.22,80.93,80.69,80.45,80.02,79.13,77.75,76.30,74.91,73.97,73.81,74.75,75.50,76.20,76.91,77.79,79.24,80.02,80.44,80.68,80.69,80.56,80.56,80.63,80.71,80.79,80.93,81.05,81.14,81.30,81.44,81.54,81.58,81.50,81.42,81.34,81.26,81.17,81.03,80.88,80.76,80.67,80.53,80.50,80.45,80.41,80.40,80.33,80.19,79.98,79.68,79.37,79.00,78.64,78.30,77.91,77.53,77.14,76.80,76.58,76.44,76.34,76.23,76.10,76.00,75.88,75.77,75.69,75.61,75.52,75.45,75.38,75.30,75.23
91.28,91.22,91.19,91.17,91.13,91.12,91.20,91.32,91.47,91.64,91.84,92.04,92.20,92.35,92.53,92.75,92.97,93.20,93.41,93.63,93.77,93.75,93.63,93.42,93.15,92.75,92.16,91.69,91.30,90.95,90.70,90.77,90.84,90.95,91.14,91.37,91.66,91.93,92.17,92.38,92.34,92.25,92.08,91.87,91.71,91.60,91.46,91.31,91.14,90.88,90.63,90.43,90.27,90.10,89.68,89.51,89.72,90.06,90.08,90.09,90.11,90.07,90.06,89.60,88.84,87.83,86.48,85.39,85.09,84.93,83.32,81.36,78.24,74.29,69.93,66.00,62.43,59.77,58.15,57.20,58.01,59.27,60.59,61.93,63.28,64.51,65.47,66.08,66.55,66.99,66.73,65.80,64.59,63.35,62.14,61.74,62.80,64.15,65.92,67.86,69.65,70.64,70.53,69.65,68.69,68.49,68.94,69.56,70.18,70.79,71.47,72.27,73.08,73.88,74.69,75.45,76.16,76.86,77.55,78.25,78.91,79.36,79.58,79.73,79.80,79.83,79.83,79.69,79.17,78.56,77.97,77.61,78.17,78.95,79.61,80.02,80.13,80.21,80.27,80.25,80.10,80.02,78.87,77.25,75.47,73.85,74.28,75.56,77.07,78.43,79.49,80.10,80.49,80.82,81.10,81.38,81.67,81.97,82.20,82.50,82.81,83.12,83.43,83.74,84.08,84.50,84.72,83.98,83.10,82.50,82.26,82.39,82.54,82.65,82.75,82.85,82.71,82.49,82.26,82.03,81.79,81.47,81.12,80.78,80.51,80.28,79.59,78.61,77.41,76.06,74.75,73.56,72.95,73.67,74.37,75.06,75.91,77.16,79.20,80.03,80.37,80.54,80.41,80.29,80.30,80.38,80.46,80.53,80.66,80.83,81.00,81.15,81.31,81.45,81.52,81.44,81.36,81.28,81.19,81.06,80.91,80.79,80.68,80.56,80.45,80.39,80.36,80.33,80.33,80.26,80.13,79.93,79.66,79.34,78.94,78.52,78.11,77.68,77.28,76.90,76.55,76.30,76.17,76.06,75.94,75.83,75.70,75.59,75.50,75.43,75.35,75.23,75.17,75.12,75.05,74.97
91.47,91.41,91.38,91.36,91.29,91.27,91.31,91.40,91.54,91.70,91.91,92.10,92.26,92.41,92.59,92.78,93.00,93.21,93.44,93.67,93.88,94.03,94.09,93.98,93.75,93.37,92.82,92.40,92.02,91.62,91.29,91.31,91.33,91.35,91.44,91.62,91.87,92.12,92.35,92.53,92.48,92.39,92.26,92.05,91.90,91.80,91.66,91.51,91.34,91.07,90.82,90.62,90.48,90.39,90.31,90.25,90.21,90.24,90.18,90.19,90.21,90.15,90.13,90.09,90.04,89.83,88.83,87.92,87.51,86.88,84.38,81.81,78.15,73.87,69.63,66.30,63.07,60.41,58.48,57.22,57.94,59.27,60.64,61.92,63.13,64.05,64.66,64.99,65.43,65.85,65.59,64.66,63.47,62.30,61.33,60.88,61.26,62.12,63.57,65.20,66.79,68.08,68.43,67.66,66.69,66.85,67.58,68.45,69.38,70.33,71.16,71.98,72.79,73.59,74.42,75.22,75.95,76.64,77.34,78.03,78.67,79.11,79.32,79.45,79.52,79.55,79.53,79.41,78.88,78.27,77.58,77.00,77.34,78.20,79.07,79.72,80.03,80.13,80.20,80.22,80.12,80.02,79.00,77.48,75.72,74.00,73.72,74.61,76.04,77.33,78.63,79.53,80.13,80.53,80.84,81.15,81.46,81.76,82.06,82.40,82.73,83.06,83.39,83.72,84.09,84.47,84.58,83.77,82.83,82.19,81.92,82.07,82.23,82.33,82.44,82.56,82.55,82.36,82.13,81.90,81.66,81.37,81.01,80.65,80.34,80.03,79.11,78.00,76.90,75.66,74.42,73.14,72.26,72.61,73.25,73.93,74.91,76.57,79.02,79.95,80.26,80.31,79.95,79.50,79.48,79.79,80.19,80.33,80.48,80.67,80.87,81.03,81.18,81.34,81.45,81.38,81.30,81.21,81.10,80.96,80.81,80.70,80.57,80.44,80.36,80.28,80.25,80.25,80.24,80.21,80.09,79.89,79.63,79.27,78.83,78.37,77.91,77.45,77.06,76.67,76.31,76.02,75.89,75.77,75.65,75.55,75.42,75.33,75.24,75.15,75.06,74.94,74.89,74.85,74.79,74.72
91.66,91.60,91.56,91.55,91.47,91.47,91.47,91.51,91.61,91.76,91.97,92.16,92.32,92.48,92.69,92.88,93.04,93.22,93.44,93.67,93.90,94.11,94.31,94.43,94.31,93.97,93.49,93.10,92.71,92.30,91.92,91.89,91.89,91.90,91.91,91.96,92.10,92.31,92.54,92.71,92.61,92.51,92.39,92.23,92.07,91.93,91.78,91.63,91.46,91.24,91.01,90.81,90.67,90.58,90.50,90.45,90.43,90.38,90.30,90.28,90.28,90.27,90.20,90.18,90.15,90.04,89.80,89.62,89.31,88.41,85.97,82.69,78.30,73.64,69.53,66.42,63.43,60.82,58.76,57.39,57.87,59.10,60.48,61.68,62.63,63.27,63.70,64.03,64.42,64.76,64.45,63.54,62.43,61.29,60.54,60.15,60.05,60.13,60.38,60.70,61.35,62.94,64.19,64.41,64.40,65.36,66.34,67.33,68.55,69.94,70.88,71.69,72.50,73.33,74.11,74.95,75.69,76.39,77.08,77.78,78.42,78.86,79.06,79.14,79.17,79.17,79.17,79.09,78.61,78.01,77.30,76.56,76.25,76.91,77.91,78.96,79.82,79.99,80.06,80.14,80.16,80.04,79.26,77.97,76.24,74.34,73.25,73.65,74.97,76.21,77.46,78.68,79.67,80.26,80.59,80.91,81.23,81.57,82.00,82.44,82.83,83.21,83.59,83.97,84.34,84.51,84.26,83.38,82.40,81.80,81.60,81.75,81.91,82.01,82.12,82.27,82.38,82.24,82.01,81.77,81.53,81.24,80.88,80.53,80.19,79.72,78.64,77.39,76.20,75.07,73.86,72.68,71.79,71.62,72.18,72.82,73.91,75.89,78.45,79.68,80.08,79.93,79.15,77.86,77.75,78.67,79.88,80.18,80.39,80.58,80.75,80.90,81.05,81.25,81.39,81.31,81.23,81.11,80.99,80.89,80.74,80.60,80.45,80.31,80.23,80.16,80.13,80.13,80.13,80.18,80.09,79.87,79.54,79.11,78.64,78.18,77.72,77.26,76.86,76.47,76.09,75.75,75.59,75.49,75.38,75.25,75.16,75.08,74.96,74.83,74.76,74.67,74.60,74.55,74.53,74.46
91.85,91.79,91.75,91.73,91.67,91.66,91.66,91.66,91.68,91.83,92.03,92.23,92.39,92.55,92.77,92.95,93.10,93.26,93.45,93.67,93.90,94.13,94.37,94.56,94.61,94.48,94.17,93.80,93.38,92.96,92.58,92.44,92.42,92.42,92.42,92.47,92.53,92.63,92.74,92.81,92.61,92.43,92.26,92.07,91.88,91.75,91.61,91.47,91.35,91.24,91.13,91.00,90.85,90.73,90.61,90.55,90.53,90.42,90.37,90.33,90.30,90.29,90.22,90.20,90.17,90.10,90.06,90.05,89.89,89.22,87.26,83.74,79.15,74.14,69.42,66.22,63.27,60.63,58.51,57.26,57.70,58.77,59.97,61.04,61.81,62.35,62.77,63.11,63.42,63.66,63.27,62.30,61.25,60.37,59.80,59.44,59.18,59.01,58.94,58.92,59.16,60.26,61.34,62.09,62.80,63.98,65.25,66.64,68.19,69.75,70.68,71.45,72.22,73.03,73.84,74.65,75.42,76.15,76.88,77.58,78.22,78.64,78.80,78.83,78.84,78.84,78.84,78.78,78.34,77.73,77.00,76.18,75.54,75.81,76.65,77.73,78.64,79.17,79.63,79.98,80.08,80.06,79.63,78.43,76.45,74.41,72.85,72.99,74.28,75.52,76.79,78.09,79.26,80.09,80.48,80.93,81.50,82.07,82.36,82.72,83.13,83.55,83.97,84.36,84.48,84.25,83.62,82.75,81.80,81.32,81.28,81.44,81.56,81.67,81.80,81.96,82.10,82.05,81.88,81.64,81.37,81.10,80.78,80.46,80.17,79.77,78.66,77.30,75.97,74.72,73.48,72.31,71.33,70.86,71.13,71.63,72.64,74.54,76.96,78.55,79.02,78.29,76.52,75.12,75.34,76.86,78.93,79.92,80.29,80.46,80.62,80.77,80.93,81.13,81.28,81.25,81.17,81.05,80.91,80.78,80.63,80.51,80.38,80.23,80.11,80.06,80.05,80.05,80.05,80.08,79.98,79.75,79.38,78.92,78.45,77.99,77.53,77.07,76.64,76.24,75.85,75.50,75.33,75.20,75.09,74.98,74.90,74.79,74.67,74.57,74.49,74.41,74.34,74.28,74.24,74.20
92.04,91.99,91.95,91.93,91.87,91.85,91.84,91.80,91.76,91.89,92.10,92.29,92.45,92.61,92.81,93.00,93.16,93.32,93.49,93.69,93.91,94.13,94.37,94.60,94.78,94.86,94.68,94.37,93.98,93.58,93.24,92.98,92.93,92.93,92.93,92.96,92.94,92.91,92.87,92.80,92.53,92.28,92.04,91.81,91.59,91.47,91.34,91.20,91.15,91.14,91.15,91.10,90.95,90.79,90.63,90.55,90.51,90.41,90.37,90.33,90.28,90.26,90.20,90.18,90.14,90.09,90.08,90.08,90.05,89.59,87.72,84.09,79.55,74.45,69.27,65.91,62.87,60.19,58.11,57.05,57.54,58.46,59.42,60.30,60.92,61.41,61.83,62.16,62.39,62.55,62.10,61.10,60.16,59.56,59.13,58.76,58.44,58.18,58.03,57.93,57.95,58.45,59.21,60.28,61.52,62.81,64.40,66.23,68.06,69.64,70.55,71.28,72.00,72.78,73.60,74.37,75.14,75.91,76.67,77.38,78.02,78.40,78.50,78.51,78.52,78.52,78.52,78.47,78.08,77.44,76.68,75.83,75.01,74.83,75.31,76.19,77.01,77.82,78.63,79.35,79.83,80.04,79.94,78.82,76.63,74.45,72.51,72.44,73.70,74.96,76.27,77.59,78.88,80.00,80.60,81.24,82.02,82.72,82.81,83.08,83.47,83.93,84.36,84.59,84.37,83.76,82.86,82.03,81.17,80.85,80.95,81.10,81.20,81.33,81.48,81.64,81.79,81.85,81.75,81.51,81.21,80.97,80.69,80.41,80.16,79.80,78.70,77.30,75.87,74.48,73.21,72.01,70.95,70.28,70.27,70.59,71.37,72.89,75.03,76.80,77.15,75.85,73.48,72.34,73.01,75.05,77.81,79.62,80.19,80.36,80.50,80.66,80.81,81.01,81.18,81.19,81.11,80.97,80.81,80.67,80.52,80.41,80.29,80.13,79.95,79.87,79.87,79.90,79.92,79.92,79.80,79.55,79.16,78.71,78.26,77.80,77.34,76.88,76.41,75.99,75.60,75.25,75.06,74.91,74.80,74.71,74.63,74.50,74.40,74.31,74.24,74.16,74.09,74.00,73.94,73.93
92.23,92.22,92.18,92.13,92.11,92.06,91.99,91.93,91.88,91.96,92.17,92.35,92.51,92.66,92.83,93.03,93.23,93.39,93.60,93.78,93.95,94.13,94.37,94.60,94.78,94.86,94.70,94.56,94.37,94.13,93.85,93.51,93.47,93.47,93.41,93.30,93.13,92.94,92.77,92.57,92.33,92.05,91.78,91.56,91.33,91.17,91.02,90.90,90.89,90.89,90.92,90.93,90.82,90.61,90.44,90.33,90.30,90.31,90.27,90.23,90.20,90.15,90.13,90.07,90.04,90.03,90.03,90.03,90.01,89.20,85.90,82.16,77.95,73.46,69.02,65.52,62.24,59.52,57.66,56.93,57.48,58.31,59.06,59.62,60.08,60.49,60.84,61.08,61.26,61.42,60.98,60.12,59.54,59.04,58.62,58.22,57.80,57.44,57.16,56.93,56.83,57.16,58.00,59.18,60.59,62.19,64.21,66.30,68.19,69.65,70.55,71.28,71.97,72.69,73.42,74.13,74.88,75.66,76.43,77.18,77.79,78.10,78.13,78.13,78.18,78.21,78.21,78.16,77.81,77.16,76.36,75.52,74.67,73.99,73.81,74.15,74.81,75.48,76.14,77.30,79.16,79.89,79.98,79.04,76.97,74.64,72.32,71.95,73.08,74.39,75.75,77.08,78.53,80.09,81.29,82.22,82.87,83.21,83.20,83.45,83.82,84.24,84.57,84.14,83.56,82.83,81.99,81.26,80.62,80.43,80.57,80.72,80.86,81.01,81.17,81.32,81.48,81.66,81.63,81.39,81.14,80.91,80.63,80.34,80.06,79.49,78.39,77.09,75.73,74.35,73.03,71.81,70.76,70.07,69.94,70.04,70.29,70.94,72.64,73.87,73.59,72.04,70.84,70.44,71.53,73.79,76.72,79.27,80.10,80.29,80.44,80.60,80.75,80.91,81.07,81.16,81.01,80.84,80.71,80.61,80.46,80.31,80.17,79.97,79.64,79.34,79.33,79.49,79.59,79.61,79.45,79.19,78.85,78.45,78.05,77.61,77.15,76.69,76.22,75.77,75.34,74.99,74.76,74.64,74.52,74.39,74.31,74.22,74.14,74.06,73.98,73.91,73.83,73.75,73.68,73.62
92.43,92.43,92.38,92.33,92.32,92.25,92.17,92.09,92.03,92.05,92.23,92.42,92.58,92.73,92.89,93.09,93.29,93.45,93.68,93.85,94.01,94.17,94.37,94.60,94.78,94.86,94.71,94.63,94.49,94.31,94.06,93.75,93.67,93.59,93.45,93.29,93.06,92.83,92.60,92.36,92.11,91.83,91.56,91.30,91.07,90.87,90.72,90.64,90.64,90.64,90.71,90.76,90.68,90.47,90.27,90.15,90.13,90.17,90.16,90.16,90.13,90.07,90.06,88.95,88.05,87.99,87.95,87.92,87.34,85.83,82.86,79.94,76.55,72.90,69.30,66.03,62.76,59.88,57.77,56.91,57.34,58.02,58.59,59.02,59.38,59.71,59.97,60.13,60.25,60.34,60.07,59.50,59.03,58.57,58.16,57.74,57.29,56.89,56.52,56.25,56.13,56.27,56.90,58.20,59.94,61.90,64.09,66.31,68.30,69.83,70.65,71.36,72.05,72.74,73.41,74.09,74.82,75.55,76.26,76.99,77.54,77.79,77.79,77.79,77.83,77.84,77.84,77.81,77.53,76.87,76.05,75.20,74.35,73.50,72.91,72.66,72.82,73.17,73.66,74.98,77.58,79.20,79.75,78.84,76.55,74.15,72.00,71.38,72.07,73.39,74.74,76.20,78.00,80.17,82.07,83.14,83.59,83.63,83.59,83.83,84.19,84.45,84.34,83.59,82.77,81.92,81.08,80.45,80.00,79.98,80.24,80.43,80.59,80.76,80.95,81.13,81.32,81.52,81.53,81.35,81.12,80.89,80.61,80.31,79.97,79.17,78.11,77.00,75.94,74.83,74.02,72.88,71.42,70.10,69.83,69.79,69.81,70.04,70.97,71.59,71.28,70.30,69.81,69.81,71.14,73.46,76.20,78.73,79.83,80.23,80.38,80.54,80.69,80.86,81.03,81.12,80.97,80.80,80.65,80.50,80.35,80.19,79.99,79.70,79.26,78.86,78.83,79.00,79.11,79.13,78.95,78.69,78.37,78.02,77.69,77.33,76.92,76.49,76.03,75.57,75.13,74.77,74.49,74.34,74.23,74.12,74.04,73.97,73.89,73.81,73.73,73.62,73.56,73.50,73.43,73.35
92.63,92.61,92.57,92.52,92.51,92.44,92.36,92.29,92.21,92.15,92.29,92.48,92.64,92.79,92.95,93.15,93.35,93.52,93.75,93.92,94.08,94.23,94.40,94.60,94.78,94.85,94.70,94.60,94.46,94.28,94.05,93.81,93.64,93.46,93.25,93.09,92.86,92.63,92.40,92.16,91.87,91.61,91.35,91.06,90.82,90.59,90.44,90.37,90.38,90.39,90.49,90.59,90.55,90.34,89.69,89.16,88.94,88.97,89.23,89.30,89.16,88.94,88.89,86.72,84.94,84.83,84.76,84.69,83.50,81.42,79.61,77.77,75.31,72.56,69.85,67.23,64.38,61.40,58.69,57.16,57.18,57.61,58.06,58.44,58.76,59.01,59.18,59.27,59.36,59.38,59.28,59.03,58.59,58.13,57.71,57.29,56.85,56.48,56.14,55.91,55.79,55.71,56.01,57.42,59.61,61.95,64.22,66.47,68.53,70.09,70.78,71.46,72.16,72.84,73.46,74.15,74.84,75.52,76.16,76.85,77.29,77.47,77.47,77.47,77.47,77.47,77.47,77.45,77.26,76.60,75.75,74.89,74.03,73.18,72.36,71.62,71.16,71.14,71.43,72.62,75.24,77.53,78.56,77.88,75.64,73.34,71.61,70.80,70.95,72.16,73.52,75.25,77.48,80.25,82.81,83.94,84.19,84.01,83.98,84.22,84.50,84.47,83.83,82.94,81.97,81.02,80.17,79.63,79.34,79.52,79.94,80.19,80.36,80.58,80.80,81.03,81.26,81.43,81.46,81.34,81.12,80.89,80.61,80.31,79.93,79.03,78.09,77.25,76.54,75.84,75.70,74.80,72.98,70.80,69.99,69.72,69.64,69.72,69.85,69.92,69.86,69.70,69.64,69.80,71.22,73.48,75.91,78.07,79.46,80.17,80.31,80.47,80.63,80.81,81.00,81.07,80.94,80.79,80.61,80.41,80.24,80.09,79.81,79.38,78.85,78.41,78.34,78.47,78.54,78.56,78.40,78.13,77.82,77.51,77.25,76.96,76.63,76.25,75.81,75.37,74.94,74.56,74.24,74.05,73.94,73.87,73.78,73.71,73.63,73.55,73.46,73.33,73.28,73.24,73.17,73.09
92.82,92.81,92.76,92.70,92.70,92.63,92.55,92.48,92.40,92.33,92.36,92.51,92.70,92.85,93.01,93.21,93.42,93.59,93.80,93.98,94.16,94.36,94.51,94.64,94.75,94.79,94.63,94.45,94.29,94.11,93.88,93.64,93.47,93.28,93.05,92.84,92.62,92.38,92.15,91.92,91.66,91.39,91.12,90.86,90.63,90.35,90.15,90.07,90.13,90.18,90.30,90.41,90.43,90.21,87.28,84.43,83.01,83.17,84.57,84.84,84.05,83.03,82.72,81.85,81.19,81.15,81.13,81.10,80.41,79.23,78.19,76.46,74.31,72.18,70.48,69.35,68.24,65.82,61.97,58.31,57.06,57.06,57.48,57.81,58.12,58.34,58.48,58.56,58.69,58.72,58.63,58.44,58.12,57.68,57.23,56.80,56.42,56.18,56.42,56.46,56.09,55.70,55.85,57.44,60.04,62.77,65.17,67.53,69.35,70.32,70.83,71.47,72.16,72.84,73.47,74.16,74.84,75.52,76.15,76.83,77.09,77.16,77.16,77.16,77.16,77.16,77.16,77.14,77.03,76.40,75.53,74.63,73.72,72.86,72.02,71.20,70.55,70.28,70.27,70.67,71.65,72.54,73.68,74.47,74.32,72.69,71.16,70.31,70.18,70.80,72.42,74.75,77.44,80.29,83.07,84.32,84.57,84.36,84.40,84.62,84.45,83.91,83.05,82.09,81.13,80.16,79.30,78.85,78.66,79.00,79.61,80.03,80.32,80.56,80.79,81.02,81.25,81.38,81.42,81.34,81.12,80.89,80.64,80.39,80.10,79.68,79.17,78.66,78.19,77.82,77.85,77.61,76.55,73.95,70.89,69.77,69.64,69.56,69.53,69.52,69.48,69.45,69.54,69.74,70.98,72.98,75.21,77.32,79.09,80.10,80.25,80.41,80.56,80.73,80.90,80.99,80.89,80.73,80.56,80.39,80.23,80.08,79.73,79.17,78.53,77.97,77.81,77.91,77.98,78.04,77.88,77.62,77.31,77.00,76.71,76.41,76.10,75.77,75.46,75.12,74.73,74.31,73.94,73.78,73.69,73.61,73.53,73.46,73.35,73.23,73.15,73.05,72.99,72.95,72.91,72.84
93.01,93.00,92.95,92.89,92.86,92.81,92.73,92.63,92.56,92.48,92.45,92.55,92.77,92.92,93.08,93.28,93.48,93.64,93.87,94.04,94.23,94.45,94.61,94.72,94.74,94.66,94.50,94.28,94.09,93.90,93.68,93.45,93.26,93.07,92.86,92.63,92.39,92.16,91.92,91.67,91.44,91.17,90.90,90.67,90.44,90.17,89.83,89.55,89.57,89.72,90.00,90.23,90.28,90.11,86.19,82.11,79.75,79.77,81.11,81.33,80.46,79.37,79.04,78.98,78.98,78.98,78.98,78.92,78.49,77.81,77.11,75.40,73.51,71.96,71.11,70.86,70.70,69.03,65.24,60.10,57.90,57.19,57.09,57.20,57.47,57.66,57.79,57.90,58.02,58.07,58.00,57.83,57.63,57.23,56.78,56.44,56.37,56.53,56.98,57.03,56.51,55.95,55.98,57.77,60.71,63.70,66.39,68.58,70.00,70.56,70.94,71.50,72.16,72.84,73.47,74.16,74.84,75.52,76.13,76.70,76.82,76.80,76.80,76.80,76.80,76.80,76.80,76.80,76.75,76.22,75.40,74.47,73.57,72.71,71.85,70.98,70.21,69.86,69.69,69.62,69.65,69.72,70.56,71.69,72.41,71.55,70.52,69.88,69.65,69.87,71.13,73.17,76.11,79.78,82.58,83.95,84.47,84.55,84.61,84.55,84.00,83.14,82.21,81.23,80.25,79.27,78.40,78.07,78.30,78.90,79.58,80.00,80.31,80.56,80.79,81.01,81.19,81.28,81.30,81.28,81.14,80.94,80.72,80.50,80.30,80.14,79.92,79.67,79.43,79.26,79.31,79.38,78.95,76.80,72.25,70.18,69.70,69.56,69.45,69.39,69.32,69.27,69.43,69.65,70.60,72.26,74.43,76.55,78.56,79.84,80.18,80.34,80.50,80.64,80.78,80.90,80.81,80.67,80.51,80.36,80.20,80.07,79.68,79.04,78.37,77.72,77.39,77.33,77.42,77.49,77.34,77.08,76.77,76.46,76.17,75.88,75.57,75.26,75.00,74.71,74.36,73.97,73.67,73.53,73.44,73.36,73.28,73.18,73.06,72.95,72.87,72.80,72.72,72.66,72.63,72.58
93.20,93.19,93.14,93.07,93.01,92.98,92.88,92.76,92.69,92.61,92.54,92.62,92.83,92.98,93.14,93.34,93.54,93.71,93.94,94.11,94.30,94.51,94.67,94.81,94.73,94.50,94.33,94.12,93.89,93.68,93.51,93.28,93.05,92.86,92.68,92.45,92.22,91.98,91.73,91.44,91.21,90.97,90.73,90.50,90.27,90.03,89.49,88.85,88.73,89.01,89.55,90.00,90.10,90.03,86.65,82.59,79.65,79.27,79.40,79.31,78.93,78.47,78.36,78.34,78.34,78.34,78.33,78.16,77.64,76.91,76.17,74.52,72.96,71.98,71.79,71.68,71.50,70.60,67.98,62.33,59.66,58.11,57.10,56.83,56.94,57.06,57.16,57.27,57.34,57.41,57.36,57.23,57.11,56.77,56.40,56.28,56.74,57.49,57.72,57.51,56.95,56.35,56.36,58.37,61.60,64.69,67.73,69.50,70.41,70.81,71.14,71.59,72.17,72.84,73.47,74.16,74.84,75.51,76.08,76.44,76.47,76.43,76.43,76.43,76.43,76.43,76.43,76.43,76.42,76.03,75.33,74.42,73.55,72.70,71.81,70.90,70.08,69.78,69.58,69.42,69.37,69.41,69.64,69.94,70.15,70.02,69.76,69.50,69.32,69.38,69.75,70.68,73.58,78.59,81.37,82.86,83.84,84.49,84.55,84.01,83.19,82.26,81.33,80.39,79.35,78.31,77.48,77.35,78.27,79.20,79.83,80.09,80.33,80.56,80.79,80.99,81.09,81.11,81.11,81.13,81.15,81.04,80.84,80.64,80.48,80.33,80.22,80.14,80.09,80.00,79.99,80.00,79.90,78.92,74.09,71.19,70.05,69.72,69.54,69.39,69.25,69.17,69.29,69.50,70.11,71.37,73.49,75.65,77.79,79.37,80.09,80.28,80.43,80.55,80.66,80.78,80.74,80.61,80.45,80.30,80.15,80.04,79.67,79.00,78.36,77.68,77.10,76.79,76.84,76.92,76.77,76.51,76.20,75.90,75.64,75.36,75.05,74.75,74.45,74.15,73.84,73.55,73.43,73.29,73.18,73.10,73.02,72.88,72.78,72.69,72.62,72.54,72.47,72.39,72.33,72.31
93.39,93.38,93.33,93.25,93.18,93.13,93.04,92.94,92.87,92.79,92.72,92.75,92.89,93.04,93.20,93.40,93.61,93.78,94.00,94.17,94.34,94.53,94.72,94.85,94.78,94.57,94.36,94.13,93.91,93.69,93.48,93.25,93.02,92.80,92.59,92.36,92.13,91.90,91.66,91.40,91.16,90.93,90.70,90.48,90.28,90.06,89.39,88.46,87.91,88.15,88.77,89.42,89.84,89.95,87.34,83.37,79.76,79.28,79.09,78.84,78.49,78.08,77.74,77.69,77.71,77.70,77.64,77.34,76.76,75.99,75.16,73.82,73.08,72.85,72.84,72.72,72.19,70.98,68.46,63.72,61.20,59.76,58.83,58.26,57.72,57.25,56.92,56.73,56.67,56.72,56.72,56.65,56.56,56.38,56.54,57.01,57.69,58.30,58.31,57.95,57.31,56.42,56.89,59.37,62.88,66.04,68.78,70.06,70.64,71.02,71.38,71.78,72.27,72.84,73.47,74.16,74.82,75.44,75.94,76.11,76.12,76.11,76.11,76.11,76.11,76.11,76.11,76.11,76.11,75.83,75.23,74.35,73.50,72.61,71.73,70.88,70.22,69.91,69.70,69.52,69.34,69.16,69.16,69.26,69.38,69.38,69.29,69.14,69.00,68.99,69.27,69.81,71.89,76.08,79.96,81.65,82.64,83.49,83.95,83.36,82.41,81.42,80.48,79.48,78.41,77.35,76.64,77.28,78.47,79.42,79.98,80.21,80.40,80.59,80.79,80.98,80.98,80.95,80.92,80.93,80.96,80.99,80.94,80.83,80.68,80.56,80.48,80.42,80.36,80.29,80.24,80.19,80.12,79.62,76.74,74.34,72.25,70.29,69.76,69.55,69.38,69.19,69.06,69.26,69.67,70.35,71.57,73.65,76.33,78.65,79.99,80.21,80.38,80.51,80.63,80.72,80.71,80.60,80.44,80.29,80.13,80.04,79.68,79.03,78.36,77.63,76.93,76.42,76.30,76.35,76.24,76.00,75.69,75.38,75.10,74.80,74.49,74.19,73.92,73.65,73.39,73.17,73.16,73.05,72.91,72.79,72.71,72.61,72.52,72.44,72.37,72.28,72.21,72.13,72.06,72.02
93.58,93.56,93.52,93.44,93.37,93.29,93.22,93.13,93.06,92.98,92.91,92.89,92.96,93.11,93.27,93.47,93.67,93.83,94.04,94.21,94.37,94.53,94.74,94.84,94.82,94.68,94.45,94.22,93.99,93.76,93.53,93.29,93.06,92.83,92.60,92.37,92.15,91.91,91.67,91.44,91.21,90.96,90.72,90.51,90.34,90.13,89.41,88.32,87.38,87.28,87.78,88.47,89.00,89.03,87.14,83.63,80.00,79.56,79.36,79.03,78.57,78.06,77.51,77.29,77.19,77.08,76.94,76.52,75.91,75.22,74.53,73.66,73.60,73.87,73.91,73.63,72.60,70.92,68.44,64.93,62.63,61.39,60.69,59.99,59.06,58.26,57.64,57.25,57.02,56.91,56.83,56.78,56.84,56.91,57.44,58.17,58.76,59.04,58.81,58.27,57.41,56.30,57.41,60.43,64.24,67.44,69.58,70.44,70.83,71.22,71.62,72.01,72.42,72.90,73.47,74.16,74.80,75.36,75.74,75.79,75.79,75.79,75.79,75.79,75.78,75.77,75.77,75.77,75.77,75.60,75.12,74.29,73.43,72.53,71.69,70.98,70.49,70.14,69.92,69.73,69.46,69.10,68.93,68.89,68.92,68.92,68.85,68.75,68.66,68.68,69.02,69.40,70.60,73.41,77.77,79.98,81.28,82.33,83.15,82.74,81.79,80.70,79.65,78.48,77.33,76.43,76.22,77.47,78.80,79.66,80.08,80.29,80.45,80.60,80.77,80.89,80.84,80.76,80.71,80.72,80.75,80.86,80.91,80.87,80.76,80.69,80.63,80.57,80.51,80.44,80.35,80.28,80.19,79.94,78.92,77.43,75.15,72.19,70.85,70.06,69.57,69.25,68.89,69.02,69.30,69.61,70.19,72.30,75.36,78.16,79.91,80.16,80.31,80.46,80.59,80.66,80.67,80.59,80.44,80.29,80.13,80.04,79.69,79.06,78.34,77.60,76.83,76.17,75.82,75.79,75.69,75.47,75.16,74.87,74.56,74.25,73.95,73.68,73.44,73.22,73.00,72.84,72.91,72.83,72.67,72.52,72.42,72.34,72.27,72.19,72.11,72.02,71.95,71.88,71.80,71.73
93.77,93.75,93.71,93.63,93.56,93.48,93.41,93.33,93.25,93.17,93.09,93.03,93.02,93.17,93.33,93.53,93.73,93.89,94.06,94.21,94.37,94.52,94.69,94.78,94.84,94.81,94.58,94.35,94.12,93.88,93.65,93.42,93.19,92.96,92.72,92.50,92.32,92.08,91.80,91.57,91.33,91.06,90.79,90.57,90.41,90.19,89.56,88.53,87.38,86.47,86.55,87.00,87.10,86.53,85.17,82.83,80.38,80.19,80.13,79.76,79.17,78.57,77.97,77.38,76.88,76.51,76.22,75.69,75.14,74.73,74.60,74.43,74.58,74.86,74.91,74.23,72.53,70.50,68.36,66.10,63.91,62.68,62.11,61.54,60.93,60.42,60.02,59.67,59.26,58.76,58.35,58.21,58.66,59.16,59.56,59.80,59.83,59.70,59.23,58.33,57.04,55.94,57.84,61.46,65.55,68.74,70.06,70.63,71.02,71.42,71.86,72.26,72.65,73.06,73.50,74.16,74.80,75.27,75.45,75.47,75.47,75.47,75.47,75.47,75.41,75.39,75.39,75.39,75.39,75.35,75.01,74.21,73.37,72.52,71.80,71.25,70.85,70.53,70.27,70.02,69.72,69.41,69.03,68.68,68.44,68.42,68.35,68.30,68.32,68.48,68.83,69.21,69.76,71.01,74.25,77.51,79.86,81.27,82.23,82.24,81.41,80.16,78.82,77.36,76.03,75.64,76.49,77.89,79.28,79.97,80.13,80.30,80.45,80.60,80.69,80.66,80.64,80.53,80.46,80.47,80.54,80.63,80.66,80.65,80.63,80.61,80.61,80.59,80.57,80.49,80.41,80.34,80.26,80.15,79.89,79.54,78.53,76.35,73.48,71.12,69.81,69.36,68.89,68.84,69.05,69.42,70.22,72.61,75.56,78.20,79.91,80.11,80.24,80.40,80.53,80.60,80.61,80.56,80.44,80.29,80.13,80.04,79.69,79.05,78.29,77.58,76.83,76.08,75.46,75.26,75.12,74.90,74.60,74.35,74.06,73.75,73.47,73.29,73.06,72.84,72.65,72.59,72.71,72.68,72.52,72.32,72.18,72.09,72.01,71.94,71.85,71.72,71.66,71.63,71.55,71.47
93.96,93.95,93.91,93.82,93.75,93.67,93.59,93.52,93.43,93.32,93.24,93.16,93.13,93.24,93.39,93.57,93.75,93.91,94.06,94.21,94.35,94.47,94.58,94.70,94.81,94.85,94.65,94.42,94.22,94.01,93.78,93.55,93.32,93.08,92.85,92.63,92.42,92.20,91.96,91.70,91.46,91.20,90.93,90.68,90.48,90.25,89.74,88.87,87.62,86.51,85.90,85.59,85.26,84.43,83.59,82.48,81.37,81.31,81.13,80.44,79.56,78.93,78.28,77.65,77.11,76.70,76.35,75.94,75.57,75.37,75.51,75.53,75.71,75.95,75.84,74.25,72.18,70.07,68.09,66.36,64.90,63.98,63.41,62.88,62.37,61.98,61.68,61.43,61.07,60.57,60.09,59.85,60.17,60.58,60.91,61.08,60.99,60.47,59.57,58.27,56.82,56.36,58.66,62.57,66.69,69.48,70.38,70.82,71.22,71.65,72.07,72.47,72.85,73.24,73.64,74.19,74.72,75.08,75.15,75.16,75.16,75.14,75.11,75.10,75.07,75.06,75.06,75.06,75.06,75.06,74.81,74.15,73.35,72.63,72.05,71.60,71.23,70.94,70.62,70.31,70.02,69.68,69.27,68.88,68.56,68.33,68.07,67.93,67.99,68.31,68.68,69.09,69.50,70.28,72.69,75.67,78.31,80.26,81.39,81.81,81.20,80.00,78.60,76.97,75.35,75.05,76.44,78.09,79.45,80.06,80.18,80.31,80.45,80.55,80.57,80.50,80.42,80.31,80.23,80.22,80.30,80.38,80.41,80.41,80.44,80.41,80.43,80.45,80.45,80.45,80.38,80.30,80.23,80.16,80.11,80.05,79.19,76.86,73.59,71.17,69.83,69.29,68.80,68.73,69.01,69.57,70.65,73.01,75.81,78.31,79.92,80.13,80.25,80.36,80.47,80.54,80.59,80.53,80.41,80.28,80.13,80.04,79.69,79.04,78.28,77.54,76.78,76.01,75.28,74.82,74.59,74.38,74.08,73.84,73.58,73.31,73.06,72.91,72.69,72.48,72.34,72.34,72.51,72.49,72.34,72.13,71.97,71.85,71.76,71.67,71.55,71.44,71.38,71.34,71.29,71.22
94.15,94.13,94.09,94.01,93.92,93.84,93.77,93.69,93.61,93.47,93.38,93.30,93.26,93.31,93.45,93.59,93.75,93.89,94.05,94.20,94.33,94.42,94.51,94.66,94.80,94.85,94.69,94.47,94.29,94.11,93.89,93.67,93.44,93.21,92.98,92.75,92.52,92.33,92.13,91.84,91.59,91.35,91.09,90.81,90.56,90.33,89.95,89.27,88.08,86.97,85.78,84.78,84.11,83.21,82.81,82.65,82.60,82.61,82.14,81.08,79.92,79.24,78.56,78.00,77.53,77.15,76.82,76.56,76.39,76.36,76.64,76.73,76.89,77.07,76.78,74.47,72.09,69.90,67.97,66.56,65.83,65.26,64.70,64.17,63.71,63.37,63.13,62.98,62.74,62.33,61.87,61.53,61.59,61.79,62.05,62.20,61.98,61.09,59.80,58.13,56.64,57.01,59.65,63.76,67.83,69.98,70.63,71.03,71.43,71.88,72.27,72.66,73.04,73.43,73.83,74.25,74.60,74.80,74.79,74.78,74.78,74.75,74.70,74.69,74.69,74.69,74.69,74.69,74.69,74.69,74.54,74.10,73.41,72.84,72.37,71.99,71.62,71.34,70.96,70.58,70.31,69.94,69.56,69.19,68.84,68.38,67.92,67.65,67.68,68.11,68.51,68.95,69.37,70.02,71.70,74.12,76.85,79.36,80.70,81.39,81.02,79.99,78.65,76.87,74.93,74.54,76.16,78.06,79.45,80.09,80.22,80.30,80.42,80.47,80.44,80.36,80.21,80.09,79.94,79.82,79.95,80.08,80.11,80.13,80.18,80.13,80.20,80.27,80.29,80.36,80.32,80.24,80.17,80.06,79.76,79.35,78.09,75.46,72.54,70.70,69.66,69.09,68.61,68.63,69.02,69.78,71.13,73.42,76.10,78.45,79.93,80.17,80.26,80.34,80.41,80.48,80.55,80.48,80.37,80.28,80.13,80.04,79.70,79.07,78.30,77.52,76.75,75.97,75.21,74.51,74.14,73.88,73.60,73.37,73.13,72.91,72.70,72.53,72.31,72.14,72.05,72.10,72.31,72.31,72.16,71.94,71.77,71.62,71.50,71.39,71.26,71.18,71.09,71.05,71.02,70.98
94.34,94.28,94.24,94.19,94.06,93.98,93.90,93.82,93.74,93.65,93.56,93.49,93.42,93.39,93.47,93.59,93.73,93.84,93.98,94.13,94.28,94.42,94.56,94.76,94.84,94.79,94.63,94.46,94.30,94.13,93.96,93.79,93.57,93.34,93.10,92.87,92.64,92.46,92.27,92.02,91.73,91.48,91.24,90.98,90.70,90.46,90.19,89.77,88.99,87.92,86.85,85.94,85.22,84.57,84.28,84.13,84.03,83.91,83.00,81.72,80.46,79.54,78.92,78.41,77.97,77.64,77.52,77.36,77.27,77.31,77.62,77.92,78.09,78.18,77.88,76.00,73.19,70.53,68.56,67.53,66.91,66.46,66.03,65.51,65.14,64.82,64.63,64.55,64.32,63.95,63.52,63.13,63.01,63.13,63.31,63.15,62.29,61.11,59.71,57.90,56.41,57.63,60.75,65.16,69.09,70.32,70.87,71.28,71.67,72.07,72.46,72.84,73.23,73.63,74.05,74.32,74.39,74.33,74.23,74.22,74.22,74.21,74.19,74.19,74.19,74.19,74.19,74.19,74.19,74.19,74.19,74.11,73.67,73.19,72.75,72.38,72.05,71.65,71.25,70.86,70.52,70.18,69.81,69.41,68.96,68.44,67.97,67.56,67.39,67.75,68.19,68.60,69.02,69.55,70.51,72.84,75.83,78.73,80.41,80.97,80.79,80.13,78.95,76.94,74.74,74.07,75.46,77.51,79.27,80.09,80.20,80.23,80.32,80.35,80.32,80.23,80.08,79.84,79.36,78.90,79.30,79.63,79.71,79.67,79.70,79.74,79.93,80.10,80.16,80.23,80.23,80.18,80.11,79.83,78.27,76.28,73.96,71.51,70.27,69.56,69.05,68.59,68.18,68.41,68.95,69.83,71.33,73.77,76.45,78.66,79.95,80.17,80.27,80.31,80.34,80.42,80.44,80.42,80.37,80.28,80.13,80.04,79.75,79.19,78.42,77.60,76.80,76.03,75.27,74.51,73.85,73.41,73.21,72.98,72.75,72.55,72.37,72.16,71.98,71.82,71.77,71.90,72.12,72.16,72.04,71.80,71.54,71.41,71.26,71.09,71.00,70.92,70.84,70.77,70.73,70.77
94.53,94.45,94.40,94.34,94.23,94.14,94.06,93.99,93.91,93.83,93.75,93.68,93.60,93.53,93.53,93.64,93.77,93.89,94.04,94.19,94.33,94.46,94.61,94.81,94.84,94.73,94.60,94.45,94.30,94.14,93.99,93.83,93.62,93.41,93.23,93.00,92.77,92.56,92.38,92.16,91.86,91.61,91.38,91.14,90.86,90.62,90.39,90.12,89.69,88.98,88.24,87.51,86.76,86.13,85.83,85.66,85.46,85.02,83.81,82.43,81.10,79.97,79.30,78.80,78.44,78.24,78.22,78.13,78.12,78.26,78.58,78.95,79.18,79.24,78.96,77.61,75.07,72.38,70.12,68.72,67.99,67.60,67.26,66.81,66.53,66.30,66.17,66.14,65.94,65.57,65.14,64.74,64.46,64.52,64.23,63.45,62.18,60.90,59.29,57.47,56.35,58.33,62.09,66.46,69.87,70.58,71.08,71.49,71.88,72.26,72.65,73.01,73.33,73.64,73.93,74.11,74.09,73.93,73.73,73.60,73.55,73.53,73.53,73.53,73.53,73.53,73.53,73.53,73.53,73.58,73.70,73.81,73.52,73.16,72.81,72.50,72.21,71.85,71.47,71.09,70.70,70.36,69.96,69.51,69.01,68.47,67.97,67.46,67.14,67.39,67.82,68.23,68.65,69.13,69.76,71.54,74.33,77.45,79.41,79.90,79.73,79.14,77.94,75.80,74.02,73.74,75.21,77.12,78.90,79.85,80.12,80.13,80.17,80.19,80.16,80.10,79.94,79.38,78.57,77.93,78.32,78.71,78.84,78.82,78.84,79.06,79.52,79.88,80.03,80.11,80.12,80.10,79.97,79.41,77.17,74.46,71.86,69.88,69.31,68.97,68.55,68.07,67.74,68.16,68.85,69.82,71.37,73.65,76.09,78.29,79.82,80.09,80.19,80.24,80.28,80.31,80.32,80.32,80.32,80.28,80.17,80.08,79.83,79.31,78.55,77.74,76.91,76.08,75.24,74.41,73.58,73.01,72.80,72.60,72.39,72.20,72.00,71.78,71.62,71.50,71.51,71.70,71.93,72.01,71.90,71.63,71.36,71.20,71.04,70.88,70.75,70.66,70.59,70.54,70.54,70.61
94.69,94.63,94.57,94.49,94.41,94.33,94.25,94.18,94.10,94.01,93.94,93.86,93.78,93.72,93.65,93.70,93.85,94.00,94.16,94.31,94.44,94.54,94.69,94.83,94.81,94.67,94.57,94.42,94.26,94.10,93.95,93.79,93.57,93.42,93.30,93.09,92.88,92.66,92.46,92.28,91.99,91.74,91.51,91.28,91.05,90.82,90.58,90.36,90.18,89.96,89.63,89.12,88.40,87.72,87.38,87.16,86.83,85.98,84.63,83.22,81.83,80.56,79.78,79.23,78.94,78.92,78.92,78.87,78.95,79.19,79.49,79.85,80.13,80.22,79.96,79.16,77.38,75.09,72.64,70.54,69.47,68.90,68.50,68.11,67.92,67.81,67.77,67.74,67.58,67.18,66.74,66.32,65.89,65.76,64.80,63.33,61.85,60.55,58.67,56.98,56.52,59.12,63.58,67.67,70.31,70.81,71.27,71.68,72.06,72.44,72.79,73.10,73.33,73.49,73.59,73.73,73.74,73.59,73.28,73.00,72.85,72.79,72.77,72.77,72.77,72.78,72.78,72.78,72.79,72.90,73.12,73.32,73.11,72.87,72.63,72.39,72.15,71.91,71.59,71.22,70.84,70.47,70.03,69.53,68.99,68.45,67.91,67.33,66.91,67.02,67.43,67.85,68.27,68.76,69.31,70.33,72.65,75.78,77.78,78.21,77.96,77.31,76.06,73.92,73.00,73.51,75.21,76.84,78.34,79.38,79.89,79.89,79.89,79.90,79.89,79.84,79.65,78.74,77.67,76.95,77.17,77.53,77.71,77.75,77.78,78.26,78.98,79.54,79.78,79.87,79.90,79.90,79.75,78.92,76.56,73.81,71.47,70.02,69.38,68.85,68.25,67.63,67.34,67.87,68.65,69.66,71.14,73.06,75.11,77.32,79.30,79.73,79.96,80.11,80.19,80.19,80.19,80.20,80.22,80.26,80.20,80.13,79.90,79.43,78.65,77.86,76.99,76.08,75.16,74.24,73.32,72.67,72.38,72.20,72.05,71.85,71.63,71.41,71.25,71.19,71.28,71.51,71.74,71.85,71.75,71.46,71.21,70.99,70.84,70.71,70.51,70.41,70.34,70.33,70.41,70.49
94.75,94.79,94.75,94.67,94.60,94.52,94.44,94.37,94.28,94.16,94.07,93.99,93.93,93.89,93.83,93.83,93.91,94.07,94.22,94.38,94.52,94.66,94.80,94.83,94.75,94.59,94.41,94.25,94.06,93.86,93.66,93.50,93.29,93.16,93.11,92.98,92.90,92.75,92.58,92.42,92.17,91.89,91.65,91.47,91.29,91.07,90.81,90.56,90.40,90.25,90.08,89.84,89.53,89.22,88.89,88.52,87.97,86.90,85.55,84.11,82.74,81.55,80.61,79.95,79.60,79.57,79.61,79.65,79.75,79.95,80.21,80.49,80.74,80.84,80.65,80.32,79.52,78.48,77.12,75.08,72.86,71.19,70.10,69.57,69.41,69.36,69.37,69.38,69.22,68.79,68.29,67.77,67.11,66.18,64.76,63.13,61.57,60.16,58.05,56.75,57.25,60.12,65.19,68.77,70.48,70.99,71.46,71.87,72.24,72.54,72.73,72.90,73.05,73.19,73.27,73.37,73.42,73.31,72.96,72.64,72.36,72.14,72.02,72.01,72.01,72.04,72.08,72.08,72.13,72.32,72.60,72.81,72.62,72.42,72.22,71.99,71.76,71.57,71.36,71.09,70.75,70.42,69.95,69.42,68.87,68.28,67.73,67.15,66.67,66.61,66.99,67.44,67.91,68.43,68.97,69.70,71.70,74.35,75.23,75.44,75.24,74.77,73.89,72.11,72.21,73.39,75.01,76.42,77.44,78.39,79.08,79.09,79.13,79.14,79.11,78.95,78.61,77.84,76.85,76.03,76.15,76.41,76.63,76.77,76.94,77.61,78.33,78.78,78.93,79.06,79.17,79.24,79.20,78.72,76.94,74.92,73.08,71.60,70.40,69.42,68.54,67.73,67.15,67.43,68.10,68.97,70.04,71.49,73.16,75.14,77.19,78.21,79.20,79.82,80.07,80.07,80.07,80.10,80.14,80.16,80.14,80.08,79.90,79.48,78.62,77.75,76.84,75.91,74.98,74.00,73.06,72.36,71.99,71.78,71.65,71.48,71.26,71.08,70.92,70.94,71.09,71.32,71.55,71.66,71.58,71.31,71.04,70.80,70.63,70.48,70.31,70.17,70.12,70.16,70.28,70.41
94.52,94.62,94.69,94.72,94.74,94.68,94.60,94.53,94.44,94.32,94.23,94.15,94.09,94.05,93.99,93.96,94.01,94.16,94.29,94.45,94.59,94.75,94.87,94.78,94.60,94.39,94.17,93.98,93.79,93.57,93.34,93.18,92.97,92.83,92.79,92.76,92.75,92.67,92.55,92.43,92.28,92.04,91.82,91.66,91.48,91.26,91.00,90.74,90.57,90.43,90.32,90.23,90.15,90.07,89.83,89.48,88.91,87.78,86.43,84.97,83.60,82.56,81.61,81.07,80.82,80.78,80.76,80.77,80.81,80.88,81.00,81.10,81.26,81.36,81.31,81.23,81.00,80.70,80.13,78.61,76.47,74.71,73.28,71.95,71.14,71.01,71.15,71.26,71.12,70.45,69.61,68.79,67.97,66.52,64.84,63.11,61.42,59.70,57.45,56.59,58.01,61.37,66.63,69.63,70.59,71.12,71.59,71.95,72.22,72.39,72.46,72.55,72.68,72.81,72.89,72.99,73.09,73.03,72.67,72.33,71.98,71.65,71.42,71.32,71.29,71.31,71.36,71.42,71.53,71.78,72.08,72.27,72.06,71.88,71.70,71.50,71.31,71.15,71.00,70.80,70.53,70.25,69.78,69.23,68.68,68.09,67.52,66.94,66.41,66.16,66.48,66.93,67.44,68.03,68.62,69.24,70.73,72.51,72.65,72.69,72.55,72.27,71.80,70.87,71.71,73.15,74.55,75.79,76.64,77.51,78.16,78.06,78.08,78.10,78.04,77.79,77.32,76.71,75.90,75.17,75.18,75.35,75.56,75.81,76.22,77.04,77.61,77.91,78.01,78.14,78.29,78.41,78.45,78.28,77.19,75.73,74.15,72.56,70.98,69.72,68.70,67.83,67.07,66.94,67.36,68.06,68.89,69.94,71.09,72.48,73.98,75.02,76.12,77.12,77.95,78.55,78.74,79.13,79.63,80.03,80.07,80.03,79.86,79.41,78.50,77.56,76.62,75.69,74.76,73.78,72.84,72.08,71.61,71.37,71.22,71.08,70.91,70.74,70.64,70.71,70.90,71.13,71.36,71.49,71.43,71.18,70.88,70.63,70.44,70.27,70.14,70.01,69.97,70.03,70.16,70.31
93.95,94.09,94.30,94.56,94.79,94.78,94.72,94.66,94.58,94.49,94.41,94.34,94.26,94.19,94.11,94.08,94.13,94.27,94.38,94.51,94.66,94.80,94.86,94.65,94.36,94.08,93.85,93.63,93.44,93.25,93.03,92.86,92.66,92.47,92.37,92.42,92.44,92.38,92.32,92.30,92.27,92.14,91.98,91.81,91.61,91.39,91.16,90.92,90.71,90.61,90.48,90.36,90.29,90.20,90.10,89.98,89.63,88.56,87.23,85.72,84.37,83.59,82.82,82.64,82.66,82.61,82.43,82.29,82.16,82.05,81.93,81.77,81.76,81.87,82.00,81.93,81.73,81.45,81.06,80.44,79.80,79.22,77.98,75.28,73.12,72.79,73.14,73.41,73.31,72.22,70.78,69.40,68.43,66.92,65.14,63.27,61.34,59.17,56.89,56.47,58.70,62.89,67.83,70.18,70.65,71.18,71.64,71.90,71.98,71.96,71.97,72.08,72.23,72.36,72.45,72.59,72.73,72.72,72.41,72.04,71.70,71.36,71.01,70.74,70.62,70.59,70.63,70.78,71.00,71.28,71.56,71.69,71.44,71.25,71.09,70.95,70.85,70.71,70.55,70.39,70.20,69.97,69.51,68.97,68.43,67.88,67.28,66.70,66.15,65.68,65.87,66.29,66.84,67.52,68.19,68.87,69.62,70.25,70.27,70.23,70.14,70.00,69.92,70.30,71.50,72.75,73.80,74.96,76.01,76.82,77.19,76.88,76.78,76.80,76.73,76.39,75.88,75.32,74.78,74.35,74.25,74.36,74.54,74.89,75.62,76.50,76.84,76.98,77.11,77.20,77.33,77.43,77.49,77.48,77.06,75.85,74.25,72.57,70.91,69.64,68.68,67.91,67.14,66.51,66.50,67.01,67.82,68.57,69.10,69.55,69.95,70.33,70.76,71.90,73.64,75.37,75.92,77.05,78.54,79.78,79.96,79.97,79.77,79.23,78.31,77.33,76.37,75.44,74.52,73.58,72.65,71.83,71.24,70.98,70.76,70.65,70.58,70.39,70.40,70.52,70.71,70.94,71.17,71.33,71.30,71.05,70.75,70.50,70.28,70.10,70.01,69.93,69.91,69.95,70.05,70.19
93.34,93.47,93.72,94.02,94.32,94.56,94.72,94.78,94.71,94.63,94.55,94.47,94.38,94.27,94.19,94.16,94.20,94.36,94.48,94.63,94.76,94.83,94.74,94.47,94.16,93.86,93.58,93.31,93.12,92.93,92.71,92.50,92.31,92.12,91.98,92.05,92.06,92.04,92.02,92.02,92.02,91.91,91.77,91.66,91.56,91.46,91.31,91.11,90.89,90.80,90.67,90.54,90.46,90.34,90.25,90.15,89.88,89.04,87.78,86.32,85.17,84.85,84.44,84.31,84.26,84.15,83.93,83.76,83.61,83.45,83.29,83.06,82.92,82.84,82.75,82.60,82.38,82.05,81.60,81.11,80.76,80.43,79.57,77.47,75.00,74.76,75.32,75.62,75.53,74.52,72.82,70.80,69.05,67.33,65.28,62.89,60.36,58.33,56.39,56.52,59.56,64.63,68.63,70.37,70.75,71.18,71.49,71.59,71.59,71.56,71.52,71.60,71.73,71.88,72.01,72.15,72.31,72.38,72.24,71.88,71.48,71.10,70.72,70.37,70.02,69.86,69.90,70.15,70.46,70.83,71.11,71.13,70.81,70.58,70.47,70.45,70.40,70.26,70.11,69.94,69.74,69.51,69.11,68.62,68.08,67.53,66.93,66.35,65.79,65.26,65.25,65.64,66.22,66.91,67.56,68.10,68.57,68.89,68.94,68.88,68.80,68.72,68.84,69.88,71.08,72.20,73.23,74.34,75.43,76.00,76.03,75.67,75.48,75.48,75.37,74.95,74.42,73.92,73.54,73.35,73.33,73.46,73.72,74.22,75.05,75.70,75.95,76.06,76.17,76.24,76.25,76.20,76.14,76.06,76.05,75.56,74.46,72.75,71.17,70.05,69.28,68.68,67.90,67.01,66.31,66.12,66.69,67.19,67.60,67.99,68.36,68.77,69.16,69.88,70.90,71.93,72.39,74.08,76.42,78.47,79.33,79.63,79.55,79.09,78.17,77.18,76.20,75.24,74.31,73.39,72.46,71.58,70.86,70.55,70.35,70.24,70.18,70.10,70.15,70.31,70.52,70.75,70.98,71.15,71.12,70.88,70.62,70.34,70.12,69.97,69.89,69.81,69.82,69.89,70.02,70.13
92.91,92.94,93.11,93.38,93.73,94.18,94.55,94.76,94.78,94.73,94.66,94.57,94.47,94.33,94.25,94.23,94.29,94.44,94.58,94.73,94.83,94.81,94.58,94.28,93.97,93.66,93.35,93.04,92.82,92.62,92.39,92.16,91.98,91.79,91.63,91.67,91.69,91.69,91.69,91.69,91.69,91.58,91.47,91.41,91.40,91.41,91.36,91.22,91.02,90.91,90.78,90.66,90.56,90.42,90.32,90.21,89.97,89.35,88.27,87.06,86.23,86.22,86.07,85.87,85.66,85.45,85.20,85.01,84.83,84.65,84.47,84.25,84.01,83.75,83.46,83.21,82.97,82.63,82.12,81.55,81.12,80.73,80.14,78.93,76.78,76.79,77.49,77.77,77.69,76.96,75.28,72.76,69.77,67.47,64.92,62.08,59.28,57.49,56.10,56.84,60.56,66.42,69.33,70.44,70.80,71.11,71.25,71.22,71.17,71.15,71.08,71.13,71.24,71.38,71.53,71.70,71.86,72.00,72.04,71.73,71.30,70.88,70.49,70.08,69.52,69.16,69.13,69.44,69.87,70.35,70.65,70.59,70.22,69.91,69.82,69.88,69.86,69.74,69.60,69.43,69.21,68.98,68.66,68.22,67.69,67.15,66.55,65.96,65.39,64.83,64.63,64.97,65.56,66.19,66.75,67.17,67.51,67.77,67.85,67.80,67.73,67.74,68.06,69.41,70.60,71.69,72.75,73.81,74.79,75.10,74.84,74.47,74.19,74.15,73.99,73.51,73.03,72.62,72.39,72.35,72.43,72.57,72.96,73.61,74.44,74.84,75.03,75.14,75.22,75.24,75.01,74.78,74.60,74.44,74.70,74.91,74.44,73.04,71.78,70.80,70.11,69.56,68.68,67.62,66.40,65.55,65.68,66.00,66.45,66.96,67.51,68.04,68.52,68.85,69.07,69.31,69.69,71.59,74.28,76.86,78.39,78.99,79.14,78.91,78.04,77.07,76.07,75.08,74.14,73.22,72.28,71.34,70.52,70.18,69.99,69.87,69.80,69.81,69.89,70.08,70.31,70.54,70.77,70.94,70.94,70.75,70.50,70.20,69.99,69.86,69.78,69.72,69.75,69.87,70.00,70.09
92.92,92.65,92.55,92.71,93.15,93.61,94.01,94.41,94.77,94.79,94.72,94.61,94.48,94.39,94.31,94.32,94.42,94.56,94.66,94.79,94.83,94.68,94.39,94.09,93.78,93.47,93.16,92.85,92.56,92.30,92.07,91.83,91.67,91.47,91.30,91.30,91.30,91.30,91.30,91.30,91.30,91.24,91.15,91.09,91.09,91.14,91.19,91.17,91.01,90.86,90.72,90.59,90.50,90.35,90.25,90.17,89.99,89.49,88.75,88.20,87.88,87.69,87.48,87.12,86.75,86.39,86.04,85.80,85.54,85.28,85.05,84.82,84.55,84.28,84.02,83.73,83.48,83.22,82.84,82.13,81.43,80.77,80.12,79.38,78.43,78.85,79.54,79.75,79.74,79.43,78.25,75.56,70.65,66.96,63.55,60.57,58.40,56.83,56.26,57.68,61.78,68.21,70.02,70.47,70.76,70.92,70.91,70.81,70.72,70.70,70.64,70.68,70.77,70.88,71.03,71.25,71.42,71.59,71.73,71.51,71.15,70.75,70.36,69.89,69.15,68.55,68.30,68.59,69.18,69.79,70.16,70.13,69.72,69.24,69.08,69.17,69.11,69.02,68.93,68.81,68.64,68.41,68.16,67.80,67.31,66.77,66.17,65.56,64.95,64.36,63.99,64.31,64.85,65.28,65.71,66.06,66.37,66.64,66.76,66.72,66.68,66.87,67.55,68.76,70.13,71.34,72.36,73.35,74.01,74.06,73.70,73.32,72.96,72.81,72.58,72.09,71.79,71.61,71.50,71.46,71.54,71.68,72.19,72.96,73.72,73.99,74.11,74.19,74.25,74.16,73.52,73.05,72.84,72.74,73.09,73.62,73.86,73.50,72.94,72.01,71.13,70.31,69.12,67.95,66.74,65.63,64.98,65.27,65.82,66.39,66.93,67.47,67.95,68.25,68.43,68.71,69.34,70.68,72.69,75.17,77.03,77.84,78.36,78.61,77.89,76.98,76.00,75.01,74.02,73.09,72.12,71.12,70.26,69.93,69.74,69.59,69.49,69.50,69.62,69.82,70.06,70.28,70.52,70.69,70.78,70.74,70.45,70.14,69.92,69.80,69.73,69.70,69.75,69.87,70.00,70.09
93.35,93.01,92.72,92.53,92.59,92.96,93.38,93.84,94.34,94.64,94.76,94.72,94.58,94.50,94.42,94.44,94.53,94.65,94.76,94.82,94.77,94.55,94.22,93.90,93.59,93.29,93.01,92.71,92.40,92.11,91.84,91.57,91.36,91.16,90.96,90.89,90.91,90.92,90.94,90.96,90.90,90.85,90.80,90.78,90.81,90.88,90.96,90.99,90.90,90.76,90.63,90.51,90.39,90.25,90.17,90.11,89.97,89.58,89.05,88.72,88.51,88.28,88.01,87.69,87.33,86.98,86.67,86.42,86.15,85.86,85.62,85.36,85.09,84.83,84.59,84.28,84.04,83.78,83.43,82.78,82.05,81.32,80.61,80.01,79.73,80.16,80.68,80.94,81.00,80.67,79.76,77.43,72.00,66.59,62.50,59.65,57.86,56.34,56.44,58.47,62.73,68.84,70.25,70.47,70.61,70.61,70.51,70.39,70.12,69.67,69.45,69.63,70.02,70.41,70.58,70.80,71.00,71.22,71.42,71.30,71.03,70.67,70.27,69.78,68.95,68.12,67.62,67.82,68.44,69.10,69.55,69.59,69.16,68.62,68.36,68.38,68.30,68.23,68.15,68.06,67.94,67.78,67.59,67.32,66.92,66.35,65.74,65.13,64.50,63.90,63.36,63.47,63.86,64.21,64.59,64.92,65.21,65.47,65.64,65.63,65.77,66.25,67.24,68.41,69.79,71.02,71.96,72.63,72.88,72.74,72.40,72.08,71.73,71.50,71.26,70.96,70.79,70.69,70.60,70.54,70.66,70.90,71.56,72.37,72.91,73.08,73.17,73.24,73.30,73.25,72.45,71.74,71.31,71.11,71.32,71.72,72.03,72.11,72.05,71.67,71.13,70.39,69.17,68.00,66.84,65.70,64.78,64.76,65.21,65.78,66.31,66.85,67.36,67.67,67.87,68.22,68.99,70.06,71.63,73.81,75.78,76.73,77.40,77.92,77.75,76.93,75.92,74.89,73.89,72.93,71.91,70.91,70.12,69.84,69.67,69.54,69.41,69.30,69.38,69.57,69.82,70.11,70.32,70.51,70.63,70.60,70.34,70.07,69.84,69.69,69.63,69.68,69.78,69.91,70.05,70.14
93.93,93.61,93.16,92.65,92.23,92.40,92.75,93.20,93.75,94.34,94.68,94.78,94.70,94.63,94.55,94.56,94.63,94.73,94.86,94.83,94.68,94.42,94.05,93.71,93.40,93.11,92.86,92.56,92.25,91.95,91.65,91.34,91.08,90.85,90.62,90.48,90.52,90.56,90.59,90.60,90.48,90.45,90.46,90.48,90.56,90.64,90.72,90.79,90.77,90.64,90.53,90.42,90.27,90.12,90.06,90.01,89.88,89.59,89.25,88.99,88.79,88.56,88.28,88.02,87.75,87.46,87.22,86.98,86.71,86.42,86.18,85.89,85.63,85.40,85.14,84.86,84.60,84.33,83.99,83.46,82.79,82.04,81.31,80.80,80.90,81.20,81.53,81.82,81.86,81.32,80.56,78.69,73.39,66.68,61.90,59.02,57.46,55.95,56.60,59.02,63.14,68.66,70.03,70.15,70.05,69.72,69.40,69.09,68.48,67.54,67.18,67.50,68.28,69.20,69.74,70.28,70.63,70.88,71.10,71.05,70.87,70.58,70.19,69.67,68.75,67.73,67.01,67.08,67.68,68.37,68.88,69.00,68.57,68.00,67.66,67.56,67.48,67.41,67.32,67.25,67.17,67.09,66.95,66.78,66.48,65.91,65.30,64.67,64.06,63.44,62.76,62.62,62.79,63.08,63.45,63.78,64.05,64.28,64.49,64.59,64.99,65.80,67.00,68.18,69.49,70.65,71.44,71.69,71.57,71.31,71.01,70.77,70.48,70.20,70.00,69.90,69.81,69.72,69.61,69.56,69.80,70.20,70.99,71.77,72.03,72.14,72.22,72.29,72.37,72.38,71.56,70.69,70.05,69.71,69.69,69.82,70.00,70.22,70.48,70.68,70.61,70.11,69.03,67.94,66.85,65.77,64.78,64.33,64.62,65.15,65.69,66.23,66.77,67.10,67.32,67.79,68.63,69.56,70.86,72.75,74.64,75.68,76.42,77.07,77.48,76.87,75.88,74.83,73.83,72.84,71.81,70.86,70.16,69.94,69.75,69.61,69.45,69.17,69.14,69.32,69.61,69.97,70.16,70.37,70.47,70.42,70.21,69.97,69.74,69.57,69.54,69.68,69.83,69.99,70.12,70.20
94.53,94.12,93.61,93.08,92.62,92.30,92.26,92.51,93.06,93.67,94.21,94.61,94.82,94.75,94.67,94.66,94.72,94.84,94.89,94.76,94.55,94.29,93.91,93.54,93.21,92.91,92.62,92.31,92.04,91.76,91.46,91.15,90.85,90.56,90.30,90.11,90.13,90.27,90.33,90.19,90.03,90.07,90.16,90.23,90.36,90.45,90.56,90.66,90.64,90.56,90.44,90.30,90.14,89.99,89.86,89.74,89.61,89.47,89.31,89.21,89.13,89.00,88.81,88.55,88.28,88.03,87.79,87.51,87.25,86.98,86.70,86.44,86.20,85.95,85.67,85.41,85.13,84.86,84.58,84.19,83.50,82.74,82.11,81.88,82.04,82.33,82.58,82.63,82.25,81.52,80.70,78.97,74.29,68.26,62.63,58.69,57.15,55.69,56.62,58.71,61.88,67.08,68.71,68.73,68.04,66.88,65.70,64.44,63.16,62.16,61.89,62.14,63.25,65.14,67.41,69.49,70.39,70.63,70.73,70.69,70.57,70.38,70.03,69.39,68.36,67.24,66.41,66.39,66.93,67.61,68.16,68.35,67.90,67.38,66.99,66.73,66.66,66.58,66.50,66.42,66.35,66.27,66.18,66.07,65.88,65.44,64.86,64.23,63.62,62.99,62.31,61.97,61.86,61.95,62.31,62.64,62.91,63.13,63.33,63.73,64.52,65.58,66.76,67.97,69.19,70.09,70.46,70.34,70.13,69.85,69.56,69.32,69.08,68.94,68.84,68.70,68.57,68.44,68.35,68.46,69.05,69.71,70.42,70.97,71.11,71.19,71.27,71.34,71.42,71.44,70.73,69.99,69.42,69.01,68.77,68.81,68.95,69.09,69.27,69.45,69.55,69.39,68.69,67.89,66.91,65.83,64.78,63.94,64.07,64.58,65.12,65.66,66.20,66.53,66.79,67.38,68.25,69.15,70.43,72.31,73.79,74.76,75.52,76.19,76.74,76.70,76.02,75.00,74.01,73.11,72.20,71.42,70.84,70.45,70.11,69.86,69.61,69.21,68.92,69.06,69.42,69.79,70.07,70.26,70.33,70.25,70.07,69.85,69.62,69.48,69.59,69.79,69.96,70.11,70.24,70.28
94.78,94.53,94.11,93.64,93.16,92.61,92.22,92.12,92.39,92.97,93.59,94.17,94.63,94.77,94.76,94.76,94.81,94.88,94.81,94.64,94.43,94.16,93.78,93.40,93.04,92.71,92.40,92.09,91.81,91.54,91.23,90.95,90.65,90.34,90.03,89.78,89.84,89.96,89.99,89.81,89.63,89.72,89.89,90.05,90.20,90.29,90.40,90.50,90.51,90.45,90.32,90.17,89.99,89.71,89.52,89.38,89.28,89.22,89.15,89.10,89.06,88.98,88.85,88.66,88.45,88.28,88.10,87.91,87.72,87.52,87.25,87.01,86.75,86.49,86.21,85.95,85.67,85.41,85.17,84.83,84.22,83.51,83.00,83.02,83.19,83.35,83.44,83.35,82.79,81.93,81.00,79.44,75.66,70.38,63.84,58.74,57.11,55.53,56.38,58.09,60.33,63.85,65.05,65.01,64.31,63.13,61.92,60.63,59.44,58.63,58.55,58.89,60.04,62.09,65.00,67.88,69.48,70.14,70.31,70.26,70.12,69.88,69.45,68.72,67.72,66.59,65.73,65.69,66.21,66.87,67.44,67.71,67.24,66.74,66.27,65.92,65.83,65.75,65.68,65.61,65.52,65.44,65.37,65.31,65.22,64.99,64.47,63.83,63.17,62.52,61.85,61.39,61.13,61.09,61.28,61.52,61.76,62.05,62.55,63.32,64.36,65.52,66.69,67.89,68.73,69.17,69.20,68.91,68.67,68.41,68.13,67.89,67.72,67.67,67.62,67.47,67.34,67.30,67.43,67.82,68.56,69.30,69.88,70.22,70.27,70.34,70.42,70.50,70.57,70.59,70.12,69.57,69.07,68.61,68.21,68.03,68.02,68.11,68.23,68.38,68.52,68.50,67.99,67.38,66.61,65.72,64.80,63.78,63.65,64.01,64.55,65.09,65.61,65.98,66.35,67.02,67.88,68.87,70.14,71.74,72.91,73.82,74.61,75.31,75.88,76.22,75.99,75.29,74.39,73.55,72.77,72.10,71.57,71.08,70.56,70.08,69.64,69.15,68.68,68.76,69.13,69.55,69.94,70.15,70.19,70.09,69.91,69.68,69.50,69.46,69.68,69.91,70.08,70.24,70.36,70.38
94.76,94.81,94.63,94.24,93.79,93.20,92.56,92.02,91.83,92.31,92.91,93.55,94.18,94.63,94.75,94.81,94.86,94.85,94.66,94.49,94.30,94.04,93.66,93.27,92.89,92.53,92.22,91.91,91.60,91.29,90.99,90.75,90.45,90.14,89.81,89.49,89.60,89.64,89.58,89.46,89.25,89.36,89.62,89.88,90.06,90.16,90.25,90.33,90.38,90.33,90.19,90.03,89.80,89.33,89.09,88.97,88.91,88.89,88.82,88.75,88.67,88.60,88.52,88.42,88.33,88.24,88.16,88.12,88.05,87.93,87.71,87.49,87.22,86.96,86.72,86.45,86.22,85.98,85.73,85.42,84.91,84.34,83.98,84.15,84.29,84.25,84.15,83.99,83.46,82.51,81.48,80.12,77.37,72.79,65.60,59.45,57.37,55.51,55.99,57.33,58.74,59.87,60.18,60.11,59.77,59.16,58.46,57.79,57.17,56.73,56.84,57.41,58.44,60.06,62.67,65.68,67.95,69.32,69.76,69.74,69.50,69.09,68.51,67.75,66.85,65.81,64.98,64.99,65.52,66.14,66.72,67.06,66.61,66.07,65.54,65.11,65.02,64.94,64.86,64.78,64.71,64.63,64.56,64.51,64.51,64.52,64.12,63.48,62.74,62.05,61.41,60.89,60.54,60.40,60.34,60.47,60.70,61.14,62.11,63.26,64.43,65.57,66.67,67.75,68.03,67.96,67.75,67.46,67.21,66.97,66.72,66.47,66.42,66.41,66.35,66.22,66.18,66.35,66.82,67.53,68.22,68.92,69.35,69.53,69.55,69.62,69.69,69.77,69.84,69.83,69.68,69.34,68.88,68.41,67.89,67.44,67.20,67.23,67.29,67.43,67.55,67.50,67.03,66.50,65.97,65.41,64.72,63.72,63.31,63.45,63.98,64.52,65.01,65.47,65.98,66.69,67.52,68.63,69.86,71.03,72.00,72.88,73.69,74.40,74.94,75.43,75.66,75.48,74.77,74.05,73.41,72.82,72.26,71.70,71.00,70.28,69.60,69.04,68.44,68.41,68.74,69.21,69.72,69.97,70.02,69.92,69.71,69.50,69.43,69.52,69.80,70.03,70.21,70.36,70.49,70.50
94.65,94.78,94.78,94.66,94.39,93.83,93.09,92.36,91.84,91.84,92.33,92.93,93.52,94.04,94.42,94.59,94.66,94.68,94.52,94.36,94.17,93.91,93.53,93.14,92.79,92.44,92.08,91.73,91.40,91.09,90.79,90.50,90.20,89.87,89.52,89.22,89.27,89.25,89.12,88.98,88.81,88.96,89.25,89.55,89.81,90.00,90.12,90.19,90.25,90.20,90.04,89.80,89.46,88.94,88.70,88.61,88.58,88.53,88.46,88.38,88.30,88.22,88.15,88.06,87.98,87.92,87.89,87.84,87.78,87.69,87.55,87.42,87.27,87.12,86.98,86.87,86.74,86.53,86.25,85.98,85.57,85.23,85.05,85.07,85.04,84.92,84.78,84.58,84.09,83.13,82.09,80.93,79.02,75.03,68.81,62.52,58.24,55.75,55.84,56.79,57.76,58.29,58.30,58.07,57.73,57.25,56.57,55.88,55.37,55.20,55.35,56.13,57.29,58.80,60.78,63.46,65.80,67.61,68.69,68.75,68.42,67.91,67.25,66.52,65.71,64.86,64.25,64.34,64.83,65.44,66.02,66.38,65.96,65.43,64.89,64.44,64.26,64.13,64.06,64.02,63.94,63.86,63.78,63.72,63.71,63.81,63.71,63.23,62.50,61.76,61.04,60.40,59.93,59.69,59.52,59.64,60.09,60.88,62.07,63.30,64.49,65.52,66.23,66.65,66.66,66.50,66.30,66.05,65.77,65.52,65.31,65.16,65.14,65.14,65.10,65.06,65.30,65.76,66.39,67.09,67.75,68.43,68.84,69.00,69.00,69.08,69.16,69.23,69.29,69.30,69.29,69.08,68.69,68.22,67.69,67.20,66.79,66.52,66.38,66.48,66.59,66.54,66.04,65.54,65.04,64.52,63.97,63.26,62.85,62.91,63.41,63.95,64.47,65.01,65.60,66.31,67.14,68.11,69.14,70.17,71.07,72.00,72.84,73.49,73.89,74.24,74.50,74.61,74.49,74.18,73.78,73.25,72.57,71.92,71.18,70.46,69.78,69.09,68.38,68.05,68.16,68.67,69.16,69.50,69.62,69.53,69.41,69.39,69.52,69.72,69.93,70.11,70.31,70.49,70.62,70.63
94.53,94.68,94.79,94.84,94.77,94.31,93.55,92.73,92.02,91.60,91.81,92.28,92.82,93.34,93.88,94.12,94.19,94.26,94.21,94.12,93.99,93.78,93.41,93.04,92.69,92.34,91.96,91.58,91.22,90.90,90.59,90.29,89.96,89.59,89.21,88.92,88.90,88.82,88.67,88.52,88.38,88.55,88.85,89.16,89.47,89.71,89.88,89.99,90.05,89.97,89.78,89.47,89.06,88.54,88.31,88.25,88.22,88.15,88.08,88.00,87.92,87.84,87.76,87.70,87.64,87.57,87.54,87.47,87.40,87.33,87.25,87.17,87.09,87.02,86.97,86.94,86.88,86.72,86.49,86.31,86.08,85.96,85.92,85.83,85.68,85.54,85.40,85.19,84.72,83.77,82.72,81.66,80.27,77.14,72.15,66.13,60.22,56.79,55.89,56.13,56.76,57.03,56.91,56.58,56.24,56.04,55.73,55.23,54.80,54.59,54.52,55.11,56.26,57.75,59.32,61.53,63.69,65.65,67.19,67.59,67.25,66.66,65.98,65.31,64.58,63.88,63.45,63.66,64.15,64.74,65.33,65.71,65.30,64.77,64.24,63.78,63.51,63.34,63.27,63.23,63.16,63.07,63.00,62.93,62.91,63.03,63.14,62.89,62.30,61.54,60.80,60.07,59.42,58.96,58.77,59.09,59.79,60.80,62.09,63.34,64.31,64.97,65.27,65.28,65.16,65.01,64.83,64.62,64.33,64.09,63.93,63.88,63.87,63.90,63.96,64.12,64.61,65.25,65.94,66.62,67.27,67.94,68.33,68.49,68.50,68.57,68.65,68.72,68.78,68.79,68.87,68.79,68.50,68.03,67.50,67.01,66.52,66.02,65.71,65.62,65.63,65.56,65.06,64.58,64.10,63.65,63.22,62.74,62.40,62.43,62.90,63.44,63.98,64.56,65.20,65.94,66.78,67.64,68.54,69.53,70.41,71.27,72.01,72.56,72.87,73.13,73.37,73.62,73.86,73.87,73.68,73.30,72.73,72.06,71.32,70.59,69.87,69.06,68.26,67.69,67.58,68.06,68.53,68.94,69.12,69.12,69.24,69.41,69.67,69.93,70.08,70.22,70.42,70.62,70.75,70.78
94.42,94.56,94.67,94.76,94.83,94.55,93.85,93.03,92.27,91.63,91.40,91.60,92.11,92.59,93.11,93.33,93.38,93.52,93.64,93.70,93.72,93.63,93.28,92.95,92.60,92.22,91.84,91.45,91.07,90.72,90.41,90.09,89.74,89.32,88.91,88.61,88.51,88.39,88.23,88.08,87.98,88.14,88.41,88.71,89.01,89.26,89.48,89.66,89.71,89.60,89.36,89.03,88.61,88.10,87.91,87.86,87.84,87.76,87.69,87.62,87.54,87.46,87.38,87.36,87.31,87.24,87.17,87.09,87.02,86.94,86.87,86.79,86.71,86.66,86.64,86.58,86.51,86.42,86.34,86.31,86.38,86.45,86.48,86.39,86.25,86.14,86.03,85.82,85.36,84.41,83.34,82.24,81.00,79.07,75.28,69.91,63.68,59.00,56.30,55.37,55.70,55.74,55.62,55.30,55.08,55.41,56.04,56.16,55.84,55.21,54.58,54.48,55.31,56.83,58.38,60.04,61.81,63.62,65.27,66.33,66.07,65.42,64.80,64.17,63.54,62.90,62.56,62.94,63.45,64.05,64.66,65.06,64.61,64.08,63.57,63.12,62.77,62.58,62.48,62.41,62.33,62.25,62.17,62.13,62.14,62.22,62.36,62.37,62.09,61.35,60.70,59.92,59.03,58.21,58.09,58.88,59.83,60.80,62.09,63.30,63.74,63.73,63.68,63.73,63.68,63.53,63.32,63.15,62.87,62.69,62.62,62.62,62.62,62.72,62.99,63.48,64.13,64.77,65.44,66.13,66.81,67.45,67.83,67.98,68.00,68.06,68.14,68.22,68.28,68.29,68.41,68.45,68.30,67.83,67.30,66.82,66.33,65.80,65.36,64.91,64.69,64.58,64.12,63.65,63.27,62.93,62.60,62.26,62.00,62.04,62.45,62.99,63.53,64.11,64.78,65.55,66.45,67.32,68.23,69.21,70.12,70.74,71.22,71.61,71.92,72.22,72.48,72.72,72.94,73.01,72.95,72.88,72.74,72.16,71.47,70.67,69.78,68.89,68.03,67.31,67.04,67.45,67.90,68.31,68.55,68.74,69.30,69.58,69.86,70.11,70.26,70.35,70.55,70.75,70.88,70.95
94.51,94.57,94.64,94.74,94.84,94.60,93.89,93.00,92.15,91.48,91.19,91.18,91.41,91.83,92.28,92.51,92.60,92.72,92.86,93.03,93.15,93.21,93.14,92.92,92.59,92.20,91.81,91.42,91.04,90.67,90.31,89.92,89.57,89.20,88.83,88.49,88.27,88.04,87.82,87.64,87.55,87.70,87.94,88.21,88.48,88.72,88.97,89.17,89.15,89.02,88.82,88.53,88.13,87.69,87.52,87.48,87.47,87.38,87.31,87.23,87.17,87.13,87.06,87.00,86.94,86.88,86.80,86.72,86.63,86.56,86.49,86.45,86.38,86.33,86.33,86.29,86.29,86.29,86.30,86.31,86.48,86.72,86.92,86.91,86.81,86.70,86.58,86.43,86.11,85.20,84.11,83.02,81.87,80.47,77.67,73.44,68.01,62.87,59.07,57.05,56.63,56.58,56.54,56.50,56.53,56.79,57.27,57.16,56.63,55.89,55.13,54.55,54.96,56.27,57.73,59.23,60.86,62.57,64.18,65.20,65.01,64.43,63.85,63.23,62.62,62.04,61.79,62.23,62.79,63.43,64.05,64.43,63.97,63.42,62.91,62.42,62.02,61.85,61.74,61.64,61.55,61.44,61.38,61.36,61.38,61.45,61.59,61.69,61.57,61.04,60.50,59.67,58.63,57.73,57.80,58.76,59.85,60.86,61.94,62.48,62.48,62.26,62.11,62.15,62.14,62.04,61.85,61.65,61.43,61.38,61.46,61.55,61.67,61.93,62.35,62.95,63.64,64.30,64.96,65.62,66.31,66.98,67.34,67.49,67.53,67.57,67.63,67.71,67.77,67.78,67.91,68.00,67.94,67.58,67.10,66.63,66.14,65.61,65.13,64.61,64.22,63.93,63.52,63.13,62.79,62.48,62.17,61.87,61.64,61.67,62.01,62.50,63.07,63.72,64.43,65.22,66.13,67.03,67.92,68.77,69.51,70.03,70.39,70.66,70.93,71.23,71.52,71.79,72.03,72.14,72.16,72.19,72.21,71.96,71.36,70.60,69.79,68.94,68.01,67.16,66.71,66.93,67.33,67.79,68.25,68.76,69.49,69.82,70.05,70.25,70.40,70.53,70.70,70.87,71.01,71.09
94.66,94.65,94.69,94.77,94.82,94.51,93.74,92.80,91.91,91.34,91.10,90.93,90.87,91.16,91.48,91.71,91.85,91.95,92.11,92.32,92.52,92.69,92.88,92.79,92.55,92.23,91.84,91.46,91.06,90.67,90.26,89.81,89.48,89.19,88.88,88.52,88.20,87.89,87.58,87.32,87.15,87.24,87.46,87.70,87.93,88.16,88.43,88.63,88.53,88.39,88.23,88.00,87.65,87.27,87.13,87.11,87.09,87.00,86.94,86.86,86.81,86.80,86.72,86.65,86.56,86.49,86.42,86.34,86.26,86.20,86.16,86.15,86.12,86.09,86.10,86.10,86.16,86.23,86.28,86.31,86.53,86.91,87.28,87.39,87.35,87.22,87.10,87.02,86.88,86.06,85.00,83.93,82.86,81.67,79.67,76.60,72.18,66.94,62.55,59.70,58.48,58.31,58.33,58.50,58.64,58.53,58.49,57.97,57.21,56.41,55.60,54.70,54.82,55.95,57.32,58.74,60.23,61.81,63.34,64.14,63.95,63.44,62.90,62.31,61.72,61.22,61.05,61.53,62.16,62.84,63.47,63.80,63.34,62.80,62.26,61.73,61.29,61.13,61.00,60.88,60.79,60.64,60.58,60.57,60.60,60.68,60.82,60.95,60.93,60.61,60.14,59.26,58.17,57.27,57.50,58.55,59.74,60.80,61.56,61.44,61.12,60.82,60.62,60.65,60.69,60.65,60.52,60.31,60.16,60.22,60.42,60.59,60.85,61.27,61.81,62.45,63.13,63.82,64.49,65.13,65.81,66.50,66.87,67.00,67.06,67.08,67.13,67.20,67.27,67.29,67.41,67.52,67.54,67.33,66.90,66.44,65.95,65.42,64.94,64.43,63.93,63.48,63.05,62.72,62.41,62.10,61.79,61.48,61.29,61.29,61.55,62.02,62.61,63.31,64.09,64.90,65.80,66.69,67.51,68.22,68.78,69.28,69.63,69.84,70.06,70.33,70.61,70.89,71.13,71.26,71.35,71.44,71.53,71.58,71.13,70.52,69.83,69.01,68.04,67.07,66.44,66.45,66.89,67.48,68.17,68.95,69.71,70.04,70.23,70.38,70.53,70.69,70.84,70.99,71.11,71.19
94.84,94.84,94.85,94.85,94.75,94.16,93.27,92.35,91.62,91.33,91.16,90.97,90.80,90.75,90.81,90.97,91.16,91.32,91.52,91.75,91.95,92.11,92.27,92.37,92.43,92.36,91.97,91.58,91.16,90.71,90.27,89.87,89.58,89.34,89.09,88.82,88.52,88.17,87.79,87.36,86.86,86.75,86.91,87.19,87.42,87.66,87.89,88.05,87.91,87.75,87.60,87.42,87.19,86.83,86.73,86.72,86.71,86.63,86.56,86.51,86.48,86.42,86.34,86.26,86.19,86.11,86.03,85.96,85.91,85.91,85.95,85.96,85.99,86.04,86.09,86.10,86.16,86.21,86.23,86.31,86.62,87.03,87.48,87.81,87.84,87.73,87.60,87.56,87.61,87.02,86.08,85.03,84.03,82.69,81.14,78.88,75.23,70.25,66.22,63.22,61.38,60.95,60.83,60.86,60.63,59.75,59.01,58.18,57.29,56.39,55.50,54.58,54.80,56.06,57.32,58.60,59.79,61.09,62.55,63.12,62.79,62.26,61.77,61.28,60.79,60.42,60.35,60.85,61.56,62.27,62.87,63.17,62.70,62.16,61.62,61.08,60.59,60.39,60.24,60.11,60.03,59.88,59.75,59.71,59.77,59.86,60.00,60.17,60.25,59.95,59.36,58.54,57.54,56.64,56.87,58.00,59.31,60.36,60.63,60.38,60.00,59.66,59.41,59.39,59.49,59.57,59.58,59.48,59.38,59.44,59.61,59.78,60.17,60.70,61.33,61.99,62.64,63.32,64.00,64.67,65.31,66.00,66.35,66.48,66.56,66.63,66.65,66.69,66.77,66.83,66.92,67.04,67.14,67.11,66.71,66.25,65.75,65.23,64.75,64.28,63.81,63.31,62.70,62.34,62.03,61.72,61.41,61.11,60.91,60.87,61.05,61.57,62.16,62.87,63.67,64.56,65.44,66.18,66.82,67.41,68.01,68.55,69.05,69.45,69.62,69.75,69.91,70.08,70.21,70.41,70.56,70.70,70.83,70.89,70.80,70.50,69.94,69.03,68.04,67.00,66.21,66.03,66.81,67.71,68.56,69.29,69.87,70.17,70.35,70.51,70.66,70.82,70.97,71.08,71.11,71.19
94.59,94.65,94.65,94.55,94.31,93.68,92.80,92.00,91.56,91.38,91.19,91.00,90.82,90.66,90.55,90.55,90.63,90.73,90.95,91.13,91.31,91.49,91.64,91.80,91.95,92.03,91.91,91.67,91.30,90.88,90.49,90.13,89.85,89.60,89.37,89.13,88.78,88.35,87.88,87.33,86.73,86.39,86.37,86.64,86.88,87.13,87.34,87.43,87.27,87.12,86.96,86.81,86.64,86.40,86.37,86.37,86.33,86.28,86.21,86.17,86.12,86.03,85.97,85.88,85.84,85.82,85.81,85.78,85.78,85.82,85.89,85.90,85.95,86.02,86.06,86.09,86.16,86.20,86.22,86.35,86.72,87.16,87.63,88.05,88.26,88.22,88.12,88.09,88.27,87.98,87.21,86.15,85.14,83.72,82.29,80.54,77.73,72.90,68.98,66.11,64.31,63.59,62.89,62.16,61.24,59.95,59.02,58.14,57.23,56.31,55.38,54.56,54.86,56.12,57.31,58.40,59.39,60.49,61.74,62.13,61.69,61.06,60.50,59.98,59.55,59.49,59.78,60.39,61.05,61.67,62.17,62.41,62.11,61.58,61.03,60.47,59.90,59.62,59.46,59.34,59.23,59.08,58.89,58.81,58.86,58.94,58.97,59.11,59.19,58.86,58.30,57.63,56.83,56.07,56.05,57.08,58.36,59.36,59.51,59.22,58.90,58.61,58.38,58.35,58.47,58.62,58.73,58.72,58.66,58.69,58.83,59.06,59.54,60.18,60.86,61.55,62.17,62.86,63.55,64.24,64.92,65.56,65.87,65.98,66.06,66.13,66.16,66.19,66.27,66.34,66.45,66.56,66.68,66.74,66.47,66.05,65.58,65.07,64.57,64.10,63.66,63.17,62.53,62.02,61.63,61.31,61.03,60.72,60.55,60.49,60.59,61.05,61.69,62.46,63.30,64.11,64.84,65.50,66.09,66.63,67.21,67.76,68.30,68.79,69.11,69.31,69.46,69.57,69.69,69.85,69.74,69.63,69.67,69.80,69.89,69.69,69.19,68.44,67.47,66.44,65.73,65.80,66.80,67.90,68.89,69.65,70.00,70.25,70.43,70.59,70.74,70.87,70.96,71.02,71.03,71.10
94.13,94.21,94.17,93.99,93.67,93.13,92.38,91.79,91.61,91.45,91.24,91.03,90.86,90.70,90.50,90.34,90.23,90.25,90.40,90.52,90.66,90.85,91.02,91.18,91.34,91.50,91.66,91.62,91.36,91.03,90.74,90.45,90.17,89.91,89.67,89.40,88.97,88.45,87.88,87.27,86.65,86.10,85.89,86.09,86.32,86.60,86.77,86.78,86.64,86.48,86.33,86.18,86.06,85.97,86.01,86.02,85.97,85.95,85.89,85.81,85.75,85.69,85.64,85.57,85.56,85.63,85.69,85.70,85.74,85.82,85.89,85.90,85.95,86.00,86.02,86.08,86.16,86.20,86.24,86.42,86.82,87.29,87.75,88.20,88.59,88.67,88.63,88.63,88.89,88.88,88.32,87.32,86.20,84.72,83.21,81.66,79.48,74.82,70.95,68.34,66.86,65.75,64.30,62.71,61.11,59.67,58.79,57.96,57.09,56.17,55.26,54.59,54.95,56.15,57.25,58.14,58.98,59.91,60.88,61.13,60.64,59.94,59.28,58.69,58.30,58.55,59.23,59.93,60.48,60.96,61.34,61.53,61.46,61.00,60.44,59.87,59.21,58.83,58.66,58.56,58.41,58.25,58.04,57.91,57.91,57.98,57.86,57.91,57.95,57.56,57.11,56.57,55.99,55.41,55.11,56.00,57.17,58.08,58.27,58.01,57.78,57.61,57.41,57.40,57.52,57.71,57.91,57.98,57.96,57.98,58.10,58.39,58.96,59.68,60.43,61.12,61.76,62.44,63.14,63.85,64.58,65.14,65.40,65.47,65.55,65.63,65.65,65.69,65.76,65.85,65.98,66.09,66.20,66.31,66.21,65.87,65.41,64.92,64.40,63.92,63.50,63.05,62.43,61.77,61.25,60.89,60.63,60.34,60.21,60.14,60.16,60.53,61.22,62.05,62.89,63.57,64.15,64.74,65.33,65.86,66.40,66.95,67.49,68.03,68.53,68.90,69.09,69.22,69.34,69.34,68.83,68.34,68.21,68.40,68.57,68.41,67.97,67.44,66.56,65.60,65.16,65.70,66.88,68.11,69.20,69.97,70.12,70.32,70.50,70.65,70.78,70.85,70.87,70.88,70.90,70.97
93.67,93.40,93.22,93.09,92.88,92.55,92.22,91.93,91.73,91.57,91.36,91.11,90.87,90.71,90.54,90.38,90.22,90.06,89.97,90.00,90.09,90.23,90.44,90.65,90.82,90.97,91.08,91.08,90.99,90.86,90.72,90.57,90.38,90.17,89.90,89.50,89.00,88.40,87.77,87.14,86.53,85.93,85.57,85.59,85.81,86.06,86.15,86.10,86.00,85.85,85.70,85.58,85.54,85.51,85.61,85.67,85.64,85.58,85.51,85.47,85.46,85.49,85.52,85.51,85.53,85.61,85.69,85.70,85.74,85.82,85.89,85.90,85.95,86.00,86.01,86.08,86.16,86.20,86.26,86.53,86.96,87.41,87.88,88.34,88.78,89.05,89.15,89.19,89.47,89.56,89.34,88.66,87.21,85.59,83.75,81.70,79.09,74.96,71.38,69.03,67.66,65.83,63.92,62.10,60.51,59.36,58.49,57.69,56.86,55.99,55.13,54.59,54.96,56.05,56.97,57.74,58.45,59.15,59.80,60.05,59.77,59.23,58.59,57.99,57.53,57.79,58.51,59.09,59.49,59.86,60.18,60.44,60.52,60.22,59.78,59.23,58.51,58.04,57.84,57.73,57.58,57.43,57.22,57.04,56.97,57.02,56.82,56.75,56.69,56.30,55.84,55.33,54.77,54.28,54.12,55.00,56.01,56.70,56.91,56.80,56.67,56.55,56.40,56.44,56.60,56.82,57.04,57.17,57.26,57.31,57.42,57.81,58.48,59.24,60.00,60.75,61.48,62.18,62.87,63.57,64.27,64.70,64.88,64.97,65.04,65.12,65.18,65.22,65.26,65.39,65.50,65.61,65.73,65.83,65.90,65.68,65.26,64.75,64.26,63.79,63.37,62.93,62.31,61.63,61.02,60.52,60.16,59.99,59.89,59.84,59.87,60.10,60.81,61.57,62.27,62.90,63.45,64.01,64.56,65.09,65.58,66.16,66.72,67.27,67.80,68.28,68.65,68.88,68.90,68.45,67.61,66.78,66.31,66.48,66.66,66.62,66.36,65.88,65.23,64.58,64.60,65.77,67.14,68.41,69.43,70.08,70.23,70.40,70.57,70.69,70.72,70.70,70.69,70.71,70.76,70.79
93.90,93.54,93.28,93.11,92.88,92.67,92.55,92.41,92.19,92.03,91.75,91.37,90.94,90.67,90.49,90.32,90.12,89.85,89.57,89.54,89.61,89.73,89.94,90.14,90.30,90.42,90.49,90.50,90.50,90.48,90.43,90.38,90.26,90.11,89.88,89.46,88.92,88.29,87.63,87.02,86.40,85.78,85.30,85.10,85.29,85.51,85.54,85.44,85.33,85.23,85.13,85.06,85.07,85.10,85.20,85.31,85.36,85.34,85.31,85.30,85.32,85.40,85.48,85.50,85.53,85.61,85.69,85.70,85.74,85.81,85.86,85.89,85.95,86.00,86.01,86.08,86.16,86.20,86.28,86.63,87.08,87.55,88.00,88.47,88.93,89.33,89.60,89.78,90.07,90.22,90.10,89.26,86.83,84.69,82.79,80.79,78.23,74.62,71.62,69.57,68.10,65.90,63.75,61.70,60.02,59.08,58.22,57.42,56.62,55.77,54.96,54.46,54.76,55.64,56.41,57.09,57.73,58.33,58.84,59.05,58.86,58.46,57.92,57.34,56.83,57.02,57.65,58.14,58.47,58.76,59.02,59.24,59.36,59.19,58.85,58.38,57.73,57.26,57.02,56.88,56.72,56.57,56.38,56.17,56.02,56.06,55.79,55.59,55.42,55.00,54.54,54.09,53.68,53.35,53.30,54.01,54.77,55.28,55.52,55.56,55.53,55.47,55.42,55.51,55.70,55.93,56.13,56.30,56.46,56.56,56.74,57.28,58.02,58.78,59.59,60.46,61.22,61.92,62.62,63.30,63.91,64.23,64.38,64.45,64.53,64.59,64.64,64.69,64.76,64.91,65.02,65.14,65.26,65.37,65.49,65.41,65.10,64.59,64.10,63.65,63.23,62.77,62.18,61.52,60.87,60.28,59.87,59.70,59.59,59.54,59.60,59.80,60.37,60.99,61.58,62.17,62.72,63.27,63.78,64.25,64.63,65.18,65.78,66.33,66.88,67.44,68.00,68.32,68.07,67.30,66.30,65.30,64.56,64.56,64.69,64.75,64.63,64.26,64.01,64.02,64.62,66.04,67.48,68.78,69.68,70.12,70.29,70.46,70.60,70.66,70.62,70.53,70.50,70.53,70.60,70.63
94.67,94.47,94.21,93.93,93.61,93.43,93.32,93.17,92.95,92.76,92.36,91.77,91.09,90.59,90.37,90.17,89.91,89.58,89.22,89.13,89.20,89.34,89.50,89.66,89.77,89.85,89.91,89.92,89.93,89.93,89.92,89.91,89.84,89.75,89.61,89.28,88.73,88.13,87.51,86.89,86.27,85.66,85.06,84.63,84.79,84.95,84.94,84.80,84.68,84.64,84.63,84.62,84.64,84.70,84.78,84.93,85.11,85.19,85.26,85.29,85.32,85.40,85.48,85.50,85.53,85.61,85.68,85.70,85.74,85.80,85.81,85.87,85.95,86.00,86.01,86.08,86.16,86.20,86.31,86.75,87.21,87.67,88.13,88.59,89.06,89.50,89.93,90.32,90.60,90.75,90.44,88.96,85.18,82.30,80.57,79.15,77.11,74.06,71.85,70.12,68.42,66.21,63.97,61.66,59.74,58.84,57.97,57.16,56.35,55.52,54.75,54.24,54.36,54.97,55.60,56.22,56.84,57.46,57.99,58.13,57.92,57.60,57.22,56.69,56.16,56.21,56.67,57.13,57.45,57.70,57.88,57.97,58.04,57.93,57.69,57.33,56.85,56.46,56.19,56.00,55.85,55.69,55.53,55.30,55.09,55.10,54.75,54.43,54.16,53.74,53.32,53.01,52.82,52.72,52.71,53.09,53.53,53.89,54.15,54.30,54.35,54.38,54.46,54.61,54.82,55.02,55.19,55.41,55.58,55.73,56.01,56.71,57.48,58.20,59.11,60.25,60.97,61.67,62.35,63.02,63.54,63.77,63.88,63.95,64.01,64.02,64.03,64.10,64.25,64.40,64.55,64.67,64.77,64.91,65.00,65.06,64.91,64.45,63.93,63.50,63.08,62.60,62.06,61.44,60.78,60.18,59.75,59.50,59.32,59.26,59.35,59.58,59.90,60.35,60.88,61.42,61.95,62.50,62.98,63.33,63.52,64.04,64.66,65.26,65.83,66.47,67.22,67.58,66.92,65.95,64.93,63.89,62.99,62.69,62.75,62.87,62.89,62.78,63.08,63.97,65.18,66.52,67.90,69.19,69.94,70.13,70.30,70.50,70.59,70.57,70.49,70.36,70.31,70.34,70.42,70.49
94.79,94.72,94.64,94.54,94.39,94.28,94.13,93.94,93.67,93.30,92.70,91.99,91.23,90.55,90.26,90.01,89.67,89.24,88.89,88.80,88.85,88.96,89.11,89.19,89.24,89.27,89.29,89.34,89.36,89.36,89.35,89.31,89.24,89.18,89.12,88.93,88.46,87.91,87.33,86.71,86.13,85.53,84.92,84.40,84.28,84.35,84.31,84.20,84.18,84.18,84.18,84.19,84.24,84.27,84.38,84.55,84.77,84.94,85.11,85.24,85.32,85.40,85.48,85.50,85.53,85.60,85.64,85.68,85.74,85.80,85.81,85.87,85.95,86.00,86.01,86.08,86.16,86.25,86.42,86.87,87.34,87.80,88.26,88.72,89.18,89.58,89.96,90.26,90.31,90.22,89.23,86.94,83.12,80.44,78.83,77.54,75.95,73.93,72.29,70.82,69.22,66.99,64.60,62.11,59.98,58.82,57.77,56.88,56.05,55.21,54.45,54.07,54.05,54.30,54.75,55.34,55.95,56.58,57.11,57.24,57.02,56.71,56.38,55.98,55.46,55.37,55.67,56.11,56.39,56.54,56.63,56.69,56.67,56.63,56.48,56.21,55.77,55.49,55.31,55.17,55.01,54.86,54.66,54.43,54.21,54.12,53.69,53.34,53.14,53.00,52.86,52.76,52.69,52.66,52.61,52.67,52.77,52.87,52.95,52.97,53.09,53.27,53.45,53.70,53.93,54.13,54.30,54.52,54.73,54.88,55.05,55.45,56.17,56.92,58.21,60.07,60.75,61.38,62.05,62.70,63.16,63.30,63.36,63.41,63.40,63.40,63.40,63.51,63.73,63.85,64.03,64.19,64.31,64.41,64.54,64.63,64.57,64.26,63.78,63.34,62.91,62.48,61.97,61.34,60.77,60.27,59.84,59.53,59.24,59.07,59.10,59.32,59.54,59.84,60.21,60.67,61.20,61.73,62.15,62.33,62.41,62.90,63.52,64.18,65.01,65.97,66.88,67.10,65.95,64.69,63.51,62.41,61.48,60.98,61.00,61.24,61.63,62.28,63.30,64.56,65.91,67.22,68.56,69.52,70.03,70.19,70.34,70.52,70.55,70.44,70.32,70.21,70.15,70.15,70.23,70.31
94.74,94.77,94.82,94.88,94.87,94.84,94.70,94.52,94.25,93.69,92.96,92.18,91.40,90.59,90.14,89.79,89.39,88.89,88.52,88.45,88.48,88.55,88.66,88.69,88.69,88.69,88.69,88.75,88.77,88.77,88.75,88.70,88.63,88.58,88.55,88.47,88.13,87.66,87.09,86.50,85.95,85.36,84.75,84.19,83.84,83.79,83.75,83.67,83.73,83.75,83.75,83.78,83.83,83.86,83.98,84.18,84.43,84.66,84.89,85.07,85.22,85.33,85.43,85.48,85.53,85.59,85.60,85.67,85.74,85.80,85.81,85.87,85.95,86.00,86.01,86.08,86.15,86.28,86.54,87.00,87.46,87.92,88.38,88.81,89.14,89.30,89.38,89.41,89.28,88.92,87.49,84.93,81.69,79.45,77.89,76.56,75.19,73.83,72.51,71.27,69.91,67.93,65.43,62.79,60.45,58.94,57.72,56.72,55.80,54.93,54.18,53.93,53.84,53.85,54.09,54.51,55.06,55.69,56.22,56.33,56.11,55.80,55.49,55.17,54.75,54.58,54.71,55.07,55.27,55.31,55.33,55.36,55.32,55.29,55.22,55.03,54.65,54.49,54.41,54.32,54.16,54.01,53.81,53.62,53.47,53.34,53.01,52.77,52.69,52.76,52.84,52.86,52.86,52.83,52.74,52.61,52.54,52.53,52.50,52.45,52.54,52.68,52.78,52.89,53.07,53.26,53.45,53.69,53.91,54.05,54.10,54.19,54.76,55.62,57.38,59.93,60.58,61.16,61.76,62.32,62.72,62.78,62.81,62.82,62.77,62.77,62.78,62.94,63.23,63.29,63.49,63.68,63.84,63.93,64.07,64.16,64.18,64.04,63.64,63.19,62.76,62.36,61.88,61.27,60.78,60.36,59.91,59.57,59.19,58.91,58.83,59.00,59.18,59.38,59.66,60.03,60.48,60.99,61.32,61.32,61.31,61.87,62.62,63.47,64.53,65.74,66.56,66.49,65.04,63.57,62.23,61.11,60.29,59.77,59.82,60.16,60.83,62.13,63.66,65.16,66.60,67.96,69.19,69.80,70.10,70.25,70.38,70.50,70.46,70.31,70.18,70.06,69.90,69.84,69.98,70.13
94.61,94.68,94.75,94.81,94.82,94.86,94.86,94.81,94.60,93.90,93.13,92.35,91.56,90.73,90.02,89.47,89.02,88.56,88.12,88.05,88.08,88.09,88.11,88.12,88.12,88.12,88.12,88.13,88.13,88.13,88.13,88.12,88.06,87.99,87.93,87.90,87.74,87.33,86.79,86.24,85.70,85.10,84.51,83.97,83.48,83.33,83.30,83.28,83.30,83.35,83.38,83.38,83.40,83.46,83.60,83.82,84.11,84.34,84.57,84.76,84.93,85.13,85.28,85.42,85.53,85.59,85.60,85.66,85.74,85.80,85.81,85.87,85.95,86.00,86.01,86.08,86.11,86.28,86.66,87.13,87.59,88.04,88.48,88.80,88.79,88.42,87.91,87.44,87.29,86.71,85.38,83.45,81.43,79.68,78.11,76.62,75.11,73.61,72.30,71.25,70.32,68.99,66.47,63.69,61.16,59.26,57.94,56.79,55.69,54.70,53.99,53.83,53.81,53.80,53.77,53.80,54.20,54.80,55.32,55.39,55.16,54.86,54.55,54.25,54.03,53.88,53.84,54.02,54.07,54.04,54.00,54.01,54.00,53.95,53.90,53.82,53.58,53.53,53.51,53.45,53.31,53.15,52.99,52.92,52.95,52.93,52.96,53.04,53.13,53.21,53.28,53.31,53.28,53.21,53.07,52.97,53.03,53.20,53.31,53.32,53.18,52.96,52.70,52.31,52.28,52.45,52.71,52.93,53.16,53.26,53.23,53.16,53.41,54.53,56.81,59.80,60.52,61.05,61.50,61.86,62.16,62.21,62.18,62.14,62.13,62.13,62.18,62.41,62.76,62.74,62.92,63.14,63.34,63.48,63.57,63.66,63.75,63.78,63.49,63.06,62.63,62.22,61.76,61.27,60.80,60.35,59.89,59.51,59.13,58.76,58.50,58.58,58.78,59.00,59.26,59.57,59.86,60.26,60.49,60.32,60.27,61.03,62.14,63.35,64.56,65.80,66.16,65.57,64.16,62.70,61.26,60.18,59.63,59.35,59.52,59.90,60.64,62.20,63.86,65.53,67.16,68.65,69.67,70.01,70.16,70.30,70.38,70.42,70.33,70.20,70.09,69.89,69.49,69.34,69.63,69.95
94.49,94.56,94.64,94.71,94.75,94.83,94.85,94.85,94.69,93.80,92.83,91.92,91.08,90.28,89.63,89.11,88.67,88.28,87.90,87.69,87.58,87.55,87.54,87.54,87.54,87.54,87.54,87.54,87.54,87.54,87.54,87.54,87.48,87.41,87.34,87.29,87.19,86.94,86.53,85.98,85.41,84.83,84.26,83.72,83.19,82.90,82.82,82.85,82.86,82.92,82.95,82.96,83.00,83.04,83.20,83.45,83.75,84.02,84.29,84.49,84.66,84.85,85.00,85.19,85.35,85.46,85.54,85.65,85.74,85.80,85.81,85.87,85.92,85.97,86.01,86.08,86.13,86.36,86.78,87.25,87.72,87.99,88.08,87.95,87.60,87.05,86.43,85.85,85.39,84.50,83.09,81.45,80.23,78.77,77.36,76.02,74.66,73.31,72.32,71.60,70.97,69.95,67.70,65.04,62.41,60.13,58.62,57.28,55.90,54.59,53.93,53.77,53.75,53.73,53.66,53.62,53.77,54.11,54.49,54.46,54.21,54.01,53.93,53.81,53.76,53.68,53.62,53.69,53.70,53.67,53.62,53.55,53.51,53.47,53.45,53.41,53.27,53.25,53.35,53.46,53.49,53.46,53.43,53.50,53.62,53.52,53.44,53.47,53.57,53.65,53.73,53.73,53.67,53.60,53.56,53.62,53.75,53.94,54.08,54.18,54.06,53.79,53.47,53.30,53.14,52.97,52.76,52.49,52.42,52.39,52.36,52.28,52.36,53.24,55.54,59.02,60.27,60.75,60.98,61.17,61.45,61.56,61.55,61.49,61.49,61.46,61.62,61.95,62.30,62.23,62.39,62.61,62.80,62.98,63.11,63.20,63.29,63.37,63.27,62.91,62.45,61.93,61.36,60.84,60.44,60.09,59.74,59.39,58.99,58.58,58.26,58.22,58.39,58.63,58.86,59.09,59.32,59.60,59.77,59.70,59.71,60.33,61.39,62.73,64.15,65.52,65.86,65.21,63.81,62.31,60.86,59.83,59.35,58.99,59.12,59.52,60.25,61.67,63.36,65.23,67.18,68.95,69.82,70.06,70.17,70.31,70.38,70.33,70.23,70.13,69.99,69.54,68.95,68.79,69.28,69.83
94.41,94.48,94.56,94.63,94.70,94.78,94.81,94.84,94.70,93.64,92.44,91.35,90.44,89.73,89.23,88.80,88.41,88.09,87.78,87.43,87.17,87.06,87.00,86.98,86.97,86.97,86.97,86.97,86.97,86.97,86.97,86.96,86.90,86.83,86.76,86.69,86.61,86.49,86.23,85.70,85.11,84.55,84.01,83.47,82.94,82.51,82.37,82.40,82.41,82.48,82.50,82.53,82.60,82.62,82.81,83.08,83.39,83.69,83.99,84.21,84.38,84.55,84.71,84.90,85.10,85.25,85.41,85.57,85.69,85.76,85.79,85.87,85.90,85.93,86.00,86.08,86.18,86.45,86.90,87.28,87.60,87.60,87.29,86.74,86.14,85.53,84.94,84.33,83.50,82.38,80.96,79.59,78.85,77.54,76.40,75.42,74.43,73.41,72.73,72.31,71.93,71.14,69.20,66.69,63.97,61.42,59.60,58.00,56.28,54.56,53.91,53.73,53.69,53.67,53.61,53.59,53.55,53.61,53.83,53.78,53.58,53.52,53.65,53.73,53.80,53.79,53.73,53.73,53.73,53.73,53.66,53.52,53.43,53.40,53.39,53.38,53.31,53.32,53.56,53.90,54.14,54.23,54.31,54.48,54.66,54.44,54.14,54.01,54.04,54.10,54.16,54.14,54.10,54.09,54.17,54.36,54.54,54.70,54.86,55.02,54.99,54.78,54.50,54.75,54.59,54.13,53.47,52.75,52.35,52.13,51.96,51.75,51.63,52.10,54.05,57.58,59.63,60.15,60.20,60.29,60.66,60.90,60.93,60.87,60.86,60.80,61.08,61.51,61.83,61.73,61.88,62.07,62.25,62.46,62.64,62.74,62.82,62.91,62.97,62.71,62.21,61.58,60.89,60.34,60.00,59.77,59.52,59.23,58.84,58.46,58.13,57.96,58.03,58.20,58.40,58.57,58.79,58.96,59.09,59.17,59.31,59.78,60.72,62.11,63.68,65.13,65.57,65.01,63.60,62.10,60.68,59.69,59.19,58.67,58.75,59.16,59.86,61.08,62.84,64.91,67.14,69.17,69.87,70.06,70.17,70.29,70.35,70.25,70.16,70.08,69.90,69.13,68.41,68.33,69.05,69.77
94.48,94.55,94.62,94.68,94.71,94.78,94.84,94.88,94.71,93.63,92.24,90.93,89.92,89.44,89.02,88.70,88.40,88.09,87.78,87.46,87.14,86.83,86.54,86.43,86.41,86.41,86.41,86.41,86.41,86.41,86.39,86.34,86.27,86.22,86.19,86.11,86.03,85.95,85.77,85.38,84.84,84.30,83.76,83.22,82.68,82.22,81.99,81.96,81.97,82.03,82.06,82.09,82.17,82.23,82.47,82.77,83.06,83.32,83.62,83.87,84.08,84.29,84.45,84.61,84.78,84.95,85.15,85.32,85.46,85.60,85.72,85.85,85.90,85.93,86.00,86.08,86.25,86.57,86.95,86.98,86.74,86.30,85.77,85.17,84.61,84.00,83.40,82.70,81.60,80.53,79.57,78.71,77.83,76.38,75.70,75.49,75.24,74.77,74.19,73.81,73.62,73.11,71.34,68.84,66.08,63.53,61.12,59.05,56.87,54.69,53.88,53.71,53.67,53.62,53.60,53.54,53.51,53.55,53.69,53.88,53.97,54.07,54.20,54.28,54.36,54.35,54.30,54.30,54.30,54.25,54.16,54.01,53.87,53.79,53.77,53.75,53.69,53.83,54.28,54.84,55.26,55.37,55.45,55.58,55.67,55.39,55.04,54.76,54.58,54.55,54.56,54.59,54.68,54.84,54.98,55.14,55.30,55.47,55.68,55.84,55.88,55.75,55.57,56.17,56.29,56.06,55.60,54.92,54.48,53.88,53.09,52.27,51.69,51.66,52.53,54.72,57.88,58.78,58.88,59.05,59.74,60.23,60.36,60.28,60.24,60.27,60.61,61.04,61.33,61.22,61.33,61.52,61.73,61.91,62.11,62.23,62.34,62.46,62.54,62.35,61.88,61.20,60.52,60.00,59.71,59.50,59.21,58.96,58.77,58.56,58.29,58.02,57.72,57.64,57.78,57.99,58.17,58.33,58.46,58.58,58.94,59.53,60.54,61.95,63.42,64.70,65.19,64.75,63.36,61.94,60.62,59.65,59.05,58.44,58.54,59.00,59.71,60.87,62.95,65.22,67.52,69.50,69.94,70.06,70.15,70.22,70.24,70.21,70.15,70.08,69.85,68.73,67.97,68.12,69.19,69.84
94.61,94.58,94.64,94.74,94.75,94.81,94.87,94.79,94.33,93.10,91.60,90.40,89.66,89.33,88.97,88.68,88.40,88.10,87.81,87.52,87.17,86.79,86.41,86.17,85.99,85.87,85.84,85.83,85.83,85.83,85.82,85.75,85.67,85.62,85.58,85.50,85.45,85.39,85.27,85.02,84.56,84.04,83.50,82.96,82.43,81.92,81.64,81.55,81.53,81.56,81.60,81.63,81.69,81.83,82.10,82.41,82.70,82.97,83.28,83.54,83.77,83.99,84.15,84.33,84.50,84.67,84.86,85.03,85.20,85.38,85.53,85.69,85.78,85.87,86.00,86.08,86.20,86.29,86.25,85.94,85.44,84.85,84.24,83.64,83.11,82.55,81.97,81.34,80.39,79.46,78.66,78.00,77.49,76.70,76.57,76.81,76.93,76.33,75.77,75.59,75.75,75.62,73.85,71.37,68.71,66.11,63.41,60.84,58.16,55.49,54.00,53.70,53.67,53.66,53.71,53.71,53.75,53.83,54.00,54.29,54.48,54.64,54.77,54.85,54.91,54.90,54.86,54.86,54.83,54.79,54.70,54.55,54.39,54.28,54.19,54.14,54.16,54.52,55.11,55.77,56.31,56.49,56.56,56.62,56.60,56.30,55.93,55.59,55.29,55.07,55.09,55.23,55.41,55.60,55.76,55.91,56.08,56.27,56.47,56.63,56.72,56.69,56.60,57.33,57.74,57.83,57.62,56.95,56.25,55.35,54.27,53.22,52.34,51.77,51.84,53.05,55.75,56.78,57.23,57.75,58.64,59.40,59.68,59.65,59.56,59.75,60.16,60.56,60.79,60.71,60.78,60.98,61.23,61.44,61.59,61.75,61.95,62.18,62.32,62.10,61.64,61.02,60.38,59.91,59.67,59.51,59.30,59.13,59.03,58.86,58.55,58.21,57.77,57.45,57.33,57.44,57.59,57.74,57.93,58.25,58.79,59.45,60.46,61.76,62.96,64.06,64.75,64.66,63.38,62.00,60.68,59.62,58.88,58.17,58.31,58.87,59.71,61.05,63.22,65.52,67.79,69.70,69.98,70.06,70.14,70.19,70.17,70.16,70.11,69.90,69.25,67.86,67.47,68.15,69.47,69.95
94.74,94.61,94.65,94.80,94.81,94.84,94.80,94.48,93.66,92.21,90.77,89.89,89.56,89.31,89.02,88.71,88.40,88.11,87.86,87.57,87.22,86.84,86.46,86.09,85.73,85.43,85.34,85.29,85.27,85.25,85.24,85.17,85.10,85.03,84.95,84.88,84.87,84.82,84.74,84.62,84.28,83.79,83.25,82.71,82.17,81.63,81.30,81.16,81.08,81.07,81.12,81.17,81.21,81.43,81.72,82.03,82.33,82.64,82.95,83.22,83.45,83.68,83.85,84.05,84.24,84.40,84.56,84.72,84.91,85.11,85.27,85.43,85.58,85.75,85.94,86.02,86.04,85.79,85.25,84.68,84.14,83.56,82.96,82.38,81.88,81.36,80.85,80.35,79.70,78.96,78.20,77.63,77.66,77.85,78.26,78.76,78.98,77.96,77.39,77.49,78.08,78.39,76.65,74.32,71.84,69.12,66.20,63.20,60.06,56.92,54.58,53.95,53.88,53.91,54.00,54.06,54.17,54.34,54.56,54.86,55.05,55.21,55.35,55.42,55.44,55.44,55.43,55.42,55.36,55.33,55.26,55.11,54.95,54.80,54.66,54.57,54.71,55.30,55.99,56.69,57.31,57.61,57.67,57.63,57.50,57.17,56.78,56.42,56.03,55.59,55.64,55.89,56.13,56.29,56.47,56.63,56.84,57.06,57.23,57.40,57.55,57.60,57.60,58.34,58.99,59.40,59.42,58.75,57.74,56.61,55.48,54.38,53.30,52.25,51.72,52.19,53.65,54.65,55.53,56.49,57.48,58.46,58.94,58.99,58.87,59.24,59.69,60.04,60.20,60.15,60.25,60.47,60.77,61.00,61.06,61.28,61.61,61.96,62.19,61.94,61.50,60.99,60.41,59.99,59.79,59.71,59.62,59.54,59.46,59.25,58.88,58.49,58.04,57.51,57.05,56.96,57.04,57.18,57.48,58.03,58.71,59.39,60.33,61.45,62.35,63.27,64.21,64.56,63.57,62.22,60.83,59.65,58.74,57.93,58.05,58.68,59.69,61.23,63.36,65.59,67.81,69.66,69.97,70.05,70.13,70.18,70.11,70.09,70.00,69.53,68.31,66.78,67.05,68.35,69.79,70.06
94.69,94.65,94.73,94.86,94.84,94.69,94.24,93.52,92.48,91.10,90.22,89.76,89.55,89.31,89.02,88.71,88.42,88.16,87.87,87.58,87.23,86.85,86.51,86.14,85.75,85.39,85.11,84.84,84.69,84.63,84.62,84.54,84.51,84.45,84.38,84.31,84.30,84.25,84.19,84.14,83.93,83.51,83.00,82.45,81.91,81.38,80.99,80.76,80.65,80.63,80.65,80.68,80.77,81.03,81.38,81.69,81.96,82.27,82.58,82.87,83.15,83.42,83.59,83.76,83.93,84.09,84.30,84.46,84.63,84.80,84.96,85.16,85.33,85.50,85.64,85.63,85.63,85.41,84.92,84.36,83.86,83.36,82.84,82.33,81.81,81.32,80.84,80.36,79.80,79.15,78.69,78.47,78.50,78.93,79.72,80.42,80.46,79.38,78.94,79.29,80.22,80.99,79.92,78.25,76.07,72.92,69.44,66.25,63.03,59.67,56.83,55.40,54.94,54.94,54.80,54.80,54.87,54.98,55.14,55.43,55.62,55.78,55.92,55.99,56.01,56.01,55.99,55.94,55.92,55.87,55.78,55.62,55.47,55.31,55.16,55.10,55.38,56.09,56.85,57.58,58.24,58.70,58.77,58.64,58.37,57.96,57.48,56.98,56.45,55.99,56.00,56.21,56.45,56.67,56.92,57.18,57.45,57.73,57.98,58.20,58.37,58.48,58.59,59.30,60.01,60.46,60.48,59.90,58.93,57.82,56.66,55.47,54.28,53.06,52.10,51.82,52.59,53.52,54.50,55.50,56.51,57.51,58.15,58.37,58.28,58.67,59.10,59.38,59.47,59.43,59.77,60.13,60.36,60.37,60.46,60.77,61.17,61.55,61.88,61.84,61.54,61.07,60.62,60.27,60.09,60.01,59.94,59.91,59.84,59.63,59.25,58.85,58.37,57.80,57.22,56.81,56.61,56.70,57.07,57.72,58.41,59.07,59.82,60.69,61.55,62.41,63.30,63.96,63.86,62.55,61.13,59.89,58.88,57.95,57.63,58.11,59.17,60.50,62.50,64.67,66.87,68.86,69.80,70.02,70.07,70.11,70.05,70.03,69.64,68.68,67.09,66.04,67.17,68.85,69.91,70.08
94.09,94.25,94.35,94.35,94.23,93.91,93.22,92.30,91.27,90.27,89.84,89.64,89.50,89.28,89.01,88.72,88.45,88.18,87.88,87.59,87.26,86.89,86.55,86.17,85.80,85.43,85.04,84.66,84.38,84.20,84.10,83.96,83.92,83.88,83.81,83.76,83.73,83.67,83.63,83.61,83.49,83.17,82.72,82.18,81.66,81.12,80.69,80.41,80.26,80.22,80.22,80.25,80.36,80.65,81.02,81.32,81.55,81.88,82.19,82.50,82.81,83.11,83.32,83.49,83.64,83.81,84.01,84.18,84.34,84.52,84.68,84.88,85.00,85.08,85.15,85.11,85.15,85.03,84.69,84.25,83.78,83.32,82.86,82.39,81.88,81.39,80.91,80.45,80.00,79.63,79.48,79.50,79.63,80.40,81.59,82.50,82.42,81.50,81.25,81.70,82.56,83.14,82.32,81.01,79.25,76.55,73.20,69.80,66.34,62.73,59.17,57.01,56.11,55.93,55.67,55.59,55.60,55.66,55.77,56.01,56.21,56.37,56.49,56.56,56.57,56.56,56.53,56.48,56.48,56.40,56.28,56.13,55.98,55.82,55.65,55.59,55.91,56.67,57.47,58.23,58.95,59.66,59.79,59.53,59.04,58.54,58.01,57.44,56.87,56.39,56.39,56.55,56.74,56.99,57.27,57.57,57.87,58.16,58.47,58.75,58.98,59.16,59.41,60.13,60.86,61.24,61.13,60.50,59.52,58.37,57.13,55.87,54.59,53.29,52.20,51.67,52.08,52.80,53.64,54.55,55.56,56.58,57.37,57.75,57.70,58.10,58.46,58.67,58.72,58.70,59.21,59.63,59.75,59.60,59.87,60.32,60.76,61.12,61.47,61.63,61.54,61.24,60.87,60.56,60.39,60.30,60.23,60.20,60.12,59.92,59.59,59.20,58.69,58.08,57.42,56.77,56.30,56.27,56.63,57.28,57.95,58.58,59.21,59.89,60.66,61.47,62.33,63.19,63.72,62.83,61.52,60.27,59.17,58.13,57.39,57.50,58.36,59.53,61.23,63.29,65.52,67.69,69.18,69.78,70.01,70.03,69.88,69.62,68.94,67.69,65.98,65.56,67.31,69.17,69.98,70.12
92.88,93.27,93.36,93.18,92.90,92.48,91.78,90.94,90.14,89.80,89.60,89.47,89.37,89.21,88.98,88.75,88.49,88.19,87.89,87.63,87.32,86.94,86.56,86.17,85.82,85.49,85.11,84.72,84.35,84.03,83.75,83.47,83.38,83.33,83.26,83.24,83.18,83.11,83.06,83.04,82.97,82.76,82.39,81.87,81.39,80.87,80.41,80.10,79.96,79.88,79.86,79.89,80.00,80.28,80.64,80.91,81.13,81.49,81.81,82.12,82.43,82.74,83.03,83.23,83.38,83.55,83.71,83.86,84.06,84.25,84.40,84.55,84.57,84.51,84.47,84.47,84.63,84.66,84.46,84.19,83.77,83.32,82.86,82.40,81.93,81.41,80.91,80.50,80.24,80.30,80.45,80.64,81.03,82.27,83.88,85.02,84.99,84.44,84.42,84.77,85.11,84.80,83.69,82.38,81.09,79.73,77.28,73.73,69.87,65.94,61.37,58.59,57.25,56.77,56.53,56.38,56.33,56.36,56.45,56.61,56.82,56.98,57.06,57.14,57.14,57.10,57.06,57.05,57.04,56.94,56.79,56.63,56.48,56.33,56.13,56.02,56.30,57.05,57.85,58.62,59.40,60.40,60.71,60.33,59.47,58.93,58.39,57.85,57.30,56.84,56.83,56.92,57.07,57.30,57.54,57.83,58.10,58.35,58.67,59.02,59.34,59.64,60.03,60.82,61.56,61.81,61.40,60.57,59.49,58.22,56.87,55.54,54.18,52.84,51.91,51.69,52.04,52.43,52.94,53.67,54.64,55.68,56.59,57.12,57.13,57.52,57.77,57.91,57.97,58.00,58.54,58.90,58.90,58.72,59.29,59.88,60.34,60.68,61.00,61.28,61.46,61.45,61.11,60.85,60.68,60.55,60.48,60.40,60.27,60.11,59.89,59.52,59.00,58.33,57.57,56.82,56.09,55.88,56.13,56.71,57.32,57.94,58.53,59.10,59.75,60.45,61.32,62.29,63.10,62.99,61.98,60.76,59.62,58.48,57.38,56.95,57.31,58.46,59.71,61.59,63.88,66.21,68.05,69.29,69.87,69.85,69.52,68.78,67.86,66.60,65.03,65.27,67.30,69.23,70.04,70.17
91.09,91.33,91.53,91.61,91.44,91.03,90.60,90.17,89.73,89.51,89.35,89.23,89.16,89.08,88.91,88.73,88.50,88.20,87.93,87.65,87.35,87.00,86.62,86.23,85.86,85.51,85.16,84.78,84.43,84.10,83.78,83.39,83.09,82.85,82.69,82.68,82.61,82.56,82.53,82.47,82.41,82.28,82.00,81.55,81.08,80.56,80.15,79.90,79.79,79.71,79.72,79.77,79.86,80.03,80.30,80.53,80.73,81.06,81.41,81.74,82.05,82.36,82.67,82.90,83.10,83.29,83.44,83.60,83.77,83.93,83.99,84.02,83.94,83.84,83.79,83.86,84.16,84.26,84.06,83.87,83.56,83.23,82.86,82.40,81.94,81.44,81.00,80.66,80.48,80.73,81.47,82.38,82.94,84.02,85.68,87.16,87.77,87.88,87.97,87.79,87.20,86.18,84.89,83.56,82.36,81.34,79.78,77.16,73.58,69.02,63.77,60.05,58.18,57.64,57.36,57.12,57.04,57.04,57.09,57.24,57.45,57.59,57.64,57.75,57.70,57.64,57.61,57.61,57.57,57.45,57.30,57.14,56.98,56.80,56.56,56.41,56.68,57.40,58.18,58.89,59.55,60.54,61.60,61.33,59.76,59.25,58.76,58.23,57.70,57.28,57.28,57.36,57.48,57.66,57.85,58.10,58.35,58.60,58.91,59.25,59.54,59.94,60.64,61.55,62.34,62.39,61.54,60.52,59.35,58.01,56.57,55.14,53.74,52.40,51.62,51.72,52.08,52.41,52.80,53.33,53.99,54.81,55.72,56.38,56.52,56.82,57.03,57.16,57.26,57.30,57.75,58.04,58.04,57.92,58.52,59.21,59.83,60.32,60.65,60.96,61.21,61.34,61.22,61.09,60.94,60.80,60.72,60.61,60.43,60.25,60.07,59.81,59.22,58.46,57.64,56.83,55.97,55.47,55.49,56.08,56.70,57.28,57.83,58.39,59.01,59.66,60.41,61.31,62.29,62.86,62.24,61.20,60.18,59.14,57.90,56.88,56.49,57.42,58.66,60.34,62.37,64.58,66.62,68.26,69.01,68.83,68.21,67.37,66.47,65.42,64.29,64.43,66.57,68.81,69.97,70.13
89.66,89.75,89.99,90.28,90.23,89.91,89.74,89.64,89.49,89.28,89.12,88.99,88.91,88.89,88.78,88.65,88.47,88.20,87.96,87.68,87.37,87.04,86.68,86.29,85.91,85.53,85.21,84.84,84.51,84.20,83.88,83.45,83.00,82.59,82.31,82.20,82.08,82.03,81.99,81.92,81.85,81.77,81.57,81.22,80.75,80.26,79.93,79.75,79.66,79.59,79.61,79.69,79.77,79.84,80.02,80.19,80.36,80.65,81.01,81.35,81.67,81.98,82.29,82.55,82.80,83.01,83.17,83.31,83.43,83.51,83.48,83.40,83.27,83.14,83.11,83.26,83.70,83.86,83.63,83.47,83.26,83.03,82.75,82.35,81.92,81.48,81.10,80.87,80.83,81.19,82.33,83.85,84.74,85.67,87.34,89.03,89.96,90.43,90.49,89.97,88.84,87.39,86.00,84.66,83.43,82.40,81.32,79.50,76.24,71.22,65.73,61.41,59.15,58.52,58.19,57.87,57.74,57.73,57.75,57.88,58.07,58.20,58.23,58.35,58.25,58.19,58.18,58.16,58.11,57.98,57.82,57.65,57.48,57.24,56.97,56.80,57.06,57.69,58.40,59.04,59.59,60.55,62.44,62.44,60.26,59.55,59.07,58.59,58.10,57.71,57.72,57.80,57.90,58.04,58.19,58.40,58.62,58.87,59.16,59.47,59.84,60.45,61.44,62.44,63.03,62.75,61.57,60.38,59.14,57.77,56.30,54.79,53.36,52.06,51.43,51.76,52.14,52.47,52.82,53.20,53.61,54.20,54.97,55.64,55.89,56.10,56.27,56.41,56.53,56.59,56.93,57.15,57.18,57.16,57.72,58.45,59.20,59.86,60.30,60.64,60.91,61.11,61.18,61.14,61.03,60.91,60.83,60.68,60.50,60.33,60.18,59.99,59.36,58.54,57.67,56.77,55.83,55.04,54.82,55.44,56.04,56.60,57.14,57.72,58.35,58.98,59.66,60.46,61.48,62.46,62.32,61.61,60.69,59.77,58.49,57.05,56.02,56.50,57.77,59.34,61.12,63.17,65.29,67.16,67.95,67.55,66.73,65.91,65.08,64.23,63.45,63.29,65.41,67.94,69.57,70.01
89.28,89.37,89.47,89.57,89.56,89.50,89.43,89.34,89.24,89.08,88.93,88.78,88.65,88.59,88.56,88.49,88.38,88.19,87.96,87.68,87.37,87.05,86.73,86.35,85.97,85.58,85.22,84.89,84.58,84.27,83.96,83.62,83.19,82.74,82.31,81.92,81.63,81.48,81.42,81.35,81.33,81.22,81.09,80.88,80.39,80.00,79.79,79.68,79.54,79.46,79.48,79.56,79.64,79.72,79.81,79.91,80.03,80.28,80.58,80.94,81.29,81.60,81.91,82.21,82.48,82.69,82.85,82.95,82.97,82.92,82.85,82.72,82.57,82.45,82.41,82.61,83.22,83.45,83.19,83.03,82.86,82.66,82.43,82.21,81.90,81.52,81.21,81.12,81.40,81.82,82.88,84.49,86.08,87.17,88.96,90.51,90.84,90.90,90.75,90.44,89.77,88.34,86.99,85.67,84.36,83.04,81.71,79.89,76.66,71.72,66.75,62.67,60.30,59.39,59.02,58.65,58.47,58.42,58.44,58.52,58.67,58.79,58.86,58.93,58.82,58.76,58.74,58.68,58.66,58.55,58.37,58.15,57.93,57.65,57.38,57.23,57.42,57.88,58.44,58.97,59.53,60.54,63.17,63.66,61.25,59.89,59.31,58.90,58.49,58.15,58.17,58.24,58.32,58.42,58.58,58.74,58.94,59.17,59.42,59.72,60.43,61.46,62.62,63.64,63.51,62.66,61.43,60.14,58.84,57.48,56.06,54.58,53.12,51.94,51.44,51.82,52.20,52.53,52.88,53.27,53.65,54.08,54.51,54.91,55.23,55.36,55.50,55.63,55.73,55.86,56.10,56.27,56.33,56.43,56.92,57.63,58.39,59.16,59.91,60.33,60.59,60.79,60.86,60.87,60.81,60.72,60.63,60.49,60.42,60.33,60.18,60.00,59.40,58.57,57.63,56.59,55.59,54.59,54.19,54.80,55.36,55.90,56.47,57.09,57.78,58.46,59.15,59.90,60.79,61.67,62.14,61.92,61.02,60.19,58.98,57.50,56.15,55.77,56.98,58.61,60.37,62.28,64.30,66.19,66.81,66.11,65.34,64.60,63.84,63.05,62.31,61.82,63.71,66.37,68.56,69.77
88.86,88.93,88.99,89.03,89.06,89.07,89.06,89.05,88.98,88.84,88.68,88.53,88.39,88.32,88.27,88.24,88.17,88.05,87.90,87.68,87.41,87.09,86.75,86.37,86.01,85.66,85.31,85.00,84.69,84.38,84.07,83.76,83.33,82.87,82.41,81.94,81.55,81.26,81.05,80.88,80.79,80.66,80.52,80.37,80.06,79.84,79.71,79.61,79.47,79.38,79.38,79.42,79.47,79.58,79.63,79.70,79.81,80.04,80.33,80.67,81.00,81.31,81.62,81.93,82.19,82.36,82.41,82.42,82.36,82.25,82.17,82.03,81.88,81.75,81.72,81.97,82.62,82.94,82.78,82.59,82.43,82.25,82.06,81.86,81.63,81.50,81.45,81.57,82.00,82.46,83.46,85.02,86.79,88.19,89.74,90.87,91.02,90.97,90.83,90.60,90.04,88.62,87.19,85.75,84.30,82.88,81.51,79.31,75.67,70.72,66.63,63.56,61.62,60.59,60.08,59.48,59.20,59.11,59.09,59.16,59.29,59.41,59.48,59.47,59.38,59.31,59.27,59.23,59.19,59.05,58.84,58.61,58.37,58.08,57.79,57.59,57.64,58.06,58.56,59.04,59.60,60.81,63.86,64.80,62.61,60.66,59.70,59.17,58.81,58.58,58.61,58.69,58.76,58.85,58.96,59.11,59.29,59.50,59.85,60.56,61.58,62.76,63.85,64.19,63.31,62.04,60.76,59.58,58.38,57.08,55.67,54.24,52.82,51.80,51.44,51.78,52.13,52.48,52.83,53.19,53.56,53.89,54.16,54.39,54.61,54.70,54.81,54.93,55.03,55.12,55.27,55.38,55.45,55.59,56.09,56.80,57.58,58.36,59.20,59.80,60.20,60.44,60.54,60.56,60.51,60.45,60.40,60.29,60.26,60.22,60.13,59.98,59.32,58.42,57.43,56.36,55.34,54.28,53.74,54.15,54.70,55.28,55.89,56.57,57.29,58.00,58.64,59.30,60.06,60.93,61.65,61.76,61.14,60.39,59.22,57.70,56.12,55.27,56.58,58.33,60.15,62.04,63.89,65.35,65.81,65.28,64.59,63.86,63.11,62.35,61.62,60.96,62.09,63.95,65.89,67.88
88.41,88.49,88.53,88.55,88.61,88.62,88.67,88.72,88.69,88.58,88.44,88.29,88.15,88.07,87.98,87.95,87.92,87.85,87.77,87.65,87.45,87.14,86.77,86.39,86.05,85.74,85.43,85.12,84.81,84.50,84.20,83.88,83.46,83.00,82.53,82.06,81.60,81.19,80.84,80.53,80.33,80.17,80.03,79.90,79.80,79.71,79.63,79.54,79.40,79.30,79.27,79.27,79.30,79.43,79.47,79.52,79.64,79.88,80.17,80.48,80.79,81.10,81.42,81.70,81.92,82.01,81.94,81.84,81.72,81.57,81.49,81.33,81.17,81.05,81.04,81.34,82.00,82.42,82.39,82.16,82.00,81.84,81.66,81.45,81.31,81.43,81.69,82.05,82.61,83.10,84.05,85.50,87.25,88.90,90.13,90.85,90.98,90.92,90.82,90.61,90.04,88.64,87.09,85.49,83.91,82.44,81.10,78.32,74.21,69.47,66.34,64.36,62.97,61.97,61.35,60.59,60.22,60.10,60.05,60.21,60.43,60.61,60.71,60.65,60.49,60.34,60.23,60.18,60.01,59.69,59.33,59.04,58.80,58.51,58.21,57.95,57.89,58.28,58.73,59.15,59.77,61.45,64.77,66.16,64.50,62.20,60.60,59.65,59.15,59.02,59.04,59.12,59.20,59.27,59.36,59.51,59.70,59.98,60.53,61.69,62.94,64.12,64.94,64.41,62.92,61.32,59.98,58.93,57.85,56.61,55.26,53.92,52.56,51.68,51.39,51.69,52.00,52.37,52.71,53.03,53.38,53.62,53.80,53.92,54.01,54.09,54.16,54.27,54.37,54.38,54.45,54.53,54.61,54.72,55.17,55.82,56.55,57.34,58.17,58.95,59.51,59.85,60.09,60.14,60.13,60.11,60.08,60.00,59.98,59.98,59.94,59.78,59.04,58.10,57.09,56.03,55.02,53.98,53.33,53.46,54.02,54.63,55.28,55.98,56.71,57.41,58.00,58.59,59.33,60.29,61.09,61.43,61.15,60.47,59.32,57.71,55.95,54.94,56.41,58.31,60.16,61.95,63.63,64.56,64.83,64.56,64.00,63.29,62.53,61.78,61.08,60.32,60.60,61.49,62.86,65.15
87.97,88.05,88.08,88.10,88.17,88.18,88.23,88.28,88.28,88.30,88.22,88.10,87.95,87.82,87.73,87.67,87.62,87.59,87.53,87.47,87.36,87.14,86.82,86.49,86.18,85.87,85.56,85.25,84.94,84.63,84.32,84.01,83.59,83.12,82.66,82.19,81.73,81.31,80.91,80.50,80.17,79.96,79.86,79.80,79.68,79.59,79.51,79.43,79.32,79.19,79.11,79.10,79.16,79.25,79.32,79.41,79.57,79.81,80.10,80.41,80.72,81.04,81.40,81.56,81.62,81.63,81.50,81.32,81.12,80.94,80.84,80.65,80.48,80.35,80.36,80.74,81.43,81.94,82.05,81.73,81.59,81.43,81.23,81.07,81.07,81.24,81.69,82.44,83.20,83.78,84.64,85.94,87.62,89.03,90.11,90.80,90.97,90.92,90.75,90.42,89.78,88.54,86.91,85.22,83.56,82.00,80.61,77.00,72.71,69.11,66.84,65.25,64.24,63.62,63.11,62.55,62.29,62.18,62.17,62.74,63.32,63.82,64.14,64.11,63.62,63.09,62.72,62.53,61.90,60.92,60.01,59.44,59.13,58.87,58.62,58.43,58.46,58.68,58.92,59.24,60.14,63.03,66.54,68.39,67.79,65.94,63.17,60.92,59.65,59.51,59.46,59.50,59.58,59.66,59.74,59.96,60.32,60.90,61.93,63.14,64.39,65.34,65.46,64.28,62.61,60.92,59.45,58.31,57.22,56.06,54.88,53.77,52.61,51.67,51.25,51.51,51.82,52.19,52.50,52.76,53.02,53.16,53.27,53.35,53.44,53.51,53.59,53.65,53.68,53.69,53.74,53.83,53.89,53.91,53.95,54.26,54.81,55.59,56.38,57.16,57.84,58.48,59.20,59.34,59.50,59.64,59.52,59.39,59.40,59.40,59.29,58.92,58.25,57.38,56.43,55.46,54.46,53.48,52.80,52.72,53.21,53.82,54.45,55.08,55.68,56.31,56.89,57.56,58.58,59.86,60.66,61.05,61.02,60.40,59.14,57.37,55.57,54.94,56.64,58.64,60.35,61.73,63.22,63.73,63.73,63.51,63.21,62.62,61.93,61.22,60.51,59.75,59.59,59.87,60.48,61.45
87.52,87.60,87.63,87.66,87.72,87.73,87.79,87.84,87.85,87.92,87.90,87.82,87.72,87.57,87.48,87.40,87.35,87.34,87.27,87.23,87.17,87.05,86.83,86.56,86.27,85.96,85.65,85.34,85.03,84.72,84.41,84.10,83.72,83.28,82.82,82.36,81.89,81.46,81.03,80.57,80.15,79.93,79.83,79.78,79.69,79.61,79.53,79.45,79.34,79.19,79.05,78.98,79.03,79.11,79.21,79.37,79.58,79.82,80.11,80.42,80.72,80.97,81.27,81.33,81.29,81.21,81.09,80.88,80.60,80.35,80.29,80.16,80.03,79.93,79.95,80.26,80.82,81.39,81.71,81.37,81.16,81.00,80.84,80.74,80.82,81.16,81.79,82.69,83.55,84.26,85.14,86.24,87.36,88.25,89.25,90.13,90.59,90.72,90.50,90.13,89.61,88.64,87.02,85.27,83.53,81.75,79.91,76.29,72.37,69.36,67.65,66.39,65.64,65.25,64.86,64.58,64.56,64.64,64.75,65.59,66.43,67.17,67.73,67.89,67.30,66.55,65.93,65.49,64.59,63.17,61.66,60.39,59.59,59.24,59.02,58.89,59.00,59.14,59.37,59.99,61.63,65.11,68.12,69.72,69.67,68.51,66.11,63.59,61.84,61.82,62.33,62.68,62.91,62.88,61.87,61.18,61.31,62.22,63.41,64.62,65.75,66.29,65.57,64.06,62.39,60.81,59.43,58.29,57.29,56.35,55.45,54.59,53.49,52.40,51.60,51.36,51.59,51.89,52.14,52.34,52.53,52.63,52.69,52.75,52.83,52.90,52.96,52.98,52.98,52.99,53.03,53.09,53.15,53.13,53.00,53.02,53.25,53.73,54.47,55.08,55.78,56.62,57.39,57.91,58.42,58.76,58.68,58.54,58.53,58.50,58.30,57.85,57.27,56.50,55.59,54.66,53.66,52.75,52.13,52.03,52.33,52.84,53.41,53.99,54.56,55.15,55.73,56.52,57.84,59.31,60.24,60.75,60.82,60.23,58.81,56.88,55.11,54.80,56.63,58.73,60.44,61.59,62.60,62.77,62.59,62.36,62.21,61.82,61.25,60.57,59.87,59.13,58.79,58.84,59.20,59.59
87.08,87.15,87.18,87.21,87.28,87.29,87.34,87.39,87.41,87.47,87.49,87.48,87.45,87.31,87.22,87.14,87.09,87.08,87.02,86.94,86.90,86.87,86.76,86.56,86.31,86.03,85.72,85.41,85.10,84.79,84.49,84.18,83.86,83.47,83.00,82.54,82.08,81.62,81.16,80.70,80.25,80.01,79.89,79.83,79.80,79.74,79.66,79.56,79.41,79.26,79.05,78.91,78.91,78.97,79.12,79.36,79.65,79.89,80.18,80.47,80.72,80.87,81.03,81.03,80.94,80.80,80.70,80.50,80.16,79.84,79.81,79.79,79.74,79.70,79.74,79.91,80.27,80.85,81.37,81.02,80.72,80.55,80.47,80.44,80.59,81.16,81.94,82.79,83.68,84.50,85.38,86.16,86.49,86.85,87.79,88.92,89.77,90.16,89.94,89.63,89.37,88.80,87.33,85.59,83.76,81.73,79.28,76.19,72.96,70.19,68.77,67.71,67.12,66.87,66.60,66.62,66.95,67.34,67.73,68.77,69.81,70.76,71.54,71.97,71.42,70.52,69.59,68.72,67.68,66.09,64.08,61.93,60.43,59.86,59.59,59.45,59.63,59.83,60.24,61.40,63.92,67.38,69.42,70.36,70.46,70.04,68.94,66.95,65.14,65.30,66.55,67.31,67.71,67.47,64.93,62.87,62.60,63.82,64.98,66.12,67.00,66.97,65.45,63.84,62.26,60.88,59.74,58.73,57.89,57.23,56.67,56.07,54.95,53.71,52.47,51.51,51.51,51.59,51.70,51.82,51.97,52.05,52.09,52.12,52.19,52.26,52.28,52.28,52.28,52.28,52.29,52.33,52.38,52.36,52.23,52.06,51.90,51.95,52.56,52.91,53.56,54.51,55.14,56.17,57.07,57.59,57.63,57.51,57.48,57.38,57.10,56.65,56.17,55.49,54.63,53.71,52.72,51.89,51.42,51.40,51.45,51.79,52.27,52.81,53.41,53.97,54.58,55.53,57.10,58.61,59.77,60.45,60.54,59.92,58.28,56.23,54.56,54.60,56.46,58.60,60.37,61.39,61.77,61.68,61.43,61.18,61.08,60.92,60.48,59.84,59.16,58.45,58.10,58.19,58.64,59.05
86.64,86.67,86.71,86.77,86.84,86.85,86.90,86.95,86.96,87.03,87.05,87.07,87.10,87.04,86.93,86.86,86.82,86.78,86.75,86.69,86.64,86.61,86.45,86.34,86.27,86.15,85.84,85.53,85.22,84.91,84.60,84.30,83.98,83.60,83.13,82.68,82.21,81.75,81.28,80.83,80.46,80.21,80.06,79.99,79.94,79.86,79.79,79.69,79.53,79.33,79.08,78.86,78.78,78.80,79.05,79.38,79.72,80.00,80.26,80.46,80.58,80.59,80.68,80.73,80.66,80.47,80.33,80.12,79.84,79.58,79.49,79.43,79.43,79.49,79.65,79.80,80.13,80.60,80.94,80.54,80.25,80.13,80.12,80.19,80.55,81.22,81.98,82.72,83.45,84.16,84.45,84.43,84.61,85.17,86.08,87.08,87.90,88.29,88.25,88.26,88.45,88.48,87.58,86.07,84.27,82.33,79.88,77.13,74.42,72.09,70.55,69.30,68.68,68.54,68.43,68.72,69.38,70.28,71.41,72.94,74.31,75.50,76.44,76.90,76.25,75.01,73.37,71.44,70.15,68.89,67.08,64.65,62.91,61.82,61.03,60.62,60.98,61.50,62.47,64.13,66.62,68.93,70.12,70.67,70.79,70.54,70.04,69.14,68.33,68.41,69.02,69.41,69.53,69.01,66.58,64.34,64.14,65.62,66.77,67.76,67.90,67.11,65.44,63.81,62.21,60.92,60.08,59.48,58.78,58.22,57.86,57.61,56.65,55.48,54.28,53.18,52.34,51.74,51.40,51.31,51.41,51.45,51.49,51.53,51.55,51.58,51.59,51.57,51.53,51.53,51.57,51.58,51.56,51.55,51.46,51.27,51.05,50.91,51.05,51.16,51.73,52.79,53.77,54.91,55.85,56.38,56.41,56.40,56.40,56.26,55.90,55.45,55.02,54.42,53.64,52.75,51.81,51.18,50.88,50.88,50.89,51.02,51.27,51.67,52.27,52.78,53.56,54.73,56.31,57.64,58.98,59.92,60.04,59.08,57.26,55.18,53.77,54.55,56.39,58.31,59.78,60.45,60.59,60.47,60.25,60.03,59.95,59.89,59.53,58.95,58.34,57.61,57.34,57.53,58.09,58.65
86.19,86.21,86.25,86.32,86.37,86.40,86.46,86.50,86.52,86.59,86.61,86.64,86.70,86.70,86.62,86.58,86.54,86.49,86.47,86.42,86.38,86.31,86.10,86.03,86.05,86.05,85.85,85.63,85.35,85.04,84.73,84.42,84.11,83.72,83.27,82.80,82.36,81.90,81.45,81.02,80.72,80.47,80.30,80.20,80.13,80.04,79.96,79.84,79.63,79.41,79.14,78.88,78.69,78.66,78.94,79.33,79.70,80.03,80.24,80.35,80.37,80.30,80.33,80.41,80.37,80.17,79.99,79.77,79.54,79.34,79.19,79.15,79.22,79.38,79.61,79.79,80.11,80.40,80.49,80.14,79.92,79.83,79.83,79.94,80.33,80.93,81.61,82.31,82.94,83.26,82.98,82.45,82.60,83.34,84.22,85.09,85.83,86.22,86.35,86.61,87.06,87.44,87.33,86.54,85.19,83.35,81.14,78.69,76.41,74.56,73.17,71.93,71.33,71.30,71.40,71.92,72.85,74.04,75.38,76.75,77.94,78.92,79.64,79.97,79.44,78.28,76.42,73.72,72.15,71.03,69.50,67.29,65.41,63.89,62.83,62.38,62.88,63.59,64.70,66.36,68.52,69.87,70.51,70.88,71.08,70.96,70.77,70.56,70.40,70.38,70.39,70.35,70.06,69.11,66.98,65.58,65.89,67.42,68.38,69.03,68.54,67.22,65.52,63.85,62.19,61.15,60.91,60.78,60.38,59.79,59.34,59.35,58.61,57.61,56.52,55.36,54.09,53.11,52.42,52.05,51.94,51.82,51.59,51.39,51.39,51.37,51.35,51.31,51.24,51.10,51.06,51.02,50.96,50.95,50.91,50.77,50.60,50.41,50.24,50.18,50.56,51.42,52.57,53.74,54.65,55.15,55.17,55.23,55.28,55.14,54.75,54.25,53.84,53.31,52.61,51.78,50.97,50.55,50.41,50.41,50.41,50.41,50.49,50.72,51.15,51.62,52.48,53.69,55.08,56.23,57.67,58.69,58.72,57.69,55.91,54.16,53.30,54.65,56.31,57.91,59.09,59.54,59.57,59.45,59.24,59.02,58.88,58.84,58.54,58.02,57.39,56.77,56.84,57.32,58.00,58.79
85.74,85.76,85.80,85.86,85.88,85.94,86.01,86.06,86.07,86.14,86.16,86.20,86.26,86.26,86.31,86.28,86.24,86.22,86.16,86.14,86.10,86.00,85.78,85.63,85.61,85.67,85.69,85.66,85.46,85.16,84.85,84.55,84.23,83.85,83.39,82.94,82.53,82.09,81.65,81.28,81.02,80.79,80.59,80.46,80.38,80.31,80.19,80.00,79.72,79.48,79.24,78.95,78.63,78.53,78.81,79.19,79.58,79.93,80.08,80.12,80.11,80.03,79.98,80.06,80.08,79.90,79.68,79.45,79.26,79.08,78.90,78.98,79.16,79.38,79.61,79.83,80.12,80.21,80.05,79.86,79.75,79.67,79.63,79.66,79.84,80.20,80.76,81.49,82.11,81.79,81.13,80.58,80.72,81.43,82.26,83.05,83.71,84.18,84.44,84.77,85.20,85.57,86.38,86.84,86.42,84.70,82.92,80.87,78.98,77.62,76.76,75.81,75.34,75.41,75.75,76.40,77.50,78.63,79.40,79.80,80.17,80.41,80.47,80.51,80.35,79.83,78.40,75.48,73.66,72.32,71.03,69.51,67.56,65.86,64.91,64.80,65.33,66.00,66.68,67.71,69.32,70.20,70.68,71.06,71.38,71.48,71.35,71.19,71.03,70.93,70.64,70.31,69.59,68.15,66.31,66.63,67.85,69.10,69.66,69.78,68.91,67.39,65.66,63.91,62.21,61.66,62.40,62.81,62.91,62.23,61.38,61.44,60.91,60.12,59.11,57.90,56.87,55.96,55.12,54.39,53.90,53.44,52.61,51.89,51.88,51.82,51.75,51.69,51.57,51.13,50.87,50.74,50.68,50.67,50.67,50.64,50.59,50.47,50.26,50.15,50.18,50.49,51.43,52.59,53.45,53.90,53.96,53.97,54.08,54.02,53.66,53.09,52.66,52.17,51.55,50.82,50.22,50.00,49.98,49.98,49.98,49.98,50.00,50.03,50.13,50.52,51.30,52.28,53.27,54.29,55.73,56.60,56.39,55.69,54.26,53.26,53.30,54.88,56.19,57.42,58.39,58.84,58.82,58.68,58.45,58.16,57.89,57.78,57.55,57.08,56.34,56.01,56.73,57.69,58.52,59.59
85.26,85.30,85.34,85.37,85.42,85.49,85.54,85.58,85.62,85.66,85.70,85.73,85.77,85.81,85.85,85.92,85.97,85.93,85.89,85.85,85.81,85.74,85.52,85.28,85.19,85.24,85.31,85.36,85.31,85.16,84.92,84.62,84.34,84.00,83.57,83.11,82.67,82.28,81.91,81.58,81.34,81.07,80.87,80.76,80.69,80.61,80.47,80.24,79.94,79.69,79.38,79.01,78.64,78.36,78.58,78.95,79.29,79.62,79.75,79.80,79.79,79.69,79.72,79.82,79.81,79.65,79.42,79.19,79.00,78.85,78.73,78.88,79.07,79.28,79.51,79.74,79.94,79.96,79.81,79.66,79.57,79.49,79.45,79.50,79.60,79.82,80.15,80.60,81.04,80.73,80.24,79.86,79.85,80.21,80.70,81.19,81.67,82.14,82.53,82.89,83.25,83.58,84.61,85.38,85.49,84.74,84.05,83.61,82.85,81.61,80.78,79.79,79.27,79.24,79.28,79.61,80.24,80.83,81.06,81.15,81.25,81.23,81.06,80.89,80.62,80.21,79.06,76.41,74.56,73.13,71.86,70.63,69.20,67.91,67.22,67.20,67.70,68.29,68.73,69.26,70.13,70.66,71.04,71.41,71.73,71.83,71.63,71.32,71.02,70.76,70.39,70.00,69.58,69.03,68.28,68.68,69.38,69.95,70.16,70.03,68.98,67.29,65.36,63.52,62.71,63.12,64.53,65.71,66.57,66.51,65.76,64.87,63.85,62.58,61.44,60.68,60.14,59.18,58.01,56.88,56.05,54.93,53.82,53.09,53.05,53.01,52.82,52.53,52.16,51.63,51.21,50.96,50.86,50.82,50.82,50.82,50.77,50.63,50.41,50.23,50.13,50.19,50.61,51.52,52.27,52.67,52.70,52.70,52.91,52.97,52.69,52.22,51.71,51.16,50.62,50.24,49.94,49.84,49.83,49.80,49.79,49.79,49.79,49.79,49.81,49.98,50.37,50.85,51.39,52.37,53.65,54.25,53.80,53.15,52.47,52.36,52.98,54.37,55.59,56.77,57.70,58.13,58.07,57.86,57.59,57.27,56.98,56.75,56.59,56.23,55.54,55.80,56.98,58.22,59.17,60.35
84.77,84.83,84.86,84.89,84.95,85.03,85.06,85.10,85.15,85.17,85.22,85.26,85.29,85.34,85.37,85.51,85.65,85.63,85.61,85.56,85.52,85.47,85.24,84.95,84.80,84.81,84.87,84.95,85.03,85.03,84.90,84.65,84.43,84.14,83.74,83.28,82.84,82.48,82.18,81.89,81.64,81.36,81.15,81.06,80.98,80.87,80.69,80.44,80.16,79.91,79.53,79.09,78.69,78.23,78.34,78.64,78.93,79.21,79.38,79.47,79.48,79.38,79.50,79.59,79.56,79.40,79.18,78.95,78.76,78.61,78.59,78.78,78.97,79.15,79.38,79.59,79.69,79.69,79.60,79.46,79.36,79.29,79.27,79.37,79.45,79.59,79.74,79.91,80.14,79.99,79.74,79.52,79.38,79.38,79.50,79.70,80.00,80.41,80.82,81.16,81.42,81.68,82.54,83.22,83.56,83.64,83.82,84.60,84.78,83.84,83.28,82.55,82.16,82.09,81.91,81.96,82.08,82.11,81.91,81.84,81.75,81.60,81.36,81.04,80.63,80.19,79.23,77.05,75.31,73.84,72.55,71.48,70.59,69.78,69.32,69.30,69.67,70.13,70.40,70.62,70.91,71.22,71.53,71.85,72.12,72.13,71.81,71.38,70.94,70.57,70.23,69.91,69.85,70.16,70.33,70.44,70.46,70.39,70.32,70.02,68.88,67.10,65.02,63.22,63.40,64.71,66.55,68.25,69.53,69.97,69.47,67.98,66.48,64.77,63.67,63.67,63.73,62.79,61.26,59.52,58.02,56.21,55.02,54.47,54.39,54.25,53.91,53.41,52.80,52.26,51.72,51.35,51.17,51.10,51.09,51.07,51.00,50.83,50.60,50.36,50.19,50.10,50.07,50.62,51.16,51.46,51.46,51.47,51.77,51.93,51.75,51.38,50.88,50.35,49.94,49.87,49.80,49.77,49.74,49.68,49.67,49.66,49.66,49.66,49.66,49.65,49.69,49.77,49.94,50.76,51.72,52.08,51.60,51.09,51.07,51.64,52.61,53.73,54.90,56.06,56.99,57.42,57.30,57.03,56.72,56.41,56.10,55.79,55.63,55.35,54.80,55.64,57.16,58.63,59.81,61.04
84.32,84.34,84.38,84.43,84.45,84.53,84.59,84.63,84.66,84.72,84.74,84.78,84.83,84.85,84.91,85.03,85.21,85.34,85.31,85.28,85.25,85.15,84.92,84.63,84.46,84.42,84.44,84.50,84.58,84.64,84.66,84.61,84.47,84.22,83.87,83.41,83.06,82.74,82.45,82.20,81.91,81.65,81.45,81.32,81.23,81.00,80.75,80.52,80.28,80.04,79.66,79.22,78.81,78.30,78.14,78.23,78.48,78.73,79.05,79.22,79.25,79.19,79.31,79.37,79.31,79.15,78.98,78.76,78.54,78.39,78.45,78.66,78.84,79.02,79.25,79.41,79.47,79.44,79.36,79.27,79.13,79.07,79.10,79.24,79.38,79.53,79.66,79.76,79.87,79.79,79.61,79.39,79.18,79.05,78.96,78.97,79.17,79.43,79.66,79.83,79.95,80.06,80.27,80.42,80.51,80.58,80.63,80.85,81.00,81.08,81.69,82.20,82.52,82.68,82.81,82.95,82.91,82.67,82.28,81.95,81.59,81.28,81.03,80.73,80.40,79.89,79.01,77.54,76.03,74.56,73.31,72.39,71.69,71.08,70.75,70.68,70.72,70.91,71.13,71.36,71.61,71.92,72.23,72.46,72.53,72.35,71.96,71.53,71.14,70.78,70.61,70.52,70.55,70.75,70.90,70.85,70.65,70.36,70.14,69.70,68.53,66.81,64.87,63.38,64.24,66.00,67.84,69.38,70.00,70.14,70.00,69.41,67.91,66.30,65.83,67.03,67.72,67.14,65.26,62.41,59.46,57.06,56.05,55.87,55.71,55.14,54.60,54.04,53.44,52.89,52.35,51.85,51.49,51.42,51.41,51.32,51.19,51.02,50.79,50.51,50.29,50.15,50.03,50.09,50.19,50.25,50.26,50.32,50.66,50.88,50.74,50.43,50.18,49.97,49.82,49.75,49.72,49.67,49.63,49.61,49.55,49.54,49.54,49.54,49.53,49.48,49.50,49.56,49.62,49.91,50.25,50.47,50.53,50.55,50.76,51.38,52.32,53.29,54.27,55.33,56.24,56.70,56.50,56.20,55.89,55.58,55.27,54.97,54.69,54.33,54.02,55.32,56.98,58.67,60.28,61.54
83.84,83.87,83.91,83.95,83.99,84.06,84.11,84.15,84.19,84.23,84.27,84.31,84.34,84.35,84.41,84.53,84.75,85.03,85.03,85.02,84.98,84.88,84.65,84.33,84.09,84.00,84.03,84.07,84.14,84.22,84.28,84.32,84.26,84.16,83.97,83.62,83.30,83.01,82.74,82.47,82.20,81.93,81.70,81.52,81.36,81.08,80.82,80.58,80.36,80.12,79.76,79.33,78.90,78.40,78.06,77.97,78.13,78.40,78.77,78.94,78.97,78.97,79.05,79.08,79.04,78.94,78.75,78.53,78.31,78.19,78.32,78.53,78.71,78.89,79.11,79.24,79.27,79.23,79.14,79.03,78.91,78.89,78.96,79.11,79.27,79.42,79.54,79.62,79.69,79.67,79.53,79.29,79.03,78.83,78.67,78.55,78.53,78.67,78.83,78.95,79.01,79.05,79.03,79.02,79.03,79.06,79.07,79.13,79.25,79.54,80.16,80.75,81.16,81.42,81.65,81.91,81.98,81.89,81.66,81.39,81.04,80.78,80.60,80.36,80.09,79.61,78.81,77.57,76.31,75.15,74.18,73.45,72.82,72.24,71.91,71.79,71.70,71.78,71.95,72.14,72.32,72.62,72.80,72.86,72.79,72.55,72.13,71.75,71.47,71.27,71.20,71.17,71.16,71.15,71.03,70.80,70.50,70.09,69.50,68.75,67.57,66.05,64.48,63.96,65.22,67.04,68.73,69.83,70.21,70.27,70.20,69.93,68.92,68.10,68.06,68.95,69.47,69.16,67.39,64.25,60.76,58.22,57.21,56.93,56.50,55.83,55.25,54.69,54.11,53.53,52.98,52.45,51.97,51.72,51.68,51.55,51.36,51.20,51.13,51.06,51.04,51.02,50.82,50.18,49.90,49.90,49.91,49.94,50.14,50.25,50.16,49.99,49.86,49.79,49.75,49.75,49.78,49.76,49.76,49.82,49.86,49.88,49.92,49.93,49.87,49.82,49.81,49.79,49.69,49.63,49.65,49.76,49.96,50.19,50.51,51.17,52.10,53.02,53.92,54.87,55.65,55.97,55.73,55.39,55.07,54.76,54.45,54.11,53.79,53.52,53.54,54.86,56.37,58.07,59.92,61.20
83.35,83.40,83.44,83.46,83.53,83.60,83.64,83.67,83.73,83.73,83.79,83.83,83.83,83.84,83.91,84.04,84.29,84.68,84.76,84.76,84.73,84.62,84.38,84.04,83.73,83.57,83.63,83.65,83.70,83.77,83.85,83.92,83.94,83.97,83.97,83.77,83.51,83.25,83.00,82.70,82.45,82.17,81.90,81.67,81.44,81.15,80.88,80.65,80.42,80.19,79.87,79.47,79.01,78.54,78.06,77.79,77.84,78.14,78.51,78.67,78.69,78.76,78.77,78.77,78.76,78.71,78.50,78.27,78.09,78.03,78.19,78.40,78.59,78.77,78.97,79.05,79.06,79.03,78.94,78.80,78.72,78.74,78.84,79.00,79.14,79.29,79.41,79.49,79.56,79.58,79.46,79.21,78.92,78.68,78.49,78.29,78.06,78.07,78.16,78.24,78.30,78.29,78.23,78.20,78.19,78.19,78.20,78.25,78.36,78.53,78.77,79.03,79.31,79.59,79.84,80.16,80.41,80.57,80.61,80.49,80.30,80.15,80.05,79.91,79.70,79.33,78.65,77.49,76.46,75.65,75.01,74.48,73.91,73.33,72.95,72.77,72.65,72.70,72.82,72.92,73.00,73.23,73.25,73.15,72.98,72.73,72.35,72.04,71.86,71.82,71.80,71.72,71.59,71.37,70.95,70.56,70.18,69.66,68.71,67.72,66.57,65.27,64.14,64.67,66.17,67.90,69.38,70.02,70.32,70.37,70.28,70.10,69.69,69.72,69.95,70.08,70.15,70.02,68.48,65.43,61.85,59.39,58.30,57.78,57.08,56.46,55.89,55.34,54.78,54.19,53.63,53.08,52.53,52.07,52.01,51.93,51.78,51.67,51.78,51.98,52.19,52.34,52.12,50.75,50.02,49.90,49.90,49.90,49.91,49.90,49.84,49.83,49.86,50.02,50.25,50.39,50.42,50.27,50.19,50.32,50.46,50.54,50.60,50.60,50.46,50.42,50.37,50.25,50.02,49.71,49.54,49.51,49.65,49.92,50.28,50.95,51.86,52.77,53.64,54.50,55.12,55.24,54.98,54.62,54.28,53.96,53.64,53.28,52.94,52.76,53.03,54.06,55.30,56.84,58.67,60.06
82.91,82.92,82.96,83.00,83.03,83.10,83.16,83.20,83.22,83.23,83.25,83.28,83.33,83.33,83.40,83.56,83.83,84.21,84.45,84.47,84.43,84.36,84.08,83.76,83.42,83.18,83.20,83.25,83.28,83.33,83.41,83.48,83.54,83.60,83.66,83.65,83.53,83.33,83.08,82.77,82.48,82.21,81.97,81.74,81.50,81.21,80.94,80.71,80.48,80.25,80.02,79.72,79.25,78.78,78.15,77.69,77.59,77.89,78.26,78.41,78.44,78.50,78.52,78.48,78.44,78.41,78.24,78.02,77.89,77.90,78.06,78.28,78.46,78.64,78.83,78.82,78.81,78.78,78.69,78.60,78.56,78.64,78.77,78.92,79.03,79.17,79.29,79.37,79.44,79.46,79.33,79.10,78.85,78.61,78.39,78.17,77.93,77.78,77.61,77.52,77.54,77.53,77.47,77.41,77.35,77.31,77.35,77.42,77.54,77.68,77.81,78.06,78.33,78.58,78.80,78.98,79.15,79.32,79.43,79.45,79.45,79.38,79.27,79.22,79.11,78.97,78.59,77.69,76.80,76.05,75.50,75.17,74.83,74.41,73.96,73.63,73.59,73.65,73.70,73.68,73.56,73.52,73.45,73.34,73.16,72.89,72.68,72.50,72.33,72.17,72.05,71.85,71.55,71.17,70.76,70.33,69.75,69.02,68.14,67.36,66.38,65.23,64.37,65.23,66.76,68.41,69.79,70.19,70.44,70.50,70.41,70.31,70.19,70.22,70.34,70.42,70.30,70.11,68.61,65.69,62.32,60.10,58.95,58.30,57.70,57.14,56.55,55.98,55.43,54.87,54.28,53.68,53.10,52.63,52.65,52.95,53.21,53.32,53.48,53.69,53.92,54.13,54.06,52.15,50.61,49.90,49.90,49.90,49.90,49.89,49.88,49.90,50.42,51.56,52.86,53.34,53.15,52.16,51.37,51.47,51.57,51.65,51.62,51.47,51.32,51.20,51.11,50.98,50.73,50.33,49.92,49.61,49.49,49.63,49.96,50.59,51.42,52.30,53.20,54.06,54.58,54.50,54.27,53.96,53.61,53.25,52.95,52.62,52.27,51.96,51.86,52.08,53.08,54.20,55.30,57.26
82.50,82.47,82.49,82.53,82.56,82.60,82.67,82.72,82.72,82.72,82.72,82.76,82.82,82.86,82.90,83.06,83.34,83.73,84.09,84.17,84.15,84.07,83.80,83.47,83.13,82.84,82.78,82.83,82.87,82.91,82.97,83.04,83.12,83.22,83.33,83.38,83.37,83.28,83.11,82.80,82.48,82.23,82.00,81.77,81.53,81.27,81.01,80.77,80.55,80.34,80.17,79.91,79.45,78.89,78.14,77.58,77.40,77.67,78.02,78.16,78.18,78.22,78.22,78.19,78.16,78.13,78.01,77.80,77.71,77.77,77.93,78.15,78.33,78.50,78.63,78.61,78.59,78.54,78.44,78.38,78.41,78.52,78.68,78.82,78.94,79.06,79.16,79.24,79.31,79.35,79.24,79.01,78.78,78.55,78.31,78.08,77.84,77.59,77.31,77.12,77.01,76.90,76.77,76.65,76.57,76.52,76.51,76.56,76.67,76.81,76.91,77.14,77.40,77.62,77.78,77.85,77.97,78.14,78.33,78.42,78.50,78.49,78.41,78.41,78.37,78.36,78.24,77.71,77.05,76.43,75.97,75.72,75.48,75.13,74.70,74.35,74.32,74.28,74.22,74.10,73.90,73.74,73.63,73.48,73.28,73.02,72.86,72.71,72.53,72.31,72.09,71.78,71.38,70.96,70.60,70.22,69.73,69.15,68.54,67.83,66.83,65.66,64.80,65.69,67.19,68.75,69.98,70.30,70.53,70.62,70.59,70.55,70.56,70.58,70.59,70.59,70.35,70.12,68.84,66.45,63.83,61.55,59.90,58.83,58.26,57.72,57.12,56.53,55.96,55.39,54.80,54.21,53.62,53.08,53.10,53.63,54.25,54.68,55.03,55.41,55.73,55.95,55.98,54.38,52.78,51.66,51.09,50.83,50.87,51.78,53.33,53.64,54.25,55.35,56.46,56.62,55.91,54.39,53.06,52.68,52.71,52.70,52.58,52.36,52.17,51.99,51.89,51.77,51.48,50.99,50.40,49.87,49.52,49.46,49.71,50.24,50.97,51.83,52.72,53.55,53.97,53.76,53.53,53.26,52.94,52.59,52.28,51.95,51.58,51.22,50.93,50.73,51.25,51.82,52.31,53.77
82.13,82.05,82.02,82.03,82.10,82.11,82.17,82.22,82.22,82.22,82.22,82.26,82.33,82.39,82.42,82.56,82.84,83.24,83.68,83.85,83.87,83.77,83.53,83.18,82.84,82.54,82.36,82.39,82.46,82.51,82.53,82.61,82.68,82.83,83.00,83.02,83.08,83.13,83.07,82.78,82.49,82.24,82.01,81.78,81.54,81.30,81.06,80.82,80.59,80.41,80.26,80.02,79.57,78.85,78.03,77.45,77.26,77.49,77.78,77.91,77.91,77.91,77.91,77.90,77.90,77.89,77.80,77.61,77.54,77.64,77.81,78.02,78.20,78.34,78.41,78.40,78.40,78.33,78.20,78.14,78.25,78.40,78.55,78.70,78.85,78.95,79.03,79.11,79.19,79.26,79.17,78.95,78.72,78.48,78.25,78.02,77.77,77.48,77.23,76.97,76.69,76.42,76.18,76.00,75.88,75.83,75.71,75.72,75.83,75.95,76.04,76.23,76.45,76.63,76.71,76.73,76.84,77.04,77.30,77.41,77.48,77.52,77.52,77.53,77.53,77.57,77.60,77.50,77.15,76.75,76.39,76.11,75.88,75.54,75.19,74.92,74.82,74.64,74.43,74.24,74.07,73.91,73.76,73.57,73.34,73.11,72.90,72.71,72.53,72.28,71.99,71.60,71.19,70.82,70.52,70.25,70.06,69.89,69.62,68.88,67.75,66.42,65.38,66.04,67.47,68.93,70.00,70.34,70.59,70.73,70.79,70.80,70.86,70.88,70.84,70.68,70.40,70.15,69.25,67.73,66.20,63.68,61.22,59.46,58.78,58.22,57.61,57.01,56.41,55.80,55.24,54.69,54.07,53.41,53.37,54.00,54.86,55.63,56.31,56.97,57.44,57.69,57.81,57.14,56.11,54.83,53.36,52.64,52.76,55.03,58.93,59.68,60.11,60.38,60.36,59.72,58.37,56.65,55.01,53.90,53.83,53.68,53.45,53.23,53.01,52.78,52.68,52.57,52.23,51.65,50.92,50.22,49.67,49.40,49.52,49.91,50.54,51.38,52.22,52.97,53.30,53.02,52.77,52.54,52.27,51.95,51.63,51.27,50.89,50.55,50.26,50.04,49.95,49.95,50.01,50.23
81.75,81.66,81.61,81.58,81.60,81.65,81.69,81.70,81.70,81.70,81.74,81.78,81.82,81.90,81.95,82.08,82.34,82.78,83.19,83.47,83.58,83.50,83.23,82.90,82.55,82.22,81.97,81.96,82.02,82.08,82.14,82.22,82.33,82.48,82.63,82.69,82.76,82.81,82.81,82.72,82.52,82.30,82.06,81.83,81.60,81.36,81.08,80.77,80.49,80.24,80.11,79.92,79.43,78.73,77.91,77.30,77.08,77.29,77.55,77.66,77.64,77.60,77.59,77.59,77.59,77.58,77.55,77.40,77.39,77.52,77.68,77.90,78.08,78.19,78.20,78.16,78.16,78.10,78.01,77.99,78.11,78.27,78.42,78.58,78.73,78.83,78.91,78.99,79.06,79.14,79.08,78.88,78.65,78.42,78.19,77.94,77.66,77.40,77.16,76.91,76.64,76.34,76.06,75.79,75.56,75.37,75.21,75.19,75.23,75.28,75.32,75.39,75.48,75.56,75.59,75.63,75.75,75.96,76.24,76.38,76.47,76.53,76.59,76.69,76.74,76.80,76.87,76.91,76.87,76.65,76.35,76.07,75.92,75.70,75.45,75.20,74.97,74.75,74.52,74.31,74.15,73.95,73.75,73.53,73.31,73.12,72.90,72.68,72.46,72.17,71.82,71.53,71.25,70.97,70.75,70.56,70.41,70.27,70.09,69.65,68.64,67.27,66.06,66.26,67.53,68.96,69.99,70.31,70.58,70.80,70.96,71.09,71.14,71.14,71.09,70.91,70.66,70.38,69.92,69.28,68.47,66.18,63.18,60.56,59.30,58.62,58.01,57.44,56.91,56.34,55.80,55.15,54.41,53.72,53.64,54.27,55.17,56.02,56.86,57.62,58.25,58.77,59.26,59.30,58.84,57.83,56.33,55.26,55.42,57.29,60.31,61.32,62.09,62.24,61.74,60.75,59.47,57.91,56.34,55.12,54.81,54.55,54.29,54.07,53.88,53.66,53.47,53.30,52.97,52.27,51.42,50.56,49.81,49.49,49.42,49.68,50.23,50.95,51.73,52.34,52.56,52.30,52.02,51.82,51.57,51.26,50.95,50.58,50.27,50.04,49.83,49.64,49.48,49.37,49.31,49.24
81.73,81.62,81.50,81.38,81.29,81.28,81.25,81.22,81.20,81.20,81.26,81.31,81.34,81.40,81.47,81.61,81.87,82.31,82.72,83.07,83.26,83.22,82.94,82.62,82.27,81.91,81.61,81.54,81.58,81.65,81.74,81.85,82.00,82.15,82.29,82.37,82.44,82.49,82.53,82.58,82.48,82.31,82.09,81.81,81.54,81.25,80.91,80.55,80.26,79.97,79.83,79.65,79.20,78.53,77.74,77.14,76.91,77.12,77.32,77.40,77.38,77.31,77.30,77.30,77.29,77.27,77.27,77.19,77.23,77.39,77.55,77.77,77.93,78.00,77.99,77.94,77.91,77.87,77.81,77.85,77.99,78.14,78.30,78.45,78.61,78.71,78.78,78.86,78.94,79.01,78.98,78.82,78.59,78.36,78.11,77.85,77.57,77.33,77.09,76.86,76.62,76.33,76.05,75.74,75.43,75.12,74.94,74.89,74.87,74.85,74.87,74.86,74.85,74.85,74.86,74.92,75.03,75.18,75.40,75.54,75.62,75.67,75.75,75.88,75.98,76.09,76.21,76.33,76.44,76.34,76.09,75.81,75.75,75.66,75.50,75.28,75.00,74.76,74.54,74.34,74.16,73.93,73.70,73.48,73.27,73.09,72.88,72.65,72.42,72.12,71.80,71.58,71.38,71.16,70.98,70.83,70.66,70.48,70.31,70.11,69.26,67.95,66.65,66.44,67.52,68.88,69.93,70.26,70.53,70.79,71.04,71.25,71.33,71.35,71.30,71.15,70.94,70.68,70.47,70.29,69.87,67.85,64.78,61.76,59.93,59.08,58.46,57.92,57.44,56.88,56.29,55.55,54.72,54.03,53.91,54.53,55.42,56.29,57.20,58.04,58.81,59.56,60.31,60.88,60.79,60.09,58.90,57.83,57.91,59.06,60.91,62.06,63.13,63.29,62.57,61.38,60.21,58.83,57.41,56.25,55.79,55.48,55.20,54.97,54.79,54.55,54.31,54.05,53.62,52.80,51.87,50.89,50.01,49.60,49.35,49.49,49.97,50.57,51.30,51.73,51.81,51.57,51.27,51.08,50.87,50.60,50.35,50.05,49.83,49.68,49.52,49.37,49.20,49.06,48.95,48.81
82.24,82.08,81.85,81.56,81.24,81.04,80.88,80.77,80.72,80.70,80.76,80.83,80.88,80.90,80.97,81.13,81.41,81.81,82.26,82.66,82.89,82.91,82.67,82.33,81.98,81.65,81.30,81.13,81.14,81.21,81.31,81.51,81.68,81.83,81.97,82.05,82.13,82.20,82.27,82.33,82.33,82.25,82.03,81.65,81.28,80.87,80.47,80.12,79.88,79.63,79.42,79.20,78.87,78.21,77.50,76.98,76.78,76.99,77.10,77.14,77.12,77.06,77.05,77.05,77.02,76.97,76.97,77.00,77.11,77.26,77.42,77.64,77.73,77.75,77.75,77.73,77.68,77.61,77.58,77.71,77.86,78.02,78.17,78.32,78.48,78.58,78.66,78.73,78.81,78.89,78.88,78.75,78.52,78.29,78.02,77.74,77.50,77.27,77.03,76.80,76.57,76.33,76.08,75.80,75.47,75.13,74.95,74.85,74.79,74.75,74.79,74.76,74.72,74.72,74.73,74.80,74.84,74.87,74.91,75.00,75.03,75.04,75.06,75.15,75.28,75.46,75.67,75.85,75.89,75.84,75.64,75.34,75.36,75.36,75.30,75.16,74.93,74.69,74.50,74.32,74.10,73.87,73.64,73.43,73.26,73.04,72.81,72.62,72.43,72.19,72.00,71.80,71.57,71.34,71.12,70.95,70.76,70.54,70.32,70.15,69.47,68.36,67.10,66.59,67.44,68.69,69.76,70.21,70.44,70.69,70.97,71.20,71.41,71.48,71.45,71.35,71.19,71.01,70.75,70.42,69.96,68.15,65.62,62.96,60.74,59.67,59.02,58.49,57.99,57.38,56.67,55.86,55.03,54.34,54.17,54.78,55.67,56.53,57.46,58.36,59.23,60.04,60.82,61.66,61.72,61.24,60.66,60.09,59.91,60.38,61.50,62.64,63.83,64.03,63.26,61.98,60.80,59.51,58.25,57.25,56.80,56.53,56.26,55.98,55.75,55.46,55.20,54.84,54.16,53.20,52.20,51.21,50.28,49.69,49.29,49.34,49.76,50.26,50.92,51.15,51.05,50.82,50.52,50.34,50.17,50.02,49.90,49.78,49.64,49.49,49.33,49.18,48.98,48.79,48.65,48.50
82.70,82.39,82.03,81.66,81.33,81.08,80.87,80.71,80.59,80.51,80.50,80.49,80.48,80.45,80.47,80.63,80.92,81.35,81.77,82.17,82.49,82.63,82.38,82.05,81.70,81.35,81.02,80.77,80.74,80.83,80.95,81.11,81.32,81.52,81.66,81.78,81.86,81.94,82.00,82.04,82.04,82.02,81.71,81.08,80.65,80.29,79.98,79.72,79.45,79.21,78.98,78.75,78.47,77.91,77.25,76.76,76.60,76.81,76.88,76.89,76.87,76.80,76.80,76.80,76.77,76.75,76.75,76.84,76.98,77.14,77.34,77.50,77.55,77.55,77.54,77.50,77.47,77.45,77.48,77.63,77.79,77.94,78.09,78.25,78.36,78.45,78.53,78.60,78.68,78.76,78.78,78.69,78.45,78.19,77.92,77.66,77.44,77.20,76.97,76.74,76.50,76.27,76.05,75.79,75.50,75.17,74.96,74.84,74.77,74.70,74.69,74.63,74.59,74.60,74.65,74.68,74.69,74.69,74.71,74.78,74.80,74.80,74.80,74.84,74.94,75.08,75.22,75.32,75.38,75.38,75.27,75.02,75.03,75.08,75.07,75.00,74.81,74.58,74.40,74.22,73.98,73.75,73.55,73.36,73.16,72.93,72.73,72.56,72.40,72.20,72.05,71.87,71.66,71.43,71.20,70.99,70.80,70.60,70.37,70.17,69.62,68.68,67.50,66.77,67.44,68.53,69.50,70.05,70.31,70.57,70.86,71.10,71.36,71.59,71.68,71.59,71.48,71.24,70.93,70.58,70.13,68.77,66.64,64.34,62.42,60.92,59.84,59.06,58.45,57.76,56.97,56.15,55.36,54.65,54.41,54.96,55.83,56.69,57.57,58.39,59.20,59.99,60.75,61.67,62.23,62.41,62.30,61.92,61.69,61.94,62.73,63.61,64.68,64.99,64.39,63.05,61.83,60.50,59.23,58.26,57.82,57.55,57.28,56.98,56.75,56.45,56.16,55.79,55.04,53.59,52.40,51.37,50.43,49.73,49.27,49.29,49.62,49.94,50.33,50.45,50.37,50.22,50.08,49.95,49.85,49.77,49.66,49.58,49.48,49.34,49.15,48.99,48.80,48.63,48.49,48.41
83.06,82.62,82.15,81.73,81.43,81.20,80.97,80.77,80.60,80.44,80.34,80.25,80.17,80.09,80.07,80.19,80.46,80.87,81.27,81.67,82.07,82.33,82.08,81.75,81.39,81.02,80.70,80.38,80.32,80.43,80.61,80.74,80.99,81.22,81.37,81.50,81.60,81.69,81.74,81.73,81.66,81.57,81.15,80.41,79.98,79.72,79.53,79.33,79.04,78.79,78.55,78.31,78.04,77.61,76.98,76.53,76.42,76.60,76.64,76.64,76.62,76.55,76.55,76.55,76.55,76.56,76.57,76.70,76.85,77.03,77.24,77.33,77.36,77.36,77.34,77.27,77.25,77.30,77.40,77.55,77.71,77.86,78.02,78.16,78.25,78.33,78.40,78.48,78.56,78.63,78.67,78.61,78.38,78.09,77.83,77.60,77.37,77.14,76.91,76.67,76.45,76.21,75.98,75.75,75.50,75.21,74.97,74.84,74.76,74.67,74.60,74.52,74.48,74.50,74.56,74.57,74.57,74.57,74.58,74.65,74.67,74.67,74.67,74.69,74.74,74.81,74.86,74.88,74.94,75.00,74.96,74.78,74.77,74.83,74.87,74.83,74.67,74.47,74.28,74.09,73.86,73.64,73.46,73.27,73.05,72.82,72.65,72.49,72.34,72.18,72.04,71.88,71.70,71.48,71.26,71.03,70.83,70.66,70.43,70.20,69.76,69.03,67.98,67.11,67.52,68.38,69.22,69.84,70.16,70.44,70.73,70.99,71.30,71.66,71.90,71.88,71.78,71.45,71.10,70.78,70.36,69.48,67.87,66.11,64.71,62.80,61.08,59.76,58.87,58.09,57.26,56.46,55.69,54.97,54.62,55.10,55.93,56.76,57.59,58.32,59.04,59.75,60.43,61.33,62.33,63.19,63.60,63.57,63.41,63.59,64.20,64.83,65.70,66.11,65.77,64.48,63.26,61.91,60.78,60.06,59.20,58.67,58.30,58.02,57.76,57.45,57.13,56.75,56.04,54.22,52.78,51.60,50.55,49.76,49.27,49.25,49.51,49.68,49.81,49.86,49.83,49.78,49.77,49.71,49.67,49.64,49.49,49.39,49.31,49.19,48.98,48.81,48.66,48.52,48.41,48.39
83.14,82.68,82.22,81.80,81.50,81.31,81.10,80.88,80.66,80.45,80.34,80.23,80.11,80.03,79.97,79.98,80.08,80.33,80.75,81.20,81.65,81.97,81.80,81.42,81.01,80.63,80.26,79.89,79.78,79.92,80.24,80.51,80.76,80.96,81.10,81.20,81.33,81.44,81.48,81.44,81.11,80.61,80.14,79.79,79.56,79.34,79.15,78.96,78.71,78.43,78.14,77.86,77.61,77.28,76.66,76.28,76.27,76.37,76.38,76.38,76.36,76.30,76.35,76.36,76.36,76.38,76.44,76.57,76.73,76.90,77.11,77.16,77.16,77.16,77.15,77.08,77.06,77.13,77.27,77.43,77.58,77.73,77.89,78.03,78.12,78.20,78.28,78.35,78.43,78.51,78.54,78.48,78.25,78.01,77.77,77.54,77.30,77.08,76.84,76.61,76.38,76.15,75.91,75.69,75.45,75.20,74.97,74.84,74.75,74.62,74.53,74.45,74.42,74.43,74.44,74.44,74.44,74.44,74.45,74.52,74.54,74.54,74.55,74.61,74.64,74.65,74.68,74.73,74.76,74.78,74.74,74.65,74.65,74.71,74.74,74.70,74.55,74.38,74.19,73.96,73.74,73.56,73.36,73.16,72.98,72.76,72.59,72.43,72.28,72.13,71.97,71.82,71.65,71.48,71.31,71.09,70.90,70.73,70.50,70.27,69.98,69.51,68.72,67.92,67.79,68.21,68.97,69.59,69.99,70.32,70.62,70.92,71.28,71.66,72.01,72.22,72.05,71.71,71.36,71.05,70.70,70.20,69.58,68.92,68.09,66.08,63.33,60.87,59.23,58.41,57.62,56.84,56.06,55.33,54.81,55.19,55.96,56.70,57.48,58.20,58.84,59.40,59.87,60.58,61.57,62.74,64.00,65.09,65.18,65.29,65.91,66.53,67.12,67.53,67.51,66.58,65.50,64.35,63.97,64.27,61.74,60.10,59.34,59.08,58.78,58.42,58.05,57.67,57.09,55.63,53.84,52.12,50.75,49.84,49.25,49.16,49.40,49.59,49.66,49.66,49.66,49.64,49.64,49.58,49.54,49.51,49.36,49.22,49.12,49.01,48.84,48.69,48.53,48.43,48.40,48.39
83.25,82.78,82.33,81.90,81.61,81.43,81.23,81.00,80.76,80.53,80.34,80.19,80.08,79.97,79.88,79.84,79.87,80.06,80.43,80.87,81.34,81.66,81.43,81.04,80.63,80.21,79.71,79.27,79.13,79.34,79.87,80.28,80.53,80.71,80.84,80.93,81.04,81.14,81.07,80.72,80.39,79.95,79.60,79.40,79.18,78.95,78.74,78.56,78.34,78.05,77.74,77.45,77.18,76.90,76.36,76.05,76.08,76.13,76.13,76.15,76.16,76.13,76.16,76.17,76.17,76.20,76.30,76.44,76.60,76.77,76.94,76.97,76.97,76.97,76.96,76.89,76.90,76.99,77.14,77.30,77.45,77.61,77.76,77.91,77.99,78.07,78.15,78.22,78.30,78.38,78.41,78.37,78.17,77.94,77.70,77.47,77.25,77.01,76.78,76.55,76.31,76.08,75.86,75.62,75.39,75.16,74.92,74.80,74.71,74.59,74.48,74.39,74.34,74.31,74.31,74.31,74.31,74.33,74.36,74.41,74.41,74.41,74.43,74.50,74.52,74.52,74.53,74.58,74.61,74.61,74.59,74.52,74.52,74.55,74.58,74.56,74.45,74.28,74.09,73.88,73.65,73.46,73.27,73.07,72.88,72.65,72.48,72.34,72.22,72.06,71.91,71.75,71.59,71.44,71.29,71.10,70.92,70.75,70.56,70.33,70.09,69.75,69.17,68.51,68.17,68.27,68.78,69.38,69.84,70.21,70.55,70.90,71.31,71.73,72.15,72.47,72.37,72.07,71.74,71.43,71.12,70.77,70.47,70.20,69.69,68.04,64.65,61.41,59.36,58.51,57.74,56.97,56.20,55.47,55.03,55.28,55.89,56.62,57.36,58.07,58.64,59.07,59.47,60.00,60.89,62.12,63.63,65.13,65.88,66.50,67.27,67.83,68.28,68.67,68.83,68.42,67.83,67.20,67.14,67.55,65.79,64.58,63.58,62.49,61.27,60.02,59.15,58.60,58.09,57.09,55.26,53.26,51.48,50.05,49.30,49.13,49.30,49.45,49.51,49.51,49.51,49.51,49.51,49.45,49.40,49.35,49.23,49.08,48.97,48.87,48.72,48.59,48.47,48.40,48.39,48.36
83.36,82.91,82.44,82.02,81.73,81.56,81.35,81.12,80.88,80.64,80.35,80.17,80.06,79.92,79.82,79.75,79.76,79.94,80.25,80.67,81.10,81.36,81.05,80.67,80.27,79.77,79.11,78.65,78.51,78.77,79.43,79.98,80.27,80.46,80.58,80.63,80.69,80.75,80.56,79.90,79.67,79.48,79.31,79.12,78.83,78.58,78.35,78.13,77.96,77.67,77.36,77.06,76.76,76.50,76.06,75.83,75.88,75.90,75.90,75.94,75.98,75.98,75.98,75.99,75.99,76.02,76.16,76.32,76.47,76.63,76.76,76.78,76.78,76.78,76.77,76.71,76.76,76.87,77.03,77.18,77.34,77.49,77.64,77.78,77.87,77.94,78.02,78.10,78.18,78.25,78.29,78.25,78.09,77.88,77.64,77.41,77.18,76.95,76.72,76.48,76.25,76.02,75.79,75.56,75.33,75.09,74.87,74.75,74.66,74.56,74.42,74.33,74.26,74.20,74.19,74.19,74.19,74.22,74.28,74.29,74.29,74.29,74.30,74.37,74.38,74.38,74.39,74.40,74.46,74.48,74.46,74.40,74.39,74.40,74.40,74.39,74.37,74.18,74.00,73.81,73.57,73.35,73.17,72.98,72.75,72.53,72.37,72.25,72.14,71.98,71.83,71.67,71.52,71.37,71.22,71.06,70.90,70.74,70.58,70.36,70.15,69.86,69.47,68.95,68.61,68.52,68.72,69.26,69.72,70.12,70.51,70.91,71.36,71.82,72.28,72.67,72.73,72.49,72.19,71.88,71.57,71.26,70.93,70.65,70.28,69.08,65.30,61.57,59.36,58.51,57.74,56.97,56.22,55.56,55.30,55.40,55.81,56.54,57.25,57.92,58.42,58.77,59.16,59.56,60.31,61.44,62.92,64.47,65.95,67.27,68.27,68.82,69.23,69.55,69.79,69.87,69.83,69.78,69.80,69.91,69.82,69.62,68.59,66.69,64.58,62.41,60.85,59.88,59.24,58.53,56.84,54.76,52.65,50.48,49.45,49.15,49.21,49.29,49.36,49.39,49.39,49.39,49.39,49.34,49.26,49.18,49.09,48.95,48.84,48.75,48.63,48.54,48.46,48.41,48.38,48.32
83.43,82.97,82.51,82.10,81.85,81.69,81.48,81.23,80.94,80.66,80.36,80.16,80.06,79.91,79.73,79.68,79.75,79.94,80.27,80.67,80.96,81.02,80.76,80.44,79.96,79.31,78.57,78.29,78.19,78.29,78.69,79.30,79.86,80.20,80.29,80.17,80.08,80.03,79.87,79.49,79.35,79.21,79.03,78.82,78.56,78.29,78.00,77.75,77.58,77.29,76.98,76.67,76.37,76.08,75.80,75.67,75.70,75.75,75.76,75.78,75.80,75.80,75.80,75.83,75.86,75.89,76.04,76.19,76.35,76.48,76.58,76.59,76.59,76.58,76.53,76.56,76.67,76.80,76.96,77.11,77.27,77.42,77.56,77.66,77.74,77.82,77.90,77.97,78.05,78.13,78.16,78.14,78.02,77.81,77.58,77.35,77.11,76.89,76.66,76.42,76.19,75.96,75.72,75.50,75.26,75.03,74.85,74.71,74.58,74.45,74.35,74.27,74.19,74.12,74.07,74.06,74.10,74.14,74.16,74.16,74.16,74.16,74.17,74.19,74.19,74.22,74.26,74.26,74.29,74.33,74.33,74.27,74.26,74.26,74.26,74.26,74.25,74.09,73.90,73.68,73.46,73.27,73.07,72.86,72.63,72.46,72.30,72.16,72.02,71.86,71.71,71.56,71.40,71.25,71.09,70.94,70.78,70.63,70.47,70.30,70.12,69.92,69.67,69.26,69.07,69.06,69.17,69.46,69.72,70.08,70.52,70.96,71.42,71.89,72.37,72.85,73.12,72.94,72.65,72.38,72.07,71.72,71.32,70.91,70.34,69.00,65.06,61.34,59.30,58.50,57.74,57.00,56.35,55.93,55.73,55.66,55.85,56.44,57.11,57.69,58.14,58.52,58.95,59.34,59.92,60.87,62.40,63.99,65.63,67.19,68.52,69.37,69.75,69.97,70.09,70.13,70.19,70.20,70.23,70.31,70.38,70.29,69.82,69.03,68.17,66.91,64.88,62.70,61.19,59.79,58.26,56.57,54.49,51.57,49.90,49.20,49.08,49.16,49.24,49.26,49.26,49.26,49.26,49.24,49.17,49.05,48.97,48.82,48.71,48.66,48.65,48.59,48.52,48.45,48.39,48.31
83.50,83.03,82.58,82.20,81.98,81.79,81.56,81.28,80.97,80.66,80.33,80.13,80.03,79.85,79.62,79.61,79.75,79.94,80.27,80.58,80.74,80.69,80.46,80.05,79.47,78.82,78.28,78.13,78.05,78.03,78.19,78.70,79.40,79.86,79.95,79.76,79.60,79.49,79.38,79.20,79.07,78.93,78.75,78.53,78.28,77.98,77.68,77.42,77.20,76.93,76.64,76.33,76.06,75.82,75.67,75.59,75.57,75.60,75.61,75.61,75.61,75.63,75.63,75.67,75.71,75.77,75.91,76.06,76.21,76.32,76.39,76.41,76.41,76.38,76.33,76.41,76.56,76.71,76.86,77.02,77.17,77.33,77.46,77.54,77.61,77.69,77.77,77.84,77.92,78.00,78.03,78.02,77.95,77.75,77.52,77.28,77.05,76.82,76.59,76.36,76.13,75.89,75.66,75.43,75.20,74.97,74.82,74.66,74.51,74.36,74.28,74.20,74.11,74.03,73.97,73.94,73.99,74.03,74.03,74.01,74.00,74.01,74.03,74.03,74.03,74.07,74.11,74.13,74.13,74.17,74.18,74.13,74.11,74.13,74.13,74.13,74.12,73.99,73.80,73.59,73.36,73.18,72.98,72.76,72.55,72.39,72.23,72.08,71.92,71.77,71.61,71.46,71.30,71.15,70.99,70.84,70.69,70.54,70.38,70.25,70.12,69.99,69.84,69.62,69.56,69.60,69.72,69.90,70.06,70.31,70.68,71.12,71.58,72.05,72.53,73.03,73.43,73.36,73.14,72.89,72.57,72.09,71.53,70.96,70.23,68.56,64.61,61.08,59.27,58.50,57.76,57.10,56.59,56.34,56.17,56.02,56.03,56.35,56.94,57.46,57.91,58.33,58.76,59.18,59.65,60.48,62.00,63.61,65.28,66.94,68.48,69.64,70.06,70.21,70.27,70.30,70.37,70.41,70.46,70.52,70.53,70.43,70.30,70.18,70.06,69.56,68.00,65.95,64.15,62.09,60.38,58.67,56.45,53.01,50.55,49.37,49.09,49.05,49.11,49.13,49.13,49.13,49.13,49.13,49.07,48.95,48.84,48.74,48.71,48.74,48.78,48.72,48.64,48.56,48.48,48.41
83.53,83.09,82.67,82.33,82.09,81.86,81.59,81.28,80.97,80.66,80.30,80.07,79.95,79.72,79.50,79.54,79.73,79.92,80.21,80.37,80.41,80.34,80.08,79.48,78.84,78.36,78.21,78.13,78.05,77.98,77.97,78.22,78.91,79.44,79.59,79.44,79.28,79.17,79.09,78.98,78.79,78.61,78.45,78.27,77.97,77.67,77.39,77.14,76.85,76.60,76.33,76.05,75.84,75.73,75.64,75.56,75.50,75.44,75.42,75.42,75.44,75.50,75.50,75.51,75.54,75.63,75.78,75.93,76.05,76.13,76.20,76.21,76.22,76.19,76.15,76.27,76.43,76.58,76.74,76.89,77.05,77.20,77.33,77.41,77.49,77.56,77.64,77.72,77.79,77.87,77.91,77.91,77.88,77.69,77.45,77.22,76.99,76.76,76.53,76.30,76.07,75.83,75.60,75.37,75.14,74.92,74.75,74.60,74.45,74.30,74.22,74.14,74.03,73.92,73.90,73.84,73.86,73.91,73.89,73.84,73.82,73.85,73.90,73.91,73.91,73.91,73.94,74.00,74.01,74.02,74.02,74.00,73.94,73.97,74.00,74.01,74.00,73.87,73.71,73.52,73.29,73.07,72.89,72.70,72.48,72.33,72.17,72.02,71.86,71.71,71.55,71.40,71.24,71.09,70.93,70.78,70.63,70.48,70.33,70.23,70.14,70.06,70.00,70.03,70.03,70.11,70.27,70.49,70.67,70.82,71.03,71.41,71.84,72.30,72.77,73.23,73.68,73.77,73.65,73.41,73.06,72.40,71.62,70.90,70.09,67.99,64.16,60.90,59.27,58.51,57.81,57.28,56.94,56.77,56.62,56.46,56.33,56.34,56.75,57.26,57.75,58.20,58.60,59.04,59.51,60.27,61.70,63.30,64.98,66.65,68.25,69.69,70.17,70.33,70.41,70.48,70.56,70.64,70.70,70.74,70.63,70.54,70.46,70.38,70.29,70.15,69.85,69.19,67.74,65.27,63.06,60.94,58.42,54.82,51.54,49.77,49.25,49.00,49.01,49.02,49.01,49.01,49.01,49.01,48.97,48.88,48.77,48.73,48.84,48.98,48.97,48.91,48.83,48.75,48.68,48.60
83.46,83.12,82.77,82.44,82.17,81.89,81.59,81.28,80.97,80.61,80.27,80.04,79.86,79.52,79.38,79.40,79.54,79.79,80.05,80.14,80.04,79.73,79.29,78.91,78.55,78.28,78.20,78.13,78.02,77.92,77.86,77.91,78.47,79.01,79.25,79.07,78.95,78.86,78.78,78.69,78.51,78.32,78.14,77.96,77.70,77.40,77.11,76.84,76.57,76.30,76.09,75.93,75.80,75.72,75.64,75.56,75.48,75.41,75.36,75.31,75.29,75.32,75.33,75.33,75.38,75.50,75.61,75.75,75.87,75.93,75.96,76.01,76.03,76.01,76.01,76.15,76.30,76.46,76.61,76.77,76.96,77.13,77.25,77.29,77.36,77.44,77.52,77.59,77.67,77.75,77.78,77.79,77.81,77.62,77.39,77.16,76.92,76.70,76.50,76.29,76.05,75.77,75.53,75.30,75.09,74.90,74.75,74.59,74.44,74.29,74.16,74.08,73.98,73.89,73.84,73.77,73.73,73.72,73.72,73.69,73.68,73.69,73.73,73.77,73.78,73.78,73.79,73.83,73.87,73.88,73.88,73.87,73.80,73.81,73.85,73.88,73.87,73.78,73.61,73.40,73.18,72.99,72.79,72.59,72.42,72.26,72.11,71.95,71.80,71.65,71.49,71.34,71.18,71.03,70.87,70.72,70.58,70.47,70.36,70.25,70.12,70.06,70.13,70.25,70.28,70.35,70.54,70.85,71.15,71.42,71.68,71.92,72.16,72.55,73.02,73.47,73.89,74.20,74.21,73.98,73.67,72.98,72.16,71.35,70.43,68.46,64.71,61.31,59.38,58.57,57.94,57.54,57.31,57.16,57.05,56.91,56.75,56.65,56.77,57.16,57.64,58.13,58.56,58.98,59.43,60.16,61.51,63.14,64.79,66.49,68.21,69.70,70.19,70.39,70.55,70.67,70.75,70.83,70.87,70.85,70.79,70.72,70.66,70.61,70.49,70.41,70.33,70.08,69.21,67.12,64.68,62.38,60.20,57.44,54.08,51.37,49.72,49.30,49.11,48.97,48.88,48.88,48.88,48.88,48.87,48.87,48.97,48.95,49.05,49.18,49.17,49.10,49.02,48.95,48.87,48.79
83.29,83.06,82.79,82.52,82.21,81.88,81.57,81.26,80.94,80.58,80.25,80.00,79.74,79.35,79.26,79.25,79.33,79.54,79.71,79.74,79.57,79.19,78.73,78.56,78.44,78.30,78.20,78.11,77.99,77.87,77.79,77.71,78.08,78.58,78.91,78.72,78.62,78.54,78.47,78.40,78.25,78.04,77.84,77.67,77.44,77.15,76.84,76.56,76.36,76.11,75.97,75.89,75.79,75.72,75.64,75.56,75.48,75.41,75.33,75.24,75.17,75.16,75.16,75.16,75.22,75.34,75.44,75.58,75.69,75.73,75.74,75.81,75.84,75.84,75.88,76.02,76.18,76.34,76.50,76.67,76.87,77.05,77.16,77.16,77.23,77.31,77.39,77.47,77.54,77.60,77.64,77.67,77.72,77.55,77.33,77.09,76.86,76.63,76.44,76.25,76.02,75.74,75.50,75.26,75.05,74.88,74.73,74.57,74.42,74.28,74.15,74.06,73.98,73.91,73.83,73.73,73.65,73.59,73.56,73.55,73.55,73.55,73.57,73.62,73.65,73.66,73.66,73.66,73.72,73.74,73.75,73.74,73.67,73.66,73.69,73.73,73.74,73.68,73.51,73.28,73.08,72.90,72.69,72.51,72.36,72.20,72.05,71.89,71.73,71.58,71.42,71.27,71.11,70.97,70.83,70.69,70.57,70.48,70.38,70.23,70.09,70.06,70.25,70.44,70.47,70.54,70.74,71.11,71.50,71.89,72.22,72.42,72.58,72.92,73.33,73.71,74.11,74.56,74.72,74.57,74.30,73.62,72.80,71.93,70.91,69.27,65.72,62.08,59.58,58.73,58.19,57.89,57.74,57.61,57.51,57.38,57.22,57.07,56.97,57.19,57.60,58.09,58.53,58.95,59.39,60.08,61.34,63.00,64.68,66.41,68.19,69.70,70.19,70.42,70.61,70.75,70.86,70.98,71.02,70.97,70.97,70.91,70.86,70.83,70.69,70.60,70.52,70.39,69.94,68.34,65.88,63.57,61.76,59.79,56.86,53.71,51.11,50.14,49.48,49.11,48.96,48.97,49.00,49.06,49.09,49.14,49.33,49.30,49.31,49.39,49.38,49.31,49.23,49.15,49.05,48.96
82.98,82.82,82.68,82.51,82.20,81.84,81.50,81.19,80.89,80.56,80.25,79.92,79.58,79.27,79.16,79.13,79.12,79.10,79.07,79.02,78.95,78.88,78.78,78.65,78.50,78.35,78.21,78.06,77.96,77.87,77.78,77.65,77.79,78.17,78.53,78.39,78.30,78.22,78.17,78.14,78.00,77.79,77.59,77.42,77.19,76.90,76.59,76.33,76.23,76.13,76.03,75.93,75.80,75.72,75.64,75.56,75.49,75.41,75.33,75.22,75.10,75.04,75.03,75.03,75.07,75.17,75.31,75.46,75.53,75.55,75.55,75.62,75.64,75.67,75.75,75.89,76.05,76.23,76.44,76.60,76.76,76.92,77.03,77.04,77.11,77.18,77.26,77.34,77.41,77.44,77.48,77.55,77.60,77.47,77.27,77.03,76.80,76.57,76.34,76.15,75.97,75.73,75.50,75.26,75.03,74.82,74.66,74.51,74.38,74.29,74.20,74.13,74.05,73.97,73.88,73.75,73.65,73.55,73.44,73.43,73.43,73.43,73.43,73.45,73.50,73.53,73.53,73.53,73.54,73.59,73.63,73.61,73.55,73.53,73.54,73.56,73.61,73.56,73.38,73.17,73.00,72.78,72.60,72.45,72.29,72.14,71.98,71.83,71.67,71.52,71.36,71.21,71.05,70.91,70.81,70.73,70.61,70.47,70.32,70.17,70.06,70.09,70.38,70.67,70.70,70.73,70.93,71.30,71.69,72.08,72.45,72.80,73.14,73.48,73.74,73.93,74.35,74.81,75.13,75.20,74.93,74.25,73.43,72.51,71.45,70.32,67.18,63.27,59.92,59.05,58.64,58.40,58.26,58.17,58.03,57.88,57.73,57.56,57.36,57.41,57.67,58.09,58.48,58.93,59.39,60.04,61.17,62.86,64.66,66.44,68.13,69.69,70.19,70.39,70.54,70.64,70.83,71.04,71.17,71.16,71.16,71.09,71.06,71.02,70.88,70.79,70.71,70.56,70.13,68.91,66.72,64.60,62.99,61.31,59.44,56.92,54.08,51.86,50.31,49.63,49.43,49.44,49.56,49.78,49.92,49.91,49.89,49.76,49.68,49.65,49.63,49.56,49.48,49.38,49.24,49.09
82.62,82.47,82.37,82.25,82.05,81.79,81.47,81.13,80.82,80.52,80.20,79.88,79.55,79.33,79.23,79.15,79.10,79.09,79.02,78.94,78.90,78.89,78.85,78.71,78.57,78.41,78.26,78.10,77.97,77.86,77.74,77.63,77.63,77.88,78.21,78.08,77.98,77.93,77.89,77.84,77.73,77.56,77.37,77.17,76.94,76.68,76.44,76.28,76.20,76.13,76.05,75.96,75.85,75.77,75.69,75.61,75.53,75.41,75.33,75.21,75.08,75.00,74.96,74.92,74.94,75.02,75.13,75.25,75.32,75.35,75.36,75.43,75.48,75.55,75.67,75.81,75.97,76.14,76.34,76.53,76.69,76.82,76.90,76.91,76.98,77.06,77.14,77.21,77.28,77.30,77.34,77.42,77.48,77.39,77.20,76.97,76.73,76.50,76.27,76.06,75.86,75.63,75.43,75.22,74.98,74.76,74.63,74.52,74.41,74.34,74.27,74.19,74.10,74.02,73.90,73.75,73.63,73.49,73.36,73.27,73.28,73.30,73.30,73.30,73.34,73.38,73.40,73.40,73.40,73.43,73.47,73.48,73.42,73.40,73.40,73.42,73.49,73.47,73.30,73.09,72.89,72.70,72.54,72.38,72.23,72.07,71.92,71.76,71.61,71.46,71.30,71.17,71.04,70.89,70.77,70.69,70.57,70.42,70.27,70.11,70.07,70.20,70.51,70.82,70.87,70.90,71.07,71.44,71.83,72.22,72.62,73.04,73.42,73.78,74.09,74.35,74.76,75.09,75.42,75.66,75.50,74.83,73.97,73.00,71.97,70.95,68.82,65.53,61.74,59.76,59.09,58.90,58.81,58.69,58.51,58.34,58.17,57.96,57.70,57.62,57.79,58.18,58.57,58.98,59.41,60.09,61.38,62.92,64.65,66.38,68.04,69.63,70.15,70.33,70.49,70.65,70.87,71.11,71.28,71.34,71.34,71.28,71.25,71.21,71.07,70.98,70.85,70.65,70.27,69.48,67.67,65.74,64.14,62.63,61.15,59.39,57.34,55.13,53.22,52.32,51.70,50.91,50.83,50.98,51.01,50.88,50.78,50.58,50.37,50.13,49.83,49.72,49.62,49.47,49.28,49.13
82.26,82.11,81.99,81.91,81.81,81.69,81.41,81.08,80.77,80.45,80.15,79.85,79.59,79.44,79.34,79.22,79.15,79.21,79.15,79.07,79.03,79.01,78.92,78.78,78.63,78.47,78.32,78.17,78.01,77.86,77.73,77.63,77.55,77.66,77.88,77.75,77.68,77.64,77.61,77.53,77.47,77.34,77.15,76.92,76.71,76.50,76.36,76.28,76.20,76.13,76.05,75.97,75.89,75.81,75.74,75.66,75.56,75.42,75.33,75.22,75.09,75.00,74.92,74.85,74.83,74.90,74.97,75.03,75.11,75.16,75.17,75.23,75.32,75.43,75.59,75.74,75.90,76.06,76.23,76.45,76.61,76.72,76.78,76.78,76.85,76.93,77.01,77.09,77.16,77.17,77.22,77.29,77.35,77.31,77.14,76.91,76.67,76.44,76.21,75.98,75.75,75.53,75.36,75.15,74.92,74.73,74.64,74.56,74.49,74.41,74.33,74.25,74.17,74.07,73.91,73.75,73.60,73.45,73.29,73.13,73.14,73.17,73.17,73.17,73.17,73.21,73.26,73.26,73.27,73.28,73.30,73.34,73.29,73.27,73.27,73.29,73.35,73.37,73.22,73.00,72.78,72.61,72.46,72.30,72.15,71.99,71.84,71.69,71.55,71.40,71.25,71.14,71.03,70.87,70.72,70.63,70.51,70.36,70.20,70.05,70.11,70.33,70.64,70.95,71.04,71.08,71.22,71.59,71.97,72.36,72.76,73.21,73.60,73.99,74.37,74.76,75.15,75.39,75.71,76.06,76.05,75.41,74.49,73.49,72.51,71.52,70.35,67.96,64.27,61.21,60.21,59.85,59.56,59.21,58.96,58.77,58.57,58.32,58.04,57.85,57.94,58.30,58.68,59.05,59.44,60.30,62.10,63.49,64.94,66.43,67.97,69.56,70.09,70.30,70.49,70.72,70.95,71.18,71.39,71.53,71.54,71.49,71.45,71.41,71.26,71.16,70.98,70.72,70.39,69.95,68.57,66.87,65.27,63.88,62.56,61.45,60.29,58.53,56.61,55.46,54.30,52.69,52.36,52.34,52.20,51.92,51.81,51.54,51.22,50.77,50.11,49.87,49.70,49.50,49.28,49.13
81.93,81.79,81.64,81.53,81.45,81.41,81.29,81.08,80.76,80.40,80.13,79.87,79.66,79.56,79.43,79.32,79.28,79.33,79.27,79.19,79.15,79.12,79.00,78.84,78.69,78.54,78.38,78.23,78.07,77.94,77.84,77.71,77.57,77.52,77.52,77.44,77.40,77.36,77.30,77.23,77.20,77.09,76.89,76.69,76.57,76.45,76.36,76.28,76.20,76.13,76.05,75.97,75.89,75.82,75.74,75.66,75.56,75.42,75.33,75.24,75.13,75.00,74.92,74.84,74.81,74.83,74.84,74.86,74.92,74.97,74.98,75.05,75.16,75.30,75.46,75.61,75.81,76.00,76.16,76.33,76.49,76.59,76.65,76.66,76.72,76.80,76.88,76.96,77.03,77.05,77.09,77.17,77.23,77.23,77.08,76.84,76.61,76.38,76.14,75.91,75.70,75.52,75.31,75.09,74.89,74.78,74.70,74.66,74.60,74.47,74.39,74.31,74.23,74.12,73.92,73.75,73.60,73.44,73.28,73.08,72.99,73.00,73.05,73.05,73.05,73.06,73.07,73.08,73.13,73.15,73.16,73.17,73.15,73.10,73.10,73.15,73.17,73.22,73.10,72.89,72.71,72.50,72.33,72.18,72.02,71.87,71.71,71.59,71.50,71.39,71.25,71.11,70.97,70.81,70.66,70.56,70.45,70.29,70.14,70.03,70.17,70.45,70.77,71.07,71.24,71.31,71.41,71.78,72.16,72.55,72.94,73.34,73.73,74.12,74.50,74.90,75.34,75.69,76.06,76.44,76.64,76.00,75.06,74.09,73.20,72.26,71.27,69.84,67.66,64.76,63.47,62.31,60.94,59.78,59.41,59.15,58.87,58.60,58.39,58.19,58.18,58.42,58.74,59.07,59.44,60.89,64.22,65.55,66.21,66.94,68.03,69.52,70.07,70.35,70.61,70.84,71.07,71.31,71.53,71.71,71.73,71.71,71.67,71.59,71.44,71.30,71.08,70.78,70.47,70.12,69.19,67.91,66.47,65.14,63.91,62.86,61.88,60.70,59.30,57.76,56.06,54.44,53.98,53.77,53.46,53.05,52.90,52.62,52.23,51.65,50.76,50.06,49.72,49.50,49.28,49.13
81.57,81.44,81.28,81.15,81.07,81.06,81.03,80.90,80.61,80.32,80.08,79.88,79.72,79.61,79.49,79.39,79.37,79.43,79.42,79.36,79.31,79.25,79.10,78.95,78.79,78.64,78.48,78.33,78.19,78.08,77.96,77.81,77.66,77.51,77.38,77.28,77.23,77.18,77.10,77.03,76.99,76.89,76.75,76.59,76.51,76.44,76.36,76.28,76.20,76.13,76.05,75.97,75.89,75.82,75.74,75.66,75.56,75.42,75.33,75.25,75.16,75.04,74.96,74.89,74.81,74.76,74.73,74.75,74.78,74.81,74.79,74.83,74.98,75.19,75.37,75.52,75.72,75.91,76.09,76.24,76.37,76.47,76.52,76.53,76.60,76.68,76.75,76.83,76.91,76.92,76.96,77.04,77.11,77.15,77.01,76.78,76.55,76.31,76.08,75.87,75.67,75.52,75.29,75.10,74.94,74.84,74.77,74.74,74.68,74.54,74.45,74.38,74.27,74.11,73.92,73.75,73.58,73.41,73.25,73.05,72.92,72.87,72.89,72.92,72.92,72.92,72.92,72.93,72.97,73.00,73.02,73.02,73.02,72.96,72.96,73.02,73.03,73.06,72.97,72.80,72.61,72.41,72.24,72.09,71.94,71.81,71.66,71.54,71.44,71.36,71.21,71.05,70.90,70.74,70.59,70.49,70.38,70.23,70.09,70.07,70.27,70.58,70.89,71.20,71.42,71.52,71.59,71.93,72.34,72.74,73.12,73.51,73.89,74.28,74.67,75.06,75.49,75.89,76.28,76.67,77.02,76.78,76.04,75.10,74.22,73.32,72.40,71.39,70.07,68.07,67.08,65.96,64.23,61.86,60.16,59.45,59.15,58.89,58.73,58.56,58.54,58.69,58.94,59.18,59.48,61.38,66.07,67.88,68.32,68.58,69.13,69.95,70.25,70.45,70.70,70.93,71.16,71.39,71.64,71.86,71.91,71.92,71.88,71.78,71.63,71.42,71.15,70.85,70.57,70.30,69.75,68.88,67.70,66.44,65.28,64.21,63.18,62.12,60.94,59.47,57.78,56.15,55.55,55.17,54.74,54.27,53.96,53.63,53.03,52.16,51.09,50.16,49.73,49.52,49.32,49.13
81.19,81.05,80.90,80.77,80.69,80.67,80.66,80.56,80.36,80.19,79.99,79.84,79.74,79.61,79.52,79.45,79.44,79.51,79.58,79.55,79.47,79.38,79.24,79.08,78.93,78.77,78.62,78.47,78.36,78.24,78.09,77.94,77.78,77.59,77.39,77.25,77.16,77.08,77.00,76.92,76.85,76.77,76.69,76.60,76.52,76.44,76.37,76.29,76.20,76.13,76.05,75.97,75.89,75.82,75.74,75.66,75.57,75.43,75.34,75.26,75.18,75.10,75.02,74.94,74.84,74.72,74.64,74.67,74.70,74.69,74.62,74.63,74.82,75.08,75.30,75.46,75.62,75.81,76.01,76.17,76.26,76.34,76.40,76.41,76.47,76.55,76.63,76.71,76.78,76.80,76.84,76.91,76.99,77.06,76.94,76.72,76.48,76.26,76.03,75.84,75.68,75.53,75.31,75.17,75.06,74.92,74.84,74.81,74.74,74.60,74.52,74.43,74.27,74.07,73.91,73.75,73.55,73.35,73.19,73.04,72.88,72.76,72.72,72.77,72.78,72.79,72.80,72.80,72.80,72.84,72.89,72.90,72.89,72.83,72.83,72.89,72.90,72.90,72.84,72.71,72.50,72.34,72.19,72.03,71.89,71.80,71.66,71.50,71.38,71.29,71.15,70.99,70.84,70.68,70.53,70.44,70.32,70.17,70.05,70.16,70.41,70.71,71.02,71.33,71.58,71.71,71.77,72.08,72.50,72.92,73.31,73.69,74.08,74.46,74.85,75.24,75.64,76.03,76.41,76.81,77.27,77.60,77.21,76.35,75.44,74.57,73.66,72.75,71.84,70.96,70.54,69.88,68.27,64.81,61.36,59.90,59.48,59.22,59.06,58.95,58.95,59.04,59.21,59.37,59.61,61.86,67.66,70.16,70.70,70.72,70.74,70.70,70.64,70.69,70.83,71.03,71.24,71.47,71.72,71.98,72.09,72.11,72.07,71.97,71.80,71.52,71.22,70.95,70.72,70.49,70.23,69.74,68.89,67.73,66.61,65.48,64.32,63.11,61.93,60.78,59.41,57.81,57.08,56.53,56.03,55.53,55.00,54.55,53.66,52.47,51.27,50.24,49.78,49.56,49.39,49.17
80.76,80.65,80.52,80.38,80.30,80.20,80.14,80.08,80.00,79.89,79.77,79.66,79.59,79.54,79.51,79.52,79.56,79.63,79.71,79.71,79.64,79.52,79.41,79.27,79.11,78.96,78.80,78.65,78.51,78.37,78.22,78.06,77.87,77.68,77.50,77.35,77.26,77.19,77.09,76.97,76.89,76.81,76.73,76.66,76.58,76.50,76.42,76.33,76.21,76.13,76.05,75.97,75.89,75.82,75.74,75.66,75.58,75.48,75.39,75.32,75.24,75.16,75.03,74.98,74.92,74.81,74.69,74.65,74.64,74.61,74.56,74.63,74.80,75.02,75.24,75.40,75.55,75.72,75.90,76.05,76.14,76.21,76.27,76.28,76.34,76.42,76.50,76.58,76.65,76.67,76.71,76.79,76.86,76.94,76.85,76.65,76.43,76.24,76.06,75.89,75.74,75.58,75.41,75.29,75.19,75.04,74.96,74.90,74.81,74.66,74.58,74.42,74.24,74.06,73.91,73.71,73.52,73.34,73.19,73.04,72.84,72.67,72.58,72.59,72.60,72.63,72.67,72.67,72.67,72.69,72.72,72.75,72.71,72.68,72.68,72.71,72.76,72.77,72.72,72.61,72.43,72.27,72.16,72.03,71.88,71.75,71.60,71.45,71.31,71.22,71.08,70.92,70.78,70.62,70.47,70.38,70.26,70.12,70.10,70.30,70.56,70.84,71.15,71.45,71.74,71.90,71.96,72.26,72.65,73.05,73.44,73.83,74.21,74.59,75.00,75.43,75.82,76.21,76.59,77.01,77.51,77.97,78.03,77.62,76.69,75.79,74.91,74.12,73.45,72.80,72.36,71.62,70.22,67.55,63.81,61.37,60.09,59.61,59.43,59.34,59.31,59.36,59.52,59.67,60.06,62.64,68.87,71.45,71.98,71.94,71.83,71.68,71.51,71.40,71.34,71.29,71.39,71.59,71.83,72.07,72.26,72.30,72.26,72.14,71.89,71.59,71.34,71.14,70.96,70.78,70.56,70.23,69.70,68.92,67.78,66.56,65.34,64.12,62.90,61.78,60.61,59.39,58.48,57.86,57.32,56.72,56.02,55.20,54.15,52.95,51.74,50.66,50.05,49.73,49.56,49.34
80.34,80.25,80.15,80.03,79.95,79.85,79.76,79.70,79.68,79.65,79.60,79.55,79.54,79.56,79.58,79.64,79.72,79.79,79.87,79.87,79.79,79.65,79.57,79.43,79.27,79.13,78.99,78.84,78.67,78.50,78.34,78.17,77.96,77.77,77.60,77.48,77.39,77.31,77.22,77.09,77.01,76.92,76.82,76.75,76.67,76.59,76.52,76.42,76.30,76.19,76.11,76.02,75.92,75.82,75.74,75.67,75.61,75.53,75.46,75.37,75.28,75.19,75.07,75.01,74.97,74.90,74.76,74.66,74.60,74.56,74.52,74.65,74.80,74.98,75.18,75.33,75.49,75.64,75.80,75.92,76.01,76.09,76.14,76.15,76.22,76.30,76.37,76.45,76.50,76.53,76.58,76.66,76.72,76.81,76.75,76.61,76.43,76.27,76.11,75.97,75.83,75.68,75.52,75.41,75.31,75.17,75.06,74.97,74.85,74.69,74.58,74.40,74.22,74.06,73.88,73.67,73.50,73.34,73.19,73.01,72.81,72.63,72.50,72.45,72.44,72.47,72.52,72.54,72.54,72.54,72.56,72.60,72.55,72.54,72.54,72.56,72.63,72.64,72.60,72.52,72.36,72.21,72.11,72.00,71.84,71.69,71.54,71.38,71.25,71.17,71.02,70.86,70.71,70.55,70.40,70.30,70.19,70.09,70.17,70.44,70.72,70.99,71.30,71.61,71.92,72.09,72.15,72.45,72.82,73.21,73.59,73.98,74.37,74.75,75.16,75.59,75.98,76.38,76.79,77.23,77.76,78.24,78.59,78.58,77.92,77.03,76.28,75.64,75.07,74.45,73.75,72.73,71.34,69.38,66.10,63.30,61.41,60.54,60.24,60.04,60.02,60.27,60.82,61.31,61.93,64.32,69.75,72.47,73.08,72.99,72.82,72.66,72.46,72.28,72.09,71.90,71.86,71.94,72.05,72.19,72.41,72.48,72.43,72.27,72.02,71.75,71.55,71.40,71.24,71.09,70.88,70.61,70.27,69.75,68.75,67.57,66.34,65.12,63.89,62.76,61.70,60.69,59.70,59.02,58.38,57.66,56.80,55.79,54.67,53.49,52.30,51.25,50.52,50.04,49.76,49.52
79.97,79.88,79.80,79.72,79.66,79.64,79.58,79.52,79.47,79.53,79.53,79.56,79.63,79.70,79.77,79.84,79.92,79.98,80.05,80.02,79.91,79.78,79.69,79.56,79.41,79.27,79.17,79.02,78.82,78.63,78.46,78.24,78.06,77.87,77.68,77.59,77.51,77.44,77.36,77.27,77.19,77.07,76.96,76.87,76.80,76.72,76.64,76.56,76.46,76.33,76.22,76.12,75.98,75.83,75.74,75.70,75.67,75.59,75.52,75.40,75.28,75.20,75.12,75.04,75.00,74.96,74.82,74.72,74.61,74.51,74.51,74.65,74.80,74.96,75.12,75.27,75.42,75.58,75.71,75.80,75.88,75.95,76.01,76.02,76.08,76.16,76.24,76.30,76.32,76.37,76.45,76.51,76.53,76.65,76.65,76.56,76.46,76.31,76.16,76.04,75.94,75.79,75.64,75.53,75.44,75.28,75.14,75.03,74.90,74.69,74.54,74.38,74.22,74.04,73.83,73.66,73.50,73.34,73.18,72.97,72.79,72.63,72.47,72.34,72.32,72.32,72.34,72.40,72.41,72.41,72.42,72.42,72.41,72.41,72.41,72.43,72.50,72.52,72.51,72.45,72.30,72.15,72.05,71.93,71.78,71.63,71.48,71.32,71.19,71.10,70.96,70.80,70.65,70.49,70.34,70.24,70.13,70.07,70.28,70.57,70.87,71.18,71.49,71.80,72.11,72.28,72.34,72.64,73.01,73.39,73.78,74.17,74.55,74.94,75.33,75.73,76.12,76.55,77.01,77.49,78.02,78.50,78.90,79.16,79.08,78.30,77.80,77.32,76.70,76.02,74.91,73.44,71.80,70.13,67.85,65.54,63.53,62.17,61.64,61.21,61.26,61.98,63.36,64.52,65.42,67.06,70.44,73.40,74.12,73.99,73.78,73.62,73.46,73.26,73.05,72.88,72.69,72.55,72.44,72.38,72.56,72.66,72.58,72.38,72.21,72.03,71.87,71.72,71.56,71.41,71.19,70.92,70.60,70.18,69.51,68.49,67.28,66.11,64.90,63.76,62.71,61.70,60.70,59.93,59.17,58.31,57.34,56.34,55.24,54.09,52.95,51.99,51.19,50.52,50.01,49.72
79.69,79.61,79.53,79.48,79.49,79.53,79.55,79.56,79.58,79.65,79.70,79.78,79.92,80.08,80.20,80.25,80.23,80.22,80.17,80.10,80.01,79.90,79.82,79.72,79.58,79.44,79.31,79.12,78.93,78.74,78.54,78.35,78.16,77.96,77.80,77.72,77.64,77.56,77.49,77.41,77.33,77.23,77.12,77.00,76.88,76.79,76.69,76.58,76.50,76.35,76.22,76.10,75.98,75.84,75.74,75.68,75.64,75.60,75.53,75.44,75.33,75.26,75.17,75.10,75.03,74.98,74.87,74.76,74.62,74.49,74.46,74.59,74.74,74.91,75.10,75.22,75.36,75.48,75.55,75.62,75.66,75.72,75.79,75.83,75.86,75.93,76.00,76.07,76.08,76.14,76.22,76.28,76.33,76.40,76.40,76.34,76.27,76.16,76.05,75.97,75.91,75.76,75.65,75.58,75.51,75.36,75.20,75.07,74.91,74.69,74.53,74.37,74.20,74.00,73.81,73.66,73.47,73.29,73.13,72.95,72.78,72.61,72.42,72.27,72.20,72.19,72.20,72.23,72.23,72.26,72.29,72.29,72.29,72.25,72.26,72.30,72.33,72.37,72.39,72.35,72.23,72.08,71.98,71.88,71.72,71.57,71.41,71.26,71.13,71.03,70.89,70.73,70.59,70.43,70.28,70.18,70.11,70.12,70.40,70.70,71.01,71.31,71.63,71.94,72.24,72.43,72.52,72.78,73.14,73.53,73.92,74.31,74.69,75.11,75.52,75.91,76.29,76.74,77.23,77.74,78.28,78.75,79.19,79.58,79.78,79.56,79.27,78.82,78.12,77.06,75.70,73.94,72.01,70.24,68.15,66.88,65.88,64.72,64.00,63.52,63.77,64.97,66.98,68.37,69.37,70.54,72.43,74.65,75.13,74.96,74.77,74.58,74.41,74.22,73.99,73.79,73.56,73.38,73.21,73.04,73.00,72.95,72.83,72.65,72.50,72.34,72.19,72.04,71.93,71.74,71.48,71.19,70.87,70.48,69.98,69.12,67.99,66.92,65.82,64.73,63.66,62.61,61.56,60.59,59.66,58.77,57.84,56.89,55.84,54.75,53.74,52.88,52.06,51.31,50.64,49.95
79.51,79.46,79.41,79.40,79.47,79.56,79.65,79.76,79.89,80.01,80.10,80.19,80.31,80.48,80.60,80.59,80.51,80.42,80.28,80.18,80.10,80.03,79.95,79.87,79.75,79.60,79.42,79.21,79.02,78.84,78.63,78.45,78.25,78.07,77.94,77.85,77.77,77.68,77.59,77.50,77.42,77.33,77.22,77.08,76.92,76.82,76.71,76.58,76.48,76.34,76.20,76.07,75.97,75.83,75.73,75.65,75.60,75.58,75.51,75.44,75.38,75.30,75.22,75.14,75.07,74.99,74.91,74.77,74.62,74.48,74.41,74.52,74.69,74.88,75.06,75.15,75.27,75.34,75.36,75.43,75.44,75.48,75.55,75.62,75.64,75.69,75.75,75.82,75.84,75.89,75.96,76.02,76.07,76.09,76.09,76.07,76.00,75.92,75.85,75.83,75.81,75.68,75.59,75.55,75.50,75.36,75.22,75.07,74.89,74.69,74.53,74.36,74.17,73.97,73.81,73.66,73.45,73.25,73.09,72.94,72.77,72.58,72.38,72.22,72.11,72.06,72.06,72.06,72.06,72.10,72.15,72.16,72.16,72.10,72.10,72.16,72.17,72.22,72.25,72.24,72.16,72.02,71.92,71.81,71.66,71.50,71.34,71.19,71.06,70.97,70.83,70.67,70.52,70.36,70.21,70.11,70.10,70.21,70.52,70.83,71.13,71.44,71.75,72.06,72.37,72.59,72.72,72.94,73.29,73.68,74.06,74.45,74.84,75.26,75.69,76.08,76.50,76.95,77.45,77.99,78.51,79.00,79.50,79.98,80.41,80.69,80.53,80.09,79.37,78.12,76.56,74.60,72.54,70.88,68.97,68.46,68.25,67.44,66.67,66.14,66.58,68.28,70.99,72.61,73.56,74.23,74.91,75.94,76.01,75.76,75.58,75.36,75.19,74.99,74.75,74.53,74.30,74.12,73.93,73.70,73.47,73.32,73.17,73.00,72.84,72.66,72.51,72.39,72.28,72.06,71.76,71.43,71.08,70.68,70.28,69.52,68.46,67.44,66.41,65.34,64.26,63.18,62.08,60.95,59.92,59.02,58.16,57.26,56.27,55.26,54.36,53.56,52.73,51.92,51.11,50.11
79.49,79.55,79.59,79.66,79.73,79.81,79.97,80.20,80.47,80.74,80.86,80.88,80.84,80.82,80.78,80.72,80.64,80.55,80.41,80.31,80.23,80.16,80.08,80.00,79.88,79.71,79.50,79.32,79.12,78.92,78.74,78.53,78.35,78.22,78.12,77.98,77.90,77.78,77.64,77.51,77.42,77.30,77.18,77.08,76.92,76.78,76.67,76.56,76.43,76.33,76.20,76.05,75.92,75.82,75.69,75.61,75.59,75.52,75.44,75.41,75.38,75.30,75.22,75.14,75.07,74.99,74.91,74.77,74.62,74.47,74.35,74.46,74.66,74.84,74.94,75.02,75.10,75.15,75.17,75.24,75.25,75.26,75.29,75.36,75.43,75.46,75.50,75.57,75.64,75.66,75.67,75.69,75.70,75.70,75.75,75.76,75.68,75.60,75.58,75.60,75.63,75.55,75.47,75.40,75.32,75.23,75.14,75.01,74.85,74.68,74.53,74.32,74.13,73.97,73.81,73.66,73.45,73.25,73.09,72.94,72.73,72.54,72.37,72.22,72.02,71.94,71.94,71.94,71.94,71.94,71.98,72.03,72.03,71.97,71.97,72.03,72.03,72.05,72.09,72.13,72.10,71.96,71.86,71.74,71.59,71.43,71.29,71.13,70.99,70.91,70.77,70.61,70.46,70.30,70.15,70.05,70.12,70.34,70.64,70.95,71.26,71.57,71.88,72.19,72.50,72.76,72.95,73.14,73.48,73.87,74.25,74.64,75.03,75.42,75.81,76.22,76.73,77.20,77.71,78.23,78.72,79.23,79.84,80.49,81.09,81.48,81.35,80.96,80.40,79.48,77.81,75.78,73.94,73.00,71.79,71.04,70.54,70.05,69.52,68.86,69.38,71.61,75.28,77.40,78.05,77.97,77.73,77.16,76.59,76.19,75.97,75.74,75.56,75.37,75.14,74.91,74.67,74.50,74.31,74.08,73.85,73.78,73.66,73.44,73.22,73.00,72.86,72.75,72.60,72.38,72.04,71.64,71.20,70.76,70.31,69.54,68.52,67.44,66.31,65.22,64.14,63.04,61.91,60.80,59.81,58.96,58.10,57.24,56.33,55.40,54.54,53.70,52.86,51.96,51.01,50.09
79.67,79.78,79.88,79.98,80.18,80.45,80.71,80.90,81.03,81.16,81.19,81.16,81.08,81.00,80.92,80.84,80.77,80.68,80.53,80.44,80.36,80.28,80.20,80.10,79.98,79.84,79.64,79.45,79.24,79.02,78.82,78.59,78.37,78.22,78.13,78.01,77.90,77.78,77.65,77.51,77.42,77.29,77.15,77.04,76.92,76.77,76.66,76.56,76.41,76.29,76.17,76.04,75.90,75.82,75.68,75.58,75.55,75.50,75.43,75.38,75.33,75.26,75.21,75.14,75.07,74.98,74.87,74.73,74.57,74.44,74.37,74.46,74.58,74.69,74.77,74.84,74.86,74.88,74.93,75.00,75.02,75.04,75.07,75.11,75.16,75.19,75.23,75.28,75.31,75.33,75.34,75.37,75.37,75.37,75.40,75.41,75.37,75.33,75.31,75.35,75.40,75.36,75.29,75.23,75.19,75.11,75.03,74.92,74.79,74.64,74.48,74.29,74.10,73.92,73.77,73.61,73.43,73.23,73.05,72.89,72.70,72.53,72.36,72.17,71.98,71.86,71.81,71.81,71.81,71.81,71.82,71.86,71.90,71.84,71.83,71.87,71.90,71.91,71.96,72.00,71.95,71.88,71.80,71.68,71.53,71.38,71.22,71.07,70.94,70.84,70.70,70.55,70.40,70.24,70.13,70.06,70.19,70.46,70.77,71.08,71.39,71.70,72.00,72.31,72.62,72.91,73.15,73.29,73.63,74.01,74.41,74.83,75.22,75.60,76.00,76.44,76.94,77.44,77.96,78.48,78.95,79.48,80.23,81.09,81.88,82.38,82.24,81.83,81.26,80.39,78.87,77.14,75.59,74.60,73.59,72.85,72.29,71.82,71.37,71.28,72.52,75.15,78.18,79.72,80.05,79.73,79.15,78.07,77.33,76.82,76.43,76.13,75.94,75.75,75.52,75.28,75.06,74.88,74.69,74.47,74.31,74.24,74.13,73.92,73.69,73.46,73.28,73.12,72.91,72.59,72.16,71.70,71.23,70.74,70.26,69.50,68.49,67.45,66.43,65.37,64.23,63.02,61.86,60.76,59.79,58.93,58.05,57.13,56.20,55.30,54.45,53.56,52.60,51.62,50.69,49.95
79.97,80.11,80.22,80.38,80.73,81.19,81.48,81.57,81.50,81.44,81.37,81.29,81.21,81.13,81.05,80.97,80.90,80.81,80.67,80.57,80.48,80.41,80.31,80.19,80.07,79.97,79.80,79.58,79.34,79.11,78.88,78.63,78.33,78.13,78.06,77.98,77.86,77.75,77.64,77.50,77.41,77.28,77.13,76.99,76.90,76.77,76.65,76.55,76.41,76.25,76.14,76.03,75.90,75.81,75.67,75.56,75.49,75.48,75.42,75.35,75.28,75.21,75.19,75.14,75.07,74.97,74.83,74.67,74.52,74.40,74.39,74.44,74.47,74.52,74.59,74.66,74.61,74.61,74.67,74.73,74.75,74.80,74.84,74.85,74.85,74.90,74.94,74.94,74.95,74.96,74.99,75.04,75.04,75.05,75.06,75.07,75.06,75.06,75.06,75.09,75.16,75.16,75.10,75.07,75.05,74.97,74.91,74.83,74.73,74.59,74.43,74.28,74.08,73.87,73.71,73.56,73.40,73.22,73.00,72.84,72.68,72.53,72.35,72.15,71.99,71.84,71.72,71.67,71.66,71.67,71.68,71.69,71.75,71.71,71.68,71.70,71.77,71.78,71.82,71.85,71.80,71.78,71.73,71.62,71.47,71.31,71.16,71.01,70.88,70.78,70.64,70.48,70.33,70.19,70.11,70.11,70.28,70.59,70.90,71.20,71.52,71.82,72.13,72.44,72.75,73.06,73.32,73.44,73.76,74.15,74.56,75.00,75.40,75.79,76.21,76.68,77.15,77.67,78.21,78.72,79.19,79.71,80.56,81.60,82.54,83.20,83.14,82.71,82.06,81.12,79.86,78.53,77.23,76.00,75.03,74.36,73.82,73.32,72.98,73.68,75.64,78.34,80.22,81.00,81.02,80.62,79.92,78.83,78.12,77.55,76.98,76.58,76.34,76.13,75.90,75.66,75.44,75.25,75.08,74.88,74.78,74.71,74.59,74.42,74.20,73.96,73.72,73.48,73.22,72.79,72.28,71.77,71.28,70.75,70.27,69.54,68.60,67.63,66.73,65.69,64.47,63.13,61.94,60.81,59.80,58.89,57.96,56.97,56.01,55.11,54.22,53.28,52.19,51.15,50.30,49.76
80.41,80.55,80.69,80.92,81.38,81.71,81.81,81.77,81.65,81.62,81.56,81.45,81.33,81.25,81.17,81.10,81.02,80.94,80.84,80.72,80.61,80.53,80.40,80.29,80.17,80.04,79.87,79.65,79.38,79.11,78.87,78.58,78.19,77.97,77.94,77.86,77.81,77.72,77.60,77.49,77.36,77.26,77.13,76.98,76.85,76.75,76.63,76.50,76.40,76.25,76.11,75.99,75.88,75.76,75.65,75.53,75.43,75.42,75.36,75.31,75.28,75.20,75.14,75.11,75.07,74.97,74.83,74.67,74.52,74.39,74.33,74.29,74.32,74.38,74.45,74.48,74.42,74.39,74.41,74.43,74.48,74.52,74.53,74.53,74.53,74.55,74.56,74.57,74.62,74.63,74.64,74.66,74.67,74.72,74.77,74.81,74.81,74.81,74.81,74.84,74.91,74.91,74.89,74.88,74.86,74.80,74.82,74.77,74.69,74.58,74.43,74.27,74.08,73.87,73.71,73.56,73.40,73.22,73.00,72.84,72.68,72.50,72.31,72.19,72.09,71.99,71.82,71.53,71.48,71.52,71.55,71.56,71.58,71.56,71.55,71.57,71.64,71.66,71.67,71.69,71.72,71.67,71.64,71.55,71.40,71.24,71.09,70.97,70.87,70.72,70.58,70.42,70.27,70.13,70.05,70.17,70.41,70.71,71.02,71.33,71.64,71.95,72.26,72.57,72.88,73.19,73.46,73.61,73.95,74.34,74.73,75.13,75.53,75.95,76.42,76.93,77.40,77.93,78.44,78.92,79.38,79.81,80.61,81.63,82.63,83.63,83.97,83.68,82.82,81.84,80.81,79.70,78.56,77.44,76.48,75.86,75.34,74.93,75.06,76.43,78.24,79.97,81.03,81.73,81.63,81.00,80.27,79.48,78.88,78.31,77.71,77.21,76.81,76.51,76.28,76.05,75.81,75.63,75.47,75.31,75.23,75.15,75.04,74.88,74.69,74.43,74.14,73.85,73.54,73.15,72.65,72.12,71.59,71.05,70.53,69.96,69.30,68.44,67.45,66.24,64.92,63.60,62.32,61.02,59.82,58.77,57.78,56.78,55.82,54.89,53.91,52.83,51.72,50.72,49.94,49.55
80.88,81.03,81.23,81.51,81.90,82.04,82.02,81.92,81.81,81.78,81.71,81.61,81.49,81.38,81.30,81.21,81.11,81.03,80.93,80.79,80.66,80.54,80.42,80.31,80.19,80.06,79.89,79.65,79.38,79.10,78.83,78.50,78.08,77.84,77.77,77.70,77.69,77.61,77.51,77.45,77.33,77.22,77.11,76.98,76.83,76.73,76.62,76.47,76.36,76.24,76.10,75.97,75.88,75.73,75.62,75.50,75.40,75.36,75.32,75.28,75.25,75.19,75.12,75.08,75.03,74.94,74.82,74.70,74.56,74.41,74.34,74.24,74.21,74.25,74.29,74.29,74.23,74.17,74.16,74.16,74.20,74.22,74.22,74.22,74.22,74.22,74.22,74.23,74.27,74.31,74.32,74.33,74.36,74.43,74.48,74.53,74.55,74.56,74.56,74.58,74.62,74.65,74.66,74.64,74.61,74.60,74.67,74.66,74.59,74.51,74.39,74.23,74.06,73.87,73.71,73.56,73.38,73.19,73.00,72.84,72.68,72.52,72.37,72.31,72.24,72.15,71.93,71.49,71.35,71.36,71.40,71.43,71.43,71.43,71.43,71.44,71.48,71.52,71.53,71.55,71.61,71.55,71.53,71.47,71.34,71.18,71.03,70.92,70.82,70.67,70.51,70.36,70.20,70.07,70.08,70.28,70.57,70.87,71.16,71.46,71.77,72.08,72.39,72.69,73.00,73.31,73.59,73.76,74.11,74.51,74.91,75.30,75.69,76.15,76.65,77.16,77.65,78.16,78.60,79.00,79.42,79.79,80.48,81.45,82.61,83.99,84.73,84.60,83.66,82.66,81.74,80.79,79.80,78.84,77.96,77.33,76.83,76.54,76.98,78.39,79.84,80.97,81.72,82.38,82.11,81.27,80.44,79.80,79.32,78.86,78.37,77.91,77.39,76.97,76.66,76.43,76.22,76.05,75.91,75.79,75.71,75.63,75.50,75.31,75.09,74.80,74.50,74.19,73.87,73.52,73.03,72.49,71.95,71.41,70.86,70.43,69.98,69.19,68.08,66.79,65.44,64.13,62.82,61.47,60.17,59.01,58.00,57.02,56.04,55.01,53.88,52.71,51.54,50.49,49.72,49.38
81.37,81.53,81.81,82.13,82.31,82.24,82.15,82.07,81.99,81.91,81.84,81.75,81.66,81.51,81.42,81.30,81.17,81.08,80.94,80.79,80.63,80.50,80.41,80.27,80.16,80.05,79.88,79.61,79.35,79.08,78.76,78.38,77.99,77.72,77.58,77.52,77.50,77.46,77.40,77.38,77.30,77.18,77.06,76.97,76.83,76.73,76.61,76.46,76.32,76.22,76.09,75.97,75.88,75.73,75.58,75.46,75.38,75.32,75.30,75.25,75.20,75.19,75.12,75.05,74.97,74.89,74.80,74.71,74.60,74.46,74.38,74.24,74.16,74.12,74.13,74.13,74.06,73.99,73.95,73.96,73.96,73.96,73.95,73.95,73.95,73.94,73.94,73.93,73.93,73.98,74.01,74.03,74.09,74.17,74.20,74.24,74.29,74.30,74.30,74.31,74.32,74.39,74.40,74.36,74.34,74.40,74.48,74.50,74.47,74.39,74.31,74.18,74.03,73.87,73.71,73.56,73.35,73.15,72.99,72.84,72.70,72.58,72.51,72.50,72.43,72.31,72.05,71.55,71.28,71.21,71.23,71.29,71.30,71.30,71.30,71.30,71.31,71.37,71.40,71.43,71.47,71.42,71.40,71.36,71.27,71.12,70.97,70.86,70.76,70.61,70.45,70.30,70.14,70.05,70.18,70.44,70.75,71.04,71.29,71.59,71.90,72.21,72.52,72.83,73.14,73.44,73.72,73.90,74.24,74.66,75.10,75.49,75.89,76.38,76.88,77.36,77.86,78.33,78.69,78.97,79.34,79.67,80.25,81.19,82.60,84.36,85.44,85.49,84.55,83.56,82.69,81.83,80.98,80.19,79.41,78.76,78.28,78.15,78.72,79.73,80.75,81.63,82.44,82.97,82.49,81.45,80.50,79.85,79.50,79.20,78.88,78.54,78.02,77.49,77.05,76.82,76.65,76.49,76.36,76.28,76.19,76.11,75.97,75.73,75.43,75.12,74.81,74.50,74.19,73.88,73.41,72.87,72.33,71.79,71.26,70.92,70.61,69.86,68.67,67.37,66.06,64.74,63.43,62.11,60.81,59.60,58.58,57.63,56.60,55.44,54.15,52.91,51.64,50.51,49.69,49.31
81.83,82.06,82.34,82.54,82.52,82.42,82.31,82.20,82.12,82.04,81.97,81.86,81.73,81.58,81.49,81.37,81.22,81.09,80.94,80.79,80.63,80.50,80.41,80.27,80.13,79.99,79.83,79.58,79.34,79.06,78.69,78.27,77.87,77.57,77.41,77.38,77.33,77.29,77.26,77.22,77.18,77.10,77.00,76.92,76.82,76.70,76.58,76.46,76.31,76.18,76.06,75.95,75.83,75.72,75.58,75.44,75.33,75.30,75.26,75.22,75.19,75.14,75.11,75.05,74.95,74.82,74.70,74.61,74.51,74.41,74.28,74.17,74.12,74.10,74.10,74.10,74.00,73.97,74.05,74.13,74.07,74.03,74.01,73.97,73.97,73.93,73.88,73.83,73.78,73.76,73.75,73.77,73.84,73.87,73.92,73.97,74.04,74.05,74.05,74.05,74.06,74.13,74.14,74.13,74.13,74.22,74.34,74.38,74.34,74.28,74.24,74.15,74.02,73.87,73.71,73.56,73.35,73.15,73.00,72.89,72.82,72.75,72.69,72.69,72.62,72.47,72.17,71.65,71.25,71.10,71.08,71.11,71.16,71.17,71.17,71.17,71.17,71.20,71.24,71.28,71.30,71.28,71.24,71.22,71.20,71.05,70.91,70.80,70.70,70.54,70.39,70.23,70.10,70.05,70.28,70.58,70.89,71.19,71.47,71.78,72.08,72.39,72.70,73.01,73.32,73.63,73.91,74.08,74.42,74.83,75.24,75.68,76.12,76.62,77.13,77.58,77.93,78.25,78.55,78.84,79.18,79.49,80.16,81.32,83.06,84.99,86.23,86.40,85.50,84.56,83.73,82.93,82.12,81.31,80.62,80.08,79.77,79.79,80.21,80.95,81.80,82.64,83.37,83.38,82.63,81.49,80.42,79.79,79.47,79.20,78.90,78.63,78.28,77.90,77.53,77.26,77.05,76.91,76.80,76.67,76.54,76.46,76.33,76.11,75.76,75.44,75.13,74.82,74.51,74.20,73.76,73.25,72.71,72.17,71.75,71.46,71.16,70.50,69.47,68.22,66.90,65.59,64.28,62.96,61.77,60.68,59.55,58.58,57.45,56.14,54.78,53.45,52.23,51.13,50.20,49.67
82.30,82.56,82.76,82.82,82.69,82.59,82.45,82.32,82.24,82.15,82.05,81.93,81.80,81.64,81.53,81.42,81.27,81.13,80.96,80.82,80.66,80.52,80.41,80.27,80.12,79.96,79.80,79.57,79.33,79.02,78.60,78.17,77.75,77.42,77.23,77.22,77.15,77.12,77.09,77.03,77.02,76.97,76.89,76.84,76.76,76.65,76.55,76.44,76.31,76.15,76.05,75.94,75.80,75.69,75.57,75.42,75.30,75.27,75.22,75.19,75.16,75.10,75.08,75.02,74.91,74.76,74.60,74.49,74.41,74.32,74.22,74.17,74.16,74.16,74.16,74.17,74.03,74.03,74.23,74.37,74.29,74.23,74.21,74.14,74.11,74.05,73.97,73.89,73.82,73.75,73.70,73.69,73.72,73.71,73.72,73.76,73.79,73.80,73.80,73.80,73.81,73.88,73.89,73.91,73.94,74.03,74.17,74.23,74.22,74.15,74.14,74.08,73.98,73.84,73.71,73.54,73.35,73.19,73.08,73.00,72.98,72.94,72.88,72.88,72.83,72.65,72.30,71.77,71.30,71.04,70.94,70.96,71.01,71.02,71.02,71.02,71.04,71.05,71.08,71.13,71.15,71.15,71.09,71.07,71.09,70.98,70.84,70.73,70.63,70.48,70.32,70.17,70.07,70.11,70.40,70.70,71.01,71.32,71.63,71.94,72.25,72.56,72.87,73.17,73.48,73.79,74.08,74.29,74.62,75.00,75.41,75.87,76.33,76.79,77.23,77.60,77.87,78.12,78.40,78.70,79.04,79.39,80.37,81.95,83.99,86.07,87.25,87.35,86.49,85.59,84.80,84.00,83.19,82.40,81.79,81.29,81.06,81.22,81.54,82.08,82.81,83.64,84.23,83.65,82.56,81.36,80.26,79.70,79.39,79.12,78.84,78.61,78.38,78.13,77.88,77.63,77.40,77.27,77.15,77.00,76.86,76.79,76.69,76.47,76.11,75.78,75.46,75.14,74.83,74.52,74.11,73.63,73.09,72.58,72.25,71.94,71.57,70.99,70.15,69.05,67.82,66.50,65.22,63.95,62.88,61.95,60.76,59.80,58.48,57.01,55.81,54.70,53.54,52.33,51.22,50.56
82.80,83.02,83.06,82.96,82.86,82.73,82.57,82.45,82.36,82.22,82.08,81.96,81.86,81.70,81.56,81.45,81.34,81.18,81.03,80.88,80.72,80.57,80.42,80.27,80.12,79.96,79.80,79.57,79.30,78.94,78.50,78.09,77.65,77.28,77.04,77.03,76.96,76.93,76.91,76.84,76.83,76.77,76.72,76.70,76.64,76.60,76.52,76.39,76.30,76.15,76.05,75.94,75.79,75.65,75.55,75.42,75.29,75.22,75.20,75.16,75.11,75.09,75.03,74.95,74.84,74.69,74.53,74.39,74.28,74.22,74.22,74.27,74.28,74.28,74.29,74.34,74.14,74.16,74.48,74.62,74.57,74.54,74.51,74.43,74.37,74.29,74.21,74.13,74.05,73.98,73.91,73.84,73.78,73.72,73.66,73.61,73.56,73.56,73.56,73.56,73.58,73.64,73.66,73.69,73.75,73.84,73.98,74.08,74.09,74.03,74.02,73.96,73.88,73.79,73.69,73.50,73.36,73.29,73.26,73.19,73.17,73.13,73.07,73.07,73.06,72.84,72.43,71.90,71.42,71.03,70.82,70.82,70.83,70.84,70.84,70.85,70.91,70.92,70.93,70.96,71.01,71.02,70.96,70.93,70.93,70.90,70.78,70.67,70.57,70.41,70.26,70.11,70.06,70.22,70.52,70.83,71.14,71.45,71.76,72.06,72.38,72.68,72.99,73.30,73.61,73.92,74.22,74.52,74.83,75.19,75.59,76.05,76.51,76.84,77.10,77.38,77.67,77.97,78.25,78.54,78.99,79.43,80.97,83.20,85.49,87.73,88.55,88.37,87.52,86.66,85.87,85.02,84.16,83.48,82.96,82.36,82.06,82.36,82.73,83.09,83.73,84.55,84.94,83.75,82.31,81.02,80.03,79.60,79.30,79.02,78.78,78.56,78.33,78.17,78.05,77.87,77.70,77.55,77.40,77.26,77.17,77.15,77.06,76.86,76.48,76.16,75.81,75.46,75.15,74.84,74.47,74.01,73.48,73.02,72.72,72.34,71.83,71.27,70.62,69.80,68.75,67.47,66.22,65.09,64.18,63.35,62.25,61.36,59.77,58.09,57.35,56.84,55.68,54.21,52.82,52.08
83.20,83.28,83.22,83.07,82.96,82.84,82.70,82.56,82.44,82.29,82.16,82.05,81.92,81.77,81.62,81.48,81.35,81.20,81.08,80.94,80.79,80.63,80.48,80.32,80.17,80.00,79.80,79.57,79.23,78.83,78.41,77.98,77.56,77.17,76.89,76.84,76.81,76.77,76.73,76.69,76.65,76.61,76.57,76.53,76.50,76.46,76.40,76.33,76.24,76.14,76.02,75.91,75.78,75.63,75.51,75.39,75.29,75.21,75.17,75.13,75.09,75.05,75.01,74.92,74.76,74.58,74.42,74.30,74.25,74.27,74.35,74.39,74.44,74.46,74.44,74.32,74.18,74.31,74.67,74.78,74.74,74.66,74.56,74.45,74.37,74.29,74.22,74.13,74.02,73.93,73.85,73.77,73.66,73.61,73.60,73.62,73.66,73.66,73.66,73.66,73.66,73.66,73.66,73.63,73.60,73.66,73.80,73.89,73.94,73.94,73.90,73.83,73.77,73.73,73.65,73.59,73.51,73.46,73.45,73.38,73.36,73.32,73.26,73.26,73.26,73.01,72.56,72.06,71.56,71.08,70.77,70.70,70.69,70.69,70.69,70.70,70.73,70.78,70.79,70.82,70.88,70.89,70.84,70.79,70.79,70.78,70.69,70.61,70.51,70.35,70.20,70.07,70.10,70.34,70.65,70.96,71.27,71.58,71.88,72.19,72.50,72.81,73.12,73.43,73.74,74.05,74.36,74.66,74.97,75.35,75.75,76.09,76.43,76.70,76.93,77.17,77.48,77.85,78.25,78.67,79.17,79.64,81.87,85.03,87.69,89.25,89.70,89.39,88.58,87.73,86.88,86.01,85.20,84.62,83.96,83.36,83.14,83.50,83.88,84.24,84.76,85.33,85.39,83.98,82.31,80.86,79.92,79.53,79.25,79.03,78.88,78.73,78.55,78.42,78.31,78.13,77.97,77.81,77.67,77.57,77.53,77.53,77.44,77.23,76.87,76.54,76.19,75.81,75.47,75.15,74.82,74.39,73.88,73.49,73.09,72.62,72.07,71.49,70.95,70.31,69.50,68.46,67.32,66.48,65.67,64.87,64.25,63.75,62.11,60.22,59.52,58.76,57.43,55.87,54.46,53.75
83.50,83.44,83.32,83.18,83.03,82.93,82.80,82.65,82.50,82.35,82.25,82.12,81.97,81.81,81.66,81.51,81.36,81.21,81.11,80.98,80.83,80.68,80.54,80.39,80.23,80.05,79.81,79.55,79.16,78.72,78.32,77.87,77.46,77.07,76.74,76.66,76.65,76.60,76.55,76.54,76.47,76.45,76.41,76.36,76.35,76.28,76.25,76.23,76.15,76.09,75.97,75.86,75.77,75.63,75.48,75.36,75.28,75.19,75.11,75.08,75.06,74.99,74.97,74.85,74.68,74.47,74.33,74.27,74.29,74.39,74.51,74.54,74.60,74.64,74.57,74.29,74.22,74.44,74.81,74.87,74.80,74.68,74.54,74.39,74.29,74.20,74.11,74.01,73.86,73.77,73.71,73.66,73.55,73.54,73.61,73.72,73.84,73.86,73.87,73.83,73.77,73.77,73.75,73.66,73.55,73.55,73.65,73.72,73.78,73.83,73.78,73.70,73.68,73.69,73.65,73.71,73.69,73.65,73.64,73.57,73.55,73.52,73.45,73.45,73.45,73.18,72.72,72.23,71.69,71.16,70.75,70.58,70.56,70.56,70.56,70.56,70.57,70.64,70.66,70.69,70.74,70.76,70.71,70.66,70.65,70.66,70.61,70.54,70.44,70.29,70.13,70.06,70.16,70.47,70.78,71.08,71.39,71.70,72.01,72.32,72.63,72.94,73.25,73.56,73.87,74.17,74.48,74.76,75.06,75.44,75.81,76.04,76.28,76.51,76.75,77.04,77.38,77.83,78.34,78.88,79.44,80.32,83.31,87.13,89.78,90.56,90.67,90.35,89.64,88.78,87.86,87.00,86.27,85.72,84.92,84.37,84.25,84.64,85.03,85.41,85.82,86.12,85.82,84.33,82.53,80.94,79.95,79.53,79.29,79.14,79.07,78.99,78.87,78.74,78.61,78.38,78.22,78.10,78.00,77.91,77.91,77.89,77.81,77.62,77.25,76.92,76.56,76.18,75.81,75.47,75.16,74.77,74.28,73.91,73.41,72.88,72.33,71.74,71.26,70.75,70.16,69.41,68.49,67.94,67.30,66.58,66.41,66.24,64.78,62.98,62.25,61.01,59.25,57.49,56.13,55.42
83.59,83.46,83.34,83.24,83.09,82.94,82.80,82.66,82.56,82.41,82.27,82.12,81.97,81.81,81.66,81.54,81.41,81.20,81.06,80.95,80.83,80.69,80.59,80.45,80.30,80.10,79.81,79.46,79.03,78.59,78.20,77.74,77.33,76.92,76.55,76.47,76.46,76.41,76.36,76.35,76.28,76.26,76.22,76.17,76.16,76.09,76.06,76.04,75.97,75.94,75.88,75.79,75.71,75.62,75.48,75.36,75.27,75.14,75.05,75.02,74.99,74.92,74.86,74.73,74.57,74.41,74.32,74.39,74.48,74.56,74.66,74.72,74.79,74.80,74.64,74.35,74.28,74.50,74.86,74.82,74.69,74.58,74.48,74.32,74.18,74.04,73.90,73.76,73.61,73.52,73.54,73.63,73.66,73.72,73.83,73.95,74.04,74.11,74.12,73.94,73.72,73.96,73.97,73.85,73.72,73.66,73.63,73.59,73.59,73.65,73.64,73.58,73.61,73.71,73.76,73.83,73.85,73.84,73.83,73.76,73.74,73.70,73.64,73.64,73.64,73.37,72.89,72.36,71.82,71.28,70.80,70.47,70.44,70.44,70.44,70.44,70.45,70.51,70.54,70.55,70.56,70.63,70.58,70.51,70.48,70.53,70.53,70.48,70.38,70.22,70.07,70.09,70.28,70.59,70.90,71.21,71.52,71.83,72.14,72.44,72.75,73.06,73.37,73.68,73.99,74.30,74.58,74.78,75.01,75.31,75.62,75.85,76.09,76.32,76.62,77.05,77.54,78.06,78.59,79.12,79.79,82.17,85.96,89.53,91.12,91.37,91.29,91.10,90.68,89.75,88.81,88.03,87.36,86.64,85.86,85.42,85.39,85.78,86.17,86.55,86.91,87.04,86.41,84.88,83.16,81.52,80.23,79.74,79.52,79.41,79.39,79.31,79.22,79.07,78.86,78.63,78.47,78.48,78.47,78.30,78.28,78.23,78.16,78.00,77.63,77.30,76.95,76.56,76.18,75.80,75.48,75.12,74.69,74.20,73.66,73.16,72.66,72.12,71.64,71.16,70.69,70.23,69.77,69.45,69.12,68.79,68.62,68.41,67.65,66.72,66.08,64.35,61.58,59.16,57.81,57.01
83.62,83.47,83.34,83.22,83.10,82.95,82.80,82.66,82.55,82.42,82.28,82.12,81.97,81.81,81.66,81.53,81.39,81.19,81.00,80.88,80.75,80.60,80.52,80.38,80.23,80.04,79.75,79.35,78.92,78.50,78.07,77.65,77.22,76.80,76.44,76.33,76.28,76.24,76.20,76.17,76.13,76.09,76.05,76.01,75.98,75.93,75.90,75.86,75.81,75.78,75.74,75.69,75.61,75.57,75.46,75.35,75.23,75.12,75.03,74.98,74.92,74.81,74.70,74.58,74.46,74.37,74.39,74.52,74.64,74.73,74.74,74.75,74.78,74.77,74.64,74.47,74.43,74.57,74.79,74.72,74.61,74.49,74.37,74.22,74.09,73.95,73.79,73.64,73.49,73.45,73.52,73.68,73.82,73.94,74.07,74.20,74.28,74.35,74.30,74.15,74.04,74.19,74.16,74.04,73.91,73.83,73.75,73.65,73.59,73.60,73.60,73.59,73.65,73.75,73.77,73.89,73.97,74.00,74.02,73.95,73.93,73.89,73.83,73.83,73.80,73.52,73.03,72.49,71.95,71.43,70.93,70.50,70.34,70.31,70.31,70.31,70.31,70.35,70.39,70.41,70.42,70.49,70.46,70.38,70.33,70.36,70.37,70.36,70.32,70.16,70.04,70.16,70.41,70.72,71.03,71.34,71.65,71.95,72.26,72.57,72.84,73.09,73.37,73.64,73.92,74.18,74.41,74.60,74.85,75.13,75.39,75.63,75.92,76.26,76.67,77.14,77.68,78.22,78.78,79.41,80.46,83.81,87.72,90.77,91.82,91.88,91.75,91.58,91.28,90.57,89.76,89.03,88.34,87.54,86.79,86.47,86.53,86.92,87.27,87.49,87.75,87.92,87.42,86.05,84.42,82.84,81.53,80.76,80.12,79.72,79.64,79.65,79.54,79.33,79.09,78.94,78.90,78.95,78.92,78.72,78.67,78.60,78.53,78.38,78.00,77.69,77.33,76.94,76.56,76.17,75.81,75.47,75.09,74.59,74.05,73.55,73.08,72.57,72.08,71.60,71.20,70.91,70.60,70.38,70.19,70.00,69.88,69.72,69.39,69.02,68.63,67.47,65.34,62.95,60.71,58.83
83.62,83.47,83.31,83.18,83.08,82.95,82.80,82.64,82.50,82.41,82.27,82.12,81.97,81.81,81.66,81.51,81.36,81.19,80.96,80.80,80.64,80.49,80.40,80.25,80.09,79.91,79.66,79.24,78.83,78.41,77.97,77.56,77.12,76.70,76.36,76.20,76.11,76.08,76.05,75.98,75.97,75.92,75.88,75.86,75.80,75.78,75.73,75.68,75.67,75.61,75.58,75.55,75.48,75.47,75.41,75.30,75.18,75.09,75.01,74.94,74.84,74.69,74.54,74.45,74.38,74.36,74.49,74.64,74.78,74.84,74.75,74.68,74.66,74.63,74.56,74.55,74.55,74.59,74.64,74.59,74.51,74.40,74.25,74.11,74.01,73.87,73.72,73.56,73.42,73.45,73.57,73.74,73.96,74.12,74.28,74.41,74.50,74.58,74.36,74.30,74.48,74.43,74.34,74.21,74.07,73.98,73.90,73.77,73.65,73.60,73.61,73.68,73.76,73.80,73.74,73.91,74.05,74.14,74.19,74.14,74.12,74.08,74.02,74.02,73.95,73.65,73.16,72.62,72.07,71.59,71.09,70.59,70.27,70.19,70.17,70.18,70.19,70.19,70.23,70.28,70.30,70.37,70.33,70.25,70.19,70.19,70.19,70.22,70.23,70.11,70.05,70.24,70.54,70.84,71.14,71.43,71.73,72.03,72.33,72.63,72.85,73.04,73.27,73.50,73.73,73.93,74.12,74.35,74.64,74.91,75.17,75.45,75.82,76.30,76.80,77.27,77.81,78.34,78.92,79.68,81.22,85.12,88.83,91.36,92.17,92.22,92.09,91.90,91.63,91.21,90.59,89.91,89.21,88.43,87.73,87.51,87.65,87.96,88.22,88.28,88.47,88.73,88.55,87.47,85.99,84.50,83.31,82.25,81.08,80.26,80.06,80.20,79.99,79.63,79.34,79.30,79.50,79.53,79.38,79.15,79.06,78.98,78.91,78.75,78.38,78.06,77.71,77.32,76.94,76.55,76.16,75.81,75.48,75.02,74.50,73.99,73.53,73.06,72.54,72.07,71.72,71.53,71.25,71.05,70.88,70.73,70.64,70.56,70.50,70.44,70.32,70.03,69.12,67.20,64.27,61.49
83.61,83.47,83.31,83.17,83.03,82.93,82.80,82.64,82.49,82.36,82.25,82.12,81.97,81.81,81.66,81.50,81.35,81.19,80.96,80.79,80.61,80.42,80.28,80.13,79.94,79.73,79.48,79.14,78.73,78.31,77.89,77.45,77.04,76.61,76.22,76.02,75.92,75.89,75.86,75.80,75.79,75.73,75.69,75.67,75.61,75.59,75.55,75.49,75.48,75.41,75.39,75.36,75.30,75.29,75.23,75.17,75.11,75.03,74.91,74.81,74.71,74.56,74.46,74.41,74.41,74.47,74.62,74.77,74.81,74.71,74.54,74.44,74.38,74.34,74.32,74.32,74.36,74.40,74.42,74.45,74.39,74.30,74.18,74.03,73.90,73.75,73.59,73.45,73.35,73.40,73.51,73.69,73.91,74.07,74.26,74.45,74.58,74.70,74.10,74.05,74.67,74.62,74.50,74.32,74.13,74.00,73.87,73.72,73.59,73.55,73.65,73.78,73.88,73.90,73.75,73.87,74.09,74.27,74.33,74.32,74.31,74.27,74.21,74.20,74.14,73.81,73.28,72.75,72.21,71.72,71.22,70.69,70.23,70.04,69.99,70.00,70.05,70.06,70.07,70.11,70.16,70.24,70.20,70.12,70.06,70.06,70.06,70.07,70.07,70.05,70.17,70.42,70.71,70.96,71.16,71.41,71.66,71.90,72.11,72.40,72.65,72.85,73.03,73.20,73.42,73.64,73.86,74.15,74.41,74.71,75.08,75.53,75.97,76.44,76.92,77.40,77.94,78.47,79.03,79.87,81.81,85.46,88.96,91.42,92.27,92.40,92.30,92.08,91.78,91.39,90.88,90.35,89.83,89.29,88.66,88.53,88.62,88.66,88.60,88.83,89.14,89.39,89.33,88.80,87.63,86.26,85.19,84.16,82.86,81.75,81.27,81.62,81.06,80.27,79.72,79.78,80.47,80.41,79.94,79.55,79.44,79.37,79.28,79.13,78.77,78.44,78.09,77.70,77.31,76.93,76.54,76.21,75.92,75.46,74.94,74.44,73.97,73.51,73.03,72.63,72.35,72.17,71.93,71.67,71.46,71.31,71.18,71.09,71.03,70.97,70.87,70.66,70.23,69.44,68.29,67.19
83.58,83.46,83.31,83.16,83.01,82.90,82.78,82.64,82.48,82.34,82.24,82.12,81.97,81.81,81.66,81.50,81.35,81.19,80.96,80.77,80.58,80.37,80.20,80.04,79.79,79.50,79.24,78.96,78.59,78.19,77.79,77.36,76.94,76.52,76.11,75.85,75.75,75.72,75.68,75.63,75.61,75.56,75.52,75.49,75.44,75.41,75.37,75.32,75.30,75.25,75.22,75.18,75.13,75.10,75.06,75.03,75.02,74.96,74.81,74.69,74.59,74.48,74.44,74.45,74.51,74.62,74.74,74.79,74.70,74.51,74.29,74.19,74.12,74.06,74.06,74.06,74.13,74.18,74.21,74.25,74.24,74.19,74.09,73.96,73.81,73.66,73.50,73.36,73.26,73.32,73.45,73.62,73.84,74.02,74.22,74.42,74.56,74.64,74.12,74.10,74.69,74.63,74.50,74.31,74.12,73.97,73.81,73.64,73.53,73.56,73.70,73.86,73.98,73.98,73.80,73.81,74.03,74.29,74.42,74.46,74.49,74.47,74.41,74.42,74.32,73.96,73.41,72.88,72.36,71.86,71.38,70.87,70.18,69.91,69.82,69.81,69.86,69.87,69.88,69.93,70.00,70.08,70.06,69.97,69.87,69.87,69.87,69.88,69.91,69.95,70.13,70.39,70.65,70.85,71.03,71.25,71.48,71.70,71.90,72.16,72.39,72.58,72.74,72.92,73.14,73.38,73.63,73.86,74.08,74.44,74.95,75.51,76.03,76.55,77.05,77.52,78.03,78.57,79.12,80.05,82.27,85.50,88.64,91.01,92.03,92.32,92.29,92.12,91.85,91.51,91.09,90.67,90.28,89.96,89.50,89.28,89.11,88.84,88.90,89.50,90.16,90.59,90.56,90.27,89.43,88.28,87.13,86.03,84.79,83.64,82.94,83.05,82.22,81.20,80.43,80.37,81.20,81.28,80.79,80.28,80.50,80.33,79.97,79.56,79.15,78.83,78.47,78.08,77.69,77.28,76.91,76.60,76.33,75.90,75.40,74.90,74.42,73.96,73.54,73.22,72.98,72.81,72.59,72.30,72.06,71.91,71.76,71.64,71.54,71.43,71.29,71.07,70.84,70.60,70.39,70.20
83.53,83.43,83.31,83.16,83.00,82.86,82.75,82.64,82.48,82.34,82.23,82.12,81.97,81.81,81.66,81.50,81.35,81.19,80.96,80.74,80.54,80.37,80.14,79.97,79.65,79.24,78.94,78.69,78.39,78.05,77.67,77.28,76.84,76.41,76.02,75.67,75.60,75.55,75.51,75.49,75.43,75.40,75.37,75.31,75.30,75.24,75.20,75.18,75.11,75.10,75.05,75.00,74.99,74.94,74.92,74.91,74.91,74.88,74.71,74.59,74.52,74.45,74.48,74.54,74.65,74.78,74.84,74.70,74.48,74.26,74.04,73.94,73.86,73.81,73.81,73.82,73.88,73.95,74.00,74.02,74.07,74.05,73.98,73.89,73.74,73.59,73.44,73.29,73.15,73.23,73.38,73.56,73.78,73.95,74.15,74.35,74.47,74.39,74.33,74.42,74.57,74.50,74.36,74.21,74.05,73.90,73.74,73.54,73.48,73.62,73.77,73.93,74.05,74.06,73.91,73.77,73.91,74.20,74.46,74.57,74.65,74.65,74.60,74.63,74.49,74.09,73.56,73.06,72.59,72.03,71.53,71.03,70.12,69.78,69.67,69.62,69.62,69.61,69.65,69.72,69.80,69.88,69.89,69.79,69.62,69.61,69.61,69.65,69.72,69.80,69.95,70.17,70.38,70.56,70.78,71.00,71.23,71.46,71.68,71.92,72.11,72.27,72.44,72.66,72.88,73.13,73.39,73.50,73.66,74.11,74.76,75.37,75.98,76.58,77.13,77.61,78.09,78.62,79.20,80.20,82.54,85.28,87.94,90.12,91.40,91.90,92.04,92.00,91.84,91.61,91.26,90.91,90.64,90.45,90.18,89.78,89.17,88.57,89.15,90.29,91.45,92.28,92.28,92.02,91.56,90.74,89.34,87.98,86.79,85.74,84.89,84.35,83.39,82.34,81.44,81.08,81.72,82.05,81.81,81.30,82.17,81.99,81.29,80.46,79.80,79.27,78.85,78.45,78.06,77.62,77.26,76.98,76.72,76.34,75.89,75.38,74.87,74.43,74.09,73.83,73.62,73.45,73.22,72.93,72.70,72.54,72.39,72.23,72.08,71.90,71.67,71.44,71.21,70.98,70.77,70.60
83.53,83.40,83.28,83.16,83.00,82.85,82.72,82.60,82.48,82.33,82.20,82.09,81.97,81.81,81.66,81.50,81.35,81.19,80.96,80.73,80.53,80.37,80.13,79.89,79.50,79.02,78.68,78.43,78.18,77.89,77.54,77.16,76.72,76.29,75.89,75.49,75.42,75.37,75.32,75.31,75.24,75.22,75.19,75.12,75.11,75.05,75.02,75.00,74.93,74.92,74.87,74.82,74.82,74.83,74.84,74.84,74.82,74.73,74.72,74.73,74.72,74.64,74.58,74.58,74.69,74.83,74.73,74.52,74.29,74.06,73.84,73.70,73.61,73.56,73.56,73.61,73.68,73.73,73.77,73.81,73.84,73.87,73.86,73.78,73.67,73.53,73.38,73.22,73.08,73.17,73.32,73.50,73.72,73.88,74.06,74.23,74.29,73.86,74.13,74.41,74.39,74.27,74.16,74.06,73.93,73.78,73.62,73.48,73.48,73.67,73.83,74.03,74.16,74.18,74.02,73.79,73.84,74.09,74.39,74.66,74.78,74.81,74.76,74.66,74.64,74.33,73.90,73.68,73.17,72.34,71.41,70.58,69.97,69.72,69.58,69.47,69.42,69.38,69.38,69.42,69.50,69.58,69.60,69.52,69.37,69.36,69.36,69.38,69.43,69.56,69.71,69.92,70.14,70.34,70.57,70.81,71.02,71.20,71.39,71.61,71.80,71.97,72.17,72.40,72.60,72.79,72.98,73.08,73.33,73.83,74.47,75.08,75.70,76.32,76.92,77.47,78.03,78.61,79.22,80.17,82.23,84.54,86.69,88.53,89.86,90.69,91.27,91.61,91.69,91.61,91.39,91.16,90.95,90.74,90.42,90.05,89.17,88.06,89.30,90.94,92.56,93.90,94.51,94.76,94.98,94.73,93.24,90.83,88.86,87.41,86.35,85.34,84.31,83.38,82.60,82.11,82.36,82.32,82.11,82.26,83.86,84.86,85.25,84.69,82.32,80.24,79.20,78.77,78.34,77.97,77.64,77.37,77.11,76.77,76.33,75.85,75.38,74.98,74.69,74.48,74.29,74.09,73.86,73.56,73.33,73.18,73.02,72.83,72.59,72.33,72.01,71.77,71.57,71.37,71.14,70.94
83.52,83.37,83.24,83.14,83.00,82.85,82.69,82.56,82.46,82.33,82.18,82.06,81.97,81.81,81.66,81.50,81.35,81.19,80.96,80.73,80.53,80.37,80.13,79.82,79.36,78.82,78.41,78.16,77.92,77.67,77.37,77.03,76.60,76.18,75.76,75.35,75.24,75.19,75.15,75.13,75.07,75.04,75.00,74.95,74.93,74.88,74.84,74.81,74.76,74.75,74.71,74.67,74.68,74.70,74.67,74.64,74.58,74.47,74.55,74.66,74.70,74.67,74.60,74.56,74.61,74.69,74.51,74.30,74.09,73.87,73.63,73.46,73.36,73.31,73.34,73.39,73.47,73.51,73.54,73.59,73.62,73.68,73.71,73.65,73.58,73.45,73.31,73.16,73.02,73.11,73.26,73.43,73.66,73.82,73.97,74.11,74.14,73.62,73.98,74.28,74.18,74.05,73.96,73.87,73.77,73.63,73.49,73.44,73.52,73.74,73.90,74.11,74.27,74.31,74.14,73.86,73.80,73.96,74.28,74.64,74.79,74.76,74.58,74.30,74.34,74.13,73.75,73.47,72.97,72.12,71.10,70.16,69.83,69.66,69.52,69.38,69.30,69.21,69.16,69.16,69.19,69.26,69.28,69.22,69.11,69.11,69.11,69.11,69.15,69.30,69.46,69.66,69.89,70.11,70.35,70.58,70.76,70.91,71.08,71.30,71.48,71.65,71.87,72.08,72.25,72.40,72.54,72.64,73.00,73.53,74.15,74.77,75.39,76.00,76.62,77.24,77.86,78.48,79.09,79.94,81.57,83.55,85.33,86.84,88.08,89.12,90.05,90.81,91.31,91.56,91.54,91.41,91.22,90.94,90.52,89.94,88.58,86.78,88.17,90.52,92.75,94.55,95.96,97.07,97.92,98.12,96.94,94.48,91.47,89.00,87.47,86.25,85.27,84.48,83.81,83.23,83.03,82.41,82.16,83.19,85.30,87.28,88.62,88.54,85.63,82.06,79.95,79.08,78.66,78.33,78.03,77.76,77.50,77.19,76.77,76.32,75.91,75.56,75.32,75.14,74.95,74.72,74.49,74.20,73.95,73.78,73.60,73.37,73.08,72.75,72.38,72.10,71.90,71.70,71.49,71.26
83.52,83.37,83.22,83.09,82.99,82.85,82.69,82.55,82.41,82.31,82.18,82.06,81.97,81.81,81.66,81.50,81.35,81.18,80.96,80.73,80.53,80.36,80.13,79.78,79.24,78.61,78.13,77.85,77.61,77.37,77.13,76.87,76.51,76.09,75.65,75.27,75.09,75.03,75.00,74.95,74.93,74.87,74.83,74.81,74.75,74.73,74.69,74.64,74.63,74.63,74.62,74.60,74.58,74.47,74.34,74.21,74.09,74.01,74.06,74.15,74.23,74.36,74.46,74.45,74.38,74.27,74.17,74.02,73.85,73.66,73.38,73.21,73.10,73.08,73.13,73.15,73.21,73.28,73.34,73.36,73.41,73.48,73.53,73.52,73.45,73.36,73.25,73.09,72.95,73.04,73.19,73.37,73.59,73.76,73.87,73.98,74.08,73.94,74.04,74.07,73.94,73.85,73.77,73.65,73.53,73.44,73.36,73.42,73.58,73.80,73.96,74.18,74.36,74.44,74.27,73.99,73.80,73.84,74.15,74.47,74.60,74.39,73.86,73.40,73.32,73.20,72.75,71.80,71.35,71.03,70.56,69.96,69.75,69.65,69.53,69.39,69.31,69.18,69.09,69.00,68.91,68.96,68.97,68.93,68.85,68.85,68.85,68.85,68.90,69.05,69.20,69.41,69.61,69.80,70.09,70.28,70.44,70.60,70.75,70.98,71.16,71.32,71.48,71.65,71.80,71.96,72.10,72.20,72.64,73.22,73.83,74.45,75.06,75.69,76.31,76.92,77.53,78.15,78.77,79.47,80.53,82.31,83.93,85.23,86.22,87.22,88.26,89.39,90.57,91.47,91.71,91.65,91.44,91.05,90.48,89.26,87.00,84.32,84.97,88.34,91.44,93.60,95.96,98.31,99.60,99.98,99.72,99.04,94.90,90.63,88.16,87.15,86.36,85.68,85.03,84.35,83.69,82.32,82.00,84.06,86.28,88.51,90.10,90.63,89.54,85.08,81.40,79.42,79.03,78.71,78.45,78.18,77.88,77.57,77.19,76.80,76.44,76.18,75.94,75.76,75.58,75.34,75.10,74.81,74.55,74.33,74.10,73.81,73.51,73.19,72.80,72.44,72.17,71.98,71.80,71.56
83.41,83.34,83.21,83.07,82.95,82.84,82.69,82.54,82.39,82.27,82.16,82.04,81.93,81.80,81.66,81.50,81.34,81.14,80.95,80.73,80.52,80.32,80.12,79.80,79.26,78.65,78.26,77.84,77.44,77.11,76.88,76.64,76.36,75.99,75.56,75.16,74.92,74.85,74.83,74.76,74.75,74.69,74.65,74.63,74.56,74.55,74.55,74.53,74.45,74.41,74.34,74.27,74.18,74.03,73.90,73.77,73.63,73.56,73.58,73.59,73.64,73.79,73.91,73.97,73.91,73.75,73.70,73.60,73.48,73.35,73.16,72.97,72.84,72.82,72.90,72.94,72.98,73.03,73.10,73.14,73.18,73.25,73.31,73.34,73.31,73.24,73.15,73.03,72.89,72.98,73.15,73.35,73.53,73.66,73.75,73.78,73.77,73.91,73.92,73.84,73.73,73.65,73.54,73.43,73.36,73.40,73.44,73.53,73.68,73.86,74.02,74.24,74.43,74.53,74.43,74.13,73.85,73.81,74.14,74.55,74.47,74.06,73.45,72.88,72.52,72.21,71.78,71.10,70.78,70.56,70.28,69.91,69.82,69.77,69.73,69.70,69.66,69.59,69.51,69.39,69.21,69.08,68.91,68.73,68.60,68.59,68.59,68.59,68.64,68.80,68.99,69.15,69.31,69.47,69.70,69.90,70.09,70.28,70.44,70.63,70.77,70.90,71.05,71.21,71.36,71.52,71.66,71.81,72.30,72.89,73.52,74.14,74.75,75.37,75.97,76.55,77.09,77.59,78.15,78.83,79.76,81.02,82.30,83.46,84.48,85.55,86.63,87.87,89.27,90.55,91.25,91.45,91.29,90.84,89.92,87.83,84.88,81.98,81.91,84.92,88.64,92.17,95.55,98.57,100.16,100.64,100.56,100.29,96.60,92.13,88.83,87.71,86.87,86.05,85.24,84.42,83.54,82.19,81.86,83.72,85.95,88.02,89.96,91.37,90.96,87.47,83.19,80.00,79.40,79.08,78.81,78.54,78.26,77.95,77.61,77.27,76.93,76.62,76.31,76.02,75.74,75.43,75.16,74.89,74.62,74.35,74.08,73.77,73.53,73.29,72.96,72.68,72.41,72.16,71.91,71.59
83.25,83.25,83.18,83.05,82.91,82.81,82.69,82.54,82.38,82.23,82.14,82.02,81.88,81.79,81.66,81.50,81.32,81.11,80.94,80.73,80.50,80.30,80.13,79.87,79.36,78.80,78.54,77.99,77.43,76.98,76.70,76.42,76.16,75.85,75.46,75.03,74.76,74.67,74.64,74.58,74.56,74.51,74.47,74.46,74.38,74.35,74.36,74.36,74.21,74.11,73.99,73.84,73.69,73.54,73.44,73.33,73.19,73.13,73.09,73.03,73.02,73.16,73.24,73.37,73.37,73.20,73.17,73.12,73.05,72.97,72.87,72.69,72.59,72.58,72.65,72.72,72.75,72.79,72.86,72.93,72.96,73.00,73.06,73.13,73.15,73.11,73.04,72.95,72.82,72.92,73.10,73.31,73.45,73.54,73.62,73.61,73.50,73.77,73.73,73.62,73.54,73.45,73.34,73.26,73.28,73.43,73.58,73.69,73.80,73.95,74.10,74.31,74.49,74.62,74.59,74.29,73.96,73.85,74.14,74.65,74.34,73.75,73.13,72.51,71.92,71.42,71.05,70.81,70.58,70.34,70.12,69.94,69.93,69.94,69.97,70.03,70.03,70.02,69.98,69.87,69.65,69.38,69.04,68.72,68.50,68.43,68.37,68.34,68.38,68.55,68.75,68.87,68.97,69.13,69.29,69.50,69.73,69.93,70.09,70.24,70.35,70.45,70.61,70.76,70.92,71.07,71.23,71.43,71.97,72.58,73.19,73.79,74.38,74.97,75.53,76.05,76.50,76.92,77.45,78.16,79.01,79.79,80.71,81.74,82.80,83.94,85.05,86.31,87.78,89.26,90.36,90.86,90.81,90.22,88.94,86.20,82.87,80.04,79.36,81.56,85.47,90.15,94.34,97.95,100.00,100.79,100.74,100.44,97.28,92.98,89.21,87.95,87.00,86.04,85.07,84.13,83.14,82.01,81.68,82.96,84.84,86.72,89.10,91.40,91.43,89.35,85.02,80.85,79.73,79.38,79.09,78.80,78.53,78.17,77.82,77.48,77.15,76.76,76.37,75.98,75.59,75.22,74.92,74.68,74.42,74.11,73.80,73.50,73.34,73.20,72.93,72.75,72.50,72.20,71.89,71.53
83.06,83.07,83.05,83.00,82.90,82.77,82.66,82.54,82.38,82.23,82.14,82.02,81.87,81.74,81.64,81.50,81.32,81.11,80.94,80.73,80.52,80.36,80.20,80.02,79.58,79.06,78.85,78.35,77.80,77.26,76.74,76.27,75.89,75.58,75.28,74.90,74.63,74.51,74.46,74.44,74.39,74.36,74.34,74.32,74.19,74.12,74.03,73.92,73.77,73.63,73.52,73.40,73.25,73.09,73.00,72.88,72.76,72.73,72.63,72.50,72.45,72.58,72.62,72.74,72.78,72.68,72.61,72.59,72.54,72.46,72.38,72.27,72.30,72.37,72.40,72.47,72.53,72.57,72.61,72.68,72.74,72.78,72.81,72.89,72.95,72.96,72.91,72.83,72.75,72.85,73.01,73.18,73.33,73.42,73.50,73.55,73.56,73.58,73.52,73.43,73.34,73.22,73.22,73.28,73.40,73.56,73.71,73.85,73.97,74.08,74.23,74.40,74.56,74.69,74.72,74.50,74.21,74.01,74.10,74.58,74.13,73.42,72.81,72.20,71.73,71.34,71.03,70.80,70.57,70.34,70.16,70.06,70.06,70.10,70.14,70.16,70.16,70.16,70.14,70.09,69.98,69.85,69.57,69.23,68.88,68.53,68.22,68.09,68.13,68.28,68.40,68.48,68.59,68.75,68.91,69.13,69.32,69.49,69.65,69.80,69.91,70.01,70.16,70.32,70.47,70.63,70.80,71.09,71.64,72.27,72.85,73.35,73.84,74.30,74.76,75.22,75.64,76.07,76.73,77.52,78.10,78.79,79.51,80.29,81.23,82.36,83.51,84.79,86.22,87.53,88.64,89.41,89.57,88.63,87.16,84.67,81.76,79.23,78.25,79.58,82.61,86.71,90.98,95.43,98.68,100.45,100.63,100.28,96.37,91.86,88.73,87.47,86.54,85.64,84.69,83.75,82.77,81.72,81.33,81.99,82.50,84.52,87.52,90.48,91.22,90.20,86.58,82.31,80.02,79.46,79.16,78.83,78.44,77.90,77.35,76.90,76.53,76.14,75.70,75.29,74.91,74.54,74.28,74.09,73.85,73.54,73.24,72.98,72.84,72.74,72.60,72.40,72.16,71.91,71.66,71.38
82.83,82.86,82.90,82.91,82.85,82.74,82.65,82.54,82.38,82.23,82.11,82.00,81.87,81.72,81.63,81.50,81.32,81.10,80.91,80.73,80.58,80.42,80.27,80.11,79.80,79.43,79.18,78.69,78.14,77.58,77.00,76.43,75.95,75.55,75.17,74.77,74.48,74.33,74.28,74.26,74.17,74.11,74.07,73.98,73.84,73.72,73.60,73.47,73.32,73.17,73.04,72.93,72.80,72.65,72.53,72.41,72.31,72.27,72.13,71.98,71.91,72.01,72.00,72.10,72.18,72.16,72.09,72.05,71.99,71.93,71.92,71.93,72.02,72.11,72.15,72.22,72.30,72.33,72.35,72.43,72.50,72.56,72.59,72.64,72.72,72.76,72.76,72.71,72.68,72.79,72.92,73.06,73.20,73.29,73.37,73.44,73.46,73.39,73.32,73.24,73.17,73.15,73.24,73.37,73.53,73.68,73.84,73.99,74.13,74.23,74.36,74.51,74.65,74.75,74.78,74.70,74.36,74.09,74.20,74.46,73.87,73.13,72.56,72.07,71.66,71.32,71.03,70.80,70.57,70.36,70.23,70.22,70.22,70.26,70.28,70.28,70.28,70.25,70.22,70.17,70.10,70.05,69.88,69.63,69.31,68.88,68.47,68.20,68.06,68.00,68.01,68.09,68.22,68.38,68.56,68.76,68.94,69.09,69.24,69.37,69.48,69.60,69.76,69.88,70.03,70.18,70.37,70.68,71.17,71.70,72.23,72.66,73.12,73.53,73.95,74.40,74.80,75.34,75.99,76.65,77.16,77.83,78.47,79.15,79.95,80.88,81.93,83.09,84.34,85.59,86.66,87.39,87.54,86.61,85.16,82.98,80.53,78.33,77.16,78.20,80.61,83.97,88.15,92.53,96.14,98.44,98.81,97.71,93.98,90.32,88.12,86.85,85.72,84.71,83.79,82.89,81.96,81.04,80.54,80.70,80.77,82.27,85.18,88.64,90.38,89.85,86.77,82.80,80.10,79.42,79.00,78.55,78.04,77.43,76.81,76.29,75.85,75.46,75.04,74.63,74.25,73.89,73.65,73.50,73.28,72.97,72.67,72.45,72.34,72.28,72.16,72.00,71.79,71.56,71.33,71.10
82.60,82.66,82.72,82.77,82.77,82.70,82.63,82.53,82.38,82.23,82.08,81.97,81.87,81.72,81.62,81.50,81.32,81.09,80.88,80.75,80.64,80.48,80.33,80.18,80.01,79.81,79.50,78.99,78.46,77.91,77.35,76.74,76.19,75.66,75.15,74.68,74.32,74.13,74.06,74.03,73.89,73.79,73.69,73.55,73.39,73.24,73.13,73.02,72.88,72.72,72.57,72.44,72.34,72.20,72.05,71.94,71.85,71.78,71.63,71.47,71.39,71.44,71.38,71.47,71.59,71.64,71.57,71.50,71.44,71.42,71.50,71.63,71.73,71.82,71.89,71.97,72.04,72.08,72.10,72.18,72.25,72.32,72.37,72.39,72.46,72.53,72.58,72.58,72.59,72.72,72.83,72.93,73.07,73.16,73.24,73.29,73.28,73.20,73.14,73.09,73.07,73.20,73.35,73.50,73.65,73.81,73.95,74.10,74.25,74.39,74.48,74.61,74.72,74.78,74.78,74.81,74.44,74.15,74.34,74.27,73.57,72.86,72.37,72.03,71.66,71.32,71.03,70.80,70.57,70.41,70.35,70.40,70.41,70.41,70.41,70.40,70.38,70.33,70.26,70.18,70.12,70.11,70.04,69.92,69.71,69.36,68.92,68.53,68.17,67.83,67.69,67.73,67.84,68.00,68.22,68.39,68.56,68.70,68.85,68.95,69.07,69.22,69.36,69.46,69.59,69.73,69.90,70.17,70.55,70.99,71.44,71.84,72.29,72.70,73.12,73.57,73.99,74.64,75.20,75.65,76.21,76.88,77.52,78.16,78.84,79.48,80.34,81.30,82.31,83.53,84.51,85.05,85.06,84.35,83.00,81.20,79.23,77.35,76.02,77.07,79.08,81.70,85.62,89.45,92.91,95.40,95.89,93.90,90.95,88.60,87.31,86.06,84.69,83.54,82.61,81.75,80.92,80.15,79.59,79.41,79.55,80.29,82.61,86.19,88.82,88.46,85.83,82.46,79.99,79.24,78.68,78.08,77.47,76.85,76.23,75.66,75.17,74.78,74.39,74.00,73.62,73.25,73.01,72.89,72.70,72.41,72.12,71.93,71.86,71.81,71.68,71.59,71.41,71.17,70.94,70.72
82.40,82.47,82.51,82.54,82.59,82.57,82.51,82.45,82.38,82.23,82.08,81.96,81.87,81.72,81.58,81.47,81.32,81.10,80.92,80.81,80.70,80.55,80.39,80.23,80.11,80.00,79.80,79.31,78.78,78.21,77.62,77.00,76.44,75.88,75.29,74.73,74.20,73.89,73.73,73.62,73.47,73.33,73.22,73.11,72.95,72.80,72.65,72.53,72.42,72.28,72.12,71.98,71.86,71.75,71.61,71.49,71.41,71.32,71.14,70.97,70.85,70.81,70.75,70.83,70.98,71.07,71.01,70.97,71.00,71.09,71.22,71.33,71.45,71.56,71.63,71.71,71.75,71.79,71.84,71.92,72.00,72.05,72.08,72.13,72.21,72.28,72.35,72.40,72.46,72.59,72.71,72.79,72.89,73.02,73.12,73.15,73.09,73.02,73.06,73.11,73.16,73.32,73.47,73.63,73.78,73.93,74.04,74.14,74.26,74.41,74.49,74.59,74.67,74.72,74.66,74.54,74.45,74.40,74.33,73.88,73.25,72.72,72.34,71.98,71.64,71.32,71.03,70.80,70.57,70.50,70.51,70.53,70.53,70.53,70.51,70.45,70.41,70.38,70.32,70.24,70.17,70.17,70.11,70.02,69.91,69.77,69.37,68.98,68.62,68.19,67.84,67.59,67.50,67.62,67.79,68.00,68.18,68.31,68.42,68.55,68.66,68.78,68.93,69.06,69.17,69.25,69.30,69.37,69.73,70.15,70.57,71.01,71.42,71.85,72.28,72.72,73.25,73.77,74.21,74.66,75.30,75.94,76.57,77.18,77.75,78.22,78.78,79.52,80.45,81.39,82.19,82.60,82.57,82.00,80.67,79.30,77.87,76.26,74.67,75.65,77.55,79.81,82.97,86.47,89.57,91.77,92.25,90.45,88.58,87.00,85.78,84.89,83.72,82.55,81.50,80.59,79.95,79.41,79.02,78.89,79.11,79.58,80.89,83.11,85.45,85.19,83.13,80.74,79.41,78.69,78.08,77.45,76.84,76.22,75.61,75.03,74.52,74.14,73.75,73.37,72.98,72.62,72.38,72.22,72.08,71.90,71.60,71.42,71.36,71.33,71.23,71.15,71.00,70.80,70.56,70.34
82.20,82.25,82.29,82.32,82.37,82.40,82.37,82.34,82.32,82.20,82.07,81.95,81.84,81.71,81.56,81.45,81.33,81.13,80.97,80.88,80.77,80.61,80.48,80.33,80.19,80.07,79.92,79.42,78.86,78.28,77.66,77.04,76.46,75.87,75.25,74.64,74.02,73.61,73.36,73.18,73.02,72.87,72.74,72.63,72.47,72.34,72.20,72.06,71.95,71.81,71.67,71.52,71.39,71.30,71.16,71.03,70.94,70.85,70.64,69.18,67.52,67.24,67.16,67.21,68.30,70.27,70.50,70.55,70.66,70.81,70.94,71.04,71.18,71.30,71.35,71.43,71.46,71.52,71.59,71.64,71.71,71.76,71.80,71.88,71.98,72.06,72.15,72.25,72.33,72.44,72.56,72.66,72.74,72.88,72.97,73.00,72.97,72.97,73.06,73.18,73.28,73.41,73.55,73.68,73.81,73.93,74.02,74.09,74.19,74.31,74.39,74.47,74.53,74.55,74.44,74.25,74.25,74.27,74.05,73.51,73.04,72.66,72.33,71.95,71.63,71.32,71.03,70.81,70.64,70.63,70.66,70.66,70.64,70.64,70.59,70.52,70.44,70.41,70.36,70.30,70.23,70.21,70.16,70.09,70.03,69.98,69.72,69.41,69.06,68.59,68.13,67.72,67.47,67.43,67.42,67.58,67.76,67.91,68.01,68.14,68.25,68.37,68.52,68.62,68.71,68.75,68.73,68.68,68.91,69.27,69.69,70.15,70.57,71.01,71.45,71.86,72.39,72.79,73.19,73.69,74.36,74.96,75.50,76.01,76.48,76.86,77.24,77.86,78.69,79.26,79.71,79.93,79.88,79.42,78.11,77.08,76.12,74.83,73.34,74.24,76.03,78.10,80.60,83.52,86.15,87.99,88.35,87.04,85.90,84.93,84.06,83.41,82.47,81.45,80.49,79.69,79.17,78.76,78.46,78.38,78.66,79.00,79.62,80.69,82.26,82.09,80.73,79.30,78.73,78.10,77.45,76.83,76.20,75.58,74.97,74.40,73.89,73.50,73.10,72.70,72.33,71.98,71.74,71.57,71.45,71.33,71.06,70.92,70.87,70.83,70.75,70.72,70.62,70.39,70.06,69.78
82.00,82.02,82.06,82.11,82.13,82.19,82.21,82.20,82.19,82.12,82.03,81.92,81.79,81.69,81.55,81.44,81.33,81.17,81.02,80.93,80.81,80.67,80.58,80.44,80.25,80.06,79.84,79.30,78.69,78.08,77.46,76.84,76.23,75.62,75.00,74.39,73.77,73.30,72.97,72.75,72.58,72.43,72.28,72.13,71.97,71.88,71.75,71.60,71.45,71.30,71.19,71.08,70.94,70.85,70.53,70.19,69.94,69.85,69.65,66.03,61.75,61.12,61.02,61.03,63.71,68.84,69.57,69.84,70.19,70.54,70.63,70.77,70.92,71.02,71.04,71.11,71.19,71.25,71.31,71.34,71.41,71.48,71.55,71.64,71.78,71.88,71.98,72.11,72.20,72.28,72.40,72.53,72.62,72.76,72.82,72.85,72.92,73.04,73.13,73.25,73.38,73.46,73.55,73.63,73.72,73.80,73.88,73.95,74.03,74.12,74.20,74.28,74.31,74.28,74.14,73.98,73.85,73.73,73.54,73.22,72.93,72.65,72.33,71.95,71.63,71.32,71.03,70.84,70.78,70.78,70.79,70.77,70.71,70.69,70.65,70.58,70.50,70.43,70.40,70.36,70.29,70.22,70.20,70.16,70.08,70.02,69.96,69.77,69.43,68.97,68.50,68.11,67.78,67.49,67.17,67.19,67.33,67.47,67.61,67.71,67.83,67.98,68.11,68.14,68.20,68.24,68.22,68.16,68.12,68.36,68.81,69.27,69.72,70.19,70.62,71.00,71.40,71.74,72.16,72.71,73.37,73.88,74.27,74.63,75.02,75.35,75.72,76.31,77.01,77.16,77.12,77.07,76.97,76.60,75.32,74.55,73.94,73.05,72.07,72.84,74.50,76.50,78.52,80.63,82.70,84.19,84.39,83.65,82.86,82.39,82.21,81.64,80.95,80.24,79.59,79.09,78.63,78.22,77.92,77.82,78.06,78.35,78.67,79.06,79.59,79.52,78.95,78.31,77.99,77.48,76.84,76.19,75.58,74.96,74.34,73.76,73.26,72.87,72.42,72.01,71.65,71.34,71.11,70.94,70.82,70.71,70.50,70.44,70.39,70.31,70.25,70.29,70.24,69.95,69.41,69.03
81.77,81.81,81.85,81.88,81.93,82.00,82.03,82.03,82.02,81.99,81.92,81.83,81.72,81.59,81.44,81.31,81.18,81.03,80.96,80.85,80.73,80.62,80.50,80.35,80.18,79.97,79.64,79.07,78.45,77.84,77.22,76.60,76.01,75.42,74.81,74.19,73.57,73.06,72.68,72.42,72.21,72.04,71.86,71.68,71.52,71.39,71.28,71.16,71.00,70.85,70.74,70.64,70.49,70.32,68.23,65.89,64.38,64.28,64.20,62.39,60.25,59.94,59.86,59.87,61.23,63.80,64.22,65.34,67.74,70.23,70.37,70.52,70.64,70.73,70.78,70.85,70.93,70.98,71.02,71.07,71.18,71.30,71.41,71.50,71.64,71.74,71.83,71.94,72.06,72.15,72.27,72.40,72.49,72.63,72.72,72.77,72.85,72.96,73.04,73.13,73.24,73.32,73.39,73.47,73.54,73.57,73.65,73.72,73.80,73.88,73.96,74.03,74.05,73.98,73.83,73.71,73.60,73.47,73.30,73.05,72.84,72.60,72.28,71.94,71.63,71.32,71.06,70.94,70.91,70.91,70.90,70.85,70.77,70.72,70.68,70.64,70.56,70.48,70.45,70.43,70.35,70.27,70.25,70.22,70.14,70.07,70.06,69.96,69.73,69.34,68.85,68.61,68.36,67.91,67.44,67.11,67.00,67.08,67.19,67.31,67.42,67.53,67.63,67.64,67.66,67.68,67.67,67.64,67.53,67.62,67.91,68.38,68.84,69.31,69.69,69.96,70.34,70.70,71.10,71.56,72.03,72.45,72.81,73.14,73.52,73.83,74.19,74.71,75.21,75.06,74.79,74.33,73.87,73.61,72.52,71.91,71.58,71.17,70.77,71.31,72.70,74.65,76.52,78.21,79.81,80.94,81.06,80.63,80.29,80.15,80.12,79.83,79.49,79.18,78.92,78.70,78.31,77.94,77.62,77.36,77.26,77.30,77.48,77.77,78.08,78.13,77.77,77.30,77.05,76.70,76.20,75.61,75.00,74.38,73.76,73.16,72.63,72.23,71.78,71.37,71.01,70.71,70.47,70.34,70.24,70.14,69.97,69.90,69.83,69.74,69.64,69.66,69.58,69.26,68.70,68.19
81.54,81.59,81.63,81.66,81.73,81.80,81.82,81.84,81.84,81.85,81.80,81.71,81.60,81.45,81.30,81.14,80.99,80.85,80.82,80.72,80.60,80.51,80.38,80.23,80.05,79.81,79.39,78.81,78.21,77.60,76.98,76.37,75.80,75.21,74.59,73.97,73.35,72.82,72.40,72.12,71.86,71.67,71.48,71.27,71.10,70.94,70.81,70.69,70.47,69.60,68.71,68.13,68.00,67.83,65.05,61.96,59.97,59.88,59.88,59.88,59.88,59.87,59.82,59.84,59.87,59.86,59.95,61.36,64.55,67.88,68.13,69.29,70.08,70.44,70.52,70.60,70.68,70.73,70.78,70.87,71.00,71.15,71.28,71.37,71.51,71.61,71.69,71.78,71.93,72.02,72.14,72.28,72.36,72.49,72.57,72.65,72.72,72.80,72.88,72.95,73.03,73.11,73.19,73.26,73.32,73.34,73.42,73.49,73.57,73.64,73.72,73.79,73.77,73.66,73.53,73.46,73.39,73.28,73.11,72.89,72.72,72.50,72.21,71.93,71.63,71.33,71.11,71.05,71.03,71.01,70.97,70.91,70.83,70.76,70.72,70.70,70.63,70.55,70.51,70.48,70.41,70.34,70.31,70.27,70.21,70.13,70.11,70.06,69.95,69.66,69.23,69.17,69.01,68.45,67.91,67.32,66.97,66.87,66.83,66.90,66.98,67.05,67.10,67.11,67.11,67.11,67.11,67.10,66.99,66.93,67.04,67.48,67.94,68.33,68.62,68.83,69.20,69.56,69.92,70.28,70.59,70.97,71.30,71.63,72.00,72.31,72.69,73.12,73.42,73.06,72.61,71.89,71.19,71.02,70.26,69.84,69.67,69.62,69.65,69.99,71.03,72.72,74.49,76.03,77.36,78.25,78.41,78.19,78.16,78.19,78.18,78.12,78.06,78.03,78.02,77.98,77.72,77.45,77.19,76.89,76.58,76.41,76.43,76.61,76.84,76.99,76.73,76.30,76.06,75.83,75.46,74.98,74.40,73.78,73.17,72.55,71.99,71.59,71.15,70.75,70.43,70.16,69.94,69.81,69.71,69.62,69.47,69.32,69.22,69.11,68.96,68.93,68.83,68.52,67.97,67.41
81.34,81.36,81.40,81.47,81.54,81.56,81.60,81.64,81.66,81.72,81.67,81.56,81.42,81.26,81.11,80.95,80.80,80.66,80.58,80.50,80.41,80.33,80.24,80.10,79.87,79.54,79.08,78.54,77.99,77.41,76.80,76.17,75.57,74.95,74.34,73.72,73.10,72.54,72.10,71.85,71.56,71.32,71.12,70.94,70.73,70.56,70.37,70.18,69.74,66.75,63.51,61.53,61.51,61.47,60.92,60.31,59.90,59.83,59.81,59.81,59.81,59.81,59.80,59.81,59.79,59.75,59.82,60.11,60.77,61.48,61.99,66.11,68.97,70.17,70.26,70.34,70.42,70.52,70.66,70.80,70.90,71.02,71.16,71.24,71.39,71.49,71.56,71.66,71.80,71.90,72.01,72.15,72.23,72.31,72.36,72.39,72.47,72.55,72.62,72.70,72.78,72.86,72.93,73.00,73.08,73.15,73.23,73.30,73.38,73.45,73.53,73.56,73.48,73.36,73.28,73.25,73.20,73.09,72.92,72.70,72.53,72.33,72.10,71.92,71.63,71.36,71.18,71.16,71.10,71.04,71.00,70.97,70.90,70.83,70.78,70.77,70.69,70.61,70.54,70.50,70.48,70.41,70.33,70.29,70.27,70.20,70.13,70.09,70.05,69.92,69.72,69.80,69.69,69.09,68.55,68.00,67.50,67.05,66.63,66.47,66.47,66.53,66.54,66.54,66.54,66.54,66.54,66.54,66.46,66.28,66.19,66.54,66.98,67.18,67.31,67.56,67.93,68.21,68.50,68.82,69.13,69.51,69.84,70.16,70.48,70.79,71.20,71.58,71.71,71.28,70.62,69.93,69.41,69.32,69.11,68.92,68.79,68.75,68.86,69.15,69.73,70.74,72.39,74.14,75.55,76.48,76.81,76.70,76.66,76.67,76.67,76.66,76.64,76.60,76.56,76.55,76.50,76.44,76.39,76.33,76.27,76.04,75.77,75.56,75.62,75.85,75.71,75.34,75.05,74.81,74.55,74.22,73.76,73.16,72.53,71.91,71.35,70.97,70.51,70.19,69.96,69.78,69.61,69.42,69.27,69.17,69.01,68.71,68.53,68.41,68.20,68.12,68.04,67.75,67.24,66.80
81.10,81.14,81.20,81.26,81.31,81.34,81.38,81.42,81.47,81.53,81.50,81.38,81.23,81.07,80.92,80.76,80.61,80.46,80.38,80.30,80.24,80.19,80.11,79.94,79.64,79.24,78.77,78.23,77.70,77.14,76.56,75.94,75.32,74.70,74.09,73.47,72.85,72.26,71.79,71.55,71.28,71.01,70.78,70.59,70.33,69.11,67.06,65.19,64.94,63.11,61.11,59.90,59.89,59.86,59.85,59.85,59.84,59.80,59.77,59.76,59.76,59.76,59.76,59.76,59.73,59.71,59.75,59.78,59.82,59.86,60.20,62.73,64.49,66.39,69.23,70.06,70.29,70.41,70.53,70.68,70.77,70.90,71.03,71.11,71.22,71.34,71.44,71.52,71.64,71.75,71.89,72.02,72.10,72.14,72.18,72.22,72.26,72.34,72.42,72.49,72.57,72.65,72.73,72.80,72.88,72.95,73.03,73.11,73.19,73.27,73.34,73.30,73.18,73.06,73.06,73.09,73.03,72.90,72.73,72.51,72.34,72.15,71.93,71.77,71.55,71.36,71.24,71.20,71.16,71.09,71.03,71.00,70.95,70.89,70.83,70.78,70.70,70.66,70.60,70.53,70.50,70.46,70.39,70.33,70.29,70.25,70.18,70.13,70.08,70.03,70.14,70.22,70.06,69.62,69.32,68.95,68.49,67.96,67.46,67.09,66.83,66.63,66.44,66.25,66.07,65.99,66.01,66.01,65.95,65.76,65.58,65.65,65.83,65.92,66.03,66.27,66.58,66.83,67.10,67.41,67.72,68.06,68.41,68.75,69.06,69.36,69.73,70.03,70.12,69.78,69.21,68.65,68.27,68.22,68.15,68.05,67.94,67.91,68.05,68.41,68.95,69.72,70.93,72.61,73.94,74.80,75.19,75.17,75.17,75.19,75.19,75.19,75.19,75.17,75.14,75.14,75.11,75.09,75.09,75.09,75.09,74.97,74.79,74.63,74.64,74.74,74.62,74.35,74.08,73.81,73.56,73.30,72.95,72.45,71.89,71.28,70.73,70.39,70.10,69.91,69.75,69.59,69.40,69.18,68.98,68.82,68.63,68.44,68.28,68.14,67.95,67.72,67.50,67.17,66.74,66.45
80.87,80.93,81.00,81.06,81.07,81.13,81.17,81.21,81.28,81.36,81.31,81.20,81.05,80.90,80.74,80.59,80.42,80.26,80.11,80.01,79.96,79.96,79.92,79.73,79.38,78.93,78.46,77.92,77.38,76.83,76.28,75.67,75.06,74.46,73.84,73.22,72.60,72.00,71.49,71.24,71.00,70.72,70.34,69.77,68.80,66.64,63.23,60.13,60.12,60.03,59.94,59.88,59.88,59.82,59.79,59.79,59.79,59.78,59.73,59.69,59.69,59.69,59.69,59.69,59.69,59.70,59.70,59.75,59.79,59.82,59.89,60.01,60.09,62.19,67.20,69.17,69.98,70.31,70.41,70.56,70.65,70.77,70.90,70.98,71.06,71.18,71.30,71.39,71.47,71.61,71.76,71.90,71.97,71.97,72.02,72.06,72.08,72.15,72.23,72.30,72.38,72.46,72.53,72.61,72.69,72.77,72.84,72.92,73.00,73.07,73.12,73.02,72.88,72.80,72.86,72.94,72.87,72.71,72.55,72.32,72.15,71.96,71.74,71.58,71.44,71.34,71.28,71.22,71.20,71.15,71.08,71.02,71.00,70.94,70.86,70.80,70.72,70.70,70.66,70.58,70.52,70.50,70.44,70.37,70.31,70.30,70.23,70.16,70.10,70.10,70.46,70.47,70.25,70.02,69.97,69.80,69.46,69.01,68.60,68.11,67.61,67.15,66.77,66.41,66.06,65.89,65.95,66.00,65.91,65.75,65.58,65.46,65.35,65.33,65.38,65.47,65.55,65.66,65.81,66.02,66.33,66.64,66.99,67.34,67.65,67.97,68.29,68.53,68.60,68.39,67.99,67.60,67.34,67.32,67.26,67.18,67.11,67.09,67.28,67.74,68.36,69.06,69.83,71.25,72.42,73.20,73.60,73.67,73.71,73.73,73.73,73.73,73.73,73.73,73.74,73.75,73.72,73.73,73.75,73.78,73.81,73.84,73.85,73.86,73.87,73.82,73.70,73.50,73.23,72.91,72.63,72.37,72.09,71.70,71.21,70.68,70.19,69.92,69.81,69.72,69.61,69.44,69.23,69.03,68.84,68.64,68.46,68.44,68.36,68.21,68.03,67.67,67.26,66.85,66.52,66.41
80.67,80.74,80.79,80.82,80.87,80.90,80.98,81.08,81.16,81.23,81.19,81.07,80.92,80.76,80.61,80.45,80.28,80.03,79.58,79.35,79.30,79.38,79.51,79.36,79.03,78.62,78.19,77.62,77.06,76.52,75.97,75.36,74.78,74.22,73.65,73.03,72.41,71.80,71.27,70.93,70.69,70.44,69.58,67.38,63.33,61.85,60.83,59.90,59.89,59.84,59.83,59.83,59.82,59.80,59.75,59.73,59.73,59.73,59.70,59.67,59.63,59.63,59.63,59.63,59.65,59.69,59.70,59.71,59.75,59.81,59.82,59.83,59.86,60.52,62.55,66.16,68.90,70.19,70.28,70.43,70.52,70.64,70.77,70.85,70.93,71.02,71.13,71.26,71.34,71.48,71.63,71.77,71.84,71.80,71.83,71.88,71.89,71.96,72.03,72.11,72.19,72.27,72.34,72.42,72.50,72.58,72.65,72.73,72.81,72.86,72.83,72.70,72.63,72.66,72.68,72.75,72.68,72.52,72.36,72.13,71.96,71.77,71.55,71.40,71.29,71.27,71.30,71.27,71.22,71.19,71.14,71.07,71.01,70.94,70.89,70.85,70.78,70.72,70.69,70.64,70.58,70.51,70.44,70.39,70.36,70.31,70.23,70.19,70.19,70.26,70.57,70.41,70.14,70.07,70.01,69.96,69.85,69.72,69.58,69.26,68.85,68.44,68.07,67.79,67.52,67.38,67.45,67.69,67.50,67.37,67.45,67.68,67.50,67.23,66.87,66.33,65.71,65.25,64.86,64.63,64.93,65.24,65.56,65.88,66.20,66.56,66.92,67.17,67.22,67.05,66.78,66.57,66.44,66.38,66.30,66.27,66.25,66.30,66.66,67.20,67.85,68.53,69.19,70.09,71.03,71.78,72.15,72.30,72.31,72.28,72.28,72.28,72.28,72.28,72.30,72.37,72.50,72.67,72.82,72.95,73.12,73.29,73.44,73.54,73.59,73.58,73.45,73.19,72.83,72.36,71.93,71.58,71.27,70.89,70.47,70.16,69.95,69.77,69.68,69.56,69.42,69.26,69.09,69.05,69.02,68.96,68.92,69.00,68.99,68.89,68.75,68.35,67.78,67.26,66.98,67.14
80.47,80.53,80.56,80.61,80.68,80.75,80.85,80.95,81.03,81.11,81.06,80.96,80.82,80.64,80.48,80.33,80.10,79.67,78.95,78.50,78.36,78.50,78.73,78.75,78.59,78.31,77.90,77.31,76.75,76.20,75.66,75.07,74.50,73.95,73.39,72.80,72.19,71.57,71.03,70.66,70.38,68.98,66.81,63.99,60.63,59.90,59.89,59.87,59.86,59.82,59.78,59.77,59.77,59.76,59.73,59.69,59.66,59.66,59.66,59.63,59.59,59.57,59.56,59.59,59.62,59.66,59.69,59.70,59.73,59.77,59.80,59.80,59.83,59.87,60.36,63.01,65.31,67.78,70.06,70.30,70.39,70.50,70.61,70.69,70.79,70.88,70.99,71.13,71.21,71.35,71.51,71.63,71.67,71.64,71.66,71.69,71.72,71.77,71.84,71.92,72.00,72.08,72.16,72.23,72.31,72.39,72.46,72.54,72.62,72.66,72.53,72.43,72.43,72.49,72.53,72.57,72.49,72.32,72.13,71.94,71.77,71.58,71.37,71.25,71.18,71.20,71.27,71.26,71.21,71.20,71.17,71.10,71.05,70.97,70.92,70.89,70.84,70.77,70.72,70.67,70.60,70.55,70.48,70.42,70.39,70.34,70.27,70.22,70.25,70.44,70.56,70.35,70.13,70.09,70.05,70.03,70.03,70.03,69.99,69.82,69.60,69.36,69.14,68.98,68.84,68.77,68.81,69.01,68.87,68.83,68.99,69.28,69.13,68.86,68.48,67.96,67.40,66.97,66.52,66.03,65.68,65.32,64.97,64.75,64.85,65.20,65.58,65.83,65.87,65.76,65.67,65.63,65.62,65.55,65.50,65.56,65.78,66.19,66.73,67.29,67.81,68.30,68.81,69.40,70.13,70.78,71.05,71.22,71.30,71.36,71.44,71.50,71.59,71.67,71.77,71.88,72.10,72.33,72.53,72.70,72.89,73.08,73.22,73.34,73.41,73.34,73.17,72.91,72.57,72.15,71.66,71.19,70.79,70.38,70.06,69.88,69.80,69.67,69.56,69.44,69.33,69.23,69.17,69.22,69.25,69.27,69.36,69.53,69.79,69.87,69.42,68.86,68.19,67.70,67.60,67.89
80.27,80.31,80.35,80.43,80.51,80.64,80.74,80.82,80.88,80.95,80.92,80.85,80.73,80.53,80.36,80.21,79.90,79.22,78.27,77.54,77.25,77.44,77.72,77.94,78.03,77.94,77.57,77.00,76.42,75.89,75.34,74.80,74.20,73.63,73.08,72.53,71.93,71.32,70.75,70.27,69.56,66.54,63.03,60.52,59.98,59.89,59.86,59.80,59.80,59.79,59.75,59.70,59.70,59.70,59.69,59.66,59.60,59.60,59.59,59.59,59.57,59.52,59.50,59.55,59.60,59.62,59.68,59.70,59.70,59.72,59.78,59.80,59.80,59.83,59.94,60.26,60.76,64.05,69.11,70.06,70.27,70.34,70.43,70.51,70.65,70.75,70.86,71.00,71.09,71.23,71.38,71.49,71.50,71.49,71.49,71.52,71.58,71.59,71.66,71.73,71.81,71.89,71.97,72.04,72.12,72.20,72.27,72.35,72.42,72.44,72.25,72.21,72.24,72.31,72.38,72.39,72.30,72.11,71.90,71.73,71.57,71.38,71.20,71.12,71.10,71.15,71.19,71.20,71.20,71.20,71.17,71.11,71.09,71.03,70.97,70.91,70.89,70.82,70.75,70.68,70.61,70.60,70.54,70.47,70.41,70.39,70.33,70.26,70.31,70.60,70.47,70.30,70.17,70.11,70.11,70.11,70.10,70.08,70.02,69.99,69.96,69.94,69.90,69.88,69.86,69.85,69.86,69.89,69.87,69.94,70.09,70.23,70.19,70.05,69.89,69.77,69.70,69.65,69.44,68.89,67.75,66.55,65.36,64.42,64.09,64.24,64.47,64.60,64.59,64.55,64.64,64.77,64.85,64.80,64.83,65.09,65.66,66.55,67.26,67.80,68.14,68.37,68.72,69.15,69.69,70.15,70.32,70.47,70.67,70.88,71.09,71.23,71.44,71.65,71.85,72.00,72.22,72.44,72.63,72.78,72.94,73.05,73.13,73.21,73.25,73.08,72.86,72.63,72.38,72.13,71.64,71.08,70.58,70.12,69.89,69.77,69.69,69.60,69.48,69.38,69.33,69.33,69.38,69.46,69.50,69.55,69.76,70.03,70.63,70.90,69.95,69.19,68.50,68.15,68.28,68.65
79.98,80.15,80.21,80.29,80.38,80.52,80.59,80.62,80.64,80.67,80.69,80.66,80.58,80.44,80.30,80.14,79.74,78.79,77.71,76.70,76.23,76.41,76.66,76.94,77.17,77.31,77.21,76.67,76.12,75.58,75.03,74.49,73.88,73.31,72.77,72.22,71.66,71.06,70.38,69.17,65.91,62.98,60.91,59.91,59.84,59.84,59.82,59.79,59.74,59.73,59.72,59.68,59.64,59.63,59.63,59.62,59.59,59.54,59.54,59.54,59.53,59.50,59.50,59.52,59.56,59.60,59.63,59.68,59.70,59.71,59.73,59.78,59.80,59.81,59.84,59.89,60.00,61.32,64.47,69.16,70.14,70.22,70.29,70.38,70.53,70.63,70.73,70.88,71.01,71.12,71.22,71.30,71.30,71.30,71.30,71.33,71.40,71.41,71.47,71.54,71.62,71.70,71.77,71.85,71.93,72.00,72.08,72.16,72.19,72.15,72.03,72.04,72.08,72.12,72.19,72.20,72.11,71.92,71.70,71.54,71.35,71.18,71.07,71.04,71.03,71.08,71.14,71.14,71.19,71.20,71.19,71.16,71.11,71.08,71.02,70.95,70.90,70.83,70.78,70.74,70.66,70.61,70.58,70.53,70.46,70.41,70.38,70.32,70.36,70.62,70.42,70.26,70.19,70.17,70.17,70.17,70.14,70.09,70.07,70.06,70.06,70.05,70.00,70.00,70.00,70.00,70.00,70.00,70.00,70.06,70.17,70.32,70.36,70.26,70.11,70.01,70.00,70.00,69.93,69.72,69.23,68.72,68.07,67.21,66.17,65.37,64.57,63.88,63.49,63.63,63.79,63.91,63.99,64.07,64.46,65.12,65.97,66.94,67.75,68.37,68.75,69.00,69.40,69.68,69.95,70.18,70.33,70.49,70.70,70.93,71.15,71.31,71.53,71.76,71.97,72.13,72.31,72.45,72.58,72.69,72.84,72.93,73.01,73.06,73.02,72.83,72.60,72.37,72.14,71.91,71.54,71.09,70.58,70.05,69.84,69.76,69.68,69.60,69.55,69.51,69.50,69.51,69.58,69.66,69.72,69.80,70.01,70.56,71.19,71.24,70.06,69.32,68.77,68.61,68.91,69.34
78.69,79.44,79.92,80.19,80.25,80.35,80.38,80.38,80.39,80.41,80.46,80.46,80.41,80.34,80.20,79.91,79.31,78.22,77.11,75.98,75.34,75.37,75.61,75.89,76.18,76.46,76.64,76.28,75.75,75.20,74.66,74.11,73.52,72.94,72.40,71.85,71.29,70.59,69.36,66.86,62.74,60.61,59.85,59.80,59.80,59.78,59.77,59.76,59.70,59.68,59.67,59.65,59.60,59.58,59.58,59.58,59.56,59.51,59.48,59.48,59.48,59.48,59.49,59.50,59.52,59.57,59.60,59.65,59.67,59.68,59.70,59.75,59.77,59.78,59.80,59.86,59.88,59.88,61.10,66.14,67.19,68.56,70.17,70.25,70.38,70.49,70.61,70.76,70.91,71.03,71.09,71.11,71.11,71.11,71.13,71.17,71.22,71.24,71.28,71.35,71.43,71.50,71.58,71.66,71.74,71.81,71.89,71.95,71.96,71.88,71.83,71.88,71.93,71.96,72.00,72.02,71.92,71.73,71.52,71.35,71.14,71.00,70.97,70.97,70.97,71.02,71.08,71.08,71.15,71.17,71.17,71.17,71.14,71.11,71.06,70.99,70.93,70.85,70.81,70.78,70.72,70.64,70.61,70.57,70.52,70.44,70.41,70.41,70.46,70.57,70.38,70.26,70.22,70.22,70.22,70.21,70.17,70.13,70.13,70.11,70.10,70.08,70.03,70.03,70.03,70.03,70.03,70.03,70.03,70.06,70.13,70.27,70.37,70.31,70.16,70.02,70.00,70.02,70.03,70.03,70.03,70.03,69.86,69.32,68.25,67.25,66.10,64.98,64.12,63.75,63.32,63.17,63.28,63.47,64.14,65.17,66.29,67.33,68.21,68.92,69.36,69.60,69.94,70.11,70.20,70.31,70.46,70.62,70.83,71.06,71.28,71.44,71.65,71.86,72.03,72.17,72.30,72.40,72.48,72.59,72.72,72.81,72.87,72.89,72.76,72.55,72.32,72.08,71.85,71.62,71.35,71.02,70.60,70.11,69.89,69.78,69.71,69.66,69.66,69.67,69.69,69.71,69.84,70.02,70.19,70.37,70.63,71.11,71.44,71.21,70.09,69.45,69.09,69.10,69.51,69.93
76.08,77.83,79.14,79.81,79.84,79.84,79.87,79.91,79.97,80.09,80.19,80.23,80.22,80.20,80.05,79.45,78.53,77.46,76.43,75.36,74.58,74.32,74.58,74.83,75.07,75.38,75.83,75.80,75.35,74.76,74.21,73.67,73.07,72.49,71.95,71.40,70.78,69.75,67.47,63.31,60.80,59.97,59.81,59.79,59.79,59.74,59.71,59.70,59.69,59.64,59.61,59.60,59.59,59.52,59.51,59.51,59.51,59.49,59.44,59.41,59.41,59.42,59.48,59.50,59.50,59.52,59.58,59.60,59.61,59.63,59.69,59.70,59.70,59.73,59.79,59.80,59.80,59.81,60.03,60.94,61.12,65.05,69.66,69.78,70.12,70.33,70.48,70.64,70.79,70.94,70.97,70.93,70.92,70.92,70.97,71.02,71.03,71.10,71.12,71.16,71.24,71.31,71.39,71.47,71.55,71.63,71.70,71.73,71.70,71.64,71.63,71.69,71.76,71.82,71.83,71.83,71.72,71.54,71.33,71.16,70.95,70.86,70.91,70.91,70.91,70.95,71.00,71.02,71.09,71.11,71.11,71.12,71.17,71.13,71.06,71.00,70.98,70.92,70.85,70.80,70.78,70.71,70.64,70.60,70.57,70.50,70.43,70.51,70.60,70.44,70.34,70.30,70.30,70.30,70.29,70.23,70.20,70.19,70.19,70.13,70.11,70.10,70.09,70.09,70.09,70.09,70.09,70.09,70.09,70.09,70.12,70.22,70.35,70.34,70.21,70.02,70.00,70.05,70.09,70.09,70.09,70.09,70.06,69.95,69.72,69.55,69.03,68.11,66.78,65.19,63.48,62.73,62.78,63.03,63.83,65.13,66.50,67.67,68.63,69.42,69.88,70.03,70.16,70.25,70.33,70.43,70.58,70.74,70.95,71.19,71.39,71.55,71.77,71.92,72.02,72.10,72.19,72.27,72.38,72.51,72.60,72.68,72.72,72.67,72.46,72.23,72.00,71.77,71.54,71.31,71.07,70.82,70.56,70.29,70.02,69.85,69.79,69.78,69.78,69.84,69.89,69.95,70.21,70.59,70.97,71.32,71.67,71.60,71.33,70.85,70.12,69.62,69.45,69.62,70.04,70.38
72.56,73.62,74.71,75.60,75.97,75.75,76.02,76.63,77.40,78.35,79.43,80.02,80.09,80.04,79.48,78.58,77.51,76.44,75.43,74.46,73.67,73.24,73.42,73.65,73.91,74.31,75.02,75.42,75.06,74.39,73.77,73.18,72.61,72.03,71.45,70.87,69.92,67.69,64.52,61.31,60.13,59.84,59.78,59.75,59.74,59.72,59.68,59.64,59.64,59.61,59.57,59.55,59.54,59.51,59.46,59.45,59.45,59.44,59.41,59.37,59.36,59.40,59.44,59.48,59.50,59.51,59.54,59.55,59.57,59.61,59.64,59.64,59.64,59.67,59.74,59.74,59.74,59.77,59.81,59.84,59.84,61.93,64.41,65.03,68.84,70.20,70.35,70.51,70.66,70.78,70.82,70.78,70.75,70.78,70.81,70.84,70.85,70.92,70.94,70.97,71.05,71.13,71.20,71.28,71.36,71.44,71.51,71.47,71.43,71.44,71.48,71.52,71.58,71.64,71.68,71.65,71.51,71.31,71.13,70.97,70.82,70.78,70.84,70.85,70.88,70.92,70.94,70.95,71.03,71.05,71.05,71.06,71.13,71.12,71.08,71.04,71.00,70.97,70.91,70.84,70.80,70.72,70.68,70.63,70.59,70.56,70.48,70.56,70.63,70.42,70.37,70.36,70.36,70.35,70.31,70.27,70.25,70.25,70.20,70.17,70.16,70.14,70.10,70.10,70.10,70.10,70.10,70.10,70.10,70.10,70.11,70.16,70.30,70.35,70.27,70.08,70.06,70.08,70.10,70.11,70.14,70.11,70.10,70.10,70.11,70.11,69.90,69.44,68.74,67.83,66.14,64.31,62.90,62.71,63.43,64.76,66.25,67.63,68.86,69.67,70.07,70.18,70.29,70.38,70.46,70.55,70.67,70.86,71.08,71.27,71.41,71.53,71.70,71.83,71.91,71.99,72.06,72.17,72.29,72.39,72.47,72.55,72.55,72.43,72.20,71.97,71.74,71.51,71.28,71.04,70.78,70.54,70.36,70.21,70.03,69.91,69.86,69.86,69.94,70.10,70.31,70.54,70.88,71.26,71.53,71.68,71.70,71.45,71.09,70.69,70.23,69.92,69.84,69.97,70.31,70.66
69.79,70.02,70.63,71.46,72.02,71.66,72.06,72.98,74.14,75.58,77.44,78.68,79.05,78.94,78.16,77.23,76.31,75.40,74.44,73.55,72.75,72.20,72.26,72.45,72.77,73.30,74.21,74.97,74.75,74.06,73.38,72.74,72.16,71.56,70.92,70.11,68.46,65.23,61.81,60.12,59.89,59.82,59.75,59.70,59.69,59.69,59.65,59.60,59.59,59.59,59.54,59.49,59.48,59.48,59.43,59.39,59.38,59.38,59.38,59.34,59.32,59.38,59.38,59.44,59.48,59.48,59.48,59.48,59.53,59.59,59.59,59.59,59.59,59.63,59.68,59.69,59.69,59.72,59.78,59.79,59.79,59.79,59.80,60.69,66.30,69.25,70.23,70.38,70.53,70.62,70.64,70.63,70.56,70.62,70.64,70.65,70.67,70.73,70.75,70.79,70.86,70.94,71.01,71.09,71.17,71.24,71.30,71.23,71.19,71.25,71.33,71.36,71.40,71.46,71.52,71.47,71.30,71.09,70.94,70.80,70.72,70.72,70.78,70.79,70.85,70.89,70.89,70.89,70.95,70.98,70.98,71.00,71.06,71.08,71.08,71.07,71.03,71.00,70.95,70.88,70.81,70.73,70.71,70.67,70.62,70.60,70.57,70.61,70.63,70.44,70.42,70.42,70.41,70.39,70.33,70.31,70.31,70.28,70.23,70.20,70.20,70.18,70.12,70.11,70.11,70.11,70.11,70.11,70.10,70.10,70.10,70.11,70.22,70.34,70.31,70.14,70.10,70.10,70.10,70.12,70.18,70.14,70.11,70.14,70.19,70.20,70.16,70.08,70.02,69.94,68.77,66.28,63.56,62.61,63.05,64.33,65.90,67.47,68.98,69.80,70.15,70.25,70.38,70.47,70.56,70.65,70.76,70.95,71.15,71.30,71.38,71.47,71.60,71.71,71.78,71.86,71.95,72.07,72.19,72.27,72.35,72.40,72.34,72.16,71.93,71.70,71.47,71.25,71.04,70.83,70.57,70.36,70.22,70.14,70.05,69.98,69.94,69.95,70.07,70.32,70.66,71.03,71.40,71.72,71.90,71.85,71.56,71.26,70.95,70.64,70.36,70.19,70.16,70.24,70.48,70.85
69.40,69.51,69.67,69.86,69.98,69.85,69.91,70.17,70.58,71.21,72.81,74.58,75.81,75.59,75.23,74.99,74.81,74.46,73.65,72.75,71.90,71.27,71.16,71.27,71.73,72.48,73.40,74.29,74.32,73.81,73.12,72.43,71.76,71.12,70.34,68.83,65.77,62.56,60.33,59.94,59.84,59.77,59.71,59.69,59.63,59.62,59.61,59.58,59.52,59.52,59.51,59.48,59.42,59.41,59.41,59.37,59.32,59.31,59.31,59.31,59.30,59.31,59.31,59.38,59.41,59.41,59.41,59.41,59.46,59.52,59.52,59.52,59.56,59.60,59.62,59.62,59.62,59.66,59.72,59.72,59.72,59.72,59.74,60.00,61.30,66.30,70.10,70.26,70.40,70.45,70.45,70.44,70.38,70.43,70.45,70.48,70.53,70.55,70.60,70.64,70.67,70.75,70.82,70.90,70.98,71.04,71.00,71.02,71.04,71.07,71.14,71.21,71.25,71.27,71.33,71.28,71.11,70.90,70.75,70.66,70.62,70.66,70.72,70.72,70.78,70.81,70.81,70.83,70.90,70.92,70.92,70.93,71.00,71.02,71.02,71.03,71.07,71.03,70.95,70.90,70.87,70.80,70.73,70.69,70.67,70.62,70.70,70.69,70.59,70.50,70.48,70.48,70.46,70.40,70.39,70.39,70.35,70.30,70.28,70.22,70.20,70.19,70.19,70.19,70.19,70.19,70.19,70.18,70.13,70.10,70.10,70.10,70.13,70.28,70.33,70.18,70.11,70.10,70.10,70.12,70.19,70.19,70.19,70.19,70.20,70.20,70.19,70.14,70.09,70.06,69.75,67.96,65.18,62.99,62.77,63.92,65.57,67.30,69.00,69.82,70.17,70.30,70.39,70.47,70.59,70.73,70.86,70.97,71.08,71.17,71.26,71.39,71.50,71.58,71.66,71.74,71.87,71.98,72.06,72.14,72.22,72.20,72.06,71.84,71.61,71.38,71.15,70.96,70.84,70.68,70.55,70.44,70.34,70.21,70.11,70.08,70.06,70.07,70.15,70.39,70.70,71.03,71.35,71.66,71.88,71.92,71.69,71.39,71.08,70.77,70.49,70.37,70.34,70.39,70.55,70.92
69.02,69.09,69.15,69.16,69.13,69.09,69.07,69.13,69.32,69.64,70.55,71.68,72.57,72.59,72.80,73.14,73.44,73.42,72.80,71.93,71.09,70.47,70.30,70.39,70.88,71.69,72.59,73.51,73.81,73.54,72.81,72.08,71.35,70.40,68.92,66.36,63.17,60.94,59.89,59.85,59.78,59.72,59.69,59.65,59.61,59.57,59.55,59.54,59.51,59.46,59.45,59.44,59.40,59.36,59.35,59.33,59.29,59.26,59.26,59.26,59.26,59.26,59.29,59.33,59.35,59.35,59.35,59.39,59.42,59.45,59.45,59.45,59.50,59.55,59.55,59.55,59.58,59.62,59.66,59.66,59.66,59.66,59.67,59.72,59.82,62.93,66.94,69.91,70.24,70.27,70.27,70.26,70.22,70.25,70.27,70.29,70.36,70.36,70.43,70.47,70.48,70.56,70.63,70.71,70.78,70.81,70.78,70.82,70.88,70.91,70.96,71.03,71.08,71.12,71.15,71.09,70.92,70.72,70.62,70.56,70.56,70.59,70.65,70.66,70.73,70.75,70.75,70.77,70.83,70.86,70.86,70.87,70.94,70.95,70.95,70.98,71.04,71.02,70.97,70.94,70.89,70.86,70.78,70.73,70.69,70.66,70.72,70.69,70.59,70.55,70.55,70.52,70.48,70.44,70.41,70.40,70.38,70.34,70.30,70.26,70.25,70.25,70.24,70.21,70.20,70.20,70.20,70.20,70.17,70.14,70.14,70.14,70.14,70.23,70.29,70.23,70.16,70.12,70.12,70.15,70.19,70.20,70.20,70.20,70.20,70.20,70.18,70.13,70.10,70.09,70.03,68.56,66.01,63.68,62.64,63.27,64.77,66.59,68.44,69.59,70.11,70.22,70.31,70.41,70.53,70.66,70.80,70.89,70.97,71.04,71.13,71.28,71.38,71.45,71.54,71.65,71.77,71.86,71.94,72.02,72.09,72.00,71.82,71.63,71.43,71.27,71.08,70.92,70.84,70.72,70.61,70.52,70.43,70.31,70.22,70.19,70.20,70.23,70.28,70.43,70.66,70.94,71.24,71.55,71.82,71.95,71.76,71.47,71.16,70.86,70.62,70.55,70.56,70.60,70.70,71.03
68.65,68.72,68.79,68.83,68.77,68.75,68.75,68.82,68.99,69.22,69.44,69.66,69.90,70.20,70.86,71.56,72.12,72.31,71.88,71.11,70.33,69.78,69.67,69.79,70.30,71.09,71.94,72.83,73.29,73.16,72.41,71.63,70.71,69.22,66.89,63.56,60.97,59.96,59.87,59.80,59.73,59.69,59.66,59.61,59.58,59.53,59.50,59.49,59.48,59.42,59.40,59.39,59.38,59.32,59.31,59.30,59.27,59.22,59.20,59.20,59.20,59.21,59.27,59.29,59.30,59.30,59.30,59.36,59.39,59.39,59.39,59.40,59.45,59.49,59.49,59.49,59.55,59.59,59.59,59.59,59.59,59.59,59.59,59.61,59.75,60.05,63.19,68.96,69.77,69.84,69.84,69.85,69.94,70.01,70.03,70.08,70.16,70.18,70.24,70.28,70.30,70.37,70.44,70.52,70.56,70.58,70.58,70.63,70.70,70.77,70.79,70.84,70.92,70.97,70.98,70.91,70.72,70.55,70.50,70.50,70.50,70.53,70.59,70.60,70.66,70.69,70.69,70.70,70.77,70.80,70.80,70.80,70.88,70.89,70.90,70.92,70.98,70.99,70.99,70.97,70.92,70.90,70.84,70.77,70.72,70.70,70.70,70.66,70.61,70.61,70.60,70.55,70.51,70.48,70.43,70.41,70.41,70.38,70.32,70.30,70.30,70.30,70.28,70.23,70.21,70.21,70.21,70.21,70.21,70.20,70.19,70.19,70.19,70.20,70.23,70.28,70.21,70.14,70.15,70.20,70.20,70.20,70.20,70.20,70.20,70.20,70.14,70.10,70.10,70.08,70.03,68.71,66.48,64.46,62.70,62.62,63.74,65.58,67.54,69.08,69.89,70.06,70.18,70.32,70.43,70.53,70.68,70.76,70.84,70.92,71.01,71.16,71.25,71.33,71.42,71.56,71.66,71.74,71.81,71.90,71.96,71.82,71.64,71.49,71.34,71.25,71.12,70.98,70.91,70.82,70.69,70.58,70.49,70.42,70.35,70.32,70.34,70.41,70.42,70.47,70.60,70.82,71.12,71.42,71.73,71.94,71.82,71.55,71.23,70.95,70.75,70.72,70.77,70.81,70.88,71.16
68.27,68.34,68.41,68.46,68.44,68.39,68.41,68.52,68.72,68.91,69.06,69.25,69.46,69.67,70.04,70.43,70.80,71.07,70.78,70.28,69.75,69.37,69.56,69.83,70.38,71.17,72.00,72.73,72.77,72.34,71.66,70.88,69.20,66.70,63.73,61.27,60.19,59.87,59.82,59.79,59.72,59.66,59.62,59.59,59.54,59.51,59.47,59.42,59.42,59.41,59.36,59.33,59.32,59.31,59.30,59.27,59.23,59.20,59.20,59.17,59.15,59.20,59.22,59.23,59.23,59.23,59.23,59.30,59.33,59.33,59.33,59.38,59.41,59.42,59.42,59.43,59.48,59.52,59.52,59.52,59.52,59.52,59.52,59.55,59.69,59.82,61.86,66.05,68.16,68.54,68.48,68.58,69.11,69.48,69.67,69.79,69.91,70.03,70.07,70.11,70.16,70.19,70.25,70.30,70.33,70.38,70.39,70.44,70.52,70.59,70.65,70.67,70.73,70.80,70.83,70.73,70.53,70.40,70.42,70.42,70.42,70.47,70.53,70.53,70.59,70.63,70.63,70.64,70.70,70.72,70.72,70.74,70.81,70.83,70.86,70.91,70.92,70.92,70.96,70.99,70.97,70.91,70.89,70.83,70.78,70.77,70.72,70.69,70.67,70.67,70.62,70.59,70.55,70.50,70.48,70.47,70.44,70.40,70.37,70.32,70.30,70.30,70.30,70.28,70.28,70.28,70.28,70.28,70.28,70.24,70.20,70.20,70.20,70.20,70.23,70.28,70.22,70.18,70.18,70.20,70.20,70.20,70.20,70.20,70.20,70.20,70.14,70.10,70.09,70.04,70.01,68.82,66.82,65.07,63.29,62.33,62.58,64.22,66.14,67.91,69.15,69.78,70.03,70.20,70.30,70.41,70.55,70.64,70.71,70.79,70.88,71.03,71.12,71.20,71.30,71.44,71.53,71.61,71.70,71.82,71.85,71.76,71.65,71.54,71.39,71.30,71.18,71.05,70.96,70.83,70.73,70.64,70.56,70.49,70.46,70.48,70.52,70.54,70.55,70.59,70.67,70.77,71.00,71.30,71.60,71.87,71.91,71.67,71.36,71.09,70.94,70.91,70.93,70.97,71.05,71.25
67.89,67.95,68.03,68.09,68.08,68.02,68.06,68.21,68.43,68.59,68.77,68.96,69.15,69.31,69.46,69.59,69.78,70.03,69.84,69.51,69.23,69.17,69.63,70.04,70.61,71.29,71.81,72.16,71.92,71.38,70.71,69.67,67.44,64.48,61.56,60.15,59.87,59.84,59.79,59.76,59.69,59.63,59.59,59.55,59.51,59.48,59.44,59.40,59.40,59.37,59.33,59.30,59.30,59.27,59.27,59.22,59.16,59.16,59.16,59.14,59.11,59.16,59.16,59.16,59.16,59.17,59.20,59.24,59.27,59.27,59.27,59.34,59.37,59.37,59.37,59.39,59.44,59.47,59.47,59.47,59.47,59.47,59.47,59.52,59.63,59.78,60.96,63.61,66.22,66.76,66.84,67.18,67.96,68.61,68.99,69.20,69.38,69.54,69.62,69.69,69.79,69.85,69.94,70.03,70.12,70.19,70.22,70.28,70.35,70.40,70.48,70.52,70.56,70.61,70.67,70.52,70.36,70.30,70.36,70.36,70.39,70.42,70.47,70.47,70.53,70.56,70.56,70.58,70.64,70.67,70.67,70.70,70.75,70.77,70.80,70.86,70.86,70.86,70.92,70.97,70.96,70.91,70.90,70.88,70.83,70.81,70.76,70.73,70.73,70.70,70.65,70.61,70.58,70.54,70.53,70.51,70.47,70.43,70.40,70.36,70.33,70.33,70.33,70.31,70.30,70.30,70.30,70.30,70.30,70.27,70.23,70.23,70.23,70.23,70.26,70.29,70.25,70.21,70.20,70.20,70.20,70.23,70.22,70.20,70.20,70.17,70.13,70.10,70.08,70.02,69.98,68.87,67.02,65.45,63.89,62.61,62.09,62.86,64.62,66.42,67.81,68.73,69.37,69.92,70.18,70.28,70.42,70.51,70.61,70.70,70.79,70.91,71.00,71.09,71.20,71.35,71.44,71.54,71.66,71.79,71.83,71.77,71.70,71.60,71.45,71.36,71.24,71.11,71.03,70.91,70.80,70.72,70.66,70.59,70.57,70.61,70.67,70.67,70.70,70.74,70.78,70.83,70.97,71.22,71.52,71.80,71.98,71.76,71.45,71.20,71.12,71.11,71.13,71.17,71.26,71.37
67.52,67.58,67.66,67.70,67.70,67.64,67.72,67.90,68.11,68.28,68.48,68.67,68.83,68.95,69.00,68.97,69.02,69.20,69.08,68.83,68.78,69.12,69.76,70.31,70.88,71.33,71.36,71.21,70.83,70.31,69.60,68.14,65.61,62.73,60.38,59.96,59.84,59.80,59.77,59.71,59.63,59.60,59.56,59.51,59.49,59.44,59.40,59.39,59.39,59.33,59.30,59.29,59.28,59.22,59.20,59.17,59.11,59.10,59.10,59.10,59.10,59.10,59.10,59.11,59.11,59.12,59.18,59.20,59.20,59.20,59.21,59.28,59.30,59.30,59.31,59.38,59.40,59.41,59.41,59.41,59.41,59.41,59.43,59.50,59.59,59.72,60.31,61.78,64.09,64.66,65.03,65.74,66.58,67.47,68.04,68.38,68.61,68.77,68.91,69.06,69.21,69.37,69.54,69.73,69.91,69.99,70.07,70.14,70.20,70.22,70.29,70.36,70.40,70.43,70.48,70.30,70.22,70.23,70.30,70.31,70.35,70.40,70.41,70.41,70.47,70.50,70.50,70.51,70.58,70.61,70.63,70.69,70.70,70.70,70.74,70.80,70.81,70.81,70.85,70.91,70.90,70.90,70.89,70.89,70.87,70.81,70.80,70.79,70.77,70.72,70.69,70.64,70.60,70.59,70.59,70.54,70.50,70.47,70.42,70.39,70.39,70.39,70.38,70.32,70.31,70.31,70.31,70.31,70.31,70.30,70.30,70.29,70.29,70.29,70.29,70.30,70.29,70.24,70.20,70.20,70.21,70.27,70.25,70.20,70.19,70.13,70.10,70.10,70.08,70.01,69.94,68.88,67.16,65.73,64.48,63.31,62.23,61.73,63.10,64.72,66.05,67.10,68.27,69.42,69.98,70.15,70.30,70.38,70.51,70.63,70.72,70.80,70.88,71.00,71.15,71.30,71.39,71.52,71.66,71.79,71.86,71.83,71.76,71.66,71.52,71.43,71.31,71.17,71.09,71.02,70.89,70.80,70.78,70.72,70.70,70.75,70.80,70.81,70.87,70.89,70.93,70.99,71.02,71.19,71.45,71.75,72.00,71.82,71.52,71.31,71.30,71.30,71.35,71.42,71.48,71.51
67.19,67.26,67.31,67.33,67.32,67.30,67.43,67.62,67.80,67.96,68.17,68.34,68.43,68.44,68.44,68.42,68.45,68.54,68.42,68.36,68.57,69.10,69.74,70.34,70.76,70.92,70.75,70.37,69.82,69.22,68.43,66.73,64.36,61.90,60.05,59.91,59.83,59.77,59.73,59.69,59.62,59.56,59.53,59.49,59.45,59.41,59.37,59.34,59.33,59.31,59.27,59.23,59.22,59.16,59.13,59.12,59.09,59.05,59.04,59.04,59.04,59.04,59.04,59.07,59.10,59.11,59.13,59.13,59.13,59.15,59.20,59.23,59.23,59.23,59.25,59.32,59.34,59.34,59.34,59.34,59.34,59.37,59.42,59.50,59.58,59.67,59.97,60.68,61.97,62.63,63.39,64.34,65.19,66.11,66.87,67.44,67.78,67.95,68.11,68.26,68.45,68.75,69.08,69.39,69.63,69.75,69.83,69.91,69.99,70.08,70.11,70.18,70.24,70.28,70.30,70.19,70.14,70.17,70.23,70.23,70.30,70.33,70.33,70.34,70.41,70.44,70.44,70.45,70.52,70.53,70.57,70.63,70.64,70.64,70.67,70.73,70.73,70.73,70.78,70.83,70.83,70.83,70.83,70.83,70.83,70.81,70.80,70.80,70.79,70.76,70.71,70.68,70.67,70.66,70.61,70.58,70.54,70.49,70.46,70.42,70.40,70.40,70.40,70.37,70.36,70.36,70.36,70.36,70.36,70.36,70.35,70.31,70.30,70.30,70.30,70.30,70.30,70.28,70.27,70.27,70.27,70.29,70.25,70.20,70.19,70.12,70.10,70.10,70.08,70.01,69.90,69.04,67.66,66.40,65.22,64.06,62.90,61.94,61.88,63.05,64.40,65.58,66.86,68.23,69.31,69.98,70.17,70.30,70.41,70.53,70.65,70.73,70.84,70.98,71.14,71.29,71.42,71.60,71.73,71.75,71.82,71.85,71.80,71.68,71.58,71.49,71.37,71.23,71.16,71.08,70.98,70.91,70.86,70.83,70.86,70.90,70.94,70.98,71.02,71.06,71.09,71.13,71.18,71.26,71.40,71.63,71.91,71.87,71.67,71.48,71.48,71.48,71.54,71.60,71.63,71.69
66.84,66.91,66.96,66.97,66.97,66.97,67.13,67.33,67.49,67.66,67.84,67.94,67.96,67.91,67.89,67.89,67.91,67.95,67.89,68.06,68.46,69.07,69.67,70.20,70.39,70.27,69.97,69.45,68.79,68.12,67.28,65.55,63.51,61.52,60.03,59.91,59.83,59.75,59.70,59.67,59.62,59.54,59.50,59.48,59.41,59.40,59.36,59.30,59.30,59.28,59.24,59.20,59.16,59.11,59.10,59.09,59.06,59.01,59.00,59.00,59.00,59.00,59.00,59.04,59.08,59.08,59.08,59.08,59.08,59.09,59.16,59.17,59.17,59.18,59.21,59.26,59.27,59.27,59.27,59.27,59.30,59.35,59.42,59.50,59.58,59.66,59.78,60.02,60.49,61.11,61.97,62.96,63.82,64.72,65.59,66.34,66.87,67.12,67.33,67.55,67.83,68.23,68.69,69.04,69.30,69.46,69.55,69.63,69.73,69.86,69.90,69.96,70.05,70.13,70.14,70.09,70.08,70.10,70.17,70.17,70.23,70.28,70.28,70.28,70.34,70.38,70.38,70.41,70.46,70.47,70.51,70.57,70.58,70.58,70.61,70.67,70.67,70.70,70.74,70.78,70.78,70.78,70.79,70.80,70.80,70.80,70.80,70.80,70.80,70.79,70.74,70.71,70.70,70.69,70.64,70.61,70.57,70.52,70.50,70.45,70.42,70.42,70.42,70.41,70.40,70.40,70.40,70.40,70.40,70.40,70.38,70.33,70.33,70.33,70.33,70.32,70.30,70.30,70.30,70.30,70.30,70.28,70.24,70.20,70.19,70.14,70.11,70.10,70.08,70.00,69.87,69.16,68.02,66.88,65.74,64.61,63.47,62.34,61.32,61.84,62.99,64.29,65.63,67.08,68.53,69.66,70.05,70.23,70.34,70.47,70.61,70.72,70.85,71.02,71.19,71.35,71.52,71.66,71.73,71.69,71.76,71.84,71.82,71.72,71.64,71.55,71.43,71.30,71.22,71.14,71.09,71.02,70.96,70.98,71.03,71.06,71.09,71.14,71.17,71.21,71.25,71.26,71.33,71.35,71.41,71.58,71.83,71.93,71.82,71.67,71.67,71.67,71.73,71.78,71.79,71.87
66.45,66.53,66.60,66.65,66.65,66.66,66.81,67.02,67.18,67.39,67.46,67.44,67.40,67.39,67.39,67.39,67.40,67.43,67.54,67.93,68.45,69.01,69.60,69.88,69.75,69.35,68.96,68.38,67.72,67.02,66.19,64.69,63.12,61.53,60.23,59.94,59.83,59.75,59.68,59.62,59.60,59.54,59.50,59.48,59.41,59.40,59.36,59.30,59.29,59.24,59.21,59.17,59.12,59.10,59.10,59.07,59.01,59.00,59.00,59.00,59.00,59.00,59.00,59.01,59.02,59.02,59.02,59.02,59.02,59.03,59.10,59.12,59.12,59.13,59.20,59.21,59.22,59.22,59.22,59.22,59.27,59.35,59.42,59.50,59.58,59.66,59.74,59.85,60.01,60.34,60.91,61.70,62.54,63.40,64.25,65.10,65.88,66.28,66.64,67.02,67.45,67.91,68.37,68.70,68.93,69.13,69.23,69.31,69.42,69.56,69.63,69.71,69.82,69.94,70.00,70.00,70.01,70.03,70.10,70.11,70.17,70.22,70.22,70.22,70.28,70.31,70.33,70.40,70.41,70.42,70.45,70.51,70.52,70.52,70.55,70.61,70.62,70.68,70.71,70.72,70.72,70.72,70.76,70.80,70.80,70.80,70.80,70.80,70.80,70.80,70.79,70.74,70.70,70.70,70.69,70.63,70.59,70.57,70.51,70.49,70.48,70.48,70.48,70.42,70.40,70.40,70.40,70.40,70.40,70.40,70.40,70.39,70.39,70.39,70.39,70.37,70.31,70.30,70.30,70.30,70.30,70.24,70.21,70.20,70.20,70.19,70.14,70.10,70.08,70.00,69.87,69.19,68.10,67.01,65.92,64.83,63.74,62.66,61.66,61.31,61.94,63.36,64.75,66.21,67.77,69.13,69.93,70.17,70.32,70.47,70.62,70.77,70.92,71.11,71.32,71.48,71.69,71.68,71.62,71.62,71.70,71.78,71.81,71.77,71.70,71.62,71.50,71.37,71.29,71.21,71.18,71.14,71.10,71.15,71.17,71.21,71.27,71.28,71.34,71.37,71.38,71.39,71.46,71.48,71.52,71.63,71.80,71.99,71.97,71.86,71.86,71.86,71.92,71.96,71.97,72.04
66.08,66.16,66.23,66.28,66.29,66.36,66.52,66.70,66.84,66.95,66.95,66.91,66.88,66.88,66.88,66.91,66.97,67.13,67.50,68.00,68.55,69.08,69.54,69.50,69.02,68.34,67.86,67.26,66.59,65.90,65.13,64.06,62.90,61.56,60.31,59.95,59.83,59.75,59.67,59.61,59.60,59.54,59.50,59.48,59.41,59.40,59.36,59.30,59.29,59.23,59.20,59.17,59.10,59.10,59.07,59.03,59.00,59.00,58.96,58.95,58.95,58.95,58.95,58.95,58.95,58.95,58.95,58.98,59.00,59.01,59.04,59.05,59.05,59.08,59.14,59.14,59.14,59.14,59.16,59.20,59.27,59.35,59.42,59.50,59.58,59.66,59.73,59.81,59.90,60.26,60.83,61.55,62.36,63.13,63.93,64.70,65.39,65.84,66.27,66.71,67.16,67.59,68.01,68.33,68.56,68.77,68.90,68.99,69.10,69.24,69.33,69.44,69.55,69.64,69.64,69.74,69.87,69.98,70.04,70.05,70.11,70.14,70.14,70.15,70.22,70.25,70.27,70.33,70.34,70.34,70.38,70.44,70.45,70.48,70.52,70.55,70.55,70.62,70.64,70.64,70.64,70.64,70.70,70.75,70.75,70.75,70.75,70.75,70.75,70.75,70.75,70.72,70.70,70.70,70.70,70.67,70.63,70.59,70.55,70.52,70.50,70.50,70.50,70.46,70.45,70.45,70.45,70.45,70.45,70.43,70.40,70.40,70.40,70.40,70.39,70.34,70.31,70.30,70.30,70.30,70.30,70.23,70.20,70.20,70.19,70.16,70.12,70.10,70.08,70.01,69.94,69.30,68.23,67.18,66.11,65.08,64.06,63.02,61.94,61.12,61.33,62.59,64.15,65.80,67.49,68.98,69.91,70.20,70.36,70.54,70.72,70.88,71.07,71.26,71.45,71.64,71.69,71.56,71.47,71.55,71.64,71.74,71.82,71.83,71.76,71.69,71.58,71.48,71.40,71.33,71.28,71.25,71.26,71.30,71.34,71.38,71.41,71.41,71.48,71.51,71.52,71.56,71.59,71.63,71.68,71.73,71.84,72.02,72.03,71.95,71.95,71.95,71.98,71.98,71.96,71.98
65.69,65.78,65.84,65.91,65.93,66.07,66.22,66.35,66.45,66.46,66.42,66.39,66.41,66.41,66.42,66.48,66.63,66.97,67.55,68.11,68.66,69.16,69.41,69.03,68.23,67.34,66.72,66.10,65.44,64.75,64.06,63.36,62.51,61.40,60.28,59.95,59.83,59.75,59.67,59.61,59.60,59.54,59.50,59.48,59.41,59.40,59.36,59.30,59.29,59.23,59.20,59.17,59.10,59.10,59.04,59.00,59.00,58.98,58.92,58.89,58.88,58.88,58.88,58.89,58.90,58.90,58.90,58.96,58.98,58.98,58.98,58.98,58.99,59.02,59.08,59.09,59.09,59.09,59.10,59.19,59.27,59.35,59.42,59.50,59.58,59.66,59.73,59.81,59.93,60.38,61.01,61.73,62.48,63.16,63.87,64.53,65.05,65.52,65.98,66.44,66.89,67.29,67.66,67.94,68.17,68.40,68.57,68.69,68.80,68.92,69.01,69.15,69.25,69.28,69.19,69.38,69.62,69.81,69.91,69.96,70.04,70.08,70.08,70.09,70.16,70.19,70.20,70.27,70.28,70.28,70.31,70.38,70.39,70.45,70.48,70.48,70.49,70.55,70.58,70.58,70.59,70.60,70.65,70.69,70.69,70.69,70.69,70.69,70.69,70.69,70.70,70.70,70.70,70.69,70.69,70.69,70.65,70.60,70.59,70.54,70.52,70.52,70.51,70.50,70.50,70.50,70.50,70.50,70.49,70.45,70.40,70.40,70.40,70.39,70.36,70.31,70.30,70.30,70.30,70.30,70.28,70.22,70.20,70.20,70.19,70.12,70.10,70.10,70.09,70.03,70.00,69.42,68.39,67.35,66.28,65.28,64.30,63.25,62.11,61.01,60.85,61.84,63.60,65.49,67.39,69.01,69.96,70.28,70.45,70.64,70.85,71.02,71.24,71.42,71.58,71.71,71.60,71.41,71.34,71.48,71.57,71.70,71.83,71.87,71.82,71.74,71.67,71.59,71.52,71.44,71.38,71.37,71.43,71.44,71.50,71.53,71.53,71.55,71.61,71.64,71.67,71.73,71.75,71.80,71.84,71.86,71.93,72.05,72.04,71.97,71.95,71.95,71.94,71.91,71.86,71.85
65.31,65.40,65.47,65.53,65.55,65.74,65.87,65.92,65.89,65.89,65.92,65.97,66.03,66.03,66.08,66.19,66.45,67.01,67.62,68.18,68.75,69.20,69.03,68.34,67.41,66.43,65.56,64.90,64.27,63.61,62.92,62.22,61.49,60.69,60.01,59.91,59.83,59.75,59.67,59.61,59.60,59.54,59.50,59.48,59.41,59.40,59.36,59.30,59.29,59.23,59.20,59.17,59.10,59.10,59.04,59.00,58.99,58.93,58.91,58.86,58.83,58.83,58.83,58.87,58.90,58.90,58.90,58.91,58.92,58.92,58.92,58.92,58.96,59.01,59.02,59.02,59.02,59.02,59.05,59.18,59.27,59.35,59.42,59.50,59.58,59.66,59.73,59.83,60.04,60.50,61.16,61.91,62.61,63.20,63.74,64.25,64.73,65.20,65.66,66.13,66.58,67.02,67.32,67.56,67.80,68.02,68.24,68.40,68.52,68.61,68.69,68.83,68.91,68.86,68.65,68.81,69.08,69.33,69.55,69.78,69.95,70.03,70.03,70.03,70.09,70.13,70.15,70.21,70.22,70.22,70.26,70.32,70.33,70.39,70.42,70.42,70.43,70.49,70.53,70.53,70.53,70.59,70.61,70.63,70.63,70.63,70.63,70.63,70.63,70.63,70.68,70.70,70.68,70.63,70.63,70.63,70.61,70.60,70.60,70.59,70.58,70.58,70.57,70.52,70.50,70.50,70.50,70.50,70.45,70.41,70.40,70.40,70.40,70.36,70.31,70.30,70.30,70.30,70.30,70.29,70.23,70.20,70.20,70.20,70.19,70.12,70.10,70.10,70.10,70.08,70.03,69.53,68.62,67.50,66.41,65.31,64.21,63.13,61.98,60.88,60.41,60.97,62.95,65.13,67.38,69.25,70.15,70.41,70.61,70.81,70.99,71.20,71.43,71.59,71.64,71.56,71.41,71.29,71.28,71.42,71.51,71.64,71.76,71.83,71.86,71.81,71.73,71.66,71.58,71.50,71.51,71.55,71.56,71.56,71.62,71.66,71.67,71.73,71.75,71.80,71.84,71.87,71.92,71.95,71.99,72.04,72.06,72.09,71.98,71.83,71.77,71.77,71.72,71.68,71.66,71.66
64.98,65.05,65.11,65.16,65.23,65.36,65.45,65.49,65.45,65.48,65.55,65.63,65.69,65.70,65.76,66.00,66.44,67.06,67.68,68.26,68.77,68.99,68.42,67.53,66.56,65.59,64.62,63.86,63.16,62.48,61.81,61.09,60.62,60.22,59.90,59.86,59.82,59.75,59.67,59.61,59.60,59.54,59.50,59.48,59.41,59.40,59.36,59.30,59.29,59.23,59.20,59.17,59.10,59.10,59.04,59.00,58.98,58.91,58.90,58.85,58.80,58.80,58.80,58.83,58.85,58.85,58.85,58.85,58.85,58.86,58.90,58.90,58.93,58.95,58.95,58.95,58.95,58.97,59.03,59.18,59.27,59.35,59.42,59.50,59.58,59.66,59.73,59.82,60.01,60.57,61.26,61.94,62.53,63.05,63.51,63.95,64.42,64.88,65.34,65.81,66.26,66.68,66.95,67.18,67.41,67.65,67.88,68.08,68.22,68.30,68.38,68.51,68.55,68.42,68.17,68.29,68.54,68.80,69.04,69.31,69.49,69.65,69.81,69.94,70.03,70.06,70.08,70.14,70.16,70.18,70.22,70.25,70.26,70.32,70.36,70.36,70.40,70.44,70.45,70.47,70.50,70.55,70.56,70.56,70.56,70.56,70.56,70.56,70.56,70.61,70.68,70.68,70.64,70.60,70.60,70.60,70.60,70.60,70.60,70.60,70.60,70.59,70.56,70.51,70.50,70.50,70.49,70.46,70.42,70.40,70.40,70.40,70.37,70.33,70.30,70.30,70.30,70.30,70.28,70.25,70.21,70.20,70.20,70.20,70.19,70.12,70.10,70.09,70.06,70.06,70.02,69.53,68.62,67.49,66.41,65.28,64.13,63.02,61.89,60.77,60.18,60.39,61.63,63.59,66.05,68.48,70.19,70.58,70.80,70.99,71.17,71.39,71.54,71.58,71.53,71.38,71.22,71.16,71.21,71.36,71.45,71.58,71.70,71.78,71.84,71.85,71.82,71.76,71.68,71.61,71.64,71.69,71.69,71.72,71.76,71.80,71.84,71.88,71.89,71.92,71.93,71.91,71.95,71.95,71.96,71.97,71.97,71.97,71.89,71.77,71.66,71.59,71.52,71.47,71.47,71.47
64.65,64.73,64.77,64.81,64.94,64.97,65.03,65.07,65.09,65.16,65.23,65.31,65.37,65.38,65.49,65.91,66.51,67.13,67.75,68.36,68.72,68.58,67.66,66.67,65.71,64.75,63.77,62.90,62.09,61.40,60.81,60.15,59.96,59.92,59.88,59.81,59.80,59.75,59.67,59.61,59.60,59.54,59.50,59.48,59.41,59.40,59.36,59.30,59.29,59.23,59.19,59.16,59.10,59.10,59.04,59.00,58.98,58.91,58.89,58.85,58.80,58.79,58.79,58.79,58.80,58.80,58.80,58.80,58.80,58.82,58.88,58.89,58.89,58.89,58.89,58.89,58.90,58.94,59.03,59.17,59.26,59.34,59.41,59.49,59.58,59.66,59.73,59.81,59.92,60.54,61.23,61.82,62.30,62.78,63.21,63.64,64.10,64.57,65.03,65.50,65.95,66.31,66.57,66.80,67.03,67.27,67.50,67.72,67.89,67.98,68.06,68.19,68.17,67.97,67.72,67.79,67.99,68.23,68.46,68.69,68.86,69.10,69.44,69.74,69.88,69.95,70.00,70.08,70.09,70.15,70.19,70.19,70.20,70.26,70.30,70.31,70.38,70.39,70.39,70.42,70.48,70.50,70.50,70.50,70.50,70.50,70.50,70.50,70.53,70.60,70.68,70.65,70.60,70.59,70.59,70.59,70.59,70.59,70.59,70.59,70.59,70.56,70.51,70.50,70.50,70.50,70.47,70.42,70.40,70.40,70.40,70.38,70.32,70.30,70.30,70.30,70.30,70.29,70.26,70.20,70.20,70.20,70.19,70.19,70.18,70.12,70.10,70.07,70.01,70.00,69.97,69.43,68.45,67.36,66.28,65.14,63.99,62.85,61.74,60.64,60.05,60.02,60.25,61.66,64.26,67.42,70.17,70.76,70.98,71.18,71.35,71.53,71.57,71.49,71.34,71.19,71.05,71.05,71.15,71.29,71.38,71.51,71.62,71.70,71.78,71.86,71.88,71.87,71.80,71.73,71.76,71.80,71.81,71.86,71.88,71.92,71.96,71.96,71.96,71.96,71.94,71.88,71.87,71.87,71.84,71.80,71.79,71.79,71.77,71.73,71.59,71.44,71.34,71.29,71.28,71.28
64.28,64.35,64.41,64.48,64.58,64.64,64.67,64.70,64.76,64.84,64.92,64.99,65.05,65.08,65.42,65.95,66.59,67.25,67.88,68.45,68.48,67.78,66.84,65.84,64.85,63.88,62.93,61.98,61.07,60.43,60.19,59.96,59.90,59.87,59.83,59.80,59.80,59.75,59.67,59.61,59.60,59.54,59.50,59.48,59.41,59.40,59.36,59.30,59.29,59.23,59.16,59.12,59.10,59.10,59.04,59.00,58.98,58.91,58.85,58.82,58.78,58.74,58.73,58.73,58.73,58.73,58.73,58.73,58.76,58.81,58.83,58.83,58.83,58.83,58.83,58.83,58.87,58.94,59.02,59.12,59.20,59.28,59.36,59.44,59.56,59.66,59.73,59.81,59.90,60.25,60.75,61.30,61.82,62.34,62.84,63.32,63.79,64.30,64.78,65.24,65.67,65.95,66.19,66.42,66.66,66.88,67.11,67.34,67.54,67.66,67.74,67.84,67.74,67.49,67.26,67.26,67.42,67.66,67.88,68.06,68.22,68.44,68.73,69.09,69.40,69.64,69.85,70.01,70.03,70.09,70.13,70.14,70.19,70.22,70.23,70.25,70.32,70.33,70.33,70.36,70.42,70.43,70.43,70.43,70.43,70.43,70.43,70.46,70.52,70.60,70.68,70.65,70.58,70.53,70.53,70.53,70.53,70.53,70.53,70.53,70.53,70.52,70.50,70.50,70.50,70.47,70.43,70.40,70.40,70.40,70.39,70.33,70.31,70.30,70.30,70.30,70.30,70.26,70.22,70.20,70.20,70.20,70.17,70.13,70.13,70.11,70.10,70.06,70.00,69.99,69.82,69.14,68.08,66.95,65.86,64.73,63.59,62.47,61.30,60.38,59.95,59.93,59.98,60.45,63.28,67.24,70.19,70.96,71.17,71.33,71.50,71.52,71.44,71.31,71.15,71.01,70.95,70.98,71.09,71.23,71.31,71.41,71.50,71.59,71.72,71.80,71.86,71.89,71.87,71.85,71.85,71.87,71.86,71.84,71.83,71.84,71.85,71.80,71.79,71.79,71.78,71.75,71.70,71.69,71.68,71.66,71.66,71.61,71.59,71.58,71.51,71.38,71.24,71.14,71.09,71.09
63.89,63.97,64.06,64.16,64.23,64.31,64.34,64.37,64.44,64.52,64.60,64.68,64.76,64.92,65.41,66.03,66.68,67.34,67.97,68.44,68.25,67.30,66.34,65.33,64.30,63.29,62.32,61.31,60.45,59.95,59.91,59.90,59.90,59.86,59.80,59.80,59.80,59.77,59.70,59.64,59.61,59.54,59.50,59.48,59.41,59.40,59.36,59.29,59.27,59.22,59.15,59.10,59.10,59.07,59.03,58.99,58.95,58.90,58.83,58.80,58.78,58.71,58.70,58.68,58.66,58.66,58.66,58.69,58.73,58.77,58.77,58.77,58.77,58.77,58.77,58.79,58.84,58.91,58.98,59.06,59.14,59.22,59.29,59.38,59.53,59.63,59.70,59.78,59.86,59.99,60.30,60.77,61.31,61.83,62.36,62.88,63.38,63.91,64.43,64.92,65.34,65.60,65.82,66.04,66.27,66.50,66.73,66.97,67.18,67.34,67.42,67.46,67.31,67.02,66.80,66.72,66.86,67.08,67.28,67.44,67.59,67.77,68.01,68.37,68.75,69.10,69.43,69.72,69.89,70.00,70.06,70.08,70.15,70.17,70.18,70.21,70.26,70.27,70.28,70.32,70.36,70.36,70.36,70.36,70.36,70.37,70.39,70.44,70.52,70.60,70.68,70.65,70.57,70.50,70.50,70.50,70.50,70.49,70.47,70.47,70.48,70.50,70.50,70.50,70.50,70.47,70.41,70.40,70.40,70.40,70.38,70.31,70.30,70.30,70.30,70.30,70.27,70.23,70.20,70.20,70.20,70.18,70.14,70.10,70.10,70.10,70.10,70.06,70.00,69.98,69.72,68.96,67.84,66.64,65.45,64.30,63.18,62.06,60.90,60.19,59.90,59.90,59.90,59.90,62.74,67.01,70.15,71.08,71.33,71.45,71.54,71.44,71.28,71.12,70.97,70.86,70.86,70.94,71.05,71.17,71.25,71.33,71.41,71.50,71.62,71.71,71.80,71.87,71.90,71.90,71.88,71.85,71.79,71.75,71.71,71.70,71.69,71.64,71.63,71.62,71.60,71.59,71.55,71.53,71.52,71.50,71.50,71.46,71.44,71.43,71.39,71.30,71.16,71.02,70.94,70.91
63.52,63.60,63.71,63.84,63.92,63.99,64.02,64.05,64.13,64.20,64.28,64.37,64.52,64.90,65.47,66.13,66.80,67.42,68.03,68.32,68.05,67.19,66.19,65.14,64.06,63.01,62.00,60.94,60.23,59.91,59.90,59.90,59.90,59.86,59.81,59.80,59.80,59.80,59.77,59.69,59.62,59.55,59.50,59.48,59.41,59.39,59.36,59.28,59.22,59.20,59.15,59.10,59.09,59.03,59.00,58.96,58.91,58.90,58.83,58.80,58.78,58.71,58.70,58.65,58.61,58.60,58.61,58.67,58.70,58.70,58.70,58.70,58.71,58.71,58.72,58.78,58.80,58.85,58.92,59.00,59.08,59.15,59.23,59.32,59.46,59.56,59.64,59.72,59.79,59.82,59.97,60.29,60.80,61.29,61.81,62.35,62.88,63.43,64.02,64.55,64.97,65.27,65.47,65.67,65.90,66.13,66.36,66.59,66.81,67.02,67.11,67.06,66.86,66.57,66.34,66.19,66.28,66.48,66.65,66.80,66.96,67.11,67.30,67.62,67.98,68.37,68.77,69.21,69.63,69.87,69.98,70.02,70.09,70.11,70.14,70.20,70.20,70.21,70.25,70.30,70.31,70.31,70.31,70.31,70.31,70.31,70.37,70.44,70.52,70.60,70.67,70.64,70.56,70.50,70.50,70.50,70.50,70.48,70.42,70.41,70.45,70.50,70.50,70.50,70.50,70.47,70.41,70.40,70.40,70.40,70.38,70.31,70.30,70.30,70.30,70.28,70.22,70.20,70.20,70.20,70.19,70.14,70.10,70.10,70.10,70.10,70.10,70.07,70.01,69.98,69.70,68.95,67.84,66.53,65.16,63.96,62.83,61.67,60.58,60.07,59.90,59.90,59.90,59.90,62.60,66.78,70.11,71.11,71.44,71.53,71.47,71.32,71.11,70.93,70.79,70.73,70.78,70.90,71.02,71.10,71.19,71.27,71.34,71.42,71.50,71.58,71.70,71.82,71.89,71.90,71.85,71.76,71.64,71.63,71.56,71.53,71.52,71.51,71.50,71.46,71.42,71.41,71.41,71.40,71.37,71.32,71.31,71.30,71.30,71.29,71.22,71.20,71.09,70.94,70.81,70.73
63.19,63.27,63.39,63.52,63.60,63.68,63.70,63.73,63.81,63.89,63.96,64.13,64.45,64.98,65.58,66.25,66.92,67.53,68.11,68.24,67.97,67.31,66.33,65.26,64.17,63.10,62.05,61.02,60.28,59.90,59.90,59.90,59.90,59.89,59.85,59.81,59.80,59.80,59.77,59.70,59.62,59.58,59.54,59.49,59.41,59.36,59.32,59.28,59.21,59.20,59.15,59.10,59.09,59.02,59.00,58.96,58.90,58.89,58.83,58.80,58.78,58.70,58.66,58.62,58.58,58.55,58.59,58.63,58.64,58.64,58.64,58.64,58.67,58.70,58.71,58.74,58.77,58.81,58.86,58.94,59.01,59.09,59.18,59.30,59.41,59.50,59.58,59.65,59.72,59.74,59.82,60.01,60.38,60.87,61.43,62.00,62.54,63.13,63.74,64.24,64.61,64.95,65.18,65.37,65.57,65.80,66.04,66.23,66.44,66.66,66.82,66.68,66.42,66.12,65.85,65.64,65.69,65.86,66.01,66.17,66.32,66.48,66.65,66.87,67.22,67.64,68.08,68.54,69.01,69.38,69.70,69.94,70.02,70.04,70.08,70.14,70.14,70.18,70.22,70.24,70.24,70.24,70.24,70.24,70.25,70.30,70.37,70.44,70.52,70.59,70.63,70.58,70.51,70.45,70.44,70.44,70.44,70.44,70.41,70.40,70.42,70.44,70.44,70.44,70.47,70.47,70.41,70.40,70.40,70.37,70.33,70.31,70.30,70.30,70.28,70.24,70.21,70.20,70.20,70.19,70.14,70.11,70.10,70.10,70.10,70.10,70.10,70.09,70.05,70.00,69.86,69.37,68.45,67.07,65.57,64.19,62.86,61.56,60.43,60.01,59.90,59.90,59.90,59.90,63.02,67.50,70.35,71.16,71.34,71.35,71.29,71.14,70.92,70.74,70.62,70.64,70.72,70.81,70.91,71.00,71.11,71.20,71.28,71.36,71.44,71.51,71.61,71.72,71.83,71.89,71.88,71.81,71.72,71.66,71.56,71.47,71.43,71.38,71.34,71.30,71.28,71.27,71.23,71.22,71.21,71.17,71.13,71.12,71.12,71.11,71.07,71.04,70.98,70.88,70.73,70.61
62.87,62.95,63.07,63.21,63.28,63.36,63.39,63.42,63.49,63.57,63.69,63.97,64.46,65.09,65.71,66.38,67.05,67.64,68.11,68.12,67.87,67.39,66.50,65.45,64.37,63.29,62.23,61.20,60.47,60.07,59.98,59.92,59.90,59.90,59.89,59.84,59.83,59.83,59.79,59.72,59.64,59.61,59.57,59.49,59.41,59.35,59.31,59.28,59.21,59.20,59.15,59.10,59.09,59.02,59.00,58.96,58.90,58.89,58.83,58.79,58.76,58.70,58.62,58.60,58.57,58.52,58.56,58.58,58.58,58.58,58.58,58.59,58.64,58.67,58.67,58.67,58.73,58.79,58.81,58.87,58.94,59.03,59.13,59.27,59.36,59.44,59.51,59.58,59.64,59.67,59.72,59.83,60.07,60.53,61.11,61.71,62.28,62.89,63.48,63.93,64.25,64.61,64.88,65.09,65.28,65.51,65.72,65.91,66.10,66.31,66.49,66.28,65.98,65.67,65.37,65.11,65.12,65.27,65.42,65.56,65.71,65.86,66.00,66.17,66.50,66.92,67.38,67.82,68.27,68.71,69.16,69.55,69.70,69.90,70.03,70.08,70.08,70.15,70.17,70.17,70.17,70.17,70.19,70.20,70.22,70.29,70.37,70.44,70.52,70.59,70.60,70.55,70.47,70.40,70.38,70.38,70.38,70.38,70.38,70.38,70.39,70.40,70.40,70.40,70.44,70.45,70.40,70.40,70.40,70.36,70.30,70.30,70.30,70.30,70.27,70.20,70.20,70.20,70.19,70.16,70.11,70.10,70.10,70.09,70.08,70.08,70.08,70.08,70.08,70.02,70.00,69.77,69.09,67.66,66.09,64.58,63.10,61.67,60.43,59.99,59.90,59.90,59.90,59.90,63.11,67.69,70.51,71.19,71.22,71.15,71.07,70.95,70.73,70.56,70.48,70.57,70.66,70.73,70.80,70.89,71.03,71.12,71.19,71.27,71.36,71.45,71.53,71.62,71.75,71.85,71.89,71.88,71.81,71.73,71.61,71.50,71.42,71.33,71.25,71.21,71.20,71.17,71.09,71.06,71.05,71.02,70.97,70.95,70.94,70.93,70.92,70.87,70.85,70.80,70.66,70.51
62.55,62.63,62.76,62.89,62.97,63.04,63.07,63.10,63.18,63.26,63.49,63.92,64.53,65.21,65.83,66.50,67.17,67.73,67.98,67.93,67.70,67.31,66.63,65.64,64.56,63.49,62.47,61.41,60.87,60.56,60.24,59.98,59.91,59.90,59.90,59.89,59.88,59.88,59.86,59.78,59.70,59.64,59.57,59.49,59.41,59.39,59.35,59.28,59.21,59.20,59.15,59.10,59.09,59.02,59.00,58.96,58.90,58.89,58.83,58.76,58.71,58.69,58.62,58.60,58.57,58.51,58.51,58.52,58.52,58.52,58.52,58.58,58.61,58.62,58.62,58.62,58.67,58.75,58.80,58.82,58.89,58.96,59.06,59.20,59.30,59.37,59.44,59.51,59.53,59.58,59.66,59.76,59.94,60.31,60.86,61.47,62.08,62.70,63.21,63.61,63.93,64.25,64.55,64.80,65.02,65.25,65.42,65.63,65.82,65.98,66.06,65.84,65.53,65.23,64.92,64.62,64.61,64.76,64.91,65.00,65.14,65.27,65.37,65.53,65.81,66.21,66.65,67.05,67.44,67.84,68.24,68.61,68.92,69.59,69.99,70.01,70.02,70.09,70.11,70.11,70.11,70.11,70.17,70.20,70.22,70.29,70.37,70.44,70.52,70.59,70.60,70.55,70.47,70.39,70.33,70.31,70.31,70.31,70.31,70.31,70.36,70.40,70.40,70.40,70.41,70.41,70.40,70.40,70.40,70.36,70.30,70.30,70.30,70.30,70.27,70.20,70.20,70.20,70.17,70.11,70.10,70.10,70.10,70.08,70.02,70.02,70.02,70.04,70.08,70.02,70.00,69.95,69.50,68.05,66.56,65.04,63.53,62.06,60.60,60.05,59.90,59.90,59.90,59.90,62.37,66.53,70.39,71.13,71.15,70.99,70.78,70.73,70.55,70.40,70.37,70.50,70.59,70.67,70.74,70.82,70.91,70.99,71.07,71.16,71.29,71.39,71.46,71.54,71.64,71.78,71.86,71.90,71.87,71.80,71.71,71.63,71.53,71.40,71.31,71.24,71.18,71.11,71.03,70.96,70.90,70.84,70.83,70.83,70.79,70.75,70.74,70.73,70.72,70.69,70.59,70.44
62.23,62.32,62.44,62.57,62.65,62.73,62.75,62.78,62.87,63.03,63.42,63.98,64.65,65.34,66.00,66.66,67.28,67.75,67.84,67.71,67.47,67.13,66.65,65.78,64.75,63.68,62.70,61.86,61.49,61.31,61.06,60.76,60.45,60.20,60.03,59.92,59.90,59.90,59.88,59.80,59.72,59.67,59.61,59.54,59.47,59.42,59.36,59.29,59.25,59.21,59.15,59.10,59.09,59.02,59.00,58.96,58.89,58.86,58.81,58.75,58.70,58.69,58.62,58.57,58.54,58.49,58.46,58.45,58.45,58.46,58.50,58.54,58.55,58.55,58.56,58.59,58.63,58.69,58.76,58.80,58.83,58.92,59.04,59.15,59.22,59.30,59.37,59.41,59.45,59.55,59.64,59.73,59.86,60.15,60.66,61.27,61.88,62.42,62.88,63.25,63.56,63.91,64.22,64.51,64.76,64.95,65.15,65.34,65.53,65.68,65.65,65.40,65.09,64.78,64.47,64.16,64.13,64.25,64.36,64.47,64.62,64.70,64.71,64.75,64.79,64.92,65.17,65.55,65.91,66.28,66.65,67.02,67.53,68.37,69.07,69.55,69.94,70.03,70.05,70.05,70.05,70.09,70.13,70.17,70.22,70.29,70.37,70.44,70.52,70.59,70.56,70.49,70.42,70.35,70.31,70.30,70.30,70.30,70.30,70.30,70.32,70.35,70.35,70.35,70.38,70.40,70.40,70.40,70.40,70.36,70.30,70.30,70.30,70.28,70.24,70.20,70.20,70.20,70.16,70.10,70.10,70.10,70.08,70.04,70.00,70.00,70.00,70.02,70.04,70.01,70.00,69.92,69.41,67.95,66.51,65.06,63.61,62.17,60.77,60.12,59.90,59.90,59.90,59.90,61.08,64.03,68.67,70.44,70.69,70.55,70.47,70.53,70.39,70.28,70.29,70.44,70.53,70.61,70.68,70.76,70.84,70.91,70.98,71.08,71.23,71.32,71.40,71.48,71.56,71.67,71.76,71.84,71.89,71.86,71.78,71.70,71.62,71.51,71.42,71.32,71.22,71.14,71.06,70.99,70.91,70.84,70.80,70.73,70.66,70.60,70.60,70.56,70.55,70.53,70.48,70.37
61.91,62.00,62.12,62.26,62.33,62.41,62.44,62.47,62.59,62.88,63.42,64.08,64.77,65.47,66.15,66.80,67.36,67.70,67.69,67.50,67.22,66.92,66.58,65.89,64.94,63.89,62.98,62.42,62.21,62.11,61.95,61.62,61.12,60.66,60.30,60.03,59.97,59.93,59.88,59.81,59.73,59.71,59.66,59.59,59.51,59.45,59.38,59.31,59.29,59.23,59.15,59.10,59.09,59.02,58.99,58.95,58.88,58.81,58.80,58.75,58.70,58.68,58.62,58.55,58.50,58.48,58.41,58.39,58.39,58.42,58.48,58.48,58.48,58.48,58.50,58.56,58.59,58.63,58.70,58.77,58.80,58.89,59.01,59.09,59.17,59.25,59.29,59.32,59.39,59.52,59.63,59.71,59.81,60.00,60.47,61.06,61.64,62.13,62.52,62.87,63.19,63.57,63.90,64.22,64.48,64.66,64.87,65.05,65.23,65.38,65.23,64.95,64.64,64.34,64.03,63.72,63.65,63.72,63.79,63.90,64.00,64.02,63.97,63.93,63.70,63.52,63.52,63.83,64.14,64.50,64.86,65.26,65.96,66.83,67.77,68.69,69.45,69.68,69.76,69.85,70.00,70.07,70.09,70.14,70.21,70.29,70.37,70.44,70.52,70.58,70.52,70.45,70.37,70.30,70.29,70.28,70.28,70.28,70.28,70.28,70.29,70.30,70.30,70.30,70.35,70.39,70.39,70.39,70.39,70.35,70.30,70.30,70.30,70.25,70.20,70.20,70.20,70.19,70.15,70.10,70.10,70.10,70.05,70.00,70.00,70.00,70.00,70.00,70.00,70.00,69.96,69.72,69.05,67.63,66.24,64.85,63.45,62.09,60.86,60.17,59.90,59.90,59.90,59.90,59.93,61.51,65.95,68.34,68.75,68.66,68.74,68.91,69.73,70.18,70.22,70.36,70.45,70.52,70.60,70.69,70.77,70.84,70.92,71.02,71.16,71.25,71.34,71.41,71.48,71.56,71.65,71.75,71.87,71.89,71.84,71.77,71.70,71.61,71.54,71.42,71.30,71.21,71.13,71.05,70.97,70.89,70.82,70.69,70.59,70.53,70.50,70.43,70.40,70.39,70.36,70.29
61.59,61.68,61.80,61.94,62.02,62.09,62.12,62.17,62.39,62.94,63.54,64.20,64.90,65.59,66.23,66.90,67.41,67.55,67.55,67.33,67.03,66.73,66.41,65.95,65.13,64.13,63.42,63.09,62.97,62.80,62.46,61.99,61.67,61.35,60.93,60.44,60.25,60.06,59.90,59.87,59.79,59.73,59.67,59.59,59.52,59.48,59.44,59.36,59.30,59.23,59.15,59.10,59.09,59.02,58.96,58.91,58.88,58.81,58.80,58.75,58.68,58.63,58.60,58.55,58.50,58.48,58.41,58.35,58.36,58.41,58.42,58.42,58.42,58.42,58.44,58.50,58.57,58.61,58.64,58.72,58.77,58.86,58.94,59.03,59.10,59.18,59.25,59.31,59.39,59.48,59.56,59.66,59.79,59.91,60.27,60.79,61.34,61.80,62.17,62.49,62.81,63.20,63.57,63.90,64.18,64.39,64.57,64.77,64.94,64.99,64.80,64.51,64.20,63.89,63.59,63.28,63.18,63.20,63.20,63.13,63.00,62.91,62.95,63.11,62.72,62.32,62.09,62.10,62.37,62.69,63.06,63.57,64.40,65.27,66.12,66.92,67.65,68.31,68.73,69.21,69.92,70.02,70.07,70.14,70.21,70.29,70.37,70.44,70.52,70.58,70.52,70.45,70.37,70.29,70.24,70.22,70.22,70.22,70.22,70.22,70.26,70.30,70.30,70.30,70.31,70.33,70.33,70.33,70.33,70.31,70.30,70.30,70.30,70.25,70.20,70.20,70.20,70.15,70.12,70.10,70.10,70.10,70.05,70.00,70.00,70.00,70.00,70.00,70.00,69.99,69.80,69.26,68.35,67.10,65.74,64.35,62.96,61.66,60.78,60.17,59.90,59.90,59.90,59.90,59.90,60.33,61.55,62.22,62.34,62.31,62.33,62.66,67.40,70.08,70.15,70.24,70.32,70.40,70.50,70.62,70.70,70.78,70.86,70.94,71.04,71.17,71.27,71.34,71.42,71.51,71.58,71.66,71.76,71.88,71.89,71.83,71.76,71.68,71.60,71.52,71.40,71.28,71.20,71.11,71.04,70.97,70.88,70.79,70.71,70.62,70.50,70.42,70.36,70.30,70.23,70.16
61.27,61.37,61.49,61.62,61.70,61.78,61.80,61.94,62.36,63.00,63.66,64.33,65.02,65.68,66.22,66.76,67.18,67.33,67.37,67.15,66.83,66.50,66.19,65.84,65.20,64.42,63.90,63.53,63.20,62.77,62.18,61.64,61.40,61.18,60.86,60.48,60.28,60.07,59.89,59.85,59.78,59.73,59.67,59.59,59.52,59.47,59.41,59.35,59.30,59.23,59.15,59.09,59.05,59.01,58.96,58.92,58.88,58.81,58.80,58.75,58.68,58.61,58.60,58.55,58.49,58.45,58.40,58.34,58.33,58.36,58.36,58.36,58.36,58.37,58.40,58.45,58.52,58.58,58.61,58.66,58.73,58.80,58.89,58.96,59.03,59.11,59.19,59.27,59.34,59.45,59.54,59.63,59.75,59.86,60.12,60.52,61.02,61.49,61.79,62.08,62.43,62.81,63.20,63.55,63.84,64.09,64.29,64.50,64.64,64.57,64.33,64.03,63.73,63.45,63.14,62.80,62.56,62.39,62.23,62.08,61.94,61.92,62.05,62.16,61.68,61.20,60.89,60.80,60.95,61.16,61.40,61.77,62.54,63.33,64.09,64.83,65.56,66.37,66.19,65.77,66.16,67.40,69.11,70.14,70.21,70.29,70.37,70.44,70.52,70.58,70.52,70.45,70.37,70.29,70.22,70.20,70.20,70.20,70.20,70.20,70.23,70.26,70.26,70.26,70.29,70.30,70.30,70.30,70.30,70.30,70.30,70.30,70.30,70.25,70.20,70.20,70.20,70.14,70.10,70.10,70.10,70.10,70.05,70.00,70.00,70.00,69.95,69.80,69.52,69.20,68.87,68.24,67.33,66.28,65.12,63.88,62.68,61.63,60.91,60.30,59.97,59.90,59.90,59.90,59.90,59.90,59.90,59.90,59.90,59.90,59.90,60.13,63.88,67.72,70.08,70.16,70.23,70.31,70.41,70.53,70.64,70.72,70.80,70.88,70.96,71.07,71.19,71.28,71.36,71.44,71.52,71.59,71.68,71.80,71.84,71.85,71.82,71.74,71.66,71.59,71.50,71.38,71.30,71.20,71.10,71.02,70.95,70.87,70.80,70.70,70.59,70.50,70.41,70.30,70.23,70.16
60.95,61.05,61.17,61.29,61.38,61.45,61.52,61.80,62.45,63.09,63.74,64.41,65.06,65.64,66.07,66.44,66.75,67.01,67.13,66.97,66.66,66.30,65.98,65.66,65.18,64.64,64.23,63.65,63.00,62.27,61.45,60.91,60.68,60.53,60.39,60.28,60.15,60.00,59.87,59.80,59.72,59.70,59.66,59.58,59.50,59.43,59.37,59.30,59.28,59.22,59.14,59.08,59.02,59.01,59.01,58.97,58.89,58.82,58.81,58.76,58.69,58.62,58.61,58.55,58.48,58.42,58.40,58.34,58.31,58.30,58.30,58.30,58.30,58.32,58.39,58.40,58.46,58.53,58.59,58.61,58.67,58.75,58.82,58.90,58.97,59.05,59.13,59.21,59.29,59.42,59.53,59.61,59.70,59.84,60.00,60.27,60.72,61.17,61.40,61.66,62.05,62.44,62.82,63.17,63.48,63.77,64.01,64.24,64.31,64.13,63.84,63.53,63.25,62.99,62.67,62.31,61.90,61.49,61.14,60.97,60.92,61.03,61.22,61.16,60.68,60.23,59.95,59.88,59.89,59.95,60.02,60.16,60.71,61.34,61.98,62.64,63.33,64.04,62.98,61.33,61.03,63.52,67.08,69.50,70.17,70.29,70.37,70.44,70.52,70.57,70.51,70.44,70.36,70.28,70.21,70.19,70.19,70.19,70.19,70.19,70.20,70.20,70.20,70.20,70.25,70.29,70.29,70.29,70.30,70.30,70.30,70.30,70.29,70.24,70.20,70.20,70.20,70.14,70.10,70.10,70.10,70.09,70.05,70.00,70.00,70.00,69.91,69.57,68.96,68.24,67.74,67.11,66.31,65.45,64.58,63.57,62.63,61.89,61.20,60.56,60.13,59.92,59.90,59.90,59.90,59.90,59.90,59.90,59.90,59.90,59.90,59.93,60.32,64.17,69.25,69.99,70.17,70.25,70.33,70.42,70.56,70.66,70.73,70.81,70.89,70.97,71.09,71.22,71.30,71.38,71.45,71.53,71.61,71.69,71.77,71.83,71.87,71.80,71.73,71.66,71.57,71.49,71.41,71.29,71.17,71.09,71.01,70.94,70.85,70.77,70.69,70.61,70.48,70.36,70.28,70.20
60.64,60.73,60.82,60.94,61.05,61.09,61.38,61.88,62.53,63.19,63.77,64.28,64.75,65.16,65.55,65.89,66.19,66.44,66.72,66.80,66.67,66.38,66.02,65.62,65.05,64.36,63.68,62.92,62.20,61.47,60.76,60.30,60.16,60.11,60.06,60.04,59.99,59.91,59.81,59.74,59.71,59.66,59.60,59.53,59.45,59.41,59.36,59.29,59.23,59.16,59.12,59.09,59.07,59.06,59.06,59.03,58.95,58.88,58.87,58.82,58.75,58.67,58.66,58.61,58.53,58.46,58.41,58.38,58.34,58.29,58.24,58.23,58.23,58.26,58.34,58.39,58.42,58.47,58.54,58.59,58.62,58.68,58.75,58.84,58.91,58.99,59.06,59.15,59.28,59.38,59.47,59.55,59.64,59.78,59.90,60.09,60.46,60.81,61.02,61.28,61.67,62.05,62.44,62.81,63.16,63.46,63.70,63.93,63.96,63.69,63.39,63.08,62.78,62.48,62.13,61.78,61.40,60.95,60.46,60.27,60.23,60.28,60.36,60.32,60.06,59.83,59.67,59.56,59.59,59.62,59.65,59.74,59.99,60.26,60.55,60.83,61.09,61.34,60.88,60.16,59.98,61.01,62.47,65.73,69.94,70.28,70.37,70.44,70.51,70.52,70.45,70.38,70.30,70.23,70.15,70.14,70.14,70.14,70.14,70.14,70.16,70.20,70.20,70.20,70.22,70.23,70.23,70.23,70.28,70.30,70.30,70.30,70.25,70.21,70.20,70.20,70.20,70.14,70.10,70.10,70.09,70.05,70.02,70.00,70.00,70.00,69.96,69.83,69.47,68.63,67.81,67.06,66.32,65.52,64.72,63.88,63.07,62.37,61.68,61.04,60.47,60.02,59.92,59.90,59.90,59.90,59.90,59.90,59.90,59.90,59.90,59.90,59.90,61.34,64.63,69.30,70.11,70.19,70.27,70.35,70.50,70.59,70.67,70.75,70.83,70.91,71.00,71.11,71.23,71.31,71.39,71.47,71.55,71.62,71.70,71.78,71.84,71.86,71.80,71.72,71.64,71.56,71.48,71.39,71.27,71.16,71.08,70.99,70.89,70.78,70.70,70.62,70.49,70.37,70.29,70.21
60.30,60.40,60.49,60.59,60.74,60.88,61.34,61.91,62.46,63.04,63.51,63.92,64.29,64.61,64.98,65.31,65.59,65.89,66.28,66.57,66.63,66.39,65.97,65.44,64.76,63.97,63.15,62.30,61.52,60.82,60.26,59.96,59.88,59.87,59.87,59.87,59.87,59.82,59.75,59.68,59.67,59.63,59.57,59.49,59.41,59.38,59.32,59.25,59.20,59.15,59.14,59.16,59.16,59.13,59.13,59.09,59.02,58.94,58.93,58.89,58.81,58.73,58.71,58.66,58.59,58.52,58.45,58.41,58.36,58.28,58.21,58.18,58.17,58.19,58.27,58.33,58.36,58.41,58.48,58.53,58.56,58.61,58.69,58.77,58.84,58.92,59.00,59.09,59.22,59.30,59.38,59.46,59.57,59.70,59.79,59.92,60.17,60.42,60.63,60.90,61.29,61.67,62.06,62.45,62.82,63.14,63.40,63.59,63.56,63.25,62.94,62.62,62.30,61.97,61.59,61.27,60.94,60.53,60.04,59.87,59.82,59.81,59.80,59.78,59.64,59.53,59.45,59.36,59.39,59.41,59.44,59.52,59.59,59.66,59.72,59.78,59.78,59.78,59.75,59.69,59.66,59.70,59.77,62.36,67.28,69.75,70.30,70.40,70.48,70.49,70.42,70.35,70.27,70.19,70.11,70.08,70.08,70.10,70.10,70.10,70.14,70.17,70.17,70.17,70.19,70.20,70.20,70.20,70.25,70.27,70.28,70.29,70.22,70.20,70.20,70.20,70.17,70.13,70.10,70.10,70.09,70.03,70.00,70.00,70.00,70.00,70.00,70.00,69.86,69.16,68.27,67.45,66.69,65.89,65.10,64.33,63.61,62.91,62.21,61.56,60.90,60.32,60.04,59.92,59.90,59.90,59.90,59.90,59.90,59.90,59.90,59.90,59.90,59.90,61.31,66.43,69.12,70.02,70.20,70.28,70.41,70.52,70.61,70.69,70.77,70.84,70.92,71.01,71.13,71.22,71.31,71.41,71.48,71.55,71.64,71.72,71.80,71.88,71.85,71.78,71.69,71.59,71.52,71.44,71.33,71.19,71.11,71.03,70.91,70.78,70.70,70.62,70.49,70.37,70.29,70.21
59.97,60.08,60.19,60.28,60.46,60.83,61.33,61.82,62.22,62.58,62.96,63.35,63.72,64.04,64.41,64.71,64.99,65.38,65.82,66.26,66.47,66.30,65.77,65.08,64.32,63.55,62.76,61.92,61.08,60.39,59.99,59.91,59.84,59.81,59.81,59.80,59.80,59.76,59.69,59.62,59.60,59.60,59.56,59.48,59.41,59.34,59.27,59.21,59.21,59.20,59.24,59.28,59.27,59.21,59.20,59.16,59.08,59.01,58.99,58.95,58.87,58.79,58.72,58.70,58.66,58.58,58.50,58.44,58.36,58.28,58.20,58.14,58.11,58.13,58.20,58.22,58.27,58.34,58.40,58.42,58.48,58.55,58.63,58.70,58.78,58.86,58.94,59.02,59.10,59.18,59.26,59.35,59.49,59.59,59.66,59.75,59.87,60.03,60.23,60.53,60.92,61.31,61.69,62.08,62.46,62.83,63.14,63.24,63.12,62.81,62.50,62.14,61.79,61.46,61.09,60.77,60.50,60.20,59.84,59.73,59.65,59.62,59.60,59.53,59.39,59.28,59.23,59.20,59.21,59.22,59.25,59.32,59.40,59.42,59.47,59.52,59.53,59.53,59.52,59.51,59.51,59.51,59.57,60.09,62.28,68.32,70.00,70.30,70.42,70.47,70.42,70.35,70.27,70.19,70.11,70.05,70.05,70.09,70.09,70.09,70.11,70.11,70.11,70.11,70.16,70.20,70.20,70.20,70.21,70.21,70.23,70.27,70.22,70.20,70.20,70.19,70.13,70.10,70.10,70.10,70.09,70.03,70.00,70.00,70.00,70.00,70.00,70.00,69.94,69.62,68.93,68.13,67.30,66.46,65.62,64.87,64.17,63.48,62.78,62.10,61.44,60.83,60.29,60.01,59.92,59.90,59.90,59.90,59.90,59.90,59.90,59.90,59.90,59.90,60.13,61.57,66.94,69.55,70.14,70.22,70.30,70.43,70.54,70.63,70.70,70.78,70.86,70.94,71.02,71.10,71.23,71.34,71.42,71.50,71.58,71.65,71.75,71.88,71.89,71.84,71.73,71.60,71.52,71.44,71.32,71.19,71.11,71.03,70.91,70.78,70.70,70.62,70.49,70.37,70.29,70.21
59.84,59.90,59.97,60.04,60.16,60.52,60.94,61.34,61.71,62.03,62.40,62.78,63.15,63.47,63.84,64.13,64.43,64.86,65.32,65.82,66.15,66.08,65.41,64.65,63.90,63.16,62.38,61.58,60.75,60.12,59.91,59.85,59.82,59.80,59.79,59.75,59.74,59.70,59.63,59.59,59.56,59.51,59.47,59.43,59.36,59.31,59.28,59.26,59.26,59.30,59.33,59.36,59.34,59.28,59.26,59.22,59.14,59.07,59.02,58.98,58.94,58.85,58.78,58.76,58.72,58.64,58.57,58.50,58.39,58.28,58.20,58.13,58.07,58.05,58.09,58.13,58.21,58.26,58.30,58.34,58.42,58.46,58.51,58.59,58.66,58.77,58.88,58.96,59.03,59.11,59.19,59.27,59.38,59.46,59.54,59.63,59.75,59.86,60.00,60.26,60.65,61.07,61.43,61.80,62.19,62.56,62.84,62.88,62.72,62.36,62.01,61.66,61.32,60.97,60.63,60.31,60.11,59.91,59.65,59.55,59.47,59.41,59.35,59.23,59.12,59.05,59.02,58.98,58.98,59.00,59.05,59.08,59.16,59.17,59.19,59.23,59.27,59.28,59.28,59.28,59.28,59.28,59.33,59.47,60.35,63.81,68.16,70.18,70.32,70.42,70.41,70.35,70.25,70.14,70.06,70.02,70.02,70.05,70.05,70.05,70.07,70.10,70.10,70.10,70.16,70.20,70.21,70.25,70.22,70.20,70.21,70.23,70.21,70.20,70.20,70.19,70.11,70.10,70.10,70.10,70.09,70.03,70.00,70.00,70.00,70.00,70.00,70.00,69.96,69.76,69.21,68.53,67.78,66.98,66.17,65.41,64.71,64.05,63.36,62.70,62.06,61.44,60.84,60.40,60.08,59.90,59.90,59.90,59.90,59.90,59.90,59.90,59.90,59.90,59.90,60.24,62.93,67.11,70.08,70.15,70.23,70.33,70.44,70.55,70.64,70.72,70.79,70.86,70.95,71.07,71.18,71.28,71.36,71.48,71.56,71.64,71.74,71.88,71.90,71.82,71.70,71.59,71.52,71.41,71.29,71.19,71.11,71.03,70.91,70.78,70.70,70.62,70.49,70.37,70.29,70.21
59.75,59.77,59.81,59.86,59.90,60.17,60.45,60.77,61.14,61.46,61.83,62.21,62.58,62.89,63.25,63.57,63.91,64.38,64.85,65.40,65.84,65.88,65.11,64.31,63.57,62.84,62.06,61.29,60.49,59.96,59.89,59.82,59.80,59.79,59.77,59.69,59.68,59.63,59.58,59.57,59.52,59.45,59.41,59.39,59.33,59.32,59.32,59.32,59.34,59.40,59.42,59.42,59.41,59.34,59.31,59.27,59.20,59.13,59.05,59.02,59.00,58.92,58.84,58.82,58.78,58.71,58.61,58.54,58.43,58.30,58.20,58.13,58.05,57.99,58.00,58.06,58.13,58.16,58.20,58.27,58.33,58.37,58.41,58.48,58.55,58.68,58.79,58.87,58.96,59.05,59.12,59.19,59.28,59.36,59.43,59.53,59.66,59.76,59.85,60.09,60.48,60.93,61.27,61.59,61.92,62.22,62.46,62.49,62.33,62.01,61.63,61.30,60.95,60.59,60.28,59.98,59.83,59.70,59.51,59.42,59.34,59.26,59.15,59.02,58.92,58.87,58.83,58.75,58.74,58.78,58.82,58.83,58.89,58.91,58.92,58.94,58.99,59.01,59.02,59.02,59.05,59.07,59.14,59.27,59.48,60.06,65.23,68.87,70.12,70.31,70.37,70.34,70.26,70.10,69.94,69.90,69.94,70.00,70.02,70.02,70.07,70.12,70.12,70.14,70.19,70.21,70.21,70.25,70.22,70.20,70.20,70.20,70.20,70.20,70.20,70.19,70.11,70.10,70.10,70.10,70.09,70.03,70.00,70.00,70.00,70.00,70.00,70.00,69.97,69.77,69.29,68.72,68.07,67.34,66.59,65.84,65.16,64.56,63.90,63.28,62.67,62.05,61.42,60.84,60.32,59.96,59.91,59.90,59.90,59.90,59.90,59.90,59.90,59.90,59.90,59.90,59.90,64.08,68.58,69.96,70.17,70.25,70.37,70.49,70.58,70.66,70.75,70.82,70.91,71.06,71.16,71.23,71.33,71.47,71.56,71.64,71.73,71.86,71.90,71.80,71.67,71.59,71.52,71.38,71.26,71.19,71.11,71.02,70.90,70.78,70.70,70.62,70.49,70.37,70.29,70.21
59.63,59.69,59.72,59.73,59.74,59.86,59.98,60.20,60.57,60.89,61.26,61.64,62.01,62.32,62.64,63.03,63.47,63.94,64.46,65.09,65.63,65.76,65.03,64.20,63.41,62.65,61.88,61.10,60.36,59.91,59.88,59.82,59.80,59.77,59.70,59.63,59.62,59.57,59.52,59.52,59.50,59.49,59.46,59.40,59.39,59.38,59.38,59.40,59.46,59.48,59.48,59.48,59.47,59.40,59.33,59.29,59.27,59.19,59.11,59.09,59.06,58.98,58.91,58.88,58.85,58.76,58.62,58.54,58.45,58.35,58.21,58.13,58.05,57.98,57.94,58.00,58.03,58.07,58.13,58.20,58.23,58.27,58.34,58.42,58.50,58.58,58.66,58.75,58.89,58.98,59.05,59.14,59.22,59.29,59.36,59.45,59.55,59.68,59.83,60.09,60.48,60.93,61.27,61.48,61.61,61.73,61.90,61.98,61.99,61.86,61.50,61.18,60.83,60.46,60.16,59.91,59.77,59.66,59.51,59.42,59.34,59.23,59.10,59.01,58.88,58.78,58.69,58.57,58.55,58.56,58.56,58.57,58.58,58.63,58.66,58.67,58.69,58.74,58.77,58.79,58.86,58.98,59.08,59.16,59.28,59.52,60.76,65.05,69.73,70.11,70.28,70.35,70.33,70.11,69.68,69.58,69.75,70.01,70.07,70.08,70.14,70.19,70.19,70.25,70.28,70.25,70.19,70.15,70.18,70.20,70.20,70.20,70.20,70.20,70.20,70.19,70.11,70.10,70.10,70.10,70.09,70.03,70.00,70.00,70.00,70.00,70.00,70.00,69.94,69.66,69.17,68.59,67.98,67.39,66.70,66.03,65.45,64.94,64.39,63.83,63.24,62.61,61.93,61.26,60.63,60.15,59.93,59.90,59.90,59.90,59.90,59.90,59.90,59.90,59.90,59.90,59.90,60.76,64.01,69.48,70.10,70.23,70.34,70.44,70.51,70.65,70.75,70.82,70.91,71.06,71.16,71.23,71.33,71.47,71.56,71.64,71.72,71.81,71.88,71.80,71.67,71.59,71.52,71.38,71.26,71.19,71.10,70.97,70.86,70.78,70.70,70.62,70.49,70.37,70.29,70.21
59.55,59.59,59.60,59.60,59.62,59.68,59.76,59.90,60.13,60.34,60.69,61.07,61.44,61.75,62.09,62.51,63.01,63.59,64.19,64.87,65.46,65.68,64.97,64.16,63.37,62.59,61.82,61.02,60.31,59.90,59.88,59.82,59.80,59.76,59.69,59.62,59.60,59.58,59.55,59.55,59.58,59.57,59.53,59.49,59.45,59.45,59.47,59.51,59.54,59.55,59.55,59.54,59.49,59.46,59.39,59.34,59.33,59.25,59.17,59.15,59.13,59.04,58.97,58.92,58.87,58.78,58.67,58.55,58.46,58.37,58.25,58.14,58.05,57.96,57.87,57.90,57.93,57.99,58.06,58.10,58.14,58.20,58.28,58.36,58.43,58.50,58.59,58.67,58.78,58.87,58.97,59.08,59.15,59.22,59.30,59.39,59.52,59.67,59.82,60.06,60.42,60.79,60.94,61.00,61.05,61.14,61.29,61.41,61.48,61.44,61.25,60.99,60.68,60.34,60.08,59.87,59.73,59.61,59.50,59.38,59.30,59.18,59.04,58.96,58.81,58.69,58.57,58.46,58.38,58.34,58.31,58.31,58.31,58.35,58.38,58.42,58.46,58.53,58.61,58.69,58.81,58.92,59.04,59.15,59.27,59.39,59.57,61.98,65.55,67.78,69.52,69.84,69.55,69.11,68.41,68.58,69.31,70.09,70.14,70.18,70.22,70.23,70.21,70.24,70.23,70.19,70.15,70.11,70.13,70.18,70.20,70.20,70.20,70.18,70.16,70.15,70.11,70.10,70.10,70.10,70.10,70.06,70.02,70.00,70.00,70.00,70.00,70.00,69.91,69.48,68.92,68.30,67.65,67.03,66.31,65.64,65.03,64.49,63.95,63.44,62.89,62.33,61.81,61.33,60.77,60.24,59.94,59.90,59.90,59.90,59.89,59.86,59.89,59.90,59.90,59.90,59.90,59.90,62.83,69.36,70.09,70.22,70.34,70.42,70.50,70.64,70.75,70.82,70.91,71.06,71.16,71.23,71.33,71.47,71.56,71.64,71.72,71.80,71.84,71.78,71.70,71.69,71.69,71.60,71.50,71.42,71.34,71.23,71.13,71.05,70.94,70.86,70.75,70.65,70.57,70.49
59.47,59.48,59.48,59.48,59.48,59.55,59.62,59.70,59.80,59.89,60.17,60.52,60.87,61.19,61.59,62.05,62.60,63.27,63.94,64.62,65.25,65.55,64.94,64.18,63.40,62.62,61.83,60.99,60.29,59.90,59.88,59.82,59.79,59.75,59.69,59.63,59.62,59.62,59.61,59.62,59.69,59.66,59.62,59.61,59.53,59.52,59.56,59.61,59.61,59.61,59.61,59.58,59.52,59.51,59.45,59.41,59.39,59.31,59.24,59.21,59.19,59.11,59.03,58.95,58.88,58.79,58.71,58.57,58.46,58.38,58.29,58.15,58.05,57.94,57.81,57.80,57.84,57.91,57.98,57.99,58.06,58.14,58.22,58.29,58.36,58.44,58.53,58.60,58.68,58.76,58.87,59.00,59.08,59.17,59.25,59.36,59.51,59.67,59.82,60.04,60.32,60.58,60.52,60.45,60.46,60.54,60.68,60.82,60.90,60.90,60.88,60.70,60.46,60.21,60.00,59.83,59.68,59.55,59.46,59.31,59.22,59.10,58.97,58.88,58.74,58.59,58.46,58.37,58.23,58.13,58.08,58.07,58.07,58.08,58.13,58.21,58.29,58.37,58.49,58.64,58.77,58.87,59.00,59.15,59.28,59.38,59.52,59.75,61.00,64.63,67.57,68.30,67.98,67.38,66.55,67.08,68.58,70.16,70.21,70.26,70.28,70.25,70.18,70.18,70.14,70.10,70.10,70.10,70.11,70.15,70.20,70.20,70.19,70.14,70.10,70.10,70.10,70.10,70.10,70.10,70.10,70.09,70.04,70.00,70.00,70.00,70.00,69.98,69.80,69.21,68.58,67.91,67.22,66.52,65.76,65.04,64.37,63.76,63.20,62.71,62.21,61.73,61.42,61.16,60.72,60.23,59.94,59.90,59.90,59.90,59.88,59.82,59.86,59.89,59.90,59.90,59.90,60.03,63.01,69.38,70.10,70.23,70.34,70.42,70.51,70.64,70.75,70.82,70.91,71.06,71.16,71.23,71.33,71.47,71.56,71.64,71.72,71.80,71.81,71.75,71.71,71.76,71.81,71.77,71.71,71.66,71.61,71.55,71.49,71.42,71.29,71.19,71.10,71.03,70.95,70.87
59.35,59.35,59.35,59.34,59.30,59.36,59.43,59.53,59.66,59.74,59.88,60.07,60.31,60.63,61.20,61.79,62.36,62.95,63.53,64.16,64.77,65.21,65.02,64.31,63.52,62.73,61.90,61.05,60.32,59.90,59.88,59.82,59.75,59.72,59.70,59.68,59.67,59.67,59.67,59.69,59.75,59.76,59.75,59.73,59.66,59.65,59.66,59.67,59.67,59.67,59.67,59.64,59.58,59.58,59.52,59.48,59.46,59.39,59.31,59.27,59.25,59.17,59.09,59.02,58.92,58.79,58.71,58.57,58.46,58.38,58.30,58.15,58.05,57.94,57.81,57.74,57.74,57.79,57.86,57.92,58.00,58.08,58.15,58.22,58.30,58.38,58.46,58.53,58.61,58.69,58.78,58.88,59.02,59.10,59.21,59.36,59.51,59.67,59.82,59.99,60.18,60.30,60.20,60.07,59.99,60.03,60.16,60.28,60.33,60.33,60.27,60.17,60.07,59.98,59.86,59.71,59.55,59.42,59.34,59.19,59.09,58.98,58.84,58.75,58.62,58.46,58.33,58.24,58.10,58.00,57.93,57.88,57.88,57.92,58.02,58.15,58.22,58.30,58.42,58.56,58.66,58.79,58.90,59.02,59.17,59.31,59.41,59.53,59.98,61.21,62.19,63.63,64.56,64.33,63.86,64.59,67.11,70.09,70.25,70.24,70.19,70.13,70.06,70.05,70.08,70.10,70.10,70.10,70.15,70.19,70.20,70.19,70.14,70.11,70.10,70.10,70.10,70.10,70.10,70.10,70.09,70.05,70.01,70.00,70.00,70.00,70.00,69.85,69.44,68.78,68.06,67.35,66.65,65.95,65.19,64.47,63.78,63.12,62.51,61.98,61.47,61.05,60.79,60.55,60.26,60.00,59.91,59.90,59.90,59.87,59.83,59.80,59.82,59.86,59.90,59.90,59.90,60.63,63.84,69.51,70.16,70.25,70.34,70.43,70.56,70.66,70.75,70.82,70.91,71.06,71.16,71.23,71.33,71.47,71.56,71.64,71.73,71.85,71.82,71.75,71.66,71.58,71.54,71.52,71.55,71.63,71.67,71.71,71.78,71.81,71.71,71.58,71.48,71.41,71.34,71.25
59.22,59.20,59.19,59.17,59.13,59.17,59.26,59.38,59.49,59.58,59.67,59.79,59.93,60.15,60.64,61.23,61.83,62.38,62.92,63.51,64.13,64.67,64.91,64.56,63.90,63.09,62.15,61.19,60.37,59.89,59.86,59.81,59.76,59.73,59.73,59.73,59.73,59.73,59.73,59.75,59.81,59.84,59.84,59.83,59.78,59.75,59.73,59.73,59.73,59.73,59.73,59.70,59.64,59.63,59.58,59.53,59.52,59.45,59.36,59.32,59.28,59.20,59.12,59.05,58.94,58.80,58.71,58.59,58.48,58.38,58.30,58.15,58.03,57.91,57.76,57.65,57.65,57.70,57.78,57.86,57.94,58.01,58.09,58.16,58.21,58.30,58.40,58.47,58.55,58.63,58.71,58.80,58.92,59.03,59.16,59.32,59.48,59.63,59.76,59.89,60.00,60.03,59.94,59.81,59.72,59.74,59.82,59.91,59.95,59.94,59.90,59.83,59.79,59.77,59.69,59.57,59.43,59.30,59.21,59.06,58.97,58.85,58.71,58.60,58.48,58.34,58.20,58.12,57.97,57.87,57.80,57.74,57.76,57.83,57.93,58.04,58.12,58.22,58.36,58.49,58.58,58.73,58.82,58.94,59.08,59.21,59.32,59.45,59.60,59.72,59.83,60.96,61.91,61.87,61.67,62.19,64.04,66.67,68.35,69.67,70.09,70.05,70.01,70.03,70.07,70.10,70.11,70.13,70.18,70.19,70.17,70.16,70.11,70.10,70.10,70.10,70.10,70.10,70.10,70.09,70.06,70.02,70.00,70.00,70.00,70.00,69.96,69.69,69.13,68.42,67.66,66.91,66.19,65.45,64.69,63.93,63.20,62.51,61.86,61.25,60.77,60.44,60.29,60.14,60.00,59.90,59.90,59.90,59.88,59.84,59.80,59.80,59.80,59.84,59.90,59.90,59.90,62.74,66.80,69.91,70.30,70.37,70.45,70.53,70.63,70.70,70.78,70.86,70.95,71.07,71.16,71.23,71.33,71.47,71.56,71.64,71.74,71.86,71.83,71.73,71.61,71.50,71.42,71.38,71.38,71.42,71.47,71.55,71.67,71.77,71.75,71.68,71.67,71.66,71.64,71.63
59.09,59.03,59.01,59.01,59.00,59.01,59.10,59.22,59.30,59.39,59.52,59.62,59.69,59.74,60.02,60.50,61.07,61.61,62.16,62.76,63.37,63.98,64.57,64.74,64.39,63.61,62.55,61.42,60.45,59.88,59.82,59.81,59.80,59.80,59.79,59.79,59.80,59.80,59.80,59.81,59.87,59.93,59.96,59.95,59.93,59.87,59.82,59.80,59.80,59.80,59.80,59.78,59.71,59.70,59.64,59.59,59.57,59.50,59.43,59.36,59.29,59.20,59.12,59.05,58.94,58.80,58.71,58.63,58.50,58.37,58.28,58.13,57.98,57.84,57.68,57.54,57.56,57.64,57.72,57.79,57.86,57.94,58.02,58.08,58.10,58.21,58.32,58.40,58.48,58.56,58.64,58.72,58.81,58.95,59.11,59.26,59.41,59.56,59.65,59.73,59.80,59.80,59.73,59.65,59.59,59.59,59.61,59.67,59.71,59.70,59.70,59.63,59.60,59.58,59.51,59.43,59.30,59.17,59.08,58.94,58.84,58.73,58.57,58.43,58.34,58.21,58.08,57.99,57.85,57.74,57.67,57.62,57.69,57.77,57.84,57.92,58.01,58.15,58.30,58.42,58.52,58.66,58.75,58.87,59.01,59.10,59.24,59.38,59.52,59.61,59.74,59.96,60.12,60.11,60.09,60.15,60.38,61.51,65.06,68.10,69.59,70.01,70.02,70.07,70.10,70.10,70.12,70.18,70.19,70.16,70.11,70.11,70.09,70.09,70.09,70.09,70.09,70.09,70.09,70.08,70.02,70.00,70.00,70.00,70.00,69.98,69.88,69.53,68.89,68.13,67.36,66.59,65.82,65.05,64.28,63.46,62.68,61.98,61.28,60.60,60.15,59.97,59.95,59.93,59.91,59.90,59.89,59.89,59.84,59.81,59.80,59.80,59.80,59.84,59.90,59.90,59.90,65.51,70.65,70.44,70.48,70.55,70.63,70.70,70.72,70.79,70.86,70.94,71.02,71.09,71.17,71.25,71.34,71.48,71.57,71.65,71.75,71.87,71.82,71.70,71.58,71.49,71.41,71.33,71.24,71.14,71.14,71.19,71.30,71.41,71.48,71.54,71.65,71.76,71.83,71.89
58.91,58.88,58.87,58.87,58.87,58.87,58.94,59.04,59.12,59.25,59.32,59.36,59.39,59.45,59.63,59.95,60.36,60.86,61.44,62.05,62.63,63.15,63.69,64.18,64.37,64.08,63.03,61.89,60.67,59.89,59.87,59.87,59.87,59.84,59.80,59.80,59.84,59.87,59.87,59.87,59.89,60.19,60.41,60.39,60.30,60.18,60.04,59.92,59.87,59.87,59.87,59.83,59.77,59.77,59.70,59.64,59.59,59.56,59.50,59.41,59.34,59.26,59.13,59.05,58.95,58.84,58.72,58.59,58.45,58.30,58.17,58.03,57.87,57.72,57.57,57.46,57.50,57.58,57.65,57.72,57.80,57.85,57.89,57.97,58.02,58.11,58.20,58.29,58.41,58.50,58.58,58.67,58.80,58.94,59.10,59.24,59.34,59.45,59.49,59.55,59.61,59.61,59.54,59.46,59.41,59.42,59.46,59.53,59.55,59.51,59.51,59.44,59.41,59.40,59.37,59.30,59.17,59.05,58.96,58.81,58.71,58.60,58.45,58.29,58.20,58.08,57.95,57.86,57.72,57.62,57.54,57.50,57.61,57.70,57.78,57.86,57.94,58.08,58.20,58.31,58.45,58.60,58.69,58.80,58.94,59.03,59.17,59.30,59.41,59.52,59.59,59.66,59.71,59.71,59.71,59.71,59.71,60.09,61.65,63.05,66.69,70.02,70.06,70.09,70.10,70.12,70.17,70.19,70.16,70.12,70.10,70.09,70.05,70.03,70.03,70.03,70.03,70.03,70.03,70.03,70.00,70.00,70.00,70.00,69.98,69.85,69.73,69.39,68.75,67.98,67.21,66.41,65.60,64.83,64.06,63.27,62.47,61.68,60.94,60.30,59.97,59.90,59.90,59.90,59.90,59.89,59.84,59.84,59.81,59.80,59.80,59.80,59.80,59.84,59.90,59.90,59.90,65.87,71.21,70.70,70.63,70.69,70.76,70.84,70.89,70.96,71.04,71.11,71.19,71.22,71.28,71.36,71.44,71.55,71.63,71.70,71.79,71.87,71.78,71.67,71.57,71.48,71.37,71.27,71.19,71.09,71.04,70.97,70.95,70.99,71.11,71.19,71.30,71.41,71.52,71.60
58.80,58.76,58.75,58.75,58.75,58.75,58.80,58.88,58.95,59.07,59.09,59.09,59.11,59.17,59.30,59.51,59.79,60.20,60.69,61.23,61.74,62.22,62.72,63.33,63.83,63.98,63.46,62.62,61.19,60.07,59.91,59.90,59.90,59.87,59.83,59.83,59.88,59.94,60.03,60.17,60.26,60.65,60.94,60.89,60.74,60.59,60.38,60.16,60.05,59.99,59.95,59.90,59.83,59.83,59.77,59.69,59.63,59.62,59.56,59.47,59.38,59.29,59.17,59.06,58.96,58.85,58.70,58.55,58.39,58.23,58.08,57.92,57.76,57.59,57.45,57.36,57.42,57.51,57.59,57.66,57.73,57.76,57.80,57.88,57.95,58.03,58.11,58.19,58.32,58.43,58.52,58.61,58.77,58.92,59.06,59.17,59.22,59.30,59.32,59.36,59.42,59.42,59.37,59.29,59.23,59.25,59.30,59.37,59.38,59.33,59.32,59.25,59.22,59.22,59.21,59.14,59.03,58.92,58.83,58.68,58.59,58.47,58.32,58.17,58.08,57.96,57.82,57.74,57.59,57.49,57.42,57.40,57.52,57.61,57.69,57.79,57.87,58.02,58.13,58.23,58.38,58.51,58.62,58.73,58.86,58.96,59.10,59.22,59.30,59.41,59.44,59.50,59.54,59.54,59.54,59.54,59.54,59.56,59.64,59.79,63.43,67.45,68.26,69.71,70.11,70.15,70.19,70.17,70.13,70.10,70.09,70.07,70.02,70.00,70.00,70.00,70.00,70.00,70.00,70.00,70.00,70.00,70.00,69.98,69.89,69.70,69.57,69.25,68.62,67.85,67.06,66.25,65.44,64.67,63.89,63.11,62.30,61.50,60.80,60.24,59.96,59.94,59.95,59.97,59.94,59.88,59.83,59.83,59.81,59.80,59.80,59.78,59.79,59.83,59.88,59.90,59.90,65.80,71.19,70.94,70.81,70.84,70.91,70.97,71.05,71.13,71.20,71.28,71.35,71.38,71.44,71.52,71.59,71.63,71.67,71.73,71.80,71.85,71.76,71.66,71.57,71.48,71.34,71.24,71.16,71.08,70.98,70.85,70.75,70.73,70.81,70.83,70.90,71.00,71.14,71.22
58.82,58.70,58.64,58.63,58.63,58.63,58.67,58.75,58.81,58.83,58.84,58.84,58.84,58.86,58.99,59.19,59.43,59.68,59.89,60.25,60.68,61.17,61.73,62.23,62.67,63.13,63.69,63.53,62.06,60.56,60.05,60.01,60.02,60.00,59.98,59.98,59.99,60.10,60.38,60.80,61.09,61.34,61.46,61.38,61.23,61.09,60.85,60.58,60.37,60.22,60.08,59.97,59.90,59.89,59.83,59.75,59.69,59.68,59.62,59.50,59.38,59.30,59.21,59.08,58.93,58.79,58.63,58.48,58.32,58.17,58.01,57.86,57.66,57.47,57.33,57.24,57.33,57.44,57.52,57.60,57.62,57.66,57.73,57.81,57.89,57.97,58.05,58.12,58.21,58.34,58.46,58.55,58.70,58.85,58.96,59.02,59.04,59.11,59.13,59.16,59.23,59.23,59.22,59.13,59.05,59.11,59.13,59.19,59.19,59.14,59.13,59.06,59.03,59.03,59.02,58.95,58.88,58.79,58.70,58.56,58.46,58.35,58.19,58.04,57.95,57.83,57.70,57.61,57.47,57.37,57.32,57.32,57.41,57.48,57.59,57.72,57.81,57.95,58.06,58.16,58.30,58.40,58.53,58.65,58.75,58.89,59.04,59.15,59.21,59.24,59.30,59.37,59.42,59.42,59.41,59.41,59.41,59.44,59.52,59.66,60.38,61.73,64.11,68.56,70.00,70.19,70.18,70.13,70.10,70.09,70.08,70.02,70.00,70.00,70.00,70.00,70.00,70.00,70.00,70.00,70.00,70.00,70.00,69.93,69.73,69.56,69.41,69.09,68.49,67.73,66.90,66.09,65.31,64.54,63.77,62.96,62.15,61.42,60.89,60.42,60.12,60.03,60.09,60.16,60.05,59.91,59.89,59.88,59.84,59.80,59.79,59.73,59.77,59.81,59.83,59.89,59.90,65.66,71.09,71.19,71.02,71.03,71.08,71.10,71.17,71.25,71.33,71.41,71.48,71.54,71.61,71.69,71.74,71.69,71.69,71.70,71.73,71.80,71.80,71.69,71.57,71.48,71.34,71.24,71.16,71.07,70.93,70.83,70.75,70.69,70.62,70.51,70.53,70.63,70.76,70.84
59.03,58.92,58.82,58.74,58.66,58.61,58.60,58.57,58.54,58.58,58.59,58.59,58.59,58.59,58.69,58.87,59.08,59.23,59.38,59.62,59.91,60.25,60.62,60.92,61.27,61.74,62.44,62.99,62.86,62.23,61.50,61.72,61.80,61.69,61.51,61.43,61.38,61.42,61.55,61.71,61.81,61.74,61.62,61.55,61.52,61.42,61.23,60.97,60.73,60.49,60.32,60.17,60.06,59.98,59.89,59.81,59.75,59.70,59.63,59.53,59.42,59.30,59.18,59.01,58.83,58.67,58.52,58.36,58.21,58.05,57.90,57.75,57.57,57.39,57.25,57.16,57.23,57.33,57.41,57.48,57.53,57.59,57.67,57.75,57.83,57.90,57.97,58.05,58.14,58.28,58.41,58.53,58.64,58.75,58.82,58.85,58.90,58.93,58.97,59.01,59.05,59.08,59.05,58.97,58.90,58.94,58.98,59.02,59.00,58.95,58.94,58.88,58.84,58.84,58.83,58.77,58.72,58.67,58.58,58.43,58.30,58.19,58.06,57.91,57.83,57.70,57.57,57.48,57.34,57.24,57.21,57.26,57.34,57.41,57.51,57.62,57.74,57.85,57.97,58.10,58.24,58.33,58.47,58.58,58.67,58.82,58.94,59.01,59.05,59.10,59.17,59.24,59.29,59.28,59.25,59.24,59.26,59.31,59.39,59.53,59.64,60.08,61.44,63.92,67.76,70.11,70.14,70.10,70.06,70.05,70.04,70.00,70.00,70.00,70.00,70.00,70.00,70.00,70.00,70.00,70.00,70.00,69.95,69.82,69.59,69.43,69.28,68.95,68.36,67.60,66.77,65.96,65.19,64.41,63.60,62.88,62.22,61.63,61.13,60.71,60.47,60.39,60.42,60.50,60.36,60.10,59.92,59.90,59.84,59.80,59.79,59.72,59.77,59.80,59.82,59.89,59.90,65.51,70.91,71.28,71.15,71.17,71.23,71.28,71.36,71.43,71.51,71.57,71.60,71.60,71.63,71.64,71.63,71.60,71.59,71.62,71.68,71.78,71.80,71.73,71.61,71.49,71.38,71.26,71.16,71.07,70.97,70.85,70.75,70.66,70.55,70.43,70.40,70.39,70.39,70.45
59.30,59.20,59.08,58.91,58.75,58.68,58.63,58.53,58.42,58.46,58.45,58.42,58.39,58.37,58.40,58.54,58.70,58.79,58.92,59.08,59.26,59.48,59.64,59.78,60.03,60.42,60.94,61.84,62.77,62.97,62.28,62.66,62.78,62.63,62.36,62.23,62.18,62.17,62.15,62.07,62.05,61.74,61.49,61.46,61.54,61.53,61.41,61.22,61.02,60.76,60.56,60.40,60.24,60.07,59.96,59.88,59.80,59.71,59.62,59.53,59.42,59.26,59.11,58.91,58.72,58.56,58.41,58.24,58.08,57.93,57.77,57.62,57.46,57.31,57.17,57.10,57.15,57.22,57.30,57.38,57.45,57.53,57.61,57.69,57.76,57.84,57.92,58.00,58.09,58.22,58.36,58.48,58.55,58.62,58.65,58.68,58.74,58.75,58.81,58.85,58.86,58.93,58.88,58.80,58.75,58.77,58.83,58.85,58.81,58.75,58.75,58.69,58.66,58.65,58.64,58.58,58.55,58.52,58.44,58.30,58.15,58.03,57.94,57.79,57.70,57.58,57.44,57.36,57.21,57.11,57.10,57.17,57.25,57.34,57.42,57.52,57.66,57.75,57.88,58.03,58.16,58.26,58.40,58.52,58.61,58.73,58.81,58.86,58.89,58.96,59.03,59.10,59.15,59.14,59.08,59.07,59.10,59.18,59.28,59.41,59.51,59.62,59.76,59.84,64.68,68.25,68.42,68.90,69.43,69.81,70.00,70.00,70.00,70.00,70.00,70.00,70.00,70.00,70.00,70.00,70.00,69.97,69.85,69.67,69.47,69.31,69.14,68.81,68.23,67.46,66.63,65.83,65.06,64.30,63.53,62.91,62.39,61.92,61.40,61.06,60.88,60.80,60.81,60.88,60.70,60.33,59.95,59.90,59.84,59.80,59.79,59.72,59.75,59.79,59.82,59.89,59.90,65.35,70.69,71.25,71.28,71.32,71.38,71.45,71.51,71.57,71.63,71.66,71.64,71.58,71.56,71.52,71.47,71.47,71.48,71.53,71.63,71.76,71.80,71.75,71.65,71.52,71.42,71.29,71.17,71.09,71.00,70.87,70.76,70.66,70.52,70.42,70.34,70.24,70.13,70.14
59.55,59.45,59.30,59.09,58.90,58.91,58.91,58.87,58.78,58.73,58.63,58.50,58.37,58.25,58.14,58.16,58.26,58.34,58.43,58.56,58.75,58.97,59.13,59.23,59.38,59.59,59.82,60.10,60.38,60.48,60.38,60.53,60.58,60.53,60.47,60.45,60.54,60.62,60.71,60.87,61.04,60.93,60.83,60.89,61.03,61.14,61.17,61.13,61.08,60.96,60.78,60.59,60.42,60.21,60.05,59.95,59.85,59.71,59.57,59.44,59.29,59.14,58.98,58.81,58.66,58.50,58.34,58.14,57.95,57.80,57.65,57.49,57.34,57.18,57.05,57.02,57.08,57.16,57.23,57.31,57.39,57.47,57.55,57.62,57.69,57.78,57.85,57.94,58.08,58.18,58.27,58.34,58.36,58.43,58.46,58.49,58.55,58.56,58.62,58.66,58.67,58.74,58.69,58.61,58.58,58.64,58.65,58.66,58.63,58.56,58.56,58.55,58.51,58.46,58.45,58.38,58.36,58.33,58.25,58.16,58.02,57.90,57.81,57.66,57.57,57.45,57.32,57.23,57.08,56.98,56.97,57.05,57.13,57.25,57.36,57.45,57.60,57.69,57.81,57.95,58.05,58.19,58.34,58.46,58.52,58.55,58.63,58.69,58.76,58.83,58.85,58.91,58.96,58.96,58.94,58.94,58.98,59.07,59.20,59.31,59.39,59.49,59.63,59.72,60.90,61.79,62.32,64.56,67.25,69.14,70.00,70.00,70.00,70.00,70.00,70.00,70.00,70.00,70.00,70.00,69.98,69.83,69.66,69.50,69.34,69.18,68.98,68.64,68.09,67.28,66.48,65.71,64.95,64.26,63.70,63.16,62.65,62.18,61.71,61.46,61.30,61.19,61.19,61.25,61.02,60.52,59.97,59.90,59.84,59.80,59.79,59.72,59.71,59.75,59.82,59.89,59.90,65.22,70.41,71.01,71.43,71.53,71.55,71.56,71.58,71.59,71.57,71.52,71.47,71.44,71.39,71.35,71.34,71.34,71.39,71.49,71.62,71.71,71.78,71.75,71.67,71.56,71.43,71.33,71.22,71.09,71.01,70.92,70.80,70.67,70.58,70.44,70.34,70.26,70.17,70.03
59.77,59.61,59.39,59.18,59.10,59.18,59.24,59.25,59.20,59.09,58.95,58.80,58.68,58.52,58.34,58.25,58.23,58.20,58.17,58.18,58.27,58.42,58.58,58.70,58.83,58.98,59.09,59.17,59.28,59.38,59.45,59.50,59.53,59.55,59.55,59.55,59.66,59.75,59.86,60.02,60.21,60.25,60.29,60.42,60.57,60.72,60.79,60.80,60.82,60.79,60.72,60.62,60.52,60.33,60.17,60.02,59.86,59.68,59.52,59.34,59.16,59.01,58.85,58.70,58.55,58.39,58.23,58.05,57.87,57.72,57.56,57.41,57.23,57.06,56.92,56.91,56.97,57.05,57.13,57.20,57.28,57.36,57.44,57.51,57.59,57.67,57.76,57.87,57.99,58.05,58.11,58.16,58.17,58.24,58.27,58.30,58.36,58.37,58.43,58.47,58.48,58.55,58.50,58.44,58.43,58.46,58.47,58.47,58.44,58.37,58.36,58.36,58.33,58.27,58.26,58.19,58.16,58.15,58.11,58.03,57.89,57.77,57.68,57.53,57.44,57.32,57.18,57.06,56.95,56.88,56.89,56.97,57.05,57.16,57.27,57.39,57.54,57.63,57.76,57.89,57.97,58.11,58.24,58.33,58.37,58.41,58.48,58.55,58.62,58.66,58.70,58.77,58.81,58.81,58.81,58.81,58.85,58.95,59.09,59.18,59.26,59.36,59.51,59.59,59.64,59.70,60.09,61.67,63.58,64.89,65.50,65.92,68.91,70.00,70.00,70.00,70.00,70.00,69.86,69.68,69.79,69.68,69.52,69.36,69.20,69.02,68.82,68.49,67.93,67.13,66.35,65.66,65.02,64.41,63.93,63.41,62.90,62.46,62.09,61.86,61.71,61.61,61.61,61.62,61.27,60.67,60.09,59.93,59.84,59.80,59.79,59.72,59.70,59.74,59.81,59.85,59.89,64.58,69.50,70.82,71.43,71.56,71.54,71.50,71.47,71.47,71.42,71.35,71.31,71.28,71.24,71.21,71.22,71.25,71.35,71.47,71.58,71.66,71.76,71.75,71.67,71.58,71.44,71.34,71.24,71.13,71.02,70.93,70.83,70.71,70.60,70.48,70.36,70.27,70.18,70.03
59.94,59.69,59.44,59.26,59.36,59.59,59.71,59.74,59.70,59.56,59.37,59.22,59.11,58.94,58.73,58.55,58.39,58.23,58.08,57.92,57.87,57.95,58.07,58.20,58.33,58.46,58.54,58.62,58.74,58.87,58.93,58.95,59.00,59.04,59.04,59.05,59.11,59.19,59.27,59.36,59.50,59.64,59.80,59.95,60.11,60.26,60.34,60.39,60.46,60.48,60.53,60.57,60.54,60.41,60.26,60.05,59.80,59.59,59.43,59.24,59.04,58.90,58.75,58.59,58.43,58.27,58.11,57.95,57.80,57.64,57.49,57.33,57.14,56.94,56.81,56.80,56.86,56.93,57.01,57.09,57.16,57.24,57.32,57.40,57.47,57.55,57.66,57.77,57.86,57.88,57.92,57.98,57.98,58.05,58.07,58.11,58.17,58.18,58.24,58.27,58.29,58.36,58.32,58.28,58.28,58.28,58.28,58.27,58.25,58.18,58.17,58.17,58.13,58.08,58.07,58.00,57.98,57.98,57.96,57.89,57.76,57.65,57.55,57.41,57.32,57.20,57.04,56.89,56.81,56.78,56.81,56.89,56.97,57.06,57.18,57.32,57.46,57.56,57.69,57.81,57.91,58.05,58.13,58.18,58.20,58.27,58.35,58.42,58.48,58.49,58.56,58.64,58.68,58.67,58.67,58.68,58.73,58.82,58.97,59.06,59.13,59.24,59.38,59.46,59.48,59.52,59.61,59.80,60.01,60.14,60.21,61.05,66.89,69.41,69.74,69.67,69.58,69.59,69.35,69.05,69.30,69.31,69.23,69.12,69.01,68.84,68.68,68.35,67.77,67.03,66.28,65.69,65.19,64.65,64.18,63.66,63.16,62.75,62.49,62.27,62.11,62.05,62.03,61.94,61.48,60.81,60.25,59.96,59.84,59.80,59.79,59.72,59.70,59.74,59.80,59.81,59.88,63.72,68.31,70.67,71.37,71.48,71.43,71.36,71.30,71.28,71.24,71.18,71.17,71.11,71.09,71.09,71.12,71.19,71.33,71.44,71.53,71.61,71.74,71.75,71.68,71.59,71.45,71.34,71.26,71.17,71.03,70.93,70.85,70.75,70.62,70.54,70.41,70.31,70.22,70.09
59.96,59.70,59.52,59.46,59.72,60.45,60.65,60.58,60.50,60.35,59.98,59.68,59.48,59.28,59.09,58.90,58.67,58.41,58.20,57.99,57.86,57.83,57.82,57.81,57.86,57.95,58.03,58.11,58.23,58.36,58.43,58.44,58.50,58.53,58.53,58.54,58.60,58.68,58.76,58.84,58.94,59.07,59.25,59.45,59.60,59.72,59.88,60.06,60.14,60.25,60.34,60.38,60.38,60.34,60.21,59.91,59.52,59.34,59.23,59.08,58.93,58.83,58.73,58.55,58.37,58.20,57.99,57.83,57.67,57.52,57.36,57.21,57.04,56.88,56.74,56.73,56.79,56.86,56.94,57.02,57.09,57.17,57.25,57.33,57.41,57.48,57.55,57.60,57.67,57.69,57.73,57.79,57.79,57.86,57.88,57.91,57.98,57.99,58.05,58.09,58.10,58.17,58.17,58.13,58.11,58.14,58.10,58.09,58.05,57.99,57.98,57.98,57.94,57.89,57.88,57.81,57.79,57.79,57.77,57.70,57.61,57.52,57.43,57.28,57.19,57.07,56.91,56.77,56.68,56.66,56.69,56.78,56.90,57.00,57.11,57.25,57.35,57.48,57.59,57.70,57.83,57.93,57.98,58.01,58.07,58.15,58.23,58.27,58.30,58.36,58.44,58.51,58.53,58.49,58.49,58.53,58.60,58.69,58.84,58.93,59.01,59.11,59.24,59.28,59.33,59.37,59.40,59.47,59.51,59.58,59.68,60.13,62.99,66.44,68.41,67.96,67.49,67.50,67.61,67.69,67.94,68.15,68.30,68.43,68.59,68.65,68.54,68.22,67.66,67.06,66.45,65.92,65.44,64.91,64.43,63.92,63.45,63.11,62.88,62.69,62.53,62.43,62.40,62.10,61.58,60.95,60.36,59.99,59.84,59.80,59.79,59.72,59.70,59.74,59.80,59.81,59.88,62.84,67.11,70.60,71.33,71.34,71.25,71.18,71.16,71.11,71.07,71.04,70.99,70.97,70.96,71.01,71.11,71.19,71.28,71.40,71.52,71.60,71.70,71.75,71.72,71.59,71.49,71.37,71.26,71.18,71.08,70.95,70.85,70.77,70.68,70.65,70.57,70.48,70.38,70.18
59.92,59.66,59.55,59.61,59.99,61.01,61.52,61.75,61.92,61.78,61.17,60.50,59.97,59.59,59.35,59.13,58.88,58.60,58.37,58.11,57.94,57.86,57.78,57.70,57.68,57.70,57.73,57.75,57.80,57.86,57.92,57.92,57.97,58.00,58.02,58.03,58.07,58.16,58.24,58.30,58.40,58.54,58.71,58.90,59.00,59.09,59.26,59.49,59.66,59.85,60.03,60.15,60.19,60.20,60.10,59.69,59.12,58.97,58.87,58.75,58.64,58.56,58.45,58.30,58.14,57.99,57.80,57.65,57.53,57.39,57.24,57.08,56.93,56.78,56.65,56.66,56.72,56.80,56.88,56.96,57.03,57.11,57.19,57.26,57.32,57.39,57.43,57.44,57.48,57.50,57.54,57.59,57.60,57.67,57.70,57.72,57.79,57.80,57.86,57.91,57.94,57.99,58.00,57.97,57.95,57.98,57.92,57.89,57.86,57.80,57.80,57.80,57.75,57.70,57.69,57.65,57.61,57.59,57.59,57.52,57.46,57.40,57.30,57.16,57.06,56.94,56.79,56.64,56.55,56.55,56.59,56.68,56.81,56.92,57.05,57.19,57.27,57.41,57.52,57.60,57.70,57.78,57.82,57.87,57.94,57.99,58.06,58.11,58.15,58.23,58.28,58.35,58.38,58.33,58.33,58.39,58.47,58.57,58.71,58.80,58.88,58.97,59.09,59.12,59.17,59.21,59.24,59.29,59.32,59.39,59.50,59.73,60.63,63.58,65.84,65.64,65.61,65.73,65.97,66.25,66.50,66.79,67.06,67.31,67.62,67.93,68.08,68.00,67.69,67.20,66.68,66.18,65.69,65.16,64.66,64.17,63.77,63.50,63.28,63.10,62.93,62.79,62.67,62.23,61.65,61.05,60.47,60.02,59.86,59.82,59.79,59.72,59.68,59.71,59.77,59.81,59.88,61.70,65.40,70.00,71.17,71.18,71.05,71.03,70.99,70.95,70.92,70.88,70.84,70.83,70.87,70.96,71.08,71.16,71.25,71.37,71.48,71.56,71.66,71.75,71.74,71.60,71.52,71.40,71.30,71.22,71.17,71.06,70.95,70.88,70.81,70.77,70.71,70.62,70.47,70.27
59.83,59.60,59.55,59.70,60.14,61.20,62.13,62.89,63.46,63.35,62.50,61.45,60.47,59.85,59.51,59.25,59.02,58.78,58.55,58.27,58.06,57.98,57.91,57.83,57.75,57.69,57.63,57.57,57.46,57.41,57.46,57.47,57.47,57.50,57.54,57.55,57.55,57.63,57.73,57.74,57.87,58.02,58.17,58.29,58.33,58.39,58.52,58.71,59.00,59.29,59.58,59.82,59.93,59.95,59.90,59.39,58.63,58.52,58.38,58.28,58.19,58.10,57.96,57.86,57.77,57.67,57.52,57.42,57.33,57.23,57.08,56.93,56.78,56.64,56.53,56.58,56.66,56.73,56.81,56.89,56.96,57.04,57.12,57.19,57.20,57.26,57.30,57.31,57.31,57.31,57.35,57.41,57.42,57.48,57.51,57.54,57.60,57.61,57.67,57.74,57.80,57.80,57.80,57.80,57.80,57.80,57.73,57.70,57.68,57.61,57.61,57.61,57.56,57.51,57.51,57.50,57.45,57.41,57.40,57.33,57.30,57.26,57.17,57.03,56.93,56.81,56.66,56.52,56.43,56.45,56.53,56.61,56.70,56.83,56.98,57.11,57.20,57.34,57.44,57.50,57.52,57.59,57.67,57.74,57.80,57.82,57.88,57.95,58.02,58.09,58.11,58.17,58.21,58.20,58.20,58.27,58.34,58.44,58.59,58.67,58.75,58.83,58.91,58.98,59.01,59.05,59.09,59.11,59.17,59.21,59.28,59.50,59.77,61.20,62.54,63.05,64.06,64.34,64.51,64.81,65.08,65.40,65.69,65.97,66.33,66.86,67.35,67.69,67.75,67.40,66.92,66.43,65.95,65.41,64.87,64.44,64.11,63.88,63.72,63.51,63.31,63.14,62.88,62.34,61.73,61.13,60.58,60.05,59.90,59.86,59.79,59.71,59.64,59.65,59.73,59.79,59.87,60.47,63.34,68.80,70.87,70.99,70.84,70.88,70.82,70.80,70.76,70.71,70.71,70.72,70.82,70.93,71.02,71.10,71.23,71.34,71.43,71.52,71.65,71.75,71.74,71.61,71.54,71.45,71.37,71.31,71.29,71.22,71.14,71.07,70.99,70.92,70.84,70.70,70.50,70.39
59.70,59.56,59.57,59.73,60.04,60.77,61.49,62.06,62.34,62.18,61.64,61.01,60.41,59.93,59.62,59.38,59.15,58.92,58.68,58.43,58.23,58.11,58.03,57.91,57.81,57.74,57.66,57.58,57.49,57.42,57.39,57.35,57.30,57.27,57.25,57.25,57.25,57.26,57.26,57.23,57.32,57.43,57.51,57.57,57.62,57.70,57.81,57.99,58.26,58.56,58.87,59.12,59.27,59.37,59.36,58.91,58.17,58.02,57.91,57.82,57.73,57.61,57.50,57.42,57.32,57.20,57.09,57.01,56.90,56.78,56.68,56.62,56.52,56.44,56.39,56.46,56.54,56.62,56.69,56.77,56.85,56.92,57.00,57.07,57.08,57.10,57.14,57.18,57.18,57.18,57.19,57.23,57.27,57.31,57.35,57.39,57.42,57.47,57.50,57.55,57.61,57.61,57.61,57.61,57.61,57.61,57.54,57.52,57.51,57.47,57.42,57.41,57.38,57.32,57.32,57.32,57.27,57.22,57.21,57.13,57.11,57.10,57.04,56.90,56.77,56.65,56.53,56.39,56.30,56.33,56.43,56.54,56.63,56.77,56.90,57.00,57.13,57.24,57.30,57.33,57.38,57.46,57.54,57.59,57.63,57.67,57.74,57.82,57.89,57.91,57.96,58.03,58.08,58.07,58.03,58.12,58.22,58.31,58.46,58.55,58.63,58.69,58.73,58.80,58.85,58.89,58.92,58.97,59.01,59.05,59.13,59.31,59.51,60.15,60.91,61.61,62.50,62.86,63.11,63.47,63.98,64.48,64.96,65.42,65.88,66.40,66.83,67.19,67.44,67.34,67.08,66.69,66.20,65.66,65.12,64.75,64.50,64.32,64.16,63.95,63.73,63.47,63.05,62.46,61.87,61.30,60.71,60.12,59.93,59.87,59.79,59.71,59.63,59.64,59.71,59.74,59.81,60.03,62.00,66.57,70.16,70.73,70.62,70.71,70.68,70.64,70.60,70.59,70.64,70.69,70.78,70.89,71.01,71.09,71.19,71.30,71.42,71.50,71.65,71.72,71.72,71.67,71.68,71.63,71.55,71.48,71.42,71.35,71.31,71.26,71.18,71.11,70.96,70.78,70.67,70.83
59.70,59.61,59.62,59.70,59.84,60.22,60.65,60.92,60.92,60.77,60.55,60.34,60.14,59.84,59.64,59.47,59.28,59.06,58.82,58.58,58.38,58.22,58.13,58.01,57.91,57.83,57.75,57.66,57.58,57.50,57.41,57.34,57.27,57.19,57.13,57.13,57.14,57.11,57.05,56.99,57.01,57.05,57.07,57.06,57.09,57.13,57.20,57.30,57.49,57.78,58.07,58.31,58.47,58.64,58.71,58.34,57.70,57.55,57.44,57.36,57.26,57.13,57.03,56.95,56.85,56.75,56.67,56.60,56.52,56.41,56.36,56.35,56.31,56.27,56.29,56.36,56.44,56.52,56.59,56.67,56.75,56.82,56.89,56.94,56.95,56.95,56.98,57.03,57.05,57.05,57.05,57.06,57.12,57.15,57.19,57.23,57.24,57.31,57.32,57.36,57.42,57.42,57.42,57.42,57.42,57.42,57.35,57.32,57.32,57.31,57.24,57.23,57.19,57.13,57.13,57.13,57.08,57.02,57.02,56.97,56.94,56.92,56.90,56.77,56.62,56.51,56.41,56.27,56.19,56.23,56.34,56.48,56.56,56.70,56.81,56.91,57.04,57.11,57.14,57.18,57.26,57.33,57.40,57.44,57.47,57.54,57.62,57.69,57.73,57.76,57.83,57.89,57.92,57.92,57.87,57.98,58.09,58.19,58.33,58.42,58.49,58.53,58.55,58.61,58.69,58.74,58.76,58.81,58.84,58.91,59.02,59.20,59.41,59.64,60.02,60.65,61.31,61.76,62.15,62.60,63.27,63.89,64.50,65.07,65.56,65.99,66.33,66.67,67.00,67.10,67.05,66.82,66.44,65.91,65.41,65.10,64.90,64.71,64.53,64.31,64.05,63.70,63.15,62.56,61.99,61.44,60.83,60.22,59.96,59.87,59.79,59.71,59.63,59.63,59.68,59.71,59.76,59.83,60.91,63.95,68.19,69.92,70.44,70.54,70.53,70.47,70.46,70.50,70.58,70.66,70.74,70.86,70.98,71.09,71.18,71.31,71.45,71.54,71.64,71.66,71.65,71.66,71.73,71.72,71.68,71.64,71.58,71.50,71.46,71.42,71.34,71.23,71.06,70.93,70.97,71.28
59.90,59.81,59.71,59.62,59.59,59.70,59.84,59.90,59.86,59.82,59.78,59.74,59.69,59.58,59.53,59.49,59.41,59.24,58.95,58.71,58.48,58.29,58.20,58.11,58.03,57.95,57.87,57.73,57.64,57.56,57.48,57.41,57.33,57.25,57.19,57.20,57.25,57.27,57.24,57.16,57.11,57.05,56.99,56.92,56.87,56.81,56.73,56.65,56.71,56.97,57.23,57.44,57.59,57.81,57.96,57.72,57.20,57.09,56.95,56.86,56.77,56.68,56.55,56.45,56.40,56.36,56.30,56.27,56.26,56.24,56.23,56.23,56.22,56.22,56.23,56.30,56.38,56.45,56.53,56.61,56.68,56.75,56.81,56.82,56.82,56.82,56.83,56.85,56.91,56.92,56.92,56.93,56.94,57.00,57.03,57.04,57.05,57.12,57.13,57.18,57.23,57.23,57.23,57.23,57.23,57.22,57.16,57.13,57.13,57.12,57.05,57.04,57.00,56.94,56.94,56.94,56.88,56.84,56.84,56.83,56.77,56.73,56.72,56.63,56.49,56.38,56.28,56.14,56.11,56.17,56.28,56.42,56.50,56.64,56.75,56.83,56.91,56.93,56.98,57.05,57.13,57.20,57.23,57.27,57.34,57.41,57.49,57.53,57.55,57.62,57.70,57.73,57.73,57.73,57.73,57.85,57.96,58.06,58.21,58.30,58.33,58.36,58.42,58.43,58.50,58.56,58.62,58.64,58.70,58.81,58.97,59.18,59.36,59.57,59.81,60.11,60.71,61.30,61.87,62.45,63.08,63.70,64.27,64.77,65.17,65.51,65.83,66.17,66.50,66.66,66.72,66.75,66.62,66.16,65.75,65.51,65.30,65.02,64.80,64.56,64.23,63.76,63.16,62.60,62.05,61.51,60.95,60.34,60.02,59.87,59.79,59.71,59.64,59.61,59.63,59.69,59.71,59.77,60.03,61.09,64.38,68.17,70.25,70.40,70.35,70.33,70.36,70.44,70.52,70.59,70.72,70.84,70.94,71.08,71.23,71.38,71.52,71.65,71.63,71.56,71.53,71.53,71.60,71.67,71.72,71.76,71.75,71.69,71.62,71.55,71.45,71.26,71.14,71.19,71.42,71.64
60.67,60.47,60.27,60.11,59.93,59.83,59.78,59.73,59.70,59.70,59.70,59.68,59.64,59.56,59.48,59.40,59.31,59.19,59.04,58.86,58.65,58.44,58.32,58.24,58.14,58.03,57.95,57.80,57.67,57.57,57.50,57.46,57.39,57.33,57.31,57.35,57.39,57.40,57.39,57.35,57.28,57.20,57.12,57.05,56.97,56.89,56.77,56.65,56.62,56.71,56.77,56.80,56.86,57.00,57.16,57.05,56.73,56.60,56.52,56.45,56.38,56.34,56.27,56.22,56.20,56.19,56.16,56.14,56.14,56.14,56.14,56.14,56.14,56.14,56.16,56.23,56.31,56.39,56.47,56.54,56.58,56.62,56.64,56.65,56.68,56.70,56.70,56.71,56.74,56.78,56.80,56.80,56.80,56.83,56.87,56.90,56.90,56.94,56.98,57.01,57.05,57.05,57.08,57.07,57.05,57.03,56.97,56.95,56.95,56.93,56.86,56.84,56.83,56.79,56.75,56.75,56.69,56.64,56.64,56.64,56.59,56.55,56.53,56.45,56.34,56.25,56.15,56.02,56.00,56.08,56.20,56.31,56.43,56.54,56.62,56.66,56.74,56.78,56.85,56.91,56.95,57.03,57.08,57.13,57.20,57.24,57.31,57.37,57.42,57.49,57.53,57.58,57.60,57.61,57.64,57.74,57.84,57.93,58.08,58.13,58.17,58.21,58.24,58.29,58.32,58.38,58.45,58.50,58.60,58.73,58.91,59.14,59.30,59.51,59.71,59.93,60.44,61.04,61.66,62.27,62.85,63.43,63.93,64.35,64.69,65.01,65.32,65.66,66.01,66.21,66.31,66.38,66.38,66.16,65.92,65.75,65.55,65.29,65.05,64.72,64.32,63.82,63.22,62.66,62.12,61.59,61.09,60.55,60.15,59.91,59.84,59.77,59.69,59.63,59.61,59.64,59.64,59.70,59.78,60.12,61.70,64.22,67.37,70.10,70.20,70.23,70.30,70.39,70.50,70.62,70.77,70.90,71.03,71.18,71.33,71.49,71.61,71.63,71.54,71.42,71.34,71.36,71.43,71.50,71.58,71.65,71.69,71.70,71.70,71.67,71.55,71.40,71.41,71.45,71.44,71.39
61.31,60.97,60.70,60.51,60.28,60.11,59.99,59.93,59.93,59.90,59.87,59.82,59.74,59.65,59.50,59.35,59.22,59.14,59.10,58.98,58.80,58.60,58.45,58.35,58.23,58.09,58.01,57.87,57.71,57.58,57.52,57.52,57.46,57.43,57.45,57.52,57.53,57.54,57.55,57.53,57.47,57.39,57.31,57.23,57.16,57.08,56.96,56.82,56.75,56.67,56.55,56.43,56.38,56.42,56.52,56.50,56.35,56.20,56.17,56.13,56.09,56.09,56.09,56.09,56.09,56.09,56.09,56.09,56.08,56.07,56.07,56.07,56.07,56.07,56.08,56.15,56.23,56.31,56.38,56.45,56.47,56.47,56.47,56.48,56.54,56.56,56.57,56.57,56.57,56.63,56.66,56.67,56.67,56.67,56.72,56.77,56.77,56.77,56.82,56.86,56.87,56.88,56.93,56.92,56.87,56.84,56.79,56.76,56.76,56.74,56.67,56.66,56.66,56.64,56.57,56.55,56.50,56.45,56.45,56.45,56.40,56.36,56.34,56.28,56.20,56.13,56.03,55.89,55.88,55.99,56.11,56.21,56.34,56.43,56.46,56.49,56.56,56.64,56.71,56.76,56.78,56.85,56.93,57.00,57.05,57.07,57.14,57.22,57.29,57.34,57.37,57.42,57.47,57.47,57.55,57.63,57.71,57.80,57.93,57.97,58.01,58.06,58.08,58.14,58.16,58.20,58.28,58.38,58.52,58.68,58.86,59.08,59.25,59.45,59.65,59.86,60.27,60.84,61.45,62.04,62.58,63.10,63.53,63.88,64.19,64.50,64.81,65.15,65.51,65.75,65.86,65.94,66.00,65.98,65.90,65.77,65.60,65.40,65.19,64.82,64.38,63.88,63.28,62.73,62.20,61.70,61.23,60.77,60.31,60.01,59.89,59.82,59.75,59.67,59.61,59.60,59.59,59.64,59.72,59.79,59.90,60.59,63.86,68.59,69.88,70.17,70.27,70.38,70.53,70.69,70.84,71.00,71.15,71.30,71.45,71.59,71.66,71.57,71.42,71.27,71.17,71.18,71.25,71.33,71.41,71.49,71.56,71.64,71.72,71.74,71.64,71.55,71.65,71.63,71.34,71.05
60.99,60.60,60.28,60.09,60.15,60.27,60.37,60.45,60.46,60.31,60.17,60.08,59.98,59.84,59.69,59.54,59.39,59.26,59.13,58.99,58.82,58.67,58.57,58.44,58.29,58.16,58.07,57.93,57.77,57.65,57.59,57.58,57.57,57.55,57.57,57.64,57.66,57.69,57.73,57.72,57.66,57.58,57.50,57.42,57.34,57.27,57.15,57.01,56.94,56.86,56.77,56.69,56.60,56.50,56.46,56.37,56.21,56.07,56.04,56.03,56.02,56.02,56.02,56.02,56.02,56.02,56.02,56.02,55.99,55.95,55.95,55.95,55.95,55.95,55.96,56.03,56.10,56.18,56.26,56.33,56.34,56.34,56.34,56.34,56.36,56.41,56.45,56.45,56.45,56.46,56.50,56.54,56.54,56.54,56.59,56.64,56.64,56.64,56.66,56.69,56.74,56.75,56.76,56.76,56.73,56.67,56.65,56.60,56.57,56.55,56.48,56.47,56.47,56.45,56.38,56.36,56.31,56.27,56.27,56.27,56.21,56.16,56.16,56.14,56.08,56.00,55.90,55.77,55.81,55.93,56.05,56.14,56.23,56.26,56.30,56.36,56.44,56.52,56.55,56.59,56.65,56.73,56.80,56.85,56.88,56.94,57.01,57.09,57.15,57.17,57.23,57.30,57.32,57.30,57.42,57.51,57.58,57.66,57.75,57.82,57.85,57.89,57.94,57.96,58.01,58.08,58.17,58.30,58.45,58.64,58.84,59.02,59.23,59.42,59.61,59.83,60.12,60.61,61.17,61.73,62.25,62.70,63.06,63.38,63.69,63.99,64.30,64.65,65.01,65.30,65.42,65.50,65.55,65.54,65.42,65.27,65.16,65.09,64.99,64.79,64.45,63.95,63.34,62.84,62.36,61.88,61.42,60.96,60.54,60.17,59.91,59.88,59.81,59.73,59.66,59.60,59.54,59.58,59.65,59.72,59.81,60.00,60.87,63.43,68.98,70.20,70.36,70.50,70.66,70.81,70.97,71.12,71.28,71.43,71.54,71.60,71.59,71.45,71.30,71.14,71.05,71.06,71.13,71.20,71.28,71.36,71.44,71.51,71.59,71.67,71.74,71.68,71.61,71.46,71.22,71.03
60.75,60.32,60.02,59.88,59.98,60.11,60.21,60.30,60.34,60.26,60.14,60.05,59.97,59.80,59.64,59.48,59.33,59.18,59.05,58.95,58.84,58.73,58.62,58.49,58.36,58.22,58.10,57.98,57.84,57.72,57.65,57.67,57.68,57.70,57.73,57.77,57.78,57.83,57.88,57.88,57.84,57.77,57.69,57.61,57.53,57.46,57.36,57.24,57.17,57.12,57.04,56.94,56.85,56.70,56.58,56.45,56.30,56.15,56.06,56.00,55.95,55.95,55.93,55.92,55.92,55.92,55.92,55.92,55.89,55.85,55.85,55.85,55.85,55.85,55.87,55.94,56.02,56.09,56.17,56.21,56.22,56.22,56.22,56.22,56.22,56.25,56.29,56.32,56.32,56.32,56.34,56.38,56.41,56.42,56.45,56.49,56.52,56.52,56.52,56.54,56.57,56.57,56.57,56.57,56.56,56.52,56.48,56.45,56.41,56.37,56.32,56.29,56.27,56.26,56.19,56.17,56.15,56.11,56.08,56.07,56.02,55.98,55.98,55.97,55.91,55.85,55.77,55.65,55.73,55.84,55.94,55.99,56.06,56.10,56.16,56.23,56.28,56.35,56.40,56.44,56.52,56.56,56.64,56.69,56.73,56.81,56.89,56.95,56.98,57.02,57.09,57.15,57.16,57.15,57.28,57.38,57.46,57.53,57.58,57.65,57.70,57.73,57.78,57.81,57.88,57.95,58.05,58.23,58.39,58.59,58.80,58.97,59.18,59.36,59.53,59.74,59.97,60.40,60.91,61.43,61.86,62.23,62.56,62.87,63.18,63.49,63.80,64.14,64.51,64.81,64.99,65.08,65.10,65.06,64.95,64.83,64.75,64.75,64.70,64.59,64.38,64.02,63.48,62.97,62.50,62.03,61.58,61.14,60.77,60.40,60.06,59.92,59.84,59.76,59.68,59.60,59.52,59.53,59.59,59.67,59.74,59.78,59.84,61.64,68.67,70.21,70.40,70.56,70.74,70.93,71.07,71.21,71.36,71.51,71.55,71.52,71.44,71.32,71.17,71.01,70.91,70.89,70.96,71.03,71.11,71.19,71.27,71.38,71.46,71.56,71.70,71.74,71.63,71.47,71.30,71.15
60.58,60.14,59.89,59.81,59.82,59.82,59.82,59.85,59.91,59.96,59.91,59.87,59.81,59.60,59.45,59.31,59.17,59.04,58.95,58.92,58.87,58.77,58.64,58.54,58.41,58.27,58.12,58.02,57.90,57.78,57.74,57.80,57.81,57.85,57.90,57.91,57.92,57.96,58.01,58.02,58.02,57.96,57.88,57.82,57.74,57.66,57.58,57.50,57.44,57.42,57.31,57.19,57.10,56.95,56.80,56.65,56.48,56.33,56.18,56.04,55.93,55.91,55.83,55.80,55.80,55.80,55.80,55.80,55.80,55.80,55.80,55.80,55.79,55.79,55.81,55.88,55.95,56.02,56.07,56.08,56.09,56.09,56.09,56.09,56.09,56.09,56.12,56.17,56.19,56.19,56.19,56.21,56.27,56.29,56.29,56.32,56.38,56.38,56.38,56.39,56.39,56.39,56.39,56.39,56.39,56.37,56.31,56.29,56.26,56.20,56.19,56.13,56.09,56.08,56.01,56.00,55.99,55.96,55.90,55.89,55.83,55.79,55.79,55.78,55.72,55.69,55.64,55.53,55.64,55.74,55.79,55.81,55.88,55.95,56.03,56.08,56.10,56.17,56.24,56.31,56.38,56.39,56.45,56.53,56.60,56.67,56.75,56.79,56.81,56.89,56.96,56.99,57.00,57.02,57.16,57.25,57.33,57.38,57.40,57.46,57.53,57.58,57.61,57.67,57.75,57.84,57.95,58.16,58.34,58.53,58.74,58.91,59.13,59.30,59.46,59.63,59.85,60.19,60.63,61.10,61.43,61.74,62.05,62.36,62.67,62.98,63.29,63.63,64.00,64.31,64.56,64.66,64.64,64.58,64.50,64.42,64.37,64.36,64.35,64.29,64.20,64.05,63.63,63.13,62.63,62.17,61.72,61.32,60.99,60.64,60.28,59.98,59.85,59.77,59.69,59.61,59.53,59.50,59.53,59.61,59.69,59.76,59.84,61.64,68.67,70.21,70.40,70.58,70.81,71.03,71.16,71.27,71.42,71.55,71.52,71.41,71.28,71.19,71.04,70.89,70.76,70.71,70.78,70.85,70.94,71.01,71.09,71.22,71.33,71.44,71.59,71.73,71.69,71.58,71.48,71.31
60.54,60.24,60.00,59.85,59.80,59.75,59.70,59.67,59.69,59.67,59.64,59.60,59.52,59.35,59.28,59.23,59.19,59.13,59.06,59.00,58.91,58.78,58.68,58.56,58.45,58.33,58.18,58.04,57.93,57.88,57.91,57.93,57.93,57.98,58.03,58.04,58.08,58.12,58.16,58.20,58.20,58.15,58.09,58.06,57.98,57.91,57.83,57.77,57.74,57.69,57.57,57.45,57.36,57.20,57.05,56.87,56.68,56.52,56.37,56.21,56.07,55.96,55.83,55.76,55.73,55.73,55.73,55.73,55.73,55.73,55.73,55.73,55.70,55.68,55.74,55.81,55.85,55.87,55.89,55.90,55.94,55.97,55.97,55.97,55.97,55.97,55.97,56.01,56.05,56.07,56.07,56.07,56.09,56.14,56.16,56.17,56.20,56.20,56.23,56.26,56.26,56.26,56.26,56.26,56.25,56.19,56.17,56.16,56.13,56.07,56.06,56.00,55.97,55.95,55.88,55.86,55.83,55.79,55.76,55.71,55.68,55.64,55.60,55.59,55.53,55.50,55.48,55.45,55.53,55.58,55.62,55.67,55.75,55.83,55.88,55.91,55.96,56.04,56.11,56.17,56.20,56.25,56.32,56.40,56.47,56.49,56.56,56.63,56.69,56.75,56.79,56.83,56.86,56.89,57.03,57.13,57.17,57.21,57.25,57.29,57.34,57.42,57.47,57.54,57.62,57.75,57.93,58.11,58.31,58.50,58.69,58.89,59.07,59.23,59.39,59.55,59.73,59.95,60.25,60.61,60.93,61.24,61.55,61.86,62.16,62.47,62.78,63.13,63.50,63.81,64.10,64.22,64.20,64.13,64.10,64.03,63.97,63.92,63.92,63.86,63.84,63.84,63.71,63.29,62.82,62.35,61.91,61.56,61.21,60.86,60.52,60.17,59.95,59.83,59.75,59.67,59.54,59.46,59.46,59.55,59.67,59.76,59.84,61.64,68.67,70.21,70.43,70.64,70.87,71.11,71.23,71.33,71.47,71.52,71.42,71.28,71.14,71.06,70.92,70.76,70.64,70.59,70.65,70.72,70.80,70.88,70.96,71.06,71.17,71.31,71.47,71.62,71.70,71.70,71.59,71.34
60.63,60.38,60.14,59.98,59.89,59.80,59.73,59.69,59.66,59.61,59.57,59.51,59.42,59.34,59.33,59.30,59.25,59.20,59.15,59.08,58.97,58.83,58.74,58.60,58.49,58.39,58.23,58.09,58.00,57.99,58.06,58.06,58.08,58.12,58.17,58.20,58.24,58.28,58.31,58.36,58.37,58.34,58.33,58.31,58.24,58.16,58.10,58.05,58.02,57.95,57.82,57.69,57.58,57.43,57.27,57.10,56.90,56.74,56.59,56.44,56.28,56.13,55.97,55.84,55.74,55.69,55.65,55.63,55.63,55.63,55.63,55.63,55.60,55.59,55.64,55.72,55.73,55.73,55.73,55.74,55.78,55.80,55.80,55.81,55.83,55.83,55.83,55.84,55.89,55.93,55.94,55.94,55.94,55.98,56.02,56.03,56.03,56.04,56.08,56.11,56.11,56.11,56.11,56.11,56.09,56.04,56.03,56.02,55.98,55.94,55.91,55.86,55.82,55.79,55.75,55.71,55.67,55.63,55.60,55.55,55.52,55.48,55.44,55.43,55.37,55.33,55.33,55.34,55.41,55.44,55.47,55.55,55.62,55.68,55.72,55.76,55.83,55.91,55.97,56.01,56.05,56.12,56.20,56.26,56.31,56.34,56.40,56.48,56.55,56.60,56.63,56.67,56.71,56.76,56.91,56.98,57.02,57.05,57.09,57.13,57.19,57.26,57.34,57.42,57.51,57.67,57.89,58.05,58.27,58.45,58.63,58.83,58.99,59.16,59.33,59.48,59.61,59.76,59.97,60.23,60.52,60.83,61.13,61.44,61.75,62.03,62.34,62.67,63.02,63.33,63.62,63.76,63.76,63.69,63.68,63.63,63.55,63.48,63.48,63.43,63.45,63.53,63.57,63.35,62.98,62.55,62.13,61.78,61.41,61.05,60.70,60.33,60.02,59.86,59.78,59.70,59.55,59.43,59.41,59.51,59.64,59.75,59.84,61.64,68.67,70.21,70.44,70.67,70.91,71.13,71.29,71.40,71.46,71.44,71.33,71.18,71.04,70.91,70.78,70.63,70.50,70.43,70.49,70.56,70.64,70.72,70.80,70.89,71.03,71.18,71.34,71.47,71.63,71.72,71.61,71.31
60.81,60.52,60.31,60.18,60.09,59.96,59.90,59.86,59.80,59.79,59.73,59.62,59.52,59.56,59.56,59.47,59.34,59.22,59.20,59.14,59.02,58.89,58.80,58.66,58.55,58.45,58.30,58.15,58.09,58.12,58.19,58.20,58.25,58.28,58.31,58.37,58.39,58.44,58.48,58.49,58.49,58.54,58.58,58.56,58.49,58.42,58.38,58.35,58.28,58.20,58.08,57.93,57.78,57.62,57.46,57.31,57.15,56.99,56.84,56.68,56.53,56.37,56.22,56.02,55.85,55.70,55.57,55.54,55.53,55.52,55.52,55.52,55.51,55.50,55.53,55.59,55.61,55.61,55.61,55.61,55.62,55.62,55.62,55.63,55.69,55.71,55.71,55.71,55.72,55.77,55.81,55.81,55.81,55.82,55.87,55.91,55.91,55.91,55.91,55.91,55.92,55.92,55.92,55.92,55.92,55.91,55.91,55.86,55.82,55.79,55.73,55.71,55.67,55.62,55.61,55.55,55.52,55.48,55.42,55.41,55.36,55.32,55.31,55.30,55.24,55.21,55.21,55.22,55.29,55.31,55.34,55.42,55.49,55.52,55.56,55.63,55.70,55.78,55.81,55.84,55.91,55.98,56.06,56.11,56.14,56.20,56.27,56.35,56.41,56.43,56.49,56.52,56.55,56.63,56.77,56.82,56.85,56.91,56.92,56.98,57.06,57.14,57.21,57.29,57.42,57.61,57.83,57.99,58.20,58.39,58.55,58.71,58.86,59.07,59.26,59.40,59.50,59.63,59.79,59.98,60.22,60.52,60.82,61.13,61.43,61.68,61.97,62.28,62.59,62.89,63.15,63.29,63.31,63.25,63.23,63.18,63.10,63.04,63.03,63.03,63.06,63.14,63.22,63.24,63.06,62.74,62.36,61.98,61.60,61.21,60.84,60.45,60.08,59.86,59.78,59.69,59.55,59.40,59.36,59.49,59.59,59.72,59.84,61.65,68.68,70.23,70.45,70.68,70.91,71.13,71.36,71.46,71.40,71.32,71.23,71.10,70.94,70.75,70.69,70.55,70.38,70.25,70.30,70.38,70.45,70.53,70.62,70.75,70.90,71.05,71.20,71.30,71.49,71.61,71.54,71.25
60.90,60.67,60.54,60.47,60.39,60.28,60.19,60.11,60.04,60.03,59.94,59.82,59.73,59.71,59.64,59.50,59.36,59.27,59.26,59.17,59.05,58.94,58.82,58.71,58.59,58.47,58.36,58.21,58.19,58.25,58.32,58.36,58.40,58.44,58.48,58.52,58.56,58.59,58.62,58.62,58.66,58.73,58.79,58.82,58.75,58.71,58.67,58.62,58.53,58.46,58.33,58.17,58.02,57.82,57.66,57.50,57.34,57.19,57.04,56.88,56.73,56.57,56.42,56.24,56.07,55.91,55.76,55.66,55.57,55.49,55.45,55.45,55.41,55.40,55.44,55.47,55.48,55.48,55.48,55.48,55.48,55.48,55.48,55.49,55.52,55.55,55.58,55.58,55.58,55.61,55.65,55.68,55.68,55.68,55.70,55.73,55.73,55.73,55.73,55.75,55.78,55.78,55.78,55.78,55.78,55.78,55.74,55.70,55.66,55.62,55.59,55.55,55.51,55.48,55.47,55.41,55.38,55.36,55.29,55.28,55.23,55.18,55.17,55.13,55.09,55.08,55.08,55.09,55.16,55.22,55.26,55.30,55.36,55.38,55.42,55.50,55.57,55.61,55.65,55.71,55.78,55.82,55.88,55.95,56.00,56.07,56.11,56.17,56.24,56.29,56.36,56.38,56.41,56.50,56.60,56.66,56.70,56.73,56.78,56.85,56.93,57.01,57.09,57.21,57.35,57.55,57.76,57.92,58.14,58.33,58.48,58.64,58.80,58.97,59.14,59.28,59.37,59.51,59.66,59.83,60.02,60.27,60.56,60.87,61.17,61.41,61.70,61.98,62.25,62.51,62.75,62.87,62.87,62.80,62.79,62.74,62.66,62.59,62.59,62.59,62.65,62.75,62.79,62.86,62.84,62.72,62.48,62.12,61.73,61.35,60.96,60.57,60.15,59.89,59.77,59.64,59.49,59.34,59.28,59.39,59.52,59.66,59.80,61.67,68.81,70.38,70.59,70.76,70.91,71.13,71.37,71.47,71.37,71.21,71.04,70.88,70.75,70.75,71.06,70.84,70.39,70.12,70.12,70.19,70.26,70.35,70.47,70.62,70.75,70.87,71.03,71.19,71.44,71.58,71.54,71.52
61.03,60.87,60.80,60.77,60.69,60.61,60.49,60.37,60.29,60.25,60.12,59.99,59.88,59.78,59.63,59.50,59.40,59.35,59.31,59.20,59.08,58.99,58.85,58.75,58.64,58.50,58.40,58.27,58.28,58.35,58.43,58.52,58.56,58.59,58.64,58.67,58.72,58.75,58.77,58.78,58.83,58.91,59.00,59.05,59.00,58.98,58.95,58.87,58.79,58.70,58.56,58.41,58.24,58.04,57.86,57.71,57.56,57.41,57.25,57.09,56.94,56.77,56.61,56.45,56.30,56.15,56.01,55.86,55.70,55.56,55.48,55.45,55.39,55.35,55.36,55.34,55.35,55.35,55.35,55.35,55.35,55.35,55.35,55.35,55.35,55.40,55.44,55.45,55.45,55.45,55.49,55.54,55.54,55.54,55.55,55.56,55.56,55.56,55.56,55.59,55.63,55.63,55.63,55.63,55.63,55.63,55.57,55.56,55.52,55.46,55.45,55.39,55.35,55.35,55.33,55.28,55.25,55.21,55.16,55.14,55.09,55.05,55.02,54.97,54.95,54.95,54.96,54.98,55.04,55.11,55.16,55.17,55.24,55.27,55.31,55.37,55.44,55.45,55.51,55.58,55.65,55.66,55.72,55.79,55.87,55.92,55.95,56.00,56.08,56.16,56.22,56.24,56.29,56.37,56.44,56.51,56.54,56.57,56.65,56.73,56.80,56.89,56.99,57.14,57.30,57.50,57.70,57.86,58.07,58.24,58.40,58.55,58.71,58.86,59.02,59.16,59.24,59.38,59.53,59.69,59.85,60.05,60.30,60.59,60.87,61.11,61.38,61.65,61.88,62.13,62.35,62.44,62.41,62.35,62.33,62.28,62.22,62.15,62.15,62.16,62.24,62.34,62.36,62.43,62.52,62.55,62.47,62.19,61.86,61.49,61.08,60.68,60.23,59.93,59.76,59.61,59.45,59.28,59.21,59.30,59.45,59.60,59.76,61.64,68.79,70.58,70.86,70.96,71.00,71.16,71.34,71.45,71.38,71.16,70.92,70.73,70.60,70.66,71.09,70.67,69.88,69.32,69.21,69.42,69.79,70.17,70.32,70.47,70.58,70.69,70.89,71.15,71.44,71.59,71.55,71.61
61.26,61.17,61.09,61.02,60.95,60.87,60.78,60.67,60.53,60.39,60.25,60.06,59.87,59.73,59.58,59.50,59.48,59.45,59.33,59.23,59.15,59.06,58.91,58.82,58.70,58.55,58.41,58.32,58.34,58.42,58.50,58.64,58.72,58.76,58.79,58.84,58.87,58.91,58.95,58.95,58.97,59.07,59.19,59.25,59.24,59.24,59.20,59.12,59.04,58.90,58.75,58.60,58.44,58.28,58.12,57.97,57.81,57.66,57.50,57.35,57.18,56.96,56.80,56.65,56.49,56.35,56.25,56.11,55.96,55.81,55.67,55.59,55.52,55.40,55.24,55.17,55.20,55.23,55.23,55.23,55.23,55.23,55.23,55.23,55.23,55.24,55.27,55.33,55.33,55.33,55.34,55.34,55.34,55.34,55.39,55.43,55.43,55.43,55.43,55.44,55.45,55.45,55.45,55.45,55.45,55.45,55.43,55.43,55.40,55.33,55.33,55.27,55.23,55.21,55.16,55.13,55.09,55.04,55.02,54.96,54.94,54.90,54.84,54.83,54.83,54.83,54.85,54.91,54.93,54.98,55.03,55.05,55.11,55.18,55.22,55.25,55.32,55.33,55.38,55.45,55.52,55.53,55.59,55.66,55.73,55.75,55.80,55.87,55.95,56.02,56.04,56.09,56.16,56.24,56.31,56.34,56.38,56.45,56.52,56.60,56.68,56.78,56.92,57.08,57.28,57.48,57.63,57.80,57.96,58.12,58.27,58.43,58.58,58.73,58.89,59.03,59.12,59.25,59.41,59.56,59.72,59.88,60.05,60.25,60.50,60.73,60.97,61.21,61.45,61.74,61.93,61.97,61.91,61.90,61.84,61.81,61.77,61.71,61.70,61.75,61.83,61.90,61.91,62.04,62.14,62.21,62.23,62.13,61.96,61.66,61.21,60.75,60.29,59.96,59.76,59.61,59.45,59.25,59.15,59.23,59.38,59.53,59.69,61.50,68.36,70.76,71.33,71.35,71.24,71.20,71.27,71.38,71.43,71.22,70.99,70.76,70.55,70.38,70.27,69.47,68.28,67.24,66.91,67.56,68.78,69.99,70.13,70.28,70.39,70.54,70.83,71.19,71.51,71.65,71.53,71.25
61.50,61.43,61.35,61.27,61.19,61.09,60.94,60.77,60.58,60.39,60.17,59.98,59.83,59.71,59.63,59.60,59.59,59.53,59.39,59.29,59.20,59.08,58.97,58.85,58.74,58.61,58.47,58.38,58.40,58.49,58.61,58.73,58.81,58.89,58.95,58.99,59.03,59.07,59.10,59.10,59.14,59.26,59.38,59.45,59.49,59.50,59.45,59.38,59.29,59.14,58.99,58.82,58.64,58.48,58.33,58.19,58.06,57.91,57.76,57.60,57.44,57.25,57.13,56.98,56.83,56.68,56.56,56.41,56.28,56.16,56.00,55.88,55.79,55.65,55.40,55.27,55.22,55.16,55.10,55.06,55.05,55.08,55.10,55.10,55.10,55.10,55.12,55.15,55.16,55.19,55.20,55.20,55.20,55.20,55.23,55.26,55.26,55.26,55.26,55.26,55.26,55.30,55.30,55.30,55.30,55.30,55.30,55.27,55.24,55.20,55.16,55.12,55.08,55.05,55.01,54.97,54.93,54.90,54.89,54.82,54.80,54.77,54.70,54.70,54.73,54.76,54.77,54.80,54.80,54.86,54.92,54.96,55.00,55.06,55.10,55.12,55.20,55.23,55.28,55.33,55.39,55.40,55.46,55.54,55.60,55.61,55.67,55.75,55.81,55.85,55.89,55.96,56.03,56.11,56.19,56.20,56.24,56.32,56.40,56.48,56.55,56.67,56.85,57.01,57.23,57.42,57.58,57.73,57.88,58.02,58.15,58.30,58.45,58.61,58.76,58.91,58.99,59.13,59.28,59.43,59.54,59.66,59.80,59.95,60.12,60.34,60.55,60.78,61.06,61.35,61.51,61.52,61.45,61.41,61.37,61.36,61.33,61.27,61.26,61.32,61.40,61.47,61.52,61.65,61.75,61.83,61.89,61.83,61.75,61.55,61.19,60.76,60.30,59.97,59.75,59.56,59.41,59.22,59.10,59.13,59.27,59.42,59.60,60.62,64.53,69.34,71.21,71.06,70.94,70.99,71.11,71.29,71.42,71.31,71.07,70.82,70.59,70.36,70.13,68.78,66.66,64.49,63.74,64.68,66.37,68.12,69.14,69.88,70.31,70.62,71.00,71.39,71.47,71.34,71.05,70.53
61.76,61.67,61.58,61.49,61.40,61.25,61.04,60.81,60.58,60.34,60.06,59.88,59.80,59.74,59.73,59.72,59.68,59.59,59.45,59.35,59.24,59.10,59.01,58.88,58.77,58.67,58.52,58.44,58.47,58.58,58.71,58.80,58.88,59.00,59.11,59.13,59.20,59.23,59.23,59.25,59.31,59.44,59.55,59.63,59.71,59.74,59.71,59.64,59.55,59.40,59.25,59.07,58.87,58.71,58.56,58.43,58.33,58.18,58.03,57.88,57.73,57.58,57.48,57.35,57.20,57.06,56.90,56.75,56.63,56.52,56.38,56.23,56.12,55.95,55.67,55.48,55.32,55.17,55.05,54.96,54.93,54.95,54.98,54.97,54.97,54.97,54.97,54.97,54.98,55.03,55.07,55.07,55.07,55.07,55.07,55.07,55.07,55.07,55.07,55.07,55.09,55.15,55.16,55.16,55.16,55.16,55.16,55.12,55.07,55.06,54.99,54.97,54.94,54.88,54.87,54.80,54.78,54.77,54.75,54.69,54.67,54.64,54.59,54.59,54.64,54.67,54.67,54.68,54.69,54.74,54.81,54.87,54.89,54.94,54.98,55.00,55.07,55.15,55.18,55.21,55.27,55.29,55.34,55.41,55.47,55.48,55.54,55.62,55.67,55.68,55.75,55.83,55.91,55.98,56.05,56.07,56.12,56.19,56.27,56.35,56.44,56.58,56.79,56.95,57.15,57.34,57.50,57.65,57.81,57.92,58.02,58.17,58.33,58.47,58.63,58.76,58.85,58.98,59.13,59.26,59.34,59.42,59.55,59.67,59.78,59.98,60.16,60.37,60.66,60.97,61.07,61.05,60.99,60.92,60.91,60.91,60.88,60.82,60.83,60.88,60.95,61.03,61.13,61.27,61.38,61.46,61.51,61.46,61.44,61.35,61.11,60.73,60.30,59.97,59.74,59.53,59.36,59.20,59.06,59.01,59.13,59.29,59.48,59.72,60.55,66.73,69.92,70.30,70.48,70.70,70.93,71.16,71.35,71.39,71.17,70.91,70.68,70.44,70.21,68.62,65.62,61.94,60.86,61.85,63.71,65.76,67.37,68.28,68.93,69.56,70.28,70.69,70.33,69.67,69.03,68.32
62.01,61.88,61.75,61.62,61.47,61.27,61.04,60.81,60.57,60.29,60.07,59.94,59.87,59.85,59.85,59.81,59.73,59.60,59.50,59.38,59.26,59.15,59.02,58.92,58.83,58.73,58.59,58.50,58.56,58.69,58.78,58.86,58.98,59.10,59.18,59.24,59.32,59.39,59.43,59.44,59.50,59.59,59.69,59.77,59.90,59.98,59.99,59.95,59.80,59.66,59.50,59.36,59.24,59.08,58.94,58.79,58.64,58.49,58.39,58.26,58.10,57.95,57.81,57.71,57.58,57.44,57.27,57.13,56.98,56.85,56.75,56.60,56.46,56.27,55.96,55.69,55.51,55.38,55.28,55.14,55.02,54.95,54.89,54.79,54.83,54.85,54.85,54.85,54.85,54.86,54.88,54.88,54.88,54.88,54.88,54.89,54.94,54.95,54.95,54.95,54.95,54.97,54.98,54.98,54.98,54.98,54.98,54.96,54.95,54.94,54.86,54.85,54.81,54.75,54.74,54.68,54.65,54.63,54.58,54.56,54.55,54.54,54.52,54.52,54.54,54.55,54.55,54.55,54.61,54.64,54.68,54.76,54.81,54.84,54.88,54.93,54.95,55.02,55.08,55.13,55.16,55.21,55.24,55.29,55.34,55.36,55.42,55.49,55.55,55.56,55.63,55.70,55.78,55.85,55.87,55.92,55.99,56.07,56.14,56.22,56.37,56.56,56.73,56.88,57.05,57.22,57.37,57.53,57.68,57.79,57.89,58.05,58.20,58.31,58.43,58.58,58.66,58.75,58.88,59.02,59.09,59.17,59.30,59.42,59.51,59.68,59.84,60.01,60.23,60.57,60.61,60.55,60.49,60.47,60.41,60.40,60.39,60.38,60.43,60.47,60.51,60.60,60.74,60.89,61.03,61.13,61.14,61.13,61.12,61.10,60.98,60.61,60.25,59.97,59.76,59.58,59.37,59.20,59.02,58.88,58.95,59.14,59.34,59.50,59.82,61.77,65.24,68.66,70.12,70.51,70.74,70.97,71.20,71.42,71.31,71.10,70.85,70.57,70.33,69.67,66.61,60.85,59.90,60.31,61.74,63.54,63.80,62.81,62.97,64.38,66.24,66.78,65.51,63.72,62.26,61.40
62.15,62.01,61.85,61.68,61.47,61.23,61.00,60.78,60.57,60.33,60.15,60.04,59.98,59.98,59.95,59.87,59.76,59.64,59.53,59.41,59.31,59.21,59.07,58.97,58.88,58.77,58.65,58.59,58.66,58.77,58.85,58.95,59.08,59.18,59.26,59.36,59.45,59.52,59.58,59.59,59.69,59.79,59.91,60.06,60.23,60.29,60.29,60.25,60.11,59.98,59.83,59.69,59.58,59.46,59.31,59.16,59.00,58.85,58.74,58.62,58.48,58.33,58.17,58.06,57.93,57.78,57.65,57.50,57.35,57.21,57.10,56.98,56.81,56.58,56.27,55.97,55.75,55.60,55.49,55.34,55.20,55.09,54.97,54.84,54.86,54.86,54.80,54.72,54.69,54.69,54.70,54.72,54.72,54.72,54.72,54.74,54.78,54.79,54.79,54.79,54.79,54.79,54.81,54.82,54.82,54.82,54.82,54.82,54.81,54.77,54.73,54.70,54.66,54.62,54.59,54.54,54.50,54.47,54.43,54.42,54.42,54.42,54.42,54.42,54.42,54.42,54.42,54.43,54.50,54.54,54.58,54.64,54.70,54.72,54.76,54.83,54.86,54.91,54.97,55.02,55.03,55.10,55.14,55.18,55.23,55.26,55.30,55.37,55.42,55.43,55.50,55.58,55.64,55.69,55.72,55.79,55.86,55.94,56.02,56.12,56.30,56.50,56.64,56.78,56.94,57.09,57.24,57.37,57.52,57.63,57.72,57.84,57.99,58.09,58.20,58.32,58.42,58.51,58.61,58.73,58.83,58.92,59.02,59.14,59.25,59.38,59.52,59.67,59.86,60.13,60.17,60.11,60.02,59.98,59.89,59.83,59.82,59.87,59.97,60.04,60.12,60.24,60.39,60.55,60.64,60.69,60.69,60.72,60.77,60.82,60.80,60.57,60.30,60.04,59.80,59.63,59.42,59.21,59.02,58.85,58.80,58.97,59.16,59.31,59.48,59.69,61.95,65.43,68.48,70.02,70.55,70.78,71.03,71.32,71.38,71.25,71.01,70.73,70.47,70.20,67.32,61.04,59.63,59.55,60.39,61.59,61.37,60.04,59.89,60.92,62.25,62.54,61.47,59.96,58.63,57.68
62.22,62.07,61.90,61.71,61.43,61.20,60.97,60.77,60.61,60.45,60.29,60.17,60.12,60.10,60.03,59.91,59.78,59.68,59.55,59.44,59.36,59.27,59.13,59.03,58.92,58.79,58.70,58.70,58.75,58.83,58.92,59.06,59.16,59.24,59.34,59.48,59.56,59.64,59.70,59.74,59.90,60.06,60.24,60.46,60.65,60.65,60.61,60.57,60.43,60.34,60.20,60.05,59.92,59.82,59.68,59.53,59.38,59.23,59.08,58.97,58.85,58.70,58.55,58.41,58.25,58.11,58.02,57.88,57.73,57.58,57.43,57.34,57.16,56.90,56.59,56.28,56.03,55.83,55.68,55.54,55.43,55.31,55.16,55.03,55.02,54.98,54.86,54.69,54.60,54.56,54.58,54.60,54.59,54.59,54.59,54.59,54.59,54.60,54.60,54.60,54.60,54.60,54.66,54.69,54.69,54.69,54.69,54.69,54.66,54.60,54.59,54.53,54.50,54.48,54.41,54.39,54.35,54.30,54.29,54.29,54.29,54.29,54.29,54.29,54.29,54.30,54.30,54.31,54.37,54.45,54.49,54.51,54.58,54.60,54.64,54.71,54.78,54.79,54.84,54.90,54.91,54.98,55.05,55.09,55.11,55.17,55.20,55.24,55.29,55.30,55.37,55.44,55.49,55.51,55.58,55.66,55.73,55.81,55.90,56.04,56.23,56.41,56.50,56.65,56.80,56.95,57.09,57.18,57.31,57.42,57.51,57.60,57.73,57.84,57.92,58.02,58.15,58.25,58.34,58.42,58.57,58.66,58.75,58.85,58.98,59.07,59.21,59.37,59.52,59.69,59.77,59.72,59.59,59.51,59.38,59.27,59.27,59.35,59.50,59.64,59.79,59.93,60.08,60.23,60.25,60.21,60.22,60.28,60.41,60.51,60.57,60.54,60.36,60.09,59.84,59.67,59.45,59.23,59.03,58.85,58.66,58.78,58.97,59.12,59.29,59.50,59.92,61.67,65.90,69.19,70.30,70.59,70.85,71.14,71.37,71.36,71.15,70.91,70.63,70.37,67.98,62.51,59.90,59.27,59.49,59.92,59.77,59.06,58.77,58.79,58.74,58.62,58.31,57.82,57.11,56.13
62.28,62.09,61.88,61.68,61.47,61.29,61.11,60.94,60.78,60.63,60.47,60.36,60.29,60.22,60.07,59.94,59.82,59.70,59.59,59.47,59.37,59.28,59.18,59.06,58.94,58.83,58.72,58.75,58.81,58.89,58.98,59.13,59.22,59.33,59.45,59.55,59.64,59.72,59.81,59.99,60.33,60.54,60.72,60.93,61.01,61.01,60.97,60.90,60.80,60.67,60.52,60.39,60.28,60.15,60.01,59.88,59.76,59.61,59.45,59.32,59.18,59.03,58.92,58.79,58.63,58.48,58.35,58.24,58.11,57.95,57.80,57.67,57.48,57.22,56.91,56.60,56.31,56.06,55.88,55.77,55.65,55.50,55.36,55.28,55.27,55.28,55.26,55.16,54.99,54.83,54.67,54.51,54.42,54.41,54.41,54.41,54.41,54.46,54.47,54.47,54.47,54.47,54.49,54.51,54.51,54.51,54.51,54.51,54.49,54.46,54.41,54.38,54.37,54.35,54.28,54.27,54.22,54.17,54.17,54.17,54.17,54.17,54.17,54.17,54.17,54.20,54.23,54.24,54.26,54.32,54.37,54.38,54.45,54.51,54.55,54.59,54.66,54.67,54.72,54.78,54.83,54.86,54.93,54.97,54.98,55.06,55.11,55.15,55.17,55.18,55.24,55.29,55.33,55.38,55.45,55.53,55.61,55.70,55.83,55.98,56.12,56.25,56.37,56.48,56.58,56.71,56.85,56.92,57.03,57.15,57.26,57.34,57.44,57.56,57.67,57.75,57.85,57.97,58.08,58.16,58.27,58.39,58.48,58.57,58.68,58.80,58.95,59.11,59.26,59.41,59.51,59.45,59.31,59.23,59.09,58.98,58.99,59.12,59.27,59.42,59.55,59.67,59.81,59.88,59.89,59.87,59.88,59.95,60.05,60.16,60.27,60.27,60.16,59.96,59.73,59.56,59.34,59.15,58.96,58.76,58.58,58.64,58.78,58.93,59.09,59.31,59.53,60.24,62.55,67.53,69.74,70.42,70.70,70.96,71.20,71.34,71.34,71.10,70.85,70.61,69.58,66.58,60.97,59.19,58.93,58.85,58.56,58.05,57.66,57.40,57.14,56.96,56.76,56.38,55.70,54.72
62.32,62.12,61.91,61.72,61.56,61.41,61.27,61.13,60.97,60.82,60.67,60.55,60.45,60.30,60.09,59.95,59.85,59.70,59.62,59.49,59.37,59.29,59.20,59.07,58.96,58.87,58.75,58.80,58.88,58.95,59.05,59.20,59.29,59.39,59.51,59.59,59.69,59.78,59.92,60.24,60.71,60.99,61.18,61.34,61.34,61.34,61.30,61.23,61.14,61.00,60.85,60.74,60.63,60.48,60.34,60.23,60.11,59.96,59.83,59.68,59.52,59.38,59.27,59.15,59.00,58.85,58.70,58.59,58.46,58.31,58.18,58.02,57.82,57.56,57.25,56.95,56.63,56.35,56.13,56.00,55.85,55.71,55.59,55.53,55.54,55.59,55.63,55.61,55.46,55.27,55.02,54.75,54.58,54.48,54.40,54.33,54.26,54.30,54.32,54.32,54.32,54.32,54.32,54.32,54.34,54.34,54.34,54.34,54.34,54.33,54.26,54.24,54.23,54.20,54.15,54.14,54.09,54.04,54.04,54.04,54.04,54.05,54.07,54.08,54.08,54.10,54.14,54.14,54.14,54.20,54.25,54.28,54.33,54.41,54.44,54.46,54.54,54.56,54.60,54.67,54.73,54.74,54.80,54.85,54.88,54.94,54.99,55.02,55.04,55.05,55.12,55.14,55.17,55.25,55.33,55.41,55.48,55.57,55.68,55.83,55.94,56.03,56.16,56.26,56.34,56.44,56.57,56.67,56.75,56.86,56.98,57.08,57.16,57.27,57.39,57.49,57.57,57.69,57.80,57.90,57.98,58.13,58.23,58.31,58.39,58.55,58.68,58.82,58.98,59.13,59.22,59.18,59.06,58.98,58.84,58.73,58.74,58.90,59.08,59.22,59.33,59.44,59.56,59.59,59.59,59.59,59.60,59.69,59.77,59.87,59.98,59.98,59.90,59.74,59.55,59.38,59.18,59.01,58.83,58.60,58.45,58.47,58.60,58.78,58.96,59.18,59.41,59.63,60.57,65.77,69.01,70.41,70.68,70.87,71.06,71.26,71.39,71.28,71.09,70.92,70.74,69.34,62.75,59.73,58.70,58.35,57.96,57.49,57.03,56.59,56.20,55.91,55.58,55.12,54.45,53.57
62.34,62.17,62.01,61.84,61.69,61.53,61.42,61.31,61.15,61.00,60.85,60.73,60.60,60.33,60.09,59.95,59.85,59.70,59.62,59.49,59.37,59.29,59.21,59.07,58.96,58.88,58.81,58.87,58.95,59.03,59.11,59.26,59.36,59.44,59.52,59.60,59.73,59.84,60.03,60.48,61.00,61.35,61.58,61.66,61.66,61.66,61.62,61.55,61.46,61.32,61.21,61.09,60.95,60.80,60.69,60.58,60.43,60.29,60.19,60.06,59.90,59.75,59.60,59.50,59.38,59.23,59.08,58.93,58.78,58.65,58.55,58.41,58.20,57.94,57.63,57.32,57.01,56.71,56.42,56.21,56.04,55.93,55.84,55.79,55.84,55.87,55.90,55.95,55.93,55.85,55.65,55.37,55.14,54.88,54.65,54.42,54.19,54.16,54.15,54.14,54.13,54.13,54.13,54.16,54.22,54.22,54.22,54.22,54.22,54.20,54.13,54.11,54.08,54.02,54.01,54.01,53.97,53.92,53.92,53.92,53.92,53.95,54.00,54.00,54.00,54.01,54.01,54.02,54.02,54.07,54.14,54.20,54.22,54.28,54.32,54.34,54.41,54.48,54.51,54.54,54.61,54.62,54.67,54.75,54.80,54.81,54.82,54.87,54.91,54.93,54.99,55.01,55.05,55.12,55.20,55.28,55.35,55.41,55.45,55.58,55.68,55.76,55.86,55.99,56.09,56.17,56.27,56.41,56.50,56.58,56.68,56.82,56.91,56.99,57.10,57.23,57.31,57.40,57.51,57.64,57.73,57.87,57.98,58.05,58.14,58.28,58.39,58.51,58.66,58.82,58.91,58.89,58.81,58.72,58.58,58.48,58.49,58.66,58.87,58.99,59.11,59.24,59.32,59.33,59.33,59.33,59.35,59.48,59.57,59.66,59.72,59.72,59.60,59.44,59.29,59.13,58.97,58.81,58.63,58.41,58.26,58.28,58.44,58.66,58.89,59.11,59.35,59.58,60.34,64.06,68.15,70.57,70.80,70.91,71.00,71.12,71.28,71.41,71.30,71.27,71.19,70.06,64.94,60.85,58.80,58.42,58.02,57.52,56.95,56.36,55.78,55.22,54.65,54.07,53.45,52.79
62.44,62.28,62.12,61.97,61.82,61.66,61.53,61.40,61.24,61.09,60.94,60.77,60.58,60.27,60.03,59.89,59.81,59.70,59.62,59.49,59.37,59.29,59.21,59.10,59.02,58.95,58.92,58.95,59.00,59.09,59.17,59.32,59.42,59.50,59.57,59.65,59.76,59.87,60.12,60.62,61.08,61.49,61.82,62.02,61.99,61.98,61.96,61.91,61.79,61.67,61.55,61.42,61.27,61.16,61.04,60.90,60.76,60.64,60.53,60.39,60.24,60.13,59.98,59.85,59.71,59.57,59.45,59.31,59.15,59.01,58.88,58.77,58.55,58.27,57.96,57.65,57.34,57.03,56.73,56.46,56.28,56.15,56.07,56.08,56.11,56.15,56.19,56.23,56.27,56.25,56.16,56.00,55.77,55.47,55.21,54.95,54.66,54.52,54.36,54.20,54.09,54.01,53.99,54.01,54.04,54.04,54.04,54.04,54.04,54.03,54.00,53.96,53.91,53.89,53.89,53.89,53.87,53.84,53.84,53.84,53.84,53.86,53.89,53.89,53.89,53.89,53.89,53.89,53.93,53.97,54.02,54.09,54.13,54.17,54.21,54.25,54.29,54.36,54.42,54.45,54.49,54.53,54.57,54.62,54.69,54.69,54.69,54.71,54.74,54.78,54.82,54.86,54.92,55.00,55.07,55.15,55.20,55.24,55.29,55.39,55.45,55.51,55.59,55.74,55.84,55.91,56.00,56.15,56.25,56.32,56.42,56.56,56.66,56.73,56.84,56.98,57.06,57.14,57.25,57.39,57.47,57.58,57.70,57.80,57.88,57.99,58.11,58.23,58.34,58.50,58.63,58.64,58.55,58.47,58.32,58.25,58.29,58.45,58.64,58.77,58.91,59.04,59.07,59.07,59.07,59.09,59.14,59.25,59.34,59.41,59.47,59.42,59.29,59.14,58.98,58.83,58.67,58.52,58.35,58.17,58.06,58.13,58.32,58.59,58.82,59.05,59.28,59.52,60.13,62.83,67.43,70.60,71.02,71.16,71.17,71.18,71.23,71.30,71.23,71.18,71.21,70.11,63.66,60.23,58.87,58.48,58.09,57.57,56.98,56.38,55.80,55.19,54.60,54.08,53.59,52.95
62.48,62.33,62.17,62.02,61.87,61.71,61.56,61.40,61.25,61.09,60.94,60.75,60.50,60.20,59.97,59.84,59.75,59.68,59.60,59.48,59.37,59.29,59.21,59.15,59.08,59.04,59.02,59.02,59.07,59.14,59.23,59.37,59.46,59.54,59.62,59.71,59.79,59.91,60.19,60.70,61.11,61.56,62.00,62.33,62.32,62.30,62.30,62.26,62.13,62.02,61.89,61.75,61.61,61.51,61.38,61.23,61.10,61.00,60.86,60.71,60.59,60.49,60.34,60.20,60.05,59.91,59.81,59.68,59.53,59.38,59.23,59.13,58.89,58.59,58.27,57.97,57.66,57.35,57.04,56.74,56.53,56.38,56.31,56.37,56.38,56.43,56.47,56.49,56.56,56.58,56.59,56.55,56.36,56.09,55.84,55.58,55.28,55.05,54.76,54.48,54.26,54.09,54.02,53.96,53.91,53.87,53.86,53.86,53.86,53.86,53.86,53.80,53.76,53.76,53.76,53.76,53.76,53.76,53.76,53.76,53.76,53.76,53.76,53.76,53.76,53.76,53.76,53.79,53.84,53.87,53.91,53.97,54.05,54.06,54.10,54.16,54.19,54.24,54.31,54.36,54.37,54.44,54.46,54.49,54.54,54.54,54.55,54.56,54.58,54.63,54.66,54.72,54.79,54.87,54.95,55.01,55.05,55.08,55.14,55.22,55.25,55.28,55.35,55.49,55.58,55.66,55.75,55.88,55.98,56.06,56.16,56.30,56.39,56.48,56.58,56.71,56.80,56.88,56.99,57.12,57.22,57.30,57.41,57.54,57.63,57.70,57.83,57.95,58.05,58.20,58.36,58.39,58.32,58.22,58.07,58.03,58.10,58.25,58.41,58.56,58.71,58.82,58.82,58.82,58.82,58.85,58.92,59.01,59.09,59.17,59.20,59.13,58.99,58.84,58.69,58.53,58.38,58.22,58.07,57.92,57.85,57.97,58.21,58.48,58.72,58.96,59.20,59.44,59.91,61.64,66.32,70.10,71.10,71.31,71.23,71.12,71.06,71.06,70.99,70.90,70.67,68.99,61.88,59.50,58.95,58.56,58.17,57.66,57.06,56.47,55.91,55.31,54.77,54.35,53.97,53.35
62.36,62.20,62.05,61.89,61.74,61.58,61.43,61.28,61.12,60.97,60.81,60.62,60.37,60.08,59.94,59.81,59.70,59.61,59.53,59.45,59.37,59.29,59.22,59.19,59.18,59.15,59.09,59.09,59.14,59.22,59.29,59.38,59.46,59.54,59.63,59.77,59.86,59.98,60.23,60.71,61.16,61.62,62.11,62.54,62.67,62.64,62.61,62.59,62.49,62.36,62.21,62.08,61.98,61.84,61.69,61.57,61.47,61.33,61.17,61.06,60.95,60.81,60.66,60.55,60.43,60.28,60.14,60.04,59.91,59.75,59.60,59.46,59.21,58.90,58.59,58.28,57.97,57.66,57.36,57.05,56.76,56.63,56.61,56.63,56.63,56.69,56.73,56.74,56.81,56.83,56.86,56.90,56.85,56.69,56.47,56.22,55.92,55.68,55.39,55.12,54.87,54.60,54.39,54.16,53.93,53.76,53.73,53.73,53.73,53.73,53.73,53.67,53.63,53.63,53.63,53.63,53.63,53.63,53.63,53.63,53.63,53.63,53.63,53.63,53.63,53.63,53.65,53.71,53.73,53.78,53.82,53.84,53.92,53.94,53.98,54.05,54.11,54.13,54.19,54.23,54.25,54.31,54.33,54.34,54.35,54.36,54.41,54.44,54.44,54.45,54.52,54.59,54.66,54.74,54.82,54.84,54.88,54.94,54.95,55.02,55.09,55.14,55.16,55.25,55.33,55.41,55.49,55.58,55.71,55.81,55.90,55.99,56.13,56.23,56.31,56.41,56.54,56.63,56.72,56.82,56.95,57.04,57.13,57.23,57.37,57.45,57.53,57.65,57.79,57.95,58.10,58.17,58.12,57.97,57.82,57.82,57.91,58.06,58.22,58.38,58.50,58.57,58.57,58.57,58.57,58.59,58.67,58.75,58.88,58.96,58.95,58.88,58.74,58.59,58.43,58.28,58.12,57.97,57.81,57.67,57.59,57.79,58.06,58.30,58.53,58.82,59.08,59.33,59.66,60.23,64.23,68.48,70.82,71.11,70.87,70.68,70.62,70.61,70.55,70.43,69.10,65.50,60.95,59.50,59.08,58.69,58.29,57.78,57.20,56.58,55.98,55.42,54.97,54.60,54.27,53.83
62.23,62.08,61.92,61.77,61.61,61.46,61.30,61.15,60.99,60.80,60.64,60.47,60.25,60.00,59.88,59.78,59.67,59.60,59.52,59.47,59.43,59.38,59.30,59.26,59.24,59.22,59.16,59.15,59.17,59.23,59.31,59.38,59.46,59.55,59.67,59.78,59.87,60.00,60.25,60.71,61.21,61.71,62.21,62.68,62.96,62.96,62.93,62.91,62.83,62.68,62.55,62.44,62.31,62.16,62.04,61.92,61.80,61.64,61.52,61.41,61.28,61.14,61.01,60.89,60.76,60.62,60.49,60.38,60.25,60.10,59.98,59.83,59.57,59.27,58.95,58.64,58.33,58.01,57.66,57.32,56.98,56.86,56.89,56.89,56.92,56.96,57.00,57.04,57.08,57.11,57.15,57.19,57.22,57.15,57.04,56.85,56.55,56.31,56.02,55.75,55.50,55.20,54.95,54.68,54.39,54.17,54.02,53.90,53.79,53.69,53.58,53.53,53.51,53.51,53.51,53.51,53.51,53.51,53.51,53.51,53.51,53.51,53.52,53.55,53.55,53.55,53.56,53.61,53.61,53.66,53.71,53.72,53.79,53.83,53.88,53.93,54.00,54.01,54.06,54.11,54.12,54.19,54.21,54.21,54.21,54.21,54.24,54.28,54.31,54.32,54.39,54.46,54.54,54.62,54.69,54.71,54.75,54.81,54.81,54.85,54.91,54.97,55.01,55.05,55.12,55.20,55.27,55.35,55.43,55.53,55.63,55.72,55.83,55.95,56.05,56.13,56.25,56.36,56.45,56.54,56.66,56.78,56.86,56.96,57.07,57.19,57.27,57.37,57.50,57.65,57.80,57.89,57.88,57.72,57.57,57.57,57.68,57.83,58.02,58.16,58.27,58.36,58.36,58.36,58.34,58.35,58.46,58.54,58.65,58.73,58.74,58.63,58.48,58.33,58.17,58.02,57.87,57.71,57.57,57.46,57.39,57.60,57.88,58.11,58.38,58.66,58.90,59.16,59.46,59.70,61.84,64.50,66.75,68.35,68.91,68.94,68.68,68.16,67.18,66.13,64.64,62.40,60.30,59.55,59.20,58.82,58.42,57.88,57.27,56.67,56.10,55.62,55.23,54.89,54.54,54.18
62.12,61.95,61.79,61.64,61.48,61.33,61.18,61.02,60.84,60.63,60.47,60.30,60.13,59.94,59.84,59.76,59.69,59.61,59.54,59.53,59.52,59.50,59.43,59.36,59.31,59.29,59.23,59.21,59.21,59.24,59.32,59.38,59.46,59.57,59.70,59.78,59.87,60.00,60.26,60.74,61.26,61.80,62.31,62.78,63.21,63.27,63.26,63.23,63.14,63.01,62.90,62.79,62.64,62.49,62.39,62.27,62.12,61.98,61.88,61.75,61.60,61.46,61.37,61.23,61.08,60.95,60.86,60.72,60.57,60.44,60.34,60.21,59.98,59.67,59.32,59.00,58.68,58.33,57.95,57.56,57.20,57.09,57.14,57.16,57.22,57.24,57.28,57.33,57.35,57.41,57.44,57.45,57.52,57.53,57.53,57.43,57.16,56.91,56.62,56.34,56.09,55.78,55.53,55.25,54.96,54.71,54.42,54.16,53.94,53.70,53.49,53.44,53.42,53.40,53.39,53.38,53.38,53.38,53.38,53.39,53.39,53.39,53.41,53.47,53.48,53.48,53.48,53.48,53.49,53.54,53.58,53.60,53.67,53.74,53.78,53.81,53.87,53.89,53.94,53.98,53.99,54.05,54.07,54.07,54.08,54.08,54.08,54.12,54.17,54.19,54.26,54.34,54.41,54.49,54.55,54.57,54.61,54.66,54.67,54.68,54.73,54.80,54.86,54.88,54.95,55.02,55.09,55.16,55.19,55.27,55.38,55.46,55.54,55.67,55.80,55.87,55.95,56.09,56.20,56.28,56.37,56.50,56.61,56.69,56.78,56.92,57.02,57.09,57.19,57.34,57.50,57.61,57.62,57.47,57.32,57.33,57.43,57.60,57.81,57.93,58.05,58.16,58.16,58.16,58.12,58.12,58.26,58.34,58.42,58.50,58.51,58.38,58.22,58.06,57.91,57.75,57.60,57.45,57.33,57.26,57.20,57.42,57.69,57.94,58.23,58.48,58.72,58.98,59.27,59.50,59.79,60.50,62.04,64.67,65.97,66.23,65.81,64.86,63.13,61.33,60.17,60.02,59.83,59.62,59.32,58.94,58.53,57.96,57.35,56.76,56.25,55.85,55.52,55.17,54.80,54.48
62.05,61.84,61.67,61.51,61.36,61.20,61.05,60.87,60.67,60.49,60.33,60.18,60.03,59.92,59.83,59.79,59.75,59.68,59.65,59.65,59.62,59.57,59.55,59.48,59.42,59.37,59.34,59.29,59.27,59.30,59.37,59.40,59.46,59.55,59.65,59.72,59.85,60.03,60.34,60.85,61.34,61.87,62.40,62.91,63.36,63.57,63.61,63.54,63.47,63.37,63.25,63.11,62.96,62.86,62.73,62.59,62.45,62.34,62.21,62.07,61.93,61.83,61.70,61.55,61.42,61.32,61.18,61.03,60.91,60.80,60.68,60.62,60.48,60.16,59.65,59.27,58.91,58.53,58.13,57.71,57.45,57.38,57.41,57.46,57.48,57.53,57.57,57.60,57.65,57.68,57.69,57.71,57.78,57.79,57.83,57.81,57.65,57.37,57.07,56.77,56.48,56.17,55.88,55.58,55.28,54.99,54.68,54.39,54.10,53.83,53.66,53.57,53.49,53.39,53.33,53.27,53.26,53.26,53.26,53.31,53.33,53.33,53.33,53.35,53.35,53.35,53.35,53.36,53.41,53.44,53.48,53.53,53.55,53.62,53.69,53.73,53.76,53.81,53.84,53.85,53.86,53.88,53.88,53.91,53.95,53.95,53.95,53.97,54.00,54.05,54.13,54.21,54.29,54.35,54.38,54.43,54.47,54.48,54.49,54.53,54.60,54.66,54.69,54.74,54.81,54.86,54.90,54.97,55.03,55.08,55.13,55.20,55.28,55.42,55.54,55.61,55.70,55.83,55.95,56.02,56.11,56.25,56.36,56.44,56.53,56.67,56.77,56.84,56.94,57.09,57.24,57.36,57.37,57.22,57.11,57.14,57.24,57.40,57.57,57.72,57.83,57.91,57.91,57.91,57.90,57.91,58.01,58.09,58.21,58.27,58.21,58.06,57.90,57.75,57.60,57.44,57.29,57.17,57.08,57.02,57.05,57.25,57.50,57.75,58.05,58.29,58.56,58.83,59.08,59.26,59.42,59.71,60.28,61.18,61.66,61.74,61.56,61.26,60.70,60.15,59.81,59.75,59.73,59.64,59.41,59.06,58.61,58.07,57.48,56.91,56.49,56.10,55.77,55.43,55.05,54.74
62.02,61.82,61.63,61.46,61.31,61.15,61.00,60.82,60.63,60.47,60.31,60.17,60.05,59.95,59.86,59.84,59.82,59.78,59.77,59.77,59.74,59.67,59.64,59.59,59.53,59.46,59.43,59.39,59.37,59.40,59.47,59.47,59.51,59.58,59.66,59.73,59.85,60.08,60.44,60.95,61.44,61.94,62.47,63.00,63.49,63.84,63.95,63.90,63.81,63.72,63.58,63.44,63.31,63.20,63.06,62.92,62.80,62.69,62.54,62.40,62.28,62.17,62.02,61.89,61.77,61.66,61.54,61.38,61.26,61.16,61.07,61.05,60.99,60.66,59.98,59.51,59.09,58.68,58.26,57.84,57.68,57.66,57.70,57.74,57.75,57.80,57.84,57.86,57.93,57.95,57.96,57.99,58.04,58.05,58.06,58.05,57.93,57.64,57.34,57.03,56.72,56.41,56.10,55.79,55.48,55.17,54.86,54.55,54.25,53.97,53.83,53.75,53.63,53.49,53.41,53.31,53.23,53.19,53.17,53.22,53.23,53.23,53.23,53.23,53.23,53.23,53.23,53.24,53.30,53.33,53.36,53.43,53.46,53.51,53.57,53.63,53.63,53.67,53.71,53.73,53.73,53.73,53.73,53.75,53.80,53.82,53.83,53.83,53.85,53.93,54.00,54.08,54.15,54.19,54.22,54.27,54.30,54.33,54.33,54.37,54.44,54.50,54.53,54.58,54.65,54.70,54.73,54.79,54.86,54.91,54.94,54.99,55.07,55.18,55.28,55.36,55.44,55.56,55.67,55.77,55.85,55.97,56.08,56.18,56.27,56.39,56.50,56.59,56.67,56.80,56.95,57.08,57.11,56.97,56.88,56.93,57.05,57.20,57.36,57.52,57.61,57.66,57.66,57.66,57.66,57.68,57.76,57.86,57.99,58.02,57.93,57.78,57.63,57.47,57.32,57.16,57.03,56.94,56.86,56.81,56.88,57.07,57.32,57.59,57.86,58.10,58.38,58.66,58.85,59.01,59.17,59.32,59.46,59.57,59.64,59.63,59.58,59.56,59.58,59.64,59.67,59.64,59.66,59.61,59.44,59.15,58.71,58.16,57.59,57.10,56.74,56.35,56.02,55.70,55.34,55.00
62.03,61.87,61.68,61.47,61.32,61.16,61.01,60.85,60.70,60.54,60.39,60.27,60.18,60.03,59.94,59.91,59.91,59.90,59.91,59.91,59.87,59.79,59.72,59.70,59.65,59.57,59.51,59.50,59.50,59.53,59.59,59.60,59.60,59.64,59.71,59.79,59.87,60.13,60.54,61.02,61.55,62.04,62.54,63.07,63.60,64.07,64.28,64.27,64.18,64.05,63.90,63.77,63.67,63.53,63.38,63.26,63.16,63.02,62.86,62.75,62.64,62.49,62.35,62.24,62.13,62.00,61.90,61.76,61.62,61.51,61.50,61.50,61.48,61.13,60.28,59.71,59.24,58.78,58.34,57.98,57.91,57.95,57.99,58.00,58.00,58.06,58.10,58.12,58.18,58.20,58.24,58.29,58.28,58.27,58.23,58.17,58.05,57.77,57.46,57.15,56.84,56.53,56.23,55.91,55.60,55.29,54.98,54.67,54.37,54.11,54.01,53.94,53.82,53.68,53.60,53.46,53.32,53.20,53.13,53.12,53.11,53.10,53.10,53.10,53.11,53.11,53.11,53.12,53.18,53.20,53.23,53.31,53.38,53.40,53.44,53.50,53.50,53.51,53.55,53.59,53.59,53.60,53.60,53.60,53.63,53.68,53.69,53.70,53.72,53.80,53.88,53.95,54.00,54.02,54.08,54.10,54.15,54.19,54.20,54.21,54.26,54.33,54.39,54.41,54.47,54.54,54.59,54.61,54.68,54.74,54.80,54.82,54.89,54.96,55.04,55.11,55.20,55.27,55.38,55.51,55.59,55.68,55.80,55.92,56.01,56.09,56.22,56.33,56.42,56.50,56.64,56.79,56.85,56.72,56.63,56.71,56.86,57.02,57.17,57.32,57.40,57.40,57.41,57.41,57.41,57.43,57.52,57.66,57.76,57.77,57.67,57.53,57.37,57.22,57.06,56.92,56.83,56.75,56.67,56.62,56.69,56.88,57.15,57.44,57.67,57.92,58.19,58.45,58.61,58.76,58.92,59.08,59.23,59.37,59.41,59.40,59.38,59.33,59.38,59.45,59.50,59.50,59.57,59.53,59.41,59.21,58.82,58.26,57.73,57.31,56.99,56.62,56.28,55.97,55.64,55.27
62.09,61.93,61.76,61.58,61.43,61.28,61.12,60.97,60.82,60.71,60.56,60.45,60.36,60.21,60.12,60.06,60.03,60.03,60.08,60.09,60.03,59.92,59.84,59.78,59.72,59.64,59.58,59.61,59.63,59.64,59.67,59.71,59.72,59.74,59.77,59.80,59.87,60.16,60.63,61.13,61.63,62.14,62.64,63.14,63.68,64.19,64.50,64.59,64.51,64.37,64.25,64.13,64.00,63.85,63.73,63.62,63.48,63.33,63.22,63.10,62.97,62.82,62.71,62.59,62.47,62.36,62.24,62.13,62.02,61.94,61.94,61.94,61.88,61.44,60.49,59.86,59.37,58.91,58.48,58.21,58.19,58.23,58.25,58.26,58.30,58.33,58.37,58.42,58.45,58.49,58.53,58.53,58.44,58.38,58.31,58.23,58.13,57.89,57.59,57.28,56.97,56.66,56.35,56.02,55.67,55.36,55.05,54.75,54.47,54.29,54.20,54.13,54.01,53.87,53.79,53.64,53.49,53.34,53.22,53.13,53.03,52.97,52.97,52.98,53.02,53.04,53.04,53.04,53.06,53.11,53.15,53.19,53.26,53.28,53.31,53.37,53.38,53.38,53.39,53.41,53.42,53.46,53.47,53.47,53.48,53.51,53.51,53.54,53.59,53.67,53.75,53.79,53.83,53.87,53.91,53.95,53.99,54.02,54.06,54.07,54.12,54.18,54.22,54.26,54.33,54.38,54.42,54.47,54.54,54.59,54.63,54.68,54.75,54.79,54.84,54.92,54.99,55.03,55.10,55.21,55.33,55.42,55.52,55.63,55.75,55.83,55.93,56.04,56.16,56.24,56.38,56.51,56.55,56.46,56.42,56.52,56.67,56.82,56.98,57.09,57.14,57.14,57.14,57.14,57.18,57.24,57.32,57.42,57.51,57.52,57.42,57.27,57.12,56.96,56.82,56.72,56.63,56.56,56.48,56.43,56.50,56.69,56.96,57.26,57.49,57.76,58.00,58.20,58.35,58.50,58.70,58.88,59.02,59.13,59.19,59.19,59.14,59.12,59.19,59.23,59.27,59.32,59.39,59.39,59.35,59.23,58.94,58.42,57.97,57.61,57.25,56.91,56.56,56.22,55.90,55.52
62.17,62.02,61.87,61.71,61.56,61.40,61.26,61.12,60.98,60.89,60.75,60.64,60.55,60.40,60.31,60.23,60.19,60.21,60.27,60.28,60.21,60.06,59.95,59.86,59.78,59.71,59.67,59.73,59.75,59.75,59.76,59.81,59.83,59.83,59.83,59.86,59.96,60.29,60.77,61.28,61.73,62.23,62.73,63.23,63.75,64.28,64.70,64.91,64.83,64.70,64.59,64.47,64.32,64.19,64.08,63.96,63.81,63.67,63.57,63.45,63.31,63.16,63.08,62.95,62.82,62.71,62.58,62.48,62.40,62.37,62.41,62.47,62.29,61.67,60.56,59.91,59.45,59.00,58.60,58.44,58.48,58.50,58.51,58.54,58.59,58.62,58.66,58.70,58.71,58.72,58.71,58.67,58.54,58.45,58.38,58.30,58.20,57.98,57.69,57.38,57.07,56.76,56.45,56.11,55.76,55.45,55.14,54.84,54.59,54.47,54.39,54.30,54.18,54.06,53.98,53.85,53.70,53.55,53.37,53.21,53.06,52.96,52.92,52.89,52.93,52.95,52.95,52.95,52.95,53.00,53.05,53.08,53.14,53.15,53.18,53.23,53.25,53.25,53.25,53.25,53.26,53.30,53.34,53.35,53.35,53.35,53.35,53.39,53.47,53.55,53.62,53.65,53.67,53.72,53.74,53.81,53.85,53.86,53.91,53.94,53.98,54.03,54.05,54.11,54.18,54.23,54.26,54.31,54.39,54.43,54.47,54.52,54.59,54.63,54.67,54.73,54.80,54.84,54.88,54.95,55.08,55.17,55.25,55.34,55.49,55.58,55.65,55.77,55.90,55.98,56.11,56.22,56.27,56.20,56.20,56.30,56.45,56.61,56.76,56.87,56.92,56.92,56.90,56.89,56.94,57.02,57.10,57.20,57.27,57.25,57.14,56.99,56.84,56.69,56.58,56.49,56.42,56.34,56.27,56.22,56.30,56.52,56.79,57.06,57.30,57.58,57.79,57.95,58.10,58.27,58.48,58.66,58.80,58.90,58.97,58.96,58.92,58.93,59.00,59.02,59.05,59.12,59.18,59.21,59.23,59.21,59.02,58.60,58.22,57.89,57.51,57.19,56.83,56.47,56.13,55.77
62.30,62.15,61.99,61.84,61.69,61.53,61.42,61.31,61.17,61.08,60.95,60.83,60.73,60.59,60.50,60.42,60.39,60.45,60.47,60.47,60.40,60.23,60.03,59.93,59.85,59.79,59.79,59.86,59.89,59.89,59.89,59.89,59.89,59.89,59.91,59.99,60.18,60.54,61.01,61.47,61.88,62.33,62.83,63.35,63.82,64.35,64.86,65.22,65.15,65.06,64.94,64.79,64.65,64.56,64.42,64.28,64.14,64.04,63.91,63.80,63.69,63.55,63.46,63.33,63.18,63.04,62.95,62.82,62.75,62.78,62.93,63.11,62.76,61.81,60.48,59.84,59.45,59.07,58.71,58.67,58.73,58.76,58.78,58.84,58.85,58.91,58.95,58.95,58.95,58.85,58.75,58.68,58.59,58.52,58.44,58.36,58.26,58.05,57.75,57.44,57.14,56.83,56.52,56.21,55.89,55.58,55.27,54.96,54.74,54.66,54.58,54.45,54.34,54.25,54.17,54.09,53.96,53.78,53.57,53.41,53.25,53.11,52.97,52.85,52.83,52.82,52.82,52.82,52.82,52.88,52.95,53.00,53.02,53.02,53.03,53.05,53.11,53.11,53.12,53.12,53.12,53.13,53.19,53.22,53.22,53.22,53.22,53.27,53.34,53.42,53.49,53.52,53.53,53.55,53.61,53.68,53.72,53.72,53.74,53.80,53.82,53.85,53.91,53.93,53.99,54.06,54.12,54.14,54.20,54.27,54.32,54.34,54.41,54.48,54.52,54.55,54.62,54.69,54.73,54.75,54.84,54.92,54.99,55.09,55.24,55.32,55.40,55.51,55.65,55.73,55.81,55.93,56.02,55.95,55.94,56.05,56.20,56.36,56.51,56.66,56.73,56.71,56.65,56.64,56.69,56.77,56.85,56.99,57.04,56.98,56.83,56.68,56.52,56.41,56.32,56.25,56.17,56.09,56.02,55.98,56.10,56.37,56.64,56.88,57.11,57.35,57.53,57.69,57.85,58.07,58.25,58.41,58.56,58.70,58.74,58.74,58.73,58.74,58.80,58.83,58.86,58.92,58.94,58.99,59.06,59.11,59.06,58.79,58.47,58.13,57.76,57.45,57.08,56.70,56.33,56.00
62.42,62.27,62.15,62.02,61.86,61.71,61.61,61.50,61.36,61.27,61.14,61.02,60.93,60.78,60.69,60.64,60.63,60.66,60.66,60.69,60.61,60.38,60.15,60.04,59.99,59.97,60.02,60.08,60.09,60.06,60.06,60.11,60.12,60.12,60.12,60.18,60.45,60.85,61.30,61.72,62.15,62.61,63.08,63.56,64.00,64.48,64.98,65.39,65.49,65.41,65.26,65.12,65.01,64.89,64.78,64.65,64.50,64.42,64.28,64.15,64.03,63.92,63.80,63.69,63.56,63.41,63.33,63.22,63.24,63.38,63.57,63.76,63.13,61.89,60.49,59.79,59.41,59.14,58.97,58.97,59.03,59.04,59.03,59.11,59.12,59.16,59.18,59.10,59.06,58.92,58.81,58.73,58.66,58.58,58.50,58.42,58.33,58.15,57.87,57.56,57.25,56.94,56.63,56.33,56.02,55.71,55.40,55.12,54.93,54.84,54.73,54.61,54.52,54.44,54.36,54.29,54.16,53.99,53.81,53.65,53.46,53.29,53.13,52.98,52.89,52.79,52.70,52.70,52.73,52.77,52.81,52.84,52.89,52.89,52.89,52.90,52.94,52.94,52.96,53.00,53.00,53.00,53.02,53.04,53.05,53.09,53.09,53.14,53.22,53.29,53.33,53.37,53.39,53.41,53.48,53.52,53.56,53.59,53.60,53.63,53.66,53.70,53.74,53.78,53.82,53.88,53.95,53.98,54.03,54.09,54.15,54.20,54.23,54.30,54.36,54.40,54.44,54.50,54.56,54.61,54.69,54.73,54.79,54.88,54.98,55.06,55.14,55.24,55.36,55.47,55.55,55.68,55.77,55.70,55.73,55.84,56.00,56.16,56.31,56.43,56.48,56.48,56.44,56.40,56.44,56.52,56.64,56.76,56.79,56.72,56.57,56.41,56.29,56.20,56.12,56.05,55.97,55.89,55.81,55.77,55.91,56.18,56.45,56.69,56.92,57.11,57.28,57.45,57.64,57.84,58.00,58.16,58.31,58.45,58.48,58.48,58.50,58.54,58.58,58.61,58.67,58.73,58.74,58.80,58.88,58.95,58.98,58.90,58.67,58.34,57.97,57.65,57.28,56.91,56.57,56.22
62.56,62.42,62.31,62.21,62.05,61.91,61.80,61.69,61.56,61.47,61.33,61.21,61.12,60.97,60.88,60.85,60.85,60.86,60.87,60.91,60.80,60.52,60.32,60.22,60.17,60.18,60.25,60.34,60.31,60.27,60.28,60.35,60.35,60.35,60.35,60.39,60.73,61.16,61.59,62.00,62.46,62.92,63.38,63.82,64.22,64.67,65.12,65.53,65.81,65.74,65.59,65.47,65.37,65.23,65.13,65.02,64.88,64.79,64.66,64.50,64.38,64.28,64.15,64.03,63.92,63.79,63.73,63.69,63.80,64.02,64.23,64.31,63.42,61.98,60.59,59.80,59.42,59.29,59.30,59.30,59.34,59.33,59.30,59.36,59.35,59.38,59.34,59.21,59.11,58.98,58.88,58.79,58.72,58.64,58.56,58.49,58.42,58.27,58.00,57.69,57.38,57.07,56.76,56.45,56.14,55.82,55.51,55.27,55.12,55.03,54.88,54.78,54.71,54.63,54.56,54.48,54.36,54.21,54.05,53.89,53.68,53.50,53.34,53.17,53.02,52.82,52.66,52.63,52.67,52.67,52.67,52.68,52.73,52.75,52.76,52.77,52.77,52.77,52.81,52.85,52.85,52.87,52.87,52.87,52.88,52.94,52.96,53.01,53.09,53.14,53.16,53.21,53.26,53.28,53.35,53.37,53.40,53.45,53.45,53.46,53.51,53.56,53.58,53.63,53.66,53.70,53.78,53.84,53.86,53.91,53.98,54.05,54.06,54.12,54.19,54.25,54.27,54.33,54.40,54.47,54.54,54.56,54.61,54.68,54.75,54.83,54.90,54.97,55.06,55.20,55.29,55.41,55.50,55.45,55.52,55.66,55.81,55.97,56.12,56.20,56.23,56.23,56.23,56.18,56.20,56.30,56.43,56.53,56.54,56.47,56.31,56.16,56.07,55.99,55.92,55.85,55.77,55.70,55.62,55.59,55.73,56.00,56.26,56.50,56.71,56.89,57.05,57.22,57.43,57.59,57.74,57.91,58.07,58.22,58.25,58.25,58.27,58.33,58.35,58.40,58.48,58.53,58.55,58.61,58.69,58.77,58.84,58.92,58.80,58.52,58.15,57.84,57.47,57.12,56.80,56.42
62.76,62.61,62.50,62.40,62.25,62.15,62.02,61.91,61.80,61.67,61.52,61.40,61.31,61.16,61.07,61.04,61.06,61.12,61.12,61.08,60.95,60.73,60.61,60.53,60.47,60.42,60.45,60.58,60.56,60.52,60.53,60.60,60.57,60.54,60.55,60.64,61.02,61.45,61.86,62.31,62.77,63.23,63.67,64.08,64.53,64.99,65.38,65.73,66.06,66.09,65.97,65.83,65.70,65.60,65.47,65.36,65.25,65.12,65.02,64.88,64.75,64.67,64.53,64.38,64.26,64.18,64.17,64.30,64.47,64.66,64.83,64.57,63.54,62.14,60.82,59.95,59.66,59.63,59.68,59.67,59.64,59.61,59.61,59.61,59.56,59.46,59.36,59.26,59.12,59.02,58.94,58.86,58.78,58.70,58.63,58.58,58.53,58.39,58.12,57.81,57.51,57.20,56.89,56.58,56.25,55.89,55.57,55.41,55.31,55.22,55.07,54.98,54.90,54.82,54.75,54.67,54.58,54.47,54.30,54.09,53.91,53.75,53.58,53.37,53.20,53.04,52.86,52.70,52.64,52.58,52.54,52.54,52.56,52.56,52.59,52.64,52.64,52.64,52.65,52.66,52.67,52.73,52.74,52.74,52.74,52.76,52.81,52.89,52.95,52.97,53.02,53.05,53.09,53.15,53.22,53.24,53.25,53.26,53.27,53.32,53.35,53.38,53.43,53.45,53.51,53.58,53.64,53.66,53.72,53.79,53.84,53.86,53.92,53.99,54.05,54.07,54.13,54.20,54.25,54.28,54.36,54.42,54.45,54.49,54.56,54.64,54.67,54.72,54.80,54.89,55.02,55.13,55.20,55.20,55.32,55.47,55.62,55.77,55.92,55.97,55.98,55.98,55.98,55.96,56.01,56.09,56.19,56.32,56.32,56.21,56.06,55.91,55.81,55.74,55.68,55.65,55.59,55.51,55.43,55.41,55.59,55.83,56.07,56.29,56.47,56.68,56.85,57.01,57.18,57.34,57.49,57.67,57.88,58.03,58.06,58.06,58.06,58.09,58.14,58.21,58.27,58.29,58.35,58.42,58.50,58.58,58.65,58.73,58.76,58.66,58.34,58.03,57.66,57.31,56.98,56.61
62.95,62.80,62.69,62.59,62.44,62.36,62.23,62.10,62.01,61.86,61.73,61.62,61.51,61.38,61.27,61.25,61.29,61.33,61.36,61.29,61.14,60.97,60.89,60.84,60.77,60.71,60.69,60.79,60.80,60.77,60.78,60.82,60.79,60.77,60.80,60.93,61.31,61.73,62.17,62.63,63.09,63.53,63.95,64.37,64.77,65.14,65.47,65.81,66.23,66.42,66.35,66.20,66.06,65.97,65.84,65.70,65.59,65.47,65.36,65.24,65.13,65.01,64.89,64.75,64.63,64.59,64.72,64.93,65.13,65.33,65.50,65.20,64.19,62.87,61.62,60.70,60.44,60.45,60.55,60.63,60.42,60.07,59.77,59.73,59.63,59.52,59.40,59.28,59.16,59.08,59.00,58.92,58.84,58.77,58.70,58.65,58.62,58.47,58.20,57.90,57.59,57.28,56.97,56.66,56.34,56.00,55.71,55.57,55.49,55.37,55.25,55.16,55.09,55.01,54.94,54.86,54.78,54.68,54.52,54.32,54.16,53.98,53.80,53.60,53.44,53.26,53.07,52.89,52.86,52.76,52.63,52.53,52.44,52.41,52.44,52.48,52.51,52.51,52.51,52.51,52.52,52.56,52.60,52.61,52.61,52.62,52.68,52.74,52.78,52.81,52.86,52.90,52.93,52.98,53.05,53.07,53.09,53.11,53.12,53.15,53.19,53.23,53.27,53.30,53.34,53.41,53.47,53.51,53.55,53.62,53.68,53.72,53.76,53.82,53.88,53.92,53.96,54.03,54.09,54.12,54.17,54.24,54.29,54.33,54.38,54.45,54.49,54.53,54.58,54.66,54.77,54.87,54.94,54.98,55.12,55.27,55.43,55.58,55.73,55.75,55.73,55.73,55.73,55.73,55.77,55.86,55.97,56.09,56.04,55.93,55.81,55.69,55.60,55.53,55.46,55.42,55.36,55.27,55.20,55.18,55.41,55.65,55.87,56.06,56.25,56.45,56.62,56.78,56.94,57.12,57.28,57.46,57.65,57.80,57.82,57.82,57.83,57.87,57.94,58.00,58.04,58.08,58.15,58.23,58.31,58.39,58.46,58.54,58.62,58.63,58.47,58.21,57.88,57.53,57.20,56.95
63.14,62.99,62.88,62.78,62.64,62.55,62.42,62.29,62.20,62.05,61.96,61.84,61.70,61.62,61.49,61.47,61.52,61.54,61.61,61.51,61.35,61.23,61.15,61.13,61.08,61.01,60.95,61.00,61.02,61.02,61.03,61.03,61.02,61.02,61.05,61.23,61.59,62.02,62.48,62.94,63.41,63.80,64.21,64.62,64.94,65.19,65.47,65.85,66.36,66.71,66.72,66.59,66.44,66.35,66.22,66.07,65.93,65.84,65.70,65.59,65.48,65.35,65.25,65.13,65.02,65.04,65.32,65.57,65.80,66.03,66.21,66.03,65.14,63.91,62.72,61.85,61.60,61.63,61.74,61.77,61.30,60.53,59.87,59.78,59.66,59.55,59.44,59.30,59.22,59.14,59.06,58.98,58.91,58.83,58.75,58.70,58.68,58.55,58.28,57.97,57.66,57.35,57.04,56.74,56.43,56.12,55.88,55.76,55.65,55.52,55.44,55.36,55.28,55.20,55.13,55.05,54.97,54.87,54.71,54.55,54.40,54.21,54.01,53.84,53.69,53.49,53.30,53.18,53.22,53.09,52.87,52.65,52.44,52.37,52.34,52.33,52.37,52.38,52.38,52.38,52.38,52.39,52.44,52.48,52.48,52.49,52.55,52.58,52.61,52.67,52.69,52.73,52.78,52.80,52.87,52.89,52.93,52.98,52.98,52.99,53.03,53.08,53.10,53.16,53.18,53.23,53.30,53.36,53.38,53.44,53.51,53.57,53.59,53.64,53.72,53.77,53.79,53.85,53.93,53.98,54.00,54.06,54.13,54.18,54.20,54.27,54.34,54.38,54.41,54.48,54.55,54.63,54.70,54.78,54.92,55.07,55.23,55.38,55.53,55.52,55.48,55.48,55.48,55.48,55.52,55.63,55.76,55.85,55.77,55.66,55.57,55.49,55.41,55.34,55.26,55.19,55.11,55.03,54.96,54.95,55.22,55.45,55.65,55.83,56.04,56.21,56.37,56.52,56.70,56.91,57.08,57.24,57.40,57.55,57.59,57.59,57.60,57.67,57.74,57.78,57.81,57.89,57.96,58.04,58.12,58.19,58.27,58.35,58.43,58.50,58.52,58.36,58.09,57.77,57.47,57.35
63.33,63.18,63.06,62.97,62.83,62.73,62.61,62.48,62.39,62.24,62.15,62.03,61.89,61.81,61.72,61.70,61.73,61.79,61.86,61.73,61.59,61.54,61.46,61.41,61.37,61.33,61.26,61.22,61.25,61.28,61.28,61.28,61.24,61.21,61.27,61.53,61.90,62.34,62.80,63.26,63.72,64.06,64.36,64.70,64.96,65.19,65.50,65.91,66.44,66.92,67.05,66.97,66.81,66.68,66.57,66.44,66.31,66.22,66.09,65.94,65.82,65.72,65.58,65.48,65.46,65.61,65.99,66.27,66.50,66.73,66.95,67.04,66.32,65.15,64.04,63.53,63.41,63.42,63.30,62.57,61.68,60.66,59.88,59.80,59.70,59.58,59.46,59.36,59.28,59.20,59.13,59.05,58.97,58.89,58.82,58.77,58.75,58.66,58.40,58.09,57.78,57.48,57.17,56.86,56.55,56.26,56.06,55.92,55.80,55.70,55.63,55.55,55.47,55.39,55.31,55.24,55.16,55.06,54.90,54.75,54.59,54.43,54.26,54.09,53.90,53.71,53.56,53.53,53.60,53.50,53.30,53.06,52.83,52.66,52.50,52.34,52.21,52.19,52.22,52.26,52.26,52.26,52.28,52.29,52.30,52.35,52.43,52.46,52.47,52.49,52.54,52.57,52.61,52.67,52.74,52.76,52.77,52.80,52.85,52.86,52.88,52.91,52.95,52.98,53.03,53.09,53.16,53.19,53.23,53.30,53.36,53.39,53.44,53.51,53.57,53.60,53.65,53.72,53.77,53.80,53.86,53.93,53.97,54.01,54.06,54.14,54.18,54.22,54.27,54.35,54.38,54.43,54.51,54.59,54.69,54.83,54.98,55.14,55.28,55.30,55.27,55.22,55.22,55.22,55.30,55.42,55.52,55.60,55.55,55.45,55.38,55.30,55.23,55.15,55.07,54.99,54.91,54.84,54.78,54.80,55.03,55.23,55.42,55.63,55.80,55.96,56.12,56.29,56.49,56.67,56.83,56.98,57.15,57.35,57.39,57.39,57.41,57.48,57.51,57.55,57.62,57.69,57.77,57.85,57.93,58.00,58.08,58.16,58.24,58.31,58.38,58.38,58.23,58.04,57.88,57.74
63.52,63.39,63.28,63.16,63.02,62.92,62.80,62.67,62.58,62.43,62.34,62.22,62.09,62.01,61.93,61.91,61.96,62.03,62.06,61.95,61.86,61.82,61.74,61.69,61.65,61.62,61.54,61.48,61.50,61.53,61.53,61.53,61.48,61.44,61.50,61.81,62.21,62.65,63.10,63.50,63.90,64.17,64.44,64.73,64.97,65.19,65.54,66.00,66.55,67.09,67.34,67.35,67.22,67.07,66.94,66.80,66.68,66.58,66.45,66.31,66.17,66.09,65.94,65.88,65.95,66.21,66.65,66.95,67.19,67.43,67.66,67.92,67.42,66.49,65.60,65.31,65.01,64.65,64.10,62.99,61.88,60.79,59.99,59.84,59.73,59.61,59.50,59.42,59.34,59.27,59.20,59.11,59.03,58.96,58.90,58.86,58.83,58.75,58.52,58.22,57.91,57.60,57.29,56.98,56.67,56.39,56.21,56.08,55.97,55.89,55.81,55.74,55.66,55.58,55.50,55.43,55.35,55.25,55.09,54.97,54.82,54.65,54.48,54.32,54.12,53.97,53.91,53.91,53.98,53.93,53.76,53.51,53.28,53.05,52.81,52.58,52.36,52.24,52.18,52.16,52.13,52.13,52.13,52.13,52.15,52.22,52.28,52.31,52.33,52.34,52.38,52.42,52.46,52.54,52.59,52.62,52.63,52.64,52.70,52.72,52.73,52.75,52.80,52.83,52.87,52.94,53.00,53.03,53.08,53.14,53.20,53.23,53.28,53.35,53.41,53.44,53.49,53.56,53.61,53.64,53.70,53.77,53.82,53.85,53.90,53.98,54.02,54.06,54.11,54.19,54.20,54.23,54.28,54.37,54.47,54.60,54.76,54.91,55.04,55.06,55.02,54.97,54.97,54.99,55.08,55.20,55.29,55.35,55.31,55.23,55.16,55.08,55.00,54.92,54.84,54.77,54.69,54.63,54.60,54.64,54.85,55.02,55.20,55.40,55.55,55.70,55.88,56.06,56.26,56.43,56.58,56.74,56.93,57.12,57.16,57.18,57.22,57.29,57.33,57.37,57.43,57.50,57.58,57.66,57.74,57.81,57.89,57.95,58.00,58.05,58.10,58.15,58.15,58.10,58.01,57.89
63.71,63.62,63.50,63.35,63.21,63.12,62.99,62.87,62.77,62.62,62.53,62.41,62.28,62.20,62.12,62.14,62.22,62.27,62.23,62.19,62.15,62.08,62.01,61.98,61.94,61.87,61.81,61.78,61.78,61.78,61.78,61.78,61.73,61.68,61.75,62.07,62.50,62.94,63.35,63.67,63.93,64.17,64.44,64.73,64.97,65.20,65.59,66.13,66.67,67.21,67.58,67.74,67.66,67.50,67.31,67.15,67.05,66.91,66.81,66.68,66.56,66.47,66.32,66.34,66.52,66.84,67.29,67.62,67.89,68.12,68.36,68.65,68.44,67.89,67.28,67.00,66.24,65.25,64.19,63.10,61.96,60.94,60.20,59.92,59.75,59.65,59.56,59.48,59.41,59.33,59.25,59.17,59.10,59.03,58.99,58.96,58.89,58.82,58.61,58.34,58.03,57.73,57.42,57.11,56.80,56.52,56.35,56.24,56.16,56.08,56.00,55.93,55.85,55.77,55.70,55.62,55.54,55.44,55.29,55.20,55.06,54.88,54.67,54.52,54.36,54.29,54.28,54.29,54.36,54.37,54.24,53.96,53.72,53.49,53.26,53.02,52.79,52.52,52.29,52.13,52.06,52.04,52.02,52.01,52.02,52.09,52.11,52.16,52.20,52.20,52.21,52.27,52.34,52.40,52.41,52.47,52.50,52.51,52.52,52.58,52.60,52.61,52.62,52.69,52.71,52.75,52.82,52.89,52.91,52.96,53.03,53.09,53.11,53.16,53.24,53.30,53.32,53.38,53.44,53.50,53.52,53.58,53.65,53.70,53.72,53.79,53.86,53.90,53.92,53.99,54.00,54.01,54.03,54.13,54.26,54.41,54.57,54.71,54.80,54.81,54.78,54.72,54.72,54.78,54.86,54.97,55.09,55.11,55.05,54.98,54.91,54.83,54.76,54.68,54.60,54.52,54.45,54.41,54.41,54.45,54.65,54.83,54.98,55.15,55.30,55.46,55.65,55.85,56.02,56.17,56.33,56.51,56.72,56.88,56.92,56.95,57.03,57.11,57.18,57.20,57.23,57.31,57.38,57.45,57.52,57.60,57.66,57.69,57.69,57.70,57.71,57.72,57.87,57.95,57.89,57.80
63.91,63.81,63.69,63.55,63.44,63.32,63.21,63.09,62.96,62.81,62.72,62.63,62.51,62.40,62.35,62.39,62.47,62.53,62.51,62.47,62.43,62.39,62.31,62.26,62.22,62.18,62.11,62.06,62.04,62.04,62.04,62.04,61.98,61.92,61.97,62.36,62.74,63.08,63.39,63.70,63.94,64.17,64.44,64.73,64.97,65.23,65.66,66.20,66.74,67.28,67.76,68.05,68.04,67.90,67.72,67.56,67.43,67.28,67.15,67.04,66.92,66.80,66.69,66.85,67.13,67.47,67.92,68.30,68.59,68.82,69.06,69.36,69.40,69.12,68.47,67.68,66.61,65.44,64.25,63.12,61.97,61.06,60.41,59.99,59.80,59.70,59.63,59.55,59.47,59.39,59.32,59.25,59.16,59.08,59.06,59.03,58.96,58.92,58.71,58.41,58.10,57.79,57.49,57.18,56.90,56.69,56.53,56.42,56.35,56.27,56.20,56.12,56.04,55.96,55.88,55.81,55.73,55.63,55.48,55.40,55.26,55.09,54.91,54.76,54.64,54.63,54.66,54.67,54.73,54.77,54.66,54.40,54.16,53.93,53.70,53.47,53.23,52.94,52.67,52.46,52.30,52.16,52.02,51.92,51.89,51.91,51.96,52.00,52.03,52.07,52.08,52.13,52.21,52.27,52.28,52.31,52.34,52.38,52.38,52.41,52.45,52.48,52.48,52.51,52.55,52.59,52.63,52.71,52.76,52.80,52.84,52.92,52.96,53.00,53.05,53.12,53.17,53.20,53.26,53.33,53.37,53.41,53.47,53.54,53.58,53.61,53.68,53.72,53.73,53.75,53.76,53.76,53.79,53.92,54.07,54.22,54.38,54.51,54.55,54.56,54.54,54.51,54.47,54.53,54.64,54.76,54.85,54.86,54.80,54.74,54.70,54.63,54.55,54.48,54.40,54.32,54.25,54.19,54.17,54.24,54.42,54.58,54.73,54.90,55.10,55.26,55.43,55.61,55.76,55.92,56.10,56.30,56.48,56.63,56.70,56.76,56.84,56.91,57.00,57.02,57.03,57.06,57.09,57.12,57.16,57.19,57.21,57.22,57.22,57.22,57.22,57.27,57.48,57.67,57.69,57.58
64.10,64.00,63.88,63.75,63.66,63.52,63.42,63.31,63.16,63.02,62.92,62.83,62.74,62.60,62.57,62.62,62.70,62.78,62.77,62.73,62.69,62.66,62.60,62.53,62.50,62.48,62.40,62.34,62.30,62.30,62.29,62.27,62.22,62.16,62.19,62.57,62.89,63.14,63.39,63.70,63.94,64.17,64.44,64.73,64.97,65.28,65.73,66.28,66.83,67.37,67.91,68.30,68.39,68.29,68.13,67.97,67.81,67.66,67.50,67.40,67.29,67.16,67.14,67.42,67.77,68.13,68.56,68.96,69.31,69.62,69.88,70.13,70.18,69.89,69.10,67.97,66.77,65.55,64.31,63.16,62.04,61.22,60.63,60.13,59.88,59.77,59.69,59.61,59.53,59.46,59.39,59.31,59.23,59.17,59.13,59.09,59.03,59.02,58.80,58.50,58.19,57.88,57.58,57.27,57.00,56.85,56.71,56.61,56.54,56.46,56.38,56.31,56.23,56.15,56.07,56.00,55.91,55.80,55.67,55.59,55.47,55.32,55.17,55.04,54.96,54.98,55.05,55.05,55.11,55.15,55.06,54.84,54.61,54.38,54.14,53.91,53.67,53.38,53.12,52.88,52.66,52.42,52.19,52.00,51.88,51.82,51.82,51.84,51.87,51.92,51.93,51.98,52.06,52.13,52.15,52.15,52.18,52.23,52.23,52.24,52.29,52.33,52.33,52.35,52.40,52.44,52.47,52.54,52.60,52.64,52.67,52.75,52.81,52.84,52.88,52.96,53.02,53.04,53.09,53.17,53.22,53.24,53.30,53.37,53.42,53.45,53.48,53.50,53.50,53.48,53.50,53.52,53.57,53.73,53.88,54.03,54.19,54.31,54.31,54.30,54.30,54.29,54.23,54.29,54.41,54.53,54.61,54.61,54.56,54.52,54.49,54.42,54.34,54.27,54.18,54.11,54.03,53.95,53.94,54.03,54.17,54.33,54.48,54.65,54.88,55.05,55.20,55.36,55.51,55.68,55.88,56.07,56.22,56.38,56.45,56.52,56.57,56.63,56.69,56.71,56.71,56.71,56.71,56.71,56.71,56.71,56.71,56.69,56.68,56.69,56.73,56.83,57.08,57.33,57.45,57.35
64.29,64.19,64.08,63.94,63.85,63.71,63.61,63.50,63.36,63.26,63.13,63.02,62.93,62.79,62.76,62.81,62.91,63.02,62.98,62.95,62.92,62.86,62.84,62.78,62.75,62.73,62.66,62.64,62.59,62.55,62.53,62.48,62.45,62.41,62.41,62.66,62.91,63.14,63.39,63.70,63.94,64.17,64.44,64.73,64.97,65.32,65.82,66.41,66.96,67.50,68.03,68.47,68.70,68.71,68.54,68.35,68.19,68.04,67.88,67.78,67.68,67.57,67.72,68.05,68.43,68.81,69.21,69.61,70.09,70.60,70.91,70.98,70.62,69.91,68.95,67.91,66.83,65.63,64.37,63.23,62.24,61.48,60.89,60.37,59.99,59.83,59.75,59.67,59.60,59.53,59.45,59.37,59.30,59.28,59.23,59.16,59.10,59.09,58.90,58.63,58.32,58.01,57.70,57.39,57.13,56.98,56.89,56.81,56.73,56.65,56.57,56.50,56.42,56.34,56.26,56.19,56.07,55.94,55.86,55.78,55.69,55.57,55.44,55.35,55.33,55.36,55.43,55.44,55.50,55.52,55.46,55.28,55.05,54.82,54.59,54.36,54.11,53.82,53.56,53.33,53.10,52.87,52.63,52.38,52.11,51.85,51.70,51.69,51.73,51.74,51.74,51.80,51.87,51.95,52.01,52.03,52.03,52.04,52.05,52.10,52.13,52.14,52.15,52.21,52.23,52.27,52.34,52.41,52.43,52.48,52.55,52.62,52.63,52.69,52.76,52.82,52.84,52.89,52.97,53.03,53.05,53.10,53.17,53.23,53.24,53.30,53.28,53.25,53.24,53.19,53.23,53.29,53.38,53.54,53.69,53.84,54.00,54.11,54.07,54.05,54.05,54.03,53.98,54.08,54.19,54.30,54.41,54.37,54.34,54.31,54.24,54.17,54.09,54.01,53.93,53.86,53.77,53.70,53.68,53.77,53.92,54.08,54.23,54.40,54.62,54.79,54.95,55.10,55.26,55.48,55.66,55.82,55.97,56.12,56.16,56.17,56.17,56.19,56.20,56.20,56.20,56.20,56.20,56.20,56.20,56.20,56.20,56.15,56.12,56.14,56.22,56.42,56.70,56.97,57.14,57.14
64.48,64.38,64.27,64.13,64.05,63.94,63.82,63.70,63.59,63.48,63.36,63.24,63.12,62.98,62.98,63.05,63.14,63.23,63.21,63.21,63.16,63.10,63.06,63.02,62.98,62.94,62.90,62.87,62.83,62.78,62.75,62.71,62.67,62.63,62.64,62.79,62.94,63.14,63.39,63.70,63.94,64.19,64.47,64.73,64.98,65.39,65.92,66.49,67.03,67.57,68.11,68.61,68.98,69.08,68.95,68.78,68.62,68.47,68.28,68.13,68.04,68.05,68.32,68.68,69.07,69.51,70.15,70.81,71.36,71.60,71.17,70.70,70.09,69.31,68.36,67.33,66.32,65.24,64.16,63.34,62.60,61.89,61.23,60.66,60.19,59.94,59.81,59.74,59.66,59.58,59.51,59.44,59.36,59.35,59.30,59.23,59.20,59.16,59.00,58.76,58.45,58.14,57.83,57.52,57.27,57.16,57.07,57.00,56.92,56.84,56.76,56.69,56.61,56.53,56.45,56.34,56.23,56.13,56.05,55.97,55.89,55.80,55.71,55.70,55.70,55.75,55.80,55.81,55.84,55.88,55.85,55.72,55.50,55.27,55.03,54.80,54.57,54.30,54.03,53.77,53.54,53.31,53.05,52.76,52.46,52.19,51.95,51.81,51.71,51.61,51.60,51.65,51.73,51.80,51.84,51.85,51.87,51.90,51.90,51.94,51.97,52.00,52.01,52.04,52.08,52.12,52.16,52.24,52.28,52.32,52.37,52.44,52.49,52.52,52.58,52.65,52.69,52.73,52.79,52.85,52.90,52.93,53.00,53.05,53.05,53.05,53.02,52.98,52.95,52.95,53.02,53.09,53.19,53.34,53.50,53.63,53.76,53.88,53.81,53.79,53.79,53.79,53.77,53.85,53.97,54.09,54.18,54.16,54.12,54.06,53.98,53.91,53.84,53.75,53.68,53.60,53.52,53.47,53.48,53.56,53.67,53.82,53.97,54.15,54.37,54.54,54.69,54.84,55.01,55.23,55.41,55.56,55.72,55.86,55.87,55.77,55.64,55.64,55.64,55.64,55.64,55.64,55.64,55.64,55.64,55.64,55.64,55.61,55.59,55.64,55.81,56.03,56.32,56.59,56.80,56.88
64.69,64.58,64.46,64.33,64.25,64.17,64.05,63.92,63.82,63.69,63.58,63.46,63.30,63.17,63.21,63.30,63.38,63.45,63.44,63.44,63.41,63.34,63.27,63.24,63.21,63.15,63.14,63.08,63.05,63.01,62.96,62.96,62.89,62.85,62.86,62.95,63.03,63.19,63.42,63.70,63.94,64.22,64.49,64.73,64.99,65.48,66.02,66.55,67.10,67.65,68.19,68.72,69.21,69.41,69.36,69.22,69.05,68.89,68.69,68.54,68.49,68.63,68.99,69.41,69.84,70.36,71.23,72.11,72.53,72.23,71.01,70.06,69.28,68.53,67.65,66.67,65.82,64.98,64.21,63.76,63.24,62.56,61.83,61.20,60.63,60.21,59.94,59.81,59.72,59.65,59.58,59.50,59.44,59.42,59.36,59.31,59.30,59.23,59.10,58.88,58.57,58.25,57.94,57.64,57.42,57.34,57.26,57.19,57.11,57.03,56.95,56.88,56.80,56.72,56.63,56.49,56.39,56.31,56.24,56.16,56.08,56.02,55.99,56.07,56.09,56.13,56.19,56.19,56.19,56.23,56.26,56.16,55.94,55.71,55.48,55.25,55.01,54.78,54.50,54.22,54.00,53.76,53.47,53.16,52.86,52.62,52.33,52.06,51.82,51.60,51.53,51.55,51.60,51.65,51.67,51.67,51.70,51.76,51.77,51.78,51.81,51.86,51.87,51.88,51.92,51.97,51.99,52.06,52.13,52.16,52.20,52.27,52.34,52.36,52.41,52.48,52.54,52.57,52.61,52.69,52.74,52.76,52.80,52.84,52.83,52.76,52.74,52.70,52.67,52.73,52.81,52.89,52.98,53.14,53.29,53.40,53.52,53.62,53.56,53.54,53.54,53.54,53.55,53.63,53.74,53.87,53.95,53.94,53.88,53.81,53.73,53.66,53.58,53.50,53.42,53.35,53.28,53.26,53.28,53.35,53.43,53.56,53.72,53.89,54.12,54.28,54.44,54.59,54.76,54.98,55.16,55.31,55.47,55.62,55.60,55.38,55.13,55.09,55.09,55.09,55.09,55.09,55.09,55.09,55.09,55.09,55.09,55.09,55.10,55.18,55.42,55.65,55.94,56.22,56.44,56.60
64.97,64.79,64.68,64.57,64.44,64.36,64.27,64.16,64.03,63.93,63.80,63.62,63.44,63.36,63.40,63.52,63.63,63.69,63.65,63.63,63.63,63.59,63.52,63.46,63.42,63.39,63.34,63.31,63.27,63.23,63.21,63.21,63.15,63.08,63.07,63.19,63.28,63.38,63.52,63.71,63.94,64.18,64.45,64.74,65.05,65.58,66.12,66.63,67.22,67.78,68.31,68.85,69.35,69.64,69.73,69.64,69.44,69.28,69.16,69.14,69.21,69.44,69.86,70.43,71.06,71.72,72.51,73.22,72.89,71.64,70.23,69.33,68.55,67.77,66.94,66.27,65.91,65.63,65.35,65.10,64.61,63.94,63.18,62.45,61.78,60.96,60.26,59.89,59.79,59.72,59.64,59.57,59.55,59.50,59.42,59.38,59.37,59.29,59.21,59.01,58.69,58.32,58.00,57.77,57.61,57.53,57.45,57.38,57.30,57.22,57.14,57.07,56.99,56.90,56.77,56.67,56.58,56.50,56.43,56.35,56.27,56.25,56.31,56.44,56.47,56.50,56.56,56.56,56.56,56.61,56.66,56.60,56.38,56.15,55.92,55.69,55.46,55.23,54.94,54.68,54.49,54.21,53.91,53.60,53.31,53.06,52.77,52.47,52.18,51.90,51.65,51.51,51.45,51.48,51.53,51.54,51.56,51.58,51.64,51.64,51.66,51.69,51.74,51.75,51.76,51.80,51.86,51.93,51.96,52.00,52.07,52.14,52.16,52.21,52.27,52.34,52.36,52.42,52.48,52.55,52.57,52.57,52.58,52.57,52.52,52.50,52.45,52.41,52.41,52.48,52.55,52.63,52.73,52.89,53.04,53.19,53.30,53.37,53.31,53.29,53.29,53.29,53.30,53.42,53.53,53.63,53.74,53.65,53.60,53.55,53.48,53.41,53.33,53.25,53.17,53.10,53.07,53.07,53.07,53.10,53.17,53.31,53.47,53.64,53.86,54.03,54.18,54.34,54.51,54.73,54.91,55.06,55.23,55.42,55.41,55.13,54.77,54.61,54.59,54.59,54.59,54.59,54.59,54.59,54.59,54.59,54.59,54.59,54.62,54.75,55.03,55.27,55.56,55.83,56.07,56.33
65.39,65.11,64.94,64.82,64.67,64.56,64.47,64.38,64.25,64.14,63.97,63.78,63.62,63.58,63.63,63.76,63.88,63.91,63.88,63.84,63.82,63.81,63.77,63.70,63.64,63.61,63.57,63.56,63.51,63.46,63.46,63.46,63.38,63.30,63.29,63.41,63.49,63.57,63.67,63.83,63.99,64.19,64.44,64.74,65.03,65.55,66.11,66.66,67.27,67.85,68.42,69.00,69.56,70.05,70.37,70.41,70.22,70.08,70.01,70.07,70.24,70.50,70.84,71.54,72.35,73.11,73.73,73.78,72.94,71.45,69.94,68.94,68.25,67.72,67.30,66.97,66.86,66.81,66.73,66.49,66.04,65.37,64.60,63.84,63.13,62.12,61.11,60.36,59.93,59.78,59.70,59.64,59.63,59.56,59.49,59.44,59.43,59.36,59.28,59.09,58.78,58.42,58.11,57.91,57.80,57.72,57.64,57.57,57.49,57.41,57.34,57.26,57.18,57.09,56.94,56.85,56.77,56.70,56.62,56.54,56.49,56.50,56.60,56.77,56.83,56.87,56.91,56.94,56.95,57.00,57.05,57.01,56.82,56.59,56.36,56.13,55.90,55.67,55.41,55.16,54.95,54.63,54.31,54.02,53.74,53.47,53.17,52.86,52.55,52.21,51.90,51.63,51.43,51.33,51.37,51.41,51.42,51.43,51.47,51.51,51.52,51.53,51.58,51.61,51.62,51.64,51.69,51.77,51.81,51.84,51.90,51.97,52.01,52.05,52.11,52.18,52.21,52.26,52.32,52.37,52.34,52.34,52.32,52.28,52.24,52.21,52.16,52.15,52.19,52.27,52.34,52.42,52.52,52.67,52.83,52.98,53.09,53.12,53.05,53.04,53.04,53.04,53.08,53.19,53.30,53.42,53.50,53.38,53.34,53.30,53.23,53.15,53.07,52.99,52.92,52.88,52.85,52.86,52.88,52.89,52.96,53.08,53.23,53.42,53.61,53.78,53.93,54.09,54.25,54.48,54.65,54.80,54.97,55.19,55.23,54.97,54.53,54.20,54.10,54.08,54.06,54.04,54.03,54.03,54.03,54.03,54.04,54.06,54.16,54.35,54.65,54.89,55.18,55.45,55.70,55.99
65.89,65.51,65.26,65.09,64.93,64.78,64.67,64.59,64.48,64.33,64.13,63.94,63.81,63.81,63.88,64.01,64.12,64.12,64.11,64.06,64.02,64.02,64.00,63.95,63.88,63.82,63.82,63.81,63.76,63.71,63.71,63.71,63.60,63.52,63.52,63.61,63.69,63.77,63.87,64.01,64.11,64.25,64.45,64.73,64.97,65.47,66.05,66.66,67.28,67.90,68.52,69.12,69.76,70.51,71.13,71.37,71.25,71.11,71.09,71.22,71.45,71.69,71.93,72.67,73.60,74.41,74.78,74.01,72.83,71.49,69.96,68.86,68.31,68.16,68.25,68.25,68.25,68.27,68.20,67.91,67.47,66.82,66.05,65.29,64.58,63.49,62.29,61.16,60.26,59.90,59.77,59.71,59.69,59.63,59.56,59.51,59.49,59.42,59.35,59.17,58.86,58.54,58.24,58.07,57.99,57.91,57.84,57.76,57.68,57.60,57.53,57.45,57.36,57.27,57.13,57.04,56.96,56.88,56.81,56.74,56.72,56.75,56.85,57.06,57.18,57.22,57.25,57.31,57.33,57.38,57.43,57.40,57.25,57.04,56.81,56.58,56.34,56.11,55.88,55.64,55.38,55.03,54.70,54.42,54.16,53.86,53.55,53.23,52.90,52.52,52.20,51.84,51.50,51.25,51.21,51.26,51.29,51.29,51.30,51.36,51.38,51.39,51.41,51.47,51.48,51.49,51.51,51.58,51.65,51.69,51.72,51.78,51.86,51.89,51.93,52.00,52.06,52.09,52.12,52.15,52.09,52.08,52.03,51.98,51.96,51.91,51.89,51.92,51.99,52.07,52.14,52.23,52.33,52.48,52.64,52.79,52.89,52.87,52.80,52.79,52.79,52.80,52.87,52.96,53.08,53.20,53.25,53.13,53.09,53.05,52.98,52.89,52.82,52.75,52.69,52.67,52.62,52.64,52.69,52.70,52.77,52.84,53.00,53.21,53.37,53.53,53.68,53.83,54.01,54.23,54.40,54.55,54.72,54.94,55.05,54.83,54.35,53.87,53.64,53.56,53.53,53.48,53.48,53.48,53.48,53.48,53.48,53.55,53.72,53.97,54.26,54.51,54.80,55.07,55.32,55.61
66.39,66.01,65.69,65.45,65.25,65.09,64.95,64.82,64.68,64.48,64.29,64.13,64.00,64.01,64.12,64.27,64.37,64.36,64.32,64.28,64.27,64.26,64.21,64.18,64.13,64.07,64.06,64.02,63.98,63.97,63.97,63.97,63.85,63.75,63.73,63.85,63.94,64.02,64.10,64.21,64.33,64.44,64.57,64.72,64.93,65.48,66.11,66.72,67.34,67.96,68.58,69.20,69.86,70.71,71.69,72.26,72.32,72.23,72.26,72.42,72.67,72.94,73.18,73.71,74.47,75.20,75.11,74.08,72.80,71.48,70.13,69.27,68.94,68.97,69.21,69.38,69.49,69.57,69.56,69.30,68.87,68.22,67.47,66.74,65.94,64.84,63.64,62.50,61.33,60.31,59.85,59.82,59.77,59.70,59.65,59.62,59.56,59.48,59.45,59.29,58.98,58.67,58.41,58.25,58.18,58.10,58.03,57.95,57.87,57.79,57.72,57.64,57.53,57.41,57.31,57.23,57.15,57.07,57.00,56.98,56.97,56.98,57.05,57.27,57.46,57.57,57.63,57.70,57.70,57.75,57.80,57.79,57.69,57.48,57.25,57.02,56.79,56.56,56.33,56.08,55.78,55.45,55.14,54.84,54.55,54.24,53.89,53.53,53.16,52.78,52.42,52.04,51.66,51.33,51.17,51.15,51.16,51.16,51.17,51.19,51.23,51.26,51.27,51.29,51.30,51.32,51.37,51.40,51.47,51.53,51.57,51.60,51.68,51.73,51.78,51.81,51.88,51.90,51.88,51.86,51.83,51.78,51.72,51.66,51.66,51.63,51.67,51.71,51.75,51.82,51.89,52.00,52.14,52.29,52.45,52.60,52.68,52.62,52.55,52.53,52.53,52.55,52.63,52.75,52.86,52.95,53.00,52.87,52.83,52.80,52.72,52.64,52.61,52.55,52.49,52.44,52.41,52.45,52.50,52.51,52.58,52.62,52.75,52.96,53.12,53.27,53.43,53.59,53.80,53.98,54.14,54.30,54.47,54.69,54.84,54.64,54.17,53.69,53.27,53.06,52.98,52.96,52.96,52.96,52.96,52.96,52.97,53.08,53.30,53.57,53.84,54.12,54.38,54.65,54.92,55.19
66.90,66.52,66.16,65.85,65.63,65.44,65.28,65.12,64.93,64.70,64.51,64.33,64.20,64.23,64.37,64.50,64.59,64.58,64.54,64.50,64.49,64.48,64.43,64.40,64.36,64.33,64.31,64.25,64.23,64.23,64.22,64.20,64.09,63.98,63.95,64.08,64.18,64.27,64.34,64.43,64.56,64.65,64.72,64.80,65.01,65.53,66.14,66.75,67.38,68.00,68.61,69.22,69.88,70.82,72.09,73.02,73.39,73.37,73.47,73.66,73.91,74.18,74.42,74.77,75.37,75.95,75.34,74.19,72.93,71.70,70.50,69.77,69.61,69.77,70.05,70.28,70.47,70.59,70.58,70.35,69.97,69.42,68.81,68.17,67.33,66.23,65.09,63.95,62.63,61.23,60.35,59.99,59.84,59.75,59.73,59.70,59.63,59.57,59.54,59.40,59.11,58.80,58.58,58.45,58.37,58.29,58.22,58.14,58.06,57.98,57.91,57.81,57.69,57.57,57.50,57.42,57.34,57.28,57.23,57.22,57.22,57.22,57.27,57.50,57.72,57.88,57.98,58.05,58.08,58.14,58.19,58.17,58.12,57.93,57.70,57.47,57.26,57.03,56.79,56.51,56.20,55.89,55.56,55.23,54.90,54.56,54.19,53.80,53.41,53.03,52.64,52.26,51.87,51.50,51.22,51.10,51.07,51.06,51.04,51.04,51.07,51.11,51.11,51.13,51.14,51.17,51.21,51.24,51.30,51.37,51.41,51.45,51.52,51.58,51.61,51.62,51.66,51.66,51.62,51.57,51.54,51.48,51.41,51.38,51.38,51.38,51.44,51.49,51.52,51.59,51.68,51.80,51.95,52.10,52.26,52.40,52.45,52.37,52.30,52.28,52.28,52.30,52.40,52.53,52.64,52.72,52.75,52.62,52.57,52.55,52.47,52.42,52.39,52.34,52.26,52.21,52.21,52.25,52.29,52.32,52.39,52.41,52.51,52.70,52.86,53.02,53.17,53.35,53.57,53.73,53.89,54.05,54.21,54.44,54.61,54.44,53.99,53.53,53.01,52.67,52.50,52.46,52.45,52.45,52.45,52.46,52.49,52.65,52.90,53.19,53.43,53.73,53.98,54.24,54.54,54.78
