117.65,117.73,117.80,117.88,117.95,118.03,118.09,118.12,118.17,118.24,118.32,118.40,118.48,118.56,118.69,118.82,118.96,119.12,119.28,119.48,119.67,119.88,120.18,120.76,121.27,121.64,122.01,122.68,124.01,125.46,126.51,126.59,125.20,123.28,121.64,120.51,120.00,120.36,120.59,120.38,119.71,118.93,118.60,118.87,120.41,124.70,129.69,132.36,132.67,131.61,130.76,128.24,125.28,122.83,120.44,119.78,119.62,119.52,119.57,119.69,119.75,119.76,119.74,119.76,119.65,119.48,119.31,119.15,119.00,118.84,118.73,118.70,118.70,118.72,118.73,118.74,118.76,118.74,118.67,118.54,118.44,118.29,118.13,118.00,117.90,117.85,117.75,117.68,117.65,117.72,117.73,117.73,117.75,117.83,117.91,117.93,117.96,118.02,118.00,118.00,117.92,117.76,117.56,117.37,117.20,117.06,116.95,116.96,117.02,117.10,117.18,117.24,117.13,116.94,116.73,116.57,116.42,116.21,115.99,115.77,115.47,115.16,114.85,114.54,114.23,113.92,113.58,113.22,112.84,112.39,111.98,111.57,111.14,110.72,110.13,108.97,107.51,106.42,105.62,105.32,105.25,105.22,105.28,105.26,105.25,105.29,105.28,105.16,105.00,104.84,104.64,104.48,104.38,104.32,104.29,104.24,104.13,104.04,103.97,103.84,103.74,103.65,103.56,103.47,103.41,103.38,103.35,103.31,103.36,103.46,103.55,103.64,103.77,103.84,103.90,103.94,103.97,103.97,103.89,103.80,103.74,103.73,103.66,103.59,103.51,103.44,103.44,103.40,103.36,103.33,103.28,103.27,103.24,103.20,103.23,103.43,103.63,103.83,104.06,104.29,104.48,104.65,104.79,104.88,104.88,104.84,104.79,104.76,104.71,104.70,104.66,104.60,104.57,104.52,104.49,104.45,104.38,104.36,104.31,104.26,104.23,104.18,104.10,104.06,104.05,103.98,103.94,103.90,103.86,103.83,103.78,103.32,102.74,102.19,101.70,101.28,100.91,100.56,100.16,99.65,98.61,97.40,96.52,96.64,97.77,98.98,99.83,100.06,100.10,100.08,100.06,100.06,100.06,100.05,99.86,99.19
117.59,117.66,117.73,117.81,117.90,117.97,118.05,118.09,118.12,118.18,118.25,118.34,118.43,118.57,118.72,118.88,119.03,119.19,119.35,119.55,119.72,119.93,120.37,121.32,122.16,122.78,123.27,123.84,124.77,125.64,126.19,126.11,125.16,123.60,122.25,121.41,121.12,121.13,120.88,120.31,119.57,118.83,118.67,119.03,120.68,125.56,130.34,132.27,132.05,131.58,130.92,128.15,124.82,122.20,120.29,119.77,119.63,119.52,119.49,119.59,119.62,119.58,119.51,119.46,119.35,119.23,119.12,119.02,118.93,118.86,118.80,118.70,118.65,118.61,118.58,118.53,118.49,118.47,118.41,118.30,118.26,118.15,118.05,117.98,117.95,117.93,117.81,117.68,117.59,117.55,117.56,117.53,117.50,117.57,117.63,117.66,117.71,117.77,117.78,117.84,117.84,117.72,117.53,117.36,117.20,117.05,116.91,116.85,116.90,116.97,117.05,117.12,117.01,116.82,116.62,116.45,116.29,116.08,115.84,115.58,115.28,114.97,114.66,114.35,114.03,113.68,113.31,112.92,112.53,112.08,111.67,111.25,110.80,110.39,109.67,108.55,107.23,106.20,105.74,105.55,105.44,105.29,105.16,104.79,104.56,104.52,104.41,104.39,104.39,104.37,104.33,104.42,104.54,104.60,104.55,104.47,104.33,104.22,104.13,104.00,103.92,103.84,103.77,103.69,103.64,103.60,103.57,103.53,103.59,103.66,103.74,103.84,103.98,104.07,104.16,104.23,104.25,104.25,104.19,104.12,104.08,104.05,103.98,103.90,103.83,103.76,103.75,103.69,103.64,103.61,103.54,103.53,103.47,103.40,103.35,103.44,103.57,103.77,103.99,104.20,104.38,104.55,104.71,104.85,104.89,104.86,104.82,104.80,104.74,104.71,104.67,104.63,104.60,104.55,104.52,104.48,104.44,104.41,104.36,104.32,104.30,104.24,104.16,104.13,104.11,104.04,104.03,103.98,103.93,103.92,103.85,103.42,102.90,102.43,102.03,101.65,101.30,100.95,100.57,100.25,99.47,98.15,96.50,95.67,96.22,97.40,98.56,98.90,98.94,98.81,98.73,98.82,98.79,98.84,98.61,97.63
117.52,117.59,117.67,117.75,117.83,117.91,117.98,118.05,118.10,118.13,118.20,118.28,118.43,118.63,118.78,118.94,119.09,119.24,119.40,119.56,119.72,119.91,120.36,121.56,122.65,123.52,124.16,124.58,124.82,125.12,125.40,125.50,125.04,123.95,122.90,122.19,122.00,121.90,121.20,120.21,119.41,118.69,118.73,119.21,120.96,126.37,130.94,131.75,130.00,128.37,126.72,124.67,122.38,120.39,119.89,119.74,119.65,119.55,119.44,119.48,119.47,119.40,119.31,119.20,119.11,119.06,119.05,119.03,119.07,119.08,119.03,118.88,118.75,118.66,118.56,118.42,118.28,118.25,118.22,118.17,118.22,118.16,118.16,118.21,118.25,118.19,118.06,117.92,117.74,117.49,117.50,117.42,117.28,117.34,117.34,117.39,117.46,117.52,117.52,117.59,117.65,117.65,117.51,117.36,117.20,117.05,116.90,116.75,116.77,116.84,116.92,116.98,116.88,116.72,116.54,116.33,116.16,115.96,115.69,115.39,115.08,114.78,114.47,114.15,113.83,113.41,113.00,112.61,112.21,111.76,111.35,110.94,110.50,110.09,109.17,108.04,106.93,106.14,105.91,105.76,105.61,105.45,105.20,104.40,103.78,103.52,103.20,103.13,103.11,103.15,103.33,103.87,104.45,104.75,104.68,104.60,104.46,104.35,104.27,104.18,104.11,104.03,103.96,103.89,103.87,103.82,103.78,103.77,103.79,103.85,103.93,104.03,104.17,104.26,104.39,104.50,104.55,104.54,104.49,104.45,104.43,104.37,104.30,104.22,104.14,104.08,104.06,104.01,103.94,103.87,103.79,103.77,103.72,103.65,103.57,103.46,103.53,103.70,103.92,104.09,104.30,104.48,104.64,104.78,104.87,104.89,104.87,104.81,104.79,104.74,104.70,104.68,104.61,104.59,104.54,104.49,104.47,104.41,104.38,104.36,104.30,104.28,104.22,104.18,104.16,104.09,104.08,104.03,103.98,103.96,103.90,103.57,103.17,102.78,102.39,102.01,101.63,101.25,100.88,100.56,100.09,99.02,97.15,95.32,94.80,95.31,96.29,96.67,96.68,96.30,96.03,96.26,96.17,96.34,96.15,95.08
117.45,117.54,117.61,117.69,117.77,117.84,117.92,117.99,118.06,118.11,118.19,118.30,118.48,118.70,118.84,119.00,119.15,119.31,119.46,119.57,119.72,119.93,120.38,121.45,122.75,123.32,123.37,123.51,123.60,123.75,123.99,124.33,124.67,124.23,123.57,122.96,122.53,122.14,121.18,120.05,119.27,118.61,118.78,119.44,121.43,127.18,130.99,130.78,128.02,125.45,123.18,121.81,120.80,119.91,119.75,119.68,119.61,119.52,119.41,119.39,119.34,119.27,119.24,119.22,119.22,119.25,119.28,119.29,119.35,119.34,119.23,119.08,118.92,118.82,118.70,118.49,118.26,118.27,118.35,118.39,118.42,118.40,118.43,118.51,118.56,118.46,118.35,118.20,117.96,117.60,117.66,117.60,117.42,117.35,117.23,117.18,117.20,117.26,117.27,117.33,117.39,117.41,117.38,117.33,117.20,117.04,116.84,116.68,116.63,116.68,116.78,116.81,116.73,116.60,116.43,116.20,116.04,115.80,115.51,115.20,114.89,114.59,114.25,113.90,113.54,113.09,112.68,112.28,111.85,111.43,111.07,110.73,110.40,110.06,108.97,107.72,106.70,106.27,106.03,105.82,105.66,105.47,104.92,103.99,103.15,102.56,102.14,101.88,101.74,101.75,102.04,102.56,103.42,104.25,104.76,104.73,104.62,104.53,104.45,104.38,104.30,104.22,104.16,104.13,104.08,104.05,104.01,103.98,104.02,104.06,104.12,104.22,104.36,104.45,104.58,104.70,104.74,104.63,104.61,104.62,104.63,104.67,104.61,104.54,104.46,104.39,104.34,104.30,104.23,104.12,104.04,103.99,103.93,103.85,103.76,103.62,103.62,103.69,103.81,104.01,104.19,104.37,104.52,104.67,104.80,104.87,104.89,104.86,104.81,104.78,104.73,104.69,104.61,104.56,104.49,104.45,104.44,104.36,104.31,104.27,104.24,104.19,104.12,104.09,104.07,103.99,103.95,103.91,103.87,103.82,103.75,103.54,103.25,102.90,102.56,102.14,101.76,101.42,101.08,100.77,100.36,99.52,98.02,96.09,94.67,94.01,93.95,93.99,93.87,93.39,92.86,92.61,92.52,92.76,92.76,92.14
117.40,117.47,117.55,117.63,117.70,117.78,117.86,117.94,118.02,118.11,118.21,118.36,118.56,118.76,118.91,119.05,119.20,119.35,119.50,119.58,119.72,119.94,120.39,121.31,122.63,122.84,122.30,122.09,122.08,122.26,122.61,123.21,124.13,124.17,123.84,123.37,122.79,122.14,121.02,119.87,119.17,118.58,118.86,119.76,122.13,128.03,130.84,129.74,126.35,123.13,120.75,119.96,119.85,119.77,119.69,119.61,119.55,119.49,119.42,119.37,119.29,119.25,119.27,119.34,119.43,119.52,119.58,119.60,119.64,119.58,119.41,119.24,119.08,118.94,118.76,118.52,118.31,118.40,118.57,118.70,118.70,118.70,118.75,118.81,118.84,118.72,118.63,118.46,118.14,117.74,117.87,117.86,117.66,117.48,117.26,117.12,117.07,117.07,117.05,117.09,117.12,117.13,117.20,117.23,117.16,117.01,116.81,116.64,116.53,116.53,116.63,116.65,116.59,116.47,116.30,116.08,115.90,115.63,115.32,115.01,114.70,114.37,114.00,113.62,113.21,112.77,112.36,111.97,111.58,111.22,110.91,110.64,110.41,110.13,109.13,107.73,106.50,106.26,105.96,105.75,105.59,105.35,104.55,103.59,102.61,101.75,101.22,100.83,100.62,100.61,100.87,101.22,102.08,103.21,104.24,104.50,104.64,104.69,104.64,104.56,104.49,104.43,104.38,104.36,104.30,104.27,104.23,104.20,104.25,104.26,104.31,104.41,104.55,104.64,104.58,104.51,104.46,104.26,104.34,104.42,104.49,104.62,104.61,104.54,104.50,104.53,104.57,104.57,104.50,104.37,104.29,104.22,104.13,104.04,103.96,103.82,103.78,103.78,103.80,103.97,104.11,104.26,104.42,104.57,104.73,104.84,104.90,104.89,104.84,104.81,104.75,104.66,104.56,104.47,104.40,104.36,104.33,104.25,104.14,104.08,104.08,104.03,103.97,103.93,103.90,103.84,103.77,103.74,103.71,103.64,103.56,103.43,103.23,102.93,102.61,102.18,101.78,101.45,101.12,100.81,100.43,99.79,98.64,96.78,94.78,93.19,92.19,91.79,91.49,90.99,90.34,89.76,89.68,89.90,90.01,89.80
117.33,117.41,117.48,117.56,117.64,117.72,117.80,117.87,117.97,118.12,118.26,118.47,118.66,118.82,118.97,119.07,119.20,119.35,119.50,119.58,119.72,119.94,120.39,121.28,122.24,122.21,121.47,120.80,120.55,120.88,121.57,122.48,123.38,123.46,123.30,123.08,122.62,121.88,120.74,119.67,119.11,118.68,119.02,120.29,123.22,128.97,130.55,128.79,125.31,121.90,120.32,119.87,119.78,119.70,119.63,119.55,119.51,119.50,119.48,119.47,119.42,119.39,119.45,119.53,119.66,119.77,119.84,119.91,119.87,119.76,119.59,119.37,119.16,118.90,118.62,118.38,118.44,118.63,118.85,119.02,119.02,119.02,119.07,119.10,119.05,118.96,118.88,118.65,118.23,117.87,118.08,118.14,117.96,117.74,117.51,117.34,117.18,117.01,116.88,116.86,116.87,116.88,116.96,117.02,117.03,116.96,116.80,116.64,116.50,116.43,116.46,116.52,116.47,116.35,116.17,115.94,115.72,115.44,115.13,114.82,114.51,114.10,113.69,113.29,112.84,112.44,112.05,111.72,111.51,111.26,111.01,110.77,110.54,110.30,109.91,108.33,106.31,105.85,105.52,105.43,105.35,104.97,104.12,103.18,102.18,101.20,100.50,100.16,100.04,100.04,100.09,100.16,100.56,101.35,102.50,103.52,104.34,104.76,104.83,104.75,104.68,104.64,104.61,104.56,104.54,104.49,104.45,104.44,104.45,104.45,104.50,104.60,104.74,104.83,104.18,103.52,103.28,103.07,103.33,103.59,103.73,103.87,103.94,103.91,103.97,104.30,104.73,104.79,104.71,104.63,104.54,104.47,104.35,104.23,104.15,104.06,104.03,104.01,103.96,104.00,104.07,104.19,104.35,104.50,104.66,104.81,104.90,104.90,104.89,104.83,104.73,104.58,104.38,104.28,104.24,104.22,104.14,104.01,103.82,103.72,103.77,103.77,103.75,103.71,103.66,103.64,103.58,103.55,103.52,103.45,103.37,103.28,103.12,102.86,102.55,102.12,101.66,101.25,100.88,100.56,100.28,99.75,98.64,96.78,94.78,93.02,91.63,90.78,90.28,89.84,89.43,89.09,88.99,89.02,89.02,88.87
117.27,117.34,117.42,117.49,117.58,117.66,117.77,117.88,118.01,118.16,118.33,118.51,118.68,118.84,118.98,119.07,119.20,119.35,119.50,119.58,119.72,119.94,120.39,121.26,121.89,121.67,120.91,120.23,119.97,120.19,120.83,121.81,122.68,122.81,122.73,122.58,122.16,121.35,120.40,119.57,119.07,118.81,119.18,120.55,123.55,128.75,130.49,129.07,125.84,122.42,120.64,120.01,119.81,119.74,119.70,119.63,119.59,119.59,119.59,119.49,119.47,119.52,119.60,119.71,119.86,120.04,120.23,120.30,120.11,119.78,119.46,119.26,119.03,118.75,118.51,118.44,118.64,118.88,119.11,119.29,119.33,119.37,119.41,119.40,119.29,119.21,119.11,118.74,118.16,118.00,118.30,118.41,118.24,118.04,117.81,117.61,117.42,117.22,117.03,116.90,116.81,116.75,116.72,116.78,116.81,116.80,116.74,116.63,116.49,116.37,116.32,116.39,116.34,116.22,116.05,115.81,115.55,115.25,114.93,114.58,114.24,113.80,113.38,112.99,112.64,112.33,112.01,111.75,111.58,111.36,111.13,110.90,110.66,110.43,110.17,108.80,106.78,105.73,105.27,105.21,105.05,104.43,103.53,102.60,101.66,100.76,100.16,99.95,99.90,99.90,99.90,99.90,100.05,100.42,101.04,101.73,102.61,103.20,103.46,103.62,103.89,104.18,104.44,104.60,104.72,104.71,104.69,104.69,104.69,104.69,104.65,104.52,104.23,103.66,102.58,101.80,101.74,101.80,102.21,102.63,102.89,102.92,102.77,102.61,102.65,103.07,103.66,103.97,104.22,104.50,104.69,104.67,104.57,104.46,104.35,104.27,104.24,104.21,104.15,104.14,104.15,104.19,104.30,104.48,104.61,104.75,104.87,104.89,104.86,104.77,104.62,104.42,104.20,104.12,104.09,104.02,103.90,103.72,103.53,103.41,103.42,103.42,103.44,103.44,103.41,103.41,103.37,103.33,103.30,103.25,103.18,103.07,102.94,102.76,102.48,102.05,101.59,101.14,100.72,100.37,99.77,98.93,97.81,96.31,94.56,92.91,91.52,90.45,89.85,89.49,89.20,88.89,88.59,88.33,88.13,87.98
117.20,117.28,117.36,117.44,117.52,117.63,117.77,117.92,118.08,118.23,118.37,118.53,118.68,118.84,118.98,119.07,119.20,119.35,119.50,119.58,119.72,119.94,120.36,121.16,121.50,121.19,120.52,119.97,119.74,119.79,120.26,121.17,121.98,122.17,122.12,121.99,121.63,120.83,120.09,119.50,119.04,118.93,119.32,120.74,123.68,128.09,130.35,129.67,126.96,123.69,121.44,120.42,120.03,119.88,119.82,119.76,119.72,119.72,119.68,119.47,119.50,119.67,119.79,119.97,120.15,120.41,120.69,120.68,120.33,119.79,119.30,119.10,118.88,118.63,118.50,118.62,118.89,119.13,119.36,119.57,119.71,119.83,119.86,119.78,119.57,119.47,119.30,118.78,118.05,118.13,118.53,118.66,118.51,118.34,118.11,117.89,117.69,117.52,117.29,117.07,116.88,116.72,116.58,116.59,116.59,116.59,116.63,116.58,116.47,116.32,116.21,116.26,116.21,116.09,115.92,115.67,115.37,115.05,114.70,114.31,113.94,113.52,113.13,112.80,112.55,112.32,112.09,111.87,111.71,111.49,111.25,111.02,110.79,110.55,110.24,109.14,107.41,105.88,105.28,105.13,104.83,104.02,103.12,102.21,101.30,100.47,100.00,99.90,99.89,99.89,99.89,99.89,99.89,99.91,99.95,100.07,100.73,101.33,101.70,102.05,102.59,103.14,103.61,103.98,104.23,104.35,104.41,104.45,104.46,104.45,104.32,103.96,103.23,102.06,100.84,100.18,100.35,100.68,101.17,101.68,102.02,101.91,101.50,101.20,101.19,101.60,102.27,102.91,103.57,104.22,104.73,104.79,104.75,104.67,104.54,104.47,104.44,104.40,104.34,104.32,104.27,104.23,104.27,104.46,104.57,104.70,104.83,104.88,104.79,104.64,104.46,104.23,104.01,103.97,103.92,103.81,103.65,103.43,103.25,103.11,103.04,103.03,103.09,103.13,103.13,103.14,103.14,103.10,103.07,103.05,102.97,102.85,102.73,102.61,102.39,102.00,101.55,101.09,100.64,100.25,99.34,98.19,97.02,95.87,94.40,92.97,91.69,90.52,89.85,89.53,89.30,88.95,88.44,87.90,87.50,87.25
117.14,117.22,117.30,117.37,117.48,117.67,117.83,117.98,118.14,118.28,118.38,118.53,118.68,118.84,118.98,119.07,119.20,119.35,119.50,119.58,119.72,119.92,120.24,120.78,120.98,120.81,120.41,119.93,119.64,119.62,119.92,120.55,121.25,121.41,121.37,121.32,121.26,120.63,119.96,119.39,118.99,119.02,119.41,121.00,124.00,127.25,129.62,129.91,128.33,125.56,122.99,121.57,120.78,120.24,119.94,119.86,119.85,119.82,119.69,119.44,119.53,119.85,120.16,120.48,120.81,121.09,121.19,120.89,120.50,119.97,119.42,119.06,118.86,118.78,118.82,118.98,119.22,119.41,119.62,119.89,120.30,120.63,120.67,120.41,119.91,119.73,119.41,118.74,117.98,118.28,118.77,118.94,118.82,118.60,118.37,118.18,117.99,117.78,117.55,117.36,117.17,116.95,116.75,116.64,116.49,116.38,116.40,116.38,116.34,116.26,116.14,116.15,116.09,115.97,115.78,115.48,115.18,114.80,114.39,114.01,113.68,113.38,113.12,112.90,112.67,112.44,112.21,112.00,111.83,111.61,111.38,111.15,110.91,110.62,110.27,109.26,107.78,106.59,105.93,105.45,104.95,104.30,103.50,102.69,101.69,100.62,100.01,99.90,99.87,99.83,99.83,99.83,99.83,99.83,99.83,99.86,100.09,100.30,100.41,100.52,100.69,100.85,101.00,101.16,101.48,101.91,102.26,102.45,102.51,102.47,102.31,101.96,101.32,100.62,100.08,99.84,99.95,100.12,100.58,100.97,101.13,100.96,100.50,100.20,100.16,100.47,101.22,102.22,103.13,103.85,104.43,104.66,104.78,104.82,104.73,104.70,104.66,104.59,104.52,104.46,104.43,104.39,104.36,104.43,104.55,104.70,104.83,104.85,104.64,104.46,104.27,104.04,103.82,103.78,103.70,103.56,103.40,103.18,102.96,102.78,102.66,102.66,102.72,102.75,102.77,102.82,102.83,102.85,102.86,102.80,102.72,102.63,102.52,102.39,102.26,102.00,101.61,101.16,100.75,100.31,99.60,98.60,97.33,96.07,94.79,93.56,92.36,91.23,90.49,90.07,89.77,89.38,88.86,88.23,87.62,87.09
117.08,117.16,117.25,117.38,117.53,117.73,117.86,118.01,118.16,118.30,118.39,118.53,118.68,118.84,118.98,119.07,119.20,119.35,119.50,119.58,119.69,119.84,120.05,120.34,120.44,120.36,120.13,119.76,119.47,119.46,119.67,120.07,120.54,120.65,120.62,120.62,120.72,120.33,119.80,119.28,118.94,119.11,119.50,120.91,123.43,125.76,127.78,128.33,127.45,125.56,123.85,122.68,121.74,120.87,120.32,120.20,120.41,120.58,120.01,119.70,119.86,120.27,120.65,121.04,121.43,121.66,121.60,121.19,120.82,120.38,119.90,119.50,119.41,119.38,119.39,119.52,119.79,120.11,120.45,120.83,121.31,121.68,121.85,121.69,121.10,120.46,119.52,118.51,117.86,118.39,118.98,119.20,119.09,118.86,118.66,118.47,118.26,118.04,117.83,117.64,117.44,117.21,117.01,116.82,116.61,116.43,116.37,116.28,116.22,116.16,116.09,116.03,115.96,115.82,115.60,115.27,114.95,114.59,114.24,113.92,113.64,113.39,113.20,113.03,112.80,112.57,112.34,112.12,111.93,111.73,111.51,111.25,110.95,110.61,110.24,109.49,108.44,107.47,106.70,106.02,105.44,104.92,104.22,103.37,102.32,101.17,100.34,99.99,99.87,99.83,99.80,99.80,99.78,99.77,99.77,99.77,99.80,99.83,99.83,99.83,99.83,99.83,99.83,99.87,100.11,100.47,100.77,100.93,100.97,100.94,100.84,100.61,100.21,99.88,99.70,99.65,99.70,99.81,100.13,100.33,100.35,100.21,99.88,99.69,99.69,99.98,100.79,101.81,102.71,103.40,104.00,104.40,104.64,104.75,104.77,104.79,104.79,104.75,104.70,104.63,104.59,104.54,104.48,104.49,104.59,104.72,104.83,104.84,104.55,104.28,104.06,103.86,103.66,103.60,103.48,103.30,103.11,102.91,102.69,102.48,102.33,102.31,102.35,102.38,102.39,102.46,102.47,102.52,102.56,102.51,102.49,102.41,102.29,102.17,102.06,101.87,101.60,101.26,100.84,100.41,99.90,99.10,97.92,96.68,95.50,94.34,93.22,92.26,91.54,90.88,90.25,89.68,89.06,88.38,87.72,87.14
117.02,117.11,117.25,117.43,117.63,117.78,117.88,118.01,118.16,118.30,118.39,118.53,118.68,118.84,118.97,119.06,119.19,119.34,119.47,119.56,119.63,119.72,119.81,119.91,119.93,119.88,119.75,119.51,119.27,119.30,119.49,119.73,119.91,119.96,119.96,119.99,120.10,119.97,119.62,119.18,118.91,119.17,119.54,120.52,122.18,123.75,125.13,125.50,125.03,124.25,124.06,123.55,122.64,121.52,120.85,120.76,121.21,121.56,120.50,120.18,120.40,120.82,121.22,121.60,121.98,122.12,121.92,121.56,121.23,120.90,120.57,120.29,120.37,120.30,120.20,120.25,120.59,121.15,121.72,122.22,122.64,122.97,123.28,123.37,122.82,121.49,119.75,118.40,117.95,118.61,119.25,119.47,119.34,119.13,118.95,118.74,118.52,118.30,118.13,117.92,117.69,117.48,117.30,117.09,116.87,116.66,116.51,116.30,116.14,116.07,116.07,115.93,115.83,115.67,115.41,115.05,114.73,114.47,114.22,113.98,113.73,113.50,113.30,113.12,112.89,112.65,112.42,112.19,111.97,111.79,111.58,111.29,110.93,110.55,110.17,109.74,109.19,108.36,107.50,106.76,106.17,105.72,105.09,104.17,103.12,102.03,100.94,100.24,99.95,99.87,99.81,99.80,99.75,99.71,99.70,99.70,99.70,99.70,99.70,99.70,99.70,99.70,99.70,99.72,99.80,99.86,99.90,99.92,99.92,99.92,99.91,99.86,99.75,99.64,99.55,99.50,99.52,99.66,99.77,99.79,99.73,99.64,99.53,99.49,99.58,99.92,100.75,101.56,102.27,102.90,103.51,104.05,104.37,104.53,104.66,104.74,104.80,104.83,104.81,104.77,104.72,104.66,104.60,104.61,104.67,104.76,104.83,104.81,104.48,104.12,103.84,103.67,103.52,103.42,103.25,103.03,102.81,102.64,102.43,102.21,102.02,101.99,101.99,102.00,102.02,102.08,102.10,102.15,102.19,102.22,102.28,102.19,102.06,101.96,101.82,101.67,101.53,101.33,100.91,100.52,100.17,99.58,98.59,97.45,96.29,95.14,94.08,93.31,92.63,91.65,90.61,89.81,89.07,88.38,87.78,87.37
117.02,117.15,117.30,117.47,117.65,117.79,117.88,118.01,118.16,118.30,118.39,118.53,118.68,118.82,118.92,119.00,119.10,119.20,119.31,119.39,119.42,119.48,119.56,119.63,119.64,119.63,119.54,119.31,119.08,119.12,119.30,119.51,119.62,119.68,119.70,119.72,119.76,119.72,119.50,119.19,118.92,119.01,119.29,119.84,120.61,121.26,122.08,122.52,122.61,122.74,123.44,123.31,122.45,121.35,121.23,121.62,121.70,121.34,120.89,120.77,120.94,121.30,121.72,122.12,122.43,122.47,122.20,121.87,121.51,121.21,121.04,121.12,121.35,121.47,121.46,121.38,121.65,122.39,123.14,123.76,124.27,124.62,124.86,124.86,124.25,122.45,120.75,119.67,119.38,119.59,119.80,119.79,119.61,119.42,119.22,119.00,118.79,118.60,118.40,118.17,117.97,117.78,117.57,117.35,117.15,116.96,116.75,116.52,116.34,116.20,116.07,115.87,115.73,115.54,115.30,115.01,114.70,114.44,114.22,113.98,113.75,113.48,113.24,113.03,112.79,112.52,112.27,112.03,111.80,111.55,111.31,111.07,110.81,110.44,110.05,109.69,109.30,108.74,108.17,107.51,106.89,106.37,105.67,104.95,104.09,103.07,101.94,100.98,100.28,99.89,99.86,99.81,99.78,99.74,99.69,99.65,99.64,99.61,99.57,99.57,99.57,99.57,99.57,99.58,99.65,99.67,99.67,99.67,99.67,99.67,99.67,99.65,99.57,99.49,99.42,99.35,99.33,99.42,99.47,99.46,99.43,99.34,99.22,99.27,99.49,99.87,100.52,101.16,101.78,102.39,103.00,103.56,103.99,104.27,104.38,104.50,104.53,104.47,104.43,104.63,104.77,104.79,104.73,104.73,104.75,104.81,104.81,104.62,104.34,104.02,103.72,103.48,103.33,103.15,102.97,102.78,102.55,102.34,102.15,101.95,101.74,101.63,101.61,101.64,101.69,101.72,101.76,101.79,101.85,101.95,102.08,101.99,101.85,101.73,101.62,101.47,101.34,101.19,100.95,100.63,100.28,99.70,98.75,97.70,96.60,95.49,94.41,93.42,92.45,91.34,90.30,89.56,88.88,88.34,88.00,87.91
117.06,117.21,117.34,117.49,117.65,117.79,117.88,118.01,118.16,118.28,118.36,118.48,118.60,118.71,118.78,118.86,118.94,119.02,119.09,119.17,119.21,119.24,119.30,119.38,119.41,119.41,119.35,119.12,118.89,118.92,119.11,119.31,119.40,119.46,119.50,119.51,119.50,119.49,119.37,119.17,118.99,119.03,119.16,119.33,119.48,119.57,119.99,120.51,121.08,121.85,123.02,122.83,122.05,121.53,121.80,122.17,121.96,121.36,121.35,121.37,121.50,121.78,122.23,122.62,122.83,122.77,122.46,122.15,121.84,121.65,121.67,121.98,122.29,122.56,122.68,122.64,122.77,123.47,124.33,125.14,125.81,126.29,126.53,126.52,125.93,124.01,122.46,121.56,121.27,121.11,120.88,120.44,119.92,119.67,119.45,119.23,119.03,118.86,118.63,118.42,118.22,118.03,117.80,117.57,117.38,117.18,116.95,116.72,116.53,116.32,116.09,115.87,115.66,115.42,115.15,114.89,114.59,114.32,114.08,113.84,113.61,113.32,113.05,112.82,112.58,112.31,112.04,111.79,111.55,111.27,111.02,110.83,110.66,110.32,109.86,109.39,108.98,108.61,108.27,107.79,107.30,106.86,106.18,105.60,104.92,104.06,103.06,102.03,101.00,100.20,99.93,99.84,99.81,99.78,99.72,99.67,99.66,99.61,99.55,99.53,99.51,99.49,99.47,99.48,99.51,99.52,99.52,99.52,99.52,99.53,99.55,99.52,99.44,99.37,99.29,99.21,99.16,99.18,99.19,99.18,99.15,99.08,98.96,99.09,99.40,99.78,100.27,100.80,101.37,101.97,102.56,103.13,103.61,103.90,103.88,103.96,103.91,103.82,103.82,104.19,104.53,104.71,104.75,104.79,104.76,104.71,104.56,104.22,103.94,103.68,103.45,103.24,103.10,102.89,102.69,102.50,102.29,102.06,101.87,101.68,101.47,101.30,101.25,101.27,101.34,101.34,101.41,101.46,101.55,101.72,101.85,101.78,101.63,101.50,101.40,101.27,101.13,100.99,100.88,100.63,100.27,99.63,98.63,97.61,96.54,95.47,94.39,93.25,92.12,90.98,90.00,89.37,88.86,88.58,88.50,88.61
117.11,117.27,117.36,117.49,117.64,117.78,117.87,118.00,118.12,118.20,118.28,118.37,118.42,118.46,118.53,118.61,118.69,118.76,118.84,118.91,118.99,119.03,119.05,119.13,119.19,119.22,119.16,118.93,118.70,118.74,118.92,119.13,119.21,119.23,119.27,119.31,119.25,119.23,119.18,119.11,119.12,119.29,119.23,119.10,119.04,119.05,119.28,119.84,120.70,121.80,122.98,122.29,121.66,122.31,122.57,122.30,122.02,121.92,121.93,121.98,122.07,122.28,122.73,123.13,123.19,123.03,122.72,122.42,122.23,122.30,122.56,122.87,123.18,123.47,123.75,123.94,123.89,124.32,125.19,126.27,127.11,127.85,128.31,128.41,127.95,126.34,124.94,123.99,123.46,123.10,122.52,121.47,120.32,119.83,119.62,119.41,119.21,119.04,118.82,118.63,118.44,118.22,117.98,117.75,117.53,117.30,117.07,116.84,116.61,116.39,116.16,115.92,115.64,115.31,114.96,114.66,114.35,114.04,113.77,113.53,113.29,113.00,112.74,112.50,112.27,112.03,111.76,111.47,111.24,111.00,110.77,110.60,110.48,110.22,109.59,108.86,108.24,107.91,107.64,107.41,107.26,107.11,106.62,106.09,105.54,104.93,104.24,103.36,102.15,100.89,100.05,99.90,99.84,99.80,99.79,99.78,99.78,99.74,99.66,99.59,99.53,99.46,99.41,99.41,99.36,99.34,99.34,99.34,99.34,99.39,99.42,99.40,99.32,99.24,99.16,99.09,99.01,98.95,98.94,98.90,98.85,98.83,98.76,98.97,99.31,99.65,100.04,100.55,101.09,101.65,102.21,102.81,103.24,103.37,103.13,103.05,102.93,102.87,103.00,103.43,103.92,104.34,104.63,104.73,104.63,104.37,104.00,103.57,103.20,103.02,102.94,102.89,102.81,102.62,102.40,102.20,102.03,101.80,101.58,101.38,101.20,101.00,100.89,100.89,100.95,100.96,101.03,101.15,101.31,101.52,101.62,101.52,101.40,101.30,101.16,101.06,100.94,100.78,100.64,100.46,100.09,99.38,98.26,97.19,96.11,95.07,94.04,92.96,91.87,90.79,89.88,89.37,89.12,89.18,89.30,89.40
117.13,117.28,117.37,117.46,117.58,117.68,117.73,117.81,117.91,117.99,118.07,118.15,118.20,118.25,118.33,118.37,118.43,118.51,118.59,118.66,118.74,118.80,118.85,118.92,118.97,118.98,118.94,118.78,118.56,118.60,118.76,118.94,119.02,119.03,119.05,119.06,119.00,118.98,119.01,119.10,119.28,119.46,119.46,119.41,119.39,119.39,119.48,119.90,120.69,121.82,122.50,122.28,122.16,122.68,122.78,122.58,122.46,122.49,122.50,122.56,122.61,122.78,123.20,123.63,123.58,123.32,123.00,122.82,122.87,123.08,123.39,123.70,124.01,124.32,124.63,124.90,125.02,125.23,125.87,126.91,127.96,128.99,129.57,129.74,129.46,128.54,127.43,126.42,125.55,124.58,123.52,122.28,120.97,119.99,119.70,119.50,119.29,119.13,118.90,118.70,118.49,118.25,118.02,117.79,117.56,117.32,117.10,116.86,116.63,116.42,116.21,115.94,115.64,115.28,114.91,114.56,114.25,113.91,113.58,113.27,112.99,112.72,112.45,112.18,111.95,111.72,111.47,111.20,110.93,110.69,110.49,110.35,110.23,109.95,109.24,108.43,107.66,107.05,106.76,106.63,106.62,106.67,106.52,106.30,105.93,105.44,104.98,104.38,103.17,101.70,100.58,100.03,99.88,99.86,99.86,99.86,99.86,99.81,99.73,99.66,99.58,99.51,99.46,99.45,99.42,99.41,99.39,99.35,99.31,99.29,99.29,99.27,99.19,99.11,99.04,98.94,98.83,98.75,98.70,98.66,98.63,98.59,98.59,98.81,99.14,99.46,99.84,100.28,100.82,101.45,102.07,102.72,102.93,102.72,102.28,102.08,101.95,101.95,102.18,102.70,103.27,103.80,104.18,104.22,104.03,103.67,103.25,102.83,102.44,102.19,102.06,102.06,102.22,102.23,102.09,101.88,101.72,101.50,101.30,101.11,100.91,100.72,100.59,100.54,100.58,100.63,100.74,100.91,101.11,101.32,101.38,101.30,101.18,101.06,100.95,100.83,100.72,100.59,100.44,100.25,99.78,99.02,97.99,96.99,95.99,95.01,94.03,93.00,91.99,90.99,90.16,89.72,89.61,89.67,89.77,89.84
117.07,117.21,117.30,117.38,117.45,117.52,117.54,117.59,117.66,117.73,117.81,117.89,117.97,118.05,118.12,118.14,118.19,118.25,118.34,118.41,118.48,118.56,118.64,118.72,118.74,118.75,118.72,118.63,118.42,118.45,118.61,118.75,118.81,118.84,118.84,118.81,118.76,118.77,118.89,119.11,119.40,119.59,119.81,119.97,120.04,120.00,120.01,120.24,120.85,121.89,122.14,122.35,122.58,122.71,122.73,122.81,122.93,123.04,123.07,123.13,123.16,123.28,123.66,124.07,123.94,123.63,123.38,123.37,123.62,123.93,124.23,124.54,124.85,125.16,125.47,125.78,126.08,126.20,126.59,127.43,128.63,129.82,130.46,130.64,130.53,130.22,129.29,128.14,126.90,125.33,123.83,122.47,121.20,120.03,119.73,119.52,119.32,119.16,118.93,118.71,118.49,118.25,118.02,117.79,117.57,117.34,117.11,116.88,116.65,116.44,116.25,115.94,115.63,115.28,114.90,114.52,114.19,113.82,113.44,113.08,112.75,112.47,112.20,111.90,111.65,111.41,111.17,110.91,110.62,110.38,110.20,110.04,109.85,109.50,108.77,107.92,107.06,106.21,105.88,105.81,105.86,106.02,106.17,106.22,106.04,105.68,105.40,105.04,103.94,102.46,101.19,100.27,100.04,100.06,100.08,100.09,100.04,99.93,99.80,99.72,99.64,99.57,99.54,99.56,99.56,99.54,99.50,99.42,99.34,99.25,99.21,99.17,99.08,99.00,98.92,98.80,98.66,98.58,98.50,98.46,98.43,98.36,98.42,98.65,98.95,99.27,99.64,100.03,100.58,101.28,101.98,102.62,102.58,102.05,101.48,101.15,101.02,101.08,101.41,102.01,102.63,103.21,103.62,103.55,103.29,102.90,102.46,102.05,101.66,101.32,101.11,101.13,101.49,101.73,101.74,101.58,101.41,101.18,100.99,100.81,100.59,100.43,100.28,100.22,100.25,100.35,100.49,100.69,100.92,101.12,101.15,101.08,100.96,100.83,100.73,100.61,100.50,100.38,100.22,99.99,99.47,98.74,97.84,96.90,95.97,95.05,94.11,93.12,92.18,91.26,90.49,90.10,90.06,90.06,90.08,90.11
116.87,116.96,117.05,117.12,117.19,117.27,117.34,117.37,117.41,117.48,117.56,117.64,117.72,117.80,117.87,117.93,117.97,118.00,118.08,118.16,118.23,118.31,118.39,118.46,118.53,118.55,118.53,118.44,118.23,118.26,118.42,118.55,118.57,118.63,118.62,118.57,118.57,118.67,118.86,119.11,119.41,119.69,120.34,120.82,120.89,120.73,120.75,120.86,121.22,122.06,122.36,122.30,122.16,122.14,122.42,122.83,123.24,123.56,123.63,123.70,123.73,123.84,124.14,124.37,124.20,123.99,123.98,124.21,124.51,124.81,125.12,125.43,125.74,126.05,126.36,126.67,126.97,127.24,127.51,128.00,129.13,130.15,130.72,130.90,130.81,130.62,129.59,128.09,126.38,124.59,122.81,121.27,120.16,119.79,119.65,119.46,119.26,119.09,118.87,118.69,118.49,118.25,118.02,117.79,117.59,117.41,117.17,116.94,116.71,116.48,116.25,115.94,115.59,115.24,114.90,114.52,114.14,113.76,113.40,113.06,112.70,112.34,112.00,111.70,111.41,111.11,110.85,110.60,110.30,110.06,109.88,109.60,109.15,108.70,107.98,107.16,106.31,105.51,105.18,105.11,105.16,105.32,105.47,105.56,105.55,105.45,105.31,104.97,104.18,103.01,101.70,100.73,100.51,100.60,100.72,100.77,100.53,100.18,99.87,99.78,99.70,99.67,99.69,99.74,99.75,99.69,99.63,99.55,99.47,99.34,99.24,99.16,99.03,98.94,98.82,98.67,98.53,98.45,98.37,98.30,98.24,98.17,98.23,98.46,98.77,99.07,99.40,99.82,100.41,101.16,101.83,102.27,102.05,101.43,100.88,100.39,100.19,100.31,100.77,101.38,102.00,102.60,103.00,102.76,102.51,102.17,101.73,101.23,100.84,100.46,100.23,100.25,100.62,101.02,101.27,101.31,101.09,100.87,100.64,100.44,100.27,100.06,99.94,99.92,100.01,100.15,100.30,100.50,100.73,100.93,100.95,100.85,100.73,100.63,100.50,100.39,100.28,100.13,99.96,99.69,99.29,98.73,97.95,96.98,96.04,95.11,94.18,93.24,92.31,91.38,90.63,90.29,90.25,90.25,90.22,90.20
116.64,116.71,116.79,116.86,116.94,117.02,117.10,117.14,117.18,117.23,117.31,117.38,117.46,117.54,117.61,117.69,117.74,117.78,117.83,117.91,117.98,118.06,118.13,118.21,118.29,118.34,118.34,118.25,118.04,118.07,118.23,118.36,118.37,118.40,118.38,118.34,118.42,118.62,118.85,119.11,119.41,119.69,120.22,120.70,120.97,121.03,121.16,121.29,121.51,121.95,122.01,121.82,121.67,121.80,122.23,122.75,123.27,123.72,124.03,124.20,124.28,124.40,124.63,124.67,124.60,124.61,124.78,125.08,125.39,125.70,126.01,126.32,126.63,126.94,127.25,127.56,127.86,128.17,128.44,128.81,129.63,130.40,130.84,130.99,130.89,130.54,129.23,127.47,125.54,123.59,121.72,120.41,119.72,119.54,119.48,119.36,119.19,119.03,118.81,118.64,118.44,118.22,118.01,117.79,117.60,117.43,117.19,116.96,116.73,116.50,116.25,115.94,115.58,115.21,114.86,114.47,114.12,113.75,113.37,113.03,112.68,112.30,111.93,111.59,111.28,110.95,110.63,110.33,110.00,109.61,109.28,108.89,108.36,107.84,107.13,106.39,105.69,105.10,104.83,104.74,104.77,104.88,104.97,105.02,105.05,105.03,104.93,104.66,104.06,103.14,101.99,101.25,101.10,101.20,101.29,101.25,100.75,100.22,99.88,99.81,99.79,99.79,99.85,100.00,99.98,99.86,99.75,99.67,99.56,99.44,99.32,99.21,99.09,99.01,98.91,98.77,98.63,98.55,98.41,98.27,98.11,97.96,97.99,98.20,98.50,98.84,99.22,99.66,100.26,100.98,101.62,101.96,101.69,101.05,100.46,99.96,99.77,99.88,100.32,100.96,101.55,102.10,102.41,102.08,101.74,101.39,100.99,100.51,100.17,99.88,99.76,99.88,100.22,100.58,100.80,100.84,100.64,100.41,100.23,100.09,99.96,99.80,99.68,99.68,99.80,99.95,100.11,100.31,100.54,100.74,100.73,100.63,100.51,100.40,100.28,100.17,100.01,99.82,99.58,99.28,98.95,98.53,97.94,97.07,96.14,95.20,94.25,93.32,92.39,91.47,90.74,90.47,90.44,90.44,90.40,90.34
116.39,116.47,116.54,116.61,116.69,116.77,116.84,116.92,116.97,116.99,117.07,117.13,117.21,117.28,117.36,117.44,117.51,117.57,117.59,117.66,117.73,117.81,117.88,117.96,118.03,118.11,118.14,118.06,117.86,117.89,118.03,118.15,118.17,118.17,118.14,118.13,118.31,118.59,118.85,119.10,119.39,119.62,119.85,120.20,120.66,121.00,121.25,121.42,121.55,121.60,121.40,121.19,121.21,121.58,122.09,122.64,123.17,123.72,124.28,124.59,124.77,124.94,125.12,125.05,125.15,125.36,125.66,125.96,126.26,126.56,126.85,127.15,127.44,127.73,128.02,128.31,128.60,128.89,129.18,129.50,129.97,130.49,130.78,130.86,130.70,129.99,128.36,126.40,124.39,122.39,120.66,119.77,119.50,119.30,119.26,119.22,119.11,118.95,118.74,118.57,118.38,118.17,117.99,117.78,117.59,117.41,117.19,116.96,116.73,116.50,116.25,115.93,115.56,115.18,114.80,114.42,114.09,113.74,113.36,112.98,112.67,112.30,111.92,111.56,111.23,110.87,110.49,110.13,109.78,109.23,108.74,108.24,107.71,107.18,106.47,105.81,105.28,104.88,104.69,104.58,104.54,104.57,104.56,104.55,104.54,104.52,104.44,104.25,103.80,103.09,102.19,101.77,101.72,101.81,101.83,101.63,100.89,100.25,99.91,99.83,99.89,100.01,100.22,100.46,100.40,100.16,99.94,99.78,99.64,99.54,99.42,99.30,99.22,99.14,99.06,98.95,98.82,98.74,98.55,98.32,98.08,97.81,97.77,97.92,98.21,98.61,99.06,99.53,100.11,100.78,101.38,101.68,101.41,100.77,100.14,99.70,99.52,99.60,99.98,100.60,101.16,101.62,101.82,101.45,101.02,100.65,100.28,99.86,99.60,99.45,99.48,99.72,100.00,100.25,100.35,100.31,100.16,99.96,99.84,99.76,99.67,99.59,99.45,99.45,99.59,99.75,99.91,100.10,100.33,100.52,100.50,100.41,100.30,100.17,100.08,99.93,99.74,99.48,99.16,98.84,98.53,98.22,97.83,97.12,96.25,95.30,94.32,93.39,92.46,91.53,90.84,90.66,90.63,90.63,90.59,90.53
116.20,116.27,116.30,116.36,116.44,116.52,116.59,116.67,116.74,116.80,116.87,116.90,116.96,117.03,117.11,117.19,117.27,117.33,117.39,117.47,117.50,117.55,117.63,117.71,117.78,117.86,117.91,117.87,117.71,117.72,117.83,117.91,117.97,117.94,117.93,118.02,118.29,118.59,118.85,119.08,119.32,119.45,119.58,119.79,120.10,120.37,120.57,120.70,120.78,120.79,120.71,120.72,120.95,121.48,122.02,122.56,123.10,123.65,124.20,124.67,125.10,125.43,125.60,125.73,125.96,126.24,126.54,126.79,127.05,127.30,127.54,127.74,127.94,128.14,128.33,128.53,128.73,128.93,129.13,129.35,129.66,130.07,130.25,130.18,129.69,128.40,126.57,124.54,122.56,120.88,119.95,119.48,119.25,119.05,119.02,119.00,118.95,118.84,118.67,118.51,118.31,118.10,117.94,117.72,117.54,117.35,117.13,116.95,116.73,116.50,116.24,115.88,115.50,115.15,114.80,114.42,114.05,113.71,113.36,112.98,112.66,112.30,111.94,111.60,111.24,110.90,110.54,110.16,109.78,109.34,108.84,108.33,107.85,107.36,106.73,106.08,105.44,104.94,104.78,104.66,104.52,104.37,104.21,104.13,104.07,104.03,103.99,103.84,103.53,103.04,102.39,102.26,102.30,102.38,102.36,101.94,101.21,100.53,100.07,99.91,100.00,100.62,101.32,101.59,101.40,100.95,100.39,99.87,99.75,99.62,99.51,99.42,99.34,99.26,99.19,99.10,99.02,98.98,98.80,98.56,98.31,98.00,97.64,97.66,97.97,98.42,98.88,99.38,99.96,100.59,101.18,101.44,101.15,100.54,99.97,99.52,99.29,99.36,99.74,100.16,100.63,101.03,101.20,100.87,100.47,100.10,99.72,99.34,99.09,99.12,99.27,99.45,99.65,99.88,99.94,99.89,99.83,99.72,99.63,99.56,99.48,99.40,99.26,99.21,99.29,99.49,99.66,99.83,100.02,100.22,100.28,100.19,100.07,99.96,99.83,99.68,99.48,99.20,98.78,98.41,98.09,97.80,97.50,97.02,96.27,95.39,94.45,93.52,92.54,91.59,90.95,90.89,90.83,90.81,90.78,90.72
115.94,116.02,116.05,116.11,116.19,116.26,116.34,116.41,116.49,116.57,116.65,116.68,116.72,116.78,116.86,116.94,117.01,117.09,117.16,117.24,117.28,117.32,117.38,117.45,117.53,117.61,117.67,117.67,117.54,117.57,117.65,117.70,117.75,117.74,117.81,118.00,118.28,118.56,118.78,118.95,119.12,119.21,119.28,119.43,119.66,119.86,120.00,120.09,120.13,120.17,120.29,120.62,121.11,121.69,122.23,122.78,123.32,123.86,124.41,124.95,125.48,125.84,125.84,125.88,126.08,126.33,126.58,126.79,126.99,127.20,127.39,127.55,127.70,127.86,128.00,128.16,128.31,128.47,128.63,128.80,129.03,129.30,129.16,128.69,127.97,126.55,124.66,122.72,121.05,119.96,119.52,119.25,119.00,118.79,118.76,118.76,118.74,118.68,118.56,118.43,118.25,118.04,117.87,117.66,117.47,117.29,117.07,116.91,116.70,116.47,116.20,115.83,115.55,115.29,114.98,114.62,114.24,113.90,113.56,113.19,112.88,112.50,112.16,111.83,111.45,111.13,110.78,110.39,110.00,109.64,109.17,108.69,108.25,107.78,107.17,106.53,105.90,105.35,105.11,104.89,104.66,104.46,104.26,104.10,103.98,103.85,103.77,103.60,103.41,103.14,102.78,102.79,102.89,102.98,102.97,102.58,101.92,101.38,101.05,100.98,101.14,101.81,102.51,102.71,102.46,101.83,101.01,100.21,99.88,99.72,99.62,99.55,99.50,99.43,99.35,99.29,99.24,99.20,99.03,98.82,98.55,98.17,97.64,97.43,97.58,98.06,98.57,99.14,99.76,100.38,100.91,101.20,100.97,100.42,99.91,99.44,99.10,99.06,99.39,99.73,100.10,100.42,100.56,100.33,99.98,99.63,99.27,98.93,98.71,98.81,99.01,99.19,99.34,99.51,99.56,99.53,99.52,99.48,99.43,99.36,99.29,99.21,99.09,99.02,99.03,99.18,99.34,99.49,99.67,99.88,99.95,99.86,99.77,99.70,99.55,99.39,99.21,98.94,98.50,98.09,97.71,97.39,97.11,96.75,96.20,95.44,94.54,93.61,92.64,91.71,91.10,91.09,91.02,91.00,90.97,90.91
115.63,115.71,115.78,115.86,115.93,116.00,116.09,116.16,116.24,116.31,116.40,116.47,116.50,116.53,116.61,116.68,116.75,116.84,116.91,116.99,117.06,117.11,117.13,117.20,117.28,117.35,117.43,117.47,117.35,117.41,117.49,117.50,117.51,117.58,117.77,118.04,118.26,118.49,118.63,118.72,118.81,118.89,118.98,119.13,119.33,119.49,119.60,119.65,119.70,119.83,120.18,120.89,121.63,122.18,122.72,123.27,123.81,124.34,124.88,125.42,125.94,126.19,125.89,125.62,125.64,125.78,125.92,126.08,126.25,126.41,126.56,126.72,126.88,127.03,127.19,127.34,127.49,127.65,127.80,127.97,128.19,128.27,127.62,126.64,125.76,124.56,122.77,121.08,119.96,119.57,119.30,119.03,118.75,118.55,118.51,118.50,118.50,118.48,118.41,118.33,118.18,117.98,117.81,117.59,117.41,117.23,117.01,116.85,116.63,116.40,116.13,115.77,115.64,115.49,115.25,114.94,114.59,114.27,113.94,113.57,113.25,112.88,112.54,112.21,111.84,111.51,111.16,110.77,110.40,110.08,109.65,109.22,108.81,108.34,107.71,107.11,106.56,106.05,105.67,105.31,105.02,104.83,104.66,104.44,104.22,104.00,103.80,103.58,103.47,103.41,103.31,103.37,103.50,103.61,103.64,103.46,102.95,102.66,102.68,102.81,103.07,103.41,103.70,103.78,103.52,102.77,101.80,100.82,100.13,99.87,99.76,99.70,99.68,99.61,99.54,99.49,99.47,99.41,99.27,99.07,98.78,98.32,97.73,97.25,97.13,97.57,98.16,98.82,99.51,100.14,100.57,100.94,100.83,100.37,99.90,99.43,98.94,98.72,98.97,99.32,99.60,99.81,99.92,99.82,99.54,99.23,98.91,98.63,98.44,98.53,98.72,98.93,99.08,99.19,99.21,99.21,99.21,99.20,99.19,99.16,99.09,99.02,98.94,98.86,98.81,98.83,98.96,99.11,99.29,99.49,99.52,99.46,99.41,99.37,99.23,99.08,98.92,98.70,98.30,97.86,97.41,97.01,96.69,96.38,96.03,95.45,94.59,93.67,92.74,91.86,91.30,91.28,91.22,91.20,91.16,91.10
115.36,115.44,115.52,115.60,115.68,115.75,115.83,115.91,115.98,116.06,116.14,116.22,116.28,116.33,116.41,116.44,116.50,116.58,116.66,116.73,116.81,116.87,116.93,117.00,117.04,117.10,117.18,117.23,117.15,117.19,117.25,117.26,117.31,117.50,117.74,117.97,118.11,118.24,118.34,118.42,118.50,118.57,118.72,118.88,119.02,119.17,119.34,119.50,119.69,120.05,120.67,121.55,122.37,122.95,123.50,124.04,124.58,125.11,125.60,126.09,126.50,126.55,126.01,125.56,125.27,125.13,125.13,125.28,125.43,125.58,125.74,125.90,126.05,126.20,126.36,126.51,126.67,126.82,126.98,127.15,127.32,126.99,126.10,125.01,123.99,122.56,121.19,120.14,119.54,119.29,119.06,118.81,118.55,118.34,118.27,118.25,118.25,118.24,118.17,118.13,118.05,117.91,117.75,117.53,117.35,117.16,116.94,116.78,116.57,116.31,116.02,115.64,115.38,115.19,115.05,114.88,114.69,114.54,114.32,113.95,113.63,113.27,112.92,112.59,112.22,111.89,111.53,111.16,110.83,110.52,110.13,109.75,109.38,108.87,108.33,107.81,107.34,106.94,106.60,106.26,105.92,105.58,105.28,104.96,104.68,104.46,104.27,104.09,103.96,103.88,103.87,103.98,104.09,104.19,104.25,104.23,103.96,103.96,104.22,104.37,104.53,104.67,104.73,104.67,104.47,103.75,102.81,101.85,101.00,100.31,99.94,99.82,99.82,99.79,99.73,99.69,99.68,99.65,99.52,99.30,98.97,98.51,97.95,97.39,97.04,97.16,97.72,98.40,99.09,99.76,100.27,100.65,100.63,100.32,99.89,99.39,98.86,98.54,98.58,98.80,99.03,99.25,99.42,99.45,99.20,98.93,98.65,98.36,98.19,98.27,98.46,98.68,98.83,98.88,98.89,98.89,98.89,98.89,98.89,98.88,98.85,98.82,98.75,98.68,98.61,98.57,98.61,98.73,98.91,99.11,99.14,99.08,99.03,99.02,98.96,98.82,98.66,98.45,98.06,97.64,97.20,96.76,96.36,96.00,95.68,95.27,94.66,93.73,92.81,91.99,91.48,91.47,91.41,91.39,91.35,91.29
115.11,115.19,115.27,115.34,115.43,115.50,115.57,115.66,115.73,115.81,115.86,115.94,116.02,116.09,116.16,116.19,116.25,116.32,116.41,116.48,116.56,116.63,116.72,116.78,116.82,116.86,116.92,116.98,116.97,116.99,117.03,117.07,117.19,117.42,117.65,117.81,117.88,117.98,118.11,118.24,118.36,118.49,118.70,118.87,118.98,119.11,119.31,119.58,120.03,120.87,121.73,122.49,123.16,123.75,124.27,124.79,125.32,125.82,126.29,126.77,126.98,126.79,126.12,125.56,125.07,124.69,124.51,124.51,124.62,124.76,124.92,125.07,125.23,125.38,125.54,125.69,125.85,126.00,126.16,126.31,126.38,125.66,124.60,123.45,122.12,119.36,118.11,117.75,117.72,117.56,117.58,117.65,117.78,118.05,118.03,118.00,118.00,117.99,117.94,117.91,117.87,117.80,117.66,117.46,117.27,117.08,116.88,116.70,116.49,116.24,115.92,115.54,115.15,114.88,114.72,114.63,114.55,114.51,114.39,114.11,113.85,113.56,113.27,112.97,112.59,112.27,111.93,111.58,111.27,110.96,110.61,110.26,109.91,109.45,109.02,108.59,108.20,107.91,107.62,107.28,106.88,106.43,106.03,105.69,105.40,105.16,104.97,104.78,104.58,104.44,104.45,104.60,104.72,104.80,104.89,104.95,104.89,105.05,105.37,105.53,105.61,105.63,105.56,105.39,105.21,104.64,103.91,103.13,102.31,101.42,100.83,100.54,100.43,100.38,100.22,100.11,100.13,100.11,99.93,99.63,99.25,98.79,98.25,97.62,97.07,96.84,97.26,97.91,98.61,99.31,99.91,100.31,100.39,100.21,99.78,99.28,98.76,98.35,98.19,98.30,98.52,98.75,98.96,99.10,98.90,98.64,98.37,98.09,97.94,98.02,98.21,98.42,98.55,98.58,98.58,98.58,98.58,98.58,98.58,98.58,98.58,98.57,98.53,98.47,98.41,98.33,98.31,98.38,98.53,98.73,98.75,98.71,98.68,98.68,98.67,98.54,98.39,98.18,97.82,97.43,96.98,96.53,96.09,95.68,95.34,95.00,94.55,93.78,92.89,92.13,91.68,91.67,91.59,91.58,91.54,91.48
114.86,114.94,115.02,115.09,115.16,115.24,115.32,115.40,115.47,115.54,115.56,115.63,115.70,115.78,115.86,115.92,115.99,116.07,116.15,116.23,116.31,116.38,116.46,116.53,116.60,116.64,116.67,116.74,116.80,116.83,116.86,116.96,117.15,117.34,117.48,117.56,117.59,117.78,118.03,118.28,118.50,118.77,119.01,119.21,119.34,119.45,119.61,119.98,120.83,122.47,123.50,123.80,124.01,124.52,124.98,125.45,125.92,126.40,126.86,127.38,127.34,126.86,126.18,125.63,125.10,124.61,124.20,123.84,123.83,123.95,124.10,124.25,124.41,124.55,124.71,124.86,125.02,125.17,125.33,125.44,125.31,124.33,123.13,121.86,119.86,114.41,112.75,113.01,113.60,113.66,114.27,115.09,116.15,117.61,117.77,117.75,117.75,117.74,117.73,117.68,117.63,117.60,117.52,117.37,117.18,116.97,116.80,116.59,116.40,116.18,115.85,115.47,115.09,114.68,114.34,114.20,114.11,114.04,113.97,113.91,113.81,113.69,113.54,113.33,112.96,112.64,112.33,112.01,111.71,111.40,111.09,110.74,110.39,110.11,109.79,109.46,109.15,108.91,108.67,108.26,107.77,107.32,106.92,106.69,106.46,106.16,105.88,105.59,105.30,105.08,105.05,105.23,105.40,105.51,105.59,105.66,105.71,105.80,105.96,106.15,106.19,106.19,106.11,105.89,105.67,105.38,105.02,104.60,104.07,103.44,102.76,102.16,101.81,101.64,101.22,100.92,100.96,100.95,100.61,100.14,99.66,99.22,98.65,97.95,97.21,96.65,96.76,97.33,98.06,98.79,99.40,99.87,100.09,100.00,99.54,99.08,98.60,98.16,97.82,97.88,98.07,98.30,98.53,98.72,98.61,98.35,98.05,97.78,97.67,97.77,97.95,98.15,98.24,98.26,98.26,98.26,98.26,98.26,98.26,98.26,98.26,98.26,98.25,98.24,98.21,98.14,98.07,98.06,98.15,98.34,98.36,98.36,98.35,98.35,98.35,98.23,98.07,97.89,97.62,97.19,96.73,96.29,95.88,95.44,95.05,94.64,94.20,93.77,92.99,92.29,91.86,91.85,91.79,91.77,91.73,91.67
114.69,114.65,114.71,114.79,114.86,114.94,115.02,115.10,115.17,115.24,115.29,115.36,115.44,115.51,115.59,115.66,115.74,115.82,115.90,115.97,116.05,116.13,116.21,116.28,116.36,116.42,116.45,116.50,116.57,116.62,116.69,116.82,117.01,117.23,117.43,117.58,117.71,117.96,118.23,118.50,118.77,119.04,119.31,119.55,119.78,120.13,120.58,121.33,122.49,124.22,125.64,126.02,125.83,125.58,125.70,126.09,126.55,127.02,127.47,127.83,127.59,126.96,126.25,125.69,125.15,124.64,124.18,123.73,123.48,123.32,123.27,123.42,123.58,123.73,123.88,124.04,124.19,124.35,124.50,124.57,124.27,123.30,122.09,119.65,115.01,111.42,110.48,110.75,111.29,111.48,112.28,113.53,115.23,117.27,117.56,117.52,117.50,117.50,117.49,117.37,117.17,117.02,117.16,117.23,117.10,116.90,116.73,116.51,116.34,116.11,115.79,115.41,115.02,114.59,114.17,113.91,113.70,113.59,113.52,113.49,113.45,113.38,113.28,113.15,112.97,112.78,112.54,112.30,112.09,111.80,111.48,111.16,110.83,110.56,110.32,110.06,109.83,109.67,109.49,109.11,108.67,108.25,107.83,107.70,107.55,107.27,106.97,106.66,106.34,106.09,106.02,106.21,106.34,106.41,106.47,106.48,106.50,106.56,106.66,106.79,106.78,106.74,106.63,106.40,106.16,105.90,105.62,105.31,105.00,104.64,104.21,103.82,103.57,103.47,102.99,102.47,102.20,102.12,101.69,101.10,100.46,99.75,99.06,98.29,97.47,96.73,96.33,96.80,97.51,98.18,98.75,99.20,99.56,99.69,99.34,98.92,98.47,98.01,97.62,97.56,97.66,97.86,98.09,98.30,98.31,98.09,97.79,97.51,97.41,97.51,97.70,97.89,97.93,97.94,97.94,97.94,97.94,97.94,97.94,97.94,97.94,97.94,97.94,97.94,97.93,97.90,97.86,97.82,97.83,97.93,97.98,97.98,97.98,97.98,97.98,97.92,97.80,97.63,97.38,96.98,96.53,96.08,95.65,95.23,94.80,94.36,93.92,93.55,92.98,92.41,92.06,92.05,91.98,91.95,91.92,91.86
114.56,114.42,114.43,114.49,114.56,114.64,114.72,114.80,114.87,114.95,115.03,115.11,115.18,115.25,115.34,115.41,115.49,115.56,115.65,115.72,115.80,115.87,115.94,116.01,116.09,116.17,116.23,116.25,116.31,116.40,116.53,116.73,116.91,117.19,117.46,117.70,117.93,118.22,118.48,118.75,119.03,119.28,119.57,119.92,120.42,121.16,121.95,123.05,124.46,126.06,127.74,128.28,127.85,126.88,126.52,126.76,127.19,127.65,128.07,128.20,127.78,127.06,126.33,125.77,125.22,124.72,124.24,123.78,123.32,122.89,122.62,122.68,122.78,122.91,123.06,123.22,123.39,123.54,123.68,123.68,123.23,122.32,120.58,116.77,110.59,109.51,109.39,109.56,109.91,110.17,110.96,112.49,114.66,116.97,117.34,117.28,117.24,117.23,117.16,116.93,116.59,116.38,116.73,117.01,117.00,116.84,116.67,116.45,116.27,116.05,115.73,115.34,114.96,114.53,114.09,113.71,113.37,113.17,113.07,113.00,112.98,112.93,112.86,112.79,112.77,112.70,112.53,112.35,112.25,112.01,111.74,111.47,111.19,110.91,110.73,110.54,110.34,110.24,110.09,109.80,109.44,109.07,108.63,108.53,108.45,108.24,107.99,107.75,107.47,107.21,107.12,107.27,107.31,107.31,107.33,107.25,107.20,107.20,107.23,107.27,107.21,107.13,107.01,106.82,106.63,106.35,106.05,105.77,105.59,105.44,105.27,105.13,105.06,105.03,104.59,104.00,103.51,103.38,102.87,102.18,101.36,100.34,99.47,98.62,97.76,96.90,96.06,96.32,96.94,97.54,98.09,98.51,99.00,99.33,99.13,98.78,98.34,97.88,97.47,97.28,97.28,97.42,97.65,97.87,97.99,97.83,97.53,97.26,97.16,97.25,97.44,97.61,97.63,97.63,97.63,97.63,97.63,97.63,97.63,97.63,97.63,97.63,97.63,97.63,97.63,97.62,97.61,97.56,97.52,97.53,97.59,97.62,97.63,97.63,97.63,97.63,97.54,97.37,97.14,96.77,96.33,95.87,95.42,95.02,94.57,94.12,93.67,93.28,92.91,92.52,92.25,92.23,92.17,92.14,92.11,92.05
114.49,114.34,114.28,114.28,114.31,114.38,114.47,114.54,114.61,114.69,114.77,114.85,114.93,115.00,115.08,115.16,115.23,115.31,115.39,115.47,115.55,115.59,115.62,115.70,115.78,115.85,115.92,115.99,116.06,116.14,116.37,116.79,117.08,117.33,117.61,117.89,118.12,118.36,118.64,118.92,119.17,119.46,119.72,120.41,121.64,122.95,123.93,125.14,126.57,128.01,129.43,129.91,129.58,128.65,127.68,127.54,127.82,128.27,128.62,128.46,127.88,127.14,126.45,125.90,125.35,124.82,124.31,123.84,123.38,122.93,122.51,122.20,122.03,122.08,122.24,122.41,122.62,122.78,122.84,122.71,122.17,121.25,117.27,112.39,109.78,109.13,109.15,109.44,109.82,109.98,110.51,112.11,114.51,116.73,117.08,117.03,116.98,116.93,116.59,116.14,115.85,115.86,116.23,116.59,116.77,116.78,116.61,116.39,116.21,115.99,115.66,115.28,114.90,114.47,114.02,113.63,113.21,112.85,112.62,112.55,112.49,112.46,112.41,112.34,112.27,112.15,111.99,111.85,111.77,111.70,111.59,111.47,111.33,111.15,110.98,110.82,110.64,110.45,110.29,110.06,109.82,109.57,109.13,108.85,108.71,108.67,108.67,108.71,108.55,108.31,108.23,108.26,108.19,108.08,107.97,107.83,107.65,107.48,107.33,107.23,107.15,107.07,107.00,106.96,106.97,106.73,106.42,106.14,105.92,105.76,105.56,105.39,105.31,105.19,105.01,104.82,104.68,104.58,104.03,103.22,102.20,100.97,99.88,98.91,97.99,97.09,96.24,96.02,96.31,96.92,97.51,97.99,98.49,98.89,98.91,98.64,98.22,97.75,97.33,97.05,96.95,97.02,97.21,97.43,97.63,97.55,97.28,97.00,96.91,97.00,97.17,97.30,97.31,97.31,97.31,97.31,97.31,97.31,97.31,97.31,97.31,97.31,97.31,97.31,97.31,97.31,97.25,97.22,97.21,97.21,97.22,97.27,97.31,97.31,97.31,97.31,97.22,97.08,96.93,96.53,96.11,95.68,95.22,94.78,94.36,93.93,93.47,93.03,92.74,92.54,92.44,92.42,92.36,92.34,92.30,92.24
114.44,114.31,114.20,114.12,114.09,114.14,114.21,114.28,114.35,114.40,114.48,114.55,114.63,114.71,114.79,114.86,114.94,115.02,115.09,115.17,115.25,115.30,115.35,115.43,115.50,115.57,115.66,115.73,115.81,115.88,115.97,116.13,116.64,117.14,117.59,117.95,118.19,118.45,118.72,118.98,119.22,119.53,119.77,120.59,122.09,123.62,124.95,126.40,127.94,129.36,130.33,130.64,130.45,129.82,128.89,128.52,128.59,128.87,129.03,128.67,127.98,127.21,126.53,125.98,125.44,124.90,124.38,123.91,123.42,122.94,122.47,122.03,121.68,121.50,121.49,121.62,121.81,121.90,121.92,121.79,121.09,118.87,114.41,110.24,109.22,108.75,108.91,109.35,109.80,110.04,110.84,112.33,114.35,116.50,116.83,116.74,116.56,116.29,115.81,115.33,115.16,115.35,115.73,116.12,116.42,116.58,116.53,116.32,116.15,115.92,115.60,115.22,114.83,114.40,113.96,113.57,113.11,112.70,112.37,112.15,112.03,111.98,111.94,111.89,111.80,111.64,111.47,111.34,111.28,111.27,111.21,111.13,111.05,110.92,110.78,110.64,110.51,110.38,110.23,109.96,109.60,109.14,108.52,108.12,108.00,108.07,108.18,108.30,108.26,108.13,108.06,107.99,107.89,107.75,107.59,107.44,107.28,107.09,106.91,106.76,106.73,106.67,106.64,106.68,106.78,106.72,106.57,106.40,106.23,106.04,105.83,105.63,105.52,105.37,105.27,105.20,105.13,105.04,104.68,104.05,103.08,101.65,100.23,99.13,98.20,97.27,96.36,95.79,95.82,96.41,96.99,97.50,98.00,98.45,98.70,98.47,98.07,97.63,97.18,96.81,96.67,96.68,96.80,97.00,97.22,97.22,97.03,96.75,96.65,96.75,96.89,96.98,96.99,96.99,96.99,96.99,96.99,96.99,96.99,96.99,96.99,96.99,96.99,96.97,96.94,96.95,96.94,96.95,96.98,96.98,96.98,96.96,96.94,96.94,96.95,96.98,96.92,96.81,96.69,96.31,95.88,95.46,95.03,94.56,94.14,93.71,93.31,93.02,92.80,92.70,92.66,92.62,92.58,92.54,92.51,92.46
114.37,114.29,114.16,114.02,113.91,113.91,113.96,114.03,114.08,114.10,114.17,114.25,114.32,114.40,114.48,114.56,114.63,114.71,114.79,114.86,114.94,115.02,115.09,115.17,115.24,115.32,115.40,115.48,115.56,115.63,115.49,115.24,115.84,116.59,117.27,117.77,118.08,118.43,118.73,118.98,119.23,119.53,119.77,120.61,122.16,123.73,125.43,127.14,128.81,130.27,130.80,130.91,130.83,130.55,129.97,129.51,129.35,129.42,129.35,128.83,128.08,127.28,126.60,126.04,125.50,124.96,124.43,123.97,123.44,122.94,122.48,122.03,121.57,121.13,120.87,120.89,120.94,120.92,120.88,120.64,119.45,115.73,111.89,109.30,108.75,108.45,108.75,109.31,109.86,110.34,111.63,112.96,114.40,116.28,116.53,116.34,115.99,115.47,114.94,114.55,114.53,114.85,115.22,115.61,115.99,116.30,116.41,116.25,116.08,115.85,115.53,115.15,114.76,114.33,113.90,113.50,113.05,112.64,112.23,111.83,111.63,111.52,111.46,111.43,111.34,111.14,110.96,110.84,110.78,110.76,110.70,110.62,110.53,110.44,110.29,110.16,110.07,110.03,109.86,109.47,108.88,108.15,107.31,106.88,106.79,106.93,107.08,107.18,107.24,107.26,107.18,107.05,106.96,106.85,106.71,106.56,106.47,106.35,106.21,106.09,106.12,106.10,106.09,106.17,106.32,106.45,106.52,106.51,106.44,106.27,106.06,105.86,105.70,105.55,105.45,105.35,105.21,105.13,105.03,104.69,103.92,102.33,100.58,99.33,98.38,97.43,96.44,95.63,95.45,95.96,96.49,97.03,97.53,98.02,98.43,98.26,97.91,97.50,97.04,96.60,96.43,96.39,96.42,96.56,96.78,96.87,96.76,96.49,96.40,96.50,96.61,96.67,96.67,96.67,96.67,96.67,96.67,96.67,96.67,96.67,96.67,96.67,96.67,96.64,96.60,96.61,96.66,96.73,96.79,96.79,96.78,96.69,96.60,96.59,96.58,96.64,96.62,96.55,96.44,96.10,95.67,95.23,94.82,94.38,93.94,93.53,93.24,93.13,92.98,92.91,92.89,92.82,92.81,92.76,92.71,92.70
114.26,114.23,114.14,114.01,113.87,113.77,113.73,113.74,113.78,113.84,113.91,113.99,114.06,114.15,114.22,114.30,114.38,114.45,114.53,114.61,114.69,114.76,114.84,114.91,114.99,115.07,115.15,115.22,115.30,115.38,115.28,114.94,114.84,115.31,116.04,116.81,117.47,118.15,118.64,119.00,119.28,119.54,119.77,120.63,122.23,123.89,125.65,127.41,129.11,130.54,131.06,131.14,131.00,130.72,130.33,130.04,129.90,129.83,129.58,128.94,128.17,127.39,126.67,126.11,125.57,125.03,124.50,124.03,123.50,123.01,122.54,122.08,121.62,121.15,120.71,120.30,119.84,119.75,119.45,118.28,115.29,112.09,109.88,108.63,108.22,108.48,108.93,109.43,110.05,111.10,112.59,114.08,115.36,116.16,116.02,115.62,115.13,114.59,114.06,113.88,114.03,114.38,114.72,115.10,115.49,115.85,116.12,116.14,115.98,115.75,115.47,115.09,114.66,114.24,113.83,113.44,112.99,112.57,112.16,111.72,111.39,111.14,110.99,110.92,110.79,110.57,110.42,110.34,110.31,110.27,110.20,110.10,109.97,109.83,109.59,109.38,109.20,109.02,108.68,108.04,107.32,106.71,106.10,105.77,105.68,105.80,105.94,106.03,106.11,106.16,106.12,106.03,105.98,105.93,105.83,105.73,105.64,105.58,105.53,105.49,105.50,105.53,105.58,105.67,105.81,105.97,106.10,106.20,106.28,106.28,106.19,106.04,105.84,105.68,105.58,105.47,105.34,105.25,105.17,104.99,104.44,102.98,101.03,99.57,98.49,97.51,96.50,95.60,95.24,95.52,96.00,96.53,97.05,97.56,97.97,97.95,97.69,97.33,96.91,96.45,96.21,96.13,96.12,96.14,96.34,96.48,96.45,96.19,96.13,96.24,96.33,96.36,96.36,96.36,96.36,96.36,96.36,96.36,96.36,96.36,96.36,96.36,96.36,96.37,96.40,96.40,96.46,96.54,96.61,96.65,96.61,96.52,96.42,96.32,96.27,96.28,96.27,96.24,96.14,95.88,95.48,95.02,94.59,94.17,93.85,93.58,93.39,93.30,93.16,93.10,93.08,93.01,93.00,92.95,92.91,92.89
114.17,114.13,114.07,113.97,113.85,113.71,113.60,113.53,113.52,113.58,113.66,113.73,113.81,113.89,113.97,114.05,114.12,114.20,114.28,114.36,114.41,114.48,114.55,114.63,114.71,114.78,114.86,114.94,115.02,115.11,115.08,114.79,114.29,114.33,114.80,115.56,116.41,117.25,117.95,118.52,119.00,119.43,119.77,120.70,122.36,124.05,125.78,127.54,129.23,130.64,131.20,131.30,131.13,130.80,130.47,130.28,130.16,130.03,129.69,129.01,128.25,127.48,126.77,126.21,125.66,125.12,124.59,124.13,123.60,123.06,122.53,122.02,121.53,121.02,120.40,119.56,118.50,117.78,116.83,115.09,111.93,109.69,108.55,108.08,108.02,108.66,109.20,109.76,110.59,111.95,113.49,114.76,115.49,115.39,115.21,114.78,114.25,113.71,113.23,113.25,113.54,113.91,114.22,114.59,114.98,115.37,115.73,115.92,115.86,115.67,115.41,115.03,114.58,114.16,113.77,113.37,112.92,112.51,112.09,111.65,111.25,110.91,110.63,110.45,110.28,110.07,109.88,109.77,109.70,109.59,109.48,109.34,109.12,108.89,108.58,108.27,108.00,107.72,107.27,106.58,105.93,105.50,105.13,104.89,104.81,104.86,104.94,104.98,105.03,105.08,105.06,104.86,104.71,104.60,104.49,104.21,103.74,103.56,103.69,103.93,104.11,104.34,104.59,104.87,105.30,105.54,105.73,105.90,106.02,106.11,106.14,106.09,105.94,105.80,105.69,105.57,105.43,105.34,105.25,105.12,104.70,103.41,101.40,99.80,98.60,97.58,96.57,95.63,95.09,95.10,95.53,96.03,96.56,97.09,97.53,97.68,97.49,97.15,96.75,96.32,96.00,95.88,95.85,95.80,95.92,96.09,96.12,95.90,95.88,95.97,96.04,96.04,96.04,96.04,96.04,96.04,96.04,96.04,96.04,96.05,96.07,96.10,96.11,96.14,96.21,96.24,96.31,96.39,96.46,96.52,96.46,96.38,96.27,96.12,96.02,95.96,95.94,95.92,95.83,95.64,95.27,94.83,94.42,94.12,93.90,93.72,93.58,93.47,93.35,93.30,93.27,93.20,93.20,93.14,93.09,93.08
114.09,114.02,113.94,113.90,113.84,113.70,113.55,113.41,113.33,113.34,113.41,113.48,113.55,113.63,113.71,113.78,113.86,113.94,114.02,114.09,114.12,114.17,114.24,114.32,114.40,114.48,114.55,114.63,114.71,114.83,114.88,114.72,114.21,113.76,113.72,114.16,114.96,115.80,116.67,117.51,118.31,119.10,119.68,120.76,122.50,124.14,125.82,127.53,129.18,130.59,131.22,131.37,131.23,130.86,130.49,130.29,130.16,130.02,129.68,129.05,128.30,127.57,126.93,126.40,125.88,125.35,124.84,124.39,123.83,123.17,122.48,121.84,121.29,120.72,119.90,118.64,116.99,115.16,113.28,111.44,109.77,108.57,107.84,107.66,108.17,108.96,109.54,110.30,111.45,112.82,114.22,114.84,114.64,113.95,114.10,113.87,113.36,112.84,112.47,112.66,113.03,113.40,113.72,114.09,114.47,114.86,115.24,115.60,115.69,115.59,115.34,114.96,114.51,114.09,113.71,113.31,112.87,112.46,112.05,111.60,111.20,110.81,110.41,110.04,109.87,109.65,109.39,109.16,109.00,108.79,108.63,108.43,108.13,107.78,107.42,107.07,106.72,106.39,105.86,105.32,104.89,104.64,104.44,104.26,104.16,104.13,104.07,104.01,104.02,104.08,104.01,103.59,103.19,102.94,102.74,102.13,101.00,100.56,100.91,101.54,102.03,102.54,103.09,103.72,104.68,105.15,105.41,105.62,105.72,105.81,105.91,106.00,105.97,105.89,105.78,105.63,105.48,105.40,105.27,105.12,104.75,103.60,101.62,99.97,98.70,97.65,96.64,95.69,95.00,94.73,95.10,95.55,96.06,96.59,97.09,97.42,97.29,96.95,96.57,96.18,95.80,95.62,95.59,95.53,95.54,95.69,95.77,95.64,95.62,95.68,95.72,95.72,95.72,95.72,95.72,95.72,95.73,95.73,95.73,95.76,95.83,95.90,95.92,95.96,96.03,96.10,96.18,96.25,96.33,96.38,96.32,96.25,96.13,95.98,95.84,95.70,95.63,95.61,95.51,95.37,95.06,94.68,94.35,94.22,94.07,93.91,93.75,93.61,93.52,93.48,93.46,93.39,93.39,93.33,93.28,93.27
114.03,113.95,113.88,113.82,113.75,113.64,113.53,113.39,113.26,113.19,113.17,113.19,113.25,113.32,113.40,113.48,113.56,113.63,113.71,113.79,113.84,113.90,113.98,114.06,114.13,114.21,114.28,114.36,114.44,114.57,114.69,114.65,114.19,113.66,113.30,113.24,113.63,114.40,115.27,116.14,116.99,117.89,119.00,120.48,122.26,123.89,125.50,127.14,128.74,130.10,130.94,131.26,131.24,130.97,130.60,130.39,130.21,129.96,129.58,128.98,128.29,127.71,127.44,127.25,126.90,126.50,126.13,125.84,124.95,123.85,122.73,121.75,121.11,120.53,119.49,117.67,115.76,113.61,111.61,109.96,108.77,107.76,107.37,107.62,108.47,109.28,110.04,111.02,112.31,113.58,114.32,114.09,113.15,112.26,112.56,112.70,112.47,112.00,111.86,112.14,112.52,112.90,113.26,113.60,113.97,114.35,114.74,115.13,115.36,115.42,115.27,114.90,114.45,114.03,113.65,113.30,112.90,112.50,112.10,111.69,111.30,110.81,110.31,109.91,109.70,109.47,109.25,109.04,108.83,108.56,108.41,108.25,108.02,107.73,107.55,107.33,107.07,106.69,105.84,105.12,104.66,104.43,104.18,103.90,103.62,103.38,103.25,103.13,103.07,103.04,102.96,102.59,102.17,101.73,101.27,100.71,100.01,99.71,99.86,100.21,100.50,100.81,101.26,101.98,103.23,104.27,104.97,105.32,105.45,105.61,105.75,105.82,105.83,105.83,105.76,105.63,105.50,105.41,105.27,105.12,104.73,103.55,101.64,100.00,98.73,97.71,96.75,95.81,94.95,94.42,94.76,95.14,95.58,96.09,96.62,97.07,97.02,96.73,96.39,96.04,95.63,95.38,95.30,95.27,95.27,95.32,95.38,95.37,95.37,95.39,95.41,95.41,95.41,95.41,95.41,95.42,95.47,95.51,95.53,95.56,95.63,95.71,95.76,95.82,95.90,95.98,96.06,96.10,96.15,96.20,96.14,96.06,95.98,95.86,95.70,95.51,95.40,95.33,95.22,95.14,94.95,94.70,94.48,94.39,94.25,94.10,93.94,93.80,93.70,93.68,93.65,93.58,93.58,93.52,93.47,93.46
113.94,113.87,113.80,113.73,113.66,113.58,113.50,113.38,113.24,113.09,113.00,112.95,112.97,113.03,113.11,113.19,113.26,113.34,113.41,113.49,113.57,113.65,113.72,113.80,113.88,113.96,114.03,114.11,114.19,114.31,114.46,114.52,114.15,113.64,113.10,112.66,112.59,113.08,113.84,114.70,115.56,116.46,118.12,120.02,121.84,123.44,124.98,126.53,128.04,129.34,130.38,130.93,131.13,131.03,130.75,130.56,130.33,130.00,129.58,129.01,128.43,128.06,128.10,128.19,128.09,127.90,127.70,127.37,126.19,124.75,123.31,122.01,121.12,120.41,119.07,116.74,114.55,112.29,110.40,109.01,108.01,107.15,107.12,107.78,108.81,109.68,110.62,111.75,113.02,114.05,114.09,113.19,111.83,110.86,111.06,111.40,111.46,111.20,111.30,111.63,112.01,112.41,112.80,113.14,113.51,113.92,114.32,114.71,115.06,115.25,115.19,114.89,114.48,114.08,113.73,113.39,113.02,112.61,112.20,111.84,111.45,110.92,110.42,110.04,109.78,109.58,109.41,109.24,109.03,108.78,108.67,108.58,108.45,108.28,108.23,108.16,107.99,107.62,106.64,105.65,104.93,104.57,104.23,103.88,103.49,103.11,102.88,102.67,102.47,102.28,102.09,101.76,101.34,100.82,100.25,99.83,99.55,99.39,99.32,99.37,99.42,99.55,99.85,100.52,101.72,103.16,104.32,105.00,105.23,105.45,105.58,105.64,105.65,105.71,105.69,105.59,105.45,105.37,105.24,105.11,104.70,103.41,101.52,99.97,98.77,97.80,96.86,95.92,94.96,94.23,94.44,94.75,95.15,95.61,96.12,96.66,96.72,96.51,96.20,95.87,95.46,95.16,95.01,95.01,95.01,95.00,95.02,95.08,95.09,95.09,95.09,95.09,95.11,95.13,95.15,95.18,95.23,95.31,95.34,95.39,95.46,95.54,95.62,95.69,95.77,95.83,95.91,95.94,95.97,96.02,95.97,95.90,95.82,95.73,95.59,95.38,95.22,95.09,94.97,94.95,94.87,94.76,94.66,94.58,94.44,94.29,94.13,93.99,93.89,93.86,93.85,93.79,93.77,93.72,93.68,93.65
113.81,113.75,113.72,113.67,113.59,113.52,113.44,113.35,113.24,113.08,112.94,112.81,112.75,112.78,112.86,112.93,113.00,113.09,113.16,113.24,113.31,113.40,113.47,113.55,113.63,113.71,113.78,113.86,113.94,114.02,114.16,114.29,114.06,113.58,113.03,112.51,112.08,111.90,112.42,113.31,114.16,115.02,117.11,119.36,121.25,122.76,124.24,125.69,127.04,128.24,129.43,130.27,130.78,130.98,130.94,130.81,130.58,130.24,129.79,129.25,128.90,128.79,128.91,129.06,129.25,129.44,129.40,128.61,127.28,125.81,124.33,122.84,121.48,120.32,118.61,115.92,113.27,110.97,109.31,108.18,107.23,106.78,107.21,108.15,109.16,110.20,111.30,112.42,113.45,114.03,113.48,112.36,111.09,110.10,109.80,109.95,110.24,110.49,110.77,111.13,111.52,111.91,112.36,112.75,113.17,113.62,114.06,114.46,114.88,115.13,115.11,114.98,114.69,114.36,114.03,113.66,113.27,112.80,112.36,112.02,111.64,111.23,110.85,110.53,110.25,110.11,109.98,109.84,109.74,109.62,109.58,109.57,109.54,109.51,109.45,109.40,109.32,109.03,108.40,107.09,105.81,105.17,104.70,104.40,104.11,103.76,103.35,102.99,102.52,102.03,101.61,101.11,100.69,100.30,99.95,99.68,99.38,99.17,99.05,99.00,99.00,99.10,99.35,99.81,100.48,101.81,103.36,104.69,105.08,105.27,105.39,105.44,105.45,105.52,105.54,105.47,105.32,105.24,105.16,105.06,104.65,103.18,101.27,99.87,98.85,97.92,96.99,96.02,95.05,94.27,94.14,94.42,94.80,95.21,95.63,96.16,96.38,96.32,96.00,95.63,95.29,94.98,94.76,94.75,94.75,94.72,94.70,94.77,94.77,94.77,94.77,94.79,94.85,94.91,94.98,95.03,95.05,95.12,95.19,95.26,95.34,95.41,95.49,95.57,95.63,95.65,95.71,95.79,95.83,95.84,95.83,95.77,95.69,95.61,95.52,95.31,95.09,94.92,94.84,94.83,94.81,94.81,94.84,94.77,94.63,94.48,94.32,94.17,94.09,94.06,94.05,94.03,93.97,93.95,93.91,93.84
113.73,113.66,113.62,113.56,113.49,113.45,113.38,113.30,113.20,113.08,112.93,112.77,112.66,112.60,112.61,112.68,112.75,112.83,112.90,112.95,113.01,113.09,113.17,113.25,113.32,113.40,113.48,113.55,113.63,113.73,113.88,114.03,114.00,113.56,113.02,112.47,111.95,111.51,111.49,111.90,112.78,114.00,116.11,118.37,120.34,121.86,123.24,124.53,125.74,126.86,128.01,128.96,129.69,130.19,130.57,130.69,130.72,130.65,130.26,129.81,129.54,129.46,129.56,129.70,129.94,130.14,130.05,129.10,127.67,126.15,124.62,123.05,121.53,119.77,117.41,114.37,111.69,109.76,108.33,107.23,106.46,106.78,107.64,108.67,109.67,110.68,111.74,112.82,113.65,113.50,112.66,111.55,110.45,109.69,109.31,109.49,109.91,110.33,110.72,111.13,111.54,111.94,112.40,112.80,113.23,113.68,114.11,114.53,114.87,115.03,114.98,114.87,114.69,114.47,114.22,113.91,113.56,113.13,112.71,112.37,112.02,111.67,111.36,111.09,110.87,110.70,110.55,110.42,110.34,110.26,110.24,110.24,110.22,110.15,110.08,110.02,109.95,109.76,109.31,108.09,106.77,105.97,105.41,105.08,104.79,104.45,104.04,103.67,103.17,102.58,102.07,101.50,100.84,100.25,99.85,99.67,99.48,99.29,99.10,98.91,98.69,98.71,98.93,99.30,99.76,100.79,102.26,103.88,104.87,105.12,105.20,105.26,105.31,105.38,105.40,105.35,105.24,105.17,105.08,104.81,104.10,102.58,100.84,99.63,98.77,97.94,97.06,96.11,95.15,94.29,93.87,94.09,94.46,94.82,95.21,95.67,96.02,96.08,95.76,95.42,95.10,94.77,94.51,94.50,94.50,94.46,94.42,94.45,94.50,94.53,94.57,94.61,94.65,94.72,94.80,94.86,94.91,94.98,95.06,95.13,95.20,95.25,95.32,95.39,95.46,95.50,95.57,95.65,95.70,95.70,95.66,95.59,95.52,95.44,95.36,95.22,95.04,94.87,94.76,94.72,94.70,94.73,94.79,94.80,94.73,94.62,94.48,94.36,94.27,94.25,94.25,94.23,94.17,94.14,94.11,94.04
113.66,113.58,113.52,113.44,113.39,113.36,113.30,113.23,113.16,113.06,112.92,112.77,112.62,112.48,112.41,112.44,112.49,112.56,112.63,112.65,112.72,112.78,112.86,112.94,113.02,113.09,113.18,113.25,113.32,113.45,113.61,113.77,113.90,113.53,113.00,112.46,111.92,111.39,110.86,110.72,111.45,112.99,115.05,117.21,119.22,120.78,122.08,123.22,124.30,125.36,126.40,127.33,128.18,128.94,129.69,130.11,130.50,130.80,130.62,130.37,130.16,130.05,130.06,130.18,130.38,130.48,130.23,129.18,127.68,126.10,124.53,122.92,121.36,118.94,115.88,112.60,110.16,108.65,107.40,106.32,105.94,106.98,108.18,109.23,110.21,111.14,112.13,113.09,113.63,112.81,111.82,110.78,109.84,109.33,109.11,109.41,109.92,110.38,110.84,111.31,111.73,112.13,112.59,112.99,113.42,113.86,114.25,114.67,114.85,114.87,114.77,114.63,114.53,114.40,114.23,114.03,113.78,113.47,113.13,112.77,112.45,112.16,111.91,111.69,111.53,111.30,111.12,110.98,110.90,110.83,110.79,110.77,110.71,110.56,110.44,110.35,110.27,110.14,109.80,108.83,107.70,106.82,106.19,105.81,105.49,105.14,104.76,104.44,103.96,103.40,102.90,102.31,101.43,100.57,100.00,99.86,99.73,99.54,99.27,98.94,98.51,98.39,98.53,98.83,99.24,99.97,101.22,102.91,104.42,104.85,105.00,105.11,105.19,105.25,105.28,105.24,105.16,105.07,104.89,104.32,103.29,101.79,100.34,99.34,98.61,97.90,97.08,96.19,95.24,94.31,93.65,93.80,94.12,94.45,94.84,95.23,95.65,95.80,95.53,95.22,94.90,94.56,94.27,94.25,94.25,94.20,94.15,94.16,94.23,94.32,94.40,94.46,94.48,94.54,94.62,94.70,94.78,94.85,94.92,95.00,95.06,95.08,95.14,95.21,95.29,95.37,95.45,95.52,95.56,95.55,95.48,95.41,95.33,95.25,95.18,95.09,94.99,94.86,94.72,94.63,94.59,94.60,94.66,94.74,94.77,94.72,94.63,94.55,94.48,94.44,94.44,94.42,94.36,94.34,94.30,94.23
113.53,113.47,113.43,113.38,113.31,113.25,113.17,113.14,113.09,113.00,112.85,112.75,112.62,112.47,112.33,112.23,112.21,112.25,112.32,112.38,112.46,112.53,112.61,112.69,112.77,112.84,112.92,112.99,113.07,113.16,113.31,113.51,113.65,113.40,112.94,112.40,111.86,111.32,110.78,110.31,110.25,111.64,113.70,115.82,117.73,119.33,120.63,121.75,122.75,123.70,124.57,125.35,126.11,126.88,127.65,128.41,129.19,129.89,130.28,130.56,130.52,130.36,130.31,130.34,130.48,130.47,130.00,128.63,127.15,125.59,123.98,122.36,120.75,117.66,114.00,110.89,109.09,107.75,106.49,105.62,106.23,107.48,108.72,109.77,110.66,111.59,112.57,113.17,113.06,112.17,111.19,110.17,109.26,108.78,109.08,109.59,110.11,110.57,111.03,111.50,111.92,112.32,112.78,113.18,113.61,114.05,114.41,114.66,114.58,114.41,114.28,114.18,114.06,113.91,113.78,113.73,113.71,113.64,113.48,113.20,112.89,112.68,112.50,112.33,112.16,111.90,111.69,111.54,111.42,111.38,111.30,111.15,110.97,110.76,110.57,110.40,110.25,110.04,109.73,109.21,108.47,107.59,106.95,106.57,106.20,105.77,105.34,105.06,104.65,104.23,103.95,103.48,102.58,101.58,100.79,100.50,100.20,99.87,99.51,99.14,98.69,98.28,98.09,98.30,98.82,99.47,100.50,101.91,103.22,104.19,104.77,105.05,105.12,105.14,105.15,105.12,105.03,104.87,104.23,103.29,102.14,100.82,99.84,99.06,98.37,97.72,97.00,96.20,95.33,94.40,93.59,93.56,93.80,94.13,94.52,94.91,95.27,95.44,95.32,95.03,94.67,94.33,94.06,94.01,94.00,93.95,93.89,93.91,93.98,94.10,94.21,94.28,94.34,94.41,94.49,94.57,94.65,94.72,94.76,94.81,94.88,94.94,95.01,95.09,95.16,95.24,95.32,95.36,95.38,95.36,95.29,95.22,95.14,95.06,94.98,94.91,94.88,94.88,94.77,94.64,94.52,94.44,94.42,94.55,94.67,94.77,94.81,94.74,94.71,94.66,94.63,94.62,94.55,94.52,94.49,94.42
113.44,113.37,113.34,113.29,113.23,113.16,113.08,113.04,112.99,112.90,112.79,112.69,112.58,112.43,112.31,112.16,112.06,112.03,112.05,112.13,112.21,112.28,112.36,112.44,112.51,112.59,112.66,112.74,112.82,112.90,113.03,113.22,113.40,113.29,112.91,112.38,111.83,111.29,110.75,110.13,109.61,110.43,112.34,114.39,116.21,117.75,119.03,120.10,121.02,121.80,122.57,123.29,124.02,124.79,125.56,126.43,127.35,128.23,128.96,129.59,129.91,130.03,130.14,130.10,129.98,129.69,129.03,127.66,126.22,124.72,123.16,121.53,119.27,115.57,111.90,109.47,108.01,106.75,105.76,105.47,106.63,107.98,109.23,110.29,111.14,112.04,112.70,112.86,112.39,111.59,110.63,109.61,108.72,108.38,109.11,109.76,110.25,110.72,111.18,111.65,112.09,112.51,112.97,113.37,113.80,114.22,114.50,114.51,114.26,113.98,113.78,113.67,113.54,113.40,113.28,113.26,113.32,113.37,113.31,113.10,112.83,112.67,112.52,112.33,112.17,111.97,111.79,111.64,111.49,111.39,111.23,111.04,110.84,110.63,110.41,110.22,110.05,109.81,109.51,109.19,108.74,108.12,107.60,107.20,106.77,106.29,105.84,105.51,105.17,104.88,104.72,104.41,103.66,102.75,101.91,101.50,100.97,100.40,99.85,99.35,98.88,98.37,97.95,97.87,98.36,98.96,99.81,100.94,102.13,103.22,103.99,104.44,104.66,104.79,104.76,104.57,104.21,103.79,102.94,101.95,100.96,100.04,99.38,98.73,98.08,97.42,96.76,96.06,95.29,94.44,93.60,93.32,93.46,93.81,94.20,94.56,94.90,95.12,95.09,94.80,94.45,94.12,93.86,93.76,93.72,93.67,93.64,93.66,93.72,93.86,94.00,94.10,94.20,94.29,94.35,94.41,94.48,94.56,94.61,94.65,94.73,94.81,94.89,94.95,95.00,95.08,95.16,95.20,95.22,95.21,95.14,95.06,94.99,94.91,94.83,94.78,94.82,94.89,94.83,94.72,94.57,94.43,94.31,94.31,94.43,94.58,94.71,94.72,94.75,94.75,94.75,94.77,94.73,94.72,94.68,94.61
113.38,113.30,113.23,113.20,113.16,113.09,113.02,112.95,112.87,112.79,112.71,112.63,112.52,112.39,112.29,112.15,112.00,111.89,111.83,111.88,111.94,112.02,112.10,112.17,112.25,112.33,112.40,112.48,112.56,112.64,112.75,112.92,113.13,113.18,112.90,112.37,111.83,111.29,110.75,110.09,109.31,109.33,110.98,112.95,114.66,116.13,117.37,118.40,119.22,119.80,120.54,121.24,121.95,122.71,123.47,124.30,125.19,126.10,126.98,127.80,128.49,129.04,129.37,129.29,128.83,128.22,127.45,126.27,124.97,123.57,122.09,120.33,117.08,113.04,109.80,108.26,106.92,105.72,105.25,105.71,107.13,108.52,109.75,110.80,111.64,112.42,112.59,112.31,111.71,111.05,110.10,109.05,108.20,108.14,109.19,109.92,110.39,110.85,111.31,111.78,112.24,112.70,113.16,113.56,113.99,114.35,114.48,114.25,113.91,113.56,113.29,113.11,113.01,112.89,112.75,112.69,112.75,112.82,112.79,112.61,112.39,112.28,112.13,111.93,111.77,111.67,111.53,111.38,111.23,111.03,110.81,110.61,110.45,110.28,110.07,109.88,109.71,109.47,109.18,108.91,108.66,108.37,108.05,107.66,107.19,106.68,106.23,105.85,105.56,105.36,105.25,105.09,104.60,103.91,103.16,102.63,101.88,101.06,100.27,99.62,99.12,98.59,98.02,97.58,97.88,98.45,99.16,100.03,101.13,102.09,102.86,103.46,103.89,104.18,104.11,103.67,102.94,102.20,101.35,100.55,99.87,99.43,98.96,98.38,97.74,97.06,96.43,95.80,95.13,94.41,93.59,93.08,93.12,93.50,93.88,94.20,94.56,94.82,94.83,94.55,94.23,93.92,93.65,93.51,93.42,93.39,93.39,93.40,93.47,93.60,93.76,93.91,94.05,94.15,94.19,94.22,94.30,94.38,94.45,94.53,94.60,94.67,94.75,94.79,94.82,94.90,94.97,95.05,95.09,95.07,95.01,94.93,94.85,94.78,94.71,94.70,94.78,94.88,94.87,94.80,94.69,94.53,94.31,94.11,94.15,94.27,94.41,94.54,94.63,94.69,94.76,94.81,94.82,94.83,94.81,94.75
113.27,113.23,113.17,113.11,113.05,112.97,112.94,112.88,112.80,112.73,112.65,112.57,112.48,112.37,112.24,112.09,111.97,111.86,111.73,111.66,111.66,111.71,111.78,111.86,111.94,112.02,112.09,112.17,112.25,112.36,112.50,112.66,112.84,113.00,112.82,112.31,111.77,111.28,110.75,110.05,109.07,108.33,109.66,111.52,113.14,114.56,115.85,116.86,117.60,118.16,118.81,119.43,120.04,120.67,121.39,122.17,123.01,123.86,124.63,125.39,126.04,126.56,126.84,126.74,126.24,125.61,124.93,124.11,123.24,122.14,120.56,117.96,114.03,110.75,108.47,107.15,105.80,104.97,105.18,106.35,107.85,109.22,110.35,111.32,112.12,112.39,112.23,111.80,111.17,110.49,109.46,108.38,107.68,108.18,109.32,110.08,110.58,111.04,111.50,111.97,112.43,112.89,113.36,113.79,114.16,114.33,114.18,113.89,113.56,113.23,112.93,112.63,112.46,112.32,112.17,112.07,112.16,112.19,112.10,111.90,111.72,111.61,111.51,111.36,111.17,111.07,110.95,110.81,110.70,110.53,110.34,110.15,109.96,109.79,109.62,109.45,109.28,109.05,108.79,108.52,108.25,108.03,107.82,107.57,107.22,106.80,106.44,106.10,105.85,105.67,105.50,105.34,105.03,104.62,104.08,103.37,102.51,101.64,100.83,100.14,99.60,99.00,98.32,97.64,97.39,97.89,98.62,99.37,100.21,101.00,101.70,102.28,102.72,103.01,102.92,102.42,101.56,100.74,100.20,99.76,99.36,99.01,98.57,98.01,97.38,96.73,96.06,95.43,94.81,94.14,93.41,92.81,92.80,93.19,93.56,93.88,94.24,94.52,94.58,94.35,94.01,93.67,93.41,93.25,93.16,93.14,93.14,93.15,93.22,93.35,93.51,93.66,93.81,93.95,94.03,94.09,94.17,94.25,94.32,94.40,94.47,94.50,94.57,94.63,94.69,94.76,94.84,94.92,94.95,94.90,94.82,94.74,94.67,94.60,94.57,94.61,94.70,94.77,94.77,94.74,94.77,94.71,94.47,94.25,94.08,94.00,94.04,94.19,94.27,94.35,94.41,94.44,94.44,94.52,94.61,94.68
113.17,113.14,113.07,113.01,112.94,112.88,112.85,112.79,112.72,112.66,112.58,112.50,112.43,112.34,112.21,112.06,111.94,111.81,111.67,111.53,111.47,111.46,111.50,111.57,111.65,111.73,111.81,111.88,111.96,112.07,112.23,112.40,112.56,112.75,112.67,112.28,111.74,111.25,110.74,110.02,108.85,107.45,108.39,110.09,111.70,113.09,114.35,115.30,116.00,116.56,117.16,117.73,118.28,118.84,119.49,120.14,120.84,121.56,122.21,122.86,123.43,123.85,124.04,123.92,123.46,122.85,122.19,121.54,120.89,120.11,118.60,115.27,111.47,108.97,107.32,106.00,104.78,104.63,105.51,107.07,108.59,109.85,110.88,111.68,112.13,112.03,111.79,111.37,110.70,109.90,108.74,107.72,107.36,108.32,109.50,110.24,110.73,111.20,111.66,112.13,112.59,113.05,113.51,113.98,114.20,114.16,113.84,113.52,113.20,112.89,112.57,112.22,111.98,111.80,111.63,111.50,111.57,111.53,111.37,111.18,111.04,110.93,110.84,110.74,110.56,110.47,110.34,110.21,110.13,110.00,109.85,109.67,109.47,109.30,109.13,108.98,108.81,108.60,108.38,108.10,107.84,107.62,107.43,107.29,107.07,106.76,106.47,106.23,106.03,105.87,105.66,105.50,105.29,105.05,104.69,103.98,103.13,102.27,101.44,100.72,100.09,99.38,98.57,97.71,97.05,97.42,98.11,98.77,99.38,99.98,100.57,101.11,101.52,101.78,101.68,101.23,100.47,99.77,99.41,99.17,98.92,98.60,98.18,97.63,97.01,96.38,95.72,95.06,94.44,93.81,93.14,92.55,92.51,92.86,93.22,93.56,93.92,94.22,94.30,94.12,93.78,93.45,93.17,93.00,92.91,92.89,92.89,92.90,92.97,93.10,93.25,93.41,93.56,93.72,93.84,93.94,94.04,94.12,94.18,94.24,94.31,94.34,94.41,94.48,94.56,94.64,94.71,94.78,94.78,94.71,94.63,94.56,94.49,94.45,94.47,94.54,94.60,94.63,94.61,94.59,94.67,94.72,94.61,94.44,94.17,93.94,93.84,93.85,93.90,93.96,94.00,94.00,94.00,94.09,94.23,94.39
113.10,113.03,112.95,112.91,112.88,112.80,112.74,112.66,112.61,112.59,112.52,112.44,112.36,112.28,112.19,112.06,111.91,111.76,111.61,111.52,111.40,111.30,111.26,111.32,111.40,111.47,111.55,111.63,111.71,111.79,111.93,112.14,112.30,112.46,112.48,112.27,111.73,111.20,110.71,109.97,108.63,106.72,107.17,108.66,110.34,111.73,112.84,113.69,114.37,114.97,115.53,116.12,116.70,117.23,117.78,118.24,118.71,119.23,119.79,120.38,120.91,121.26,121.32,121.15,120.70,120.05,119.30,118.61,117.93,117.50,116.26,112.49,109.64,107.75,106.23,104.82,103.94,104.77,106.24,107.83,109.31,110.37,111.29,111.80,111.56,111.34,111.30,111.03,110.29,109.28,107.94,107.16,107.30,108.55,109.70,110.39,110.87,111.33,111.79,112.25,112.72,113.18,113.64,114.09,114.11,113.84,113.52,113.15,112.82,112.52,112.20,111.88,111.59,111.33,111.12,110.98,110.97,110.83,110.64,110.49,110.40,110.27,110.16,110.08,109.99,109.90,109.78,109.65,109.57,109.48,109.35,109.19,109.01,108.80,108.63,108.47,108.32,108.15,107.93,107.69,107.45,107.22,107.01,106.88,106.75,106.56,106.34,106.21,106.08,105.92,105.76,105.61,105.41,105.20,104.97,104.47,103.74,102.91,102.07,101.25,100.49,99.64,98.71,97.74,96.87,97.06,97.63,98.20,98.63,99.06,99.51,99.96,100.34,100.59,100.49,100.17,99.74,99.32,99.00,98.73,98.48,98.16,97.78,97.25,96.63,96.01,95.38,94.71,94.06,93.44,92.83,92.31,92.26,92.53,92.85,93.23,93.61,93.89,93.99,93.86,93.57,93.26,92.97,92.76,92.66,92.63,92.63,92.64,92.71,92.84,93.00,93.16,93.31,93.47,93.62,93.76,93.90,93.99,94.02,94.06,94.13,94.20,94.28,94.35,94.43,94.50,94.58,94.62,94.60,94.52,94.45,94.37,94.33,94.33,94.40,94.47,94.50,94.49,94.43,94.36,94.39,94.51,94.65,94.65,94.42,94.13,93.85,93.62,93.58,93.58,93.57,93.57,93.56,93.62,93.73,93.86
113.03,112.95,112.88,112.82,112.77,112.69,112.66,112.59,112.53,112.47,112.40,112.36,112.30,112.23,112.15,112.04,111.90,111.74,111.60,111.47,111.36,111.24,111.14,111.09,111.15,111.22,111.30,111.38,111.46,111.53,111.65,111.84,112.04,112.20,112.30,112.21,111.68,111.14,110.62,109.83,108.33,106.21,105.99,107.06,108.75,110.14,111.29,112.13,112.77,113.38,113.93,114.53,115.10,115.58,116.00,116.35,116.76,117.25,117.87,118.81,119.59,120.03,119.94,119.23,118.13,117.03,116.09,115.39,115.50,115.72,114.68,110.69,108.31,106.62,105.09,103.86,104.04,105.36,107.01,108.59,109.84,110.72,111.28,111.38,110.90,110.64,110.71,110.56,109.88,108.56,107.08,106.80,107.67,109.05,109.99,110.58,111.05,111.51,111.97,112.40,112.84,113.30,113.75,114.04,113.92,113.57,113.20,112.82,112.50,112.19,111.87,111.52,111.20,110.91,110.65,110.42,110.31,110.16,110.00,109.89,109.81,109.71,109.62,109.55,109.50,109.40,109.26,109.13,109.05,108.97,108.84,108.69,108.53,108.34,108.14,107.97,107.81,107.66,107.47,107.25,107.02,106.80,106.61,106.47,106.35,106.23,106.05,105.95,105.85,105.74,105.63,105.52,105.36,105.20,105.03,104.61,103.84,102.99,102.15,101.34,100.53,99.64,98.69,97.71,96.86,96.67,96.92,97.38,97.78,98.20,98.60,98.97,99.34,99.55,99.44,99.23,99.06,98.84,98.59,98.32,98.03,97.72,97.39,96.89,96.29,95.63,95.01,94.37,93.75,93.17,92.56,92.07,91.99,92.21,92.53,92.91,93.26,93.53,93.65,93.63,93.35,93.02,92.73,92.55,92.42,92.38,92.36,92.34,92.45,92.59,92.75,92.90,93.06,93.21,93.37,93.52,93.67,93.79,93.86,93.92,94.00,94.07,94.15,94.20,94.25,94.33,94.41,94.46,94.46,94.39,94.31,94.23,94.21,94.26,94.33,94.34,94.33,94.31,94.23,94.16,94.15,94.23,94.40,94.68,94.61,94.37,94.07,93.81,93.66,93.53,93.41,93.33,93.24,93.18,93.20,93.30
112.94,112.87,112.81,112.73,112.66,112.59,112.56,112.51,112.44,112.37,112.30,112.27,112.22,112.14,112.07,112.00,111.89,111.74,111.59,111.44,111.33,111.21,111.06,110.93,110.93,110.97,111.03,111.10,111.18,111.26,111.37,111.55,111.76,111.94,112.10,112.10,111.61,111.08,110.54,109.66,108.01,105.81,104.90,105.45,107.11,108.43,109.56,110.41,111.09,111.77,112.33,112.90,113.44,113.85,114.15,114.45,114.85,115.39,116.16,117.47,118.58,119.11,118.71,117.41,115.70,114.16,113.05,112.49,113.57,114.22,113.11,109.31,107.21,105.56,104.11,103.31,104.45,106.07,107.77,109.30,110.23,110.94,111.12,110.85,110.21,109.81,109.94,109.94,109.31,107.75,106.44,106.71,108.18,109.56,110.27,110.77,111.24,111.69,112.14,112.55,112.99,113.44,113.83,113.90,113.67,113.28,112.90,112.53,112.19,111.86,111.53,111.16,110.83,110.52,110.20,109.91,109.74,109.57,109.43,109.34,109.26,109.19,109.12,109.06,109.04,108.91,108.76,108.64,108.54,108.47,108.34,108.18,108.03,107.87,107.66,107.47,107.31,107.15,107.00,106.80,106.58,106.36,106.20,106.06,105.94,105.84,105.72,105.63,105.56,105.49,105.42,105.34,105.19,105.05,104.90,104.53,103.76,102.91,102.09,101.31,100.49,99.61,98.69,97.75,96.98,96.47,96.33,96.55,96.90,97.34,97.71,98.05,98.40,98.58,98.47,98.34,98.32,98.25,98.08,97.85,97.58,97.28,96.99,96.53,95.94,95.27,94.65,94.05,93.47,92.89,92.31,91.83,91.72,91.89,92.21,92.59,92.91,93.15,93.30,93.38,93.12,92.78,92.50,92.34,92.18,92.13,92.09,92.05,92.19,92.34,92.50,92.65,92.80,92.96,93.11,93.27,93.42,93.58,93.69,93.78,93.87,93.93,94.00,94.05,94.08,94.16,94.23,94.30,94.31,94.24,94.16,94.11,94.11,94.17,94.23,94.18,94.14,94.12,94.05,93.97,93.94,93.97,94.10,94.57,94.71,94.59,94.35,94.13,93.91,93.68,93.48,93.33,93.17,93.02,92.94,92.95
112.82,112.75,112.72,112.67,112.59,112.52,112.45,112.38,112.33,112.30,112.23,112.16,112.09,112.02,111.94,111.92,111.86,111.74,111.59,111.44,111.29,111.15,111.00,110.91,110.80,110.72,110.71,110.79,110.86,110.94,111.08,111.28,111.46,111.66,111.85,111.88,111.53,111.02,110.47,109.51,107.67,105.58,103.97,103.95,105.48,106.56,107.44,108.31,109.19,110.09,110.68,111.19,111.64,112.00,112.20,112.48,112.94,113.62,114.66,116.10,117.55,118.17,117.09,115.36,113.47,111.79,110.60,110.45,112.52,112.90,111.14,108.39,106.41,104.64,103.47,103.54,105.07,106.77,108.47,109.90,110.42,110.93,110.88,110.34,109.47,108.66,108.85,108.99,108.34,106.80,106.30,107.17,108.75,109.90,110.49,110.96,111.43,111.88,112.28,112.72,113.18,113.60,113.83,113.68,113.35,112.97,112.58,112.26,111.90,111.53,111.16,110.83,110.47,110.14,109.82,109.53,109.35,109.16,108.97,108.84,108.75,108.67,108.63,108.61,108.54,108.40,108.28,108.17,108.04,107.96,107.82,107.67,107.52,107.36,107.20,107.00,106.80,106.65,106.49,106.33,106.13,105.91,105.76,105.65,105.53,105.42,105.39,105.32,105.24,105.18,105.16,105.09,104.86,104.64,104.47,104.14,103.55,102.81,102.03,101.26,100.47,99.68,98.85,98.00,97.28,96.67,96.15,95.85,96.04,96.45,96.83,97.16,97.51,97.70,97.62,97.50,97.44,97.42,97.34,97.23,97.08,96.83,96.59,96.15,95.58,94.96,94.34,93.77,93.18,92.59,92.05,91.62,91.47,91.58,91.90,92.27,92.56,92.77,92.93,93.11,92.91,92.59,92.30,92.09,91.92,91.87,91.84,91.80,91.93,92.09,92.24,92.40,92.55,92.70,92.86,93.01,93.17,93.32,93.46,93.61,93.73,93.75,93.82,93.88,93.95,94.03,94.11,94.14,94.13,94.05,93.97,93.99,94.02,94.03,94.05,93.98,93.95,93.93,93.86,93.77,93.75,93.75,93.84,94.22,94.60,94.76,94.68,94.50,94.28,94.09,93.93,93.77,93.62,93.47,93.30,93.12
112.74,112.67,112.62,112.56,112.49,112.45,112.38,112.30,112.24,112.19,112.12,112.07,112.02,111.94,111.86,111.82,111.76,111.67,111.55,111.43,111.28,111.13,110.98,110.86,110.75,110.64,110.55,110.53,110.59,110.67,110.79,110.98,111.14,111.27,111.43,111.56,111.46,111.00,110.43,109.40,107.45,105.38,103.45,102.72,103.39,104.24,105.06,106.06,107.22,108.44,109.45,109.98,110.26,110.44,110.32,110.55,111.11,111.98,113.26,114.79,116.66,117.50,115.84,113.86,111.92,110.28,109.32,109.83,112.36,112.34,109.97,107.64,105.63,103.77,102.94,103.89,105.72,107.49,109.03,110.15,110.55,110.79,110.58,109.89,108.71,107.57,107.57,107.53,106.81,105.75,106.29,107.75,109.34,110.16,110.65,111.10,111.57,112.03,112.45,112.90,113.35,113.67,113.60,113.31,112.98,112.66,112.31,111.97,111.58,111.22,110.87,110.52,110.15,109.78,109.44,109.11,108.96,108.74,108.52,108.37,108.25,108.20,108.19,108.20,108.08,107.94,107.81,107.68,107.54,107.45,107.32,107.16,107.01,106.85,106.70,106.53,106.34,106.18,105.99,105.83,105.66,105.47,105.31,105.10,104.92,104.78,104.70,104.53,104.37,104.25,104.17,104.06,103.81,103.60,103.48,103.26,103.00,102.61,102.05,101.30,100.58,99.83,99.07,98.34,97.67,97.02,96.37,95.81,95.62,95.70,95.96,96.31,96.66,96.78,96.72,96.64,96.60,96.56,96.49,96.43,96.36,96.20,96.04,95.73,95.25,94.64,94.06,93.50,92.92,92.33,91.79,91.41,91.26,91.33,91.59,91.96,92.23,92.43,92.59,92.77,92.63,92.35,92.07,91.88,91.72,91.62,91.56,91.55,91.68,91.83,91.98,92.14,92.29,92.45,92.60,92.76,92.91,93.07,93.22,93.38,93.52,93.59,93.67,93.75,93.83,93.90,93.95,93.96,93.95,93.91,93.87,93.88,93.89,93.86,93.86,93.80,93.74,93.70,93.66,93.58,93.54,93.50,93.54,93.89,94.31,94.58,94.66,94.68,94.61,94.48,94.34,94.22,94.10,93.96,93.80,93.61
112.66,112.59,112.52,112.45,112.39,112.37,112.30,112.23,112.16,112.08,112.01,111.98,111.94,111.86,111.79,111.72,111.64,111.56,111.48,111.41,111.28,111.13,110.97,110.83,110.72,110.60,110.45,110.33,110.36,110.42,110.52,110.66,110.79,110.84,110.98,111.22,111.38,110.97,110.40,109.28,107.15,105.06,103.00,101.66,101.38,101.93,102.74,103.91,105.34,106.86,108.31,108.90,108.99,108.85,108.39,108.61,109.32,110.42,111.93,113.64,115.92,116.94,114.81,112.61,110.69,109.20,108.61,109.76,112.38,111.97,109.18,107.02,104.91,103.02,102.54,104.23,106.27,108.15,109.49,110.26,110.59,110.59,110.24,109.42,107.96,106.55,106.24,105.95,105.27,105.01,106.49,108.38,109.87,110.40,110.80,111.23,111.69,112.16,112.62,113.07,113.47,113.65,113.29,112.91,112.60,112.33,112.01,111.64,111.26,110.91,110.58,110.21,109.83,109.47,109.12,108.81,108.69,108.47,108.24,108.07,107.90,107.83,107.82,107.81,107.66,107.50,107.34,107.19,107.04,106.95,106.81,106.66,106.50,106.35,106.19,106.03,105.88,105.72,105.48,105.28,105.09,104.90,104.68,104.34,104.07,103.91,103.75,103.49,103.23,103.02,102.85,102.70,102.47,102.32,102.30,102.22,102.29,102.26,101.97,101.28,100.66,99.94,99.23,98.61,98.00,97.32,96.63,95.95,95.39,95.09,95.18,95.50,95.82,95.87,95.82,95.78,95.76,95.73,95.69,95.68,95.69,95.65,95.59,95.35,94.93,94.34,93.79,93.25,92.67,92.07,91.54,91.19,91.06,91.10,91.28,91.63,91.91,92.10,92.26,92.41,92.34,92.11,91.84,91.68,91.52,91.36,91.27,91.28,91.43,91.58,91.73,91.89,92.04,92.20,92.35,92.50,92.66,92.81,92.97,93.13,93.28,93.43,93.53,93.61,93.69,93.76,93.78,93.78,93.78,93.78,93.78,93.77,93.73,93.67,93.66,93.60,93.53,93.47,93.45,93.38,93.31,93.24,93.25,93.58,93.96,94.26,94.49,94.70,94.80,94.75,94.65,94.59,94.53,94.41,94.31,94.21
112.54,112.47,112.44,112.38,112.31,112.25,112.18,112.14,112.09,112.02,111.94,111.88,111.81,111.75,111.72,111.66,111.58,111.50,111.42,111.34,111.25,111.13,110.97,110.82,110.68,110.54,110.40,110.30,110.21,110.19,110.23,110.27,110.31,110.41,110.64,110.97,111.19,110.83,110.33,109.07,106.43,104.27,102.27,100.90,100.36,100.31,101.07,102.34,103.85,105.40,106.92,107.62,107.51,106.78,106.26,106.61,107.59,109.00,110.74,113.04,115.55,116.45,114.03,111.59,109.67,108.52,108.45,109.79,111.75,111.22,108.79,106.67,104.43,102.69,102.47,104.36,106.43,108.49,109.78,110.24,110.43,110.31,109.81,108.83,107.25,105.69,105.02,104.65,104.54,105.58,107.36,109.02,110.18,110.60,110.99,111.35,111.77,112.28,112.75,113.17,113.42,113.41,112.98,112.58,112.23,111.89,111.58,111.25,110.92,110.58,110.22,109.89,109.56,109.29,109.10,108.99,108.86,108.72,108.56,108.34,108.08,107.84,107.63,107.44,107.27,107.07,106.90,106.74,106.59,106.45,106.31,106.15,105.99,105.84,105.69,105.53,105.38,105.20,104.89,104.56,104.23,103.88,103.35,102.92,102.62,102.43,102.32,102.10,101.82,101.54,101.30,101.18,101.09,101.07,101.15,101.32,101.44,101.46,101.34,100.94,100.45,99.74,99.03,98.50,97.89,97.22,96.53,95.84,95.25,94.90,94.71,94.71,94.95,94.98,94.97,94.93,94.91,95.05,95.19,95.35,95.52,95.65,95.70,95.24,94.59,94.08,93.54,93.00,92.42,91.82,91.29,90.94,90.81,90.84,90.97,91.32,91.56,91.73,91.88,92.03,92.07,91.92,91.65,91.48,91.28,91.11,91.01,91.03,91.17,91.33,91.48,91.63,91.79,91.95,92.10,92.25,92.41,92.56,92.72,92.87,93.03,93.18,93.32,93.42,93.50,93.58,93.63,93.66,93.66,93.66,93.66,93.61,93.55,93.47,93.42,93.39,93.34,93.27,93.20,93.14,93.06,93.00,93.03,93.28,93.60,93.91,94.18,94.41,94.56,94.62,94.64,94.67,94.71,94.69,94.68,94.68
112.45,112.38,112.34,112.28,112.22,112.16,112.08,112.04,112.00,111.92,111.87,111.80,111.73,111.66,111.62,111.56,111.50,111.44,111.36,111.28,111.20,111.09,110.94,110.81,110.66,110.51,110.37,110.26,110.11,109.99,109.86,109.75,109.78,110.04,110.38,110.72,110.97,110.71,110.29,108.96,106.02,103.56,101.60,100.28,99.63,99.33,99.96,101.14,102.61,104.28,106.03,106.42,105.76,104.59,104.15,104.78,106.07,107.76,109.71,112.24,114.91,115.91,113.49,110.88,108.90,107.92,108.21,109.72,111.02,110.32,108.15,105.99,103.72,102.37,102.54,104.41,106.30,108.25,109.52,110.02,110.19,109.97,109.26,108.11,106.51,104.90,104.17,104.12,104.76,106.40,108.27,109.63,110.40,110.77,111.15,111.50,111.89,112.38,112.84,113.22,113.33,113.12,112.70,112.30,111.92,111.55,111.21,110.87,110.54,110.21,109.93,109.73,109.56,109.43,109.35,109.33,109.20,109.06,108.88,108.62,108.34,108.04,107.75,107.49,107.30,107.07,106.89,106.72,106.55,106.39,106.22,106.04,105.89,105.73,105.53,105.26,104.94,104.62,104.08,103.59,103.17,102.72,102.01,101.52,101.23,101.11,101.04,100.89,100.69,100.46,100.26,100.19,100.17,100.20,100.31,100.52,100.65,100.72,100.68,100.43,100.00,99.33,98.65,98.10,97.54,96.96,96.35,95.72,95.12,94.75,94.49,94.38,94.52,94.61,94.70,94.76,94.83,95.05,95.31,95.55,95.77,95.94,95.77,95.09,94.30,93.77,93.33,92.75,92.14,91.56,91.04,90.71,90.59,90.61,90.69,90.98,91.19,91.34,91.50,91.65,91.79,91.71,91.45,91.26,91.06,90.88,90.75,90.78,90.89,91.04,91.19,91.34,91.50,91.65,91.81,91.96,92.12,92.27,92.43,92.58,92.73,92.89,93.04,93.17,93.28,93.39,93.49,93.53,93.52,93.49,93.46,93.39,93.33,93.28,93.20,93.17,93.11,93.04,92.99,92.91,92.86,92.85,92.94,93.15,93.38,93.62,93.87,94.09,94.26,94.38,94.48,94.56,94.63,94.67,94.73,94.79
112.38,112.31,112.24,112.16,112.10,112.08,112.01,111.95,111.88,111.81,111.79,111.73,111.66,111.59,111.51,111.44,111.40,111.36,111.29,111.22,111.15,111.03,110.90,110.80,110.66,110.51,110.35,110.21,110.06,109.80,109.46,109.17,109.23,109.70,110.15,110.47,110.73,110.59,110.26,108.95,105.90,102.97,101.00,99.73,99.05,98.78,99.26,100.23,101.60,103.47,105.53,105.33,103.89,102.42,102.16,103.17,104.80,106.75,108.85,111.32,114.09,115.32,113.16,110.50,108.41,107.40,107.79,109.43,110.20,109.31,107.28,105.05,102.80,101.96,102.51,104.23,105.84,107.50,108.80,109.58,109.77,109.41,108.50,107.22,105.69,104.12,103.68,104.25,105.67,107.34,109.12,110.16,110.58,110.91,111.28,111.66,112.05,112.46,112.90,113.23,113.20,112.84,112.45,112.06,111.68,111.30,110.92,110.54,110.17,109.89,109.76,109.74,109.77,109.78,109.77,109.75,109.63,109.43,109.19,108.90,108.65,108.36,108.09,107.85,107.63,107.40,107.21,107.03,106.81,106.65,106.44,106.24,106.06,105.87,105.58,105.12,104.56,104.01,103.20,102.54,102.02,101.54,100.80,100.28,100.05,100.03,100.02,99.94,99.84,99.75,99.66,99.64,99.63,99.66,99.73,99.83,99.95,100.05,100.03,99.78,99.35,98.77,98.13,97.50,97.00,96.57,96.11,95.59,95.05,94.70,94.52,94.47,94.51,94.69,94.91,95.12,95.34,95.56,95.85,96.11,96.31,96.34,95.75,94.90,94.05,93.42,93.11,92.52,91.88,91.32,90.79,90.49,90.40,90.40,90.44,90.64,90.81,90.97,91.12,91.28,91.48,91.47,91.24,91.03,90.85,90.65,90.50,90.51,90.59,90.73,90.88,91.04,91.19,91.34,91.50,91.65,91.81,91.96,92.12,92.27,92.44,92.59,92.74,92.89,93.04,93.20,93.34,93.39,93.37,93.30,93.22,93.15,93.11,93.08,93.01,92.94,92.87,92.81,92.79,92.73,92.71,92.78,92.94,93.17,93.31,93.44,93.60,93.81,93.96,94.11,94.22,94.31,94.39,94.46,94.54,94.63
112.27,112.24,112.17,112.09,112.02,111.97,111.90,111.85,111.80,111.73,111.68,111.61,111.56,111.52,111.44,111.36,111.31,111.25,111.18,111.14,111.08,110.99,110.88,110.75,110.60,110.47,110.35,110.20,110.05,109.68,109.16,108.68,108.85,109.35,109.86,110.27,110.50,110.51,110.25,108.97,105.88,102.59,100.47,99.11,98.33,98.11,98.71,99.72,101.10,103.06,105.07,104.42,102.52,100.87,100.64,102.16,104.19,106.29,108.45,110.85,113.51,114.82,113.05,110.60,108.39,107.00,106.91,108.36,109.18,108.34,106.28,104.05,101.81,100.97,101.42,102.88,104.47,106.12,107.64,108.66,108.51,107.86,106.92,105.82,104.56,103.28,103.69,104.99,106.64,108.23,109.61,110.38,110.72,111.08,111.46,111.85,112.24,112.62,112.98,113.16,113.02,112.63,112.25,111.91,111.56,111.21,110.83,110.44,110.13,109.94,109.90,109.94,109.97,109.99,109.99,109.98,109.93,109.76,109.52,109.25,108.98,108.71,108.44,108.18,107.99,107.77,107.56,107.34,107.11,106.91,106.72,106.49,106.16,105.72,105.27,104.72,104.13,103.56,102.86,102.03,101.22,100.59,100.15,99.88,99.75,99.71,99.70,99.60,99.50,99.43,99.35,99.30,99.28,99.28,99.26,99.29,99.34,99.36,99.29,99.03,98.61,98.04,97.45,96.91,96.44,96.00,95.70,95.53,95.31,95.09,94.99,94.97,94.99,95.15,95.40,95.66,95.90,96.13,96.38,96.63,96.73,96.40,95.62,94.68,93.75,93.00,92.66,92.30,91.78,91.11,90.54,90.25,90.14,90.16,90.22,90.35,90.46,90.59,90.75,90.95,91.13,91.15,91.00,90.82,90.62,90.43,90.30,90.26,90.33,90.47,90.62,90.78,90.93,91.08,91.24,91.39,91.54,91.70,91.85,92.03,92.22,92.38,92.54,92.69,92.86,93.05,93.17,93.21,93.19,93.11,93.03,92.95,92.91,92.89,92.82,92.74,92.67,92.61,92.61,92.58,92.64,92.80,93.05,93.28,93.50,93.62,93.64,93.73,93.79,93.88,93.97,94.06,94.18,94.27,94.37,94.50
112.17,112.15,112.08,112.02,111.95,111.88,111.80,111.76,111.72,111.64,111.58,111.51,111.46,111.43,111.36,111.29,111.23,111.15,111.08,111.05,110.99,110.91,110.83,110.71,110.56,110.44,110.33,110.17,110.00,109.50,108.80,108.22,108.40,108.89,109.47,110.00,110.28,110.39,110.22,108.98,105.90,102.39,100.12,98.63,97.71,97.50,98.32,99.43,100.82,102.77,104.58,103.70,101.66,99.94,99.44,101.14,103.43,105.70,108.00,110.39,112.91,114.31,113.12,110.92,108.63,106.82,106.03,106.93,107.76,106.97,104.92,102.77,100.86,100.13,100.41,101.56,103.19,104.92,106.55,107.59,107.01,106.12,105.19,104.23,103.30,102.72,103.97,105.81,107.53,109.01,109.96,110.51,110.86,111.24,111.61,111.99,112.37,112.72,113.05,113.08,112.87,112.49,112.11,111.79,111.47,111.13,110.77,110.42,110.17,110.06,110.09,110.14,110.15,110.16,110.18,110.18,110.18,110.04,109.82,109.60,109.30,109.05,108.79,108.53,108.35,108.12,107.89,107.66,107.43,107.18,106.91,106.56,106.08,105.45,104.87,104.28,103.68,103.13,102.53,101.68,100.76,100.03,99.81,99.69,99.61,99.55,99.51,99.38,99.26,99.17,99.09,99.02,98.97,98.90,98.82,98.77,98.73,98.66,98.52,98.25,97.84,97.32,96.86,96.57,96.26,95.94,95.82,95.89,95.88,95.72,95.61,95.56,95.58,95.70,95.94,96.21,96.47,96.70,96.93,97.08,97.00,96.33,95.43,94.46,93.50,92.64,92.17,91.94,91.59,90.98,90.38,90.07,89.95,89.94,90.02,90.08,90.15,90.25,90.40,90.60,90.77,90.82,90.76,90.60,90.38,90.21,90.10,90.06,90.11,90.24,90.39,90.55,90.72,90.88,91.04,91.20,91.37,91.52,91.69,91.89,92.09,92.27,92.44,92.60,92.77,92.95,93.01,93.02,92.99,92.92,92.84,92.76,92.72,92.70,92.63,92.56,92.47,92.43,92.47,92.52,92.66,92.89,93.18,93.43,93.71,93.84,93.83,93.83,93.85,93.88,93.93,94.01,94.12,94.20,94.28,94.40
112.09,112.03,111.95,111.92,111.88,111.81,111.73,111.66,111.59,111.52,111.51,111.44,111.37,111.30,111.23,111.21,111.16,111.08,111.01,110.94,110.86,110.79,110.72,110.69,110.56,110.41,110.27,110.11,109.88,109.20,108.36,107.75,107.80,108.30,108.98,109.65,110.05,110.19,110.10,108.98,105.95,102.43,100.03,98.37,97.28,97.00,98.08,99.36,100.72,102.53,104.05,103.20,101.37,99.73,98.60,99.98,102.28,104.80,107.37,109.87,112.24,113.75,113.39,111.38,109.10,106.94,105.34,105.24,105.86,105.08,103.09,101.20,100.03,99.64,99.80,100.58,102.31,104.14,105.67,106.38,105.37,104.36,103.42,102.56,101.98,102.56,104.46,106.55,108.27,109.62,110.22,110.60,110.98,111.36,111.69,112.05,112.41,112.74,113.09,113.02,112.76,112.43,112.05,111.73,111.38,111.02,110.72,110.46,110.27,110.21,110.27,110.28,110.28,110.31,110.36,110.36,110.36,110.25,110.09,109.91,109.61,109.37,109.13,108.89,108.67,108.43,108.21,107.98,107.73,107.43,106.95,106.38,105.77,105.10,104.48,103.86,103.26,102.71,102.10,101.44,100.69,99.97,99.75,99.60,99.49,99.41,99.34,99.20,99.05,98.92,98.84,98.77,98.65,98.51,98.37,98.24,98.10,97.96,97.78,97.48,97.11,96.72,96.52,96.63,96.65,96.66,96.73,96.84,96.83,96.59,96.34,96.20,96.21,96.28,96.48,96.74,97.03,97.27,97.49,97.46,97.05,96.17,95.20,94.24,93.31,92.41,91.67,91.38,91.21,90.93,90.31,90.00,89.83,89.76,89.83,89.84,89.90,89.98,90.08,90.24,90.39,90.49,90.50,90.34,90.13,89.99,89.93,89.93,89.94,90.06,90.21,90.38,90.59,90.76,90.92,91.09,91.31,91.47,91.67,91.87,92.04,92.26,92.48,92.66,92.80,92.89,92.85,92.83,92.81,92.73,92.65,92.57,92.53,92.52,92.44,92.36,92.29,92.28,92.41,92.56,92.79,93.06,93.32,93.61,93.86,94.05,94.15,94.16,94.21,94.20,94.19,94.25,94.28,94.29,94.30,94.34
111.99,111.95,111.88,111.82,111.77,111.70,111.66,111.59,111.52,111.44,111.40,111.33,111.28,111.23,111.16,111.11,111.05,110.98,110.94,110.86,110.78,110.71,110.64,110.59,110.49,110.38,110.25,110.07,109.67,108.89,108.01,107.31,107.16,107.68,108.40,109.08,109.56,109.81,109.73,108.67,105.95,102.87,100.39,98.46,97.02,96.22,97.40,98.97,100.48,102.02,103.35,102.63,101.00,99.41,97.88,98.94,101.11,103.66,106.54,109.49,111.87,113.32,113.26,111.47,109.54,107.57,105.72,104.63,104.31,103.32,101.77,100.48,99.67,99.36,99.50,100.27,102.02,103.88,104.92,104.83,103.63,102.59,101.89,101.45,101.38,102.39,104.55,106.94,108.93,109.97,110.39,110.72,111.10,111.45,111.79,112.14,112.47,112.78,113.03,112.94,112.67,112.32,111.98,111.67,111.36,111.07,110.81,110.57,110.42,110.38,110.41,110.41,110.41,110.45,110.51,110.50,110.47,110.35,110.21,110.09,109.91,109.72,109.48,109.21,108.94,108.67,108.44,108.22,107.90,107.55,107.03,106.44,105.81,105.12,104.49,103.84,103.20,102.57,101.92,101.23,100.54,99.94,99.73,99.58,99.46,99.37,99.26,99.11,98.96,98.81,98.69,98.57,98.46,98.34,98.22,98.03,97.83,97.70,97.60,97.41,97.23,97.16,97.22,97.39,97.48,97.59,97.72,97.83,97.74,97.44,97.08,96.82,96.79,96.86,97.04,97.29,97.56,97.82,97.90,97.60,96.91,95.94,94.98,94.04,93.11,92.20,91.34,90.86,90.59,90.40,90.09,89.91,89.76,89.66,89.70,89.73,89.77,89.83,89.91,90.02,90.10,90.15,90.16,90.09,89.95,89.87,89.84,89.85,89.89,89.98,90.14,90.34,90.56,90.73,90.91,91.12,91.34,91.51,91.72,91.91,92.08,92.31,92.54,92.67,92.70,92.73,92.67,92.64,92.61,92.54,92.46,92.38,92.34,92.33,92.25,92.18,92.17,92.25,92.45,92.69,92.94,93.21,93.48,93.75,94.03,94.26,94.42,94.46,94.50,94.49,94.48,94.51,94.52,94.52,94.52,94.51
111.88,111.86,111.80,111.73,111.66,111.59,111.57,111.51,111.44,111.37,111.30,111.22,111.18,111.15,111.07,111.01,110.94,110.88,110.86,110.78,110.72,110.65,110.57,110.49,110.42,110.34,110.23,110.00,109.41,108.59,107.71,106.94,106.53,107.00,107.71,108.36,108.86,109.22,109.17,108.23,105.93,103.44,100.94,98.76,96.99,95.54,96.57,98.32,100.04,101.41,102.63,102.05,100.65,99.12,97.24,98.00,100.00,102.61,105.83,109.21,111.61,112.96,113.08,111.52,109.95,108.27,106.36,104.55,103.28,102.03,100.86,100.08,99.37,99.11,99.32,100.17,101.87,103.64,104.14,103.25,101.99,101.04,100.66,100.65,100.97,102.21,104.39,107.05,109.49,110.21,110.53,110.86,111.22,111.53,111.89,112.23,112.52,112.77,112.93,112.86,112.60,112.24,111.94,111.64,111.38,111.14,110.91,110.69,110.58,110.53,110.53,110.53,110.54,110.58,110.63,110.61,110.53,110.41,110.28,110.21,110.12,109.98,109.75,109.46,109.18,108.90,108.67,108.41,108.01,107.62,107.14,106.57,105.94,105.25,104.62,103.95,103.26,102.57,101.88,101.15,100.46,99.96,99.75,99.61,99.50,99.41,99.26,99.11,98.96,98.80,98.65,98.51,98.43,98.38,98.29,98.07,97.86,97.77,97.77,97.73,97.73,97.92,98.17,98.33,98.44,98.59,98.72,98.78,98.57,98.15,97.74,97.44,97.39,97.43,97.61,97.85,98.08,98.29,98.16,97.59,96.70,95.72,94.78,93.85,92.91,91.98,91.06,90.43,90.05,89.89,89.86,89.80,89.69,89.58,89.58,89.64,89.68,89.71,89.78,89.83,89.85,89.85,89.85,89.84,89.79,89.77,89.79,89.81,89.88,89.97,90.13,90.36,90.58,90.75,90.95,91.18,91.39,91.56,91.78,91.98,92.14,92.37,92.56,92.61,92.55,92.54,92.48,92.44,92.41,92.34,92.27,92.19,92.15,92.14,92.06,92.03,92.12,92.31,92.55,92.84,93.10,93.37,93.65,93.90,94.19,94.46,94.66,94.71,94.70,94.69,94.69,94.69,94.70,94.71,94.72,94.72
111.81,111.75,111.67,111.63,111.59,111.52,111.46,111.39,111.33,111.31,111.23,111.16,111.09,111.02,110.95,110.92,110.87,110.80,110.73,110.66,110.63,110.58,110.50,110.43,110.36,110.28,110.14,109.80,109.13,108.34,107.52,106.68,105.91,106.15,106.76,107.39,107.81,108.18,108.28,107.64,105.86,104.08,101.69,99.41,97.43,95.37,95.63,97.19,99.17,100.78,101.91,101.53,100.39,98.92,96.74,97.24,99.16,101.97,105.63,109.13,111.43,112.71,113.03,111.71,110.35,108.80,106.94,105.09,103.43,101.94,100.71,99.86,98.89,98.77,99.25,100.18,101.67,103.11,103.17,101.88,100.69,100.11,100.07,100.27,100.62,102.03,103.83,106.61,109.82,110.34,110.68,111.02,111.34,111.65,111.98,112.29,112.53,112.66,112.81,112.76,112.56,112.25,112.00,111.70,111.44,111.20,110.98,110.80,110.70,110.66,110.66,110.66,110.71,110.75,110.74,110.67,110.54,110.44,110.35,110.27,110.13,109.98,109.78,109.55,109.36,109.17,108.89,108.52,108.08,107.69,107.23,106.69,106.06,105.38,104.74,104.08,103.39,102.70,102.05,101.37,100.67,100.08,99.83,99.71,99.62,99.54,99.45,99.30,99.15,98.99,98.85,98.75,98.75,98.80,98.79,98.58,98.45,98.44,98.49,98.54,98.60,98.78,99.02,99.23,99.43,99.60,99.70,99.63,99.22,98.53,98.17,98.08,98.01,98.01,98.18,98.41,98.59,98.53,98.11,97.38,96.46,95.52,94.59,93.62,92.66,91.73,90.81,90.22,89.91,89.81,89.75,89.67,89.59,89.50,89.46,89.52,89.58,89.63,89.64,89.66,89.66,89.66,89.66,89.66,89.65,89.68,89.74,89.81,89.88,90.01,90.19,90.42,90.64,90.82,91.02,91.23,91.40,91.61,91.84,92.04,92.21,92.43,92.47,92.42,92.36,92.35,92.29,92.22,92.18,92.15,92.08,92.00,91.96,91.94,91.89,92.01,92.24,92.50,92.74,92.98,93.26,93.54,93.79,94.08,94.34,94.61,94.82,94.78,94.72,94.66,94.62,94.63,94.68,94.74,94.81,94.85
111.74,111.67,111.59,111.54,111.49,111.41,111.37,111.30,111.24,111.20,111.13,111.08,111.02,110.94,110.87,110.83,110.76,110.70,110.65,110.58,110.53,110.48,110.41,110.36,110.29,110.21,110.02,109.51,108.81,108.04,107.26,106.43,105.57,105.42,105.81,106.42,106.78,107.17,107.39,106.94,105.35,103.77,101.78,99.75,97.70,95.40,94.86,96.06,98.14,99.92,101.04,100.96,100.07,98.48,96.19,96.58,98.47,101.34,105.22,108.91,111.13,112.32,112.83,111.91,110.72,109.26,107.46,105.65,103.89,102.27,100.83,99.62,98.43,98.43,99.19,100.30,101.51,102.53,102.34,101.07,99.95,99.30,99.16,99.35,99.82,100.95,104.35,107.86,110.06,110.45,110.79,111.11,111.43,111.77,112.02,112.26,112.46,112.57,112.68,112.71,112.56,112.30,112.06,111.79,111.53,111.27,111.05,110.92,110.83,110.78,110.79,110.83,110.87,110.87,110.82,110.70,110.58,110.50,110.41,110.33,110.18,110.05,109.90,109.74,109.58,109.34,109.01,108.61,108.18,107.76,107.33,106.82,106.19,105.50,104.87,104.21,103.52,102.82,102.19,101.53,100.86,100.29,99.99,99.84,99.77,99.72,99.63,99.49,99.34,99.18,99.05,99.05,99.12,99.19,99.23,99.11,99.05,99.09,99.20,99.31,99.36,99.48,99.64,99.77,99.94,100.04,100.07,99.96,99.56,98.99,98.73,98.71,98.64,98.60,98.75,98.91,98.92,98.67,98.02,97.18,96.25,95.32,94.36,93.40,92.43,91.47,90.52,90.03,89.82,89.74,89.67,89.59,89.49,89.40,89.37,89.40,89.44,89.48,89.51,89.52,89.52,89.52,89.52,89.56,89.62,89.72,89.81,89.89,89.97,90.10,90.26,90.44,90.66,90.86,91.08,91.28,91.45,91.67,91.91,92.09,92.21,92.34,92.31,92.23,92.17,92.16,92.10,92.02,91.97,91.96,91.89,91.81,91.78,91.82,91.89,92.12,92.39,92.65,92.88,93.11,93.40,93.68,93.92,94.19,94.43,94.67,94.85,94.84,94.77,94.63,94.48,94.38,94.33,94.37,94.45,94.52
111.67,111.59,111.52,111.45,111.38,111.31,111.28,111.23,111.16,111.09,111.02,110.99,110.94,110.87,110.80,110.73,110.65,110.59,110.58,110.51,110.44,110.36,110.30,110.28,110.22,110.12,109.84,109.16,108.47,107.72,106.94,106.16,105.33,104.78,104.90,105.46,105.78,106.15,106.48,106.19,104.71,103.15,101.62,99.90,97.81,95.38,94.16,94.95,96.97,98.78,99.91,100.16,99.46,97.71,95.47,95.98,97.95,100.85,104.74,108.59,110.77,111.86,112.52,112.03,111.04,109.68,107.98,106.21,104.47,102.75,101.04,99.39,98.02,98.06,98.99,100.25,101.20,101.83,101.56,100.52,99.47,98.60,98.22,98.35,99.02,99.92,105.34,109.59,110.24,110.57,110.88,111.19,111.52,111.85,112.04,112.20,112.35,112.49,112.58,112.65,112.58,112.36,112.13,111.89,111.61,111.34,111.14,111.04,110.97,110.93,110.94,110.99,111.00,110.96,110.86,110.72,110.64,110.55,110.47,110.38,110.24,110.14,110.06,109.96,109.79,109.45,109.07,108.69,108.28,107.84,107.43,106.94,106.32,105.63,105.00,104.34,103.64,102.95,102.33,101.67,101.05,100.56,100.23,100.04,99.96,99.94,99.87,99.70,99.53,99.38,99.27,99.38,99.48,99.56,99.63,99.63,99.62,99.69,99.83,99.95,99.98,100.03,100.09,100.11,100.19,100.21,100.16,100.04,99.75,99.46,99.33,99.32,99.25,99.18,99.29,99.35,99.16,98.72,97.91,96.98,96.05,95.11,94.12,93.15,92.18,91.18,90.24,89.89,89.76,89.68,89.61,89.53,89.42,89.30,89.28,89.28,89.28,89.32,89.38,89.39,89.39,89.41,89.44,89.53,89.67,89.81,89.93,90.01,90.09,90.22,90.34,90.47,90.68,90.91,91.14,91.35,91.52,91.73,91.95,92.11,92.16,92.17,92.12,92.04,91.98,91.97,91.91,91.83,91.78,91.77,91.70,91.63,91.64,91.76,91.99,92.27,92.53,92.77,93.00,93.23,93.52,93.79,94.03,94.26,94.48,94.66,94.80,94.86,94.82,94.64,94.40,94.19,93.97,93.94,93.99,94.05
111.55,111.47,111.44,111.38,111.30,111.23,111.17,111.11,111.05,111.02,110.94,110.88,110.82,110.75,110.73,110.66,110.58,110.51,110.46,110.44,110.37,110.30,110.22,110.16,110.09,109.89,109.48,108.78,108.09,107.34,106.57,105.79,105.00,104.30,104.13,104.45,104.76,105.14,105.51,105.41,104.35,103.04,101.64,99.89,97.57,94.77,93.48,93.97,95.48,96.94,98.02,98.38,97.78,96.04,94.14,95.44,97.94,100.87,104.36,108.07,110.30,111.42,111.98,111.83,111.18,110.08,108.54,106.77,104.93,103.04,101.14,99.31,97.79,97.55,98.19,99.26,100.10,100.81,100.77,99.97,99.06,98.16,97.81,98.09,99.07,100.79,106.18,110.05,110.38,110.70,111.00,111.31,111.60,111.81,111.98,112.13,112.27,112.37,112.50,112.59,112.57,112.42,112.19,111.96,111.68,111.43,111.31,111.17,111.12,111.11,111.11,111.13,111.09,111.00,110.88,110.78,110.70,110.58,110.47,110.39,110.29,110.21,110.14,110.04,109.87,109.52,109.14,108.75,108.36,107.95,107.52,107.03,106.44,105.75,105.12,104.46,103.77,103.08,102.45,101.89,101.39,100.98,100.66,100.43,100.33,100.32,100.27,100.01,99.76,99.58,99.51,99.63,99.77,99.88,99.95,100.01,99.98,100.00,100.09,100.14,100.19,100.22,100.26,100.31,100.34,100.30,100.21,100.07,99.93,99.83,99.79,99.78,99.76,99.74,99.70,99.62,99.35,98.62,97.73,96.77,95.79,94.81,93.80,92.78,91.73,90.75,90.08,89.85,89.74,89.63,89.60,89.53,89.41,89.27,89.17,89.16,89.16,89.19,89.25,89.26,89.31,89.39,89.50,89.63,89.78,89.90,90.00,90.08,90.21,90.32,90.43,90.57,90.75,90.97,91.20,91.41,91.58,91.80,91.96,92.02,91.99,91.99,91.93,91.85,91.79,91.78,91.72,91.64,91.59,91.58,91.51,91.51,91.62,91.82,92.10,92.36,92.60,92.84,93.06,93.30,93.58,93.86,94.09,94.32,94.47,94.58,94.68,94.75,94.79,94.77,94.71,94.56,94.30,94.12,94.00,93.89
111.45,111.38,111.34,111.29,111.22,111.16,111.09,111.02,110.95,110.92,110.85,110.79,110.73,110.66,110.63,110.56,110.50,110.44,110.37,110.34,110.28,110.21,110.15,110.08,109.98,109.65,109.10,108.41,107.74,107.00,106.22,105.45,104.68,103.91,103.49,103.50,103.78,104.16,104.54,104.59,103.88,102.73,101.45,99.56,96.83,93.69,92.38,92.59,93.63,94.75,95.49,95.84,95.39,94.12,93.65,95.60,98.35,101.23,104.32,107.60,109.77,110.96,111.47,111.56,111.11,110.26,108.97,107.12,105.14,103.13,101.15,99.29,97.79,97.08,97.21,98.09,98.87,99.63,99.75,99.19,98.36,97.43,97.35,98.00,99.35,102.38,107.16,110.25,110.51,110.79,111.07,111.34,111.58,111.76,111.92,112.07,112.20,112.28,112.43,112.51,112.51,112.43,112.25,112.03,111.76,111.54,111.45,111.31,111.27,111.27,111.26,111.23,111.15,111.03,110.91,110.83,110.73,110.61,110.51,110.42,110.35,110.25,110.16,110.06,109.90,109.58,109.20,108.81,108.43,108.04,107.62,107.13,106.56,105.88,105.25,104.59,103.90,103.22,102.65,102.19,101.80,101.42,101.11,100.83,100.70,100.70,100.64,100.30,99.96,99.77,99.78,99.90,100.03,100.13,100.21,100.28,100.26,100.26,100.30,100.31,100.38,100.40,100.42,100.46,100.44,100.35,100.24,100.12,100.05,100.03,100.03,100.03,100.03,100.01,99.92,99.79,99.47,98.54,97.58,96.60,95.59,94.56,93.53,92.47,91.39,90.44,90.00,89.84,89.74,89.64,89.63,89.54,89.41,89.25,89.12,89.07,89.06,89.09,89.14,89.19,89.28,89.43,89.60,89.76,89.91,90.02,90.09,90.18,90.30,90.41,90.54,90.69,90.85,91.05,91.27,91.47,91.63,91.79,91.87,91.87,91.80,91.80,91.74,91.66,91.60,91.59,91.53,91.45,91.40,91.40,91.37,91.46,91.64,91.89,92.19,92.44,92.67,92.90,93.13,93.36,93.63,93.88,94.09,94.29,94.40,94.47,94.55,94.63,94.70,94.78,94.82,94.75,94.58,94.44,94.32,94.18
111.38,111.31,111.24,111.16,111.11,111.09,111.02,110.94,110.88,110.80,110.73,110.70,110.66,110.59,110.51,110.44,110.41,110.38,110.30,110.23,110.16,110.11,110.09,110.01,109.86,109.40,108.72,108.04,107.40,106.67,105.90,105.14,104.36,103.59,102.96,102.64,102.86,103.22,103.60,103.74,103.30,102.22,101.04,98.91,95.59,92.24,90.97,90.94,91.57,92.38,92.59,92.81,92.67,92.34,94.07,96.48,99.11,101.83,104.53,107.18,109.22,110.51,111.00,111.23,110.85,110.21,109.26,107.30,105.18,103.10,101.12,99.32,97.97,96.72,96.21,96.86,97.62,98.33,98.55,98.16,97.38,96.48,96.84,98.01,99.76,104.31,108.23,110.33,110.62,110.85,111.09,111.29,111.47,111.69,111.86,112.00,112.13,112.22,112.36,112.40,112.40,112.38,112.28,112.08,111.85,111.67,111.58,111.44,111.39,111.39,111.37,111.30,111.17,111.06,110.97,110.89,110.75,110.65,110.56,110.48,110.41,110.28,110.16,110.06,109.90,109.61,109.25,108.87,108.49,108.10,107.71,107.26,106.69,106.01,105.38,104.72,104.03,103.38,102.94,102.59,102.24,101.87,101.55,101.24,101.09,101.06,100.95,100.57,100.17,99.96,100.08,100.16,100.25,100.33,100.41,100.48,100.49,100.49,100.50,100.50,100.56,100.59,100.58,100.58,100.51,100.39,100.27,100.19,100.12,100.10,100.09,100.09,100.09,100.02,99.99,99.90,99.53,98.56,97.55,96.55,95.53,94.46,93.39,92.32,91.27,90.39,90.04,89.88,89.77,89.71,89.69,89.57,89.41,89.26,89.11,89.03,89.00,89.01,89.05,89.18,89.33,89.52,89.72,89.88,90.03,90.14,90.22,90.30,90.39,90.51,90.66,90.81,90.97,91.13,91.33,91.54,91.66,91.69,91.70,91.68,91.61,91.61,91.55,91.47,91.41,91.40,91.34,91.27,91.22,91.24,91.30,91.48,91.70,91.95,92.24,92.50,92.73,92.96,93.19,93.42,93.66,93.85,94.01,94.17,94.26,94.34,94.42,94.50,94.58,94.65,94.70,94.70,94.74,94.78,94.80,94.77
111.26,111.19,111.15,111.09,111.03,110.97,110.90,110.86,110.80,110.73,110.66,110.60,110.56,110.52,110.44,110.36,110.34,110.31,110.24,110.21,110.14,110.08,110.04,109.98,109.62,109.06,108.40,107.71,107.04,106.30,105.55,104.81,104.04,103.27,102.55,102.04,102.10,102.35,102.67,102.90,102.74,101.71,100.54,97.95,93.90,90.97,90.07,90.00,90.25,90.63,90.72,90.88,91.38,92.65,95.34,97.85,100.06,102.18,104.55,106.83,108.80,110.13,110.51,110.76,110.57,110.10,109.26,107.58,105.54,103.35,101.20,99.38,98.01,96.72,95.84,95.81,96.47,97.17,97.40,97.05,96.31,95.89,96.67,98.11,100.10,105.36,108.80,110.40,110.67,110.83,111.04,111.23,111.40,111.63,111.79,111.94,112.07,112.15,112.25,112.28,112.28,112.27,112.23,112.12,111.95,111.80,111.72,111.61,111.55,111.50,111.44,111.32,111.21,111.09,110.98,110.90,110.79,110.71,110.61,110.50,110.41,110.28,110.14,110.01,109.84,109.56,109.23,108.89,108.55,108.17,107.78,107.35,106.82,106.13,105.50,104.86,104.25,103.76,103.40,103.05,102.70,102.35,102.00,101.68,101.50,101.41,101.14,100.79,100.47,100.28,100.35,100.42,100.50,100.57,100.65,100.73,100.74,100.74,100.74,100.74,100.73,100.72,100.71,100.65,100.58,100.48,100.36,100.26,100.22,100.18,100.16,100.16,100.15,100.08,100.06,100.00,99.75,99.03,98.07,97.07,96.06,95.02,93.99,92.95,92.01,91.27,90.70,90.19,89.88,89.81,89.76,89.63,89.47,89.30,89.11,88.98,88.94,88.96,89.03,89.22,89.43,89.62,89.80,90.00,90.12,90.24,90.35,90.43,90.50,90.64,90.77,90.89,91.04,91.20,91.40,91.56,91.57,91.53,91.52,91.49,91.42,91.42,91.36,91.28,91.22,91.21,91.15,91.10,91.09,91.16,91.32,91.53,91.77,92.00,92.26,92.54,92.79,93.03,93.25,93.49,93.66,93.78,93.89,94.00,94.08,94.18,94.29,94.37,94.45,94.50,94.54,94.58,94.66,94.74,94.78,94.78
111.17,111.09,111.06,111.02,110.95,110.88,110.80,110.78,110.74,110.67,110.59,110.53,110.49,110.46,110.38,110.32,110.29,110.26,110.20,110.18,110.11,110.05,109.96,109.75,109.12,108.47,107.85,107.18,106.52,105.88,105.22,104.50,103.73,102.97,102.20,101.55,101.39,101.54,101.81,102.08,102.07,101.15,99.63,96.47,92.11,89.92,89.34,89.31,89.42,89.55,89.68,90.12,91.41,93.92,96.99,99.29,101.08,102.72,104.72,106.79,108.56,109.70,109.96,110.15,110.05,109.61,108.70,107.30,105.54,103.45,101.28,99.41,98.02,96.79,95.75,95.13,95.41,96.03,96.27,95.94,95.28,95.25,96.41,98.13,100.29,105.84,109.05,110.40,110.64,110.75,110.95,111.15,111.33,111.54,111.72,111.88,112.00,112.08,112.14,112.15,112.15,112.15,112.13,112.06,111.96,111.86,111.77,111.68,111.60,111.52,111.43,111.30,111.21,111.10,110.98,110.90,110.83,110.75,110.64,110.50,110.40,110.26,110.11,109.95,109.72,109.46,109.18,108.88,108.56,108.22,107.84,107.44,106.94,106.26,105.65,105.07,104.57,104.19,103.87,103.51,103.15,102.83,102.47,102.14,101.90,101.72,101.38,101.06,100.81,100.64,100.63,100.68,100.76,100.85,100.90,100.96,100.97,100.97,100.97,100.94,100.88,100.84,100.80,100.72,100.64,100.56,100.46,100.35,100.32,100.26,100.22,100.22,100.22,100.14,100.11,100.07,99.92,99.46,98.63,97.69,96.73,95.76,94.80,93.85,93.02,92.36,91.55,90.77,90.25,90.03,89.83,89.66,89.50,89.31,89.11,88.93,88.88,88.92,89.06,89.28,89.50,89.69,89.88,90.08,90.19,90.31,90.43,90.52,90.60,90.74,90.87,90.97,91.10,91.24,91.41,91.51,91.43,91.37,91.34,91.30,91.23,91.23,91.16,91.10,91.05,91.03,90.97,90.97,91.03,91.15,91.36,91.60,91.83,92.06,92.30,92.59,92.86,93.08,93.27,93.47,93.59,93.68,93.76,93.84,93.91,94.02,94.14,94.22,94.30,94.33,94.36,94.43,94.51,94.60,94.65,94.67
111.10,111.02,110.95,110.92,110.89,110.81,110.73,110.72,110.68,110.61,110.53,110.50,110.47,110.40,110.32,110.30,110.26,110.21,110.19,110.13,110.05,110.00,109.85,109.19,108.23,107.48,106.91,106.28,105.72,105.37,104.93,104.18,103.41,102.69,101.91,101.16,100.73,100.78,101.03,101.25,101.16,100.47,98.02,94.26,90.34,89.19,88.77,88.84,89.16,89.45,89.76,91.01,93.20,96.13,98.97,100.70,102.13,103.63,105.24,107.22,108.52,109.15,109.31,109.35,109.15,108.47,107.31,106.04,104.80,103.18,101.27,99.41,98.02,96.90,95.89,95.00,94.48,94.90,95.15,94.88,94.32,94.39,95.89,97.97,100.24,105.66,108.91,110.29,110.46,110.61,110.82,111.05,111.25,111.43,111.64,111.81,111.94,112.01,112.02,112.03,112.03,112.01,111.95,111.87,111.83,111.78,111.70,111.56,111.47,111.39,111.31,111.23,111.15,111.06,110.98,110.90,110.82,110.75,110.64,110.49,110.34,110.19,110.07,109.91,109.51,109.29,109.07,108.81,108.51,108.25,107.91,107.52,107.06,106.40,105.82,105.38,105.01,104.63,104.31,103.95,103.59,103.28,102.96,102.60,102.27,102.00,101.74,101.44,101.19,101.00,100.94,100.94,101.05,101.14,101.15,101.16,101.16,101.16,101.14,101.08,101.00,100.93,100.86,100.78,100.70,100.63,100.55,100.46,100.39,100.32,100.28,100.28,100.28,100.21,100.14,100.07,99.95,99.68,99.03,98.26,97.43,96.55,95.68,94.89,94.16,93.44,92.50,91.69,90.99,90.40,89.88,89.66,89.47,89.26,89.09,88.88,88.81,88.90,89.11,89.34,89.52,89.72,89.92,90.09,90.23,90.34,90.45,90.58,90.67,90.80,90.95,91.08,91.17,91.26,91.32,91.32,91.25,91.23,91.18,91.11,91.05,91.04,90.97,90.93,90.91,90.85,90.83,90.91,91.05,91.20,91.43,91.66,91.89,92.13,92.36,92.65,92.92,93.11,93.22,93.31,93.44,93.56,93.63,93.71,93.79,93.87,93.95,94.03,94.11,94.15,94.16,94.25,94.33,94.45,94.53,94.54
110.99,110.95,110.88,110.83,110.79,110.74,110.67,110.65,110.61,110.54,110.47,110.45,110.41,110.34,110.31,110.26,110.20,110.15,110.14,110.11,110.04,109.93,109.55,108.39,107.13,106.23,105.62,105.00,104.46,104.18,104.02,103.74,103.12,102.40,101.61,100.76,99.95,99.56,99.71,99.95,99.68,98.58,96.03,92.70,89.58,88.67,88.63,88.94,89.47,90.32,91.63,93.67,96.09,98.55,100.43,101.77,103.11,104.57,106.02,107.22,107.89,108.17,108.26,108.44,108.09,107.41,106.40,104.80,103.41,102.19,100.92,99.39,98.17,97.09,96.06,95.08,94.25,94.11,94.06,93.87,93.56,93.60,95.13,97.42,99.91,104.46,108.22,110.17,110.31,110.44,110.65,110.88,111.10,111.30,111.52,111.70,111.83,111.89,111.90,111.90,111.88,111.84,111.80,111.73,111.68,111.63,111.54,111.43,111.34,111.27,111.19,111.11,111.03,110.96,110.89,110.85,110.78,110.69,110.59,110.43,110.29,110.16,110.00,109.74,109.27,108.95,108.73,108.52,108.25,108.05,107.80,107.52,107.16,106.64,106.16,105.76,105.41,105.02,104.67,104.29,103.94,103.63,103.28,102.90,102.53,102.22,102.02,101.80,101.56,101.37,101.27,101.25,101.33,101.40,101.40,101.40,101.37,101.31,101.23,101.16,101.08,101.00,100.92,100.84,100.77,100.69,100.62,100.53,100.46,100.39,100.35,100.35,100.34,100.27,100.20,100.12,100.03,99.85,99.25,98.45,97.55,96.51,95.46,94.57,93.79,93.05,92.28,91.63,90.92,90.19,89.77,89.56,89.36,89.15,88.99,88.77,88.75,88.88,89.08,89.31,89.51,89.72,89.93,90.09,90.21,90.30,90.40,90.55,90.63,90.77,90.91,91.01,91.09,91.20,91.23,91.18,91.11,91.06,90.99,90.93,90.90,90.86,90.78,90.75,90.74,90.72,90.77,90.90,91.07,91.26,91.49,91.73,91.95,92.19,92.42,92.65,92.93,93.16,93.21,93.28,93.38,93.46,93.51,93.58,93.66,93.74,93.81,93.89,93.97,94.02,94.08,94.16,94.23,94.31,94.37,94.41
110.89,110.88,110.81,110.75,110.70,110.68,110.62,110.59,110.56,110.49,110.43,110.41,110.37,110.31,110.30,110.24,110.16,110.11,110.11,110.10,110.04,109.83,109.18,107.60,106.05,104.95,104.21,103.61,103.06,102.78,102.83,103.05,102.69,102.06,101.29,100.34,99.08,98.02,97.93,98.17,97.77,96.33,93.95,91.33,89.12,88.31,88.71,89.43,90.39,92.04,94.34,96.75,98.96,100.70,101.66,102.79,104.03,105.29,106.44,106.85,106.99,107.05,107.14,107.48,107.03,106.39,105.57,103.78,102.08,101.04,100.33,99.23,98.29,97.27,96.22,95.22,94.23,93.55,93.15,92.95,92.88,92.86,94.35,96.77,99.44,103.11,107.22,109.74,110.10,110.25,110.47,110.70,110.93,111.16,111.39,111.58,111.70,111.75,111.75,111.75,111.73,111.67,111.65,111.58,111.51,111.44,111.36,111.29,111.22,111.14,111.06,110.98,110.91,110.83,110.77,110.77,110.71,110.63,110.53,110.38,110.23,110.13,109.92,109.53,109.01,108.58,108.32,108.13,107.91,107.74,107.58,107.40,107.14,106.79,106.44,106.08,105.72,105.35,104.98,104.60,104.23,103.91,103.53,103.14,102.75,102.42,102.25,102.08,101.89,101.69,101.57,101.53,101.56,101.58,101.57,101.57,101.51,101.41,101.28,101.21,101.14,101.06,100.98,100.91,100.83,100.76,100.67,100.60,100.52,100.46,100.42,100.41,100.39,100.32,100.24,100.17,100.09,99.98,99.30,98.39,97.34,96.11,94.87,93.80,92.89,92.13,91.57,91.13,90.53,89.84,89.60,89.44,89.24,89.03,88.86,88.66,88.69,88.84,89.02,89.24,89.47,89.69,89.91,90.06,90.16,90.23,90.34,90.48,90.56,90.69,90.81,90.90,90.98,91.11,91.13,91.05,90.96,90.88,90.81,90.76,90.74,90.68,90.59,90.57,90.58,90.61,90.74,90.91,91.09,91.32,91.55,91.79,92.02,92.24,92.43,92.57,92.87,93.20,93.25,93.32,93.39,93.43,93.46,93.52,93.59,93.67,93.75,93.81,93.90,93.97,94.03,94.13,94.21,94.24,94.28,94.34
110.83,110.82,110.75,110.71,110.68,110.63,110.60,110.56,110.52,110.50,110.48,110.43,110.39,110.36,110.31,110.28,110.22,110.17,110.17,110.12,110.04,109.69,108.78,107.03,105.26,103.80,102.77,102.21,101.67,101.35,101.36,101.66,101.83,101.59,100.98,99.88,98.00,95.95,95.23,95.27,95.11,94.06,91.97,89.94,88.59,88.23,89.00,90.56,92.76,95.55,97.97,99.50,100.66,101.80,102.69,103.96,104.88,105.27,105.50,105.72,105.82,105.90,106.10,106.47,106.13,105.43,104.57,103.50,101.58,100.12,99.28,98.70,98.17,97.30,96.28,95.28,94.28,93.41,92.73,92.32,92.24,92.23,93.71,96.15,98.83,102.22,105.77,108.38,109.60,110.07,110.34,110.57,110.79,110.98,111.25,111.45,111.55,111.57,111.57,111.57,111.56,111.53,111.47,111.40,111.32,111.24,111.17,111.15,111.09,111.01,110.94,110.86,110.78,110.70,110.65,110.64,110.63,110.57,110.47,110.32,110.22,110.09,109.78,109.28,108.75,108.23,107.91,107.69,107.47,107.30,107.15,106.96,106.73,106.53,106.32,106.08,105.81,105.53,105.22,104.85,104.47,104.10,103.72,103.33,102.94,102.60,102.38,102.22,102.05,101.90,101.80,101.69,101.58,101.50,101.45,101.44,101.43,101.37,101.30,101.27,101.20,101.13,101.05,100.97,100.89,100.81,100.74,100.66,100.59,100.56,100.52,100.46,100.40,100.32,100.25,100.17,100.09,99.97,99.07,97.89,96.66,95.42,94.13,92.92,91.83,90.95,90.42,90.19,89.94,89.64,89.47,89.31,89.11,88.90,88.74,88.57,88.59,88.73,88.95,89.18,89.36,89.57,89.79,89.99,90.09,90.17,90.27,90.42,90.50,90.59,90.71,90.83,90.92,91.01,91.00,90.90,90.78,90.69,90.61,90.57,90.56,90.48,90.41,90.40,90.47,90.59,90.74,90.94,91.16,91.39,91.62,91.85,92.08,92.26,92.27,92.30,92.67,93.19,93.41,93.51,93.54,93.58,93.63,93.65,93.72,93.79,93.86,93.89,94.00,94.03,94.06,94.25,94.33,94.40,94.44,94.46
110.60,110.59,110.56,110.53,110.53,110.52,110.52,110.49,110.46,110.45,110.42,110.38,110.36,110.34,110.27,110.26,110.21,110.16,110.15,110.11,110.04,109.52,108.31,106.41,104.56,102.92,101.61,100.84,100.24,99.84,99.92,100.57,101.04,100.97,100.19,98.62,96.19,93.82,92.63,92.33,92.33,91.74,90.27,88.83,88.10,88.61,90.24,92.74,95.61,98.20,99.95,100.95,101.73,102.53,103.11,103.88,104.33,104.37,104.26,104.51,104.65,104.76,105.05,105.44,105.24,104.58,103.66,102.80,101.19,99.79,98.86,98.31,97.77,96.97,96.09,95.21,94.22,93.35,92.60,92.00,91.69,91.61,92.81,95.02,97.83,101.02,104.04,106.51,108.24,109.41,110.05,110.42,110.68,110.94,111.21,111.30,111.31,111.33,111.34,111.36,111.38,111.36,111.29,111.24,111.17,111.09,111.03,110.99,110.94,110.89,110.81,110.73,110.65,110.58,110.52,110.52,110.52,110.47,110.37,110.26,110.17,109.99,109.61,109.07,108.53,107.96,107.54,107.25,107.06,106.87,106.70,106.53,106.33,106.15,105.99,105.81,105.60,105.37,105.12,104.82,104.51,104.21,103.89,103.52,103.14,102.77,102.52,102.34,102.15,101.95,101.77,101.59,101.43,101.31,101.24,101.23,101.23,101.23,101.23,101.25,101.19,101.11,101.04,101.00,100.92,100.84,100.78,100.72,100.65,100.61,100.55,100.48,100.40,100.32,100.25,100.17,100.09,99.97,98.93,97.59,96.22,94.89,93.52,92.18,91.01,90.21,89.85,89.70,89.58,89.45,89.30,89.14,88.96,88.77,88.62,88.47,88.49,88.66,88.88,89.08,89.25,89.44,89.67,89.89,90.02,90.11,90.20,90.32,90.43,90.52,90.61,90.73,90.81,90.91,90.90,90.77,90.63,90.54,90.44,90.38,90.37,90.29,90.27,90.32,90.44,90.62,90.78,90.98,91.22,91.45,91.68,91.84,91.98,92.08,92.02,92.00,92.39,93.06,93.59,93.68,93.70,93.74,93.78,93.82,93.89,93.95,93.99,94.03,94.16,94.15,94.16,94.41,94.50,94.56,94.58,94.59
110.22,110.22,110.22,110.22,110.24,110.30,110.31,110.31,110.31,110.30,110.24,110.23,110.23,110.22,110.16,110.15,110.11,110.07,110.08,110.04,109.94,109.22,107.69,105.70,103.87,102.14,100.60,99.53,98.80,98.27,98.44,99.49,100.09,99.99,98.88,96.76,93.92,91.72,90.30,89.64,89.70,89.52,88.77,87.96,87.73,89.16,91.78,95.08,98.21,99.99,100.79,101.48,102.20,102.81,102.96,102.99,102.99,102.96,102.88,103.24,103.48,103.64,103.98,104.42,104.37,103.81,102.86,101.98,100.95,99.84,98.81,98.06,97.30,96.52,95.79,95.07,94.13,93.35,92.61,91.88,91.26,91.03,91.76,93.58,96.55,99.56,102.17,104.42,106.42,108.37,109.62,110.28,110.63,110.98,111.19,111.12,111.02,111.08,111.10,111.16,111.20,111.17,111.10,111.09,111.03,110.96,110.89,110.82,110.79,110.75,110.68,110.61,110.53,110.45,110.39,110.39,110.39,110.34,110.27,110.19,110.11,109.84,109.41,108.88,108.32,107.73,107.22,106.84,106.66,106.45,106.27,106.10,105.93,105.71,105.54,105.39,105.21,104.98,104.81,104.60,104.39,104.21,103.99,103.66,103.28,102.94,102.63,102.43,102.17,101.87,101.58,101.34,101.17,101.05,100.99,100.98,100.99,101.03,101.10,101.16,101.12,101.05,100.99,100.97,100.91,100.83,100.79,100.77,100.70,100.62,100.54,100.47,100.39,100.31,100.23,100.16,100.07,99.91,98.77,97.31,95.84,94.38,92.92,91.50,90.36,89.78,89.61,89.47,89.35,89.25,89.10,88.94,88.78,88.63,88.49,88.35,88.42,88.60,88.82,88.98,89.14,89.33,89.56,89.77,89.93,90.04,90.13,90.22,90.35,90.45,90.52,90.60,90.69,90.82,90.80,90.66,90.51,90.42,90.29,90.19,90.17,90.12,90.17,90.29,90.46,90.68,90.84,91.05,91.28,91.49,91.70,91.76,91.77,91.77,91.70,91.69,92.08,92.87,93.76,93.84,93.87,93.91,93.93,94.00,94.07,94.11,94.14,94.21,94.33,94.29,94.30,94.58,94.68,94.70,94.71,94.72
109.56,109.56,109.61,109.63,109.64,109.66,109.71,109.73,109.75,109.78,109.77,109.80,109.83,109.82,109.80,109.85,109.85,109.87,109.92,109.69,109.33,108.31,106.56,104.83,103.03,101.21,99.57,98.39,97.38,96.62,96.63,97.55,98.03,97.66,96.34,94.17,91.50,89.94,88.91,88.28,88.08,87.92,87.54,87.41,87.92,89.40,92.11,95.41,98.44,100.07,100.65,101.05,101.45,101.78,101.73,101.61,101.53,101.47,101.48,101.94,102.30,102.57,102.95,103.41,103.47,103.07,102.31,101.69,101.16,100.12,98.86,98.08,97.27,96.47,95.72,94.98,94.14,93.37,92.64,91.91,91.18,90.65,90.79,92.06,94.89,97.84,100.42,102.67,104.71,106.84,108.96,110.22,110.72,111.02,111.04,110.88,110.76,110.83,110.89,111.04,111.08,110.98,110.91,110.90,110.85,110.79,110.76,110.69,110.63,110.59,110.55,110.48,110.40,110.32,110.27,110.27,110.27,110.25,110.20,110.13,110.04,109.67,109.16,108.63,108.08,107.52,106.98,106.54,106.24,106.05,105.85,105.66,105.49,105.27,105.10,104.95,104.77,104.55,104.38,104.21,104.04,103.89,103.76,103.51,103.25,103.00,102.64,102.32,101.98,101.64,101.33,101.04,100.89,100.80,100.73,100.73,100.78,100.84,100.92,100.99,101.02,100.98,100.91,100.87,100.84,100.78,100.74,100.72,100.64,100.56,100.48,100.41,100.33,100.25,100.17,100.10,99.98,99.61,98.19,96.53,94.95,93.48,92.01,90.78,89.95,89.64,89.44,89.28,89.14,89.00,88.85,88.69,88.54,88.40,88.31,88.30,88.41,88.59,88.81,88.97,89.13,89.32,89.53,89.66,89.81,89.95,90.06,90.14,90.24,90.32,90.40,90.48,90.56,90.70,90.71,90.59,90.44,90.30,90.16,90.02,89.96,90.02,90.14,90.31,90.51,90.69,90.89,91.11,91.31,91.43,91.51,91.49,91.46,91.46,91.44,91.43,91.83,92.71,93.92,94.08,94.05,94.06,94.11,94.19,94.22,94.26,94.32,94.38,94.35,94.30,94.39,94.71,94.81,94.84,94.84,94.81
108.62,108.65,108.69,108.72,108.72,108.75,108.80,108.85,108.93,109.04,109.12,109.22,109.30,109.36,109.42,109.48,109.50,109.51,109.50,109.16,108.44,107.33,105.86,104.23,102.41,100.41,98.55,97.22,96.02,95.02,94.66,95.13,95.48,95.04,93.71,91.70,89.61,88.42,87.61,87.04,86.75,86.68,86.64,86.96,87.82,89.16,91.36,94.05,96.54,97.95,98.89,99.59,100.08,100.28,100.24,100.07,99.98,100.02,100.18,100.69,101.17,101.59,102.03,102.53,102.82,102.86,102.67,102.36,101.59,100.28,98.89,98.11,97.27,96.47,95.70,94.93,94.15,93.38,92.65,91.94,91.17,90.47,90.17,90.88,93.19,95.97,98.57,100.94,103.18,105.65,108.42,110.13,110.77,110.88,110.79,110.61,110.52,110.62,110.75,110.92,110.93,110.80,110.72,110.71,110.68,110.63,110.60,110.53,110.47,110.43,110.40,110.34,110.27,110.21,110.16,110.14,110.14,110.14,110.11,110.00,109.74,109.27,108.74,108.22,107.68,107.16,106.64,106.16,105.78,105.62,105.42,105.22,105.05,104.85,104.67,104.50,104.33,104.13,103.95,103.78,103.63,103.49,103.43,103.29,103.12,102.90,102.52,102.13,101.75,101.38,101.07,100.74,100.61,100.56,100.52,100.54,100.60,100.68,100.75,100.81,100.88,100.89,100.84,100.77,100.74,100.70,100.66,100.63,100.57,100.50,100.44,100.38,100.30,100.22,100.14,100.07,99.86,99.10,97.47,95.71,94.08,92.59,91.16,90.20,89.68,89.52,89.29,89.12,88.97,88.81,88.66,88.50,88.35,88.22,88.19,88.27,88.41,88.58,88.78,88.94,89.09,89.27,89.43,89.54,89.68,89.84,89.96,90.04,90.12,90.20,90.28,90.35,90.46,90.59,90.61,90.53,90.37,90.22,90.08,89.88,89.69,89.92,90.13,90.34,90.54,90.72,90.92,91.10,91.22,91.25,91.25,91.19,91.15,91.15,91.15,91.15,91.55,92.49,93.91,94.25,94.26,94.24,94.27,94.34,94.38,94.43,94.51,94.53,94.36,94.33,94.39,94.37,94.21,94.09,94.06,94.09
107.46,107.53,107.56,107.57,107.60,107.67,107.70,107.80,107.97,108.18,108.39,108.55,108.72,108.89,109.01,109.09,109.07,108.98,108.83,108.47,107.37,106.40,105.61,103.92,102.06,99.83,97.58,95.98,94.67,93.47,92.61,92.36,92.65,92.34,91.19,89.54,88.29,87.14,86.31,85.81,85.70,85.88,86.17,86.66,87.42,88.47,89.69,91.27,92.84,93.88,95.57,97.11,98.12,98.44,98.58,98.41,98.39,98.63,99.00,99.53,100.12,100.69,101.23,101.86,102.51,103.27,103.97,103.99,102.19,100.28,98.89,98.11,97.28,96.48,95.70,94.93,94.16,93.39,92.65,91.94,91.17,90.47,89.94,90.09,91.57,94.07,96.70,99.28,101.93,104.97,108.09,110.04,110.74,110.56,110.44,110.31,110.29,110.45,110.66,110.77,110.74,110.61,110.53,110.52,110.51,110.49,110.42,110.34,110.31,110.28,110.22,110.20,110.13,110.09,110.06,110.00,109.99,109.98,109.95,109.77,109.19,108.63,108.11,107.62,107.09,106.60,106.13,105.66,105.27,105.16,104.98,104.78,104.62,104.45,104.25,104.06,103.90,103.73,103.52,103.34,103.19,103.06,103.04,103.02,102.90,102.65,102.27,101.89,101.50,101.13,100.81,100.44,100.33,100.32,100.33,100.40,100.47,100.55,100.61,100.63,100.70,100.76,100.77,100.70,100.63,100.61,100.57,100.52,100.50,100.44,100.40,100.38,100.29,100.22,100.14,100.06,99.74,98.40,96.62,94.86,93.24,91.77,90.45,89.81,89.56,89.39,89.17,89.00,88.84,88.69,88.53,88.38,88.22,88.11,88.13,88.25,88.41,88.56,88.73,88.88,89.04,89.16,89.27,89.41,89.56,89.71,89.83,89.91,89.99,90.07,90.15,90.24,90.37,90.47,90.50,90.46,90.31,90.16,90.05,89.76,89.38,89.80,90.14,90.37,90.55,90.75,90.92,90.99,90.99,90.94,90.93,90.87,90.83,90.83,90.83,90.83,91.23,92.20,93.74,94.35,94.48,94.45,94.41,94.48,94.54,94.61,94.67,94.63,94.32,94.31,94.21,93.48,92.80,92.42,92.34,92.52
106.63,106.75,106.89,107.02,107.15,107.27,107.40,107.55,107.74,107.97,108.20,108.37,108.47,108.52,108.54,108.53,108.45,108.33,108.20,107.96,107.02,105.95,104.88,103.46,101.84,99.67,97.14,94.77,93.03,91.73,90.85,90.46,90.53,90.29,89.35,87.95,86.91,85.84,85.26,85.28,85.88,86.43,86.92,87.40,87.84,88.24,88.82,89.66,90.55,91.24,92.32,93.90,95.37,96.27,96.65,96.76,96.97,97.36,97.85,98.57,99.30,99.98,100.66,101.59,102.79,104.12,105.34,105.62,102.78,100.28,98.89,98.11,97.31,96.53,95.76,94.98,94.21,93.44,92.69,91.94,91.17,90.47,89.80,89.63,90.67,92.94,95.55,98.46,101.67,104.90,108.25,110.17,110.66,110.32,109.91,109.93,110.16,110.37,110.59,110.63,110.57,110.46,110.35,110.33,110.33,110.32,110.28,110.21,110.16,110.11,110.07,109.98,109.83,109.75,109.73,109.66,109.61,109.60,109.50,109.18,108.56,107.86,107.27,106.80,106.30,105.80,105.31,104.89,104.62,104.67,104.56,104.37,104.18,104.02,103.84,103.65,103.46,103.30,103.12,102.95,102.80,102.67,102.66,102.66,102.59,102.39,102.01,101.66,101.30,100.92,100.56,100.18,100.04,100.05,100.14,100.21,100.29,100.37,100.44,100.49,100.56,100.64,100.67,100.63,100.56,100.54,100.50,100.45,100.44,100.38,100.34,100.32,100.24,100.17,100.08,99.99,99.52,97.64,95.51,93.47,91.74,90.67,89.96,89.61,89.43,89.27,89.09,88.89,88.71,88.56,88.40,88.25,88.09,88.00,88.05,88.19,88.35,88.50,88.66,88.81,88.97,89.11,89.23,89.39,89.50,89.58,89.64,89.69,89.80,89.92,90.02,90.10,90.21,90.30,90.36,90.36,90.29,90.15,90.02,89.64,89.14,89.66,90.07,90.34,90.52,90.62,90.69,90.71,90.69,90.62,90.61,90.55,90.51,90.51,90.51,90.51,90.93,91.93,93.49,94.46,94.73,94.70,94.64,94.66,94.70,94.75,94.76,94.52,94.05,93.58,92.89,91.80,91.07,90.76,90.71,90.85
106.11,106.28,106.49,106.72,106.92,107.09,107.31,107.50,107.69,107.88,108.04,108.15,108.15,108.07,107.99,107.90,107.78,107.66,107.56,107.42,106.80,105.70,104.28,103.05,101.63,99.47,96.64,93.55,91.43,90.19,89.44,89.04,88.88,88.64,87.82,86.57,85.52,84.72,84.66,85.31,86.52,87.38,87.98,88.47,88.84,89.07,89.50,90.04,90.57,90.97,91.29,92.21,93.42,94.48,95.03,95.47,95.90,96.36,96.95,97.76,98.59,99.38,100.19,101.44,103.10,104.88,106.50,107.20,103.48,100.38,98.89,98.12,97.34,96.57,95.80,95.02,94.25,93.49,92.71,91.94,91.17,90.47,89.70,89.32,90.06,92.02,94.75,98.03,101.71,105.16,108.55,110.31,110.57,110.12,109.36,109.45,109.91,110.27,110.50,110.49,110.40,110.31,110.18,110.16,110.14,110.06,109.92,109.84,109.70,109.61,109.61,109.53,109.35,109.24,109.21,109.13,109.07,109.04,108.91,108.52,107.91,107.12,106.44,105.92,105.45,104.94,104.44,104.05,103.93,104.14,104.12,103.96,103.76,103.58,103.42,103.23,103.02,102.86,102.71,102.55,102.40,102.27,102.25,102.25,102.23,102.12,101.76,101.44,101.10,100.72,100.33,99.92,99.67,99.69,99.92,100.06,100.15,100.22,100.30,100.38,100.45,100.53,100.58,100.57,100.50,100.48,100.44,100.38,100.37,100.31,100.28,100.25,100.18,100.12,100.04,99.79,98.93,96.66,94.25,92.09,90.45,89.84,89.61,89.46,89.30,89.15,89.00,88.79,88.60,88.43,88.28,88.12,87.98,87.91,88.01,88.16,88.31,88.46,88.62,88.77,88.91,89.05,89.19,89.32,89.40,89.41,89.41,89.44,89.58,89.73,89.86,89.95,90.03,90.12,90.20,90.26,90.24,90.12,89.91,89.42,88.87,89.50,89.98,90.28,90.44,90.44,90.42,90.39,90.34,90.26,90.24,90.19,90.14,90.12,90.12,90.13,90.48,91.29,92.56,93.56,93.98,94.11,94.20,94.35,94.39,94.39,94.30,93.86,93.22,92.38,91.34,90.24,89.65,89.48,89.50,89.59
106.05,106.27,106.44,106.65,106.86,107.02,107.25,107.47,107.64,107.72,107.70,107.61,107.52,107.44,107.36,107.22,107.12,107.01,106.88,106.78,106.50,105.64,104.19,102.83,101.38,99.02,95.81,92.27,90.05,89.10,88.62,88.19,87.90,87.51,86.62,85.32,84.17,84.00,84.84,86.18,87.53,88.49,89.12,89.77,90.64,91.88,92.95,93.91,94.65,94.86,94.74,93.99,93.44,93.63,94.20,94.92,95.46,95.88,96.53,97.15,97.98,98.90,99.83,101.31,103.22,105.25,107.24,108.69,104.39,100.66,98.89,98.12,97.34,96.57,95.80,95.02,94.25,93.49,92.71,91.94,91.17,90.47,89.64,89.16,89.75,91.22,94.30,98.01,101.89,105.84,108.91,110.36,110.50,109.96,108.85,108.78,109.38,110.11,110.38,110.32,110.21,110.13,110.04,110.03,109.95,109.66,109.09,109.01,108.66,108.43,108.51,108.66,108.56,108.46,108.38,108.31,108.29,108.25,108.13,107.86,107.22,106.46,105.70,105.04,104.56,104.09,103.59,103.21,103.22,103.55,103.63,103.54,103.36,103.15,102.98,102.79,102.57,102.42,102.26,102.11,101.95,101.83,101.81,101.81,101.84,101.81,101.50,101.19,100.87,100.53,100.13,99.63,99.15,99.13,99.68,99.96,100.08,100.16,100.23,100.31,100.39,100.47,100.52,100.51,100.44,100.41,100.38,100.32,100.31,100.24,100.22,100.19,100.13,100.10,100.04,99.34,97.61,95.26,92.82,90.97,89.91,89.65,89.49,89.33,89.18,89.02,88.87,88.70,88.51,88.31,88.15,88.00,87.88,87.86,88.00,88.16,88.31,88.46,88.62,88.77,88.87,88.96,89.05,89.13,89.16,89.16,89.16,89.19,89.33,89.48,89.63,89.76,89.84,89.97,90.08,90.13,90.12,90.04,89.64,88.99,88.52,89.34,89.90,90.17,90.25,90.24,90.19,90.08,89.95,89.82,89.74,89.72,89.65,89.54,89.54,89.60,89.69,89.89,90.27,90.59,91.18,91.81,92.35,92.97,93.12,93.02,92.75,92.15,91.38,90.57,89.82,89.27,89.00,88.98,89.08,89.20
106.00,106.22,106.39,106.59,106.81,106.99,107.12,107.19,107.22,107.20,107.09,106.98,106.86,106.76,106.68,106.57,106.45,106.33,106.22,106.10,105.96,105.34,104.15,102.73,101.30,98.59,94.81,91.00,89.13,88.28,87.75,87.30,86.91,86.37,85.46,84.25,83.31,83.67,85.16,87.01,88.59,90.21,91.88,93.64,95.29,96.23,96.96,97.58,98.02,98.08,97.76,96.43,95.27,95.16,95.54,96.10,96.46,96.67,97.17,97.65,98.22,98.85,99.67,101.45,103.98,106.63,108.86,109.57,104.60,100.63,98.89,98.12,97.34,96.57,95.80,95.02,94.25,93.49,92.71,91.95,91.21,90.48,89.63,89.04,89.34,90.57,93.85,97.82,101.88,106.19,109.09,110.35,110.45,109.97,108.88,108.23,108.57,109.87,110.20,110.19,109.60,108.36,106.75,106.15,106.11,106.35,106.75,107.35,107.12,106.91,107.17,107.57,107.67,107.64,107.57,107.53,107.49,107.45,107.40,107.22,106.58,105.79,105.00,104.27,103.70,103.22,102.75,102.44,102.52,102.87,103.08,103.10,102.93,102.70,102.54,102.36,102.18,102.02,101.87,101.71,101.56,101.43,101.42,101.39,101.46,101.53,101.23,100.84,100.51,100.16,99.65,99.01,98.42,98.39,99.08,99.62,99.94,100.09,100.17,100.24,100.33,100.41,100.44,100.40,100.36,100.36,100.31,100.25,100.25,100.19,100.16,100.13,100.07,100.06,99.55,98.31,96.27,94.03,91.75,90.30,89.72,89.56,89.41,89.23,89.05,88.90,88.74,88.59,88.41,88.23,88.07,87.89,87.80,87.84,88.00,88.12,88.26,88.42,88.56,88.68,88.74,88.80,88.86,88.91,88.91,88.91,88.92,88.97,89.08,89.22,89.38,89.52,89.60,89.75,89.86,89.89,89.81,89.70,89.26,88.61,88.12,88.85,89.49,89.84,89.96,89.94,89.75,89.50,89.26,89.09,88.96,88.93,88.81,88.58,88.47,88.48,88.50,88.54,88.70,88.85,89.28,89.76,90.15,90.69,91.01,91.03,90.85,90.68,90.22,89.68,89.16,88.74,88.52,88.55,88.67,88.78
105.93,106.16,106.32,106.50,106.69,106.85,106.86,106.77,106.65,106.56,106.42,106.32,106.20,106.08,106.00,105.91,105.78,105.66,105.56,105.43,105.32,104.95,104.10,102.67,101.27,98.23,93.95,89.98,88.50,87.62,86.92,86.40,85.94,85.31,84.41,83.36,82.66,83.43,85.41,87.69,89.63,92.05,94.86,97.64,99.78,100.16,100.38,100.55,100.65,100.63,100.23,98.86,97.66,97.44,97.59,97.83,97.92,97.92,98.20,98.53,98.84,99.29,100.28,102.39,105.40,108.41,110.55,110.15,104.56,100.47,98.88,98.12,97.34,96.57,95.80,95.02,94.25,93.49,92.71,91.95,91.24,90.47,89.60,88.92,88.95,90.01,93.34,97.43,101.65,106.21,109.09,110.30,110.39,110.04,109.18,107.92,107.71,109.25,109.84,110.03,108.88,106.22,102.94,101.76,101.78,102.56,103.96,105.34,105.37,105.28,105.73,106.33,106.69,106.79,106.75,106.75,106.68,106.66,106.65,106.54,105.92,105.12,104.31,103.55,102.86,102.34,101.93,101.70,101.83,102.17,102.50,102.63,102.49,102.28,102.10,101.94,101.78,101.63,101.47,101.32,101.17,101.05,101.02,100.98,101.10,101.28,100.98,100.50,100.11,99.72,99.06,98.29,97.64,97.61,98.35,99.12,99.67,99.99,100.11,100.19,100.27,100.33,100.35,100.29,100.29,100.28,100.25,100.19,100.18,100.12,100.08,100.06,99.95,99.87,98.89,97.21,95.07,92.97,90.96,89.89,89.66,89.50,89.35,89.14,88.94,88.78,88.63,88.47,88.32,88.16,87.99,87.78,87.73,87.83,87.98,88.08,88.20,88.34,88.46,88.53,88.55,88.59,88.65,88.66,88.66,88.66,88.69,88.76,88.84,88.97,89.13,89.27,89.36,89.50,89.58,89.57,89.41,89.23,88.84,88.25,87.77,88.22,88.87,89.31,89.47,89.47,89.19,88.82,88.49,88.26,88.08,88.04,87.86,87.52,87.28,87.20,87.18,87.23,87.38,87.52,87.69,87.81,87.89,88.16,88.61,88.85,88.95,89.34,89.35,89.13,88.77,88.35,88.10,88.14,88.26,88.34
105.87,106.09,106.26,106.33,106.33,106.31,106.21,106.11,106.00,105.88,105.77,105.64,105.53,105.44,105.36,105.23,105.12,105.01,104.88,104.78,104.65,104.47,103.97,102.61,101.21,98.09,93.75,89.84,88.31,87.24,86.28,85.54,85.10,84.51,83.75,82.89,82.22,83.04,85.20,87.90,90.53,93.57,96.71,99.09,100.30,100.70,101.03,101.31,101.54,101.63,101.20,100.53,99.93,99.62,99.54,99.50,99.41,99.33,99.41,99.50,99.83,100.96,103.41,105.88,108.37,110.43,111.47,110.35,104.41,100.31,98.83,98.11,97.34,96.57,95.80,95.02,94.25,93.49,92.71,91.94,91.19,90.37,89.48,88.76,88.68,89.60,92.66,96.57,100.80,105.44,108.75,110.15,110.25,110.14,109.79,108.28,107.02,107.34,108.89,109.69,108.24,104.69,101.07,100.00,100.01,100.46,101.36,103.08,103.47,103.64,104.22,104.89,105.52,105.86,105.94,105.92,105.86,105.84,105.84,105.74,105.20,104.46,103.65,102.84,102.09,101.49,101.13,101.00,101.13,101.47,101.85,102.06,102.04,101.88,101.67,101.50,101.34,101.19,101.03,100.88,100.75,100.65,100.59,100.61,100.81,101.03,100.78,100.35,99.81,99.18,98.43,97.56,96.95,96.91,97.55,98.37,99.13,99.70,100.05,100.13,100.20,100.24,100.24,100.23,100.22,100.18,100.14,100.13,100.12,100.05,100.03,99.95,99.68,99.30,98.20,96.51,94.40,92.28,90.64,89.80,89.59,89.43,89.28,89.08,88.87,88.72,88.56,88.41,88.26,88.09,87.88,87.70,87.67,87.77,87.92,88.06,88.17,88.24,88.28,88.30,88.31,88.34,88.40,88.41,88.41,88.44,88.48,88.51,88.59,88.72,88.88,89.03,89.16,89.26,89.25,89.12,88.90,88.64,88.34,88.00,87.65,87.39,87.87,88.27,88.40,88.54,88.39,88.06,87.71,87.43,87.21,87.12,86.93,86.60,86.26,86.01,85.91,85.95,86.10,86.21,86.12,85.94,85.77,85.84,86.14,86.69,87.42,88.23,88.67,88.65,88.35,87.96,87.72,87.72,87.81,87.89
105.74,105.83,105.89,105.88,105.79,105.68,105.56,105.45,105.33,105.21,105.10,104.98,104.87,104.77,104.68,104.57,104.45,104.34,104.22,104.11,103.99,103.87,103.56,102.51,101.16,97.99,93.62,89.77,88.22,87.05,85.92,84.91,84.28,83.74,83.13,82.42,81.75,82.06,84.09,86.99,89.93,93.28,96.20,98.50,100.01,100.59,100.96,101.26,101.59,102.02,102.25,102.19,102.02,101.90,102.05,102.37,102.79,103.27,103.77,104.12,104.65,105.86,108.05,109.74,111.11,111.92,111.87,110.48,104.28,100.15,98.80,98.07,97.31,96.53,95.76,94.99,94.22,93.42,92.63,91.86,91.09,90.28,89.35,88.57,88.39,89.25,91.78,95.34,99.60,104.06,107.51,109.27,109.82,110.04,110.02,108.44,106.59,106.08,108.01,108.78,107.12,103.50,100.32,99.32,99.07,99.16,99.76,101.10,101.68,102.14,102.86,103.64,104.46,104.93,105.06,105.04,104.99,104.95,104.94,104.91,104.57,103.84,102.98,102.09,101.27,100.59,100.24,100.19,100.38,100.77,101.16,101.47,101.60,101.46,101.27,101.09,100.94,100.78,100.63,100.47,100.30,100.12,99.98,100.03,100.28,100.60,100.54,100.29,99.79,99.09,98.22,97.27,96.50,96.28,96.78,97.61,98.48,99.22,99.77,100.03,100.13,100.16,100.15,100.13,100.12,100.08,100.06,100.05,99.96,99.83,99.69,99.48,99.12,98.63,97.52,95.85,93.73,91.64,90.35,89.74,89.53,89.37,89.22,89.01,88.81,88.66,88.50,88.32,88.15,87.99,87.79,87.63,87.61,87.70,87.82,87.95,88.02,88.05,88.05,88.05,88.07,88.11,88.15,88.15,88.15,88.20,88.25,88.26,88.33,88.47,88.62,88.77,88.89,88.95,88.85,88.63,88.39,88.09,87.84,87.59,87.29,86.83,87.02,87.25,87.38,87.55,87.51,87.26,86.94,86.64,86.41,86.25,86.03,85.73,85.46,85.23,85.13,85.16,85.25,85.31,85.17,84.96,84.79,84.76,84.93,85.40,86.13,86.92,87.65,87.96,87.89,87.57,87.30,87.31,87.40,87.45
105.52,105.40,105.31,105.24,105.14,105.01,104.91,104.78,104.66,104.56,104.42,104.32,104.20,104.08,104.00,103.91,103.79,103.67,103.56,103.43,103.33,103.21,102.98,102.38,101.10,97.88,93.48,89.70,88.15,86.97,85.71,84.43,83.50,82.97,82.48,81.89,81.23,80.77,82.28,84.95,87.80,91.28,93.77,96.21,98.61,99.52,100.05,100.50,101.06,101.93,103.09,103.56,103.71,103.96,104.59,105.58,106.78,108.05,109.23,110.04,110.82,111.71,112.67,113.07,113.19,112.84,111.95,110.56,104.22,100.07,98.78,98.01,97.23,96.46,95.68,94.91,94.13,93.31,92.51,91.73,90.96,90.18,89.22,88.35,88.08,88.92,90.77,93.85,98.08,102.28,105.60,107.75,108.94,109.53,109.65,108.13,106.17,105.29,107.17,107.61,105.89,102.73,100.35,99.33,98.71,98.43,98.81,99.43,100.08,100.81,101.66,102.56,103.47,104.02,104.18,104.10,104.08,104.03,104.01,104.06,103.98,103.26,102.32,101.35,100.46,99.71,99.30,99.23,99.56,100.01,100.42,100.80,101.06,100.95,100.81,100.65,100.49,100.33,100.18,100.00,99.76,99.42,99.19,99.24,99.54,99.96,100.19,100.23,99.90,99.21,98.23,97.23,96.19,95.68,96.03,96.84,97.75,98.56,99.24,99.75,99.93,99.98,99.97,99.92,99.90,99.91,99.91,99.86,99.65,99.43,99.13,98.77,98.38,97.92,96.85,95.19,93.05,91.03,90.09,89.68,89.47,89.31,89.16,88.95,88.74,88.59,88.43,88.22,88.03,87.88,87.72,87.56,87.54,87.60,87.68,87.77,87.79,87.80,87.80,87.80,87.86,87.89,87.89,87.89,87.90,87.95,88.00,88.01,88.08,88.22,88.37,88.51,88.58,88.58,88.40,88.12,87.88,87.58,87.33,87.07,86.78,86.47,86.33,86.34,86.46,86.58,86.59,86.43,86.17,85.89,85.67,85.46,85.21,84.96,84.85,84.76,84.72,84.72,84.74,84.74,84.67,84.61,84.58,84.52,84.58,84.76,85.10,85.61,86.45,87.08,87.34,87.16,86.88,86.91,86.99,87.00
105.04,104.85,104.71,104.58,104.46,104.35,104.23,104.11,104.00,103.88,103.78,103.65,103.53,103.44,103.36,103.23,103.12,103.01,102.89,102.78,102.66,102.54,102.40,102.05,100.97,97.69,93.19,89.60,88.09,86.79,85.38,83.95,82.82,82.15,81.64,81.14,80.59,80.06,79.93,80.68,82.91,86.47,89.42,91.66,93.34,94.89,96.66,98.52,100.15,101.16,102.23,103.11,103.80,104.39,105.17,106.08,107.06,108.05,108.90,109.43,110.00,110.83,111.94,112.58,112.84,112.68,112.03,110.61,104.54,100.31,98.71,97.89,97.07,96.28,95.51,94.73,93.96,93.17,92.38,91.60,90.78,90.00,89.07,88.16,87.72,88.50,89.72,92.12,96.03,100.32,103.34,105.39,106.76,107.45,107.41,106.13,104.71,104.46,106.36,107.08,105.81,103.13,100.93,99.71,98.88,98.24,97.90,98.32,99.05,99.87,100.72,101.60,102.52,103.14,103.37,103.16,103.13,103.08,103.08,103.21,103.31,102.71,101.82,100.88,100.00,99.11,98.36,98.04,98.46,98.96,99.45,99.86,100.09,100.09,100.01,99.88,99.70,99.46,99.33,99.06,98.70,98.34,98.09,98.08,98.38,98.94,99.45,99.79,99.56,98.86,97.89,96.85,95.74,95.10,95.29,96.09,96.96,97.64,98.14,98.55,98.89,99.13,99.25,99.21,99.12,99.21,99.27,99.18,98.95,98.72,98.40,98.01,97.61,97.16,96.13,94.50,92.39,90.54,89.88,89.61,89.40,89.24,89.09,88.89,88.68,88.53,88.37,88.16,87.97,87.81,87.66,87.50,87.42,87.42,87.45,87.52,87.55,87.55,87.55,87.60,87.63,87.64,87.64,87.65,87.69,87.72,87.75,87.76,87.88,87.98,88.12,88.24,88.26,88.15,87.91,87.60,87.33,87.06,86.79,86.56,86.39,86.18,86.02,85.90,85.80,85.71,85.69,85.55,85.34,85.19,85.05,84.92,84.78,84.63,84.56,84.52,84.48,84.46,84.49,84.46,84.39,84.34,84.34,84.31,84.33,84.46,84.71,85.04,85.51,85.98,86.39,86.67,86.48,86.49,86.55,86.56
104.75,104.53,104.36,104.19,104.04,103.94,103.77,103.64,103.52,103.36,103.25,103.09,102.95,102.85,102.72,102.58,102.46,102.35,102.22,102.12,101.99,101.88,101.77,101.59,100.80,97.50,92.88,89.47,87.89,86.47,84.96,83.45,82.16,81.39,80.69,79.97,79.48,78.98,77.99,77.49,78.74,81.28,84.40,86.70,88.00,89.79,92.09,94.58,96.87,98.59,100.39,101.84,102.91,103.66,104.50,105.27,106.03,106.76,107.32,107.67,108.15,108.98,110.33,111.47,112.13,112.33,111.97,110.56,104.78,100.54,98.70,97.85,97.00,96.19,95.39,94.60,93.81,93.01,92.21,91.41,90.59,89.79,88.87,87.93,87.37,88.07,88.91,90.57,93.57,97.62,100.89,103.10,104.46,105.09,104.72,103.80,103.19,103.68,105.58,106.70,106.01,103.79,101.75,100.31,99.27,98.33,97.45,97.42,98.04,98.91,99.84,100.75,101.60,102.26,102.56,102.28,102.20,102.15,102.17,102.34,102.57,102.13,101.39,100.54,99.66,98.64,97.64,97.03,97.24,97.73,98.23,98.59,98.75,98.81,98.77,98.64,98.43,98.23,98.19,97.92,97.54,97.19,96.93,96.84,97.09,97.67,98.27,98.68,98.50,97.88,97.07,96.19,95.20,94.52,94.52,95.25,95.97,96.47,96.81,97.13,97.57,97.92,98.10,98.09,98.01,98.16,98.30,98.30,98.17,97.96,97.63,97.25,96.86,96.40,95.40,93.81,91.77,90.20,89.74,89.56,89.36,89.18,89.03,88.82,88.61,88.47,88.30,88.09,87.91,87.77,87.62,87.48,87.39,87.32,87.28,87.30,87.30,87.28,87.30,87.37,87.39,87.39,87.39,87.40,87.46,87.48,87.48,87.51,87.65,87.74,87.85,87.94,87.87,87.65,87.38,87.09,86.79,86.59,86.35,86.15,86.05,85.91,85.77,85.58,85.36,85.15,85.10,84.97,84.82,84.74,84.64,84.56,84.48,84.41,84.33,84.30,84.26,84.23,84.27,84.22,84.15,84.11,84.09,84.08,84.08,84.20,84.44,84.67,84.90,85.20,85.62,86.09,86.04,86.06,86.11,86.12
104.76,104.54,104.37,104.17,103.97,103.81,103.60,103.43,103.26,103.05,102.90,102.69,102.51,102.35,102.14,101.98,101.83,101.70,101.60,101.46,101.36,101.24,101.11,100.99,100.59,97.34,92.57,89.29,87.51,85.99,84.44,82.92,81.50,80.67,79.60,78.38,77.84,77.40,76.72,76.16,76.17,76.41,79.04,81.66,83.28,84.75,86.56,88.49,90.73,93.80,97.37,99.62,100.88,101.64,102.52,103.30,104.06,104.77,105.26,105.76,106.34,107.22,108.69,110.34,111.46,111.95,111.70,110.38,104.84,100.66,98.76,97.91,97.06,96.22,95.38,94.53,93.69,92.85,92.01,91.18,90.39,89.56,88.62,87.67,87.05,87.66,88.44,89.33,90.81,94.06,98.19,100.92,102.19,102.67,101.85,101.44,101.78,102.99,104.79,106.36,106.26,104.54,102.79,101.14,99.83,98.70,97.60,96.74,96.99,97.85,98.96,100.00,100.75,101.38,101.74,101.44,101.27,101.22,101.28,101.47,101.75,101.53,101.02,100.31,99.38,98.28,97.19,96.31,95.94,96.34,96.72,96.95,97.03,97.05,97.04,96.88,96.65,96.64,96.74,96.61,96.33,96.03,95.73,95.56,95.70,96.15,96.56,96.80,96.63,96.18,95.67,95.19,94.53,93.94,93.74,94.28,94.71,95.02,95.29,95.61,96.05,96.37,96.52,96.53,96.58,96.77,97.02,97.25,97.34,97.19,96.88,96.49,96.09,95.64,94.68,93.13,91.21,90.05,89.68,89.52,89.34,89.13,88.97,88.76,88.55,88.40,88.25,88.04,87.88,87.77,87.63,87.53,87.45,87.35,87.22,87.16,87.09,87.05,87.06,87.12,87.14,87.14,87.14,87.15,87.21,87.23,87.23,87.26,87.40,87.49,87.57,87.59,87.39,87.11,86.85,86.59,86.31,86.19,86.04,85.88,85.74,85.65,85.51,85.35,85.18,84.97,84.88,84.79,84.69,84.61,84.47,84.38,84.30,84.22,84.14,84.08,84.04,84.03,84.02,83.96,83.93,83.90,83.84,83.83,83.83,83.95,84.19,84.41,84.65,84.89,85.15,85.41,85.53,85.62,85.66,85.67
104.77,104.58,104.38,104.19,104.00,103.80,103.61,103.42,103.22,103.03,102.83,102.61,102.42,102.25,102.02,101.85,101.68,101.50,101.37,101.18,101.05,100.89,100.71,100.58,100.31,97.21,92.50,89.06,87.13,85.48,83.90,82.40,80.90,79.63,78.49,77.52,76.90,76.37,75.83,75.39,75.18,74.88,75.69,76.79,77.79,78.87,81.31,83.42,85.29,87.94,91.17,93.82,96.04,97.98,99.66,101.06,102.08,102.75,103.27,103.84,104.53,105.67,107.64,109.77,111.04,111.54,111.32,110.28,104.78,100.63,98.77,97.92,97.07,96.22,95.37,94.52,93.67,92.82,91.97,91.12,90.26,89.38,88.44,87.50,86.83,87.30,87.98,88.65,89.53,91.35,94.20,96.94,98.99,99.81,99.72,99.86,100.60,102.04,103.66,105.19,105.77,105.12,103.51,101.96,100.58,99.30,98.06,96.85,96.38,96.79,97.99,99.14,100.03,100.68,100.96,100.64,100.25,100.14,100.32,100.72,101.06,100.88,100.38,99.65,98.68,97.62,96.57,95.59,94.90,94.95,95.12,95.26,95.32,95.32,95.29,95.15,95.00,95.09,95.20,95.13,94.94,94.70,94.54,94.33,94.22,94.34,94.70,94.86,94.70,94.32,93.87,93.47,93.10,92.83,92.73,92.95,93.25,93.53,93.82,94.13,94.50,94.81,94.97,94.97,95.15,95.41,95.70,95.98,96.17,96.26,96.08,95.73,95.34,94.88,93.98,92.47,90.62,89.88,89.62,89.47,89.29,89.06,88.90,88.72,88.53,88.35,88.23,88.06,87.92,87.83,87.72,87.61,87.51,87.41,87.27,87.17,87.10,87.02,86.95,86.94,86.90,86.88,86.89,86.93,86.97,86.98,86.98,87.00,87.15,87.24,87.24,87.12,86.89,86.63,86.41,86.21,86.00,85.91,85.78,85.62,85.48,85.39,85.29,85.18,85.06,84.92,84.83,84.75,84.67,84.59,84.44,84.34,84.24,84.13,84.05,83.98,83.92,83.87,83.79,83.75,83.71,83.66,83.63,83.59,83.58,83.70,83.93,84.16,84.39,84.60,84.79,84.97,85.09,85.15,85.18,85.22
104.79,104.62,104.40,104.21,104.03,103.81,103.65,103.44,103.24,103.07,102.84,102.62,102.43,102.25,102.03,101.86,101.66,101.46,101.28,101.06,100.88,100.69,100.48,100.31,100.11,97.23,92.67,88.95,86.88,85.13,83.48,81.92,80.23,78.67,77.58,76.88,76.10,75.43,74.94,74.63,74.50,74.20,73.56,73.29,73.61,74.26,76.80,78.76,80.03,81.71,84.01,87.01,90.21,93.16,95.53,97.55,99.01,99.98,100.86,101.79,102.75,104.16,106.45,108.93,110.42,111.01,110.81,109.97,104.69,100.65,98.78,97.92,97.07,96.22,95.37,94.52,93.67,92.82,91.97,91.08,90.14,89.22,88.29,87.37,86.64,86.94,87.51,88.13,88.75,89.41,90.75,92.97,95.35,96.53,97.42,98.20,99.31,100.95,102.46,103.88,105.03,105.39,104.07,102.69,101.31,99.97,98.70,97.32,96.18,95.94,96.82,98.00,99.04,99.72,99.98,99.73,99.17,99.02,99.32,99.93,100.37,100.19,99.64,98.84,97.85,96.84,95.84,94.83,93.93,93.61,93.53,93.54,93.61,93.59,93.53,93.44,93.40,93.54,93.64,93.63,93.53,93.38,93.36,93.11,92.79,92.59,92.81,92.92,92.77,92.47,92.13,91.83,91.72,91.75,91.81,91.73,91.89,92.12,92.37,92.66,92.96,93.26,93.44,93.45,93.73,94.04,94.36,94.66,94.93,95.25,95.25,94.98,94.58,94.12,93.28,91.86,90.14,89.74,89.55,89.40,89.23,89.00,88.84,88.69,88.53,88.33,88.23,88.11,88.00,87.91,87.82,87.69,87.58,87.48,87.34,87.25,87.16,87.06,86.93,86.84,86.76,86.70,86.70,86.73,86.73,86.72,86.73,86.77,86.89,86.95,86.87,86.64,86.42,86.21,86.04,85.89,85.75,85.67,85.56,85.42,85.29,85.22,85.14,85.06,84.98,84.91,84.83,84.75,84.67,84.59,84.44,84.34,84.23,84.11,84.03,83.95,83.88,83.78,83.65,83.61,83.54,83.47,83.44,83.36,83.33,83.44,83.66,83.88,84.09,84.28,84.45,84.60,84.68,84.68,84.70,84.75
104.84,104.63,104.40,104.21,104.03,103.81,103.65,103.44,103.24,103.07,102.85,102.66,102.47,102.26,102.09,101.88,101.69,101.50,101.29,101.06,100.88,100.69,100.48,100.32,100.15,97.58,93.25,89.19,87.02,85.19,83.38,81.52,79.35,78.13,77.22,76.29,75.19,74.39,73.83,73.55,73.57,73.50,73.22,73.09,73.22,73.43,73.97,74.42,74.75,75.22,76.47,79.97,83.75,86.47,88.82,91.06,93.22,95.29,97.34,99.41,101.06,102.60,104.49,107.06,109.13,110.20,110.11,109.06,104.61,100.89,98.84,97.93,97.07,96.22,95.37,94.52,93.67,92.82,91.94,91.01,90.03,89.09,88.16,87.25,86.53,86.52,87.00,87.62,88.24,88.86,89.44,90.22,91.22,92.46,94.23,95.88,97.64,99.67,101.30,102.78,104.12,104.95,104.43,103.24,101.88,100.62,99.55,98.15,96.72,95.60,95.24,96.24,97.27,98.00,98.43,98.53,97.98,97.85,98.21,98.94,99.57,99.47,98.87,97.96,96.96,95.96,94.95,93.95,93.01,92.42,92.01,91.83,91.88,91.83,91.76,91.77,91.87,91.97,92.10,92.18,92.20,92.16,92.15,91.91,91.54,91.17,90.99,90.97,90.87,90.75,90.79,90.84,90.94,91.09,91.22,91.04,90.95,90.91,90.95,91.15,91.44,91.71,91.91,92.05,92.34,92.65,92.99,93.36,93.71,94.08,94.31,94.27,93.82,93.36,92.56,91.34,89.99,89.66,89.49,89.34,89.16,88.94,88.78,88.66,88.54,88.39,88.30,88.21,88.10,87.97,87.89,87.75,87.64,87.55,87.46,87.32,87.22,87.15,87.05,86.91,86.81,86.72,86.61,86.56,86.50,86.47,86.50,86.56,86.65,86.59,86.42,86.20,86.04,85.92,85.78,85.65,85.56,85.48,85.44,85.38,85.29,85.22,85.14,85.06,84.98,84.91,84.83,84.75,84.67,84.59,84.44,84.34,84.26,84.17,84.09,84.02,83.94,83.86,83.76,83.64,83.50,83.37,83.25,83.17,83.11,83.16,83.33,83.50,83.67,83.87,84.08,84.27,84.31,84.27,84.24,84.26
104.86,104.63,104.42,104.23,104.04,103.85,103.66,103.46,103.27,103.07,102.88,102.69,102.48,102.27,102.11,101.88,101.70,101.52,101.29,101.09,100.90,100.71,100.52,100.33,100.16,98.02,94.05,89.45,87.20,85.34,83.49,81.52,79.12,77.92,77.03,76.02,74.78,73.72,73.08,72.79,72.77,72.80,72.76,72.77,72.84,72.88,72.82,72.77,72.75,72.84,73.47,75.67,78.01,79.59,81.29,84.35,87.27,89.66,92.05,94.35,96.61,99.06,101.87,104.41,106.63,107.91,107.92,106.85,103.52,100.65,98.89,97.97,97.11,96.27,95.40,94.52,93.63,92.75,91.84,90.90,89.91,88.99,88.10,87.22,86.46,86.15,86.52,87.11,87.73,88.30,88.66,89.03,89.59,90.67,92.63,94.76,96.98,99.22,100.84,102.19,103.37,104.23,104.28,103.43,102.31,101.22,100.27,99.06,97.59,96.12,94.97,94.74,95.52,96.40,97.00,97.11,96.81,96.74,97.08,97.85,98.56,98.63,98.08,97.08,96.07,95.07,94.06,93.07,92.15,91.52,91.00,90.69,90.63,90.55,90.50,90.53,90.62,90.69,90.78,90.86,90.91,90.95,90.98,90.83,90.57,90.27,90.03,89.94,89.88,89.88,90.00,90.15,90.28,90.43,90.56,90.43,90.30,90.18,90.11,90.18,90.33,90.51,90.69,90.87,91.17,91.50,91.87,92.25,92.64,93.03,93.36,93.47,93.09,92.61,91.83,90.84,89.88,89.60,89.42,89.28,89.11,88.95,88.80,88.70,88.61,88.48,88.37,88.28,88.18,88.03,87.95,87.84,87.72,87.63,87.54,87.43,87.31,87.21,87.12,86.98,86.89,86.78,86.66,86.55,86.47,86.42,86.39,86.37,86.37,86.28,86.14,85.99,85.87,85.78,85.69,85.58,85.50,85.42,85.38,85.34,85.29,85.22,85.14,85.06,84.98,84.91,84.83,84.75,84.67,84.59,84.47,84.39,84.31,84.23,84.16,84.11,84.04,83.97,83.88,83.74,83.58,83.43,83.28,83.17,83.11,83.08,83.07,83.14,83.30,83.52,83.73,83.88,83.92,83.88,83.81,83.80
104.86,104.64,104.47,104.26,104.05,103.89,103.67,103.49,103.30,103.09,102.92,102.71,102.48,102.28,102.11,101.89,101.71,101.52,101.31,101.14,100.93,100.74,100.56,100.34,100.17,98.55,95.01,89.79,87.44,85.58,83.72,81.74,79.31,77.92,76.93,75.92,74.65,73.39,72.65,72.31,72.19,72.25,72.39,72.51,72.55,72.53,72.45,72.32,72.21,72.24,72.49,72.97,73.42,73.79,74.71,78.21,81.40,83.70,86.30,88.57,91.25,94.58,98.44,101.12,103.51,104.98,105.09,104.13,102.02,100.19,98.92,98.01,97.15,96.30,95.43,94.50,93.58,92.65,91.73,90.78,89.80,88.93,88.07,87.21,86.40,85.80,86.05,86.62,87.21,87.74,88.12,88.55,89.11,89.98,91.85,94.23,96.77,99.13,100.68,101.81,102.72,103.43,103.86,103.44,102.62,101.71,100.86,99.91,98.60,97.08,95.42,93.77,94.01,94.88,95.58,95.59,95.58,95.61,95.93,96.71,97.47,97.72,97.24,96.20,95.19,94.18,93.18,92.20,91.34,90.75,90.23,89.84,89.65,89.58,89.57,89.57,89.60,89.66,89.69,89.75,89.83,89.91,89.98,89.94,89.81,89.65,89.49,89.34,89.32,89.40,89.49,89.63,89.74,89.85,89.96,89.89,89.81,89.69,89.57,89.50,89.49,89.59,89.74,89.91,90.19,90.53,90.89,91.25,91.63,92.01,92.39,92.59,92.36,91.88,91.13,90.37,89.80,89.55,89.38,89.23,89.10,89.01,88.87,88.76,88.68,88.59,88.44,88.35,88.23,88.10,88.02,87.93,87.81,87.68,87.59,87.51,87.37,87.25,87.16,87.02,86.91,86.83,86.73,86.59,86.49,86.41,86.31,86.18,86.10,86.03,85.96,85.88,85.81,85.73,85.66,85.58,85.50,85.42,85.35,85.30,85.28,85.22,85.14,85.06,84.98,84.91,84.83,84.75,84.67,84.60,84.52,84.46,84.39,84.31,84.23,84.21,84.16,84.08,84.00,83.86,83.73,83.59,83.45,83.32,83.30,83.19,83.00,82.89,83.00,83.20,83.38,83.45,83.52,83.49,83.42,83.36
104.87,104.69,104.49,104.26,104.06,103.89,103.67,103.49,103.31,103.09,102.92,102.71,102.50,102.32,102.11,101.94,101.74,101.54,101.36,101.15,100.97,100.77,100.57,100.39,100.19,99.24,96.32,90.33,87.86,86.01,84.13,82.19,80.14,78.27,76.92,75.95,74.86,73.77,72.92,72.37,72.21,72.31,72.58,72.75,72.68,72.52,72.34,72.17,72.04,72.00,72.02,72.12,72.28,72.56,73.19,74.71,76.17,77.98,81.69,84.28,86.81,89.61,92.84,96.56,99.96,101.96,102.18,101.54,100.55,99.64,98.82,97.95,97.10,96.25,95.37,94.44,93.52,92.59,91.66,90.73,89.79,88.92,88.04,87.15,86.31,85.49,85.63,86.15,86.70,87.19,87.71,88.33,89.02,89.90,91.66,94.04,96.65,99.06,100.61,101.48,102.16,102.79,103.29,103.31,102.70,101.84,101.10,100.43,99.60,98.33,96.48,94.48,93.38,93.43,94.01,94.02,94.06,94.26,94.75,95.57,96.34,96.66,96.31,95.36,94.31,93.29,92.29,91.34,90.57,90.00,89.53,89.21,89.06,89.03,89.03,89.06,89.11,89.13,89.18,89.29,89.39,89.48,89.61,89.58,89.47,89.31,89.16,89.00,88.99,89.08,89.21,89.31,89.44,89.56,89.62,89.55,89.48,89.39,89.28,89.16,89.09,89.17,89.31,89.42,89.61,89.83,90.05,90.29,90.62,91.00,91.35,91.59,91.58,91.21,90.56,90.00,89.72,89.53,89.42,89.29,89.16,89.07,88.98,88.86,88.75,88.66,88.51,88.41,88.30,88.16,88.08,87.95,87.81,87.68,87.59,87.47,87.32,87.19,87.11,86.96,86.82,86.72,86.62,86.47,86.33,86.23,86.13,85.99,85.91,85.87,85.84,85.83,85.80,85.73,85.66,85.58,85.50,85.42,85.35,85.28,85.23,85.20,85.14,85.06,84.98,84.91,84.83,84.75,84.67,84.61,84.58,84.55,84.51,84.43,84.36,84.30,84.22,84.15,84.07,83.97,83.91,83.87,83.83,83.78,83.82,83.73,83.45,83.06,82.82,82.85,83.00,83.07,83.09,83.08,83.03,82.96
104.87,104.72,104.50,104.28,104.08,103.90,103.70,103.51,103.32,103.12,102.93,102.73,102.54,102.35,102.15,101.97,101.77,101.57,101.38,101.19,101.00,100.80,100.61,100.45,100.23,99.75,97.53,91.81,88.75,86.66,84.80,82.95,81.19,79.30,77.63,76.30,75.30,74.41,73.60,73.00,72.77,72.83,73.14,73.32,73.22,73.02,72.81,72.59,72.35,72.12,71.90,71.76,71.75,71.95,72.34,72.74,73.22,74.36,77.36,79.50,82.30,85.38,88.18,91.86,95.46,98.06,99.20,99.09,99.08,99.01,98.67,97.85,97.03,95.97,94.92,94.09,93.37,92.53,91.63,90.71,89.81,88.93,88.04,87.15,86.27,85.34,85.34,85.77,86.32,86.95,87.63,88.37,89.16,90.08,91.62,93.85,96.38,98.77,100.19,100.91,101.48,102.09,102.63,102.83,102.48,101.84,101.27,100.77,100.23,99.15,97.32,95.19,93.25,92.47,92.59,92.70,92.83,93.06,93.54,94.36,95.19,95.74,95.42,94.26,93.07,92.09,91.24,90.47,89.82,89.30,88.91,88.66,88.53,88.52,88.55,88.60,88.66,88.69,88.79,88.91,89.03,89.14,89.26,89.25,89.15,89.00,88.84,88.71,88.71,88.81,88.95,89.04,89.17,89.28,89.31,89.27,89.17,89.08,88.99,88.88,88.81,88.88,89.00,89.11,89.23,89.38,89.52,89.68,89.93,90.22,90.48,90.69,90.79,90.56,90.15,89.80,89.65,89.50,89.40,89.29,89.14,89.04,88.96,88.83,88.69,88.58,88.46,88.35,88.22,88.08,88.00,87.86,87.70,87.57,87.48,87.34,87.19,87.06,86.97,86.82,86.67,86.56,86.46,86.31,86.15,86.05,85.94,85.80,85.74,85.73,85.73,85.73,85.72,85.69,85.64,85.58,85.50,85.42,85.35,85.27,85.20,85.17,85.11,85.04,84.98,84.91,84.83,84.75,84.67,84.61,84.63,84.64,84.61,84.56,84.48,84.40,84.32,84.25,84.18,84.14,84.16,84.19,84.25,84.28,84.34,84.29,84.03,83.52,82.93,82.65,82.61,82.66,82.69,82.67,82.63,82.58
104.88,104.72,104.50,104.31,104.12,103.91,103.74,103.53,103.34,103.16,102.94,102.77,102.57,102.37,102.20,101.98,101.79,101.61,101.40,101.23,101.03,100.83,100.67,100.50,100.29,100.07,98.59,94.04,90.04,87.55,85.72,84.00,82.44,80.96,79.16,77.27,76.20,75.41,74.67,74.03,73.66,73.61,73.91,74.12,74.06,73.91,73.74,73.47,73.06,72.57,72.10,71.74,71.55,71.57,71.73,71.90,72.13,72.56,73.56,74.70,77.90,81.67,84.25,87.24,90.41,93.57,96.14,96.73,97.54,98.23,98.44,97.72,96.92,95.50,94.15,93.44,93.03,92.37,91.56,90.69,89.83,88.93,88.05,87.16,86.24,85.32,85.15,85.47,86.10,86.97,87.82,88.62,89.44,90.42,91.72,93.66,96.00,98.28,99.45,100.12,100.72,101.36,101.91,102.08,101.97,101.69,101.29,100.91,100.43,99.47,97.79,95.64,93.34,91.88,91.40,91.63,91.84,91.98,92.33,93.13,94.04,94.94,94.61,93.02,91.62,90.73,90.14,89.64,89.16,88.70,88.39,88.18,88.04,88.03,88.09,88.16,88.23,88.32,88.45,88.56,88.67,88.80,88.89,88.91,88.83,88.68,88.53,88.44,88.46,88.55,88.69,88.78,88.91,89.00,89.01,89.00,88.88,88.77,88.69,88.62,88.60,88.66,88.77,88.90,88.99,89.13,89.25,89.36,89.52,89.69,89.81,89.93,90.04,89.98,89.86,89.72,89.57,89.41,89.32,89.20,89.05,88.91,88.82,88.70,88.54,88.41,88.31,88.18,88.03,87.89,87.81,87.67,87.52,87.38,87.30,87.15,87.00,86.88,86.78,86.63,86.48,86.36,86.27,86.12,85.96,85.86,85.75,85.63,85.60,85.59,85.59,85.59,85.59,85.59,85.58,85.56,85.49,85.41,85.34,85.27,85.19,85.12,85.05,85.00,84.97,84.91,84.83,84.75,84.67,84.63,84.67,84.69,84.69,84.67,84.61,84.53,84.45,84.38,84.32,84.37,84.44,84.53,84.66,84.72,84.79,84.78,84.62,84.15,83.34,82.67,82.31,82.30,82.34,82.28,82.23,82.20
104.92,104.73,104.54,104.35,104.13,103.91,103.74,103.53,103.34,103.17,102.94,102.77,102.61,102.41,102.21,101.99,101.80,101.63,101.45,101.25,101.06,100.89,100.73,100.53,100.34,100.17,99.24,96.14,91.66,88.83,87.02,85.51,84.16,83.24,82.21,80.85,79.17,77.77,76.35,75.05,74.19,73.88,74.26,74.75,75.03,74.86,74.69,74.41,73.97,73.42,72.73,72.08,71.61,71.45,71.40,71.44,71.54,71.75,72.23,73.01,75.00,77.30,79.24,83.36,86.81,89.92,92.72,94.30,95.57,96.85,97.81,97.59,96.67,95.05,93.40,92.25,91.86,91.46,90.99,90.43,89.66,88.77,87.86,86.95,86.03,85.10,84.91,85.30,86.11,87.07,87.99,88.84,89.74,90.88,92.17,93.75,95.71,97.78,98.53,99.12,99.91,100.77,101.13,101.22,101.14,100.96,100.71,100.42,99.83,98.81,97.18,94.93,92.55,91.17,90.76,90.75,90.82,90.90,91.21,91.94,92.98,94.09,93.87,92.25,90.69,90.00,89.58,89.21,88.85,88.48,88.17,87.91,87.70,87.64,87.69,87.77,87.86,87.98,88.09,88.21,88.33,88.43,88.52,88.57,88.52,88.36,88.22,88.16,88.20,88.28,88.40,88.52,88.63,88.71,88.74,88.70,88.60,88.51,88.42,88.31,88.34,88.43,88.55,88.66,88.78,88.90,89.01,89.14,89.29,89.41,89.50,89.58,89.68,89.66,89.60,89.51,89.39,89.25,89.15,89.03,88.88,88.73,88.64,88.52,88.36,88.22,88.13,88.00,87.84,87.70,87.62,87.48,87.33,87.19,87.10,86.96,86.81,86.69,86.59,86.44,86.29,86.18,86.08,85.93,85.77,85.66,85.58,85.48,85.43,85.41,85.41,85.41,85.41,85.41,85.41,85.41,85.38,85.35,85.32,85.27,85.19,85.11,85.04,84.97,84.93,84.90,84.83,84.75,84.69,84.67,84.69,84.74,84.77,84.76,84.72,84.66,84.58,84.52,84.50,84.56,84.64,84.73,84.82,84.86,84.89,84.89,84.82,84.62,84.19,83.40,82.69,82.50,82.29,82.11,81.97,81.87
104.95,104.74,104.56,104.37,104.14,103.93,103.75,103.55,103.35,103.17,102.97,102.78,102.62,102.44,102.22,102.00,101.83,101.66,101.48,101.28,101.11,100.96,100.82,100.68,100.57,100.48,100.08,98.44,94.09,90.83,88.72,87.40,86.41,85.92,85.51,84.70,82.89,81.32,79.71,78.13,76.83,76.06,76.04,76.13,76.00,75.64,75.46,75.27,74.94,74.34,73.59,72.72,71.97,71.50,71.27,71.19,71.20,71.31,71.59,72.13,73.09,74.17,75.55,79.51,83.26,86.54,89.38,91.82,93.52,95.22,96.77,97.26,96.29,94.58,92.72,91.20,90.63,90.35,90.14,89.84,89.24,88.36,87.42,86.49,85.55,84.68,84.44,84.87,85.89,86.94,87.94,88.93,89.99,91.27,92.58,93.94,95.48,97.01,97.38,97.95,98.86,99.79,100.10,100.18,100.09,99.91,99.72,99.43,98.56,97.37,95.92,93.92,91.73,90.55,90.26,90.03,89.98,90.01,90.25,90.87,91.95,93.16,93.12,91.67,90.16,89.62,89.31,89.00,88.69,88.37,88.04,87.70,87.40,87.30,87.34,87.42,87.51,87.64,87.74,87.86,87.97,88.06,88.15,88.23,88.21,88.07,87.92,87.88,87.93,88.03,88.11,88.23,88.33,88.41,88.46,88.41,88.32,88.23,88.14,88.03,88.09,88.22,88.33,88.44,88.57,88.67,88.80,88.95,89.08,89.17,89.24,89.32,89.39,89.40,89.34,89.28,89.20,89.06,88.96,88.84,88.69,88.54,88.45,88.33,88.17,88.03,87.94,87.81,87.65,87.51,87.43,87.29,87.14,87.00,86.92,86.77,86.62,86.49,86.40,86.25,86.12,86.00,85.89,85.74,85.60,85.49,85.40,85.32,85.26,85.25,85.25,85.25,85.25,85.25,85.25,85.25,85.25,85.25,85.25,85.23,85.17,85.11,85.04,84.96,84.90,84.90,84.83,84.76,84.72,84.72,84.72,84.78,84.83,84.83,84.82,84.78,84.72,84.67,84.68,84.73,84.79,84.85,84.89,84.88,84.88,84.88,84.88,84.87,84.79,84.12,83.33,82.95,82.54,82.25,82.06,81.90
104.95,104.74,104.56,104.37,104.15,103.98,103.77,103.58,103.39,103.19,103.02,102.81,102.62,102.44,102.23,102.05,101.89,101.71,101.50,101.34,101.19,101.07,101.01,101.05,101.08,101.17,101.30,100.97,97.63,93.81,90.96,89.75,89.31,89.03,88.74,88.23,87.21,86.29,85.45,84.36,82.74,81.26,80.16,78.75,77.07,76.29,76.04,76.03,75.91,75.25,74.65,73.75,72.72,71.81,71.41,71.22,71.14,71.15,71.28,71.60,72.25,73.13,74.18,75.62,79.43,83.32,86.33,89.35,91.54,93.44,95.25,96.63,95.79,94.09,92.20,90.52,89.55,89.21,89.03,88.83,88.48,87.62,86.66,85.71,84.77,84.01,83.63,84.01,85.20,86.40,87.56,88.79,90.12,91.48,92.81,94.17,95.28,95.87,95.97,96.60,97.42,98.18,98.66,98.85,98.77,98.56,98.30,97.81,96.47,95.05,93.92,92.78,91.09,90.11,89.80,89.53,89.43,89.42,89.53,89.95,90.97,92.16,92.30,91.26,90.09,89.62,89.31,89.00,88.68,88.31,87.93,87.53,87.15,86.99,87.02,87.10,87.18,87.27,87.41,87.52,87.59,87.69,87.82,87.92,87.91,87.81,87.67,87.59,87.65,87.77,87.84,87.93,88.02,88.09,88.15,88.14,88.02,87.92,87.84,87.78,87.88,87.99,88.10,88.23,88.33,88.46,88.60,88.75,88.83,88.91,88.99,89.07,89.13,89.14,89.09,89.05,89.00,88.86,88.77,88.65,88.50,88.35,88.26,88.14,87.98,87.84,87.75,87.62,87.46,87.32,87.24,87.10,86.95,86.81,86.72,86.58,86.43,86.31,86.21,86.07,85.96,85.84,85.70,85.55,85.45,85.33,85.21,85.14,85.13,85.12,85.12,85.12,85.12,85.12,85.12,85.12,85.12,85.12,85.12,85.12,85.11,85.09,85.03,84.96,84.90,84.90,84.83,84.79,84.78,84.78,84.78,84.84,84.89,84.89,84.89,84.87,84.86,84.86,84.86,84.87,84.88,84.89,84.89,84.83,84.81,84.81,84.81,84.82,84.86,84.60,84.15,83.65,83.13,82.82,82.63,82.46
104.96,104.77,104.58,104.39,104.20,104.00,103.77,103.59,103.41,103.19,103.03,102.84,102.65,102.45,102.27,102.11,101.92,101.78,101.71,101.67,101.64,101.64,101.69,101.77,101.84,101.94,102.17,102.32,100.31,96.76,93.69,92.31,92.01,91.79,91.62,91.58,91.69,91.43,90.87,89.83,88.14,86.47,84.74,82.76,80.77,79.67,78.63,77.47,76.42,75.89,75.15,74.55,73.86,72.99,72.53,72.12,71.61,71.12,71.16,71.32,71.70,72.31,73.17,74.09,76.63,80.38,84.82,88.77,91.08,92.92,94.75,96.25,95.43,93.80,91.96,90.23,89.20,88.58,88.11,87.73,87.48,86.78,85.88,84.95,84.13,83.46,82.97,83.24,84.44,85.82,87.09,88.37,89.74,91.26,92.58,93.76,94.53,94.64,94.59,94.92,95.54,96.28,96.76,96.94,96.97,96.92,96.72,95.77,94.18,92.69,91.68,91.06,90.17,89.58,89.31,89.02,88.91,88.99,89.21,89.60,90.32,91.29,91.60,91.02,90.06,89.58,89.23,88.89,88.53,88.11,87.71,87.31,86.92,86.70,86.71,86.78,86.86,86.94,87.05,87.14,87.23,87.35,87.47,87.58,87.60,87.51,87.36,87.31,87.36,87.48,87.59,87.67,87.74,87.81,87.84,87.83,87.75,87.65,87.58,87.56,87.65,87.77,87.89,88.00,88.12,88.23,88.37,88.50,88.59,88.66,88.74,88.81,88.88,88.89,88.87,88.83,88.78,88.67,88.58,88.46,88.31,88.16,88.07,87.95,87.79,87.65,87.56,87.43,87.27,87.13,87.05,86.91,86.78,86.66,86.54,86.39,86.26,86.15,86.03,85.88,85.78,85.66,85.51,85.36,85.27,85.14,85.02,84.95,84.94,84.94,84.94,84.94,84.94,84.94,84.94,84.94,84.94,84.94,84.94,84.94,84.94,84.94,84.91,84.90,84.90,84.90,84.87,84.86,84.86,84.86,84.86,84.88,84.90,84.89,84.85,84.81,84.82,84.84,84.84,84.84,84.84,84.83,84.79,84.76,84.75,84.75,84.76,84.80,84.83,84.78,84.58,84.18,83.66,83.37,83.18,82.97
104.97,104.81,104.60,104.40,104.22,104.00,103.78,103.60,103.41,103.20,103.04,102.88,102.69,102.50,102.39,102.27,102.11,102.02,102.10,102.19,102.25,102.37,102.49,102.57,102.66,102.75,102.95,103.33,102.65,99.67,96.55,94.93,94.65,94.49,94.56,95.05,96.02,96.27,95.86,94.87,93.32,91.66,89.30,86.81,84.65,83.14,81.24,78.83,76.79,76.36,75.57,75.30,75.03,74.38,73.92,73.29,72.32,71.33,71.15,71.17,71.32,71.67,72.37,73.32,74.62,78.13,83.98,88.87,91.18,92.88,94.60,95.91,95.02,93.47,91.74,90.08,89.09,88.21,87.42,86.80,86.50,85.94,85.11,84.24,83.57,82.94,82.38,82.46,83.41,84.64,85.87,87.25,88.88,90.83,92.14,93.08,93.51,93.33,93.17,93.18,93.59,94.30,94.73,94.88,95.03,95.21,95.12,93.84,92.16,90.71,89.82,89.52,89.26,89.01,88.76,88.52,88.46,88.67,89.01,89.39,89.85,90.54,90.92,90.73,89.97,89.51,89.11,88.72,88.32,87.88,87.47,87.07,86.70,86.39,86.39,86.47,86.54,86.62,86.69,86.77,86.88,87.01,87.11,87.23,87.28,87.20,87.05,87.03,87.09,87.18,87.31,87.40,87.48,87.53,87.54,87.54,87.47,87.39,87.33,87.35,87.42,87.54,87.67,87.77,87.91,88.01,88.11,88.24,88.31,88.39,88.47,88.55,88.61,88.63,88.64,88.60,88.53,88.45,88.39,88.27,88.12,87.97,87.88,87.76,87.60,87.47,87.38,87.24,87.09,86.95,86.86,86.72,86.61,86.51,86.35,86.20,86.10,85.99,85.84,85.69,85.59,85.47,85.32,85.17,85.08,84.95,84.83,84.78,84.77,84.76,84.75,84.75,84.75,84.75,84.75,84.75,84.75,84.75,84.75,84.75,84.75,84.75,84.75,84.80,84.86,84.88,84.89,84.89,84.89,84.89,84.89,84.88,84.87,84.86,84.78,84.70,84.71,84.77,84.77,84.77,84.78,84.75,84.69,84.69,84.69,84.69,84.72,84.77,84.80,84.85,84.83,84.60,84.16,83.90,83.67,83.39
104.96,104.81,104.60,104.37,104.17,104.00,103.83,103.63,103.43,103.27,103.11,102.90,102.74,102.66,102.69,102.72,102.74,102.79,102.92,103.00,103.08,103.17,103.26,103.34,103.46,103.57,103.78,104.30,104.74,102.45,99.44,97.50,97.25,97.28,97.96,99.07,99.76,100.05,99.82,99.22,98.27,96.77,93.36,89.76,86.80,84.49,82.15,79.43,77.10,76.52,76.21,76.13,75.99,75.65,75.34,74.47,73.32,72.17,71.33,71.19,71.23,71.41,71.94,72.83,74.10,77.71,83.91,89.36,91.64,93.17,94.63,95.45,94.32,92.78,91.30,90.05,89.09,88.17,87.28,86.44,85.74,85.11,84.41,83.68,83.05,82.43,81.87,81.56,81.58,81.70,82.42,84.22,86.97,90.11,91.49,92.05,92.15,91.88,91.66,91.57,91.79,92.26,92.64,92.83,93.13,93.50,93.62,92.67,91.11,89.90,89.39,89.03,88.67,88.35,88.10,88.01,88.19,88.51,88.87,89.20,89.60,90.02,90.20,90.07,89.70,89.32,88.89,88.46,88.08,87.67,87.24,86.82,86.44,86.08,86.07,86.15,86.23,86.30,86.32,86.42,86.54,86.64,86.78,86.88,86.92,86.88,86.74,86.76,86.83,86.92,87.01,87.08,87.16,87.23,87.28,87.28,87.22,87.11,87.02,87.09,87.22,87.33,87.44,87.57,87.66,87.79,87.88,87.92,88.00,88.08,88.15,88.23,88.31,88.37,88.39,88.35,88.28,88.20,88.17,88.08,87.93,87.78,87.69,87.56,87.43,87.33,87.19,87.05,86.92,86.82,86.68,86.53,86.42,86.32,86.17,86.01,85.91,85.80,85.65,85.50,85.40,85.28,85.13,84.98,84.89,84.77,84.66,84.64,84.64,84.60,84.56,84.56,84.56,84.56,84.56,84.56,84.56,84.56,84.56,84.56,84.56,84.56,84.56,84.61,84.69,84.81,84.83,84.83,84.83,84.83,84.83,84.78,84.74,84.72,84.65,84.58,84.59,84.64,84.64,84.64,84.69,84.69,84.63,84.63,84.63,84.65,84.70,84.72,84.78,84.85,84.88,84.82,84.65,84.36,83.98,83.57
104.96,104.81,104.60,104.38,104.19,104.00,103.84,103.66,103.49,103.39,103.36,103.27,103.21,103.22,103.30,103.41,103.50,103.59,103.70,103.79,103.89,103.98,104.06,104.14,104.25,104.37,104.60,105.18,105.99,104.52,102.31,100.81,100.64,100.83,101.72,102.87,102.98,103.06,102.47,101.44,100.20,98.43,94.34,90.38,87.61,85.31,82.88,80.53,78.71,77.97,77.10,76.91,76.94,76.78,76.50,75.48,74.22,72.93,71.73,71.36,71.26,71.34,71.72,72.61,73.94,77.64,83.96,89.58,91.78,93.18,94.47,95.06,93.87,92.47,91.20,90.11,89.17,88.24,87.32,86.41,85.56,84.80,83.98,83.19,82.55,81.92,81.37,80.91,80.59,80.37,80.66,82.08,84.76,88.44,90.07,90.72,90.84,90.51,90.10,89.94,90.19,90.70,90.96,91.16,91.52,91.95,92.16,91.37,90.25,89.42,89.03,88.65,88.29,87.94,87.66,87.60,87.84,88.19,88.53,88.88,89.23,89.50,89.58,89.48,89.28,89.00,88.65,88.24,87.83,87.44,87.02,86.60,86.18,85.81,85.80,85.86,85.91,85.98,86.02,86.09,86.19,86.30,86.42,86.50,86.56,86.55,86.42,86.46,86.55,86.66,86.73,86.78,86.85,86.92,86.98,86.98,86.93,86.82,86.76,86.87,86.99,87.10,87.22,87.33,87.41,87.53,87.60,87.65,87.72,87.80,87.88,87.96,88.03,88.11,88.14,88.10,88.03,87.95,87.94,87.87,87.75,87.63,87.51,87.38,87.24,87.16,87.01,86.85,86.74,86.64,86.49,86.34,86.23,86.13,85.97,85.82,85.72,85.61,85.46,85.31,85.21,85.09,84.94,84.79,84.70,84.59,84.51,84.48,84.47,84.44,84.41,84.41,84.41,84.41,84.41,84.41,84.41,84.41,84.41,84.41,84.41,84.41,84.41,84.46,84.55,84.66,84.67,84.70,84.72,84.71,84.68,84.64,84.60,84.56,84.52,84.45,84.46,84.52,84.52,84.55,84.59,84.60,84.56,84.56,84.59,84.62,84.66,84.70,84.77,84.83,84.87,84.89,84.86,84.58,84.18,83.72
104.95,104.81,104.60,104.42,104.25,104.05,103.92,103.79,103.69,103.65,103.77,103.86,103.92,103.99,104.08,104.21,104.31,104.40,104.48,104.56,104.69,104.80,104.89,104.96,105.04,105.16,105.42,106.00,106.80,106.22,105.18,104.51,104.48,104.74,105.54,106.34,105.81,105.38,104.00,102.05,100.05,97.81,93.46,89.70,87.55,85.69,83.55,81.95,80.91,80.00,78.32,77.79,77.81,77.72,77.39,76.28,74.92,73.52,72.24,71.61,71.38,71.38,71.68,72.60,74.02,77.74,84.02,89.62,91.74,93.01,94.17,94.72,93.60,92.39,91.30,90.25,89.30,88.37,87.45,86.55,85.68,84.78,83.78,82.82,82.09,81.43,80.86,80.41,80.08,79.91,79.88,80.61,82.61,86.30,88.16,89.10,89.41,89.10,88.50,88.35,88.79,89.50,89.64,89.85,90.20,90.61,90.82,90.16,89.57,89.11,88.73,88.34,88.01,87.66,87.34,87.22,87.47,87.78,88.11,88.48,88.80,88.98,89.01,88.91,88.76,88.60,88.35,88.01,87.58,87.19,86.80,86.38,85.94,85.57,85.54,85.58,85.60,85.67,85.74,85.78,85.84,85.97,86.05,86.13,86.21,86.24,86.12,86.15,86.27,86.39,86.46,86.48,86.54,86.61,86.67,86.68,86.62,86.54,86.52,86.66,86.76,86.88,87.00,87.09,87.16,87.24,87.32,87.39,87.47,87.55,87.63,87.70,87.78,87.86,87.88,87.84,87.77,87.69,87.67,87.64,87.56,87.47,87.34,87.18,87.06,86.97,86.82,86.67,86.55,86.45,86.30,86.15,86.04,85.94,85.79,85.63,85.53,85.42,85.27,85.11,85.02,84.90,84.75,84.60,84.51,84.44,84.36,84.30,84.28,84.28,84.28,84.28,84.28,84.28,84.28,84.28,84.28,84.28,84.28,84.28,84.28,84.28,84.28,84.32,84.39,84.47,84.49,84.53,84.58,84.57,84.51,84.49,84.46,84.40,84.38,84.32,84.33,84.39,84.40,84.46,84.49,84.49,84.50,84.50,84.56,84.60,84.63,84.70,84.77,84.81,84.84,84.90,84.89,84.66,84.29,83.83
104.91,104.81,104.64,104.48,104.35,104.29,104.33,104.35,104.37,104.41,104.51,104.63,104.73,104.82,104.89,104.99,105.11,105.22,105.30,105.38,105.47,105.59,105.70,105.78,105.87,105.95,106.20,106.81,107.58,107.87,108.06,108.36,108.48,108.60,108.80,108.84,108.03,106.35,103.53,100.33,97.49,94.76,91.32,88.46,86.70,85.33,84.40,83.61,82.81,81.82,80.46,79.17,78.33,78.09,77.66,76.42,74.94,73.58,72.70,71.95,71.56,71.53,71.90,72.88,74.41,77.95,83.80,89.53,91.60,92.75,93.82,94.47,93.60,92.50,91.44,90.42,89.44,88.50,87.60,86.72,85.82,84.94,83.90,82.81,81.82,80.97,80.39,79.99,79.74,79.59,79.67,80.14,81.44,84.19,85.92,86.86,87.28,87.24,86.77,87.00,87.84,88.83,89.03,89.26,89.50,89.77,89.94,89.60,89.23,88.86,88.47,88.08,87.72,87.37,87.06,86.86,87.08,87.39,87.71,88.05,88.40,88.48,88.42,88.29,88.19,88.04,87.86,87.62,87.31,86.93,86.55,86.15,85.74,85.37,85.27,85.29,85.33,85.36,85.43,85.49,85.54,85.60,85.68,85.79,85.89,85.93,85.85,85.90,85.98,86.08,86.16,86.21,86.28,86.33,86.36,86.41,86.36,86.31,86.32,86.42,86.55,86.66,86.75,86.83,86.91,86.98,87.06,87.14,87.22,87.30,87.37,87.44,87.53,87.60,87.63,87.59,87.52,87.44,87.42,87.39,87.32,87.28,87.15,86.99,86.86,86.78,86.63,86.47,86.36,86.27,86.11,85.96,85.85,85.75,85.59,85.44,85.34,85.23,85.08,84.92,84.83,84.71,84.56,84.41,84.32,84.25,84.18,84.16,84.11,84.09,84.09,84.09,84.09,84.09,84.09,84.09,84.09,84.09,84.09,84.09,84.09,84.09,84.09,84.14,84.21,84.29,84.34,84.38,84.39,84.39,84.37,84.36,84.33,84.27,84.26,84.19,84.21,84.26,84.27,84.34,84.36,84.38,84.44,84.49,84.56,84.63,84.69,84.76,84.79,84.83,84.88,84.89,84.85,84.64,84.32,83.89
104.85,104.80,104.71,104.62,104.57,104.61,104.72,104.82,104.89,104.97,105.05,105.17,105.27,105.34,105.42,105.50,105.63,105.75,105.84,105.91,105.98,106.09,106.21,106.29,106.36,106.44,106.64,107.19,107.91,108.65,109.56,110.50,110.70,110.77,110.68,110.37,109.55,107.27,103.37,99.10,95.61,92.36,89.75,87.87,86.73,86.06,85.91,85.60,84.95,83.91,82.69,80.98,79.41,78.44,77.81,76.53,75.02,73.70,73.03,72.21,71.73,71.67,72.13,73.17,74.66,78.14,83.94,89.41,91.38,92.42,93.41,94.10,93.50,92.55,91.55,90.57,89.57,88.64,87.76,86.88,85.98,85.09,84.06,82.92,81.78,80.76,80.14,79.76,79.51,79.35,79.50,79.82,80.55,82.19,83.60,84.47,85.03,85.33,85.22,85.86,87.00,88.15,88.47,88.72,88.91,89.10,89.31,89.16,88.90,88.58,88.22,87.83,87.44,87.09,86.76,86.52,86.71,87.02,87.32,87.63,87.94,87.93,87.80,87.66,87.58,87.44,87.30,87.15,86.93,86.63,86.30,85.93,85.52,85.15,84.98,84.98,85.05,85.08,85.12,85.19,85.25,85.28,85.33,85.44,85.56,85.62,85.56,85.63,85.70,85.76,85.84,85.92,85.99,86.05,86.08,86.12,86.07,86.05,86.09,86.20,86.33,86.42,86.50,86.57,86.66,86.73,86.81,86.88,86.97,87.04,87.11,87.19,87.27,87.33,87.34,87.32,87.26,87.21,87.18,87.13,87.07,87.06,86.95,86.80,86.68,86.59,86.44,86.29,86.17,86.08,85.92,85.77,85.66,85.56,85.40,85.25,85.15,85.04,84.89,84.73,84.64,84.52,84.37,84.25,84.14,84.05,84.00,83.99,83.95,83.94,83.94,83.94,83.94,83.91,83.91,83.91,83.91,83.91,83.91,83.91,83.91,83.91,83.91,83.95,84.05,84.10,84.18,84.20,84.20,84.20,84.20,84.20,84.18,84.13,84.11,84.06,84.08,84.15,84.20,84.28,84.32,84.37,84.44,84.52,84.59,84.66,84.72,84.79,84.82,84.85,84.85,84.79,84.70,84.52,84.26,83.93
104.80,104.80,104.77,104.79,104.83,104.89,104.96,105.03,105.11,105.19,105.27,105.35,105.43,105.51,105.58,105.66,105.79,105.91,105.99,106.06,106.15,106.23,106.31,106.39,106.46,106.54,106.69,107.08,107.73,108.53,109.63,110.86,111.11,111.25,111.24,111.03,110.44,108.30,103.84,98.78,94.84,91.16,89.10,88.08,87.76,87.91,88.03,87.87,87.34,86.26,84.82,83.02,80.90,78.80,77.92,76.66,75.22,73.92,73.20,72.40,71.91,71.84,72.33,73.41,74.67,78.22,84.30,89.21,91.05,92.03,92.93,93.56,93.26,92.50,91.61,90.68,89.70,88.81,87.92,87.02,86.15,85.24,84.22,83.10,81.95,80.82,80.12,79.68,79.40,79.19,79.31,79.55,79.86,80.42,81.37,82.14,82.81,83.47,83.88,84.92,86.25,87.42,87.88,88.15,88.34,88.58,88.87,88.76,88.55,88.27,87.95,87.58,87.19,86.81,86.45,86.19,86.34,86.63,86.94,87.22,87.40,87.32,87.17,87.03,86.95,86.80,86.69,86.59,86.42,86.25,86.02,85.70,85.27,84.89,84.69,84.66,84.74,84.80,84.82,84.88,84.95,85.01,85.02,85.09,85.20,85.30,85.25,85.36,85.42,85.45,85.53,85.60,85.68,85.75,85.81,85.82,85.77,85.77,85.86,86.00,86.09,86.17,86.24,86.32,86.40,86.47,86.56,86.63,86.71,86.78,86.86,86.94,87.01,87.02,87.02,87.02,87.02,87.01,86.95,86.88,86.82,86.81,86.74,86.61,86.48,86.40,86.25,86.09,85.98,85.89,85.73,85.58,85.47,85.37,85.21,85.06,84.97,84.85,84.70,84.55,84.45,84.33,84.20,84.10,83.97,83.86,83.82,83.81,83.81,83.80,83.80,83.80,83.80,83.75,83.72,83.72,83.72,83.72,83.72,83.72,83.72,83.72,83.72,83.80,83.91,83.92,83.98,84.02,84.02,84.02,84.02,84.02,84.01,83.99,83.94,83.92,83.97,84.07,84.20,84.29,84.36,84.42,84.51,84.58,84.65,84.69,84.72,84.80,84.86,84.84,84.74,84.60,84.45,84.29,84.12,83.91
104.73,104.74,104.66,104.59,104.53,104.47,104.41,104.41,104.48,104.60,104.68,104.75,104.83,104.91,104.99,105.06,105.16,105.26,105.34,105.42,105.50,105.57,105.64,105.73,105.80,105.88,106.02,106.38,107.02,107.89,109.02,110.31,111.10,111.42,111.48,111.39,111.06,109.65,105.49,100.25,95.91,92.51,90.36,89.30,89.23,89.73,90.19,90.20,89.63,88.26,86.26,83.79,81.18,78.91,77.99,76.70,75.25,73.94,73.16,72.55,72.17,72.14,72.61,73.27,74.26,77.58,83.40,88.25,90.43,91.53,92.30,92.94,92.95,92.34,91.50,90.66,89.84,88.96,88.07,87.19,86.30,85.41,84.38,83.24,82.10,81.06,80.26,79.74,79.47,79.16,79.11,79.23,79.47,79.72,80.22,80.62,81.12,81.92,82.90,84.13,85.48,86.70,87.28,87.58,87.85,88.17,88.47,88.34,88.12,87.87,87.60,87.31,86.94,86.55,86.17,85.87,85.94,86.19,86.50,86.77,86.80,86.69,86.56,86.44,86.32,86.17,86.06,85.96,85.81,85.65,85.51,85.31,85.01,84.64,84.40,84.35,84.42,84.50,84.55,84.59,84.63,84.70,84.75,84.82,84.89,84.95,84.97,85.06,85.13,85.19,85.26,85.30,85.36,85.44,85.51,85.55,85.50,85.53,85.65,85.75,85.84,85.91,85.99,86.07,86.15,86.22,86.30,86.38,86.46,86.53,86.61,86.69,86.75,86.77,86.77,86.77,86.77,86.76,86.70,86.65,86.61,86.57,86.54,86.42,86.30,86.21,86.06,85.90,85.79,85.70,85.54,85.39,85.28,85.18,85.03,84.92,84.80,84.66,84.52,84.40,84.28,84.14,84.00,83.92,83.78,83.70,83.66,83.63,83.63,83.63,83.63,83.63,83.62,83.59,83.58,83.58,83.58,83.58,83.58,83.58,83.58,83.58,83.58,83.64,83.72,83.73,83.80,83.85,83.88,83.88,83.88,83.85,83.83,83.83,83.84,83.92,84.03,84.15,84.26,84.38,84.44,84.49,84.56,84.64,84.69,84.72,84.77,84.84,84.85,84.71,84.50,84.30,84.14,83.99,83.84,83.67
104.65,104.66,104.54,104.39,104.23,104.06,103.90,103.83,103.84,103.92,103.95,103.99,104.05,104.13,104.20,104.28,104.36,104.44,104.52,104.59,104.68,104.77,104.84,104.92,105.00,105.08,105.21,105.55,106.18,107.09,108.21,109.53,110.84,111.45,111.67,111.70,111.55,110.72,107.40,102.64,97.98,94.79,92.62,91.49,91.44,91.94,92.50,92.52,91.77,90.03,87.42,84.19,81.08,78.78,77.89,76.66,75.24,73.94,73.16,72.70,72.40,72.39,72.84,73.25,74.00,76.60,81.48,86.81,89.70,91.06,91.75,92.35,92.61,92.18,91.45,90.71,90.00,89.14,88.25,87.37,86.45,85.59,84.55,83.41,82.33,81.38,80.51,79.89,79.53,79.15,78.91,78.95,79.15,79.31,79.53,79.69,80.03,80.83,82.10,83.40,84.74,85.97,86.71,87.06,87.40,87.78,88.07,87.91,87.67,87.44,87.21,86.98,86.65,86.28,85.91,85.57,85.55,85.77,86.05,86.25,86.19,86.06,85.94,85.84,85.69,85.54,85.43,85.33,85.17,85.04,84.93,84.81,84.62,84.32,84.10,84.06,84.13,84.19,84.26,84.30,84.34,84.41,84.47,84.55,84.60,84.63,84.70,84.77,84.83,84.91,84.98,85.00,85.06,85.14,85.20,85.27,85.25,85.31,85.43,85.50,85.59,85.66,85.74,85.81,85.90,85.97,86.05,86.13,86.20,86.28,86.36,86.44,86.50,86.51,86.51,86.51,86.51,86.51,86.44,86.41,86.39,86.32,86.31,86.22,86.11,86.02,85.87,85.73,85.61,85.50,85.35,85.21,85.10,84.99,84.84,84.75,84.63,84.47,84.33,84.24,84.11,83.95,83.81,83.73,83.61,83.54,83.51,83.46,83.45,83.45,83.45,83.44,83.44,83.44,83.44,83.44,83.44,83.44,83.44,83.44,83.44,83.44,83.44,83.47,83.53,83.56,83.61,83.68,83.73,83.73,83.73,83.69,83.67,83.72,83.81,83.95,84.11,84.25,84.35,84.48,84.53,84.57,84.65,84.71,84.73,84.78,84.83,84.88,84.78,84.54,84.25,84.01,83.83,83.67,83.52,83.38
104.54,104.59,104.48,104.32,104.15,103.94,103.77,103.64,103.51,103.41,103.29,103.22,103.23,103.31,103.39,103.46,103.53,103.61,103.69,103.77,103.90,104.01,104.08,104.16,104.24,104.31,104.44,104.73,105.31,106.19,107.32,108.69,110.28,111.34,111.87,112.02,111.93,111.15,109.33,106.04,101.18,97.84,95.98,95.07,94.85,94.88,95.06,94.75,93.69,91.53,88.37,84.41,80.75,78.31,77.50,76.47,75.19,73.97,73.33,72.84,72.53,72.50,72.94,73.61,74.14,75.27,78.22,84.80,88.83,90.67,91.34,91.87,92.19,92.06,91.59,90.89,90.19,89.37,88.48,87.56,86.64,85.78,84.73,83.64,82.69,81.76,80.89,80.13,79.54,79.09,78.77,78.73,78.90,79.06,79.29,79.50,79.83,80.44,81.52,82.74,84.03,85.27,86.18,86.64,87.02,87.39,87.63,87.46,87.23,87.00,86.77,86.53,86.28,85.99,85.66,85.31,85.20,85.39,85.60,85.63,85.56,85.42,85.31,85.21,85.06,84.90,84.80,84.69,84.55,84.45,84.32,84.18,84.03,83.91,83.80,83.80,83.86,83.88,83.95,84.01,84.09,84.15,84.17,84.23,84.30,84.37,84.44,84.47,84.52,84.59,84.67,84.74,84.81,84.86,84.89,84.96,85.02,85.09,85.18,85.25,85.33,85.41,85.48,85.56,85.64,85.72,85.80,85.87,85.95,86.03,86.11,86.18,86.25,86.25,86.25,86.25,86.25,86.25,86.19,86.16,86.14,86.07,86.06,86.00,85.91,85.83,85.68,85.58,85.46,85.31,85.17,85.07,84.94,84.80,84.65,84.56,84.44,84.28,84.14,84.05,83.92,83.76,83.63,83.55,83.46,83.39,83.34,83.33,83.33,83.33,83.30,83.25,83.25,83.25,83.25,83.25,83.25,83.25,83.25,83.25,83.25,83.25,83.25,83.28,83.36,83.42,83.44,83.49,83.55,83.55,83.55,83.54,83.59,83.72,83.87,84.02,84.17,84.33,84.46,84.56,84.63,84.70,84.77,84.78,84.84,84.88,84.89,84.87,84.65,84.35,84.05,83.76,83.53,83.36,83.20,83.06
104.46,104.53,104.38,104.21,104.04,103.86,103.69,103.54,103.39,103.23,103.04,102.90,102.83,102.80,102.76,102.72,102.76,102.84,102.91,102.99,103.10,103.19,103.28,103.35,103.43,103.51,103.63,103.92,104.55,105.14,106.05,107.58,109.51,110.88,111.71,112.14,112.26,111.73,110.82,109.00,105.71,102.60,100.58,99.37,98.75,98.38,97.86,96.96,95.44,92.82,89.18,84.64,80.50,77.87,77.03,76.09,75.05,74.11,73.63,73.13,72.66,72.42,72.67,73.21,73.79,74.63,76.79,82.57,87.11,89.70,90.84,91.33,91.66,91.76,91.51,90.90,90.27,89.53,88.68,87.75,86.82,85.83,84.78,83.75,82.82,81.89,81.00,80.18,79.50,79.02,78.62,78.54,78.72,79.00,79.34,79.60,79.95,80.58,81.62,82.77,83.94,85.04,85.76,86.24,86.64,87.00,87.24,87.06,86.84,86.61,86.38,86.14,85.91,85.64,85.33,85.02,84.82,84.94,85.09,85.04,84.93,84.79,84.67,84.58,84.43,84.30,84.19,84.09,84.00,83.93,83.82,83.70,83.60,83.52,83.47,83.50,83.56,83.61,83.68,83.73,83.78,83.85,83.90,83.97,84.02,84.07,84.14,84.19,84.25,84.32,84.40,84.44,84.51,84.57,84.62,84.69,84.77,84.84,84.92,85.00,85.07,85.16,85.23,85.31,85.38,85.47,85.54,85.61,85.69,85.77,85.85,85.93,86.00,86.00,86.00,86.00,86.00,86.00,85.94,85.91,85.89,85.81,85.81,85.75,85.69,85.63,85.49,85.39,85.28,85.13,84.98,84.89,84.76,84.61,84.46,84.38,84.25,84.09,83.95,83.86,83.73,83.57,83.44,83.36,83.28,83.22,83.19,83.16,83.16,83.16,83.13,83.10,83.10,83.10,83.10,83.10,83.10,83.06,83.05,83.05,83.05,83.05,83.05,83.11,83.21,83.25,83.25,83.30,83.36,83.41,83.48,83.56,83.67,83.82,83.97,84.10,84.23,84.39,84.54,84.66,84.72,84.78,84.83,84.81,84.80,84.78,84.74,84.65,84.40,84.13,83.86,83.59,83.32,83.08,82.89,82.74
104.40,104.45,104.28,104.10,103.94,103.79,103.64,103.47,103.31,103.14,102.93,102.76,102.61,102.46,102.31,102.15,102.12,102.17,102.21,102.25,102.31,102.38,102.45,102.53,102.61,102.69,102.81,103.09,103.68,103.96,104.68,106.39,108.63,110.29,111.44,112.19,112.54,112.33,112.02,111.40,109.93,107.41,105.42,104.02,103.07,102.26,100.92,99.23,97.04,93.79,89.75,84.88,80.44,77.60,76.67,75.82,74.99,74.33,74.00,73.49,72.84,72.33,72.31,72.60,73.22,74.08,75.77,79.88,84.16,87.54,89.77,90.69,91.08,91.33,91.28,90.80,90.30,89.66,88.76,87.68,86.61,85.64,84.69,83.72,82.77,81.83,80.91,80.08,79.39,78.91,78.46,78.37,78.63,79.03,79.48,79.81,80.22,80.91,81.95,83.02,84.04,84.91,85.38,85.85,86.26,86.62,86.85,86.67,86.44,86.21,85.98,85.74,85.51,85.24,84.97,84.72,84.43,84.45,84.55,84.46,84.33,84.19,84.08,83.99,83.85,83.76,83.64,83.54,83.52,83.45,83.37,83.30,83.22,83.15,83.15,83.19,83.27,83.33,83.41,83.44,83.48,83.55,83.62,83.70,83.74,83.77,83.84,83.92,83.99,84.06,84.13,84.15,84.21,84.28,84.36,84.44,84.52,84.59,84.67,84.75,84.82,84.90,84.97,85.06,85.13,85.21,85.28,85.36,85.44,85.52,85.59,85.68,85.74,85.75,85.75,85.75,85.75,85.75,85.69,85.66,85.63,85.56,85.55,85.50,85.45,85.43,85.30,85.20,85.09,84.94,84.78,84.70,84.57,84.42,84.27,84.19,84.06,83.90,83.76,83.67,83.54,83.38,83.25,83.17,83.09,83.06,83.04,82.98,82.97,82.96,82.96,82.96,82.96,82.96,82.96,82.96,82.95,82.90,82.88,82.88,82.88,82.88,82.88,82.95,83.06,83.06,83.07,83.14,83.24,83.34,83.49,83.64,83.80,83.95,84.10,84.19,84.31,84.47,84.61,84.76,84.80,84.80,84.80,84.72,84.63,84.55,84.46,84.30,84.08,83.85,83.61,83.37,83.08,82.79,82.56,82.40
104.32,104.34,104.19,104.04,103.88,103.73,103.57,103.38,103.19,103.03,102.86,102.69,102.55,102.39,102.23,102.02,101.89,101.78,101.69,101.59,101.53,101.55,101.63,101.71,101.83,101.93,102.04,102.21,102.34,102.55,103.42,105.31,107.63,109.59,111.14,112.22,112.73,112.80,112.74,112.44,111.65,110.56,109.74,109.04,108.21,106.76,104.61,101.80,98.30,93.97,89.68,85.16,80.97,77.89,76.83,76.05,75.34,74.77,74.44,73.94,73.19,72.45,72.06,72.09,72.47,73.12,74.15,75.87,77.93,81.97,86.86,89.80,90.46,90.70,90.77,90.57,90.32,89.72,88.49,86.73,85.08,84.78,84.28,83.38,82.34,81.35,80.45,79.70,79.13,78.67,78.25,78.29,78.71,79.20,79.62,80.07,80.59,81.28,82.32,83.32,84.08,84.60,85.01,85.47,85.88,86.23,86.41,86.23,86.00,85.77,85.54,85.30,85.07,84.83,84.59,84.34,84.05,83.94,83.91,83.84,83.80,83.72,83.63,83.55,83.46,83.38,83.29,83.20,83.14,83.06,82.98,82.91,82.85,82.83,82.87,82.94,83.00,83.03,83.09,83.16,83.22,83.29,83.32,83.38,83.45,83.51,83.59,83.66,83.71,83.74,83.82,83.88,83.95,84.03,84.11,84.19,84.26,84.34,84.41,84.50,84.57,84.65,84.72,84.80,84.88,84.96,85.03,85.11,85.19,85.27,85.34,85.42,85.48,85.50,85.50,85.50,85.50,85.50,85.48,85.44,85.38,85.31,85.30,85.25,85.19,85.18,85.09,85.02,84.90,84.75,84.59,84.50,84.38,84.23,84.08,84.00,83.87,83.71,83.57,83.48,83.34,83.19,83.05,82.98,82.90,82.87,82.86,82.84,82.78,82.77,82.77,82.77,82.77,82.77,82.77,82.77,82.77,82.75,82.75,82.75,82.75,82.75,82.75,82.80,82.87,82.88,82.93,83.07,83.27,83.45,83.61,83.77,83.92,84.08,84.22,84.32,84.44,84.58,84.68,84.83,84.79,84.64,84.44,84.29,84.16,84.06,83.96,83.80,83.58,83.35,83.12,82.88,82.63,82.38,82.18,82.03
104.25,104.25,104.13,103.97,103.81,103.63,103.47,103.28,103.10,102.94,102.79,102.64,102.46,102.29,102.13,101.94,101.76,101.61,101.46,101.30,101.15,101.08,101.06,101.05,101.07,101.14,101.18,101.11,101.01,101.06,101.93,103.98,106.31,108.61,110.67,112.25,112.92,113.17,113.27,113.18,112.77,112.24,111.79,111.32,110.65,109.30,106.90,103.42,99.16,94.54,90.25,86.19,82.53,79.72,78.50,77.06,75.98,75.40,75.04,74.48,73.65,72.79,72.18,71.95,72.03,72.38,72.95,73.59,74.58,77.59,81.62,84.22,85.63,86.57,87.28,87.84,88.40,88.34,87.19,85.29,83.99,84.12,83.82,83.00,82.00,80.98,80.10,79.41,78.87,78.36,78.06,78.25,78.79,79.35,79.84,80.38,80.98,81.67,82.52,83.29,83.85,84.24,84.63,85.09,85.50,85.84,86.01,85.83,85.59,85.36,85.13,84.90,84.67,84.44,84.20,83.97,83.70,83.55,83.47,83.41,83.37,83.31,83.22,83.15,83.08,83.00,82.94,82.88,82.80,82.72,82.65,82.57,82.51,82.54,82.58,82.65,82.71,82.75,82.81,82.87,82.93,83.00,83.04,83.11,83.18,83.25,83.33,83.38,83.42,83.47,83.55,83.62,83.70,83.78,83.86,83.93,84.00,84.09,84.16,84.24,84.31,84.40,84.47,84.55,84.63,84.70,84.78,84.86,84.94,85.01,85.09,85.16,85.24,85.25,85.25,85.25,85.25,85.25,85.25,85.20,85.13,85.06,85.05,85.00,84.94,84.94,84.89,84.82,84.71,84.56,84.41,84.31,84.19,84.04,83.89,83.80,83.67,83.52,83.38,83.29,83.16,83.00,82.86,82.79,82.74,82.72,82.71,82.67,82.63,82.62,82.62,82.62,82.62,82.62,82.61,82.58,82.58,82.58,82.58,82.58,82.58,82.58,82.58,82.62,82.68,82.69,82.81,83.03,83.29,83.53,83.70,83.88,84.05,84.20,84.36,84.44,84.57,84.70,84.76,84.72,84.53,84.28,84.01,83.82,83.66,83.53,83.42,83.29,83.10,82.88,82.65,82.42,82.18,81.95,81.77,81.66
104.19,104.17,104.05,103.88,103.71,103.50,103.33,103.17,103.02,102.86,102.70,102.55,102.36,102.15,102.00,101.84,101.68,101.52,101.36,101.20,101.01,100.83,100.69,100.56,100.44,100.43,100.38,100.04,99.83,99.72,100.47,102.49,104.80,107.41,110.01,112.16,113.03,113.44,113.67,113.73,113.50,112.99,112.40,111.84,111.27,110.38,108.14,104.41,99.90,95.58,91.40,87.75,84.69,82.44,81.08,78.81,77.14,76.38,75.77,75.09,74.21,73.28,72.54,72.05,71.83,71.85,72.12,72.53,73.17,74.39,75.80,76.84,78.97,80.73,82.18,83.59,85.16,86.00,85.30,83.64,83.22,83.59,83.35,82.59,81.71,80.69,79.84,79.17,78.61,78.04,77.88,78.19,78.81,79.44,80.06,80.67,81.30,81.96,82.53,83.04,83.47,83.86,84.26,84.71,85.12,85.45,85.63,85.45,85.22,84.98,84.75,84.52,84.28,84.06,83.83,83.59,83.37,83.23,83.16,83.07,83.01,82.94,82.86,82.78,82.70,82.63,82.59,82.55,82.48,82.40,82.33,82.25,82.21,82.27,82.28,82.33,82.41,82.47,82.55,82.59,82.62,82.70,82.77,82.84,82.92,83.00,83.07,83.09,83.14,83.21,83.28,83.37,83.44,83.52,83.60,83.69,83.77,83.83,83.91,83.98,84.05,84.13,84.22,84.30,84.37,84.45,84.53,84.61,84.68,84.76,84.84,84.91,84.98,84.99,84.99,84.99,84.99,84.99,84.98,84.94,84.87,84.80,84.79,84.74,84.69,84.69,84.68,84.63,84.52,84.37,84.22,84.13,84.00,83.85,83.70,83.61,83.48,83.33,83.19,83.10,82.96,82.82,82.69,82.61,82.59,82.59,82.56,82.51,82.49,82.48,82.48,82.48,82.48,82.48,82.44,82.40,82.40,82.40,82.40,82.40,82.40,82.40,82.40,82.44,82.50,82.53,82.72,83.00,83.31,83.59,83.77,83.98,84.17,84.33,84.48,84.57,84.69,84.80,84.78,84.47,84.10,83.78,83.56,83.33,83.16,83.00,82.87,82.78,82.63,82.43,82.20,81.97,81.74,81.51,81.35,81.27
104.10,104.01,103.87,103.68,103.48,103.31,103.15,102.99,102.84,102.67,102.47,102.31,102.14,101.97,101.81,101.66,101.47,101.28,101.13,100.97,100.80,100.63,100.49,100.38,100.37,100.35,100.22,99.82,99.33,99.35,99.84,100.94,103.17,105.99,108.92,111.47,112.82,113.43,113.83,114.03,113.85,113.31,112.66,111.97,111.19,110.16,108.48,105.26,101.27,97.83,93.53,89.68,86.74,84.90,83.55,81.87,80.17,78.49,76.68,75.74,74.86,73.90,72.98,72.32,71.90,71.72,71.78,72.02,72.51,73.25,74.13,75.00,76.12,77.13,78.10,79.29,81.18,83.28,83.55,82.39,82.58,83.11,82.88,82.11,81.31,80.48,79.74,79.07,78.47,77.88,77.59,77.85,78.51,79.27,80.00,80.62,81.19,81.77,82.27,82.70,83.09,83.49,83.93,84.34,84.74,85.08,85.25,85.06,84.84,84.61,84.37,84.14,83.91,83.67,83.44,83.22,83.03,82.92,82.82,82.71,82.68,82.61,82.53,82.45,82.38,82.30,82.24,82.18,82.11,82.03,81.98,81.96,81.94,81.96,81.97,82.01,82.09,82.17,82.24,82.30,82.37,82.44,82.46,82.53,82.61,82.68,82.76,82.81,82.88,82.94,82.98,83.10,83.19,83.29,83.41,83.49,83.56,83.62,83.64,83.67,83.74,83.86,83.97,84.04,84.12,84.19,84.28,84.35,84.43,84.50,84.58,84.66,84.72,84.73,84.73,84.73,84.73,84.73,84.69,84.66,84.62,84.55,84.53,84.48,84.44,84.44,84.44,84.38,84.29,84.17,84.03,83.94,83.81,83.66,83.51,83.42,83.29,83.16,83.06,82.93,82.77,82.65,82.55,82.47,82.42,82.40,82.39,82.37,82.31,82.30,82.30,82.30,82.30,82.30,82.29,82.27,82.27,82.27,82.27,82.27,82.27,82.27,82.27,82.28,82.33,82.44,82.70,83.00,83.32,83.66,83.88,84.07,84.26,84.45,84.61,84.70,84.76,84.72,84.42,84.01,83.57,83.26,83.10,82.83,82.65,82.49,82.35,82.27,82.13,81.96,81.76,81.53,81.30,81.10,80.97,80.88
103.91,103.75,103.58,103.40,103.21,103.05,102.90,102.74,102.58,102.40,102.19,102.03,101.87,101.72,101.56,101.39,101.20,101.05,100.97,100.88,100.79,100.71,100.63,100.60,100.62,100.88,100.88,99.86,99.13,99.05,99.26,99.80,101.54,104.30,107.39,110.33,112.39,113.22,113.72,114.00,113.88,113.38,112.75,111.89,110.69,109.24,107.87,105.50,102.54,99.81,95.77,91.85,88.91,87.32,86.00,84.70,83.00,80.81,78.38,76.69,75.50,74.48,73.47,72.67,72.10,71.76,71.69,71.83,72.17,72.72,73.40,74.06,74.45,74.92,75.59,76.64,78.53,81.07,82.02,81.54,82.08,82.71,82.57,81.92,81.20,80.53,79.87,79.21,78.55,77.87,77.38,77.49,78.11,78.90,79.66,80.33,80.93,81.46,81.92,82.33,82.72,83.14,83.58,83.97,84.37,84.71,84.84,84.68,84.47,84.25,84.02,83.79,83.56,83.33,83.09,82.87,82.70,82.59,82.47,82.36,82.33,82.27,82.19,82.11,82.03,81.95,81.89,81.83,81.75,81.67,81.65,81.65,81.65,81.65,81.67,81.72,81.80,81.88,81.96,82.02,82.08,82.15,82.18,82.24,82.32,82.40,82.47,82.55,82.61,82.67,82.73,82.87,82.97,83.07,83.19,83.27,83.34,83.40,83.41,83.42,83.46,83.57,83.68,83.76,83.84,83.91,84.00,84.09,84.18,84.25,84.33,84.40,84.45,84.45,84.45,84.46,84.47,84.46,84.41,84.38,84.37,84.29,84.28,84.25,84.20,84.19,84.18,84.13,84.06,83.98,83.86,83.75,83.62,83.47,83.34,83.24,83.10,82.98,82.89,82.74,82.58,82.47,82.39,82.32,82.26,82.23,82.21,82.20,82.16,82.14,82.14,82.13,82.11,82.11,82.11,82.11,82.11,82.11,82.11,82.11,82.11,82.11,82.11,82.12,82.19,82.39,82.69,83.01,83.36,83.72,84.00,84.17,84.35,84.56,84.72,84.77,84.69,84.46,84.00,83.54,83.07,82.75,82.60,82.35,82.15,81.98,81.84,81.74,81.61,81.47,81.29,81.06,80.85,80.69,80.58,80.47
103.59,103.38,103.21,103.05,102.89,102.74,102.58,102.42,102.24,102.03,101.86,101.72,101.58,101.43,101.28,101.08,100.94,100.91,100.96,101.01,101.06,101.11,101.16,101.21,101.22,102.01,102.28,100.04,99.17,98.67,98.60,99.16,100.01,102.37,105.41,108.67,111.66,112.77,113.33,113.63,113.56,113.19,112.67,111.59,109.80,107.73,106.29,104.98,103.43,101.16,97.87,94.15,91.20,89.68,88.41,87.04,85.28,83.19,80.97,78.11,76.18,74.98,73.98,73.11,72.43,72.00,71.83,71.90,72.12,72.58,73.10,73.35,73.61,74.06,74.80,75.94,77.57,79.55,80.72,81.10,81.71,82.38,82.47,82.09,81.46,80.83,80.26,79.61,78.84,78.03,77.28,77.17,77.63,78.33,79.04,79.83,80.54,81.07,81.55,81.95,82.37,82.81,83.21,83.60,84.02,84.36,84.42,84.28,84.12,83.93,83.70,83.47,83.23,83.01,82.77,82.55,82.38,82.24,82.12,82.03,81.96,81.88,81.81,81.73,81.65,81.58,81.54,81.50,81.43,81.36,81.34,81.34,81.34,81.34,81.40,81.47,81.55,81.62,81.70,81.73,81.77,81.84,81.91,81.99,82.06,82.15,82.22,82.29,82.33,82.39,82.53,82.67,82.77,82.85,82.94,83.02,83.09,83.17,83.22,83.22,83.23,83.29,83.36,83.45,83.53,83.60,83.71,83.84,83.91,83.99,84.07,84.13,84.14,84.14,84.14,84.17,84.21,84.16,84.13,84.13,84.11,84.05,84.03,84.03,83.99,83.94,83.93,83.87,83.83,83.80,83.71,83.58,83.43,83.30,83.20,83.06,82.91,82.79,82.70,82.55,82.39,82.28,82.20,82.14,82.11,82.07,82.03,82.02,82.01,82.01,82.01,82.00,81.94,81.92,81.92,81.92,81.92,81.92,81.92,81.92,81.92,81.92,81.92,81.96,82.09,82.38,82.70,83.05,83.43,83.81,84.11,84.30,84.46,84.63,84.81,84.73,84.44,84.02,83.56,83.09,82.63,82.26,82.05,81.88,81.66,81.48,81.33,81.18,81.09,80.96,80.78,80.56,80.40,80.30,80.18,80.05
103.23,103.04,102.88,102.73,102.57,102.42,102.26,102.08,101.89,101.70,101.55,101.50,101.47,101.45,101.42,101.37,101.36,101.39,101.47,101.59,101.67,101.75,101.80,101.76,102.42,103.13,102.76,100.13,99.07,98.33,98.09,98.59,99.30,100.67,103.00,106.18,109.56,111.77,112.79,113.09,113.04,112.73,112.25,110.94,108.67,106.24,104.59,103.47,102.44,100.88,98.49,95.68,93.17,91.47,90.38,89.22,87.62,85.65,83.54,80.82,77.73,75.21,74.21,73.69,73.08,72.56,72.24,72.11,72.23,72.59,73.02,73.31,73.62,74.15,74.91,75.95,77.39,78.71,79.88,80.84,81.43,82.07,82.44,82.40,81.82,81.24,80.66,80.00,79.21,78.37,77.54,77.03,77.01,77.67,78.40,79.24,80.05,80.68,81.17,81.60,82.03,82.44,82.83,83.25,83.68,83.97,83.99,83.89,83.72,83.52,83.33,83.10,82.86,82.64,82.41,82.17,82.02,81.89,81.79,81.71,81.64,81.53,81.44,81.40,81.33,81.25,81.19,81.13,81.07,81.03,81.02,81.02,81.03,81.07,81.11,81.16,81.24,81.32,81.39,81.45,81.50,81.58,81.66,81.73,81.81,81.88,81.92,81.99,82.07,82.18,82.33,82.44,82.53,82.61,82.69,82.76,82.84,82.91,82.98,83.02,83.03,83.05,83.11,83.18,83.25,83.34,83.43,83.53,83.61,83.69,83.76,83.83,83.87,83.88,83.88,83.89,83.91,83.88,83.88,83.88,83.87,83.83,83.79,83.77,83.75,83.68,83.67,83.62,83.58,83.56,83.48,83.38,83.24,83.11,83.02,82.88,82.72,82.60,82.51,82.36,82.20,82.09,82.03,81.99,81.95,81.91,81.87,81.84,81.83,81.83,81.83,81.82,81.80,81.79,81.79,81.79,81.79,81.79,81.76,81.73,81.73,81.73,81.73,81.84,82.08,82.44,82.82,83.21,83.60,83.97,84.25,84.43,84.58,84.71,84.70,84.33,83.92,83.52,83.06,82.59,82.16,81.78,81.49,81.33,81.15,80.97,80.82,80.66,80.54,80.42,80.30,80.16,80.05,79.96,79.87,79.77
102.88,102.72,102.57,102.41,102.27,102.14,102.03,101.88,101.73,101.63,101.52,101.56,101.64,101.71,101.79,101.88,101.97,102.05,102.13,102.26,102.35,102.40,102.44,102.57,103.35,103.50,102.49,100.15,99.02,98.15,97.69,97.92,98.58,99.26,100.87,103.58,107.05,110.21,111.93,112.55,112.53,112.24,111.64,110.07,107.43,104.80,102.89,101.77,101.06,100.15,98.69,96.95,95.05,93.22,92.19,91.17,89.79,88.01,86.08,83.72,80.01,76.32,74.47,74.05,73.59,73.14,72.82,72.52,72.54,72.77,73.14,73.56,73.92,74.56,75.36,76.28,77.49,78.29,79.43,80.81,81.44,82.02,82.41,82.49,82.13,81.68,81.08,80.38,79.59,78.74,77.88,77.04,76.55,77.01,77.73,78.62,79.51,80.26,80.79,81.26,81.68,82.06,82.47,82.91,83.33,83.60,83.57,83.49,83.30,83.12,82.94,82.72,82.48,82.25,82.03,81.80,81.65,81.55,81.47,81.39,81.30,81.17,81.09,81.06,80.99,80.92,80.86,80.78,80.71,80.70,80.70,80.71,80.73,80.79,80.81,80.86,80.92,81.00,81.09,81.16,81.23,81.31,81.40,81.48,81.55,81.60,81.63,81.71,81.83,81.98,82.12,82.22,82.30,82.37,82.43,82.51,82.59,82.66,82.74,82.81,82.82,82.83,82.86,82.93,83.00,83.08,83.16,83.23,83.31,83.39,83.47,83.55,83.61,83.62,83.62,83.62,83.62,83.62,83.62,83.62,83.62,83.61,83.55,83.52,83.50,83.43,83.42,83.37,83.32,83.31,83.23,83.17,83.05,82.92,82.83,82.69,82.53,82.41,82.32,82.17,82.02,81.90,81.84,81.84,81.78,81.75,81.72,81.67,81.66,81.65,81.64,81.64,81.64,81.64,81.64,81.64,81.64,81.64,81.60,81.56,81.56,81.56,81.60,81.79,82.14,82.54,82.97,83.39,83.77,84.14,84.40,84.56,84.70,84.75,84.43,83.80,83.29,82.91,82.49,82.06,81.67,81.29,80.95,80.78,80.62,80.47,80.33,80.19,80.06,79.95,79.88,79.80,79.72,79.66,79.60,79.55
102.56,102.40,102.25,102.09,101.98,101.96,101.99,102.02,102.05,102.09,102.13,102.19,102.27,102.35,102.43,102.56,102.67,102.74,102.82,102.91,102.99,102.95,103.04,103.97,103.35,102.20,101.03,100.08,99.15,98.27,97.48,96.99,97.38,98.35,99.50,101.17,104.34,107.65,110.42,112.08,112.14,111.81,110.83,108.88,106.06,103.44,101.26,100.19,99.82,99.33,98.71,98.04,96.90,95.18,93.90,92.75,91.51,90.13,88.56,86.30,83.43,79.59,74.99,73.85,73.60,73.62,73.68,73.35,73.19,73.26,73.56,74.10,74.40,75.18,76.13,76.97,77.78,78.40,79.59,81.17,82.02,82.52,82.34,82.07,82.28,82.12,81.52,80.75,79.97,79.12,78.22,77.28,76.51,76.40,77.04,77.96,78.91,79.77,80.44,80.90,81.30,81.70,82.14,82.55,82.98,83.26,83.19,83.06,82.89,82.74,82.56,82.34,82.11,81.88,81.65,81.43,81.31,81.23,81.16,81.07,80.93,80.83,80.75,80.69,80.61,80.59,80.54,80.46,80.39,80.38,80.38,80.41,80.47,80.48,80.54,80.58,80.60,80.69,80.82,80.88,80.91,81.00,81.14,81.23,81.27,81.30,81.37,81.49,81.64,81.78,81.88,82.01,82.11,82.16,82.18,82.25,82.33,82.41,82.48,82.56,82.56,82.61,82.65,82.68,82.75,82.82,82.91,82.98,83.06,83.13,83.22,83.29,83.36,83.37,83.37,83.37,83.37,83.37,83.37,83.37,83.37,83.36,83.30,83.27,83.24,83.18,83.16,83.11,83.06,83.05,82.98,82.95,82.86,82.73,82.64,82.50,82.34,82.22,82.13,81.98,81.83,81.71,81.65,81.65,81.64,81.59,81.55,81.53,81.53,81.48,81.45,81.45,81.45,81.45,81.45,81.45,81.45,81.45,81.44,81.44,81.44,81.44,81.59,81.91,82.33,82.72,83.12,83.51,83.89,84.27,84.58,84.72,84.81,84.70,83.90,83.17,82.54,82.06,81.79,81.46,81.13,80.78,80.44,80.27,80.11,79.99,79.90,79.81,79.72,79.64,79.56,79.48,79.41,79.38,79.39,79.44
102.49,102.45,102.40,102.35,102.33,102.37,102.44,102.52,102.59,102.68,102.79,102.88,102.95,103.03,103.11,103.22,103.31,103.39,103.47,103.55,103.54,103.57,103.66,103.69,102.83,101.92,101.13,100.31,99.27,98.35,97.47,96.71,96.67,97.53,98.53,99.61,101.36,104.62,108.06,110.54,111.13,110.82,109.60,107.44,104.57,101.95,100.13,99.26,98.94,98.55,98.16,97.78,97.11,96.06,95.19,94.15,92.99,91.73,90.38,88.66,86.30,82.83,78.14,75.00,73.88,73.66,73.78,73.87,74.14,74.30,74.48,75.00,75.34,76.05,76.92,77.70,78.34,78.89,79.92,81.33,82.37,82.41,81.86,81.50,81.96,82.23,81.80,81.11,80.36,79.58,78.65,77.66,76.75,76.19,76.45,77.27,78.25,79.15,79.99,80.51,80.93,81.36,81.78,82.20,82.63,82.89,82.77,82.62,82.49,82.35,82.19,81.96,81.76,81.54,81.31,81.09,80.99,80.92,80.84,80.75,80.60,80.51,80.43,80.34,80.23,80.13,79.99,79.86,79.75,79.71,79.78,79.90,80.04,80.15,80.23,80.29,80.34,80.41,80.53,80.59,80.65,80.73,80.84,80.93,80.98,81.04,81.15,81.30,81.43,81.55,81.66,81.78,81.87,81.93,81.97,82.05,82.13,82.20,82.28,82.35,82.36,82.39,82.41,82.43,82.50,82.57,82.65,82.73,82.81,82.88,82.96,83.03,83.11,83.12,83.12,83.12,83.12,83.12,83.12,83.12,83.12,83.11,83.04,83.02,82.98,82.92,82.91,82.86,82.81,82.80,82.73,82.72,82.65,82.54,82.45,82.31,82.15,82.03,81.94,81.79,81.64,81.54,81.50,81.47,81.46,81.44,81.40,81.36,81.36,81.33,81.31,81.31,81.31,81.31,81.31,81.30,81.27,81.26,81.26,81.26,81.27,81.35,81.60,81.97,82.39,82.81,83.24,83.66,84.07,84.44,84.72,84.53,84.19,83.79,83.05,82.29,81.65,81.18,80.91,80.67,80.46,80.24,80.02,79.89,79.77,79.68,79.60,79.52,79.48,79.46,79.45,79.45,79.44,79.47,79.52,79.59
102.57,102.63,102.70,102.78,102.84,102.92,103.00,103.08,103.15,103.24,103.38,103.47,103.54,103.62,103.69,103.77,103.84,103.92,104.00,104.10,104.03,104.09,104.08,103.01,102.38,102.13,101.78,100.65,99.41,98.43,97.52,96.62,96.15,96.78,97.63,98.20,98.44,101.72,105.56,108.55,109.72,109.52,108.18,105.98,103.18,100.67,99.36,98.69,98.27,97.84,97.41,97.01,96.63,96.28,95.91,95.12,94.10,92.98,91.85,90.72,88.78,85.97,82.20,77.36,75.17,74.24,73.88,74.30,75.03,75.40,75.56,76.02,76.43,77.00,77.68,78.35,78.90,79.44,80.29,81.48,82.58,82.05,81.23,80.89,81.46,82.12,81.99,81.46,80.75,80.04,79.12,78.13,77.13,76.22,75.98,76.56,77.48,78.43,79.41,80.07,80.58,81.02,81.42,81.86,82.27,82.48,82.33,82.19,82.08,81.96,81.80,81.58,81.41,81.21,80.98,80.78,80.68,80.60,80.52,80.41,80.21,80.04,79.89,79.72,79.50,79.24,78.98,78.77,78.62,78.53,78.68,78.89,79.10,79.27,79.37,79.47,79.60,79.76,79.98,80.20,80.37,80.47,80.55,80.63,80.70,80.80,80.95,81.10,81.21,81.32,81.45,81.54,81.62,81.69,81.77,81.84,81.92,82.00,82.08,82.14,82.17,82.17,82.17,82.18,82.25,82.32,82.40,82.47,82.55,82.63,82.71,82.78,82.85,82.86,82.86,82.86,82.86,82.86,82.86,82.86,82.86,82.85,82.79,82.76,82.73,82.67,82.66,82.60,82.56,82.55,82.48,82.46,82.42,82.35,82.26,82.12,81.96,81.84,81.75,81.60,81.45,81.38,81.35,81.30,81.28,81.27,81.25,81.19,81.17,81.17,81.16,81.16,81.16,81.16,81.16,81.15,81.09,81.07,81.07,81.07,81.11,81.28,81.63,82.01,82.42,82.88,83.33,83.78,84.22,84.56,84.65,83.94,83.09,82.44,81.98,81.29,80.73,80.35,80.09,79.92,79.82,79.73,79.65,79.59,79.53,79.47,79.41,79.36,79.36,79.41,79.48,79.55,79.64,79.72,79.80,79.89
102.81,102.88,102.96,103.04,103.11,103.19,103.27,103.34,103.42,103.51,103.60,103.68,103.76,103.83,103.85,103.92,104.00,104.07,104.16,104.35,104.36,104.16,103.73,103.17,102.89,102.81,102.40,100.98,99.58,98.56,97.51,96.31,95.62,96.19,96.52,96.19,96.06,99.91,103.69,106.36,107.66,107.80,106.65,104.71,102.35,100.33,99.26,98.55,97.94,97.32,96.71,96.22,95.83,95.51,95.14,94.68,94.15,93.58,92.93,91.92,90.57,88.76,86.10,82.41,79.88,77.39,75.00,74.74,75.30,75.93,76.47,76.98,77.43,77.85,78.25,78.65,79.12,79.65,80.61,81.86,82.57,81.64,80.66,80.34,80.94,81.63,82.00,81.83,81.14,80.43,79.63,78.70,77.66,76.58,75.75,75.82,76.50,77.49,78.49,79.52,80.24,80.65,81.09,81.50,81.86,82.04,81.89,81.79,81.66,81.52,81.36,81.19,81.03,80.84,80.61,80.45,80.36,80.28,80.19,79.99,79.53,79.01,78.51,78.01,77.47,76.95,76.57,76.31,76.12,76.02,76.17,76.35,76.44,76.40,76.45,76.69,77.09,77.66,78.53,79.41,80.03,80.20,80.29,80.37,80.47,80.61,80.76,80.87,80.98,81.11,81.20,81.28,81.37,81.44,81.52,81.59,81.67,81.75,81.82,81.90,81.96,81.98,81.98,81.98,82.00,82.06,82.15,82.22,82.30,82.38,82.46,82.53,82.59,82.61,82.61,82.61,82.61,82.61,82.61,82.61,82.61,82.60,82.53,82.50,82.48,82.41,82.41,82.35,82.31,82.30,82.28,82.23,82.19,82.16,82.07,81.93,81.77,81.65,81.56,81.41,81.30,81.22,81.17,81.15,81.10,81.08,81.07,81.05,81.00,80.98,80.98,80.98,80.98,80.98,80.98,80.98,80.95,80.90,80.88,80.88,80.95,81.30,81.69,82.07,82.48,82.94,83.35,83.80,84.23,84.44,83.78,82.36,81.19,80.67,80.47,80.19,79.97,79.80,79.67,79.56,79.48,79.40,79.35,79.38,79.41,79.45,79.48,79.52,79.57,79.64,79.72,79.80,79.93,80.07,80.20,80.32
102.62,102.70,102.78,102.85,102.93,103.00,103.09,103.16,103.23,103.28,103.36,103.44,103.51,103.58,103.61,103.68,103.75,103.84,103.97,104.16,104.36,104.25,103.84,103.63,103.56,103.54,103.03,101.29,99.71,98.62,97.47,95.99,95.01,95.58,96.05,95.98,96.19,99.16,102.04,104.23,105.62,106.07,105.26,103.73,101.84,100.12,99.18,98.47,97.78,97.11,96.41,95.84,95.35,94.88,94.37,93.99,93.67,93.34,92.92,92.16,91.39,90.39,88.70,86.02,83.42,80.55,77.78,76.91,76.47,76.63,77.16,77.63,78.03,78.36,78.63,78.90,79.33,79.95,81.05,82.25,82.38,81.18,80.13,79.85,80.57,81.24,81.86,81.97,81.44,80.78,80.09,79.26,78.27,77.14,76.03,75.49,75.66,76.53,77.57,78.74,79.70,80.33,80.74,81.13,81.45,81.61,81.48,81.37,81.23,81.09,80.96,80.81,80.63,80.43,80.23,80.06,79.97,79.88,79.68,79.27,78.56,77.72,76.88,76.10,75.40,74.75,74.22,73.82,73.56,73.43,73.45,73.48,73.44,73.31,73.29,73.52,73.97,74.61,75.63,76.82,77.82,78.38,78.94,79.74,80.27,80.41,80.54,80.65,80.77,80.88,80.96,81.03,81.11,81.19,81.27,81.34,81.42,81.50,81.57,81.65,81.72,81.75,81.76,81.79,81.79,81.83,81.89,81.97,82.05,82.12,82.20,82.28,82.34,82.36,82.36,82.36,82.36,82.36,82.36,82.36,82.35,82.31,82.27,82.25,82.22,82.16,82.16,82.09,82.06,82.06,82.05,81.98,81.95,81.93,81.85,81.73,81.60,81.49,81.37,81.22,81.13,81.06,81.02,80.99,80.95,80.91,80.89,80.88,80.84,80.83,80.83,80.83,80.83,80.80,80.79,80.79,80.78,80.72,80.67,80.71,80.91,81.35,81.75,82.14,82.47,82.59,82.47,82.48,82.64,82.71,82.02,80.88,80.03,79.72,79.63,79.55,79.49,79.45,79.43,79.41,79.39,79.36,79.36,79.44,79.53,79.63,79.81,80.17,80.05,80.00,80.09,80.20,80.32,80.47,80.63,80.77
102.10,102.18,102.26,102.34,102.42,102.50,102.57,102.65,102.70,102.72,102.80,102.88,102.95,103.02,103.10,103.17,103.25,103.35,103.51,103.69,104.08,104.27,104.17,104.14,104.14,104.14,103.56,101.57,99.82,98.64,97.37,95.70,94.41,94.94,95.94,96.86,97.75,99.01,100.59,102.27,103.70,104.37,103.94,102.89,101.44,99.96,99.11,98.42,97.75,97.11,96.43,95.79,95.16,94.48,93.76,93.28,92.90,92.54,92.13,91.70,91.37,90.96,90.09,88.19,85.80,83.46,81.49,80.14,78.37,77.59,77.73,78.09,78.34,78.62,78.90,79.15,79.53,80.37,81.56,82.57,82.10,80.73,79.64,79.41,80.30,80.95,81.61,81.91,81.68,81.09,80.52,79.81,78.91,77.83,76.69,75.55,75.02,75.60,76.69,77.85,78.99,79.95,80.32,80.72,81.02,81.16,81.07,80.94,80.79,80.66,80.55,80.38,80.17,80.00,79.83,79.62,79.52,79.39,79.05,78.34,77.46,76.39,75.29,74.28,73.53,72.80,72.12,71.57,71.24,71.08,70.91,70.75,70.62,70.48,70.41,70.54,70.86,71.28,72.04,73.16,74.33,75.35,76.52,78.36,79.62,80.02,80.27,80.44,80.55,80.63,80.71,80.78,80.86,80.94,81.02,81.09,81.17,81.25,81.33,81.41,81.48,81.50,81.53,81.59,81.60,81.60,81.64,81.72,81.79,81.87,81.94,82.03,82.09,82.10,82.10,82.10,82.10,82.10,82.10,82.09,82.08,82.02,82.00,82.00,81.97,81.91,81.90,81.84,81.80,81.80,81.80,81.73,81.70,81.68,81.60,81.52,81.44,81.33,81.18,81.03,80.94,80.89,80.88,80.82,80.80,80.75,80.71,80.71,80.69,80.69,80.69,80.69,80.69,80.63,80.60,80.60,80.58,80.52,80.47,80.58,80.94,81.30,81.65,82.00,82.20,81.85,81.00,80.43,80.17,80.10,79.89,79.68,79.52,79.42,79.36,79.30,79.27,79.29,79.35,79.42,79.49,79.56,79.64,79.73,79.91,80.16,80.56,81.19,80.75,80.52,80.58,80.69,80.78,80.92,81.08,81.22
101.49,101.62,101.74,101.81,101.85,101.93,102.01,102.08,102.15,102.21,102.28,102.35,102.44,102.51,102.59,102.66,102.77,102.89,103.04,103.36,103.60,103.69,103.68,103.72,103.73,103.76,103.36,101.79,99.99,98.58,97.17,95.54,94.19,94.30,95.09,96.10,97.06,98.10,99.52,101.04,102.24,102.80,102.43,101.56,100.49,99.74,99.12,98.49,97.84,97.18,96.53,95.87,95.19,94.48,93.72,93.09,92.50,91.91,91.39,90.98,90.53,90.14,89.84,88.92,87.36,85.56,83.77,82.18,80.49,79.17,78.47,78.65,78.75,78.96,79.21,79.45,79.76,80.92,81.95,82.41,82.06,80.52,79.28,79.02,80.08,80.75,81.31,81.75,81.87,81.39,80.86,80.28,79.58,78.57,77.44,76.09,75.06,74.94,76.01,77.14,78.17,79.03,79.59,80.12,80.44,80.56,80.53,80.47,80.38,80.23,79.98,79.70,79.53,79.46,79.40,79.17,79.04,78.89,78.48,77.62,76.70,75.67,74.63,73.63,72.63,71.61,70.86,70.43,70.25,70.13,70.00,69.91,69.85,69.80,69.72,69.77,69.93,70.09,70.42,70.91,71.42,71.87,72.44,74.09,76.26,78.43,79.85,80.25,80.36,80.44,80.51,80.59,80.67,80.74,80.82,80.90,80.98,81.05,81.13,81.20,81.24,81.28,81.32,81.35,81.40,81.41,81.42,81.46,81.54,81.62,81.69,81.77,81.84,81.84,81.84,81.84,81.84,81.84,81.84,81.82,81.78,81.75,81.75,81.75,81.72,81.65,81.64,81.63,81.59,81.55,81.54,81.48,81.44,81.43,81.35,81.32,81.25,81.15,80.99,80.84,80.75,80.71,80.70,80.68,80.63,80.59,80.58,80.56,80.52,80.51,80.51,80.51,80.50,80.44,80.41,80.40,80.35,80.32,80.39,80.62,80.87,80.57,80.56,80.65,80.68,80.47,80.00,79.67,79.50,79.41,79.31,79.30,79.32,79.34,79.36,79.42,79.48,79.54,79.62,79.69,79.81,79.93,80.07,80.30,80.81,81.75,82.66,82.36,81.82,81.44,81.23,81.17,81.27,81.42,81.55,81.67
100.91,101.02,101.15,101.23,101.29,101.38,101.47,101.54,101.62,101.69,101.78,101.85,101.92,102.00,102.08,102.16,102.27,102.41,102.58,102.90,102.98,102.99,103.02,103.07,103.10,103.19,103.02,101.96,100.13,98.53,97.05,95.52,94.17,93.67,94.05,95.03,95.97,97.09,98.44,99.77,100.73,101.16,100.97,100.40,99.70,99.43,99.05,98.54,97.94,97.27,96.63,95.95,95.25,94.54,93.78,93.07,92.33,91.59,90.97,90.45,89.73,89.07,88.80,88.47,87.57,86.30,84.87,83.51,82.15,80.65,79.42,79.22,79.17,79.30,79.51,79.71,80.00,81.55,82.18,81.62,81.16,79.80,78.78,78.75,79.95,80.80,81.25,81.63,81.93,81.60,81.16,80.75,80.19,79.12,77.91,76.47,75.11,74.39,75.30,76.33,77.24,78.02,78.74,79.35,79.68,79.78,79.72,79.70,79.61,79.39,79.03,78.64,78.51,78.54,78.57,78.43,78.35,78.29,77.91,76.98,76.04,75.05,74.08,73.11,71.99,70.83,70.14,69.84,69.75,69.67,69.58,69.51,69.50,69.49,69.43,69.44,69.50,69.52,69.58,69.65,69.70,69.73,69.80,70.87,72.87,75.34,76.98,77.40,78.32,79.56,80.21,80.37,80.45,80.53,80.61,80.68,80.75,80.84,80.91,80.98,81.01,81.06,81.10,81.13,81.18,81.19,81.19,81.21,81.28,81.36,81.44,81.51,81.56,81.57,81.57,81.57,81.57,81.59,81.58,81.53,81.50,81.50,81.50,81.50,81.47,81.40,81.39,81.39,81.36,81.30,81.29,81.22,81.19,81.17,81.10,81.09,81.04,80.94,80.80,80.65,80.57,80.54,80.52,80.51,80.47,80.44,80.42,80.41,80.36,80.34,80.34,80.32,80.31,80.25,80.21,80.17,80.10,80.08,80.17,80.36,80.46,79.88,79.68,79.60,79.53,79.47,79.38,79.32,79.30,79.27,79.24,79.29,79.37,79.45,79.55,79.69,79.82,79.91,80.01,80.11,80.25,80.40,80.57,80.83,81.54,82.80,83.94,83.45,82.98,82.52,82.10,81.84,81.79,81.90,82.03,82.14
100.40,100.43,100.50,100.61,100.74,100.88,100.96,101.03,101.11,101.19,101.26,101.34,101.42,101.50,101.58,101.65,101.73,101.89,102.13,102.20,102.22,102.25,102.31,102.32,102.38,102.58,102.67,102.07,100.20,98.52,97.05,95.65,94.32,93.10,92.99,93.89,94.85,96.07,97.25,98.28,99.03,99.41,99.64,99.59,99.23,99.00,98.85,98.52,98.01,97.38,96.70,96.01,95.32,94.61,93.84,93.13,92.40,91.65,90.96,90.25,89.22,88.08,87.15,86.76,86.10,85.33,84.60,84.01,83.01,81.78,80.55,79.73,79.55,79.64,79.78,79.91,80.27,82.19,82.18,80.11,79.14,78.31,78.11,78.64,79.93,81.17,81.48,81.59,81.77,81.67,81.44,81.21,80.70,79.36,77.95,76.50,75.03,73.95,74.49,75.33,76.19,77.03,77.84,78.37,78.69,78.77,78.58,78.50,78.33,78.01,77.56,77.13,77.03,77.10,77.22,77.27,77.39,77.56,77.34,76.42,75.44,74.43,73.47,72.52,71.50,70.47,69.95,69.77,69.63,69.55,69.43,69.32,69.26,69.25,69.18,69.19,69.25,69.32,69.34,69.39,69.46,69.52,69.54,69.77,70.19,70.69,71.04,71.18,73.87,77.61,79.50,79.83,79.91,80.07,80.29,80.42,80.50,80.58,80.66,80.73,80.80,80.84,80.87,80.92,80.94,80.94,80.94,80.96,81.03,81.11,81.19,81.24,81.25,81.25,81.25,81.25,81.27,81.32,81.28,81.25,81.24,81.24,81.24,81.24,81.22,81.15,81.14,81.14,81.11,81.04,81.03,80.97,80.94,80.91,80.85,80.84,80.79,80.71,80.61,80.47,80.42,80.38,80.34,80.33,80.32,80.28,80.23,80.23,80.22,80.21,80.18,80.12,80.12,80.05,79.98,79.91,79.83,79.76,79.72,79.69,79.64,79.43,79.32,79.25,79.19,79.19,79.23,79.28,79.36,79.47,79.54,79.62,79.70,79.79,79.93,80.08,80.23,80.38,80.52,80.66,80.82,80.97,81.12,81.25,81.93,82.84,83.77,84.40,84.14,83.69,83.22,82.75,82.36,82.37,82.50,82.64
100.19,100.19,100.23,100.28,100.35,100.42,100.46,100.50,100.57,100.68,100.76,100.84,100.91,100.99,101.06,101.10,101.19,101.32,101.45,101.50,101.52,101.53,101.56,101.61,101.64,101.96,102.36,102.15,100.03,98.40,97.15,95.86,94.52,93.17,92.52,92.77,93.74,94.86,95.75,96.53,97.28,97.71,98.35,98.77,98.77,98.52,98.44,98.28,97.95,97.44,96.81,96.10,95.38,94.67,93.91,93.19,92.48,91.75,91.06,90.41,89.68,88.61,86.99,85.50,84.48,83.69,83.08,82.77,82.18,81.45,80.65,79.86,79.67,79.73,79.83,80.02,80.72,82.24,81.82,79.58,78.44,77.50,77.61,78.50,79.76,81.16,81.40,81.26,81.24,81.36,81.43,81.23,80.56,79.17,77.79,76.43,75.12,74.05,73.81,74.42,75.27,76.13,76.98,77.41,77.59,77.56,77.33,77.12,76.96,76.64,76.11,75.66,75.57,75.64,75.75,75.89,76.25,76.71,76.77,76.08,75.14,74.15,73.19,72.25,71.29,70.33,69.88,69.76,69.66,69.62,69.50,69.36,69.25,69.16,69.05,68.99,69.00,69.08,69.13,69.16,69.20,69.23,69.23,69.33,69.40,69.45,69.52,69.60,71.15,73.28,74.35,74.57,74.85,76.37,79.04,80.01,80.25,80.32,80.41,80.48,80.56,80.61,80.65,80.69,80.73,80.74,80.74,80.75,80.78,80.86,80.93,80.98,80.98,80.98,80.98,80.98,80.99,81.02,81.00,80.98,80.98,80.98,80.98,80.98,80.97,80.94,80.89,80.88,80.85,80.79,80.78,80.72,80.69,80.66,80.59,80.58,80.56,80.51,80.42,80.32,80.26,80.22,80.19,80.15,80.14,80.11,80.08,80.04,80.04,79.98,79.88,79.77,79.73,79.66,79.58,79.50,79.43,79.35,79.30,79.28,79.28,79.26,79.28,79.31,79.32,79.37,79.48,79.57,79.66,79.77,79.89,80.04,80.18,80.31,80.46,80.61,80.77,80.92,81.08,81.23,81.39,81.54,81.69,81.78,82.33,83.14,84.03,84.70,84.58,84.28,83.97,83.65,83.38,83.19,83.08,83.10
99.93,99.93,99.93,99.94,99.95,99.95,99.96,99.97,100.02,100.15,100.22,100.29,100.37,100.45,100.52,100.52,100.61,100.70,100.71,100.78,100.80,100.80,100.83,100.89,100.91,101.24,101.72,101.72,99.61,98.12,96.99,95.77,94.51,93.30,92.29,91.84,92.64,93.53,94.14,94.72,95.54,96.11,97.06,97.88,98.22,98.03,97.97,97.92,97.77,97.41,96.89,96.19,95.46,94.75,94.00,93.29,92.59,91.91,91.24,90.69,90.31,89.50,87.62,85.19,83.47,82.22,81.39,81.23,80.97,80.69,80.36,79.84,79.70,79.73,79.81,80.09,81.19,82.15,81.41,79.33,78.13,76.96,77.14,78.19,79.38,80.82,81.16,81.00,80.85,81.07,81.35,81.12,80.28,78.94,77.66,76.44,75.31,74.31,73.40,73.67,74.40,75.26,76.10,76.42,76.43,76.28,76.03,75.74,75.58,75.25,74.69,74.21,74.12,74.16,74.30,74.59,75.17,75.86,76.20,75.82,74.95,73.99,73.05,72.14,71.24,70.36,69.97,69.88,69.79,69.75,69.62,69.46,69.30,69.14,68.98,68.85,68.79,68.83,68.89,68.91,68.91,68.92,68.93,69.03,69.09,69.12,69.21,69.28,69.40,69.53,69.61,69.69,70.09,72.41,76.53,78.00,78.34,78.57,79.08,79.97,80.27,80.38,80.44,80.46,80.52,80.54,80.55,80.55,80.55,80.61,80.68,80.73,80.73,80.73,80.73,80.73,80.73,80.73,80.73,80.73,80.73,80.73,80.73,80.73,80.73,80.72,80.65,80.63,80.59,80.54,80.53,80.47,80.44,80.41,80.34,80.33,80.33,80.25,80.09,80.13,80.08,80.04,80.02,79.96,79.94,79.94,79.91,79.84,79.83,79.71,79.55,79.41,79.36,79.30,79.26,79.22,79.15,79.10,79.09,79.13,79.21,79.29,79.42,79.53,79.62,79.70,79.84,79.95,80.03,80.12,80.29,80.50,80.70,80.88,81.03,81.19,81.35,81.50,81.65,81.80,81.97,82.13,82.26,82.35,82.73,83.48,84.36,84.79,84.75,84.60,84.45,84.30,84.21,83.88,83.60,83.48
99.29,99.30,99.30,99.33,99.38,99.39,99.44,99.45,99.49,99.58,99.59,99.66,99.74,99.81,99.88,99.84,99.87,99.94,99.95,100.02,100.04,100.06,100.12,100.14,100.19,100.22,100.19,99.90,98.75,97.45,96.09,94.79,93.92,93.19,92.27,91.43,91.58,92.03,92.43,92.96,93.86,94.71,95.72,96.75,97.49,97.53,97.48,97.41,97.32,97.16,96.88,96.29,95.59,94.89,94.18,93.48,92.78,92.11,91.49,91.03,90.69,90.27,89.37,87.23,84.29,81.69,80.21,80.18,79.95,79.81,79.78,79.66,79.63,79.63,79.72,80.15,81.59,82.11,81.11,79.13,77.88,76.66,76.64,77.48,78.59,79.81,80.73,81.15,81.10,81.11,81.31,80.97,80.06,78.87,77.78,76.73,75.68,74.62,73.65,73.26,73.58,74.40,75.10,75.31,75.23,75.00,74.72,74.46,74.20,73.84,73.32,72.78,72.66,72.73,73.00,73.66,74.33,75.06,75.60,75.59,74.76,73.92,73.08,72.22,71.43,70.73,70.41,70.30,70.10,69.91,69.75,69.57,69.37,69.20,69.00,68.82,68.69,68.60,68.59,68.60,68.60,68.61,68.66,68.70,68.72,68.75,68.88,68.97,69.06,69.16,69.29,69.38,69.53,70.16,71.25,71.67,71.85,72.66,74.77,78.74,79.88,80.13,80.20,80.26,80.28,80.33,80.36,80.36,80.36,80.37,80.43,80.48,80.48,80.48,80.48,80.48,80.48,80.48,80.48,80.48,80.48,80.48,80.48,80.48,80.48,80.47,80.40,80.38,80.34,80.28,80.28,80.21,80.18,80.16,80.09,80.08,80.08,79.80,79.34,79.83,79.89,79.83,79.78,79.76,79.70,79.68,79.66,79.59,79.58,79.42,79.23,79.11,79.15,79.20,79.28,79.35,79.35,79.39,79.44,79.52,79.59,79.66,79.76,79.88,80.00,80.08,80.22,80.33,80.41,80.52,80.77,80.97,81.19,81.44,81.61,81.81,81.96,82.06,82.22,82.38,82.57,82.74,82.83,82.91,83.11,83.73,84.56,84.78,84.73,84.60,84.45,84.30,84.16,84.00,83.85,83.71
98.35,98.36,98.39,98.42,98.47,98.50,98.55,98.58,98.66,98.79,98.86,98.94,99.00,99.04,99.07,98.98,98.95,98.97,99.00,99.05,99.09,99.12,99.16,99.20,99.24,99.17,98.99,98.69,98.03,96.84,95.43,94.07,93.01,92.16,91.32,90.63,90.50,90.66,90.91,91.41,92.35,93.34,94.39,95.48,96.44,96.95,96.99,96.91,96.83,96.74,96.59,96.25,95.72,95.06,94.37,93.67,92.97,92.31,91.78,91.36,91.03,90.72,90.25,88.97,86.98,83.69,80.02,79.86,79.55,79.38,79.38,79.39,79.45,79.54,79.69,80.22,82.00,82.13,80.89,79.00,77.72,76.42,76.16,76.78,77.90,79.02,80.31,80.98,80.78,80.58,80.59,80.31,79.66,78.74,77.80,76.89,75.96,74.97,73.98,73.21,73.06,73.52,74.09,74.15,73.96,73.70,73.42,73.16,72.88,72.56,72.08,71.36,71.31,71.63,72.17,72.97,73.74,74.53,75.13,75.23,74.72,74.04,73.29,72.52,71.80,71.21,70.91,70.70,70.36,70.00,69.79,69.60,69.38,69.18,68.99,68.81,68.67,68.55,68.48,68.41,68.36,68.33,68.37,68.38,68.38,68.41,68.53,68.64,68.73,68.82,68.94,69.05,69.14,69.25,69.39,69.47,69.58,70.19,71.72,74.53,75.36,75.58,75.86,76.54,77.69,78.58,79.36,79.99,80.14,80.17,80.19,80.22,80.22,80.22,80.22,80.22,80.22,80.22,80.22,80.22,80.22,80.22,80.22,80.22,80.22,80.03,79.14,77.72,76.47,75.74,75.73,76.14,76.66,77.19,77.69,78.22,78.77,79.04,79.04,79.45,79.54,79.53,79.52,79.52,79.46,79.42,79.40,79.33,79.33,79.18,79.08,79.13,79.33,79.49,79.66,79.80,79.80,79.90,79.94,79.95,79.97,80.05,80.15,80.27,80.38,80.50,80.61,80.71,80.80,80.94,81.23,81.45,81.69,81.98,82.20,82.41,82.56,82.68,82.83,82.99,83.17,83.32,83.40,83.48,83.62,84.10,84.73,84.78,84.70,84.56,84.41,84.29,84.14,84.02,83.90,83.78
97.28,97.28,97.34,97.39,97.42,97.50,97.54,97.61,97.75,97.95,98.10,98.18,98.20,98.20,98.20,98.06,97.95,97.92,97.97,97.99,98.04,98.08,98.11,98.16,98.17,98.08,97.92,97.73,97.32,96.25,94.89,93.49,92.07,90.89,90.12,89.72,89.50,89.48,89.66,90.13,91.05,92.11,93.19,94.28,95.36,96.32,96.47,96.40,96.32,96.25,96.16,96.06,95.78,95.20,94.55,93.88,93.18,92.55,92.08,91.69,91.35,91.04,90.71,90.33,89.94,86.72,81.28,80.47,79.77,79.34,79.18,79.13,79.24,79.44,79.71,80.35,82.42,82.14,80.67,78.90,77.56,76.18,75.69,76.11,77.26,78.35,79.81,80.53,80.14,79.81,79.63,79.48,79.20,78.55,77.73,76.92,76.11,75.23,74.27,73.31,72.73,72.69,73.06,72.96,72.70,72.43,72.19,71.90,71.66,71.40,70.97,70.17,70.23,70.81,71.63,72.48,73.32,74.14,74.69,74.75,74.58,74.09,73.47,72.82,72.17,71.67,71.33,71.00,70.53,70.03,69.77,69.58,69.36,69.15,68.98,68.83,68.69,68.59,68.44,68.30,68.17,68.10,68.09,68.08,68.07,68.08,68.17,68.30,68.42,68.50,68.59,68.73,68.84,68.95,69.08,69.17,69.26,69.42,69.66,69.96,70.11,70.23,70.69,71.95,74.16,75.81,77.25,78.45,78.71,78.76,78.76,78.78,78.78,78.78,78.78,78.78,78.77,78.77,78.77,78.78,78.78,78.78,78.79,78.80,78.77,78.44,76.78,74.08,71.72,70.40,70.43,71.40,72.60,73.80,74.98,76.18,77.34,78.30,78.89,79.03,79.11,79.18,79.24,79.25,79.19,79.18,79.17,79.12,79.11,79.01,79.05,79.29,79.64,79.89,80.13,80.30,80.34,80.47,80.46,80.40,80.36,80.44,80.57,80.68,80.78,80.92,81.02,81.10,81.21,81.39,81.67,81.93,82.19,82.49,82.80,82.99,83.16,83.31,83.47,83.61,83.77,83.89,83.97,84.05,84.17,84.49,84.85,84.78,84.66,84.50,84.37,84.28,84.14,83.99,83.86,83.77
96.20,96.20,96.27,96.34,96.42,96.61,96.78,96.92,97.07,97.24,97.39,97.40,97.36,97.33,97.36,97.19,96.99,96.88,96.91,96.96,96.99,97.03,97.07,97.10,97.06,96.94,96.79,96.63,96.39,95.57,94.38,92.98,91.58,90.41,89.62,89.16,88.85,88.84,89.08,89.57,90.38,91.43,92.51,93.64,94.78,95.71,95.92,95.89,95.81,95.74,95.66,95.59,95.44,95.18,94.76,94.12,93.45,92.85,92.40,92.05,91.73,91.40,91.05,90.73,90.48,89.22,86.57,83.57,81.48,80.20,79.47,79.09,79.08,79.32,79.79,80.75,82.89,82.07,80.32,78.64,77.26,75.88,75.23,75.47,76.62,77.71,78.93,79.55,79.35,79.14,79.01,78.94,78.77,78.23,77.48,76.70,75.90,75.04,74.20,73.36,72.62,72.09,71.97,71.80,71.58,71.34,71.16,70.91,70.72,70.50,70.22,69.86,70.02,70.60,71.41,72.26,73.11,73.81,74.16,74.03,73.83,73.51,73.16,72.77,72.29,71.83,71.37,70.90,70.39,69.95,69.68,69.48,69.32,69.19,69.04,68.89,68.72,68.54,68.38,68.23,68.08,67.96,67.90,67.84,67.79,67.77,67.85,67.99,68.13,68.24,68.33,68.47,68.61,68.73,68.84,68.97,69.10,69.21,69.32,69.45,69.58,69.66,69.84,70.32,71.11,71.64,72.05,72.32,72.27,72.25,72.28,72.34,72.39,72.34,72.32,72.32,72.31,72.27,72.30,72.36,72.40,72.40,72.45,72.46,72.46,72.35,71.81,70.92,70.16,69.80,69.97,71.03,72.39,73.76,75.05,76.34,77.47,78.23,78.50,78.59,78.67,78.75,78.82,78.87,78.91,78.95,79.00,79.03,79.03,79.08,79.22,79.47,79.79,80.04,80.31,80.56,80.71,80.82,80.80,80.74,80.75,80.87,80.97,81.06,81.16,81.31,81.39,81.50,81.66,81.88,82.13,82.41,82.68,82.96,83.31,83.55,83.75,83.95,84.09,84.20,84.34,84.47,84.54,84.62,84.67,84.75,84.81,84.73,84.64,84.50,84.36,84.23,84.13,83.98,83.84,83.72
95.17,95.25,95.38,95.49,95.63,95.86,96.07,96.23,96.39,96.53,96.64,96.59,96.52,96.47,96.50,96.33,96.11,95.93,95.88,95.91,95.95,95.98,96.02,96.02,95.96,95.84,95.68,95.53,95.40,94.88,93.95,92.64,91.24,90.09,89.26,88.70,88.31,88.33,88.66,89.18,89.89,90.90,92.01,93.15,94.23,95.09,95.38,95.38,95.31,95.23,95.16,95.08,95.00,94.89,94.67,94.24,93.70,93.14,92.72,92.39,92.06,91.71,91.33,91.04,90.76,90.45,89.53,86.48,83.91,81.96,80.54,79.62,79.30,79.50,80.17,81.41,83.09,81.81,79.91,78.34,76.95,75.51,74.75,74.89,76.00,77.11,78.13,78.68,78.63,78.46,78.41,78.41,78.33,77.93,77.22,76.43,75.62,74.80,74.03,73.28,72.53,71.85,71.42,71.18,70.97,70.78,70.59,70.39,70.20,69.99,69.78,69.76,70.04,70.61,71.37,72.17,72.94,73.39,73.47,73.22,73.00,72.76,72.51,72.26,71.92,71.55,71.11,70.64,70.18,69.85,69.62,69.44,69.28,69.15,69.00,68.85,68.68,68.48,68.32,68.17,68.01,67.86,67.76,67.67,67.59,67.56,67.66,67.78,67.93,68.06,68.17,68.30,68.44,68.56,68.66,68.81,68.96,69.07,69.17,69.32,69.45,69.52,69.55,69.59,69.60,69.54,69.40,69.19,68.97,68.86,68.83,68.82,68.78,68.66,68.61,68.62,68.66,68.69,68.80,68.93,69.05,69.13,69.23,69.30,69.34,69.38,69.48,69.56,69.66,69.78,69.97,71.08,72.49,73.94,75.32,76.64,77.56,78.05,78.17,78.28,78.38,78.50,78.63,78.72,78.83,78.93,79.04,79.13,79.13,79.25,79.43,79.65,79.93,80.17,80.44,80.73,80.95,81.09,81.12,81.11,81.13,81.27,81.37,81.46,81.56,81.69,81.80,81.93,82.12,82.35,82.61,82.88,83.16,83.43,83.78,84.06,84.27,84.43,84.53,84.56,84.64,84.71,84.74,84.79,84.80,84.77,84.72,84.64,84.56,84.45,84.32,84.20,84.12,83.98,83.83,83.69
94.22,94.43,94.65,94.83,95.00,95.22,95.38,95.54,95.69,95.81,95.83,95.77,95.69,95.64,95.63,95.49,95.28,95.06,94.88,94.86,94.91,94.94,94.95,94.95,94.88,94.76,94.60,94.47,94.37,94.14,93.55,92.41,91.00,89.84,88.97,88.31,87.82,87.86,88.30,88.89,89.53,90.49,91.64,92.72,93.65,94.48,94.83,94.88,94.80,94.72,94.65,94.57,94.49,94.41,94.31,94.18,93.85,93.37,92.98,92.65,92.30,91.93,91.58,91.32,90.98,90.61,90.07,88.83,86.65,84.34,82.26,80.73,80.08,80.03,80.73,82.17,83.02,81.40,79.49,78.01,76.60,75.09,74.28,74.36,75.39,76.51,77.46,77.97,77.97,77.79,77.80,77.87,77.87,77.64,76.95,76.14,75.33,74.56,73.80,73.09,72.46,71.89,71.38,71.03,70.81,70.63,70.42,70.25,70.03,69.78,69.59,69.78,70.18,70.77,71.47,72.14,72.75,72.84,72.63,72.34,72.16,71.90,71.64,71.40,71.16,70.92,70.63,70.30,69.94,69.75,69.58,69.42,69.25,69.05,68.88,68.72,68.57,68.41,68.25,68.09,67.94,67.78,67.64,67.55,67.47,67.44,67.58,67.67,67.80,67.95,68.09,68.18,68.32,68.44,68.54,68.68,68.83,68.95,69.05,69.19,69.29,69.35,69.40,69.40,69.40,69.35,69.24,69.06,68.83,68.62,68.46,68.30,68.10,67.88,67.77,67.80,67.97,68.19,68.40,68.63,68.85,69.06,69.22,69.36,69.49,69.58,69.72,69.83,69.92,69.99,70.10,71.21,72.63,74.10,75.57,76.82,77.39,77.67,77.90,78.05,78.21,78.40,78.60,78.76,78.91,79.07,79.22,79.36,79.39,79.50,79.66,79.84,80.07,80.30,80.57,80.85,81.09,81.31,81.43,81.48,81.52,81.66,81.75,81.87,81.99,82.08,82.22,82.38,82.56,82.80,83.09,83.35,83.62,83.92,84.23,84.50,84.66,84.72,84.73,84.68,84.66,84.65,84.60,84.60,84.61,84.60,84.58,84.50,84.43,84.35,84.27,84.19,84.12,83.98,83.83,83.68
93.53,93.77,94.00,94.21,94.39,94.54,94.69,94.84,94.96,95.01,95.01,94.95,94.88,94.81,94.80,94.62,94.40,94.17,93.96,93.85,93.86,93.87,93.87,93.86,93.76,93.65,93.54,93.44,93.36,93.20,92.84,92.10,90.79,89.68,88.77,88.00,87.35,87.36,87.87,88.57,89.29,90.22,91.21,92.16,93.03,93.85,94.28,94.37,94.29,94.22,94.14,94.06,93.99,93.91,93.83,93.71,93.55,93.29,92.91,92.55,92.24,91.94,91.66,91.42,91.07,90.71,90.33,89.70,87.98,86.00,84.10,82.60,82.37,81.16,80.76,82.27,82.58,80.96,79.11,77.57,76.08,74.50,73.74,73.88,74.81,75.90,76.79,77.27,77.30,77.19,77.22,77.30,77.35,77.26,76.63,75.85,75.08,74.37,73.73,73.13,72.53,71.95,71.42,70.95,70.66,70.46,70.28,70.07,69.78,69.56,69.56,69.83,70.29,70.91,71.53,71.92,72.19,72.09,71.80,71.51,71.29,71.05,70.80,70.58,70.40,70.29,70.15,69.98,69.79,69.67,69.50,69.31,69.15,68.97,68.81,68.66,68.50,68.34,68.15,67.98,67.82,67.67,67.52,67.42,67.34,67.31,67.46,67.55,67.67,67.83,67.97,68.06,68.19,68.33,68.45,68.56,68.71,68.84,68.96,69.07,69.15,69.20,69.20,69.16,69.16,69.13,69.07,68.93,68.71,68.47,68.29,68.11,67.88,67.65,67.56,67.68,68.03,68.39,68.66,68.96,69.31,69.57,69.71,69.88,70.06,70.23,70.39,70.63,70.83,70.93,71.05,71.97,73.28,74.72,75.95,76.42,76.67,76.98,77.37,77.63,77.84,78.08,78.34,78.55,78.79,79.01,79.23,79.46,79.61,79.72,79.85,80.02,80.25,80.44,80.67,80.94,81.21,81.45,81.67,81.84,81.94,82.09,82.19,82.28,82.38,82.47,82.60,82.79,83.02,83.29,83.56,83.84,84.10,84.37,84.61,84.64,84.60,84.56,84.55,84.48,84.43,84.39,84.36,84.36,84.36,84.36,84.35,84.32,84.25,84.20,84.17,84.13,84.06,83.96,83.83,83.68
92.93,93.16,93.37,93.57,93.74,93.84,93.99,94.13,94.21,94.21,94.19,94.13,94.05,93.98,93.95,93.76,93.54,93.31,93.09,92.91,92.83,92.80,92.81,92.77,92.67,92.57,92.50,92.41,92.34,92.21,91.99,91.55,90.53,89.53,88.60,87.73,86.93,86.86,87.40,88.21,89.06,89.99,90.81,91.59,92.40,93.22,93.73,93.87,93.78,93.71,93.63,93.54,93.45,93.37,93.28,93.15,93.08,93.01,92.70,92.32,92.05,91.83,91.59,91.34,91.05,90.75,90.45,90.06,88.61,86.75,84.91,83.50,83.11,81.28,80.19,81.25,81.36,80.09,78.49,76.95,75.44,73.86,73.21,73.43,74.28,75.29,76.10,76.56,76.63,76.59,76.65,76.73,76.81,76.81,76.31,75.64,74.95,74.31,73.74,73.20,72.63,72.04,71.48,70.93,70.55,70.30,70.11,69.85,69.53,69.38,69.53,69.84,70.28,70.83,71.32,71.53,71.56,71.36,71.05,70.75,70.53,70.33,70.15,69.98,69.85,69.83,69.79,69.73,69.65,69.57,69.40,69.21,69.05,68.90,68.74,68.58,68.41,68.25,68.05,67.88,67.72,67.57,67.41,67.31,67.24,67.21,67.34,67.44,67.56,67.70,67.85,67.95,68.07,68.22,68.36,68.46,68.59,68.73,68.87,68.93,69.00,69.02,68.98,68.94,68.93,68.91,68.88,68.78,68.58,68.35,68.16,67.98,67.75,67.52,67.44,67.62,68.09,68.54,68.86,69.25,69.67,69.99,70.17,70.41,70.69,70.97,71.20,71.57,71.88,72.05,72.15,72.83,73.97,75.19,75.91,75.78,75.82,76.15,76.65,77.02,77.33,77.62,77.91,78.16,78.45,78.71,78.97,79.27,79.52,79.72,79.93,80.16,80.39,80.59,80.80,81.03,81.29,81.51,81.75,81.97,82.13,82.34,82.50,82.64,82.77,82.86,83.01,83.23,83.49,83.77,84.03,84.30,84.52,84.67,84.79,84.63,84.43,84.31,84.29,84.23,84.15,84.11,84.11,84.11,84.11,84.11,84.11,84.10,84.05,84.02,84.00,84.00,83.94,83.88,83.80,83.67
92.35,92.58,92.76,92.89,93.00,93.14,93.29,93.40,93.45,93.44,93.38,93.30,93.23,93.15,93.07,92.92,92.71,92.49,92.25,92.03,91.82,91.75,91.77,91.66,91.61,91.56,91.47,91.40,91.33,91.19,90.98,90.65,90.19,89.36,88.43,87.50,86.60,86.36,86.90,87.82,88.80,89.79,90.48,91.09,91.78,92.60,93.18,93.35,93.28,93.20,93.12,93.00,92.88,92.79,92.66,92.56,92.52,92.48,92.35,92.00,91.76,91.57,91.33,91.04,90.87,90.70,90.44,90.03,88.49,86.23,83.99,82.53,80.86,79.56,78.79,78.68,78.98,78.49,77.44,76.06,74.65,73.19,72.69,73.03,73.82,74.70,75.40,75.82,75.94,76.00,76.08,76.16,76.23,76.27,76.03,75.55,74.98,74.41,73.81,73.25,72.71,72.14,71.55,71.00,70.52,70.16,69.91,69.56,69.28,69.23,69.46,69.76,70.09,70.41,70.69,70.89,70.93,70.72,70.42,70.14,69.96,69.84,69.78,69.73,69.66,69.64,69.63,69.60,69.52,69.44,69.31,69.15,68.99,68.84,68.68,68.49,68.29,68.13,67.97,67.81,67.66,67.50,67.35,67.25,67.17,67.13,67.22,67.35,67.46,67.57,67.72,67.87,67.97,68.09,68.24,68.38,68.49,68.61,68.73,68.74,68.81,68.79,68.75,68.74,68.74,68.69,68.65,68.60,68.44,68.22,68.03,67.86,67.63,67.39,67.28,67.43,67.89,68.36,68.79,69.24,69.68,70.05,70.40,70.79,71.22,71.65,72.06,72.51,72.92,73.19,73.20,73.63,74.50,75.27,75.16,74.94,74.94,75.19,75.66,76.16,76.61,76.98,77.28,77.52,77.81,78.08,78.33,78.64,78.94,79.38,79.83,80.21,80.45,80.73,80.94,81.11,81.29,81.45,81.58,81.71,81.90,82.24,82.58,82.89,83.14,83.29,83.45,83.69,83.97,84.22,84.52,84.72,84.79,84.74,84.64,84.44,84.21,84.05,84.04,83.97,83.90,83.85,83.85,83.85,83.85,83.85,83.85,83.85,83.84,83.79,83.75,83.75,83.74,83.73,83.72,83.66
91.72,91.87,92.03,92.16,92.28,92.44,92.56,92.62,92.64,92.63,92.55,92.48,92.40,92.32,92.23,92.06,91.87,91.66,91.43,91.20,90.96,90.80,90.72,90.61,90.56,90.49,90.40,90.29,90.21,90.16,90.03,89.76,89.47,88.72,87.81,86.88,86.00,85.91,86.58,87.60,88.64,89.65,90.33,90.91,91.52,92.19,92.70,92.83,92.72,92.64,92.53,92.42,92.30,92.18,92.07,91.98,91.92,91.88,91.83,91.63,91.43,91.22,90.98,90.72,90.59,90.46,90.15,89.32,87.36,84.85,82.50,81.11,79.70,78.66,77.89,77.32,77.15,76.82,75.95,74.63,73.44,72.28,72.03,72.49,73.28,74.12,74.74,75.13,75.29,75.34,75.41,75.48,75.55,75.59,75.63,75.31,74.81,74.29,73.72,73.17,72.63,72.08,71.51,70.96,70.44,70.00,69.68,69.30,69.09,69.10,69.33,69.56,69.79,69.98,70.13,70.23,70.28,70.19,70.02,69.84,69.72,69.64,69.58,69.54,69.51,69.50,69.48,69.42,69.34,69.27,69.16,69.03,68.88,68.72,68.57,68.39,68.21,68.05,67.90,67.74,67.58,67.39,67.23,67.14,67.06,67.02,67.09,67.24,67.37,67.48,67.61,67.75,67.85,67.96,68.12,68.27,68.36,68.46,68.55,68.55,68.59,68.57,68.55,68.54,68.50,68.47,68.45,68.42,68.31,68.09,67.91,67.73,67.50,67.27,67.12,67.24,67.70,68.17,68.63,69.09,69.52,69.82,70.06,70.34,70.69,71.13,71.62,72.09,72.59,73.10,73.47,73.98,74.45,74.64,74.31,74.10,74.09,74.26,74.62,75.18,75.70,76.18,76.60,76.88,77.18,77.44,77.70,78.01,78.32,78.89,79.51,80.03,80.31,80.55,80.73,80.89,81.04,81.16,81.28,81.39,81.55,81.88,82.29,82.70,83.06,83.38,83.72,84.00,84.23,84.47,84.73,84.77,84.69,84.57,84.41,84.20,83.99,83.83,83.75,83.71,83.65,83.59,83.59,83.59,83.59,83.59,83.59,83.59,83.59,83.57,83.55,83.55,83.50,83.50,83.50,83.48
91.04,91.14,91.28,91.43,91.58,91.72,91.80,91.81,91.81,91.80,91.73,91.66,91.57,91.50,91.41,91.20,90.99,90.78,90.53,90.26,90.00,89.75,89.55,89.47,89.38,89.31,89.21,89.07,89.00,89.06,89.06,88.89,88.64,87.94,87.05,86.13,85.34,85.50,86.31,87.40,88.47,89.47,90.20,90.78,91.33,91.86,92.22,92.27,92.13,92.05,91.92,91.81,91.70,91.57,91.49,91.42,91.36,91.31,91.31,91.25,91.08,90.84,90.60,90.32,90.10,89.83,89.27,87.91,85.55,83.07,80.99,79.81,78.98,78.11,77.24,76.46,75.75,75.32,74.49,73.24,72.26,71.41,71.38,71.95,72.72,73.54,74.08,74.44,74.63,74.64,74.70,74.77,74.82,74.89,75.18,74.98,74.54,74.06,73.54,73.01,72.48,71.95,71.39,70.85,70.32,69.84,69.46,69.08,68.90,68.94,69.16,69.32,69.47,69.57,69.64,69.66,69.72,69.75,69.73,69.67,69.59,69.50,69.43,69.37,69.36,69.36,69.32,69.25,69.17,69.09,69.02,68.91,68.77,68.61,68.46,68.30,68.14,67.98,67.82,67.67,67.49,67.28,67.12,67.02,66.94,66.89,66.97,67.11,67.26,67.40,67.48,67.63,67.74,67.85,67.99,68.15,68.24,68.31,68.36,68.36,68.36,68.35,68.34,68.33,68.27,68.26,68.25,68.23,68.15,67.96,67.78,67.60,67.37,67.14,66.96,67.06,67.53,67.99,68.45,68.91,69.31,69.52,69.62,69.75,69.97,70.35,70.82,71.28,71.84,72.54,73.25,73.86,74.01,73.79,73.44,73.27,73.29,73.39,73.61,74.16,74.72,75.29,75.84,76.19,76.53,76.81,77.06,77.38,77.72,78.38,79.09,79.70,80.03,80.26,80.43,80.57,80.72,80.81,80.93,81.05,81.16,81.45,81.88,82.34,82.80,83.28,83.83,84.18,84.41,84.63,84.84,84.70,84.49,84.32,84.16,83.95,83.76,83.60,83.47,83.44,83.39,83.34,83.34,83.34,83.34,83.34,83.34,83.34,83.34,83.34,83.34,83.33,83.28,83.26,83.25,83.25
90.29,90.43,90.58,90.70,90.81,90.95,90.99,91.00,91.00,90.98,90.91,90.83,90.75,90.67,90.58,90.38,90.08,89.74,89.38,88.97,88.61,88.28,88.03,87.95,87.87,87.79,87.69,87.56,87.58,87.77,87.98,88.04,87.82,87.15,86.29,85.39,84.71,85.09,86.00,87.08,88.15,89.16,89.92,90.54,91.08,91.59,91.71,91.64,91.50,91.42,91.33,91.21,91.09,90.99,90.92,90.89,90.87,90.87,90.92,90.92,90.73,90.45,90.19,89.75,89.08,88.12,86.78,84.98,82.57,80.84,79.90,79.33,78.64,77.82,76.94,76.06,75.18,74.39,73.49,72.48,71.61,70.86,70.91,71.49,72.21,72.93,73.38,73.70,73.92,73.89,73.94,73.98,74.04,74.25,74.64,74.55,74.16,73.69,73.21,72.73,72.25,71.74,71.15,70.60,70.09,69.66,69.33,68.95,68.70,68.69,68.91,69.06,69.17,69.26,69.33,69.39,69.47,69.53,69.56,69.53,69.46,69.34,69.26,69.23,69.18,69.17,69.16,69.12,69.04,68.97,68.89,68.80,68.70,68.55,68.40,68.24,68.07,67.86,67.70,67.54,67.38,67.22,67.05,66.91,66.81,66.77,66.84,66.98,67.14,67.27,67.35,67.50,67.64,67.76,67.87,68.02,68.11,68.16,68.17,68.17,68.17,68.13,68.09,68.09,68.07,68.07,68.04,67.99,67.96,67.82,67.65,67.48,67.24,67.01,66.84,66.94,67.40,67.87,68.32,68.76,69.10,69.27,69.37,69.49,69.66,69.87,70.11,70.48,71.02,71.68,72.21,72.67,72.92,72.90,72.56,72.48,72.52,72.61,72.77,73.18,73.70,74.25,74.81,75.35,75.85,76.17,76.43,76.76,77.24,77.89,78.55,79.09,79.52,79.92,80.14,80.26,80.40,80.49,80.58,80.66,80.77,81.02,81.44,81.90,82.38,82.91,83.55,84.11,84.53,84.74,84.81,84.60,84.32,84.07,83.91,83.74,83.55,83.35,83.21,83.19,83.14,83.09,83.09,83.09,83.09,83.09,83.09,83.09,83.09,83.09,83.09,83.09,83.07,83.07,83.04,83.00
89.01,89.23,89.42,89.60,89.77,89.90,89.92,89.92,89.91,89.86,89.76,89.65,89.54,89.45,89.35,89.12,88.77,88.38,87.99,87.53,87.13,86.77,86.52,86.43,86.35,86.27,86.18,86.10,86.23,86.50,86.79,87.00,86.96,86.37,85.54,84.68,84.05,84.64,85.62,86.65,87.63,88.57,89.33,90.00,90.59,91.02,91.10,91.00,90.86,90.76,90.67,90.59,90.52,90.47,90.46,90.45,90.47,90.50,90.55,90.55,90.30,89.72,88.75,87.77,86.59,85.24,83.77,82.30,80.73,79.75,79.31,78.96,78.35,77.53,76.64,75.71,74.78,73.83,72.87,71.92,71.00,70.40,70.45,70.95,71.61,72.28,72.68,72.99,73.21,73.14,73.15,73.19,73.28,73.60,74.04,74.09,73.81,73.31,72.85,72.39,71.92,71.45,70.92,70.39,69.91,69.52,69.20,68.82,68.55,68.49,68.66,68.81,68.90,68.98,69.06,69.13,69.21,69.29,69.36,69.40,69.33,69.20,69.11,69.07,69.03,69.02,69.00,68.95,68.88,68.80,68.72,68.64,68.56,68.44,68.29,68.13,67.97,67.77,67.61,67.46,67.30,67.14,66.96,66.82,66.73,66.68,66.76,66.87,67.01,67.15,67.26,67.38,67.53,67.67,67.78,67.89,67.95,67.97,67.97,67.97,67.95,67.91,67.88,67.87,67.84,67.83,67.82,67.78,67.77,67.67,67.51,67.32,67.11,66.89,66.69,66.77,67.23,67.70,68.16,68.57,68.87,69.02,69.11,69.23,69.39,69.55,69.70,69.96,70.32,70.73,71.05,71.45,71.77,71.89,71.67,71.66,71.73,71.80,71.91,72.17,72.67,73.23,73.78,74.36,74.94,75.37,75.75,76.17,76.67,77.25,77.79,78.26,78.72,79.16,79.46,79.67,79.88,80.06,80.17,80.26,80.39,80.62,81.00,81.47,81.98,82.56,83.24,83.89,84.44,84.78,84.74,84.46,84.14,83.85,83.66,83.50,83.32,83.13,82.96,82.94,82.91,82.86,82.84,82.83,82.83,82.83,82.83,82.83,82.83,82.83,82.83,82.83,82.83,82.83,82.82,82.79
87.42,87.72,87.95,88.22,88.47,88.61,88.63,88.63,88.60,88.52,88.38,88.23,88.07,87.94,87.84,87.59,87.23,86.86,86.45,86.01,85.60,85.26,85.00,84.90,84.83,84.75,84.68,84.67,84.93,85.23,85.54,85.82,86.02,85.57,84.82,83.98,83.39,84.14,85.16,86.10,86.96,87.81,88.49,89.16,89.83,90.16,90.24,90.16,90.00,89.81,89.69,89.64,89.61,89.63,89.73,89.79,89.86,89.93,89.92,89.86,89.48,88.46,86.65,85.06,83.50,82.07,80.88,80.09,79.64,79.30,79.00,78.65,78.08,77.25,76.33,75.39,74.45,73.47,72.48,71.47,70.48,70.04,70.06,70.40,70.98,71.59,71.98,72.29,72.51,72.39,72.35,72.41,72.57,72.96,73.41,73.62,73.47,72.95,72.48,72.01,71.54,71.09,70.68,70.17,69.73,69.37,69.05,68.68,68.42,68.33,68.42,68.56,68.65,68.72,68.81,68.88,68.96,69.04,69.14,69.25,69.20,69.07,68.96,68.90,68.89,68.88,68.84,68.77,68.69,68.62,68.54,68.47,68.39,68.30,68.16,68.01,67.86,67.70,67.54,67.38,67.23,67.06,66.85,66.73,66.65,66.61,66.67,66.77,66.89,67.04,67.18,67.27,67.40,67.56,67.69,67.77,67.78,67.78,67.78,67.77,67.72,67.69,67.68,67.66,67.61,67.60,67.59,67.58,67.57,67.51,67.36,67.15,66.98,66.76,66.53,66.59,67.04,67.50,67.97,68.35,68.62,68.76,68.85,68.98,69.14,69.29,69.44,69.61,69.75,69.86,69.98,70.34,70.69,70.86,70.80,70.84,70.91,70.98,71.06,71.17,71.65,72.22,72.77,73.33,73.95,74.50,75.02,75.52,75.99,76.46,76.90,77.31,77.77,78.17,78.54,78.89,79.19,79.47,79.63,79.74,79.90,80.16,80.56,81.05,81.60,82.20,82.87,83.50,84.12,84.64,84.56,84.27,83.94,83.66,83.43,83.25,83.09,82.92,82.72,82.69,82.68,82.65,82.60,82.60,82.60,82.59,82.58,82.58,82.58,82.58,82.58,82.58,82.58,82.58,82.58,82.59
85.72,85.97,86.21,86.45,86.70,86.88,86.90,86.90,86.89,86.85,86.70,86.55,86.39,86.26,86.16,85.93,85.63,85.27,84.89,84.47,84.09,83.75,83.52,83.34,83.28,83.23,83.21,83.37,83.65,83.96,84.27,84.59,84.90,84.72,84.11,83.32,82.84,83.52,84.43,85.29,86.10,86.94,87.24,87.64,88.30,88.68,88.53,88.34,88.14,87.69,87.38,87.18,87.09,87.15,87.46,87.74,88.01,88.21,88.08,87.72,86.99,85.81,84.09,82.50,81.30,80.44,79.86,79.40,79.13,78.91,78.68,78.34,77.81,77.00,76.05,75.07,74.09,73.13,72.16,71.16,70.25,69.91,69.88,70.03,70.37,70.91,71.28,71.59,71.81,71.68,71.61,71.69,71.93,72.32,72.78,73.12,73.11,72.63,72.16,71.66,71.16,70.71,70.27,69.83,69.46,69.13,68.82,68.49,68.27,68.17,68.22,68.31,68.40,68.47,68.55,68.63,68.71,68.82,68.94,69.01,69.00,68.92,68.83,68.75,68.71,68.69,68.68,68.64,68.56,68.49,68.41,68.33,68.25,68.17,68.03,67.91,67.80,67.63,67.43,67.26,67.11,66.95,66.77,66.63,66.53,66.48,66.56,66.68,66.80,66.91,67.06,67.14,67.28,67.43,67.56,67.59,67.59,67.57,67.53,67.53,67.51,67.50,67.48,67.43,67.40,67.39,67.37,67.33,67.33,67.31,67.19,67.02,66.85,66.63,66.40,66.44,66.86,67.31,67.78,68.13,68.35,68.46,68.58,68.73,68.88,69.04,69.19,69.31,69.42,69.54,69.63,69.81,69.98,70.10,70.11,70.10,70.10,70.16,70.23,70.32,70.70,71.23,71.83,72.48,73.15,73.74,74.22,74.62,75.07,75.50,75.92,76.36,76.82,77.18,77.51,77.85,78.20,78.42,78.61,78.76,78.92,79.34,79.99,80.61,81.14,81.66,82.24,82.78,83.30,83.78,83.96,83.90,83.74,83.52,83.24,83.02,82.84,82.68,82.52,82.45,82.43,82.42,82.40,82.39,82.39,82.37,82.33,82.33,82.33,82.33,82.33,82.33,82.33,82.33,82.35,82.39
83.94,84.20,84.44,84.66,84.89,85.08,85.13,85.13,85.13,85.10,84.96,84.82,84.69,84.58,84.48,84.28,83.99,83.67,83.31,82.94,82.58,82.27,82.02,81.80,81.73,81.73,81.82,82.09,82.41,82.76,83.11,83.45,83.84,83.87,83.40,82.65,82.26,82.78,83.57,84.40,85.15,85.77,85.79,86.00,86.58,86.78,86.41,86.08,85.77,85.23,84.81,84.53,84.38,84.40,84.74,85.12,85.50,85.75,85.63,85.01,84.09,82.97,81.74,80.57,79.83,79.39,79.17,78.89,78.67,78.48,78.28,77.99,77.53,76.76,75.84,74.88,73.92,73.01,72.08,71.15,70.34,69.94,69.80,69.80,69.95,70.31,70.60,70.88,71.11,70.98,70.87,70.98,71.30,71.71,72.17,72.58,72.67,72.27,71.81,71.31,70.80,70.34,69.94,69.56,69.22,68.91,68.60,68.29,68.11,68.04,68.05,68.10,68.15,68.22,68.30,68.38,68.47,68.59,68.71,68.77,68.80,68.77,68.70,68.62,68.55,68.54,68.53,68.49,68.43,68.33,68.25,68.17,68.09,68.02,67.90,67.80,67.70,67.54,67.34,67.17,67.02,66.86,66.71,66.53,66.40,66.36,66.44,66.58,66.69,66.78,66.93,67.04,67.16,67.30,67.40,67.41,67.39,67.35,67.30,67.30,67.30,67.29,67.26,67.21,67.20,67.19,67.15,67.11,67.10,67.09,67.01,66.89,66.73,66.51,66.27,66.30,66.70,67.16,67.60,67.92,68.09,68.18,68.32,68.47,68.63,68.78,68.92,69.02,69.14,69.26,69.36,69.44,69.52,69.59,69.63,69.57,69.53,69.54,69.60,69.73,70.04,70.51,71.12,71.82,72.40,72.91,73.35,73.69,74.10,74.51,74.95,75.41,75.84,76.17,76.48,76.81,77.14,77.32,77.53,77.71,77.90,78.48,79.21,79.85,80.38,80.87,81.38,81.88,82.36,82.81,83.17,83.30,83.28,83.15,82.92,82.72,82.57,82.44,82.28,82.20,82.17,82.17,82.17,82.17,82.17,82.15,82.11,82.11,82.11,82.11,82.10,82.08,82.10,82.11,82.13,82.18
82.12,82.41,82.66,82.89,83.10,83.25,83.34,83.35,83.35,83.33,83.19,83.09,83.01,82.93,82.83,82.59,82.26,81.88,81.47,81.08,80.77,80.50,80.23,80.03,79.94,80.00,80.20,80.53,81.07,81.60,82.05,82.44,82.89,83.04,82.67,81.98,81.66,81.94,82.63,83.44,84.09,84.30,84.17,84.32,84.74,84.52,83.99,83.49,83.06,82.61,82.21,81.94,81.75,81.67,81.85,82.18,82.52,82.77,82.75,82.05,81.11,80.29,79.79,79.34,79.01,78.78,78.60,78.37,78.19,77.99,77.78,77.57,77.21,76.55,75.72,74.85,73.99,73.13,72.27,71.45,70.74,70.14,69.83,69.72,69.74,69.84,69.95,70.17,70.43,70.31,70.17,70.31,70.69,71.15,71.62,72.03,72.16,71.86,71.42,70.95,70.46,70.00,69.72,69.36,69.03,68.72,68.41,68.10,67.96,67.91,67.91,67.92,67.93,67.97,68.05,68.13,68.26,68.37,68.45,68.53,68.59,68.61,68.57,68.50,68.42,68.41,68.37,68.31,68.29,68.16,68.06,67.99,67.91,67.83,67.75,67.67,67.57,67.42,67.26,67.11,66.95,66.79,66.63,66.43,66.28,66.23,66.31,66.45,66.56,66.66,66.81,66.96,67.06,67.15,67.21,67.21,67.16,67.12,67.11,67.11,67.11,67.07,67.03,67.02,67.01,66.96,66.92,66.92,66.91,66.86,66.82,66.76,66.60,66.38,66.15,66.17,66.56,67.02,67.43,67.69,67.84,67.92,68.07,68.22,68.38,68.52,68.61,68.74,68.86,68.96,69.09,69.19,69.27,69.33,69.32,69.25,69.18,69.14,69.20,69.41,69.70,70.09,70.62,71.31,71.66,72.02,72.41,72.78,73.11,73.54,74.00,74.44,74.83,75.16,75.47,75.78,76.07,76.25,76.45,76.65,76.91,77.60,78.21,78.77,79.31,79.83,80.32,80.83,81.34,81.81,82.25,82.48,82.56,82.53,82.43,82.35,82.27,82.17,82.03,81.94,81.92,81.92,81.92,81.92,81.92,81.92,81.91,81.91,81.91,81.91,81.89,81.84,81.89,81.91,81.92,81.94
80.28,80.58,80.83,81.06,81.27,81.42,81.54,81.58,81.58,81.56,81.46,81.41,81.36,81.28,81.15,80.60,79.75,78.64,77.34,76.21,76.01,76.04,76.00,76.00,75.97,75.83,75.76,76.35,78.67,80.22,81.03,81.44,81.93,82.28,81.98,81.27,81.08,81.19,81.73,82.39,82.77,82.77,82.58,82.57,82.68,82.22,81.67,81.18,80.78,80.46,80.20,80.00,79.84,79.78,79.96,80.20,80.41,80.57,80.64,80.22,79.68,79.19,78.85,78.54,78.33,78.13,77.94,77.75,77.55,77.31,77.04,76.80,76.59,76.37,75.92,75.11,74.26,73.41,72.60,71.87,71.22,70.56,70.07,69.77,69.65,69.58,69.63,69.78,69.96,69.88,69.84,69.97,70.28,70.74,71.20,71.59,71.68,71.33,70.88,70.45,70.06,69.72,69.48,69.16,68.84,68.53,68.22,67.91,67.80,67.78,67.78,67.78,67.78,67.80,67.84,67.88,68.02,68.12,68.19,68.28,68.35,68.41,68.41,68.37,68.29,68.25,68.21,68.17,68.11,68.02,67.93,67.85,67.78,67.69,67.58,67.48,67.40,67.29,67.18,67.04,66.87,66.68,66.52,66.34,66.20,66.15,66.19,66.32,66.46,66.58,66.69,66.84,66.94,67.00,67.02,66.98,66.94,66.92,66.91,66.88,66.87,66.85,66.83,66.82,66.78,66.74,66.72,66.72,66.67,66.64,66.63,66.59,66.47,66.25,66.02,66.03,66.39,66.84,67.21,67.43,67.54,67.66,67.81,67.97,68.11,68.22,68.34,68.45,68.57,68.69,68.80,68.92,69.02,69.07,69.06,68.95,68.86,68.85,68.97,69.23,69.50,69.77,70.09,70.49,70.75,71.08,71.47,71.84,72.16,72.58,73.03,73.43,73.77,74.13,74.45,74.74,74.95,75.16,75.34,75.58,75.92,76.54,77.10,77.64,78.18,78.72,79.23,79.75,80.29,80.79,81.26,81.62,81.81,81.79,81.73,81.79,81.87,81.88,81.77,81.65,81.64,81.67,81.67,81.67,81.67,81.67,81.67,81.67,81.67,81.67,81.66,81.63,81.66,81.70,81.72,81.73
78.34,78.60,78.80,78.99,79.16,79.28,79.34,79.30,79.24,79.17,78.96,78.77,78.71,78.73,78.67,78.07,77.12,75.85,74.31,73.01,72.97,73.31,73.59,73.74,73.78,73.45,73.02,73.33,75.95,77.88,79.11,79.96,80.71,81.37,81.23,80.50,80.26,80.32,80.76,81.22,81.31,81.17,80.95,80.82,80.69,80.15,79.63,79.19,78.86,78.67,78.52,78.37,78.26,78.28,78.50,78.69,78.83,78.93,79.04,78.91,78.71,78.47,78.16,77.86,77.66,77.47,77.26,77.07,76.82,76.53,76.22,75.92,75.84,75.97,75.88,75.28,74.56,73.75,73.01,72.34,71.70,71.02,70.40,69.93,69.65,69.47,69.43,69.49,69.58,69.53,69.61,69.74,69.97,70.38,70.81,71.11,71.13,70.75,70.35,69.99,69.71,69.49,69.25,68.96,68.65,68.34,68.03,67.74,67.66,67.66,67.66,67.66,67.66,67.66,67.66,67.67,67.78,67.87,67.94,68.02,68.10,68.19,68.24,68.24,68.15,68.07,68.03,68.02,67.96,67.88,67.79,67.70,67.63,67.55,67.42,67.31,67.24,67.16,67.08,66.96,66.78,66.57,66.42,66.26,66.13,66.06,66.08,66.20,66.35,66.48,66.57,66.71,66.79,66.81,66.80,66.75,66.73,66.73,66.70,66.64,66.64,66.63,66.62,66.61,66.55,66.53,66.53,66.50,66.45,66.44,66.42,66.40,66.32,66.12,65.89,65.88,66.20,66.65,66.98,67.16,67.25,67.41,67.56,67.70,67.83,67.92,68.06,68.16,68.28,68.41,68.51,68.64,68.74,68.79,68.78,68.66,68.58,68.61,68.80,69.08,69.33,69.51,69.65,69.81,70.00,70.28,70.61,70.94,71.23,71.64,72.05,72.41,72.73,73.08,73.42,73.68,73.84,74.05,74.23,74.50,74.93,75.46,76.00,76.54,77.08,77.62,78.13,78.64,79.16,79.71,80.20,80.69,80.99,81.04,81.05,81.23,81.43,81.55,81.50,81.37,81.37,81.41,81.41,81.41,81.41,81.41,81.41,81.41,81.41,81.41,81.42,81.43,81.44,81.48,81.52,81.52
76.23,76.34,76.39,76.47,76.54,76.53,76.34,76.03,75.79,75.56,74.94,74.24,74.10,74.44,74.66,74.64,74.63,74.60,74.49,74.47,74.71,75.23,75.84,76.02,76.10,75.74,74.92,73.80,73.08,73.74,75.40,77.55,78.94,80.16,80.34,79.60,78.92,79.17,79.62,79.85,79.68,79.47,79.24,79.09,78.95,78.54,78.13,77.73,77.43,77.32,77.23,77.10,77.06,77.19,77.42,77.69,77.90,78.03,78.11,78.09,77.98,77.77,77.47,77.22,76.99,76.80,76.61,76.32,75.97,75.64,75.31,74.99,74.98,75.11,75.22,75.16,74.79,74.15,73.47,72.83,72.15,71.45,70.81,70.25,69.79,69.54,69.35,69.26,69.27,69.27,69.44,69.62,69.80,70.08,70.40,70.54,70.45,70.15,69.94,69.69,69.48,69.30,69.06,68.77,68.46,68.15,67.85,67.60,67.53,67.53,67.53,67.53,67.53,67.53,67.53,67.53,67.56,67.62,67.69,67.77,67.84,67.97,68.08,68.09,67.97,67.88,67.84,67.84,67.82,67.75,67.63,67.52,67.44,67.36,67.27,67.19,67.11,67.03,66.96,66.83,66.67,66.51,66.35,66.20,66.05,65.95,66.01,66.10,66.22,66.35,66.44,66.59,66.59,66.56,66.56,66.55,66.55,66.51,66.46,66.45,66.44,66.41,66.36,66.36,66.35,66.34,66.31,66.26,66.25,66.25,66.21,66.16,66.13,65.98,65.77,65.73,66.02,66.46,66.75,66.91,67.00,67.15,67.31,67.42,67.52,67.66,67.76,67.88,68.00,68.10,68.24,68.34,68.42,68.48,68.47,68.39,68.35,68.44,68.66,68.90,69.14,69.29,69.40,69.55,69.66,69.78,69.92,70.12,70.36,70.71,71.08,71.40,71.71,72.03,72.34,72.61,72.76,72.92,73.13,73.44,73.91,74.44,74.98,75.53,76.06,76.60,77.03,77.44,77.91,78.51,79.04,79.62,80.06,80.31,80.50,80.72,80.95,81.14,81.23,81.11,81.12,81.16,81.16,81.16,81.16,81.16,81.16,81.16,81.16,81.16,81.18,81.24,81.25,81.26,81.26,81.28
75.16,75.13,75.09,75.08,75.15,75.33,75.25,75.10,75.00,75.00,74.99,74.82,74.96,75.35,75.51,75.59,75.63,75.69,75.87,76.13,76.43,77.01,77.82,78.33,78.46,77.99,76.95,75.44,73.87,73.24,73.47,74.48,76.00,77.46,77.98,77.57,76.99,77.39,77.91,78.11,77.85,77.62,77.38,77.27,77.25,77.02,76.66,76.28,75.98,75.94,75.87,75.81,75.86,76.08,76.37,76.68,76.93,77.11,77.21,77.23,77.16,77.00,76.76,76.53,76.27,76.00,75.73,75.42,75.08,74.73,74.39,74.09,74.10,74.23,74.40,74.54,74.43,74.09,73.70,73.23,72.50,71.80,71.16,70.55,70.01,69.68,69.43,69.25,69.14,69.04,69.18,69.37,69.57,69.80,70.00,70.06,69.97,69.76,69.63,69.45,69.26,69.07,68.86,68.58,68.27,67.96,67.67,67.46,67.41,67.41,67.41,67.41,67.41,67.41,67.41,67.41,67.41,67.43,67.47,67.52,67.59,67.73,67.84,67.89,67.81,67.74,67.70,67.69,67.65,67.58,67.47,67.37,67.29,67.22,67.14,67.04,66.94,66.86,66.78,66.68,66.56,66.43,66.25,66.08,65.93,65.83,65.90,65.97,66.10,66.23,66.31,66.38,66.38,66.36,66.35,66.31,66.31,66.29,66.25,66.25,66.22,66.18,66.16,66.15,66.12,66.11,66.09,66.06,66.05,66.03,65.98,65.95,65.94,65.84,65.64,65.60,65.87,66.27,66.48,66.62,66.75,66.90,67.02,67.13,67.25,67.36,67.48,67.63,67.75,67.84,67.98,68.07,68.16,68.20,68.16,68.08,68.11,68.25,68.48,68.71,68.91,69.05,69.13,69.25,69.37,69.46,69.56,69.72,69.88,70.09,70.31,70.51,70.72,71.00,71.27,71.48,71.64,71.82,72.07,72.42,72.89,73.43,73.97,74.49,74.98,75.44,75.81,76.21,76.70,77.31,77.86,78.42,78.90,79.27,79.72,80.17,80.47,80.67,80.83,80.83,80.83,80.88,80.91,80.95,80.95,80.94,80.91,80.91,80.94,80.95,80.97,81.01,81.05,81.05,81.05,81.06
74.88,74.75,74.66,74.57,74.63,75.03,75.23,75.38,75.52,75.80,76.58,77.19,77.70,78.07,78.09,78.12,77.92,77.71,77.74,77.90,78.24,78.92,79.91,80.78,80.93,80.34,79.15,77.49,75.82,74.16,72.75,72.13,73.25,74.47,75.10,75.10,74.87,75.39,75.98,76.24,75.96,75.70,75.49,75.44,75.56,75.50,75.20,74.84,74.56,74.55,74.50,74.53,74.60,74.74,75.12,75.48,75.80,76.07,76.30,76.34,76.29,76.19,76.04,75.79,75.49,75.16,74.80,74.47,74.16,73.81,73.46,73.20,73.22,73.35,73.54,73.73,73.80,73.76,73.66,73.40,72.75,72.11,71.48,70.85,70.26,69.82,69.52,69.28,69.04,68.82,68.90,69.09,69.31,69.52,69.62,69.64,69.58,69.44,69.36,69.22,69.04,68.84,68.66,68.38,68.08,67.77,67.48,67.31,67.28,67.28,67.28,67.28,67.28,67.28,67.28,67.28,67.28,67.28,67.28,67.29,67.35,67.48,67.59,67.65,67.66,67.60,67.57,67.54,67.47,67.40,67.32,67.24,67.16,67.08,67.00,66.88,66.76,66.69,66.61,66.53,66.44,66.34,66.14,65.97,65.82,65.71,65.77,65.86,65.98,66.10,66.16,66.17,66.17,66.16,66.14,66.08,66.07,66.06,66.05,66.05,65.99,65.97,65.96,65.94,65.88,65.87,65.86,65.85,65.84,65.80,65.77,65.76,65.75,65.68,65.51,65.47,65.72,66.08,66.22,66.34,66.49,66.64,66.72,66.85,66.98,67.08,67.22,67.36,67.48,67.58,67.72,67.81,67.89,67.92,67.86,67.78,67.87,68.06,68.29,68.51,68.67,68.79,68.88,68.96,69.10,69.21,69.30,69.44,69.53,69.61,69.71,69.78,69.88,70.12,70.32,70.46,70.61,70.80,71.06,71.41,71.88,72.41,72.93,73.41,73.85,74.23,74.56,74.97,75.50,76.10,76.63,77.15,77.61,78.05,78.72,79.39,79.81,80.07,80.34,80.50,80.55,80.58,80.65,80.72,80.75,80.72,80.67,80.67,80.73,80.76,80.77,80.78,80.84,80.85,80.85,80.85
76.15,76.05,75.93,75.79,75.80,76.18,76.74,77.26,77.61,77.91,78.82,79.89,80.72,81.16,81.16,81.07,80.69,80.23,79.94,79.86,80.38,81.44,82.79,83.72,83.76,83.11,81.77,79.62,77.67,75.83,74.22,73.05,72.50,72.11,72.13,72.47,72.79,73.38,73.99,74.30,74.04,73.75,73.59,73.63,73.81,73.90,73.75,73.47,73.22,73.17,73.19,73.26,73.08,72.69,73.11,73.64,74.17,74.73,75.34,75.46,75.41,75.34,75.25,74.88,74.55,74.23,73.89,73.53,73.21,72.89,72.59,72.37,72.35,72.50,72.69,72.84,72.88,72.91,72.94,72.91,72.70,72.38,71.83,71.15,70.49,69.92,69.52,69.20,68.91,68.64,68.71,68.87,69.05,69.21,69.30,69.29,69.22,69.12,69.04,68.95,68.82,68.63,68.41,68.17,67.89,67.58,67.30,67.18,67.15,67.15,67.15,67.15,67.15,67.15,67.15,67.15,67.15,67.15,67.15,67.15,67.17,67.25,67.34,67.41,67.47,67.46,67.42,67.37,67.34,67.27,67.19,67.09,66.97,66.89,66.81,66.72,66.63,66.55,66.48,66.40,66.30,66.17,66.05,65.91,65.75,65.63,65.66,65.77,65.88,65.96,65.97,65.97,65.97,65.95,65.90,65.88,65.88,65.84,65.80,65.80,65.78,65.78,65.76,65.70,65.68,65.67,65.65,65.60,65.60,65.58,65.58,65.56,65.51,65.48,65.35,65.33,65.53,65.83,65.97,66.08,66.24,66.38,66.47,66.60,66.73,66.82,66.97,67.07,67.19,67.31,67.41,67.49,67.57,67.62,67.59,67.53,67.65,67.87,68.09,68.27,68.38,68.50,68.62,68.70,68.84,68.95,69.03,69.13,69.21,69.33,69.44,69.52,69.60,69.72,69.80,69.86,69.94,70.01,70.16,70.44,70.87,71.39,71.80,72.19,72.59,72.97,73.29,73.73,74.28,74.89,75.38,75.78,76.16,76.60,77.28,77.88,78.48,79.09,79.65,80.09,80.27,80.31,80.34,80.41,80.47,80.49,80.47,80.48,80.49,80.53,80.58,80.58,80.59,80.60,80.60,80.61
77.48,77.40,77.27,77.11,77.06,77.34,77.94,78.61,79.41,80.47,81.83,83.37,84.43,84.88,84.84,84.46,83.81,83.17,82.82,82.75,83.49,84.70,86.00,86.73,86.72,86.09,84.73,82.30,79.48,77.37,75.71,74.25,73.01,72.06,71.63,71.63,71.77,71.94,72.20,72.36,72.16,71.87,71.76,71.83,72.02,72.16,72.16,72.02,71.87,71.88,71.95,72.01,71.73,71.13,71.39,72.04,72.81,73.62,74.42,74.56,74.52,74.48,74.45,74.09,73.62,73.23,72.93,72.58,72.26,71.95,71.67,71.50,71.50,71.64,71.83,71.96,72.00,72.06,72.14,72.20,72.19,72.07,71.77,71.28,70.59,69.97,69.52,69.15,68.80,68.44,68.48,68.65,68.82,68.93,68.97,68.94,68.88,68.80,68.73,68.65,68.53,68.37,68.17,67.96,67.70,67.39,67.12,67.04,67.03,67.03,67.03,67.03,67.03,67.03,67.03,67.03,67.03,67.03,67.03,67.03,67.03,67.06,67.11,67.16,67.24,67.30,67.28,67.22,67.18,67.11,67.03,66.93,66.82,66.74,66.66,66.58,66.50,66.39,66.31,66.23,66.14,66.02,65.94,65.80,65.65,65.53,65.53,65.66,65.75,65.78,65.78,65.76,65.75,65.73,65.69,65.68,65.66,65.62,65.59,65.58,65.56,65.55,65.53,65.49,65.48,65.47,65.43,65.39,65.38,65.36,65.34,65.33,65.29,65.28,65.20,65.18,65.32,65.56,65.70,65.83,65.98,66.10,66.21,66.33,66.45,66.55,66.68,66.79,66.91,67.03,67.13,67.22,67.30,67.34,67.31,67.29,67.45,67.67,67.86,68.02,68.11,68.21,68.34,68.44,68.56,68.66,68.74,68.85,68.93,69.04,69.14,69.22,69.30,69.38,69.42,69.46,69.50,69.54,69.66,69.86,70.15,70.53,70.78,71.03,71.31,71.67,72.04,72.51,73.06,73.60,74.02,74.35,74.70,75.14,75.82,76.36,77.01,77.74,78.42,79.06,79.31,79.44,79.66,79.91,80.14,80.25,80.25,80.28,80.28,80.32,80.34,80.34,80.34,80.37,80.39,80.40
79.03,78.93,78.75,78.58,78.47,78.59,79.05,79.83,81.23,83.32,85.23,87.04,88.15,88.53,88.46,87.79,86.94,86.25,86.02,86.11,86.97,88.06,89.01,89.40,89.35,88.84,87.67,85.30,81.43,78.87,77.10,75.52,74.31,73.51,72.80,72.12,71.65,71.19,70.94,70.80,70.62,70.29,70.20,70.25,70.39,70.52,70.64,70.64,70.61,70.73,70.81,70.84,70.58,70.06,70.07,70.73,71.68,72.70,73.52,73.67,73.63,73.60,73.62,73.38,72.75,72.21,71.92,71.60,71.30,71.01,70.76,70.64,70.68,70.81,70.94,71.06,71.16,71.25,71.33,71.38,71.38,71.38,71.40,71.21,70.57,69.95,69.50,69.11,68.69,68.21,68.23,68.43,68.60,68.67,68.62,68.59,68.55,68.48,68.40,68.32,68.21,68.07,67.91,67.75,67.50,67.20,66.94,66.90,66.90,66.90,66.90,66.90,66.90,66.90,66.90,66.90,66.90,66.90,66.90,66.90,66.90,66.90,66.91,66.93,67.00,67.13,67.14,67.07,67.00,66.93,66.85,66.77,66.68,66.60,66.52,66.45,66.36,66.22,66.13,66.05,65.97,65.89,65.81,65.67,65.53,65.41,65.41,65.53,65.59,65.59,65.58,65.52,65.50,65.50,65.49,65.49,65.43,65.40,65.39,65.38,65.33,65.31,65.30,65.29,65.29,65.24,65.20,65.19,65.18,65.13,65.11,65.10,65.09,65.09,65.03,65.02,65.12,65.27,65.43,65.57,65.71,65.80,65.94,66.04,66.15,66.28,66.38,66.51,66.63,66.72,66.86,66.96,67.04,67.07,67.02,67.08,67.26,67.46,67.61,67.75,67.85,67.94,68.03,68.17,68.27,68.35,68.45,68.58,68.67,68.75,68.84,68.91,68.99,69.07,69.14,69.19,69.20,69.27,69.40,69.53,69.65,69.81,69.92,70.02,70.17,70.47,70.88,71.34,71.82,72.25,72.58,72.90,73.25,73.69,74.35,74.87,75.46,76.16,76.85,77.52,77.78,78.03,78.53,79.03,79.50,79.75,79.82,79.91,79.94,79.96,79.96,79.96,79.96,80.01,80.07,80.13
81.84,81.47,81.11,80.76,80.49,80.50,81.03,82.45,84.37,86.41,88.11,89.03,89.47,89.61,89.58,89.31,88.97,88.70,88.61,88.66,89.00,89.42,89.77,89.90,89.88,89.69,89.24,88.03,84.33,80.77,78.17,76.76,75.75,74.85,74.02,73.28,72.74,72.19,71.74,71.29,70.75,70.15,69.96,69.94,69.93,69.89,69.93,69.91,69.88,69.98,70.01,70.02,69.92,69.72,69.72,70.09,70.87,71.88,72.61,72.77,72.74,72.72,72.78,72.78,72.17,71.43,70.86,70.55,70.31,70.13,70.01,69.97,70.03,70.09,70.09,70.05,70.30,70.46,70.53,70.56,70.57,70.69,70.83,70.82,70.48,69.90,69.41,68.98,68.52,68.02,68.04,68.20,68.34,68.36,68.30,68.24,68.19,68.11,68.03,67.95,67.89,67.81,67.66,67.50,67.28,67.02,66.80,66.77,66.77,66.77,66.77,66.77,66.77,66.77,66.77,66.77,66.77,66.77,66.77,66.77,66.77,66.77,66.77,66.78,66.81,66.90,66.95,66.95,66.87,66.79,66.72,66.61,66.50,66.42,66.34,66.26,66.18,66.08,66.00,65.92,65.84,65.75,65.64,65.52,65.42,65.33,65.29,65.37,65.41,65.39,65.34,65.31,65.30,65.29,65.24,65.24,65.22,65.20,65.19,65.15,65.12,65.11,65.09,65.05,65.04,65.02,65.00,65.00,64.95,64.92,64.91,64.89,64.84,64.84,64.82,64.84,64.92,65.03,65.17,65.30,65.40,65.53,65.64,65.76,65.88,65.98,66.11,66.22,66.34,66.46,66.56,66.69,66.78,66.82,66.77,66.92,67.10,67.25,67.35,67.46,67.58,67.68,67.77,67.87,67.99,68.09,68.17,68.28,68.36,68.47,68.57,68.66,68.73,68.81,68.86,68.88,68.89,69.00,69.15,69.27,69.36,69.46,69.54,69.62,69.71,69.88,70.13,70.34,70.55,70.83,71.13,71.47,71.83,72.23,72.90,73.41,73.94,74.58,75.25,75.41,75.52,75.79,76.29,76.83,77.42,77.93,78.30,78.58,78.79,78.87,78.87,78.86,78.82,78.89,79.08,79.41
85.33,84.96,84.60,84.18,83.81,83.75,84.24,85.66,87.29,88.67,89.76,90.00,90.00,90.00,90.00,90.00,90.00,90.00,90.00,90.00,90.00,90.00,90.00,90.00,90.00,90.00,90.00,89.65,87.15,83.23,79.83,78.05,77.08,76.13,75.25,74.53,74.00,73.45,72.89,72.27,71.51,70.78,70.50,70.35,70.15,69.90,69.76,69.66,69.58,69.55,69.50,69.47,69.46,69.46,69.49,69.67,70.23,71.05,71.69,71.85,71.84,71.84,71.94,72.07,71.57,70.78,70.03,69.70,69.51,69.43,69.40,69.40,69.37,69.29,69.12,68.94,69.07,69.18,69.20,69.16,69.15,69.27,69.69,70.16,70.25,69.76,69.27,68.81,68.33,67.83,67.83,67.96,68.05,68.03,67.95,67.88,67.80,67.73,67.67,67.60,67.55,67.50,67.37,67.24,67.06,66.85,66.67,66.65,66.65,66.65,66.65,66.65,66.65,66.65,66.65,66.65,66.65,66.65,66.65,66.65,66.65,66.65,66.65,66.65,66.65,66.69,66.75,66.77,66.71,66.64,66.56,66.46,66.34,66.25,66.18,66.10,66.03,65.94,65.85,65.77,65.69,65.60,65.47,65.38,65.31,65.23,65.16,65.19,65.20,65.17,65.12,65.11,65.11,65.08,65.02,65.02,65.02,65.02,65.00,64.93,64.91,64.91,64.90,64.84,64.82,64.81,64.81,64.80,64.75,64.72,64.72,64.70,64.65,64.65,64.63,64.64,64.70,64.78,64.90,65.01,65.12,65.24,65.35,65.47,65.59,65.69,65.83,65.94,66.05,66.17,66.28,66.40,66.50,66.55,66.55,66.72,66.88,67.00,67.09,67.18,67.29,67.41,67.50,67.59,67.71,67.81,67.90,67.99,68.07,68.18,68.29,68.37,68.45,68.53,68.57,68.58,68.61,68.74,68.88,69.00,69.09,69.17,69.25,69.32,69.41,69.48,69.59,69.64,69.68,69.82,70.05,70.34,70.62,70.94,71.47,71.95,72.43,72.91,73.28,73.11,73.13,73.41,73.92,74.55,75.26,75.94,76.49,76.84,77.17,77.24,77.14,77.03,76.89,76.95,77.17,77.65
89.22,89.15,89.04,88.73,88.37,88.28,88.56,89.09,89.55,89.78,89.96,90.00,90.00,90.00,90.00,90.00,90.00,90.00,90.00,90.00,90.00,90.00,90.00,90.00,90.00,90.00,90.00,89.94,89.52,86.27,82.31,79.48,78.27,77.36,76.50,75.74,75.25,74.67,74.10,73.48,72.73,72.10,71.79,71.48,71.03,70.54,70.16,69.92,69.73,69.50,69.34,69.24,69.19,69.20,69.25,69.42,69.72,70.18,70.79,70.92,70.92,70.97,71.09,71.19,70.88,70.24,69.46,69.13,68.94,68.90,68.94,68.91,68.69,68.40,68.08,67.79,67.51,67.40,67.31,67.19,67.12,67.07,67.95,69.18,69.78,69.45,69.03,68.60,68.14,67.64,67.60,67.68,67.72,67.65,67.58,67.50,67.42,67.36,67.34,67.28,67.21,67.13,67.05,66.96,66.83,66.67,66.53,66.52,66.52,66.52,66.52,66.52,66.52,66.52,66.52,66.52,66.52,66.52,66.52,66.52,66.52,66.52,66.52,66.52,66.52,66.52,66.53,66.54,66.52,66.45,66.38,66.29,66.21,66.13,66.05,65.97,65.90,65.81,65.68,65.58,65.50,65.42,65.34,65.26,65.18,65.10,65.03,65.02,64.99,64.94,64.93,64.92,64.92,64.90,64.84,64.83,64.83,64.83,64.81,64.74,64.73,64.72,64.72,64.71,64.65,64.63,64.63,64.62,64.61,64.56,64.53,64.52,64.52,64.52,64.47,64.44,64.45,64.52,64.61,64.72,64.85,64.95,65.08,65.19,65.29,65.43,65.52,65.66,65.77,65.87,66.01,66.11,66.19,66.26,66.33,66.48,66.59,66.70,66.83,66.92,67.00,67.12,67.25,67.32,67.41,67.50,67.59,67.73,67.81,67.90,67.98,68.05,68.14,68.22,68.28,68.33,68.35,68.49,68.59,68.70,68.83,68.91,69.00,69.07,69.15,69.21,69.24,69.25,69.28,69.37,69.47,69.58,69.72,69.90,70.14,70.54,70.96,71.18,70.95,70.78,70.82,71.12,71.68,72.45,73.26,73.97,74.50,74.77,75.12,75.08,74.78,74.44,74.15,74.14,74.27,74.70
90.00,90.00,89.97,89.83,89.66,89.62,89.74,89.90,90.00,90.00,90.00,90.04,90.05,90.05,90.05,90.05,90.05,90.05,90.05,90.01,90.00,90.00,90.01,90.05,90.02,90.00,90.00,90.00,90.00,88.14,85.15,81.97,79.88,78.67,77.76,76.99,76.47,75.91,75.33,74.69,73.98,73.61,73.42,73.02,72.31,71.65,71.06,70.67,70.40,70.18,69.97,69.78,69.60,69.47,69.29,69.17,69.21,69.43,69.76,69.88,69.97,70.05,70.12,70.15,69.94,69.51,68.96,68.57,68.37,68.25,68.19,68.17,68.09,67.94,67.76,67.56,67.28,67.12,66.98,66.83,66.71,66.59,66.99,67.61,67.95,67.89,68.05,68.14,67.94,67.49,67.38,67.38,67.34,67.28,67.19,67.14,67.10,67.03,66.98,66.91,66.84,66.75,66.68,66.64,66.56,66.46,66.40,66.39,66.39,66.39,66.39,66.39,66.39,66.39,66.39,66.39,66.39,66.39,66.39,66.39,66.39,66.39,66.39,66.39,66.39,66.39,66.39,66.39,66.38,66.31,66.24,66.16,66.08,66.00,65.89,65.79,65.72,65.64,65.53,65.44,65.36,65.28,65.21,65.13,65.05,64.97,64.91,64.89,64.87,64.83,64.79,64.79,64.79,64.77,64.74,64.70,64.69,64.69,64.68,64.64,64.60,64.59,64.59,64.59,64.55,64.51,64.49,64.49,64.49,64.46,64.42,64.39,64.39,64.39,64.37,64.33,64.30,64.33,64.40,64.49,64.61,64.73,64.84,64.93,65.02,65.14,65.25,65.37,65.48,65.60,65.71,65.83,65.93,66.00,66.09,66.23,66.34,66.42,66.54,66.66,66.75,66.84,66.94,67.02,67.14,67.23,67.32,67.43,67.51,67.61,67.72,67.80,67.87,67.94,68.00,68.05,68.14,68.25,68.34,68.42,68.53,68.61,68.72,68.80,68.83,68.86,68.86,68.90,68.94,68.98,69.05,69.13,69.22,69.34,69.50,69.77,70.02,70.11,69.91,69.79,69.80,69.97,70.32,70.82,71.40,71.99,72.48,72.72,72.97,72.85,72.45,71.94,71.50,71.47,71.59,71.83
90.01,90.01,90.01,90.01,90.01,90.01,90.01,90.01,90.01,90.01,90.02,90.07,90.10,90.10,90.10,90.10,90.10,90.10,90.09,90.03,90.01,90.01,90.03,90.08,90.05,90.01,90.00,90.00,90.00,89.39,87.71,84.88,82.21,80.55,79.28,78.24,77.69,77.14,76.56,75.92,75.29,74.97,74.69,74.17,73.38,72.70,72.05,71.55,71.22,71.05,70.83,70.53,70.24,69.98,69.64,69.25,69.06,69.05,69.08,69.15,69.23,69.28,69.25,69.22,69.08,68.86,68.58,68.21,68.03,67.87,67.73,67.74,67.78,67.77,67.72,67.59,67.38,67.21,67.05,66.89,66.73,66.58,66.46,66.40,66.40,66.50,67.06,67.53,67.58,67.26,67.14,67.07,67.00,66.93,66.85,66.83,66.80,66.72,66.64,66.58,66.50,66.43,66.36,66.34,66.31,66.26,66.26,66.26,66.26,66.26,66.26,66.26,66.26,66.26,66.26,66.26,66.26,66.26,66.26,66.26,66.26,66.26,66.26,66.26,66.26,66.26,66.26,66.26,66.23,66.18,66.11,66.02,65.94,65.86,65.73,65.62,65.54,65.47,65.39,65.31,65.24,65.16,65.08,64.99,64.92,64.85,64.79,64.77,64.76,64.74,64.69,64.67,64.66,64.66,64.65,64.59,64.57,64.56,64.56,64.56,64.50,64.47,64.46,64.46,64.46,64.41,64.38,64.36,64.36,64.36,64.33,64.28,64.27,64.26,64.26,64.23,64.16,64.15,64.21,64.28,64.38,64.51,64.61,64.70,64.77,64.86,64.99,65.10,65.21,65.34,65.42,65.55,65.66,65.75,65.83,65.97,66.07,66.16,66.25,66.38,66.47,66.56,66.65,66.73,66.86,66.96,67.04,67.13,67.21,67.33,67.44,67.52,67.60,67.67,67.72,67.77,67.90,68.00,68.08,68.16,68.23,68.31,68.43,68.48,68.48,68.49,68.50,68.55,68.59,68.60,68.65,68.73,68.81,68.89,69.05,69.20,69.31,69.35,69.27,69.19,69.18,69.25,69.43,69.65,69.96,70.37,70.76,70.96,71.10,70.94,70.55,70.02,69.53,69.51,69.63,69.70
90.09,90.09,90.09,90.09,90.09,90.09,90.09,90.09,90.09,90.09,90.09,90.09,90.10,90.10,90.10,90.10,90.10,90.10,90.10,90.09,90.09,90.09,90.09,90.10,90.09,90.05,90.00,90.00,90.00,89.87,89.34,88.14,86.06,83.75,81.39,79.46,78.89,78.36,77.77,77.22,76.75,75.84,74.88,74.16,73.75,73.35,72.92,72.47,72.10,71.94,71.72,71.39,71.05,70.77,70.56,70.17,69.79,69.52,69.34,69.18,69.02,68.87,68.74,68.61,68.55,68.50,68.43,68.29,68.24,68.21,68.17,68.17,68.12,68.03,67.87,67.66,67.50,67.34,67.16,66.95,66.80,66.64,66.49,66.38,66.32,66.28,66.48,66.70,66.82,66.81,66.79,66.78,66.75,66.68,66.59,66.58,66.55,66.47,66.39,66.36,66.31,66.24,66.17,66.16,66.15,66.13,66.13,66.13,66.13,66.13,66.13,66.13,66.13,66.13,66.13,66.13,66.13,66.13,66.13,66.13,66.13,66.13,66.13,66.13,66.13,66.13,66.13,66.12,66.06,66.04,65.98,65.88,65.75,65.66,65.58,65.50,65.42,65.34,65.26,65.19,65.11,65.03,64.95,64.83,64.75,64.73,64.72,64.66,64.63,64.63,64.61,64.55,64.53,64.53,64.53,64.52,64.47,64.44,64.44,64.43,64.42,64.38,64.34,64.34,64.34,64.32,64.29,64.24,64.23,64.23,64.23,64.20,64.14,64.13,64.13,64.11,64.03,63.97,64.02,64.09,64.18,64.27,64.40,64.50,64.58,64.66,64.75,64.88,64.99,65.09,65.16,65.25,65.37,65.50,65.57,65.66,65.79,65.91,65.98,66.08,66.15,66.26,66.39,66.47,66.56,66.64,66.74,66.87,66.96,67.04,67.13,67.20,67.28,67.36,67.43,67.50,67.59,67.73,67.82,67.91,67.98,68.06,68.09,68.11,68.11,68.11,68.16,68.20,68.20,68.21,68.22,68.28,68.36,68.45,68.61,68.76,68.87,68.91,68.83,68.75,68.77,68.90,69.11,69.28,69.47,69.64,69.79,69.89,69.93,69.86,69.69,69.45,69.16,69.16,69.25,69.32
90.10,90.10,90.10,90.10,90.10,90.10,90.10,90.10,90.10,90.10,90.10,90.13,90.14,90.14,90.14,90.14,90.12,90.10,90.10,90.10,90.10,90.10,90.10,90.10,90.10,90.08,90.04,90.00,90.00,90.00,89.90,89.49,88.44,87.08,85.38,83.20,80.42,79.22,78.49,77.56,76.14,74.92,73.75,73.00,72.74,72.54,72.47,72.33,72.12,71.93,71.74,71.53,71.33,71.18,71.08,70.84,70.48,70.12,69.91,69.72,69.52,69.33,69.17,68.92,68.83,68.76,68.66,68.63,68.62,68.58,68.51,68.43,68.29,68.14,67.97,67.77,67.58,67.42,67.25,67.05,66.87,66.70,66.55,66.41,66.29,66.18,66.22,66.32,66.44,66.54,66.56,66.54,66.51,66.46,66.39,66.34,66.30,66.25,66.18,66.16,66.14,66.09,66.02,66.01,66.01,66.01,66.01,66.01,66.01,66.01,66.01,66.01,66.01,66.01,66.01,66.01,66.01,66.01,66.01,66.01,66.01,66.01,66.01,66.01,66.01,66.01,65.99,65.95,65.91,65.87,65.81,65.71,65.60,65.52,65.44,65.37,65.29,65.21,65.14,65.06,64.98,64.90,64.79,64.67,64.61,64.61,64.60,64.57,64.53,64.51,64.50,64.47,64.43,64.41,64.41,64.41,64.38,64.33,64.31,64.31,64.31,64.28,64.24,64.22,64.21,64.21,64.19,64.15,64.12,64.11,64.11,64.10,64.06,64.02,64.01,63.98,63.89,63.79,63.83,63.91,63.98,64.07,64.17,64.29,64.39,64.47,64.55,64.66,64.77,64.88,64.95,65.03,65.14,65.24,65.32,65.40,65.50,65.61,65.69,65.80,65.88,65.98,66.09,66.17,66.28,66.37,66.46,66.58,66.66,66.76,66.86,66.93,67.01,67.05,67.14,67.24,67.32,67.44,67.53,67.60,67.67,67.72,67.72,67.72,67.73,67.77,67.81,67.83,67.83,67.83,67.83,67.88,67.97,68.05,68.17,68.32,68.43,68.47,68.43,68.36,68.41,68.55,68.74,68.90,69.02,69.12,69.20,69.27,69.28,69.26,69.18,69.02,68.79,68.81,68.91,68.98
90.11,90.11,90.11,90.11,90.11,90.11,90.11,90.11,90.11,90.11,90.11,90.17,90.19,90.19,90.19,90.19,90.16,90.11,90.11,90.11,90.11,90.11,90.11,90.10,90.10,90.10,90.08,90.02,90.00,90.00,89.99,89.97,89.90,89.81,89.28,87.36,82.66,80.16,78.81,77.20,74.61,73.22,72.14,71.48,71.30,71.24,71.52,71.73,71.73,71.50,71.33,71.25,71.24,71.23,71.24,71.19,70.96,70.63,70.48,70.33,70.17,70.03,69.87,69.54,69.38,69.23,69.06,69.03,69.01,68.91,68.75,68.60,68.39,68.21,68.05,67.88,67.67,67.50,67.34,67.16,66.95,66.78,66.62,66.46,66.31,66.16,66.10,66.12,66.20,66.33,66.37,66.33,66.28,66.25,66.20,66.13,66.08,66.06,66.00,65.98,65.98,65.97,65.89,65.88,65.88,65.88,65.88,65.88,65.88,65.88,65.88,65.88,65.88,65.88,65.88,65.88,65.88,65.88,65.88,65.88,65.88,65.88,65.88,65.88,65.88,65.87,65.83,65.78,65.78,65.71,65.63,65.56,65.47,65.40,65.32,65.24,65.16,65.09,65.01,64.92,64.84,64.75,64.62,64.53,64.49,64.48,64.48,64.48,64.44,64.39,64.38,64.38,64.33,64.30,64.29,64.28,64.28,64.25,64.19,64.19,64.18,64.18,64.16,64.10,64.08,64.08,64.08,64.07,64.00,63.98,63.98,63.98,63.97,63.91,63.89,63.85,63.76,63.62,63.64,63.72,63.79,63.87,63.95,64.07,64.19,64.28,64.36,64.44,64.54,64.67,64.76,64.83,64.91,64.99,65.06,65.15,65.22,65.30,65.39,65.52,65.61,65.70,65.78,65.87,66.00,66.11,66.19,66.27,66.35,66.48,66.59,66.67,66.74,66.77,66.85,66.98,67.06,67.14,67.21,67.29,67.34,67.34,67.34,67.35,67.38,67.43,67.44,67.44,67.44,67.45,67.46,67.51,67.58,67.65,67.73,67.87,67.99,68.05,68.03,67.97,68.05,68.21,68.36,68.50,68.60,68.68,68.76,68.83,68.84,68.85,68.79,68.64,68.41,68.46,68.58,68.64
90.17,90.17,90.17,90.17,90.17,90.17,90.17,90.17,90.17,90.17,90.17,90.19,90.20,90.20,90.20,90.20,90.19,90.17,90.17,90.17,90.17,90.17,90.16,90.11,90.10,90.10,90.09,90.07,90.02,90.00,90.00,90.00,90.00,90.00,89.85,89.25,87.21,81.94,78.26,75.59,72.65,71.26,70.64,70.38,70.32,70.32,70.63,70.96,71.10,70.82,70.60,70.50,70.47,70.48,70.58,70.64,70.67,70.68,70.58,70.43,70.31,70.23,70.16,69.96,69.76,69.58,69.42,69.31,69.19,69.03,68.83,68.67,68.50,68.30,68.11,67.95,67.78,67.62,67.44,67.23,67.06,66.90,66.71,66.52,66.37,66.21,66.05,65.97,66.00,66.09,66.16,66.14,66.07,66.02,65.99,65.93,65.89,65.88,65.86,65.85,65.85,65.84,65.77,65.75,65.75,65.75,65.75,65.75,65.75,65.75,65.75,65.75,65.75,65.75,65.75,65.75,65.75,65.75,65.75,65.75,65.75,65.75,65.75,65.75,65.75,65.71,65.67,65.66,65.65,65.58,65.50,65.42,65.34,65.27,65.19,65.11,65.04,64.96,64.88,64.77,64.66,64.58,64.48,64.44,64.40,64.36,64.35,64.35,64.34,64.31,64.26,64.25,64.24,64.22,64.22,64.17,64.16,64.15,64.13,64.12,64.07,64.05,64.05,64.02,63.97,63.95,63.95,63.95,63.93,63.88,63.85,63.85,63.85,63.84,63.79,63.72,63.63,63.49,63.47,63.52,63.60,63.68,63.75,63.85,63.96,64.08,64.17,64.24,64.33,64.44,64.56,64.60,64.66,64.73,64.81,64.89,64.97,65.05,65.13,65.22,65.30,65.41,65.53,65.61,65.71,65.79,65.88,66.01,66.09,66.19,66.28,66.35,66.43,66.49,66.60,66.73,66.81,66.83,66.89,66.95,66.97,66.97,66.97,67.00,67.05,67.06,67.06,67.06,67.06,67.08,67.13,67.16,67.18,67.21,67.29,67.43,67.57,67.65,67.60,67.58,67.68,67.82,67.97,68.08,68.16,68.23,68.31,68.38,68.40,68.43,68.41,68.25,68.03,68.09,68.20,68.27
90.23,90.23,90.21,90.20,90.20,90.20,90.20,90.20,90.21,90.23,90.23,90.23,90.23,90.23,90.20,90.20,90.20,90.20,90.20,90.20,90.20,90.20,90.19,90.15,90.11,90.10,90.10,90.09,90.05,90.02,90.00,90.00,90.00,90.00,90.00,90.00,89.39,83.67,78.39,74.32,71.24,70.19,69.90,69.83,69.84,69.88,70.10,70.37,70.48,70.26,70.08,69.97,69.93,69.97,70.07,70.15,70.28,70.40,70.35,70.23,70.16,70.12,70.11,70.05,69.90,69.73,69.58,69.42,69.27,69.08,68.89,68.70,68.55,68.36,68.18,68.02,67.87,67.71,67.53,67.33,67.16,67.00,66.81,66.61,66.44,66.27,66.09,65.95,65.90,65.90,65.96,65.95,65.88,65.84,65.80,65.76,65.73,65.73,65.73,65.73,65.73,65.71,65.64,65.63,65.63,65.63,65.63,65.63,65.63,65.63,65.63,65.63,65.63,65.63,65.63,65.63,65.63,65.63,65.63,65.63,65.63,65.63,65.63,65.62,65.59,65.55,65.53,65.52,65.49,65.44,65.37,65.30,65.22,65.14,65.06,64.99,64.90,64.80,64.72,64.61,64.50,64.42,64.35,64.33,64.31,64.26,64.23,64.23,64.23,64.22,64.17,64.14,64.13,64.13,64.12,64.08,64.04,64.03,64.03,64.03,63.98,63.95,63.93,63.92,63.88,63.87,63.85,63.83,63.82,63.78,63.75,63.73,63.73,63.73,63.67,63.60,63.50,63.36,63.30,63.34,63.41,63.49,63.56,63.64,63.74,63.86,63.97,64.05,64.13,64.22,64.33,64.36,64.41,64.48,64.56,64.63,64.72,64.79,64.87,64.94,65.02,65.14,65.28,65.36,65.43,65.50,65.60,65.72,65.80,65.90,66.00,66.07,66.15,66.22,66.33,66.44,66.48,66.51,66.56,66.59,66.59,66.59,66.59,66.63,66.69,66.69,66.69,66.69,66.70,66.73,66.77,66.78,66.78,66.80,66.88,67.00,67.14,67.23,67.17,67.18,67.30,67.44,67.56,67.64,67.71,67.79,67.87,67.94,67.98,68.02,68.01,67.87,67.67,67.72,67.83,67.88
90.29,90.29,90.23,90.20,90.20,90.20,90.20,90.20,90.23,90.29,90.29,90.29,90.29,90.27,90.22,90.20,90.20,90.20,90.20,90.20,90.20,90.20,90.20,90.19,90.13,90.10,90.10,90.10,90.09,90.05,90.00,90.00,90.00,90.00,90.00,90.00,89.52,85.06,78.83,73.23,70.35,69.85,69.75,69.70,69.72,69.79,69.89,69.95,69.95,69.86,69.76,69.68,69.66,69.72,69.74,69.80,69.88,69.95,69.94,69.87,69.83,69.83,69.84,69.88,69.83,69.72,69.56,69.41,69.26,69.09,68.91,68.70,68.54,68.38,68.22,68.06,67.91,67.75,67.59,67.42,67.21,67.04,66.88,66.70,66.49,66.33,66.16,66.02,65.87,65.75,65.78,65.77,65.71,65.69,65.64,65.61,65.60,65.60,65.60,65.60,65.60,65.58,65.51,65.50,65.50,65.50,65.50,65.50,65.50,65.50,65.50,65.50,65.50,65.50,65.50,65.50,65.50,65.50,65.50,65.50,65.50,65.50,65.50,65.48,65.42,65.41,65.40,65.38,65.32,65.30,65.24,65.17,65.09,65.02,64.93,64.85,64.76,64.62,64.54,64.46,64.38,64.30,64.23,64.20,64.20,64.18,64.12,64.10,64.10,64.10,64.08,64.03,64.00,64.00,64.00,63.99,63.94,63.91,63.90,63.90,63.90,63.85,63.80,63.80,63.80,63.80,63.76,63.71,63.70,63.70,63.66,63.61,63.60,63.60,63.55,63.47,63.38,63.23,63.15,63.14,63.22,63.30,63.38,63.45,63.53,63.63,63.77,63.86,63.94,64.02,64.09,64.11,64.16,64.23,64.31,64.39,64.47,64.55,64.62,64.69,64.78,64.89,65.02,65.10,65.18,65.25,65.34,65.42,65.50,65.62,65.73,65.81,65.89,65.96,66.04,66.10,66.12,66.18,66.20,66.20,66.20,66.20,66.21,66.25,66.30,66.30,66.30,66.31,66.34,66.39,66.41,66.41,66.41,66.42,66.50,66.58,66.70,66.79,66.73,66.79,66.91,67.04,67.12,67.19,67.27,67.35,67.42,67.50,67.57,67.60,67.58,67.49,67.34,67.36,67.44,67.50
90.30,90.30,90.27,90.26,90.26,90.26,90.26,90.26,90.27,90.30,90.30,90.30,90.30,90.29,90.27,90.26,90.26,90.24,90.20,90.20,90.20,90.20,90.20,90.19,90.13,90.10,90.10,90.10,90.10,90.08,90.04,90.00,90.00,90.00,90.00,90.00,89.51,84.89,77.38,71.19,69.97,69.70,69.62,69.60,69.64,69.68,69.74,69.78,69.77,69.73,69.67,69.58,69.55,69.57,69.58,69.64,69.72,69.77,69.77,69.71,69.65,69.63,69.68,69.71,69.69,69.61,69.45,69.30,69.14,68.96,68.77,68.58,68.43,68.27,68.12,67.96,67.81,67.65,67.50,67.34,67.16,66.99,66.84,66.68,66.49,66.29,66.13,65.97,65.82,65.67,65.62,65.60,65.58,65.57,65.50,65.47,65.47,65.47,65.47,65.47,65.45,65.41,65.38,65.38,65.38,65.38,65.38,65.38,65.38,65.38,65.38,65.38,65.38,65.38,65.38,65.38,65.38,65.38,65.38,65.38,65.38,65.38,65.35,65.31,65.28,65.28,65.25,65.20,65.18,65.13,65.09,65.04,64.97,64.89,64.77,64.67,64.59,64.48,64.40,64.33,64.25,64.18,64.14,64.10,64.08,64.07,64.04,63.99,63.98,63.98,63.97,63.95,63.90,63.88,63.88,63.87,63.85,63.81,63.78,63.78,63.78,63.76,63.72,63.68,63.67,63.67,63.66,63.63,63.58,63.57,63.56,63.52,63.48,63.47,63.42,63.34,63.25,63.10,63.01,62.96,62.98,63.10,63.19,63.27,63.34,63.43,63.58,63.67,63.75,63.82,63.85,63.90,63.96,64.02,64.06,64.18,64.27,64.34,64.42,64.50,64.58,64.67,64.77,64.84,64.93,65.00,65.08,65.16,65.23,65.33,65.42,65.50,65.58,65.66,65.70,65.74,65.78,65.82,65.83,65.83,65.83,65.83,65.87,65.90,65.92,65.92,65.92,65.95,66.00,66.02,66.03,66.03,66.03,66.04,66.11,66.15,66.25,66.35,66.34,66.41,66.53,66.64,66.67,66.75,66.83,66.90,66.98,67.06,67.14,67.17,67.15,67.11,66.97,66.98,67.06,67.13
90.33,90.33,90.33,90.33,90.32,90.30,90.30,90.31,90.33,90.33,90.33,90.33,90.31,90.30,90.30,90.30,90.30,90.28,90.23,90.22,90.21,90.20,90.20,90.19,90.15,90.11,90.10,90.10,90.10,90.10,90.08,90.03,90.00,90.00,90.00,89.98,89.18,82.37,74.73,69.84,69.73,69.59,69.50,69.50,69.54,69.56,69.62,69.65,69.65,69.64,69.57,69.50,69.45,69.45,69.45,69.51,69.59,69.65,69.64,69.58,69.50,69.47,69.52,69.53,69.53,69.46,69.32,69.17,69.02,68.82,68.61,68.45,68.30,68.14,67.99,67.83,67.68,67.53,67.37,67.22,67.06,66.91,66.75,66.60,66.43,66.21,66.03,65.89,65.75,65.60,65.51,65.46,65.45,65.44,65.37,65.35,65.35,65.35,65.35,65.35,65.31,65.25,65.25,65.25,65.25,65.25,65.25,65.25,65.25,65.25,65.25,65.25,65.25,65.25,65.25,65.25,65.25,65.25,65.25,65.25,65.23,65.22,65.19,65.15,65.15,65.13,65.09,65.05,65.02,64.97,64.94,64.90,64.84,64.74,64.61,64.51,64.43,64.35,64.28,64.20,64.12,64.06,64.05,64.00,63.97,63.95,63.95,63.90,63.86,63.85,63.85,63.85,63.81,63.77,63.75,63.75,63.75,63.72,63.67,63.65,63.65,63.65,63.63,63.58,63.55,63.55,63.55,63.54,63.48,63.46,63.45,63.43,63.38,63.35,63.30,63.22,63.13,62.98,62.89,62.81,62.78,62.89,62.99,63.07,63.15,63.24,63.37,63.47,63.55,63.59,63.60,63.67,63.75,63.80,63.84,63.96,64.05,64.13,64.21,64.28,64.36,64.44,64.52,64.59,64.67,64.75,64.82,64.90,64.98,65.06,65.13,65.21,65.29,65.33,65.34,65.37,65.44,65.44,65.44,65.44,65.45,65.47,65.52,65.55,65.55,65.55,65.55,65.59,65.64,65.64,65.64,65.64,65.66,65.68,65.73,65.75,65.82,65.92,65.93,66.02,66.14,66.22,66.23,66.31,66.38,66.46,66.54,66.61,66.69,66.72,66.73,66.72,66.59,66.60,66.69,66.75
90.38,90.38,90.38,90.38,90.37,90.31,90.30,90.35,90.38,90.38,90.38,90.38,90.35,90.30,90.30,90.30,90.30,90.30,90.29,90.28,90.23,90.20,90.20,90.20,90.19,90.15,90.10,90.10,90.10,90.10,90.10,90.08,90.01,90.00,90.00,89.87,88.19,76.89,70.93,69.76,69.62,69.46,69.41,69.41,69.42,69.43,69.49,69.52,69.52,69.51,69.45,69.37,69.32,69.32,69.32,69.39,69.46,69.52,69.52,69.45,69.37,69.33,69.34,69.34,69.34,69.30,69.19,69.04,68.88,68.69,68.48,68.33,68.17,68.02,67.86,67.71,67.55,67.40,67.24,67.09,66.94,66.78,66.63,66.47,66.31,66.09,65.91,65.78,65.69,65.54,65.44,65.37,65.32,65.31,65.25,65.22,65.22,65.22,65.22,65.22,65.18,65.12,65.12,65.12,65.12,65.12,65.12,65.12,65.12,65.12,65.12,65.12,65.12,65.12,65.12,65.12,65.12,65.12,65.12,65.11,65.05,65.03,65.03,65.02,65.01,64.96,64.93,64.90,64.84,64.82,64.77,64.73,64.69,64.56,64.46,64.38,64.30,64.22,64.15,64.07,64.00,63.93,63.92,63.91,63.88,63.82,63.82,63.81,63.77,63.72,63.72,63.72,63.71,63.68,63.63,63.62,63.62,63.62,63.59,63.53,63.52,63.52,63.52,63.50,63.44,63.42,63.42,63.42,63.41,63.35,63.32,63.32,63.30,63.24,63.17,63.09,63.00,62.85,62.76,62.68,62.63,62.66,62.78,62.88,62.96,63.04,63.13,63.26,63.34,63.34,63.35,63.41,63.49,63.56,63.63,63.72,63.80,63.88,63.96,64.03,64.11,64.19,64.26,64.34,64.41,64.50,64.57,64.65,64.72,64.81,64.88,64.96,65.03,65.00,64.97,64.99,65.06,65.06,65.06,65.06,65.08,65.14,65.16,65.16,65.16,65.16,65.16,65.22,65.27,65.27,65.27,65.27,65.30,65.35,65.36,65.36,65.41,65.48,65.50,65.62,65.72,65.78,65.79,65.86,65.94,66.02,66.09,66.17,66.25,66.28,66.30,66.34,66.21,66.22,66.30,66.38
90.45,90.41,90.40,90.40,90.39,90.36,90.36,90.38,90.40,90.40,90.40,90.40,90.38,90.34,90.31,90.30,90.30,90.28,90.25,90.25,90.22,90.20,90.20,90.20,90.20,90.16,90.10,90.10,90.10,90.10,90.08,90.05,90.01,90.00,90.00,88.53,82.13,73.44,69.89,69.64,69.50,69.38,69.29,69.26,69.29,69.30,69.36,69.40,69.40,69.39,69.32,69.24,69.19,69.19,69.20,69.26,69.31,69.35,69.38,69.33,69.25,69.18,69.16,69.19,69.19,69.16,69.06,68.91,68.73,68.53,68.35,68.20,68.04,67.89,67.74,67.58,67.43,67.27,67.12,66.96,66.81,66.65,66.50,66.33,66.14,65.99,65.84,65.69,65.58,65.47,65.38,65.30,65.23,65.20,65.16,65.12,65.09,65.09,65.09,65.09,65.06,65.00,64.99,64.99,64.99,64.99,64.99,64.99,64.99,64.99,64.99,64.99,64.99,64.99,64.98,64.95,64.94,64.94,64.94,64.94,64.91,64.90,64.90,64.88,64.84,64.81,64.77,64.73,64.69,64.66,64.61,64.58,64.52,64.42,64.33,64.25,64.18,64.10,64.02,63.95,63.88,63.84,63.80,63.79,63.78,63.74,63.70,63.70,63.67,63.63,63.60,63.59,63.59,63.58,63.54,63.51,63.50,63.50,63.48,63.45,63.41,63.39,63.39,63.39,63.36,63.32,63.29,63.29,63.29,63.23,63.20,63.20,63.19,63.12,63.04,62.96,62.87,62.72,62.63,62.55,62.48,62.46,62.55,62.67,62.77,62.85,62.93,63.03,63.09,63.09,63.09,63.16,63.23,63.31,63.39,63.47,63.55,63.62,63.70,63.77,63.86,63.93,64.01,64.09,64.16,64.24,64.31,64.40,64.47,64.55,64.63,64.69,64.73,64.70,64.66,64.65,64.68,64.69,64.69,64.69,64.70,64.77,64.78,64.78,64.78,64.78,64.78,64.84,64.89,64.89,64.89,64.89,64.93,64.98,64.98,64.98,65.01,65.05,65.09,65.20,65.29,65.33,65.34,65.42,65.50,65.57,65.65,65.73,65.80,65.83,65.86,65.92,65.86,65.87,65.92,66.00
90.49,90.43,90.42,90.42,90.42,90.42,90.42,90.42,90.42,90.41,90.40,90.40,90.40,90.38,90.31,90.30,90.29,90.26,90.21,90.20,90.20,90.19,90.19,90.19,90.19,90.15,90.10,90.10,90.10,90.09,90.06,90.00,90.00,90.00,89.33,85.76,75.64,71.03,69.68,69.53,69.39,69.30,69.18,69.13,69.16,69.18,69.24,69.27,69.27,69.26,69.20,69.13,69.08,69.07,69.07,69.13,69.17,69.19,69.25,69.20,69.12,69.04,68.98,69.03,69.05,69.02,68.94,68.77,68.56,68.38,68.23,68.07,67.92,67.76,67.61,67.45,67.30,67.15,66.99,66.84,66.68,66.53,66.37,66.20,66.00,65.89,65.76,65.61,65.48,65.39,65.31,65.24,65.17,65.09,65.08,65.03,64.98,64.97,64.97,64.97,64.93,64.87,64.87,64.87,64.87,64.87,64.87,64.87,64.87,64.86,64.86,64.86,64.86,64.86,64.84,64.78,64.77,64.77,64.77,64.77,64.77,64.77,64.76,64.74,64.68,64.66,64.61,64.56,64.55,64.48,64.46,64.43,64.36,64.28,64.20,64.13,64.05,63.97,63.90,63.82,63.77,63.76,63.70,63.67,63.67,63.66,63.59,63.57,63.57,63.55,63.49,63.47,63.47,63.47,63.46,63.40,63.37,63.37,63.37,63.36,63.31,63.28,63.27,63.27,63.27,63.22,63.18,63.17,63.16,63.11,63.08,63.07,63.06,62.99,62.91,62.84,62.75,62.60,62.51,62.43,62.35,62.29,62.33,62.45,62.57,62.66,62.74,62.80,62.84,62.84,62.86,62.91,62.98,63.06,63.13,63.22,63.29,63.37,63.45,63.52,63.60,63.67,63.76,63.83,63.92,64.00,64.08,64.15,64.22,64.30,64.37,64.42,64.43,64.44,64.40,64.34,64.32,64.31,64.30,64.30,64.32,64.38,64.40,64.41,64.41,64.41,64.41,64.45,64.50,64.50,64.50,64.50,64.54,64.60,64.61,64.61,64.61,64.63,64.70,64.78,64.85,64.89,64.92,64.99,65.06,65.13,65.21,65.28,65.36,65.39,65.42,65.48,65.50,65.51,65.55,65.62
90.50,90.48,90.47,90.47,90.47,90.47,90.47,90.47,90.47,90.47,90.41,90.40,90.40,90.38,90.31,90.30,90.26,90.21,90.20,90.20,90.20,90.17,90.13,90.13,90.13,90.11,90.10,90.10,90.10,90.06,90.01,90.00,90.00,90.00,86.64,79.75,72.20,70.07,69.63,69.47,69.33,69.24,69.15,69.08,69.04,69.04,69.11,69.14,69.14,69.14,69.13,69.06,69.00,68.94,68.94,69.00,69.04,69.06,69.12,69.07,68.99,68.92,68.85,68.86,68.86,68.85,68.80,68.59,68.42,68.25,68.10,67.94,67.79,67.64,67.48,67.33,67.17,67.02,66.86,66.71,66.56,66.40,66.25,66.09,65.92,65.78,65.67,65.55,65.41,65.33,65.25,65.17,65.10,65.04,65.03,64.97,64.90,64.84,64.84,64.84,64.80,64.74,64.74,64.74,64.74,64.74,64.74,64.74,64.74,64.72,64.67,64.66,64.66,64.66,64.66,64.64,64.64,64.64,64.64,64.64,64.64,64.64,64.61,64.56,64.54,64.49,64.45,64.43,64.36,64.34,64.30,64.25,64.23,64.16,64.08,64.00,63.92,63.84,63.77,63.69,63.64,63.64,63.62,63.58,63.54,63.54,63.52,63.47,63.44,63.44,63.41,63.36,63.34,63.34,63.34,63.32,63.27,63.24,63.24,63.24,63.23,63.18,63.14,63.14,63.14,63.13,63.09,63.05,63.04,63.03,62.98,62.94,62.93,62.87,62.79,62.71,62.62,62.47,62.38,62.30,62.22,62.16,62.16,62.22,62.33,62.46,62.55,62.58,62.59,62.60,62.65,62.68,62.73,62.80,62.88,62.96,63.03,63.11,63.19,63.27,63.34,63.42,63.50,63.58,63.71,63.81,63.89,63.96,63.98,64.04,64.09,64.11,64.17,64.19,64.17,64.13,64.01,63.94,63.92,63.92,63.93,63.94,63.99,64.03,64.03,64.03,64.03,64.08,64.13,64.13,64.13,64.13,64.16,64.22,64.22,64.22,64.22,64.25,64.33,64.41,64.43,64.47,64.53,64.61,64.64,64.69,64.76,64.84,64.92,64.95,64.97,65.05,65.11,65.17,65.21,65.24
90.55,90.55,90.55,90.52,90.50,90.50,90.50,90.50,90.50,90.49,90.41,90.40,90.38,90.35,90.31,90.27,90.23,90.20,90.20,90.20,90.18,90.13,90.10,90.10,90.10,90.10,90.10,90.10,90.10,90.05,90.00,90.00,89.95,88.82,83.02,74.47,70.49,69.70,69.56,69.41,69.30,69.18,69.10,69.01,68.92,68.92,68.95,68.99,69.02,69.02,69.02,68.96,68.89,68.82,68.82,68.85,68.89,68.93,69.00,68.94,68.87,68.79,68.72,68.72,68.72,68.70,68.63,68.45,68.28,68.13,67.97,67.82,67.66,67.51,67.35,67.20,67.05,66.89,66.74,66.58,66.43,66.27,66.12,65.97,65.85,65.70,65.58,65.46,65.35,65.27,65.19,65.11,65.03,64.96,64.93,64.88,64.83,64.76,64.75,64.73,64.68,64.62,64.61,64.61,64.61,64.61,64.61,64.61,64.61,64.58,64.52,64.52,64.52,64.52,64.52,64.52,64.52,64.52,64.52,64.52,64.52,64.49,64.45,64.41,64.38,64.33,64.31,64.29,64.22,64.22,64.16,64.11,64.10,64.03,63.95,63.87,63.80,63.72,63.64,63.56,63.51,63.51,63.51,63.48,63.44,63.42,63.41,63.37,63.34,63.32,63.31,63.27,63.23,63.22,63.22,63.21,63.18,63.14,63.11,63.11,63.11,63.08,63.04,63.02,63.01,63.01,62.99,62.95,62.92,62.91,62.89,62.85,62.81,62.74,62.66,62.58,62.49,62.34,62.25,62.16,62.06,62.02,61.98,62.02,62.12,62.23,62.28,62.31,62.33,62.35,62.42,62.46,62.52,62.59,62.63,62.70,62.78,62.88,62.98,63.06,63.14,63.21,63.29,63.37,63.48,63.58,63.65,63.69,63.72,63.76,63.80,63.84,63.88,63.92,63.93,63.89,63.78,63.69,63.62,63.57,63.55,63.55,63.61,63.64,63.64,63.64,63.64,63.67,63.72,63.74,63.75,63.75,63.77,63.81,63.84,63.84,63.84,63.86,63.94,64.02,64.05,64.08,64.16,64.23,64.25,64.28,64.37,64.44,64.52,64.55,64.57,64.65,64.72,64.81,64.86,64.90
90.60,90.60,90.59,90.56,90.51,90.51,90.50,90.50,90.50,90.49,90.41,90.40,90.36,90.31,90.30,90.23,90.20,90.20,90.19,90.19,90.14,90.10,90.10,90.10,90.10,90.09,90.09,90.09,90.09,90.04,90.00,90.00,89.86,86.34,78.64,70.38,69.78,69.63,69.50,69.37,69.28,69.14,69.04,68.93,68.81,68.79,68.79,68.84,68.89,68.89,68.89,68.84,68.76,68.69,68.69,68.69,68.73,68.81,68.87,68.82,68.74,68.66,68.59,68.58,68.58,68.55,68.46,68.31,68.16,68.00,67.85,67.69,67.54,67.38,67.23,67.07,66.92,66.77,66.61,66.46,66.31,66.16,66.00,65.87,65.78,65.64,65.48,65.36,65.28,65.20,65.13,65.05,64.98,64.89,64.82,64.80,64.77,64.70,64.68,64.63,64.56,64.50,64.49,64.49,64.49,64.49,64.49,64.49,64.49,64.46,64.39,64.39,64.39,64.39,64.39,64.39,64.39,64.39,64.39,64.39,64.38,64.32,64.28,64.27,64.21,64.19,64.18,64.16,64.09,64.08,64.03,63.98,63.96,63.90,63.82,63.74,63.66,63.58,63.51,63.44,63.40,63.39,63.39,63.39,63.35,63.30,63.29,63.28,63.25,63.20,63.19,63.18,63.14,63.10,63.09,63.09,63.09,63.05,63.00,62.99,62.99,62.99,62.96,62.90,62.89,62.89,62.89,62.87,62.80,62.79,62.79,62.76,62.69,62.61,62.53,62.46,62.36,62.22,62.13,62.01,61.89,61.87,61.81,61.84,61.91,61.97,61.98,62.04,62.07,62.09,62.17,62.24,62.32,62.37,62.40,62.47,62.54,62.65,62.78,62.86,62.93,63.01,63.09,63.17,63.25,63.32,63.37,63.39,63.45,63.48,63.51,63.57,63.59,63.64,63.67,63.65,63.57,63.50,63.38,63.26,63.19,63.18,63.22,63.26,63.27,63.27,63.27,63.27,63.30,63.36,63.37,63.37,63.37,63.39,63.45,63.47,63.47,63.48,63.56,63.64,63.66,63.70,63.78,63.85,63.87,63.91,63.98,64.06,64.13,64.16,64.19,64.27,64.34,64.43,64.50,64.57
90.66,90.61,90.60,90.59,90.57,90.56,90.52,90.50,90.50,90.49,90.41,90.40,90.36,90.30,90.30,90.23,90.20,90.18,90.14,90.13,90.11,90.10,90.10,90.10,90.10,90.07,90.03,90.03,90.03,90.01,90.00,90.00,89.64,80.67,73.01,69.86,69.71,69.58,69.47,69.36,69.23,69.13,69.00,68.89,68.78,68.68,68.66,68.71,68.76,68.76,68.76,68.71,68.63,68.56,68.56,68.56,68.60,68.68,68.74,68.69,68.61,68.53,68.46,68.41,68.39,68.38,68.33,68.18,68.03,67.87,67.72,67.56,67.41,67.26,67.10,66.95,66.79,66.64,66.48,66.34,66.23,66.09,65.93,65.80,65.72,65.57,65.42,65.30,65.22,65.14,65.06,64.98,64.91,64.83,64.75,64.73,64.70,64.63,64.57,64.54,64.49,64.42,64.37,64.36,64.36,64.36,64.36,64.36,64.36,64.33,64.27,64.26,64.26,64.26,64.26,64.26,64.26,64.26,64.26,64.25,64.20,64.17,64.13,64.09,64.06,64.06,64.03,63.98,63.95,63.91,63.87,63.84,63.79,63.76,63.70,63.59,63.47,63.40,63.37,63.34,63.31,63.27,63.26,63.26,63.25,63.22,63.17,63.16,63.15,63.11,63.07,63.06,63.05,63.01,62.97,62.96,62.96,62.95,62.92,62.87,62.86,62.86,62.85,62.82,62.77,62.76,62.76,62.75,62.67,62.66,62.66,62.64,62.56,62.48,62.41,62.33,62.24,62.09,62.00,61.88,61.75,61.69,61.67,61.68,61.70,61.72,61.73,61.78,61.82,61.84,61.92,61.99,62.07,62.14,62.20,62.27,62.34,62.43,62.53,62.61,62.69,62.77,62.84,62.92,63.00,63.04,63.07,63.12,63.14,63.19,63.23,63.26,63.31,63.35,63.39,63.40,63.33,63.24,63.16,63.04,62.92,62.86,62.83,62.84,62.88,62.88,62.88,62.88,62.91,62.97,62.98,62.98,62.98,63.00,63.07,63.09,63.09,63.11,63.19,63.26,63.28,63.31,63.39,63.47,63.48,63.53,63.60,63.67,63.75,63.78,63.81,63.89,63.97,64.05,64.12,64.19
90.69,90.64,90.63,90.62,90.60,90.59,90.52,90.50,90.49,90.46,90.41,90.40,90.36,90.30,90.30,90.23,90.20,90.17,90.11,90.10,90.10,90.09,90.06,90.06,90.06,90.04,90.00,90.00,90.00,90.00,90.00,89.19,84.77,75.42,70.07,69.75,69.67,69.53,69.42,69.32,69.17,69.08,68.95,68.83,68.74,68.62,68.55,68.58,68.63,68.63,68.63,68.60,68.53,68.47,68.47,68.45,68.47,68.55,68.62,68.56,68.49,68.41,68.33,68.25,68.23,68.23,68.20,68.06,67.90,67.75,67.59,67.44,67.28,67.13,66.97,66.82,66.67,66.53,66.39,66.25,66.14,66.02,65.87,65.73,65.63,65.50,65.36,65.23,65.16,65.08,65.00,64.92,64.84,64.77,64.69,64.67,64.63,64.56,64.48,64.45,64.41,64.35,64.28,64.27,64.25,64.23,64.23,64.23,64.23,64.20,64.14,64.13,64.13,64.13,64.13,64.13,64.13,64.13,64.13,64.09,64.05,64.01,63.97,63.94,63.93,63.91,63.87,63.83,63.80,63.75,63.72,63.68,63.63,63.60,63.54,63.43,63.32,63.27,63.25,63.23,63.22,63.17,63.14,63.13,63.13,63.13,63.08,63.05,63.03,63.02,62.97,62.94,62.94,62.91,62.87,62.84,62.83,62.83,62.82,62.77,62.75,62.73,62.73,62.73,62.68,62.65,62.63,62.63,62.58,62.55,62.53,62.51,62.44,62.36,62.28,62.20,62.11,61.97,61.87,61.75,61.62,61.55,61.53,61.53,61.52,61.50,61.50,61.54,61.58,61.61,61.67,61.73,61.81,61.89,61.97,62.05,62.13,62.20,62.28,62.36,62.44,62.51,62.59,62.66,62.72,62.75,62.79,62.84,62.87,62.91,62.95,62.98,63.03,63.06,63.10,63.12,63.07,63.02,62.93,62.82,62.70,62.61,62.52,62.48,62.51,62.51,62.51,62.51,62.52,62.57,62.60,62.60,62.60,62.62,62.66,62.67,62.69,62.73,62.80,62.86,62.89,62.94,63.02,63.08,63.10,63.14,63.22,63.30,63.38,63.42,63.46,63.54,63.62,63.68,63.73,63.81
90.70,90.69,90.69,90.65,90.60,90.59,90.52,90.50,90.47,90.41,90.40,90.40,90.36,90.30,90.30,90.23,90.20,90.17,90.11,90.10,90.10,90.07,90.01,90.01,90.01,90.00,90.00,90.00,90.00,90.00,89.69,86.94,76.15,71.27,69.80,69.69,69.60,69.47,69.36,69.25,69.11,69.02,68.89,68.77,68.69,68.61,68.47,68.45,68.50,68.51,68.51,68.51,68.47,68.41,68.40,68.34,68.35,68.43,68.48,68.44,68.36,68.28,68.21,68.13,68.11,68.10,68.08,67.93,67.78,67.62,67.47,67.31,67.16,67.00,66.85,66.70,66.55,66.44,66.32,66.17,66.03,65.93,65.81,65.66,65.51,65.42,65.29,65.17,65.09,65.02,64.94,64.86,64.78,64.70,64.63,64.61,64.58,64.49,64.42,64.35,64.31,64.28,64.22,64.20,64.16,64.12,64.12,64.11,64.11,64.08,64.01,64.01,64.01,64.01,64.01,64.01,64.01,64.00,63.98,63.92,63.91,63.85,63.82,63.81,63.80,63.74,63.71,63.68,63.62,63.60,63.55,63.51,63.49,63.43,63.35,63.27,63.21,63.19,63.14,63.11,63.11,63.09,63.03,63.01,63.01,63.01,63.00,62.94,62.91,62.91,62.89,62.83,62.81,62.81,62.79,62.73,62.71,62.71,62.71,62.69,62.64,62.61,62.61,62.61,62.60,62.55,62.51,62.51,62.50,62.44,62.41,62.39,62.31,62.23,62.15,62.08,61.98,61.84,61.75,61.64,61.51,61.44,61.43,61.43,61.41,61.35,61.35,61.35,61.38,61.43,61.44,61.50,61.56,61.64,61.72,61.80,61.87,61.95,62.02,62.10,62.18,62.26,62.33,62.40,62.42,62.46,62.52,62.54,62.59,62.62,62.66,62.71,62.73,62.78,62.81,62.82,62.81,62.81,62.71,62.59,62.50,62.42,62.29,62.19,62.14,62.13,62.13,62.13,62.13,62.14,62.21,62.23,62.23,62.23,62.23,62.23,62.27,62.34,62.42,62.43,62.48,62.55,62.64,62.70,62.73,62.77,62.84,62.91,63.00,63.07,63.14,63.21,63.29,63.32,63.36,63.44
90.70,90.70,90.70,90.66,90.60,90.59,90.52,90.50,90.47,90.41,90.40,90.40,90.36,90.30,90.30,90.23,90.20,90.17,90.11,90.10,90.06,90.03,90.00,90.00,90.00,90.00,90.00,90.00,90.00,90.00,86.91,79.33,72.30,70.12,69.70,69.63,69.54,69.44,69.32,69.21,69.09,68.97,68.86,68.74,68.63,68.55,68.41,68.33,68.33,68.37,68.38,68.38,68.35,68.28,68.28,68.26,68.26,68.29,68.31,68.29,68.23,68.16,68.08,68.00,67.98,67.96,67.90,67.80,67.65,67.49,67.34,67.18,67.03,66.88,66.74,66.62,66.47,66.34,66.22,66.11,65.96,65.83,65.72,65.59,65.44,65.31,65.20,65.11,65.03,64.95,64.88,64.80,64.72,64.64,64.56,64.54,64.51,64.44,64.36,64.28,64.24,64.22,64.15,64.14,64.09,64.04,64.03,63.99,63.98,63.95,63.88,63.88,63.88,63.88,63.88,63.88,63.88,63.85,63.81,63.77,63.73,63.70,63.68,63.67,63.63,63.59,63.55,63.51,63.48,63.44,63.40,63.36,63.32,63.29,63.22,63.14,63.08,63.08,63.05,63.01,62.98,62.97,62.95,62.90,62.88,62.88,62.88,62.85,62.81,62.78,62.78,62.75,62.71,62.68,62.67,62.64,62.60,62.58,62.58,62.58,62.55,62.51,62.48,62.48,62.48,62.46,62.42,62.38,62.38,62.31,62.28,62.26,62.18,62.10,62.03,61.95,61.86,61.72,61.66,61.60,61.55,61.53,61.52,61.52,61.51,61.48,61.48,61.48,61.45,61.39,61.35,61.33,61.34,61.38,61.46,61.54,61.61,61.70,61.77,61.85,61.92,62.01,62.07,62.10,62.14,62.18,62.22,62.26,62.29,62.34,62.38,62.41,62.45,62.49,62.50,62.52,62.56,62.56,62.49,62.39,62.31,62.19,62.07,61.98,61.90,61.81,61.76,61.75,61.75,61.75,61.83,61.84,61.84,61.84,61.84,61.84,61.89,61.97,62.03,62.05,62.09,62.17,62.25,62.33,62.34,62.39,62.46,62.54,62.61,62.70,62.77,62.84,62.92,62.98,63.04,63.11
90.70,90.70,90.69,90.64,90.60,90.59,90.52,90.50,90.47,90.41,90.40,90.40,90.36,90.30,90.30,90.23,90.19,90.16,90.10,90.08,90.03,90.00,90.00,90.00,90.00,89.99,89.98,89.91,89.32,87.39,81.75,72.89,70.30,69.74,69.63,69.56,69.48,69.41,69.28,69.15,69.06,68.93,68.83,68.72,68.59,68.49,68.36,68.24,68.19,68.25,68.25,68.25,68.22,68.16,68.16,68.16,68.16,68.16,68.16,68.16,68.11,68.03,67.95,67.88,67.85,67.82,67.74,67.66,67.52,67.37,67.21,67.06,66.92,66.77,66.64,66.54,66.41,66.26,66.13,66.03,65.89,65.73,65.62,65.51,65.37,65.22,65.12,65.05,64.97,64.89,64.81,64.73,64.66,64.58,64.50,64.47,64.44,64.37,64.30,64.22,64.17,64.14,64.09,64.06,64.02,63.97,63.95,63.89,63.86,63.83,63.78,63.76,63.76,63.76,63.76,63.75,63.74,63.69,63.65,63.63,63.57,63.56,63.55,63.52,63.47,63.44,63.40,63.35,63.33,63.27,63.24,63.21,63.15,63.13,63.08,63.01,62.95,62.95,62.95,62.91,62.87,62.86,62.85,62.81,62.77,62.76,62.76,62.76,62.72,62.67,62.66,62.66,62.61,62.57,62.56,62.55,62.51,62.47,62.45,62.45,62.45,62.41,62.37,62.36,62.35,62.35,62.32,62.27,62.25,62.20,62.17,62.13,62.05,61.98,61.90,61.82,61.74,61.65,61.65,61.68,61.69,61.69,61.69,61.69,61.69,61.69,61.69,61.68,61.60,61.47,61.38,61.30,61.25,61.23,61.26,61.30,61.36,61.44,61.52,61.59,61.67,61.74,61.79,61.81,61.86,61.90,61.93,61.98,62.00,62.05,62.09,62.12,62.18,62.20,62.21,62.23,62.28,62.30,62.27,62.20,62.09,61.96,61.87,61.78,61.68,61.55,61.46,61.41,61.38,61.37,61.42,61.45,61.47,61.47,61.47,61.47,61.50,61.58,61.66,61.66,61.72,61.80,61.87,61.95,61.98,62.02,62.10,62.16,62.23,62.31,62.39,62.47,62.55,62.62,62.70,62.78
90.70,90.69,90.64,90.61,90.60,90.59,90.52,90.50,90.47,90.41,90.40,90.40,90.36,90.30,90.29,90.23,90.16,90.11,90.09,90.03,90.01,90.00,89.99,89.98,89.97,89.92,89.88,89.60,87.31,80.17,73.38,70.55,69.84,69.66,69.58,69.49,69.42,69.34,69.22,69.08,69.01,68.92,68.79,68.67,68.57,68.44,68.34,68.22,68.12,68.13,68.13,68.13,68.10,68.03,68.03,68.03,68.03,68.03,68.03,68.03,67.98,67.90,67.83,67.75,67.73,67.69,67.62,67.53,67.39,67.24,67.09,66.94,66.84,66.71,66.56,66.42,66.33,66.19,66.04,65.91,65.81,65.67,65.52,65.40,65.30,65.16,65.05,64.98,64.91,64.83,64.74,64.67,64.59,64.52,64.44,64.42,64.38,64.30,64.23,64.16,64.08,64.03,64.01,63.96,63.92,63.89,63.83,63.82,63.77,63.72,63.70,63.64,63.63,63.63,63.63,63.62,63.56,63.54,63.50,63.45,63.43,63.43,63.40,63.34,63.33,63.27,63.24,63.21,63.15,63.13,63.08,63.04,63.02,62.96,62.94,62.89,62.83,62.83,62.83,62.82,62.79,62.73,62.73,62.72,62.68,62.63,62.63,62.63,62.62,62.59,62.54,62.53,62.52,62.48,62.44,62.43,62.42,62.38,62.33,62.33,62.33,62.32,62.29,62.23,62.23,62.23,62.22,62.20,62.14,62.12,62.07,62.01,61.93,61.85,61.77,61.70,61.64,61.68,61.80,61.89,61.94,61.95,61.95,61.95,61.95,61.95,61.95,61.90,61.82,61.72,61.58,61.49,61.38,61.25,61.14,61.08,61.11,61.19,61.27,61.34,61.42,61.46,61.48,61.55,61.57,61.61,61.66,61.67,61.74,61.76,61.80,61.85,61.87,61.93,61.95,61.96,61.98,62.04,62.05,61.98,61.85,61.76,61.68,61.57,61.44,61.35,61.27,61.16,61.05,60.99,61.00,61.05,61.09,61.09,61.09,61.09,61.13,61.20,61.28,61.28,61.33,61.41,61.49,61.56,61.63,61.71,61.77,61.79,61.86,61.94,62.01,62.08,62.16,62.24,62.31,62.41
90.70,90.69,90.63,90.60,90.59,90.55,90.51,90.47,90.44,90.40,90.40,90.37,90.33,90.29,90.25,90.21,90.15,90.10,90.09,90.02,90.00,89.84,89.47,89.03,88.79,88.19,87.28,85.68,80.29,74.42,70.60,69.85,69.67,69.58,69.51,69.44,69.36,69.28,69.16,69.02,68.94,68.87,68.73,68.61,68.52,68.38,68.28,68.16,68.04,68.00,68.00,68.00,67.97,67.91,67.90,67.90,67.90,67.90,67.90,67.90,67.85,67.78,67.70,67.62,67.60,67.56,67.49,67.41,67.27,67.13,67.01,66.86,66.74,66.62,66.49,66.34,66.22,66.11,65.98,65.83,65.71,65.59,65.46,65.31,65.20,65.08,64.99,64.92,64.84,64.77,64.69,64.61,64.53,64.45,64.38,64.35,64.32,64.24,64.17,64.09,64.02,63.95,63.94,63.88,63.85,63.82,63.75,63.71,63.67,63.65,63.64,63.61,63.56,63.55,63.55,63.54,63.47,63.45,63.42,63.36,63.35,63.35,63.31,63.25,63.25,63.22,63.18,63.14,63.10,63.10,63.04,63.00,62.99,62.95,62.92,62.88,62.84,62.81,62.80,62.77,62.73,62.70,62.70,62.67,62.63,62.59,62.56,62.59,62.58,62.54,62.50,62.46,62.42,62.38,62.35,62.35,62.32,62.28,62.24,62.20,62.20,62.20,62.19,62.15,62.11,62.10,62.10,62.09,62.02,62.00,61.95,61.88,61.80,61.76,61.75,61.75,61.76,61.84,61.95,62.04,62.11,62.14,62.15,62.15,62.15,62.15,62.15,62.12,62.06,61.97,61.82,61.70,61.58,61.45,61.30,61.19,61.15,61.13,61.10,61.10,61.13,61.17,61.21,61.25,61.29,61.32,61.36,61.40,61.44,61.48,61.52,61.56,61.59,61.63,61.65,61.66,61.70,61.74,61.78,61.75,61.65,61.56,61.46,61.34,61.23,61.15,61.05,60.93,60.83,60.75,60.67,60.68,60.70,60.70,60.70,60.70,60.75,60.83,60.89,60.91,60.95,61.04,61.11,61.19,61.27,61.34,61.41,61.45,61.52,61.60,61.68,61.75,61.83,61.88,61.96,62.08
90.70,90.68,90.63,90.59,90.57,90.51,90.50,90.45,90.40,90.40,90.39,90.33,90.30,90.28,90.21,90.20,90.15,90.10,90.08,90.00,89.84,89.41,88.64,87.73,87.18,86.01,84.02,80.65,73.24,70.27,69.78,69.68,69.60,69.52,69.44,69.37,69.30,69.22,69.09,68.97,68.88,68.80,68.67,68.55,68.46,68.32,68.23,68.11,67.98,67.90,67.88,67.88,67.85,67.80,67.79,67.78,67.78,67.78,67.78,67.78,67.72,67.65,67.57,67.49,67.47,67.44,67.36,67.28,67.15,67.04,66.93,66.79,66.64,66.53,66.42,66.27,66.12,66.02,65.90,65.76,65.61,65.50,65.38,65.24,65.09,64.99,64.93,64.86,64.77,64.69,64.62,64.55,64.47,64.39,64.31,64.28,64.25,64.18,64.11,64.02,63.96,63.90,63.88,63.83,63.80,63.78,63.71,63.64,63.62,63.62,63.61,63.60,63.55,63.52,63.51,63.50,63.44,63.41,63.39,63.32,63.31,63.31,63.28,63.22,63.21,63.20,63.16,63.12,63.11,63.10,63.05,63.02,63.01,63.00,62.95,62.91,62.89,62.83,62.81,62.77,62.71,62.71,62.70,62.65,62.62,62.60,62.56,62.61,62.61,62.55,62.53,62.48,62.40,62.36,62.36,62.34,62.29,62.25,62.23,62.17,62.15,62.15,62.14,62.12,62.05,62.03,62.03,62.00,61.96,61.95,61.91,61.85,61.80,61.78,61.81,61.88,61.95,62.02,62.11,62.18,62.26,62.33,62.34,62.35,62.36,62.36,62.36,62.36,62.31,62.21,62.07,61.92,61.80,61.70,61.55,61.40,61.30,61.19,61.06,60.98,60.95,60.96,61.00,61.00,61.04,61.05,61.08,61.14,61.14,61.20,61.24,61.26,61.32,61.33,61.34,61.37,61.42,61.44,61.49,61.51,61.44,61.36,61.23,61.12,61.04,60.95,60.82,60.71,60.63,60.53,60.40,60.36,60.35,60.34,60.34,60.34,60.37,60.45,60.52,60.53,60.59,60.66,60.73,60.80,60.89,60.97,61.04,61.11,61.19,61.27,61.34,61.42,61.50,61.53,61.61,61.76
90.69,90.64,90.60,90.56,90.52,90.50,90.50,90.44,90.40,90.39,90.34,90.31,90.30,90.28,90.21,90.20,90.15,90.08,90.02,89.94,89.17,88.22,87.30,86.22,85.36,83.98,81.09,75.68,71.29,69.86,69.69,69.61,69.53,69.46,69.38,69.30,69.23,69.16,69.06,68.96,68.83,68.74,68.61,68.48,68.41,68.31,68.18,68.07,67.96,67.83,67.77,67.75,67.74,67.72,67.72,67.67,67.65,67.65,67.65,67.65,67.60,67.52,67.44,67.37,67.35,67.31,67.24,67.16,67.06,66.95,66.82,66.72,66.58,66.43,66.31,66.20,66.05,65.91,65.80,65.69,65.54,65.40,65.29,65.17,65.02,64.88,64.83,64.79,64.72,64.63,64.55,64.48,64.41,64.33,64.25,64.22,64.19,64.11,64.04,63.97,63.91,63.89,63.83,63.81,63.80,63.80,63.77,63.70,63.67,63.67,63.66,63.61,63.59,63.58,63.56,63.51,63.48,63.48,63.45,63.38,63.38,63.38,63.34,63.28,63.27,63.23,63.19,63.17,63.17,63.12,63.09,63.08,63.06,63.01,62.98,62.98,62.95,62.89,62.88,62.83,62.77,62.77,62.71,62.69,62.67,62.68,62.73,62.80,62.82,62.79,62.73,62.71,62.65,62.61,62.59,62.54,62.51,62.47,62.42,62.40,62.35,62.33,62.31,62.25,62.17,62.15,62.13,62.09,62.12,62.13,62.15,62.18,62.16,62.10,62.05,62.06,62.14,62.22,62.29,62.37,62.45,62.52,62.53,62.57,62.61,62.61,62.61,62.61,62.54,62.41,62.31,62.17,62.03,61.90,61.80,61.65,61.55,61.44,61.30,61.22,61.11,61.03,60.99,60.93,60.88,60.83,60.82,60.89,60.89,60.91,60.94,60.99,61.02,61.02,61.05,61.10,61.13,61.18,61.21,61.21,61.18,61.11,61.02,60.93,60.84,60.71,60.60,60.52,60.43,60.30,60.19,60.13,60.07,60.02,60.02,60.02,60.03,60.06,60.14,60.20,60.27,60.33,60.35,60.42,60.50,60.58,60.66,60.73,60.81,60.89,60.97,61.05,61.13,61.19,61.29,61.44
90.65,90.61,90.60,90.56,90.50,90.50,90.47,90.43,90.39,90.35,90.31,90.30,90.30,90.28,90.21,90.20,90.15,90.07,90.00,89.95,89.08,88.02,86.93,85.49,84.03,82.46,79.21,72.68,70.31,69.73,69.63,69.55,69.48,69.39,69.32,69.24,69.17,69.08,68.99,68.88,68.76,68.68,68.57,68.45,68.34,68.27,68.13,68.02,67.92,67.80,67.69,67.64,67.62,67.62,67.62,67.58,67.54,67.52,67.52,67.52,67.47,67.40,67.32,67.24,67.22,67.19,67.11,67.03,66.95,66.85,66.73,66.62,66.50,66.36,66.22,66.11,65.98,65.84,65.70,65.59,65.47,65.32,65.19,65.08,64.95,64.80,64.76,64.73,64.65,64.57,64.49,64.42,64.34,64.27,64.19,64.16,64.13,64.06,64.01,63.94,63.90,63.89,63.85,63.84,63.84,63.83,63.79,63.75,63.74,63.74,63.72,63.66,63.64,63.64,63.62,63.55,63.54,63.54,63.51,63.45,63.44,63.41,63.38,63.34,63.33,63.27,63.24,63.24,63.23,63.16,63.14,63.14,63.13,63.06,63.04,63.02,62.99,62.95,62.94,62.89,62.84,62.83,62.76,62.74,62.76,62.80,62.87,62.95,63.00,63.01,62.97,62.96,62.91,62.86,62.84,62.77,62.76,62.72,62.66,62.65,62.58,62.54,62.50,62.45,62.38,62.36,62.34,62.32,62.42,62.47,62.51,62.53,62.53,62.49,62.42,62.37,62.37,62.41,62.46,62.52,62.60,62.67,62.71,62.77,62.82,62.82,62.82,62.82,62.76,62.64,62.53,62.41,62.27,62.13,62.02,61.89,61.78,61.67,61.54,61.41,61.28,61.20,61.14,61.06,60.98,60.89,60.83,60.84,60.81,60.78,60.77,60.77,60.75,60.74,60.77,60.81,60.84,60.89,60.92,60.94,60.93,60.89,60.82,60.72,60.61,60.49,60.41,60.33,60.24,60.13,60.07,60.00,59.94,59.90,59.90,59.90,59.90,59.91,59.96,60.01,60.05,60.08,60.09,60.13,60.18,60.23,60.28,60.36,60.44,60.51,60.58,60.67,60.77,60.86,60.97,61.13
90.61,90.60,90.59,90.55,90.50,90.48,90.43,90.40,90.37,90.31,90.30,90.30,90.30,90.27,90.21,90.20,90.15,90.07,90.01,89.99,89.39,88.51,87.36,85.54,83.42,81.56,78.14,71.11,69.87,69.69,69.57,69.49,69.41,69.33,69.25,69.18,69.10,69.02,68.90,68.77,68.69,68.61,68.53,68.42,68.29,68.20,68.07,67.96,67.88,67.78,67.64,67.55,67.50,67.49,67.49,67.49,67.45,67.40,67.40,67.40,67.34,67.27,67.19,67.11,67.09,67.06,66.98,66.91,66.83,66.75,66.65,66.50,66.41,66.29,66.14,66.00,65.91,65.77,65.62,65.49,65.39,65.25,65.11,64.97,64.88,64.73,64.69,64.67,64.58,64.50,64.43,64.36,64.27,64.20,64.13,64.10,64.07,64.01,64.00,63.95,63.91,63.91,63.91,63.91,63.90,63.87,63.82,63.80,63.80,63.80,63.78,63.72,63.70,63.70,63.69,63.62,63.61,63.61,63.58,63.51,63.51,63.45,63.41,63.41,63.40,63.33,63.30,63.30,63.30,63.22,63.20,63.20,63.19,63.12,63.11,63.06,63.01,63.01,63.01,62.95,62.91,62.89,62.82,62.81,62.85,62.92,63.00,63.08,63.16,63.21,63.21,63.21,63.16,63.12,63.10,63.03,63.02,62.97,62.91,62.90,62.84,62.77,62.72,62.70,62.63,62.62,62.62,62.66,62.80,62.88,62.91,62.92,62.93,62.92,62.87,62.76,62.65,62.63,62.63,62.66,62.73,62.81,62.89,62.96,63.01,63.01,63.01,63.01,62.97,62.88,62.74,62.65,62.52,62.37,62.23,62.14,62.01,61.88,61.76,61.57,61.46,61.42,61.39,61.32,61.24,61.11,61.00,60.93,60.85,60.78,60.71,60.64,60.58,60.56,60.55,60.57,60.62,60.62,60.66,60.69,60.69,60.68,60.62,60.51,60.38,60.30,60.24,60.16,60.09,60.02,60.01,59.95,59.91,59.90,59.90,59.90,59.90,59.89,59.89,59.90,59.91,59.91,59.91,59.91,59.92,59.93,59.95,60.02,60.09,60.16,60.23,60.31,60.45,60.54,60.65,60.81
90.60,90.59,90.56,90.52,90.49,90.44,90.41,90.40,90.37,90.31,90.30,90.30,90.27,90.23,90.20,90.20,90.15,90.09,90.06,90.01,89.78,89.47,88.85,87.27,84.94,82.34,78.11,70.94,69.82,69.69,69.55,69.43,69.34,69.27,69.19,69.11,69.03,68.91,68.80,68.70,68.63,68.55,68.48,68.36,68.23,68.14,68.05,67.92,67.81,67.72,67.58,67.48,67.41,67.37,67.37,67.37,67.35,67.32,67.28,67.27,67.22,67.14,67.06,66.99,66.97,66.93,66.86,66.78,66.70,66.62,66.53,66.38,66.29,66.20,66.08,65.92,65.79,65.69,65.55,65.41,65.28,65.17,65.04,64.89,64.77,64.66,64.64,64.60,64.52,64.44,64.36,64.29,64.22,64.14,64.11,64.06,64.02,64.00,64.00,63.98,63.96,63.96,63.96,63.96,63.94,63.89,63.87,63.87,63.87,63.84,63.80,63.77,63.77,63.77,63.75,63.67,63.66,63.66,63.64,63.57,63.56,63.50,63.46,63.46,63.46,63.39,63.37,63.37,63.36,63.28,63.27,63.27,63.25,63.18,63.16,63.13,63.06,63.06,63.06,63.02,62.96,62.95,62.89,62.91,62.97,63.05,63.13,63.25,63.34,63.41,63.46,63.46,63.41,63.37,63.35,63.28,63.27,63.23,63.15,63.10,63.08,63.02,62.96,62.95,62.89,62.87,62.92,63.03,63.18,63.27,63.30,63.32,63.36,63.37,63.27,63.16,63.05,62.95,62.89,62.88,62.92,63.00,63.07,63.15,63.20,63.20,63.20,63.20,63.19,63.13,62.99,62.90,62.78,62.62,62.47,62.39,62.26,62.09,61.92,61.79,61.70,61.66,61.65,61.56,61.45,61.34,61.24,61.16,61.08,61.01,60.93,60.86,60.78,60.72,60.67,60.63,60.59,60.55,60.52,60.48,60.44,60.43,60.37,60.28,60.20,60.17,60.14,60.08,60.03,60.00,60.00,59.94,59.90,59.90,59.90,59.90,59.87,59.84,59.84,59.84,59.84,59.84,59.84,59.84,59.84,59.86,59.91,59.93,59.96,59.98,60.01,60.05,60.14,60.22,60.34,60.49
90.59,90.57,90.52,90.50,90.48,90.41,90.40,90.39,90.35,90.30,90.28,90.27,90.24,90.20,90.20,90.20,90.16,90.12,90.09,90.05,90.01,90.00,89.80,88.78,86.69,83.59,78.54,71.00,69.82,69.69,69.55,69.42,69.32,69.22,69.13,69.05,68.94,68.82,68.72,68.64,68.56,68.49,68.42,68.30,68.16,68.08,68.00,67.88,67.75,67.67,67.54,67.43,67.34,67.27,67.25,67.24,67.24,67.23,67.18,67.17,67.13,67.04,66.94,66.86,66.84,66.81,66.73,66.65,66.57,66.50,66.41,66.28,66.17,66.09,65.98,65.83,65.70,65.59,65.48,65.34,65.19,65.08,64.96,64.82,64.67,64.59,64.57,64.53,64.46,64.38,64.30,64.24,64.18,64.11,64.10,64.06,64.03,64.03,64.03,64.03,64.02,64.00,64.00,64.00,63.96,63.93,63.93,63.93,63.91,63.88,63.83,63.83,63.83,63.82,63.79,63.74,63.73,63.71,63.68,63.64,63.63,63.57,63.53,63.53,63.52,63.46,63.43,63.43,63.42,63.35,63.33,63.32,63.29,63.24,63.23,63.19,63.13,63.13,63.11,63.06,63.03,63.02,63.00,63.05,63.13,63.20,63.28,63.40,63.51,63.58,63.65,63.69,63.65,63.61,63.58,63.53,63.50,63.46,63.40,63.33,63.32,63.27,63.21,63.18,63.13,63.16,63.25,63.40,63.53,63.64,63.69,63.73,63.77,63.77,63.69,63.57,63.46,63.33,63.23,63.17,63.16,63.20,63.26,63.32,63.38,63.41,63.42,63.42,63.42,63.39,63.24,63.13,63.01,62.88,62.73,62.62,62.48,62.30,62.09,62.00,61.94,61.91,61.87,61.79,61.67,61.57,61.49,61.41,61.34,61.26,61.19,61.11,61.03,60.95,60.88,60.80,60.72,60.64,60.55,60.46,60.39,60.39,60.31,60.20,60.10,60.10,60.10,60.05,60.00,60.00,59.97,59.93,59.90,59.90,59.88,59.87,59.84,59.80,59.80,59.78,59.77,59.77,59.77,59.80,59.80,59.83,59.86,59.84,59.84,59.84,59.85,59.88,59.93,60.00,60.09,60.20
90.58,90.52,90.50,90.50,90.47,90.41,90.39,90.35,90.31,90.29,90.22,90.21,90.20,90.20,90.20,90.20,90.19,90.16,90.10,90.09,90.04,90.00,89.97,89.72,88.23,84.98,79.26,71.09,69.82,69.69,69.57,69.47,69.33,69.18,69.07,68.98,68.84,68.74,68.66,68.58,68.50,68.42,68.35,68.24,68.10,68.02,67.94,67.82,67.69,67.61,67.52,67.40,67.27,67.20,67.13,67.11,67.11,67.11,67.10,67.10,67.05,66.95,66.82,66.74,66.71,66.68,66.60,66.53,66.45,66.37,66.29,66.20,66.06,65.96,65.85,65.71,65.62,65.49,65.37,65.27,65.12,64.97,64.86,64.76,64.61,64.52,64.50,64.48,64.39,64.31,64.24,64.21,64.18,64.11,64.11,64.10,64.09,64.09,64.09,64.09,64.06,64.00,64.00,64.00,64.00,64.00,64.00,63.99,63.94,63.90,63.90,63.90,63.89,63.85,63.80,63.80,63.80,63.75,63.70,63.70,63.69,63.64,63.59,63.59,63.59,63.52,63.49,63.49,63.48,63.41,63.40,63.37,63.31,63.30,63.30,63.25,63.20,63.19,63.13,63.10,63.09,63.11,63.16,63.23,63.31,63.39,63.47,63.55,63.63,63.71,63.79,63.86,63.88,63.84,63.79,63.78,63.72,63.68,63.66,63.58,63.58,63.52,63.45,63.39,63.38,63.48,63.63,63.77,63.87,64.00,64.10,64.15,64.16,64.16,64.10,63.99,63.86,63.77,63.64,63.53,63.46,63.41,63.46,63.49,63.54,63.65,63.67,63.67,63.67,63.64,63.49,63.34,63.23,63.13,62.98,62.83,62.67,62.48,62.28,62.20,62.17,62.13,62.07,61.99,61.91,61.83,61.74,61.67,61.59,61.52,61.44,61.36,61.28,61.20,61.12,61.05,60.97,60.89,60.77,60.65,60.59,60.58,60.47,60.28,60.12,60.10,60.10,60.05,60.00,59.99,59.93,59.91,59.90,59.88,59.83,59.81,59.80,59.79,59.79,59.73,59.70,59.71,59.72,59.78,59.79,59.80,59.79,59.73,59.72,59.72,59.74,59.80,59.81,59.87,59.92,59.94
90.58,90.52,90.50,90.47,90.44,90.40,90.36,90.32,90.30,90.28,90.22,90.20,90.18,90.14,90.14,90.14,90.14,90.13,90.09,90.05,90.02,90.00,90.00,89.90,88.63,85.26,79.28,71.09,69.82,69.69,69.57,69.47,69.33,69.17,69.06,68.97,68.81,68.69,68.59,68.52,68.44,68.36,68.28,68.19,68.08,67.96,67.88,67.76,67.63,67.55,67.47,67.34,67.22,67.13,67.06,67.01,66.98,66.98,66.98,66.98,66.94,66.85,66.75,66.67,66.61,66.55,66.47,66.40,66.32,66.24,66.17,66.08,65.94,65.83,65.73,65.59,65.50,65.40,65.30,65.21,65.05,64.90,64.80,64.70,64.55,64.47,64.44,64.41,64.33,64.26,64.21,64.20,64.19,64.16,64.16,64.16,64.16,64.15,64.11,64.10,64.08,64.06,64.06,64.06,64.06,64.06,64.05,64.01,63.98,63.95,63.95,63.95,63.92,63.88,63.86,63.86,63.86,63.81,63.76,63.76,63.76,63.70,63.66,63.65,63.60,63.57,63.55,63.54,63.50,63.46,63.45,63.42,63.36,63.36,63.36,63.31,63.26,63.25,63.19,63.16,63.17,63.23,63.30,63.37,63.45,63.53,63.60,63.68,63.76,63.85,63.97,64.05,64.10,64.09,64.03,64.02,63.97,63.93,63.91,63.84,63.83,63.77,63.70,63.65,63.72,63.83,63.96,64.10,64.23,64.38,64.48,64.55,64.55,64.55,64.52,64.43,64.30,64.21,64.07,63.96,63.87,63.75,63.69,63.67,63.71,63.81,63.86,63.87,63.87,63.85,63.74,63.59,63.46,63.34,63.22,63.03,62.83,62.64,62.48,62.43,62.39,62.35,62.31,62.23,62.16,62.08,62.00,61.92,61.84,61.77,61.69,61.61,61.49,61.40,61.32,61.25,61.17,61.09,60.99,60.91,60.88,60.83,60.74,60.52,60.25,60.12,60.06,60.02,60.00,59.99,59.92,59.90,59.88,59.84,59.81,59.80,59.77,59.74,59.73,59.66,59.64,59.66,59.71,59.74,59.74,59.74,59.72,59.66,59.64,59.64,59.66,59.69,59.73,59.77,59.78,59.80
90.57,90.51,90.49,90.44,90.40,90.39,90.32,90.30,90.29,90.27,90.21,90.19,90.15,90.10,90.10,90.09,90.08,90.08,90.07,90.02,90.00,90.00,90.00,89.87,88.13,84.32,78.34,70.97,69.82,69.69,69.56,69.46,69.33,69.17,69.06,68.97,68.81,68.67,68.56,68.47,68.38,68.30,68.23,68.14,68.04,67.90,67.81,67.70,67.58,67.48,67.41,67.28,67.15,67.08,66.99,66.92,66.87,66.86,66.86,66.86,66.82,66.75,66.67,66.60,66.51,66.43,66.35,66.27,66.19,66.12,66.04,65.96,65.83,65.72,65.61,65.48,65.38,65.30,65.22,65.13,64.97,64.83,64.73,64.62,64.48,64.42,64.39,64.35,64.29,64.23,64.22,64.22,64.22,64.22,64.22,64.21,64.20,64.19,64.14,64.12,64.12,64.12,64.12,64.10,64.10,64.10,64.09,64.04,64.02,64.02,64.02,64.02,63.95,63.92,63.92,63.92,63.91,63.86,63.82,63.82,63.80,63.75,63.72,63.70,63.63,63.62,63.62,63.59,63.53,63.52,63.52,63.48,63.42,63.42,63.41,63.37,63.32,63.31,63.25,63.23,63.27,63.35,63.44,63.52,63.60,63.67,63.75,63.83,63.91,64.00,64.13,64.22,64.29,64.32,64.28,64.28,64.22,64.18,64.16,64.09,64.06,64.02,63.96,63.93,64.06,64.17,64.29,64.45,64.60,64.75,64.86,64.92,64.92,64.94,64.93,64.87,64.73,64.63,64.50,64.39,64.29,64.15,64.00,63.93,63.93,63.97,64.04,64.07,64.08,64.06,63.97,63.84,63.69,63.55,63.43,63.21,62.99,62.80,62.69,62.66,62.61,62.58,62.56,62.48,62.41,62.33,62.25,62.16,62.08,62.00,61.92,61.83,61.70,61.62,61.53,61.46,61.38,61.30,61.24,61.19,61.17,61.09,61.02,60.79,60.44,60.19,60.05,60.00,60.00,59.99,59.92,59.89,59.85,59.80,59.78,59.78,59.74,59.70,59.68,59.62,59.60,59.63,59.67,59.68,59.68,59.67,59.65,59.59,59.58,59.58,59.58,59.59,59.66,59.68,59.68,59.69
90.52,90.50,90.44,90.41,90.40,90.39,90.32,90.30,90.28,90.22,90.20,90.15,90.11,90.10,90.09,90.04,90.02,90.02,90.01,90.00,90.00,90.00,90.00,89.74,86.29,81.31,75.72,70.64,69.82,69.69,69.55,69.41,69.31,69.17,69.06,68.97,68.82,68.72,68.59,68.45,68.32,68.23,68.16,68.05,67.92,67.83,67.75,67.67,67.56,67.42,67.34,67.21,67.08,67.01,66.93,66.86,66.78,66.73,66.73,66.73,66.72,66.69,66.61,66.53,66.41,66.30,66.22,66.14,66.07,65.99,65.91,65.83,65.74,65.62,65.50,65.40,65.26,65.17,65.09,65.00,64.85,64.75,64.63,64.51,64.43,64.40,64.35,64.31,64.30,64.29,64.28,64.28,64.28,64.28,64.28,64.24,64.20,64.20,64.19,64.19,64.19,64.19,64.18,64.13,64.10,64.10,64.10,64.09,64.08,64.08,64.08,64.08,64.02,63.98,63.98,63.98,63.92,63.89,63.88,63.87,63.81,63.79,63.78,63.77,63.70,63.69,63.69,63.66,63.59,63.59,63.59,63.55,63.49,63.48,63.43,63.39,63.38,63.38,63.31,63.33,63.39,63.48,63.62,63.71,63.79,63.87,63.94,64.02,64.10,64.18,64.27,64.34,64.42,64.49,64.53,64.53,64.47,64.44,64.41,64.34,64.27,64.24,64.23,64.25,64.38,64.53,64.68,64.83,64.98,65.08,65.20,65.31,65.31,65.36,65.34,65.26,65.17,65.03,64.93,64.81,64.68,64.58,64.44,64.34,64.26,64.18,64.23,64.30,64.34,64.31,64.17,64.07,63.95,63.77,63.56,63.34,63.15,63.02,62.93,62.87,62.84,62.84,62.81,62.74,62.66,62.58,62.48,62.35,62.27,62.19,62.11,62.03,61.95,61.87,61.79,61.71,61.64,61.56,61.53,61.49,61.42,61.35,61.27,61.07,60.74,60.38,60.10,60.00,60.00,59.99,59.92,59.85,59.81,59.79,59.73,59.72,59.71,59.68,59.63,59.60,59.60,59.60,59.62,59.62,59.62,59.58,59.53,59.52,59.52,59.52,59.52,59.52,59.59,59.62,59.62,59.62
90.50,90.50,90.43,90.40,90.39,90.35,90.31,90.28,90.24,90.19,90.16,90.12,90.10,90.09,90.06,90.02,90.00,89.80,89.23,88.75,88.01,87.44,86.95,85.41,81.29,76.72,72.73,70.21,69.77,69.65,69.50,69.39,69.27,69.16,69.04,68.93,68.81,68.69,68.58,68.45,68.31,68.22,68.11,67.98,67.84,67.77,67.69,67.61,67.51,67.36,67.27,67.17,67.05,66.95,66.86,66.79,66.72,66.64,66.61,66.60,66.60,66.59,66.54,66.44,66.32,66.22,66.13,66.03,65.94,65.86,65.78,65.71,65.63,65.53,65.41,65.28,65.14,65.05,64.97,64.87,64.73,64.64,64.55,64.47,64.41,64.40,64.37,64.34,64.34,64.34,64.34,64.32,64.30,64.30,64.30,64.27,64.25,64.25,64.25,64.25,64.23,64.20,64.20,64.16,64.14,64.14,64.14,64.14,64.12,64.10,64.10,64.10,64.06,64.05,64.05,64.04,63.98,63.95,63.95,63.94,63.86,63.84,63.84,63.83,63.76,63.74,63.74,63.72,63.66,63.65,63.65,63.61,63.55,63.54,63.48,63.45,63.45,63.45,63.45,63.49,63.57,63.65,63.77,63.85,63.93,64.01,64.08,64.16,64.24,64.32,64.39,64.47,64.55,64.64,64.74,64.78,64.72,64.67,64.63,64.59,64.52,64.48,64.51,64.60,64.75,64.90,65.04,65.16,65.31,65.44,65.57,65.69,65.73,65.77,65.75,65.68,65.57,65.45,65.34,65.22,65.10,64.99,64.87,64.76,64.64,64.53,64.49,64.49,64.51,64.51,64.40,64.29,64.15,63.97,63.74,63.51,63.33,63.21,63.14,63.09,63.09,63.09,63.06,62.95,62.87,62.79,62.70,62.59,62.50,62.43,62.35,62.27,62.20,62.12,62.05,61.97,61.89,61.85,61.81,61.75,61.68,61.61,61.52,61.35,61.05,60.67,60.31,60.10,59.99,59.95,59.91,59.84,59.80,59.79,59.72,59.70,59.68,59.64,59.60,59.56,59.55,59.55,59.55,59.55,59.55,59.52,59.45,59.45,59.42,59.41,59.42,59.45,59.49,59.51,59.51,59.51
90.50,90.49,90.43,90.40,90.38,90.31,90.30,90.25,90.20,90.19,90.12,90.10,90.09,90.07,90.01,90.00,89.80,89.17,87.95,86.91,85.36,84.13,83.03,80.20,76.02,72.42,70.22,69.84,69.72,69.58,69.45,69.36,69.22,69.13,69.01,68.88,68.79,68.65,68.54,68.44,68.30,68.21,68.08,67.93,67.79,67.72,67.63,67.55,67.45,67.30,67.22,67.13,67.03,66.90,66.81,66.73,66.65,66.58,66.50,66.49,66.49,66.48,66.46,66.33,66.23,66.15,66.05,65.92,65.83,65.74,65.66,65.58,65.50,65.43,65.32,65.16,65.02,64.92,64.84,64.75,64.63,64.56,64.53,64.50,64.44,64.43,64.42,64.42,64.41,64.41,64.40,64.36,64.31,64.31,64.31,64.31,64.30,64.30,64.30,64.30,64.27,64.22,64.22,64.22,64.21,64.20,64.19,64.19,64.15,64.11,64.11,64.11,64.11,64.11,64.11,64.09,64.03,64.01,64.01,64.00,63.93,63.91,63.91,63.89,63.82,63.81,63.80,63.78,63.72,63.71,63.70,63.67,63.61,63.61,63.54,63.51,63.51,63.53,63.60,63.67,63.74,63.83,63.90,63.98,64.06,64.14,64.22,64.30,64.38,64.45,64.53,64.61,64.69,64.79,64.92,65.00,64.97,64.90,64.84,64.83,64.77,64.75,64.82,64.97,65.13,65.27,65.39,65.50,65.65,65.80,65.95,66.08,66.15,66.16,66.17,66.11,65.97,65.88,65.74,65.63,65.53,65.39,65.30,65.17,65.05,64.96,64.82,64.72,64.70,64.72,64.65,64.50,64.33,64.15,63.92,63.69,63.52,63.40,63.34,63.34,63.34,63.34,63.30,63.16,63.07,62.99,62.92,62.83,62.76,62.69,62.61,62.53,62.45,62.38,62.30,62.23,62.16,62.14,62.08,62.01,61.94,61.86,61.79,61.64,61.36,60.98,60.59,60.27,60.03,59.92,59.90,59.85,59.81,59.79,59.73,59.70,59.66,59.60,59.58,59.52,59.50,59.49,59.49,59.49,59.48,59.44,59.39,59.37,59.32,59.29,59.31,59.37,59.38,59.38,59.38,59.41
90.49,90.44,90.41,90.40,90.38,90.31,90.30,90.25,90.20,90.19,90.12,90.10,90.07,90.02,90.00,90.00,88.90,87.24,85.72,84.50,82.88,81.35,79.82,77.13,73.76,71.25,69.93,69.74,69.65,69.52,69.39,69.30,69.16,69.06,68.95,68.81,68.72,68.59,68.48,68.39,68.29,68.16,68.06,67.93,67.79,67.71,67.58,67.48,67.39,67.23,67.15,67.08,66.99,66.88,66.76,66.67,66.58,66.51,66.44,66.42,66.39,66.35,66.34,66.25,66.17,66.07,65.94,65.84,65.76,65.65,65.53,65.46,65.38,65.30,65.19,65.05,64.94,64.82,64.71,64.66,64.67,64.66,64.65,64.64,64.62,64.56,64.55,64.52,64.48,64.47,64.43,64.39,64.38,64.38,64.38,64.38,64.35,64.31,64.30,64.30,64.29,64.28,64.28,64.28,64.28,64.25,64.21,64.20,64.19,64.17,64.17,64.17,64.17,64.17,64.16,64.10,64.08,64.08,64.08,64.06,63.99,63.98,63.98,63.96,63.89,63.88,63.84,63.80,63.78,63.77,63.73,63.69,63.67,63.67,63.61,63.58,63.59,63.64,63.72,63.80,63.88,63.95,64.03,64.11,64.19,64.27,64.40,64.49,64.57,64.64,64.72,64.80,64.88,64.96,65.06,65.13,65.18,65.16,65.09,65.09,65.02,65.07,65.19,65.35,65.50,65.62,65.73,65.87,66.03,66.18,66.30,66.41,66.53,66.55,66.58,66.55,66.42,66.33,66.19,66.08,65.98,65.83,65.74,65.62,65.49,65.40,65.25,65.11,65.02,64.98,64.90,64.71,64.50,64.28,64.05,63.82,63.68,63.61,63.60,63.59,63.59,63.57,63.50,63.41,63.33,63.24,63.17,63.09,63.02,62.94,62.86,62.78,62.70,62.63,62.58,62.55,62.47,62.41,62.34,62.27,62.19,62.11,62.08,61.95,61.68,61.30,60.91,60.58,60.27,59.99,59.91,59.89,59.85,59.80,59.77,59.73,59.66,59.59,59.53,59.51,59.46,59.42,59.42,59.42,59.38,59.34,59.31,59.26,59.23,59.23,59.23,59.25,59.25,59.25,59.28,59.33
90.49,90.41,90.40,90.39,90.35,90.31,90.27,90.23,90.19,90.16,90.11,90.08,90.04,90.00,89.91,89.09,86.96,84.70,83.43,82.14,80.61,79.11,77.48,74.97,72.17,70.47,69.82,69.67,69.58,69.46,69.33,69.24,69.09,69.00,68.89,68.74,68.66,68.55,68.43,68.33,68.25,68.10,68.00,67.90,67.75,67.67,67.55,67.44,67.33,67.21,67.09,67.01,66.94,66.85,66.72,66.61,66.52,66.44,66.37,66.34,66.29,66.25,66.22,66.18,66.09,65.97,65.86,65.77,65.67,65.55,65.44,65.33,65.25,65.17,65.08,64.95,64.85,64.75,64.70,64.73,64.80,64.81,64.81,64.80,64.77,64.72,64.69,64.65,64.61,64.58,64.53,64.50,64.47,64.47,64.45,64.42,64.38,64.34,64.33,64.33,64.33,64.33,64.33,64.31,64.30,64.29,64.24,64.23,64.23,64.23,64.23,64.21,64.20,64.20,64.19,64.14,64.14,64.14,64.13,64.09,64.05,64.03,64.02,63.99,63.94,63.94,63.89,63.84,63.84,63.84,63.78,63.73,63.73,63.70,63.66,63.65,63.69,63.77,63.88,63.96,64.04,64.12,64.20,64.27,64.35,64.44,64.56,64.64,64.72,64.80,64.88,64.95,65.03,65.11,65.18,65.26,65.36,65.39,65.35,65.34,65.33,65.43,65.57,65.70,65.85,65.97,66.09,66.25,66.40,66.53,66.65,66.76,66.91,66.95,67.00,66.97,66.85,66.74,66.62,66.50,66.39,66.27,66.16,66.04,65.92,65.81,65.69,65.54,65.38,65.22,65.08,64.87,64.66,64.44,64.21,63.98,63.88,63.84,63.84,63.84,63.84,63.81,63.73,63.66,63.58,63.50,63.42,63.34,63.27,63.19,63.12,63.03,62.96,62.91,62.87,62.83,62.75,62.67,62.59,62.52,62.45,62.40,62.36,62.24,61.99,61.61,61.23,60.89,60.55,60.20,60.05,59.95,59.88,59.84,59.83,59.77,59.71,59.65,59.58,59.58,59.52,59.46,59.44,59.41,59.34,59.29,59.25,59.18,59.16,59.16,59.16,59.16,59.13,59.14,59.18,59.22
90.48,90.41,90.39,90.35,90.30,90.28,90.23,90.20,90.17,90.11,90.10,90.04,90.00,89.88,89.20,87.10,84.20,81.91,81.19,79.90,78.54,77.22,75.73,73.38,71.02,69.92,69.76,69.61,69.52,69.39,69.27,69.18,69.03,68.94,68.82,68.69,68.61,68.52,68.40,68.27,68.19,68.05,67.94,67.83,67.69,67.61,67.53,67.41,67.28,67.19,67.05,66.96,66.88,66.79,66.71,66.58,66.47,66.38,66.30,66.23,66.20,66.17,66.11,66.09,65.98,65.87,65.78,65.71,65.57,65.46,65.36,65.22,65.13,65.05,64.97,64.88,64.76,64.73,64.80,64.92,64.98,65.00,65.00,64.98,64.92,64.90,64.85,64.81,64.78,64.72,64.70,64.66,64.61,64.59,64.54,64.47,64.42,64.41,64.41,64.40,64.40,64.40,64.39,64.33,64.31,64.31,64.30,64.30,64.29,64.29,64.28,64.22,64.21,64.21,64.21,64.20,64.19,64.19,64.17,64.11,64.10,64.10,64.07,64.01,64.00,64.00,63.95,63.90,63.90,63.90,63.84,63.80,63.79,63.73,63.72,63.76,63.83,63.91,64.05,64.14,64.22,64.30,64.38,64.45,64.53,64.61,64.69,64.77,64.85,64.93,65.01,65.09,65.16,65.24,65.32,65.40,65.53,65.59,65.60,65.61,65.67,65.80,65.93,66.03,66.17,66.33,66.47,66.62,66.77,66.87,67.00,67.15,67.29,67.38,67.40,67.37,67.28,67.14,67.04,66.92,66.79,66.70,66.56,66.45,66.34,66.21,66.10,65.95,65.72,65.46,65.23,65.00,64.81,64.63,64.39,64.18,64.11,64.11,64.11,64.11,64.11,64.06,63.98,63.91,63.83,63.75,63.67,63.60,63.52,63.45,63.37,63.29,63.23,63.20,63.15,63.08,63.00,62.92,62.85,62.77,62.71,62.70,62.64,62.52,62.31,61.93,61.55,61.21,60.88,60.52,60.27,60.05,59.93,59.92,59.92,59.86,59.82,59.78,59.71,59.70,59.65,59.58,59.51,59.44,59.37,59.29,59.21,59.14,59.12,59.11,59.11,59.09,59.02,59.06,59.09,59.09
90.43,90.40,90.36,90.32,90.29,90.24,90.21,90.20,90.17,90.10,90.09,90.04,90.00,89.04,85.23,82.64,80.86,79.77,79.29,78.14,76.77,75.42,73.93,71.78,70.36,69.79,69.69,69.55,69.46,69.33,69.20,69.12,69.02,68.90,68.78,68.67,68.55,68.47,68.34,68.21,68.13,68.03,67.91,67.79,67.68,67.55,67.47,67.38,67.27,67.14,67.03,66.95,66.85,66.73,66.65,66.55,66.43,66.32,66.24,66.17,66.11,66.06,66.03,65.98,65.90,65.80,65.73,65.64,65.51,65.39,65.30,65.14,65.06,64.95,64.84,64.78,64.82,64.86,64.97,65.09,65.13,65.17,65.19,65.17,65.10,65.09,65.03,64.97,64.92,64.89,64.85,64.81,64.78,64.73,64.70,64.64,64.57,64.53,64.53,64.49,64.47,64.45,64.41,64.37,64.36,64.36,64.36,64.36,64.33,64.30,64.29,64.27,64.27,64.27,64.27,64.26,64.22,64.20,64.19,64.17,64.17,64.17,64.13,64.06,64.06,64.06,64.02,63.96,63.96,63.96,63.91,63.87,63.86,63.83,63.87,63.94,64.01,64.09,64.19,64.28,64.36,64.43,64.51,64.59,64.66,64.74,64.82,64.90,65.00,65.11,65.19,65.27,65.35,65.42,65.50,65.58,65.68,65.76,65.81,65.91,65.99,66.12,66.26,66.40,66.54,66.71,66.83,66.95,67.10,67.23,67.38,67.53,67.67,67.76,67.78,67.75,67.67,67.57,67.44,67.33,67.22,67.09,66.98,66.86,66.75,66.63,66.41,66.13,65.87,65.65,65.42,65.19,64.97,64.76,64.54,64.40,64.36,64.36,64.36,64.36,64.36,64.31,64.24,64.16,64.09,64.00,63.93,63.85,63.77,63.70,63.62,63.55,63.52,63.48,63.41,63.33,63.25,63.18,63.10,63.05,63.02,62.96,62.89,62.80,62.63,62.25,61.86,61.52,61.21,60.88,60.59,60.31,60.14,60.10,60.15,60.13,60.03,59.91,59.84,59.83,59.81,59.76,59.69,59.61,59.53,59.42,59.31,59.23,59.18,59.13,59.09,59.03,58.95,58.96,58.95,58.91
90.40,90.40,90.33,90.30,90.28,90.21,90.20,90.19,90.15,90.10,90.07,90.03,89.03,86.43,81.70,79.37,78.45,78.09,77.69,76.54,75.14,73.72,72.28,70.64,69.95,69.73,69.63,69.50,69.40,69.28,69.16,69.06,68.98,68.86,68.75,68.64,68.51,68.41,68.29,68.17,68.09,68.00,67.88,67.75,67.65,67.52,67.43,67.34,67.23,67.11,67.02,66.93,66.82,66.69,66.59,66.51,66.41,66.28,66.18,66.10,66.02,65.97,65.94,65.89,65.81,65.73,65.66,65.56,65.43,65.33,65.23,65.08,64.99,64.88,64.79,64.81,64.95,65.05,65.16,65.28,65.29,65.35,65.37,65.33,65.28,65.26,65.21,65.15,65.08,65.06,65.01,64.97,64.94,64.89,64.86,64.82,64.75,64.69,64.66,64.61,64.57,64.54,64.49,64.46,64.45,64.45,64.42,64.41,64.36,64.33,64.33,64.33,64.33,64.31,64.30,64.30,64.25,64.22,64.22,64.22,64.22,64.21,64.17,64.13,64.13,64.13,64.08,64.03,64.02,64.00,63.96,63.92,63.93,63.95,64.02,64.10,64.17,64.25,64.33,64.41,64.49,64.59,64.67,64.74,64.82,64.89,64.98,65.05,65.16,65.28,65.35,65.43,65.51,65.58,65.64,65.72,65.79,65.88,65.99,66.12,66.24,66.41,66.60,66.77,66.91,67.05,67.19,67.29,67.44,67.60,67.74,67.88,68.03,68.13,68.18,68.16,68.08,68.00,67.86,67.75,67.65,67.51,67.42,67.26,67.09,66.92,66.61,66.26,66.00,65.81,65.58,65.35,65.13,64.91,64.71,64.63,64.61,64.61,64.61,64.61,64.59,64.56,64.49,64.41,64.34,64.26,64.19,64.10,64.03,63.95,63.88,63.83,63.81,63.74,63.66,63.58,63.51,63.44,63.37,63.33,63.30,63.23,63.14,63.07,62.92,62.56,62.18,61.84,61.53,61.22,60.91,60.65,60.48,60.44,60.50,60.50,60.36,60.16,60.08,60.06,60.05,59.99,59.90,59.80,59.72,59.61,59.49,59.41,59.34,59.25,59.16,59.08,59.00,58.97,58.91,58.83
90.40,90.39,90.33,90.30,90.28,90.21,90.20,90.15,90.11,90.09,90.03,89.97,86.86,81.81,79.52,78.24,77.42,76.89,76.40,75.09,73.64,72.19,70.89,70.11,69.80,69.67,69.58,69.49,69.36,69.25,69.14,69.01,68.92,68.84,68.72,68.59,68.50,68.36,68.26,68.17,68.09,67.95,67.85,67.73,67.60,67.51,67.43,67.32,67.19,67.10,67.02,66.90,66.78,66.68,66.55,66.44,66.36,66.26,66.13,66.03,65.96,65.89,65.83,65.81,65.75,65.67,65.58,65.44,65.35,65.27,65.16,65.02,64.94,64.86,64.86,64.99,65.14,65.23,65.35,65.47,65.48,65.54,65.53,65.48,65.46,65.40,65.38,65.33,65.26,65.20,65.17,65.13,65.08,65.06,65.00,64.97,64.94,64.87,64.80,64.78,64.74,64.68,64.66,64.61,64.59,64.56,64.50,64.43,64.40,64.39,64.39,64.39,64.39,64.35,64.31,64.31,64.30,64.29,64.29,64.28,64.28,64.24,64.20,64.19,64.19,64.19,64.14,64.09,64.08,64.02,64.00,63.99,64.01,64.08,64.15,64.22,64.31,64.38,64.45,64.53,64.64,64.77,64.86,64.93,65.00,65.09,65.16,65.23,65.32,65.40,65.48,65.56,65.63,65.68,65.70,65.77,65.86,65.97,66.10,66.20,66.39,66.66,66.92,67.12,67.23,67.37,67.52,67.67,67.82,67.98,68.09,68.20,68.36,68.50,68.59,68.60,68.53,68.44,68.30,68.19,68.09,67.94,67.85,67.63,67.34,67.05,66.68,66.40,66.16,65.95,65.72,65.48,65.29,65.10,64.90,64.87,64.87,64.87,64.86,64.86,64.81,64.77,64.75,64.67,64.59,64.52,64.44,64.36,64.28,64.20,64.16,64.14,64.07,64.00,63.92,63.84,63.77,63.69,63.66,63.63,63.55,63.48,63.40,63.33,63.19,62.87,62.49,62.16,61.85,61.54,61.24,61.09,60.99,60.94,61.00,60.96,60.80,60.59,60.47,60.45,60.40,60.30,60.16,60.01,59.92,59.85,59.76,59.67,59.59,59.47,59.34,59.27,59.19,59.13,59.03,58.90
90.39,90.35,90.31,90.28,90.24,90.20,90.16,90.12,90.10,90.08,89.99,89.52,85.56,79.91,78.54,77.55,76.66,75.86,75.08,73.84,72.54,71.28,70.25,69.90,69.75,69.63,69.52,69.44,69.34,69.22,69.10,68.98,68.87,68.78,68.69,68.57,68.45,68.34,68.22,68.12,68.04,67.93,67.81,67.69,67.59,67.51,67.40,67.28,67.18,67.10,66.98,66.87,66.75,66.64,66.52,66.41,66.30,66.22,66.11,65.99,65.89,65.82,65.75,65.70,65.67,65.59,65.47,65.36,65.28,65.18,65.06,64.96,64.95,64.99,65.06,65.18,65.33,65.42,65.54,65.66,65.67,65.73,65.72,65.65,65.60,65.57,65.53,65.49,65.45,65.38,65.33,65.29,65.25,65.21,65.17,65.13,65.10,65.05,64.98,64.93,64.89,64.86,64.81,64.77,64.73,64.70,64.66,64.58,64.53,64.51,64.50,64.46,64.45,64.41,64.36,64.36,64.36,64.36,64.34,64.31,64.30,64.27,64.25,64.25,64.25,64.22,64.18,64.16,64.15,64.08,64.06,64.07,64.13,64.24,64.33,64.41,64.48,64.56,64.64,64.71,64.80,64.91,64.99,65.07,65.14,65.22,65.30,65.34,65.40,65.48,65.56,65.64,65.68,65.72,65.77,65.84,65.95,66.07,66.18,66.31,66.49,66.75,67.04,67.27,67.47,67.67,67.86,68.04,68.16,68.31,68.44,68.57,68.72,68.88,68.97,69.01,68.96,68.84,68.73,68.62,68.48,68.28,68.08,67.78,67.43,67.09,66.78,66.53,66.32,66.12,65.89,65.70,65.48,65.26,65.13,65.12,65.12,65.12,65.11,65.07,65.03,65.02,65.00,64.92,64.84,64.77,64.69,64.62,64.58,64.51,64.45,64.40,64.32,64.25,64.17,64.09,64.02,63.98,63.94,63.89,63.81,63.73,63.66,63.58,63.46,63.18,62.81,62.47,62.18,61.92,61.73,61.60,61.49,61.45,61.51,61.43,61.25,61.05,60.95,60.89,60.83,60.72,60.56,60.42,60.38,60.33,60.19,59.99,59.82,59.67,59.53,59.47,59.42,59.36,59.27,59.15
90.37,90.31,90.30,90.25,90.20,90.19,90.12,90.10,90.09,90.07,89.93,88.12,83.79,78.89,77.90,76.95,75.96,74.95,73.94,72.81,71.67,70.63,69.92,69.81,69.72,69.60,69.48,69.40,69.31,69.18,69.06,68.96,68.83,68.73,68.64,68.55,68.41,68.32,68.19,68.07,67.98,67.91,67.78,67.66,67.57,67.49,67.36,67.26,67.18,67.08,66.94,66.84,66.73,66.59,66.50,66.37,66.25,66.17,66.08,65.96,65.84,65.75,65.68,65.61,65.57,65.50,65.38,65.30,65.20,65.09,64.97,64.95,65.02,65.16,65.28,65.37,65.50,65.61,65.73,65.85,65.86,65.92,65.91,65.83,65.76,65.74,65.69,65.64,65.62,65.56,65.48,65.45,65.43,65.36,65.34,65.29,65.25,65.22,65.17,65.09,65.05,65.03,64.97,64.94,64.90,64.85,64.82,64.77,64.69,64.65,64.64,64.57,64.54,64.50,64.45,64.44,64.44,64.42,64.39,64.34,64.32,64.31,64.31,64.31,64.30,64.24,64.22,64.22,64.21,64.15,64.14,64.19,64.28,64.41,64.50,64.58,64.66,64.73,64.81,64.88,64.95,65.02,65.10,65.17,65.26,65.33,65.39,65.41,65.47,65.54,65.62,65.68,65.71,65.75,65.83,65.92,66.05,66.16,66.27,66.43,66.58,66.82,67.09,67.35,67.64,67.89,68.13,68.34,68.46,68.62,68.78,68.93,69.09,69.24,69.35,69.41,69.38,69.25,69.14,68.99,68.79,68.53,68.21,67.85,67.48,67.15,66.91,66.68,66.48,66.31,66.08,65.91,65.66,65.43,65.38,65.37,65.36,65.35,65.34,65.28,65.27,65.28,65.27,65.19,65.11,65.04,64.96,64.89,64.88,64.81,64.73,64.66,64.58,64.50,64.43,64.37,64.30,64.27,64.22,64.14,64.06,63.98,63.92,63.85,63.73,63.49,63.14,62.81,62.53,62.35,62.26,62.13,62.00,61.96,62.02,61.90,61.70,61.51,61.43,61.36,61.28,61.16,61.02,60.90,60.94,60.91,60.74,60.47,60.19,59.97,59.80,59.70,59.67,59.62,59.53,59.44
90.32,90.30,90.30,90.25,90.20,90.19,90.12,90.10,90.08,90.02,89.77,84.50,80.20,78.33,77.33,76.29,75.22,74.20,73.24,72.22,71.09,70.27,69.90,69.81,69.68,69.57,69.48,69.39,69.26,69.16,69.05,68.91,68.81,68.68,68.58,68.50,68.40,68.27,68.16,68.05,67.92,67.83,67.75,67.63,67.51,67.42,67.34,67.26,67.16,67.03,66.93,66.80,66.68,66.59,66.45,66.34,66.23,66.11,66.02,65.93,65.81,65.69,65.61,65.54,65.47,65.40,65.30,65.23,65.10,64.98,64.95,65.06,65.20,65.35,65.47,65.55,65.64,65.77,65.92,66.04,66.05,66.11,66.09,66.02,65.94,65.88,65.85,65.82,65.76,65.74,65.67,65.64,65.62,65.55,65.48,65.45,65.42,65.36,65.34,65.28,65.24,65.22,65.15,65.09,65.05,65.02,64.97,64.95,64.88,64.84,64.83,64.75,64.69,64.65,64.63,64.57,64.56,64.52,64.48,64.45,64.40,64.38,64.38,64.36,64.31,64.29,64.28,64.28,64.28,64.26,64.31,64.38,64.45,64.55,64.63,64.70,64.78,64.86,64.94,64.97,65.01,65.08,65.17,65.24,65.31,65.38,65.40,65.46,65.52,65.61,65.67,65.70,65.74,65.81,65.90,66.04,66.14,66.26,66.40,66.55,66.71,66.88,67.10,67.40,67.71,67.96,68.19,68.43,68.69,68.92,69.09,69.25,69.41,69.56,69.70,69.78,69.77,69.68,69.50,69.26,68.95,68.60,68.23,67.85,67.53,67.33,67.10,66.87,66.67,66.50,66.27,66.05,65.81,65.64,65.63,65.63,65.58,65.54,65.54,65.53,65.53,65.55,65.59,65.51,65.43,65.35,65.28,65.20,65.14,65.06,64.98,64.91,64.84,64.75,64.72,64.68,64.61,64.54,64.47,64.39,64.31,64.24,64.21,64.16,64.05,63.81,63.51,63.19,62.95,62.85,62.77,62.63,62.51,62.47,62.52,62.36,62.17,62.01,61.88,61.85,61.75,61.61,61.48,61.50,61.57,61.59,61.53,61.33,60.95,60.57,60.26,60.02,59.94,59.87,59.79,59.70
90.26,90.25,90.25,90.23,90.20,90.19,90.12,90.10,90.07,89.68,87.81,82.27,78.64,77.63,76.59,75.52,74.45,73.45,72.52,71.59,70.63,70.02,69.85,69.77,69.65,69.54,69.44,69.35,69.24,69.12,69.01,68.89,68.77,68.66,68.56,68.47,68.36,68.24,68.13,68.02,67.90,67.82,67.72,67.60,67.49,67.41,67.30,67.21,67.12,67.01,66.92,66.79,66.66,66.55,66.43,66.34,66.22,66.09,66.00,65.90,65.78,65.66,65.56,65.48,65.39,65.32,65.24,65.17,65.08,65.06,65.11,65.23,65.38,65.54,65.68,65.78,65.83,65.95,66.09,66.19,66.23,66.30,66.26,66.17,66.13,66.05,66.00,65.97,65.93,65.89,65.85,65.81,65.78,65.73,65.66,65.61,65.57,65.53,65.50,65.45,65.42,65.38,65.33,65.26,65.21,65.17,65.14,65.10,65.06,65.02,64.98,64.94,64.87,64.81,64.78,64.73,64.70,64.66,64.62,64.59,64.54,64.50,64.47,64.44,64.39,64.36,64.34,64.34,64.35,64.38,64.44,64.52,64.59,64.64,64.71,64.78,64.87,64.94,64.99,65.02,65.08,65.15,65.23,65.28,65.34,65.41,65.44,65.52,65.59,65.66,65.70,65.74,65.80,65.89,66.01,66.16,66.25,66.37,66.53,66.68,66.84,66.99,67.17,67.43,67.73,68.00,68.25,68.50,68.80,69.05,69.28,69.49,69.67,69.83,69.96,70.03,70.01,69.90,69.70,69.41,69.05,68.67,68.28,67.94,67.67,67.47,67.28,67.08,66.89,66.69,66.42,66.16,65.97,65.88,65.87,65.84,65.80,65.78,65.78,65.81,65.79,65.81,65.87,65.82,65.75,65.67,65.59,65.52,65.44,65.36,65.29,65.21,65.13,65.05,65.00,64.95,64.88,64.80,64.72,64.64,64.57,64.53,64.49,64.44,64.33,64.13,63.86,63.64,63.46,63.36,63.28,63.14,63.02,62.97,62.99,62.84,62.66,62.51,62.37,62.32,62.20,62.09,62.05,62.09,62.16,62.21,62.22,62.12,61.80,61.36,60.91,60.57,60.43,60.29,60.14,59.98
90.20,90.20,90.20,90.19,90.19,90.18,90.12,90.09,90.06,89.20,85.08,80.64,77.97,76.88,75.78,74.70,73.66,72.68,71.78,70.94,70.25,69.86,69.78,69.70,69.62,69.50,69.38,69.30,69.21,69.09,68.97,68.87,68.73,68.63,68.55,68.46,68.32,68.22,68.10,67.97,67.89,67.81,67.68,67.57,67.49,67.39,67.26,67.16,67.08,66.99,66.91,66.79,66.64,66.50,66.42,66.33,66.21,66.08,65.99,65.86,65.75,65.64,65.51,65.42,65.33,65.25,65.19,65.14,65.13,65.21,65.34,65.44,65.58,65.73,65.88,66.01,66.02,66.15,66.27,66.34,66.42,66.50,66.43,66.32,66.30,66.24,66.17,66.12,66.10,66.04,66.02,65.97,65.92,65.91,65.84,65.77,65.72,65.70,65.64,65.62,65.58,65.53,65.51,65.45,65.38,65.32,65.31,65.24,65.22,65.18,65.13,65.11,65.05,64.98,64.92,64.91,64.85,64.82,64.79,64.73,64.71,64.66,64.59,64.53,64.51,64.45,64.41,64.41,64.42,64.48,64.55,64.63,64.69,64.71,64.77,64.85,64.92,64.98,65.01,65.06,65.14,65.21,65.28,65.31,65.35,65.43,65.50,65.58,65.65,65.70,65.72,65.78,65.87,65.98,66.13,66.28,66.38,66.50,66.65,66.81,66.96,67.12,67.27,67.45,67.73,68.04,68.31,68.57,68.87,69.11,69.39,69.67,69.89,70.05,70.16,70.21,70.16,70.02,69.80,69.49,69.10,68.72,68.35,68.07,67.84,67.63,67.47,67.30,67.10,66.85,66.55,66.26,66.14,66.13,66.11,66.06,66.03,66.04,66.05,66.11,66.06,66.07,66.13,66.13,66.07,65.99,65.91,65.83,65.76,65.68,65.60,65.53,65.45,65.37,65.29,65.22,65.14,65.06,64.98,64.91,64.84,64.83,64.77,64.70,64.61,64.45,64.25,64.12,64.00,63.87,63.78,63.65,63.53,63.47,63.44,63.31,63.16,63.01,62.87,62.78,62.66,62.60,62.66,62.68,62.75,62.81,62.85,62.78,62.53,62.06,61.53,61.14,60.95,60.74,60.50,60.24
90.13,90.13,90.13,90.13,90.13,90.13,90.11,90.06,90.02,88.72,82.30,79.03,77.36,76.22,75.03,73.94,72.87,71.87,71.03,70.33,69.97,69.80,69.72,69.64,69.56,69.47,69.36,69.24,69.16,69.06,68.95,68.82,68.72,68.59,68.49,68.41,68.30,68.18,68.07,67.96,67.83,67.74,67.66,67.56,67.48,67.35,67.25,67.16,67.06,66.94,66.86,66.76,66.64,66.50,66.41,66.29,66.18,66.07,65.94,65.84,65.72,65.60,65.49,65.36,65.27,65.19,65.15,65.23,65.29,65.40,65.55,65.68,65.78,65.92,66.07,66.20,66.22,66.34,66.45,66.53,66.61,66.69,66.62,66.49,66.44,66.42,66.36,66.29,66.24,66.21,66.17,66.13,66.10,66.04,66.02,65.96,65.89,65.84,65.82,65.77,65.73,65.70,65.65,65.62,65.56,65.49,65.44,65.42,65.37,65.33,65.30,65.25,65.22,65.17,65.10,65.04,65.02,64.98,64.94,64.91,64.85,64.82,64.77,64.70,64.65,64.57,64.51,64.47,64.48,64.55,64.59,64.63,64.71,64.76,64.83,64.92,64.98,65.00,65.05,65.13,65.20,65.27,65.30,65.34,65.41,65.48,65.56,65.64,65.69,65.72,65.77,65.85,65.97,66.11,66.25,66.36,66.48,66.63,66.78,66.93,67.09,67.24,67.38,67.50,67.74,68.04,68.34,68.63,68.93,69.17,69.45,69.74,69.96,70.13,70.27,70.30,70.18,70.03,69.81,69.50,69.11,68.73,68.44,68.23,68.05,67.88,67.72,67.48,67.23,66.98,66.69,66.47,66.38,66.37,66.32,66.29,66.28,66.31,66.36,66.38,66.32,66.32,66.40,66.44,66.38,66.31,66.23,66.15,66.07,66.00,65.92,65.84,65.76,65.69,65.61,65.53,65.46,65.38,65.30,65.22,65.15,65.10,65.06,65.02,64.93,64.83,64.72,64.62,64.52,64.37,64.28,64.19,64.08,63.96,63.90,63.76,63.61,63.47,63.37,63.24,63.17,63.17,63.24,63.30,63.37,63.42,63.38,63.08,62.57,62.11,61.74,61.46,61.24,60.97,60.66,60.31
90.06,90.06,90.06,90.06,90.07,90.09,90.07,90.03,90.00,88.45,80.80,77.97,76.69,75.44,74.28,73.17,72.09,71.13,70.43,69.97,69.83,69.76,69.69,69.61,69.53,69.44,69.33,69.21,69.12,69.03,68.91,68.79,68.68,68.56,68.45,68.34,68.27,68.15,68.03,67.92,67.80,67.72,67.62,67.53,67.44,67.32,67.23,67.14,67.03,66.91,66.82,66.73,66.61,66.49,66.38,66.26,66.15,66.04,65.91,65.80,65.69,65.56,65.46,65.33,65.24,65.19,65.21,65.38,65.49,65.61,65.74,65.89,65.98,66.11,66.26,66.39,66.41,66.53,66.64,66.72,66.80,66.85,66.77,66.65,66.61,66.58,66.53,66.47,66.41,66.40,66.34,66.29,66.25,66.20,66.18,66.13,66.07,66.01,66.00,65.94,65.89,65.86,65.81,65.78,65.74,65.68,65.61,65.61,65.55,65.49,65.46,65.41,65.38,65.34,65.28,65.22,65.20,65.15,65.09,65.06,65.02,64.98,64.93,64.85,64.77,64.67,64.58,64.53,64.54,64.59,64.62,64.67,64.75,64.82,64.88,64.94,65.01,65.04,65.11,65.19,65.25,65.30,65.33,65.39,65.48,65.55,65.60,65.67,65.71,65.76,65.84,65.94,66.08,66.23,66.38,66.46,66.60,66.75,66.91,67.06,67.22,67.35,67.47,67.59,67.79,68.05,68.34,68.66,68.99,69.24,69.52,69.80,70.03,70.22,70.38,70.40,70.22,70.06,69.84,69.52,69.13,68.83,68.61,68.44,68.28,68.12,67.92,67.63,67.36,67.11,66.82,66.66,66.61,66.59,66.54,66.53,66.56,66.59,66.63,66.63,66.57,66.58,66.66,66.72,66.69,66.62,66.55,66.47,66.39,66.31,66.24,66.17,66.11,66.03,65.97,65.88,65.81,65.73,65.66,65.57,65.50,65.42,65.38,65.36,65.33,65.28,65.20,65.11,65.00,64.88,64.80,64.72,64.60,64.47,64.38,64.24,64.09,63.95,63.84,63.74,63.73,63.77,63.82,63.89,63.95,63.88,63.62,63.09,62.42,61.90,61.52,61.23,61.04,60.86,60.60,60.25
89.99,90.01,90.01,90.01,90.03,90.08,90.03,90.00,89.79,87.85,80.27,77.38,75.96,74.60,73.49,72.39,71.34,70.47,70.00,69.83,69.80,69.75,69.68,69.61,69.53,69.41,69.28,69.20,69.12,68.99,68.87,68.77,68.64,68.54,68.42,68.29,68.21,68.13,68.00,67.88,67.80,67.72,67.59,67.47,67.39,67.31,67.22,67.11,66.99,66.90,66.82,66.69,66.57,66.47,66.34,66.24,66.12,65.99,65.90,65.77,65.66,65.55,65.41,65.32,65.25,65.24,65.34,65.56,65.72,65.84,65.94,66.08,66.17,66.30,66.45,66.58,66.60,66.72,66.83,66.91,66.98,67.00,66.91,66.80,66.78,66.72,66.70,66.65,66.60,66.59,66.52,66.45,66.40,66.38,66.32,66.30,66.26,66.20,66.19,66.13,66.06,66.00,65.98,65.92,65.89,65.86,65.80,65.79,65.73,65.66,65.61,65.59,65.53,65.50,65.47,65.41,65.39,65.34,65.27,65.20,65.18,65.12,65.06,64.98,64.89,64.75,64.65,64.59,64.59,64.60,64.66,64.73,64.81,64.88,64.90,64.95,65.02,65.09,65.17,65.24,65.30,65.32,65.38,65.45,65.53,65.59,65.61,65.67,65.75,65.82,65.91,66.05,66.21,66.36,66.50,66.59,66.72,66.88,67.03,67.19,67.34,67.45,67.56,67.71,67.87,68.08,68.34,68.67,69.03,69.30,69.58,69.86,70.10,70.32,70.50,70.50,70.30,70.13,69.91,69.57,69.19,69.01,68.85,68.69,68.53,68.35,68.06,67.76,67.48,67.23,66.95,66.84,66.80,66.80,66.79,66.80,66.84,66.89,66.90,66.89,66.82,66.83,66.91,66.98,66.99,66.94,66.87,66.80,66.72,66.63,66.56,66.50,66.48,66.41,66.34,66.26,66.18,66.10,66.03,65.95,65.87,65.80,65.74,65.73,65.78,65.77,65.70,65.59,65.46,65.38,65.30,65.22,65.11,64.97,64.89,64.74,64.59,64.44,64.31,64.28,64.33,64.37,64.39,64.45,64.44,64.16,63.61,62.88,62.17,61.54,60.99,60.60,60.47,60.48,60.36,60.07
89.84,89.97,90.00,90.00,90.01,90.03,90.01,90.00,88.13,83.53,79.02,76.78,75.28,73.91,72.69,71.50,70.63,70.08,69.85,69.75,69.73,69.70,69.63,69.55,69.47,69.38,69.27,69.14,69.06,68.96,68.85,68.73,68.62,68.50,68.38,68.28,68.20,68.09,67.97,67.87,67.79,67.67,67.56,67.47,67.38,67.26,67.17,67.08,66.98,66.90,66.78,66.66,66.55,66.43,66.32,66.20,66.08,65.97,65.85,65.74,65.65,65.55,65.41,65.32,65.28,65.34,65.52,65.75,65.92,66.05,66.17,66.28,66.41,66.52,66.64,66.78,66.84,66.93,67.02,67.10,67.17,67.19,67.09,66.97,66.92,66.89,66.85,66.81,66.77,66.73,66.70,66.64,66.57,66.53,66.49,66.45,66.41,66.38,66.33,66.30,66.25,66.17,66.13,66.09,66.05,66.01,65.98,65.94,65.90,65.85,65.78,65.73,65.70,65.66,65.62,65.58,65.54,65.50,65.45,65.37,65.28,65.20,65.13,65.05,64.96,64.82,64.72,64.64,64.61,64.65,64.72,64.80,64.86,64.90,64.94,65.01,65.08,65.16,65.23,65.28,65.32,65.37,65.45,65.52,65.58,65.61,65.66,65.73,65.81,65.90,66.03,66.18,66.33,66.47,66.58,66.70,66.85,67.01,67.16,67.31,67.42,67.54,67.68,67.83,67.99,68.13,68.34,68.66,69.00,69.33,69.64,69.93,70.16,70.39,70.61,70.65,70.46,70.26,70.03,69.73,69.41,69.25,69.10,68.92,68.71,68.50,68.19,67.89,67.59,67.33,67.12,67.06,67.05,67.05,67.05,67.09,67.13,67.16,67.19,67.15,67.04,67.05,67.16,67.24,67.29,67.29,67.24,67.16,67.09,67.00,66.94,66.86,66.81,66.74,66.66,66.58,66.51,66.43,66.35,66.28,66.21,66.17,66.18,66.18,66.18,66.21,66.16,66.06,65.97,65.88,65.81,65.70,65.58,65.47,65.34,65.20,65.04,64.91,64.86,64.85,64.87,64.91,64.94,64.92,64.59,64.06,63.40,62.67,61.94,61.24,60.62,60.18,60.10,60.12,60.06,59.89
89.46,89.71,89.81,89.86,89.92,89.97,90.00,89.83,86.65,80.23,77.97,76.27,74.71,73.27,71.92,70.75,70.12,69.85,69.77,69.69,69.67,69.64,69.56,69.48,69.41,69.33,69.24,69.10,69.01,68.92,68.82,68.69,68.59,68.47,68.35,68.25,68.17,68.05,67.94,67.85,67.77,67.63,67.54,67.46,67.35,67.22,67.13,67.04,66.95,66.87,66.74,66.65,66.54,66.39,66.29,66.17,66.06,65.97,65.82,65.73,65.64,65.53,65.40,65.30,65.32,65.45,65.69,65.91,66.10,66.26,66.40,66.50,66.63,66.73,66.83,66.98,67.06,67.14,67.21,67.29,67.36,67.38,67.28,67.15,67.08,67.05,67.01,66.97,66.94,66.89,66.86,66.82,66.75,66.68,66.66,66.61,66.57,66.54,66.49,66.46,66.42,66.36,66.29,66.26,66.21,66.17,66.14,66.09,66.06,66.02,65.96,65.89,65.86,65.82,65.77,65.74,65.67,65.63,65.59,65.48,65.36,65.27,65.19,65.10,65.01,64.88,64.77,64.70,64.64,64.70,64.78,64.85,64.90,64.93,64.99,65.06,65.14,65.20,65.27,65.31,65.36,65.43,65.51,65.57,65.61,65.64,65.72,65.80,65.88,66.00,66.15,66.31,66.46,66.58,66.68,66.82,66.98,67.13,67.29,67.43,67.52,67.65,67.80,67.96,68.11,68.22,68.40,68.66,68.97,69.34,69.69,69.97,70.23,70.45,70.69,70.78,70.66,70.44,70.22,69.96,69.69,69.51,69.33,69.11,68.86,68.61,68.32,68.01,67.70,67.44,67.32,67.30,67.31,67.32,67.33,67.38,67.41,67.44,67.48,67.39,67.26,67.28,67.41,67.50,67.57,67.59,67.58,67.52,67.44,67.36,67.29,67.21,67.13,67.06,66.98,66.90,66.82,66.75,66.67,66.61,66.58,66.59,66.64,66.65,66.64,66.68,66.63,66.55,66.46,66.37,66.29,66.17,66.05,65.95,65.79,65.64,65.48,65.38,65.39,65.39,65.41,65.42,65.38,65.14,64.54,63.87,63.20,62.52,61.80,61.10,60.48,60.03,59.98,59.95,59.90,59.83
88.72,89.07,89.30,89.49,89.69,89.86,89.92,89.30,85.84,79.67,77.52,75.90,74.28,72.66,71.21,70.28,69.90,69.78,69.70,69.63,69.61,69.58,69.50,69.42,69.34,69.27,69.18,69.09,68.96,68.86,68.78,68.68,68.54,68.44,68.32,68.19,68.11,68.03,67.91,67.78,67.71,67.62,67.54,67.43,67.30,67.21,67.13,67.02,66.89,66.81,66.73,66.65,66.54,66.38,66.24,66.14,66.06,65.97,65.82,65.73,65.61,65.48,65.39,65.25,65.36,65.58,65.81,66.04,66.27,66.45,66.60,66.74,66.84,66.92,67.03,67.17,67.25,67.33,67.40,67.48,67.55,67.56,67.47,67.33,67.26,67.19,67.17,67.13,67.08,67.06,67.00,66.97,66.94,66.86,66.80,66.77,66.74,66.68,66.66,66.61,66.57,66.55,66.47,66.40,66.37,66.34,66.28,66.27,66.21,66.17,66.15,66.07,66.01,65.97,65.94,65.88,65.80,65.73,65.64,65.50,65.41,65.33,65.25,65.16,65.02,64.92,64.84,64.77,64.70,64.77,64.84,64.89,64.91,64.98,65.06,65.13,65.19,65.21,65.28,65.34,65.42,65.50,65.57,65.59,65.63,65.70,65.78,65.86,65.98,66.12,66.28,66.43,66.59,66.71,66.80,66.95,67.10,67.26,67.41,67.56,67.65,67.78,67.93,68.09,68.24,68.39,68.52,68.66,68.97,69.34,69.69,69.99,70.28,70.52,70.76,70.91,70.91,70.69,70.51,70.27,69.98,69.76,69.54,69.27,68.97,68.68,68.43,68.14,67.83,67.59,67.56,67.56,67.59,67.64,67.64,67.65,67.70,67.74,67.73,67.59,67.49,67.53,67.67,67.75,67.82,67.86,67.85,67.83,67.76,67.68,67.60,67.53,67.45,67.37,67.30,67.22,67.14,67.06,66.99,66.97,67.03,67.09,67.11,67.15,67.19,67.19,67.13,67.06,66.96,66.82,66.73,66.65,66.54,66.39,66.24,66.08,65.93,65.84,65.90,65.91,65.94,65.91,65.63,64.99,64.30,63.68,63.10,62.47,61.83,61.20,60.62,60.22,60.17,60.09,60.01,59.98
88.06,88.48,88.74,88.93,88.98,88.77,88.49,86.84,83.50,79.15,77.12,75.39,73.67,71.99,70.59,70.00,69.80,69.73,69.64,69.56,69.55,69.52,69.44,69.36,69.31,69.23,69.13,69.04,68.94,68.82,68.72,68.63,68.52,68.41,68.29,68.17,68.06,67.98,67.88,67.77,67.69,67.58,67.49,67.39,67.29,67.21,67.10,66.98,66.88,66.80,66.68,66.59,66.50,66.38,66.23,66.14,66.04,65.92,65.81,65.69,65.58,65.47,65.39,65.28,65.45,65.72,65.99,66.22,66.45,66.64,66.80,66.94,67.07,67.16,67.25,67.37,67.48,67.50,67.56,67.67,67.74,67.72,67.61,67.49,67.45,67.38,67.32,67.29,67.25,67.21,67.17,67.13,67.09,67.05,66.98,66.95,66.92,66.85,66.81,66.77,66.73,66.69,66.65,66.58,66.56,66.53,66.46,66.41,66.38,66.34,66.29,66.26,66.19,66.11,66.03,65.95,65.88,65.80,65.70,65.55,65.47,65.39,65.31,65.22,65.07,64.98,64.91,64.83,64.77,64.83,64.88,64.92,64.97,65.04,65.12,65.17,65.21,65.25,65.33,65.41,65.48,65.55,65.59,65.63,65.69,65.77,65.85,65.95,66.09,66.25,66.40,66.56,66.68,66.80,66.93,67.08,67.23,67.39,67.53,67.65,67.76,67.90,68.06,68.21,68.37,68.52,68.64,68.75,68.98,69.34,69.70,70.04,70.35,70.62,70.89,71.10,71.16,70.95,70.71,70.44,70.15,69.92,69.68,69.40,69.09,68.79,68.52,68.25,68.00,67.81,67.81,67.84,67.88,67.91,67.91,67.94,67.98,68.00,67.98,67.84,67.74,67.78,67.92,68.00,68.07,68.13,68.16,68.14,68.08,68.00,67.92,67.84,67.77,67.69,67.61,67.53,67.47,67.42,67.41,67.44,67.52,67.59,67.58,67.62,67.70,67.66,67.59,67.51,67.42,67.31,67.23,67.12,66.99,66.84,66.68,66.53,66.42,66.38,66.41,66.41,66.36,66.14,65.67,65.03,64.38,63.76,63.17,62.55,61.94,61.31,60.79,60.52,60.62,60.72,60.77,60.75
87.44,87.87,88.05,88.09,87.88,87.27,86.67,84.32,81.36,78.73,76.81,74.95,73.11,71.39,70.11,69.81,69.73,69.66,69.58,69.50,69.48,69.45,69.38,69.30,69.28,69.20,69.08,69.00,68.91,68.78,68.67,68.59,68.50,68.37,68.25,68.15,68.02,67.93,67.85,67.77,67.67,67.54,67.44,67.36,67.27,67.19,67.06,66.96,66.88,66.78,66.65,66.55,66.47,66.36,66.23,66.13,66.01,65.88,65.79,65.66,65.55,65.47,65.40,65.34,65.56,65.86,66.15,66.40,66.63,66.82,66.99,67.14,67.30,67.40,67.48,67.56,67.71,67.69,67.73,67.86,67.92,67.88,67.75,67.64,67.62,67.56,67.49,67.45,67.43,67.36,67.34,67.29,67.24,67.22,67.17,67.14,67.10,67.04,66.96,66.94,66.90,66.84,66.82,66.77,66.74,66.71,66.64,66.56,66.54,66.50,66.43,66.41,66.35,66.23,66.09,66.02,65.94,65.86,65.76,65.62,65.53,65.45,65.38,65.28,65.14,65.05,64.97,64.89,64.83,64.88,64.91,64.95,65.02,65.11,65.17,65.21,65.23,65.31,65.39,65.46,65.53,65.60,65.61,65.67,65.76,65.83,65.93,66.07,66.22,66.38,66.53,66.67,66.78,66.89,67.05,67.20,67.36,67.51,67.65,67.74,67.88,68.03,68.19,68.34,68.49,68.64,68.75,68.86,69.02,69.34,69.72,70.11,70.42,70.72,71.03,71.29,71.40,71.18,70.89,70.57,70.28,70.03,69.78,69.51,69.21,68.91,68.61,68.35,68.17,68.07,68.08,68.13,68.16,68.16,68.18,68.24,68.26,68.26,68.22,68.09,68.00,68.04,68.18,68.27,68.34,68.41,68.45,68.45,68.39,68.32,68.24,68.16,68.08,68.01,67.94,67.87,67.81,67.81,67.87,67.95,68.02,68.09,68.05,68.10,68.20,68.13,68.05,67.97,67.89,67.80,67.72,67.59,67.44,67.28,67.12,66.97,66.91,66.92,66.91,66.88,66.68,66.28,65.68,65.12,64.53,63.91,63.30,62.68,62.06,61.45,60.97,60.87,61.12,61.42,61.55,61.46
86.80,87.21,86.99,86.56,86.05,85.44,84.88,83.42,81.23,78.66,76.69,74.77,72.83,71.07,70.00,69.75,69.67,69.59,69.52,69.44,69.42,69.38,69.31,69.24,69.22,69.17,69.08,68.99,68.86,68.76,68.67,68.58,68.45,68.34,68.23,68.10,68.01,67.93,67.85,67.75,67.62,67.52,67.44,67.34,67.21,67.13,67.04,66.96,66.86,66.73,66.63,66.55,66.44,66.32,66.22,66.09,65.97,65.87,65.74,65.64,65.55,65.47,65.42,65.44,65.69,65.97,66.23,66.51,66.76,66.98,67.18,67.33,67.48,67.59,67.67,67.75,67.90,67.92,67.96,68.05,68.11,68.06,67.94,67.81,67.76,67.74,67.68,67.64,67.62,67.55,67.48,67.45,67.42,67.36,67.34,67.29,67.25,67.22,67.15,67.09,67.05,67.02,66.97,66.94,66.90,66.85,66.83,66.75,66.69,66.62,66.55,66.48,66.41,66.30,66.16,66.08,66.01,65.92,65.82,65.68,65.59,65.52,65.44,65.35,65.20,65.11,65.03,64.95,64.89,64.90,64.94,65.01,65.08,65.16,65.19,65.23,65.30,65.38,65.45,65.49,65.53,65.61,65.67,65.73,65.81,65.91,66.04,66.19,66.35,66.50,66.65,66.75,66.88,67.02,67.18,67.33,67.48,67.64,67.78,67.86,68.00,68.16,68.31,68.47,68.62,68.73,68.84,68.98,69.14,69.34,69.72,70.17,70.48,70.79,71.10,71.41,71.64,71.39,71.08,70.74,70.39,70.10,69.80,69.54,69.29,69.03,68.73,68.48,68.34,68.33,68.38,68.41,68.42,68.43,68.48,68.51,68.52,68.49,68.42,68.33,68.25,68.29,68.44,68.57,68.61,68.66,68.72,68.71,68.69,68.63,68.55,68.48,68.40,68.32,68.28,68.26,68.26,68.31,68.38,68.45,68.52,68.54,68.53,68.60,68.70,68.63,68.56,68.47,68.38,68.25,68.17,68.08,67.93,67.72,67.57,67.41,67.38,67.42,67.40,67.25,66.87,66.36,65.79,65.20,64.63,64.04,63.42,62.80,62.19,61.57,61.18,61.28,61.57,61.83,61.81,61.43
86.21,86.60,86.14,85.42,84.68,83.94,83.22,82.20,80.53,78.21,76.10,74.08,72.13,70.52,69.90,69.70,69.61,69.53,69.45,69.38,69.36,69.33,69.24,69.17,69.16,69.11,69.03,68.95,68.84,68.72,68.63,68.54,68.42,68.31,68.19,68.08,68.00,67.90,67.81,67.72,67.60,67.52,67.42,67.30,67.19,67.11,67.00,66.92,66.82,66.71,66.62,66.53,66.41,66.29,66.18,66.06,65.96,65.87,65.72,65.63,65.55,65.47,65.43,65.55,65.81,66.09,66.34,66.64,66.88,67.13,67.38,67.56,67.72,67.82,67.88,67.95,68.09,68.13,68.17,68.24,68.30,68.25,68.13,68.00,67.93,67.89,67.85,67.81,67.78,67.73,67.66,67.61,67.57,67.52,67.49,67.45,67.41,67.38,67.33,67.27,67.21,67.17,67.13,67.09,67.06,67.02,66.97,66.90,66.81,66.70,66.63,66.55,66.47,66.36,66.22,66.14,66.06,65.99,65.89,65.74,65.66,65.58,65.51,65.42,65.30,65.19,65.09,65.02,64.95,64.94,65.00,65.08,65.15,65.19,65.23,65.28,65.36,65.43,65.48,65.52,65.57,65.64,65.73,65.83,65.92,66.02,66.17,66.32,66.48,66.63,66.77,66.86,66.99,67.15,67.30,67.46,67.61,67.75,67.87,67.98,68.13,68.28,68.44,68.59,68.71,68.82,68.96,69.11,69.27,69.39,69.74,70.20,70.55,70.92,71.27,71.63,71.89,71.62,71.31,70.98,70.63,70.29,69.97,69.65,69.36,69.13,68.88,68.70,68.61,68.62,68.66,68.67,68.69,68.72,68.76,68.80,68.81,68.76,68.66,68.58,68.50,68.54,68.70,68.84,68.87,68.91,68.97,69.00,69.01,68.95,68.87,68.79,68.72,68.70,68.71,68.73,68.74,68.81,68.88,68.95,68.98,68.96,69.03,69.12,69.17,69.10,69.02,68.94,68.85,68.73,68.62,68.53,68.40,68.20,68.02,67.89,67.88,67.91,67.78,67.45,66.97,66.43,65.88,65.30,64.72,64.13,63.52,62.93,62.31,61.78,61.52,61.74,61.98,62.01,61.75,61.25
85.63,86.00,85.42,84.55,83.64,82.73,81.84,80.92,79.54,77.47,75.20,73.08,71.23,69.95,69.80,69.66,69.56,69.47,69.41,69.33,69.29,69.25,69.18,69.11,69.09,69.05,68.98,68.89,68.81,68.69,68.57,68.48,68.40,68.27,68.16,68.07,67.98,67.86,67.75,67.67,67.59,67.51,67.38,67.27,67.19,67.09,66.97,66.87,66.78,66.69,66.61,66.49,66.38,66.28,66.14,66.04,65.96,65.87,65.72,65.63,65.55,65.47,65.45,65.65,65.94,66.22,66.47,66.75,67.01,67.28,67.56,67.79,67.96,68.07,68.12,68.15,68.28,68.32,68.36,68.43,68.50,68.44,68.31,68.18,68.10,68.03,68.01,67.97,67.92,67.91,67.84,67.77,67.72,67.70,67.64,67.61,67.58,67.53,67.51,67.45,67.38,67.32,67.30,67.24,67.21,67.17,67.10,67.01,66.89,66.77,66.70,66.61,66.53,66.41,66.28,66.20,66.13,66.05,65.94,65.80,65.72,65.64,65.56,65.49,65.41,65.26,65.16,65.08,65.02,65.00,65.06,65.13,65.19,65.21,65.27,65.34,65.42,65.48,65.51,65.56,65.64,65.71,65.80,65.92,66.04,66.14,66.29,66.45,66.60,66.75,66.89,66.99,67.12,67.28,67.43,67.58,67.74,67.85,67.95,68.10,68.26,68.41,68.56,68.71,68.80,68.93,69.08,69.24,69.39,69.48,69.79,70.24,70.63,71.08,71.48,71.86,72.12,71.88,71.57,71.25,70.93,70.55,70.23,69.84,69.48,69.27,69.09,68.99,68.94,68.93,68.93,68.93,68.97,69.02,69.03,69.09,69.11,69.05,68.91,68.83,68.75,68.80,68.95,69.10,69.13,69.17,69.25,69.31,69.31,69.26,69.19,69.13,69.07,69.11,69.19,69.23,69.25,69.31,69.39,69.44,69.43,69.35,69.51,69.64,69.64,69.56,69.47,69.40,69.31,69.22,69.08,68.98,68.86,68.69,68.47,68.37,68.37,68.33,68.06,67.57,67.03,66.49,65.95,65.41,64.81,64.20,63.59,63.04,62.43,62.02,61.93,62.18,62.30,62.01,61.54,61.03
85.00,85.38,84.86,84.01,83.08,82.16,81.28,80.20,78.59,76.33,74.03,71.89,70.50,69.88,69.74,69.64,69.55,69.47,69.40,69.32,69.22,69.15,69.12,69.05,69.03,68.98,68.91,68.83,68.75,68.66,68.55,68.43,68.34,68.25,68.13,68.02,67.94,67.84,67.75,67.66,67.53,67.45,67.36,67.27,67.18,67.05,66.95,66.86,66.76,66.64,66.55,66.46,66.37,66.28,66.13,66.04,65.96,65.87,65.72,65.63,65.55,65.47,65.46,65.75,66.07,66.37,66.63,66.84,67.11,67.41,67.70,67.93,68.14,68.30,68.38,68.39,68.48,68.55,68.59,68.62,68.68,68.59,68.44,68.31,68.24,68.21,68.17,68.13,68.09,68.04,68.01,67.96,67.89,67.84,67.81,67.77,67.73,67.70,67.65,67.62,67.56,67.49,67.44,67.37,67.30,67.24,67.16,67.03,66.93,66.83,66.76,66.68,66.56,66.44,66.34,66.27,66.20,66.08,65.96,65.86,65.78,65.70,65.63,65.55,65.47,65.33,65.22,65.14,65.08,65.06,65.13,65.18,65.21,65.26,65.33,65.41,65.47,65.50,65.55,65.62,65.70,65.78,65.91,66.02,66.13,66.27,66.42,66.57,66.73,66.87,66.97,67.10,67.25,67.40,67.56,67.71,67.87,67.98,68.07,68.23,68.38,68.54,68.69,68.84,68.92,69.06,69.21,69.36,69.52,69.60,69.91,70.37,70.80,71.22,71.61,72.00,72.28,72.16,71.84,71.51,71.18,70.81,70.53,70.17,69.85,69.67,69.52,69.42,69.33,69.24,69.24,69.24,69.25,69.29,69.33,69.37,69.34,69.26,69.16,69.03,68.99,69.06,69.21,69.35,69.42,69.46,69.50,69.56,69.58,69.55,69.53,69.52,69.55,69.62,69.66,69.69,69.75,69.83,69.86,69.90,69.91,69.76,69.94,70.13,70.19,70.11,69.99,69.90,69.80,69.67,69.57,69.45,69.31,69.14,68.92,68.86,68.77,68.56,68.16,67.64,67.10,66.56,66.02,65.47,64.91,64.33,63.71,63.11,62.50,62.27,62.33,62.42,62.20,61.78,61.31,60.86
84.37,84.78,84.32,83.50,82.60,81.75,80.92,79.68,77.85,75.46,73.32,71.39,70.25,69.87,69.74,69.66,69.58,69.51,69.42,69.35,69.21,69.12,69.08,69.02,68.98,68.92,68.84,68.77,68.72,68.63,68.52,68.40,68.31,68.22,68.10,67.98,67.91,67.83,67.74,67.62,67.50,67.42,67.33,67.23,67.14,67.02,66.93,66.84,66.73,66.61,66.52,66.45,66.37,66.28,66.16,66.05,65.96,65.87,65.72,65.63,65.55,65.49,65.52,65.84,66.16,66.48,66.79,67.00,67.27,67.54,67.80,68.06,68.31,68.50,68.61,68.63,68.69,68.75,68.80,68.81,68.87,68.75,68.60,68.47,68.40,68.39,68.34,68.29,68.25,68.20,68.17,68.13,68.07,68.01,68.00,67.94,67.89,67.85,67.81,67.77,67.72,67.64,67.55,67.47,67.39,67.30,67.22,67.08,66.97,66.89,66.82,66.74,66.60,66.49,66.41,66.33,66.26,66.13,66.01,65.92,65.84,65.77,65.70,65.61,65.53,65.39,65.28,65.20,65.14,65.11,65.16,65.21,65.25,65.32,65.39,65.46,65.51,65.54,65.61,65.69,65.77,65.88,66.03,66.12,66.24,66.39,66.55,66.70,66.86,66.99,67.07,67.22,67.37,67.53,67.68,67.84,67.97,68.09,68.20,68.36,68.51,68.66,68.81,68.94,69.04,69.18,69.34,69.49,69.64,69.73,70.04,70.50,70.93,71.35,71.75,72.16,72.46,72.42,72.13,71.81,71.51,71.18,70.91,70.59,70.31,70.17,70.02,69.91,69.78,69.65,69.60,69.59,69.57,69.57,69.62,69.63,69.57,69.50,69.40,69.26,69.23,69.31,69.46,69.61,69.70,69.74,69.79,69.85,69.89,69.91,69.93,69.97,70.02,70.09,70.13,70.17,70.25,70.31,70.34,70.38,70.38,70.21,70.42,70.64,70.70,70.63,70.50,70.39,70.28,70.16,70.08,69.95,69.80,69.61,69.37,69.26,69.06,68.73,68.23,67.70,67.16,66.62,66.08,65.54,65.00,64.43,63.83,63.22,62.66,62.53,62.56,62.42,62.04,61.65,61.25,60.87
83.74,84.20,83.81,83.02,82.16,81.44,80.66,79.33,77.40,75.06,73.27,71.69,70.57,69.96,69.81,69.72,69.64,69.56,69.49,69.41,69.28,69.16,69.09,69.02,68.94,68.87,68.79,68.71,68.70,68.59,68.47,68.39,68.31,68.18,68.07,67.98,67.90,67.83,67.71,67.58,67.50,67.42,67.29,67.18,67.10,67.01,66.93,66.82,66.69,66.60,66.53,66.45,66.38,66.29,66.20,66.08,65.97,65.87,65.72,65.63,65.55,65.53,65.63,65.93,66.23,66.57,66.93,67.22,67.48,67.69,67.90,68.19,68.48,68.69,68.81,68.88,68.89,68.95,68.99,69.00,69.06,68.94,68.79,68.66,68.59,68.58,68.52,68.46,68.39,68.38,68.32,68.29,68.26,68.20,68.18,68.13,68.06,68.00,67.98,67.92,67.84,67.75,67.61,67.52,67.45,67.37,67.28,67.14,67.04,66.96,66.89,66.80,66.67,66.55,66.47,66.39,66.32,66.19,66.06,65.99,65.91,65.83,65.76,65.68,65.60,65.46,65.35,65.27,65.20,65.12,65.16,65.23,65.31,65.38,65.45,65.50,65.52,65.59,65.67,65.75,65.86,66.00,66.15,66.25,66.37,66.52,66.67,66.83,66.98,67.11,67.20,67.35,67.50,67.66,67.81,67.96,68.06,68.18,68.33,68.48,68.64,68.79,68.92,69.02,69.16,69.31,69.46,69.61,69.76,69.85,70.15,70.59,70.99,71.44,71.90,72.33,72.65,72.68,72.44,72.16,71.92,71.67,71.37,71.06,70.84,70.75,70.60,70.45,70.30,70.14,70.02,70.00,69.96,69.91,69.92,69.92,69.85,69.77,69.68,69.54,69.51,69.58,69.72,69.88,69.97,70.04,70.11,70.19,70.26,70.33,70.40,70.45,70.47,70.54,70.61,70.68,70.75,70.77,70.81,70.86,70.84,70.71,70.97,71.16,71.15,71.07,70.99,70.86,70.74,70.66,70.58,70.50,70.35,70.10,69.81,69.57,69.26,68.84,68.30,67.77,67.22,66.68,66.14,65.60,65.06,64.52,63.95,63.35,62.92,62.76,62.63,62.25,61.91,61.64,61.35,61.05
83.10,83.54,83.39,82.80,82.03,81.28,80.51,79.33,77.77,75.96,74.42,72.98,71.71,70.67,70.01,69.80,69.71,69.64,69.55,69.47,69.34,69.22,69.14,69.06,68.95,68.86,68.77,68.66,68.64,68.56,68.45,68.33,68.25,68.15,68.06,67.97,67.85,67.77,67.67,67.57,67.50,67.42,67.32,67.20,67.09,67.01,66.93,66.84,66.73,66.66,66.58,66.51,66.41,66.29,66.21,66.11,66.00,65.87,65.77,65.65,65.55,65.57,65.80,66.10,66.37,66.67,67.00,67.31,67.64,67.91,68.15,68.38,68.64,68.86,69.02,69.13,69.13,69.19,69.21,69.19,69.25,69.14,68.95,68.81,68.77,68.73,68.69,68.64,68.57,68.53,68.49,68.45,68.41,68.38,68.33,68.30,68.23,68.12,68.07,67.99,67.92,67.83,67.68,67.58,67.51,67.44,67.34,67.20,67.10,67.02,66.95,66.87,66.73,66.61,66.54,66.46,66.39,66.26,66.13,66.05,65.97,65.89,65.82,65.74,65.66,65.56,65.44,65.33,65.26,65.18,65.22,65.29,65.36,65.40,65.47,65.53,65.58,65.66,65.73,65.84,65.97,66.12,66.24,66.35,66.49,66.65,66.80,66.95,67.08,67.20,67.33,67.47,67.63,67.78,67.93,68.04,68.16,68.30,68.45,68.61,68.76,68.92,69.04,69.13,69.28,69.40,69.53,69.68,69.78,69.87,70.15,70.56,70.95,71.41,71.87,72.34,72.78,73.04,72.89,72.64,72.40,72.12,71.82,71.57,71.42,71.37,71.22,71.07,70.89,70.72,70.66,70.64,70.62,70.60,70.59,70.51,70.37,70.23,70.16,70.05,70.03,70.04,70.09,70.24,70.37,70.46,70.54,70.61,70.69,70.77,70.84,70.91,70.96,71.03,71.09,71.13,71.20,71.25,71.29,71.31,71.30,71.25,71.50,71.65,71.59,71.52,71.44,71.34,71.24,71.16,71.04,70.98,70.86,70.60,70.21,69.83,69.40,68.91,68.37,67.83,67.29,66.75,66.21,65.67,65.12,64.58,64.03,63.48,63.10,62.86,62.64,62.31,62.00,61.71,61.44,61.17
82.37,82.81,82.87,82.54,81.93,81.16,80.40,79.34,78.07,76.68,75.28,73.89,72.51,71.20,70.16,69.87,69.77,69.70,69.61,69.54,69.41,69.28,69.21,69.13,68.98,68.88,68.77,68.64,68.60,68.55,68.44,68.29,68.22,68.14,68.06,67.97,67.83,67.75,67.67,67.59,67.50,67.42,67.34,67.23,67.11,67.03,66.95,66.88,66.79,66.70,66.62,66.55,66.44,66.29,66.20,66.11,66.01,65.88,65.78,65.65,65.58,65.67,65.98,66.29,66.55,66.82,67.11,67.42,67.77,68.10,68.38,68.58,68.80,69.01,69.21,69.35,69.38,69.44,69.44,69.40,69.42,69.30,69.11,68.96,68.94,68.88,68.85,68.82,68.75,68.68,68.65,68.61,68.56,68.54,68.47,68.43,68.37,68.22,68.14,68.06,67.98,67.89,67.74,67.66,67.58,67.49,67.41,67.27,67.16,67.08,67.01,66.93,66.79,66.68,66.60,66.52,66.45,66.32,66.20,66.11,66.04,65.96,65.89,65.80,65.73,65.66,65.53,65.39,65.32,65.24,65.27,65.35,65.40,65.42,65.48,65.56,65.64,65.72,65.81,65.95,66.09,66.23,66.32,66.46,66.62,66.77,66.93,67.08,67.19,67.29,67.44,67.60,67.75,67.91,68.05,68.13,68.27,68.43,68.58,68.71,68.85,69.00,69.13,69.22,69.37,69.46,69.56,69.69,69.79,69.87,70.11,70.47,70.87,71.34,71.79,72.28,72.81,73.25,73.30,73.14,72.88,72.59,72.30,72.11,72.01,71.98,71.83,71.68,71.51,71.37,71.36,71.35,71.34,71.33,71.28,71.11,70.90,70.75,70.67,70.61,70.57,70.52,70.51,70.64,70.78,70.89,70.98,71.06,71.13,71.21,71.29,71.37,71.44,71.52,71.56,71.59,71.67,71.73,71.77,71.77,71.75,71.78,72.00,72.09,72.02,71.94,71.88,71.80,71.73,71.64,71.51,71.44,71.28,70.96,70.50,70.05,69.53,69.00,68.46,67.91,67.38,66.82,66.27,65.71,65.15,64.59,64.05,63.56,63.25,62.95,62.66,62.41,62.12,61.82,61.53,61.28
81.49,81.93,82.11,82.10,81.80,81.04,80.32,79.21,77.88,76.49,75.09,73.70,72.35,71.10,70.15,69.92,69.83,69.76,69.68,69.60,69.47,69.35,69.27,69.19,69.05,68.94,68.84,68.70,68.62,68.55,68.44,68.29,68.22,68.14,68.06,67.98,67.89,67.81,67.73,67.64,67.50,67.42,67.34,67.26,67.17,67.09,67.02,66.94,66.85,66.71,66.62,66.55,66.44,66.28,66.15,66.05,65.97,65.87,65.73,65.63,65.67,65.86,66.17,66.48,66.78,67.05,67.31,67.61,67.88,68.16,68.48,68.81,69.00,69.17,69.36,69.55,69.63,69.65,69.65,69.63,69.57,69.43,69.27,69.13,69.07,69.06,69.01,68.96,68.94,68.87,68.80,68.76,68.74,68.67,68.59,68.53,68.43,68.28,68.20,68.13,68.05,67.95,67.80,67.72,67.64,67.56,67.47,67.33,67.23,67.16,67.08,66.99,66.86,66.74,66.66,66.58,66.51,66.38,66.26,66.18,66.10,66.02,65.95,65.87,65.80,65.72,65.59,65.46,65.39,65.30,65.34,65.39,65.41,65.48,65.55,65.63,65.70,65.79,65.92,66.07,66.20,66.30,66.44,66.59,66.75,66.90,67.05,67.21,67.32,67.42,67.57,67.73,67.88,68.03,68.18,68.26,68.40,68.55,68.69,68.78,68.87,69.00,69.13,69.22,69.37,69.46,69.54,69.64,69.78,69.87,70.05,70.34,70.75,71.26,71.69,72.16,72.68,73.14,73.58,73.62,73.34,73.09,72.85,72.71,72.63,72.55,72.41,72.25,72.15,72.12,72.12,72.06,72.03,72.00,71.85,71.58,71.38,71.25,71.19,71.17,71.06,70.99,71.00,71.09,71.18,71.31,71.42,71.50,71.58,71.66,71.73,71.81,71.89,71.96,72.03,72.10,72.18,72.19,72.24,72.26,72.21,72.27,72.42,72.47,72.40,72.32,72.30,72.25,72.17,72.09,72.00,71.83,71.53,71.09,70.63,70.17,69.66,69.12,68.57,68.03,67.50,66.93,66.32,65.72,65.11,64.50,63.94,63.55,63.34,63.08,62.77,62.48,62.23,61.94,61.64,61.38
80.45,80.99,81.27,81.41,81.34,80.87,80.21,79.05,77.70,76.34,74.95,73.59,72.24,71.00,70.14,69.96,69.90,69.83,69.74,69.66,69.53,69.41,69.33,69.25,69.12,69.01,68.91,68.75,68.64,68.55,68.45,68.34,68.22,68.14,68.06,67.98,67.91,67.83,67.75,67.66,67.55,67.47,67.36,67.27,67.19,67.11,67.03,66.96,66.87,66.75,66.64,66.52,66.39,66.24,66.12,66.01,65.92,65.82,65.69,65.72,65.87,66.10,66.40,66.67,66.98,67.27,67.54,67.81,68.08,68.37,68.68,68.98,69.22,69.43,69.62,69.79,69.83,69.84,69.84,69.83,69.74,69.61,69.45,69.32,69.25,69.21,69.17,69.13,69.09,69.05,68.95,68.88,68.83,68.75,68.67,68.57,68.45,68.34,68.27,68.19,68.09,67.97,67.86,67.78,67.70,67.61,67.50,67.38,67.30,67.22,67.13,67.02,66.90,66.80,66.73,66.65,66.54,66.42,66.32,66.24,66.16,66.08,66.01,65.94,65.85,65.78,65.66,65.52,65.45,65.37,65.38,65.41,65.46,65.53,65.62,65.69,65.77,65.90,66.05,66.20,66.32,66.42,66.56,66.72,66.87,67.03,67.18,67.30,67.42,67.54,67.69,67.81,67.96,68.09,68.22,68.33,68.45,68.58,68.72,68.80,68.87,69.00,69.13,69.21,69.33,69.44,69.54,69.62,69.74,69.82,69.97,70.22,70.62,71.11,71.58,72.04,72.51,72.97,73.47,73.78,73.83,73.61,73.41,73.31,73.26,73.17,73.02,72.90,72.83,72.83,72.83,72.77,72.67,72.52,72.29,72.02,71.86,71.76,71.69,71.64,71.51,71.44,71.46,71.54,71.65,71.77,71.88,71.99,72.07,72.15,72.21,72.25,72.33,72.41,72.48,72.56,72.64,72.68,72.72,72.72,72.70,72.78,72.88,72.90,72.82,72.75,72.70,72.65,72.56,72.48,72.34,72.01,71.59,71.13,70.66,70.23,69.68,69.03,68.42,67.83,67.26,66.67,66.05,65.43,64.81,64.27,63.85,63.58,63.37,63.15,62.89,62.59,62.32,62.05,61.79,61.59
78.87,79.66,80.24,80.61,80.78,80.63,80.01,78.87,77.54,76.21,74.83,73.50,72.14,70.89,70.13,70.00,69.96,69.89,69.80,69.73,69.59,69.47,69.39,69.31,69.16,69.05,68.95,68.80,68.66,68.55,68.47,68.38,68.25,68.15,68.07,67.98,67.91,67.83,67.75,67.67,67.59,67.52,67.39,67.28,67.20,67.11,67.03,66.95,66.86,66.78,66.63,66.48,66.33,66.19,66.10,65.97,65.85,65.77,65.69,65.87,66.09,66.35,66.65,66.89,67.18,67.48,67.77,68.02,68.31,68.62,68.90,69.15,69.44,69.68,69.87,70.00,70.01,70.01,70.01,69.99,69.91,69.78,69.63,69.50,69.44,69.36,69.33,69.29,69.22,69.20,69.08,68.97,68.89,68.81,68.73,68.61,68.48,68.41,68.33,68.25,68.14,68.00,67.92,67.84,67.77,67.67,67.52,67.44,67.35,67.27,67.19,67.04,66.95,66.87,66.80,66.71,66.57,66.47,66.39,66.30,66.23,66.15,66.08,65.99,65.92,65.84,65.72,65.60,65.51,65.44,65.42,65.45,65.52,65.60,65.67,65.76,65.87,66.02,66.17,66.32,66.44,66.54,66.69,66.84,67.00,67.14,67.29,67.38,67.50,67.66,67.79,67.88,68.01,68.13,68.22,68.37,68.46,68.58,68.71,68.80,68.87,68.99,69.12,69.21,69.28,69.41,69.53,69.60,69.69,69.77,69.89,70.10,70.47,70.92,71.43,71.89,72.30,72.75,73.23,73.78,74.22,74.11,73.96,73.91,73.88,73.81,73.67,73.58,73.54,73.53,73.50,73.41,73.23,72.98,72.70,72.46,72.34,72.27,72.19,72.10,71.96,71.89,71.91,72.00,72.13,72.23,72.33,72.47,72.56,72.64,72.69,72.72,72.78,72.87,72.94,73.01,73.08,73.16,73.19,73.19,73.21,73.29,73.35,73.34,73.27,73.19,73.11,73.04,72.95,72.81,72.56,72.10,71.60,71.13,70.67,70.26,69.63,68.85,68.15,67.52,66.90,66.28,65.67,65.04,64.47,64.04,63.77,63.61,63.39,63.21,63.00,62.70,62.40,62.16,61.97,61.84
75.55,77.10,78.63,79.70,80.23,80.18,79.58,78.60,77.41,76.08,74.70,73.37,72.02,70.79,70.12,70.00,69.99,69.95,69.87,69.80,69.66,69.54,69.45,69.32,69.16,69.06,68.95,68.81,68.71,68.58,68.47,68.39,68.30,68.22,68.11,67.98,67.91,67.83,67.75,67.67,67.60,67.52,67.43,67.34,67.25,67.12,67.03,66.92,66.80,66.72,66.58,66.42,66.27,66.12,66.03,65.90,65.78,65.76,65.90,66.11,66.35,66.60,66.90,67.14,67.43,67.71,67.97,68.26,68.57,68.84,69.10,69.39,69.65,69.84,69.99,70.07,70.08,70.08,70.08,70.06,69.98,69.89,69.75,69.65,69.62,69.55,69.48,69.42,69.34,69.28,69.14,69.03,68.95,68.88,68.80,68.67,68.55,68.47,68.39,68.31,68.20,68.06,67.98,67.91,67.83,67.73,67.58,67.49,67.42,67.34,67.25,67.10,67.01,66.94,66.85,66.77,66.63,66.52,66.45,66.37,66.30,66.22,66.14,66.06,65.98,65.91,65.82,65.71,65.58,65.49,65.47,65.51,65.58,65.67,65.74,65.85,65.99,66.14,66.30,66.41,66.52,66.66,66.82,66.97,67.09,67.21,67.35,67.45,67.57,67.71,67.80,67.88,68.01,68.13,68.22,68.38,68.46,68.55,68.66,68.79,68.87,68.96,69.07,69.20,69.28,69.38,69.46,69.55,69.68,69.77,69.86,70.00,70.30,70.68,71.14,71.58,71.98,72.44,72.95,73.56,74.18,74.59,74.53,74.48,74.47,74.44,74.35,74.31,74.28,74.21,74.08,73.86,73.62,73.38,73.14,72.96,72.85,72.77,72.69,72.55,72.40,72.36,72.42,72.50,72.59,72.68,72.76,72.86,73.00,73.09,73.16,73.22,73.30,73.37,73.42,73.45,73.53,73.60,73.67,73.70,73.73,73.85,73.85,73.79,73.71,73.63,73.56,73.48,73.34,73.06,72.62,72.14,71.64,71.13,70.66,70.22,69.48,68.58,67.78,67.14,66.52,65.91,65.28,64.62,64.25,64.00,63.77,63.61,63.44,63.24,63.02,62.77,62.51,62.32,62.18,62.09
72.93,74.02,75.77,77.34,78.53,79.20,78.85,78.09,77.12,75.94,74.58,73.25,71.89,70.69,70.10,70.00,70.00,69.98,69.92,69.83,69.68,69.56,69.47,69.32,69.19,69.08,68.97,68.84,68.73,68.61,68.50,68.39,68.31,68.24,68.13,68.02,67.94,67.84,67.75,67.67,67.60,67.52,67.44,67.35,67.23,67.09,66.99,66.88,66.74,66.66,66.51,66.36,66.20,66.06,65.98,65.86,65.82,65.91,66.14,66.37,66.60,66.86,67.16,67.39,67.66,67.94,68.20,68.51,68.80,69.06,69.33,69.60,69.81,69.98,70.09,70.14,70.17,70.16,70.14,70.12,70.05,69.97,69.88,69.81,69.77,69.67,69.58,69.51,69.42,69.35,69.20,69.09,69.02,68.94,68.86,68.73,68.61,68.53,68.45,68.38,68.26,68.13,68.05,67.97,67.89,67.79,67.64,67.56,67.48,67.41,67.31,67.17,67.08,66.99,66.92,66.83,66.69,66.58,66.51,66.44,66.35,66.27,66.20,66.13,66.05,65.97,65.89,65.79,65.64,65.56,65.53,65.58,65.65,65.73,65.83,65.96,66.12,66.27,66.39,66.51,66.62,66.75,66.91,67.03,67.14,67.23,67.38,67.47,67.59,67.72,67.80,67.88,68.01,68.13,68.22,68.34,68.45,68.54,68.63,68.75,68.84,68.93,69.04,69.16,69.24,69.34,69.44,69.52,69.64,69.73,69.80,69.91,70.10,70.41,70.81,71.24,71.67,72.16,72.69,73.31,74.00,74.61,74.75,74.89,75.03,75.08,75.04,75.00,74.93,74.77,74.56,74.29,74.04,73.80,73.59,73.45,73.35,73.27,73.14,72.97,72.83,72.81,72.89,72.97,73.04,73.14,73.23,73.32,73.44,73.53,73.62,73.72,73.77,73.84,73.89,73.93,74.01,74.09,74.14,74.18,74.22,74.31,74.27,74.19,74.12,74.03,73.97,73.83,73.59,73.20,72.67,72.17,71.66,71.13,70.66,70.19,69.43,68.43,67.50,66.78,66.12,65.50,64.92,64.41,64.17,64.00,63.80,63.62,63.46,63.27,63.07,62.87,62.67,62.50,62.37,62.26
71.13,71.15,72.49,74.21,76.02,77.66,77.83,77.38,76.67,75.73,74.44,73.12,71.77,70.59,70.09,70.00,70.00,70.00,69.97,69.85,69.70,69.58,69.48,69.34,69.23,69.11,68.98,68.89,68.76,68.65,68.53,68.41,68.32,68.24,68.16,68.07,67.99,67.86,67.75,67.67,67.60,67.52,67.44,67.32,67.17,67.03,66.94,66.81,66.67,66.59,66.45,66.29,66.14,66.00,65.92,65.86,65.94,66.16,66.39,66.62,66.86,67.12,67.41,67.65,67.89,68.15,68.45,68.75,69.01,69.28,69.56,69.78,69.95,70.11,70.20,70.22,70.28,70.24,70.20,70.18,70.11,70.03,69.99,69.96,69.88,69.74,69.64,69.56,69.49,69.41,69.27,69.16,69.08,69.01,68.92,68.80,68.67,68.59,68.52,68.44,68.33,68.19,68.11,68.03,67.95,67.86,67.71,67.63,67.55,67.47,67.38,67.23,67.14,67.06,66.98,66.90,66.76,66.65,66.58,66.49,66.42,66.34,66.27,66.19,66.11,66.03,65.95,65.86,65.71,65.63,65.61,65.64,65.72,65.80,65.93,66.08,66.22,66.37,66.46,66.59,66.72,66.81,66.96,67.06,67.14,67.24,67.38,67.47,67.59,67.72,67.80,67.88,68.01,68.13,68.21,68.30,68.42,68.53,68.61,68.70,68.78,68.90,69.02,69.11,69.19,69.31,69.43,69.51,69.59,69.67,69.74,69.83,69.93,70.13,70.47,70.89,71.37,71.90,72.44,73.06,73.71,74.29,74.69,75.09,75.43,75.59,75.64,75.62,75.49,75.25,74.96,74.71,74.47,74.25,74.04,73.94,73.86,73.74,73.58,73.36,73.26,73.27,73.34,73.42,73.50,73.61,73.73,73.81,73.90,73.97,74.08,74.20,74.22,74.29,74.37,74.44,74.51,74.59,74.62,74.65,74.71,74.72,74.66,74.58,74.50,74.42,74.33,74.09,73.73,73.26,72.73,72.19,71.66,71.13,70.66,70.19,69.42,68.38,67.28,66.44,65.72,65.10,64.63,64.36,64.18,64.02,63.84,63.63,63.46,63.30,63.14,62.99,62.83,62.67,62.52,62.37
71.17,70.94,71.20,71.86,73.04,74.95,76.28,76.33,75.80,75.15,74.22,72.99,71.66,70.53,70.08,70.00,70.00,70.00,69.99,69.94,69.81,69.67,69.54,69.39,69.25,69.14,69.03,68.91,68.80,68.68,68.56,68.45,68.33,68.24,68.16,68.08,68.00,67.90,67.79,67.67,67.60,67.52,67.40,67.27,67.12,67.01,66.89,66.74,66.61,66.53,66.39,66.23,66.09,65.99,65.92,66.00,66.18,66.41,66.64,66.88,67.14,67.42,67.67,67.90,68.13,68.40,68.70,68.96,69.24,69.51,69.75,69.92,70.08,70.20,70.28,70.33,70.36,70.30,70.24,70.19,70.17,70.09,70.04,69.99,69.95,69.81,69.71,69.63,69.55,69.42,69.31,69.22,69.14,69.06,68.99,68.86,68.73,68.66,68.58,68.51,68.39,68.25,68.17,68.09,68.02,67.92,67.77,67.69,67.61,67.53,67.44,67.29,67.20,67.13,67.05,66.96,66.82,66.72,66.64,66.56,66.48,66.41,66.33,66.25,66.17,66.09,66.02,65.92,65.78,65.69,65.67,65.70,65.78,65.91,66.02,66.12,66.24,66.38,66.47,66.60,66.73,66.82,66.97,67.06,67.16,67.28,67.39,67.47,67.56,67.67,67.79,67.88,67.97,68.09,68.21,68.29,68.39,68.48,68.57,68.69,68.77,68.87,68.98,69.10,69.18,69.28,69.37,69.46,69.58,69.62,69.68,69.76,69.83,69.91,70.17,70.58,71.11,71.64,72.22,72.79,73.31,73.78,74.22,74.68,75.10,75.46,75.81,75.99,75.93,75.65,75.39,75.11,74.86,74.65,74.53,74.45,74.30,74.13,73.97,73.80,73.74,73.77,73.84,73.92,74.00,74.09,74.19,74.26,74.34,74.42,74.53,74.67,74.72,74.79,74.87,74.93,74.97,75.04,75.09,75.16,75.21,75.17,75.10,75.02,74.93,74.80,74.63,74.27,73.79,73.27,72.73,72.19,71.66,71.13,70.66,70.19,69.40,68.32,67.18,66.18,65.39,64.86,64.59,64.40,64.20,64.02,63.86,63.68,63.48,63.30,63.16,63.05,62.91,62.75,62.59,62.44
71.45,71.12,70.73,70.61,71.10,72.55,74.11,74.80,74.79,74.32,73.69,72.70,71.52,70.46,70.09,70.01,70.00,70.00,70.00,70.00,69.88,69.73,69.58,69.42,69.29,69.17,69.06,68.91,68.82,68.71,68.59,68.48,68.36,68.25,68.16,68.08,68.00,67.93,67.80,67.66,67.57,67.49,67.36,67.20,67.06,66.98,66.84,66.68,66.55,66.47,66.32,66.17,66.04,65.98,65.99,66.17,66.42,66.67,66.90,67.13,67.39,67.67,67.92,68.16,68.39,68.64,68.92,69.19,69.48,69.73,69.92,70.06,70.19,70.28,70.36,70.42,70.41,70.36,70.29,70.23,70.20,70.15,70.08,70.02,69.99,69.89,69.78,69.70,69.61,69.48,69.37,69.28,69.21,69.13,69.03,68.91,68.80,68.72,68.64,68.55,68.43,68.31,68.23,68.16,68.07,67.96,67.83,67.75,67.67,67.58,67.48,67.35,67.27,67.19,67.10,67.00,66.87,66.77,66.70,66.63,66.55,66.47,66.39,66.31,66.23,66.16,66.08,65.99,65.87,65.78,65.74,65.75,65.83,65.97,66.06,66.16,66.26,66.39,66.50,66.61,66.73,66.82,66.97,67.06,67.16,67.28,67.36,67.46,67.55,67.64,67.77,67.87,67.95,68.05,68.18,68.26,68.35,68.44,68.53,68.66,68.77,68.85,68.95,69.07,69.16,69.25,69.34,69.42,69.55,69.58,69.61,69.70,69.77,69.78,69.94,70.29,70.79,71.36,71.93,72.43,72.86,73.25,73.70,74.17,74.62,75.09,75.70,76.22,76.34,76.06,75.80,75.52,75.28,75.10,75.00,74.90,74.73,74.54,74.39,74.23,74.20,74.24,74.32,74.40,74.47,74.55,74.64,74.73,74.81,74.89,74.99,75.11,75.19,75.27,75.35,75.41,75.44,75.51,75.59,75.66,75.69,75.62,75.52,75.44,75.33,75.12,74.82,74.35,73.81,73.28,72.73,72.21,71.68,71.15,70.67,70.19,69.37,68.26,67.13,66.04,65.22,64.74,64.59,64.43,64.22,64.02,63.87,63.71,63.53,63.36,63.23,63.12,62.97,62.81,62.66,62.50
71.69,71.31,70.87,70.58,70.52,70.81,71.44,72.80,73.63,73.26,72.77,72.18,71.28,70.36,70.12,70.03,70.00,70.00,70.00,69.99,69.88,69.73,69.58,69.42,69.32,69.20,69.05,68.91,68.82,68.74,68.63,68.50,68.40,68.27,68.16,68.08,68.00,67.93,67.80,67.65,67.52,67.42,67.29,67.14,67.00,66.91,66.78,66.62,66.49,66.40,66.26,66.11,65.98,65.97,66.14,66.37,66.63,66.91,67.15,67.38,67.62,67.88,68.17,68.41,68.64,68.88,69.13,69.43,69.73,69.95,70.09,70.18,70.27,70.35,70.43,70.47,70.42,70.40,70.35,70.28,70.22,70.19,70.14,70.07,70.01,69.98,69.88,69.76,69.68,69.59,69.46,69.35,69.27,69.19,69.06,68.95,68.86,68.78,68.70,68.58,68.46,68.38,68.30,68.22,68.10,67.97,67.89,67.81,67.73,67.63,67.50,67.41,67.33,67.25,67.16,67.02,66.92,66.84,66.77,66.69,66.61,66.53,66.45,66.38,66.30,66.22,66.14,66.06,65.98,65.90,65.83,65.80,65.83,65.97,66.06,66.18,66.31,66.40,66.53,66.64,66.73,66.82,66.96,67.06,67.14,67.23,67.31,67.44,67.55,67.63,67.72,67.86,67.95,68.03,68.12,68.20,68.33,68.44,68.52,68.61,68.75,68.84,68.93,69.02,69.09,69.22,69.34,69.41,69.49,69.50,69.55,69.63,69.70,69.71,69.78,70.01,70.44,71.02,71.53,71.96,72.35,72.75,73.20,73.66,74.10,74.56,75.35,76.29,76.72,76.48,76.20,75.95,75.75,75.59,75.45,75.30,75.14,74.98,74.83,74.68,74.65,74.69,74.77,74.84,74.92,75.00,75.10,75.23,75.31,75.40,75.47,75.56,75.64,75.71,75.80,75.87,75.94,76.01,76.09,76.14,76.13,76.06,75.93,75.81,75.67,75.36,74.89,74.35,73.81,73.28,72.73,72.25,71.74,71.20,70.68,70.19,69.34,68.21,67.12,66.03,65.22,64.74,64.59,64.43,64.22,64.03,63.88,63.73,63.62,63.48,63.33,63.19,63.03,62.88,62.72,62.56
71.89,71.46,71.00,70.63,70.40,70.42,70.59,71.28,71.92,72.09,71.68,71.19,70.66,70.20,70.06,70.01,70.00,69.99,69.94,69.90,69.81,69.69,69.58,69.42,69.30,69.16,69.01,68.91,68.82,68.75,68.64,68.50,68.41,68.31,68.20,68.07,67.95,67.88,67.74,67.61,67.49,67.37,67.23,67.09,66.98,66.86,66.71,66.58,66.47,66.34,66.19,66.07,66.02,66.11,66.32,66.59,66.86,67.13,67.40,67.64,67.87,68.11,68.38,68.65,68.89,69.13,69.37,69.68,69.92,70.07,70.17,70.26,70.37,70.47,70.53,70.54,70.47,70.45,70.41,70.34,70.27,70.22,70.18,70.13,70.06,70.01,69.95,69.86,69.75,69.66,69.56,69.44,69.33,69.25,69.15,69.03,68.92,68.85,68.77,68.64,68.52,68.44,68.36,68.28,68.16,68.03,67.95,67.88,67.80,67.69,67.55,67.47,67.39,67.31,67.21,67.07,66.98,66.91,66.83,66.75,66.67,66.59,66.52,66.44,66.36,66.28,66.21,66.14,66.05,65.97,65.90,65.83,65.83,65.97,66.06,66.19,66.32,66.40,66.51,66.62,66.73,66.81,66.92,67.01,67.11,67.21,67.29,67.40,67.49,67.58,67.70,67.81,67.90,67.99,68.11,68.19,68.29,68.39,68.47,68.59,68.71,68.80,68.89,69.00,69.08,69.19,69.28,69.36,69.43,69.44,69.49,69.56,69.64,69.69,69.75,69.89,70.16,70.66,71.11,71.49,71.84,72.24,72.69,73.15,73.60,74.12,75.05,76.10,76.77,76.87,76.63,76.39,76.20,76.05,75.89,75.74,75.58,75.43,75.27,75.13,75.13,75.19,75.27,75.34,75.42,75.50,75.58,75.69,75.77,75.85,75.93,76.00,76.08,76.16,76.26,76.35,76.40,76.47,76.54,76.59,76.57,76.46,76.34,76.16,75.87,75.42,74.90,74.35,73.81,73.28,72.73,72.22,71.72,71.21,70.67,70.13,69.25,68.14,67.06,65.98,65.20,64.74,64.59,64.43,64.25,64.10,63.98,63.83,63.70,63.56,63.41,63.25,63.09,62.94,62.78,62.63
72.06,71.59,71.13,70.70,70.41,70.38,70.32,70.29,70.56,71.05,70.74,70.36,70.14,70.07,70.01,69.99,69.98,69.95,69.88,69.80,69.73,69.64,69.55,69.40,69.24,69.10,68.98,68.90,68.81,68.73,68.63,68.49,68.40,68.31,68.20,68.05,67.91,67.82,67.69,67.57,67.47,67.32,67.17,67.06,66.95,66.80,66.66,66.55,66.44,66.29,66.15,66.06,66.09,66.29,66.53,66.81,67.08,67.34,67.63,67.87,68.11,68.36,68.59,68.88,69.14,69.38,69.62,69.89,70.06,70.17,70.26,70.34,70.47,70.58,70.62,70.61,70.55,70.53,70.48,70.41,70.33,70.25,70.22,70.20,70.11,70.04,70.01,69.95,69.82,69.73,69.66,69.54,69.42,69.33,69.24,69.13,69.00,68.91,68.83,68.71,68.59,68.51,68.42,68.35,68.23,68.09,68.02,67.94,67.86,67.75,67.61,67.53,67.45,67.38,67.28,67.14,67.05,66.97,66.89,66.81,66.73,66.66,66.58,66.51,66.42,66.35,66.27,66.20,66.11,66.04,65.97,65.89,65.85,65.98,66.06,66.17,66.30,66.38,66.47,66.59,66.71,66.79,66.88,66.96,67.07,67.20,67.28,67.36,67.45,67.54,67.67,67.78,67.86,67.96,68.09,68.17,68.26,68.34,68.43,68.57,68.67,68.75,68.85,68.98,69.06,69.15,69.23,69.30,69.37,69.38,69.43,69.52,69.60,69.68,69.75,69.83,69.95,70.32,70.69,71.02,71.34,71.73,72.18,72.64,73.11,73.72,74.75,75.83,76.71,77.17,77.03,76.83,76.64,76.49,76.34,76.18,76.03,75.87,75.70,75.57,75.60,75.67,75.75,75.83,75.91,75.98,76.06,76.14,76.23,76.31,76.39,76.47,76.55,76.62,76.73,76.84,76.86,76.93,77.00,77.04,76.99,76.84,76.69,76.41,75.98,75.46,74.92,74.38,73.84,73.30,72.75,72.22,71.70,71.21,70.67,70.06,69.17,68.08,67.00,65.92,65.17,64.74,64.59,64.43,64.28,64.15,64.05,63.90,63.74,63.59,63.43,63.27,63.10,62.95,62.79,62.64
72.18,71.72,71.25,70.80,70.45,70.33,70.30,70.26,70.28,70.37,70.25,70.16,70.08,70.01,70.00,69.94,69.92,69.89,69.81,69.73,69.66,69.58,69.49,69.34,69.18,69.07,68.98,68.89,68.76,68.67,68.58,68.48,68.35,68.25,68.14,68.00,67.90,67.77,67.66,67.55,67.41,67.26,67.15,67.03,66.89,66.74,66.64,66.52,66.38,66.22,66.13,66.09,66.19,66.48,66.77,67.03,67.30,67.58,67.83,68.06,68.34,68.61,68.84,69.08,69.37,69.63,69.85,70.04,70.14,70.26,70.39,70.47,70.55,70.64,70.69,70.68,70.67,70.62,70.55,70.47,70.39,70.31,70.28,70.26,70.18,70.10,70.03,69.99,69.94,69.81,69.72,69.63,69.53,69.39,69.30,69.22,69.11,68.98,68.90,68.81,68.70,68.57,68.49,68.41,68.29,68.16,68.08,68.01,67.92,67.82,67.68,67.59,67.52,67.44,67.34,67.20,67.10,67.03,66.95,66.88,66.80,66.72,66.64,66.56,66.49,66.41,66.33,66.26,66.18,66.10,66.02,65.95,65.91,65.99,66.06,66.15,66.23,66.32,66.45,66.56,66.65,66.73,66.87,66.96,67.05,67.14,67.21,67.34,67.45,67.53,67.63,67.76,67.86,67.94,68.03,68.11,68.23,68.34,68.42,68.52,68.65,68.75,68.83,68.92,69.00,69.13,69.21,69.23,69.30,69.31,69.40,69.52,69.60,69.68,69.75,69.81,69.84,69.98,70.27,70.55,70.83,71.22,71.68,72.10,72.61,73.39,74.43,75.51,76.55,77.33,77.38,77.25,77.09,76.93,76.78,76.62,76.47,76.29,76.09,76.00,76.04,76.12,76.20,76.27,76.35,76.43,76.50,76.59,76.72,76.82,76.90,76.97,77.05,77.13,77.21,77.30,77.36,77.44,77.52,77.51,77.38,77.22,76.88,76.45,75.99,75.51,74.98,74.44,73.90,73.36,72.82,72.28,71.74,71.22,70.67,70.06,69.15,68.02,66.94,65.86,65.14,64.74,64.59,64.43,64.28,64.13,63.98,63.83,63.67,63.52,63.37,63.20,62.99,62.82,62.67,62.51
72.31,71.84,71.38,70.94,70.56,70.33,70.26,70.22,70.19,70.15,70.11,70.07,70.03,69.99,69.95,69.88,69.83,69.78,69.71,69.63,69.55,69.49,69.42,69.28,69.15,69.06,68.97,68.86,68.74,68.65,68.55,68.44,68.32,68.21,68.09,67.97,67.86,67.71,67.61,67.50,67.35,67.23,67.11,66.98,66.83,66.72,66.60,66.47,66.32,66.21,66.12,66.20,66.39,66.67,66.97,67.25,67.53,67.79,68.02,68.28,68.56,68.81,69.05,69.32,69.59,69.82,70.01,70.13,70.24,70.36,70.47,70.55,70.66,70.72,70.76,70.78,70.75,70.69,70.60,70.53,70.46,70.41,70.37,70.32,70.24,70.16,70.09,70.05,70.02,69.91,69.82,69.73,69.61,69.50,69.38,69.30,69.20,69.08,68.97,68.89,68.79,68.67,68.56,68.47,68.35,68.22,68.14,68.06,67.96,67.85,67.73,67.66,67.58,67.51,67.41,67.26,67.17,67.09,67.02,66.94,66.86,66.78,66.70,66.63,66.55,66.47,66.40,66.33,66.24,66.16,66.09,66.03,66.00,66.00,66.06,66.14,66.23,66.34,66.46,66.55,66.63,66.71,66.83,66.92,67.01,67.11,67.19,67.30,67.42,67.52,67.60,67.72,67.81,67.90,68.01,68.09,68.20,68.31,68.42,68.50,68.61,68.70,68.79,68.90,68.98,69.09,69.16,69.17,69.24,69.28,69.37,69.48,69.55,69.63,69.71,69.75,69.77,69.85,70.02,70.18,70.36,70.72,71.13,71.54,72.11,73.05,74.11,75.20,76.28,77.24,77.72,77.69,77.53,77.38,77.22,77.07,76.89,76.69,76.53,76.48,76.53,76.61,76.69,76.77,76.84,76.91,77.00,77.08,77.19,77.28,77.36,77.43,77.51,77.59,77.67,77.74,77.82,77.90,77.95,77.88,77.65,77.35,76.95,76.51,76.04,75.57,75.05,74.50,73.96,73.42,72.88,72.34,71.80,71.26,70.72,70.14,69.25,68.14,67.05,65.91,65.13,64.70,64.54,64.39,64.23,64.08,63.92,63.76,63.58,63.41,63.26,63.10,62.91,62.71,62.54,62.38
72.44,71.97,71.52,71.10,70.70,70.35,70.23,70.19,70.16,70.10,70.08,70.03,70.00,69.97,69.91,69.83,69.75,69.68,69.61,69.53,69.45,69.40,69.36,69.22,69.13,69.06,68.96,68.83,68.73,68.64,68.53,68.39,68.30,68.17,68.06,67.96,67.81,67.66,67.55,67.44,67.30,67.21,67.08,66.92,66.79,66.69,66.55,66.41,66.28,66.19,66.15,66.34,66.62,66.88,67.17,67.47,67.75,67.98,68.22,68.52,68.77,69.01,69.26,69.55,69.79,69.98,70.12,70.21,70.34,70.45,70.54,70.63,70.76,70.81,70.85,70.89,70.83,70.74,70.67,70.61,70.53,70.51,70.46,70.39,70.31,70.24,70.17,70.12,70.09,70.02,69.94,69.83,69.70,69.60,69.47,69.37,69.29,69.19,69.05,68.95,68.87,68.77,68.64,68.54,68.42,68.30,68.21,68.13,68.00,67.88,67.80,67.72,67.64,67.56,67.47,67.33,67.24,67.16,67.08,67.01,66.92,66.85,66.77,66.70,66.61,66.54,66.47,66.39,66.30,66.23,66.16,66.11,66.09,66.03,66.07,66.15,66.25,66.39,66.47,66.55,66.63,66.71,66.78,66.87,66.98,67.11,67.19,67.27,67.39,67.51,67.59,67.68,67.76,67.86,67.99,68.08,68.16,68.28,68.41,68.48,68.57,68.66,68.75,68.89,68.97,69.05,69.10,69.12,69.19,69.27,69.34,69.42,69.49,69.56,69.65,69.70,69.72,69.78,69.86,69.91,69.99,70.27,70.60,71.00,71.64,72.70,73.76,74.82,75.89,76.97,77.96,78.09,77.97,77.82,77.66,77.50,77.30,77.11,76.98,76.96,77.03,77.11,77.18,77.25,77.34,77.42,77.49,77.56,77.65,77.73,77.81,77.89,77.97,78.05,78.13,78.20,78.28,78.34,78.33,78.18,77.84,77.40,76.99,76.56,76.09,75.63,75.11,74.57,74.03,73.49,72.95,72.41,71.87,71.34,70.80,70.26,69.42,68.33,67.20,65.98,65.12,64.64,64.48,64.32,64.17,64.01,63.84,63.69,63.48,63.30,63.14,62.98,62.82,62.62,62.42,62.27
72.56,72.10,71.69,71.26,70.82,70.41,70.24,70.16,70.12,70.09,70.04,70.01,69.97,69.92,69.90,69.83,69.75,69.67,69.60,69.52,69.44,69.38,69.31,69.21,69.13,69.06,68.97,68.87,68.74,68.61,68.47,68.32,68.24,68.15,68.03,67.91,67.80,67.66,67.51,67.39,67.29,67.16,67.01,66.88,66.78,66.64,66.49,66.37,66.26,66.17,66.27,66.53,66.83,67.12,67.37,67.67,67.94,68.18,68.47,68.73,68.96,69.21,69.50,69.75,69.95,70.09,70.20,70.33,70.43,70.55,70.67,70.75,70.84,70.91,70.96,70.96,70.89,70.81,70.76,70.73,70.66,70.59,70.52,70.45,70.38,70.35,70.29,70.22,70.16,70.08,70.01,69.92,69.81,69.68,69.58,69.49,69.40,69.27,69.16,69.04,68.94,68.85,68.75,68.62,68.51,68.40,68.28,68.20,68.10,67.99,67.86,67.78,67.70,67.63,67.55,67.45,67.32,67.22,67.14,67.06,66.99,66.91,66.83,66.76,66.68,66.60,66.52,66.45,66.37,66.30,66.22,66.17,66.16,66.09,66.09,66.18,66.30,66.40,66.47,66.55,66.63,66.70,66.78,66.86,66.97,67.11,67.19,67.27,67.36,67.45,67.53,67.66,67.75,67.84,67.94,68.02,68.14,68.25,68.34,68.43,68.56,68.65,68.73,68.83,68.91,68.98,69.05,69.11,69.19,69.27,69.31,69.35,69.42,69.51,69.59,69.65,69.70,69.73,69.79,69.86,69.92,70.01,70.16,70.58,71.30,72.31,73.29,74.22,75.23,76.45,77.86,78.34,78.38,78.25,78.04,77.88,77.72,77.55,77.42,77.41,77.47,77.55,77.63,77.70,77.78,77.86,77.94,78.01,78.09,78.21,78.32,78.40,78.47,78.55,78.63,78.70,78.77,78.81,78.61,78.30,77.92,77.46,77.02,76.56,76.09,75.63,75.15,74.63,74.09,73.55,73.01,72.47,71.95,71.46,70.92,70.43,69.63,68.53,67.23,65.99,65.13,64.62,64.42,64.26,64.11,63.92,63.72,63.56,63.39,63.23,63.06,62.86,62.69,62.52,62.36,62.20
72.69,72.23,71.83,71.40,70.94,70.50,70.24,70.13,70.09,70.05,69.98,69.97,69.92,69.86,69.86,69.79,69.73,69.68,69.63,69.55,69.47,69.40,69.33,69.24,69.17,69.09,69.01,68.89,68.75,68.59,68.44,68.29,68.18,68.10,67.98,67.84,67.76,67.62,67.48,67.36,67.25,67.11,66.97,66.85,66.74,66.59,66.45,66.34,66.25,66.24,66.44,66.72,67.03,67.33,67.56,67.86,68.14,68.41,68.68,68.95,69.19,69.44,69.71,69.92,70.07,70.19,70.29,70.42,70.51,70.63,70.76,70.83,70.92,70.99,71.03,71.02,70.95,70.90,70.86,70.82,70.74,70.66,70.58,70.52,70.47,70.44,70.38,70.31,70.25,70.15,70.07,69.98,69.87,69.75,69.66,69.56,69.45,69.33,69.22,69.10,68.99,68.91,68.81,68.69,68.57,68.46,68.33,68.23,68.14,68.04,67.93,67.84,67.77,67.68,67.58,67.50,67.38,67.28,67.20,67.13,67.05,66.97,66.89,66.82,66.74,66.64,66.55,66.48,66.40,66.35,66.28,66.23,66.23,66.18,66.15,66.19,66.29,66.40,66.47,66.55,66.63,66.70,66.78,66.86,66.97,67.11,67.19,67.27,67.35,67.42,67.51,67.63,67.74,67.83,67.91,67.99,68.11,68.22,68.32,68.40,68.52,68.61,68.70,68.77,68.84,68.92,69.00,69.08,69.16,69.23,69.27,69.28,69.36,69.44,69.52,69.59,69.66,69.67,69.73,69.80,69.86,69.87,69.94,70.22,70.78,71.66,72.58,73.53,74.66,76.06,77.68,78.52,78.75,78.66,78.46,78.30,78.15,77.99,77.87,77.89,77.95,78.03,78.10,78.19,78.26,78.34,78.41,78.50,78.57,78.68,78.79,78.85,78.88,78.92,78.97,79.02,79.03,79.03,78.71,78.25,77.81,77.38,76.94,76.50,76.06,75.60,75.16,74.69,74.19,73.66,73.14,72.61,72.10,71.62,71.08,70.61,69.97,69.00,67.55,66.15,65.17,64.59,64.33,64.19,64.04,63.86,63.67,63.51,63.36,63.20,63.03,62.84,62.67,62.50,62.33,62.18
72.82,72.37,71.96,71.53,71.06,70.61,70.23,70.10,70.06,70.00,69.93,69.91,69.87,69.81,69.80,69.73,69.70,69.69,69.67,69.61,69.53,69.45,69.38,69.30,69.22,69.14,69.04,68.89,68.75,68.59,68.44,68.28,68.14,68.04,67.92,67.79,67.70,67.56,67.45,67.34,67.20,67.05,66.94,66.83,66.68,66.53,66.43,66.31,66.25,66.41,66.63,66.92,67.22,67.52,67.76,68.05,68.36,68.64,68.89,69.18,69.44,69.67,69.89,70.05,70.16,70.27,70.40,70.49,70.56,70.68,70.81,70.89,70.97,71.04,71.09,71.09,71.02,71.00,70.96,70.89,70.80,70.73,70.66,70.60,70.59,70.52,70.45,70.40,70.36,70.23,70.14,70.02,69.88,69.79,69.71,69.59,69.47,69.38,69.23,69.13,69.05,68.95,68.82,68.72,68.61,68.48,68.38,68.25,68.15,68.07,67.99,67.91,67.83,67.72,67.59,67.51,67.43,67.34,67.27,67.20,67.11,67.03,66.95,66.88,66.79,66.66,66.56,66.49,66.42,66.40,66.35,66.30,66.30,66.29,66.24,66.21,66.26,66.38,66.47,66.55,66.63,66.70,66.78,66.86,66.97,67.11,67.19,67.27,67.35,67.42,67.50,67.59,67.71,67.83,67.91,67.99,68.07,68.18,68.31,68.39,68.48,68.56,68.63,68.71,68.78,68.86,68.94,69.02,69.09,69.17,69.20,69.23,69.30,69.38,69.45,69.53,69.60,69.61,69.67,69.74,69.80,69.81,69.88,69.93,70.18,70.83,71.72,72.83,74.19,75.81,77.46,78.65,79.09,79.04,78.89,78.74,78.59,78.43,78.32,78.37,78.45,78.53,78.61,78.68,78.76,78.84,78.91,78.97,79.05,79.12,79.19,79.23,79.18,79.17,79.18,79.16,79.11,79.09,78.67,78.09,77.58,77.17,76.78,76.39,75.97,75.52,75.12,74.71,74.26,73.73,73.27,72.76,72.26,71.79,71.27,70.80,70.34,69.59,68.06,66.44,65.28,64.56,64.25,64.14,64.00,63.84,63.69,63.53,63.38,63.23,63.07,62.90,62.74,62.54,62.34,62.19
72.95,72.54,72.10,71.66,71.19,70.73,70.34,70.12,70.03,69.99,69.92,69.90,69.86,69.80,69.80,69.73,69.70,69.68,69.64,69.61,69.54,69.46,69.39,69.31,69.23,69.13,68.99,68.84,68.73,68.59,68.44,68.28,68.13,68.00,67.88,67.77,67.65,67.54,67.42,67.29,67.14,67.03,66.91,66.77,66.62,66.52,66.39,66.31,66.33,66.58,66.87,67.13,67.41,67.72,68.00,68.26,68.55,68.85,69.13,69.39,69.63,69.85,70.02,70.14,70.26,70.38,70.48,70.56,70.63,70.72,70.82,70.90,70.97,71.05,71.12,71.15,71.13,71.09,71.02,70.95,70.87,70.84,70.78,70.71,70.67,70.63,70.57,70.51,70.44,70.29,70.20,70.08,69.93,69.81,69.68,69.56,69.47,69.38,69.23,69.14,69.04,68.92,68.81,68.73,68.64,68.52,68.40,68.29,68.20,68.13,68.05,67.97,67.86,67.74,67.64,67.56,67.49,67.41,67.33,67.25,67.13,67.04,66.96,66.89,66.81,66.70,66.61,66.55,66.52,66.48,66.44,66.41,66.37,66.36,66.34,66.33,66.33,66.35,66.46,66.55,66.63,66.70,66.78,66.86,66.97,67.11,67.19,67.27,67.35,67.42,67.50,67.58,67.71,67.83,67.91,67.99,68.06,68.16,68.26,68.34,68.46,68.55,68.63,68.70,68.73,68.80,68.88,68.95,69.03,69.11,69.17,69.21,69.24,69.31,69.40,69.47,69.54,69.59,69.62,69.67,69.73,69.74,69.81,69.83,69.94,70.29,71.03,72.35,73.93,75.61,77.29,78.76,79.36,79.33,79.27,79.17,79.03,78.88,78.77,78.83,78.90,78.98,79.06,79.14,79.21,79.26,79.29,79.32,79.34,79.34,79.34,79.34,79.28,79.27,79.27,79.24,79.16,79.07,78.61,77.98,77.38,76.93,76.54,76.15,75.75,75.29,74.89,74.45,73.96,73.48,73.10,72.68,72.27,71.89,71.45,70.99,70.46,69.65,68.24,66.75,65.47,64.65,64.39,64.25,64.10,63.95,63.80,63.70,63.55,63.39,63.22,63.02,62.82,62.59,62.40,62.24
73.11,72.70,72.25,71.78,71.32,70.88,70.47,70.16,69.99,69.96,69.91,69.89,69.84,69.80,69.80,69.73,69.70,69.68,69.63,69.63,69.56,69.49,69.41,69.33,69.24,69.11,68.95,68.81,68.70,68.57,68.41,68.26,68.12,67.97,67.85,67.74,67.59,67.50,67.38,67.23,67.10,67.00,66.86,66.71,66.58,66.48,66.36,66.33,66.46,66.75,67.06,67.34,67.62,67.91,68.22,68.48,68.75,69.05,69.35,69.59,69.81,70.00,70.12,70.20,70.33,70.44,70.51,70.59,70.67,70.74,70.83,70.92,71.01,71.08,71.16,71.22,71.22,71.16,71.08,71.02,70.96,70.93,70.88,70.81,70.76,70.73,70.67,70.59,70.50,70.35,70.25,70.12,69.96,69.81,69.65,69.55,69.47,69.36,69.23,69.14,69.03,68.91,68.83,68.76,68.68,68.58,68.45,68.37,68.28,68.20,68.11,68.03,67.89,67.78,67.70,67.63,67.53,67.45,67.37,67.28,67.16,67.06,66.99,66.91,66.83,66.76,66.68,66.63,66.61,66.55,66.53,66.50,66.46,66.45,66.44,66.42,66.41,66.37,66.46,66.55,66.63,66.70,66.78,66.86,66.97,67.09,67.19,67.27,67.35,67.42,67.50,67.58,67.70,67.81,67.91,67.99,68.06,68.14,68.22,68.30,68.43,68.53,68.60,68.67,68.70,68.75,68.81,68.89,68.97,69.05,69.12,69.18,69.20,69.26,69.33,69.41,69.48,69.56,69.59,69.63,69.67,69.68,69.74,69.78,69.79,69.93,70.44,71.77,73.44,75.22,77.00,78.71,79.50,79.61,79.60,79.55,79.44,79.30,79.21,79.29,79.34,79.39,79.44,79.47,79.53,79.54,79.53,79.52,79.50,79.46,79.42,79.41,79.34,79.33,79.33,79.30,79.22,79.05,78.56,77.90,77.23,76.72,76.29,75.90,75.50,75.06,74.64,74.15,73.63,73.17,72.81,72.42,72.08,71.75,71.36,70.92,70.32,69.46,68.19,66.89,65.62,64.77,64.57,64.41,64.26,64.10,63.96,63.85,63.69,63.52,63.33,63.09,62.88,62.67,62.48,62.33
73.28,72.83,72.37,71.91,71.46,71.06,70.61,70.22,69.97,69.92,69.90,69.85,69.81,69.80,69.80,69.73,69.70,69.70,69.69,69.69,69.63,69.55,69.47,69.39,69.26,69.11,68.95,68.80,68.66,68.51,68.35,68.21,68.11,67.97,67.82,67.67,67.53,67.44,67.32,67.18,67.09,66.95,66.80,66.67,66.57,66.43,66.34,66.42,66.64,66.88,67.18,67.53,67.85,68.11,68.41,68.71,68.98,69.24,69.54,69.78,69.97,70.10,70.19,70.27,70.35,70.44,70.52,70.59,70.67,70.75,70.84,70.98,71.06,71.14,71.22,71.28,71.28,71.23,71.15,71.09,71.07,71.02,70.95,70.89,70.87,70.81,70.73,70.66,70.56,70.42,70.27,70.12,69.96,69.81,69.66,69.55,69.45,69.31,69.22,69.14,69.06,68.97,68.89,68.82,68.74,68.66,68.58,68.50,68.37,68.26,68.17,68.10,67.96,67.84,67.77,67.69,67.55,67.45,67.38,67.29,67.21,67.13,67.05,66.97,66.89,66.82,66.74,66.69,66.68,66.61,66.59,66.59,66.58,66.57,66.52,66.49,66.49,66.48,66.50,66.55,66.63,66.70,66.78,66.86,66.94,67.04,67.18,67.27,67.35,67.42,67.50,67.58,67.66,67.78,67.91,67.99,68.06,68.14,68.22,68.30,68.38,68.47,68.54,68.61,68.68,68.71,68.75,68.83,68.90,68.98,69.05,69.13,69.19,69.21,69.27,69.34,69.42,69.49,69.57,69.60,69.61,69.62,69.69,69.71,69.72,69.76,69.97,70.98,72.58,74.56,76.54,78.46,79.53,79.86,79.86,79.85,79.79,79.70,79.65,79.77,79.75,79.73,79.72,79.67,79.67,79.63,79.59,79.58,79.52,79.50,79.49,79.47,79.40,79.39,79.39,79.36,79.27,79.07,78.52,77.83,77.16,76.56,76.06,75.64,75.25,74.85,74.41,73.90,73.36,72.84,72.39,71.99,71.64,71.31,70.92,70.47,69.88,69.05,67.89,66.76,65.66,64.92,64.77,64.60,64.45,64.29,64.14,63.98,63.77,63.55,63.33,63.11,62.94,62.77,62.61,62.45
73.42,72.96,72.50,72.03,71.59,71.20,70.75,70.31,70.01,69.91,69.90,69.87,69.83,69.80,69.80,69.77,69.75,69.75,69.75,69.75,69.66,69.56,69.49,69.41,69.27,69.11,68.95,68.80,68.65,68.49,68.34,68.19,68.07,67.92,67.77,67.62,67.51,67.39,67.27,67.16,67.04,66.89,66.76,66.65,66.52,66.38,66.39,66.56,66.82,67.06,67.32,67.64,67.98,68.30,68.64,68.93,69.20,69.47,69.73,69.90,70.03,70.13,70.20,70.28,70.39,70.48,70.56,70.64,70.72,70.80,70.88,71.00,71.08,71.15,71.23,71.30,71.34,71.33,71.27,71.20,71.16,71.12,71.06,70.99,70.95,70.92,70.82,70.70,70.58,70.47,70.32,70.17,70.02,69.90,69.72,69.57,69.46,69.35,69.27,69.20,69.11,69.03,68.96,68.89,68.80,68.73,68.64,68.53,68.42,68.32,68.24,68.12,68.01,67.91,67.82,67.70,67.59,67.50,67.42,67.34,67.27,67.20,67.11,67.03,66.92,66.87,66.80,66.75,66.75,66.72,66.70,66.69,66.66,66.65,66.62,66.59,66.56,66.56,66.56,66.58,66.63,66.70,66.78,66.86,66.94,67.03,67.14,67.25,67.35,67.42,67.50,67.58,67.66,67.77,67.91,67.99,68.06,68.14,68.22,68.30,68.37,68.45,68.51,68.56,68.63,68.68,68.72,68.76,68.84,68.92,68.99,69.07,69.14,69.19,69.22,69.28,69.36,69.44,69.51,69.55,69.56,69.59,69.63,69.64,69.66,69.71,69.82,70.32,71.67,73.87,76.21,78.58,79.81,80.12,80.16,80.17,80.14,80.05,79.92,79.90,79.87,79.83,79.79,79.76,79.72,79.68,79.66,79.64,79.58,79.56,79.56,79.54,79.47,79.45,79.45,79.43,79.33,79.04,78.46,77.77,77.09,76.46,75.87,75.39,75.00,74.61,74.16,73.64,73.10,72.57,72.06,71.62,71.22,70.86,70.48,70.02,69.45,68.71,67.71,66.63,65.75,65.22,65.08,64.82,64.64,64.46,64.27,64.07,63.84,63.61,63.39,63.20,63.05,62.86,62.69,62.54
73.55,73.10,72.65,72.19,71.75,71.36,70.89,70.40,70.04,69.91,69.90,69.90,69.87,69.81,69.80,69.80,69.80,69.80,69.80,69.80,69.69,69.58,69.50,69.41,69.27,69.11,68.95,68.80,68.65,68.49,68.34,68.18,68.03,67.88,67.72,67.58,67.48,67.35,67.24,67.13,66.98,66.84,66.73,66.61,66.47,66.37,66.48,66.72,67.00,67.25,67.48,67.75,68.08,68.46,68.84,69.13,69.41,69.69,69.89,69.98,70.06,70.14,70.22,70.30,70.42,70.53,70.61,70.69,70.77,70.84,70.92,71.00,71.08,71.15,71.23,71.31,71.40,71.43,71.40,71.32,71.25,71.23,71.19,71.11,71.04,71.03,70.92,70.76,70.63,70.54,70.40,70.25,70.11,70.00,69.79,69.62,69.50,69.43,69.35,69.27,69.19,69.10,69.02,68.95,68.87,68.80,68.70,68.56,68.46,68.39,68.29,68.14,68.05,67.97,67.88,67.73,67.64,67.56,67.48,67.39,67.32,67.24,67.16,67.07,66.95,66.92,66.88,66.83,66.83,66.82,66.81,66.79,66.73,66.72,66.72,66.68,66.63,66.62,66.61,66.61,66.64,66.70,66.78,66.86,66.94,67.02,67.09,67.24,67.35,67.42,67.50,67.58,67.66,67.76,67.89,67.97,68.05,68.13,68.22,68.30,68.37,68.44,68.49,68.51,68.58,68.65,68.69,68.71,68.78,68.86,68.93,69.01,69.09,69.16,69.19,69.22,69.30,69.37,69.45,69.49,69.52,69.58,69.58,69.58,69.61,69.69,69.77,69.85,70.91,73.17,75.81,78.56,79.97,80.32,80.44,80.49,80.48,80.37,80.15,80.00,79.94,79.88,79.81,79.81,79.74,79.72,79.72,79.70,79.64,79.61,79.61,79.60,79.53,79.52,79.52,79.49,79.38,79.01,78.40,77.71,77.04,76.40,75.72,75.16,74.75,74.36,73.91,73.41,72.86,72.31,71.77,71.28,70.83,70.43,70.06,69.61,69.06,68.37,67.52,66.56,65.93,65.59,65.45,65.04,64.81,64.60,64.36,64.13,63.91,63.67,63.47,63.31,63.16,62.96,62.79,62.66
73.69,73.29,72.88,72.45,72.01,71.60,71.09,70.48,70.04,69.91,69.90,69.90,69.89,69.86,69.81,69.80,69.80,69.80,69.80,69.80,69.73,69.64,69.55,69.42,69.27,69.11,68.95,68.80,68.65,68.49,68.34,68.18,68.03,67.88,67.72,67.57,67.44,67.33,67.21,67.07,66.92,66.82,66.69,66.55,66.43,66.47,66.65,66.88,67.14,67.43,67.67,67.91,68.19,68.52,68.90,69.27,69.60,69.86,69.97,70.05,70.13,70.20,70.28,70.36,70.45,70.53,70.61,70.69,70.77,70.84,70.92,71.00,71.08,71.15,71.23,71.32,71.45,71.53,71.52,71.44,71.37,71.36,71.31,71.23,71.17,71.16,71.05,70.89,70.75,70.67,70.53,70.37,70.22,70.07,69.86,69.72,69.63,69.55,69.47,69.40,69.29,69.16,69.08,69.01,68.94,68.85,68.77,68.62,68.52,68.45,68.35,68.21,68.11,68.03,67.94,67.80,67.70,67.63,67.53,67.40,67.32,67.24,67.16,67.09,67.06,67.00,66.97,66.96,66.95,66.90,66.88,66.88,66.85,66.79,66.78,66.77,66.74,66.69,66.68,66.68,66.69,66.71,66.78,66.86,66.94,67.02,67.09,67.24,67.35,67.42,67.50,67.58,67.66,67.74,67.83,67.91,67.98,68.09,68.22,68.30,68.37,68.41,68.44,68.50,68.58,68.61,68.65,68.70,68.72,68.79,68.86,68.95,69.02,69.09,69.12,69.16,69.23,69.30,69.39,69.45,69.50,69.52,69.52,69.52,69.55,69.63,69.70,69.83,70.61,72.38,75.09,77.87,79.56,80.31,80.62,80.82,80.79,80.63,80.41,80.25,80.07,79.94,79.88,79.87,79.80,79.78,79.78,79.77,79.70,79.68,79.68,79.66,79.59,79.58,79.58,79.55,79.43,78.97,78.34,77.67,77.02,76.35,75.66,75.03,74.50,74.11,73.71,73.22,72.66,72.06,71.52,70.99,70.47,70.01,69.72,69.30,68.71,68.00,67.24,66.63,66.28,66.08,65.86,65.27,64.92,64.66,64.43,64.20,63.97,63.73,63.53,63.38,63.22,63.10,63.00,62.90
73.95,73.56,73.17,72.72,72.23,71.74,71.24,70.69,70.28,70.11,70.00,69.93,69.90,69.89,69.85,69.84,69.84,69.84,69.84,69.84,69.76,69.66,69.58,69.42,69.27,69.11,68.95,68.80,68.65,68.49,68.34,68.18,68.03,67.88,67.72,67.56,67.41,67.30,67.16,67.02,66.90,66.78,66.67,66.53,66.44,66.61,66.83,67.06,67.30,67.58,67.85,68.09,68.34,68.63,68.98,69.35,69.70,69.96,70.03,70.12,70.20,70.27,70.34,70.42,70.50,70.58,70.66,70.73,70.81,70.89,70.97,71.04,71.12,71.20,71.27,71.36,71.47,71.56,71.59,71.57,71.50,71.46,71.42,71.37,71.33,71.30,71.17,71.02,70.88,70.80,70.66,70.50,70.35,70.19,69.99,69.83,69.72,69.64,69.56,69.48,69.38,69.26,69.16,69.08,68.99,68.91,68.79,68.68,68.58,68.50,68.38,68.26,68.17,68.08,67.97,67.85,67.77,67.67,67.56,67.44,67.36,67.28,67.20,67.14,67.14,67.10,67.07,67.05,67.04,67.00,66.96,66.94,66.94,66.89,66.86,66.84,66.83,66.79,66.75,66.75,66.75,66.75,66.79,66.86,66.94,67.02,67.09,67.21,67.33,67.42,67.50,67.58,67.66,67.73,67.81,67.89,67.96,68.06,68.17,68.26,68.33,68.38,68.43,68.50,68.55,68.58,68.62,68.66,68.70,68.77,68.83,68.88,68.95,69.03,69.08,69.12,69.17,69.24,69.32,69.40,69.45,69.45,69.45,69.48,69.52,69.57,69.67,69.80,70.30,71.64,74.38,77.20,79.17,80.27,80.64,80.92,81.03,80.97,80.75,80.59,80.37,80.18,80.06,79.99,79.88,79.84,79.84,79.84,79.80,79.76,79.75,79.73,79.66,79.64,79.62,79.59,79.48,78.94,78.27,77.61,76.98,76.29,75.59,74.94,74.35,73.87,73.47,72.98,72.43,71.84,71.27,70.77,70.31,69.88,69.44,69.01,68.45,67.81,67.27,66.91,66.72,66.53,66.18,65.52,65.04,64.71,64.45,64.22,64.02,63.84,63.68,63.53,63.41,63.31,63.22,63.11
74.27,73.88,73.46,72.98,72.45,71.88,71.41,71.00,70.68,70.44,70.22,70.05,69.94,69.90,69.90,69.90,69.90,69.91,69.92,69.90,69.79,69.67,69.58,69.42,69.27,69.11,68.95,68.80,68.65,68.49,68.34,68.18,68.03,67.87,67.71,67.55,67.41,67.26,67.11,66.97,66.88,66.74,66.64,66.53,66.50,66.77,67.02,67.25,67.48,67.73,68.02,68.28,68.52,68.76,69.06,69.42,69.76,70.01,70.09,70.17,70.25,70.32,70.39,70.47,70.55,70.63,70.70,70.78,70.86,70.94,71.01,71.09,71.17,71.25,71.32,71.41,71.48,71.56,71.64,71.68,71.62,71.55,71.52,71.52,71.50,71.43,71.30,71.14,71.00,70.91,70.77,70.62,70.46,70.31,70.15,69.95,69.78,69.70,69.63,69.55,69.47,69.37,69.23,69.14,69.06,68.96,68.82,68.72,68.65,68.54,68.41,68.32,68.24,68.13,67.99,67.91,67.83,67.71,67.58,67.51,67.42,67.34,67.27,67.22,67.21,67.20,67.16,67.11,67.11,67.10,67.05,67.01,67.00,67.00,66.95,66.91,66.91,66.90,66.84,66.82,66.81,66.81,66.81,66.86,66.94,67.02,67.09,67.17,67.29,67.41,67.49,67.57,67.64,67.72,67.81,67.89,67.96,68.04,68.13,68.20,68.28,68.34,68.42,68.48,68.50,68.56,68.60,68.62,68.69,68.76,68.80,68.82,68.91,68.97,69.05,69.09,69.12,69.18,69.26,69.34,69.39,69.39,69.39,69.44,69.49,69.53,69.66,69.76,70.02,70.95,73.56,76.40,78.72,80.20,80.58,80.90,81.20,81.31,81.13,80.96,80.74,80.52,80.32,80.18,80.03,79.96,79.95,79.94,79.91,79.84,79.81,79.79,79.72,79.70,79.66,79.60,79.50,78.91,78.21,77.55,76.92,76.22,75.54,74.88,74.26,73.66,73.22,72.73,72.19,71.64,71.06,70.64,70.29,69.90,69.28,68.83,68.31,67.79,67.50,67.31,67.20,66.96,66.45,65.79,65.23,64.79,64.48,64.26,64.10,63.98,63.87,63.74,63.65,63.57,63.45,63.30
74.58,74.18,73.62,73.12,72.68,72.23,71.81,71.50,71.22,70.94,70.70,70.45,70.15,69.90,69.90,69.90,69.90,69.96,70.07,69.94,69.83,69.71,69.58,69.42,69.27,69.11,68.95,68.80,68.65,68.49,68.34,68.18,68.03,67.83,67.65,67.51,67.40,67.26,67.10,66.96,66.83,66.72,66.60,66.56,66.66,66.91,67.19,67.44,67.67,67.92,68.21,68.47,68.70,68.94,69.19,69.51,69.80,70.02,70.09,70.22,70.29,70.33,70.40,70.48,70.56,70.64,70.71,70.79,70.87,70.91,70.97,71.09,71.17,71.25,71.33,71.41,71.48,71.56,71.64,71.71,71.73,71.67,71.64,71.64,71.63,71.56,71.43,71.27,71.12,70.99,70.84,70.69,70.53,70.38,70.22,70.05,69.89,69.77,69.69,69.61,69.53,69.44,69.29,69.20,69.13,69.02,68.88,68.79,68.72,68.61,68.46,68.39,68.30,68.19,68.05,67.97,67.89,67.77,67.64,67.56,67.48,67.41,67.36,67.33,67.28,67.27,67.25,67.22,67.17,67.17,67.16,67.12,67.07,67.07,67.05,67.01,66.97,66.97,66.95,66.94,66.92,66.88,66.87,66.89,66.94,67.02,67.09,67.17,67.26,67.36,67.43,67.51,67.59,67.69,67.81,67.89,67.96,68.04,68.12,68.20,68.27,68.31,68.36,68.43,68.49,68.56,68.60,68.61,68.69,68.72,68.76,68.82,68.89,68.92,68.98,69.05,69.10,69.13,69.20,69.27,69.33,69.33,69.33,69.38,69.45,69.51,69.61,69.73,69.89,70.43,72.27,74.98,77.93,80.14,80.52,80.84,81.22,81.48,81.48,81.29,81.06,80.85,80.70,80.59,80.45,80.32,80.23,80.16,80.01,79.91,79.87,79.85,79.78,79.77,79.72,79.64,79.46,78.84,78.15,77.48,76.85,76.17,75.51,74.85,74.18,73.53,73.00,72.48,71.94,71.42,71.00,70.69,70.40,70.05,69.53,69.02,68.52,68.11,67.96,67.81,67.67,67.37,66.78,66.15,65.59,65.08,64.67,64.44,64.32,64.20,64.08,63.98,63.90,63.78,63.64,63.49
74.87,74.44,73.88,73.41,73.02,72.64,72.25,71.99,71.75,71.48,71.21,70.91,70.52,70.15,70.05,70.03,70.08,70.18,70.24,70.00,69.88,69.76,69.60,69.42,69.27,69.11,68.95,68.80,68.65,68.49,68.34,68.18,68.03,67.83,67.66,67.51,67.37,67.23,67.07,66.92,66.80,66.69,66.61,66.65,66.84,67.07,67.35,67.62,67.86,68.10,68.38,68.63,68.86,69.09,69.32,69.59,69.84,70.02,70.09,70.22,70.28,70.33,70.40,70.45,70.53,70.60,70.68,70.76,70.81,70.85,70.90,71.03,71.11,71.20,71.30,71.38,71.45,71.53,71.62,71.72,71.78,71.80,71.80,71.79,71.76,71.69,71.55,71.40,71.24,71.09,70.94,70.78,70.63,70.47,70.29,70.13,69.98,69.83,69.75,69.67,69.58,69.47,69.35,69.27,69.17,69.06,68.94,68.85,68.76,68.64,68.52,68.45,68.34,68.23,68.11,68.03,67.94,67.81,67.70,67.60,67.55,67.47,67.44,67.42,67.37,67.34,67.33,67.31,67.24,67.23,67.23,67.20,67.14,67.14,67.14,67.11,67.06,67.04,67.03,67.03,67.01,66.94,66.94,66.94,66.96,67.02,67.09,67.17,67.25,67.32,67.40,67.48,67.56,67.65,67.77,67.86,67.93,68.01,68.09,68.17,68.24,68.29,68.33,68.40,68.45,68.53,68.58,68.61,68.66,68.69,68.75,68.81,68.86,68.89,68.94,69.00,69.06,69.09,69.14,69.20,69.27,69.30,69.30,69.35,69.43,69.50,69.58,69.70,69.80,70.06,71.11,73.63,76.94,79.71,80.38,80.77,81.21,81.61,81.78,81.63,81.43,81.27,81.15,81.07,80.93,80.77,80.64,80.54,80.33,80.17,80.08,80.00,79.86,79.83,79.79,79.67,79.41,78.78,78.10,77.44,76.79,76.10,75.47,74.81,74.11,73.43,72.81,72.37,71.98,71.58,71.30,71.06,70.82,70.56,70.29,69.47,68.84,68.55,68.46,68.31,68.16,67.83,67.24,66.62,66.04,65.50,65.04,64.74,64.56,64.42,64.30,64.20,64.12,63.98,63.83,63.68
75.12,74.67,74.25,73.85,73.47,73.08,72.69,72.47,72.28,72.03,71.73,71.42,71.04,70.63,70.36,70.31,70.44,70.54,70.42,70.09,69.93,69.81,69.64,69.43,69.27,69.11,68.95,68.80,68.65,68.49,68.34,68.18,68.03,67.87,67.71,67.54,67.33,67.17,67.01,66.88,66.78,66.65,66.66,66.80,67.02,67.25,67.49,67.76,68.04,68.28,68.51,68.75,68.98,69.22,69.44,69.67,69.87,70.01,70.09,70.17,70.25,70.32,70.38,70.40,70.46,70.53,70.61,70.68,70.71,70.75,70.82,70.91,70.98,71.11,71.23,71.31,71.39,71.47,71.58,71.71,71.80,71.92,71.98,71.96,71.89,71.81,71.68,71.52,71.37,71.21,71.06,70.90,70.75,70.59,70.38,70.21,70.05,69.91,69.81,69.73,69.63,69.49,69.41,69.33,69.21,69.08,68.99,68.91,68.78,68.67,68.58,68.50,68.37,68.25,68.17,68.08,67.94,67.84,67.74,67.62,67.60,67.54,67.50,67.49,67.48,67.42,67.39,67.38,67.31,67.30,67.30,67.27,67.21,67.20,67.19,67.19,67.17,67.11,67.10,67.09,67.07,67.01,67.00,67.00,67.01,67.03,67.10,67.17,67.25,67.32,67.40,67.48,67.56,67.63,67.72,67.80,67.87,67.95,68.03,68.11,68.18,68.25,68.33,68.39,68.41,68.47,68.54,68.59,68.61,68.67,68.75,68.80,68.82,68.88,68.90,68.94,69.02,69.08,69.11,69.15,69.22,69.28,69.30,69.35,69.43,69.50,69.58,69.67,69.75,69.85,70.21,72.42,75.79,78.92,80.19,80.70,81.19,81.68,82.03,81.99,81.85,81.73,81.65,81.56,81.42,81.28,81.15,81.05,80.83,80.61,80.43,80.25,80.00,79.93,79.87,79.71,79.36,78.72,78.06,77.41,76.72,76.02,75.38,74.72,74.02,73.36,72.76,72.53,72.44,72.19,72.01,71.80,71.61,71.54,71.59,70.21,69.29,69.05,68.97,68.82,68.67,68.36,67.80,67.20,66.58,66.05,65.58,65.15,64.84,64.66,64.54,64.40,64.31,64.17,64.02,63.87
75.49,75.07,74.68,74.30,73.91,73.52,73.14,72.95,72.79,72.54,72.24,71.97,71.62,71.22,70.90,70.84,70.84,70.75,70.47,70.14,69.93,69.77,69.61,69.42,69.27,69.11,68.95,68.80,68.65,68.49,68.34,68.18,68.03,67.88,67.72,67.56,67.37,67.17,67.00,66.86,66.74,66.63,66.73,66.93,67.16,67.39,67.62,67.87,68.13,68.36,68.59,68.85,69.11,69.34,69.52,69.67,69.82,69.95,70.03,70.11,70.19,70.25,70.28,70.33,70.40,70.45,70.50,70.57,70.62,70.66,70.71,70.83,70.92,71.02,71.11,71.19,71.31,71.40,71.52,71.67,71.80,71.98,72.09,72.09,72.02,71.94,71.77,71.59,71.44,71.29,71.13,70.98,70.82,70.67,70.53,70.38,70.20,70.02,69.89,69.80,69.69,69.55,69.47,69.39,69.27,69.14,69.05,68.93,68.82,68.70,68.59,68.51,68.37,68.26,68.17,68.05,67.94,67.85,67.78,67.72,67.67,67.64,67.60,67.56,67.55,67.49,67.46,67.45,67.42,67.38,67.36,67.35,67.31,67.27,67.26,67.26,67.25,67.22,67.17,67.16,67.15,67.13,67.12,67.12,67.12,67.13,67.16,67.19,67.25,67.32,67.40,67.48,67.56,67.63,67.71,67.79,67.86,67.94,68.02,68.10,68.17,68.25,68.31,68.34,68.39,68.46,68.51,68.55,68.60,68.67,68.72,68.75,68.80,68.83,68.87,68.93,69.00,69.04,69.08,69.12,69.16,69.23,69.28,69.35,69.43,69.50,69.58,69.66,69.74,69.81,69.99,71.36,74.45,78.00,80.02,80.72,81.20,81.71,82.15,82.33,82.23,82.14,82.10,82.02,81.88,81.78,81.70,81.56,81.34,81.11,80.89,80.69,80.52,80.26,80.02,79.75,79.31,78.65,77.98,77.30,76.60,75.86,75.18,74.45,73.74,73.33,73.37,73.66,73.86,73.71,73.52,73.33,73.28,73.45,73.60,71.55,70.03,69.51,69.47,69.33,69.18,68.87,68.32,67.76,67.19,66.66,66.20,65.75,65.33,65.02,64.79,64.64,64.51,64.37,64.21,64.06
75.82,75.48,75.12,74.74,74.35,73.97,73.60,73.44,73.28,73.02,72.73,72.46,72.15,71.78,71.41,71.23,71.02,70.73,70.38,70.09,69.88,69.71,69.55,69.40,69.24,69.09,68.93,68.78,68.63,68.47,68.32,68.16,68.01,67.85,67.70,67.54,67.38,67.16,66.98,66.83,66.69,66.66,66.81,67.03,67.26,67.50,67.73,67.95,68.19,68.44,68.68,68.95,69.20,69.39,69.54,69.64,69.75,69.90,69.97,70.05,70.11,70.16,70.18,70.24,70.31,70.36,70.39,70.44,70.52,70.56,70.61,70.74,70.83,70.92,71.01,71.09,71.23,71.33,71.45,71.62,71.79,72.01,72.17,72.22,72.14,72.05,71.87,71.68,71.53,71.39,71.24,71.09,70.93,70.78,70.68,70.54,70.36,70.14,69.96,69.85,69.73,69.61,69.51,69.43,69.31,69.17,69.09,68.94,68.84,68.73,68.59,68.51,68.37,68.26,68.16,68.01,67.94,67.88,67.85,67.84,67.77,67.73,67.69,67.65,67.62,67.57,67.53,67.53,67.52,67.46,67.43,67.42,67.41,67.36,67.33,67.33,67.33,67.32,67.27,67.25,67.25,67.25,67.23,67.22,67.22,67.22,67.22,67.22,67.26,67.32,67.40,67.48,67.56,67.63,67.71,67.79,67.86,67.94,68.02,68.08,68.15,68.23,68.28,68.31,68.38,68.44,68.48,68.52,68.59,68.65,68.69,68.72,68.77,68.80,68.86,68.93,68.97,69.00,69.05,69.08,69.12,69.19,69.27,69.35,69.43,69.50,69.58,69.66,69.74,69.81,69.94,70.65,73.45,77.27,79.88,80.72,81.19,81.67,82.16,82.52,82.58,82.58,82.57,82.49,82.36,82.31,82.25,82.07,81.84,81.62,81.38,81.18,81.08,80.70,80.29,79.85,79.24,78.51,77.79,77.07,76.35,75.56,74.85,74.22,73.76,73.75,74.32,74.97,75.40,75.38,75.19,75.10,75.23,75.59,75.81,73.95,72.61,72.19,72.05,71.43,70.60,69.72,68.89,68.32,67.79,67.30,66.83,66.35,65.87,65.45,65.12,64.92,64.72,64.56,64.40,64.25
76.02,75.81,75.52,75.16,74.78,74.41,74.08,73.92,73.75,73.45,73.15,72.84,72.54,72.19,71.80,71.30,70.79,70.37,70.07,69.88,69.76,69.64,69.48,69.33,69.18,69.03,68.87,68.72,68.56,68.41,68.25,68.09,67.94,67.79,67.64,67.48,67.31,67.10,66.92,66.76,66.65,66.75,66.90,67.09,67.33,67.56,67.79,68.02,68.27,68.56,68.80,69.04,69.22,69.33,69.48,69.58,69.69,69.83,69.91,69.98,70.02,70.05,70.11,70.13,70.18,70.26,70.31,70.33,70.39,70.47,70.54,70.63,70.70,70.82,70.94,71.02,71.11,71.24,71.39,71.56,71.78,72.01,72.23,72.35,72.27,72.13,71.97,71.81,71.66,71.57,71.43,71.28,71.12,70.97,70.82,70.67,70.49,70.25,70.04,69.87,69.76,69.66,69.52,69.43,69.31,69.17,69.09,68.94,68.84,68.73,68.59,68.51,68.37,68.26,68.16,68.03,67.99,67.98,67.97,67.96,67.89,67.82,67.78,67.76,67.70,67.68,67.64,67.59,67.58,67.57,67.53,67.49,67.48,67.47,67.42,67.39,67.39,67.39,67.38,67.37,67.37,67.36,67.31,67.29,67.29,67.29,67.29,67.28,67.29,67.32,67.40,67.48,67.55,67.63,67.71,67.78,67.86,67.94,68.00,68.02,68.09,68.17,68.24,68.31,68.38,68.41,68.45,68.51,68.58,68.61,68.66,68.70,68.72,68.78,68.85,68.90,68.93,68.99,69.01,69.05,69.12,69.20,69.27,69.35,69.43,69.51,69.58,69.66,69.74,69.81,69.93,70.50,73.13,76.92,79.77,80.64,81.09,81.52,82.00,82.50,82.85,83.03,83.07,83.00,82.92,82.88,82.81,82.58,82.35,82.12,81.89,81.69,81.59,81.25,80.74,80.07,79.16,78.25,77.45,76.69,75.91,75.08,74.37,74.11,74.36,74.91,75.58,76.27,76.81,77.01,76.89,77.03,77.36,77.78,78.12,77.88,78.07,78.47,77.99,76.14,73.58,71.19,69.58,68.90,68.40,67.93,67.45,66.92,66.39,65.95,65.58,65.24,64.94,64.75,64.59,64.44
75.62,75.46,75.24,74.99,74.72,74.44,74.10,73.84,73.53,73.13,72.84,72.54,72.21,71.86,71.45,70.94,70.45,70.08,69.90,69.74,69.64,69.53,69.38,69.26,69.11,68.96,68.80,68.65,68.49,68.34,68.18,68.04,67.88,67.73,67.57,67.41,67.21,67.02,66.85,66.74,66.72,66.86,67.02,67.19,67.40,67.66,67.90,68.13,68.38,68.64,68.84,69.03,69.18,69.27,69.42,69.52,69.61,69.72,69.79,69.87,69.92,69.98,70.04,70.05,70.08,70.13,70.20,70.25,70.28,70.37,70.47,70.55,70.63,70.73,70.83,70.91,71.03,71.21,71.40,71.59,71.79,72.01,72.25,72.41,72.42,72.29,72.14,71.98,71.83,71.72,71.57,71.44,71.31,71.16,71.00,70.82,70.61,70.38,70.11,69.90,69.74,69.63,69.51,69.40,69.28,69.16,69.05,68.93,68.81,68.70,68.58,68.47,68.35,68.26,68.18,68.11,68.10,68.10,68.09,68.05,68.01,67.94,67.88,67.84,67.81,67.77,67.73,67.69,67.66,67.65,67.62,67.58,67.55,67.55,67.52,67.50,67.49,67.46,67.45,67.45,67.45,67.45,67.41,67.40,67.40,67.40,67.40,67.37,67.35,67.36,67.40,67.44,67.51,67.59,67.66,67.73,67.81,67.89,67.96,68.00,68.07,68.15,68.23,68.30,68.34,68.38,68.44,68.50,68.55,68.59,68.62,68.66,68.70,68.78,68.82,68.87,68.91,68.94,68.98,69.04,69.12,69.20,69.31,69.40,69.48,69.56,69.64,69.71,69.78,69.86,69.96,70.86,73.34,76.71,79.57,80.47,80.95,81.37,81.80,82.27,82.70,83.02,83.23,83.38,83.47,83.45,83.31,83.04,82.81,82.58,82.37,82.19,82.04,81.65,81.09,80.42,79.58,78.54,77.59,76.73,75.91,75.08,74.72,74.89,75.47,76.16,76.85,77.55,78.18,78.60,78.63,78.75,78.98,79.25,79.47,79.54,79.86,80.22,79.97,78.83,77.20,74.93,72.02,69.78,68.87,68.35,67.84,67.34,66.88,66.48,66.13,65.75,65.39,65.10,64.85,64.63
75.03,74.88,74.72,74.56,74.41,74.23,73.89,73.51,73.08,72.61,72.33,72.03,71.67,71.29,70.88,70.47,70.10,69.84,69.76,69.61,69.51,69.41,69.27,69.18,69.05,68.90,68.74,68.59,68.43,68.28,68.13,67.97,67.82,67.66,67.50,67.32,67.11,66.95,66.80,66.75,66.84,66.99,67.14,67.30,67.48,67.77,68.01,68.25,68.48,68.69,68.84,68.98,69.10,69.19,69.33,69.42,69.50,69.59,69.67,69.74,69.82,69.90,69.97,69.98,69.98,70.02,70.08,70.16,70.18,70.27,70.39,70.47,70.55,70.63,70.72,70.81,70.97,71.19,71.41,71.63,71.81,72.01,72.25,72.45,72.58,72.49,72.33,72.17,72.02,71.86,71.71,71.59,71.48,71.33,71.18,70.96,70.72,70.47,70.16,69.91,69.72,69.59,69.49,69.35,69.24,69.14,69.00,68.91,68.78,68.66,68.56,68.42,68.35,68.28,68.23,68.23,68.23,68.23,68.20,68.13,68.11,68.06,67.99,67.93,67.91,67.86,67.82,67.79,67.73,67.72,67.72,67.68,67.63,67.62,67.61,67.61,67.60,67.54,67.53,67.53,67.53,67.52,67.52,67.52,67.52,67.52,67.51,67.45,67.42,67.42,67.42,67.42,67.47,67.55,67.61,67.69,67.77,67.84,67.92,68.00,68.06,68.14,68.22,68.28,68.30,68.35,68.42,68.48,68.50,68.56,68.59,68.62,68.70,68.77,68.79,68.83,68.88,68.90,68.96,69.04,69.12,69.21,69.34,69.45,69.53,69.60,69.68,69.76,69.83,69.91,70.05,71.27,73.59,76.53,79.26,80.24,80.76,81.18,81.57,81.96,82.40,82.81,83.20,83.57,83.86,83.93,83.79,83.51,83.27,83.03,82.84,82.67,82.43,81.94,81.36,80.73,80.05,78.94,77.89,76.96,76.11,75.28,75.25,75.75,76.53,77.26,77.99,78.69,79.35,79.89,80.03,80.11,80.19,80.27,80.34,80.36,80.44,80.57,80.62,80.45,80.17,78.60,75.02,71.13,69.47,68.73,68.20,67.74,67.36,67.02,66.69,66.31,65.91,65.53,65.17,64.88
74.40,74.25,74.09,73.94,73.78,73.62,73.36,73.01,72.61,72.20,71.84,71.48,71.10,70.70,70.28,70.02,69.84,69.72,69.63,69.48,69.39,69.30,69.20,69.06,68.96,68.84,68.68,68.53,68.37,68.22,68.06,67.91,67.75,67.59,67.41,67.21,67.04,66.88,66.80,66.82,66.97,67.12,67.27,67.42,67.60,67.84,68.08,68.31,68.53,68.69,68.79,68.89,68.98,69.06,69.15,69.23,69.34,69.46,69.54,69.62,69.69,69.77,69.84,69.91,69.92,69.93,69.96,70.03,70.10,70.17,70.27,70.34,70.42,70.54,70.66,70.75,70.96,71.19,71.41,71.64,71.86,72.03,72.25,72.47,72.66,72.70,72.55,72.36,72.21,72.05,71.90,71.75,71.61,71.46,71.30,71.06,70.77,70.47,70.16,69.91,69.72,69.57,69.44,69.34,69.22,69.09,68.99,68.86,68.76,68.64,68.51,68.42,68.39,68.37,68.35,68.35,68.35,68.35,68.32,68.25,68.19,68.16,68.12,68.04,67.99,67.96,67.92,67.87,67.85,67.80,67.78,67.77,67.75,67.69,67.67,67.67,67.67,67.66,67.66,67.66,67.63,67.58,67.58,67.58,67.58,67.58,67.57,67.51,67.47,67.47,67.47,67.47,67.53,67.58,67.61,67.69,67.76,67.84,67.92,67.99,68.02,68.08,68.15,68.22,68.29,68.31,68.36,68.43,68.49,68.52,68.56,68.62,68.69,68.72,68.77,68.81,68.83,68.89,68.96,69.04,69.12,69.21,69.34,69.45,69.53,69.61,69.68,69.76,69.84,69.94,70.25,71.36,73.51,76.24,78.71,79.90,80.47,80.87,81.25,81.64,82.05,82.44,82.82,83.22,83.68,84.09,84.25,84.00,83.78,83.54,83.34,83.12,82.61,82.03,81.42,80.80,80.14,79.25,78.30,77.40,76.54,75.66,75.55,76.07,76.95,77.83,78.70,79.43,79.97,80.26,80.37,80.44,80.52,80.60,80.67,80.69,80.74,80.83,80.87,80.64,80.42,79.87,78.12,73.64,70.65,69.17,68.64,68.19,67.89,67.56,67.21,66.86,66.43,66.03,65.65,65.29
73.81,73.65,73.50,73.34,73.19,73.02,72.77,72.44,72.09,71.73,71.34,70.96,70.57,70.20,69.88,69.69,69.61,69.56,69.50,69.36,69.26,69.18,69.09,68.94,68.85,68.75,68.61,68.46,68.30,68.15,67.99,67.84,67.69,67.54,67.34,67.13,66.97,66.84,66.84,66.93,67.09,67.24,67.40,67.56,67.75,67.95,68.16,68.34,68.50,68.61,68.69,68.79,68.89,68.97,69.05,69.13,69.24,69.38,69.45,69.53,69.61,69.69,69.77,69.84,69.86,69.86,69.88,69.95,70.00,70.06,70.15,70.25,70.34,70.46,70.62,70.77,70.96,71.19,71.41,71.65,71.88,72.04,72.25,72.47,72.66,72.84,72.76,72.59,72.43,72.25,72.09,71.94,71.77,71.59,71.37,71.09,70.80,70.51,70.21,69.93,69.72,69.57,69.41,69.30,69.19,69.06,68.95,68.83,68.72,68.61,68.50,68.48,68.48,68.48,68.48,68.48,68.48,68.46,68.41,68.34,68.29,68.26,68.22,68.17,68.09,68.05,68.01,67.97,67.94,67.89,67.86,67.84,67.83,67.79,67.76,67.74,67.74,67.74,67.74,67.74,67.72,67.68,67.65,67.64,67.64,67.64,67.64,67.58,67.54,67.54,67.54,67.54,67.59,67.64,67.66,67.73,67.78,67.83,67.88,67.95,67.99,68.05,68.13,68.20,68.25,68.29,68.34,68.41,68.45,68.49,68.55,68.61,68.66,68.69,68.75,68.81,68.85,68.90,68.96,69.06,69.16,69.24,69.36,69.45,69.53,69.61,69.68,69.78,69.89,70.06,70.50,71.48,73.50,75.99,77.93,79.22,80.00,80.51,80.90,81.28,81.67,82.06,82.46,82.92,83.47,84.06,84.47,84.45,84.24,84.01,83.70,83.24,82.60,81.95,81.32,80.70,80.07,79.33,78.52,77.68,76.83,75.96,75.85,76.37,77.26,78.16,79.08,79.78,80.22,80.44,80.62,80.75,80.84,80.91,80.96,80.99,81.05,81.11,81.09,80.85,80.64,80.43,79.69,76.78,73.26,70.57,69.13,68.71,68.45,68.12,67.75,67.40,66.94,66.54,66.15,65.77
73.24,73.07,72.92,72.76,72.61,72.44,72.16,71.85,71.54,71.21,70.84,70.46,70.09,69.77,69.60,69.45,69.39,69.39,69.36,69.23,69.13,69.06,68.97,68.81,68.72,68.65,68.54,68.39,68.24,68.09,67.93,67.78,67.63,67.46,67.27,67.07,66.92,66.84,66.91,67.06,67.22,67.38,67.53,67.72,67.92,68.09,68.24,68.35,68.43,68.50,68.58,68.71,68.83,68.91,68.98,69.05,69.17,69.31,69.39,69.47,69.55,69.63,69.70,69.77,69.79,69.80,69.81,69.88,69.91,69.95,70.04,70.18,70.27,70.41,70.59,70.80,70.97,71.18,71.41,71.64,71.86,72.03,72.23,72.44,72.63,72.91,72.94,72.84,72.67,72.46,72.28,72.13,71.95,71.72,71.44,71.13,70.84,70.58,70.28,69.97,69.74,69.59,69.42,69.26,69.16,69.05,68.91,68.82,68.69,68.59,68.54,68.59,68.61,68.61,68.61,68.61,68.60,68.55,68.48,68.42,68.40,68.35,68.31,68.28,68.22,68.14,68.10,68.08,68.02,68.00,67.94,67.91,67.90,67.90,67.84,67.81,67.81,67.81,67.81,67.81,67.80,67.78,67.72,67.70,67.70,67.70,67.69,67.63,67.61,67.61,67.61,67.61,67.66,67.71,67.73,67.79,67.81,67.81,67.83,67.91,67.97,68.05,68.13,68.19,68.20,68.26,68.33,68.39,68.41,68.47,68.55,68.60,68.63,68.68,68.75,68.83,68.89,68.91,68.97,69.09,69.22,69.29,69.37,69.45,69.54,69.61,69.69,69.82,69.97,70.22,70.77,71.62,73.47,75.66,77.03,78.32,79.34,80.07,80.52,80.91,81.29,81.69,82.12,82.66,83.27,83.93,84.51,84.80,84.67,84.41,83.92,83.19,82.49,81.79,81.13,80.52,79.89,79.26,78.57,77.82,76.98,76.18,76.15,76.69,77.53,78.36,79.25,79.88,80.27,80.51,80.80,81.00,81.13,81.21,81.23,81.29,81.36,81.40,81.31,81.09,80.86,80.63,80.34,79.74,76.48,72.73,69.95,69.40,69.05,68.69,68.30,67.91,67.46,67.05,66.66,66.27
72.66,72.45,72.29,72.14,71.98,71.81,71.57,71.28,70.97,70.65,70.33,70.03,69.75,69.50,69.35,69.28,69.23,69.20,69.18,69.09,69.01,68.93,68.84,68.69,68.60,68.52,68.42,68.27,68.16,68.03,67.87,67.72,67.56,67.36,67.17,67.00,66.87,66.91,67.03,67.19,67.35,67.55,67.72,67.88,68.06,68.21,68.32,68.38,68.41,68.44,68.51,68.64,68.77,68.84,68.92,68.99,69.11,69.24,69.33,69.41,69.48,69.55,69.63,69.66,69.71,69.73,69.75,69.82,69.88,69.91,69.96,70.07,70.19,70.37,70.57,70.75,70.96,71.15,71.35,71.57,71.75,71.95,72.15,72.35,72.62,72.92,73.06,73.03,72.88,72.69,72.49,72.31,72.16,71.96,71.67,71.33,70.99,70.71,70.40,70.09,69.86,69.68,69.44,69.26,69.15,69.05,68.91,68.82,68.72,68.68,68.70,68.73,68.73,68.73,68.73,68.73,68.68,68.65,68.60,68.53,68.48,68.45,68.41,68.36,68.33,68.26,68.20,68.16,68.13,68.08,68.02,67.97,67.97,67.97,67.95,67.94,67.92,67.87,67.86,67.86,67.86,67.86,67.78,67.77,67.77,67.76,67.70,67.68,67.67,67.67,67.67,67.72,67.75,67.79,67.84,67.86,67.86,67.86,67.89,67.96,67.99,68.05,68.11,68.14,68.19,68.26,68.31,68.34,68.40,68.47,68.55,68.61,68.67,68.69,68.75,68.83,68.90,68.96,69.03,69.12,69.22,69.30,69.37,69.48,69.59,69.67,69.75,69.84,70.05,70.42,71.01,71.75,73.12,74.77,76.07,77.29,78.38,79.34,80.11,80.53,80.91,81.35,81.87,82.46,83.08,83.74,84.40,84.91,85.00,84.60,83.94,83.17,82.43,81.68,80.98,80.33,79.70,79.04,78.39,77.70,76.95,76.25,76.49,77.13,77.87,78.61,79.34,79.90,80.28,80.52,80.83,81.09,81.32,81.47,81.53,81.60,81.68,81.70,81.56,81.34,81.11,80.86,80.58,80.25,78.92,75.96,72.33,70.74,69.76,69.20,68.81,68.42,68.01,67.58,67.17,66.78
72.09,71.86,71.69,71.53,71.37,71.19,70.96,70.69,70.43,70.19,69.93,69.69,69.47,69.27,69.13,69.11,69.07,69.03,69.01,68.95,68.88,68.80,68.71,68.56,68.47,68.39,68.29,68.15,68.06,67.94,67.80,67.66,67.49,67.28,67.09,66.95,66.89,67.00,67.17,67.34,67.51,67.71,67.86,68.00,68.16,68.31,68.39,68.43,68.43,68.44,68.48,68.59,68.70,68.78,68.86,68.93,69.05,69.19,69.27,69.34,69.42,69.49,69.56,69.57,69.63,69.67,69.69,69.76,69.84,69.87,69.89,69.97,70.12,70.31,70.51,70.69,70.90,71.08,71.27,71.47,71.63,71.85,72.06,72.30,72.61,72.92,73.15,73.20,73.07,72.91,72.71,72.53,72.35,72.18,71.89,71.55,71.20,70.90,70.59,70.30,70.06,69.85,69.53,69.31,69.16,69.03,68.91,68.85,68.81,68.82,68.86,68.86,68.86,68.86,68.86,68.85,68.79,68.75,68.71,68.65,68.58,68.54,68.51,68.46,68.43,68.36,68.30,68.25,68.23,68.17,68.10,68.05,68.03,68.03,68.03,68.03,68.01,67.94,67.93,67.93,67.92,67.89,67.84,67.83,67.83,67.81,67.74,67.73,67.73,67.74,67.77,67.81,67.83,67.87,67.93,67.93,67.93,67.93,67.95,68.02,68.03,68.08,68.13,68.14,68.22,68.27,68.31,68.34,68.42,68.50,68.58,68.65,68.69,68.72,68.78,68.85,68.91,68.99,69.06,69.14,69.22,69.30,69.39,69.51,69.63,69.70,69.78,69.88,70.13,70.62,71.31,72.18,73.18,74.19,75.14,76.26,77.37,78.44,79.41,80.04,80.53,81.02,81.59,82.23,82.88,83.58,84.33,85.02,85.30,84.78,83.99,83.20,82.41,81.63,80.88,80.19,79.54,78.88,78.24,77.60,76.95,76.39,76.72,77.34,78.02,78.69,79.31,79.85,80.25,80.49,80.79,81.12,81.42,81.67,81.81,81.89,81.95,81.94,81.76,81.56,81.33,81.08,80.79,80.48,80.24,78.48,75.56,73.64,72.09,70.68,69.55,68.96,68.55,68.10,67.67,67.29
