72.37,72.29,72.23,72.20,72.18,72.17,72.17,72.16,72.11,72.10,72.09,72.07,72.07,72.07,72.07,72.07,72.06,72.02,72.04,72.08,72.11,72.16,72.23,72.25,72.22,72.16,72.02,71.91,71.78,71.55,71.32,71.09,70.87,70.66,70.44,70.27,70.05,69.44,67.91,66.06,64.17,62.63,61.62,60.74,59.92,59.26,58.73,58.26,57.71,57.06,56.32,55.50,54.73,54.01,53.53,53.41,53.67,53.98,54.29,54.60,54.87,54.93,54.62,54.03,53.26,52.48,51.75,50.95,50.13,49.54,49.18,49.08,49.09,49.06,49.04,49.01,48.86,48.64,48.77,48.80,48.84,49.06,49.68,50.36,50.79,51.21,51.63,51.37,51.25,51.32,51.40,51.15,50.84,50.59,50.36,50.19,50.21,50.63,51.44,52.28,52.08,51.70,51.76,52.17,52.56,52.99,53.50,53.99,54.37,54.59,54.59,54.41,54.09,53.75,53.51,53.42,53.41,53.37,53.14,52.90,52.71,52.63,52.72,52.72,52.50,52.14,51.79,51.49,51.21,50.93,50.65,50.41,50.14,49.86,49.55,49.18,48.86,48.50,48.14,47.84,47.60,47.52,47.27,46.71,46.11,45.55,44.96,44.35,43.77,43.27,43.00,42.91,42.94,43.00,42.98,42.72,42.22,41.76,41.31,40.95,40.72,40.64,40.61,40.06,39.58,39.49,39.55,39.63,39.76,40.16,41.27,42.80,44.48,46.27,48.17,49.90,51.17,51.92,52.24,52.52,52.79,53.05,53.81,55.75,57.73,59.55,60.96,61.81,62.22,61.96,61.23,59.73,56.90,56.07,57.11,58.45,58.47,56.10,52.88,50.05,47.92,46.15,44.21,42.24,40.77,40.50,40.54,40.77,40.97,40.91,40.42,39.97,39.68,39.54,39.44,39.31,39.17,39.04,38.96,38.86,38.79,38.73,38.65,38.58,38.56,38.52,38.44,38.38,38.36,38.31,38.26,38.25,38.18,38.10,38.06,38.05,37.98,37.97,37.95,37.94,37.92,37.86,37.84,37.80,37.74,37.73,37.66,37.63,37.61,37.55,37.54,37.48,37.44,37.42,37.35,37.29
72.52,72.47,72.42,72.42,72.42,72.41,72.39,72.38,72.34,72.33,72.33,72.33,72.33,72.33,72.33,72.31,72.29,72.24,72.28,72.33,72.34,72.41,72.45,72.42,72.34,72.23,72.08,71.98,71.85,71.61,71.38,71.16,70.92,70.69,70.46,70.28,70.05,69.45,68.06,66.64,65.49,64.41,63.30,62.29,61.27,60.35,59.58,58.98,58.47,57.84,57.11,56.39,55.68,54.86,54.28,54.16,54.59,54.91,55.21,55.52,55.78,55.80,55.45,54.79,53.95,53.16,52.36,51.49,50.61,49.89,49.34,49.07,48.96,48.85,48.84,48.85,48.82,48.78,48.96,49.04,48.98,48.88,48.87,48.92,49.24,49.85,50.56,50.59,50.59,50.71,50.85,50.65,50.28,49.91,49.59,49.30,49.00,49.07,49.64,50.46,50.62,50.90,51.31,51.78,52.27,52.73,53.21,53.68,54.11,54.51,54.60,54.45,54.14,53.86,53.75,53.75,53.77,53.68,53.40,53.15,52.99,52.97,53.20,53.24,53.03,52.64,52.27,51.92,51.61,51.30,51.00,50.74,50.44,50.16,49.88,49.52,49.18,48.83,48.50,48.26,48.14,48.04,47.72,47.10,46.51,45.94,45.34,44.70,44.06,43.65,43.55,43.60,43.67,43.72,43.60,43.24,42.74,42.37,41.99,41.64,41.38,41.32,41.33,40.51,39.73,39.50,39.48,39.53,39.66,39.92,40.60,41.98,43.64,45.46,47.39,49.02,50.13,50.81,51.18,51.41,51.63,51.92,52.60,54.13,56.10,58.06,59.59,60.47,60.92,60.37,59.25,57.22,53.51,52.02,52.80,54.14,54.24,51.96,49.50,47.70,46.53,45.09,43.40,41.60,40.21,39.88,39.81,39.81,39.81,39.79,39.72,39.64,39.54,39.42,39.34,39.22,39.07,38.94,38.84,38.76,38.68,38.60,38.52,38.45,38.44,38.39,38.32,38.25,38.24,38.19,38.14,38.13,38.05,37.98,37.94,37.93,37.88,37.87,37.87,37.86,37.83,37.78,37.75,37.71,37.67,37.64,37.59,37.55,37.53,37.47,37.45,37.40,37.36,37.33,37.28,37.23
72.69,72.68,72.67,72.67,72.67,72.63,72.58,72.58,72.58,72.58,72.58,72.58,72.58,72.57,72.57,72.55,72.50,72.48,72.53,72.58,72.59,72.65,72.61,72.54,72.45,72.30,72.15,72.05,71.91,71.69,71.45,71.22,70.99,70.76,70.53,70.30,70.11,69.76,68.98,68.15,67.44,66.62,65.54,64.41,63.21,61.92,60.66,59.81,59.31,58.68,58.01,57.48,56.88,55.74,54.87,54.73,55.45,55.81,56.10,56.41,56.67,56.65,56.20,55.49,54.64,53.80,52.95,52.07,51.17,50.35,49.70,49.26,48.97,48.79,48.77,48.93,49.20,49.53,49.84,50.13,50.22,49.95,49.17,48.42,48.41,48.76,49.14,49.45,49.77,50.04,50.18,50.04,49.54,48.98,48.51,48.17,47.85,47.97,48.45,49.23,50.07,50.56,50.99,51.47,52.00,52.47,52.98,53.50,54.01,54.47,54.59,54.45,54.19,54.09,54.13,54.16,54.12,53.95,53.66,53.41,53.31,53.41,53.69,53.76,53.54,53.16,52.76,52.38,52.05,51.74,51.43,51.13,50.82,50.52,50.21,49.89,49.53,49.19,48.92,48.77,48.73,48.52,48.09,47.49,46.92,46.31,45.69,45.02,44.33,44.23,44.28,44.36,44.42,44.43,44.15,43.77,43.39,43.05,42.69,42.30,42.02,41.96,41.98,40.99,40.02,39.67,39.47,39.47,39.59,39.76,40.09,41.22,42.83,44.61,46.38,47.93,48.94,49.67,50.17,50.41,50.58,50.73,50.98,51.72,53.54,55.42,56.92,57.95,59.00,57.85,55.82,53.31,50.30,48.66,48.59,48.94,48.67,47.87,46.79,45.80,44.90,43.72,42.24,40.86,39.90,39.73,39.64,39.63,39.63,39.61,39.53,39.46,39.38,39.30,39.22,39.13,39.00,38.85,38.72,38.63,38.55,38.48,38.40,38.33,38.31,38.27,38.19,38.12,38.11,38.06,38.01,38.00,37.93,37.85,37.81,37.81,37.80,37.80,37.80,37.78,37.72,37.71,37.65,37.61,37.59,37.53,37.51,37.47,37.41,37.40,37.34,37.31,37.28,37.22,37.21,37.20
72.93,72.93,72.93,72.93,72.89,72.85,72.83,72.83,72.83,72.83,72.83,72.83,72.83,72.79,72.77,72.76,72.74,72.73,72.78,72.83,72.83,72.81,72.71,72.61,72.52,72.37,72.21,72.10,71.99,71.79,71.57,71.34,71.11,70.87,70.64,70.41,70.22,70.03,69.72,69.36,69.03,68.55,67.74,66.56,65.23,63.81,62.43,61.36,60.64,60.00,59.37,58.71,57.72,56.42,55.43,55.23,56.12,56.67,57.04,57.35,57.61,57.54,56.98,56.19,55.33,54.44,53.55,52.66,51.78,50.95,50.17,49.68,49.39,49.25,49.31,49.57,50.06,50.74,51.36,51.83,52.13,52.01,51.04,49.80,49.02,48.56,48.32,48.46,48.79,48.99,48.95,48.76,48.25,47.93,47.77,47.62,47.29,47.17,47.47,48.30,49.43,50.15,50.67,51.16,51.69,52.17,52.65,53.15,53.65,54.15,54.47,54.51,54.36,54.30,54.43,54.52,54.47,54.21,53.91,53.69,53.66,53.85,54.14,54.28,54.10,53.70,53.28,52.88,52.52,52.17,51.83,51.51,51.20,50.89,50.58,50.28,49.98,49.64,49.38,49.31,49.27,48.97,48.48,47.85,47.22,46.46,45.69,45.06,44.83,44.93,45.04,45.12,45.17,45.09,44.77,44.41,44.06,43.71,43.36,43.00,42.70,42.60,42.35,41.41,40.46,39.91,39.62,39.45,39.47,39.62,39.83,40.45,41.82,43.58,45.29,46.68,47.52,48.14,48.65,48.93,49.11,49.27,49.47,49.87,50.89,51.82,52.52,52.99,53.42,52.57,51.14,49.46,47.65,46.42,46.08,46.02,45.73,45.25,44.52,43.76,43.02,42.19,41.07,40.22,39.74,39.59,39.51,39.48,39.48,39.47,39.40,39.32,39.24,39.17,39.09,39.01,38.89,38.73,38.59,38.50,38.43,38.35,38.27,38.20,38.19,38.14,38.06,38.00,37.98,37.93,37.88,37.87,37.80,37.76,37.74,37.73,37.69,37.69,37.69,37.67,37.65,37.64,37.58,37.55,37.53,37.46,37.45,37.39,37.34,37.34,37.27,37.24,37.22,37.15,37.14,37.14
73.19,73.18,73.16,73.15,73.11,73.09,73.09,73.09,73.09,73.09,73.08,73.06,73.06,73.01,72.98,72.98,72.98,72.98,73.03,73.05,73.01,72.93,72.80,72.68,72.58,72.43,72.27,72.17,72.07,71.90,71.67,71.44,71.21,70.98,70.75,70.53,70.36,70.25,70.23,70.16,70.09,69.89,69.41,68.45,67.18,65.79,64.40,63.18,62.24,61.51,60.79,59.82,58.44,57.02,55.97,55.70,56.69,57.47,57.97,58.30,58.53,58.39,57.76,56.95,56.10,55.15,54.19,53.25,52.36,51.51,50.67,50.24,50.09,50.08,50.20,50.57,51.26,52.20,53.05,53.66,54.14,54.23,53.40,52.02,50.73,49.55,48.54,48.20,48.29,48.32,48.19,48.02,47.69,47.61,47.66,47.60,47.23,46.85,46.89,47.59,48.92,49.78,50.35,50.81,51.31,51.79,52.25,52.72,53.21,53.73,54.20,54.48,54.53,54.52,54.61,54.72,54.70,54.46,54.16,53.97,54.01,54.28,54.50,54.65,54.54,54.20,53.77,53.35,52.97,52.59,52.26,52.05,51.79,51.51,51.24,50.95,50.71,50.46,50.23,49.99,49.77,49.33,48.75,48.07,47.34,46.45,45.70,45.27,45.46,45.68,45.80,45.86,45.88,45.72,45.40,45.06,44.75,44.38,44.05,43.70,43.40,43.24,42.69,41.84,40.96,40.26,39.85,39.51,39.40,39.50,39.66,39.89,41.10,42.77,44.30,45.38,46.01,46.52,47.00,47.28,47.45,47.64,47.87,48.12,48.52,48.76,48.88,48.88,48.69,48.12,47.30,46.35,45.44,44.56,44.00,43.66,43.37,42.95,42.42,41.85,41.31,40.86,40.16,39.77,39.63,39.48,39.38,39.35,39.34,39.32,39.25,39.17,39.10,39.02,38.94,38.86,38.75,38.61,38.48,38.38,38.30,38.22,38.15,38.08,38.06,38.01,37.94,37.87,37.86,37.80,37.76,37.75,37.67,37.66,37.66,37.64,37.59,37.58,37.58,37.58,37.58,37.56,37.51,37.47,37.45,37.39,37.36,37.32,37.27,37.25,37.20,37.18,37.14,37.09,37.08,37.08
73.44,73.40,73.35,73.35,73.34,73.34,73.34,73.34,73.34,73.34,73.30,73.25,73.25,73.24,73.23,73.23,73.23,73.23,73.25,73.20,73.08,72.99,72.86,72.74,72.64,72.50,72.34,72.23,72.13,71.97,71.74,71.50,71.27,71.05,70.81,70.64,70.52,70.44,70.37,70.29,70.21,70.14,70.03,69.76,68.96,67.81,66.47,65.20,64.17,63.23,62.11,60.62,59.04,57.55,56.46,56.14,57.15,58.17,58.84,59.23,59.41,59.13,58.52,57.80,57.02,55.99,54.93,53.85,52.80,51.95,51.16,50.97,51.16,51.43,51.54,52.05,52.89,53.91,54.81,55.48,56.03,56.35,56.04,55.12,54.03,52.54,50.61,49.40,48.83,48.63,48.63,48.72,48.89,48.88,48.71,48.38,47.94,47.40,47.00,47.18,48.73,49.53,50.01,50.41,50.82,51.28,51.74,52.23,52.75,53.23,53.70,54.21,54.68,54.78,54.61,54.62,54.72,54.69,54.42,54.22,54.33,54.66,54.67,54.69,54.70,54.60,54.19,53.75,53.34,53.00,52.82,52.92,52.82,52.64,52.45,52.21,51.97,52.01,51.83,50.89,50.20,49.54,48.81,48.00,47.17,46.26,45.88,46.00,46.27,46.45,46.56,46.59,46.51,46.30,46.00,45.72,45.45,45.07,44.75,44.39,44.08,43.85,43.13,42.32,41.53,40.78,40.15,39.72,39.46,39.37,39.54,39.81,41.04,42.53,43.55,44.06,44.43,44.87,45.34,45.52,45.62,45.80,46.03,46.30,46.78,47.26,47.59,47.65,47.43,46.69,45.75,44.77,43.84,42.93,42.04,41.34,40.98,40.65,40.44,40.26,40.11,40.01,39.82,39.68,39.57,39.42,39.27,39.19,39.15,39.13,39.06,38.98,38.91,38.83,38.75,38.67,38.59,38.50,38.40,38.27,38.17,38.09,38.02,37.95,37.93,37.89,37.81,37.74,37.73,37.68,37.63,37.62,37.55,37.53,37.53,37.53,37.52,37.52,37.52,37.52,37.51,37.45,37.42,37.38,37.33,37.31,37.26,37.23,37.20,37.14,37.12,37.12,37.08,37.02,37.02,37.02
73.64,73.62,73.58,73.55,73.54,73.54,73.54,73.54,73.54,73.54,73.52,73.49,73.49,73.49,73.49,73.48,73.45,73.44,73.39,73.30,73.18,73.06,72.92,72.80,72.71,72.56,72.44,72.32,72.20,72.02,71.80,71.57,71.34,71.11,70.88,70.74,70.65,70.58,70.54,70.47,70.39,70.33,70.28,70.19,69.77,69.03,67.98,66.60,64.92,63.37,61.86,60.23,58.81,57.58,56.74,56.63,57.69,58.84,59.66,60.13,60.29,59.98,59.43,58.75,57.93,56.87,55.76,54.62,53.50,52.55,51.98,52.00,52.34,52.74,53.02,53.64,54.51,55.54,56.50,57.30,57.95,58.43,58.57,58.21,57.60,56.66,55.36,54.33,53.03,51.98,51.44,51.45,50.98,50.14,49.29,48.72,48.15,47.49,46.93,46.96,48.47,49.19,49.67,50.11,50.50,50.89,51.31,51.76,52.26,52.73,53.19,53.77,54.33,54.43,54.23,54.26,54.49,54.66,54.58,54.54,54.58,54.62,54.46,54.51,54.66,54.74,54.48,54.08,53.73,53.48,53.42,53.63,53.70,53.73,53.70,53.47,53.17,52.82,52.03,50.53,49.76,49.15,48.50,47.75,46.99,46.51,46.47,46.75,47.04,47.22,47.27,47.22,47.05,46.83,46.57,46.31,46.05,45.71,45.40,45.06,44.76,44.48,43.67,42.87,42.11,41.38,40.65,40.05,39.60,39.36,39.43,39.73,40.63,41.72,42.50,42.80,42.98,43.28,43.67,43.76,43.81,43.94,44.18,44.55,45.07,45.58,46.03,46.29,46.06,45.28,44.33,43.37,42.41,41.48,40.74,40.25,40.05,39.86,39.78,39.72,39.66,39.65,39.59,39.51,39.42,39.30,39.19,39.07,39.00,38.99,38.92,38.84,38.77,38.69,38.61,38.53,38.45,38.38,38.30,38.18,38.07,37.97,37.89,37.82,37.81,37.76,37.69,37.65,37.62,37.55,37.50,37.50,37.46,37.45,37.43,37.41,37.41,37.41,37.41,37.42,37.44,37.37,37.36,37.31,37.26,37.25,37.19,37.16,37.13,37.06,37.05,37.05,37.04,36.99,36.96,36.95
73.84,73.82,73.80,73.75,73.73,73.73,73.73,73.73,73.73,73.73,73.73,73.73,73.73,73.73,73.72,73.69,73.63,73.61,73.50,73.38,73.28,73.14,72.98,72.87,72.77,72.63,72.53,72.41,72.26,72.09,71.88,71.65,71.41,71.19,70.97,70.86,70.79,70.73,70.71,70.65,70.56,70.49,70.41,70.32,70.17,69.82,69.10,67.63,65.30,63.12,61.23,59.62,58.46,57.57,57.04,57.13,58.22,59.38,60.28,60.87,61.11,60.86,60.36,59.68,58.75,57.65,56.50,55.33,54.16,53.13,52.95,53.26,53.74,54.20,54.63,55.23,56.06,57.09,58.14,59.12,59.91,60.50,60.86,60.85,60.63,60.32,59.94,59.37,57.69,55.92,54.67,54.19,52.89,51.15,49.62,48.86,48.16,47.41,46.82,46.81,48.17,48.84,49.34,49.84,50.23,50.56,50.92,51.33,51.78,52.23,52.70,53.27,53.80,53.85,53.73,53.86,54.19,54.53,54.66,54.76,54.69,54.40,54.13,54.26,54.53,54.74,54.67,54.39,54.13,54.00,54.06,54.27,54.50,54.72,54.86,54.67,54.30,53.35,51.80,49.90,49.17,48.66,48.14,47.56,47.00,47.00,47.22,47.52,47.81,47.97,47.96,47.81,47.58,47.35,47.12,46.88,46.64,46.33,46.03,45.72,45.42,45.08,44.24,43.42,42.68,41.96,41.20,40.43,39.82,39.43,39.37,39.63,40.13,40.77,41.38,41.56,41.60,41.77,42.03,42.05,42.05,42.13,42.38,42.88,43.44,43.94,44.46,44.91,44.73,43.97,43.06,42.16,41.20,40.32,39.87,39.70,39.67,39.59,39.57,39.53,39.47,39.46,39.40,39.32,39.25,39.16,39.09,38.96,38.87,38.85,38.77,38.70,38.63,38.55,38.47,38.40,38.33,38.25,38.16,38.08,37.95,37.84,37.77,37.70,37.68,37.63,37.58,37.57,37.50,37.43,37.39,37.39,37.38,37.38,37.34,37.29,37.29,37.29,37.29,37.31,37.36,37.30,37.29,37.25,37.19,37.18,37.13,37.09,37.06,37.00,36.98,36.98,36.98,36.97,36.91,36.89
74.03,73.99,73.95,73.92,73.92,73.92,73.92,73.92,73.92,73.92,73.92,73.92,73.92,73.92,73.89,73.82,73.75,73.69,73.57,73.45,73.35,73.20,73.05,72.94,72.83,72.69,72.60,72.48,72.32,72.16,71.99,71.77,71.54,71.32,71.15,71.05,70.98,70.91,70.85,70.77,70.69,70.62,70.53,70.40,70.25,70.04,69.53,68.10,65.73,63.29,61.14,59.58,58.73,58.03,57.57,57.62,58.61,59.52,60.33,61.09,61.73,61.69,61.22,60.43,59.32,58.08,56.86,55.61,54.40,53.51,54.03,54.94,55.73,56.18,56.54,56.73,57.32,58.48,59.75,60.98,61.95,62.52,62.41,61.88,61.37,61.02,60.77,60.30,59.56,58.30,56.56,54.60,53.03,51.23,49.62,48.81,48.10,47.35,46.75,46.70,47.84,48.50,49.00,49.49,49.97,50.30,50.67,51.04,51.39,51.80,52.25,52.77,53.21,53.20,53.34,53.59,53.95,54.36,54.58,54.57,54.39,54.09,53.87,54.05,54.32,54.56,54.74,54.73,54.60,54.56,54.74,54.97,55.20,55.43,55.64,55.70,55.26,53.77,51.70,49.85,49.09,48.55,48.10,47.80,47.64,47.82,48.08,48.34,48.62,48.70,48.59,48.38,48.15,47.92,47.69,47.45,47.21,46.90,46.64,46.36,46.02,45.55,44.73,43.94,43.17,42.42,41.64,40.87,40.17,39.63,39.41,39.41,39.65,39.99,40.31,40.38,40.39,40.44,40.52,40.52,40.52,40.54,40.78,41.47,42.13,42.69,43.23,43.67,43.62,42.91,42.14,41.41,40.61,40.03,39.70,39.53,39.47,39.39,39.38,39.34,39.28,39.27,39.21,39.13,39.05,38.98,38.90,38.81,38.73,38.67,38.59,38.52,38.44,38.36,38.29,38.26,38.20,38.10,37.98,37.89,37.80,37.72,37.64,37.56,37.55,37.51,37.45,37.44,37.38,37.34,37.33,37.31,37.26,37.25,37.24,37.23,37.23,37.23,37.23,37.23,37.25,37.23,37.23,37.19,37.13,37.12,37.05,37.02,37.00,36.94,36.92,36.92,36.92,36.92,36.90,36.85
74.22,74.17,74.11,74.11,74.11,74.11,74.11,74.11,74.11,74.11,74.11,74.11,74.11,74.11,74.05,73.95,73.87,73.77,73.63,73.51,73.41,73.27,73.11,72.99,72.90,72.75,72.66,72.54,72.39,72.26,72.08,71.86,71.63,71.42,71.29,71.21,71.15,71.09,71.01,70.91,70.80,70.70,70.61,70.46,70.31,70.17,69.86,68.85,66.69,64.19,61.86,60.09,59.16,58.50,58.03,57.97,58.75,59.51,60.32,61.25,62.22,62.34,61.71,60.69,59.52,58.25,57.02,55.77,54.67,54.30,55.19,56.35,57.37,58.05,58.38,58.29,58.67,59.87,61.41,62.64,63.02,62.68,61.98,61.30,60.80,60.48,60.29,59.93,59.54,58.52,56.71,54.34,52.73,51.09,49.63,48.81,48.05,47.29,46.68,46.55,47.50,48.14,48.65,49.15,49.65,50.06,50.43,50.77,51.09,51.44,51.83,52.28,52.67,52.77,53.06,53.38,53.74,54.15,54.30,54.24,54.05,53.79,53.61,53.81,54.08,54.33,54.62,54.75,54.80,55.07,55.66,55.93,56.19,56.43,56.66,56.79,55.96,54.16,51.91,49.95,49.20,48.66,48.31,48.28,48.45,48.75,49.06,49.31,49.42,49.37,49.18,48.95,48.72,48.49,48.28,48.05,47.78,47.47,47.23,46.91,46.49,45.91,45.12,44.33,43.56,42.78,42.02,41.22,40.46,39.83,39.51,39.32,39.35,39.51,39.67,39.74,39.75,39.75,39.75,39.78,39.76,39.77,39.95,40.48,40.96,41.48,41.99,42.41,42.53,41.87,41.16,40.61,40.12,39.79,39.55,39.39,39.28,39.20,39.19,39.16,39.12,39.08,39.02,38.94,38.86,38.79,38.71,38.63,38.57,38.51,38.44,38.36,38.28,38.21,38.13,38.09,38.04,37.94,37.82,37.74,37.67,37.59,37.51,37.44,37.42,37.38,37.32,37.32,37.28,37.24,37.22,37.21,37.17,37.16,37.15,37.13,37.13,37.13,37.13,37.14,37.16,37.16,37.14,37.10,37.06,37.03,36.98,36.97,36.95,36.91,36.87,36.87,36.87,36.87,36.86,36.80
74.41,74.36,74.31,74.31,74.31,74.31,74.31,74.31,74.31,74.31,74.31,74.30,74.30,74.29,74.20,74.07,73.99,73.84,73.69,73.57,73.48,73.33,73.18,73.06,72.96,72.81,72.72,72.60,72.47,72.37,72.15,71.92,71.70,71.51,71.42,71.34,71.31,71.27,71.18,71.04,70.89,70.77,70.68,70.53,70.38,70.26,70.14,69.73,67.96,65.59,63.14,61.03,59.73,58.95,58.44,58.27,58.79,59.47,60.37,61.50,62.71,62.87,61.92,60.64,59.46,58.25,57.08,55.89,55.01,55.32,56.31,57.46,58.63,59.70,60.11,59.91,60.17,61.36,63.09,63.93,63.19,61.56,60.35,59.80,59.47,59.24,59.06,58.80,58.32,57.30,55.73,53.78,52.27,50.86,49.66,48.86,48.03,47.24,46.60,46.39,47.16,47.76,48.30,48.82,49.30,49.81,50.20,50.53,50.84,51.15,51.47,51.82,52.19,52.48,52.86,53.19,53.54,53.91,53.91,53.83,53.68,53.47,53.35,53.56,53.83,54.08,54.37,54.55,54.79,55.45,56.57,56.98,57.34,57.65,57.86,57.85,56.45,54.49,52.30,50.16,49.43,48.91,48.68,48.88,49.29,49.68,50.05,50.31,50.20,49.99,49.77,49.53,49.29,49.05,48.88,48.65,48.35,48.05,47.80,47.41,46.88,46.18,45.41,44.64,43.87,43.09,42.32,41.50,40.70,40.04,39.63,39.33,39.22,39.25,39.33,39.46,39.49,39.50,39.52,39.57,39.53,39.54,39.65,39.84,39.97,40.36,40.81,41.18,41.46,40.86,40.22,39.85,39.71,39.55,39.38,39.23,39.10,39.02,39.00,39.00,38.98,38.91,38.83,38.75,38.67,38.59,38.53,38.45,38.41,38.38,38.32,38.24,38.16,38.08,38.00,37.93,37.86,37.78,37.70,37.62,37.54,37.47,37.40,37.34,37.32,37.28,37.23,37.23,37.22,37.17,37.13,37.13,37.12,37.12,37.08,37.03,37.02,37.01,37.00,37.03,37.08,37.09,37.04,37.00,36.98,36.92,36.90,36.89,36.89,36.88,36.83,36.80,36.80,36.80,36.80,36.74
74.59,74.55,74.50,74.50,74.50,74.50,74.50,74.50,74.50,74.50,74.50,74.48,74.43,74.38,74.27,74.14,74.05,73.91,73.79,73.68,73.54,73.39,73.28,73.16,73.02,72.88,72.80,72.67,72.53,72.44,72.22,71.99,71.80,71.68,71.60,71.52,71.46,71.39,71.26,71.11,70.99,70.88,70.74,70.59,70.44,70.33,70.23,69.98,69.02,66.98,64.51,62.29,60.53,59.49,58.92,58.76,59.11,59.82,60.94,62.34,63.63,63.33,62.05,60.59,59.38,58.32,57.27,56.17,55.44,56.06,57.01,58.05,59.24,60.59,61.53,61.73,62.21,63.35,64.65,63.94,62.18,60.38,59.46,58.86,58.44,58.13,57.90,57.56,56.92,55.93,54.74,53.61,52.10,50.79,49.76,48.93,48.08,47.25,46.55,46.23,46.82,47.38,47.92,48.45,48.97,49.51,49.95,50.33,50.64,50.94,51.25,51.57,51.92,52.28,52.66,53.00,53.31,53.56,53.48,53.39,53.27,53.12,53.12,53.33,53.57,53.82,54.13,54.39,54.68,55.34,56.53,57.49,58.40,58.97,59.03,58.42,56.70,54.65,52.54,50.56,49.69,49.17,49.05,49.39,49.84,50.24,50.63,50.91,50.88,50.69,50.45,50.18,49.86,49.58,49.39,49.19,48.92,48.61,48.33,47.81,47.14,46.44,45.67,44.90,44.13,43.35,42.58,41.79,41.06,40.39,39.79,39.43,39.23,39.11,39.06,39.15,39.22,39.26,39.31,39.34,39.32,39.32,39.39,39.53,39.62,39.81,40.03,40.22,40.38,40.08,39.77,39.58,39.45,39.30,39.14,39.00,38.91,38.88,38.83,38.80,38.79,38.72,38.64,38.56,38.48,38.41,38.38,38.35,38.32,38.27,38.24,38.13,38.03,37.95,37.88,37.80,37.72,37.65,37.57,37.49,37.45,37.42,37.39,37.37,37.37,37.35,37.33,37.33,37.33,37.27,37.23,37.22,37.18,37.16,37.15,37.10,37.01,36.96,36.94,36.95,36.97,36.97,36.95,36.94,36.92,36.85,36.84,36.84,36.84,36.83,36.81,36.76,36.73,36.73,36.73,36.71
74.78,74.75,74.70,74.69,74.69,74.69,74.69,74.69,74.69,74.69,74.67,74.64,74.56,74.47,74.35,74.23,74.12,73.99,73.88,73.77,73.61,73.48,73.37,73.25,73.09,72.97,72.86,72.73,72.60,72.50,72.30,72.08,71.92,71.84,71.76,71.67,71.58,71.48,71.33,71.18,71.08,70.96,70.81,70.66,70.52,70.41,70.29,70.11,69.72,68.15,65.92,63.66,61.63,60.35,59.72,59.66,59.97,60.78,62.02,63.47,64.59,63.70,62.09,60.49,59.25,58.34,57.39,56.47,55.95,56.59,57.45,58.41,59.59,61.17,62.70,63.49,64.24,65.08,65.19,63.30,61.16,59.56,58.91,58.48,58.15,57.84,57.53,57.12,56.52,55.75,54.94,54.26,52.62,51.09,49.90,49.03,48.17,47.32,46.56,46.12,46.51,47.00,47.54,48.08,48.62,49.16,49.66,50.09,50.42,50.73,51.03,51.34,51.67,52.06,52.44,52.79,53.06,53.17,53.05,52.95,52.88,52.86,53.03,53.27,53.51,53.76,54.05,54.40,54.89,55.84,57.32,58.41,59.36,59.91,59.88,59.03,57.21,55.15,53.11,51.22,50.03,49.52,49.51,49.89,50.35,50.75,51.15,51.48,51.54,51.38,51.15,50.86,50.48,50.13,49.91,49.71,49.46,49.17,48.77,48.14,47.39,46.69,45.93,45.17,44.41,43.63,42.86,42.07,41.35,40.66,39.91,39.55,39.32,39.14,39.02,39.02,39.04,39.06,39.09,39.09,39.09,39.09,39.14,39.28,39.34,39.42,39.49,39.57,39.62,39.54,39.44,39.33,39.20,39.06,38.91,38.79,38.72,38.69,38.64,38.61,38.60,38.52,38.47,38.40,38.32,38.26,38.25,38.25,38.22,38.17,38.14,38.02,37.90,37.83,37.75,37.67,37.59,37.53,37.50,37.46,37.47,37.48,37.48,37.48,37.48,37.48,37.49,37.51,37.51,37.45,37.41,37.40,37.33,37.33,37.34,37.31,37.18,37.07,37.00,36.95,36.92,36.88,36.88,36.88,36.86,36.79,36.77,36.77,36.77,36.77,36.77,36.73,36.69,36.67,36.67,36.67
74.97,74.97,74.95,74.89,74.88,74.88,74.88,74.88,74.88,74.88,74.84,74.76,74.68,74.55,74.44,74.34,74.20,74.10,73.98,73.83,73.69,73.59,73.46,73.31,73.17,73.08,72.94,72.79,72.66,72.57,72.41,72.21,72.04,71.97,71.88,71.75,71.64,71.55,71.39,71.23,71.14,71.03,70.88,70.72,70.62,70.50,70.36,70.20,70.00,69.02,67.32,65.13,63.14,61.73,61.06,61.14,61.56,62.53,63.73,64.89,65.48,63.98,62.05,60.34,59.11,58.27,57.43,56.78,56.51,56.90,57.67,58.57,59.76,61.52,63.59,65.07,66.09,66.26,64.41,62.12,60.38,59.27,58.69,58.72,58.78,58.63,58.19,57.76,57.48,57.13,56.62,55.88,53.96,51.82,50.09,49.16,48.30,47.46,46.65,46.08,46.23,46.65,47.16,47.70,48.24,48.77,49.31,49.78,50.15,50.47,50.78,51.09,51.42,51.80,52.19,52.56,52.80,52.75,52.60,52.52,52.53,52.72,53.12,53.45,53.71,53.94,54.20,54.61,55.54,57.18,59.26,59.91,60.19,60.35,60.32,59.78,58.11,56.13,54.13,52.19,50.55,50.02,50.08,50.41,50.86,51.26,51.69,52.06,52.16,52.03,51.81,51.52,51.13,50.70,50.43,50.20,49.97,49.69,49.11,48.39,47.63,46.91,46.14,45.42,44.67,43.91,43.13,42.31,41.52,40.76,39.99,39.67,39.48,39.35,39.25,39.13,39.00,38.91,38.86,38.86,38.85,38.85,38.89,39.02,39.04,39.10,39.17,39.24,39.25,39.24,39.15,39.02,38.94,38.85,38.72,38.60,38.53,38.46,38.43,38.42,38.41,38.34,38.32,38.27,38.20,38.13,38.12,38.12,38.12,38.09,38.02,37.89,37.78,37.70,37.63,37.55,37.48,37.45,37.51,37.57,37.64,37.67,37.67,37.67,37.67,37.68,37.70,37.75,37.76,37.71,37.66,37.65,37.59,37.62,37.66,37.64,37.55,37.41,37.23,37.07,36.99,36.86,36.82,36.81,36.80,36.73,36.71,36.71,36.70,36.70,36.70,36.70,36.67,36.61,36.61,36.61
75.18,75.16,75.16,75.12,75.08,75.06,75.06,75.06,75.06,75.03,74.95,74.84,74.76,74.62,74.51,74.41,74.27,74.17,74.05,73.89,73.75,73.66,73.52,73.38,73.23,73.15,73.01,72.86,72.72,72.64,72.49,72.31,72.17,72.09,71.97,71.82,71.71,71.61,71.45,71.30,71.20,71.09,70.94,70.79,70.69,70.58,70.42,70.27,70.11,69.65,68.58,66.81,65.46,64.60,64.29,64.41,64.44,65.13,65.99,66.53,66.07,64.37,62.45,60.71,59.36,58.40,57.79,57.39,57.18,57.34,58.00,58.84,60.04,61.92,64.08,65.99,66.69,65.72,63.45,61.27,59.91,59.24,58.97,59.23,59.63,59.67,59.17,58.90,58.82,58.68,58.30,57.45,55.56,52.92,50.51,49.28,48.46,47.63,46.82,46.16,45.98,46.25,46.73,47.27,47.80,48.34,48.86,49.34,49.80,50.20,50.53,50.84,51.17,51.55,51.94,52.24,52.39,52.30,52.16,52.19,52.40,52.80,53.33,53.72,54.02,54.25,54.39,54.73,56.14,58.10,59.84,60.24,60.36,60.42,60.41,60.18,58.94,57.14,55.20,53.43,51.79,51.05,50.90,51.11,51.45,51.86,52.28,52.61,52.63,52.33,51.97,51.64,51.33,51.04,50.73,50.45,50.21,49.90,49.24,48.44,47.59,46.76,45.91,45.08,44.28,43.52,42.78,41.99,41.24,40.59,40.07,39.83,39.69,39.58,39.46,39.34,39.20,39.06,38.95,38.86,38.82,38.77,38.75,38.77,38.74,38.75,38.80,38.87,38.88,38.88,38.81,38.72,38.68,38.61,38.51,38.41,38.34,38.30,38.26,38.23,38.22,38.15,38.14,38.09,38.03,37.99,37.99,37.99,37.99,37.98,37.90,37.80,37.70,37.63,37.56,37.55,37.56,37.59,37.67,37.75,37.82,37.86,37.86,37.86,37.86,37.89,37.93,37.96,37.96,37.94,37.91,37.91,37.88,37.94,37.97,37.95,37.87,37.73,37.52,37.32,37.16,37.05,36.95,36.89,36.84,36.77,36.72,36.68,36.64,36.64,36.64,36.64,36.61,36.55,36.55,36.55
75.40,75.37,75.36,75.35,75.30,75.26,75.25,75.25,75.22,75.16,75.05,74.91,74.82,74.69,74.58,74.47,74.34,74.25,74.11,73.96,73.82,73.73,73.59,73.44,73.32,73.22,73.08,72.93,72.81,72.70,72.56,72.41,72.29,72.19,72.05,71.90,71.78,71.68,71.53,71.38,71.27,71.16,71.02,70.87,70.76,70.64,70.50,70.35,70.19,70.09,69.59,68.42,67.78,67.50,67.51,67.63,67.33,67.64,68.06,67.95,66.60,64.81,62.95,61.22,59.76,58.71,58.32,58.10,57.91,57.87,58.38,59.20,60.49,62.51,64.66,66.70,66.94,65.02,62.81,60.80,59.70,59.34,59.36,59.81,60.55,60.84,60.40,60.24,60.27,60.21,59.84,58.88,56.91,53.79,50.82,49.37,48.58,47.79,47.01,46.33,45.89,45.94,46.28,46.76,47.29,47.82,48.30,48.80,49.34,49.84,50.24,50.58,50.91,51.30,51.70,51.91,51.95,51.87,51.78,51.98,52.39,52.95,53.54,54.00,54.37,54.60,54.63,55.05,56.77,58.71,59.85,60.16,60.28,60.34,60.39,60.42,59.65,58.10,56.28,54.71,53.19,52.21,51.80,51.90,52.09,52.47,52.86,53.09,52.92,52.39,51.87,51.48,51.22,51.05,50.74,50.42,50.14,49.78,49.08,48.22,47.32,46.41,45.49,44.57,43.70,42.94,42.25,41.58,40.99,40.52,40.25,40.07,39.95,39.83,39.67,39.57,39.43,39.28,39.13,38.98,38.87,38.79,38.72,38.65,38.58,38.55,38.55,38.60,38.60,38.59,38.54,38.48,38.46,38.41,38.33,38.26,38.20,38.20,38.14,38.10,38.09,38.02,37.99,37.94,37.90,37.88,37.88,37.88,37.88,37.86,37.79,37.72,37.65,37.59,37.57,37.63,37.70,37.78,37.86,37.94,38.01,38.05,38.05,38.05,38.05,38.10,38.16,38.16,38.17,38.18,38.18,38.19,38.21,38.26,38.29,38.27,38.20,38.05,37.84,37.61,37.40,37.28,37.15,37.03,36.94,36.88,36.83,36.76,36.69,36.67,36.66,36.66,36.62,36.56,36.54,36.53
75.63,75.59,75.55,75.54,75.53,75.48,75.45,75.42,75.31,75.22,75.11,74.97,74.89,74.80,74.68,74.55,74.46,74.32,74.17,74.04,73.94,73.81,73.66,73.53,73.43,73.29,73.14,73.02,72.91,72.77,72.62,72.51,72.39,72.27,72.17,72.03,71.88,71.75,71.66,71.51,71.37,71.24,71.14,70.99,70.85,70.73,70.63,70.47,70.32,70.21,70.04,69.72,69.57,69.50,69.51,69.54,69.46,69.44,69.28,68.67,67.19,65.34,63.46,61.70,60.23,59.37,59.06,58.89,58.72,58.56,58.85,59.76,61.32,63.50,65.73,67.30,67.10,65.08,63.08,61.08,59.93,59.56,59.69,60.37,61.48,62.20,62.05,61.74,61.73,61.56,61.04,59.97,57.46,53.87,50.68,49.35,48.58,47.86,47.20,46.64,46.18,45.83,45.82,46.12,46.59,47.07,47.54,48.06,48.66,49.25,49.87,50.33,50.66,51.05,51.49,51.59,51.51,51.46,51.59,52.04,52.59,53.13,53.69,54.25,54.71,54.95,54.97,55.92,57.48,58.80,59.32,59.79,60.01,60.14,60.29,60.50,60.11,58.91,57.34,55.91,54.49,53.33,52.75,52.82,52.88,53.11,53.38,53.43,52.84,52.08,51.46,50.97,50.60,50.42,50.18,49.84,49.43,49.03,48.27,47.46,46.64,45.77,44.91,44.00,43.11,42.31,41.69,41.34,41.09,40.86,40.67,40.46,40.30,40.13,39.92,39.77,39.63,39.47,39.31,39.16,39.02,38.92,38.86,38.84,38.77,38.70,38.64,38.60,38.60,38.55,38.47,38.41,38.34,38.32,38.27,38.21,38.20,38.20,38.14,38.10,38.09,38.01,37.94,37.91,37.88,37.83,37.81,37.81,37.79,37.74,37.72,37.66,37.61,37.63,37.73,37.81,37.89,37.97,38.05,38.13,38.20,38.24,38.24,38.24,38.24,38.29,38.34,38.35,38.41,38.43,38.45,38.52,38.57,38.60,38.61,38.60,38.57,38.38,38.16,37.93,37.70,37.49,37.37,37.26,37.15,37.13,37.17,37.11,36.99,36.93,36.86,36.84,36.81,36.74,36.67,36.66
75.80,75.75,75.68,75.65,75.61,75.57,75.53,75.48,75.37,75.28,75.19,75.07,74.96,74.88,74.76,74.63,74.53,74.39,74.23,74.11,74.02,73.87,73.71,73.60,73.51,73.36,73.20,73.07,72.96,72.84,72.72,72.63,72.52,72.38,72.30,72.15,72.00,71.87,71.78,71.63,71.48,71.36,71.27,71.12,70.96,70.85,70.75,70.60,70.48,70.38,70.31,70.24,70.23,70.23,70.23,70.23,70.23,70.13,69.87,69.23,67.83,65.98,64.05,62.57,61.81,61.37,61.35,60.90,60.00,59.36,59.67,61.00,62.98,65.29,67.42,68.19,67.43,65.43,63.59,61.72,60.50,60.03,60.37,61.35,62.63,63.43,63.37,63.17,62.85,62.22,61.30,60.12,57.38,53.66,50.51,49.34,48.65,48.15,47.68,47.18,46.71,46.22,45.89,45.80,45.98,46.41,46.84,47.35,47.97,48.59,49.26,49.87,50.38,50.85,51.18,51.19,51.09,51.12,51.38,51.90,52.47,53.05,53.63,54.21,54.72,55.12,55.45,56.23,57.23,58.09,58.63,59.26,59.76,60.13,60.38,60.59,60.42,59.61,58.41,57.15,55.81,54.52,53.80,53.77,53.78,53.88,53.86,53.56,52.81,51.99,51.25,50.60,50.02,49.58,49.09,48.68,48.39,48.04,47.34,46.54,45.73,44.91,44.07,43.41,42.81,42.24,41.84,41.63,41.48,41.32,41.16,40.94,40.73,40.53,40.30,40.11,39.87,39.66,39.51,39.35,39.20,39.09,39.03,39.03,38.95,38.88,38.80,38.74,38.73,38.67,38.58,38.47,38.39,38.36,38.32,38.29,38.28,38.25,38.21,38.17,38.13,38.06,37.97,37.92,37.88,37.81,37.80,37.78,37.72,37.66,37.66,37.65,37.68,37.76,37.88,37.96,38.04,38.12,38.19,38.27,38.35,38.40,38.44,38.47,38.48,38.52,38.58,38.59,38.66,38.68,38.72,38.83,38.91,38.95,38.97,38.96,38.91,38.71,38.48,38.24,38.01,37.74,37.62,37.54,37.48,37.51,37.55,37.50,37.37,37.23,37.15,37.12,37.09,37.03,37.05,37.14
75.89,75.81,75.74,75.67,75.60,75.57,75.53,75.47,75.39,75.31,75.23,75.14,75.03,74.94,74.82,74.69,74.59,74.45,74.30,74.18,74.08,73.94,73.78,73.66,73.57,73.42,73.27,73.11,72.98,72.91,72.82,72.75,72.63,72.50,72.42,72.28,72.13,71.99,71.91,71.76,71.62,71.49,71.39,71.24,71.10,70.98,70.88,70.73,70.64,70.57,70.50,70.43,70.42,70.42,70.42,70.42,70.42,70.34,70.16,69.69,68.50,66.65,64.77,63.79,64.08,64.20,64.47,63.69,61.94,60.64,61.14,62.93,65.22,67.35,69.12,69.12,67.90,65.98,64.26,62.56,61.32,60.79,61.34,62.57,63.86,64.61,64.54,64.48,63.71,62.47,61.05,59.68,56.89,53.37,50.50,49.50,48.87,48.59,48.29,47.82,47.34,46.81,46.23,45.73,45.56,45.81,46.19,46.66,47.27,47.89,48.64,49.42,50.15,50.67,50.81,50.76,50.70,50.83,51.18,51.67,52.24,52.85,53.45,54.00,54.55,55.16,55.83,56.28,56.73,57.32,58.07,58.83,59.63,60.21,60.53,60.68,60.62,60.14,59.34,58.28,57.06,55.74,54.89,54.73,54.69,54.63,54.26,53.60,52.80,51.99,51.16,50.36,49.60,48.84,48.02,47.48,47.25,46.94,46.33,45.58,44.82,44.15,43.43,43.09,42.83,42.51,42.30,42.13,41.98,41.83,41.66,41.44,41.22,40.99,40.76,40.51,40.17,39.88,39.69,39.53,39.38,39.27,39.23,39.22,39.14,39.07,38.99,38.93,38.92,38.85,38.73,38.60,38.52,38.45,38.42,38.41,38.40,38.34,38.31,38.27,38.20,38.11,38.04,37.97,37.89,37.82,37.80,37.75,37.68,37.62,37.62,37.68,37.80,37.95,38.03,38.12,38.19,38.27,38.34,38.43,38.50,38.57,38.64,38.71,38.73,38.77,38.82,38.84,38.91,38.94,38.99,39.12,39.22,39.30,39.34,39.32,39.23,39.02,38.79,38.55,38.30,37.99,37.88,37.85,37.87,37.94,37.95,37.91,37.78,37.58,37.48,37.46,37.44,37.43,37.58,37.77
75.72,75.64,75.58,75.55,75.48,75.42,75.38,75.35,75.28,75.20,75.12,75.06,75.06,75.01,74.88,74.74,74.66,74.52,74.40,74.29,74.15,74.00,73.84,73.73,73.64,73.48,73.33,73.17,73.05,72.97,72.89,72.81,72.72,72.63,72.55,72.41,72.25,72.12,72.03,71.89,71.77,71.66,71.52,71.37,71.26,71.14,71.01,70.86,70.77,70.73,70.69,70.62,70.61,70.61,70.61,70.61,70.61,70.45,70.27,69.95,69.12,67.21,65.83,65.82,67.27,68.08,68.33,67.53,65.70,63.68,64.59,66.54,68.31,69.22,69.82,69.69,68.64,66.83,65.13,63.52,62.55,62.30,62.81,63.97,65.12,65.75,65.67,65.52,64.06,62.21,60.37,58.48,55.81,53.21,51.24,50.30,49.57,49.27,48.98,48.50,47.98,47.40,46.76,46.15,45.71,45.38,45.55,46.00,46.58,47.21,48.31,49.37,50.13,50.45,50.38,50.37,50.46,50.63,50.98,51.48,52.03,52.60,53.15,53.61,54.26,55.00,55.56,56.19,56.85,57.55,58.32,59.09,59.84,60.35,60.60,60.73,60.65,60.24,59.62,58.91,58.11,56.99,56.09,55.68,55.53,55.06,54.41,53.63,52.72,52.00,51.24,50.48,49.73,48.86,47.92,47.04,46.31,45.79,45.27,44.71,44.28,44.17,44.04,43.89,43.60,43.15,42.83,42.64,42.49,42.33,42.17,41.95,41.72,41.51,41.30,40.98,40.64,40.24,39.83,39.66,39.50,39.43,39.41,39.41,39.34,39.26,39.18,39.12,39.11,39.01,38.86,38.73,38.65,38.57,38.54,38.52,38.47,38.45,38.40,38.33,38.25,38.18,38.11,38.03,37.95,37.87,37.81,37.74,37.69,37.67,37.68,37.78,37.96,38.14,38.27,38.36,38.44,38.52,38.59,38.66,38.75,38.80,38.83,38.90,38.96,39.00,39.03,39.09,39.16,39.19,39.23,39.34,39.52,39.62,39.66,39.64,39.55,39.34,39.11,38.84,38.50,38.19,38.14,38.21,38.30,38.33,38.38,38.32,38.18,38.01,37.87,37.87,37.94,38.05,38.24,38.43
75.49,75.42,75.35,75.33,75.28,75.21,75.15,75.12,75.07,75.00,74.94,74.91,74.98,74.95,74.89,74.81,74.73,74.61,74.50,74.37,74.21,74.06,73.91,73.78,73.67,73.54,73.39,73.23,73.10,73.03,72.98,72.91,72.83,72.76,72.68,72.53,72.39,72.27,72.16,72.02,71.91,71.81,71.65,71.50,71.41,71.29,71.14,71.02,70.93,70.91,70.88,70.81,70.81,70.81,70.81,70.80,70.76,70.57,70.35,70.10,69.55,67.78,66.79,67.25,69.03,69.94,70.14,69.46,68.09,66.78,67.56,68.89,69.91,70.17,70.18,70.02,69.23,67.70,66.02,64.78,64.12,63.94,64.27,65.33,66.37,66.93,66.75,66.08,64.13,61.89,59.75,57.75,56.06,54.86,54.03,53.36,52.34,51.23,50.14,49.19,48.59,47.93,47.28,46.66,46.09,45.50,45.34,45.51,45.95,46.69,47.85,48.94,49.72,50.07,49.95,50.02,50.25,50.44,50.82,51.31,51.86,52.46,53.07,53.61,54.33,55.14,55.77,56.48,57.18,57.93,58.77,59.55,60.14,60.49,60.66,60.74,60.65,60.30,59.80,59.25,58.66,57.82,56.98,56.33,55.85,55.10,54.27,53.40,52.43,51.71,51.06,50.41,49.70,48.79,47.81,46.75,45.78,45.27,45.03,44.78,44.65,44.82,44.93,44.75,44.37,43.87,43.45,43.19,42.99,42.84,42.65,42.45,42.22,42.01,41.80,41.46,41.08,40.58,40.04,39.77,39.64,39.61,39.61,39.59,39.53,39.45,39.37,39.31,39.27,39.16,39.02,38.88,38.78,38.70,38.65,38.62,38.57,38.54,38.47,38.39,38.32,38.25,38.17,38.09,38.02,37.94,37.86,37.78,37.72,37.71,37.73,37.88,38.09,38.30,38.45,38.57,38.66,38.73,38.81,38.89,38.97,39.00,39.02,39.10,39.20,39.24,39.26,39.34,39.41,39.44,39.47,39.57,39.76,39.87,39.92,39.92,39.80,39.59,39.34,39.05,38.69,38.38,38.38,38.52,38.68,38.74,38.79,38.72,38.56,38.41,38.23,38.24,38.39,38.61,38.86,39.06
75.21,75.16,75.09,75.03,75.00,74.95,74.88,74.82,74.80,74.75,74.71,74.72,74.79,74.80,74.83,74.85,74.78,74.70,74.58,74.43,74.28,74.13,73.97,73.82,73.69,73.59,73.45,73.30,73.17,73.11,73.09,73.03,72.96,72.88,72.80,72.66,72.54,72.44,72.30,72.14,72.04,71.93,71.78,71.63,71.53,71.42,71.28,71.20,71.13,71.10,71.07,71.01,71.00,71.00,71.00,70.98,70.90,70.69,70.43,70.16,69.81,68.41,67.71,68.16,69.54,70.10,70.22,69.77,69.19,69.50,69.75,70.00,70.23,70.36,70.31,70.17,69.64,68.53,66.94,66.32,65.93,65.63,65.69,66.63,67.61,68.12,67.77,66.32,64.08,61.66,59.40,57.69,57.48,57.84,58.15,57.87,56.54,54.17,51.76,49.94,49.15,48.41,47.76,47.19,46.58,46.03,45.49,45.20,45.42,46.25,47.20,48.11,48.91,49.49,49.43,49.63,50.00,50.25,50.70,51.19,51.75,52.45,53.19,53.90,54.64,55.43,56.24,56.90,57.60,58.43,59.37,60.11,60.47,60.64,60.71,60.71,60.64,60.36,59.94,59.40,58.86,58.26,57.54,56.67,55.74,54.82,53.90,52.95,51.98,51.17,50.63,50.13,49.46,48.55,47.57,46.53,45.64,45.40,45.55,45.66,45.75,45.93,45.94,45.57,45.09,44.62,44.16,43.76,43.51,43.33,43.11,42.94,42.73,42.51,42.25,41.93,41.45,40.89,40.32,39.92,39.83,39.82,39.82,39.81,39.72,39.64,39.56,39.48,39.41,39.33,39.21,39.05,38.91,38.82,38.75,38.70,38.68,38.61,38.54,38.46,38.39,38.31,38.23,38.16,38.08,38.00,37.92,37.84,37.77,37.72,37.79,37.98,38.21,38.42,38.59,38.73,38.84,38.92,39.00,39.09,39.16,39.20,39.22,39.29,39.42,39.49,39.52,39.59,39.67,39.69,39.73,39.82,39.96,40.06,40.13,40.14,39.98,39.76,39.48,39.17,38.87,38.58,38.61,38.80,39.00,39.15,39.18,39.11,38.95,38.78,38.56,38.59,38.80,39.09,39.39,39.65
74.95,74.91,74.84,74.76,74.71,74.67,74.63,74.55,74.50,74.47,74.47,74.53,74.60,74.61,74.66,74.72,74.73,74.71,74.59,74.45,74.34,74.19,74.04,73.88,73.73,73.61,73.50,73.36,73.25,73.22,73.17,73.10,73.05,73.01,72.93,72.79,72.68,72.58,72.42,72.27,72.17,72.06,71.91,71.75,71.66,71.57,71.47,71.39,71.36,71.32,71.27,71.24,71.20,71.19,71.19,71.16,71.03,70.82,70.55,70.27,69.98,69.20,68.97,69.27,69.92,70.31,70.43,70.23,69.96,70.16,70.25,70.36,70.47,70.50,70.39,70.25,69.91,69.23,68.13,68.04,67.78,67.25,67.02,67.99,68.86,69.19,68.59,66.79,64.52,62.26,60.33,59.19,59.30,59.78,60.12,59.94,59.04,56.70,53.87,51.25,49.63,48.77,48.14,47.54,46.93,46.33,45.76,45.31,45.15,45.41,46.16,47.02,47.80,48.31,48.41,48.79,49.42,50.09,50.70,51.31,51.95,52.64,53.31,53.88,54.44,55.00,55.51,56.11,57.68,59.30,60.21,60.64,60.76,60.82,60.87,60.82,60.67,60.45,60.14,59.69,59.16,58.44,57.57,56.56,55.52,54.49,53.49,52.51,51.53,50.68,50.09,49.57,48.93,47.95,46.97,46.29,46.04,46.29,46.63,46.79,46.87,46.99,46.76,46.32,45.84,45.37,44.86,44.37,44.04,43.85,43.66,43.46,43.27,43.04,42.69,42.24,41.69,41.16,40.70,40.35,40.21,40.20,40.22,40.15,39.95,39.83,39.75,39.67,39.59,39.48,39.34,39.19,39.03,38.91,38.84,38.81,38.75,38.68,38.61,38.53,38.45,38.37,38.30,38.22,38.14,38.06,37.98,37.91,37.83,37.78,37.85,38.05,38.28,38.51,38.70,38.87,39.00,39.13,39.25,39.33,39.37,39.41,39.45,39.48,39.58,39.68,39.77,39.84,39.88,39.92,39.98,40.06,40.16,40.29,40.31,40.23,40.06,39.80,39.50,39.23,39.01,38.80,38.86,39.05,39.29,39.52,39.56,39.51,39.38,39.17,38.94,38.94,39.11,39.38,39.69,40.09
74.69,74.64,74.58,74.50,74.43,74.39,74.36,74.30,74.22,74.22,74.26,74.34,74.41,74.42,74.47,74.55,74.62,74.65,74.58,74.48,74.38,74.25,74.09,73.95,73.79,73.64,73.53,73.42,73.34,73.32,73.24,73.18,73.14,73.11,73.03,72.91,72.81,72.70,72.55,72.40,72.29,72.19,72.03,71.88,71.79,71.72,71.66,71.59,71.58,71.52,71.47,71.46,71.39,71.38,71.38,71.34,71.17,70.95,70.68,70.42,70.19,69.88,69.91,70.09,70.26,70.50,70.64,70.63,70.51,70.47,70.48,70.59,70.67,70.63,70.49,70.33,70.13,69.78,69.20,69.37,69.20,68.67,68.37,69.13,69.75,69.88,69.27,67.60,65.52,63.51,61.89,61.05,61.09,61.36,61.46,61.14,60.46,58.35,55.34,52.08,49.90,48.97,48.36,47.77,47.17,46.56,46.02,45.53,45.13,44.91,45.28,45.95,46.67,47.18,47.63,48.32,49.19,50.11,50.82,51.44,52.05,52.67,53.27,53.74,54.16,54.54,54.82,55.33,57.74,60.15,60.94,61.14,61.11,61.11,61.15,61.02,60.76,60.53,60.29,59.91,59.36,58.50,57.48,56.39,55.30,54.21,53.16,52.14,51.13,50.20,49.52,48.94,48.31,47.35,46.66,46.45,46.76,47.37,47.82,47.96,47.96,47.93,47.51,47.04,46.56,46.04,45.45,44.93,44.57,44.36,44.20,43.98,43.79,43.52,43.08,42.59,42.07,41.63,41.30,41.01,40.82,40.77,40.78,40.69,40.41,40.24,40.11,39.98,39.79,39.62,39.47,39.31,39.16,39.00,38.94,38.89,38.80,38.72,38.64,38.56,38.49,38.41,38.33,38.26,38.18,38.10,38.02,37.95,37.87,37.82,37.89,38.09,38.34,38.58,38.81,38.97,39.13,39.31,39.47,39.55,39.59,39.63,39.67,39.68,39.74,39.88,40.02,40.09,40.12,40.16,40.23,40.31,40.41,40.49,40.45,40.28,40.10,39.85,39.59,39.37,39.23,39.10,39.15,39.28,39.48,39.75,39.90,39.92,39.83,39.58,39.33,39.29,39.42,39.67,40.04,40.54
74.39,74.35,74.33,74.25,74.18,74.10,74.06,74.03,73.97,74.00,74.07,74.15,74.22,74.23,74.28,74.36,74.44,74.50,74.55,74.52,74.39,74.30,74.16,74.01,73.85,73.70,73.55,73.49,73.45,73.38,73.31,73.28,73.24,73.18,73.10,73.01,72.93,72.83,72.68,72.52,72.42,72.31,72.16,72.01,71.91,71.88,71.85,71.78,71.77,71.72,71.67,71.65,71.59,71.57,71.56,71.52,71.31,71.08,70.84,70.62,70.45,70.27,70.28,70.40,70.55,70.66,70.85,70.91,70.84,70.82,70.77,70.81,70.84,70.76,70.62,70.46,70.30,70.12,69.96,70.03,69.95,69.76,69.72,69.91,70.04,70.03,69.75,68.83,67.20,65.49,64.02,62.99,62.67,62.63,62.42,61.68,60.70,58.72,55.64,52.00,49.88,48.97,48.39,47.84,47.29,46.74,46.25,45.80,45.41,45.06,44.81,45.02,45.64,46.28,47.34,48.50,49.57,50.41,51.06,51.50,51.89,52.35,52.96,53.49,53.92,54.24,54.56,54.92,57.89,60.79,61.43,61.59,61.56,61.56,61.56,61.34,60.95,60.60,60.31,60.01,59.38,58.43,57.36,56.27,55.13,54.03,52.95,51.88,50.81,49.76,48.96,48.31,47.67,46.90,46.88,47.26,47.84,48.49,48.98,49.12,48.99,48.71,48.21,47.73,47.20,46.58,45.87,45.39,45.08,44.87,44.71,44.49,44.26,43.94,43.44,43.03,42.72,42.45,42.19,41.95,41.73,41.60,41.56,41.51,41.24,41.00,40.76,40.44,39.98,39.75,39.59,39.44,39.28,39.13,39.03,38.94,38.80,38.72,38.64,38.56,38.49,38.41,38.34,38.26,38.18,38.10,38.02,37.95,37.87,37.82,37.89,38.09,38.36,38.64,38.86,39.03,39.23,39.45,39.65,39.75,39.81,39.85,39.86,39.88,39.94,40.10,40.27,40.35,40.42,40.45,40.48,40.58,40.70,40.64,40.51,40.34,40.12,39.95,39.81,39.69,39.55,39.52,39.48,39.47,39.55,39.79,40.15,40.35,40.32,40.02,39.73,39.64,39.73,40.01,40.50,41.03
74.13,74.07,74.03,73.99,73.92,73.84,73.80,73.79,73.75,73.81,73.88,73.96,74.03,74.05,74.09,74.17,74.25,74.32,74.40,74.43,74.39,74.31,74.20,74.07,73.92,73.77,73.65,73.58,73.54,73.50,73.42,73.37,73.33,73.29,73.21,73.13,73.06,72.96,72.80,72.65,72.55,72.44,72.30,72.18,72.13,72.09,72.05,72.01,71.97,71.93,71.90,71.85,71.81,71.78,71.74,71.66,71.48,71.29,71.07,70.86,70.71,70.56,70.56,70.66,70.77,70.89,71.06,71.14,71.10,71.06,71.02,71.03,71.02,70.89,70.74,70.59,70.45,70.34,70.27,70.29,70.24,70.14,70.12,70.18,70.15,70.01,69.67,68.89,67.66,66.42,65.33,64.43,63.72,63.05,62.28,61.32,60.22,58.18,55.34,52.17,50.00,49.11,48.55,48.01,47.47,46.97,46.52,46.11,45.73,45.33,44.95,44.80,45.00,45.55,46.73,48.07,49.32,50.25,50.80,51.16,51.49,51.88,52.45,53.03,53.57,54.08,54.63,55.49,57.89,60.27,61.32,61.81,61.97,61.99,61.91,61.66,61.20,60.62,60.13,59.90,59.48,58.54,57.43,56.34,55.19,54.09,52.98,51.86,50.75,49.70,48.89,48.19,47.54,47.12,47.48,48.11,48.79,49.38,49.71,49.79,49.67,49.32,48.77,48.16,47.53,46.86,46.19,45.83,45.59,45.38,45.22,45.03,44.81,44.52,44.16,43.84,43.60,43.36,43.13,42.90,42.67,42.48,42.38,42.34,42.06,41.78,41.51,41.14,40.37,39.91,39.67,39.52,39.36,39.25,39.15,39.05,38.90,38.78,38.70,38.61,38.53,38.46,38.39,38.31,38.23,38.16,38.08,38.00,37.91,37.83,37.93,38.11,38.36,38.66,38.88,39.09,39.33,39.57,39.75,39.88,39.96,40.02,40.06,40.11,40.21,40.37,40.53,40.61,40.69,40.73,40.79,40.86,40.85,40.73,40.57,40.41,40.23,40.10,40.00,39.93,39.87,39.86,39.83,39.79,39.80,39.99,40.27,40.54,40.66,40.45,40.16,40.01,40.02,40.22,40.67,41.16
73.87,73.80,73.73,73.72,73.66,73.59,73.54,73.55,73.55,73.62,73.69,73.77,73.84,73.86,73.91,73.99,74.07,74.15,74.22,74.30,74.35,74.31,74.24,74.12,73.97,73.83,73.74,73.67,73.63,73.61,73.53,73.47,73.42,73.40,73.33,73.26,73.19,73.09,72.93,72.79,72.68,72.57,72.44,72.36,72.34,72.30,72.25,72.24,72.17,72.14,72.12,72.05,72.03,71.98,71.91,71.82,71.68,71.53,71.33,71.13,70.97,70.81,70.81,70.90,71.00,71.14,71.28,71.34,71.33,71.26,71.25,71.24,71.18,71.02,70.88,70.73,70.61,70.53,70.46,70.44,70.38,70.31,70.25,70.27,70.14,69.83,69.28,68.42,67.51,66.65,65.89,65.13,64.11,62.90,61.68,60.62,59.52,57.50,55.02,52.44,50.20,49.29,48.74,48.20,47.68,47.22,46.81,46.42,46.04,45.64,45.25,44.87,44.65,44.97,45.91,47.22,48.60,49.70,50.30,50.70,51.03,51.38,51.89,52.49,53.15,53.84,54.56,55.77,57.50,59.35,60.92,61.83,62.23,62.31,62.15,61.86,61.26,60.50,59.91,59.76,59.55,58.68,57.57,56.48,55.33,54.23,53.11,51.97,50.85,49.81,49.01,48.28,47.63,47.53,48.11,48.88,49.58,50.05,50.22,50.24,50.13,49.80,49.22,48.50,47.76,47.08,46.53,46.29,46.10,45.90,45.74,45.59,45.39,45.17,44.95,44.73,44.51,44.29,44.07,43.85,43.62,43.38,43.20,43.14,42.88,42.58,42.28,41.85,40.84,40.12,39.75,39.59,39.45,39.34,39.27,39.17,39.02,38.87,38.76,38.67,38.60,38.53,38.45,38.37,38.30,38.22,38.14,38.05,37.94,37.84,37.97,38.14,38.37,38.66,38.88,39.12,39.40,39.66,39.83,39.98,40.08,40.17,40.26,40.36,40.49,40.65,40.78,40.86,40.94,41.02,41.08,41.10,40.96,40.80,40.65,40.50,40.36,40.29,40.21,40.16,40.15,40.14,40.14,40.11,40.08,40.24,40.39,40.68,40.93,40.86,40.58,40.38,40.31,40.42,40.75,41.20
73.59,73.55,73.47,73.42,73.39,73.34,73.31,73.36,73.36,73.43,73.50,73.58,73.66,73.72,73.79,73.87,73.94,74.02,74.10,74.18,74.25,74.29,74.24,74.12,73.98,73.89,73.80,73.77,73.73,73.67,73.59,73.56,73.53,73.47,73.39,73.36,73.31,73.21,73.06,72.97,72.84,72.72,72.63,72.55,72.53,72.50,72.44,72.43,72.36,72.34,72.31,72.23,72.17,72.14,72.10,72.02,71.92,71.78,71.62,71.43,71.22,71.06,71.07,71.17,71.30,71.39,71.49,71.53,71.52,71.45,71.44,71.40,71.30,71.16,71.06,70.92,70.80,70.72,70.64,70.58,70.51,70.44,70.36,70.25,69.95,69.37,68.47,67.45,66.50,65.65,64.85,63.96,62.97,61.77,60.59,59.69,58.77,57.19,55.12,52.74,50.51,49.52,48.93,48.41,47.94,47.52,47.13,46.74,46.34,45.91,45.51,45.15,44.85,44.65,44.70,45.65,47.07,48.38,49.46,50.14,50.59,50.92,51.34,51.92,52.58,53.23,53.75,54.36,56.06,58.23,60.19,61.44,62.03,62.26,62.18,61.72,60.65,59.98,59.73,59.64,59.53,58.79,57.76,56.67,55.52,54.42,53.33,52.24,51.21,50.15,49.29,48.55,47.96,47.95,48.56,49.30,49.92,50.22,50.44,50.44,50.28,49.98,49.41,48.72,47.99,47.32,46.99,46.80,46.64,46.47,46.31,46.16,45.99,45.82,45.65,45.48,45.31,45.14,44.97,44.79,44.57,44.30,44.06,43.92,43.69,43.40,43.02,42.43,41.39,40.40,39.87,39.72,39.57,39.42,39.37,39.30,39.15,38.99,38.85,38.75,38.67,38.58,38.51,38.44,38.36,38.28,38.20,38.08,37.94,37.84,37.98,38.18,38.41,38.66,38.88,39.12,39.40,39.68,39.88,40.04,40.19,40.32,40.46,40.60,40.75,40.91,41.03,41.11,41.19,41.27,41.30,41.23,41.08,40.93,40.78,40.63,40.55,40.52,40.47,40.39,40.34,40.34,40.34,40.30,40.28,40.48,40.65,40.90,41.16,41.22,40.97,40.77,40.65,40.66,40.85,41.30
73.33,73.29,73.22,73.14,73.10,73.08,73.10,73.17,73.17,73.23,73.31,73.39,73.47,73.54,73.62,73.70,73.77,73.85,73.95,74.05,74.13,74.23,74.22,74.13,74.02,73.95,73.90,73.86,73.81,73.74,73.69,73.66,73.60,73.53,73.49,73.45,73.39,73.30,73.19,73.11,73.00,72.89,72.82,72.74,72.72,72.69,72.63,72.62,72.55,72.50,72.46,72.38,72.34,72.30,72.25,72.17,72.09,71.98,71.85,71.71,71.52,71.32,71.32,71.41,71.54,71.65,71.67,71.65,71.57,71.47,71.40,71.33,71.23,71.12,71.03,70.95,70.86,70.80,70.75,70.67,70.59,70.51,70.39,70.21,69.95,69.42,68.50,67.34,66.21,65.00,63.78,62.78,61.78,60.64,59.56,58.74,57.89,56.66,55.12,53.26,51.16,49.88,49.14,48.65,48.22,47.83,47.42,47.02,46.62,46.20,45.80,45.44,45.09,44.71,44.43,44.76,45.60,46.77,48.00,49.00,49.81,50.44,50.83,51.39,52.00,52.37,52.20,52.52,54.16,56.39,58.58,60.54,61.52,61.76,61.47,60.93,60.14,59.74,59.62,59.52,59.44,58.88,57.98,56.87,55.74,54.66,53.55,52.46,51.42,50.38,49.51,48.77,48.21,48.29,48.86,49.53,50.09,50.39,50.66,50.65,50.45,50.15,49.65,48.96,48.27,47.74,47.55,47.39,47.23,47.08,46.93,46.77,46.62,46.46,46.31,46.15,46.00,45.84,45.69,45.53,45.34,45.10,44.87,44.73,44.51,44.25,43.79,43.02,41.99,40.94,40.20,39.81,39.69,39.54,39.49,39.43,39.27,39.12,38.97,38.83,38.73,38.65,38.58,38.50,38.42,38.34,38.23,38.09,37.95,37.88,38.02,38.21,38.42,38.66,38.88,39.12,39.40,39.68,39.91,40.06,40.22,40.37,40.53,40.72,40.88,41.03,41.17,41.28,41.39,41.45,41.44,41.33,41.20,41.09,40.96,40.85,40.78,40.74,40.67,40.60,40.53,40.52,40.52,40.51,40.52,40.74,40.93,41.15,41.38,41.55,41.34,41.14,41.02,40.96,41.00,41.39
73.07,73.03,72.96,72.89,72.81,72.84,72.91,72.98,72.98,73.05,73.13,73.21,73.28,73.37,73.44,73.52,73.59,73.68,73.81,73.92,74.02,74.16,74.19,74.15,74.07,74.00,73.99,73.94,73.87,73.81,73.79,73.74,73.67,73.62,73.60,73.54,73.47,73.39,73.31,73.23,73.16,73.08,73.01,72.93,72.91,72.87,72.81,72.80,72.73,72.66,72.59,72.53,72.51,72.46,72.38,72.30,72.22,72.14,72.06,71.96,71.81,71.60,71.57,71.65,71.74,71.84,71.79,71.67,71.52,71.38,71.23,71.13,71.04,70.97,70.90,70.87,70.83,70.77,70.76,70.70,70.64,70.55,70.39,70.19,70.05,69.73,68.99,67.83,66.42,64.63,62.77,61.68,60.66,59.59,58.59,57.77,56.94,55.95,54.90,53.65,51.80,50.26,49.36,48.91,48.53,48.14,47.71,47.28,46.90,46.51,46.12,45.73,45.35,44.97,44.65,44.36,44.41,45.21,46.30,47.53,48.76,49.80,50.25,50.84,51.34,51.34,50.42,50.62,52.06,54.09,56.34,58.95,60.45,60.81,60.35,59.83,59.60,59.49,59.38,59.24,59.17,58.89,58.21,57.11,56.03,54.95,53.83,52.70,51.63,50.61,49.75,48.99,48.46,48.57,49.09,49.68,50.17,50.55,50.88,50.87,50.63,50.32,49.94,49.27,48.64,48.27,48.15,48.01,47.86,47.70,47.56,47.41,47.25,47.10,46.94,46.79,46.63,46.48,46.32,46.17,46.01,45.81,45.64,45.55,45.34,45.10,44.58,43.64,42.64,41.64,40.69,39.98,39.81,39.66,39.61,39.55,39.40,39.25,39.09,38.94,38.80,38.72,38.64,38.56,38.48,38.39,38.26,38.10,37.98,37.93,38.08,38.23,38.43,38.66,38.89,39.13,39.40,39.67,39.88,40.05,40.21,40.37,40.54,40.76,40.93,41.09,41.25,41.40,41.56,41.61,41.55,41.42,41.34,41.25,41.17,41.10,41.02,40.94,40.86,40.79,40.72,40.71,40.71,40.72,40.77,40.99,41.22,41.41,41.62,41.85,41.70,41.52,41.40,41.30,41.20,41.48
72.78,72.75,72.71,72.63,72.60,72.64,72.72,72.79,72.80,72.89,73.00,73.08,73.16,73.23,73.31,73.39,73.47,73.59,73.70,73.81,73.94,74.05,74.11,74.12,74.08,74.01,74.00,73.95,73.89,73.86,73.81,73.78,73.76,73.73,73.68,73.65,73.59,73.51,73.44,73.36,73.32,73.27,73.20,73.12,73.06,73.03,72.99,72.94,72.86,72.82,72.78,72.70,72.65,72.62,72.54,72.43,72.35,72.27,72.19,72.13,72.06,71.89,71.82,71.86,71.95,71.85,71.64,71.44,71.29,71.13,70.98,70.88,70.80,70.73,70.70,70.69,70.66,70.60,70.59,70.57,70.55,70.50,70.40,70.28,70.15,69.96,69.63,69.00,67.24,64.68,62.12,61.00,59.94,58.84,57.75,56.79,55.98,55.02,54.02,52.95,51.65,50.41,49.61,49.17,48.78,48.40,48.00,47.59,47.20,46.82,46.44,46.05,45.66,45.28,44.96,44.60,44.34,44.42,44.91,45.98,47.23,48.40,49.30,50.05,50.34,50.08,49.37,49.33,50.12,51.48,53.27,55.45,57.63,58.89,59.08,58.81,58.65,58.52,58.38,58.25,58.27,58.51,58.38,57.58,56.52,55.43,54.34,53.24,52.17,51.15,50.20,49.39,48.89,48.83,49.29,49.82,50.24,50.63,51.00,51.06,50.88,50.57,50.29,49.86,49.36,48.89,48.74,48.59,48.43,48.30,48.19,48.04,47.88,47.73,47.58,47.42,47.27,47.11,46.96,46.80,46.60,46.48,46.43,46.42,46.18,45.92,45.38,44.40,43.39,42.39,41.40,40.51,39.95,39.77,39.74,39.68,39.53,39.37,39.22,39.06,38.91,38.79,38.70,38.63,38.55,38.46,38.31,38.16,38.01,37.95,38.13,38.30,38.46,38.66,38.89,39.17,39.40,39.59,39.78,39.98,40.15,40.33,40.54,40.77,40.94,41.12,41.31,41.48,41.68,41.74,41.70,41.60,41.52,41.44,41.36,41.29,41.21,41.14,41.06,40.98,40.91,40.91,40.91,40.93,41.02,41.24,41.48,41.69,41.92,42.13,42.05,41.91,41.76,41.63,41.53,41.54
72.50,72.46,72.43,72.38,72.39,72.45,72.53,72.61,72.66,72.77,72.86,72.92,73.00,73.09,73.18,73.26,73.35,73.49,73.59,73.70,73.84,73.92,74.02,74.06,74.05,73.98,73.97,73.92,73.86,73.86,73.81,73.78,73.77,73.75,73.68,73.67,73.63,73.55,73.50,73.40,73.36,73.33,73.26,73.21,73.16,73.12,73.09,73.04,72.98,72.95,72.91,72.86,72.81,72.78,72.70,72.58,72.48,72.40,72.33,72.29,72.25,72.14,72.04,72.01,71.99,71.78,71.48,71.24,71.07,70.92,70.76,70.64,70.55,70.50,70.48,70.47,70.45,70.41,70.41,70.41,70.41,70.40,70.37,70.31,70.21,70.10,70.00,69.72,67.78,64.82,61.83,60.45,59.29,58.14,56.98,55.91,55.04,54.07,53.07,52.12,51.34,50.56,49.92,49.42,49.04,48.65,48.26,47.88,47.49,47.11,46.74,46.38,46.01,45.64,45.31,44.94,44.54,44.20,44.17,44.79,45.79,47.00,48.16,48.91,49.05,48.73,48.30,48.32,48.82,49.68,50.85,52.28,54.45,56.36,57.44,57.32,57.17,57.01,56.95,57.08,57.29,57.88,58.24,57.98,57.03,55.98,54.89,53.80,52.70,51.62,50.52,49.65,49.21,49.04,49.44,49.92,50.31,50.69,51.08,51.25,51.17,50.90,50.66,50.39,50.00,49.55,49.35,49.19,49.04,48.90,48.79,48.64,48.50,48.36,48.21,48.05,47.90,47.75,47.59,47.44,47.26,47.18,47.21,47.24,47.03,46.75,46.16,45.16,44.15,43.15,42.16,41.22,40.45,40.09,39.94,39.83,39.66,39.50,39.34,39.19,39.04,38.89,38.77,38.69,38.60,38.49,38.34,38.19,38.05,37.98,38.16,38.35,38.52,38.68,38.89,39.15,39.35,39.52,39.69,39.91,40.10,40.31,40.54,40.77,40.96,41.17,41.38,41.57,41.79,41.88,41.86,41.79,41.71,41.63,41.57,41.51,41.44,41.36,41.28,41.20,41.13,41.10,41.09,41.14,41.27,41.50,41.73,41.96,42.19,42.39,42.40,42.28,42.13,41.99,41.88,41.75
72.25,72.18,72.13,72.13,72.19,72.27,72.34,72.43,72.56,72.66,72.71,72.73,72.81,72.95,73.06,73.13,73.23,73.37,73.47,73.58,73.72,73.80,73.93,74.00,73.98,73.92,73.91,73.86,73.81,73.81,73.80,73.74,73.70,73.69,73.62,73.61,73.56,73.50,73.48,73.35,73.30,73.27,73.20,73.19,73.18,73.14,73.08,73.07,73.07,73.02,72.97,72.96,72.96,72.91,72.83,72.74,72.61,72.52,72.48,72.46,72.39,72.30,72.22,72.09,71.89,71.65,71.36,71.09,70.89,70.72,70.56,70.42,70.32,70.29,70.22,70.20,70.19,70.18,70.19,70.21,70.22,70.23,70.29,70.29,70.23,70.13,69.98,69.73,67.78,64.81,61.75,59.91,58.65,57.45,56.26,55.13,54.14,53.18,52.23,51.41,51.08,50.79,50.28,49.69,49.29,48.90,48.52,48.14,47.75,47.37,47.04,46.72,46.38,46.01,45.69,45.28,44.85,44.47,44.07,44.04,44.58,45.69,46.87,47.46,47.55,47.37,47.21,47.52,48.12,48.73,49.24,49.82,51.29,53.46,55.45,55.36,55.24,55.13,55.24,55.83,56.34,57.03,57.77,58.20,57.55,56.54,55.45,54.36,53.20,51.99,50.73,49.78,49.40,49.24,49.56,49.99,50.38,50.76,51.15,51.43,51.51,51.28,51.05,50.81,50.52,50.21,49.98,49.81,49.66,49.51,49.37,49.22,49.10,48.99,48.84,48.68,48.53,48.38,48.23,48.08,47.98,47.94,47.98,48.02,47.88,47.56,46.92,45.92,44.92,43.92,42.95,42.05,41.30,40.66,40.29,40.05,39.78,39.62,39.47,39.31,39.16,39.01,38.86,38.76,38.66,38.50,38.34,38.19,38.06,38.03,38.18,38.39,38.57,38.73,38.90,39.07,39.27,39.47,39.64,39.86,40.09,40.31,40.55,40.77,41.00,41.23,41.46,41.69,41.91,42.04,42.05,41.98,41.90,41.82,41.78,41.76,41.68,41.61,41.53,41.45,41.37,41.30,41.28,41.36,41.52,41.75,41.98,42.22,42.45,42.66,42.74,42.66,42.51,42.36,42.21,42.11
71.98,71.95,71.92,71.93,72.00,72.08,72.17,72.29,72.40,72.48,72.55,72.60,72.68,72.82,72.93,73.02,73.14,73.25,73.37,73.49,73.59,73.67,73.81,73.91,73.92,73.86,73.84,73.82,73.78,73.75,73.74,73.69,73.64,73.63,73.56,73.55,73.49,73.44,73.42,73.29,73.21,73.15,73.08,73.03,73.03,73.01,72.97,72.93,72.92,72.90,72.87,72.83,72.83,72.80,72.77,72.74,72.72,72.65,72.59,72.53,72.46,72.39,72.27,72.09,71.81,71.53,71.23,70.96,70.73,70.49,70.32,70.19,70.09,69.98,69.78,69.73,69.71,69.69,69.78,69.98,70.08,70.09,70.12,70.13,70.10,69.82,69.09,68.09,65.95,63.18,60.47,58.97,57.75,56.60,55.45,54.32,53.34,52.82,52.41,52.02,51.84,51.35,50.70,50.03,49.56,49.16,48.80,48.45,48.06,47.67,47.35,47.04,46.72,46.38,46.03,45.60,45.17,44.77,44.31,43.99,43.97,44.45,45.55,46.18,46.30,46.23,46.44,46.86,47.42,47.94,48.35,48.88,49.85,51.62,53.49,53.42,53.61,53.89,54.28,54.89,55.48,56.23,57.05,57.72,57.88,57.02,55.94,54.86,53.65,52.42,51.17,50.16,49.66,49.47,49.69,50.07,50.49,50.88,51.31,51.67,51.85,51.70,51.52,51.27,51.00,50.74,50.51,50.34,50.21,50.09,49.94,49.82,49.70,49.57,49.42,49.26,49.14,49.01,48.87,48.77,48.72,48.73,48.78,48.84,48.71,48.35,47.70,46.73,45.73,44.73,43.74,42.85,42.23,41.69,41.19,40.59,39.91,39.70,39.54,39.38,39.24,39.13,38.98,38.90,38.79,38.52,38.34,38.19,38.09,38.09,38.23,38.41,38.58,38.75,38.95,39.15,39.34,39.53,39.73,39.92,40.14,40.37,40.59,40.79,41.04,41.30,41.52,41.76,41.99,42.15,42.21,42.17,42.09,42.02,41.98,41.96,41.88,41.81,41.73,41.65,41.57,41.50,41.48,41.57,41.78,42.00,42.24,42.47,42.70,42.92,43.06,43.02,42.89,42.73,42.59,42.49
71.71,71.72,71.73,71.74,71.82,71.92,72.03,72.15,72.22,72.30,72.39,72.47,72.57,72.70,72.81,72.92,73.05,73.13,73.27,73.39,73.47,73.56,73.69,73.80,73.84,73.81,73.78,73.78,73.75,73.69,73.67,73.62,73.58,73.56,73.49,73.47,73.44,73.38,73.36,73.23,73.11,73.03,72.95,72.87,72.84,72.84,72.82,72.77,72.74,72.73,72.71,72.66,72.64,72.64,72.64,72.65,72.72,72.70,72.66,72.60,72.52,72.43,72.29,72.08,71.77,71.46,71.15,70.87,70.61,70.30,70.06,69.81,69.56,69.30,68.96,68.84,68.73,68.60,68.72,68.74,68.63,68.37,67.96,67.80,67.76,67.43,66.51,65.26,63.38,61.16,59.07,57.89,56.73,55.67,54.71,53.88,53.18,53.07,53.05,52.89,52.61,51.92,51.16,50.48,49.94,49.46,49.09,48.74,48.38,47.99,47.68,47.38,47.07,46.77,46.43,46.00,45.54,45.11,44.64,44.17,43.77,43.67,44.39,44.95,45.17,45.29,45.79,46.28,46.80,47.30,47.78,48.38,49.05,50.30,51.73,51.85,52.30,52.89,53.48,54.04,54.64,55.43,56.25,57.07,57.88,57.35,56.42,55.38,54.13,52.91,51.72,50.73,50.10,49.87,49.98,50.30,50.73,51.14,51.58,51.99,52.23,52.14,52.00,51.74,51.49,51.27,51.04,50.87,50.75,50.64,50.51,50.41,50.28,50.14,49.99,49.84,49.71,49.59,49.47,49.41,49.40,49.44,49.50,49.53,49.42,49.09,48.48,47.53,46.53,45.52,44.54,43.69,43.17,42.73,42.05,41.13,40.12,39.78,39.63,39.50,39.38,39.30,39.18,39.11,38.96,38.55,38.33,38.17,38.09,38.15,38.30,38.45,38.61,38.78,39.01,39.23,39.41,39.61,39.82,39.97,40.16,40.39,40.61,40.79,41.07,41.34,41.57,41.82,42.05,42.23,42.34,42.35,42.28,42.20,42.16,42.13,42.07,42.00,41.92,41.84,41.76,41.69,41.68,41.80,42.03,42.26,42.49,42.72,42.95,43.16,43.34,43.36,43.27,43.11,42.97,42.86
71.46,71.50,71.55,71.56,71.68,71.82,71.94,72.02,72.04,72.16,72.27,72.36,72.49,72.59,72.72,72.84,72.93,73.01,73.14,73.26,73.35,73.48,73.59,73.67,73.75,73.78,73.74,73.72,73.69,73.62,73.61,73.55,73.52,73.50,73.43,73.42,73.37,73.31,73.30,73.16,73.02,72.90,72.82,72.74,72.67,72.64,72.64,72.63,72.57,72.55,72.54,72.52,72.46,72.44,72.44,72.46,72.53,72.59,72.65,72.66,72.58,72.44,72.29,72.08,71.77,71.46,71.15,70.84,70.55,70.22,69.77,69.13,68.48,67.99,67.48,67.25,66.93,66.52,66.50,65.62,64.73,63.73,62.19,61.56,61.42,61.35,61.18,60.92,60.16,59.11,57.91,56.76,55.61,54.67,54.13,54.15,54.15,54.24,54.17,53.75,53.04,52.37,51.73,51.13,50.56,49.87,49.37,49.02,48.69,48.31,48.03,47.76,47.46,47.22,46.97,46.55,46.02,45.50,44.98,44.49,44.07,43.72,43.53,43.81,44.19,44.62,45.21,45.81,46.32,46.86,47.51,48.13,48.75,49.52,50.36,50.94,51.48,52.07,52.66,53.21,53.82,54.61,55.45,56.33,57.31,57.44,56.91,55.94,54.65,53.46,52.42,51.53,50.85,50.52,50.54,50.78,51.19,51.63,52.04,52.44,52.67,52.59,52.44,52.23,52.02,51.84,51.61,51.44,51.29,51.16,51.07,50.93,50.83,50.71,50.56,50.40,50.21,50.05,49.98,49.97,49.96,49.97,49.98,49.98,49.90,49.73,49.23,48.29,47.29,46.23,45.31,44.59,44.10,43.59,42.66,41.53,40.52,39.93,39.78,39.72,39.63,39.56,39.52,39.44,39.17,38.63,38.30,38.11,38.07,38.21,38.36,38.52,38.66,38.84,39.06,39.24,39.44,39.67,39.87,39.98,40.13,40.33,40.55,40.78,41.07,41.34,41.58,41.88,42.11,42.30,42.44,42.53,42.47,42.39,42.32,42.27,42.25,42.19,42.11,42.03,41.95,41.88,41.91,42.05,42.28,42.51,42.74,42.97,43.19,43.36,43.58,43.68,43.65,43.50,43.34,43.20
71.24,71.30,71.38,71.45,71.56,71.68,71.78,71.86,71.94,72.04,72.14,72.23,72.38,72.47,72.59,72.72,72.81,72.92,73.04,73.14,73.22,73.38,73.47,73.56,73.67,73.73,73.67,73.66,73.63,73.56,73.55,73.49,73.45,73.44,73.37,73.36,73.33,73.28,73.20,73.08,72.95,72.80,72.70,72.62,72.54,72.48,72.45,72.45,72.42,72.38,72.36,72.34,72.27,72.25,72.25,72.27,72.34,72.42,72.50,72.56,72.58,72.48,72.29,72.04,71.77,71.46,71.15,70.84,70.54,70.25,69.89,69.18,68.36,67.65,66.86,66.06,65.26,64.56,64.18,63.09,62.07,61.16,60.08,59.62,59.38,59.25,59.18,58.95,58.37,57.59,56.75,56.00,55.50,55.14,55.01,55.22,55.39,55.26,54.88,54.29,53.66,53.33,53.11,52.84,52.26,50.91,49.91,49.33,49.01,48.67,48.38,48.13,47.91,47.77,47.70,47.37,46.86,46.32,45.81,45.31,44.83,44.35,43.84,43.55,43.75,44.33,44.98,45.60,46.04,46.49,47.11,47.77,48.39,49.03,49.67,50.20,50.68,51.22,51.80,52.39,53.03,53.83,54.71,55.66,56.63,57.20,57.12,56.45,55.28,54.16,53.22,52.39,51.67,51.39,51.27,51.35,51.64,52.09,52.53,52.86,53.02,52.94,52.83,52.68,52.53,52.36,52.13,51.96,51.81,51.67,51.59,51.48,51.34,51.17,50.98,50.79,50.54,50.36,50.29,50.25,50.24,50.24,50.24,50.19,50.12,50.01,49.65,48.87,47.79,46.85,46.08,45.46,44.95,44.31,43.41,42.36,41.37,40.65,40.42,40.30,40.13,40.05,39.98,39.81,39.45,38.82,38.34,38.12,38.12,38.27,38.42,38.55,38.68,38.85,39.08,39.25,39.42,39.62,39.80,39.92,40.10,40.31,40.55,40.82,41.09,41.36,41.63,41.90,42.17,42.36,42.53,42.68,42.65,42.59,42.50,42.44,42.40,42.36,42.30,42.22,42.14,42.06,42.11,42.27,42.53,42.76,42.96,43.18,43.40,43.60,43.83,43.95,43.96,43.87,43.73,43.60
71.03,71.12,71.21,71.36,71.45,71.53,71.60,71.69,71.84,71.94,72.02,72.12,72.26,72.36,72.48,72.60,72.69,72.83,72.93,73.01,73.11,73.25,73.34,73.46,73.59,73.66,73.61,73.58,73.56,73.50,73.48,73.43,73.39,73.37,73.31,73.29,73.28,73.24,73.10,73.01,72.88,72.73,72.58,72.50,72.42,72.33,72.27,72.27,72.27,72.22,72.16,72.16,72.09,72.07,72.06,72.08,72.16,72.23,72.31,72.41,72.53,72.51,72.28,72.01,71.76,71.47,71.17,70.87,70.58,70.34,70.10,69.50,68.70,67.90,66.90,65.57,64.33,63.38,62.59,61.34,60.31,59.65,59.30,59.08,58.75,58.48,58.31,57.93,57.34,56.71,56.15,55.88,56.04,56.21,56.36,56.53,56.58,56.13,55.47,54.81,54.42,54.57,54.88,54.98,54.26,52.29,50.73,49.77,49.36,49.04,48.74,48.51,48.39,48.35,48.46,48.26,47.81,47.29,46.81,46.28,45.73,45.12,44.39,43.56,43.52,44.16,44.84,45.45,45.81,46.16,46.70,47.37,48.01,48.63,49.20,49.60,49.98,50.43,50.95,51.56,52.26,53.07,53.98,54.95,55.86,56.71,57.06,56.82,55.94,54.91,54.01,53.20,52.52,52.30,52.10,52.01,52.14,52.56,53.00,53.27,53.35,53.27,53.20,53.11,53.00,52.84,52.62,52.46,52.29,52.13,52.03,51.92,51.74,51.52,51.30,51.08,50.81,50.62,50.52,50.45,50.43,50.43,50.40,50.32,50.23,50.15,49.92,49.36,48.27,47.49,46.88,46.34,45.77,45.04,44.23,43.33,42.39,41.63,41.32,41.07,40.77,40.63,40.43,40.16,39.72,38.99,38.37,38.15,38.19,38.33,38.48,38.58,38.70,38.87,39.08,39.25,39.40,39.55,39.70,39.86,40.08,40.31,40.57,40.86,41.10,41.38,41.67,41.91,42.20,42.41,42.61,42.80,42.83,42.78,42.70,42.62,42.55,42.53,42.49,42.41,42.34,42.27,42.30,42.46,42.74,43.00,43.18,43.39,43.62,43.84,44.07,44.20,44.26,44.23,44.11,44.02
70.89,70.99,71.09,71.23,71.32,71.40,71.48,71.57,71.71,71.81,71.91,72.04,72.14,72.27,72.38,72.47,72.56,72.70,72.80,72.91,73.03,73.13,73.21,73.33,73.47,73.53,73.53,73.53,73.49,73.43,73.42,73.36,73.33,73.32,73.30,73.25,73.22,73.18,73.03,72.94,72.82,72.66,72.52,72.44,72.31,72.18,72.08,72.08,72.08,72.02,71.97,71.97,71.96,71.91,71.88,71.89,71.96,72.04,72.12,72.22,72.37,72.47,72.28,72.00,71.77,71.52,71.27,70.99,70.70,70.47,70.24,69.93,69.56,69.06,68.31,67.06,65.81,64.75,63.63,61.64,60.23,59.51,59.08,58.69,58.30,57.95,57.67,57.54,57.42,57.38,57.42,57.46,57.62,57.75,57.81,57.74,57.31,56.68,56.06,55.60,55.48,56.23,57.11,57.39,56.14,54.15,52.20,50.67,49.78,49.42,49.16,48.98,48.92,48.96,49.10,49.05,48.78,48.29,47.77,47.24,46.59,45.73,44.56,43.50,43.40,44.03,44.70,45.23,45.59,45.91,46.32,46.94,47.61,48.25,48.82,49.20,49.54,49.86,50.20,50.70,51.47,52.31,53.18,54.06,54.93,55.73,56.42,56.83,56.56,55.70,54.67,53.82,53.38,53.19,53.02,52.86,52.80,53.09,53.47,53.69,53.73,53.66,53.58,53.50,53.38,53.23,53.06,52.90,52.68,52.43,52.23,51.99,51.78,51.61,51.44,51.27,51.08,50.88,50.72,50.63,50.58,50.55,50.53,50.44,50.31,50.18,50.03,49.73,48.96,48.33,47.77,47.22,46.60,45.91,45.14,44.32,43.48,42.85,42.51,42.13,41.66,41.23,40.78,40.39,39.85,38.96,38.30,38.20,38.29,38.40,38.55,38.69,38.80,38.92,39.09,39.25,39.40,39.53,39.65,39.85,40.08,40.34,40.62,40.87,41.10,41.38,41.67,41.91,42.20,42.45,42.67,42.88,43.00,42.97,42.88,42.81,42.74,42.73,42.68,42.60,42.53,42.51,42.47,42.57,42.84,43.17,43.41,43.64,43.87,44.09,44.28,44.46,44.58,44.56,44.48,44.44
70.75,70.86,70.95,71.08,71.19,71.27,71.36,71.47,71.59,71.68,71.80,71.93,72.02,72.16,72.27,72.36,72.46,72.59,72.70,72.81,72.94,73.04,73.15,73.27,73.38,73.45,73.47,73.47,73.44,73.37,73.36,73.33,73.29,73.27,73.26,73.19,73.17,73.11,72.97,72.86,72.73,72.60,72.45,72.34,72.22,72.08,71.95,71.92,71.89,71.85,71.81,71.78,71.78,71.75,71.71,71.69,71.74,71.84,71.93,72.03,72.18,72.33,72.29,72.11,71.85,71.62,71.39,71.14,70.87,70.63,70.40,70.24,70.07,69.80,69.36,68.56,67.63,66.64,65.43,63.08,61.16,59.96,59.32,58.88,58.55,58.25,58.02,58.09,58.28,58.62,59.03,59.37,59.43,59.28,58.97,58.53,57.95,57.30,56.72,56.40,56.64,57.63,58.83,59.32,57.81,55.86,53.79,51.98,50.75,50.19,49.88,49.71,49.66,49.76,50.08,50.15,49.90,49.33,48.68,48.00,47.14,46.01,44.63,43.43,43.27,43.91,44.57,45.04,45.39,45.69,46.02,46.55,47.19,47.84,48.41,48.85,49.16,49.41,49.67,50.03,50.64,51.43,52.28,53.13,53.95,54.78,55.64,56.41,56.73,56.26,55.34,54.56,54.28,54.09,53.93,53.73,53.57,53.66,53.97,54.11,54.07,53.99,53.89,53.75,53.61,53.45,53.27,53.09,52.81,52.49,52.20,51.89,51.64,51.45,51.29,51.14,51.01,50.86,50.71,50.63,50.58,50.54,50.52,50.48,50.38,50.23,50.10,49.96,49.53,49.10,48.59,47.82,46.55,45.38,44.44,43.81,43.49,43.01,42.56,42.09,41.59,41.10,40.60,40.12,39.53,38.66,38.27,38.27,38.38,38.50,38.65,38.78,38.90,39.01,39.13,39.28,39.42,39.54,39.66,39.89,40.11,40.37,40.65,40.90,41.14,41.40,41.67,41.94,42.22,42.46,42.71,42.96,43.14,43.14,43.08,43.00,42.93,42.91,42.87,42.79,42.72,42.71,42.66,42.71,42.94,43.28,43.57,43.83,44.08,44.31,44.50,44.72,44.88,44.92,44.88,44.85
70.63,70.74,70.82,70.91,71.05,71.15,71.25,71.39,71.48,71.56,71.68,71.82,71.90,72.04,72.15,72.26,72.39,72.49,72.61,72.73,72.84,72.98,73.13,73.24,73.32,73.39,73.39,73.39,73.38,73.31,73.30,73.29,73.26,73.20,73.19,73.13,73.09,73.05,72.90,72.75,72.65,72.54,72.38,72.23,72.14,72.02,71.88,71.80,71.73,71.69,71.67,71.61,71.59,71.59,71.55,71.50,71.51,71.62,71.73,71.84,71.99,72.14,72.28,72.25,71.99,71.76,71.52,71.28,71.05,70.82,70.60,70.46,70.34,70.19,70.06,69.86,69.40,68.62,67.54,65.25,62.90,61.05,60.09,59.63,59.37,59.20,59.17,59.48,60.01,60.55,61.07,61.55,61.36,60.73,59.92,59.14,58.59,57.98,57.44,57.24,57.84,58.82,60.15,60.84,59.26,57.38,55.36,53.52,52.16,51.41,51.04,50.85,50.82,50.92,51.45,51.57,51.21,50.44,49.54,48.59,47.47,46.08,44.64,43.35,43.14,43.78,44.44,44.87,45.20,45.48,45.75,46.20,46.78,47.40,47.99,48.51,48.80,49.03,49.26,49.52,49.85,50.53,51.34,52.17,52.98,53.89,54.82,55.76,56.57,56.58,55.96,55.36,55.18,54.96,54.78,54.59,54.38,54.27,54.47,54.49,54.37,54.27,54.12,53.92,53.73,53.56,53.34,53.11,52.79,52.41,52.04,51.72,51.41,51.15,50.98,50.81,50.72,50.64,50.56,50.50,50.48,50.44,50.41,50.46,50.40,50.27,50.16,50.09,49.97,49.75,49.23,48.05,45.72,43.86,42.73,42.41,42.81,42.43,41.88,41.35,40.89,40.49,40.04,39.55,38.95,38.28,38.28,38.36,38.47,38.62,38.77,38.87,38.99,39.12,39.21,39.35,39.46,39.57,39.72,39.94,40.18,40.41,40.66,40.95,41.20,41.44,41.70,41.98,42.24,42.47,42.73,43.02,43.25,43.30,43.27,43.19,43.13,43.11,43.06,42.98,42.93,42.91,42.85,42.88,43.06,43.37,43.66,43.98,44.27,44.50,44.74,44.97,45.17,45.30,45.30,45.25
70.52,70.61,70.70,70.83,70.93,71.02,71.12,71.26,71.35,71.47,71.61,71.74,71.83,71.97,72.11,72.23,72.34,72.46,72.57,72.69,72.82,72.97,73.09,73.20,73.31,73.33,73.33,73.33,73.33,73.30,73.25,73.23,73.19,73.14,73.13,73.06,73.01,72.94,72.83,72.68,72.58,72.47,72.32,72.16,72.07,71.96,71.80,71.68,71.60,71.53,71.49,71.47,71.41,71.40,71.36,71.30,71.31,71.39,71.51,71.65,71.80,71.95,72.15,72.25,72.16,71.94,71.67,71.41,71.19,71.01,70.83,70.68,70.56,70.46,70.33,70.22,70.02,69.68,69.20,67.86,65.82,63.69,62.31,61.45,60.93,60.80,61.24,62.29,63.72,64.45,64.41,64.30,63.29,61.98,60.85,60.22,59.50,58.71,58.23,58.30,58.84,59.73,61.06,61.80,60.22,58.39,56.50,54.98,54.12,53.71,53.47,53.35,53.33,53.34,53.66,53.58,52.97,51.76,50.29,48.95,47.59,46.15,44.69,43.28,43.02,43.65,44.31,44.69,44.98,45.24,45.53,45.85,46.39,47.01,47.61,48.13,48.41,48.64,48.88,49.12,49.42,49.87,50.47,51.25,52.17,53.18,54.24,55.27,56.10,56.45,56.36,56.11,55.90,55.67,55.46,55.27,55.08,54.89,54.81,54.70,54.54,54.37,54.21,54.00,53.80,53.63,53.41,53.13,52.79,52.41,52.02,51.66,51.30,50.96,50.66,50.45,50.39,50.36,50.33,50.30,50.30,50.29,50.28,50.30,50.28,50.23,50.19,50.15,50.08,49.96,49.20,47.28,43.70,41.69,41.02,41.28,41.98,41.60,41.08,40.59,40.14,39.75,39.35,38.89,38.47,38.28,38.39,38.49,38.60,38.74,38.85,38.97,39.09,39.20,39.32,39.43,39.55,39.67,39.78,39.96,40.22,40.47,40.71,40.97,41.25,41.50,41.74,42.00,42.28,42.53,42.77,43.04,43.36,43.47,43.46,43.39,43.36,43.31,43.25,43.19,43.16,43.11,43.04,43.04,43.18,43.44,43.73,44.07,44.41,44.69,44.97,45.22,45.47,45.68,45.69,45.59
70.41,70.50,70.60,70.73,70.84,70.94,71.05,71.17,71.28,71.42,71.56,71.69,71.79,71.94,72.08,72.20,72.31,72.45,72.56,72.66,72.82,72.97,73.06,73.17,73.27,73.27,73.29,73.29,73.27,73.26,73.19,73.17,73.13,73.07,73.07,73.00,72.92,72.84,72.76,72.61,72.50,72.39,72.25,72.10,71.99,71.87,71.73,71.59,71.50,71.41,71.34,71.30,71.25,71.22,71.19,71.14,71.12,71.18,71.30,71.46,71.61,71.77,71.97,72.15,72.21,72.08,71.83,71.57,71.36,71.20,71.05,70.90,70.78,70.68,70.55,70.44,70.35,70.27,70.16,69.58,68.25,66.60,65.36,64.50,64.09,64.11,64.64,65.69,67.08,67.53,66.88,65.84,64.37,62.80,61.64,61.19,60.35,59.55,59.20,59.47,60.07,60.99,62.26,62.88,61.16,59.33,57.68,56.55,56.14,56.11,56.06,56.04,56.04,55.97,55.96,55.48,54.42,52.72,50.71,49.11,47.65,46.19,44.71,43.25,42.92,43.52,44.15,44.51,44.77,45.02,45.30,45.56,46.05,46.63,47.23,47.75,48.03,48.26,48.51,48.76,49.05,49.33,49.76,50.45,51.48,52.59,53.72,54.78,55.59,56.11,56.39,56.45,56.27,56.05,55.84,55.64,55.46,55.25,55.02,54.84,54.66,54.43,54.25,54.05,53.85,53.67,53.44,53.14,52.79,52.41,52.02,51.63,51.25,50.86,50.49,50.20,49.95,49.87,49.96,50.04,50.11,50.14,50.14,50.14,50.14,50.14,50.15,50.16,50.11,50.04,49.19,46.79,42.05,40.25,40.02,40.46,41.04,40.74,40.36,40.00,39.64,39.26,38.87,38.49,38.26,38.36,38.49,38.60,38.71,38.84,38.94,39.07,39.17,39.26,39.39,39.49,39.61,39.73,39.82,39.99,40.25,40.51,40.74,41.00,41.28,41.53,41.77,42.03,42.32,42.61,42.90,43.19,43.49,43.62,43.64,43.61,43.59,43.51,43.44,43.39,43.38,43.31,43.24,43.23,43.30,43.53,43.83,44.17,44.51,44.80,45.08,45.34,45.63,45.90,46.02,45.94
70.28,70.40,70.53,70.62,70.76,70.91,71.03,71.13,71.27,71.42,71.54,71.64,71.78,71.94,72.05,72.16,72.30,72.45,72.55,72.66,72.82,72.97,73.06,73.15,73.20,73.21,73.27,73.25,73.20,73.20,73.13,73.11,73.07,73.01,73.00,72.94,72.86,72.78,72.69,72.55,72.40,72.28,72.19,72.04,71.89,71.77,71.67,71.53,71.43,71.31,71.19,71.13,71.11,71.06,71.02,71.00,70.94,70.99,71.11,71.27,71.42,71.58,71.78,71.98,72.11,72.15,71.98,71.76,71.55,71.39,71.24,71.13,71.02,70.88,70.79,70.66,70.55,70.47,70.38,70.16,69.82,69.39,68.94,68.55,68.70,68.98,69.12,69.29,69.49,69.15,67.97,65.87,64.40,63.12,62.23,61.96,61.09,60.56,60.44,60.80,61.64,62.71,63.86,64.16,62.17,60.30,58.98,58.24,58.13,58.40,58.57,58.66,58.68,58.57,58.17,57.09,55.38,53.16,50.74,49.07,47.65,46.19,44.72,43.25,42.87,43.38,43.97,44.32,44.58,44.81,45.06,45.36,45.74,46.25,46.85,47.37,47.66,47.89,48.14,48.43,48.68,48.92,49.25,49.82,50.91,52.11,53.26,54.29,55.09,55.60,56.03,56.29,56.23,56.03,55.87,55.68,55.47,55.30,55.09,54.90,54.72,54.49,54.27,54.09,53.90,53.68,53.44,53.14,52.79,52.41,52.02,51.63,51.25,50.86,50.48,50.11,49.47,49.20,49.41,49.61,49.78,49.84,49.84,49.84,49.85,49.85,49.89,49.99,50.00,49.92,49.11,46.53,41.03,39.83,39.83,39.98,40.06,39.95,39.78,39.62,39.44,39.07,38.68,38.42,38.33,38.48,38.57,38.70,38.82,38.92,39.06,39.16,39.23,39.31,39.41,39.53,39.64,39.73,39.83,40.03,40.27,40.51,40.76,41.05,41.30,41.54,41.80,42.09,42.35,42.73,43.13,43.46,43.64,43.75,43.82,43.85,43.78,43.70,43.63,43.58,43.57,43.50,43.47,43.44,43.44,43.66,43.95,44.26,44.56,44.80,45.04,45.33,45.64,45.95,46.28,46.29
70.24,70.36,70.47,70.60,70.75,70.87,70.99,71.12,71.27,71.39,71.50,71.63,71.78,71.90,72.02,72.15,72.30,72.41,72.53,72.66,72.81,72.93,73.04,73.12,73.14,73.15,73.22,73.19,73.14,73.13,73.06,73.05,73.00,72.95,72.94,72.91,72.83,72.71,72.59,72.48,72.34,72.22,72.12,71.97,71.82,71.70,71.61,71.46,71.33,71.22,71.11,70.99,70.94,70.88,70.83,70.81,70.75,70.80,70.92,71.08,71.23,71.39,71.56,71.75,71.94,72.06,72.04,71.92,71.73,71.59,71.47,71.35,71.23,71.12,71.00,70.89,70.77,70.66,70.58,70.44,70.30,70.19,70.05,69.87,69.95,70.06,70.05,70.00,69.65,68.90,67.63,65.66,63.87,62.74,62.33,62.49,62.05,62.20,62.54,62.90,63.61,64.61,65.34,65.18,63.32,61.54,60.44,59.93,59.93,60.24,60.50,60.55,60.42,60.25,59.63,57.98,55.59,52.91,50.46,48.95,47.67,46.24,44.77,43.30,42.84,43.24,43.78,44.09,44.36,44.62,44.86,45.17,45.47,45.91,46.47,46.99,47.28,47.53,47.80,48.06,48.30,48.59,49.00,49.61,50.58,51.77,52.92,53.91,54.60,55.10,55.50,55.77,55.84,55.84,55.81,55.71,55.52,55.37,55.15,54.94,54.74,54.55,54.32,54.15,53.95,53.73,53.49,53.16,52.79,52.41,52.02,51.63,51.25,50.86,50.49,50.17,49.75,49.29,48.77,48.12,47.73,47.59,47.57,47.52,47.66,47.64,47.90,48.54,48.80,48.48,46.61,43.43,40.34,39.70,39.69,39.73,39.71,39.60,39.46,39.32,39.17,38.91,38.55,38.38,38.40,38.55,38.68,38.82,38.96,39.08,39.19,39.24,39.30,39.38,39.45,39.56,39.65,39.74,39.88,40.05,40.27,40.53,40.80,41.07,41.30,41.59,41.91,42.26,42.59,42.98,43.34,43.61,43.74,43.85,43.95,44.00,43.97,43.89,43.85,43.81,43.76,43.69,43.67,43.63,43.61,43.79,44.04,44.34,44.61,44.81,45.07,45.43,45.81,46.16,46.54,46.59
70.23,70.34,70.44,70.59,70.73,70.84,70.95,71.11,71.25,71.35,71.47,71.63,71.76,71.86,71.99,72.14,72.28,72.38,72.51,72.66,72.79,72.89,73.02,73.08,73.08,73.09,73.16,73.13,73.08,73.07,73.00,72.98,72.95,72.90,72.88,72.86,72.78,72.64,72.49,72.41,72.27,72.14,72.04,71.91,71.76,71.63,71.53,71.39,71.23,71.13,71.03,70.88,70.78,70.70,70.65,70.63,70.56,70.61,70.72,70.87,71.02,71.18,71.34,71.53,71.75,71.91,72.02,72.01,71.91,71.78,71.67,71.54,71.41,71.31,71.16,71.06,70.95,70.81,70.72,70.60,70.49,70.41,70.36,70.27,70.16,69.99,69.77,69.51,68.82,67.84,66.62,65.08,63.22,62.19,62.05,62.64,63.03,63.98,64.79,65.20,65.71,66.53,66.78,66.13,64.46,62.84,61.93,61.58,61.64,61.92,62.23,62.14,61.67,61.23,60.37,58.31,55.44,52.44,50.09,48.79,47.64,46.28,44.81,43.35,42.81,43.10,43.60,43.87,44.14,44.42,44.67,44.96,45.22,45.59,46.09,46.61,46.91,47.19,47.45,47.70,47.98,48.38,48.88,49.53,50.36,51.49,52.60,53.53,54.11,54.56,54.91,55.16,55.30,55.45,55.55,55.53,55.43,55.36,55.20,54.98,54.77,54.61,54.39,54.20,54.00,53.77,53.53,53.17,52.79,52.41,52.02,51.63,51.25,50.89,50.55,50.31,50.14,49.62,48.66,47.50,46.70,46.29,46.02,45.61,45.29,44.97,45.13,45.90,46.25,45.82,43.55,40.60,39.88,39.63,39.56,39.55,39.53,39.40,39.23,39.07,38.91,38.75,38.45,38.37,38.48,38.64,38.81,38.97,39.12,39.26,39.33,39.33,39.36,39.44,39.52,39.59,39.67,39.77,39.91,40.08,40.30,40.56,40.84,41.11,41.38,41.73,42.11,42.50,42.88,43.25,43.54,43.72,43.83,43.95,44.07,44.14,44.15,44.10,44.07,44.03,43.96,43.89,43.87,43.82,43.79,43.95,44.17,44.45,44.72,44.94,45.21,45.61,46.03,46.42,46.79,46.88
70.23,70.34,70.44,70.59,70.68,70.81,70.95,71.10,71.20,71.33,71.47,71.61,71.71,71.84,71.99,72.13,72.22,72.36,72.51,72.64,72.74,72.88,72.98,73.02,73.02,73.02,73.09,73.06,73.02,73.01,72.94,72.92,72.91,72.89,72.83,72.76,72.68,72.57,72.42,72.34,72.21,72.06,71.93,71.83,71.69,71.54,71.42,71.32,71.17,71.06,70.97,70.81,70.67,70.58,70.51,70.44,70.37,70.42,70.50,70.62,70.77,70.92,71.12,71.34,71.56,71.72,71.87,71.99,72.04,71.95,71.81,71.67,71.52,71.37,71.22,71.13,71.02,70.88,70.79,70.70,70.59,70.43,70.25,70.09,69.87,69.42,68.69,67.91,66.99,65.99,64.92,63.76,62.61,61.62,61.23,62.06,63.98,65.74,66.93,67.50,67.87,68.39,68.16,67.10,65.50,64.14,63.43,63.17,63.22,63.50,63.81,63.42,62.33,61.15,59.86,57.77,54.95,51.85,49.71,48.54,47.52,46.27,44.81,43.35,42.75,42.96,43.41,43.68,43.92,44.18,44.47,44.72,45.01,45.33,45.72,46.23,46.57,46.84,47.07,47.35,47.80,48.36,48.92,49.52,50.31,51.30,52.30,53.13,53.61,53.96,54.28,54.50,54.61,54.76,54.85,54.91,54.99,55.19,55.20,55.04,54.84,54.67,54.45,54.22,54.00,53.77,53.53,53.17,52.79,52.41,52.02,51.63,51.29,50.98,50.73,50.50,50.33,50.09,49.78,49.45,48.97,48.23,47.21,45.77,43.58,42.26,41.58,41.28,41.27,41.12,40.60,39.96,39.73,39.57,39.43,39.37,39.41,39.27,39.07,38.88,38.72,38.57,38.44,38.47,38.61,38.78,38.98,39.16,39.31,39.44,39.46,39.41,39.42,39.50,39.58,39.66,39.73,39.82,39.92,40.13,40.36,40.60,40.87,41.22,41.64,42.04,42.42,42.81,43.20,43.50,43.69,43.80,43.94,44.04,44.16,44.28,44.34,44.34,44.29,44.22,44.16,44.13,44.09,44.01,43.98,44.14,44.41,44.67,44.96,45.35,45.56,45.89,46.28,46.67,47.05,47.13
70.27,70.39,70.47,70.59,70.67,70.80,70.95,71.09,71.18,71.32,71.46,71.57,71.69,71.84,71.97,72.09,72.21,72.35,72.48,72.60,72.72,72.87,72.94,72.95,72.95,72.96,72.99,72.98,72.95,72.95,72.91,72.88,72.86,72.84,72.77,72.69,72.61,72.51,72.36,72.24,72.12,71.99,71.84,71.73,71.61,71.48,71.33,71.25,71.11,70.98,70.87,70.74,70.59,70.49,70.40,70.30,70.22,70.21,70.26,70.37,70.56,70.71,70.95,71.19,71.38,71.53,71.72,71.89,72.00,71.99,71.86,71.70,71.55,71.39,71.20,71.07,70.94,70.80,70.72,70.64,70.54,70.38,70.04,69.25,68.45,67.73,67.05,66.14,65.13,64.12,63.13,62.08,61.24,60.65,60.83,62.50,65.23,67.41,68.66,68.99,69.17,69.41,69.09,68.12,66.63,65.53,65.02,64.84,64.89,65.08,64.72,63.70,62.21,60.70,58.99,56.77,54.12,51.35,49.47,48.33,47.34,46.19,44.84,43.39,42.73,42.81,43.19,43.47,43.72,43.98,44.27,44.51,44.78,45.07,45.42,45.90,46.22,46.51,46.83,47.23,47.79,48.37,48.92,49.45,50.12,50.97,51.87,52.63,53.02,53.34,53.62,53.83,53.91,54.02,54.16,54.33,54.55,54.87,54.95,54.89,54.77,54.64,54.49,54.28,54.05,53.82,53.58,53.19,52.79,52.41,52.06,51.71,51.39,51.11,50.88,50.68,50.52,50.36,50.23,50.13,49.88,49.40,48.71,47.63,45.36,42.70,40.73,39.95,39.82,39.74,39.71,39.69,39.61,39.50,39.36,39.26,39.24,39.10,38.91,38.73,38.58,38.44,38.49,38.63,38.79,38.95,39.17,39.35,39.49,39.58,39.59,39.53,39.52,39.56,39.64,39.72,39.80,39.86,39.94,40.19,40.48,40.78,41.10,41.49,41.91,42.33,42.75,43.12,43.44,43.65,43.79,43.91,44.02,44.14,44.27,44.41,44.48,44.49,44.46,44.42,44.38,44.35,44.28,44.20,44.18,44.36,44.62,44.95,45.36,45.78,45.98,46.24,46.57,46.93,47.30,47.39
70.34,70.45,70.52,70.61,70.69,70.82,70.97,71.10,71.18,71.32,71.44,71.53,71.68,71.83,71.94,72.05,72.20,72.34,72.45,72.57,72.72,72.86,72.89,72.89,72.89,72.89,72.89,72.89,72.89,72.89,72.89,72.83,72.79,72.77,72.70,72.63,72.54,72.44,72.29,72.14,72.04,71.92,71.78,71.63,71.53,71.41,71.27,71.18,71.04,70.89,70.77,70.67,70.53,70.43,70.31,70.18,70.08,69.96,69.97,70.12,70.36,70.53,70.79,71.03,71.19,71.35,71.56,71.75,71.90,71.96,71.85,71.70,71.55,71.37,71.16,70.98,70.82,70.68,70.59,70.51,70.44,70.31,69.88,68.48,66.98,65.86,65.23,64.33,63.29,62.32,61.42,60.49,60.00,60.09,61.15,63.67,66.69,68.88,69.92,69.95,69.97,69.97,69.74,69.07,67.81,66.98,66.64,66.53,66.52,66.44,65.24,63.58,61.84,60.15,58.08,55.76,53.33,51.01,49.34,48.16,47.13,46.07,44.84,43.44,42.70,42.66,42.97,43.27,43.53,43.78,44.08,44.32,44.56,44.82,45.16,45.58,45.88,46.23,46.66,47.20,47.79,48.35,48.86,49.34,49.89,50.62,51.41,52.08,52.39,52.70,52.95,53.12,53.21,53.31,53.52,53.80,54.12,54.47,54.62,54.64,54.61,54.54,54.47,54.31,54.10,53.87,53.63,53.22,52.81,52.45,52.14,51.83,51.52,51.24,51.03,50.87,50.71,50.55,50.42,50.34,50.25,50.15,50.03,49.69,48.09,44.53,41.33,39.90,39.72,39.64,39.59,39.56,39.48,39.41,39.28,39.16,39.07,38.93,38.78,38.63,38.48,38.39,38.61,38.83,38.99,39.15,39.36,39.53,39.64,39.70,39.70,39.65,39.62,39.63,39.70,39.78,39.89,39.97,40.01,40.29,40.65,41.03,41.41,41.80,42.19,42.62,43.05,43.40,43.64,43.77,43.88,44.02,44.11,44.25,44.39,44.52,44.61,44.62,44.63,44.63,44.62,44.54,44.45,44.39,44.38,44.56,44.79,45.19,45.70,46.16,46.38,46.61,46.88,47.21,47.55,47.64
70.40,70.52,70.59,70.68,70.80,70.91,71.01,71.10,71.18,71.32,71.44,71.53,71.68,71.79,71.91,72.05,72.19,72.30,72.42,72.56,72.71,72.80,72.83,72.83,72.83,72.83,72.83,72.83,72.83,72.83,72.83,72.77,72.72,72.71,72.63,72.56,72.45,72.33,72.22,72.08,71.98,71.86,71.71,71.56,71.47,71.34,71.19,71.07,70.96,70.83,70.70,70.61,70.47,70.33,70.21,70.09,69.89,69.52,69.52,69.84,70.17,70.39,70.63,70.84,71.01,71.21,71.40,71.59,71.78,71.90,71.84,71.70,71.53,71.32,71.14,70.94,70.76,70.61,70.47,70.34,70.30,70.28,69.96,68.90,66.85,64.84,63.57,62.61,61.61,60.77,60.17,59.81,60.30,61.63,63.63,66.14,68.61,69.68,70.03,70.07,70.07,70.03,69.93,69.67,69.05,68.50,68.25,68.15,67.89,66.97,65.29,63.43,61.60,59.78,57.58,55.36,53.19,51.12,49.41,48.07,46.91,45.84,44.71,43.40,42.65,42.52,42.78,43.08,43.34,43.58,43.84,44.12,44.36,44.61,44.88,45.23,45.63,46.09,46.58,47.08,47.63,48.14,48.63,49.15,49.65,50.36,50.99,51.45,51.76,52.07,52.25,52.38,52.53,52.77,53.04,53.37,53.73,54.05,54.26,54.30,54.26,54.23,54.22,54.21,54.10,53.87,53.63,53.26,52.90,52.57,52.26,51.95,51.68,51.43,51.21,51.05,50.90,50.75,50.61,50.53,50.45,50.37,50.30,50.14,49.55,47.10,43.49,40.05,39.71,39.59,39.50,39.44,39.36,39.28,39.19,39.08,38.95,38.85,38.71,38.58,38.51,38.54,38.84,39.08,39.24,39.40,39.57,39.69,39.76,39.77,39.77,39.76,39.71,39.69,39.77,39.84,40.10,40.32,40.32,40.59,40.96,41.34,41.73,42.11,42.51,42.90,43.29,43.59,43.74,43.87,43.98,44.09,44.22,44.37,44.49,44.60,44.73,44.74,44.78,44.82,44.80,44.68,44.59,44.56,44.59,44.62,44.80,45.18,45.70,46.30,46.66,46.97,47.26,47.56,47.83,47.89
70.48,70.58,70.66,70.77,70.89,70.98,71.06,71.15,71.25,71.37,71.48,71.56,71.69,71.80,71.91,72.05,72.19,72.28,72.41,72.55,72.66,72.72,72.73,72.73,72.73,72.73,72.75,72.77,72.77,72.77,72.77,72.70,72.67,72.65,72.58,72.49,72.38,72.24,72.16,72.01,71.89,71.78,71.64,71.49,71.38,71.26,71.13,70.98,70.89,70.77,70.63,70.55,70.43,70.28,70.16,70.03,69.68,69.08,69.02,69.43,69.92,70.24,70.47,70.66,70.85,71.08,71.25,71.45,71.66,71.80,71.81,71.70,71.52,71.30,71.11,70.91,70.72,70.53,70.35,70.19,70.16,70.11,69.72,68.77,67.07,65.41,64.27,63.08,61.47,60.41,60.30,61.19,62.76,64.72,66.65,68.24,69.65,70.02,70.06,70.10,70.13,70.07,70.03,69.97,69.74,69.46,69.33,69.24,68.84,67.36,65.44,63.50,61.62,59.74,57.62,55.53,53.50,51.52,49.84,48.45,47.25,46.08,44.71,43.38,42.58,42.35,42.59,42.87,43.11,43.34,43.58,43.86,44.10,44.33,44.58,44.87,45.30,45.80,46.30,46.80,47.30,47.81,48.30,48.81,49.31,49.82,50.33,50.78,51.09,51.40,51.59,51.75,51.98,52.31,52.63,52.96,53.31,53.64,53.91,53.97,53.92,53.92,53.95,53.99,53.95,53.81,53.65,53.34,53.01,52.70,52.39,52.10,51.86,51.62,51.41,51.24,51.09,50.94,50.79,50.69,50.63,50.56,50.48,50.36,50.22,47.81,43.92,40.08,39.71,39.57,39.45,39.34,39.26,39.16,39.08,38.98,38.86,38.78,38.67,38.56,38.54,38.73,39.06,39.33,39.52,39.66,39.91,40.06,40.13,40.12,40.09,39.95,39.82,39.75,39.85,40.12,40.58,40.92,40.89,40.96,41.28,41.66,42.05,42.44,42.82,43.19,43.51,43.72,43.84,43.96,44.08,44.20,44.34,44.48,44.59,44.72,44.89,45.02,45.14,45.18,45.03,44.86,44.84,44.90,44.95,44.80,44.95,45.30,45.78,46.38,46.89,47.26,47.57,47.86,48.10,48.17
70.57,70.65,70.74,70.88,70.97,71.05,71.13,71.22,71.36,71.45,71.53,71.62,71.71,71.84,71.95,72.05,72.19,72.28,72.41,72.53,72.59,72.60,72.60,72.60,72.60,72.61,72.67,72.70,72.70,72.70,72.70,72.64,72.60,72.58,72.51,72.44,72.31,72.17,72.09,71.94,71.80,71.67,71.58,71.43,71.29,71.17,71.07,70.93,70.84,70.72,70.59,70.51,70.43,70.28,70.16,69.98,69.44,68.66,68.48,68.91,69.61,70.07,70.32,70.50,70.73,70.96,71.13,71.32,71.53,71.68,71.77,71.70,71.52,71.29,71.07,70.89,70.70,70.47,70.26,70.09,70.03,69.90,69.36,68.38,67.62,67.14,66.66,65.24,62.74,61.30,61.75,64.15,66.53,68.43,69.58,69.79,69.96,70.06,70.11,70.12,70.17,70.13,70.10,70.07,69.99,69.94,69.92,69.86,69.41,67.64,65.67,63.72,61.83,59.95,58.00,56.04,54.03,52.03,50.48,49.22,48.06,46.80,45.01,43.55,42.58,42.15,42.38,42.62,42.85,43.08,43.31,43.55,43.78,44.01,44.24,44.50,44.92,45.38,45.88,46.40,46.88,47.39,47.90,48.37,48.85,49.06,49.48,50.05,50.38,50.72,50.98,51.23,51.55,51.91,52.24,52.55,52.88,53.25,53.57,53.65,53.61,53.62,53.67,53.70,53.70,53.69,53.66,53.42,53.13,52.82,52.52,52.27,52.04,51.81,51.59,51.43,51.28,51.13,50.97,50.83,50.80,50.74,50.64,50.48,50.32,46.98,42.85,40.00,39.70,39.56,39.41,39.29,39.20,39.07,38.96,38.88,38.80,38.72,38.63,38.57,38.61,38.95,39.29,39.61,39.88,40.05,40.45,40.68,40.74,40.68,40.56,40.20,39.92,39.84,40.02,40.58,41.25,41.70,41.65,41.42,41.61,41.98,42.36,42.75,43.13,43.46,43.70,43.81,43.95,44.05,44.17,44.32,44.47,44.58,44.71,44.88,45.11,45.39,45.64,45.67,45.35,45.12,45.21,45.39,45.43,45.15,45.25,45.57,45.99,46.48,47.11,47.52,47.82,48.12,48.35,48.45
70.69,70.77,70.85,70.95,71.03,71.12,71.21,71.33,71.44,71.52,71.60,71.69,71.81,71.92,72.01,72.09,72.20,72.33,72.44,72.51,72.53,72.53,72.53,72.53,72.53,72.54,72.56,72.58,72.58,72.58,72.58,72.55,72.53,72.52,72.44,72.37,72.24,72.10,71.98,71.87,71.73,71.61,71.52,71.42,71.27,71.16,71.07,70.97,70.89,70.77,70.64,70.56,70.48,70.31,70.14,69.88,69.11,68.19,67.89,68.25,69.11,69.85,70.22,70.41,70.60,70.83,71.00,71.19,71.41,71.56,71.74,71.70,71.52,71.30,71.11,70.91,70.69,70.47,70.29,70.13,70.04,69.94,69.72,69.32,69.07,68.94,68.74,67.86,65.66,64.50,65.23,67.56,68.81,69.61,70.06,70.06,70.06,70.12,70.17,70.17,70.19,70.18,70.17,70.14,70.08,70.06,70.03,69.98,69.58,67.66,65.75,63.92,62.12,60.20,58.20,56.14,54.04,52.07,50.99,50.18,49.36,48.26,46.48,44.79,43.11,41.89,42.09,42.31,42.54,42.77,43.00,43.23,43.43,43.63,43.87,44.12,44.50,44.97,45.48,45.98,46.49,46.98,47.46,47.87,48.08,48.18,48.55,49.11,49.57,50.11,50.48,50.79,51.14,51.49,51.80,52.13,52.49,52.82,53.14,53.30,53.34,53.35,53.38,53.42,53.45,53.45,53.44,53.39,53.22,52.95,52.65,52.41,52.20,52.00,51.78,51.62,51.47,51.31,51.16,51.02,50.95,50.85,50.70,50.50,50.30,45.47,41.02,39.86,39.66,39.51,39.38,39.27,39.14,39.04,38.92,38.81,38.73,38.66,38.58,38.62,38.83,39.21,39.61,40.08,40.57,41.04,41.50,41.71,41.61,41.23,40.85,40.37,40.07,40.09,40.53,41.23,42.01,42.50,42.41,42.13,42.05,42.26,42.68,43.06,43.41,43.65,43.80,43.92,44.03,44.15,44.31,44.51,44.66,44.83,45.02,45.23,45.47,45.77,46.09,46.21,45.94,45.79,45.86,45.98,46.02,45.86,45.89,46.16,46.55,46.97,47.46,47.80,48.08,48.37,48.60,48.72
70.83,70.89,70.95,71.02,71.10,71.19,71.30,71.43,71.51,71.58,71.67,71.78,71.91,72.00,72.08,72.15,72.23,72.36,72.43,72.45,72.45,72.45,72.45,72.45,72.45,72.45,72.45,72.45,72.45,72.45,72.47,72.47,72.47,72.46,72.41,72.31,72.20,72.06,71.93,71.83,71.70,71.59,71.52,71.44,71.30,71.19,71.11,71.03,70.94,70.81,70.70,70.62,70.50,70.34,70.16,69.81,68.89,67.82,67.34,67.58,68.51,69.51,70.05,70.31,70.50,70.71,70.89,71.08,71.28,71.44,71.66,71.69,71.55,71.33,71.17,70.95,70.73,70.53,70.35,70.21,70.11,70.05,70.05,70.05,70.05,70.05,69.99,69.62,68.19,67.50,68.13,69.73,70.03,70.08,70.13,70.13,70.13,70.17,70.21,70.22,70.22,70.21,70.20,70.18,70.11,70.08,70.04,69.85,69.13,66.94,64.91,63.17,61.61,59.90,57.96,55.94,53.94,52.29,51.59,51.10,50.52,49.64,48.14,46.26,44.03,42.16,41.87,42.00,42.23,42.44,42.64,42.87,43.05,43.25,43.49,43.73,44.09,44.56,45.07,45.56,46.07,46.52,46.92,47.21,47.23,47.29,47.62,48.15,48.77,49.68,50.20,50.51,50.87,51.20,51.52,51.85,52.21,52.52,52.80,52.99,53.07,53.07,53.09,53.13,53.17,53.17,53.19,53.24,53.19,53.01,52.77,52.55,52.38,52.19,51.97,51.81,51.66,51.50,51.34,51.15,51.02,50.87,50.68,50.45,50.21,44.47,39.84,39.75,39.60,39.46,39.35,39.24,39.11,39.01,38.89,38.77,38.69,38.60,38.58,38.73,39.06,39.47,39.93,40.51,41.16,41.84,42.38,42.58,42.38,41.81,41.30,40.80,40.56,40.69,41.27,41.95,42.73,43.25,43.17,42.91,42.65,42.67,42.99,43.36,43.62,43.80,43.92,44.07,44.19,44.36,44.55,44.77,44.95,45.16,45.38,45.61,45.85,46.17,46.55,46.76,46.62,46.56,46.59,46.64,46.68,46.65,46.64,46.84,47.20,47.59,47.95,48.18,48.38,48.63,48.86,48.97
70.97,70.98,71.01,71.09,71.17,71.29,71.41,71.50,71.58,71.65,71.76,71.89,71.98,72.06,72.14,72.21,72.29,72.37,72.36,72.32,72.32,72.32,72.32,72.32,72.32,72.32,72.32,72.32,72.32,72.33,72.39,72.41,72.41,72.41,72.39,72.27,72.16,72.08,71.98,71.84,71.74,71.66,71.58,71.50,71.36,71.25,71.17,71.09,70.95,70.84,70.76,70.66,70.47,70.40,70.25,69.81,68.82,67.60,66.86,66.87,67.83,69.00,69.77,70.21,70.42,70.59,70.80,70.99,71.16,71.31,71.54,71.65,71.61,71.39,71.23,71.02,70.81,70.64,70.43,70.32,70.23,70.18,70.18,70.18,70.18,70.18,70.16,70.03,69.72,69.56,69.69,70.03,70.09,70.14,70.19,70.19,70.19,70.20,70.23,70.28,70.28,70.23,70.20,70.18,70.10,70.03,70.01,69.50,67.94,65.28,62.86,61.13,59.99,58.82,57.18,55.40,53.85,52.87,52.38,51.92,51.38,50.69,49.71,47.74,45.38,43.19,41.85,41.75,41.92,42.08,42.20,42.43,42.65,42.88,43.11,43.36,43.71,44.15,44.64,45.16,45.63,46.00,46.23,46.34,46.34,46.41,46.70,47.23,48.03,49.48,50.16,50.43,50.76,51.13,51.45,51.77,52.08,52.38,52.63,52.73,52.75,52.76,52.82,52.84,52.85,52.86,52.92,52.95,52.98,52.98,52.87,52.71,52.55,52.37,52.15,52.00,51.84,51.69,51.50,51.23,51.00,50.78,50.55,50.29,49.87,44.26,39.78,39.69,39.54,39.44,39.32,39.19,39.10,38.96,38.86,38.77,38.68,38.55,38.67,38.92,39.26,39.71,40.23,40.86,41.54,42.23,42.90,43.11,42.93,42.47,42.06,41.65,41.53,41.75,42.23,42.73,43.41,43.93,43.94,43.73,43.44,43.27,43.33,43.61,43.76,43.93,44.13,44.29,44.49,44.71,44.94,45.16,45.38,45.56,45.76,45.99,46.23,46.59,47.02,47.33,47.37,47.36,47.37,47.38,47.40,47.45,47.47,47.61,47.90,48.27,48.59,48.71,48.77,48.90,49.11,49.22
71.10,71.10,71.13,71.20,71.28,71.38,71.48,71.56,71.64,71.75,71.86,71.97,72.04,72.09,72.15,72.22,72.29,72.29,72.27,72.23,72.20,72.19,72.19,72.19,72.19,72.19,72.19,72.19,72.19,72.20,72.23,72.24,72.26,72.29,72.29,72.23,72.16,72.08,72.00,71.89,71.80,71.72,71.64,71.52,71.41,71.31,71.23,71.15,71.01,70.88,70.77,70.69,70.59,70.50,70.31,69.86,68.86,67.57,66.47,66.07,67.04,68.27,69.35,70.05,70.30,70.47,70.68,70.87,71.03,71.19,71.41,71.57,71.60,71.44,71.29,71.08,70.89,70.73,70.58,70.46,70.36,70.31,70.31,70.31,70.31,70.31,70.29,70.22,70.15,70.10,70.12,70.15,70.16,70.20,70.25,70.25,70.25,70.25,70.28,70.34,70.30,70.23,70.20,70.18,70.10,70.03,70.00,69.21,66.98,63.94,61.44,59.83,58.94,58.06,56.52,55.20,54.26,53.66,53.20,52.72,52.11,51.33,50.35,48.50,46.44,44.49,43.00,42.34,41.92,41.71,41.81,42.03,42.27,42.50,42.73,42.97,43.29,43.73,44.25,44.76,45.09,45.27,45.39,45.45,45.46,45.52,45.77,46.39,47.74,49.42,50.16,50.42,50.73,51.07,51.39,51.70,51.99,52.21,52.38,52.43,52.43,52.44,52.51,52.53,52.53,52.54,52.62,52.67,52.75,52.83,52.78,52.65,52.49,52.32,52.14,51.98,51.83,51.67,51.49,51.23,50.96,50.71,50.48,49.71,45.87,41.96,39.75,39.63,39.52,39.40,39.28,39.18,39.09,38.95,38.85,38.76,38.66,38.66,38.84,39.13,39.50,39.97,40.57,41.20,41.86,42.52,43.17,43.59,43.66,43.35,42.97,42.58,42.55,42.87,43.33,43.79,44.35,44.76,44.75,44.55,44.25,44.02,43.91,44.01,44.16,44.34,44.53,44.73,44.91,45.14,45.37,45.59,45.79,45.98,46.17,46.37,46.62,46.98,47.41,47.80,48.00,48.03,48.03,48.07,48.15,48.23,48.28,48.38,48.58,48.91,49.12,49.17,49.19,49.25,49.38,49.48
71.21,71.22,71.25,71.33,71.40,71.47,71.55,71.63,71.70,71.83,71.94,72.01,72.07,72.09,72.14,72.20,72.27,72.20,72.17,72.14,72.08,72.07,72.07,72.07,72.07,72.07,72.07,72.07,72.07,72.07,72.07,72.07,72.10,72.17,72.18,72.19,72.15,72.08,72.00,71.92,71.85,71.77,71.68,71.55,71.45,71.38,71.29,71.20,71.07,70.93,70.83,70.77,70.74,70.59,70.36,69.93,68.96,67.62,66.20,65.39,66.17,67.43,68.77,69.75,70.16,70.35,70.56,70.75,70.92,71.08,71.29,71.47,71.55,71.50,71.36,71.16,70.96,70.82,70.74,70.60,70.49,70.43,70.43,70.43,70.43,70.43,70.42,70.35,70.27,70.23,70.22,70.22,70.22,70.27,70.31,70.31,70.31,70.33,70.35,70.38,70.31,70.24,70.21,70.18,70.10,70.04,70.01,69.11,66.61,63.30,60.66,59.06,58.28,57.54,56.18,55.33,54.89,54.49,54.05,53.48,52.75,51.83,50.74,49.15,47.46,45.86,44.51,43.39,42.44,41.86,41.83,41.91,42.02,42.16,42.37,42.60,42.88,43.33,43.85,44.27,44.43,44.48,44.51,44.56,44.57,44.62,44.85,45.60,47.41,49.18,50.04,50.40,50.71,51.02,51.33,51.62,51.87,52.00,52.09,52.12,52.12,52.13,52.20,52.22,52.22,52.25,52.31,52.39,52.52,52.64,52.64,52.52,52.36,52.21,52.06,51.90,51.75,51.59,51.42,51.20,50.91,50.64,50.41,49.18,42.17,39.84,39.73,39.59,39.51,39.37,39.26,39.18,39.08,38.95,38.84,38.73,38.64,38.80,39.03,39.34,39.74,40.24,40.89,41.53,42.15,42.77,43.38,44.00,44.33,44.24,43.91,43.56,43.60,44.01,44.47,44.90,45.31,45.60,45.61,45.40,45.11,44.83,44.61,44.48,44.63,44.83,45.03,45.26,45.42,45.63,45.86,46.08,46.24,46.45,46.65,46.81,47.03,47.39,47.83,48.27,48.60,48.66,48.66,48.74,48.88,48.96,49.05,49.13,49.27,49.50,49.60,49.62,49.62,49.64,49.70,49.76
71.25,71.31,71.38,71.45,71.47,71.53,71.61,71.69,71.77,71.85,71.94,72.00,72.02,72.07,72.11,72.15,72.20,72.14,72.07,72.01,71.94,71.94,71.94,71.94,71.94,71.94,71.94,71.94,71.94,71.94,71.94,71.94,71.98,72.05,72.11,72.12,72.11,72.08,72.00,71.92,71.85,71.77,71.69,71.60,71.52,71.44,71.35,71.22,71.11,71.06,71.04,71.00,70.89,70.65,70.38,70.02,69.18,67.75,66.20,65.09,65.15,66.39,67.82,69.10,70.00,70.28,70.46,70.65,70.86,71.01,71.18,71.34,71.48,71.55,71.42,71.25,71.09,70.95,70.87,70.73,70.61,70.56,70.56,70.56,70.56,70.56,70.55,70.47,70.40,70.33,70.28,70.28,70.28,70.33,70.38,70.38,70.38,70.43,70.44,70.39,70.31,70.29,70.25,70.18,70.11,70.09,70.04,69.47,67.72,64.38,61.23,59.23,58.30,57.45,56.71,56.15,55.71,55.33,54.92,54.15,53.21,52.22,51.20,50.01,48.61,47.21,46.12,45.09,44.22,43.51,42.99,42.53,42.13,41.96,42.05,42.28,42.52,42.95,43.37,43.53,43.57,43.63,43.67,43.68,43.68,43.69,44.04,44.93,46.60,48.31,49.57,50.34,50.65,50.95,51.26,51.51,51.66,51.70,51.77,51.80,51.80,51.81,51.88,51.90,51.92,51.98,52.00,52.12,52.27,52.39,52.44,52.37,52.24,52.08,51.93,51.77,51.62,51.47,51.31,51.13,50.84,50.58,50.35,49.13,42.15,39.84,39.73,39.59,39.51,39.37,39.26,39.17,39.03,38.93,38.81,38.69,38.65,38.90,39.23,39.57,39.96,40.54,41.16,41.78,42.40,43.02,43.64,44.21,44.71,44.99,44.83,44.64,44.74,45.15,45.59,45.90,46.14,46.36,46.54,46.35,46.06,45.76,45.44,45.04,45.09,45.36,45.67,45.89,46.05,46.26,46.49,46.71,46.87,47.09,47.28,47.42,47.56,47.90,48.33,48.77,49.12,49.27,49.30,49.37,49.51,49.59,49.72,49.86,49.98,50.03,50.06,50.06,50.09,50.14,50.16,50.13
71.18,71.25,71.33,71.41,71.44,71.53,71.63,71.70,71.78,71.83,71.90,71.96,72.00,72.04,72.06,72.07,72.10,72.03,71.96,71.88,71.82,71.81,71.81,71.81,71.81,71.81,71.81,71.81,71.81,71.81,71.81,71.81,71.85,71.93,72.00,72.02,72.03,72.04,72.00,71.92,71.85,71.77,71.69,71.61,71.54,71.46,71.37,71.25,71.14,71.08,71.05,71.00,70.92,70.69,70.44,70.13,69.48,68.07,66.43,64.95,64.27,65.47,67.03,68.52,69.71,70.14,70.34,70.53,70.75,70.90,71.06,71.23,71.39,71.50,71.46,71.35,71.22,71.08,70.99,70.85,70.74,70.69,70.69,70.69,70.69,70.69,70.67,70.60,70.53,70.45,70.39,70.39,70.39,70.42,70.45,70.48,70.45,70.47,70.47,70.40,70.35,70.31,70.26,70.18,70.11,70.10,70.05,69.76,68.78,66.19,62.95,60.43,58.97,58.21,57.67,57.19,56.72,56.23,55.71,54.91,53.95,52.92,51.91,50.87,49.77,48.70,47.76,46.88,46.08,45.30,44.53,43.90,43.34,42.94,42.70,42.59,42.41,42.45,42.61,42.65,42.65,42.68,42.72,42.74,42.67,42.58,42.90,43.81,45.48,47.23,48.84,50.00,50.48,50.80,51.09,51.29,51.39,51.42,51.47,51.48,51.49,51.53,51.57,51.58,51.62,51.69,51.73,51.86,52.01,52.15,52.25,52.19,52.07,51.91,51.76,51.61,51.45,51.30,51.15,51.02,50.79,50.54,50.29,49.07,42.14,39.82,39.70,39.59,39.47,39.36,39.24,39.13,39.01,38.93,38.80,38.71,38.78,39.06,39.43,39.79,40.19,40.77,41.38,42.00,42.61,43.23,43.85,44.41,44.97,45.46,45.63,45.65,45.81,46.13,46.45,46.70,46.88,47.10,47.36,47.25,46.99,46.69,46.31,45.80,45.58,45.76,46.15,46.48,46.71,46.91,47.13,47.34,47.51,47.72,47.90,47.98,48.00,48.32,48.78,49.26,49.67,49.85,49.94,50.04,50.19,50.27,50.41,50.55,50.63,50.63,50.60,50.62,50.65,50.68,50.65,50.61
71.04,71.12,71.20,71.27,71.35,71.48,71.60,71.68,71.77,71.80,71.84,71.92,71.98,71.99,72.00,71.99,71.98,71.91,71.83,71.76,71.70,71.69,71.69,71.69,71.69,71.69,71.69,71.69,71.69,71.69,71.69,71.69,71.73,71.81,71.88,71.90,71.94,71.98,71.97,71.91,71.84,71.77,71.68,71.59,71.51,71.42,71.33,71.24,71.11,71.01,70.93,70.87,70.86,70.72,70.51,70.23,69.77,68.42,66.67,64.83,63.48,64.63,66.27,67.84,69.19,69.94,70.22,70.41,70.62,70.79,70.94,71.14,71.32,71.39,71.45,71.43,71.33,71.20,71.12,70.98,70.87,70.81,70.81,70.81,70.81,70.81,70.79,70.73,70.65,70.57,70.52,70.52,70.52,70.51,70.53,70.56,70.51,70.49,70.46,70.40,70.38,70.33,70.26,70.18,70.12,70.10,70.05,69.99,69.67,68.15,65.17,62.23,60.15,59.48,58.85,58.29,57.75,57.12,56.44,55.69,54.80,53.76,52.75,51.76,50.92,50.16,49.35,48.63,47.91,47.13,46.26,45.63,45.06,44.47,43.85,43.27,42.52,42.08,41.89,41.83,41.77,41.73,41.73,41.73,41.61,41.41,41.64,42.51,44.22,46.01,47.84,49.33,50.15,50.57,50.84,51.00,51.08,51.15,51.16,51.17,51.19,51.25,51.27,51.27,51.30,51.39,51.47,51.61,51.77,51.92,52.05,52.01,51.88,51.72,51.57,51.41,51.26,51.11,50.97,50.88,50.75,50.50,50.04,48.38,41.94,39.79,39.67,39.57,39.43,39.34,39.22,39.09,39.00,38.92,38.79,38.76,38.94,39.24,39.61,40.00,40.44,40.98,41.58,42.19,42.80,43.42,44.04,44.61,45.18,45.77,46.28,46.53,46.75,46.99,47.17,47.39,47.57,47.81,48.13,48.11,47.92,47.62,47.18,46.65,46.13,46.15,46.55,46.98,47.32,47.55,47.76,47.98,48.14,48.35,48.49,48.50,48.40,48.70,49.20,49.76,50.25,50.45,50.59,50.75,50.88,50.97,51.11,51.21,51.26,51.25,51.19,51.21,51.26,51.25,51.18,51.16
70.86,70.93,71.01,71.09,71.21,71.36,71.49,71.57,71.70,71.77,71.84,71.90,71.92,71.93,71.93,71.91,71.86,71.78,71.71,71.65,71.62,71.57,71.56,71.56,71.56,71.56,71.56,71.56,71.56,71.56,71.56,71.60,71.67,71.73,71.76,71.81,71.84,71.86,71.86,71.84,71.81,71.75,71.61,71.48,71.35,71.22,71.09,70.96,70.86,70.77,70.69,70.64,70.68,70.72,70.61,70.31,69.90,68.45,66.53,64.48,62.90,63.86,65.32,66.70,68.01,69.66,70.16,70.32,70.50,70.71,70.88,71.08,71.24,71.27,71.34,71.38,71.38,71.33,71.25,71.11,71.00,70.94,70.94,70.94,70.94,70.92,70.87,70.84,70.78,70.70,70.64,70.64,70.64,70.61,70.56,70.53,70.51,70.46,70.42,70.39,70.34,70.31,70.26,70.19,70.17,70.12,70.08,70.05,69.92,69.39,67.24,64.57,62.25,61.23,60.12,59.24,58.51,57.78,57.08,56.37,55.59,54.68,53.65,52.77,52.01,51.31,50.63,49.98,49.47,48.86,48.03,47.39,46.79,46.08,45.21,44.23,43.16,42.42,41.96,41.58,41.20,40.90,40.71,40.63,40.52,40.41,40.54,41.25,42.98,44.59,46.15,47.78,49.36,50.18,50.53,50.69,50.76,50.84,50.85,50.85,50.87,50.94,50.95,50.95,51.01,51.14,51.27,51.42,51.57,51.73,51.87,51.86,51.72,51.53,51.38,51.22,51.07,50.91,50.78,50.70,50.65,50.45,49.03,45.04,40.99,39.76,39.64,39.52,39.42,39.34,39.22,39.08,39.00,38.88,38.76,38.80,39.06,39.37,39.74,40.20,40.75,41.29,41.85,42.41,43.00,43.61,44.23,44.83,45.41,45.98,46.51,46.96,47.37,47.70,47.87,48.09,48.27,48.52,48.90,48.97,48.85,48.52,48.02,47.48,46.94,46.70,46.81,47.27,47.69,48.08,48.39,48.61,48.77,48.95,49.02,48.94,48.79,49.08,49.67,50.36,50.93,51.13,51.28,51.45,51.58,51.67,51.80,51.85,51.83,51.83,51.81,51.82,51.83,51.82,51.75,51.73
70.70,70.78,70.86,70.97,71.09,71.23,71.36,71.45,71.60,71.71,71.80,71.86,71.86,71.86,71.85,71.81,71.73,71.66,71.59,71.56,71.52,71.45,71.43,71.43,71.43,71.43,71.43,71.43,71.43,71.43,71.43,71.49,71.57,71.64,71.67,71.71,71.75,71.77,71.77,71.77,71.75,71.66,71.49,71.33,71.17,71.02,70.87,70.72,70.60,70.52,70.45,70.42,70.48,70.62,70.61,70.38,70.03,68.81,66.86,64.50,62.41,62.73,63.89,65.09,66.32,68.59,69.75,70.22,70.41,70.61,70.80,71.00,71.14,71.17,71.24,71.31,71.34,71.36,71.30,71.19,71.11,71.06,71.03,71.01,71.00,70.97,70.90,70.87,70.83,70.76,70.70,70.70,70.68,70.61,70.54,70.48,70.47,70.41,70.36,70.35,70.28,70.27,70.24,70.20,70.19,70.13,70.10,70.07,70.00,69.90,68.31,66.07,63.88,62.51,61.06,59.93,59.07,58.35,57.68,57.01,56.31,55.54,54.59,53.80,53.08,52.41,51.78,51.15,50.66,50.14,49.46,48.86,48.13,47.23,46.17,45.01,43.80,42.92,42.30,41.76,41.22,40.77,40.41,40.15,40.00,39.92,39.98,40.41,41.59,42.79,44.07,45.73,47.79,49.01,49.91,50.37,50.45,50.52,50.56,50.56,50.58,50.63,50.63,50.65,50.73,50.89,51.04,51.20,51.35,51.51,51.68,51.72,51.58,51.37,51.19,51.01,50.84,50.69,50.56,50.51,50.50,50.33,48.22,42.51,40.28,39.74,39.64,39.50,39.41,39.34,39.22,39.08,39.00,38.85,38.75,38.83,39.19,39.52,39.92,40.42,41.00,41.57,42.11,42.67,43.24,43.84,44.45,45.05,45.63,46.17,46.73,47.28,47.78,48.19,48.46,48.74,48.97,49.24,49.61,49.74,49.69,49.34,48.75,48.23,47.69,47.29,47.17,47.55,48.00,48.46,48.86,49.16,49.41,49.55,49.53,49.39,49.22,49.38,49.94,50.71,51.44,51.79,51.98,52.13,52.25,52.36,52.46,52.47,52.44,52.43,52.41,52.40,52.40,52.39,52.32,52.28
70.56,70.65,70.74,70.88,70.98,71.11,71.24,71.33,71.47,71.62,71.74,71.80,71.81,71.80,71.76,71.68,71.61,71.53,71.50,71.47,71.40,71.32,71.30,71.30,71.30,71.30,71.30,71.30,71.30,71.31,71.31,71.37,71.44,71.52,71.59,71.61,71.65,71.70,71.70,71.70,71.65,71.51,71.30,71.14,70.99,70.83,70.68,70.52,70.36,70.25,70.19,70.20,70.28,70.43,70.51,70.44,70.17,69.45,67.56,64.76,61.96,61.36,62.11,63.12,64.24,66.82,68.99,70.10,70.34,70.51,70.72,70.90,71.03,71.10,71.18,71.20,71.24,71.29,71.28,71.22,71.17,71.15,71.08,71.01,70.98,70.95,70.88,70.81,70.79,70.75,70.69,70.68,70.62,70.55,70.47,70.41,70.40,70.34,70.31,70.29,70.22,70.20,70.20,70.19,70.19,70.12,70.09,70.06,69.96,69.72,68.38,66.60,64.77,63.11,61.52,60.30,59.43,58.83,58.21,57.59,56.96,56.30,55.52,54.80,54.11,53.44,52.81,52.14,51.51,50.97,50.49,49.93,49.02,47.90,46.72,45.56,44.41,43.50,42.80,42.26,41.72,41.23,40.76,40.29,39.99,39.91,39.91,39.97,40.20,40.84,41.83,43.34,45.43,46.90,48.57,49.54,49.67,49.75,49.82,49.84,49.86,49.96,50.11,50.30,50.48,50.64,50.79,50.95,51.10,51.27,51.48,51.58,51.45,51.22,51.00,50.78,50.60,50.45,50.32,50.31,50.31,49.90,47.26,41.01,39.88,39.74,39.63,39.50,39.41,39.34,39.22,39.08,39.00,38.86,38.76,38.88,39.31,39.70,40.15,40.65,41.20,41.81,42.37,42.95,43.54,44.10,44.71,45.27,45.81,46.37,46.97,47.53,48.03,48.49,48.92,49.30,49.63,49.94,50.23,50.37,50.38,50.02,49.33,48.85,48.33,47.87,47.64,47.86,48.27,48.72,49.16,49.61,50.05,50.19,50.10,49.88,49.72,49.66,50.08,50.85,51.76,52.39,52.67,52.80,52.90,53.03,53.07,53.07,53.06,53.06,52.99,52.98,52.97,52.95,52.88,52.81
70.39,70.48,70.62,70.76,70.85,70.98,71.12,71.25,71.35,71.50,71.64,71.73,71.74,71.70,71.63,71.56,71.48,71.45,71.41,71.35,71.27,71.19,71.18,71.18,71.18,71.18,71.18,71.18,71.18,71.19,71.23,71.26,71.31,71.39,71.47,71.52,71.56,71.58,71.58,71.58,71.49,71.34,71.16,71.01,70.85,70.67,70.49,70.32,70.09,69.86,69.74,69.81,70.06,70.27,70.42,70.44,70.22,69.81,67.67,64.28,61.22,60.48,60.72,61.21,62.14,64.89,67.96,69.77,70.27,70.44,70.66,70.81,70.91,70.98,71.06,71.08,71.12,71.18,71.17,71.11,71.08,71.06,70.98,70.90,70.88,70.85,70.77,70.70,70.68,70.66,70.63,70.58,70.51,70.43,70.37,70.34,70.29,70.26,70.24,70.22,70.16,70.14,70.14,70.14,70.13,70.06,70.04,69.99,69.74,68.93,67.56,65.85,64.00,62.24,60.74,59.84,59.39,59.14,58.56,57.95,57.35,56.75,56.03,55.37,54.72,54.08,53.46,52.81,52.16,51.47,50.78,50.17,49.28,48.21,47.09,46.02,44.95,44.04,43.31,42.77,42.23,41.67,41.13,40.61,40.16,39.96,39.90,39.90,39.93,40.17,40.56,41.21,42.11,42.76,43.87,44.90,45.50,45.56,45.59,45.57,45.79,46.67,48.08,49.42,50.22,50.38,50.53,50.73,50.90,51.08,51.30,51.44,51.33,51.09,50.86,50.63,50.42,50.24,50.13,50.12,50.12,47.45,43.30,40.30,39.78,39.69,39.60,39.49,39.41,39.34,39.22,39.08,39.00,38.90,38.84,38.98,39.44,39.83,40.35,40.90,41.45,42.02,42.60,43.18,43.76,44.36,45.01,45.52,46.02,46.61,47.18,47.76,48.29,48.75,49.21,49.65,50.00,50.33,50.62,50.58,50.46,50.06,49.42,48.96,48.55,48.27,48.20,48.41,48.68,49.02,49.43,49.94,50.60,51.01,50.99,50.68,50.39,50.21,50.47,51.10,51.96,52.81,53.28,53.49,53.58,53.68,53.70,53.68,53.64,53.64,53.61,53.57,53.54,53.52,53.41,53.36
70.22,70.34,70.49,70.64,70.74,70.88,71.03,71.16,71.25,71.39,71.55,71.67,71.67,71.59,71.51,71.44,71.38,71.36,71.30,71.22,71.14,71.07,71.05,71.05,71.05,71.05,71.05,71.05,71.05,71.06,71.13,71.17,71.20,71.27,71.34,71.42,71.45,71.45,71.45,71.44,71.33,71.19,71.03,70.88,70.71,70.52,70.32,70.14,69.80,69.41,69.24,69.50,69.90,70.16,70.36,70.44,70.23,70.01,67.67,63.86,60.64,59.88,59.76,59.86,60.60,63.20,66.84,69.31,70.20,70.37,70.58,70.70,70.78,70.86,70.92,70.94,70.98,71.03,71.03,70.98,70.95,70.93,70.86,70.78,70.75,70.72,70.65,70.57,70.55,70.55,70.53,70.46,70.40,70.33,70.27,70.25,70.19,70.17,70.17,70.14,70.09,70.08,70.08,70.08,70.07,70.02,69.96,69.73,69.06,67.78,66.48,64.95,63.14,61.31,59.89,59.25,59.14,59.16,58.78,58.25,57.70,57.12,56.44,55.81,55.20,54.58,53.96,53.33,52.61,51.78,50.86,50.13,49.25,48.25,47.21,46.25,45.36,44.52,43.79,43.23,42.69,42.11,41.53,40.99,40.46,40.15,40.01,39.95,39.91,39.90,39.90,39.90,39.90,39.91,40.36,41.12,41.86,41.88,41.88,41.85,42.12,43.24,45.03,46.86,48.37,49.41,50.18,50.52,50.72,50.91,51.13,51.28,51.19,50.97,50.74,50.50,50.27,49.70,48.74,47.79,47.61,44.29,40.30,39.91,39.74,39.64,39.57,39.49,39.41,39.34,39.22,39.08,39.00,38.93,38.91,39.10,39.57,40.00,40.55,41.14,41.69,42.23,42.83,43.40,43.98,44.59,45.32,45.85,46.34,46.88,47.41,47.99,48.53,49.00,49.47,49.91,50.28,50.62,50.87,50.66,50.41,50.00,49.46,49.08,48.83,48.75,48.82,49.03,49.19,49.45,49.82,50.35,51.15,51.78,51.89,51.54,51.17,50.98,51.17,51.66,52.37,53.21,53.84,54.18,54.27,54.33,54.32,54.28,54.23,54.23,54.23,54.20,54.14,54.09,53.95,53.93
70.09,70.21,70.37,70.52,70.67,70.81,70.95,71.05,71.18,71.33,71.48,71.61,71.61,71.48,71.38,71.33,71.30,71.25,71.17,71.09,71.02,70.94,70.93,70.92,70.92,70.92,70.92,70.92,70.92,70.94,71.01,71.07,71.11,71.14,71.22,71.29,71.33,71.33,71.32,71.26,71.18,71.06,70.91,70.75,70.55,70.35,70.19,70.00,69.48,68.91,68.75,69.34,69.87,70.12,70.31,70.44,70.24,70.06,67.72,63.85,60.43,59.59,59.38,59.42,60.03,61.98,65.68,68.66,70.12,70.30,70.47,70.58,70.65,70.72,70.74,70.79,70.83,70.84,70.84,70.83,70.83,70.81,70.73,70.65,70.63,70.59,70.52,70.44,70.43,70.42,70.41,70.33,70.31,70.27,70.19,70.13,70.12,70.11,70.07,70.00,69.99,69.98,69.98,69.98,69.98,69.97,69.83,69.14,67.67,66.23,65.28,64.18,62.66,60.81,59.34,58.71,58.65,58.78,58.83,58.54,58.04,57.44,56.81,56.19,55.58,54.96,54.33,53.66,52.83,51.87,50.83,49.88,48.94,47.97,46.99,46.15,45.55,44.90,44.22,43.62,43.07,42.52,41.97,41.44,40.91,40.56,40.31,40.12,39.94,39.91,39.91,39.91,39.91,39.90,39.99,40.13,40.27,40.27,40.27,40.27,40.32,40.53,40.87,41.75,43.88,47.20,49.60,50.31,50.56,50.78,51.00,51.11,51.03,50.84,50.61,50.38,50.14,48.56,45.41,42.01,41.36,40.73,39.96,39.82,39.72,39.64,39.57,39.49,39.41,39.34,39.22,39.08,39.00,38.93,38.94,39.18,39.71,40.23,40.77,41.35,41.94,42.48,43.04,43.62,44.21,44.81,45.66,46.34,46.83,47.20,47.67,48.21,48.74,49.26,49.71,50.12,50.50,50.83,51.00,50.69,50.38,49.99,49.57,49.38,49.36,49.41,49.50,49.67,49.83,50.09,50.46,50.98,51.73,52.43,52.66,52.42,52.08,52.05,52.31,52.72,53.17,53.64,54.35,54.84,54.95,54.96,54.92,54.88,54.87,54.87,54.87,54.86,54.80,54.67,54.52,54.54
70.05,70.18,70.34,70.49,70.61,70.75,70.89,71.02,71.16,71.32,71.46,71.55,71.54,71.45,71.33,71.24,71.19,71.12,71.05,70.97,70.90,70.86,70.82,70.78,70.75,70.75,70.78,70.80,70.80,70.81,70.88,70.96,71.02,71.06,71.14,71.18,71.22,71.24,71.19,71.12,71.05,70.94,70.78,70.62,70.41,70.24,70.10,69.82,69.20,68.50,68.28,68.95,69.71,70.04,70.24,70.36,70.22,70.06,68.35,65.05,61.03,59.71,59.18,59.09,59.59,60.80,64.20,67.62,69.88,70.21,70.36,70.45,70.53,70.59,70.60,70.66,70.70,70.70,70.70,70.70,70.70,70.68,70.61,70.56,70.52,70.47,70.40,70.36,70.32,70.30,70.28,70.21,70.20,70.15,70.09,70.06,70.05,69.85,69.49,69.09,68.96,68.84,68.79,68.83,68.97,69.00,68.60,67.72,66.33,64.78,63.89,62.98,61.75,60.21,58.88,58.21,58.06,58.25,58.41,58.36,58.16,57.80,57.19,56.58,55.94,55.29,54.66,53.98,53.05,51.99,50.93,49.99,48.88,47.94,47.23,46.62,46.06,45.41,44.69,44.05,43.50,42.93,42.37,41.84,41.38,41.04,40.78,40.56,40.42,40.33,40.23,40.13,40.04,39.93,39.90,39.88,39.85,39.85,39.85,39.85,39.85,39.85,39.85,40.21,41.38,43.78,47.38,49.48,50.38,50.60,50.78,50.91,50.89,50.77,50.54,50.30,49.80,47.65,43.88,40.54,39.87,39.85,39.83,39.75,39.67,39.62,39.57,39.49,39.41,39.34,39.22,39.08,39.00,38.93,39.00,39.30,39.84,40.41,41.00,41.58,42.16,42.73,43.28,43.84,44.45,45.13,45.99,46.77,47.37,47.75,48.14,48.55,49.02,49.51,49.96,50.33,50.70,51.00,51.08,50.78,50.49,50.19,49.90,49.82,49.87,49.92,50.03,50.30,50.57,50.85,51.16,51.61,52.32,53.02,53.35,53.27,52.98,53.16,53.51,53.89,54.28,54.66,55.16,55.53,55.65,55.65,55.62,55.60,55.60,55.60,55.60,55.49,55.37,55.28,55.14,55.17
70.03,70.18,70.34,70.47,70.57,70.70,70.86,71.01,71.16,71.31,71.42,71.48,71.48,71.42,71.30,71.17,71.08,71.01,70.92,70.84,70.79,70.77,70.71,70.63,70.58,70.58,70.64,70.66,70.67,70.70,70.76,70.83,70.91,70.98,71.06,71.08,71.13,71.15,71.07,71.00,70.91,70.80,70.66,70.50,70.30,70.15,70.00,69.62,68.90,68.10,67.81,68.54,69.51,69.96,70.17,70.27,70.20,70.08,69.12,66.65,62.23,60.09,59.12,58.83,59.10,59.77,62.65,66.26,69.25,69.99,70.22,70.32,70.40,70.46,70.47,70.53,70.57,70.57,70.57,70.57,70.57,70.55,70.48,70.47,70.42,70.34,70.28,70.27,70.21,70.17,70.14,69.99,69.83,69.67,69.49,69.30,69.14,68.66,67.96,67.27,67.00,66.78,66.66,66.70,66.89,66.81,66.23,65.41,64.47,63.10,62.33,61.61,60.69,59.54,58.42,57.66,57.38,57.59,57.76,57.94,58.07,58.02,57.53,56.95,56.28,55.62,54.99,54.26,53.25,52.14,51.13,50.24,49.02,48.13,47.67,47.24,46.65,45.95,45.20,44.52,43.94,43.34,42.77,42.26,41.87,41.56,41.31,41.13,41.05,40.91,40.71,40.51,40.34,40.11,40.05,39.99,39.92,39.89,39.87,39.84,39.81,39.80,39.79,39.85,39.91,40.74,44.59,48.26,50.08,50.40,50.55,50.71,50.76,50.68,50.45,50.23,49.32,46.74,42.91,40.37,39.82,39.79,39.77,39.69,39.61,39.59,39.55,39.47,39.39,39.33,39.21,39.08,39.00,38.93,39.06,39.42,39.99,40.60,41.22,41.80,42.37,42.97,43.53,44.08,44.70,45.49,46.33,47.19,47.89,48.36,48.67,48.98,49.35,49.79,50.22,50.55,50.90,51.16,51.16,50.89,50.64,50.41,50.27,50.28,50.34,50.37,50.48,50.85,51.26,51.58,51.88,52.27,52.91,53.58,54.02,54.13,53.95,54.28,54.68,55.05,55.41,55.76,56.02,56.22,56.35,56.37,56.37,56.37,56.37,56.37,56.34,56.12,55.92,55.89,55.76,55.78
70.05,70.18,70.32,70.42,70.56,70.70,70.85,71.01,71.16,71.27,71.36,71.42,71.42,71.36,71.23,71.10,71.02,70.94,70.83,70.74,70.71,70.66,70.58,70.50,70.44,70.45,70.46,70.51,70.57,70.62,70.64,70.71,70.78,70.86,70.94,71.00,71.03,71.02,70.94,70.87,70.75,70.63,70.53,70.38,70.25,70.13,69.91,69.38,68.56,67.63,67.34,68.32,69.32,69.88,70.15,70.22,70.20,70.12,69.81,68.38,64.58,60.91,59.34,58.70,58.38,59.11,61.16,64.22,67.48,69.37,70.01,70.19,70.27,70.34,70.34,70.40,70.44,70.44,70.44,70.44,70.44,70.43,70.36,70.34,70.29,70.22,70.15,70.14,70.08,70.05,69.94,69.48,68.71,68.06,67.35,66.36,65.51,64.67,63.88,63.25,62.99,62.76,62.56,62.42,62.30,61.73,61.29,61.05,60.90,60.59,60.44,60.13,59.56,58.74,57.89,57.02,56.48,56.66,56.86,57.16,57.51,57.79,57.76,57.26,56.63,56.00,55.34,54.40,53.38,52.39,51.48,50.58,49.57,48.82,48.35,47.83,47.18,46.48,45.77,45.07,44.36,43.76,43.20,42.71,42.37,42.10,41.93,41.83,41.75,41.60,41.44,41.25,41.03,40.80,40.66,40.53,40.39,40.27,40.16,40.00,39.86,39.80,39.74,39.78,39.83,40.09,41.59,46.36,49.46,50.21,50.36,50.52,50.57,50.50,50.33,50.14,48.62,45.63,42.02,40.22,39.78,39.73,39.70,39.63,39.55,39.52,39.49,39.41,39.33,39.26,39.17,39.08,39.00,38.93,39.13,39.57,40.17,40.79,41.41,42.02,42.61,43.17,43.76,44.37,45.03,45.86,46.72,47.56,48.35,48.97,49.25,49.55,49.84,50.14,50.48,50.80,51.12,51.32,51.23,50.95,50.70,50.55,50.53,50.64,50.68,50.72,50.84,51.14,51.67,52.17,52.60,52.99,53.51,54.11,54.69,55.07,55.10,55.44,55.76,56.03,56.28,56.50,56.73,56.92,57.05,57.12,57.13,57.13,57.13,57.11,57.01,56.72,56.50,56.47,56.33,56.36
70.11,70.20,70.33,70.44,70.56,70.70,70.85,71.00,71.13,71.22,71.30,71.36,71.38,71.30,71.19,71.07,70.96,70.88,70.77,70.67,70.61,70.53,70.46,70.38,70.32,70.32,70.32,70.37,70.45,70.52,70.55,70.62,70.68,70.73,70.81,70.89,70.92,70.90,70.82,70.74,70.63,70.51,70.40,70.28,70.17,69.92,69.48,68.79,67.91,67.05,66.90,68.01,69.08,69.76,70.09,70.16,70.16,70.12,70.06,69.27,66.51,62.58,60.23,58.88,58.14,58.54,59.94,62.45,65.51,67.76,69.05,69.78,70.14,70.17,70.21,70.28,70.32,70.32,70.32,70.32,70.30,70.27,70.23,70.22,70.17,70.10,69.94,69.31,68.65,68.16,67.71,66.93,66.13,65.40,64.52,63.23,61.77,60.32,58.86,57.53,56.94,57.14,57.63,58.27,58.88,58.34,57.95,57.87,57.99,58.10,58.51,58.66,58.38,57.72,57.02,56.23,55.69,55.80,56.08,56.44,56.86,57.28,57.52,57.39,56.95,56.32,55.60,54.60,53.63,52.73,51.91,51.08,50.22,49.52,48.99,48.41,47.71,47.00,46.30,45.60,44.86,44.23,43.64,43.17,42.94,42.73,42.60,42.52,42.44,42.30,42.14,41.96,41.73,41.53,41.34,41.17,41.02,40.86,40.70,40.51,40.30,40.16,39.99,39.88,39.81,39.81,40.22,43.42,46.99,49.56,50.14,50.30,50.34,50.30,50.12,49.69,47.73,44.56,41.21,40.05,39.75,39.68,39.64,39.56,39.51,39.48,39.42,39.35,39.28,39.22,39.16,39.08,39.00,38.93,39.17,39.66,40.28,40.93,41.58,42.22,42.82,43.39,43.98,44.63,45.36,46.24,47.09,47.95,48.77,49.50,49.91,50.16,50.36,50.52,50.69,50.97,51.28,51.44,51.30,51.02,50.86,50.80,50.83,50.98,51.03,51.07,51.17,51.44,51.99,52.56,53.09,53.54,54.04,54.66,55.29,55.81,56.02,56.33,56.59,56.83,57.05,57.24,57.44,57.61,57.75,57.83,57.87,57.89,57.88,57.82,57.57,57.28,57.10,57.07,56.91,56.90
70.16,70.24,70.34,70.48,70.57,70.70,70.85,70.99,71.08,71.16,71.23,71.31,71.37,71.26,71.15,71.05,70.91,70.82,70.74,70.64,70.51,70.42,70.34,70.26,70.20,70.19,70.20,70.25,70.33,70.39,70.47,70.55,70.59,70.62,70.69,70.77,70.80,70.78,70.70,70.62,70.53,70.43,70.30,70.20,70.04,69.58,68.83,67.97,67.05,66.42,66.52,67.66,68.78,69.58,70.01,70.09,70.09,70.09,70.02,69.53,67.81,64.37,61.34,59.21,58.17,58.00,58.93,60.90,63.44,65.59,67.49,68.86,69.63,69.78,69.97,70.12,70.19,70.19,70.19,70.19,70.14,70.05,69.95,69.86,69.66,69.45,69.05,67.54,66.11,65.04,64.17,63.04,62.44,61.82,60.96,59.65,57.80,55.90,53.82,51.76,50.82,51.51,52.86,54.53,56.23,55.96,55.55,55.39,55.48,55.70,56.53,57.15,57.17,56.57,55.94,55.30,54.88,54.97,55.32,55.71,56.13,56.58,56.96,57.30,57.17,56.59,55.84,54.88,53.98,53.17,52.41,51.70,50.94,50.24,49.61,48.96,48.22,47.49,46.79,46.08,45.38,44.70,44.09,43.68,43.56,43.42,43.30,43.22,43.14,42.99,42.84,42.66,42.44,42.27,42.06,41.86,41.71,41.56,41.41,41.20,40.98,40.74,40.47,40.15,39.89,39.75,39.84,40.42,43.65,47.98,49.15,49.50,49.69,49.77,49.55,48.76,46.57,43.47,40.52,39.90,39.73,39.64,39.58,39.50,39.49,39.44,39.36,39.29,39.22,39.20,39.15,39.07,39.00,38.94,39.21,39.73,40.34,41.03,41.72,42.39,43.02,43.63,44.20,44.88,45.68,46.58,47.42,48.26,49.10,49.91,50.55,50.78,50.88,50.92,50.88,51.11,51.41,51.55,51.38,51.11,51.08,51.11,51.15,51.30,51.39,51.42,51.48,51.74,52.23,52.80,53.36,53.91,54.58,55.24,55.86,56.42,56.79,57.06,57.29,57.52,57.76,57.98,58.16,58.32,58.45,58.53,58.61,58.65,58.62,58.48,58.07,57.83,57.74,57.69,57.48,57.43
70.17,70.27,70.39,70.50,70.57,70.70,70.84,70.94,71.02,71.09,71.17,71.24,71.31,71.24,71.12,71.00,70.90,70.77,70.67,70.59,70.48,70.36,70.27,70.19,70.12,70.08,70.11,70.19,70.24,70.28,70.35,70.43,70.49,70.55,70.63,70.70,70.73,70.71,70.63,70.50,70.41,70.32,70.23,70.13,69.80,69.04,68.00,66.99,66.01,65.81,66.33,67.38,68.39,69.23,69.79,70.02,70.03,70.03,69.84,69.10,67.22,64.58,61.75,59.46,58.13,57.34,58.15,59.61,61.36,63.41,64.99,66.31,67.42,68.35,69.22,69.80,70.06,70.06,70.06,70.06,69.96,69.66,69.03,68.36,67.30,66.20,65.09,63.27,61.75,60.73,59.84,58.26,57.31,56.61,55.71,54.28,52.83,51.88,51.05,50.21,49.81,50.11,50.88,52.17,53.92,53.62,53.20,53.00,53.07,53.56,54.51,55.46,55.95,55.32,54.69,54.07,53.72,53.96,54.38,54.81,55.26,55.72,56.16,56.60,56.85,56.78,56.19,55.33,54.53,53.80,53.08,52.39,51.67,50.95,50.20,49.39,48.65,47.92,47.17,46.43,45.72,45.03,44.54,44.34,44.25,44.11,43.99,43.92,43.83,43.69,43.53,43.35,43.13,42.97,42.76,42.56,42.41,42.25,42.10,41.90,41.67,41.43,41.18,40.73,40.24,39.85,39.76,39.88,41.10,43.07,44.61,45.86,47.16,47.91,47.51,46.55,44.61,42.20,40.13,39.83,39.69,39.58,39.51,39.45,39.44,39.38,39.30,39.23,39.20,39.16,39.09,39.03,39.00,38.98,39.27,39.77,40.36,41.04,41.77,42.49,43.16,43.82,44.47,45.20,45.97,46.73,47.48,48.27,49.06,49.90,50.89,51.30,51.42,51.40,51.24,51.30,51.53,51.66,51.48,51.36,51.36,51.39,51.47,51.61,51.70,51.74,51.77,51.94,52.34,52.79,53.24,53.89,55.34,55.99,56.47,57.02,57.48,57.76,57.99,58.22,58.45,58.69,58.85,59.01,59.15,59.23,59.35,59.41,59.34,59.07,58.55,58.37,58.35,58.27,58.05,57.96
70.20,70.30,70.42,70.52,70.58,70.69,70.80,70.88,70.95,71.03,71.11,71.18,71.22,71.19,71.09,70.98,70.89,70.75,70.64,70.56,70.45,70.32,70.22,70.13,70.02,69.86,69.93,70.06,70.15,70.18,70.25,70.33,70.41,70.48,70.56,70.64,70.66,70.62,70.53,70.41,70.31,70.23,70.14,69.96,69.41,68.48,67.34,66.26,65.25,65.18,65.80,66.72,67.63,68.46,69.09,69.46,69.58,69.64,69.50,68.80,66.91,64.48,61.76,59.47,58.05,56.97,57.34,58.27,59.48,61.10,62.31,63.45,64.64,65.84,66.93,67.70,68.09,68.12,68.09,68.02,67.79,67.31,66.44,65.46,63.87,62.11,60.44,58.58,57.00,55.98,55.21,53.92,53.11,52.56,51.91,50.87,50.02,49.75,49.67,49.59,49.53,49.59,49.91,50.64,51.84,51.61,51.30,51.14,51.18,51.68,52.69,53.85,54.60,54.01,53.42,52.85,52.59,52.94,53.39,53.85,54.31,54.78,55.24,55.73,56.21,56.53,56.33,55.82,55.17,54.47,53.76,52.98,52.21,51.40,50.55,49.66,48.93,48.20,47.45,46.71,46.01,45.40,45.04,44.97,44.91,44.80,44.70,44.62,44.53,44.39,44.23,44.06,43.86,43.68,43.48,43.28,43.11,42.96,42.80,42.60,42.35,42.06,41.70,41.11,40.45,39.91,39.76,39.73,39.80,40.17,41.37,42.60,44.27,45.41,45.13,44.21,42.62,41.01,39.87,39.74,39.62,39.53,39.45,39.41,39.40,39.34,39.27,39.20,39.20,39.14,39.07,39.03,39.00,39.05,39.35,39.83,40.42,41.13,41.89,42.63,43.35,44.07,44.79,45.53,46.27,46.98,47.68,48.41,49.16,50.01,51.22,51.80,51.96,51.89,51.67,51.58,51.70,51.80,51.64,51.65,51.65,51.68,51.73,51.76,51.77,51.78,51.79,51.86,52.20,52.59,52.93,53.65,56.06,56.76,57.11,57.63,58.14,58.45,58.70,58.94,59.14,59.33,59.46,59.56,59.66,59.74,59.83,59.86,59.79,59.52,59.04,58.95,58.97,58.84,58.63,58.49
70.25,70.33,70.44,70.56,70.59,70.65,70.73,70.81,70.88,70.96,71.04,71.10,71.12,71.11,71.06,70.98,70.88,70.75,70.64,70.54,70.41,70.31,70.18,70.07,69.91,69.55,69.63,69.85,70.03,70.11,70.19,70.27,70.34,70.42,70.49,70.57,70.56,70.50,70.41,70.33,70.25,70.17,70.05,69.71,68.95,67.99,66.95,65.88,64.86,64.56,64.87,65.64,66.49,67.23,67.84,68.33,68.67,68.85,68.97,68.67,67.16,64.36,61.56,59.38,58.04,57.02,56.63,56.98,57.87,58.70,59.55,60.51,61.48,62.34,63.10,63.76,64.16,64.25,64.18,63.95,63.51,62.91,62.13,61.13,59.45,57.49,55.59,53.97,52.38,51.28,50.71,50.44,50.30,50.18,50.03,49.86,49.67,49.56,49.48,49.41,49.34,49.44,49.61,49.84,50.09,50.06,49.97,49.90,49.94,50.16,51.16,52.35,53.12,52.68,52.14,51.68,51.53,51.92,52.37,52.84,53.30,53.76,54.23,54.76,55.29,55.79,56.17,56.23,55.80,55.14,54.39,53.44,52.52,51.58,50.63,49.78,49.06,48.37,47.66,46.96,46.28,45.84,45.62,45.55,45.53,45.47,45.39,45.31,45.23,45.09,44.94,44.78,44.60,44.38,44.21,44.02,43.80,43.65,43.49,43.28,42.99,42.57,41.95,41.22,40.49,39.92,39.80,39.68,39.70,39.87,40.12,40.32,41.43,42.54,42.65,41.97,40.82,40.00,39.71,39.62,39.54,39.46,39.41,39.39,39.39,39.34,39.27,39.20,39.20,39.14,39.10,39.07,39.03,39.14,39.46,39.93,40.57,41.32,42.09,42.86,43.63,44.39,45.15,45.88,46.60,47.35,48.06,48.77,49.48,50.31,51.59,52.30,52.51,52.39,52.17,51.96,51.93,51.95,51.87,51.91,51.93,51.92,51.89,51.72,51.57,51.52,51.50,51.49,51.82,52.20,52.50,53.32,56.71,57.54,57.79,58.27,58.78,59.11,59.40,59.64,59.79,59.88,59.92,59.93,59.96,60.03,60.00,59.98,59.95,59.82,59.53,59.52,59.55,59.40,59.19,59.03
70.24,70.34,70.42,70.48,70.53,70.59,70.67,70.74,70.78,70.84,70.92,70.99,71.04,71.08,71.05,70.96,70.84,70.73,70.64,70.53,70.40,70.31,70.21,70.09,69.88,69.45,69.20,69.42,69.81,70.03,70.13,70.20,70.28,70.36,70.43,70.47,70.47,70.42,70.34,70.27,70.19,70.11,70.00,69.74,68.99,68.07,67.10,66.11,65.11,64.34,64.04,64.44,65.20,65.85,66.41,66.89,67.31,67.55,67.83,67.98,67.40,64.99,62.46,60.41,59.04,58.14,57.43,57.00,56.73,56.43,56.90,57.60,58.28,58.87,59.47,60.09,60.45,60.50,60.45,60.16,59.39,58.38,57.44,56.07,54.38,52.94,52.05,51.30,50.55,49.99,49.72,49.64,49.63,49.58,49.53,49.52,49.45,49.37,49.29,49.22,49.15,49.26,49.36,49.43,49.50,49.51,49.46,49.43,49.50,49.70,50.28,51.05,51.68,51.54,50.97,50.58,50.56,50.95,51.37,51.82,52.29,52.76,53.27,53.80,54.36,54.91,55.35,55.72,55.84,55.53,54.67,53.68,52.71,51.72,50.75,49.91,49.26,48.60,47.91,47.23,46.65,46.34,46.19,46.12,46.11,46.13,46.09,46.02,45.93,45.83,45.69,45.52,45.31,45.08,44.91,44.72,44.50,44.34,44.15,43.86,43.41,42.77,41.97,41.16,40.42,39.92,39.81,39.71,39.67,39.72,39.83,39.84,40.30,40.80,40.88,40.55,40.02,39.68,39.57,39.50,39.46,39.42,39.39,39.35,39.34,39.32,39.27,39.20,39.20,39.14,39.10,39.09,39.09,39.33,39.71,40.23,40.90,41.67,42.44,43.21,43.99,44.75,45.53,46.26,46.97,47.74,48.44,49.14,49.93,50.89,52.02,52.80,53.03,52.86,52.67,52.44,52.18,51.96,51.85,51.83,51.79,51.75,51.67,51.49,51.30,51.19,51.15,51.16,51.45,51.76,52.28,53.72,57.50,58.41,58.60,58.99,59.42,59.64,59.79,59.91,60.01,60.05,60.05,60.05,60.05,60.04,60.01,60.00,59.99,59.94,59.83,59.83,59.87,59.82,59.69,59.57
70.19,70.30,70.36,70.38,70.44,70.51,70.59,70.66,70.68,70.74,70.81,70.90,70.97,71.05,71.04,70.95,70.81,70.72,70.64,70.53,70.40,70.31,70.24,70.12,69.89,69.44,68.79,68.88,69.38,69.81,70.03,70.14,70.22,70.30,70.37,70.38,70.37,70.34,70.26,70.20,70.13,70.05,69.95,69.77,69.13,68.31,67.43,66.50,65.49,64.38,63.55,63.44,63.91,64.44,64.94,65.40,65.84,66.04,66.39,66.91,67.17,65.72,63.76,61.92,60.52,59.62,58.80,57.86,56.78,55.72,55.64,55.83,55.97,56.04,56.20,56.69,57.07,57.15,57.09,56.71,55.77,54.52,53.37,51.98,50.64,49.86,49.84,49.77,49.70,49.61,49.52,49.45,49.44,49.39,49.34,49.33,49.27,49.20,49.12,49.05,48.98,49.05,49.10,49.11,49.17,49.17,49.15,49.15,49.27,49.49,49.71,50.07,50.49,50.55,50.04,49.74,49.79,50.14,50.48,50.87,51.30,51.79,52.33,52.87,53.44,53.98,54.43,54.98,55.58,55.66,54.86,53.87,52.87,51.87,50.89,50.05,49.45,48.84,48.17,47.52,47.09,46.88,46.75,46.69,46.69,46.74,46.74,46.69,46.63,46.55,46.42,46.25,46.01,45.80,45.62,45.42,45.22,45.03,44.70,44.22,43.59,42.77,41.87,40.99,40.30,39.91,39.81,39.75,39.68,39.65,39.74,39.76,39.75,39.74,39.73,39.67,39.60,39.53,39.47,39.39,39.38,39.38,39.36,39.30,39.28,39.28,39.25,39.20,39.18,39.13,39.11,39.14,39.23,39.59,40.06,40.64,41.36,42.09,42.84,43.57,44.32,45.08,45.83,46.54,47.24,47.98,48.68,49.36,50.25,51.40,52.47,53.30,53.55,53.32,53.11,52.81,52.36,51.92,51.71,51.61,51.54,51.46,51.36,51.21,50.99,50.85,50.79,50.81,51.07,51.27,52.14,54.44,58.32,59.23,59.36,59.62,59.90,60.00,60.03,60.06,60.10,60.10,60.10,60.10,60.09,60.03,60.02,60.02,60.02,60.00,60.00,60.00,60.02,60.07,60.03,59.97
70.09,70.17,70.25,70.31,70.33,70.38,70.46,70.53,70.60,70.67,70.76,70.83,70.91,70.98,71.01,70.95,70.81,70.72,70.64,70.53,70.40,70.31,70.24,70.12,69.92,69.51,68.50,68.22,68.60,69.33,69.89,70.08,70.16,70.23,70.30,70.31,70.28,70.21,70.14,70.12,70.06,69.98,69.88,69.66,69.20,68.60,67.87,66.94,65.89,64.76,63.69,62.89,62.68,63.01,63.48,63.94,64.36,64.32,64.64,65.31,65.98,66.32,65.34,63.86,62.50,61.39,60.59,59.88,59.09,58.07,57.21,56.38,55.50,54.53,53.56,53.74,54.25,54.57,54.38,53.82,53.07,52.08,50.75,50.25,49.93,49.73,49.72,49.65,49.57,49.46,49.33,49.26,49.25,49.20,49.14,49.14,49.13,49.08,49.00,48.92,48.84,48.80,48.78,48.78,48.79,48.80,48.83,48.92,49.08,49.30,49.48,49.65,49.78,49.78,49.58,49.39,49.38,49.62,49.82,50.02,50.37,50.90,51.44,51.98,52.49,53.01,53.60,54.26,55.01,55.41,55.01,54.06,53.06,52.05,51.07,50.19,49.58,49.02,48.44,47.86,47.61,47.44,47.33,47.26,47.26,47.27,47.30,47.34,47.32,47.26,47.13,46.94,46.72,46.54,46.34,46.15,45.97,45.70,45.05,44.24,43.36,42.47,41.60,40.70,40.09,39.90,39.81,39.79,39.75,39.67,39.63,39.63,39.59,39.55,39.55,39.53,39.47,39.43,39.40,39.33,39.31,39.31,39.31,39.30,39.23,39.22,39.21,39.19,39.13,39.11,39.13,39.25,39.53,39.95,40.53,41.23,41.97,42.63,43.27,43.91,44.57,45.27,45.98,46.64,47.27,47.93,48.61,49.26,50.24,51.67,52.93,53.81,54.05,53.79,53.42,52.89,52.36,51.83,51.41,51.30,51.22,51.14,51.05,50.90,50.67,50.53,50.46,50.43,50.64,50.69,52.05,55.52,59.12,59.92,59.95,60.00,60.06,60.08,60.13,60.15,60.11,60.10,60.10,60.10,60.10,60.09,60.09,60.09,60.07,60.01,60.00,60.00,60.01,60.02,60.07,60.07
69.35,70.02,70.12,70.19,70.24,70.30,70.38,70.45,70.53,70.61,70.67,70.72,70.80,70.87,70.92,70.92,70.81,70.72,70.62,70.50,70.39,70.31,70.24,70.14,69.99,69.67,68.61,67.83,67.78,68.62,69.43,69.88,70.09,70.16,70.20,70.23,70.20,70.13,70.06,70.02,69.79,69.56,69.31,68.69,68.23,67.88,67.53,67.08,66.26,65.22,64.11,63.08,62.29,61.95,62.06,62.52,62.91,62.77,62.70,62.96,63.70,64.43,64.40,63.97,63.43,62.92,62.24,61.51,60.73,59.78,58.93,58.20,57.27,55.86,54.50,53.97,53.73,53.44,52.79,52.07,51.44,50.80,50.01,49.82,49.75,49.69,49.63,49.53,49.44,49.36,49.28,49.21,49.16,49.11,49.03,48.97,48.95,48.90,48.82,48.75,48.67,48.59,48.54,48.51,48.51,48.51,48.59,48.72,48.88,49.03,49.16,49.25,49.32,49.35,49.25,49.11,49.07,49.27,49.46,49.60,49.82,50.18,50.58,51.09,51.63,52.21,52.91,53.67,54.49,55.09,55.07,54.20,53.20,52.25,51.35,50.45,49.81,49.26,48.76,48.40,48.18,48.04,47.93,47.84,47.83,47.83,47.87,47.94,47.97,47.93,47.82,47.64,47.42,47.25,47.04,46.83,46.56,45.96,44.98,44.02,43.12,42.20,41.31,40.47,39.97,39.89,39.81,39.77,39.73,39.68,39.61,39.56,39.55,39.54,39.50,39.50,39.47,39.45,39.43,39.36,39.34,39.32,39.30,39.30,39.30,39.27,39.24,39.23,39.16,39.18,39.25,39.40,39.64,39.95,40.47,41.13,41.85,42.51,43.16,43.82,44.48,45.18,45.87,46.52,47.14,47.77,48.45,49.09,49.99,51.34,52.94,54.10,54.38,53.98,53.52,52.95,52.40,51.86,51.35,51.03,50.90,50.83,50.73,50.58,50.39,50.07,49.71,49.50,49.60,49.67,50.56,53.36,58.78,60.11,60.15,60.15,60.15,60.15,60.17,60.19,60.15,60.15,60.15,60.13,60.10,60.10,60.10,60.10,60.09,60.05,60.05,60.05,60.05,60.05,60.09,60.10
67.68,69.17,69.69,70.04,70.17,70.23,70.30,70.38,70.46,70.54,70.58,70.61,70.68,70.76,70.84,70.87,70.80,70.72,70.59,70.47,70.39,70.31,70.24,70.16,70.06,69.82,68.86,67.68,67.11,67.77,68.72,69.47,69.92,70.08,70.09,70.15,70.14,70.06,69.97,69.81,69.41,68.98,68.54,67.48,66.90,66.69,66.69,66.74,66.37,65.60,64.62,63.51,62.31,61.31,60.93,61.20,61.52,61.35,60.91,60.70,61.31,61.94,62.57,63.10,63.43,63.61,63.14,62.47,61.77,61.02,60.46,60.04,59.31,57.90,56.56,55.41,54.36,53.33,52.20,51.33,50.71,50.28,50.01,49.85,49.77,49.70,49.61,49.48,49.38,49.34,49.31,49.23,49.15,49.08,48.98,48.86,48.83,48.78,48.70,48.61,48.53,48.44,48.34,48.27,48.25,48.25,48.35,48.50,48.63,48.72,48.80,48.89,48.96,49.03,48.99,48.87,48.80,48.97,49.19,49.31,49.43,49.61,49.84,50.29,50.86,51.52,52.30,53.14,53.98,54.73,55.06,54.30,53.34,52.45,51.65,50.78,50.13,49.58,49.17,48.98,48.77,48.65,48.54,48.42,48.40,48.40,48.44,48.52,48.57,48.59,48.50,48.34,48.13,47.96,47.73,47.46,47.01,46.04,44.81,43.76,42.86,41.93,41.01,40.28,39.90,39.88,39.81,39.74,39.70,39.68,39.60,39.54,39.56,39.58,39.52,39.52,39.52,39.51,39.48,39.42,39.40,39.36,39.32,39.34,39.39,39.36,39.32,39.30,39.24,39.29,39.40,39.55,39.70,39.86,40.28,40.87,41.55,42.23,42.91,43.60,44.29,44.99,45.68,46.33,46.95,47.58,48.27,48.91,49.67,50.84,52.76,54.43,54.93,54.41,53.69,52.98,52.40,51.88,51.37,50.84,50.62,50.51,50.39,50.09,49.69,49.11,48.52,48.22,48.31,48.50,48.81,50.69,58.20,60.12,60.19,60.19,60.19,60.19,60.19,60.20,60.20,60.20,60.20,60.17,60.12,60.12,60.12,60.12,60.11,60.10,60.10,60.10,60.10,60.10,60.10,60.10
63.50,65.92,68.19,69.78,70.10,70.14,70.18,70.26,70.33,70.41,70.48,70.54,70.61,70.70,70.77,70.82,70.79,70.72,70.59,70.47,70.39,70.31,70.24,70.16,70.08,69.90,69.15,68.01,66.98,66.68,67.49,68.49,69.40,70.00,70.03,70.04,70.04,69.99,69.80,69.31,68.81,68.29,67.61,66.50,65.51,65.04,64.99,65.03,65.61,65.67,65.12,64.02,62.80,61.62,60.68,60.18,60.33,60.22,59.91,59.70,59.94,60.23,60.53,60.92,61.37,61.56,61.53,61.50,61.49,61.40,61.13,60.47,59.68,59.03,58.37,57.42,56.32,55.12,53.87,52.86,51.94,51.09,50.40,49.99,49.86,49.82,49.74,49.64,49.56,49.49,49.43,49.36,49.28,49.20,49.11,49.03,48.96,48.89,48.79,48.66,48.58,48.41,48.22,48.05,47.95,47.98,48.07,48.16,48.26,48.34,48.46,48.57,48.64,48.72,48.76,48.65,48.55,48.71,48.88,49.03,49.17,49.32,49.45,49.77,50.27,50.95,51.78,52.63,53.48,54.32,54.90,54.38,53.50,52.64,51.88,51.20,50.61,50.14,49.78,49.57,49.39,49.25,49.13,49.04,48.98,48.97,49.01,49.08,49.10,49.15,49.14,49.05,48.87,48.66,48.39,47.93,47.17,45.97,44.72,43.57,42.54,41.62,40.74,40.16,39.88,39.83,39.80,39.73,39.70,39.68,39.61,39.58,39.59,39.59,39.58,39.58,39.58,39.55,39.50,39.47,39.42,39.39,39.39,39.45,39.47,39.46,39.42,39.38,39.36,39.41,39.50,39.61,39.77,39.92,40.33,40.88,41.47,42.10,42.74,43.41,44.10,44.80,45.49,46.14,46.76,47.39,48.07,48.71,49.40,50.42,52.48,55.14,56.42,55.98,54.42,52.95,52.15,51.75,51.35,50.83,50.42,50.19,49.92,48.96,47.49,46.58,46.29,46.40,46.82,47.31,47.87,50.02,58.07,60.08,60.13,60.13,60.13,60.13,60.16,60.20,60.20,60.20,60.20,60.19,60.17,60.17,60.17,60.17,60.16,60.11,60.10,60.10,60.10,60.10,60.10,60.10
60.86,63.02,65.69,68.04,69.34,69.89,70.09,70.17,70.24,70.34,70.44,70.51,70.59,70.67,70.73,70.77,70.76,70.71,70.59,70.47,70.39,70.31,70.24,70.16,70.08,69.96,69.52,68.47,67.19,66.26,66.39,67.31,68.38,69.26,69.67,69.79,69.76,69.63,69.34,68.75,68.23,67.61,66.68,65.54,64.39,63.60,63.21,63.19,64.13,64.81,64.92,64.25,62.87,61.42,60.23,59.52,59.51,59.39,59.16,58.98,59.07,59.24,59.38,59.61,59.93,60.07,60.25,60.48,60.75,60.98,60.93,60.31,59.58,59.18,58.76,57.99,57.13,56.33,55.60,54.59,53.55,52.61,51.82,51.16,50.74,50.40,50.05,49.82,49.71,49.65,49.59,49.52,49.44,49.36,49.29,49.21,49.13,49.06,48.96,48.84,48.72,48.49,48.20,47.89,47.69,47.73,47.78,47.84,47.92,48.00,48.11,48.22,48.29,48.36,48.45,48.37,48.30,48.45,48.61,48.74,48.88,49.03,49.18,49.48,49.94,50.56,51.39,52.23,53.10,53.98,54.65,54.43,53.69,52.91,52.25,51.67,51.17,50.76,50.44,50.22,50.03,49.84,49.70,49.63,49.55,49.54,49.57,49.60,49.61,49.65,49.66,49.62,49.47,49.25,48.87,48.19,47.16,45.89,44.63,43.41,42.29,41.34,40.45,40.04,39.87,39.80,39.80,39.73,39.70,39.69,39.64,39.63,39.63,39.63,39.63,39.63,39.61,39.58,39.54,39.53,39.47,39.46,39.49,39.53,39.53,39.53,39.52,39.48,39.48,39.52,39.58,39.67,39.84,40.10,40.55,41.08,41.63,42.22,42.80,43.41,44.05,44.66,45.32,45.95,46.58,47.23,47.89,48.54,49.20,50.18,52.48,55.71,57.57,57.61,56.42,54.75,53.50,52.49,51.32,50.12,49.19,48.69,48.40,47.42,46.00,45.15,44.94,45.16,45.72,46.41,47.28,49.84,58.04,60.04,60.06,60.07,60.09,60.10,60.15,60.20,60.20,60.20,60.20,60.20,60.20,60.20,60.20,60.20,60.19,60.14,60.13,60.13,60.13,60.13,60.13,60.13
59.56,60.87,62.99,65.67,68.22,69.55,70.03,70.11,70.19,70.31,70.43,70.50,70.58,70.66,70.69,70.69,70.69,70.69,70.59,70.48,70.40,70.31,70.24,70.16,70.09,70.01,69.89,69.00,67.67,66.37,65.53,66.07,67.06,68.08,69.03,69.35,69.29,69.03,68.64,68.13,67.63,66.88,65.75,64.59,63.44,62.36,61.54,61.42,62.31,63.43,64.25,64.20,62.61,60.88,59.68,59.13,58.96,58.77,58.56,58.42,58.51,58.70,58.82,58.91,59.01,59.10,59.28,59.52,59.77,60.05,60.12,59.73,59.13,58.60,58.13,57.46,56.92,56.73,56.84,56.02,55.09,54.34,53.73,52.97,52.19,51.41,50.66,50.18,49.98,49.89,49.83,49.72,49.63,49.56,49.48,49.40,49.32,49.25,49.17,49.07,48.91,48.62,48.22,47.79,47.47,47.46,47.50,47.53,47.61,47.68,47.76,47.84,47.92,48.00,48.07,48.05,48.05,48.20,48.35,48.45,48.57,48.74,48.98,49.34,49.77,50.32,51.10,51.93,52.82,53.68,54.32,54.42,53.88,53.25,52.70,52.19,51.77,51.42,51.14,50.91,50.68,50.45,50.28,50.20,50.12,50.10,50.09,50.08,50.08,50.09,50.08,50.04,49.94,49.72,49.20,48.29,47.07,45.81,44.52,43.25,42.09,41.09,40.18,39.92,39.87,39.80,39.80,39.73,39.70,39.70,39.70,39.70,39.70,39.70,39.70,39.69,39.64,39.61,39.60,39.59,39.54,39.55,39.60,39.60,39.61,39.61,39.60,39.60,39.60,39.60,39.65,39.74,39.93,40.34,40.84,41.39,41.92,42.46,43.01,43.55,44.09,44.59,45.19,45.81,46.46,47.14,47.76,48.41,49.06,50.07,52.70,56.25,58.48,59.13,58.86,57.11,55.21,53.25,51.03,48.90,47.39,46.63,46.38,45.81,45.10,44.53,44.22,44.35,44.90,45.68,46.89,49.95,58.07,60.00,60.01,60.03,60.09,60.10,60.15,60.20,60.20,60.20,60.21,60.21,60.20,60.20,60.20,60.20,60.20,60.19,60.19,60.19,60.19,60.19,60.19,60.19
59.59,61.02,62.92,65.26,67.63,69.24,70.03,70.11,70.18,70.28,70.38,70.45,70.53,70.61,70.64,70.64,70.64,70.64,70.60,70.53,70.45,70.32,70.24,70.19,70.14,70.07,69.99,69.48,68.44,66.87,65.42,65.21,65.83,66.93,67.96,68.45,68.43,68.14,67.79,67.41,66.83,65.96,64.80,63.64,62.52,61.43,60.53,60.33,61.27,62.66,63.74,63.72,62.12,60.56,59.53,59.05,58.68,58.29,57.98,57.86,57.98,58.07,58.11,58.14,58.17,58.25,58.41,58.62,58.86,59.14,59.08,58.74,58.21,57.59,57.07,56.31,55.57,55.18,55.51,55.52,55.22,54.84,54.63,54.48,53.92,53.12,52.25,51.53,51.00,50.62,50.31,50.00,49.84,49.75,49.67,49.59,49.51,49.44,49.36,49.26,49.05,48.63,48.14,47.65,47.26,47.18,47.21,47.27,47.34,47.37,47.44,47.52,47.59,47.67,47.75,47.76,47.79,47.94,48.05,48.17,48.31,48.50,48.83,49.24,49.66,50.16,50.90,51.73,52.56,53.30,53.83,54.16,54.03,53.64,53.18,52.78,52.40,52.09,51.83,51.60,51.32,51.08,50.89,50.76,50.64,50.58,50.50,50.42,50.42,50.38,50.33,50.26,50.17,49.99,49.40,48.38,47.04,45.71,44.39,43.12,41.91,40.82,40.09,39.90,39.87,39.80,39.80,39.73,39.70,39.70,39.70,39.70,39.70,39.70,39.70,39.70,39.68,39.66,39.65,39.61,39.62,39.65,39.66,39.66,39.66,39.66,39.69,39.73,39.73,39.73,39.75,39.81,40.05,40.52,41.05,41.59,42.12,42.62,43.14,43.66,44.16,44.68,45.32,45.99,46.66,47.34,47.88,48.41,48.97,50.03,53.15,57.27,59.62,59.90,59.05,55.70,52.80,50.77,49.26,47.48,46.42,45.91,45.69,45.20,44.56,43.95,43.53,43.55,44.08,44.92,46.56,50.28,58.14,60.00,60.03,60.07,60.10,60.10,60.15,60.20,60.20,60.20,60.24,60.24,60.20,60.20,60.16,60.16,60.20,60.20,60.20,60.20,60.20,60.20,60.20,60.20
60.04,61.58,63.35,65.40,67.49,69.12,70.03,70.11,70.18,70.26,70.34,70.41,70.49,70.55,70.58,70.58,70.58,70.58,70.58,70.55,70.48,70.35,70.27,70.22,70.18,70.11,70.03,69.81,69.05,67.33,65.48,64.58,64.77,65.83,66.84,67.46,67.50,67.19,66.86,66.50,65.97,65.21,64.17,63.03,61.93,60.85,59.94,59.69,60.67,62.18,63.32,63.20,61.72,60.36,59.46,58.99,58.50,57.99,57.59,57.36,57.37,57.37,57.37,57.37,57.38,57.45,57.55,57.73,57.95,58.09,57.88,57.54,57.06,56.43,55.88,55.03,54.13,53.50,53.71,54.09,54.15,54.01,54.08,54.36,54.21,53.77,53.19,52.62,52.14,51.69,51.23,50.74,50.44,50.21,50.02,49.85,49.74,49.66,49.56,49.40,49.08,48.58,48.04,47.51,47.07,46.92,46.94,47.02,47.08,47.09,47.15,47.23,47.30,47.36,47.43,47.47,47.53,47.66,47.76,47.90,48.08,48.31,48.71,49.15,49.56,50.02,50.70,51.48,52.21,52.83,53.31,53.75,53.87,53.71,53.41,53.20,52.91,52.67,52.46,52.23,51.94,51.70,51.50,51.33,51.16,51.04,50.91,50.78,50.73,50.62,50.51,50.38,50.26,50.09,49.47,48.38,46.98,45.61,44.29,43.01,41.76,40.60,40.03,39.90,39.87,39.80,39.80,39.73,39.70,39.70,39.70,39.72,39.73,39.73,39.73,39.73,39.73,39.72,39.69,39.64,39.70,39.73,39.73,39.73,39.73,39.74,39.78,39.82,39.83,39.83,39.84,39.92,40.20,40.67,41.21,41.74,42.25,42.72,43.24,43.75,44.23,44.80,45.47,46.17,46.86,47.54,48.11,48.64,49.47,51.17,54.67,58.45,60.27,59.69,57.05,53.27,50.55,48.94,48.01,46.71,46.03,45.71,45.50,45.05,44.40,43.73,43.21,43.15,43.63,44.91,47.68,52.51,58.60,60.00,60.04,60.10,60.10,60.10,60.15,60.20,60.20,60.20,60.26,60.27,60.23,60.22,60.16,60.16,60.20,60.18,60.17,60.19,60.20,60.20,60.20,60.20
60.77,62.19,63.89,65.84,67.78,69.23,70.03,70.10,70.18,70.26,70.34,70.41,70.48,70.50,70.50,70.50,70.50,70.50,70.50,70.50,70.48,70.40,70.32,70.25,70.18,70.11,70.03,69.97,69.36,67.66,65.59,64.16,63.92,64.82,65.75,66.45,66.54,66.21,65.83,65.38,65.09,64.69,63.94,62.83,61.75,60.66,59.75,59.51,60.50,61.94,62.96,62.75,61.46,60.24,59.40,58.92,58.40,57.91,57.41,56.96,56.67,56.62,56.61,56.61,56.62,56.69,56.72,56.84,56.98,56.85,56.52,56.13,55.69,55.13,54.60,53.74,52.82,52.09,51.87,51.92,51.89,51.82,51.96,52.24,52.60,52.88,53.01,53.06,53.11,52.94,52.52,51.95,51.47,51.00,50.56,50.20,50.01,49.91,49.76,49.47,48.98,48.45,47.91,47.37,46.88,46.68,46.69,46.77,46.83,46.84,46.89,46.98,47.04,47.05,47.12,47.19,47.27,47.36,47.50,47.65,47.87,48.19,48.63,49.04,49.42,49.88,50.49,51.14,51.73,52.28,52.79,53.18,53.32,53.33,53.29,53.30,53.22,53.08,52.91,52.73,52.45,52.25,52.06,51.84,51.63,51.47,51.31,51.16,51.02,50.82,50.62,50.41,50.20,50.02,49.38,48.27,46.85,45.53,44.21,42.91,41.60,40.44,39.99,39.90,39.87,39.80,39.80,39.74,39.71,39.71,39.71,39.77,39.79,39.79,39.80,39.80,39.79,39.75,39.70,39.70,39.76,39.80,39.80,39.80,39.80,39.84,39.89,39.90,39.91,39.91,39.95,40.07,40.38,40.82,41.34,41.85,42.32,42.79,43.31,43.81,44.31,44.92,45.60,46.30,46.99,47.69,48.41,49.10,50.64,53.63,57.35,59.64,60.15,58.23,52.85,50.43,49.33,48.57,47.72,46.82,46.25,45.93,45.73,45.35,44.73,44.04,43.48,43.41,43.87,46.09,50.70,56.92,59.50,60.00,60.04,60.10,60.10,60.10,60.15,60.20,60.20,60.20,60.26,60.30,60.29,60.29,60.22,60.20,60.18,60.13,60.11,60.16,60.20,60.20,60.20,60.20
61.52,62.82,64.36,66.25,67.90,69.18,69.95,70.09,70.18,70.26,70.34,70.40,70.44,70.44,70.44,70.44,70.44,70.44,70.41,70.39,70.38,70.35,70.31,70.26,70.18,70.11,70.03,70.00,69.44,67.76,65.62,63.74,63.20,64.06,64.92,65.55,65.52,65.10,64.71,64.25,64.00,63.78,63.37,62.58,61.62,60.56,59.64,59.52,60.59,61.92,62.67,62.20,61.07,60.12,59.42,58.92,58.41,57.87,57.33,56.80,56.32,56.03,55.95,55.95,55.96,55.99,55.99,55.99,55.86,55.42,54.99,54.53,54.05,53.58,53.23,52.65,51.84,50.99,50.59,50.47,50.43,50.45,50.56,50.74,50.99,51.24,51.45,51.80,51.97,51.95,51.80,51.57,51.39,51.21,50.99,50.72,50.37,50.12,49.81,49.35,48.81,48.27,47.73,47.19,46.69,46.44,46.44,46.51,46.58,46.58,46.64,46.72,46.78,46.79,46.85,46.93,47.01,47.09,47.24,47.42,47.69,48.06,48.47,48.83,49.20,49.61,50.11,50.67,51.23,51.77,52.25,52.50,52.61,52.67,52.70,52.74,52.71,52.61,52.48,52.38,52.18,52.04,51.89,51.70,51.51,51.31,51.17,51.04,50.88,50.70,50.54,50.38,50.16,49.80,48.95,47.80,46.48,45.24,43.95,42.66,41.38,40.26,39.95,39.90,39.87,39.80,39.80,39.77,39.76,39.76,39.76,39.79,39.80,39.81,39.85,39.86,39.82,39.78,39.76,39.80,39.84,39.86,39.86,39.86,39.90,39.97,40.03,40.07,40.11,40.19,40.29,40.44,40.67,40.99,41.44,41.92,42.39,42.89,43.39,43.90,44.42,45.05,45.73,46.42,47.11,47.82,48.54,49.25,50.95,54.17,57.66,59.62,58.50,54.82,50.76,49.37,48.85,48.40,47.74,47.21,46.84,46.59,46.45,46.38,46.08,45.80,45.61,45.69,46.96,50.55,55.06,58.91,59.85,60.00,60.04,60.10,60.10,60.10,60.15,60.20,60.20,60.20,60.26,60.30,60.30,60.30,60.27,60.23,60.19,60.16,60.11,60.12,60.14,60.14,60.14,60.14
62.23,63.41,64.73,66.40,67.72,68.84,69.67,70.05,70.17,70.24,70.32,70.38,70.39,70.39,70.39,70.38,70.37,70.36,70.32,70.28,70.28,70.28,70.28,70.25,70.18,70.11,70.03,70.00,69.44,67.75,65.56,63.33,62.53,63.31,64.12,64.64,64.50,63.98,63.55,63.11,62.88,62.76,62.61,62.14,61.34,60.27,59.36,59.61,60.72,61.89,62.41,61.75,60.77,60.04,59.45,58.92,58.43,57.84,57.27,56.71,56.10,55.60,55.38,55.32,55.32,55.32,55.31,55.20,54.88,54.21,53.57,52.96,52.41,51.97,51.80,51.52,50.94,50.14,49.72,49.50,49.46,49.53,49.59,49.66,49.75,49.83,49.97,50.39,50.55,50.62,50.70,50.79,50.93,51.04,51.09,50.99,50.58,50.23,49.77,49.13,48.56,48.00,47.47,46.92,46.42,46.19,46.18,46.25,46.31,46.33,46.39,46.46,46.51,46.53,46.60,46.67,46.74,46.84,46.98,47.17,47.45,47.83,48.20,48.53,48.89,49.27,49.68,50.18,50.73,51.26,51.69,51.80,51.87,51.93,51.98,51.98,51.98,51.91,51.82,51.78,51.66,51.56,51.46,51.33,51.17,50.98,50.84,50.76,50.61,50.47,50.38,50.29,50.09,49.57,48.55,47.35,46.14,44.96,43.73,42.49,41.25,40.14,39.92,39.90,39.87,39.80,39.80,39.80,39.80,39.80,39.80,39.81,39.81,39.84,39.89,39.90,39.85,39.82,39.85,39.92,39.96,39.98,39.99,40.02,40.10,40.18,40.26,40.34,40.42,40.55,40.70,40.85,41.02,41.23,41.58,42.00,42.48,43.00,43.48,43.99,44.54,45.17,45.85,46.55,47.24,47.94,48.63,49.31,50.91,53.86,56.84,58.22,55.97,51.59,49.51,48.78,48.44,48.12,47.74,47.57,47.41,47.32,47.39,47.82,48.10,48.38,48.67,49.10,51.09,55.21,58.70,59.90,60.00,60.01,60.05,60.10,60.10,60.10,60.15,60.20,60.20,60.20,60.26,60.30,60.30,60.30,60.31,60.28,60.21,60.20,60.14,60.11,60.10,60.10,60.10,60.10
62.77,63.90,64.93,65.92,66.91,67.89,68.92,69.92,70.10,70.17,70.26,70.31,70.31,70.31,70.31,70.30,70.25,70.24,70.22,70.22,70.22,70.22,70.22,70.21,70.18,70.11,70.03,70.00,69.39,67.56,65.31,62.93,61.90,62.49,63.24,63.71,63.49,62.87,62.37,61.95,61.77,61.68,61.57,61.28,60.64,59.48,58.60,59.78,60.78,61.70,62.12,61.58,60.78,60.07,59.45,58.91,58.38,57.78,57.20,56.64,56.03,55.44,54.95,54.69,54.69,54.68,54.64,54.55,54.32,53.64,52.52,51.57,50.87,50.41,50.27,50.14,49.98,49.77,49.49,49.27,49.18,49.20,49.22,49.29,49.36,49.45,49.53,49.69,49.78,49.86,49.94,50.03,50.16,50.31,50.44,50.52,50.38,50.11,49.58,48.79,48.13,47.56,47.02,46.48,46.00,45.88,45.92,45.98,46.00,46.06,46.13,46.18,46.21,46.27,46.34,46.38,46.44,46.58,46.73,46.81,47.00,47.37,47.70,48.06,48.45,48.83,49.23,49.69,50.25,50.77,51.07,51.17,51.20,51.21,51.22,51.22,51.22,51.20,51.16,51.10,51.01,50.93,50.87,50.82,50.67,50.56,50.46,50.39,50.30,50.21,50.17,50.12,49.96,49.44,48.38,47.18,46.00,44.80,43.76,42.62,41.34,40.15,39.92,39.90,39.87,39.80,39.80,39.80,39.80,39.80,39.81,39.86,39.88,39.89,39.90,39.90,39.89,39.91,39.98,40.06,40.18,40.27,40.33,40.40,40.53,40.63,40.70,40.78,40.86,41.00,41.12,41.24,41.45,41.63,41.83,42.13,42.59,43.07,43.59,44.09,44.61,45.29,45.98,46.67,47.37,48.07,48.76,49.37,50.57,52.67,54.67,54.16,52.25,50.07,49.00,48.23,47.72,47.45,47.49,47.63,47.73,47.96,48.56,49.83,51.14,52.07,52.85,54.04,55.97,58.20,59.71,59.98,60.00,60.05,60.09,60.10,60.10,60.10,60.15,60.20,60.20,60.20,60.26,60.30,60.30,60.30,60.35,60.33,60.26,60.20,60.19,60.14,60.10,60.10,60.10,60.10
62.29,63.27,64.13,64.92,65.79,66.50,67.23,68.23,69.69,70.11,70.20,70.25,70.25,70.25,70.23,70.20,70.16,70.16,70.16,70.16,70.16,70.16,70.16,70.16,70.13,70.06,70.02,69.75,68.81,66.75,64.38,62.26,61.36,61.78,62.41,62.80,62.52,61.85,61.26,60.78,60.67,60.68,60.61,60.29,59.64,58.72,58.28,59.85,60.74,61.49,61.83,61.37,60.75,60.08,59.45,58.90,58.32,57.71,57.14,56.58,55.97,55.38,54.80,54.34,54.10,54.02,53.95,53.87,53.72,53.27,52.16,51.03,50.17,49.75,49.57,49.47,49.44,49.41,49.28,49.06,48.91,48.84,48.88,48.95,49.03,49.11,49.17,49.22,49.27,49.34,49.45,49.53,49.64,49.78,49.93,50.03,50.07,49.90,49.37,48.52,47.79,47.15,46.58,46.07,45.68,45.62,45.67,45.72,45.73,45.80,45.88,45.92,45.94,46.02,46.09,46.12,46.17,46.32,46.45,46.50,46.63,46.90,47.24,47.62,48.00,48.39,48.78,49.20,49.69,50.13,50.39,50.49,50.50,50.50,50.50,50.50,50.50,50.50,50.49,50.45,50.37,50.32,50.28,50.24,50.15,50.08,50.00,49.93,49.88,49.81,49.77,49.69,49.49,49.07,48.16,47.03,45.84,44.69,43.72,42.69,41.53,40.38,39.98,39.90,39.88,39.85,39.84,39.81,39.80,39.81,39.84,39.89,39.90,39.96,40.13,40.27,40.30,40.30,40.33,40.41,40.55,40.66,40.74,40.82,40.93,41.05,41.15,41.22,41.30,41.41,41.53,41.66,41.85,42.02,42.17,42.40,42.76,43.16,43.66,44.20,44.76,45.42,46.11,46.78,47.44,48.09,48.73,49.30,50.28,51.95,53.71,52.69,50.93,49.41,48.51,47.68,47.08,46.86,47.16,47.49,47.92,48.76,50.35,53.03,55.16,56.22,56.74,57.55,58.61,59.54,60.05,60.05,60.05,60.08,60.10,60.10,60.10,60.13,60.17,60.20,60.21,60.24,60.28,60.30,60.30,60.30,60.37,60.37,60.33,60.25,60.24,60.19,60.15,60.14,60.11,60.10
61.23,62.17,62.94,63.72,64.53,64.88,64.99,65.60,68.39,69.60,70.01,70.17,70.19,70.19,70.15,70.09,70.09,70.09,70.09,70.09,70.09,70.09,70.09,70.09,70.06,69.93,69.83,69.14,67.69,65.44,63.08,61.46,60.84,61.13,61.63,61.90,61.59,60.90,60.20,59.61,59.46,59.50,59.46,59.05,58.45,57.98,58.17,59.87,60.67,61.25,61.49,61.14,60.68,60.05,59.43,58.88,58.27,57.65,57.08,56.52,55.91,55.35,54.76,54.15,53.63,53.41,53.27,53.18,53.10,52.92,52.09,50.91,49.93,49.55,49.28,49.13,49.06,49.05,49.02,48.85,48.63,48.49,48.56,48.63,48.71,48.79,48.84,48.85,48.86,48.94,49.05,49.13,49.22,49.35,49.47,49.57,49.72,49.65,49.15,48.27,47.48,46.77,46.15,45.66,45.41,45.36,45.41,45.46,45.48,45.55,45.62,45.66,45.69,45.76,45.84,45.86,45.92,46.06,46.14,46.22,46.29,46.42,46.78,47.16,47.55,47.93,48.31,48.69,49.07,49.45,49.77,49.86,49.87,49.87,49.87,49.87,49.86,49.85,49.84,49.84,49.77,49.74,49.70,49.64,49.62,49.55,49.47,49.41,49.39,49.33,49.25,49.12,48.88,48.58,47.88,46.88,45.68,44.60,43.65,42.72,41.73,40.66,40.05,39.90,39.90,39.90,39.89,39.84,39.81,39.83,39.88,39.90,39.90,40.07,40.50,40.82,40.90,40.88,40.83,40.89,41.01,41.10,41.18,41.26,41.34,41.47,41.59,41.67,41.74,41.82,41.94,42.09,42.25,42.41,42.56,42.74,42.98,43.28,43.74,44.31,44.92,45.54,46.20,46.85,47.46,48.07,48.63,49.17,50.02,51.44,53.30,52.32,50.62,49.13,48.06,47.15,46.50,46.30,46.75,47.23,47.97,49.46,52.17,56.35,58.89,59.78,59.83,59.94,60.02,60.09,60.12,60.12,60.11,60.11,60.11,60.11,60.12,60.17,60.20,60.20,60.22,60.28,60.30,60.30,60.30,60.31,60.37,60.40,60.38,60.31,60.30,60.25,60.20,60.19,60.13,60.10
59.53,61.03,61.78,62.50,63.24,63.00,62.18,61.84,64.17,67.27,69.36,70.04,70.12,70.13,70.08,70.03,70.03,70.03,70.03,70.03,70.03,70.03,70.03,70.03,69.93,69.51,68.98,67.48,65.37,63.18,61.51,60.60,60.31,60.54,60.94,61.07,60.76,60.09,59.24,58.46,57.84,57.49,57.41,57.08,56.96,57.30,58.25,59.88,60.63,60.94,61.03,60.92,60.50,59.94,59.38,58.82,58.21,57.59,57.02,56.45,55.84,55.29,54.70,54.08,53.49,53.05,52.73,52.54,52.47,52.36,52.00,51.08,50.12,49.64,49.28,48.93,48.72,48.66,48.60,48.55,48.38,48.22,48.25,48.32,48.40,48.45,48.47,48.48,48.52,48.56,48.62,48.70,48.82,48.93,49.04,49.19,49.39,49.37,48.92,48.06,47.24,46.47,45.77,45.26,45.14,45.11,45.13,45.16,45.22,45.30,45.33,45.37,45.43,45.51,45.59,45.61,45.67,45.80,45.83,45.90,45.95,46.02,46.29,46.66,47.04,47.43,47.80,48.09,48.41,48.88,49.45,49.48,49.48,49.48,49.48,49.47,49.42,49.36,49.33,49.31,49.25,49.23,49.20,49.12,49.06,48.95,48.84,48.77,48.72,48.69,48.59,48.45,48.26,48.01,47.55,46.71,45.55,44.48,43.52,42.63,41.72,40.77,40.08,39.90,39.90,39.90,39.90,39.88,39.88,39.88,39.90,39.90,39.90,40.22,41.03,41.49,41.63,41.62,41.55,41.52,41.50,41.55,41.62,41.70,41.78,41.91,42.03,42.11,42.19,42.27,42.35,42.48,42.68,42.85,43.00,43.16,43.34,43.55,43.88,44.39,45.04,45.61,46.19,46.79,47.40,47.95,48.50,49.08,49.83,51.06,53.10,52.10,50.39,48.91,47.73,46.69,46.02,45.82,46.22,46.83,47.62,49.52,53.12,58.17,59.91,60.26,60.22,60.24,60.24,60.24,60.24,60.23,60.19,60.17,60.17,60.17,60.17,60.19,60.20,60.22,60.27,60.30,60.30,60.30,60.31,60.36,60.39,60.40,60.39,60.37,60.31,60.29,60.25,60.20,60.17,60.13
55.88,57.90,59.67,61.15,61.87,61.32,60.13,59.34,60.85,64.19,67.28,69.23,69.94,70.06,69.86,69.26,68.24,68.24,68.61,69.03,69.30,69.25,69.19,69.03,68.70,68.09,67.35,65.51,63.20,61.27,60.18,59.77,59.72,59.91,60.21,60.21,59.91,59.36,58.58,57.74,56.90,56.24,55.92,55.83,56.24,57.11,58.35,59.73,60.35,60.52,60.53,60.50,60.23,59.75,59.22,58.70,58.13,57.52,56.95,56.39,55.78,55.23,54.64,54.03,53.44,52.87,52.41,52.07,51.86,51.75,51.61,50.95,50.17,49.69,49.30,48.88,48.54,48.35,48.24,48.20,48.09,47.95,47.94,48.00,48.06,48.09,48.09,48.09,48.16,48.20,48.21,48.29,48.41,48.52,48.64,48.80,49.03,49.09,48.70,47.83,46.98,46.15,45.46,45.02,44.97,44.97,44.97,44.98,45.03,45.08,45.09,45.12,45.18,45.26,45.33,45.36,45.40,45.52,45.55,45.60,45.63,45.66,45.84,46.16,46.54,46.90,47.20,47.44,47.83,48.46,49.19,49.27,49.27,49.25,49.23,49.22,49.16,49.08,49.03,49.02,48.98,48.95,48.91,48.86,48.81,48.74,48.68,48.63,48.57,48.47,48.23,47.91,47.60,47.36,47.08,46.42,45.39,44.34,43.42,42.60,41.83,41.09,40.43,40.09,39.95,39.90,39.90,39.90,39.90,39.90,39.90,39.90,39.90,40.30,41.33,42.13,42.40,42.41,42.34,42.27,42.19,42.17,42.19,42.22,42.24,42.34,42.45,42.55,42.63,42.71,42.79,42.89,43.10,43.25,43.41,43.58,43.75,43.91,44.14,44.51,45.03,45.57,46.13,46.72,47.29,47.83,48.40,48.98,49.64,50.66,52.72,51.58,49.94,48.68,47.51,46.38,45.65,45.37,45.68,46.38,47.20,49.31,53.36,58.90,60.27,60.37,60.34,60.34,60.34,60.34,60.34,60.33,60.28,60.27,60.27,60.27,60.27,60.27,60.27,60.29,60.33,60.34,60.34,60.34,60.35,60.39,60.40,60.40,60.40,60.39,60.32,60.30,60.28,60.23,60.21,60.16
51.15,53.42,56.63,59.32,60.16,59.69,58.68,57.90,58.58,60.83,64.16,67.66,69.34,69.63,69.03,67.47,65.02,65.03,65.99,67.05,67.76,67.64,67.50,67.13,66.54,65.88,65.13,63.40,61.34,59.84,59.14,59.01,59.08,59.25,59.46,59.33,59.05,58.67,58.13,57.35,56.51,55.66,55.01,55.23,56.13,57.24,58.39,59.42,59.86,59.98,59.95,59.91,59.89,59.48,58.97,58.50,58.00,57.42,56.87,56.32,55.72,55.17,54.57,53.98,53.42,52.83,52.28,51.76,51.34,51.16,50.98,50.55,50.04,49.66,49.28,48.89,48.49,48.12,47.95,47.86,47.77,47.69,47.62,47.68,47.70,47.70,47.71,47.71,47.78,47.80,47.83,47.91,47.99,48.11,48.25,48.42,48.65,48.82,48.50,47.59,46.73,45.83,45.21,44.91,44.91,44.91,44.90,44.90,44.90,44.91,44.91,44.92,44.95,45.01,45.09,45.12,45.14,45.23,45.29,45.31,45.32,45.33,45.42,45.68,46.01,46.33,46.52,46.76,47.35,48.16,48.95,49.18,49.24,49.22,49.17,49.16,49.10,49.02,48.97,48.97,48.96,48.92,48.88,48.87,48.87,48.91,48.94,48.93,48.90,48.64,48.16,47.57,47.05,46.77,46.55,46.05,45.21,44.25,43.38,42.66,42.06,41.55,40.99,40.43,40.04,39.91,39.91,39.90,39.90,39.90,39.90,39.90,39.93,40.36,41.46,42.71,43.17,43.23,43.16,43.08,43.00,42.94,42.87,42.81,42.74,42.78,42.87,42.99,43.08,43.15,43.23,43.33,43.49,43.64,43.80,43.98,44.19,44.34,44.51,44.70,44.97,45.48,46.06,46.63,47.17,47.72,48.32,48.88,49.44,50.31,52.22,50.86,49.34,48.47,47.40,46.25,45.39,44.96,45.16,45.92,46.77,48.93,53.10,58.82,60.24,60.39,60.39,60.39,60.39,60.39,60.40,60.40,60.39,60.39,60.38,60.38,60.38,60.38,60.38,60.38,60.39,60.39,60.39,60.39,60.39,60.39,60.39,60.39,60.39,60.39,60.32,60.30,60.30,60.28,60.22,60.19
49.57,50.70,52.63,55.04,56.62,57.11,56.80,56.23,57.20,58.92,61.50,64.56,66.57,66.72,65.02,62.73,61.52,61.71,62.63,63.68,64.45,64.47,64.42,64.27,64.02,63.62,62.91,61.54,60.09,59.19,58.65,58.41,58.39,58.55,58.71,58.55,58.25,57.89,57.49,56.91,56.13,55.25,54.56,54.85,55.84,56.97,58.02,58.81,59.12,59.17,59.15,59.25,59.47,59.12,58.59,58.08,57.57,57.09,56.63,56.16,55.64,55.10,54.51,53.92,53.38,52.80,52.22,51.66,51.16,50.76,50.41,50.06,49.73,49.44,49.15,48.82,48.47,48.11,47.77,47.60,47.51,47.42,47.31,47.32,47.32,47.32,47.34,47.38,47.41,47.42,47.45,47.53,47.60,47.70,47.83,48.04,48.27,48.55,48.32,47.44,46.54,45.66,45.11,44.90,44.89,44.85,44.81,44.78,44.78,44.78,44.82,44.84,44.84,44.88,44.91,44.91,44.94,45.01,45.05,45.05,45.05,45.06,45.09,45.19,45.38,45.60,45.79,46.21,46.98,47.89,48.69,49.16,49.45,49.55,49.53,49.52,49.46,49.42,49.40,49.40,49.40,49.37,49.36,49.36,49.36,49.42,49.48,49.52,49.48,49.13,48.55,47.91,47.31,46.83,46.38,45.80,45.07,44.36,43.65,43.00,42.40,41.83,41.25,40.67,40.22,39.98,39.96,39.92,39.90,39.90,39.90,39.90,40.18,40.82,41.83,42.96,43.71,44.00,43.93,43.85,43.77,43.70,43.62,43.54,43.46,43.43,43.42,43.45,43.52,43.60,43.67,43.77,43.92,44.08,44.23,44.40,44.58,44.73,44.89,45.07,45.29,45.60,46.04,46.56,47.10,47.64,48.21,48.76,49.32,50.19,52.03,50.43,48.95,48.39,47.55,46.37,45.29,44.65,44.76,45.53,46.45,48.72,52.95,58.45,60.03,60.33,60.40,60.40,60.40,60.44,60.46,60.46,60.46,60.42,60.40,60.39,60.34,60.34,60.34,60.34,60.34,60.34,60.34,60.34,60.34,60.34,60.34,60.34,60.34,60.33,60.31,60.30,60.30,60.29,60.22,60.20
48.80,49.02,49.72,51.44,53.20,54.38,54.85,54.93,56.26,57.73,59.54,61.64,63.31,63.27,61.32,59.18,59.12,59.45,60.16,60.95,61.56,61.66,61.67,61.70,61.72,61.55,61.05,60.15,59.26,58.73,58.24,57.86,57.73,57.85,57.98,57.80,57.48,57.10,56.76,56.33,55.68,54.88,54.21,54.53,55.51,56.58,57.50,58.13,58.32,58.36,58.45,58.69,59.05,58.74,58.20,57.66,57.13,56.67,56.27,55.85,55.39,54.90,54.35,53.80,53.30,52.77,52.19,51.61,51.05,50.52,50.04,49.70,49.44,49.19,48.98,48.69,48.38,48.05,47.64,47.41,47.27,47.16,47.02,46.98,46.98,46.97,46.97,47.03,47.05,47.05,47.06,47.12,47.20,47.29,47.42,47.66,47.91,48.26,48.12,47.30,46.41,45.61,45.12,44.92,44.89,44.84,44.78,44.74,44.73,44.70,44.75,44.77,44.75,44.75,44.77,44.77,44.80,44.86,44.88,44.88,44.88,44.88,44.88,44.88,44.94,45.06,45.25,45.82,46.70,47.65,48.50,49.22,49.71,49.92,49.93,49.94,49.90,49.85,49.82,49.80,49.78,49.77,49.77,49.77,49.78,49.82,49.88,49.92,49.88,49.48,48.86,48.17,47.50,46.84,46.19,45.54,44.93,44.42,43.87,43.30,42.71,42.09,41.47,40.90,40.39,40.05,40.00,39.95,39.92,39.92,39.93,39.98,40.51,41.34,42.28,43.27,44.23,44.73,44.73,44.66,44.58,44.51,44.43,44.35,44.27,44.20,44.11,44.02,43.98,44.04,44.12,44.21,44.35,44.49,44.66,44.80,44.96,45.11,45.27,45.45,45.66,45.85,46.16,46.58,47.05,47.58,48.12,48.66,49.23,50.12,51.93,50.28,48.86,48.48,47.82,46.65,45.39,44.52,44.49,45.23,46.21,48.67,53.10,58.31,59.91,60.27,60.35,60.35,60.37,60.41,60.46,60.47,60.48,60.43,60.41,60.41,60.36,60.35,60.35,60.34,60.33,60.33,60.31,60.30,60.30,60.30,60.28,60.27,60.27,60.27,60.27,60.27,60.27,60.27,60.21,60.20
48.42,48.47,48.76,49.59,50.57,51.73,52.96,54.24,55.75,57.22,58.50,59.47,60.00,59.78,59.00,58.31,58.46,58.87,59.29,59.64,59.85,59.88,59.88,59.89,59.89,59.86,59.77,59.40,58.88,58.34,57.81,57.34,57.12,57.16,57.28,57.06,56.71,56.33,55.95,55.56,55.12,54.51,53.88,54.21,55.14,56.09,56.86,57.42,57.49,57.64,57.93,58.29,58.67,58.36,57.82,57.28,56.74,56.22,55.73,55.29,54.89,54.49,54.03,53.57,53.16,52.68,52.15,51.57,50.98,50.45,49.98,49.58,49.24,48.96,48.78,48.50,48.19,47.88,47.55,47.26,47.05,46.90,46.76,46.68,46.66,46.63,46.59,46.65,46.66,46.66,46.67,46.69,46.75,46.87,47.05,47.28,47.58,47.95,47.87,47.19,46.36,45.72,45.27,44.98,44.92,44.90,44.88,44.85,44.78,44.72,44.71,44.68,44.63,44.63,44.68,44.71,44.73,44.81,44.81,44.81,44.81,44.81,44.81,44.81,44.83,44.86,45.02,45.60,46.49,47.45,48.38,49.33,49.97,50.24,50.26,50.31,50.31,50.23,50.11,50.05,49.98,49.96,49.96,49.96,49.96,49.97,49.98,49.98,49.93,49.53,48.90,48.16,47.36,46.60,45.85,45.23,44.76,44.35,43.93,43.48,42.95,42.34,41.73,41.12,40.55,40.11,40.02,39.99,39.98,39.98,40.01,40.19,40.90,41.84,42.78,43.78,44.77,45.42,45.61,45.55,45.47,45.40,45.32,45.24,45.16,45.08,44.97,44.78,44.49,44.48,44.56,44.64,44.73,44.88,45.03,45.19,45.34,45.49,45.65,45.81,45.99,46.21,46.46,46.72,47.05,47.53,48.05,48.59,49.17,50.06,51.89,50.47,49.19,48.81,48.20,47.13,45.74,44.63,44.40,45.06,46.09,48.89,53.71,58.61,59.99,60.21,60.22,60.23,60.29,60.32,60.35,60.41,60.41,60.40,60.43,60.48,60.47,60.48,60.48,60.45,60.39,60.38,60.34,60.30,60.30,60.30,60.25,60.22,60.22,60.22,60.22,60.22,60.22,60.21,60.20,60.20
48.34,48.32,48.44,48.86,49.60,50.77,52.21,53.79,55.38,56.59,57.46,58.01,58.28,58.02,57.66,57.53,57.90,58.35,58.73,58.98,59.09,59.13,59.14,59.14,59.13,59.09,59.09,58.89,58.50,57.96,57.42,56.90,56.56,56.46,56.54,56.30,55.95,55.56,55.17,54.80,54.41,53.93,53.50,53.84,54.64,55.51,56.23,56.62,56.82,57.11,57.47,57.86,58.24,57.99,57.49,56.95,56.41,55.87,55.23,54.65,54.38,54.00,53.56,53.11,52.69,52.26,51.78,51.28,50.79,50.33,49.90,49.53,49.18,48.85,48.61,48.31,48.02,47.74,47.40,47.11,46.86,46.65,46.51,46.42,46.39,46.36,46.30,46.29,46.28,46.28,46.28,46.30,46.36,46.46,46.63,46.91,47.25,47.63,47.67,47.23,46.57,46.03,45.59,45.28,45.17,45.08,45.03,44.96,44.86,44.81,44.74,44.64,44.55,44.55,44.58,44.62,44.67,44.74,44.74,44.74,44.74,44.74,44.74,44.74,44.77,44.82,44.93,45.27,45.77,46.48,47.53,48.92,49.98,50.52,50.60,50.56,50.48,50.36,50.21,50.10,50.02,50.00,50.00,50.00,50.00,50.00,49.98,49.91,49.75,49.23,48.55,47.77,46.93,46.16,45.47,44.95,44.58,44.23,43.85,43.44,42.99,42.49,41.96,41.36,40.76,40.26,40.09,40.05,40.05,40.05,40.10,40.47,41.27,42.25,43.19,44.19,45.20,46.00,46.45,46.43,46.36,46.30,46.25,46.18,46.10,45.94,45.64,45.23,44.93,44.93,45.00,45.07,45.12,45.25,45.42,45.56,45.72,45.88,46.06,46.24,46.40,46.59,46.81,47.05,47.30,47.62,48.03,48.53,49.14,50.10,51.98,50.89,49.68,49.14,48.54,47.55,46.16,44.98,44.66,45.17,46.86,50.09,54.68,58.97,60.00,60.09,60.11,60.15,60.19,60.22,60.27,60.29,60.30,60.33,60.37,60.41,60.44,60.45,60.45,60.45,60.45,60.45,60.45,60.44,60.41,60.40,60.34,60.30,60.30,60.30,60.27,60.26,60.23,60.20,60.20,60.20
48.34,48.30,48.33,48.52,49.17,50.34,51.79,53.41,54.97,55.86,56.40,56.74,57.02,56.79,56.66,56.83,57.35,57.83,58.24,58.52,58.60,58.66,58.67,58.67,58.65,58.59,58.56,58.44,58.12,57.59,57.05,56.50,56.05,55.79,55.79,55.53,55.18,54.81,54.42,54.04,53.67,53.29,53.06,53.42,54.11,54.92,55.62,55.90,56.27,56.66,57.04,57.43,57.81,57.61,57.16,56.62,56.07,55.39,54.62,53.98,53.79,53.47,53.05,52.59,52.14,51.72,51.29,50.88,50.51,50.15,49.79,49.46,49.14,48.77,48.45,48.14,47.86,47.59,47.23,46.97,46.69,46.42,46.26,46.17,46.13,46.10,46.03,45.95,45.93,45.92,45.92,45.92,45.98,46.05,46.22,46.54,46.89,47.26,47.42,47.22,46.80,46.37,45.97,45.64,45.47,45.31,45.20,45.08,44.92,44.89,44.77,44.63,44.51,44.49,44.48,44.53,44.60,44.66,44.67,44.68,44.69,44.69,44.69,44.69,44.72,44.80,44.88,44.95,45.06,45.47,46.49,48.22,49.71,50.59,50.84,50.75,50.62,50.45,50.27,50.12,50.02,50.00,50.00,49.99,49.95,49.90,49.83,49.70,49.44,48.81,48.06,47.27,46.44,45.68,45.11,44.70,44.39,44.08,43.71,43.32,42.93,42.54,42.09,41.55,40.97,40.45,40.17,40.12,40.12,40.12,40.19,40.76,41.66,42.63,43.58,44.58,45.59,46.53,47.22,47.30,47.25,47.22,47.19,47.10,46.98,46.69,46.18,45.56,45.35,45.36,45.45,45.52,45.53,45.65,45.81,45.96,46.12,46.27,46.48,46.67,46.82,46.98,47.19,47.43,47.63,47.81,48.09,48.54,49.18,50.20,52.01,51.29,50.16,49.41,48.83,47.92,46.61,45.45,45.07,45.44,48.01,51.80,56.03,59.36,60.03,60.03,60.05,60.11,60.13,60.18,60.22,60.23,60.23,60.28,60.32,60.35,60.41,60.41,60.42,60.45,60.51,60.50,60.55,60.55,60.50,60.48,60.43,60.39,60.38,60.38,60.32,60.29,60.26,60.20,60.20,60.19
48.34,48.30,48.29,48.34,48.94,50.02,51.41,52.99,54.32,54.90,55.21,55.48,55.76,55.70,55.88,56.31,56.79,57.26,57.71,58.03,58.14,58.17,58.17,58.14,58.09,58.07,58.01,57.96,57.76,57.27,56.73,56.15,55.60,55.19,55.05,54.73,54.39,54.05,53.66,53.33,53.01,52.68,52.50,52.90,53.60,54.39,55.08,55.49,55.89,56.27,56.66,57.05,57.43,57.23,56.78,56.24,55.65,54.41,53.61,53.27,53.06,52.86,52.51,52.09,51.61,51.11,50.74,50.40,50.09,49.82,49.56,49.31,49.01,48.63,48.32,48.01,47.71,47.41,47.09,46.84,46.57,46.28,46.08,45.93,45.84,45.80,45.77,45.70,45.63,45.61,45.59,45.55,45.59,45.67,45.85,46.20,46.42,46.76,46.96,46.92,46.86,46.67,46.35,46.00,45.73,45.57,45.42,45.23,44.98,44.84,44.75,44.65,44.55,44.44,44.42,44.47,44.53,44.54,44.54,44.59,44.63,44.63,44.63,44.63,44.67,44.75,44.81,44.84,44.86,44.99,45.50,47.05,48.78,50.07,50.76,50.90,50.85,50.61,50.33,50.18,50.04,50.00,50.00,49.95,49.72,49.48,49.30,49.15,48.92,48.30,47.55,46.78,46.00,45.29,44.84,44.51,44.20,43.89,43.52,43.13,42.74,42.35,41.95,41.53,41.09,40.66,40.26,40.17,40.17,40.17,40.27,41.06,42.03,43.03,44.02,45.03,46.03,47.02,47.84,48.14,48.19,48.14,48.08,47.97,47.68,47.15,46.48,45.85,45.76,45.77,45.88,46.01,45.97,46.10,46.25,46.41,46.56,46.72,46.88,47.05,47.20,47.36,47.57,47.81,48.02,48.19,48.42,48.79,49.41,50.40,51.72,51.41,50.48,49.55,49.03,48.20,47.05,46.04,45.69,45.97,49.52,54.17,58.25,59.80,60.13,60.16,60.16,60.18,60.24,60.27,60.30,60.36,60.36,60.37,60.41,60.46,60.47,60.48,60.52,60.56,60.57,60.52,60.51,60.51,60.49,60.43,60.41,60.37,60.33,60.32,60.31,60.26,60.21,60.20,60.20,60.15
48.32,48.28,48.25,48.26,48.71,49.66,51.00,52.54,53.48,53.87,54.09,54.35,54.68,54.89,55.27,55.76,56.22,56.69,57.17,57.53,57.66,57.66,57.66,57.62,57.55,57.52,57.48,57.44,57.30,56.93,56.38,55.80,55.23,54.74,54.42,54.10,53.78,53.46,53.11,52.80,52.49,52.19,52.04,52.41,53.12,53.81,54.30,54.54,55.12,55.75,56.28,56.67,57.05,56.85,56.40,55.75,54.69,53.41,52.74,52.54,52.34,52.15,51.87,51.53,51.13,50.62,50.25,49.98,49.75,49.54,49.32,49.10,48.86,48.50,48.19,47.89,47.58,47.27,46.96,46.69,46.41,46.15,45.93,45.73,45.60,45.52,45.49,45.44,45.37,45.34,45.31,45.25,45.24,45.25,45.37,45.68,45.91,46.18,46.37,46.44,46.50,46.50,46.34,46.09,45.86,45.69,45.49,45.25,45.00,44.83,44.74,44.66,44.56,44.42,44.37,44.38,44.43,44.45,44.45,44.49,44.51,44.52,44.55,44.55,44.60,44.67,44.71,44.72,44.74,44.78,45.05,46.17,47.82,49.36,50.44,50.91,50.96,50.70,50.40,50.24,50.09,50.02,49.96,49.81,49.45,49.07,48.80,48.63,48.41,47.80,47.05,46.29,45.58,45.00,44.63,44.32,44.01,43.70,43.33,42.94,42.55,42.17,41.78,41.39,41.01,40.63,40.31,40.21,40.20,40.24,40.49,41.43,42.44,43.42,44.43,45.43,46.44,47.44,48.34,48.90,49.03,49.04,48.95,48.64,48.16,47.49,46.76,46.16,46.15,46.21,46.34,46.48,46.42,46.51,46.66,46.80,46.96,47.11,47.27,47.42,47.58,47.74,47.95,48.19,48.41,48.60,48.83,49.21,49.81,50.66,51.68,51.41,50.54,49.60,49.10,48.42,47.50,46.69,46.53,47.39,51.66,56.30,59.43,60.08,60.23,60.26,60.28,60.29,60.36,60.39,60.40,60.44,60.48,60.49,60.51,60.54,60.54,60.51,60.53,60.55,60.55,60.47,60.45,60.44,60.41,60.37,60.35,60.33,60.30,60.30,60.30,60.27,60.24,60.24,60.24,60.20
48.30,48.26,48.20,48.23,48.48,49.29,50.56,51.97,52.51,52.78,53.05,53.36,53.76,54.24,54.72,55.19,55.65,56.13,56.64,57.02,57.14,57.16,57.15,57.11,57.04,56.97,56.95,56.90,56.80,56.57,56.02,55.46,54.92,54.38,53.87,53.56,53.28,52.98,52.66,52.36,52.05,51.77,51.63,51.93,52.63,53.18,53.39,53.35,54.06,54.98,55.76,56.25,56.67,56.46,55.94,55.06,53.45,52.42,51.95,51.79,51.62,51.41,51.17,50.94,50.66,50.18,49.84,49.60,49.44,49.28,49.06,48.88,48.67,48.37,48.07,47.76,47.45,47.14,46.83,46.52,46.25,46.01,45.78,45.55,45.38,45.25,45.19,45.17,45.10,45.05,45.03,44.96,44.89,44.82,44.85,45.06,45.35,45.56,45.73,45.86,45.96,46.09,46.11,46.01,45.85,45.70,45.46,45.20,44.99,44.83,44.74,44.66,44.56,44.42,44.33,44.30,44.32,44.39,44.39,44.40,44.40,44.41,44.48,44.50,44.54,44.59,44.59,44.60,44.65,44.73,44.90,45.49,46.94,48.56,49.96,50.78,50.96,50.75,50.44,50.28,50.12,50.00,49.84,49.57,49.13,48.68,48.34,48.11,47.91,47.30,46.54,45.81,45.20,44.77,44.44,44.13,43.82,43.51,43.14,42.76,42.37,41.99,41.60,41.22,40.83,40.50,40.33,40.24,40.21,40.30,40.77,41.79,42.80,43.77,44.78,45.79,46.81,47.83,48.81,49.63,49.93,49.97,49.76,49.18,48.51,47.77,47.05,46.50,46.54,46.68,46.83,46.93,46.87,46.92,47.05,47.19,47.34,47.49,47.66,47.80,47.96,48.12,48.34,48.57,48.80,49.04,49.33,49.76,50.31,51.00,51.83,51.43,50.52,49.64,49.16,48.66,48.01,47.47,47.62,49.41,54.13,58.18,60.02,60.27,60.31,60.36,60.41,60.42,60.48,60.50,60.50,60.52,60.57,60.58,60.58,60.58,60.58,60.52,60.50,60.50,60.49,60.43,60.41,60.38,60.33,60.31,60.31,60.31,60.31,60.31,60.31,60.31,60.30,60.30,60.30,60.30
48.30,48.26,48.20,48.21,48.29,49.00,50.04,50.99,51.44,51.71,52.12,52.70,53.20,53.69,54.16,54.62,55.09,55.60,56.10,56.47,56.64,56.65,56.60,56.57,56.53,56.46,56.40,56.33,56.27,56.14,55.68,55.15,54.61,54.05,53.48,53.09,52.80,52.53,52.23,51.96,51.67,51.37,51.20,51.48,52.04,52.42,52.48,52.34,52.61,53.47,54.61,55.65,56.25,56.01,55.13,53.72,52.14,51.46,51.19,51.03,50.86,50.65,50.45,50.27,50.08,49.81,49.55,49.32,49.13,49.02,48.81,48.63,48.44,48.18,47.92,47.63,47.32,47.01,46.70,46.39,46.10,45.83,45.60,45.37,45.15,44.99,44.92,44.87,44.75,44.66,44.61,44.59,44.52,44.44,44.39,44.45,44.68,44.94,45.15,45.31,45.49,45.65,45.73,45.71,45.57,45.46,45.32,45.14,44.93,44.82,44.74,44.66,44.56,44.42,44.33,44.27,44.25,44.33,44.34,44.34,44.34,44.35,44.42,44.48,44.48,44.46,44.47,44.51,44.59,44.68,44.83,45.09,46.38,47.88,49.23,50.34,50.76,50.69,50.44,50.23,50.02,49.75,49.46,49.15,48.75,48.30,47.90,47.61,47.41,46.83,46.07,45.39,44.97,44.58,44.25,43.94,43.63,43.32,42.99,42.63,42.24,41.85,41.47,41.09,40.72,40.43,40.32,40.28,40.27,40.39,40.94,41.91,42.95,43.99,45.05,46.11,47.21,48.29,49.36,50.44,51.23,51.09,50.35,49.54,48.79,48.06,47.40,46.95,47.03,47.18,47.34,47.43,47.36,47.38,47.48,47.62,47.73,47.88,48.03,48.19,48.34,48.50,48.72,48.95,49.18,49.47,50.13,50.49,50.88,51.52,52.22,51.73,50.78,49.87,49.43,49.17,48.83,48.64,49.29,52.20,56.59,59.56,60.29,60.42,60.44,60.48,60.54,60.54,60.56,60.56,60.56,60.57,60.59,60.56,60.54,60.54,60.53,60.51,60.50,60.50,60.49,60.42,60.40,60.39,60.37,60.37,60.37,60.37,60.37,60.37,60.37,60.37,60.37,60.37,60.37,60.37
48.38,48.32,48.26,48.23,48.19,48.73,49.53,50.17,50.51,50.89,51.45,52.13,52.65,53.12,53.59,54.05,54.55,55.09,55.59,55.95,56.09,56.05,55.98,55.93,55.89,55.82,55.77,55.70,55.65,55.60,55.31,54.83,54.28,53.73,53.12,52.64,52.29,52.03,51.75,51.51,51.24,50.96,50.78,51.00,51.42,51.66,51.62,51.39,51.40,51.95,53.01,54.33,54.92,54.70,53.77,52.31,51.05,50.63,50.47,50.33,50.18,49.99,49.84,49.70,49.59,49.46,49.27,49.07,48.88,48.74,48.55,48.36,48.17,47.96,47.73,47.48,47.20,46.89,46.58,46.27,45.96,45.67,45.41,45.18,44.96,44.80,44.73,44.68,44.58,44.50,44.44,44.43,44.38,44.32,44.24,44.19,44.28,44.47,44.69,44.87,45.08,45.24,45.35,45.38,45.28,45.20,45.13,45.03,44.88,44.81,44.74,44.65,44.54,44.42,44.33,44.24,44.19,44.23,44.26,44.27,44.27,44.28,44.36,44.41,44.41,44.37,44.37,44.42,44.50,44.63,44.77,44.90,45.87,47.12,48.41,49.61,50.27,50.37,50.17,49.96,49.71,49.38,49.03,48.68,48.30,47.89,47.50,47.15,46.88,46.34,45.66,45.09,44.77,44.39,44.06,43.75,43.44,43.13,42.83,42.47,42.08,41.70,41.31,40.92,40.62,40.43,40.35,40.34,40.38,40.60,41.32,42.26,43.30,44.38,45.43,46.47,47.55,48.65,49.82,51.25,52.26,51.77,50.50,49.62,48.92,48.29,47.74,47.41,47.53,47.69,47.84,47.93,47.84,47.80,47.90,48.03,48.14,48.29,48.44,48.60,48.75,48.91,49.11,49.33,49.78,50.80,52.20,52.34,52.06,52.12,52.69,52.24,51.38,50.53,50.05,49.84,49.69,49.95,51.34,54.51,58.20,60.32,60.48,60.55,60.56,60.58,60.60,60.60,60.60,60.60,60.60,60.60,60.60,60.56,60.53,60.53,60.53,60.53,60.53,60.53,60.53,60.48,60.47,60.47,60.47,60.47,60.47,60.47,60.47,60.46,60.44,60.44,60.44,60.44,60.44,60.44
48.53,48.45,48.37,48.30,48.16,48.49,49.05,49.55,49.78,50.36,51.02,51.62,52.10,52.57,53.03,53.52,54.05,54.59,55.12,55.46,55.51,55.38,55.28,55.21,55.14,55.07,55.05,54.99,54.94,54.95,54.92,54.51,53.97,53.41,52.80,52.20,51.77,51.48,51.23,51.00,50.77,50.53,50.37,50.51,50.80,50.91,50.80,50.53,50.49,50.57,51.13,52.35,52.72,52.59,51.95,50.94,50.20,49.93,49.81,49.71,49.56,49.46,49.33,49.24,49.21,49.13,48.98,48.82,48.66,48.45,48.27,48.08,47.87,47.70,47.48,47.30,47.06,46.76,46.45,46.15,45.84,45.52,45.23,44.99,44.81,44.69,44.63,44.62,44.60,44.56,44.50,44.49,44.49,44.43,44.36,44.28,44.17,44.20,44.34,44.54,44.71,44.87,44.98,45.04,45.02,44.95,44.92,44.88,44.80,44.79,44.73,44.62,44.49,44.41,44.33,44.21,44.12,44.13,44.19,44.20,44.20,44.22,44.29,44.31,44.31,44.30,44.30,44.31,44.42,44.56,44.71,44.86,45.38,46.31,47.53,48.68,49.54,49.80,49.69,49.50,49.23,48.91,48.57,48.18,47.80,47.47,47.11,46.73,46.34,45.84,45.33,44.90,44.58,44.20,43.87,43.56,43.25,42.94,42.63,42.28,41.89,41.51,41.12,40.75,40.52,40.48,40.41,40.41,40.56,40.98,41.94,42.88,43.90,44.95,45.94,46.89,47.89,48.95,50.25,52.06,53.04,52.08,50.32,49.48,48.95,48.47,48.09,47.91,48.04,48.20,48.35,48.43,48.28,48.20,48.28,48.43,48.57,48.73,48.88,49.04,49.19,49.38,49.64,50.00,50.93,53.16,55.45,55.23,53.95,52.97,53.31,52.95,52.28,51.59,51.01,50.66,50.56,51.33,53.60,56.20,58.97,60.50,60.59,60.66,60.67,60.64,60.60,60.60,60.60,60.60,60.60,60.60,60.60,60.59,60.59,60.59,60.59,60.59,60.59,60.59,60.59,60.58,60.58,60.59,60.59,60.59,60.58,60.58,60.58,60.57,60.52,60.49,60.49,60.49,60.49,60.49
48.71,48.61,48.49,48.36,48.17,48.37,48.79,49.21,49.52,50.00,50.56,51.12,51.63,52.14,52.65,53.16,53.70,54.20,54.67,54.96,54.97,54.71,54.55,54.48,54.44,54.36,54.31,54.24,54.22,54.33,54.50,54.17,53.63,53.05,52.47,51.82,51.31,50.96,50.73,50.50,50.27,50.07,49.97,50.02,50.17,50.21,50.09,49.85,49.77,49.78,50.02,50.55,50.69,50.64,50.36,49.91,49.58,49.39,49.28,49.19,49.04,48.95,48.85,48.80,48.83,48.75,48.62,48.49,48.36,48.17,47.98,47.79,47.61,47.45,47.27,47.11,46.90,46.64,46.37,46.07,45.74,45.40,45.10,44.90,44.76,44.69,44.66,44.66,44.66,44.64,44.61,44.56,44.55,44.51,44.44,44.35,44.25,44.17,44.14,44.19,44.38,44.58,44.73,44.82,44.81,44.75,44.73,44.71,44.68,44.68,44.62,44.55,44.48,44.41,44.33,44.23,44.13,44.06,44.12,44.14,44.16,44.19,44.19,44.18,44.18,44.18,44.19,44.27,44.37,44.48,44.59,44.70,45.01,45.78,46.96,48.09,48.96,49.25,49.18,49.02,48.81,48.49,48.12,47.73,47.35,47.03,46.67,46.29,45.90,45.45,45.06,44.71,44.39,44.01,43.68,43.37,43.06,42.75,42.45,42.09,41.70,41.32,40.93,40.67,40.54,40.49,40.48,40.65,41.08,41.79,42.83,43.77,44.71,45.64,46.56,47.53,48.49,49.69,51.24,53.09,54.37,53.10,50.70,49.56,49.08,48.78,48.55,48.46,48.55,48.70,48.86,48.92,48.74,48.64,48.68,48.81,48.96,49.11,49.27,49.42,49.63,50.08,51.32,53.06,55.07,57.05,58.25,57.91,56.77,55.47,54.80,54.02,53.30,52.66,52.05,51.54,51.57,52.64,55.05,57.34,59.46,60.55,60.56,60.63,60.64,60.62,60.60,60.60,60.60,60.60,60.60,60.60,60.60,60.60,60.60,60.60,60.60,60.60,60.60,60.60,60.60,60.60,60.63,60.66,60.66,60.66,60.62,60.60,60.60,60.60,60.57,60.55,60.55,60.55,60.55,60.52
48.86,48.73,48.56,48.40,48.18,48.29,48.62,49.00,49.39,49.75,50.17,50.67,51.21,51.75,52.29,52.82,53.34,53.79,54.21,54.47,54.44,54.08,53.84,53.74,53.71,53.64,53.56,53.49,53.51,53.70,54.00,53.79,53.30,52.70,52.14,51.48,50.89,50.47,50.22,50.01,49.78,49.62,49.57,49.57,49.62,49.62,49.54,49.31,49.20,49.20,49.22,49.22,49.22,49.21,49.16,49.09,49.01,48.89,48.79,48.68,48.55,48.45,48.38,48.38,48.44,48.36,48.23,48.13,48.03,47.87,47.68,47.51,47.36,47.20,47.05,46.89,46.70,46.47,46.24,45.95,45.63,45.29,45.00,44.84,44.76,44.73,44.73,44.73,44.73,44.73,44.71,44.65,44.63,44.58,44.50,44.44,44.35,44.20,44.05,43.96,44.11,44.32,44.51,44.63,44.63,44.57,44.56,44.56,44.55,44.53,44.48,44.45,44.44,44.36,44.30,44.23,44.13,44.02,44.04,44.07,44.10,44.14,44.09,44.06,44.06,44.06,44.09,44.21,44.31,44.39,44.46,44.52,44.67,45.32,46.46,47.60,48.41,48.70,48.66,48.51,48.36,48.05,47.67,47.29,46.92,46.59,46.23,45.84,45.46,45.09,44.77,44.47,44.16,43.81,43.49,43.18,42.87,42.56,42.26,41.90,41.52,41.16,40.80,40.64,40.61,40.65,40.77,41.11,41.80,42.76,43.76,44.72,45.61,46.47,47.34,48.30,49.20,50.48,52.18,53.95,55.50,54.60,52.37,50.85,50.10,49.52,49.15,49.07,49.12,49.41,49.59,49.55,49.22,49.07,49.09,49.21,49.40,49.74,50.21,50.71,51.30,52.28,54.12,56.43,58.61,59.86,60.05,59.73,58.90,57.53,56.14,55.08,54.27,53.60,52.98,52.38,52.51,53.66,55.91,57.92,59.66,60.52,60.48,60.54,60.56,60.56,60.56,60.56,60.56,60.56,60.56,60.56,60.56,60.56,60.56,60.56,60.56,60.57,60.59,60.60,60.60,60.60,60.66,60.70,60.70,60.70,60.63,60.60,60.60,60.60,60.58,60.58,60.57,60.56,60.55,60.51
48.95,48.77,48.56,48.40,48.18,48.26,48.55,48.94,49.33,49.61,49.91,50.29,50.83,51.37,51.91,52.42,52.89,53.30,53.73,54.00,53.93,53.51,53.19,53.02,52.95,52.88,52.80,52.76,52.84,53.07,53.37,53.34,52.98,52.38,51.82,51.16,50.52,50.02,49.74,49.55,49.34,49.20,49.19,49.19,49.20,49.23,49.22,48.99,48.84,48.75,48.72,48.72,48.72,48.66,48.59,48.51,48.45,48.41,48.32,48.19,48.09,47.96,47.91,47.96,48.05,47.93,47.83,47.75,47.65,47.50,47.39,47.26,47.11,46.95,46.80,46.64,46.45,46.22,45.99,45.75,45.50,45.23,44.94,44.83,44.79,44.78,44.78,44.78,44.78,44.78,44.78,44.77,44.71,44.64,44.58,44.55,44.42,44.27,44.12,43.99,43.96,44.09,44.28,44.44,44.44,44.43,44.43,44.43,44.42,44.36,44.34,44.33,44.31,44.24,44.22,44.16,44.08,44.00,43.95,43.98,44.02,44.03,44.01,43.96,43.93,43.95,44.01,44.10,44.18,44.26,44.33,44.34,44.37,44.89,45.97,47.14,47.88,48.13,48.10,48.00,47.86,47.58,47.23,46.86,46.53,46.17,45.78,45.40,45.02,44.69,44.42,44.16,43.85,43.59,43.30,42.99,42.68,42.37,42.06,41.71,41.34,41.03,40.78,40.65,40.75,41.08,41.47,41.91,42.76,43.84,44.68,45.65,46.59,47.48,48.34,49.20,50.02,51.22,52.84,54.43,56.03,56.68,56.11,54.25,52.72,51.08,50.00,49.83,49.86,50.55,50.82,50.48,49.83,49.53,49.54,49.69,49.97,50.85,52.19,53.65,55.22,57.12,58.51,59.38,59.89,60.14,60.17,60.02,59.38,58.12,56.88,55.97,55.12,54.30,53.69,53.12,53.24,54.18,55.98,57.68,59.46,60.39,60.35,60.41,60.43,60.43,60.43,60.43,60.43,60.43,60.43,60.43,60.43,60.43,60.43,60.43,60.44,60.49,60.56,60.60,60.60,60.60,60.66,60.70,60.70,60.70,60.63,60.60,60.60,60.59,60.53,60.52,60.49,60.44,60.43,60.42
48.97,48.77,48.56,48.40,48.18,48.22,48.48,48.83,49.17,49.43,49.70,50.04,50.51,51.03,51.53,52.00,52.45,52.84,53.26,53.51,53.43,53.03,52.64,52.38,52.25,52.16,52.09,52.06,52.16,52.42,52.70,52.84,52.63,52.06,51.51,50.91,50.31,49.82,49.57,49.40,49.19,49.00,48.90,48.82,48.80,48.82,48.82,48.67,48.51,48.38,48.28,48.21,48.20,48.15,48.07,47.99,47.92,47.87,47.81,47.72,47.61,47.49,47.48,47.55,47.63,47.53,47.45,47.35,47.24,47.16,47.12,47.01,46.87,46.74,46.59,46.44,46.25,46.02,45.78,45.55,45.32,45.10,44.92,44.86,44.84,44.84,44.84,44.84,44.84,44.84,44.84,44.84,44.81,44.75,44.69,44.63,44.49,44.34,44.18,44.03,43.93,43.94,44.06,44.22,44.25,44.26,44.28,44.30,44.29,44.22,44.20,44.20,44.18,44.11,44.10,44.05,43.99,43.95,43.87,43.88,43.90,43.90,43.90,43.87,43.83,43.82,43.89,43.94,44.00,44.08,44.15,44.15,44.12,44.55,45.50,46.65,47.33,47.56,47.53,47.45,47.34,47.11,46.80,46.46,46.11,45.73,45.34,44.96,44.62,44.27,43.98,43.71,43.44,43.20,42.91,42.62,42.35,42.08,41.78,41.47,41.17,40.95,41.01,41.21,41.52,41.95,42.41,42.88,43.55,44.46,45.54,46.62,47.60,48.50,49.34,50.12,50.86,51.98,53.54,55.11,56.64,57.82,58.25,57.45,56.62,55.63,54.97,54.87,54.88,55.29,55.44,55.03,53.82,52.41,51.91,52.01,52.47,53.82,55.52,56.97,58.08,59.21,59.91,60.24,60.34,60.34,60.27,60.14,59.68,58.77,57.81,56.97,56.09,55.21,54.44,53.77,53.97,54.95,56.51,57.95,59.47,60.27,60.22,60.29,60.30,60.30,60.30,60.30,60.30,60.30,60.32,60.35,60.35,60.38,60.40,60.41,60.45,60.48,60.55,60.60,60.61,60.64,60.68,60.72,60.74,60.70,60.67,60.63,60.60,60.59,60.56,60.52,60.48,60.44,60.41,60.40
48.97,48.77,48.56,48.40,48.18,48.19,48.39,48.70,49.00,49.25,49.52,49.83,50.20,50.69,51.13,51.55,51.99,52.40,52.79,53.01,52.93,52.56,52.12,51.77,51.56,51.46,51.38,51.37,51.48,51.78,52.02,52.29,52.20,51.67,51.12,50.61,50.12,49.71,49.48,49.32,49.12,48.89,48.68,48.52,48.47,48.44,48.41,48.34,48.19,48.04,47.89,47.75,47.72,47.65,47.56,47.48,47.41,47.33,47.30,47.24,47.11,47.03,47.06,47.15,47.20,47.14,47.05,46.94,46.84,46.85,46.84,46.75,46.62,46.52,46.38,46.23,46.05,45.82,45.59,45.36,45.15,44.98,44.91,44.90,44.90,44.90,44.90,44.90,44.91,44.93,44.95,44.95,44.94,44.88,44.80,44.71,44.57,44.40,44.24,44.09,43.94,43.84,43.88,43.99,44.05,44.07,44.12,44.17,44.16,44.09,44.07,44.07,44.05,43.98,43.97,43.93,43.88,43.86,43.80,43.78,43.78,43.78,43.78,43.77,43.72,43.69,43.75,43.77,43.82,43.89,43.95,43.96,43.90,44.23,45.05,46.14,46.78,46.99,46.97,46.90,46.82,46.64,46.38,46.05,45.67,45.28,44.90,44.54,44.23,43.85,43.52,43.22,42.98,42.75,42.47,42.20,41.97,41.73,41.47,41.26,41.08,41.01,41.39,41.91,42.45,42.95,43.42,43.89,44.36,45.03,46.28,47.49,48.54,49.45,50.28,51.00,51.71,52.78,54.25,55.83,57.24,58.55,59.57,59.89,59.99,59.93,59.88,59.88,59.89,59.90,59.90,59.55,58.06,55.91,55.03,55.06,55.59,57.06,58.66,59.71,60.06,60.19,60.29,60.41,60.51,60.49,60.36,60.21,59.92,59.40,58.79,58.00,57.12,56.20,55.27,54.45,54.65,55.63,57.03,58.27,59.45,60.08,60.10,60.16,60.17,60.18,60.19,60.19,60.20,60.20,60.23,60.30,60.30,60.36,60.40,60.42,60.49,60.50,60.55,60.60,60.61,60.68,60.70,60.73,60.78,60.73,60.70,60.66,60.61,60.60,60.60,60.55,60.50,60.49,60.43,60.41
48.97,48.77,48.56,48.40,48.18,48.13,48.26,48.56,48.81,49.09,49.37,49.62,49.90,50.24,50.66,51.09,51.50,51.94,52.34,52.54,52.43,52.05,51.61,51.21,50.90,50.72,50.67,50.70,50.85,51.14,51.38,51.59,51.49,51.03,50.46,50.10,49.82,49.58,49.36,49.19,49.02,48.83,48.60,48.39,48.25,48.13,48.04,48.01,47.88,47.72,47.57,47.42,47.30,47.16,47.05,46.98,46.90,46.83,46.76,46.69,46.60,46.58,46.62,46.72,46.82,46.75,46.64,46.55,46.53,46.58,46.54,46.46,46.35,46.22,46.12,45.98,45.82,45.63,45.40,45.17,45.04,44.98,44.91,44.90,44.90,44.90,44.90,44.90,44.95,45.07,45.20,45.20,45.15,45.04,44.93,44.84,44.69,44.49,44.30,44.15,44.00,43.86,43.78,43.79,43.87,43.93,43.96,43.99,44.03,43.97,43.95,43.92,43.87,43.85,43.85,43.80,43.75,43.75,43.73,43.68,43.65,43.65,43.65,43.60,43.56,43.56,43.58,43.63,43.66,43.70,43.77,43.77,43.71,43.91,44.54,45.63,46.23,46.42,46.41,46.39,46.31,46.17,45.94,45.61,45.23,44.84,44.45,44.11,43.84,43.47,43.10,42.76,42.48,42.24,42.00,41.76,41.52,41.30,41.20,41.21,41.31,41.52,41.95,42.56,43.24,43.90,44.43,44.90,45.37,45.90,46.71,48.01,49.21,50.22,51.06,51.82,52.57,53.62,55.00,56.48,57.74,58.99,59.91,60.07,60.21,60.24,60.23,60.24,60.29,60.30,60.27,60.11,59.58,58.90,58.63,58.64,58.80,59.26,59.77,60.11,60.26,60.34,60.42,60.51,60.58,60.56,60.42,60.31,60.15,59.91,59.66,59.04,58.20,57.26,56.28,55.33,55.20,55.84,57.05,58.18,59.08,59.70,60.01,60.05,60.05,60.08,60.13,60.13,60.18,60.20,60.23,60.30,60.30,60.36,60.40,60.42,60.49,60.50,60.55,60.60,60.61,60.68,60.70,60.73,60.79,60.77,60.73,60.69,60.66,60.61,60.60,60.55,60.50,60.50,60.48,60.43
48.97,48.77,48.55,48.37,48.17,48.10,48.20,48.48,48.74,49.02,49.26,49.47,49.70,49.94,50.28,50.68,51.07,51.50,51.90,52.08,51.91,51.52,51.09,50.68,50.35,50.19,50.14,50.17,50.30,50.51,50.66,50.78,50.73,50.42,50.01,49.77,49.59,49.41,49.19,49.03,48.87,48.69,48.46,48.26,48.10,47.93,47.77,47.70,47.56,47.40,47.25,47.09,46.94,46.79,46.65,46.55,46.44,46.33,46.24,46.17,46.10,46.11,46.20,46.32,46.41,46.37,46.26,46.22,46.25,46.29,46.23,46.15,46.06,45.94,45.86,45.73,45.57,45.41,45.22,45.11,45.06,45.02,44.95,44.91,44.90,44.90,44.90,44.91,44.99,45.16,45.36,45.44,45.39,45.24,45.07,44.93,44.75,44.55,44.37,44.22,44.06,43.91,43.78,43.70,43.72,43.77,43.80,43.84,43.87,43.83,43.82,43.78,43.72,43.72,43.72,43.67,43.62,43.62,43.62,43.56,43.52,43.52,43.52,43.45,43.42,43.41,43.39,43.46,43.48,43.51,43.58,43.58,43.52,43.62,44.08,45.16,45.69,45.84,45.84,45.84,45.77,45.63,45.44,45.16,44.78,44.42,44.05,43.70,43.46,43.09,42.69,42.31,42.01,41.75,41.60,41.49,41.39,41.31,41.35,41.47,41.68,42.03,42.48,43.05,43.67,44.33,44.98,45.59,46.17,46.76,47.41,48.44,49.63,50.73,51.63,52.50,53.34,54.38,55.63,56.91,58.07,59.20,60.03,60.15,60.32,60.38,60.40,60.46,60.51,60.52,60.48,60.39,60.27,60.19,60.16,60.14,60.13,60.20,60.28,60.34,60.40,60.50,60.59,60.66,60.71,60.66,60.52,60.41,60.29,60.17,60.04,59.67,58.93,57.93,56.90,55.86,55.58,55.99,56.94,57.89,58.66,59.35,59.91,59.99,60.00,60.05,60.10,60.11,60.18,60.20,60.23,60.30,60.30,60.36,60.40,60.42,60.49,60.50,60.55,60.60,60.61,60.68,60.70,60.73,60.80,60.80,60.76,60.74,60.72,60.65,60.64,60.58,60.54,60.54,60.51,60.46
48.99,48.78,48.55,48.33,48.15,48.09,48.18,48.42,48.71,48.96,49.15,49.33,49.55,49.74,49.99,50.31,50.69,51.08,51.45,51.60,51.39,50.96,50.57,50.21,49.92,49.83,49.74,49.77,49.85,49.93,49.95,50.02,50.01,49.90,49.72,49.56,49.40,49.22,49.00,48.84,48.68,48.50,48.28,48.12,47.96,47.77,47.57,47.42,47.27,47.12,46.96,46.80,46.63,46.48,46.33,46.18,46.06,46.06,46.11,46.15,46.13,46.16,46.16,46.11,46.03,45.99,45.93,45.93,45.98,45.98,45.92,45.85,45.77,45.68,45.63,45.56,45.47,45.36,45.15,45.19,45.20,45.14,45.06,44.98,44.95,44.94,44.92,44.93,45.05,45.24,45.47,45.66,45.63,45.44,45.22,44.98,44.77,44.60,44.45,44.29,44.14,43.99,43.84,43.71,43.64,43.61,43.66,43.70,43.70,43.70,43.69,43.65,43.60,43.59,43.59,43.55,43.50,43.50,43.50,43.44,43.39,43.39,43.39,43.33,43.29,43.27,43.22,43.27,43.29,43.32,43.38,43.38,43.33,43.34,43.66,44.70,45.16,45.27,45.27,45.27,45.20,45.07,44.91,44.71,44.35,44.02,43.66,43.32,43.07,42.70,42.27,41.89,41.62,41.36,41.35,41.41,41.49,41.61,41.75,41.91,42.14,42.54,42.99,43.47,43.95,44.49,45.27,46.01,46.76,47.50,48.19,48.83,49.87,51.02,52.01,53.01,53.95,54.98,56.10,57.16,58.23,59.27,60.03,60.19,60.41,60.48,60.55,60.68,60.71,60.72,60.68,60.60,60.52,60.44,60.41,60.39,60.33,60.39,60.47,60.52,60.55,60.68,60.77,60.85,60.88,60.80,60.65,60.50,60.38,60.27,60.13,60.00,59.37,58.30,57.22,56.14,55.85,56.18,56.86,57.62,58.32,59.09,59.82,59.98,60.01,60.05,60.10,60.11,60.18,60.21,60.24,60.30,60.31,60.36,60.40,60.43,60.49,60.51,60.55,60.60,60.62,60.68,60.71,60.74,60.80,60.80,60.80,60.79,60.77,60.70,60.70,60.65,60.61,60.59,60.53,60.51
49.13,48.85,48.55,48.31,48.10,48.04,48.12,48.35,48.55,48.78,48.98,49.15,49.38,49.58,49.79,50.02,50.32,50.69,50.97,51.02,50.78,50.38,50.11,49.91,49.75,49.67,49.55,49.55,49.63,49.69,49.70,49.72,49.70,49.62,49.51,49.37,49.21,49.03,48.81,48.65,48.49,48.31,48.09,47.93,47.77,47.61,47.43,47.28,47.12,46.97,46.80,46.59,46.39,46.22,46.07,45.94,46.00,46.91,47.94,48.69,48.91,48.79,48.03,46.94,45.92,45.65,45.63,45.65,45.67,45.67,45.64,45.59,45.49,45.40,45.50,45.80,46.16,46.29,45.67,45.58,45.58,45.54,45.45,45.34,45.26,45.17,45.05,45.09,45.27,45.46,45.65,45.85,45.78,45.55,45.27,45.00,44.81,44.69,44.56,44.42,44.31,44.21,44.05,43.86,43.73,43.59,43.55,43.57,43.57,43.57,43.53,43.49,43.47,43.47,43.47,43.45,43.42,43.38,43.37,43.31,43.27,43.27,43.27,43.20,43.17,43.15,43.08,43.09,43.10,43.13,43.19,43.15,43.12,43.09,43.30,44.22,44.61,44.70,44.70,44.70,44.68,44.56,44.41,44.23,43.94,43.60,43.25,42.93,42.64,42.27,41.86,41.58,41.54,41.53,41.63,41.76,41.88,41.99,42.13,42.32,42.60,43.04,43.50,43.96,44.43,44.91,45.50,46.16,46.89,47.67,48.45,49.16,50.03,51.00,52.01,53.01,53.99,55.01,56.06,57.12,58.15,59.17,59.93,60.14,60.37,60.51,60.63,60.78,60.93,60.96,60.92,60.84,60.77,60.69,60.66,60.64,60.58,60.59,60.66,60.72,60.77,60.83,60.90,60.98,61.01,60.92,60.78,60.62,60.48,60.34,60.20,60.02,59.39,58.35,57.26,56.14,56.08,56.66,57.33,57.95,58.55,59.23,59.86,59.98,60.04,60.08,60.11,60.16,60.19,60.24,60.28,60.30,60.35,60.39,60.43,60.47,60.50,60.55,60.58,60.62,60.66,60.69,60.74,60.78,60.80,60.80,60.80,60.77,60.73,60.71,60.75,60.75,60.71,60.67,60.64,60.59
49.26,48.93,48.59,48.32,48.06,47.99,48.08,48.30,48.47,48.66,48.84,49.02,49.24,49.46,49.63,49.80,50.02,50.31,50.47,50.46,50.25,49.97,49.81,49.70,49.62,49.52,49.39,49.38,49.44,49.50,49.51,49.50,49.45,49.37,49.31,49.18,49.02,48.84,48.62,48.46,48.29,48.10,47.90,47.74,47.59,47.44,47.31,47.15,47.00,46.84,46.67,46.48,46.25,46.06,45.93,45.99,46.63,48.23,49.82,51.00,51.49,51.43,50.53,49.14,47.75,47.21,47.06,46.97,46.88,46.87,46.90,46.95,47.00,47.05,47.20,47.41,47.59,47.48,46.57,46.14,46.01,45.98,45.90,45.75,45.61,45.43,45.25,45.28,45.47,45.68,45.86,46.05,46.01,45.77,45.44,45.15,44.96,44.86,44.75,44.61,44.52,44.43,44.26,44.05,43.88,43.66,43.56,43.51,43.47,43.45,43.40,43.37,43.37,43.34,43.34,43.34,43.31,43.25,43.24,43.19,43.14,43.14,43.11,43.07,43.03,43.00,42.95,42.92,42.93,42.96,42.99,42.93,42.91,42.88,43.00,43.77,44.06,44.15,44.16,44.14,44.14,44.04,43.90,43.73,43.52,43.16,42.84,42.55,42.23,41.90,41.69,41.62,41.67,41.84,42.02,42.18,42.32,42.41,42.55,42.76,43.08,43.55,44.03,44.50,44.96,45.43,45.90,46.44,47.08,47.79,48.59,49.37,50.14,50.97,51.92,52.92,53.90,54.91,55.95,57.02,58.02,58.98,59.75,60.06,60.28,60.45,60.62,60.83,61.05,61.16,61.16,61.10,61.02,60.95,60.90,60.87,60.82,60.82,60.86,60.92,60.99,61.02,61.07,61.09,61.07,60.97,60.81,60.66,60.52,60.38,60.20,59.91,59.23,58.23,57.19,56.24,56.42,57.19,57.88,58.44,58.98,59.51,59.93,60.02,60.08,60.11,60.15,60.20,60.22,60.27,60.31,60.34,60.39,60.42,60.46,60.51,60.53,60.58,60.61,60.65,60.70,60.73,60.77,60.81,60.83,60.83,60.81,60.76,60.70,60.70,60.73,60.74,60.72,60.68,60.70,60.66
49.37,49.02,48.69,48.33,48.02,47.96,48.08,48.30,48.46,48.63,48.79,48.95,49.18,49.35,49.51,49.66,49.82,49.94,49.98,49.95,49.85,49.74,49.65,49.57,49.48,49.34,49.24,49.22,49.25,49.31,49.32,49.27,49.20,49.13,49.11,48.98,48.83,48.65,48.43,48.27,48.07,47.87,47.71,47.55,47.40,47.28,47.18,47.02,46.87,46.72,46.59,46.46,46.25,46.03,45.95,46.36,47.96,49.82,51.40,52.60,53.37,53.66,53.42,52.74,51.72,50.93,50.50,50.15,49.88,49.82,49.95,50.23,50.58,50.89,50.91,50.42,49.66,48.73,47.75,46.86,46.47,46.43,46.34,46.19,45.94,45.68,45.49,45.48,45.67,45.89,46.10,46.26,46.33,46.12,45.77,45.46,45.24,45.13,45.01,44.87,44.78,44.65,44.45,44.24,44.08,43.87,43.71,43.57,43.43,43.36,43.33,43.32,43.30,43.23,43.22,43.22,43.19,43.12,43.11,43.06,43.01,43.00,42.94,42.92,42.88,42.82,42.81,42.75,42.77,42.81,42.81,42.74,42.72,42.68,42.77,43.34,43.53,43.61,43.63,43.57,43.56,43.50,43.39,43.23,43.06,42.72,42.42,42.17,41.89,41.67,41.84,42.05,42.04,42.23,42.44,42.62,42.76,42.84,42.99,43.24,43.59,44.06,44.59,45.06,45.53,46.00,46.46,46.94,47.43,47.98,48.69,49.44,50.20,50.98,51.82,52.79,53.74,54.74,55.81,56.88,57.83,58.72,59.48,59.95,60.17,60.34,60.55,60.83,61.06,61.28,61.38,61.35,61.27,61.20,61.13,61.08,61.07,61.07,61.08,61.12,61.19,61.25,61.27,61.19,61.06,60.91,60.75,60.60,60.47,60.36,60.14,59.69,58.95,58.00,57.04,56.51,56.89,57.71,58.45,59.00,59.53,59.87,60.00,60.07,60.10,60.14,60.19,60.21,60.27,60.30,60.33,60.38,60.40,60.45,60.49,60.52,60.58,60.60,60.64,60.69,60.71,60.78,60.80,60.83,60.88,60.89,60.83,60.76,60.70,60.69,60.64,60.62,60.61,60.62,60.68,60.68
49.49,49.12,48.76,48.38,48.02,47.95,48.07,48.26,48.45,48.62,48.78,48.94,49.12,49.28,49.41,49.53,49.67,49.72,49.73,49.70,49.62,49.55,49.47,49.39,49.31,49.20,49.12,49.06,49.06,49.12,49.13,49.07,49.00,48.92,48.88,48.78,48.61,48.42,48.24,48.08,47.90,47.72,47.57,47.42,47.26,47.15,47.05,46.90,46.74,46.62,46.50,46.37,46.19,46.00,46.12,46.88,48.72,50.53,52.16,53.60,54.85,55.64,56.00,55.87,55.20,54.49,53.89,53.42,53.11,53.08,53.49,54.03,54.44,54.44,53.87,52.30,50.61,49.28,48.47,47.72,47.18,46.85,46.68,46.49,46.21,45.93,45.74,45.73,45.91,46.12,46.31,46.50,46.64,46.47,46.12,45.80,45.63,45.50,45.36,45.23,45.14,44.89,44.64,44.44,44.34,44.27,44.14,43.94,43.68,43.55,43.46,43.39,43.32,43.17,43.10,43.09,43.06,43.00,42.99,42.93,42.89,42.88,42.80,42.79,42.74,42.69,42.68,42.61,42.61,42.63,42.62,42.55,42.53,42.49,42.52,42.89,43.02,43.07,43.07,43.00,42.99,42.94,42.83,42.68,42.56,42.26,42.00,41.88,41.93,42.11,42.48,42.76,42.75,42.84,42.91,43.02,43.16,43.28,43.43,43.73,44.15,44.62,45.11,45.58,46.05,46.51,46.98,47.44,47.90,48.39,48.95,49.55,50.27,51.04,51.82,52.69,53.61,54.61,55.66,56.61,57.51,58.34,59.11,59.73,60.07,60.29,60.53,60.83,61.11,61.42,61.57,61.56,61.52,61.45,61.38,61.33,61.33,61.33,61.33,61.34,61.38,61.45,61.39,61.24,61.06,60.89,60.70,60.53,60.40,60.26,60.06,59.53,58.74,57.80,56.89,56.78,57.34,58.20,59.00,59.53,59.83,60.00,60.06,60.09,60.14,60.18,60.21,60.25,60.29,60.33,60.37,60.41,60.45,60.48,60.52,60.56,60.60,60.64,60.68,60.71,60.75,60.79,60.84,60.87,60.90,60.89,60.83,60.76,60.70,60.69,60.62,60.57,60.55,60.55,60.58,60.59
49.57,49.18,48.79,48.40,48.01,47.94,48.06,48.24,48.45,48.61,48.76,48.91,49.05,49.20,49.31,49.41,49.52,49.54,49.54,49.51,49.43,49.35,49.28,49.20,49.12,49.05,48.97,48.89,48.87,48.93,48.92,48.87,48.78,48.71,48.65,48.57,48.41,48.22,48.06,47.91,47.75,47.60,47.44,47.29,47.15,47.03,46.93,46.79,46.63,46.52,46.41,46.25,46.10,45.94,46.18,47.14,49.04,50.85,52.58,54.28,55.98,57.26,58.19,58.63,58.46,57.90,57.39,56.95,56.67,56.87,57.65,58.15,58.19,57.63,56.26,53.63,51.13,49.53,48.86,48.30,47.71,47.22,46.98,46.75,46.47,46.19,46.00,45.98,46.15,46.34,46.53,46.74,46.90,46.78,46.48,46.14,46.03,45.91,45.75,45.60,45.48,45.13,44.84,44.67,44.67,44.78,44.66,44.37,44.02,43.86,43.74,43.79,43.92,43.77,43.66,43.59,43.52,43.42,43.38,43.33,43.32,43.36,43.29,43.25,43.18,43.10,43.06,42.98,42.87,42.75,42.65,42.58,42.55,42.49,42.45,42.58,42.63,42.63,42.59,42.51,42.49,42.42,42.34,42.25,42.20,42.02,41.89,41.93,42.25,42.75,43.25,43.55,43.55,43.54,43.49,43.51,43.63,43.75,43.89,44.24,44.70,45.15,45.61,46.06,46.52,46.98,47.43,47.89,48.34,48.79,49.26,49.73,50.42,51.20,51.97,52.71,53.56,54.50,55.48,56.31,57.15,57.94,58.70,59.43,59.95,60.27,60.55,60.86,61.19,61.55,61.74,61.76,61.75,61.70,61.63,61.58,61.58,61.56,61.56,61.56,61.58,61.60,61.47,61.27,61.06,60.89,60.67,60.48,60.31,60.16,59.94,59.33,58.53,57.62,56.83,57.06,57.77,58.64,59.48,59.91,60.01,60.05,60.12,60.12,60.17,60.21,60.24,60.30,60.31,60.36,60.41,60.43,60.49,60.51,60.55,60.60,60.62,60.67,60.71,60.74,60.80,60.81,60.87,60.90,60.90,60.89,60.83,60.77,60.71,60.69,60.62,60.56,60.51,60.50,60.48,60.48
49.57,49.16,48.72,48.34,47.95,47.91,48.08,48.29,48.46,48.57,48.69,48.83,48.93,49.07,49.18,49.26,49.34,49.35,49.35,49.32,49.24,49.16,49.09,49.01,48.93,48.85,48.78,48.70,48.68,48.73,48.68,48.61,48.53,48.47,48.45,48.38,48.25,48.09,47.93,47.78,47.63,47.47,47.32,47.16,47.06,46.94,46.81,46.72,46.58,46.42,46.28,46.13,45.97,45.82,45.95,46.73,48.72,50.75,52.69,54.59,56.51,58.20,59.67,60.87,61.50,61.08,61.11,60.98,60.83,61.68,62.94,62.70,61.53,60.16,57.79,54.30,51.27,49.48,48.80,48.19,47.76,47.47,47.23,47.00,46.72,46.44,46.25,46.24,46.37,46.56,46.77,46.94,47.09,47.03,46.81,46.52,46.42,46.29,46.13,45.97,45.75,45.34,45.05,44.98,45.17,45.43,45.19,44.75,44.41,44.30,44.26,44.85,45.79,45.82,45.71,45.50,45.26,45.07,44.93,44.88,45.02,45.25,45.13,44.99,44.86,44.72,44.59,44.45,44.06,43.58,43.19,43.08,43.01,42.91,42.77,42.62,42.50,42.41,42.32,42.19,42.12,42.05,42.05,42.14,42.19,42.26,42.46,42.74,43.02,43.52,44.05,44.38,44.37,44.31,44.29,44.30,44.31,44.28,44.40,44.74,45.19,45.59,46.05,46.47,46.90,47.35,47.75,48.21,48.63,49.05,49.52,50.04,50.77,51.58,52.33,52.99,53.70,54.45,55.22,56.00,56.79,57.53,58.26,59.02,59.80,60.27,60.61,60.93,61.30,61.63,61.85,61.95,61.95,61.94,61.88,61.84,61.82,61.77,61.75,61.78,61.80,61.69,61.49,61.27,61.06,60.89,60.67,60.45,60.25,60.06,59.72,59.04,58.26,57.49,56.93,57.37,58.14,59.02,59.82,59.98,60.05,60.12,60.18,60.19,60.19,60.24,60.29,60.30,60.37,60.39,60.42,60.48,60.50,60.55,60.59,60.61,60.67,60.69,60.74,60.79,60.81,60.87,60.89,60.90,60.90,60.89,60.83,60.79,60.77,60.70,60.62,60.59,60.56,60.49,60.43,60.41
49.48,49.08,48.65,48.24,47.91,47.90,48.06,48.22,48.37,48.47,48.56,48.68,48.79,48.91,49.03,49.13,49.20,49.21,49.18,49.13,49.05,48.98,48.90,48.82,48.75,48.70,48.64,48.56,48.51,48.50,48.43,48.38,48.33,48.25,48.22,48.18,48.07,47.93,47.80,47.65,47.50,47.34,47.20,47.07,46.96,46.84,46.73,46.61,46.46,46.31,46.15,46.00,45.88,45.79,45.83,46.34,48.14,50.29,52.41,54.45,56.48,58.41,60.32,62.19,63.82,64.75,65.60,66.07,66.26,66.68,66.75,65.37,63.27,61.13,57.95,53.74,50.62,49.36,48.78,48.29,47.95,47.72,47.49,47.26,46.97,46.69,46.49,46.45,46.59,46.79,46.97,47.13,47.28,47.29,47.15,46.93,46.80,46.64,46.46,46.28,45.98,45.60,45.39,45.44,45.84,46.19,45.86,45.38,45.20,45.17,45.69,46.67,47.73,47.97,47.92,47.66,47.31,47.01,46.90,47.20,47.57,47.80,47.70,47.55,47.38,47.16,46.85,46.46,45.68,44.84,44.31,44.19,44.12,43.94,43.67,43.38,43.20,43.07,42.95,42.81,42.76,42.69,42.69,42.80,42.89,43.03,43.29,43.62,43.90,44.31,44.81,45.16,45.15,45.11,45.11,45.09,45.03,44.93,44.89,45.11,45.51,45.90,46.36,46.76,47.18,47.63,48.02,48.44,48.87,49.29,49.75,50.43,51.18,51.98,52.76,53.46,54.13,54.79,55.47,56.20,56.97,57.70,58.39,59.10,59.83,60.32,60.69,61.04,61.39,61.73,61.99,62.14,62.14,62.14,62.11,62.07,62.04,62.00,61.98,61.95,61.87,61.72,61.49,61.28,61.09,60.89,60.67,60.46,60.27,60.04,59.65,58.97,58.21,57.52,57.09,57.59,58.36,59.18,59.88,59.99,60.09,60.17,60.21,60.24,60.24,60.27,60.31,60.34,60.39,60.42,60.46,60.51,60.54,60.58,60.62,60.66,60.70,60.73,60.77,60.81,60.85,60.89,60.92,60.95,60.94,60.90,60.83,60.80,60.78,60.70,60.62,60.60,60.57,60.49,60.41,60.40
49.35,48.97,48.55,48.13,47.86,47.88,47.99,48.09,48.23,48.33,48.42,48.51,48.66,48.75,48.87,49.00,49.06,49.07,49.02,48.94,48.86,48.78,48.71,48.64,48.58,48.56,48.50,48.41,48.34,48.27,48.19,48.17,48.13,48.06,47.98,47.97,47.89,47.76,47.66,47.52,47.36,47.21,47.08,47.00,46.87,46.75,46.64,46.49,46.34,46.19,46.04,45.91,45.83,45.81,45.77,46.02,47.44,49.62,51.86,54.00,56.11,58.21,60.44,62.87,65.51,68.04,69.55,70.50,70.99,70.73,69.48,67.15,64.39,61.59,57.80,52.94,49.84,49.26,48.82,48.48,48.21,47.97,47.74,47.51,47.23,46.96,46.74,46.66,46.82,47.01,47.16,47.32,47.47,47.54,47.50,47.34,47.17,46.97,46.78,46.57,46.21,45.89,45.77,45.95,46.53,46.97,46.70,46.36,46.41,46.50,47.51,48.64,49.50,49.88,49.88,49.64,49.29,49.02,49.04,49.70,50.29,50.45,50.37,50.23,50.04,49.75,49.25,48.56,47.40,46.27,45.65,45.52,45.40,45.15,44.77,44.41,44.22,44.06,43.91,43.77,43.74,43.69,43.68,43.76,43.85,43.99,44.23,44.53,44.83,45.13,45.58,45.92,45.93,45.92,45.92,45.87,45.76,45.58,45.36,45.46,45.79,46.18,46.62,47.03,47.45,47.89,48.29,48.68,49.10,49.61,50.30,51.07,51.77,52.48,53.29,54.05,54.68,55.28,55.91,56.60,57.35,58.08,58.75,59.37,59.97,60.41,60.78,61.14,61.47,61.84,62.15,62.33,62.33,62.33,62.33,62.30,62.23,62.22,62.20,62.09,61.88,61.72,61.51,61.32,61.13,60.90,60.68,60.50,60.31,60.06,59.70,59.02,58.30,57.66,57.28,57.74,58.46,59.20,59.81,59.97,60.12,60.20,60.23,60.28,60.30,60.31,60.34,60.41,60.41,60.47,60.51,60.53,60.59,60.62,60.66,60.71,60.72,60.77,60.81,60.84,60.90,60.91,60.96,61.00,60.98,60.91,60.83,60.80,60.78,60.70,60.62,60.60,60.57,60.49,60.42,60.40
49.21,48.82,48.38,48.00,47.79,47.75,47.83,47.96,48.06,48.18,48.29,48.39,48.53,48.62,48.75,48.86,48.88,48.88,48.83,48.75,48.67,48.59,48.52,48.47,48.44,48.38,48.31,48.23,48.15,48.08,48.00,47.98,47.94,47.87,47.79,47.78,47.72,47.61,47.48,47.33,47.17,47.04,46.95,46.93,46.80,46.66,46.52,46.36,46.21,46.09,45.99,45.91,45.88,45.83,45.79,45.92,46.68,48.62,50.81,53.00,55.25,57.45,59.70,62.41,65.84,69.28,70.48,71.02,71.36,71.00,70.18,68.20,65.43,62.18,58.22,52.96,49.70,49.33,49.03,48.73,48.46,48.23,48.00,47.77,47.52,47.25,47.00,46.91,47.03,47.20,47.35,47.51,47.66,47.79,47.81,47.65,47.45,47.26,47.07,46.84,46.51,46.20,46.19,46.51,47.07,47.63,47.97,48.25,48.60,49.00,49.57,50.13,50.58,50.75,50.76,50.62,50.56,50.85,51.23,51.93,52.44,52.51,52.39,52.24,52.07,51.79,51.18,50.30,48.99,47.73,47.00,46.85,46.55,46.18,45.79,45.42,45.23,45.07,44.92,44.78,44.71,44.64,44.63,44.72,44.85,45.00,45.21,45.48,45.77,45.99,46.37,46.70,46.75,46.75,46.71,46.59,46.38,46.11,45.83,45.90,46.21,46.55,46.89,47.31,47.74,48.15,48.59,48.99,49.39,50.21,52.09,52.52,52.87,53.42,54.10,54.81,55.28,55.78,56.41,57.05,57.75,58.45,59.13,59.73,60.19,60.55,60.88,61.22,61.59,61.97,62.30,62.52,62.52,62.52,62.52,62.49,62.42,62.36,62.26,62.11,61.93,61.73,61.54,61.35,61.13,60.91,60.73,60.53,60.33,60.14,59.91,59.30,58.63,58.00,57.52,57.73,58.31,59.02,59.65,59.94,60.12,60.23,60.27,60.30,60.35,60.38,60.39,60.47,60.48,60.53,60.58,60.59,60.66,60.67,60.72,60.77,60.77,60.79,60.84,60.88,60.91,60.96,60.99,61.00,60.98,60.91,60.83,60.80,60.78,60.70,60.62,60.60,60.57,60.50,60.47,60.43
49.05,48.67,48.28,47.94,47.73,47.66,47.71,47.83,47.91,48.05,48.16,48.25,48.38,48.48,48.60,48.69,48.69,48.69,48.63,48.56,48.49,48.43,48.36,48.31,48.27,48.20,48.14,48.08,48.00,47.92,47.81,47.77,47.73,47.68,47.60,47.57,47.54,47.48,47.33,47.17,47.02,46.91,46.86,46.83,46.70,46.55,46.39,46.24,46.13,46.05,45.98,45.94,45.91,45.86,45.82,45.89,46.37,47.88,49.81,51.93,54.21,56.41,58.53,60.96,64.32,69.39,70.86,71.20,71.38,71.16,70.61,69.26,66.96,63.50,59.51,53.90,50.20,49.49,49.21,48.93,48.68,48.45,48.21,47.95,47.71,47.46,47.22,47.13,47.23,47.39,47.54,47.70,47.85,48.01,48.08,47.96,47.74,47.57,47.38,47.13,46.83,46.52,46.62,47.07,47.63,48.23,48.89,49.47,49.91,50.36,50.73,51.06,51.36,51.51,51.51,51.63,51.98,52.63,53.38,54.10,54.54,54.56,54.37,54.20,54.03,53.71,52.96,51.85,50.45,49.13,48.27,47.99,47.58,47.17,46.80,46.44,46.22,46.05,45.90,45.76,45.67,45.61,45.61,45.67,45.83,45.98,46.18,46.43,46.73,46.95,47.23,47.48,47.56,47.54,47.41,47.20,46.93,46.62,46.31,46.34,46.61,46.92,47.23,47.63,48.05,48.44,48.88,49.29,50.51,52.36,53.94,54.06,54.16,54.51,55.11,55.74,56.06,56.43,56.98,57.57,58.20,58.85,59.49,60.03,60.41,60.75,61.06,61.36,61.75,62.11,62.45,62.71,62.71,62.71,62.71,62.67,62.57,62.46,62.30,62.13,61.95,61.73,61.56,61.38,61.17,60.95,60.78,60.57,60.38,60.22,60.05,59.58,58.99,58.37,57.82,57.78,58.25,58.95,59.58,59.92,60.12,60.24,60.30,60.34,60.38,60.41,60.45,60.49,60.53,60.57,60.61,60.64,60.69,60.72,60.76,60.81,60.83,60.84,60.89,60.94,60.95,61.02,61.01,61.00,60.98,60.91,60.83,60.80,60.78,60.70,60.62,60.60,60.57,60.50,60.47,60.42
48.96,48.60,48.26,47.93,47.69,47.61,47.64,47.71,47.78,47.91,48.03,48.12,48.20,48.34,48.45,48.51,48.51,48.50,48.44,48.37,48.31,48.30,48.23,48.15,48.08,48.02,48.00,47.95,47.87,47.79,47.64,47.55,47.51,47.48,47.41,47.34,47.34,47.35,47.20,47.05,46.90,46.81,46.79,46.71,46.57,46.42,46.27,46.14,46.10,46.05,46.00,45.98,45.92,45.90,45.86,45.91,46.42,47.46,48.99,50.89,53.01,55.10,57.04,58.86,61.54,68.08,70.54,71.16,71.30,71.38,70.93,70.28,68.72,65.35,61.41,55.61,51.27,49.71,49.35,49.10,48.87,48.63,48.39,48.10,47.85,47.61,47.41,47.33,47.43,47.58,47.73,47.89,48.04,48.20,48.30,48.26,48.06,47.88,47.69,47.45,47.15,46.84,47.04,47.62,48.18,48.79,49.53,50.19,50.59,50.93,51.29,51.66,52.01,52.28,52.30,52.78,53.57,54.38,55.43,56.22,56.64,56.63,56.36,56.17,55.96,55.56,54.63,53.34,51.96,50.69,49.75,49.18,48.60,48.15,47.82,47.45,47.20,47.01,46.86,46.72,46.62,46.60,46.60,46.63,46.78,46.93,47.13,47.38,47.68,47.98,48.15,48.27,48.36,48.28,48.04,47.75,47.44,47.13,46.82,46.80,47.00,47.31,47.62,47.98,48.37,48.76,49.16,49.80,52.33,55.44,55.73,55.65,55.57,55.72,56.23,56.77,56.97,57.20,57.62,58.15,58.70,59.28,59.84,60.29,60.62,60.98,61.29,61.56,61.93,62.26,62.61,62.90,62.90,62.90,62.88,62.81,62.65,62.50,62.29,62.10,61.93,61.70,61.54,61.39,61.22,61.01,60.84,60.63,60.44,60.28,60.12,59.83,59.35,58.73,58.16,57.90,58.28,58.97,59.60,59.93,60.12,60.24,60.31,60.38,60.40,60.45,60.50,60.52,60.57,60.60,60.63,60.69,60.70,60.76,60.80,60.82,60.88,60.90,60.94,60.99,61.01,61.07,61.04,61.00,60.98,60.91,60.83,60.80,60.78,60.70,60.62,60.60,60.57,60.49,60.42,60.40
49.34,48.96,48.47,47.91,47.67,47.60,47.59,47.59,47.66,47.76,47.87,47.99,48.07,48.21,48.32,48.38,48.37,48.33,48.25,48.20,48.17,48.12,48.05,47.97,47.90,47.88,47.88,47.82,47.75,47.66,47.51,47.42,47.35,47.30,47.22,47.14,47.13,47.13,47.06,46.92,46.83,46.78,46.72,46.59,46.45,46.32,46.22,46.17,46.12,46.08,46.04,46.00,45.97,45.93,45.89,46.01,46.71,47.73,48.88,50.13,51.52,53.38,55.25,56.98,58.92,62.56,67.41,70.31,71.01,71.35,71.27,70.83,69.69,67.20,63.37,58.17,53.26,49.95,49.53,49.29,49.03,48.76,48.53,48.27,48.03,47.80,47.60,47.56,47.64,47.77,47.92,48.08,48.23,48.39,48.50,48.52,48.37,48.16,47.97,47.76,47.47,47.19,47.40,47.99,48.63,49.30,50.23,51.13,51.71,52.04,52.33,52.65,52.98,53.28,53.51,54.27,55.28,56.12,57.07,58.13,58.74,58.67,58.38,58.11,57.84,57.32,56.16,55.24,54.36,53.51,52.66,51.49,50.06,49.16,48.84,48.51,48.22,48.02,47.86,47.72,47.63,47.58,47.57,47.63,47.73,47.88,48.08,48.31,48.58,48.88,49.04,49.09,49.06,48.85,48.56,48.25,47.95,47.64,47.33,47.27,47.44,47.75,48.06,48.39,48.73,49.07,49.55,51.63,54.71,57.36,57.32,57.22,57.10,57.09,57.34,57.80,57.98,58.11,58.35,58.79,59.31,59.81,60.25,60.60,60.88,61.19,61.51,61.80,62.13,62.45,62.80,63.09,63.09,63.09,62.93,62.70,62.50,62.30,62.10,61.91,61.70,61.48,61.35,61.28,61.20,61.05,60.86,60.67,60.50,60.34,60.19,59.99,59.59,59.00,58.38,58.12,58.50,59.18,59.75,59.96,60.12,60.24,60.31,60.39,60.44,60.50,60.56,60.57,60.59,60.63,60.67,60.71,60.75,60.79,60.83,60.87,60.90,60.95,60.98,61.02,61.06,61.09,61.04,60.98,60.94,60.90,60.83,60.80,60.78,60.70,60.62,60.60,60.57,60.49,60.41,60.40
50.14,49.65,48.95,48.10,47.70,47.59,47.55,47.51,47.56,47.62,47.72,47.86,47.94,48.06,48.16,48.22,48.21,48.17,48.09,48.04,48.01,47.94,47.87,47.82,47.77,47.77,47.75,47.70,47.62,47.53,47.38,47.29,47.20,47.10,47.03,46.95,46.92,46.92,46.93,46.81,46.77,46.73,46.63,46.50,46.36,46.27,46.22,46.20,46.15,46.11,46.08,46.03,46.01,45.94,45.92,46.13,46.93,47.88,48.76,49.54,50.33,51.74,53.47,55.19,56.78,58.57,63.91,68.27,70.31,70.92,71.19,71.06,70.44,68.89,65.56,60.84,55.55,50.96,49.83,49.45,49.19,48.92,48.68,48.43,48.21,48.00,47.82,47.79,47.86,47.97,48.11,48.27,48.42,48.58,48.71,48.78,48.67,48.48,48.27,48.06,47.78,47.55,47.74,48.30,48.99,49.73,50.86,52.03,52.87,53.30,53.57,53.84,54.12,54.29,54.48,55.32,56.48,57.44,58.38,60.21,61.86,62.63,62.49,62.20,61.93,61.45,60.36,59.34,58.39,57.47,56.43,54.86,53.15,52.05,51.51,50.70,50.07,49.42,48.89,48.71,48.62,48.55,48.53,48.61,48.70,48.87,49.54,50.59,51.59,52.20,52.44,52.22,51.35,49.72,49.07,48.76,48.45,48.14,47.82,47.73,47.88,48.19,48.50,48.81,49.12,49.83,52.11,54.79,57.25,58.87,58.75,58.68,58.57,58.48,58.52,58.84,58.97,59.04,59.16,59.47,59.92,60.33,60.69,61.00,61.25,61.50,61.77,62.05,62.36,62.68,63.01,63.25,63.25,63.17,62.90,62.55,62.29,62.07,61.88,61.68,61.46,61.25,61.15,61.12,61.10,61.00,60.81,60.64,60.49,60.35,60.20,60.07,59.70,59.11,58.48,58.39,58.82,59.44,59.89,60.00,60.13,60.24,60.31,60.39,60.49,60.56,60.61,60.62,60.63,60.66,60.71,60.74,60.79,60.82,60.85,60.91,60.93,60.98,61.01,61.05,61.09,61.10,61.04,60.97,60.91,60.89,60.83,60.80,60.78,60.70,60.62,60.60,60.57,60.49,60.41,60.40
51.44,50.69,49.75,48.55,47.82,47.55,47.51,47.50,47.51,47.52,47.59,47.73,47.81,47.90,47.97,48.04,48.03,48.02,47.96,47.89,47.82,47.75,47.73,47.72,47.71,47.70,47.64,47.57,47.49,47.40,47.26,47.16,47.05,46.94,46.87,46.80,46.77,46.78,46.83,46.74,46.71,46.65,46.52,46.43,46.34,46.29,46.27,46.22,46.19,46.14,46.10,46.08,46.02,45.94,45.96,46.23,46.98,47.72,48.45,49.10,49.64,50.38,51.78,53.48,55.34,57.76,60.73,64.91,69.03,69.93,70.48,70.92,71.04,70.30,68.04,63.47,58.05,53.04,50.35,49.60,49.34,49.11,48.86,48.58,48.37,48.21,48.06,47.99,48.09,48.20,48.30,48.46,48.61,48.77,48.92,49.03,48.97,48.83,48.61,48.33,48.09,47.91,48.07,48.55,49.26,50.06,51.35,52.80,53.99,54.64,54.97,55.24,55.43,55.26,55.04,55.71,56.94,58.17,59.29,62.44,66.14,68.96,69.17,68.94,68.74,68.55,67.93,66.13,64.33,62.67,61.09,59.53,58.45,57.61,56.58,54.68,53.38,51.78,50.39,50.12,50.03,49.98,50.01,50.12,50.21,50.46,52.09,54.83,57.39,58.64,59.02,58.31,55.80,51.23,49.73,49.31,48.95,48.64,48.28,48.18,48.33,48.64,48.94,49.34,49.76,51.38,57.44,59.30,59.79,60.06,59.98,59.96,59.90,59.82,59.79,59.90,59.94,59.98,60.07,60.20,60.49,60.82,61.15,61.50,61.75,61.95,62.13,62.32,62.62,62.97,63.25,63.38,63.34,63.11,62.77,62.38,62.05,61.86,61.66,61.43,61.22,61.05,60.96,60.93,60.90,60.81,60.66,60.51,60.38,60.28,60.14,60.02,59.66,59.04,58.47,58.69,59.23,59.73,59.98,60.07,60.15,60.24,60.31,60.39,60.52,60.59,60.62,60.68,60.69,60.70,60.73,60.79,60.80,60.86,60.90,60.92,60.98,61.00,61.04,61.09,61.10,61.10,61.04,60.97,60.91,60.89,60.83,60.80,60.78,60.70,60.62,60.60,60.57,60.49,60.41,60.40
53.03,51.96,50.55,48.97,47.89,47.52,47.50,47.50,47.50,47.47,47.48,47.56,47.68,47.76,47.84,47.88,47.84,47.84,47.78,47.71,47.64,47.60,47.63,47.64,47.63,47.59,47.52,47.44,47.35,47.23,47.12,47.03,47.00,47.03,47.16,47.25,47.24,47.17,47.08,46.76,46.64,46.60,46.49,46.41,46.37,46.33,46.29,46.25,46.22,46.15,46.10,46.09,46.02,45.98,46.01,46.21,46.77,47.40,48.08,48.72,49.23,49.72,50.59,52.26,55.05,58.50,60.73,63.47,66.64,68.47,69.34,70.06,70.67,70.81,69.84,65.84,60.68,55.59,51.77,50.09,49.47,49.24,49.01,48.79,48.58,48.40,48.27,48.23,48.30,48.42,48.54,48.65,48.80,48.96,49.11,49.24,49.22,49.13,48.93,48.63,48.41,48.27,48.42,48.82,49.41,50.08,51.52,53.23,54.74,55.84,56.32,56.59,56.67,56.23,55.73,56.17,57.24,58.38,59.42,62.67,66.81,70.31,70.93,70.83,70.69,70.58,70.25,69.25,68.23,67.29,66.44,65.64,65.06,64.59,64.04,63.00,62.10,60.65,59.18,58.61,58.65,59.14,59.85,60.53,60.66,61.02,61.07,60.93,61.14,61.35,61.50,61.01,59.20,56.15,52.82,50.45,49.34,49.05,48.74,48.67,48.81,49.08,49.35,51.16,53.55,56.17,59.79,60.75,60.81,60.77,60.74,60.73,60.68,60.62,60.60,60.67,60.69,60.74,60.86,60.99,61.20,61.42,61.67,61.98,62.29,62.49,62.64,62.80,62.99,63.28,63.45,63.45,63.24,62.95,62.59,62.22,61.88,61.60,61.39,61.19,61.00,60.82,60.75,60.71,60.65,60.54,60.42,60.31,60.21,60.12,59.96,59.74,59.34,58.88,58.70,59.09,59.57,59.91,60.05,60.09,60.16,60.24,60.31,60.39,60.50,60.59,60.66,60.70,60.74,60.76,60.78,60.85,60.86,60.92,60.95,60.97,61.04,61.05,61.08,61.10,61.10,61.10,61.04,60.97,60.91,60.89,60.83,60.80,60.78,60.70,60.62,60.60,60.57,60.49,60.41,60.40
54.61,53.22,51.36,49.56,48.12,47.57,47.49,47.48,47.48,47.43,47.40,47.43,47.55,47.64,47.70,47.73,47.67,47.66,47.60,47.54,47.49,47.48,47.54,47.57,47.55,47.47,47.39,47.32,47.21,47.07,47.02,47.02,47.12,47.33,47.64,47.89,47.90,47.74,47.53,46.98,46.71,46.59,46.49,46.43,46.41,46.36,46.30,46.29,46.23,46.16,46.11,46.09,46.03,46.01,46.04,46.17,46.56,47.12,47.75,48.36,48.88,49.29,49.73,51.37,55.00,59.48,61.52,62.90,64.60,66.97,68.08,68.98,69.91,70.72,70.91,67.97,63.49,58.44,53.84,50.94,49.69,49.39,49.16,49.00,48.79,48.59,48.46,48.47,48.53,48.64,48.78,48.87,49.01,49.16,49.31,49.44,49.48,49.42,49.23,48.93,48.68,48.60,48.76,49.10,49.54,50.09,51.66,53.60,55.32,56.83,57.59,57.90,57.81,57.18,56.53,56.70,57.45,58.38,59.29,62.10,66.09,70.00,71.07,71.18,71.10,71.04,70.94,70.91,70.78,70.63,70.55,70.44,70.18,70.04,70.05,70.00,69.68,68.75,67.61,66.94,67.07,67.89,69.02,70.07,70.25,70.64,69.23,66.45,64.30,63.28,62.95,62.57,61.70,60.65,56.49,52.77,50.81,49.84,49.41,49.58,50.18,50.93,51.39,54.12,57.69,60.60,61.12,61.37,61.43,61.39,61.38,61.37,61.33,61.29,61.30,61.37,61.40,61.48,61.63,61.78,61.94,62.09,62.27,62.50,62.83,63.06,63.22,63.36,63.45,63.60,63.63,63.48,63.10,62.76,62.40,62.04,61.72,61.35,61.13,60.96,60.79,60.59,60.54,60.48,60.38,60.24,60.17,60.09,60.02,59.92,59.77,59.43,59.06,58.84,59.05,59.50,59.84,60.04,60.10,60.11,60.18,60.25,60.33,60.39,60.47,60.59,60.70,60.73,60.78,60.81,60.84,60.90,60.92,60.97,61.01,61.03,61.09,61.11,61.12,61.11,61.10,61.10,61.04,60.97,60.91,60.89,60.83,60.80,60.78,60.70,60.62,60.60,60.57,60.49,60.41,60.40
55.95,54.27,52.26,50.67,48.86,47.85,47.48,47.43,47.42,47.41,47.40,47.41,47.44,47.51,47.55,47.55,47.54,47.48,47.45,47.43,47.42,47.42,47.43,47.44,47.42,47.34,47.27,47.19,47.08,46.97,47.06,47.35,47.67,47.97,48.33,48.58,48.59,48.43,48.23,47.73,47.13,46.68,46.51,46.48,46.43,46.36,46.30,46.29,46.23,46.19,46.16,46.10,46.09,46.03,46.04,46.17,46.55,47.03,47.53,48.04,48.51,48.96,49.38,50.98,54.75,59.94,62.12,63.27,64.39,65.72,66.80,67.80,68.77,69.68,70.48,69.66,66.68,61.79,57.02,52.50,50.17,49.58,49.35,49.19,48.98,48.78,48.66,48.71,48.78,48.90,49.03,49.12,49.27,49.42,49.55,49.65,49.77,49.70,49.48,49.16,48.84,48.85,49.07,49.38,49.70,50.31,52.02,54.03,55.73,57.38,58.68,59.13,58.75,58.09,57.50,57.31,57.55,58.21,59.05,60.80,64.26,68.76,70.45,70.84,70.91,70.96,71.07,71.23,71.09,70.87,70.71,70.52,70.28,70.19,70.22,70.16,70.08,69.86,69.60,69.50,69.53,69.73,70.10,70.57,70.79,70.96,70.36,69.01,67.31,65.84,64.64,63.54,62.43,61.45,59.89,57.91,55.31,51.77,50.60,51.61,53.95,56.67,57.98,59.21,60.49,61.59,61.85,62.03,62.09,62.08,62.08,62.02,61.99,61.98,62.00,62.06,62.13,62.24,62.39,62.55,62.70,62.86,63.01,63.19,63.38,63.60,63.79,63.94,64.07,63.99,63.75,63.41,62.97,62.59,62.21,61.85,61.53,61.21,60.92,60.70,60.55,60.39,60.30,60.23,60.13,59.99,59.96,59.91,59.83,59.73,59.58,59.24,59.08,59.18,59.52,59.82,60.00,60.09,60.11,60.17,60.24,60.31,60.38,60.40,60.47,60.59,60.72,60.78,60.80,60.84,60.89,60.91,60.97,60.99,61.03,61.08,61.10,61.16,61.18,61.16,61.10,61.10,61.04,60.97,60.91,60.89,60.83,60.80,60.78,60.70,60.62,60.60,60.57,60.49,60.41,60.40
57.52,56.23,54.87,53.49,51.06,49.20,48.04,47.47,47.40,47.40,47.39,47.36,47.40,47.47,47.48,47.44,47.37,47.32,47.34,47.35,47.35,47.35,47.33,47.31,47.29,47.22,47.14,47.13,47.16,47.23,47.44,47.87,48.33,48.73,49.09,49.56,49.54,49.21,48.98,48.52,47.83,47.16,46.72,46.53,46.44,46.38,46.34,46.30,46.26,46.22,46.17,46.11,46.10,46.06,46.05,46.13,46.47,46.92,47.40,47.89,48.35,48.82,49.23,50.48,53.68,59.41,61.55,62.46,63.33,64.37,65.41,66.44,67.45,68.50,69.69,70.27,69.02,65.56,61.08,56.34,52.45,50.02,49.61,49.39,49.19,49.02,48.89,48.93,49.02,49.14,49.26,49.37,49.49,49.63,49.97,50.70,51.48,50.72,49.79,49.34,49.02,49.12,49.39,49.97,51.29,52.65,54.48,56.28,57.67,58.89,60.23,60.57,59.85,59.06,58.55,58.27,58.26,58.68,59.33,60.92,64.02,68.05,70.01,70.54,70.74,70.95,71.14,71.37,71.26,71.01,70.82,70.59,70.39,70.32,70.38,70.34,70.33,70.31,70.31,70.39,70.46,70.48,70.57,70.78,71.03,71.01,70.68,69.90,68.39,66.94,65.56,64.29,63.13,62.18,61.33,60.21,58.50,56.05,55.23,55.98,57.69,59.71,60.83,61.47,61.96,62.38,62.52,62.67,62.73,62.73,62.73,62.69,62.68,62.68,62.70,62.80,62.91,63.04,63.20,63.35,63.50,63.64,63.77,63.93,64.08,64.17,64.19,64.14,64.12,63.93,63.63,63.27,62.84,62.45,62.06,61.68,61.31,61.00,60.69,60.45,60.30,60.15,60.09,60.02,59.93,59.83,59.78,59.72,59.64,59.55,59.43,59.23,59.23,59.46,59.79,60.02,60.12,60.15,60.16,60.22,60.28,60.34,60.40,60.44,60.51,60.62,60.72,60.80,60.84,60.87,60.91,60.95,60.99,61.03,61.06,61.11,61.14,61.19,61.20,61.17,61.11,61.10,61.04,60.97,60.91,60.89,60.83,60.80,60.78,60.70,60.62,60.60,60.57,60.49,60.41,60.40
60.04,59.26,58.61,57.29,54.30,51.58,49.48,48.11,47.68,47.53,47.45,47.43,47.53,47.62,47.60,47.50,47.35,47.29,47.30,47.30,47.28,47.28,47.23,47.19,47.18,47.14,47.10,47.20,47.40,47.69,48.00,48.47,49.12,49.91,50.77,51.91,52.06,51.48,50.84,49.90,48.84,47.86,47.13,46.71,46.50,46.41,46.38,46.31,46.30,46.25,46.17,46.12,46.10,46.10,46.07,46.08,46.36,46.80,47.32,47.86,48.31,48.77,49.18,49.99,52.28,58.09,60.19,61.03,61.88,62.96,63.99,65.04,66.16,67.39,68.78,70.18,70.55,69.06,65.32,61.16,56.00,51.47,50.38,49.72,49.42,49.27,49.15,49.15,49.26,49.37,49.47,49.63,50.00,50.53,51.39,52.69,53.73,51.99,50.16,49.49,49.21,49.39,49.85,50.98,53.56,55.81,57.68,59.15,60.13,60.79,61.97,62.20,61.33,60.51,60.13,59.88,59.84,60.22,60.65,62.33,64.96,67.94,69.78,70.33,70.63,70.95,71.18,71.41,71.34,71.12,70.90,70.67,70.49,70.45,70.51,70.51,70.51,70.47,70.44,70.52,70.66,70.72,70.76,70.88,71.13,70.95,70.66,70.08,68.66,67.37,66.12,64.91,63.78,62.82,61.86,61.15,60.78,60.58,60.48,60.60,60.91,61.38,61.93,62.42,62.80,63.06,63.16,63.30,63.37,63.38,63.38,63.37,63.37,63.38,63.41,63.55,63.70,63.85,64.01,64.16,64.31,64.41,64.47,64.57,64.67,64.60,64.39,64.11,63.89,63.65,63.38,63.05,62.68,62.31,61.92,61.51,61.09,60.76,60.45,60.21,60.07,59.93,59.90,59.84,59.77,59.71,59.63,59.56,59.49,59.43,59.36,59.34,59.46,59.70,59.98,60.16,60.22,60.22,60.23,60.29,60.31,60.35,60.43,60.50,60.57,60.64,60.72,60.80,60.88,60.91,60.94,60.99,61.01,61.07,61.10,61.13,61.19,61.21,61.21,61.17,61.11,61.10,61.04,60.97,60.91,60.89,60.83,60.80,60.78,60.70,60.62,60.60,60.57,60.49,60.42,60.40
66.11,65.06,63.86,61.94,59.13,56.21,53.48,51.12,49.13,48.20,47.91,48.00,48.27,48.39,48.37,48.24,47.97,47.70,47.48,47.30,47.17,47.16,47.14,47.10,47.09,47.23,47.42,47.67,47.94,48.25,48.56,49.05,50.28,52.62,56.11,59.37,60.63,59.84,57.23,53.66,50.63,48.72,48.00,47.38,46.81,46.48,46.38,46.31,46.30,46.25,46.19,46.17,46.11,46.10,46.09,46.10,46.26,46.71,47.34,47.95,48.38,48.83,49.24,49.73,51.09,55.32,57.80,59.27,60.38,61.55,62.63,63.94,65.39,66.83,68.06,69.31,70.36,70.59,68.70,65.73,61.41,56.66,53.17,50.55,49.67,49.54,49.46,49.45,49.53,49.62,49.70,49.98,51.79,54.43,56.62,56.99,55.51,52.86,50.68,49.66,49.44,49.65,50.88,53.08,55.94,58.37,60.03,61.14,61.88,62.55,63.56,64.12,64.07,63.85,63.73,63.55,63.85,65.08,65.36,66.42,67.89,69.30,70.04,70.37,70.63,70.89,71.12,71.36,71.34,71.20,71.02,70.79,70.62,70.58,70.64,70.64,70.64,70.63,70.60,70.61,70.79,70.92,70.99,71.05,71.21,70.96,70.78,70.43,69.17,67.84,66.57,65.36,64.23,63.24,62.32,61.81,61.73,61.78,61.87,61.92,62.05,62.38,62.85,63.24,63.53,63.71,63.79,63.93,64.03,64.08,64.07,64.02,64.04,64.10,64.16,64.31,64.47,64.62,64.78,64.93,65.08,65.06,64.91,64.74,64.57,64.37,64.12,63.81,63.53,63.28,63.01,62.70,62.37,62.09,61.74,61.34,60.94,60.58,60.25,60.04,59.94,59.84,59.78,59.71,59.67,59.69,59.62,59.59,59.56,59.54,59.52,59.60,59.75,59.93,60.13,60.29,60.34,60.34,60.34,60.36,60.37,60.41,60.48,60.56,60.59,60.64,60.72,60.80,60.88,60.94,60.98,61.01,61.06,61.09,61.13,61.17,61.20,61.25,61.24,61.17,61.11,61.10,61.04,60.97,60.91,60.89,60.83,60.80,60.78,60.70,60.62,60.60,60.57,60.50,60.47,60.43
69.56,68.73,67.65,65.92,63.31,60.30,57.32,54.55,51.45,49.44,48.54,48.57,49.00,49.21,49.20,49.02,48.70,48.34,48.02,47.74,47.55,47.48,47.48,47.48,47.53,47.76,48.02,48.27,48.54,48.83,49.14,50.70,53.65,57.87,62.45,65.80,67.10,66.40,63.66,59.57,55.17,51.42,49.03,48.20,47.46,46.93,46.61,46.37,46.31,46.27,46.23,46.20,46.15,46.13,46.12,46.11,46.20,46.71,47.40,48.04,48.44,48.89,49.27,49.58,50.27,52.66,55.01,56.95,58.63,60.41,61.72,63.17,64.76,66.23,67.38,68.57,69.91,71.02,70.66,68.95,66.18,62.54,58.20,54.55,52.62,51.65,51.10,50.88,51.19,51.81,52.62,53.72,56.11,58.58,59.95,59.00,56.27,53.34,51.05,49.82,49.69,50.10,51.85,54.64,57.63,59.92,61.43,62.49,63.33,64.18,65.10,65.89,66.46,66.83,67.05,67.16,67.61,68.69,68.74,69.14,69.68,70.06,70.19,70.38,70.59,70.82,71.03,71.26,71.35,71.30,71.11,70.88,70.73,70.70,70.77,70.77,70.79,70.79,70.75,70.73,70.89,71.06,71.16,71.15,71.20,70.97,70.78,70.43,69.35,68.14,66.95,65.78,64.63,63.60,62.89,62.58,62.62,62.70,62.82,62.89,63.00,63.30,63.69,63.99,64.20,64.34,64.43,64.57,64.69,64.77,64.74,64.69,64.74,64.84,64.95,65.10,65.24,65.32,65.34,65.34,65.33,65.19,64.94,64.63,64.32,64.07,63.80,63.49,63.19,62.91,62.65,62.36,62.05,61.79,61.48,61.14,60.77,60.39,60.10,59.94,59.88,59.81,59.76,59.72,59.72,59.75,59.72,59.70,59.70,59.70,59.70,59.80,59.94,60.07,60.23,60.38,60.45,60.47,60.47,60.47,60.47,60.49,60.54,60.59,60.62,60.68,60.75,60.80,60.88,60.97,61.03,61.05,61.12,61.13,61.18,61.23,61.24,61.28,61.25,61.17,61.11,61.10,61.04,60.97,60.91,60.89,60.83,60.80,60.78,60.70,60.65,60.61,60.58,60.53,60.51,60.46
70.38,70.16,69.84,68.96,66.56,63.53,60.60,57.96,54.31,51.08,49.29,49.12,49.67,50.05,50.05,49.80,49.48,49.16,48.85,48.57,48.36,48.23,48.20,48.27,48.42,48.66,48.88,49.07,49.29,49.59,50.13,53.67,58.99,64.77,68.71,70.39,70.81,70.47,69.23,66.62,61.85,56.05,50.85,49.42,48.48,47.71,47.09,46.57,46.40,46.33,46.28,46.21,46.19,46.19,46.16,46.12,46.16,46.78,47.50,48.11,48.50,48.94,49.25,49.49,49.79,50.43,52.13,54.29,56.75,59.57,61.23,62.71,64.20,65.58,66.77,68.04,69.39,70.65,71.31,70.81,69.92,68.23,64.68,61.13,58.04,55.69,54.37,53.88,54.70,56.18,58.03,60.17,61.96,62.17,60.96,58.66,56.04,53.35,51.20,50.01,49.99,50.73,52.70,55.62,58.67,60.62,62.06,63.31,64.48,65.61,66.55,67.47,68.41,69.22,69.75,70.23,70.63,70.73,70.51,70.36,70.26,70.20,70.22,70.35,70.54,70.75,70.91,71.14,71.35,71.39,71.18,70.95,70.84,70.83,70.89,70.90,70.96,70.94,70.90,70.91,70.98,71.16,71.25,71.17,71.11,70.96,70.68,70.18,69.29,68.32,67.26,66.14,64.99,63.96,63.56,63.50,63.57,63.65,63.73,63.81,63.93,64.17,64.47,64.67,64.84,64.98,65.06,65.20,65.35,65.44,65.39,65.38,65.47,65.61,65.73,65.85,65.93,65.86,65.65,65.39,65.12,64.87,64.62,64.31,64.00,63.74,63.48,63.18,62.87,62.56,62.30,62.04,61.74,61.44,61.17,60.90,60.58,60.21,60.00,59.92,59.90,59.83,59.81,59.85,59.89,59.90,59.89,59.89,59.89,59.89,59.89,59.96,60.04,60.14,60.30,60.45,60.55,60.59,60.59,60.59,60.59,60.60,60.61,60.62,60.67,60.74,60.80,60.81,60.88,61.00,61.09,61.11,61.17,61.20,61.23,61.29,61.29,61.30,61.25,61.17,61.11,61.10,61.04,60.97,60.91,60.89,60.83,60.80,60.78,60.71,60.69,60.64,60.59,60.57,60.52,60.49
70.81,70.67,70.45,69.88,68.05,65.33,62.58,60.07,56.16,52.42,50.14,49.64,50.23,50.98,51.13,50.81,50.41,50.05,49.73,49.45,49.24,49.13,49.11,49.16,49.34,49.72,50.18,50.61,50.99,51.69,54.02,59.44,64.73,68.36,70.22,71.11,71.53,71.54,70.81,69.48,67.09,63.05,57.50,53.12,50.13,48.55,47.92,47.37,46.97,46.64,46.38,46.27,46.21,46.20,46.19,46.17,46.26,46.90,47.60,48.17,48.55,48.88,49.14,49.35,49.55,49.83,50.68,52.50,55.46,59.36,61.07,62.35,63.69,65.06,66.32,67.69,69.09,70.34,71.03,71.24,71.09,70.36,68.57,66.60,64.19,62.10,61.08,61.39,62.85,64.10,64.72,64.72,63.45,61.61,59.51,57.21,54.79,52.40,50.87,50.50,50.64,51.29,53.35,56.45,59.46,61.25,62.61,63.88,65.16,66.41,67.57,68.95,70.26,70.54,70.81,71.08,71.25,71.14,70.94,70.71,70.51,70.38,70.33,70.41,70.54,70.68,70.84,71.06,71.30,71.38,71.24,71.06,70.96,70.96,71.02,71.03,71.09,71.10,71.08,71.08,71.11,71.22,71.23,71.06,70.94,70.91,70.85,70.57,69.69,68.66,67.55,66.38,65.21,64.47,64.33,64.38,64.46,64.54,64.66,64.76,64.85,65.00,65.16,65.32,65.47,65.61,65.70,65.84,65.99,66.10,66.08,66.11,66.20,66.24,66.15,66.02,65.88,65.68,65.44,65.13,64.82,64.53,64.26,63.99,63.69,63.40,63.13,62.86,62.55,62.28,62.01,61.73,61.47,61.21,60.94,60.66,60.40,60.11,59.99,59.98,60.01,59.99,59.98,60.00,60.02,60.03,60.07,60.08,60.08,60.08,60.08,60.11,60.16,60.26,60.41,60.57,60.64,60.68,60.72,60.72,60.72,60.72,60.72,60.72,60.75,60.78,60.81,60.87,60.94,61.04,61.12,61.16,61.19,61.24,61.28,61.30,61.30,61.30,61.25,61.17,61.11,61.10,61.04,60.97,60.91,60.90,60.87,60.83,60.78,60.71,60.70,60.65,60.58,60.54,60.51,60.46
71.09,70.88,70.60,70.16,68.79,66.25,63.47,60.91,57.16,53.52,51.19,50.53,50.95,51.92,52.18,51.83,51.39,51.01,50.71,50.48,50.30,50.20,50.23,50.33,50.57,51.09,51.79,52.54,53.28,54.63,59.10,64.83,68.84,70.30,70.67,71.11,71.59,71.82,71.44,70.98,70.42,68.40,64.00,58.30,53.77,50.77,49.10,48.33,47.77,47.24,46.80,46.55,46.33,46.23,46.21,46.26,46.45,47.05,47.70,48.22,48.54,48.78,49.00,49.20,49.38,49.61,49.87,51.19,54.20,59.12,61.12,62.69,64.20,65.29,66.24,67.56,68.97,70.18,70.78,71.37,71.53,71.26,70.72,70.07,68.72,67.42,66.98,67.78,69.25,69.87,69.02,66.46,62.91,59.96,57.61,55.52,53.37,51.88,51.35,51.66,51.83,52.12,53.91,56.87,59.80,61.51,62.87,64.24,65.68,67.04,68.38,69.97,71.34,71.22,71.27,71.36,71.39,71.28,71.12,70.91,70.72,70.56,70.47,70.51,70.58,70.66,70.81,71.00,71.23,71.37,71.32,71.16,71.07,71.09,71.15,71.16,71.22,71.25,71.25,71.25,71.25,71.26,71.17,70.96,70.79,70.75,70.86,70.81,70.00,68.87,67.68,66.52,65.55,65.13,65.16,65.27,65.35,65.43,65.54,65.61,65.67,65.76,65.84,65.98,66.12,66.25,66.35,66.48,66.60,66.68,66.63,66.62,66.61,66.52,66.28,65.97,65.68,65.41,65.15,64.86,64.55,64.25,63.98,63.72,63.44,63.13,62.86,62.61,62.30,62.06,61.79,61.50,61.26,61.02,60.74,60.48,60.27,60.07,60.02,60.06,60.12,60.14,60.16,60.19,60.19,60.18,60.23,60.25,60.25,60.27,60.27,60.27,60.30,60.39,60.54,60.69,60.75,60.77,60.82,60.84,60.85,60.85,60.85,60.85,60.85,60.85,60.86,60.93,61.00,61.06,61.13,61.20,61.22,61.27,61.31,61.32,61.30,61.30,61.25,61.17,61.11,61.10,61.04,60.98,60.92,60.90,60.88,60.84,60.78,60.71,60.68,60.64,60.57,60.50,60.48,60.43
71.24,70.89,70.53,70.11,68.84,66.16,62.99,60.11,57.14,54.32,52.54,52.00,52.01,52.88,53.13,52.79,52.41,52.08,51.87,51.72,51.61,51.49,51.62,51.89,52.30,52.92,53.71,54.88,56.24,58.55,65.11,68.63,70.12,70.60,70.91,71.19,71.51,71.76,71.77,71.53,71.07,70.25,68.60,65.04,60.43,55.31,50.90,49.53,48.86,48.29,47.73,47.23,46.63,46.33,46.26,46.39,46.79,47.28,47.80,48.24,48.43,48.66,48.84,49.03,49.25,49.48,49.67,50.39,52.82,58.65,61.47,64.19,66.37,66.74,66.71,67.73,69.09,70.25,70.89,71.45,71.56,71.27,70.84,70.61,70.30,70.14,70.35,70.74,71.19,70.84,68.83,64.14,60.46,57.87,55.78,53.78,52.06,52.44,53.32,53.83,53.80,53.43,54.36,56.63,59.43,61.17,62.68,64.32,66.10,67.58,68.98,70.28,71.18,71.14,71.24,71.38,71.50,71.50,71.32,71.14,70.95,70.74,70.61,70.64,70.68,70.71,70.81,70.97,71.17,71.36,71.42,71.24,71.18,71.21,71.27,71.28,71.34,71.37,71.37,71.36,71.36,71.28,71.12,70.89,70.66,70.47,70.54,70.61,70.01,68.84,67.56,66.57,66.12,65.96,66.04,66.16,66.24,66.30,66.34,66.31,66.32,66.46,66.54,66.67,66.80,66.90,67.03,67.12,67.17,67.14,66.94,66.74,66.51,66.27,66.03,65.72,65.47,65.20,64.91,64.66,64.36,64.09,63.84,63.54,63.30,63.01,62.73,62.48,62.18,61.93,61.66,61.37,61.13,60.84,60.58,60.37,60.21,60.11,60.09,60.13,60.20,60.26,60.33,60.40,60.43,60.37,60.37,60.38,60.40,60.46,60.46,60.46,60.47,60.51,60.67,60.82,60.87,60.88,60.90,60.96,60.97,60.97,60.97,60.97,60.97,60.97,60.98,61.00,61.06,61.09,61.13,61.21,61.27,61.29,61.33,61.37,61.31,61.30,61.25,61.17,61.11,61.10,61.04,60.99,60.97,60.91,60.84,60.81,60.78,60.70,60.64,60.61,60.57,60.49,60.43,60.41
71.19,70.77,70.34,69.77,68.09,65.26,62.16,59.53,57.18,55.23,54.09,53.74,53.59,53.99,54.07,53.83,53.57,53.33,53.16,53.04,52.94,52.81,53.09,53.45,53.90,54.68,55.49,56.88,59.59,64.09,68.30,70.02,70.61,70.86,71.16,71.44,71.67,71.78,71.68,71.47,71.10,70.67,70.02,68.34,65.64,61.41,56.86,54.83,52.64,50.42,48.77,48.22,47.61,47.26,47.08,47.11,47.55,47.92,48.17,48.34,48.46,48.64,48.78,48.94,49.17,49.40,49.58,49.96,51.93,58.06,63.20,66.75,68.52,68.31,67.84,68.44,69.43,70.37,70.92,71.44,71.59,71.39,71.06,71.04,71.11,71.22,71.32,71.20,70.56,68.43,64.87,61.04,58.20,55.97,54.17,53.00,52.95,54.07,55.34,56.17,56.13,55.25,55.00,56.03,58.67,60.58,62.33,64.16,66.09,67.80,69.29,70.31,70.80,70.90,71.04,71.22,71.40,71.52,71.47,71.34,71.15,70.93,70.78,70.78,70.80,70.82,70.91,71.02,71.16,71.32,71.46,71.33,71.30,71.34,71.40,71.40,71.40,71.38,71.33,71.31,71.30,71.30,71.20,70.96,70.69,70.45,70.33,70.16,69.56,68.59,67.66,67.08,66.99,66.85,66.90,67.02,67.07,66.94,66.94,66.98,67.05,67.16,67.28,67.39,67.47,67.50,67.46,67.39,67.31,67.18,66.91,66.68,66.39,66.11,65.87,65.57,65.32,65.05,64.76,64.52,64.22,63.96,63.70,63.41,63.16,62.88,62.60,62.36,62.05,61.81,61.53,61.24,61.00,60.70,60.47,60.30,60.16,60.11,60.10,60.14,60.21,60.29,60.37,60.45,60.50,60.51,60.54,60.58,60.62,60.65,60.65,60.65,60.65,60.68,60.79,60.91,60.98,61.00,61.01,61.04,61.08,61.10,61.10,61.10,61.10,61.10,61.10,61.11,61.14,61.18,61.22,61.25,61.29,61.33,61.37,61.38,61.31,61.30,61.25,61.17,61.11,61.10,61.04,61.00,60.98,60.91,60.87,60.83,60.79,60.75,60.67,60.65,60.62,60.55,60.51,60.47
71.09,70.64,70.14,69.34,67.25,64.43,61.61,59.33,57.48,56.23,55.60,55.43,55.23,55.16,55.08,54.94,54.80,54.64,54.49,54.36,54.26,54.14,54.55,54.99,55.48,56.38,57.20,59.31,63.40,68.94,70.17,70.59,70.86,71.11,71.40,71.69,71.84,71.80,71.51,71.27,71.00,70.69,70.41,70.15,69.46,67.01,63.43,60.86,57.34,53.71,51.02,50.02,49.13,48.52,48.12,48.01,48.39,48.59,48.56,48.48,48.57,48.70,48.80,48.93,49.14,49.36,49.53,49.72,51.34,57.54,64.88,69.02,70.31,69.83,69.14,69.28,69.84,70.47,70.92,71.38,71.60,71.57,71.35,71.39,71.53,71.59,71.39,70.82,68.69,64.87,60.47,58.07,56.14,54.37,53.11,53.05,54.61,56.10,57.49,58.58,58.55,57.24,55.90,55.71,58.01,60.04,61.99,63.95,65.96,67.98,69.49,70.25,70.42,70.64,70.80,71.00,71.23,71.43,71.54,71.49,71.34,71.13,70.97,70.92,70.92,70.95,71.03,71.10,71.18,71.31,71.47,71.44,71.42,71.44,71.48,71.47,71.40,71.32,71.25,71.18,71.17,71.27,71.27,71.09,70.81,70.55,70.22,69.77,69.16,68.48,67.98,67.80,67.93,67.75,67.73,67.79,67.78,67.52,67.53,67.65,67.77,67.83,67.92,67.97,67.97,67.91,67.69,67.47,67.28,67.09,66.79,66.55,66.27,65.99,65.74,65.44,65.19,64.92,64.63,64.39,64.09,63.83,63.58,63.28,63.04,62.75,62.47,62.23,61.92,61.68,61.41,61.12,60.88,60.60,60.40,60.25,60.13,60.12,60.12,60.15,60.21,60.29,60.37,60.45,60.52,60.60,60.67,60.75,60.80,60.81,60.82,60.83,60.84,60.86,60.92,61.00,61.08,61.13,61.13,61.13,61.18,61.21,61.22,61.23,61.23,61.23,61.23,61.23,61.23,61.27,61.32,61.33,61.33,61.38,61.41,61.38,61.33,61.30,61.26,61.19,61.13,61.12,61.06,61.02,61.00,60.93,60.91,60.87,60.81,60.80,60.73,60.71,60.69,60.62,60.61,60.55
71.01,70.57,69.99,68.91,66.88,64.57,62.28,60.16,58.50,57.42,56.88,56.72,56.55,56.36,56.27,56.22,56.12,55.97,55.82,55.67,55.54,55.47,55.92,56.46,57.06,57.98,58.88,63.43,68.33,69.98,70.52,70.85,71.12,71.35,71.60,71.80,71.85,71.75,71.50,71.27,71.02,70.78,70.55,70.43,70.29,69.56,67.94,65.25,62.36,59.68,56.96,54.03,51.73,50.09,49.15,48.92,49.10,48.99,48.82,48.73,48.81,48.91,48.98,49.08,49.20,49.37,49.53,49.69,51.24,57.35,65.11,69.44,70.96,71.07,70.31,70.10,70.23,70.54,70.88,71.27,71.61,71.81,71.73,71.60,71.47,71.26,70.90,70.17,65.35,60.90,58.21,56.28,54.51,53.54,53.57,54.79,56.66,58.45,60.00,61.05,60.95,59.36,57.49,56.58,58.05,59.92,61.86,63.82,65.91,68.31,69.58,70.12,70.28,70.45,70.61,70.81,71.02,71.20,71.39,71.55,71.56,71.38,71.17,71.03,71.01,71.07,71.15,71.23,71.31,71.40,71.50,71.55,71.51,71.46,71.41,71.35,71.28,71.20,71.12,71.05,71.05,71.07,71.17,71.27,71.05,70.76,70.35,69.85,69.37,68.99,68.80,68.76,68.77,68.62,68.50,68.33,68.13,68.16,68.22,68.34,68.44,68.39,68.25,68.09,67.92,67.73,67.51,67.33,67.16,66.97,66.67,66.42,66.14,65.86,65.62,65.31,65.06,64.80,64.50,64.27,63.97,63.71,63.45,63.15,62.91,62.63,62.35,62.10,61.80,61.55,61.28,60.99,60.76,60.57,60.40,60.27,60.19,60.17,60.17,60.19,60.21,60.29,60.37,60.45,60.52,60.60,60.68,60.76,60.82,60.89,60.95,61.00,61.03,61.03,61.06,61.13,61.20,61.25,61.25,61.25,61.27,61.27,61.29,61.34,61.36,61.36,61.36,61.36,61.36,61.37,61.40,61.45,61.46,61.47,61.45,61.40,61.37,61.32,61.29,61.25,61.19,61.17,61.12,61.08,61.06,60.99,60.98,60.94,60.88,60.87,60.80,60.77,60.75,60.68,60.67,60.61
70.87,70.54,70.02,69.00,67.03,64.90,62.77,60.75,59.44,58.65,58.18,57.93,57.68,57.39,57.23,57.19,57.17,57.14,57.09,56.99,56.86,56.83,57.31,57.92,59.07,61.78,63.52,67.05,70.11,70.32,70.59,70.87,71.13,71.36,71.59,71.78,71.87,71.81,71.58,71.35,71.12,70.91,70.77,70.72,70.77,70.69,70.10,68.32,66.59,64.45,61.90,59.07,56.47,54.18,52.25,50.73,49.73,49.27,49.05,48.98,49.02,49.10,49.17,49.25,49.34,49.46,49.61,49.75,51.78,59.72,66.59,70.01,71.22,71.56,70.84,70.58,70.63,70.83,71.08,71.38,71.67,71.81,71.65,71.40,71.13,70.83,70.07,67.49,62.50,58.73,56.80,55.08,53.79,53.75,54.75,56.51,58.49,60.64,62.50,63.63,63.47,61.12,58.74,57.44,58.11,59.61,62.03,64.63,66.91,68.96,69.80,70.12,70.27,70.39,70.51,70.66,70.83,70.99,71.22,71.42,71.54,71.51,71.35,71.19,71.15,71.20,71.28,71.33,71.39,71.47,71.54,71.56,71.47,71.38,71.30,71.22,71.15,71.07,70.99,70.92,70.89,70.88,71.00,71.22,71.21,70.94,70.55,70.17,69.88,69.72,69.72,69.82,69.88,69.30,69.00,68.82,68.70,68.72,68.68,68.66,68.61,68.46,68.24,68.03,67.82,67.59,67.36,67.22,67.06,66.84,66.54,66.30,66.02,65.73,65.49,65.19,64.94,64.67,64.38,64.14,63.84,63.58,63.33,63.03,62.78,62.50,62.22,61.98,61.67,61.43,61.17,60.91,60.72,60.55,60.40,60.28,60.25,60.24,60.24,60.24,60.25,60.30,60.37,60.45,60.52,60.60,60.68,60.76,60.83,60.91,60.99,61.09,61.16,61.19,61.23,61.27,61.33,61.38,61.38,61.38,61.38,61.38,61.40,61.46,61.48,61.48,61.48,61.48,61.51,61.52,61.54,61.58,61.58,61.58,61.54,61.48,61.44,61.40,61.36,61.31,61.25,61.24,61.19,61.15,61.13,61.06,61.05,61.00,60.95,60.94,60.86,60.84,60.81,60.75,60.74,60.67
70.65,70.48,70.07,69.25,67.38,65.27,63.11,61.17,60.26,59.77,59.39,59.03,58.68,58.32,58.08,57.98,58.05,58.17,58.26,58.26,58.20,58.47,59.38,60.23,61.88,66.42,68.93,69.90,70.19,70.33,70.55,70.78,71.01,71.24,71.47,71.69,71.87,71.91,71.70,71.47,71.25,71.09,71.03,71.03,71.08,71.08,70.90,70.39,69.87,68.13,66.02,64.41,62.21,59.59,56.59,53.40,50.72,49.62,49.27,49.21,49.23,49.30,49.38,49.46,49.54,49.66,50.17,51.06,54.30,63.62,68.64,70.60,71.27,71.63,71.03,70.90,71.04,71.25,71.41,71.60,71.72,71.66,71.31,71.00,70.69,70.24,68.76,63.92,60.12,57.59,55.87,54.27,53.71,54.59,56.26,58.13,60.19,62.72,64.97,66.31,66.09,62.94,60.02,58.38,58.31,59.30,62.59,66.17,68.41,69.68,70.04,70.18,70.32,70.40,70.48,70.57,70.67,70.83,71.04,71.21,71.39,71.54,71.49,71.37,71.31,71.33,71.40,71.41,71.46,71.53,71.57,71.51,71.38,71.26,71.19,71.10,71.02,70.95,70.88,70.80,70.72,70.69,70.80,71.03,71.27,71.07,70.80,70.61,70.53,70.50,70.57,70.76,70.85,69.78,69.32,69.24,69.28,69.13,68.93,68.72,68.52,68.29,68.06,67.88,67.68,67.45,67.24,67.13,66.96,66.72,66.41,66.17,65.89,65.61,65.36,65.06,64.81,64.54,64.25,64.01,63.72,63.45,63.20,62.90,62.66,62.37,62.09,61.85,61.55,61.30,61.07,60.86,60.71,60.55,60.40,60.31,60.30,60.30,60.30,60.30,60.30,60.30,60.37,60.45,60.52,60.60,60.68,60.76,60.83,60.91,61.00,61.13,61.23,61.31,61.37,61.39,61.45,61.50,61.51,61.51,61.52,61.52,61.54,61.60,61.61,61.62,61.62,61.63,61.69,61.71,61.71,61.72,61.71,61.70,61.66,61.59,61.52,61.50,61.46,61.39,61.32,61.31,61.25,61.20,61.19,61.12,61.11,61.06,61.01,61.00,60.92,60.91,60.88,60.81,60.80,60.75
70.30,70.16,69.73,68.74,67.29,65.42,63.32,61.41,60.71,60.36,60.07,59.80,59.57,59.25,58.96,58.79,58.82,58.92,59.07,59.20,59.58,61.32,64.65,66.59,67.33,69.24,70.30,70.52,70.42,70.40,70.56,70.74,70.94,71.17,71.40,71.59,71.79,71.89,71.76,71.53,71.38,71.31,71.34,71.34,71.40,71.45,71.39,71.06,70.68,69.84,69.02,68.51,67.16,64.63,61.49,57.85,53.53,50.63,49.50,49.42,49.47,49.55,49.63,49.70,49.81,50.18,52.81,58.15,64.55,68.10,69.98,70.78,71.23,71.67,71.32,71.30,71.48,71.67,71.73,71.71,71.62,71.44,71.10,70.74,70.42,69.14,66.00,61.33,58.50,56.58,55.00,53.83,54.35,55.75,57.47,59.33,61.83,64.62,67.28,69.14,68.81,65.96,62.48,59.73,59.18,59.61,64.29,68.67,69.49,69.97,70.13,70.24,70.39,70.46,70.53,70.62,70.70,70.81,70.93,71.08,71.25,71.40,71.48,71.50,71.47,71.45,71.53,71.53,71.55,71.56,71.52,71.44,71.31,71.19,71.11,70.98,70.90,70.85,70.80,70.73,70.60,70.56,70.64,70.84,71.08,71.16,71.13,71.06,71.05,71.04,70.94,70.80,70.58,69.88,69.52,69.35,69.22,69.02,68.79,68.59,68.39,68.16,67.93,67.72,67.50,67.29,67.15,67.02,66.84,66.59,66.29,66.04,65.76,65.48,65.23,64.94,64.69,64.41,64.12,63.88,63.59,63.33,63.07,62.77,62.53,62.24,61.97,61.72,61.42,61.17,60.97,60.81,60.70,60.55,60.43,60.37,60.36,60.31,60.30,60.30,60.30,60.30,60.37,60.45,60.52,60.60,60.68,60.76,60.83,60.92,61.04,61.15,61.24,61.32,61.39,61.45,61.52,61.59,61.63,61.64,61.67,61.70,61.71,61.73,61.74,61.77,61.80,61.80,61.83,61.84,61.86,61.89,61.84,61.79,61.75,61.72,61.65,61.59,61.55,61.51,61.44,61.38,61.31,61.27,61.25,61.18,61.16,61.13,61.06,61.06,60.99,60.96,60.94,60.87,60.87,60.81
69.69,69.52,69.05,68.00,66.77,65.17,63.33,61.62,61.10,60.86,60.65,60.46,60.31,60.08,59.80,59.77,60.30,60.73,61.91,62.88,63.44,65.22,68.52,70.33,70.52,70.81,70.91,70.84,70.70,70.58,70.64,70.78,70.96,71.17,71.37,71.53,71.72,71.87,71.84,71.68,71.59,71.59,71.66,71.68,71.71,71.74,71.72,71.52,71.18,70.87,70.75,70.82,70.22,68.12,65.18,61.48,56.72,52.01,49.87,49.70,49.90,50.45,51.02,51.58,52.17,53.08,58.18,65.07,70.70,70.68,70.77,70.98,71.33,71.72,71.60,71.60,71.67,71.77,71.88,71.67,71.41,71.17,70.87,70.52,69.80,67.54,63.27,59.52,57.38,55.73,54.38,54.04,55.23,56.86,58.63,60.69,63.44,66.34,68.97,70.75,70.60,68.58,65.79,63.42,62.88,62.99,66.73,70.04,70.08,70.15,70.22,70.33,70.45,70.52,70.61,70.68,70.76,70.84,70.94,71.06,71.19,71.32,71.45,71.53,71.56,71.57,71.59,71.58,71.55,71.51,71.43,71.35,71.23,71.13,71.04,70.89,70.80,70.75,70.71,70.63,70.50,70.43,70.46,70.61,70.81,70.96,71.02,71.02,71.02,71.00,70.82,70.52,70.18,69.79,69.53,69.30,69.09,68.86,68.63,68.43,68.23,68.01,67.80,67.57,67.35,67.16,67.05,66.91,66.71,66.46,66.16,65.92,65.63,65.35,65.11,64.81,64.56,64.29,64.00,63.76,63.46,63.20,62.95,62.64,62.40,62.12,61.84,61.60,61.32,61.10,60.92,60.78,60.67,60.54,60.45,60.40,60.39,60.35,60.34,60.34,60.34,60.34,60.38,60.45,60.52,60.60,60.68,60.76,60.84,60.95,61.08,61.16,61.24,61.32,61.39,61.47,61.55,61.64,61.73,61.78,61.83,61.86,61.87,61.89,61.89,61.92,61.96,61.96,61.99,61.99,62.00,62.02,61.97,61.90,61.85,61.82,61.77,61.69,61.65,61.61,61.55,61.48,61.40,61.35,61.32,61.27,61.24,61.19,61.13,61.13,61.06,61.03,61.00,60.94,60.93,60.87
68.83,68.56,68.06,67.09,65.85,64.54,63.15,61.83,61.53,61.36,61.20,61.05,60.95,60.80,60.60,60.93,62.50,63.69,66.64,69.00,69.45,69.74,70.39,70.84,71.03,71.28,71.23,71.13,71.02,70.88,70.81,70.91,71.06,71.22,71.38,71.54,71.70,71.85,71.95,71.88,71.84,71.87,71.93,71.99,71.96,71.90,71.86,71.86,71.62,71.38,71.28,71.38,71.27,69.84,67.27,63.79,59.77,53.62,50.48,50.15,50.55,51.90,53.38,54.84,56.30,57.98,65.46,70.58,71.52,71.21,71.10,71.27,71.55,71.77,71.81,71.72,71.57,71.52,71.84,71.50,71.15,70.91,70.64,70.27,68.73,65.47,60.89,58.44,56.67,55.08,54.09,54.90,56.27,57.90,59.83,62.27,65.09,67.89,70.00,71.09,71.33,70.46,69.55,68.99,68.91,68.98,69.59,70.13,70.20,70.27,70.35,70.43,70.51,70.58,70.67,70.75,70.82,70.91,71.04,71.14,71.23,71.32,71.40,71.48,71.59,71.66,71.60,71.53,71.46,71.38,71.31,71.23,71.15,71.06,70.97,70.83,70.73,70.66,70.59,70.51,70.42,70.30,70.26,70.35,70.49,70.48,70.47,70.47,70.46,70.40,70.27,70.08,69.83,69.58,69.34,69.14,68.96,68.73,68.50,68.28,68.05,67.83,67.65,67.44,67.24,67.08,66.94,66.78,66.59,66.34,66.03,65.79,65.51,65.23,64.98,64.68,64.43,64.16,63.87,63.63,63.33,63.07,62.82,62.52,62.28,61.99,61.71,61.49,61.25,61.07,60.92,60.76,60.62,60.53,60.45,60.40,60.40,60.40,60.40,60.40,60.40,60.40,60.40,60.45,60.52,60.60,60.68,60.76,60.86,60.99,61.09,61.16,61.24,61.32,61.39,61.47,61.55,61.65,61.80,61.94,61.98,61.99,62.01,62.06,62.08,62.09,62.09,62.10,62.16,62.18,62.16,62.10,62.08,62.02,61.95,61.90,61.88,61.81,61.74,61.70,61.67,61.61,61.53,61.45,61.40,61.38,61.33,61.25,61.20,61.19,61.12,61.10,61.06,61.00,60.99,60.94
67.85,67.51,67.05,66.28,65.06,63.86,62.87,62.27,62.15,62.02,61.88,61.77,61.65,61.54,61.46,62.12,64.40,66.48,69.11,70.97,71.28,71.04,71.16,71.34,71.50,71.65,71.54,71.41,71.29,71.18,71.06,71.05,71.13,71.28,71.44,71.59,71.75,71.91,72.02,71.89,71.81,71.78,71.77,71.75,71.73,71.67,71.62,71.64,71.66,71.65,71.62,71.51,71.17,69.64,67.09,63.77,60.11,54.70,51.89,51.42,51.45,52.24,53.66,55.33,57.09,59.09,66.73,71.35,71.58,71.63,71.42,71.50,71.69,71.72,71.59,71.40,71.21,71.13,71.42,71.56,71.42,71.08,70.59,69.65,66.98,63.32,59.68,57.73,56.08,54.91,54.64,55.90,57.38,59.12,61.33,64.25,67.31,69.46,70.79,71.36,71.38,70.83,70.34,70.10,70.07,70.14,70.19,70.25,70.32,70.40,70.44,70.50,70.58,70.65,70.73,70.81,70.89,70.97,71.07,71.19,71.30,71.37,71.45,71.52,71.62,71.68,71.60,71.48,71.39,71.31,71.23,71.16,71.08,71.00,70.91,70.76,70.67,70.57,70.46,70.38,70.31,70.21,70.12,70.08,70.09,70.07,70.05,70.05,70.05,70.02,69.97,69.86,69.66,69.43,69.20,68.99,68.78,68.55,68.36,68.14,67.91,67.69,67.48,67.29,67.12,66.97,66.86,66.68,66.46,66.21,65.91,65.66,65.38,65.10,64.85,64.56,64.30,64.03,63.74,63.50,63.21,62.95,62.69,62.39,62.15,61.86,61.60,61.42,61.23,61.07,60.92,60.76,60.61,60.53,60.48,60.45,60.45,60.45,60.45,60.45,60.45,60.45,60.45,60.48,60.52,60.60,60.68,60.79,60.90,61.01,61.09,61.16,61.24,61.32,61.39,61.47,61.55,61.66,61.81,61.96,62.07,62.14,62.18,62.21,62.22,62.24,62.27,62.28,62.31,62.31,62.28,62.21,62.17,62.13,62.08,62.01,61.96,61.93,61.87,61.80,61.76,61.73,61.66,61.58,61.51,61.46,61.43,61.37,61.30,61.26,61.23,61.18,61.13,61.06,61.05,61.00
66.93,66.49,66.03,65.45,64.41,63.46,62.89,62.82,62.81,62.70,62.59,62.50,62.37,62.27,62.29,63.13,65.70,68.27,70.34,71.58,71.80,71.54,71.58,71.69,71.78,71.86,71.80,71.68,71.57,71.47,71.34,71.23,71.23,71.35,71.51,71.66,71.81,71.95,72.04,71.85,71.71,71.62,71.52,71.44,71.40,71.35,71.29,71.29,71.44,71.61,71.62,71.32,70.75,68.73,65.84,62.52,59.38,55.58,53.52,52.93,52.64,52.72,53.67,55.20,57.06,59.18,66.53,70.98,71.34,71.74,71.63,71.68,71.78,71.63,71.32,71.03,70.81,70.70,70.90,71.34,71.40,71.02,70.28,68.50,64.97,61.32,58.77,57.08,55.58,54.97,55.48,56.91,58.46,60.58,63.30,66.50,69.25,70.65,71.33,71.53,71.27,70.80,70.43,70.22,70.16,70.22,70.29,70.37,70.45,70.51,70.53,70.58,70.66,70.73,70.80,70.87,70.95,71.02,71.10,71.23,71.36,71.44,71.51,71.58,71.65,71.66,71.58,71.44,71.34,71.25,71.17,71.08,71.00,70.92,70.83,70.70,70.61,70.48,70.36,70.27,70.18,70.09,69.97,69.83,69.75,69.73,69.73,69.74,69.75,69.74,69.73,69.68,69.51,69.29,69.07,68.84,68.61,68.39,68.21,68.00,67.77,67.55,67.32,67.15,67.00,66.87,66.78,66.57,66.33,66.08,65.78,65.54,65.25,64.97,64.73,64.43,64.18,63.91,63.62,63.38,63.08,62.82,62.56,62.27,62.02,61.75,61.52,61.38,61.22,61.07,60.92,60.76,60.62,60.54,60.52,60.52,60.52,60.52,60.52,60.51,60.50,60.50,60.50,60.50,60.52,60.60,60.69,60.82,60.93,61.01,61.09,61.16,61.24,61.32,61.39,61.47,61.56,61.67,61.81,61.96,62.12,62.24,62.33,62.36,62.37,62.40,62.44,62.44,62.44,62.43,62.40,62.33,62.26,62.23,62.19,62.13,62.05,62.03,61.98,61.91,61.85,61.83,61.77,61.71,61.63,61.55,61.53,61.47,61.40,61.34,61.33,61.27,61.19,61.13,61.10,61.04
66.20,65.59,65.04,64.55,63.97,63.66,63.52,63.45,63.45,63.38,63.30,63.21,63.12,62.99,63.01,63.77,65.95,68.13,70.13,71.32,71.55,71.89,71.84,71.71,71.66,71.80,71.91,71.94,71.87,71.74,71.64,71.52,71.42,71.42,71.57,71.72,71.88,71.99,71.98,71.78,71.61,71.47,71.33,71.19,71.11,71.04,70.96,70.91,70.93,71.04,71.03,70.69,70.16,67.27,63.46,59.85,57.73,56.30,55.24,54.54,54.27,53.94,54.11,55.08,56.92,58.94,66.07,70.43,70.83,71.27,71.57,71.78,71.79,71.50,71.14,70.78,70.44,70.24,70.32,70.47,70.54,70.34,69.32,66.47,62.73,59.63,57.94,56.38,55.24,55.30,56.46,57.88,59.45,62.42,66.06,69.09,70.37,71.09,71.50,71.50,71.11,70.69,70.45,70.35,70.29,70.34,70.42,70.50,70.57,70.58,70.64,70.71,70.78,70.86,70.88,70.94,71.01,71.08,71.17,71.30,71.42,71.50,71.58,71.65,71.66,71.59,71.52,71.43,71.30,71.19,71.10,70.96,70.87,70.79,70.71,70.63,70.55,70.42,70.29,70.21,70.07,69.93,69.78,69.64,69.56,69.55,69.55,69.56,69.61,69.57,69.55,69.49,69.32,69.10,68.92,68.72,68.49,68.25,68.03,67.81,67.59,67.42,67.19,67.02,66.89,66.80,66.72,66.47,66.21,65.95,65.65,65.41,65.13,64.85,64.60,64.30,64.05,63.78,63.49,63.25,62.95,62.69,62.44,62.14,61.90,61.66,61.48,61.38,61.22,61.07,60.92,60.76,60.63,60.59,60.59,60.59,60.59,60.59,60.59,60.55,60.50,60.50,60.50,60.50,60.52,60.61,60.74,60.85,60.93,61.01,61.09,61.16,61.24,61.32,61.39,61.47,61.59,61.72,61.82,61.96,62.12,62.27,62.41,62.53,62.55,62.56,62.57,62.57,62.57,62.52,62.48,62.45,62.38,62.32,62.28,62.25,62.17,62.11,62.08,62.04,61.96,61.90,61.88,61.83,61.76,61.68,61.61,61.54,61.47,61.40,61.38,61.33,61.25,61.18,61.11,61.04
66.11,65.73,65.33,64.95,64.62,64.49,64.42,64.32,64.28,64.21,64.12,63.99,63.84,63.69,63.65,64.22,66.03,67.98,69.61,70.64,71.04,71.55,71.57,71.47,71.44,71.56,71.71,71.81,71.85,71.86,71.88,71.80,71.69,71.61,71.65,71.78,71.94,72.03,71.93,71.72,71.55,71.39,71.23,71.08,70.96,70.84,70.73,70.62,70.57,70.59,70.34,69.43,67.89,65.86,63.65,61.45,59.57,57.99,56.90,56.30,56.09,55.61,55.22,55.43,56.59,58.41,64.09,68.62,70.57,71.03,71.45,71.77,71.83,71.47,71.06,70.63,70.11,69.45,68.75,68.49,68.39,67.99,66.51,63.62,60.80,58.61,57.17,55.71,55.46,56.20,57.56,59.03,61.57,65.08,68.36,70.12,70.84,71.40,71.61,71.38,70.97,70.70,70.53,70.42,70.36,70.42,70.50,70.58,70.65,70.69,70.76,70.83,70.90,70.94,70.98,71.04,71.12,71.20,71.28,71.38,71.48,71.56,71.64,71.68,71.66,71.58,71.50,71.39,71.27,71.17,71.08,70.94,70.84,70.74,70.63,70.55,70.45,70.33,70.23,70.14,69.99,69.84,69.68,69.54,69.43,69.41,69.41,69.41,69.44,69.42,69.41,69.35,69.18,68.96,68.75,68.54,68.32,68.12,67.90,67.66,67.44,67.25,67.06,66.92,66.82,66.74,66.62,66.34,66.08,65.83,65.53,65.28,65.00,64.72,64.47,64.17,63.92,63.66,63.36,63.13,62.83,62.56,62.31,62.02,61.81,61.61,61.45,61.34,61.22,61.07,60.92,60.77,60.66,60.65,60.62,60.60,60.60,60.60,60.60,60.58,60.55,60.55,60.55,60.55,60.57,60.65,60.77,60.86,60.93,61.01,61.09,61.16,61.24,61.32,61.39,61.47,61.60,61.74,61.86,61.97,62.12,62.27,62.43,62.58,62.66,62.72,62.73,62.70,62.69,62.64,62.58,62.54,62.47,62.39,62.33,62.28,62.20,62.13,62.08,62.01,61.91,61.82,61.81,61.77,61.69,61.61,61.54,61.48,61.43,61.36,61.32,61.25,61.17,61.09,61.02,60.94
66.39,66.32,66.13,65.85,65.67,65.57,65.47,65.33,65.24,65.13,64.97,64.78,64.60,64.43,64.31,64.65,66.05,67.76,69.00,69.85,70.46,70.99,71.11,71.13,71.16,71.26,71.41,71.55,71.69,71.84,71.98,71.99,71.91,71.81,71.77,71.86,71.99,72.04,71.88,71.66,71.48,71.33,71.17,71.02,70.86,70.71,70.56,70.41,70.32,70.20,69.70,68.36,66.18,65.49,65.30,64.68,62.60,60.13,58.72,58.27,58.09,57.42,56.59,56.09,56.41,57.99,62.16,66.87,70.44,70.90,71.34,71.75,71.88,71.48,71.03,70.58,69.93,68.90,67.37,66.47,65.87,65.05,63.28,60.86,59.16,57.81,56.46,55.34,56.01,57.29,58.75,60.70,64.23,67.75,70.12,70.57,71.11,71.60,71.66,71.23,70.89,70.75,70.63,70.50,70.44,70.49,70.56,70.64,70.72,70.79,70.87,70.95,71.02,71.03,71.09,71.17,71.25,71.31,71.39,71.47,71.55,71.63,71.70,71.70,71.65,71.56,71.48,71.35,71.24,71.16,71.07,70.93,70.83,70.72,70.59,70.50,70.37,70.25,70.17,70.08,69.93,69.78,69.62,69.45,69.30,69.27,69.28,69.28,69.28,69.28,69.28,69.22,69.04,68.83,68.60,68.36,68.15,67.97,67.75,67.53,67.31,67.09,66.93,66.83,66.75,66.66,66.50,66.22,65.95,65.70,65.40,65.16,64.87,64.59,64.35,64.05,63.80,63.53,63.23,63.00,62.70,62.44,62.19,61.92,61.75,61.59,61.44,61.29,61.20,61.07,60.92,60.78,60.71,60.70,60.66,60.62,60.62,60.62,60.62,60.62,60.62,60.62,60.62,60.62,60.63,60.70,60.78,60.86,60.93,61.01,61.09,61.16,61.24,61.32,61.39,61.47,61.60,61.75,61.89,61.98,62.12,62.27,62.43,62.58,62.73,62.84,62.87,62.80,62.77,62.71,62.63,62.55,62.47,62.39,62.32,62.24,62.16,62.09,62.01,61.91,61.78,61.70,61.67,61.63,61.55,61.48,61.41,61.37,61.34,61.27,61.20,61.12,61.05,60.97,60.89,60.81
67.27,67.30,67.21,66.97,66.85,66.77,66.67,66.52,66.43,66.14,65.76,65.47,65.50,65.34,65.13,65.21,66.01,67.27,68.37,69.23,69.89,70.48,70.65,70.74,70.86,71.00,71.15,71.26,71.38,71.54,71.69,71.80,71.89,71.95,71.99,71.98,72.00,71.98,71.81,71.59,71.42,71.26,71.11,70.96,70.80,70.65,70.49,70.34,70.20,69.88,69.39,68.79,68.31,68.67,69.14,68.74,65.84,62.75,61.18,60.81,60.48,59.26,58.09,57.18,56.90,58.30,62.15,66.75,70.44,70.94,71.35,71.78,71.94,71.55,71.09,70.67,70.25,69.56,67.84,65.56,63.57,62.00,60.68,59.34,58.19,57.00,55.94,56.06,57.07,58.32,60.20,63.98,67.53,69.58,70.48,70.84,71.36,71.64,71.54,71.14,70.97,70.83,70.72,70.63,70.56,70.57,70.63,70.70,70.78,70.86,70.94,71.04,71.15,71.16,71.22,71.30,71.36,71.38,71.45,71.53,71.61,71.69,71.75,71.72,71.62,71.50,71.42,71.33,71.21,71.09,71.01,70.92,70.79,70.68,70.59,70.50,70.36,70.25,70.16,70.02,69.86,69.72,69.53,69.32,69.12,69.12,69.15,69.15,69.15,69.15,69.15,69.07,68.87,68.69,68.47,68.24,68.01,67.80,67.57,67.37,67.18,66.97,66.85,66.77,66.69,66.59,66.38,66.09,65.82,65.57,65.27,65.03,64.75,64.47,64.22,63.92,63.67,63.40,63.11,62.87,62.58,62.31,62.09,61.90,61.75,61.59,61.44,61.28,61.15,61.05,60.92,60.78,60.71,60.70,60.69,60.67,60.67,60.67,60.67,60.67,60.67,60.67,60.67,60.67,60.68,60.71,60.78,60.86,60.93,61.01,61.09,61.16,61.24,61.32,61.39,61.47,61.60,61.75,61.89,61.98,62.12,62.27,62.43,62.58,62.74,62.84,62.88,62.80,62.69,62.56,62.44,62.37,62.29,62.21,62.13,62.06,61.98,61.91,61.83,61.74,61.65,61.57,61.51,61.44,61.36,61.29,61.26,61.22,61.17,61.14,61.08,61.00,60.92,60.84,60.77,60.69
68.16,68.30,68.31,68.14,68.05,67.96,67.81,67.59,67.36,66.94,66.49,66.22,66.41,66.27,66.03,65.96,66.30,66.94,67.76,68.59,69.33,70.00,70.27,70.43,70.59,70.74,70.90,71.02,71.14,71.30,71.45,71.60,71.76,71.90,72.00,72.03,72.00,71.92,71.75,71.56,71.39,71.24,71.08,70.93,70.77,70.62,70.47,70.31,70.16,69.89,69.59,69.48,69.81,70.57,71.10,70.70,68.41,66.01,64.83,64.50,63.88,61.78,59.66,58.10,57.56,58.66,62.91,67.38,70.46,70.96,71.36,71.77,71.95,71.61,71.19,70.94,70.82,70.51,69.13,66.10,62.96,60.52,59.31,58.34,57.35,56.50,56.15,56.91,58.04,60.09,63.21,67.02,69.51,70.48,70.75,71.09,71.58,71.64,71.45,71.17,71.05,70.93,70.83,70.75,70.69,70.65,70.69,70.77,70.85,70.95,71.04,71.14,71.24,71.28,71.35,71.41,71.45,71.48,71.56,71.63,71.70,71.74,71.75,71.69,71.58,71.44,71.36,71.28,71.18,71.07,70.99,70.88,70.76,70.65,70.55,70.47,70.35,70.24,70.12,70.00,69.84,69.64,69.41,69.17,69.00,69.00,69.03,69.02,68.99,68.98,68.98,68.91,68.71,68.53,68.30,68.09,67.88,67.65,67.41,67.21,67.03,66.87,66.78,66.70,66.61,66.49,66.26,65.97,65.70,65.45,65.15,64.90,64.62,64.34,64.09,63.80,63.54,63.28,62.98,62.74,62.45,62.22,62.05,61.90,61.75,61.59,61.44,61.28,61.13,61.01,60.89,60.79,60.74,60.73,60.73,60.73,60.73,60.73,60.73,60.73,60.73,60.73,60.71,60.70,60.70,60.71,60.78,60.86,60.93,61.01,61.09,61.16,61.24,61.32,61.39,61.47,61.60,61.75,61.90,62.02,62.13,62.27,62.43,62.58,62.74,62.81,62.80,62.73,62.66,62.51,62.34,62.22,62.14,62.06,61.98,61.91,61.83,61.75,61.66,61.56,61.48,61.41,61.33,61.25,61.17,61.10,61.09,61.04,60.98,60.97,60.91,60.83,60.76,60.71,60.64,60.56
69.03,69.31,69.44,69.38,69.27,69.11,68.87,68.54,68.11,67.59,67.17,67.02,67.33,67.21,67.00,66.86,66.88,66.90,67.36,68.07,68.85,69.61,70.00,70.21,70.37,70.52,70.67,70.83,70.98,71.14,71.29,71.44,71.60,71.75,71.91,72.04,72.01,71.86,71.71,71.55,71.39,71.24,71.08,70.93,70.77,70.61,70.46,70.30,70.16,70.09,70.07,70.19,70.64,71.31,71.61,71.24,70.33,69.28,68.76,68.54,67.71,64.83,61.47,59.03,58.35,59.09,64.13,68.45,70.47,70.95,71.34,71.73,71.92,71.69,71.32,71.28,71.40,71.40,70.63,67.30,63.33,60.08,58.77,57.66,56.72,56.35,56.88,57.84,59.22,62.50,66.97,69.54,70.48,70.80,71.01,71.33,71.75,71.62,71.39,71.27,71.13,71.04,70.96,70.88,70.81,70.73,70.77,70.84,70.93,71.06,71.16,71.24,71.31,71.39,71.47,71.50,71.53,71.61,71.68,71.75,71.79,71.77,71.71,71.63,71.52,71.38,71.30,71.23,71.14,71.06,70.97,70.84,70.74,70.62,70.50,70.42,70.33,70.21,70.08,69.98,69.83,69.56,69.26,69.00,68.90,68.89,68.89,68.88,68.81,68.80,68.80,68.75,68.58,68.36,68.12,67.92,67.74,67.51,67.29,67.06,66.89,66.80,66.72,66.64,66.53,66.36,66.13,65.84,65.57,65.32,65.02,64.78,64.49,64.21,63.97,63.66,63.42,63.15,62.85,62.62,62.33,62.16,62.05,61.90,61.75,61.59,61.44,61.28,61.13,60.98,60.87,60.81,60.80,60.80,60.80,60.80,60.80,60.80,60.80,60.80,60.80,60.79,60.73,60.71,60.71,60.72,60.78,60.86,60.93,61.01,61.09,61.16,61.24,61.32,61.39,61.47,61.60,61.75,61.91,62.06,62.16,62.27,62.43,62.58,62.73,62.75,62.69,62.62,62.65,62.53,62.33,62.13,62.03,61.94,61.86,61.77,61.69,61.62,61.50,61.38,61.30,61.22,61.15,61.07,60.98,60.91,60.89,60.85,60.80,60.78,60.72,60.65,60.60,60.59,60.51,60.44
69.86,70.36,70.75,70.91,70.58,70.14,69.70,69.27,68.77,68.23,67.88,67.84,68.22,68.15,68.06,67.99,67.85,67.81,67.94,68.26,68.82,69.60,69.98,70.18,70.34,70.49,70.65,70.83,71.02,71.17,71.28,71.46,71.64,71.79,71.94,72.05,72.01,71.85,71.70,71.55,71.39,71.24,71.08,70.93,70.73,70.55,70.40,70.25,70.19,70.17,70.20,70.30,70.57,71.00,71.42,71.60,71.10,70.37,70.22,70.44,70.20,68.29,64.32,60.77,59.38,59.75,65.48,69.55,70.48,70.90,71.25,71.61,71.88,71.84,71.54,71.39,71.30,71.17,70.57,67.13,62.91,59.52,58.34,57.25,56.81,56.98,57.73,58.79,61.86,65.74,69.16,70.41,70.90,71.12,71.29,71.50,71.71,71.63,71.47,71.35,71.25,71.16,71.09,71.01,70.93,70.85,70.88,70.96,71.04,71.14,71.23,71.31,71.38,71.45,71.53,71.59,71.66,71.72,71.76,71.79,71.78,71.72,71.64,71.57,71.45,71.31,71.23,71.16,71.08,71.00,70.92,70.82,70.70,70.58,70.49,70.41,70.28,70.17,70.06,69.92,69.72,69.44,69.13,68.86,68.73,68.70,68.70,68.70,68.67,68.67,68.67,68.61,68.45,68.22,67.99,67.77,67.56,67.33,67.14,66.96,66.81,66.73,66.66,66.54,66.40,66.23,66.00,65.71,65.44,65.19,64.89,64.65,64.37,64.09,63.84,63.54,63.29,63.02,62.73,62.49,62.28,62.12,62.00,61.89,61.75,61.59,61.44,61.28,61.13,60.97,60.89,60.87,60.87,60.87,60.87,60.84,60.81,60.80,60.80,60.80,60.80,60.80,60.77,60.77,60.77,60.77,60.79,60.86,60.93,61.01,61.09,61.16,61.24,61.32,61.39,61.47,61.60,61.75,61.91,62.06,62.16,62.27,62.43,62.58,62.69,62.69,62.61,62.54,62.51,62.52,62.44,62.21,62.04,61.85,61.70,61.59,61.51,61.43,61.34,61.24,61.17,61.09,61.01,60.91,60.80,60.72,60.70,60.66,60.61,60.59,60.53,60.49,60.47,60.45,60.39,60.31
70.46,71.01,71.52,71.80,71.45,70.92,70.39,69.91,69.38,68.85,68.57,68.64,69.09,69.34,69.43,69.29,68.85,68.75,68.69,68.74,69.07,69.72,70.03,70.21,70.36,70.52,70.67,70.86,71.06,71.20,71.31,71.50,71.70,71.85,72.00,72.06,71.98,71.83,71.67,71.52,71.36,71.21,71.05,70.90,70.70,70.52,70.38,70.28,70.26,70.26,70.28,70.37,70.52,70.76,71.18,71.63,71.50,71.02,70.94,71.26,71.48,70.54,67.28,64.01,62.48,62.66,67.26,70.23,70.55,70.92,71.24,71.60,71.88,71.89,71.62,71.33,71.08,70.85,70.36,66.39,62.11,59.04,58.00,57.09,57.14,57.76,58.75,60.58,64.81,68.48,70.46,70.92,71.22,71.41,71.56,71.70,71.75,71.68,71.57,71.45,71.37,71.29,71.21,71.13,71.03,70.95,70.98,71.06,71.14,71.22,71.29,71.37,71.45,71.52,71.60,71.67,71.75,71.79,71.78,71.78,71.73,71.67,71.66,71.59,71.46,71.30,71.20,71.10,71.02,70.94,70.86,70.78,70.65,70.53,70.45,70.37,70.25,70.14,70.02,69.83,69.59,69.29,68.99,68.73,68.58,68.55,68.55,68.55,68.55,68.55,68.55,68.47,68.29,68.07,67.85,67.63,67.40,67.17,67.00,66.86,66.74,66.67,66.57,66.44,66.30,66.10,65.86,65.58,65.30,65.04,64.76,64.52,64.24,63.96,63.72,63.41,63.16,62.91,62.64,62.43,62.26,62.11,61.97,61.86,61.74,61.59,61.44,61.28,61.13,60.99,60.92,60.90,60.90,60.90,60.90,60.88,60.83,60.83,60.83,60.83,60.83,60.83,60.83,60.83,60.83,60.83,60.83,60.87,60.93,61.01,61.09,61.16,61.24,61.32,61.40,61.49,61.61,61.75,61.91,62.06,62.18,62.29,62.43,62.58,62.65,62.63,62.54,62.45,62.37,62.44,62.46,62.31,62.12,61.88,61.67,61.50,61.38,61.28,61.18,61.09,61.01,60.94,60.85,60.74,60.61,60.53,60.52,60.47,60.41,60.41,60.38,60.36,60.34,60.30,60.23,60.14
70.77,71.19,71.58,71.84,71.76,71.39,70.92,70.45,69.92,69.45,69.24,69.40,69.94,70.79,71.09,70.70,69.78,69.52,69.42,69.42,69.57,69.91,70.11,70.27,70.43,70.58,70.73,70.90,71.06,71.21,71.36,71.57,71.76,71.91,72.06,72.03,71.92,71.77,71.61,71.46,71.30,71.15,70.99,70.84,70.67,70.52,70.40,70.38,70.38,70.38,70.41,70.50,70.65,70.81,71.01,71.28,71.65,71.50,71.24,71.17,71.51,71.19,70.03,68.70,67.83,68.04,69.45,70.41,70.69,71.06,71.37,71.72,71.94,71.79,71.51,71.17,70.88,70.68,70.23,65.19,60.96,58.68,57.73,57.22,57.67,58.58,60.02,63.43,67.80,70.36,70.92,71.30,71.51,71.66,71.80,71.92,71.89,71.77,71.66,71.57,71.50,71.42,71.34,71.24,71.11,71.02,71.05,71.13,71.20,71.27,71.36,71.43,71.51,71.58,71.67,71.74,71.80,71.79,71.72,71.70,71.67,71.63,71.73,71.70,71.55,71.36,71.22,71.08,70.97,70.90,70.82,70.73,70.59,70.48,70.39,70.31,70.23,70.11,69.94,69.71,69.41,69.10,68.82,68.60,68.45,68.41,68.41,68.41,68.41,68.41,68.41,68.33,68.11,67.88,67.70,67.50,67.27,67.05,66.88,66.77,66.69,66.59,66.46,66.35,66.21,65.97,65.68,65.43,65.15,64.87,64.63,64.39,64.11,63.83,63.58,63.28,63.04,62.80,62.58,62.42,62.26,62.11,61.95,61.82,61.72,61.59,61.44,61.28,61.13,61.03,60.95,60.90,60.90,60.90,60.90,60.90,60.90,60.90,60.90,60.90,60.90,60.90,60.90,60.89,60.89,60.89,60.89,60.89,60.93,61.01,61.09,61.16,61.24,61.32,61.41,61.53,61.64,61.75,61.91,62.06,62.21,62.33,62.43,62.57,62.60,62.56,62.46,62.33,62.24,62.27,62.34,62.36,62.27,62.03,61.77,61.55,61.34,61.18,61.04,60.91,60.83,60.75,60.67,60.56,60.42,60.34,60.32,60.28,60.23,60.24,60.29,60.26,60.11,59.87,59.69,59.54
71.00,71.37,71.72,71.89,71.72,71.36,70.95,70.57,70.16,69.87,69.75,69.91,70.49,71.28,71.59,71.32,70.52,70.05,69.88,69.84,69.90,70.03,70.18,70.33,70.49,70.64,70.80,70.95,71.11,71.27,71.42,71.60,71.77,71.93,72.06,71.99,71.86,71.70,71.55,71.39,71.23,71.08,70.92,70.78,70.62,70.51,70.45,70.45,70.45,70.45,70.50,70.63,70.77,70.93,71.08,71.27,71.58,71.66,71.51,71.39,71.58,71.67,71.05,70.27,69.81,69.91,70.33,70.72,71.00,71.29,71.53,71.83,71.98,71.75,71.60,71.44,71.29,71.05,69.94,63.96,59.95,58.51,57.63,57.57,58.26,59.67,62.20,66.61,69.60,70.98,71.31,71.63,71.82,71.87,71.88,71.94,71.95,71.87,71.78,71.70,71.62,71.54,71.44,71.33,71.22,71.13,71.13,71.19,71.27,71.34,71.42,71.50,71.57,71.65,71.73,71.81,71.84,71.79,71.68,71.61,71.56,71.50,71.52,71.57,71.58,71.55,71.47,71.33,71.20,71.07,70.95,70.83,70.66,70.50,70.38,70.26,70.17,70.08,69.91,69.63,69.29,68.97,68.67,68.43,68.31,68.29,68.29,68.29,68.29,68.25,68.23,68.17,67.97,67.74,67.53,67.32,67.10,66.91,66.79,66.69,66.61,66.49,66.38,66.26,66.09,65.84,65.55,65.30,65.02,64.73,64.50,64.23,63.96,63.69,63.42,63.15,62.94,62.75,62.57,62.42,62.26,62.11,61.95,61.81,61.68,61.56,61.44,61.28,61.13,61.04,60.98,60.95,60.95,60.95,60.95,60.95,60.95,60.95,60.95,60.95,60.95,60.95,60.95,60.93,60.90,60.90,60.90,60.90,60.93,61.01,61.09,61.16,61.24,61.33,61.45,61.56,61.65,61.75,61.91,62.06,62.22,62.36,62.47,62.58,62.56,62.47,62.36,62.25,62.16,62.14,62.16,62.24,62.28,62.16,61.94,61.70,61.43,61.22,61.03,60.86,60.74,60.62,60.53,60.44,60.31,60.16,60.13,60.11,60.10,60.14,60.18,60.14,58.94,56.30,54.76,54.34
71.19,71.54,71.84,71.91,71.61,71.23,70.87,70.57,70.31,70.19,70.16,70.28,70.87,71.48,71.74,71.56,70.97,70.40,70.19,70.16,70.15,70.15,70.25,70.40,70.55,70.71,70.86,71.02,71.17,71.33,71.48,71.64,71.79,71.94,72.06,71.97,71.81,71.66,71.50,71.34,71.19,71.04,70.88,70.73,70.59,70.52,70.54,70.54,70.54,70.54,70.59,70.75,70.90,71.05,71.21,71.36,71.52,71.73,71.76,71.69,71.73,72.00,71.55,70.98,70.78,70.75,70.86,71.08,71.34,71.58,71.70,71.88,71.93,71.67,71.64,71.64,71.64,71.27,69.22,62.81,59.16,58.36,57.64,57.97,58.80,60.76,64.50,69.28,70.84,71.30,71.64,71.85,71.97,71.93,71.85,71.89,71.97,71.94,71.89,71.82,71.75,71.66,71.54,71.42,71.34,71.26,71.23,71.25,71.33,71.41,71.48,71.56,71.65,71.73,71.80,71.85,71.86,71.77,71.63,71.52,71.44,71.37,71.30,71.38,71.51,71.63,71.65,71.57,71.46,71.33,71.18,71.01,70.80,70.62,70.46,70.31,70.21,70.07,69.86,69.53,69.15,68.82,68.52,68.26,68.18,68.16,68.15,68.14,68.14,68.09,68.06,68.00,67.83,67.61,67.38,67.15,66.94,66.80,66.72,66.63,66.52,66.39,66.30,66.16,65.96,65.72,65.41,65.17,64.89,64.60,64.36,64.07,63.81,63.55,63.26,63.03,62.86,62.72,62.57,62.42,62.26,62.11,61.95,61.80,61.64,61.53,61.42,61.28,61.13,61.05,61.02,61.02,61.02,61.02,61.02,61.02,61.02,61.02,61.01,61.00,61.00,61.00,61.00,60.96,60.91,60.91,60.91,60.91,60.94,61.01,61.09,61.16,61.25,61.35,61.48,61.57,61.65,61.75,61.91,62.06,62.22,62.37,62.51,62.55,62.49,62.38,62.26,62.19,62.11,62.02,61.98,62.05,62.19,62.20,62.08,61.87,61.58,61.34,61.11,60.89,60.71,60.54,60.42,60.32,60.17,59.82,59.62,59.57,59.62,59.69,59.52,58.75,56.44,52.58,50.33,49.79
71.29,71.64,71.87,71.81,71.53,71.17,70.81,70.54,70.46,70.38,70.34,70.47,71.01,71.62,71.72,71.39,70.86,70.47,70.35,70.34,70.33,70.28,70.34,70.46,70.62,70.77,70.92,71.08,71.23,71.39,71.54,71.70,71.85,72.00,72.07,71.97,71.81,71.66,71.50,71.34,71.19,71.04,70.88,70.73,70.63,70.62,70.66,70.66,70.66,70.66,70.72,70.87,71.03,71.18,71.34,71.49,71.64,71.81,71.94,72.01,72.02,72.08,71.89,71.60,71.34,71.27,71.33,71.47,71.67,71.94,71.90,71.82,71.69,71.48,71.45,71.45,71.45,70.79,67.54,61.93,58.85,58.15,57.80,58.35,59.18,61.69,66.54,70.45,71.43,71.66,71.89,71.82,71.73,71.67,71.69,71.81,71.90,71.96,71.98,71.95,71.87,71.74,71.63,71.54,71.47,71.39,71.32,71.31,71.39,71.47,71.55,71.65,71.78,71.86,71.88,71.85,71.80,71.70,71.56,71.46,71.38,71.30,71.23,71.19,71.26,71.41,71.53,71.63,71.69,71.65,71.48,71.28,71.10,70.93,70.78,70.62,70.48,70.15,69.72,69.34,68.96,68.63,68.35,68.13,68.05,68.03,68.00,67.95,67.95,67.94,67.94,67.86,67.65,67.47,67.25,67.02,66.82,66.73,66.65,66.53,66.41,66.32,66.24,66.06,65.84,65.59,65.29,65.04,64.77,64.48,64.24,63.94,63.68,63.42,63.14,62.96,62.80,62.67,62.57,62.42,62.26,62.11,61.95,61.80,61.64,61.50,61.38,61.28,61.13,61.09,61.09,61.09,61.09,61.09,61.09,61.09,61.09,61.09,61.03,61.00,61.00,61.00,61.00,60.99,60.98,60.98,60.98,60.98,60.99,61.02,61.09,61.16,61.27,61.41,61.49,61.57,61.65,61.75,61.91,62.06,62.22,62.37,62.48,62.44,62.37,62.28,62.20,62.12,62.04,61.92,61.81,61.80,61.94,62.06,62.09,62.00,61.77,61.53,61.30,61.05,60.78,60.55,60.34,60.17,59.88,59.05,58.33,58.11,58.26,58.33,57.53,54.29,51.33,50.41,49.85,49.62
71.38,71.73,71.94,71.75,71.43,71.08,70.80,70.65,70.64,70.57,70.53,70.64,71.14,71.74,71.72,71.26,70.80,70.59,70.53,70.53,70.52,70.45,70.41,70.48,70.64,70.79,70.94,71.10,71.25,71.41,71.56,71.74,71.92,72.04,72.05,71.92,71.77,71.61,71.46,71.30,71.15,70.99,70.85,70.77,70.71,70.71,70.75,70.75,70.75,70.77,70.84,71.00,71.15,71.31,71.46,71.62,71.77,71.93,72.02,72.04,71.96,71.90,71.84,71.77,71.69,71.67,71.73,71.76,71.77,71.84,71.70,71.51,71.32,71.13,71.02,70.94,70.87,69.66,64.45,60.62,58.75,58.20,58.13,58.74,59.56,62.45,67.95,71.01,71.73,71.78,71.74,71.63,71.51,71.51,71.59,71.71,71.79,71.87,71.94,71.99,71.95,71.84,71.75,71.67,71.59,71.51,71.44,71.42,71.50,71.57,71.65,71.75,71.86,71.93,71.88,71.80,71.73,71.65,71.53,71.42,71.32,71.24,71.17,71.06,71.04,71.11,71.27,71.42,71.55,71.61,71.59,71.53,71.40,71.25,71.09,70.91,70.44,69.94,69.51,69.15,68.80,68.53,68.30,68.09,67.98,67.90,67.84,67.81,67.81,67.81,67.81,67.72,67.50,67.30,67.08,66.88,66.74,66.66,66.56,66.44,66.33,66.25,66.17,65.96,65.71,65.46,65.16,64.91,64.64,64.35,64.11,63.82,63.56,63.32,63.10,62.94,62.78,62.65,62.53,62.41,62.26,62.11,61.95,61.80,61.64,61.49,61.35,61.24,61.16,61.15,61.15,61.15,61.14,61.11,61.10,61.10,61.10,61.10,61.06,61.05,61.05,61.05,61.05,61.05,61.05,61.05,61.05,61.05,61.05,61.05,61.10,61.19,61.31,61.42,61.49,61.57,61.65,61.75,61.91,62.06,62.22,62.35,62.44,62.36,62.28,62.21,62.13,62.05,61.95,61.83,61.72,61.67,61.75,61.89,61.98,61.99,61.92,61.69,61.44,61.20,60.93,60.69,60.43,60.20,59.83,58.78,57.52,56.53,55.86,55.30,54.20,51.73,49.86,49.75,49.66,49.56
71.47,71.81,72.00,71.69,71.33,71.03,70.85,70.84,70.83,70.77,70.72,70.82,71.28,71.84,71.71,71.16,70.79,70.73,70.72,70.72,70.70,70.63,70.50,70.51,70.65,70.80,70.96,71.11,71.27,71.42,71.58,71.78,71.97,72.07,72.01,71.87,71.72,71.56,71.41,71.25,71.09,70.94,70.82,70.81,70.81,70.82,70.82,70.82,70.82,70.87,70.97,71.13,71.28,71.43,71.59,71.74,71.89,72.03,72.04,71.94,71.79,71.64,71.62,71.69,71.80,71.89,71.96,71.89,71.69,71.53,71.32,71.10,70.90,70.68,70.20,69.56,69.08,67.47,61.25,59.36,58.72,58.32,58.48,59.07,59.93,63.11,68.92,71.23,71.82,71.73,71.46,71.38,71.32,71.39,71.51,71.59,71.66,71.75,71.86,71.97,71.98,71.93,71.87,71.80,71.72,71.63,71.55,71.53,71.61,71.69,71.77,71.84,71.92,71.96,71.86,71.75,71.67,71.58,71.51,71.38,71.25,71.18,71.10,70.96,70.86,70.84,70.97,71.11,71.26,71.41,71.55,71.69,71.63,71.51,71.34,71.00,70.22,69.64,69.28,68.98,68.68,68.48,68.29,68.08,67.92,67.77,67.69,67.68,67.68,67.68,67.67,67.59,67.36,67.14,66.91,66.76,66.67,66.58,66.45,66.34,66.27,66.19,66.10,65.86,65.58,65.34,65.03,64.79,64.52,64.22,63.98,63.70,63.45,63.25,63.09,62.94,62.78,62.63,62.49,62.41,62.26,62.11,61.95,61.80,61.64,61.49,61.34,61.22,61.20,61.19,61.19,61.19,61.19,61.13,61.11,61.11,61.11,61.11,61.11,61.11,61.11,61.11,61.11,61.11,61.11,61.11,61.10,61.09,61.09,61.10,61.12,61.23,61.34,61.42,61.49,61.57,61.65,61.75,61.91,62.06,62.22,62.33,62.37,62.30,62.22,62.14,62.06,61.97,61.84,61.74,61.66,61.59,61.58,61.69,61.81,61.90,62.01,61.82,61.58,61.35,61.12,60.87,60.59,60.32,59.90,58.77,57.11,55.34,53.68,52.28,51.02,50.24,49.83,49.70,49.62,49.54
71.58,71.86,71.94,71.58,71.30,71.15,71.09,71.08,71.03,70.95,70.89,70.96,71.44,71.82,71.59,71.10,70.94,70.91,70.91,70.89,70.83,70.76,70.66,70.64,70.71,70.86,71.02,71.17,71.33,71.48,71.64,71.81,71.97,72.08,72.00,71.87,71.71,71.56,71.40,71.25,71.09,70.96,70.88,70.88,70.92,70.95,70.95,70.95,70.95,70.99,71.10,71.25,71.41,71.56,71.72,71.87,72.02,72.08,71.99,71.81,71.66,71.50,71.39,71.35,71.42,71.54,71.59,71.50,71.32,71.11,70.88,70.68,70.50,70.03,68.25,65.31,63.20,62.12,59.82,58.99,58.59,58.37,58.65,59.14,60.27,63.64,69.20,71.18,71.52,71.38,71.19,71.13,71.19,71.29,71.38,71.46,71.54,71.66,71.77,71.86,71.92,71.96,71.96,71.92,71.84,71.71,71.62,71.61,71.68,71.76,71.83,71.91,71.96,71.93,71.84,71.72,71.61,71.52,71.44,71.32,71.19,71.11,71.03,70.90,70.78,70.72,70.72,70.81,70.94,71.10,71.25,71.41,71.49,71.53,71.32,70.40,69.86,69.45,69.10,68.85,68.60,68.42,68.25,68.08,67.92,67.72,67.60,67.55,67.55,67.55,67.52,67.42,67.23,67.01,66.82,66.69,66.60,66.47,66.37,66.28,66.20,66.12,65.99,65.73,65.46,65.21,64.91,64.66,64.39,64.10,63.86,63.61,63.41,63.24,63.09,62.94,62.78,62.63,62.49,62.41,62.26,62.11,61.95,61.80,61.64,61.49,61.36,61.27,61.21,61.20,61.20,61.20,61.20,61.18,61.17,61.17,61.17,61.17,61.17,61.17,61.17,61.17,61.17,61.17,61.17,61.17,61.12,61.10,61.10,61.11,61.16,61.26,61.34,61.42,61.49,61.57,61.65,61.75,61.91,62.06,62.22,62.31,62.31,62.23,62.16,62.05,61.93,61.85,61.76,61.67,61.59,61.51,61.41,61.47,61.58,61.72,61.86,61.91,61.77,61.54,61.30,61.01,60.75,60.48,60.05,59.05,57.54,55.84,53.95,51.82,50.45,49.94,49.79,49.69,49.62,49.54
71.67,71.89,71.88,71.54,71.36,71.31,71.31,71.29,71.23,71.14,71.07,71.12,71.58,71.78,71.51,71.12,71.07,71.07,71.09,71.06,70.96,70.88,70.81,70.75,70.77,70.92,71.08,71.23,71.39,71.54,71.70,71.85,72.00,72.07,71.97,71.83,71.67,71.52,71.36,71.21,71.09,71.02,70.97,70.97,71.01,71.05,71.06,71.04,71.03,71.08,71.19,71.34,71.50,71.66,71.80,71.96,72.07,72.05,71.91,71.72,71.57,71.41,71.24,71.11,71.07,71.11,71.16,71.10,70.93,70.67,70.46,69.72,68.36,66.43,64.63,61.99,60.12,59.56,59.27,59.00,58.71,58.57,58.80,59.23,60.47,63.89,69.29,71.09,71.24,71.06,70.96,70.97,71.08,71.18,71.25,71.34,71.44,71.56,71.66,71.74,71.82,71.92,71.98,71.99,71.93,71.81,71.72,71.69,71.75,71.82,71.89,71.94,71.94,71.87,71.80,71.67,71.54,71.47,71.38,71.25,71.13,71.05,70.98,70.86,70.74,70.64,70.58,70.56,70.64,70.78,70.94,71.09,71.38,71.31,70.76,69.90,69.55,69.25,68.97,68.76,68.55,68.39,68.23,68.07,67.89,67.69,67.54,67.45,67.40,67.39,67.36,67.26,67.08,66.88,66.73,66.61,66.50,66.38,66.30,66.22,66.13,66.02,65.87,65.61,65.33,65.08,64.78,64.53,64.26,63.97,63.75,63.56,63.40,63.24,63.09,62.94,62.78,62.63,62.48,62.37,62.25,62.11,61.95,61.80,61.64,61.49,61.37,61.30,61.25,61.23,61.23,61.23,61.23,61.23,61.23,61.23,61.23,61.23,61.23,61.23,61.23,61.20,61.20,61.20,61.20,61.19,61.15,61.13,61.13,61.14,61.19,61.26,61.34,61.42,61.49,61.57,61.65,61.75,61.91,62.06,62.22,62.29,62.25,62.17,62.07,61.95,61.84,61.77,61.69,61.61,61.52,61.41,61.29,61.28,61.36,61.49,61.65,61.80,61.80,61.67,61.45,61.18,60.93,60.64,60.21,59.50,58.27,56.58,54.46,52.05,50.43,49.90,49.81,49.72,49.65,49.58
71.77,71.90,71.83,71.56,71.50,71.50,71.50,71.48,71.42,71.34,71.26,71.30,71.71,71.73,71.48,71.21,71.20,71.20,71.25,71.23,71.10,71.02,70.94,70.86,70.84,70.98,71.14,71.29,71.45,71.60,71.76,71.91,72.03,72.06,71.93,71.77,71.62,71.46,71.31,71.16,71.11,71.09,71.09,71.10,71.10,71.14,71.17,71.12,71.10,71.16,71.26,71.42,71.57,71.72,71.88,72.00,72.06,71.96,71.81,71.65,71.50,71.34,71.14,70.95,70.81,70.69,70.75,70.73,70.52,70.13,69.83,68.33,65.40,61.67,60.90,60.43,60.03,59.76,59.54,59.30,59.07,58.91,58.97,59.34,60.51,63.87,69.23,70.94,70.99,70.78,70.76,70.88,70.97,71.05,71.13,71.22,71.36,71.46,71.54,71.62,71.70,71.83,71.94,71.98,71.97,71.92,71.84,71.80,71.81,71.89,71.95,71.95,71.88,71.80,71.73,71.61,71.48,71.40,71.33,71.19,71.07,70.99,70.92,70.83,70.71,70.58,70.50,70.38,70.38,70.47,70.62,70.76,71.20,70.88,69.89,69.56,69.32,69.09,68.87,68.71,68.54,68.38,68.22,68.06,67.85,67.67,67.52,67.37,67.24,67.21,67.21,67.12,66.91,66.74,66.64,66.52,66.39,66.31,66.23,66.15,66.05,65.91,65.75,65.48,65.20,64.96,64.66,64.41,64.13,63.85,63.64,63.52,63.40,63.24,63.09,62.94,62.78,62.63,62.47,62.33,62.23,62.11,61.95,61.80,61.64,61.49,61.37,61.31,61.30,61.30,61.30,61.30,61.30,61.30,61.30,61.30,61.29,61.29,61.29,61.29,61.28,61.22,61.21,61.21,61.21,61.21,61.20,61.20,61.20,61.20,61.21,61.27,61.34,61.42,61.49,61.57,61.65,61.75,61.91,62.06,62.21,62.26,62.18,62.10,61.97,61.86,61.78,61.70,61.63,61.54,61.44,61.30,61.22,61.15,61.16,61.25,61.40,61.55,61.69,61.72,61.56,61.35,61.12,60.78,60.38,60.03,59.20,57.44,55.07,52.73,50.78,50.05,49.89,49.79,49.72,49.65
71.91,71.94,71.81,71.70,71.69,71.69,71.69,71.67,71.61,71.53,71.45,71.48,71.83,71.68,71.49,71.39,71.39,71.39,71.41,71.38,71.28,71.20,71.12,71.02,70.94,71.00,71.15,71.30,71.45,71.61,71.77,71.95,72.08,72.06,71.92,71.77,71.61,71.45,71.31,71.19,71.17,71.17,71.17,71.22,71.22,71.24,71.26,71.23,71.22,71.27,71.38,71.53,71.69,71.84,71.97,72.04,71.98,71.84,71.69,71.53,71.38,71.22,71.05,70.88,70.72,70.57,70.47,70.37,70.01,68.85,67.69,67.01,66.09,64.50,64.61,64.35,63.52,62.30,61.28,60.10,59.47,59.31,59.24,59.38,60.24,63.42,68.84,70.55,70.71,70.63,70.66,70.76,70.85,70.93,71.02,71.14,71.25,71.33,71.41,71.50,71.62,71.73,71.82,71.89,71.93,71.96,71.94,71.91,71.88,71.95,71.99,71.94,71.83,71.74,71.67,71.54,71.42,71.33,71.25,71.16,71.04,70.93,70.85,70.77,70.65,70.52,70.44,70.34,70.25,70.23,70.28,70.25,70.39,70.15,69.60,69.44,69.27,69.09,68.90,68.70,68.54,68.35,68.17,68.01,67.83,67.67,67.52,67.35,67.16,67.09,67.08,66.99,66.78,66.66,66.54,66.42,66.33,66.24,66.17,66.06,65.94,65.82,65.63,65.35,65.08,64.83,64.53,64.28,64.03,63.79,63.61,63.48,63.37,63.24,63.09,62.94,62.78,62.63,62.47,62.32,62.19,62.07,61.95,61.80,61.64,61.49,61.39,61.37,61.37,61.37,61.37,61.37,61.37,61.37,61.37,61.34,61.31,61.30,61.30,61.30,61.29,61.27,61.27,61.27,61.27,61.27,61.27,61.27,61.27,61.27,61.27,61.29,61.34,61.42,61.49,61.57,61.65,61.75,61.91,62.06,62.18,62.18,62.06,61.98,61.88,61.80,61.72,61.63,61.56,61.45,61.33,61.23,61.16,61.07,61.03,61.05,61.20,61.36,61.51,61.61,61.58,61.51,61.24,60.91,60.61,60.33,60.08,58.52,56.06,53.83,51.73,50.62,50.10,49.87,49.78,49.77
72.02,72.01,71.88,71.88,71.88,71.88,71.88,71.86,71.80,71.72,71.64,71.65,71.94,71.72,71.58,71.58,71.58,71.58,71.56,71.52,71.44,71.36,71.29,71.18,71.08,71.07,71.18,71.33,71.48,71.64,71.79,71.99,72.09,72.04,71.90,71.74,71.59,71.43,71.31,71.26,71.25,71.25,71.26,71.31,71.34,71.35,71.35,71.35,71.35,71.40,71.50,71.66,71.81,71.97,72.06,72.04,71.87,71.71,71.56,71.41,71.25,71.10,70.94,70.79,70.63,70.47,70.27,70.16,69.83,68.57,67.25,67.25,67.78,67.94,68.69,68.29,67.15,65.74,64.70,62.69,61.22,60.37,59.64,59.51,59.99,62.91,68.38,70.17,70.47,70.49,70.56,70.64,70.72,70.81,70.92,71.05,71.13,71.21,71.29,71.40,71.53,71.62,71.69,71.77,71.87,71.95,71.99,71.98,71.96,71.99,71.99,71.90,71.76,71.68,71.61,71.49,71.37,71.27,71.19,71.11,71.01,70.87,70.78,70.71,70.60,70.47,70.38,70.30,70.19,70.09,70.03,69.91,69.83,69.71,69.56,69.48,69.32,69.15,68.96,68.75,68.57,68.37,68.18,68.01,67.84,67.68,67.52,67.34,67.13,67.01,66.95,66.85,66.67,66.57,66.44,66.33,66.26,66.18,66.09,65.97,65.84,65.73,65.51,65.22,64.95,64.70,64.40,64.17,63.96,63.76,63.61,63.45,63.34,63.22,63.09,62.94,62.78,62.63,62.47,62.32,62.16,62.04,61.93,61.80,61.64,61.50,61.42,61.42,61.42,61.42,61.42,61.40,61.40,61.40,61.40,61.38,61.33,61.33,61.33,61.33,61.33,61.33,61.33,61.33,61.33,61.33,61.33,61.33,61.32,61.30,61.30,61.30,61.34,61.42,61.49,61.57,61.66,61.77,61.91,62.06,62.13,62.09,61.97,61.88,61.80,61.73,61.64,61.55,61.47,61.35,61.25,61.16,61.08,60.99,60.91,60.88,61.00,61.14,61.30,61.43,61.52,61.56,61.34,61.07,60.85,60.71,60.73,59.35,57.03,54.97,52.84,51.37,50.45,50.06,50.15,50.72
72.08,72.08,72.06,72.06,72.06,72.06,72.06,72.05,71.98,71.90,71.83,71.82,72.02,71.87,71.77,71.77,71.77,71.77,71.72,71.65,71.57,71.49,71.41,71.33,71.25,71.19,71.26,71.39,71.54,71.70,71.85,72.01,72.07,71.98,71.83,71.67,71.52,71.39,71.32,71.36,71.38,71.38,71.38,71.39,71.45,71.47,71.47,71.47,71.47,71.53,71.63,71.79,71.94,72.09,72.11,71.97,71.75,71.59,71.44,71.28,71.12,70.97,70.81,70.66,70.51,70.36,70.20,70.15,70.14,69.91,69.62,69.68,69.90,70.19,71.22,70.70,69.94,69.73,70.00,67.66,64.95,62.47,60.28,59.81,59.93,62.52,67.95,69.89,70.30,70.36,70.44,70.52,70.60,70.72,70.84,70.93,71.00,71.08,71.19,71.32,71.41,71.49,71.57,71.66,71.80,71.89,71.96,72.02,72.06,72.01,71.95,71.84,71.70,71.62,71.55,71.46,71.35,71.22,71.13,71.05,70.95,70.81,70.73,70.64,70.57,70.47,70.33,70.25,70.17,70.06,69.94,69.85,69.83,69.81,69.78,69.67,69.46,69.24,69.04,68.87,68.65,68.47,68.28,68.07,67.91,67.70,67.52,67.34,67.12,66.96,66.83,66.70,66.59,66.46,66.35,66.27,66.19,66.11,65.98,65.87,65.77,65.61,65.39,65.10,64.82,64.58,64.28,64.09,63.92,63.76,63.61,63.45,63.31,63.18,63.08,62.94,62.78,62.63,62.47,62.32,62.16,62.01,61.89,61.79,61.64,61.54,61.48,61.48,61.48,61.48,61.45,61.40,61.40,61.40,61.40,61.40,61.39,61.38,61.38,61.38,61.38,61.38,61.38,61.38,61.38,61.38,61.38,61.38,61.36,61.31,61.30,61.30,61.34,61.42,61.49,61.57,61.69,61.82,61.92,62.06,62.05,61.98,61.89,61.82,61.75,61.66,61.56,61.43,61.35,61.26,61.18,61.11,61.02,60.89,60.78,60.73,60.76,60.89,61.05,61.20,61.33,61.48,61.42,61.25,61.12,61.27,61.01,59.73,57.84,56.04,54.00,52.27,51.04,50.55,51.11,52.91
71.96,71.94,71.94,71.94,71.94,71.94,71.98,72.08,72.02,72.00,71.99,71.98,72.07,72.00,71.95,71.95,71.95,71.95,71.90,71.82,71.74,71.63,71.54,71.46,71.39,71.32,71.34,71.45,71.60,71.76,71.91,72.07,72.09,71.97,71.82,71.63,71.50,71.44,71.41,71.44,71.48,71.51,71.51,71.51,71.53,71.56,71.56,71.56,71.56,71.63,71.76,71.91,72.07,72.10,72.02,71.86,71.67,71.52,71.36,71.19,71.00,70.84,70.72,70.60,70.48,70.37,70.26,70.26,70.38,70.45,70.42,70.51,70.66,70.90,71.52,71.30,70.97,71.00,71.42,69.90,68.25,66.34,63.13,60.79,60.95,63.72,68.22,69.84,70.21,70.28,70.36,70.45,70.55,70.67,70.78,70.86,70.97,71.06,71.15,71.26,71.34,71.45,71.54,71.63,71.75,71.86,71.95,72.03,72.08,72.01,71.91,71.79,71.68,71.60,71.49,71.40,71.31,71.20,71.12,71.02,70.90,70.79,70.71,70.63,70.58,70.53,70.47,70.42,70.38,70.29,70.13,70.12,70.31,70.53,70.52,69.86,69.54,69.33,69.14,68.95,68.76,68.56,68.37,68.18,67.98,67.75,67.57,67.39,67.16,66.97,66.80,66.64,66.49,66.37,66.28,66.21,66.13,66.01,65.89,65.80,65.69,65.49,65.26,64.97,64.70,64.47,64.24,64.07,63.92,63.76,63.61,63.45,63.30,63.16,63.04,62.93,62.78,62.63,62.47,62.32,62.16,62.01,61.86,61.75,61.63,61.55,61.50,61.50,61.50,61.50,61.48,61.45,61.45,61.45,61.45,61.45,61.45,61.45,61.45,61.45,61.45,61.45,61.45,61.43,61.40,61.40,61.40,61.40,61.38,61.36,61.36,61.36,61.37,61.42,61.49,61.57,61.70,61.84,61.95,62.03,61.99,61.91,61.83,61.75,61.68,61.58,61.46,61.35,61.27,61.20,61.11,61.03,60.92,60.80,60.70,60.64,60.61,60.70,60.84,60.98,61.12,61.33,61.40,61.33,61.20,61.12,60.73,59.60,57.97,56.25,54.39,53.25,52.99,53.63,54.61,56.50
71.79,71.75,71.73,71.73,71.73,71.75,71.85,72.06,71.98,72.01,72.06,72.07,72.07,72.07,72.07,72.07,72.07,72.09,72.06,71.99,71.91,71.77,71.69,71.60,71.51,71.44,71.42,71.51,71.66,71.81,71.96,72.11,72.11,71.96,71.80,71.60,71.52,71.53,71.53,71.53,71.58,71.61,71.62,71.63,71.63,71.63,71.63,71.63,71.63,71.73,71.88,72.03,72.14,72.05,71.90,71.74,71.59,71.43,71.28,71.11,70.91,70.76,70.66,70.58,70.51,70.43,70.39,70.44,70.60,70.74,70.78,70.88,71.02,71.20,71.35,71.47,71.50,71.51,71.74,71.13,70.78,69.69,65.79,62.06,62.56,65.53,68.82,69.91,70.17,70.26,70.34,70.43,70.56,70.67,70.75,70.83,70.96,71.06,71.14,71.23,71.31,71.44,71.55,71.64,71.72,71.85,71.95,72.03,72.08,72.00,71.87,71.76,71.68,71.60,71.46,71.35,71.28,71.20,71.13,71.02,70.92,70.85,70.79,70.72,70.70,70.70,70.70,70.70,70.70,70.61,70.45,70.54,70.91,71.24,71.13,70.01,69.62,69.43,69.24,69.02,68.84,68.64,68.44,68.26,68.03,67.81,67.62,67.44,67.21,66.98,66.80,66.62,66.41,66.31,66.23,66.14,66.04,65.90,65.81,65.73,65.60,65.37,65.13,64.84,64.57,64.37,64.21,64.06,63.92,63.76,63.61,63.45,63.30,63.14,63.00,62.91,62.77,62.63,62.47,62.32,62.16,62.01,61.85,61.71,61.62,61.56,61.52,61.52,61.52,61.52,61.52,61.52,61.52,61.52,61.52,61.52,61.52,61.52,61.51,61.50,61.50,61.50,61.50,61.46,61.41,61.41,61.41,61.41,61.41,61.41,61.41,61.41,61.41,61.43,61.49,61.57,61.70,61.86,61.98,61.99,61.92,61.84,61.77,61.68,61.60,61.48,61.36,61.28,61.20,61.12,61.04,60.95,60.81,60.72,60.64,60.56,60.48,60.52,60.64,60.77,60.90,61.14,61.30,61.35,61.26,60.89,60.41,59.40,57.93,56.29,54.79,54.48,55.32,56.98,58.20,59.74
71.60,71.53,71.48,71.48,71.48,71.53,71.71,72.02,71.83,71.82,71.89,71.94,71.94,71.94,71.94,71.94,71.96,72.06,72.09,72.07,72.04,71.95,71.88,71.76,71.64,71.56,71.50,71.54,71.66,71.81,71.97,72.07,72.05,71.90,71.74,71.63,71.62,71.66,71.66,71.66,71.67,71.67,71.69,71.75,71.76,71.76,71.76,71.76,71.76,71.86,72.01,72.13,72.06,71.92,71.77,71.62,71.46,71.31,71.15,71.01,70.90,70.81,70.72,70.64,70.57,70.50,70.57,70.69,70.85,71.00,71.13,71.19,71.31,71.57,71.73,71.92,72.03,72.02,72.01,71.66,71.31,69.94,66.01,63.60,65.06,67.86,69.81,70.08,70.21,70.32,70.41,70.54,70.64,70.73,70.81,70.89,70.98,71.06,71.16,71.29,71.37,71.46,71.58,71.70,71.78,71.87,71.95,72.03,72.07,71.95,71.85,71.76,71.68,71.60,71.46,71.35,71.28,71.21,71.19,71.16,71.13,71.12,71.10,71.08,71.08,71.08,71.08,71.08,71.08,71.01,70.91,71.14,71.46,71.43,70.90,70.03,69.72,69.53,69.30,69.08,68.86,68.67,68.48,68.27,68.03,67.81,67.62,67.44,67.21,66.98,66.80,66.62,66.40,66.25,66.16,66.05,65.93,65.83,65.75,65.64,65.47,65.24,65.01,64.72,64.47,64.30,64.15,64.04,63.92,63.76,63.61,63.45,63.30,63.14,62.99,62.85,62.75,62.63,62.47,62.32,62.16,62.01,61.85,61.71,61.62,61.59,61.58,61.58,61.58,61.58,61.58,61.58,61.58,61.58,61.58,61.58,61.58,61.58,61.53,61.50,61.50,61.50,61.50,61.49,61.48,61.48,61.48,61.48,61.48,61.48,61.48,61.48,61.48,61.48,61.50,61.57,61.70,61.86,61.98,61.94,61.86,61.78,61.69,61.56,61.47,61.39,61.30,61.22,61.14,61.02,60.91,60.83,60.74,60.66,60.58,60.49,60.36,60.30,60.38,60.55,60.73,60.81,61.07,61.32,61.39,61.06,60.47,59.40,57.97,56.56,55.85,56.42,57.65,58.98,59.89,60.72
71.41,71.33,71.27,71.27,71.27,71.37,71.62,71.97,71.73,71.66,71.71,71.77,71.77,71.77,71.77,71.78,71.83,71.97,72.06,72.09,72.06,72.04,72.00,71.92,71.81,71.73,71.62,71.62,71.70,71.85,72.01,72.05,71.98,71.84,71.75,71.70,71.71,71.75,71.75,71.77,71.78,71.78,71.79,71.83,71.87,71.87,71.84,71.84,71.84,71.94,72.07,72.13,71.99,71.81,71.64,71.50,71.37,71.28,71.17,71.06,70.98,70.91,70.83,70.75,70.69,70.68,70.79,70.95,71.10,71.26,71.41,71.51,71.63,71.82,71.92,71.99,71.97,71.85,71.80,71.71,71.32,69.62,65.58,65.21,67.30,69.48,70.36,70.31,70.31,70.39,70.48,70.63,70.72,70.79,70.87,70.95,71.02,71.12,71.24,71.35,71.44,71.51,71.61,71.72,71.80,71.91,72.00,72.05,72.03,71.93,71.84,71.76,71.70,71.68,71.60,71.55,71.50,71.46,71.45,71.45,71.45,71.45,71.45,71.45,71.45,71.45,71.45,71.45,71.45,71.41,71.34,71.49,71.64,71.54,71.03,70.06,69.73,69.53,69.32,69.09,68.86,68.66,68.47,68.26,68.03,67.83,67.64,67.44,67.22,67.01,66.82,66.62,66.39,66.23,66.09,65.96,65.84,65.76,65.66,65.54,65.38,65.11,64.88,64.64,64.44,64.28,64.13,64.01,63.89,63.76,63.61,63.45,63.30,63.14,62.99,62.83,62.72,62.60,62.47,62.32,62.16,62.01,61.85,61.72,61.66,61.65,61.65,61.65,61.65,61.65,61.65,61.64,61.60,61.60,61.60,61.60,61.60,61.60,61.56,61.55,61.55,61.55,61.55,61.55,61.55,61.55,61.55,61.55,61.55,61.55,61.55,61.51,61.50,61.50,61.50,61.57,61.70,61.84,61.94,61.88,61.80,61.70,61.59,61.47,61.39,61.31,61.23,61.15,61.05,60.93,60.82,60.75,60.67,60.59,60.50,60.39,60.27,60.19,60.22,60.32,60.44,60.51,60.72,61.03,61.29,61.16,60.64,59.70,58.51,57.34,56.82,57.59,58.84,59.92,60.56,61.02
71.23,71.15,71.08,71.08,71.08,71.24,71.56,71.90,71.69,71.54,71.52,71.58,71.58,71.58,71.59,71.61,71.69,71.84,72.00,72.07,72.02,72.06,72.08,72.05,71.98,71.90,71.78,71.72,71.77,71.92,72.07,72.05,71.94,71.82,71.81,71.81,71.81,71.81,71.83,71.88,71.91,71.91,71.91,71.92,71.97,71.97,71.91,71.91,71.91,72.01,72.09,72.06,71.93,71.74,71.55,71.42,71.34,71.31,71.26,71.18,71.10,71.02,70.95,70.88,70.84,70.90,71.04,71.19,71.35,71.50,71.66,71.80,71.92,71.98,71.97,71.84,71.62,71.39,71.36,71.44,70.95,68.94,65.04,66.84,69.23,70.61,70.70,70.57,70.47,70.46,70.54,70.68,70.77,70.86,70.94,71.02,71.09,71.22,71.34,71.42,71.50,71.58,71.65,71.73,71.83,71.96,72.05,72.07,72.00,71.92,71.85,71.78,71.73,71.78,71.78,71.78,71.78,71.77,71.77,71.76,71.76,71.76,71.76,71.76,71.75,71.75,71.75,71.75,71.75,71.73,71.65,71.61,71.54,71.52,71.30,70.10,69.69,69.51,69.32,69.09,68.86,68.64,68.44,68.26,68.04,67.86,67.67,67.44,67.23,67.05,66.84,66.62,66.41,66.23,66.02,65.87,65.78,65.70,65.56,65.44,65.29,65.01,64.77,64.59,64.44,64.28,64.13,63.97,63.86,63.75,63.61,63.45,63.30,63.14,62.99,62.83,62.68,62.56,62.46,62.32,62.16,62.01,61.85,61.73,61.70,61.70,61.70,61.69,61.69,61.69,61.69,61.68,61.62,61.61,61.61,61.61,61.61,61.61,61.61,61.61,61.61,61.61,61.61,61.61,61.61,61.61,61.60,61.59,61.59,61.59,61.59,61.54,61.51,61.51,61.52,61.57,61.70,61.83,61.88,61.80,61.73,61.62,61.49,61.41,61.32,61.25,61.16,61.08,60.94,60.84,60.77,60.68,60.60,60.52,60.41,60.28,60.20,60.13,60.09,60.08,60.09,60.21,60.32,60.61,61.06,61.21,60.85,60.16,59.28,58.35,57.77,58.38,59.42,60.27,60.70,60.98
71.07,70.99,70.89,70.89,70.89,71.11,71.50,71.86,71.72,71.45,71.33,71.39,71.39,71.39,71.42,71.47,71.52,71.70,71.95,72.07,72.00,71.97,72.01,72.05,72.06,72.03,71.94,71.87,71.88,71.98,72.13,72.07,71.95,71.87,71.87,71.92,71.94,71.94,71.94,71.96,72.00,72.04,72.04,72.04,72.06,72.06,72.04,72.04,72.04,72.07,72.06,71.96,71.86,71.73,71.62,71.53,71.45,71.39,71.33,71.24,71.17,71.09,71.02,70.98,71.02,71.10,71.23,71.39,71.54,71.70,71.85,72.00,72.08,71.98,71.83,71.55,71.27,71.03,70.88,70.84,69.95,67.89,65.37,68.37,70.43,71.12,71.02,70.88,70.70,70.59,70.59,70.69,70.82,70.92,71.01,71.13,71.22,71.31,71.41,71.48,71.56,71.64,71.72,71.81,71.93,72.04,72.09,72.07,71.99,71.92,71.88,71.86,71.83,71.80,71.80,71.80,71.80,71.80,71.80,71.76,71.73,71.73,71.73,71.73,71.70,71.66,71.66,71.66,71.70,71.70,71.58,71.28,70.98,71.18,71.40,70.13,69.69,69.50,69.32,69.09,68.86,68.67,68.48,68.26,68.04,67.87,67.67,67.45,67.27,67.07,66.84,66.63,66.45,66.24,66.02,65.84,65.72,65.63,65.49,65.35,65.18,64.94,64.75,64.59,64.44,64.28,64.13,63.97,63.83,63.70,63.60,63.45,63.30,63.14,62.99,62.83,62.68,62.54,62.41,62.31,62.16,62.01,61.87,61.78,61.77,61.77,61.75,61.70,61.70,61.70,61.70,61.69,61.67,61.67,61.67,61.67,61.67,61.67,61.67,61.67,61.67,61.67,61.67,61.67,61.67,61.66,61.62,61.60,61.60,61.60,61.60,61.58,61.57,61.57,61.57,61.59,61.70,61.81,61.81,61.69,61.60,61.52,61.42,61.34,61.27,61.16,61.04,60.96,60.86,60.78,60.70,60.61,60.48,60.40,60.31,60.22,60.13,60.06,59.96,59.85,59.77,59.80,59.91,60.21,60.68,61.08,61.06,60.65,59.98,59.28,58.76,59.19,59.88,60.32,60.66,60.92
70.90,70.82,70.70,70.68,70.69,70.99,71.44,71.84,71.76,71.40,71.18,71.21,71.23,71.23,71.27,71.31,71.36,71.59,71.87,72.03,72.01,71.90,71.91,71.97,72.04,72.06,72.07,72.01,71.97,72.02,72.13,72.09,72.01,71.97,71.97,72.01,72.03,72.04,72.06,72.06,72.10,72.14,72.14,72.14,72.14,72.14,72.14,72.14,72.14,72.12,72.06,71.93,71.85,71.77,71.70,71.62,71.55,71.47,71.41,71.34,71.27,71.19,71.11,71.11,71.21,71.31,71.45,71.61,71.77,71.91,71.98,72.03,72.02,71.85,71.65,71.31,70.97,70.70,70.45,69.93,68.55,66.85,66.46,69.71,71.26,71.50,71.35,71.16,70.97,70.80,70.70,70.74,70.88,70.98,71.08,71.23,71.31,71.39,71.48,71.58,71.66,71.73,71.81,71.90,72.02,72.09,72.08,72.03,71.96,71.88,71.85,71.81,71.75,71.68,71.64,71.62,71.61,71.60,71.58,71.53,71.50,71.50,71.50,71.50,71.46,71.41,71.41,71.41,71.42,71.43,71.37,71.14,70.61,70.63,70.90,69.99,69.67,69.50,69.32,69.10,68.89,68.70,68.50,68.27,68.07,67.88,67.67,67.46,67.30,67.08,66.84,66.64,66.47,66.25,66.04,65.84,65.67,65.55,65.42,65.26,65.07,64.88,64.73,64.59,64.44,64.28,64.13,63.97,63.81,63.67,63.57,63.44,63.30,63.14,62.99,62.83,62.68,62.53,62.38,62.27,62.15,62.01,61.88,61.81,61.80,61.80,61.78,61.73,61.73,61.73,61.73,61.73,61.73,61.73,61.73,61.73,61.73,61.73,61.73,61.72,61.70,61.70,61.70,61.70,61.70,61.69,61.65,61.63,61.63,61.63,61.63,61.63,61.63,61.63,61.63,61.63,61.71,61.78,61.72,61.60,61.50,61.43,61.36,61.28,61.18,61.06,60.95,60.86,60.79,60.72,60.63,60.55,60.42,60.34,60.26,60.18,60.11,60.03,59.90,59.72,59.52,59.45,59.59,59.89,60.33,60.84,61.11,60.96,60.52,60.01,59.56,59.75,60.10,60.31,60.61,60.86
70.72,70.63,70.50,70.44,70.50,70.87,71.40,71.83,71.81,71.39,71.08,71.03,71.09,71.10,71.10,71.13,71.24,71.51,71.77,71.97,72.04,71.86,71.82,71.85,71.92,72.00,72.12,72.12,72.06,72.03,72.09,72.10,72.09,72.09,72.08,72.09,72.09,72.11,72.17,72.17,72.18,72.18,72.18,72.18,72.18,72.18,72.18,72.18,72.18,72.15,72.08,72.00,71.92,71.84,71.77,71.69,71.61,71.53,71.50,71.47,71.39,71.31,71.25,71.26,71.41,71.56,71.71,71.86,72.00,72.11,72.03,71.90,71.77,71.61,71.44,71.12,70.74,70.39,70.01,68.75,66.97,66.08,68.16,70.81,71.77,71.81,71.65,71.44,71.26,71.07,70.89,70.84,70.94,71.04,71.14,71.28,71.38,71.45,71.56,71.70,71.78,71.85,71.93,72.01,72.08,72.09,72.05,71.98,71.89,71.82,71.75,71.64,71.52,71.44,71.37,71.30,71.25,71.24,71.17,71.14,71.14,71.13,71.13,71.13,71.08,71.03,71.03,71.03,70.98,70.95,71.02,71.13,70.43,69.97,69.94,69.74,69.63,69.49,69.31,69.10,68.93,68.72,68.50,68.29,68.11,67.90,67.67,67.47,67.30,67.08,66.85,66.64,66.47,66.25,66.07,65.88,65.66,65.45,65.34,65.17,64.97,64.82,64.72,64.59,64.44,64.28,64.13,63.97,63.81,63.66,63.52,63.43,63.30,63.14,62.99,62.83,62.68,62.53,62.37,62.23,62.13,62.01,61.88,61.81,61.80,61.80,61.80,61.80,61.80,61.80,61.80,61.80,61.80,61.80,61.79,61.79,61.79,61.79,61.79,61.76,61.71,61.71,61.71,61.71,61.71,61.71,61.70,61.70,61.70,61.70,61.70,61.70,61.70,61.70,61.69,61.69,61.74,61.75,61.62,61.53,61.45,61.37,61.30,61.22,61.09,60.98,60.90,60.81,60.74,60.66,60.59,60.51,60.42,60.34,60.27,60.19,60.11,60.04,59.91,59.69,59.36,59.20,59.37,59.66,60.03,60.55,60.99,61.09,60.88,60.53,60.14,60.06,60.14,60.27,60.54,60.79
70.55,70.46,70.35,70.25,70.38,70.79,71.34,71.80,71.85,71.44,71.03,70.84,70.91,70.92,70.92,70.97,71.16,71.40,71.65,71.86,72.01,71.93,71.81,71.76,71.80,71.88,71.98,72.03,72.06,72.12,72.15,72.16,72.16,72.15,72.11,72.10,72.10,72.11,72.14,72.14,72.11,72.08,72.08,72.08,72.08,72.08,72.08,72.09,72.13,72.15,72.15,72.11,72.04,71.96,71.88,71.81,71.73,71.65,71.59,71.53,71.47,71.43,71.43,71.50,71.66,71.81,71.97,72.05,72.05,72.01,71.88,71.72,71.57,71.40,71.16,70.88,70.55,70.05,69.10,67.42,66.50,67.10,69.66,71.33,71.92,72.00,71.91,71.73,71.57,71.38,71.17,71.06,71.01,71.08,71.19,71.31,71.43,71.52,71.63,71.77,71.85,71.92,72.01,72.07,72.09,72.06,71.98,71.91,71.83,71.75,71.64,71.53,71.42,71.34,71.27,71.19,71.13,71.07,70.95,70.89,70.84,70.80,70.75,70.75,70.70,70.64,70.64,70.64,70.56,70.44,70.37,70.44,70.09,69.80,69.73,69.64,69.53,69.39,69.22,69.04,68.89,68.70,68.52,68.33,68.13,67.91,67.70,67.51,67.30,67.08,66.88,66.69,66.48,66.25,66.08,65.88,65.66,65.43,65.29,65.13,64.95,64.80,64.67,64.56,64.44,64.28,64.13,63.97,63.81,63.66,63.51,63.38,63.27,63.14,62.99,62.83,62.68,62.53,62.37,62.22,62.09,61.97,61.89,61.86,61.86,61.86,61.86,61.86,61.86,61.86,61.86,61.86,61.86,61.86,61.83,61.80,61.80,61.80,61.80,61.79,61.76,61.76,61.76,61.76,61.76,61.76,61.76,61.76,61.76,61.76,61.76,61.76,61.76,61.75,61.71,61.70,61.72,61.70,61.60,61.52,61.44,61.36,61.29,61.21,61.10,61.02,60.94,60.86,60.78,60.70,60.63,60.55,60.47,60.39,60.32,60.25,60.16,60.08,59.99,59.80,59.48,59.27,59.31,59.50,59.80,60.25,60.75,61.09,61.14,60.77,60.35,60.22,60.25,60.35,60.51,60.73
70.40,70.30,70.19,70.08,70.24,70.70,71.27,71.74,71.87,71.50,71.02,70.70,70.72,70.73,70.74,70.82,71.06,71.29,71.52,71.76,71.97,72.00,71.83,71.69,71.67,71.75,71.83,71.91,72.00,72.12,72.15,72.16,72.16,72.14,72.09,72.06,72.05,72.05,72.05,72.05,72.01,71.97,71.97,71.96,71.97,71.97,71.97,71.98,72.03,72.10,72.16,72.17,72.14,72.06,71.98,71.91,71.83,71.76,71.69,71.62,71.56,71.56,71.63,71.75,71.90,72.01,72.09,72.09,71.97,71.82,71.66,71.51,71.35,71.18,70.92,70.67,70.33,69.69,68.31,66.70,66.70,68.33,70.76,71.55,71.85,72.01,72.03,71.96,71.85,71.68,71.48,71.31,71.15,71.16,71.25,71.33,71.48,71.58,71.69,71.83,71.92,72.00,72.07,72.10,72.11,72.05,71.96,71.87,71.79,71.71,71.59,71.48,71.41,71.33,71.23,71.15,71.08,70.99,70.86,70.77,70.69,70.61,70.54,70.49,70.44,70.37,70.35,70.30,70.19,70.03,69.87,69.84,69.78,69.72,69.64,69.56,69.43,69.29,69.13,68.98,68.82,68.67,68.51,68.34,68.13,67.91,67.72,67.54,67.31,67.10,66.91,66.72,66.49,66.27,66.09,65.88,65.66,65.45,65.29,65.12,64.95,64.80,64.64,64.53,64.42,64.28,64.13,63.97,63.81,63.66,63.51,63.35,63.24,63.13,62.99,62.83,62.68,62.53,62.37,62.22,62.06,61.96,61.92,61.92,61.92,61.92,61.92,61.92,61.92,61.91,61.90,61.90,61.90,61.90,61.86,61.83,61.83,61.83,61.83,61.83,61.83,61.83,61.83,61.83,61.83,61.83,61.83,61.81,61.80,61.80,61.80,61.80,61.79,61.76,61.70,61.68,61.67,61.66,61.60,61.54,61.47,61.39,61.31,61.23,61.16,61.08,61.00,60.92,60.84,60.77,60.69,60.61,60.52,60.44,60.36,60.28,60.20,60.13,60.05,59.90,59.64,59.44,59.39,59.48,59.71,60.05,60.55,61.04,61.28,60.94,60.51,60.36,60.38,60.45,60.52,60.68
70.30,70.16,70.01,69.88,69.99,70.53,71.20,71.68,71.86,71.53,71.04,70.62,70.55,70.54,70.58,70.70,70.93,71.16,71.39,71.65,71.92,72.05,71.89,71.68,71.55,71.62,71.70,71.78,71.86,71.95,72.01,72.03,72.03,72.03,72.01,71.96,71.93,71.93,71.93,71.93,71.92,71.92,71.90,71.84,71.88,71.92,71.92,71.92,71.93,71.98,72.05,72.11,72.17,72.13,72.05,71.97,71.89,71.82,71.78,71.75,71.69,71.74,71.86,72.00,72.12,72.09,71.99,71.86,71.72,71.56,71.41,71.25,71.10,70.94,70.77,70.50,70.08,69.31,67.94,67.11,67.63,69.26,71.19,71.46,71.57,71.75,71.93,72.04,72.05,71.96,71.78,71.57,71.41,71.32,71.31,71.40,71.54,71.64,71.76,71.89,71.98,72.11,72.14,72.12,72.17,72.11,71.98,71.87,71.79,71.72,71.64,71.55,71.48,71.39,71.26,71.16,71.08,71.00,70.91,70.84,70.76,70.68,70.60,70.48,70.38,70.30,70.22,70.04,69.92,69.82,69.72,69.66,69.63,69.59,69.51,69.44,69.35,69.22,69.07,68.91,68.76,68.60,68.45,68.29,68.12,67.91,67.72,67.54,67.32,67.14,66.94,66.72,66.49,66.32,66.11,65.88,65.67,65.50,65.34,65.15,64.95,64.80,64.64,64.50,64.38,64.28,64.13,63.97,63.81,63.66,63.51,63.35,63.21,63.08,62.98,62.83,62.68,62.53,62.37,62.22,62.06,61.99,61.98,61.98,61.98,61.98,61.98,61.98,61.98,61.93,61.90,61.90,61.90,61.90,61.89,61.88,61.88,61.88,61.88,61.88,61.88,61.88,61.88,61.88,61.88,61.88,61.88,61.84,61.80,61.80,61.80,61.80,61.77,61.71,61.70,61.64,61.62,61.61,61.60,61.59,61.53,61.45,61.38,61.29,61.22,61.14,61.06,60.98,60.91,60.83,60.75,60.66,60.53,60.44,60.36,60.29,60.21,60.13,60.05,59.94,59.77,59.67,59.65,59.69,59.81,60.02,60.49,60.98,61.26,61.05,60.68,60.51,60.51,60.57,60.59,60.67
70.25,70.12,69.91,69.56,69.54,69.98,70.70,71.41,71.65,71.49,71.09,70.62,70.39,70.35,70.42,70.57,70.81,71.07,71.31,71.56,71.82,72.00,71.95,71.78,71.58,71.52,71.54,71.63,71.73,71.81,71.88,71.90,71.90,71.90,71.90,71.87,71.85,71.84,71.81,71.80,71.80,71.80,71.79,71.76,71.78,71.80,71.80,71.81,71.83,71.90,71.98,72.05,72.13,72.15,72.13,72.09,72.01,71.93,71.88,71.85,71.86,71.92,72.00,72.05,72.03,71.92,71.78,71.62,71.47,71.31,71.16,71.00,70.85,70.69,70.54,70.33,69.87,69.02,67.84,67.53,68.23,69.55,70.83,71.12,71.28,71.47,71.67,71.86,71.96,72.00,71.97,71.85,71.71,71.55,71.45,71.47,71.57,71.69,71.80,71.92,72.03,72.15,72.14,72.05,72.04,71.97,71.93,71.90,71.90,71.90,71.90,71.85,71.78,71.66,71.54,71.45,71.38,71.30,71.22,71.15,71.05,70.94,70.86,70.75,70.66,70.56,70.38,70.03,69.85,69.75,69.65,69.57,69.52,69.46,69.39,69.35,69.28,69.16,69.00,68.84,68.69,68.54,68.39,68.23,68.08,67.89,67.72,67.54,67.32,67.15,66.94,66.73,66.53,66.34,66.12,65.91,65.71,65.52,65.36,65.19,64.99,64.80,64.64,64.49,64.35,64.23,64.12,63.97,63.81,63.66,63.51,63.35,63.20,63.06,62.94,62.83,62.68,62.53,62.37,62.22,62.09,62.05,62.05,62.05,62.01,62.00,62.00,62.00,62.00,61.96,61.95,61.95,61.95,61.95,61.95,61.95,61.95,61.95,61.95,61.95,61.95,61.95,61.91,61.90,61.90,61.90,61.90,61.87,61.83,61.80,61.76,61.75,61.71,61.65,61.64,61.57,61.52,61.50,61.50,61.54,61.55,61.53,61.48,61.41,61.33,61.26,61.16,61.05,60.97,60.89,60.81,60.73,60.62,60.54,60.46,60.38,60.30,60.23,60.15,60.06,59.96,59.91,59.90,59.92,59.97,60.11,60.50,60.97,61.28,61.16,60.82,60.67,60.66,60.70,60.70,60.76
70.22,70.10,69.82,69.25,69.04,69.36,70.06,70.91,71.22,71.22,70.95,70.51,70.21,70.17,70.27,70.46,70.70,70.99,71.24,71.47,71.70,71.92,72.01,71.90,71.66,71.45,71.39,71.47,71.58,71.67,71.75,71.78,71.79,71.79,71.78,71.77,71.77,71.75,71.70,71.69,71.68,71.67,71.67,71.67,71.67,71.68,71.69,71.70,71.75,71.82,71.90,71.98,72.05,72.13,72.18,72.17,72.11,72.06,71.98,71.95,72.02,72.07,72.07,72.00,71.84,71.69,71.54,71.38,71.23,71.08,70.94,70.78,70.63,70.48,70.33,70.18,69.75,68.93,68.00,67.97,68.62,69.57,70.32,70.74,71.00,71.19,71.36,71.58,71.75,71.91,72.04,72.05,71.97,71.81,71.64,71.57,71.60,71.73,71.84,71.94,72.09,72.17,72.11,71.98,71.89,71.81,71.82,71.87,71.92,71.99,72.07,72.08,72.01,71.90,71.83,71.77,71.72,71.66,71.59,71.52,71.40,71.27,71.19,71.12,71.04,70.93,70.66,70.10,69.85,69.74,69.60,69.51,69.42,69.35,69.28,69.27,69.20,69.08,68.92,68.77,68.62,68.46,68.31,68.15,68.00,67.84,67.69,67.52,67.30,67.14,66.94,66.74,66.57,66.35,66.12,65.92,65.76,65.54,65.36,65.21,65.03,64.82,64.66,64.50,64.34,64.19,64.10,63.97,63.81,63.66,63.51,63.35,63.20,63.04,62.90,62.81,62.67,62.53,62.37,62.22,62.13,62.10,62.10,62.09,62.03,62.02,62.02,62.02,62.02,62.02,62.02,62.02,62.02,62.02,62.02,62.02,62.01,62.00,62.00,62.00,62.00,62.00,61.94,61.91,61.90,61.90,61.89,61.88,61.85,61.78,61.70,61.69,61.64,61.59,61.58,61.52,61.44,61.39,61.40,61.46,61.53,61.58,61.57,61.52,61.45,61.36,61.27,61.14,61.05,60.97,60.90,60.82,60.74,60.66,60.58,60.50,60.41,60.34,60.27,60.20,60.15,60.14,60.14,60.14,60.16,60.25,60.56,60.97,61.28,61.23,60.94,60.83,60.83,60.83,60.84,60.89
70.13,70.01,69.68,69.04,68.62,68.84,69.39,69.90,70.21,70.26,70.16,70.00,69.92,70.00,70.17,70.39,70.63,70.88,71.11,71.34,71.57,71.81,72.04,72.00,71.72,71.49,71.31,71.31,71.40,71.48,71.62,71.69,71.72,71.71,71.66,71.65,71.65,71.64,71.63,71.63,71.58,71.55,71.55,71.55,71.55,71.58,71.63,71.63,71.64,71.70,71.77,71.85,71.93,72.00,72.07,72.13,72.17,72.16,72.11,72.07,72.13,72.05,71.94,71.81,71.66,71.50,71.34,71.19,71.05,70.95,70.80,70.65,70.52,70.41,70.26,70.15,69.90,69.42,68.78,68.42,68.69,69.40,70.17,70.51,70.71,70.88,71.05,71.27,71.44,71.63,71.82,71.94,72.07,72.06,71.94,71.81,71.70,71.79,71.91,72.00,72.14,72.14,72.07,71.97,71.83,71.74,71.66,71.58,71.56,71.63,71.70,71.76,71.80,71.82,71.86,71.90,71.94,71.98,71.96,71.86,71.74,71.65,71.57,71.50,71.45,71.38,71.06,70.21,69.85,69.74,69.59,69.46,69.36,69.28,69.21,69.15,69.08,68.95,68.80,68.64,68.49,68.33,68.18,68.03,67.87,67.72,67.56,67.40,67.23,67.08,66.91,66.74,66.57,66.35,66.12,65.92,65.77,65.59,65.38,65.21,65.05,64.88,64.72,64.52,64.34,64.18,64.05,63.95,63.81,63.66,63.51,63.35,63.20,63.04,62.89,62.76,62.65,62.53,62.37,62.22,62.13,62.10,62.10,62.10,62.08,62.08,62.08,62.08,62.08,62.08,62.08,62.08,62.08,62.08,62.08,62.08,62.07,62.01,62.00,62.00,62.00,62.00,61.98,61.94,61.90,61.89,61.84,61.83,61.80,61.72,61.64,61.63,61.58,61.52,61.52,61.45,61.38,61.33,61.33,61.34,61.41,61.48,61.53,61.56,61.51,61.43,61.35,61.26,61.17,61.10,61.02,60.95,60.87,60.79,60.68,60.56,60.48,60.41,60.36,60.34,60.33,60.33,60.33,60.33,60.34,60.43,60.66,60.98,61.21,61.14,61.06,60.99,60.95,60.96,61.02,61.04
70.09,69.88,69.46,68.76,68.20,68.31,68.73,69.07,69.35,69.42,69.41,69.41,69.49,69.73,70.02,70.29,70.52,70.75,70.98,71.23,71.48,71.72,71.99,72.02,71.82,71.59,71.36,71.25,71.25,71.33,71.45,71.54,71.59,71.61,71.57,71.56,71.54,71.52,71.52,71.52,71.49,71.46,71.46,71.46,71.46,71.48,71.52,71.53,71.55,71.61,71.69,71.77,71.84,71.92,71.99,72.08,72.15,72.16,72.15,72.15,72.14,72.01,71.88,71.74,71.58,71.43,71.30,71.16,71.02,70.94,70.80,70.66,70.54,70.43,70.31,70.20,70.10,70.03,70.02,69.35,69.12,69.44,70.06,70.32,70.49,70.63,70.77,70.96,71.15,71.34,71.54,71.73,71.93,72.01,72.02,72.00,71.89,71.88,71.95,72.06,72.17,72.13,72.04,71.93,71.80,71.69,71.55,71.43,71.36,71.34,71.35,71.40,71.47,71.56,71.63,71.70,71.80,71.89,71.93,71.90,71.85,71.84,71.81,71.67,71.55,71.51,71.46,70.33,69.83,69.71,69.59,69.44,69.31,69.23,69.14,69.03,68.98,68.86,68.71,68.55,68.40,68.24,68.09,67.94,67.79,67.63,67.48,67.32,67.17,67.01,66.86,66.71,66.54,66.34,66.14,65.96,65.80,65.62,65.42,65.25,65.08,64.90,64.74,64.55,64.38,64.21,64.03,63.91,63.80,63.66,63.51,63.35,63.20,63.04,62.89,62.73,62.62,62.50,62.37,62.23,62.16,62.14,62.14,62.14,62.14,62.14,62.14,62.14,62.14,62.14,62.14,62.13,62.10,62.10,62.10,62.10,62.09,62.05,62.04,62.02,62.00,62.00,61.97,61.91,61.86,61.85,61.78,61.76,61.72,61.65,61.58,61.56,61.52,61.46,61.45,61.38,61.31,61.26,61.26,61.26,61.30,61.36,61.43,61.51,61.51,61.47,61.42,61.38,61.30,61.23,61.13,61.03,60.95,60.88,60.78,60.66,60.59,60.51,60.50,60.53,60.56,60.56,60.56,60.56,60.58,60.66,60.78,61.00,61.16,61.05,61.11,61.11,61.08,61.08,61.09,61.08
70.07,69.77,69.22,68.43,67.80,67.78,68.08,68.37,68.60,68.67,68.75,68.88,69.07,69.46,69.86,70.19,70.42,70.64,70.87,71.13,71.41,71.65,71.88,71.99,71.94,71.72,71.48,71.26,71.14,71.20,71.28,71.36,71.44,71.49,71.49,71.48,71.45,71.41,71.41,71.40,71.39,71.39,71.39,71.39,71.39,71.39,71.40,71.41,71.47,71.55,71.63,71.70,71.78,71.86,71.94,72.01,72.07,72.09,72.14,72.18,72.11,71.96,71.86,71.75,71.59,71.45,71.35,71.23,71.08,71.00,70.87,70.75,70.65,70.52,70.43,70.30,70.32,70.66,71.34,70.45,69.73,69.63,70.00,70.18,70.34,70.46,70.56,70.71,70.91,71.10,71.27,71.48,71.64,71.79,71.94,72.10,72.08,71.98,71.99,72.11,72.18,72.13,72.01,71.88,71.79,71.65,71.50,71.37,71.28,71.16,71.06,71.06,71.12,71.19,71.26,71.33,71.44,71.57,71.65,71.71,71.78,71.84,71.84,71.59,71.34,71.32,71.61,70.38,69.80,69.67,69.57,69.43,69.28,69.16,69.07,68.94,68.89,68.80,68.65,68.49,68.34,68.18,68.03,67.88,67.72,67.57,67.41,67.26,67.11,66.96,66.81,66.65,66.50,66.34,66.19,66.02,65.86,65.64,65.46,65.30,65.13,64.91,64.75,64.59,64.43,64.26,64.05,63.88,63.76,63.65,63.51,63.35,63.20,63.04,62.89,62.73,62.58,62.46,62.36,62.23,62.20,62.20,62.20,62.20,62.20,62.20,62.20,62.19,62.19,62.19,62.19,62.18,62.12,62.11,62.11,62.10,62.10,62.09,62.08,62.05,61.99,61.98,61.92,61.85,61.80,61.78,61.72,61.70,61.66,61.58,61.51,61.49,61.45,61.39,61.39,61.32,61.25,61.20,61.20,61.20,61.20,61.23,61.31,61.38,61.45,61.48,61.48,61.47,61.42,61.34,61.24,61.11,61.02,60.95,60.87,60.79,60.71,60.64,60.66,60.73,60.80,60.81,60.81,60.81,60.82,60.89,60.92,61.04,61.12,60.94,61.11,61.17,61.16,61.15,61.10,61.02
70.07,69.75,69.13,68.10,67.41,67.27,67.41,67.61,67.79,67.99,68.31,68.73,69.10,69.55,69.93,70.22,70.40,70.58,70.80,71.04,71.29,71.53,71.76,71.95,72.02,71.84,71.56,71.31,71.14,71.09,71.15,71.22,71.30,71.37,71.37,71.37,71.35,71.33,71.33,71.28,71.27,71.27,71.27,71.27,71.27,71.27,71.28,71.33,71.41,71.48,71.56,71.64,71.72,71.80,71.87,71.94,71.96,72.01,72.11,72.19,72.15,72.02,71.91,71.81,71.66,71.55,71.43,71.29,71.15,71.07,70.97,70.85,70.73,70.63,70.55,70.45,70.57,71.06,71.80,71.05,70.24,69.90,70.11,70.24,70.38,70.50,70.59,70.73,70.87,71.02,71.16,71.29,71.44,71.56,71.69,71.87,72.00,72.07,72.13,72.17,72.19,72.09,71.97,71.87,71.74,71.64,71.50,71.35,71.23,71.12,71.00,70.92,70.89,70.87,70.89,70.98,71.10,71.20,71.28,71.35,71.44,71.45,71.22,70.76,70.46,70.42,70.54,70.03,69.76,69.65,69.53,69.42,69.28,69.13,69.01,68.91,68.81,68.71,68.59,68.43,68.28,68.12,67.97,67.81,67.66,67.51,67.35,67.21,67.10,66.95,66.80,66.64,66.50,66.39,66.25,66.09,65.92,65.69,65.48,65.31,65.14,64.97,64.81,64.62,64.44,64.28,64.10,63.94,63.77,63.61,63.50,63.35,63.20,63.04,62.89,62.73,62.58,62.44,62.33,62.27,62.27,62.27,62.27,62.27,62.27,62.27,62.24,62.20,62.20,62.20,62.20,62.19,62.17,62.16,62.13,62.10,62.09,62.05,62.04,62.00,61.94,61.93,61.86,61.78,61.73,61.72,61.66,61.63,61.60,61.53,61.45,61.44,61.39,61.34,61.33,61.26,61.19,61.13,61.13,61.13,61.09,61.10,61.18,61.26,61.34,61.40,61.44,61.44,61.46,61.41,61.32,61.23,61.15,61.07,60.99,60.91,60.84,60.81,60.85,60.92,60.99,61.00,61.00,61.00,61.02,61.09,61.10,61.11,61.04,60.78,60.98,61.07,61.07,61.05,60.98,60.90
70.07,69.74,69.07,67.91,67.08,66.80,66.85,67.02,67.31,67.77,68.35,68.94,69.36,69.76,70.10,70.35,70.46,70.59,70.78,70.98,71.17,71.40,71.65,71.89,72.04,71.92,71.66,71.41,71.20,71.04,71.01,71.09,71.18,71.24,71.26,71.25,71.24,71.24,71.23,71.19,71.17,71.17,71.17,71.17,71.17,71.17,71.18,71.24,71.31,71.39,71.47,71.54,71.62,71.70,71.78,71.84,71.84,71.93,72.04,72.15,72.18,72.07,71.97,71.87,71.73,71.64,71.51,71.36,71.24,71.16,71.09,70.98,70.86,70.76,70.68,70.62,70.83,71.37,71.85,71.17,70.46,70.13,70.25,70.33,70.47,70.59,70.68,70.80,70.91,71.03,71.15,71.25,71.38,71.49,71.60,71.74,71.92,72.08,72.18,72.20,72.17,72.06,71.94,71.83,71.71,71.60,71.47,71.32,71.19,71.09,70.97,70.85,70.75,70.66,70.62,70.66,70.75,70.83,70.90,71.00,71.08,71.05,70.60,70.16,69.92,69.87,69.86,69.80,69.74,69.64,69.51,69.46,69.34,69.18,69.04,68.93,68.79,68.66,68.53,68.40,68.24,68.09,67.93,67.78,67.63,67.49,67.34,67.20,67.10,66.95,66.80,66.65,66.53,66.47,66.34,66.18,66.02,65.78,65.55,65.35,65.18,65.02,64.85,64.65,64.46,64.30,64.13,63.97,63.79,63.60,63.48,63.34,63.20,63.04,62.89,62.73,62.58,62.43,62.33,62.33,62.31,62.30,62.30,62.30,62.30,62.30,62.28,62.23,62.23,62.23,62.22,62.20,62.20,62.18,62.12,62.07,62.06,61.99,61.97,61.94,61.87,61.87,61.80,61.72,61.67,61.66,61.59,61.57,61.53,61.46,61.39,61.37,61.33,61.27,61.26,61.20,61.12,61.06,61.05,61.06,61.01,60.99,61.05,61.13,61.21,61.29,61.35,61.37,61.43,61.42,61.39,61.35,61.27,61.18,61.09,61.02,60.97,60.98,61.04,61.12,61.18,61.16,61.16,61.15,61.14,61.16,61.15,61.11,60.96,60.65,60.83,60.91,60.91,60.90,60.85,60.78
70.07,69.71,69.03,67.87,66.82,66.40,66.41,66.65,67.22,68.06,68.87,69.48,69.81,70.08,70.36,70.58,70.61,70.68,70.82,70.95,71.07,71.29,71.57,71.83,72.00,71.97,71.77,71.54,71.30,71.09,70.89,70.94,71.04,71.13,71.18,71.14,71.11,71.11,71.11,71.10,71.10,71.10,71.10,71.10,71.10,71.10,71.10,71.13,71.19,71.27,71.34,71.42,71.50,71.57,71.65,71.71,71.72,71.85,71.95,72.06,72.17,72.12,72.04,71.93,71.79,71.70,71.57,71.45,71.37,71.29,71.22,71.13,71.03,70.89,70.81,70.78,71.09,71.63,71.59,70.86,70.38,70.30,70.38,70.46,70.59,70.72,70.80,70.89,71.01,71.13,71.23,71.37,71.47,71.59,71.71,71.80,71.90,72.03,72.14,72.18,72.11,72.03,71.91,71.78,71.69,71.55,71.41,71.28,71.17,71.04,70.94,70.82,70.68,70.54,70.46,70.40,70.38,70.45,70.52,70.64,70.75,70.69,70.12,69.94,69.86,69.81,69.80,69.74,69.71,69.64,69.53,69.57,69.46,69.31,69.16,69.01,68.86,68.67,68.49,68.39,68.24,68.09,67.93,67.78,67.63,67.53,67.40,67.26,67.11,66.95,66.80,66.67,66.60,66.59,66.47,66.31,66.13,65.91,65.68,65.45,65.25,65.09,64.87,64.69,64.52,64.36,64.14,63.97,63.81,63.64,63.44,63.33,63.20,63.04,62.89,62.73,62.58,62.46,62.39,62.39,62.33,62.30,62.30,62.30,62.30,62.30,62.30,62.29,62.28,62.28,62.25,62.20,62.19,62.13,62.05,62.01,62.00,61.92,61.91,61.87,61.81,61.80,61.73,61.66,61.60,61.59,61.53,61.51,61.47,61.39,61.32,61.30,61.27,61.20,61.20,61.13,61.05,60.98,60.93,60.99,60.95,60.91,60.93,61.01,61.08,61.16,61.23,61.30,61.31,61.36,61.42,61.45,61.39,61.27,61.16,61.10,61.10,61.15,61.22,61.29,61.34,61.28,61.27,61.23,61.17,61.10,61.04,61.00,60.89,60.58,60.67,60.73,60.73,60.72,60.71,60.65
70.07,69.70,69.02,67.86,66.69,66.09,66.07,66.60,67.49,68.50,69.37,69.94,70.26,70.50,70.68,70.80,70.88,70.92,70.97,71.06,71.19,71.33,71.50,71.71,71.92,72.02,71.88,71.66,71.41,71.15,70.91,70.84,70.89,71.00,71.07,71.06,71.02,70.98,70.98,70.98,70.98,70.98,70.98,70.98,70.98,70.98,71.00,71.04,71.11,71.20,71.27,71.34,71.42,71.47,71.52,71.59,71.65,71.78,71.89,71.98,72.13,72.20,72.13,72.00,71.85,71.77,71.67,71.57,71.50,71.42,71.34,71.26,71.16,71.03,70.98,70.94,71.31,71.88,71.34,70.80,70.52,70.48,70.52,70.59,70.72,70.84,70.92,71.00,71.14,71.25,71.35,71.50,71.58,71.68,71.80,71.91,71.99,72.13,72.19,72.13,72.05,71.98,71.86,71.73,71.64,71.49,71.37,71.25,71.14,71.02,70.91,70.77,70.62,70.51,70.39,70.30,70.23,70.18,70.16,70.21,70.26,70.23,69.96,69.87,69.80,69.75,69.74,69.71,69.70,69.67,69.63,69.65,69.57,69.44,69.28,69.12,68.94,68.74,68.56,68.40,68.24,68.09,67.95,67.83,67.68,67.56,67.41,67.27,67.16,67.01,66.86,66.74,66.72,66.71,66.59,66.41,66.22,66.03,65.81,65.57,65.37,65.20,64.98,64.77,64.59,64.42,64.19,63.99,63.81,63.65,63.47,63.34,63.20,63.04,62.89,62.73,62.58,62.46,62.40,62.40,62.37,62.36,62.36,62.36,62.36,62.36,62.34,62.30,62.25,62.24,62.20,62.14,62.14,62.07,62.00,61.95,61.93,61.86,61.84,61.80,61.73,61.69,61.66,61.59,61.55,61.53,61.47,61.45,61.41,61.33,61.26,61.24,61.20,61.14,61.14,61.07,61.00,60.91,60.86,60.92,60.88,60.84,60.85,60.89,60.95,61.03,61.11,61.19,61.23,61.27,61.32,61.38,61.40,61.34,61.27,61.23,61.26,61.26,61.25,61.24,61.22,61.15,61.10,61.06,61.02,60.94,60.86,60.83,60.75,60.50,60.55,60.58,60.58,60.58,60.58,60.52
70.07,69.70,69.00,67.80,66.55,65.86,65.90,66.77,67.93,69.03,69.87,70.41,70.70,70.95,71.02,71.05,71.20,71.20,71.20,71.25,71.37,71.43,71.52,71.67,71.86,72.04,71.98,71.78,71.52,71.23,71.00,70.81,70.77,70.85,70.93,70.95,70.92,70.88,70.88,70.86,70.86,70.86,70.86,70.88,70.88,70.88,70.89,70.96,71.03,71.11,71.19,71.26,71.34,71.36,71.40,71.48,71.57,71.71,71.83,71.92,72.07,72.22,72.19,72.07,71.95,71.86,71.78,71.70,71.62,71.54,71.47,71.39,71.30,71.17,71.14,71.13,71.48,71.94,71.16,70.84,70.72,70.68,70.67,70.72,70.83,70.96,71.05,71.13,71.26,71.38,71.47,71.62,71.71,71.79,71.89,72.03,72.10,72.20,72.20,72.07,71.97,71.89,71.77,71.64,71.55,71.41,71.31,71.21,71.07,70.98,70.85,70.70,70.56,70.48,70.34,70.23,70.13,69.99,69.92,69.90,69.89,69.88,69.88,69.83,69.77,69.72,69.72,69.74,69.73,69.72,69.72,69.74,69.68,69.56,69.41,69.23,69.01,68.83,68.64,68.42,68.24,68.09,67.96,67.86,67.72,67.58,67.44,67.30,67.20,67.07,66.93,66.84,66.84,66.84,66.72,66.53,66.31,66.15,65.93,65.70,65.49,65.33,65.10,64.87,64.67,64.49,64.28,64.05,63.85,63.68,63.52,63.36,63.20,63.04,62.89,62.73,62.58,62.47,62.42,62.42,62.42,62.41,62.40,62.40,62.39,62.37,62.33,62.27,62.20,62.18,62.13,62.08,62.07,62.00,61.93,61.88,61.87,61.80,61.78,61.75,61.66,61.59,61.58,61.53,61.48,61.47,61.41,61.38,61.34,61.27,61.20,61.18,61.14,61.08,61.06,61.00,60.93,60.86,60.80,60.84,60.81,60.78,60.78,60.79,60.83,60.91,60.98,61.06,61.14,61.17,61.20,61.27,61.34,61.37,61.34,61.29,61.32,61.28,61.20,61.11,61.03,60.96,60.88,60.84,60.82,60.75,60.67,60.64,60.59,60.41,60.42,60.44,60.45,60.46,60.46,60.40
70.07,69.70,68.97,67.62,66.31,65.73,66.04,67.26,68.54,69.62,70.42,70.90,71.16,71.39,71.41,71.38,71.57,71.54,71.52,71.53,71.55,71.57,71.68,71.80,71.91,72.00,72.05,71.88,71.60,71.35,71.12,70.90,70.74,70.67,70.74,70.81,70.83,70.81,70.81,70.75,70.73,70.73,70.74,70.80,70.81,70.81,70.82,70.84,70.91,70.98,71.06,71.14,71.21,71.23,71.27,71.36,71.50,71.65,71.76,71.86,72.01,72.11,72.16,72.17,72.13,72.00,71.91,71.83,71.75,71.67,71.59,71.52,71.44,71.35,71.28,71.40,71.58,71.59,71.10,70.97,70.94,70.92,70.86,70.86,70.93,71.04,71.17,71.25,71.39,71.51,71.60,71.75,71.84,71.91,72.02,72.15,72.18,72.16,72.09,71.99,71.86,71.77,71.65,71.51,71.43,71.28,71.18,71.10,71.00,70.86,70.76,70.64,70.50,70.42,70.28,70.17,70.07,69.93,69.90,69.90,69.87,69.82,69.81,69.81,69.79,69.78,69.79,69.84,69.83,69.78,69.80,69.85,69.81,69.69,69.52,69.30,69.08,68.89,68.71,68.48,68.26,68.09,67.94,67.81,67.71,67.62,67.50,67.35,67.21,67.11,67.03,66.97,66.97,66.97,66.85,66.65,66.44,66.28,66.06,65.83,65.62,65.45,65.23,65.00,64.78,64.56,64.39,64.17,63.95,63.74,63.58,63.38,63.20,63.04,62.89,62.73,62.58,62.49,62.48,62.48,62.48,62.44,62.40,62.39,62.33,62.27,62.23,62.20,62.13,62.12,62.07,62.02,62.01,61.95,61.86,61.81,61.80,61.73,61.72,61.68,61.61,61.53,61.52,61.47,61.41,61.41,61.34,61.31,61.28,61.20,61.13,61.12,61.07,61.00,60.94,60.92,60.86,60.79,60.73,60.73,60.72,60.72,60.72,60.72,60.73,60.78,60.85,60.93,61.01,61.08,61.12,61.14,61.22,61.28,61.28,61.20,61.16,61.14,61.04,60.92,60.84,60.77,60.69,60.65,60.63,60.56,60.48,60.45,60.42,60.32,60.27,60.25,60.27,60.33,60.33,60.27
70.35,69.81,68.67,66.79,65.53,65.56,66.49,67.89,69.21,70.21,70.91,71.36,71.59,71.70,71.73,71.75,71.83,71.84,71.84,71.84,71.84,71.84,71.91,71.96,72.00,72.00,72.01,71.90,71.71,71.48,71.25,70.99,70.76,70.61,70.61,70.68,70.70,70.70,70.70,70.67,70.66,70.66,70.66,70.69,70.70,70.70,70.72,70.75,70.83,70.91,70.98,71.05,71.09,71.13,71.19,71.28,71.43,71.59,71.70,71.80,71.95,72.03,72.11,72.17,72.19,72.15,72.08,72.00,71.92,71.81,71.72,71.65,71.58,71.53,71.46,71.72,71.78,71.46,71.19,71.14,71.14,71.12,71.05,71.04,71.07,71.16,71.29,71.38,71.52,71.63,71.72,71.84,71.95,72.04,72.12,72.19,72.16,72.07,71.97,71.88,71.73,71.64,71.52,71.39,71.31,71.19,71.07,70.98,70.88,70.74,70.65,70.55,70.44,70.36,70.28,70.20,70.09,69.96,69.91,69.90,69.88,69.84,69.81,69.80,69.82,69.84,69.86,69.95,69.92,69.86,69.91,69.97,69.93,69.80,69.60,69.37,69.17,68.98,68.77,68.54,68.31,68.14,68.00,67.88,67.77,67.69,67.58,67.45,67.31,67.22,67.14,67.09,67.09,67.09,66.97,66.78,66.56,66.37,66.17,65.95,65.73,65.54,65.35,65.13,64.90,64.68,64.52,64.30,64.07,63.86,63.69,63.47,63.27,63.09,62.93,62.75,62.61,62.53,62.49,62.46,62.45,62.41,62.35,62.34,62.28,62.20,62.16,62.14,62.07,62.05,62.02,61.95,61.95,61.88,61.80,61.76,61.74,61.67,61.66,61.61,61.54,61.47,61.45,61.41,61.35,61.34,61.28,61.26,61.22,61.14,61.07,61.05,61.02,60.94,60.86,60.82,60.78,60.72,60.66,60.66,60.66,60.66,60.66,60.65,60.62,60.65,60.73,60.80,60.88,60.96,61.02,61.06,61.10,61.14,61.12,61.08,61.12,60.98,60.84,60.73,60.66,60.58,60.50,60.46,60.44,60.37,60.29,60.24,60.20,60.16,60.12,60.10,60.12,60.16,60.16,60.13
70.74,70.01,68.43,65.96,64.84,65.57,67.10,68.60,69.87,70.76,71.36,71.71,71.87,71.83,71.89,71.99,71.99,72.02,72.03,72.03,72.03,72.03,72.04,72.06,72.06,71.98,71.89,71.85,71.77,71.55,71.35,71.08,70.81,70.62,70.53,70.56,70.58,70.59,70.58,70.58,70.58,70.58,70.58,70.58,70.59,70.59,70.61,70.67,70.75,70.83,70.90,70.97,70.98,71.05,71.13,71.22,71.37,71.51,71.62,71.72,71.86,71.94,72.02,72.09,72.17,72.24,72.21,72.16,72.08,71.94,71.85,71.78,71.73,71.71,71.65,71.97,71.95,71.45,71.35,71.33,71.33,71.31,71.24,71.22,71.23,71.29,71.43,71.51,71.65,71.76,71.84,71.93,72.06,72.16,72.19,72.17,72.10,71.96,71.84,71.75,71.61,71.52,71.40,71.27,71.18,71.10,70.99,70.88,70.79,70.66,70.57,70.50,70.42,70.35,70.33,70.27,70.17,70.06,70.05,70.06,70.01,69.89,69.83,69.81,69.85,69.90,69.94,70.06,70.03,69.99,70.05,70.09,70.04,69.88,69.65,69.44,69.26,69.06,68.83,68.61,68.38,68.20,68.09,67.99,67.85,67.76,67.68,67.58,67.44,67.36,67.28,67.22,67.22,67.22,67.10,66.91,66.68,66.45,66.28,66.08,65.85,65.63,65.46,65.25,65.02,64.81,64.64,64.43,64.19,63.98,63.81,63.60,63.38,63.19,63.02,62.81,62.67,62.56,62.46,62.40,62.39,62.34,62.29,62.28,62.22,62.13,62.09,62.07,62.01,61.99,61.95,61.89,61.88,61.81,61.74,61.69,61.68,61.61,61.59,61.55,61.47,61.40,61.39,61.34,61.29,61.28,61.22,61.18,61.15,61.08,61.01,60.99,60.95,60.88,60.80,60.72,60.69,60.65,60.59,60.58,60.59,60.59,60.59,60.58,60.52,60.53,60.60,60.68,60.76,60.83,60.91,60.97,60.98,60.98,60.98,60.99,61.09,60.80,60.62,60.54,60.47,60.39,60.31,60.26,60.18,59.94,59.70,59.50,59.34,59.25,59.10,58.94,58.78,58.70,58.69,58.68
71.16,70.42,68.70,65.94,65.19,66.23,67.92,69.37,70.39,71.21,71.67,71.73,71.58,71.44,71.48,71.68,71.93,71.79,71.77,71.81,71.81,71.81,71.81,71.90,71.99,71.86,71.73,71.64,71.56,71.45,71.39,71.18,70.94,70.72,70.53,70.47,70.48,70.51,70.46,70.45,70.45,70.45,70.45,70.45,70.50,70.53,70.53,70.56,70.63,70.70,70.78,70.84,70.85,70.96,71.06,71.16,71.30,71.41,71.50,71.58,71.68,71.75,71.83,71.91,71.99,72.06,72.16,72.22,72.21,72.07,71.97,71.94,71.90,71.85,71.83,71.89,71.82,71.61,71.53,71.52,71.52,71.50,71.42,71.36,71.39,71.46,71.56,71.63,71.77,71.89,71.97,72.05,72.19,72.23,72.16,72.05,71.97,71.84,71.72,71.64,71.54,71.41,71.30,71.19,71.06,70.98,70.92,70.87,70.80,70.76,70.69,70.64,70.60,70.53,70.47,70.36,70.28,70.34,70.63,70.79,70.53,69.94,69.88,69.88,69.88,69.93,70.04,70.14,70.22,70.27,70.28,70.19,70.07,69.88,69.67,69.49,69.28,69.09,68.90,68.67,68.44,68.31,68.19,68.06,67.96,67.88,67.81,67.72,67.63,67.55,67.43,67.35,67.35,67.34,67.23,67.03,66.80,66.58,66.41,66.21,65.97,65.75,65.59,65.38,65.15,64.93,64.77,64.55,64.32,64.10,63.89,63.70,63.53,63.39,63.27,63.05,62.80,62.55,62.36,62.33,62.33,62.28,62.23,62.22,62.14,62.07,62.02,62.01,61.94,61.92,61.88,61.83,61.82,61.75,61.67,61.63,61.62,61.55,61.52,61.49,61.41,61.34,61.33,61.28,61.23,61.22,61.15,61.09,61.05,61.01,60.94,60.92,60.88,60.80,60.73,60.66,60.59,60.55,60.52,60.47,60.50,60.52,60.51,60.46,60.43,60.44,60.48,60.55,60.63,60.71,60.78,60.84,60.85,60.85,60.99,61.14,60.91,60.60,60.43,60.35,60.27,60.20,60.12,60.00,59.65,58.64,57.64,56.85,56.24,55.70,54.94,53.98,53.12,52.60,52.55,52.51
71.56,70.81,69.04,66.14,65.17,66.52,68.58,69.99,70.87,71.48,71.63,71.35,71.10,70.98,71.11,71.48,71.88,71.55,71.47,71.52,71.54,71.52,71.52,71.67,71.89,71.88,71.69,71.47,71.33,71.29,71.26,71.14,70.98,70.79,70.57,70.42,70.39,70.41,70.37,70.36,70.36,70.36,70.36,70.36,70.40,70.42,70.43,70.46,70.53,70.59,70.64,70.69,70.75,70.88,71.00,71.09,71.21,71.29,71.37,71.45,71.53,71.60,71.68,71.76,71.84,71.91,72.03,72.14,72.21,72.14,72.12,72.09,72.06,72.02,72.01,71.93,71.84,71.77,71.72,71.71,71.71,71.69,71.61,71.53,71.54,71.59,71.65,71.75,71.88,71.99,72.09,72.17,72.21,72.18,72.07,71.93,71.84,71.73,71.61,71.52,71.46,71.35,71.27,71.21,71.12,71.03,71.01,70.98,70.92,70.91,70.85,70.81,70.79,70.69,70.58,70.51,70.58,70.88,71.30,71.06,70.49,69.94,69.90,69.92,69.98,70.09,70.23,70.30,70.39,70.46,70.41,70.27,70.14,69.94,69.71,69.55,69.33,69.14,68.97,68.73,68.53,68.40,68.28,68.17,68.09,68.01,67.93,67.86,67.81,67.74,67.61,67.50,67.48,67.47,67.35,67.16,66.93,66.70,66.51,66.31,66.10,65.88,65.69,65.49,65.28,65.05,64.87,64.69,64.50,64.30,64.10,63.96,63.82,63.68,63.55,63.30,62.98,62.66,62.39,62.25,62.20,62.16,62.13,62.12,62.08,62.00,61.97,61.95,61.88,61.87,61.82,61.77,61.75,61.69,61.61,61.56,61.55,61.48,61.47,61.42,61.35,61.28,61.27,61.22,61.16,61.16,61.08,61.00,60.97,60.95,60.88,60.87,60.82,60.75,60.66,60.59,60.52,60.47,60.45,60.38,60.42,60.47,60.45,60.38,60.37,60.37,60.38,60.43,60.50,60.58,60.66,60.72,60.73,60.84,61.01,61.05,60.66,60.38,60.24,60.15,60.05,59.94,59.81,59.33,58.23,56.38,54.68,53.62,53.04,52.55,51.90,51.06,50.30,49.83,49.79,49.73
71.84,71.14,69.41,66.41,64.83,66.47,69.05,70.43,71.18,71.40,71.05,70.38,70.21,70.39,70.83,71.40,71.83,71.32,71.16,71.22,71.27,71.22,71.22,71.42,71.77,71.98,71.74,71.39,71.14,71.10,71.02,70.98,70.93,70.82,70.61,70.40,70.31,70.30,70.29,70.29,70.29,70.29,70.29,70.29,70.30,70.30,70.32,70.39,70.47,70.50,70.50,70.53,70.67,70.81,70.92,71.00,71.09,71.17,71.24,71.32,71.40,71.47,71.55,71.63,71.71,71.78,71.87,71.98,72.10,72.17,72.23,72.21,72.17,72.17,72.17,72.08,71.97,71.91,71.90,71.90,71.90,71.88,71.80,71.73,71.71,71.71,71.74,71.87,71.97,72.08,72.20,72.25,72.15,72.05,71.96,71.83,71.75,71.66,71.56,71.44,71.43,71.36,71.32,71.31,71.30,71.23,71.20,71.17,71.11,71.10,71.04,70.99,70.95,70.81,70.68,70.75,71.03,71.51,71.84,70.93,70.08,69.91,69.91,69.98,70.14,70.32,70.47,70.50,70.56,70.58,70.50,70.36,70.27,70.07,69.79,69.61,69.39,69.20,69.02,68.80,68.64,68.49,68.37,68.29,68.21,68.13,68.06,68.01,67.99,67.92,67.79,67.67,67.61,67.60,67.47,67.28,67.06,66.82,66.60,66.41,66.23,66.00,65.78,65.60,65.41,65.20,64.98,64.86,64.73,64.58,64.42,64.33,64.20,64.05,63.86,63.57,63.20,62.86,62.53,62.21,62.06,62.01,61.99,61.99,61.98,61.93,61.90,61.88,61.82,61.80,61.75,61.70,61.69,61.62,61.55,61.50,61.49,61.42,61.40,61.36,61.28,61.21,61.20,61.16,61.10,61.09,61.03,60.95,60.90,60.89,60.82,60.80,60.76,60.68,60.61,60.53,60.45,60.40,60.38,60.32,60.35,60.40,60.38,60.31,60.30,60.30,60.30,60.31,60.38,60.45,60.53,60.60,60.65,60.91,61.00,60.78,60.36,60.14,60.02,59.91,59.76,59.61,59.31,58.26,56.22,53.67,51.50,50.47,50.25,50.13,50.03,49.89,49.72,49.61,49.59,49.53
71.59,71.14,69.68,66.43,64.33,66.05,68.98,70.47,70.65,70.06,68.89,67.58,67.49,69.19,70.58,71.37,71.77,71.19,70.89,70.87,70.97,70.95,71.02,71.25,71.59,71.91,71.84,71.54,71.20,70.97,70.79,70.75,70.71,70.63,70.55,70.42,70.31,70.22,70.18,70.17,70.17,70.17,70.17,70.17,70.17,70.20,70.24,70.28,70.34,70.37,70.39,70.45,70.60,70.71,70.81,70.89,70.96,71.04,71.12,71.19,71.27,71.35,71.43,71.50,71.58,71.66,71.74,71.83,71.94,72.06,72.10,72.09,72.09,72.14,72.19,72.20,72.16,72.09,72.09,72.09,72.09,72.07,71.99,71.92,71.89,71.89,71.91,72.00,72.09,72.16,72.20,72.16,72.03,71.95,71.92,71.86,71.78,71.74,71.68,71.60,71.59,71.52,71.49,71.49,71.48,71.42,71.39,71.36,71.30,71.29,71.23,71.15,71.03,70.90,70.95,71.26,71.61,71.67,71.41,70.63,70.03,69.92,69.96,70.12,70.29,70.47,70.62,70.72,70.77,70.76,70.69,70.63,70.56,70.32,69.94,69.69,69.45,69.27,69.09,68.87,68.70,68.59,68.50,68.42,68.34,68.26,68.21,68.18,68.13,68.05,67.96,67.86,67.79,67.73,67.57,67.37,67.18,66.95,66.72,66.53,66.36,66.13,65.94,65.78,65.64,65.49,65.32,65.18,65.06,64.94,64.80,64.71,64.58,64.39,64.13,63.83,63.46,63.08,62.73,62.40,62.11,61.91,61.81,61.81,61.81,61.79,61.77,61.77,61.74,61.73,61.70,61.62,61.58,61.55,61.48,61.44,61.43,61.36,61.34,61.30,61.22,61.15,61.13,61.09,61.04,61.02,60.96,60.88,60.84,60.82,60.75,60.73,60.70,60.61,60.54,60.47,60.38,60.32,60.27,60.24,60.26,60.29,60.32,60.25,60.23,60.23,60.23,60.24,60.26,60.33,60.40,60.52,60.80,60.97,60.85,60.48,60.03,59.79,59.64,59.48,59.29,59.12,58.17,56.54,54.38,52.12,50.54,49.87,49.75,49.68,49.63,49.55,49.48,49.41,49.35,49.28
71.22,71.06,69.96,66.53,63.92,65.00,67.40,68.56,68.12,66.73,64.97,63.45,63.57,66.45,69.30,71.18,71.72,71.03,70.58,70.50,70.63,70.67,70.83,71.08,71.41,71.77,71.92,71.72,71.34,70.98,70.69,70.55,70.46,70.39,70.38,70.33,70.22,70.10,69.97,70.00,70.04,70.08,70.08,70.08,70.08,70.10,70.15,70.15,70.22,70.26,70.30,70.38,70.51,70.59,70.66,70.73,70.81,70.89,70.96,71.04,71.12,71.20,71.29,71.38,71.45,71.53,71.61,71.69,71.79,71.98,71.95,71.93,71.97,72.02,72.10,72.18,72.19,72.15,72.15,72.18,72.19,72.16,72.13,72.09,72.08,72.08,72.09,72.14,72.19,72.21,72.21,72.16,72.03,71.98,71.98,71.97,71.90,71.88,71.85,71.78,71.78,71.73,71.70,71.68,71.67,71.61,71.58,71.55,71.49,71.48,71.38,71.26,71.14,71.10,71.35,71.65,71.75,71.43,70.91,70.40,70.08,70.01,70.10,70.29,70.47,70.62,70.78,70.91,70.94,70.88,70.78,70.78,70.75,70.55,70.18,69.78,69.52,69.33,69.16,68.95,68.80,68.70,68.62,68.54,68.47,68.41,68.37,68.34,68.26,68.18,68.10,68.03,67.95,67.87,67.67,67.48,67.31,67.08,66.88,66.72,66.54,66.34,66.20,66.06,65.93,65.84,65.69,65.53,65.42,65.32,65.17,65.07,64.92,64.70,64.38,64.05,63.70,63.32,62.95,62.61,62.25,61.94,61.73,61.66,61.64,61.64,61.64,61.64,61.62,61.62,61.59,61.53,61.48,61.48,61.42,61.38,61.36,61.29,61.27,61.23,61.16,61.09,61.08,61.03,60.98,60.97,60.89,60.81,60.77,60.76,60.69,60.67,60.63,60.55,60.47,60.40,60.32,60.25,60.18,60.17,60.17,60.20,60.23,60.18,60.17,60.17,60.17,60.15,60.17,60.22,60.35,60.55,60.82,60.75,60.46,60.06,59.65,59.38,59.17,58.98,58.73,58.24,56.70,54.80,52.92,51.18,50.16,49.76,49.67,49.58,49.48,49.38,49.29,49.21,49.13,49.04
70.79,70.89,70.20,66.78,63.68,63.24,64.01,64.23,63.21,61.18,59.22,58.07,58.56,61.84,66.53,70.58,71.57,70.62,69.99,69.87,70.08,70.27,70.56,70.89,71.22,71.61,71.95,71.87,71.52,71.14,70.77,70.41,70.13,69.98,69.88,69.77,69.70,69.56,69.26,69.38,69.50,69.55,69.55,69.59,69.64,69.69,69.76,69.84,69.96,70.10,70.22,70.31,70.39,70.42,70.47,70.55,70.63,70.70,70.77,70.86,70.93,71.00,71.13,71.25,71.33,71.41,71.48,71.56,71.71,72.01,71.83,71.77,71.82,71.84,71.92,71.98,72.02,72.02,72.02,72.14,72.16,72.12,72.17,72.24,72.25,72.25,72.25,72.26,72.22,72.23,72.28,72.26,72.19,72.16,72.16,72.15,72.08,72.06,72.03,71.98,71.97,71.96,71.92,71.87,71.86,71.80,71.77,71.74,71.68,71.66,71.50,71.35,71.32,71.46,71.87,71.76,71.28,70.78,70.53,70.31,70.20,70.21,70.34,70.50,70.66,70.81,70.96,71.06,71.03,70.91,70.73,70.71,70.74,70.72,70.49,69.88,69.58,69.39,69.24,69.08,68.92,68.82,68.75,68.67,68.59,68.57,68.53,68.46,68.38,68.31,68.23,68.15,68.07,68.00,67.81,67.62,67.45,67.23,67.10,66.97,66.82,66.66,66.57,66.44,66.31,66.22,66.07,65.91,65.80,65.70,65.55,65.41,65.21,64.95,64.63,64.26,63.93,63.57,63.19,62.82,62.49,62.14,61.80,61.57,61.52,61.52,61.51,61.50,61.45,61.44,61.43,61.42,61.41,61.41,61.35,61.31,61.29,61.23,61.21,61.17,61.09,61.02,61.01,60.97,60.91,60.90,60.83,60.75,60.71,60.70,60.63,60.61,60.56,60.49,60.41,60.33,60.26,60.19,60.12,60.11,60.11,60.11,60.12,60.11,60.11,60.11,60.09,60.02,60.07,60.14,60.34,60.65,60.59,60.16,59.77,59.50,59.18,58.88,58.63,58.42,58.08,56.90,55.01,53.27,51.97,50.84,50.09,49.77,49.66,49.52,49.38,49.23,49.11,49.03,48.94,48.81
70.31,70.13,69.42,66.98,64.12,62.49,61.84,61.44,59.84,57.73,55.71,54.39,54.89,57.53,62.32,67.41,69.79,67.66,65.87,65.58,66.90,68.70,69.94,70.64,71.04,71.47,71.90,71.87,71.55,71.12,70.69,70.01,68.87,67.28,65.76,64.92,64.36,63.80,63.19,63.02,62.63,62.27,62.28,62.83,63.74,64.66,65.58,66.76,67.76,68.98,69.95,70.13,70.22,70.27,70.33,70.41,70.48,70.56,70.64,70.71,70.79,70.87,70.97,71.07,71.15,71.27,71.35,71.47,71.70,72.05,71.75,71.61,71.64,71.66,71.76,71.82,71.84,71.84,71.86,72.08,72.08,71.96,72.03,72.12,72.14,72.14,72.14,72.14,72.11,72.11,72.14,72.14,72.14,72.14,72.16,72.19,72.16,72.19,72.19,72.16,72.16,72.16,72.12,72.06,72.05,71.98,71.96,71.93,71.85,71.77,71.60,71.55,71.64,71.70,71.64,71.38,71.01,70.67,70.54,70.45,70.42,70.43,70.50,70.68,70.85,71.00,71.15,71.24,71.13,70.90,70.65,70.51,70.51,70.64,70.64,69.96,69.64,69.46,69.31,69.15,69.04,68.95,68.88,68.80,68.72,68.71,68.66,68.59,68.51,68.43,68.36,68.28,68.21,68.17,68.02,67.86,67.73,67.55,67.42,67.30,67.18,67.03,66.94,66.81,66.68,66.55,66.44,66.29,66.16,66.04,65.93,65.78,65.52,65.20,64.88,64.50,64.15,63.80,63.44,63.06,62.74,62.39,62.01,61.68,61.50,61.39,61.34,61.33,61.30,61.29,61.29,61.29,61.29,61.25,61.22,61.19,61.19,61.15,61.14,61.11,61.03,60.96,60.95,60.90,60.84,60.84,60.77,60.69,60.64,60.63,60.56,60.55,60.50,60.42,60.35,60.28,60.20,60.12,60.05,60.00,60.02,60.05,60.05,60.05,60.05,60.05,59.98,59.76,59.72,59.72,59.77,59.84,59.66,59.29,59.00,58.80,58.57,58.35,58.12,57.80,57.20,56.06,54.57,53.18,52.06,51.08,50.35,49.93,49.71,49.55,49.40,49.24,49.09,48.94,48.81,48.63
69.82,69.20,68.28,66.78,64.36,62.07,60.44,59.40,57.17,55.00,53.04,51.68,52.05,53.76,58.13,63.79,67.54,64.45,61.38,60.62,62.70,65.89,68.20,69.63,70.48,71.19,71.76,71.78,71.41,70.77,69.81,68.42,66.26,63.39,60.64,59.03,57.96,57.11,56.40,56.02,55.30,54.69,54.70,55.54,56.93,58.33,59.78,61.76,63.64,65.75,67.27,67.38,67.43,69.03,70.20,70.28,70.35,70.43,70.51,70.59,70.66,70.74,70.82,70.90,70.98,71.12,71.22,71.41,71.73,72.05,71.66,71.46,71.45,71.49,71.62,71.65,71.65,71.65,71.67,71.99,71.99,71.78,71.85,71.93,71.95,71.98,72.03,71.97,71.95,71.95,71.95,71.95,72.02,72.05,72.08,72.14,72.15,72.20,72.25,72.25,72.25,72.26,72.23,72.19,72.19,72.14,72.13,72.10,72.00,71.87,71.77,71.77,71.84,71.77,71.32,71.03,70.89,70.76,70.69,70.66,70.65,70.65,70.66,70.84,71.02,71.18,71.33,71.38,71.19,70.90,70.60,70.37,70.28,70.43,70.57,69.98,69.70,69.52,69.37,69.24,69.16,69.09,69.02,68.94,68.87,68.84,68.79,68.72,68.65,68.58,68.51,68.44,68.38,68.34,68.25,68.16,68.07,67.92,67.76,67.66,67.56,67.41,67.31,67.19,67.04,66.90,66.80,66.67,66.52,66.38,66.28,66.12,65.80,65.45,65.12,64.75,64.37,64.02,63.68,63.31,62.98,62.63,62.25,61.88,61.55,61.32,61.20,61.15,61.15,61.15,61.15,61.15,61.14,61.09,61.07,61.07,61.07,61.07,61.07,61.03,60.95,60.90,60.88,60.83,60.79,60.77,60.70,60.63,60.59,60.57,60.50,60.47,60.43,60.36,60.28,60.21,60.13,60.05,59.97,59.84,59.86,59.92,59.95,59.97,59.92,59.85,59.69,59.34,59.19,59.09,58.98,58.82,58.60,58.38,58.19,58.03,57.87,57.71,57.51,57.15,56.49,55.62,54.59,53.51,52.47,51.53,50.77,50.21,49.82,49.64,49.47,49.31,49.13,48.92,48.75,48.54
69.36,68.26,66.90,65.50,63.63,61.85,60.18,58.28,55.26,52.64,50.97,50.33,50.43,51.22,55.07,60.83,65.19,62.31,58.39,56.43,57.59,60.59,63.83,66.66,68.92,70.50,71.47,71.53,70.96,69.69,66.91,63.86,60.83,57.95,55.46,53.40,52.15,51.58,51.41,51.32,51.16,51.01,51.02,51.21,51.53,51.86,52.35,53.58,55.82,57.65,58.41,57.91,57.80,64.94,70.08,70.15,70.23,70.31,70.38,70.46,70.54,70.62,70.69,70.77,70.85,70.94,71.07,71.39,71.81,71.95,71.53,71.30,71.28,71.34,71.44,71.46,71.46,71.46,71.48,71.84,71.86,71.64,71.67,71.73,71.76,71.91,72.15,71.84,71.76,71.76,71.76,71.76,71.83,71.86,71.88,71.95,71.96,72.02,72.06,72.06,72.06,72.11,72.13,72.14,72.19,72.19,72.22,72.21,72.08,71.99,72.09,71.97,71.64,71.50,71.27,71.13,71.03,70.95,70.93,70.88,70.84,70.84,70.85,70.98,71.15,71.32,71.50,71.38,71.20,70.96,70.67,70.43,70.19,70.07,70.05,69.84,69.72,69.58,69.45,69.36,69.28,69.25,69.21,69.13,69.05,68.99,68.92,68.86,68.83,68.77,68.73,68.69,68.61,68.49,68.49,68.49,68.45,68.30,68.15,68.03,67.94,67.79,67.64,67.54,67.42,67.27,67.13,67.03,66.90,66.75,66.59,66.34,66.03,65.69,65.33,65.00,64.62,64.25,63.88,63.55,63.19,62.85,62.51,62.12,61.75,61.45,61.18,60.98,60.96,60.96,60.96,60.96,60.96,60.95,60.94,60.94,60.94,60.94,60.94,60.90,60.84,60.82,60.82,60.78,60.72,60.71,60.64,60.56,60.52,60.51,60.44,60.37,60.33,60.30,60.22,60.14,60.07,60.00,59.88,59.58,59.51,59.60,59.77,59.88,59.65,59.30,58.94,58.62,58.35,58.17,58.05,57.93,57.72,57.53,57.37,57.20,56.99,56.82,56.62,56.46,56.36,55.91,54.96,53.91,52.95,52.19,51.43,50.67,50.04,49.77,49.55,49.38,49.21,49.04,48.82,48.64
69.27,68.01,66.49,65.01,63.31,61.68,59.51,56.29,52.93,51.04,50.15,49.91,49.92,50.20,53.56,58.95,63.31,62.02,58.08,54.60,53.52,55.40,59.53,63.45,66.45,68.61,69.77,69.62,68.46,66.36,63.12,59.61,56.26,53.52,52.13,50.90,50.18,49.90,49.90,49.90,49.90,49.90,49.90,49.90,49.90,49.90,50.01,50.57,51.89,52.85,53.16,52.78,52.68,57.59,61.13,62.47,68.14,69.88,70.23,70.33,70.41,70.49,70.56,70.64,70.72,70.81,71.02,71.44,71.89,71.90,71.42,71.16,71.13,71.17,71.25,71.27,71.27,71.27,71.30,71.70,71.81,71.64,71.50,71.55,71.56,71.71,71.97,71.79,71.66,71.59,71.57,71.57,71.64,71.66,71.69,71.76,71.77,71.80,71.84,71.86,71.87,71.94,71.97,71.99,72.06,72.13,72.20,72.24,72.18,72.11,72.14,71.98,71.66,71.50,71.38,71.28,71.21,71.14,71.14,71.10,71.08,71.08,71.08,71.15,71.29,71.48,71.64,71.53,71.28,70.97,70.64,70.41,70.14,69.95,69.84,69.77,69.72,69.63,69.53,69.49,69.45,69.41,69.35,69.29,69.24,69.17,69.11,69.08,69.07,69.00,68.95,68.91,68.81,68.63,68.62,68.66,68.68,68.62,68.52,68.40,68.28,68.16,68.00,67.91,67.80,67.65,67.49,67.40,67.28,67.12,66.91,66.59,66.25,65.90,65.56,65.21,64.86,64.49,64.11,63.77,63.42,63.07,62.72,62.37,61.99,61.66,61.33,61.02,60.85,60.78,60.77,60.77,60.77,60.77,60.77,60.77,60.77,60.77,60.77,60.75,60.71,60.71,60.71,60.69,60.66,60.64,60.57,60.50,60.45,60.44,60.37,60.30,60.26,60.23,60.16,60.12,60.05,59.91,59.64,59.27,59.16,59.25,59.46,59.59,59.41,58.98,58.45,58.02,57.63,57.36,57.18,57.05,56.86,56.67,56.50,56.33,56.10,55.94,55.73,55.63,55.75,55.66,55.08,54.27,53.42,52.81,52.04,51.17,50.36,49.89,49.65,49.46,49.28,49.11,48.89,48.72
69.36,68.16,66.66,65.06,63.29,61.58,58.78,54.24,50.85,49.98,49.92,49.90,49.90,49.92,52.77,57.52,61.65,62.45,59.12,54.33,50.57,51.11,55.55,60.17,63.77,66.30,67.54,67.04,65.24,62.43,59.18,55.73,52.53,50.27,50.07,49.97,49.91,49.89,49.89,49.89,49.89,49.89,49.89,49.89,49.89,49.89,49.91,49.94,50.04,50.11,50.13,50.10,50.09,50.46,50.72,53.21,63.93,67.44,68.94,70.04,70.25,70.36,70.44,70.52,70.59,70.70,71.03,71.53,71.97,71.84,71.32,71.04,70.98,71.00,71.06,71.08,71.08,71.08,71.11,71.56,71.81,71.70,71.34,71.35,71.38,71.47,71.67,71.79,71.62,71.44,71.39,71.39,71.45,71.47,71.50,71.57,71.58,71.58,71.61,71.67,71.68,71.75,71.78,71.81,71.89,72.03,72.13,72.21,72.26,72.22,72.09,71.94,71.78,71.64,71.55,71.47,71.40,71.34,71.33,71.33,71.33,71.32,71.32,71.32,71.45,71.66,71.78,71.76,71.44,71.01,70.64,70.37,70.12,69.92,69.80,69.73,69.71,69.67,69.62,69.62,69.62,69.56,69.50,69.43,69.43,69.37,69.33,69.33,69.31,69.25,69.17,69.09,68.98,68.78,68.72,68.75,68.83,68.89,68.84,68.74,68.63,68.53,68.39,68.28,68.17,68.03,67.87,67.78,67.65,67.47,67.22,66.86,66.48,66.12,65.79,65.42,65.09,64.73,64.36,63.98,63.65,63.29,62.94,62.61,62.24,61.90,61.56,61.19,60.83,60.66,60.60,60.58,60.58,60.57,60.57,60.57,60.57,60.57,60.57,60.57,60.57,60.57,60.57,60.57,60.58,60.57,60.51,60.44,60.39,60.37,60.30,60.23,60.20,60.17,60.10,60.08,60.00,59.77,59.34,58.95,58.79,58.86,59.07,59.22,59.19,58.78,58.13,57.53,57.03,56.65,56.38,56.20,56.02,55.80,55.61,55.44,55.22,55.04,54.84,54.76,54.92,55.12,54.92,54.39,53.70,53.19,52.48,51.61,50.72,50.02,49.76,49.54,49.34,49.17,48.95,48.77
69.58,68.66,67.47,65.92,63.74,61.71,58.53,53.51,50.55,49.90,49.90,49.90,49.90,49.90,52.09,55.98,60.08,62.51,60.94,56.17,50.40,50.24,52.74,57.06,61.82,64.46,65.60,64.70,62.64,59.95,56.21,52.83,50.68,49.94,49.89,49.85,49.83,49.83,49.83,49.83,49.83,49.83,49.83,49.83,49.83,49.86,49.89,49.84,49.83,49.83,49.83,49.83,49.83,49.83,49.86,50.75,54.57,57.42,63.10,69.07,69.97,70.22,70.31,70.39,70.49,70.68,71.10,71.63,72.01,71.75,71.23,70.91,70.81,70.86,70.88,70.89,70.89,70.89,70.92,71.45,71.82,71.75,71.18,71.16,71.19,71.23,71.42,71.88,71.61,71.32,71.25,71.20,71.26,71.28,71.31,71.38,71.39,71.39,71.42,71.48,71.49,71.56,71.62,71.68,71.76,71.91,72.01,72.11,72.23,72.26,72.14,72.02,71.92,71.82,71.69,71.63,71.61,71.59,71.59,71.59,71.56,71.52,71.52,71.52,71.61,71.78,71.93,72.03,71.74,71.29,70.85,70.46,70.10,69.91,69.85,69.79,69.78,69.76,69.74,69.74,69.74,69.72,69.68,69.63,69.67,69.62,69.59,69.57,69.51,69.44,69.36,69.26,69.13,68.95,68.87,68.88,68.96,69.03,69.07,69.06,69.00,68.92,68.77,68.63,68.52,68.40,68.25,68.12,67.97,67.77,67.43,67.10,66.73,66.35,65.99,65.66,65.30,64.96,64.61,64.23,63.86,63.52,63.17,62.82,62.48,62.12,61.78,61.43,61.05,60.74,60.54,60.45,60.40,60.38,60.38,60.38,60.38,60.38,60.38,60.38,60.38,60.38,60.38,60.42,60.46,60.45,60.43,60.38,60.31,60.26,60.23,60.16,60.13,60.11,60.04,59.98,59.77,59.43,59.02,58.58,58.42,58.46,58.64,58.84,58.95,58.65,58.04,57.37,56.73,56.18,55.73,55.42,55.16,54.92,54.73,54.55,54.32,54.11,53.96,53.93,54.09,54.32,54.19,53.77,53.18,52.67,52.33,51.78,51.02,50.25,49.87,49.61,49.39,49.18,49.00,48.76
70.01,69.55,68.69,66.97,64.54,62.21,58.91,53.98,50.66,49.90,49.90,49.90,49.90,49.90,51.39,54.52,58.91,61.88,61.46,57.09,50.48,49.96,50.97,54.84,60.22,63.06,64.18,63.13,60.71,57.45,53.50,50.97,49.90,49.90,49.89,49.83,49.80,49.80,49.80,49.80,49.80,49.80,49.80,49.80,49.80,49.83,49.85,49.81,49.80,49.80,49.80,49.80,49.80,49.80,49.84,49.90,50.02,51.63,57.09,63.68,66.67,69.00,69.96,70.24,70.38,70.71,71.21,71.73,72.03,71.65,71.13,70.77,70.62,70.69,70.69,70.69,70.69,70.69,70.74,71.32,71.81,71.83,71.16,71.01,71.00,71.03,71.20,71.72,71.66,71.36,71.09,71.04,71.08,71.09,71.12,71.19,71.19,71.19,71.23,71.29,71.30,71.37,71.45,71.55,71.64,71.78,71.88,71.99,72.14,72.24,72.20,72.14,72.08,71.98,71.88,71.84,71.83,71.81,71.81,71.81,71.78,71.74,71.73,71.73,71.79,71.91,72.06,72.25,72.01,71.56,71.10,70.63,70.21,69.99,69.96,69.91,69.93,69.94,69.94,69.94,69.94,69.94,69.89,69.82,69.85,69.85,69.85,69.84,69.74,69.64,69.55,69.45,69.29,69.14,69.02,68.99,69.05,69.13,69.20,69.25,69.26,69.23,69.13,69.00,68.88,68.78,68.63,68.47,68.30,68.04,67.66,67.32,66.97,66.60,66.22,65.91,65.54,65.18,64.83,64.48,64.09,63.74,63.39,63.03,62.70,62.35,62.00,61.66,61.30,60.92,60.63,60.42,60.26,60.21,60.20,60.20,60.20,60.22,60.23,60.24,60.27,60.30,60.30,60.33,60.36,60.33,60.33,60.28,60.20,60.13,60.13,60.07,60.00,59.94,59.83,59.70,59.45,59.09,58.70,58.24,58.05,58.06,58.23,58.43,58.62,58.44,57.93,57.24,56.57,55.91,55.33,54.85,54.41,54.11,53.86,53.64,53.43,53.20,53.08,53.11,53.27,53.47,53.32,52.94,52.40,51.89,51.78,51.60,51.15,50.42,49.94,49.64,49.41,49.18,48.97,48.70
70.59,70.69,70.14,68.10,65.57,63.03,59.83,55.42,51.13,49.98,49.90,49.90,49.90,49.90,50.69,53.15,57.93,60.67,60.66,56.87,50.54,49.94,50.10,53.45,58.88,62.00,63.14,62.16,59.29,54.87,51.15,50.05,49.90,49.90,49.89,49.83,49.80,49.80,49.80,49.79,49.79,49.79,49.79,49.79,49.79,49.80,49.80,49.79,49.79,49.79,49.79,49.79,49.79,49.80,49.84,49.89,49.92,50.14,51.89,55.48,61.02,66.46,68.84,69.66,70.15,70.75,71.33,71.83,72.05,71.54,71.00,70.61,70.43,70.49,70.50,70.50,70.50,70.50,70.56,71.18,71.77,71.91,71.25,70.90,70.80,70.84,70.97,71.34,71.74,71.55,70.97,70.91,70.91,70.91,70.93,70.99,71.00,71.00,71.04,71.10,71.11,71.19,71.30,71.43,71.51,71.66,71.76,71.87,72.02,72.16,72.24,72.27,72.24,72.12,72.09,72.08,72.06,72.01,72.00,72.00,72.00,71.99,71.99,71.99,71.99,72.04,72.20,72.42,72.23,71.81,71.35,70.89,70.44,70.18,70.13,70.12,70.17,70.20,70.20,70.20,70.20,70.20,70.14,70.02,70.03,70.08,70.14,70.16,70.02,69.87,69.75,69.63,69.48,69.32,69.17,69.10,69.12,69.20,69.28,69.34,69.41,69.47,69.47,69.36,69.25,69.16,69.00,68.84,68.61,68.29,67.91,67.53,67.19,66.84,66.47,66.15,65.79,65.41,65.04,64.71,64.34,63.97,63.61,63.28,62.91,62.57,62.23,61.86,61.53,61.16,60.82,60.50,60.17,60.03,60.01,60.02,60.04,60.10,60.13,60.16,60.23,60.29,60.29,60.30,60.28,60.22,60.21,60.15,60.07,60.00,59.98,59.90,59.79,59.65,59.49,59.29,59.06,58.77,58.38,57.92,57.70,57.69,57.84,58.00,58.22,58.17,57.80,57.12,56.48,55.81,55.14,54.47,53.82,53.42,53.06,52.73,52.54,52.31,52.22,52.28,52.43,52.59,52.41,51.99,51.44,50.97,50.98,51.13,51.08,50.47,49.95,49.63,49.40,49.15,48.87,48.62
71.13,71.34,70.97,69.14,66.64,64.04,61.10,57.36,52.79,50.62,49.90,49.90,49.90,49.90,50.19,51.83,56.05,59.30,58.73,55.10,50.34,49.91,49.92,52.87,57.88,61.02,61.98,60.98,57.73,52.49,50.33,49.90,49.90,49.89,49.84,49.81,49.80,49.80,49.79,49.75,49.73,49.73,49.73,49.73,49.73,49.73,49.73,49.73,49.73,49.73,49.73,49.73,49.73,49.77,49.81,49.85,49.90,49.98,51.02,53.22,56.73,60.86,63.68,66.21,68.96,70.48,71.37,71.87,71.95,71.41,70.88,70.45,70.23,70.25,70.25,70.25,70.25,70.28,70.45,71.07,71.75,72.03,71.35,70.79,70.61,70.65,70.75,71.00,71.59,71.67,71.18,70.78,70.72,70.72,70.73,70.76,70.80,70.81,70.85,70.92,70.97,71.08,71.20,71.30,71.38,71.53,71.66,71.78,71.89,72.00,72.12,72.20,72.25,72.28,72.28,72.28,72.27,72.25,72.25,72.25,72.25,72.25,72.24,72.20,72.19,72.23,72.38,72.56,72.43,72.07,71.61,71.19,70.78,70.53,70.47,70.47,70.49,70.51,70.51,70.51,70.51,70.54,70.50,70.38,70.37,70.44,70.51,70.55,70.48,70.30,70.02,69.78,69.66,69.47,69.34,69.23,69.19,69.31,69.39,69.47,69.55,69.62,69.67,69.64,69.57,69.48,69.33,69.14,68.85,68.50,68.16,67.78,67.41,67.06,66.72,66.36,66.02,65.66,65.28,64.92,64.58,64.21,63.85,63.53,63.15,62.79,62.44,62.10,61.74,61.36,60.97,60.57,60.18,59.82,59.84,60.00,60.01,60.08,60.14,60.20,60.26,60.29,60.26,60.23,60.22,60.14,60.09,60.02,59.91,59.75,59.65,59.49,59.33,59.17,59.02,58.84,58.65,58.41,58.06,57.60,57.34,57.30,57.46,57.62,57.83,57.91,57.69,57.04,56.38,55.69,54.99,54.30,53.61,53.03,52.52,52.06,51.68,51.38,51.34,51.44,51.56,51.76,51.54,51.05,50.49,50.25,50.32,50.55,50.63,50.21,49.85,49.58,49.32,49.05,48.79,48.51
71.48,71.57,71.29,69.92,67.66,65.07,62.30,59.09,54.69,51.42,49.92,49.90,49.90,49.90,49.90,50.82,53.92,57.25,56.07,52.89,50.12,49.90,49.90,52.33,56.63,59.83,60.63,59.18,55.64,50.83,49.98,49.90,49.89,49.86,49.81,49.80,49.80,49.79,49.77,49.72,49.70,49.70,49.70,49.70,49.70,49.70,49.70,49.70,49.70,49.70,49.70,49.70,49.70,49.75,49.79,49.81,49.89,50.00,50.85,52.26,53.91,56.42,59.07,62.23,65.79,67.65,68.69,69.58,70.35,70.54,70.23,69.90,69.69,69.64,69.65,69.66,69.66,69.78,70.35,71.03,71.74,72.07,71.43,70.74,70.47,70.45,70.54,70.67,71.33,71.70,71.50,70.83,70.58,70.53,70.53,70.54,70.61,70.63,70.67,70.76,70.84,70.97,71.08,71.17,71.26,71.40,71.54,71.67,71.76,71.84,71.96,72.08,72.19,72.35,72.41,72.44,72.48,72.49,72.50,72.49,72.47,72.47,72.47,72.42,72.39,72.43,72.55,72.70,72.63,72.34,71.89,71.48,71.11,70.90,70.85,70.84,70.84,70.84,70.84,70.84,70.84,70.89,70.87,70.75,70.75,70.81,70.89,70.94,70.87,70.62,70.23,69.90,69.78,69.59,69.50,69.43,69.38,69.48,69.57,69.64,69.70,69.78,69.85,69.89,69.88,69.81,69.65,69.40,69.07,68.72,68.38,68.02,67.64,67.28,66.94,66.58,66.24,65.90,65.53,65.17,64.84,64.45,64.02,63.67,63.28,62.89,62.51,62.17,61.77,61.37,60.94,60.50,60.06,59.54,59.68,60.01,60.03,60.09,60.16,60.23,60.27,60.25,60.20,60.16,60.13,60.04,59.93,59.80,59.64,59.43,59.26,59.05,58.86,58.69,58.54,58.38,58.23,58.03,57.71,57.28,56.98,56.92,57.09,57.26,57.46,57.61,57.52,56.94,56.26,55.56,54.87,54.17,53.48,52.78,52.14,51.55,50.99,50.62,50.57,50.66,50.75,50.93,50.75,50.31,49.84,49.75,49.85,50.04,50.13,49.88,49.69,49.48,49.24,48.95,48.69,48.41
71.51,71.28,70.97,70.28,68.56,66.08,63.30,60.33,56.63,52.36,49.99,49.90,49.90,49.90,49.90,50.27,51.69,54.17,52.66,50.50,49.95,49.90,49.90,51.63,54.98,58.32,58.96,56.43,52.81,50.26,49.91,49.90,49.87,49.81,49.80,49.80,49.80,49.78,49.72,49.70,49.70,49.70,49.70,49.70,49.70,49.70,49.70,49.70,49.70,49.70,49.70,49.70,49.70,49.71,49.75,49.81,49.89,49.92,50.47,51.53,52.97,54.72,56.57,58.36,59.92,60.97,61.84,63.72,66.41,68.42,68.74,68.68,68.58,68.42,68.45,68.47,68.47,68.77,70.16,71.02,71.64,71.91,71.39,70.72,70.34,70.23,70.33,70.38,70.94,71.60,71.89,71.13,70.55,70.34,70.34,70.35,70.42,70.44,70.50,70.63,70.72,70.80,70.92,71.04,71.13,71.28,71.39,71.49,71.62,71.71,71.79,71.91,72.07,72.29,72.44,72.56,72.68,72.74,72.75,72.70,72.67,72.67,72.67,72.66,72.66,72.66,72.69,72.83,72.85,72.66,72.20,71.75,71.40,71.23,71.22,71.22,71.22,71.22,71.22,71.22,71.22,71.23,71.20,71.13,71.13,71.19,71.27,71.30,71.12,70.73,70.33,70.00,69.81,69.70,69.67,69.69,69.73,69.75,69.82,69.86,69.90,69.97,70.05,70.12,70.18,70.18,69.97,69.63,69.30,68.96,68.59,68.27,67.91,67.53,67.16,66.83,66.47,66.13,65.80,65.48,65.16,64.64,64.05,63.61,63.21,62.78,62.36,61.97,61.52,61.07,60.65,60.22,59.69,59.17,59.50,60.02,60.08,60.10,60.16,60.20,60.20,60.14,60.12,60.07,59.99,59.90,59.71,59.45,59.22,59.04,58.83,58.65,58.45,58.25,58.09,57.94,57.78,57.60,57.34,56.96,56.63,56.55,56.72,56.93,57.10,57.26,57.24,56.80,56.14,55.44,54.74,54.05,53.36,52.66,51.94,51.22,50.57,50.15,49.98,49.98,50.05,50.15,50.08,49.88,49.63,49.55,49.61,49.67,49.67,49.56,49.46,49.32,49.13,48.87,48.58,48.33
71.13,70.86,70.63,70.26,69.19,66.84,64.05,61.37,58.04,53.92,51.00,49.95,49.90,49.90,49.90,50.02,50.54,51.68,50.89,49.94,49.90,49.90,49.90,51.51,54.51,57.12,56.74,53.92,51.03,50.01,49.90,49.90,49.86,49.81,49.80,49.80,49.78,49.74,49.70,49.70,49.70,49.69,49.65,49.64,49.64,49.64,49.64,49.64,49.64,49.64,49.64,49.64,49.64,49.68,49.74,49.80,49.84,49.89,50.14,50.65,51.49,52.86,54.32,55.68,56.80,57.60,58.25,59.75,62.27,65.18,66.25,66.50,66.45,66.28,66.05,65.96,65.94,66.33,68.07,69.07,69.70,69.90,69.22,68.66,68.69,69.25,70.07,70.16,70.61,71.31,71.84,71.45,70.75,70.30,70.14,70.16,70.23,70.28,70.37,70.50,70.59,70.66,70.78,70.92,71.00,71.15,71.25,71.34,71.45,71.53,71.64,71.80,71.99,72.18,72.38,72.55,72.68,72.80,72.92,72.93,72.91,72.91,72.91,72.91,72.91,72.90,72.87,72.97,73.05,72.93,72.47,72.00,71.72,71.59,71.56,71.56,71.56,71.56,71.57,71.60,71.61,71.61,71.57,71.51,71.51,71.57,71.67,71.68,71.35,70.91,70.47,70.12,69.92,69.91,69.94,70.01,70.11,70.11,70.14,70.18,70.23,70.31,70.38,70.47,70.51,70.46,70.24,69.91,69.61,69.33,69.02,68.72,68.38,68.04,67.70,67.42,67.09,66.75,66.38,65.94,65.35,64.64,63.93,63.41,62.96,62.54,62.12,61.68,61.23,60.79,60.35,59.78,59.03,59.08,59.58,60.03,60.09,60.10,60.16,60.18,60.14,60.10,60.06,59.95,59.79,59.59,59.36,59.08,58.81,58.62,58.42,58.23,58.04,57.85,57.66,57.49,57.34,57.17,56.96,56.63,56.28,56.17,56.34,56.56,56.73,56.89,56.94,56.69,56.06,55.36,54.67,53.97,53.28,52.58,51.87,51.14,50.47,50.04,49.83,49.75,49.75,49.78,49.71,49.56,49.39,49.31,49.36,49.37,49.32,49.24,49.17,49.07,48.92,48.72,48.49,48.23
70.77,70.55,70.39,70.24,69.73,67.13,64.01,61.76,58.91,55.19,51.97,50.09,49.92,49.90,49.90,49.90,49.91,49.92,49.91,49.90,49.90,49.90,49.92,51.55,54.31,55.84,54.38,51.79,49.91,49.90,49.90,49.89,49.85,49.80,49.80,49.79,49.74,49.70,49.70,49.70,49.69,49.66,49.60,49.60,49.60,49.60,49.60,49.60,49.60,49.60,49.60,49.60,49.60,49.66,49.73,49.79,49.80,49.86,49.89,49.93,50.20,51.19,52.26,53.38,54.50,55.20,55.67,56.79,58.97,62.22,63.71,64.10,64.06,63.91,63.45,63.18,63.01,63.22,64.69,65.48,65.96,66.03,65.27,64.88,65.36,66.56,68.04,68.38,69.07,69.92,70.61,70.54,69.78,69.14,68.83,68.91,69.38,69.89,70.23,70.37,70.46,70.54,70.66,70.79,70.88,71.01,71.11,71.19,71.28,71.36,71.50,71.70,71.90,72.07,72.29,72.47,72.63,72.80,73.01,73.09,73.13,73.14,73.14,73.14,73.14,73.13,73.08,73.12,73.25,73.17,72.72,72.28,72.06,71.95,71.89,71.89,71.89,71.89,71.91,71.97,71.98,71.98,71.95,71.89,71.89,71.96,72.06,72.01,71.55,71.08,70.65,70.31,70.15,70.19,70.27,70.38,70.50,70.50,70.50,70.54,70.61,70.67,70.75,70.83,70.83,70.72,70.50,70.22,69.97,69.73,69.52,69.26,68.97,68.66,68.35,68.09,67.77,67.40,66.94,66.32,65.45,64.58,63.80,63.17,62.68,62.26,61.83,61.37,60.92,60.50,59.96,59.21,58.40,59.13,59.75,60.03,60.10,60.11,60.16,60.14,60.09,60.08,59.97,59.78,59.52,59.22,58.98,58.70,58.41,58.20,58.04,57.82,57.62,57.44,57.23,57.05,56.90,56.74,56.55,56.28,55.93,55.80,55.95,56.18,56.34,56.50,56.62,56.56,56.01,55.33,54.63,53.94,53.25,52.56,51.86,51.17,50.50,50.05,49.80,49.67,49.58,49.54,49.42,49.27,49.13,49.06,49.09,49.06,48.99,48.92,48.84,48.75,48.65,48.51,48.36,48.11
70.84,70.64,70.50,70.54,70.23,66.14,61.79,60.36,58.54,54.96,52.00,50.54,50.00,49.90,49.90,49.90,49.90,49.90,49.90,49.90,49.90,49.91,50.00,51.57,53.85,54.08,52.14,50.60,49.90,49.90,49.90,49.86,49.81,49.80,49.79,49.75,49.71,49.70,49.70,49.70,49.66,49.62,49.60,49.60,49.60,49.60,49.60,49.60,49.60,49.60,49.60,49.60,49.60,49.66,49.71,49.74,49.79,49.81,49.83,49.85,49.97,50.23,50.50,51.14,52.20,52.76,53.31,55.27,58.47,61.20,61.92,61.95,61.82,61.65,61.31,60.76,60.06,59.36,58.95,58.54,58.25,58.03,57.73,57.62,58.18,59.23,60.55,61.70,63.70,65.34,66.07,65.75,64.98,64.33,64.00,64.40,66.52,68.80,70.09,70.19,70.32,70.41,70.53,70.66,70.74,70.83,70.92,71.02,71.15,71.23,71.42,71.61,71.79,72.00,72.18,72.38,72.57,72.73,72.90,73.08,73.23,73.33,73.34,73.34,73.34,73.33,73.32,73.33,73.44,73.38,72.98,72.58,72.41,72.33,72.27,72.27,72.27,72.27,72.28,72.30,72.35,72.36,72.34,72.27,72.28,72.38,72.37,72.13,71.68,71.21,70.91,70.73,70.64,70.64,70.71,70.82,70.95,70.95,70.95,70.96,70.97,71.00,71.07,71.15,71.13,70.97,70.75,70.56,70.34,70.14,70.03,69.90,69.70,69.40,69.04,68.68,68.27,67.78,67.14,66.31,65.40,64.55,63.76,63.00,62.44,61.97,61.52,61.06,60.65,60.17,59.31,58.35,58.10,59.34,59.94,60.03,60.11,60.16,60.14,60.08,60.02,60.00,59.74,59.44,59.14,58.84,58.60,58.31,58.03,57.82,57.66,57.44,57.22,57.02,56.84,56.63,56.45,56.28,56.07,55.88,55.58,55.45,55.58,55.80,55.96,56.13,56.27,56.33,55.99,55.39,54.70,54.01,53.37,52.69,51.99,51.30,50.62,50.08,49.80,49.63,49.45,49.32,49.17,49.02,48.88,48.80,48.75,48.69,48.61,48.53,48.45,48.38,48.29,48.20,48.10,47.94
70.94,70.77,70.73,70.92,70.63,67.49,63.03,59.25,57.57,54.82,52.47,51.16,50.30,49.98,49.90,49.90,49.90,49.90,49.90,49.90,49.90,49.91,50.13,51.52,53.23,52.76,50.98,50.08,49.90,49.89,49.86,49.83,49.80,49.80,49.79,49.73,49.70,49.70,49.70,49.70,49.65,49.60,49.60,49.60,49.60,49.60,49.60,49.60,49.60,49.60,49.59,49.57,49.59,49.63,49.66,49.67,49.74,49.76,49.78,49.81,49.85,49.85,49.88,50.17,50.78,51.08,51.42,52.74,54.82,56.30,56.56,56.51,56.42,56.33,56.24,55.81,55.24,54.65,54.03,53.54,53.22,53.03,52.95,52.95,53.29,54.19,55.70,57.17,59.09,60.47,61.00,60.72,60.13,59.63,59.42,59.90,61.82,64.26,67.00,69.45,70.11,70.28,70.39,70.50,70.58,70.68,70.77,70.88,71.02,71.14,71.32,71.51,71.70,71.90,72.09,72.28,72.48,72.66,72.81,73.00,73.20,73.36,73.43,73.52,73.56,73.56,73.56,73.54,73.61,73.58,73.27,72.89,72.75,72.67,72.61,72.61,72.64,72.64,72.64,72.66,72.72,72.75,72.72,72.66,72.69,72.80,72.67,72.30,71.86,71.50,71.31,71.20,71.14,71.14,71.17,71.27,71.38,71.35,71.34,71.37,71.39,71.39,71.44,71.50,71.47,71.28,71.08,70.89,70.70,70.51,70.38,70.32,70.16,69.89,69.56,69.17,68.66,68.00,67.22,66.30,65.37,64.52,63.71,62.91,62.23,61.68,61.21,60.78,60.34,59.42,58.29,57.54,58.19,59.50,60.00,60.03,60.10,60.15,60.10,60.00,59.89,59.75,59.44,59.11,58.80,58.50,58.23,57.93,57.66,57.43,57.24,57.05,56.83,56.61,56.42,56.22,56.03,55.84,55.64,55.46,55.20,55.10,55.23,55.43,55.59,55.74,55.90,56.01,55.87,55.40,54.76,54.07,53.42,52.73,52.05,51.38,50.70,50.14,49.84,49.68,49.52,49.36,49.21,49.02,48.82,48.64,48.49,48.37,48.27,48.19,48.12,48.04,47.96,47.88,47.81,47.70
71.04,70.92,71.03,71.30,70.97,69.79,65.82,58.66,56.64,54.86,53.19,51.84,50.75,50.15,49.93,49.90,49.90,49.90,49.90,49.90,49.90,49.91,50.23,51.34,52.48,51.78,50.45,49.92,49.90,49.89,49.82,49.80,49.80,49.80,49.79,49.73,49.70,49.70,49.70,49.69,49.64,49.60,49.60,49.60,49.59,49.59,49.59,49.59,49.59,49.59,49.56,49.52,49.58,49.59,49.60,49.62,49.68,49.70,49.74,49.79,49.80,49.80,49.85,49.91,49.97,50.00,50.03,50.16,50.35,50.49,50.52,50.51,50.50,50.53,50.69,50.55,50.39,50.34,50.27,50.23,50.20,50.18,50.17,50.17,50.21,50.91,52.55,53.94,55.02,55.67,55.90,55.79,55.47,55.19,55.16,55.61,56.52,58.39,62.31,67.44,69.02,69.80,70.17,70.31,70.40,70.53,70.64,70.75,70.91,71.06,71.22,71.41,71.62,71.79,72.00,72.19,72.37,72.58,72.75,72.91,73.10,73.31,73.47,73.66,73.77,73.80,73.80,73.75,73.78,73.76,73.56,73.22,73.07,73.00,72.94,72.94,72.99,73.02,73.03,73.04,73.10,73.12,73.09,73.04,73.11,73.17,72.94,72.49,72.09,71.90,71.79,71.71,71.66,71.65,71.64,71.71,71.81,71.76,71.74,71.78,71.82,71.82,71.83,71.88,71.82,71.61,71.44,71.23,71.05,70.87,70.67,70.62,70.46,70.23,69.97,69.60,68.98,68.16,67.22,66.29,65.36,64.48,63.66,62.88,62.05,61.41,60.92,60.49,59.89,58.41,57.18,56.98,58.52,59.64,60.00,60.03,60.08,60.09,60.00,59.86,59.68,59.41,59.11,58.79,58.48,58.17,57.86,57.55,57.28,57.05,56.81,56.64,56.44,56.22,56.00,55.83,55.63,55.42,55.24,55.03,54.80,54.75,54.89,55.05,55.20,55.36,55.52,55.65,55.67,55.35,54.80,54.12,53.43,52.75,52.08,51.44,50.77,50.23,49.95,49.81,49.71,49.55,49.39,49.16,48.85,48.55,48.30,48.11,47.97,47.88,47.80,47.72,47.64,47.56,47.48,47.40
71.09,71.14,71.44,71.59,71.23,70.72,67.24,59.69,57.31,55.54,53.90,52.49,51.40,50.56,50.09,49.90,49.90,49.90,49.90,49.90,49.90,49.91,50.02,50.67,51.46,51.24,50.28,49.90,49.90,49.89,49.82,49.80,49.80,49.79,49.74,49.71,49.70,49.70,49.69,49.65,49.61,49.60,49.60,49.60,49.56,49.54,49.54,49.54,49.54,49.54,49.52,49.50,49.53,49.54,49.56,49.61,49.63,49.68,49.71,49.73,49.74,49.78,49.82,49.84,49.84,49.84,49.84,49.84,49.84,49.84,49.84,49.84,49.85,49.90,49.98,49.90,49.84,49.84,49.84,49.84,49.84,49.84,49.84,49.84,49.84,50.09,50.73,51.23,51.58,51.79,51.86,51.83,51.73,51.63,51.69,52.11,52.95,54.67,57.41,60.93,64.09,67.65,69.65,70.19,70.26,70.36,70.48,70.62,70.79,70.99,71.16,71.32,71.50,71.71,71.90,72.09,72.29,72.47,72.67,72.84,73.03,73.25,73.41,73.59,73.75,73.89,73.99,73.98,73.99,73.97,73.84,73.57,73.44,73.38,73.31,73.31,73.33,73.38,73.41,73.41,73.43,73.48,73.47,73.43,73.49,73.40,73.08,72.67,72.44,72.37,72.30,72.24,72.22,72.21,72.13,72.15,72.27,72.25,72.20,72.19,72.20,72.20,72.20,72.23,72.14,71.92,71.77,71.59,71.40,71.20,71.03,70.91,70.72,70.49,70.25,69.97,69.25,68.28,67.22,66.24,65.30,64.42,63.60,62.81,61.98,61.23,60.64,60.07,58.94,57.21,56.62,57.45,59.07,59.81,60.04,60.06,60.04,60.03,59.73,59.45,59.28,59.07,58.78,58.47,58.15,57.80,57.48,57.17,56.89,56.66,56.43,56.22,56.02,55.84,55.61,55.45,55.24,55.02,54.81,54.63,54.45,54.41,54.52,54.67,54.83,54.98,55.14,55.29,55.40,55.18,54.72,54.13,53.49,52.80,52.12,51.47,50.89,50.48,50.24,50.10,49.95,49.75,49.55,49.27,48.91,48.55,48.21,47.94,47.76,47.63,47.50,47.41,47.31,47.19,47.11,47.02
71.23,71.37,71.58,71.61,71.46,71.21,68.64,62.48,58.54,56.31,54.63,53.17,52.08,51.13,50.42,50.00,49.91,49.90,49.90,49.90,49.90,49.90,49.90,50.18,50.60,50.64,50.12,49.90,49.89,49.86,49.81,49.80,49.79,49.76,49.71,49.70,49.70,49.69,49.66,49.62,49.60,49.60,49.60,49.57,49.52,49.50,49.50,49.50,49.50,49.50,49.50,49.50,49.47,49.49,49.52,49.56,49.57,49.64,49.66,49.67,49.71,49.75,49.77,49.77,49.77,49.77,49.77,49.77,49.77,49.77,49.79,49.80,49.82,49.86,49.87,49.81,49.77,49.77,49.77,49.77,49.77,49.77,49.77,49.77,49.77,49.80,49.86,49.87,49.87,49.87,49.87,49.87,49.87,49.88,49.97,50.24,50.83,51.98,53.45,55.51,59.09,63.71,66.90,68.62,69.72,70.14,70.34,70.50,70.69,70.90,71.08,71.24,71.42,71.64,71.81,72.00,72.19,72.38,72.58,72.77,72.96,73.16,73.34,73.50,73.68,73.88,74.05,74.11,74.18,74.19,74.10,73.91,73.82,73.75,73.70,73.70,73.70,73.72,73.77,73.79,73.80,73.84,73.85,73.81,73.86,73.63,73.30,73.00,72.90,72.86,72.82,72.77,72.76,72.75,72.65,72.64,72.72,72.71,72.65,72.62,72.62,72.62,72.62,72.59,72.46,72.24,72.06,71.90,71.72,71.52,71.34,71.16,70.96,70.73,70.48,70.24,69.63,68.72,67.63,66.51,65.13,64.03,63.22,62.53,61.79,61.02,60.28,59.39,57.82,56.31,56.44,57.98,59.49,59.92,60.04,60.05,59.95,59.63,59.12,58.76,58.63,58.47,58.23,57.98,57.72,57.41,57.12,56.82,56.54,56.28,56.05,55.82,55.62,55.43,55.22,55.04,54.84,54.64,54.44,54.28,54.10,54.05,54.14,54.29,54.44,54.60,54.76,54.94,55.09,54.96,54.61,54.12,53.51,52.83,52.15,51.53,51.07,50.76,50.56,50.39,50.21,49.96,49.69,49.35,48.96,48.55,48.16,47.84,47.59,47.44,47.28,47.16,47.04,46.90,46.79,46.69
71.45,71.55,71.45,71.37,71.57,71.24,69.75,66.16,59.95,57.05,55.36,53.86,52.77,51.80,50.89,50.18,49.94,49.90,49.90,49.90,49.90,49.90,49.90,49.95,50.01,50.01,49.94,49.90,49.87,49.81,49.80,49.80,49.77,49.71,49.70,49.70,49.70,49.68,49.62,49.60,49.60,49.60,49.58,49.52,49.50,49.50,49.50,49.50,49.50,49.50,49.50,49.48,49.43,49.46,49.50,49.51,49.52,49.58,49.60,49.62,49.69,49.70,49.70,49.70,49.70,49.70,49.70,49.70,49.70,49.71,49.77,49.79,49.80,49.80,49.80,49.75,49.70,49.70,49.70,49.70,49.70,49.70,49.70,49.70,49.70,49.73,49.80,49.80,49.80,49.80,49.80,49.80,49.80,49.85,49.91,49.95,50.03,50.21,50.71,51.95,54.62,58.20,61.95,65.55,68.61,69.81,70.21,70.41,70.61,70.79,71.00,71.18,71.36,71.58,71.74,71.91,72.09,72.30,72.48,72.68,72.88,73.05,73.27,73.43,73.60,73.77,73.99,74.14,74.32,74.43,74.37,74.22,74.17,74.13,74.07,74.07,74.08,74.08,74.10,74.16,74.17,74.22,74.23,74.19,74.22,73.90,73.61,73.47,73.44,73.39,73.36,73.33,73.27,73.26,73.19,73.16,73.16,73.16,73.10,73.06,73.06,73.06,73.05,72.95,72.78,72.54,72.32,72.16,71.99,71.81,71.59,71.37,71.18,70.97,70.68,70.44,70.10,69.46,68.44,67.05,64.84,63.30,62.47,61.94,61.39,60.67,59.72,58.41,56.59,55.80,56.64,58.50,59.75,59.99,59.99,59.96,59.75,58.87,58.19,57.83,57.73,57.58,57.42,57.28,57.16,56.97,56.75,56.47,56.17,55.89,55.66,55.44,55.21,55.01,54.83,54.63,54.44,54.28,54.12,53.95,53.75,53.67,53.76,53.91,54.06,54.22,54.39,54.61,54.77,54.71,54.48,54.09,53.51,52.84,52.19,51.64,51.32,51.06,50.86,50.67,50.43,50.14,49.79,49.41,49.01,48.57,48.17,47.79,47.47,47.30,47.15,47.00,46.86,46.70,46.56,46.41
71.48,71.31,71.08,71.01,70.95,69.65,67.13,63.52,59.66,57.61,56.07,54.56,53.46,52.32,51.19,50.30,49.95,49.90,49.90,49.90,49.90,49.90,49.90,49.90,49.90,49.90,49.90,49.90,49.87,49.81,49.80,49.80,49.76,49.70,49.70,49.70,49.67,49.63,49.60,49.60,49.60,49.58,49.54,49.51,49.50,49.50,49.49,49.45,49.45,49.45,49.45,49.44,49.41,49.42,49.45,49.45,49.49,49.53,49.55,49.56,49.63,49.64,49.64,49.64,49.64,49.64,49.64,49.64,49.65,49.70,49.73,49.74,49.74,49.74,49.74,49.69,49.64,49.64,49.64,49.64,49.64,49.64,49.64,49.64,49.64,49.66,49.68,49.68,49.68,49.71,49.74,49.74,49.74,49.79,49.84,49.84,49.84,49.84,50.01,50.52,51.64,53.15,56.85,61.92,66.14,68.90,70.01,70.37,70.56,70.76,70.95,71.14,71.34,71.52,71.68,71.87,72.06,72.25,72.45,72.64,72.81,72.98,73.20,73.38,73.56,73.75,73.93,74.09,74.27,74.47,74.66,74.57,74.52,74.45,74.41,74.44,74.45,74.45,74.47,74.54,74.56,74.58,74.58,74.54,74.47,74.23,74.08,74.02,73.97,73.94,73.89,73.84,73.77,73.77,73.70,73.65,73.61,73.61,73.54,73.51,73.50,73.44,73.36,73.25,73.08,72.81,72.62,72.42,72.25,72.07,71.85,71.66,71.43,71.18,70.91,70.64,70.34,69.88,68.98,67.03,64.51,62.57,61.34,60.69,60.25,59.45,58.32,56.89,55.32,55.59,57.16,59.05,59.87,60.00,59.88,59.53,58.78,57.75,57.19,56.92,56.79,56.64,56.52,56.41,56.28,56.12,55.94,55.76,55.57,55.36,55.21,55.04,54.85,54.66,54.46,54.27,54.11,53.94,53.75,53.58,53.40,53.32,53.38,53.53,53.69,53.84,54.01,54.24,54.41,54.44,54.28,53.91,53.47,52.87,52.33,51.93,51.66,51.35,51.02,50.70,50.42,50.12,49.78,49.42,49.03,48.61,48.18,47.77,47.42,47.14,46.97,46.82,46.68,46.56,46.41,46.26
71.33,70.94,70.42,69.48,68.36,66.32,63.40,60.10,58.64,57.45,56.14,54.77,53.76,52.58,51.35,50.36,49.95,49.90,49.90,49.90,49.90,49.90,49.90,49.90,49.90,49.90,49.90,49.89,49.86,49.81,49.80,49.80,49.76,49.70,49.70,49.70,49.66,49.60,49.60,49.60,49.60,49.58,49.52,49.50,49.50,49.50,49.49,49.43,49.41,49.40,49.40,49.40,49.40,49.39,49.38,49.41,49.47,49.48,49.49,49.52,49.57,49.58,49.58,49.58,49.58,49.60,49.60,49.60,49.61,49.67,49.67,49.67,49.67,49.67,49.67,49.62,49.58,49.58,49.58,49.58,49.58,49.58,49.58,49.58,49.58,49.58,49.58,49.58,49.58,49.61,49.67,49.67,49.67,49.72,49.77,49.77,49.77,49.77,49.81,49.87,49.88,49.88,52.69,57.83,63.26,67.27,69.39,70.31,70.52,70.75,70.92,71.11,71.31,71.49,71.64,71.84,72.05,72.22,72.42,72.58,72.72,72.89,73.10,73.27,73.45,73.66,73.82,74.06,74.36,74.70,74.99,74.94,74.87,74.80,74.75,74.80,74.83,74.84,74.85,74.91,74.93,74.94,74.94,74.91,74.77,74.65,74.59,74.56,74.50,74.48,74.42,74.35,74.30,74.28,74.22,74.13,74.08,74.05,73.98,73.94,73.90,73.80,73.65,73.53,73.34,73.07,72.91,72.69,72.50,72.31,72.08,71.90,71.65,71.37,71.12,70.81,70.49,70.15,69.36,67.01,64.27,61.93,60.25,59.44,58.92,58.03,56.85,55.50,54.27,55.43,57.54,59.44,59.91,59.83,59.46,58.75,57.63,56.59,56.19,56.00,55.85,55.71,55.61,55.48,55.33,55.17,55.04,54.95,54.88,54.78,54.75,54.63,54.48,54.32,54.11,53.95,53.78,53.59,53.38,53.23,53.06,52.97,53.00,53.15,53.30,53.46,53.63,53.86,54.02,54.13,54.04,53.68,53.36,52.85,52.41,52.09,51.81,51.42,50.98,50.59,50.28,50.00,49.72,49.39,49.02,48.64,48.21,47.79,47.39,47.03,46.82,46.65,46.52,46.41,46.26,46.11
70.86,70.45,69.28,65.78,62.38,60.41,59.12,57.81,56.95,56.02,55.01,54.06,53.34,52.41,51.31,50.36,49.95,49.90,49.90,49.90,49.90,49.90,49.90,49.90,49.90,49.90,49.90,49.86,49.81,49.80,49.80,49.80,49.76,49.70,49.70,49.70,49.66,49.60,49.60,49.60,49.60,49.59,49.57,49.51,49.50,49.50,49.50,49.48,49.43,49.40,49.40,49.40,49.40,49.35,49.34,49.40,49.41,49.41,49.46,49.50,49.51,49.52,49.52,49.52,49.53,49.59,49.60,49.60,49.60,49.61,49.62,49.62,49.62,49.62,49.62,49.55,49.52,49.52,49.52,49.52,49.52,49.52,49.52,49.52,49.52,49.52,49.52,49.52,49.52,49.55,49.62,49.62,49.62,49.67,49.72,49.72,49.72,49.72,49.75,49.81,49.81,49.81,50.40,53.16,60.16,64.51,67.98,70.15,70.51,70.75,70.92,71.08,71.26,71.47,71.64,71.84,72.05,72.20,72.37,72.48,72.60,72.75,72.92,73.08,73.24,73.40,73.61,74.10,74.82,75.35,75.39,75.32,75.25,75.17,75.12,75.13,75.19,75.22,75.22,75.23,75.30,75.31,75.31,75.30,75.22,75.18,75.13,75.08,75.06,75.00,74.93,74.88,74.86,74.80,74.72,74.65,74.57,74.50,74.42,74.35,74.26,74.12,73.97,73.77,73.55,73.32,73.16,72.94,72.72,72.50,72.27,72.04,71.81,71.55,71.25,70.94,70.58,70.26,69.56,67.23,64.22,61.44,59.42,58.50,57.54,56.58,55.61,54.59,53.65,55.18,57.52,59.48,59.84,59.30,58.47,57.50,56.44,55.55,55.21,55.05,54.91,54.81,54.68,54.53,54.38,54.23,54.13,54.10,54.11,54.17,54.28,54.23,54.10,53.95,53.78,53.63,53.43,53.23,53.07,52.91,52.71,52.59,52.62,52.77,52.92,53.08,53.25,53.48,53.64,53.79,53.74,53.42,53.11,52.71,52.31,51.95,51.56,51.07,50.63,50.27,49.98,49.79,49.56,49.28,48.96,48.64,48.26,47.83,47.39,47.02,46.72,46.52,46.37,46.23,46.08,45.92
68.18,65.98,64.11,61.53,59.08,57.63,56.76,55.99,55.29,54.48,53.61,52.79,52.19,51.47,50.73,50.14,49.93,49.90,49.90,49.90,49.89,49.86,49.85,49.87,49.90,49.90,49.87,49.83,49.80,49.80,49.80,49.77,49.73,49.70,49.70,49.70,49.66,49.60,49.60,49.60,49.60,49.60,49.59,49.56,49.55,49.53,49.50,49.50,49.46,49.42,49.39,49.36,49.35,49.32,49.32,49.35,49.35,49.39,49.42,49.45,49.45,49.45,49.45,49.46,49.51,49.54,49.55,49.55,49.55,49.55,49.55,49.55,49.55,49.55,49.55,49.50,49.45,49.45,49.45,49.45,49.45,49.45,49.45,49.45,49.45,49.45,49.45,49.45,49.45,49.49,49.55,49.55,49.55,49.60,49.66,49.66,49.66,49.68,49.72,49.75,49.76,49.78,49.82,50.96,55.29,61.29,64.73,67.31,70.14,70.69,70.84,70.98,71.14,71.33,71.49,71.65,71.81,71.96,72.12,72.24,72.38,72.52,72.64,72.82,73.12,73.54,74.09,74.83,75.47,75.83,75.79,75.75,75.68,75.58,75.50,75.50,75.53,75.57,75.59,75.60,75.67,75.70,75.70,75.69,75.65,75.64,75.60,75.54,75.54,75.50,75.46,75.42,75.39,75.34,75.28,75.14,74.96,74.77,74.58,74.43,74.28,74.05,73.82,73.59,73.36,73.14,72.98,72.79,72.60,72.39,72.13,71.92,71.72,71.50,71.24,71.00,70.68,70.37,69.66,67.37,64.23,61.31,59.12,58.03,56.85,55.82,54.87,53.94,53.11,54.77,56.97,58.60,58.84,58.21,57.30,56.29,55.27,54.54,54.25,54.11,54.00,53.88,53.73,53.60,53.51,53.48,53.50,53.54,53.59,53.68,53.78,53.78,53.70,53.57,53.41,53.27,53.08,52.90,52.74,52.55,52.36,52.24,52.25,52.39,52.55,52.69,52.88,53.09,53.22,53.26,53.17,52.93,52.66,52.32,51.96,51.57,51.18,50.69,50.26,49.93,49.70,49.55,49.36,49.11,48.81,48.53,48.20,47.83,47.43,47.01,46.66,46.39,46.21,46.09,45.93,45.78
64.47,60.88,58.68,57.70,56.77,55.86,55.03,54.33,53.63,52.88,52.12,51.41,50.94,50.47,50.11,49.91,49.90,49.90,49.90,49.90,49.87,49.81,49.80,49.84,49.88,49.88,49.83,49.80,49.80,49.80,49.80,49.74,49.70,49.70,49.70,49.70,49.66,49.62,49.62,49.62,49.62,49.62,49.61,49.60,49.60,49.56,49.52,49.51,49.50,49.45,49.38,49.32,49.30,49.29,49.29,49.29,49.30,49.36,49.38,49.38,49.38,49.38,49.39,49.43,49.48,49.48,49.48,49.48,49.48,49.48,49.48,49.48,49.48,49.48,49.48,49.43,49.38,49.38,49.38,49.38,49.38,49.38,49.38,49.38,49.38,49.38,49.38,49.38,49.38,49.42,49.48,49.48,49.48,49.53,49.58,49.59,49.59,49.65,49.69,49.69,49.70,49.76,49.79,49.86,50.94,57.62,60.88,63.92,69.03,70.43,70.72,70.82,70.97,71.13,71.27,71.39,71.50,71.64,71.80,71.95,72.11,72.28,72.44,72.72,73.23,73.94,74.86,75.75,76.15,76.23,76.18,76.17,76.11,75.99,75.86,75.87,75.88,75.92,75.97,75.98,76.04,76.07,76.08,76.08,76.07,76.06,76.02,75.97,75.97,75.97,75.96,75.91,75.82,75.73,75.64,75.44,75.13,74.84,74.53,74.32,74.12,73.83,73.54,73.28,73.04,72.83,72.67,72.51,72.36,72.16,71.89,71.70,71.54,71.35,71.14,70.99,70.72,70.42,69.68,67.38,64.24,61.29,59.04,57.77,56.45,55.34,54.34,53.40,52.62,54.21,56.14,57.41,57.51,56.89,56.04,55.07,54.08,53.53,53.31,53.19,53.09,52.96,52.84,52.76,52.75,52.83,52.96,53.05,53.14,53.23,53.30,53.31,53.27,53.18,53.02,52.88,52.73,52.57,52.41,52.19,52.02,51.89,51.85,52.01,52.17,52.31,52.48,52.66,52.73,52.64,52.49,52.32,52.10,51.83,51.49,51.12,50.75,50.31,49.90,49.60,49.45,49.29,49.13,48.91,48.63,48.39,48.10,47.79,47.45,47.02,46.63,46.28,46.05,45.94,45.79,45.64
59.67,58.02,56.76,55.84,54.98,54.12,53.31,52.62,51.92,51.21,50.65,50.33,50.18,50.05,49.95,49.90,49.90,49.90,49.90,49.87,49.83,49.80,49.80,49.81,49.83,49.82,49.81,49.80,49.80,49.80,49.80,49.74,49.70,49.70,49.70,49.70,49.69,49.67,49.67,49.67,49.67,49.67,49.67,49.61,49.60,49.59,49.58,49.57,49.52,49.45,49.40,49.37,49.31,49.25,49.23,49.24,49.29,49.32,49.33,49.33,49.33,49.33,49.37,49.41,49.42,49.42,49.42,49.42,49.42,49.42,49.42,49.42,49.42,49.42,49.42,49.36,49.33,49.33,49.33,49.33,49.33,49.33,49.33,49.33,49.33,49.33,49.33,49.33,49.33,49.36,49.42,49.42,49.42,49.43,49.47,49.52,49.52,49.59,49.63,49.64,49.69,49.71,49.76,49.82,50.23,52.88,57.05,61.57,65.78,69.60,70.49,70.55,70.66,70.81,70.96,71.11,71.23,71.34,71.48,71.64,71.82,72.08,72.57,73.22,74.00,74.88,75.78,76.56,76.69,76.57,76.56,76.55,76.50,76.35,76.20,76.24,76.25,76.30,76.36,76.36,76.37,76.42,76.45,76.45,76.45,76.41,76.36,76.36,76.36,76.36,76.31,76.21,75.97,75.53,75.27,75.02,74.73,74.47,74.17,73.92,73.71,73.51,73.27,72.99,72.72,72.50,72.35,72.19,72.04,71.87,71.68,71.47,71.26,71.06,70.90,70.79,70.58,70.30,69.52,67.07,64.12,61.32,59.06,57.70,56.28,55.03,53.93,52.97,52.20,53.35,54.98,56.15,56.03,55.47,54.71,53.80,52.86,52.53,52.40,52.28,52.16,52.13,52.14,52.20,52.30,52.37,52.47,52.55,52.65,52.78,52.85,52.87,52.83,52.73,52.59,52.48,52.34,52.20,52.04,51.86,51.70,51.53,51.43,51.62,51.78,51.94,52.06,52.10,52.02,51.89,51.73,51.58,51.40,51.21,50.95,50.63,50.36,49.97,49.61,49.34,49.19,49.04,48.88,48.68,48.44,48.20,47.96,47.67,47.37,47.06,46.63,46.25,45.95,45.76,45.60,45.45
56.75,55.87,55.03,54.11,53.22,52.38,51.66,51.16,50.73,50.30,50.02,49.91,49.90,49.90,49.90,49.90,49.90,49.90,49.88,49.84,49.80,49.80,49.80,49.80,49.80,49.80,49.80,49.80,49.80,49.80,49.80,49.74,49.70,49.70,49.70,49.70,49.70,49.70,49.70,49.70,49.70,49.70,49.69,49.65,49.63,49.62,49.60,49.59,49.53,49.47,49.43,49.39,49.32,49.24,49.20,49.21,49.25,49.27,49.27,49.27,49.27,49.29,49.33,49.37,49.37,49.37,49.37,49.37,49.37,49.37,49.37,49.37,49.37,49.37,49.37,49.30,49.27,49.27,49.27,49.27,49.27,49.27,49.27,49.27,49.27,49.27,49.27,49.27,49.27,49.28,49.33,49.36,49.37,49.38,49.41,49.46,49.47,49.52,49.56,49.58,49.65,49.69,49.74,49.81,49.94,50.58,53.79,57.95,62.26,68.37,70.25,70.48,70.44,70.51,70.65,70.80,70.94,71.05,71.21,71.49,71.90,72.45,73.18,74.03,74.94,75.87,76.73,77.18,77.11,76.94,76.96,76.94,76.88,76.72,76.55,76.59,76.62,76.66,76.70,76.73,76.73,76.77,76.79,76.79,76.79,76.75,76.73,76.73,76.72,76.64,76.42,76.09,75.66,75.12,74.83,74.58,74.29,74.08,73.79,73.53,73.32,73.16,72.96,72.70,72.43,72.19,72.03,71.88,71.72,71.57,71.41,71.21,70.99,70.80,70.68,70.57,70.39,69.88,68.66,66.17,63.38,60.85,58.79,57.37,55.91,54.54,53.39,52.48,51.72,52.68,54.07,54.99,54.63,53.98,53.34,52.63,51.82,51.59,51.55,51.50,51.47,51.53,51.60,51.70,51.81,51.89,52.00,52.08,52.18,52.30,52.38,52.42,52.39,52.30,52.17,52.07,51.95,51.81,51.66,51.53,51.37,51.17,51.06,51.24,51.41,51.49,51.49,51.43,51.28,51.13,50.97,50.82,50.66,50.53,50.36,50.15,49.97,49.69,49.43,49.18,48.98,48.79,48.65,48.48,48.25,48.01,47.78,47.50,47.22,46.97,46.59,46.21,45.88,45.62,45.45,45.30
55.08,54.16,53.33,52.41,51.57,50.81,50.27,50.06,49.99,49.95,49.91,49.90,49.90,49.90,49.90,49.90,49.90,49.90,49.86,49.81,49.81,49.81,49.81,49.80,49.80,49.80,49.80,49.80,49.80,49.80,49.80,49.75,49.71,49.71,49.70,49.71,49.71,49.71,49.71,49.71,49.71,49.71,49.71,49.70,49.69,49.66,49.61,49.59,49.54,49.50,49.47,49.40,49.32,49.25,49.21,49.20,49.20,49.20,49.20,49.20,49.21,49.27,49.29,49.30,49.30,49.30,49.30,49.30,49.30,49.30,49.30,49.30,49.30,49.30,49.30,49.24,49.20,49.20,49.20,49.20,49.20,49.20,49.20,49.20,49.20,49.19,49.19,49.18,49.19,49.20,49.22,49.28,49.30,49.34,49.39,49.40,49.40,49.46,49.50,49.52,49.59,49.66,49.73,49.79,49.82,49.95,51.24,53.96,58.78,66.39,69.69,70.50,70.26,70.15,70.31,70.49,70.66,70.86,71.08,71.58,72.31,73.20,74.10,75.02,75.95,76.85,77.61,77.64,77.45,77.34,77.39,77.33,77.25,77.10,76.91,76.92,76.99,77.02,77.04,77.10,77.11,77.12,77.12,77.12,77.12,77.12,77.11,77.08,77.00,76.78,76.30,75.69,75.07,74.59,74.36,74.13,73.85,73.67,73.40,73.14,72.93,72.78,72.63,72.41,72.16,71.88,71.72,71.56,71.41,71.25,71.09,70.94,70.74,70.56,70.45,70.23,69.94,68.98,67.16,64.73,62.17,60.02,58.29,56.82,55.35,53.91,52.75,51.96,51.22,52.10,53.27,53.88,53.28,52.48,51.97,51.52,50.95,50.76,50.78,50.85,50.92,51.06,51.14,51.23,51.31,51.40,51.53,51.63,51.72,51.80,51.88,51.95,51.94,51.87,51.78,51.64,51.54,51.43,51.28,51.19,51.00,50.81,50.73,50.85,50.98,50.96,50.83,50.69,50.54,50.40,50.25,50.10,49.96,49.86,49.77,49.68,49.59,49.44,49.27,49.07,48.80,48.56,48.43,48.27,48.05,47.82,47.59,47.31,47.03,46.78,46.48,46.17,45.84,45.51,45.32,45.16
53.65,52.66,51.73,50.86,50.46,50.17,49.98,49.91,49.90,49.90,49.90,49.90,49.90,49.90,49.90,49.90,49.90,49.90,49.88,49.87,49.87,49.87,49.87,49.84,49.80,49.80,49.80,49.80,49.80,49.80,49.80,49.78,49.77,49.75,49.71,49.74,49.77,49.77,49.77,49.77,49.77,49.77,49.76,49.71,49.70,49.69,49.65,49.60,49.57,49.54,49.47,49.40,49.32,49.28,49.24,49.19,49.14,49.13,49.13,49.15,49.20,49.23,49.23,49.23,49.23,49.23,49.23,49.23,49.23,49.23,49.23,49.23,49.23,49.23,49.23,49.17,49.13,49.13,49.13,49.13,49.13,49.13,49.13,49.13,49.13,49.11,49.07,49.07,49.11,49.13,49.15,49.22,49.23,49.28,49.34,49.34,49.39,49.42,49.46,49.51,49.53,49.60,49.67,49.75,49.80,49.88,50.48,52.32,56.09,61.64,67.47,70.27,69.96,69.44,69.88,70.23,70.48,70.97,71.61,72.35,73.19,74.12,75.05,75.97,76.90,77.71,78.10,77.95,77.77,77.72,77.78,77.71,77.63,77.46,77.25,77.29,77.37,77.39,77.40,77.43,77.48,77.50,77.50,77.50,77.50,77.50,77.44,77.26,76.84,76.32,75.73,75.10,74.50,74.07,73.89,73.66,73.35,73.18,72.94,72.70,72.51,72.40,72.25,72.08,71.86,71.61,71.41,71.24,71.09,70.93,70.79,70.67,70.48,70.29,70.07,69.41,68.27,66.62,64.54,62.40,60.54,58.96,57.50,56.03,54.56,53.17,52.07,51.36,50.73,51.36,52.22,52.65,52.05,51.15,50.69,50.47,50.26,50.19,50.27,50.38,50.46,50.56,50.64,50.75,50.86,50.94,51.05,51.16,51.27,51.35,51.42,51.46,51.46,51.42,51.34,51.24,51.13,50.99,50.84,50.76,50.60,50.46,50.38,50.37,50.33,50.25,50.15,50.04,49.94,49.84,49.73,49.63,49.53,49.45,49.36,49.28,49.21,49.11,49.01,48.87,48.65,48.37,48.17,48.01,47.86,47.63,47.40,47.13,46.84,46.60,46.30,46.03,45.76,45.47,45.17,44.98
52.63,51.72,50.84,50.08,49.91,49.90,49.90,49.90,49.90,49.90,49.90,49.90,49.90,49.90,49.90,49.90,49.90,49.90,49.90,49.90,49.90,49.90,49.90,49.87,49.83,49.83,49.81,49.80,49.80,49.80,49.80,49.80,49.80,49.79,49.74,49.78,49.80,49.80,49.80,49.80,49.80,49.80,49.79,49.74,49.73,49.72,49.69,49.64,49.61,49.55,49.47,49.40,49.32,49.30,49.26,49.19,49.12,49.10,49.10,49.12,49.16,49.17,49.17,49.17,49.17,49.17,49.17,49.17,49.17,49.17,49.17,49.17,49.17,49.17,49.17,49.11,49.08,49.08,49.08,49.08,49.08,49.08,49.08,49.08,49.08,49.04,48.98,48.99,49.04,49.08,49.11,49.16,49.19,49.25,49.30,49.31,49.38,49.40,49.44,49.50,49.50,49.57,49.64,49.72,49.80,49.88,50.13,51.44,54.49,58.35,64.87,68.38,68.15,68.01,68.94,69.79,70.53,71.46,72.39,73.28,74.18,75.10,76.03,76.95,77.82,78.44,78.50,78.25,78.11,78.10,78.16,78.11,78.00,77.80,77.59,77.66,77.72,77.76,77.78,77.78,77.83,77.86,77.88,77.87,77.84,77.70,77.44,77.05,76.43,75.76,75.11,74.48,73.91,73.57,73.42,73.19,72.88,72.71,72.51,72.28,72.09,71.99,71.86,71.72,71.54,71.33,71.09,70.92,70.77,70.62,70.47,70.38,69.85,69.16,68.51,67.32,65.64,63.81,61.98,60.32,59.03,57.85,56.61,55.20,53.74,52.40,51.36,50.71,50.27,50.63,51.13,51.37,50.95,50.29,49.96,49.86,49.84,49.84,49.91,49.98,50.04,50.11,50.20,50.30,50.42,50.50,50.57,50.69,50.80,50.88,50.95,50.99,51.00,50.98,50.90,50.82,50.70,50.55,50.43,50.34,50.23,50.12,50.04,49.96,49.82,49.71,49.63,49.53,49.45,49.38,49.30,49.21,49.14,49.06,48.98,48.90,48.84,48.75,48.66,48.55,48.40,48.17,47.96,47.78,47.62,47.44,47.21,46.94,46.65,46.41,46.11,45.85,45.62,45.37,45.02,44.82
52.11,51.44,50.78,50.17,49.95,49.90,49.90,49.90,49.90,49.90,49.90,49.90,49.90,49.90,49.90,49.90,49.90,49.90,49.90,49.90,49.90,49.90,49.90,49.90,49.89,49.89,49.83,49.80,49.80,49.80,49.80,49.80,49.80,49.80,49.80,49.80,49.80,49.80,49.80,49.80,49.80,49.80,49.80,49.79,49.79,49.75,49.70,49.69,49.63,49.55,49.47,49.40,49.32,49.30,49.26,49.19,49.12,49.10,49.10,49.10,49.10,49.10,49.10,49.10,49.10,49.10,49.10,49.10,49.10,49.10,49.10,49.10,49.10,49.10,49.10,49.05,49.01,49.01,49.01,49.01,49.01,49.01,49.01,49.01,49.01,48.98,48.93,48.98,49.01,49.05,49.10,49.11,49.17,49.25,49.30,49.31,49.38,49.40,49.44,49.50,49.51,49.57,49.64,49.72,49.80,49.87,49.94,51.09,54.04,57.26,62.12,64.64,64.69,65.85,67.45,69.11,70.74,72.23,73.26,74.21,75.17,76.11,77.04,77.96,78.68,79.05,78.86,78.56,78.46,78.48,78.55,78.54,78.37,78.15,77.97,78.04,78.06,78.11,78.16,78.16,78.16,78.21,78.24,78.21,78.09,77.63,77.05,76.42,75.80,75.17,74.51,73.85,73.31,73.09,72.93,72.71,72.43,72.27,72.11,71.90,71.69,71.56,71.47,71.33,71.17,71.00,70.78,70.61,70.41,70.17,69.92,69.78,68.52,66.89,65.55,63.89,62.22,60.85,59.79,58.73,57.74,56.73,55.63,54.35,52.91,51.62,50.62,50.05,49.89,49.99,50.10,50.13,50.06,49.95,49.86,49.78,49.72,49.72,49.68,49.65,49.67,49.75,49.82,49.91,49.99,50.07,50.14,50.23,50.31,50.38,50.46,50.52,50.55,50.54,50.47,50.39,50.27,50.14,50.05,49.98,49.89,49.81,49.73,49.65,49.51,49.40,49.30,49.17,49.07,49.00,48.92,48.84,48.76,48.69,48.61,48.52,48.45,48.37,48.25,48.13,48.04,47.94,47.79,47.58,47.34,47.22,47.02,46.74,46.46,46.22,45.92,45.66,45.43,45.18,44.88,44.69
52.28,51.62,50.96,50.34,50.00,49.90,49.90,49.91,49.95,49.99,49.97,49.90,49.90,49.90,49.90,49.90,49.90,49.90,49.90,49.90,49.90,49.90,49.90,49.90,49.90,49.90,49.87,49.86,49.86,49.86,49.86,49.86,49.86,49.86,49.85,49.82,49.80,49.80,49.80,49.80,49.80,49.80,49.80,49.80,49.80,49.78,49.75,49.70,49.63,49.55,49.47,49.40,49.32,49.30,49.26,49.19,49.12,49.10,49.07,49.05,49.05,49.05,49.05,49.05,49.05,49.05,49.05,49.05,49.05,49.05,49.05,49.05,49.05,49.04,49.00,48.96,48.95,48.95,48.95,48.95,48.95,48.95,48.95,48.95,48.95,48.93,48.91,48.94,48.98,49.02,49.05,49.10,49.17,49.27,49.36,49.36,49.44,49.45,49.47,49.51,49.55,49.59,49.64,49.72,49.79,49.83,49.87,50.87,53.41,56.16,59.53,61.74,62.83,64.52,66.35,68.19,69.99,71.72,73.16,74.56,75.91,77.10,78.00,78.89,79.39,79.46,79.19,78.92,78.84,78.87,78.93,78.93,78.72,78.49,78.35,78.38,78.42,78.48,78.53,78.53,78.53,78.56,78.47,78.17,77.70,77.05,76.42,75.83,75.17,74.55,73.91,73.27,72.73,72.58,72.43,72.22,71.98,71.83,71.67,71.47,71.27,71.16,71.04,70.93,70.80,70.64,70.45,70.29,69.58,68.28,66.75,65.86,64.53,63.13,62.10,61.10,60.16,59.36,58.62,57.61,56.56,55.56,54.55,53.36,52.01,50.89,50.15,49.86,49.81,49.83,49.82,49.79,49.79,49.79,49.74,49.66,49.59,49.59,49.53,49.47,49.45,49.52,49.60,49.65,49.70,49.77,49.86,49.93,49.99,50.03,50.10,50.15,50.16,50.16,50.12,50.05,49.95,49.85,49.78,49.74,49.67,49.59,49.52,49.44,49.33,49.22,49.09,48.93,48.81,48.73,48.63,48.51,48.39,48.30,48.20,48.09,48.01,47.94,47.84,47.73,47.67,47.59,47.48,47.34,47.16,46.95,46.80,46.55,46.27,46.03,45.73,45.47,45.24,45.00,44.74,44.53
52.67,51.98,51.28,50.62,50.19,50.06,50.07,50.09,50.16,50.22,50.18,50.05,50.02,50.02,50.02,50.02,50.01,50.00,49.97,49.94,49.90,49.90,49.90,49.90,49.90,49.90,49.90,49.90,49.90,49.90,49.90,49.90,49.90,49.90,49.89,49.84,49.82,49.82,49.82,49.82,49.82,49.82,49.82,49.82,49.82,49.81,49.78,49.70,49.63,49.55,49.47,49.40,49.32,49.30,49.26,49.19,49.12,49.10,49.05,49.00,49.00,48.99,48.98,48.98,48.98,48.98,48.98,48.98,48.98,48.98,48.98,48.98,48.98,48.97,48.90,48.88,48.88,48.88,48.88,48.88,48.88,48.88,48.88,48.88,48.88,48.88,48.88,48.90,48.95,48.99,49.02,49.09,49.18,49.31,49.41,49.42,49.48,49.51,49.52,49.53,49.59,49.60,49.64,49.72,49.79,49.81,49.86,50.75,52.94,55.24,57.49,59.58,61.52,63.45,65.37,67.19,68.99,70.82,72.62,74.40,76.12,77.68,78.88,79.78,80.08,79.89,79.54,79.29,79.22,79.25,79.31,79.31,79.07,78.83,78.70,78.72,78.78,78.85,78.90,78.91,78.87,78.75,78.44,77.87,77.13,76.35,75.74,75.20,74.56,73.93,73.30,72.69,72.19,72.06,71.93,71.74,71.54,71.38,71.23,71.03,70.86,70.76,70.62,70.47,70.18,69.69,69.13,68.51,67.25,65.35,63.20,61.91,60.80,59.88,59.32,58.98,58.67,58.30,57.71,56.65,55.51,54.47,53.46,52.35,51.14,50.29,49.84,49.77,49.76,49.76,49.72,49.66,49.66,49.66,49.61,49.53,49.47,49.46,49.40,49.33,49.30,49.35,49.42,49.45,49.48,49.56,49.64,49.72,49.76,49.77,49.83,49.84,49.84,49.84,49.84,49.77,49.69,49.61,49.55,49.53,49.47,49.39,49.33,49.25,49.17,49.05,48.90,48.74,48.59,48.49,48.38,48.22,48.07,47.98,47.86,47.72,47.63,47.55,47.47,47.37,47.28,47.20,47.13,47.05,46.94,46.69,46.56,46.35,46.08,45.84,45.54,45.28,45.05,44.82,44.59,44.36
53.18,52.49,51.79,51.13,50.69,50.60,50.64,50.66,50.72,50.75,50.69,50.54,50.42,50.40,50.40,50.40,50.39,50.33,50.22,50.07,49.91,49.90,49.90,49.90,49.90,49.90,49.90,49.90,49.90,49.90,49.90,49.90,49.90,49.90,49.90,49.89,49.88,49.88,49.88,49.88,49.88,49.88,49.88,49.88,49.88,49.85,49.78,49.70,49.63,49.55,49.47,49.40,49.32,49.30,49.26,49.19,49.12,49.10,49.05,49.00,48.99,48.94,48.91,48.91,48.91,48.91,48.91,48.91,48.91,48.91,48.91,48.91,48.91,48.91,48.83,48.81,48.81,48.81,48.81,48.81,48.81,48.81,48.81,48.81,48.81,48.81,48.83,48.89,48.91,48.95,49.02,49.10,49.23,49.34,49.42,49.48,49.50,49.55,49.59,49.59,49.60,49.60,49.64,49.72,49.80,49.86,49.89,50.76,52.91,54.72,56.62,58.59,60.56,62.49,64.37,66.18,67.96,69.76,71.59,73.39,75.26,77.31,79.54,80.63,80.83,80.48,79.95,79.67,79.59,79.63,79.69,79.69,79.45,79.19,79.03,79.09,79.16,79.20,79.24,79.26,79.10,78.58,77.91,77.19,76.48,75.72,75.05,74.48,73.97,73.36,72.70,72.09,71.67,71.56,71.42,71.26,71.09,70.94,70.78,70.62,70.46,70.33,70.23,69.92,69.03,67.41,65.53,63.36,61.79,60.89,60.29,59.79,59.19,58.65,58.34,58.03,57.72,57.37,56.82,55.76,54.66,53.56,52.43,51.31,50.36,49.94,49.76,49.64,49.63,49.63,49.59,49.53,49.53,49.53,49.48,49.41,49.34,49.33,49.27,49.23,49.22,49.23,49.25,49.29,49.36,49.44,49.51,49.59,49.63,49.64,49.65,49.65,49.65,49.65,49.65,49.58,49.50,49.42,49.35,49.29,49.21,49.17,49.13,49.06,48.98,48.86,48.71,48.55,48.40,48.30,48.19,48.03,47.88,47.79,47.67,47.52,47.38,47.30,47.18,47.04,46.91,46.83,46.75,46.67,46.59,46.47,46.33,46.13,45.89,45.65,45.35,45.09,44.86,44.63,44.40,44.16
53.61,52.94,52.25,51.59,51.22,51.16,51.22,51.22,51.26,51.21,51.12,50.99,50.85,50.86,50.87,50.86,50.81,50.68,50.52,50.33,50.13,50.05,49.98,49.92,49.90,49.90,49.90,49.90,49.90,49.91,49.94,49.97,50.01,50.02,49.96,49.91,49.90,49.90,49.90,49.90,49.90,49.90,49.90,49.90,49.90,49.86,49.78,49.70,49.63,49.55,49.47,49.40,49.32,49.30,49.26,49.20,49.15,49.11,49.08,49.04,49.00,48.96,48.92,48.90,48.89,48.86,48.85,48.85,48.85,48.85,48.85,48.85,48.85,48.85,48.81,48.80,48.80,48.80,48.80,48.80,48.80,48.80,48.80,48.80,48.80,48.80,48.81,48.85,48.88,48.94,49.02,49.10,49.24,49.35,49.44,49.53,49.55,49.61,49.65,49.65,49.65,49.65,49.67,49.72,49.80,49.88,49.90,50.49,52.06,53.81,55.67,57.60,59.57,61.49,63.36,65.19,67.00,68.84,70.81,72.99,75.23,77.55,79.93,81.04,81.27,81.02,80.64,80.44,80.34,80.30,80.30,80.22,79.94,79.65,79.48,79.52,79.59,79.60,79.50,79.22,78.77,78.08,77.31,76.54,75.81,75.07,74.36,73.73,73.26,72.72,72.10,71.54,71.19,71.06,70.91,70.75,70.60,70.43,70.10,69.47,68.64,67.71,66.81,65.77,64.66,63.51,62.16,60.63,59.63,59.20,59.01,58.58,57.96,57.44,57.20,56.93,56.66,56.37,55.92,55.02,53.95,52.80,51.65,50.60,49.97,49.78,49.69,49.56,49.52,49.48,49.44,49.41,49.41,49.41,49.36,49.28,49.22,49.21,49.15,49.11,49.10,49.07,49.09,49.15,49.23,49.31,49.39,49.46,49.51,49.51,49.51,49.51,49.51,49.50,49.46,49.39,49.31,49.23,49.16,49.08,49.00,48.94,48.91,48.86,48.80,48.70,48.55,48.38,48.25,48.13,48.00,47.84,47.69,47.60,47.48,47.33,47.18,47.09,46.96,46.81,46.67,46.58,46.48,46.36,46.26,46.17,46.03,45.86,45.66,45.45,45.19,44.95,44.72,44.48,44.25,43.99
54.00,53.39,52.71,52.06,51.76,51.74,51.78,51.77,51.76,51.65,51.53,51.44,51.31,51.34,51.37,51.32,51.21,51.01,50.83,50.64,50.43,50.27,50.12,50.01,49.95,49.94,49.93,49.92,49.93,49.95,50.02,50.09,50.17,50.21,50.08,49.99,49.96,49.95,49.94,49.93,49.92,49.92,49.92,49.92,49.91,49.86,49.78,49.70,49.63,49.55,49.47,49.40,49.32,49.30,49.26,49.20,49.19,49.13,49.10,49.08,49.01,49.00,48.95,48.90,48.88,48.82,48.81,48.80,48.79,48.79,48.79,48.79,48.79,48.79,48.79,48.79,48.79,48.79,48.79,48.79,48.79,48.79,48.79,48.79,48.79,48.79,48.79,48.80,48.86,48.94,49.02,49.11,49.24,49.35,49.45,49.58,49.61,49.66,49.70,49.71,49.71,49.71,49.71,49.73,49.80,49.88,49.90,50.20,51.15,52.90,54.77,56.68,58.62,60.55,62.42,64.28,66.14,68.03,70.12,72.73,75.40,77.92,80.21,81.30,81.59,81.48,81.32,81.22,81.07,80.94,80.83,80.70,80.40,80.12,79.95,79.94,79.97,79.82,79.44,78.81,78.20,77.45,76.67,75.90,75.13,74.41,73.68,72.98,72.50,72.03,71.48,70.99,70.69,70.36,70.02,69.68,69.33,68.97,68.35,67.27,65.87,64.28,62.69,61.09,60.05,59.75,59.40,59.07,58.80,58.57,58.30,57.68,56.90,56.28,56.01,55.77,55.53,55.30,54.98,54.32,53.32,52.20,51.06,50.10,49.78,49.70,49.63,49.48,49.40,49.32,49.28,49.28,49.28,49.27,49.22,49.15,49.09,49.08,49.02,48.98,48.97,48.91,48.95,49.03,49.10,49.18,49.26,49.33,49.36,49.37,49.38,49.37,49.36,49.35,49.27,49.20,49.12,49.05,48.97,48.89,48.81,48.74,48.67,48.66,48.60,48.52,48.41,48.20,48.10,47.96,47.81,47.66,47.51,47.41,47.29,47.14,46.99,46.90,46.77,46.62,46.48,46.39,46.26,46.10,45.97,45.88,45.74,45.59,45.43,45.26,45.04,44.81,44.58,44.34,44.11,43.83
54.34,53.82,53.21,52.57,52.31,52.30,52.34,52.28,52.22,52.09,51.97,51.89,51.81,51.85,51.81,51.68,51.49,51.31,51.11,50.92,50.73,50.53,50.36,50.25,50.18,50.12,50.06,50.05,50.06,50.12,50.20,50.28,50.38,50.47,50.38,50.30,50.23,50.18,50.12,50.06,50.05,50.05,50.05,50.04,49.95,49.86,49.78,49.70,49.63,49.55,49.47,49.40,49.32,49.30,49.26,49.20,49.20,49.13,49.10,49.08,49.01,49.00,48.95,48.90,48.88,48.81,48.80,48.77,48.73,48.73,48.73,48.73,48.73,48.73,48.73,48.73,48.73,48.73,48.73,48.73,48.73,48.73,48.73,48.73,48.73,48.73,48.74,48.79,48.86,48.94,49.03,49.16,49.26,49.35,49.45,49.59,49.66,49.69,49.73,49.77,49.77,49.77,49.77,49.78,49.81,49.88,49.90,50.23,51.18,52.52,54.15,55.97,57.92,59.89,61.77,63.66,65.55,67.42,69.40,72.10,75.06,77.95,80.43,81.55,81.85,81.75,81.60,81.46,81.24,81.00,80.83,80.72,80.57,80.43,80.33,80.26,80.08,79.30,78.25,77.53,77.50,76.87,76.04,75.27,74.49,73.74,73.00,72.31,71.70,71.26,70.79,70.40,70.03,68.90,67.68,66.43,65.17,64.01,62.88,62.11,61.55,60.93,60.26,59.59,59.10,58.86,58.61,58.38,58.18,57.92,57.41,56.69,55.91,55.24,54.82,54.57,54.34,54.14,53.92,53.54,52.89,51.92,50.81,49.97,49.79,49.69,49.56,49.41,49.28,49.19,49.16,49.16,49.15,49.10,49.07,49.03,48.96,48.95,48.90,48.85,48.84,48.77,48.82,48.90,48.98,49.05,49.13,49.17,49.18,49.19,49.24,49.21,49.18,49.16,49.09,49.01,48.93,48.85,48.78,48.70,48.62,48.55,48.48,48.42,48.39,48.34,48.23,48.06,47.92,47.77,47.62,47.48,47.37,47.25,47.10,46.95,46.80,46.71,46.58,46.43,46.29,46.20,46.06,45.91,45.77,45.69,45.55,45.39,45.24,45.07,44.85,44.62,44.39,44.16,43.92,43.68
54.64,54.22,53.68,53.05,52.86,52.84,52.83,52.75,52.67,52.53,52.42,52.35,52.30,52.28,52.17,51.98,51.78,51.60,51.38,51.18,51.01,50.79,50.64,50.54,50.45,50.35,50.27,50.23,50.23,50.31,50.39,50.47,50.57,50.67,50.67,50.61,50.54,50.46,50.38,50.30,50.28,50.26,50.20,50.11,49.97,49.86,49.78,49.70,49.63,49.55,49.47,49.40,49.35,49.31,49.28,49.23,49.20,49.16,49.12,49.09,49.04,49.01,48.96,48.93,48.89,48.85,48.81,48.77,48.73,48.70,48.70,48.68,48.66,48.66,48.66,48.66,48.66,48.66,48.66,48.66,48.66,48.66,48.66,48.66,48.69,48.70,48.71,48.75,48.85,48.94,49.03,49.18,49.27,49.37,49.48,49.60,49.68,49.72,49.76,49.80,49.83,49.84,49.84,49.84,49.84,49.92,50.11,50.64,51.66,52.81,54.22,55.79,57.48,59.29,61.16,63.07,64.98,66.88,68.80,71.38,74.33,77.38,80.08,81.53,82.09,82.12,81.98,81.79,81.49,81.17,80.91,80.74,80.64,80.56,80.45,80.16,79.13,77.41,75.76,75.14,75.36,75.33,75.04,74.55,73.81,73.05,72.32,71.62,70.87,69.96,69.02,68.17,67.30,65.76,64.31,63.01,61.84,60.75,59.82,59.37,59.21,59.03,58.82,58.62,58.42,58.21,57.98,57.74,57.51,57.16,56.45,55.68,54.91,54.19,53.63,53.36,53.16,52.96,52.78,52.55,52.17,51.47,50.61,49.92,49.78,49.66,49.50,49.35,49.22,49.11,49.05,49.03,49.02,48.95,48.93,48.90,48.83,48.83,48.77,48.73,48.71,48.65,48.70,48.77,48.85,48.92,48.98,49.01,49.03,49.04,49.08,49.05,49.01,48.97,48.89,48.82,48.74,48.66,48.59,48.51,48.43,48.35,48.28,48.20,48.17,48.13,48.05,47.89,47.74,47.58,47.43,47.29,47.20,47.06,46.91,46.76,46.61,46.52,46.39,46.24,46.10,46.01,45.88,45.72,45.58,45.50,45.36,45.20,45.05,44.88,44.66,44.45,44.23,43.97,43.74,43.50
54.94,54.58,54.11,53.50,53.39,53.34,53.27,53.19,53.10,52.98,52.86,52.80,52.76,52.65,52.45,52.25,52.08,51.86,51.63,51.43,51.26,51.05,50.94,50.85,50.76,50.62,50.53,50.45,50.43,50.50,50.58,50.66,50.75,50.84,50.95,50.92,50.85,50.78,50.70,50.62,50.58,50.51,50.35,50.14,49.97,49.86,49.78,49.70,49.63,49.55,49.47,49.42,49.40,49.35,49.30,49.28,49.22,49.20,49.16,49.10,49.08,49.03,49.00,48.97,48.91,48.90,48.84,48.80,48.77,48.72,48.70,48.66,48.61,48.61,48.61,48.61,48.61,48.61,48.61,48.61,48.61,48.61,48.61,48.61,48.65,48.69,48.69,48.71,48.83,48.94,49.04,49.18,49.27,49.39,49.52,49.60,49.69,49.76,49.80,49.82,49.88,49.90,49.91,49.93,49.97,50.07,50.53,51.31,52.38,53.54,54.78,56.02,57.31,58.83,60.61,62.51,64.44,66.37,68.30,70.66,73.36,76.28,79.03,81.13,82.21,82.50,82.41,82.17,81.80,81.38,80.94,80.48,80.32,80.26,80.09,79.40,77.19,74.53,72.47,71.99,72.26,73.09,73.71,73.69,73.07,72.31,71.51,70.67,69.66,67.98,66.30,64.73,63.25,61.74,60.62,59.90,59.48,59.08,58.81,58.61,58.43,58.21,58.04,57.88,57.72,57.55,57.33,57.10,56.79,56.30,55.46,54.68,53.90,53.13,52.46,52.17,51.99,51.80,51.60,51.43,51.20,50.86,50.41,49.92,49.74,49.59,49.44,49.30,49.20,49.07,48.96,48.90,48.89,48.83,48.80,48.77,48.71,48.70,48.64,48.60,48.59,48.52,48.57,48.65,48.72,48.79,48.81,48.86,48.90,48.90,48.91,48.90,48.85,48.78,48.70,48.63,48.55,48.48,48.40,48.32,48.24,48.16,48.09,48.01,47.94,47.90,47.85,47.70,47.55,47.40,47.25,47.10,47.01,46.88,46.72,46.57,46.42,46.33,46.20,46.05,45.91,45.82,45.69,45.53,45.39,45.31,45.17,45.01,44.86,44.69,44.47,44.28,44.07,43.79,43.55,43.32
55.19,54.84,54.43,53.98,53.86,53.79,53.71,53.63,53.51,53.39,53.30,53.22,53.12,52.94,52.72,52.49,52.29,52.11,51.89,51.67,51.48,51.34,51.25,51.15,51.03,50.92,50.80,50.70,50.66,50.70,50.77,50.89,50.99,51.07,51.17,51.21,51.17,51.09,51.01,50.89,50.75,50.58,50.38,50.15,49.97,49.86,49.78,49.70,49.63,49.55,49.49,49.47,49.46,49.41,49.34,49.29,49.26,49.22,49.19,49.15,49.10,49.07,49.03,48.99,48.95,48.91,48.88,48.84,48.79,48.76,48.72,48.65,48.60,48.60,48.60,48.60,48.60,48.60,48.60,48.60,48.60,48.60,48.60,48.60,48.62,48.63,48.65,48.74,48.85,48.97,49.08,49.19,49.27,49.40,49.52,49.61,49.73,49.82,49.87,49.87,49.90,49.98,50.08,50.23,50.53,50.84,51.32,52.00,52.94,54.12,55.35,56.55,57.75,59.06,60.32,61.99,63.94,65.91,67.85,70.07,72.47,74.74,76.36,79.60,81.70,82.38,82.47,82.34,81.86,81.13,80.07,78.45,78.03,78.08,77.85,76.36,74.01,71.68,69.89,69.25,69.89,71.00,71.97,72.40,72.03,71.30,70.04,68.31,66.28,64.30,62.71,61.53,60.70,59.87,59.23,58.80,58.48,58.19,58.00,57.85,57.66,57.39,57.23,57.07,56.92,56.75,56.58,56.39,56.04,55.45,54.52,53.72,52.91,52.11,51.41,51.05,50.85,50.68,50.51,50.40,50.27,50.16,50.02,49.79,49.67,49.52,49.39,49.28,49.16,49.01,48.87,48.76,48.72,48.68,48.67,48.65,48.58,48.57,48.52,48.47,48.46,48.39,48.44,48.52,48.60,48.67,48.67,48.73,48.78,48.78,48.77,48.74,48.67,48.59,48.52,48.44,48.36,48.28,48.21,48.13,48.05,47.98,47.90,47.82,47.75,47.68,47.62,47.51,47.40,47.27,47.11,46.96,46.83,46.69,46.53,46.39,46.28,46.16,46.01,45.86,45.72,45.63,45.49,45.34,45.20,45.12,44.98,44.82,44.67,44.50,44.28,44.07,43.86,43.65,43.42,43.19
55.43,55.08,54.73,54.42,54.31,54.23,54.15,54.05,53.91,53.81,53.70,53.57,53.40,53.19,52.97,52.73,52.51,52.33,52.13,51.92,51.73,51.64,51.55,51.43,51.31,51.21,51.08,50.97,50.91,50.92,50.98,51.11,51.22,51.29,51.37,51.45,51.45,51.38,51.27,51.10,50.89,50.65,50.40,50.15,49.97,49.86,49.78,49.70,49.63,49.56,49.52,49.52,49.51,49.45,49.39,49.33,49.30,49.25,49.21,49.19,49.13,49.10,49.06,49.02,48.99,48.94,48.91,48.87,48.82,48.80,48.73,48.66,48.62,48.60,48.58,48.58,48.58,48.58,48.58,48.58,48.58,48.58,48.58,48.58,48.58,48.58,48.63,48.77,48.86,48.98,49.11,49.19,49.29,49.41,49.53,49.64,49.77,49.86,49.95,50.06,50.13,50.29,50.50,50.80,51.28,51.75,52.21,52.76,53.53,54.68,55.89,57.09,58.21,59.26,60.08,61.54,63.45,65.42,67.35,69.28,71.05,72.44,73.10,76.06,78.17,78.92,79.20,79.77,80.02,79.42,77.66,75.60,75.12,75.22,74.94,73.14,71.09,69.28,67.82,67.03,67.95,69.20,70.29,70.88,70.42,69.08,67.15,64.95,62.88,61.22,60.07,59.37,59.05,58.66,58.34,58.04,57.73,57.42,57.23,57.06,56.88,56.62,56.41,56.25,56.09,55.94,55.78,55.63,55.34,54.82,53.92,53.08,52.22,51.36,50.61,50.22,50.04,49.90,49.78,49.70,49.64,49.67,49.70,49.65,49.57,49.45,49.34,49.25,49.10,48.94,48.79,48.66,48.58,48.55,48.55,48.52,48.45,48.45,48.39,48.35,48.33,48.27,48.31,48.39,48.47,48.52,48.54,48.59,48.62,48.62,48.62,48.56,48.48,48.40,48.33,48.25,48.17,48.09,48.02,47.94,47.86,47.78,47.70,47.61,47.54,47.48,47.40,47.32,47.25,47.11,46.96,46.80,46.65,46.49,46.34,46.20,46.12,45.98,45.82,45.67,45.54,45.45,45.30,45.15,45.01,44.92,44.79,44.63,44.48,44.31,44.09,43.86,43.66,43.49,43.27,43.03
55.64,55.30,55.02,54.84,54.75,54.67,54.57,54.44,54.34,54.21,54.03,53.82,53.60,53.42,53.22,52.99,52.76,52.54,52.35,52.19,52.05,51.96,51.83,51.71,51.61,51.47,51.38,51.26,51.16,51.17,51.24,51.32,51.41,51.48,51.56,51.64,51.66,51.61,51.46,51.24,51.02,50.76,50.46,50.16,49.98,49.86,49.78,49.70,49.63,49.60,49.59,49.58,49.52,49.49,49.45,49.38,49.31,49.29,49.25,49.20,49.18,49.12,49.09,49.06,49.00,48.99,48.93,48.89,48.87,48.80,48.73,48.69,48.66,48.60,48.53,48.52,48.52,48.52,48.52,48.52,48.52,48.52,48.52,48.52,48.52,48.54,48.62,48.77,48.86,48.98,49.11,49.20,49.34,49.44,49.55,49.68,49.78,49.86,50.09,50.45,50.68,50.90,51.25,51.70,52.23,52.70,53.16,53.64,54.23,55.22,56.40,57.55,58.54,59.24,59.84,61.17,62.99,64.86,66.74,68.08,68.87,69.19,69.44,70.14,70.75,71.12,71.56,73.50,75.52,75.72,73.34,72.06,71.84,71.89,71.60,70.25,68.87,67.53,66.28,65.45,66.36,67.66,68.69,68.98,67.94,65.25,62.58,60.70,60.08,59.47,58.99,58.61,58.29,57.91,57.58,57.27,56.97,56.66,56.42,56.24,56.08,55.89,55.62,55.43,55.27,55.12,54.96,54.80,54.70,54.48,53.80,52.88,51.95,51.01,50.16,49.84,49.71,49.62,49.53,49.45,49.44,49.48,49.53,49.51,49.44,49.36,49.28,49.19,49.03,48.88,48.73,48.59,48.52,48.45,48.42,48.39,48.33,48.32,48.26,48.22,48.20,48.14,48.19,48.27,48.32,48.34,48.40,48.43,48.44,48.44,48.43,48.37,48.29,48.21,48.13,48.06,47.98,47.91,47.83,47.75,47.67,47.59,47.50,47.37,47.33,47.28,47.21,47.13,47.05,46.93,46.77,46.62,46.46,46.30,46.15,46.02,45.93,45.79,45.63,45.50,45.41,45.27,45.12,44.96,44.82,44.73,44.60,44.44,44.29,44.12,43.90,43.67,43.47,43.30,43.07,42.84
55.87,55.59,55.39,55.28,55.16,55.06,54.98,54.86,54.70,54.48,54.27,54.07,53.84,53.64,53.45,53.24,53.01,52.78,52.60,52.47,52.35,52.23,52.12,52.00,51.89,51.77,51.65,51.54,51.45,51.42,51.45,51.52,51.59,51.67,51.75,51.83,51.86,51.80,51.60,51.38,51.14,50.88,50.56,50.22,49.99,49.86,49.78,49.71,49.67,49.66,49.64,49.60,49.56,49.52,49.46,49.40,49.36,49.32,49.28,49.24,49.20,49.12,49.10,49.07,49.00,49.00,48.94,48.90,48.88,48.81,48.77,48.73,48.67,48.60,48.52,48.50,48.50,48.50,48.50,48.50,48.50,48.50,48.50,48.50,48.50,48.53,48.62,48.77,48.86,48.98,49.12,49.24,49.36,49.47,49.59,49.71,49.82,49.97,50.29,50.77,51.17,51.56,52.05,52.60,53.17,53.65,54.11,54.58,55.09,55.83,56.83,57.79,58.56,59.14,59.69,60.92,62.62,64.31,65.36,66.07,66.46,66.55,66.67,66.91,67.22,67.54,67.92,69.25,70.65,71.01,69.91,69.35,69.26,69.28,69.09,68.22,67.08,65.86,64.68,63.78,63.88,64.61,65.04,64.70,63.64,61.93,60.36,59.29,58.97,58.60,58.21,57.85,57.53,57.19,56.84,56.51,56.20,55.90,55.66,55.47,55.31,55.14,54.85,54.62,54.44,54.29,54.14,53.98,53.89,53.79,53.49,52.77,51.91,51.02,50.19,49.82,49.63,49.49,49.37,49.27,49.28,49.32,49.34,49.34,49.30,49.24,49.16,49.08,48.97,48.82,48.68,48.57,48.45,48.34,48.29,48.27,48.20,48.19,48.14,48.09,48.08,48.01,48.06,48.11,48.15,48.20,48.27,48.29,48.29,48.29,48.25,48.18,48.10,48.02,47.94,47.87,47.79,47.72,47.63,47.56,47.45,47.35,47.27,47.16,47.10,47.07,47.02,46.94,46.86,46.76,46.63,46.48,46.32,46.13,45.96,45.83,45.74,45.60,45.44,45.31,45.23,45.08,44.93,44.79,44.67,44.55,44.41,44.25,44.09,43.89,43.66,43.46,43.26,43.07,42.88,42.65
56.12,55.92,55.80,55.70,55.56,55.45,55.37,55.25,55.02,54.73,54.49,54.31,54.09,53.86,53.67,53.48,53.25,53.03,52.86,52.75,52.66,52.51,52.41,52.29,52.16,52.06,51.93,51.82,51.74,51.67,51.66,51.73,51.80,51.88,51.95,52.02,52.03,51.95,51.72,51.48,51.27,51.01,50.69,50.32,50.04,49.88,49.80,49.73,49.71,49.71,49.69,49.62,49.60,49.55,49.48,49.42,49.40,49.34,49.31,49.28,49.22,49.14,49.11,49.08,49.02,49.00,48.95,48.91,48.88,48.83,48.80,48.75,48.67,48.60,48.53,48.51,48.49,48.48,48.48,48.48,48.48,48.48,48.48,48.48,48.48,48.52,48.60,48.74,48.84,48.97,49.11,49.27,49.36,49.48,49.61,49.71,49.85,50.04,50.39,50.94,51.48,52.01,52.55,53.12,53.70,54.21,54.70,55.19,55.69,56.22,57.02,57.78,58.42,59.02,59.57,60.69,62.16,63.42,63.51,63.78,64.03,64.08,64.15,64.41,64.77,65.13,65.45,65.98,66.42,66.78,67.06,67.03,66.97,66.95,66.84,66.32,65.35,64.19,63.05,62.16,61.52,61.61,61.48,60.71,59.88,59.41,59.04,58.67,58.34,57.98,57.54,57.13,56.80,56.47,56.10,55.75,55.44,55.14,54.90,54.70,54.54,54.37,54.09,53.83,53.62,53.46,53.31,53.14,53.03,53.00,53.02,52.57,51.88,51.09,50.37,49.90,49.62,49.42,49.25,49.10,49.13,49.16,49.17,49.17,49.16,49.09,49.02,48.96,48.88,48.75,48.64,48.55,48.39,48.23,48.17,48.13,48.07,48.07,48.01,47.97,47.95,47.88,47.92,47.96,47.99,48.07,48.13,48.15,48.15,48.13,48.06,47.99,47.91,47.83,47.75,47.68,47.60,47.52,47.44,47.36,47.22,47.11,47.04,46.96,46.88,46.84,46.82,46.75,46.67,46.59,46.49,46.33,46.18,45.97,45.79,45.65,45.55,45.41,45.25,45.13,45.04,44.89,44.73,44.61,44.52,44.37,44.21,44.07,43.90,43.66,43.42,43.23,43.05,42.84,42.66,42.46
56.44,56.33,56.23,56.09,55.99,55.87,55.73,55.56,55.29,54.98,54.72,54.51,54.33,54.11,53.89,53.67,53.45,53.27,53.16,53.07,52.98,52.83,52.68,52.57,52.47,52.34,52.23,52.11,51.99,51.93,51.92,51.98,52.05,52.13,52.20,52.23,52.17,52.01,51.78,51.55,51.36,51.13,50.82,50.50,50.15,49.94,49.86,49.79,49.78,49.78,49.75,49.68,49.62,49.59,49.54,49.47,49.41,49.39,49.34,49.30,49.27,49.20,49.14,49.09,49.07,49.01,48.99,48.95,48.90,48.88,48.83,48.75,48.67,48.61,48.59,48.53,48.47,48.42,48.42,48.42,48.42,48.42,48.42,48.42,48.42,48.45,48.53,48.63,48.75,48.90,49.05,49.20,49.29,49.41,49.57,49.70,49.80,49.90,50.20,50.75,51.28,51.77,52.16,52.53,53.09,53.67,54.26,54.85,55.42,55.91,56.54,57.28,58.08,58.86,59.49,60.45,61.34,61.50,60.94,61.31,61.70,61.66,61.63,61.92,62.30,62.71,63.22,63.91,64.36,64.75,65.15,65.12,64.91,64.81,64.73,64.15,63.45,62.45,61.42,60.75,60.17,59.95,59.75,59.40,59.07,58.80,58.47,58.09,57.72,57.39,56.97,56.52,56.10,55.72,55.34,54.99,54.68,54.38,54.13,53.91,53.71,53.54,53.31,53.03,52.80,52.64,52.48,52.28,52.18,52.18,52.22,52.02,51.62,51.13,50.57,49.95,49.62,49.39,49.18,48.98,48.95,49.00,49.04,49.03,48.98,48.91,48.85,48.83,48.75,48.66,48.58,48.48,48.33,48.17,48.04,47.95,47.94,47.94,47.88,47.84,47.83,47.76,47.75,47.80,47.86,47.93,47.95,47.96,47.96,47.94,47.88,47.80,47.72,47.64,47.56,47.49,47.41,47.33,47.25,47.12,47.01,46.92,46.85,46.77,46.69,46.63,46.58,46.55,46.48,46.41,46.30,46.14,45.99,45.82,45.66,45.51,45.37,45.22,45.06,44.94,44.85,44.70,44.54,44.42,44.33,44.18,44.02,43.91,43.76,43.47,43.23,43.01,42.81,42.63,42.42,42.24
56.81,56.71,56.63,56.51,56.37,56.22,56.06,55.88,55.55,55.23,54.96,54.74,54.55,54.36,54.14,53.91,53.72,53.56,53.46,53.37,53.26,53.14,52.99,52.86,52.74,52.63,52.51,52.40,52.28,52.18,52.14,52.19,52.27,52.34,52.41,52.40,52.28,52.08,51.85,51.64,51.43,51.19,50.91,50.63,50.35,50.14,50.00,49.86,49.81,49.80,49.79,49.74,49.66,49.62,49.58,49.53,49.45,49.41,49.37,49.33,49.30,49.26,49.19,49.13,49.10,49.05,49.02,48.98,48.94,48.90,48.83,48.75,48.69,48.65,48.61,48.54,48.47,48.41,48.40,48.37,48.35,48.36,48.40,48.40,48.40,48.41,48.43,48.54,48.68,48.84,48.98,49.10,49.21,49.35,49.50,49.61,49.69,49.77,49.96,50.30,50.65,51.07,51.42,51.80,52.37,52.95,53.51,54.07,54.60,55.07,55.61,56.30,57.16,57.99,58.73,59.51,59.97,59.68,59.31,59.81,60.25,60.20,60.17,60.37,60.64,60.95,61.35,61.92,62.39,62.84,63.25,63.25,63.00,62.80,62.59,62.00,61.55,60.95,60.32,59.90,59.46,59.10,58.80,58.55,58.35,58.13,57.83,57.48,57.13,56.78,56.36,55.90,55.44,55.02,54.59,54.23,53.92,53.62,53.34,53.12,52.93,52.77,52.55,52.26,52.00,51.81,51.66,51.45,51.32,51.29,51.25,51.12,50.88,50.60,50.30,49.86,49.58,49.35,49.11,48.86,48.78,48.81,48.87,48.86,48.83,48.76,48.70,48.67,48.62,48.55,48.47,48.39,48.26,48.11,47.98,47.88,47.82,47.81,47.76,47.72,47.70,47.63,47.61,47.66,47.74,47.80,47.82,47.82,47.80,47.76,47.69,47.60,47.53,47.45,47.38,47.30,47.22,47.13,47.02,46.90,46.81,46.73,46.66,46.58,46.50,46.42,46.36,46.33,46.28,46.22,46.12,46.00,45.84,45.69,45.52,45.34,45.18,45.02,44.87,44.75,44.66,44.51,44.35,44.23,44.14,43.99,43.84,43.71,43.55,43.28,43.04,42.81,42.59,42.41,42.21,42.05
57.22,57.10,57.02,56.91,56.71,56.53,56.37,56.16,55.81,55.49,55.22,54.99,54.76,54.58,54.38,54.18,54.02,53.88,53.77,53.67,53.53,53.43,53.30,53.15,53.02,52.92,52.79,52.68,52.58,52.44,52.35,52.38,52.45,52.53,52.60,52.54,52.37,52.14,51.91,51.74,51.48,51.22,50.98,50.75,50.56,50.36,50.13,49.92,49.83,49.81,49.81,49.79,49.72,49.65,49.61,49.58,49.52,49.44,49.40,49.38,49.32,49.30,49.24,49.17,49.12,49.10,49.04,49.01,48.98,48.91,48.84,48.76,48.71,48.69,48.63,48.55,48.48,48.42,48.40,48.34,48.31,48.32,48.38,48.39,48.39,48.36,48.33,48.47,48.61,48.77,48.90,49.00,49.14,49.28,49.41,49.48,49.55,49.64,49.72,49.82,49.94,50.25,50.60,51.00,51.56,52.10,52.59,53.06,53.53,53.98,54.45,55.10,55.94,56.79,57.61,58.21,58.37,58.02,58.21,58.85,59.27,59.27,59.28,59.36,59.50,59.66,59.84,60.16,60.61,61.09,61.46,61.51,61.29,61.02,60.69,60.17,59.94,59.74,59.54,59.34,59.05,58.64,58.26,57.94,57.67,57.43,57.16,56.85,56.53,56.16,55.73,55.26,54.81,54.35,53.89,53.50,53.17,52.85,52.54,52.33,52.17,52.01,51.78,51.50,51.23,51.01,50.87,50.67,50.54,50.45,50.32,50.19,50.05,49.94,49.88,49.72,49.51,49.28,49.03,48.75,48.63,48.63,48.68,48.69,48.68,48.62,48.55,48.49,48.48,48.42,48.34,48.27,48.18,48.04,47.94,47.83,47.71,47.69,47.63,47.58,47.57,47.50,47.48,47.53,47.61,47.68,47.69,47.68,47.64,47.57,47.50,47.41,47.34,47.26,47.18,47.10,47.02,46.92,46.79,46.70,46.62,46.55,46.47,46.39,46.31,46.23,46.16,46.09,46.07,46.02,45.94,45.85,45.70,45.55,45.36,45.16,45.00,44.85,44.69,44.55,44.47,44.32,44.16,44.05,43.95,43.80,43.64,43.49,43.32,43.08,42.85,42.62,42.39,42.17,42.01,41.85
57.63,57.52,57.39,57.24,57.03,56.85,56.66,56.38,56.06,55.74,55.47,55.24,55.01,54.79,54.61,54.44,54.28,54.18,54.06,53.94,53.83,53.70,53.60,53.47,53.32,53.19,53.08,52.96,52.84,52.74,52.61,52.60,52.65,52.73,52.78,52.65,52.44,52.20,51.97,51.76,51.52,51.27,51.05,50.81,50.60,50.38,50.15,49.93,49.88,49.87,49.85,49.80,49.77,49.71,49.64,49.60,49.57,49.50,49.44,49.39,49.37,49.31,49.25,49.19,49.16,49.11,49.08,49.04,48.98,48.91,48.88,48.82,48.75,48.70,48.67,48.61,48.53,48.46,48.41,48.33,48.30,48.31,48.33,48.33,48.33,48.30,48.27,48.40,48.55,48.68,48.79,48.92,49.08,49.19,49.26,49.30,49.37,49.45,49.52,49.61,49.75,49.90,50.07,50.28,50.60,51.05,51.53,51.98,52.45,52.86,53.31,53.91,54.68,55.52,56.28,56.71,56.85,56.86,57.53,58.27,58.67,58.68,58.74,58.85,59.00,59.12,59.17,59.23,59.47,59.78,60.06,60.23,60.15,60.01,59.84,59.61,59.49,59.32,59.11,58.90,58.65,58.32,57.94,57.50,57.02,56.73,56.49,56.22,55.90,55.53,55.09,54.65,54.23,53.77,53.31,52.86,52.46,52.10,51.78,51.56,51.41,51.25,51.02,50.77,50.51,50.27,50.21,50.14,50.07,50.00,49.95,49.90,49.86,49.79,49.68,49.58,49.42,49.22,48.97,48.68,48.51,48.47,48.51,48.54,48.50,48.44,48.38,48.35,48.30,48.27,48.22,48.14,48.06,47.97,47.88,47.77,47.63,47.57,47.50,47.46,47.44,47.38,47.36,47.41,47.48,47.55,47.56,47.52,47.46,47.38,47.30,47.23,47.15,47.07,46.99,46.87,46.77,46.69,46.59,46.51,46.43,46.35,46.27,46.20,46.12,46.05,45.97,45.89,45.84,45.77,45.71,45.66,45.52,45.36,45.20,45.03,44.87,44.72,44.53,44.36,44.28,44.13,43.97,43.85,43.76,43.61,43.45,43.30,43.12,42.89,42.66,42.43,42.20,41.98,41.82,41.62
57.80,57.71,57.61,57.50,57.33,57.17,56.95,56.61,56.30,55.99,55.71,55.47,55.26,55.03,54.84,54.69,54.57,54.46,54.34,54.23,54.12,53.99,53.88,53.77,53.63,53.48,53.39,53.27,53.13,53.02,52.90,52.85,52.87,52.93,52.92,52.73,52.50,52.27,52.03,51.80,51.57,51.34,51.11,50.88,50.64,50.41,50.18,50.00,49.97,49.93,49.88,49.84,49.81,49.74,49.67,49.63,49.60,49.53,49.47,49.43,49.39,49.32,49.26,49.22,49.20,49.15,49.13,49.09,49.02,48.97,48.94,48.89,48.81,48.74,48.73,48.67,48.59,48.52,48.45,48.36,48.32,48.29,48.27,48.27,48.27,48.25,48.23,48.34,48.49,48.61,48.70,48.85,48.99,49.07,49.10,49.11,49.18,49.28,49.37,49.45,49.58,49.66,49.75,49.82,49.96,50.28,50.63,50.97,51.34,51.75,52.20,52.74,53.41,54.23,54.87,55.25,55.56,56.06,57.00,57.74,58.11,58.15,58.22,58.32,58.41,58.46,58.43,58.38,58.52,58.75,59.00,59.30,59.39,59.37,59.32,59.24,59.14,58.95,58.72,58.47,58.26,57.99,57.65,57.20,56.61,56.21,55.90,55.59,55.27,54.89,54.49,54.03,53.51,53.06,52.62,52.19,51.76,51.38,51.03,50.81,50.66,50.56,50.41,50.23,50.05,49.88,49.84,49.83,49.80,49.76,49.73,49.73,49.72,49.65,49.53,49.42,49.30,49.12,48.88,48.61,48.41,48.32,48.32,48.38,48.35,48.28,48.22,48.19,48.14,48.11,48.06,47.99,47.93,47.86,47.78,47.69,47.56,47.46,47.37,47.33,47.32,47.25,47.23,47.28,47.35,47.39,47.40,47.34,47.27,47.19,47.11,47.03,46.96,46.88,46.77,46.64,46.55,46.47,46.39,46.32,46.24,46.16,46.09,46.01,45.93,45.85,45.78,45.70,45.62,45.55,45.49,45.45,45.35,45.21,45.05,44.89,44.71,44.55,44.37,44.20,44.09,43.94,43.78,43.66,43.57,43.42,43.27,43.11,42.93,42.70,42.47,42.24,42.01,41.79,41.60,41.44
57.72,57.68,57.66,57.64,57.56,57.44,57.22,56.87,56.56,56.24,55.94,55.67,55.50,55.28,55.10,54.97,54.87,54.74,54.63,54.52,54.38,54.29,54.16,54.05,53.94,53.80,53.70,53.58,53.43,53.30,53.20,53.12,53.12,53.14,53.00,52.79,52.56,52.33,52.10,51.87,51.64,51.41,51.18,50.95,50.72,50.49,50.28,50.13,50.11,50.01,49.90,49.88,49.82,49.74,49.70,49.67,49.61,49.53,49.50,49.47,49.40,49.32,49.30,49.27,49.21,49.20,49.20,49.16,49.09,49.08,49.02,48.95,48.87,48.81,48.80,48.74,48.67,48.59,48.51,48.43,48.35,48.28,48.22,48.21,48.21,48.20,48.21,48.29,48.42,48.54,48.63,48.77,48.87,48.90,48.91,48.93,49.00,49.13,49.23,49.31,49.40,49.48,49.56,49.62,49.65,49.81,49.94,50.08,50.30,50.72,51.16,51.61,52.17,52.95,53.46,53.91,54.55,55.54,56.55,57.22,57.55,57.62,57.68,57.70,57.68,57.62,57.56,57.55,57.70,57.93,58.21,58.63,58.89,59.00,58.99,58.91,58.78,58.58,58.32,58.04,57.86,57.64,57.37,56.99,56.41,55.88,55.40,54.99,54.65,54.27,53.92,53.43,52.71,52.26,51.84,51.43,51.06,50.69,50.33,50.10,50.00,49.98,49.96,49.89,49.82,49.79,49.72,49.70,49.70,49.68,49.63,49.61,49.56,49.48,49.38,49.25,49.15,48.99,48.77,48.53,48.30,48.17,48.14,48.20,48.20,48.15,48.08,48.02,48.00,47.94,47.87,47.82,47.79,47.73,47.65,47.58,47.48,47.35,47.26,47.21,47.19,47.12,47.10,47.15,47.21,47.21,47.21,47.16,47.08,47.00,46.92,46.84,46.77,46.67,46.53,46.44,46.36,46.28,46.20,46.13,46.05,45.98,45.89,45.82,45.74,45.66,45.59,45.51,45.43,45.35,45.28,45.22,45.19,45.07,44.92,44.75,44.54,44.37,44.21,44.05,43.90,43.75,43.59,43.48,43.38,43.23,43.08,42.92,42.74,42.51,42.28,42.05,41.82,41.59,41.38,41.32
57.49,57.46,57.46,57.45,57.43,57.38,57.28,57.11,56.81,56.47,56.16,55.91,55.70,55.52,55.38,55.27,55.14,55.03,54.91,54.80,54.68,54.56,54.45,54.33,54.22,54.11,53.99,53.87,53.75,53.60,53.47,53.38,53.34,53.28,53.08,52.86,52.63,52.39,52.16,51.98,51.76,51.53,51.29,51.06,50.87,50.66,50.46,50.36,50.34,50.15,49.94,49.89,49.82,49.74,49.70,49.69,49.61,49.53,49.50,49.48,49.40,49.32,49.30,49.29,49.26,49.26,49.26,49.22,49.16,49.15,49.09,49.01,48.95,48.92,48.87,48.81,48.74,48.69,48.58,48.50,48.39,48.28,48.21,48.20,48.20,48.18,48.16,48.22,48.33,48.44,48.55,48.61,48.65,48.69,48.74,48.79,48.86,48.96,49.05,49.14,49.26,49.34,49.42,49.47,49.44,49.52,49.61,49.70,49.84,50.10,50.34,50.62,51.02,51.67,52.26,52.99,53.91,54.98,56.04,56.68,56.95,56.94,56.92,56.88,56.81,56.75,56.72,56.71,56.87,57.14,57.48,57.89,58.27,58.53,58.62,58.54,58.44,58.23,57.94,57.64,57.43,57.21,56.97,56.67,56.24,55.68,55.14,54.63,54.15,53.70,53.32,52.91,52.36,51.70,51.04,50.58,50.34,50.14,49.94,49.82,49.78,49.78,49.78,49.72,49.68,49.66,49.59,49.58,49.58,49.57,49.54,49.49,49.40,49.29,49.21,49.10,48.98,48.85,48.69,48.47,48.23,48.07,47.99,48.02,48.02,47.97,47.91,47.88,47.83,47.79,47.74,47.67,47.63,47.59,47.53,47.45,47.38,47.31,47.20,47.12,47.06,47.00,46.98,47.02,47.08,47.07,47.03,46.97,46.89,46.81,46.73,46.66,46.55,46.43,46.33,46.25,46.17,46.09,46.02,45.94,45.86,45.78,45.70,45.63,45.55,45.48,45.40,45.32,45.24,45.16,45.09,45.02,44.97,44.87,44.74,44.58,44.39,44.24,44.08,43.91,43.71,43.56,43.40,43.28,43.19,43.04,42.89,42.73,42.55,42.32,42.09,41.86,41.63,41.42,41.32,41.30
57.27,57.22,57.20,57.20,57.20,57.22,57.23,57.22,57.02,56.68,56.39,56.16,55.95,55.78,55.67,55.57,55.43,55.32,55.20,55.08,54.97,54.84,54.74,54.62,54.49,54.40,54.25,54.13,54.02,53.86,53.71,53.61,53.52,53.41,53.20,52.97,52.73,52.50,52.28,52.12,51.91,51.68,51.44,51.22,51.05,50.85,50.66,50.58,50.57,50.31,50.01,49.90,49.82,49.75,49.71,49.69,49.61,49.55,49.51,49.48,49.40,49.34,49.33,49.33,49.33,49.33,49.33,49.28,49.23,49.22,49.16,49.09,49.04,49.02,48.95,48.88,48.83,48.77,48.64,48.56,48.44,48.31,48.23,48.18,48.17,48.15,48.11,48.15,48.23,48.33,48.43,48.43,48.43,48.48,48.55,48.63,48.71,48.80,48.89,48.98,49.11,49.21,49.29,49.31,49.26,49.29,49.37,49.46,49.55,49.68,49.77,49.91,50.18,50.65,51.32,52.27,53.38,54.51,55.61,56.14,56.27,56.16,56.08,56.02,55.95,55.89,55.87,55.89,56.05,56.35,56.75,57.15,57.59,57.96,58.17,58.16,58.09,57.87,57.56,57.26,57.00,56.77,56.54,56.29,55.99,55.50,54.94,54.37,53.77,53.27,52.81,52.41,51.99,51.27,50.48,49.99,49.84,49.74,49.67,49.65,49.65,49.65,49.65,49.60,49.55,49.54,49.47,49.45,49.45,49.45,49.42,49.35,49.24,49.12,49.02,48.94,48.82,48.71,48.59,48.39,48.17,47.98,47.84,47.84,47.84,47.80,47.75,47.72,47.66,47.64,47.59,47.52,47.46,47.43,47.38,47.31,47.26,47.23,47.14,47.03,46.94,46.86,46.85,46.89,46.93,46.92,46.85,46.77,46.70,46.62,46.52,46.44,46.34,46.21,46.13,46.05,45.98,45.90,45.83,45.75,45.67,45.59,45.52,45.44,45.36,45.28,45.20,45.13,45.05,44.98,44.90,44.82,44.75,44.66,44.56,44.42,44.26,44.11,43.94,43.75,43.55,43.39,43.24,43.11,43.00,42.85,42.70,42.54,42.36,42.13,41.88,41.67,41.48,41.34,41.33,41.31
57.07,57.00,56.95,56.95,56.95,57.00,57.06,57.12,57.14,56.91,56.64,56.42,56.25,56.10,55.98,55.89,55.73,55.59,55.48,55.37,55.24,55.15,55.01,54.90,54.80,54.65,54.50,54.35,54.20,54.05,53.90,53.80,53.69,53.54,53.38,53.16,52.92,52.69,52.47,52.31,52.10,51.87,51.64,51.41,51.23,51.04,50.84,50.77,50.76,50.47,50.10,49.91,49.82,49.79,49.75,49.69,49.62,49.59,49.55,49.48,49.41,49.39,49.38,49.38,49.38,49.38,49.38,49.34,49.28,49.28,49.22,49.18,49.15,49.08,49.00,48.98,48.91,48.79,48.70,48.61,48.49,48.36,48.28,48.16,48.12,48.11,48.09,48.04,48.14,48.22,48.24,48.24,48.24,48.29,48.37,48.44,48.52,48.65,48.76,48.84,48.93,49.06,49.13,49.13,49.12,49.07,49.15,49.27,49.35,49.44,49.52,49.64,49.82,50.07,50.74,51.74,52.93,54.19,55.34,55.59,55.47,55.28,55.20,55.17,55.13,55.05,55.00,55.05,55.22,55.54,55.99,56.44,56.86,57.27,57.63,57.75,57.70,57.49,57.18,56.87,56.57,56.32,56.09,55.86,55.61,55.28,54.79,54.18,53.57,53.03,52.47,51.93,51.48,50.96,50.34,49.90,49.70,49.56,49.53,49.53,49.53,49.53,49.53,49.47,49.43,49.41,49.34,49.33,49.33,49.31,49.24,49.16,49.08,48.97,48.84,48.75,48.67,48.56,48.42,48.31,48.11,47.88,47.70,47.66,47.71,47.67,47.60,47.54,47.53,47.47,47.40,47.34,47.32,47.26,47.19,47.13,47.11,47.06,47.02,46.94,46.81,46.74,46.73,46.73,46.74,46.73,46.66,46.59,46.51,46.42,46.28,46.19,46.11,46.02,45.94,45.86,45.79,45.71,45.63,45.56,45.48,45.40,45.33,45.25,45.17,45.09,45.02,44.94,44.86,44.78,44.71,44.63,44.55,44.48,44.39,44.29,44.14,43.98,43.78,43.58,43.42,43.26,43.11,42.96,42.81,42.66,42.50,42.35,42.17,41.94,41.65,41.49,41.41,41.39,41.38,41.33
56.84,56.75,56.70,56.70,56.70,56.75,56.83,56.91,56.98,56.91,56.80,56.67,56.52,56.36,56.23,56.11,55.95,55.80,55.70,55.59,55.44,55.32,55.17,55.04,54.91,54.76,54.61,54.45,54.31,54.19,54.04,53.94,53.81,53.63,53.51,53.33,53.12,52.88,52.66,52.50,52.29,52.06,51.83,51.60,51.43,51.23,51.03,50.95,50.88,50.55,50.16,49.92,49.86,49.82,49.76,49.69,49.62,49.60,49.55,49.49,49.45,49.45,49.45,49.45,49.45,49.45,49.45,49.41,49.35,49.35,49.31,49.28,49.22,49.14,49.07,49.05,48.98,48.84,48.76,48.65,48.54,48.43,48.34,48.20,48.15,48.13,48.10,48.06,48.08,48.08,48.05,48.05,48.05,48.10,48.19,48.30,48.38,48.49,48.60,48.71,48.79,48.90,48.97,48.99,48.95,48.91,48.95,49.03,49.11,49.23,49.34,49.48,49.64,49.88,50.52,51.56,52.83,54.06,54.86,54.93,54.74,54.53,54.37,54.31,54.25,54.19,54.16,54.22,54.45,54.80,55.24,55.70,56.13,56.56,56.95,57.24,57.30,57.11,56.80,56.49,56.18,55.90,55.65,55.41,55.18,54.92,54.56,54.09,53.48,52.89,52.28,51.70,51.16,50.66,50.16,49.80,49.62,49.48,49.41,49.40,49.40,49.40,49.40,49.37,49.33,49.29,49.26,49.25,49.23,49.18,49.10,48.99,48.90,48.81,48.69,48.58,48.49,48.39,48.28,48.20,48.03,47.81,47.62,47.52,47.54,47.50,47.43,47.39,47.36,47.32,47.26,47.19,47.15,47.11,47.05,46.98,46.94,46.91,46.87,46.79,46.70,46.65,46.62,46.60,46.59,46.54,46.47,46.39,46.30,46.19,46.07,45.98,45.91,45.83,45.75,45.67,45.60,45.52,45.44,45.37,45.29,45.21,45.13,45.06,44.98,44.91,44.83,44.75,44.67,44.59,44.52,44.44,44.36,44.28,44.21,44.11,43.96,43.80,43.63,43.45,43.29,43.10,42.93,42.78,42.62,42.47,42.31,42.16,41.98,41.75,41.52,41.42,41.40,41.40,41.40,41.37
56.58,56.50,56.45,56.45,56.46,56.51,56.59,56.66,56.74,56.81,56.86,56.84,56.72,56.57,56.42,56.27,56.11,55.96,55.86,55.75,55.59,55.44,55.28,55.13,54.97,54.83,54.68,54.53,54.40,54.31,54.16,54.06,53.91,53.72,53.62,53.47,53.28,53.06,52.85,52.68,52.47,52.25,52.02,51.79,51.62,51.42,51.23,51.15,50.97,50.62,50.22,49.95,49.90,49.84,49.76,49.69,49.63,49.60,49.56,49.52,49.52,49.52,49.52,49.52,49.52,49.52,49.52,49.47,49.41,49.41,49.41,49.36,49.28,49.21,49.15,49.12,49.05,48.91,48.82,48.68,48.57,48.50,48.41,48.28,48.24,48.22,48.16,48.14,48.09,48.01,47.95,47.92,47.90,47.93,48.02,48.16,48.25,48.33,48.44,48.57,48.66,48.74,48.81,48.84,48.79,48.76,48.76,48.79,48.89,49.04,49.22,49.40,49.58,49.84,50.46,51.52,52.80,53.92,54.28,54.23,54.05,53.81,53.59,53.47,53.38,53.32,53.32,53.40,53.70,54.08,54.49,54.94,55.40,55.83,56.25,56.70,56.88,56.73,56.42,56.11,55.80,55.49,55.22,54.97,54.74,54.51,54.27,53.96,53.39,52.79,52.17,51.56,50.95,50.40,49.99,49.73,49.57,49.41,49.32,49.28,49.27,49.27,49.27,49.27,49.24,49.17,49.17,49.17,49.13,49.05,48.95,48.82,48.72,48.64,48.54,48.41,48.31,48.23,48.14,48.06,47.93,47.74,47.54,47.39,47.36,47.31,47.27,47.24,47.19,47.16,47.11,47.04,46.98,46.96,46.91,46.84,46.78,46.76,46.71,46.64,46.57,46.55,46.50,46.46,46.44,46.36,46.28,46.20,46.08,45.95,45.87,45.80,45.72,45.64,45.56,45.48,45.41,45.33,45.25,45.18,45.10,45.02,44.94,44.87,44.79,44.72,44.63,44.56,44.48,44.41,44.33,44.25,44.17,44.09,44.02,43.92,43.77,43.62,43.47,43.32,43.14,42.93,42.76,42.60,42.45,42.28,42.13,41.97,41.80,41.60,41.46,41.41,41.41,41.41,41.40,41.40
56.33,56.25,56.19,56.19,56.25,56.32,56.39,56.47,56.55,56.63,56.70,56.75,56.76,56.64,56.48,56.33,56.17,56.02,55.92,55.81,55.66,55.51,55.35,55.20,55.04,54.89,54.79,54.65,54.53,54.44,54.29,54.15,54.00,53.83,53.69,53.54,53.38,53.20,53.03,52.82,52.63,52.44,52.20,51.98,51.80,51.61,51.43,51.37,51.04,50.68,50.33,50.01,49.91,49.84,49.76,49.70,49.68,49.63,49.59,49.58,49.58,49.58,49.58,49.58,49.58,49.58,49.58,49.53,49.48,49.48,49.48,49.42,49.35,49.28,49.26,49.21,49.11,48.97,48.88,48.74,48.64,48.56,48.48,48.45,48.43,48.42,48.40,48.34,48.27,48.19,48.11,47.99,47.87,47.83,47.88,47.98,48.11,48.20,48.29,48.39,48.53,48.61,48.66,48.66,48.64,48.59,48.57,48.62,48.76,48.92,49.21,49.48,49.69,49.91,50.57,51.56,52.67,53.59,53.66,53.53,53.35,53.11,52.89,52.68,52.56,52.48,52.45,52.61,52.94,53.34,53.78,54.19,54.64,55.10,55.57,56.13,56.44,56.35,56.04,55.73,55.42,55.11,54.81,54.53,54.30,54.06,53.83,53.58,53.23,52.71,52.11,51.49,50.88,50.28,49.94,49.72,49.56,49.36,49.25,49.19,49.14,49.14,49.14,49.14,49.11,49.05,49.04,49.04,49.00,48.91,48.78,48.68,48.59,48.50,48.36,48.27,48.19,48.08,47.95,47.88,47.78,47.64,47.46,47.27,47.19,47.16,47.12,47.07,47.05,47.00,46.93,46.86,46.84,46.79,46.72,46.66,46.63,46.59,46.56,46.51,46.44,46.38,46.35,46.31,46.25,46.17,46.09,45.97,45.85,45.76,45.68,45.60,45.53,45.45,45.37,45.30,45.22,45.14,45.06,44.98,44.91,44.83,44.75,44.68,44.60,44.52,44.44,44.37,44.29,44.22,44.14,44.06,43.98,43.91,43.83,43.73,43.58,43.43,43.31,43.17,42.97,42.79,42.63,42.47,42.31,42.10,41.93,41.78,41.63,41.53,41.48,41.48,41.48,41.47,41.41,41.40
56.05,55.99,55.94,55.95,56.01,56.09,56.17,56.25,56.32,56.39,56.48,56.55,56.62,56.59,56.51,56.40,56.24,56.09,55.98,55.88,55.72,55.56,55.41,55.26,55.11,54.99,54.91,54.78,54.65,54.56,54.42,54.26,54.11,53.95,53.80,53.64,53.49,53.34,53.18,52.98,52.81,52.63,52.39,52.16,51.97,51.77,51.60,51.48,51.13,50.76,50.42,50.09,49.94,49.84,49.76,49.70,49.70,49.66,49.64,49.64,49.64,49.64,49.64,49.64,49.64,49.64,49.64,49.60,49.54,49.54,49.54,49.50,49.42,49.38,49.35,49.26,49.14,49.03,48.95,48.80,48.72,48.67,48.63,48.62,48.62,48.62,48.61,48.54,48.46,48.37,48.24,48.06,47.90,47.80,47.78,47.86,47.96,48.06,48.15,48.24,48.36,48.44,48.49,48.51,48.47,48.40,48.40,48.49,48.67,48.83,49.17,49.50,49.79,50.09,50.77,51.67,52.54,53.06,52.99,52.84,52.67,52.46,52.23,51.97,51.78,51.66,51.61,51.83,52.20,52.63,53.08,53.51,53.98,54.49,55.05,55.67,56.06,56.01,55.70,55.39,55.08,54.75,54.42,54.12,53.83,53.61,53.39,53.16,52.91,52.52,52.01,51.43,50.81,50.20,49.88,49.69,49.51,49.29,49.16,49.09,49.06,49.05,49.03,49.02,49.00,48.96,48.92,48.89,48.84,48.75,48.63,48.51,48.43,48.33,48.21,48.10,48.02,47.92,47.80,47.69,47.61,47.51,47.35,47.14,47.04,47.00,46.96,46.92,46.88,46.84,46.78,46.71,46.67,46.64,46.57,46.51,46.47,46.43,46.39,46.35,46.30,46.23,46.19,46.13,46.05,45.98,45.90,45.79,45.69,45.60,45.50,45.41,45.34,45.26,45.18,45.10,45.03,44.95,44.88,44.80,44.72,44.64,44.56,44.49,44.41,44.33,44.25,44.18,44.10,44.02,43.95,43.87,43.79,43.72,43.64,43.55,43.42,43.27,43.15,43.01,42.81,42.66,42.48,42.31,42.14,41.95,41.78,41.65,41.55,41.51,41.50,41.50,41.50,41.49,41.45,41.44
55.74,55.74,55.69,55.70,55.76,55.85,55.92,56.00,56.07,56.16,56.23,56.31,56.38,56.45,56.48,56.43,56.29,56.14,56.05,55.94,55.78,55.63,55.48,55.33,55.20,55.11,55.03,54.91,54.78,54.69,54.54,54.38,54.23,54.07,53.92,53.76,53.61,53.45,53.30,53.14,52.98,52.80,52.58,52.35,52.13,51.94,51.77,51.52,51.22,50.86,50.50,50.20,49.96,49.85,49.77,49.71,49.71,49.70,49.70,49.70,49.70,49.70,49.70,49.70,49.70,49.70,49.70,49.66,49.61,49.61,49.61,49.56,49.51,49.49,49.42,49.29,49.17,49.09,49.02,48.89,48.83,48.83,48.81,48.81,48.81,48.81,48.79,48.72,48.64,48.52,48.35,48.14,47.96,47.81,47.73,47.78,47.80,47.91,48.03,48.10,48.19,48.27,48.34,48.36,48.29,48.23,48.27,48.39,48.60,48.78,49.11,49.50,49.88,50.31,51.00,51.77,52.34,52.41,52.29,52.15,51.98,51.82,51.58,51.30,51.04,50.86,50.83,51.07,51.48,51.94,52.41,52.88,53.42,53.99,54.62,55.29,55.72,55.68,55.37,55.06,54.75,54.39,54.04,53.71,53.35,53.14,52.93,52.70,52.47,52.23,51.85,51.33,50.71,50.12,49.81,49.62,49.45,49.23,49.06,48.99,48.98,48.98,48.92,48.90,48.89,48.87,48.80,48.73,48.65,48.57,48.48,48.35,48.24,48.16,48.07,47.93,47.83,47.75,47.66,47.52,47.42,47.34,47.22,47.02,46.91,46.84,46.79,46.77,46.71,46.69,46.64,46.56,46.51,46.48,46.44,46.37,46.30,46.29,46.23,46.19,46.17,46.10,46.03,45.95,45.88,45.80,45.72,45.64,45.56,45.46,45.32,45.23,45.16,45.08,45.00,44.92,44.84,44.76,44.69,44.60,44.53,44.45,44.38,44.30,44.22,44.14,44.06,43.99,43.91,43.84,43.75,43.68,43.60,43.52,43.45,43.36,43.28,43.14,42.98,42.84,42.68,42.52,42.31,42.13,41.97,41.81,41.67,41.57,41.52,41.51,41.51,41.50,41.50,41.50,41.50,41.50
55.42,55.49,55.44,55.50,55.57,55.65,55.72,55.80,55.88,55.96,56.03,56.11,56.19,56.27,56.33,56.35,56.30,56.20,56.11,56.01,55.85,55.70,55.59,55.45,55.32,55.24,55.16,55.03,54.91,54.81,54.62,54.45,54.30,54.14,53.98,53.83,53.67,53.52,53.37,53.22,53.06,52.90,52.72,52.53,52.31,52.15,51.99,51.66,51.29,50.96,50.61,50.26,49.97,49.88,49.83,49.77,49.77,49.77,49.77,49.77,49.77,49.77,49.77,49.77,49.77,49.77,49.77,49.72,49.67,49.66,49.66,49.65,49.62,49.56,49.48,49.35,49.23,49.17,49.13,49.09,49.07,49.06,49.01,49.00,49.00,48.98,48.93,48.85,48.77,48.63,48.43,48.25,48.04,47.84,47.69,47.68,47.72,47.81,47.90,47.98,48.05,48.13,48.18,48.18,48.12,48.17,48.25,48.35,48.50,48.75,49.11,49.50,49.93,50.52,51.08,51.54,51.77,51.69,51.58,51.45,51.29,51.12,50.90,50.64,50.40,50.22,50.23,50.44,50.84,51.30,51.79,52.34,52.97,53.60,54.23,54.91,55.34,55.30,55.00,54.68,54.33,53.98,53.64,53.28,52.95,52.68,52.43,52.20,51.97,51.79,51.52,51.08,50.45,49.97,49.72,49.55,49.40,49.22,49.02,48.90,48.86,48.86,48.84,48.80,48.76,48.75,48.68,48.60,48.49,48.38,48.30,48.20,48.08,47.97,47.89,47.79,47.67,47.56,47.48,47.38,47.25,47.15,47.06,46.92,46.75,46.68,46.64,46.60,46.57,46.52,46.45,46.39,46.36,46.32,46.28,46.24,46.16,46.11,46.08,46.04,45.99,45.97,45.90,45.82,45.74,45.67,45.59,45.51,45.41,45.29,45.19,45.10,45.02,44.95,44.86,44.75,44.65,44.57,44.50,44.41,44.34,44.26,44.19,44.11,44.03,43.95,43.88,43.80,43.72,43.64,43.56,43.49,43.41,43.34,43.23,43.13,43.09,42.95,42.80,42.64,42.49,42.34,42.16,41.99,41.84,41.69,41.62,41.59,41.56,41.56,41.56,41.53,41.50,41.50,41.50,41.50
55.08,55.20,55.20,55.27,55.35,55.42,55.51,55.58,55.66,55.73,55.81,55.89,55.97,56.05,56.13,56.19,56.20,56.13,56.07,55.98,55.86,55.75,55.66,55.56,55.44,55.36,55.29,55.16,55.02,54.91,54.71,54.54,54.39,54.23,54.08,53.93,53.77,53.62,53.46,53.31,53.15,53.00,52.84,52.69,52.49,52.33,52.14,51.78,51.42,51.08,50.73,50.38,50.07,49.95,49.89,49.83,49.83,49.83,49.83,49.83,49.83,49.83,49.83,49.83,49.83,49.83,49.81,49.77,49.73,49.73,49.73,49.73,49.70,49.63,49.55,49.43,49.33,49.29,49.29,49.29,49.29,49.28,49.23,49.20,49.19,49.16,49.08,48.98,48.88,48.71,48.49,48.34,48.12,47.90,47.72,47.62,47.65,47.72,47.79,47.85,47.93,48.01,48.04,48.04,48.05,48.16,48.27,48.37,48.49,48.70,49.07,49.46,49.89,50.43,50.84,51.06,51.08,50.94,50.85,50.73,50.61,50.47,50.28,50.14,50.00,49.90,49.92,50.06,50.36,50.77,51.28,51.89,52.56,53.22,53.86,54.53,54.99,54.95,54.64,54.30,53.92,53.59,53.25,52.88,52.59,52.26,51.96,51.70,51.47,51.30,51.10,50.73,50.18,49.84,49.65,49.49,49.34,49.18,48.98,48.82,48.74,48.74,48.74,48.68,48.64,48.62,48.53,48.44,48.34,48.22,48.11,48.03,47.92,47.80,47.70,47.63,47.51,47.39,47.30,47.21,47.09,46.98,46.88,46.79,46.62,46.53,46.48,46.44,46.41,46.37,46.30,46.23,46.21,46.16,46.12,46.09,46.03,45.96,45.94,45.90,45.84,45.80,45.74,45.68,45.62,45.54,45.44,45.35,45.25,45.13,45.05,44.98,44.90,44.81,44.71,44.59,44.49,44.41,44.34,44.26,44.16,44.07,44.00,43.92,43.84,43.76,43.69,43.61,43.53,43.45,43.38,43.30,43.22,43.13,43.01,42.90,42.86,42.75,42.62,42.48,42.33,42.18,42.02,41.88,41.75,41.65,41.61,41.60,41.60,41.60,41.60,41.56,41.53,41.53,41.53,41.51
