154.65,157.28,160.54,163.97,166.75,167.63,167.01,166.04,165.14,164.53,164.43,165.13,166.28,167.51,168.44,169.48,170.09,170.39,170.54,170.49,170.39,170.29,170.23,170.22,170.22,170.31,170.46,170.56,170.65,170.69,170.73,170.76,170.72,170.68,170.65,170.63,170.66,170.67,170.67,170.68,170.71,170.71,170.74,170.75,170.75,170.74,170.67,170.60,170.53,170.44,170.37,170.29,170.22,170.14,170.11,170.04,169.76,169.22,168.50,167.80,167.11,166.40,165.67,164.99,164.27,163.54,162.81,162.03,161.26,160.44,159.52,158.44,157.31,156.19,155.12,154.20,153.53,152.94,152.32,151.68,151.13,150.90,150.79,150.74,150.73,150.66,150.47,150.19,149.78,149.30,148.77,148.21,147.67,147.28,147.28,147.31,147.13,146.64,146.04,145.42,144.82,144.27,143.81,143.38,142.94,142.47,141.98,141.38,140.63,139.98,139.59,139.34,139.05,138.81,138.61,138.40,138.21,138.05,137.91,137.81,137.80,137.80,137.85,137.89,137.77,137.63,137.44,137.19,136.90,136.46,136.05,135.59,134.99,134.26,133.53,132.94,132.53,132.25,131.80,131.61,131.54,131.40,131.04,130.65,130.22,129.65,128.83,128.52,128.30,128.00,127.56,126.94,126.39,125.91,125.81,126.97,128.33,129.71,130.99,131.88,132.43,132.69,132.77,132.76,132.69,132.62,132.59,132.64,132.79,132.94,133.05,133.14,133.27,133.42,133.54,133.66,133.78,133.88,133.83,133.66,133.45,133.29,133.13,132.96,132.77,132.56,132.33,131.91,131.45,130.99,130.52,129.96,129.17,128.35,127.75,126.69,125.53,124.20,122.58,120.72,119.10,117.75,116.58,115.50,114.41,113.36,112.29,110.75,106.91,102.18,99.22,98.57,97.94,97.29,96.75,96.31,95.91,95.59,95.51,95.43,95.22,95.05,95.02,95.52,96.68,98.55,100.86,102.78,104.15,104.70,103.91,103.38,104.35,107.26,111.45,116.52,119.90,121.40,121.69,121.91,122.05,122.19,122.33,122.45,122.59,122.73,122.86,123.02,123.24,123.45,123.67,123.95,124.21,124.52,124.85,125.14
152.86,155.86,159.15,162.09,164.34,165.30,164.59,163.58,162.53,161.56,161.19,161.57,162.58,164.08,165.97,168.08,169.35,170.00,170.32,170.29,169.97,169.67,169.53,169.52,169.61,169.88,170.21,170.38,170.46,170.53,170.57,170.57,170.57,170.51,170.48,170.48,170.49,170.49,170.49,170.52,170.58,170.59,170.64,170.69,170.71,170.77,170.73,170.65,170.57,170.50,170.42,170.34,170.26,170.19,170.12,170.04,169.79,169.29,168.53,167.83,167.13,166.44,165.72,164.91,164.12,163.34,162.57,161.80,161.02,160.24,159.37,158.30,157.26,156.26,155.42,154.77,154.08,153.45,152.80,152.14,151.65,151.50,151.42,151.37,151.34,151.23,150.96,150.58,150.09,149.50,148.95,148.37,147.87,147.69,147.73,147.75,147.57,147.09,146.48,145.86,145.25,144.66,144.18,143.71,143.25,142.76,142.19,141.34,140.49,139.86,139.51,139.28,139.00,138.74,138.48,138.19,137.88,137.66,137.49,137.32,137.27,137.25,137.23,137.20,137.11,136.90,136.66,136.41,136.09,135.64,135.22,134.71,134.09,133.46,132.79,132.43,132.35,132.33,132.29,132.26,132.16,131.92,131.54,131.16,130.81,130.50,130.22,129.94,129.28,128.42,127.63,126.92,126.28,125.16,123.83,124.36,125.48,127.13,128.98,130.22,131.14,131.69,131.97,132.00,131.93,131.87,131.92,132.06,132.22,132.37,132.47,132.55,132.65,132.80,132.94,133.06,133.17,133.31,133.36,133.27,133.10,132.95,132.79,132.60,132.40,132.25,132.10,131.73,131.27,130.81,130.33,129.50,128.23,126.90,125.99,124.75,123.41,122.03,120.57,119.02,117.69,116.43,115.24,114.17,113.12,111.72,110.27,108.25,101.99,99.72,99.02,98.41,97.79,97.17,96.58,96.06,95.61,95.38,95.59,95.80,95.77,95.82,96.19,97.19,98.88,101.21,104.62,107.62,109.74,110.56,109.93,109.07,109.22,111.15,115.19,119.36,121.61,122.28,122.57,122.74,122.84,122.96,123.11,123.26,123.41,123.53,123.63,123.79,124.00,124.18,124.37,124.61,124.90,125.15,125.37,125.51
151.41,154.71,158.12,160.99,162.90,163.27,162.47,161.43,160.25,159.00,158.25,158.32,159.19,160.82,163.19,165.46,167.40,168.97,170.00,170.09,168.77,167.55,167.04,166.96,167.51,168.72,169.94,170.23,170.33,170.38,170.39,170.39,170.39,170.32,170.29,170.30,170.35,170.36,170.36,170.39,170.45,170.46,170.52,170.58,170.65,170.71,170.71,170.66,170.58,170.50,170.42,170.35,170.27,170.19,170.12,170.04,169.72,169.13,168.42,167.72,167.02,166.33,165.62,164.83,164.02,163.21,162.43,161.61,160.82,160.02,159.14,158.14,157.30,156.54,155.86,155.22,154.53,153.90,153.25,152.61,152.21,152.11,152.06,151.99,151.89,151.57,151.18,150.71,150.19,149.63,149.08,148.53,148.11,148.10,148.17,148.19,148.01,147.53,146.93,146.31,145.69,145.08,144.52,144.03,143.53,142.93,142.13,141.26,140.49,139.93,139.63,139.44,139.24,138.99,138.72,138.45,138.10,137.81,137.50,137.15,136.87,136.72,136.61,136.51,136.41,136.12,135.84,135.60,135.31,134.83,134.33,133.88,133.55,133.33,133.11,132.99,132.97,132.97,132.97,132.87,132.68,132.42,132.05,131.66,131.34,131.09,130.86,130.66,130.35,130.00,129.66,129.27,128.90,127.94,126.21,124.61,123.19,123.45,125.22,127.27,129.05,130.28,131.00,131.22,131.17,131.22,131.34,131.49,131.64,131.75,131.84,131.93,132.07,132.22,132.34,132.45,132.59,132.80,132.93,132.87,132.67,132.51,132.36,132.19,132.03,131.88,131.83,131.55,131.14,130.69,130.24,129.37,127.96,126.23,124.51,123.18,121.91,120.52,118.96,117.43,116.08,114.79,113.59,112.66,111.70,108.44,104.76,102.64,100.17,99.32,98.92,98.39,97.78,97.11,96.48,95.98,95.84,96.52,97.39,98.00,98.12,98.16,98.37,99.54,101.87,105.27,109.11,112.75,115.51,116.56,116.09,115.03,114.19,114.54,117.78,120.80,122.51,123.16,123.39,123.52,123.64,123.78,123.92,124.03,124.17,124.32,124.45,124.60,124.73,124.91,125.13,125.36,125.61,125.81,125.78,125.46
149.91,153.36,156.69,159.34,160.97,161.07,160.52,159.52,158.19,156.67,155.53,155.34,156.00,157.61,160.50,163.01,165.29,167.17,168.21,167.96,166.20,164.71,164.16,164.16,165.13,166.92,168.77,169.70,170.10,170.20,170.20,170.20,170.20,170.16,170.13,170.14,170.19,170.20,170.21,170.26,170.33,170.36,170.43,170.50,170.57,170.63,170.65,170.65,170.61,170.50,170.42,170.35,170.27,170.19,170.12,170.04,169.67,169.01,168.29,167.59,166.89,166.20,165.50,164.73,163.90,163.09,162.30,161.48,160.70,159.92,159.10,158.25,157.55,156.92,156.29,155.64,154.97,154.35,153.69,153.08,152.79,152.71,152.62,152.47,152.23,151.79,151.33,150.85,150.36,149.87,149.37,148.85,148.49,148.54,148.61,148.65,148.48,147.97,147.37,146.75,146.13,145.52,144.91,144.39,143.86,143.20,142.36,141.58,140.87,140.29,139.92,139.68,139.53,139.30,139.00,138.74,138.39,138.03,137.63,137.18,136.79,136.50,136.25,136.05,135.93,135.65,135.39,135.16,134.91,134.54,134.16,133.86,133.72,133.71,133.69,133.68,133.68,133.67,133.60,133.42,133.18,132.91,132.55,132.19,131.89,131.67,131.50,131.38,131.30,131.21,131.09,130.90,130.69,130.01,128.51,126.30,123.45,121.91,122.13,123.85,125.87,127.61,128.96,129.88,130.28,130.54,130.73,130.89,131.04,131.13,131.22,131.33,131.47,131.64,131.79,131.94,132.13,132.35,132.53,132.47,132.26,132.10,131.93,131.76,131.62,131.51,131.50,131.32,131.00,130.57,130.15,129.03,127.35,125.30,123.19,121.85,120.55,119.09,117.48,115.91,114.44,113.09,111.84,110.48,107.99,104.41,101.16,99.66,99.29,99.05,98.75,98.33,97.77,97.12,96.46,96.07,96.45,97.76,99.49,100.83,101.32,101.34,101.46,102.72,105.41,109.31,112.92,116.35,119.08,120.25,119.92,119.02,117.99,117.62,119.62,121.80,123.27,124.00,124.19,124.31,124.45,124.59,124.72,124.82,124.96,125.11,125.24,125.39,125.50,125.67,125.87,126.05,126.07,125.99,125.69,125.15
148.10,151.58,154.70,157.05,158.42,158.50,158.43,157.69,156.35,154.59,153.00,152.56,152.94,154.40,157.74,160.67,163.02,164.60,165.01,164.03,162.38,161.20,160.91,161.18,162.58,164.61,166.80,168.60,169.43,169.59,169.56,169.55,169.56,169.60,169.66,169.72,169.75,169.85,169.99,170.13,170.22,170.29,170.36,170.43,170.50,170.51,170.57,170.64,170.65,170.51,170.42,170.35,170.27,170.19,170.12,170.04,169.65,168.94,168.19,167.48,166.78,166.08,165.37,164.60,163.78,162.97,162.20,161.43,160.66,159.93,159.24,158.59,157.97,157.35,156.71,156.04,155.41,154.79,154.13,153.56,153.39,153.29,153.11,152.82,152.39,151.94,151.48,151.04,150.64,150.24,149.79,149.33,149.00,149.00,149.06,149.13,148.97,148.42,147.81,147.19,146.57,145.98,145.38,144.83,144.25,143.61,142.91,142.25,141.57,140.93,140.39,140.02,139.86,139.63,139.32,139.01,138.68,138.28,137.82,137.37,136.97,136.55,136.16,135.87,135.74,135.57,135.36,135.13,134.92,134.79,134.67,134.56,134.48,134.47,134.41,134.38,134.38,134.34,134.16,133.93,133.67,133.37,133.05,132.74,132.47,132.28,132.19,132.17,132.11,132.02,131.87,131.71,131.54,131.12,130.26,128.80,125.72,122.38,120.01,120.33,121.99,124.01,126.06,127.94,129.08,129.63,129.93,130.12,130.30,130.40,130.56,130.75,130.87,131.08,131.30,131.52,131.75,131.98,132.15,132.09,131.88,131.71,131.50,131.32,131.20,131.13,131.12,131.05,130.81,130.41,129.91,128.38,126.32,124.08,121.98,120.66,119.22,117.66,116.04,114.42,112.72,111.25,109.83,107.56,102.73,100.29,99.63,99.22,98.97,98.74,98.50,98.20,97.73,97.15,96.49,96.28,97.33,99.07,101.78,104.12,105.12,105.15,105.25,106.50,109.16,112.91,115.84,118.43,120.59,121.80,121.68,121.19,120.67,120.39,121.00,122.64,124.04,124.81,124.97,125.12,125.27,125.39,125.49,125.64,125.78,125.90,126.01,126.16,126.29,126.41,126.53,126.58,126.23,125.72,125.18,124.65
144.75,148.14,151.48,153.83,154.91,154.63,154.59,155.01,154.72,153.00,150.75,149.77,149.92,151.16,153.81,157.42,159.92,161.01,160.65,159.22,157.61,156.53,156.38,157.34,159.74,162.41,164.64,165.78,166.20,165.97,165.66,165.59,165.64,166.09,166.68,167.19,167.50,168.28,169.31,170.06,170.15,170.22,170.30,170.36,170.39,170.43,170.50,170.59,170.61,170.50,170.42,170.35,170.27,170.19,170.12,170.04,169.64,168.94,168.22,167.47,166.73,165.99,165.25,164.47,163.72,162.95,162.19,161.46,160.73,160.05,159.43,158.86,158.33,157.74,157.11,156.47,155.85,155.23,154.60,154.09,154.00,153.76,153.43,153.05,152.63,152.21,151.80,151.37,150.96,150.61,150.25,149.91,149.64,149.56,149.57,149.61,149.41,148.87,148.26,147.56,147.01,146.61,146.13,145.56,144.94,144.32,143.67,143.01,142.32,141.70,141.20,140.81,140.45,140.06,139.67,139.31,138.92,138.47,138.01,137.56,137.16,136.72,136.41,136.30,136.31,136.23,136.05,135.83,135.66,135.57,135.46,135.35,135.28,135.24,135.20,135.16,135.11,134.99,134.74,134.46,134.17,133.86,133.56,133.28,133.10,133.01,132.94,132.93,132.91,132.84,132.69,132.53,132.25,131.73,130.91,129.75,126.81,123.16,119.81,118.26,119.45,121.41,123.42,125.23,126.54,127.31,127.88,128.38,128.77,129.01,129.53,130.13,130.43,130.67,130.90,131.15,131.42,131.65,131.78,131.72,131.49,131.29,131.10,130.94,130.83,130.80,130.80,130.74,130.52,129.95,128.69,126.87,124.82,122.71,120.72,119.17,117.58,115.94,114.32,112.68,110.59,108.56,106.39,103.30,100.57,99.41,99.12,98.89,98.65,98.42,98.19,97.93,97.55,97.06,96.49,96.48,98.12,100.84,104.60,107.66,108.80,108.84,108.91,109.73,111.54,114.30,116.88,119.17,121.12,122.49,123.14,122.93,122.61,122.62,123.17,124.27,125.14,125.63,125.78,125.94,126.06,126.18,126.31,126.46,126.58,126.69,126.82,126.96,126.96,126.78,126.53,126.27,125.79,125.23,124.67,124.14
141.57,144.27,147.24,149.57,150.88,150.89,151.00,152.47,153.11,151.42,148.59,147.16,147.12,148.24,150.45,154.23,156.51,157.03,156.04,154.47,153.05,152.19,152.21,153.50,156.66,160.07,162.46,162.56,161.99,161.16,160.57,160.53,160.82,161.74,162.94,164.09,164.84,166.18,168.00,169.52,170.03,170.16,170.22,170.26,170.29,170.37,170.44,170.52,170.56,170.50,170.44,170.36,170.27,170.19,170.12,170.04,169.66,168.97,168.25,167.49,166.75,166.04,165.34,164.58,163.85,163.09,162.31,161.57,160.86,160.19,159.58,159.06,158.58,158.03,157.44,156.84,156.26,155.66,155.07,154.61,154.48,154.14,153.72,153.29,152.91,152.52,152.13,151.72,151.31,150.99,150.68,150.41,150.19,150.06,150.04,150.02,149.80,149.27,148.73,148.12,147.68,147.36,146.89,146.30,145.69,145.07,144.46,143.77,143.09,142.52,142.08,141.65,141.10,140.54,140.03,139.59,139.13,138.66,138.20,137.75,137.36,136.99,136.83,136.90,137.03,137.01,136.86,136.67,136.54,136.42,136.29,136.18,136.10,136.03,135.98,135.89,135.76,135.61,135.32,135.01,134.70,134.38,134.10,133.91,133.80,133.78,133.72,133.71,133.70,133.65,133.50,133.26,132.78,132.07,131.18,130.18,127.39,123.80,120.10,117.23,117.50,118.94,120.67,122.35,123.73,124.68,125.47,126.16,126.69,127.12,127.97,129.01,129.73,130.24,130.54,130.80,131.08,131.33,131.43,131.34,131.10,130.88,130.69,130.54,130.46,130.48,130.48,130.26,129.73,128.65,126.71,124.70,122.84,121.07,119.30,117.55,115.84,114.16,112.43,110.29,107.54,105.19,103.06,100.26,99.52,99.17,98.84,98.59,98.34,98.10,97.87,97.63,97.33,96.91,96.62,96.98,99.07,103.25,107.83,111.15,112.24,112.19,112.14,112.58,113.67,115.57,117.78,119.78,121.53,123.02,124.26,124.48,124.47,124.68,125.25,125.88,126.28,126.47,126.61,126.77,126.87,126.97,127.10,127.25,127.34,127.37,127.37,127.36,127.15,126.73,126.22,125.74,125.22,124.70,124.16,123.63
139.22,140.27,141.83,144.04,146.32,147.75,148.38,150.42,151.44,149.66,146.49,144.83,144.69,145.89,148.39,151.42,152.88,152.75,151.42,150.12,149.19,148.82,149.09,150.02,153.34,157.49,160.32,159.25,156.99,155.39,154.64,154.78,155.60,156.97,158.77,160.68,162.10,163.57,165.80,168.18,169.79,170.09,170.12,170.16,170.22,170.31,170.38,170.46,170.51,170.50,170.49,170.39,170.27,170.19,170.12,170.04,169.68,169.03,168.27,167.50,166.86,166.31,165.77,165.09,164.29,163.45,162.62,161.79,161.02,160.29,159.66,159.18,158.66,158.16,157.65,157.11,156.62,156.08,155.56,155.11,154.77,154.40,154.00,153.61,153.23,152.84,152.45,152.06,151.69,151.37,151.06,150.76,150.52,150.44,150.43,150.33,150.07,149.62,149.27,149.00,148.69,148.26,147.62,147.00,146.38,145.79,145.22,144.54,143.89,143.36,142.93,142.41,141.77,141.06,140.37,139.80,139.31,138.85,138.39,137.94,137.56,137.42,137.46,137.59,137.73,137.75,137.65,137.51,137.40,137.21,137.08,137.00,136.93,136.84,136.72,136.51,136.28,136.17,135.89,135.58,135.25,134.91,134.72,134.65,134.60,134.55,134.54,134.54,134.50,134.42,134.27,133.83,133.07,132.16,131.21,130.25,127.55,124.13,120.58,117.44,116.10,116.39,117.66,119.41,120.88,121.98,122.81,123.43,123.98,124.63,125.69,127.09,128.56,129.71,130.20,130.45,130.72,131.00,131.07,130.95,130.71,130.46,130.21,130.06,130.03,130.08,130.09,129.48,128.13,126.08,123.81,121.76,120.27,119.06,117.65,115.82,114.06,112.36,110.31,106.94,103.20,101.07,100.43,99.65,99.26,98.95,98.63,98.34,98.04,97.80,97.57,97.35,97.10,96.75,97.01,98.04,100.44,106.65,111.59,114.49,115.34,115.04,114.74,114.94,115.81,117.35,119.06,120.64,122.12,123.58,124.95,125.87,126.40,126.63,126.92,127.22,127.34,127.35,127.44,127.59,127.69,127.77,127.86,128.00,128.03,127.84,127.46,127.08,126.61,126.13,125.64,125.12,124.63,124.16,123.66,123.12
138.00,138.60,139.63,141.14,142.96,144.77,146.33,148.49,149.06,146.75,143.59,142.09,142.33,143.98,146.50,148.91,149.41,148.72,147.81,147.13,146.59,146.58,147.28,148.66,151.62,155.63,158.21,155.89,152.71,150.89,150.24,150.43,151.13,152.25,153.98,156.20,158.49,160.82,163.46,166.16,168.45,169.76,170.05,170.09,170.16,170.24,170.31,170.37,170.41,170.45,170.49,170.42,170.32,170.25,170.16,170.06,169.76,169.26,168.61,167.99,167.44,166.94,166.41,165.69,164.88,164.03,163.18,162.33,161.47,160.58,159.76,159.26,158.76,158.28,157.80,157.26,156.79,156.30,155.86,155.48,155.08,154.70,154.31,153.93,153.54,153.16,152.77,152.40,152.06,151.75,151.44,151.13,150.88,150.77,150.75,150.65,150.42,150.09,149.86,149.72,149.45,148.97,148.32,147.70,147.10,146.52,145.94,145.29,144.63,144.00,143.42,142.80,142.12,141.40,140.68,140.00,139.50,139.04,138.58,138.16,138.00,137.99,138.08,138.24,138.39,138.48,138.44,138.34,138.23,138.02,137.88,137.79,137.72,137.50,137.26,137.07,136.92,136.75,136.46,136.15,135.80,135.44,135.41,135.41,135.39,135.36,135.36,135.32,135.29,135.15,134.75,134.10,133.27,132.38,131.50,130.56,128.00,124.62,120.99,117.78,115.73,114.66,114.64,115.83,116.98,118.54,119.74,120.43,121.13,122.34,123.79,125.40,127.08,128.41,129.25,129.85,130.31,130.58,130.61,130.49,130.12,129.18,128.17,127.61,127.43,127.49,127.70,127.03,125.50,123.37,121.36,119.82,118.69,117.61,116.07,114.13,112.34,110.21,107.24,103.48,100.96,99.80,99.54,99.31,99.05,98.75,98.44,98.13,97.83,97.81,97.82,97.75,97.72,97.82,98.70,100.97,105.65,112.32,116.45,118.40,118.78,118.17,117.38,117.16,117.74,119.09,120.64,122.20,123.72,125.15,126.41,127.24,127.72,127.95,128.18,128.31,128.30,128.23,128.31,128.43,128.51,128.53,128.44,128.32,127.99,127.52,127.00,126.53,126.03,125.53,125.03,124.53,124.03,123.55,123.07,122.57
137.28,137.68,138.44,139.32,140.44,142.22,144.57,146.52,146.47,143.76,140.87,139.61,140.25,142.31,144.74,146.42,145.98,144.83,144.47,144.44,144.38,144.90,146.25,148.22,150.77,154.31,156.32,152.96,149.21,147.20,146.51,146.70,147.21,148.06,149.61,151.90,154.77,157.86,160.90,163.78,166.42,168.60,169.42,169.79,170.08,170.16,170.24,170.28,170.31,170.38,170.45,170.44,170.37,170.29,170.21,170.08,169.88,169.55,169.09,168.63,168.16,167.67,167.10,166.34,165.51,164.66,163.80,162.92,161.98,160.91,159.92,159.37,158.88,158.41,157.92,157.39,156.94,156.49,156.12,155.78,155.41,155.01,154.63,154.25,153.86,153.47,153.09,152.75,152.44,152.13,151.82,151.51,151.25,151.11,151.09,150.98,150.79,150.57,150.40,150.28,150.02,149.56,148.96,148.35,147.75,147.16,146.53,145.93,145.30,144.61,143.85,143.15,142.45,141.74,141.02,140.28,139.74,139.27,138.83,138.49,138.51,138.59,138.70,138.84,139.01,139.17,139.21,139.16,139.08,138.85,138.66,138.53,138.43,138.07,137.76,137.63,137.58,137.34,137.04,136.71,136.35,136.03,136.12,136.17,136.19,136.18,136.17,136.11,136.06,135.84,135.20,134.41,133.57,132.76,131.96,131.02,128.77,125.56,121.92,118.66,116.25,114.12,112.72,112.65,113.21,114.84,116.31,117.25,118.27,120.13,122.07,123.87,125.53,126.87,128.01,128.94,129.56,129.78,129.75,129.56,128.96,127.30,125.50,124.34,123.78,123.78,124.22,123.71,122.37,120.55,119.10,118.20,117.41,116.32,114.50,112.48,110.58,108.01,104.36,100.75,99.73,99.49,99.27,99.08,98.85,98.58,98.32,98.13,97.95,98.33,98.87,99.35,99.78,100.62,102.44,106.01,112.31,118.34,121.36,122.50,122.54,121.70,120.35,119.64,119.91,121.08,122.45,124.04,125.63,126.98,128.00,128.55,128.87,129.09,129.31,129.34,129.22,129.09,129.11,129.15,129.19,129.11,128.84,128.43,127.74,127.04,126.43,125.93,125.44,124.93,124.42,123.93,123.40,122.91,122.45,122.00
137.08,136.85,137.49,138.41,139.47,140.91,143.18,144.34,143.84,141.70,139.48,138.34,138.97,141.02,143.22,143.71,142.50,141.15,141.03,141.43,142.21,143.94,146.51,148.62,151.10,153.98,155.14,151.44,147.51,144.81,143.53,143.64,144.36,145.52,147.13,149.13,151.43,154.40,157.73,160.88,163.30,165.08,166.99,168.75,169.96,170.05,170.11,170.18,170.25,170.32,170.34,170.37,170.37,170.29,170.21,170.12,170.01,169.89,169.73,169.32,168.86,168.37,167.79,166.99,166.14,165.29,164.41,163.39,162.34,161.23,160.21,159.56,159.02,158.54,158.05,157.53,157.12,156.76,156.43,156.11,155.72,155.33,154.95,154.56,154.17,153.79,153.45,153.13,152.82,152.51,152.20,151.89,151.63,151.49,151.47,151.36,151.18,150.95,150.73,150.53,150.30,149.96,149.46,148.86,148.18,147.45,146.75,146.22,145.80,145.24,144.48,143.78,143.03,142.28,141.52,140.76,140.10,139.62,139.28,139.10,139.09,139.16,139.24,139.37,139.57,139.79,139.94,140.00,139.95,139.69,139.41,139.15,138.89,138.58,138.31,138.23,138.22,137.97,137.62,137.22,136.88,136.76,136.83,136.94,137.01,136.99,136.94,136.92,136.76,136.41,135.78,135.12,134.37,133.56,132.70,131.72,130.29,127.86,124.56,121.08,118.68,116.66,114.25,111.42,110.81,111.08,112.09,113.71,115.45,117.97,120.51,122.64,124.08,125.31,126.42,127.28,127.73,127.80,127.66,127.20,126.22,124.34,122.31,120.33,118.90,118.56,119.20,119.25,118.60,117.55,116.98,116.62,116.10,115.02,112.91,110.93,108.64,105.96,102.98,100.45,99.71,99.48,99.24,98.97,98.67,98.44,98.42,98.72,99.07,100.17,101.95,104.05,105.56,107.74,111.47,116.01,119.94,123.27,125.44,126.69,127.01,126.21,124.34,123.12,123.05,123.86,124.73,126.09,127.58,128.65,129.26,129.73,130.05,130.23,130.44,130.39,130.15,129.85,129.64,129.52,129.38,129.16,128.82,128.27,127.55,126.79,126.08,125.44,124.84,124.33,123.83,123.30,122.77,122.28,121.84,121.43
137.17,136.44,136.85,137.72,138.67,139.63,141.43,142.06,141.36,139.50,137.62,137.00,137.86,139.72,141.46,141.55,140.48,139.37,139.17,139.67,140.77,142.98,146.20,149.07,151.74,153.63,153.55,149.72,145.16,142.24,140.93,141.05,141.88,143.19,144.84,146.75,148.78,151.24,153.92,156.48,158.51,159.75,162.44,165.27,167.41,168.68,169.66,170.08,170.14,170.21,170.25,170.31,170.35,170.33,170.25,170.18,170.10,170.04,169.98,169.75,169.45,169.06,168.45,167.63,166.73,165.80,164.83,163.75,162.67,161.55,160.49,159.73,159.16,158.66,158.19,157.74,157.38,157.03,156.71,156.39,156.03,155.65,155.26,154.88,154.50,154.14,153.82,153.51,153.20,152.89,152.58,152.27,152.00,151.83,151.81,151.70,151.50,151.25,151.01,150.75,150.51,150.23,149.78,149.15,148.41,147.66,146.99,146.56,146.22,145.76,145.11,144.41,143.66,142.88,142.12,141.39,140.74,140.25,139.93,139.80,139.72,139.79,139.90,140.03,140.26,140.47,140.66,140.81,140.82,140.53,140.16,139.80,139.45,139.06,138.90,138.87,138.84,138.53,138.13,137.72,137.46,137.46,137.53,137.69,137.80,137.81,137.74,137.68,137.39,136.90,136.28,135.67,134.98,134.24,133.41,132.42,131.34,129.65,127.21,124.10,121.68,119.48,116.56,112.58,110.33,109.78,110.28,111.44,112.81,115.50,118.45,120.98,122.56,123.78,124.82,125.54,125.79,125.68,125.30,124.60,123.30,120.73,117.53,115.23,113.92,113.61,114.07,114.48,114.53,114.31,114.50,114.67,114.41,113.40,111.36,109.80,107.78,105.38,102.81,100.42,99.71,99.48,99.24,98.96,98.65,98.65,99.34,101.22,103.81,105.83,107.85,109.92,111.34,113.97,117.94,122.13,124.92,127.17,128.81,129.89,130.31,129.90,128.20,126.96,126.72,127.28,127.95,128.96,129.90,130.38,130.83,131.34,131.63,131.63,131.69,131.58,131.21,130.62,129.99,129.71,129.50,129.20,128.70,128.06,127.37,126.63,125.86,125.14,124.45,123.83,123.26,122.72,122.20,121.68,121.22,120.60
137.21,136.31,136.41,137.08,137.81,138.18,139.32,139.50,138.68,137.03,135.44,135.57,136.76,138.36,139.58,139.74,139.27,138.60,138.19,138.69,139.81,142.13,145.72,149.53,152.38,153.19,151.75,147.76,142.56,139.71,138.66,138.84,139.71,141.01,142.68,144.60,146.52,148.36,150.03,151.68,153.27,153.94,156.88,160.31,163.40,166.34,168.64,169.69,169.92,170.09,170.18,170.25,170.32,170.37,170.31,170.24,170.15,170.08,170.02,169.98,169.91,169.66,169.06,168.22,167.26,166.22,165.15,164.08,162.99,161.87,160.77,159.88,159.29,158.81,158.38,158.00,157.68,157.31,156.97,156.66,156.33,155.96,155.58,155.20,154.83,154.51,154.20,153.89,153.58,153.27,152.96,152.65,152.37,152.15,152.10,151.98,151.76,151.46,151.22,150.95,150.69,150.41,149.99,149.29,148.53,147.83,147.27,146.92,146.61,146.23,145.72,145.04,144.29,143.52,142.77,142.09,141.52,141.06,140.73,140.58,140.44,140.51,140.66,140.83,141.05,141.22,141.42,141.62,141.69,141.36,140.94,140.51,140.10,139.63,139.56,139.56,139.45,139.04,138.59,138.24,138.08,138.16,138.24,138.43,138.58,138.63,138.55,138.38,137.95,137.34,136.66,135.96,135.27,134.56,133.78,132.88,131.95,130.95,129.56,127.11,124.66,122.18,119.15,115.16,111.32,110.05,109.88,110.09,110.61,112.95,115.98,118.84,120.83,122.22,123.19,123.74,123.80,123.48,122.71,121.65,119.95,116.66,112.40,110.22,109.57,109.48,109.67,110.27,110.89,111.45,112.18,112.69,112.58,111.69,109.96,108.94,107.45,105.51,103.15,100.55,99.75,99.49,99.26,99.02,98.75,99.19,101.02,104.96,110.06,112.97,114.78,116.06,116.83,119.41,122.73,125.94,128.31,130.34,131.66,132.47,132.88,132.97,131.82,130.85,130.60,131.11,131.79,132.40,132.65,132.41,132.71,133.22,133.42,133.21,133.00,132.75,132.21,131.34,130.31,129.83,129.57,129.19,128.52,127.83,127.19,126.49,125.72,124.95,124.19,123.43,122.73,122.18,121.68,121.09,120.52,119.51
136.41,136.53,136.10,136.11,136.29,135.99,136.45,135.85,134.70,133.60,133.07,133.97,135.37,136.76,137.78,138.11,138.03,137.67,137.30,138.15,139.27,141.83,145.98,149.89,152.41,152.44,150.01,145.33,140.63,137.99,136.99,137.24,138.11,139.18,140.65,142.50,144.40,145.97,147.43,148.86,150.14,150.50,151.88,154.70,158.75,162.74,165.77,167.88,169.26,169.94,170.11,170.19,170.26,170.32,170.31,170.24,170.16,170.09,170.06,170.02,169.99,169.90,169.58,168.66,167.62,166.55,165.48,164.45,163.33,162.18,161.04,160.03,159.46,159.02,158.64,158.30,157.94,157.60,157.28,156.96,156.60,156.26,155.90,155.53,155.20,154.89,154.58,154.27,153.96,153.65,153.34,153.04,152.73,152.46,152.28,152.06,151.79,151.49,151.25,151.04,150.79,150.47,150.02,149.35,148.66,148.07,147.68,147.35,147.05,146.72,146.30,145.67,144.92,144.15,143.41,142.79,142.27,141.94,141.73,141.57,141.42,141.46,141.59,141.76,141.98,142.15,142.32,142.49,142.57,142.20,141.78,141.36,140.93,140.56,140.46,140.36,140.10,139.52,139.08,138.84,138.78,138.86,138.99,139.15,139.31,139.39,139.30,138.94,138.43,137.74,136.73,135.56,134.52,133.53,132.63,132.22,131.75,131.24,130.39,128.49,126.11,123.69,121.23,118.38,114.28,111.25,109.85,109.84,109.96,110.83,112.89,115.65,118.33,120.43,121.50,121.91,121.80,121.22,119.71,117.55,114.94,112.08,109.60,108.55,108.37,108.47,108.81,109.44,110.20,110.99,111.68,111.64,111.16,110.31,109.12,108.26,106.98,105.19,102.95,100.83,99.97,99.59,99.31,99.10,99.02,100.57,104.15,109.68,114.10,117.12,119.25,120.59,121.22,123.64,126.56,129.20,131.03,132.69,133.90,134.64,134.99,135.27,134.62,134.09,134.19,135.17,136.05,136.51,136.40,135.70,135.21,135.29,135.28,134.88,134.26,133.47,132.61,131.75,130.92,130.09,129.51,128.98,128.32,127.64,127.00,126.30,125.53,124.76,123.99,123.22,122.47,121.77,121.10,120.43,119.46,117.86
136.44,136.90,136.05,135.36,134.82,133.92,133.54,132.63,131.66,131.12,131.24,132.44,133.82,135.04,136.00,136.46,136.58,136.54,136.68,137.80,139.00,141.83,146.37,150.13,152.01,151.50,148.46,142.85,138.92,136.44,135.31,135.55,136.36,137.32,138.71,140.49,142.31,143.88,145.34,146.77,147.99,148.39,148.97,150.87,154.47,158.77,162.59,165.64,167.95,169.48,169.97,170.13,170.20,170.26,170.26,170.23,170.17,170.13,170.10,170.05,170.01,170.00,169.88,169.10,168.06,166.94,165.83,164.79,163.66,162.50,161.34,160.25,159.63,159.22,158.87,158.55,158.17,157.83,157.50,157.14,156.74,156.38,156.08,155.80,155.43,155.11,154.79,154.45,154.13,153.81,153.48,153.17,152.85,152.53,152.26,151.97,151.65,151.33,151.09,150.98,150.80,150.49,150.05,149.47,148.88,148.39,148.08,147.77,147.48,147.18,146.83,146.28,145.55,144.78,144.06,143.52,143.14,142.92,142.77,142.61,142.46,142.45,142.54,142.71,142.94,143.10,143.26,143.39,143.40,143.05,142.64,142.20,141.77,141.49,141.37,141.15,140.74,140.10,139.67,139.47,139.44,139.52,139.63,139.75,139.85,139.90,139.80,139.36,138.56,137.44,136.02,134.45,133.22,132.17,131.32,131.14,131.01,130.85,130.31,128.54,126.33,124.38,122.62,120.54,116.77,112.80,110.38,109.80,109.66,109.64,110.69,112.65,115.00,117.30,118.29,118.35,117.80,116.96,115.49,113.42,111.07,109.16,108.11,107.82,107.91,108.18,108.63,109.43,110.44,111.44,111.82,111.30,110.48,109.58,108.59,107.69,106.52,104.89,102.85,101.09,100.14,99.65,99.38,99.24,99.59,102.51,107.44,113.23,117.34,120.34,122.67,124.33,125.33,127.45,129.83,131.94,133.43,134.91,136.02,136.71,137.03,137.37,137.25,137.23,137.68,138.82,139.65,139.83,139.32,138.17,137.21,136.77,136.29,135.51,134.52,133.38,132.34,131.51,130.89,129.96,129.24,128.65,128.05,127.41,126.78,126.09,125.34,124.57,123.80,123.04,122.28,121.52,120.76,119.88,118.50,116.48
137.47,137.37,136.25,134.93,133.60,132.21,130.91,130.22,129.90,129.84,130.07,131.09,132.22,133.26,134.26,134.84,135.01,135.35,136.37,137.64,138.99,142.02,146.69,150.13,151.16,150.23,146.88,140.43,137.28,134.92,133.56,133.69,134.36,135.41,136.84,138.56,140.30,142.06,143.67,145.20,146.60,147.38,148.13,149.10,150.85,154.71,159.39,163.17,166.10,168.69,169.76,170.06,170.14,170.20,170.20,170.20,170.19,170.17,170.11,170.09,170.05,170.00,169.94,169.54,168.54,167.33,166.09,165.00,163.87,162.72,161.57,160.49,159.75,159.32,159.00,158.67,158.28,157.89,157.51,157.12,156.67,156.27,156.15,156.01,155.51,155.16,154.79,154.41,154.05,153.73,153.37,153.03,152.70,152.34,152.02,151.71,151.38,151.02,150.78,150.77,150.69,150.44,150.11,149.66,149.19,148.78,148.47,148.16,147.89,147.62,147.29,146.87,146.18,145.42,144.74,144.31,144.14,144.00,143.84,143.69,143.53,143.45,143.49,143.66,143.86,144.00,144.12,144.18,144.08,143.78,143.38,142.94,142.54,142.29,142.18,141.88,141.38,140.80,140.39,140.16,140.08,140.13,140.14,140.21,140.22,140.16,140.04,139.62,138.31,136.44,134.55,132.69,131.43,130.51,129.80,129.50,129.43,129.49,129.11,127.18,125.31,124.20,123.16,121.31,118.31,114.43,111.36,109.82,109.55,109.40,109.61,110.18,111.14,113.01,113.69,113.28,112.11,111.06,110.43,109.68,108.78,108.11,107.73,107.67,107.85,108.24,108.76,109.95,111.40,112.56,112.53,111.77,110.78,109.66,108.40,107.27,106.15,104.75,102.97,101.34,100.27,99.70,99.50,99.56,100.61,104.97,110.64,115.47,120.03,122.98,125.29,127.37,129.15,130.90,132.60,134.20,135.62,137.09,138.20,138.91,139.29,139.66,140.06,140.53,141.16,142.01,142.41,142.09,141.06,139.49,138.48,137.53,136.39,135.06,133.78,132.53,131.47,130.65,130.12,129.36,128.73,128.17,127.62,127.07,126.47,125.81,125.10,124.34,123.59,122.88,122.16,121.40,120.68,119.45,117.70,115.51
138.53,137.77,136.43,134.93,133.41,131.85,130.34,129.63,129.35,129.27,129.57,130.22,131.01,131.86,132.76,133.67,134.48,135.41,136.61,137.84,139.25,141.98,145.96,149.11,149.51,147.32,143.25,138.23,135.10,132.95,131.81,131.82,132.32,133.45,134.97,136.74,138.59,140.64,142.38,143.95,145.41,146.22,147.12,148.07,149.28,151.66,156.58,161.25,165.05,168.09,169.61,170.05,170.11,170.14,170.14,170.14,170.14,170.14,170.11,170.10,170.05,170.00,169.97,169.79,168.64,167.01,165.32,164.08,163.03,162.02,161.03,160.06,159.43,158.95,158.53,158.12,157.65,157.21,156.78,156.34,155.98,156.08,156.32,156.28,155.66,155.08,154.61,154.20,153.83,153.51,153.14,152.80,152.48,152.13,151.78,151.43,151.06,150.71,150.51,150.53,150.52,150.40,150.17,149.86,149.53,149.20,148.90,148.59,148.30,148.01,147.69,147.35,146.76,146.12,145.58,145.31,145.16,145.02,144.87,144.71,144.56,144.43,144.46,144.61,144.56,144.35,144.13,143.90,143.60,143.34,143.12,142.91,142.67,142.44,142.30,142.14,141.93,141.62,141.28,141.00,140.80,140.67,140.61,140.56,140.47,140.34,140.14,139.55,137.99,135.76,133.34,130.91,129.07,127.57,126.28,125.29,124.68,124.60,124.57,123.56,122.97,122.62,121.94,120.35,117.84,114.73,111.84,109.83,109.48,109.27,109.24,109.41,109.81,110.70,111.01,110.76,110.12,109.47,109.05,108.58,108.06,107.67,107.52,107.59,107.85,108.41,109.60,111.70,113.37,114.11,114.37,113.93,113.08,111.51,108.87,107.54,106.41,105.12,103.55,101.95,100.69,100.03,100.06,101.05,103.12,107.75,113.29,118.05,122.73,125.63,127.82,129.84,131.72,133.39,134.99,136.53,137.96,139.65,141.26,142.67,143.77,144.67,145.14,145.22,145.14,145.30,144.37,142.91,141.23,139.57,138.51,137.46,136.20,134.75,133.35,131.97,130.72,129.74,129.17,128.46,127.80,127.20,126.67,126.17,125.58,124.99,124.42,123.83,123.23,122.66,122.07,121.40,120.55,119.04,117.12,114.95
139.49,138.17,136.63,135.07,133.50,131.89,130.34,129.57,129.15,128.90,129.18,129.58,130.14,130.89,131.83,133.17,134.50,135.78,136.99,138.13,139.63,142.08,145.26,147.34,146.92,143.74,139.29,135.67,132.78,131.11,130.32,130.25,130.57,131.60,133.12,134.98,137.11,139.59,141.52,143.04,144.33,144.91,145.80,146.85,147.95,149.30,153.83,159.13,163.95,167.34,169.42,170.04,170.09,170.10,170.10,170.09,170.07,170.07,170.07,170.07,170.04,170.00,169.95,169.63,167.97,165.82,163.86,162.62,161.73,160.94,160.14,159.33,158.81,158.30,157.78,157.31,156.79,156.31,155.88,155.52,155.43,155.98,156.50,156.56,155.88,155.13,154.54,154.03,153.59,153.24,152.88,152.54,152.23,151.90,151.54,151.15,150.75,150.40,150.23,150.26,150.30,150.29,150.16,149.96,149.73,149.48,149.19,148.90,148.62,148.34,148.04,147.74,147.30,146.82,146.41,146.24,146.07,145.90,145.72,145.53,145.37,145.19,145.13,145.10,144.76,144.25,143.76,143.31,142.88,142.58,142.50,142.45,142.35,142.14,141.98,141.93,141.95,141.87,141.63,141.40,141.18,140.98,140.86,140.72,140.56,140.40,140.13,139.07,136.97,134.26,131.48,128.67,126.37,124.40,122.67,121.22,120.04,119.57,119.56,119.41,119.87,119.96,119.41,118.08,116.21,114.00,111.68,109.77,109.40,109.18,109.09,109.11,109.24,109.38,109.41,109.39,109.29,109.02,108.65,108.21,107.77,107.44,107.40,107.71,108.28,109.30,111.56,114.35,115.92,116.05,116.48,116.52,116.08,114.33,110.32,108.30,106.97,105.72,104.33,102.79,101.75,101.44,102.00,103.81,106.61,111.02,116.07,120.84,125.44,128.18,130.21,132.10,133.95,135.67,137.34,138.99,140.62,142.52,144.53,146.37,147.83,148.90,149.27,148.98,148.31,147.68,145.53,143.05,140.84,139.25,138.17,137.10,135.91,134.57,133.17,131.74,130.34,129.09,128.22,127.47,126.78,126.15,125.62,125.13,124.55,124.00,123.55,123.10,122.64,122.17,121.66,120.95,119.76,117.99,116.01,113.98
140.22,138.59,136.93,135.29,133.69,132.14,130.59,129.68,129.07,128.63,128.72,129.15,129.76,130.60,131.95,133.80,135.14,136.22,137.42,138.47,140.09,142.58,145.06,144.57,142.79,139.55,135.59,132.26,130.45,129.69,129.37,129.26,129.39,130.00,131.31,133.33,135.96,139.08,141.32,142.72,143.41,143.36,143.94,144.91,146.16,147.89,151.01,156.39,162.40,166.19,169.13,170.01,170.04,170.09,170.10,170.05,170.01,170.01,170.01,170.01,170.01,170.00,169.82,168.76,165.94,163.21,161.50,160.55,160.00,159.50,158.93,158.29,157.80,157.28,156.77,156.31,155.83,155.37,155.00,154.91,155.44,156.11,156.69,156.83,156.19,155.49,154.77,154.06,153.40,152.95,152.61,152.29,151.96,151.60,151.27,150.86,150.43,150.09,149.92,149.94,150.01,150.05,150.02,149.88,149.67,149.44,149.19,148.95,148.75,148.55,148.30,148.06,147.78,147.47,147.16,146.93,146.72,146.50,146.25,145.97,145.75,145.53,145.18,144.67,144.05,143.44,142.96,142.56,142.16,141.74,141.57,141.50,141.40,141.24,141.08,140.98,140.93,140.91,140.82,140.79,140.83,140.87,140.69,140.53,140.37,140.22,139.95,137.95,134.59,130.96,128.19,125.52,123.22,121.31,119.80,118.60,117.06,115.84,115.19,115.21,115.83,115.78,115.06,113.96,113.16,111.78,110.47,109.60,109.28,109.14,109.06,109.02,109.05,109.14,109.16,109.16,109.11,108.94,108.54,108.09,107.66,107.37,107.38,108.19,109.55,111.57,115.45,118.25,119.13,118.53,118.63,119.19,119.60,118.30,113.42,109.73,107.83,106.59,105.30,103.94,103.93,104.91,106.55,108.59,111.44,115.12,119.36,123.91,128.13,130.56,132.38,134.20,136.05,137.93,139.77,141.69,143.84,145.86,147.78,149.26,150.02,150.33,150.41,150.23,149.62,148.16,145.45,142.48,140.05,138.71,137.61,136.53,135.54,134.59,133.39,132.08,130.61,129.00,127.37,126.42,125.73,125.14,124.60,124.06,123.47,122.93,122.48,122.07,121.62,121.16,120.56,119.53,117.68,115.63,113.73,112.00
139.79,137.90,136.37,135.04,133.74,132.32,130.73,129.70,128.99,128.43,128.31,128.77,129.42,130.33,131.90,133.80,135.11,135.78,136.11,137.07,139.56,142.40,144.15,142.47,139.71,136.13,132.58,130.38,129.26,128.81,128.62,128.50,128.62,129.19,130.25,132.12,135.48,139.00,140.95,141.74,141.94,141.69,142.11,143.23,144.98,147.06,149.88,154.84,160.65,164.80,168.35,169.73,170.01,170.05,170.05,170.02,170.00,170.00,170.00,170.00,169.95,169.29,167.38,165.12,162.31,160.36,159.69,159.20,158.77,158.32,157.83,157.26,156.78,156.32,155.85,155.39,154.93,154.58,154.53,154.86,155.58,156.28,156.88,157.08,156.54,155.83,155.10,154.34,153.60,152.99,152.44,152.01,151.67,151.32,150.98,150.60,150.21,149.85,149.62,149.62,149.68,149.72,149.71,149.61,149.42,149.19,148.95,148.72,148.52,148.31,148.09,147.89,147.63,147.34,147.05,146.78,146.54,146.31,146.06,145.79,145.53,145.23,144.80,144.21,143.45,142.72,142.17,141.76,141.37,140.94,140.35,139.48,138.40,137.42,136.43,135.95,135.99,136.31,136.83,137.45,138.26,139.23,139.84,140.03,139.63,138.60,136.94,133.96,129.97,126.17,123.88,122.06,120.44,118.97,117.69,116.53,114.92,113.27,112.07,112.01,112.33,112.33,111.99,111.44,111.16,110.55,109.99,109.66,109.48,109.44,109.39,109.31,109.25,109.24,109.25,109.25,109.22,109.10,108.77,108.50,108.36,108.39,109.07,110.86,113.25,115.83,118.48,120.30,120.79,120.21,120.16,120.76,121.25,120.53,117.23,113.77,110.30,107.75,106.56,105.60,106.38,108.90,112.34,115.19,117.90,120.78,123.98,127.43,130.31,132.53,134.45,136.25,138.13,140.00,142.04,144.28,146.55,148.32,149.58,150.37,150.68,150.77,150.77,150.55,149.73,147.40,144.07,141.17,139.02,137.67,136.53,135.44,134.49,133.69,132.75,131.81,130.69,129.26,127.43,125.99,124.89,124.08,123.53,122.99,122.39,121.87,121.44,121.01,120.49,119.66,118.56,117.16,115.03,112.79,110.53,108.23
138.56,136.45,135.21,134.29,133.38,132.19,130.68,129.64,128.88,128.24,127.91,128.38,129.09,130.02,131.63,133.39,134.50,134.64,134.00,134.75,138.09,141.44,142.91,140.82,137.30,133.41,130.27,129.23,128.50,128.12,127.91,127.87,128.09,128.74,129.58,131.25,135.23,138.89,140.38,140.51,140.34,140.03,140.39,141.75,144.06,146.55,149.56,154.04,159.20,163.45,167.33,169.06,169.50,169.40,169.31,169.34,169.34,169.27,169.19,168.97,168.50,166.88,163.29,160.24,158.11,157.37,157.83,157.82,157.55,157.20,156.79,156.27,155.80,155.38,154.95,154.51,154.10,153.98,154.31,155.00,155.75,156.46,157.07,157.33,156.90,156.17,155.45,154.72,153.95,153.19,152.43,151.85,151.43,151.05,150.68,150.36,150.02,149.66,149.36,149.31,149.33,149.33,149.32,149.25,149.09,148.86,148.63,148.39,148.16,147.94,147.73,147.56,147.28,146.96,146.64,146.35,146.10,145.87,145.64,145.39,145.09,144.71,144.27,143.73,142.92,142.07,141.38,140.71,139.85,139.00,137.64,135.70,133.44,131.80,130.17,129.43,129.55,130.13,131.11,132.21,133.63,135.49,136.99,137.60,137.02,135.15,132.22,128.72,124.82,121.43,119.74,118.82,117.90,116.90,115.81,114.64,113.10,111.36,109.94,109.75,109.75,109.84,109.91,109.90,109.99,110.17,110.37,110.46,110.30,110.32,110.38,110.33,110.08,109.99,109.95,109.91,109.82,109.68,109.48,109.56,109.93,110.55,112.00,114.43,117.33,119.93,120.87,121.64,121.91,121.62,121.52,121.98,122.28,122.00,120.64,118.09,113.72,109.96,108.33,107.73,109.59,113.43,118.09,121.52,124.06,126.25,128.41,130.61,132.12,134.17,136.25,138.14,140.10,141.97,144.19,146.61,148.74,150.05,150.60,150.76,150.79,150.81,150.63,150.09,148.77,145.74,142.16,139.63,137.90,136.51,135.29,134.18,133.24,132.47,131.77,131.05,130.27,129.17,127.29,125.37,123.94,122.99,122.45,121.91,121.25,120.71,120.31,119.81,119.16,117.92,116.30,114.52,112.28,109.93,107.35,104.48
135.85,133.66,132.91,132.38,131.75,131.05,130.13,129.38,128.67,127.96,127.45,127.92,128.70,129.60,130.81,132.27,132.63,132.04,131.09,131.14,134.41,138.50,141.28,139.99,136.03,132.20,129.61,128.77,127.97,127.41,127.18,127.41,127.99,128.68,129.41,130.97,134.98,138.18,139.29,139.22,138.93,138.58,139.06,140.64,143.30,146.48,150.08,154.49,159.06,162.64,166.04,167.29,167.24,166.67,166.18,166.38,166.37,165.98,165.54,164.28,162.16,159.33,156.13,154.29,153.76,154.18,155.13,155.50,155.74,155.90,155.85,155.37,154.91,154.46,154.02,153.66,153.48,153.86,154.48,155.17,155.89,156.59,157.25,157.61,157.27,156.55,155.79,155.06,154.33,153.56,152.79,152.07,151.40,150.78,150.41,150.13,149.85,149.53,149.22,149.03,148.96,148.94,148.88,148.86,148.71,148.48,148.25,148.02,147.78,147.58,147.41,147.24,146.92,146.55,146.22,145.96,145.67,145.42,145.19,144.95,144.64,144.19,143.70,143.19,142.50,141.64,140.58,138.86,135.89,132.96,130.08,126.91,123.92,123.16,122.60,122.35,122.39,122.58,122.97,123.41,124.36,126.18,127.88,128.73,128.44,127.00,124.83,122.47,120.34,118.61,117.49,116.72,115.85,114.91,113.91,112.75,111.44,110.40,109.80,109.70,109.73,109.81,109.88,109.97,110.50,111.69,112.90,113.56,112.97,112.89,113.30,113.48,112.73,112.61,112.48,112.22,111.81,111.41,111.53,112.29,113.64,115.47,117.27,118.64,119.88,121.19,121.93,122.64,123.00,122.96,122.95,123.31,123.35,122.87,121.80,120.39,118.54,115.47,111.57,110.93,115.13,119.33,122.25,124.82,127.28,129.13,130.63,132.02,133.21,135.07,137.25,139.52,141.69,143.81,146.05,148.18,149.68,150.29,150.58,150.73,150.70,150.53,149.72,147.99,145.40,142.36,139.93,138.16,136.76,135.51,134.13,132.97,132.01,131.22,130.52,129.22,128.27,127.34,125.41,123.38,122.38,121.87,121.38,120.82,119.87,119.17,118.78,118.17,117.22,115.90,114.20,112.09,109.79,107.54,105.25,102.88
132.98,131.46,131.11,130.82,130.42,130.04,129.52,128.94,128.31,127.63,127.13,127.62,128.40,129.22,130.13,131.30,131.40,130.69,129.74,129.32,131.39,134.58,137.51,137.88,135.35,131.97,129.24,128.37,127.44,126.74,126.60,127.20,127.99,128.70,129.49,131.12,134.96,137.14,137.69,137.49,137.25,137.22,138.14,139.96,142.82,146.97,150.99,155.11,159.06,162.13,164.51,164.96,164.39,163.49,162.57,162.50,162.33,161.84,161.25,159.27,156.46,153.58,151.39,150.35,150.61,151.58,152.80,153.59,154.49,154.97,154.95,154.48,154.01,153.55,153.20,153.09,153.28,153.91,154.63,155.32,156.02,156.74,157.44,157.87,157.63,156.93,156.16,155.41,154.67,153.91,153.16,152.40,151.63,150.88,150.30,149.93,149.64,149.36,149.09,148.82,148.64,148.56,148.48,148.47,148.35,148.14,147.91,147.67,147.46,147.28,147.12,146.90,146.54,146.17,145.84,145.55,145.27,145.00,144.75,144.49,144.13,143.66,143.16,142.64,142.03,141.22,139.58,136.80,132.65,128.99,125.58,122.37,119.86,119.45,119.25,119.09,118.99,118.95,119.00,119.12,119.65,120.82,122.02,122.52,122.32,121.47,120.20,118.77,117.53,116.48,115.51,114.68,113.95,113.34,112.81,112.10,111.20,110.62,110.40,110.44,110.90,111.52,112.08,112.53,113.54,115.14,116.46,116.88,115.95,115.75,116.30,116.87,116.63,116.67,116.61,116.36,115.89,115.41,115.51,116.28,117.55,118.96,120.18,120.83,121.32,122.09,122.82,123.55,124.08,124.34,124.42,124.65,124.45,123.80,122.90,122.05,121.31,119.34,116.10,115.55,119.31,122.88,125.22,127.52,129.74,131.32,132.50,133.57,134.60,135.97,137.66,139.62,141.65,143.99,146.37,148.50,149.87,150.20,149.92,149.32,148.53,147.69,146.31,144.32,141.94,139.61,137.99,136.60,135.34,134.18,132.88,131.66,130.13,128.30,127.05,125.71,124.92,124.33,123.04,121.55,120.74,120.01,118.96,118.40,117.27,116.54,116.39,116.25,115.40,114.08,112.42,110.39,108.29,106.23,104.09,101.93
130.42,129.89,129.78,129.62,129.39,129.19,128.88,128.39,127.81,127.24,126.88,127.40,128.13,128.84,129.57,130.45,130.61,130.18,129.43,128.78,129.16,130.54,132.75,134.97,134.96,132.30,129.03,128.03,126.95,126.14,126.14,127.15,128.04,128.79,129.74,131.52,134.92,135.82,135.76,135.50,135.46,136.00,137.48,139.50,142.46,147.81,152.03,155.70,159.03,161.66,162.76,162.29,161.21,160.06,158.80,158.27,157.88,157.41,156.77,154.47,151.80,149.65,148.61,147.93,148.44,149.58,150.96,152.19,153.66,154.26,154.05,153.59,153.13,152.70,152.52,152.77,153.37,154.05,154.76,155.46,156.16,156.91,157.63,158.09,157.98,157.31,156.54,155.77,155.00,154.23,153.51,152.77,152.00,151.20,150.33,149.78,149.45,149.21,148.98,148.70,148.44,148.25,148.14,148.10,147.99,147.81,147.58,147.36,147.18,147.03,146.84,146.54,146.17,145.83,145.49,145.13,144.87,144.59,144.31,144.03,143.59,143.12,142.62,142.09,141.52,140.80,138.49,134.74,130.22,126.83,123.63,121.12,119.75,119.27,118.91,118.60,118.34,118.18,118.06,118.08,118.21,118.47,118.85,118.69,118.40,118.11,117.66,116.84,115.89,114.92,114.00,113.13,112.67,112.55,112.64,112.53,112.09,111.70,111.57,111.87,112.95,114.36,115.66,116.68,118.02,119.54,120.34,120.02,118.87,118.57,119.19,120.22,120.99,121.31,121.42,121.32,120.97,120.50,120.34,120.70,121.27,121.31,121.46,121.68,122.10,122.87,123.64,124.41,125.13,125.68,125.85,125.95,125.57,124.83,124.05,123.33,122.64,121.82,120.93,120.51,122.22,124.67,127.22,129.69,131.69,133.14,134.31,135.41,136.32,137.04,137.91,139.12,140.78,143.21,145.75,147.99,149.36,149.62,148.54,146.81,144.95,143.33,141.59,140.03,138.70,137.41,136.25,134.97,133.71,132.56,131.22,129.75,127.40,124.29,122.29,121.25,120.75,120.48,120.13,119.46,118.62,117.29,115.57,115.05,113.94,113.32,113.53,114.13,113.66,112.48,110.96,109.28,107.47,105.61,103.58,101.58
130.03,129.43,129.11,128.86,128.66,128.52,128.19,127.74,127.22,126.71,126.49,127.01,127.69,128.34,129.03,129.58,129.68,129.43,128.94,128.36,128.37,129.06,130.48,132.55,134.21,132.37,128.99,127.86,126.65,125.72,125.74,126.96,128.11,129.02,130.21,131.89,133.90,134.12,133.77,133.63,134.18,135.19,136.84,138.73,141.77,148.67,152.64,155.70,158.46,160.39,160.65,159.56,157.99,156.54,155.44,155.01,154.61,154.00,153.11,151.34,149.59,148.18,147.21,146.31,147.13,148.68,150.34,151.68,152.87,153.31,153.12,152.70,152.24,152.08,152.27,152.81,153.49,154.19,154.90,155.64,156.34,157.05,157.76,158.25,158.20,157.65,156.92,156.15,155.38,154.60,153.85,153.12,152.34,151.43,150.55,149.89,149.48,149.25,149.07,148.82,148.58,148.33,148.00,147.74,147.59,147.44,147.21,147.03,146.90,146.75,146.53,146.22,145.85,145.48,145.11,144.74,144.44,144.18,143.89,143.52,143.03,142.56,142.06,141.51,140.97,140.40,137.53,133.19,129.13,126.20,123.46,121.43,120.44,119.75,119.42,119.14,118.81,118.40,117.98,117.57,117.27,117.18,117.35,116.95,116.48,116.12,115.74,115.10,114.62,114.38,114.34,114.24,114.27,114.38,114.46,114.31,113.84,113.40,113.42,114.57,115.94,117.46,119.03,120.48,121.31,122.30,122.52,121.67,120.54,120.55,121.46,122.70,123.68,124.19,124.37,124.28,123.93,123.39,122.98,123.11,123.50,123.26,123.08,122.86,122.96,123.69,124.51,125.33,126.12,126.75,126.96,127.02,126.70,126.07,125.31,124.65,123.97,123.32,122.77,122.33,123.56,125.64,128.09,130.63,133.03,135.03,136.72,138.09,138.68,138.96,139.29,139.95,141.30,143.38,145.68,147.45,147.63,147.19,145.38,143.16,141.30,139.98,138.81,137.76,136.73,135.58,134.44,133.27,132.09,130.63,127.80,124.89,122.44,120.50,118.68,117.56,116.69,116.04,115.75,115.18,113.92,112.60,111.76,111.51,111.07,110.90,111.21,111.88,111.94,111.35,110.25,108.68,106.84,104.98,103.44,102.48
130.88,129.53,128.97,128.61,128.32,128.06,127.68,127.22,126.71,126.24,126.06,126.52,127.13,127.73,128.31,128.61,128.69,128.59,128.31,127.84,127.89,128.38,129.38,131.12,133.50,132.17,128.86,127.58,126.23,125.27,125.35,126.71,128.05,129.19,130.53,131.87,132.38,132.10,131.83,132.05,133.09,134.44,136.24,138.10,141.26,148.99,152.66,155.08,157.13,158.28,157.78,156.30,154.61,153.21,152.39,152.13,151.79,151.13,150.17,148.94,147.85,146.87,145.86,144.80,146.18,148.30,150.11,151.24,152.02,152.27,152.11,151.82,151.57,151.74,152.23,152.93,153.64,154.34,155.06,155.80,156.50,157.21,157.91,158.42,158.43,157.98,157.29,156.53,155.75,154.98,154.21,153.47,152.70,151.78,150.87,150.12,149.63,149.43,149.27,149.06,148.83,148.53,148.06,147.62,147.33,147.12,146.89,146.73,146.62,146.46,146.21,145.88,145.50,145.12,144.73,144.35,144.01,143.75,143.44,143.00,142.47,142.02,141.56,141.07,140.59,140.17,136.83,132.07,128.55,126.29,124.44,123.09,122.31,121.46,120.93,120.50,119.93,119.01,118.32,117.66,117.06,116.68,116.63,116.31,115.92,115.58,115.23,114.75,114.67,115.00,115.58,116.03,116.39,116.60,116.59,116.28,115.64,115.11,115.24,116.93,118.80,120.70,122.56,124.11,124.47,124.66,124.15,122.91,121.88,122.39,123.63,125.02,126.07,126.72,126.98,126.92,126.55,125.96,125.37,125.27,125.43,125.09,124.63,124.04,123.85,124.54,125.41,126.27,127.08,127.75,128.03,128.08,127.84,127.34,126.61,125.97,125.31,124.69,124.13,123.67,124.48,126.19,128.41,130.78,133.46,135.93,138.10,139.78,140.36,140.53,140.66,141.06,142.20,143.90,145.36,145.98,145.15,144.10,142.19,140.14,138.57,137.50,136.67,135.86,134.96,133.80,132.66,131.11,129.20,126.93,123.83,120.81,118.78,117.70,116.07,114.70,113.45,112.49,112.21,111.78,110.63,109.62,109.38,109.25,109.19,109.27,109.56,110.12,110.42,110.23,109.49,108.10,106.34,104.85,104.05,104.10
133.07,130.32,129.47,128.97,128.44,127.90,127.43,126.92,126.38,125.89,125.66,125.96,126.47,126.98,127.36,127.52,127.64,127.68,127.54,127.19,127.53,128.22,129.23,130.86,132.91,131.66,128.60,127.10,125.65,124.74,124.92,126.37,127.83,129.23,130.56,131.31,130.47,129.83,130.00,130.83,132.14,133.73,135.71,137.77,141.07,148.56,151.96,153.73,154.88,155.22,154.00,152.42,151.04,150.16,149.72,149.61,149.35,148.78,147.98,147.13,146.23,145.28,144.27,143.27,145.39,148.09,149.89,150.49,150.94,151.09,151.01,150.99,151.18,151.69,152.36,153.06,153.82,154.53,155.23,155.93,156.63,157.38,158.10,158.62,158.68,158.28,157.64,156.91,156.13,155.36,154.60,153.83,153.08,152.31,151.31,150.47,149.94,149.78,149.61,149.38,149.14,148.84,148.31,147.79,147.29,146.88,146.65,146.48,146.33,146.14,145.88,145.51,145.13,144.74,144.35,143.97,143.60,143.32,142.98,142.46,141.93,141.56,141.19,140.80,140.47,140.13,136.51,131.50,128.47,127.09,126.56,126.14,125.48,124.56,123.56,122.72,121.74,120.03,119.10,118.40,117.71,117.02,116.67,116.69,116.73,116.66,116.41,116.14,116.31,116.89,117.64,118.25,118.68,118.89,118.77,118.22,117.32,116.69,116.85,118.58,121.30,124.02,126.24,127.50,127.64,126.77,125.41,123.91,123.05,124.20,125.78,127.25,128.44,129.22,129.63,129.68,129.31,128.67,127.94,127.48,127.23,126.79,126.01,125.14,124.76,125.38,126.32,127.21,128.03,128.73,129.09,129.16,129.01,128.62,127.93,127.31,126.68,126.05,125.47,125.02,125.21,126.39,128.28,130.25,132.88,135.56,138.02,140.00,141.00,141.43,141.73,142.19,143.25,144.58,144.54,143.39,142.04,140.65,139.37,138.16,137.00,135.93,134.94,134.06,133.16,131.95,130.76,128.25,124.78,121.26,119.68,118.35,117.20,116.13,114.52,112.81,111.31,110.30,110.13,110.04,109.66,109.22,108.89,108.67,108.52,108.53,108.71,109.02,109.16,109.03,108.52,107.46,105.99,105.40,105.55,106.40
137.36,133.60,131.24,129.81,128.92,128.36,127.89,127.34,126.73,126.13,125.61,125.47,125.69,126.09,126.34,126.44,126.54,126.62,126.62,126.62,127.25,128.10,129.13,130.66,132.33,131.16,128.40,126.86,125.38,124.21,124.19,125.71,127.21,128.62,129.71,130.14,129.35,128.64,128.90,129.88,131.33,133.45,135.92,138.31,141.39,147.36,150.26,151.64,152.13,151.53,150.10,148.57,147.64,147.62,147.87,147.87,147.51,146.84,146.03,145.25,144.43,143.55,142.61,141.80,142.69,144.33,145.96,146.83,147.92,148.83,149.63,150.56,151.14,151.81,152.53,153.24,153.96,154.66,155.38,156.11,156.81,157.53,158.24,158.77,158.90,158.62,157.99,157.25,156.52,155.75,155.08,154.38,153.63,152.81,151.98,151.28,150.80,150.57,150.22,149.83,149.47,149.09,148.52,147.97,147.46,146.99,146.60,146.27,146.07,145.84,145.52,145.13,144.75,144.38,144.03,143.69,143.35,143.08,142.77,142.31,141.85,141.51,141.17,140.79,140.48,140.18,137.04,132.58,129.69,129.27,129.29,129.03,128.25,127.04,126.05,125.41,124.64,122.80,120.68,119.31,118.47,117.89,117.61,117.78,118.09,118.29,118.14,117.86,118.08,118.92,120.31,121.67,122.26,122.28,121.69,120.29,118.86,118.03,118.12,119.73,123.53,126.82,128.94,129.69,129.38,128.13,126.46,124.88,124.31,125.70,127.48,129.25,131.09,132.53,133.78,134.48,134.20,132.83,131.27,129.80,128.59,127.89,127.03,126.12,125.65,126.12,127.06,128.01,128.93,129.77,130.33,130.41,130.24,129.86,129.25,128.63,127.96,127.31,126.76,126.34,126.20,127.09,128.90,130.84,132.74,134.90,137.16,139.15,140.57,141.36,141.97,142.59,143.22,143.62,142.89,141.42,140.04,138.66,137.53,136.50,135.42,134.38,133.34,132.37,131.19,129.07,126.55,123.78,121.03,118.77,117.67,116.63,115.61,114.54,112.97,111.57,110.46,109.74,109.55,109.41,109.24,109.05,108.85,108.69,108.50,108.32,108.15,108.04,108.06,107.92,107.52,106.78,106.15,106.34,107.08,108.60
141.65,137.57,134.02,131.54,129.96,129.04,128.49,127.90,127.25,126.55,125.81,125.21,125.05,125.22,125.36,125.47,125.56,125.66,125.81,126.22,127.08,128.06,129.12,130.61,131.81,130.65,128.20,126.67,125.17,123.75,123.48,124.88,126.31,127.60,128.46,128.73,128.31,127.69,128.06,129.15,130.71,133.38,136.37,139.09,141.89,146.10,148.50,149.36,149.05,147.72,146.20,144.82,144.30,145.00,145.91,146.20,145.85,145.07,144.24,143.44,142.66,141.79,140.80,140.20,139.98,140.50,141.75,142.91,144.59,146.45,148.39,150.28,151.17,151.95,152.72,153.44,154.12,154.81,155.53,156.28,156.98,157.67,158.38,158.93,159.10,158.96,158.34,157.59,156.89,156.21,155.64,155.00,154.25,153.41,152.75,152.20,151.80,151.50,150.90,150.30,149.78,149.30,148.72,148.17,147.67,147.19,146.66,146.19,145.92,145.66,145.28,144.91,144.55,144.23,143.95,143.66,143.38,143.12,142.82,142.43,142.03,141.69,141.34,140.97,140.64,140.32,138.08,134.68,131.96,132.04,132.15,131.76,130.78,129.40,128.67,128.33,127.83,126.18,123.25,121.16,119.88,119.17,119.06,119.61,120.35,120.88,120.64,120.33,120.70,121.87,123.80,125.71,126.37,126.06,124.84,122.59,120.50,119.52,119.80,121.53,125.85,129.16,130.92,131.18,130.43,128.97,127.23,125.73,125.49,126.96,128.85,130.96,133.46,135.62,137.63,138.84,138.54,136.67,134.37,131.95,129.83,128.73,127.83,126.97,126.52,126.93,127.87,128.88,129.90,130.86,131.63,131.73,131.49,131.06,130.51,129.94,129.23,128.56,128.05,127.65,127.34,128.06,129.81,131.83,133.10,134.64,136.47,138.35,139.91,140.93,141.76,142.45,142.63,142.14,141.05,139.66,138.36,137.06,135.96,134.91,133.85,132.84,131.77,130.59,128.91,125.93,122.49,119.91,118.25,117.32,116.47,115.50,114.57,113.60,112.18,111.13,110.29,109.68,109.46,109.25,109.15,109.09,109.04,108.97,108.80,108.48,108.02,107.54,107.34,107.19,106.95,106.59,106.69,107.33,108.36,110.42
144.58,141.68,138.55,135.25,132.11,129.86,129.02,128.37,127.71,127.06,126.36,125.54,124.85,124.47,124.61,124.75,124.89,125.05,125.36,126.17,127.14,128.14,129.29,130.95,131.44,130.15,128.02,126.47,124.94,123.46,122.96,123.90,124.93,125.99,126.78,127.13,126.92,126.66,127.42,128.80,130.51,133.59,136.94,139.92,142.48,145.16,147.19,147.07,145.50,144.00,142.41,141.26,140.98,141.83,143.12,144.19,144.27,143.49,142.70,141.87,141.08,140.05,138.67,138.23,138.40,138.77,139.29,140.21,141.78,144.44,147.62,150.13,151.16,152.01,152.88,153.67,154.32,155.00,155.70,156.41,157.11,157.80,158.53,159.12,159.31,159.30,158.72,157.96,157.27,156.85,156.34,155.67,154.94,154.27,153.64,153.16,152.81,152.46,151.54,150.76,150.04,149.39,148.88,148.35,147.86,147.39,146.91,146.38,146.04,145.74,145.42,145.10,144.82,144.61,144.41,144.17,143.98,143.72,143.39,142.99,142.55,142.16,141.78,141.40,141.03,140.65,139.85,138.29,136.01,135.39,134.94,134.16,133.01,131.89,131.66,131.53,131.13,129.99,127.80,125.26,122.83,121.11,121.21,122.78,124.50,125.47,124.70,124.43,125.35,127.07,128.95,130.56,130.95,130.11,128.06,125.36,122.54,121.59,122.72,125.28,128.56,130.70,131.72,131.72,130.64,129.02,127.42,126.32,126.48,127.81,129.72,132.07,134.95,137.67,139.78,140.73,140.14,138.75,136.38,133.61,131.01,129.34,128.29,127.58,127.37,127.99,128.95,130.00,131.03,132.03,132.93,133.10,132.76,132.19,131.61,131.16,130.53,129.89,129.38,128.99,128.71,129.35,130.98,133.09,134.46,135.53,136.77,138.35,139.31,140.16,140.95,141.49,141.28,140.45,139.30,138.03,136.78,135.53,134.41,133.34,132.26,131.25,130.19,128.50,125.99,122.79,120.28,118.60,117.41,116.48,115.89,115.40,114.90,114.25,113.28,112.29,110.98,109.82,109.66,109.54,109.50,109.51,109.55,109.53,109.45,109.22,108.80,108.10,107.45,107.31,107.47,107.67,107.82,108.18,108.94,111.34
144.39,143.18,140.78,137.67,134.36,131.49,129.83,128.94,128.30,127.64,126.85,125.87,124.88,124.14,124.07,124.19,124.34,124.62,125.21,126.19,127.23,128.29,129.54,131.26,131.00,129.49,127.50,125.61,123.72,122.46,122.07,122.62,123.39,124.30,125.06,125.56,125.73,126.29,127.43,129.08,131.42,135.21,138.63,141.49,143.57,144.44,145.01,144.09,142.37,141.26,139.89,138.99,138.93,139.88,141.14,142.50,142.79,142.04,141.20,139.73,138.14,136.82,136.12,136.14,136.74,137.28,137.69,138.67,140.62,144.16,148.14,150.34,151.33,152.19,153.06,153.87,154.51,155.22,155.95,156.65,157.29,157.97,158.69,159.28,159.51,159.54,159.04,158.45,157.98,157.62,157.09,156.44,155.76,155.15,154.56,153.99,153.43,152.76,151.73,150.84,150.09,149.50,149.03,148.53,148.05,147.59,147.12,146.62,146.31,146.05,145.78,145.54,145.34,145.16,144.99,144.77,144.60,144.32,143.96,143.57,143.14,142.72,142.31,141.93,141.54,141.15,140.77,140.03,138.64,138.04,137.38,136.47,135.36,134.52,134.51,134.64,134.49,133.60,131.68,129.01,126.34,124.49,124.43,127.02,129.34,130.03,129.06,129.05,130.19,131.95,133.68,135.00,135.20,133.95,131.11,127.52,124.61,124.27,126.07,128.22,130.34,131.85,132.62,132.40,131.06,129.53,128.22,127.34,127.22,128.26,130.05,132.48,135.63,138.73,140.90,141.81,141.31,140.06,137.87,134.99,131.93,129.72,128.69,128.33,128.46,129.10,130.07,131.13,132.21,133.28,134.25,134.47,134.19,133.66,133.13,132.66,132.06,131.49,131.09,130.83,130.82,131.44,132.73,134.45,135.91,136.78,137.37,138.00,138.68,139.44,140.09,140.36,139.85,138.79,137.59,136.39,135.19,133.95,132.83,131.75,130.66,129.58,128.35,126.21,123.44,121.28,119.67,118.46,117.61,117.17,116.94,116.83,116.56,116.02,115.16,113.97,112.40,111.05,110.92,111.39,112.14,112.76,112.85,112.12,111.74,110.79,109.34,108.47,107.76,107.83,108.34,108.80,109.11,109.54,110.87,114.07
142.73,143.16,141.69,139.31,136.51,133.53,131.04,129.74,128.96,128.22,127.29,126.21,125.06,124.07,123.66,123.70,123.84,124.24,125.18,126.29,127.39,128.51,129.81,131.41,130.12,128.21,126.28,124.18,122.16,121.28,121.11,121.34,121.92,122.70,123.49,124.20,124.89,126.30,127.77,129.75,133.04,137.41,140.51,142.82,144.16,143.38,142.46,141.13,139.81,139.19,138.05,137.34,137.45,138.47,139.56,140.81,141.02,140.18,139.08,136.92,134.65,133.24,133.47,134.02,135.02,135.91,136.59,137.82,140.33,144.71,149.18,150.72,151.61,152.43,153.27,154.08,154.75,155.49,156.25,156.98,157.56,158.22,158.91,159.46,159.71,159.75,159.40,159.05,158.82,158.45,157.88,157.26,156.62,155.99,155.39,154.66,153.79,152.80,151.74,150.77,150.06,149.59,149.14,148.68,148.21,147.75,147.31,146.87,146.66,146.49,146.27,146.11,145.95,145.79,145.61,145.40,145.23,144.93,144.54,144.14,143.75,143.31,142.88,142.50,142.11,141.73,141.34,140.91,140.42,140.08,139.43,138.56,137.66,137.12,137.22,137.54,137.69,136.97,135.19,132.54,129.96,128.33,128.13,131.59,134.25,134.47,133.48,133.76,134.89,136.37,137.76,138.73,138.75,137.15,133.58,129.13,126.58,126.95,129.14,130.50,131.63,132.80,133.56,133.23,131.72,130.37,129.31,128.51,127.95,128.59,130.25,132.76,136.09,139.39,141.56,142.58,142.37,141.11,139.21,136.36,132.97,130.29,129.24,129.22,129.67,130.35,131.34,132.39,133.49,134.62,135.63,135.89,135.69,135.28,134.80,134.26,133.69,133.23,132.98,132.91,133.24,133.91,134.86,136.08,137.50,138.15,138.08,137.70,138.07,138.63,139.03,139.06,138.32,137.12,135.90,134.75,133.58,132.38,131.25,130.15,129.03,127.88,126.38,124.04,121.52,120.64,119.79,118.88,118.31,118.49,118.78,119.04,118.95,118.35,117.37,115.90,114.32,113.19,113.36,114.54,116.05,117.16,117.15,115.47,114.32,112.28,109.66,108.68,108.19,108.62,109.52,110.34,111.06,111.83,113.86,117.66
140.40,141.41,141.16,139.96,138.14,135.87,133.42,131.32,129.74,128.68,127.64,126.60,125.46,124.30,123.40,123.29,123.33,123.83,125.18,126.59,127.79,128.94,130.10,130.94,127.69,124.67,122.80,121.61,120.87,120.59,120.50,120.53,121.01,121.66,122.52,123.64,125.11,126.71,128.29,130.98,135.69,139.58,141.31,142.00,141.90,140.55,139.86,139.41,138.92,138.15,136.81,136.05,136.19,137.25,138.30,138.58,137.91,136.42,134.49,132.45,131.17,130.71,131.10,132.06,133.23,134.57,136.09,137.81,140.86,145.63,150.17,151.18,151.98,152.77,153.56,154.36,155.14,155.92,156.69,157.44,158.09,158.73,159.34,159.79,159.97,160.04,159.98,159.84,159.60,159.26,158.70,158.05,157.37,156.62,155.77,154.82,153.82,152.81,151.78,150.75,150.00,149.56,149.19,148.70,148.25,147.84,147.46,147.20,147.14,147.07,146.90,146.74,146.58,146.40,146.20,146.02,145.87,145.56,145.15,144.72,144.33,143.88,143.45,143.07,142.68,142.30,141.91,141.53,141.19,140.87,140.45,139.98,139.58,139.45,139.49,139.81,140.11,139.69,138.34,135.74,133.11,131.73,131.98,135.70,138.32,138.39,137.63,138.02,138.74,139.44,140.03,140.35,140.05,138.07,133.98,129.53,128.01,128.72,130.43,131.53,132.50,133.60,134.44,134.40,133.03,131.72,130.57,129.61,128.97,129.17,130.82,133.64,137.05,140.03,142.07,143.38,143.75,142.50,140.83,138.23,134.91,131.92,130.48,130.37,131.00,132.01,133.11,134.12,135.15,136.25,137.26,137.48,137.30,136.92,136.44,135.81,135.38,135.12,135.01,135.05,135.71,136.58,137.53,138.60,139.45,139.40,138.83,138.16,137.58,137.38,137.37,137.27,136.55,135.35,134.16,133.04,131.89,130.81,129.69,128.51,127.28,126.09,124.33,122.67,121.44,120.77,120.19,119.59,119.32,119.87,120.99,121.86,121.99,121.17,119.64,118.08,117.09,117.13,118.74,120.26,121.20,121.49,120.78,118.51,115.34,112.11,109.51,108.59,108.75,109.81,111.45,113.44,115.41,116.96,118.90,121.71
136.87,137.40,137.32,136.92,136.41,135.93,135.11,133.17,130.98,129.23,128.05,126.95,125.79,124.56,123.43,122.92,122.77,123.30,124.87,126.44,127.84,129.15,130.13,129.71,125.00,121.62,120.24,119.69,119.63,119.68,119.69,119.73,120.14,120.87,121.94,123.40,125.25,126.98,128.79,131.98,137.30,140.31,140.49,139.34,137.75,136.63,137.04,137.85,138.21,137.24,135.69,134.78,134.85,135.74,135.88,135.09,133.91,132.52,130.86,129.39,128.83,128.98,129.64,131.07,132.70,134.56,136.56,138.50,142.46,147.09,150.76,151.56,152.35,153.13,153.91,154.69,155.53,156.32,157.10,157.86,158.61,159.34,159.97,160.36,160.38,160.35,160.34,160.25,160.03,159.79,159.27,158.58,157.78,156.91,155.93,154.89,153.84,152.81,151.81,150.79,150.03,149.57,149.25,148.77,148.33,147.97,147.66,147.51,147.55,147.58,147.49,147.37,147.20,147.00,146.81,146.66,146.50,146.17,145.75,145.32,144.90,144.47,144.04,143.64,143.28,142.90,142.53,142.18,141.85,141.53,141.28,141.11,141.06,141.14,141.19,141.43,141.73,141.49,140.42,138.39,136.34,135.31,135.90,138.66,140.61,140.82,140.49,140.76,141.12,141.34,141.33,141.00,140.24,138.02,134.05,130.37,129.94,131.10,132.64,133.50,133.70,134.46,135.39,135.66,134.49,133.24,132.04,131.01,130.60,130.94,132.57,135.24,138.38,140.76,142.58,144.06,144.88,143.93,142.32,140.00,137.16,134.35,132.53,132.02,132.50,133.71,134.90,135.95,136.96,137.99,138.96,139.19,139.03,138.65,138.07,137.44,137.12,137.02,137.13,137.60,139.10,141.00,142.66,143.07,142.30,140.77,139.24,138.25,137.11,136.28,135.78,135.42,134.71,133.58,132.43,131.41,130.52,129.67,128.52,127.18,125.86,124.84,123.45,122.42,121.87,121.34,120.96,120.98,121.50,122.68,124.34,125.51,125.72,124.86,123.38,122.03,121.54,122.12,123.86,125.02,125.43,124.91,123.18,120.17,115.78,111.90,109.41,108.78,109.44,111.16,113.54,116.37,119.41,122.00,124.07,125.80
132.68,132.12,131.48,131.47,132.28,134.04,135.76,134.88,132.50,129.88,128.50,127.28,126.05,124.84,123.69,122.66,122.22,122.66,124.22,125.77,127.35,128.84,129.59,127.70,122.38,119.36,118.72,118.47,118.50,118.61,118.75,118.94,119.33,120.29,121.66,123.33,125.22,127.05,129.11,132.48,137.45,139.22,137.95,135.32,132.72,132.45,134.33,136.43,137.49,136.30,134.57,133.46,133.31,133.77,132.50,130.77,129.51,128.84,128.28,127.61,127.50,127.94,129.00,130.89,133.19,135.57,137.81,139.86,144.85,148.85,151.02,151.86,152.71,153.51,154.28,155.08,155.91,156.71,157.48,158.27,159.11,160.08,160.79,161.10,160.91,160.69,160.51,160.34,160.19,160.05,159.60,158.85,157.92,156.94,155.95,154.95,153.93,152.88,151.88,150.93,150.18,149.67,149.33,148.90,148.48,148.15,147.93,147.83,147.91,148.01,148.04,147.97,147.79,147.60,147.44,147.29,147.13,146.77,146.34,145.94,145.49,145.08,144.66,144.25,143.92,143.54,143.19,142.86,142.50,142.20,142.06,142.06,142.19,142.33,142.43,142.60,142.76,142.57,141.63,140.50,139.43,138.75,139.50,140.58,141.47,142.04,142.23,142.24,142.29,142.26,141.87,140.96,139.63,137.32,134.09,131.84,132.51,134.16,135.68,136.18,135.15,135.38,136.39,136.95,136.02,134.87,133.70,132.77,132.77,133.65,135.21,137.36,139.94,141.59,143.13,144.65,145.78,145.39,143.75,141.70,139.52,137.20,135.05,133.98,134.10,135.41,136.65,137.87,138.96,139.93,140.82,141.09,140.94,140.51,139.89,139.41,139.22,139.30,139.76,140.87,143.35,146.49,148.92,148.11,145.14,141.86,139.27,137.89,136.60,135.36,134.36,133.63,132.88,131.87,130.81,129.95,129.47,128.87,127.64,126.19,124.91,124.24,123.62,123.08,122.61,122.23,122.14,123.03,124.62,126.56,128.44,129.54,129.69,128.93,127.99,127.10,126.94,127.45,128.24,128.59,128.56,127.38,124.46,120.62,115.66,111.64,109.40,109.21,110.21,112.54,115.61,118.95,122.94,126.47,128.69,129.44
130.31,129.97,129.62,129.67,130.25,131.59,133.76,134.59,133.42,130.56,128.85,127.57,126.39,125.19,123.99,122.85,122.00,121.91,122.97,124.11,125.17,126.27,126.69,124.30,120.71,118.73,118.20,117.92,117.94,118.08,118.27,118.53,118.89,119.91,121.41,123.17,124.95,126.64,128.47,131.00,134.04,133.82,132.42,131.18,130.80,131.69,133.66,135.66,136.58,135.03,133.27,131.88,130.98,130.38,129.04,127.54,126.72,126.58,126.38,126.07,126.55,127.60,128.92,130.83,133.46,136.33,139.25,142.41,147.03,150.01,151.28,152.13,152.98,153.81,154.63,155.45,156.29,157.09,157.88,158.70,159.57,161.12,161.81,161.82,161.61,161.30,160.86,160.50,160.30,160.11,159.72,158.98,158.01,157.06,156.14,155.23,154.31,153.37,152.42,151.48,150.65,149.98,149.53,149.15,148.80,148.51,148.34,148.25,148.28,148.34,148.42,148.47,148.38,148.23,148.08,147.92,147.72,147.38,146.96,146.52,146.10,145.67,145.30,144.97,144.61,144.23,143.86,143.51,143.21,143.11,143.10,143.17,143.33,143.48,143.62,143.77,143.88,143.66,142.81,141.83,140.89,140.24,140.69,141.38,142.11,142.84,143.44,143.42,143.01,142.41,141.67,140.64,138.77,136.63,134.92,134.73,136.38,137.85,138.41,137.73,136.25,136.33,137.28,137.94,137.52,136.51,135.54,135.00,135.26,136.30,137.75,139.41,141.14,142.58,143.98,145.40,146.62,146.83,145.40,143.44,141.31,138.98,136.63,135.46,135.62,137.01,138.35,140.02,141.51,142.64,143.55,143.66,143.31,142.96,143.11,143.36,143.49,144.03,145.30,146.73,148.36,149.61,149.61,146.75,143.08,140.35,138.49,137.10,135.86,134.61,133.46,132.45,131.47,130.57,129.81,129.24,128.78,127.94,126.71,125.68,125.19,124.92,124.47,123.96,123.47,123.18,124.14,125.78,127.72,129.75,131.49,132.00,131.73,131.03,130.52,130.01,129.86,130.04,130.31,130.40,130.02,128.35,124.82,120.34,114.36,110.49,109.41,109.50,110.92,113.61,116.98,120.81,126.27,128.89,129.90,130.18
128.85,128.74,128.66,128.72,129.00,129.75,131.62,133.56,133.72,131.47,129.59,128.24,127.03,125.76,124.41,123.11,121.98,121.38,121.67,122.13,122.57,123.21,123.47,121.46,119.61,118.49,117.93,117.55,117.48,117.58,117.85,118.26,118.64,119.65,121.06,122.63,124.12,125.61,127.14,128.81,130.23,129.52,128.94,129.29,130.63,132.15,133.69,134.92,135.16,133.37,131.52,129.82,128.32,127.05,125.82,124.77,124.40,124.62,124.74,125.06,126.17,127.66,129.12,131.04,133.82,136.98,140.44,144.48,148.51,150.71,151.53,152.36,153.22,154.07,154.88,155.67,156.45,157.28,158.13,158.99,159.95,161.87,162.68,162.64,162.47,162.01,161.26,160.69,160.44,160.18,159.75,159.00,158.03,157.11,156.23,155.36,154.51,153.67,152.79,151.91,151.07,150.31,149.75,149.39,149.11,148.88,148.76,148.69,148.67,148.70,148.77,148.89,148.90,148.82,148.71,148.54,148.31,147.97,147.55,147.10,146.69,146.31,146.00,145.72,145.34,144.95,144.56,144.20,143.94,144.07,144.21,144.34,144.50,144.65,144.81,144.96,145.03,144.76,143.92,142.93,141.95,141.24,141.36,141.97,142.73,143.56,144.38,144.26,143.48,142.42,141.37,140.23,138.31,136.79,136.56,137.69,139.67,140.66,140.28,138.75,137.25,137.33,138.23,138.94,138.97,138.26,137.59,137.36,137.71,138.64,139.86,141.13,142.28,143.61,144.96,146.32,147.56,148.18,147.10,145.20,142.87,140.25,137.77,136.74,137.11,138.69,140.49,142.63,144.41,145.58,146.47,146.57,146.25,146.10,146.70,147.34,147.73,148.54,149.99,150.85,151.17,149.81,146.93,143.61,140.47,138.63,137.46,136.20,135.03,133.86,132.73,131.64,130.58,129.72,129.11,128.65,128.16,127.27,126.35,125.83,125.90,125.88,125.46,124.92,124.53,124.81,126.69,128.86,130.95,132.84,134.20,134.08,133.35,132.62,132.37,132.01,131.81,131.72,131.58,131.34,130.57,128.48,124.46,119.44,113.39,109.97,109.53,109.77,111.56,114.40,117.83,121.93,127.99,129.94,130.23,130.34
128.31,128.11,128.00,128.04,128.32,129.02,129.99,131.95,133.22,132.66,130.90,129.49,128.13,126.64,125.00,123.36,122.16,121.23,120.45,120.00,119.87,120.12,120.47,119.92,119.09,118.36,117.77,117.28,116.99,117.02,117.41,118.06,118.55,119.52,120.57,121.56,122.57,123.87,125.14,126.21,127.03,128.22,129.50,130.85,132.25,133.47,134.17,134.00,132.99,131.17,129.16,127.10,125.39,124.20,123.02,122.41,122.36,122.73,123.38,124.84,126.55,128.15,129.60,131.64,134.39,137.55,141.15,145.43,148.94,150.88,151.76,152.55,153.44,154.26,154.98,155.62,156.22,157.16,158.11,159.03,160.22,162.09,163.22,163.60,163.48,162.78,161.71,160.92,160.62,160.30,159.71,158.90,157.96,157.04,156.13,155.22,154.35,153.57,152.78,152.04,151.31,150.61,149.96,149.59,149.36,149.22,149.14,149.12,149.12,149.12,149.15,149.23,149.29,149.34,149.34,149.17,148.90,148.54,148.12,147.66,147.22,147.01,146.80,146.49,146.10,145.71,145.32,144.94,144.68,145.06,145.35,145.54,145.70,145.85,146.01,146.16,146.20,145.84,144.96,143.91,142.87,142.04,141.93,142.56,143.39,144.25,145.06,144.70,143.69,142.42,141.16,139.83,138.59,138.26,139.20,140.31,141.69,141.93,140.90,139.31,138.17,138.42,139.32,140.09,140.39,140.18,139.90,139.78,139.98,140.52,141.37,142.37,143.43,144.66,146.04,147.43,148.66,149.39,148.78,146.97,144.24,141.07,138.53,137.87,138.65,140.53,143.34,145.87,147.64,148.63,149.40,149.74,149.90,150.08,150.44,150.75,151.25,151.94,152.44,151.45,150.30,146.25,140.88,139.69,138.45,137.34,136.33,135.31,134.17,133.11,132.14,131.26,130.36,129.46,128.70,128.08,127.58,127.09,126.88,126.84,126.91,126.90,126.47,125.94,125.90,127.44,129.84,132.24,134.35,135.91,136.68,136.00,134.89,133.98,133.74,133.24,132.94,132.75,132.27,131.40,130.18,127.71,123.25,117.84,113.31,110.66,109.81,110.09,112.10,114.86,118.11,122.10,127.30,129.51,130.21,130.41
128.73,128.50,128.33,127.93,127.62,128.00,128.89,130.55,132.08,132.64,131.75,130.50,129.11,127.52,125.55,123.60,121.97,120.62,119.53,119.00,118.89,118.99,119.14,119.02,118.60,118.08,117.53,116.98,116.64,116.76,117.22,117.89,118.47,119.62,120.84,121.97,123.13,124.48,125.80,127.02,128.13,129.26,130.52,131.88,133.09,133.48,133.13,132.16,130.64,128.50,126.34,124.20,122.54,121.62,120.91,120.69,120.98,121.78,123.16,125.06,126.95,128.69,130.36,132.43,135.10,137.86,140.77,144.69,148.57,150.84,151.76,152.38,153.03,153.73,154.41,155.02,155.58,156.47,157.59,158.86,160.37,162.25,163.49,164.07,164.12,163.35,162.17,161.24,160.75,160.29,159.59,158.73,157.82,156.98,156.17,155.33,154.53,153.80,153.07,152.36,151.65,150.92,150.25,149.81,149.61,149.55,149.52,149.55,149.56,149.54,149.52,149.56,149.69,149.85,149.96,149.88,149.51,149.08,148.65,148.24,147.86,147.74,147.57,147.25,146.86,146.44,146.04,145.66,145.44,145.88,146.28,146.60,146.85,147.00,147.16,147.29,147.31,146.96,146.03,144.97,143.90,142.97,142.60,143.18,144.05,144.94,145.70,145.22,144.13,142.86,141.71,140.56,139.83,139.95,141.04,142.16,143.27,143.29,142.19,140.64,139.54,139.69,140.63,141.75,142.21,142.22,142.05,141.86,141.87,142.05,142.69,143.63,144.66,145.80,147.06,148.40,149.74,150.78,150.24,148.33,145.46,142.27,139.81,139.40,140.68,143.29,146.42,148.74,150.22,150.98,151.44,151.84,152.18,152.50,152.81,153.12,152.94,152.42,151.50,149.65,147.11,143.31,139.47,138.68,137.85,136.95,136.00,134.97,133.83,132.94,132.17,131.41,130.56,129.65,128.79,128.12,127.84,127.71,127.76,127.86,127.91,127.87,127.44,127.19,127.66,129.69,132.74,135.60,137.68,138.51,138.55,137.67,136.50,135.47,135.02,134.41,133.77,133.06,132.17,131.05,129.13,126.14,122.00,117.61,113.93,111.50,110.58,111.43,113.16,115.56,118.51,122.17,126.84,129.24,130.20,130.43
130.87,130.37,129.32,128.14,127.20,127.01,127.86,129.24,130.81,132.14,132.17,131.23,129.93,128.30,126.06,123.86,121.79,120.05,118.94,118.58,118.55,118.53,118.45,118.41,118.16,117.78,117.28,116.72,116.39,116.65,117.19,117.83,118.56,119.92,121.41,122.84,124.26,125.75,127.20,128.65,130.03,130.70,131.47,132.43,133.23,132.80,131.53,129.97,128.11,125.67,123.48,121.56,120.17,119.54,119.33,119.47,120.09,121.30,123.29,125.36,127.31,129.19,131.11,133.11,135.55,137.78,139.90,143.16,147.50,150.33,151.53,151.97,152.33,152.89,153.54,154.15,154.70,155.55,156.85,158.56,160.45,162.31,163.54,164.25,164.48,163.84,162.68,161.59,160.83,160.22,159.44,158.56,157.68,156.93,156.24,155.50,154.77,154.09,153.40,152.71,151.99,151.27,150.66,150.19,150.01,149.99,150.01,150.10,150.12,150.08,150.04,150.09,150.30,150.54,150.74,150.72,150.23,149.68,149.20,148.83,148.56,148.49,148.32,147.99,147.60,147.15,146.73,146.37,146.19,146.62,147.11,147.56,147.92,148.12,148.30,148.41,148.40,148.07,147.12,146.04,144.95,143.91,143.28,143.79,144.68,145.59,146.35,145.84,144.76,143.57,142.60,141.74,141.38,141.65,142.55,143.68,144.69,144.76,143.83,142.36,141.25,141.23,142.12,143.52,144.14,144.29,144.15,143.86,143.69,143.54,143.98,144.89,145.90,146.96,148.09,149.38,150.84,152.18,151.59,149.58,146.73,143.80,141.59,141.41,143.05,146.13,149.31,151.29,152.48,153.09,153.22,153.60,154.02,154.34,154.41,154.29,153.17,151.42,149.32,146.98,143.77,141.15,139.53,138.67,137.78,136.89,135.93,134.82,133.66,132.91,132.28,131.62,130.81,129.95,129.09,128.47,128.43,128.55,128.70,128.87,129.01,129.04,128.65,128.58,129.33,131.51,135.03,138.22,140.20,140.39,139.91,138.99,137.87,136.73,135.90,135.14,134.18,133.03,131.82,130.57,127.99,124.52,120.77,117.65,114.54,112.30,111.58,113.02,114.47,116.48,119.09,122.42,126.62,129.09,130.21,130.45
137.48,135.84,131.48,128.82,127.67,126.39,126.63,128.02,129.75,131.21,131.71,131.30,130.35,128.85,126.51,124.21,121.92,120.05,119.13,118.97,118.70,118.40,118.19,118.10,117.89,117.55,117.11,116.59,116.36,116.75,117.39,118.09,119.17,120.62,122.18,123.75,125.33,126.97,128.53,129.79,130.57,131.30,131.77,132.00,131.91,131.18,129.58,127.52,125.19,122.74,120.88,119.82,119.16,118.73,118.77,119.24,120.12,121.48,123.48,125.51,127.50,129.51,131.56,133.31,135.06,136.78,138.52,140.69,144.95,148.58,150.71,151.13,151.32,151.72,152.29,152.94,153.44,154.32,155.89,158.09,160.41,162.06,163.20,163.95,164.32,164.25,163.29,162.01,160.82,160.07,159.29,158.46,157.64,156.93,156.28,155.60,154.92,154.28,153.64,152.96,152.29,151.71,151.38,151.09,150.87,150.76,150.84,151.03,150.99,150.94,151.03,151.25,151.54,151.83,152.04,151.92,151.24,150.47,149.82,149.44,149.33,149.27,149.06,148.69,148.30,147.85,147.43,147.09,146.94,147.33,147.84,148.36,148.83,149.17,149.41,149.52,149.46,149.09,148.18,147.12,145.97,144.77,143.85,144.33,145.25,146.19,147.04,146.67,145.76,144.73,143.84,143.28,143.03,143.15,143.78,144.90,146.06,146.47,145.94,144.58,143.65,143.41,143.93,145.17,146.03,146.32,146.22,145.88,145.64,145.24,145.39,146.09,147.09,148.11,149.24,150.52,152.02,153.53,152.78,150.81,148.33,145.99,144.44,144.54,145.97,148.45,151.39,153.21,154.41,155.11,154.99,155.27,155.70,155.81,154.89,152.75,150.53,148.44,146.34,143.76,142.00,140.82,139.95,139.09,138.09,137.01,135.91,134.75,133.54,132.78,132.16,131.53,130.86,130.18,129.61,129.24,129.24,129.38,129.53,129.85,130.39,130.84,130.66,130.27,130.39,132.41,135.75,138.59,140.28,140.49,140.19,139.42,138.42,137.20,135.62,134.54,133.54,132.50,131.41,130.09,127.18,123.38,119.65,117.28,114.52,112.84,112.86,114.47,116.11,117.85,120.10,123.34,126.92,129.14,130.23,130.51
140.07,138.81,135.54,131.66,128.25,126.32,125.43,126.54,128.40,130.05,130.93,130.97,130.35,129.00,126.69,124.31,122.15,120.48,119.64,119.46,119.06,118.65,118.38,118.22,117.95,117.58,117.19,116.88,116.84,117.19,117.72,118.40,119.63,121.13,122.72,124.29,125.82,127.32,128.78,129.96,130.66,131.19,131.38,131.18,130.51,129.14,127.22,124.94,122.62,120.67,119.28,118.58,118.22,118.07,118.45,119.16,120.26,121.79,123.76,125.76,127.71,129.51,131.09,132.65,134.14,135.66,137.32,139.38,143.18,146.91,149.38,149.52,149.72,150.10,150.57,151.02,151.40,152.16,153.84,156.42,159.19,161.16,162.49,163.36,163.81,164.02,163.44,162.15,160.55,159.90,159.32,158.63,157.88,157.22,156.56,155.90,155.26,154.64,153.99,153.38,152.83,152.40,152.17,152.00,151.84,151.76,151.80,151.97,151.96,152.00,152.23,152.53,152.84,153.15,153.29,152.90,152.09,151.30,150.70,150.44,150.46,150.37,149.96,149.34,148.92,148.49,148.09,147.76,147.65,148.03,148.55,149.11,149.69,150.28,150.70,150.88,150.81,150.35,149.25,148.05,146.81,145.50,144.41,144.86,145.80,146.77,147.67,147.62,146.89,145.96,145.22,144.87,144.64,144.59,144.98,146.17,147.44,148.08,147.91,146.91,146.10,145.70,145.94,146.98,148.00,148.33,148.25,147.90,147.46,146.87,146.76,147.23,148.20,149.31,150.62,152.08,153.63,155.03,154.33,152.51,150.34,148.55,147.46,147.90,149.37,151.40,153.74,155.39,156.50,157.01,156.76,156.98,156.04,154.25,152.53,150.19,148.12,146.20,144.29,142.51,141.55,140.84,140.09,139.20,138.15,137.02,135.86,134.69,133.46,132.64,131.99,131.39,130.85,130.56,130.52,130.69,131.06,131.55,132.00,132.56,133.33,133.95,133.68,132.81,132.13,133.21,136.04,138.67,140.34,140.63,140.37,139.65,138.50,136.88,134.87,133.52,132.52,131.71,130.93,129.27,125.80,121.87,118.68,116.62,114.27,113.25,113.94,115.70,117.39,119.18,121.43,124.44,127.65,129.46,130.32,130.62
140.49,140.18,139.74,134.97,128.78,126.53,124.44,125.06,126.89,128.65,129.75,130.01,129.52,128.29,126.18,124.08,122.44,121.22,120.44,120.24,119.63,119.09,118.79,118.55,118.21,117.79,117.44,117.40,117.57,117.83,118.16,118.75,120.00,121.52,123.07,124.57,125.94,127.22,128.46,129.56,130.30,130.61,130.53,130.04,128.92,126.88,124.68,122.42,120.42,119.16,118.21,117.63,117.40,117.62,118.35,119.26,120.56,122.26,124.17,126.10,127.86,129.26,130.19,131.53,132.98,134.54,136.36,138.81,142.03,145.26,147.41,147.05,147.25,147.71,148.18,148.52,148.89,149.61,151.34,154.12,157.31,159.83,161.54,162.58,163.06,163.33,163.07,161.90,160.14,159.73,159.41,158.91,158.27,157.65,156.97,156.32,155.70,155.06,154.41,153.92,153.53,153.23,153.00,152.91,152.88,152.85,152.82,152.96,153.01,153.19,153.55,153.87,154.18,154.46,154.47,153.76,152.87,152.19,151.79,151.69,151.81,151.66,151.02,150.08,149.54,149.10,148.72,148.41,148.35,148.72,149.27,149.87,150.54,151.40,152.03,152.35,152.30,151.63,150.19,148.81,147.50,146.15,144.95,145.38,146.34,147.34,148.29,148.57,148.06,147.22,146.67,146.42,146.15,145.96,146.19,147.44,148.79,149.64,149.81,149.22,148.51,148.02,148.06,148.88,149.92,150.22,150.11,149.77,149.13,148.47,148.21,148.47,149.38,150.62,152.18,153.85,155.45,156.63,156.10,154.64,152.92,151.72,151.04,151.73,153.17,154.74,156.30,157.69,158.55,158.67,158.05,157.67,154.93,151.13,149.00,147.37,146.05,144.61,143.04,142.31,141.69,140.91,139.98,139.02,137.97,136.87,135.73,134.58,133.39,132.50,131.86,131.41,131.10,131.29,131.83,132.58,133.47,134.45,135.28,136.08,136.92,137.50,136.99,135.66,134.18,133.99,136.18,138.64,140.35,140.74,140.50,139.74,138.31,136.19,133.93,132.32,131.28,130.68,130.18,128.02,124.08,120.27,117.82,115.87,114.01,113.66,114.94,116.81,118.53,120.57,122.97,125.72,128.58,129.89,130.46,130.76
140.37,140.25,140.14,135.32,128.92,126.69,124.34,124.21,125.32,126.72,127.55,127.08,125.93,124.50,123.19,122.93,122.78,122.39,121.83,122.07,120.67,119.47,119.17,118.93,118.57,118.18,117.90,118.00,118.22,118.52,118.80,119.19,120.38,121.76,123.16,124.52,125.80,126.99,128.14,128.88,128.97,129.49,129.28,128.31,126.64,124.59,122.30,120.40,119.04,118.16,117.30,116.79,116.91,117.78,118.77,119.91,121.40,123.19,124.99,126.52,127.69,128.62,129.46,130.39,131.72,133.58,136.04,138.94,141.85,143.55,143.72,142.49,142.17,142.84,143.91,145.01,146.05,147.40,149.28,151.83,155.06,158.11,160.32,161.61,161.97,161.97,161.38,160.56,159.82,159.54,159.32,159.05,158.66,158.08,157.41,156.77,156.12,155.49,154.99,154.64,154.34,154.05,153.84,153.87,153.89,153.89,153.89,154.03,154.22,154.51,154.89,155.25,155.57,155.68,155.41,154.55,153.63,153.23,153.16,153.23,153.32,153.12,152.42,151.32,150.36,149.73,149.35,149.12,149.08,149.39,150.07,150.82,151.52,152.39,153.21,153.76,153.73,152.49,150.59,149.14,147.94,146.68,145.51,145.98,146.97,147.97,148.92,149.27,149.00,148.48,148.08,147.71,147.38,147.24,147.52,148.59,150.08,151.21,151.67,151.18,150.68,150.28,150.25,150.81,151.56,151.60,151.32,150.90,150.40,150.23,150.10,150.24,151.15,152.41,153.96,155.63,157.21,158.27,158.10,157.61,157.15,156.84,156.72,157.10,157.77,158.47,159.23,159.85,160.09,159.49,157.18,153.63,150.40,148.02,146.75,145.75,144.93,144.12,143.25,142.36,141.41,140.41,139.36,138.29,137.30,136.31,135.31,134.30,133.28,132.37,132.03,132.33,132.72,133.30,134.01,134.91,136.15,137.46,138.40,139.19,139.89,140.02,139.34,137.92,136.09,134.88,136.59,138.72,140.21,140.58,140.61,139.69,137.96,135.59,133.20,131.23,129.94,129.21,128.47,125.65,122.14,119.13,117.16,115.39,114.15,114.44,116.08,117.88,119.88,122.21,124.77,127.32,129.40,130.25,130.64,130.93
136.83,136.72,136.53,132.85,127.92,125.88,123.69,123.07,123.47,124.31,124.87,123.71,122.16,120.99,120.84,121.77,122.60,122.96,122.84,122.89,121.30,119.94,119.54,119.31,118.95,118.61,118.43,118.59,118.79,119.07,119.34,119.70,120.73,121.95,123.22,124.47,125.66,126.66,127.51,127.81,127.33,127.62,127.26,126.06,124.19,122.32,120.39,118.91,117.86,117.05,116.31,116.23,116.85,118.07,119.24,120.53,122.15,123.88,125.10,125.91,126.53,127.23,128.16,129.04,130.61,132.85,135.65,138.57,141.11,141.73,140.71,139.12,138.70,139.46,140.75,142.18,143.76,145.56,147.60,150.00,153.07,156.15,158.75,160.46,160.83,160.63,160.11,159.72,159.57,159.36,159.18,159.02,158.79,158.36,157.81,157.20,156.61,156.07,155.69,155.43,155.16,154.88,154.72,154.82,154.88,154.88,154.91,155.09,155.50,155.95,156.35,156.73,157.00,156.87,156.31,155.39,154.57,154.46,154.66,154.79,154.85,154.59,153.84,152.69,151.61,150.87,150.38,150.12,150.10,150.43,151.24,152.15,152.97,153.80,154.65,155.19,154.92,152.92,150.72,149.27,148.16,147.03,146.16,146.71,147.70,148.70,149.64,150.17,150.11,149.72,149.33,148.90,148.61,148.56,148.92,149.92,151.44,152.80,153.53,153.18,152.86,152.57,152.48,152.76,153.16,153.16,152.98,152.73,152.52,152.67,152.72,152.85,153.58,154.77,156.23,157.70,158.98,159.91,160.11,160.25,160.49,160.64,160.77,160.92,161.02,161.00,161.00,160.81,159.34,156.57,154.00,150.19,147.67,146.46,145.75,145.16,144.65,144.05,143.21,142.03,140.83,139.70,138.63,137.54,136.56,135.63,134.70,133.82,133.18,132.53,132.53,133.30,134.13,134.98,135.84,136.84,138.17,139.65,140.56,141.14,141.51,141.32,140.65,139.40,137.68,136.08,137.13,138.81,140.08,140.48,140.66,139.75,137.88,135.29,132.74,130.36,128.64,127.51,126.37,123.26,120.48,118.30,116.59,115.00,114.52,115.31,117.01,118.79,121.47,124.22,126.74,128.77,130.03,130.56,130.87,131.11
130.31,130.16,129.77,128.10,125.80,124.09,122.39,121.64,121.47,121.63,121.91,120.24,118.64,118.13,119.28,120.64,121.84,122.82,123.32,122.68,121.57,120.58,119.96,119.73,119.35,119.08,119.00,119.15,119.30,119.47,119.76,120.27,121.07,122.14,123.28,124.44,125.50,126.17,126.52,126.33,125.48,125.12,124.56,123.41,121.71,120.18,118.96,117.85,116.77,115.81,115.33,116.00,117.19,118.44,119.70,121.06,122.68,124.17,124.41,124.24,124.44,125.14,126.32,127.55,129.71,132.34,135.11,137.68,139.66,139.80,138.53,137.18,137.10,137.86,138.94,140.20,142.06,144.09,146.25,148.62,151.42,154.10,156.95,159.17,159.69,159.41,159.39,159.44,159.37,159.22,159.01,158.83,158.66,158.45,158.13,157.64,157.16,156.82,156.51,156.25,155.99,155.72,155.65,155.77,155.84,155.84,155.88,156.13,156.78,157.45,157.92,158.31,158.43,158.02,157.19,156.30,155.69,155.85,156.23,156.37,156.38,156.03,155.24,154.15,153.27,152.49,151.84,151.41,151.39,151.85,152.77,153.83,154.82,155.63,156.37,156.66,155.88,153.10,150.71,149.25,148.22,147.26,146.89,147.53,148.49,149.47,150.40,151.23,151.35,150.96,150.46,150.07,149.93,150.03,150.49,151.54,152.98,154.43,155.42,155.24,155.05,154.82,154.66,154.69,154.73,154.86,155.03,155.20,155.38,155.62,155.84,156.07,156.49,157.53,158.83,159.93,160.65,161.40,161.91,162.27,162.52,162.66,162.71,162.72,162.56,162.05,161.28,160.22,156.36,150.64,149.27,148.08,147.15,146.46,145.87,145.47,145.03,144.17,142.73,141.31,139.99,138.84,137.83,136.81,135.81,134.89,134.02,133.29,133.18,133.04,133.32,134.15,135.13,136.10,137.12,138.20,139.41,140.89,141.67,141.93,141.88,141.54,141.02,140.16,138.92,137.56,137.80,138.91,140.01,140.49,140.68,139.94,138.08,135.28,132.51,129.73,127.43,125.64,124.02,121.09,119.16,117.70,116.14,114.81,115.16,116.29,117.77,119.67,123.33,126.52,128.74,129.95,130.48,130.82,131.11,131.28
126.73,126.62,126.01,124.73,123.17,121.90,121.08,120.70,120.44,120.12,119.51,117.94,116.43,115.73,116.73,118.89,120.67,121.99,122.98,123.34,122.73,121.89,121.17,120.59,119.91,119.55,119.50,119.61,119.67,119.83,120.21,120.88,121.64,122.36,123.25,124.20,124.75,125.11,125.09,124.62,123.65,122.87,122.02,120.99,119.81,118.69,117.73,116.70,115.59,114.77,115.25,116.44,117.79,119.04,120.15,121.40,122.69,123.58,123.10,122.40,122.33,123.08,124.72,126.48,129.17,131.98,134.54,136.91,137.86,137.46,136.28,135.25,135.75,136.72,137.80,139.01,140.63,142.72,145.03,147.47,150.17,153.01,155.98,158.28,158.82,158.32,158.42,158.79,159.07,159.03,158.86,158.67,158.48,158.32,158.11,157.96,157.82,157.63,157.33,157.08,156.81,156.56,156.55,156.75,156.84,156.84,156.86,157.02,157.75,158.64,159.41,159.90,159.67,158.96,158.03,157.17,156.80,157.20,157.74,157.94,157.91,157.48,156.71,155.78,154.97,154.19,153.46,152.88,152.71,153.31,154.29,155.39,156.48,157.44,158.22,158.18,156.93,154.08,151.06,149.38,148.43,147.62,147.46,148.11,148.99,149.88,150.85,151.87,152.35,152.28,151.83,151.58,151.86,152.38,153.05,154.11,155.38,156.56,157.32,157.16,156.93,156.60,156.28,156.05,155.79,155.83,156.08,156.45,156.82,157.22,157.64,158.05,158.50,159.21,160.13,160.88,161.31,161.68,162.11,162.36,162.46,162.51,162.13,161.79,161.44,160.76,159.20,156.47,152.86,149.38,148.46,147.79,147.24,146.77,146.32,145.80,144.86,143.53,141.93,140.45,139.10,138.00,137.06,136.01,135.00,134.39,134.07,133.91,133.96,133.85,133.96,134.53,135.50,136.51,137.56,138.60,139.60,140.98,141.78,142.07,141.95,141.67,141.29,140.70,139.85,138.82,138.64,139.30,140.16,140.64,140.84,140.13,138.26,135.36,132.48,129.55,126.59,123.88,121.85,119.76,118.27,117.02,115.93,115.76,116.55,117.66,119.12,121.69,125.72,128.44,129.84,130.52,130.87,131.18,131.31,131.17
124.53,124.10,123.23,122.03,120.78,119.91,119.60,119.44,119.16,118.56,117.37,115.94,114.53,113.57,114.05,116.68,119.05,120.82,122.17,123.30,123.25,122.83,122.38,121.75,120.77,120.09,119.86,120.01,120.13,120.38,120.84,121.56,122.25,122.53,122.98,123.57,123.74,123.89,123.57,122.85,121.87,120.96,119.98,119.05,118.22,117.38,116.53,115.53,114.52,114.04,115.28,116.81,118.29,119.59,120.56,121.61,122.41,122.58,121.70,120.76,120.48,121.16,123.07,125.68,128.92,131.82,134.06,135.84,135.78,134.95,133.98,133.50,134.48,135.65,136.81,138.04,139.47,141.60,144.05,146.63,149.34,152.31,155.36,157.59,157.93,157.22,157.38,157.97,158.56,158.71,158.67,158.50,158.29,158.14,157.98,158.08,158.23,158.26,158.10,157.88,157.62,157.41,157.45,157.71,157.83,157.84,157.86,157.94,158.70,159.79,160.89,161.63,161.03,159.94,158.81,158.02,157.89,158.77,159.74,160.00,159.73,159.06,158.22,157.36,156.56,155.79,155.02,154.33,154.01,154.71,155.71,156.81,157.94,159.03,159.95,159.80,158.30,155.31,151.65,149.67,148.70,148.03,148.00,148.60,149.38,150.22,151.27,152.43,153.28,153.60,153.26,153.24,153.76,154.58,155.55,156.68,157.75,158.59,159.04,158.84,158.55,158.14,157.70,157.28,156.83,156.69,156.82,157.17,157.56,158.00,158.50,159.03,159.56,159.98,160.51,160.96,161.17,161.25,161.50,161.62,161.59,161.57,160.99,160.49,160.10,159.44,157.42,153.55,150.52,149.24,148.57,148.02,147.58,147.17,146.61,145.74,144.32,142.67,141.04,139.58,138.25,137.17,136.28,135.39,134.66,134.44,134.57,134.82,134.86,134.70,134.63,134.89,135.79,136.77,137.75,138.67,139.49,140.69,141.66,142.12,141.99,141.74,141.45,141.04,140.49,139.84,139.54,139.88,140.48,140.90,141.04,140.30,138.44,135.55,132.63,129.55,125.87,122.31,120.23,118.89,117.65,116.63,116.27,117.04,118.18,119.62,121.59,124.60,128.02,129.86,130.56,130.93,131.24,131.41,131.31,130.95
123.81,122.33,121.11,120.01,119.06,118.44,117.83,117.40,117.01,116.45,115.48,114.06,112.71,111.70,111.55,113.86,116.74,119.21,120.73,121.60,122.20,122.78,123.28,123.29,122.13,120.80,120.00,120.34,120.79,121.27,121.80,122.36,122.83,122.58,122.30,122.27,122.46,122.57,122.02,121.09,120.21,119.56,118.79,117.91,116.96,116.11,115.31,114.39,113.65,113.81,115.15,116.82,118.49,119.95,120.92,121.67,121.75,121.16,120.37,119.56,119.16,119.50,121.27,125.23,129.03,131.97,133.71,134.18,133.34,132.26,131.62,132.09,133.26,134.55,135.84,137.17,138.70,140.89,143.48,146.29,149.12,152.00,155.04,157.10,156.86,156.09,156.35,157.03,157.69,158.20,158.39,158.31,158.10,157.95,157.79,157.86,158.13,158.54,158.77,158.64,158.40,158.25,158.38,158.67,158.78,158.81,158.87,158.95,159.76,161.01,162.44,163.59,162.71,161.08,159.55,158.87,158.96,160.78,162.62,162.94,162.08,160.88,159.75,158.80,157.96,157.18,156.41,155.69,155.29,155.97,156.94,157.99,159.09,160.24,161.40,161.58,160.23,156.67,152.56,150.16,149.00,148.48,148.55,149.03,149.70,150.57,151.76,152.98,154.15,154.86,154.73,154.99,155.36,156.16,157.51,158.82,159.71,160.24,160.41,160.12,159.81,159.40,158.94,158.49,158.03,157.63,157.40,157.39,157.58,157.79,158.16,158.66,159.16,159.45,159.70,159.88,159.98,160.00,160.05,160.07,160.06,160.05,159.83,159.61,159.43,159.00,157.13,153.44,150.55,149.34,148.82,148.49,148.18,147.62,146.47,144.98,143.33,141.70,140.16,138.75,137.47,136.37,135.53,135.16,135.24,135.43,135.64,135.81,135.67,135.50,135.36,135.43,136.14,137.04,137.84,138.53,139.26,140.16,141.47,142.27,142.05,141.75,141.45,141.08,140.72,140.48,140.45,140.70,141.05,141.28,141.26,140.45,138.62,135.87,133.03,129.69,125.26,121.08,119.56,118.55,117.37,116.83,117.51,118.48,119.97,122.54,125.89,128.67,129.92,130.53,130.94,131.30,131.56,131.37,131.00,130.63
126.57,124.68,122.01,119.95,118.66,117.86,117.09,115.95,114.94,114.29,113.47,112.23,111.09,110.31,110.15,111.33,113.02,114.92,116.88,118.26,119.84,121.33,122.56,123.58,123.06,121.91,121.04,121.31,121.81,122.36,122.70,122.71,122.57,122.00,121.50,121.26,121.22,121.08,120.54,119.77,119.07,118.50,117.76,116.86,115.88,114.99,114.13,113.28,112.84,113.58,114.87,116.56,118.28,119.74,120.63,121.06,120.86,120.14,119.33,118.52,118.22,118.65,120.54,125.47,129.32,131.81,132.93,132.66,131.55,130.43,129.95,130.81,132.09,133.65,135.33,137.03,138.61,140.81,143.55,146.61,149.59,152.59,155.00,156.23,155.76,155.06,155.41,156.11,156.76,157.41,157.84,158.00,157.95,157.76,157.60,157.63,157.91,158.43,158.86,159.03,159.07,159.09,159.33,159.85,160.14,160.23,160.33,160.70,161.71,163.13,164.68,165.71,164.67,162.90,161.27,160.64,160.70,161.49,162.45,163.07,163.19,162.29,161.07,159.89,158.91,158.13,157.41,156.78,156.49,157.15,158.05,159.06,160.20,161.42,162.48,162.42,160.85,157.38,153.48,150.81,149.40,149.09,149.13,149.56,150.32,151.36,152.56,153.75,154.98,155.93,156.25,156.69,157.06,157.77,158.94,159.95,160.69,161.19,161.41,161.10,160.82,160.50,160.13,159.70,159.27,158.82,158.43,158.16,158.03,158.09,158.35,158.67,158.88,158.99,159.12,159.24,159.31,159.35,159.36,159.36,159.36,159.34,159.21,159.06,158.92,158.53,156.75,153.53,150.95,149.80,149.35,149.05,148.36,147.24,145.75,144.07,142.38,140.80,139.42,138.10,136.85,136.17,136.03,136.01,136.27,136.50,136.70,136.81,136.52,136.32,136.16,136.09,136.35,137.03,137.71,138.35,139.05,139.78,141.03,141.95,141.99,141.71,141.37,141.00,140.70,140.67,140.75,141.04,141.36,141.50,141.31,140.36,138.51,135.85,133.04,129.79,125.03,120.45,119.18,118.23,117.57,117.57,118.46,119.62,122.36,125.59,128.49,130.10,130.70,131.03,131.33,131.55,131.49,131.14,130.72,130.28
129.91,128.06,124.26,121.13,119.16,118.06,117.16,115.42,113.83,112.94,111.77,110.66,109.80,109.31,109.32,109.44,109.75,110.77,112.89,114.97,117.49,119.74,121.54,123.41,123.63,123.02,122.37,122.46,122.81,123.17,123.20,122.68,121.96,121.22,120.69,120.38,120.08,119.70,119.20,118.64,118.09,117.55,116.77,115.85,114.87,113.93,113.00,112.27,112.17,113.34,114.57,116.13,117.73,119.07,119.86,120.01,119.68,119.01,118.20,117.49,117.48,118.21,120.25,125.62,129.27,131.29,131.91,131.21,130.01,128.92,128.54,129.62,131.05,132.97,135.15,137.29,138.90,141.18,144.09,147.34,150.39,153.44,154.93,155.13,154.64,154.08,154.49,155.19,155.82,156.51,157.13,157.56,157.74,157.58,157.42,157.41,157.66,158.20,158.73,159.21,159.57,159.88,160.39,161.21,161.74,161.95,162.08,162.78,164.02,165.57,167.11,167.85,166.74,165.03,163.53,162.94,162.75,162.17,161.90,162.59,163.62,163.34,162.28,160.93,159.81,159.01,158.36,157.85,157.69,158.32,159.15,160.12,161.26,162.47,163.22,162.75,160.96,157.96,154.56,151.71,150.03,149.86,149.92,150.36,151.25,152.45,153.55,154.67,155.86,156.94,157.65,158.19,158.65,159.28,160.13,160.76,161.37,161.95,162.30,162.01,161.78,161.56,161.28,160.89,160.49,160.05,159.60,159.15,158.74,158.66,158.77,158.88,158.82,158.74,158.79,158.88,158.94,159.00,159.01,159.00,159.00,158.98,158.82,158.63,158.46,158.04,156.36,153.70,151.58,150.53,150.04,149.54,148.33,146.62,144.88,143.15,141.46,139.97,138.74,137.53,136.50,136.38,136.97,137.24,137.47,137.63,137.74,137.75,137.37,137.13,136.92,136.69,136.47,136.90,137.48,138.06,138.69,139.36,140.50,141.50,141.84,141.60,141.24,140.87,140.62,140.70,140.86,141.21,141.55,141.60,141.24,140.11,138.24,135.71,132.95,129.86,124.94,120.09,118.97,118.09,117.98,118.42,119.32,120.97,124.91,128.32,130.16,130.64,131.09,131.44,131.65,131.65,131.25,130.85,130.42,129.88
131.49,130.45,127.83,124.34,121.24,119.92,118.91,117.41,115.94,114.40,111.27,109.95,109.41,109.16,109.23,109.35,109.58,110.00,111.03,113.64,116.61,119.19,121.22,123.02,123.48,123.60,123.66,123.54,123.29,122.89,122.38,121.78,121.08,120.41,119.90,119.56,119.29,118.83,118.26,117.69,117.14,116.60,115.79,114.86,113.91,112.93,111.99,111.53,111.80,113.07,114.31,115.41,116.47,117.48,118.20,118.17,117.75,117.10,116.43,116.33,117.08,118.33,120.27,124.73,127.93,129.83,130.47,129.80,128.61,127.58,127.31,128.57,130.39,132.84,135.59,138.16,139.73,142.36,145.51,148.73,151.57,154.20,154.51,153.70,153.44,153.13,153.57,154.24,154.88,155.56,156.19,156.79,157.27,157.40,157.25,157.19,157.41,157.94,158.49,159.01,159.64,160.51,161.78,162.90,163.71,164.18,164.41,165.21,166.59,168.12,169.43,169.93,168.84,167.52,166.53,166.02,165.12,164.15,163.41,163.10,163.12,163.66,163.38,162.14,161.10,160.20,159.52,159.06,158.94,159.54,160.35,161.26,162.24,163.15,163.27,162.40,160.78,158.76,156.13,153.32,151.38,151.06,151.40,151.96,152.89,154.08,154.91,155.81,156.93,157.98,158.62,159.12,159.70,160.38,161.08,161.60,162.15,162.76,163.19,162.95,162.77,162.63,162.42,162.03,161.59,161.17,160.77,160.35,159.90,159.59,159.41,159.32,159.29,159.17,159.07,159.01,158.98,159.00,158.95,158.92,158.92,158.89,158.62,158.29,158.00,157.55,155.96,153.95,152.49,151.76,150.98,149.69,148.00,146.11,144.19,142.30,140.63,139.23,138.12,137.04,136.88,137.36,138.09,138.53,138.75,138.80,138.72,138.50,138.17,137.88,137.47,136.92,136.45,136.71,137.12,137.46,137.78,138.65,139.94,141.05,141.53,141.34,141.03,140.73,140.56,140.70,140.95,141.31,141.59,141.53,140.98,139.62,137.77,135.53,132.92,129.86,124.94,120.08,119.00,118.45,118.58,119.07,120.16,123.41,127.31,129.76,130.56,131.02,131.43,131.70,131.72,131.39,130.94,130.54,130.03,129.36
132.84,131.92,129.94,126.89,123.83,122.19,120.97,119.77,118.63,117.14,113.74,111.35,109.97,109.37,109.33,109.40,109.57,109.99,111.17,114.20,118.03,120.58,121.57,122.91,123.47,123.58,123.53,123.42,122.84,122.12,121.43,120.82,120.27,119.72,119.20,118.77,118.45,117.98,117.38,116.76,116.20,115.65,114.82,113.89,112.95,111.96,111.06,110.84,111.33,112.40,113.29,113.98,114.71,115.55,116.16,116.03,115.59,115.18,115.24,115.87,117.08,118.50,120.09,123.15,125.55,127.18,127.95,127.61,126.66,126.15,126.52,128.14,130.51,133.53,136.69,139.51,141.66,144.56,147.56,150.34,152.68,153.93,153.24,152.08,152.10,152.11,152.63,153.31,153.95,154.62,155.27,155.93,156.53,156.91,156.98,156.96,157.15,157.70,158.27,158.95,159.91,161.21,162.84,164.33,165.46,166.22,166.69,167.64,168.95,170.10,170.80,170.94,170.18,169.39,168.81,168.27,167.09,165.90,164.83,163.93,163.43,164.02,164.13,163.40,162.68,161.79,161.10,160.66,160.53,161.01,161.40,161.91,162.73,163.64,163.22,162.07,160.62,159.06,157.05,154.69,152.93,152.60,153.13,153.77,154.65,155.72,156.54,157.28,158.17,159.20,160.22,160.55,160.96,161.55,162.21,162.67,163.16,163.71,164.10,163.94,163.77,163.68,163.50,163.16,162.71,162.30,161.92,161.51,161.05,160.61,160.23,159.97,159.84,159.69,159.52,159.38,159.31,159.31,159.25,159.21,159.21,159.18,158.93,158.46,157.92,157.28,155.99,154.29,152.86,151.83,150.72,149.10,147.21,145.22,143.23,141.34,139.93,138.78,137.80,137.15,137.51,138.28,139.08,139.51,139.71,139.72,139.55,139.20,138.81,138.39,137.75,136.84,135.89,135.88,136.11,136.39,136.92,138.05,139.47,140.66,141.22,141.08,140.82,140.58,140.45,140.59,140.87,141.19,141.36,141.10,140.12,138.15,136.06,134.24,132.48,129.29,124.52,120.14,119.28,119.01,119.22,120.16,122.36,126.25,129.09,130.50,130.92,131.35,131.75,131.84,131.63,131.16,130.70,130.21,129.57,128.78
134.09,132.86,131.08,128.84,126.52,124.63,123.20,122.26,121.50,120.38,117.84,114.27,111.58,110.23,109.89,109.84,109.99,110.78,112.92,116.52,121.02,123.11,122.53,123.22,123.64,123.22,122.56,122.52,121.82,121.11,120.47,119.92,119.56,119.12,118.59,118.08,117.71,117.18,116.53,115.87,115.26,114.69,113.86,112.94,112.02,111.07,110.29,110.23,110.78,111.46,111.81,112.16,112.70,113.43,113.91,113.78,113.51,113.57,114.58,115.91,117.29,118.54,119.59,121.09,122.55,123.82,124.73,124.91,124.55,124.94,126.21,128.24,131.31,134.94,138.44,141.42,144.38,147.27,149.78,151.87,153.45,152.95,151.42,150.25,150.57,151.02,151.67,152.38,153.05,153.68,154.35,155.01,155.63,156.20,156.60,156.71,156.91,157.49,158.12,159.00,160.28,161.90,163.66,165.53,167.00,168.04,168.78,169.84,170.90,171.50,171.48,171.24,170.94,170.68,170.38,169.75,168.53,167.20,165.90,164.74,164.04,164.17,164.35,164.29,163.99,163.30,162.71,162.34,162.24,162.54,162.38,162.38,162.98,163.93,163.18,161.89,160.52,159.08,157.51,155.79,154.52,154.32,154.99,155.71,156.51,157.46,158.51,159.25,159.97,161.00,162.42,162.43,162.43,162.78,163.46,163.89,164.34,164.75,165.00,164.91,164.78,164.68,164.55,164.28,163.84,163.43,163.02,162.60,162.13,161.61,161.13,160.74,160.47,160.30,160.10,159.93,159.84,159.83,159.77,159.73,159.72,159.69,159.54,158.90,158.00,157.04,156.06,154.43,152.67,151.05,149.63,147.98,146.07,144.05,142.09,140.35,139.32,138.49,137.73,137.68,138.27,139.12,139.93,140.25,140.44,140.44,140.24,139.82,139.24,138.52,137.58,136.33,134.87,134.60,134.72,135.12,136.16,137.54,139.06,140.31,140.92,140.82,140.61,140.41,140.31,140.40,140.65,140.89,140.81,140.00,138.38,135.81,133.54,132.23,131.59,128.40,124.06,120.46,119.87,119.93,120.23,121.84,125.40,129.00,130.31,130.84,131.28,131.68,132.01,131.88,131.44,130.97,130.51,129.87,129.07,128.18
135.37,133.90,132.07,130.12,128.26,126.77,125.44,124.54,123.69,122.53,120.70,118.34,115.79,113.50,112.27,112.06,112.48,113.81,116.82,122.04,124.94,125.42,124.47,124.75,124.15,122.98,121.89,121.53,120.79,120.24,119.81,119.41,119.04,118.60,118.19,117.86,117.59,116.58,115.74,115.06,114.36,113.71,112.85,111.99,111.23,110.49,109.97,109.88,110.10,110.39,110.54,110.68,110.89,111.26,111.70,111.90,112.43,113.46,114.80,116.20,117.30,117.93,118.09,118.73,119.64,120.56,121.38,122.11,123.49,125.18,126.98,129.10,133.09,137.50,141.48,144.67,147.64,149.45,150.99,152.37,152.82,151.66,149.55,148.00,148.53,149.69,150.68,151.47,152.10,152.73,153.41,154.06,154.69,155.35,155.90,156.26,156.72,157.47,158.24,159.11,160.42,162.22,164.27,166.35,168.17,169.46,169.98,170.79,171.40,171.71,171.68,171.44,171.20,170.98,170.66,169.88,168.53,166.99,165.59,164.49,163.43,163.00,162.98,163.09,162.98,163.03,163.11,163.21,163.37,163.46,163.54,163.55,163.56,163.86,163.40,162.29,160.81,159.27,157.81,156.49,155.74,156.00,156.81,157.63,158.54,159.75,161.46,162.84,164.13,165.22,165.68,164.96,164.22,164.08,164.64,165.13,165.56,165.79,165.85,165.81,165.72,165.63,165.54,165.36,164.93,164.44,163.93,163.39,162.88,162.34,161.88,161.51,161.26,161.10,160.89,160.66,160.47,160.45,160.35,160.29,160.26,160.15,159.92,158.99,157.63,156.20,154.79,153.16,151.45,149.75,148.14,146.42,144.59,142.72,140.94,139.69,138.85,138.28,138.03,138.39,139.04,139.75,140.38,140.78,141.02,140.94,140.65,140.11,139.07,137.50,135.89,134.46,133.24,133.04,133.45,134.32,135.64,137.04,138.69,140.05,140.66,140.56,140.39,140.22,140.11,140.14,140.24,140.32,139.37,136.47,134.04,132.18,130.86,130.12,129.69,127.74,124.75,121.98,121.29,122.06,123.11,125.13,128.33,130.07,130.74,131.16,131.61,131.96,132.01,131.71,131.25,130.78,130.32,129.54,128.58,127.61
136.69,135.21,133.43,131.73,130.23,128.97,127.72,126.72,125.65,124.28,122.76,121.21,119.16,116.83,115.19,114.93,116.28,118.79,122.29,126.91,128.12,127.53,126.41,125.97,124.59,122.91,121.45,120.70,120.05,119.67,119.39,119.09,118.83,118.52,118.24,118.06,117.96,116.91,116.08,115.38,114.50,113.65,112.42,111.37,110.70,110.18,109.80,109.63,109.64,109.71,109.79,109.81,109.84,109.97,110.33,110.89,112.04,113.68,115.15,116.12,116.48,116.36,115.98,116.36,117.09,118.05,119.23,120.77,123.46,126.10,128.37,130.65,135.07,139.78,144.00,147.35,149.76,150.81,151.63,152.30,151.88,150.24,147.64,145.70,146.17,147.64,149.12,150.36,151.29,151.97,152.64,153.30,153.94,154.57,155.06,155.37,155.81,156.60,157.55,158.63,160.06,161.79,163.55,165.65,167.75,169.48,170.47,171.17,171.49,171.63,171.61,171.42,171.21,170.97,170.52,169.43,167.76,166.03,164.59,163.63,162.52,161.74,161.39,161.39,161.38,161.84,162.31,162.69,163.04,163.15,163.52,163.72,163.60,163.64,163.59,162.96,161.77,160.20,158.58,157.41,157.00,157.59,158.59,159.75,161.19,163.00,165.20,166.68,167.87,168.63,168.40,167.40,166.31,165.72,165.85,166.35,166.66,166.73,166.66,166.58,166.37,166.15,165.93,165.68,165.33,164.96,164.55,164.09,163.58,163.08,162.65,162.30,162.06,161.89,161.65,161.36,161.11,161.08,160.87,160.69,160.54,160.25,159.53,158.23,156.62,154.92,153.22,151.75,150.33,148.79,146.94,145.06,143.20,141.46,140.06,139.18,138.69,138.50,138.69,139.26,139.91,140.50,140.97,141.35,141.43,141.18,140.75,140.07,138.31,135.91,133.75,132.25,131.51,131.57,132.32,133.56,135.09,136.58,138.27,139.68,140.38,140.38,140.26,140.03,139.32,137.58,137.05,136.94,135.83,132.76,130.54,129.41,128.75,128.28,127.77,126.67,124.76,122.83,122.40,123.92,125.68,127.77,130.05,130.61,131.00,131.42,131.86,132.17,131.96,131.54,131.06,130.58,130.06,129.19,128.15,127.11
138.08,136.86,135.29,133.88,132.63,131.31,129.97,128.77,127.41,125.72,124.05,122.48,121.12,119.85,118.58,118.50,121.33,125.46,128.86,130.25,130.13,129.29,128.03,126.54,124.83,122.94,121.21,120.13,119.66,119.44,119.22,118.98,118.98,118.94,118.80,118.68,118.81,118.31,117.75,117.03,115.92,114.71,112.72,111.16,110.48,110.12,109.70,109.47,109.45,109.52,109.60,109.63,109.66,109.77,109.97,110.85,112.27,113.99,115.46,115.50,114.74,113.83,113.37,114.07,115.06,116.55,118.68,121.24,124.47,127.54,130.24,132.82,137.01,141.41,145.59,149.02,150.39,151.22,151.72,151.74,150.78,148.62,145.64,143.38,143.50,144.76,146.87,149.01,150.65,151.45,152.09,152.73,153.36,153.84,154.02,153.92,153.99,154.65,155.80,157.35,159.00,160.41,161.26,163.20,165.43,167.79,170.09,170.93,171.24,171.31,171.22,171.04,170.87,170.61,169.97,168.36,166.26,164.35,162.94,162.12,161.33,160.44,159.74,159.40,159.45,159.88,160.31,160.68,161.05,161.45,162.05,162.57,162.88,163.20,163.55,163.63,163.19,161.80,159.93,158.72,158.43,159.14,160.36,162.16,164.47,167.12,169.47,170.29,170.54,170.53,170.20,169.49,168.57,167.66,167.10,167.50,167.57,167.50,167.38,167.12,166.61,166.10,165.58,165.09,164.93,164.84,164.78,164.62,164.19,163.78,163.40,163.05,162.77,162.59,162.29,161.94,161.69,161.63,161.25,160.83,160.45,159.82,158.19,156.50,154.87,153.19,151.56,150.47,149.55,148.35,146.22,144.09,142.05,140.38,139.53,138.88,138.88,139.23,139.74,140.29,140.90,141.39,141.74,141.95,141.62,141.07,140.50,139.56,136.81,133.77,131.29,129.84,129.70,130.22,131.31,132.77,134.44,136.09,137.74,139.15,140.06,140.27,140.24,139.85,138.00,132.80,131.07,130.65,130.29,129.43,128.57,127.92,127.39,126.85,126.08,125.13,123.81,122.68,122.98,125.13,127.44,129.27,130.34,130.78,131.18,131.60,132.03,132.29,131.92,131.39,130.88,130.38,129.72,128.81,127.77,126.69
139.55,138.87,137.54,136.24,135.01,133.54,131.69,130.10,128.56,126.92,125.27,123.79,123.28,123.46,123.46,124.77,127.02,129.43,131.13,131.20,130.50,129.40,127.92,126.06,124.12,122.12,120.46,119.84,119.52,119.36,119.27,119.20,119.26,119.31,119.28,119.29,119.60,119.57,119.32,118.86,117.93,116.02,113.54,111.41,110.14,109.84,109.49,109.29,109.25,109.33,109.41,109.49,109.61,109.76,109.91,110.94,112.41,113.95,114.95,114.33,113.08,111.88,111.36,112.18,114.35,117.00,119.71,122.25,125.50,128.53,131.23,134.00,137.56,141.55,145.71,149.38,150.56,151.13,151.31,150.98,149.66,146.08,142.72,140.61,140.46,141.69,144.43,147.59,150.21,151.04,151.51,151.88,152.17,152.26,152.23,151.98,151.83,152.21,153.37,155.02,156.57,157.82,158.91,160.47,162.39,164.78,167.64,169.08,169.88,170.08,169.73,169.33,169.09,168.60,167.57,165.72,163.81,162.04,160.53,159.39,158.54,157.81,157.14,156.80,157.42,158.20,158.67,158.86,158.98,159.51,160.30,161.03,161.54,161.85,162.04,161.92,161.62,161.52,161.64,161.04,160.64,161.38,162.69,164.83,167.25,169.50,170.90,171.27,171.17,170.92,170.60,169.95,169.31,168.70,168.19,168.13,167.93,167.65,167.29,166.71,166.06,165.45,164.85,164.31,164.10,164.03,164.00,163.96,163.76,163.55,163.31,163.06,162.79,162.55,162.26,161.98,161.70,161.36,160.96,160.56,159.90,158.27,155.97,154.18,152.71,151.33,150.43,149.81,149.25,148.30,146.13,143.92,141.75,140.04,139.45,139.17,139.37,139.96,140.81,141.49,142.05,142.26,142.10,141.71,141.19,140.57,139.46,137.26,133.91,130.62,128.25,127.18,127.28,128.42,130.11,131.93,133.54,135.16,136.72,138.18,139.39,140.05,140.16,139.95,138.46,133.65,130.32,128.90,128.42,127.97,127.41,126.86,126.33,125.78,125.01,124.08,123.27,122.80,123.18,125.32,127.80,129.63,130.35,130.77,131.22,131.69,132.12,132.36,131.96,131.39,130.82,130.23,129.44,128.48,127.44,126.38
141.01,140.90,139.78,138.39,136.94,135.23,132.94,131.03,129.41,127.94,126.62,125.53,125.75,127.00,128.03,130.20,131.56,132.07,132.00,131.31,130.25,128.92,127.28,125.33,123.32,121.33,119.89,119.70,119.51,119.41,119.42,119.51,119.63,119.74,119.80,119.91,120.31,120.60,120.58,120.32,119.63,117.54,114.92,112.37,110.41,109.75,109.34,109.11,109.04,109.11,109.21,109.39,109.61,109.84,110.11,111.19,112.57,113.78,114.08,113.02,111.59,110.37,109.91,110.73,114.03,117.77,120.86,123.08,125.90,128.69,131.38,134.29,137.32,140.87,144.91,148.85,150.36,150.81,150.73,150.03,147.97,143.27,139.66,137.71,137.42,138.92,142.17,146.04,149.40,150.37,150.56,150.65,150.71,150.47,149.84,148.97,148.34,148.50,150.06,152.13,153.86,155.17,156.67,158.00,159.57,161.69,164.48,166.48,167.74,168.14,167.68,167.07,166.71,165.94,164.58,162.70,161.05,159.44,157.85,156.36,155.28,154.72,154.29,154.22,155.40,156.56,157.00,156.90,156.79,157.40,158.33,159.08,159.35,159.20,159.04,158.64,158.45,159.56,161.63,162.16,162.24,163.21,164.73,167.07,169.34,170.95,171.47,171.53,171.31,170.98,170.66,170.00,169.56,169.21,168.84,168.37,167.97,167.51,166.92,166.06,165.32,164.66,164.03,163.47,163.16,163.04,163.00,163.00,163.01,162.96,162.85,162.69,162.48,162.19,161.95,161.71,161.40,160.84,160.16,159.34,158.08,155.77,153.39,151.85,150.74,149.75,149.46,149.24,148.98,148.30,146.22,144.04,141.87,140.15,139.60,139.72,140.15,140.91,141.94,142.58,142.85,142.66,142.06,141.16,140.30,139.28,137.49,134.31,130.61,127.29,125.16,124.51,124.93,126.70,129.04,131.27,132.79,134.30,135.77,137.25,138.66,139.72,140.06,140.09,139.30,136.00,131.09,128.61,127.84,127.27,126.66,126.07,125.51,125.00,124.45,123.69,123.28,123.21,123.45,125.27,127.61,129.40,130.08,130.57,131.09,131.59,132.06,132.36,132.06,131.50,130.87,130.22,129.38,128.41,127.39,126.37
142.45,142.78,141.79,139.96,137.80,135.67,133.37,131.48,129.90,128.69,128.33,128.19,128.81,130.00,131.00,132.15,133.07,133.21,132.10,130.86,129.50,128.03,126.43,124.62,122.79,121.15,119.98,119.73,119.66,119.64,119.69,119.85,120.11,120.32,120.46,120.57,120.85,121.19,121.15,120.81,120.29,119.41,117.24,114.67,112.21,110.21,109.36,108.96,108.77,108.81,108.99,109.34,109.67,110.00,110.75,111.75,112.84,113.52,112.81,111.70,110.48,109.57,109.44,110.09,113.88,118.16,121.39,123.15,124.82,127.18,130.07,133.06,136.03,139.13,142.84,147.03,149.59,150.22,149.99,148.72,145.02,140.32,136.81,134.78,134.58,136.95,140.46,144.26,147.61,149.02,148.77,148.70,148.98,148.67,146.50,143.79,141.93,142.19,145.11,148.60,151.28,153.04,154.75,156.28,157.68,159.13,160.87,163.03,164.45,165.08,164.92,164.28,163.76,162.74,161.24,159.68,158.12,156.56,154.96,153.33,151.89,151.35,151.40,152.03,153.47,154.89,155.03,154.49,154.40,155.03,156.02,156.36,155.54,154.09,153.40,153.09,153.30,154.81,157.44,159.91,161.96,163.68,165.79,168.16,170.09,171.26,171.66,171.63,171.43,171.14,170.73,170.02,169.49,169.03,168.52,168.00,167.59,167.05,166.34,165.44,164.60,163.87,163.21,162.62,162.18,162.02,161.98,162.00,162.05,162.05,161.99,161.90,161.77,161.54,161.31,161.06,160.73,160.25,158.57,156.19,153.66,151.67,150.45,149.86,149.43,148.91,148.55,148.47,148.50,148.16,146.37,144.40,142.45,140.80,140.03,140.52,141.41,142.38,143.19,143.35,142.74,142.01,141.31,140.36,138.64,136.37,133.79,130.87,127.24,124.12,122.25,121.98,123.06,125.44,128.40,131.06,132.47,133.89,135.30,136.68,138.01,139.19,139.91,140.18,139.97,138.61,132.35,129.08,128.17,127.27,126.41,125.64,125.05,124.73,124.70,124.56,124.37,124.15,124.09,125.24,126.99,128.48,129.30,130.06,130.60,131.14,131.72,132.24,132.25,131.79,131.13,130.50,129.83,128.91,127.96,127.08
143.18,142.83,141.70,139.94,137.95,136.18,134.49,132.94,131.54,130.47,130.26,130.50,131.19,132.19,133.11,133.91,134.01,133.33,131.93,130.48,128.99,127.55,126.15,124.66,123.11,121.67,120.50,119.88,119.79,119.94,120.19,120.49,120.83,121.09,121.23,121.34,121.54,121.81,121.72,121.36,120.88,120.35,118.99,116.95,114.47,112.21,110.98,110.03,109.22,108.80,108.70,108.97,109.35,109.73,110.47,111.60,112.46,112.60,111.67,110.58,109.44,108.72,108.95,109.56,112.26,115.80,119.20,121.26,122.94,125.45,128.66,131.78,134.68,137.50,140.73,144.50,147.49,148.06,147.19,145.16,141.50,137.03,133.70,131.94,132.27,135.43,139.24,142.63,144.86,145.10,144.78,145.31,146.09,145.27,143.00,140.62,139.10,139.35,141.78,145.56,149.01,151.54,153.19,154.41,155.36,156.34,157.69,159.70,161.19,162.00,162.09,161.68,161.18,160.30,159.01,157.43,155.79,154.14,152.30,150.11,147.83,146.95,147.56,149.41,151.63,153.35,153.37,152.45,151.97,152.69,153.45,153.33,151.95,150.02,149.68,149.68,149.93,151.31,153.62,156.78,160.03,162.80,165.39,167.99,170.03,171.25,171.63,171.63,171.44,171.14,170.67,169.76,169.14,168.66,168.16,167.62,167.18,166.55,165.72,164.84,163.95,163.14,162.43,161.82,161.28,161.04,160.97,160.99,161.09,161.14,161.13,161.09,161.03,160.89,160.65,159.84,158.23,156.49,154.46,152.37,150.46,149.13,148.41,148.09,147.89,147.68,147.47,147.45,147.47,147.24,146.34,145.59,144.30,142.86,142.25,142.76,143.18,143.35,143.26,142.87,141.88,140.85,139.88,138.63,136.62,134.08,131.17,127.89,124.21,121.45,120.00,120.02,121.29,124.24,127.82,130.90,132.28,133.58,134.87,136.13,137.37,138.60,139.60,140.15,140.25,139.49,133.54,129.84,128.38,127.44,126.52,125.76,125.41,125.52,125.76,125.87,125.83,125.65,125.39,125.73,126.53,127.50,128.46,129.44,130.16,130.79,131.44,132.14,132.35,131.98,131.34,130.76,130.14,129.31,128.43,127.53
143.44,142.48,141.22,139.72,138.22,137.00,136.02,134.90,133.73,132.73,132.38,132.72,133.36,134.10,134.80,135.38,134.67,133.26,131.84,130.34,128.83,127.48,126.31,125.12,123.82,122.50,121.24,120.27,120.13,120.42,120.83,121.25,121.64,121.92,122.08,122.17,122.30,122.44,122.29,121.92,121.44,120.89,120.30,118.98,116.81,114.68,113.11,111.57,110.13,109.14,108.50,108.53,108.88,109.34,109.92,111.18,111.83,111.53,110.67,109.62,108.52,107.94,108.48,109.08,110.32,112.65,115.85,118.40,120.55,123.43,126.89,130.14,133.07,135.75,138.61,141.88,144.98,145.34,143.75,140.93,137.69,133.64,130.69,129.42,130.50,134.20,138.01,140.72,141.60,140.41,140.42,141.76,143.00,141.72,139.78,138.34,137.67,137.98,139.44,142.90,146.74,149.97,151.60,152.45,152.94,153.53,154.69,156.43,157.98,158.98,159.31,159.28,158.93,158.25,157.17,155.47,153.76,151.97,149.78,146.92,143.88,142.66,143.64,146.47,149.71,151.84,151.76,150.29,148.95,149.72,150.28,149.85,148.29,146.47,146.71,147.15,147.53,148.73,150.50,153.87,157.92,161.64,164.54,167.32,169.53,170.88,171.36,171.50,171.36,171.02,170.44,169.34,168.64,168.14,167.64,167.18,166.71,166.01,165.11,164.25,163.34,162.47,161.69,161.05,160.41,160.06,159.92,159.94,160.07,160.17,160.22,160.22,160.13,159.69,159.09,157.59,154.84,151.99,150.04,148.79,147.96,147.24,146.71,146.39,146.24,146.22,146.21,146.25,146.18,146.00,145.89,146.37,145.86,144.76,144.32,144.57,144.28,143.48,142.41,141.46,140.31,139.19,138.01,136.45,134.45,132.02,129.04,125.40,121.74,119.35,118.22,118.37,119.69,123.00,127.10,130.62,132.03,133.23,134.40,135.57,136.75,137.98,139.21,140.03,140.33,139.68,134.57,130.63,128.54,127.67,126.74,126.10,126.08,126.65,127.07,127.30,127.41,127.34,126.99,126.59,126.46,126.81,127.76,128.85,129.75,130.50,131.23,132.08,132.42,132.09,131.47,130.88,130.26,129.51,128.64,127.70
143.04,143.27,142.25,141.07,139.98,138.90,138.09,137.23,136.28,135.34,134.91,135.16,135.68,136.14,136.14,136.02,135.19,133.88,132.39,131.00,129.67,128.43,127.27,126.10,124.81,123.50,122.26,121.35,121.26,121.45,121.71,122.03,122.46,122.78,122.99,123.08,123.07,123.11,122.86,122.42,121.94,121.36,120.81,120.03,118.75,116.66,114.80,113.23,111.81,110.39,108.80,108.22,108.41,109.07,109.74,110.74,111.19,110.87,109.96,108.90,107.91,107.49,108.09,108.65,109.34,110.39,112.07,114.68,117.43,120.58,123.97,127.24,130.52,133.42,136.47,139.92,142.84,142.82,140.79,137.44,133.54,130.40,128.43,128.07,130.06,133.38,136.03,137.57,137.70,136.50,137.79,139.67,140.77,139.82,137.88,136.54,136.25,137.17,138.56,140.92,144.00,147.21,149.34,150.38,150.78,151.04,151.69,153.18,154.93,156.20,156.81,157.40,157.34,156.56,155.21,153.53,152.01,150.14,147.53,144.11,141.34,140.30,140.76,142.97,147.39,150.19,149.91,147.20,143.72,144.34,145.21,145.12,144.00,143.32,143.89,144.90,146.13,147.78,149.55,153.16,157.52,161.34,164.10,166.65,168.53,169.65,170.47,170.99,171.08,170.69,169.74,168.74,167.92,167.20,166.63,166.53,166.11,165.41,164.54,163.69,162.77,161.89,161.06,160.28,159.50,159.00,158.74,158.69,158.83,158.97,159.09,159.12,158.66,156.45,154.16,152.25,150.78,149.27,148.03,147.07,146.31,145.58,145.02,144.65,144.47,144.47,144.47,144.68,144.80,144.63,144.15,144.41,144.47,144.08,143.26,142.70,142.03,141.10,139.83,138.34,137.18,136.33,135.46,133.91,132.22,129.93,127.13,124.02,120.91,118.64,117.26,117.04,118.55,121.49,125.71,129.73,131.39,132.62,133.78,134.96,136.18,137.41,138.65,139.65,140.23,139.72,135.06,131.07,128.71,127.81,126.88,126.52,126.76,127.48,128.13,128.56,128.88,129.05,128.81,128.11,127.60,127.41,127.69,128.61,129.49,130.37,131.27,132.14,132.49,132.05,131.25,130.54,129.87,129.03,128.11,127.13
142.22,143.28,143.28,142.77,141.98,140.97,140.26,139.46,138.53,137.57,136.89,136.53,136.35,136.13,135.55,135.28,134.91,134.23,133.08,131.78,130.60,129.45,128.31,127.15,125.81,124.48,123.31,122.63,122.52,122.63,122.80,123.03,123.34,123.66,123.88,123.96,123.80,123.59,123.20,122.72,122.27,121.75,121.17,120.60,119.81,118.14,116.29,114.64,113.11,111.41,109.44,108.21,107.99,108.74,109.46,110.28,110.55,110.09,109.16,108.10,107.28,107.04,107.59,108.14,108.62,109.12,109.93,111.80,114.58,117.81,120.97,123.58,127.00,130.61,134.29,137.84,140.51,139.79,137.20,133.75,130.35,127.98,126.78,127.04,129.14,131.59,132.97,133.54,133.57,133.61,136.09,137.97,138.41,137.44,135.84,135.01,135.21,136.39,137.69,139.31,141.40,143.85,146.13,147.56,148.17,148.55,149.39,150.85,152.39,153.62,154.50,155.45,155.75,155.07,153.68,152.14,150.78,148.52,145.38,141.87,139.84,139.05,139.20,140.64,144.23,147.42,147.44,144.68,140.84,141.03,141.67,141.68,141.11,141.18,142.04,143.39,145.14,147.30,149.26,153.35,158.02,161.50,163.74,165.53,166.83,167.72,168.69,169.36,169.53,169.22,168.44,167.77,167.00,166.21,165.58,165.42,165.14,164.71,164.19,163.59,162.60,161.59,160.60,159.63,158.78,158.09,157.61,157.39,157.53,157.68,157.84,157.67,156.45,153.47,150.84,149.09,148.24,147.36,146.40,145.51,144.72,143.97,143.34,142.91,142.68,142.66,142.66,143.06,143.55,143.71,142.91,142.55,142.17,141.33,139.58,137.81,136.62,135.60,134.53,133.48,133.03,132.84,132.44,131.11,129.63,127.67,125.33,122.74,120.12,117.91,116.21,115.58,117.25,119.82,123.75,127.97,130.58,131.95,133.13,134.33,135.57,136.81,138.04,139.19,140.03,139.58,134.52,130.71,128.76,127.89,127.14,127.08,127.52,128.29,129.05,129.67,130.08,130.25,129.98,129.21,128.50,128.05,128.03,128.64,129.39,130.37,131.52,132.43,132.60,131.95,130.96,130.06,129.30,128.46,127.53,126.54
141.05,142.70,144.21,144.62,144.09,143.15,142.47,141.44,140.27,139.14,138.10,136.83,135.60,134.48,133.52,133.54,133.99,134.23,133.71,132.56,131.49,130.45,129.35,128.19,126.80,125.45,124.41,124.02,123.85,123.91,124.06,124.21,124.33,124.54,124.71,124.69,124.35,123.82,123.27,122.78,122.39,121.99,121.41,120.82,120.19,119.15,117.55,115.81,114.04,112.20,110.28,108.46,107.65,108.31,108.99,109.70,109.77,109.13,108.22,107.19,106.60,106.56,107.04,107.57,108.05,108.55,109.10,109.82,112.13,115.14,117.86,119.46,122.91,127.63,132.22,135.70,137.94,136.35,133.23,130.01,127.89,126.11,125.47,126.04,127.70,129.08,129.33,129.31,129.80,131.78,135.07,136.39,135.73,134.62,133.68,133.69,134.41,135.57,136.74,137.95,139.10,140.41,142.48,144.36,145.39,146.24,147.76,149.32,150.43,151.40,152.44,153.52,154.16,153.73,152.50,151.17,149.87,147.01,143.39,140.19,139.10,138.53,138.57,139.31,140.80,143.99,144.70,142.86,139.97,139.57,139.57,139.51,139.47,139.89,140.95,142.43,144.38,147.04,149.33,153.96,158.84,161.73,163.23,164.02,164.62,165.31,166.25,166.87,166.99,166.81,166.57,166.37,165.84,165.19,164.54,164.00,163.86,163.83,163.78,163.61,162.60,161.50,160.40,159.25,158.36,157.45,156.65,156.14,156.21,156.35,156.50,156.03,153.95,151.07,149.07,147.78,146.90,145.97,144.93,143.97,143.13,142.35,141.60,141.04,140.72,140.63,140.68,141.37,142.38,143.07,142.09,140.87,139.27,137.11,134.17,131.16,129.31,128.18,127.54,127.53,128.27,128.96,129.08,128.09,126.70,125.19,123.47,121.39,119.16,117.00,115.03,114.00,115.72,117.97,121.33,125.49,129.43,131.18,132.45,133.69,134.92,136.15,137.38,138.63,139.59,139.03,133.22,129.85,128.72,127.96,127.55,127.78,128.37,129.15,129.93,130.67,131.06,131.05,130.63,129.90,129.16,128.68,128.66,128.93,129.51,130.59,131.98,132.89,132.69,131.76,130.57,129.50,128.64,127.83,126.95,125.97
139.37,142.46,145.10,146.27,146.20,145.48,144.72,142.63,140.36,138.69,137.13,135.50,133.88,132.41,131.46,131.81,132.63,133.37,133.56,133.07,132.17,131.17,130.16,129.04,127.72,126.55,125.73,125.46,125.29,125.28,125.38,125.52,125.59,125.44,125.10,124.64,124.03,123.38,122.79,122.30,121.92,121.58,121.27,120.85,120.28,119.51,118.20,116.57,114.77,112.92,111.04,108.94,107.56,107.53,108.02,108.37,108.24,107.68,106.98,106.13,105.84,106.05,106.52,107.01,107.48,107.98,108.54,109.21,110.58,112.41,114.20,115.70,119.72,125.66,131.02,133.94,134.89,132.94,130.01,127.20,125.33,123.88,123.59,124.30,125.69,126.96,127.07,127.52,129.21,131.86,134.49,134.15,132.11,131.85,131.85,132.42,133.36,134.48,135.63,136.75,137.75,138.83,140.50,142.27,143.75,145.17,146.88,148.58,149.62,150.46,151.34,152.19,152.66,152.39,151.48,150.22,148.61,145.39,141.88,139.52,138.57,137.96,137.91,138.50,139.51,141.61,142.98,142.49,139.69,138.95,138.75,138.68,138.80,139.30,140.10,141.45,143.46,146.30,149.18,153.56,157.94,160.67,161.69,162.16,162.44,162.78,163.58,164.10,164.19,164.02,163.84,163.81,163.98,163.95,163.50,162.91,162.50,162.19,162.01,162.01,161.64,161.50,161.05,159.84,158.94,157.78,156.47,155.34,154.96,155.02,155.18,154.78,152.97,150.33,148.16,146.60,145.57,144.59,143.53,142.49,141.53,140.63,139.50,138.43,137.64,137.39,137.76,139.40,141.15,142.06,141.03,138.80,135.89,132.67,129.48,126.53,124.19,122.74,122.36,122.66,124.15,125.31,125.53,124.71,123.39,122.06,120.79,119.43,117.59,115.61,113.64,112.44,113.78,115.74,118.59,122.36,126.82,129.96,131.70,132.94,134.17,135.36,136.54,137.70,138.27,136.71,131.99,129.45,128.69,128.23,128.31,128.72,129.40,130.26,131.07,131.78,131.96,131.67,131.07,130.42,129.77,129.38,129.39,129.62,130.34,131.53,132.85,133.43,132.42,131.11,129.90,128.87,128.04,127.19,126.31,125.41
137.71,142.01,145.70,147.65,148.14,147.71,146.93,143.54,140.02,137.93,136.00,134.14,132.30,130.68,129.84,130.38,131.35,132.30,132.98,133.06,132.55,131.74,130.79,129.80,128.63,127.71,127.14,126.93,126.75,126.60,126.50,126.44,126.33,125.85,125.16,124.37,123.58,122.85,122.23,121.73,121.36,121.06,120.95,120.69,120.15,119.32,118.16,116.72,115.16,113.68,111.97,109.85,108.09,107.30,107.28,107.19,106.87,106.34,105.81,105.22,105.20,105.57,106.01,106.45,106.91,107.42,108.01,108.73,109.45,110.30,111.25,112.64,117.19,123.70,129.43,132.21,131.94,129.79,127.07,124.48,122.78,121.83,121.85,122.57,123.72,124.96,125.48,126.73,129.39,132.54,133.62,131.97,129.53,129.74,130.38,131.27,132.30,133.38,134.52,135.69,136.79,137.87,139.24,140.83,142.56,144.36,146.15,147.91,148.73,149.25,149.87,150.56,151.09,150.67,149.35,147.59,146.31,144.17,141.58,139.31,138.36,137.60,137.35,137.75,138.62,139.91,141.82,142.42,139.68,138.78,138.38,138.19,138.27,138.78,139.40,140.58,142.54,145.49,148.68,152.58,156.26,158.63,159.29,159.76,160.03,160.23,160.85,161.19,161.19,161.00,160.85,161.15,161.96,162.51,162.36,161.63,160.83,160.18,159.71,159.46,159.61,160.60,161.17,160.31,159.53,158.15,156.46,154.83,153.89,153.74,153.84,153.62,152.34,150.18,147.83,145.81,144.33,143.22,142.14,141.00,139.80,138.52,136.98,135.46,134.27,133.89,134.69,137.28,139.82,141.10,140.12,136.91,133.02,129.23,126.07,123.28,120.89,119.32,118.92,119.35,120.91,122.06,122.27,121.62,120.50,119.38,118.40,117.52,116.05,114.17,112.29,111.08,111.89,113.50,116.03,119.44,123.77,127.99,130.54,132.12,133.32,134.47,135.62,136.59,136.67,134.30,131.01,129.32,128.81,128.66,129.09,129.72,130.54,131.47,132.27,132.84,132.88,132.46,131.78,131.14,130.63,130.37,130.47,130.87,131.76,132.90,133.82,133.56,131.90,130.38,129.21,128.23,127.42,126.56,125.79,125.16
136.31,141.27,145.92,148.71,149.78,149.68,149.01,144.22,139.48,137.30,135.23,133.19,131.21,129.56,128.86,129.38,130.28,131.19,131.96,132.39,132.54,132.13,131.21,130.45,129.53,128.89,128.57,128.39,128.16,127.76,127.27,126.75,126.22,125.58,124.81,123.98,123.14,122.37,121.70,121.16,120.80,120.54,120.46,120.28,119.74,118.50,117.24,116.03,115.03,114.41,113.06,111.26,109.44,107.94,107.03,106.52,105.98,105.36,104.89,104.60,104.73,105.09,105.49,105.89,106.34,106.86,107.48,108.11,108.69,109.11,109.48,110.61,115.46,121.53,127.08,130.38,129.21,127.02,124.36,121.74,120.32,120.11,120.43,121.04,121.98,123.09,124.57,126.77,129.92,133.53,132.28,130.10,128.66,128.56,129.34,130.29,131.28,132.37,133.48,134.83,136.15,137.37,138.64,140.08,141.79,143.63,145.46,147.13,147.38,147.29,147.56,148.31,149.31,148.42,145.70,142.71,142.67,143.53,142.78,139.54,138.53,137.57,136.93,136.93,137.80,138.94,141.22,142.39,139.90,139.01,138.33,137.82,137.71,138.23,138.89,139.93,141.68,144.73,147.77,151.04,153.88,155.48,155.90,156.60,157.25,157.68,158.07,158.12,157.98,157.75,157.70,158.62,159.82,160.76,160.96,159.91,158.69,157.75,156.94,155.94,156.28,158.32,160.18,160.26,159.79,158.30,156.45,154.61,153.06,152.54,152.52,152.47,151.82,150.38,148.07,145.50,143.22,141.88,140.74,139.46,137.89,135.91,134.01,132.24,130.86,130.42,131.70,134.99,138.29,140.24,139.44,135.37,131.04,127.34,124.40,121.61,119.69,118.34,117.57,118.02,118.79,119.36,119.52,119.07,118.34,117.49,116.64,115.80,114.68,112.80,111.06,110.06,110.23,111.42,113.82,117.00,120.51,125.11,128.80,131.19,132.36,133.46,134.60,135.33,134.93,132.30,130.44,129.50,129.18,129.29,129.83,130.73,131.75,132.72,133.43,133.81,133.84,133.54,132.91,132.25,131.85,131.75,132.00,132.77,133.79,134.64,134.75,133.09,131.12,129.66,128.58,127.61,126.77,125.98,125.51,125.40
136.89,141.80,146.72,149.46,150.32,150.30,149.88,144.37,139.01,136.90,134.81,132.76,130.80,129.07,128.00,128.33,129.17,130.11,130.95,131.53,131.90,131.87,131.42,130.91,130.20,129.66,129.27,128.90,128.44,127.86,127.24,126.61,125.96,125.24,124.44,123.60,122.79,121.98,121.24,120.62,120.18,119.89,119.60,119.19,118.48,117.16,115.70,114.38,113.40,112.98,112.36,111.53,110.28,108.67,107.77,107.09,106.41,105.70,105.09,104.58,104.36,104.46,104.88,105.27,105.72,106.21,106.77,107.37,107.86,108.26,108.73,109.98,114.61,120.12,125.03,127.82,126.44,124.39,122.09,119.88,118.67,118.65,119.05,119.68,120.67,122.17,124.60,127.56,130.69,133.19,131.31,129.11,127.82,127.44,128.26,129.28,130.34,131.48,132.77,134.38,136.00,137.44,138.59,139.70,141.29,143.21,145.00,145.75,145.06,144.25,144.15,145.12,146.61,146.47,144.22,140.43,140.12,141.83,142.52,140.46,138.93,137.66,136.58,136.10,137.27,138.54,140.51,141.64,139.99,138.95,138.01,137.28,137.07,137.90,138.80,139.97,141.76,144.71,147.50,149.43,150.84,151.92,152.03,152.77,153.91,154.94,154.94,154.70,154.47,154.30,154.32,155.40,156.66,157.66,157.95,156.92,155.32,153.97,152.91,151.94,152.52,154.90,157.31,158.29,158.94,157.75,155.96,154.17,152.54,151.58,151.22,151.12,150.69,149.05,147.03,144.69,142.24,140.79,139.33,137.70,135.84,133.65,131.61,129.94,128.84,128.73,129.84,132.54,135.78,138.32,137.70,133.82,129.92,126.75,124.07,121.41,119.55,118.13,117.04,116.76,117.19,117.54,117.55,117.22,116.73,115.94,115.01,114.07,113.11,111.56,110.26,109.66,109.61,110.25,112.10,114.91,118.44,122.93,126.97,129.85,131.33,132.44,133.40,134.02,133.84,132.03,130.75,130.01,129.75,130.02,130.71,131.61,132.38,132.98,133.69,134.28,134.62,134.58,134.02,133.51,133.31,133.33,133.58,134.23,135.19,135.17,133.90,131.98,130.32,129.13,128.16,127.28,126.82,126.42,126.21,126.23
138.31,142.75,147.48,149.95,150.53,150.50,150.29,144.38,138.65,136.63,134.56,132.56,130.65,128.88,127.41,127.24,127.89,128.84,129.76,130.50,131.03,131.32,131.34,131.07,130.60,130.11,129.60,129.02,128.35,127.65,126.98,126.34,125.64,124.88,124.08,123.26,122.49,121.67,120.89,120.13,119.43,118.92,118.38,117.74,116.89,115.66,114.05,112.53,111.38,110.93,110.95,111.08,110.55,109.15,108.42,107.67,106.89,106.12,105.33,104.56,103.99,103.83,104.24,104.64,105.09,105.55,106.04,106.63,107.10,107.64,108.37,109.80,114.04,119.02,123.18,125.15,123.79,121.93,120.03,118.29,117.24,117.27,117.80,118.58,119.74,121.83,125.13,128.63,131.44,132.37,130.40,128.32,126.94,126.38,127.20,128.29,129.42,130.72,132.33,134.21,135.91,137.29,138.44,139.39,140.87,142.78,144.48,144.31,142.82,141.38,140.89,141.99,143.83,144.72,143.50,139.19,138.11,139.94,141.78,141.39,139.41,137.86,136.38,135.43,136.69,138.09,139.66,140.60,139.81,138.63,137.48,136.65,136.53,137.73,138.87,140.27,142.21,144.91,146.92,147.29,147.32,148.00,148.19,149.28,150.78,151.93,151.59,150.95,150.55,150.40,150.56,151.68,153.00,154.08,154.51,153.70,151.67,149.71,148.25,147.47,148.40,151.08,153.92,155.71,157.46,156.86,155.34,153.66,152.03,150.44,149.42,148.86,148.28,146.55,145.10,143.39,141.17,139.50,137.60,135.72,133.84,131.70,129.67,128.12,127.29,127.48,128.41,130.33,133.27,136.22,136.10,132.72,129.36,126.66,124.15,121.61,119.69,118.13,116.75,115.67,115.79,115.95,115.81,115.55,115.20,114.46,113.48,112.44,111.58,110.47,109.67,109.40,109.27,109.50,110.69,113.08,116.96,121.23,125.17,128.24,130.11,131.37,132.17,132.77,132.98,132.23,131.40,130.75,130.46,130.75,131.53,132.25,132.68,132.94,133.70,134.54,135.22,135.50,135.15,134.88,134.87,134.98,135.17,135.56,136.15,135.16,132.75,130.87,129.64,128.71,127.90,127.25,127.20,127.17,127.18,127.22
140.55,143.86,147.70,149.94,150.66,150.62,150.37,144.33,138.52,136.51,134.49,132.57,130.77,129.06,127.47,126.10,126.12,126.98,128.03,129.14,130.03,130.50,130.55,130.49,130.37,130.02,129.45,128.79,128.09,127.40,126.71,126.03,125.33,124.53,123.75,123.01,122.24,121.51,120.79,119.80,118.33,117.12,116.38,115.76,115.06,114.14,112.60,110.91,109.48,108.82,108.89,109.42,109.56,108.87,108.08,107.25,106.45,105.66,104.83,104.05,103.51,103.32,103.56,103.99,104.45,104.91,105.40,105.95,106.57,107.39,108.37,109.75,113.61,118.18,121.67,122.75,121.57,119.90,118.24,116.77,115.79,115.95,116.87,118.09,119.58,122.43,126.35,129.91,131.94,131.24,129.38,127.45,125.94,125.42,126.26,127.33,128.56,130.18,132.43,134.54,135.63,136.07,137.54,138.95,140.40,142.03,143.58,143.18,141.55,139.85,138.97,139.82,141.62,143.32,143.20,138.86,136.79,138.29,140.82,141.81,139.93,138.21,136.51,135.19,135.76,137.05,138.44,139.30,138.93,137.81,136.55,135.90,136.36,137.86,139.10,140.76,142.97,145.18,144.90,143.73,142.94,143.38,144.73,147.33,148.69,148.33,147.90,146.51,145.61,145.41,145.80,147.13,148.74,150.23,151.17,150.88,148.15,145.09,142.74,142.03,143.58,147.00,150.56,152.97,155.06,155.57,154.78,153.08,151.31,148.64,146.12,144.07,142.62,141.81,141.56,141.09,139.79,137.44,134.98,133.31,132.14,130.34,128.61,127.01,125.97,126.09,127.31,129.02,131.54,134.47,135.72,132.94,129.72,126.95,124.36,121.80,119.81,118.11,116.49,114.98,114.55,114.35,114.08,113.79,113.47,112.91,112.10,111.11,110.30,109.76,109.36,109.08,108.95,109.22,109.84,111.70,116.20,120.35,123.54,126.16,128.40,130.11,131.03,131.73,132.31,132.45,132.31,131.89,131.45,131.37,132.10,132.31,132.45,132.88,133.69,134.59,135.42,136.07,136.35,136.39,136.49,136.60,136.72,136.90,136.30,134.59,132.17,130.27,129.28,128.49,127.92,127.84,127.99,128.07,128.13,128.16
141.03,143.59,146.97,149.37,150.52,150.60,150.35,144.44,138.78,136.86,134.93,133.11,131.40,129.78,128.16,126.36,125.40,125.23,125.74,126.86,127.81,128.38,128.61,128.82,129.04,128.88,128.38,127.72,127.06,126.37,125.74,125.23,124.79,124.13,123.42,122.73,122.02,121.32,120.63,119.53,117.69,115.98,114.74,113.88,113.23,112.45,111.04,109.33,107.71,106.73,106.80,107.38,107.90,107.95,107.29,106.50,105.69,104.88,104.07,103.35,102.97,102.89,103.04,103.38,103.79,104.25,104.79,105.53,106.34,107.30,108.33,109.60,112.65,116.72,119.70,120.04,118.65,117.28,116.05,115.03,114.61,115.28,116.50,117.92,119.69,123.40,127.47,130.52,131.61,130.28,128.42,126.48,124.89,124.40,125.31,126.58,128.08,130.01,132.65,134.10,134.27,134.10,135.72,137.59,139.57,141.47,142.80,142.36,140.92,139.19,137.85,138.23,139.94,142.08,142.62,138.39,135.13,136.28,139.25,141.08,140.06,138.45,136.66,135.06,134.62,135.67,136.81,137.46,137.29,136.60,135.44,135.06,136.12,137.85,139.30,141.06,142.97,143.97,142.73,141.09,140.16,140.74,143.03,146.35,147.01,144.85,143.72,142.37,141.59,141.40,141.77,143.04,145.13,147.40,148.93,147.98,144.91,141.39,138.64,138.25,140.08,143.57,147.48,150.78,153.07,154.08,153.83,152.50,150.71,146.93,143.38,140.77,139.38,138.69,138.72,138.57,137.41,134.58,132.32,131.09,130.36,128.89,127.34,125.79,124.68,124.70,126.25,127.98,130.15,132.70,134.55,133.06,130.60,128.00,125.25,122.39,120.03,118.07,116.36,114.66,113.57,112.93,112.53,112.19,111.88,111.44,110.84,110.12,109.47,109.14,108.89,108.66,108.66,108.99,109.46,111.09,115.58,120.06,123.12,125.44,127.44,128.79,129.50,130.31,131.23,131.68,131.87,131.84,131.72,131.64,131.97,132.00,132.22,132.89,133.73,134.56,135.42,136.26,136.96,137.38,137.61,137.74,137.86,137.93,136.81,134.91,132.71,130.95,129.71,128.78,128.30,128.50,128.78,128.99,129.12,129.16
140.31,142.25,145.10,147.73,149.63,150.36,150.26,145.01,139.72,137.52,135.64,133.93,132.33,130.81,129.27,127.46,125.59,124.13,123.66,124.25,124.96,125.55,126.00,126.47,126.98,127.06,126.73,126.18,125.57,124.93,124.44,124.20,124.08,123.64,123.03,122.38,121.74,121.07,120.34,119.16,117.14,115.09,113.32,112.10,111.42,110.66,109.34,107.68,105.97,104.66,104.69,105.17,105.89,106.60,106.30,105.59,104.78,103.95,103.19,102.59,102.41,102.48,102.58,102.80,103.15,103.62,104.29,105.27,106.27,107.29,108.30,109.46,111.67,115.18,117.56,117.07,115.35,114.37,113.69,113.28,113.67,114.94,116.42,117.92,119.91,124.34,128.33,130.68,130.87,129.32,127.33,125.30,123.68,123.35,124.41,126.00,127.88,130.14,132.86,133.19,132.41,131.93,133.71,136.10,138.75,141.04,142.11,141.73,140.59,138.87,137.04,136.93,138.63,140.99,141.81,137.69,133.38,133.99,137.01,139.46,139.72,138.53,136.83,135.03,133.63,134.21,134.97,135.35,135.26,135.08,134.20,134.22,135.85,137.75,139.44,141.18,142.50,142.17,140.64,139.06,138.30,139.27,142.30,145.72,145.48,141.75,139.81,138.84,138.36,138.20,138.49,139.69,142.25,145.26,147.27,145.29,142.08,138.36,135.33,135.40,137.43,140.76,144.78,148.85,151.31,152.52,152.68,151.84,149.97,145.17,140.99,138.39,137.36,136.39,136.23,135.94,134.58,131.66,129.92,129.10,128.56,127.37,125.96,124.50,123.38,123.26,124.94,126.76,128.76,130.98,133.02,133.02,131.57,129.24,126.33,123.05,120.23,118.00,116.29,114.53,112.86,111.75,111.18,110.80,110.48,110.12,109.73,109.31,108.86,108.57,108.34,108.21,108.41,108.84,109.35,110.98,115.46,120.17,123.25,125.23,126.51,127.18,127.51,128.33,129.48,129.98,130.41,130.95,131.43,131.59,131.48,131.55,132.03,132.88,133.72,134.48,135.33,136.28,137.24,138.04,138.42,138.62,138.75,138.78,137.53,135.75,133.90,132.25,130.54,129.34,128.85,129.20,129.65,129.99,130.17,130.19
138.08,139.11,140.31,142.67,146.03,149.44,150.08,147.25,142.84,138.51,136.51,134.91,133.49,132.16,130.81,129.34,127.51,125.54,123.69,122.04,121.89,122.32,122.85,123.42,124.05,124.40,124.46,124.31,123.76,123.28,123.08,123.17,123.14,122.80,122.32,121.77,121.14,120.51,119.63,118.23,116.12,114.04,112.08,110.61,109.68,108.77,107.22,105.61,104.08,102.72,102.55,103.04,103.87,104.78,105.26,104.73,103.89,103.06,102.33,102.00,101.96,102.04,102.13,102.30,102.59,103.18,104.13,105.19,106.29,107.37,108.40,109.50,111.64,114.52,115.64,113.62,111.86,111.33,111.41,111.94,113.08,114.75,116.41,117.97,119.98,124.44,128.31,130.35,130.02,127.94,125.55,123.35,121.94,122.34,123.60,125.70,128.19,130.68,132.74,131.90,130.56,130.34,132.69,135.93,138.80,140.82,141.54,141.23,140.19,138.26,135.96,135.75,137.80,140.15,140.63,136.28,131.92,131.21,133.19,136.36,138.19,138.23,137.09,135.32,133.72,133.08,133.03,133.16,133.12,133.03,132.87,133.59,135.53,137.56,139.43,140.91,141.62,140.80,139.27,137.63,137.11,138.85,142.08,144.62,143.73,140.01,138.15,137.25,136.66,136.42,136.97,138.61,141.13,143.98,145.88,143.65,140.50,136.27,132.56,133.12,135.72,139.24,143.13,146.97,149.65,151.04,151.45,150.80,148.45,142.96,139.03,136.97,135.62,134.31,133.83,133.25,131.91,130.05,128.69,127.68,126.81,125.78,124.48,123.12,121.98,121.54,122.53,124.24,126.66,129.51,131.63,132.47,131.74,129.75,126.79,123.15,120.19,117.94,116.22,114.45,112.70,111.27,110.31,109.92,109.61,109.28,108.95,108.62,108.32,107.98,107.77,107.83,108.34,108.94,109.46,111.49,117.24,120.88,123.28,124.40,124.24,124.44,124.35,124.78,125.67,126.35,127.38,128.87,130.23,130.81,130.82,131.31,131.97,132.66,133.45,134.34,135.32,136.35,137.34,138.29,138.94,139.32,139.45,139.40,138.32,137.01,135.59,133.60,131.46,129.94,129.36,129.94,130.82,131.25,131.36,131.27
135.59,136.02,136.15,137.97,141.64,146.34,148.20,148.00,145.06,139.84,137.61,136.11,134.82,133.61,132.37,131.09,129.50,127.53,125.04,122.12,120.68,120.17,120.21,120.42,121.00,121.56,122.02,122.32,122.05,121.85,121.90,122.15,122.16,121.90,121.51,121.03,120.37,119.60,118.55,117.08,115.05,113.04,111.07,109.41,108.15,107.06,105.28,103.54,102.06,100.97,100.78,101.20,101.93,102.85,103.78,103.63,102.98,102.21,101.63,101.51,101.55,101.65,101.77,101.90,102.20,102.90,104.01,105.11,106.24,107.36,108.44,109.58,111.65,113.46,113.48,111.21,109.86,109.63,110.05,110.96,112.48,114.34,116.16,117.88,119.93,123.99,127.61,129.26,128.36,125.89,123.33,121.39,120.47,121.26,123.01,125.82,128.77,131.00,132.06,130.67,129.26,129.27,131.76,135.74,138.87,140.63,140.81,139.90,138.51,136.40,134.11,134.13,136.32,138.64,139.07,135.01,130.91,129.37,130.28,133.13,135.75,137.15,137.01,135.59,133.92,132.39,131.72,131.63,131.60,131.55,131.74,132.80,134.88,136.97,138.97,140.18,140.32,139.11,137.54,136.11,136.10,138.56,141.87,143.63,142.36,138.79,136.68,135.43,134.66,134.57,135.80,137.87,140.31,142.91,144.68,142.67,139.49,134.90,130.75,131.26,134.10,137.80,141.61,145.08,147.76,149.35,149.80,149.01,146.76,142.12,138.64,136.43,134.43,132.60,131.71,130.98,129.94,128.86,127.72,126.58,125.50,124.47,123.18,121.86,120.72,120.11,120.55,121.85,124.47,128.03,130.50,131.50,131.19,129.66,126.73,123.04,120.11,117.91,116.19,114.43,112.63,110.97,109.69,109.16,108.81,108.50,108.19,107.90,107.63,107.41,107.41,107.73,108.38,109.05,109.78,112.20,118.27,121.08,122.45,122.64,121.80,121.76,121.53,121.64,122.16,122.78,123.97,125.95,128.00,129.34,130.15,130.95,131.72,132.44,133.30,134.29,135.34,136.38,137.38,138.41,139.28,139.88,140.10,140.03,139.32,138.47,137.34,135.21,132.88,130.95,130.14,131.11,132.16,132.50,132.50,132.39
133.00,133.16,132.93,134.00,136.84,141.39,144.76,146.99,145.98,141.37,138.87,137.43,136.22,135.00,133.77,132.53,131.25,129.65,127.33,124.29,121.43,119.49,118.57,117.99,118.27,118.83,119.46,120.08,120.27,120.46,120.74,121.03,121.04,120.85,120.50,120.00,119.28,118.27,117.12,115.73,113.98,112.13,110.27,108.47,106.86,105.55,103.61,101.65,100.12,99.48,99.43,99.68,100.16,100.92,101.91,102.31,102.03,101.40,101.10,101.10,101.18,101.30,101.50,101.60,101.94,102.69,103.85,105.01,106.12,107.26,108.41,109.65,111.53,111.96,111.22,109.89,109.25,109.18,109.51,110.29,111.79,113.64,115.61,117.62,119.82,123.20,126.34,127.47,125.95,123.33,120.92,119.59,119.34,120.17,122.61,126.28,129.54,131.06,130.97,129.55,128.45,128.61,130.85,135.35,138.79,140.40,139.89,137.78,135.65,133.45,131.66,132.11,134.15,136.38,137.13,133.98,130.34,128.49,128.46,130.11,132.70,135.35,136.50,135.81,134.11,132.09,131.04,130.74,130.65,130.61,130.80,131.83,133.90,136.00,138.10,139.04,138.61,136.99,135.34,134.44,135.21,138.28,141.60,142.82,141.37,137.96,135.24,133.32,132.30,132.57,134.73,137.12,139.53,141.95,143.60,142.16,138.83,134.09,129.83,129.82,132.42,136.19,140.02,143.21,145.69,147.43,147.72,146.56,144.94,142.35,139.46,136.54,133.74,131.29,129.99,129.24,128.63,127.94,126.90,125.75,124.61,123.44,122.10,120.78,119.65,119.01,119.13,119.87,122.38,126.48,129.55,130.22,130.06,129.02,126.20,122.77,120.03,117.91,116.19,114.41,112.58,110.79,109.29,108.52,108.10,107.76,107.44,107.13,106.85,106.90,107.27,107.91,108.54,109.18,110.34,113.07,118.38,120.62,120.77,120.09,119.33,119.30,119.20,119.17,119.29,119.64,120.57,122.55,125.02,127.32,129.39,130.47,131.31,132.28,133.27,134.33,135.37,136.39,137.41,138.47,139.47,140.25,140.66,140.67,140.48,140.04,139.07,137.08,134.88,132.57,131.45,132.72,133.59,133.71,133.61,133.53
130.23,130.58,130.37,130.78,132.74,137.08,141.13,144.15,144.74,142.36,139.85,138.42,136.97,135.36,134.21,133.06,131.89,130.64,129.10,126.67,124.21,122.10,120.45,119.09,118.25,117.39,116.70,116.73,117.15,117.81,118.54,119.12,119.08,118.91,118.37,117.52,116.81,116.03,115.08,114.06,113.00,111.32,109.52,107.73,106.00,104.41,102.59,100.86,99.48,98.77,98.65,98.76,99.04,99.56,100.29,100.84,100.93,100.68,100.66,100.76,100.88,101.02,101.20,101.33,101.53,102.22,103.47,104.67,105.89,107.13,108.37,109.54,110.51,110.48,109.90,109.20,108.73,108.69,109.02,109.70,110.75,112.45,114.62,117.14,119.97,122.92,125.02,125.28,123.46,121.18,119.49,118.55,118.44,119.59,122.33,126.67,130.16,130.96,130.34,128.64,127.59,127.97,130.18,134.40,138.10,139.88,138.56,135.60,132.80,130.71,129.69,130.13,131.53,133.42,134.69,133.36,130.35,128.06,127.31,128.44,130.56,133.19,135.27,135.94,134.20,131.99,130.59,129.93,129.59,129.35,129.65,130.74,132.67,134.92,137.27,137.72,136.31,134.22,132.76,132.78,134.50,137.97,141.17,142.14,140.63,137.31,134.34,131.86,130.64,130.96,133.09,135.47,138.29,140.88,142.35,141.33,137.67,133.11,129.32,128.78,130.31,133.59,137.62,141.43,143.88,145.28,145.32,144.10,142.66,140.83,138.72,136.26,133.34,130.73,129.32,128.44,127.66,127.05,126.16,125.09,123.91,122.65,121.36,120.14,119.06,118.31,118.32,119.11,121.22,124.61,127.96,129.08,129.14,128.13,125.43,122.48,120.00,117.93,116.13,114.31,112.47,110.72,109.28,108.43,107.73,107.14,106.68,106.40,106.30,106.75,107.44,108.20,108.88,109.66,111.45,114.41,118.04,118.95,118.46,117.60,117.01,117.29,117.58,117.68,117.72,118.10,118.95,120.61,122.90,125.56,128.02,129.81,131.16,132.21,133.26,134.34,135.40,136.46,137.56,138.64,139.60,140.36,140.84,141.26,141.42,141.14,140.40,139.22,137.75,136.06,134.86,134.80,134.94,134.89,134.80,134.72
127.35,128.11,128.10,128.32,129.75,133.49,137.76,141.12,142.86,142.47,140.48,138.90,136.98,134.91,133.76,132.71,131.68,130.77,129.94,128.25,126.32,124.29,122.26,120.51,119.09,117.51,116.02,115.28,115.13,115.18,115.48,115.96,115.91,115.80,115.26,114.46,113.98,113.58,112.95,112.31,111.75,110.39,108.73,106.97,105.21,103.44,101.74,100.31,99.15,98.32,97.96,97.91,98.05,98.40,98.93,99.51,99.89,100.06,100.28,100.45,100.60,100.75,100.89,101.05,101.13,101.71,102.94,104.18,105.47,106.75,107.97,109.00,109.32,109.17,108.86,108.55,108.14,108.11,108.47,109.09,109.80,111.23,113.65,116.78,120.16,122.76,123.74,123.13,121.19,119.29,118.14,117.63,117.83,119.25,121.96,126.55,130.14,130.53,129.56,127.70,126.69,127.26,129.59,133.30,136.96,138.82,137.00,133.60,130.63,128.74,128.14,128.43,129.34,130.81,132.28,132.41,130.24,127.78,126.40,126.98,128.84,131.28,133.84,135.51,134.12,131.83,130.04,128.91,128.28,127.84,128.35,129.58,131.46,133.90,136.45,136.42,134.12,131.75,130.51,131.38,134.03,137.92,140.93,141.63,140.07,136.83,133.68,130.81,129.29,129.37,131.26,133.65,136.76,139.57,141.10,140.41,136.33,132.02,128.93,128.04,128.64,131.08,134.82,139.16,142.09,143.17,142.92,141.71,140.33,138.85,137.30,135.41,132.86,130.41,129.02,128.01,127.02,126.32,125.47,124.45,123.30,122.06,120.87,119.70,118.54,117.62,117.72,118.70,120.50,123.16,126.41,127.91,128.32,127.59,125.13,122.57,120.22,118.13,116.25,114.36,112.50,110.76,109.30,108.39,107.46,106.66,106.06,105.81,106.01,106.77,107.67,108.51,109.28,110.40,112.51,115.06,116.75,116.59,115.87,115.17,114.85,115.39,115.96,116.26,116.45,117.07,118.04,119.50,121.59,124.39,126.97,129.23,130.90,131.94,132.90,133.90,134.97,136.07,137.21,138.34,139.28,140.05,140.70,141.45,142.00,142.03,141.57,141.00,140.10,139.02,137.86,136.74,136.19,136.04,135.99,135.93
124.33,125.73,126.14,126.94,128.47,130.98,134.98,138.44,140.64,141.20,140.51,138.52,135.91,133.41,132.10,131.15,130.39,129.81,129.33,128.37,126.56,124.55,122.69,121.20,120.46,119.84,118.98,117.51,115.54,113.16,111.44,111.03,111.02,111.01,110.97,110.95,111.03,111.09,110.90,110.52,110.02,109.21,107.78,106.10,104.38,102.62,100.97,99.78,98.92,98.06,97.25,96.96,97.04,97.39,97.91,98.46,99.03,99.58,99.98,100.19,100.35,100.49,100.59,100.73,100.78,101.22,102.25,103.48,104.77,105.93,106.94,107.78,108.15,108.16,107.99,107.73,107.42,107.41,107.80,108.47,109.13,110.16,112.91,116.69,120.31,122.58,122.50,121.17,119.30,117.69,116.59,116.65,117.66,119.18,121.43,125.62,129.08,129.57,128.41,126.64,125.74,126.42,129.07,132.13,135.27,136.94,135.20,131.99,129.63,128.02,127.11,127.20,128.03,129.09,130.12,130.73,129.72,127.56,125.66,125.42,127.54,129.96,132.36,134.14,133.77,131.53,129.23,127.48,126.54,126.02,126.82,128.34,130.35,133.03,135.67,135.23,132.37,130.06,128.99,130.43,133.86,138.34,141.06,141.38,139.72,136.58,133.22,130.27,128.26,127.70,129.31,131.82,134.91,137.89,139.90,139.43,134.84,130.82,128.61,127.67,127.86,129.06,131.66,135.99,140.18,141.19,140.63,139.44,138.11,136.71,135.26,133.74,132.09,130.24,128.95,127.91,126.90,125.89,124.85,123.81,122.78,121.73,120.69,119.41,117.98,116.83,117.24,118.46,120.23,122.51,125.16,126.60,127.62,127.72,125.72,123.35,120.87,118.61,116.68,114.70,112.82,110.95,109.27,108.23,107.27,106.41,105.72,105.45,106.07,106.95,107.88,108.78,109.68,111.43,113.24,114.35,113.96,113.45,113.06,112.84,112.92,113.50,114.11,114.65,115.27,116.40,117.74,119.33,121.41,124.16,126.73,128.83,130.35,131.28,131.93,132.72,133.72,134.86,135.97,137.16,138.17,139.15,140.16,140.96,142.03,142.66,142.63,142.08,141.27,140.38,139.38,138.26,137.33,137.13,137.15,137.13
121.94,123.42,124.93,126.66,128.53,130.55,133.82,137.05,139.03,139.08,138.01,135.89,133.52,131.51,130.64,130.05,129.53,129.09,128.74,128.19,126.70,124.98,123.36,121.95,121.33,120.92,120.36,119.30,117.89,115.61,112.74,109.99,109.31,109.14,109.08,109.06,109.10,109.17,109.08,108.78,108.27,107.70,106.57,105.08,103.38,101.76,100.56,99.63,98.80,97.91,96.99,96.38,96.16,96.38,96.85,97.45,98.09,98.64,98.91,99.74,100.20,100.34,100.45,100.53,100.49,100.77,101.55,102.64,103.77,104.80,105.71,106.44,106.92,107.00,106.91,106.78,106.60,106.80,107.36,108.15,108.90,109.76,112.50,116.37,119.92,121.58,121.01,119.45,117.56,115.92,115.88,116.87,118.37,120.03,122.21,125.69,128.11,127.71,126.52,124.97,124.67,126.07,128.67,131.43,134.19,135.58,133.92,131.19,129.08,127.41,126.19,125.95,126.73,127.78,128.77,129.38,128.35,126.43,124.55,123.83,126.02,128.58,131.11,133.10,133.25,131.17,128.79,126.65,124.91,124.24,125.08,126.67,128.82,132.00,134.82,134.31,131.29,129.00,127.71,129.19,132.99,138.03,140.60,140.82,139.26,136.34,133.00,130.05,127.67,126.58,127.83,130.07,132.94,135.91,138.15,137.76,133.41,129.96,128.35,127.25,127.16,127.98,129.74,132.76,137.08,138.69,138.34,136.89,135.60,134.32,133.03,131.81,130.78,129.68,128.75,127.82,126.77,125.69,124.64,123.62,122.61,121.56,120.55,119.23,117.62,116.22,116.65,118.04,119.82,121.85,124.01,125.34,126.44,127.05,126.30,124.05,121.48,119.15,117.19,115.25,113.19,111.13,109.31,108.23,107.18,106.19,105.36,105.05,105.86,106.83,107.83,108.87,109.91,111.35,112.14,112.12,111.49,111.03,110.85,110.88,111.16,111.83,112.74,113.82,115.09,116.58,117.99,119.77,122.05,124.82,127.33,128.47,129.12,129.71,130.38,131.32,132.41,133.59,134.81,135.95,137.02,138.15,139.39,140.45,141.68,142.69,143.26,143.10,142.40,141.59,140.71,139.72,138.79,138.32,138.15,138.16
120.25,121.80,124.43,127.01,129.17,130.95,133.48,136.07,137.37,136.59,134.87,132.83,131.02,129.75,129.35,129.08,128.75,128.40,128.09,127.80,126.75,125.45,124.11,122.72,122.04,121.60,121.18,120.71,120.30,118.88,115.76,111.29,109.13,108.49,108.21,107.91,107.67,107.53,107.37,107.06,106.53,106.04,105.21,103.97,102.40,101.04,100.31,99.59,98.72,97.79,96.86,95.99,95.41,95.38,95.81,96.42,97.02,97.42,97.49,99.08,99.98,100.22,100.34,100.36,100.26,100.29,100.69,101.68,102.63,103.55,104.40,105.08,105.64,105.78,105.75,105.77,105.87,106.35,107.10,107.99,108.82,109.61,112.16,115.79,119.02,119.99,119.14,117.55,115.75,114.39,115.59,117.52,119.42,121.25,123.48,125.89,126.87,125.50,124.33,123.15,123.50,125.53,128.04,130.71,133.20,134.41,132.96,130.68,128.69,126.91,125.39,124.74,125.50,126.64,127.68,128.13,126.79,125.05,123.32,122.33,124.49,127.27,130.03,132.24,132.72,130.84,128.44,125.90,123.34,122.49,123.20,124.78,127.20,130.87,133.91,133.48,130.45,127.92,126.54,128.00,131.87,137.07,139.72,139.94,138.60,136.10,132.96,130.09,127.45,125.77,126.29,128.22,130.84,133.82,136.42,136.39,132.36,129.32,128.03,126.73,126.48,127.30,128.56,130.28,134.28,136.27,136.03,134.30,133.04,131.93,130.86,129.93,129.34,128.88,128.34,127.62,126.66,125.59,124.57,123.57,122.56,121.47,120.45,119.00,117.21,115.61,116.01,117.50,119.29,121.08,122.78,123.94,124.99,126.03,126.59,124.64,122.12,119.75,117.74,115.79,113.55,111.29,109.38,108.28,107.14,106.04,105.07,104.64,105.54,106.56,107.62,108.74,109.84,110.71,110.54,109.79,109.39,109.11,109.08,109.27,109.71,110.51,111.87,113.52,115.29,117.03,118.45,120.50,123.02,125.52,127.48,127.58,127.44,127.83,128.68,129.87,131.12,132.37,133.71,134.82,135.97,137.24,138.61,139.92,141.18,142.45,143.56,143.93,143.53,142.82,142.01,141.18,140.32,139.59,139.19,139.20
120.24,122.26,125.52,128.32,130.36,131.93,134.17,135.13,134.91,133.75,132.18,130.63,129.47,128.76,128.39,128.13,127.84,127.52,127.23,127.03,126.59,125.88,124.86,123.52,122.73,122.21,121.76,121.31,120.97,120.28,119.00,116.31,110.72,108.86,108.19,107.54,106.86,106.20,105.75,105.34,104.81,104.28,103.67,102.76,101.62,100.84,100.20,99.46,98.59,97.66,96.73,95.82,94.97,94.41,94.78,95.29,95.68,95.81,95.76,97.94,99.47,100.08,100.16,100.17,100.10,99.72,99.38,100.40,101.37,102.22,103.00,103.69,104.30,104.52,104.57,104.76,105.51,106.38,107.24,108.04,108.83,109.61,111.73,114.62,116.97,117.28,116.25,114.81,113.62,113.79,115.87,118.36,120.70,122.78,125.00,125.51,124.65,123.07,121.93,121.48,122.11,123.89,126.54,129.47,131.98,133.31,132.48,130.35,128.41,126.60,124.88,123.67,124.41,125.64,126.64,126.79,125.44,123.78,122.13,121.15,123.19,126.20,129.20,131.59,132.32,130.68,127.96,124.82,121.84,120.77,121.08,122.67,125.67,129.58,132.85,132.74,129.68,126.14,125.43,127.26,130.62,134.74,138.11,138.34,137.38,135.87,133.25,130.67,127.95,125.41,124.07,125.94,128.50,131.71,135.26,136.68,132.49,129.00,127.41,125.96,125.80,126.98,128.58,130.28,133.68,134.61,133.70,131.88,130.60,129.80,129.12,128.49,128.02,127.71,127.40,127.05,126.56,125.58,124.57,123.60,122.61,121.47,120.40,118.56,116.40,114.81,115.29,116.81,118.48,119.97,121.16,122.07,123.19,124.59,125.91,124.96,122.85,120.53,118.38,116.12,113.76,111.44,109.44,108.34,107.25,106.13,105.00,104.23,105.10,106.12,107.12,108.10,109.03,109.39,109.18,108.66,108.20,108.07,108.10,108.39,109.07,110.09,112.16,114.13,115.74,117.54,119.04,121.59,124.22,125.45,125.37,124.94,125.02,125.86,127.04,128.46,129.92,131.34,132.67,133.97,135.30,136.66,138.03,139.35,140.65,141.95,143.21,144.23,144.65,144.24,143.42,142.63,141.78,141.00,140.53,140.45
120.13,121.84,125.73,128.94,130.98,132.15,133.50,133.42,132.53,131.22,129.54,128.69,128.23,127.88,127.45,127.18,126.92,126.64,126.39,126.22,126.01,125.64,125.03,124.16,123.38,122.75,122.27,121.87,121.49,121.05,120.52,119.14,114.76,111.32,109.21,108.13,107.41,106.62,106.00,105.47,104.89,104.29,103.64,102.74,101.66,100.88,100.16,99.37,98.50,97.59,96.77,95.88,94.86,93.89,93.73,94.00,94.15,94.01,93.87,95.85,97.69,99.04,99.95,100.09,100.04,99.23,98.07,98.90,99.95,100.91,101.72,102.38,103.00,103.46,103.90,104.51,105.54,106.59,107.51,108.30,109.09,109.96,111.69,113.69,114.88,114.42,113.28,112.23,111.93,113.40,116.31,119.17,121.57,123.48,124.73,124.08,122.53,121.05,120.25,120.12,120.59,121.77,123.97,127.02,129.85,131.72,131.71,129.64,127.52,125.47,123.55,122.47,123.34,124.69,125.70,125.59,124.13,122.41,120.84,120.09,122.09,125.38,128.68,131.18,131.83,130.18,126.99,123.39,120.64,119.50,119.58,120.82,123.61,128.24,131.97,132.08,128.78,124.28,124.22,126.59,129.89,133.30,136.12,135.97,135.13,134.32,132.85,130.83,128.15,125.13,122.78,123.70,126.17,129.90,134.32,136.30,132.19,128.49,126.57,124.91,125.15,126.80,128.81,130.63,133.26,133.02,131.62,130.08,128.92,128.24,127.66,127.13,126.72,126.44,126.20,126.05,125.92,125.37,124.50,123.60,122.66,121.52,120.42,118.40,115.93,114.05,114.44,115.81,117.33,118.67,119.61,120.31,121.43,123.05,124.83,125.11,123.44,121.12,118.84,116.38,113.96,111.59,109.55,108.44,107.28,106.08,104.86,103.91,104.42,105.34,106.29,107.17,107.88,108.08,107.82,107.35,106.99,107.15,107.57,108.20,109.12,110.64,113.04,115.20,116.95,118.78,120.77,122.90,124.19,123.67,122.69,122.47,123.06,124.35,125.84,127.43,129.00,130.50,131.88,133.26,134.63,136.00,137.34,138.63,140.01,141.35,142.66,143.99,145.02,145.25,144.86,144.09,143.30,142.62,142.16,142.01
119.94,120.94,125.16,128.79,130.90,131.65,131.82,131.13,130.03,128.67,126.84,126.67,126.84,126.80,126.49,126.25,126.02,125.78,125.56,125.40,125.18,124.97,124.77,124.50,123.83,123.15,122.62,122.27,121.82,121.36,120.90,120.35,119.28,114.58,110.88,109.38,108.83,108.10,107.40,106.75,106.12,105.41,104.58,103.51,102.25,101.20,100.26,99.39,98.53,97.69,97.03,96.23,95.16,93.87,92.97,92.78,92.59,92.22,92.01,93.29,95.04,97.06,99.21,99.95,100.04,98.86,96.93,97.29,98.45,99.63,100.58,101.25,101.89,102.67,103.61,104.71,105.79,106.87,107.84,108.68,109.49,110.53,111.94,113.08,113.02,111.84,110.67,110.09,110.65,112.97,116.74,119.88,122.08,123.58,123.45,122.20,120.66,119.44,119.01,118.92,119.05,119.59,121.09,124.08,127.26,129.81,130.66,128.56,126.11,123.74,121.78,121.26,122.33,123.80,124.84,124.45,122.85,121.05,119.56,119.12,121.10,124.72,128.32,130.90,131.26,129.38,125.69,121.83,119.63,118.51,118.53,119.33,121.53,126.99,131.22,131.41,127.74,122.44,123.04,126.02,129.49,132.44,133.93,133.13,132.19,131.89,131.76,130.45,127.92,124.75,122.00,121.73,124.19,128.58,133.63,135.46,131.51,127.71,125.41,123.60,124.29,126.44,128.91,130.96,132.76,131.58,129.92,128.79,127.72,126.99,126.36,125.82,125.43,125.11,124.87,124.80,124.92,124.94,124.33,123.53,122.67,121.57,120.49,118.36,115.59,113.25,113.50,114.63,115.98,117.26,118.13,118.77,119.89,121.58,123.63,125.10,123.88,121.58,119.22,116.64,114.18,111.77,109.67,108.54,107.29,106.00,104.73,103.69,103.65,104.36,105.26,106.07,106.54,106.75,106.48,106.01,105.94,106.47,107.42,108.45,109.64,111.88,114.45,116.76,118.72,120.56,122.76,123.75,123.14,121.06,119.98,120.35,121.55,123.21,124.94,126.63,128.23,129.74,131.19,132.57,133.89,135.20,136.47,137.66,139.16,140.62,141.95,143.39,144.80,145.80,146.13,145.56,144.88,144.34,143.94,143.72
119.80,120.36,123.50,126.79,129.15,129.90,129.28,128.07,126.64,125.14,123.77,123.59,123.96,124.61,125.41,125.40,125.19,124.97,124.79,124.58,124.35,124.16,124.00,123.84,123.50,122.97,122.42,121.98,121.44,120.98,120.59,120.15,119.30,115.86,112.79,111.11,110.48,109.81,109.16,108.51,107.80,106.93,105.87,104.65,103.33,102.17,100.85,99.78,99.01,98.45,97.93,97.34,96.42,95.06,93.80,92.38,91.41,90.95,90.65,91.05,91.70,93.08,95.92,99.18,100.01,98.82,96.56,95.78,96.93,98.49,99.85,100.75,101.50,102.52,103.72,104.94,106.00,107.11,108.15,109.07,109.94,111.15,112.56,113.30,112.37,110.90,109.95,109.57,110.00,111.96,116.55,120.06,121.99,123.09,122.38,121.09,119.76,118.63,117.94,117.64,117.82,118.52,119.77,122.08,124.97,127.76,129.12,126.70,123.85,121.55,120.23,120.30,121.56,123.13,124.10,123.22,121.62,120.00,118.69,118.27,120.18,124.07,127.93,130.51,130.49,128.13,124.25,120.55,118.77,117.55,117.79,118.76,120.87,126.31,130.57,130.51,126.39,120.90,122.27,125.70,129.23,131.79,131.82,130.07,128.87,128.89,129.35,128.59,126.50,123.66,121.08,120.88,123.90,128.75,133.61,134.42,130.37,126.17,123.31,121.79,122.34,124.75,127.85,130.47,131.51,130.64,129.39,128.21,126.75,125.75,125.06,124.53,124.11,123.79,123.57,123.55,123.78,124.08,123.85,123.20,122.36,121.58,120.60,118.11,114.80,112.09,112.40,113.41,114.63,115.88,116.86,117.96,119.22,120.79,122.91,124.79,124.01,122.00,119.71,117.12,114.55,112.00,109.78,108.57,107.37,106.16,104.94,103.78,103.01,103.42,104.17,104.80,105.12,105.39,105.17,104.98,105.80,106.84,107.94,109.08,110.64,113.80,116.96,119.38,121.20,122.90,122.67,121.76,120.58,119.30,118.67,119.44,120.87,122.56,124.24,125.85,127.38,128.87,130.31,131.58,132.80,133.99,135.07,135.85,137.62,139.50,141.12,142.49,143.86,145.23,146.42,147.00,146.56,146.06,145.62,145.32
119.67,119.95,121.74,124.11,126.16,126.78,125.88,124.58,123.28,122.13,121.34,121.22,121.76,122.89,124.30,124.48,124.33,124.16,123.98,123.77,123.55,123.36,123.19,123.05,122.92,122.54,121.99,121.50,120.95,120.47,119.98,119.37,118.42,116.34,114.27,112.77,112.02,111.32,110.64,109.95,109.24,108.31,107.13,105.81,104.47,103.31,101.98,100.89,100.10,99.56,98.97,98.46,97.68,96.34,94.72,92.55,90.95,90.20,89.94,89.90,89.90,90.57,92.95,97.40,99.19,98.19,95.41,94.26,95.56,97.47,99.21,100.43,101.29,102.47,103.83,105.14,106.26,107.37,108.44,109.45,110.46,111.81,113.11,113.54,112.25,110.49,109.59,109.24,109.42,110.82,115.31,119.26,121.65,122.39,121.51,120.31,119.13,118.00,116.96,116.60,116.97,117.91,119.08,120.90,123.55,126.25,127.38,124.72,121.82,119.75,118.95,119.70,121.07,122.44,123.09,121.94,120.36,118.83,117.72,117.66,119.49,123.25,127.19,129.92,129.57,126.79,122.97,119.63,118.03,116.61,116.99,118.18,120.31,125.55,129.82,129.58,125.16,119.64,121.43,125.00,128.28,130.08,128.57,126.33,125.28,125.76,126.54,126.17,124.53,122.00,119.57,120.83,124.65,129.69,134.10,133.35,128.76,124.29,121.34,120.29,120.60,122.48,125.40,128.52,129.61,129.66,129.01,127.75,126.06,124.74,123.85,123.23,122.81,122.46,122.27,122.30,122.62,123.15,123.21,122.67,121.82,121.13,120.03,117.19,113.64,111.06,111.41,112.36,113.54,114.85,116.10,117.51,118.84,120.34,122.40,124.40,123.92,122.17,120.00,117.41,114.73,112.05,109.75,108.55,107.41,106.26,105.09,103.91,102.77,102.65,102.99,103.44,103.71,103.99,104.04,104.43,106.10,107.53,108.98,110.92,113.63,116.66,119.44,121.36,122.47,123.08,121.44,119.70,118.41,117.74,117.69,118.74,120.25,121.89,123.46,124.97,126.44,127.89,129.31,130.45,131.53,132.54,133.43,134.10,135.93,138.04,139.96,141.48,142.82,144.37,146.00,147.34,147.63,147.56,147.29,146.95
119.54,119.70,120.11,121.12,122.23,122.53,121.88,120.97,120.27,119.97,119.78,119.86,120.58,121.86,123.19,123.47,123.44,123.33,123.16,122.94,122.76,122.57,122.38,122.29,122.21,121.90,121.41,120.89,120.47,119.94,119.21,118.25,117.30,116.24,115.17,114.17,113.33,112.51,111.69,110.94,110.28,109.45,108.29,106.98,105.69,104.64,103.72,102.78,101.83,101.00,100.12,99.52,98.81,97.58,95.57,93.23,91.22,89.97,89.91,89.90,89.89,90.00,90.88,94.66,97.36,96.72,93.33,92.74,94.40,96.58,98.63,100.19,101.15,102.41,103.86,105.28,106.57,107.67,108.72,109.85,111.10,112.58,113.62,113.80,112.64,110.45,109.38,108.90,108.81,109.65,113.01,117.40,121.04,121.51,120.79,119.68,118.52,117.37,116.01,115.86,116.55,117.68,118.87,120.50,123.04,125.36,125.58,122.82,120.31,118.53,117.94,119.47,120.85,121.70,121.79,120.64,119.07,117.46,116.63,117.30,119.09,122.29,126.09,129.11,128.57,125.51,121.99,119.10,117.46,115.72,116.09,117.42,119.65,124.54,128.86,128.59,124.03,118.66,120.39,123.78,126.53,127.15,124.12,121.93,121.47,122.46,123.44,123.30,122.05,119.83,117.72,121.62,126.37,131.29,134.95,132.26,126.75,122.24,119.76,119.23,119.33,119.92,121.76,125.12,127.03,128.40,128.55,127.33,125.61,123.96,122.72,121.93,121.54,121.16,121.00,121.09,121.50,122.25,122.47,122.00,121.08,120.11,118.60,115.50,112.13,110.22,110.57,111.53,112.75,114.20,115.86,117.33,118.69,120.18,122.06,123.97,123.58,122.00,119.98,117.41,114.64,111.89,109.59,108.48,107.38,106.25,105.12,104.02,102.93,102.10,101.81,102.06,102.34,102.59,103.14,104.40,106.80,108.54,110.69,114.11,118.48,120.21,121.53,122.28,122.16,120.84,119.32,117.97,116.88,116.28,116.87,118.09,119.55,121.09,122.56,123.98,125.39,126.81,128.22,129.24,130.12,130.88,131.56,132.45,134.16,136.26,138.46,140.36,141.80,143.33,144.94,146.49,147.95,148.74,148.89,148.60
119.34,119.41,119.51,119.90,120.36,120.45,120.15,119.69,119.32,119.16,119.12,119.37,119.97,120.90,122.05,122.46,122.50,122.42,122.33,122.12,121.95,121.77,121.61,121.53,121.53,121.29,120.83,120.32,119.99,119.63,119.04,118.17,117.25,116.38,115.51,114.64,113.79,112.94,112.17,111.50,110.91,110.25,109.39,108.48,107.64,107.00,106.08,105.08,104.03,102.83,101.72,100.94,100.17,98.98,96.82,94.18,91.68,89.94,89.90,89.86,89.84,89.86,90.26,92.53,94.36,93.82,91.42,91.77,93.69,95.93,98.06,99.92,101.08,102.40,103.85,105.27,106.67,107.94,109.13,110.44,112.22,113.81,114.97,115.30,114.03,110.70,109.26,108.63,108.31,108.98,110.79,115.09,119.80,120.52,119.56,118.09,116.68,115.56,114.68,115.20,116.33,117.63,118.81,120.24,122.44,124.46,124.67,122.34,120.02,118.04,117.05,118.88,120.42,121.07,120.81,119.56,117.82,116.15,115.64,117.03,118.91,121.94,125.31,127.96,128.06,125.27,121.93,119.13,117.31,115.15,115.20,116.53,118.80,122.73,127.31,126.95,122.14,117.52,118.93,122.16,124.45,123.92,120.50,118.45,117.84,118.46,119.82,119.95,118.79,117.61,118.63,123.69,128.75,132.98,134.97,131.13,125.19,121.00,119.10,118.49,118.44,118.85,119.96,121.93,123.67,125.63,127.01,127.05,124.99,123.06,121.59,120.66,120.32,119.98,119.92,120.19,120.82,121.66,121.98,121.52,120.31,118.44,116.04,113.10,110.58,109.56,109.95,110.84,112.09,113.66,115.42,117.06,118.63,120.24,122.01,123.54,122.91,121.23,119.23,116.82,114.25,111.67,109.45,108.36,107.28,106.18,105.07,103.99,102.91,101.91,101.31,101.22,101.38,101.61,102.75,104.87,107.76,110.63,114.26,117.79,120.27,121.12,121.43,121.23,120.45,119.09,117.78,116.55,115.50,115.01,115.97,117.27,118.64,120.05,121.44,122.82,124.24,125.68,127.09,128.09,128.56,128.86,129.29,130.29,132.23,134.49,136.76,138.87,140.65,142.39,144.13,145.85,147.59,149.02,149.80,149.80
119.07,119.08,119.16,119.23,119.26,119.25,119.18,119.05,118.87,118.70,118.75,119.11,119.56,120.12,121.00,121.43,121.53,121.49,121.45,121.28,121.12,120.97,120.83,120.79,120.83,120.67,120.30,119.85,119.57,119.34,118.96,118.30,117.45,116.59,115.74,114.89,114.05,113.23,112.56,111.97,111.42,110.84,110.27,109.75,109.34,109.10,108.27,107.23,106.04,104.63,103.34,102.35,101.43,100.25,98.20,95.35,92.52,90.43,90.00,89.85,89.81,89.82,90.02,90.91,91.66,91.25,90.07,91.06,93.10,95.29,97.39,99.43,100.85,102.26,103.70,105.13,106.60,108.07,109.53,111.15,113.33,115.12,116.51,116.91,115.15,110.88,109.12,108.35,107.86,108.50,109.22,112.88,117.65,118.66,117.45,115.81,114.42,113.59,113.52,114.65,116.13,117.54,118.78,120.14,122.08,123.84,124.13,122.29,120.25,118.15,116.63,117.88,119.42,120.01,119.53,118.29,116.44,114.98,114.92,116.80,118.76,121.62,124.54,126.89,127.71,125.29,122.13,119.31,117.15,114.57,114.35,115.66,117.94,120.94,125.47,125.12,120.36,116.28,117.33,120.37,122.25,120.83,117.31,115.40,114.53,114.53,115.74,116.17,115.83,116.48,120.54,126.17,131.25,134.51,134.59,130.15,124.06,120.20,118.73,117.89,117.67,118.08,118.75,119.49,120.81,123.01,125.44,126.76,124.31,122.07,120.48,119.53,119.17,118.91,119.05,119.54,120.34,121.23,121.58,121.12,119.68,116.95,113.83,111.17,109.44,109.01,109.40,110.20,111.42,113.04,114.78,116.48,118.31,120.23,121.97,123.08,122.21,120.40,118.33,115.99,113.63,111.29,109.29,108.19,107.14,106.08,105.01,103.95,102.86,101.84,101.05,100.63,100.63,100.78,102.42,105.30,108.72,112.76,117.27,120.25,120.61,120.66,120.15,119.22,118.08,117.11,116.01,114.89,114.00,113.82,115.01,116.34,117.65,118.97,120.28,121.64,123.09,124.59,125.97,126.63,126.69,126.64,126.94,128.17,130.48,132.93,135.24,137.47,139.51,141.42,143.28,145.16,147.01,148.93,150.25,150.59
118.69,118.71,118.82,118.85,118.81,118.81,118.74,118.61,118.45,118.35,118.52,118.88,119.28,119.70,120.17,120.41,120.51,120.52,120.46,120.42,120.30,120.14,120.03,120.07,120.09,120.02,119.85,119.56,119.27,119.02,118.76,118.37,117.67,116.84,115.99,115.15,114.31,113.63,113.03,112.46,111.85,111.19,110.70,110.37,110.19,110.12,109.75,108.80,107.47,106.13,104.76,103.54,102.37,101.14,99.70,96.84,94.09,91.96,90.34,89.94,89.84,89.80,89.84,90.03,90.18,90.07,89.88,90.61,92.51,94.54,96.48,98.48,100.26,101.82,103.28,104.75,106.28,107.95,109.85,111.96,114.19,116.39,118.06,118.11,115.17,110.75,108.88,108.01,107.49,108.17,108.98,111.13,113.86,114.97,113.78,112.57,111.86,111.88,112.88,114.31,115.81,117.27,118.70,120.30,122.24,123.81,123.91,122.47,120.96,119.17,117.16,116.17,117.29,117.91,117.51,116.50,114.81,114.09,114.68,116.61,118.61,121.03,123.66,126.12,127.44,125.32,122.44,119.59,116.75,113.83,113.56,114.95,117.18,119.58,123.36,123.24,119.22,114.88,115.66,118.40,119.96,118.19,114.60,112.82,111.85,111.15,110.95,111.70,113.91,117.70,123.22,128.89,133.67,135.66,133.75,129.50,123.61,119.92,118.55,117.45,116.95,117.23,117.87,118.58,119.42,121.45,124.35,126.40,123.65,120.99,119.42,118.64,118.14,118.03,118.53,119.28,120.09,120.97,121.25,120.79,119.31,116.18,112.91,110.60,109.19,108.62,108.87,109.56,110.68,112.21,113.83,115.27,117.44,119.97,121.82,122.53,121.58,119.73,117.43,114.95,112.63,110.63,109.03,107.95,106.97,105.98,104.96,103.94,102.86,101.84,100.94,100.28,100.09,100.08,101.94,105.38,109.55,114.45,118.15,119.85,119.39,118.61,117.42,116.12,115.01,114.39,113.43,112.60,112.24,112.72,113.95,115.26,116.58,117.89,119.20,120.53,122.00,123.60,124.93,124.49,124.15,124.14,124.64,126.46,129.21,131.86,134.17,136.45,138.45,140.33,142.24,144.23,146.32,148.48,150.09,150.76
118.32,118.36,118.44,118.43,118.36,118.32,118.25,118.14,118.02,117.98,118.22,118.55,118.92,119.28,119.50,119.64,119.73,119.78,119.77,119.74,119.67,119.55,119.44,119.51,119.59,119.58,119.45,119.21,118.95,118.70,118.47,118.20,117.73,117.04,116.25,115.42,114.69,114.05,113.46,112.86,112.20,111.55,111.09,110.81,110.67,110.58,110.22,109.32,108.00,106.61,105.23,103.92,102.69,101.52,100.28,97.91,95.42,93.23,91.39,90.42,90.00,89.83,89.80,89.76,89.72,89.67,89.69,90.13,91.49,93.26,95.20,97.18,99.17,101.01,102.75,104.47,106.20,108.02,110.16,112.59,115.05,117.44,118.99,118.78,115.69,110.81,108.74,107.80,107.21,107.87,108.75,110.14,111.58,112.00,111.22,110.61,110.49,111.06,112.57,114.21,115.87,117.51,119.13,120.88,122.40,123.27,122.99,122.09,121.13,119.74,117.75,115.72,115.05,114.89,114.68,113.96,112.91,113.09,114.34,116.28,118.29,120.51,123.00,125.55,127.20,125.22,122.40,119.46,116.27,113.04,112.26,113.32,115.60,117.97,121.31,121.26,117.58,112.88,113.46,116.20,117.31,114.49,111.13,109.54,108.69,108.32,109.12,111.18,114.60,119.62,126.38,131.33,134.63,135.27,132.63,128.52,122.88,119.35,118.02,116.82,116.18,116.42,117.15,118.05,119.07,121.25,123.98,125.56,122.49,120.14,118.77,117.97,117.39,117.43,118.07,118.97,119.90,120.73,120.92,120.33,118.75,115.69,112.60,110.40,109.01,108.30,108.28,108.87,109.78,110.88,112.14,113.82,116.60,119.67,121.53,122.05,121.12,119.13,116.39,113.87,111.60,109.85,108.60,107.59,106.62,105.60,104.59,103.61,102.57,101.59,100.67,99.94,99.64,99.70,101.49,105.05,109.96,114.52,116.48,116.66,115.79,114.76,113.61,112.63,111.94,111.63,111.17,110.85,110.93,111.67,112.92,114.26,115.66,117.14,118.68,119.92,121.29,122.62,123.25,122.37,121.77,121.73,122.52,124.96,128.00,130.80,133.19,135.33,137.38,139.40,141.43,143.51,145.63,147.82,149.55,150.47
117.97,118.02,118.03,117.98,117.91,117.83,117.75,117.68,117.61,117.59,117.87,118.18,118.50,118.80,118.89,118.97,119.05,119.13,119.19,119.14,119.11,119.04,118.94,119.01,119.15,119.17,119.06,118.84,118.61,118.37,118.14,117.91,117.65,117.15,116.47,115.73,115.10,114.47,113.85,113.21,112.53,111.91,111.46,111.19,111.03,110.82,110.34,109.45,108.21,106.76,105.36,104.02,102.78,101.65,100.50,98.69,96.53,94.33,92.56,91.06,90.23,89.91,89.81,89.74,89.66,89.58,89.54,89.70,90.41,91.84,93.74,95.74,97.89,100.01,102.07,104.08,106.10,108.14,110.47,113.11,115.78,118.28,119.58,119.13,116.10,110.85,108.63,107.62,106.94,107.52,108.40,109.32,109.93,109.67,109.36,109.34,109.69,110.62,112.43,114.32,116.18,118.00,119.76,121.47,122.37,122.44,121.81,121.39,120.89,119.90,118.13,115.69,113.30,112.17,111.94,111.45,111.15,112.18,113.95,115.89,117.88,120.05,122.50,125.08,126.84,124.91,122.05,118.93,115.38,112.01,110.71,111.33,113.59,116.16,119.29,119.18,115.62,110.88,111.43,114.11,114.72,110.89,107.68,106.12,105.62,106.22,108.66,112.16,116.41,122.02,129.36,133.38,134.97,134.36,131.44,127.20,121.96,118.71,117.37,116.12,115.44,115.78,116.70,117.85,119.24,121.65,123.93,124.55,121.28,119.43,118.28,117.37,116.72,116.94,117.67,118.67,119.75,120.51,120.58,119.83,118.15,115.41,112.56,110.39,108.91,108.06,107.66,108.15,108.85,109.52,110.35,112.20,115.62,119.34,121.21,121.61,120.74,118.61,115.41,112.72,110.58,109.10,108.11,107.18,106.18,105.13,104.11,103.16,102.16,101.20,100.33,99.61,99.22,99.41,100.92,104.26,109.75,113.56,113.87,112.80,111.75,110.74,109.89,109.40,109.21,109.12,109.14,109.35,109.82,110.72,112.04,113.45,114.98,116.67,118.45,119.57,120.71,121.59,121.35,120.26,119.53,119.54,120.68,123.55,126.79,129.77,132.29,134.25,136.35,138.53,140.73,142.88,144.95,147.04,148.77,149.81
117.70,117.66,117.61,117.54,117.46,117.38,117.31,117.27,117.22,117.21,117.44,117.74,117.97,118.12,118.25,118.33,118.41,118.51,118.62,118.62,118.56,118.49,118.43,118.50,118.65,118.70,118.64,118.45,118.23,118.00,117.77,117.53,117.30,116.98,116.59,116.10,115.48,114.82,114.18,113.53,112.85,112.22,111.82,111.57,111.37,110.98,110.43,109.54,108.36,106.94,105.55,104.18,102.83,101.58,100.55,98.98,97.09,95.11,93.34,91.73,90.64,90.06,89.89,89.80,89.71,89.61,89.50,89.50,89.74,90.59,92.09,94.27,96.53,98.79,100.97,103.11,105.58,108.13,110.75,113.44,116.11,118.58,119.74,118.95,115.48,110.59,108.47,107.41,106.64,106.99,107.60,108.25,108.74,108.79,108.68,108.92,109.43,110.36,112.48,114.85,116.95,118.75,120.46,121.59,121.68,121.15,120.56,120.24,119.90,119.11,117.63,115.61,113.48,111.75,110.55,109.98,110.28,111.69,113.56,115.44,117.40,119.69,122.26,124.75,126.02,124.04,121.03,117.43,113.17,110.19,108.93,109.21,111.02,113.99,117.24,116.83,113.16,109.68,110.64,112.70,112.72,109.01,105.29,103.13,103.42,106.03,109.41,113.48,118.94,125.24,131.09,134.37,134.84,133.49,130.36,125.05,120.75,118.14,116.72,115.40,114.90,115.72,117.09,118.40,119.94,122.50,124.08,123.50,120.50,118.94,117.81,116.76,116.02,116.47,117.42,118.53,119.61,120.31,120.23,119.33,117.72,115.49,112.78,110.57,109.00,108.02,107.06,107.32,107.95,108.56,109.15,110.26,114.17,118.94,120.93,121.30,120.45,118.29,114.79,111.37,109.63,108.54,107.61,106.72,105.69,104.66,103.64,102.66,101.66,100.67,99.88,99.31,98.81,99.05,99.89,102.37,107.85,110.98,111.07,110.05,109.12,108.37,107.85,107.66,107.66,107.50,107.58,108.06,108.90,110.08,111.63,113.29,115.02,116.82,118.60,119.49,120.15,120.39,119.47,118.19,117.59,117.99,119.61,122.14,125.47,128.76,131.57,133.48,135.45,137.76,140.17,142.35,144.29,146.10,147.58,148.33
117.74,117.69,117.59,117.51,117.41,117.28,117.14,117.00,116.87,116.82,117.01,117.23,117.37,117.47,117.61,117.70,117.78,117.88,118.02,118.06,118.03,117.97,117.92,117.97,118.13,118.23,118.24,118.07,117.84,117.61,117.39,117.16,116.92,116.69,116.43,116.10,115.60,115.08,114.50,113.86,113.19,112.55,112.20,111.96,111.68,111.11,110.50,109.60,108.41,106.99,105.65,104.30,102.94,101.62,100.49,99.00,97.30,95.50,93.80,92.18,91.06,90.35,89.97,89.83,89.74,89.63,89.48,89.38,89.38,89.81,90.92,93.06,95.44,97.82,100.16,102.59,105.40,108.27,110.97,113.52,116.01,118.33,119.56,118.79,115.05,110.53,108.52,107.41,106.48,106.39,106.77,107.25,107.70,108.04,108.34,108.84,109.48,110.48,112.82,115.41,117.69,119.51,120.87,121.17,120.67,119.94,119.47,119.23,119.00,118.33,116.99,115.17,113.24,111.40,109.84,109.08,109.56,111.05,112.97,115.02,117.18,119.58,122.14,124.48,125.43,123.45,120.37,116.40,111.51,108.75,107.25,107.30,109.23,112.40,115.48,115.16,111.83,108.51,109.62,111.19,110.79,107.26,103.33,101.19,102.30,106.28,110.32,114.99,121.55,128.28,132.41,134.84,134.36,132.18,128.58,122.84,119.08,116.90,115.54,114.31,114.22,115.45,117.18,118.81,120.57,123.03,124.00,122.70,120.15,118.68,117.45,116.25,115.36,115.88,116.91,118.08,119.18,119.90,119.80,118.88,117.30,115.28,112.91,110.74,109.07,107.98,106.83,106.63,107.00,107.63,108.31,109.24,113.33,118.51,120.66,121.06,120.28,117.93,113.94,110.47,108.96,108.02,107.11,106.21,105.21,104.22,103.22,102.20,101.19,100.20,99.44,98.91,98.42,98.76,99.38,101.26,105.86,108.47,108.58,107.71,106.84,106.27,105.95,105.91,106.00,105.97,106.37,107.20,108.30,109.64,111.49,113.37,115.25,116.96,117.86,118.01,118.08,117.96,117.05,115.96,116.01,117.06,118.94,121.24,124.31,127.47,130.31,132.50,134.63,137.04,139.48,141.60,143.41,145.05,146.13,146.21
118.02,118.00,117.89,117.78,117.66,117.44,117.21,116.89,116.61,116.48,116.57,116.66,116.74,116.84,116.98,117.07,117.15,117.26,117.39,117.47,117.49,117.45,117.39,117.42,117.61,117.78,117.84,117.69,117.47,117.23,117.00,116.78,116.54,116.31,116.07,115.81,115.49,115.21,114.74,114.15,113.55,112.88,112.57,112.33,111.92,111.20,110.56,109.63,108.38,106.93,105.64,104.33,103.00,101.67,100.32,98.85,97.29,95.67,94.04,92.49,91.47,90.75,90.09,89.86,89.75,89.63,89.47,89.33,89.24,89.42,90.19,92.12,94.61,97.06,99.57,102.35,105.39,108.45,111.13,113.40,115.57,117.67,119.00,118.39,114.67,110.59,108.69,107.53,106.41,105.79,105.97,106.41,106.89,107.48,108.29,109.04,109.82,111.01,113.45,116.05,118.37,120.15,120.94,120.39,119.53,118.84,118.51,118.33,118.17,117.58,116.31,114.50,112.67,111.03,109.59,108.54,108.89,110.31,112.31,114.66,117.15,119.64,122.11,124.25,125.05,123.15,120.09,115.89,110.42,107.70,105.71,105.55,107.92,111.22,113.94,113.95,111.27,107.39,108.16,109.30,108.70,105.46,101.65,100.06,101.97,106.78,111.42,116.81,124.15,130.92,133.44,134.88,133.57,130.56,126.30,120.72,117.19,115.18,113.95,112.95,113.40,115.02,117.08,119.14,121.11,123.28,123.78,122.20,120.12,118.60,117.23,115.86,114.78,115.17,116.17,117.35,118.48,119.25,119.25,118.45,116.94,114.90,112.95,110.89,109.10,107.95,106.84,106.08,106.01,106.68,107.67,108.86,112.85,117.90,120.36,120.84,120.11,117.42,112.81,109.88,108.48,107.52,106.59,105.67,104.73,103.79,102.81,101.76,100.75,99.81,99.03,98.43,98.05,98.52,99.26,100.78,104.02,106.04,106.22,105.55,104.76,104.28,104.06,104.08,104.27,104.56,105.44,106.62,107.88,109.25,111.33,113.45,115.47,116.85,116.30,115.42,114.92,114.69,114.27,113.74,114.78,116.61,118.58,120.75,123.40,126.14,128.81,131.37,133.81,136.27,138.63,140.67,142.38,143.89,144.45,143.75
118.38,118.38,118.29,118.20,118.08,117.84,117.56,117.18,116.77,116.43,116.15,116.07,116.13,116.25,116.35,116.44,116.55,116.66,116.77,116.84,116.90,116.89,116.85,116.95,117.11,117.28,117.37,117.30,117.09,116.86,116.63,116.40,116.16,115.93,115.67,115.40,115.14,114.90,114.58,114.21,113.81,113.23,112.85,112.48,111.97,111.26,110.59,109.58,108.25,106.75,105.39,104.01,102.61,101.26,99.92,98.69,97.40,95.96,94.36,92.88,91.91,91.17,90.41,89.97,89.77,89.63,89.47,89.32,89.15,89.28,89.97,91.68,94.04,96.46,98.97,101.74,104.89,108.28,110.99,112.95,114.87,116.81,117.48,116.44,113.44,110.47,108.78,107.51,106.25,105.36,105.49,106.12,106.97,107.90,108.74,109.61,110.71,112.31,114.62,117.08,119.00,120.12,120.30,119.63,118.78,118.04,117.58,117.39,117.27,116.79,115.67,113.97,112.37,110.89,109.42,108.02,108.23,109.72,111.93,114.54,117.14,119.68,122.03,123.96,124.79,123.11,120.42,116.26,110.10,107.12,104.51,103.81,106.14,110.07,112.44,112.49,110.39,106.81,105.41,105.62,105.42,103.24,100.08,99.46,102.17,107.59,113.23,119.75,126.53,132.06,134.21,134.22,132.42,128.97,124.04,119.24,115.81,113.54,112.14,111.58,112.42,114.60,117.22,119.53,121.48,123.26,123.66,122.33,120.28,118.76,117.31,115.79,114.40,114.34,115.17,116.28,117.35,118.13,118.38,117.98,116.86,114.89,112.97,110.94,109.14,107.94,106.75,105.61,105.17,105.72,106.91,108.30,111.71,116.31,119.88,120.54,119.43,116.11,111.09,109.18,108.03,107.07,106.14,105.21,104.24,103.30,102.35,101.36,100.36,99.49,98.69,98.03,97.81,98.40,99.21,100.54,102.90,103.48,103.33,102.97,102.59,102.24,102.15,102.36,102.85,103.68,104.79,105.99,107.22,108.51,110.10,112.64,114.81,115.50,113.76,112.25,111.58,111.48,111.59,112.31,114.22,116.47,118.52,120.69,123.27,125.80,128.11,130.30,132.68,135.10,137.44,139.56,141.33,142.45,142.62,141.78
118.74,118.75,118.71,118.65,118.52,118.28,117.96,117.54,117.05,116.53,115.95,115.63,115.58,115.69,115.75,115.83,115.94,116.06,116.13,116.23,116.32,116.33,116.31,116.47,116.62,116.77,116.90,116.91,116.70,116.47,116.25,116.01,115.78,115.53,115.26,114.98,114.75,114.52,114.28,114.03,113.77,113.33,112.93,112.47,111.91,111.26,110.59,109.56,108.19,106.64,105.15,103.64,102.14,100.71,99.44,98.39,97.31,96.08,94.66,93.29,92.33,91.55,90.71,90.06,89.76,89.56,89.39,89.22,89.08,89.25,89.89,91.36,93.60,95.98,98.41,101.07,104.32,107.89,110.65,112.51,114.28,115.98,116.06,114.67,112.31,110.14,108.58,107.21,105.90,104.97,105.30,106.24,107.40,108.52,109.48,110.59,111.96,113.65,115.52,117.49,118.95,119.68,119.67,119.00,118.12,117.28,116.65,116.43,116.32,115.98,115.14,113.62,112.20,110.76,109.15,107.41,107.52,109.12,111.51,114.26,116.93,119.53,121.77,123.53,124.58,123.18,120.92,116.89,109.92,106.04,102.98,101.81,103.54,107.42,110.08,110.59,109.07,105.85,103.05,102.25,101.95,100.64,98.60,99.43,103.20,109.23,115.70,123.16,129.05,132.91,134.42,133.30,130.81,126.80,121.50,117.34,114.03,111.82,110.62,110.38,111.22,113.67,116.84,119.76,121.62,123.12,123.43,122.29,120.39,118.82,117.28,115.64,114.03,113.50,114.14,115.20,116.15,116.72,116.99,116.99,116.56,115.26,113.31,111.13,109.19,107.82,106.47,105.06,104.38,104.82,106.25,107.86,110.86,114.94,118.88,119.81,118.13,114.44,109.92,108.66,107.67,106.71,105.78,104.83,103.84,102.88,101.94,101.01,100.01,99.13,98.27,97.56,97.55,98.22,99.04,100.12,101.54,101.29,100.98,100.83,100.77,100.59,100.66,101.06,101.90,103.30,104.61,105.89,107.10,108.22,109.39,112.31,114.33,113.97,111.52,109.82,109.08,109.09,109.73,111.25,113.65,116.18,118.43,120.67,123.10,125.41,127.47,129.41,131.57,133.88,136.19,138.34,140.13,140.93,140.82,139.93
119.07,119.13,119.14,119.09,118.96,118.71,118.35,117.91,117.39,116.76,116.03,115.39,115.13,115.18,115.19,115.27,115.35,115.43,115.51,115.65,115.75,115.78,115.81,115.96,116.11,116.27,116.42,116.51,116.33,116.09,115.86,115.63,115.40,115.11,114.84,114.60,114.37,114.14,113.86,113.59,113.35,113.08,112.72,112.27,111.73,111.17,110.56,109.59,108.24,106.62,104.97,103.30,101.66,100.14,98.94,97.95,96.97,95.95,94.92,93.70,92.70,91.83,90.93,90.11,89.68,89.42,89.19,89.00,89.05,89.31,89.87,91.07,93.28,95.63,97.94,100.44,103.79,107.30,110.10,112.13,113.86,115.22,114.97,113.50,111.47,109.56,107.99,106.57,105.29,104.58,105.44,106.75,108.04,109.16,110.45,111.94,113.45,114.77,115.88,116.99,118.01,118.84,119.20,118.54,117.54,116.54,115.73,115.48,115.33,115.14,114.70,113.49,112.13,110.59,108.75,106.71,106.77,108.50,110.99,113.71,116.48,119.13,121.29,122.96,124.38,123.30,121.50,117.64,109.83,104.31,101.00,99.47,99.97,102.86,106.48,108.06,107.14,104.22,101.44,99.67,98.55,97.75,97.36,100.17,105.32,111.98,118.98,126.89,131.69,133.66,133.89,132.09,128.54,123.81,118.58,114.75,111.68,110.04,109.55,109.44,109.85,112.14,115.81,119.78,121.50,122.85,123.05,121.89,120.35,118.68,116.99,115.27,113.62,112.68,113.15,114.13,114.92,115.05,114.97,115.28,115.87,115.95,114.04,111.57,109.31,107.61,106.01,104.45,103.62,104.01,105.74,107.61,110.49,114.03,117.16,118.47,116.12,112.51,109.58,108.44,107.43,106.47,105.52,104.53,103.59,102.62,101.64,100.70,99.70,98.72,97.74,97.00,97.23,97.90,98.67,99.37,99.77,99.64,99.46,99.39,99.44,99.49,99.73,100.39,101.65,103.58,105.09,106.54,107.80,108.66,109.70,112.84,114.23,112.45,109.94,108.50,107.76,107.77,108.94,110.50,112.91,115.62,118.21,120.61,122.73,124.75,126.78,128.75,130.60,132.71,134.93,137.01,138.70,139.37,139.12,138.11
119.39,119.50,119.56,119.53,119.40,119.11,118.70,118.16,117.54,116.87,116.14,115.44,114.93,114.68,114.72,114.80,114.87,114.94,114.98,115.09,115.17,115.23,115.30,115.45,115.60,115.78,115.97,116.08,115.93,115.68,115.43,115.20,114.96,114.67,114.40,114.17,113.94,113.71,113.42,113.14,112.91,112.63,112.34,111.97,111.50,111.00,110.47,109.56,108.23,106.57,104.87,103.17,101.51,99.99,98.96,98.02,97.09,96.18,95.27,94.12,92.99,91.93,90.98,90.12,89.61,89.23,88.93,88.88,89.08,89.38,89.82,90.79,92.93,95.25,97.56,100.05,103.44,107.08,109.93,111.87,113.39,114.07,113.51,112.16,110.48,108.75,107.19,105.71,104.49,104.17,105.22,106.61,107.97,109.27,110.61,112.00,113.31,114.41,115.36,116.28,117.22,118.10,118.73,118.20,117.22,116.11,115.03,114.50,114.27,114.14,113.90,113.17,111.98,110.45,108.51,106.19,106.17,107.97,110.53,113.27,116.15,118.91,121.08,122.69,124.04,123.15,121.56,118.03,110.58,104.18,100.22,97.90,97.31,99.37,102.11,103.75,103.71,101.71,99.27,97.06,96.07,96.99,98.46,102.75,108.69,115.75,123.64,129.61,132.86,133.79,132.55,129.62,124.95,119.98,115.62,112.24,110.23,109.21,108.86,108.93,109.44,111.77,115.57,119.80,121.35,122.55,122.68,121.59,120.27,118.10,116.03,114.22,112.64,111.73,112.05,112.94,113.70,113.45,113.00,113.22,114.17,115.22,114.42,112.36,110.04,108.16,106.35,104.28,102.99,103.16,105.02,107.03,109.60,112.55,115.18,116.09,113.90,111.12,109.41,108.42,107.44,106.45,105.47,104.47,103.53,102.56,101.55,100.54,99.54,98.53,97.51,96.69,96.75,97.28,97.93,98.46,98.66,98.66,98.55,98.48,98.60,98.92,99.36,100.78,103.14,105.58,106.81,107.96,109.05,109.92,111.27,113.51,113.59,110.93,109.02,107.71,106.89,106.88,108.25,109.73,112.02,114.76,117.62,120.42,122.58,124.57,126.59,128.57,130.01,131.90,134.01,135.79,137.28,137.89,137.54,136.35
119.74,119.89,119.97,119.94,119.80,119.46,118.98,118.34,117.64,116.94,116.24,115.55,114.85,114.31,114.29,114.34,114.41,114.47,114.49,114.56,114.63,114.69,114.79,114.94,115.09,115.29,115.50,115.65,115.53,115.27,114.98,114.75,114.52,114.23,113.96,113.73,113.49,113.26,112.98,112.70,112.46,112.16,111.89,111.60,111.22,110.76,110.31,109.49,108.27,106.67,105.00,103.30,101.65,100.20,99.26,98.35,97.48,96.64,95.75,94.65,93.40,92.17,91.11,90.13,89.52,89.04,88.70,88.83,89.18,89.51,89.92,90.81,92.82,95.10,97.35,99.68,102.83,106.54,109.53,111.51,112.80,112.85,112.08,110.84,109.35,107.77,106.19,104.71,103.64,103.79,104.90,106.26,107.66,109.10,110.42,111.61,112.69,113.66,114.60,115.52,116.45,117.38,118.19,117.82,116.87,115.65,114.33,113.51,113.19,113.08,112.98,112.69,111.72,110.28,108.26,105.70,105.58,107.44,110.11,112.90,115.87,118.72,120.94,122.47,123.65,122.88,121.44,118.34,111.86,105.18,100.44,97.20,95.56,96.35,97.81,99.19,99.86,98.88,96.81,94.85,94.63,97.23,100.46,105.88,112.36,119.63,127.76,131.69,133.37,133.24,130.59,126.38,121.16,116.40,112.87,110.17,109.17,108.62,108.27,108.59,109.32,111.75,115.58,119.81,121.20,122.23,122.32,121.34,120.19,117.58,115.04,113.01,111.55,110.78,110.95,111.69,112.44,111.96,111.20,111.24,112.29,113.97,114.47,113.11,110.94,108.87,106.61,103.85,102.08,102.13,104.00,106.13,108.48,110.96,113.18,113.61,111.90,110.09,109.26,108.44,107.49,106.50,105.48,104.49,103.54,102.56,101.53,100.47,99.47,98.46,97.41,96.50,96.20,96.54,97.05,97.51,97.73,97.81,97.78,97.82,98.09,98.65,99.26,101.52,105.12,107.87,108.79,109.60,110.54,111.49,112.85,113.79,112.66,109.67,108.30,107.03,106.08,105.98,107.49,108.95,111.20,114.02,117.19,120.29,122.54,124.53,126.55,128.52,129.61,131.22,133.10,134.60,135.93,136.48,136.03,134.67
120.13,120.32,120.32,120.26,120.11,119.76,119.15,118.47,117.75,117.00,116.31,115.61,114.91,114.29,113.90,113.85,113.91,113.98,114.04,114.12,114.15,114.19,114.28,114.44,114.59,114.75,114.97,115.25,115.10,114.82,114.54,114.31,114.08,113.78,113.51,113.28,113.05,112.82,112.54,112.26,112.01,111.71,111.41,111.13,110.83,110.38,109.97,109.35,108.45,107.19,105.62,103.94,102.36,101.05,99.99,99.09,98.27,97.45,96.52,95.46,94.22,92.91,91.58,90.18,89.38,88.85,88.56,88.91,89.34,89.81,90.47,91.67,93.39,95.55,97.55,99.19,101.46,104.92,108.28,110.81,111.93,111.74,110.96,109.73,108.01,106.48,104.85,103.47,102.79,103.47,104.58,105.86,107.21,108.59,109.87,110.98,111.97,112.91,113.84,114.77,115.69,116.62,117.44,117.28,116.28,114.87,113.48,112.48,112.12,112.02,112.00,111.91,111.25,109.96,107.90,105.14,104.87,106.84,109.74,112.68,115.58,118.53,120.74,122.14,123.23,122.48,121.15,118.73,113.94,107.99,102.50,98.25,95.57,93.84,94.24,95.22,95.97,95.78,93.97,93.72,95.28,98.62,103.22,109.18,115.95,123.06,129.47,132.78,133.15,131.33,127.56,122.02,117.73,114.05,110.78,109.26,108.49,107.92,107.67,108.35,109.27,111.84,115.73,119.80,120.99,121.87,121.95,121.13,120.14,117.49,114.42,111.86,110.59,109.98,109.91,110.38,111.08,110.72,109.88,109.75,110.63,112.39,113.91,113.53,111.86,109.51,106.09,102.43,100.38,100.61,102.29,104.66,107.15,109.50,111.32,111.61,110.63,109.59,109.07,108.41,107.53,106.55,105.55,104.55,103.56,102.56,101.55,100.53,99.53,98.52,97.48,96.44,95.60,95.67,96.10,96.58,96.83,96.83,97.00,97.43,98.08,98.80,99.49,102.50,107.14,109.73,110.58,111.31,112.31,113.35,113.56,112.92,111.35,109.16,107.69,106.32,105.10,104.76,106.47,108.18,110.64,113.81,117.44,120.45,122.62,124.57,126.53,128.46,129.46,130.57,131.94,133.39,134.73,135.20,134.63,133.16
120.70,120.77,120.59,120.38,120.18,119.85,119.20,118.51,117.80,117.07,116.37,115.67,114.98,114.31,113.74,113.47,113.44,113.51,113.55,113.63,113.64,113.67,113.73,113.89,114.07,114.24,114.47,114.81,114.66,114.38,114.10,113.87,113.63,113.34,113.07,112.84,112.61,112.34,112.07,111.80,111.53,111.26,110.96,110.68,110.41,109.99,109.51,108.92,108.21,107.32,106.09,104.64,103.22,102.00,100.88,99.92,99.08,98.26,97.30,96.27,95.05,93.65,92.06,90.33,89.30,88.72,88.56,88.98,89.44,90.15,91.13,92.43,93.92,95.73,97.43,98.82,100.56,103.70,106.99,109.51,110.25,109.76,108.72,107.32,105.68,104.39,103.10,102.25,102.25,103.22,104.27,105.47,106.79,108.15,109.52,110.65,111.62,112.55,113.47,114.38,115.27,116.08,116.58,116.89,115.87,114.13,112.65,111.53,111.07,110.92,110.85,110.72,110.26,108.96,106.75,104.06,104.30,106.58,109.58,112.57,115.44,118.40,120.58,121.85,122.70,121.91,120.49,118.31,114.63,110.02,104.70,99.80,95.85,92.44,91.78,92.15,92.63,92.68,91.86,93.10,95.82,99.56,105.34,112.43,119.75,126.43,131.05,132.79,131.77,128.63,123.81,118.93,115.30,112.26,109.69,108.58,107.78,107.36,107.48,108.39,109.39,112.20,116.14,119.83,120.88,121.47,121.44,120.73,119.73,116.94,113.56,110.77,109.70,109.13,109.06,109.43,109.99,109.75,109.01,108.80,109.45,110.97,112.71,113.30,112.54,110.20,106.35,102.05,99.64,99.76,100.99,103.16,105.48,107.67,109.46,109.95,109.56,109.04,108.73,108.28,107.53,106.62,105.61,104.61,103.64,102.65,101.64,100.64,99.67,98.65,97.57,96.46,95.41,95.13,95.34,95.70,96.00,96.38,96.96,97.66,98.43,99.24,100.77,104.18,108.51,110.72,111.82,112.59,113.28,113.73,113.31,112.08,110.29,108.24,106.72,105.31,104.00,103.66,105.62,107.51,109.93,113.21,117.31,120.74,123.03,124.94,126.77,128.38,129.16,129.99,131.03,132.28,133.47,134.01,133.50,131.93
121.18,121.08,120.70,120.35,120.07,119.79,119.19,118.51,117.81,117.12,116.42,115.73,115.03,114.34,113.67,113.16,113.02,113.03,113.05,113.11,113.14,113.14,113.18,113.33,113.55,113.74,114.00,114.37,114.23,113.94,113.66,113.42,113.19,112.90,112.63,112.40,112.16,111.86,111.61,111.34,111.05,110.81,110.52,110.24,109.98,109.59,109.03,108.41,107.80,107.20,106.38,105.23,104.03,102.92,101.81,100.78,99.89,99.05,98.06,97.06,95.85,94.39,92.63,90.63,89.29,88.62,88.60,89.03,89.49,90.39,91.64,92.95,94.30,95.76,97.19,98.53,99.99,102.76,105.61,107.64,107.92,107.16,105.82,104.32,103.00,102.10,101.34,101.17,101.83,102.94,103.94,105.13,106.48,107.86,109.37,110.52,111.46,112.34,113.26,114.08,114.86,115.45,115.58,116.40,115.56,113.64,111.94,110.61,109.98,109.67,109.43,109.20,108.81,107.43,105.11,102.72,103.71,106.36,109.49,112.52,115.40,118.33,120.47,121.61,122.11,121.27,119.68,117.49,114.58,111.36,106.58,101.31,96.27,91.83,90.22,89.92,90.05,90.12,90.47,92.91,96.42,100.58,107.48,115.73,123.46,129.44,132.22,132.03,129.57,125.41,120.12,116.58,113.41,110.78,109.00,107.93,107.03,106.88,107.50,108.58,109.65,112.67,116.61,119.85,120.79,121.08,120.91,120.27,119.07,116.16,112.68,109.88,108.95,108.31,108.28,108.59,108.99,108.88,108.30,108.08,108.53,109.74,111.32,112.69,112.89,110.82,106.89,102.13,99.32,99.18,99.95,101.69,103.69,105.73,107.63,108.48,108.55,108.37,108.19,107.93,107.41,106.65,105.70,104.70,103.76,102.78,101.78,100.78,99.84,98.79,97.67,96.52,95.40,94.77,94.69,94.95,95.37,96.28,97.26,98.16,99.01,100.13,102.83,106.31,109.61,111.36,112.64,113.35,113.59,113.40,112.69,111.37,109.50,107.31,105.60,104.12,102.84,102.59,104.73,106.79,109.14,112.49,117.06,121.05,123.58,125.46,126.97,127.97,128.41,129.06,130.05,131.23,132.26,132.88,132.49,130.85
120.92,120.71,120.34,120.00,119.72,119.52,119.13,118.51,117.81,117.12,116.42,115.73,115.03,114.34,113.65,113.01,112.66,112.53,112.54,112.56,112.61,112.64,112.67,112.82,113.04,113.29,113.61,113.98,113.84,113.56,113.26,112.98,112.74,112.45,112.18,111.95,111.72,111.42,111.16,110.90,110.61,110.36,110.07,109.80,109.55,109.20,108.64,108.02,107.41,106.81,106.13,105.24,104.34,103.53,102.60,101.61,100.64,99.72,98.81,97.82,96.56,95.11,93.49,91.29,89.47,88.54,88.60,89.03,89.50,90.25,91.33,92.66,94.12,95.59,97.02,98.40,99.87,102.20,103.90,104.53,104.42,103.52,102.29,101.19,100.68,100.43,100.39,100.66,101.34,102.46,103.56,104.94,106.52,108.09,109.60,110.65,111.40,112.05,112.94,113.51,113.91,114.12,114.18,115.18,115.31,114.11,111.65,109.70,108.61,107.85,107.25,106.97,106.44,105.00,102.91,101.26,102.72,105.80,109.29,112.55,115.46,118.42,120.53,121.47,121.46,120.56,118.83,116.58,114.03,111.35,106.93,101.80,96.76,92.45,90.28,89.55,89.57,89.79,90.79,93.56,97.49,102.65,110.89,119.30,126.41,131.13,132.00,130.08,126.05,121.47,117.97,114.94,111.99,109.61,108.10,106.97,106.23,106.51,107.64,108.90,110.22,113.08,116.72,119.78,120.53,120.68,120.50,119.78,118.00,115.21,112.17,109.71,108.64,107.74,107.50,107.62,107.85,107.90,107.41,107.31,107.86,108.98,110.31,111.71,112.35,111.02,107.17,102.16,99.01,98.57,99.24,100.36,102.03,104.05,105.97,107.19,107.41,107.27,107.09,106.88,106.79,106.51,105.88,104.89,103.95,102.97,101.97,100.97,99.98,98.88,97.73,96.58,95.43,94.49,94.17,94.51,95.44,96.62,97.69,98.65,99.85,102.45,106.22,109.12,110.83,112.20,112.82,112.81,112.69,112.78,112.29,111.15,109.38,107.02,104.55,102.77,101.59,101.48,103.39,105.61,108.27,112.03,117.02,121.19,124.14,125.93,126.61,126.21,125.97,126.71,128.28,130.23,131.35,131.81,131.44,129.87
120.31,120.05,119.73,119.41,119.15,119.02,118.82,118.38,117.79,117.12,116.42,115.73,115.03,114.34,113.67,112.98,112.45,112.13,112.07,112.03,112.09,112.13,112.16,112.31,112.53,112.83,113.23,113.60,113.44,113.14,112.85,112.57,112.31,112.01,111.74,111.51,111.27,110.98,110.71,110.45,110.16,109.92,109.65,109.39,109.14,108.82,108.26,107.64,107.02,106.40,105.76,104.99,104.22,103.51,102.74,101.87,101.00,100.08,98.88,97.29,96.10,95.26,94.31,91.94,89.72,88.52,88.52,88.94,89.39,90.03,90.97,92.38,93.91,95.40,96.84,98.21,99.53,101.09,101.91,101.86,101.60,100.91,100.04,99.38,99.28,99.34,99.66,100.13,100.80,101.97,103.52,105.26,107.04,108.63,109.95,110.89,111.58,112.10,112.55,112.67,112.71,112.72,112.74,113.88,114.80,114.27,111.39,109.20,107.80,106.66,105.58,104.84,103.99,102.61,100.92,99.97,102.05,105.71,109.60,112.97,116.00,118.76,120.60,121.25,120.81,119.41,117.31,114.93,112.62,110.06,106.01,101.31,96.61,92.50,90.24,89.40,89.43,89.89,91.84,95.03,99.55,106.02,114.79,123.04,128.94,131.52,130.26,126.79,122.54,118.66,116.06,113.30,110.75,108.71,107.28,106.05,105.66,106.34,107.74,109.18,111.02,113.82,117.00,119.62,120.16,120.22,120.09,119.42,117.33,114.71,112.08,109.89,108.63,107.52,106.83,106.57,106.70,106.83,106.44,106.52,107.25,108.34,109.50,110.84,111.71,111.02,107.51,102.43,99.03,98.29,98.54,99.32,100.65,102.39,104.34,105.88,106.19,106.01,105.83,105.63,105.84,105.96,105.77,105.09,104.18,103.19,102.19,101.19,100.18,99.06,97.91,96.75,95.58,94.35,93.89,94.31,95.53,96.83,97.99,99.26,101.23,104.90,108.64,110.94,111.85,112.51,112.30,111.74,111.49,111.91,111.86,110.96,109.21,106.61,103.64,101.57,100.51,100.58,102.23,104.75,107.68,111.67,116.92,121.22,124.40,125.82,125.54,124.30,123.47,124.03,125.72,128.02,129.64,130.35,129.93,128.06
119.43,119.16,118.92,118.64,118.41,118.33,118.29,118.10,117.70,117.11,116.43,115.74,115.04,114.36,113.73,113.04,112.37,111.85,111.64,111.55,111.58,111.62,111.65,111.81,112.03,112.39,112.85,113.21,113.01,112.70,112.42,112.17,111.88,111.57,111.30,111.06,110.82,110.53,110.27,110.02,109.72,109.48,109.24,109.01,108.75,108.44,107.88,107.26,106.64,106.01,105.33,104.58,103.78,102.99,102.32,101.61,100.90,99.93,98.00,95.48,94.50,94.70,94.81,92.47,90.03,88.58,88.39,88.75,89.21,89.77,90.64,92.17,93.71,95.20,96.64,97.96,98.97,99.56,99.80,99.77,99.61,99.33,98.98,98.70,98.64,98.72,99.10,99.59,100.29,101.63,103.84,106.06,107.98,109.47,110.55,111.36,112.03,112.46,112.15,111.69,111.43,111.35,111.30,112.44,113.84,113.91,111.24,109.09,107.53,106.05,104.47,102.98,101.72,100.41,99.19,98.91,101.73,106.06,110.33,113.68,116.88,119.27,120.63,120.88,120.01,117.80,115.14,112.59,110.35,107.58,103.92,99.84,95.67,91.88,89.94,89.31,89.48,90.38,93.45,97.28,102.67,110.59,119.14,126.74,130.84,130.62,127.22,122.68,119.34,116.91,114.30,111.70,109.67,108.00,106.52,105.18,105.35,106.38,107.81,109.45,112.00,114.86,117.49,119.28,119.59,119.65,119.63,119.13,117.08,114.66,112.33,110.32,108.83,107.55,106.27,105.53,105.59,105.70,105.44,105.74,106.68,107.76,108.86,110.09,111.08,110.89,107.96,102.98,99.44,98.35,97.86,98.50,99.49,100.82,102.76,104.52,104.88,104.65,104.44,104.31,104.63,105.05,105.33,105.20,104.41,103.44,102.44,101.44,100.43,99.31,98.15,96.97,95.76,94.32,93.75,94.22,95.52,96.83,98.10,99.89,102.84,107.15,110.03,111.77,112.58,112.29,111.26,110.39,110.19,110.91,111.39,110.73,108.90,106.01,102.80,100.58,99.65,99.87,101.27,104.14,107.27,111.36,116.73,121.17,124.36,125.21,124.00,122.43,121.19,121.35,122.67,124.81,127.16,128.48,128.04,125.65
118.24,118.23,118.04,117.82,117.66,117.63,117.58,117.47,117.29,117.00,116.46,115.79,115.10,114.41,113.74,113.05,112.36,111.72,111.28,111.16,111.09,111.07,111.14,111.31,111.60,112.00,112.45,112.78,112.57,112.29,112.03,111.73,111.44,111.16,110.89,110.61,110.34,110.07,109.83,109.59,109.33,109.09,108.86,108.61,108.33,108.05,107.50,106.88,106.26,105.63,104.91,104.14,103.36,102.56,101.80,101.09,99.97,97.98,94.63,92.42,91.80,92.37,93.41,92.57,90.47,88.75,88.18,88.51,89.04,89.60,90.42,91.93,93.47,94.99,96.42,97.59,98.17,98.42,98.53,98.55,98.48,98.31,98.14,98.01,97.98,98.25,98.74,99.29,100.15,102.22,104.69,107.03,109.16,111.05,112.29,112.89,113.08,112.87,112.02,111.28,110.70,110.23,109.82,110.16,111.16,112.17,112.07,109.48,107.49,105.69,103.72,102.09,100.67,98.92,97.56,98.51,101.98,106.63,110.97,114.17,117.30,119.42,120.39,120.09,118.28,115.49,112.59,109.74,106.80,103.64,100.35,96.79,93.13,90.49,89.34,89.22,90.01,92.08,95.56,100.67,107.64,116.48,124.55,129.38,130.33,127.72,123.59,120.20,117.69,115.47,112.94,110.70,108.86,107.19,105.64,104.40,105.17,106.60,108.14,109.86,112.98,116.09,117.97,118.01,118.29,118.58,118.85,118.71,117.17,114.98,112.75,110.72,109.05,107.48,105.90,104.85,104.61,104.60,104.56,105.07,106.11,107.19,108.27,109.44,110.53,110.86,108.59,104.19,100.56,98.67,97.58,97.58,98.39,99.73,101.42,103.19,103.50,103.22,103.07,103.06,103.42,103.91,104.37,104.60,104.39,103.67,102.70,101.69,100.64,99.54,98.34,97.02,95.57,94.01,93.37,93.77,95.05,96.40,97.83,99.86,103.11,107.85,110.47,112.00,112.63,111.70,110.45,109.56,109.47,110.40,110.95,110.29,108.26,104.99,101.62,99.91,99.23,99.31,100.44,103.11,106.42,110.82,116.43,120.94,124.04,124.70,123.18,121.14,119.88,119.78,120.52,121.91,124.14,126.07,126.16,124.00
117.10,117.30,117.17,117.02,116.94,116.92,116.85,116.78,116.73,116.64,116.29,115.77,115.13,114.44,113.75,113.05,112.37,111.68,111.06,110.83,110.66,110.59,110.64,110.82,111.19,111.61,112.04,112.34,112.14,111.88,111.61,111.30,110.99,110.73,110.47,110.19,109.90,109.65,109.41,109.17,108.94,108.69,108.45,108.20,107.92,107.67,107.13,106.51,105.88,105.23,104.47,103.70,102.93,102.16,101.33,100.35,98.38,95.29,91.68,90.19,89.90,90.50,91.84,92.45,90.82,88.95,88.02,88.33,88.92,89.53,90.34,91.80,93.32,94.83,96.13,96.97,97.22,97.33,97.41,97.47,97.47,97.38,97.36,97.43,97.63,98.11,98.67,99.23,100.19,102.84,105.53,108.13,110.64,112.91,114.34,114.66,114.31,113.50,112.27,111.16,110.18,109.29,108.54,108.30,108.99,110.72,112.67,109.72,107.32,105.22,103.04,101.36,99.61,97.40,96.04,98.41,102.53,107.28,111.46,114.43,117.39,119.21,119.65,118.61,116.16,113.04,109.93,106.75,103.21,99.73,96.58,93.53,90.78,89.32,89.02,89.66,91.28,94.36,98.67,105.34,113.45,121.85,128.75,130.71,128.98,124.86,120.74,118.40,116.40,114.23,111.90,109.92,108.16,106.44,104.82,103.86,105.05,106.77,108.50,110.55,114.03,116.73,117.51,116.20,116.47,116.93,117.50,117.95,117.45,115.58,113.31,111.09,109.17,107.39,105.66,104.34,103.72,103.61,103.77,104.47,105.56,106.67,107.77,108.91,110.05,110.68,109.17,105.48,101.81,99.17,97.62,96.84,97.38,98.79,100.32,101.95,102.17,101.85,101.71,101.84,102.27,102.81,103.38,103.88,104.20,103.71,102.76,101.77,100.75,99.67,98.39,96.88,95.24,93.60,92.89,93.26,94.60,96.01,97.58,99.69,103.03,108.23,110.76,112.00,112.33,111.03,109.66,108.78,108.81,109.95,110.51,109.58,107.24,103.80,100.64,99.42,98.88,98.78,99.69,101.92,105.46,110.31,116.16,120.68,123.67,124.22,122.60,120.36,119.11,118.71,118.92,119.82,121.72,123.89,124.45,122.76
116.15,116.41,116.33,116.25,116.23,116.23,116.15,116.08,116.01,115.93,115.80,115.59,115.12,114.44,113.75,113.05,112.40,111.75,111.08,110.58,110.34,110.19,110.14,110.37,110.78,111.20,111.60,111.91,111.74,111.46,111.16,110.85,110.55,110.25,110.02,109.82,109.58,109.29,109.03,108.80,108.56,108.26,108.01,107.78,107.53,107.29,106.80,106.17,105.48,104.79,104.03,103.26,102.51,101.79,100.98,99.34,96.05,92.06,90.25,89.67,89.65,89.92,90.60,92.07,90.96,89.14,87.97,88.28,88.90,89.59,90.46,91.87,93.33,94.75,95.72,96.00,96.11,96.19,96.27,96.34,96.41,96.42,96.62,97.08,97.78,98.46,98.99,99.48,100.47,103.24,106.23,109.43,112.55,115.00,116.50,116.48,115.63,114.43,113.00,111.31,109.81,108.60,107.58,107.37,108.16,110.13,112.55,109.59,106.87,104.55,102.33,100.54,98.16,95.61,94.69,98.63,103.42,107.98,111.72,114.40,117.06,118.50,118.11,116.14,113.74,110.59,107.23,103.73,99.98,96.30,92.95,90.50,89.25,88.76,89.30,90.98,93.63,97.26,103.31,111.71,119.92,125.92,130.63,130.24,127.01,122.68,119.32,117.16,115.21,113.20,111.22,109.34,107.58,105.80,104.17,103.69,105.00,106.80,108.84,111.61,115.15,116.32,115.48,113.84,114.06,114.53,115.39,116.69,117.88,116.50,114.05,111.40,109.10,107.30,105.53,103.97,102.93,102.79,103.11,103.92,105.07,106.22,107.36,108.56,109.64,110.23,109.60,106.61,103.02,99.89,98.05,96.44,96.54,97.93,99.48,100.83,100.95,100.59,100.36,100.67,101.22,101.86,102.53,103.19,103.82,103.45,102.53,101.60,100.71,99.62,98.20,96.48,94.78,93.09,92.35,92.75,94.32,95.85,97.45,99.50,102.81,108.58,111.06,111.87,111.69,110.33,108.84,107.92,108.05,109.39,110.01,108.49,105.71,102.46,100.09,99.11,98.47,98.23,99.09,100.62,104.47,109.93,115.99,120.45,123.30,123.78,122.23,120.19,118.94,118.09,117.93,118.96,120.41,122.26,123.00,121.93
115.27,115.52,115.52,115.49,115.49,115.48,115.41,115.36,115.31,115.23,115.15,115.08,114.84,114.41,113.83,113.15,112.48,111.81,111.12,110.50,109.90,109.48,109.40,109.88,110.38,110.84,111.23,111.47,111.27,110.98,110.67,110.37,110.14,109.94,109.77,109.61,109.44,109.13,108.80,108.49,108.18,107.87,107.62,107.39,107.16,106.91,106.42,105.79,105.09,104.35,103.59,102.81,102.08,101.43,100.73,98.93,95.11,90.71,89.78,89.43,89.42,89.58,89.99,91.08,90.71,89.50,88.24,88.24,88.93,89.78,90.78,92.15,93.37,94.32,94.92,95.13,95.18,95.25,95.30,95.40,95.68,96.12,96.66,97.35,98.21,98.93,99.54,100.45,102.05,104.71,107.81,111.55,115.27,117.58,118.21,117.40,115.95,114.34,112.64,110.86,109.21,107.76,106.46,106.13,107.05,109.12,111.45,109.74,107.11,104.38,101.68,99.05,96.02,93.99,94.44,99.43,104.05,108.21,111.62,114.09,116.52,117.14,116.09,113.86,111.47,108.29,104.88,101.12,96.73,93.01,90.45,89.03,88.75,89.23,91.25,93.91,97.31,102.58,109.68,117.21,123.86,128.47,131.03,129.20,125.22,120.76,117.76,115.47,113.60,111.96,110.38,108.52,106.69,104.82,103.32,103.60,105.18,107.07,109.30,112.48,115.11,114.53,112.60,111.51,111.77,112.40,113.54,115.23,116.92,116.45,114.27,111.43,109.03,106.90,104.70,102.93,102.05,101.97,102.45,103.33,104.46,105.62,106.82,108.01,109.06,109.65,109.32,106.53,103.20,100.37,98.44,96.58,96.02,96.67,97.99,99.14,99.42,99.24,99.06,99.59,100.38,101.18,101.91,102.64,103.34,103.07,102.26,101.42,100.64,99.21,97.46,95.59,93.77,92.08,91.54,92.19,93.78,95.44,97.20,99.62,103.38,108.99,111.35,111.76,111.07,109.68,108.16,107.00,106.83,108.00,108.23,106.62,103.95,101.04,99.41,98.53,98.00,97.92,98.78,99.92,103.93,109.72,115.91,120.38,123.03,123.49,122.11,120.20,118.68,117.42,117.00,118.15,119.41,120.81,121.42,120.67
114.73,114.85,114.80,114.75,114.73,114.73,114.66,114.64,114.60,114.53,114.47,114.44,114.40,114.24,113.83,113.24,112.57,111.87,111.18,110.47,109.53,108.79,108.59,109.31,109.97,110.49,110.87,111.01,110.76,110.48,110.20,109.94,109.79,109.70,109.58,109.44,109.33,109.03,108.65,108.25,107.88,107.56,107.28,107.01,106.76,106.51,106.03,105.40,104.69,103.94,103.19,102.45,101.77,101.17,100.57,98.81,94.78,90.17,89.65,89.31,89.20,89.29,89.55,90.04,90.29,89.74,88.52,88.13,88.92,89.99,91.09,92.30,93.20,93.67,93.99,94.26,94.31,94.41,94.55,94.78,95.33,96.19,97.04,97.87,98.74,99.54,100.42,101.87,104.06,106.50,109.73,113.88,117.89,119.64,119.25,117.75,115.87,113.94,112.01,110.05,108.25,106.64,105.16,104.75,105.87,108.04,110.30,110.08,107.53,104.29,101.00,97.25,93.74,92.35,94.14,100.13,104.40,108.16,111.32,113.65,115.90,115.71,114.13,111.85,109.38,106.19,102.73,98.70,93.77,90.25,88.70,88.34,88.98,90.88,94.27,97.67,101.62,108.27,115.75,121.80,126.63,130.19,130.89,128.07,123.69,119.14,116.16,113.60,111.75,110.40,109.15,107.38,105.53,103.70,102.45,103.51,105.35,107.32,109.72,113.25,114.55,112.45,109.86,109.34,109.66,110.48,111.86,113.73,115.64,116.17,114.34,111.27,108.61,106.15,103.56,101.73,101.16,101.16,101.78,102.74,103.84,105.01,106.22,107.38,108.37,108.98,108.83,106.18,103.19,100.81,98.84,96.92,95.71,95.46,96.34,97.32,97.81,97.85,97.78,98.51,99.61,100.60,101.39,102.15,102.83,102.66,101.98,101.23,100.52,98.74,96.59,94.47,92.50,91.00,90.73,91.58,93.22,95.00,96.98,99.88,104.22,109.39,111.56,111.61,110.44,109.06,107.57,106.19,105.64,106.36,106.05,104.49,102.20,99.81,98.73,97.89,97.52,97.74,98.61,99.52,103.59,109.56,115.84,120.33,122.79,123.21,122.00,120.16,118.31,116.69,116.11,117.32,118.47,119.48,119.83,119.19
115.28,114.80,114.32,114.05,113.98,114.03,113.97,113.90,113.86,113.84,113.82,113.77,113.70,113.62,113.50,113.20,112.63,111.94,111.23,110.48,109.49,108.45,107.80,108.51,109.48,110.15,110.45,110.45,110.19,110.01,109.86,109.69,109.58,109.50,109.39,109.25,109.16,108.98,108.62,108.19,107.81,107.44,107.03,106.65,106.32,106.07,105.59,104.95,104.27,103.62,102.97,102.36,101.78,101.22,100.58,99.00,95.05,90.36,89.67,89.26,88.98,88.89,89.10,89.49,89.76,89.48,88.58,87.75,88.75,90.11,91.19,91.84,92.31,92.67,93.00,93.33,93.47,93.74,94.27,95.01,95.84,96.80,97.73,98.58,99.39,100.51,102.13,104.05,106.16,108.36,111.92,116.13,119.47,119.62,118.65,117.21,115.50,113.56,111.55,108.77,106.41,104.78,103.45,103.26,104.69,107.19,109.84,110.71,107.87,104.02,100.17,95.16,91.75,90.50,92.59,99.94,104.14,107.65,110.71,113.07,115.27,114.69,112.84,110.50,107.74,104.60,100.91,96.52,91.69,89.11,88.28,88.60,90.47,95.24,99.11,102.56,106.65,112.89,119.26,124.29,128.16,130.66,130.42,127.22,122.80,118.21,114.56,111.59,109.52,108.07,106.87,105.40,103.89,102.45,101.71,103.33,105.29,107.26,109.88,113.96,113.41,110.77,108.36,107.67,108.04,109.01,110.41,112.31,114.66,116.05,114.42,110.78,107.08,104.54,102.16,100.60,100.32,100.39,101.10,102.13,103.27,104.43,105.60,106.66,107.52,108.10,108.30,106.10,103.51,101.35,99.30,97.40,95.78,94.74,94.81,95.68,96.23,96.43,96.57,97.38,98.88,100.14,101.01,101.76,102.31,102.25,101.74,101.04,100.33,98.37,95.79,93.11,90.91,90.13,90.14,90.91,92.81,94.71,96.93,100.31,105.17,109.74,111.55,111.28,109.83,108.50,107.13,105.81,104.92,104.72,103.74,102.28,100.70,99.24,98.22,97.25,97.13,97.75,98.66,99.53,103.46,109.36,115.75,120.16,122.52,122.87,121.63,119.76,117.67,115.88,115.22,116.43,117.49,118.32,118.37,117.42
115.72,114.99,114.28,113.83,113.64,113.58,113.42,113.27,113.17,113.15,113.15,113.11,113.05,112.98,112.94,112.79,112.44,111.95,111.33,110.60,109.70,108.54,107.45,107.54,108.49,109.22,109.53,109.58,109.49,109.46,109.46,109.43,109.38,109.29,109.17,109.06,108.97,108.83,108.52,108.13,107.74,107.36,106.93,106.51,106.11,105.81,105.36,104.79,104.17,103.55,102.97,102.38,101.83,101.28,100.68,99.56,96.05,91.37,89.93,89.40,89.07,88.82,88.74,88.93,89.07,88.87,88.23,87.47,88.37,89.69,90.80,91.33,91.67,91.96,92.27,92.64,93.08,93.64,94.45,95.43,96.39,97.39,98.34,99.28,100.29,101.62,103.38,105.36,107.44,109.59,112.93,116.67,119.45,119.20,118.06,116.58,114.91,113.05,111.08,107.80,104.77,102.70,101.72,101.64,103.08,105.80,109.20,110.95,108.27,104.05,99.56,94.00,90.81,89.75,91.86,99.19,103.42,106.89,109.97,112.44,114.60,113.70,111.60,109.11,106.15,103.02,99.28,95.03,90.80,88.57,88.14,89.32,92.57,98.37,102.48,106.18,110.55,116.68,122.04,126.32,129.42,130.76,129.63,126.13,121.78,117.32,113.36,110.36,108.24,106.63,105.19,103.61,102.20,101.15,100.91,102.28,104.40,106.87,110.09,114.30,112.44,109.53,107.16,105.98,106.39,107.30,108.66,110.66,113.43,115.74,114.31,110.19,105.87,102.75,100.83,99.81,99.61,99.80,100.42,101.40,102.59,103.78,104.97,105.91,106.64,107.23,107.66,106.01,103.79,101.71,99.68,97.94,96.31,94.91,94.14,94.28,94.64,94.94,95.29,96.38,98.06,99.56,100.65,101.30,101.80,101.81,101.44,100.79,100.07,97.84,94.93,92.06,90.14,89.68,89.79,90.58,92.73,95.00,97.45,101.26,106.60,110.26,111.33,110.72,109.23,107.86,106.62,105.38,104.31,103.50,102.33,101.07,99.81,98.63,97.56,96.65,96.80,97.73,98.71,99.61,103.56,109.38,115.56,120.03,122.25,122.47,121.17,119.32,117.15,115.18,114.34,115.46,116.45,117.05,116.82,115.69
116.09,115.31,114.48,113.91,113.56,113.33,113.04,112.79,112.62,112.53,112.49,112.46,112.41,112.34,112.27,112.18,112.08,111.86,111.39,110.74,109.99,108.81,107.34,106.52,107.23,107.95,108.31,108.49,108.62,108.76,108.90,109.01,109.03,108.93,108.84,108.78,108.72,108.61,108.39,108.07,107.68,107.29,106.90,106.48,106.04,105.66,105.26,104.79,104.24,103.64,103.10,102.53,101.94,101.39,100.84,100.23,97.40,93.03,90.71,89.88,89.43,88.97,88.54,88.47,88.40,88.16,87.73,87.27,87.85,88.94,90.08,90.79,91.17,91.46,91.78,92.23,93.00,93.88,94.84,95.88,96.88,97.90,98.86,99.93,101.29,102.78,104.39,106.21,108.29,110.50,113.36,116.35,118.58,118.57,117.47,115.91,114.22,112.46,110.48,106.80,103.19,100.72,100.15,100.13,101.35,104.11,108.33,110.95,108.66,104.27,99.18,93.49,90.50,89.63,91.52,97.93,102.21,105.84,109.09,111.79,113.86,112.72,110.37,107.67,104.59,101.46,97.88,94.04,90.55,88.34,88.12,90.13,94.60,100.49,104.81,108.91,113.71,119.81,124.41,128.03,130.36,130.61,128.70,125.00,120.76,116.51,112.44,109.61,107.52,105.75,103.97,102.09,100.70,99.98,100.11,100.87,103.11,106.30,110.32,114.44,111.64,108.48,106.02,104.28,104.66,105.46,106.73,108.77,111.84,115.18,113.97,109.44,104.75,101.06,99.68,99.23,98.98,99.31,99.78,100.65,101.86,103.10,104.28,105.10,105.73,106.38,106.97,105.85,103.98,101.92,99.96,98.43,96.97,95.46,93.98,93.19,93.17,93.46,93.97,95.32,97.05,98.75,100.14,100.81,101.29,101.35,101.08,100.50,99.59,97.05,93.95,91.19,89.83,89.46,89.58,90.47,92.84,95.57,98.40,102.62,108.21,110.83,110.97,109.94,108.42,106.98,105.91,104.86,103.75,102.59,101.48,100.42,99.26,97.99,96.85,96.11,96.51,97.69,98.76,99.77,103.80,109.48,115.31,119.91,121.98,122.03,120.69,118.86,116.63,114.50,113.46,114.45,115.39,115.76,115.30,114.08
116.46,115.64,114.79,114.12,113.65,113.37,113.06,112.77,112.51,112.28,112.06,111.85,111.74,111.70,111.63,111.55,111.51,111.42,111.17,110.71,110.05,108.84,107.12,105.74,106.02,106.52,106.88,107.21,107.40,107.55,107.70,107.85,107.96,107.98,108.02,108.10,108.18,108.24,108.23,108.05,107.62,107.23,106.84,106.42,105.98,105.58,105.20,104.78,104.33,103.82,103.38,102.85,102.27,101.68,101.09,100.50,98.67,95.78,93.30,91.58,90.27,89.33,88.83,88.53,88.25,87.90,87.49,87.23,87.29,87.95,89.04,90.16,90.64,91.17,91.79,92.50,93.34,94.21,95.10,96.05,97.06,98.10,99.14,100.39,102.09,103.85,105.52,107.23,109.15,111.46,114.04,116.26,117.73,117.87,116.83,115.28,113.58,111.75,109.33,104.85,101.34,99.77,99.40,99.44,100.09,102.32,107.01,110.71,108.89,104.52,99.27,93.63,90.47,89.52,90.97,95.69,99.87,103.98,107.91,111.18,112.87,111.66,109.16,106.16,103.03,100.04,97.01,93.78,90.40,88.11,88.02,90.22,94.89,101.17,106.02,110.90,116.30,121.94,126.57,129.30,130.48,130.09,127.81,124.27,120.21,115.94,111.75,109.02,106.96,105.12,103.24,101.36,100.13,99.50,99.49,100.02,102.09,105.70,110.43,114.59,111.07,107.26,104.41,102.53,102.63,103.57,104.72,106.28,109.31,113.83,113.12,108.30,103.24,100.26,99.22,98.81,98.52,98.86,99.35,100.14,101.24,102.53,103.43,104.08,104.73,105.53,106.16,105.46,103.89,101.85,100.02,98.50,97.04,95.57,94.12,92.91,92.24,92.14,92.66,93.62,95.39,97.27,98.95,100.23,100.71,100.83,100.69,100.08,98.31,95.46,92.56,90.33,89.53,89.31,89.47,90.43,92.99,96.05,99.89,104.62,109.47,111.12,110.45,108.70,106.61,105.09,104.49,104.01,103.26,102.09,101.00,99.90,98.69,97.40,96.24,95.78,96.37,97.59,98.80,100.17,104.13,109.51,115.11,119.80,121.61,121.57,120.33,118.34,115.76,113.54,112.55,113.45,114.38,114.61,114.08,112.91
116.38,115.58,114.84,114.33,114.03,113.83,113.55,113.27,112.98,112.70,112.41,111.95,111.54,111.24,111.10,110.99,110.95,110.92,110.81,110.52,109.91,108.73,106.97,105.32,104.92,105.10,105.52,105.96,106.13,106.28,106.44,106.59,106.74,106.84,106.95,107.13,107.36,107.63,107.87,107.91,107.57,107.17,106.78,106.37,105.94,105.55,105.16,104.78,104.38,103.91,103.52,103.05,102.52,101.97,101.40,100.81,99.75,98.13,96.10,93.82,91.72,90.10,89.22,88.73,88.32,87.87,87.45,87.25,87.03,87.25,88.07,89.47,90.30,91.08,91.90,92.77,93.65,94.52,95.40,96.29,97.25,98.25,99.31,100.64,102.53,104.46,106.25,107.99,109.84,112.04,114.39,116.01,116.87,117.09,116.25,114.75,113.02,111.04,108.02,103.26,100.09,99.18,98.80,98.91,99.28,100.99,105.37,110.04,109.36,105.34,99.62,94.06,90.62,89.41,90.39,93.86,97.83,102.37,106.95,110.67,111.88,110.45,107.76,104.55,101.45,98.61,95.92,93.17,90.26,88.00,87.85,89.95,94.51,100.96,106.52,112.27,118.25,123.59,128.03,130.02,130.40,129.63,127.04,123.67,119.73,115.34,111.14,108.53,106.54,104.66,102.74,100.89,99.80,99.19,98.99,99.48,101.57,105.48,110.52,114.33,110.42,105.84,102.55,100.99,100.90,101.64,102.49,103.68,106.62,111.42,111.66,107.75,102.65,99.99,98.99,98.47,98.08,98.37,98.92,99.68,100.65,101.85,102.53,103.03,103.66,104.52,105.23,104.99,103.78,101.83,100.04,98.53,97.10,95.69,94.30,92.93,91.81,91.26,91.44,91.89,93.47,95.37,97.24,98.88,99.62,99.83,99.67,98.81,96.32,93.45,91.08,89.63,89.17,89.16,89.50,90.67,93.62,96.95,101.88,106.88,110.31,110.99,109.41,106.88,104.35,103.12,103.00,103.07,102.72,101.64,100.58,99.41,98.16,96.85,95.66,95.44,96.16,97.42,98.74,100.44,104.31,109.44,114.91,119.60,121.20,121.11,119.90,117.45,114.50,112.41,111.65,112.45,113.33,113.48,112.92,111.83
115.84,115.17,114.65,114.55,114.68,114.69,114.51,114.27,114.03,113.79,113.51,112.77,111.85,111.03,110.72,110.53,110.45,110.38,110.26,110.06,109.49,108.40,106.80,105.15,103.94,103.76,104.26,104.74,104.88,105.02,105.17,105.33,105.49,105.60,105.74,105.96,106.34,106.82,107.31,107.62,107.52,107.12,106.72,106.33,105.93,105.55,105.16,104.78,104.37,103.91,103.52,103.07,102.63,102.20,101.73,101.19,100.58,99.82,98.68,96.27,93.58,91.20,89.65,89.00,88.53,88.04,87.57,87.32,87.09,86.92,87.25,88.76,90.15,91.16,92.03,92.94,93.86,94.78,95.70,96.60,97.47,98.34,99.34,100.69,102.62,104.56,106.53,108.45,110.30,112.19,114.29,115.51,115.97,116.25,115.76,114.37,112.57,110.41,106.75,102.28,99.54,98.82,98.29,98.42,98.87,100.18,103.51,109.02,110.03,106.66,100.19,94.71,90.91,89.28,89.80,92.55,96.32,101.17,106.24,110.20,110.85,109.06,106.16,102.87,99.88,97.20,94.62,92.21,90.17,88.03,87.65,89.39,93.61,100.00,106.34,112.95,119.44,124.71,128.72,130.20,130.20,129.24,126.40,123.23,119.35,114.78,110.57,108.14,106.22,104.34,102.43,100.64,99.61,98.94,98.60,99.23,101.53,105.66,110.63,113.61,109.63,104.32,100.60,99.74,99.59,99.79,100.17,101.15,103.95,108.13,109.82,108.08,103.16,100.19,98.94,98.23,97.66,97.81,98.43,99.19,100.04,101.04,101.61,101.99,102.50,103.35,104.18,104.46,103.66,101.85,100.05,98.57,97.21,95.87,94.49,93.16,91.84,90.84,90.38,90.33,91.47,93.17,95.05,96.69,97.92,98.29,97.91,96.65,93.76,91.20,89.63,89.09,88.78,89.05,89.72,91.33,94.85,98.50,104.34,109.19,110.71,110.41,107.80,104.52,101.84,101.28,101.56,102.07,102.10,101.16,100.15,98.93,97.64,96.33,95.12,95.04,95.88,97.19,98.59,100.52,104.31,109.28,114.67,119.31,120.78,120.68,119.37,116.17,112.89,111.13,110.77,111.44,112.26,112.32,111.78,110.80
115.48,115.06,114.83,114.99,115.37,115.63,115.62,115.44,115.21,114.94,114.52,113.60,112.50,111.46,110.75,110.39,109.97,109.53,109.15,108.66,108.07,107.12,105.70,104.13,102.95,102.64,103.00,103.48,103.61,103.75,103.90,104.08,104.31,104.61,104.97,105.40,105.88,106.41,106.92,107.30,107.36,107.08,106.68,106.26,105.89,105.54,105.16,104.75,104.33,103.91,103.52,103.08,102.64,102.25,101.79,101.30,100.81,100.29,99.49,96.80,93.96,91.53,89.79,89.14,88.67,88.17,87.69,87.40,87.12,86.84,87.01,88.41,90.02,91.12,92.00,92.92,93.81,94.72,95.63,96.52,97.41,98.26,99.20,100.50,102.45,104.50,106.62,108.66,110.47,111.96,113.66,114.65,115.04,115.42,115.45,114.24,112.45,110.30,106.60,102.10,99.35,98.58,97.90,97.95,98.50,99.60,102.09,108.36,110.00,107.13,101.02,95.49,91.26,89.19,89.20,91.24,95.42,100.46,105.43,109.17,109.52,107.52,104.53,101.25,98.46,96.20,94.12,92.16,90.36,88.32,87.52,88.72,92.58,98.90,105.25,112.08,118.94,124.40,128.63,130.08,129.81,128.55,126.07,123.30,119.77,115.20,110.01,107.71,105.93,104.02,102.13,100.45,99.33,98.57,98.31,99.19,101.61,105.92,110.80,112.69,108.73,103.51,99.83,99.08,98.77,98.82,99.10,99.79,101.65,105.83,109.73,110.27,104.55,100.72,99.10,98.28,97.52,97.06,97.53,98.23,99.02,100.05,100.61,100.97,101.42,102.17,103.09,103.88,103.46,101.72,99.98,98.56,97.23,95.92,94.62,93.31,92.00,90.86,90.04,89.74,90.27,91.30,92.66,94.20,95.60,95.90,95.36,94.11,91.62,89.93,88.95,88.58,88.77,89.26,90.71,93.23,96.97,101.92,106.90,110.17,110.67,109.54,105.78,102.28,100.26,100.10,100.45,101.00,101.18,100.42,99.41,98.23,97.01,95.78,94.65,94.67,95.64,97.06,98.49,100.40,104.19,109.01,114.14,119.02,120.42,120.19,118.67,114.83,111.37,109.85,109.76,110.36,111.10,111.13,110.63,109.74
115.60,115.44,115.42,115.69,116.12,116.48,116.67,116.61,116.41,116.11,115.46,114.41,113.25,112.11,111.08,110.44,109.67,108.87,108.24,107.38,106.58,105.61,104.36,103.01,102.03,101.67,101.79,102.22,102.37,102.56,102.80,103.06,103.41,103.86,104.41,105.00,105.55,106.09,106.58,106.97,107.13,107.01,106.64,106.22,105.85,105.53,105.16,104.73,104.30,103.90,103.50,103.07,102.64,102.22,101.75,101.27,100.79,100.16,98.87,95.71,93.11,91.22,89.76,89.18,88.72,88.25,87.78,87.44,87.12,86.80,86.90,88.16,89.90,91.06,91.94,92.85,93.71,94.62,95.51,96.38,97.29,98.16,99.02,100.19,102.03,104.23,106.54,108.72,110.52,111.70,112.87,113.62,114.04,114.49,114.91,114.05,112.48,110.49,107.27,102.46,99.35,98.44,97.59,97.44,98.05,99.08,101.02,107.33,109.30,107.03,101.62,96.19,91.61,89.14,88.69,90.02,93.75,99.09,104.21,107.37,107.56,105.58,102.80,99.88,97.45,95.59,93.91,92.28,90.52,88.49,87.33,88.09,91.67,98.06,104.13,110.78,117.68,123.34,127.65,129.19,128.79,127.16,125.19,123.11,120.03,115.27,108.85,106.06,104.40,102.90,101.41,100.05,98.89,98.13,98.07,99.19,101.91,106.46,111.13,111.85,107.86,102.93,99.46,98.64,98.11,98.13,98.48,99.08,100.16,104.31,109.65,111.89,106.27,101.82,99.64,98.51,97.63,96.70,96.77,97.19,97.81,98.84,99.39,99.79,100.27,100.99,101.99,103.14,103.07,101.52,99.86,98.48,97.17,95.88,94.63,93.33,92.06,90.85,89.84,89.37,89.47,89.95,90.77,92.05,93.39,93.59,92.95,91.78,89.95,89.01,88.48,88.30,88.92,89.77,92.07,95.56,99.72,105.39,109.02,110.63,110.20,107.34,103.25,100.28,99.05,99.16,99.47,99.93,100.11,99.54,98.59,97.56,96.48,95.33,94.25,94.23,95.25,96.79,98.30,100.18,103.88,108.46,113.26,118.19,119.70,119.19,117.11,113.11,109.97,108.75,108.80,109.36,109.99,109.96,109.47,108.66
116.58,116.61,116.67,116.78,116.95,117.17,117.56,117.69,117.62,117.24,116.29,115.17,114.02,112.88,111.81,110.77,109.72,108.78,107.96,106.77,105.37,104.08,103.00,102.05,101.28,100.83,100.72,100.99,101.15,101.53,102.01,102.50,103.00,103.52,104.06,104.63,105.23,105.77,106.27,106.63,106.79,106.89,106.61,106.22,105.85,105.53,105.16,104.73,104.30,103.90,103.46,103.04,102.62,102.16,101.63,101.11,100.57,99.42,96.20,92.29,90.49,90.02,89.52,89.05,88.63,88.23,87.83,87.45,87.08,86.74,86.79,87.94,89.79,90.99,91.88,92.79,93.65,94.55,95.44,96.31,97.23,98.09,98.87,99.77,101.23,103.65,106.21,108.58,110.49,111.54,112.03,112.44,112.90,113.36,113.81,113.60,112.67,111.03,109.07,103.49,99.58,98.46,97.40,96.85,97.37,98.57,100.46,105.41,107.57,106.18,101.65,96.66,91.94,89.17,88.38,88.99,90.36,96.22,102.19,104.28,104.49,102.93,100.89,98.93,97.21,95.55,93.91,92.27,90.50,88.29,87.01,87.61,91.07,97.81,103.40,109.31,115.69,121.42,125.25,126.96,126.62,124.48,123.07,122.21,119.61,114.22,106.49,102.03,100.42,100.18,99.88,99.18,98.20,97.59,97.88,99.19,102.60,107.48,111.75,111.29,107.09,102.52,99.36,98.40,97.56,97.58,98.19,99.11,100.09,103.91,108.82,111.55,108.25,103.92,100.84,99.00,98.09,97.16,96.48,96.20,96.44,97.28,97.76,98.27,98.92,99.79,100.90,102.14,102.37,101.25,99.66,98.30,96.98,95.69,94.44,93.14,91.83,90.62,89.62,89.03,89.13,89.48,89.94,90.72,91.68,91.79,91.14,90.03,89.08,88.34,88.08,88.42,89.21,90.75,93.80,98.16,103.34,108.15,110.27,110.66,109.06,102.68,99.93,98.75,98.18,98.37,98.62,98.86,98.89,98.49,97.77,97.05,96.18,95.07,93.97,93.64,94.54,96.21,97.90,99.85,103.25,107.42,111.81,116.30,118.26,117.19,113.90,110.63,108.75,107.99,107.98,108.52,109.02,108.88,108.33,107.52
117.92,118.00,118.08,118.16,118.23,118.33,118.59,118.72,118.63,118.16,117.18,116.54,116.02,115.50,115.00,114.48,113.96,112.70,110.09,107.58,105.66,104.07,102.68,101.42,100.61,100.16,100.03,100.27,100.57,101.03,101.58,102.11,102.65,103.20,103.74,104.29,104.86,105.41,105.91,106.28,106.47,106.66,106.50,106.19,105.85,105.53,105.13,104.71,104.28,103.86,103.43,102.98,102.50,102.00,101.46,100.92,100.17,98.50,94.57,91.10,89.73,89.53,89.27,88.87,88.58,88.33,88.00,87.48,87.04,86.68,86.69,87.72,89.68,90.93,91.81,92.72,93.58,94.49,95.38,96.24,97.12,97.88,98.59,99.35,100.43,102.47,105.06,107.58,109.60,110.75,111.05,111.20,111.44,111.82,112.39,112.73,112.48,111.40,110.00,105.00,100.71,98.53,97.29,96.29,96.72,98.12,100.05,103.92,105.92,105.04,101.29,96.87,92.27,89.38,88.31,88.46,89.32,93.94,99.01,101.38,101.76,100.87,99.48,97.94,96.47,95.03,93.51,91.89,90.12,87.97,86.66,87.22,90.80,98.11,103.57,108.89,114.66,120.32,123.90,125.28,124.59,122.05,120.14,119.38,116.65,110.89,103.59,100.06,98.81,98.60,98.57,98.16,97.31,97.04,97.91,99.41,103.58,108.64,112.23,110.55,106.14,101.92,99.06,97.95,96.89,97.09,97.98,99.16,100.55,104.18,108.69,111.67,110.14,106.23,102.61,100.32,99.45,98.39,97.14,96.07,95.50,95.79,96.12,96.74,97.59,98.62,99.76,100.98,101.62,101.30,99.92,98.52,97.11,95.70,94.35,92.94,91.59,90.41,89.51,88.89,88.76,88.93,89.28,89.76,90.33,90.34,89.84,89.00,88.26,87.97,88.18,88.88,90.06,92.76,96.64,101.43,106.66,109.58,110.44,108.89,104.74,100.39,98.85,98.17,97.62,97.44,97.60,97.78,97.76,97.37,96.71,96.07,95.34,94.47,93.57,93.02,93.83,95.62,97.45,99.43,102.67,106.55,110.56,114.42,116.32,115.23,111.97,109.31,107.70,107.02,107.06,107.70,108.13,107.80,107.16,106.38
119.21,119.28,119.35,119.41,119.46,119.47,119.54,119.61,119.50,119.00,118.20,118.09,118.20,118.31,118.41,118.52,118.58,116.98,112.43,108.65,106.36,104.56,102.79,101.09,100.12,99.65,99.54,99.81,100.23,100.74,101.27,101.80,102.34,102.89,103.42,103.97,104.51,105.04,105.54,105.92,106.14,106.37,106.34,106.14,105.85,105.53,105.10,104.68,104.27,103.80,103.38,102.89,102.35,101.82,101.28,100.76,99.83,97.79,93.64,90.77,89.61,89.34,89.09,88.75,88.60,88.48,88.19,87.55,87.02,86.62,86.59,87.51,89.57,90.87,91.75,92.66,93.52,94.43,95.31,96.14,96.95,97.61,98.27,98.93,99.69,101.16,103.58,106.06,107.94,108.76,109.01,109.10,109.29,109.86,110.81,111.70,112.07,111.60,110.53,106.57,102.16,98.77,97.32,95.86,96.17,97.72,99.70,102.64,104.36,103.82,100.77,96.93,92.54,89.60,88.29,88.15,89.14,92.24,95.99,98.78,99.51,99.23,98.32,96.98,95.60,94.33,92.92,91.36,89.63,87.58,86.36,86.94,90.61,98.53,103.98,108.86,114.11,119.66,122.98,123.90,122.83,120.10,117.41,116.11,112.98,107.20,101.03,98.93,97.97,97.38,97.32,97.04,96.46,96.65,98.09,99.88,104.76,109.79,112.48,109.69,105.07,101.17,98.58,97.33,96.18,96.67,97.84,99.28,101.22,104.74,108.89,111.98,111.69,108.37,104.55,101.99,101.11,99.79,98.11,96.39,95.03,94.64,94.62,95.25,96.25,97.41,98.57,99.75,100.79,101.24,100.22,98.87,97.38,95.86,94.39,92.86,91.46,90.29,89.45,88.84,88.44,88.39,88.63,88.92,89.17,89.11,88.77,88.21,87.58,87.80,88.47,89.51,91.38,95.21,99.80,104.71,109.29,110.31,109.73,106.33,100.44,99.17,98.56,97.94,97.24,96.62,96.57,96.70,96.67,96.22,95.57,94.93,94.31,93.69,93.01,92.36,93.13,94.98,96.94,98.95,102.03,105.72,109.52,112.86,114.35,113.28,110.46,108.35,106.71,105.99,106.11,106.87,107.21,106.72,105.98,105.23
119.93,119.94,119.97,119.98,120.00,120.00,120.02,120.08,120.06,119.86,119.63,119.60,119.64,119.68,119.72,119.76,119.79,117.91,112.75,109.02,106.79,105.00,103.21,101.42,100.13,99.45,99.30,99.65,100.05,100.51,101.00,101.49,102.02,102.56,103.10,103.64,104.19,104.72,105.22,105.58,105.77,105.99,106.11,106.06,105.84,105.53,105.09,104.68,104.25,103.74,103.23,102.70,102.18,101.69,101.16,100.71,99.91,98.05,94.03,90.89,89.60,89.34,89.16,88.95,88.88,88.73,88.34,87.72,87.08,86.59,86.48,87.29,89.46,90.80,91.69,92.60,93.46,94.36,95.19,95.93,96.66,97.29,97.92,98.55,99.21,100.07,101.85,103.70,104.59,103.28,103.48,104.14,105.09,106.88,109.03,110.51,111.31,111.41,110.60,107.81,103.71,99.58,97.76,95.84,95.90,97.45,99.42,101.55,102.99,102.65,100.13,96.73,92.59,89.63,88.17,88.04,89.19,91.88,94.84,97.02,98.52,98.42,97.48,96.15,94.77,93.46,92.16,90.76,89.11,87.08,86.24,86.95,90.41,98.74,104.18,108.98,114.19,119.58,122.36,122.92,121.91,119.53,116.36,113.56,109.79,104.86,100.28,98.32,97.07,96.20,96.01,95.72,95.92,96.81,98.54,101.08,106.34,110.72,112.14,108.65,103.80,100.11,97.72,96.39,95.48,96.36,97.86,99.59,102.04,105.51,109.48,112.44,112.19,109.70,106.45,103.99,102.75,100.92,99.09,97.29,95.70,94.64,93.56,93.81,94.86,96.03,97.24,98.50,99.71,100.54,100.23,99.21,97.82,96.28,94.76,93.27,91.74,90.41,89.47,88.88,88.33,87.97,87.87,88.11,88.29,88.24,87.94,87.47,87.35,87.98,88.87,90.31,93.74,98.04,102.81,107.21,109.83,110.15,107.18,103.11,99.85,99.04,98.49,97.87,97.14,96.36,95.74,95.63,95.56,95.04,94.41,93.79,93.20,92.65,92.13,91.65,92.41,94.19,96.25,98.36,101.20,104.81,108.97,112.37,112.84,111.32,108.93,107.31,105.76,105.03,105.16,105.91,106.12,105.58,104.81,104.05
120.31,120.32,120.34,120.36,120.36,120.36,120.36,120.39,120.38,120.31,120.28,120.27,120.27,120.27,120.27,120.27,120.27,118.21,112.66,109.11,107.04,105.36,103.61,101.79,100.28,99.42,99.15,99.37,99.83,100.33,100.81,101.28,101.79,102.30,102.81,103.33,103.87,104.41,104.88,105.23,105.38,105.58,105.75,105.81,105.73,105.48,105.06,104.63,104.18,103.67,103.16,102.65,102.16,101.68,101.18,100.74,100.11,98.52,94.59,91.10,89.68,89.48,89.38,89.23,89.17,88.95,88.47,87.86,87.20,86.63,86.38,87.08,89.35,90.74,91.62,92.53,93.39,94.21,94.96,95.65,96.31,96.91,97.52,98.14,98.75,99.37,100.51,101.57,101.83,100.40,100.49,101.11,102.08,103.94,106.47,108.76,110.36,110.89,110.42,108.24,104.55,100.39,98.15,95.88,95.53,96.81,98.92,100.77,101.84,101.46,99.29,96.06,92.22,89.42,88.00,87.99,89.30,91.48,93.75,95.62,97.44,97.65,96.88,95.61,94.28,92.99,91.73,90.39,88.72,86.69,86.06,86.90,90.31,98.88,104.18,108.70,113.63,118.89,121.43,121.86,120.82,118.40,114.78,111.14,106.98,102.55,99.29,97.53,96.16,95.15,94.96,95.20,96.02,97.27,99.18,102.68,107.78,111.16,111.34,107.30,102.41,99.00,96.76,95.34,95.15,96.50,98.24,100.19,103.08,106.45,109.88,112.41,112.59,110.72,108.04,105.73,104.06,101.99,100.01,98.20,96.58,95.13,93.55,93.00,93.44,94.64,95.87,97.11,98.35,99.34,99.55,99.28,98.28,96.80,95.26,93.75,92.21,90.78,89.69,89.16,88.59,88.03,87.58,87.45,87.48,87.38,87.18,87.04,87.42,88.27,89.47,91.56,95.80,100.25,104.88,108.70,109.82,108.79,104.79,101.01,99.53,98.95,98.42,97.80,97.07,96.19,95.34,94.88,94.56,94.04,93.51,92.96,92.42,91.93,91.50,91.13,91.66,93.12,95.25,97.46,100.42,104.21,108.52,111.72,111.67,109.77,107.30,105.90,104.38,103.90,104.29,105.04,105.07,104.46,103.67,102.90
120.52,120.52,120.57,120.59,120.59,120.60,120.60,120.61,120.58,120.51,120.43,120.41,120.40,120.40,120.40,120.40,120.40,118.20,112.35,109.02,107.16,105.61,103.95,102.14,100.50,99.50,99.06,99.00,99.58,100.17,100.69,101.15,101.61,102.09,102.55,103.04,103.57,104.11,104.54,104.83,104.99,105.15,105.31,105.45,105.52,105.38,105.00,104.56,104.09,103.62,103.16,102.68,102.22,101.76,101.28,100.83,100.34,99.06,95.29,91.53,89.98,89.84,89.83,89.64,89.48,89.16,88.60,87.99,87.37,86.72,86.31,86.87,89.24,90.68,91.56,92.45,93.29,93.97,94.63,95.30,95.92,96.49,97.08,97.70,98.31,98.93,99.49,99.81,99.73,99.40,99.39,99.62,100.15,101.33,103.50,106.46,108.90,109.81,109.66,107.79,104.66,101.06,98.41,95.98,95.10,95.83,97.96,99.82,100.55,100.02,98.06,94.95,91.53,89.03,87.77,88.00,89.45,91.08,92.76,94.55,96.32,96.89,96.42,95.24,94.00,92.77,91.54,90.17,88.41,86.36,85.86,86.83,90.31,98.99,104.09,108.16,112.55,117.41,119.86,120.28,119.19,116.59,112.66,108.70,104.42,100.31,98.08,96.56,95.23,94.28,94.32,95.35,96.59,97.95,100.07,104.67,109.17,111.29,110.28,105.71,100.99,97.90,95.77,94.27,95.06,96.89,98.85,101.00,104.21,107.47,110.16,112.11,112.87,111.44,109.34,107.21,105.19,103.05,100.99,99.17,97.55,95.94,94.28,92.77,92.19,93.20,94.36,95.53,96.68,97.70,98.29,98.95,98.60,97.38,95.86,94.34,92.85,91.41,90.18,89.68,89.10,88.41,87.67,87.01,86.80,86.60,86.53,86.86,87.67,88.59,90.20,93.08,97.59,101.89,106.14,109.27,109.18,106.54,102.64,99.84,99.28,98.85,98.35,97.73,96.98,96.08,95.23,94.43,93.74,93.24,92.81,92.35,91.88,91.44,91.05,90.72,90.91,91.90,94.07,96.44,99.76,103.81,108.05,110.87,110.58,108.38,105.60,104.22,102.79,102.70,103.49,104.24,104.07,103.36,102.53,101.77
120.76,120.76,120.78,120.80,120.80,120.80,120.84,120.86,120.83,120.74,120.62,120.56,120.53,120.53,120.53,120.53,120.53,118.17,112.00,108.90,107.12,105.63,104.08,102.43,100.76,99.63,98.97,98.66,99.30,99.99,100.56,101.02,101.48,101.94,102.41,102.88,103.37,103.86,104.19,104.40,104.55,104.71,104.86,104.99,105.10,105.17,104.98,104.60,104.14,103.67,103.21,102.75,102.28,101.82,101.36,100.89,100.46,99.42,96.34,92.94,91.24,90.90,91.07,90.56,89.94,89.33,88.73,88.12,87.50,86.89,86.45,86.73,89.14,90.61,91.45,92.27,93.02,93.63,94.24,94.88,95.49,96.09,96.69,97.31,97.92,98.50,98.91,99.06,98.93,98.82,98.95,99.19,99.52,100.13,101.10,103.13,105.35,106.80,106.68,105.41,103.41,100.90,98.30,96.17,94.72,94.27,95.30,96.88,97.68,97.22,95.42,93.12,90.58,88.48,87.38,88.14,89.65,91.03,92.45,94.14,95.64,96.33,95.98,94.81,93.63,92.49,91.32,89.95,88.09,85.95,85.73,86.96,90.53,99.26,104.14,107.64,110.94,114.00,115.94,116.33,115.40,113.13,109.80,105.83,101.86,98.57,96.98,95.38,94.23,93.95,94.98,96.17,97.38,98.92,101.69,107.43,110.78,111.44,109.30,103.87,99.78,97.05,94.88,93.37,94.97,97.11,99.42,102.00,105.15,108.30,110.61,112.13,112.80,111.68,110.06,108.33,106.48,104.35,102.45,100.50,98.56,96.94,95.33,93.48,91.98,91.61,92.22,93.28,94.34,95.31,96.31,97.41,98.13,98.06,96.70,95.27,93.85,92.51,91.41,90.76,89.77,88.82,88.00,87.20,86.58,86.19,86.25,86.97,87.87,88.80,90.82,94.44,99.17,102.87,106.30,108.31,106.57,103.61,101.07,99.54,99.12,98.69,98.25,97.65,96.87,96.01,95.20,94.39,93.59,92.82,92.25,91.80,91.39,90.98,90.60,90.28,90.22,90.88,93.02,95.94,99.54,103.43,107.16,109.69,108.83,106.44,103.84,102.37,101.46,101.74,102.68,103.45,103.15,102.32,101.45,100.71
121.02,121.02,121.02,121.02,121.02,121.02,121.07,121.09,121.06,120.99,120.84,120.73,120.67,120.66,120.66,120.66,120.62,118.08,111.64,108.76,107.06,105.59,104.11,102.59,100.99,99.75,98.86,98.33,99.04,99.81,100.43,100.90,101.35,101.82,102.29,102.78,103.23,103.60,103.81,103.95,104.08,104.23,104.39,104.52,104.65,104.88,104.87,104.63,104.23,103.77,103.30,102.84,102.38,101.94,101.47,101.05,100.63,99.80,97.54,94.70,93.09,92.73,93.05,92.38,91.37,90.20,89.07,88.44,87.86,87.23,86.61,86.51,88.98,90.48,91.27,91.99,92.66,93.25,93.84,94.46,95.08,95.68,96.28,96.91,97.52,98.08,98.41,98.47,98.34,98.39,98.65,98.91,99.17,99.47,99.69,100.72,102.22,103.50,103.42,102.76,101.75,100.36,98.42,96.64,94.91,93.61,93.42,94.05,94.45,94.00,92.63,91.21,89.54,87.86,86.97,88.28,89.82,91.08,92.32,93.77,94.97,95.71,95.48,94.38,93.25,92.19,91.14,89.83,87.91,85.68,85.65,87.16,90.91,99.59,104.13,107.13,109.52,110.82,111.92,111.93,110.94,108.99,106.15,102.45,99.12,96.75,95.41,94.04,93.57,94.21,95.90,97.19,98.57,100.69,104.20,109.42,111.50,111.03,108.07,102.07,98.34,95.86,93.83,92.53,94.65,97.11,99.78,102.78,105.94,108.93,110.96,112.17,112.72,111.77,110.48,109.06,107.48,105.67,104.25,102.34,100.01,98.10,96.35,94.24,92.08,90.55,90.64,91.35,92.18,93.09,94.38,95.69,97.05,97.89,97.32,96.25,94.97,93.71,92.62,91.67,90.30,89.13,88.26,87.38,86.52,85.99,86.10,87.04,87.97,88.90,91.19,95.29,100.11,103.29,105.88,106.92,104.34,101.53,100.05,99.36,98.97,98.53,98.06,97.50,96.81,96.00,95.21,94.42,93.57,92.62,91.87,91.33,90.89,90.49,90.13,89.81,89.67,90.12,92.06,95.77,99.65,103.33,106.48,108.08,106.56,104.11,101.92,100.71,100.33,100.87,101.88,102.69,102.24,101.35,100.49,99.82
121.27,121.27,121.27,121.27,121.26,121.27,121.28,121.28,121.27,121.24,121.09,120.95,120.84,120.78,120.78,120.78,120.65,117.92,111.27,108.62,107.00,105.53,104.06,102.59,101.16,99.87,98.75,98.02,98.79,99.65,100.30,100.77,101.23,101.70,102.20,102.71,103.13,103.30,103.40,103.49,103.58,103.73,103.88,104.03,104.22,104.50,104.65,104.60,104.34,103.89,103.43,102.97,102.53,102.13,101.68,101.33,100.93,100.25,98.81,96.64,95.47,95.34,95.76,95.20,94.03,92.10,89.86,89.09,88.53,87.77,86.80,86.19,88.73,90.25,90.98,91.61,92.24,92.85,93.45,94.07,94.69,95.25,95.84,96.46,97.08,97.69,97.92,97.88,97.78,98.08,98.40,98.66,98.92,99.20,99.39,99.69,100.07,100.39,100.38,100.22,99.95,99.55,98.83,97.39,95.76,94.20,92.86,91.91,91.31,90.73,90.05,89.39,88.45,87.19,86.57,88.36,89.94,91.17,92.25,93.30,94.22,95.00,94.92,93.96,92.89,91.92,91.01,89.82,87.89,85.54,85.64,87.55,91.72,100.05,104.06,106.62,108.40,108.30,108.30,107.51,106.12,104.22,101.54,98.47,96.15,94.72,93.34,92.67,93.41,95.09,96.92,98.39,100.29,103.39,107.54,110.29,111.09,109.92,106.50,100.37,96.57,94.23,92.52,91.66,93.92,96.68,99.77,103.18,106.50,109.32,111.12,112.15,112.64,111.81,110.61,109.30,107.94,106.72,106.09,104.50,101.94,99.46,97.27,94.86,92.33,90.20,89.88,90.01,90.44,91.29,92.67,94.01,95.38,96.67,97.53,97.17,96.12,94.88,93.63,92.24,90.59,89.29,88.37,87.45,86.53,85.95,86.04,87.02,87.95,88.88,91.24,95.47,100.25,103.12,104.92,105.25,102.94,100.64,99.60,99.15,98.74,98.33,97.73,97.24,96.81,96.05,95.28,94.46,93.59,92.65,91.69,90.95,90.38,89.94,89.60,89.30,89.26,89.69,91.31,95.97,100.13,103.59,106.11,106.05,103.84,101.49,99.87,99.32,99.43,100.11,101.11,101.94,101.34,100.45,99.68,99.13
121.52,121.52,121.52,121.50,121.48,121.52,121.52,121.52,121.50,121.44,121.29,121.14,121.02,120.97,120.97,120.97,120.71,117.75,110.90,108.49,106.93,105.50,104.11,102.69,101.33,100.03,98.79,97.89,98.42,99.34,100.15,100.69,101.16,101.62,102.13,102.59,102.78,102.85,102.91,103.00,103.12,103.23,103.38,103.57,103.81,104.08,104.33,104.39,104.27,103.99,103.59,103.17,102.75,102.34,102.00,101.72,101.31,100.67,99.72,98.20,97.54,97.70,98.22,98.01,97.44,95.93,93.36,90.83,89.40,88.45,87.40,86.17,88.49,90.01,90.72,91.24,91.84,92.43,93.03,93.64,94.26,94.85,95.45,96.07,96.68,97.26,97.38,97.36,97.45,97.77,98.13,98.41,98.65,98.91,99.12,99.26,99.37,99.46,99.47,99.38,99.19,98.96,98.67,97.72,96.27,94.64,93.16,91.96,90.98,90.14,89.39,88.61,87.64,86.63,86.36,88.17,89.72,90.86,91.80,92.71,93.52,94.27,94.37,93.74,92.80,91.91,91.02,89.80,87.73,84.98,85.74,89.83,96.23,101.40,104.59,106.25,106.70,106.06,105.43,104.18,101.86,98.30,95.08,93.45,92.69,92.39,92.41,92.82,94.16,96.07,98.01,99.98,102.77,106.08,109.26,110.80,110.86,108.86,104.70,98.67,94.72,92.36,91.00,90.60,91.69,94.22,98.07,102.63,106.16,109.08,110.71,111.47,111.97,111.84,110.78,108.84,106.38,104.84,104.35,103.92,103.02,101.12,98.43,95.42,92.45,90.12,89.60,89.50,89.70,90.30,91.39,92.77,94.15,95.48,96.66,97.30,96.64,95.36,93.92,92.33,90.70,89.40,88.45,87.51,86.51,85.79,85.76,86.72,87.69,88.66,90.87,94.88,99.94,102.62,103.69,103.45,101.75,100.13,99.22,98.62,98.02,97.42,96.81,96.60,96.60,96.07,95.34,94.49,93.59,92.65,91.70,90.81,90.07,89.50,89.04,88.86,89.08,89.85,91.93,97.12,101.12,104.01,105.72,104.39,101.97,99.93,98.71,98.40,98.88,99.73,100.58,101.00,100.46,99.75,99.12,98.58
121.78,121.78,121.78,121.73,121.69,121.75,121.75,121.75,121.73,121.65,121.50,121.35,121.23,121.15,121.14,121.11,120.75,117.61,110.61,108.42,106.94,105.56,104.22,102.85,101.53,100.21,98.92,97.86,98.02,98.97,99.95,100.58,101.07,101.54,102.00,102.35,102.36,102.36,102.40,102.51,102.65,102.73,102.88,103.11,103.41,103.66,103.96,104.10,104.09,103.98,103.66,103.30,102.93,102.57,102.33,102.11,101.67,101.04,100.41,99.47,99.20,99.49,99.98,100.04,100.04,99.21,96.95,93.24,91.01,89.61,88.16,86.34,88.28,89.79,90.53,90.97,91.53,92.07,92.62,93.22,93.84,94.45,95.07,95.69,96.28,96.80,96.85,96.91,97.17,97.48,97.86,98.16,98.39,98.62,98.83,98.95,99.02,99.08,99.09,98.96,98.74,98.49,98.33,97.81,96.61,95.07,93.68,92.56,91.42,90.36,89.42,88.48,87.34,86.37,86.19,87.76,89.16,90.28,91.21,92.03,92.81,93.52,93.80,93.51,92.70,91.88,90.99,89.68,87.41,84.59,86.10,92.09,100.32,102.71,104.86,105.48,104.71,103.80,102.82,100.79,97.42,92.90,89.62,89.33,89.94,90.73,92.12,93.45,95.14,97.07,99.05,101.66,105.19,108.34,110.25,110.95,110.48,107.74,102.81,96.68,92.77,90.61,89.66,89.61,89.63,91.59,95.75,101.19,104.94,107.99,109.63,110.41,111.20,111.80,110.91,108.35,104.64,102.48,101.90,102.35,103.00,102.30,99.66,96.36,93.11,90.55,89.61,89.25,89.25,89.61,90.36,91.66,93.02,94.30,95.53,96.97,96.79,95.64,94.06,92.40,90.83,89.55,88.54,87.59,86.53,85.65,85.44,86.33,87.33,88.33,90.21,93.68,98.95,101.65,102.29,101.71,100.54,99.47,98.61,97.83,97.05,96.29,95.77,95.85,96.23,96.04,95.39,94.53,93.60,92.66,91.73,90.76,89.89,89.17,88.53,88.50,88.97,90.28,93.38,98.56,102.16,104.27,104.85,102.76,100.44,98.72,97.77,97.68,98.41,99.37,100.08,100.13,99.67,99.14,98.60,98.06
122.03,122.03,122.03,121.98,121.93,121.94,121.95,121.95,121.94,121.90,121.75,121.60,121.45,121.33,121.26,121.14,120.71,117.53,110.52,108.49,107.15,105.79,104.42,103.09,101.78,100.47,99.16,97.99,97.63,98.50,99.63,100.39,100.94,101.41,101.72,101.84,101.84,101.84,101.90,102.00,102.14,102.22,102.41,102.67,102.97,103.27,103.58,103.75,103.77,103.67,103.44,103.18,102.96,102.81,102.64,102.42,101.96,101.31,100.76,100.28,100.06,100.04,100.15,100.16,100.16,99.95,99.06,96.62,94.35,91.86,89.09,86.74,88.19,89.63,90.49,90.94,91.37,91.83,92.32,92.84,93.46,94.07,94.69,95.29,95.83,96.25,96.39,96.57,96.92,97.23,97.60,97.90,98.14,98.36,98.54,98.60,98.63,98.70,98.70,98.58,98.39,98.13,97.87,97.62,96.79,95.55,94.24,93.13,91.99,90.90,89.99,89.31,88.10,86.74,85.97,86.92,87.94,89.27,90.49,91.28,92.05,92.71,93.14,93.14,92.44,91.67,90.83,89.38,86.75,84.90,87.02,93.11,101.09,103.34,104.17,103.68,102.38,101.29,100.33,96.54,92.16,89.48,87.75,88.00,89.23,90.92,92.70,94.30,96.12,98.02,99.94,103.27,106.99,109.60,110.39,110.44,109.64,106.45,100.83,93.98,90.64,89.32,88.92,88.91,88.98,89.74,92.92,98.17,102.21,105.20,107.23,108.86,110.55,111.57,110.92,108.17,103.71,100.76,99.91,100.06,100.86,102.16,100.87,98.26,95.13,92.05,90.03,89.16,88.93,89.13,89.67,90.62,91.81,93.14,94.50,95.95,96.47,95.88,94.27,92.70,91.15,89.82,88.72,87.72,86.66,85.62,85.19,85.91,86.88,87.89,89.12,91.43,96.54,99.69,100.64,100.18,99.19,98.24,97.41,96.61,95.79,95.03,94.78,95.05,95.60,95.90,95.42,94.59,93.65,92.67,91.73,90.80,89.91,89.07,88.20,88.24,88.89,91.00,95.98,100.07,103.00,104.09,102.87,100.92,99.18,97.72,96.81,97.15,97.92,98.83,99.50,99.51,99.09,98.61,98.08,97.50
122.28,122.28,122.28,122.25,122.22,122.19,122.18,122.18,122.16,122.11,122.00,121.85,121.70,121.55,121.42,121.16,120.68,117.50,110.46,108.51,107.23,105.93,104.62,103.33,102.00,100.67,99.34,98.04,97.25,98.01,99.26,100.22,100.73,101.17,101.38,101.37,101.35,101.37,101.41,101.49,101.64,101.75,101.98,102.27,102.58,102.89,103.17,103.33,103.34,103.19,102.93,102.69,102.49,102.35,102.26,102.15,101.91,101.54,101.12,100.78,100.53,100.38,100.38,100.34,100.29,100.20,99.84,98.53,96.11,93.14,89.97,87.28,88.01,89.42,90.47,90.89,91.31,91.74,92.19,92.66,93.18,93.69,94.27,94.87,95.41,95.75,96.00,96.29,96.66,96.98,97.35,97.65,97.87,98.06,98.19,98.22,98.25,98.32,98.29,98.22,98.06,97.81,97.51,97.30,96.78,95.92,94.79,93.70,92.59,91.48,90.52,89.95,88.79,87.33,86.12,86.05,86.50,87.69,89.13,90.36,91.27,91.89,92.33,92.50,92.05,91.30,90.21,88.36,85.63,85.24,88.80,94.90,101.39,103.16,103.09,101.95,100.04,97.53,95.55,92.34,89.18,87.38,86.05,86.91,89.06,91.64,93.27,94.63,96.48,98.55,100.52,103.84,107.18,109.46,110.15,109.79,107.97,104.56,99.31,92.21,89.61,88.67,88.29,88.21,88.43,88.98,90.91,94.56,99.12,102.75,105.96,108.67,110.39,111.40,110.89,108.21,103.58,100.21,99.02,99.03,99.79,101.13,101.25,99.55,96.63,93.16,90.39,89.24,88.76,88.64,89.06,89.78,90.82,92.09,93.52,94.95,95.99,95.98,94.62,93.06,91.54,90.19,89.03,87.99,86.92,85.83,85.14,85.30,86.21,87.27,88.33,89.87,93.14,95.96,97.75,98.38,97.72,96.74,96.03,95.37,94.56,93.82,93.84,94.26,94.84,95.35,95.27,94.61,93.66,92.66,91.70,90.73,89.76,88.75,87.75,88.06,88.96,91.47,97.38,100.84,102.80,103.07,101.42,99.71,98.19,96.77,95.86,96.51,97.36,98.25,98.90,98.95,98.52,98.08,97.56,96.97
122.53,122.53,122.53,122.53,122.51,122.45,122.44,122.42,122.37,122.28,122.19,122.05,121.89,121.74,121.56,121.18,120.66,117.47,110.42,108.50,107.26,106.02,104.77,103.52,102.19,100.86,99.51,98.08,96.91,97.50,98.84,100.00,100.48,100.85,100.99,100.91,100.86,100.91,100.93,100.98,101.14,101.31,101.58,101.89,102.19,102.50,102.76,102.90,102.87,102.60,102.31,102.05,101.82,101.62,101.59,101.60,101.64,101.63,101.36,101.09,100.81,100.61,100.58,100.50,100.38,100.22,100.01,99.47,96.96,93.89,90.72,87.83,87.74,89.15,90.44,90.84,91.29,91.70,92.12,92.56,92.97,93.37,93.89,94.48,95.02,95.31,95.66,96.03,96.40,96.72,97.09,97.39,97.59,97.73,97.83,97.85,97.89,97.93,97.87,97.84,97.72,97.50,97.19,96.95,96.66,96.15,95.25,94.25,93.17,92.07,91.06,90.48,89.44,88.06,86.61,85.63,85.48,86.16,87.47,89.18,90.33,91.01,91.48,91.75,91.56,90.85,89.41,87.10,84.44,85.52,90.29,96.29,101.36,102.55,101.81,99.99,97.22,93.38,90.46,88.56,87.11,85.70,84.38,85.87,88.92,92.11,93.29,94.26,96.10,98.45,100.76,103.79,106.50,108.51,109.44,108.88,106.14,102.60,97.94,91.03,89.12,88.34,87.77,87.55,87.98,88.69,89.62,91.60,96.58,101.00,105.44,109.09,110.44,111.21,110.78,108.27,103.69,100.12,98.63,98.51,99.12,99.90,101.10,100.35,97.86,94.25,91.00,89.54,88.75,88.26,88.50,89.07,89.96,91.15,92.59,94.00,95.42,95.94,94.99,93.46,91.98,90.65,89.44,88.36,87.26,86.17,85.22,84.75,85.47,86.54,87.62,88.66,89.90,92.07,94.63,96.46,96.15,95.16,94.58,94.07,93.35,92.68,92.94,93.47,94.04,94.64,95.03,94.57,93.62,92.61,91.60,90.58,89.49,88.32,87.25,87.91,89.07,91.81,98.09,101.11,102.16,101.73,100.07,98.63,97.24,95.84,94.96,95.84,96.77,97.65,98.31,98.44,97.98,97.55,97.05,96.45
122.79,122.78,122.78,122.78,122.78,122.76,122.70,122.61,122.47,122.29,122.15,122.00,121.85,121.69,121.52,121.25,120.69,117.43,110.41,108.50,107.26,106.00,104.72,103.48,102.26,101.01,99.68,98.16,96.69,97.01,98.28,99.58,100.14,100.42,100.49,100.42,100.40,100.42,100.42,100.48,100.65,100.90,101.20,101.48,101.76,102.12,102.42,102.52,102.39,102.00,101.68,101.42,101.17,100.92,100.85,100.92,101.08,101.22,101.18,101.10,100.95,100.76,100.60,100.46,100.36,100.20,99.86,98.91,96.76,94.10,91.13,88.13,87.28,88.77,90.38,90.78,91.23,91.64,92.03,92.45,92.89,93.28,93.74,94.23,94.67,95.02,95.40,95.76,96.09,96.46,96.79,97.07,97.27,97.36,97.44,97.51,97.55,97.55,97.48,97.42,97.33,97.17,96.88,96.63,96.35,95.97,95.40,94.68,93.69,92.62,91.63,90.87,90.09,89.03,87.83,86.98,86.44,85.69,85.71,87.26,88.86,89.97,90.68,91.00,90.87,90.29,88.58,85.98,83.65,85.46,89.33,94.94,100.83,101.55,100.36,96.95,92.54,89.72,87.76,86.32,85.04,83.71,82.49,84.70,88.04,90.76,91.24,92.01,93.78,96.58,100.22,102.94,105.00,106.57,107.49,107.15,104.92,101.26,96.35,90.68,89.02,88.20,87.45,87.03,87.70,88.56,89.82,92.14,96.74,101.35,106.13,109.83,110.57,110.86,110.47,108.08,103.49,100.03,98.47,98.03,98.31,99.21,100.21,100.20,98.83,95.94,92.65,90.42,89.05,88.33,88.00,88.47,89.32,90.42,91.83,93.27,94.70,95.52,95.23,93.88,92.54,91.24,90.00,88.91,87.73,86.57,85.48,84.64,84.80,85.66,86.69,87.70,88.79,90.34,92.59,94.51,94.45,93.69,93.05,92.55,92.13,91.77,92.10,92.67,93.29,93.96,94.66,94.36,93.43,92.37,91.30,90.20,89.02,87.79,86.85,87.74,89.15,91.99,98.02,100.70,101.42,100.49,98.21,97.07,96.05,94.94,94.26,95.20,96.13,97.05,97.77,97.98,97.54,97.03,96.50,95.94
123.07,123.05,123.04,123.04,123.02,122.96,122.84,122.67,122.47,122.25,122.06,121.90,121.75,121.59,121.44,121.24,120.74,117.48,110.38,108.49,107.28,106.04,104.77,103.56,102.37,101.17,99.85,98.24,96.60,96.65,97.65,98.82,99.31,99.63,99.77,99.77,99.75,99.74,99.74,99.82,100.08,100.48,100.82,101.12,101.42,101.80,102.08,102.11,101.91,101.51,101.16,100.86,100.52,100.16,100.09,100.31,100.56,100.74,100.87,100.89,100.81,100.67,100.52,100.37,100.27,100.02,99.36,98.02,96.14,93.86,91.19,88.30,86.60,88.24,90.28,90.68,91.13,91.54,91.92,92.33,92.78,93.18,93.60,94.01,94.37,94.76,95.12,95.47,95.82,96.20,96.52,96.76,96.91,96.98,97.06,97.14,97.19,97.17,97.11,97.03,96.95,96.83,96.55,96.29,96.00,95.67,95.30,94.80,94.01,93.08,92.11,91.31,90.66,89.88,89.06,88.51,88.00,86.79,85.86,86.12,86.94,88.22,89.19,89.66,89.88,89.17,87.37,84.93,83.05,84.92,88.03,92.31,97.31,100.06,98.35,94.12,89.56,87.40,85.79,84.34,82.97,81.78,80.93,82.65,85.36,87.79,88.58,89.76,91.77,94.79,98.84,101.54,103.28,104.58,105.48,105.40,103.60,100.17,95.48,90.53,88.97,87.97,87.04,86.65,87.55,88.62,90.66,94.05,98.36,102.78,107.08,110.18,110.59,110.58,109.83,107.34,103.07,99.92,98.36,97.60,97.51,98.43,99.18,99.46,98.76,96.54,93.72,91.19,89.47,88.54,87.79,88.04,88.81,89.88,91.22,92.63,94.00,95.07,95.36,94.21,92.94,91.67,90.46,89.46,88.29,87.11,85.95,84.90,84.37,84.83,85.72,86.80,87.94,89.20,91.04,92.73,92.89,92.03,91.39,91.04,90.88,90.89,91.36,92.01,92.72,93.47,94.26,93.98,93.03,91.98,90.94,89.78,88.51,87.27,86.54,87.59,89.11,91.88,97.42,100.15,100.66,99.34,96.75,95.56,94.69,93.90,93.56,94.52,95.47,96.41,97.19,97.50,97.06,96.52,95.97,95.44
123.38,123.31,123.30,123.28,123.22,123.07,122.86,122.63,122.41,122.18,121.95,121.78,121.62,121.47,121.31,121.15,120.80,117.61,110.36,108.49,107.33,106.13,104.91,103.74,102.52,101.33,100.02,98.34,96.63,96.37,96.96,97.81,98.14,98.59,98.90,98.98,98.91,98.90,98.90,99.04,99.48,100.07,100.46,100.81,101.19,101.55,101.74,101.67,101.43,101.11,100.75,100.37,99.89,99.38,99.30,99.68,100.03,100.22,100.45,100.51,100.47,100.41,100.36,100.21,100.04,99.54,98.49,96.86,95.16,93.20,90.91,88.29,85.85,87.61,90.06,90.54,91.00,91.40,91.79,92.19,92.64,93.04,93.43,93.80,94.12,94.49,94.84,95.18,95.56,95.94,96.26,96.44,96.52,96.60,96.69,96.76,96.80,96.79,96.72,96.65,96.57,96.46,96.22,95.93,95.63,95.31,94.99,94.66,94.15,93.41,92.51,91.79,91.16,90.60,90.16,89.95,89.74,88.90,87.47,85.75,84.94,86.00,87.15,87.86,88.61,87.67,85.93,83.97,82.59,84.02,86.63,89.07,91.82,97.63,95.55,91.47,88.07,86.11,84.30,82.57,81.09,80.10,79.80,80.25,81.80,84.14,85.95,87.86,90.24,93.26,96.91,99.77,101.46,102.63,103.51,103.69,102.16,99.20,95.09,90.44,88.84,87.58,86.53,86.39,87.53,88.83,91.89,96.66,100.77,104.69,107.99,110.14,110.48,110.30,108.91,106.18,102.46,99.78,98.26,97.24,96.77,97.48,98.02,98.30,97.83,96.14,94.08,91.72,89.89,88.79,87.81,87.74,88.39,89.47,90.73,92.05,93.35,94.60,95.35,94.44,93.20,91.95,90.84,90.00,88.91,87.75,86.59,85.42,84.23,84.12,84.78,85.94,87.15,88.39,89.83,91.12,91.45,90.32,89.74,89.59,89.67,90.07,90.71,91.48,92.31,93.13,93.86,93.50,92.51,91.51,90.56,89.34,88.00,86.78,86.29,87.42,88.96,91.49,96.34,99.40,99.80,98.24,95.59,94.16,93.26,92.78,92.86,93.83,94.77,95.75,96.60,96.98,96.55,96.01,95.46,94.92
123.63,123.56,123.55,123.44,123.24,123.03,122.81,122.58,122.34,122.11,121.88,121.67,121.49,121.34,121.19,121.03,120.83,117.76,110.42,108.54,107.39,106.21,105.04,103.92,102.70,101.51,100.23,98.60,96.79,96.00,96.11,96.83,97.33,97.78,98.02,98.05,97.98,97.97,97.94,98.19,99.00,99.76,100.26,100.65,101.03,101.35,101.38,101.23,100.99,100.73,100.44,100.02,99.43,98.72,98.30,98.62,99.08,99.49,99.89,100.12,100.17,100.16,100.11,99.84,99.10,98.06,96.75,95.09,93.58,92.00,90.13,87.83,85.74,87.05,89.29,90.35,90.83,91.22,91.61,92.00,92.41,92.81,93.16,93.49,93.81,94.19,94.55,94.92,95.31,95.69,95.98,96.10,96.14,96.22,96.31,96.38,96.41,96.36,96.33,96.26,96.19,96.09,95.90,95.61,95.30,94.98,94.63,94.31,93.94,93.46,92.88,92.23,91.61,91.10,90.74,90.54,90.34,89.82,88.46,86.12,84.52,84.47,85.16,86.15,87.13,86.52,84.96,83.23,82.28,83.18,85.43,87.40,88.80,91.42,90.43,88.53,86.71,84.80,83.06,81.50,80.27,79.61,79.50,80.13,81.64,83.82,85.84,87.59,89.63,92.17,95.33,98.20,99.89,100.88,101.50,101.90,100.75,98.06,94.20,90.07,88.17,86.71,85.88,86.37,87.71,89.25,92.77,98.05,101.83,104.95,107.68,109.65,110.07,109.56,107.69,104.90,101.69,99.37,98.03,97.02,96.28,96.19,96.59,96.97,96.62,95.03,93.29,91.44,89.96,88.91,87.81,87.40,87.95,89.10,90.38,91.60,92.82,94.05,94.94,94.40,93.31,92.23,91.32,90.53,89.55,88.45,87.27,86.04,84.74,83.86,83.97,85.11,86.33,87.53,88.67,89.60,89.94,89.37,88.80,88.56,88.81,89.47,90.28,91.13,91.98,92.81,93.49,93.15,92.23,91.28,90.35,89.02,87.58,86.34,85.97,87.13,88.67,90.85,94.59,97.77,98.36,96.92,94.36,93.00,92.13,91.84,92.20,93.14,94.11,95.17,96.08,96.47,96.04,95.50,94.92,94.32
123.88,123.77,123.68,123.48,123.20,122.97,122.75,122.51,122.28,122.05,121.81,121.58,121.38,121.21,121.06,120.90,120.79,117.79,110.46,108.58,107.42,106.26,105.12,104.03,102.84,101.66,100.42,98.86,96.95,95.66,95.34,96.00,96.60,96.96,97.09,97.08,97.03,97.00,96.95,97.23,98.17,99.21,99.96,100.49,100.84,101.11,101.02,100.81,100.56,100.24,99.97,99.51,98.87,98.10,97.39,97.53,97.99,98.52,98.97,99.14,99.13,99.00,98.79,98.29,97.26,96.00,94.61,93.12,91.89,90.72,89.37,87.55,85.91,86.50,88.31,90.12,90.64,91.03,91.42,91.80,92.16,92.53,92.86,93.18,93.52,93.90,94.28,94.67,95.06,95.43,95.66,95.76,95.79,95.87,95.93,96.00,96.01,95.95,95.93,95.86,95.80,95.71,95.55,95.25,94.93,94.61,94.25,93.93,93.62,93.31,92.96,92.43,91.79,91.28,90.91,90.69,90.51,90.22,89.11,86.81,84.95,83.95,83.86,84.57,85.64,85.44,84.09,82.54,81.98,82.37,84.25,85.89,86.38,86.34,86.14,85.88,85.29,83.79,82.36,81.06,80.05,79.52,79.53,80.55,82.20,84.21,86.19,87.84,89.61,91.75,94.45,97.16,98.68,99.40,99.67,99.94,99.08,96.68,93.17,89.67,87.56,85.87,85.20,86.29,87.90,89.77,93.32,98.21,101.45,103.90,106.15,107.86,108.22,107.55,105.62,103.19,100.82,99.12,97.99,97.03,96.13,95.39,95.41,95.66,95.30,93.80,92.40,91.10,90.00,89.02,87.80,87.11,87.59,88.83,90.15,91.32,92.45,93.56,94.47,94.37,93.49,92.58,91.80,91.02,90.13,89.08,87.90,86.63,85.30,83.91,83.48,84.28,85.43,86.42,87.23,87.87,88.17,88.14,87.82,87.68,88.09,88.97,89.95,90.85,91.68,92.49,93.13,92.81,91.94,91.03,90.11,88.72,87.20,85.93,85.59,86.74,88.27,90.13,92.90,95.91,96.75,95.58,93.08,91.73,90.99,90.95,91.56,92.52,93.54,94.63,95.58,95.96,95.53,94.97,94.34,93.70
124.10,123.90,123.64,123.38,123.14,122.91,122.68,122.45,122.22,121.98,121.75,121.52,121.29,121.09,120.93,120.78,120.63,117.66,110.44,108.58,107.42,106.26,105.12,104.03,102.88,101.76,100.57,99.09,97.11,95.42,94.76,95.37,95.89,96.06,96.08,96.08,96.06,96.01,95.97,96.15,96.83,98.25,99.49,100.27,100.58,100.80,100.67,100.44,100.11,99.56,99.22,98.71,98.11,97.49,96.71,96.52,96.78,97.27,97.53,97.28,96.94,96.53,95.94,95.05,94.28,93.34,92.14,91.06,90.23,89.53,88.75,87.63,86.31,85.94,87.19,89.81,90.45,90.84,91.22,91.60,91.92,92.24,92.55,92.88,93.26,93.64,94.03,94.41,94.80,95.17,95.32,95.41,95.47,95.54,95.56,95.62,95.63,95.56,95.50,95.42,95.37,95.33,95.17,94.83,94.49,94.18,93.86,93.55,93.24,92.93,92.62,92.25,91.57,90.98,90.59,90.38,90.32,90.14,89.38,87.77,86.18,84.75,83.63,83.22,84.18,84.36,83.24,81.89,81.66,81.60,83.02,84.20,84.24,84.02,83.78,83.76,83.75,83.25,82.38,81.37,80.40,79.71,79.85,81.19,82.94,84.75,86.58,88.44,90.26,92.22,94.53,96.81,97.89,98.21,98.08,97.75,97.01,95.01,92.05,89.27,87.16,85.21,84.51,86.09,88.00,90.34,93.38,96.78,99.24,101.31,103.07,104.24,104.31,103.76,102.38,100.92,99.87,99.15,98.28,97.35,96.41,95.47,94.70,94.46,93.96,92.59,91.71,90.91,90.08,89.11,87.79,86.89,87.35,88.72,90.07,91.25,92.27,93.20,94.02,94.42,93.83,93.01,92.24,91.46,90.61,89.61,88.45,87.13,85.76,84.32,83.43,83.48,84.41,84.95,85.39,85.81,86.12,86.37,86.60,86.91,87.48,88.56,89.69,90.64,91.42,92.18,92.77,92.43,91.58,90.72,89.80,88.40,86.86,85.54,85.15,86.25,87.73,89.36,91.48,93.99,95.08,94.27,91.78,90.23,89.78,90.10,90.96,92.01,93.08,94.16,95.07,95.45,95.03,94.39,93.70,93.05
124.10,123.88,123.61,123.34,123.08,122.85,122.61,122.39,122.16,121.92,121.69,121.46,121.22,121.01,120.81,120.65,120.50,117.55,110.43,108.58,107.42,106.28,105.17,104.08,102.97,101.88,100.74,99.36,97.31,95.36,94.39,94.76,95.05,95.11,95.11,95.11,95.11,95.05,95.01,95.11,95.56,96.97,98.61,99.81,100.35,100.54,100.43,100.14,99.63,98.75,98.25,97.77,97.24,96.64,95.92,95.48,95.44,95.62,95.49,95.06,94.60,94.07,93.28,92.19,91.63,91.10,90.40,89.76,89.24,88.70,88.02,87.07,85.95,85.26,86.10,88.73,90.07,90.62,90.99,91.36,91.67,91.97,92.28,92.62,93.00,93.39,93.75,94.11,94.50,94.87,95.00,95.08,95.15,95.19,95.23,95.26,95.25,95.18,95.11,95.03,94.97,94.92,94.82,94.49,94.10,93.73,93.43,93.12,92.81,92.52,92.24,91.91,91.16,90.50,90.08,89.91,89.84,89.70,89.20,88.14,86.89,85.63,84.36,83.31,83.07,83.29,82.58,81.59,81.44,81.29,81.91,82.49,82.58,82.56,82.57,82.70,82.89,82.86,82.28,81.49,80.77,80.41,80.89,82.22,83.89,85.67,87.45,89.22,91.04,92.98,94.98,96.32,96.51,96.31,96.07,95.47,94.73,93.18,90.94,88.63,86.53,84.52,83.86,85.63,87.58,89.53,91.85,94.39,96.13,97.79,99.24,100.24,100.44,100.14,100.05,99.85,99.36,98.99,98.41,97.62,96.68,95.72,94.75,94.09,93.36,92.26,91.55,90.87,90.08,89.06,87.62,86.65,87.10,88.50,89.84,90.92,91.89,92.76,93.53,94.10,93.90,93.31,92.53,91.76,90.95,90.07,88.99,87.59,86.16,84.70,83.44,82.77,83.40,83.85,84.26,84.68,85.06,85.42,85.68,86.07,86.86,88.34,89.55,90.50,91.25,91.92,92.42,92.08,91.29,90.53,89.59,88.16,86.57,85.19,84.68,85.75,87.13,88.50,90.13,92.48,93.65,92.96,90.54,89.21,89.08,89.68,90.66,91.66,92.66,93.71,94.60,94.94,94.44,93.76,93.07,92.41
124.06,123.83,123.58,123.31,123.03,122.80,122.57,122.33,122.09,121.86,121.63,121.39,121.16,120.93,120.70,120.53,120.37,117.46,110.41,108.58,107.43,106.31,105.23,104.15,103.07,101.99,100.91,99.64,97.55,95.50,94.28,94.23,94.21,94.17,94.15,94.15,94.15,94.09,94.07,94.10,94.35,95.46,97.33,98.94,99.86,100.21,100.17,99.78,99.05,97.91,97.23,96.78,96.33,95.72,95.12,94.50,94.16,94.00,93.52,92.97,92.45,91.87,91.05,89.98,89.56,89.33,89.06,88.76,88.45,87.97,87.28,86.41,85.48,84.74,85.17,87.33,89.46,90.31,90.73,91.08,91.39,91.70,92.02,92.36,92.75,93.12,93.45,93.80,94.19,94.55,94.69,94.76,94.81,94.83,94.88,94.89,94.86,94.78,94.72,94.65,94.56,94.51,94.46,94.16,93.73,93.32,93.00,92.68,92.36,92.08,91.83,91.50,90.72,90.01,89.54,89.35,89.24,89.11,88.81,88.19,87.23,86.23,85.07,83.71,82.39,82.39,82.02,81.41,81.25,81.10,81.04,81.10,81.29,81.50,81.73,81.95,82.19,82.43,82.17,81.67,81.30,81.40,82.20,83.41,84.94,86.70,88.45,90.09,91.88,93.74,95.23,95.52,94.86,94.21,93.89,93.16,92.42,91.33,89.78,87.81,85.80,83.81,83.16,84.88,86.55,87.80,89.31,91.11,92.35,93.75,95.08,96.18,96.75,96.97,98.17,99.08,98.97,98.73,98.39,97.79,96.94,96.01,95.03,94.07,93.14,92.25,91.56,90.86,90.04,88.94,87.39,86.37,86.80,88.19,89.52,90.52,91.43,92.26,92.99,93.59,93.79,93.47,92.79,92.01,91.23,90.45,89.45,88.00,86.50,84.99,83.43,82.23,82.59,83.03,83.49,83.94,84.35,84.70,84.85,85.19,86.12,87.94,89.33,90.33,91.06,91.65,92.08,91.77,91.08,90.40,89.42,87.95,86.34,84.88,84.16,85.17,86.47,87.67,89.00,91.20,92.39,91.79,89.52,88.38,88.59,89.42,90.48,91.41,92.34,93.33,94.16,94.41,93.83,93.13,92.44,91.77
124.06,123.83,123.54,123.28,123.03,122.80,122.57,122.29,122.02,121.80,121.56,121.33,121.10,120.87,120.64,120.42,120.24,117.35,110.35,108.56,107.47,106.38,105.30,104.21,103.14,102.09,101.06,99.89,97.85,96.08,94.75,93.91,93.52,93.25,93.13,93.13,93.13,93.12,93.16,93.20,93.26,93.54,95.14,96.99,98.55,99.63,99.77,99.18,98.20,97.17,96.24,95.77,95.40,94.84,94.28,93.68,93.19,92.78,92.25,91.61,91.00,90.44,89.95,89.39,88.99,88.65,88.31,88.00,87.69,87.20,86.58,85.96,85.33,84.77,84.69,85.66,88.25,89.74,90.45,90.77,91.08,91.39,91.74,92.11,92.49,92.82,93.13,93.50,93.92,94.24,94.37,94.41,94.44,94.49,94.46,94.45,94.42,94.35,94.33,94.26,94.19,94.12,94.04,93.81,93.42,92.99,92.62,92.25,91.92,91.62,91.33,91.00,90.34,89.64,89.05,88.68,88.50,88.35,88.16,87.79,86.91,85.92,84.88,83.78,82.70,82.00,81.52,81.21,81.06,80.91,80.78,80.70,80.71,80.82,81.03,81.22,81.43,81.75,82.11,82.22,82.35,82.84,83.76,84.77,86.10,87.77,89.47,91.06,92.80,94.26,94.57,93.94,92.91,92.08,91.56,90.82,90.24,89.52,88.43,86.67,84.89,83.08,82.33,83.44,84.13,84.50,85.04,85.99,87.33,88.91,90.63,92.26,93.59,95.01,96.82,98.19,98.54,98.30,98.03,97.70,97.19,96.27,95.33,94.36,93.39,92.47,91.60,90.83,89.93,88.76,87.19,86.00,86.36,87.73,89.03,90.11,90.94,91.66,92.30,92.91,93.33,93.39,93.03,92.26,91.44,90.64,89.67,88.28,86.66,85.01,83.34,82.08,82.34,82.73,83.17,83.57,83.78,83.93,84.03,84.28,85.05,86.83,88.75,90.05,90.74,91.34,91.76,91.57,91.01,90.33,89.31,87.83,86.20,84.66,83.55,84.34,85.70,87.08,88.48,90.28,91.41,91.06,89.06,87.75,88.25,89.32,90.42,91.34,92.28,93.14,93.78,93.86,93.21,92.50,91.80,91.13
124.06,123.83,123.52,123.26,123.03,122.80,122.53,122.26,122.00,121.78,121.54,121.28,121.03,120.81,120.57,120.34,119.49,116.28,110.19,108.55,107.50,106.44,105.37,104.32,103.27,102.22,101.20,100.08,98.27,96.57,95.18,94.20,93.64,93.23,92.95,92.76,92.56,92.33,92.23,92.22,92.22,92.22,93.17,94.59,96.13,97.28,97.60,97.07,96.13,95.42,94.87,94.62,94.39,93.98,93.45,92.85,92.33,91.88,91.36,90.75,90.19,89.73,89.37,88.98,88.60,88.22,87.84,87.53,87.19,86.81,86.38,85.93,85.43,84.95,84.59,84.79,86.61,88.41,89.72,90.48,90.77,91.10,91.45,91.81,92.19,92.51,92.86,93.27,93.66,93.93,94.02,94.06,94.09,94.09,94.00,94.01,94.01,93.94,93.91,93.87,93.81,93.73,93.64,93.46,93.10,92.67,92.28,91.86,91.50,91.15,90.82,90.53,90.00,89.38,88.79,88.31,87.97,87.67,87.43,87.19,86.50,85.55,84.57,83.61,82.67,81.86,81.34,81.06,80.87,80.71,80.56,80.44,80.37,80.33,80.13,80.29,80.77,81.17,81.72,82.11,82.64,83.65,84.86,86.06,87.36,88.83,90.45,91.93,93.15,93.78,93.29,92.21,91.16,90.33,89.72,89.08,88.59,88.05,87.22,85.67,84.00,82.35,81.50,81.94,82.03,81.92,81.93,82.27,83.10,84.13,86.03,88.56,91.19,93.33,95.43,97.16,98.07,97.89,97.66,97.35,96.93,96.32,95.55,94.64,93.67,92.72,91.82,90.97,89.97,88.71,87.15,85.78,85.89,87.05,88.28,89.39,90.29,91.03,91.63,92.19,92.72,93.09,93.07,92.31,91.50,90.73,89.78,88.38,86.68,84.97,83.27,81.97,82.08,82.37,82.67,82.93,83.05,83.16,83.27,83.44,84.02,85.92,88.10,89.67,90.53,91.08,91.46,91.32,90.84,90.20,89.12,87.64,86.07,84.54,83.25,83.76,85.03,86.52,87.99,89.58,90.55,90.23,88.42,87.01,87.68,89.03,90.28,91.12,91.95,92.74,93.32,93.37,92.71,91.99,91.28,90.56
124.06,123.81,123.52,123.26,123.03,122.79,122.49,122.24,122.00,121.77,121.53,121.25,120.99,120.75,120.52,120.29,118.57,114.95,110.00,108.53,107.52,106.48,105.42,104.41,103.39,102.34,101.30,100.23,98.69,97.00,95.63,94.81,94.17,93.69,93.24,92.80,92.35,91.84,91.51,91.36,91.33,91.29,91.48,92.16,93.28,94.13,94.55,94.22,93.54,93.26,93.32,93.37,93.33,93.11,92.61,92.03,91.54,91.13,90.69,90.19,89.75,89.38,89.05,88.68,88.29,87.91,87.54,87.22,86.88,86.62,86.40,86.06,85.64,85.19,84.72,84.41,84.98,86.66,88.51,89.95,90.43,90.82,91.16,91.50,91.88,92.20,92.62,93.05,93.40,93.62,93.67,93.71,93.73,93.64,93.53,93.57,93.63,93.55,93.47,93.46,93.42,93.35,93.27,93.13,92.78,92.35,91.95,91.50,91.10,90.71,90.35,90.09,89.68,89.18,88.64,88.10,87.58,87.10,86.75,86.50,86.04,85.17,84.23,83.34,82.52,81.85,81.32,80.93,80.70,80.53,80.38,80.18,79.92,79.63,78.99,79.08,79.81,80.44,81.09,81.65,82.53,84.03,85.55,87.06,88.45,89.76,91.25,92.55,93.05,92.75,91.77,90.54,89.62,88.87,88.22,87.70,87.20,86.72,86.05,84.74,83.12,81.63,80.72,80.59,80.34,80.03,79.80,79.73,79.85,80.13,81.91,85.14,89.18,91.91,94.15,96.15,97.58,97.49,97.26,96.84,96.35,96.12,95.64,94.89,93.97,93.00,92.12,91.20,90.10,88.77,87.25,85.74,85.46,86.21,87.33,88.42,89.45,90.34,91.00,91.50,92.09,92.69,92.97,92.24,91.48,90.75,89.82,88.39,86.66,84.94,83.23,81.86,81.77,81.95,82.11,82.21,82.31,82.46,82.59,82.66,83.04,85.02,87.30,89.16,90.36,90.82,91.15,91.01,90.55,89.89,88.72,87.33,85.88,84.45,83.10,83.28,84.41,85.94,87.46,88.94,89.71,89.32,87.67,86.22,87.04,88.62,90.09,90.83,91.54,92.26,92.84,92.94,92.29,91.58,90.87,90.13
124.05,123.77,123.50,123.26,123.03,122.79,122.49,122.24,122.00,121.76,121.48,121.22,120.98,120.75,120.51,120.28,118.34,114.60,109.90,108.42,107.40,106.39,105.36,104.35,103.30,102.27,101.27,100.31,98.92,97.42,96.20,95.43,94.75,94.24,93.78,93.32,92.84,92.22,91.65,91.21,90.95,90.73,90.57,90.63,90.94,91.26,91.42,91.41,91.36,91.52,91.81,92.06,92.19,92.12,91.72,91.22,90.78,90.41,90.10,89.83,89.48,89.10,88.74,88.41,88.04,87.65,87.28,86.97,86.73,86.55,86.35,86.03,85.68,85.33,84.92,84.49,84.35,84.71,86.14,88.34,89.96,90.53,90.84,91.18,91.56,91.93,92.37,92.79,93.13,93.26,93.33,93.34,93.28,93.17,93.15,93.19,93.19,93.11,93.03,93.02,93.00,92.97,92.89,92.80,92.47,92.03,91.64,91.18,90.78,90.36,89.95,89.66,89.36,88.96,88.45,87.92,87.37,86.85,86.37,85.95,85.53,84.78,83.98,83.23,82.54,81.91,81.32,80.84,80.57,80.41,80.21,79.58,78.43,77.50,77.24,77.09,77.32,78.86,80.10,81.09,82.26,83.88,85.39,86.92,88.52,90.07,91.34,92.29,92.26,91.52,90.50,89.46,88.61,87.87,87.19,86.56,85.89,85.33,84.75,83.75,82.25,80.93,80.12,79.96,79.76,79.58,79.42,79.28,79.22,79.44,80.26,82.53,87.19,91.04,93.53,95.50,97.03,97.03,96.78,96.16,95.43,95.30,95.33,94.97,94.24,93.30,92.39,91.34,90.23,89.01,87.59,86.19,85.26,85.09,86.01,87.11,88.26,89.41,90.40,91.02,91.67,92.34,92.71,92.16,91.46,90.75,89.86,88.50,86.77,85.02,83.26,81.80,81.40,81.47,81.62,81.75,81.89,82.09,82.11,82.02,82.18,83.72,85.97,88.32,90.14,90.52,90.79,90.61,89.94,88.82,87.60,86.57,85.53,84.31,82.95,82.78,83.69,85.18,86.67,88.09,88.71,88.28,86.81,85.50,86.49,88.21,89.75,90.60,91.28,91.88,92.38,92.61,92.01,91.35,90.72,90.08
124.02,123.74,123.50,123.26,123.02,122.76,122.48,122.24,122.00,121.76,121.48,121.22,120.98,120.75,120.51,120.28,118.23,114.43,109.85,108.36,107.32,106.29,105.27,104.25,103.21,102.21,101.30,100.41,99.16,97.90,96.85,96.08,95.37,94.81,94.32,93.85,93.34,92.68,91.98,91.36,90.89,90.50,90.17,89.93,89.81,89.80,89.83,89.93,90.12,90.40,90.66,90.91,91.07,91.07,90.83,90.50,90.18,89.90,89.72,89.52,89.21,88.84,88.47,88.12,87.75,87.38,87.04,86.81,86.64,86.48,86.28,85.97,85.67,85.38,85.04,84.63,84.21,83.84,84.51,86.36,88.70,89.95,90.53,90.86,91.25,91.66,92.11,92.53,92.83,92.92,92.96,92.92,92.80,92.68,92.76,92.80,92.77,92.67,92.62,92.59,92.57,92.56,92.51,92.44,92.14,91.72,91.32,90.86,90.44,90.03,89.63,89.32,89.06,88.72,88.29,87.75,87.22,86.67,86.13,85.61,85.16,84.50,83.82,83.18,82.56,81.94,81.33,80.79,80.45,80.25,79.66,78.62,77.45,77.17,77.45,77.36,77.25,78.23,78.57,79.69,81.36,83.13,84.70,86.31,88.00,89.67,90.91,91.75,91.49,90.53,89.55,88.63,87.78,87.00,86.26,85.53,84.77,84.10,83.47,82.68,81.35,80.28,79.66,79.47,79.34,79.25,79.13,78.99,78.91,79.14,79.47,80.74,84.51,89.92,92.91,94.82,96.42,96.57,96.16,95.34,94.48,94.38,94.68,94.69,94.31,93.53,92.62,91.59,90.56,89.50,88.29,87.02,85.73,84.83,84.97,85.90,87.17,88.55,89.84,90.60,91.28,91.96,92.38,92.03,91.41,90.74,89.91,88.68,86.99,85.14,83.28,81.68,81.03,81.04,81.21,81.37,81.50,81.59,81.50,81.32,81.32,82.38,84.54,87.06,89.27,90.13,90.39,89.88,88.77,87.25,85.82,84.97,84.20,83.27,82.24,82.08,82.95,84.41,85.82,87.05,87.42,86.97,85.84,84.96,86.11,87.80,89.29,90.28,90.95,91.47,91.92,92.22,91.78,91.21,90.66,90.07
123.97,123.73,123.50,123.26,123.01,122.72,122.47,122.24,122.00,121.77,121.53,121.25,120.98,120.75,120.52,120.28,118.16,114.32,109.84,108.36,107.28,106.21,105.15,104.13,103.14,102.22,101.38,100.56,99.45,98.42,97.54,96.77,96.00,95.37,94.83,94.35,93.80,93.13,92.43,91.75,91.10,90.56,90.19,89.93,89.77,89.65,89.68,89.72,89.77,89.86,89.92,90.00,90.05,90.05,90.01,89.91,89.77,89.61,89.50,89.24,88.92,88.58,88.20,87.82,87.44,87.09,86.83,86.71,86.57,86.41,86.22,85.91,85.60,85.34,85.07,84.74,84.42,84.00,83.78,84.33,86.71,89.01,90.13,90.55,90.95,91.40,91.86,92.25,92.52,92.59,92.55,92.44,92.29,92.19,92.36,92.42,92.36,92.24,92.22,92.17,92.13,92.13,92.12,92.05,91.78,91.40,91.00,90.54,90.09,89.70,89.38,89.06,88.76,88.49,88.16,87.63,87.09,86.54,86.00,85.47,84.94,84.33,83.74,83.17,82.56,81.94,81.33,80.76,80.33,80.01,78.75,77.52,77.27,78.67,79.44,79.69,79.50,78.66,76.95,77.70,79.82,81.88,83.59,85.33,87.03,88.64,90.04,91.00,90.79,89.85,88.85,87.97,87.07,86.20,85.38,84.61,83.83,83.04,82.27,81.56,80.44,79.72,79.32,79.06,78.94,78.86,78.75,78.64,78.64,78.90,79.25,79.75,81.46,88.63,92.25,94.11,95.78,96.09,95.40,94.39,93.53,93.42,93.72,94.06,94.11,93.65,92.81,91.94,91.07,90.20,89.29,88.11,86.77,85.41,84.34,84.87,86.22,87.81,89.28,90.25,90.94,91.56,92.00,91.87,91.34,90.72,89.99,88.92,87.25,85.28,83.27,81.52,80.71,80.67,80.85,81.02,81.05,80.90,80.72,80.54,80.45,81.05,83.01,85.39,87.70,89.50,89.74,88.67,86.97,85.20,83.51,82.66,82.06,81.47,81.05,81.22,82.19,83.62,84.93,85.80,85.88,85.42,84.78,84.57,85.82,87.32,88.63,89.78,90.47,91.00,91.45,91.75,91.55,91.12,90.61,90.02
123.96,123.73,123.50,123.24,122.96,122.70,122.47,122.24,122.00,121.78,121.54,121.29,121.04,120.80,120.52,120.24,117.99,114.11,109.81,108.36,107.24,106.14,105.06,104.03,103.13,102.29,101.53,100.80,99.83,98.96,98.18,97.41,96.64,95.95,95.39,94.89,94.25,93.57,92.88,92.17,91.50,90.90,90.35,89.95,89.71,89.52,89.51,89.55,89.59,89.63,89.67,89.70,89.71,89.67,89.66,89.60,89.48,89.35,89.25,88.98,88.64,88.29,87.95,87.56,87.21,86.93,86.73,86.60,86.45,86.32,86.16,85.85,85.54,85.28,85.02,84.71,84.40,84.04,83.70,83.70,84.83,87.17,89.06,90.22,90.72,91.15,91.60,91.98,92.18,92.14,92.06,91.94,91.81,91.78,92.01,92.04,91.93,91.80,91.78,91.76,91.72,91.69,91.68,91.66,91.44,91.06,90.63,90.17,89.77,89.43,89.12,88.81,88.50,88.21,87.90,87.49,86.96,86.42,85.88,85.34,84.80,84.19,83.62,83.07,82.50,81.93,81.33,80.74,80.16,79.17,78.03,77.80,78.80,79.78,80.30,80.52,80.42,79.73,78.57,77.50,77.94,80.65,82.46,84.18,85.88,87.54,89.10,90.20,90.12,89.22,88.10,87.14,86.27,85.43,84.59,83.77,82.95,82.14,81.34,80.60,79.90,79.41,79.05,78.76,78.54,78.46,78.39,78.33,78.43,78.74,79.11,79.49,80.86,88.32,91.97,93.70,95.17,95.36,94.53,93.44,92.57,92.42,92.76,93.16,93.45,93.48,93.07,92.38,91.62,90.87,90.12,88.94,87.49,85.90,84.47,84.28,85.42,87.05,88.61,89.91,90.63,91.18,91.61,91.72,91.38,90.85,90.19,89.16,87.18,85.19,83.19,81.38,80.50,80.38,80.43,80.44,80.31,80.06,79.80,79.58,79.47,79.75,81.25,83.31,85.55,87.47,87.33,86.00,84.27,82.68,81.24,80.80,80.67,80.52,80.42,80.60,81.47,82.74,83.77,84.28,84.19,83.84,83.56,83.91,85.00,86.23,87.40,88.54,89.60,90.39,90.97,91.30,91.10,90.72,90.22,89.60
123.96,123.73,123.50,123.23,122.95,122.73,122.49,122.26,122.03,121.79,121.54,121.31,121.08,120.83,120.52,120.21,117.81,113.87,109.74,108.28,107.12,106.05,105.12,104.28,103.62,102.95,102.26,101.55,100.31,99.41,98.68,97.96,97.22,96.54,95.96,95.40,94.69,93.99,93.28,92.57,91.87,91.21,90.53,89.99,89.66,89.42,89.36,89.39,89.44,89.46,89.52,89.52,89.49,89.43,89.41,89.34,89.24,89.11,89.00,88.72,88.37,88.00,87.67,87.31,87.01,86.80,86.65,86.50,86.35,86.23,86.08,85.78,85.47,85.22,84.96,84.65,84.34,84.03,83.72,83.46,83.53,85.36,87.52,89.28,90.23,90.82,91.32,91.67,91.78,91.66,91.56,91.44,91.35,91.40,91.66,91.66,91.50,91.36,91.34,91.34,91.30,91.24,91.24,91.24,91.06,90.72,90.26,89.83,89.48,89.17,88.87,88.56,88.25,87.93,87.61,87.28,86.82,86.29,85.75,85.21,84.65,84.06,83.49,82.95,82.41,81.85,81.27,80.69,79.96,78.20,77.76,78.62,80.17,80.58,80.83,80.97,80.94,80.55,80.07,77.81,76.66,78.97,81.19,83.01,84.71,86.38,87.94,89.11,89.27,88.57,87.36,86.31,85.43,84.60,83.76,82.93,82.09,81.30,80.55,79.86,79.48,79.13,78.77,78.44,78.14,78.04,78.02,78.06,78.28,78.64,79.04,79.44,80.84,88.30,91.93,93.52,94.70,94.49,93.52,92.43,91.60,91.44,91.78,92.20,92.64,93.07,93.09,92.54,91.84,91.15,90.41,89.16,87.63,86.01,84.53,83.75,84.68,86.28,87.88,89.39,90.25,90.79,91.19,91.45,91.34,90.95,90.37,89.41,87.21,85.13,83.05,81.15,80.25,80.00,79.85,79.64,79.37,79.06,78.78,78.59,78.58,78.82,79.88,81.52,83.50,85.24,84.77,83.28,81.62,80.27,79.22,79.10,79.31,79.50,79.64,79.83,80.60,81.71,82.50,82.70,82.61,82.44,82.42,82.97,83.90,84.93,85.98,87.11,88.46,89.55,90.35,90.80,90.65,90.13,89.51,88.83
123.96,123.73,123.50,123.26,123.02,122.78,122.55,122.32,122.09,121.85,121.56,121.31,121.08,120.83,120.52,120.21,117.66,113.61,109.59,108.05,106.84,105.93,105.44,105.21,105.02,104.61,104.03,103.19,100.99,99.66,98.93,98.34,97.70,97.12,96.50,95.82,95.07,94.37,93.63,92.87,92.11,91.36,90.65,90.07,89.66,89.37,89.26,89.24,89.26,89.32,89.34,89.30,89.25,89.23,89.17,89.09,89.01,88.91,88.75,88.47,88.11,87.73,87.37,87.04,86.83,86.69,86.58,86.43,86.28,86.13,85.96,85.71,85.41,85.16,84.89,84.58,84.28,83.97,83.66,83.37,83.25,83.93,85.35,87.23,89.19,90.30,90.96,91.28,91.29,91.21,91.08,90.96,90.92,91.01,91.28,91.28,91.10,90.92,90.90,90.90,90.86,90.80,90.80,90.80,90.65,90.34,89.89,89.55,89.23,88.92,88.61,88.30,88.00,87.65,87.29,86.98,86.64,86.16,85.63,85.07,84.48,83.91,83.37,82.82,82.28,81.69,81.11,80.56,79.72,77.25,78.21,79.89,80.56,80.95,81.21,81.35,81.27,80.70,80.10,78.39,76.63,76.49,79.69,81.86,83.57,85.16,86.41,87.51,88.09,87.87,86.66,85.51,84.54,83.66,82.81,82.03,81.25,80.50,79.88,79.49,79.11,78.78,78.44,78.07,77.76,77.58,77.61,77.84,78.25,78.64,79.07,79.52,80.97,88.48,92.16,93.64,94.43,93.47,92.31,91.30,90.59,90.47,90.79,91.22,91.75,92.36,92.69,92.19,91.46,90.72,89.81,88.36,86.87,85.47,84.20,83.16,83.95,85.50,87.06,88.58,89.70,90.35,90.69,90.98,91.16,90.95,90.49,89.66,87.56,85.22,82.82,80.74,79.90,79.43,78.99,78.55,78.18,77.86,77.65,77.61,77.87,78.51,79.29,80.42,81.88,83.22,82.59,81.04,79.41,78.29,77.60,77.51,77.73,78.06,78.34,78.68,79.46,80.46,81.10,81.17,81.27,81.40,81.50,81.64,82.48,83.46,84.42,85.64,87.00,88.34,89.49,90.22,90.28,89.34,88.32,87.56
123.92,123.72,123.50,123.26,123.03,122.80,122.57,122.34,122.11,121.87,121.60,121.36,121.11,120.83,120.52,120.21,117.55,113.34,109.28,108.05,107.23,106.66,106.44,106.39,106.35,106.16,105.77,104.91,102.31,100.28,99.06,98.49,97.91,97.23,96.52,95.82,95.23,94.52,93.76,93.00,92.26,91.49,90.75,90.12,89.66,89.35,89.17,89.08,89.08,89.13,89.12,89.07,89.04,88.99,88.92,88.87,88.81,88.71,88.51,88.18,87.84,87.49,87.16,86.91,86.73,86.60,86.47,86.32,86.20,86.06,85.89,85.65,85.35,85.09,84.83,84.52,84.21,83.91,83.59,83.31,83.15,83.28,83.87,84.92,86.51,88.49,90.01,90.82,90.91,90.78,90.62,90.49,90.45,90.66,90.95,90.93,90.70,90.48,90.46,90.46,90.43,90.40,90.36,90.32,90.16,89.88,89.50,89.19,88.88,88.57,88.26,87.95,87.64,87.31,86.98,86.67,86.39,86.02,85.53,84.95,84.38,83.83,83.27,82.69,82.15,81.58,81.02,80.44,79.47,77.00,78.31,80.19,80.75,81.22,81.59,81.70,81.49,80.88,80.30,78.97,77.22,76.05,77.81,80.28,82.29,83.62,84.75,85.83,86.73,86.97,85.97,84.80,83.71,82.75,81.91,81.11,80.45,79.85,79.33,79.02,78.67,78.35,78.03,77.69,77.38,77.27,77.42,77.80,78.29,78.72,79.15,80.38,83.87,89.53,92.39,93.51,93.68,92.45,91.16,90.05,89.30,89.26,89.96,90.65,91.31,91.97,92.20,91.76,91.08,90.31,89.26,87.93,86.58,85.28,84.03,82.89,83.45,84.84,86.36,87.75,88.86,89.68,90.23,90.58,90.85,90.80,90.49,89.77,87.81,85.37,82.89,80.77,79.63,78.98,78.40,77.80,77.28,76.80,76.63,76.70,77.03,77.76,78.51,79.34,80.31,81.23,80.75,79.32,77.69,76.54,76.03,75.94,76.13,76.47,76.81,77.14,77.91,78.86,79.38,80.00,80.42,80.65,80.75,80.77,81.29,82.01,82.90,84.18,85.58,86.99,88.28,89.26,89.48,88.51,87.29,86.31
123.82,123.67,123.47,123.26,123.03,122.81,122.58,122.35,122.11,121.87,121.64,121.41,121.13,120.83,120.52,120.21,117.47,113.17,109.17,108.31,107.93,107.72,107.66,107.66,107.64,107.59,107.41,106.63,103.85,101.03,99.17,98.56,97.95,97.14,96.32,95.64,95.21,94.56,93.82,93.09,92.39,91.62,90.84,90.17,89.68,89.36,89.11,88.94,88.89,88.94,88.89,88.85,88.82,88.74,88.67,88.65,88.61,88.51,88.26,87.89,87.56,87.25,86.98,86.81,86.67,86.52,86.36,86.22,86.11,85.99,85.83,85.58,85.28,85.03,84.77,84.46,84.15,83.84,83.54,83.29,83.13,82.98,82.89,83.03,83.84,86.17,88.50,90.05,90.54,90.38,90.08,89.86,89.86,90.25,90.59,90.51,90.22,89.97,89.94,89.93,89.92,89.90,89.84,89.79,89.64,89.39,89.10,88.81,88.50,88.19,87.88,87.57,87.26,86.95,86.64,86.34,86.09,85.80,85.39,84.84,84.34,83.80,83.22,82.61,82.07,81.52,80.97,80.34,79.27,77.04,78.21,80.01,80.77,81.37,81.90,82.04,81.75,81.14,80.56,79.47,77.86,76.18,76.26,78.78,80.98,82.10,83.19,84.28,85.38,85.96,85.23,84.09,82.92,81.89,81.03,80.24,79.72,79.26,78.83,78.52,78.20,77.89,77.59,77.28,76.98,77.02,77.31,77.80,78.33,78.81,79.24,81.37,87.18,90.71,92.59,93.29,92.82,91.53,90.13,88.84,87.98,88.20,89.36,90.32,91.05,91.62,91.65,91.24,90.66,89.91,88.80,87.65,86.45,85.20,83.91,82.74,83.04,84.20,85.65,86.88,87.95,88.95,89.81,90.24,90.56,90.61,90.42,89.83,88.05,85.66,83.23,81.09,79.56,78.76,78.09,77.39,76.68,76.01,75.77,75.81,76.13,76.86,77.61,78.23,78.79,79.35,78.98,77.69,76.09,74.86,74.48,74.41,74.54,74.84,75.21,75.47,76.21,77.08,77.45,78.58,79.26,79.56,79.67,79.72,79.93,80.47,81.40,82.73,84.16,85.57,86.92,88.06,88.37,87.47,86.20,85.08
123.57,123.48,123.37,123.22,123.05,122.87,122.65,122.42,122.16,121.88,121.64,121.41,121.13,120.83,120.52,120.21,117.44,113.32,109.86,109.15,108.99,108.94,108.92,108.92,108.87,108.83,108.78,108.28,105.42,101.80,99.31,98.64,97.76,96.81,95.94,95.27,94.87,94.45,93.89,93.22,92.51,91.74,90.93,90.23,89.73,89.42,89.12,88.89,88.75,88.76,88.70,88.63,88.56,88.49,88.41,88.39,88.39,88.30,88.01,87.64,87.30,87.03,86.85,86.69,86.57,86.46,86.30,86.15,86.00,85.90,85.76,85.52,85.22,84.97,84.70,84.39,84.08,83.78,83.53,83.34,83.19,83.04,82.89,82.81,82.93,83.52,85.77,88.30,90.04,90.06,89.22,88.70,88.84,89.58,90.06,89.88,89.47,89.22,89.19,89.14,89.08,89.03,89.02,89.10,89.03,88.86,88.66,88.41,88.12,87.81,87.50,87.19,86.88,86.57,86.27,85.96,85.66,85.36,85.05,84.72,84.41,83.88,83.27,82.67,82.13,81.53,80.97,80.31,79.25,77.27,77.76,79.18,80.41,81.22,81.98,82.36,82.26,81.63,80.92,79.69,77.93,76.10,76.23,78.02,79.78,81.00,82.09,83.23,84.27,84.84,84.34,83.31,82.16,81.08,80.19,79.62,79.18,78.78,78.38,78.02,77.70,77.39,77.08,76.78,76.53,76.80,77.27,77.80,78.33,78.81,79.30,81.94,88.89,91.33,92.69,93.05,92.12,90.91,89.42,87.86,86.91,87.88,89.39,90.38,90.91,91.13,90.94,90.56,90.13,89.54,88.52,87.48,86.33,85.09,83.84,82.67,82.69,83.55,84.82,85.95,87.08,88.28,89.41,90.06,90.38,90.39,90.22,89.80,88.34,86.33,84.15,81.99,80.07,79.14,78.42,77.65,76.83,75.98,75.25,74.91,75.19,75.91,76.55,77.02,77.42,77.81,77.06,75.83,74.43,73.19,72.97,72.95,73.01,73.19,73.56,73.82,74.45,75.10,75.17,75.91,76.56,77.03,77.31,77.51,77.82,78.64,79.95,81.32,82.72,84.08,85.39,86.47,86.66,85.78,84.72,83.91
123.33,123.25,123.20,123.11,122.98,122.85,122.63,122.42,122.19,121.92,121.68,121.43,121.13,120.82,120.49,120.17,117.40,113.77,111.35,110.29,110.00,109.95,109.95,109.95,109.91,109.87,109.85,109.49,106.86,102.55,99.32,98.48,97.46,96.44,95.55,94.85,94.49,94.15,93.71,93.19,92.59,91.83,91.00,90.28,89.76,89.44,89.13,88.83,88.60,88.54,88.47,88.39,88.33,88.27,88.20,88.16,88.14,88.07,87.76,87.39,87.10,86.91,86.76,86.60,86.48,86.37,86.23,86.08,85.92,85.80,85.67,85.45,85.16,84.90,84.64,84.33,84.02,83.74,83.52,83.37,83.21,83.06,82.91,82.76,82.64,82.53,83.80,85.95,88.10,88.40,87.59,87.26,87.67,88.48,89.07,88.99,88.64,88.41,88.35,88.31,88.27,88.24,88.31,88.45,88.41,88.26,88.10,87.93,87.68,87.39,87.08,86.77,86.46,86.16,85.84,85.53,85.23,84.92,84.63,84.37,84.16,83.78,83.32,82.80,82.23,81.65,81.07,80.47,79.64,78.03,77.65,78.52,80.20,81.22,82.14,82.69,82.68,81.87,80.98,79.64,77.81,75.90,75.82,77.10,78.58,79.87,81.04,82.15,83.15,83.73,83.43,82.45,81.34,80.36,79.62,79.11,78.68,78.28,77.89,77.51,77.16,76.87,76.57,76.31,76.30,76.72,77.24,77.76,78.30,78.80,79.34,82.20,89.55,91.48,92.54,92.76,91.73,90.57,89.02,87.16,85.97,87.41,89.30,90.32,90.65,90.63,90.36,90.03,89.64,89.06,88.14,87.17,86.11,84.97,83.77,82.61,82.32,82.86,84.05,85.20,86.40,87.70,88.95,89.82,90.16,90.06,89.75,89.26,88.15,86.41,84.44,82.41,80.50,79.44,78.60,77.75,76.86,75.91,74.98,74.33,74.25,74.86,75.36,75.73,76.06,76.28,75.18,73.74,72.40,71.50,71.44,71.45,71.48,71.59,71.92,72.20,72.61,72.94,72.85,73.19,73.69,74.16,74.56,75.04,75.78,76.92,78.41,79.94,81.44,82.79,84.04,85.04,85.14,84.34,83.36,82.61
123.07,123.00,122.99,122.94,122.85,122.76,122.56,122.39,122.19,121.96,121.73,121.44,121.13,120.81,120.44,120.12,117.53,114.58,113.27,111.64,111.00,110.84,110.82,110.81,110.81,110.77,110.70,110.35,108.22,103.30,99.25,98.14,97.08,96.06,95.15,94.42,94.09,93.71,93.35,92.99,92.53,91.86,91.06,90.32,89.76,89.44,89.13,88.78,88.48,88.34,88.25,88.16,88.10,88.07,88.00,87.93,87.89,87.82,87.51,87.15,86.96,86.84,86.69,86.54,86.39,86.26,86.16,86.01,85.86,85.72,85.56,85.38,85.09,84.84,84.58,84.27,83.96,83.71,83.52,83.37,83.21,83.07,82.91,82.78,82.69,82.54,82.54,83.53,85.39,85.97,85.60,85.73,86.43,87.11,87.79,87.93,87.77,87.56,87.48,87.47,87.46,87.50,87.66,87.81,87.78,87.62,87.48,87.38,87.19,86.93,86.64,86.33,86.02,85.71,85.40,85.09,84.78,84.48,84.17,83.88,83.71,83.52,83.27,82.90,82.34,81.81,81.23,80.71,80.20,78.95,77.79,78.13,80.16,81.36,82.41,83.06,83.05,81.97,80.87,79.44,77.60,75.70,75.17,76.10,77.42,78.71,79.97,81.03,82.00,82.66,82.51,81.58,80.54,79.73,79.22,78.69,78.21,77.78,77.39,77.00,76.61,76.33,76.08,75.91,76.21,76.70,77.22,77.71,78.24,78.78,79.35,82.23,89.53,91.32,92.22,92.41,91.50,90.37,88.73,86.55,85.04,86.74,88.97,90.00,90.19,90.13,89.87,89.62,89.20,88.52,87.66,86.75,85.81,84.81,83.67,82.54,81.92,82.17,83.34,84.54,85.81,87.11,88.36,89.41,89.77,89.56,89.05,88.38,87.60,86.10,84.32,82.50,80.81,79.63,78.65,77.73,76.80,75.81,74.85,73.97,73.39,73.73,74.08,74.39,74.69,74.75,73.42,71.71,70.35,69.88,69.93,69.96,69.97,70.03,70.32,70.58,70.72,70.72,70.59,70.61,70.88,71.27,71.73,72.55,73.83,75.28,76.83,78.56,80.21,81.61,82.81,83.72,83.76,83.05,82.04,81.11
122.82,122.75,122.73,122.69,122.63,122.59,122.47,122.32,122.14,121.92,121.73,121.44,121.13,120.81,120.43,120.11,118.49,116.44,114.93,113.18,112.19,111.72,111.59,111.54,111.52,111.51,111.36,110.79,109.54,104.09,99.15,97.69,96.63,95.66,94.77,94.03,93.66,93.23,92.81,92.41,92.03,91.71,91.07,90.36,89.77,89.44,89.09,88.74,88.46,88.31,88.17,88.05,87.93,87.83,87.75,87.72,87.68,87.56,87.27,87.02,86.85,86.73,86.62,86.48,86.32,86.18,86.04,85.89,85.78,85.65,85.49,85.32,85.03,84.77,84.52,84.20,83.90,83.69,83.52,83.37,83.22,83.10,82.97,82.82,82.69,82.54,82.38,82.61,83.26,83.69,84.03,84.55,85.19,85.74,86.37,86.78,86.89,86.69,86.64,86.64,86.67,86.76,87.00,87.18,87.14,86.99,86.84,86.76,86.60,86.41,86.19,85.89,85.58,85.27,84.96,84.65,84.34,84.03,83.72,83.43,83.22,83.01,82.81,82.58,82.26,81.88,81.42,80.90,80.28,79.06,78.12,78.57,80.50,81.77,82.98,83.63,83.44,82.15,80.82,79.30,77.58,75.80,74.55,75.22,76.46,77.65,78.75,79.82,80.86,81.61,81.58,80.77,79.99,79.35,78.84,78.35,77.84,77.37,76.93,76.50,76.10,75.78,75.62,75.73,76.14,76.65,77.18,77.69,78.18,78.71,79.27,82.08,89.27,91.02,91.82,91.94,91.12,90.17,88.12,85.55,83.86,85.54,87.73,88.68,89.03,89.53,89.50,89.29,88.81,88.01,87.11,86.23,85.33,84.40,83.43,82.44,81.61,81.64,82.78,83.82,85.00,86.21,87.39,88.41,88.70,88.41,87.89,87.34,86.72,85.58,84.11,82.46,80.84,79.61,78.60,77.67,76.73,75.74,74.76,73.77,72.89,72.58,72.72,73.01,73.27,73.27,72.07,70.60,69.35,68.69,68.61,68.61,68.61,68.66,68.89,68.90,68.85,68.79,68.69,68.68,68.84,69.13,69.64,70.65,72.11,73.70,75.34,77.02,78.83,80.38,81.63,82.45,82.39,81.69,80.40,78.99
122.57,122.52,122.49,122.44,122.39,122.38,122.31,122.19,122.02,121.83,121.69,121.44,121.13,120.82,120.45,120.12,119.20,117.90,116.43,114.75,113.47,112.71,112.42,112.28,112.25,112.15,111.81,111.08,110.30,104.84,99.51,97.63,96.78,95.93,94.88,93.80,93.07,92.56,92.09,91.68,91.39,91.27,90.88,90.31,89.74,89.41,89.01,88.69,88.45,88.28,88.12,87.97,87.81,87.67,87.59,87.53,87.46,87.33,87.10,86.93,86.78,86.64,86.53,86.38,86.24,86.10,85.94,85.80,85.69,85.57,85.43,85.26,84.97,84.70,84.43,84.14,83.86,83.68,83.52,83.38,83.25,83.14,83.00,82.85,82.69,82.54,82.38,82.23,82.14,82.32,82.86,83.51,84.14,84.61,85.15,85.68,85.95,85.85,85.85,85.85,85.91,86.07,86.36,86.55,86.51,86.36,86.21,86.13,85.99,85.84,85.66,85.43,85.15,84.85,84.55,84.23,83.90,83.59,83.28,82.98,82.72,82.48,82.29,82.13,81.97,81.71,81.30,80.71,79.83,78.66,78.55,79.56,81.33,82.50,83.70,84.27,83.92,82.44,80.91,79.31,77.69,76.06,74.62,74.65,75.42,76.45,77.42,78.47,79.50,80.28,80.41,79.84,79.33,78.87,78.38,77.91,77.42,76.96,76.50,76.03,75.61,75.31,75.27,75.62,76.09,76.60,77.12,77.62,78.09,78.60,79.12,81.21,86.65,89.99,91.37,91.50,90.77,89.84,87.21,84.29,82.57,84.14,86.06,87.00,87.61,88.58,89.00,88.92,88.39,87.50,86.60,85.72,84.84,83.95,83.09,82.22,81.32,81.20,82.19,83.07,84.17,85.31,86.40,87.26,87.42,87.09,86.58,86.09,85.60,84.85,83.76,82.34,80.82,79.59,78.54,77.57,76.61,75.60,74.57,73.53,72.52,71.76,71.61,71.70,71.83,71.76,70.59,69.39,68.39,67.68,67.44,67.45,67.48,67.52,67.68,67.61,67.47,67.37,67.29,67.24,67.24,67.36,67.77,68.81,70.26,71.91,73.64,75.35,77.19,78.80,80.05,80.67,80.42,79.56,78.05,76.48
122.33,122.31,122.26,122.19,122.13,122.12,122.06,121.97,121.85,121.70,121.61,121.40,121.13,120.83,120.51,120.13,119.49,118.67,117.69,116.23,114.80,113.82,113.36,113.07,112.99,112.67,112.05,111.27,110.44,105.56,100.45,98.07,97.63,96.99,95.63,93.81,92.35,91.69,91.22,90.86,90.69,90.54,90.44,90.14,89.64,89.32,88.91,88.62,88.43,88.22,88.06,87.91,87.75,87.61,87.52,87.40,87.25,87.12,87.01,86.86,86.71,86.56,86.41,86.26,86.15,86.03,85.89,85.73,85.58,85.47,85.36,85.19,84.90,84.60,84.33,84.08,83.85,83.68,83.53,83.39,83.29,83.16,83.00,82.85,82.69,82.54,82.40,82.30,82.21,82.11,82.17,82.63,83.31,83.77,84.19,84.64,84.98,85.08,85.09,85.09,85.20,85.44,85.73,85.91,85.88,85.72,85.58,85.49,85.36,85.20,85.06,84.95,84.74,84.47,84.16,83.84,83.48,83.15,82.84,82.53,82.23,81.98,81.78,81.63,81.47,81.22,80.77,80.01,78.90,77.99,79.22,81.12,82.67,83.64,84.57,84.92,84.42,82.78,81.14,79.51,77.94,76.52,75.55,74.57,74.44,75.22,76.00,76.96,77.89,78.62,78.96,78.77,78.51,78.20,77.78,77.33,76.91,76.51,76.08,75.56,75.11,74.90,75.02,75.53,76.05,76.54,77.01,77.48,77.95,78.42,78.89,79.62,81.66,87.91,90.71,91.12,90.44,89.18,85.89,82.77,81.21,82.58,84.05,85.09,86.03,87.22,88.33,88.46,87.93,87.02,86.15,85.24,84.36,83.50,82.66,81.86,81.02,80.81,81.53,82.27,83.34,84.46,85.43,86.02,86.02,85.66,85.17,84.67,84.27,83.92,83.26,82.14,80.77,79.57,78.47,77.42,76.42,75.35,74.28,73.23,72.24,71.34,70.83,70.52,70.35,70.19,68.93,68.01,67.45,66.94,66.61,66.70,66.81,66.83,66.88,66.92,66.80,66.61,66.52,66.38,66.14,66.00,66.18,67.03,68.28,69.87,71.69,73.52,75.26,76.81,77.93,78.20,77.64,76.47,74.94,73.64
122.08,122.07,122.00,121.93,121.88,121.87,121.84,121.75,121.63,121.52,121.40,121.26,121.07,120.83,120.52,120.14,119.53,118.77,117.95,116.87,115.79,114.94,114.38,113.90,113.53,112.97,112.23,111.42,110.61,106.49,101.78,98.92,98.60,98.36,96.97,94.54,92.16,90.99,90.46,90.21,90.14,89.99,89.88,89.67,89.32,89.06,88.81,88.59,88.39,88.20,88.05,87.89,87.74,87.59,87.47,87.32,87.17,87.02,86.89,86.75,86.62,86.49,86.34,86.18,86.06,85.94,85.82,85.67,85.51,85.38,85.25,85.08,84.83,84.53,84.25,84.03,83.84,83.71,83.58,83.43,83.31,83.16,83.00,82.85,82.69,82.54,82.61,83.07,83.69,83.44,82.78,82.34,82.35,82.93,83.34,83.75,84.10,84.30,84.33,84.39,84.57,84.85,85.10,85.28,85.24,85.09,84.94,84.86,84.72,84.59,84.49,84.44,84.25,84.00,83.73,83.41,83.08,82.75,82.44,82.14,81.83,81.55,81.31,81.12,80.94,80.50,79.59,78.72,78.73,79.56,81.42,83.29,84.63,85.70,85.65,84.95,83.88,82.57,81.23,79.75,78.44,77.59,77.16,76.27,75.59,75.25,74.77,75.39,76.22,76.93,77.40,77.60,77.57,77.35,76.96,76.54,76.15,75.74,75.30,74.87,74.55,74.51,74.75,75.25,75.75,76.25,76.74,77.20,77.67,78.13,78.59,79.06,79.94,83.33,87.95,90.72,89.86,86.82,83.21,80.72,79.89,80.90,82.19,83.39,84.57,85.90,87.26,87.84,87.56,86.61,85.71,84.79,83.91,83.06,82.21,81.35,80.59,80.27,80.63,81.43,82.48,83.51,84.34,84.73,84.63,84.24,83.77,83.38,83.15,82.93,82.44,81.57,80.42,79.36,78.30,77.22,76.13,75.05,74.00,72.97,71.97,70.96,70.21,69.42,68.66,68.25,67.78,67.66,67.72,67.71,67.98,68.33,68.48,68.36,68.11,67.94,67.65,67.32,67.17,66.80,66.36,66.04,65.98,66.23,66.66,67.71,69.41,71.44,73.13,74.56,75.22,74.45,73.37,72.51,71.73,71.17
121.82,121.81,121.75,121.69,121.64,121.62,121.62,121.53,121.41,121.30,121.17,121.06,120.95,120.78,120.50,120.13,119.48,118.71,117.94,117.12,116.26,115.50,114.88,114.26,113.67,113.05,112.35,111.55,110.78,107.58,103.50,100.35,100.12,99.94,98.44,95.57,92.18,90.51,89.91,89.77,89.72,89.59,89.44,89.26,89.05,88.86,88.77,88.62,88.43,88.26,88.09,87.92,87.75,87.58,87.42,87.26,87.10,86.94,86.80,86.64,86.52,86.41,86.27,86.12,85.97,85.84,85.73,85.58,85.44,85.30,85.14,84.97,84.75,84.47,84.20,84.01,83.85,83.75,83.62,83.47,83.31,83.17,83.02,82.87,82.75,82.81,83.30,84.36,85.56,85.15,83.94,82.72,81.98,82.24,82.55,82.91,83.26,83.52,83.56,83.71,83.96,84.25,84.49,84.65,84.61,84.45,84.31,84.22,84.10,84.00,83.95,83.93,83.72,83.49,83.27,82.99,82.67,82.36,82.05,81.74,81.43,81.12,80.84,80.54,80.07,79.74,79.08,78.86,80.28,82.64,84.54,85.76,86.38,86.90,85.93,84.41,82.99,82.22,81.42,80.45,79.65,79.39,79.35,78.72,77.75,76.47,74.94,74.83,75.05,75.35,75.82,76.29,76.47,76.38,76.07,75.69,75.31,74.88,74.47,74.18,74.04,74.13,74.42,74.88,75.34,75.86,76.36,76.83,77.31,77.78,78.23,78.70,79.18,79.63,84.55,88.85,88.58,84.03,80.62,78.95,78.75,79.58,80.81,82.14,83.48,84.86,86.20,87.12,87.17,86.35,85.41,84.47,83.56,82.66,81.78,80.86,80.15,79.76,79.86,80.62,81.60,82.50,83.17,83.42,83.24,82.84,82.44,82.20,82.09,81.90,81.51,80.84,79.98,79.12,78.14,77.04,75.90,74.80,73.75,72.73,71.70,70.61,69.64,68.48,67.31,66.93,67.23,67.78,68.31,68.80,69.76,70.32,70.48,70.24,69.76,69.32,68.79,68.29,68.00,67.43,66.87,66.44,66.19,65.97,65.72,66.13,67.38,69.21,70.95,72.29,72.58,71.21,69.88,69.36,69.22,69.26
121.57,121.56,121.50,121.46,121.43,121.37,121.37,121.30,121.19,121.06,120.97,120.84,120.72,120.62,120.48,120.08,119.42,118.65,117.85,116.90,115.74,114.80,114.18,113.57,113.06,112.70,112.33,111.66,110.90,108.94,105.93,102.85,102.77,101.79,99.87,96.88,92.42,90.40,89.78,89.67,89.55,89.46,89.32,89.16,89.00,88.90,88.87,88.80,88.67,88.45,88.23,88.02,87.80,87.58,87.36,87.19,87.04,86.89,86.73,86.57,86.43,86.31,86.20,86.05,85.90,85.75,85.61,85.46,85.36,85.23,85.08,84.91,84.69,84.41,84.18,84.07,83.92,83.77,83.62,83.47,83.32,83.22,83.08,82.94,82.92,83.68,84.95,86.43,87.54,86.91,85.66,84.27,82.94,81.91,81.80,82.08,82.44,82.70,82.80,83.03,83.32,83.63,83.91,84.03,83.97,83.82,83.68,83.59,83.50,83.45,83.44,83.42,83.13,82.92,82.79,82.59,82.24,81.91,81.61,81.30,80.98,80.67,80.37,79.80,78.45,78.99,80.40,82.45,85.24,87.87,88.85,88.56,87.31,85.72,84.33,82.94,81.84,81.82,81.93,82.11,82.30,82.45,82.46,81.91,80.97,79.71,78.10,76.55,75.00,74.00,74.27,74.76,75.09,75.24,75.17,74.80,74.41,74.02,73.70,73.65,73.67,73.75,73.96,74.37,74.83,75.35,75.86,76.33,76.85,77.33,77.80,78.27,78.78,79.20,80.85,83.72,85.89,81.20,78.98,78.09,78.00,79.15,80.44,81.79,83.15,84.42,85.41,86.28,86.67,86.38,85.42,84.43,83.41,82.38,81.41,80.48,79.77,79.40,79.47,79.93,80.68,81.38,81.89,82.09,81.82,81.51,81.28,81.16,81.02,80.86,80.52,79.97,79.47,78.89,78.01,76.93,75.82,74.69,73.59,72.52,71.44,70.30,69.08,67.80,66.87,67.20,67.80,68.38,68.98,69.80,71.26,71.86,71.91,71.67,71.30,70.56,69.76,69.03,68.48,67.88,67.31,66.86,66.58,66.34,66.06,65.90,66.04,66.80,68.78,70.08,70.36,69.73,68.93,68.50,68.34,68.37
121.36,121.32,121.25,121.22,121.20,121.16,121.13,121.06,120.97,120.85,120.73,120.62,120.52,120.45,120.38,120.04,119.38,118.47,117.38,116.27,115.00,113.98,113.33,112.85,112.38,112.10,111.88,111.48,110.89,109.70,107.58,104.86,103.86,102.33,100.58,98.07,93.52,90.79,89.84,89.70,89.54,89.43,89.31,89.18,89.04,88.96,88.98,88.97,88.89,88.69,88.46,88.20,87.95,87.72,87.49,87.28,87.09,86.90,86.68,86.54,86.40,86.26,86.14,85.99,85.84,85.68,85.53,85.38,85.26,85.12,84.97,84.85,84.63,84.40,84.20,84.09,83.93,83.78,83.64,83.52,83.36,83.24,83.17,83.35,84.08,85.33,86.91,88.37,89.19,88.41,87.10,85.61,84.04,82.52,81.89,81.74,81.79,81.95,82.11,82.38,82.69,83.00,83.29,83.41,83.34,83.19,83.05,82.99,82.95,82.93,82.92,82.87,82.59,82.35,82.22,82.11,81.83,81.52,81.19,80.85,80.53,79.73,79.44,80.14,81.83,83.48,85.03,86.64,88.44,89.92,89.68,88.18,86.03,84.56,84.27,84.22,84.22,84.52,84.80,85.25,85.82,86.31,86.08,84.94,83.60,82.22,80.44,78.73,76.98,75.48,74.70,74.35,74.11,74.08,74.22,73.91,73.62,73.40,73.27,73.27,73.34,73.42,73.57,73.88,74.36,74.86,75.35,75.83,76.37,76.84,77.32,77.79,78.15,78.29,78.87,80.36,81.80,79.06,77.68,77.19,77.41,78.74,80.06,81.35,82.57,83.63,84.50,85.35,86.01,86.19,85.43,84.47,83.41,82.36,81.35,80.35,79.57,79.06,78.93,79.31,79.84,80.31,80.65,80.78,80.60,80.39,80.23,80.14,80.00,79.84,79.58,79.19,78.87,78.46,77.78,76.84,75.72,74.60,73.50,72.42,71.34,70.25,69.01,67.73,66.88,67.37,68.03,68.70,69.50,70.72,72.62,73.27,73.29,73.05,72.62,71.45,70.26,69.33,68.75,68.17,67.64,67.21,66.92,66.67,66.39,66.06,65.80,65.91,66.86,67.86,68.47,68.45,68.09,67.68,67.45,67.50
121.14,121.07,121.00,120.97,120.96,120.95,120.89,120.82,120.74,120.64,120.50,120.41,120.34,120.28,120.24,119.95,119.24,118.14,116.72,115.44,114.16,113.11,112.43,112.10,111.67,111.39,111.25,111.11,110.71,110.00,108.54,106.22,104.19,102.38,100.95,99.09,94.97,91.55,90.09,89.75,89.60,89.45,89.35,89.23,89.10,89.03,89.07,89.10,89.06,88.92,88.70,88.42,88.15,87.92,87.69,87.46,87.23,86.97,86.68,86.54,86.40,86.23,86.09,85.93,85.78,85.62,85.47,85.31,85.16,85.01,84.87,84.77,84.63,84.50,84.37,84.19,83.95,83.79,83.67,83.56,83.42,83.38,83.54,84.22,85.74,87.31,88.91,90.13,90.52,89.66,88.34,86.82,85.18,83.50,82.36,81.72,81.41,81.36,81.49,81.75,82.06,82.37,82.66,82.77,82.71,82.56,82.44,82.42,82.42,82.42,82.41,82.33,82.06,81.79,81.61,81.58,81.40,81.12,80.75,80.30,80.03,79.16,79.47,81.92,86.58,88.90,89.89,90.31,90.58,90.55,89.05,86.75,84.57,84.21,85.37,86.86,88.06,88.51,88.67,89.02,89.60,90.14,89.47,87.62,85.79,84.22,82.33,80.83,79.39,77.82,76.11,74.84,73.88,73.47,73.60,73.25,72.97,72.90,72.95,72.97,73.03,73.10,73.20,73.41,73.90,74.38,74.84,75.33,75.86,76.33,76.81,77.21,77.35,77.19,77.55,77.91,77.84,77.27,76.50,76.28,76.86,78.28,79.60,80.81,81.86,82.73,83.58,84.43,85.27,85.83,85.42,84.53,83.47,82.42,81.41,80.34,79.46,78.76,78.36,78.70,79.03,79.30,79.48,79.55,79.50,79.37,79.24,79.14,79.00,78.84,78.64,78.40,78.15,77.86,77.39,76.68,75.63,74.59,73.53,72.45,71.39,70.37,69.19,67.96,67.11,67.47,68.13,68.88,69.91,71.53,73.81,74.61,74.69,74.43,73.72,72.05,70.50,69.43,68.91,68.39,67.94,67.54,67.25,67.00,66.72,66.38,66.03,65.74,65.50,66.08,66.92,67.22,67.21,66.84,66.58,66.67
120.89,120.82,120.79,120.75,120.70,120.70,120.69,120.63,120.53,120.40,120.30,120.22,120.17,120.14,120.05,119.63,118.70,117.39,115.89,114.47,113.26,112.26,111.56,111.27,110.89,110.63,110.48,110.33,110.05,109.35,107.97,105.87,103.80,102.29,101.12,99.59,96.45,92.94,90.74,89.77,89.66,89.51,89.38,89.25,89.16,89.09,89.09,89.13,89.16,89.10,88.89,88.64,88.40,88.17,87.94,87.70,87.45,87.15,86.85,86.59,86.37,86.17,86.02,85.86,85.71,85.55,85.41,85.25,85.09,84.94,84.79,84.69,84.87,85.03,85.00,84.67,84.05,83.82,83.71,83.57,83.47,83.93,84.94,86.33,87.96,89.43,90.69,91.36,91.17,90.28,89.14,87.78,86.20,84.48,83.12,82.31,81.75,81.23,81.00,81.14,81.42,81.73,82.02,82.14,82.07,81.95,81.92,81.92,81.92,81.92,81.90,81.81,81.55,81.26,81.03,80.97,80.91,80.68,80.11,79.29,79.36,80.70,83.69,87.55,89.69,90.61,91.02,91.25,91.28,90.18,87.73,85.77,85.47,86.78,88.71,90.80,92.57,93.17,93.11,93.14,93.19,92.81,91.25,89.19,87.19,85.41,83.64,81.96,80.68,79.62,78.48,77.17,75.93,74.94,74.19,73.40,72.79,72.58,72.65,72.70,72.73,72.78,72.85,72.96,73.40,73.87,74.36,74.87,75.36,75.83,76.17,76.33,76.26,76.05,76.30,76.46,76.19,75.84,75.28,75.38,76.27,77.61,78.88,80.03,81.05,81.90,82.75,83.60,84.45,85.17,85.36,84.59,83.54,82.48,81.47,80.39,79.45,78.59,77.94,78.00,78.23,78.41,78.52,78.59,78.58,78.48,78.33,78.20,78.10,77.92,77.70,77.45,77.17,76.91,76.61,76.22,75.64,74.83,73.86,72.83,71.81,70.80,69.66,68.48,67.52,67.39,68.08,68.92,70.08,72.01,74.58,75.92,76.31,75.81,74.24,72.02,70.36,69.39,68.93,68.59,68.25,67.92,67.62,67.39,67.14,66.84,66.52,66.21,65.90,65.99,66.13,65.93,65.98,65.86,65.78,65.91
120.64,120.60,120.57,120.53,120.48,120.46,120.45,120.40,120.31,120.18,120.03,119.75,119.44,119.16,118.86,118.36,117.42,116.18,114.84,113.54,112.30,111.29,110.62,110.31,109.92,109.59,109.36,109.22,109.03,108.46,107.22,105.26,103.54,102.33,101.31,100.00,97.52,94.00,91.26,89.80,89.69,89.54,89.38,89.27,89.19,89.12,89.13,89.18,89.24,89.25,89.10,88.89,88.66,88.42,88.19,87.96,87.67,87.36,87.10,86.82,86.54,86.26,86.01,85.84,85.69,85.53,85.38,85.22,85.07,85.12,85.38,85.81,86.32,86.74,86.86,86.48,85.63,85.08,84.85,84.86,85.00,85.84,87.11,88.55,89.94,91.21,91.89,91.82,91.05,90.11,89.14,87.95,86.52,84.94,83.97,83.09,82.18,81.33,80.79,80.76,80.91,81.13,81.39,81.50,81.47,81.41,81.41,81.41,81.41,81.41,81.39,81.31,81.02,80.70,80.44,80.31,80.27,79.87,79.34,79.19,80.30,83.12,86.97,90.60,91.44,91.67,91.81,91.79,91.09,89.12,86.70,85.80,87.39,90.26,93.00,95.18,96.63,97.09,96.93,96.46,95.67,94.32,92.24,90.12,88.18,86.44,84.79,83.11,81.80,80.87,80.14,79.21,78.13,77.01,75.90,74.87,73.97,73.32,72.87,72.48,72.42,72.47,72.52,72.58,72.92,73.38,73.89,74.38,74.79,75.15,75.33,75.32,75.11,74.93,75.03,75.03,74.72,74.41,74.06,74.40,75.46,76.74,77.98,79.15,80.22,81.14,82.00,82.82,83.63,84.40,84.97,84.47,83.53,82.48,81.50,80.48,79.52,78.60,77.78,77.44,77.42,77.48,77.53,77.61,77.64,77.57,77.44,77.29,77.18,76.98,76.73,76.47,76.22,75.99,75.74,75.46,75.13,74.58,73.90,73.13,72.24,71.25,70.16,69.05,68.03,67.47,67.86,68.81,70.33,72.66,75.44,77.27,77.80,76.87,74.80,72.40,70.59,69.53,69.11,68.83,68.55,68.26,67.99,67.88,67.77,67.58,67.32,67.01,66.70,66.67,66.59,66.17,66.40,66.43,66.09,65.59
120.40,120.39,120.33,120.28,120.24,120.16,120.13,120.03,119.90,119.76,119.49,118.87,118.16,117.50,116.95,116.39,115.58,114.60,113.59,112.61,111.35,110.35,109.81,109.44,109.03,108.56,108.17,108.03,107.84,107.47,106.43,104.66,103.48,102.51,101.58,100.41,98.28,94.78,91.68,89.84,89.70,89.55,89.39,89.27,89.20,89.13,89.17,89.23,89.31,89.36,89.30,89.13,88.90,88.67,88.44,88.20,87.90,87.58,87.40,87.18,86.86,86.47,86.07,85.88,85.75,85.65,85.55,85.43,85.38,85.80,86.69,87.81,88.59,89.20,89.45,89.07,88.16,87.22,86.87,87.14,87.63,88.64,89.72,90.74,91.72,92.69,92.56,91.68,90.40,89.40,88.56,87.56,86.36,85.14,84.92,84.05,82.81,81.72,80.90,80.61,80.54,80.61,80.81,80.91,80.93,80.92,80.91,80.90,80.90,80.90,80.89,80.79,80.48,80.15,79.86,79.64,79.52,78.91,78.70,79.90,82.42,85.94,89.25,91.57,92.27,92.41,92.47,92.02,90.23,87.61,86.03,86.65,89.86,94.04,97.46,99.31,99.91,100.05,99.86,98.84,97.15,94.96,92.68,90.59,88.82,87.29,85.73,84.19,82.88,81.91,81.45,81.12,80.53,79.64,78.50,77.36,76.15,74.89,73.62,72.49,72.26,72.25,72.24,72.24,72.46,72.91,73.41,73.82,74.12,74.31,74.34,74.20,73.92,73.80,73.73,73.58,73.29,73.02,72.88,73.41,74.50,75.74,76.98,78.20,79.36,80.40,81.29,82.09,82.84,83.58,84.32,84.22,83.47,82.45,81.51,80.58,79.66,78.75,77.86,77.09,76.72,76.58,76.55,76.61,76.67,76.64,76.54,76.39,76.24,76.02,75.76,75.50,75.32,75.10,74.83,74.51,74.20,73.92,73.64,73.21,72.53,71.61,70.65,69.63,68.58,67.69,67.55,68.63,70.67,73.44,76.34,78.72,79.28,77.68,75.47,73.18,71.26,69.92,69.45,69.11,68.84,68.59,68.36,68.45,68.52,68.48,68.30,68.02,67.74,67.86,67.94,67.59,68.02,68.09,67.27,65.79
120.15,120.14,120.08,119.96,119.79,119.57,119.37,118.95,118.49,118.08,117.52,116.79,116.09,115.50,115.01,114.41,113.58,112.71,111.99,111.45,110.77,110.22,109.94,109.78,109.58,108.93,108.14,107.70,107.22,106.66,105.84,104.73,103.86,103.03,102.20,101.12,99.08,95.56,92.07,89.86,89.75,89.60,89.45,89.33,89.25,89.18,89.19,89.24,89.32,89.39,89.42,89.30,89.10,88.87,88.64,88.40,88.12,87.82,87.66,87.48,87.20,86.83,86.40,86.17,86.22,86.49,86.83,86.89,87.55,88.42,89.25,89.90,90.44,90.97,91.11,90.63,89.85,89.28,89.26,89.71,90.28,90.92,91.69,92.58,93.42,93.85,92.67,91.12,89.88,88.96,88.12,87.28,86.52,86.13,86.14,85.53,84.40,83.02,81.76,80.84,80.44,80.45,80.48,80.51,80.53,80.50,80.46,80.41,80.39,80.39,80.37,80.24,79.99,79.72,79.42,79.05,78.72,78.74,79.47,81.38,84.51,87.92,90.73,92.51,93.07,93.20,92.71,91.36,88.85,86.21,86.13,88.07,91.74,96.63,99.24,100.33,100.62,100.59,100.31,99.21,97.43,95.16,92.90,90.79,88.99,87.46,85.89,84.53,84.03,84.05,84.04,83.96,84.01,83.46,81.96,80.33,78.46,76.73,75.18,73.69,73.08,72.62,72.20,71.94,72.03,72.44,72.82,73.07,73.23,73.30,73.22,72.99,72.66,72.51,72.35,72.18,72.02,71.92,71.98,72.56,73.59,74.78,76.02,77.22,78.38,79.49,80.50,81.37,82.15,82.91,83.67,83.92,83.42,82.50,81.57,80.69,79.88,79.08,78.25,77.40,76.69,76.12,75.73,75.67,75.68,75.67,75.61,75.50,75.30,75.04,74.79,74.59,74.43,74.25,73.94,73.55,73.21,72.96,72.73,72.42,71.98,71.47,70.92,70.14,69.14,68.13,67.55,68.75,71.21,74.18,77.13,80.56,81.19,78.46,76.44,74.51,72.68,71.08,69.96,69.44,69.16,68.94,68.79,68.91,69.05,69.10,69.08,69.02,68.95,69.17,69.38,69.29,69.52,69.46,68.68,67.24
119.52,119.40,119.21,118.95,118.64,118.30,117.96,117.40,116.79,116.27,115.61,114.94,114.37,113.92,113.56,113.04,112.35,111.68,111.20,110.92,110.64,110.42,110.28,110.19,110.08,109.39,108.43,107.80,107.20,106.64,106.04,105.35,104.66,103.89,103.01,101.84,99.80,96.33,92.60,90.07,89.80,89.64,89.50,89.39,89.31,89.24,89.21,89.26,89.34,89.42,89.51,89.46,89.31,89.08,88.85,88.60,88.34,88.10,87.94,87.77,87.53,87.28,87.15,87.11,87.42,88.36,89.61,89.76,90.49,91.34,91.98,92.09,92.28,92.58,92.52,91.82,91.04,90.81,91.10,91.75,92.43,92.91,93.55,94.32,94.93,94.68,92.97,91.18,89.95,89.01,88.16,87.46,87.07,87.24,87.39,87.09,86.25,84.91,83.62,82.02,80.86,80.34,80.26,80.24,80.24,80.23,80.17,80.12,80.08,80.06,79.99,79.81,79.58,79.33,79.04,78.66,78.47,79.20,80.83,83.41,86.76,89.72,92.06,93.55,93.86,93.59,92.37,90.30,87.67,85.82,86.82,89.18,92.35,97.08,99.44,100.39,100.64,100.59,100.27,99.09,97.30,95.16,92.97,90.86,89.06,87.55,86.04,85.19,85.45,86.22,86.68,86.92,87.39,87.16,85.65,83.48,80.87,78.57,76.70,75.12,74.28,73.53,72.82,72.28,72.04,72.15,72.28,72.31,72.35,72.39,72.33,72.20,72.06,71.92,71.60,71.33,71.25,71.20,71.23,71.73,72.70,73.86,75.07,76.21,77.34,78.52,79.72,80.70,81.54,82.29,83.05,83.54,83.29,82.52,81.65,80.86,80.16,79.46,78.71,77.84,76.91,76.03,75.32,75.05,74.85,74.75,74.69,74.57,74.36,74.10,73.88,73.73,73.57,73.40,73.05,72.59,72.20,71.94,71.71,71.46,71.18,70.97,70.68,70.11,69.25,68.27,67.77,69.17,71.80,74.77,77.66,81.04,81.56,78.73,76.98,75.35,73.70,72.04,70.55,69.84,69.49,69.30,69.25,69.36,69.58,69.80,69.98,70.11,70.19,70.41,70.64,70.66,70.58,70.36,69.67,68.48
118.44,118.03,117.57,117.12,116.69,116.25,115.86,115.44,115.02,114.61,114.17,113.74,113.35,113.04,112.78,112.56,112.23,111.89,111.60,111.31,111.06,110.86,110.67,110.41,110.19,109.66,108.93,108.30,107.91,107.64,107.26,106.62,105.92,105.11,103.97,102.46,100.39,97.08,93.34,90.54,89.86,89.64,89.54,89.45,89.38,89.30,89.23,89.28,89.41,89.48,89.56,89.62,89.56,89.34,89.11,88.82,88.59,88.42,88.25,88.05,87.82,87.83,88.36,88.81,89.47,91.40,94.10,94.22,94.02,94.23,94.60,94.41,94.19,94.14,93.76,92.75,91.74,91.61,92.11,93.00,93.87,94.62,95.37,96.00,96.15,95.11,93.66,92.18,90.80,89.68,88.83,88.30,88.09,88.33,88.66,88.74,88.37,87.50,86.71,84.42,81.97,80.31,80.14,80.12,80.12,80.12,80.11,80.10,80.04,79.94,79.79,79.57,79.29,78.99,78.71,78.57,79.05,80.42,82.75,86.01,89.17,91.46,93.34,94.69,94.56,93.34,91.31,88.93,86.91,86.78,88.12,89.67,91.36,94.85,98.00,99.71,100.21,100.32,100.10,98.77,96.89,94.96,92.88,90.79,89.07,87.71,86.39,86.45,87.20,88.16,89.04,89.75,90.30,90.35,89.38,86.69,83.36,80.33,77.97,76.60,75.79,75.04,74.27,73.50,72.65,72.19,71.90,71.71,71.67,71.78,71.90,72.10,72.45,72.41,71.83,71.31,71.16,71.01,70.68,70.92,71.81,72.96,74.13,75.16,76.22,77.49,78.95,80.12,81.01,81.73,82.48,83.05,83.01,82.48,81.72,81.12,80.50,79.88,79.19,78.29,77.31,76.33,75.45,74.88,74.28,73.97,73.81,73.64,73.41,73.22,73.06,72.90,72.74,72.53,72.13,71.62,71.18,70.91,70.68,70.45,70.22,70.05,69.77,69.37,68.77,68.00,68.25,69.92,72.42,75.14,77.87,79.62,79.75,78.31,76.84,75.39,73.96,72.52,71.17,70.32,69.89,69.74,69.80,69.90,70.24,70.69,71.11,71.35,71.38,71.48,71.56,71.44,71.02,70.63,70.03,69.13
118.07,117.68,117.20,116.72,116.26,115.81,115.41,115.03,114.64,114.25,113.87,113.48,113.13,112.85,112.62,112.45,112.25,112.04,111.85,111.66,111.44,111.23,111.00,110.66,110.41,110.03,109.58,109.23,108.98,108.81,108.48,107.87,107.10,106.14,104.74,102.94,100.89,97.80,94.14,91.12,89.92,89.68,89.59,89.52,89.44,89.37,89.28,89.32,89.42,89.50,89.58,89.65,89.67,89.58,89.36,89.10,88.87,88.68,88.53,88.34,88.20,88.29,88.78,89.28,90.32,93.25,97.30,97.66,97.18,96.94,96.86,96.46,96.04,95.50,94.70,93.56,92.53,92.58,93.23,94.16,95.08,95.98,96.80,97.27,96.95,95.66,94.28,92.92,91.56,90.34,89.51,89.08,89.01,89.38,90.67,91.76,92.25,91.83,90.32,87.09,83.69,81.07,80.15,79.99,79.99,79.99,79.99,79.99,79.91,79.77,79.60,79.37,79.08,78.81,78.71,79.12,80.53,82.71,85.48,88.61,91.02,92.92,94.29,94.80,93.76,92.04,90.02,88.09,86.93,87.43,88.47,89.41,90.27,92.08,94.94,97.12,98.36,99.09,99.43,98.32,96.53,94.72,92.74,90.77,89.18,88.06,87.27,87.65,88.47,89.41,90.41,91.31,92.08,92.35,91.57,89.02,85.56,82.06,79.21,77.94,77.05,76.20,75.34,74.43,73.47,72.92,72.69,72.73,72.98,73.28,73.53,73.77,74.02,73.78,73.02,72.28,71.85,71.66,71.16,70.81,70.96,71.97,72.94,73.96,75.15,76.60,78.14,79.55,80.59,81.24,81.88,82.44,82.63,82.43,81.86,81.32,80.75,80.20,79.58,78.64,77.68,76.70,75.75,75.01,74.31,73.80,73.38,72.91,72.58,72.39,72.22,72.03,71.87,71.61,71.19,70.63,70.07,69.64,69.36,69.17,69.01,68.86,68.61,68.44,68.38,68.52,69.36,71.06,73.15,75.27,77.83,78.87,78.78,77.89,76.78,75.45,74.03,72.67,71.59,71.20,71.24,71.36,71.39,71.57,71.92,72.34,72.65,72.50,72.13,71.79,71.52,71.27,70.72,70.35,69.91,69.24
117.98,117.63,117.19,116.72,116.26,115.81,115.41,115.03,114.64,114.25,113.87,113.48,113.13,112.83,112.62,112.47,112.32,112.16,112.02,111.92,111.73,111.52,111.27,110.94,110.69,110.43,110.19,110.08,109.92,109.78,109.52,108.99,108.19,107.03,105.38,103.39,101.36,98.53,94.98,91.73,90.01,89.73,89.66,89.58,89.51,89.42,89.35,89.36,89.44,89.52,89.59,89.67,89.75,89.78,89.61,89.39,89.17,88.97,88.81,88.67,88.62,88.72,89.06,89.55,91.47,95.21,99.57,100.13,99.68,99.18,98.77,98.25,97.71,96.77,95.59,94.35,93.32,93.50,94.27,95.25,96.22,97.22,98.06,98.34,97.60,96.23,94.87,93.53,92.22,91.03,90.66,90.79,91.18,91.89,93.83,95.52,96.55,96.41,94.25,90.18,85.85,82.24,80.26,79.89,79.89,79.88,79.87,79.86,79.75,79.59,79.41,79.19,78.93,78.80,79.07,80.38,82.71,85.45,88.29,90.95,92.68,94.30,95.03,94.47,92.60,90.68,88.86,87.48,87.07,87.80,88.47,88.96,89.33,89.81,91.87,94.10,95.98,97.32,98.36,97.74,96.20,94.49,92.69,90.94,89.54,88.65,88.39,88.91,89.77,90.77,91.83,92.80,93.70,94.05,93.28,90.97,87.73,83.98,80.60,79.08,78.07,77.15,76.22,75.27,74.36,73.96,73.97,74.29,74.82,75.34,75.72,75.92,75.89,75.38,74.49,73.57,72.86,72.52,71.86,70.95,70.34,71.02,71.72,72.75,74.09,75.67,77.20,78.81,80.04,80.77,81.30,81.82,82.16,82.23,81.91,81.45,80.93,80.42,79.85,78.92,78.00,77.06,76.10,75.24,74.51,73.84,73.15,72.41,71.94,71.69,71.46,71.22,71.03,70.65,70.14,69.57,69.10,68.70,68.49,68.41,68.38,68.34,68.27,68.39,68.87,69.80,71.05,72.54,74.10,75.68,77.86,78.41,78.10,77.40,76.58,75.41,74.07,72.86,72.24,72.39,72.91,73.26,73.22,73.26,73.34,73.50,73.53,72.98,72.26,71.58,71.05,70.72,70.19,69.87,69.55,69.04
118.09,117.65,117.19,116.72,116.26,115.81,115.41,115.03,114.64,114.25,113.87,113.48,113.10,112.78,112.62,112.51,112.38,112.23,112.08,111.93,111.77,111.60,111.42,111.23,111.05,110.84,110.60,110.40,110.19,110.10,110.01,109.76,109.09,107.66,105.82,103.83,101.83,99.30,95.83,92.36,90.13,89.80,89.72,89.64,89.56,89.49,89.41,89.42,89.51,89.58,89.66,89.73,89.81,89.86,89.83,89.69,89.51,89.34,89.20,89.09,89.06,89.16,89.53,90.20,94.35,98.34,100.28,100.67,100.61,100.32,99.93,99.50,98.97,97.94,96.61,95.22,94.00,94.14,95.03,96.23,97.34,98.37,99.11,99.19,98.15,96.79,95.36,93.95,92.65,91.78,93.11,95.05,96.93,98.51,99.59,100.35,100.73,100.40,98.67,94.20,88.88,83.89,80.52,79.84,79.82,79.80,79.74,79.67,79.59,79.44,79.23,79.00,78.91,79.10,80.15,83.09,86.14,88.60,90.68,92.61,94.31,95.68,95.47,93.64,91.58,89.86,88.25,87.08,86.96,87.64,88.17,88.56,88.89,89.30,89.98,91.33,93.13,94.82,96.58,96.83,95.90,94.31,92.91,91.64,90.54,89.79,89.80,90.37,91.49,92.88,94.18,95.01,95.76,95.87,94.83,92.59,90.04,86.47,82.44,79.78,78.62,77.75,76.91,76.08,75.23,75.30,75.69,76.13,76.68,77.36,77.89,78.08,77.69,76.95,76.01,75.02,74.10,73.31,72.35,71.28,70.38,70.24,70.56,71.61,73.02,74.47,75.95,77.58,79.11,80.29,80.80,81.23,81.50,81.63,81.64,81.39,80.97,80.47,79.88,79.02,78.20,77.36,76.46,75.50,74.71,73.97,73.20,72.38,71.73,71.32,70.97,70.64,70.32,69.61,68.82,68.34,68.62,68.84,69.08,69.31,69.52,69.91,70.35,70.94,71.70,72.60,73.78,74.67,75.62,77.05,78.26,78.25,77.63,76.75,75.87,75.07,74.12,73.39,73.66,74.15,74.75,75.12,74.94,74.09,73.31,72.72,72.26,71.66,71.02,70.50,70.11,69.86,69.56,69.26,68.90,68.35
118.12,117.66,117.19,116.72,116.26,115.81,115.38,115.01,114.64,114.25,113.87,113.48,113.12,112.81,112.66,112.54,112.40,112.24,112.09,111.94,111.78,111.63,111.48,111.36,111.21,111.03,110.83,110.63,110.44,110.33,110.24,110.08,109.64,108.16,106.26,104.28,102.31,100.05,96.71,93.00,90.22,89.82,89.74,89.66,89.59,89.51,89.43,89.44,89.52,89.60,89.68,89.75,89.83,90.40,92.99,93.41,92.49,91.00,89.78,89.52,89.72,90.38,91.83,94.02,97.43,100.00,100.91,101.27,101.30,101.05,100.63,100.20,99.71,98.54,97.06,95.64,94.44,94.48,95.38,96.74,98.03,99.22,100.00,100.03,98.92,97.54,96.08,94.60,93.48,93.83,96.06,98.53,100.69,102.39,103.12,103.52,103.63,103.14,101.42,97.59,92.38,86.54,81.61,80.09,79.76,79.69,79.61,79.53,79.43,79.27,79.08,79.04,79.20,80.91,83.87,86.86,89.24,91.00,92.49,94.04,95.78,95.97,94.73,92.55,90.64,89.27,87.97,87.03,87.06,87.59,88.04,88.40,88.75,89.13,89.42,90.28,91.72,93.51,95.40,96.50,96.49,95.31,94.17,93.11,92.05,91.28,91.56,92.23,93.38,94.84,96.33,97.40,97.97,97.85,96.75,94.51,91.88,88.31,84.15,80.67,79.21,78.31,77.53,76.80,76.16,76.41,76.97,77.55,78.22,79.27,80.19,80.45,79.48,78.33,77.15,76.03,75.08,74.44,73.24,71.89,70.68,70.03,70.06,70.66,71.69,73.10,74.62,76.28,77.91,79.30,80.14,80.63,80.92,81.09,81.17,81.04,80.72,80.14,79.29,78.45,77.71,76.97,76.17,75.36,74.72,74.03,73.25,72.41,71.64,71.11,70.69,70.25,69.62,68.93,68.54,68.72,69.78,70.43,71.09,71.66,72.10,72.69,73.34,74.07,74.88,75.68,76.65,77.26,77.81,78.61,79.10,78.65,77.81,76.85,75.91,75.17,74.63,74.45,74.97,75.55,75.76,75.47,74.53,73.07,72.00,71.34,70.94,70.50,70.05,69.70,69.44,69.24,69.01,68.70,68.29,67.71
118.13,117.67,117.20,116.72,116.26,115.80,115.34,114.99,114.64,114.25,113.87,113.48,113.13,112.86,112.70,112.56,112.40,112.25,112.10,111.95,111.79,111.64,111.50,111.40,111.26,111.11,110.95,110.78,110.63,110.48,110.33,110.17,109.95,108.58,106.72,104.73,102.78,100.76,97.56,93.69,90.39,89.85,89.75,89.68,89.60,89.52,89.45,89.45,89.52,89.60,89.68,89.75,89.83,91.03,96.86,98.03,96.42,93.68,91.44,91.03,91.44,92.63,95.12,98.64,100.22,100.98,101.54,101.86,101.79,101.46,101.00,100.53,100.02,98.73,97.16,95.81,94.94,94.95,95.69,96.95,98.38,99.78,100.72,100.87,99.83,98.41,96.91,95.38,94.51,96.34,99.06,101.52,103.49,104.99,105.64,105.92,105.91,105.31,103.51,100.64,96.03,89.80,83.44,80.59,79.70,79.56,79.49,79.41,79.29,79.14,79.06,79.37,80.33,83.77,88.35,90.66,91.96,92.99,94.08,95.39,96.98,95.75,93.54,91.38,89.81,88.81,87.82,87.13,87.27,87.64,88.03,88.42,88.80,89.18,89.52,90.15,91.25,93.00,94.77,96.50,97.42,96.88,95.95,94.94,93.79,92.94,93.46,94.27,95.34,96.68,98.23,99.49,99.86,99.58,98.57,96.31,93.24,89.59,85.57,81.65,79.84,78.87,78.15,77.53,77.11,77.42,78.01,78.75,79.77,81.33,82.52,82.65,81.07,79.44,78.02,76.85,76.06,75.75,74.41,72.75,71.22,70.16,69.92,69.94,70.42,71.71,73.24,74.89,76.50,77.97,79.20,79.86,80.26,80.52,80.62,80.54,80.23,79.52,78.38,77.45,76.78,76.13,75.45,74.85,74.46,73.92,73.22,72.41,71.59,70.97,70.47,69.93,68.98,68.56,69.05,70.39,72.31,73.13,73.95,74.74,75.34,75.97,76.61,77.29,77.99,78.63,79.28,79.74,80.03,80.15,80.10,79.29,78.25,77.25,76.29,75.57,75.44,75.75,76.20,76.58,76.18,75.03,73.25,71.42,70.38,69.92,69.78,69.53,69.28,69.07,68.90,68.72,68.50,68.16,67.72,67.16
118.19,117.73,117.22,116.72,116.26,115.80,115.34,114.98,114.64,114.25,113.87,113.48,113.13,112.87,112.71,112.56,112.40,112.27,112.16,112.01,111.86,111.70,111.55,111.41,111.27,111.11,110.95,110.80,110.65,110.49,110.34,110.18,109.99,108.91,107.22,105.22,103.23,101.23,98.23,94.52,90.99,90.02,89.81,89.73,89.66,89.58,89.51,89.48,89.52,89.60,89.68,89.75,89.83,91.22,98.02,99.85,99.35,98.22,97.24,97.07,97.22,97.75,98.98,100.58,101.42,101.93,102.30,102.35,101.86,101.30,100.79,100.29,99.55,98.32,96.90,95.80,96.04,96.39,96.53,96.80,98.14,99.62,101.03,101.70,100.86,99.43,97.74,96.17,95.67,98.36,101.25,103.88,106.08,107.49,108.20,108.36,108.13,107.44,106.03,103.48,99.44,93.73,86.66,81.63,79.67,79.44,79.36,79.28,79.23,79.26,79.53,80.46,84.32,88.17,90.99,92.60,93.74,94.79,95.86,96.89,97.40,95.41,92.66,90.32,89.29,88.46,87.66,87.19,87.50,87.87,88.26,88.65,89.03,89.42,89.83,90.68,91.99,93.61,95.27,96.84,98.06,98.52,97.91,96.84,95.54,94.58,95.33,96.27,97.26,98.32,99.39,99.99,100.14,100.00,99.28,96.98,93.62,89.83,86.00,82.67,80.52,79.50,78.95,78.45,78.11,78.36,78.89,79.85,81.94,84.14,84.73,83.76,81.75,79.83,78.45,77.70,77.53,77.27,75.93,74.16,72.29,70.63,69.98,69.80,69.92,70.52,71.74,73.26,74.78,76.17,77.41,78.33,79.11,79.73,80.05,79.90,79.27,78.36,77.25,76.00,75.33,74.75,74.13,73.61,73.47,73.21,72.77,72.17,71.50,70.80,70.14,69.47,68.65,68.82,70.91,74.32,77.53,77.67,77.70,78.05,78.58,78.96,79.38,79.78,80.16,80.47,80.74,80.94,81.12,81.23,80.99,79.80,78.50,77.49,76.68,76.42,76.57,76.97,77.31,76.84,75.70,74.14,72.35,70.66,69.88,69.53,69.33,69.09,68.86,68.61,68.37,68.17,67.98,67.61,67.22,66.89
118.22,117.75,117.25,116.75,116.26,115.80,115.34,114.96,114.62,114.25,113.87,113.48,113.15,112.90,112.75,112.59,112.44,112.30,112.19,112.04,111.88,111.73,111.58,111.42,111.27,111.12,110.99,110.83,110.68,110.52,110.37,110.21,110.04,109.22,107.70,105.69,103.68,101.67,98.88,95.34,91.68,90.19,89.84,89.77,89.69,89.61,89.56,89.53,89.56,89.64,89.71,89.79,90.00,91.67,98.53,100.78,101.02,100.79,100.60,100.57,100.59,100.78,101.33,101.92,102.53,102.87,102.79,102.39,101.66,100.96,100.36,99.68,98.74,97.80,96.96,96.56,97.38,98.09,97.90,97.28,97.94,99.23,100.75,101.96,102.01,100.21,98.19,96.97,97.45,100.55,103.59,106.35,108.67,110.19,110.94,111.13,110.96,110.36,108.91,106.52,102.94,97.74,90.44,84.04,80.70,79.60,79.58,80.01,80.41,80.85,81.59,83.30,87.86,91.29,93.03,94.25,95.40,96.50,97.50,98.22,98.23,95.99,92.91,90.18,89.18,88.37,87.65,87.30,87.71,88.12,88.53,88.92,89.31,89.79,90.75,91.97,93.27,94.49,96.00,97.49,98.80,99.63,99.30,98.36,97.12,96.21,97.02,98.00,98.81,99.46,100.05,100.26,100.25,100.13,99.52,97.05,93.56,89.84,86.34,83.52,81.18,80.32,80.19,80.01,79.54,80.17,81.56,83.47,85.61,87.03,86.48,84.48,82.14,80.26,79.14,78.77,78.98,78.75,77.25,75.28,73.22,71.30,70.27,69.85,69.73,69.85,70.57,71.69,72.95,74.25,75.40,76.39,77.30,78.06,78.45,78.19,77.54,76.70,75.71,74.56,73.88,73.31,72.78,72.45,72.44,72.33,72.05,71.63,71.09,70.36,69.61,69.00,68.78,69.92,73.47,78.09,81.08,80.60,80.22,80.36,80.78,81.03,81.30,81.53,81.70,81.81,81.81,81.74,81.67,81.60,81.21,80.06,78.81,77.86,77.40,77.46,77.73,77.98,77.89,76.87,75.35,73.69,72.07,70.64,69.88,69.48,69.25,68.99,68.75,68.47,68.19,67.98,67.89,67.62,67.32,67.06
118.21,117.75,117.29,116.78,116.27,115.81,115.34,114.93,114.58,114.25,113.87,113.48,113.17,112.96,112.80,112.65,112.49,112.34,112.19,112.04,111.88,111.73,111.58,111.42,111.27,111.15,111.05,110.89,110.74,110.58,110.43,110.27,110.10,109.51,108.13,106.13,104.12,102.11,99.51,96.18,92.41,90.35,89.84,89.77,89.69,89.62,89.59,89.59,89.62,89.70,89.77,89.84,90.30,92.38,98.70,101.15,101.63,101.49,101.47,101.46,101.51,101.74,102.30,102.95,103.64,103.72,102.97,102.05,101.23,100.51,99.76,98.81,97.84,97.40,97.50,98.14,99.08,100.19,99.84,98.31,97.89,98.77,100.05,101.67,103.13,100.72,98.33,97.83,99.74,102.89,106.10,108.88,111.16,112.85,113.64,113.99,114.09,113.70,111.92,109.67,106.53,101.84,94.84,87.95,83.22,80.84,80.87,82.10,83.13,84.00,85.16,87.57,90.73,93.19,94.75,95.85,97.03,98.11,98.95,99.38,99.41,97.39,94.15,90.86,89.39,88.50,87.78,87.44,87.89,88.36,88.82,89.22,89.63,90.41,92.27,93.93,95.00,95.61,96.89,98.36,99.61,100.25,100.13,99.48,98.53,97.81,98.51,99.42,99.94,100.14,100.30,100.44,100.33,100.13,99.40,96.49,92.99,89.58,86.50,84.00,81.86,81.52,82.08,82.45,81.84,83.13,85.88,88.99,90.05,89.56,87.59,84.87,82.40,80.94,80.27,80.20,80.50,80.15,78.30,76.16,74.17,72.34,70.97,70.19,69.80,69.67,69.81,70.30,71.16,72.30,73.28,74.14,74.95,75.62,75.91,75.56,75.17,74.61,73.81,73.11,72.47,71.89,71.49,71.44,71.44,71.34,71.12,70.78,70.37,69.71,69.06,68.83,69.78,72.05,76.50,81.22,82.77,81.90,81.56,81.73,82.01,82.20,82.40,82.53,82.59,82.63,82.50,82.23,81.87,81.44,80.91,80.14,79.23,78.45,78.47,78.64,78.83,78.76,78.00,76.74,75.24,73.74,72.37,71.22,70.28,69.70,69.43,69.13,68.89,68.61,68.34,68.16,68.20,68.13,67.93,67.60
118.16,117.75,117.30,116.81,116.32,115.86,115.35,114.92,114.55,114.20,113.86,113.48,113.18,112.97,112.81,112.66,112.50,112.34,112.19,112.04,111.92,111.79,111.64,111.48,111.33,111.19,111.06,110.90,110.75,110.59,110.44,110.28,110.12,109.72,108.51,106.57,104.57,102.56,100.17,97.04,93.14,90.51,89.84,89.77,89.70,89.66,89.62,89.63,89.69,89.75,89.79,89.85,90.53,92.97,98.92,101.32,102.09,102.34,102.35,102.39,102.48,102.73,103.24,103.83,104.21,103.88,102.77,101.60,100.67,99.93,99.20,98.33,98.07,98.30,99.09,100.56,102.35,104.13,102.80,99.23,98.42,98.97,99.74,101.23,103.37,100.71,98.83,99.25,101.97,105.09,108.24,110.83,112.73,113.91,114.69,115.18,115.34,114.96,113.75,112.26,110.04,106.56,101.02,94.31,90.00,88.02,87.73,88.69,89.15,89.33,89.84,91.65,93.52,95.32,96.86,97.80,98.80,99.51,100.00,100.29,100.15,98.57,95.41,91.56,89.61,88.67,87.96,87.61,88.05,88.59,89.08,89.51,90.22,92.16,94.46,96.26,97.26,97.33,97.98,99.08,100.13,100.68,100.59,100.14,99.60,99.25,99.63,100.06,100.34,100.47,100.53,100.56,100.40,100.08,98.84,94.50,90.92,87.94,85.27,82.92,82.99,84.26,85.95,87.45,87.71,88.92,90.67,91.92,90.70,89.28,87.12,84.68,82.99,82.80,82.78,82.93,82.99,81.36,79.06,77.38,76.30,74.94,73.31,71.59,70.26,69.77,69.66,69.77,70.11,70.64,71.19,71.79,72.50,73.11,73.28,72.95,72.60,72.23,71.75,71.23,70.83,70.54,70.38,70.37,70.37,70.28,70.06,69.72,69.22,69.22,69.67,71.00,74.32,76.70,79.41,82.08,83.24,82.75,82.72,82.90,82.86,82.68,82.52,82.35,82.15,81.99,82.15,82.36,82.30,81.72,81.00,80.38,79.93,79.72,79.80,79.79,79.53,78.93,77.85,76.63,75.51,74.38,73.15,72.01,70.93,70.12,69.62,69.31,69.03,68.79,68.63,68.61,68.71,68.69,68.51,68.16
118.04,117.73,117.30,116.82,116.37,115.89,115.38,114.94,114.55,114.17,113.85,113.48,113.18,112.97,112.81,112.67,112.52,112.37,112.21,112.06,111.95,111.83,111.67,111.52,111.36,111.21,111.06,110.90,110.75,110.59,110.45,110.31,110.15,109.90,108.82,106.96,105.00,103.00,100.80,97.88,93.89,90.68,89.85,89.79,89.72,89.70,89.65,89.66,89.72,89.79,89.80,89.85,90.58,93.11,99.01,101.34,102.28,102.89,103.12,103.30,103.47,103.73,104.18,104.68,104.77,104.16,102.89,101.64,100.47,99.59,98.91,98.36,98.68,99.71,101.31,103.47,105.92,108.06,106.52,101.98,99.39,99.31,100.02,101.60,103.73,100.68,99.61,100.89,103.91,107.01,110.04,112.29,113.71,114.54,115.34,115.90,116.07,115.68,114.91,113.99,112.56,110.27,106.59,100.97,97.36,95.63,94.80,95.00,94.80,94.45,94.45,95.50,96.52,97.80,99.12,99.88,100.62,100.92,101.05,101.14,100.72,99.49,96.43,92.22,89.82,88.82,88.13,87.76,88.17,88.77,89.31,90.05,91.46,94.26,96.69,98.36,99.16,98.95,99.12,99.80,100.59,101.06,100.97,100.69,100.44,100.34,100.45,100.55,100.67,100.76,100.71,100.59,100.40,99.89,98.00,92.34,88.81,86.25,84.02,82.55,84.38,86.93,89.61,92.17,93.34,93.82,93.66,92.54,90.08,88.24,86.39,84.78,84.28,85.11,85.64,85.82,85.32,82.69,80.23,79.04,78.64,77.47,75.65,73.29,71.17,70.07,69.73,69.61,69.59,69.63,69.78,70.08,70.55,70.99,71.07,70.84,70.57,70.34,70.11,69.74,69.54,69.48,69.52,69.56,69.61,69.58,69.66,70.11,70.88,71.67,72.75,74.77,78.69,80.61,81.75,82.70,83.47,83.17,83.17,83.19,82.89,82.46,82.06,81.67,81.30,81.04,81.57,82.33,82.67,82.12,81.47,81.13,81.08,81.25,81.31,81.17,80.43,79.24,78.02,76.99,76.20,75.32,74.16,73.00,71.83,70.77,69.94,69.52,69.22,69.05,69.00,69.10,69.25,69.25,69.08,68.76
117.83,117.69,117.29,116.82,116.37,115.90,115.42,114.97,114.55,114.17,113.85,113.48,113.18,112.97,112.82,112.72,112.58,112.43,112.27,112.13,111.97,111.83,111.67,111.52,111.36,111.21,111.06,110.90,110.75,110.59,110.47,110.37,110.21,110.04,109.03,107.24,105.42,103.44,101.40,98.67,94.67,90.86,89.90,89.85,89.78,89.71,89.69,89.69,89.72,89.79,89.80,89.85,90.34,92.49,98.87,101.18,102.08,102.90,103.65,104.12,104.42,104.70,105.11,105.52,105.49,104.85,103.69,102.53,100.93,99.71,99.10,99.13,99.61,101.59,104.24,106.92,109.44,111.31,111.06,107.70,101.03,99.80,101.19,103.37,104.53,100.80,100.74,102.71,105.40,108.50,111.38,113.11,114.00,114.96,115.81,116.39,116.56,116.16,115.31,114.49,113.44,112.13,110.54,107.24,104.21,101.90,100.37,99.36,98.79,98.54,98.64,99.08,99.90,100.78,101.54,102.03,102.47,102.41,102.19,101.97,101.19,100.00,97.04,92.75,90.02,88.95,88.25,87.87,88.24,88.88,89.52,90.98,93.65,96.52,98.74,99.96,100.31,100.17,100.24,100.55,101.02,101.45,101.36,101.18,101.01,100.89,100.92,101.03,101.14,101.10,100.78,100.50,100.27,99.42,96.72,90.34,87.19,84.91,83.23,83.84,86.05,88.94,92.24,95.58,97.29,96.24,93.48,90.21,88.63,86.88,85.76,85.59,86.62,87.81,88.65,88.57,87.06,84.25,82.19,81.31,80.89,79.33,77.41,75.11,72.69,70.66,69.99,69.81,69.72,69.61,69.51,69.49,69.51,69.56,69.63,69.60,69.51,69.41,69.31,69.13,68.98,68.99,69.16,69.34,69.54,69.68,70.51,73.03,77.26,78.81,79.47,80.36,81.58,82.43,83.09,83.56,83.63,83.03,82.49,82.07,81.69,81.29,80.91,80.53,80.19,80.07,81.00,82.19,82.89,82.63,82.44,82.65,82.87,82.97,83.04,82.97,81.81,80.02,78.79,78.12,77.47,76.59,75.43,74.27,73.06,71.72,70.46,69.78,69.51,69.43,69.47,69.61,69.77,69.80,69.68,69.39
117.59,117.49,117.23,116.82,116.37,115.90,115.44,114.97,114.55,114.16,113.81,113.47,113.20,113.02,112.86,112.74,112.60,112.44,112.29,112.14,111.98,111.83,111.67,111.52,111.40,111.26,111.11,110.95,110.79,110.64,110.51,110.38,110.23,110.08,109.18,107.55,105.72,103.81,101.85,99.30,95.53,91.48,90.14,89.88,89.83,89.77,89.75,89.75,89.76,89.80,89.80,89.85,90.09,91.82,98.61,100.97,101.83,102.66,103.38,103.98,104.47,104.98,105.65,106.13,106.28,105.90,104.91,103.64,101.81,100.26,99.62,100.71,102.55,105.11,107.88,110.50,112.70,113.92,113.49,110.93,105.95,103.08,103.68,105.09,104.02,101.10,101.83,104.14,106.74,109.48,111.98,113.39,114.11,115.05,115.85,116.33,116.52,116.36,115.78,115.10,114.31,113.47,112.64,110.55,108.44,106.59,105.01,104.03,103.65,103.63,103.70,103.33,103.43,103.83,104.21,104.11,103.64,103.22,102.79,102.15,101.24,99.90,96.99,92.92,90.11,89.02,88.33,87.96,88.35,89.01,90.07,92.33,95.81,98.43,100.07,100.87,101.09,101.02,101.04,101.26,101.62,101.95,101.88,101.74,101.56,101.41,101.41,101.44,101.33,101.07,100.66,100.34,98.94,96.41,92.77,88.65,86.17,84.40,83.53,84.93,86.99,90.46,94.56,98.08,99.13,96.55,92.69,89.24,87.99,87.00,86.82,87.53,89.11,90.94,91.97,91.22,88.41,85.58,84.03,82.91,81.67,79.87,78.12,76.13,73.87,71.63,70.69,70.36,70.29,70.31,70.09,69.89,69.69,69.56,69.61,69.68,69.78,69.95,70.23,70.67,70.90,71.53,72.74,74.36,74.93,75.28,76.05,77.84,80.68,81.82,82.37,82.84,83.11,83.15,83.03,82.82,82.54,81.94,81.34,80.77,80.21,79.58,79.31,79.28,79.44,79.98,81.44,82.86,83.68,83.67,83.98,84.42,84.72,84.82,84.86,84.83,83.65,81.76,80.37,79.47,78.73,77.85,76.69,75.49,74.17,72.74,71.36,70.45,70.13,70.06,70.11,70.28,70.58,70.60,70.42,70.08
117.33,117.25,117.13,116.81,116.37,115.90,115.44,114.97,114.55,114.16,113.78,113.44,113.22,113.06,112.91,112.75,112.60,112.45,112.31,112.16,112.00,111.85,111.69,111.54,111.44,111.31,111.16,111.00,110.85,110.69,110.54,110.38,110.23,110.08,109.30,107.83,105.99,104.14,102.25,99.86,96.42,92.26,90.44,89.90,89.89,89.83,89.80,89.80,89.80,89.80,89.81,89.86,89.90,91.25,98.15,100.63,101.52,102.22,102.76,103.41,104.09,104.88,105.86,106.61,107.03,106.96,106.22,104.81,102.95,101.37,100.98,103.19,106.34,109.25,111.88,114.23,115.85,116.28,115.31,113.26,110.83,106.86,106.23,106.33,103.44,101.57,102.87,105.33,107.87,110.21,112.28,113.47,114.10,114.90,115.53,115.85,116.06,116.23,116.08,115.63,115.08,114.52,113.95,112.62,111.40,110.23,108.91,108.30,108.14,108.21,108.18,107.17,106.29,105.96,105.84,105.17,103.94,103.32,102.84,101.99,101.12,99.45,96.40,92.50,90.00,88.98,88.38,88.13,88.57,89.20,90.99,94.06,97.87,100.03,101.08,101.57,101.76,101.77,101.77,101.96,102.24,102.46,102.40,102.26,102.06,101.86,101.78,101.67,101.36,100.91,100.33,98.99,96.38,92.73,88.86,87.26,85.42,84.22,84.21,85.92,87.74,91.86,96.65,99.88,100.06,96.30,92.00,88.90,87.85,87.66,88.44,89.94,92.00,94.32,95.27,93.72,89.71,86.84,85.50,83.97,81.91,79.97,78.42,76.78,74.84,72.71,71.54,71.12,71.16,71.37,71.19,70.90,70.60,70.43,70.59,70.86,71.17,71.68,72.56,73.83,74.31,75.29,77.24,79.87,80.72,81.22,81.75,82.31,83.00,83.59,84.09,84.38,84.03,83.31,82.40,81.56,81.04,80.51,79.97,79.38,78.72,77.96,77.91,78.29,79.00,80.18,82.14,83.78,84.74,85.00,85.70,86.26,86.59,86.71,86.72,86.70,85.64,83.87,82.31,81.09,80.16,79.17,77.94,76.66,75.25,73.79,72.39,71.30,70.94,70.85,70.89,71.06,71.48,71.47,71.20,70.79
117.08,117.00,116.96,116.75,116.37,115.90,115.44,114.97,114.55,114.16,113.78,113.44,113.22,113.06,112.91,112.75,112.60,112.47,112.36,112.21,112.06,111.91,111.75,111.60,111.46,111.31,111.16,111.00,110.85,110.69,110.54,110.38,110.23,110.08,109.40,108.08,106.25,104.44,102.60,100.39,97.31,93.16,90.81,89.90,89.90,89.88,89.83,89.80,89.80,89.81,89.86,89.89,89.90,91.08,97.18,99.99,101.00,101.39,101.83,102.42,103.24,104.23,105.40,106.86,107.52,107.75,107.49,105.95,104.48,103.86,104.70,107.80,110.91,113.77,116.36,118.35,118.89,118.52,117.23,115.12,112.43,109.55,107.69,106.11,103.90,102.48,103.81,106.14,108.48,110.61,112.34,113.38,113.93,114.29,114.48,114.57,114.82,115.37,115.77,115.76,115.50,115.07,114.47,113.62,112.79,112.02,111.35,111.01,110.55,110.20,109.95,109.05,106.94,105.10,103.89,103.04,102.12,101.81,101.69,101.37,100.84,98.55,94.69,90.58,89.32,88.58,88.38,88.60,89.11,89.62,92.73,96.58,99.63,100.88,101.72,102.23,102.47,102.52,102.53,102.66,102.82,102.91,102.79,102.64,102.42,102.11,101.76,101.44,101.07,100.67,99.50,93.93,91.06,89.40,87.67,86.51,84.93,84.33,85.04,86.79,88.58,93.32,98.29,100.41,100.11,96.31,92.16,89.30,88.46,88.68,90.22,92.80,95.94,98.10,98.19,95.78,91.27,88.07,85.96,83.97,81.87,79.97,78.48,76.98,75.39,73.75,72.42,72.23,72.52,72.91,73.11,72.95,72.67,72.68,73.46,74.26,74.81,75.79,77.72,80.07,80.09,80.09,80.83,81.88,82.50,82.96,83.38,83.86,84.68,85.30,85.80,85.84,84.35,82.68,81.26,80.17,79.43,78.91,78.35,77.83,77.46,77.20,77.53,78.24,79.20,80.50,82.64,84.69,86.13,86.73,87.53,88.14,88.49,88.62,88.67,88.54,87.67,86.21,84.64,83.43,82.09,80.64,79.14,77.72,76.31,74.86,73.46,72.33,72.03,71.95,71.93,72.01,72.38,72.32,72.00,71.56
116.82,116.75,116.71,116.59,116.34,115.93,115.44,114.97,114.55,114.16,113.78,113.44,113.23,113.11,112.95,112.79,112.64,112.50,112.38,112.24,112.08,111.93,111.78,111.62,111.47,111.31,111.16,111.00,110.85,110.69,110.55,110.42,110.27,110.12,109.53,108.34,106.50,104.71,102.89,100.88,98.27,94.07,91.19,89.90,89.90,89.90,89.86,89.84,89.84,89.84,89.89,89.90,89.90,90.57,94.03,96.41,98.03,99.36,100.72,101.58,102.64,103.96,105.45,107.19,107.95,108.33,108.39,107.58,106.94,107.50,109.45,112.66,115.33,117.31,118.90,120.06,120.15,119.69,118.72,116.99,113.99,111.06,108.59,106.44,104.48,103.03,104.29,106.53,108.83,111.10,112.41,113.15,113.52,113.50,113.29,113.19,113.42,114.08,114.72,115.01,115.06,114.91,114.53,114.00,113.41,112.86,112.42,112.10,111.65,111.19,110.52,108.79,105.27,102.47,100.87,99.95,99.55,99.69,99.88,99.65,98.84,95.95,92.46,89.60,88.89,88.55,88.71,89.46,90.99,92.98,96.05,98.96,100.88,101.68,102.44,102.94,103.17,103.24,103.28,103.25,103.16,103.02,102.76,102.53,102.27,101.93,101.50,101.08,100.69,99.35,95.66,90.82,88.71,87.75,86.78,85.75,84.80,84.89,86.02,87.69,89.97,94.75,99.33,100.76,99.74,96.31,92.60,89.94,89.55,90.59,93.02,96.04,98.48,99.82,99.66,97.36,92.83,88.61,86.07,83.95,81.84,79.97,78.49,77.07,75.66,74.37,73.50,73.58,73.98,74.42,74.87,74.92,74.85,75.10,76.28,77.93,80.31,82.46,83.88,85.22,84.01,83.14,83.18,83.04,83.10,83.11,83.24,83.97,85.98,86.97,87.18,86.56,84.66,82.71,81.13,79.96,79.23,78.83,78.36,77.98,77.81,77.71,78.05,78.72,79.83,81.76,84.30,86.41,87.84,88.59,89.32,89.83,90.13,90.23,90.20,89.96,89.30,88.27,86.92,85.52,83.83,82.01,80.21,78.57,77.10,75.66,74.31,73.39,73.16,73.09,73.02,73.04,73.29,73.17,72.82,72.36
116.56,116.49,116.42,116.38,116.28,115.96,115.46,114.98,114.55,114.16,113.78,113.45,113.26,113.16,113.00,112.85,112.69,112.54,112.39,112.24,112.08,111.93,111.78,111.63,111.47,111.32,111.16,111.01,110.86,110.70,110.58,110.47,110.33,110.17,109.66,108.59,106.76,104.97,103.14,101.33,99.20,95.00,91.65,90.05,90.11,90.16,90.21,90.26,90.31,90.36,90.41,90.46,90.52,90.65,91.10,92.65,94.83,97.36,99.83,101.02,102.33,103.98,105.78,107.56,108.37,108.77,109.09,109.50,110.11,111.86,114.49,117.13,119.08,119.86,120.16,120.38,120.40,120.20,119.80,118.72,115.75,112.31,109.41,107.05,105.07,103.32,104.47,106.67,108.98,111.48,112.40,112.79,112.95,112.62,112.09,111.85,112.02,112.61,113.27,113.76,114.08,114.24,114.22,113.93,113.55,113.12,112.68,112.29,111.94,111.40,110.16,107.19,102.51,99.16,97.41,96.31,96.39,96.96,97.33,96.97,95.72,92.66,90.23,89.18,88.69,88.75,89.25,90.62,93.63,97.47,99.73,101.02,101.83,102.47,103.20,103.65,103.80,103.80,103.82,103.59,103.24,102.88,102.45,102.12,101.81,101.48,101.06,100.23,99.45,96.90,90.82,89.08,88.07,87.08,86.09,85.19,85.03,85.76,87.06,88.57,91.52,96.05,99.95,100.95,99.16,96.23,93.16,90.92,91.26,93.21,96.26,99.06,99.99,100.33,100.23,98.53,94.36,88.84,86.09,84.14,82.12,80.02,78.53,77.16,75.84,74.79,74.66,75.01,75.46,75.91,76.48,76.79,77.33,78.25,79.73,82.02,86.25,89.37,89.59,89.11,86.66,85.09,84.59,83.49,82.85,82.27,82.06,83.13,86.78,88.49,88.39,86.93,85.06,83.20,81.71,80.65,80.13,79.89,79.57,79.33,79.26,79.04,79.18,79.78,81.11,83.80,86.64,88.52,89.67,90.45,91.03,91.42,91.61,91.59,91.39,91.03,90.57,89.95,88.91,87.26,85.27,83.14,81.04,79.22,77.69,76.25,75.01,74.47,74.32,74.25,74.17,74.12,74.23,74.02,73.64,73.17
116.26,116.23,116.16,116.13,116.09,115.90,115.50,115.04,114.59,114.16,113.78,113.49,113.30,113.16,113.01,112.85,112.70,112.55,112.39,112.24,112.08,111.93,111.78,111.67,111.53,111.38,111.23,111.07,110.91,110.76,110.62,110.48,110.33,110.17,109.76,108.85,107.06,105.24,103.42,101.72,99.80,96.02,92.55,90.94,91.31,91.67,92.03,92.37,92.70,93.06,93.38,93.73,94.11,94.53,94.96,95.89,97.15,98.68,100.39,101.46,102.72,104.31,106.10,107.88,108.76,109.21,109.80,111.52,114.18,116.55,118.26,119.26,120.04,120.34,120.46,120.59,120.60,120.46,120.22,119.72,118.41,115.37,111.24,107.48,105.39,103.42,104.49,106.67,108.90,111.22,111.91,112.14,112.17,111.71,111.24,110.97,110.97,111.33,111.89,112.38,112.73,112.97,113.21,113.28,113.26,113.12,112.75,112.32,111.69,110.56,108.47,104.77,100.59,97.16,94.49,92.39,92.29,92.76,93.00,92.61,91.85,90.50,89.39,88.85,88.86,89.14,90.00,92.15,96.27,99.42,101.05,102.00,102.72,103.34,103.96,104.22,104.11,103.72,103.37,103.04,102.70,102.36,101.96,101.62,101.31,100.98,100.37,97.31,94.43,91.89,89.27,88.42,87.58,86.61,85.76,85.60,86.08,86.93,87.99,89.37,92.41,96.75,100.25,100.75,98.59,95.73,93.59,92.99,94.61,96.96,98.85,100.01,100.42,100.52,100.36,99.13,95.76,89.39,86.54,85.25,83.71,80.32,78.75,77.54,76.34,75.45,75.72,76.29,76.87,77.42,77.98,78.53,81.03,84.38,86.33,87.56,89.38,90.66,90.60,90.06,88.36,86.53,84.74,82.59,81.42,80.77,80.52,81.47,86.18,89.32,89.66,87.61,85.87,84.16,82.92,82.37,82.59,82.36,82.11,81.94,81.75,80.96,80.94,82.11,84.36,87.14,89.15,90.43,91.31,92.01,92.53,92.92,92.99,92.64,92.09,91.53,91.07,90.57,89.72,87.94,85.72,83.35,81.06,79.37,77.98,76.67,75.65,75.59,75.56,75.50,75.43,75.34,75.18,74.84,74.41,73.94
115.98,115.97,115.91,115.86,115.83,115.75,115.49,115.07,114.61,114.16,113.78,113.51,113.32,113.16,113.01,112.88,112.73,112.58,112.43,112.27,112.12,111.96,111.82,111.71,111.56,111.41,111.25,111.10,110.95,110.79,110.64,110.48,110.33,110.17,109.87,109.11,107.34,105.50,103.74,102.11,100.42,97.70,94.97,93.76,94.32,94.81,95.27,95.68,96.09,96.53,96.93,97.35,97.82,98.32,98.82,99.32,99.87,100.60,101.69,102.65,103.78,105.11,106.64,108.24,109.27,110.50,112.35,114.74,117.52,119.41,120.25,120.35,120.46,120.56,120.67,120.78,120.81,120.68,120.49,120.31,120.04,118.03,113.09,108.00,105.81,103.65,104.54,106.62,108.81,110.84,111.35,111.44,111.39,110.98,110.62,110.39,110.32,110.29,109.67,110.36,111.05,111.36,111.75,111.97,112.11,112.10,111.82,111.42,110.72,109.43,107.17,103.65,99.91,96.43,93.20,90.37,90.01,90.25,90.32,90.01,89.61,89.35,89.11,89.07,89.77,90.90,92.56,95.08,98.63,100.72,101.93,102.83,103.63,104.21,104.43,104.30,103.91,103.29,102.72,102.34,102.06,101.76,101.41,101.08,100.64,99.64,97.20,93.75,90.80,88.93,88.41,87.85,87.06,86.31,85.91,86.23,87.04,87.92,89.02,90.99,93.98,97.83,100.58,100.31,98.13,95.39,94.13,95.03,97.34,99.32,100.23,100.46,100.67,100.72,100.49,99.70,97.33,91.34,88.58,87.68,86.39,81.79,79.36,77.95,76.95,76.33,76.83,77.50,78.18,79.29,81.81,82.85,85.50,88.91,90.52,90.96,91.03,90.97,90.77,90.28,88.10,85.56,83.20,81.21,80.10,79.54,79.38,80.42,85.63,89.16,89.76,87.88,86.37,85.08,84.45,84.53,85.14,85.21,85.07,84.77,84.10,82.80,82.73,84.28,86.98,89.54,91.06,92.08,92.88,93.50,93.77,93.73,93.34,92.65,91.89,91.30,90.90,90.52,89.72,87.98,85.70,83.22,80.89,79.51,78.28,77.21,76.56,76.77,76.81,76.77,76.66,76.46,76.10,75.64,75.16,74.69
115.73,115.72,115.66,115.59,115.53,115.50,115.41,115.06,114.61,114.16,113.78,113.51,113.33,113.17,113.02,112.92,112.79,112.64,112.48,112.33,112.17,112.02,111.87,111.72,111.56,111.41,111.25,111.10,110.95,110.79,110.65,110.48,110.34,110.18,109.97,109.35,107.59,105.76,104.09,102.53,101.07,99.94,98.74,98.34,98.89,99.29,99.57,99.83,100.09,100.36,100.62,100.88,101.14,101.42,101.70,101.97,102.25,102.69,103.57,104.49,105.45,106.44,107.53,108.88,110.26,112.88,116.65,118.92,119.84,120.26,120.52,120.65,120.69,120.79,120.91,120.99,121.05,120.90,120.71,120.55,120.42,119.88,114.74,108.67,106.37,104.07,104.63,106.53,108.72,110.41,110.77,110.75,110.66,110.47,110.24,110.10,110.05,109.53,106.76,107.70,109.00,109.46,109.97,110.13,110.17,110.13,109.93,109.61,109.09,108.14,106.49,103.96,100.38,96.85,93.52,90.39,89.78,89.74,89.68,89.54,89.26,89.16,89.36,90.04,91.67,94.17,96.89,99.24,100.67,101.72,102.70,103.67,104.52,104.97,104.50,103.83,103.20,102.59,101.98,101.61,101.38,101.06,100.42,100.02,99.34,97.20,91.80,90.06,89.23,88.47,87.88,87.28,86.59,86.26,86.53,86.98,87.79,88.72,90.26,93.56,96.37,99.39,101.02,99.72,97.78,95.38,94.92,96.87,99.10,100.03,100.42,100.66,100.87,100.95,100.70,100.28,99.00,94.63,92.16,91.25,89.87,84.55,80.38,78.38,77.63,77.44,78.05,78.94,79.84,81.88,87.82,89.49,90.33,91.22,91.64,91.76,91.38,90.83,90.32,89.63,85.76,82.20,80.19,79.53,79.04,78.71,78.76,80.14,85.26,87.97,88.53,87.61,86.47,85.87,86.14,86.91,87.52,88.18,88.21,87.52,86.09,84.40,84.41,86.05,88.62,90.72,92.28,93.46,94.34,94.85,94.66,93.74,92.63,91.59,90.81,90.31,90.07,89.79,88.97,87.39,85.23,82.81,80.63,79.72,78.66,77.93,77.74,78.02,78.09,78.03,77.83,77.45,76.96,76.43,75.93,75.47
115.46,115.42,115.38,115.33,115.26,115.22,115.18,114.97,114.61,114.16,113.78,113.55,113.38,113.22,113.07,112.94,112.80,112.65,112.49,112.34,112.18,112.03,111.88,111.72,111.56,111.41,111.25,111.10,110.95,110.83,110.70,110.54,110.39,110.23,110.06,109.52,107.84,106.05,104.44,102.95,101.61,100.84,100.73,100.97,101.37,101.64,101.87,102.10,102.33,102.56,102.80,103.03,103.28,103.54,103.78,104.02,104.27,104.68,105.52,106.40,107.28,108.28,109.65,111.73,114.45,117.06,119.08,120.23,120.57,120.68,120.77,120.91,120.97,121.06,121.16,121.23,121.26,121.13,120.93,120.73,120.51,120.26,115.72,109.89,106.91,104.47,104.72,106.43,108.61,110.02,110.30,110.31,110.28,110.17,110.07,110.02,110.00,109.33,105.80,105.35,106.24,107.49,108.85,109.06,109.03,108.99,108.78,108.29,107.79,107.09,105.87,103.55,100.57,97.13,93.50,90.38,89.71,89.56,89.49,89.47,89.36,89.40,90.42,92.72,95.99,98.21,100.07,101.56,102.44,103.14,103.89,104.61,105.06,104.71,103.92,103.11,102.41,101.83,101.26,100.92,100.68,99.74,95.57,94.31,93.88,92.67,89.78,88.96,88.59,88.15,87.64,87.18,86.92,86.97,87.36,87.79,88.47,89.85,92.42,96.71,98.94,101.10,101.79,99.57,97.50,96.19,96.58,98.45,99.84,100.35,100.64,100.90,101.10,101.12,100.84,100.47,99.69,97.23,95.00,93.45,91.81,87.97,81.85,78.92,78.34,78.53,79.51,83.09,85.87,87.41,90.87,91.98,92.21,92.13,91.72,91.27,90.80,89.35,86.60,84.41,81.89,79.92,78.76,78.23,78.04,78.19,78.70,80.13,84.31,86.26,86.75,86.54,86.35,86.43,87.12,88.18,89.18,90.25,90.11,89.02,87.23,85.35,85.47,87.14,89.54,91.34,92.91,94.35,95.30,95.22,94.36,93.09,91.79,90.58,89.56,88.95,88.65,88.32,87.38,86.03,84.17,82.22,80.61,80.03,79.30,78.79,78.71,79.12,79.34,79.16,78.76,78.32,77.79,77.25,76.74,76.27
115.28,115.19,115.15,115.08,115.00,114.93,114.91,114.82,114.57,114.16,113.78,113.57,113.42,113.27,113.11,112.95,112.80,112.65,112.49,112.34,112.18,112.03,111.88,111.74,111.58,111.43,111.27,111.13,110.97,110.86,110.74,110.58,110.43,110.28,110.12,109.63,108.08,106.38,104.82,103.39,102.14,101.69,102.33,103.01,103.31,103.49,103.71,103.94,104.17,104.42,104.66,104.89,105.15,105.45,105.69,105.93,106.20,106.64,107.50,108.59,109.75,111.12,112.94,115.26,118.34,120.28,120.54,120.79,120.97,121.03,121.06,121.18,121.28,121.35,121.41,121.47,121.44,121.30,121.11,120.85,120.55,120.31,116.86,111.76,107.58,104.96,104.79,106.20,108.40,109.73,110.00,110.03,110.06,110.01,110.00,110.00,109.97,109.25,105.72,103.97,104.27,106.09,108.00,108.17,108.09,108.04,107.81,107.19,106.63,106.06,105.14,103.17,100.75,97.33,93.38,90.36,89.69,89.55,89.52,89.64,90.00,90.94,92.95,96.17,99.95,101.60,102.59,103.44,104.14,104.54,104.85,105.09,105.03,104.08,103.16,102.31,101.44,100.32,98.86,98.20,97.98,96.80,91.22,89.62,89.42,89.16,88.80,88.48,88.20,87.91,87.56,87.36,87.50,87.81,88.18,88.62,89.66,91.93,95.43,99.57,101.22,102.48,102.32,99.59,97.44,97.14,98.11,99.63,100.27,100.60,100.88,101.15,101.34,101.28,100.97,100.58,100.05,98.99,97.03,95.02,93.20,90.87,84.60,81.14,80.53,81.54,82.81,87.59,91.20,92.12,92.70,92.93,92.74,92.16,91.11,89.12,88.13,86.25,82.53,79.73,78.70,78.21,77.73,77.23,77.38,78.00,78.95,80.64,84.63,85.92,86.09,86.17,86.51,86.95,87.84,89.10,90.53,91.78,91.24,89.74,87.94,86.19,86.53,88.23,90.46,92.04,93.63,95.26,96.12,95.30,93.84,92.35,90.96,89.68,88.50,87.69,87.19,86.65,85.61,84.44,83.15,82.03,81.32,81.00,80.58,80.27,80.25,80.79,81.10,80.70,79.95,79.28,78.64,78.07,77.56,77.07
115.27,115.14,115.00,114.86,114.74,114.68,114.66,114.60,114.44,114.15,113.78,113.57,113.42,113.27,113.11,112.95,112.80,112.65,112.49,112.34,112.18,112.03,111.89,111.79,111.65,111.50,111.34,111.19,111.03,110.88,110.74,110.58,110.43,110.28,110.12,109.68,108.31,106.77,105.30,103.88,102.71,103.00,103.97,104.75,105.09,105.32,105.55,105.78,106.03,106.32,106.56,106.79,107.05,107.35,107.59,107.87,108.17,108.61,109.54,111.32,113.44,115.75,118.04,119.17,120.14,120.73,120.88,121.16,121.39,121.45,121.41,121.45,121.58,121.63,121.66,121.71,121.59,121.39,121.17,120.92,120.61,120.37,118.66,114.68,108.53,105.66,104.80,105.71,108.02,109.66,110.00,110.00,110.01,110.00,110.00,110.00,109.88,109.13,106.54,104.39,104.22,105.86,107.36,107.30,107.13,107.09,106.87,106.29,105.64,104.94,104.16,103.20,101.09,97.47,93.22,90.34,89.74,89.71,89.77,90.08,91.50,94.91,98.11,100.35,102.06,103.26,104.32,105.26,105.84,105.71,105.16,104.56,104.02,103.17,102.35,101.50,100.14,97.27,93.03,91.39,91.23,90.87,89.63,89.14,88.91,88.66,88.35,88.03,87.84,87.74,87.71,87.88,88.20,88.55,88.89,89.44,91.93,95.80,99.73,101.60,102.76,103.13,102.23,99.78,97.78,97.97,99.00,100.04,100.50,100.88,101.17,101.41,101.58,101.43,101.09,100.68,100.17,99.38,97.75,95.97,94.23,92.34,89.72,86.72,85.73,88.42,89.72,91.54,93.09,93.81,93.46,92.70,91.87,91.04,89.59,84.16,81.61,80.48,79.26,78.26,77.63,77.16,76.80,76.66,77.41,78.31,79.57,82.12,87.79,88.65,87.98,87.59,87.37,87.50,88.34,89.80,91.58,92.63,91.36,89.47,88.17,87.11,87.84,89.61,91.69,93.16,94.85,96.44,96.89,95.24,93.46,91.73,90.22,89.00,87.90,86.87,85.90,84.93,83.86,82.76,82.44,82.77,83.38,83.27,83.06,82.94,83.06,83.67,83.88,83.09,81.77,80.51,79.54,78.90,78.36,77.84
115.27,115.12,114.97,114.81,114.66,114.56,114.48,114.38,114.24,114.06,113.76,113.57,113.42,113.27,113.11,112.99,112.85,112.70,112.54,112.39,112.23,112.08,111.93,111.81,111.66,111.51,111.35,111.20,111.05,110.89,110.74,110.58,110.43,110.28,110.12,109.74,108.63,107.22,105.77,104.40,103.49,104.48,105.66,106.48,106.87,107.14,107.38,107.64,107.90,108.20,108.63,109.26,109.80,109.93,109.47,109.53,110.24,111.58,113.53,115.56,117.25,118.75,120.11,120.67,121.01,121.25,121.40,121.57,121.78,121.86,121.82,121.80,121.86,121.92,121.94,121.90,121.69,121.46,121.23,120.98,120.68,120.44,119.63,116.31,109.29,106.27,104.75,104.92,106.68,107.75,107.50,108.43,110.00,110.00,110.00,109.95,109.70,108.89,106.84,104.68,104.27,105.58,106.60,106.41,106.21,106.14,105.92,105.39,104.72,104.00,103.25,102.54,101.05,97.73,93.47,90.61,89.90,91.05,92.92,94.70,96.20,98.80,101.13,102.71,103.91,105.01,105.62,105.76,105.48,104.89,104.07,103.31,102.71,102.05,101.33,99.42,96.50,93.47,90.58,89.48,89.29,89.11,88.94,88.76,88.60,88.47,88.32,88.18,88.09,88.03,88.07,88.34,88.71,89.09,89.88,92.31,95.59,98.93,101.68,102.95,103.57,103.15,101.87,99.99,98.48,98.83,99.68,100.35,100.75,101.13,101.45,101.71,101.86,101.60,101.22,100.82,100.37,99.79,98.33,96.59,94.81,93.03,91.56,90.06,89.82,91.88,93.13,93.62,93.67,93.33,92.48,91.20,88.41,85.56,84.62,81.12,79.28,78.46,77.81,77.16,76.69,76.47,76.53,76.88,77.81,78.73,81.00,85.81,89.95,90.31,89.49,88.78,88.28,88.23,89.11,90.88,93.10,93.43,91.64,89.68,88.74,88.12,88.66,90.66,93.37,95.00,96.66,97.44,96.94,94.99,93.13,91.30,89.73,88.48,87.33,86.23,85.13,84.03,83.10,82.81,83.33,84.30,85.35,85.73,86.03,86.33,86.64,86.98,86.77,85.71,84.13,82.46,81.05,79.88,79.03,78.45
115.27,115.12,114.97,114.81,114.66,114.50,114.35,114.20,114.08,113.97,113.77,113.59,113.43,113.28,113.13,113.03,112.90,112.74,112.59,112.44,112.28,112.13,111.97,111.82,111.66,111.51,111.35,111.20,111.05,110.90,110.75,110.60,110.44,110.29,110.14,109.83,108.99,107.71,106.29,104.99,104.41,106.01,107.55,108.70,109.46,109.98,110.30,110.60,110.88,111.17,111.74,112.68,113.32,113.03,111.59,111.14,112.20,114.61,117.50,119.47,120.43,120.84,121.13,121.37,121.59,121.82,122.00,122.03,122.19,122.28,122.26,122.19,122.17,122.19,122.18,122.05,121.78,121.53,121.30,121.04,120.74,120.49,120.18,117.28,109.90,106.77,104.75,104.33,105.53,105.91,105.27,107.09,110.00,110.00,109.96,109.79,109.39,108.54,106.96,104.93,104.36,105.29,105.81,105.53,105.29,105.19,104.99,104.49,103.84,103.13,102.44,101.78,100.94,98.33,94.59,91.92,90.91,93.16,96.74,99.73,101.05,102.19,103.32,104.44,105.58,106.38,106.27,105.47,104.32,103.35,102.48,101.76,101.19,100.64,99.78,96.79,92.61,90.21,89.52,89.24,89.02,88.84,88.71,88.59,88.52,88.52,88.52,88.57,88.54,88.49,88.51,88.78,89.14,89.86,91.64,95.81,99.23,101.44,102.81,104.02,104.06,103.03,101.59,100.30,99.31,99.66,100.26,100.65,101.03,101.41,101.76,102.03,102.13,101.76,101.33,100.94,100.55,100.11,98.77,97.04,95.21,93.50,92.50,92.54,93.19,94.06,94.91,94.50,93.36,91.88,90.53,88.79,84.47,80.07,79.75,79.16,78.49,77.84,77.22,76.56,76.21,76.26,76.70,77.44,78.37,79.64,83.11,89.56,91.61,91.66,91.01,90.14,89.52,89.44,90.43,92.44,94.83,94.29,92.14,90.25,89.59,89.49,90.06,92.32,95.50,97.09,98.47,98.26,96.81,94.75,92.84,90.97,89.36,88.06,86.82,85.68,84.58,83.58,83.01,83.59,84.72,86.01,87.20,88.07,88.80,89.43,89.86,89.85,89.25,88.01,86.27,84.19,82.35,80.62,79.36,78.58
115.27,115.12,114.97,114.81,114.66,114.50,114.34,114.19,114.07,113.99,113.87,113.67,113.50,113.34,113.19,113.05,112.90,112.74,112.59,112.44,112.28,112.13,111.97,111.82,111.66,111.51,111.35,111.20,111.05,110.93,110.82,110.66,110.51,110.35,110.20,109.95,109.39,108.29,106.95,105.81,105.61,107.58,110.08,112.63,114.91,116.40,117.06,117.44,117.73,117.98,118.36,118.78,118.62,117.23,114.62,112.88,113.73,116.69,119.15,120.42,121.18,121.67,121.89,122.07,122.25,122.45,122.63,122.65,122.69,122.72,122.70,122.63,122.56,122.44,122.27,122.08,121.89,121.62,121.36,121.11,120.80,120.51,120.21,117.42,110.23,106.96,105.04,104.83,106.17,106.52,106.96,108.39,110.00,109.97,109.78,109.29,108.66,107.97,107.00,105.16,104.46,105.03,105.02,104.64,104.38,104.25,104.09,103.60,102.95,102.37,101.95,101.53,101.03,99.93,98.32,96.59,94.81,96.60,99.55,101.33,102.64,103.92,105.11,106.15,106.91,106.30,105.15,103.90,102.73,101.62,100.79,100.04,99.27,98.45,96.66,93.66,90.61,89.74,89.41,89.14,88.95,88.95,88.97,88.98,89.02,89.07,89.07,89.09,89.05,88.96,88.90,89.16,89.52,91.61,95.83,99.13,101.16,102.61,103.86,104.88,104.36,103.18,101.92,100.93,100.19,100.36,100.75,101.08,101.41,101.79,102.16,102.41,102.30,101.89,101.40,100.94,100.55,100.13,98.91,97.27,95.53,94.14,94.09,94.62,95.29,95.73,94.98,93.34,91.51,89.60,87.21,84.68,81.90,79.71,79.28,78.73,78.19,77.78,77.54,77.30,77.18,77.31,77.70,78.32,79.06,82.19,86.70,90.83,92.63,93.15,92.98,92.40,91.92,92.05,93.31,95.27,96.76,95.41,93.21,91.48,91.03,92.01,94.03,96.51,98.67,99.16,99.52,98.64,96.85,94.72,92.63,90.71,89.08,87.72,86.43,85.17,84.16,83.70,84.16,84.86,86.03,87.41,88.74,89.67,90.30,90.70,90.88,90.69,90.17,88.94,86.96,84.31,82.22,80.27,78.58,77.20
115.23,115.08,114.95,114.81,114.66,114.53,114.39,114.23,114.10,114.03,113.98,113.81,113.63,113.47,113.29,113.10,112.94,112.78,112.59,112.44,112.28,112.14,112.01,111.86,111.70,111.55,111.39,111.24,111.08,110.96,110.84,110.68,110.53,110.38,110.22,110.02,109.63,108.71,107.54,106.54,106.56,109.34,113.17,116.60,119.04,120.44,121.13,121.59,121.96,122.20,122.44,122.31,121.29,119.06,116.31,114.23,114.80,117.57,119.75,120.81,121.63,122.27,122.57,122.80,122.97,123.15,123.31,123.34,123.23,123.06,122.90,122.73,122.59,122.41,122.20,121.98,121.81,121.59,121.37,121.17,120.86,120.56,120.25,117.58,110.68,107.20,105.27,105.37,107.24,107.95,108.62,109.39,109.95,109.74,109.28,108.61,107.90,107.25,106.59,105.20,104.49,104.58,104.25,104.03,103.94,103.93,103.88,103.63,103.15,102.71,102.40,102.08,101.64,101.05,100.31,99.36,97.94,99.14,101.19,102.44,103.72,105.08,106.36,107.23,107.00,105.55,103.88,102.34,101.13,100.09,99.11,98.11,97.06,95.99,93.98,91.65,89.81,89.57,89.34,89.15,89.08,89.16,89.30,89.41,89.69,90.08,90.25,90.26,89.88,89.42,89.32,89.52,90.45,93.48,98.43,100.84,102.31,103.55,104.72,105.48,104.76,103.64,102.57,101.71,101.02,101.09,101.40,101.71,102.02,102.37,102.66,102.74,102.41,101.91,101.38,100.88,100.44,99.98,98.78,97.29,95.92,95.23,95.59,96.02,96.16,95.72,94.22,92.25,90.30,88.36,85.88,83.40,81.43,80.07,79.36,78.90,78.53,78.32,78.30,78.25,78.27,78.44,78.88,79.78,81.04,84.87,89.19,91.62,93.16,94.11,94.64,94.84,94.97,95.39,96.46,97.78,98.34,96.61,94.36,92.88,93.00,94.68,97.00,98.93,100.02,100.03,99.96,98.81,96.84,94.47,92.14,90.22,88.67,87.36,86.05,84.81,84.22,84.41,85.38,86.22,87.34,88.65,89.93,90.87,91.42,91.53,91.28,90.86,90.27,88.73,86.33,83.43,81.32,79.43,77.65,76.02
115.19,115.04,114.94,114.82,114.69,114.59,114.45,114.29,114.17,114.11,114.10,113.98,113.82,113.65,113.42,113.20,113.02,112.84,112.62,112.46,112.30,112.17,112.07,111.91,111.76,111.60,111.45,111.29,111.14,110.99,110.84,110.68,110.53,110.38,110.22,110.04,109.76,108.99,108.03,107.15,107.26,110.95,116.04,119.97,121.84,122.68,123.23,123.79,124.29,124.53,124.72,124.03,122.18,119.29,117.04,115.29,115.58,117.69,119.75,120.93,121.92,122.74,123.20,123.51,123.71,123.85,123.94,123.95,123.67,123.28,122.89,122.59,122.37,122.19,122.00,121.78,121.62,121.45,121.33,121.19,120.91,120.62,120.31,117.78,111.22,107.46,105.46,105.88,108.40,109.63,109.93,109.95,109.83,109.33,108.57,107.83,107.11,106.44,105.87,105.04,104.41,104.06,103.68,103.77,103.97,104.13,104.20,104.32,104.11,103.78,103.47,103.15,102.59,101.81,101.04,100.63,100.21,100.88,102.09,103.32,104.56,105.91,107.19,107.76,106.28,104.49,102.66,100.98,99.67,98.76,97.65,96.41,95.16,93.89,92.05,90.59,89.76,89.53,89.30,89.26,89.33,89.45,89.76,90.13,90.84,91.81,92.28,92.29,91.40,90.31,90.05,90.19,91.86,95.30,99.70,101.45,102.97,104.35,105.44,105.91,105.26,104.33,103.41,102.56,101.80,101.85,102.16,102.47,102.78,103.06,103.17,103.02,102.49,101.91,101.35,100.80,100.28,99.74,98.55,97.31,96.49,96.61,96.89,96.83,96.15,94.68,93.08,91.39,89.73,88.07,86.11,84.17,82.40,80.86,79.80,79.53,79.50,79.55,79.66,79.68,79.77,79.96,80.46,81.75,83.88,87.46,90.78,92.21,93.49,94.75,96.00,97.18,98.08,98.75,99.33,99.74,99.52,97.74,95.49,94.29,95.14,97.16,98.97,99.92,100.10,100.09,100.02,98.89,96.81,94.15,91.53,89.65,88.23,87.03,85.76,84.64,84.61,85.46,86.52,87.52,88.62,89.76,90.90,91.83,92.23,91.98,91.27,90.56,89.72,87.67,84.82,81.95,79.97,78.28,76.65,75.03
115.23,115.09,115.00,114.88,114.75,114.66,114.51,114.36,114.25,114.23,114.22,114.14,114.01,113.84,113.61,113.42,113.23,113.01,112.79,112.58,112.41,112.25,112.08,111.92,111.77,111.61,111.45,111.30,111.15,110.99,110.84,110.68,110.53,110.38,110.22,110.07,109.88,109.14,108.25,107.48,107.59,110.92,115.82,120.03,122.70,124.39,125.25,125.91,126.50,126.86,127.09,126.00,123.38,119.71,117.74,116.23,116.32,117.96,119.83,121.04,122.12,123.11,123.80,124.11,124.37,124.38,124.09,123.82,123.53,123.17,122.76,122.37,122.12,121.93,121.75,121.53,121.37,121.18,121.06,121.02,120.90,120.66,120.34,117.96,111.78,107.62,105.64,106.24,108.84,109.90,110.10,109.89,109.44,108.76,107.93,107.08,106.28,105.57,105.01,104.38,104.02,104.00,104.12,104.45,104.75,104.93,105.04,105.31,105.17,104.84,104.50,104.21,103.51,102.63,101.80,101.29,101.16,101.88,103.03,104.26,105.45,106.75,107.62,107.50,105.76,103.87,102.06,100.38,98.96,97.88,97.20,96.62,95.91,94.88,92.28,90.46,89.80,89.58,89.39,89.41,89.54,89.82,90.83,92.50,94.31,95.91,96.80,96.71,95.46,93.70,92.46,92.73,93.91,96.47,100.08,101.88,103.52,104.97,106.03,106.32,105.92,105.16,104.28,103.39,102.58,102.61,102.92,103.23,103.52,103.63,103.47,103.12,102.62,102.06,101.47,100.88,100.26,99.50,98.66,98.03,97.75,97.84,97.60,96.86,95.68,94.16,92.64,91.10,89.94,89.01,87.27,85.47,83.81,82.30,81.02,80.73,81.52,82.47,82.96,83.10,83.37,83.56,83.72,84.41,86.67,89.46,91.80,93.07,94.35,95.66,97.01,98.32,99.30,99.73,100.00,100.14,99.78,98.25,96.19,95.26,96.41,98.30,99.56,100.10,100.17,100.16,100.05,98.97,96.94,94.15,91.37,89.53,88.17,87.01,85.86,84.89,85.08,86.14,87.23,88.33,89.59,90.83,91.91,92.81,92.50,91.68,90.74,89.82,88.29,85.91,83.12,80.53,78.72,77.15,75.62,74.09
115.30,115.15,115.06,114.94,114.80,114.72,114.58,114.44,114.35,114.35,114.35,114.31,114.20,114.03,113.80,113.64,113.44,113.20,112.97,112.76,112.58,112.38,112.16,111.98,111.82,111.66,111.48,111.31,111.17,111.02,110.87,110.71,110.56,110.41,110.25,110.11,109.95,109.25,108.42,107.75,107.95,110.74,115.26,119.57,122.86,125.30,126.80,127.84,128.57,128.92,129.10,128.04,125.30,121.24,119.01,117.52,117.18,118.09,119.96,121.22,122.37,123.47,124.36,124.71,124.85,124.60,123.95,123.41,123.12,122.82,122.47,122.09,121.86,121.68,121.50,121.28,121.09,120.89,120.78,120.77,120.77,120.62,120.33,118.04,112.04,107.77,105.76,106.37,108.94,109.89,109.96,109.55,108.89,108.11,107.27,106.38,105.52,104.80,104.39,104.09,104.07,104.37,104.84,105.31,105.65,105.84,105.96,106.31,106.21,105.89,105.53,105.19,104.38,103.45,102.57,101.91,101.98,102.82,104.00,105.21,106.37,107.61,108.05,107.32,105.58,103.75,102.00,100.39,98.99,98.02,97.78,97.76,97.59,96.86,93.79,91.17,89.85,89.64,89.50,89.55,89.69,90.20,92.42,95.22,97.65,99.36,100.36,100.24,99.08,97.32,95.71,95.75,96.31,97.88,100.50,102.33,104.06,105.57,106.61,106.69,106.45,105.88,105.12,104.23,103.37,103.37,103.66,103.94,104.09,104.00,103.65,103.20,102.74,102.22,101.63,101.04,100.41,99.67,99.05,98.77,98.70,98.45,97.77,96.69,95.35,93.89,92.42,91.02,90.20,89.79,88.50,86.89,85.35,83.89,82.56,82.27,83.59,85.19,86.23,86.82,87.22,87.19,86.92,87.20,89.07,91.12,92.86,94.18,95.49,96.79,98.06,99.20,99.94,100.17,100.25,100.24,99.85,98.53,96.89,96.32,97.56,99.09,99.87,100.18,100.25,100.22,100.08,99.31,97.68,95.04,92.19,89.93,88.30,87.17,86.10,85.24,85.56,86.71,87.83,88.97,90.42,91.88,92.96,93.37,92.43,91.15,89.93,88.66,86.64,84.18,81.69,79.61,78.06,76.61,75.16,73.69
115.37,115.22,115.13,115.00,114.87,114.78,114.64,114.53,114.48,114.48,114.48,114.47,114.39,114.22,114.00,113.83,113.63,113.39,113.17,113.00,112.79,112.57,112.34,112.12,111.95,111.75,111.53,111.33,111.22,111.08,110.93,110.77,110.62,110.46,110.31,110.16,109.96,109.34,108.56,108.02,108.40,110.69,114.88,119.09,122.48,125.29,127.72,129.44,130.38,130.55,130.54,130.04,127.99,124.08,121.05,119.33,118.24,118.11,120.14,121.51,122.69,123.84,124.85,125.29,125.09,124.45,123.55,122.83,122.49,122.25,121.99,121.75,121.58,121.42,121.25,121.02,120.79,120.62,120.50,120.47,120.52,120.45,120.26,117.98,111.92,107.92,105.80,106.23,108.77,109.77,109.62,108.99,108.19,107.41,106.57,105.72,104.89,104.22,104.19,104.41,104.75,105.21,105.72,106.20,106.56,106.80,106.91,107.26,107.20,106.93,106.57,106.04,105.20,104.27,103.34,102.59,102.89,103.83,104.99,106.16,107.32,108.47,108.56,107.42,105.86,104.22,102.58,101.05,99.88,99.43,99.46,99.67,99.81,99.38,96.41,92.74,89.93,89.72,89.62,89.64,89.79,90.70,94.58,98.03,100.30,101.48,102.20,102.19,101.59,100.65,99.58,99.00,99.01,99.75,101.24,102.90,104.64,106.17,107.17,107.05,106.77,106.41,105.89,105.10,104.21,104.12,104.34,104.55,104.43,104.13,103.72,103.27,102.86,102.34,101.79,101.25,100.74,100.32,99.71,99.34,99.07,98.27,97.38,96.43,95.28,93.83,92.36,91.10,90.36,90.09,89.56,88.32,86.92,85.52,84.30,84.11,85.45,87.30,88.97,90.41,90.85,90.42,89.73,90.07,91.05,92.50,94.08,95.56,96.89,98.13,99.20,99.96,100.24,100.40,100.39,100.24,99.87,98.69,97.66,97.57,98.70,99.69,100.08,100.27,100.36,100.29,100.15,99.93,99.09,96.97,94.17,90.91,88.57,87.48,86.42,85.64,86.00,87.17,88.37,89.48,91.15,92.88,93.96,93.31,91.96,90.42,88.82,87.05,84.92,82.66,80.67,79.32,78.16,76.83,75.40,73.95
115.43,115.28,115.19,115.07,114.94,114.85,114.75,114.66,114.61,114.61,114.61,114.61,114.55,114.41,114.19,114.02,113.81,113.60,113.41,113.21,112.99,112.76,112.54,112.34,112.15,111.93,111.71,111.53,111.36,111.17,110.98,110.78,110.63,110.47,110.32,110.16,109.97,109.43,108.88,108.57,108.91,110.57,114.41,118.55,122.11,125.09,127.91,129.88,130.91,131.03,130.94,130.68,129.23,126.16,123.53,121.50,119.76,118.93,120.60,121.88,123.06,124.22,125.25,125.60,125.03,124.12,123.14,122.31,121.89,121.62,121.41,121.28,121.19,121.13,120.99,120.76,120.53,120.36,120.25,120.21,120.31,120.30,120.09,117.81,111.84,107.95,105.83,106.16,108.50,109.32,108.97,108.26,107.50,106.71,105.83,105.03,104.49,104.41,104.78,105.21,105.65,106.11,106.57,107.07,107.45,107.70,107.85,108.17,108.19,108.01,107.65,106.92,106.02,105.05,104.03,103.18,103.74,104.80,105.95,107.11,108.26,109.03,108.97,108.05,106.78,105.22,103.65,102.36,101.69,101.58,101.47,101.19,100.72,100.08,97.57,94.10,90.94,89.97,89.77,89.79,90.49,92.77,97.09,100.00,101.88,103.10,103.87,104.00,103.62,102.93,102.11,101.61,101.45,101.85,102.93,104.24,105.62,106.85,107.62,107.38,107.08,106.77,106.38,105.83,105.06,104.92,104.96,104.91,104.59,104.21,103.78,103.34,102.94,102.45,101.96,101.48,101.03,100.58,100.04,99.46,98.81,97.92,97.00,96.08,95.05,93.79,92.35,91.18,90.50,90.26,89.95,89.08,87.90,86.60,85.51,85.50,86.75,88.55,90.44,92.32,93.19,93.21,92.91,93.20,93.70,94.42,95.47,96.95,98.28,99.22,99.89,100.34,100.53,100.60,100.47,100.24,99.91,99.00,98.47,98.65,99.48,100.00,100.20,100.33,100.43,100.36,100.25,100.13,99.74,98.59,96.20,91.89,88.76,87.73,86.65,86.01,86.39,87.49,88.67,89.97,92.09,93.72,93.73,92.34,90.78,89.13,87.41,85.63,83.71,81.73,80.07,79.06,78.14,76.93,75.55,74.10
115.49,115.34,115.25,115.13,115.00,114.92,114.86,114.79,114.75,114.73,114.73,114.73,114.69,114.58,114.38,114.21,114.01,113.80,113.64,113.41,113.18,112.95,112.75,112.57,112.35,112.12,111.91,111.75,111.52,111.29,111.07,110.86,110.68,110.52,110.35,110.19,110.00,109.58,109.35,109.34,109.64,110.71,114.06,118.04,121.74,124.79,127.79,129.93,131.05,131.19,131.10,130.95,130.04,127.97,125.94,123.60,121.35,120.04,121.23,122.43,123.59,124.74,125.70,125.75,124.86,123.74,122.72,121.83,121.31,121.00,120.82,120.78,120.77,120.78,120.71,120.48,120.10,119.52,119.17,119.25,119.76,119.98,119.57,117.16,111.63,107.83,105.77,105.90,107.85,108.56,108.22,107.55,106.80,106.00,105.13,104.55,104.44,104.91,105.57,106.12,106.60,107.03,107.45,107.95,108.34,108.61,108.81,109.12,109.26,109.14,108.65,107.72,106.76,105.72,104.64,103.79,104.59,105.75,106.92,108.05,109.08,109.47,109.30,108.69,107.70,106.32,104.88,103.74,103.30,103.09,102.55,101.73,100.77,99.93,97.93,95.02,92.00,90.35,90.11,90.27,91.61,95.07,99.31,101.64,103.20,104.52,105.50,105.78,105.53,104.98,104.40,104.07,103.78,104.00,104.95,105.94,106.84,107.59,108.02,107.70,107.40,107.09,106.78,106.42,105.82,105.59,105.43,105.13,104.67,104.27,103.83,103.35,102.92,102.44,101.94,101.48,101.03,100.48,99.95,99.21,98.28,97.43,96.54,95.64,94.72,93.67,92.31,91.25,90.63,90.40,90.16,89.62,88.71,87.61,86.69,86.78,87.93,89.66,91.68,93.77,95.17,95.86,96.09,96.30,96.49,96.63,97.12,98.32,99.44,100.03,100.36,100.59,100.80,100.77,100.55,100.27,99.99,99.40,99.25,99.52,100.04,100.21,100.31,100.42,100.50,100.42,100.33,100.21,100.09,99.63,97.28,92.37,88.84,87.88,86.82,86.37,86.80,87.80,88.92,90.47,93.07,94.45,93.09,91.15,89.46,87.79,86.08,84.42,82.76,81.09,79.68,78.84,78.03,76.97,75.68,74.24
115.56,115.41,115.31,115.19,115.06,114.99,114.97,114.95,114.92,114.87,114.86,114.86,114.82,114.72,114.55,114.40,114.20,113.99,113.83,113.60,113.37,113.17,112.99,112.77,112.54,112.31,112.10,111.94,111.71,111.48,111.28,111.10,110.89,110.67,110.45,110.25,110.09,109.87,110.04,110.43,110.87,111.53,114.09,117.62,121.36,124.41,127.37,129.68,131.08,131.31,131.27,131.14,130.67,129.58,127.84,125.25,122.81,121.39,122.15,123.34,124.51,125.60,126.41,125.71,124.56,123.35,122.23,121.37,120.73,120.39,120.28,120.32,120.33,120.37,120.37,120.13,119.23,117.20,116.02,116.47,118.29,119.21,118.22,115.41,111.10,107.44,105.42,105.14,106.31,107.21,107.43,106.95,106.08,105.26,104.51,104.61,105.14,105.72,106.34,106.99,107.52,107.93,108.38,108.86,109.23,109.53,109.82,110.19,110.51,110.32,109.42,108.37,107.27,106.14,105.09,104.52,105.50,106.74,107.91,108.93,109.62,109.75,109.54,109.04,108.22,107.31,106.17,104.94,103.79,102.52,101.10,100.06,99.54,98.80,97.24,95.00,92.59,90.99,90.84,91.54,93.44,96.92,100.61,102.97,104.56,105.81,107.09,107.55,107.45,107.16,106.98,106.53,106.05,106.16,107.10,108.06,108.38,108.43,108.33,108.03,107.72,107.41,107.09,106.77,106.34,105.94,105.57,105.19,104.74,104.34,103.83,103.25,102.67,102.08,101.50,100.91,100.33,99.72,99.03,98.30,97.52,96.68,95.87,95.11,94.30,93.33,92.19,91.30,90.75,90.53,90.36,90.06,89.54,88.82,88.10,88.09,89.17,90.96,93.17,95.21,97.08,98.38,99.04,99.15,99.20,99.20,99.29,99.63,100.00,100.30,100.55,100.78,100.98,100.87,100.64,100.40,100.17,99.96,99.91,100.02,100.24,100.35,100.48,100.56,100.56,100.48,100.35,100.24,100.13,99.45,95.96,91.61,88.72,87.78,86.87,86.73,87.25,88.15,89.22,91.01,93.98,94.97,92.27,89.95,88.27,86.73,85.16,83.64,82.14,80.73,79.56,78.70,77.81,76.94,75.81,74.42
115.62,115.47,115.38,115.26,115.13,115.09,115.09,115.09,115.07,115.03,115.00,114.99,114.97,114.90,114.74,114.59,114.39,114.18,114.02,113.79,113.59,113.39,113.19,112.96,112.73,112.52,112.33,112.13,111.91,111.67,111.47,111.30,111.08,110.85,110.63,110.44,110.27,110.32,110.87,111.72,112.61,113.37,114.96,117.58,120.99,123.99,126.94,129.39,131.01,131.34,131.36,131.26,131.03,130.48,129.30,127.44,125.42,123.93,124.19,124.94,125.75,126.35,126.38,125.31,124.10,122.90,121.75,120.73,119.60,118.77,118.40,118.59,118.79,118.77,118.54,117.92,116.24,113.21,111.74,112.74,115.38,116.56,115.67,113.33,110.22,107.58,105.84,105.22,105.61,105.93,106.34,106.23,105.61,104.88,104.70,105.20,105.93,106.58,107.20,107.85,108.41,108.89,109.47,110.18,110.66,110.95,111.24,111.62,111.75,111.23,110.00,108.81,107.67,106.53,105.56,105.33,106.39,107.65,108.80,109.73,110.23,110.21,109.86,109.23,108.29,107.17,105.84,104.39,102.92,101.36,99.88,98.88,98.38,97.64,96.39,94.72,92.96,91.83,92.18,93.22,95.17,98.40,101.75,104.40,106.28,107.54,108.60,108.94,108.92,108.83,108.79,108.50,108.19,108.20,108.65,109.11,109.09,108.90,108.65,108.34,108.03,107.72,107.30,106.68,106.02,105.50,105.10,104.72,104.26,103.77,103.20,102.59,101.97,101.36,100.71,100.06,99.41,98.75,98.03,97.37,96.71,95.88,95.09,94.35,93.58,92.77,91.99,91.46,91.10,90.89,90.73,90.54,90.24,89.82,89.38,89.70,90.85,92.63,94.86,96.87,98.53,99.62,100.13,100.17,100.18,100.15,100.14,100.20,100.34,100.50,100.70,100.93,101.13,100.99,100.78,100.58,100.40,100.31,100.28,100.33,100.44,100.52,100.63,100.64,100.53,100.42,100.30,100.18,99.69,97.94,93.44,90.28,88.50,87.70,87.04,87.16,87.77,88.59,89.70,92.35,94.39,94.05,90.98,89.07,87.63,86.21,84.71,83.24,81.83,80.56,79.46,78.58,77.69,76.83,75.84,74.69
115.68,115.53,115.44,115.32,115.22,115.22,115.22,115.22,115.22,115.20,115.14,115.13,115.12,115.08,114.93,114.77,114.57,114.37,114.20,113.98,113.81,113.62,113.39,113.16,112.93,112.74,112.55,112.33,112.09,111.87,111.67,111.50,111.27,111.05,110.85,110.67,110.50,110.80,111.63,112.82,114.16,115.23,116.05,117.76,120.63,123.52,126.41,128.97,130.79,131.26,131.34,131.28,131.17,130.92,130.30,129.36,127.98,126.61,126.42,126.61,126.91,126.87,126.02,124.75,123.52,122.35,121.16,119.81,118.04,116.62,115.91,116.14,116.46,116.31,115.80,114.81,112.62,109.21,107.79,109.20,112.11,113.27,112.76,111.25,109.34,107.91,106.59,105.70,105.36,105.03,105.45,105.61,105.28,104.78,105.23,105.95,106.71,107.43,108.07,108.72,109.38,110.05,110.82,111.83,112.41,112.66,112.88,113.21,112.93,111.97,110.47,109.14,108.01,106.91,106.05,106.11,107.25,108.50,109.61,110.45,110.88,110.70,110.14,109.27,108.04,106.51,104.87,103.21,101.61,100.08,98.86,97.94,97.25,96.45,95.43,94.27,93.19,92.76,93.73,95.01,96.84,99.69,102.83,105.83,108.00,109.20,109.82,109.96,110.00,110.03,110.02,109.94,109.90,109.84,109.74,109.64,109.45,109.21,108.95,108.64,108.30,107.91,107.29,106.32,105.34,104.75,104.35,104.00,103.52,102.93,102.32,101.70,101.08,100.43,99.72,99.00,98.30,97.66,96.98,96.41,95.86,95.06,94.28,93.56,92.91,92.37,92.02,91.87,91.70,91.46,91.28,91.09,90.92,90.71,90.57,91.38,92.67,94.39,96.52,98.46,99.63,100.22,100.43,100.44,100.44,100.43,100.43,100.46,100.59,100.69,100.84,101.06,101.26,101.12,100.94,100.79,100.64,100.56,100.53,100.55,100.63,100.71,100.76,100.66,100.46,100.31,100.21,99.86,98.59,95.53,90.80,88.99,88.28,87.67,87.32,87.67,88.32,89.13,90.46,94.02,94.53,92.59,89.67,88.35,87.18,85.88,84.44,83.01,81.68,80.46,79.36,78.46,77.59,76.69,75.78,74.89
115.75,115.59,115.51,115.41,115.34,115.34,115.34,115.34,115.34,115.34,115.32,115.31,115.29,115.22,115.11,114.92,114.73,114.56,114.39,114.17,114.00,113.81,113.58,113.34,113.16,112.97,112.75,112.52,112.28,112.09,111.90,111.69,111.46,111.27,111.08,110.86,110.71,111.18,111.93,112.89,114.16,115.48,116.72,118.25,120.30,122.93,125.59,128.09,130.05,130.87,131.08,131.02,130.90,130.72,130.18,129.30,128.45,127.85,127.61,127.41,127.24,126.74,125.53,124.10,122.77,121.55,120.18,118.01,115.73,114.06,113.16,113.02,112.83,112.46,111.94,111.18,109.97,107.90,107.00,107.89,109.88,110.50,110.30,109.72,108.99,108.27,107.38,106.38,105.53,105.50,105.80,105.57,105.07,105.14,105.69,106.42,107.25,108.13,108.88,109.69,110.72,111.89,112.98,114.11,114.60,114.69,114.76,114.86,113.92,112.45,110.84,109.42,108.27,107.27,106.57,106.70,107.97,109.21,110.24,111.04,111.50,111.11,110.18,108.86,107.31,105.66,104.00,102.34,100.72,99.35,98.16,97.10,96.16,95.22,94.30,93.56,93.20,93.66,95.04,96.61,98.43,100.83,103.91,107.11,109.16,109.85,110.10,110.19,110.23,110.24,110.23,110.17,110.14,110.10,110.01,109.96,109.77,109.50,109.21,108.88,108.39,107.56,106.60,105.64,104.65,104.01,103.59,103.22,102.66,102.05,101.44,100.81,100.17,99.36,98.46,97.59,96.87,96.46,95.88,95.33,94.86,94.31,93.48,93.03,92.89,92.94,93.09,93.07,92.87,92.53,92.21,91.89,91.67,91.52,91.57,92.79,94.31,95.94,97.68,99.37,100.10,100.46,100.68,100.69,100.69,100.69,100.69,100.71,100.85,100.94,101.07,101.24,101.40,101.29,101.16,101.04,100.89,100.81,100.75,100.75,100.82,100.89,100.80,100.61,100.40,100.24,100.10,98.60,95.65,91.78,89.66,88.72,88.17,87.81,87.90,88.35,88.90,89.87,92.11,95.64,94.43,91.33,89.08,87.79,86.63,85.42,84.15,82.81,81.58,80.34,79.20,78.32,77.42,76.50,75.58,74.67
115.81,115.69,115.58,115.51,115.47,115.47,115.47,115.47,115.47,115.47,115.47,115.47,115.44,115.39,115.30,115.09,114.91,114.74,114.56,114.35,114.19,114.00,113.77,113.54,113.37,113.17,112.94,112.71,112.50,112.31,112.11,111.88,111.65,111.48,111.28,111.07,111.00,111.56,112.27,113.09,114.14,115.46,116.90,118.36,120.04,122.45,124.77,127.00,128.86,129.73,130.11,130.16,130.06,129.82,129.35,128.61,128.04,127.70,127.39,127.09,126.73,126.07,124.83,123.39,122.02,120.56,118.71,116.04,113.43,111.73,110.88,110.49,110.11,109.73,109.30,108.81,108.41,107.46,106.80,106.97,108.32,108.62,108.59,108.49,108.31,108.00,107.48,106.67,105.78,105.66,105.98,106.00,105.75,105.67,105.72,106.47,107.56,108.62,109.48,110.74,112.18,113.67,115.12,116.31,116.75,116.70,116.53,116.30,114.91,113.10,111.33,109.75,108.67,107.81,107.18,107.21,108.63,109.93,110.94,111.67,111.88,111.22,110.00,108.39,106.57,104.80,103.13,101.50,99.94,98.66,97.47,96.34,95.28,94.44,93.85,93.50,93.53,94.37,95.86,97.48,99.30,101.69,105.08,108.12,109.80,110.14,110.23,110.33,110.37,110.37,110.36,110.32,110.31,110.27,110.20,110.17,110.00,109.77,109.46,108.92,108.12,107.00,105.88,104.92,103.94,103.28,102.81,102.39,101.78,101.17,100.50,99.79,99.04,98.14,97.15,96.19,95.41,95.10,94.71,94.33,94.01,93.70,93.37,93.36,93.58,93.92,94.28,94.33,94.12,93.73,93.35,92.96,92.66,92.48,92.63,93.99,95.60,97.19,98.68,99.91,100.36,100.63,100.88,100.94,100.97,100.98,100.98,100.99,101.08,101.18,101.31,101.46,101.57,101.49,101.39,101.30,101.15,101.06,100.97,100.94,101.00,101.00,100.81,100.58,100.36,100.06,99.01,96.38,92.89,89.83,89.10,88.63,88.28,88.18,88.45,88.95,89.92,91.54,94.01,96.45,94.39,91.03,89.04,87.84,86.71,85.56,84.37,83.09,81.87,80.63,79.48,78.54,77.62,76.65,75.68,74.73
115.89,115.80,115.66,115.60,115.59,115.59,115.59,115.59,115.59,115.59,115.59,115.59,115.59,115.57,115.48,115.28,115.09,114.92,114.70,114.54,114.38,114.19,113.96,113.74,113.56,113.36,113.13,112.91,112.73,112.53,112.30,112.07,111.85,111.67,111.47,111.30,111.36,111.94,112.68,113.43,114.23,115.34,116.72,118.17,119.83,122.11,124.10,126.01,127.57,128.21,128.64,128.85,128.76,128.38,127.97,127.48,126.96,126.47,126.09,125.89,125.58,124.98,123.91,122.63,121.23,119.36,116.86,113.96,111.27,109.75,109.11,108.64,108.38,108.14,107.87,107.62,107.68,107.49,106.84,106.31,107.28,107.46,107.49,107.47,107.33,107.20,106.98,106.57,106.00,105.51,105.96,106.64,106.98,106.36,105.61,106.26,107.55,108.72,109.71,111.62,113.54,115.26,117.10,118.33,118.73,118.59,118.15,117.54,115.92,113.96,112.02,110.20,109.20,108.47,107.85,107.70,109.27,110.67,111.72,112.36,112.07,111.09,109.67,107.89,105.87,103.98,102.26,100.67,99.23,97.97,96.79,95.67,94.71,94.16,94.03,94.00,94.15,94.91,96.26,97.73,99.53,102.15,106.10,108.79,110.04,110.20,110.28,110.41,110.48,110.49,110.50,110.49,110.49,110.45,110.37,110.29,110.15,109.97,109.61,108.75,107.56,106.31,105.15,104.15,103.22,102.54,102.00,101.50,100.88,100.24,99.50,98.64,97.73,96.81,95.88,94.98,94.20,93.86,93.67,93.53,93.40,93.32,93.85,94.37,94.80,95.17,95.50,95.57,95.39,95.00,94.61,94.22,93.82,93.54,93.72,95.00,96.57,98.14,99.50,100.17,100.49,100.77,101.04,101.17,101.25,101.28,101.28,101.29,101.30,101.41,101.56,101.70,101.77,101.72,101.63,101.54,101.40,101.31,101.19,101.13,101.15,101.02,100.80,100.56,100.31,99.75,97.23,93.72,90.71,89.50,88.98,88.68,88.59,88.72,88.99,89.66,91.52,94.07,96.09,96.74,94.56,91.62,89.55,88.44,87.37,86.25,85.06,83.82,82.52,81.28,80.11,79.05,78.10,77.07,76.03,75.03
115.95,115.87,115.77,115.72,115.72,115.72,115.72,115.72,115.72,115.72,115.72,115.72,115.72,115.71,115.62,115.45,115.29,115.10,114.89,114.72,114.57,114.38,114.16,113.97,113.77,113.55,113.33,113.15,112.94,112.72,112.49,112.27,112.08,111.88,111.66,111.53,111.77,112.38,113.09,113.81,114.53,115.38,116.59,117.98,119.66,122.06,124.36,126.43,127.88,127.95,127.69,127.56,127.33,126.83,126.38,125.84,125.30,124.85,124.72,124.65,124.39,123.81,122.83,121.72,120.08,117.82,114.93,111.82,109.87,108.73,108.06,107.67,107.65,107.60,107.45,107.21,107.05,106.94,106.62,106.30,106.59,106.53,106.49,106.46,106.31,106.18,106.05,105.86,105.63,105.53,105.94,106.55,107.13,107.40,106.82,106.42,106.56,107.37,108.53,110.97,113.67,116.20,118.42,119.67,119.99,119.77,119.35,118.65,117.05,115.18,113.28,111.12,109.78,108.94,108.45,108.49,110.08,111.54,112.64,113.18,112.28,110.97,109.33,107.39,105.32,103.35,101.51,99.89,98.57,97.33,96.11,95.29,95.00,94.75,94.65,94.62,94.73,95.27,96.43,97.80,99.27,101.33,105.68,108.70,110.05,110.16,110.28,110.40,110.49,110.59,110.67,110.64,110.63,110.57,110.45,110.32,110.17,109.86,109.28,108.21,106.94,105.64,104.41,103.31,102.45,101.75,101.15,100.60,99.89,99.14,98.30,97.38,96.41,95.47,95.00,94.81,94.69,94.31,93.94,93.68,93.56,93.69,94.55,95.36,95.96,96.39,96.75,96.84,96.65,96.27,95.88,95.41,94.85,94.41,94.57,95.77,97.28,98.73,99.84,100.34,100.65,100.95,101.23,101.41,101.47,101.52,101.55,101.55,101.55,101.66,101.80,101.89,101.91,101.86,101.78,101.69,101.59,101.51,101.41,101.30,101.17,100.97,100.71,100.46,100.12,99.19,96.23,92.95,90.47,89.54,89.23,89.10,89.10,89.25,89.65,91.75,94.61,97.23,98.34,97.77,95.65,93.13,91.05,89.55,88.42,87.30,86.08,84.84,83.50,82.08,80.68,79.41,78.40,77.38,76.34,75.28
116.02,115.94,115.87,115.85,115.85,115.85,115.85,115.85,115.85,115.85,115.85,115.85,115.85,115.84,115.77,115.63,115.46,115.28,115.07,114.91,114.75,114.55,114.35,114.19,113.97,113.74,113.53,113.37,113.15,112.91,112.69,112.48,112.30,112.09,111.85,111.76,112.16,112.81,113.52,114.21,114.91,115.61,116.60,117.84,119.48,121.94,124.69,127.19,128.72,128.39,127.62,126.94,126.21,125.34,124.74,124.09,123.54,123.20,123.29,123.37,123.17,122.63,121.72,120.69,118.78,116.20,113.16,110.26,108.93,108.14,107.62,107.57,107.81,107.93,107.83,107.50,107.07,106.88,106.84,106.84,106.70,106.45,106.28,106.16,106.05,105.91,105.77,105.61,105.49,105.70,106.11,106.60,107.26,108.10,107.96,107.13,106.59,107.04,108.25,110.75,113.78,116.82,119.30,120.52,120.78,120.59,120.26,119.61,118.26,116.58,114.66,112.23,110.37,109.31,109.00,109.47,111.03,112.50,113.50,113.66,112.32,110.67,108.64,106.32,104.24,102.32,100.64,99.20,98.00,96.79,95.78,95.41,95.70,95.70,95.54,95.42,95.41,95.67,96.70,97.96,99.14,100.69,104.77,108.04,109.74,110.10,110.25,110.36,110.49,110.66,110.82,110.79,110.70,110.58,110.40,110.25,110.00,109.49,108.67,107.50,106.24,104.97,103.70,102.52,101.66,100.91,100.24,99.60,98.81,97.99,97.09,96.19,95.45,94.86,94.88,95.24,95.57,95.14,94.60,94.17,93.97,94.23,95.22,96.22,97.03,97.56,97.98,98.09,97.91,97.47,97.02,96.45,95.74,95.21,95.45,96.46,97.80,99.08,100.00,100.42,100.77,101.09,101.41,101.64,101.69,101.73,101.78,101.80,101.82,101.91,102.01,102.07,102.05,101.98,101.89,101.80,101.70,101.61,101.51,101.36,101.13,100.89,100.61,100.35,99.92,98.61,95.66,92.70,90.56,89.80,89.86,89.97,90.34,91.11,92.37,94.90,97.52,99.45,99.81,98.87,97.14,95.07,92.95,91.11,89.72,88.41,87.07,85.72,84.29,82.74,81.15,79.70,78.66,77.67,76.60,75.41
116.08,116.00,115.98,115.98,115.98,115.98,115.98,115.98,115.98,115.98,115.98,115.98,115.98,115.98,115.95,115.82,115.63,115.42,115.26,115.10,114.90,114.70,114.54,114.38,114.16,113.93,113.72,113.56,113.34,113.10,112.90,112.73,112.51,112.28,112.05,111.99,112.52,113.24,113.96,114.66,115.35,116.05,116.80,117.79,119.27,121.62,124.88,127.99,129.92,129.51,128.74,127.31,125.63,124.08,123.14,122.33,121.81,121.63,121.78,122.03,121.94,121.46,120.61,119.50,117.36,114.59,111.67,109.63,108.50,107.97,107.97,108.56,109.04,109.29,109.17,108.65,108.07,107.78,107.84,108.07,107.96,107.63,107.24,106.96,106.93,106.84,106.60,106.20,105.81,106.02,106.54,107.11,107.65,108.19,108.60,108.58,108.49,108.76,109.83,111.75,114.30,117.18,119.72,120.78,121.09,121.05,120.83,120.37,119.53,118.13,116.06,113.50,111.02,109.64,109.54,110.66,112.18,113.57,114.23,113.59,112.08,110.10,107.42,104.41,102.32,100.65,99.55,98.66,97.55,96.41,95.98,96.19,96.78,96.93,96.72,96.48,96.27,96.19,97.20,98.31,99.36,100.69,103.56,106.73,108.99,109.99,110.19,110.34,110.50,110.70,110.94,110.96,110.71,110.42,110.21,110.03,109.56,108.78,107.78,106.62,105.45,104.26,103.04,101.80,100.86,100.02,99.23,98.46,97.62,96.84,95.95,95.22,95.11,95.39,95.83,96.30,96.57,96.05,95.48,94.92,94.54,94.85,95.81,96.92,97.93,98.67,99.15,99.31,99.10,98.57,97.98,97.26,96.47,96.00,96.44,97.11,98.11,99.17,100.01,100.43,100.81,101.18,101.54,101.82,101.92,101.96,101.99,102.06,102.12,102.15,102.19,102.24,102.18,102.10,101.98,101.84,101.69,101.55,101.41,101.23,101.00,100.77,100.53,100.28,99.72,98.04,95.53,92.73,90.67,90.38,91.06,91.53,92.68,95.01,98.03,99.13,99.67,100.05,100.05,99.81,98.93,97.36,95.21,93.21,91.31,89.54,87.89,86.32,84.74,83.13,81.49,79.92,78.90,77.96,76.80,75.34
116.15,116.11,116.10,116.10,116.10,116.10,116.10,116.10,116.10,116.10,116.10,116.10,116.10,116.10,116.09,116.00,115.81,115.60,115.45,115.29,115.08,114.88,114.73,114.57,114.35,114.14,113.95,113.76,113.53,113.29,113.09,112.93,112.70,112.47,112.28,112.31,112.93,113.64,114.35,115.05,115.75,116.48,117.19,118.00,119.17,121.21,124.50,127.88,130.16,130.00,129.46,127.91,125.97,124.16,122.68,121.25,120.36,120.10,120.27,120.65,120.77,120.38,119.31,117.88,115.87,113.30,110.57,109.09,108.32,108.21,108.64,109.48,110.52,111.17,111.08,110.13,109.32,109.21,109.45,109.68,109.39,108.86,108.30,107.90,107.78,107.41,106.96,106.41,105.95,106.23,106.82,107.45,108.05,108.60,109.14,109.99,111.02,112.18,113.68,115.57,117.45,119.13,120.55,121.11,121.25,121.23,121.13,120.89,120.40,119.47,117.82,115.31,112.82,110.97,110.33,111.75,113.38,114.55,114.68,113.41,111.74,109.41,106.28,102.90,100.84,99.60,98.81,98.08,97.15,96.41,96.53,97.11,97.80,98.15,97.94,97.53,97.10,96.94,97.88,98.94,100.01,101.35,103.34,105.69,107.92,109.58,110.13,110.41,110.65,110.89,111.09,110.87,110.52,110.18,109.88,109.44,108.83,107.97,106.90,105.78,104.63,103.42,102.18,101.00,100.08,99.25,98.41,97.50,96.55,95.88,95.58,95.63,96.02,96.57,97.01,97.36,97.50,96.97,96.16,95.31,94.78,95.35,96.45,97.64,98.72,99.51,99.97,100.07,99.85,99.35,98.69,97.91,97.25,96.99,97.38,97.83,98.56,99.38,100.12,100.53,100.89,101.25,101.63,101.96,102.11,102.18,102.23,102.31,102.34,102.32,102.27,102.18,102.06,101.94,101.83,101.70,101.55,101.39,101.24,101.07,100.87,100.64,100.41,100.05,99.21,97.18,94.78,92.65,91.72,92.80,94.24,95.47,96.68,98.07,99.80,100.22,100.27,100.28,100.21,100.13,99.74,98.89,97.41,95.41,93.24,90.90,88.64,87.00,85.38,83.78,82.13,80.45,79.25,78.15,76.86,75.29
116.23,116.23,116.23,116.23,116.23,116.23,116.23,116.23,116.23,116.23,116.23,116.23,116.23,116.23,116.22,116.17,116.00,115.79,115.63,115.47,115.26,115.08,114.92,114.75,114.54,114.36,114.18,113.95,113.72,113.49,113.30,113.12,112.89,112.67,112.53,112.66,113.34,114.05,114.75,115.45,116.15,116.90,117.61,118.31,119.18,120.80,123.99,127.54,130.14,130.26,129.97,128.57,126.66,124.67,122.68,120.65,119.31,118.79,118.75,119.20,119.49,119.17,117.88,116.24,114.38,112.11,109.73,108.64,108.31,108.67,109.51,110.60,112.16,113.25,113.23,111.94,111.04,111.45,112.10,112.34,111.68,110.55,109.46,108.71,108.42,107.78,107.14,106.50,106.03,106.34,106.96,107.65,108.32,108.96,109.69,111.46,113.70,115.85,117.69,119.45,120.59,121.04,121.26,121.35,121.33,121.28,121.27,121.24,121.03,120.54,119.49,117.31,114.99,112.83,111.69,113.14,114.66,115.29,114.75,113.02,111.20,108.56,105.14,101.62,99.72,98.85,98.21,97.55,96.91,96.69,97.23,98.02,98.75,99.27,98.99,98.39,97.83,97.76,98.62,99.66,100.83,102.21,103.60,105.13,107.09,109.16,110.07,110.51,110.85,111.11,111.12,110.66,110.21,109.82,109.39,108.72,108.02,107.11,106.02,104.92,103.78,102.55,101.32,100.22,99.34,98.55,97.66,96.67,95.71,95.33,95.70,96.49,97.29,97.95,98.28,98.41,98.35,97.76,96.71,95.57,94.94,95.82,97.05,98.31,99.39,100.14,100.59,100.63,100.41,99.95,99.30,98.52,98.09,98.05,98.34,98.64,99.11,99.69,100.27,100.66,100.99,101.34,101.72,102.09,102.28,102.39,102.47,102.53,102.51,102.41,102.25,102.03,101.88,101.72,101.61,101.51,101.36,101.20,101.05,100.89,100.72,100.50,100.24,99.64,98.42,96.18,93.91,92.74,93.17,95.47,97.46,99.15,100.09,100.24,100.33,100.40,100.43,100.41,100.33,100.25,100.17,99.92,99.23,97.53,95.20,92.33,89.45,87.73,86.09,84.51,82.86,81.07,79.63,78.31,76.88,75.25
116.36,116.36,116.36,116.36,116.36,116.36,116.36,116.36,116.36,116.36,116.36,116.36,116.36,116.36,116.36,116.34,116.19,115.98,115.82,115.61,115.43,115.26,115.10,114.88,114.71,114.55,114.37,114.14,113.91,113.72,113.53,113.31,113.08,112.90,112.84,113.04,113.72,114.47,115.19,115.89,116.58,117.30,117.99,118.69,119.42,120.43,123.61,127.34,130.12,130.38,130.19,129.23,127.58,125.34,123.11,120.91,119.25,118.12,117.21,117.53,117.78,117.43,116.27,114.89,112.97,110.98,109.32,108.40,108.60,109.41,110.66,112.41,114.10,115.41,115.62,114.47,113.91,115.72,117.43,117.85,116.44,113.66,110.90,109.00,108.46,107.78,107.14,106.55,106.12,106.25,106.84,107.50,108.14,108.92,110.37,113.14,116.25,118.77,120.20,121.07,121.44,121.43,121.32,121.26,121.23,121.20,121.17,121.31,121.27,121.03,120.53,119.41,117.29,115.40,114.55,115.50,116.12,115.42,113.90,112.06,110.09,107.30,103.90,100.67,99.29,98.44,97.74,97.22,97.12,97.52,98.14,98.83,99.53,100.12,99.47,98.67,98.27,98.62,99.38,100.49,101.77,103.10,104.42,105.79,107.33,108.92,110.09,110.66,111.09,111.26,110.81,110.28,109.77,109.21,108.58,107.89,107.15,106.22,105.13,103.99,102.88,101.76,100.64,99.58,98.71,97.88,96.99,96.09,95.47,95.90,96.67,97.56,98.54,99.31,99.56,99.45,99.02,98.14,96.99,95.77,95.14,96.27,97.51,98.75,99.79,100.43,100.95,101.02,100.76,100.31,99.85,99.22,98.99,99.11,99.36,99.61,99.86,100.14,100.47,100.80,101.16,101.51,101.84,102.22,102.46,102.59,102.66,102.70,102.55,102.30,102.06,101.84,101.69,101.53,101.42,101.32,101.17,101.01,100.86,100.70,100.53,100.30,99.93,98.84,97.03,94.99,93.21,93.44,95.09,97.23,99.04,99.92,100.30,100.44,100.52,100.55,100.56,100.54,100.46,100.38,100.26,100.11,99.88,99.33,96.98,93.77,90.58,88.55,86.85,85.27,83.61,81.73,80.03,78.46,76.88,75.25
116.49,116.48,116.48,116.48,116.48,116.48,116.48,116.48,116.48,116.48,116.48,116.48,116.48,116.48,116.48,116.48,116.35,116.17,116.00,115.78,115.61,115.45,115.28,115.06,114.89,114.74,114.56,114.33,114.13,113.94,113.73,113.50,113.27,113.10,113.13,113.46,114.15,114.88,115.59,116.29,116.99,117.72,118.34,118.93,119.48,120.20,123.39,127.22,130.10,130.43,130.30,129.56,128.02,125.60,123.23,121.06,119.29,117.84,116.50,116.16,116.03,115.59,114.48,113.31,111.69,110.11,108.95,108.60,109.24,110.56,112.36,114.53,116.49,117.79,117.97,116.95,116.53,118.35,119.93,120.23,119.00,115.23,111.52,109.05,108.39,107.67,107.02,106.58,106.46,106.71,107.03,107.24,107.42,108.05,110.26,113.97,117.72,120.27,121.41,121.76,121.75,121.54,121.25,121.09,121.01,120.95,120.90,121.15,121.25,121.22,121.03,120.46,119.01,117.71,116.91,116.57,115.87,114.31,112.38,110.47,108.42,105.73,102.70,100.04,99.03,98.22,97.67,97.45,97.70,98.22,98.85,100.11,101.75,101.55,100.18,99.24,99.09,99.63,100.41,101.50,102.73,103.97,105.23,106.53,107.88,109.25,110.44,110.96,111.08,110.88,110.34,109.75,109.13,108.46,107.77,107.07,106.26,105.29,104.20,103.09,102.08,101.14,100.19,99.23,98.34,97.45,96.55,95.78,95.64,96.36,97.30,98.25,99.28,99.92,100.09,99.95,99.51,98.62,97.43,96.16,95.45,96.50,97.77,99.03,100.05,100.69,101.27,101.40,101.19,100.77,100.38,99.99,99.86,99.95,100.12,100.28,100.42,100.58,100.78,101.03,101.36,101.69,102.01,102.35,102.63,102.78,102.81,102.72,102.45,102.14,101.85,101.61,101.46,101.33,101.21,101.10,100.97,100.82,100.67,100.51,100.34,100.06,99.26,97.78,95.81,93.99,93.52,94.74,96.78,98.67,99.86,100.28,100.45,100.60,100.70,100.70,100.69,100.66,100.58,100.48,100.36,100.24,100.14,100.01,98.61,95.99,92.61,89.54,87.69,86.02,84.19,82.12,80.16,78.50,76.92,75.30
116.61,116.61,116.61,116.61,116.61,116.61,116.61,116.61,116.61,116.61,116.61,116.61,116.61,116.61,116.61,116.61,116.51,116.36,116.19,115.97,115.80,115.64,115.47,115.25,115.08,114.92,114.74,114.53,114.36,114.15,113.92,113.70,113.47,113.29,113.42,113.89,114.57,115.28,115.98,116.67,117.36,118.08,118.61,119.05,119.45,120.05,123.24,127.15,130.12,130.43,130.32,129.65,128.12,125.62,123.18,121.16,119.41,117.81,116.31,115.11,114.44,113.81,112.77,111.76,110.57,109.45,108.74,109.12,110.21,112.02,114.33,116.72,118.89,120.03,120.08,119.24,118.87,119.98,120.84,120.91,120.21,115.82,111.60,108.95,108.27,107.52,106.88,106.65,106.94,107.41,107.48,107.19,106.82,107.17,109.87,114.37,118.62,121.01,121.89,121.96,121.77,121.50,121.13,120.85,120.70,120.57,120.46,120.77,121.03,121.19,121.19,120.88,120.21,119.45,118.40,116.55,114.57,112.56,110.58,108.59,106.49,104.00,101.54,99.61,98.86,98.14,97.86,98.00,98.44,98.84,99.65,101.86,104.69,103.46,101.34,100.18,100.16,100.74,101.59,102.61,103.74,104.90,106.06,107.33,108.62,109.88,110.95,111.25,110.87,110.27,109.82,109.15,108.41,107.66,106.95,106.24,105.37,104.39,103.35,102.33,101.44,100.68,99.91,99.04,98.12,97.20,96.28,95.64,95.99,96.77,97.70,98.71,99.67,100.09,100.20,100.14,99.86,99.12,97.93,96.63,95.83,96.65,97.93,99.21,100.25,100.92,101.56,101.79,101.65,101.27,100.92,100.75,100.67,100.65,100.72,100.81,100.90,101.01,101.17,101.34,101.61,101.90,102.20,102.51,102.81,102.94,102.89,102.64,102.27,101.96,101.66,101.38,101.21,101.11,100.99,100.87,100.77,100.63,100.48,100.31,100.08,99.66,98.38,96.64,94.79,93.43,94.44,96.31,98.27,99.78,100.23,100.44,100.59,100.74,100.86,100.82,100.77,100.75,100.67,100.54,100.44,100.34,100.20,100.12,99.92,98.35,95.12,90.92,88.63,86.68,84.58,82.28,80.11,78.48,76.98,75.41
116.74,116.74,116.74,116.74,116.74,116.74,116.74,116.74,116.74,116.74,116.74,116.74,116.74,116.74,116.74,116.74,116.67,116.53,116.33,116.15,115.99,115.81,115.61,115.43,115.27,115.08,114.88,114.71,114.55,114.34,114.11,113.89,113.71,113.50,113.69,114.27,114.97,115.71,116.42,117.08,117.66,118.17,118.61,119.01,119.39,119.98,123.09,127.07,130.16,130.42,130.19,129.36,127.79,125.45,123.11,121.29,119.65,118.04,116.49,114.91,113.63,112.61,111.73,110.84,109.89,109.22,109.17,110.04,111.78,113.91,116.22,118.55,120.31,121.09,121.14,120.70,120.43,120.88,121.21,121.14,120.40,115.42,111.17,108.80,108.19,107.49,106.96,106.92,107.43,107.96,108.32,108.30,108.02,108.08,109.97,114.75,119.40,121.50,122.02,121.98,121.73,121.37,120.94,120.54,120.24,119.95,119.64,119.94,120.50,120.96,121.11,120.91,120.44,119.20,117.19,114.66,112.57,110.83,109.02,106.86,104.62,102.25,100.41,99.33,98.73,98.25,98.27,98.61,99.03,99.47,101.35,104.54,107.59,106.22,103.87,102.08,101.37,102.03,102.78,103.75,104.87,106.01,107.12,108.31,109.46,110.55,111.48,111.12,110.45,109.84,109.31,108.60,107.79,106.97,106.19,105.43,104.58,103.74,102.92,102.11,101.31,100.58,99.82,98.96,98.05,97.12,96.22,95.66,96.22,97.08,97.97,98.88,99.72,100.11,100.28,100.27,100.04,99.43,98.30,97.01,96.19,96.90,98.13,99.37,100.36,101.03,101.78,102.15,102.10,101.75,101.52,101.32,101.23,101.21,101.20,101.31,101.41,101.51,101.67,101.82,102.02,102.22,102.45,102.75,103.01,102.99,102.76,102.47,102.09,101.80,101.52,101.22,100.97,100.86,100.77,100.66,100.53,100.43,100.29,100.05,99.58,98.66,97.31,95.66,94.27,94.42,95.76,97.69,99.38,100.10,100.43,100.62,100.78,100.91,100.95,100.81,100.70,100.64,100.57,100.51,100.48,100.41,100.27,100.19,100.10,99.54,97.76,93.65,89.89,87.01,84.56,82.08,79.83,78.32,77.05,75.73
116.87,116.87,116.87,116.87,116.87,116.87,116.87,116.87,116.87,116.87,116.87,116.87,116.87,116.87,116.87,116.87,116.83,116.72,116.50,116.33,116.18,115.99,115.77,115.61,115.46,115.26,115.05,114.90,114.72,114.52,114.31,114.11,113.93,113.77,114.03,114.68,115.38,116.10,116.74,117.30,117.78,118.17,118.56,118.94,119.33,119.88,122.49,126.32,129.63,130.13,129.80,128.83,127.31,125.25,123.16,121.46,119.88,118.27,116.60,114.75,113.06,111.74,110.92,110.09,109.50,109.47,110.16,111.55,113.64,115.91,118.10,120.00,121.21,121.74,121.83,121.67,121.50,121.52,121.51,121.35,120.50,115.11,110.72,108.42,107.86,107.47,107.10,107.13,107.67,108.30,108.92,109.76,110.49,110.66,112.17,116.26,120.20,121.79,122.01,121.89,121.61,121.21,120.73,120.17,119.68,119.20,118.71,118.64,119.33,120.16,120.70,120.69,120.27,118.35,115.32,112.53,110.70,109.31,107.76,105.67,103.38,101.21,99.83,99.23,98.72,98.55,98.78,99.33,100.17,101.47,104.18,107.42,109.70,108.12,105.73,103.68,102.62,103.34,104.04,104.94,106.00,107.15,108.23,109.34,110.39,111.26,111.68,110.96,110.13,109.44,108.88,108.20,107.45,106.67,105.87,105.12,104.29,103.51,102.79,102.06,101.30,100.56,99.80,98.94,98.07,97.17,96.30,95.79,96.35,97.20,98.07,98.91,99.68,100.09,100.34,100.39,100.15,99.66,98.58,97.31,96.48,97.13,98.31,99.50,100.47,101.20,102.07,102.53,102.54,102.23,102.05,101.86,101.79,101.77,101.71,101.79,101.90,102.02,102.18,102.33,102.48,102.64,102.82,103.06,103.15,102.96,102.62,102.28,101.93,101.63,101.34,101.05,100.75,100.62,100.53,100.44,100.31,100.18,99.88,99.39,98.63,97.48,96.27,95.19,94.70,95.73,97.16,98.79,100.03,100.31,100.59,100.80,100.94,101.01,100.94,100.74,100.59,100.52,100.44,100.41,100.41,100.36,100.27,100.21,100.14,100.06,99.17,95.52,90.88,87.46,84.90,82.38,80.17,78.74,77.55,76.36
117.00,116.99,116.99,116.99,116.99,116.99,116.99,116.99,116.99,116.99,116.99,116.99,116.99,116.99,116.99,116.99,116.98,116.90,116.69,116.52,116.36,116.17,115.96,115.80,115.65,115.45,115.24,115.08,114.86,114.68,114.52,114.35,114.14,114.08,114.43,115.11,115.78,116.41,116.91,117.32,117.72,118.11,118.49,118.88,119.27,119.75,121.50,124.91,128.46,129.56,129.15,128.10,126.69,125.01,123.29,121.66,120.07,118.44,116.59,114.52,112.62,111.14,110.27,109.53,109.53,110.27,111.75,113.64,115.74,117.93,119.88,121.04,121.70,122.08,122.27,122.23,122.13,121.96,121.79,121.56,120.60,114.94,110.34,107.89,107.39,107.51,107.31,107.25,107.64,108.45,109.30,111.50,114.01,114.60,116.22,118.78,120.99,121.89,121.92,121.73,121.41,120.98,120.48,119.73,119.02,118.38,117.75,117.04,117.57,118.70,119.76,120.01,119.47,116.87,113.10,110.46,109.10,108.03,106.76,105.00,102.76,100.90,99.78,99.30,98.84,99.00,99.42,100.24,101.98,104.81,107.86,110.22,110.93,109.02,106.75,104.87,103.90,104.66,105.36,106.18,107.15,108.29,109.35,110.37,111.32,111.94,111.57,110.86,109.97,109.15,108.60,108.04,107.41,106.73,106.02,105.31,104.49,103.69,102.92,102.15,101.38,100.61,99.82,98.98,98.19,97.35,96.53,96.00,96.37,97.14,98.00,98.83,99.57,100.07,100.42,100.50,100.24,99.82,98.77,97.54,96.73,97.32,98.45,99.63,100.67,101.52,102.48,102.94,102.97,102.73,102.51,102.39,102.36,102.33,102.27,102.28,102.38,102.52,102.68,102.83,102.98,103.13,103.26,103.36,103.18,102.85,102.47,102.11,101.78,101.43,101.12,100.86,100.56,100.39,100.27,100.17,100.05,99.81,99.20,98.33,97.35,96.35,95.48,95.35,96.02,97.21,98.53,99.59,100.26,100.50,100.74,100.96,101.08,101.04,100.84,100.61,100.47,100.38,100.31,100.24,100.22,100.22,100.20,100.19,100.14,100.04,99.27,96.17,91.41,88.01,85.62,83.23,81.17,79.73,78.49,77.25
117.17,117.13,117.12,117.12,117.12,117.12,117.12,117.12,117.12,117.12,117.12,117.12,117.12,117.12,117.12,117.12,117.12,117.05,116.87,116.71,116.53,116.33,116.15,115.99,115.80,115.61,115.43,115.27,115.05,114.87,114.72,114.55,114.33,114.39,114.81,115.47,115.98,116.46,116.89,117.27,117.66,118.05,118.43,118.82,119.20,119.65,120.92,123.46,126.58,128.77,128.44,127.34,126.00,124.55,123.19,121.70,120.08,118.30,116.34,114.25,112.21,110.59,109.87,109.74,110.78,112.40,114.30,116.25,118.12,119.64,120.77,121.49,122.03,122.44,122.66,122.63,122.51,122.27,121.99,121.65,120.60,114.62,110.08,108.03,107.98,108.29,107.95,107.52,107.54,108.55,110.21,113.87,117.71,118.10,118.98,120.37,121.52,121.89,121.85,121.62,121.16,120.50,119.84,119.11,118.39,117.70,117.01,116.18,115.87,116.07,116.69,117.24,115.76,113.33,110.85,109.19,107.94,106.84,105.72,104.30,102.21,100.68,99.80,99.41,99.18,99.38,100.33,102.15,104.95,107.89,110.27,111.62,111.42,109.50,107.55,105.97,105.17,105.94,106.68,107.47,108.37,109.40,110.28,111.10,111.80,112.13,111.66,111.05,110.33,109.61,109.02,108.44,107.77,107.04,106.30,105.56,104.77,103.98,103.20,102.38,101.60,100.83,100.05,99.25,98.47,97.67,96.89,96.28,96.29,96.98,97.83,98.68,99.51,100.10,100.51,100.62,100.36,99.96,98.97,97.81,97.01,97.52,98.60,100.10,101.48,102.35,103.29,103.55,103.46,103.23,103.01,102.95,102.90,102.86,102.84,102.83,102.88,102.98,103.13,103.28,103.44,103.45,103.33,103.20,102.96,102.64,102.30,101.96,101.61,101.27,100.93,100.62,100.36,100.19,99.97,99.69,99.32,98.84,98.03,97.22,96.67,96.47,96.41,96.79,97.61,98.61,99.48,100.11,100.51,100.75,100.98,101.14,101.16,100.99,100.72,100.48,100.31,100.20,100.13,100.09,100.08,100.08,100.09,100.13,100.08,99.84,98.60,94.66,90.72,88.12,86.23,84.20,82.40,80.85,79.47,78.19
117.33,117.28,117.25,117.25,117.25,117.25,117.25,117.25,117.25,117.25,117.25,117.25,117.25,117.25,117.25,117.25,117.25,117.19,117.06,116.91,116.69,116.49,116.34,116.18,115.96,115.78,115.62,115.44,115.23,115.06,114.90,114.72,114.52,114.66,115.09,115.66,116.05,116.44,116.82,117.21,117.59,117.98,118.37,118.75,119.14,119.57,120.53,122.41,125.08,127.83,127.67,126.56,125.22,123.90,122.75,121.45,119.82,117.91,115.86,113.77,111.74,110.34,110.28,110.96,112.80,114.95,116.97,118.56,119.95,120.80,121.26,121.70,122.21,122.64,122.88,122.85,122.72,122.36,121.95,121.53,120.52,115.30,111.09,109.11,109.25,109.25,108.60,107.82,107.53,108.68,111.15,115.72,120.17,120.40,120.72,121.29,121.73,121.77,121.72,121.38,120.75,119.92,119.16,118.45,117.74,117.03,116.32,115.50,114.55,113.88,113.81,114.18,112.25,110.36,109.12,108.19,107.01,105.85,104.78,103.64,101.98,100.78,100.03,99.70,99.80,100.61,102.46,105.11,108.15,110.66,112.25,112.66,111.70,109.79,108.14,106.97,106.51,107.24,107.99,108.71,109.47,110.31,110.97,111.66,112.13,112.20,111.76,111.25,110.68,110.09,109.50,108.87,108.14,107.36,106.59,105.84,105.05,104.27,103.49,102.66,101.88,101.11,100.35,99.60,98.83,98.06,97.29,96.59,96.23,96.84,97.69,98.58,99.47,100.12,100.60,100.74,100.46,100.03,99.13,98.06,97.30,97.70,98.70,100.58,102.41,103.34,104.06,104.13,103.95,103.72,103.54,103.50,103.45,103.40,103.40,103.40,103.40,103.44,103.54,103.61,103.67,103.53,103.24,102.94,102.68,102.40,102.11,101.79,101.44,101.11,100.76,100.39,100.13,99.89,99.55,99.09,98.58,98.06,97.42,96.93,96.87,97.31,97.81,98.39,99.05,99.72,100.18,100.52,100.79,101.01,101.20,101.24,101.13,100.88,100.58,100.33,100.11,99.92,99.83,99.84,99.86,99.87,99.87,99.78,99.41,98.68,96.83,92.56,89.72,87.93,86.46,84.79,83.20,81.65,80.22,78.94
117.47,117.45,117.40,117.37,117.37,117.37,117.37,117.37,117.37,117.37,117.37,117.37,117.37,117.37,117.37,117.37,117.37,117.34,117.24,117.09,116.88,116.69,116.53,116.37,116.15,115.97,115.79,115.58,115.41,115.25,115.07,114.86,114.70,114.84,115.18,115.60,115.99,116.37,116.76,117.15,117.53,117.92,118.30,118.69,119.08,119.49,120.29,122.09,124.54,126.66,126.82,125.74,124.30,122.99,121.77,120.66,119.15,117.19,115.05,112.92,111.18,110.65,112.09,113.77,115.72,117.75,119.47,120.09,120.66,121.06,121.36,121.70,122.16,122.57,122.81,122.80,122.70,122.08,121.50,121.08,120.35,117.86,114.37,111.69,111.34,110.25,109.08,108.10,107.72,108.90,111.91,116.35,120.28,120.64,121.06,121.34,121.46,121.47,121.44,120.90,120.12,119.29,118.52,117.81,117.08,116.34,115.63,114.86,113.91,112.97,112.15,111.42,110.29,109.28,108.40,107.35,106.37,105.23,104.07,103.08,102.33,101.44,100.68,100.33,100.90,103.48,106.73,109.59,111.31,112.97,113.90,113.59,111.88,109.93,108.44,107.84,108.00,108.58,109.27,109.84,110.34,110.83,111.33,112.02,112.37,112.22,111.82,111.36,110.84,110.31,109.79,109.13,108.38,107.62,106.85,106.14,105.33,104.53,103.75,102.97,102.20,101.42,100.70,100.03,99.27,98.51,97.73,96.96,96.30,96.80,97.66,98.58,99.47,100.12,100.67,100.85,100.51,99.99,99.19,98.26,97.58,97.84,98.74,100.95,103.27,104.38,104.58,104.54,104.39,104.19,104.09,104.07,104.02,103.97,103.97,103.97,103.97,103.95,103.88,103.72,103.49,103.25,102.99,102.68,102.38,102.12,101.85,101.55,101.29,100.95,100.56,100.19,99.82,99.41,98.90,98.37,98.01,97.92,98.04,98.22,98.50,99.00,99.43,99.79,100.09,100.35,100.62,100.87,101.11,101.31,101.36,101.18,100.94,100.69,100.39,100.14,99.80,99.46,99.34,99.38,99.44,99.51,99.45,98.90,97.64,95.81,93.36,90.26,88.63,87.35,86.03,84.59,83.16,81.79,80.51,79.33
117.60,117.60,117.56,117.55,117.54,117.50,117.50,117.50,117.50,117.50,117.50,117.50,117.50,117.50,117.50,117.50,117.50,117.48,117.42,117.24,117.05,116.88,116.71,116.52,116.33,116.16,115.98,115.76,115.59,115.44,115.25,115.04,114.92,115.00,115.21,115.54,115.92,116.31,116.70,117.08,117.47,117.86,118.24,118.65,119.06,119.46,120.08,121.64,123.77,125.45,126.22,125.42,123.92,122.32,120.82,119.49,117.93,116.10,114.40,113.12,112.19,112.36,114.43,116.48,118.11,119.47,120.45,120.60,120.83,121.04,121.22,121.47,121.83,122.19,122.41,122.39,122.26,121.49,120.86,120.41,119.47,117.87,115.52,113.41,112.50,111.00,109.54,108.34,107.81,108.91,111.82,116.26,120.26,120.68,121.04,121.15,121.14,121.09,120.97,120.35,119.59,118.84,118.03,117.26,116.49,115.72,114.99,114.22,113.31,112.41,111.60,110.82,110.04,109.17,108.19,107.20,106.29,105.32,104.56,104.22,104.00,103.24,103.13,104.03,105.57,108.26,111.02,113.15,114.12,115.06,114.95,113.91,112.15,110.38,109.38,109.13,109.40,109.87,110.36,110.77,111.14,111.56,111.91,112.38,112.54,112.25,111.75,111.25,110.70,110.16,109.68,109.08,108.41,107.71,107.03,106.39,105.62,104.83,104.07,103.33,102.56,101.79,101.06,100.39,99.66,98.87,98.04,97.19,96.45,96.86,97.67,98.56,99.43,100.15,100.73,100.91,100.52,99.95,99.18,98.35,97.74,97.96,98.77,100.66,102.53,103.38,103.94,104.35,104.55,104.54,104.54,104.51,104.44,104.37,104.30,104.26,104.20,104.09,103.91,103.65,103.35,103.08,102.83,102.52,102.21,101.93,101.65,101.34,101.07,100.74,100.39,100.03,99.61,99.22,98.89,98.68,98.66,98.82,99.07,99.34,99.63,99.97,100.26,100.49,100.69,100.88,101.07,101.26,101.39,101.38,101.24,100.97,100.68,100.41,100.09,99.76,99.34,98.93,98.70,98.73,98.77,98.74,98.54,97.78,96.03,93.75,91.31,89.18,87.88,86.69,85.44,84.16,82.89,81.63,80.45,79.35
117.72,117.72,117.72,117.72,117.71,117.64,117.63,117.63,117.63,117.63,117.63,117.63,117.63,117.63,117.63,117.63,117.63,117.63,117.59,117.39,117.22,117.07,116.89,116.67,116.50,116.34,116.16,115.95,115.79,115.62,115.43,115.24,115.16,115.15,115.25,115.49,115.85,116.23,116.63,117.02,117.41,117.79,118.18,118.59,119.03,119.42,119.82,121.04,122.75,124.14,125.45,125.18,123.81,121.87,120.02,118.42,116.82,115.25,114.12,113.93,113.88,114.56,116.78,118.80,119.93,120.55,120.80,120.71,120.79,120.88,120.96,121.08,121.32,121.56,121.69,121.65,121.48,120.71,120.13,119.69,118.55,117.19,115.81,114.45,113.09,111.50,109.94,108.61,107.92,108.88,111.50,115.96,120.21,120.65,120.92,120.93,120.83,120.71,120.47,119.83,119.13,118.45,117.61,116.78,115.96,115.21,114.49,113.77,112.92,112.14,111.52,110.94,110.33,109.41,108.31,107.39,106.55,105.81,105.54,105.92,106.05,105.62,106.45,108.82,111.37,113.51,115.15,116.23,116.61,116.88,115.89,114.36,112.73,111.17,110.64,110.57,110.72,111.06,111.38,111.64,111.95,112.35,112.61,112.73,112.61,112.20,111.59,111.03,110.46,109.89,109.42,108.89,108.30,107.68,107.07,106.52,105.80,105.03,104.31,103.63,102.90,102.16,101.43,100.72,99.97,99.16,98.28,97.39,96.63,96.96,97.70,98.56,99.40,100.17,100.79,100.96,100.55,99.95,99.22,98.46,97.91,98.11,98.83,100.19,101.42,102.00,103.07,103.95,104.49,104.71,104.84,104.82,104.74,104.64,104.50,104.41,104.28,104.09,103.85,103.56,103.25,102.97,102.72,102.41,102.10,101.80,101.50,101.19,100.88,100.57,100.27,99.94,99.53,99.24,99.18,99.30,99.58,99.87,100.08,100.27,100.48,100.66,100.82,100.98,101.15,101.36,101.47,101.57,101.55,101.31,101.01,100.70,100.39,100.07,99.73,99.30,98.84,98.39,98.04,98.01,97.97,97.80,97.41,96.55,94.55,92.22,90.12,88.77,87.52,86.28,85.06,83.88,82.70,81.53,80.40,79.34
117.85,117.85,117.85,117.85,117.84,117.83,117.77,117.75,117.75,117.75,117.75,117.75,117.75,117.75,117.75,117.75,117.75,117.75,117.72,117.57,117.41,117.25,117.08,116.86,116.69,116.50,116.30,116.13,115.98,115.78,115.58,115.44,115.41,115.41,115.40,115.47,115.74,116.11,116.53,116.95,117.34,117.73,118.11,118.51,118.91,119.28,119.45,120.08,121.18,122.52,123.88,124.66,124.10,121.92,119.70,118.10,116.76,115.61,114.97,115.65,116.16,116.91,118.59,119.87,120.44,120.65,120.66,120.63,120.61,120.61,120.59,120.46,120.46,120.40,120.29,120.15,119.95,119.60,119.33,119.02,118.21,116.92,115.55,114.15,112.74,111.38,110.17,109.00,108.19,108.96,111.26,115.72,120.15,120.59,120.91,120.83,120.60,120.39,120.10,119.48,118.78,118.08,117.29,116.45,115.61,114.91,114.47,113.95,113.25,112.53,111.86,111.21,110.58,109.81,108.93,108.07,107.27,106.84,106.97,107.64,108.05,108.77,110.77,114.02,117.16,118.36,118.71,118.70,118.39,117.98,117.15,115.90,114.29,112.78,112.27,112.03,111.88,112.04,112.33,112.59,112.84,113.13,113.41,113.03,112.46,111.89,111.23,110.66,110.11,109.58,109.10,108.58,108.02,107.44,106.84,106.28,105.55,104.88,104.28,103.70,103.11,102.48,101.81,101.06,100.10,99.27,98.44,97.57,96.81,97.02,97.70,98.56,99.40,100.18,100.83,101.06,100.73,100.13,99.49,98.77,98.21,98.36,98.99,99.87,100.75,101.55,102.67,103.46,103.98,104.35,104.75,104.81,104.75,104.66,104.51,104.42,104.25,104.03,103.80,103.54,103.25,102.95,102.65,102.34,102.03,101.77,101.50,101.19,100.88,100.56,100.28,100.04,99.81,99.71,99.76,99.91,100.11,100.35,100.58,100.78,100.95,101.16,101.33,101.48,101.64,101.78,101.65,101.49,101.30,101.00,100.70,100.39,100.05,99.68,99.25,98.79,98.33,97.86,97.39,97.19,97.09,96.78,96.10,95.18,93.35,91.61,90.32,89.31,88.12,86.85,85.58,84.35,83.09,81.90,80.72,79.61
117.98,117.98,117.98,117.98,117.98,117.97,117.93,117.89,117.88,117.88,117.88,117.88,117.88,117.88,117.88,117.88,117.88,117.88,117.86,117.75,117.60,117.43,117.25,117.05,116.88,116.68,116.47,116.32,116.17,115.96,115.77,115.67,115.69,115.69,115.66,115.62,115.75,116.04,116.44,116.85,117.24,117.63,118.03,118.44,118.80,119.04,118.90,118.81,119.23,120.68,122.20,123.62,123.74,121.92,119.88,118.41,117.22,116.19,115.51,116.47,117.44,118.40,119.59,120.24,120.43,120.43,120.35,120.26,120.13,120.02,119.89,119.67,119.52,119.31,119.13,118.99,118.83,118.69,118.55,118.35,117.92,116.71,115.32,113.99,112.83,111.87,110.84,109.66,108.63,108.83,110.90,115.40,119.99,120.52,120.86,120.75,120.47,120.22,119.88,119.23,118.48,117.78,117.16,116.52,115.88,115.34,114.98,114.50,113.86,113.17,112.47,111.78,111.12,110.41,109.62,108.84,108.41,108.45,108.96,109.85,110.54,112.06,114.58,117.71,120.17,120.73,120.56,120.11,119.48,118.81,118.12,117.18,115.89,114.39,113.86,113.55,113.25,113.18,113.35,113.58,113.73,113.73,113.59,112.88,112.13,111.50,110.85,110.31,109.80,109.30,108.83,108.30,107.76,107.18,106.57,105.96,105.25,104.58,103.99,103.42,102.88,102.33,101.74,101.04,100.09,99.29,98.50,97.65,96.92,97.13,97.80,98.62,99.44,100.21,100.90,101.19,100.92,100.33,99.71,99.04,98.49,98.51,99.06,99.75,100.49,101.33,102.29,103.02,103.60,104.13,104.66,104.79,104.75,104.66,104.54,104.40,104.20,103.97,103.73,103.50,103.21,102.90,102.60,102.31,102.01,101.73,101.45,101.14,100.84,100.55,100.32,100.17,100.08,100.08,100.20,100.39,100.57,100.77,101.00,101.21,101.40,101.63,101.78,101.84,101.83,101.78,101.49,101.20,100.93,100.65,100.34,99.99,99.63,99.24,98.76,98.29,97.82,97.32,96.75,96.36,96.06,95.56,94.76,93.93,92.62,91.45,90.59,89.80,88.72,87.53,86.40,85.47,84.55,83.49,82.31,81.03
118.10,118.10,118.10,118.10,118.10,118.10,118.10,118.05,118.01,118.01,118.01,118.01,118.01,118.01,118.01,118.01,118.01,118.01,118.00,117.92,117.79,117.60,117.39,117.23,117.07,116.87,116.66,116.50,116.35,116.15,115.98,115.93,115.98,116.01,115.97,115.90,115.86,116.03,116.35,116.73,117.12,117.51,117.94,118.35,118.65,118.66,118.21,117.53,117.43,119.05,120.73,122.42,123.03,121.89,120.33,119.09,117.98,116.87,115.89,116.74,118.02,119.19,119.97,120.09,120.05,119.96,119.84,119.63,119.41,119.19,118.97,118.75,118.52,118.30,118.13,118.05,117.97,117.90,117.80,117.70,117.62,116.53,115.22,114.06,113.31,112.80,111.80,110.50,109.19,108.63,110.41,114.93,119.70,120.43,120.80,120.70,120.42,120.16,119.79,119.06,118.30,117.65,117.25,116.91,116.56,116.21,115.81,115.29,114.63,113.93,113.24,112.54,111.86,111.17,110.46,109.86,109.94,110.47,111.31,112.36,113.36,115.31,117.79,120.17,121.30,121.46,121.26,120.81,120.09,119.43,118.81,118.18,117.35,115.95,115.38,115.06,114.72,114.40,114.38,114.50,114.48,114.08,113.35,112.46,111.68,111.06,110.45,109.97,109.50,109.03,108.56,108.04,107.50,106.93,106.29,105.61,104.91,104.22,103.55,102.94,102.37,101.87,101.37,100.77,99.96,99.24,98.48,97.65,96.98,97.28,97.96,98.73,99.51,100.28,100.99,101.33,101.10,100.52,99.91,99.28,98.76,98.62,99.09,99.76,100.47,101.24,101.97,102.67,103.34,104.01,104.60,104.78,104.76,104.68,104.56,104.36,104.14,103.91,103.67,103.44,103.15,102.84,102.55,102.30,102.00,101.70,101.39,101.09,100.78,100.54,100.38,100.32,100.31,100.38,100.55,100.77,100.99,101.17,101.38,101.61,101.83,102.02,102.09,102.00,101.77,101.49,101.13,100.80,100.51,100.26,99.95,99.53,99.13,98.77,98.26,97.79,97.33,96.83,96.20,95.70,95.16,94.49,93.71,93.06,92.35,91.64,90.94,90.27,89.35,88.34,87.50,87.04,86.67,85.87,84.67,83.09
118.23,118.23,118.23,118.23,118.23,118.23,118.23,118.21,118.17,118.13,118.13,118.13,118.13,118.13,118.13,118.13,118.13,118.13,118.13,118.10,117.98,117.79,117.58,117.42,117.22,117.03,116.85,116.69,116.50,116.34,116.23,116.18,116.25,116.30,116.29,116.20,116.09,116.09,116.31,116.67,117.05,117.44,117.85,118.18,118.28,117.92,117.39,117.09,117.50,119.14,120.59,122.01,122.60,121.82,120.69,119.73,118.74,117.62,116.57,117.08,118.18,119.16,119.53,119.40,119.21,119.01,118.78,118.55,118.31,118.09,117.87,117.68,117.45,117.26,117.13,117.11,117.09,117.10,117.11,117.11,117.08,116.43,115.59,114.77,114.17,113.96,112.88,111.39,109.90,108.81,109.67,113.91,119.05,120.33,120.75,120.66,120.41,120.16,119.78,119.15,118.57,118.15,117.91,117.66,117.37,117.05,116.68,116.12,115.45,114.75,114.05,113.31,112.73,112.28,111.97,111.88,112.27,112.88,113.73,114.90,116.27,118.00,119.71,121.08,121.63,121.71,121.51,121.10,120.46,119.71,119.16,118.67,118.10,117.32,116.79,116.36,115.94,115.52,115.22,114.91,114.45,113.76,112.93,112.02,111.22,110.57,110.01,109.57,109.13,108.68,108.26,107.78,107.25,106.66,105.98,105.28,104.59,103.89,103.21,102.54,101.90,101.37,100.88,100.32,99.69,99.08,98.39,97.62,97.03,97.44,98.13,98.86,99.63,100.36,101.06,101.44,101.30,100.76,100.15,99.56,99.05,98.80,99.18,99.78,100.47,101.22,101.88,102.56,103.26,103.95,104.59,104.81,104.79,104.66,104.52,104.31,104.07,103.84,103.61,103.38,103.13,102.84,102.54,102.25,101.94,101.64,101.34,101.08,100.77,100.60,100.54,100.56,100.57,100.67,100.86,101.09,101.33,101.53,101.75,102.01,102.23,102.18,101.98,101.72,101.44,101.12,100.75,100.41,100.11,99.82,99.46,98.99,98.57,98.23,97.80,97.34,96.93,96.56,96.18,95.88,95.44,94.87,94.23,93.61,92.95,92.27,91.58,90.91,90.22,89.63,89.21,89.01,88.84,88.36,87.07,84.89
118.34,118.35,118.36,118.36,118.36,118.36,118.36,118.36,118.34,118.29,118.27,118.26,118.26,118.26,118.26,118.26,118.26,118.26,118.26,118.26,118.14,117.96,117.76,117.60,117.39,117.20,117.04,116.88,116.66,116.55,116.48,116.42,116.52,116.61,116.61,116.51,116.36,116.27,116.37,116.62,116.97,117.37,117.71,117.86,117.75,117.42,117.16,117.30,118.03,119.48,120.69,121.71,122.06,121.48,120.69,119.97,119.18,118.20,117.09,117.25,117.86,118.43,118.64,118.42,118.17,117.92,117.67,117.59,117.50,117.40,117.32,117.27,117.16,117.09,117.06,117.03,117.02,117.05,117.11,117.12,116.98,116.72,116.23,115.62,115.13,115.05,113.88,112.34,110.86,109.62,110.06,113.70,118.50,120.20,120.67,120.60,120.38,120.14,119.85,119.42,119.05,118.79,118.61,118.44,118.21,117.91,117.53,116.92,116.25,115.55,114.92,114.51,114.21,114.01,113.97,114.25,114.78,115.35,116.13,117.29,118.66,119.91,120.88,121.49,121.72,121.67,121.41,120.98,120.35,119.61,119.10,118.66,118.19,117.77,117.22,116.67,116.18,115.71,115.25,114.70,114.02,113.19,112.36,111.49,110.71,110.08,109.59,109.18,108.76,108.33,107.91,107.48,106.97,106.36,105.66,104.97,104.28,103.58,102.88,102.16,101.47,100.89,100.38,99.86,99.36,98.82,98.19,97.54,97.17,97.64,98.33,99.04,99.78,100.44,101.11,101.53,101.48,100.98,100.38,99.80,99.30,99.02,99.33,99.86,100.49,101.19,101.83,102.50,103.19,103.86,104.53,104.81,104.80,104.62,104.44,104.23,104.01,103.77,103.55,103.31,103.08,102.81,102.50,102.19,101.90,101.60,101.31,101.06,100.84,100.75,100.75,100.81,100.82,100.95,101.16,101.41,101.64,101.88,102.11,102.31,102.39,102.16,101.80,101.44,101.11,100.78,100.40,100.06,99.74,99.40,99.00,98.61,98.27,97.98,97.66,97.34,97.04,96.79,96.59,96.41,96.03,95.53,94.98,94.35,93.66,92.97,92.28,91.63,91.14,90.88,90.77,90.71,90.61,90.16,88.73,86.30
118.41,118.47,118.48,118.48,118.48,118.48,118.48,118.48,118.48,118.46,118.40,118.39,118.39,118.39,118.39,118.39,118.39,118.39,118.39,118.39,118.27,118.12,117.95,117.79,117.58,117.39,117.23,117.06,116.85,116.77,116.71,116.63,116.82,116.92,116.92,116.83,116.68,116.59,116.54,116.60,116.87,117.28,117.53,117.44,117.16,117.34,117.66,118.10,118.76,119.80,120.81,121.35,121.34,120.80,120.23,119.72,119.19,118.48,117.33,117.20,117.13,117.17,117.47,117.31,117.09,116.88,116.75,116.97,117.15,117.33,117.51,117.69,117.81,117.97,118.05,117.98,117.91,117.90,117.90,117.80,117.41,117.42,117.10,116.55,116.14,116.01,114.82,113.37,112.13,111.10,111.76,114.55,118.15,120.04,120.53,120.50,120.32,120.11,119.99,119.86,119.67,119.45,119.25,119.19,119.04,118.76,118.35,117.70,117.01,116.32,115.87,116.18,116.35,116.36,116.42,116.84,117.30,117.77,118.44,119.41,120.31,120.92,121.33,121.58,121.64,121.35,120.94,120.40,119.69,119.10,118.61,118.12,117.61,117.14,116.50,115.87,115.31,114.83,114.36,113.84,113.20,112.43,111.65,110.87,110.17,109.60,109.19,108.79,108.40,107.99,107.55,107.14,106.63,106.03,105.36,104.67,103.97,103.28,102.56,101.80,101.10,100.46,99.91,99.44,99.03,98.47,97.89,97.45,97.42,97.92,98.58,99.28,99.96,100.53,101.14,101.60,101.67,101.17,100.57,99.99,99.50,99.26,99.54,99.99,100.52,101.16,101.78,102.45,103.11,103.75,104.41,104.78,104.77,104.54,104.32,104.15,103.94,103.71,103.48,103.25,103.02,102.75,102.44,102.14,101.89,101.60,101.30,101.05,100.99,100.97,101.00,101.07,101.08,101.20,101.44,101.73,101.96,102.19,102.41,102.47,102.27,101.98,101.62,101.24,100.86,100.48,100.09,99.75,99.43,99.06,98.63,98.48,98.33,98.11,97.94,97.86,97.73,97.57,97.39,97.18,96.79,96.30,95.73,95.06,94.37,93.67,93.00,92.41,92.10,92.03,92.06,92.02,91.85,91.09,89.50,87.29
118.52,118.55,118.55,118.55,118.57,118.60,118.61,118.61,118.61,118.60,118.57,118.53,118.51,118.51,118.51,118.51,118.51,118.51,118.51,118.51,118.43,118.30,118.14,117.98,117.77,117.58,117.41,117.22,117.06,116.99,116.94,116.92,117.09,117.22,117.24,117.14,117.00,116.91,116.80,116.74,116.84,117.15,117.35,117.46,117.59,117.93,118.34,118.75,119.18,119.68,120.28,120.45,120.29,119.91,119.50,119.06,118.52,117.86,117.03,117.02,117.33,117.55,117.42,117.39,117.41,117.44,117.52,117.77,118.00,118.22,118.42,118.64,118.80,118.98,119.05,118.93,118.81,118.72,118.61,118.29,117.49,117.74,117.77,117.52,117.30,116.97,115.98,114.78,113.63,112.62,113.15,115.36,118.21,119.89,120.27,120.30,120.23,120.10,120.06,120.00,119.91,119.81,119.71,119.69,119.63,119.47,119.11,118.51,117.82,117.29,117.16,117.69,118.17,118.48,118.70,119.03,119.28,119.62,120.04,120.52,120.98,121.25,121.43,121.48,121.20,120.62,120.08,119.57,118.99,118.48,118.00,117.51,116.98,116.50,115.85,115.20,114.60,114.05,113.46,112.93,112.37,111.67,110.90,110.23,109.66,109.19,108.76,108.36,107.97,107.58,107.16,106.73,106.10,105.58,105.23,104.56,103.83,103.09,102.34,101.58,100.87,100.20,99.61,99.15,98.67,98.16,97.70,97.48,97.78,98.30,98.89,99.52,100.16,100.71,101.27,101.72,101.85,101.36,100.76,100.16,99.66,99.49,99.71,100.14,100.69,101.30,101.88,102.51,103.15,103.77,104.40,104.73,104.71,104.47,104.25,104.05,103.83,103.61,103.41,103.19,102.95,102.70,102.43,102.13,101.84,101.55,101.30,101.19,101.22,101.23,101.26,101.32,101.34,101.50,101.73,101.99,102.23,102.49,102.56,102.44,102.16,101.85,101.51,101.17,100.80,100.38,99.95,99.59,99.34,99.20,98.97,98.94,98.87,98.71,98.64,98.59,98.48,98.33,98.17,97.94,97.58,97.10,96.50,95.81,95.11,94.42,93.78,93.36,93.24,93.29,93.38,93.28,92.68,91.50,89.88,88.13
118.64,118.64,118.64,118.64,118.66,118.71,118.72,118.73,118.74,118.74,118.74,118.69,118.65,118.64,118.64,118.64,118.64,118.64,118.64,118.64,118.59,118.49,118.33,118.16,117.95,117.77,117.60,117.40,117.30,117.22,117.17,117.21,117.37,117.51,117.54,117.46,117.31,117.22,117.10,116.97,116.92,117.05,117.22,117.55,118.03,118.41,118.77,119.06,119.26,119.36,119.61,119.54,119.31,119.05,118.76,118.34,117.76,117.15,116.81,117.07,117.80,118.28,117.95,118.05,118.27,118.54,118.83,119.13,119.45,119.74,119.99,120.21,120.44,120.47,120.35,120.13,119.91,119.66,119.34,118.73,117.55,117.96,118.37,118.50,118.48,118.10,117.30,116.29,115.18,114.16,114.42,116.05,118.24,119.60,119.97,120.09,120.14,120.08,120.08,120.03,120.00,120.00,120.00,120.00,120.00,119.94,119.71,119.25,118.70,118.38,118.50,119.04,119.64,120.12,120.45,120.65,120.73,120.92,121.10,121.17,121.29,121.37,121.37,121.19,120.59,119.84,119.23,118.76,118.30,117.85,117.38,116.88,116.36,115.88,115.22,114.57,113.95,113.33,112.64,112.08,111.54,110.89,110.20,109.64,109.18,108.77,108.32,107.92,107.53,107.14,106.72,106.19,105.41,104.94,104.88,104.37,103.74,103.03,102.25,101.47,100.75,100.06,99.47,98.98,98.44,97.94,97.62,97.63,98.14,98.67,99.21,99.77,100.37,100.92,101.46,101.88,101.98,101.51,100.92,100.34,99.88,99.77,99.94,100.33,100.87,101.47,102.01,102.60,103.21,103.83,104.40,104.71,104.66,104.43,104.20,103.97,103.74,103.52,103.34,103.12,102.89,102.66,102.41,102.10,101.79,101.53,101.38,101.39,101.46,101.48,101.52,101.58,101.61,101.80,102.03,102.26,102.50,102.71,102.61,102.34,102.03,101.72,101.41,101.10,100.77,100.33,99.91,99.59,99.44,99.50,99.45,99.49,99.48,99.38,99.37,99.31,99.20,99.08,98.94,98.72,98.38,97.88,97.25,96.57,95.89,95.19,94.60,94.43,94.47,94.60,94.66,94.40,93.38,91.94,90.42,89.18
118.77,118.77,118.77,118.77,118.77,118.78,118.78,118.83,118.87,118.87,118.87,118.86,118.81,118.77,118.77,118.77,118.77,118.77,118.77,118.77,118.76,118.68,118.51,118.29,118.12,117.96,117.80,117.64,117.56,117.47,117.43,117.47,117.67,117.79,117.82,117.78,117.63,117.54,117.42,117.29,117.20,117.05,117.23,117.57,117.97,118.29,118.56,118.70,118.76,118.84,118.95,118.87,118.66,118.37,118.12,117.70,117.15,116.75,117.09,117.68,118.34,118.89,119.15,119.32,119.58,119.96,120.44,120.94,121.59,122.22,122.70,122.91,123.34,122.98,122.34,121.88,121.46,120.91,120.17,119.14,117.78,118.16,118.92,119.50,119.65,119.59,118.89,117.83,116.67,115.75,115.61,116.51,117.94,118.99,119.60,119.91,120.03,120.02,120.02,120.01,120.00,120.00,120.00,120.00,120.00,119.99,119.94,119.84,119.68,119.60,119.73,120.13,120.47,120.79,121.07,121.22,121.26,121.30,121.34,121.35,121.38,121.39,121.16,120.59,119.82,119.19,118.63,118.13,117.67,117.27,116.78,116.27,115.78,115.25,114.59,113.94,113.32,112.69,112.01,111.38,110.76,110.11,109.64,109.17,108.73,108.33,107.88,107.47,107.09,106.68,106.18,105.38,104.49,103.96,103.97,103.91,103.69,103.15,102.36,101.53,100.76,100.13,99.58,99.05,98.51,97.93,97.72,97.99,98.47,98.99,99.53,100.08,100.63,101.17,101.72,102.06,102.01,101.56,101.03,100.57,100.27,100.14,100.31,100.62,101.04,101.59,102.14,102.69,103.27,103.88,104.41,104.71,104.66,104.43,104.20,103.97,103.74,103.49,103.22,103.05,102.83,102.59,102.35,102.04,101.73,101.63,101.63,101.64,101.71,101.73,101.77,101.84,101.91,102.11,102.35,102.58,102.77,102.74,102.51,102.21,101.90,101.59,101.28,100.97,100.66,100.33,100.05,99.87,99.83,99.89,99.88,99.94,99.97,99.95,99.94,99.88,99.83,99.80,99.75,99.55,99.17,98.63,97.95,97.32,96.69,95.99,95.45,95.63,95.78,95.94,95.87,95.25,94.06,92.72,91.55,90.78
118.89,118.89,118.89,118.89,118.89,118.89,118.89,118.92,118.94,118.95,118.98,118.99,118.97,118.93,118.90,118.89,118.89,118.89,118.89,118.89,118.92,118.87,118.70,118.47,118.30,118.13,117.97,117.88,117.81,117.71,117.67,117.76,117.95,118.08,118.13,118.09,117.95,117.86,117.73,117.57,117.37,117.11,117.20,117.47,117.79,117.99,118.13,118.20,118.23,118.25,118.28,118.16,117.95,117.71,117.45,117.16,116.98,117.05,117.63,118.30,118.95,119.60,120.34,121.22,122.13,122.88,123.44,124.10,124.93,125.73,126.26,126.25,126.11,125.35,124.41,123.61,122.75,121.80,120.72,119.40,117.91,118.70,119.61,120.13,120.29,120.25,119.78,119.04,118.14,117.31,116.81,116.84,117.27,117.95,118.61,119.07,119.42,119.69,119.87,119.94,119.97,120.00,120.00,120.00,120.00,120.00,120.00,120.00,119.97,120.00,120.15,120.45,120.73,121.00,121.24,121.39,121.47,121.47,121.44,121.40,121.40,121.15,120.65,119.94,119.22,118.61,118.03,117.50,117.04,116.61,116.13,115.64,115.16,114.62,113.96,113.31,112.69,112.06,111.38,110.70,110.06,109.48,109.11,108.73,108.32,107.89,107.47,107.05,106.64,106.16,105.42,104.52,103.56,102.98,102.93,103.00,102.98,102.79,102.38,101.67,100.91,100.24,99.64,99.07,98.53,97.95,97.84,98.28,98.78,99.31,99.85,100.40,100.94,101.51,102.06,102.30,102.09,101.75,101.36,101.02,100.78,100.66,100.80,101.02,101.32,101.72,102.19,102.72,103.28,103.89,104.41,104.71,104.66,104.43,104.20,103.97,103.74,103.47,103.19,102.99,102.77,102.53,102.29,102.03,101.84,101.84,101.88,101.90,101.97,101.98,102.02,102.09,102.19,102.39,102.64,102.84,102.82,102.63,102.37,102.09,101.78,101.47,101.16,100.89,100.65,100.42,100.24,100.14,100.10,100.14,100.18,100.22,100.26,100.27,100.24,100.20,100.16,100.14,100.12,99.98,99.73,99.37,98.85,98.18,97.49,96.83,96.45,96.86,97.09,97.24,97.13,96.46,95.32,94.19,93.38,93.01
118.99,119.00,119.00,119.01,119.02,119.02,119.02,119.02,119.02,119.03,119.09,119.11,119.11,119.10,119.04,119.02,119.02,119.02,119.02,119.02,119.07,119.04,118.87,118.66,118.49,118.31,118.16,118.13,118.05,117.93,117.90,118.06,118.22,118.37,118.44,118.40,118.26,118.18,118.04,117.81,117.51,117.21,117.17,117.31,117.53,117.61,117.63,117.67,117.69,117.63,117.62,117.50,117.34,117.20,116.96,116.87,117.10,117.63,118.25,118.94,119.59,120.36,121.47,123.12,124.75,125.94,126.64,127.37,128.22,128.97,129.41,129.17,128.36,127.28,126.16,125.05,123.75,122.44,121.09,119.61,118.11,119.32,120.26,120.59,120.70,120.59,120.35,119.97,119.41,118.73,118.00,117.27,116.79,117.05,117.60,118.19,118.77,119.33,119.68,119.81,119.89,119.95,119.96,119.97,119.97,119.98,119.99,120.00,120.00,120.05,120.20,120.42,120.70,120.97,121.19,121.35,121.50,121.50,121.43,121.34,121.27,120.73,120.02,119.30,118.67,118.06,117.45,116.88,116.40,115.94,115.48,115.02,114.53,113.98,113.32,112.67,112.05,111.43,110.74,110.03,109.39,108.89,108.56,108.25,107.88,107.45,107.06,106.63,106.17,105.55,104.58,103.63,102.66,102.01,101.88,101.96,102.05,102.21,102.24,101.73,101.02,100.32,99.67,99.07,98.53,98.01,98.00,98.53,99.07,99.61,100.16,100.69,101.24,101.84,102.37,102.55,102.27,102.04,101.80,101.56,101.35,101.21,101.32,101.48,101.67,101.93,102.29,102.75,103.30,103.89,104.41,104.71,104.66,104.43,104.20,103.97,103.74,103.47,103.18,102.94,102.71,102.48,102.26,102.08,102.04,102.09,102.13,102.15,102.22,102.23,102.27,102.34,102.45,102.65,102.89,103.01,102.77,102.48,102.22,101.95,101.65,101.37,101.09,100.87,100.72,100.57,100.48,100.40,100.34,100.35,100.41,100.44,100.47,100.51,100.45,100.43,100.38,100.33,100.32,100.25,100.16,100.02,99.70,99.04,98.32,97.73,97.52,98.08,98.37,98.49,98.36,97.73,96.68,95.69,95.03,94.77
119.00,119.00,119.05,119.10,119.14,119.14,119.14,119.14,119.14,119.15,119.17,119.17,119.20,119.24,119.22,119.17,119.14,119.14,119.14,119.14,119.16,119.13,119.01,118.84,118.68,118.55,118.45,118.38,118.26,118.15,118.16,118.32,118.52,118.69,118.73,118.67,118.57,118.49,118.30,117.99,117.65,117.38,117.21,117.14,117.15,117.12,117.11,117.13,117.12,117.06,117.04,117.08,117.14,117.20,117.24,117.36,117.70,118.27,118.89,119.57,120.29,121.15,122.36,124.06,125.81,127.41,128.66,129.19,129.55,129.78,129.83,129.56,128.86,127.82,126.67,125.47,124.02,122.58,121.14,119.75,118.77,119.75,120.56,120.91,121.03,120.91,120.65,120.35,120.03,119.69,119.10,118.32,117.57,117.26,117.37,117.99,118.73,119.28,119.47,119.57,119.65,119.72,119.78,119.83,119.86,119.87,119.93,119.98,120.00,120.02,120.08,120.20,120.42,120.70,120.96,121.16,121.28,121.30,121.23,121.05,120.68,120.05,119.38,118.72,118.11,117.49,116.91,116.33,115.78,115.30,114.88,114.42,113.90,113.35,112.69,112.03,111.41,110.79,110.10,109.34,108.65,108.20,107.92,107.63,107.30,106.95,106.62,106.22,105.56,104.69,103.74,102.76,101.80,101.12,100.89,101.05,101.24,101.48,101.65,101.41,100.86,100.24,99.63,99.07,98.53,98.16,98.25,98.79,99.33,99.87,100.41,100.95,101.49,102.00,102.41,102.68,102.74,102.58,102.36,102.13,101.91,101.73,101.83,101.98,102.16,102.41,102.67,102.94,103.34,103.90,104.41,104.71,104.66,104.43,104.20,103.97,103.74,103.47,103.18,102.94,102.71,102.48,102.30,102.29,102.29,102.34,102.39,102.40,102.47,102.49,102.50,102.56,102.74,102.97,103.05,102.94,102.66,102.35,102.05,101.78,101.55,101.40,101.21,101.07,100.97,100.87,100.79,100.68,100.59,100.59,100.61,100.66,100.70,100.71,100.69,100.64,100.57,100.52,100.51,100.44,100.36,100.25,100.05,99.73,99.24,98.76,98.60,99.22,99.48,99.55,99.39,98.75,97.57,96.24,95.00,93.94
118.93,118.96,119.04,119.11,119.17,119.20,119.20,119.22,119.25,119.27,119.27,119.27,119.30,119.34,119.33,119.29,119.29,119.30,119.27,119.27,119.27,119.25,119.18,119.03,118.87,118.77,118.68,118.61,118.48,118.39,118.42,118.61,118.81,118.97,119.02,118.96,118.88,118.73,118.50,118.20,117.87,117.55,117.26,117.16,117.27,117.20,117.16,117.15,117.16,117.17,117.19,117.30,117.46,117.61,117.77,117.96,118.34,118.91,119.56,120.27,121.02,121.94,123.24,124.96,126.73,128.03,128.69,129.11,129.17,128.97,128.69,128.50,128.03,127.62,127.00,125.88,124.40,122.94,121.53,120.31,119.78,120.37,120.93,121.23,121.34,121.19,120.92,120.61,120.31,120.08,119.61,118.87,118.03,117.44,117.45,118.05,118.74,119.13,119.24,119.31,119.41,119.50,119.58,119.66,119.69,119.71,119.79,119.87,119.91,119.93,119.93,119.95,120.01,120.11,120.28,120.50,120.67,120.75,120.71,120.51,120.13,119.55,118.88,118.19,117.57,116.95,116.37,115.79,115.21,114.68,114.24,113.78,113.27,112.72,112.08,111.42,110.78,110.12,109.38,108.59,107.91,107.53,107.29,107.00,106.69,106.38,106.10,105.76,105.06,104.13,103.17,102.17,101.20,100.50,100.23,100.35,100.52,100.75,100.95,100.86,100.47,99.98,99.48,99.00,98.52,98.29,98.45,98.97,99.51,100.05,100.59,101.11,101.56,101.97,102.31,102.62,102.87,102.87,102.82,102.67,102.44,102.27,102.35,102.51,102.70,102.91,103.13,103.33,103.61,104.02,104.44,104.71,104.66,104.43,104.20,103.97,103.72,103.45,103.18,102.94,102.71,102.54,102.46,102.50,102.53,102.58,102.62,102.65,102.70,102.73,102.75,102.80,103.04,103.16,103.08,102.84,102.54,102.28,102.04,101.83,101.64,101.56,101.44,101.34,101.26,101.16,101.07,100.97,100.87,100.85,100.84,100.88,100.91,100.91,100.90,100.84,100.77,100.71,100.70,100.63,100.54,100.42,100.30,100.16,99.86,99.55,99.45,99.88,100.03,100.03,99.60,98.31,96.66,95.03,93.52,92.17
118.82,118.89,118.96,119.04,119.11,119.17,119.19,119.24,119.31,119.37,119.38,119.39,119.40,119.40,119.41,119.40,119.44,119.46,119.41,119.40,119.40,119.40,119.37,119.22,119.07,118.97,118.89,118.81,118.72,118.65,118.69,118.91,119.07,119.23,119.31,119.28,119.18,118.93,118.66,118.42,118.12,117.69,117.31,117.35,117.73,117.71,117.64,117.62,117.66,117.80,117.88,118.00,118.16,118.31,118.47,118.63,118.98,119.55,120.25,121.01,121.78,122.73,124.11,125.84,127.45,127.86,127.14,127.44,127.32,126.84,126.37,126.36,126.25,126.87,127.15,126.24,124.89,123.51,122.21,121.22,120.99,121.13,121.36,121.56,121.61,121.40,121.10,120.73,120.31,119.96,119.59,118.98,118.18,117.54,117.69,118.24,118.73,118.90,118.99,119.08,119.19,119.32,119.39,119.47,119.50,119.53,119.61,119.69,119.76,119.80,119.79,119.72,119.55,119.40,119.37,119.57,119.82,119.97,119.98,119.83,119.65,119.20,118.53,117.73,117.09,116.45,115.83,115.24,114.68,114.08,113.58,113.11,112.63,112.09,111.48,110.81,110.12,109.41,108.59,107.81,107.20,106.90,106.65,106.37,106.06,105.77,105.52,105.22,104.65,103.83,102.88,101.89,100.89,100.17,99.89,99.87,99.93,100.08,100.25,100.21,99.94,99.61,99.25,98.87,98.50,98.41,98.64,99.10,99.64,100.17,100.69,101.16,101.48,101.81,102.12,102.43,102.72,102.94,103.13,103.12,102.94,102.82,102.87,103.05,103.25,103.41,103.63,103.86,104.06,104.25,104.50,104.72,104.66,104.43,104.19,103.96,103.69,103.41,103.18,102.95,102.73,102.66,102.70,102.71,102.77,102.80,102.83,102.89,102.90,102.96,103.00,103.06,103.29,103.24,103.02,102.74,102.47,102.29,102.17,102.05,101.91,101.82,101.73,101.65,101.56,101.42,101.33,101.25,101.17,101.11,101.09,101.10,101.10,101.10,101.09,101.03,100.96,100.90,100.89,100.82,100.70,100.58,100.50,100.41,100.25,100.11,100.06,100.18,100.18,100.02,99.10,96.84,94.53,92.69,91.20,90.05
118.75,118.82,118.86,118.92,119.00,119.07,119.12,119.19,119.27,119.34,119.39,119.44,119.47,119.47,119.52,119.52,119.54,119.55,119.53,119.52,119.52,119.55,119.55,119.41,119.30,119.20,119.13,119.06,118.97,118.93,118.99,119.17,119.38,119.54,119.61,119.59,119.45,119.21,118.94,118.60,118.17,117.66,117.39,117.53,118.01,118.22,118.20,118.22,118.33,118.48,118.57,118.70,118.86,119.02,119.21,119.38,119.69,120.20,120.94,121.75,122.54,123.52,124.99,126.73,127.13,126.28,124.77,124.26,123.71,123.30,123.15,123.43,124.27,125.63,126.51,126.17,125.34,124.25,123.16,122.27,121.94,121.89,121.95,121.91,121.61,121.25,120.88,120.48,119.98,119.37,119.12,118.80,118.26,117.61,117.86,118.26,118.55,118.66,118.78,118.91,119.03,119.13,119.20,119.28,119.34,119.40,119.47,119.55,119.63,119.67,119.66,119.58,119.38,119.19,119.07,119.06,119.07,119.26,119.43,119.41,119.30,119.02,118.42,117.58,116.77,116.00,115.32,114.71,114.12,113.50,112.96,112.47,111.99,111.45,110.85,110.17,109.41,108.61,107.81,107.10,106.56,106.26,106.02,105.77,105.48,105.19,104.95,104.66,104.25,103.73,103.08,102.25,101.25,100.43,99.98,99.77,99.68,99.72,99.81,99.75,99.56,99.28,98.96,98.66,98.50,98.62,98.89,99.28,99.76,100.22,100.63,101.00,101.31,101.62,101.93,102.24,102.54,102.82,103.06,103.23,103.31,103.31,103.38,103.56,103.76,103.92,104.10,104.28,104.43,104.55,104.72,104.79,104.66,104.42,104.14,103.91,103.66,103.41,103.18,103.00,102.89,102.90,102.95,102.96,103.03,103.06,103.08,103.15,103.16,103.21,103.28,103.31,103.32,103.16,102.98,102.81,102.66,102.55,102.43,102.31,102.21,102.13,102.02,101.91,101.83,101.72,101.64,101.53,101.43,101.35,101.30,101.33,101.36,101.34,101.30,101.22,101.17,101.14,101.09,101.02,100.92,100.82,100.74,100.61,100.51,100.41,100.37,100.42,100.23,99.46,97.94,95.48,93.00,91.20,89.97,89.17
118.66,118.74,118.77,118.82,118.90,118.98,119.05,119.13,119.20,119.26,119.33,119.41,119.46,119.49,119.56,119.59,119.61,119.63,119.65,119.65,119.65,119.68,119.71,119.62,119.54,119.46,119.39,119.31,119.27,119.29,119.40,119.63,119.94,120.24,120.39,120.30,119.88,119.49,119.12,118.69,118.15,117.61,117.47,117.72,118.24,118.65,118.71,118.82,119.01,119.17,119.46,119.81,120.19,120.58,121.01,121.21,121.40,121.62,121.81,122.50,123.29,124.32,125.75,126.81,126.03,124.31,122.48,121.58,120.90,120.61,120.73,121.35,122.84,124.62,125.73,125.63,125.08,124.35,123.59,122.92,122.54,122.39,122.34,122.15,121.61,121.09,120.60,120.09,119.50,118.81,118.65,118.51,118.18,117.66,117.90,118.16,118.34,118.46,118.61,118.75,118.87,118.96,119.04,119.12,119.19,119.27,119.35,119.43,119.50,119.55,119.53,119.46,119.27,119.08,118.91,118.75,118.60,118.69,118.86,118.91,118.93,118.78,118.31,117.54,116.62,115.74,114.97,114.27,113.59,112.96,112.38,111.85,111.36,110.82,110.18,109.45,108.66,107.86,107.11,106.50,106.01,105.66,105.41,105.18,104.91,104.62,104.38,104.09,103.76,103.42,103.02,102.41,101.59,100.81,100.22,99.83,99.59,99.50,99.47,99.37,99.22,99.03,98.83,98.66,98.68,98.91,99.19,99.50,99.88,100.19,100.50,100.81,101.13,101.45,101.77,102.07,102.36,102.67,102.91,103.18,103.45,103.59,103.71,103.90,104.10,104.24,104.39,104.53,104.64,104.75,104.87,104.81,104.64,104.39,104.11,103.87,103.64,103.41,103.22,103.13,103.11,103.15,103.20,103.21,103.28,103.31,103.33,103.40,103.41,103.47,103.52,103.52,103.39,103.21,103.09,103.01,102.91,102.83,102.71,102.59,102.50,102.42,102.30,102.19,102.11,102.02,101.94,101.82,101.71,101.63,101.53,101.55,101.59,101.59,101.52,101.44,101.39,101.36,101.28,101.20,101.11,101.03,100.96,100.83,100.75,100.66,100.59,100.61,100.30,99.37,97.85,95.74,93.42,91.76,90.56,89.61
118.54,118.61,118.68,118.75,118.83,118.91,118.98,119.06,119.11,119.14,119.21,119.29,119.36,119.42,119.50,119.57,119.64,119.71,119.77,119.77,119.78,119.78,119.81,119.86,119.82,119.75,119.68,119.62,119.66,119.78,120.02,120.40,120.90,121.50,121.83,121.62,120.56,119.77,119.16,118.64,118.09,117.55,117.56,117.91,118.45,118.95,119.18,119.45,119.75,120.04,120.79,121.66,122.53,123.41,124.26,124.52,124.52,124.16,123.04,123.32,124.04,125.09,126.28,125.74,124.09,122.19,120.59,120.01,119.67,119.50,119.71,120.72,122.30,124.04,124.97,124.51,123.85,123.49,123.19,122.90,122.66,122.49,122.40,122.18,121.64,121.01,120.33,119.59,118.88,118.44,118.30,118.15,117.91,117.66,117.79,117.95,118.13,118.33,118.49,118.59,118.70,118.83,118.91,118.99,119.06,119.15,119.22,119.30,119.38,119.42,119.41,119.33,119.18,118.98,118.78,118.63,118.47,118.32,118.23,118.27,118.49,118.43,118.14,117.59,116.68,115.76,114.87,113.98,113.12,112.47,111.85,111.27,110.73,110.19,109.48,108.69,107.88,107.19,106.55,106.06,105.61,105.14,104.88,104.64,104.36,104.06,103.81,103.52,103.17,102.81,102.48,102.12,101.72,101.20,100.55,99.98,99.63,99.40,99.22,99.08,98.93,98.90,98.93,98.97,99.10,99.31,99.55,99.78,99.96,100.09,100.32,100.63,100.94,101.31,101.64,101.92,102.17,102.47,102.72,103.00,103.30,103.57,103.79,104.02,104.20,104.30,104.45,104.55,104.67,104.80,104.87,104.77,104.58,104.34,104.10,103.87,103.64,103.44,103.32,103.35,103.36,103.40,103.46,103.47,103.53,103.56,103.58,103.65,103.66,103.71,103.73,103.66,103.57,103.48,103.40,103.30,103.17,103.08,102.99,102.89,102.76,102.68,102.59,102.51,102.41,102.28,102.19,102.11,102.02,101.94,101.80,101.77,101.80,101.84,101.77,101.69,101.62,101.55,101.47,101.39,101.27,101.17,101.15,101.07,100.99,100.88,100.78,100.75,100.43,100.03,99.38,98.18,96.42,94.99,93.47,91.68
118.46,118.54,118.61,118.67,118.72,118.79,118.87,118.95,119.01,119.06,119.13,119.21,119.29,119.36,119.45,119.52,119.59,119.67,119.74,119.75,119.78,119.82,119.96,120.45,120.65,120.68,120.67,120.72,120.79,121.12,121.54,121.97,122.58,123.30,123.63,123.28,121.95,120.44,119.42,118.76,118.18,117.56,117.64,118.06,118.60,119.19,119.93,121.05,122.41,123.74,124.98,125.88,126.55,127.09,127.55,127.69,127.65,127.27,126.08,125.34,125.21,125.41,125.42,124.30,122.69,121.14,119.97,119.56,119.40,119.42,119.81,120.92,122.49,124.01,124.54,123.61,122.65,122.25,122.10,122.05,122.05,121.92,121.81,121.71,121.49,121.03,119.91,118.89,118.36,118.13,118.09,118.06,117.98,117.90,117.98,118.03,118.11,118.25,118.37,118.45,118.55,118.66,118.73,118.81,118.89,118.98,119.09,119.17,119.25,119.30,119.28,119.20,119.06,118.87,118.65,118.50,118.34,118.14,117.97,117.90,117.95,117.98,117.87,117.52,116.72,115.82,114.89,113.95,113.01,112.20,111.42,110.74,110.20,109.66,109.00,108.27,107.58,107.14,106.75,106.34,105.88,105.35,104.90,104.50,104.06,103.62,103.26,102.95,102.62,102.28,101.97,101.66,101.38,100.99,100.43,99.94,99.62,99.38,99.18,99.11,99.07,99.17,99.30,99.39,99.54,99.69,99.84,99.97,100.05,100.13,100.26,100.48,100.80,101.14,101.46,101.75,102.03,102.29,102.57,102.83,103.11,103.42,103.66,103.89,104.11,104.31,104.46,104.59,104.72,104.85,104.84,104.71,104.53,104.33,104.10,103.83,103.67,103.58,103.53,103.60,103.61,103.66,103.71,103.72,103.75,103.76,103.78,103.85,103.86,103.85,103.81,103.74,103.67,103.62,103.56,103.47,103.36,103.28,103.20,103.11,103.02,102.97,102.87,102.78,102.69,102.58,102.49,102.39,102.28,102.20,102.10,102.03,102.03,102.04,101.97,101.89,101.81,101.74,101.66,101.54,101.43,101.34,101.30,101.22,101.15,101.07,101.00,100.89,100.59,100.34,100.04,99.47,98.64,97.93,96.91,95.30
118.40,118.48,118.55,118.59,118.62,118.70,118.78,118.86,118.93,119.01,119.09,119.16,119.24,119.32,119.39,119.47,119.55,119.63,119.69,119.70,119.76,119.84,120.10,121.02,121.56,121.78,121.87,122.05,122.14,122.67,123.27,123.75,124.46,125.22,125.58,125.23,123.73,121.24,119.69,118.89,118.26,117.59,117.72,118.18,118.75,119.44,120.85,122.98,125.46,127.67,129.04,129.73,130.06,130.17,130.17,130.09,129.98,129.68,128.70,126.85,125.71,124.99,124.00,122.76,121.51,120.45,119.74,119.43,119.40,119.59,120.12,121.28,122.81,124.00,124.10,122.77,121.50,120.91,120.81,121.00,121.23,121.18,121.03,120.98,121.14,121.05,119.66,118.47,118.14,118.03,118.06,118.14,118.20,118.20,118.25,118.23,118.22,118.27,118.30,118.34,118.41,118.48,118.56,118.64,118.71,118.81,118.94,119.03,119.11,119.16,119.15,119.07,118.94,118.74,118.53,118.37,118.22,118.02,117.82,117.66,117.50,117.55,117.55,117.34,116.75,115.88,114.95,113.99,112.98,111.99,111.03,110.26,109.73,109.21,108.66,108.08,107.58,107.35,107.19,106.81,106.32,105.77,105.16,104.59,104.00,103.38,102.90,102.53,102.19,101.85,101.51,101.18,100.91,100.59,100.18,99.83,99.59,99.40,99.27,99.29,99.36,99.53,99.69,99.78,99.92,100.01,100.08,100.13,100.14,100.20,100.27,100.40,100.67,100.97,101.27,101.58,101.87,102.11,102.41,102.67,102.92,103.23,103.47,103.71,103.97,104.25,104.43,104.61,104.77,104.88,104.79,104.65,104.49,104.30,104.08,103.83,103.75,103.75,103.77,103.83,103.85,103.88,103.93,103.93,103.94,103.95,103.97,104.01,104.00,103.95,103.88,103.80,103.73,103.72,103.67,103.59,103.52,103.44,103.37,103.30,103.24,103.21,103.10,102.99,102.92,102.84,102.76,102.64,102.53,102.46,102.39,102.31,102.26,102.23,102.16,102.08,102.00,101.91,101.83,101.69,101.59,101.51,101.42,101.35,101.26,101.20,101.15,101.00,100.75,100.55,100.40,100.27,100.17,100.08,99.65,98.58
118.34,118.41,118.48,118.56,118.62,118.70,118.78,118.86,118.93,119.01,119.09,119.16,119.24,119.32,119.39,119.47,119.55,119.63,119.69,119.70,119.76,119.84,120.15,121.33,122.31,122.84,123.11,123.42,123.53,124.12,124.85,125.47,126.33,127.13,127.73,127.75,126.05,122.07,119.78,118.89,118.27,117.64,117.82,118.34,118.95,119.75,122.04,125.11,128.14,130.06,130.55,130.69,130.80,130.86,130.80,130.45,130.07,129.66,128.72,126.03,123.98,122.79,122.08,121.26,120.51,119.95,119.59,119.31,119.40,119.66,120.21,121.45,122.91,123.66,123.36,121.92,120.46,119.60,119.52,120.01,120.39,120.49,120.18,119.95,120.33,120.92,119.98,119.00,118.68,118.43,118.44,118.53,118.58,118.57,118.53,118.55,118.56,118.50,118.34,118.27,118.28,118.35,118.43,118.51,118.59,118.67,118.76,118.84,118.91,118.99,119.02,118.95,118.81,118.61,118.40,118.25,118.09,117.93,117.74,117.53,117.37,117.27,117.12,116.94,116.73,115.95,114.98,113.99,112.95,111.75,110.64,109.84,109.37,108.95,108.57,108.29,108.08,107.86,107.69,107.29,106.77,106.21,105.60,105.04,104.37,103.62,103.03,102.57,102.10,101.63,101.20,100.77,100.43,100.14,99.88,99.68,99.55,99.51,99.53,99.60,99.67,99.81,99.94,100.03,100.12,100.20,100.25,100.26,100.27,100.33,100.37,100.42,100.56,100.79,101.08,101.39,101.68,101.92,102.22,102.48,102.73,103.04,103.28,103.55,103.83,104.07,104.29,104.55,104.77,104.87,104.73,104.59,104.39,104.19,104.03,103.96,103.94,103.94,103.95,104.02,104.04,104.05,104.06,104.07,104.12,104.14,104.13,104.08,104.02,103.99,103.95,103.87,103.79,103.78,103.73,103.66,103.58,103.51,103.47,103.43,103.36,103.29,103.20,103.12,103.04,102.97,102.89,102.80,102.74,102.71,102.64,102.56,102.49,102.43,102.35,102.27,102.16,102.04,101.96,101.87,101.79,101.69,101.56,101.47,101.35,101.22,101.10,101.00,100.88,100.74,100.61,100.51,100.38,100.24,100.04,99.72
118.31,118.39,118.47,118.55,118.62,118.70,118.78,118.86,118.93,119.01,119.09,119.16,119.24,119.32,119.39,119.47,119.55,119.62,119.66,119.69,119.76,119.84,120.16,121.35,122.54,123.48,124.17,124.72,124.98,125.61,126.38,127.14,128.05,128.83,129.47,129.60,127.93,122.49,119.64,118.85,118.23,117.65,117.90,118.47,119.09,119.92,122.81,126.44,129.67,131.19,131.21,131.04,130.91,130.77,130.56,130.17,129.76,129.31,128.46,125.60,122.88,121.13,120.64,120.26,119.94,119.69,119.50,119.23,119.39,119.67,120.23,121.45,122.76,123.39,123.06,121.75,120.39,119.44,119.09,119.31,119.74,119.88,119.51,119.19,119.66,120.62,120.25,119.59,119.20,118.87,118.84,118.86,118.88,118.87,118.80,118.76,118.70,118.57,118.35,118.21,118.18,118.23,118.31,118.38,118.46,118.54,118.62,118.69,118.77,118.85,118.89,118.82,118.68,118.51,118.31,118.13,117.97,117.81,117.63,117.41,117.25,117.09,116.90,116.70,116.59,115.97,115.08,114.08,113.08,111.90,110.80,109.96,109.45,109.15,108.90,108.73,108.59,108.37,108.20,107.77,107.20,106.65,106.00,105.31,104.55,103.79,103.20,102.72,102.22,101.72,101.23,100.76,100.36,100.08,99.92,99.80,99.71,99.72,99.79,99.87,99.94,100.05,100.17,100.27,100.36,100.41,100.45,100.47,100.48,100.51,100.53,100.54,100.60,100.72,100.93,101.20,101.49,101.73,102.03,102.29,102.54,102.84,103.09,103.37,103.65,103.88,104.11,104.41,104.66,104.80,104.78,104.62,104.43,104.25,104.14,104.10,104.11,104.13,104.14,104.18,104.19,104.20,104.23,104.23,104.24,104.25,104.21,104.14,104.06,104.05,104.01,103.93,103.86,103.84,103.80,103.72,103.64,103.56,103.55,103.52,103.44,103.35,103.28,103.20,103.13,103.05,103.00,102.94,102.87,102.84,102.77,102.69,102.60,102.53,102.45,102.35,102.13,101.92,101.91,101.87,101.80,101.71,101.59,101.48,101.31,101.12,100.95,100.88,100.80,100.69,100.58,100.47,100.34,100.25,100.16,100.10
118.30,118.38,118.46,118.53,118.61,118.69,118.77,118.84,118.92,119.00,119.08,119.15,119.23,119.31,119.38,119.46,119.54,119.59,119.62,119.67,119.75,119.83,120.12,121.20,122.45,123.71,124.86,125.67,126.21,126.94,127.78,128.64,129.59,130.38,130.87,130.79,129.00,122.53,119.39,118.76,118.17,117.66,117.98,118.59,119.19,120.01,123.35,127.32,130.54,131.65,131.32,130.93,130.57,130.14,129.69,129.37,129.09,128.77,128.06,125.41,122.32,120.10,119.67,119.62,119.60,119.55,119.42,119.18,119.36,119.67,120.19,121.31,122.46,123.12,122.95,121.84,120.69,119.75,119.08,118.84,119.22,119.36,118.97,118.65,119.17,120.24,120.44,120.14,119.66,119.31,119.22,119.17,119.12,119.09,119.01,118.89,118.73,118.56,118.35,118.18,118.09,118.11,118.18,118.26,118.33,118.41,118.49,118.56,118.64,118.72,118.77,118.69,118.56,118.40,118.22,118.00,117.84,117.68,117.50,117.28,117.12,116.97,116.77,116.56,116.39,115.97,115.22,114.29,113.34,112.28,111.25,110.37,109.76,109.58,109.42,109.27,109.11,108.88,108.70,108.23,107.62,107.02,106.32,105.46,104.63,103.93,103.39,102.91,102.44,101.95,101.44,100.97,100.51,100.22,100.13,100.05,99.98,99.98,100.05,100.11,100.19,100.27,100.37,100.52,100.60,100.63,100.66,100.71,100.71,100.72,100.72,100.72,100.73,100.74,100.85,101.05,101.30,101.54,101.83,102.10,102.35,102.66,102.90,103.18,103.46,103.70,103.93,104.22,104.49,104.70,104.83,104.70,104.54,104.41,104.33,104.25,104.27,104.31,104.31,104.32,104.33,104.36,104.41,104.39,104.33,104.30,104.27,104.20,104.13,104.10,104.07,104.00,103.92,103.90,103.86,103.78,103.70,103.63,103.61,103.58,103.50,103.42,103.34,103.27,103.20,103.13,103.11,103.05,102.98,102.91,102.83,102.75,102.67,102.59,102.51,102.34,102.01,101.70,101.77,101.78,101.74,101.67,101.57,101.42,101.21,100.98,100.79,100.69,100.61,100.52,100.42,100.28,100.15,100.03,99.92,99.83
118.24,118.32,118.40,118.48,118.55,118.63,118.70,118.79,118.86,118.94,119.02,119.09,119.17,119.24,119.33,119.41,119.48,119.55,119.60,119.63,119.69,119.77,120.00,120.83,121.92,123.13,124.33,125.40,126.49,127.62,128.65,129.56,130.73,131.66,131.70,130.49,127.44,121.83,119.20,118.60,118.08,117.78,118.13,118.67,119.20,120.04,123.79,127.85,130.87,131.74,130.78,130.10,129.55,128.75,127.86,127.63,127.77,127.98,127.61,125.44,122.78,120.63,119.73,119.50,119.42,119.38,119.32,119.16,119.32,119.61,120.07,120.98,122.00,122.78,122.77,121.69,120.65,119.82,119.12,118.70,118.92,119.07,118.72,118.49,119.12,119.90,120.31,120.30,119.94,119.67,119.48,119.39,119.34,119.18,119.04,118.90,118.72,118.52,118.34,118.18,118.05,117.98,118.05,118.13,118.21,118.28,118.36,118.44,118.52,118.59,118.64,118.57,118.43,118.27,118.10,117.88,117.71,117.56,117.37,117.16,116.99,116.84,116.65,116.43,116.26,115.94,115.45,114.77,113.83,112.82,111.80,110.86,110.16,110.06,109.93,109.81,109.67,109.44,109.18,108.65,107.94,107.17,106.32,105.41,104.66,104.11,103.58,103.09,102.63,102.16,101.68,101.21,100.79,100.52,100.44,100.36,100.33,100.33,100.34,100.32,100.39,100.46,100.56,100.71,100.79,100.85,100.89,100.91,100.91,100.91,100.91,100.91,100.91,100.91,100.98,101.05,101.13,101.35,101.64,101.91,102.16,102.47,102.71,102.99,103.27,103.51,103.79,104.05,104.30,104.53,104.72,104.80,104.75,104.66,104.58,104.45,104.43,104.44,104.45,104.50,104.51,104.52,104.53,104.47,104.39,104.34,104.29,104.26,104.19,104.13,104.09,104.05,103.98,103.92,103.89,103.84,103.77,103.70,103.67,103.64,103.56,103.48,103.41,103.36,103.32,103.25,103.19,103.12,103.05,102.96,102.89,102.81,102.73,102.66,102.57,102.25,101.82,101.51,101.59,101.64,101.65,101.60,101.51,101.36,101.14,100.91,100.69,100.51,100.42,100.31,100.19,100.05,99.73,99.12,98.65,98.43
118.18,118.25,118.34,118.42,118.49,118.56,118.65,118.72,118.80,118.88,118.95,119.03,119.11,119.19,119.27,119.34,119.42,119.49,119.56,119.59,119.64,119.70,119.87,120.39,121.29,122.38,123.56,124.72,126.10,127.52,128.83,130.14,132.01,132.58,131.97,129.84,125.21,120.95,119.02,118.42,117.94,117.79,118.11,118.60,119.17,120.20,124.27,128.48,131.23,131.22,129.67,128.57,127.77,126.89,125.81,125.44,125.66,126.20,126.43,125.44,123.46,121.33,119.91,119.53,119.39,119.31,119.24,119.11,119.27,119.54,119.95,120.68,121.60,122.46,122.56,121.51,120.51,119.62,118.97,118.62,118.66,118.74,118.55,118.48,119.05,119.59,120.06,120.23,120.06,119.86,119.66,119.52,119.41,119.21,119.05,118.90,118.71,118.50,118.33,118.18,118.02,117.91,117.94,118.00,118.08,118.16,118.24,118.31,118.39,118.47,118.51,118.44,118.30,118.15,117.97,117.75,117.58,117.43,117.26,117.06,116.87,116.71,116.53,116.33,116.11,115.82,115.48,115.01,114.26,113.33,112.34,111.37,110.62,110.53,110.43,110.31,110.17,109.91,109.56,108.92,108.11,107.23,106.31,105.44,104.77,104.30,103.77,103.28,102.82,102.36,101.93,101.47,101.09,100.87,100.80,100.72,100.70,100.69,100.66,100.61,100.63,100.69,100.78,100.90,100.98,101.06,101.10,101.10,101.10,101.12,101.13,101.13,101.13,101.13,101.19,101.21,101.19,101.31,101.50,101.72,101.97,102.27,102.52,102.80,103.08,103.32,103.63,103.88,104.11,104.34,104.57,104.74,104.80,104.79,104.76,104.66,104.62,104.60,104.61,104.66,104.65,104.63,104.62,104.54,104.46,104.39,104.34,104.32,104.26,104.17,104.13,104.12,104.05,103.96,103.94,103.91,103.83,103.76,103.73,103.70,103.63,103.55,103.47,103.44,103.41,103.34,103.27,103.19,103.10,103.03,102.95,102.90,102.83,102.73,102.51,102.10,101.63,101.32,101.39,101.45,101.48,101.49,101.44,101.27,101.05,100.81,100.58,100.36,100.19,99.83,99.33,98.83,98.25,97.35,96.45,95.67
118.11,118.20,118.27,118.35,118.42,118.50,118.58,118.66,118.73,118.81,118.89,118.97,119.05,119.12,119.20,119.28,119.36,119.43,119.50,119.58,119.60,119.64,119.74,119.98,120.63,121.57,122.65,123.78,125.20,126.76,128.39,130.32,133.15,133.04,131.73,128.94,122.76,120.01,118.85,118.24,117.82,117.74,117.96,118.41,119.13,120.47,124.80,129.21,131.66,130.24,128.15,126.51,125.41,124.66,123.63,122.99,123.00,123.65,124.63,125.30,124.17,122.00,120.14,119.67,119.50,119.35,119.20,119.06,119.20,119.47,119.84,120.43,121.25,122.13,122.30,121.34,120.35,119.27,118.70,118.63,118.50,118.41,118.41,118.56,118.91,119.31,119.70,119.98,120.03,119.89,119.74,119.56,119.37,119.21,119.05,118.89,118.71,118.50,118.33,118.18,118.02,117.88,117.82,117.88,117.95,118.03,118.11,118.19,118.26,118.34,118.39,118.32,118.18,118.02,117.85,117.63,117.46,117.30,117.15,116.97,116.76,116.59,116.43,116.23,115.94,115.63,115.32,114.98,114.55,113.78,112.83,111.88,111.11,110.98,110.89,110.77,110.56,110.23,109.80,109.06,108.15,107.23,106.31,105.56,104.97,104.49,103.96,103.48,103.02,102.58,102.17,101.72,101.42,101.24,101.17,101.10,101.08,101.04,100.99,100.97,100.92,100.94,101.02,101.10,101.17,101.25,101.29,101.29,101.30,101.35,101.38,101.38,101.38,101.38,101.44,101.48,101.47,101.43,101.43,101.56,101.79,102.09,102.33,102.61,102.89,103.13,103.43,103.68,103.91,104.15,104.37,104.54,104.68,104.80,104.85,104.85,104.81,104.77,104.78,104.79,104.73,104.69,104.68,104.60,104.52,104.45,104.39,104.38,104.31,104.23,104.19,104.18,104.10,104.03,104.00,103.97,103.89,103.82,103.79,103.76,103.69,103.61,103.53,103.50,103.48,103.41,103.33,103.25,103.17,103.10,103.02,102.99,102.95,102.78,102.37,101.91,101.45,101.13,101.19,101.22,101.27,101.33,101.35,101.16,100.94,100.71,100.47,100.23,99.97,99.22,98.16,97.03,96.15,95.19,93.86,92.19
118.05,118.13,118.20,118.29,118.36,118.44,118.52,118.59,118.67,118.75,118.83,118.91,118.98,119.05,119.13,119.22,119.29,119.36,119.45,119.52,119.57,119.61,119.67,119.83,120.15,120.79,121.69,122.79,124.28,125.95,127.67,129.55,131.93,132.26,130.93,127.60,121.44,119.38,118.53,118.10,118.10,117.97,117.93,118.28,119.20,120.76,125.33,129.83,132.00,129.67,127.18,124.93,123.26,122.32,121.44,121.02,121.01,121.58,123.13,124.53,124.19,122.58,120.70,119.99,119.72,119.55,119.34,119.11,119.14,119.33,119.64,120.13,120.88,121.64,121.89,121.30,120.50,119.49,119.01,119.03,118.83,118.58,118.37,118.36,118.67,119.01,119.38,119.69,119.81,119.69,119.65,119.53,119.36,119.20,119.05,118.86,118.67,118.49,118.33,118.18,118.00,117.81,117.70,117.75,117.83,117.91,117.98,118.06,118.14,118.21,118.27,118.23,118.07,117.89,117.73,117.55,117.35,117.18,117.02,116.85,116.63,116.46,116.28,116.06,115.75,115.44,115.13,114.82,114.48,113.99,113.25,112.36,111.55,111.38,111.26,111.02,110.66,110.25,109.75,109.00,108.12,107.23,106.36,105.69,105.16,104.69,104.20,103.73,103.26,102.82,102.43,101.97,101.71,101.57,101.50,101.46,101.42,101.39,101.35,101.31,101.27,101.25,101.25,101.29,101.36,101.44,101.50,101.54,101.54,101.57,101.58,101.59,101.63,101.64,101.69,101.76,101.77,101.66,101.60,101.61,101.69,101.91,102.14,102.42,102.70,102.94,103.20,103.44,103.67,103.90,104.13,104.29,104.45,104.59,104.71,104.77,104.79,104.82,104.86,104.86,104.80,104.76,104.74,104.66,104.58,104.51,104.46,104.45,104.38,104.30,104.26,104.24,104.17,104.09,104.06,104.03,103.96,103.89,103.83,103.79,103.75,103.67,103.59,103.56,103.54,103.46,103.39,103.31,103.25,103.22,103.14,103.08,102.96,102.69,102.24,101.78,101.29,100.93,100.96,101.00,101.07,101.13,101.16,101.15,100.98,100.74,100.50,100.23,100.00,99.46,98.60,97.52,96.39,95.32,93.81,91.80
118.01,118.09,118.15,118.23,118.30,118.38,118.45,118.53,118.61,118.69,118.77,118.84,118.92,118.99,119.07,119.15,119.23,119.30,119.38,119.45,119.54,119.58,119.63,119.75,119.84,120.20,120.84,121.83,123.37,125.08,126.81,128.57,130.47,131.38,130.00,126.10,120.61,118.89,118.29,118.16,118.48,118.29,118.00,118.26,119.30,121.03,125.85,130.42,132.32,129.32,126.59,123.91,121.79,120.65,120.01,119.81,119.81,120.27,121.94,123.66,123.96,122.99,121.30,120.47,120.08,119.80,119.52,119.23,119.09,119.18,119.45,119.85,120.46,121.06,121.38,121.20,120.71,119.92,119.50,119.47,119.19,118.80,118.41,118.22,118.45,118.75,119.11,119.41,119.55,119.45,119.48,119.45,119.34,119.20,119.05,118.85,118.64,118.49,118.33,118.18,117.99,117.77,117.63,117.62,117.68,117.75,117.83,117.93,118.01,118.09,118.15,118.14,117.96,117.77,117.61,117.45,117.23,117.05,116.89,116.73,116.51,116.33,116.13,115.87,115.56,115.25,114.94,114.63,114.32,114.02,113.49,112.76,112.00,111.77,111.51,111.12,110.66,110.17,109.63,108.92,108.08,107.23,106.45,105.86,105.37,104.91,104.44,103.98,103.52,103.08,102.68,102.24,102.02,101.90,101.82,101.81,101.77,101.73,101.70,101.65,101.63,101.58,101.53,101.53,101.58,101.66,101.72,101.77,101.77,101.79,101.80,101.81,101.89,101.92,101.96,102.03,102.06,101.94,101.85,101.78,101.74,101.83,101.99,102.24,102.51,102.74,102.97,103.21,103.44,103.67,103.88,104.04,104.20,104.35,104.50,104.60,104.69,104.76,104.83,104.87,104.84,104.81,104.78,104.70,104.64,104.58,104.52,104.50,104.44,104.37,104.31,104.29,104.23,104.16,104.11,104.08,104.02,103.95,103.87,103.83,103.81,103.73,103.66,103.61,103.59,103.53,103.45,103.38,103.33,103.32,103.25,103.14,102.92,102.55,102.09,101.63,101.13,100.75,100.74,100.81,100.87,100.91,100.96,101.11,101.01,100.82,100.58,100.30,100.11,99.81,99.32,98.56,97.59,96.53,94.98,92.84
118.01,118.09,118.11,118.16,118.23,118.31,118.39,118.47,118.55,118.63,118.70,118.78,118.86,118.93,119.00,119.09,119.17,119.24,119.31,119.40,119.48,119.55,119.62,119.70,119.78,119.91,120.20,120.93,122.47,124.14,125.83,127.61,129.40,130.76,129.01,124.47,120.18,118.57,118.26,118.52,118.90,118.62,118.21,118.37,119.39,121.28,126.35,130.96,132.62,129.22,126.43,123.66,121.37,120.12,119.85,119.75,119.75,120.07,121.17,122.81,123.53,123.12,121.85,121.18,120.58,120.07,119.72,119.40,119.08,119.06,119.31,119.63,119.94,120.37,120.75,120.93,120.91,120.49,120.10,119.81,119.39,118.94,118.53,118.26,118.28,118.56,118.92,119.18,119.26,119.24,119.25,119.27,119.29,119.19,119.05,118.84,118.64,118.49,118.33,118.18,117.99,117.77,117.62,117.49,117.49,117.57,117.65,117.79,117.88,117.96,118.02,118.02,117.83,117.64,117.49,117.33,117.10,116.92,116.77,116.60,116.38,116.20,115.98,115.68,115.37,115.06,114.75,114.44,114.13,113.83,113.48,113.01,112.47,112.14,111.59,111.06,110.58,110.05,109.51,108.84,108.06,107.21,106.59,106.09,105.62,105.16,104.70,104.23,103.77,103.33,102.94,102.55,102.37,102.26,102.15,102.14,102.12,102.08,102.03,102.02,101.96,101.93,101.90,101.85,101.85,101.91,101.95,101.96,101.96,102.02,102.05,102.07,102.15,102.22,102.24,102.28,102.32,102.25,102.17,102.09,102.01,101.91,101.92,102.09,102.32,102.55,102.78,103.01,103.25,103.46,103.63,103.79,103.94,104.10,104.25,104.39,104.49,104.57,104.66,104.79,104.86,104.85,104.78,104.71,104.69,104.64,104.57,104.50,104.49,104.43,104.36,104.30,104.28,104.22,104.15,104.10,104.08,104.01,103.94,103.88,103.87,103.80,103.72,103.65,103.60,103.58,103.52,103.44,103.38,103.38,103.30,103.13,102.81,102.36,101.90,101.44,100.97,100.61,100.55,100.61,100.65,100.68,100.77,100.97,101.00,100.90,100.72,100.48,100.26,100.09,99.93,99.74,99.55,98.75,97.33,95.24
117.97,118.04,118.09,118.12,118.17,118.25,118.33,118.41,118.48,118.56,118.63,118.72,118.79,118.86,118.95,119.03,119.10,119.17,119.25,119.33,119.41,119.52,119.65,119.69,119.74,119.80,119.94,120.39,121.74,123.46,125.31,127.20,129.06,130.04,127.67,122.86,119.67,118.45,118.50,118.97,119.19,118.73,118.28,118.44,119.49,121.55,126.85,131.31,132.79,129.62,125.88,122.72,120.66,119.95,119.81,119.74,119.74,119.97,120.75,122.10,122.91,122.98,122.33,121.67,121.04,120.42,119.86,119.50,119.12,118.99,119.13,119.44,119.71,119.98,120.22,120.39,120.47,120.31,120.08,119.81,119.43,119.01,118.61,118.27,118.12,118.41,118.76,118.97,119.00,119.00,119.00,119.02,119.05,119.04,118.97,118.82,118.64,118.49,118.33,118.15,117.95,117.77,117.61,117.46,117.40,117.42,117.51,117.62,117.70,117.78,117.85,117.88,117.70,117.51,117.36,117.20,116.98,116.80,116.64,116.48,116.29,116.07,115.80,115.49,115.18,114.87,114.56,114.25,113.94,113.63,113.33,112.97,112.54,112.11,111.53,110.98,110.45,109.87,109.26,108.56,107.89,107.32,106.81,106.34,105.88,105.41,104.95,104.49,104.02,103.58,103.21,102.89,102.72,102.60,102.51,102.50,102.47,102.43,102.39,102.36,102.31,102.28,102.24,102.20,102.16,102.18,102.20,102.20,102.21,102.27,102.32,102.36,102.41,102.48,102.53,102.57,102.59,102.55,102.45,102.36,102.28,102.16,102.12,102.15,102.23,102.33,102.55,102.78,103.01,103.22,103.38,103.57,103.74,103.89,104.00,104.15,104.28,104.38,104.48,104.66,104.83,104.88,104.83,104.76,104.75,104.70,104.63,104.56,104.55,104.50,104.41,104.35,104.35,104.28,104.20,104.15,104.14,104.08,104.00,103.95,103.94,103.87,103.78,103.71,103.65,103.64,103.58,103.50,103.45,103.44,103.37,103.12,102.70,102.17,101.67,101.23,100.78,100.43,100.36,100.35,100.38,100.45,100.57,100.72,100.78,100.80,100.77,100.61,100.42,100.30,100.21,100.11,100.10,99.70,98.96,97.69
117.90,117.98,118.05,118.09,118.12,118.19,118.27,118.34,118.42,118.49,118.58,118.65,118.73,118.80,118.88,118.96,119.04,119.11,119.20,119.28,119.38,119.53,119.69,119.71,119.70,119.75,119.82,120.05,121.23,123.08,125.12,127.07,128.67,128.79,125.88,121.27,119.15,118.50,118.89,119.46,119.45,118.82,118.33,118.49,119.59,121.87,127.33,131.65,132.97,129.98,125.15,121.71,120.03,119.90,119.81,119.73,119.73,119.90,120.43,121.41,122.18,122.57,122.47,121.87,121.31,120.66,119.95,119.55,119.18,118.95,118.96,119.27,119.55,119.70,119.78,119.86,119.92,119.93,119.85,119.67,119.38,119.03,118.66,118.29,118.00,118.27,118.58,118.75,118.75,118.75,118.75,118.75,118.77,118.84,118.85,118.77,118.63,118.49,118.33,118.12,117.92,117.77,117.61,117.45,117.33,117.30,117.38,117.45,117.53,117.61,117.69,117.75,117.59,117.40,117.23,117.08,116.86,116.68,116.52,116.36,116.19,115.92,115.61,115.30,114.99,114.68,114.37,114.06,113.75,113.44,113.13,112.81,112.44,111.93,111.38,110.83,110.20,109.33,108.57,107.93,107.49,107.29,106.94,106.56,106.13,105.67,105.20,104.74,104.28,103.84,103.47,103.23,103.06,102.94,102.88,102.87,102.81,102.78,102.75,102.69,102.67,102.63,102.58,102.56,102.49,102.45,102.44,102.44,102.46,102.53,102.60,102.66,102.67,102.74,102.81,102.86,102.86,102.85,102.74,102.63,102.55,102.46,102.39,102.32,102.25,102.22,102.39,102.58,102.77,102.97,103.14,103.35,103.53,103.67,103.77,103.91,104.07,104.20,104.32,104.55,104.77,104.89,104.88,104.83,104.80,104.76,104.69,104.62,104.61,104.55,104.47,104.42,104.41,104.34,104.27,104.22,104.20,104.14,104.06,104.01,103.99,103.92,103.85,103.77,103.72,103.71,103.64,103.57,103.53,103.50,103.44,103.12,102.62,102.02,101.47,101.03,100.56,100.16,100.05,99.95,99.98,100.11,100.29,100.42,100.52,100.63,100.73,100.68,100.56,100.46,100.36,100.24,100.22,100.14,100.05,99.64
117.84,117.92,117.99,118.06,118.10,118.13,118.20,118.28,118.36,118.44,118.51,118.59,118.67,118.74,118.81,118.90,118.98,119.05,119.13,119.27,119.45,119.60,119.71,119.76,119.72,119.75,119.81,120.00,121.30,123.36,125.57,127.28,127.40,125.89,122.98,119.78,118.68,118.93,119.55,119.97,119.77,119.03,118.41,118.49,119.66,122.25,127.82,132.16,133.31,129.74,124.23,121.10,119.93,119.89,119.81,119.69,119.67,119.78,120.06,120.67,121.23,121.59,121.59,121.34,120.95,120.44,119.88,119.54,119.22,118.93,118.83,119.13,119.33,119.44,119.52,119.59,119.61,119.62,119.54,119.39,119.25,119.00,118.69,118.35,118.04,118.13,118.35,118.50,118.50,118.50,118.50,118.50,118.51,118.59,118.65,118.65,118.58,118.48,118.33,118.12,117.92,117.77,117.61,117.41,117.24,117.17,117.25,117.33,117.40,117.48,117.56,117.62,117.50,117.31,117.11,116.95,116.78,116.58,116.39,116.22,116.01,115.73,115.42,115.11,114.80,114.49,114.18,113.87,113.56,113.25,112.90,112.53,112.14,111.66,111.09,110.52,109.61,107.67,106.57,106.38,106.53,106.65,106.73,106.66,106.38,105.92,105.46,104.99,104.53,104.09,103.73,103.53,103.38,103.28,103.25,103.19,103.17,103.13,103.08,103.06,103.00,102.97,102.94,102.88,102.80,102.69,102.63,102.64,102.70,102.78,102.86,102.93,102.98,103.00,103.06,103.13,103.17,103.12,103.03,102.94,102.85,102.73,102.69,102.64,102.56,102.50,102.54,102.55,102.60,102.73,102.94,103.12,103.28,103.43,103.57,103.72,103.88,104.05,104.25,104.48,104.71,104.86,104.90,104.87,104.82,104.79,104.75,104.69,104.67,104.62,104.54,104.48,104.47,104.41,104.33,104.28,104.27,104.20,104.13,104.05,104.00,103.98,103.91,103.83,103.78,103.77,103.70,103.67,103.63,103.57,103.50,103.15,102.61,102.01,101.41,100.83,100.22,99.67,99.38,99.22,99.23,99.43,99.81,100.13,100.30,100.41,100.52,100.61,100.59,100.53,100.45,100.36,100.29,100.18,100.09,99.96
117.78,117.85,117.92,118.00,118.07,118.10,118.14,118.22,118.29,118.36,118.45,118.53,118.60,118.67,118.75,118.84,118.93,119.04,119.15,119.31,119.52,119.67,119.76,119.83,119.83,119.90,120.07,120.48,121.86,123.95,126.03,127.23,126.23,124.08,121.55,119.33,118.55,119.29,120.02,120.26,119.86,119.07,118.47,118.57,119.86,122.93,128.40,132.23,132.81,129.16,124.84,122.51,121.44,120.81,120.02,119.71,119.63,119.66,119.82,120.15,120.47,120.70,120.75,120.71,120.48,120.13,119.75,119.50,119.25,118.97,118.80,119.00,119.11,119.19,119.26,119.30,119.33,119.31,119.23,119.12,119.00,118.81,118.59,118.33,118.07,118.02,118.12,118.20,118.20,118.23,118.23,118.23,118.26,118.34,118.41,118.44,118.44,118.40,118.29,118.10,117.92,117.77,117.61,117.39,117.20,117.10,117.13,117.20,117.28,117.35,117.43,117.50,117.39,117.19,116.98,116.83,116.67,116.46,116.26,116.09,115.84,115.54,115.23,114.92,114.61,114.30,113.99,113.68,113.37,113.00,112.62,112.23,111.83,111.37,110.80,109.97,108.73,106.96,105.72,105.50,105.73,105.94,106.23,106.34,106.24,105.97,105.68,105.25,104.78,104.35,104.02,103.85,103.71,103.63,103.60,103.55,103.52,103.48,103.44,103.39,103.30,103.24,103.19,103.09,103.03,102.93,102.86,102.87,102.92,103.02,103.11,103.19,103.26,103.29,103.34,103.40,103.45,103.41,103.31,103.22,103.14,103.05,103.02,102.95,102.88,102.81,102.80,102.76,102.75,102.79,102.92,103.02,103.11,103.22,103.38,103.56,103.75,103.95,104.19,104.42,104.65,104.82,104.90,104.90,104.83,104.80,104.77,104.71,104.70,104.67,104.60,104.54,104.50,104.46,104.39,104.33,104.30,104.26,104.19,104.11,104.05,104.04,103.97,103.92,103.87,103.84,103.77,103.74,103.71,103.64,103.59,103.21,102.66,102.03,101.39,100.82,100.25,99.74,99.34,98.85,98.36,98.21,98.64,99.28,99.89,100.23,100.34,100.46,100.48,100.43,100.36,100.31,100.27,100.17,100.09,100.00
117.71,117.79,117.86,117.94,118.02,118.08,118.10,118.16,118.23,118.30,118.38,118.46,118.54,118.61,118.70,118.78,118.91,119.06,119.21,119.38,119.59,119.75,119.86,120.01,120.14,120.33,120.66,121.35,122.75,124.71,126.43,127.00,125.29,123.13,121.17,119.60,118.80,119.68,120.35,120.39,119.82,119.01,118.52,118.70,120.13,123.80,129.03,132.13,132.09,128.99,126.75,125.15,123.72,122.13,120.31,119.77,119.62,119.55,119.68,119.79,119.89,119.98,120.04,120.09,119.99,119.78,119.56,119.39,119.23,119.00,118.80,118.88,118.89,118.94,118.98,119.00,119.06,119.02,118.94,118.84,118.70,118.55,118.38,118.22,118.06,117.94,117.90,117.90,117.91,117.97,117.98,117.98,118.00,118.08,118.16,118.19,118.21,118.25,118.19,118.07,117.92,117.77,117.60,117.39,117.20,117.08,117.02,117.07,117.15,117.22,117.30,117.37,117.26,117.06,116.85,116.70,116.54,116.34,116.13,115.95,115.66,115.35,115.04,114.73,114.42,114.11,113.80,113.48,113.15,112.70,112.30,111.91,111.51,111.05,110.51,109.35,107.83,106.76,105.57,105.14,105.15,105.31,105.62,105.79,105.84,105.82,105.76,105.41,105.00,104.61,104.34,104.16,104.06,103.99,103.93,103.91,103.84,103.80,103.77,103.69,103.55,103.46,103.36,103.23,103.21,103.16,103.11,103.11,103.13,103.25,103.35,103.43,103.52,103.59,103.62,103.65,103.71,103.70,103.59,103.48,103.42,103.41,103.35,103.27,103.19,103.13,103.12,103.11,103.08,103.03,103.03,103.04,103.05,103.09,103.23,103.44,103.67,103.89,104.12,104.35,104.58,104.76,104.89,104.89,104.84,104.80,104.77,104.72,104.70,104.70,104.66,104.58,104.52,104.50,104.45,104.39,104.32,104.30,104.25,104.18,104.12,104.11,104.04,104.00,103.98,103.91,103.84,103.81,103.78,103.72,103.70,103.29,102.72,102.09,101.45,100.94,100.52,100.13,99.68,98.86,97.75,97.02,97.22,98.07,99.21,99.93,100.17,100.27,100.29,100.25,100.20,100.19,100.19,100.13,100.04,99.81
