203.65,199.04,196.16,193.63,191.07,188.74,187.44,186.56,186.08,185.89,185.13,184.15,182.91,181.53,180.19,178.07,174.44,170.89,169.01,167.64,166.26,164.91,163.67,162.67,161.73,160.80,159.86,158.88,157.95,157.01,156.05,155.09,154.19,153.82,154.05,154.41,153.93,153.43,152.90,152.45,152.16,151.72,150.89,149.63,147.91,145.86,143.66,142.35,142.05,142.58,143.52,144.52,145.45,146.20,146.69,147.10,147.48,147.87,148.30,148.49,148.76,148.87,148.49,148.06,147.74,146.68,144.75,143.28,142.00,141.10,140.60,140.54,140.63,140.77,140.82,140.65,140.16,139.60,139.01,138.39,137.68,137.00,136.37,135.77,135.19,134.77,134.52,134.13,133.47,132.64,131.80,130.95,130.15,129.53,129.19,128.94,128.69,128.43,128.19,127.97,127.72,127.44,127.21,126.98,126.72,126.44,126.18,125.89,125.62,125.37,125.17,125.01,124.86,124.70,124.55,124.37,124.16,123.97,123.76,123.54,123.54,123.50,123.37,123.07,122.38,121.69,121.02,120.35,119.71,119.27,118.92,118.56,118.03,117.14,116.26,115.36,114.45,113.60,112.77,111.53,110.07,108.56,107.13,105.64,104.15,102.64,101.12,100.19,99.80,99.63,99.41,99.24,99.05,98.92,98.96,99.12,99.34,99.53,99.95,101.47,105.16,106.55,106.08,105.30,106.41,108.90,113.35,118.50,119.85,120.15,120.17,119.97,117.42,103.71,87.51,76.61,74.00,73.03,72.87,72.91,72.94,72.90,72.83,72.71,72.55,72.41,72.32,72.19,72.03,71.89,71.81,71.68,71.54,71.41,71.32,71.19,71.04,70.92,70.83,70.70,70.56,70.45,70.36,70.27,70.15,70.04,69.89,69.62,69.25,68.92,68.78,68.86,68.94,68.96,69.02,69.07,69.08,69.15,69.17,69.22,69.33,69.43,69.57,69.69,69.80,70.00,70.06,70.12,70.23,70.36,70.39,70.45,70.50,70.52,70.52,70.52,70.52,70.52,70.50,70.50,70.46,70.42,70.43,70.48,70.42,70.30,70.13,69.86,69.52,69.14,68.73,68.26,67.72,67.14,66.56,66.01
199.50,196.68,194.00,191.59,189.56,188.23,188.20,188.24,188.16,187.93,187.41,186.61,185.49,184.18,182.85,180.95,177.29,172.98,169.50,167.94,166.58,165.23,164.00,163.05,162.12,161.19,160.26,159.32,158.39,157.42,156.48,155.60,154.75,155.06,155.59,155.89,155.72,155.36,154.87,154.38,153.91,153.10,151.51,149.02,146.06,144.20,142.09,141.26,141.61,142.36,143.32,144.33,145.29,146.20,147.09,147.75,148.20,148.56,148.99,149.14,149.22,149.15,148.82,148.43,148.19,146.97,144.52,142.33,140.88,140.02,139.58,139.54,139.71,139.88,139.99,139.97,139.70,138.97,138.17,137.43,136.68,136.03,135.45,134.90,134.36,133.89,133.71,133.63,133.43,132.69,131.86,131.01,130.24,129.72,129.43,129.19,128.98,128.79,128.57,128.38,128.18,127.94,127.71,127.47,127.24,126.98,126.69,126.44,126.24,126.06,125.90,125.74,125.59,125.43,125.26,125.04,124.87,124.66,124.45,124.20,123.56,123.05,122.58,122.06,121.38,120.68,120.07,119.55,119.10,118.65,118.25,117.82,117.21,116.31,115.39,114.47,113.56,112.72,111.93,111.03,109.80,108.12,106.42,104.64,102.89,101.32,100.27,99.90,99.76,99.63,99.41,99.24,99.08,98.98,99.03,99.24,99.47,99.66,100.72,104.61,109.10,109.95,108.77,107.63,106.93,108.15,111.05,115.19,119.21,120.07,120.11,119.49,115.11,97.15,83.73,76.51,74.33,73.02,72.79,72.82,72.79,72.67,72.58,72.45,72.30,72.16,72.07,71.94,71.78,71.65,71.56,71.48,71.35,71.22,71.14,71.05,70.92,70.80,70.72,70.63,70.54,70.42,70.30,70.22,70.13,70.01,69.81,69.50,69.13,68.94,68.91,68.99,69.06,69.13,69.20,69.26,69.27,69.34,69.36,69.37,69.42,69.55,69.70,69.82,70.03,70.55,70.39,70.32,70.42,70.55,70.63,70.70,70.78,70.83,70.84,70.84,70.84,70.82,70.76,70.75,70.74,70.73,70.74,70.75,70.79,70.77,70.66,70.48,70.24,70.02,69.74,69.27,68.73,68.19,67.65,67.09
198.22,195.75,193.11,190.93,189.76,190.21,191.14,191.44,191.09,190.31,189.84,189.01,187.99,186.71,184.78,182.01,177.45,172.60,169.27,167.80,166.74,165.69,164.60,163.63,162.63,161.64,160.68,159.72,158.78,157.86,156.96,156.22,155.99,156.61,157.26,157.62,157.63,157.31,156.81,156.00,154.70,153.14,150.85,147.47,143.63,141.92,140.81,140.66,141.25,142.14,143.10,144.09,145.08,146.05,147.05,147.90,148.64,149.25,149.65,149.81,149.76,149.54,149.19,148.85,148.67,147.58,145.18,142.37,140.30,139.14,138.65,138.53,138.68,138.81,138.90,138.89,138.63,138.00,137.23,136.43,135.66,134.99,134.48,134.02,133.49,133.01,132.86,132.88,132.88,132.57,131.89,131.12,130.40,129.86,129.61,129.40,129.18,128.98,128.79,128.57,128.33,128.11,127.87,127.64,127.41,127.15,126.84,126.53,126.25,126.00,125.77,125.57,125.38,125.17,124.93,124.71,124.50,124.26,124.02,123.72,122.93,122.25,121.66,121.07,120.46,119.87,119.34,118.87,118.47,118.02,117.62,117.11,116.39,115.45,114.51,113.59,112.69,111.88,111.06,110.05,108.70,106.95,105.14,103.32,101.70,100.47,99.94,99.78,99.70,99.59,99.40,99.24,99.12,99.07,99.14,99.32,99.55,99.73,101.10,106.13,111.03,113.01,112.79,111.19,108.87,108.70,110.34,113.65,118.40,119.81,119.95,118.38,111.31,91.60,81.06,76.79,74.92,73.45,72.86,72.66,72.57,72.46,72.38,72.27,72.14,72.00,71.92,71.81,71.67,71.54,71.46,71.38,71.28,71.16,71.05,70.98,70.87,70.75,70.64,70.56,70.48,70.39,70.27,70.16,70.08,69.95,69.73,69.39,69.08,69.00,69.04,69.11,69.19,69.27,69.35,69.41,69.45,69.49,69.53,69.55,69.57,69.68,69.80,70.13,70.71,71.27,71.05,70.84,70.75,70.77,70.88,70.96,71.04,71.10,71.11,71.11,71.11,71.09,71.05,71.01,71.00,71.02,71.05,71.05,71.12,71.16,71.13,71.01,70.83,70.69,70.48,70.09,69.63,69.23,68.77,68.21
198.09,195.68,193.48,192.02,191.86,193.61,194.96,195.13,194.30,192.92,192.29,191.34,190.29,188.90,186.28,182.44,176.91,171.74,169.03,167.77,167.03,166.25,165.29,164.28,163.21,162.17,161.15,160.12,159.16,158.27,157.43,156.86,157.30,158.09,158.77,159.20,159.30,159.02,158.42,157.18,155.01,152.74,149.83,145.76,141.35,139.89,139.79,140.17,140.83,141.84,142.84,143.86,144.90,145.95,146.99,148.06,149.06,149.89,150.28,150.47,150.32,149.97,149.60,149.29,149.16,148.28,146.02,142.41,139.87,138.50,137.89,137.60,137.61,137.68,137.72,137.66,137.36,136.88,136.21,135.42,134.66,133.94,133.48,133.09,132.59,132.13,132.01,132.06,132.16,132.27,131.84,131.20,130.53,129.97,129.73,129.50,129.26,129.03,128.86,128.59,128.32,128.09,127.86,127.63,127.40,127.14,126.82,126.43,126.05,125.69,125.37,125.11,124.85,124.56,124.28,124.04,123.81,123.53,123.25,122.91,122.11,121.37,120.71,120.13,119.60,119.14,118.68,118.24,117.83,117.38,116.97,116.40,115.56,114.57,113.63,112.70,111.82,111.01,110.10,108.84,107.30,105.52,103.69,101.98,100.66,99.91,99.80,99.71,99.64,99.54,99.39,99.24,99.16,99.16,99.24,99.38,99.59,99.78,101.25,106.70,111.95,115.55,116.83,115.15,111.91,110.45,110.70,112.91,117.51,119.27,119.27,116.74,108.03,87.88,79.49,77.18,75.52,74.01,73.00,72.51,72.38,72.30,72.22,72.13,72.04,71.90,71.81,71.73,71.62,71.49,71.40,71.31,71.24,71.14,71.01,70.91,70.83,70.73,70.59,70.50,70.42,70.34,70.25,70.11,70.02,69.88,69.64,69.28,69.09,69.10,69.18,69.25,69.34,69.41,69.48,69.56,69.63,69.64,69.69,69.72,69.75,69.89,70.06,70.65,71.55,72.04,71.81,71.47,71.21,71.06,71.12,71.20,71.28,71.35,71.36,71.37,71.36,71.36,71.35,71.29,71.27,71.30,71.36,71.37,71.43,71.50,71.54,71.48,71.36,71.26,71.11,70.80,70.41,70.13,69.76,69.23
198.88,196.88,196.64,197.36,198.38,199.14,199.50,198.89,197.59,195.97,194.71,193.42,192.03,190.21,187.12,182.63,176.78,171.68,169.41,168.55,167.87,167.02,165.98,164.97,163.91,162.83,161.74,160.57,159.50,158.55,157.77,157.41,158.13,159.03,159.68,160.02,160.09,159.94,159.01,157.28,154.77,152.24,148.89,144.48,140.08,139.22,139.23,139.54,140.16,141.30,142.51,143.71,144.91,146.15,147.34,148.67,149.72,150.41,150.84,151.04,150.83,150.42,150.05,149.78,149.66,148.91,146.56,141.53,139.40,138.39,137.63,136.91,136.53,136.44,136.45,136.39,136.05,135.59,135.04,134.41,133.69,132.95,132.43,132.06,131.69,131.24,131.16,131.25,131.40,131.54,131.54,131.17,130.53,129.95,129.64,129.35,129.06,128.78,128.55,128.32,128.07,127.84,127.61,127.38,127.15,126.89,126.56,126.13,125.73,125.33,124.91,124.55,124.16,123.83,123.57,123.29,123.05,122.80,122.54,122.15,121.29,120.50,119.87,119.38,118.90,118.48,118.04,117.59,117.14,116.74,116.30,115.64,114.68,113.68,112.74,111.85,110.97,110.04,108.83,107.36,105.74,104.01,102.23,100.86,100.07,99.81,99.73,99.66,99.58,99.48,99.33,99.22,99.23,99.26,99.29,99.39,99.59,99.78,101.04,105.80,111.58,116.76,119.73,119.17,117.12,114.74,112.99,113.06,116.57,118.06,116.96,113.99,107.84,89.03,80.34,77.53,75.97,74.48,73.14,72.47,72.37,72.23,72.15,72.08,71.99,71.89,71.76,71.67,71.58,71.48,71.34,71.25,71.17,71.09,70.99,70.86,70.77,70.68,70.58,70.45,70.36,70.28,70.20,70.10,69.97,69.79,69.51,69.19,69.22,69.29,69.37,69.45,69.52,69.60,69.68,69.75,69.82,69.83,69.84,69.85,69.93,70.34,70.87,71.66,72.52,72.83,72.57,72.23,71.91,71.60,71.38,71.39,71.49,71.61,71.61,71.66,71.65,71.61,71.61,71.59,71.59,71.62,71.68,71.69,71.75,71.80,71.82,71.86,71.83,71.77,71.64,71.36,70.94,70.61,70.28,69.87
201.81,201.29,201.83,202.91,203.62,202.82,201.45,200.10,198.74,197.27,195.77,194.29,192.63,190.50,187.28,183.17,178.21,173.75,171.11,169.60,168.65,167.71,166.64,165.59,164.46,163.34,162.19,160.97,159.84,158.83,157.96,157.50,158.31,159.26,159.94,160.27,160.31,159.98,158.45,156.10,153.41,150.72,147.40,143.33,139.50,138.91,138.95,139.17,139.59,140.50,141.86,143.40,144.97,146.48,147.91,149.25,150.21,150.81,151.28,151.55,151.35,150.95,150.62,150.40,150.22,149.65,147.58,142.01,139.54,138.37,137.50,136.58,135.94,135.56,135.32,135.13,134.76,134.29,133.77,133.21,132.58,131.91,131.39,131.03,130.78,130.50,130.47,130.55,130.71,131.00,131.27,130.98,130.31,129.79,129.47,129.17,128.87,128.60,128.34,128.09,127.84,127.58,127.32,127.08,126.85,126.60,126.27,125.82,125.42,124.99,124.55,124.15,123.70,123.33,123.02,122.66,122.35,122.07,121.79,121.38,120.51,119.68,119.03,118.55,118.11,117.69,117.25,116.79,116.37,115.98,115.60,114.96,113.94,112.85,111.87,110.92,109.93,108.78,107.41,105.81,104.12,102.47,101.05,100.23,99.86,99.78,99.67,99.59,99.52,99.43,99.34,99.29,99.34,99.38,99.39,99.47,99.62,99.78,100.91,105.15,110.49,116.56,121.02,121.72,120.54,118.22,115.65,114.15,116.16,116.85,115.48,112.93,108.43,92.49,82.57,78.03,76.47,74.88,73.29,72.47,72.33,72.21,72.10,72.01,71.94,71.85,71.73,71.62,71.52,71.44,71.31,71.20,71.11,71.03,70.95,70.84,70.72,70.63,70.54,70.42,70.34,70.24,70.14,70.06,69.92,69.69,69.44,69.26,69.35,69.44,69.52,69.59,69.67,69.75,70.06,70.58,71.05,70.82,70.67,70.65,70.77,71.27,71.86,72.67,73.48,73.63,73.33,73.00,72.66,72.28,71.97,71.80,71.77,71.83,71.86,71.93,71.94,71.90,71.90,71.90,71.90,71.93,71.99,72.00,72.07,72.10,72.12,72.20,72.23,72.18,72.01,71.69,71.24,70.82,70.45,70.05
206.14,207.29,207.75,207.98,207.39,204.81,201.56,199.55,198.25,197.12,195.74,194.33,192.63,190.43,187.41,184.15,180.53,176.86,173.54,170.94,169.44,168.32,167.23,166.13,164.92,163.74,162.56,161.32,160.15,159.10,158.09,157.39,158.13,159.10,159.83,160.20,160.15,159.33,157.09,154.19,151.47,148.74,145.70,142.31,139.31,138.79,138.83,138.94,139.12,139.66,141.09,143.01,145.01,146.86,148.59,149.82,150.63,151.18,151.69,152.03,151.88,151.49,151.17,150.96,150.68,150.07,148.12,142.71,139.80,138.34,137.41,136.45,135.64,134.96,134.41,134.02,133.60,133.09,132.54,132.00,131.44,130.91,130.45,130.12,129.99,129.95,129.94,129.98,130.16,130.65,131.02,130.70,129.96,129.52,129.25,128.97,128.68,128.43,128.14,127.89,127.63,127.32,127.03,126.78,126.54,126.28,125.95,125.54,125.13,124.72,124.28,123.88,123.43,123.02,122.62,122.17,121.78,121.44,121.13,120.71,119.85,118.99,118.28,117.74,117.29,116.83,116.37,115.93,115.54,115.17,114.88,114.34,113.35,112.13,111.02,109.92,108.73,107.35,105.89,104.23,102.53,101.06,100.17,99.92,99.85,99.76,99.63,99.54,99.47,99.41,99.41,99.41,99.46,99.50,99.52,99.59,99.67,99.79,100.83,104.68,109.21,115.69,121.31,123.21,122.81,121.07,118.41,115.94,116.31,115.99,114.74,112.92,109.45,97.27,85.71,78.72,77.00,75.24,73.46,72.49,72.27,72.19,72.05,71.95,71.87,71.79,71.71,71.58,71.47,71.38,71.30,71.16,71.06,70.98,70.89,70.81,70.69,70.57,70.48,70.40,70.33,70.22,70.09,70.00,69.84,69.60,69.41,69.41,69.49,69.57,69.64,69.75,70.00,70.24,70.97,72.08,73.00,72.45,72.05,71.91,71.99,72.47,72.94,73.69,74.45,74.42,74.09,73.75,73.42,73.04,72.72,72.38,72.14,72.08,72.12,72.19,72.22,72.21,72.21,72.22,72.22,72.25,72.31,72.32,72.38,72.42,72.44,72.51,72.58,72.51,72.28,71.89,71.42,70.91,70.44,69.96
211.53,212.46,211.96,210.41,207.81,203.84,199.75,197.27,195.70,194.61,194.02,193.65,192.78,191.26,189.10,186.27,182.93,179.44,176.04,172.94,170.52,168.81,167.67,166.48,165.26,164.03,162.81,161.59,160.37,159.30,158.29,157.55,158.01,158.92,159.69,160.07,159.65,157.61,154.88,152.10,149.63,147.16,144.48,141.68,139.31,138.78,138.70,138.74,138.86,139.23,140.53,142.61,144.91,147.11,149.20,150.43,151.19,151.72,152.24,152.55,152.33,151.83,151.34,150.96,150.52,148.72,145.09,140.93,139.09,138.13,137.31,136.36,135.42,134.69,134.09,133.53,132.95,132.35,131.78,131.24,130.66,130.29,130.03,129.88,129.84,129.83,129.83,129.87,130.05,130.59,130.81,130.39,129.66,129.25,128.95,128.69,128.42,128.14,127.88,127.65,127.38,127.08,126.82,126.54,126.26,125.97,125.66,125.40,125.05,124.65,124.23,123.80,123.38,122.96,122.53,122.11,121.68,121.29,120.91,120.43,119.65,118.84,118.04,117.25,116.52,115.96,115.50,115.10,114.73,114.44,114.15,113.78,113.12,111.72,110.26,108.77,107.30,105.88,104.30,102.67,101.25,100.31,99.97,99.86,99.80,99.71,99.62,99.58,99.52,99.47,99.47,99.52,99.55,99.59,99.64,99.67,99.73,99.82,100.76,104.33,108.82,115.34,121.15,123.56,124.43,123.03,120.76,118.61,117.71,116.77,115.29,113.42,110.55,102.44,89.61,80.02,77.45,75.61,73.71,72.57,72.22,72.13,72.03,71.91,71.80,71.73,71.65,71.56,71.44,71.32,71.24,71.14,71.06,70.96,70.84,70.75,70.66,70.55,70.43,70.34,70.27,70.18,70.07,69.93,69.74,69.53,69.44,69.54,69.62,69.69,69.77,70.09,71.27,72.49,73.87,75.15,75.70,75.01,74.27,73.66,73.32,73.64,74.00,74.70,75.42,75.21,74.85,74.52,74.18,73.81,73.48,73.12,72.80,72.58,72.41,72.44,72.47,72.47,72.48,72.52,72.54,72.57,72.63,72.64,72.70,72.74,72.75,72.83,72.86,72.78,72.53,72.08,71.57,71.03,70.49,69.87
216.37,216.12,213.97,210.85,207.00,202.34,197.72,194.65,192.74,191.73,191.50,191.54,191.18,190.34,189.13,186.69,183.60,180.37,177.28,174.07,171.20,169.14,167.89,166.63,165.37,164.11,162.85,161.61,160.47,159.45,158.46,157.67,157.83,158.61,159.37,159.67,158.73,156.01,153.06,150.42,148.26,146.07,143.68,141.38,139.60,139.04,138.82,138.73,138.77,139.17,140.51,142.81,145.37,147.71,149.78,150.96,151.74,152.36,152.84,152.87,152.44,151.80,151.17,150.60,148.82,145.78,142.01,139.40,138.35,137.67,136.94,136.10,135.25,134.52,133.86,133.22,132.55,131.92,131.31,130.73,130.19,129.94,129.82,129.77,129.77,129.79,129.82,129.86,130.02,130.60,130.69,130.21,129.47,128.99,128.67,128.41,128.14,127.86,127.60,127.34,127.06,126.76,126.51,126.23,125.92,125.61,125.32,125.11,124.79,124.44,124.13,123.78,123.47,123.09,122.68,122.27,121.83,121.41,120.98,120.48,119.82,119.20,118.46,117.54,116.50,115.65,114.88,114.26,113.94,113.69,113.42,113.16,112.73,111.55,110.20,108.58,106.66,104.54,102.81,101.40,100.40,99.94,99.87,99.83,99.76,99.69,99.62,99.60,99.57,99.54,99.56,99.62,99.65,99.69,99.76,99.77,99.90,100.14,101.16,104.49,108.72,114.90,120.65,123.72,125.81,125.44,123.76,121.54,119.52,117.96,116.27,114.42,112.09,107.19,94.93,83.50,78.07,75.86,73.84,72.58,72.16,72.08,71.99,71.89,71.77,71.69,71.59,71.51,71.40,71.26,71.18,71.10,71.02,70.93,70.80,70.70,70.61,70.52,70.39,70.29,70.20,70.13,70.03,69.85,69.67,69.53,69.50,69.63,69.72,69.81,70.24,71.27,73.08,75.07,76.80,77.99,78.12,77.23,76.08,75.12,74.66,74.84,75.08,75.66,76.28,75.96,75.60,75.26,74.92,74.56,74.22,73.87,73.52,73.19,72.89,72.78,72.75,72.75,72.76,72.81,72.84,72.88,72.94,72.95,73.02,73.05,73.07,73.14,73.18,73.03,72.71,72.24,71.73,71.17,70.58,69.90
220.35,218.21,213.95,209.64,205.48,200.92,195.94,192.21,189.94,189.08,188.65,188.28,187.89,187.50,187.05,185.04,182.30,179.51,177.00,174.11,171.38,169.28,167.87,166.55,165.23,163.93,162.63,161.40,160.46,159.55,158.59,157.75,157.58,158.16,158.86,158.97,157.43,154.72,151.79,149.25,147.40,145.45,143.33,141.54,140.35,139.75,139.41,139.12,139.02,139.58,141.09,143.68,146.44,148.69,150.32,151.41,152.27,153.03,153.45,152.98,152.22,151.43,150.71,149.89,145.80,141.81,139.61,138.59,137.79,137.07,136.38,135.72,135.11,134.39,133.66,132.98,132.35,131.73,131.08,130.44,130.00,129.84,129.75,129.70,129.72,129.78,129.85,129.90,130.06,130.66,130.68,130.18,129.43,128.75,128.43,128.13,127.84,127.58,127.28,126.98,126.68,126.37,126.08,125.82,125.54,125.23,124.93,124.63,124.32,124.06,123.88,123.75,123.58,123.33,122.98,122.55,122.16,121.74,121.30,120.84,120.34,120.00,119.48,118.59,117.29,115.98,114.58,113.50,113.20,112.92,112.65,112.40,112.07,111.41,110.67,109.22,106.77,103.32,101.50,100.48,99.98,99.89,99.83,99.80,99.75,99.68,99.62,99.61,99.60,99.61,99.67,99.69,99.75,99.83,99.95,100.03,100.33,100.84,102.06,105.15,108.79,114.28,119.85,123.77,126.93,128.20,127.33,124.63,121.74,119.48,117.61,115.90,114.05,111.25,101.47,89.10,78.86,76.00,73.81,72.52,72.09,72.01,71.94,71.85,71.77,71.68,71.55,71.45,71.34,71.20,71.12,71.04,70.97,70.88,70.79,70.66,70.55,70.47,70.38,70.24,70.14,70.06,69.95,69.75,69.64,69.60,69.62,69.70,69.80,70.02,71.18,73.34,75.34,77.67,79.40,80.26,80.04,78.86,77.31,76.21,76.00,76.08,76.18,76.58,77.03,76.67,76.35,75.99,75.63,75.31,74.93,74.61,74.26,73.90,73.57,73.23,73.07,73.06,73.07,73.08,73.13,73.20,73.27,73.28,73.33,73.37,73.39,73.47,73.52,73.27,72.84,72.37,71.89,71.32,70.72,70.07
222.74,219.36,214.28,209.55,205.51,201.69,196.44,192.53,190.28,189.44,188.60,187.63,186.38,185.00,183.86,182.19,179.84,177.28,175.00,173.13,171.05,169.19,167.69,166.24,164.87,163.53,162.30,161.29,160.49,159.64,158.75,157.91,157.40,157.72,158.21,158.13,156.29,153.62,150.89,148.53,146.78,144.91,143.69,143.06,142.79,142.29,141.97,141.50,141.13,141.48,142.55,144.81,147.39,149.54,150.81,151.83,152.76,153.52,153.75,153.07,152.20,151.32,150.34,148.57,144.99,141.72,139.85,138.99,138.21,137.46,136.70,135.91,135.15,134.34,133.56,132.84,132.21,131.56,130.88,130.25,129.90,129.78,129.69,129.66,129.70,129.78,129.86,129.98,130.24,130.78,130.71,130.27,129.64,128.94,128.45,127.97,127.53,127.17,126.86,126.55,126.27,125.99,125.69,125.41,125.11,124.80,124.49,124.18,123.87,123.59,123.36,123.20,123.04,122.87,122.67,122.39,122.17,121.94,121.63,121.21,120.79,120.49,120.07,119.41,118.35,116.80,115.11,113.64,112.75,111.93,111.44,111.04,110.49,109.62,109.37,108.20,105.64,101.97,100.59,100.09,99.89,99.84,99.81,99.77,99.70,99.64,99.66,99.66,99.66,99.68,99.74,99.75,99.81,100.09,100.71,101.52,102.04,102.27,103.01,105.80,108.73,113.54,118.93,123.40,127.19,129.12,129.25,127.70,124.95,122.19,119.75,117.59,115.62,113.42,106.07,93.69,79.73,76.24,73.81,72.42,72.03,71.94,71.87,71.80,71.72,71.63,71.53,71.44,71.33,71.19,71.11,71.03,70.93,70.82,70.74,70.63,70.52,70.41,70.33,70.22,70.10,70.00,69.90,69.73,69.67,69.69,69.73,69.80,70.08,71.27,73.19,75.50,77.41,79.36,80.89,81.56,80.82,79.48,78.12,77.32,77.33,77.44,77.42,77.59,77.79,77.43,77.10,76.75,76.38,76.06,75.69,75.36,75.02,74.63,74.23,73.77,73.46,73.34,73.39,73.43,73.47,73.52,73.59,73.64,73.67,73.71,73.75,73.78,73.74,73.43,72.96,72.49,71.99,71.47,70.92,70.32
224.99,220.88,215.58,210.80,207.05,204.08,198.92,195.13,193.03,192.25,191.19,189.12,186.53,183.87,181.70,179.61,177.03,174.45,172.54,171.52,170.10,168.61,167.21,165.79,164.44,163.16,162.04,161.22,160.49,159.68,158.81,157.96,157.18,157.21,157.50,157.28,155.26,152.62,150.25,148.26,146.57,144.88,144.62,145.06,145.59,145.47,145.32,144.84,144.28,144.24,144.61,146.29,148.46,150.32,151.33,152.31,153.26,153.99,154.01,153.25,152.32,151.40,150.26,148.08,145.44,142.94,140.93,139.61,138.71,137.91,137.07,136.14,135.22,134.34,133.52,132.75,132.09,131.41,130.73,130.12,129.84,129.72,129.63,129.61,129.69,129.78,129.87,130.07,130.44,130.90,130.74,130.36,129.87,129.23,128.62,128.01,127.44,126.96,126.59,126.23,125.89,125.59,125.28,124.99,124.69,124.38,124.07,123.76,123.45,123.14,122.84,122.60,122.38,122.24,122.13,121.98,121.89,121.82,121.66,121.34,121.01,120.72,120.41,119.98,119.16,117.51,115.68,113.97,112.53,111.20,110.28,109.51,108.66,107.54,107.21,106.07,103.75,100.81,100.02,99.89,99.86,99.80,99.78,99.73,99.67,99.64,99.71,99.72,99.72,99.75,99.81,99.83,100.07,100.86,102.27,103.67,104.22,104.03,104.09,106.29,108.56,112.74,117.94,122.98,127.03,129.33,130.30,129.93,127.95,125.35,122.55,119.82,117.42,115.23,109.84,97.92,81.53,76.86,73.98,72.42,71.97,71.88,71.80,71.73,71.66,71.59,71.52,71.43,71.31,71.19,71.11,71.03,70.91,70.78,70.70,70.62,70.49,70.37,70.29,70.19,70.06,69.96,69.87,69.76,69.74,69.78,69.91,70.28,71.09,73.12,75.48,77.64,79.27,80.76,82.08,82.65,81.52,80.08,78.97,78.49,78.68,78.84,78.72,78.62,78.53,78.14,77.79,77.42,77.03,76.66,76.27,75.91,75.54,75.13,74.66,74.14,73.78,73.63,73.70,73.78,73.82,73.85,73.91,73.99,74.00,74.04,74.11,74.10,73.93,73.55,73.08,72.59,72.04,71.53,71.05,70.54
227.70,223.57,218.67,214.27,210.95,208.77,204.38,201.07,199.23,198.64,197.85,193.75,189.22,185.36,182.10,178.13,174.06,171.03,169.93,169.09,168.14,167.16,166.19,165.16,164.00,162.92,161.99,161.21,160.45,159.58,158.66,157.75,156.87,156.57,156.70,156.48,154.33,151.71,150.02,148.72,147.09,145.83,146.35,147.41,148.37,149.11,149.33,149.15,148.69,148.06,147.52,148.38,149.80,151.01,151.96,152.90,153.83,154.52,154.36,153.57,152.64,151.71,150.75,149.57,147.47,145.00,142.49,140.14,138.94,138.04,137.13,136.20,135.28,134.41,133.56,132.74,131.98,131.33,130.66,130.07,129.83,129.67,129.56,129.54,129.63,129.76,129.91,130.18,130.61,130.99,130.76,130.41,130.03,129.53,128.99,128.39,127.78,127.20,126.69,126.14,125.61,125.15,124.84,124.59,124.31,124.00,123.69,123.38,123.07,122.76,122.45,122.15,121.81,121.58,121.44,121.28,121.20,121.13,121.05,120.97,120.79,120.61,120.42,120.12,119.34,117.74,115.99,114.29,112.65,111.08,109.42,107.93,106.75,105.61,104.15,102.44,100.86,100.11,99.92,99.86,99.81,99.79,99.73,99.71,99.69,99.70,99.77,99.78,99.78,99.81,99.88,99.88,100.73,102.60,105.15,106.58,106.77,106.08,105.43,106.45,108.24,111.85,116.93,122.64,126.44,128.97,130.28,130.47,130.08,128.86,126.34,123.06,119.88,117.20,112.82,101.91,85.17,78.21,74.52,72.62,71.90,71.82,71.74,71.67,71.61,71.59,71.52,71.39,71.27,71.19,71.11,71.03,70.91,70.78,70.70,70.62,70.49,70.37,70.28,70.14,70.04,69.96,69.90,69.87,69.87,69.88,70.27,71.52,73.51,75.69,77.84,79.70,80.81,82.00,83.19,83.73,82.58,81.05,80.09,79.80,80.07,80.28,80.05,79.66,79.23,78.78,78.33,77.89,77.42,76.92,76.47,76.03,75.58,75.13,74.66,74.19,73.96,73.94,74.02,74.10,74.16,74.21,74.23,74.31,74.32,74.36,74.44,74.46,74.13,73.68,73.20,72.66,72.06,71.46,71.00,70.67
228.47,224.21,219.83,215.92,212.91,211.02,207.69,204.69,202.53,201.25,199.84,194.74,189.70,185.86,182.52,178.23,173.47,170.06,169.50,168.88,168.03,167.17,166.33,165.26,164.03,162.85,161.84,161.06,160.29,159.41,158.47,157.51,156.60,155.98,155.93,155.69,153.47,151.42,150.27,149.40,148.17,147.07,147.62,148.81,150.06,151.10,151.49,151.39,150.98,150.41,149.95,150.03,150.61,151.58,152.54,153.50,154.45,155.07,154.68,153.91,153.00,152.09,151.20,150.35,148.65,146.19,143.18,140.33,139.03,138.13,137.19,136.27,135.34,134.47,133.63,132.82,132.01,131.30,130.60,130.02,129.82,129.66,129.53,129.49,129.61,129.76,129.91,130.17,130.56,130.88,130.78,130.52,130.20,129.83,129.35,128.77,128.15,127.55,127.00,126.40,125.82,125.30,124.84,124.41,124.00,123.61,123.27,122.99,122.69,122.38,122.07,121.75,121.39,121.09,120.86,120.64,120.45,120.35,120.36,120.40,120.29,119.95,119.52,119.00,118.15,116.40,114.37,112.45,110.93,109.80,108.24,106.56,105.03,103.78,102.09,100.75,100.03,99.91,99.87,99.83,99.78,99.75,99.75,99.75,99.75,99.77,99.83,99.84,99.84,100.06,100.88,102.39,104.82,107.63,110.07,110.53,109.19,107.62,106.62,106.84,108.24,111.41,116.21,121.95,125.37,127.91,129.63,130.48,130.72,130.36,129.01,126.67,123.25,119.27,114.78,105.48,90.60,79.91,75.17,72.93,71.84,71.75,71.68,71.61,71.54,71.50,71.46,71.36,71.26,71.18,71.07,70.98,70.88,70.78,70.70,70.62,70.49,70.37,70.28,70.13,70.06,70.22,70.66,71.53,72.96,74.13,75.07,76.06,77.44,78.76,80.10,81.41,82.30,83.28,84.31,84.84,83.99,82.77,81.94,81.65,81.75,81.45,80.63,79.89,79.40,78.94,78.47,78.00,77.52,76.98,76.52,76.06,75.59,75.13,74.71,74.38,74.24,74.26,74.34,74.41,74.49,74.54,74.55,74.62,74.66,74.70,74.73,74.66,74.27,73.78,73.26,72.67,72.06,71.47,70.98,70.59
227.69,223.25,219.17,215.74,213.11,211.37,208.83,205.94,203.30,201.17,198.87,193.72,189.06,185.70,182.62,178.74,174.01,170.56,170.20,169.71,168.72,167.73,166.84,165.59,164.23,162.88,161.70,160.88,160.09,159.21,158.25,157.26,156.33,155.47,155.22,154.91,152.72,151.38,150.66,150.10,149.31,148.35,148.69,149.82,151.27,152.45,153.01,152.99,152.64,152.30,152.12,151.52,151.33,152.10,153.09,154.09,155.07,155.66,155.06,154.19,153.25,152.34,151.54,150.78,149.29,146.76,143.35,140.36,139.06,138.17,137.25,136.32,135.38,134.52,133.71,132.91,132.07,131.27,130.54,129.97,129.80,129.65,129.49,129.44,129.59,129.75,129.90,130.12,130.42,130.72,130.80,130.64,130.36,130.10,129.69,129.15,128.55,127.94,127.39,126.80,126.22,125.65,125.03,124.43,123.85,123.35,122.95,122.66,122.34,122.00,121.68,121.36,121.00,120.65,120.30,119.88,119.47,119.28,119.27,119.36,119.29,118.70,117.93,117.14,116.25,114.50,112.28,110.12,108.64,107.91,106.69,105.07,103.37,102.07,100.64,99.94,99.90,99.88,99.83,99.80,99.78,99.73,99.78,99.80,99.80,99.83,99.90,100.05,100.30,100.96,102.70,105.79,109.77,113.32,115.21,114.35,111.17,108.72,107.65,107.44,108.46,111.14,115.45,120.85,123.91,126.43,128.60,130.19,130.78,131.00,130.85,129.72,126.38,121.05,116.18,108.81,96.68,81.87,76.02,73.46,71.93,71.73,71.63,71.55,71.47,71.41,71.39,71.33,71.25,71.16,71.02,70.94,70.86,70.78,70.69,70.61,70.48,70.38,70.35,70.39,70.55,71.12,72.26,74.13,76.91,79.13,80.47,80.94,81.34,81.68,82.22,83.01,83.77,84.61,85.49,86.04,85.54,84.72,84.02,83.57,83.22,82.20,80.78,79.83,79.38,78.93,78.47,78.00,77.52,76.98,76.52,76.06,75.61,75.17,74.79,74.61,74.56,74.59,74.65,74.73,74.81,74.86,74.88,74.94,75.02,75.06,75.02,74.81,74.39,73.87,73.30,72.69,72.07,71.50,70.96,70.47
223.73,219.03,214.33,211.15,209.33,207.88,204.81,201.56,198.61,195.97,192.91,189.86,187.03,184.34,181.57,178.79,175.77,173.34,172.34,171.65,170.09,168.53,167.28,165.88,164.48,163.07,161.75,160.71,159.86,158.96,158.00,157.01,156.07,155.17,154.69,154.16,152.32,151.49,151.01,150.56,150.01,149.45,149.65,150.57,152.05,153.47,154.45,154.74,154.57,154.33,153.94,153.00,152.33,152.60,153.58,154.60,155.63,156.30,155.67,154.27,152.99,152.05,151.43,150.83,149.00,146.12,142.70,140.24,139.02,138.13,137.25,136.31,135.34,134.52,133.75,132.92,132.07,131.24,130.47,129.91,129.74,129.59,129.43,129.38,129.53,129.69,129.84,130.04,130.30,130.60,130.80,130.74,130.49,130.25,129.97,129.53,128.99,128.38,127.83,127.28,126.70,126.08,125.41,124.78,124.18,123.59,123.05,122.58,122.10,121.64,121.24,120.93,120.60,120.22,119.65,118.67,117.82,117.20,116.89,116.91,116.83,116.01,114.99,114.09,113.48,112.49,110.75,108.55,106.48,105.20,104.14,102.97,101.67,100.66,100.10,99.90,99.89,99.83,99.81,99.80,99.80,99.78,99.80,99.80,99.83,99.88,99.96,100.72,102.09,103.93,106.31,109.47,113.78,117.42,118.71,116.41,111.81,108.89,108.21,108.52,109.15,110.94,114.22,118.77,121.64,124.27,127.00,129.48,130.63,131.01,131.05,130.33,127.55,121.64,116.81,111.78,102.95,84.29,77.53,74.68,72.53,71.81,71.63,71.55,71.47,71.40,71.34,71.27,71.19,71.11,71.01,70.93,70.86,70.76,70.63,70.55,70.46,70.44,70.69,71.57,72.58,74.02,75.95,78.25,80.44,81.91,82.78,83.20,83.39,83.49,83.89,84.64,85.31,86.07,86.91,87.47,87.19,86.66,86.05,85.09,83.55,81.75,80.39,79.65,79.33,78.93,78.47,78.00,77.52,76.98,76.52,76.09,75.69,75.29,74.92,74.87,74.91,74.95,74.98,75.05,75.12,75.20,75.24,75.27,75.33,75.40,75.36,74.97,74.47,73.90,73.31,72.74,72.13,71.53,70.95,70.44
220.02,214.85,210.29,207.25,205.24,203.18,199.66,196.40,193.71,191.44,188.94,187.00,185.26,183.44,181.31,179.49,177.58,175.74,174.19,172.72,170.69,168.85,167.45,166.02,164.62,163.22,161.85,160.61,159.60,158.67,157.72,156.75,155.82,154.89,154.19,153.55,152.48,152.12,151.91,151.68,151.42,151.21,151.37,152.12,153.49,154.99,156.07,156.55,156.60,156.38,155.77,154.69,153.64,153.21,154.10,155.13,156.20,156.86,155.94,154.18,152.52,151.35,150.79,150.12,148.22,145.33,142.09,140.10,138.99,138.10,137.19,136.16,135.06,134.08,133.23,132.44,131.67,130.87,130.22,129.81,129.67,129.52,129.37,129.31,129.47,129.62,129.78,129.95,130.17,130.47,130.72,130.75,130.57,130.35,130.14,129.84,129.41,128.85,128.28,127.71,127.12,126.48,125.80,125.16,124.55,123.93,123.31,122.72,122.13,121.60,121.13,120.75,120.22,119.48,118.51,117.30,116.19,115.34,114.75,114.43,114.20,113.25,112.00,110.84,110.19,109.70,108.52,106.61,104.27,102.68,101.89,101.28,100.58,100.02,99.90,99.89,99.85,99.81,99.80,99.80,99.80,99.80,99.80,99.82,99.86,100.00,100.57,102.36,104.52,106.85,109.64,113.53,117.40,120.11,120.58,117.93,112.67,109.47,109.15,110.43,111.63,113.27,115.61,118.65,121.07,123.59,126.34,128.89,130.09,130.71,130.91,130.27,127.59,121.90,117.30,113.52,107.70,93.05,82.30,76.31,73.64,72.00,71.61,71.52,71.44,71.36,71.28,71.20,71.13,71.05,70.98,70.89,70.81,70.72,70.63,70.73,70.97,71.32,71.88,73.03,74.40,76.16,78.53,81.63,83.13,84.16,84.91,85.22,85.22,85.24,85.57,86.25,86.93,87.61,88.28,88.73,88.63,88.15,87.27,85.83,83.73,81.59,80.24,79.55,79.24,78.88,78.46,78.00,77.53,77.02,76.55,76.15,75.76,75.40,75.14,75.16,75.23,75.29,75.30,75.36,75.44,75.52,75.59,75.62,75.66,75.69,75.56,75.07,74.51,73.93,73.35,72.77,72.16,71.55,70.95,70.42
216.70,211.10,207.17,204.15,201.43,198.45,194.74,191.76,189.61,188.20,186.95,185.36,184.15,183.25,181.94,180.80,179.36,177.65,175.64,173.12,170.75,168.86,167.47,166.07,164.68,163.31,161.94,160.53,159.35,158.36,157.43,156.50,155.57,154.68,153.84,153.19,153.05,153.10,153.20,153.29,153.38,153.47,153.66,154.26,155.40,156.86,157.76,158.33,158.59,158.34,157.59,156.52,155.18,154.01,154.64,155.66,156.79,157.41,156.15,154.19,152.09,150.47,149.78,148.86,147.11,144.52,141.60,139.97,138.97,138.05,137.04,135.88,134.60,133.37,132.35,131.63,131.00,130.30,129.84,129.68,129.58,129.44,129.30,129.25,129.41,129.56,129.72,129.88,130.06,130.36,130.61,130.70,130.64,130.43,130.26,130.08,129.80,129.33,128.73,128.12,127.50,126.86,126.18,125.53,124.88,124.22,123.59,122.92,122.29,121.71,121.19,120.69,119.81,118.54,117.12,115.86,114.61,113.67,112.84,112.04,111.55,110.43,108.92,107.41,106.53,106.32,105.73,104.36,102.16,100.59,100.13,100.06,99.98,99.91,99.89,99.85,99.81,99.81,99.81,99.81,99.81,99.81,99.81,99.86,99.90,100.19,101.63,104.61,107.28,109.70,112.80,117.51,120.50,121.81,121.44,119.09,113.80,110.53,110.50,112.89,115.19,117.10,118.67,120.05,121.80,123.88,126.09,128.06,129.01,129.96,130.38,129.68,126.80,121.91,117.77,114.48,111.15,104.91,89.88,79.31,75.23,72.55,71.73,71.49,71.38,71.30,71.22,71.15,71.07,71.00,70.92,70.85,70.83,70.83,70.87,71.27,72.00,72.82,73.67,74.69,76.03,77.89,80.62,84.52,85.42,86.22,87.01,87.15,86.99,86.98,87.28,87.88,88.62,89.23,89.68,89.96,89.96,89.29,87.91,86.04,83.85,81.68,80.27,79.50,79.14,78.81,78.44,78.00,77.54,77.08,76.63,76.22,75.84,75.51,75.42,75.47,75.55,75.61,75.61,75.68,75.76,75.84,75.91,75.98,76.00,75.92,75.68,75.14,74.54,73.97,73.40,72.79,72.19,71.57,70.98,70.43
213.98,209.03,205.29,202.13,199.45,197.32,194.55,191.84,189.80,188.64,187.40,186.25,185.55,185.15,184.36,182.92,181.03,178.80,176.19,173.28,170.81,168.92,167.53,166.13,164.70,163.25,161.79,160.35,159.11,158.10,157.17,156.24,155.32,154.67,154.22,153.93,153.83,154.16,154.63,155.10,155.57,156.00,156.20,156.54,157.30,158.65,159.27,159.72,159.98,159.70,159.25,158.27,156.87,155.44,155.19,156.03,157.28,158.19,157.52,155.44,152.57,149.99,148.58,147.29,145.85,143.85,141.46,139.94,138.93,137.87,136.67,135.41,134.10,132.81,131.66,130.80,130.28,129.90,129.63,129.49,129.41,129.26,129.17,129.19,129.35,129.55,129.72,129.87,130.04,130.30,130.57,130.70,130.68,130.58,130.40,130.22,130.03,129.70,129.12,128.50,127.88,127.25,126.59,125.81,124.90,124.03,123.37,122.72,122.09,121.49,120.91,120.35,119.17,117.66,116.05,114.58,113.18,112.07,111.06,110.00,108.99,107.28,105.32,103.52,102.48,102.63,102.56,101.91,100.72,100.06,99.90,99.90,99.90,99.90,99.86,99.82,99.81,99.86,99.86,99.86,99.86,99.86,99.86,99.89,99.90,100.49,103.15,106.65,109.75,112.74,116.35,119.71,121.94,123.00,122.54,120.05,115.40,112.58,112.68,115.36,117.92,119.64,120.94,122.23,123.17,123.78,124.47,125.37,126.32,127.77,128.67,128.17,125.30,121.64,118.45,115.72,113.17,109.85,100.86,88.66,77.64,74.77,72.69,71.71,71.37,71.30,71.22,71.14,71.06,70.99,70.92,70.92,71.29,71.84,72.25,72.92,73.75,74.63,75.55,76.55,77.73,80.49,84.52,87.82,88.48,88.83,89.11,88.98,88.76,88.72,88.98,89.58,90.33,91.04,91.54,91.77,91.51,90.20,88.39,86.26,83.91,81.87,80.36,79.50,79.12,78.76,78.38,77.98,77.56,77.14,76.73,76.34,75.97,75.71,75.72,75.79,75.87,75.92,75.93,76.00,76.07,76.15,76.23,76.31,76.32,76.17,75.80,75.22,74.64,74.06,73.48,72.91,72.34,71.73,71.15,70.61
211.37,207.94,205.35,203.02,201.10,199.94,197.83,194.99,192.60,191.16,189.39,188.04,187.43,187.31,186.89,185.43,183.03,180.04,176.73,173.58,170.92,168.92,167.51,166.09,164.61,163.11,161.60,160.16,158.91,157.85,156.89,156.02,155.40,155.10,154.95,154.84,154.68,154.97,155.53,156.19,156.85,157.50,157.84,158.15,158.69,159.78,160.24,160.54,160.72,160.52,160.30,159.47,158.15,156.65,155.87,156.61,157.93,159.04,158.87,156.94,153.86,150.76,148.61,146.88,145.36,143.56,141.47,139.90,138.75,137.56,136.25,134.94,133.60,132.28,131.09,130.19,129.81,129.60,129.44,129.30,129.19,129.07,129.07,129.18,129.34,129.56,129.74,129.89,130.06,130.27,130.55,130.67,130.67,130.63,130.48,130.34,130.20,129.98,129.50,128.89,128.26,127.62,126.87,125.93,124.84,123.78,122.96,122.17,121.43,120.81,120.33,119.72,118.38,116.78,115.16,113.53,111.97,110.62,109.36,108.05,106.62,104.63,102.59,100.91,100.09,100.35,100.52,100.34,99.95,99.90,99.90,99.90,99.90,99.90,99.85,99.83,99.84,99.89,99.90,99.90,99.90,99.90,99.90,99.92,100.04,101.01,104.50,108.14,111.33,114.46,117.96,120.42,122.50,123.83,123.62,120.98,117.22,115.06,115.10,117.05,119.38,120.75,121.63,122.48,122.57,122.06,121.78,122.18,123.51,125.39,126.62,126.42,124.09,121.57,119.21,116.95,114.78,112.68,108.83,98.60,85.04,77.86,74.35,72.76,72.05,71.77,71.58,71.50,71.52,71.59,71.63,71.91,72.60,73.44,74.06,74.84,75.65,76.50,77.74,80.35,82.53,85.74,89.52,91.44,91.54,91.49,91.42,91.09,90.89,90.84,91.08,91.63,92.31,92.99,93.51,93.55,92.57,90.65,88.15,85.50,83.06,81.42,80.21,79.47,79.09,78.72,78.34,77.98,77.62,77.21,76.83,76.44,76.13,75.96,76.03,76.11,76.18,76.25,76.27,76.32,76.39,76.47,76.55,76.62,76.62,76.39,75.92,75.33,74.78,74.19,73.61,73.06,72.50,71.91,71.34,70.84
209.14,208.04,207.84,207.51,207.07,206.64,204.59,201.17,197.97,195.68,193.01,190.68,189.62,189.57,189.32,188.28,185.44,181.50,177.41,174.07,171.08,168.83,167.37,165.91,164.38,162.88,161.41,159.98,158.77,157.64,156.60,155.90,155.92,156.06,155.99,155.74,155.58,155.44,155.74,156.31,156.93,157.60,158.24,158.81,159.34,160.02,160.52,160.71,160.71,160.72,160.58,159.97,158.85,157.43,156.69,157.48,158.79,159.89,159.93,158.48,155.96,153.01,150.24,148.01,145.88,143.74,141.62,139.81,138.44,137.14,135.81,134.48,133.11,131.77,130.64,129.89,129.65,129.44,129.25,129.10,128.96,128.87,129.00,129.24,129.41,129.63,129.81,129.96,130.11,130.28,130.50,130.60,130.58,130.52,130.49,130.42,130.32,130.15,129.87,129.28,128.63,127.93,126.96,125.86,124.71,123.57,122.46,121.31,120.29,119.66,119.40,118.78,117.44,115.92,114.39,112.76,111.05,109.39,107.80,106.22,104.57,102.77,101.17,100.10,99.94,99.98,100.01,99.97,99.91,99.90,99.90,99.90,99.90,99.90,99.89,99.89,99.89,99.91,99.95,100.02,100.09,100.14,100.16,100.19,100.52,101.83,105.44,108.85,111.73,114.31,116.93,119.54,122.20,124.24,124.63,122.02,119.32,117.92,117.66,117.79,119.26,120.10,120.26,119.99,119.22,118.30,117.96,118.69,120.88,123.06,124.38,124.58,123.47,121.84,120.03,118.13,116.14,114.11,112.10,107.64,98.35,82.38,77.25,75.09,73.67,72.97,72.53,72.47,72.68,73.03,73.34,74.09,74.92,75.65,76.26,77.14,78.07,79.00,80.92,86.83,91.25,94.06,95.46,95.39,94.47,94.10,93.98,93.59,93.46,93.44,93.66,94.13,94.62,95.12,95.51,95.11,92.89,90.45,86.93,83.47,81.13,80.19,79.76,79.41,79.04,78.72,78.34,78.04,77.72,77.28,76.89,76.51,76.29,76.28,76.35,76.42,76.50,76.58,76.64,76.66,76.71,76.79,76.87,76.94,76.89,76.59,76.07,75.52,74.97,74.38,73.80,73.24,72.64,72.08,71.55,71.13
211.93,211.90,212.51,213.01,213.25,212.99,210.93,207.68,204.27,201.30,198.73,195.95,194.53,194.30,193.55,191.44,187.27,182.22,177.61,174.02,170.96,168.69,167.19,165.72,164.19,162.69,161.23,159.84,158.69,157.53,156.80,156.73,156.93,157.10,156.99,156.67,156.47,156.28,156.29,156.53,157.00,157.59,158.36,158.88,159.12,159.60,160.24,160.51,160.50,160.57,160.56,160.04,159.02,157.80,157.59,158.49,159.61,160.47,160.59,159.63,157.37,154.46,151.59,149.05,146.69,144.32,141.97,139.88,138.31,136.90,135.49,134.05,132.62,131.27,130.25,129.75,129.53,129.31,129.11,128.96,128.81,128.72,128.91,129.24,129.50,129.71,129.87,130.03,130.18,130.33,130.41,130.44,130.41,130.35,130.38,130.40,130.36,130.23,130.04,129.59,128.91,128.03,126.94,125.76,124.58,123.42,122.26,121.07,119.86,118.90,118.31,117.81,116.62,115.14,113.59,112.01,110.48,108.87,107.23,105.59,103.89,102.14,100.73,99.93,99.90,99.90,99.90,99.90,99.90,99.90,99.90,99.90,99.90,99.90,99.90,99.90,99.93,100.12,100.75,101.80,102.89,103.68,104.01,103.76,103.16,103.07,105.43,108.11,110.38,112.48,115.03,118.27,121.51,124.29,125.82,124.64,122.76,121.36,120.44,119.26,117.84,117.07,116.55,115.79,114.85,113.92,113.87,115.21,118.10,120.86,122.70,123.68,123.82,122.55,120.97,119.26,117.28,114.83,113.40,111.46,106.71,95.82,87.27,80.62,76.52,75.74,75.28,75.20,75.36,75.63,75.86,76.54,77.25,77.92,79.07,82.67,86.72,90.00,92.58,96.80,99.01,100.05,100.25,99.28,97.88,97.01,96.52,96.13,96.08,96.11,96.29,96.65,97.06,97.42,97.08,95.54,92.19,88.70,84.56,81.38,80.24,79.78,79.57,79.34,79.02,78.67,78.33,78.06,77.77,77.39,77.00,76.72,76.59,76.64,76.71,76.76,76.82,76.89,76.97,77.01,77.08,77.16,77.23,77.26,77.15,76.79,76.25,75.70,75.13,74.55,73.99,73.43,72.83,72.29,71.94,71.84
216.42,216.90,217.67,218.39,218.79,218.38,216.44,213.52,210.17,206.87,204.57,201.62,199.77,198.91,197.27,193.84,188.38,182.42,177.50,173.76,170.76,168.53,167.02,165.53,164.01,162.51,161.06,159.73,158.64,157.63,157.27,157.77,158.05,158.14,157.97,157.61,157.38,157.17,156.90,156.80,157.16,157.70,158.31,158.58,158.53,158.91,159.65,160.11,160.27,160.34,160.40,159.99,159.11,158.13,158.44,159.38,160.30,160.92,161.05,160.41,158.34,155.52,152.72,149.99,147.47,144.94,142.37,140.03,138.32,136.81,135.32,133.80,132.31,130.92,129.98,129.69,129.46,129.22,129.01,128.83,128.68,128.58,128.80,129.21,129.56,129.78,129.94,130.08,130.22,130.33,130.30,130.26,130.22,130.17,130.23,130.32,130.35,130.28,130.13,129.80,129.10,128.04,126.88,125.68,124.50,123.35,122.21,121.05,119.73,118.44,117.41,116.83,115.80,114.40,112.83,111.40,110.08,108.56,106.94,105.31,103.63,101.95,100.66,99.95,99.91,99.90,99.90,99.90,99.90,99.90,99.90,99.90,99.90,99.90,99.90,100.01,100.28,100.82,102.03,103.93,106.04,107.80,108.59,107.83,106.14,104.62,105.51,107.28,108.92,110.69,113.50,117.49,121.18,124.47,126.98,127.36,126.30,124.81,123.06,120.51,116.39,113.85,112.53,111.60,110.75,109.95,110.24,112.16,115.63,119.01,121.38,122.98,124.03,123.06,121.73,120.08,117.75,114.49,113.23,112.77,111.89,108.33,98.81,89.89,84.38,83.35,82.29,81.67,81.51,81.68,81.87,82.70,83.83,85.06,86.83,92.08,97.82,102.15,104.36,105.94,105.56,105.00,104.52,103.20,101.69,100.48,99.53,98.84,98.76,98.81,98.89,99.03,99.34,99.51,98.40,95.64,90.94,86.21,82.13,79.83,79.73,79.59,79.43,79.23,78.98,78.63,78.31,78.06,77.80,77.48,77.13,76.95,76.92,77.00,77.08,77.10,77.15,77.22,77.30,77.37,77.44,77.52,77.58,77.57,77.37,76.98,76.44,75.89,75.28,74.72,74.17,73.61,73.05,72.64,72.52,72.67
221.95,222.32,222.60,222.78,222.60,221.55,220.10,217.45,214.40,211.58,209.28,206.55,204.01,201.61,198.50,194.10,188.00,181.75,176.95,173.35,170.49,168.37,166.88,165.35,163.86,162.35,160.89,159.67,158.67,158.14,158.18,158.74,159.10,159.14,158.92,158.56,158.32,157.94,157.41,157.13,157.55,158.18,158.01,157.69,157.64,157.97,158.61,159.42,160.08,160.14,160.11,159.87,159.33,158.69,159.10,159.92,160.70,161.22,161.25,160.51,158.65,156.14,153.46,150.70,148.03,145.39,142.78,140.26,138.51,136.98,135.46,133.97,132.45,130.98,129.98,129.70,129.51,129.25,128.96,128.71,128.55,128.41,128.68,129.15,129.53,129.87,130.03,130.12,130.20,130.23,130.17,130.10,130.03,129.98,130.09,130.19,130.25,130.27,130.13,129.84,129.12,127.98,126.82,125.65,124.53,123.43,122.33,121.17,119.89,118.51,117.09,115.85,114.91,113.67,112.22,111.10,109.87,108.38,106.75,105.13,103.50,102.14,100.95,100.07,99.92,99.90,99.90,99.90,99.90,99.90,99.90,99.90,99.90,99.90,99.90,100.41,101.42,102.68,104.09,105.89,108.32,111.20,112.61,111.03,108.61,106.72,106.47,107.18,108.32,110.13,113.43,118.25,122.02,125.19,127.92,129.22,129.23,127.89,125.16,120.75,115.74,111.75,109.31,108.59,108.02,107.48,108.04,110.25,114.04,117.95,120.55,122.16,123.28,122.83,121.98,120.14,116.64,111.92,110.59,111.13,112.27,112.47,109.53,106.57,104.30,102.36,99.03,96.56,95.55,95.85,96.30,98.24,101.39,104.67,106.88,109.26,111.03,111.55,110.81,110.66,109.69,108.86,108.27,107.26,106.25,105.20,103.78,101.97,101.55,101.50,101.32,101.04,101.13,100.94,99.35,95.61,88.92,82.84,80.33,79.68,79.55,79.45,79.26,79.07,78.88,78.62,78.31,78.06,77.80,77.49,77.22,77.19,77.24,77.32,77.39,77.46,77.53,77.60,77.68,77.70,77.76,77.84,77.89,77.83,77.59,77.17,76.63,76.08,75.47,74.91,74.34,73.78,73.38,73.31,73.40,73.56
225.21,223.32,221.80,220.76,219.89,218.72,217.55,216.30,214.77,212.88,211.06,208.28,204.87,201.15,197.29,192.25,186.02,180.16,176.13,172.68,170.08,168.16,166.71,165.20,163.73,162.24,160.81,159.66,158.82,158.61,158.91,159.58,160.30,160.33,159.87,159.19,158.66,158.02,157.56,157.37,157.51,157.63,157.33,157.02,156.91,157.11,157.49,158.43,159.53,159.98,160.01,159.91,159.67,159.38,159.76,160.33,160.93,161.37,161.27,160.44,158.66,156.31,153.73,151.10,148.44,145.78,143.17,140.63,138.85,137.33,135.86,134.39,132.95,131.58,130.47,129.82,129.66,129.39,129.09,128.81,128.53,128.26,128.50,129.02,129.47,129.89,130.06,130.12,130.15,130.11,129.99,129.84,129.74,129.79,129.98,130.13,130.22,130.23,130.12,129.83,129.10,127.97,126.85,125.72,124.63,123.55,122.45,121.30,120.06,118.67,117.17,115.72,114.53,113.28,111.99,110.93,109.69,108.23,106.72,105.30,103.82,102.53,101.33,100.35,100.11,99.98,99.92,99.90,99.90,99.90,99.90,99.90,99.95,100.19,100.70,101.67,103.01,104.48,105.98,108.01,111.18,115.24,116.51,114.75,112.00,109.57,108.77,109.32,110.51,112.45,115.77,119.93,123.30,126.29,128.92,130.06,130.28,128.68,125.08,119.67,114.84,110.84,107.91,106.38,105.61,105.18,106.18,108.96,112.70,116.62,120.15,122.80,123.75,122.90,121.44,118.88,114.72,110.00,107.64,107.89,109.91,111.91,112.06,111.88,111.59,110.69,108.29,106.40,105.58,105.80,106.51,109.12,112.18,114.74,116.08,116.96,117.25,116.58,115.06,114.33,113.40,112.46,111.57,110.65,109.78,108.78,107.43,105.69,104.70,104.17,103.62,102.91,102.25,101.28,98.21,92.73,85.37,81.00,79.70,79.55,79.41,79.28,79.11,78.93,78.76,78.56,78.27,78.01,77.78,77.59,77.45,77.46,77.53,77.63,77.71,77.79,77.87,77.94,78.02,78.06,78.12,78.19,78.19,78.06,77.78,77.36,76.82,76.27,75.66,75.09,74.59,74.19,74.05,74.14,74.29,74.45
226.01,221.40,217.86,215.56,214.14,213.18,212.19,212.37,212.35,211.30,209.96,207.16,203.20,198.72,194.56,189.16,183.28,178.27,175.12,171.88,169.59,167.90,166.50,165.04,163.58,162.11,160.76,159.73,159.08,159.07,159.51,160.35,161.54,161.55,160.74,159.58,158.68,157.82,157.53,157.53,157.39,156.95,156.81,156.69,156.55,156.66,156.71,157.46,158.69,159.67,159.95,160.00,159.99,160.02,160.34,160.63,161.00,161.32,161.08,160.11,158.34,156.10,153.69,151.25,148.75,146.18,143.60,141.12,139.33,137.84,136.44,135.01,133.70,132.49,131.31,130.26,129.96,129.63,129.32,129.04,128.60,128.20,128.33,128.81,129.34,129.81,130.02,130.09,130.07,129.97,129.74,129.53,129.44,129.64,129.91,130.11,130.20,130.18,130.10,129.77,129.03,127.96,126.88,125.80,124.72,123.64,122.56,121.42,120.21,118.87,117.39,115.91,114.40,113.05,111.88,110.79,109.55,108.16,106.81,105.60,104.28,102.97,101.72,100.71,100.40,100.17,100.03,99.97,99.96,99.94,100.02,100.14,100.34,100.95,102.07,103.41,104.83,106.31,107.94,110.57,114.50,119.08,119.99,118.48,115.88,113.22,112.23,112.89,114.20,116.14,119.10,122.09,124.93,127.62,129.81,130.41,130.50,128.66,124.53,118.44,114.13,110.61,107.43,104.72,103.41,103.10,104.67,108.08,111.84,115.73,120.29,124.30,125.42,123.55,120.77,117.15,112.58,108.18,104.63,104.06,106.09,108.56,109.91,111.05,112.21,113.12,112.85,112.42,112.19,112.37,113.33,116.48,118.72,119.65,119.82,119.97,119.90,119.16,117.68,116.69,115.83,114.74,113.48,112.50,111.70,110.80,109.78,108.61,107.16,106.13,105.22,104.17,102.70,100.71,95.91,88.84,81.81,79.97,79.59,79.44,79.28,79.12,78.97,78.81,78.65,78.48,78.21,77.97,77.82,77.76,77.74,77.74,77.81,77.94,78.03,78.11,78.19,78.27,78.35,78.41,78.49,78.54,78.49,78.27,77.97,77.54,77.01,76.46,75.86,75.31,74.91,74.77,74.88,75.04,75.19,75.33
220.90,215.24,211.06,208.55,207.34,206.95,206.13,205.88,205.36,203.99,202.29,199.99,197.13,193.80,189.93,184.66,180.22,176.72,173.84,170.92,169.02,167.56,166.20,164.79,163.33,161.90,160.68,160.01,159.62,159.53,159.94,161.05,162.66,162.53,161.28,159.59,158.35,157.65,157.44,157.52,157.65,157.56,157.53,157.44,157.39,157.72,157.46,157.17,157.39,158.66,159.69,160.04,160.08,160.16,160.58,160.67,160.68,160.66,160.29,159.07,157.26,155.21,153.16,150.98,148.87,146.64,144.23,141.84,140.10,138.67,137.33,136.00,134.87,133.74,132.64,131.67,130.77,130.07,129.61,129.30,128.88,128.40,128.24,128.45,128.98,129.45,129.83,130.02,129.98,129.74,129.38,129.19,129.30,129.70,129.94,130.10,130.18,130.12,130.04,129.64,128.88,127.85,126.82,125.74,124.67,123.60,122.56,121.47,120.31,118.98,117.46,115.93,114.40,112.94,111.65,110.62,109.53,108.34,107.08,105.81,104.50,103.18,101.99,101.10,100.83,100.64,100.45,100.31,100.25,100.14,100.63,101.32,102.06,103.14,104.36,105.58,106.83,108.33,110.46,114.56,118.69,120.99,122.04,121.42,120.12,118.78,118.08,118.35,119.13,120.38,122.34,124.64,127.18,129.20,130.24,130.58,130.59,129.34,125.81,118.81,114.58,111.12,107.58,103.95,101.48,101.66,103.94,107.86,112.52,117.06,121.86,126.66,129.83,126.06,120.84,115.76,110.94,105.63,101.96,100.61,101.08,102.08,102.89,104.97,107.69,110.05,111.25,111.70,111.98,112.45,113.74,117.60,119.74,120.09,120.18,120.30,120.19,119.33,117.50,115.64,113.84,112.16,110.63,109.36,108.84,108.41,107.92,107.32,106.21,105.26,104.29,103.13,101.62,98.29,92.54,85.77,80.76,79.73,79.52,79.36,79.20,79.00,78.88,78.72,78.53,78.37,78.17,78.06,78.03,78.05,78.06,78.06,78.10,78.21,78.34,78.42,78.53,78.64,78.72,78.75,78.81,78.86,78.80,78.48,78.12,77.69,77.20,76.65,76.05,75.61,75.45,75.61,75.81,75.98,76.11,76.22
217.60,211.46,206.03,202.81,201.44,200.99,199.90,198.81,197.67,196.39,195.00,193.47,191.50,188.92,185.41,180.88,177.54,174.94,172.33,169.90,168.32,167.03,165.75,164.40,163.13,162.24,161.73,161.47,161.38,161.30,161.60,162.62,164.15,163.29,161.37,159.34,158.09,157.74,157.81,158.04,158.27,158.33,158.34,157.97,157.63,158.90,158.62,157.58,156.86,157.71,159.07,159.65,159.72,159.70,159.90,159.65,159.34,159.06,158.57,157.37,155.70,153.88,152.10,150.28,148.63,146.88,144.86,142.70,141.02,139.61,138.34,137.20,136.18,135.16,134.19,133.24,131.97,130.99,130.29,129.77,129.25,128.66,128.21,128.09,128.52,129.00,129.43,129.66,129.60,129.32,128.96,128.91,129.22,129.77,129.96,130.09,130.13,130.06,130.00,129.44,128.61,127.63,126.64,125.60,124.56,123.54,122.53,121.49,120.35,119.03,117.49,115.94,114.42,112.91,111.52,110.45,109.43,108.36,107.22,105.99,104.69,103.39,102.28,101.52,101.30,101.14,100.97,100.83,100.76,100.63,101.42,102.66,104.03,105.44,106.78,108.14,109.62,111.45,114.13,117.91,121.06,122.22,123.13,123.08,122.86,122.76,122.71,123.06,123.63,124.43,125.63,127.16,128.86,130.02,130.34,130.50,130.51,129.85,127.12,120.05,115.63,111.83,107.75,103.38,100.25,100.33,102.86,107.33,112.78,118.05,122.76,127.22,130.72,127.23,121.49,115.77,110.43,104.07,100.19,98.27,97.68,97.87,98.22,100.08,102.73,105.24,107.29,108.63,109.50,110.26,111.76,115.52,118.43,119.88,120.14,120.30,119.83,118.48,116.18,113.77,111.36,109.16,107.19,105.47,104.78,104.51,104.40,104.32,104.08,103.60,102.85,101.76,100.02,95.59,89.68,83.87,80.31,79.62,79.44,79.27,79.11,78.91,78.78,78.63,78.44,78.34,78.21,78.19,78.23,78.30,78.31,78.32,78.38,78.47,78.61,78.73,78.86,78.99,79.06,79.10,79.14,79.15,79.04,78.68,78.29,77.87,77.38,76.82,76.33,76.12,76.19,76.49,76.75,76.93,77.05,77.14
216.32,210.17,203.16,198.78,196.76,195.55,193.83,191.85,190.25,189.41,188.83,188.18,186.77,184.42,181.20,177.80,175.15,172.88,170.62,168.81,167.50,166.35,165.19,164.00,163.14,163.19,163.71,163.93,164.15,164.19,164.35,164.94,165.89,163.87,161.15,158.98,158.07,158.22,158.70,159.13,159.28,159.30,159.30,158.52,157.74,160.15,159.85,158.36,156.97,156.91,158.15,158.88,159.01,158.74,158.44,157.78,157.18,156.71,156.09,155.12,153.75,152.19,150.63,149.26,148.06,146.80,145.32,143.53,141.94,140.54,139.32,138.33,137.25,136.33,135.47,134.53,133.24,132.18,131.25,130.38,129.63,128.92,128.22,127.79,127.99,128.47,128.84,129.00,128.95,128.75,128.54,128.70,129.19,129.80,129.97,130.05,130.07,130.01,129.95,129.20,128.26,127.33,126.39,125.39,124.43,123.47,122.46,121.45,120.34,119.02,117.47,115.94,114.45,112.94,111.47,110.27,109.23,108.22,107.20,106.13,104.86,103.61,102.61,101.98,101.81,101.66,101.55,101.48,101.45,101.32,102.33,104.04,106.02,107.68,109.27,111.07,113.10,115.36,118.35,120.41,121.79,122.84,123.29,123.45,123.87,124.63,125.39,126.20,126.90,127.56,128.36,129.17,129.68,129.92,129.93,129.89,129.95,129.78,127.90,121.70,116.99,112.58,107.86,102.95,99.66,99.06,101.34,106.27,112.43,118.30,122.65,125.93,128.40,127.04,122.54,116.99,111.04,103.65,99.36,96.99,95.84,95.76,95.84,96.65,97.97,99.67,102.00,104.14,105.62,106.59,108.20,111.21,115.42,119.08,119.88,120.15,119.07,116.94,114.10,111.45,108.76,106.14,103.67,101.53,100.32,99.93,100.00,100.36,101.24,101.44,101.14,100.26,98.10,93.04,87.65,83.07,80.20,79.58,79.35,79.16,79.00,78.83,78.69,78.55,78.42,78.40,78.33,78.35,78.42,78.48,78.50,78.55,78.63,78.72,78.86,79.02,79.17,79.31,79.39,79.47,79.50,79.44,79.24,78.87,78.48,78.06,77.57,77.01,76.72,76.79,77.07,77.38,77.68,77.88,78.00,78.05
215.71,210.12,203.68,198.53,194.77,191.89,189.64,187.87,186.53,185.67,185.11,184.53,183.38,181.21,177.54,174.74,172.48,170.49,168.76,167.47,166.41,165.41,164.57,164.27,164.44,165.03,165.80,166.49,167.06,167.32,167.44,167.48,167.05,164.41,161.38,159.23,159.14,159.84,160.55,161.01,161.14,161.16,161.13,160.97,160.98,161.88,159.93,158.06,156.96,156.44,157.19,158.00,158.15,157.43,156.66,155.89,155.04,154.16,153.51,152.65,151.55,150.34,149.18,148.17,147.12,145.99,144.81,143.56,142.23,140.90,139.51,137.88,136.10,134.77,133.92,133.46,132.99,132.60,131.85,130.76,129.77,128.98,128.22,127.64,127.55,127.93,128.14,128.20,128.19,128.12,128.30,128.68,129.22,129.77,129.96,130.02,130.03,129.95,129.68,128.88,127.96,127.06,126.14,125.19,124.22,123.25,122.29,121.29,120.20,118.92,117.42,115.88,114.40,112.89,111.38,110.05,108.99,107.98,107.00,106.02,104.91,103.76,102.92,102.49,102.41,102.32,102.22,102.16,102.10,102.00,103.24,105.17,107.31,109.39,111.88,114.49,116.86,118.48,120.16,121.39,122.09,122.24,122.01,121.68,121.61,121.91,122.61,123.59,124.68,125.76,126.79,127.88,128.08,127.90,127.60,127.08,127.13,127.01,125.77,121.95,117.54,112.85,107.85,102.80,99.53,98.07,99.24,103.64,110.95,116.31,120.01,122.91,125.45,126.17,123.37,118.84,113.16,105.23,99.99,96.84,94.95,93.60,93.40,93.78,94.70,96.30,98.24,100.20,101.69,102.75,104.32,107.01,111.34,115.96,118.66,119.81,118.18,115.26,112.08,109.06,106.03,103.21,100.78,99.05,97.74,97.20,97.23,97.69,98.59,99.08,99.26,98.76,96.40,92.39,87.89,83.58,80.31,79.59,79.34,79.12,78.92,78.72,78.67,78.63,78.57,78.53,78.49,78.53,78.59,78.63,78.72,78.81,78.90,79.01,79.09,79.26,79.44,79.58,79.72,79.92,79.96,79.80,79.44,79.06,78.67,78.25,77.80,77.46,77.44,77.65,77.96,78.27,78.58,78.77,78.89,78.91
214.86,209.64,203.86,198.38,193.68,190.30,188.10,186.56,184.81,182.72,181.62,180.75,179.31,177.01,173.83,171.79,169.98,168.41,167.31,166.57,165.75,164.97,164.47,164.80,165.70,166.64,167.54,168.55,169.39,169.78,169.85,169.54,168.27,165.39,162.46,160.68,161.37,162.47,163.25,163.66,163.81,163.84,163.80,164.05,164.38,163.32,159.99,157.96,157.24,156.44,156.53,157.09,157.13,156.09,155.01,154.15,153.12,151.98,151.22,150.43,149.56,148.64,147.78,147.06,146.09,145.03,144.01,143.13,142.05,140.78,139.16,136.88,134.50,132.81,131.95,131.91,132.11,132.34,131.91,130.83,129.78,129.00,128.27,127.64,127.30,127.43,127.48,127.49,127.52,127.66,128.09,128.62,129.13,129.60,129.82,129.89,129.87,129.73,129.27,128.49,127.64,126.79,125.86,124.94,123.97,123.00,122.07,121.09,120.02,118.76,117.28,115.74,114.25,112.73,111.24,109.87,108.83,107.83,106.86,105.92,104.92,103.94,103.31,103.09,103.05,102.99,102.92,102.84,102.77,102.69,103.98,105.91,108.03,110.29,113.39,116.59,119.21,120.29,120.92,121.55,121.79,121.21,120.34,119.50,118.93,118.81,119.33,120.36,121.68,123.08,124.36,125.63,125.65,125.01,124.13,123.24,123.23,123.13,122.36,120.21,116.21,111.94,107.50,102.97,99.78,97.29,97.51,101.53,108.87,113.26,116.17,118.73,121.49,123.76,122.95,120.15,115.44,107.47,101.53,97.73,95.05,92.11,91.40,91.47,92.09,93.43,95.03,96.82,98.31,99.47,100.86,103.05,107.31,112.71,117.27,119.47,117.63,114.09,110.39,107.02,103.68,100.75,98.46,96.99,95.54,94.84,94.78,95.18,95.94,96.61,97.11,97.05,95.37,92.45,88.94,84.88,80.55,79.63,79.35,79.11,78.88,78.69,78.70,78.72,78.72,78.68,78.67,78.72,78.79,78.84,78.98,79.08,79.19,79.29,79.31,79.48,79.69,79.94,80.30,80.77,80.74,80.34,79.75,79.35,78.98,78.56,78.17,78.02,78.20,78.49,78.81,79.15,79.48,79.67,79.75,79.68
213.37,208.05,202.49,197.35,193.39,191.58,190.32,188.66,185.24,180.21,177.91,176.36,173.90,171.04,169.96,169.05,167.93,166.99,166.63,166.47,165.93,165.39,165.16,165.55,166.54,167.62,168.68,169.78,170.72,171.08,171.09,170.77,169.71,167.03,164.72,163.82,165.05,166.28,166.94,167.26,167.46,167.55,167.50,167.52,167.04,164.16,160.38,158.49,157.99,157.09,156.35,156.25,155.94,154.86,153.72,152.68,151.61,150.50,149.47,148.74,148.03,147.26,146.50,145.94,145.05,144.04,143.06,142.20,141.31,140.06,138.22,135.49,132.88,131.08,130.22,130.32,130.71,131.27,131.22,130.48,129.63,129.00,128.38,127.78,127.30,126.99,126.92,126.94,127.08,127.47,127.92,128.39,128.85,129.23,129.47,129.59,129.53,129.22,128.71,128.03,127.28,126.47,125.55,124.62,123.69,122.75,121.82,120.89,119.79,118.50,117.02,115.49,113.95,112.45,111.03,109.80,108.81,107.83,106.86,105.92,104.92,104.18,103.84,103.83,103.71,103.67,103.62,103.55,103.47,103.39,104.46,106.15,108.06,110.08,113.10,116.42,119.19,120.23,120.70,120.85,120.64,119.83,118.48,117.26,116.54,116.45,116.88,117.85,119.13,120.53,121.84,122.83,122.56,121.27,119.41,118.40,118.22,118.23,117.77,115.71,112.16,109.27,106.61,103.49,100.41,96.78,96.52,100.66,106.15,109.18,111.23,113.31,116.13,119.17,120.61,120.33,117.46,110.11,104.12,99.95,96.41,91.67,90.13,89.90,90.11,90.72,92.27,94.16,95.85,97.17,98.18,99.56,103.78,109.99,115.86,119.11,117.63,113.75,109.25,105.59,102.02,99.08,96.88,95.19,93.41,92.52,92.33,92.59,93.24,94.03,94.62,94.99,95.29,93.06,90.55,87.00,80.96,79.71,79.38,79.11,78.90,78.80,78.79,78.79,78.81,78.86,78.86,78.91,79.01,79.15,79.30,79.41,79.50,79.60,79.62,79.75,80.03,80.50,81.33,82.21,82.02,81.19,80.25,79.82,79.48,79.08,78.71,78.70,78.94,79.25,79.62,80.06,80.43,80.58,80.56,80.33
210.16,205.10,201.29,198.69,197.06,196.28,195.54,193.16,188.54,182.16,177.78,174.78,171.86,169.24,168.30,167.86,167.68,167.67,167.72,167.41,166.74,166.14,165.88,166.14,167.09,168.09,169.05,170.09,171.18,171.92,172.10,171.52,170.29,167.82,166.19,166.23,167.95,169.05,169.69,170.10,170.38,170.72,170.49,169.89,168.53,165.13,161.56,159.52,158.60,157.68,156.75,156.19,155.55,154.55,153.55,152.58,151.62,150.64,149.66,148.78,147.97,147.13,146.15,145.06,144.03,143.06,142.17,141.38,140.52,139.26,137.43,134.82,131.99,130.33,129.65,129.70,130.02,130.49,130.52,130.05,129.41,128.85,128.29,127.72,127.20,126.76,126.59,126.58,126.74,127.22,127.66,128.03,128.37,128.66,128.80,128.86,128.78,128.47,127.99,127.36,126.71,126.02,125.21,124.30,123.40,122.50,121.57,120.65,119.46,118.10,116.64,115.17,113.74,112.31,110.94,109.78,108.85,107.91,106.94,105.97,104.98,104.57,104.50,104.53,104.43,104.38,104.31,104.24,104.17,104.09,104.87,106.30,108.08,109.60,111.94,114.81,117.54,118.98,119.54,119.54,118.92,117.52,115.99,114.84,114.21,114.13,114.47,115.42,116.78,118.28,119.41,119.07,118.02,116.22,113.94,112.85,112.60,112.56,112.05,110.07,107.64,105.97,104.42,102.21,99.66,96.08,95.56,98.93,102.81,105.02,106.88,108.99,111.73,115.41,117.71,118.61,117.35,111.86,106.66,102.29,97.82,91.80,89.77,89.22,89.18,89.58,90.57,91.87,93.32,94.89,96.58,98.42,102.46,108.12,113.72,117.75,116.85,113.35,109.11,105.46,101.90,98.94,96.59,94.49,92.11,90.72,90.18,90.17,90.54,91.31,92.12,92.91,93.87,93.05,91.51,88.31,82.08,80.05,79.44,79.16,78.95,78.87,78.88,78.92,78.97,79.04,79.06,79.10,79.22,79.41,79.56,79.90,80.49,81.19,81.42,81.65,81.83,82.19,83.03,83.57,83.14,82.21,81.30,80.93,80.38,79.81,79.41,79.35,79.63,80.18,80.86,81.46,81.56,81.30,80.91,80.45
207.65,203.53,201.73,201.59,201.90,201.28,200.01,196.41,190.95,184.27,178.32,174.03,170.94,168.77,167.59,167.51,168.19,168.96,169.19,168.54,167.66,166.97,166.66,166.76,167.57,168.40,169.16,170.15,171.39,172.59,172.96,172.03,170.57,168.27,167.15,167.80,169.74,170.70,171.39,171.95,172.35,172.91,172.43,171.30,169.40,166.05,162.91,160.67,159.24,158.27,157.34,156.45,155.57,154.68,153.83,152.98,152.13,151.28,150.41,149.44,148.56,147.65,146.45,144.81,143.48,142.35,141.37,140.61,139.67,138.37,136.63,134.25,131.41,129.97,129.45,129.38,129.57,129.83,129.87,129.60,129.16,128.66,128.13,127.58,127.05,126.59,126.35,126.28,126.42,126.89,127.29,127.58,127.80,127.98,128.01,128.00,127.91,127.64,127.22,126.64,126.06,125.48,124.78,123.95,123.09,122.22,121.30,120.38,119.13,117.73,116.30,114.91,113.56,112.21,110.89,109.76,108.89,108.00,107.04,106.05,105.16,105.07,105.19,105.24,105.18,105.11,105.03,104.95,104.86,104.78,105.25,106.38,107.98,109.05,110.63,112.88,115.42,117.39,118.41,118.49,117.53,115.48,113.61,112.48,111.94,111.88,112.17,113.25,114.84,116.52,117.40,115.50,113.55,111.41,109.09,107.88,107.40,107.05,106.29,104.51,103.21,102.46,101.61,100.07,98.16,95.09,94.36,96.70,99.30,101.06,103.05,105.42,108.18,112.12,114.64,116.09,116.13,112.81,108.64,104.23,99.02,92.17,89.73,88.85,88.62,88.94,89.39,90.05,91.21,93.06,95.61,98.15,102.08,107.04,111.93,116.27,115.94,113.10,109.48,106.03,102.51,99.48,96.98,94.57,91.83,90.00,88.95,88.44,88.22,88.61,89.46,90.68,91.94,92.43,91.75,88.91,82.88,80.30,79.49,79.22,79.02,78.96,79.00,79.09,79.16,79.23,79.25,79.28,79.39,79.64,79.98,81.16,82.61,83.81,84.17,84.37,84.34,84.39,84.88,84.85,84.19,83.28,82.46,82.04,81.28,80.59,80.22,80.27,80.63,81.36,82.15,82.53,82.18,81.55,80.85,80.19
208.94,207.50,207.11,207.23,206.77,204.16,199.37,193.59,187.94,182.82,177.66,173.33,170.37,168.65,167.84,168.34,169.42,170.27,170.25,169.31,168.36,167.78,167.64,167.64,168.12,168.61,169.18,170.24,171.70,173.22,173.59,172.25,170.72,168.48,167.19,167.37,168.81,169.84,170.69,171.43,172.01,172.47,171.77,170.72,169.35,166.70,164.01,161.77,160.07,158.93,157.97,157.05,156.16,155.31,154.51,153.68,152.82,151.98,151.14,150.45,149.78,149.03,147.99,146.32,144.36,142.43,140.81,139.86,138.65,137.26,135.58,133.37,131.08,129.90,129.35,129.07,129.20,129.33,129.34,129.18,128.84,128.48,127.97,127.39,126.87,126.45,126.19,126.05,126.07,126.36,126.67,126.95,127.13,127.18,127.19,127.15,127.02,126.77,126.43,125.92,125.34,124.73,124.10,123.47,122.71,121.86,120.98,120.06,118.88,117.58,116.22,114.84,113.46,112.11,110.82,109.71,108.92,108.06,107.11,106.19,105.69,105.70,105.85,105.95,105.93,105.87,105.79,105.69,105.56,105.48,105.62,106.32,107.56,108.53,109.63,111.24,113.37,115.84,118.20,118.79,117.70,115.15,112.07,110.49,109.85,109.78,110.13,111.85,114.02,115.96,116.57,113.37,110.68,108.61,106.86,105.34,104.06,102.77,101.44,100.27,99.48,98.85,98.07,96.92,95.62,93.33,92.43,93.68,95.85,97.81,100.25,103.20,106.42,109.52,111.53,112.84,113.38,112.07,108.91,104.77,99.52,92.78,89.87,88.63,88.22,88.49,88.88,89.38,90.48,92.52,95.58,98.42,102.63,107.62,111.93,115.40,115.38,113.37,110.52,107.60,103.97,100.80,98.32,96.07,94.04,92.12,90.32,88.69,87.09,86.04,86.31,87.96,89.61,90.46,90.34,87.97,82.04,80.08,79.53,79.28,79.10,79.13,79.20,79.28,79.35,79.42,79.44,79.41,79.45,79.83,80.91,84.66,87.63,88.44,88.54,88.18,87.69,87.17,86.62,85.98,85.17,84.31,83.44,82.55,81.82,81.33,81.27,81.98,82.59,83.20,83.24,82.08,81.03,80.41,79.87,79.22
215.00,214.46,213.73,212.04,208.64,202.50,195.78,189.96,185.03,180.63,175.56,171.87,169.60,168.51,168.37,169.18,170.52,171.51,171.26,170.01,169.04,168.57,168.54,168.58,168.91,169.41,170.01,170.83,172.25,173.89,174.28,172.70,170.91,168.87,167.41,166.95,167.80,168.73,169.61,170.36,170.89,171.18,170.68,169.88,168.81,167.06,165.03,162.98,161.09,159.62,158.60,157.69,156.82,155.99,155.20,154.37,153.52,152.72,152.06,151.48,150.85,150.16,149.25,147.72,145.51,143.15,141.01,139.53,138.09,136.62,135.00,132.98,131.07,129.98,129.35,128.93,128.82,128.84,128.83,128.71,128.43,128.13,127.73,127.24,126.72,126.28,126.00,125.80,125.68,125.78,126.02,126.25,126.39,126.36,126.33,126.25,126.10,125.89,125.62,125.16,124.59,123.98,123.40,122.83,122.14,121.39,120.61,119.67,118.53,117.31,116.05,114.75,113.38,112.03,110.76,109.66,108.89,108.10,107.23,106.43,106.24,106.36,106.52,106.62,106.64,106.61,106.55,106.45,106.31,106.22,106.27,106.63,107.34,108.16,108.99,110.11,112.32,116.77,118.93,119.40,118.69,116.68,112.90,110.16,108.63,108.33,109.39,111.74,114.56,117.03,117.95,115.88,112.60,109.59,107.53,106.22,104.87,102.80,100.42,99.00,98.31,97.64,96.81,95.73,94.16,92.09,91.01,91.52,93.22,95.79,98.97,102.33,105.27,107.10,108.26,109.33,110.21,109.59,107.21,103.67,98.94,92.84,89.85,88.42,87.86,88.00,88.51,89.16,90.60,93.05,96.11,99.47,104.15,109.08,112.28,114.18,114.04,112.81,111.00,108.81,105.88,103.14,100.86,98.89,97.56,96.11,93.99,91.00,88.49,86.46,85.12,84.96,86.61,87.61,87.61,85.72,81.10,79.86,79.50,79.29,79.18,79.30,79.39,79.48,79.59,79.65,79.64,79.56,79.55,80.19,83.07,87.29,90.16,90.79,90.73,90.16,89.49,88.77,87.83,86.89,85.97,85.04,84.09,83.09,82.43,82.18,82.46,83.42,84.16,84.05,83.00,81.14,80.03,79.34,78.69,78.00
222.61,221.64,219.48,215.16,208.25,198.69,191.19,186.26,182.25,178.01,172.91,170.22,168.90,168.50,169.07,170.05,171.56,172.68,172.41,171.14,170.13,169.72,169.87,170.16,170.48,171.00,171.54,171.89,173.08,174.65,175.02,173.35,171.25,169.39,167.79,166.75,166.95,167.63,168.44,169.13,169.51,169.65,169.53,169.00,168.09,167.17,165.82,164.09,162.16,160.36,159.23,158.33,157.49,156.66,155.87,155.05,154.22,153.48,153.02,152.43,151.76,151.06,150.27,149.01,146.92,144.45,141.95,139.78,138.08,136.58,135.02,133.16,131.44,130.23,129.42,128.91,128.54,128.43,128.35,128.21,127.98,127.69,127.41,127.07,126.56,126.11,125.82,125.56,125.31,125.23,125.38,125.53,125.61,125.53,125.46,125.33,125.18,125.00,124.77,124.37,123.84,123.24,122.69,122.08,121.48,120.88,120.22,119.28,118.17,116.99,115.81,114.63,113.29,111.96,110.69,109.59,108.84,108.13,107.40,106.77,106.83,107.03,107.19,107.27,107.34,107.36,107.31,107.21,107.07,107.02,107.11,107.22,107.39,108.04,108.75,109.80,112.52,118.75,119.97,120.04,119.88,118.82,114.77,110.70,107.93,107.22,109.24,112.16,115.62,118.72,120.20,120.11,116.66,112.68,110.09,109.11,107.93,105.37,102.07,100.04,99.12,98.23,97.25,96.09,93.85,91.44,90.03,90.03,91.24,94.55,98.44,101.96,104.10,104.63,104.89,105.57,106.43,105.68,103.87,101.05,97.15,92.27,89.58,88.14,87.48,87.59,88.32,89.38,91.42,94.42,97.28,101.12,106.03,110.55,112.43,112.56,112.00,111.27,110.37,108.88,107.02,105.08,103.25,101.71,101.05,100.27,98.18,94.11,91.09,88.37,85.08,82.20,83.45,84.36,84.29,82.94,80.23,79.66,79.44,79.29,79.28,79.47,79.63,79.90,80.22,80.31,80.13,79.84,79.67,80.62,85.70,89.28,91.21,91.81,91.71,91.11,90.40,89.63,88.68,87.62,86.60,85.57,84.55,83.66,83.10,83.10,83.68,84.62,85.40,84.38,82.23,80.15,79.28,78.56,77.82,77.13
225.79,222.67,218.43,212.40,204.75,196.07,189.01,184.04,179.67,175.16,171.15,169.47,169.00,169.18,169.90,171.12,172.51,173.72,174.37,174.47,173.12,172.53,173.40,174.53,175.01,174.82,174.27,173.86,174.59,175.70,175.87,174.34,172.10,170.06,168.50,167.47,166.98,167.17,167.72,168.37,168.85,169.02,168.98,168.52,167.65,166.76,165.79,164.49,162.94,161.36,159.84,158.83,158.03,157.23,156.41,155.65,154.93,154.25,153.66,153.00,152.31,151.61,150.90,150.10,148.86,146.94,144.33,141.64,139.61,138.09,136.66,134.75,132.81,130.94,129.59,129.07,128.63,128.32,128.03,127.72,127.53,127.24,126.98,126.70,126.32,125.96,125.66,125.38,125.13,124.90,124.83,124.82,124.78,124.66,124.57,124.44,124.27,124.07,123.88,123.56,123.08,122.47,121.93,121.33,120.83,120.42,119.95,119.11,117.98,116.77,115.56,114.34,113.07,111.80,110.59,109.58,108.83,108.13,107.58,107.34,107.50,107.69,107.84,107.97,108.04,108.10,108.07,107.97,107.86,108.00,108.13,108.17,108.23,108.74,109.44,111.98,115.97,119.44,120.12,120.17,120.09,119.29,115.69,111.13,107.49,106.14,108.61,111.91,115.77,119.32,121.17,120.83,118.80,116.36,114.31,113.00,111.33,109.11,106.61,104.48,102.80,101.26,99.97,98.75,96.14,92.25,89.81,89.58,90.39,93.87,97.73,100.59,101.41,101.47,101.44,101.34,100.88,99.28,97.74,95.36,92.38,90.07,88.56,87.40,86.94,87.64,88.69,90.55,93.48,97.12,100.07,103.59,107.17,109.95,110.73,109.97,108.63,107.25,105.99,104.60,103.50,102.67,101.99,101.32,101.13,100.74,99.23,95.98,93.10,89.87,85.55,81.27,81.14,81.38,81.35,80.86,79.86,79.58,79.41,79.35,79.50,79.68,80.11,81.24,82.65,82.87,81.94,80.67,79.82,80.93,87.45,90.45,91.68,92.36,92.44,91.78,90.95,90.11,89.11,88.00,86.91,85.89,84.98,84.34,83.89,84.03,84.72,85.45,86.13,84.77,82.22,80.02,79.28,79.01,78.75,78.43
225.83,221.37,216.11,209.58,202.08,194.21,187.50,182.31,177.66,173.27,170.23,169.28,169.33,169.91,170.92,172.33,173.65,174.89,176.06,176.94,176.16,176.10,177.57,179.22,179.75,178.84,177.18,176.03,176.48,177.11,177.01,175.67,173.40,171.14,169.41,168.24,167.38,167.14,167.29,167.71,168.28,168.50,168.51,168.09,167.28,166.59,165.64,164.42,163.06,161.73,160.21,159.19,158.43,157.68,156.91,156.21,155.56,154.90,154.20,153.51,152.81,152.12,151.44,150.86,150.18,148.94,146.91,144.33,142.14,140.28,138.48,136.41,134.23,131.90,130.11,129.35,128.88,128.48,128.08,127.71,127.50,127.21,126.94,126.69,126.37,126.02,125.72,125.46,125.20,124.91,124.66,124.48,124.31,124.09,123.95,123.76,123.51,123.24,123.03,122.75,122.33,121.83,121.35,120.86,120.48,120.16,119.73,118.94,117.89,116.72,115.46,114.22,112.98,111.75,110.58,109.60,108.89,108.30,107.95,107.98,108.20,108.36,108.52,108.66,108.73,108.81,108.82,108.77,108.80,109.00,109.11,109.27,109.67,110.53,111.53,114.61,118.57,119.83,120.13,120.19,120.14,119.45,116.19,111.50,107.34,105.26,107.11,110.22,113.84,117.14,118.94,118.50,117.26,115.55,113.58,111.97,110.03,108.05,106.20,104.62,103.07,101.72,100.65,99.61,97.23,92.97,90.01,89.35,89.77,92.28,94.91,96.58,96.57,96.36,96.17,95.74,94.78,93.31,92.26,90.63,88.72,87.91,87.13,86.37,86.29,87.45,88.85,91.67,95.45,99.45,102.19,104.73,106.59,107.67,107.75,106.20,104.40,102.76,101.33,100.00,99.25,98.88,98.71,98.56,98.70,98.58,97.75,95.75,93.19,89.70,85.11,80.64,79.96,79.86,79.86,79.83,79.70,79.55,79.44,79.48,79.70,80.05,81.88,84.23,86.12,86.09,84.42,82.30,81.04,82.53,88.66,91.11,92.09,92.89,93.05,92.28,91.33,90.38,89.34,88.22,87.17,86.25,85.53,85.09,84.73,84.91,85.58,86.19,86.77,85.36,82.83,80.69,80.06,80.05,80.08,79.99
222.94,218.38,213.35,207.50,200.73,193.09,186.51,181.15,176.50,172.60,170.18,169.55,169.82,170.66,172.11,173.64,174.98,176.22,177.38,178.29,178.96,180.16,182.05,183.80,184.34,182.91,180.43,178.63,178.95,179.10,178.64,177.41,175.15,172.66,170.53,168.97,168.04,167.48,167.13,167.16,167.74,168.00,168.04,167.67,167.00,166.72,165.47,163.95,162.53,161.42,160.28,159.41,158.68,157.99,157.36,156.74,156.08,155.40,154.71,154.02,153.32,152.63,151.94,151.32,150.79,150.24,149.37,147.51,145.37,142.88,140.26,137.93,135.51,133.00,130.93,129.73,129.25,128.87,128.52,128.20,127.91,127.61,127.34,127.08,126.75,126.31,126.02,125.78,125.53,125.22,124.87,124.55,124.26,123.93,123.69,123.38,123.01,122.65,122.34,122.03,121.70,121.36,121.02,120.72,120.42,120.07,119.56,118.75,117.86,116.80,115.53,114.29,113.05,111.82,110.64,109.69,109.02,108.64,108.52,108.67,108.90,109.10,109.28,109.42,109.52,109.61,109.59,109.61,109.84,109.96,110.00,110.41,111.48,113.14,114.67,117.17,119.74,120.02,120.09,120.15,120.10,119.38,116.32,111.79,107.49,104.67,104.88,107.06,109.71,112.04,113.35,113.22,111.99,110.04,107.71,105.98,104.15,102.29,100.76,100.22,99.61,99.20,98.84,98.19,96.57,93.21,90.45,89.25,89.25,89.84,90.30,90.44,90.21,89.81,89.58,89.29,88.81,88.45,88.11,87.50,86.73,86.15,85.49,85.16,85.56,86.97,88.68,92.44,96.90,100.91,103.14,104.22,104.27,103.96,103.70,101.46,99.62,98.20,96.91,95.61,94.81,94.23,93.81,93.72,94.02,94.07,93.84,93.16,91.07,87.66,83.61,80.15,79.84,79.81,79.81,79.78,79.69,79.56,79.55,79.64,79.92,80.84,84.98,88.67,90.39,89.79,87.46,84.69,83.39,85.44,89.45,91.38,92.52,93.44,93.58,92.69,91.58,90.52,89.44,88.36,87.44,86.72,86.24,85.89,85.63,85.76,86.28,86.88,87.38,86.22,84.06,82.13,81.60,81.55,81.58,81.57
217.57,214.63,211.06,206.31,200.22,192.81,186.63,181.97,177.91,174.09,171.06,170.17,170.61,171.82,173.37,174.95,176.31,177.49,178.55,179.67,181.33,183.42,185.73,187.70,188.75,188.29,186.53,184.24,183.83,183.33,182.12,180.03,177.44,174.69,172.07,169.88,168.71,167.91,167.43,167.29,167.51,167.58,167.59,167.47,167.22,166.94,165.26,163.43,161.93,160.91,159.99,159.30,158.70,158.11,157.58,157.05,156.48,155.87,155.21,154.52,153.83,153.13,152.44,151.78,151.30,150.89,150.37,149.30,147.47,144.73,141.57,138.82,136.19,133.56,131.42,130.20,129.70,129.37,129.07,128.76,128.45,128.18,127.91,127.60,127.23,126.74,126.41,126.13,125.84,125.53,125.20,124.90,124.66,124.50,124.27,123.88,123.42,123.00,122.64,122.32,121.97,121.56,121.17,120.76,120.41,120.02,119.41,118.52,117.65,116.71,115.63,114.41,113.17,111.94,110.77,109.87,109.35,109.14,109.16,109.38,109.69,110.16,110.56,110.83,111.05,111.26,110.83,110.32,110.55,110.57,110.66,111.03,111.95,113.86,115.67,117.67,119.39,119.72,119.92,120.03,119.72,118.41,115.73,111.73,107.89,104.95,103.37,103.22,103.95,104.90,105.41,105.37,104.79,103.81,102.59,101.56,100.54,99.41,98.38,97.88,96.91,96.17,95.62,95.00,93.91,91.80,89.98,89.00,88.69,88.78,88.75,88.51,88.09,87.63,87.45,87.33,87.15,87.03,86.86,86.64,86.34,85.88,84.91,84.48,84.92,86.42,88.22,91.69,95.75,99.46,101.49,102.03,101.44,100.48,99.74,97.87,96.13,94.64,93.19,91.24,90.43,89.80,89.09,88.62,88.59,88.30,87.81,87.16,85.95,83.68,81.44,79.96,79.81,79.76,79.75,79.72,79.65,79.63,79.67,79.76,80.49,83.91,88.61,92.28,94.09,93.77,90.68,87.46,86.17,88.17,90.49,91.98,93.17,94.12,94.24,93.26,92.05,90.90,89.78,88.73,88.04,87.55,87.12,86.64,86.46,86.60,87.01,87.54,88.05,87.42,85.87,84.08,83.50,83.23,83.11,83.15
211.19,209.34,206.92,203.16,198.06,191.90,186.98,183.26,179.83,176.14,172.35,171.15,171.73,173.21,174.67,176.25,177.60,178.81,180.07,181.58,183.91,186.52,189.07,191.31,192.99,193.64,192.99,190.85,189.71,188.43,186.50,183.69,180.32,176.94,173.69,170.91,169.34,168.36,167.84,167.60,167.56,167.49,167.47,167.53,167.55,167.00,164.98,162.92,161.33,160.38,159.62,159.07,158.58,158.05,157.58,157.09,156.58,156.03,155.44,154.81,154.18,153.53,152.88,152.24,151.73,151.28,150.82,150.22,148.20,145.07,141.60,138.81,136.21,133.70,131.73,130.70,130.18,129.89,129.63,129.33,129.04,128.79,128.50,128.16,127.74,127.20,126.81,126.49,126.19,125.89,125.64,125.44,125.30,125.27,125.05,124.59,124.07,123.60,123.18,122.83,122.45,121.99,121.52,120.99,120.55,120.07,119.36,118.39,117.47,116.59,115.66,114.50,113.29,112.11,111.06,110.30,109.93,109.94,110.23,110.72,111.21,111.93,112.48,112.77,113.00,112.97,111.99,111.00,111.16,111.10,111.20,111.47,112.10,113.74,115.51,117.01,118.07,118.44,118.46,118.28,117.61,116.06,114.01,110.99,107.89,105.03,102.29,100.43,99.72,99.63,99.55,99.53,99.42,99.24,98.95,98.46,98.03,97.44,96.69,95.98,94.53,93.35,92.54,92.00,91.33,90.29,89.41,88.87,88.45,88.38,88.24,87.95,87.56,87.18,87.13,87.22,87.30,87.29,87.20,87.14,87.05,86.61,85.41,84.63,84.57,85.48,87.28,90.15,93.33,96.13,97.53,97.87,97.39,96.54,95.73,94.30,92.25,90.23,88.52,86.54,85.91,85.41,84.69,84.07,83.81,83.36,82.73,82.10,81.65,80.58,79.89,79.87,79.81,79.73,79.70,79.68,79.64,79.70,79.77,80.27,82.16,87.38,92.07,95.44,97.32,97.25,93.73,90.22,88.72,90.26,91.45,92.65,93.84,94.80,94.95,93.92,92.67,91.48,90.37,89.39,88.84,88.45,87.97,87.39,87.28,87.46,87.80,88.23,88.72,88.57,87.66,86.16,85.50,84.95,84.67,84.73
203.93,201.36,198.97,195.83,192.33,189.41,187.29,184.60,181.62,178.37,174.01,172.71,173.37,174.85,176.05,177.55,178.81,180.24,182.31,184.52,187.09,189.66,192.12,194.65,196.94,198.42,198.90,198.11,196.46,194.25,191.86,188.98,184.11,179.38,175.31,172.07,169.88,168.80,168.21,167.96,168.06,168.00,167.98,168.02,167.85,166.69,164.59,162.46,160.78,159.88,159.25,158.75,158.26,157.73,157.26,156.69,156.13,155.60,155.12,154.68,154.20,153.70,153.20,152.70,152.09,151.45,150.81,150.01,146.72,142.77,139.34,137.29,135.19,133.25,131.86,131.22,130.69,130.39,130.16,129.91,129.66,129.38,129.07,128.72,128.24,127.65,127.22,126.87,126.58,126.34,126.26,126.22,126.19,126.15,125.83,125.35,124.82,124.29,123.78,123.36,122.98,122.55,122.03,121.55,120.97,120.28,119.44,118.46,117.47,116.49,115.51,114.53,113.40,112.41,111.66,111.21,110.88,111.26,112.16,113.30,114.12,114.94,115.40,115.47,115.47,114.39,112.83,111.66,111.73,111.62,111.60,111.75,112.14,112.80,114.00,114.98,115.51,115.47,114.52,113.37,112.30,111.39,110.41,109.07,107.03,104.35,101.71,99.99,99.19,98.92,98.79,98.71,98.45,98.16,97.85,97.22,96.73,95.97,94.99,94.04,92.49,91.18,90.38,90.13,89.76,89.31,89.07,89.05,88.90,88.72,88.47,88.27,88.30,88.19,88.43,88.80,89.10,89.29,89.36,89.34,89.19,88.67,87.53,86.18,84.75,83.83,85.53,87.76,89.54,90.40,90.17,90.63,91.18,91.59,91.56,90.29,87.06,83.75,81.74,81.21,81.09,80.99,80.85,80.72,80.67,80.59,80.46,80.34,80.25,80.04,79.87,79.82,79.80,79.73,79.70,79.70,79.70,79.76,79.84,81.54,85.82,90.67,94.96,98.11,99.85,99.59,96.41,92.78,90.60,91.13,92.16,93.31,94.48,95.45,95.69,94.68,93.49,92.38,91.33,90.48,89.88,89.32,88.69,88.15,88.13,88.34,88.66,89.00,89.40,89.48,89.11,88.25,87.51,86.69,86.26,86.30
198.33,194.91,192.48,190.05,187.77,186.27,185.18,183.65,181.72,178.99,174.41,174.03,175.23,176.65,177.83,179.47,181.04,182.82,185.16,187.61,190.09,192.51,194.97,197.75,200.40,201.81,202.09,201.53,199.67,196.90,193.85,190.39,185.12,179.81,175.23,171.71,169.63,168.87,168.45,168.27,168.46,168.45,168.47,168.50,168.16,166.42,164.20,161.97,160.21,159.49,158.93,158.41,157.90,157.36,156.82,156.25,155.69,155.16,154.71,154.31,153.88,153.39,152.89,152.39,151.75,151.06,149.95,147.28,143.56,140.21,137.60,135.84,134.40,133.19,132.27,131.74,131.20,130.90,130.67,130.44,130.20,129.94,129.62,129.22,128.70,128.10,127.63,127.28,127.10,127.08,127.14,127.13,127.06,126.99,126.61,126.12,125.57,125.03,124.50,124.01,123.57,123.12,122.58,121.94,121.22,120.43,119.56,118.65,117.63,116.61,115.66,114.90,114.15,113.43,112.80,112.42,112.25,112.90,114.06,115.42,116.67,118.06,118.47,117.77,116.94,115.43,113.72,112.48,112.31,111.99,111.49,111.27,111.48,111.65,112.36,112.87,112.96,112.63,111.44,110.01,108.71,107.75,107.12,106.38,104.98,102.89,100.83,99.61,98.95,98.56,98.22,97.95,97.57,97.17,96.76,96.26,95.82,95.08,94.18,93.49,92.08,90.74,89.91,89.81,89.83,90.33,91.00,91.41,90.88,90.10,89.44,89.17,89.55,90.18,91.15,92.14,92.89,93.28,93.22,93.03,92.63,91.50,89.79,87.90,85.78,83.78,84.22,85.36,86.24,86.26,84.92,84.69,84.97,85.35,85.43,84.79,82.97,81.07,79.99,79.90,79.90,79.90,79.90,79.90,79.90,79.90,79.90,79.90,79.86,79.86,79.83,79.80,79.80,79.77,79.75,79.75,79.75,79.83,80.06,82.82,88.91,93.39,97.25,100.01,101.25,100.29,97.50,94.27,92.03,92.01,92.95,94.09,95.23,96.20,96.49,95.62,94.50,93.43,92.44,91.75,91.19,90.50,89.64,89.06,89.05,89.28,89.59,89.90,90.21,90.40,90.31,89.82,89.22,88.48,87.98,87.79
193.93,189.83,187.23,185.29,183.81,182.94,182.24,181.58,180.64,178.78,174.97,175.67,177.36,178.71,180.07,181.96,183.87,185.89,188.22,190.70,193.02,195.39,198.05,201.20,203.90,204.73,204.20,203.24,201.27,198.02,194.21,190.01,184.78,179.36,174.56,170.93,169.25,168.91,168.69,168.59,168.83,168.90,168.95,168.93,168.37,166.32,164.00,161.62,159.72,159.15,158.59,158.05,157.50,156.95,156.34,155.78,155.24,154.72,154.26,153.84,153.40,152.91,152.38,151.84,151.18,150.17,148.13,143.80,140.30,137.94,136.29,134.78,133.95,133.34,132.78,132.24,131.71,131.41,131.18,130.94,130.71,130.48,130.16,129.73,129.13,128.53,128.05,127.75,127.73,127.93,128.09,128.07,127.94,127.81,127.39,126.88,126.34,125.79,125.25,124.69,124.21,123.77,123.16,122.33,121.45,120.58,119.73,118.87,117.89,116.92,116.12,115.61,115.27,114.79,114.19,113.74,113.73,114.59,115.91,117.34,118.91,120.79,121.09,119.59,117.94,116.29,114.62,113.32,112.85,112.26,111.27,110.63,110.61,110.45,110.70,110.77,110.52,109.91,108.71,107.37,106.11,105.11,104.54,103.94,102.87,101.34,99.99,99.30,98.81,98.34,97.88,97.47,97.06,96.60,96.14,95.80,95.46,94.87,94.23,93.93,92.73,91.43,90.65,90.80,91.49,92.96,94.40,95.11,94.18,92.82,91.73,91.27,91.81,93.06,94.66,96.11,97.12,97.60,97.34,96.94,96.27,94.46,91.99,89.53,86.88,84.10,83.00,83.04,83.28,82.96,81.17,80.34,80.11,80.13,80.13,80.10,80.03,79.95,79.91,79.90,79.90,79.90,79.90,79.90,79.89,79.89,79.89,79.88,79.82,79.80,79.80,79.80,79.80,79.81,79.81,79.84,79.93,80.17,80.88,84.47,91.47,95.68,99.21,101.45,101.94,100.29,97.95,95.26,93.21,92.87,93.82,94.97,96.10,97.03,97.34,96.62,95.58,94.53,93.65,93.12,92.59,91.83,90.83,90.20,90.13,90.31,90.59,90.87,91.11,91.33,91.40,91.12,90.68,90.12,89.60,89.14
191.72,187.76,184.63,182.25,180.59,179.73,179.16,178.15,177.45,177.50,177.59,178.72,180.07,181.50,183.44,185.70,187.63,189.40,191.34,193.61,195.91,198.68,202.17,206.18,208.07,207.61,205.69,203.39,201.26,197.43,192.72,187.82,182.89,178.17,173.81,170.44,169.39,169.29,169.13,168.99,169.19,169.42,169.49,169.13,168.20,166.76,164.44,161.72,159.47,158.78,158.22,157.64,157.06,156.51,155.89,155.30,154.75,154.27,153.81,153.31,152.84,152.35,151.81,151.26,150.61,148.20,143.93,140.63,138.51,137.03,135.90,135.07,134.40,133.83,133.29,132.75,132.22,131.91,131.68,131.45,131.22,130.99,130.73,130.28,129.48,128.90,128.50,128.38,128.58,128.81,128.98,128.96,128.81,128.63,128.17,127.63,127.09,126.56,126.01,125.38,124.96,124.66,123.87,122.84,121.80,120.83,119.97,119.07,118.25,117.67,117.36,117.11,116.91,116.48,115.83,115.17,115.18,116.13,117.53,119.03,120.49,122.07,121.99,120.17,118.48,116.98,115.44,114.10,113.29,112.36,111.26,110.34,109.78,109.33,109.11,108.85,108.40,107.53,106.25,105.45,105.07,104.82,104.11,103.22,101.85,100.28,99.59,99.12,98.71,98.35,98.12,97.98,97.74,97.44,97.12,96.77,96.57,96.41,96.30,96.28,95.22,94.10,93.67,94.57,96.81,98.85,100.34,101.00,100.37,99.07,97.73,96.86,96.96,97.94,99.28,100.28,100.63,100.81,100.49,99.99,99.09,96.98,93.85,90.66,87.33,83.82,81.59,81.02,80.94,80.76,80.22,79.97,79.90,79.90,79.90,79.90,79.90,79.90,79.90,79.90,79.90,79.90,79.90,79.90,79.85,79.83,79.83,79.82,79.81,79.80,79.80,79.80,79.81,79.85,79.88,79.99,80.48,81.50,83.63,87.42,92.82,97.16,100.75,102.17,101.42,99.70,97.95,95.78,93.99,93.66,94.83,96.04,97.16,98.07,98.26,97.63,96.66,95.69,95.06,94.57,94.05,93.38,92.56,91.99,91.67,91.62,91.76,91.96,92.13,92.34,92.40,92.10,91.70,91.23,90.70,90.14
190.69,186.90,183.43,180.96,179.59,179.31,179.23,178.73,178.56,179.32,180.66,182.06,183.37,184.80,186.87,189.22,191.34,193.20,195.00,197.33,200.28,203.44,206.53,209.22,209.71,208.26,205.73,202.95,200.26,195.62,190.05,184.61,180.16,176.31,173.09,170.93,170.73,170.91,170.22,169.54,170.02,170.97,171.94,172.18,171.28,169.28,166.29,163.02,160.24,158.94,158.21,157.57,156.94,156.33,155.69,155.04,154.43,153.85,153.30,152.75,152.26,151.78,151.24,150.69,148.54,145.02,141.03,139.07,137.99,137.08,136.23,135.63,134.99,134.39,133.82,133.26,132.72,132.42,132.20,132.01,131.83,131.67,131.29,130.65,129.79,129.25,129.01,129.06,129.36,129.62,129.82,129.86,129.73,129.40,128.87,128.30,127.72,127.12,126.55,126.18,126.06,125.95,125.20,124.12,122.99,121.89,120.82,119.64,118.92,118.59,118.55,118.54,118.56,118.11,117.26,116.46,116.61,117.53,118.85,120.36,121.84,122.81,122.31,120.47,118.75,117.42,116.17,115.08,114.26,113.06,111.72,110.47,109.45,108.83,108.42,108.05,107.64,107.13,106.40,106.27,106.50,106.67,106.27,105.44,103.73,101.38,99.82,99.23,98.91,98.68,98.64,98.68,98.57,98.40,98.18,97.77,97.75,97.96,98.46,99.39,98.46,97.27,96.91,98.21,100.97,103.38,105.21,106.25,106.09,105.00,103.62,102.58,102.52,102.64,103.34,103.74,103.33,102.73,101.91,101.00,99.72,97.28,93.80,90.15,86.38,82.69,80.66,80.10,79.98,79.91,79.90,79.90,79.90,79.90,79.90,79.90,79.90,79.90,79.90,79.90,79.90,79.90,79.90,79.90,79.86,79.83,79.83,79.83,79.83,79.83,79.83,79.83,79.84,79.88,80.73,82.14,83.47,84.89,87.15,90.37,94.52,98.84,102.25,102.66,100.64,99.01,97.52,95.75,94.41,94.47,95.73,96.99,98.13,99.00,99.07,98.61,97.78,96.93,96.47,96.10,95.63,95.00,94.30,93.77,93.31,93.06,93.05,93.22,93.38,93.51,93.48,93.13,92.72,92.20,91.62,91.02
190.51,186.85,183.26,181.00,180.24,180.86,181.41,181.85,182.33,182.99,183.88,185.42,186.94,188.43,190.34,192.59,194.97,197.18,199.12,201.71,205.47,208.65,210.29,210.28,209.08,206.97,204.39,201.65,198.20,192.68,186.47,180.96,177.42,174.48,172.65,172.18,173.08,173.57,172.09,170.62,171.49,173.51,175.87,177.22,176.63,173.48,169.45,165.37,161.78,159.47,158.47,157.76,157.07,156.39,155.70,155.00,154.28,153.54,152.86,152.26,151.75,151.24,150.69,150.12,145.93,141.75,139.53,138.85,138.39,137.79,137.06,136.37,135.67,135.02,134.38,133.76,133.24,132.96,132.78,132.64,132.55,132.40,131.81,130.94,130.11,129.64,129.58,129.75,130.05,130.35,130.60,130.72,130.60,130.08,129.49,128.88,128.25,127.61,127.09,127.15,127.41,127.50,126.94,125.88,124.72,123.48,122.07,120.56,119.87,119.65,119.71,119.98,120.29,119.77,118.60,117.69,117.98,118.85,120.03,121.46,122.91,123.23,122.40,120.74,119.07,117.91,117.04,116.36,115.76,114.37,112.75,111.15,109.79,109.05,108.70,108.43,108.27,108.43,108.55,109.10,109.76,110.16,110.26,109.73,107.74,104.34,101.03,99.80,99.39,99.35,99.65,99.97,100.07,99.96,99.59,98.90,99.14,99.80,101.03,103.21,102.53,101.06,100.41,101.68,104.17,106.86,109.20,110.78,111.06,110.26,108.96,107.92,107.75,106.76,106.55,106.21,105.05,103.50,101.96,100.46,98.70,95.98,92.42,88.61,84.71,81.24,80.13,79.92,79.91,79.90,79.90,79.90,79.90,79.90,79.90,79.90,79.90,79.90,79.90,79.90,79.94,79.98,79.98,79.95,79.91,79.90,79.90,79.90,79.90,79.90,79.90,79.90,79.91,80.09,82.25,85.55,87.99,89.52,91.10,93.32,96.59,100.69,103.57,102.91,99.80,98.36,96.91,95.46,94.67,95.30,96.59,97.91,99.16,100.11,100.07,99.72,99.03,98.29,97.89,97.69,97.27,96.68,96.01,95.52,95.01,94.60,94.42,94.60,94.75,94.75,94.58,94.19,93.72,93.09,92.44,91.83
190.99,187.49,184.01,182.23,182.12,183.11,183.78,184.35,184.90,185.55,186.57,188.10,190.02,192.08,193.93,196.12,198.56,201.09,203.72,206.80,209.81,211.12,210.11,207.69,205.36,203.04,200.55,197.51,193.63,187.63,181.80,178.18,177.25,175.01,173.67,174.25,176.69,177.64,176.01,174.10,174.69,177.63,180.98,182.97,182.64,179.67,174.80,169.27,163.97,160.13,158.89,158.18,157.48,156.78,156.09,155.35,154.57,153.75,152.96,152.21,151.52,150.88,150.27,149.54,145.67,142.09,140.52,140.19,139.58,138.85,138.09,137.30,136.55,135.78,135.00,134.25,133.84,133.69,133.59,133.49,133.38,132.88,132.18,131.42,130.72,130.21,130.18,130.39,130.69,131.00,131.29,131.29,131.00,130.50,129.94,129.33,128.76,128.36,128.36,128.56,128.85,129.01,128.62,127.60,126.35,124.94,123.34,122.03,121.20,120.86,121.06,121.84,122.49,121.80,120.17,119.09,119.10,120.16,121.51,122.55,123.25,123.65,123.02,121.54,120.52,119.51,118.92,118.64,118.25,116.86,115.20,113.50,111.96,111.06,110.91,111.18,111.64,112.05,112.27,113.17,114.34,115.19,115.41,114.95,113.15,109.80,105.47,101.83,100.25,100.60,102.39,103.94,104.85,104.63,102.98,100.84,101.53,103.44,105.88,108.49,108.53,106.64,104.90,105.08,106.94,110.08,112.66,113.96,114.20,113.39,112.31,111.25,110.17,108.61,107.25,105.86,104.24,102.44,100.49,98.51,96.42,93.88,90.59,87.30,83.97,80.86,80.03,79.90,79.90,79.90,79.90,79.90,79.90,79.90,79.90,79.90,79.90,79.90,79.90,79.91,80.22,80.47,80.50,80.29,80.01,79.90,79.90,79.90,79.90,79.90,79.90,79.90,80.00,81.30,84.45,88.63,92.21,93.76,94.90,96.53,99.16,102.61,104.07,102.59,99.49,98.16,96.80,95.72,95.40,96.31,97.55,99.18,101.02,102.57,102.45,101.67,100.77,99.96,99.43,99.26,98.96,98.42,97.72,97.19,96.70,96.25,95.94,95.96,95.97,95.86,95.61,95.19,94.60,93.89,93.20,92.57
191.49,188.21,184.78,183.67,184.38,185.44,186.17,186.75,187.36,188.17,189.48,191.23,193.44,195.77,197.57,199.72,202.18,204.95,207.97,210.42,211.28,210.09,207.00,203.53,200.71,198.34,195.88,192.62,188.53,183.35,179.28,177.96,178.61,176.68,175.38,176.31,179.79,181.09,179.33,177.15,177.72,181.57,185.41,187.59,187.42,184.97,179.75,172.98,166.16,161.42,159.53,158.62,157.93,157.22,156.49,155.72,154.92,154.09,153.23,152.39,151.57,150.81,150.09,149.16,146.21,143.48,142.05,141.34,140.34,139.44,138.64,137.80,136.97,136.14,135.36,134.77,134.51,134.45,134.41,134.33,134.09,133.41,132.68,132.01,131.40,130.83,130.80,131.02,131.33,131.64,131.91,131.80,131.37,130.88,130.39,129.87,129.43,129.22,129.45,129.69,129.94,130.10,129.84,129.01,127.75,126.24,124.72,123.64,122.74,122.26,122.43,123.27,123.70,122.98,121.60,120.83,120.61,121.34,122.36,123.00,122.94,123.46,123.27,122.27,121.83,121.33,121.14,121.16,120.97,119.82,118.31,116.73,115.30,114.46,114.79,115.72,116.65,116.91,116.88,117.77,119.13,120.31,120.82,120.23,118.20,114.63,109.81,104.69,102.84,103.95,106.68,109.10,110.42,109.78,106.87,103.57,104.14,106.61,109.82,112.93,113.44,111.55,109.44,109.12,110.68,113.81,116.14,116.90,116.82,115.58,114.14,112.63,110.78,108.91,106.90,104.92,103.05,101.04,98.50,96.06,93.89,91.71,88.96,86.19,83.40,80.82,80.13,80.00,80.19,80.83,82.08,82.33,82.08,81.56,80.84,80.14,79.91,80.04,80.48,81.31,82.37,82.88,82.69,81.97,81.06,80.59,80.49,80.57,80.76,80.87,80.82,80.61,80.63,82.73,86.52,91.23,95.66,97.46,98.46,99.76,101.91,104.68,104.60,102.32,99.35,98.16,96.91,96.11,96.11,97.18,98.33,100.46,103.03,105.16,105.14,104.06,102.86,101.80,100.93,100.64,100.43,99.97,99.20,98.58,98.10,97.64,97.23,96.95,96.71,96.43,96.02,95.41,94.78,94.16,93.60,93.07
191.81,188.85,185.46,185.23,186.95,187.84,188.67,189.32,190.07,191.22,192.87,195.05,197.34,199.48,201.24,203.34,205.86,208.72,211.40,211.81,209.19,205.25,201.12,198.18,195.60,193.23,190.75,187.60,183.72,180.82,179.79,180.76,181.29,179.18,177.60,178.27,182.05,183.59,181.68,179.37,180.28,184.95,188.69,190.58,190.42,188.57,183.61,176.08,168.26,163.47,160.44,159.08,158.36,157.64,156.82,156.03,155.26,154.46,153.61,152.77,151.93,151.11,150.23,149.09,147.28,145.41,143.69,141.86,140.39,139.35,138.57,137.72,136.83,135.99,135.44,135.34,135.30,135.24,135.20,135.09,134.66,134.05,133.38,132.71,132.09,131.48,131.43,131.65,131.96,132.26,132.45,132.28,131.80,131.28,130.87,130.50,130.25,130.16,130.19,130.38,130.58,130.67,130.48,130.00,128.83,127.37,126.18,125.25,124.38,123.81,123.69,123.98,123.55,123.02,122.71,122.70,122.41,122.19,122.27,122.57,121.94,122.47,122.84,122.66,122.57,122.93,123.27,123.47,123.49,122.85,121.74,120.58,119.66,119.20,120.33,121.89,123.01,122.78,122.27,122.76,123.88,125.10,126.16,125.22,122.40,118.08,113.31,108.31,107.46,109.67,112.44,115.09,116.21,114.87,110.97,107.16,106.94,108.96,112.32,116.05,116.67,115.28,113.84,113.94,115.60,118.09,119.59,119.63,118.97,116.85,114.36,111.93,109.69,107.73,105.74,103.79,101.84,99.48,96.10,93.29,91.33,89.67,87.66,85.28,82.92,81.10,80.50,80.36,81.02,83.06,86.89,87.70,86.95,85.36,83.10,80.92,80.18,80.55,81.92,84.43,86.73,87.52,86.75,85.14,83.25,82.16,81.85,82.15,82.72,83.10,82.98,82.37,82.08,84.21,88.16,93.13,98.05,100.39,101.60,102.86,104.76,106.91,105.39,102.33,99.41,98.36,97.23,96.59,96.72,97.80,98.85,101.68,105.03,107.64,107.90,106.73,105.26,103.78,102.39,101.80,101.64,101.26,100.37,99.58,99.10,98.67,98.16,97.47,96.88,96.35,95.66,94.67,94.10,93.75,93.49,93.22
190.87,188.66,186.71,187.61,190.18,191.89,192.87,193.80,194.89,196.19,197.52,199.20,201.05,202.93,204.75,206.89,209.66,211.75,211.58,209.50,205.40,200.79,196.67,194.02,191.47,188.77,186.68,186.21,184.76,182.97,182.58,183.82,182.67,179.82,178.78,180.60,184.69,187.05,185.67,183.28,183.47,187.65,190.73,192.07,191.65,189.71,184.99,178.04,170.76,165.71,161.88,159.83,158.74,157.99,157.19,156.38,155.58,154.80,154.00,153.22,152.46,151.70,150.86,149.68,148.19,146.16,143.60,141.28,139.94,139.08,138.36,137.56,136.84,136.35,136.12,136.12,136.12,136.06,136.00,135.84,135.34,134.70,134.05,133.39,132.73,132.12,132.06,132.29,132.59,132.84,132.96,132.70,132.20,131.72,131.40,131.09,130.88,130.84,130.81,130.91,131.06,131.13,130.88,130.45,129.54,128.33,127.12,126.12,125.17,124.34,123.70,123.30,122.75,122.52,122.34,121.52,121.14,120.90,120.87,121.00,120.66,120.88,121.08,121.08,121.07,121.32,121.55,121.72,121.84,122.02,122.21,122.36,122.58,123.16,125.13,126.72,127.43,127.31,127.03,127.20,127.67,128.28,128.93,127.92,124.75,119.95,115.64,112.00,111.82,114.06,116.78,119.46,120.18,118.41,114.42,111.16,110.74,112.57,115.86,119.35,119.80,118.82,117.95,118.20,119.19,120.39,120.86,120.36,119.20,116.41,113.39,110.69,108.54,106.58,104.62,102.68,100.48,97.08,93.39,90.84,89.41,88.10,86.35,84.52,83.12,82.58,82.38,82.54,84.12,87.35,90.92,92.10,91.80,90.27,87.40,84.87,83.48,83.43,84.96,87.72,90.46,91.13,89.63,87.12,84.90,83.81,83.75,84.49,85.19,86.04,86.47,86.21,85.57,85.46,88.29,93.38,98.61,101.05,102.75,104.73,107.18,108.91,107.02,103.69,100.50,98.98,98.07,97.57,97.48,98.02,99.03,102.70,106.78,109.57,109.60,108.54,107.13,105.59,104.05,103.02,102.82,102.50,101.42,100.07,99.45,99.05,98.51,97.59,96.73,96.06,95.27,94.13,93.33,92.92,92.73,92.59
189.91,188.43,188.02,190.28,193.83,196.21,197.23,198.35,199.65,200.93,201.92,203.11,204.54,206.25,208.34,210.74,212.91,213.28,210.33,206.37,201.47,196.73,192.91,190.53,188.50,186.50,185.62,187.39,187.91,186.73,186.07,186.40,183.51,180.06,179.76,182.88,187.17,190.32,189.55,187.20,186.69,190.25,192.63,193.15,191.91,189.60,185.15,179.15,172.88,167.97,163.83,161.06,159.33,158.37,157.57,156.75,155.97,155.25,154.58,153.89,153.19,152.47,151.62,150.42,149.03,146.74,143.50,140.69,139.49,138.81,138.20,137.55,137.08,136.94,136.94,136.94,136.94,136.88,136.79,136.59,136.06,135.38,134.73,134.08,133.39,132.75,132.71,132.93,133.19,133.40,133.42,133.12,132.61,132.20,131.94,131.67,131.48,131.46,131.40,131.44,131.53,131.55,131.21,130.73,130.04,129.06,127.74,126.56,125.44,124.33,123.25,122.31,121.74,121.67,121.44,119.99,119.55,119.46,119.48,119.52,119.49,119.41,119.36,119.36,119.35,119.36,119.40,119.46,119.61,120.33,121.42,122.59,123.84,125.48,128.05,129.69,130.22,130.37,130.44,130.41,130.38,130.38,130.47,129.57,126.48,121.67,117.99,115.89,116.17,118.11,120.77,123.56,123.99,121.96,118.21,115.95,115.64,117.20,119.90,122.21,122.27,121.61,121.18,121.43,121.60,121.60,121.13,119.96,117.81,114.68,111.69,109.20,107.31,105.41,103.48,101.30,98.44,94.30,90.95,88.96,87.92,86.83,85.50,84.43,84.04,84.53,84.72,85.17,87.38,91.28,94.33,96.06,96.50,95.42,92.36,89.70,87.63,87.06,88.60,91.23,93.99,94.41,92.20,88.69,86.37,85.36,85.52,86.71,87.70,89.23,90.36,90.50,89.53,87.43,88.57,92.76,97.76,100.20,102.38,105.19,108.55,110.56,108.93,105.67,102.22,100.05,99.09,98.59,98.26,98.26,99.19,103.55,108.15,110.91,110.74,109.85,108.58,107.11,105.57,104.24,104.00,103.70,102.43,100.59,99.74,99.27,98.70,97.61,96.52,95.71,94.88,93.63,92.54,92.01,91.80,91.75
189.71,188.56,189.14,193.13,198.10,200.16,200.96,201.88,202.91,203.89,204.94,206.19,207.59,209.40,212.22,215.35,214.74,211.59,207.60,203.57,198.27,193.44,189.97,187.91,187.78,189.19,191.21,192.57,192.57,191.46,189.85,187.65,183.77,180.44,180.86,184.75,189.06,192.53,192.17,190.11,189.57,192.96,194.96,194.18,190.92,187.93,183.91,178.91,173.87,170.15,166.68,163.26,160.48,158.87,158.02,157.24,156.56,156.03,155.67,155.03,154.33,153.51,152.40,151.13,149.80,147.68,144.43,140.75,139.32,138.68,138.23,137.92,137.80,137.77,137.77,137.77,137.76,137.70,137.59,137.36,136.81,136.14,135.46,134.77,134.08,133.40,133.38,133.58,133.76,133.92,133.84,133.52,133.09,132.76,132.51,132.27,132.09,132.04,132.02,132.03,132.05,131.97,131.53,130.91,130.26,129.35,127.91,126.45,125.00,123.66,122.48,121.43,120.61,120.26,120.09,119.47,119.12,118.99,118.95,118.93,118.76,118.61,118.53,118.52,118.47,118.51,118.54,118.54,118.55,118.92,119.41,120.29,121.88,124.23,126.85,128.93,130.23,130.66,130.89,130.99,131.00,130.90,130.64,130.09,127.83,124.03,121.17,120.22,120.69,122.22,124.75,128.06,128.53,126.50,123.24,122.41,122.58,123.55,124.49,123.88,123.20,122.69,122.46,122.46,121.91,121.38,120.32,118.00,113.69,110.88,108.99,107.48,105.94,104.17,102.28,99.22,94.76,91.13,89.38,88.23,87.11,85.92,85.76,85.92,86.28,86.84,87.26,87.77,89.63,93.09,96.75,99.52,100.89,100.48,97.71,94.77,92.03,91.05,92.67,95.11,97.42,97.50,94.82,89.97,87.70,86.60,86.61,88.15,90.01,92.62,94.41,94.62,93.40,91.27,90.14,91.04,94.64,97.09,99.54,102.98,107.61,111.48,111.01,108.31,104.84,101.93,100.21,99.38,98.99,98.85,99.47,104.11,108.73,111.13,111.21,110.48,109.33,107.98,106.63,105.36,105.17,104.83,103.39,101.53,100.25,99.50,98.87,97.66,96.31,95.37,94.46,93.10,91.78,91.12,90.87,90.85
192.29,190.38,191.31,195.67,200.76,202.84,203.78,204.76,205.78,206.83,208.27,210.03,211.69,213.39,215.51,216.13,213.76,209.82,205.73,201.79,195.95,191.41,189.49,189.13,190.73,193.40,195.81,196.36,195.72,194.18,191.77,188.29,183.92,181.17,182.14,186.17,190.45,194.61,195.48,194.63,194.51,196.76,196.76,194.32,190.18,186.71,182.92,179.03,175.27,171.94,169.24,166.07,162.91,160.38,158.77,157.88,157.41,157.14,156.80,156.14,155.34,154.38,153.14,151.87,150.56,148.55,145.43,141.54,139.75,139.01,138.71,138.56,138.54,138.54,138.56,138.58,138.58,138.50,138.36,138.11,137.54,136.86,136.16,135.47,134.77,134.04,133.97,134.13,134.28,134.42,134.27,133.97,133.63,133.36,133.09,132.85,132.69,132.65,132.61,132.61,132.52,132.26,131.72,131.06,130.39,129.49,128.04,126.51,124.99,123.54,122.18,120.95,120.10,119.67,119.44,119.09,118.74,118.50,118.37,118.27,118.02,117.84,117.74,117.70,117.63,117.62,117.60,117.56,117.53,117.79,118.05,118.65,120.00,122.41,124.96,127.24,129.06,130.08,130.50,130.50,130.21,129.69,129.10,128.26,126.49,123.90,121.86,121.58,122.54,124.40,127.11,130.22,130.84,129.42,126.82,125.20,123.94,123.25,122.64,121.09,120.21,119.82,119.84,120.16,119.92,119.06,116.97,113.53,109.57,107.19,105.86,104.94,103.86,102.40,99.59,95.85,91.88,89.55,88.49,87.74,86.98,86.39,86.88,87.59,88.50,89.75,90.86,91.69,92.99,95.34,99.19,102.53,104.60,104.87,102.57,99.50,96.86,96.01,97.61,99.81,101.37,100.68,97.49,92.57,89.53,88.02,87.84,89.35,92.64,95.95,98.11,98.43,96.67,94.30,92.22,91.44,93.25,95.61,98.25,101.58,105.85,110.19,112.14,110.86,107.32,104.27,102.33,101.06,100.17,99.76,100.44,104.62,108.76,111.05,111.54,110.97,109.99,108.82,107.50,106.44,106.37,106.08,104.66,102.78,101.17,100.02,99.08,97.74,96.30,95.11,93.95,92.50,91.03,90.21,89.80,89.67
196.03,192.99,193.81,197.86,202.58,204.90,206.23,207.49,208.78,210.17,212.17,214.38,216.15,217.41,217.97,215.34,211.86,208.16,204.28,200.41,194.52,190.80,190.78,192.38,195.17,197.94,199.72,199.40,198.02,195.68,192.48,188.42,184.16,182.19,183.56,187.53,191.97,196.81,199.03,199.58,199.94,200.58,198.28,194.32,189.75,185.91,182.22,179.27,176.62,173.50,171.46,168.88,165.69,162.27,159.73,158.72,158.48,158.44,157.96,157.22,156.27,155.15,153.86,152.60,151.30,149.44,146.65,142.96,140.81,139.87,139.60,139.53,139.54,139.55,139.58,139.63,139.54,139.38,139.18,138.88,138.25,137.58,136.87,136.16,135.43,134.68,134.53,134.65,134.80,134.94,134.73,134.46,134.21,133.97,133.68,133.42,133.27,133.26,133.20,133.14,132.90,132.44,131.82,131.15,130.46,129.56,128.15,126.63,125.14,123.65,122.14,120.78,119.99,119.51,119.17,118.84,118.48,118.15,117.87,117.64,117.32,117.10,116.95,116.85,116.77,116.70,116.63,116.55,116.52,116.78,116.97,117.29,118.19,120.37,122.75,125.06,127.14,128.59,129.04,128.80,128.10,127.08,126.16,124.93,123.54,122.13,120.94,121.10,122.60,124.99,127.87,130.51,131.26,130.47,128.36,125.41,122.49,120.10,118.19,116.47,115.60,115.30,115.50,116.15,116.44,115.41,112.52,108.41,105.56,103.51,102.39,101.82,101.16,99.83,96.21,92.32,89.73,88.73,88.04,87.56,87.32,87.43,88.24,89.44,91.09,93.27,95.19,96.46,97.20,98.34,102.05,105.55,108.00,108.76,106.93,103.97,101.67,101.13,102.74,104.66,105.36,103.67,99.84,95.21,91.50,89.59,89.23,90.71,95.36,99.14,101.52,101.98,99.58,96.90,94.52,92.90,92.92,94.96,97.68,100.69,104.10,108.21,112.40,112.84,109.75,106.75,104.79,103.13,101.73,101.05,101.71,105.09,108.58,110.83,111.71,111.35,110.58,109.58,108.31,107.50,107.60,107.41,106.06,104.20,102.35,100.82,99.55,98.17,96.66,95.19,93.71,92.11,90.50,89.48,88.84,88.46
199.91,196.07,195.89,199.19,203.67,206.51,208.68,210.76,212.86,215.07,217.79,219.51,220.38,220.21,218.13,214.58,210.84,207.09,203.13,198.99,195.14,193.64,195.05,197.56,199.63,201.41,202.45,201.71,199.37,195.59,191.38,187.54,184.96,183.78,185.29,189.41,194.78,199.68,202.45,203.72,204.00,202.72,199.50,195.07,190.10,186.06,182.27,179.38,177.08,174.78,172.82,170.69,167.82,164.09,160.98,160.01,159.97,159.97,159.15,158.22,157.11,155.87,154.60,153.26,151.94,150.53,148.66,145.61,143.36,142.03,141.44,141.38,141.46,141.53,141.60,141.56,141.01,140.62,140.22,139.69,139.02,138.38,137.63,136.81,135.97,135.24,135.10,135.22,135.37,135.50,135.33,135.06,134.78,134.55,134.25,133.99,133.84,133.84,133.82,133.51,133.01,132.39,131.72,131.07,130.44,129.57,128.22,126.75,125.27,123.77,122.32,121.23,120.43,119.81,119.31,118.90,118.60,118.23,117.79,117.31,116.83,116.43,116.12,115.91,115.83,115.76,115.67,115.60,115.56,115.78,115.89,115.98,116.49,118.33,120.38,122.38,124.08,124.93,124.69,124.06,123.06,121.64,120.39,119.40,118.54,117.85,117.60,118.16,119.92,122.41,124.99,127.27,127.84,126.75,124.19,121.35,118.86,116.33,113.81,111.83,110.87,110.56,110.60,110.80,110.75,109.86,107.76,104.71,102.05,99.71,98.36,97.75,97.14,95.08,92.43,90.27,89.12,88.39,88.20,88.23,88.34,88.49,89.21,91.72,95.08,98.20,100.68,102.37,103.06,103.60,106.62,109.31,111.23,111.82,110.16,107.94,105.70,105.26,107.28,108.83,108.66,105.81,100.86,95.95,93.23,91.54,91.11,93.06,97.94,101.92,104.48,104.94,102.00,99.08,96.84,95.15,94.07,95.02,97.43,100.45,103.66,107.09,110.76,112.70,112.14,109.10,106.97,105.34,104.06,103.27,103.06,105.51,108.44,110.58,111.47,111.60,111.09,110.17,109.14,108.66,108.93,108.81,107.53,105.75,103.91,102.25,100.92,99.92,98.22,96.41,94.60,92.70,90.73,89.44,88.48,87.66
203.31,199.19,197.10,199.51,204.29,207.97,211.24,214.08,217.10,220.38,222.63,223.15,222.59,220.94,217.53,213.71,209.82,205.86,201.85,198.44,196.75,197.21,199.60,202.15,203.56,204.59,204.78,202.86,199.73,194.86,190.27,187.58,186.98,185.99,187.25,191.38,197.30,202.09,205.43,207.30,207.16,204.32,200.39,195.86,191.10,186.93,182.81,179.66,177.34,175.30,173.28,171.27,168.51,164.92,162.80,162.31,162.28,161.95,160.58,159.18,157.81,156.50,155.21,153.84,152.48,151.30,150.08,148.12,146.51,145.30,144.53,144.38,144.42,144.27,144.00,143.61,142.81,142.21,141.53,140.68,139.78,139.02,138.22,137.34,136.46,135.79,135.69,135.82,135.96,136.02,135.87,135.62,135.36,135.12,134.82,134.58,134.45,134.41,134.18,133.67,133.02,132.32,131.63,130.98,130.32,129.45,128.15,126.77,125.37,123.99,122.75,121.83,121.01,120.31,119.72,119.26,118.94,118.52,117.98,117.38,116.83,116.33,115.87,115.49,115.22,114.97,114.77,114.62,114.57,114.72,114.77,114.77,114.99,116.14,117.87,119.48,120.61,120.81,120.12,119.20,118.05,116.59,115.28,114.50,113.98,113.70,113.85,114.46,116.14,118.56,121.10,123.27,123.63,122.42,120.00,117.57,115.41,112.97,110.36,108.28,106.99,106.32,105.96,105.69,105.33,104.29,102.46,100.00,97.61,95.39,94.21,93.79,93.36,91.72,90.22,89.25,88.85,88.47,88.62,89.10,89.75,90.30,90.52,93.36,97.73,101.98,105.14,107.32,108.46,109.15,111.20,112.96,114.33,114.86,113.74,111.90,109.92,109.41,111.03,112.39,111.38,107.49,101.82,97.24,95.06,93.42,92.88,94.94,99.63,103.89,106.81,107.53,104.81,101.76,99.45,97.66,95.89,95.41,97.19,99.91,102.78,105.91,109.30,112.28,113.72,111.66,109.48,107.67,106.34,105.52,104.83,106.15,108.33,110.46,111.46,111.75,111.45,110.76,109.92,109.62,109.87,109.79,108.75,107.16,105.39,103.75,102.33,101.04,99.19,97.26,95.30,93.23,91.18,89.95,89.06,88.19
206.36,202.27,197.82,199.22,204.55,209.34,213.81,217.51,221.50,225.60,226.47,225.36,223.12,220.10,216.47,212.74,208.78,204.71,201.03,199.22,199.50,201.36,204.14,206.09,207.00,207.53,206.78,203.14,199.35,193.81,189.49,188.65,189.95,188.68,189.41,193.41,199.44,204.16,208.03,210.30,209.48,205.53,201.00,196.63,192.51,188.32,183.75,180.13,177.44,175.19,173.03,170.85,168.11,165.19,165.14,165.37,165.14,164.15,162.12,160.03,158.38,157.03,155.71,154.33,152.96,151.84,151.03,150.33,149.82,149.10,148.35,148.02,147.91,147.35,146.50,145.57,144.69,143.89,142.91,141.72,140.49,139.52,138.66,137.79,136.92,136.34,136.30,136.44,136.55,136.49,136.35,136.15,135.91,135.68,135.38,135.18,135.06,134.90,134.31,133.65,132.96,132.26,131.57,130.88,130.14,129.22,127.98,126.74,125.47,124.32,123.37,122.50,121.66,120.94,120.35,119.83,119.42,118.92,118.36,117.75,117.20,116.65,116.09,115.51,114.94,114.43,114.01,113.72,113.62,113.64,113.64,113.63,113.66,113.93,115.30,116.38,116.75,116.37,115.51,114.47,113.33,112.11,110.96,110.32,109.97,109.82,109.90,110.31,111.64,113.81,116.58,118.83,119.02,117.94,116.18,114.27,112.23,109.99,107.66,105.60,103.78,102.46,101.50,100.77,100.12,98.81,96.92,94.70,92.79,91.15,90.46,90.37,90.23,89.84,89.42,89.04,88.81,88.88,89.26,90.30,91.81,92.98,92.45,94.59,99.03,104.42,108.46,111.20,113.14,114.51,115.50,116.37,117.20,117.75,117.40,115.76,114.24,113.61,114.24,115.46,113.69,108.97,102.98,99.14,96.98,95.21,94.50,96.23,100.34,104.89,108.34,109.63,107.82,104.81,102.31,100.31,98.16,96.19,96.99,99.09,101.47,104.61,108.11,111.77,114.49,113.88,111.87,110.02,108.66,107.79,106.97,107.08,108.40,110.54,111.66,111.76,111.61,111.29,110.64,110.36,110.42,110.34,109.68,108.36,106.70,105.07,103.45,101.43,99.50,97.63,95.68,93.62,91.87,91.02,90.47,89.92
209.64,204.99,199.86,199.94,204.52,210.75,215.88,221.67,226.50,228.83,228.64,226.29,223.09,219.49,215.54,211.71,207.97,205.12,204.08,204.20,205.39,206.94,208.43,209.47,210.09,209.97,208.20,203.53,198.91,193.43,190.25,191.25,192.96,191.40,191.77,195.47,201.09,206.64,210.59,212.15,210.42,206.29,201.55,197.25,193.57,189.82,185.07,180.77,177.29,174.68,172.45,169.96,167.84,166.97,168.06,168.37,167.48,165.53,162.99,160.48,158.70,157.37,156.06,154.71,153.44,152.57,152.17,151.87,151.59,151.09,150.49,150.12,149.88,149.13,148.04,146.81,145.67,144.59,143.44,142.20,140.91,139.88,139.04,138.23,137.38,136.92,136.90,137.00,137.06,136.95,136.80,136.60,136.38,136.19,135.94,135.75,135.47,134.96,134.28,133.59,132.89,132.20,131.50,130.81,130.01,129.04,127.86,126.76,125.75,124.81,123.94,123.09,122.28,121.57,120.98,120.44,119.86,119.31,118.74,118.12,117.48,116.89,116.31,115.73,115.12,114.56,114.06,113.59,113.20,112.83,112.60,112.48,112.48,112.49,112.99,112.77,111.94,111.39,110.66,109.92,109.11,108.17,107.25,106.67,106.27,105.97,105.84,106.15,106.96,108.65,111.64,114.00,114.45,113.82,112.58,110.90,109.05,107.06,104.99,102.88,100.52,98.46,96.65,95.10,94.00,93.26,92.44,91.49,90.68,90.03,89.72,89.61,89.50,89.40,89.33,89.26,89.21,89.30,90.26,92.99,96.40,97.47,96.59,96.57,99.02,104.66,110.12,113.52,116.07,118.03,118.56,118.92,119.25,119.47,119.34,118.66,118.03,117.69,117.82,118.25,116.16,111.25,105.13,101.34,98.86,96.94,95.82,96.44,99.42,103.63,107.66,110.26,109.71,107.50,105.16,102.88,100.34,97.88,97.34,98.27,100.34,103.25,106.97,111.27,114.36,112.59,111.63,111.69,111.67,110.51,109.23,108.79,109.61,111.31,111.87,111.34,111.13,111.29,111.20,110.61,110.54,110.50,110.00,109.09,107.31,105.19,102.98,100.81,99.04,97.30,95.48,93.74,93.24,93.04,92.86,92.57
212.57,207.78,202.41,201.63,205.50,212.38,218.12,224.99,229.92,230.81,229.88,226.84,223.13,219.22,214.94,210.97,207.93,206.62,207.71,209.18,210.71,211.77,212.25,212.63,212.69,211.56,208.56,203.00,198.14,193.91,192.50,194.80,196.30,194.33,194.33,197.85,203.80,209.44,212.86,213.49,210.87,206.73,201.94,197.71,194.35,190.98,186.35,181.64,177.50,174.45,171.84,169.51,168.37,169.08,170.48,170.44,168.84,166.10,163.17,160.55,158.81,157.54,156.25,155.09,154.20,153.68,153.50,153.31,153.10,152.69,152.18,151.72,151.16,150.19,148.93,147.54,146.26,145.01,143.78,142.53,141.25,140.17,139.36,138.62,137.83,137.50,137.47,137.53,137.57,137.43,137.25,137.06,136.86,136.67,136.43,136.18,135.73,134.97,134.27,133.57,132.88,132.18,131.49,130.79,129.98,129.02,127.94,126.97,126.14,125.35,124.53,123.69,122.91,122.24,121.63,121.03,120.34,119.70,119.08,118.42,117.75,117.12,116.53,115.98,115.37,114.80,114.23,113.69,113.20,112.75,112.18,111.74,111.55,111.36,110.47,108.62,106.61,106.16,105.73,105.36,104.92,104.34,103.73,103.29,102.90,102.54,102.28,102.44,102.80,103.88,106.43,108.81,109.53,109.34,108.68,107.45,105.85,104.03,101.97,99.50,96.72,94.52,92.74,91.17,90.12,89.86,89.81,89.73,89.66,89.65,89.58,89.47,89.39,89.41,89.91,90.52,90.95,91.16,92.14,95.66,100.22,101.42,100.40,98.94,99.70,104.81,110.98,114.86,117.81,120.08,120.42,120.48,120.44,120.38,120.31,120.26,120.21,120.13,120.03,119.94,117.99,113.34,107.39,103.69,101.03,99.03,97.62,97.22,98.70,102.05,106.28,110.12,110.93,109.80,107.91,105.56,102.58,99.67,98.14,98.10,99.66,102.30,106.14,111.02,114.43,111.31,110.95,112.01,112.68,111.69,110.78,110.35,110.63,111.40,111.49,110.77,110.57,110.94,111.22,110.71,110.63,110.61,110.21,109.61,107.67,105.10,102.41,100.16,98.53,96.93,95.43,94.50,94.96,95.32,95.48,95.41
214.89,210.74,205.33,204.44,208.04,214.30,220.72,226.81,230.78,231.46,230.22,227.12,223.44,219.44,214.83,210.76,209.02,209.33,211.15,212.94,214.26,215.07,215.44,215.60,214.60,211.93,207.41,201.13,196.92,195.48,196.55,199.31,200.05,197.56,197.13,200.77,208.19,212.60,214.70,214.33,210.91,206.80,202.06,197.94,194.80,191.60,187.41,182.76,178.29,174.72,171.31,169.89,170.09,171.27,171.94,171.07,168.82,165.66,162.50,160.16,158.66,157.48,156.28,155.52,155.38,155.30,155.07,154.79,154.59,154.20,153.63,152.96,151.80,150.49,149.10,147.69,146.49,145.27,144.03,142.80,141.56,140.41,139.58,138.92,138.28,138.04,138.00,138.05,138.07,137.93,137.72,137.53,137.35,137.11,136.82,136.39,135.80,135.04,134.33,133.64,132.94,132.25,131.56,130.87,130.11,129.27,128.32,127.45,126.65,125.90,125.16,124.32,123.58,122.92,122.29,121.60,120.85,120.10,119.36,118.63,117.99,117.36,116.78,116.23,115.61,115.00,114.40,113.92,113.74,113.70,112.71,111.63,111.01,110.49,107.61,103.88,100.95,100.87,100.90,100.87,100.78,100.65,100.42,100.21,100.01,99.80,99.57,99.46,99.51,99.90,101.06,103.30,104.12,104.27,104.28,103.91,102.61,100.75,98.35,95.17,92.21,90.86,90.41,90.12,89.87,89.76,89.69,89.62,89.55,89.53,89.52,89.52,89.59,89.80,91.43,93.36,94.71,95.23,95.31,97.93,102.21,104.07,103.16,101.69,101.85,105.44,111.09,115.16,118.25,120.42,120.81,120.71,120.49,120.28,120.13,119.95,119.87,119.86,119.88,119.94,118.75,114.91,109.56,106.18,103.67,101.74,100.23,99.20,98.87,100.72,104.56,109.26,111.41,111.57,110.53,108.41,104.91,101.35,99.49,98.97,99.71,102.11,105.87,111.19,115.03,110.97,110.37,110.53,110.55,110.46,111.17,111.39,111.00,110.31,110.27,110.14,110.11,110.23,110.48,110.70,110.82,110.75,110.41,109.94,107.85,105.05,102.13,99.71,98.18,96.71,95.82,96.29,97.01,97.71,98.17,98.22
216.70,212.63,207.56,206.28,209.32,215.99,222.68,228.12,231.53,232.22,230.60,227.15,223.34,219.52,215.43,212.06,211.38,212.51,214.39,216.25,217.49,218.20,218.44,218.05,215.22,210.94,205.71,200.08,196.99,197.06,199.56,203.03,202.85,200.07,200.23,204.55,211.23,215.48,216.38,214.55,210.53,206.41,201.94,198.04,194.94,191.74,187.65,183.01,178.51,175.07,172.28,171.51,172.08,173.07,172.67,171.07,168.50,165.29,162.20,160.07,158.65,157.64,156.94,156.73,156.84,156.90,156.74,156.40,156.01,155.31,154.34,153.28,151.94,150.58,149.25,147.96,146.79,145.57,144.36,143.16,141.97,140.84,139.98,139.31,138.76,138.56,138.51,138.55,138.57,138.39,138.17,137.98,137.78,137.45,137.04,136.51,135.87,135.15,134.45,133.76,133.06,132.36,131.67,131.05,130.38,129.64,128.80,127.98,127.20,126.45,125.70,124.90,124.14,123.43,122.71,121.93,121.12,120.31,119.53,118.82,118.19,117.57,116.97,116.38,115.77,115.14,114.58,114.24,114.34,114.52,113.57,112.28,111.20,110.25,105.83,101.77,99.49,99.28,99.30,99.25,99.16,99.09,98.87,98.57,98.32,98.09,97.80,97.61,97.53,97.69,98.41,99.74,100.17,100.27,100.40,100.23,98.50,96.09,93.68,92.03,90.55,89.94,89.83,89.79,89.76,89.72,89.70,89.69,89.66,89.66,89.66,89.68,90.06,92.28,95.73,98.75,100.35,100.84,99.97,101.31,104.82,107.54,106.79,105.16,104.57,106.61,111.50,115.59,118.72,120.64,120.57,120.10,119.27,118.09,116.56,114.97,114.30,114.34,115.28,117.82,118.03,115.68,111.84,108.70,106.51,104.78,103.30,102.06,101.23,101.67,104.31,108.63,111.25,112.60,112.31,110.49,107.20,103.55,101.53,100.89,101.57,103.82,107.41,112.20,115.29,110.87,110.19,110.17,110.07,110.10,110.62,110.82,110.58,110.08,110.05,110.05,110.03,110.09,110.42,110.90,111.00,110.78,110.37,109.96,107.94,105.11,102.12,99.66,98.14,97.16,96.94,97.88,98.77,99.49,99.95,100.03
218.52,214.22,209.56,207.79,210.22,217.56,224.25,229.12,232.19,233.00,231.01,227.20,223.14,219.34,215.99,213.90,214.28,215.92,217.62,219.38,220.50,221.11,221.15,219.93,215.33,209.79,204.34,199.70,197.78,199.14,202.71,206.61,205.63,202.71,203.50,208.37,213.75,218.02,217.97,214.74,210.04,205.83,201.63,197.91,194.76,191.51,187.29,182.66,178.41,175.64,173.93,173.66,174.15,174.54,173.13,170.95,168.32,165.43,162.61,160.42,158.91,158.04,157.88,158.11,158.35,158.49,158.40,157.86,157.17,156.12,154.78,153.39,152.00,150.67,149.41,148.24,147.08,145.87,144.68,143.53,142.41,141.34,140.47,139.80,139.32,139.13,139.06,139.06,139.06,138.84,138.61,138.39,138.14,137.71,137.19,136.61,135.96,135.27,134.57,133.88,133.20,132.52,131.85,131.28,130.70,130.05,129.29,128.50,127.73,126.95,126.16,125.38,124.59,123.81,123.01,122.17,121.33,120.46,119.66,118.99,118.37,117.75,117.13,116.51,115.89,115.28,114.81,114.65,114.96,115.27,114.53,113.22,111.76,110.41,105.16,101.08,99.34,98.94,98.81,98.63,98.43,98.27,97.97,97.56,97.21,96.96,96.63,96.41,96.19,96.15,96.53,96.95,96.94,96.86,96.86,96.46,94.44,91.90,89.93,89.91,89.89,89.84,89.78,89.73,89.73,89.73,89.79,89.94,90.21,90.33,90.28,90.21,90.93,95.20,100.31,104.23,106.05,106.57,104.90,104.91,107.44,111.10,110.60,108.76,107.36,107.96,112.06,116.13,119.18,120.58,119.63,118.44,116.83,114.72,112.07,109.39,108.19,108.26,109.96,114.41,116.10,115.49,113.44,111.09,109.41,107.93,106.52,105.20,104.27,103.59,104.91,108.35,111.13,113.45,113.78,112.20,109.22,105.84,103.99,103.51,104.33,106.52,109.87,113.48,115.24,111.64,110.98,110.53,110.01,109.97,110.26,110.30,110.20,110.09,110.09,110.13,110.19,110.34,110.73,111.14,111.06,110.63,110.09,109.82,108.01,105.35,102.44,100.03,98.49,97.97,98.28,99.32,100.30,100.98,101.37,101.37
220.80,215.90,211.43,209.16,211.02,218.97,225.25,229.67,232.66,233.74,231.46,227.54,222.92,218.46,215.78,216.04,217.76,219.67,221.03,222.45,223.14,223.50,223.18,220.55,215.03,209.42,204.48,200.61,199.68,202.78,207.25,210.42,209.12,206.28,207.08,211.53,215.88,219.76,219.37,215.43,209.58,205.06,200.93,197.19,193.88,190.54,185.83,181.24,177.86,176.84,176.32,176.31,176.19,175.34,173.41,171.02,168.89,167.04,164.84,161.84,159.85,159.02,159.10,159.33,159.73,160.07,159.96,158.80,157.62,156.37,155.04,153.65,152.26,150.92,149.64,148.44,147.27,146.10,144.93,143.81,142.84,141.87,141.10,140.51,140.07,139.88,139.71,139.59,139.51,139.28,139.05,138.73,138.30,137.79,137.25,136.70,136.09,135.40,134.70,134.01,133.37,132.78,132.16,131.60,131.05,130.44,129.72,128.90,128.11,127.31,126.47,125.64,124.81,123.98,123.16,122.36,121.52,120.59,119.74,119.11,118.49,117.88,117.25,116.63,116.02,115.40,115.17,115.28,115.59,115.90,115.44,114.35,112.83,111.23,106.87,102.47,99.55,99.20,98.84,98.53,98.22,97.90,97.53,97.18,96.89,96.67,96.46,96.14,95.70,95.15,94.66,94.79,94.61,94.32,93.89,92.55,91.31,90.40,89.90,89.90,89.84,89.81,89.80,89.79,89.84,89.86,90.01,90.56,91.86,92.51,92.24,91.78,92.76,97.62,103.26,107.76,110.23,111.31,109.42,108.20,109.56,114.21,114.24,112.12,109.88,109.42,112.79,116.88,119.59,119.79,117.03,114.31,111.81,109.59,107.77,106.04,105.06,105.08,106.39,108.95,111.81,113.08,112.93,113.02,112.28,111.13,109.81,108.47,107.41,106.42,106.80,108.91,111.61,114.40,115.04,113.47,110.46,107.93,107.11,107.32,108.32,110.59,113.59,114.84,114.53,114.83,114.36,112.05,109.78,109.80,111.30,111.24,110.58,110.05,110.04,110.28,110.75,111.28,111.58,111.27,110.73,110.02,109.32,109.47,108.15,106.00,103.55,101.31,99.73,99.26,99.63,100.52,101.41,102.17,102.46,102.12
223.28,218.13,213.56,211.10,212.66,220.29,226.37,230.40,233.24,234.60,232.40,228.09,222.98,218.57,217.47,218.89,221.10,223.06,224.25,225.41,225.85,225.94,225.10,221.34,215.16,209.62,205.39,202.73,202.91,207.05,211.65,213.72,211.74,209.21,210.06,214.05,217.92,221.42,220.21,215.33,208.82,203.91,199.60,195.64,192.01,188.60,184.86,181.66,179.59,179.19,178.60,178.17,177.43,175.95,174.04,172.48,171.24,170.00,167.97,165.14,162.91,161.79,161.86,161.54,161.65,161.67,161.07,159.35,157.94,156.61,155.25,153.90,152.51,151.17,149.87,148.63,147.50,146.39,145.32,144.28,143.32,142.42,141.75,141.28,140.94,140.74,140.52,140.32,140.14,139.79,139.40,138.95,138.44,137.90,137.33,136.78,136.19,135.53,134.90,134.24,133.65,133.09,132.51,131.96,131.36,130.69,129.95,129.11,128.23,127.28,126.27,125.27,124.46,123.67,122.87,122.09,121.25,120.40,119.66,119.07,118.52,117.97,117.38,116.77,116.16,115.70,115.67,115.91,116.22,116.53,116.34,115.46,113.93,112.38,109.24,105.54,102.29,100.76,99.58,99.02,98.74,98.44,98.09,97.83,97.64,97.50,97.33,97.06,96.62,95.96,95.15,94.77,94.18,93.71,93.48,92.93,91.69,90.56,89.90,89.90,89.86,89.84,89.84,90.06,91.27,92.43,93.56,94.91,96.81,97.95,97.37,95.81,95.20,99.21,105.75,111.48,114.55,115.48,113.42,111.82,113.08,118.96,119.34,117.28,115.00,114.14,116.08,118.78,120.24,119.26,115.14,111.47,108.65,106.48,104.69,103.02,102.02,101.84,102.64,104.30,107.38,109.57,110.67,111.91,112.06,111.80,111.53,111.27,110.34,109.30,108.97,110.01,112.95,116.26,117.39,116.30,113.81,111.69,111.18,111.69,112.71,113.66,113.86,112.97,111.81,112.34,111.79,109.85,108.02,108.10,110.21,111.37,111.66,111.47,111.39,111.30,111.27,111.23,110.95,110.13,109.21,108.21,107.39,107.74,107.53,106.68,105.23,103.16,101.63,101.19,101.52,102.28,103.09,103.49,103.40,102.83
225.71,220.62,215.87,213.31,214.57,221.41,227.48,231.20,233.84,235.44,233.43,228.78,223.40,219.46,220.32,222.33,224.56,226.41,227.54,228.46,228.72,228.48,227.01,222.30,215.69,210.26,206.73,205.51,206.94,211.64,215.89,216.83,214.26,212.09,212.85,216.28,220.02,222.89,220.62,214.78,207.87,202.55,198.08,193.98,190.22,186.99,184.81,183.38,182.51,182.02,180.88,179.70,178.32,176.67,175.24,174.90,174.62,173.73,171.71,169.42,167.10,165.54,165.32,164.30,163.85,163.24,161.89,159.70,158.19,156.83,155.47,154.13,152.75,151.42,150.12,148.86,147.78,146.76,145.78,144.83,143.84,143.00,142.44,142.10,141.86,141.64,141.40,141.16,140.85,140.31,139.69,139.10,138.56,138.01,137.41,136.83,136.24,135.60,135.02,134.42,133.84,133.29,132.74,132.19,131.54,130.79,129.97,129.08,128.05,126.91,125.70,124.51,123.76,123.07,122.31,121.53,120.69,120.01,119.44,118.92,118.45,117.99,117.45,116.85,116.31,116.12,116.25,116.55,116.86,117.17,117.20,116.52,115.04,113.67,111.88,109.41,106.46,103.59,101.58,100.76,100.48,100.23,99.89,99.70,99.61,99.50,99.16,98.92,98.45,97.75,96.88,96.00,94.86,94.23,94.61,95.53,94.33,92.50,91.04,90.72,90.34,90.17,90.29,91.12,93.99,96.73,99.13,101.30,103.43,104.83,103.93,101.16,98.32,100.83,107.98,114.95,118.74,119.42,117.33,115.97,117.48,123.21,123.54,121.87,120.13,119.39,119.90,120.79,120.81,118.88,113.92,109.80,106.88,104.61,102.38,100.36,99.16,98.67,98.96,100.26,102.98,105.44,107.32,109.04,109.94,110.75,111.85,113.12,112.83,112.24,111.72,112.06,115.02,118.39,119.85,119.40,117.73,115.78,115.09,115.47,116.21,115.20,112.19,109.70,108.35,107.48,106.71,106.00,105.47,105.68,108.07,110.77,112.50,112.92,112.75,112.11,111.26,110.31,109.30,108.15,106.98,105.80,104.89,105.30,106.27,106.97,106.81,105.14,103.87,103.43,103.59,104.09,104.70,104.59,104.14,103.51
227.52,222.94,218.35,215.34,215.79,221.90,228.21,231.86,234.36,235.95,233.82,229.55,224.74,221.67,224.13,226.84,228.87,230.35,231.48,232.19,232.21,231.40,229.04,223.61,217.02,211.51,208.21,208.48,211.56,216.22,219.73,220.24,218.31,216.19,216.20,218.70,222.51,223.70,220.41,214.13,206.76,201.15,197.11,193.76,190.96,189.05,187.79,186.68,185.56,184.44,183.46,181.51,179.47,178.23,178.18,178.45,178.51,177.93,176.13,173.84,171.53,169.64,168.43,167.28,166.19,164.61,162.38,159.98,158.40,157.05,155.70,154.33,152.95,151.61,150.36,149.23,148.25,147.25,146.28,145.34,144.37,143.67,143.25,142.99,142.75,142.52,142.29,141.99,141.53,140.79,139.93,139.21,138.63,138.08,137.52,136.87,136.13,135.37,134.67,134.07,133.49,132.90,132.31,131.76,131.21,130.51,129.50,128.35,127.17,125.97,124.72,123.52,122.82,122.20,121.51,120.73,119.94,119.41,119.01,118.63,118.22,117.76,117.28,116.80,116.48,116.60,116.88,117.18,117.49,117.80,118.02,117.54,116.17,114.88,114.24,113.10,111.28,109.20,107.67,106.75,106.12,105.54,104.97,104.80,104.73,104.31,102.89,102.23,101.16,99.84,98.88,97.85,96.20,95.53,96.71,98.40,99.08,98.63,97.25,95.24,92.83,91.72,92.43,95.36,99.55,103.24,106.18,108.38,110.01,110.80,109.71,106.78,103.12,104.45,110.12,116.79,121.99,123.66,121.98,121.68,122.64,121.40,120.45,119.76,119.40,119.56,120.22,120.69,120.42,118.62,114.08,110.48,107.06,103.71,100.81,98.58,97.00,96.05,95.97,97.06,99.02,101.03,102.98,105.16,106.36,107.73,109.57,111.83,113.81,115.41,116.50,117.23,118.38,119.74,120.33,120.11,119.27,117.53,116.08,115.31,114.78,112.18,109.59,107.59,106.15,105.00,104.00,103.22,102.87,103.52,106.12,108.84,110.65,111.21,110.96,110.06,108.96,107.73,106.40,105.33,104.34,103.31,102.45,102.79,103.93,105.44,106.64,106.37,106.06,105.66,105.23,104.87,104.66,104.47,104.31,104.07
228.89,224.50,219.76,216.68,217.00,222.67,228.93,232.54,235.00,236.58,234.43,230.31,226.24,224.31,227.53,230.53,232.66,234.28,235.63,236.20,236.01,234.65,231.43,225.44,219.07,213.65,210.61,212.04,215.96,220.20,223.15,223.78,222.48,220.66,220.71,222.82,225.28,224.46,220.44,214.13,206.59,201.40,197.92,195.42,193.72,192.66,191.46,189.93,188.30,186.97,186.12,183.99,181.76,180.70,181.27,181.56,181.48,180.93,179.44,177.38,175.14,172.94,171.01,169.41,167.59,165.31,162.62,160.12,158.50,157.17,155.87,154.53,153.19,151.87,150.63,149.56,148.61,147.65,146.69,145.77,144.90,144.36,144.04,143.81,143.58,143.32,143.04,142.60,141.91,141.00,140.05,139.29,138.69,138.13,137.49,136.72,135.89,135.04,134.22,133.60,133.01,132.39,131.80,131.25,130.76,130.00,128.60,127.03,125.88,124.84,123.71,122.54,121.88,121.31,120.66,119.94,119.17,118.73,118.44,118.15,117.81,117.42,117.00,116.67,116.64,116.99,117.38,117.73,118.09,118.43,118.74,118.62,117.92,117.23,117.34,117.10,116.17,114.59,113.13,112.23,111.64,111.10,110.65,110.59,110.47,109.75,107.58,106.17,104.47,102.57,100.95,99.22,97.35,97.06,99.15,101.82,104.02,104.75,103.79,101.05,97.42,95.54,96.42,100.53,105.19,109.11,112.09,114.10,115.28,115.67,114.39,111.43,107.55,107.36,111.50,117.66,123.88,127.34,126.34,125.54,124.63,119.86,117.31,116.57,116.84,117.61,118.33,118.63,118.50,117.48,114.52,111.52,107.89,103.90,100.19,97.17,95.09,93.70,93.09,93.73,95.09,96.81,98.88,101.37,103.09,105.01,107.38,110.32,113.86,117.09,119.23,120.08,120.22,120.37,120.38,120.21,119.66,117.75,115.60,113.86,112.41,109.60,107.56,105.86,104.29,102.88,101.52,100.33,99.99,101.38,104.09,106.68,108.51,109.20,108.63,107.44,106.07,104.66,103.26,102.30,101.48,100.62,99.90,100.27,101.81,103.82,105.53,105.80,105.83,105.45,104.86,104.28,103.74,103.64,103.78,103.93
230.04,225.38,220.16,217.38,218.30,223.84,229.71,233.26,235.77,237.40,235.52,231.16,227.78,227.11,230.32,233.22,235.77,238.04,239.83,240.35,239.97,238.14,234.18,227.72,221.71,216.61,213.90,216.09,220.04,223.62,226.25,227.45,226.64,225.42,226.27,228.42,228.19,225.31,220.96,215.03,207.67,203.44,200.60,198.90,198.16,197.26,195.39,193.01,190.81,189.69,188.81,187.04,185.14,183.99,184.27,184.02,183.46,182.67,181.47,179.89,177.70,175.26,172.95,170.54,167.99,165.32,162.59,160.10,158.50,157.20,155.96,154.72,153.47,152.18,150.94,149.82,148.87,147.94,147.02,146.15,145.46,145.07,144.80,144.56,144.32,144.03,143.64,143.00,142.03,141.00,140.09,139.35,138.74,138.14,137.30,136.39,135.50,134.64,133.75,133.06,132.44,131.83,131.28,130.69,130.13,129.17,127.27,125.25,124.28,123.57,122.65,121.57,120.97,120.42,119.81,119.16,118.42,118.00,117.77,117.55,117.31,117.02,116.70,116.49,116.76,117.24,117.73,118.18,118.63,119.02,119.38,119.80,120.27,120.66,121.18,121.42,121.04,119.47,117.60,116.79,116.58,116.45,116.39,116.47,116.27,115.30,112.82,110.42,108.09,105.64,102.84,99.93,98.23,98.73,101.81,105.66,108.70,110.17,109.91,107.58,103.79,101.37,101.89,106.08,110.45,114.06,116.76,118.52,119.45,119.74,118.27,115.26,111.52,109.56,112.38,117.95,124.61,130.13,129.88,127.16,123.50,119.29,115.00,113.16,113.17,114.06,114.58,114.81,115.12,115.41,114.85,112.48,109.08,105.05,100.53,96.25,93.51,91.64,90.41,90.42,91.36,92.98,95.17,97.81,100.26,102.78,105.59,108.94,113.05,116.90,119.34,120.13,120.38,120.30,120.11,119.79,119.02,116.66,113.98,111.60,109.74,107.91,106.13,104.37,102.61,100.81,98.90,97.17,96.88,99.22,102.00,104.51,106.42,107.22,106.15,104.60,102.93,101.31,99.99,99.11,98.40,97.72,97.27,97.91,100.15,102.35,103.64,103.54,103.24,102.85,102.55,102.44,102.15,102.28,102.66,103.12
232.18,226.79,220.98,218.29,219.73,225.61,230.73,234.06,236.62,238.52,238.09,232.96,229.26,229.07,232.16,235.23,238.11,240.86,243.22,243.95,243.42,241.43,237.25,229.97,224.13,219.63,217.48,219.72,223.52,227.09,229.84,231.30,231.25,230.74,231.56,232.65,230.31,226.84,222.95,217.96,211.50,207.15,204.91,203.64,202.65,200.98,198.68,196.24,194.12,192.74,191.26,189.78,188.46,187.46,186.63,185.95,185.10,183.96,182.50,180.81,178.57,176.04,173.49,170.71,167.91,165.07,162.30,159.93,158.44,157.23,156.05,154.90,153.71,152.50,151.28,150.12,149.13,148.23,147.38,146.61,146.11,145.81,145.53,145.27,145.02,144.68,144.03,143.17,142.17,141.18,140.23,139.40,138.64,137.85,136.95,136.02,135.13,134.26,133.34,132.55,131.87,131.26,130.68,129.69,128.51,127.16,125.54,123.80,122.66,121.87,121.23,120.54,120.06,119.56,118.98,118.36,117.72,117.36,117.18,117.09,117.03,116.93,116.62,116.34,116.77,117.33,117.89,118.42,118.89,119.36,120.05,121.09,122.53,123.93,125.01,125.70,125.70,124.31,122.45,121.53,121.26,121.13,120.74,120.59,120.12,118.90,116.56,113.41,110.08,106.56,102.75,99.69,98.88,100.53,104.48,108.62,111.79,113.72,114.29,112.90,109.38,106.44,106.21,110.00,114.47,118.37,121.61,123.99,125.13,125.32,123.78,120.57,116.20,113.67,115.33,119.79,125.65,130.15,129.49,126.64,123.06,119.10,113.70,110.63,109.67,109.97,110.21,110.39,111.15,112.47,113.21,112.09,109.63,106.17,101.75,97.20,93.11,90.30,89.25,89.07,89.56,90.55,92.13,94.57,97.21,100.50,104.09,107.58,111.19,113.53,116.06,118.87,119.96,119.75,118.84,117.84,117.08,115.03,112.28,109.70,107.76,106.15,104.41,102.66,100.76,98.27,95.46,93.77,94.09,97.07,100.28,102.81,104.60,105.23,103.87,102.29,100.32,98.17,96.40,95.43,94.94,94.67,94.89,96.94,99.55,101.21,101.61,101.19,100.69,100.25,100.05,100.29,100.81,101.36,101.85,102.31
233.89,227.94,221.97,219.61,221.53,227.43,231.78,234.93,237.57,239.72,240.26,235.14,231.25,230.95,233.98,237.19,240.43,243.61,246.34,247.42,246.64,244.40,240.13,232.55,226.70,222.98,221.76,224.06,227.65,231.12,233.84,235.42,236.00,235.97,236.44,236.34,232.56,228.97,225.52,221.41,216.12,211.98,209.87,208.37,206.66,204.19,201.57,199.13,197.03,195.36,193.40,192.06,191.14,190.22,188.63,187.56,186.41,184.92,183.19,181.22,178.81,176.14,173.37,170.40,167.52,164.66,161.91,159.72,158.37,157.23,156.11,155.02,153.88,152.75,151.58,150.43,149.42,148.56,147.79,147.16,146.81,146.54,146.25,145.96,145.68,145.24,144.39,143.40,142.43,141.49,140.51,139.61,138.74,137.76,136.77,135.75,134.77,133.87,132.96,132.08,131.32,130.63,129.72,128.20,126.41,124.70,123.40,122.20,121.13,120.37,119.97,119.60,119.20,118.72,118.21,117.76,117.36,117.11,117.01,117.02,117.04,116.93,116.57,116.24,116.75,117.36,117.97,118.56,119.06,119.59,120.70,122.31,124.32,126.41,128.02,129.09,129.41,128.42,126.88,126.00,125.59,125.18,124.09,123.33,122.38,120.88,118.54,114.83,110.83,106.66,102.34,99.63,99.73,102.28,106.73,110.85,114.10,116.56,118.03,117.62,114.74,111.58,110.58,113.61,118.27,122.61,126.14,128.65,129.88,130.00,128.75,125.99,121.67,118.41,118.60,121.47,125.98,129.27,128.11,125.42,122.36,118.72,113.09,109.18,107.04,106.16,105.91,105.94,107.00,109.08,110.74,111.01,109.44,106.37,102.20,97.82,93.05,89.70,88.76,88.32,88.38,88.83,89.82,91.78,94.19,97.97,102.18,105.69,108.65,109.73,112.19,116.43,118.64,118.25,116.78,115.35,114.74,113.32,110.77,108.17,106.17,104.41,102.63,100.77,98.59,95.58,92.31,90.95,91.96,95.41,99.03,101.52,103.03,103.36,101.94,100.19,97.88,95.26,92.98,91.85,91.53,91.72,92.71,95.74,98.41,99.53,99.21,98.58,98.09,97.67,97.52,98.04,99.34,100.42,101.15,101.57
234.38,228.39,223.09,221.61,223.97,229.14,232.80,235.86,238.68,240.95,241.15,237.68,234.21,233.01,236.11,239.35,242.99,246.57,249.34,250.84,249.67,246.89,242.50,235.74,229.65,226.86,227.21,229.90,233.21,236.12,238.40,239.93,240.85,240.82,240.65,239.57,235.38,231.95,228.61,224.99,221.11,218.15,215.32,212.53,209.74,206.74,203.98,201.33,198.92,197.03,195.05,193.64,192.60,191.60,190.20,188.78,187.21,185.48,183.65,181.32,178.56,175.59,172.58,169.63,166.80,164.03,161.46,159.55,158.30,157.20,156.11,155.03,153.94,152.84,151.77,150.74,149.74,148.95,148.31,147.81,147.54,147.25,146.95,146.64,146.28,145.62,144.74,143.80,142.86,141.94,141.00,140.15,139.27,138.14,136.96,135.68,134.46,133.44,132.56,131.66,130.82,129.85,128.11,126.00,123.83,121.92,120.69,120.22,119.79,119.42,119.16,118.89,118.43,117.94,117.58,117.56,117.60,117.59,117.59,117.63,117.51,117.03,116.49,116.23,116.75,117.36,117.97,118.59,119.17,119.72,121.31,123.29,125.29,127.47,129.50,130.85,131.41,131.11,130.37,129.85,129.33,128.27,126.08,124.19,122.48,120.58,117.82,113.84,109.92,106.07,102.20,100.34,101.08,103.88,108.19,112.07,115.60,118.81,121.26,121.72,119.97,117.15,115.52,117.26,122.16,126.92,130.03,131.39,132.26,132.35,132.00,130.93,128.22,123.55,121.60,122.22,124.85,127.84,126.45,123.75,120.95,117.82,113.38,109.39,105.94,103.11,101.99,101.74,102.81,105.16,107.50,109.15,108.09,104.89,100.88,97.07,93.13,90.19,88.88,87.93,87.59,87.88,88.64,89.70,91.32,94.99,99.38,102.81,105.24,106.42,108.60,112.39,115.84,115.18,113.62,112.49,112.18,111.66,109.67,107.22,105.00,102.75,100.80,98.59,95.88,92.76,90.03,89.36,90.92,94.65,98.50,100.75,101.79,101.74,100.56,98.25,95.53,92.69,90.04,88.63,88.34,89.02,90.78,93.53,95.81,96.66,96.22,95.53,95.39,95.10,94.98,95.74,97.48,99.27,100.48,100.98
233.66,228.81,224.46,223.60,225.95,230.22,233.58,236.66,239.71,242.30,242.55,239.77,236.40,234.73,237.81,241.63,245.70,249.39,252.08,253.91,253.22,250.14,244.86,238.36,232.65,230.75,232.12,235.13,238.11,240.69,242.80,244.33,245.10,244.78,243.56,241.25,237.31,233.85,230.44,226.90,223.33,220.66,217.50,214.12,210.79,207.84,205.06,202.47,200.16,198.32,196.60,195.17,193.89,192.63,191.21,189.81,187.99,185.76,183.49,180.84,177.85,174.73,171.65,168.87,166.18,163.55,161.18,159.67,158.51,157.43,156.35,155.28,154.22,153.18,152.15,151.16,150.23,149.49,148.93,148.53,148.26,147.95,147.65,147.30,146.82,146.05,145.19,144.28,143.36,142.43,141.50,140.66,139.78,138.60,137.25,135.75,134.28,132.97,132.05,131.15,130.05,128.50,126.24,123.90,121.91,120.46,119.71,119.38,119.11,118.83,118.55,118.38,118.25,118.10,118.02,118.12,118.17,118.19,118.12,117.90,117.53,116.91,116.37,116.19,116.74,117.36,117.97,118.56,119.05,119.49,121.25,123.44,125.56,127.83,130.04,131.85,132.81,132.14,131.23,130.33,128.95,126.67,124.30,122.14,120.07,117.84,114.88,111.39,108.15,105.61,104.16,103.19,103.53,105.47,108.99,112.74,116.34,120.20,123.80,125.56,124.97,122.43,120.42,121.48,126.06,129.81,131.96,132.61,132.62,132.15,131.52,130.55,128.56,124.67,122.36,122.36,124.58,126.68,124.92,122.11,119.30,116.33,112.73,108.87,104.89,101.28,99.78,99.42,100.19,102.04,104.38,106.85,106.79,104.29,100.36,96.94,93.61,90.87,89.11,87.92,87.14,86.90,87.22,88.08,89.38,91.95,95.38,98.98,101.60,104.08,107.33,111.02,112.81,111.85,110.46,109.55,109.35,109.12,107.80,105.83,103.56,101.13,98.23,95.24,92.45,90.24,87.94,87.83,89.77,93.11,96.08,97.89,98.88,99.25,99.15,96.89,93.95,90.89,87.85,85.83,85.36,86.28,88.49,91.09,92.96,93.54,93.06,92.47,92.43,92.33,92.41,93.15,94.53,96.57,98.66,100.25
232.21,228.80,225.76,225.49,227.66,231.07,234.27,237.37,240.64,243.60,244.03,241.49,238.19,236.42,239.61,244.08,248.43,252.08,254.69,256.85,256.88,253.64,247.33,240.86,235.83,234.78,236.81,239.94,242.63,245.03,247.05,248.41,248.80,247.90,245.59,242.24,238.66,235.04,231.39,227.65,223.88,220.88,217.46,213.87,210.49,207.84,205.32,203.00,200.89,198.99,197.37,196.00,194.67,193.26,191.91,190.66,188.63,185.83,182.96,179.97,176.80,173.58,170.56,168.01,165.53,163.13,161.06,159.91,158.84,157.77,156.69,155.62,154.62,153.63,152.64,151.67,150.81,150.10,149.60,149.27,148.95,148.64,148.32,147.92,147.32,146.51,145.66,144.77,143.85,142.93,142.01,141.14,140.23,139.01,137.50,135.85,134.16,132.59,131.53,130.55,129.08,126.98,124.44,122.05,120.46,119.61,119.35,119.01,118.77,118.52,118.25,118.19,118.42,118.68,118.86,118.94,118.85,118.74,118.50,118.01,117.42,116.75,116.25,116.12,116.62,117.15,117.71,118.22,118.60,118.94,120.86,123.26,125.50,127.80,130.17,132.52,133.91,132.38,130.77,129.04,126.67,123.48,121.20,119.04,116.91,114.64,111.95,109.48,107.29,106.19,107.06,106.89,106.65,107.50,110.01,113.36,116.87,121.15,125.69,128.64,129.06,127.12,125.25,125.92,129.46,131.61,132.56,132.53,131.56,130.57,129.42,128.13,126.62,124.17,122.24,122.21,124.34,125.63,123.56,120.62,117.69,114.66,111.56,107.85,103.76,99.99,98.32,97.84,98.22,99.48,101.60,104.50,105.59,104.23,100.48,97.43,94.60,91.93,89.64,88.21,86.99,86.14,85.90,86.67,87.83,89.29,91.59,95.12,98.10,101.92,106.37,110.08,109.77,108.55,107.37,106.57,106.36,106.19,105.52,104.15,101.95,99.23,95.34,91.73,89.11,87.81,85.89,86.20,88.29,91.01,92.80,94.12,95.18,96.16,97.28,95.70,92.88,89.55,86.06,83.35,82.63,83.53,85.73,88.12,89.68,90.08,89.64,89.27,89.29,89.40,89.68,90.37,91.28,93.27,95.94,98.55
229.55,227.45,226.52,227.06,228.90,231.78,234.86,237.91,241.31,244.63,245.20,242.49,239.41,238.35,242.21,246.92,251.07,254.43,257.12,259.71,260.38,257.14,250.16,243.57,239.60,239.28,241.36,244.01,246.55,249.11,250.95,251.52,251.32,249.14,246.04,242.57,238.93,235.02,230.74,226.26,221.79,217.37,213.38,210.19,207.83,205.70,204.26,202.64,200.54,197.92,195.56,194.55,193.91,192.98,192.13,191.03,188.80,185.48,181.87,178.48,175.09,171.85,169.07,166.81,164.65,162.78,161.33,160.23,159.20,158.15,157.08,156.06,155.10,154.20,153.29,152.36,151.51,150.87,150.37,149.95,149.59,149.27,148.93,148.46,147.78,146.95,146.10,145.22,144.30,143.43,142.51,141.54,140.47,139.15,137.54,135.86,134.16,132.51,131.15,129.69,127.83,125.56,123.14,120.98,119.84,119.40,119.17,118.96,118.86,118.81,118.79,118.84,119.14,119.62,119.98,119.78,119.48,119.03,118.48,117.91,117.34,116.72,116.22,115.97,116.11,116.26,116.55,116.92,117.26,117.67,120.07,122.81,125.00,127.27,129.86,132.86,134.59,131.70,128.66,125.46,122.44,119.93,117.73,115.61,113.88,112.58,111.42,110.91,110.40,110.18,110.84,111.18,110.86,111.09,112.50,114.38,117.44,121.58,126.09,129.42,130.34,130.08,129.89,130.48,131.18,131.23,130.75,129.69,127.92,127.02,125.88,124.60,123.72,122.54,121.58,121.71,123.26,124.69,122.66,119.63,116.50,113.04,109.62,105.95,102.31,99.24,97.56,96.69,96.81,97.97,99.77,102.44,104.68,105.03,101.91,99.34,96.92,94.13,91.02,89.00,87.54,86.18,85.20,85.53,86.56,87.94,89.73,92.21,95.29,99.29,103.92,107.69,106.93,105.67,104.45,103.52,103.11,102.86,102.63,101.91,100.06,96.41,92.21,88.96,86.89,85.38,83.81,84.10,85.79,87.85,88.66,89.61,90.68,91.97,93.93,94.52,92.62,88.91,84.80,81.53,80.50,80.76,81.75,83.61,85.19,85.70,85.44,85.59,85.82,86.08,86.51,87.32,88.23,89.59,91.43,93.69
228.73,228.24,228.56,229.63,231.44,234.05,236.41,239.52,243.44,247.12,246.99,244.16,241.38,240.78,245.03,249.59,253.46,256.97,260.51,263.89,264.10,260.61,253.97,247.31,243.80,243.76,245.95,248.74,250.90,253.26,254.46,253.63,252.29,249.50,246.18,242.63,238.69,233.77,229.02,224.33,219.27,213.63,209.25,206.13,204.13,202.71,201.91,200.35,197.90,195.00,193.13,192.55,192.28,191.71,191.07,189.70,186.99,183.24,179.65,176.23,173.07,170.32,168.17,166.16,164.31,162.79,161.65,160.65,159.62,158.59,157.59,156.65,155.72,154.83,153.94,153.07,152.34,151.80,151.27,150.73,150.34,149.94,149.53,149.00,148.23,147.39,146.55,145.60,144.53,143.53,142.47,141.37,140.18,138.76,137.20,135.62,134.01,132.37,130.82,129.04,126.99,124.69,122.29,120.46,119.66,119.46,119.30,119.19,119.17,119.23,119.43,119.87,120.60,121.43,121.79,120.78,119.89,119.13,118.47,117.86,117.25,116.63,116.15,115.93,116.19,116.46,116.62,116.71,116.77,116.79,119.49,122.59,124.85,127.18,130.08,132.79,133.65,129.86,126.26,122.85,120.19,118.73,117.52,116.29,115.37,114.95,115.11,115.49,115.26,114.73,114.63,115.22,115.52,115.80,116.28,116.86,118.67,121.92,125.89,128.90,130.15,130.56,130.63,130.40,129.57,128.20,126.62,124.97,123.41,122.77,122.00,121.13,120.53,119.87,119.61,120.26,121.94,123.47,122.01,119.30,115.99,112.02,108.44,104.85,101.47,98.77,96.98,95.64,95.46,96.55,98.03,100.09,102.50,103.97,102.81,101.25,99.28,96.51,92.92,89.86,88.04,86.46,85.02,84.47,85.28,86.62,88.25,90.44,93.85,98.09,102.13,104.77,104.06,102.69,101.07,99.69,99.17,98.92,98.81,98.34,96.90,93.96,90.17,86.95,84.66,83.10,81.90,82.00,83.09,84.54,85.24,86.18,87.44,89.15,91.59,93.34,92.29,88.85,84.45,80.82,79.45,79.30,79.69,80.77,81.82,82.23,82.13,82.39,82.61,82.91,83.44,84.41,85.50,86.71,88.18,90.04
229.28,230.40,231.46,232.92,234.99,237.59,238.91,241.97,246.38,250.38,249.33,246.42,243.85,243.48,247.83,252.06,255.80,259.77,264.53,268.69,267.91,264.10,258.39,252.05,248.85,248.85,251.02,254.00,255.44,256.96,257.04,254.71,252.11,249.21,246.05,242.51,238.12,231.94,226.88,222.28,216.70,210.12,205.42,202.14,200.10,199.27,198.62,196.76,193.90,191.12,190.31,190.12,189.95,189.59,188.96,187.08,183.85,179.91,176.76,173.59,170.98,169.01,167.63,165.95,164.45,163.20,162.18,161.24,160.10,159.06,158.18,157.32,156.41,155.49,154.61,153.82,153.26,152.82,152.25,151.56,151.13,150.62,150.13,149.54,148.69,147.78,146.82,145.70,144.41,143.19,141.92,140.68,139.42,137.97,136.55,135.14,133.65,132.06,130.51,128.58,126.49,124.31,122.10,120.68,120.13,120.02,120.02,120.11,120.31,120.55,120.92,121.75,122.86,123.79,123.79,121.73,120.08,119.10,118.44,117.82,117.15,116.52,116.05,115.95,116.57,117.22,117.41,117.27,117.03,116.53,119.33,122.68,125.09,127.53,130.85,132.79,132.13,127.94,124.47,121.67,119.91,119.55,119.74,119.81,119.82,120.11,121.20,121.69,120.91,119.44,118.42,118.94,119.95,120.51,120.24,119.89,120.24,122.23,125.22,127.42,128.80,129.25,128.83,127.53,126.03,123.81,121.44,119.48,118.60,118.20,117.94,117.62,117.11,116.54,116.80,118.15,120.43,122.08,121.50,119.28,115.78,111.32,107.74,104.27,101.03,98.47,96.51,94.69,94.11,95.02,96.19,97.53,99.61,101.87,103.09,102.81,101.31,98.74,95.02,90.85,88.56,86.87,85.18,83.63,84.03,85.28,86.97,89.29,92.98,97.28,100.29,101.20,100.68,99.11,97.02,95.20,94.68,94.45,94.31,93.84,92.80,91.47,88.53,85.25,82.47,81.06,80.23,80.11,80.55,81.45,82.46,83.57,85.13,87.32,90.01,92.13,91.77,89.00,84.57,80.77,79.11,78.71,78.87,79.13,79.44,79.63,79.68,79.78,79.87,80.12,80.70,81.76,83.02,84.36,85.78,87.29
230.75,232.59,234.60,236.80,239.46,242.57,243.30,245.19,248.75,252.78,252.62,249.41,246.52,246.01,249.90,254.17,258.58,263.41,268.64,272.34,271.53,267.87,262.74,258.57,256.98,257.18,258.42,259.85,259.38,258.00,256.05,253.58,250.87,248.24,245.46,242.14,237.42,230.93,225.83,221.11,214.96,207.97,202.75,199.30,197.38,195.94,194.43,192.45,190.13,188.04,187.19,186.90,186.63,186.13,185.51,183.29,180.27,177.00,174.05,171.40,169.49,168.10,167.02,166.19,165.35,164.53,163.66,162.44,160.64,159.39,158.67,157.95,157.05,156.16,155.35,154.70,154.24,153.84,153.21,152.41,151.87,151.28,150.71,150.05,149.13,147.83,146.21,144.58,143.14,141.92,140.59,139.20,137.90,136.87,135.49,134.08,132.66,131.27,130.19,128.39,126.42,124.75,123.90,123.08,122.52,122.38,122.82,123.58,125.09,126.26,126.64,126.97,126.95,126.22,124.58,121.90,119.90,118.87,118.29,117.71,117.07,116.41,115.95,115.90,116.56,117.26,117.76,118.10,118.30,118.20,120.61,123.64,126.18,128.76,132.80,134.38,132.84,129.30,126.75,124.58,123.20,123.18,123.88,124.51,124.97,125.42,126.22,126.37,125.33,123.63,122.19,121.92,121.93,121.60,120.94,120.99,121.45,122.50,123.87,124.89,125.85,126.56,126.56,125.32,123.24,120.63,118.06,115.92,114.64,114.00,113.75,113.60,113.36,113.10,113.78,115.70,118.63,120.77,120.84,118.78,115.01,110.38,106.85,103.58,100.59,98.16,96.01,93.90,92.68,92.74,93.75,94.76,97.32,100.47,102.15,102.67,101.70,99.66,96.58,92.37,89.43,87.27,85.42,83.63,82.97,83.89,85.68,87.77,90.47,93.81,95.80,95.75,94.78,92.75,90.96,89.82,89.48,89.25,89.15,88.80,88.03,87.36,85.31,82.78,80.61,79.78,79.28,79.18,79.41,79.92,80.52,81.50,83.34,86.08,88.89,90.76,90.62,88.35,84.11,80.64,79.04,78.35,77.99,78.14,78.37,78.52,78.61,78.72,78.72,78.86,79.26,80.01,80.88,82.06,83.43,84.91
233.54,234.76,237.30,240.55,244.19,247.58,248.04,248.93,251.58,255.56,256.64,253.31,249.82,248.82,252.81,257.27,261.96,267.11,272.52,275.74,274.75,271.33,266.89,263.67,261.85,261.17,261.03,260.57,258.70,255.76,253.00,250.97,248.70,246.47,244.15,241.15,236.17,229.89,224.86,219.76,212.85,206.08,200.84,197.19,194.92,193.03,191.03,189.02,187.08,185.35,184.26,183.68,183.17,182.52,181.85,179.80,177.23,174.54,171.94,169.99,168.80,168.02,167.35,167.13,166.75,166.15,165.19,163.54,161.29,159.80,159.05,158.38,157.57,156.72,155.92,155.22,154.64,154.07,153.40,152.66,152.09,151.49,150.89,150.09,148.78,146.95,144.98,143.16,141.62,140.35,138.85,137.34,136.10,135.36,134.22,133.02,131.85,130.78,130.07,128.58,127.03,126.02,126.10,125.91,125.67,125.67,126.24,127.14,128.81,130.02,130.21,130.10,129.34,127.44,124.63,121.61,119.59,118.52,117.90,117.38,116.79,116.16,115.72,115.74,116.49,117.22,117.93,118.57,119.12,119.58,121.78,124.56,127.25,130.08,134.40,136.27,135.29,132.99,131.03,128.89,127.32,127.17,127.95,128.74,129.45,130.10,130.61,130.47,129.17,127.11,125.02,123.68,122.42,121.02,119.75,119.69,119.97,120.56,121.21,121.55,122.52,123.66,124.32,123.75,121.59,118.80,115.96,113.34,111.25,110.22,109.81,109.66,109.61,109.65,110.99,113.49,116.68,119.00,119.54,118.07,114.86,110.50,106.94,103.61,100.46,97.70,95.32,93.02,91.40,90.84,91.42,92.16,94.91,98.63,101.05,102.06,101.48,99.80,97.03,92.98,89.67,87.06,84.92,83.03,81.87,82.47,83.88,85.13,86.41,88.29,89.31,88.93,88.03,86.39,85.26,84.77,84.61,84.46,84.42,84.22,83.75,83.47,82.24,80.67,79.30,78.83,78.45,78.41,78.63,78.98,79.34,80.09,81.73,84.35,87.02,88.67,88.81,87.13,83.29,80.38,78.94,78.11,77.43,77.34,77.51,77.67,77.74,77.82,77.78,77.85,78.12,78.67,79.28,80.20,81.32,82.60
237.66,236.95,239.52,244.08,249.01,252.32,252.94,253.26,255.19,259.03,261.38,258.23,253.92,252.08,256.84,261.57,266.05,270.85,276.05,278.91,277.40,274.18,270.44,266.30,261.97,259.20,257.40,255.09,252.65,250.12,248.14,246.97,245.50,243.71,241.84,239.20,234.09,228.52,223.63,217.94,210.21,204.28,199.59,195.67,192.59,190.68,188.81,186.94,185.10,183.33,182.00,180.94,180.04,179.24,178.46,177.12,175.11,172.73,170.74,169.61,169.09,168.89,168.84,168.81,168.60,167.94,166.61,164.43,162.06,160.33,159.28,158.59,157.91,157.10,156.20,155.24,154.29,153.36,152.64,152.15,151.71,151.09,150.43,149.35,147.33,144.94,143.12,141.52,139.97,138.61,136.88,135.38,134.29,133.66,132.94,132.18,131.44,130.82,130.24,129.21,128.41,128.12,128.40,128.82,129.21,129.54,129.80,130.12,130.49,130.64,130.45,130.13,129.30,127.15,123.99,120.92,119.21,118.05,117.25,116.81,116.27,115.72,115.34,115.42,116.34,117.14,117.88,118.56,119.24,120.25,122.51,125.25,128.08,131.26,135.29,138.11,139.20,138.53,136.73,134.04,131.78,131.09,131.55,132.14,132.98,133.94,134.38,134.12,132.50,129.85,126.73,124.09,121.55,119.07,116.93,115.91,115.44,116.00,117.04,117.38,118.91,120.68,122.18,122.75,121.10,118.33,115.10,111.67,108.52,106.93,106.22,105.94,105.94,106.28,108.54,111.62,114.59,116.59,117.38,117.03,115.38,111.87,108.34,104.65,100.89,97.32,94.62,92.09,90.34,89.57,89.41,89.85,92.28,96.14,99.87,101.11,100.76,99.14,96.17,92.31,89.00,86.06,83.50,81.59,80.70,81.06,81.60,81.41,81.09,81.26,81.39,81.28,81.13,80.85,80.63,80.50,80.48,80.51,80.52,80.46,80.33,80.26,79.75,79.14,78.57,78.11,77.67,77.68,78.01,78.45,78.89,79.36,80.29,81.96,84.19,85.74,86.31,85.36,82.16,79.96,78.79,78.01,77.26,76.68,76.70,76.83,76.88,76.83,76.81,76.87,77.10,77.65,78.26,78.85,79.50,80.34
240.61,239.57,242.68,247.74,252.91,256.50,258.33,258.86,260.39,263.82,266.41,263.65,259.09,256.49,260.82,265.69,270.76,275.48,279.06,280.56,278.43,274.63,269.73,263.29,258.03,254.53,252.03,249.45,247.12,245.09,243.56,242.51,241.12,239.16,236.88,234.04,229.88,225.31,220.55,214.92,208.01,202.43,197.67,193.65,190.64,188.96,187.82,186.96,186.19,185.24,184.02,182.40,180.70,179.23,178.26,176.97,175.29,173.41,171.87,171.03,170.68,170.59,170.67,170.72,170.43,169.57,167.93,165.49,162.94,160.86,159.44,158.74,157.78,156.74,155.65,154.52,153.43,152.44,151.71,151.23,150.78,149.73,148.02,145.90,143.71,141.89,140.51,139.21,137.96,137.12,136.58,135.83,134.97,134.40,133.58,132.80,132.13,131.59,131.04,130.36,130.02,130.17,130.55,130.80,130.77,130.61,130.51,130.47,130.49,130.37,129.98,129.27,128.05,125.87,123.01,120.33,118.88,117.75,116.81,116.13,115.69,115.18,114.72,114.63,115.52,116.42,117.30,118.17,119.10,120.38,122.68,125.35,128.12,131.22,135.13,138.31,140.10,139.98,139.12,137.75,136.14,134.70,134.42,134.89,135.94,137.19,137.67,137.44,135.63,132.47,128.41,124.25,120.46,117.14,114.47,112.57,111.70,111.59,111.88,112.37,114.38,117.22,119.83,121.03,119.81,117.39,114.39,110.95,107.18,104.19,102.72,102.37,102.66,103.84,106.50,109.62,112.22,113.23,113.85,114.08,113.78,112.59,110.63,107.50,103.77,99.97,96.30,92.29,89.69,88.83,88.17,88.51,90.16,93.22,97.50,99.40,99.13,97.28,94.11,90.42,87.30,84.46,82.00,80.53,79.98,80.07,80.19,79.89,79.59,79.45,79.36,79.30,79.30,79.26,79.22,79.20,79.20,79.23,79.21,79.16,79.08,79.03,78.62,78.15,77.72,77.26,76.87,76.88,77.16,77.58,78.00,78.40,79.07,80.16,81.49,82.60,83.39,83.21,81.10,79.62,78.66,77.88,77.12,76.39,76.04,75.92,75.90,75.87,75.82,75.83,76.05,76.63,77.20,77.37,77.68,78.40
243.49,242.67,246.11,251.22,256.34,260.24,263.22,264.75,266.53,269.36,271.40,268.89,264.38,261.38,265.19,270.24,275.55,279.78,281.57,281.47,278.46,273.65,267.29,259.34,253.54,249.51,246.51,243.93,241.66,239.71,238.14,236.91,235.52,233.58,231.18,228.38,225.15,221.36,216.82,211.55,205.69,200.42,195.67,192.00,189.77,188.67,188.35,188.45,188.65,188.46,187.46,185.49,183.15,181.04,179.69,178.18,176.59,175.06,173.82,173.13,172.81,172.69,172.66,172.56,171.85,170.59,168.75,166.24,163.62,161.26,159.49,158.65,157.42,156.17,154.93,153.69,152.51,151.47,150.57,149.83,149.16,147.38,144.84,142.27,140.42,139.48,138.69,137.89,137.16,136.90,137.29,137.06,136.29,135.67,134.69,133.81,133.12,132.58,132.05,131.57,131.53,131.83,131.87,131.56,130.93,130.25,129.84,129.55,129.47,129.29,128.81,127.87,126.40,124.35,121.97,119.80,118.56,117.49,116.45,115.54,115.05,114.56,114.05,113.80,114.53,115.49,116.50,117.54,118.71,120.09,122.38,124.97,127.57,130.39,134.14,137.58,139.90,140.19,140.23,140.12,139.29,137.49,136.59,137.09,138.27,139.53,140.00,139.91,138.19,134.84,130.00,124.68,119.86,115.78,112.53,109.84,108.67,107.88,107.34,107.86,110.14,113.52,116.66,118.23,117.56,115.75,113.25,110.01,105.75,101.81,99.79,99.33,99.82,101.46,104.06,107.04,109.53,109.78,110.19,110.69,111.28,112.01,111.71,109.69,106.58,102.88,98.66,93.40,89.83,88.54,87.50,87.50,88.42,90.67,94.72,97.00,96.83,94.92,91.69,88.04,85.04,82.57,80.68,79.76,79.45,79.33,79.21,79.08,79.05,78.94,78.82,78.75,78.73,78.66,78.62,78.61,78.61,78.61,78.56,78.47,78.37,78.29,77.84,77.32,76.83,76.37,76.06,76.03,76.25,76.63,77.00,77.38,77.94,78.67,79.27,79.94,80.75,81.11,80.05,79.17,78.38,77.61,76.84,76.07,75.44,75.09,74.98,74.92,74.84,74.80,74.98,75.53,75.92,75.77,75.86,76.50
246.82,246.65,249.59,254.25,259.22,263.26,266.64,270.57,273.98,275.90,276.19,273.43,269.35,266.79,270.51,275.86,280.15,282.76,283.22,281.55,277.10,270.75,263.28,256.42,250.09,245.22,241.62,238.78,236.09,233.15,230.62,228.96,227.77,226.69,225.34,223.42,220.43,216.76,212.66,208.04,202.84,198.09,193.89,191.51,191.21,191.38,191.73,192.17,192.52,192.42,191.73,189.92,187.59,185.21,183.04,181.03,179.17,177.55,176.36,175.80,175.50,175.24,174.82,174.17,172.36,170.34,168.43,166.14,163.77,161.41,159.34,158.03,156.77,155.53,154.27,152.99,151.76,150.51,149.05,147.52,146.28,143.28,141.04,139.77,139.14,139.12,139.15,139.24,139.40,139.51,139.38,138.70,137.66,136.74,135.79,134.92,134.20,133.67,133.18,132.72,132.64,132.61,131.38,129.99,128.94,128.18,127.62,127.19,127.02,126.85,126.44,125.69,124.54,122.89,120.98,119.34,118.22,117.21,116.19,115.21,114.32,113.86,113.44,113.15,113.52,114.46,115.49,116.58,117.84,119.06,121.30,123.79,126.09,128.45,131.83,135.62,138.84,139.90,140.22,140.18,139.66,138.53,137.58,138.38,139.44,140.08,140.37,140.53,139.51,136.69,131.48,125.89,120.54,115.70,111.59,108.31,106.81,105.70,104.79,105.03,107.05,109.49,111.71,113.27,113.52,112.74,111.02,108.03,103.31,99.95,98.13,97.48,97.82,98.67,100.47,103.25,106.28,106.65,107.00,107.38,107.87,108.75,109.41,109.31,107.85,104.64,101.28,96.03,91.56,89.02,87.70,86.68,87.26,89.21,91.67,93.43,93.50,92.06,89.13,85.20,82.09,80.39,79.80,79.41,79.11,78.91,78.77,78.63,78.56,78.47,78.36,78.23,78.17,78.09,78.02,77.97,77.97,77.97,77.92,77.80,77.62,77.58,77.10,76.51,75.93,75.44,75.19,75.14,75.29,75.67,76.00,76.37,76.90,77.57,78.06,78.53,79.04,79.34,78.97,78.44,77.75,76.97,76.20,75.44,74.88,74.50,74.24,74.00,73.89,73.82,73.92,74.26,74.11,73.95,74.05,74.50
250.95,250.41,252.84,257.07,261.84,266.15,270.71,275.81,279.83,281.46,280.83,277.83,274.17,272.23,275.82,280.34,283.41,284.33,282.62,279.36,274.20,267.74,260.73,254.85,248.64,242.96,238.33,235.17,231.94,228.44,225.49,223.64,222.31,221.12,219.78,217.99,215.15,211.67,207.95,204.05,200.08,197.00,195.16,194.56,195.03,195.59,196.09,196.47,196.68,196.51,195.96,194.32,191.87,188.96,186.50,184.37,182.47,180.88,179.81,179.07,178.35,177.37,175.88,174.06,171.79,169.53,167.41,165.08,162.82,160.72,158.91,157.52,156.17,154.88,153.60,152.34,151.17,149.86,148.28,146.66,145.41,142.84,141.32,140.88,141.02,141.31,141.43,141.51,141.63,141.72,140.91,139.77,138.67,137.80,136.88,136.00,135.28,134.78,134.32,133.77,133.34,132.75,131.13,129.27,127.65,126.31,125.30,124.64,124.45,124.35,124.08,123.40,122.42,121.24,119.96,118.76,117.75,116.74,115.77,114.88,113.89,113.23,112.76,112.45,112.54,113.41,114.47,115.41,116.14,117.33,119.30,121.63,124.04,126.33,129.36,132.79,135.94,137.61,138.46,138.69,138.47,137.87,137.12,138.02,139.23,140.04,140.30,140.65,139.75,137.02,132.04,126.79,122.17,117.64,112.84,108.19,105.34,103.50,102.38,102.21,103.26,104.63,106.18,107.85,108.98,108.82,107.42,104.75,100.91,98.26,96.51,95.64,95.96,96.75,98.39,100.75,103.18,103.64,103.93,104.18,104.56,105.38,106.23,106.71,106.24,104.34,102.06,97.88,93.55,90.15,88.20,86.38,86.17,87.38,89.16,90.21,89.28,87.18,84.55,82.22,80.44,79.55,79.33,79.12,78.83,78.57,78.36,78.19,78.10,78.00,77.84,77.69,77.64,77.54,77.44,77.38,77.35,77.34,77.27,77.12,76.94,76.84,76.35,75.83,75.40,75.06,74.93,74.92,75.02,75.20,75.25,75.41,75.81,76.40,76.86,77.30,77.72,78.01,77.90,77.64,77.07,76.35,75.61,74.85,74.35,73.98,73.67,73.38,73.27,73.28,73.34,73.37,73.19,73.08,73.06,73.18
255.60,254.13,256.08,259.91,264.50,269.28,275.07,280.69,284.86,286.48,285.44,282.27,279.10,277.90,281.26,284.34,285.79,284.87,280.97,276.34,270.73,264.63,258.56,253.48,247.53,241.28,235.79,232.25,228.43,224.59,221.47,219.46,217.73,216.10,214.45,212.56,209.91,206.71,203.54,200.62,198.32,197.51,198.38,199.49,200.25,200.78,201.10,201.13,200.92,200.50,199.90,198.42,195.97,192.79,190.22,188.11,186.29,184.75,183.53,182.14,180.61,178.70,176.09,173.12,170.54,168.15,165.82,163.47,161.38,159.67,158.24,156.93,155.51,154.22,153.03,151.90,150.87,149.64,148.26,146.91,145.94,144.43,143.70,143.77,144.30,144.59,144.47,144.15,143.79,143.48,141.98,140.47,139.36,138.64,137.76,136.88,136.15,135.64,135.16,134.54,133.74,132.66,131.06,129.15,127.06,124.99,123.28,122.25,121.97,121.93,121.79,121.19,120.39,119.66,118.95,118.09,117.19,116.18,115.25,114.47,113.50,112.66,112.07,111.73,111.60,112.31,113.27,113.92,114.00,115.07,116.61,118.74,121.49,124.05,126.83,129.69,132.37,134.42,135.76,136.32,136.48,136.42,135.97,136.91,138.31,139.46,139.77,140.14,139.13,136.42,132.01,127.45,123.93,120.08,114.95,108.80,104.19,101.47,100.21,99.70,99.71,100.16,101.14,102.75,104.45,104.58,103.35,101.06,98.44,96.41,94.79,93.83,94.09,94.90,96.37,98.04,99.41,99.88,100.13,100.36,100.75,101.52,102.40,103.03,103.23,102.76,101.51,98.73,95.07,91.29,88.68,86.25,85.15,85.45,86.80,87.16,85.12,82.31,80.17,79.73,79.48,79.25,79.03,78.85,78.57,78.27,77.99,77.77,77.66,77.51,77.32,77.14,77.11,76.98,76.88,76.80,76.73,76.71,76.60,76.45,76.31,76.15,75.71,75.35,75.17,75.04,75.03,75.07,75.13,75.08,74.82,74.73,74.91,75.32,75.69,76.13,76.55,76.83,76.84,76.76,76.33,75.72,75.03,74.29,73.83,73.55,73.38,73.20,73.15,73.22,73.19,72.89,72.82,72.76,72.62,72.41
261.03,258.04,259.59,263.14,267.75,273.45,279.52,285.02,289.07,290.85,290.15,287.02,284.63,284.48,287.22,288.29,286.88,283.54,278.69,273.47,267.38,261.28,255.72,250.90,244.75,238.86,233.83,229.75,225.30,221.32,218.11,215.69,213.17,211.26,209.57,207.83,205.73,203.02,201.04,200.00,200.22,202.34,204.57,206.29,207.26,207.49,207.21,206.31,205.06,203.84,202.82,201.46,199.71,197.52,194.79,192.69,191.06,189.45,186.93,183.54,180.46,177.62,174.65,171.58,168.33,165.42,163.08,161.13,159.68,158.37,157.10,155.88,154.60,153.63,152.85,152.13,151.43,150.68,149.93,149.28,148.87,148.35,148.12,148.15,148.31,148.31,147.74,146.84,145.69,144.11,142.21,140.56,139.36,138.70,137.91,137.00,136.11,135.41,134.87,134.31,133.59,132.63,131.26,130.02,128.08,125.46,122.53,120.69,120.04,119.86,119.75,119.46,119.11,118.63,118.02,117.27,116.42,115.56,114.67,113.75,112.81,112.11,111.48,110.93,110.73,111.06,111.36,111.46,111.39,111.86,112.61,114.50,117.88,121.42,124.30,126.73,128.86,130.70,132.03,132.89,133.70,134.54,134.32,135.30,136.62,137.69,138.12,138.00,136.80,134.47,131.04,127.65,124.71,121.53,117.12,110.12,103.78,100.10,98.79,98.32,98.16,98.39,98.88,99.61,100.64,100.45,99.44,97.81,95.66,93.79,92.63,92.09,92.00,92.06,92.31,92.64,92.92,93.07,93.40,93.98,94.81,95.89,97.31,98.50,99.22,99.27,98.63,96.90,94.42,91.50,88.68,86.03,84.30,83.69,84.16,84.31,82.47,80.44,79.48,79.27,79.16,78.99,78.76,78.55,78.30,78.01,77.71,77.44,77.24,77.03,76.81,76.62,76.55,76.41,76.31,76.22,76.15,76.09,75.97,75.84,75.74,75.64,75.53,75.50,75.54,75.56,75.60,75.67,75.71,75.61,75.33,75.08,74.88,74.71,74.64,74.95,75.34,75.66,75.74,75.69,75.44,75.00,74.41,73.76,73.36,73.46,73.94,74.25,74.57,74.44,73.98,73.41,73.24,73.15,72.98,72.69
267.07,263.21,263.44,266.48,271.38,277.75,284.05,289.13,292.81,294.69,294.35,292.04,290.72,291.16,292.51,291.21,287.41,282.23,276.40,270.33,263.90,257.85,252.53,247.71,242.06,236.61,231.74,227.50,223.17,219.70,216.83,214.31,211.79,210.01,208.77,207.79,206.68,205.17,204.34,204.42,205.64,208.11,209.93,211.19,211.84,211.58,210.80,209.48,207.72,205.70,204.16,202.84,201.58,200.03,197.36,194.78,192.56,190.27,186.70,182.44,178.71,175.46,172.41,169.57,166.07,162.98,160.84,159.36,158.38,157.52,156.66,155.78,154.91,154.18,153.56,152.96,152.39,151.87,151.41,151.06,150.89,150.76,150.66,150.60,150.57,150.38,149.63,148.38,146.64,144.44,142.30,140.54,139.28,138.56,137.70,136.74,135.77,134.91,134.24,133.67,133.07,132.34,131.44,130.65,128.99,126.25,122.60,120.07,119.05,118.59,118.27,118.09,117.95,117.63,117.11,116.38,115.57,114.78,113.95,113.03,112.14,111.39,110.69,110.10,109.88,109.94,109.93,109.83,109.77,109.89,110.12,111.25,113.66,116.64,120.49,123.45,125.38,126.97,128.26,129.36,130.62,132.08,132.52,133.65,134.94,135.93,136.18,135.67,134.36,132.24,129.31,126.59,124.14,121.45,117.65,111.25,103.78,99.39,98.06,97.37,96.87,96.88,97.13,97.42,98.00,97.39,96.18,94.66,92.91,91.55,90.83,90.49,90.21,89.92,89.64,89.38,89.18,89.12,89.17,89.50,90.12,90.96,92.12,93.15,93.81,93.96,94.03,93.19,91.49,89.23,87.25,85.27,83.41,82.13,82.06,81.95,80.71,79.50,79.09,78.94,78.86,78.71,78.50,78.27,78.04,77.76,77.46,77.19,76.98,77.09,77.16,77.05,76.89,76.76,76.57,76.32,76.08,75.87,75.71,75.60,75.52,75.46,75.59,75.82,76.04,76.12,76.19,76.27,76.30,76.19,75.93,75.61,75.22,74.81,74.53,74.55,74.66,74.75,74.75,74.66,74.51,74.32,74.12,74.00,74.04,74.49,75.23,75.68,75.95,75.63,74.91,74.17,73.75,73.59,73.41,73.10
273.41,269.21,267.58,269.98,275.36,282.15,288.48,293.00,296.25,298.26,298.36,297.42,297.17,297.58,297.00,293.25,287.54,281.02,274.22,267.10,260.36,254.40,249.25,244.31,239.69,234.92,230.22,226.14,222.64,220.22,218.07,215.78,213.82,212.61,212.23,212.38,212.34,212.12,212.04,212.33,213.10,213.74,213.92,213.98,213.90,213.13,212.06,210.73,208.85,206.06,203.98,202.67,201.66,200.38,197.90,194.57,191.27,187.93,183.69,179.49,175.84,172.63,169.69,167.23,163.92,161.05,159.33,158.37,157.70,157.30,157.00,156.56,156.20,155.61,154.92,154.25,153.63,153.11,152.65,152.25,152.09,151.88,151.66,151.50,151.40,151.08,150.34,148.91,146.78,144.53,142.25,140.43,139.14,138.27,137.25,136.23,135.23,134.26,133.43,132.80,132.28,131.81,131.43,130.82,129.43,126.90,123.08,120.10,118.79,118.03,117.34,117.05,116.88,116.64,116.21,115.44,114.67,113.89,113.11,112.32,111.48,110.55,109.79,109.30,109.06,108.98,108.95,108.95,108.94,108.95,108.93,109.05,109.53,110.87,115.84,119.75,121.78,123.25,124.54,125.80,127.29,129.09,130.50,131.97,133.31,134.21,134.08,133.25,131.77,129.63,126.80,124.40,122.35,119.94,116.57,111.82,104.11,99.36,97.92,96.77,95.72,95.46,95.64,95.88,96.24,95.18,93.52,91.77,90.38,89.75,89.38,89.05,88.69,88.41,88.17,87.93,87.71,87.54,87.08,86.73,86.64,86.85,87.16,87.53,87.71,87.66,88.34,88.15,86.91,85.16,84.63,83.89,82.34,80.78,80.50,80.11,79.61,79.10,78.72,78.61,78.54,78.42,78.25,78.02,77.78,77.50,77.24,77.08,77.01,77.77,78.31,78.24,77.92,77.76,77.41,76.91,76.42,75.97,75.76,75.66,75.59,75.54,75.81,76.22,76.58,76.69,76.77,76.85,76.87,76.77,76.55,76.21,75.82,75.45,75.13,74.81,74.50,74.22,74.06,73.95,73.86,73.93,74.31,74.93,75.61,76.36,77.04,77.30,77.22,76.69,75.89,75.07,74.33,74.06,73.85,73.52
278.94,274.29,271.87,274.17,279.99,286.94,292.01,296.24,299.81,302.42,303.69,303.90,303.41,302.29,299.97,294.73,287.44,279.76,272.69,264.62,256.98,251.07,246.83,242.19,238.41,235.70,233.04,229.28,227.46,226.52,225.48,223.85,222.01,222.00,222.90,223.75,223.19,221.53,220.06,218.81,217.41,215.53,214.32,213.31,212.33,211.81,211.18,209.74,207.32,204.00,201.63,200.39,199.44,198.03,195.55,192.18,188.54,184.77,180.63,176.50,172.94,169.94,167.39,164.97,162.43,160.56,159.70,159.33,159.08,158.86,158.61,158.22,157.80,157.09,156.31,155.61,154.95,154.37,153.85,153.45,153.24,153.01,152.78,152.45,151.90,151.22,150.27,148.69,146.41,144.08,141.72,139.96,138.78,137.81,136.75,135.72,134.72,133.73,132.83,132.06,131.43,130.93,130.43,129.63,128.15,125.77,122.47,120.04,118.86,118.06,117.25,116.62,116.01,115.62,115.28,114.54,113.73,112.95,112.21,111.52,110.77,109.90,109.15,108.62,108.31,108.22,108.24,108.28,108.28,108.28,108.22,108.22,108.45,109.35,112.05,114.95,117.44,119.39,120.87,122.17,123.63,125.50,127.76,130.07,131.67,132.27,131.91,130.45,128.26,125.55,122.61,120.90,119.00,116.46,113.28,110.06,104.64,100.57,98.38,96.68,94.92,94.30,94.36,94.50,94.62,93.22,91.48,90.03,89.10,88.56,88.19,87.86,87.47,87.05,86.79,86.57,86.30,86.03,85.41,84.69,84.14,84.03,83.89,83.77,83.58,83.27,83.31,83.00,82.31,81.52,81.39,81.16,80.51,79.79,79.52,79.20,78.91,78.59,78.28,78.23,78.20,78.13,78.00,77.76,77.49,77.22,77.14,77.45,78.08,79.76,80.45,79.61,78.84,78.35,77.86,77.32,76.78,76.27,75.92,75.73,75.67,75.70,76.08,76.55,76.97,77.23,77.38,77.47,77.48,77.35,77.17,76.84,76.47,76.13,75.77,75.39,75.03,74.81,74.88,75.09,75.11,75.25,75.77,76.44,77.26,78.16,78.86,78.80,78.34,77.63,76.81,76.00,75.19,74.63,74.22,73.86
284.44,279.71,277.31,279.61,285.19,291.32,295.39,299.63,303.61,306.71,308.90,309.44,308.32,305.82,302.03,295.38,286.87,278.51,271.39,262.47,254.35,248.81,245.75,242.44,240.15,239.24,238.17,234.97,233.76,233.53,233.41,232.79,231.25,231.31,231.82,231.79,230.11,226.61,223.16,220.00,216.94,213.84,212.09,210.72,209.51,209.19,208.78,207.07,204.17,200.82,198.56,197.41,196.34,194.64,192.31,189.23,185.71,181.85,177.77,173.75,170.49,167.91,165.89,164.13,162.72,161.86,161.62,161.62,161.52,161.30,160.91,160.32,159.51,158.56,157.68,157.00,156.31,155.66,155.09,154.63,154.28,153.89,153.47,152.91,152.01,151.09,149.88,148.09,145.72,143.28,141.00,139.36,138.24,137.28,136.24,135.22,134.21,133.22,132.26,131.39,130.54,129.69,128.80,127.51,125.73,123.58,121.32,119.70,118.73,117.93,117.11,116.29,115.42,114.85,114.44,113.78,112.99,112.22,111.51,110.88,110.17,109.41,108.72,108.13,107.70,107.56,107.58,107.61,107.61,107.61,107.58,107.62,107.93,108.68,109.63,111.34,113.57,115.56,117.29,118.67,120.08,121.97,124.62,127.54,129.42,129.87,129.34,127.67,125.16,122.15,119.09,117.34,115.28,112.76,110.03,107.90,104.68,101.54,98.89,96.71,94.33,93.26,93.04,93.04,92.99,91.56,89.97,88.81,88.12,87.54,87.09,86.72,86.33,85.76,85.45,85.20,84.87,84.52,83.83,82.91,82.07,81.81,81.50,81.16,80.80,80.41,80.00,79.65,79.38,79.22,79.19,79.18,79.12,79.02,78.84,78.69,78.53,78.34,78.17,78.17,78.03,77.89,77.74,77.51,77.26,77.13,77.37,78.40,80.52,83.04,83.43,81.33,79.63,78.81,78.24,77.70,77.16,76.62,76.16,75.85,75.77,75.93,76.36,76.86,77.32,77.73,77.96,78.08,78.08,77.95,77.80,77.48,77.14,76.80,76.44,76.05,75.79,75.73,75.99,76.40,76.60,76.85,77.43,78.27,79.31,80.41,81.00,79.88,79.00,78.16,77.31,76.53,75.83,75.20,74.66,74.22
290.10,285.86,284.34,286.61,290.96,295.00,298.84,303.44,307.77,311.07,313.57,313.30,311.31,308.06,303.13,294.97,285.75,277.36,270.37,260.76,252.93,248.25,246.64,245.95,246.04,246.15,245.48,243.12,240.76,240.07,240.50,241.15,240.19,238.56,236.15,233.13,229.79,224.58,218.97,213.95,210.34,208.15,206.96,206.21,205.73,205.39,204.68,202.49,199.35,196.63,194.99,193.93,192.56,190.48,188.50,186.04,183.04,179.45,175.25,171.46,168.84,166.97,165.56,165.45,165.44,165.36,165.29,165.32,165.00,164.53,163.88,162.81,161.33,160.00,159.00,158.35,157.67,156.98,156.34,155.74,155.13,154.34,153.50,152.62,151.65,150.71,149.19,147.15,144.66,142.12,140.13,138.64,137.52,136.68,135.70,134.70,133.70,132.70,131.71,130.81,129.57,128.00,126.55,124.44,122.19,120.44,119.70,118.98,118.22,117.45,116.68,115.95,115.18,114.44,113.79,113.21,112.52,111.81,111.14,110.50,109.75,109.13,108.52,107.90,107.28,106.99,106.91,106.92,106.92,106.92,106.91,107.03,107.42,108.17,108.97,109.77,110.64,111.86,113.83,115.38,116.82,118.68,121.09,124.15,126.26,126.83,126.22,124.94,122.84,120.11,116.98,114.12,111.53,109.29,107.46,105.74,103.94,101.73,99.22,96.72,93.95,92.30,91.61,91.48,91.32,90.28,89.08,88.08,87.27,86.61,86.06,85.60,85.23,84.54,84.11,83.78,83.41,83.01,82.28,81.33,80.47,80.18,79.97,79.75,79.52,79.32,79.07,78.96,78.88,78.80,78.73,78.66,78.59,78.53,78.51,78.54,78.53,78.53,78.59,78.68,78.25,77.84,77.59,77.35,77.21,77.38,78.13,80.18,84.61,87.67,87.25,83.51,80.25,79.16,78.62,78.07,77.53,77.00,76.47,76.04,75.89,76.25,76.67,77.14,77.67,78.16,78.49,78.65,78.67,78.58,78.43,78.15,77.81,77.44,77.12,76.75,76.68,76.86,77.12,77.49,77.97,78.52,79.26,80.59,82.00,83.34,83.51,80.36,79.03,78.12,77.24,76.49,76.13,75.73,75.23,74.66
295.82,292.39,290.95,292.17,295.15,298.78,302.97,308.08,312.88,316.32,317.95,316.72,313.69,309.30,303.25,294.69,285.61,277.59,271.13,262.17,255.06,251.56,251.53,252.17,252.95,252.72,251.38,249.06,246.59,246.31,246.84,246.63,244.29,241.17,236.79,231.28,225.25,218.69,212.87,208.15,204.88,203.14,202.21,201.50,200.92,200.60,199.31,197.15,194.63,192.52,191.06,190.08,188.78,186.78,184.90,182.73,180.10,176.94,173.20,170.55,169.16,168.42,167.95,168.19,168.54,168.79,168.88,168.81,168.30,167.47,166.37,164.91,163.07,161.18,159.72,158.97,158.30,157.65,156.89,156.02,155.16,154.24,153.29,152.32,151.36,150.39,148.35,145.87,143.33,140.92,139.29,137.98,136.81,135.85,134.92,134.02,133.13,132.19,131.19,130.01,128.40,126.41,124.50,122.27,120.50,119.39,118.95,118.43,117.72,116.96,116.23,115.49,114.73,114.02,113.41,112.89,112.26,111.58,110.90,110.23,109.55,108.91,108.27,107.61,106.97,106.46,106.28,106.28,106.28,106.28,106.24,106.41,106.91,107.69,108.44,108.96,109.15,109.06,110.47,112.14,113.71,115.32,117.68,120.70,122.80,123.39,122.75,121.33,120.13,118.56,115.52,112.47,109.69,107.29,105.31,103.57,102.11,100.27,97.98,95.51,93.03,91.35,90.47,90.22,89.91,89.11,88.21,87.37,86.53,85.77,85.09,84.54,84.11,83.42,82.87,82.42,81.98,81.52,80.94,80.34,79.83,79.57,79.47,79.37,79.26,79.15,79.04,79.01,78.97,78.91,78.87,78.83,78.77,78.73,78.78,78.93,79.03,79.30,79.91,80.88,80.92,80.31,79.40,78.59,78.35,78.79,80.48,84.00,87.64,89.49,88.72,85.24,80.70,79.37,78.84,78.31,77.77,77.27,76.74,76.24,76.00,76.54,77.11,77.63,78.11,78.53,78.92,79.17,79.28,79.26,79.11,78.82,78.45,78.08,77.77,77.46,77.51,77.83,78.19,78.58,79.90,82.17,84.88,86.04,86.61,86.09,84.05,80.38,78.94,78.02,77.25,76.87,76.79,76.44,75.89,75.24
301.19,298.74,297.15,297.25,299.06,302.74,307.74,313.22,318.09,321.30,321.64,319.28,315.16,309.70,302.83,294.43,285.72,278.27,272.73,265.20,259.57,257.42,258.50,259.66,260.41,259.41,257.11,254.55,252.52,252.37,252.22,250.33,246.15,241.39,235.39,228.01,219.75,212.47,207.02,203.07,200.50,199.22,198.51,197.78,197.00,196.50,194.68,192.73,190.93,189.13,187.32,186.24,185.07,183.23,181.37,179.49,177.46,175.13,172.45,171.28,171.21,171.53,171.70,171.72,171.88,172.14,172.35,172.09,171.37,170.19,168.67,166.88,164.77,162.39,160.42,159.36,158.70,158.03,157.15,156.05,154.98,154.00,153.01,152.04,151.08,149.97,147.39,144.49,141.94,139.81,138.52,137.35,136.13,135.00,134.07,133.23,132.42,131.55,130.47,128.95,127.00,124.77,122.57,120.61,119.49,118.92,118.45,117.92,117.21,116.47,115.76,114.99,114.24,113.62,113.10,112.62,112.05,111.39,110.69,110.01,109.37,108.69,108.00,107.31,106.68,106.00,105.69,105.64,105.64,105.63,105.58,105.78,106.40,107.22,107.84,108.08,107.68,106.46,107.00,108.40,109.92,111.40,113.69,116.28,118.05,118.64,118.25,117.23,117.26,117.04,114.41,111.54,108.69,105.98,103.52,101.47,99.91,98.19,96.11,93.70,91.77,90.36,89.46,89.06,88.61,87.97,87.27,86.55,85.75,84.94,84.19,83.54,83.00,82.33,81.70,81.17,80.75,80.29,79.94,79.72,79.57,79.40,79.37,79.37,79.34,79.29,79.28,79.27,79.23,79.18,79.18,79.18,79.14,79.12,79.25,79.63,80.07,80.86,82.21,84.00,84.53,83.92,82.62,81.44,80.96,81.51,83.73,87.77,89.82,90.31,89.49,86.81,81.39,79.65,79.02,78.48,77.95,77.46,76.94,76.41,76.11,76.83,77.57,78.17,78.63,79.00,79.67,80.29,80.73,80.89,80.63,79.92,79.22,78.73,78.42,78.19,78.31,78.81,79.65,80.65,82.85,86.36,90.32,91.03,90.56,87.88,83.55,80.16,78.82,78.00,77.47,77.45,77.55,77.17,76.56,75.88
305.44,304.22,302.49,302.13,303.51,307.09,313.85,319.10,322.81,324.76,323.53,319.66,314.43,308.40,301.70,294.09,285.82,279.05,275.38,270.50,268.16,267.67,268.25,268.68,268.62,266.70,263.50,260.52,259.72,258.16,255.37,251.14,245.38,238.39,230.98,223.21,214.87,208.47,203.50,200.00,198.43,198.00,197.60,197.16,196.54,195.27,193.33,191.68,190.12,187.78,184.47,182.75,181.50,179.73,177.85,176.57,175.88,175.53,175.17,175.69,176.79,177.59,177.25,176.39,175.58,175.33,175.50,174.88,173.88,172.49,170.77,168.76,166.38,163.87,161.54,159.75,159.01,158.16,157.13,155.98,154.84,153.78,152.76,151.78,150.76,149.22,146.25,143.12,140.62,139.05,137.89,136.72,135.50,134.35,133.25,132.25,131.38,130.53,129.14,127.25,125.11,122.88,120.80,119.70,118.99,118.42,117.94,117.41,116.70,115.96,115.25,114.49,113.82,113.26,112.78,112.32,111.82,111.20,110.50,109.81,109.13,108.44,107.74,107.05,106.37,105.67,105.22,105.01,105.00,104.94,104.91,105.19,105.89,106.69,106.88,106.28,105.08,103.72,103.09,103.12,103.98,105.85,107.85,109.01,109.74,110.31,110.99,112.44,114.23,115.18,113.79,111.48,108.61,105.52,102.41,99.64,97.54,95.70,93.69,91.12,89.98,89.22,88.53,87.89,87.46,86.79,86.06,85.39,84.77,84.12,83.40,82.66,81.95,81.25,80.66,80.24,80.03,79.86,79.76,79.70,79.67,79.62,79.62,79.62,79.61,79.60,79.60,79.55,79.51,79.50,79.50,79.50,79.48,79.52,79.78,80.80,82.33,84.33,86.66,88.40,88.90,88.77,88.38,87.90,86.93,87.15,88.30,89.66,90.36,90.48,90.09,88.25,82.93,80.28,79.15,78.60,78.06,77.54,77.00,76.49,76.28,77.17,77.99,78.69,79.29,79.84,81.43,83.25,84.75,85.35,84.54,82.34,80.42,79.46,79.13,78.93,79.08,79.95,82.29,85.68,88.34,90.48,92.09,92.08,90.92,86.97,81.61,79.65,78.70,78.30,78.21,78.29,78.28,77.82,77.21,76.57
310.17,309.44,307.94,307.73,309.51,313.87,320.00,324.35,327.12,327.77,323.69,318.37,312.53,306.39,300.18,294.16,288.10,283.20,280.58,277.85,276.84,276.61,276.58,276.42,275.94,273.79,270.34,266.58,263.00,259.03,254.38,248.74,242.09,234.29,226.71,219.58,212.56,207.57,203.50,200.69,200.02,200.34,200.81,200.75,199.76,197.76,195.42,193.40,191.56,189.15,185.35,182.61,180.85,179.72,178.63,178.19,178.25,178.62,179.04,179.87,181.09,181.92,181.44,180.47,179.52,178.92,178.56,177.57,176.28,174.66,172.68,170.28,167.67,165.09,162.60,160.44,159.26,158.19,157.07,155.92,154.76,153.64,152.57,151.56,150.44,148.45,145.26,142.07,139.68,138.37,137.22,136.06,134.87,133.71,132.52,131.34,130.14,128.84,127.34,125.30,123.14,121.18,119.77,119.07,118.50,117.94,117.41,116.90,116.22,115.48,114.76,114.06,113.48,112.97,112.51,112.05,111.58,110.98,110.31,109.62,108.92,108.23,107.52,106.80,106.10,105.40,104.81,104.44,104.38,104.33,104.29,104.60,105.38,106.15,105.70,104.50,102.96,101.60,100.80,100.46,100.81,102.02,103.22,103.71,104.11,104.81,106.21,109.02,111.74,113.40,113.04,111.28,108.39,104.99,101.48,98.37,95.84,93.61,91.54,89.71,88.90,88.29,87.64,86.92,86.32,85.59,84.88,84.29,83.96,83.59,83.17,82.79,82.55,82.11,81.29,80.47,79.95,79.81,79.78,79.86,80.03,80.37,80.73,80.91,80.98,80.98,81.01,80.71,80.48,80.45,80.45,80.91,81.42,81.99,82.84,84.33,85.94,87.66,89.41,90.63,90.98,91.00,90.89,90.61,89.86,89.89,90.33,90.56,90.76,90.68,90.37,88.92,84.08,80.81,79.30,78.72,78.15,77.61,77.07,76.58,76.44,77.38,78.29,79.24,80.48,82.48,85.06,87.58,89.53,90.16,88.97,86.10,83.32,81.44,80.35,80.38,81.35,83.21,86.14,89.31,91.65,93.09,93.48,92.40,90.45,86.25,81.16,79.60,78.93,78.81,78.95,79.15,79.02,78.49,77.82,77.12
315.04,314.70,313.68,314.15,316.78,321.72,326.12,329.23,331.03,330.18,323.22,316.73,310.64,304.77,299.42,295.32,292.02,289.31,287.32,286.19,285.33,284.64,284.05,283.36,282.44,280.03,276.29,271.39,263.74,257.40,251.52,245.01,237.91,230.17,223.13,217.14,212.08,208.75,205.92,204.04,204.04,204.80,206.01,206.15,204.61,202.00,199.09,196.40,194.03,191.72,188.03,184.48,182.27,181.90,181.79,182.13,182.60,183.07,183.52,183.97,184.80,185.37,184.91,184.18,183.45,182.60,181.53,180.19,178.60,176.69,174.38,171.54,168.70,166.06,163.55,161.23,159.48,158.20,157.04,155.87,154.70,153.53,152.41,151.36,150.12,147.71,144.41,141.33,139.07,137.81,136.64,135.45,134.26,133.08,131.85,130.48,128.84,126.92,125.32,123.29,121.29,119.75,119.11,118.56,118.02,117.47,116.87,116.39,115.75,115.02,114.28,113.67,113.17,112.71,112.25,111.78,111.32,110.76,110.12,109.42,108.72,108.01,107.27,106.52,105.81,105.11,104.42,103.91,103.76,103.73,103.69,104.01,104.86,105.61,104.51,102.84,101.24,100.04,99.50,99.22,99.17,99.41,99.72,99.97,100.37,101.17,102.87,106.23,109.49,111.72,112.03,110.71,107.85,104.31,100.63,97.43,94.58,91.93,89.81,88.92,88.19,87.49,86.80,86.10,85.46,84.85,84.29,83.88,83.85,83.80,83.75,83.87,84.25,84.15,83.34,82.38,81.72,81.58,81.49,81.56,81.85,82.42,83.07,83.39,83.49,83.51,83.54,83.00,82.58,82.50,82.50,83.39,84.43,85.52,86.89,88.52,89.72,90.57,91.20,91.78,91.97,91.96,91.81,91.50,91.21,91.13,91.09,90.96,91.02,90.83,90.47,89.21,85.12,81.53,79.63,78.88,78.27,77.70,77.14,76.69,76.64,77.56,78.55,79.89,82.07,85.87,89.41,92.41,94.47,94.91,93.52,90.34,86.91,83.98,82.00,82.39,84.44,87.37,90.30,92.20,93.88,94.90,94.49,92.34,89.69,85.83,81.61,79.95,79.44,79.52,79.86,80.18,79.72,79.05,78.30,77.52
319.46,320.72,320.49,322.57,326.25,329.21,331.93,333.92,334.06,330.95,323.67,317.10,311.29,306.30,302.77,300.32,298.50,296.92,295.47,294.50,292.85,291.54,290.78,289.47,287.19,283.06,277.42,270.53,261.66,255.27,249.34,242.25,235.13,228.24,222.22,217.41,214.18,212.35,211.42,211.00,210.90,210.94,211.17,210.59,208.74,205.98,202.40,199.10,196.28,193.77,190.68,188.06,186.52,186.28,186.28,186.66,187.19,187.72,188.11,188.29,188.57,188.65,188.13,187.53,186.86,185.83,184.35,182.66,180.76,178.39,175.60,172.55,169.32,166.58,164.12,161.76,159.74,158.34,157.13,155.91,154.70,153.44,152.26,151.15,149.81,146.99,143.92,141.19,139.09,137.73,136.45,135.13,133.78,132.51,131.23,129.62,127.66,125.42,123.40,121.50,120.06,119.14,118.54,118.03,117.55,117.02,116.42,115.94,115.27,114.53,113.86,113.34,112.86,112.39,111.94,111.47,111.01,110.51,109.93,109.23,108.48,107.69,106.91,106.14,105.39,104.64,103.95,103.42,103.14,103.11,103.09,103.44,104.30,105.08,103.71,101.81,100.23,99.52,99.08,98.64,98.34,98.37,98.63,98.84,99.15,99.67,100.59,103.30,107.17,110.23,110.11,108.80,106.31,103.13,99.67,96.75,93.83,91.23,89.27,88.40,87.59,86.82,86.07,85.50,85.77,86.09,86.29,86.37,86.48,86.61,86.70,86.87,87.23,87.20,87.97,89.15,90.19,90.45,90.07,89.67,89.38,89.06,89.00,88.79,88.63,88.70,88.59,88.32,88.09,87.97,87.93,88.28,88.71,89.18,89.85,90.66,91.34,91.92,92.39,92.82,93.02,92.95,92.69,92.34,92.09,91.93,91.70,91.25,90.96,90.74,90.44,89.50,86.59,83.16,80.67,79.23,78.56,77.91,77.22,76.78,76.92,77.86,78.86,80.88,84.22,88.70,93.00,96.44,98.56,98.69,97.41,93.91,89.85,86.30,84.44,85.33,87.86,90.91,93.27,94.78,96.15,96.39,94.67,92.19,89.42,86.17,82.91,81.05,80.48,80.76,81.48,82.03,80.33,79.18,78.33,77.50
322.70,325.07,326.44,329.74,333.65,335.30,336.68,337.60,336.65,332.70,326.49,320.90,315.97,311.95,309.60,307.81,306.21,304.73,303.44,302.42,300.28,298.08,296.13,293.59,289.47,283.66,276.76,269.21,260.16,254.00,248.26,241.14,234.28,228.22,223.13,219.25,217.19,216.57,216.80,217.08,216.82,216.27,215.63,214.42,212.40,209.71,206.01,202.35,199.12,196.43,193.81,191.90,190.77,190.45,190.36,190.56,190.98,191.46,191.73,191.78,191.85,191.82,191.43,190.91,190.17,188.93,187.11,185.22,182.99,180.12,176.77,173.27,169.73,166.93,164.49,162.12,159.96,158.47,157.19,155.89,154.61,153.30,152.07,150.88,149.44,146.78,144.00,141.44,139.31,137.90,136.49,135.03,133.57,132.19,130.86,129.08,126.92,124.54,122.21,120.44,119.34,118.73,118.08,117.52,117.02,116.53,115.97,115.47,114.77,114.07,113.48,113.01,112.54,112.08,111.61,111.15,110.69,110.11,109.41,108.64,108.00,107.25,106.46,105.69,104.91,104.12,103.46,102.95,102.61,102.49,102.49,102.89,103.76,104.40,102.95,101.19,99.92,99.50,99.14,98.55,97.92,97.57,97.80,98.02,98.23,98.51,98.97,100.77,104.48,107.64,106.97,105.60,103.60,101.07,98.15,95.51,92.72,90.45,88.88,87.96,87.05,86.58,86.37,86.38,87.28,88.38,89.25,89.74,89.95,90.19,90.51,90.93,91.50,91.95,93.66,95.75,97.34,97.64,97.00,96.26,95.66,95.12,94.81,94.41,93.92,93.36,92.81,92.50,92.20,91.88,91.69,91.69,91.72,91.77,91.97,92.31,92.72,93.17,93.56,93.75,93.65,93.37,92.99,92.66,92.37,92.11,91.73,91.13,90.68,90.45,90.15,89.33,87.26,84.26,81.54,79.64,78.85,78.12,77.25,76.79,77.16,78.08,79.04,81.30,85.16,90.22,95.04,98.70,100.86,101.08,99.90,96.24,91.71,87.81,86.85,88.41,91.33,94.46,96.48,97.58,98.18,97.53,95.12,92.53,89.83,87.08,84.55,82.91,82.67,83.12,83.52,82.99,80.52,79.16,78.29,77.45
324.88,327.75,331.32,335.29,338.61,339.81,340.16,340.15,338.80,335.45,331.27,327.45,323.86,320.73,318.81,316.81,314.45,312.25,310.73,309.56,307.35,304.19,300.28,295.92,289.67,282.47,275.18,268.24,259.70,253.78,248.30,241.64,235.23,229.92,225.60,222.39,220.91,221.14,221.70,221.95,221.56,220.65,219.42,217.78,215.69,213.20,209.88,206.16,202.58,199.82,197.45,195.82,194.76,194.16,193.90,193.81,193.99,194.32,194.42,194.45,194.67,194.89,194.79,194.33,193.48,191.99,189.91,187.88,185.30,181.93,177.96,173.77,169.97,167.16,164.73,162.31,160.13,158.56,157.19,155.81,154.44,153.12,151.85,150.54,148.99,146.93,144.49,141.94,139.64,138.23,136.69,135.13,133.59,132.09,130.74,128.86,126.62,124.22,121.77,120.10,119.11,118.52,117.77,117.07,116.52,116.02,115.52,114.98,114.28,113.64,113.15,112.69,112.22,111.77,111.30,110.83,110.35,109.54,108.56,107.66,107.23,106.62,105.91,105.16,104.40,103.57,102.95,102.50,102.14,101.90,101.90,102.36,103.25,103.61,102.28,101.00,100.25,99.84,99.56,98.86,97.83,96.86,96.98,97.20,97.34,97.45,97.81,98.66,101.49,104.01,102.91,101.42,99.94,98.19,96.00,93.65,91.24,89.53,88.49,87.65,86.77,86.96,87.81,88.86,90.09,91.70,93.05,93.81,94.06,94.29,94.89,95.77,96.77,98.11,99.98,101.64,102.50,102.47,101.58,100.65,100.02,99.92,99.85,99.59,98.75,97.11,95.93,95.26,94.66,94.00,93.57,93.49,93.42,93.34,93.45,93.72,94.05,94.38,94.60,94.41,93.78,93.15,92.69,92.43,92.08,91.67,91.17,90.59,90.16,89.92,89.52,88.66,87.03,84.64,82.14,80.09,79.09,78.26,77.24,76.76,77.33,78.22,79.07,81.06,84.73,90.33,95.50,99.24,101.55,102.21,101.14,97.50,92.72,88.69,89.17,91.49,94.73,97.94,99.87,100.48,99.93,98.39,95.94,93.41,90.89,88.50,86.47,85.41,85.84,86.39,85.76,82.99,80.31,79.04,78.23,77.42
326.99,330.25,334.77,338.77,341.33,341.73,341.42,340.94,339.84,337.69,334.75,331.85,328.94,326.24,324.25,322.14,319.67,317.13,314.92,313.25,311.27,308.68,304.81,298.22,290.32,282.64,275.67,269.27,260.97,255.05,249.63,243.25,237.23,232.69,229.12,226.49,225.46,225.77,226.30,226.51,226.05,224.79,223.16,221.20,218.93,216.45,213.32,209.95,206.73,204.05,201.62,199.87,198.58,197.68,197.22,196.88,196.86,197.06,197.10,197.23,197.52,197.84,197.96,197.78,197.02,195.48,193.17,190.68,187.88,183.96,179.21,174.50,170.33,167.41,164.98,162.52,160.15,158.53,157.14,155.75,154.36,153.00,151.66,150.21,148.46,146.45,144.23,141.96,139.87,138.36,136.81,135.23,133.65,132.12,130.70,128.72,126.43,124.11,121.98,120.34,119.35,118.78,117.98,117.22,116.51,115.84,115.19,114.51,113.90,113.34,112.84,112.38,111.91,111.45,110.98,110.50,109.88,108.81,107.55,106.45,105.93,105.47,105.01,104.51,103.82,103.04,102.47,102.06,101.68,101.36,101.32,101.81,102.71,102.95,102.30,101.60,101.04,100.44,100.00,99.06,97.75,96.45,96.11,96.16,96.30,96.38,96.33,96.86,98.90,100.68,99.69,98.10,96.66,95.00,93.02,91.35,89.84,88.68,88.00,88.03,88.04,89.02,90.79,93.05,95.28,97.18,98.43,98.97,99.14,98.94,99.37,100.34,101.53,103.64,105.48,106.64,106.93,106.45,105.10,103.70,102.74,102.63,102.38,101.88,100.99,99.65,98.44,97.61,96.86,96.11,95.45,95.28,95.17,95.05,95.02,95.16,95.09,94.83,94.40,93.76,93.03,92.36,91.85,91.56,91.19,90.75,90.25,89.68,89.11,88.64,88.11,87.31,85.91,84.21,82.39,80.60,79.06,77.90,77.18,77.05,77.60,78.36,79.02,80.15,82.73,88.42,94.22,98.80,101.91,103.16,102.31,99.06,94.50,90.58,91.58,94.38,97.53,100.31,102.03,102.32,101.22,99.37,97.14,94.74,92.28,90.09,88.47,87.93,88.64,88.91,87.16,82.64,80.07,78.98,78.24,77.55
329.64,333.42,338.25,341.34,342.44,342.01,341.44,340.33,339.04,337.61,335.41,333.06,330.48,327.84,325.57,323.35,321.18,318.94,316.64,314.58,312.86,310.87,307.28,299.51,290.90,283.34,276.96,271.09,263.55,257.93,252.67,246.58,240.78,236.53,233.43,231.38,230.75,230.97,231.13,230.94,230.17,228.60,226.67,224.40,221.84,219.29,216.28,213.21,210.34,207.89,205.44,203.34,201.67,200.65,200.67,200.33,200.25,200.42,200.22,199.97,200.01,200.20,200.35,200.38,199.72,198.21,195.81,192.97,190.05,185.71,180.38,175.36,170.86,167.72,165.16,162.58,160.07,158.42,157.03,155.64,154.25,152.88,151.50,149.95,148.01,145.91,143.79,141.75,139.87,138.33,136.80,135.24,133.65,132.11,130.65,128.67,126.44,124.27,122.36,120.81,119.78,119.14,118.32,117.53,116.72,115.88,115.06,114.19,113.54,112.99,112.48,111.99,111.53,111.06,110.58,109.99,109.21,108.00,106.71,105.71,105.31,104.95,104.59,104.20,103.53,102.67,102.06,101.66,101.26,100.87,100.75,101.10,101.81,101.97,101.87,101.66,101.31,100.72,100.13,99.02,97.53,96.04,95.34,95.16,95.17,95.13,94.74,94.98,96.15,97.19,96.55,95.15,93.70,92.17,90.61,89.60,88.91,88.29,88.05,89.01,90.29,92.19,94.69,97.76,100.73,102.93,104.19,104.50,104.16,103.47,103.69,104.70,106.13,108.44,109.89,110.52,110.41,109.69,107.99,106.30,105.08,104.56,103.87,103.03,102.11,101.12,100.01,99.18,98.45,97.73,97.00,96.72,96.52,96.29,96.08,95.94,95.44,94.67,93.72,92.81,92.07,91.41,90.85,90.48,90.06,89.59,89.08,88.50,87.82,87.16,86.53,85.80,84.58,83.38,82.08,80.63,78.94,77.53,77.14,77.36,77.87,78.52,79.02,79.51,81.17,86.58,92.65,98.02,102.05,103.91,103.31,100.44,96.37,92.90,94.13,97.05,99.91,102.25,103.90,103.83,102.33,100.31,98.26,96.03,93.77,92.04,91.07,90.95,91.31,90.44,87.32,81.91,79.78,78.92,78.30,77.78
333.31,337.83,342.20,342.99,341.42,340.28,339.99,337.79,335.28,333.52,331.45,329.33,326.70,323.69,320.93,318.55,317.14,316.21,315.05,312.88,311.43,309.53,305.91,298.96,291.16,284.47,278.84,273.48,267.80,263.05,258.22,252.55,246.65,241.86,238.78,237.32,237.02,237.13,236.44,235.17,233.67,231.87,229.70,227.08,224.13,221.49,218.54,215.49,212.72,210.70,208.35,205.66,203.45,202.72,204.38,204.48,204.60,204.91,204.11,202.62,201.82,201.56,201.38,201.42,200.84,199.41,197.09,194.26,191.34,186.88,181.38,176.34,171.62,168.15,165.22,162.36,159.87,158.23,156.84,155.45,154.07,152.73,151.41,149.85,147.76,145.50,143.32,141.28,139.50,138.06,136.59,135.07,133.52,131.99,130.57,128.77,126.78,124.80,122.84,121.45,120.38,119.48,118.69,117.91,117.09,116.22,115.28,114.14,113.20,112.50,112.02,111.50,111.02,110.56,110.00,109.19,108.25,107.13,106.24,105.95,106.14,105.75,105.18,104.57,103.77,102.57,101.78,101.33,100.89,100.50,100.21,100.13,100.27,100.36,100.40,100.44,100.47,100.29,99.70,98.57,97.07,95.52,94.81,94.38,94.01,93.63,93.18,92.89,93.05,93.36,93.27,92.52,91.23,90.13,89.51,89.02,88.78,88.72,89.13,90.84,93.74,96.68,99.61,102.70,105.78,108.37,110.01,110.25,108.69,107.60,107.69,108.80,110.62,112.19,112.68,112.69,112.50,111.84,110.13,108.53,107.26,105.85,104.41,103.22,102.18,101.13,100.11,99.51,99.03,98.51,97.94,97.50,97.08,96.67,96.21,95.53,94.66,93.68,92.66,91.78,91.06,90.41,89.82,89.30,88.72,88.17,87.61,86.99,86.31,85.56,84.91,84.25,83.22,82.13,80.94,79.77,78.75,77.32,77.13,77.57,78.11,78.66,79.15,79.61,81.02,85.66,91.26,97.06,101.91,104.37,104.04,101.44,98.10,95.64,96.88,99.43,101.77,103.84,105.75,105.19,103.31,101.15,99.13,97.09,95.34,94.56,94.69,94.83,93.83,90.49,85.56,80.63,79.41,78.87,78.41,78.12
337.92,342.26,342.73,340.64,337.69,335.43,333.70,330.63,327.38,325.00,323.76,322.57,320.64,317.94,314.98,312.71,311.33,310.47,309.72,308.50,307.37,305.55,302.11,295.85,289.12,283.55,278.89,274.27,269.58,265.32,261.01,256.22,251.05,246.84,243.70,241.66,240.84,240.45,239.33,237.45,234.90,231.96,229.18,226.45,223.78,221.55,218.82,215.98,213.47,211.61,209.00,206.02,203.69,203.19,205.46,207.22,208.68,209.27,207.26,204.52,202.38,201.19,201.03,201.05,200.31,198.65,196.17,193.63,190.65,186.55,181.68,176.81,171.94,168.22,165.02,162.01,159.68,158.12,156.77,155.41,154.06,152.71,151.38,149.83,147.75,145.46,143.17,141.01,139.13,137.71,136.35,134.89,133.37,131.94,130.55,128.82,126.97,125.22,123.59,122.27,121.07,119.98,119.13,118.31,117.41,116.40,115.30,114.05,112.91,112.09,111.58,111.04,110.53,109.97,109.28,108.38,107.43,106.84,106.73,107.09,107.56,107.29,106.40,105.01,103.42,102.37,101.72,101.25,100.80,100.37,99.97,99.67,99.49,99.33,99.18,99.00,98.81,98.55,98.12,97.73,97.28,96.78,96.64,96.39,95.97,95.38,94.65,93.79,93.03,92.48,92.19,91.51,90.47,89.70,89.46,89.21,89.21,90.03,91.83,94.70,97.86,100.84,103.74,106.84,110.53,113.49,115.00,114.69,112.66,111.56,111.88,113.06,114.33,115.35,115.35,114.64,113.43,112.06,110.13,108.20,106.40,104.64,103.03,101.97,101.20,100.46,99.69,99.15,98.69,98.21,97.67,97.20,96.73,96.22,95.53,94.67,93.73,92.72,91.68,90.82,90.21,89.75,89.27,88.45,87.62,86.81,86.09,85.48,84.86,84.04,83.31,82.70,81.86,80.95,80.00,79.10,78.32,77.25,77.25,77.78,78.36,78.94,79.45,80.70,83.13,87.15,92.13,97.47,102.17,105.04,105.62,103.48,100.60,98.59,99.65,102.00,104.36,106.41,107.84,107.24,105.34,102.93,100.50,98.55,97.60,97.59,98.10,97.96,95.06,89.99,84.38,80.21,79.35,79.02,78.72,78.57
342.51,345.23,341.63,337.15,333.39,330.21,326.90,323.12,319.22,316.07,315.51,314.96,313.63,311.50,308.88,306.89,305.23,303.82,302.83,302.51,301.70,299.79,296.27,290.71,285.33,280.88,276.97,272.88,268.92,265.27,261.66,257.84,253.62,250.28,247.23,244.57,243.14,242.14,240.50,237.95,234.40,230.33,227.05,224.30,221.94,219.99,217.54,215.05,212.84,211.08,208.33,205.39,203.19,202.80,205.19,208.26,210.81,211.59,208.57,204.72,201.32,199.24,199.13,199.02,198.17,196.44,194.05,191.94,189.11,185.61,181.51,176.75,171.81,167.96,164.63,161.54,159.45,158.00,156.71,155.42,154.12,152.74,151.40,149.86,147.82,145.53,143.16,140.88,138.90,137.47,136.17,134.75,133.28,131.94,130.56,128.92,127.21,125.68,124.39,123.10,121.80,120.57,119.59,118.66,117.63,116.48,115.23,113.93,112.67,111.71,111.14,110.59,110.04,109.38,108.60,107.75,107.00,107.01,107.59,108.44,109.03,108.83,107.49,105.21,103.04,102.48,102.14,101.66,101.08,100.51,99.94,99.45,99.08,98.73,98.42,98.02,97.56,97.20,97.04,97.62,98.47,99.13,99.57,99.47,98.95,98.08,96.91,95.56,94.10,92.82,92.09,91.32,90.56,90.07,90.00,90.06,90.55,92.33,95.35,98.98,101.94,104.69,107.49,110.68,114.92,117.95,119.10,118.29,116.31,115.41,115.93,117.01,117.54,117.96,117.35,115.77,113.45,111.36,109.20,106.89,104.58,102.68,101.20,100.42,100.00,99.59,99.08,98.55,98.06,97.57,97.04,96.56,96.07,95.47,94.60,93.67,92.74,91.77,90.78,89.99,89.52,89.23,88.84,87.81,86.75,85.71,84.81,84.14,83.48,82.59,81.82,81.28,80.66,79.98,79.30,78.63,77.96,77.28,77.39,77.92,78.56,79.21,80.10,82.44,86.06,89.69,94.07,98.73,103.02,106.11,107.48,106.01,103.59,101.75,102.41,104.62,107.05,109.02,109.88,109.38,107.63,105.11,102.33,100.59,100.33,100.74,101.16,100.35,95.75,89.63,83.95,80.47,79.55,79.28,79.13,79.05
346.11,343.32,338.67,333.97,329.96,326.98,323.45,319.21,314.53,310.37,309.20,307.56,305.86,304.46,303.63,302.23,300.01,297.25,294.61,294.01,293.42,290.90,286.20,281.50,278.09,274.53,270.40,265.92,262.81,260.51,258.10,255.04,251.68,248.96,246.59,244.52,242.97,241.39,238.49,234.66,230.46,226.28,223.28,220.60,217.88,215.26,213.14,211.20,209.39,207.76,205.63,203.50,201.78,201.22,203.11,205.11,206.78,207.23,204.53,200.14,196.19,193.78,193.49,192.99,192.37,191.48,190.24,188.76,186.81,184.18,180.53,175.41,170.63,167.01,163.82,160.79,159.05,157.76,156.57,155.38,154.16,152.81,151.46,149.94,147.93,145.60,143.25,141.05,139.12,137.65,136.22,134.81,133.39,132.02,130.63,129.20,127.78,126.41,125.11,123.80,122.52,121.27,120.05,118.84,117.64,116.41,115.11,113.80,112.50,111.43,110.70,110.15,109.56,108.90,108.22,107.72,107.75,108.09,108.72,109.56,110.03,109.61,107.56,104.51,103.10,103.72,103.96,103.42,102.31,101.25,100.24,99.51,99.16,98.95,98.93,98.77,98.51,98.46,98.80,100.33,102.13,103.25,103.66,103.22,102.12,100.48,98.64,97.11,95.60,94.16,93.00,92.13,91.66,91.40,91.42,92.36,94.33,96.98,99.91,102.57,105.21,107.88,110.85,114.40,118.38,120.50,121.07,120.46,119.44,119.01,119.31,119.83,119.84,119.36,117.17,114.37,111.75,109.56,107.31,105.02,102.77,100.80,99.91,99.46,99.12,98.78,98.36,97.90,97.42,96.94,96.41,95.93,95.33,94.57,93.65,92.68,91.73,90.84,90.06,89.54,89.13,88.80,88.38,87.46,86.41,85.34,84.31,83.32,82.26,81.33,80.63,80.20,79.96,79.63,79.18,78.65,78.13,77.56,77.47,77.84,78.58,79.38,81.70,85.25,89.39,93.19,97.19,101.45,105.42,108.27,109.39,109.04,107.45,105.33,105.09,107.18,109.30,110.79,111.52,111.12,109.75,107.63,105.20,104.11,103.84,103.77,103.27,101.12,95.96,90.34,85.46,82.14,80.26,79.72,79.59,79.55
346.28,341.06,336.27,331.70,327.59,324.37,320.67,316.22,311.34,306.72,304.05,301.34,299.44,298.61,298.49,297.24,294.74,291.61,288.73,287.56,286.41,283.73,279.39,275.25,272.13,268.56,264.32,259.97,257.53,255.69,253.70,251.19,248.38,246.34,244.56,242.68,240.44,237.69,234.15,230.13,225.83,221.40,217.86,214.87,212.23,209.87,207.97,206.12,204.35,202.95,201.52,199.87,198.45,197.99,199.44,200.95,202.36,202.93,200.72,195.92,191.97,189.81,189.47,188.85,188.17,187.45,186.56,185.31,183.84,181.50,177.94,172.91,168.89,165.68,162.77,160.15,158.71,157.51,156.36,155.20,154.03,152.75,151.49,150.03,148.10,145.81,143.53,141.35,139.38,137.87,136.41,134.98,133.60,132.23,130.82,129.47,128.16,126.84,125.53,124.24,122.98,121.74,120.49,119.21,117.88,116.52,115.15,113.77,112.42,111.23,110.31,109.77,109.18,108.67,108.33,108.26,108.61,109.19,109.89,110.54,110.44,109.53,107.17,104.41,104.74,106.27,106.61,105.76,104.33,102.72,100.86,99.60,99.32,99.23,99.30,99.33,99.57,100.75,102.51,104.61,106.42,107.39,107.56,106.51,104.55,102.00,99.58,98.01,96.62,95.26,94.08,93.64,93.74,93.92,94.27,95.91,98.24,100.84,103.42,105.70,108.23,111.09,114.25,117.65,120.74,122.31,122.63,122.13,121.62,121.45,121.41,121.24,120.52,119.07,115.83,112.38,109.70,107.52,105.34,103.19,101.18,99.65,99.00,98.65,98.34,97.99,97.58,97.13,96.68,96.23,95.73,95.29,94.65,93.85,92.98,92.08,91.19,90.37,89.65,89.15,88.72,88.36,87.94,87.13,86.09,85.01,83.93,82.84,81.67,80.69,80.02,79.67,79.55,79.37,79.01,78.54,78.05,77.63,77.46,77.76,78.63,79.60,83.12,87.61,92.15,96.20,100.19,104.31,107.89,110.05,111.11,111.03,109.91,108.17,107.50,109.14,110.93,112.26,113.02,112.36,111.10,109.54,108.00,107.41,106.88,105.85,104.09,101.15,95.34,90.18,86.23,83.34,81.26,81.25,81.94,82.75
344.20,338.61,334.09,329.81,325.69,321.99,318.15,313.68,308.95,304.29,299.88,296.18,294.18,293.68,293.52,292.11,289.53,286.68,284.34,282.56,280.56,277.99,274.74,270.93,267.19,263.11,258.76,254.75,252.75,250.84,248.81,246.69,244.22,242.66,241.17,239.18,236.11,232.19,228.46,224.75,220.57,215.97,211.66,208.16,205.71,203.96,202.21,200.25,198.42,197.36,196.60,195.24,194.01,193.75,194.97,196.44,197.96,198.85,197.22,192.36,188.74,186.95,186.54,185.91,185.02,184.03,182.96,181.59,180.23,177.88,174.34,169.88,166.90,164.15,161.60,159.57,158.38,157.25,156.10,154.95,153.80,152.62,151.46,150.08,148.24,146.06,143.88,141.70,139.63,138.12,136.66,135.24,133.87,132.53,131.09,129.73,128.41,127.10,125.80,124.55,123.32,122.11,120.93,119.70,118.29,116.78,115.32,113.84,112.43,111.10,110.02,109.52,108.98,108.70,108.75,109.09,109.62,110.26,110.86,111.13,110.32,108.88,106.55,104.70,106.99,109.20,109.45,108.31,106.74,104.67,101.94,100.01,99.55,99.51,99.68,100.16,101.35,104.05,107.31,109.51,110.76,111.19,110.76,109.04,106.28,102.94,100.10,98.56,97.36,96.20,95.30,95.52,96.26,97.02,97.92,100.03,102.06,104.11,106.30,108.73,111.31,114.39,117.63,120.52,122.50,123.71,123.99,123.51,123.17,122.99,122.52,121.60,120.03,117.58,113.80,110.20,107.66,105.55,103.51,101.55,99.88,98.97,98.30,97.92,97.63,97.23,96.78,96.32,95.89,95.48,95.03,94.62,94.03,93.29,92.52,91.73,90.95,90.17,89.45,88.83,88.32,87.93,87.52,86.80,85.77,84.69,83.61,82.53,81.46,80.47,79.79,79.51,79.33,79.16,78.83,78.36,77.88,77.60,77.41,77.71,78.70,79.89,84.32,89.49,94.33,98.64,102.81,106.90,110.07,111.46,112.59,112.35,111.50,110.50,109.79,110.83,112.29,113.63,114.42,113.39,112.12,111.14,110.59,110.22,109.25,107.12,104.05,100.60,94.20,89.50,86.49,84.16,82.46,83.35,85.16,87.15
341.09,335.74,331.25,327.09,323.07,319.16,315.24,310.97,306.52,302.01,297.26,292.99,290.52,289.70,289.16,287.34,284.92,282.48,280.38,278.48,276.44,273.96,270.80,266.89,263.34,258.88,253.91,249.71,247.48,245.55,243.67,241.77,239.47,237.13,234.78,232.36,229.68,226.38,222.68,218.51,213.91,210.12,206.24,202.50,199.30,197.20,195.49,193.90,192.60,192.04,191.71,190.77,189.75,189.49,191.05,192.78,194.32,195.18,194.14,190.63,187.30,184.96,183.85,182.94,181.93,180.66,179.06,177.24,175.36,173.13,170.51,167.60,165.23,162.75,160.54,159.02,157.94,156.89,155.81,154.70,153.59,152.44,151.28,149.92,148.11,146.10,144.05,141.93,139.88,138.32,136.89,135.49,134.12,132.79,131.39,130.01,128.67,127.37,126.15,124.96,123.78,122.59,121.43,120.21,118.78,117.25,115.72,114.16,112.64,111.19,110.01,109.59,109.36,109.26,109.34,109.76,111.19,111.28,110.72,110.21,109.25,107.91,106.10,105.00,107.60,110.08,110.79,110.16,108.86,106.92,104.47,101.92,99.91,99.81,100.56,103.07,106.68,109.58,111.90,113.16,113.71,113.45,111.25,109.24,106.74,103.61,100.78,99.32,98.20,97.22,96.69,97.20,98.16,99.50,101.26,103.29,105.17,107.06,109.34,112.62,115.32,118.01,120.62,122.84,124.43,125.19,125.25,124.83,124.43,123.56,122.45,120.93,118.51,115.09,111.60,108.67,106.51,104.47,102.49,100.74,99.33,98.44,97.64,97.19,96.86,96.47,96.02,95.55,95.13,94.73,94.32,93.93,93.47,92.91,92.23,91.52,90.72,89.96,89.29,88.63,88.04,87.55,87.10,86.46,85.46,84.38,83.30,82.24,81.30,80.43,79.83,79.52,79.21,78.94,78.63,78.27,77.95,77.70,77.49,77.72,78.75,80.38,85.09,90.41,95.34,99.80,103.98,107.82,110.76,112.20,113.50,113.48,112.98,112.47,112.18,112.97,114.14,115.25,115.73,114.82,113.75,112.96,112.43,111.34,109.87,107.20,103.40,99.13,92.82,88.84,86.56,84.57,83.88,85.08,86.99,89.43
336.13,330.69,326.07,322.10,318.48,314.98,311.55,307.80,303.73,299.36,294.76,290.52,287.72,286.30,285.23,282.59,279.92,277.50,275.33,273.34,271.33,268.83,265.65,262.01,258.22,253.49,248.35,244.11,241.79,240.05,238.44,236.77,234.73,232.17,229.55,226.99,224.45,221.44,217.67,213.33,208.81,205.41,201.37,197.13,193.36,191.02,189.67,188.54,187.58,187.09,186.96,186.45,185.79,185.59,187.12,188.98,190.54,191.43,190.94,188.84,185.98,183.25,181.35,179.77,178.30,176.72,174.99,173.23,171.31,169.38,167.50,165.67,163.62,161.46,159.65,158.49,157.49,156.49,155.46,154.40,153.33,152.19,151.05,149.70,147.91,146.01,144.05,142.01,140.03,138.49,137.10,135.71,134.34,133.02,131.64,130.27,128.94,127.68,126.50,125.33,124.17,123.01,121.85,120.63,119.26,117.80,116.34,114.82,113.33,112.01,111.09,111.00,111.03,111.03,110.87,110.56,111.50,111.10,110.07,109.23,108.18,106.91,105.82,105.72,108.08,110.47,111.76,111.91,110.96,109.44,107.62,105.25,102.79,102.51,103.85,107.28,111.70,114.62,116.30,116.75,116.09,114.10,110.82,108.70,106.58,103.99,101.44,100.16,99.21,98.47,98.35,99.13,100.49,102.35,104.60,106.57,108.51,110.48,113.11,117.48,120.15,122.06,123.78,125.37,126.33,126.61,126.29,125.56,124.90,123.59,122.13,120.29,117.43,113.67,110.29,107.58,105.53,103.53,101.61,100.05,98.88,97.95,97.07,96.50,96.10,95.69,95.25,94.81,94.39,94.01,93.62,93.25,92.86,92.41,91.85,91.19,90.46,89.76,89.13,88.47,87.84,87.26,86.72,86.14,85.14,84.10,83.11,82.16,81.32,80.55,79.96,79.56,79.18,78.84,78.51,78.20,77.98,77.76,77.64,77.93,78.99,80.95,85.35,90.50,95.63,100.39,104.55,108.18,110.96,112.45,113.84,114.36,114.55,114.64,114.61,115.22,116.15,116.99,117.11,116.36,115.42,114.46,113.33,111.54,109.15,105.84,101.71,97.16,91.59,88.37,86.61,85.04,85.26,86.63,88.79,91.89
329.26,323.29,318.45,314.75,311.84,309.38,307.02,304.09,300.51,296.34,292.20,288.59,285.63,283.37,281.57,277.71,274.31,271.52,269.03,266.90,264.87,262.29,259.15,256.13,251.58,246.67,241.92,237.86,235.71,234.34,233.12,231.75,230.14,228.21,226.10,223.76,220.89,217.53,213.61,209.54,205.69,202.02,197.00,191.99,188.00,185.71,185.02,184.38,183.47,182.59,182.39,182.29,182.13,182.10,183.07,184.85,186.50,187.54,187.57,186.63,184.47,181.73,179.03,176.38,174.12,172.27,170.87,169.74,168.37,166.91,165.43,163.98,162.04,160.29,158.92,157.96,157.01,156.03,155.03,154.02,153.00,151.87,150.75,149.43,147.64,145.79,143.88,141.94,140.08,138.59,137.24,135.88,134.52,133.20,131.82,130.48,129.21,128.03,126.81,125.63,124.47,123.31,122.15,120.92,119.68,118.43,117.18,115.86,114.55,113.60,113.28,113.58,113.70,113.66,113.10,111.38,110.32,109.63,109.06,108.43,107.29,106.02,105.79,106.89,108.68,110.64,112.49,113.58,113.07,112.19,111.15,109.83,108.40,107.95,109.73,112.61,115.87,118.81,120.48,120.35,117.94,113.23,109.80,107.71,105.96,104.11,102.13,101.17,100.48,100.06,100.33,101.47,103.44,105.71,107.96,110.01,112.21,114.54,117.77,123.17,125.56,126.40,127.06,128.09,128.09,127.86,127.00,125.56,124.51,123.14,121.69,119.86,117.05,113.62,110.03,106.92,104.60,102.64,100.78,99.40,98.43,97.50,96.58,95.87,95.33,94.89,94.49,94.09,93.70,93.31,92.93,92.60,92.20,91.76,91.32,90.73,90.14,89.56,88.95,88.32,87.70,87.06,86.43,85.83,84.84,83.91,83.09,82.34,81.57,80.85,80.19,79.64,79.24,78.86,78.48,78.14,77.92,77.77,77.87,78.34,79.47,81.60,85.16,89.83,95.20,100.47,104.60,108.10,110.77,112.23,113.58,114.90,116.08,116.90,116.99,117.46,118.20,118.77,118.56,117.89,116.92,115.41,113.21,110.89,107.16,103.06,98.97,94.81,90.66,88.18,86.72,85.69,86.52,88.06,90.80,94.92
322.87,316.47,311.75,308.39,305.98,304.13,302.28,299.98,297.23,293.94,290.17,286.67,283.42,280.21,276.50,271.58,268.04,265.61,263.38,260.55,258.72,256.79,254.09,250.43,245.72,240.76,235.97,231.89,229.62,228.28,227.36,226.70,225.97,224.61,222.65,220.12,216.99,213.69,210.19,206.54,202.67,198.16,192.79,187.61,183.47,181.29,180.78,180.32,179.51,178.60,178.47,178.50,178.32,178.00,178.74,180.57,182.36,183.63,184.20,183.79,182.45,180.07,176.50,172.90,170.67,169.20,168.03,166.68,165.25,164.04,162.99,161.87,160.55,159.31,158.20,157.24,156.31,155.39,154.47,153.53,152.53,151.47,150.33,148.97,147.19,145.38,143.55,141.68,139.90,138.50,137.21,135.89,134.55,133.24,131.94,130.60,129.31,128.15,126.96,125.76,124.58,123.41,122.21,121.02,119.96,119.03,118.14,117.08,116.21,115.34,114.31,113.06,112.19,111.79,111.43,110.38,109.44,108.83,108.33,107.70,106.69,106.21,106.62,107.82,109.24,110.97,112.79,114.29,114.87,114.44,113.79,113.10,112.64,113.27,114.98,117.50,120.58,123.64,124.27,122.55,118.64,112.95,109.16,106.95,105.52,104.50,103.62,103.10,102.66,102.52,103.22,104.79,106.86,109.08,111.30,113.50,115.82,119.03,123.13,127.40,128.72,129.00,129.16,129.42,128.93,127.96,126.55,124.95,123.84,122.66,121.37,119.61,116.79,113.52,110.04,106.65,103.71,101.71,100.11,98.91,97.99,97.05,96.09,95.24,94.61,94.26,93.84,93.44,93.06,92.67,92.28,91.93,91.53,91.11,90.67,90.19,89.73,89.25,88.71,88.14,87.52,86.89,86.24,85.60,84.81,84.06,83.34,82.64,81.92,81.21,80.47,79.75,79.31,78.88,78.45,78.08,77.90,78.04,78.38,78.91,79.97,82.57,85.68,89.46,94.16,99.90,104.00,107.44,110.15,111.68,113.10,114.47,115.88,117.30,118.46,119.16,119.65,119.92,119.72,118.87,117.20,114.96,112.30,109.42,104.97,100.62,96.88,93.39,90.53,88.70,87.48,86.73,87.52,89.70,93.40,98.15
317.97,311.30,306.64,303.39,301.09,299.48,297.80,295.85,293.61,290.88,287.28,283.73,280.18,276.17,270.82,265.42,261.88,259.58,257.49,254.43,252.91,251.36,248.71,244.52,239.93,235.09,230.27,226.08,223.46,221.97,221.27,221.21,221.24,220.15,218.17,215.56,212.58,209.67,206.71,203.43,199.38,194.29,188.79,183.60,179.42,177.34,176.81,176.35,175.62,174.83,174.79,174.83,174.47,173.78,174.15,175.95,177.83,179.27,180.18,180.19,179.70,178.03,174.31,170.33,168.16,166.81,165.56,163.88,162.37,161.38,160.73,159.95,159.23,158.37,157.43,156.47,155.55,154.66,153.80,152.94,151.98,150.98,149.74,148.22,146.45,144.76,143.05,141.30,139.63,138.31,137.03,135.73,134.42,133.13,131.88,130.56,129.28,128.12,126.96,125.75,124.57,123.41,122.20,121.03,120.05,119.27,118.63,117.75,117.01,115.95,114.20,111.78,110.25,109.63,109.51,109.26,108.77,108.26,107.73,107.16,106.52,106.80,107.59,108.64,109.87,111.47,113.15,114.82,116.25,116.39,116.19,116.18,116.86,118.89,120.65,122.73,125.28,127.77,127.28,124.00,118.78,112.61,108.71,106.71,105.75,105.41,105.39,105.28,105.09,105.21,106.29,108.25,110.37,112.50,114.67,117.10,119.86,123.74,127.99,130.38,130.68,130.58,130.42,129.99,128.96,127.48,125.80,124.16,123.02,122.02,120.81,119.02,116.20,113.03,109.71,106.26,102.96,100.87,99.50,98.44,97.48,96.53,95.53,94.57,93.88,93.62,93.24,92.85,92.46,92.07,91.67,91.27,90.87,90.46,90.03,89.65,89.27,88.87,88.42,87.91,87.33,86.72,86.08,85.39,84.75,84.11,83.44,82.77,82.09,81.41,80.63,79.84,79.36,78.88,78.41,78.06,78.06,78.45,78.93,79.43,80.40,83.14,85.91,88.87,92.76,98.69,102.91,106.39,109.17,110.96,112.43,113.70,115.18,117.09,119.27,120.19,120.61,120.79,120.57,119.50,117.07,114.15,111.17,107.60,102.92,98.80,95.61,92.78,90.78,89.43,88.44,87.88,88.66,91.74,96.22,100.92
316.13,309.44,304.54,300.80,297.93,295.95,294.01,291.88,289.29,286.02,282.25,278.54,274.74,270.33,264.54,259.87,256.30,253.32,250.69,248.77,247.71,245.55,241.84,238.05,233.87,229.45,224.91,220.48,217.12,215.32,214.63,214.78,215.08,213.59,211.40,209.15,207.23,205.24,202.78,199.62,195.46,190.66,185.17,180.01,176.00,173.95,173.19,172.53,171.78,171.25,171.29,171.21,170.63,169.59,169.14,170.63,172.49,173.95,174.70,175.20,175.63,175.21,172.98,169.82,167.34,165.19,163.18,161.43,160.11,159.40,159.08,158.71,158.22,157.42,156.51,155.64,154.78,153.82,152.94,152.15,151.32,150.35,148.81,146.94,145.17,143.78,142.27,140.74,139.31,138.04,136.65,135.28,133.99,132.74,131.50,130.25,129.03,127.87,126.71,125.54,124.41,123.30,122.13,120.97,119.81,118.77,117.96,117.10,115.70,113.98,112.15,110.44,109.59,109.22,109.08,108.87,108.44,107.85,107.30,107.03,107.15,107.70,108.42,109.31,110.67,112.25,113.85,115.42,116.91,117.94,118.53,119.56,121.74,125.19,127.57,128.95,129.70,130.03,128.77,124.53,118.33,111.81,108.44,107.54,107.37,107.30,107.31,107.49,107.58,107.95,109.27,111.52,113.84,115.98,118.10,120.88,124.88,128.73,131.34,131.39,131.18,130.83,130.41,129.65,127.64,126.35,124.97,123.31,122.04,121.09,119.66,117.58,114.80,111.68,108.48,105.38,102.55,100.24,98.92,97.88,96.84,95.84,94.84,93.84,93.12,92.89,92.69,92.34,91.95,91.56,91.11,90.66,90.20,89.79,89.45,89.13,88.76,88.40,88.05,87.64,87.12,86.53,85.89,85.20,84.51,83.79,83.09,82.45,81.82,81.19,80.51,79.83,79.36,78.84,78.35,78.15,78.62,79.09,79.43,79.81,80.64,82.67,85.12,87.63,90.88,96.42,101.14,104.75,107.65,110.04,111.45,112.65,114.26,116.53,119.12,120.04,120.81,121.41,120.91,119.63,116.70,113.31,109.98,105.41,101.31,98.17,95.79,93.50,91.47,90.25,89.49,89.07,90.21,94.55,99.22,102.55
317.28,309.96,305.26,301.76,299.04,297.33,295.95,294.13,291.92,289.22,285.63,280.75,276.12,271.55,265.78,261.42,257.54,253.51,249.35,246.81,244.55,241.16,236.56,232.36,228.38,222.72,216.85,213.62,210.61,208.69,207.81,207.80,208.02,207.17,205.64,203.86,202.37,200.52,198.11,194.92,190.69,185.90,180.75,176.08,172.59,170.96,169.99,169.39,168.94,168.38,167.73,167.41,166.92,165.97,165.15,165.24,166.01,167.33,169.09,170.20,171.01,171.28,170.50,168.74,166.50,164.20,162.09,160.41,159.25,158.50,157.99,157.62,157.23,156.47,155.57,154.72,153.87,152.96,152.09,151.25,150.30,149.01,147.30,145.39,143.61,142.20,141.03,139.94,138.88,137.80,136.41,135.01,133.67,132.36,131.02,129.77,128.61,127.52,126.40,125.25,124.11,123.00,121.91,120.79,119.51,118.23,117.13,116.06,114.55,112.90,111.35,110.05,109.47,109.15,108.89,108.61,108.27,107.88,107.58,107.52,107.77,108.36,109.09,110.00,111.39,112.91,114.43,115.95,117.47,118.80,120.49,122.81,125.78,128.76,130.68,131.50,131.48,130.86,129.16,124.65,118.35,111.98,108.98,108.58,109.16,109.86,109.94,110.49,111.17,112.10,113.68,115.81,117.72,119.61,121.83,124.83,128.28,130.88,132.03,131.35,130.98,130.60,129.77,128.11,125.97,124.63,123.44,122.16,120.93,119.48,117.69,115.49,112.78,109.79,106.74,103.81,101.20,99.34,98.14,97.14,96.14,95.11,94.10,93.09,92.35,92.09,91.94,91.68,91.39,91.05,90.63,90.17,89.68,89.21,88.80,88.45,88.10,87.76,87.45,87.13,86.73,86.25,85.69,84.97,84.27,83.55,82.84,82.18,81.53,80.90,80.30,79.75,79.34,78.86,78.40,78.30,79.09,80.31,81.18,81.69,81.97,82.52,84.25,86.44,89.10,93.12,98.21,102.23,105.32,107.97,110.14,111.67,113.56,116.18,118.91,120.13,121.18,121.92,121.24,119.62,116.24,112.25,108.23,103.40,100.13,97.82,95.93,93.99,92.08,91.24,91.10,91.44,93.80,97.88,101.78,104.27
320.38,312.67,308.14,304.87,302.35,300.96,300.18,298.83,297.28,295.51,292.31,286.49,281.10,276.37,270.57,266.00,261.60,256.59,250.87,246.98,243.13,238.55,233.23,228.19,223.72,216.59,209.47,207.44,204.82,202.88,201.76,201.46,201.42,201.30,200.47,199.05,197.66,195.65,192.95,189.59,185.47,180.86,176.35,172.53,169.90,168.87,168.08,167.85,167.84,167.25,165.81,165.06,164.50,163.62,162.53,161.14,160.55,161.39,163.94,165.41,166.34,167.06,167.56,167.16,165.51,163.46,161.49,159.93,158.93,158.03,157.22,156.66,156.25,155.51,154.63,153.79,152.95,152.10,151.22,150.26,149.03,147.35,145.53,143.69,141.95,140.52,139.70,139.04,138.31,137.47,136.19,134.81,133.42,132.04,130.61,129.36,128.26,127.22,126.13,124.97,123.81,122.69,121.65,120.58,119.22,117.75,116.46,115.24,113.93,112.62,111.39,110.30,109.67,109.24,108.88,108.53,108.28,108.16,108.14,108.23,108.40,108.96,109.74,110.74,112.13,113.58,115.06,116.55,118.06,119.55,122.26,125.67,129.04,131.03,132.14,132.45,132.10,131.09,129.06,124.61,118.68,112.84,110.27,110.26,111.50,113.01,113.31,114.21,115.46,116.96,118.73,120.42,121.69,123.19,125.38,128.20,130.44,131.56,131.52,130.52,129.79,129.19,127.96,125.64,123.78,122.39,121.34,120.44,119.26,117.32,115.25,113.04,110.40,107.56,104.70,101.95,99.64,98.37,97.28,96.30,95.37,94.33,93.33,92.33,91.58,91.29,91.11,90.95,90.76,90.50,90.13,89.69,89.18,88.66,88.14,87.72,87.36,87.04,86.75,86.50,86.20,85.86,85.41,84.75,84.05,83.35,82.64,81.94,81.25,80.60,80.06,79.63,79.31,78.88,78.48,78.45,79.52,81.79,83.50,84.24,83.89,82.97,83.69,85.38,87.50,89.94,94.82,99.17,102.60,105.45,108.47,110.53,112.79,115.69,118.50,120.22,121.61,122.41,121.51,119.55,115.69,111.06,106.40,101.67,99.20,97.53,95.96,94.29,92.84,92.60,93.14,94.34,97.96,101.38,104.25,105.95
326.65,320.32,315.25,311.14,308.03,306.30,305.15,304.22,303.42,302.39,299.89,295.31,290.31,285.00,278.38,272.24,266.97,261.66,255.57,249.99,245.41,240.57,234.94,228.62,221.37,214.08,208.24,205.55,201.99,199.95,198.89,198.22,197.72,197.22,196.13,194.53,192.86,190.53,186.97,183.09,179.78,176.27,173.13,170.87,169.76,169.65,170.48,171.33,171.82,171.58,170.02,168.28,166.68,165.23,163.66,161.94,160.45,159.76,160.70,161.37,162.21,163.30,164.41,164.57,164.03,162.76,160.96,159.62,158.63,157.71,156.81,156.00,155.28,154.50,153.70,152.90,152.11,151.27,150.28,149.01,147.30,145.40,143.54,141.82,140.33,139.25,138.61,138.07,137.48,136.84,135.91,134.68,133.30,131.97,130.61,129.43,128.32,127.20,126.06,124.82,123.63,122.53,121.41,120.33,118.96,117.59,116.62,115.79,115.04,114.09,112.86,111.66,110.31,109.51,109.20,108.93,108.74,108.75,108.84,108.94,109.14,109.64,110.49,111.67,113.06,114.52,115.99,117.44,118.95,120.84,123.77,127.23,130.50,132.15,132.60,132.47,131.99,131.04,128.70,124.56,119.53,114.94,113.31,114.01,115.64,117.38,118.48,119.56,120.90,122.53,124.27,124.81,125.45,126.47,127.86,129.26,130.17,130.59,130.19,128.18,125.84,124.09,122.69,121.32,120.10,119.03,118.04,117.02,115.70,114.05,112.24,110.17,107.57,104.80,102.18,100.06,98.60,97.47,96.43,95.38,94.34,93.43,92.53,91.57,90.81,90.52,90.30,90.13,89.97,89.77,89.49,89.06,88.58,88.08,87.55,87.05,86.60,86.25,85.99,85.70,85.39,85.10,84.85,84.59,83.98,83.24,82.50,81.75,81.05,80.37,79.84,79.50,79.19,78.85,78.51,78.56,79.93,83.48,86.17,87.26,86.59,85.21,84.25,84.66,86.39,88.65,91.27,95.22,99.45,102.75,105.97,108.73,111.47,114.38,117.37,120.00,122.03,122.89,121.53,119.40,114.91,109.68,104.97,100.73,98.58,97.09,95.62,94.20,94.30,95.06,96.07,97.64,101.46,104.83,106.98,107.29
334.39,328.81,323.73,319.35,315.95,314.01,312.49,310.56,309.13,308.41,306.32,302.48,297.74,292.28,285.75,279.07,273.17,267.51,261.42,255.02,249.24,243.59,237.76,231.43,222.99,215.80,210.38,206.10,201.60,199.02,197.44,196.13,194.97,193.98,192.56,190.63,188.35,185.62,182.29,179.22,177.16,174.99,173.29,172.28,172.07,172.70,174.27,175.71,176.65,176.78,175.44,173.17,170.64,168.21,165.91,163.66,161.34,159.43,159.13,159.12,159.68,160.63,161.66,162.04,162.10,161.47,160.13,159.08,158.14,157.21,156.28,155.36,154.48,153.71,152.99,152.26,151.47,150.59,149.35,147.71,145.73,143.75,141.93,140.35,139.15,138.25,137.62,137.07,136.54,136.02,135.35,134.41,133.30,132.14,130.84,129.69,128.56,127.33,126.07,124.76,123.56,122.47,121.38,120.39,119.31,118.29,117.55,116.97,116.48,115.80,114.79,113.53,111.73,110.31,109.53,109.34,109.23,109.29,109.50,109.83,110.25,110.98,111.90,112.93,114.03,115.38,116.81,118.27,119.86,122.20,125.18,128.44,131.38,132.59,132.77,132.47,131.95,131.19,129.33,126.03,122.05,118.52,117.58,118.48,120.03,121.65,122.98,124.22,125.48,126.79,127.87,127.50,127.41,127.64,128.03,128.36,128.68,128.60,127.57,124.59,121.65,119.50,117.89,116.51,115.24,114.33,113.55,112.71,111.64,110.23,108.62,106.68,104.22,102.03,100.09,98.59,97.58,96.51,95.48,94.42,93.34,92.44,91.55,90.72,90.09,89.79,89.55,89.34,89.16,88.98,88.74,88.34,87.91,87.45,86.94,86.42,85.93,85.51,85.19,84.88,84.59,84.33,84.13,84.09,83.71,83.13,82.44,81.66,80.91,80.23,79.74,79.44,79.14,78.86,78.56,78.77,80.77,85.72,89.16,90.26,89.03,87.24,85.53,84.88,85.60,87.64,89.16,92.22,96.22,100.09,103.56,106.70,109.68,112.68,115.97,119.25,121.89,123.13,121.71,118.98,113.98,108.59,104.16,100.36,98.45,97.13,95.86,94.81,95.70,96.96,98.49,100.94,104.95,107.92,109.15,108.34
342.86,337.76,333.25,329.09,325.60,323.45,321.44,317.80,314.94,313.96,311.77,308.04,303.35,298.01,292.15,285.70,279.47,273.52,267.64,261.22,254.24,247.49,241.35,235.62,227.34,220.41,214.65,208.33,203.05,199.67,197.23,195.13,193.22,191.62,189.88,187.71,184.89,181.97,179.66,178.17,177.52,176.73,176.45,176.38,176.59,177.79,179.41,180.99,182.17,182.40,181.31,178.87,175.67,172.16,169.01,166.05,162.94,160.11,158.83,158.29,158.41,158.85,159.34,159.70,159.92,159.70,159.00,158.28,157.44,156.54,155.63,154.71,153.80,153.08,152.45,151.78,150.97,149.97,148.44,146.40,144.34,142.37,140.66,139.29,138.33,137.46,136.75,136.13,135.57,135.08,134.59,133.99,133.27,132.36,131.15,130.01,128.85,127.53,126.11,124.77,123.57,122.52,121.56,120.77,120.14,119.58,118.98,118.50,118.05,117.57,116.92,115.73,113.77,111.70,110.15,109.92,109.85,110.06,110.53,111.24,111.94,112.99,113.89,114.50,115.11,116.25,117.57,119.02,120.82,123.51,126.41,129.34,131.84,132.56,132.75,132.51,132.01,131.47,130.56,128.45,125.65,123.10,122.61,123.28,124.40,125.62,126.69,127.96,128.99,129.65,129.72,128.62,127.71,127.00,126.43,126.11,126.36,125.90,124.08,120.46,117.69,115.68,113.82,111.74,109.95,109.04,108.50,108.01,107.37,106.12,104.66,102.92,100.74,99.46,98.40,97.44,96.54,95.48,94.47,93.43,92.36,91.38,90.48,89.84,89.40,89.10,88.86,88.57,88.33,88.15,87.93,87.57,87.17,86.76,86.29,85.82,85.31,84.82,84.41,84.07,83.81,83.53,83.30,83.28,83.24,82.94,82.39,81.64,80.82,80.15,79.70,79.45,79.15,78.90,78.63,79.06,81.91,88.08,92.17,93.19,91.26,88.94,87.15,85.74,85.21,86.84,88.24,90.20,93.26,97.66,101.43,104.77,107.91,111.05,114.63,118.26,121.39,123.15,121.92,118.40,113.07,107.85,103.90,100.44,98.72,97.58,96.56,95.92,97.00,98.41,100.52,104.15,108.27,110.55,110.80,109.13
350.20,347.07,344.11,340.45,336.52,333.16,329.88,326.44,323.39,320.66,316.63,312.05,306.99,301.49,295.50,289.08,283.03,277.39,271.99,266.35,260.36,253.54,246.00,238.79,231.20,224.77,218.62,211.16,205.61,201.87,199.06,196.64,194.08,191.36,189.33,187.98,186.59,184.99,183.27,182.07,182.02,182.33,182.97,183.62,184.42,186.09,187.88,189.10,189.38,188.25,186.35,183.71,180.54,176.97,173.29,169.77,166.02,162.26,159.48,158.31,157.80,157.64,157.81,157.95,157.98,157.78,157.35,156.85,156.32,155.67,154.89,153.97,153.13,152.44,151.83,151.19,150.48,149.20,147.41,145.29,143.21,141.21,139.79,138.74,137.77,136.87,136.23,135.57,134.82,134.21,133.72,133.17,132.54,131.86,131.02,130.00,128.84,127.52,126.15,124.78,123.59,122.65,122.04,121.53,121.12,120.72,120.27,119.89,119.53,119.16,118.71,117.89,116.21,114.24,112.52,111.70,111.36,112.36,113.82,114.90,115.48,115.97,116.38,116.66,116.87,117.49,118.47,119.86,121.86,124.38,126.97,129.57,131.75,132.36,132.63,132.57,132.22,131.70,131.06,129.93,128.58,127.49,127.31,127.57,128.04,128.59,129.05,129.61,130.01,130.16,129.78,127.74,125.94,124.68,124.02,123.82,123.85,122.98,120.99,118.10,115.53,113.25,111.06,108.89,107.06,105.88,105.09,104.44,103.52,102.29,101.14,100.02,98.77,97.86,97.06,96.25,95.37,94.40,93.43,92.41,91.37,90.44,89.70,89.17,88.76,88.46,88.17,87.83,87.52,87.30,87.14,86.80,86.41,86.00,85.55,85.13,84.66,84.20,83.77,83.33,83.01,82.72,82.46,82.37,82.40,82.34,82.09,81.56,80.80,80.14,79.69,79.46,79.20,78.96,78.71,79.42,82.95,88.87,93.95,95.91,93.66,89.98,87.98,86.58,85.79,86.75,88.08,89.56,92.06,96.37,100.23,104.38,108.16,111.39,114.72,118.19,121.27,122.95,121.46,117.89,112.75,107.84,104.22,101.09,99.33,98.19,97.33,96.88,98.00,99.83,102.66,106.91,110.33,112.04,111.79,109.73
356.40,354.52,352.37,349.20,345.31,341.26,337.10,333.68,330.39,326.52,321.25,315.55,309.66,303.63,297.44,290.90,285.07,279.80,274.77,269.66,264.66,258.56,251.03,243.19,235.50,229.17,223.13,215.66,209.30,204.88,201.60,198.86,195.95,192.81,190.85,190.25,190.25,190.02,189.14,188.34,188.46,189.09,189.99,191.11,192.57,194.57,196.22,196.95,196.47,194.32,191.53,188.25,184.76,181.13,177.12,173.12,168.91,164.52,160.56,158.74,157.73,157.16,157.07,156.93,156.75,156.43,155.95,155.47,155.06,154.59,153.98,153.21,152.47,151.86,151.29,150.71,150.08,148.61,146.66,144.52,142.44,140.48,139.25,138.44,137.60,136.88,136.41,135.80,134.94,134.10,133.35,132.56,131.81,131.24,130.59,129.64,128.48,127.25,126.00,124.77,123.75,123.06,122.68,122.38,122.08,121.75,121.38,121.06,120.75,120.43,120.07,119.56,118.40,116.88,115.23,113.77,112.89,114.32,116.53,117.99,118.46,118.53,118.56,118.63,118.60,118.84,119.57,120.86,122.84,125.06,127.34,129.60,131.47,132.03,132.37,132.47,132.31,131.84,131.29,130.75,130.32,130.13,130.10,130.12,130.19,130.28,130.32,130.32,130.13,129.64,128.53,125.88,123.48,121.81,121.05,120.92,120.84,119.95,118.22,116.06,113.75,111.37,109.04,106.88,104.97,103.38,102.21,101.36,100.31,99.21,98.32,97.65,97.10,96.36,95.66,94.93,94.11,93.25,92.35,91.39,90.44,89.64,89.03,88.55,88.14,87.82,87.51,87.14,86.78,86.49,86.33,86.02,85.64,85.23,84.79,84.40,83.96,83.53,83.11,82.61,82.24,81.91,81.62,81.46,81.50,81.61,81.61,81.29,80.68,80.10,79.70,79.49,79.25,79.02,78.83,79.78,83.86,89.72,95.56,98.36,96.11,91.03,88.68,87.36,86.53,86.88,88.07,89.29,91.47,95.68,99.78,104.65,108.98,112.29,115.41,118.53,121.31,122.71,120.89,117.46,112.65,108.14,104.94,102.10,100.18,98.93,98.15,97.86,99.08,101.46,104.89,109.17,111.98,113.30,112.69,110.28
361.14,359.19,356.65,353.81,350.63,346.82,342.57,338.44,334.61,330.75,325.42,318.55,311.30,304.34,298.05,291.30,285.61,280.65,275.78,270.67,266.16,261.54,256.19,249.33,240.46,233.64,228.39,222.24,214.42,208.85,204.88,201.70,198.79,196.24,194.78,194.56,195.41,196.25,196.59,196.59,196.51,196.52,196.96,198.23,200.34,202.42,203.49,203.65,202.79,200.43,196.93,192.47,188.02,184.06,179.90,175.56,171.09,166.50,162.00,159.56,158.26,157.57,157.28,156.85,156.52,155.98,155.16,154.43,153.82,153.37,152.98,152.48,151.86,151.36,150.91,150.41,149.82,148.27,146.32,144.23,142.14,140.34,139.15,138.41,137.93,137.71,137.46,137.00,136.19,135.04,133.73,132.40,131.26,130.62,129.88,128.86,127.75,126.70,125.61,124.70,124.11,123.78,123.47,123.21,122.93,122.59,122.22,121.91,121.60,121.26,120.90,120.55,120.09,119.26,117.92,115.93,114.22,115.43,117.87,119.70,120.18,120.22,120.17,120.13,120.13,120.22,120.88,122.08,123.74,125.62,127.63,129.54,131.05,131.58,131.92,132.12,132.13,131.84,131.29,130.86,130.56,130.37,130.34,130.38,130.42,130.41,130.33,130.12,129.47,128.15,125.83,123.07,120.47,118.49,117.43,117.13,117.16,116.77,115.73,114.00,112.02,109.88,107.72,105.56,103.45,101.34,99.73,98.73,97.89,97.06,96.34,95.82,95.48,94.78,94.11,93.44,92.73,92.01,91.19,90.37,89.61,89.02,88.42,87.94,87.55,87.19,86.87,86.50,86.13,85.77,85.48,85.22,84.85,84.42,84.02,83.63,83.20,82.78,82.39,81.94,81.56,81.19,80.83,80.61,80.63,80.83,80.95,80.75,80.41,80.01,79.72,79.54,79.31,79.08,78.98,80.16,84.63,90.99,97.16,100.41,98.54,92.28,89.43,88.06,87.24,87.19,88.11,89.21,91.35,95.64,100.22,105.48,110.07,113.50,116.64,119.20,121.45,122.44,120.30,117.09,112.70,108.71,106.05,103.48,101.30,99.81,99.04,98.94,100.38,103.43,107.24,110.86,113.40,114.53,113.62,110.86
363.93,361.77,359.21,356.04,352.30,348.10,344.15,340.06,335.95,331.55,325.51,318.67,311.00,303.34,297.44,291.32,285.75,280.72,276.05,271.33,267.15,263.09,258.57,252.43,244.39,237.69,232.47,227.47,221.07,215.77,211.43,207.74,204.36,201.14,199.21,198.99,200.38,201.56,202.32,202.77,203.04,203.37,204.15,205.35,206.85,208.16,208.44,207.86,206.28,203.21,199.25,194.57,189.69,184.94,180.42,175.96,171.46,167.06,163.26,160.64,159.22,158.60,158.40,158.16,157.89,157.35,156.46,155.58,154.91,154.30,153.68,153.00,152.27,151.57,150.91,150.27,149.55,147.92,146.20,144.60,142.87,141.26,139.99,139.15,138.88,138.74,138.53,138.17,137.50,136.27,134.62,132.82,131.20,130.22,129.31,128.32,127.33,126.40,125.45,124.64,124.13,123.88,123.58,123.33,123.06,122.75,122.44,122.14,121.86,121.56,121.22,120.95,120.65,120.19,119.31,117.59,115.83,116.52,118.44,120.14,120.84,121.14,121.21,121.14,121.11,121.20,121.93,123.19,124.76,126.47,128.19,129.58,130.46,131.02,131.31,131.45,131.47,131.30,131.00,130.74,130.54,130.39,130.27,130.17,130.07,129.86,129.34,128.39,126.95,125.01,122.44,119.30,116.29,114.03,112.91,112.69,112.79,112.75,112.28,110.98,109.57,107.90,106.09,104.21,102.08,99.89,98.02,96.68,95.84,95.06,94.41,93.93,93.66,93.22,92.61,91.95,91.31,90.73,90.14,89.53,88.94,88.40,87.83,87.34,86.93,86.56,86.24,85.87,85.48,85.10,84.76,84.44,84.06,83.65,83.26,82.83,82.50,82.28,82.17,82.05,81.94,81.54,80.86,80.24,80.13,80.25,80.33,80.20,80.02,79.81,79.62,79.46,79.27,79.08,79.19,80.68,85.41,91.83,97.84,101.28,100.17,94.30,90.57,88.65,87.87,87.66,88.34,89.24,91.58,96.66,101.60,106.29,110.66,114.63,118.00,119.91,121.33,121.80,119.80,116.71,112.81,109.26,106.75,104.59,102.59,101.03,100.13,100.34,102.52,105.88,109.42,112.38,115.10,115.92,114.73,111.99
365.56,363.20,360.75,356.98,352.29,347.69,344.06,340.12,335.73,330.59,323.73,317.38,309.68,301.50,296.27,291.11,285.91,280.88,276.26,271.78,267.65,263.71,259.49,253.93,247.27,241.02,235.76,231.67,227.07,222.40,217.98,213.99,210.24,206.35,203.98,203.67,205.25,206.62,207.82,208.86,209.70,210.48,211.34,212.01,212.34,212.42,211.84,210.64,208.50,204.76,200.62,195.93,190.75,185.28,180.36,175.94,171.62,167.63,164.83,162.41,161.05,160.54,160.54,160.56,160.27,159.55,158.42,157.30,156.52,155.73,154.85,153.94,153.07,152.18,151.30,150.47,149.56,147.97,146.59,145.52,144.20,142.83,141.60,140.76,140.53,140.31,139.99,139.56,138.87,137.54,135.66,133.44,131.32,129.93,128.88,127.95,127.06,126.21,125.35,124.57,124.06,123.81,123.51,123.26,122.98,122.71,122.46,122.17,121.91,121.65,121.35,121.11,120.82,120.56,120.09,118.92,117.46,117.63,118.85,120.29,121.18,121.77,122.03,122.02,121.94,122.05,122.90,124.27,125.81,127.32,128.67,129.53,129.89,130.41,130.57,130.57,130.52,130.40,130.29,130.14,129.99,129.85,129.59,129.22,128.91,128.55,127.72,126.20,124.15,121.71,118.85,115.36,112.22,109.94,108.79,108.54,108.56,108.63,108.41,107.35,106.53,105.49,104.21,102.66,100.63,98.51,96.50,94.83,93.91,93.11,92.49,92.09,91.88,91.68,91.17,90.57,90.02,89.56,89.17,88.74,88.28,87.75,87.23,86.75,86.31,85.92,85.59,85.22,84.87,84.56,84.27,83.98,83.69,83.40,83.09,82.74,82.56,82.56,82.72,82.87,83.02,82.52,81.38,80.15,79.85,79.84,79.84,79.78,79.70,79.63,79.53,79.39,79.24,79.13,79.41,81.16,86.14,92.45,98.24,101.88,101.65,96.59,92.07,89.45,88.52,88.24,88.69,89.52,92.09,97.71,102.67,106.64,110.70,115.12,118.94,120.40,121.09,121.06,119.30,116.38,112.98,109.85,107.44,105.63,103.88,102.30,101.33,102.03,104.78,108.26,111.61,114.34,117.03,117.47,116.14,113.63
365.41,362.98,360.71,356.12,350.35,345.85,342.27,338.20,333.32,327.30,319.86,314.38,306.96,298.60,294.44,290.53,286.41,281.91,276.92,271.91,267.21,262.81,258.44,253.27,247.99,242.65,237.75,234.05,230.09,225.94,221.97,218.44,214.95,211.34,209.29,209.06,210.00,211.73,214.01,216.25,217.84,218.71,218.41,217.42,215.95,214.20,212.67,211.29,209.28,205.46,201.63,196.80,191.33,185.67,180.45,176.25,172.55,169.38,167.33,165.94,164.98,164.56,164.83,164.97,164.23,162.70,160.64,158.97,157.85,156.91,156.01,155.14,154.23,153.35,152.45,151.47,150.38,149.16,148.21,147.48,146.46,145.38,144.69,144.21,143.69,143.22,142.52,141.58,140.35,138.69,136.69,134.18,131.57,129.75,128.72,127.86,126.99,126.13,125.23,124.48,123.98,123.69,123.44,123.15,122.89,122.64,122.40,122.10,121.85,121.59,121.29,121.05,120.76,120.49,120.20,119.72,118.94,118.78,119.39,120.62,121.45,122.18,122.69,122.88,122.78,122.88,123.84,125.34,126.83,128.00,128.71,129.15,129.46,129.74,129.58,129.36,129.16,128.89,128.63,128.39,128.16,127.88,127.46,126.58,125.92,125.63,125.04,123.89,122.03,119.20,115.16,111.64,109.35,107.76,106.56,105.64,105.23,104.82,104.08,102.78,102.40,102.27,101.80,100.58,98.85,96.91,94.91,93.09,92.03,91.16,90.64,90.41,90.30,90.19,89.89,89.51,89.13,88.73,88.34,87.94,87.53,87.05,86.63,86.18,85.72,85.28,84.91,84.52,84.31,84.31,84.36,84.45,84.53,84.58,84.62,84.65,84.73,84.84,85.00,85.15,85.26,84.43,82.60,80.49,79.95,79.81,79.74,79.71,79.64,79.56,79.50,79.45,79.31,79.36,79.61,81.36,86.73,92.76,98.56,102.66,103.26,99.05,94.30,90.90,89.26,89.08,89.26,90.39,93.16,97.98,102.12,105.73,109.53,113.88,118.56,120.25,120.68,120.34,118.76,116.24,113.29,110.53,108.39,106.69,105.03,103.45,102.66,104.29,106.81,110.13,113.95,117.63,119.32,119.36,118.22,116.25
364.55,362.38,359.70,354.64,348.59,344.00,339.22,333.68,327.71,321.55,315.32,308.39,301.12,294.64,291.13,288.02,285.11,281.50,276.22,270.09,264.71,260.08,255.86,251.30,246.84,242.32,238.01,234.34,230.61,227.01,223.78,220.90,217.64,213.71,211.55,211.57,212.74,214.56,216.50,218.20,219.13,218.33,217.18,215.76,214.04,212.27,210.74,209.25,207.30,204.18,201.10,197.76,193.26,187.38,182.46,178.41,175.16,172.70,171.12,170.08,169.42,169.17,169.40,169.50,168.45,166.46,163.79,161.15,159.27,158.05,157.19,156.30,155.41,154.50,153.59,152.66,151.65,150.58,149.80,149.29,148.63,147.99,147.67,147.44,146.95,146.30,145.05,143.47,141.70,139.68,137.23,134.38,131.58,129.69,128.65,127.78,126.92,126.04,125.14,124.41,123.90,123.61,123.37,123.08,122.81,122.57,122.30,122.03,121.76,121.49,121.22,120.95,120.68,120.45,120.26,120.07,119.72,119.59,119.95,120.91,121.71,122.45,123.10,123.54,123.62,123.81,124.85,126.27,127.30,128.05,128.46,128.77,129.04,129.12,128.67,127.82,126.84,126.14,125.55,125.20,125.03,124.94,124.56,123.63,122.93,122.63,122.14,120.91,119.17,116.51,112.42,109.31,107.39,105.95,104.64,103.42,102.51,101.67,100.75,99.78,99.53,99.60,99.37,98.36,96.96,94.97,92.97,91.39,90.65,90.05,89.69,89.53,89.44,89.27,88.98,88.64,88.29,87.94,87.53,87.22,87.03,86.95,87.01,86.87,86.63,86.41,86.07,85.74,85.63,85.75,85.91,86.21,86.48,86.67,86.79,86.91,87.01,87.13,87.27,87.39,87.32,86.15,83.83,81.10,80.24,80.06,80.07,80.13,80.12,80.11,80.35,80.79,80.88,81.17,81.52,83.01,87.64,93.72,99.44,103.78,105.48,103.02,98.44,94.34,91.72,90.99,90.58,91.46,93.81,97.63,101.12,104.54,108.09,112.10,116.82,119.25,119.95,119.47,117.99,115.72,113.48,111.44,109.63,108.04,106.36,104.64,103.77,105.68,108.05,111.30,115.21,119.00,120.38,120.55,120.04,119.07
363.16,361.23,357.91,352.63,346.75,341.87,335.13,327.75,320.64,314.52,309.80,301.27,294.38,290.28,287.15,284.47,282.48,279.59,274.08,266.93,261.05,256.35,252.43,248.48,244.49,240.62,236.85,233.11,229.34,226.16,223.42,220.86,217.79,213.71,211.50,211.72,213.25,214.90,215.88,216.35,216.13,213.52,211.86,210.55,209.22,208.13,206.99,205.50,203.64,201.50,199.28,197.79,194.95,189.78,185.67,181.78,178.82,176.90,175.59,174.57,174.07,173.96,174.01,174.01,172.86,170.66,167.44,163.54,160.61,159.02,158.23,157.33,156.43,155.51,154.66,153.92,153.12,152.11,151.36,150.96,150.63,150.39,150.24,150.07,149.71,148.94,147.14,144.97,142.73,140.38,137.41,134.27,131.44,129.65,128.59,127.72,126.83,125.93,125.06,124.34,123.84,123.55,123.31,123.01,122.75,122.50,122.20,121.95,121.67,121.39,121.15,120.86,120.62,120.43,120.30,120.22,120.12,120.14,120.45,121.15,121.92,122.65,123.38,124.05,124.40,124.74,125.77,126.93,127.41,127.77,128.10,128.42,128.66,128.58,127.88,126.32,124.40,123.14,122.15,121.64,121.55,121.67,121.33,120.53,119.86,119.46,118.90,117.45,115.87,113.69,110.19,107.68,105.87,104.34,102.91,101.61,100.28,99.11,98.19,97.64,97.32,97.26,97.01,96.16,95.01,92.98,91.13,90.02,89.74,89.50,89.31,89.18,89.05,88.76,88.42,88.07,87.75,87.48,87.15,87.11,87.47,88.20,88.84,88.95,88.87,88.88,88.62,88.31,88.19,88.29,88.48,88.91,89.27,89.53,89.70,89.61,89.46,89.34,89.28,89.23,88.91,87.44,84.80,81.75,80.68,80.53,80.67,80.82,80.91,81.07,81.74,82.80,83.27,83.93,84.51,85.73,89.19,95.24,100.74,105.16,107.89,107.39,103.51,98.95,95.25,93.58,92.40,92.63,94.23,97.10,100.02,103.26,106.61,110.17,114.44,117.73,119.07,118.79,117.48,115.47,113.92,112.56,111.06,109.50,107.70,105.81,104.78,106.64,108.86,112.05,115.82,119.28,120.69,121.23,121.47,121.55
360.90,358.58,354.72,349.69,344.26,338.61,329.14,320.94,313.65,306.88,301.45,295.15,289.95,286.23,283.22,280.25,277.71,274.24,268.45,261.94,256.46,252.02,248.35,244.66,240.68,236.80,233.11,229.52,225.46,221.92,218.20,214.09,211.13,208.86,207.65,207.53,208.24,209.21,209.42,209.07,208.34,206.79,205.41,204.12,202.90,201.88,200.84,199.63,198.27,196.73,195.01,193.71,193.03,192.57,190.25,186.70,183.67,181.69,180.47,179.27,178.62,178.36,178.23,178.17,177.54,175.49,171.49,165.86,161.42,159.29,158.64,157.84,156.76,156.02,155.50,155.04,154.56,153.66,152.88,152.38,152.07,151.75,151.23,150.65,150.15,149.39,147.43,145.04,142.63,140.17,137.10,133.91,131.13,129.51,128.51,127.62,126.73,125.85,124.95,124.25,123.77,123.48,123.25,122.95,122.69,122.43,122.13,121.89,121.61,121.33,121.09,120.84,120.65,120.51,120.42,120.35,120.32,120.40,120.66,121.19,121.94,122.73,123.52,124.27,124.95,125.50,126.14,126.73,127.09,127.45,127.81,128.18,128.44,128.30,127.42,125.55,123.19,121.42,120.13,119.40,119.05,118.87,118.19,117.34,116.51,115.68,114.71,113.24,112.06,110.69,108.35,106.38,104.54,102.87,101.44,100.17,98.89,97.81,96.89,96.03,95.47,95.21,94.95,94.33,93.01,91.45,90.35,89.90,89.81,89.70,89.59,89.47,89.25,88.81,88.55,88.40,88.31,88.33,88.52,89.46,91.36,94.00,94.84,94.45,93.81,93.59,93.39,92.83,92.37,92.24,92.47,93.10,93.46,93.80,94.47,93.48,92.38,91.28,90.18,89.51,88.86,87.28,84.74,82.03,81.37,81.38,81.55,81.75,81.89,82.55,83.70,85.13,86.28,87.61,88.79,90.16,92.78,97.87,102.80,106.96,109.84,110.51,108.69,104.76,99.97,96.87,94.87,93.88,94.43,97.08,99.34,102.23,105.42,108.71,112.08,115.69,118.19,119.18,118.47,117.06,115.63,114.24,112.73,110.82,108.81,106.84,105.74,107.38,109.41,112.35,115.74,118.70,120.21,121.09,121.74,122.22
357.90,355.36,351.31,346.51,341.00,333.93,323.81,315.66,308.58,301.79,295.96,290.95,286.51,282.32,277.90,273.68,270.39,266.80,261.60,255.99,251.30,247.26,243.52,239.45,235.28,231.35,227.65,223.92,219.37,215.53,211.45,206.85,203.85,202.25,201.53,201.41,201.70,202.33,202.24,201.62,200.83,199.94,198.71,197.50,196.49,195.63,194.78,193.89,192.84,191.46,190.15,189.38,189.89,191.58,191.42,190.20,188.24,186.14,185.03,183.72,182.75,182.16,181.80,181.49,180.73,178.75,174.50,166.98,161.65,159.16,158.36,157.44,156.26,155.44,154.92,154.58,154.30,153.56,152.84,152.31,151.86,151.33,150.60,149.82,149.19,148.46,146.65,144.39,142.01,139.47,136.43,133.25,130.56,129.32,128.41,127.53,126.63,125.75,124.86,124.16,123.69,123.41,123.16,122.88,122.61,122.34,122.07,121.83,121.54,121.28,121.07,120.87,120.70,120.61,120.55,120.51,120.53,120.64,120.88,121.31,121.96,122.77,123.58,124.37,125.20,125.95,126.47,126.84,127.18,127.56,127.95,128.32,128.60,128.53,127.62,125.83,123.47,121.14,119.51,118.61,118.11,117.66,116.67,115.83,114.90,113.63,111.86,110.43,109.48,108.57,107.20,105.90,104.30,102.72,101.34,100.05,98.72,97.59,96.57,95.36,94.41,93.81,93.35,92.88,92.52,92.36,92.57,93.19,94.02,94.54,94.48,93.97,93.16,91.78,90.74,90.23,90.33,90.99,92.42,94.34,96.72,99.45,100.27,99.83,99.18,99.02,98.96,98.45,97.87,97.42,97.22,97.57,97.46,97.09,96.85,94.93,92.93,91.07,89.45,88.47,87.62,86.17,84.16,82.47,82.55,82.77,82.90,83.03,82.97,84.01,85.51,87.19,89.21,91.95,93.97,95.38,97.22,100.91,105.07,108.82,111.51,112.68,111.64,108.16,103.17,99.06,96.68,95.06,94.85,96.92,98.80,101.40,104.34,107.34,110.31,114.93,118.31,119.78,119.49,118.66,117.43,115.95,114.16,111.89,109.68,107.78,106.77,107.83,109.66,112.35,115.23,117.50,118.98,119.58,120.07,120.72
354.29,351.73,347.77,343.11,337.06,328.34,319.50,312.07,305.44,299.19,293.39,288.43,283.79,278.64,271.74,265.60,261.53,258.23,254.25,249.62,245.82,242.12,238.00,233.19,228.73,224.79,221.06,216.95,211.89,207.86,204.06,200.05,196.91,194.87,194.09,194.24,194.52,195.12,195.09,194.62,194.04,193.21,192.00,190.96,190.27,189.63,189.00,188.33,187.40,185.94,185.10,185.28,186.06,187.30,189.31,191.75,191.82,189.87,188.97,187.66,186.32,185.20,184.46,183.66,182.17,179.96,175.77,166.66,161.24,158.67,157.48,156.29,155.05,153.96,153.15,152.72,152.45,151.88,151.29,150.72,149.94,149.16,148.46,147.79,147.08,146.40,144.99,143.13,140.91,138.30,135.36,132.29,129.81,129.09,128.28,127.43,126.55,125.65,124.78,124.06,123.59,123.34,123.05,122.79,122.52,122.24,122.00,121.76,121.48,121.24,121.08,120.93,120.77,120.70,120.70,120.70,120.76,120.89,121.13,121.53,122.02,122.77,123.58,124.37,125.22,126.11,126.80,127.30,127.68,128.06,128.44,128.80,129.09,129.19,128.43,127.06,125.09,122.26,120.30,119.31,118.76,118.13,116.95,116.18,115.23,113.56,110.78,109.41,108.50,107.70,106.99,106.41,105.27,103.88,102.45,100.96,99.45,98.15,96.92,95.43,94.03,93.04,92.31,92.08,93.59,95.51,97.46,99.49,101.79,103.23,103.12,101.90,100.08,97.27,94.86,93.58,93.84,95.31,98.28,100.97,102.88,104.15,104.77,104.76,104.63,104.77,104.89,104.68,104.16,103.33,102.32,101.84,100.77,99.03,96.78,94.05,91.41,89.16,87.53,86.49,85.60,84.51,83.45,83.24,84.14,84.59,84.65,84.63,84.12,85.34,87.06,88.98,92.19,96.67,99.56,100.93,102.16,104.27,107.52,110.77,113.05,114.05,112.50,109.19,104.73,100.10,97.77,96.14,95.50,96.67,98.39,100.77,103.39,106.10,109.13,115.27,119.20,120.42,120.34,120.01,119.11,117.59,115.41,112.84,110.41,108.67,107.86,108.11,109.75,112.12,114.38,115.84,117.06,116.84,116.71,117.31
350.48,347.77,343.84,338.95,332.78,324.78,317.28,310.42,304.03,297.90,291.56,286.41,281.44,275.83,268.66,261.69,256.73,252.94,249.25,245.21,241.06,236.67,232.05,227.56,223.30,219.44,215.74,211.64,207.06,203.03,199.14,195.25,192.28,190.37,189.49,189.30,189.16,189.47,189.17,188.48,187.80,186.97,186.10,185.48,185.02,184.08,183.05,182.09,181.24,180.63,180.79,181.88,182.99,183.91,186.17,189.12,190.74,190.82,190.44,189.58,188.24,186.51,184.55,182.81,180.47,176.87,171.32,163.51,159.69,157.72,156.38,155.14,153.86,152.66,151.67,150.95,150.16,149.39,148.64,147.64,145.91,145.08,144.82,144.64,144.19,143.74,142.66,141.03,138.88,136.27,133.44,131.01,129.33,128.75,128.09,127.31,126.44,125.56,124.67,123.97,123.52,123.28,122.97,122.73,122.45,122.16,121.93,121.66,121.46,121.29,121.14,120.99,120.87,120.85,120.88,120.89,120.95,121.12,121.39,121.77,122.15,122.81,123.58,124.37,125.22,126.14,127.02,127.76,128.17,128.48,128.84,129.23,129.62,129.89,129.75,129.09,127.67,125.15,123.34,122.20,121.47,120.88,119.86,119.24,118.25,116.36,113.46,111.85,110.85,110.07,109.41,109.05,108.08,106.20,103.48,101.00,99.29,97.95,96.66,95.13,93.69,92.65,92.46,93.71,96.10,99.37,103.00,106.54,109.24,110.31,109.58,107.66,105.15,102.54,100.15,98.92,99.40,100.72,103.10,105.39,107.12,108.17,108.92,109.38,109.55,109.45,109.58,109.26,108.52,107.38,105.85,103.61,101.11,98.41,95.38,92.67,90.48,88.58,86.85,85.38,84.70,84.42,84.45,84.93,85.68,86.23,86.48,86.29,85.44,86.31,88.03,90.86,96.48,100.42,102.92,104.67,106.31,108.02,110.51,113.25,115.32,115.05,112.86,109.43,105.11,100.45,98.41,97.01,96.32,97.07,98.29,100.28,102.75,105.53,108.60,114.90,119.16,120.68,120.66,120.47,119.96,118.90,117.01,114.21,111.59,109.81,108.95,108.88,110.42,112.00,113.32,114.32,114.49,113.67,112.90,112.78
346.11,343.65,339.77,334.87,329.12,322.56,316.05,309.54,303.28,297.29,290.92,285.70,280.53,274.75,267.87,260.60,254.97,250.52,246.48,242.16,237.29,232.34,227.69,223.75,219.80,216.12,212.52,208.58,204.18,199.88,195.71,191.87,189.18,187.36,186.22,185.51,184.84,184.70,183.99,182.96,182.07,181.17,180.58,180.26,179.91,178.67,177.42,176.36,175.66,175.64,176.32,177.85,179.27,180.34,182.77,185.69,188.22,189.86,190.08,189.63,188.71,186.97,183.98,181.28,178.05,173.35,167.07,161.01,158.47,156.88,155.38,154.06,152.74,151.47,150.35,149.38,148.16,147.04,145.88,144.41,142.23,141.45,141.43,141.52,141.31,141.04,140.12,138.60,136.47,133.91,131.54,129.87,128.87,128.34,127.86,127.17,126.35,125.49,124.58,123.89,123.46,123.21,122.91,122.66,122.39,122.10,121.86,121.60,121.46,121.36,121.20,121.05,120.98,120.99,121.05,121.08,121.14,121.34,121.64,122.01,122.33,122.88,123.58,124.37,125.22,126.14,127.16,128.08,128.62,128.95,129.42,129.88,130.25,130.60,130.84,130.63,129.75,127.98,126.68,125.66,124.76,123.82,122.60,121.72,120.40,118.23,115.35,113.61,112.57,111.81,111.13,110.79,109.32,106.64,103.11,100.36,98.68,97.37,96.10,94.68,93.41,92.91,93.65,96.07,99.29,103.66,108.37,112.67,115.39,115.96,114.62,112.04,108.99,106.72,104.77,103.97,104.77,105.94,107.64,109.47,111.14,112.39,113.41,114.11,114.25,113.69,113.34,112.53,111.34,109.79,107.58,103.95,100.31,96.87,93.49,91.13,89.52,88.02,86.38,84.90,84.74,85.28,86.14,87.08,87.84,88.43,88.59,87.95,86.87,87.19,88.98,92.85,99.74,103.11,105.39,107.54,109.65,111.47,113.60,115.91,117.56,116.24,113.45,109.65,105.11,100.50,98.71,97.70,97.27,97.82,98.62,100.25,102.55,105.35,108.40,114.24,118.72,120.83,120.85,120.70,120.45,119.78,118.23,115.44,112.96,111.32,110.58,110.68,111.94,112.94,113.56,113.90,113.07,111.73,110.22,109.03
340.81,339.29,335.59,331.19,326.63,321.87,315.77,309.23,302.98,297.32,291.91,286.94,281.83,276.26,269.85,262.86,256.98,251.87,246.74,240.79,235.00,230.09,226.24,222.84,219.27,215.85,212.51,208.80,203.75,198.70,194.06,190.26,187.93,185.94,184.31,182.97,181.72,180.90,179.62,178.17,177.02,175.97,175.45,175.17,174.70,173.35,172.37,171.71,171.28,171.09,171.30,172.54,174.22,176.20,179.26,182.37,184.87,186.59,187.45,187.16,187.27,186.51,183.21,179.69,175.58,170.66,165.18,160.63,158.21,156.37,154.63,153.09,151.73,150.42,149.22,148.13,146.83,145.22,143.37,141.47,139.93,139.25,138.98,138.85,138.72,138.49,137.48,135.88,133.77,131.34,129.99,129.08,128.36,127.85,127.53,127.01,126.29,125.42,124.51,123.82,123.40,123.15,122.84,122.60,122.32,122.04,121.81,121.64,121.53,121.42,121.26,121.11,121.08,121.11,121.19,121.26,121.34,121.56,121.89,122.27,122.58,122.99,123.58,124.37,125.22,126.14,127.16,128.17,128.99,129.54,130.34,130.92,131.07,131.30,131.33,131.09,130.63,130.06,129.71,129.26,128.20,126.20,124.09,122.22,120.07,117.45,114.54,113.00,112.04,111.28,110.65,110.19,107.25,103.50,100.42,98.90,97.60,96.38,95.23,94.14,93.27,94.19,96.21,98.88,103.14,108.40,113.23,116.99,119.44,119.73,117.91,114.77,111.38,109.14,107.91,107.88,109.10,110.50,112.06,113.71,115.43,117.13,118.49,119.04,118.71,117.46,115.90,114.04,112.15,110.01,106.78,102.73,98.61,94.68,91.23,89.52,88.31,87.08,85.84,85.20,85.98,87.19,88.43,89.72,91.11,91.69,91.20,89.67,88.50,88.06,90.07,94.97,100.76,104.30,107.03,109.53,111.89,114.23,116.64,118.64,119.45,117.84,114.58,110.09,104.89,100.28,98.62,98.21,98.39,99.01,99.62,100.97,103.02,105.63,108.54,113.36,117.94,120.91,121.01,120.84,120.60,120.02,118.68,116.32,114.52,113.41,113.17,114.05,114.75,115.62,116.05,115.25,113.76,111.97,109.57,106.92
333.88,333.31,330.81,327.79,324.59,320.61,314.25,307.35,300.62,294.42,289.16,284.77,280.33,275.48,270.02,264.39,259.33,254.38,248.63,241.17,235.08,230.33,226.70,223.75,220.67,217.66,214.62,211.08,206.21,200.44,195.26,191.62,188.96,186.85,184.54,181.91,179.33,177.18,175.08,173.37,172.45,171.60,171.09,170.58,169.80,168.56,167.38,166.44,165.89,166.04,166.55,167.90,169.76,172.06,175.33,178.63,181.04,182.46,183.28,183.33,184.14,184.78,183.66,180.64,176.24,171.05,165.63,161.28,158.42,156.26,154.36,152.56,150.95,149.50,148.18,146.96,145.65,143.94,142.07,140.26,138.85,137.81,137.18,136.80,136.51,136.10,134.88,133.23,131.47,129.97,129.13,128.48,127.84,127.30,127.02,126.69,126.14,125.32,124.44,123.76,123.31,123.04,122.77,122.51,122.26,122.04,121.85,121.69,121.56,121.40,121.18,121.03,121.03,121.09,121.18,121.29,121.41,121.73,122.15,122.52,122.84,123.17,123.67,124.37,125.22,126.14,127.16,128.21,129.24,130.42,131.31,131.81,131.91,131.94,131.79,131.51,131.20,130.94,130.11,128.77,126.92,124.56,122.16,119.29,116.28,113.40,111.08,109.70,108.28,106.73,105.40,104.88,103.07,100.84,99.06,98.12,96.84,95.55,94.70,94.91,95.24,96.73,99.13,102.41,107.10,112.56,117.11,120.19,122.03,121.06,118.66,115.67,112.92,112.41,112.48,112.89,113.74,114.92,116.33,117.71,119.11,120.69,121.63,121.38,120.16,118.02,115.07,112.81,110.62,108.03,104.74,100.86,96.87,93.09,90.07,88.64,87.51,86.50,85.86,86.09,87.24,88.88,90.88,93.33,95.58,96.45,95.99,94.31,91.96,89.90,90.61,94.88,100.57,104.26,107.43,110.54,113.46,116.00,118.25,119.88,120.26,118.78,115.27,110.73,105.63,100.55,99.17,99.22,99.97,101.31,102.59,103.69,105.03,106.86,109.30,113.34,117.61,120.69,120.98,120.90,120.66,120.21,119.26,117.39,116.46,116.18,116.44,117.33,117.71,118.05,117.68,115.72,113.41,110.82,107.70,104.42
326.22,326.31,324.86,323.36,321.57,318.03,311.75,304.62,297.34,290.43,285.03,281.00,277.30,273.42,269.18,265.04,261.00,256.48,250.59,242.55,236.56,231.93,228.26,225.59,222.86,220.14,217.25,213.71,209.36,203.45,197.95,194.15,191.04,188.69,185.62,181.72,177.89,174.58,171.80,169.88,169.16,168.55,168.01,167.25,166.16,164.87,163.21,161.76,160.94,161.26,162.19,163.69,165.57,167.94,171.19,174.60,176.91,178.01,178.61,178.98,180.32,182.27,183.61,181.86,177.96,172.88,167.31,162.59,159.05,156.44,154.35,152.29,150.35,148.75,147.35,146.05,144.72,143.08,141.38,139.78,138.42,137.02,136.08,135.43,134.78,134.00,132.57,131.00,129.72,129.13,128.61,128.05,127.44,126.85,126.50,126.28,125.91,125.19,124.36,123.69,123.23,122.95,122.70,122.43,122.22,122.06,121.88,121.71,121.54,121.31,121.03,120.91,120.94,121.01,121.11,121.25,121.42,121.83,122.32,122.73,123.08,123.40,123.81,124.40,125.22,126.14,127.16,128.24,129.41,131.12,132.04,132.45,132.59,132.45,132.16,131.69,131.17,130.68,129.04,126.62,123.92,121.23,118.53,115.01,111.54,108.73,107.00,105.67,103.92,101.87,100.07,99.54,99.19,98.74,98.14,97.47,96.16,95.10,94.96,96.56,98.22,100.09,102.64,106.49,111.49,116.83,120.89,123.06,123.64,121.33,118.54,116.09,114.65,116.03,117.38,118.23,118.77,119.75,120.91,121.85,122.63,123.55,123.48,122.20,120.03,117.03,113.05,110.55,108.19,105.35,102.33,98.96,95.32,91.87,89.42,88.16,87.03,86.22,86.17,87.08,88.34,90.31,93.13,96.73,99.78,101.15,101.17,99.81,96.22,92.57,91.51,94.26,99.94,103.77,107.35,111.09,114.63,117.38,119.41,120.62,120.70,119.39,115.85,111.60,106.91,101.63,100.45,100.93,102.23,104.25,106.10,106.95,107.59,108.57,110.41,113.75,117.51,120.40,120.88,120.90,120.67,120.33,119.80,118.52,118.36,118.72,119.29,119.91,120.07,119.84,118.59,115.58,112.48,109.06,105.39,101.89
317.83,317.63,315.75,315.27,314.95,311.73,307.34,300.75,293.19,285.86,280.14,275.46,272.03,269.48,266.80,263.56,260.03,256.05,251.18,245.43,240.21,235.50,231.48,228.57,225.65,222.75,219.52,215.46,211.91,207.71,202.71,197.49,194.27,191.17,187.33,182.90,178.78,175.47,172.71,170.64,169.58,169.01,168.32,167.47,166.29,164.26,161.71,159.67,158.32,157.83,158.81,160.18,161.75,163.80,166.81,170.02,172.23,173.31,173.87,174.32,176.02,178.50,180.76,181.36,180.00,176.33,170.58,165.07,160.51,157.22,154.76,152.36,150.12,148.45,147.11,145.83,144.47,142.96,141.43,140.00,138.83,137.61,136.62,135.59,134.21,132.67,131.17,130.01,129.29,128.86,128.43,127.97,127.42,126.76,126.15,125.77,125.47,125.03,124.23,123.61,123.17,122.88,122.65,122.45,122.28,122.09,121.82,121.55,121.31,121.06,120.80,120.76,120.81,120.89,120.97,121.08,121.28,121.70,122.26,122.81,123.30,123.65,124.02,124.50,125.24,126.14,127.16,128.24,129.39,130.94,131.91,132.49,132.78,132.65,132.27,131.13,129.48,128.00,125.77,123.10,119.97,116.33,112.78,109.70,107.22,105.29,103.54,101.94,100.79,99.95,99.17,98.70,98.35,97.92,97.31,96.61,95.48,95.72,97.41,99.75,102.40,104.90,107.72,111.62,117.09,122.05,125.28,125.98,123.53,120.55,118.04,116.78,117.76,119.94,121.93,123.52,124.78,126.08,126.66,126.68,126.25,125.35,123.12,120.64,117.78,114.18,110.49,107.68,105.15,102.58,99.98,97.59,94.44,91.22,89.34,88.24,87.14,86.54,86.88,87.78,88.89,91.13,94.55,98.52,101.97,104.19,105.43,105.22,101.23,96.96,94.08,94.12,99.08,103.06,106.95,111.06,115.15,118.53,120.43,121.24,121.02,119.58,116.57,112.97,109.03,104.87,103.46,104.36,106.29,108.18,109.39,109.99,110.39,110.90,112.03,114.67,117.74,120.16,120.69,120.81,120.57,120.29,120.09,119.70,119.69,119.88,120.13,120.34,120.35,119.80,118.02,114.34,110.72,106.74,102.87,99.68
308.41,308.30,307.17,307.20,307.39,305.40,302.00,296.14,289.03,281.74,275.52,270.59,267.09,264.62,262.24,259.40,256.34,253.10,249.57,245.56,241.56,237.34,233.01,229.19,225.59,222.19,218.84,215.49,212.92,209.91,205.75,200.73,197.83,194.44,190.11,185.32,181.26,177.98,175.46,173.65,172.63,171.99,170.97,169.84,168.49,166.09,163.01,160.41,158.28,156.43,156.20,157.09,158.43,160.07,162.40,164.95,167.11,168.57,169.14,169.77,171.29,173.39,175.51,177.12,177.41,175.30,170.81,166.37,161.96,158.41,155.56,152.92,150.47,148.75,147.42,146.17,144.82,143.37,141.95,140.68,139.74,138.72,137.75,136.60,134.93,133.02,131.44,130.22,129.43,129.07,128.75,128.38,127.93,127.30,126.51,125.85,125.27,124.72,124.09,123.51,123.09,122.86,122.62,122.40,122.19,121.94,121.63,121.32,121.05,120.81,120.63,120.63,120.69,120.74,120.80,120.90,121.16,121.62,122.18,122.76,123.30,123.76,124.20,124.67,125.24,126.12,127.06,127.77,128.14,129.26,130.79,132.00,132.48,132.38,131.35,129.44,127.12,125.10,122.43,119.32,115.81,111.91,108.28,105.39,103.45,102.29,101.16,99.98,99.25,98.84,98.44,97.95,97.55,97.09,96.49,95.90,95.98,97.54,100.34,103.58,106.88,110.00,113.27,117.32,122.77,126.49,128.28,127.72,123.98,120.64,118.86,119.09,121.70,124.47,126.39,127.81,129.05,130.22,130.64,129.89,128.09,125.52,122.05,118.88,115.71,112.09,108.73,105.78,103.06,100.51,98.18,96.06,93.39,90.72,89.21,88.23,87.24,86.78,87.26,88.15,89.13,91.32,94.74,98.56,102.35,105.74,108.30,109.03,106.31,101.83,97.74,95.81,98.33,101.89,106.03,110.49,114.99,118.94,121.05,121.78,121.32,119.68,116.84,113.74,110.70,107.80,106.66,107.56,109.42,111.11,111.95,112.42,112.59,112.66,113.34,115.33,117.92,120.07,120.47,120.53,120.00,119.42,119.17,119.11,119.35,119.69,119.98,120.11,120.09,119.39,117.42,113.72,110.33,105.61,101.21,98.09
299.32,299.40,299.52,299.76,300.00,299.57,296.65,291.56,285.21,278.12,271.23,266.13,262.25,259.12,256.38,253.74,251.10,248.66,246.48,243.75,241.01,237.52,232.98,227.99,223.44,219.43,216.16,214.01,212.39,210.25,207.17,203.44,201.21,197.97,193.57,188.69,184.83,181.73,179.52,178.03,177.12,176.17,174.57,172.90,171.16,168.47,165.17,162.14,159.25,156.04,154.13,154.28,155.34,156.57,158.12,159.90,161.97,163.87,164.53,165.35,166.41,167.69,169.21,170.93,172.09,171.44,168.87,166.40,162.89,159.49,156.48,153.73,151.18,149.42,148.07,146.81,145.50,144.08,142.77,141.68,140.94,140.10,139.19,138.08,136.50,134.57,132.93,131.43,130.16,129.71,129.40,129.07,128.71,128.19,127.30,126.34,125.38,124.50,124.04,123.42,123.00,122.81,122.57,122.28,121.99,121.69,121.38,121.07,120.77,120.56,120.49,120.49,120.55,120.59,120.61,120.72,121.06,121.55,122.09,122.63,123.18,123.76,124.33,124.82,125.20,125.94,126.56,126.64,125.99,126.61,128.80,130.74,131.45,131.32,129.50,126.95,124.31,121.98,118.94,115.42,111.66,107.94,104.67,102.03,100.45,99.88,99.59,99.11,98.62,98.18,97.80,97.30,96.88,96.48,96.06,95.72,97.30,100.02,103.49,107.64,111.35,114.96,118.72,122.89,127.75,129.87,130.16,128.75,125.06,121.95,121.20,122.72,126.06,129.03,130.43,131.17,131.85,132.53,132.88,131.50,128.41,124.52,120.52,117.07,113.84,110.49,107.41,104.41,101.54,98.94,96.73,94.53,92.28,90.28,89.05,88.15,87.32,86.98,87.46,88.31,89.18,91.15,94.25,97.74,101.84,106.35,110.14,111.69,110.85,106.64,102.03,98.80,98.16,100.76,104.92,109.67,114.43,118.91,121.41,122.25,121.62,119.77,116.99,114.33,112.15,110.40,109.88,110.64,112.06,113.42,114.08,114.48,114.43,114.09,114.49,115.91,118.07,120.00,120.25,120.15,118.99,117.77,117.28,117.26,117.76,118.37,118.86,119.08,119.13,118.47,116.70,113.56,110.79,105.54,100.59,97.28
294.60,294.38,294.78,295.23,295.73,296.03,293.66,289.11,283.00,275.60,267.76,261.70,256.89,253.04,250.22,248.06,245.84,243.81,242.25,240.35,237.79,234.52,230.26,224.57,218.93,214.78,211.98,209.99,208.63,207.28,205.67,203.90,202.81,200.69,197.39,193.28,189.37,187.32,185.19,183.11,181.56,179.51,176.52,173.50,170.60,167.03,163.80,160.95,158.18,155.10,152.55,151.73,152.05,153.11,154.59,156.23,157.91,159.44,160.44,161.21,161.91,162.83,164.22,165.61,166.44,166.25,165.01,163.66,161.36,159.09,156.89,154.41,152.05,150.22,148.76,147.51,146.20,144.89,143.80,142.97,142.25,141.43,140.56,139.69,138.70,137.31,135.89,134.22,132.33,131.06,130.34,129.81,129.39,129.02,128.25,127.30,126.27,125.25,124.41,123.42,122.80,122.57,122.30,122.03,121.74,121.43,121.12,120.81,120.55,120.36,120.31,120.36,120.39,120.40,120.42,120.54,120.92,121.43,121.97,122.52,123.11,123.68,124.23,124.73,125.06,124.91,124.37,123.53,122.76,123.33,125.26,127.17,128.13,127.66,126.00,123.72,121.11,118.20,114.82,111.50,108.14,104.71,101.84,100.37,99.61,99.20,98.97,98.60,98.12,97.69,97.44,97.08,96.97,97.11,97.42,97.69,99.30,102.36,106.52,111.09,115.01,118.61,122.39,126.43,129.28,130.37,130.42,129.55,127.53,126.85,127.20,128.36,130.29,132.00,132.66,132.72,132.47,132.04,131.64,129.79,126.39,122.29,118.64,115.38,112.21,109.01,105.97,102.96,100.20,97.79,95.62,93.48,91.44,89.77,88.88,88.07,87.45,87.27,87.67,88.31,89.13,90.92,93.81,97.55,101.80,106.51,110.76,113.15,112.70,110.01,106.52,103.01,100.46,101.14,104.41,109.03,113.77,118.66,121.54,122.63,122.02,120.06,117.86,115.75,113.85,112.44,112.81,113.88,114.95,115.62,116.18,116.41,116.11,115.50,115.67,116.83,118.33,119.61,120.06,119.92,117.22,114.63,114.05,114.11,114.59,115.14,115.60,115.87,116.01,115.99,115.44,113.85,111.56,107.32,102.65,98.58
290.38,289.88,290.29,291.25,292.41,293.06,291.13,287.17,281.12,272.89,264.10,257.35,252.12,248.07,245.20,242.95,240.78,238.82,237.20,235.18,232.13,228.42,223.94,218.19,212.78,209.00,206.63,205.06,204.04,203.26,202.65,202.24,202.02,200.77,198.65,195.86,192.73,191.22,189.13,186.41,183.48,180.39,176.35,171.97,167.69,163.95,161.01,158.71,156.82,155.08,153.17,151.46,150.44,150.50,151.33,152.64,153.99,155.25,156.44,157.22,157.69,158.24,159.25,160.48,161.10,161.31,161.13,160.46,159.09,157.59,156.04,154.20,152.38,150.66,149.22,148.13,146.97,145.89,145.02,144.31,143.56,142.73,141.87,141.07,140.40,139.50,138.47,136.95,134.89,132.89,131.78,131.04,130.49,130.07,129.29,128.32,127.26,126.11,124.87,123.54,122.64,122.23,121.95,121.70,121.44,121.16,120.87,120.56,120.33,120.18,120.15,120.20,120.21,120.21,120.23,120.35,120.78,121.28,121.78,122.27,122.81,123.31,123.82,124.26,124.36,123.66,122.41,121.03,120.06,120.33,121.70,123.26,124.23,123.55,122.02,119.84,117.17,114.16,111.12,108.39,105.59,102.58,100.29,99.54,99.22,98.90,98.69,98.53,98.31,98.05,97.82,97.41,97.44,97.87,98.59,99.37,101.36,104.80,109.41,114.56,118.50,121.77,125.10,128.48,129.63,130.07,130.12,129.73,128.92,129.39,130.01,130.59,131.28,131.75,131.78,131.40,130.66,129.72,128.73,126.65,123.40,119.64,116.50,113.50,110.50,107.50,104.51,101.59,98.99,96.73,94.52,92.36,90.64,89.45,88.79,88.05,87.66,87.63,87.94,88.39,89.08,90.66,93.43,97.60,102.01,106.69,111.09,114.17,114.30,112.64,110.06,106.86,103.62,102.73,104.54,108.23,112.84,117.92,121.22,122.89,122.85,120.87,118.96,117.17,115.56,114.63,115.70,117.06,117.95,118.13,118.44,118.26,117.64,116.81,116.52,117.08,117.85,118.52,118.71,117.67,114.34,111.43,110.77,110.68,110.99,111.43,111.90,112.30,112.67,113.16,113.53,113.30,111.75,108.66,104.65,100.43
286.05,285.37,285.61,287.29,289.44,290.23,288.71,285.40,279.25,269.76,260.19,253.22,248.19,244.46,241.47,238.51,235.97,233.71,231.37,228.29,224.21,219.47,214.30,209.20,205.44,202.55,200.51,199.67,199.12,198.67,198.46,198.62,198.86,198.05,197.01,195.90,194.34,192.76,190.66,187.37,182.55,178.64,173.94,168.40,162.88,159.90,157.56,156.27,156.01,156.57,156.34,153.87,151.00,149.22,148.65,149.23,150.19,151.26,152.46,153.37,153.75,153.88,154.22,155.47,156.19,156.88,157.53,157.15,156.33,155.15,153.89,152.94,151.95,150.53,149.26,148.47,147.61,146.88,146.19,145.48,144.69,143.86,142.99,142.13,141.38,140.87,140.28,139.25,137.53,135.12,133.72,132.79,132.05,131.35,130.40,129.34,128.20,126.92,125.38,123.81,122.57,121.83,121.56,121.32,121.08,120.84,120.57,120.24,120.03,119.91,119.90,119.89,119.88,119.89,119.92,120.05,120.52,121.05,121.50,121.85,122.25,122.66,123.08,123.37,123.09,122.23,120.94,119.44,118.08,117.78,118.43,119.40,120.02,119.25,117.69,115.36,112.61,110.05,108.03,106.13,103.97,101.55,100.05,99.39,99.06,98.85,98.77,99.06,99.31,99.32,98.92,98.30,98.22,98.58,99.33,100.54,103.50,107.48,112.31,118.07,121.82,124.54,126.96,129.00,128.97,129.09,129.15,128.94,128.52,128.49,128.52,128.52,128.46,128.00,127.55,127.04,126.39,125.66,124.45,122.42,119.67,116.68,114.06,111.34,108.59,105.90,103.01,100.30,97.87,95.66,93.36,91.13,89.89,89.34,88.78,88.11,87.93,88.05,88.30,88.58,89.07,90.42,93.14,97.87,102.46,107.02,111.42,115.02,116.05,114.70,112.54,110.11,107.30,105.46,105.41,107.36,111.65,116.63,120.39,122.98,124.02,122.23,120.29,118.54,117.24,117.05,118.54,120.05,120.94,120.95,120.87,120.06,119.03,118.03,117.14,116.74,116.75,116.84,116.22,113.50,110.60,108.51,107.63,107.13,107.11,107.43,107.99,108.63,109.38,110.13,110.93,111.62,111.08,109.01,105.95,102.36
281.39,280.43,280.40,281.80,284.01,285.80,285.42,282.73,276.31,266.01,257.06,250.43,245.46,241.54,238.00,234.66,231.50,228.46,225.26,220.82,216.18,211.42,206.81,203.22,200.69,198.71,197.13,196.05,195.30,194.85,194.77,195.10,195.45,195.00,194.50,193.97,192.86,191.59,188.85,184.97,180.47,176.06,169.93,164.04,159.87,158.42,158.00,159.06,160.92,162.22,161.73,158.63,154.84,151.81,149.75,148.44,147.52,147.25,148.48,149.59,150.00,150.03,150.15,150.91,151.90,153.06,154.05,153.86,153.48,152.67,151.63,150.86,150.06,148.90,147.75,146.91,146.41,145.80,145.21,144.71,144.24,143.64,143.02,142.41,141.84,141.40,140.82,140.02,138.82,137.03,135.59,134.47,133.52,132.53,131.34,130.13,128.85,127.44,125.83,124.22,122.74,121.61,121.15,120.85,120.60,120.31,119.88,119.28,118.91,118.66,118.48,118.27,118.19,118.27,118.42,118.56,119.15,120.01,120.75,121.14,121.53,121.92,122.13,122.06,121.67,120.74,119.39,117.80,116.30,115.74,116.05,116.33,115.94,114.56,112.93,111.09,109.11,107.14,105.43,103.76,102.14,100.78,99.94,99.53,99.38,99.48,99.98,101.02,101.42,100.97,99.83,99.04,98.84,99.21,100.39,102.95,106.51,111.23,116.55,121.08,124.27,126.81,128.09,127.43,126.40,125.87,125.42,124.78,123.92,123.73,123.56,123.22,122.61,121.74,121.17,120.90,120.78,120.47,119.67,118.14,115.98,113.50,111.06,108.55,106.09,103.76,101.17,98.77,96.47,94.17,91.91,90.35,89.55,89.14,88.69,88.26,88.28,88.51,88.78,89.02,89.32,90.59,93.46,98.56,103.36,108.14,113.02,117.40,118.33,116.91,114.83,112.67,110.43,108.60,107.60,107.87,110.34,115.06,119.20,122.30,124.03,123.94,122.39,120.57,119.23,119.27,120.73,122.31,123.31,123.31,123.01,121.90,120.59,119.49,118.87,118.27,117.59,116.63,114.92,112.08,109.44,107.02,104.84,103.40,102.88,103.06,103.82,104.98,105.88,106.65,107.56,108.58,108.40,106.79,104.57,102.06
276.07,275.15,275.35,276.65,278.75,281.10,281.56,279.30,273.00,262.86,254.88,248.48,243.27,238.90,234.94,231.16,227.38,223.67,219.80,214.42,209.43,204.95,201.27,199.07,197.38,195.94,194.55,193.03,191.87,191.19,190.90,190.99,191.27,190.95,190.58,190.11,188.91,187.60,184.19,179.95,176.29,172.22,165.88,160.73,158.70,159.66,161.53,164.34,167.20,168.35,167.16,163.30,158.69,154.66,151.43,148.56,146.07,144.55,145.32,146.06,146.38,146.45,146.54,146.85,147.94,149.28,150.31,150.28,150.22,149.76,149.00,148.21,147.54,146.66,145.71,144.93,144.72,144.18,143.68,143.38,143.22,142.83,142.45,142.10,141.75,141.31,140.61,139.84,139.00,137.78,136.39,135.17,134.08,132.88,131.54,130.17,128.78,127.35,125.81,124.32,122.84,121.52,120.76,120.29,119.86,119.34,118.68,117.85,117.36,117.02,116.69,116.35,116.15,116.24,116.45,116.57,117.17,118.04,118.93,119.65,120.25,120.70,120.71,120.27,119.58,118.55,117.33,115.97,114.56,113.83,113.81,113.45,112.23,110.48,108.84,107.43,106.11,104.69,103.58,102.53,101.68,101.23,100.96,100.87,101.13,101.75,102.50,103.43,103.34,102.23,100.51,99.65,99.61,100.38,102.31,105.97,110.13,115.44,120.94,124.16,126.50,128.11,127.89,125.18,123.50,122.35,121.30,120.16,118.92,118.52,118.18,117.56,116.55,115.51,114.91,114.84,115.19,115.12,114.71,113.57,111.73,109.50,107.35,105.26,103.29,101.45,99.27,97.15,94.94,92.64,90.68,89.80,89.31,88.94,88.64,88.45,88.63,88.95,89.40,90.33,90.98,92.02,94.33,99.20,104.28,109.40,114.65,119.36,120.18,118.91,117.01,115.04,113.19,111.58,110.12,109.14,109.78,113.86,117.93,121.13,123.30,124.87,124.42,123.05,121.74,121.82,123.00,124.47,125.50,125.54,125.05,123.80,122.36,121.20,120.75,120.10,118.91,117.10,114.60,111.98,109.57,106.85,103.65,101.19,99.83,99.30,99.61,100.91,101.70,102.46,103.43,104.55,104.65,103.50,102.00,100.40
269.56,269.36,270.88,272.95,275.03,276.64,276.95,274.78,269.45,261.25,254.32,247.64,241.62,236.53,232.56,228.09,223.87,219.89,215.80,210.57,205.40,201.34,198.78,197.29,195.81,194.14,192.30,190.41,188.74,187.48,186.42,185.58,185.60,184.97,184.16,183.13,181.31,179.04,175.20,171.11,168.29,166.13,162.51,159.96,160.51,165.34,169.65,172.33,173.56,173.51,171.55,166.68,161.01,156.16,152.47,149.32,146.60,144.58,143.84,143.03,142.92,143.20,143.40,143.59,144.40,145.32,146.00,146.13,146.14,146.01,145.61,144.78,144.44,143.89,143.32,143.00,142.87,142.42,142.04,141.87,141.76,141.47,141.18,140.94,140.72,140.35,139.44,138.45,137.49,136.27,135.00,133.87,132.80,131.56,130.25,128.81,127.39,126.11,124.82,123.72,122.68,121.59,120.38,119.58,118.61,117.54,116.62,115.76,115.34,115.03,114.69,114.42,114.04,113.96,114.08,114.09,114.46,114.53,115.07,116.64,117.88,118.52,118.44,117.62,116.17,114.91,114.28,113.79,112.82,111.94,111.42,110.63,109.28,107.87,106.39,104.97,103.64,102.62,103.04,103.75,104.17,104.12,104.29,104.56,105.64,107.16,107.24,106.01,104.34,102.53,100.79,100.05,100.76,102.73,105.89,109.69,114.62,120.07,125.01,127.65,128.71,127.60,125.25,122.57,120.85,119.27,117.70,116.23,115.10,114.27,113.56,112.74,111.53,110.54,109.89,109.86,110.31,109.99,109.64,108.41,106.29,103.91,102.44,101.27,100.19,99.06,97.43,95.45,93.28,91.23,90.03,89.50,89.12,88.81,88.70,88.71,88.98,89.36,90.26,93.35,95.46,95.89,96.06,99.53,105.01,110.60,115.72,119.72,120.89,120.40,119.08,117.31,115.49,114.03,112.65,111.34,110.79,113.61,116.65,119.27,121.56,124.00,125.92,126.15,125.20,125.13,125.77,126.75,127.60,127.76,127.03,125.81,124.50,123.31,122.42,121.64,120.29,118.29,115.77,113.31,111.17,108.76,105.66,102.21,99.39,96.98,95.42,95.98,96.20,96.97,98.09,99.08,99.69,99.23,98.27,96.95
264.67,264.65,265.81,267.07,268.36,269.85,270.54,269.50,266.36,260.94,254.69,247.21,240.74,235.76,231.50,226.14,221.32,217.06,212.91,208.08,203.45,199.78,197.31,195.64,194.14,192.53,190.59,188.10,185.85,184.04,182.25,180.43,179.34,177.40,175.96,175.27,174.72,173.91,172.14,170.03,168.12,165.86,163.64,163.54,166.54,171.63,175.62,177.71,178.15,177.05,173.86,168.18,161.81,156.11,151.73,149.33,147.72,146.61,146.28,145.39,143.20,141.21,141.04,140.90,141.09,141.34,141.48,141.43,141.45,141.59,141.61,141.17,141.03,140.95,140.88,140.80,140.75,140.40,140.09,139.91,139.73,139.68,139.51,139.25,138.97,138.34,137.25,136.17,135.28,134.36,133.28,132.22,131.16,129.93,128.47,126.92,125.48,124.31,123.24,122.23,121.29,120.35,119.26,118.16,116.88,115.67,114.88,114.30,113.69,113.13,112.72,112.46,111.98,111.75,111.74,111.72,111.86,111.71,111.86,112.77,113.48,113.85,113.84,113.35,112.39,111.58,111.29,111.14,110.66,110.02,109.41,108.53,107.25,105.97,104.60,103.83,103.63,103.77,104.85,106.12,107.14,107.73,108.36,108.83,109.08,109.00,108.36,106.61,104.62,102.80,101.63,102.11,103.60,106.01,109.47,113.79,119.23,124.42,128.24,129.04,128.03,125.49,122.61,120.33,118.76,116.76,114.69,112.90,111.71,110.79,109.98,109.10,107.96,107.04,106.19,105.67,105.44,104.58,104.14,103.30,101.93,100.47,99.60,98.84,98.03,97.08,95.59,93.75,91.89,90.36,89.66,89.29,89.04,88.89,88.90,88.97,89.26,90.18,92.38,96.62,99.79,100.40,99.51,100.77,105.55,111.12,116.22,119.93,121.28,121.23,120.38,118.94,117.26,115.72,114.35,113.08,112.14,113.14,115.40,117.88,120.04,122.05,124.39,125.81,126.44,127.47,128.07,128.62,129.06,129.14,128.55,127.35,125.88,124.35,122.95,121.73,120.21,118.34,116.23,114.13,112.34,110.42,107.86,104.39,101.00,97.63,94.62,92.97,92.28,92.47,93.07,93.66,93.99,93.77,93.30,92.61
259.57,259.65,260.02,260.19,260.58,261.93,263.03,263.57,263.01,260.51,255.13,247.35,240.83,236.10,231.49,225.47,220.09,215.50,211.42,207.10,203.07,199.55,196.68,194.40,192.49,190.76,188.73,185.79,183.11,180.87,178.56,176.07,174.12,171.60,170.26,170.44,171.39,172.22,172.52,172.14,170.62,167.44,166.32,168.38,173.20,177.51,180.55,182.01,181.86,179.59,174.95,168.58,161.80,155.67,151.33,150.00,149.69,149.70,150.11,149.36,145.32,141.11,140.28,139.85,139.58,139.30,138.96,138.62,138.46,138.52,138.57,138.25,138.07,138.24,138.40,138.33,138.24,137.97,137.69,137.48,137.34,137.60,137.57,137.30,136.88,135.96,134.72,133.60,132.84,132.26,131.38,130.40,129.34,128.13,126.52,124.88,123.44,122.35,121.52,120.53,119.59,118.76,117.97,116.83,115.60,114.59,114.09,113.84,113.03,112.21,111.67,111.07,110.37,109.95,109.82,109.77,109.68,109.50,109.33,109.27,109.19,109.20,109.22,109.15,108.89,108.66,108.59,108.58,108.49,108.15,107.58,106.72,105.62,104.62,103.64,103.71,104.74,106.02,107.55,109.06,110.44,111.52,111.94,112.10,111.14,109.27,108.06,106.37,104.57,103.13,102.84,104.53,106.60,109.35,113.27,118.27,123.85,128.21,130.36,129.14,126.20,122.95,120.18,118.33,116.88,114.61,112.28,110.36,109.12,108.23,107.35,106.39,105.33,104.29,103.20,102.20,101.26,100.01,99.48,99.04,98.51,98.03,97.59,96.97,96.20,95.25,93.80,92.19,90.78,89.79,89.45,89.16,89.05,89.08,89.16,89.24,89.50,90.97,94.42,99.28,103.59,104.93,103.71,102.84,106.09,111.23,116.41,120.13,121.58,121.87,121.39,120.24,118.75,117.14,115.77,114.61,113.60,112.98,114.49,116.78,118.70,119.99,122.02,124.27,126.54,128.83,129.71,129.99,130.06,130.00,129.63,128.44,126.78,124.87,123.01,121.28,119.55,117.80,116.10,114.27,112.75,111.23,109.24,106.09,102.67,98.91,94.87,91.03,89.54,89.07,88.99,89.06,88.89,88.68,88.53,88.39
251.70,252.24,252.41,252.35,252.36,252.82,253.81,256.19,258.16,258.00,254.69,249.10,243.46,238.42,233.68,228.11,222.37,217.32,213.58,209.95,205.72,201.56,197.80,194.47,191.04,188.17,185.67,183.06,180.57,178.32,176.18,174.26,173.38,174.10,175.78,177.64,178.54,178.69,177.93,176.18,173.07,168.50,169.03,172.38,176.94,181.24,184.39,185.61,184.56,180.50,174.22,167.28,160.71,155.74,154.38,153.97,153.98,154.19,154.14,152.52,149.52,146.35,144.34,144.04,144.20,144.22,143.88,143.28,142.35,141.18,139.77,138.10,137.11,136.47,135.86,135.18,134.70,134.32,134.05,133.99,134.32,134.92,135.15,135.02,134.56,133.57,132.20,131.07,130.44,129.99,129.32,128.42,127.33,126.12,124.54,122.91,121.49,120.49,119.92,119.15,118.30,117.52,116.99,116.72,116.55,116.40,116.25,116.17,115.49,114.75,113.87,111.78,110.34,109.63,109.37,109.14,108.90,108.66,108.42,108.16,107.86,107.63,107.39,107.14,106.92,106.88,106.91,106.92,106.78,106.53,105.88,105.01,104.24,104.32,104.80,105.68,106.83,108.22,110.56,112.68,114.36,115.03,112.85,111.03,109.55,108.24,107.10,105.56,104.24,103.72,104.72,106.28,108.09,111.80,117.94,123.66,128.37,130.31,129.60,127.19,123.74,120.81,118.53,116.72,115.00,113.14,111.38,109.91,108.97,107.99,106.84,105.58,104.21,102.41,101.16,100.27,99.52,98.80,98.32,97.78,97.15,96.54,95.97,95.26,94.41,93.44,92.16,91.11,90.28,89.70,89.44,89.28,89.29,89.41,89.53,89.56,89.68,91.09,94.61,99.42,105.60,108.79,108.44,106.77,106.86,110.69,116.11,120.43,121.96,122.62,122.34,121.15,119.88,118.50,117.17,115.98,115.03,114.16,114.75,116.14,117.69,118.85,120.43,122.59,125.23,127.91,129.50,130.09,130.15,130.04,129.64,128.47,126.83,124.86,122.78,120.66,118.58,116.59,114.70,112.62,110.90,109.29,107.39,104.63,102.04,98.81,94.76,90.61,89.09,88.42,87.92,87.40,86.85,86.38,86.01,85.69
249.53,248.25,246.87,246.28,246.30,246.47,247.33,250.10,252.97,254.32,253.28,249.97,245.58,240.92,236.63,231.59,225.94,220.63,216.61,213.53,209.77,205.42,200.83,196.66,192.79,189.37,186.37,183.77,181.24,178.73,176.31,174.65,175.65,178.54,181.71,184.12,184.62,183.89,182.16,179.39,175.26,170.23,171.69,175.63,179.92,184.26,187.57,188.68,186.86,181.00,173.66,166.60,161.08,158.34,158.94,159.19,159.19,158.84,157.37,155.19,152.97,150.95,149.43,149.34,149.67,149.70,149.09,147.80,146.11,144.10,141.85,139.47,137.92,137.07,136.47,135.88,135.24,134.41,133.73,133.30,133.09,133.06,132.89,132.60,132.20,131.38,130.22,129.19,128.50,127.98,127.29,126.35,125.27,124.27,123.13,121.81,120.58,119.71,119.28,118.77,118.19,117.68,117.54,117.92,118.49,118.98,119.16,119.23,118.73,117.96,116.80,114.50,112.64,111.26,110.31,109.76,109.34,109.01,108.75,108.52,108.25,108.05,107.76,107.38,107.03,106.76,106.52,106.29,106.02,105.73,105.33,104.92,104.76,105.34,106.36,107.58,109.16,111.60,114.53,116.35,116.66,115.10,112.01,109.88,108.44,107.34,106.20,105.14,104.56,104.83,106.26,107.73,110.68,115.82,122.83,128.25,130.82,130.53,128.25,125.40,122.30,119.92,118.22,116.96,115.46,114.17,113.00,111.90,110.74,109.11,107.57,106.09,104.28,101.91,100.30,99.29,98.62,98.03,97.52,96.98,96.40,95.78,95.11,94.27,93.38,92.53,91.52,90.72,90.12,89.71,89.48,89.44,89.57,90.06,91.15,91.80,91.89,92.57,94.92,99.34,105.81,110.18,111.41,110.20,108.55,110.67,115.27,119.86,121.67,122.81,123.11,122.40,121.17,119.88,118.59,117.43,116.50,115.58,115.42,115.98,117.10,118.06,119.32,121.20,123.68,126.51,128.74,129.72,129.86,129.49,128.56,127.16,125.85,124.65,122.85,120.69,118.57,116.52,114.45,112.18,110.33,108.60,106.48,103.23,100.57,97.69,94.28,90.76,89.44,88.77,88.22,87.67,87.09,86.52,86.05,85.64
251.55,247.19,243.58,242.13,242.09,242.18,242.73,244.78,247.27,249.36,250.62,249.46,246.68,243.12,239.71,235.24,230.06,224.83,220.35,217.64,214.60,210.36,205.09,200.36,196.77,193.19,189.66,186.72,183.96,181.01,178.12,176.59,179.78,183.86,187.36,189.54,189.45,187.79,185.25,181.79,177.13,172.38,174.25,178.31,182.46,186.82,190.29,191.28,188.75,181.46,173.79,167.20,163.28,163.07,164.55,165.19,164.90,163.44,160.17,157.64,155.90,154.98,155.00,155.15,155.38,155.16,154.06,151.88,149.45,146.90,144.30,141.79,140.25,139.84,139.81,139.56,138.71,137.17,135.80,134.72,133.44,132.30,131.32,130.58,130.14,129.59,128.82,127.98,127.16,126.50,125.68,124.71,123.75,123.11,122.68,121.91,121.02,120.34,120.02,119.80,119.58,119.47,119.82,120.61,121.58,122.43,122.86,123.03,122.72,121.92,120.61,118.98,116.94,114.60,112.51,111.53,110.98,110.62,110.39,110.27,110.15,110.09,109.88,109.43,108.80,107.90,107.13,106.55,106.12,105.75,105.76,106.06,106.60,107.27,108.27,109.70,111.96,115.76,118.69,119.36,117.31,112.84,110.21,108.91,107.84,106.65,105.60,105.17,105.45,106.29,107.61,109.42,114.42,121.03,127.61,131.86,131.76,129.67,126.91,124.23,121.93,120.17,119.08,118.66,117.73,117.03,116.40,115.51,113.77,111.19,109.13,107.36,105.04,102.30,100.27,98.99,98.31,97.62,97.06,96.63,96.22,95.71,94.97,93.99,93.05,92.34,91.60,90.83,90.20,89.77,89.57,89.64,90.08,91.31,93.82,95.47,95.67,95.33,95.75,99.34,104.90,109.79,112.81,113.05,111.13,111.52,114.36,118.55,120.86,122.52,123.59,123.77,122.66,121.37,120.12,118.98,117.99,117.05,116.37,116.31,116.99,117.70,118.72,120.27,122.42,125.19,127.78,128.96,129.00,128.22,126.52,124.83,124.05,124.03,122.89,121.13,119.29,117.38,115.17,112.86,110.98,109.17,106.79,102.79,99.37,96.61,94.23,91.94,90.98,90.45,90.07,89.82,89.44,88.83,88.25,87.70
254.26,248.77,244.43,241.66,239.85,238.28,237.62,238.50,239.76,241.19,244.38,244.98,244.48,243.36,241.02,237.24,232.98,228.93,225.56,222.59,219.05,214.47,209.14,204.60,200.74,196.72,192.59,188.79,185.59,182.36,179.66,179.05,183.53,188.33,192.21,194.41,193.64,191.19,187.69,183.29,178.18,174.21,176.47,180.73,184.95,189.13,192.73,193.04,189.70,183.04,176.76,172.17,169.80,169.91,170.80,171.24,170.25,167.63,163.77,160.58,159.37,159.53,160.21,160.51,160.47,159.77,158.11,155.52,152.42,149.19,146.18,144.16,144.68,145.85,146.15,144.74,142.53,139.94,138.01,136.80,135.51,134.49,133.04,131.34,129.88,129.32,128.63,127.94,127.38,126.88,126.35,125.83,125.40,125.25,125.49,125.37,125.00,124.67,125.00,124.97,124.95,125.22,126.02,126.97,127.75,128.33,128.68,128.77,128.55,128.09,127.31,125.94,123.67,120.24,116.71,115.22,114.82,114.92,114.97,114.66,114.42,114.29,113.98,113.29,112.00,109.90,108.58,107.96,107.51,107.16,107.27,107.72,108.43,109.38,111.21,113.77,116.75,119.45,120.07,118.46,115.13,110.98,109.31,108.37,107.43,106.51,106.17,106.25,106.83,107.74,109.22,113.55,120.15,126.54,131.08,133.29,132.08,129.76,127.41,125.47,123.37,122.01,121.42,121.40,120.99,120.62,120.17,119.24,116.98,113.87,110.88,108.12,105.36,102.43,100.38,99.17,98.64,98.21,97.85,97.62,97.39,96.89,95.99,94.86,93.69,92.66,91.84,91.07,90.37,89.86,89.73,89.87,91.70,94.66,97.47,99.66,100.34,99.75,98.73,100.04,104.47,108.87,112.28,114.89,115.27,115.12,115.30,116.56,119.67,121.62,123.09,124.32,124.51,123.45,122.06,120.65,119.28,118.21,117.58,117.54,118.09,118.60,119.19,120.83,123.40,125.75,127.47,127.45,126.36,124.93,123.02,121.79,121.42,121.70,121.64,121.22,120.23,118.71,116.75,114.72,113.01,111.41,109.52,106.73,102.63,99.55,98.00,97.06,96.64,96.33,96.02,95.71,95.38,94.43,93.17,91.65
256.97,250.97,246.34,243.01,240.38,237.90,236.07,234.70,233.72,233.85,237.16,238.95,240.37,241.36,240.43,238.15,235.18,232.24,229.74,226.85,222.84,217.88,212.45,207.77,203.15,198.68,194.30,190.04,186.66,183.68,181.94,182.86,187.70,192.62,196.55,198.63,197.27,193.95,189.39,184.09,178.72,175.92,178.55,182.79,186.95,191.11,195.06,195.45,192.16,186.21,180.70,177.44,176.06,176.13,176.59,176.86,175.56,172.43,168.10,164.56,163.47,164.06,165.11,165.48,164.99,163.60,161.25,158.26,154.69,150.89,147.68,146.71,148.97,151.14,151.47,149.13,145.77,142.74,140.61,139.28,138.11,137.16,135.67,133.80,132.09,131.36,130.55,129.71,128.94,128.39,128.03,127.82,127.81,128.19,128.91,129.33,129.44,129.49,130.15,130.38,130.56,131.01,131.99,132.96,133.51,133.80,134.01,134.06,133.92,133.70,133.22,131.93,129.74,126.22,122.28,120.03,119.55,119.85,120.09,119.85,119.80,119.70,119.37,118.51,116.61,113.75,111.71,110.52,109.73,109.27,109.51,110.23,111.30,112.63,115.02,117.83,120.23,120.75,119.38,116.39,112.82,109.83,108.82,108.15,107.47,106.95,107.12,107.48,108.17,109.67,113.03,119.33,125.65,130.63,133.53,134.26,132.56,130.41,128.57,127.24,125.72,125.05,124.98,125.14,124.99,124.27,123.03,121.16,118.33,115.03,111.63,108.39,105.51,102.59,100.69,99.70,99.38,99.07,98.84,98.77,98.71,98.21,97.17,95.92,94.59,93.31,92.29,91.60,91.00,90.45,90.34,91.82,94.83,98.34,101.03,103.40,104.46,103.95,102.16,101.55,104.30,107.75,111.27,115.45,118.06,118.41,117.43,116.61,118.81,120.63,122.47,124.48,125.84,125.05,123.56,121.96,120.47,119.32,118.85,119.01,119.73,120.45,121.25,123.19,125.90,127.49,127.88,126.56,124.43,122.36,120.29,119.13,118.75,119.05,119.67,120.07,119.74,118.76,117.46,116.23,115.04,113.74,112.18,110.32,106.59,103.74,102.58,102.48,102.70,102.68,102.37,101.78,100.99,99.66,97.93,95.70
259.72,253.60,248.98,246.09,244.14,241.97,239.23,234.47,230.18,228.44,229.64,231.88,234.51,236.82,237.68,237.80,236.51,234.42,232.15,229.91,225.81,220.59,214.86,209.44,203.61,198.68,194.49,190.42,187.24,185.20,185.29,188.25,192.50,196.87,200.39,202.06,200.15,195.84,190.21,184.10,178.78,177.56,180.49,184.46,188.37,192.73,197.29,198.78,196.63,191.09,185.22,182.12,181.01,181.07,181.59,181.84,180.81,177.97,173.16,169.72,168.24,168.37,169.56,169.83,168.71,166.49,163.35,159.89,156.07,151.93,148.88,149.57,152.63,154.76,154.80,152.19,148.21,145.60,143.72,142.24,141.15,140.01,138.95,138.02,137.23,136.23,135.14,133.77,132.22,131.27,130.82,130.62,130.76,131.61,132.53,133.23,133.74,134.13,134.64,135.22,135.65,136.02,136.81,137.67,138.08,138.20,138.30,138.37,138.32,138.10,137.52,136.11,134.38,132.02,129.03,125.84,124.92,124.99,125.27,125.50,126.02,126.15,125.91,125.03,122.75,119.83,116.92,114.46,112.89,112.11,112.59,113.85,115.56,117.34,119.59,121.19,121.31,118.92,116.64,113.79,111.18,109.68,108.78,108.30,108.09,108.10,108.36,108.87,109.66,112.50,119.65,126.56,130.27,132.76,134.87,135.09,133.42,131.62,130.22,129.20,128.88,129.22,129.64,129.67,129.39,127.51,124.40,120.57,117.14,114.01,110.97,108.09,105.54,102.89,101.35,100.73,100.68,100.27,100.05,100.03,99.99,99.41,98.24,96.93,95.59,94.22,92.94,92.54,92.28,91.86,91.77,96.02,99.63,102.02,104.35,106.51,107.73,107.49,105.70,104.00,104.39,106.55,110.06,114.50,118.64,120.59,120.65,119.43,118.58,119.80,121.95,124.37,126.41,125.86,124.36,122.77,121.56,120.46,120.14,120.59,121.78,123.26,125.09,127.47,129.77,130.30,129.02,126.65,123.88,121.23,118.97,117.24,116.33,116.36,116.98,117.32,117.25,116.95,116.73,116.85,116.57,115.68,114.13,112.47,110.44,108.55,107.30,107.33,108.19,108.50,108.13,107.06,105.20,103.49,101.70,99.31
264.89,259.08,254.23,250.98,248.37,244.91,241.12,235.50,229.59,225.34,225.32,226.98,229.48,232.15,233.92,235.19,235.31,234.54,233.13,231.27,227.98,223.31,217.55,211.68,205.12,199.44,194.76,190.88,188.03,187.23,188.74,192.55,196.97,200.81,203.50,204.19,201.15,196.23,189.84,183.36,178.86,179.23,182.46,186.31,190.20,194.72,199.10,200.46,198.49,193.50,188.19,185.94,185.51,185.75,186.05,186.08,184.75,181.68,177.13,173.97,172.11,171.52,172.11,171.66,170.16,167.69,164.41,160.96,157.01,153.21,151.12,153.24,156.50,158.32,157.98,155.17,151.15,148.71,147.24,146.28,145.56,144.80,144.19,143.73,143.37,142.82,141.88,140.63,139.22,138.09,137.25,136.78,136.65,136.87,137.16,137.52,137.90,138.31,139.03,139.87,140.44,140.79,141.40,142.21,142.66,142.83,142.91,143.03,142.97,142.70,141.99,140.35,138.08,135.63,133.04,130.34,129.38,129.30,129.62,130.21,130.88,131.17,131.11,130.43,128.42,125.97,122.94,119.88,117.66,116.69,117.20,118.57,120.38,121.94,121.85,120.89,119.18,116.50,115.25,114.35,113.26,111.71,109.86,109.21,109.17,109.45,110.09,112.18,115.10,119.43,125.94,130.44,132.75,134.50,136.10,136.11,134.78,133.34,132.15,131.33,131.57,131.74,131.38,130.28,128.78,125.89,122.36,118.64,115.02,112.06,109.73,107.59,105.30,103.84,103.46,103.67,104.13,104.45,104.38,103.70,102.27,99.95,98.42,97.04,95.63,94.32,93.61,93.97,94.68,95.43,96.42,100.14,103.32,105.79,108.52,110.87,111.77,111.01,108.74,106.53,105.31,106.26,109.23,113.29,118.11,121.20,122.29,121.55,120.37,120.97,122.73,125.10,127.23,126.64,125.19,123.75,122.64,121.51,121.05,121.65,123.49,125.56,127.66,129.96,131.80,131.52,129.60,126.97,124.11,121.35,119.09,117.07,115.23,113.79,113.38,113.52,113.74,113.95,114.24,114.75,115.09,115.11,114.70,113.97,112.55,111.15,110.20,110.11,110.53,110.55,110.06,108.94,106.46,104.29,102.34,99.93
270.12,264.67,259.42,255.32,251.50,246.55,241.59,235.72,229.16,223.27,222.05,222.88,224.99,227.71,230.13,232.18,233.37,233.75,233.27,231.88,229.52,225.54,219.91,213.88,207.02,200.64,195.35,191.69,189.24,189.65,192.22,196.42,201.13,204.60,206.20,205.37,201.19,195.76,189.16,182.88,179.38,181.68,185.29,188.93,192.59,196.91,200.82,201.81,199.86,195.67,191.36,189.97,190.08,190.42,190.57,190.23,188.43,185.01,180.59,177.48,175.35,174.11,173.73,172.46,170.64,168.13,164.95,161.66,157.73,154.65,153.81,156.96,160.08,161.47,160.71,157.66,153.92,151.71,150.75,150.53,150.19,149.88,149.63,149.44,149.25,149.11,148.38,147.42,146.39,145.27,144.20,143.53,143.14,142.71,142.41,142.42,142.56,142.84,143.59,144.42,144.97,145.27,145.70,146.49,147.09,147.43,147.55,147.68,147.63,147.32,146.50,144.64,141.66,138.64,135.99,133.99,133.17,133.09,133.53,134.37,135.07,135.51,135.63,135.17,133.57,131.56,128.68,125.43,122.77,121.55,121.88,122.94,124.17,124.75,122.46,119.47,116.78,115.13,115.38,116.51,116.98,115.65,113.39,112.51,112.31,112.49,113.50,116.85,121.44,126.55,131.34,133.47,134.87,136.21,137.35,137.25,136.33,135.20,134.17,133.52,133.50,132.86,131.35,128.95,126.22,122.87,119.61,116.47,112.86,110.22,108.53,107.08,105.32,105.12,105.86,106.88,107.89,108.91,108.72,106.99,103.89,100.07,98.30,96.86,95.48,94.49,94.56,95.63,97.14,98.87,100.73,103.46,106.29,109.28,112.71,115.27,115.74,114.39,111.59,108.81,106.59,106.53,108.67,112.16,117.31,121.18,123.25,123.46,122.67,122.90,124.21,126.33,128.12,127.40,126.06,124.79,123.69,122.53,121.84,122.47,124.76,127.13,129.21,131.22,132.62,131.82,129.77,127.24,124.57,121.93,119.75,117.59,114.99,112.15,110.50,109.96,110.08,110.55,111.14,111.86,112.71,113.56,114.25,114.48,113.61,112.72,112.17,111.81,111.56,111.08,110.20,108.62,105.88,103.43,101.21,98.61
273.85,268.56,262.64,256.97,251.43,245.52,239.17,232.91,227.10,222.26,219.26,219.41,221.30,224.03,226.95,229.70,231.28,231.99,232.16,231.70,229.99,226.46,221.20,215.66,209.20,202.50,196.71,193.42,191.43,192.68,195.78,199.86,204.65,208.19,208.29,205.01,199.96,194.07,188.51,183.63,181.05,186.17,190.33,193.40,196.13,199.38,202.63,203.37,201.78,199.00,196.07,195.14,195.16,195.30,195.62,194.65,192.32,188.58,183.43,179.69,177.55,176.04,174.20,172.29,170.18,167.71,164.87,161.82,158.18,156.32,156.98,160.26,162.74,163.60,162.36,158.93,155.90,154.22,153.97,154.53,154.37,154.32,154.25,154.09,153.80,153.42,152.81,152.11,151.39,150.66,149.98,149.51,149.17,148.80,148.64,148.62,148.63,148.63,148.69,148.86,149.01,149.14,149.36,150.19,151.10,151.78,152.02,152.13,152.13,151.86,151.00,149.06,145.56,141.55,138.03,136.33,135.84,136.14,136.84,137.72,138.43,139.02,139.29,138.99,137.69,135.70,133.16,130.33,127.63,125.94,125.70,125.65,124.89,122.92,120.34,117.66,115.91,116.92,118.59,120.67,122.44,123.14,122.50,121.56,120.51,119.84,120.89,123.72,127.41,131.30,134.65,136.58,137.48,138.14,138.72,138.60,137.99,137.09,136.24,135.75,133.76,131.46,128.71,125.24,121.98,119.63,117.35,114.60,111.23,109.31,107.84,106.66,106.20,106.86,108.07,109.51,110.96,111.97,110.94,107.63,103.10,99.59,97.95,96.54,95.50,95.40,96.23,97.54,98.99,100.42,101.86,104.74,108.12,111.97,116.40,118.94,119.01,117.34,114.28,110.42,108.24,107.63,108.53,111.44,116.53,120.64,123.54,125.29,124.95,125.39,126.67,128.31,128.99,128.16,126.99,125.85,124.70,123.54,122.62,122.98,125.11,127.19,128.94,130.53,131.55,130.85,129.25,127.23,125.05,122.85,120.85,118.73,116.04,112.84,110.19,107.76,106.73,106.91,107.69,108.81,110.10,111.23,112.06,112.81,113.09,113.15,112.94,112.10,111.32,110.24,108.22,104.89,102.53,100.33,97.60,94.25
274.88,269.21,263.06,256.47,249.97,244.16,238.05,232.35,227.28,222.78,218.35,216.93,218.10,220.85,223.79,226.68,228.74,230.01,230.53,230.69,229.35,226.48,222.25,217.56,211.01,203.66,197.38,194.65,193.53,195.17,198.44,202.63,207.31,210.17,208.68,203.56,198.19,192.85,187.91,184.44,184.54,190.66,195.02,197.86,199.95,202.26,204.97,205.52,204.12,202.12,200.21,199.61,199.57,199.44,199.14,198.03,195.41,191.22,186.02,181.96,179.43,177.45,175.10,172.71,170.22,167.57,164.72,161.84,158.68,157.97,159.84,163.32,166.00,166.39,164.23,159.96,157.31,156.71,157.49,158.70,158.80,158.74,158.49,158.13,157.73,157.25,156.72,156.15,155.57,155.02,154.48,154.03,153.52,152.71,152.52,152.21,151.68,151.03,150.68,150.76,150.94,151.07,151.21,152.03,153.48,154.96,155.78,156.26,156.37,156.03,154.95,152.68,149.00,144.89,141.36,139.82,139.50,140.12,141.09,141.91,142.17,142.56,142.43,141.65,140.57,138.83,136.39,133.50,130.56,128.52,127.38,126.15,124.20,121.49,119.04,117.34,117.04,119.36,122.12,124.88,127.16,128.47,128.63,127.98,126.85,125.83,126.38,128.46,131.51,134.80,137.44,138.68,139.13,139.36,139.56,139.45,139.04,138.34,137.27,135.56,132.66,129.06,125.35,121.99,119.25,117.40,115.49,113.17,110.76,109.39,108.29,107.52,107.62,108.47,110.09,112.02,113.55,113.08,110.72,106.35,101.42,99.04,97.62,96.63,96.24,96.82,97.88,99.16,100.46,101.69,102.95,105.75,109.42,113.77,118.56,121.05,120.99,119.56,117.12,113.34,110.69,109.25,109.24,111.54,116.03,120.09,123.34,125.70,126.71,127.58,128.56,129.47,129.62,128.91,127.84,126.63,125.37,124.14,122.98,122.97,124.66,126.42,127.84,129.11,129.90,129.35,128.03,126.34,124.61,123.02,121.55,119.74,117.24,114.13,111.27,108.38,106.24,104.83,104.03,104.83,106.31,107.86,109.26,110.80,111.87,112.57,112.76,111.93,110.93,108.99,105.97,101.96,98.51,95.81,93.39,91.15
274.57,268.54,262.49,255.60,248.74,243.35,237.99,233.10,228.46,223.68,218.15,215.02,215.21,217.81,220.66,223.57,226.09,227.86,228.63,229.24,228.20,225.98,222.88,219.11,212.39,204.44,197.78,195.65,195.49,197.34,200.62,205.01,209.57,211.26,208.10,201.60,196.35,191.91,187.46,185.27,188.34,194.79,199.15,201.89,203.66,205.30,207.46,207.85,206.64,205.04,203.88,203.43,203.21,202.72,201.62,200.51,197.77,193.29,188.39,184.29,181.25,178.77,176.33,173.66,170.90,168.07,165.16,162.19,159.44,159.65,162.44,166.11,169.24,169.30,166.47,161.77,159.34,159.85,161.49,163.07,163.37,163.09,162.51,161.83,161.24,160.63,160.10,159.59,159.09,158.59,158.05,157.56,156.86,155.53,155.08,154.35,153.19,151.88,151.29,151.51,151.85,152.07,152.25,153.00,154.95,157.26,158.73,159.58,159.77,159.39,158.24,155.86,152.39,148.75,145.68,144.23,143.99,144.74,145.75,146.36,146.02,145.97,145.25,143.78,142.63,141.05,138.59,135.50,132.30,129.93,127.87,125.62,123.00,120.39,118.40,117.92,119.16,122.25,125.75,128.87,131.24,132.57,133.14,132.82,131.82,130.66,130.59,131.96,134.50,137.42,139.59,140.09,140.16,140.15,140.08,139.99,139.73,139.05,137.50,134.26,130.78,126.25,121.97,119.29,117.38,115.77,114.11,112.46,111.30,110.50,109.86,109.53,109.91,110.75,112.53,114.52,115.47,113.06,109.27,104.29,99.68,98.56,97.48,97.07,97.38,98.40,99.56,100.76,101.89,102.92,104.06,106.59,110.31,114.91,119.80,122.23,122.39,121.52,119.93,116.78,113.63,111.42,110.69,112.19,115.87,119.75,123.08,125.61,128.02,129.31,129.93,130.13,130.04,129.46,128.35,126.98,125.68,124.39,123.04,122.66,123.84,125.23,126.41,127.44,128.08,127.69,126.53,125.04,123.60,122.50,121.59,120.15,118.02,115.37,112.91,110.19,107.17,103.92,100.97,100.86,102.23,104.09,106.11,108.49,110.31,111.58,112.14,111.57,110.55,107.83,104.06,99.97,95.09,91.62,89.69,88.98
273.52,268.21,262.86,256.97,250.93,245.44,239.96,235.12,229.76,223.40,217.54,213.62,212.73,214.48,217.53,221.13,223.75,225.44,226.54,227.57,226.93,225.03,222.25,218.95,212.63,204.86,198.35,196.57,197.00,199.09,202.45,206.94,211.70,211.54,206.59,199.45,195.23,191.32,187.50,186.14,190.11,197.41,201.58,204.22,206.39,208.22,209.60,209.89,209.10,207.53,206.66,205.78,204.84,203.85,202.63,201.28,198.67,194.74,190.39,186.67,183.44,180.61,178.16,175.71,173.16,170.70,168.05,164.16,161.18,161.57,164.61,168.20,171.28,171.56,169.91,167.24,164.90,165.61,167.00,167.93,167.98,167.24,166.33,165.29,164.05,163.04,162.28,161.76,161.38,160.82,160.19,159.73,159.16,157.83,156.50,155.18,153.80,152.46,151.81,152.03,152.44,152.78,153.15,153.71,155.59,158.01,159.61,160.17,160.24,160.13,159.78,158.69,156.34,153.86,151.75,150.34,150.12,150.34,150.49,150.25,149.62,148.88,147.65,145.79,143.54,141.32,138.73,135.76,132.59,129.77,127.27,124.82,122.31,120.00,118.96,119.49,121.71,125.84,129.25,131.92,134.00,135.50,136.34,135.80,134.47,133.12,133.10,134.17,136.33,138.68,140.00,140.41,140.49,140.43,140.30,140.16,139.97,138.73,136.26,132.67,128.25,123.52,119.79,118.01,116.38,114.82,113.95,113.88,113.93,114.00,113.90,113.95,114.73,115.91,117.03,117.14,115.44,111.92,107.12,102.56,99.26,98.41,98.10,98.27,98.78,99.73,101.33,102.78,103.84,104.54,105.33,107.20,110.43,114.89,119.99,122.44,123.66,123.75,122.44,120.00,117.17,114.94,113.64,113.67,116.62,120.19,123.41,125.94,128.38,129.69,130.21,130.24,130.06,129.22,127.73,126.13,125.14,123.97,122.64,122.07,122.81,123.86,124.99,126.02,126.66,126.28,125.17,123.60,121.92,120.53,119.66,118.29,116.77,115.42,114.34,111.96,108.83,105.05,100.70,98.61,98.99,100.53,102.58,105.54,108.66,110.68,111.37,111.25,110.45,107.74,104.06,100.33,95.25,91.33,89.10,88.38
270.13,265.32,260.74,255.94,250.89,245.85,241.38,236.92,231.60,225.11,218.68,213.92,211.40,211.36,214.23,218.38,221.39,223.28,224.54,225.79,225.73,224.34,221.83,218.71,212.56,205.28,199.37,197.96,198.89,201.34,204.85,209.27,213.50,211.05,204.87,198.05,194.44,190.92,188.00,187.56,191.92,199.41,203.62,206.32,208.58,210.27,211.22,211.40,210.79,209.35,208.41,207.26,205.96,204.64,203.30,201.81,199.61,196.42,192.25,188.60,185.37,182.48,179.91,177.23,174.59,172.16,169.50,165.31,163.50,164.38,167.11,170.50,173.48,173.73,172.60,171.15,169.38,169.81,170.60,170.94,170.71,169.72,168.66,167.54,166.22,165.12,164.22,163.55,163.03,162.31,161.53,160.93,160.28,159.02,157.37,155.84,154.38,153.05,152.37,152.55,152.80,152.89,153.16,153.49,155.10,157.37,159.14,159.90,160.16,160.31,160.40,160.09,158.88,157.58,156.35,154.99,154.05,153.28,152.57,151.87,151.14,149.97,148.06,145.48,142.73,140.21,137.61,134.85,131.94,129.26,126.74,124.29,121.95,120.03,119.90,121.61,124.87,129.17,132.22,134.60,136.54,137.97,138.69,138.04,136.56,135.07,135.16,136.18,137.89,139.54,140.25,140.64,140.64,140.49,140.31,140.13,139.50,137.55,134.33,130.24,125.19,121.21,118.60,117.26,116.02,115.14,115.06,115.81,116.80,118.11,119.29,120.34,121.28,121.20,120.18,117.93,114.27,110.14,105.54,101.78,99.37,98.69,98.76,99.31,100.22,101.58,103.50,105.07,106.13,106.67,107.01,107.91,110.55,114.84,119.94,122.42,124.28,125.28,124.84,123.10,120.83,118.53,116.55,115.68,117.51,120.52,123.73,126.53,128.88,130.00,130.38,130.29,130.01,128.71,126.97,125.31,124.19,123.03,121.86,121.23,121.58,122.56,123.64,124.65,125.26,124.89,123.80,122.33,120.61,118.75,117.14,115.46,114.22,113.77,113.89,112.62,110.26,106.70,101.69,98.39,97.03,97.41,99.57,102.84,106.53,109.19,110.48,110.80,110.27,107.68,104.11,100.53,95.49,91.38,88.99,88.20
264.80,260.15,256.24,252.38,248.30,244.22,241.64,237.98,233.50,228.20,221.23,215.64,211.19,208.75,210.88,215.26,218.87,221.28,222.69,223.99,224.57,223.82,221.63,218.51,212.39,205.84,200.94,199.93,201.31,204.15,207.90,212.08,214.81,209.93,203.14,197.36,193.96,190.81,188.92,189.49,194.00,200.99,205.44,208.32,210.30,211.56,212.43,212.50,211.82,210.61,209.36,208.10,206.77,205.31,203.81,202.33,200.67,198.25,194.06,190.19,187.03,184.27,181.50,178.30,175.26,172.46,169.56,165.92,166.45,168.15,170.24,173.21,175.93,175.87,174.59,173.45,172.52,172.39,172.39,172.21,171.67,170.63,169.57,168.60,167.68,166.73,165.82,164.94,164.07,163.16,162.21,161.33,160.45,159.27,157.85,156.43,155.01,153.67,152.94,153.06,152.97,152.53,152.44,152.51,153.64,155.50,157.40,158.66,159.37,159.80,160.00,159.98,159.77,159.49,158.93,157.49,155.36,153.43,152.00,151.15,150.36,148.96,146.43,143.12,140.53,138.09,135.63,133.10,130.61,128.53,126.29,124.01,121.94,120.64,121.35,124.26,128.48,132.25,134.79,137.03,138.90,140.01,140.27,139.65,138.25,136.75,136.98,138.04,139.22,140.14,140.51,140.86,140.70,140.38,140.09,139.68,138.15,135.53,131.90,127.21,122.02,119.44,118.22,116.95,116.26,116.50,117.14,118.09,119.77,122.46,125.23,127.51,128.25,125.67,121.58,116.98,112.32,108.15,104.70,101.89,99.92,99.38,99.51,100.30,101.77,103.93,106.02,107.64,108.80,109.38,109.23,108.98,110.88,114.86,119.77,122.27,124.35,126.16,127.08,126.03,124.50,122.11,119.43,118.19,118.58,120.83,124.03,127.24,129.49,130.34,130.52,130.33,129.92,127.94,126.06,124.50,122.91,121.72,120.83,120.28,120.32,121.38,122.43,123.34,123.90,123.57,122.57,121.40,119.85,117.48,114.54,112.20,110.84,110.74,111.78,112.14,111.15,108.39,103.44,99.73,96.23,94.80,96.89,100.20,103.86,106.97,109.06,109.74,109.45,107.10,103.68,100.12,95.37,91.41,89.06,88.30
259.44,254.51,250.38,246.51,242.80,239.63,238.03,235.76,232.63,228.48,222.97,217.45,212.21,208.30,208.27,211.73,215.65,218.97,221.21,222.51,223.22,222.83,221.09,218.26,212.65,207.35,203.82,203.28,204.87,207.94,211.97,215.67,214.83,208.68,202.06,196.99,194.01,191.70,190.44,191.61,196.63,202.55,207.20,210.13,211.52,212.72,213.69,213.65,212.78,211.56,210.22,208.84,207.43,205.97,204.52,203.05,201.53,199.54,196.09,192.01,188.57,185.66,182.87,179.88,176.40,172.82,169.75,168.50,170.77,173.41,175.56,177.34,178.56,177.93,176.64,175.62,174.78,174.24,173.51,172.52,171.44,170.29,169.31,168.44,167.55,166.66,165.78,164.91,164.01,163.09,162.14,161.24,160.35,159.32,158.24,156.98,155.59,154.25,153.46,153.37,153.02,152.26,151.70,151.55,151.82,152.51,153.60,154.47,155.51,156.40,157.00,157.56,157.77,157.68,156.86,154.43,152.29,150.34,148.69,147.33,145.58,143.88,142.07,140.10,138.14,136.23,133.98,131.58,129.41,127.53,125.52,123.70,122.63,123.19,124.88,127.87,131.70,135.34,137.69,139.34,140.57,141.26,141.00,140.38,139.39,138.46,138.76,139.44,140.05,140.51,140.83,140.92,140.63,140.10,139.19,137.22,134.81,132.30,129.31,124.98,120.87,118.89,118.03,117.31,117.28,117.92,119.08,120.75,123.12,126.21,128.35,129.47,129.30,124.98,119.82,114.84,110.58,107.88,105.35,102.91,101.01,100.66,101.07,102.24,104.05,106.39,108.63,110.80,112.41,113.14,112.81,111.82,112.34,114.97,119.53,122.02,124.38,126.76,128.56,128.47,127.92,126.00,123.20,121.48,120.64,121.89,124.44,127.32,129.61,130.45,130.57,130.34,129.83,126.75,124.32,122.83,121.38,120.50,120.02,119.80,119.93,120.73,121.67,122.37,122.75,122.79,122.51,121.83,120.47,117.85,113.70,110.52,108.29,107.43,109.08,110.24,110.00,108.15,104.48,100.86,96.44,93.24,93.19,96.03,100.09,103.16,104.68,105.10,104.84,103.08,100.41,97.46,94.15,91.13,89.22,88.54
256.49,251.05,246.23,241.86,237.96,234.93,233.48,232.20,230.24,227.21,223.51,218.51,213.12,208.33,206.11,208.40,212.17,216.00,219.11,220.71,221.62,221.59,220.38,217.91,213.11,209.40,207.47,207.30,208.99,212.04,215.90,218.71,214.88,208.22,202.16,197.82,195.38,193.73,192.94,194.37,199.34,204.41,209.04,211.93,212.95,214.06,215.01,214.78,213.66,212.38,211.00,209.57,208.12,206.65,205.24,203.80,202.35,200.67,198.09,194.11,190.40,187.19,184.33,181.47,177.86,174.03,171.17,171.87,174.98,177.90,179.84,180.65,180.59,179.54,178.27,177.30,176.41,175.46,174.19,172.63,171.15,169.92,168.98,168.15,167.23,166.38,165.51,164.64,163.76,162.86,161.95,161.08,160.21,159.28,158.41,157.32,156.06,154.80,153.97,153.59,152.99,152.06,151.19,150.74,150.34,150.17,150.52,150.88,151.74,152.63,153.31,153.97,154.23,154.08,153.06,150.39,148.56,146.65,144.81,143.21,141.09,139.40,138.28,137.41,135.95,134.40,132.38,130.20,128.32,126.58,125.01,123.97,123.99,125.66,127.96,131.02,134.59,137.94,139.93,141.07,141.81,142.21,141.66,141.06,140.47,140.05,140.31,140.61,140.81,140.95,141.09,140.92,140.51,139.57,137.64,134.32,131.50,129.27,126.98,123.49,120.55,119.02,118.34,118.04,118.38,119.44,121.25,123.72,126.32,128.88,129.99,129.76,128.04,122.39,116.88,112.34,109.15,107.66,105.78,103.74,102.18,102.25,103.09,104.51,106.48,109.06,111.72,114.48,116.52,117.38,116.91,115.47,114.85,116.03,119.61,122.14,124.79,127.44,129.50,129.94,130.00,128.81,126.66,124.92,123.35,123.65,125.28,127.42,129.49,130.31,130.39,129.99,129.03,125.39,122.66,121.22,120.17,119.60,119.47,119.56,119.87,120.62,121.41,122.00,122.34,122.45,122.48,122.04,120.79,118.04,113.20,109.27,106.10,104.23,105.51,106.73,107.14,106.44,104.20,101.13,96.34,92.11,90.58,92.44,95.74,97.99,98.76,98.93,98.83,97.92,96.28,94.17,92.40,90.56,89.27,88.69
257.41,251.30,245.32,240.01,235.28,231.17,228.78,227.57,226.27,224.30,222.32,218.28,213.43,208.47,204.45,205.55,208.53,212.16,215.91,218.29,219.65,220.09,219.44,217.41,213.73,211.98,211.87,211.94,213.67,216.32,219.24,220.59,215.40,209.17,204.00,200.48,198.71,197.31,196.81,198.09,202.04,206.78,211.05,213.77,214.86,215.75,216.40,215.85,214.46,213.09,211.70,210.30,208.87,207.41,205.95,204.54,203.14,201.70,199.93,196.57,192.75,189.12,186.01,182.97,179.74,176.58,174.52,175.88,178.59,180.64,181.76,182.21,181.59,180.43,179.22,178.23,177.29,175.92,174.37,172.76,171.19,169.90,168.92,168.05,167.13,166.27,165.38,164.46,163.56,162.68,161.82,160.96,160.09,159.16,158.24,157.33,156.36,155.32,154.47,153.71,152.87,151.94,151.02,150.19,149.55,149.21,149.23,149.12,149.09,149.19,149.37,149.27,149.21,148.83,147.98,146.52,145.13,143.01,140.95,139.62,138.33,137.20,136.29,135.45,134.16,132.55,130.77,128.99,127.39,125.83,125.06,125.20,126.17,127.37,129.67,133.12,136.97,139.69,140.98,141.85,142.55,142.93,142.47,141.97,141.60,141.43,141.47,141.56,141.61,141.53,141.24,140.84,140.33,138.68,135.33,131.43,128.91,126.99,125.13,122.93,120.95,119.89,119.41,119.20,119.45,121.13,123.88,127.02,129.11,129.98,130.07,128.84,124.83,118.28,113.03,109.70,108.18,107.00,105.43,104.03,103.32,104.15,105.58,107.00,108.95,112.06,115.62,118.87,121.17,122.07,121.42,119.86,118.69,118.59,120.25,122.90,125.82,128.31,129.81,129.99,130.00,129.78,129.25,128.30,126.72,126.26,126.73,127.74,129.11,129.79,129.79,128.99,127.04,123.87,121.38,119.98,119.53,119.19,119.27,119.58,120.10,121.24,121.88,122.51,123.04,122.67,122.12,121.46,120.18,117.40,112.67,108.23,104.30,101.36,100.84,101.21,102.20,102.95,102.02,99.99,95.44,91.36,90.04,90.29,90.90,91.32,91.48,91.60,91.95,92.13,91.76,90.67,90.14,89.63,89.12,88.67
259.01,253.51,248.20,242.80,237.44,232.57,228.67,225.32,222.75,221.11,219.64,216.08,212.05,207.95,203.73,203.00,205.66,209.76,213.52,216.04,217.40,217.93,217.66,216.55,213.45,212.56,213.87,215.88,218.06,219.64,221.05,221.43,217.02,211.76,207.16,203.81,202.23,201.52,201.08,201.88,205.25,209.90,213.38,215.72,217.04,217.62,217.72,216.90,215.45,213.94,212.47,211.03,209.58,208.12,206.69,205.32,203.97,202.61,201.13,198.90,195.63,192.03,188.87,185.91,182.86,179.91,178.13,179.97,181.35,182.44,183.28,183.48,182.50,181.16,179.92,178.92,177.94,176.46,174.92,173.44,171.91,170.53,169.49,168.62,167.74,166.89,165.98,165.03,164.06,163.06,162.08,161.16,160.24,159.24,158.34,157.45,156.53,155.59,154.73,153.88,152.99,152.05,151.05,150.07,149.27,148.66,148.22,147.80,147.42,147.20,147.09,146.69,146.35,145.74,144.81,143.65,142.45,140.78,139.12,137.94,137.03,136.27,135.36,134.18,132.69,131.31,129.88,128.42,127.13,126.17,126.06,126.64,127.73,128.96,131.31,134.58,138.02,140.29,141.44,142.37,143.19,143.65,143.39,142.96,142.70,142.61,142.33,141.96,141.59,141.22,140.85,140.53,139.92,137.86,134.00,130.26,127.90,126.01,124.21,122.53,121.52,121.15,121.22,121.68,122.41,124.65,127.10,129.04,130.10,130.20,128.58,125.07,119.48,113.95,110.53,108.59,107.50,106.38,105.21,104.56,104.70,105.84,107.18,109.26,112.23,116.31,121.17,124.41,126.16,126.47,125.40,123.71,122.10,121.11,121.66,124.25,127.04,129.09,129.94,130.04,130.06,130.06,129.96,129.54,128.75,128.16,127.77,127.58,127.84,127.88,127.48,126.34,124.05,121.78,120.16,119.25,119.00,119.06,119.37,120.04,121.24,122.83,123.49,123.75,123.65,122.75,121.76,120.60,118.86,115.97,112.19,107.99,104.08,101.03,99.58,98.79,98.97,99.46,98.99,97.48,94.22,91.19,89.91,89.76,89.72,89.68,89.65,89.66,89.81,89.98,89.90,89.43,89.27,89.13,88.94,88.76
259.71,255.21,251.08,246.16,240.77,235.76,230.69,225.12,220.83,218.76,216.93,213.61,210.04,206.51,202.77,200.65,203.14,207.73,211.53,213.92,215.11,215.57,215.58,215.33,212.79,212.53,214.93,218.63,221.18,221.92,222.09,221.86,218.97,215.07,210.95,207.43,205.97,205.92,205.51,205.92,208.95,213.51,216.06,217.79,219.11,219.36,218.96,217.95,216.51,214.90,213.33,211.82,210.33,208.86,207.47,206.14,204.83,203.50,202.12,200.84,198.30,195.01,191.81,189.02,186.38,183.84,182.33,184.09,184.11,184.27,184.76,184.63,183.39,181.94,180.65,179.61,178.57,177.14,175.70,174.36,172.96,171.49,170.35,169.45,168.58,167.71,166.80,165.83,164.81,163.67,162.56,161.54,160.55,159.49,158.59,157.69,156.77,155.86,155.07,154.32,153.50,152.56,151.53,150.39,149.38,148.50,147.71,147.08,146.55,146.14,145.81,145.29,144.76,144.01,143.05,141.94,140.87,139.70,138.51,137.47,136.79,136.32,135.45,134.00,132.21,130.74,129.44,128.26,127.35,127.03,127.40,128.15,129.17,130.57,132.88,135.77,138.66,140.58,141.75,142.82,143.78,144.38,144.30,143.87,143.54,143.33,142.72,141.93,141.16,140.50,139.96,139.58,138.79,136.60,132.82,129.56,127.34,125.41,123.67,122.57,122.52,122.79,123.42,124.58,125.82,128.14,129.82,130.31,130.33,129.43,126.08,120.64,114.28,110.37,108.83,107.99,107.00,106.02,105.27,105.25,105.99,107.27,108.46,111.49,115.80,120.73,126.28,129.09,130.10,129.83,128.58,126.94,125.04,123.42,123.16,125.54,128.11,129.70,130.00,130.10,130.11,130.10,130.08,130.00,129.98,129.45,128.45,127.23,126.39,125.65,124.75,123.40,121.23,119.87,119.11,118.74,118.67,119.12,119.83,121.06,122.95,124.77,125.37,125.12,124.27,122.97,121.66,120.08,117.92,114.95,112.08,108.52,105.19,102.53,100.22,98.12,97.03,96.67,96.20,94.91,92.96,91.09,89.91,89.73,89.66,89.60,89.57,89.66,89.70,89.51,89.25,89.10,88.99,88.89,88.86,88.93
256.97,253.41,250.49,247.02,243.24,239.75,235.13,229.10,223.49,219.30,215.47,212.09,207.62,202.75,200.17,198.68,200.98,205.50,209.97,212.06,212.92,213.28,213.38,213.31,211.78,212.48,215.24,218.31,220.65,221.80,222.20,221.98,220.89,219.13,215.51,211.28,210.20,210.31,210.10,210.70,213.74,217.91,219.52,220.14,220.55,220.50,220.00,219.02,217.65,216.03,214.42,212.83,211.24,209.70,208.35,207.03,205.72,204.38,203.01,201.69,199.81,197.20,193.96,191.33,189.96,188.98,188.21,188.16,187.60,187.04,186.50,185.65,184.37,182.99,181.66,180.49,179.36,178.13,176.81,175.51,174.41,172.91,171.56,170.43,169.47,168.55,167.58,166.62,165.63,164.48,163.33,162.22,161.12,160.04,159.06,158.16,157.27,156.42,155.89,155.54,154.99,154.18,153.26,151.63,150.20,149.17,148.50,147.88,147.24,146.65,146.13,145.64,145.11,144.55,143.89,143.01,142.02,140.93,139.87,138.99,138.55,138.28,137.77,136.67,134.50,131.67,129.74,128.75,128.39,128.50,128.95,129.69,130.79,132.39,134.25,136.69,139.29,140.95,142.17,143.26,144.31,145.12,145.06,144.44,143.64,142.80,141.91,141.05,140.22,139.26,137.99,136.80,135.67,133.88,131.21,128.75,126.67,124.77,123.49,123.90,124.72,125.31,126.13,127.59,128.84,129.85,130.38,130.40,129.88,126.42,121.85,116.75,111.51,109.39,108.40,107.56,106.73,106.38,106.13,106.22,106.81,108.08,109.55,113.86,119.48,124.48,128.53,130.03,130.38,130.24,129.76,128.66,126.96,125.13,124.22,126.13,128.50,129.95,130.08,130.16,130.13,130.10,130.08,130.01,130.00,129.50,128.41,126.77,125.24,123.69,122.29,121.08,119.89,119.09,118.57,118.41,118.90,119.48,121.11,123.37,125.64,126.91,126.97,126.20,124.98,123.71,122.36,120.84,118.81,115.93,113.13,110.74,109.05,107.46,103.69,100.06,97.60,96.11,94.93,93.37,91.84,90.62,89.93,89.80,89.77,89.75,89.93,90.72,91.48,90.97,89.95,89.49,89.26,89.07,89.06,89.31
252.97,250.22,248.21,246.11,243.96,241.87,238.13,232.61,227.19,222.73,217.91,214.03,209.41,204.11,199.79,197.49,198.94,202.73,207.05,209.43,210.52,210.98,211.09,211.15,210.55,211.25,213.08,215.05,217.10,218.86,219.96,220.21,220.14,219.74,217.63,214.59,213.62,214.24,214.80,215.67,217.70,220.38,221.26,221.38,221.29,221.04,220.60,219.82,218.67,217.04,215.39,213.76,212.15,210.59,209.17,207.86,206.56,205.21,203.76,202.24,200.46,198.13,195.12,192.96,192.11,191.60,190.98,190.26,189.49,188.69,187.81,186.70,185.42,184.07,182.78,181.62,180.49,179.37,178.22,177.06,175.90,174.36,172.89,171.61,170.50,169.39,168.35,167.38,166.42,165.30,164.14,163.06,162.01,160.92,159.74,158.80,158.05,157.47,157.22,157.07,156.75,156.14,155.16,153.57,152.02,150.75,149.86,149.01,148.37,147.83,147.37,147.02,146.63,146.18,145.61,144.69,143.62,142.55,141.61,140.91,140.50,140.30,139.99,139.22,137.27,133.93,131.59,130.59,130.74,131.28,132.04,132.81,133.57,134.63,136.04,137.99,140.10,141.62,142.81,143.91,144.93,145.66,145.44,144.80,143.67,142.22,141.04,139.77,138.26,136.58,134.87,133.48,132.45,131.24,129.58,127.69,126.00,124.88,124.61,125.63,126.74,127.56,128.38,129.45,130.32,130.52,130.27,129.50,127.66,123.32,118.91,114.75,110.78,109.31,108.46,107.73,107.19,107.19,107.16,107.20,107.57,108.85,111.34,116.07,121.76,126.74,129.56,130.44,130.60,130.53,130.31,129.71,128.52,126.97,125.77,126.94,128.81,130.05,130.14,130.19,130.11,130.02,129.83,129.22,128.64,127.98,126.94,125.26,123.58,121.91,120.54,119.62,119.01,118.43,118.24,118.51,119.34,120.80,123.51,126.27,128.07,128.70,128.29,127.27,125.94,124.57,123.13,121.62,119.78,117.35,114.83,112.81,111.52,110.37,107.19,103.16,99.63,97.02,95.40,93.58,91.99,90.87,90.37,90.38,90.84,91.94,93.56,95.10,95.92,95.19,93.02,90.06,89.48,89.25,89.26,89.79
248.27,246.25,244.82,243.83,243.11,242.23,239.63,235.25,230.93,227.23,222.10,217.57,213.17,208.02,201.12,197.18,197.14,199.71,203.53,206.42,207.99,208.66,208.76,208.95,209.08,209.32,209.75,210.55,212.18,214.36,216.15,217.04,217.59,218.10,217.82,216.83,216.06,217.43,218.91,220.00,220.71,221.61,221.97,221.92,221.62,221.25,220.91,220.38,219.46,217.89,216.26,214.64,213.05,211.50,209.97,208.68,207.40,205.99,204.38,202.56,200.60,198.33,195.77,194.23,193.46,192.81,192.05,191.28,190.51,189.72,188.85,187.75,186.49,185.20,184.00,182.92,181.79,180.69,179.71,178.72,177.36,175.79,174.24,172.81,171.51,170.11,169.05,168.12,167.19,166.12,165.00,164.03,163.12,161.98,160.63,159.64,159.06,158.83,158.79,158.73,158.59,158.20,157.15,155.88,154.36,152.82,151.56,150.36,149.71,149.32,149.05,148.89,148.69,148.33,147.70,146.62,145.43,144.38,143.57,143.03,142.59,142.33,142.06,141.47,139.96,136.81,134.38,133.37,133.97,134.97,136.12,136.90,137.16,137.44,138.35,139.68,141.19,142.59,143.72,144.77,145.64,146.04,145.61,145.01,143.69,141.74,140.19,138.33,135.96,133.49,131.56,130.32,129.57,128.91,128.08,126.75,125.67,125.60,126.41,127.52,128.54,129.44,130.14,130.54,130.82,130.51,129.63,127.86,124.55,120.48,116.97,113.98,111.22,109.72,108.81,108.23,108.02,108.21,108.27,108.21,108.38,109.70,113.34,117.99,123.13,128.00,129.93,130.60,130.81,130.79,130.58,130.37,129.77,128.73,127.54,127.87,129.11,130.07,130.19,130.19,130.00,129.68,129.07,127.70,126.36,125.48,124.59,123.14,121.66,120.29,119.23,118.60,118.31,117.88,118.08,118.81,119.84,122.50,126.21,129.11,130.07,130.10,129.39,128.30,126.97,125.45,123.92,122.41,120.79,118.91,116.78,114.70,113.14,112.01,110.24,106.51,102.26,98.64,96.69,94.64,92.91,91.77,91.45,91.79,93.00,95.57,98.87,100.94,101.34,100.36,97.01,91.02,89.75,89.43,89.45,90.27
243.40,241.91,240.36,239.55,239.35,239.13,237.74,235.19,232.44,229.54,224.78,219.95,215.50,210.88,204.84,198.99,196.26,196.95,200.71,203.57,205.40,206.26,206.42,206.85,206.99,207.00,207.11,207.59,208.32,209.58,210.93,212.10,213.30,214.62,215.27,215.38,216.08,218.36,219.95,220.81,221.39,221.91,222.15,222.09,221.77,221.39,220.98,220.38,219.53,218.31,217.00,215.50,213.92,212.33,210.79,209.62,208.28,206.63,204.70,202.62,200.47,198.35,196.49,195.41,194.60,193.84,193.07,192.29,191.52,190.69,189.77,188.72,187.54,186.40,185.37,184.36,183.01,181.85,180.87,179.89,178.63,177.07,175.35,173.63,172.01,170.32,169.40,168.73,167.94,166.94,166.02,165.20,164.33,163.10,161.94,161.04,160.47,160.28,160.26,160.24,160.13,159.84,159.22,158.25,156.63,154.85,153.50,151.95,151.02,150.56,150.43,150.43,150.41,150.11,149.46,148.36,147.19,146.31,145.68,145.25,144.83,144.42,143.73,142.68,141.26,139.24,137.68,137.14,138.09,139.59,140.84,141.55,141.68,141.82,141.93,142.27,143.00,144.19,145.25,146.10,146.52,146.26,145.70,145.13,143.87,141.80,139.52,137.19,134.61,132.09,130.22,129.28,128.48,127.80,127.32,126.98,126.84,127.28,128.21,129.17,129.80,130.35,130.78,130.88,130.65,129.87,128.09,125.17,121.69,118.91,116.51,114.23,112.05,110.27,109.30,108.87,108.85,109.15,109.31,109.33,109.57,110.98,114.42,118.93,123.88,128.38,130.05,130.70,131.03,131.16,131.00,130.79,130.39,129.76,128.99,128.73,129.43,130.13,130.24,130.13,129.53,128.28,126.53,124.75,123.16,122.27,121.68,120.87,119.83,118.95,118.17,117.54,117.37,117.60,118.18,118.96,120.10,123.57,127.51,130.16,130.69,130.56,130.11,129.16,127.76,126.18,124.71,123.34,121.87,120.11,118.19,116.25,114.49,112.92,111.20,108.22,104.09,99.94,97.41,95.21,94.12,93.91,94.48,95.73,97.87,100.72,103.70,105.35,104.83,103.04,99.40,93.47,90.36,89.57,89.60,90.51
237.42,236.09,234.68,234.07,234.19,234.50,233.74,232.02,230.25,228.47,224.88,220.69,216.60,212.60,207.89,200.89,195.98,194.73,197.68,200.67,202.81,203.96,204.34,204.90,204.90,204.73,204.68,204.94,205.16,205.68,206.57,207.81,209.08,210.78,212.10,213.14,214.92,217.64,219.61,220.76,221.35,221.83,222.06,221.99,221.63,221.14,220.52,219.77,218.90,217.88,216.76,215.54,214.23,212.86,211.51,210.34,208.89,207.07,205.00,202.77,200.60,198.71,197.39,196.54,195.57,194.62,193.75,192.88,192.06,191.16,190.09,188.68,187.11,185.94,185.08,184.36,183.33,182.46,181.58,180.56,179.29,177.61,175.72,173.80,172.01,170.29,169.50,168.85,167.94,166.94,166.27,165.72,165.11,164.26,163.33,162.50,161.96,161.78,161.55,161.35,161.10,160.78,160.39,159.68,158.10,156.18,154.63,153.14,152.17,151.70,151.66,151.80,151.89,151.67,151.08,150.20,149.49,148.78,148.09,147.46,146.89,146.18,145.15,143.82,142.45,141.24,140.83,141.34,142.81,144.50,145.52,145.98,146.03,146.07,145.78,145.51,145.52,146.06,146.53,146.63,146.34,145.71,145.11,144.70,143.86,142.20,139.58,137.11,134.62,132.08,129.82,129.02,128.40,127.91,127.72,127.97,128.35,128.91,129.61,130.30,130.67,130.89,130.97,130.79,130.22,128.82,126.33,122.96,119.88,117.96,116.24,114.44,112.57,110.77,110.07,110.10,110.62,111.46,111.90,112.00,112.13,113.25,116.03,119.97,124.43,128.53,130.17,130.90,131.31,131.49,131.39,131.19,130.85,130.41,129.93,129.53,129.83,130.22,130.26,130.09,129.10,127.13,124.53,122.21,120.55,119.75,119.37,118.96,118.21,117.52,116.95,116.65,116.98,117.74,118.52,119.34,120.86,124.79,128.50,130.72,131.02,130.84,130.58,129.83,128.57,127.11,125.75,124.46,123.03,121.24,119.37,117.40,115.33,113.26,111.48,109.03,105.13,100.79,97.89,95.67,95.36,96.16,97.57,99.62,102.25,105.04,107.43,108.27,106.71,104.14,100.31,94.91,91.36,90.12,89.83,90.70
230.62,229.03,228.01,227.71,228.12,228.94,228.13,226.06,224.53,224.06,222.33,219.65,216.43,213.07,209.72,202.53,196.28,193.13,194.38,197.59,200.14,201.74,202.54,203.10,202.87,202.57,202.44,202.49,202.63,202.79,203.35,204.42,205.20,206.81,208.57,210.39,212.69,215.37,218.04,220.02,220.72,221.37,221.66,221.56,221.11,220.42,219.47,218.51,217.59,216.59,215.52,214.70,213.91,212.98,211.99,210.72,209.13,207.26,205.25,203.04,201.01,199.40,198.40,197.51,196.30,195.07,194.00,192.94,192.00,191.00,189.63,187.45,185.08,183.70,183.06,182.83,182.67,182.40,181.76,180.70,179.30,177.38,175.33,173.33,171.54,170.07,169.30,168.38,167.04,165.99,165.60,165.39,165.26,165.23,164.54,163.77,163.28,163.11,162.47,161.89,161.39,160.93,160.50,160.04,158.68,156.74,154.94,153.86,153.09,152.67,152.65,152.90,153.02,152.91,152.60,152.26,152.45,151.99,150.98,149.77,148.76,147.61,146.35,145.02,143.70,142.87,143.69,145.62,147.71,149.21,149.74,149.84,149.82,149.70,149.48,149.03,148.45,147.98,147.37,146.22,145.05,144.34,143.74,143.61,143.47,142.70,140.38,138.21,136.06,133.53,130.51,129.57,129.27,129.18,129.25,129.58,130.00,130.33,130.58,130.91,131.18,131.11,130.80,130.31,129.55,127.49,124.62,121.52,119.20,117.49,115.98,114.43,112.71,111.31,111.27,112.09,113.47,115.24,116.14,116.26,116.08,116.60,118.39,121.29,124.90,128.54,130.30,131.20,131.64,131.74,131.71,131.51,131.17,130.76,130.40,130.23,130.28,130.34,130.26,130.07,128.70,126.30,123.26,120.33,118.68,118.02,117.77,117.45,116.80,115.98,115.63,116.06,117.23,118.31,119.20,120.28,122.44,126.32,129.35,131.00,131.21,131.02,130.84,130.35,129.47,128.29,127.05,125.75,124.23,122.31,120.37,118.17,115.69,113.14,111.30,108.98,105.28,101.08,98.16,96.15,96.66,98.38,100.45,103.06,105.72,108.18,109.90,109.56,106.97,103.74,99.85,95.24,92.94,91.47,90.58,91.19
226.54,224.46,222.63,222.42,223.65,225.23,223.87,220.92,218.84,218.60,217.90,216.45,214.40,212.02,209.28,203.41,197.22,192.60,191.35,193.82,196.71,199.12,200.70,201.18,200.86,200.62,200.56,200.53,200.59,200.63,200.78,201.15,201.65,202.77,204.27,206.21,209.02,211.93,214.75,217.14,218.72,219.97,220.49,220.36,219.69,218.77,217.72,216.73,215.87,215.14,214.15,213.46,212.86,212.12,211.28,210.05,208.49,206.73,205.00,203.33,201.53,199.85,198.62,197.45,196.08,194.67,193.31,192.10,191.12,189.64,187.52,184.85,182.20,180.97,180.79,181.18,181.34,181.32,180.95,180.12,178.78,176.89,174.87,172.86,171.01,169.68,168.42,166.96,165.37,164.23,163.83,163.76,163.81,163.91,163.75,163.36,162.91,162.40,161.62,161.02,160.39,159.76,159.49,159.47,158.48,156.95,155.61,154.46,153.39,152.69,152.56,152.76,152.94,153.21,153.86,155.30,156.53,156.67,155.46,152.96,150.79,149.04,147.51,146.16,145.07,144.74,145.84,147.73,149.41,150.56,150.92,150.94,150.89,150.78,150.61,150.14,149.40,148.47,147.18,145.44,143.73,142.46,141.46,141.25,141.43,141.66,141.44,140.44,139.05,137.14,134.51,132.47,131.38,130.91,130.90,131.05,131.31,131.45,131.43,131.25,131.10,130.80,130.26,129.43,128.37,126.63,124.18,121.32,119.00,117.19,115.63,114.12,112.76,112.85,114.06,115.68,117.47,119.53,120.64,120.80,120.58,121.00,121.59,123.12,125.53,128.44,130.33,131.46,131.89,131.76,131.59,131.37,131.23,131.10,130.82,130.64,130.46,130.30,130.16,129.93,127.97,125.09,121.91,119.13,117.23,116.46,116.23,115.96,115.47,114.88,115.17,116.53,117.90,119.04,121.07,123.82,126.52,128.74,130.35,131.24,131.31,131.11,131.00,130.81,130.37,129.54,128.37,126.94,125.26,123.26,121.12,118.75,116.13,113.41,111.02,107.97,104.10,100.32,98.27,97.35,98.34,100.42,103.00,105.72,108.40,110.21,110.52,108.54,105.29,101.87,98.70,96.39,96.61,96.38,95.40,94.52
222.89,220.22,217.52,217.14,219.02,221.74,220.11,216.40,213.69,213.26,212.90,212.27,211.26,209.93,208.18,203.82,198.23,192.85,189.48,190.54,193.40,196.31,198.39,198.83,198.77,198.81,198.94,198.95,198.94,198.87,198.63,198.30,198.55,199.22,200.33,202.11,204.96,208.06,211.05,213.81,216.19,217.93,218.89,218.93,218.06,216.88,215.75,214.78,214.06,213.63,212.77,212.17,211.62,210.88,209.96,208.71,207.25,205.68,204.20,203.02,201.51,199.88,198.50,197.13,195.65,194.10,192.55,191.18,189.85,187.80,185.07,182.08,179.19,177.84,177.77,178.53,178.97,179.45,179.55,179.11,178.07,176.31,174.36,172.39,170.50,169.00,167.18,165.28,163.55,162.30,161.87,161.84,162.00,162.13,162.36,162.30,161.80,160.78,159.53,158.55,157.64,156.95,157.09,157.80,157.75,156.97,155.85,154.58,153.21,152.25,151.96,152.06,152.26,152.91,154.39,157.15,159.31,160.00,158.85,155.78,152.83,150.53,148.74,147.33,146.35,146.30,147.38,148.91,150.08,150.89,151.16,151.20,151.15,151.08,150.97,150.54,149.74,148.47,146.82,144.82,142.81,141.08,139.63,139.12,139.32,140.14,141.43,141.61,141.13,140.09,138.27,135.82,134.05,133.00,132.57,132.36,132.26,132.06,131.72,131.19,130.75,130.21,129.43,128.32,127.03,125.67,123.72,121.19,118.87,117.03,115.39,114.02,113.46,114.76,116.80,119.06,121.40,123.74,124.99,125.23,125.06,125.42,125.17,125.55,126.80,128.84,130.63,131.67,131.89,131.50,131.23,131.03,131.10,131.22,131.04,130.79,130.40,129.91,129.40,128.87,126.76,123.82,120.72,118.16,115.93,114.96,114.69,114.46,114.12,114.04,115.06,117.13,118.81,120.62,123.71,127.34,129.80,130.55,131.04,131.35,131.31,131.16,131.13,131.16,131.08,130.59,129.57,128.05,126.18,124.05,121.67,119.08,116.38,113.63,110.88,107.26,103.16,99.69,98.54,98.58,100.03,102.39,105.27,108.05,110.71,111.63,110.31,107.02,103.35,100.24,98.31,98.42,100.61,101.48,100.47,98.19
218.87,215.56,212.39,211.43,213.40,217.86,216.79,212.81,209.60,208.66,207.58,207.12,206.70,206.46,206.78,203.64,199.11,194.19,189.82,188.56,190.65,193.33,195.17,195.67,196.53,197.20,197.62,197.90,197.88,197.59,196.99,196.25,196.20,196.61,197.46,198.78,200.77,203.88,207.27,210.50,213.19,215.06,216.81,217.38,216.40,214.91,213.64,212.74,212.23,212.08,211.43,210.92,210.31,209.29,207.96,206.54,205.20,203.92,202.55,201.51,200.39,199.20,198.03,196.73,195.20,193.63,192.08,190.51,188.21,185.54,182.67,179.62,176.31,174.14,173.36,173.96,174.90,176.44,177.41,177.56,177.24,175.66,173.79,171.93,170.05,167.77,165.55,163.51,161.75,160.42,159.97,159.94,160.13,160.40,160.70,160.68,159.98,158.26,155.81,153.56,152.02,151.51,152.45,154.38,156.24,156.80,155.05,153.74,152.38,151.32,150.81,150.81,150.95,151.85,153.62,156.20,159.03,160.00,159.35,157.46,154.80,152.18,150.07,148.56,147.44,147.15,147.95,149.22,150.13,150.65,150.88,150.98,151.03,151.01,150.94,150.59,149.76,148.16,146.58,144.66,142.68,140.89,139.07,138.00,137.80,138.36,139.20,140.20,140.75,140.73,140.06,138.95,137.25,135.55,134.22,133.39,132.63,131.78,130.95,130.44,130.13,129.35,128.22,126.95,125.64,124.32,122.67,120.67,118.69,117.03,115.40,114.48,115.45,116.92,118.74,121.31,124.70,127.56,128.90,129.30,129.28,129.38,129.14,128.97,129.25,130.26,131.50,131.79,131.42,130.77,130.58,130.52,130.68,130.90,130.88,130.57,130.01,128.94,127.34,126.00,124.73,122.63,119.85,117.34,114.76,113.51,113.13,112.94,112.70,113.53,115.23,117.54,120.02,123.83,127.28,129.62,130.37,130.81,131.09,131.20,131.16,131.18,131.24,131.34,131.40,131.20,130.52,129.00,126.93,124.60,121.93,119.05,116.22,113.57,111.08,107.56,103.29,99.75,99.20,99.58,101.55,104.27,107.15,110.09,112.60,112.30,109.24,105.56,101.75,99.70,99.73,101.85,104.34,105.36,104.23,101.33
216.50,212.16,209.29,208.77,210.80,215.04,215.68,212.34,208.63,206.41,204.08,202.93,202.58,202.99,204.10,203.07,200.40,196.35,191.30,188.03,188.37,190.24,192.28,193.27,194.54,195.44,195.97,196.38,196.69,196.18,195.25,194.35,193.88,194.09,194.88,196.19,198.06,200.62,203.74,207.28,210.86,213.06,215.00,215.79,214.97,213.37,211.75,210.35,209.36,208.93,207.93,207.45,207.13,206.48,205.13,203.99,202.96,201.92,200.81,199.88,199.01,198.17,197.31,196.24,194.84,193.35,191.88,190.32,187.68,184.64,181.44,177.99,174.33,171.71,170.48,170.82,171.92,173.74,174.96,175.41,175.66,174.89,173.45,171.74,169.87,167.35,164.87,162.51,160.38,158.79,158.02,157.77,157.74,157.66,157.97,157.71,156.69,154.81,152.50,150.66,149.56,149.40,150.39,152.33,154.60,155.82,154.56,152.90,151.31,150.14,149.56,149.43,149.52,150.20,151.69,154.34,157.52,158.96,158.74,157.19,155.03,152.73,150.65,148.97,147.79,147.39,148.05,149.20,150.08,150.43,150.54,150.58,150.64,150.74,150.72,150.25,149.19,147.46,145.79,144.07,142.37,140.72,138.99,137.53,136.54,136.17,136.55,137.51,138.03,138.15,138.06,136.94,135.61,134.46,133.59,132.73,131.82,130.82,129.85,129.12,128.65,127.95,126.96,125.75,124.48,123.17,121.71,120.10,118.58,117.16,115.83,115.31,116.64,118.02,119.90,122.73,126.42,129.21,130.51,130.97,131.05,131.13,130.95,130.78,130.93,131.46,131.59,131.07,130.29,129.60,129.49,129.87,130.33,130.69,130.74,130.38,129.09,127.09,124.71,122.80,121.89,120.60,118.55,115.97,113.41,112.08,111.64,111.65,111.68,113.65,116.13,118.70,122.18,126.38,129.09,130.19,130.36,130.59,130.77,130.83,130.79,130.90,131.16,131.40,131.54,131.46,131.06,129.74,127.58,124.74,121.69,118.91,116.35,113.96,111.53,108.14,104.76,102.31,101.94,102.44,104.17,106.51,109.11,111.96,113.38,112.08,108.59,105.19,101.86,100.77,101.89,104.75,107.24,108.10,107.51,105.64
215.28,210.02,207.32,207.14,209.07,212.66,215.06,212.87,209.13,205.71,201.98,199.77,199.10,199.66,200.97,201.78,200.98,198.13,193.06,188.38,186.79,187.44,189.41,191.05,192.62,193.63,194.23,194.76,195.44,194.84,193.70,192.61,191.60,191.53,192.31,193.79,195.76,197.71,200.38,204.04,208.53,211.39,213.37,214.22,213.69,212.05,209.85,207.62,205.87,205.06,203.73,203.26,203.26,203.10,202.02,201.31,200.55,199.64,198.81,198.03,197.41,196.88,196.31,195.53,194.41,193.11,191.72,190.25,187.53,184.29,180.82,177.07,173.03,170.11,168.50,168.38,169.47,171.19,172.45,173.14,173.84,173.92,173.03,171.56,169.77,167.24,164.62,161.99,159.51,157.68,156.50,155.78,155.24,154.66,154.82,154.31,153.13,151.44,149.75,148.68,148.28,148.52,149.39,150.97,153.15,154.69,154.04,152.01,150.22,148.98,148.32,148.02,148.08,148.54,149.73,152.42,155.65,157.51,157.66,156.16,154.50,152.65,150.69,148.82,147.62,147.14,147.71,148.79,149.62,149.86,149.82,149.76,149.84,150.15,150.32,149.72,148.35,146.54,144.75,143.22,141.79,140.30,138.80,137.13,135.45,134.14,134.00,134.46,134.55,134.50,134.68,133.39,132.58,132.27,132.13,131.46,130.59,129.61,128.60,127.64,126.94,126.35,125.61,124.53,123.35,122.09,120.79,119.54,118.45,117.28,116.34,116.18,117.42,118.67,120.74,123.79,127.49,130.05,131.28,131.80,132.00,132.13,131.99,131.92,132.06,132.23,131.31,130.08,128.97,128.27,128.41,129.31,130.09,130.53,130.59,130.22,128.21,125.36,122.37,119.98,119.04,118.28,116.95,114.48,112.10,110.78,110.35,110.54,110.92,113.89,117.12,120.01,124.16,128.06,129.78,129.89,129.86,130.02,130.24,130.31,130.22,130.31,130.84,131.29,131.51,131.54,131.35,130.28,128.16,124.91,121.61,119.01,116.79,114.68,112.38,109.41,107.22,106.03,105.75,106.32,107.57,109.29,111.46,113.87,113.89,111.69,108.21,105.25,102.51,101.99,103.63,106.82,109.31,110.00,110.01,109.48
216.17,210.85,206.94,205.58,206.86,210.67,213.66,213.33,211.16,207.79,202.59,199.17,197.31,196.84,197.78,198.41,198.63,197.62,194.42,190.18,187.15,185.73,186.20,188.52,190.60,191.82,192.52,193.28,194.08,193.90,192.91,191.31,189.39,188.69,189.44,191.24,193.12,194.95,197.29,200.67,205.43,209.90,212.00,212.83,212.67,211.03,207.65,204.13,201.48,200.54,199.53,199.13,199.09,199.11,198.84,198.57,197.80,196.66,195.95,195.50,195.34,195.15,194.66,194.16,193.64,192.75,191.42,190.00,187.44,184.28,180.95,177.65,173.08,169.92,167.85,166.76,167.63,168.84,170.09,171.22,172.01,172.38,172.06,171.14,169.60,167.34,164.79,162.23,159.89,158.08,156.51,154.73,152.97,151.96,151.41,150.94,150.30,149.41,148.44,147.60,147.46,148.08,149.06,150.45,152.51,153.96,153.13,150.97,149.38,148.22,147.31,146.69,146.69,147.47,148.99,151.24,153.99,155.85,156.16,154.69,153.22,151.62,149.71,147.71,146.42,145.87,146.40,147.34,147.88,148.03,147.83,147.68,147.89,148.71,149.48,148.98,147.30,145.31,143.46,141.91,140.47,138.99,137.71,136.23,134.63,133.16,132.29,131.60,131.09,130.82,130.78,130.39,130.27,130.36,130.43,130.07,129.26,128.26,127.21,126.22,125.35,124.71,124.03,123.11,122.11,120.96,119.94,119.09,118.14,117.18,116.64,116.74,117.73,118.94,121.35,124.59,128.07,130.48,131.79,132.51,132.90,133.06,132.81,132.48,132.18,131.77,130.66,129.13,127.67,126.90,127.86,129.29,130.15,130.44,130.43,130.13,128.05,125.00,121.71,118.83,117.06,115.87,114.80,113.19,111.08,109.89,109.57,109.88,110.66,113.81,117.55,121.06,124.47,127.45,128.64,128.51,128.25,128.81,129.38,129.53,129.20,129.04,129.91,130.72,131.14,131.39,131.29,130.46,128.65,125.66,122.67,120.10,117.90,116.03,114.33,112.73,111.61,110.98,110.93,111.66,112.45,113.55,115.10,116.12,114.70,111.77,108.31,105.58,103.02,101.92,103.00,106.61,109.39,110.22,110.37,110.31
215.61,211.16,205.92,203.33,204.14,208.31,211.95,213.10,212.20,209.22,203.79,199.66,196.91,195.31,194.65,194.51,194.98,195.30,194.43,191.75,188.71,185.84,184.11,185.67,187.94,189.78,191.06,191.96,192.82,193.06,192.38,190.49,187.62,185.61,185.69,187.56,189.79,191.99,194.34,197.38,201.66,206.37,209.37,211.04,211.36,209.83,205.29,201.32,198.87,197.81,196.81,196.10,195.79,195.88,196.04,195.97,195.13,193.74,192.93,192.69,192.93,193.16,192.94,192.60,192.42,191.88,190.75,189.39,187.20,184.44,181.52,178.70,174.18,170.57,167.91,166.15,165.82,166.05,166.88,168.13,169.24,170.26,170.40,169.85,168.89,167.67,165.53,163.14,160.93,159.07,157.25,154.92,152.38,150.56,149.52,148.96,148.49,147.88,147.28,146.61,146.66,147.53,148.76,150.19,152.16,153.41,152.23,149.89,148.05,146.73,145.85,145.19,145.59,146.84,148.62,150.59,152.88,154.49,154.82,153.63,152.33,150.87,148.87,146.55,144.97,144.46,144.84,145.42,145.54,145.52,145.36,145.37,145.86,147.04,148.30,148.08,146.45,144.32,142.29,140.59,139.19,138.06,137.00,135.72,134.22,132.67,131.45,130.33,129.52,129.01,128.77,128.69,128.79,128.91,128.89,128.55,127.79,126.84,125.82,124.83,123.99,123.34,122.67,121.83,121.05,120.16,119.41,118.84,118.23,117.65,117.34,117.48,118.23,119.27,121.76,125.00,128.30,130.65,132.16,132.91,133.08,132.91,132.48,131.97,131.46,130.85,129.79,128.24,126.65,125.80,127.17,129.11,130.14,130.37,130.36,130.12,128.34,125.52,122.15,119.00,116.34,114.25,112.71,111.66,110.22,109.33,109.03,109.32,110.20,114.22,118.56,121.90,124.51,126.18,126.75,126.58,126.40,127.31,128.24,128.53,127.99,127.52,128.40,129.38,130.04,130.58,130.72,130.08,128.69,126.67,124.72,122.53,120.48,118.77,117.42,116.66,116.18,115.88,115.89,116.28,116.62,116.97,117.17,116.31,114.23,111.42,108.41,106.03,103.57,101.79,102.12,105.71,108.23,109.65,110.33,110.50
213.76,210.57,204.34,200.78,201.23,205.63,210.14,212.38,212.38,210.00,205.29,200.88,197.54,194.91,192.08,190.83,190.96,191.98,193.23,192.58,190.60,187.05,183.07,182.82,184.90,187.44,189.54,190.64,191.60,192.21,191.92,190.03,186.29,182.72,181.74,183.41,186.13,188.88,191.42,194.15,197.61,201.79,205.99,208.90,209.77,208.43,203.09,199.30,197.58,196.35,195.07,193.84,193.09,193.11,193.39,193.47,192.58,190.97,189.84,189.68,190.27,190.97,191.13,190.79,190.70,190.40,189.56,188.26,186.63,184.53,182.21,179.86,175.78,171.69,168.44,166.28,164.22,163.23,163.32,164.31,165.77,167.61,168.15,167.84,167.63,167.72,166.34,164.36,162.33,160.39,158.45,155.97,153.03,150.25,148.84,148.06,147.41,146.71,146.20,145.66,145.84,146.88,148.39,150.00,151.92,152.91,151.38,148.80,146.38,144.73,144.00,143.59,144.67,146.44,148.39,150.24,152.13,153.33,153.57,152.77,151.63,150.20,148.02,145.34,143.42,142.94,143.08,143.20,142.92,142.70,142.69,143.00,143.81,145.25,146.90,147.13,145.81,143.57,141.38,139.57,138.35,137.74,136.91,135.77,134.31,132.67,131.31,130.17,129.26,128.56,128.16,127.95,127.91,127.81,127.54,127.06,126.36,125.55,124.68,123.80,123.18,122.60,121.93,121.16,120.49,119.78,119.19,118.81,118.67,118.53,118.36,118.39,118.94,119.78,122.10,125.18,128.31,130.67,132.41,133.08,132.79,132.04,131.40,130.77,130.20,129.65,128.75,127.35,125.80,124.85,126.19,128.54,129.91,130.30,130.34,130.16,128.84,126.42,123.11,119.94,116.46,113.29,110.96,110.12,109.46,108.91,108.59,108.81,109.63,114.82,119.72,122.40,124.18,124.47,124.40,124.34,124.47,125.66,126.94,127.40,126.68,125.93,126.54,127.49,128.38,129.18,129.56,129.04,128.09,127.26,126.61,125.12,123.47,122.05,120.99,120.64,120.42,120.21,120.09,119.85,119.66,119.13,117.71,115.06,112.87,110.61,108.24,106.25,103.93,101.62,101.17,104.18,106.00,108.09,109.51,109.89
210.42,207.50,202.33,199.19,199.13,202.60,208.69,211.41,211.64,210.15,206.89,202.68,199.08,196.01,192.38,190.06,189.19,189.38,190.21,190.51,190.19,187.83,183.69,181.13,182.09,184.38,186.83,188.77,190.29,191.11,191.15,189.83,185.87,181.72,179.87,180.66,183.15,185.79,188.34,191.01,194.28,198.98,203.19,206.26,207.66,206.64,202.45,199.09,197.05,195.29,193.45,191.79,190.52,189.96,190.28,190.86,190.34,188.62,186.79,186.53,187.33,188.42,188.98,188.13,187.76,187.47,186.82,185.62,184.75,183.61,182.12,180.17,176.48,172.59,169.34,166.85,163.66,161.80,160.88,160.82,161.98,164.05,164.98,165.07,165.19,165.56,165.55,164.93,163.56,161.59,159.89,157.52,154.45,151.32,149.28,147.99,146.91,145.86,145.30,144.80,144.97,145.99,147.68,149.48,151.34,152.19,150.61,147.70,144.78,142.63,141.75,142.11,143.67,145.68,147.84,149.88,151.37,152.09,152.12,151.44,150.37,148.75,146.48,143.84,141.82,141.09,140.93,140.86,140.64,140.50,140.55,140.92,141.82,143.55,145.58,146.41,145.65,143.34,141.21,140.05,139.56,139.28,138.62,137.34,135.67,133.80,132.05,130.45,129.41,128.78,128.32,127.87,127.39,126.94,126.52,126.17,125.73,125.31,124.95,124.67,124.57,124.20,123.73,123.20,122.03,120.56,119.63,119.43,119.45,119.62,119.52,119.46,120.03,120.92,122.80,125.38,128.28,130.66,132.48,133.05,132.44,131.22,130.37,129.60,128.92,128.35,127.45,126.18,124.79,123.79,124.27,126.52,128.75,130.13,130.19,130.12,128.91,126.51,123.24,120.53,116.73,113.18,110.61,109.55,108.78,108.24,108.01,108.31,109.25,114.69,119.61,121.81,122.50,122.24,122.02,122.15,122.80,124.20,125.71,126.28,125.47,124.61,124.67,125.36,126.28,126.81,126.89,126.31,125.45,124.72,124.31,123.82,123.47,123.34,123.29,123.02,122.47,121.77,121.08,120.45,119.27,117.69,115.79,113.42,111.19,108.90,106.69,105.02,103.14,101.25,100.32,101.23,102.00,103.73,105.47,106.80
206.54,203.95,200.22,197.69,197.29,200.05,206.04,209.38,210.34,209.44,206.88,203.30,200.05,197.03,193.17,190.24,188.55,187.68,187.45,188.03,188.79,187.78,184.55,180.96,180.08,181.42,183.91,186.41,188.34,189.35,189.81,189.24,185.71,181.52,178.78,178.31,180.51,183.06,185.62,188.24,191.39,196.20,200.47,203.69,205.48,205.40,202.58,199.73,197.42,195.21,192.82,190.22,187.79,186.18,186.34,187.35,187.60,186.40,183.83,183.44,184.35,185.69,186.58,185.44,184.49,183.93,183.49,182.67,182.51,182.13,181.30,179.79,176.81,173.33,169.97,166.78,162.81,160.50,158.98,158.24,159.24,161.01,161.94,162.26,162.61,163.08,164.01,164.54,164.08,162.64,161.26,159.25,156.50,153.21,150.18,148.28,146.82,145.37,144.51,143.97,144.07,145.06,147.01,148.96,150.75,151.54,150.00,146.69,143.30,140.88,140.05,140.87,142.63,144.72,146.91,149.02,150.24,150.70,150.63,150.06,148.87,147.03,144.75,142.32,140.42,139.52,139.16,138.99,138.88,138.88,139.00,139.43,140.41,142.25,144.47,145.86,145.82,143.85,141.95,141.14,140.92,140.70,140.07,138.80,137.05,135.02,133.08,131.25,130.01,129.27,128.80,128.25,127.62,127.03,126.63,126.47,126.22,126.08,126.09,126.16,126.35,126.17,125.89,125.57,124.22,122.94,122.25,122.23,122.36,122.45,122.13,121.77,122.07,122.86,124.09,125.94,128.44,130.78,132.70,133.07,131.98,130.40,129.33,128.43,127.66,127.02,126.13,124.91,123.65,122.63,122.38,123.79,125.66,127.14,127.59,128.19,127.46,125.59,122.96,120.68,117.21,113.84,111.21,109.74,108.64,107.84,107.46,107.78,108.88,113.62,118.06,120.23,120.43,120.00,119.81,120.21,121.51,123.05,124.57,125.12,124.23,123.33,122.91,123.22,123.92,124.14,123.95,123.27,122.33,121.39,120.69,120.71,121.25,122.19,123.27,123.31,122.65,121.45,119.66,117.81,115.69,113.59,111.76,110.22,108.47,106.52,104.59,103.10,101.66,100.28,99.25,98.97,99.20,100.38,101.89,103.40
202.43,200.34,198.11,196.16,195.63,198.19,201.94,206.07,208.49,207.78,204.88,202.30,200.04,197.56,194.00,191.10,188.92,187.04,185.49,185.67,186.60,186.74,185.34,182.39,179.12,178.78,180.88,183.52,185.54,186.77,187.70,188.00,185.68,181.98,178.35,176.30,178.17,180.79,183.38,185.96,188.97,193.24,197.80,201.25,203.29,204.81,203.31,201.05,198.74,196.30,193.39,189.23,184.94,181.88,181.61,182.88,184.26,184.27,181.06,180.53,181.43,182.84,183.92,182.94,181.17,179.98,179.72,179.57,179.98,180.05,179.62,178.66,176.76,173.88,170.23,165.93,161.45,159.14,157.58,156.73,157.82,158.78,159.23,159.49,160.00,160.56,161.84,163.08,163.73,163.44,162.39,161.01,159.09,155.82,151.48,148.93,147.19,145.29,143.86,143.16,143.14,144.05,146.40,148.43,150.17,150.97,149.55,145.78,142.03,139.63,139.13,139.88,141.58,143.56,145.59,147.51,148.66,149.10,149.13,148.71,147.22,145.16,142.96,140.88,139.32,138.41,137.95,137.75,137.71,137.87,138.11,138.65,139.73,141.48,143.67,145.47,146.24,145.09,143.58,142.59,142.00,141.53,140.82,139.77,138.18,136.15,134.35,132.63,131.14,130.07,129.61,129.19,128.75,128.35,128.09,128.16,128.01,127.97,128.08,128.12,128.26,128.20,128.07,127.87,126.85,126.99,127.33,127.48,127.68,127.28,126.44,125.56,125.21,125.65,126.07,127.03,128.93,131.13,133.13,133.14,131.39,129.59,128.29,127.27,126.42,125.70,124.80,123.58,122.38,121.38,120.77,120.58,120.58,120.96,122.19,123.99,124.23,123.52,122.28,120.29,117.88,115.24,112.67,110.68,109.19,107.88,107.03,107.21,108.45,111.53,114.96,117.58,118.07,117.83,117.80,118.60,120.69,122.26,123.55,123.91,122.98,122.05,121.28,121.06,121.25,121.20,120.85,120.03,118.92,117.64,116.20,116.02,116.74,118.21,120.34,121.11,120.76,119.21,115.87,111.83,108.96,106.99,105.71,105.17,104.49,103.45,102.08,100.63,99.56,98.61,97.93,97.84,98.22,98.86,99.57,100.23
200.43,198.19,196.31,194.53,193.97,196.44,199.29,202.97,205.89,206.34,203.02,200.52,198.71,197.03,194.74,192.26,189.95,187.59,185.15,184.09,184.74,185.53,185.25,182.68,179.33,176.88,176.69,180.02,182.26,183.38,184.19,185.01,185.19,182.54,178.77,175.71,176.05,178.51,181.25,184.11,187.50,191.64,195.56,198.61,200.71,202.59,202.80,201.77,199.91,197.34,193.98,188.96,183.78,180.09,179.31,180.12,181.57,182.28,179.88,178.80,179.28,180.52,181.56,181.32,179.44,177.46,176.14,175.63,176.40,176.91,176.90,176.63,176.03,174.01,170.88,166.66,161.05,158.40,156.62,155.38,156.08,156.33,156.16,156.06,156.58,157.67,159.78,161.73,162.84,163.06,162.42,161.48,160.22,157.97,153.55,150.25,147.88,145.82,143.71,142.53,142.06,142.52,144.64,146.85,149.08,150.25,148.74,144.96,141.41,139.05,138.31,139.11,140.61,142.38,144.22,145.96,146.97,147.37,147.47,147.26,146.05,144.15,142.10,140.22,138.90,137.88,137.06,136.58,136.70,136.91,137.51,138.40,139.59,141.15,143.07,144.88,145.89,145.01,143.82,142.86,142.15,141.58,140.94,140.12,139.02,137.57,135.83,134.37,133.10,132.15,131.69,131.30,130.82,130.36,130.08,130.23,130.25,130.35,130.54,130.71,130.90,130.95,130.90,130.69,129.83,130.14,130.55,130.62,130.63,130.25,129.54,128.75,128.22,128.17,128.29,128.92,130.37,132.30,133.24,132.45,130.47,128.82,127.41,126.20,125.18,124.38,123.47,122.31,121.25,120.42,119.78,119.24,118.83,118.85,119.80,120.91,121.22,121.04,120.57,119.57,118.13,116.00,113.52,111.64,110.11,108.72,107.48,106.74,107.39,109.44,112.08,114.53,115.33,115.33,115.81,117.29,119.94,121.52,122.66,122.85,121.79,120.70,119.45,118.38,117.68,117.42,116.51,115.46,114.40,113.22,111.61,110.98,111.16,112.19,114.22,116.33,117.03,115.84,112.35,107.93,104.49,102.23,101.17,100.83,100.48,100.01,99.38,98.50,97.86,97.13,96.64,96.84,97.35,97.95,98.54,98.96
200.02,197.31,195.13,193.11,192.30,194.35,196.76,199.79,202.94,204.76,201.83,199.35,197.59,196.24,194.86,192.89,190.72,188.17,185.12,182.76,183.00,184.13,184.62,182.44,179.46,175.47,173.07,176.12,178.51,179.24,179.69,181.09,183.81,182.73,179.45,175.67,173.91,175.87,178.90,182.31,186.16,190.27,193.48,196.04,198.15,200.00,201.50,201.71,200.61,198.22,194.45,189.04,183.48,179.29,177.97,178.14,179.32,180.40,179.14,177.53,177.39,178.25,179.16,179.50,178.00,175.62,173.20,172.05,172.84,173.63,174.02,174.36,174.79,173.72,171.37,167.54,161.24,158.21,156.11,154.38,154.22,153.81,153.19,152.78,153.19,154.49,157.34,160.11,161.84,162.29,161.92,161.32,160.61,159.28,155.38,151.70,148.83,146.55,143.66,141.96,141.06,141.03,142.57,144.78,147.35,148.95,147.77,144.17,140.94,138.63,137.61,138.38,139.72,141.30,142.95,144.44,145.18,145.48,145.67,145.74,145.00,143.35,141.46,139.73,138.48,137.38,136.27,135.57,135.88,136.28,137.24,138.43,139.68,141.09,142.75,144.33,145.20,144.35,143.35,142.44,141.72,141.18,140.66,140.07,139.47,138.70,137.30,136.27,135.36,134.64,134.33,134.00,133.54,133.06,132.73,132.85,132.98,133.12,133.26,133.38,133.41,133.47,133.54,133.46,132.75,132.86,133.06,133.01,132.83,132.54,132.06,131.45,130.88,130.49,130.53,131.06,132.09,133.19,132.83,131.37,129.45,127.99,126.56,125.19,124.02,123.08,122.14,121.11,120.22,119.56,118.94,118.38,117.92,117.81,118.36,118.63,118.77,118.83,118.81,118.67,118.05,116.49,114.33,112.66,111.12,109.78,108.38,106.92,106.65,107.51,109.32,111.55,112.64,112.88,113.76,115.68,118.57,120.44,121.65,121.83,120.73,119.27,117.53,115.73,114.24,113.50,111.99,110.75,109.79,108.75,107.16,106.09,105.80,106.48,108.33,111.44,113.11,112.47,109.06,104.66,100.83,98.29,97.32,97.00,96.78,96.72,96.70,96.34,96.04,95.63,95.44,95.91,96.53,97.21,97.80,98.05
202.16,198.65,195.23,192.27,190.57,191.42,193.60,196.31,199.61,202.71,202.20,200.15,197.77,195.50,193.53,192.06,190.40,188.07,184.79,181.59,181.35,182.38,183.18,181.66,178.66,174.78,171.62,171.62,173.90,173.75,173.63,175.94,180.50,181.99,180.25,176.10,171.58,172.27,175.90,180.40,184.53,188.59,191.48,193.83,195.88,197.51,199.05,200.09,200.26,198.72,194.62,189.58,184.20,179.32,177.44,177.04,177.70,178.72,178.46,176.68,175.70,175.77,176.49,176.63,176.25,174.58,171.73,169.88,170.02,170.73,171.45,172.12,172.77,172.66,171.23,167.81,162.35,158.99,156.45,154.13,152.23,151.26,150.65,150.30,150.36,150.81,153.88,157.78,160.90,161.31,160.82,160.45,160.08,158.87,156.13,153.07,150.18,147.37,143.57,141.41,140.34,140.01,140.46,142.14,144.38,146.33,146.65,143.42,140.39,138.16,137.06,137.66,138.96,140.49,141.96,143.03,143.22,143.33,143.62,144.05,143.95,142.54,140.80,139.15,137.65,136.54,135.48,134.87,135.43,136.41,137.59,138.77,139.95,141.44,142.97,143.97,144.14,143.10,141.99,141.08,140.47,140.15,139.75,139.41,139.16,138.92,138.56,138.36,137.82,137.34,137.52,137.43,137.31,137.08,136.73,136.63,136.64,136.57,136.34,135.81,135.13,134.93,135.26,135.82,135.31,135.08,135.00,134.89,134.62,134.31,133.86,133.30,132.78,132.49,132.66,133.28,133.88,132.83,131.36,129.84,128.38,126.98,125.63,124.31,123.02,121.83,120.82,120.04,119.36,118.73,118.11,117.51,117.03,116.90,117.35,117.56,117.58,117.56,117.56,117.53,117.39,116.69,115.41,113.78,112.13,110.89,109.83,108.61,107.07,106.02,106.70,108.95,110.31,110.72,111.55,113.15,115.59,118.52,120.26,120.76,119.91,117.73,115.46,113.48,111.70,109.71,107.82,106.58,105.66,104.59,103.14,101.85,101.60,102.80,105.05,107.84,109.86,109.86,106.18,101.65,97.79,95.21,94.19,93.99,93.88,94.02,94.23,93.94,93.73,93.93,94.42,95.08,95.81,96.52,96.95,96.87
205.60,201.31,197.43,193.80,190.79,189.42,190.32,192.53,195.80,199.57,201.24,200.44,198.36,195.77,193.34,191.36,189.39,187.09,184.25,181.38,180.11,180.48,181.68,181.14,178.83,174.79,170.81,169.69,170.85,170.53,170.35,172.13,175.98,179.01,179.17,176.06,170.84,170.41,173.91,178.97,183.59,187.13,189.70,191.63,193.00,193.94,195.16,196.43,197.39,197.16,194.22,189.81,184.85,180.22,177.77,176.31,175.99,176.55,176.84,175.60,174.43,173.89,174.13,174.28,174.34,173.27,170.88,168.61,167.76,167.72,168.18,169.09,170.26,170.93,170.27,167.57,163.33,159.95,156.81,153.70,151.04,150.00,149.46,149.10,149.04,149.42,151.91,156.01,160.20,160.48,159.00,157.88,157.31,156.47,154.89,153.07,150.71,147.39,143.34,140.96,139.75,139.30,139.35,140.37,142.07,144.10,145.45,142.78,140.04,137.89,136.59,136.69,137.86,139.31,140.57,141.12,141.07,141.15,141.61,142.44,142.97,141.91,140.30,138.59,136.86,135.41,134.42,134.27,135.43,136.75,138.01,139.16,140.28,141.70,143.08,143.55,143.06,141.93,140.72,139.72,139.09,138.87,138.53,138.22,138.02,137.88,137.54,137.59,137.42,137.00,136.51,135.99,135.63,135.38,135.24,135.37,135.34,135.02,134.39,133.56,132.97,132.97,133.56,134.57,134.93,135.03,135.02,134.94,134.80,134.66,134.48,134.25,134.01,133.75,133.58,133.43,132.95,131.28,129.61,128.27,127.16,125.90,124.53,123.20,121.91,120.73,119.86,119.19,118.57,117.95,117.34,116.72,116.20,115.97,116.26,116.38,116.40,116.38,116.39,116.43,116.44,116.19,115.59,114.55,112.98,111.84,110.94,109.91,108.56,106.65,105.66,106.28,107.88,108.45,109.23,110.51,112.32,115.22,117.14,117.88,117.25,115.20,113.09,110.76,108.18,105.66,103.82,102.77,102.08,101.31,100.29,99.30,99.11,100.07,101.90,103.74,104.96,104.78,102.02,98.28,94.69,92.29,91.63,91.53,91.52,91.68,91.95,92.03,92.21,92.73,93.47,94.20,94.94,95.74,96.07,95.63
209.04,204.37,200.43,196.38,192.16,188.43,187.36,188.84,191.91,195.90,199.30,200.09,198.76,196.18,193.57,190.94,188.50,186.20,183.96,181.77,179.55,178.91,179.94,180.17,178.86,174.97,170.55,169.03,168.81,168.48,168.43,169.32,171.61,175.39,177.21,175.63,170.68,169.30,172.41,177.75,182.88,185.80,187.99,189.40,189.94,190.15,190.96,192.21,193.65,194.71,193.48,189.89,185.49,181.47,178.50,175.96,174.51,174.30,174.87,174.37,173.30,172.33,172.04,172.22,172.39,171.85,170.22,167.77,165.95,164.95,164.80,165.64,167.05,168.10,168.03,166.34,163.70,160.63,157.02,153.22,150.32,149.37,148.85,148.44,148.37,148.99,150.70,154.46,159.24,159.62,157.03,154.81,153.68,153.23,152.63,152.02,150.31,146.70,142.80,140.47,139.26,138.76,138.67,139.05,140.20,142.15,144.13,142.13,139.78,137.73,136.19,135.65,136.58,137.89,138.91,139.00,138.87,138.97,139.59,140.83,141.90,141.20,139.62,137.72,135.84,134.07,133.28,133.75,135.55,137.11,138.45,139.59,140.64,141.88,143.02,143.01,142.00,140.83,139.51,138.37,137.66,137.46,137.17,136.80,136.56,136.33,135.65,135.63,135.68,135.22,133.81,132.80,132.12,131.79,131.88,132.30,132.29,131.78,130.93,130.04,129.80,130.09,130.83,132.02,133.21,133.82,134.03,134.02,134.07,134.14,134.24,134.36,134.43,134.16,133.54,132.49,130.95,129.30,127.77,126.67,125.82,124.75,123.37,122.02,120.79,119.76,119.08,118.47,117.85,117.23,116.60,115.98,115.39,115.02,115.16,115.18,115.23,115.27,115.29,115.36,115.37,115.35,115.25,114.89,113.63,112.63,111.81,110.94,110.21,107.99,105.51,104.11,105.49,106.15,106.91,107.91,109.10,111.47,113.29,114.16,113.80,112.22,110.33,107.59,104.31,101.77,100.22,99.42,98.97,98.54,98.00,97.46,97.30,97.78,98.95,99.80,99.98,99.38,97.65,94.88,91.86,89.89,89.65,89.61,89.67,89.78,90.00,90.48,91.05,91.75,92.54,93.33,94.07,94.92,95.12,94.40
210.40,206.84,203.27,199.36,194.90,189.89,185.89,185.98,188.39,191.86,195.69,198.05,197.76,195.56,193.63,191.41,189.23,187.13,185.07,183.06,180.97,178.97,177.43,177.04,176.84,174.68,171.42,169.25,168.15,167.44,167.40,168.32,169.84,172.81,174.85,174.41,170.28,168.41,171.21,176.63,181.94,184.59,186.21,187.03,187.16,187.27,187.88,189.03,190.54,191.99,192.29,189.84,186.21,182.59,179.42,176.50,174.02,172.53,172.97,172.88,172.04,171.03,170.52,170.48,170.61,170.40,169.43,167.22,164.98,163.26,162.19,161.86,161.88,162.06,162.14,162.00,161.88,159.89,156.59,152.83,150.14,149.05,148.31,147.79,147.87,148.67,150.04,152.90,156.86,158.34,155.64,152.47,150.34,149.86,149.55,149.03,147.52,144.52,141.23,139.68,138.89,138.36,138.00,138.18,139.06,140.61,142.35,141.32,139.52,137.66,135.96,134.70,135.18,136.10,136.80,136.89,136.73,136.82,137.55,139.09,140.47,139.85,137.94,135.53,133.83,132.36,132.26,133.42,135.46,137.34,138.87,140.06,140.97,141.92,142.48,142.15,141.10,139.90,138.38,137.06,136.25,136.02,135.72,135.31,135.04,134.79,133.97,133.60,133.34,132.67,131.21,130.55,130.08,129.87,130.00,130.25,130.22,129.94,129.49,129.01,128.87,129.08,129.56,130.21,130.88,131.63,132.13,132.29,132.33,132.44,132.55,132.66,132.75,132.40,131.69,130.58,129.06,127.53,126.05,124.98,124.26,123.46,122.24,120.97,119.88,119.13,118.50,117.88,117.27,116.64,115.97,115.34,114.64,114.10,114.15,114.16,114.21,114.25,114.27,114.34,114.35,114.32,114.25,114.10,113.64,113.03,112.32,111.51,110.72,108.75,106.25,104.04,103.46,103.93,104.75,105.61,106.51,108.14,109.35,110.06,110.16,109.14,106.55,103.43,100.61,99.00,97.90,97.24,96.80,96.42,96.04,95.67,95.48,95.71,96.65,97.28,97.36,96.63,94.55,91.97,90.22,89.26,88.97,88.90,88.99,89.05,89.11,89.45,90.02,90.77,91.63,92.57,93.49,94.02,93.98,93.33
209.85,206.88,203.70,200.22,196.19,191.22,185.69,184.04,185.36,188.70,192.72,196.00,196.12,193.76,191.96,190.22,188.47,186.83,185.43,184.08,182.32,180.03,177.51,175.92,174.83,173.38,171.45,169.26,167.75,166.67,166.48,167.46,168.72,171.01,172.74,172.61,169.32,167.74,170.34,175.42,180.51,182.96,184.11,184.53,184.47,184.53,185.09,186.27,187.84,189.42,190.24,188.85,186.15,182.94,179.89,176.77,173.64,171.26,171.19,171.21,170.64,169.80,169.19,168.97,169.10,169.24,168.81,166.68,164.24,162.08,160.46,159.59,158.94,158.67,158.77,159.27,159.96,158.80,156.28,153.10,150.52,149.13,148.11,147.38,147.33,148.24,149.49,151.83,155.28,157.65,155.25,151.78,149.06,148.09,147.14,146.11,144.56,142.25,140.11,139.13,138.58,138.11,137.69,137.45,138.02,139.29,140.72,140.51,139.13,137.41,135.69,134.10,133.84,134.22,134.72,134.82,134.60,134.66,135.39,136.90,138.11,137.48,135.52,133.09,131.84,130.98,131.33,132.79,135.08,137.28,139.07,140.34,141.11,141.72,141.80,141.31,140.35,138.95,137.19,135.71,134.81,134.56,134.23,133.86,133.57,133.22,132.32,131.73,131.32,130.73,129.69,129.27,128.91,128.74,128.87,128.98,128.93,128.77,128.54,128.28,128.12,128.28,128.62,129.00,129.39,130.00,130.49,130.69,130.73,130.84,130.94,130.97,130.83,130.47,129.72,128.62,127.18,125.76,124.31,123.28,122.65,122.02,121.09,120.08,119.19,118.55,117.93,117.31,116.69,116.05,115.31,114.57,113.81,113.24,113.21,113.18,113.21,113.24,113.25,113.32,113.32,113.27,113.21,113.08,113.00,112.71,112.21,111.50,110.69,109.02,106.74,104.22,102.40,102.18,102.61,103.22,103.82,104.83,105.71,106.48,106.97,106.29,103.77,100.82,98.30,96.84,95.87,95.20,94.71,94.34,94.02,93.75,93.59,93.70,94.38,94.90,94.95,94.21,92.20,90.26,89.26,88.75,88.38,88.30,88.37,88.38,88.36,88.61,89.25,90.10,91.04,91.99,92.94,93.12,92.83,92.24
207.83,204.98,202.10,199.16,195.97,191.97,186.16,182.72,182.75,186.35,190.52,194.10,194.06,191.13,188.99,187.60,186.28,185.25,184.84,184.48,183.21,181.55,179.54,176.60,173.31,171.59,170.71,168.94,167.40,166.02,165.60,166.60,167.96,169.83,170.94,170.48,167.94,167.23,169.74,174.15,178.68,180.95,181.69,181.84,181.76,181.73,182.40,183.75,185.45,186.97,187.54,187.03,185.38,182.63,179.91,176.51,173.06,170.35,169.58,169.49,169.17,168.59,167.96,167.61,167.82,168.28,168.28,166.17,163.66,161.30,159.48,158.62,157.94,157.61,157.63,157.96,158.10,157.45,155.96,153.75,151.24,149.47,148.15,147.14,146.72,147.67,148.95,151.09,154.30,157.26,155.65,152.53,149.61,147.83,145.72,143.83,142.02,140.30,139.51,138.91,138.44,138.09,137.80,137.04,137.22,138.14,139.16,139.53,138.49,136.91,135.28,133.70,132.62,132.41,132.75,132.81,132.53,132.56,133.16,134.32,135.00,134.37,132.69,130.72,130.10,129.96,130.50,131.89,134.34,136.85,138.95,140.38,141.04,141.32,141.06,140.50,139.56,137.85,135.86,134.28,133.36,133.10,132.75,132.46,132.15,131.66,130.76,130.10,129.72,129.42,129.02,128.69,128.33,128.15,128.22,128.29,128.19,128.04,127.85,127.62,127.40,127.53,127.86,128.24,128.62,128.92,129.16,129.30,129.38,129.46,129.50,129.34,128.84,128.47,127.76,126.68,125.31,123.96,122.54,121.59,121.06,120.52,119.95,119.32,118.66,117.98,117.36,116.74,116.11,115.43,114.59,113.70,112.91,112.39,112.32,112.26,112.24,112.24,112.24,112.30,112.27,112.23,112.16,111.95,111.85,111.79,111.58,111.00,110.26,108.88,106.88,104.42,102.12,100.89,100.61,100.84,101.13,101.65,102.45,103.41,104.17,103.63,101.81,99.46,97.05,95.16,94.01,93.22,92.65,92.30,92.00,91.81,91.72,91.79,92.19,92.61,92.63,91.98,90.47,89.47,88.78,88.20,87.76,87.71,87.71,87.67,87.66,87.88,88.67,89.66,90.64,91.50,92.31,92.18,91.68,91.11
205.38,202.88,199.92,196.89,193.95,190.76,184.96,180.97,180.62,184.44,189.21,192.46,192.08,189.00,186.49,184.61,183.26,182.52,182.52,182.56,182.30,181.63,180.25,177.60,174.25,171.69,169.79,167.97,166.54,165.24,164.77,165.68,167.13,168.81,169.57,168.84,166.56,166.73,169.30,173.02,176.59,178.84,178.93,178.59,178.46,178.24,179.06,180.94,183.14,184.45,184.77,184.65,183.88,182.12,179.44,174.57,170.95,169.34,168.50,168.22,167.87,167.35,166.73,166.25,166.53,167.19,167.51,165.95,163.32,160.88,159.06,157.99,157.06,156.44,156.21,156.35,156.20,155.64,154.73,153.41,151.53,149.63,148.01,146.66,145.87,146.87,148.20,149.97,152.45,155.48,155.98,154.22,151.39,149.11,146.93,144.64,142.28,140.20,139.59,139.30,139.10,138.96,138.78,138.20,137.57,137.10,137.02,137.34,136.89,135.76,134.17,132.76,131.81,131.33,131.14,131.00,130.82,130.81,131.06,131.52,131.81,131.53,130.73,129.76,129.38,129.38,129.79,130.82,132.81,135.41,137.86,139.67,140.58,140.79,140.49,139.49,137.90,135.99,133.97,132.65,131.95,131.72,131.43,131.11,130.75,130.31,129.71,129.21,128.88,128.64,128.37,128.07,127.74,127.55,127.59,127.61,127.49,127.31,127.11,126.92,126.70,126.82,127.14,127.47,127.77,127.98,128.15,128.28,128.37,128.44,128.15,127.48,126.57,126.06,125.58,124.79,123.53,122.06,120.89,120.17,119.77,119.38,119.02,118.59,118.05,117.41,116.79,116.17,115.46,114.63,113.69,112.76,111.99,111.51,111.44,111.41,111.36,111.29,111.22,111.24,111.22,111.19,111.07,110.78,110.70,110.69,110.56,110.17,109.57,108.36,106.53,104.20,101.93,100.26,99.45,99.24,99.25,99.39,99.98,100.78,101.38,100.96,99.56,97.69,95.67,93.85,92.30,91.34,90.83,90.60,90.47,90.36,90.28,90.29,90.51,90.67,90.60,90.21,89.38,88.77,88.22,87.67,87.18,87.09,87.04,86.98,86.97,87.23,88.12,89.03,89.89,90.72,91.14,90.94,90.46,89.84
202.65,200.60,197.53,194.26,191.16,188.06,182.83,178.88,178.55,182.69,187.85,190.89,190.41,187.40,184.63,182.21,180.64,179.96,180.17,180.47,180.87,180.78,179.84,177.93,175.51,172.82,170.14,167.90,166.27,164.76,164.01,164.58,166.10,167.73,168.35,167.49,165.29,166.11,168.75,171.94,174.69,176.60,176.04,175.15,174.77,174.44,175.12,177.02,179.47,181.32,182.15,182.39,182.13,180.97,178.10,172.69,169.23,168.34,167.53,167.06,166.60,166.08,165.50,164.96,165.12,165.81,166.53,165.93,163.53,161.05,159.10,157.91,156.76,155.74,155.03,154.70,154.34,153.79,153.18,152.43,151.15,149.37,147.66,146.13,145.11,145.95,147.30,148.82,150.70,153.42,155.39,155.25,153.37,150.91,148.82,146.62,144.25,142.11,141.60,141.94,142.25,142.27,142.09,140.87,138.98,137.08,135.93,135.77,135.42,134.49,133.06,131.93,131.20,130.60,130.10,129.85,129.73,129.68,129.63,129.61,129.64,129.59,129.42,129.14,128.88,128.94,129.26,129.92,131.26,133.43,135.85,137.90,139.14,139.39,139.13,137.92,135.97,133.98,132.12,131.06,130.57,130.35,130.12,129.83,129.53,129.23,128.88,128.50,128.19,127.94,127.71,127.45,127.15,126.96,126.92,126.90,126.77,126.58,126.38,126.20,126.00,126.10,126.37,126.64,126.87,127.04,127.20,127.31,127.31,127.13,126.47,125.43,124.27,123.57,123.30,122.82,121.80,120.48,119.57,119.00,118.65,118.37,118.11,117.78,117.36,116.80,116.18,115.49,114.69,113.75,112.75,111.81,111.04,110.53,110.41,110.39,110.32,110.11,109.82,109.69,109.64,109.52,109.28,108.95,108.89,108.89,108.86,108.72,108.34,107.58,106.12,103.97,101.78,99.94,98.74,98.05,97.65,97.44,97.78,98.28,98.52,98.02,96.91,95.46,93.87,92.30,90.79,89.89,89.47,89.34,89.32,89.27,89.18,89.13,89.24,89.19,89.04,88.80,88.42,87.97,87.50,87.00,86.52,86.39,86.31,86.24,86.23,86.43,87.24,88.03,88.78,89.51,89.61,89.39,88.95,88.32
199.61,198.11,195.04,191.47,187.72,183.72,179.74,176.44,176.47,181.06,186.18,189.35,189.19,186.49,183.60,180.84,178.90,178.01,178.30,178.77,179.14,178.94,178.11,177.13,176.43,174.85,172.35,169.38,167.04,164.89,163.39,163.22,164.77,166.48,167.21,166.44,164.20,165.30,167.95,170.87,173.13,174.18,173.09,171.66,170.75,170.48,170.57,171.59,173.80,177.26,179.63,180.38,180.14,178.87,175.58,171.37,168.57,167.41,166.56,165.94,165.34,164.78,164.29,163.75,163.53,164.04,165.25,166.00,164.44,162.00,159.75,158.59,157.32,155.81,154.33,153.19,152.57,152.01,151.43,150.76,149.86,148.54,147.04,145.57,144.53,144.94,146.22,147.73,149.32,151.32,153.40,154.93,155.17,153.03,150.97,149.47,148.01,146.48,146.31,147.70,148.71,148.83,148.45,145.26,141.65,138.59,136.60,135.50,134.43,133.29,132.17,131.42,130.78,130.23,129.83,129.65,129.51,129.37,129.24,129.12,129.05,128.97,128.84,128.65,128.44,128.63,128.94,129.33,129.93,130.97,132.76,134.74,136.31,136.67,136.48,135.50,133.86,131.94,130.46,129.61,129.19,129.02,128.79,128.65,128.56,128.47,128.22,127.86,127.49,127.19,127.02,126.84,126.58,126.34,126.22,126.14,126.01,125.85,125.67,125.46,125.28,125.34,125.51,125.69,125.92,126.09,126.24,126.32,126.07,125.29,124.28,123.17,122.00,121.14,120.98,120.79,120.15,119.41,118.75,118.17,117.73,117.47,117.18,116.86,116.53,116.14,115.49,114.66,113.76,112.81,111.81,110.87,110.03,109.39,109.13,109.08,108.93,108.48,107.79,107.38,107.18,106.87,106.44,106.15,106.10,106.10,106.19,106.38,106.35,106.45,105.72,103.86,101.73,99.95,98.52,97.34,96.32,95.80,95.81,95.87,95.59,94.73,93.76,92.69,91.50,90.28,89.58,89.11,88.77,88.64,88.63,88.56,88.46,88.37,88.43,88.33,88.09,87.79,87.46,87.02,86.55,86.11,85.74,85.58,85.48,85.44,85.41,85.37,85.85,86.51,87.19,87.72,87.68,87.42,87.01,86.44
196.17,196.20,193.53,189.54,184.97,180.33,176.69,174.19,174.92,179.78,184.80,188.03,188.12,185.75,183.09,180.70,178.59,177.05,176.54,176.92,177.25,177.24,176.67,175.31,174.35,173.61,172.70,171.11,168.80,166.42,163.90,161.88,162.87,164.66,165.74,165.32,163.03,163.74,166.13,169.05,171.51,172.06,171.10,169.87,168.97,168.71,168.70,169.26,170.57,172.75,174.54,175.87,176.56,176.11,173.73,170.67,168.33,166.87,165.66,164.84,164.18,163.60,163.09,162.56,162.12,162.15,162.80,163.72,163.47,162.75,161.53,159.43,158.03,156.57,154.97,153.26,151.54,150.64,150.08,149.56,148.79,147.64,146.26,144.93,144.00,143.83,144.92,146.32,147.65,149.23,151.25,153.20,154.49,154.13,152.72,151.55,150.53,149.57,149.47,150.32,150.80,150.58,149.94,147.03,143.42,140.09,137.70,136.00,134.61,133.40,132.39,131.67,130.94,130.28,129.81,129.66,129.54,129.45,129.33,129.14,128.99,128.80,128.52,128.19,128.00,128.18,128.47,128.77,129.08,129.65,130.66,131.81,132.78,133.11,132.99,132.42,131.45,130.18,129.04,128.31,127.91,127.74,127.52,127.34,127.28,127.28,127.18,127.03,126.77,126.47,126.28,126.12,125.91,125.72,125.56,125.40,125.25,125.09,124.93,124.74,124.58,124.52,124.59,124.78,124.98,125.17,125.33,125.28,124.60,123.59,122.51,121.43,120.41,119.75,119.62,119.52,119.14,118.58,118.00,117.42,116.90,116.55,116.23,115.92,115.63,115.32,114.80,114.13,113.29,112.31,111.26,110.14,108.92,107.78,107.09,106.75,106.31,105.66,104.87,104.31,104.04,103.75,103.42,103.29,103.27,103.31,103.50,103.87,104.13,104.60,104.68,103.92,102.08,100.44,99.08,97.83,96.48,95.41,94.59,93.85,93.07,92.20,91.44,90.74,90.04,89.32,88.84,88.44,88.11,87.95,87.92,87.87,87.76,87.64,87.62,87.49,87.18,86.80,86.50,86.06,85.60,85.22,84.97,84.81,84.68,84.60,84.54,84.41,84.54,84.99,85.50,85.73,85.59,85.36,85.02,84.50
192.85,194.27,192.37,188.23,183.01,177.84,174.12,172.19,173.53,178.62,183.44,186.59,187.01,185.21,182.91,180.98,178.73,176.44,174.83,175.02,175.31,175.51,175.24,173.48,171.92,171.57,172.03,172.17,170.45,167.99,164.50,160.70,161.00,162.88,164.29,164.16,161.84,162.01,163.87,166.59,169.33,170.05,169.63,168.78,167.91,167.59,167.62,167.94,168.44,169.01,169.80,171.31,172.69,173.06,171.88,169.98,168.12,166.46,164.88,163.82,163.08,162.48,161.92,161.38,160.86,160.44,160.33,160.95,161.77,162.81,162.96,160.53,159.06,157.74,156.14,153.92,150.91,149.58,148.97,148.50,147.76,146.72,145.48,144.32,143.51,142.85,143.56,144.69,145.81,147.15,149.01,151.03,152.95,154.29,153.77,152.99,152.31,151.78,151.58,151.53,151.24,150.57,149.49,147.16,144.07,140.96,138.54,136.60,135.10,133.90,132.94,132.15,131.32,130.56,130.00,129.81,129.72,129.69,129.62,129.42,129.18,128.84,128.38,127.89,127.66,127.69,127.92,128.18,128.37,128.72,129.09,129.41,129.67,129.88,129.80,129.56,129.19,128.55,127.71,127.05,126.65,126.46,126.23,126.00,125.91,125.98,125.98,126.05,125.94,125.71,125.53,125.38,125.22,125.06,124.90,124.69,124.52,124.37,124.21,124.07,123.92,123.75,123.70,123.89,124.05,124.26,124.41,124.25,123.27,122.19,121.12,120.10,119.24,118.75,118.60,118.52,118.30,117.80,117.25,116.69,116.12,115.64,115.30,114.99,114.70,114.43,114.06,113.59,112.90,111.97,110.88,109.59,107.98,106.34,105.13,104.31,103.48,102.63,101.86,101.27,100.92,100.56,100.18,99.95,99.66,99.52,99.65,100.14,101.11,102.27,103.25,103.50,102.18,100.83,99.69,98.53,96.97,95.41,93.86,92.41,91.21,90.36,89.74,89.30,88.98,88.66,88.23,87.81,87.47,87.27,87.24,87.17,87.05,86.91,86.81,86.67,86.29,85.83,85.55,85.11,84.68,84.36,84.20,84.05,83.90,83.80,83.72,83.57,83.45,83.69,83.99,83.96,83.78,83.62,83.35,82.90
190.29,191.75,191.39,188.10,182.84,177.28,172.97,170.75,172.19,177.53,181.90,184.59,185.62,185.12,183.28,181.47,179.02,176.00,173.18,173.09,173.39,173.62,173.52,172.54,171.07,170.00,169.87,170.96,170.93,168.50,164.35,160.00,159.74,161.73,163.18,162.94,160.75,160.45,161.20,162.86,165.57,168.08,168.86,168.37,167.16,166.52,166.56,166.98,167.53,168.00,168.40,168.83,169.32,169.70,169.42,168.81,167.66,166.06,164.41,163.02,162.09,161.44,160.85,160.30,159.85,159.35,158.84,158.70,159.45,160.95,162.37,162.28,160.97,159.54,157.74,154.94,150.86,149.14,148.27,147.48,146.71,145.77,144.80,143.89,143.11,142.37,142.22,142.69,143.73,145.10,146.65,148.74,150.99,152.47,152.95,153.08,152.92,152.41,151.85,151.18,150.48,149.44,147.33,144.66,142.06,139.84,138.21,136.83,135.59,134.47,133.51,132.72,131.89,131.16,130.59,130.22,130.09,130.07,130.05,129.96,129.69,129.19,128.59,128.00,127.63,127.20,127.22,127.48,127.67,128.03,128.28,128.43,128.46,128.35,128.20,128.00,127.67,127.10,126.44,125.84,125.41,125.14,124.90,124.67,124.58,124.65,124.65,124.72,124.78,124.83,124.81,124.68,124.52,124.37,124.21,124.04,123.88,123.73,123.59,123.49,123.34,123.11,122.95,123.02,123.16,123.33,123.46,123.35,122.58,121.56,120.51,119.53,118.70,118.04,117.77,117.64,117.42,116.96,116.43,115.91,115.38,114.77,114.41,114.10,113.80,113.49,113.11,112.79,112.39,111.77,110.74,109.33,107.63,105.82,104.06,102.41,101.05,100.03,99.40,98.94,98.48,97.59,96.37,95.23,93.73,92.68,92.23,92.87,95.87,99.18,101.15,101.42,101.17,100.48,99.76,98.84,97.22,95.57,93.94,92.39,90.99,89.96,89.21,88.70,88.35,88.03,87.64,87.21,86.84,86.63,86.55,86.43,86.28,86.13,86.00,85.84,85.47,84.98,84.62,84.17,83.83,83.59,83.44,83.29,83.18,83.13,83.09,83.01,82.96,83.02,83.10,83.08,82.99,82.89,82.71,82.41
187.53,189.44,190.12,187.32,182.16,176.84,172.12,169.72,171.16,176.50,180.66,182.88,184.20,184.59,183.13,181.51,178.95,175.44,171.74,171.29,171.49,171.79,172.07,172.13,171.11,169.69,168.69,169.00,169.74,167.84,163.96,159.66,158.65,160.19,162.06,162.62,160.21,159.34,159.50,160.63,163.00,165.90,167.74,167.95,166.75,165.70,165.41,165.62,166.03,166.36,166.50,166.47,166.53,166.78,166.87,166.93,166.61,165.70,164.00,162.38,161.20,160.36,159.73,159.38,158.99,158.41,157.69,157.21,157.93,159.44,161.16,162.25,161.95,160.98,159.51,157.13,152.90,150.13,148.55,147.68,146.83,146.00,144.98,143.84,142.76,141.92,141.36,141.29,141.83,142.76,143.99,146.09,148.59,150.37,151.43,151.95,152.04,151.59,150.66,149.49,148.24,146.69,144.33,142.17,140.55,139.35,138.39,137.28,136.13,135.04,134.08,133.30,132.52,131.86,131.33,130.88,130.58,130.49,130.46,130.32,130.00,129.42,128.74,128.09,127.60,127.03,126.79,126.80,126.89,127.18,127.29,127.26,127.13,126.88,126.68,126.47,126.15,125.58,125.05,124.59,124.16,123.81,123.57,123.34,123.24,123.29,123.36,123.51,123.76,124.00,124.10,123.98,123.83,123.69,123.57,123.44,123.27,123.11,123.00,122.88,122.73,122.48,122.25,122.18,122.28,122.43,122.53,122.43,121.80,120.86,119.90,119.03,118.25,117.52,117.03,116.76,116.57,116.10,115.59,115.09,114.57,113.99,113.53,113.17,112.85,112.50,112.12,111.85,111.58,111.18,110.40,108.83,106.97,105.04,103.08,101.15,99.60,98.36,97.43,96.81,95.98,94.76,93.31,92.04,90.75,89.81,89.36,89.83,92.13,94.75,96.72,97.87,98.95,99.12,98.91,98.38,97.25,95.69,94.06,92.45,90.95,89.79,88.94,88.28,87.75,87.40,87.02,86.61,86.22,85.95,85.83,85.68,85.53,85.37,85.22,85.03,84.64,84.30,84.44,84.43,84.28,84.11,84.00,83.90,83.80,83.69,83.57,83.37,83.26,83.22,83.21,83.17,83.10,83.02,82.86,82.58
184.74,187.22,188.73,186.34,181.39,176.39,171.39,168.93,170.32,175.52,179.71,181.54,182.91,183.80,182.64,181.24,178.49,174.58,170.51,169.68,169.73,170.10,170.81,171.92,171.76,170.41,168.53,167.22,167.85,166.55,163.44,159.58,157.78,158.59,160.82,162.44,160.05,158.66,158.41,159.25,161.25,163.87,166.43,167.46,166.58,165.15,164.33,164.09,164.20,164.40,164.33,164.12,164.00,164.09,164.26,164.66,165.15,165.17,163.60,161.87,160.39,159.27,158.63,158.52,158.18,157.55,156.73,156.12,156.81,158.08,159.59,161.14,162.07,161.83,161.00,159.55,155.98,152.30,149.86,148.65,147.69,146.94,145.75,144.23,142.72,141.69,140.84,140.31,140.23,140.55,141.44,143.39,145.96,148.03,149.35,149.94,150.00,149.47,148.17,146.74,145.14,143.31,141.29,140.02,139.44,139.14,138.71,137.79,136.69,135.61,134.66,133.88,133.19,132.62,132.15,131.67,131.17,130.97,130.85,130.59,130.18,129.54,128.86,128.23,127.66,127.12,126.63,126.26,126.16,126.29,126.21,126.01,125.76,125.44,125.19,124.95,124.63,124.06,123.65,123.30,122.94,122.53,122.23,121.99,121.90,121.97,122.14,122.42,122.82,123.20,123.39,123.28,123.13,123.01,122.94,122.85,122.66,122.51,122.40,122.25,122.10,121.84,121.56,121.38,121.41,121.53,121.60,121.49,120.96,120.12,119.29,118.54,117.84,117.09,116.39,115.93,115.73,115.23,114.75,114.24,113.72,113.23,112.66,112.24,111.89,111.51,111.13,110.87,110.62,110.30,109.74,108.02,106.02,104.03,102.05,100.17,98.63,97.20,95.82,94.89,93.64,92.25,90.91,89.92,89.43,89.02,88.80,89.00,89.53,90.38,91.88,94.11,96.38,97.29,97.50,97.39,96.95,95.70,94.18,92.60,91.05,89.79,88.85,88.00,87.23,86.79,86.38,85.99,85.60,85.27,85.14,85.03,84.92,84.81,84.74,84.60,84.28,84.20,84.97,85.48,85.51,85.34,85.21,85.18,85.06,84.88,84.62,84.25,83.99,83.89,83.83,83.75,83.68,83.59,83.38,83.06
182.21,185.03,187.45,185.97,181.36,175.69,170.49,168.27,169.74,174.70,179.37,181.23,182.25,182.80,181.84,180.68,177.11,172.71,169.64,168.62,168.45,168.88,169.91,171.38,173.17,172.93,170.78,167.94,166.63,165.14,162.87,159.86,157.56,157.48,159.03,160.81,160.29,158.93,157.89,158.14,160.39,162.91,165.17,166.63,166.77,165.23,163.71,162.70,162.31,162.45,162.10,161.65,161.37,161.39,161.65,162.31,163.19,163.81,163.22,161.61,159.75,158.28,157.71,157.64,157.33,156.70,155.82,155.10,155.56,156.54,157.81,159.34,160.50,160.88,160.83,160.40,158.96,156.57,153.47,150.44,149.14,148.34,147.22,145.72,144.00,142.36,140.82,139.84,139.56,139.51,139.98,141.31,143.27,145.23,146.45,146.74,146.16,144.75,143.24,142.33,141.57,140.75,139.85,139.28,138.96,138.75,138.51,138.05,137.18,136.18,135.23,134.50,133.94,133.44,132.96,132.45,131.96,131.58,131.28,130.93,130.31,129.54,128.94,128.56,128.15,127.68,127.05,126.37,125.85,125.52,125.17,124.82,124.47,124.06,123.75,123.47,123.15,122.75,122.41,122.09,121.76,121.37,120.85,120.58,120.62,120.88,121.15,121.54,121.98,122.41,122.67,122.53,122.40,122.33,122.30,122.22,122.06,121.91,121.78,121.62,121.47,121.21,120.91,120.66,120.56,120.57,120.57,120.45,120.06,119.40,118.69,117.99,117.34,116.63,115.89,115.28,114.88,114.39,113.88,113.38,112.89,112.37,111.86,111.41,110.98,110.56,110.22,110.00,109.70,109.10,107.94,106.32,104.47,102.52,100.61,99.05,97.63,96.20,94.75,93.51,92.15,90.86,89.78,89.09,88.72,88.40,88.20,88.29,88.59,89.22,90.58,92.74,94.99,95.62,95.71,95.74,95.78,95.33,94.29,92.92,91.38,89.99,89.02,88.03,86.98,86.20,85.70,85.30,84.91,84.61,84.72,84.84,84.97,85.18,85.54,85.81,86.00,86.30,86.92,87.34,87.28,86.91,86.44,86.34,86.22,86.02,85.74,85.31,84.96,84.66,84.46,84.38,84.31,84.11,83.80,83.37
179.80,183.17,186.22,185.47,181.34,175.46,169.93,167.73,169.15,173.88,178.74,180.67,181.43,181.61,180.82,179.58,175.90,171.68,169.17,167.91,167.47,167.92,169.34,171.52,174.56,175.46,173.83,170.33,167.53,165.59,163.51,160.72,157.91,156.56,157.24,159.16,159.99,158.78,157.17,156.96,159.40,161.80,163.81,165.50,166.43,165.37,163.61,162.02,160.97,160.66,160.12,159.61,159.26,159.17,159.46,160.13,161.14,162.18,162.44,161.37,159.51,157.60,156.44,156.48,156.44,155.97,155.05,154.15,154.07,154.67,155.66,156.77,157.67,158.48,159.13,159.45,159.26,158.12,155.78,152.92,151.40,150.19,148.89,147.32,145.41,143.30,141.31,139.91,139.28,138.91,139.07,139.86,141.11,142.49,143.28,143.33,142.64,141.30,140.17,139.73,139.52,139.31,139.03,138.78,138.53,138.33,138.16,137.96,137.40,136.63,135.84,135.19,134.67,134.17,133.65,133.12,132.62,132.12,131.66,131.23,130.50,129.74,129.27,129.05,128.70,128.20,127.51,126.72,126.00,125.41,124.91,124.46,124.06,123.60,123.24,122.88,122.51,122.18,121.82,121.48,121.14,120.74,120.17,119.68,119.39,119.41,119.87,120.58,121.16,121.61,121.94,121.83,121.72,121.68,121.67,121.62,121.48,121.33,121.16,120.99,120.83,120.48,120.03,119.63,119.36,119.32,119.29,119.22,119.12,118.63,117.97,117.30,116.67,115.99,115.27,114.62,114.10,113.63,113.08,112.55,112.05,111.52,111.02,110.58,110.17,109.77,109.46,109.22,108.71,107.71,106.21,104.68,102.92,101.05,99.35,98.00,96.63,95.19,93.74,92.34,91.03,89.90,89.02,88.47,88.10,87.86,87.72,87.68,87.84,88.50,89.77,91.60,93.49,93.93,94.11,94.37,94.64,94.63,93.99,92.95,91.69,90.28,89.16,87.97,86.68,85.70,85.14,85.05,85.15,85.31,85.74,86.21,86.69,87.23,87.94,88.50,88.93,89.30,89.64,89.64,89.00,88.16,87.55,87.43,87.33,87.15,86.84,86.39,85.99,85.60,85.29,85.11,84.88,84.56,84.16,83.71
177.44,181.64,185.05,184.77,181.26,175.76,169.77,167.25,168.44,172.93,177.58,179.56,180.18,180.12,179.47,177.94,174.90,171.50,169.00,167.44,166.75,167.22,169.10,172.28,175.86,177.73,177.23,174.05,170.53,167.94,165.37,162.12,158.78,155.89,155.59,157.52,158.94,157.93,156.14,155.71,158.18,160.43,162.32,164.08,165.44,165.40,163.97,162.08,160.34,159.23,158.56,158.11,157.70,157.41,157.64,158.11,159.06,160.32,161.13,160.83,159.25,156.91,154.80,155.05,155.50,155.35,154.42,153.25,152.45,152.55,153.19,153.59,153.92,154.89,156.02,156.75,156.80,156.56,156.18,155.48,153.95,152.16,150.48,148.74,146.64,144.34,142.16,140.43,139.30,138.58,138.57,139.00,139.58,140.01,140.18,140.10,139.84,139.46,139.22,139.09,138.99,138.87,138.63,138.35,138.09,137.88,137.74,137.57,137.30,136.91,136.40,135.87,135.33,134.77,134.19,133.64,133.11,132.54,132.00,131.50,130.77,130.15,129.81,129.66,129.27,128.65,127.96,127.25,126.56,125.93,125.38,124.91,124.50,124.05,123.65,123.19,122.71,122.32,121.89,121.48,121.08,120.64,120.21,119.39,118.41,117.75,118.28,119.38,120.17,120.68,121.13,121.16,121.09,121.05,121.05,121.03,120.89,120.71,120.50,120.27,120.08,119.54,118.85,118.25,117.81,117.76,117.77,117.80,118.11,117.77,117.15,116.48,115.85,115.17,114.53,113.94,113.41,112.94,112.36,111.80,111.25,110.66,110.07,109.66,109.35,109.04,108.75,108.48,107.66,106.23,104.75,103.23,101.51,99.78,98.34,97.05,95.65,94.18,92.73,91.35,90.19,89.25,88.50,87.95,87.56,87.46,87.41,87.22,87.16,87.87,89.04,90.45,91.84,92.31,92.80,93.37,93.63,93.66,93.24,92.64,91.88,90.58,89.22,87.75,86.30,85.33,84.87,85.37,86.37,87.34,88.16,89.09,89.98,90.83,91.77,92.47,92.84,92.99,92.92,92.19,90.56,89.10,88.56,88.44,88.43,88.28,87.92,87.47,87.05,86.65,86.25,85.87,85.40,84.95,84.53,84.12
174.75,180.12,183.87,184.16,181.49,176.55,170.03,166.44,166.80,170.91,174.82,176.58,177.22,177.31,177.05,176.03,173.60,170.72,168.38,166.54,166.07,166.91,169.12,172.61,177.02,179.20,179.09,177.45,174.21,170.77,167.25,163.52,159.66,156.39,154.82,155.05,156.28,155.52,154.58,154.84,157.09,158.98,160.70,162.40,163.97,164.84,164.33,162.82,160.95,159.49,158.50,157.47,156.44,155.63,155.61,155.97,156.93,158.14,158.48,157.76,155.71,153.60,152.94,153.69,154.50,154.57,153.65,152.33,151.31,150.90,150.92,151.00,151.10,151.57,152.18,152.69,152.98,153.24,153.53,153.59,152.83,151.80,150.47,148.77,146.63,144.47,142.34,140.52,139.16,138.24,138.14,138.42,138.76,138.93,139.06,139.01,138.82,138.62,138.53,138.45,138.37,138.28,138.13,137.94,137.68,137.45,137.33,137.14,136.95,136.70,136.37,136.00,135.50,134.97,134.44,133.89,133.31,132.80,132.34,131.88,131.22,130.61,130.27,130.14,129.78,129.14,128.48,127.81,127.12,126.45,125.85,125.34,124.95,124.48,124.05,123.58,123.09,122.62,122.19,121.77,121.34,120.93,120.53,119.93,119.02,117.83,116.66,117.01,117.79,118.73,119.82,120.33,120.43,120.41,120.41,120.40,120.09,119.66,119.18,118.69,118.34,117.68,116.97,116.49,116.15,116.17,116.24,116.36,116.80,116.79,116.32,115.65,115.03,114.43,113.88,113.34,112.82,112.35,111.80,111.24,110.59,109.58,108.43,107.91,107.73,107.58,107.53,107.47,106.74,105.29,103.86,102.41,100.86,99.25,97.69,96.21,94.72,93.22,91.77,90.44,89.44,88.61,87.98,87.82,87.73,87.76,87.70,87.39,87.13,87.33,88.19,89.57,90.71,91.34,91.90,92.39,92.62,92.57,92.23,91.78,91.25,90.32,88.93,87.33,85.94,85.52,85.94,86.91,88.10,89.32,90.81,92.26,93.50,94.55,95.63,96.56,97.05,96.94,95.89,93.97,91.74,90.10,89.56,89.37,89.58,89.49,89.00,88.53,87.98,87.38,86.81,86.34,85.93,85.48,85.06,84.66
172.26,178.44,182.65,183.63,181.88,177.69,170.84,166.25,165.37,168.26,171.40,172.86,173.63,174.18,174.54,174.30,172.48,169.98,167.75,165.63,165.25,166.41,168.95,172.53,177.27,179.70,180.09,179.72,177.33,173.45,169.29,165.38,161.16,157.63,154.90,153.33,153.57,153.02,152.96,153.77,155.38,156.40,157.50,159.33,161.83,163.68,164.20,163.47,161.97,160.34,159.06,157.58,156.06,154.80,154.24,154.05,154.50,155.19,154.93,153.95,152.05,150.64,151.21,152.21,153.28,153.65,152.94,151.50,150.40,149.64,149.19,149.05,149.01,149.03,149.15,149.41,149.81,150.27,150.73,151.06,150.92,150.53,149.53,147.95,145.94,143.97,141.97,140.21,138.86,137.84,137.66,137.83,138.06,138.19,138.40,138.36,138.18,137.98,137.90,137.83,137.76,137.69,137.60,137.47,137.26,137.03,136.91,136.72,136.54,136.35,136.13,135.89,135.47,135.01,134.54,133.99,133.40,132.94,132.56,132.14,131.59,131.04,130.69,130.52,130.18,129.59,128.98,128.37,127.69,126.99,126.35,125.82,125.39,124.93,124.46,123.99,123.50,122.99,122.57,122.13,121.69,121.31,120.92,120.53,119.85,118.51,116.17,115.38,115.41,115.98,117.06,117.59,117.79,118.06,118.51,118.77,118.42,117.85,117.21,116.60,116.17,115.55,114.95,114.66,114.47,114.57,114.72,114.92,115.43,115.72,115.48,114.90,114.30,113.76,113.26,112.76,112.25,111.78,111.27,110.55,109.46,107.83,106.35,105.78,105.78,105.94,106.23,106.49,106.03,104.73,103.33,101.97,100.61,99.18,97.54,95.84,94.08,92.42,90.97,89.68,88.79,88.15,87.78,87.94,88.10,88.20,88.14,87.78,87.38,87.03,87.51,88.84,89.80,90.51,91.04,91.40,91.56,91.47,91.18,90.81,90.34,89.60,88.19,86.77,85.88,86.26,87.42,88.75,90.09,91.55,93.50,95.37,96.80,97.75,98.68,99.57,100.05,99.74,97.99,95.21,92.96,91.75,91.65,91.64,91.87,91.43,90.31,89.39,88.65,87.92,87.25,86.81,86.48,86.05,85.63,85.22
170.28,176.47,181.35,183.23,182.48,179.30,172.52,167.36,164.70,164.86,167.36,168.50,169.53,170.92,172.30,173.00,171.81,169.58,167.26,164.87,164.17,165.38,168.34,171.84,175.86,178.71,180.10,180.02,179.08,175.61,171.60,168.11,163.82,159.73,156.23,153.41,151.45,150.99,151.44,152.15,152.48,151.80,151.49,153.82,158.61,161.58,163.12,163.66,163.24,161.64,160.19,158.73,157.22,155.71,154.23,152.58,151.53,151.00,150.26,149.78,149.46,149.40,149.80,150.52,151.66,152.48,152.36,150.84,149.70,148.93,148.37,148.00,147.89,147.83,147.88,148.12,148.38,148.66,148.90,149.06,148.99,148.50,147.50,146.11,144.46,142.66,140.85,139.36,138.29,137.32,137.07,137.14,137.33,137.54,137.77,137.70,137.50,137.34,137.26,137.24,137.19,137.12,137.03,136.95,136.81,136.62,136.43,136.31,136.13,135.93,135.75,135.52,135.25,134.91,134.48,133.93,133.38,132.94,132.56,132.16,131.75,131.37,131.06,130.76,130.38,129.91,129.41,128.88,128.25,127.56,126.92,126.34,125.84,125.38,124.91,124.41,123.89,123.42,122.97,122.51,122.07,121.69,121.30,120.91,120.44,119.59,117.75,115.62,113.62,112.21,111.85,111.39,111.53,112.56,114.29,115.32,115.22,114.76,114.28,113.87,113.63,113.27,112.93,112.83,112.78,113.00,113.25,113.53,114.06,114.55,114.61,114.28,113.73,113.19,112.66,112.15,111.68,111.21,110.69,109.43,107.36,104.92,103.71,103.32,103.53,104.24,104.98,105.72,105.67,104.64,103.22,101.93,100.81,99.68,98.18,96.29,93.98,91.90,90.41,89.16,88.29,88.00,88.16,88.38,88.54,88.65,88.61,88.33,87.89,87.17,87.23,88.26,89.06,89.67,90.10,90.36,90.44,90.38,90.17,89.84,89.27,88.23,86.78,86.04,86.39,87.79,89.13,90.64,92.38,94.30,96.14,98.21,99.55,99.91,100.22,100.52,100.66,100.27,98.60,95.75,94.41,94.57,95.75,96.39,96.23,94.66,92.04,89.86,88.90,88.20,87.64,87.36,87.05,86.63,86.20,85.79
168.81,174.66,179.99,182.70,182.81,180.27,174.59,169.31,165.00,162.38,163.19,163.60,164.59,166.48,168.94,170.88,170.51,168.65,166.27,163.75,162.60,163.62,166.77,170.52,174.04,176.88,178.86,179.62,178.94,176.62,173.66,170.46,166.54,162.35,158.53,154.98,151.41,150.25,150.34,150.69,150.60,149.83,149.44,150.80,153.78,155.86,160.15,162.77,163.28,162.51,161.21,159.85,158.41,156.74,154.72,152.36,150.64,149.67,148.81,148.25,148.21,148.49,148.91,149.50,150.44,151.33,151.68,150.74,149.73,148.90,148.23,147.64,147.19,146.83,146.68,146.84,147.03,147.20,147.33,147.41,147.27,146.52,145.44,144.19,142.83,141.40,140.13,139.06,138.16,137.25,136.64,136.50,136.67,136.90,137.14,137.06,136.87,136.75,136.68,136.63,136.57,136.50,136.42,136.38,136.29,136.15,135.96,135.84,135.69,135.52,135.33,135.13,134.91,134.63,134.29,133.86,133.37,132.92,132.51,132.11,131.69,131.21,130.84,130.61,130.36,129.97,129.51,129.05,128.53,127.99,127.42,126.84,126.29,125.81,125.32,124.82,124.32,123.82,123.35,122.89,122.44,122.02,121.63,121.25,120.82,120.22,119.11,117.07,114.57,112.17,110.48,109.62,109.55,110.24,111.49,112.20,112.09,111.83,111.58,111.32,111.18,110.96,110.82,110.91,111.09,111.39,111.76,112.19,112.76,113.33,113.59,113.49,113.05,112.56,112.06,111.55,111.06,110.46,107.11,104.44,103.05,101.72,101.38,101.60,102.17,103.01,103.83,104.70,105.04,104.52,103.19,102.08,101.12,100.15,98.81,96.67,94.08,91.70,89.98,88.80,88.23,88.22,88.55,88.78,88.97,89.09,89.08,88.81,88.16,87.21,87.05,87.88,88.60,89.11,89.42,89.56,89.56,89.52,89.30,88.86,88.16,87.28,86.20,86.24,87.53,89.27,90.85,92.56,94.43,96.38,98.17,99.73,100.69,101.00,101.16,101.22,101.09,100.53,99.04,96.42,95.66,96.50,98.16,98.97,98.52,96.34,92.95,90.14,89.13,88.53,88.10,87.95,87.63,87.19,86.75,86.32
167.55,172.87,178.62,182.03,182.80,180.87,176.63,171.42,165.70,160.60,159.66,159.33,160.13,162.22,165.32,168.35,168.84,167.37,164.85,162.34,160.93,161.68,164.77,168.66,171.81,174.32,176.37,177.69,177.07,176.16,174.69,172.18,168.92,164.97,161.12,157.28,152.92,150.37,149.59,149.53,149.31,148.86,148.70,148.91,149.44,150.31,156.36,160.88,162.73,162.93,162.01,160.83,159.47,157.75,155.36,152.59,150.50,149.28,148.40,147.62,147.43,147.70,148.18,148.74,149.46,150.28,150.92,150.67,149.83,148.97,148.19,147.41,146.64,145.98,145.61,145.62,145.69,145.76,145.84,145.84,145.53,144.53,143.46,142.42,141.38,140.40,139.70,139.00,138.18,137.32,136.35,135.95,136.05,136.28,136.50,136.41,136.25,136.17,136.09,136.02,135.95,135.88,135.80,135.78,135.73,135.63,135.49,135.35,135.26,135.12,134.91,134.74,134.53,134.30,134.04,133.72,133.32,132.87,132.44,132.01,131.52,130.88,130.44,130.30,130.23,129.91,129.48,129.05,128.66,128.26,127.77,127.21,126.66,126.20,125.70,125.22,124.74,124.22,123.75,123.28,122.80,122.35,121.96,121.57,121.13,120.69,120.19,118.72,116.29,113.35,110.66,109.46,109.03,109.08,109.41,109.56,109.37,109.23,109.14,108.93,108.78,108.64,108.63,108.90,109.32,109.79,110.31,110.89,111.50,112.12,112.53,112.61,112.29,111.86,111.41,110.49,109.12,108.33,102.88,99.40,98.94,98.93,99.43,100.23,101.13,102.00,102.82,103.67,104.30,104.31,103.21,102.28,101.42,100.54,99.38,97.04,94.19,91.54,89.61,88.51,88.32,88.56,88.93,89.18,89.45,89.63,89.64,89.32,88.36,87.23,86.91,87.56,88.21,88.63,88.83,88.84,88.78,88.75,88.48,87.93,87.13,86.47,86.12,86.98,88.85,90.60,92.35,94.18,96.06,97.89,99.64,100.63,101.25,101.70,101.90,101.79,101.40,100.69,99.41,97.16,96.84,98.00,99.77,100.56,99.91,97.44,93.73,90.59,89.44,88.91,88.62,88.55,88.21,87.77,87.31,86.87
166.44,171.01,177.31,181.01,181.91,180.87,178.14,173.19,166.67,160.19,158.46,157.76,158.24,159.80,162.04,165.39,166.58,165.42,162.54,160.41,159.38,160.00,162.38,165.61,168.61,170.27,170.95,171.39,171.32,171.95,172.52,172.10,170.12,167.10,163.70,160.41,157.50,152.01,149.59,149.26,148.91,148.46,148.13,148.13,148.52,149.22,151.81,156.74,161.55,162.26,162.19,161.36,160.13,158.52,155.92,153.00,150.63,149.00,148.03,147.18,146.79,146.89,147.43,148.08,148.77,149.48,150.04,150.06,149.41,148.57,147.74,146.92,146.09,145.40,144.89,144.56,144.26,144.25,144.32,144.22,143.53,142.44,141.72,141.25,140.74,140.29,139.85,139.18,138.24,137.33,136.34,135.69,135.48,135.70,135.83,135.75,135.62,135.54,135.46,135.38,135.33,135.30,135.23,135.17,135.10,135.01,134.93,134.88,134.81,134.69,134.51,134.30,134.12,133.92,133.68,133.43,133.14,132.78,132.34,131.81,131.19,130.50,130.01,129.85,130.01,129.73,129.33,128.93,128.53,128.10,127.67,127.21,126.74,126.38,126.02,125.60,125.13,124.65,124.18,123.68,123.18,122.73,122.34,121.91,121.45,121.01,120.59,119.81,117.67,114.71,111.95,110.00,108.88,108.34,108.24,108.20,107.87,107.59,107.34,106.85,106.45,106.26,106.31,106.67,107.36,108.19,109.00,109.73,110.31,110.96,111.44,111.62,111.36,111.02,110.63,107.85,102.74,101.78,99.77,98.35,97.92,97.87,98.42,99.27,100.23,101.24,102.19,102.91,103.52,103.87,103.28,102.43,101.56,100.73,99.75,97.47,94.15,91.16,89.36,88.37,88.44,88.86,89.32,89.63,90.12,90.51,90.57,90.01,88.56,87.26,86.81,87.29,87.79,88.10,88.20,88.14,88.07,88.01,87.72,87.18,86.39,85.73,86.89,88.57,90.14,91.45,93.05,94.73,96.48,98.29,99.86,100.82,101.55,102.19,102.58,102.14,101.48,100.75,99.71,97.99,97.96,99.05,100.45,101.13,100.48,98.28,94.94,91.81,90.09,89.41,89.23,89.13,88.78,88.34,87.90,87.47
164.67,169.07,175.28,179.50,181.21,180.81,179.08,174.21,167.53,160.96,158.21,156.62,156.50,157.74,159.78,163.00,165.01,164.58,161.29,159.15,158.09,158.43,160.24,162.78,165.91,167.26,167.23,167.21,167.34,168.32,169.57,170.34,169.60,167.70,165.25,162.73,160.58,155.93,152.53,150.48,149.14,148.53,147.94,147.61,147.73,148.38,149.44,153.97,159.60,161.40,161.93,161.53,160.63,159.19,156.52,153.32,150.68,148.90,147.89,146.96,146.25,146.04,146.63,147.28,147.95,148.59,149.10,149.18,148.55,147.72,146.89,146.11,145.42,144.83,144.32,143.88,143.43,143.22,143.12,142.91,142.27,141.50,141.04,140.77,140.50,140.26,139.91,139.25,138.26,137.33,136.37,135.54,135.03,135.10,135.16,135.09,134.99,134.94,134.87,134.79,134.74,134.70,134.65,134.58,134.52,134.47,134.43,134.40,134.36,134.26,134.09,133.90,133.71,133.52,133.31,133.07,132.84,132.55,132.17,131.69,131.05,130.38,129.84,129.49,129.32,129.17,128.85,128.45,128.06,127.63,127.21,126.78,126.38,126.09,125.81,125.47,125.06,124.66,124.26,123.84,123.43,123.03,122.64,122.19,121.75,121.32,120.92,120.36,118.53,115.82,113.08,110.84,109.34,108.43,108.02,107.77,107.40,107.06,106.75,106.36,105.91,105.43,105.02,104.97,105.80,106.77,107.69,108.49,109.13,109.79,110.02,109.80,109.06,107.21,106.16,103.65,99.38,98.53,98.00,97.47,97.00,96.85,97.48,98.43,99.50,100.58,101.48,102.17,102.78,103.17,102.92,102.34,101.60,100.83,99.80,96.92,93.29,90.42,89.08,88.38,88.62,89.14,89.73,90.46,91.28,91.78,91.66,90.55,88.74,87.21,86.58,86.90,87.31,87.51,87.52,87.44,87.34,87.26,86.97,86.53,86.22,86.76,88.33,89.86,91.08,92.27,93.81,95.43,97.09,98.72,100.05,100.98,101.80,102.57,103.07,102.50,101.70,100.92,100.03,98.85,98.90,99.79,100.96,101.67,101.05,99.26,96.66,94.02,92.65,91.87,91.29,90.63,89.55,88.91,88.45,87.99
162.52,167.06,172.82,177.59,180.43,180.50,179.27,174.37,168.00,162.12,158.38,155.66,154.82,155.86,158.14,161.09,163.89,164.34,160.88,158.49,157.06,156.99,158.35,160.35,163.62,164.94,164.67,164.47,164.53,165.08,166.11,167.35,167.71,167.00,165.71,164.09,162.31,160.51,156.78,152.56,149.86,148.89,148.04,147.30,146.99,147.59,148.50,152.02,156.99,160.31,161.32,161.40,160.95,159.71,157.04,153.52,150.67,148.88,147.84,146.83,145.76,145.22,145.79,146.40,147.02,147.64,148.13,148.12,147.44,146.61,145.84,145.19,144.73,144.28,143.84,143.44,142.98,142.54,142.20,141.93,141.61,141.31,141.01,140.73,140.49,140.25,139.89,139.24,138.25,137.33,136.40,135.45,134.69,134.50,134.49,134.44,134.38,134.36,134.29,134.22,134.15,134.10,134.08,134.02,133.99,133.98,133.97,133.91,133.88,133.81,133.67,133.50,133.29,133.10,132.92,132.69,132.47,132.24,131.97,131.62,131.04,130.44,129.89,129.29,128.50,128.40,128.17,127.76,127.37,126.97,126.54,126.12,125.76,125.52,125.28,125.00,124.69,124.37,124.05,123.77,123.49,123.17,122.81,122.37,121.94,121.55,121.14,120.53,119.06,116.82,114.17,111.94,110.28,109.14,108.50,108.05,107.73,107.41,107.16,107.08,106.62,105.68,104.55,103.79,104.54,105.47,106.35,107.18,107.93,108.47,108.08,107.08,105.72,102.07,100.19,99.11,98.03,97.45,97.01,96.54,96.05,95.81,96.54,97.66,98.86,99.95,100.74,101.50,102.07,102.35,102.26,102.02,101.51,100.79,99.55,95.76,92.01,89.56,88.82,88.51,88.87,89.45,90.23,91.55,92.74,93.28,92.82,91.09,89.03,87.29,86.43,86.53,86.82,86.88,86.84,86.75,86.66,86.62,86.49,86.36,86.73,88.79,90.02,90.89,91.80,93.06,94.61,96.20,97.74,99.15,100.24,101.16,102.06,102.92,103.46,102.89,102.06,101.22,100.42,99.75,99.76,100.37,101.40,102.22,101.62,100.31,98.62,96.78,96.26,95.49,94.32,92.83,90.68,89.61,89.01,88.45
160.56,165.01,170.32,175.14,178.52,179.12,177.27,172.54,166.90,161.75,157.85,154.60,153.22,153.93,156.37,159.81,162.79,163.64,161.22,158.78,156.64,155.91,157.00,159.25,161.80,162.66,162.26,161.89,161.62,161.66,162.22,163.31,164.19,164.35,163.96,163.17,162.21,161.29,158.38,154.47,151.16,149.41,148.30,147.28,146.51,146.79,147.67,149.67,153.25,158.49,160.26,160.82,160.76,159.75,157.06,153.53,150.62,148.75,147.62,146.47,145.31,144.63,144.94,145.47,146.07,146.69,147.16,147.06,146.35,145.68,145.14,144.66,144.21,143.79,143.39,142.99,142.53,142.07,141.76,141.62,141.50,141.24,140.97,140.72,140.49,140.21,139.77,139.10,138.19,137.28,136.39,135.47,134.58,133.95,133.89,133.86,133.79,133.74,133.72,133.69,133.63,133.57,133.57,133.55,133.51,133.47,133.47,133.45,133.40,133.35,133.27,133.07,132.89,132.69,132.49,132.31,132.13,131.95,131.76,131.51,131.06,130.64,130.21,129.61,128.49,127.72,127.35,127.11,126.68,126.28,125.88,125.50,125.18,124.95,124.71,124.47,124.20,123.89,123.58,123.29,123.03,122.82,122.59,122.14,121.69,121.30,120.91,120.43,119.53,117.99,115.65,113.51,111.71,110.41,109.67,109.20,108.98,108.86,108.84,108.88,108.08,106.63,104.90,103.46,103.51,104.19,105.02,105.87,106.61,106.44,104.52,102.23,101.35,99.58,98.40,97.59,96.91,96.27,95.83,95.39,94.95,94.79,95.62,96.81,98.07,99.23,100.16,100.96,101.46,101.59,101.52,101.35,100.99,100.30,98.71,94.66,91.31,89.31,88.73,88.74,89.21,90.04,91.21,92.74,94.22,94.60,93.89,92.16,89.89,88.27,87.16,86.53,86.39,86.29,86.20,86.18,86.36,86.66,87.48,88.34,89.03,90.20,90.98,91.63,92.47,93.81,95.30,96.69,97.99,99.23,100.35,101.42,102.46,103.40,103.91,103.37,102.57,101.80,101.15,100.78,100.72,101.08,101.93,102.82,102.25,101.15,100.05,99.30,99.16,98.77,97.73,95.75,93.08,91.04,89.70,88.95
158.43,161.92,166.46,171.14,174.78,175.56,173.42,169.38,164.66,160.01,156.15,152.93,151.46,152.06,154.70,158.86,161.87,162.82,161.26,158.91,156.33,154.87,155.31,157.66,159.41,159.89,159.52,158.96,158.39,157.95,158.00,158.77,159.94,160.78,161.03,160.80,160.50,159.92,157.99,155.15,152.15,149.88,148.51,147.29,146.18,145.98,146.86,148.06,150.52,155.78,158.41,159.81,160.34,159.54,156.51,152.92,150.16,148.46,147.28,146.06,144.87,144.08,144.13,144.62,145.19,145.78,146.21,146.08,145.50,144.98,144.59,144.17,143.74,143.33,142.94,142.52,142.09,141.66,141.43,141.38,141.37,141.18,140.94,140.69,140.43,140.15,139.60,138.88,138.02,137.12,136.26,135.38,134.46,133.59,133.37,133.30,133.24,133.17,133.16,133.16,133.13,133.07,133.06,133.06,133.02,132.97,132.97,132.97,132.91,132.87,132.83,132.66,132.47,132.28,132.08,131.90,131.75,131.59,131.44,131.25,130.93,130.67,130.37,129.82,128.66,127.48,126.77,126.38,126.00,125.59,125.23,124.91,124.61,124.38,124.13,123.89,123.66,123.35,123.04,122.75,122.52,122.39,122.28,121.85,121.38,120.98,120.59,120.17,119.59,118.61,116.91,115.17,113.43,112.04,111.21,110.71,110.51,110.42,110.34,110.05,108.88,107.10,105.08,103.27,102.55,102.93,103.72,104.63,105.38,104.71,102.24,99.52,98.59,97.95,97.24,96.52,95.82,95.11,94.64,94.24,93.89,93.78,94.53,95.71,96.99,98.17,99.03,99.95,100.58,100.77,100.69,100.52,99.97,98.92,96.92,93.14,90.56,89.15,88.69,89.05,89.87,91.07,92.56,94.20,95.79,96.23,95.74,94.50,92.29,90.80,89.40,88.00,87.42,87.27,87.20,87.26,87.60,88.00,89.12,90.31,91.06,91.50,91.97,92.47,93.17,94.43,95.82,97.09,98.28,99.47,100.62,101.75,102.87,103.85,104.43,103.92,103.15,102.46,102.01,101.81,101.71,101.86,102.44,103.36,102.85,101.92,101.18,101.01,101.03,100.77,99.92,98.05,95.22,92.80,91.14,90.25
156.26,157.67,161.03,165.29,168.85,169.49,167.68,164.88,161.23,156.85,153.21,150.60,149.58,150.32,153.14,158.03,161.07,161.91,160.77,158.59,155.95,153.80,153.14,155.20,156.19,156.49,156.30,155.59,154.81,153.99,153.56,153.94,155.18,156.44,157.00,157.00,157.07,156.56,155.57,154.23,152.47,150.17,148.56,147.20,145.93,145.20,146.08,147.40,149.22,152.30,155.76,158.27,159.54,158.90,155.25,151.61,149.23,147.98,146.81,145.59,144.41,143.54,143.39,143.84,144.39,144.91,145.27,145.19,144.87,144.50,144.09,143.65,143.25,142.86,142.45,142.01,141.63,141.30,141.14,141.13,141.13,141.10,140.91,140.62,140.32,140.06,139.40,138.57,137.72,136.86,136.01,135.16,134.29,133.47,132.93,132.77,132.73,132.67,132.66,132.66,132.63,132.57,132.56,132.56,132.51,132.47,132.46,132.46,132.41,132.37,132.34,132.25,132.06,131.87,131.69,131.47,131.31,131.14,130.99,130.82,130.57,130.43,130.21,129.76,128.86,127.70,126.50,125.59,125.34,124.92,124.61,124.33,124.04,123.80,123.52,123.29,123.09,122.78,122.48,122.21,122.03,121.96,121.92,121.57,121.11,120.67,120.27,119.77,119.18,118.50,117.70,116.68,115.24,113.89,112.94,112.36,112.06,111.76,111.24,110.18,108.70,106.85,104.87,103.02,101.69,101.73,102.47,103.45,104.22,103.46,101.74,99.69,97.97,96.92,96.14,95.44,94.74,94.01,93.52,93.18,92.94,92.83,93.28,94.31,95.58,96.66,97.19,98.28,99.28,99.79,99.74,99.45,98.36,96.55,94.12,91.19,89.72,89.01,88.73,89.52,90.95,92.61,94.32,95.98,97.50,98.29,98.54,98.24,96.46,95.11,93.41,91.36,90.40,90.25,90.19,90.20,90.51,90.66,91.22,91.90,92.44,92.79,93.13,93.46,93.93,94.90,96.17,97.44,98.69,99.95,101.07,102.16,103.25,104.27,105.01,104.55,103.79,103.19,102.99,102.83,102.73,102.71,102.95,103.81,103.42,102.66,102.05,101.84,101.79,101.34,100.58,99.44,96.85,94.88,93.47,92.51
156.71,154.35,155.73,158.20,160.56,161.92,161.24,159.43,156.61,153.05,150.65,148.93,148.44,149.19,151.17,155.36,159.07,160.93,159.97,157.38,154.66,152.35,151.07,151.89,152.30,152.46,152.43,152.09,151.50,150.69,150.16,150.32,151.16,151.91,152.16,152.07,152.23,152.14,151.81,151.19,150.24,149.10,147.76,146.37,145.18,144.79,145.73,147.03,148.48,150.50,153.50,155.60,156.55,155.85,152.66,150.13,148.44,147.28,146.12,144.89,143.70,142.80,142.53,142.94,143.47,143.99,144.34,144.13,143.87,143.56,143.19,142.78,142.38,142.03,141.66,141.29,141.13,141.00,140.91,140.88,140.88,140.88,140.79,140.60,140.29,139.93,139.21,138.36,137.51,136.66,135.81,134.96,134.11,133.27,132.54,132.28,132.24,132.21,132.16,132.16,132.14,132.10,132.06,132.06,132.03,132.00,131.96,131.96,131.93,131.89,131.85,131.81,131.65,131.45,131.26,131.07,130.88,130.68,130.48,130.26,129.95,129.72,129.47,129.06,128.29,127.31,126.28,125.36,124.76,124.31,124.00,123.73,123.46,123.19,122.92,122.69,122.48,122.25,121.96,121.67,121.48,121.46,121.50,121.25,120.85,120.41,120.01,119.50,118.73,117.83,116.97,116.06,115.16,114.28,113.42,112.58,111.95,111.32,110.47,109.13,107.66,105.94,104.06,102.22,101.07,100.90,101.19,101.72,102.36,102.29,101.48,100.01,97.96,96.13,95.08,94.36,93.71,93.24,93.11,92.91,92.56,92.26,92.19,92.92,93.90,94.52,94.91,95.84,96.97,97.91,98.13,97.30,95.83,93.92,91.69,90.10,89.35,89.03,89.26,91.08,92.94,94.78,96.56,98.09,99.53,100.70,101.58,101.99,101.25,100.42,99.12,97.38,96.06,94.96,93.67,92.56,92.36,92.33,92.73,93.29,93.79,94.11,94.42,94.64,94.83,95.28,96.44,97.73,99.02,100.31,101.45,102.54,103.61,104.63,105.52,105.16,104.54,104.11,103.99,103.88,103.80,103.71,103.76,104.37,104.00,103.37,102.88,102.64,102.39,101.83,101.10,100.22,98.59,97.16,96.06,95.34
157.75,152.01,151.45,152.19,153.32,155.03,155.26,154.28,152.34,149.91,148.68,147.65,147.50,148.20,149.38,152.39,156.28,158.92,158.26,155.54,152.94,150.75,149.24,148.87,148.81,148.86,148.92,148.91,148.50,147.78,147.28,147.33,147.72,147.83,147.66,147.44,147.59,147.88,148.04,147.91,147.50,147.40,146.56,145.32,144.26,144.49,145.53,146.75,147.97,149.33,151.48,152.77,153.15,152.44,150.09,148.66,147.56,146.45,145.31,144.10,142.91,142.00,141.69,142.03,142.53,143.08,143.42,143.06,142.75,142.48,142.18,141.81,141.46,141.20,140.95,140.72,140.76,140.77,140.71,140.64,140.63,140.63,140.63,140.53,140.24,139.79,139.03,138.19,137.33,136.47,135.62,134.77,133.92,133.07,132.22,131.85,131.76,131.74,131.68,131.66,131.65,131.63,131.57,131.55,131.54,131.53,131.47,131.45,131.44,131.42,131.35,131.34,131.23,131.05,130.84,130.68,130.43,130.12,129.80,129.45,129.05,128.71,128.39,128.02,127.41,126.61,125.81,124.98,124.10,123.70,123.40,123.13,122.88,122.58,122.33,122.10,121.89,121.70,121.44,121.15,120.97,120.98,121.05,120.92,120.61,120.17,119.65,119.02,118.06,116.92,115.84,114.87,114.35,113.82,112.98,111.96,111.05,110.13,109.03,107.57,106.18,104.66,102.97,101.27,100.44,99.98,99.64,99.48,99.88,100.50,100.72,99.99,97.75,95.42,94.27,93.72,93.38,93.33,93.67,93.69,93.29,92.81,92.13,92.09,92.33,92.41,92.62,93.28,94.42,95.78,96.38,95.18,93.50,91.71,89.97,89.44,89.14,89.22,90.23,92.92,95.18,97.33,99.35,100.84,102.31,103.77,105.01,105.71,105.79,105.45,104.64,103.31,101.61,99.31,96.78,94.71,93.97,93.77,94.09,94.62,95.12,95.44,95.73,95.85,95.82,95.86,96.75,97.98,99.28,100.55,101.74,102.86,103.93,104.97,105.97,105.77,105.36,105.10,105.01,104.93,104.85,104.75,104.69,104.98,104.64,104.13,103.70,103.43,102.95,102.34,101.69,101.00,100.26,99.36,98.58,98.12
158.65,151.39,149.46,149.37,149.80,150.52,150.77,150.36,149.57,148.65,147.84,146.89,146.61,147.15,148.25,149.74,152.32,154.55,154.64,152.74,150.71,149.07,147.89,147.00,146.63,146.57,146.62,146.50,146.04,145.38,144.99,145.10,145.18,144.88,144.45,144.13,144.25,144.57,145.02,145.25,145.02,145.03,144.91,144.18,143.28,144.21,145.41,146.57,147.65,148.66,149.80,150.20,150.09,149.56,148.36,147.32,146.39,145.45,144.41,143.26,142.06,141.16,140.96,141.17,141.64,142.19,142.51,142.06,141.62,141.33,141.11,140.80,140.59,140.57,140.62,140.63,140.70,140.67,140.56,140.44,140.38,140.37,140.37,140.33,140.16,139.67,138.91,138.06,137.20,136.29,135.43,134.58,133.73,132.88,132.03,131.53,131.30,131.24,131.23,131.17,131.14,131.13,131.12,131.06,131.04,131.03,131.01,130.95,130.94,130.91,130.84,130.84,130.76,130.63,130.47,130.29,129.96,129.38,128.73,128.13,127.61,127.21,126.87,126.58,126.28,125.53,124.73,123.94,123.22,123.01,122.80,122.56,122.31,122.01,121.76,121.53,121.30,121.09,120.90,120.68,120.52,120.53,120.60,120.59,120.41,119.95,119.06,118.03,116.93,115.77,114.63,113.57,112.96,112.22,111.13,110.22,109.26,108.21,107.00,105.55,104.20,102.92,101.60,100.31,99.64,98.66,97.44,96.38,96.38,97.28,98.70,99.11,96.75,94.73,93.97,94.06,94.63,95.18,96.04,96.44,96.27,95.70,94.32,92.57,91.18,90.71,90.60,90.85,91.87,93.56,94.70,93.77,92.13,90.60,89.71,89.27,89.02,89.76,91.98,94.83,97.53,100.36,103.09,104.93,106.66,108.18,109.18,109.38,109.41,109.28,108.74,107.53,105.40,101.83,98.77,96.68,95.59,95.26,95.49,95.95,96.45,96.77,96.98,97.04,96.97,96.93,97.22,98.14,99.38,100.63,101.86,103.02,104.16,105.30,106.36,106.44,106.30,106.16,106.03,105.95,105.87,105.78,105.70,105.64,105.40,104.99,104.52,104.18,103.53,102.95,102.50,102.16,101.70,101.21,100.76,100.46
159.20,151.19,148.64,147.89,147.73,148.13,148.38,148.18,147.75,147.27,146.72,146.01,145.70,146.03,147.09,147.99,149.47,150.81,150.99,150.02,148.70,147.52,146.57,145.62,144.93,144.50,144.27,144.10,143.58,142.97,142.56,142.48,142.39,142.09,141.77,141.55,141.58,141.78,142.26,142.66,142.64,142.83,143.02,142.88,142.66,143.62,144.70,145.74,146.74,147.65,148.51,148.66,148.31,147.59,146.69,145.84,144.99,144.11,143.20,142.20,141.18,140.42,140.23,140.25,140.72,141.27,141.54,141.08,140.46,140.30,140.41,140.32,140.27,140.34,140.44,140.52,140.59,140.55,140.45,140.33,140.22,140.11,140.12,140.15,140.01,139.37,138.55,137.73,136.94,136.09,135.24,134.39,133.54,132.69,131.84,131.21,130.85,130.78,130.74,130.70,130.66,130.63,130.63,130.56,130.53,130.53,130.52,130.45,130.44,130.42,130.37,130.30,130.19,129.98,129.67,129.32,128.85,128.25,127.54,126.81,126.26,125.78,125.39,125.12,124.92,124.37,123.65,122.94,122.41,122.31,122.15,121.94,121.70,121.43,121.19,120.94,120.69,120.46,120.00,119.70,119.59,119.66,119.93,120.02,119.81,119.21,118.21,117.08,115.88,114.67,113.52,112.39,111.49,110.46,109.23,108.28,107.30,106.19,104.93,103.47,102.11,100.91,99.75,98.70,98.39,98.20,97.87,97.48,97.39,97.06,97.05,96.80,95.46,94.53,94.52,95.07,95.91,96.77,97.85,98.60,98.80,98.30,96.95,94.84,92.39,90.29,89.98,90.05,90.60,91.75,93.09,92.39,91.12,90.03,89.53,89.13,89.77,91.63,94.68,97.93,101.37,104.53,107.03,108.44,109.77,110.95,111.67,111.62,111.45,111.35,110.96,110.03,108.30,104.31,100.73,98.31,97.18,96.82,96.97,97.34,97.78,98.06,98.19,98.19,98.10,98.00,98.02,98.69,99.77,100.98,102.21,103.39,104.56,105.75,106.85,107.12,107.11,107.01,106.86,106.77,106.70,106.61,106.49,106.37,106.14,105.75,105.28,104.92,104.42,104.00,103.69,103.44,103.14,102.82,102.49,102.16
159.32,151.30,148.46,147.12,146.34,146.60,146.81,146.66,146.30,145.85,145.44,144.99,144.69,144.82,145.76,146.45,147.10,147.56,147.64,147.50,146.79,145.95,145.15,144.29,143.36,142.57,142.06,141.85,141.35,140.83,140.40,140.11,139.95,139.80,139.67,139.57,139.50,139.55,139.96,140.45,140.68,141.03,141.35,141.69,142.16,142.93,143.82,144.73,145.63,146.54,147.38,147.48,146.95,145.98,145.05,144.28,143.48,142.62,141.84,141.02,140.24,139.66,139.44,139.31,139.77,140.30,140.49,140.06,139.29,139.32,139.88,140.08,140.17,140.25,140.32,140.40,140.46,140.42,140.35,140.26,140.09,139.81,139.74,139.79,139.68,138.91,138.06,137.27,136.55,135.77,134.95,134.12,133.28,132.44,131.61,130.86,130.37,130.24,130.14,130.11,130.07,130.01,130.00,129.93,129.88,129.87,129.85,129.78,129.75,129.75,129.73,129.57,129.41,129.09,128.61,128.08,127.49,126.92,126.27,125.51,124.92,124.38,123.95,123.65,123.48,123.15,122.56,121.94,121.63,121.59,121.47,121.29,121.06,120.80,120.47,120.08,119.70,119.42,118.65,118.29,118.27,118.44,118.89,119.06,118.81,118.11,117.11,116.03,114.82,113.59,112.43,111.19,109.88,108.57,107.32,106.29,105.27,104.14,102.86,101.45,100.06,99.00,98.12,97.45,97.61,98.44,99.32,99.89,99.78,98.12,96.25,94.89,94.54,94.73,95.45,96.32,97.18,98.14,99.29,100.31,100.89,100.54,99.50,97.63,94.64,90.87,90.02,89.89,89.95,90.35,91.58,91.11,90.31,89.69,89.39,89.19,91.06,94.25,98.05,101.83,105.65,108.66,110.56,111.44,112.26,113.05,113.52,113.33,112.94,112.76,112.43,111.74,110.48,106.54,102.64,99.87,98.79,98.45,98.55,98.87,99.24,99.46,99.53,99.50,99.40,99.22,99.11,99.54,100.42,101.56,102.73,103.90,105.09,106.30,107.40,107.78,107.82,107.73,107.58,107.50,107.42,107.31,107.17,107.08,106.82,106.44,106.00,105.65,105.39,105.16,104.91,104.65,104.29,103.92,103.53,103.08
158.32,152.00,149.07,147.05,145.55,145.25,145.27,145.15,144.87,144.45,144.01,143.59,143.32,143.33,143.85,144.46,144.93,145.25,145.43,145.56,144.95,144.11,143.29,142.49,141.61,140.90,140.42,140.21,139.93,139.66,139.45,139.30,139.19,139.09,138.98,138.84,138.71,138.62,139.01,139.64,140.16,140.51,140.82,141.18,141.65,142.36,143.15,143.94,144.71,145.52,146.32,146.11,145.33,144.38,143.41,142.61,141.85,141.10,140.39,139.75,139.14,138.64,138.40,138.38,138.82,139.18,139.21,138.90,138.12,138.39,139.41,139.96,140.11,140.18,140.25,140.32,140.35,140.29,140.25,140.19,139.99,139.35,138.89,138.73,138.73,138.17,137.38,136.57,135.81,135.05,134.30,133.53,132.73,131.95,131.20,130.42,129.76,129.38,129.12,129.06,129.03,128.96,128.90,128.83,128.72,128.63,128.57,128.50,128.44,128.43,128.42,128.18,128.00,127.64,127.13,126.63,126.03,125.47,124.89,124.27,123.62,123.05,122.54,122.14,121.97,121.81,121.39,120.93,120.84,120.83,120.72,120.55,120.35,119.98,119.15,118.18,117.32,116.80,116.14,116.02,116.22,116.49,116.84,116.95,116.84,116.43,115.46,114.61,113.62,112.53,111.35,109.70,107.84,106.37,105.44,104.34,103.27,102.11,100.89,99.69,98.38,97.90,98.03,98.48,99.26,100.08,100.79,101.18,100.87,99.70,98.17,96.60,95.46,95.81,96.64,97.51,98.30,99.09,100.10,101.17,101.96,101.82,101.14,99.86,97.39,93.44,90.57,89.81,89.79,89.94,90.33,90.19,89.85,89.49,89.32,89.97,93.18,97.69,102.55,107.06,109.46,111.02,112.28,113.31,114.18,114.94,115.35,115.13,114.57,114.23,113.74,112.83,111.23,107.84,104.40,101.76,100.53,100.24,100.41,100.77,101.21,101.36,101.47,101.48,101.34,100.97,100.70,100.96,101.66,102.63,103.55,104.68,105.88,107.04,108.09,108.36,108.37,108.31,108.16,108.08,108.00,107.89,107.75,107.66,107.41,107.02,106.61,106.39,106.21,106.00,105.75,105.35,104.36,103.37,102.56,101.95
157.38,152.99,149.82,147.18,145.02,143.90,143.71,143.59,143.37,143.01,142.59,142.33,142.16,142.07,142.12,142.37,142.67,143.00,143.35,143.59,143.05,142.26,141.53,140.92,140.30,139.77,139.37,139.15,138.96,138.82,138.71,138.63,138.55,138.48,138.36,138.20,138.02,137.83,138.07,138.60,139.22,139.76,140.28,140.73,141.17,141.83,142.58,143.31,144.00,144.69,145.30,144.79,143.78,142.80,141.83,141.01,140.34,139.75,139.15,138.61,138.10,137.64,137.34,137.40,137.64,137.79,137.73,137.54,136.98,137.31,138.34,139.18,139.67,139.98,140.16,140.22,140.23,140.19,140.15,140.10,139.90,139.01,138.14,137.67,137.70,137.23,136.56,135.82,135.06,134.28,133.57,132.83,132.06,131.28,130.48,129.46,128.58,128.12,127.78,127.72,127.71,127.65,127.58,127.50,127.40,127.28,127.21,127.13,127.09,127.11,127.11,126.80,126.56,126.16,125.62,125.14,124.57,124.01,123.47,122.91,122.29,121.72,121.17,120.65,120.31,120.19,119.90,119.56,119.43,119.36,119.22,118.97,118.59,117.95,116.81,115.56,114.52,114.08,113.67,113.76,114.09,114.39,114.65,114.75,114.79,114.63,113.77,113.00,112.16,111.03,109.31,107.29,105.25,103.84,103.19,102.30,101.28,100.24,99.32,98.71,98.02,98.08,98.71,99.62,100.58,101.34,101.98,102.28,101.58,100.60,99.31,97.80,96.44,96.71,97.44,98.22,98.96,99.70,100.71,101.86,102.88,103.17,102.66,101.57,99.69,96.66,93.14,90.80,89.76,89.72,89.70,89.67,89.55,89.51,90.09,92.51,96.94,102.06,106.95,110.86,112.12,112.82,113.75,114.86,115.85,116.73,117.21,116.92,116.22,115.43,114.42,113.07,111.25,108.42,105.57,103.41,102.66,102.57,102.82,103.18,103.53,103.69,103.86,103.95,103.88,103.55,103.17,103.02,103.22,103.83,104.59,105.58,106.70,107.81,108.71,108.91,108.91,108.85,108.73,108.65,108.55,108.44,108.32,108.23,107.98,107.62,107.27,107.11,106.93,106.44,105.75,104.96,103.64,102.34,101.04,99.70
156.50,153.95,150.63,147.48,144.70,142.57,142.18,142.04,141.85,141.59,141.25,141.21,141.19,141.03,140.67,140.43,140.54,140.92,141.41,141.66,141.20,140.56,140.00,139.65,139.35,139.05,138.75,138.51,138.28,138.15,138.07,138.00,137.92,137.84,137.72,137.55,137.32,137.09,137.07,137.31,137.87,138.69,139.54,140.21,140.70,141.33,142.06,142.77,143.41,143.93,144.30,143.53,142.32,141.25,140.31,139.52,138.94,138.51,138.03,137.56,137.10,136.64,136.28,136.34,136.30,136.22,136.14,136.04,135.85,136.08,136.78,137.83,138.83,139.55,139.97,140.09,140.06,140.03,139.97,139.89,139.69,138.70,137.50,136.69,136.63,136.16,135.64,135.04,134.29,133.53,132.81,132.07,131.30,130.46,129.47,128.08,126.96,126.57,126.20,126.17,126.21,126.19,126.12,126.04,125.96,125.89,125.81,125.74,125.77,125.84,125.83,125.48,125.16,124.68,124.11,123.62,123.08,122.55,122.00,121.44,120.87,120.33,119.77,119.15,118.55,118.33,118.13,117.84,117.49,117.28,117.06,116.68,116.00,114.98,113.79,112.59,111.66,111.47,111.39,111.61,111.95,112.23,112.41,112.54,112.68,112.65,112.00,111.11,110.24,108.90,106.44,104.23,102.41,101.26,100.85,100.34,99.51,98.74,98.32,98.47,98.73,99.20,99.87,100.70,101.51,102.23,102.95,103.27,102.12,100.98,99.74,98.43,97.36,97.45,97.97,98.61,99.32,100.19,101.32,102.57,103.78,104.61,104.20,103.07,101.74,100.21,97.19,93.01,90.39,89.94,89.66,89.53,89.48,89.90,91.84,96.47,101.83,106.90,110.99,113.44,113.95,114.33,115.15,116.23,117.35,118.44,119.00,118.54,117.69,116.27,114.57,112.73,110.87,108.55,106.36,104.94,105.05,105.27,105.61,105.91,106.10,106.31,106.52,106.69,106.76,106.63,106.18,105.48,104.95,105.10,105.78,106.58,107.55,108.61,109.41,109.63,109.61,109.53,109.41,109.28,109.11,108.97,108.89,108.80,108.55,108.24,107.96,107.77,107.46,106.46,105.09,103.77,102.38,100.86,98.85,96.36
155.25,153.58,151.33,148.16,144.55,141.58,140.88,140.68,140.53,140.39,140.26,140.28,140.31,140.21,139.91,139.72,139.76,139.97,140.22,140.32,140.04,139.63,139.23,138.97,138.69,138.42,138.16,137.88,137.64,137.48,137.40,137.36,137.29,137.21,137.07,136.86,136.62,136.31,136.11,136.09,136.33,137.05,138.14,139.25,140.18,140.82,141.44,142.03,142.53,142.92,143.24,142.40,141.07,139.84,138.86,138.15,137.67,137.31,136.84,136.38,135.95,135.53,135.17,135.09,135.00,134.89,134.76,134.64,134.53,134.63,135.09,136.13,137.20,138.41,139.44,139.93,139.67,139.41,139.25,139.11,138.75,137.95,136.95,136.07,135.61,135.07,134.59,134.08,133.47,132.76,132.06,131.31,130.47,129.37,128.02,126.47,125.32,124.94,124.61,124.59,124.66,124.69,124.66,124.58,124.51,124.44,124.37,124.38,124.48,124.58,124.56,124.15,123.74,123.25,122.66,122.06,121.56,121.06,120.50,119.81,119.08,118.57,118.07,117.48,116.85,116.35,116.06,115.75,115.18,114.68,114.34,113.87,113.07,111.94,111.16,110.46,109.86,109.59,109.54,109.70,109.93,110.13,110.29,110.34,110.24,110.04,109.72,108.26,106.66,104.94,102.84,101.47,100.50,99.91,99.67,99.44,99.14,98.89,98.84,99.25,99.88,100.39,100.92,101.64,102.45,103.18,103.91,104.23,102.99,101.63,100.29,99.07,98.23,98.31,98.71,99.18,99.84,101.35,102.62,103.77,104.89,105.86,105.99,105.40,104.52,103.41,101.04,97.82,94.77,92.32,90.57,89.97,90.16,91.69,95.83,101.22,106.27,110.47,113.54,115.62,115.97,116.11,116.64,117.63,118.76,119.94,120.35,119.26,117.91,116.29,114.49,112.60,110.86,108.96,107.59,107.01,107.32,107.81,108.24,108.51,108.63,108.76,108.89,109.01,109.11,109.12,108.64,107.55,106.53,106.38,106.91,107.68,108.57,109.63,111.00,111.39,111.34,111.13,110.78,110.25,109.81,109.53,109.45,109.33,109.13,108.89,108.63,108.25,107.24,105.74,104.11,102.63,101.18,98.22,94.59,90.91
153.88,152.61,150.98,147.65,143.58,140.74,139.99,139.79,139.68,139.60,139.57,139.55,139.55,139.52,139.34,139.27,139.29,139.36,139.41,139.42,139.24,138.97,138.68,138.42,138.12,137.84,137.57,137.36,137.25,137.12,136.98,136.85,136.68,136.58,136.48,136.38,136.29,136.00,135.76,135.57,135.48,135.81,136.61,137.70,138.87,139.60,140.44,141.09,141.55,141.87,142.17,141.23,139.81,138.54,137.46,136.82,136.43,136.10,135.64,135.18,134.77,134.42,134.09,133.92,133.81,133.69,133.56,133.41,133.30,133.27,133.52,134.41,135.51,136.95,138.33,139.14,138.84,138.43,138.19,138.02,137.52,136.86,136.05,135.23,134.59,134.09,133.59,133.10,132.58,131.93,131.28,130.46,129.40,128.03,126.45,124.82,123.68,123.30,123.02,123.00,123.07,123.16,123.19,123.13,123.06,123.02,122.99,123.06,123.19,123.30,123.26,122.84,122.37,121.83,121.19,120.42,119.81,119.28,118.69,117.94,117.13,116.67,116.27,115.77,115.17,114.46,114.00,113.60,112.93,112.27,111.88,111.44,110.72,109.78,109.33,108.95,108.52,108.11,107.96,108.04,108.15,108.17,108.30,108.14,107.67,107.04,106.56,105.05,103.43,101.93,100.59,99.97,99.62,99.39,99.26,99.22,99.32,99.53,99.87,100.53,101.35,101.82,102.16,102.69,103.40,104.12,104.86,105.20,104.02,102.61,101.26,100.08,99.30,99.23,99.54,100.08,100.98,102.73,104.13,105.26,106.22,107.01,107.51,107.50,107.28,106.92,105.51,103.18,99.80,95.81,93.02,92.06,92.50,94.81,100.10,105.55,110.13,113.68,116.12,117.90,118.15,118.08,118.29,119.12,120.32,121.24,121.14,119.50,117.83,116.21,114.53,112.79,111.23,109.70,108.94,108.88,109.21,109.76,110.20,110.45,110.53,110.60,110.68,110.79,110.95,111.14,110.95,109.61,108.12,107.73,108.10,109.07,110.45,112.12,113.71,114.22,114.22,113.94,113.30,112.33,111.53,111.02,110.81,110.54,110.17,109.69,109.10,108.31,106.74,104.94,103.17,101.47,99.31,95.05,90.20,85.90
152.41,151.07,149.07,145.34,141.46,140.07,139.65,139.56,139.49,139.36,139.29,139.07,138.99,139.00,138.91,138.88,138.91,138.97,138.98,138.97,138.80,138.53,138.22,137.93,137.65,137.33,137.08,137.09,137.29,137.27,137.02,136.63,136.23,136.08,136.12,136.29,136.53,136.41,136.27,136.06,135.66,135.34,135.15,135.54,136.52,137.42,138.84,139.84,140.36,140.71,140.97,139.89,138.44,137.31,136.10,135.50,135.19,134.89,134.44,134.00,133.65,133.37,133.13,132.96,132.81,132.70,132.60,132.44,132.30,132.15,132.19,132.78,133.94,135.22,136.49,137.46,137.43,137.06,136.80,136.61,136.07,135.41,134.66,133.99,133.57,133.23,132.70,132.14,131.60,131.04,130.43,129.37,127.93,126.36,124.76,123.14,121.98,121.60,121.35,121.31,121.39,121.53,121.65,121.62,121.60,121.62,121.69,121.77,121.91,122.00,121.94,121.54,121.03,120.41,119.65,118.64,117.74,117.06,116.44,115.78,115.03,114.66,114.40,114.06,113.50,112.73,112.07,111.50,110.90,110.33,110.00,109.71,109.32,108.90,108.56,108.14,107.60,107.04,106.66,106.69,106.67,106.38,106.45,105.97,105.03,103.78,102.48,101.73,101.23,100.84,100.47,100.25,100.01,99.81,99.69,99.74,100.00,100.51,101.27,102.25,103.18,103.56,103.70,103.96,104.38,105.05,105.81,106.20,105.23,104.07,102.84,101.65,100.69,100.22,100.50,101.47,102.99,104.30,105.78,107.02,107.82,108.07,108.62,109.13,109.90,111.01,110.89,108.75,104.99,100.47,97.52,96.37,96.97,99.44,104.18,109.06,113.27,116.69,119.13,120.45,120.55,120.31,120.22,120.75,122.11,122.32,121.29,119.35,117.69,116.25,114.84,113.40,112.05,110.84,110.30,110.30,110.56,110.90,111.23,111.46,111.54,111.61,111.70,111.89,112.20,112.63,113.15,111.74,109.83,109.31,109.59,111.00,113.55,116.54,117.65,118.18,118.34,118.09,117.17,115.84,114.67,113.84,113.33,112.75,111.84,110.66,109.29,107.78,106.01,104.21,102.41,100.28,96.55,91.47,86.25,82.20
150.75,148.56,146.09,143.03,140.43,139.86,139.69,139.69,139.68,139.61,139.53,139.36,139.21,139.06,138.82,138.61,138.56,138.59,138.58,138.54,138.36,138.09,137.81,137.68,137.72,137.88,138.09,138.39,138.77,138.89,138.79,138.53,138.23,138.01,137.82,137.64,137.45,137.22,136.91,136.50,136.00,135.58,135.18,135.11,135.41,135.72,136.31,136.72,136.89,136.98,137.30,136.83,136.09,135.44,134.58,134.17,133.93,133.67,133.36,133.33,133.43,133.40,133.08,132.94,132.80,132.68,132.59,132.43,132.31,131.92,131.49,131.58,132.19,133.37,134.67,135.66,135.93,135.71,135.44,135.16,134.62,133.91,133.33,132.92,132.65,132.38,131.98,131.50,131.00,130.39,128.80,126.94,125.17,123.72,122.25,120.66,119.34,118.68,118.45,118.47,118.63,118.84,118.96,119.16,119.41,119.67,119.87,120.07,120.33,120.50,120.42,119.89,119.12,118.37,117.59,116.55,115.53,114.79,114.19,113.59,112.96,112.66,112.49,112.27,111.80,111.16,110.59,110.12,109.70,109.33,109.05,108.75,108.38,108.06,107.75,107.30,106.70,106.10,105.61,105.39,105.15,104.70,104.49,103.92,103.31,102.74,102.09,101.71,101.50,101.36,101.25,101.21,101.09,100.89,100.68,100.77,101.52,102.42,103.31,104.19,105.04,105.36,105.44,105.57,105.65,106.12,106.81,107.34,106.98,106.11,104.97,103.80,102.83,101.97,102.49,103.82,105.42,106.65,107.77,108.53,108.91,109.09,110.07,111.49,113.46,115.81,116.36,115.35,112.45,107.84,103.21,100.66,100.90,103.42,107.59,112.14,116.21,119.64,122.21,123.52,123.57,123.17,122.78,122.91,123.90,123.44,121.92,120.20,118.63,117.14,115.68,114.26,112.88,111.71,111.26,111.36,111.59,111.86,112.15,112.40,112.55,112.64,112.87,113.21,113.62,114.11,114.84,113.90,112.69,113.08,114.36,115.67,117.27,118.93,119.43,119.73,119.83,119.69,119.14,118.41,117.68,116.94,116.12,115.12,113.33,111.24,109.09,107.01,105.25,103.51,101.61,99.14,94.90,89.28,84.35,81.45
149.03,146.25,143.47,141.25,139.96,140.00,140.08,140.22,140.34,140.39,140.34,140.25,139.99,139.57,139.08,138.65,138.45,138.39,138.34,138.26,138.11,137.93,137.81,137.92,138.37,139.00,139.70,140.31,140.82,141.11,141.19,141.10,140.89,140.54,139.90,139.08,138.42,138.01,137.48,136.90,136.40,136.00,135.63,135.29,134.98,134.67,134.37,134.17,134.03,133.91,134.19,134.28,134.21,134.00,133.57,133.47,133.40,133.26,133.21,133.75,134.34,134.47,133.82,133.66,133.52,133.38,133.22,132.95,132.71,132.04,131.18,130.76,130.79,131.69,132.88,133.82,134.37,134.33,134.08,133.72,133.16,132.50,132.11,131.91,131.76,131.53,131.25,130.80,130.10,129.09,126.55,123.98,121.99,120.79,119.65,118.33,117.10,116.31,116.08,116.08,116.22,116.39,116.45,116.71,117.06,117.36,117.53,117.69,117.94,118.15,118.17,117.65,116.82,116.07,115.35,114.35,113.28,112.56,112.06,111.59,111.12,110.90,110.78,110.63,110.27,109.80,109.38,109.05,108.80,108.57,108.34,108.00,107.58,107.25,106.92,106.44,105.82,105.21,104.66,104.28,103.95,103.54,103.17,102.72,102.57,102.75,102.83,102.64,102.46,102.33,102.28,102.32,102.30,102.14,101.90,101.99,103.17,104.44,105.46,106.24,106.92,107.16,107.19,107.24,107.03,107.26,107.83,108.51,108.79,108.27,107.28,106.14,105.09,103.99,104.84,106.61,108.47,110.04,110.86,111.06,110.85,110.71,111.76,113.88,116.77,119.88,121.05,121.16,119.39,115.25,109.43,105.13,104.56,106.90,110.75,115.14,119.11,122.59,125.32,126.56,126.58,126.08,125.47,125.17,125.59,124.60,122.88,121.39,119.79,118.16,116.62,115.15,113.71,112.50,112.12,112.33,112.57,112.80,113.09,113.37,113.59,113.73,114.14,114.61,115.07,115.57,116.35,116.11,115.86,116.96,118.88,119.85,120.25,120.38,120.38,120.45,120.47,120.42,120.27,120.17,119.96,119.46,118.50,117.11,114.32,111.39,108.77,106.36,104.51,102.71,100.58,97.61,93.30,87.85,83.56,81.58
147.28,145.33,142.80,141.00,140.28,140.75,141.18,141.67,142.09,142.35,142.41,142.26,141.78,140.99,140.09,139.46,139.06,138.77,138.55,138.46,138.45,138.60,138.94,139.44,140.16,140.96,141.82,142.75,143.38,143.84,144.05,143.91,143.53,142.86,141.40,139.62,138.97,138.40,137.81,137.23,136.78,136.44,136.11,135.80,135.49,135.18,134.92,134.80,134.78,134.78,134.70,134.59,134.48,134.37,134.17,134.61,135.03,135.26,135.67,136.93,137.89,137.71,136.08,135.76,135.61,135.38,134.96,134.22,133.41,132.49,131.52,130.73,130.53,130.67,131.16,131.98,132.74,132.82,132.65,132.32,131.74,131.36,131.12,130.97,130.86,130.65,130.40,129.65,128.07,125.72,123.08,120.56,118.61,117.83,117.38,117.06,116.78,116.50,116.22,115.94,115.71,115.53,115.35,115.10,114.80,114.46,114.09,113.66,113.43,113.53,113.89,113.95,113.83,113.55,113.02,112.06,111.00,110.51,110.33,110.15,109.92,109.80,109.68,109.52,109.25,108.96,108.65,108.33,108.05,107.81,107.58,107.25,106.81,106.49,106.08,105.55,104.93,104.32,103.77,103.66,103.75,103.82,103.85,103.90,103.98,104.04,103.88,103.61,103.44,103.35,103.28,103.29,103.33,103.34,103.33,103.34,104.54,106.02,107.39,108.49,108.85,108.93,108.89,108.77,108.50,108.46,108.84,109.62,110.33,110.34,109.68,108.54,107.13,106.15,107.37,109.88,112.95,115.83,116.94,116.78,115.70,114.11,113.86,115.74,118.58,121.22,123.41,123.83,122.92,120.61,116.23,110.19,107.83,109.45,113.73,118.18,122.09,125.61,128.42,129.11,129.07,128.62,127.94,127.36,127.03,125.93,124.41,122.82,120.69,118.92,117.38,115.92,114.53,113.33,113.03,113.36,113.64,113.88,114.16,114.47,114.76,115.03,115.54,116.07,116.53,117.02,117.76,118.43,118.97,119.41,120.00,120.35,120.57,120.69,120.70,120.76,120.76,120.67,120.53,120.38,120.25,120.05,119.48,117.83,114.00,110.64,108.39,106.24,103.83,101.61,98.89,94.91,90.94,87.48,84.34,81.97
145.69,144.05,142.28,141.57,141.81,142.47,142.94,143.49,143.99,144.35,144.58,144.51,144.02,143.16,142.07,141.24,140.58,140.09,139.82,139.72,139.81,140.13,140.69,141.34,142.13,142.98,143.93,145.01,145.90,146.55,146.88,146.77,146.19,145.01,142.97,140.63,139.45,138.77,138.16,137.61,137.20,136.88,136.59,136.30,135.99,135.69,135.53,135.53,135.64,135.74,135.59,135.44,135.33,135.22,135.12,135.60,136.22,136.87,137.68,138.92,139.73,139.55,138.19,137.63,137.13,136.55,135.84,134.89,133.92,132.93,131.93,130.98,130.46,130.26,130.37,130.79,131.26,131.31,131.19,130.94,130.45,130.14,129.91,129.70,129.41,128.50,127.75,126.55,124.55,122.15,120.28,118.73,117.59,117.19,117.02,117.08,117.17,117.12,116.89,116.54,116.26,116.07,115.86,115.56,115.08,114.51,113.98,113.49,113.04,112.80,112.82,112.68,112.43,111.96,111.33,110.64,109.92,109.59,109.45,109.30,109.14,108.98,108.80,108.60,108.37,108.17,107.90,107.60,107.33,107.06,106.82,106.48,106.05,105.69,105.36,105.06,104.77,104.49,104.27,104.33,104.61,104.95,105.07,105.22,105.32,105.27,104.89,104.60,104.42,104.33,104.29,104.29,104.34,104.42,104.48,104.53,105.70,107.23,108.76,110.03,110.72,110.87,110.74,110.47,110.15,110.43,111.18,112.25,113.33,113.65,113.03,111.41,108.87,107.98,109.90,113.25,117.07,120.59,122.29,122.09,120.26,117.29,115.77,116.93,119.36,121.84,124.63,126.13,126.11,124.39,120.81,114.72,111.40,111.87,115.78,120.12,124.18,127.53,129.69,130.10,130.05,129.73,129.25,128.73,128.30,127.37,125.91,123.84,120.93,119.14,117.73,116.30,114.95,114.12,114.03,114.42,114.87,115.16,115.44,115.71,115.94,115.96,116.48,117.12,117.72,118.32,118.98,119.72,120.30,120.46,120.62,120.75,120.87,120.98,121.05,121.10,121.05,120.92,120.74,120.58,120.43,120.27,119.62,116.86,110.39,105.80,104.11,102.61,100.37,97.78,94.93,91.82,89.05,86.68,84.40,82.62
144.38,142.83,142.09,142.74,143.99,144.67,145.03,145.49,145.96,146.36,146.77,146.87,146.49,145.67,144.54,143.52,142.65,142.01,141.73,141.64,141.78,142.15,142.75,143.45,144.19,145.05,146.04,147.16,148.21,148.97,149.39,149.32,148.61,146.99,144.60,141.94,140.02,139.16,138.54,138.02,137.65,137.33,137.07,136.80,136.50,136.24,136.19,136.33,136.55,136.74,136.64,136.55,136.44,136.31,136.23,136.52,137.19,138.16,139.24,140.14,140.64,140.63,139.99,139.17,138.23,137.25,136.27,135.27,134.32,133.36,132.36,131.38,130.53,130.17,130.05,129.99,130.01,129.96,129.86,129.66,129.21,128.79,128.45,128.16,127.62,125.86,124.43,122.82,120.82,119.09,118.28,117.93,117.77,117.66,117.58,117.71,117.88,117.93,117.81,117.50,117.31,117.27,117.14,116.99,116.57,116.00,115.52,115.15,114.61,114.01,113.44,112.82,112.12,111.27,110.47,110.05,109.73,109.46,109.20,108.96,108.76,108.49,108.22,107.97,107.71,107.52,107.26,106.98,106.74,106.44,106.20,105.89,105.48,105.13,104.95,104.98,105.13,105.28,105.46,105.63,105.95,106.48,106.55,106.60,106.62,106.46,105.89,105.58,105.40,105.30,105.30,105.30,105.35,105.42,105.49,105.65,106.72,108.19,109.73,111.10,112.34,112.77,112.65,112.30,111.96,112.82,114.16,115.66,117.15,117.73,117.01,114.74,110.99,109.88,112.34,116.34,120.59,124.40,126.71,126.74,124.53,120.60,117.83,117.92,119.74,122.22,125.32,128.01,128.79,127.19,124.05,118.70,114.93,114.23,117.47,121.50,125.71,128.81,130.04,130.36,130.30,130.14,129.93,129.64,129.40,128.76,127.30,124.55,120.85,119.06,117.85,116.50,115.25,114.93,115.07,115.47,116.09,116.47,116.78,117.02,117.12,116.78,117.22,117.94,118.71,119.45,120.05,120.50,120.78,120.89,121.03,121.11,121.18,121.28,121.38,121.38,121.27,121.08,120.87,120.70,120.51,120.17,118.76,113.43,104.52,99.10,98.08,97.30,95.64,93.05,90.47,88.85,87.43,85.64,84.11,83.44
143.96,142.51,142.96,144.64,146.39,146.94,147.16,147.54,147.99,148.38,148.79,149.19,148.99,148.16,147.06,145.99,145.14,144.53,144.21,144.16,144.25,144.50,144.97,145.65,146.32,147.16,148.15,149.10,149.72,150.19,150.50,150.50,149.91,148.58,146.34,143.50,141.03,139.66,138.92,138.47,138.14,137.83,137.54,137.25,136.98,136.90,137.00,137.21,137.45,137.69,137.64,137.60,137.52,137.38,137.31,137.50,138.05,138.88,139.86,140.59,141.09,141.21,140.69,139.75,138.70,137.64,136.59,135.59,134.65,133.71,132.76,131.81,130.85,130.20,129.78,129.52,129.40,129.31,129.15,128.77,127.91,127.02,126.48,126.16,125.55,123.68,121.91,120.41,119.27,118.62,118.36,118.31,118.30,118.23,118.15,118.28,118.48,118.61,118.71,118.52,118.41,118.45,118.40,118.40,118.09,117.64,117.29,116.84,116.18,115.51,114.84,114.02,113.24,112.49,111.80,111.27,110.85,110.43,109.98,109.54,109.17,108.89,108.57,108.16,107.73,107.44,107.18,106.93,106.69,106.38,106.17,105.99,105.78,105.58,105.58,105.84,106.23,106.54,106.73,106.90,107.27,107.94,108.06,108.01,107.86,107.54,106.91,106.56,106.35,106.26,106.31,106.31,106.37,106.40,106.43,106.73,107.55,108.78,110.22,111.62,113.02,114.10,114.59,114.33,114.16,115.35,117.19,119.33,121.54,122.52,121.66,119.14,115.41,112.77,114.38,118.09,122.31,126.19,128.67,129.32,128.11,124.95,120.84,119.51,120.56,123.08,126.10,128.74,129.91,129.06,126.16,121.44,117.70,116.56,119.44,122.69,126.65,129.51,130.24,130.54,130.57,130.47,130.31,130.17,130.04,129.72,128.29,124.88,120.79,118.94,117.84,116.75,115.86,115.83,116.06,116.40,116.94,117.51,118.03,118.36,118.34,117.94,118.05,118.59,119.38,120.19,120.87,121.18,121.32,121.48,121.54,121.53,121.58,121.67,121.61,121.42,121.18,120.93,120.70,120.54,120.37,119.43,115.33,102.86,95.64,92.83,92.47,91.98,91.17,89.93,88.50,87.15,86.02,84.47,83.83,84.51
143.51,142.33,144.07,146.75,149.02,149.86,150.15,150.93,151.78,152.25,152.25,152.14,151.62,150.69,149.59,148.53,147.70,147.13,146.82,146.76,146.77,146.93,147.29,147.81,148.32,148.96,149.70,150.38,150.73,151.06,151.28,151.23,150.69,149.74,147.88,145.21,142.44,140.39,139.39,138.95,138.62,138.31,138.00,137.70,137.48,137.51,137.74,138.03,138.32,138.61,138.66,138.68,138.62,138.46,138.38,138.53,138.94,139.60,140.38,141.01,141.54,141.75,141.30,140.25,139.16,138.07,137.01,135.98,134.99,134.01,133.04,132.08,131.09,130.26,129.55,129.00,128.80,128.65,128.41,127.95,126.96,125.73,124.76,124.10,123.47,121.76,120.30,119.30,118.81,118.71,118.70,118.76,118.82,118.77,118.71,118.85,119.06,119.24,119.55,119.67,119.77,119.90,119.95,120.03,119.82,119.46,119.10,118.47,117.71,116.99,116.33,115.52,114.76,114.08,113.47,112.87,112.45,111.94,111.38,110.80,110.19,109.56,108.97,108.44,107.96,107.64,107.42,107.23,106.98,106.68,106.50,106.41,106.34,106.23,106.30,106.63,107.11,107.53,107.86,108.11,108.57,109.30,109.47,109.33,109.04,108.59,107.93,107.53,107.32,107.25,107.32,107.32,107.34,107.35,107.41,107.80,108.48,109.58,110.97,112.42,113.86,115.20,116.10,116.28,116.39,118.01,120.35,123.03,125.83,127.02,126.20,123.62,119.59,116.11,116.43,119.18,123.12,126.80,129.39,130.63,130.40,128.34,124.75,122.66,122.54,124.39,127.09,129.45,130.63,130.06,127.35,123.30,120.08,119.03,121.35,124.06,127.52,129.92,130.35,130.64,130.78,130.78,130.67,130.54,130.39,130.19,128.80,125.10,120.81,118.91,117.92,117.10,116.64,116.80,117.07,117.37,117.79,118.42,119.08,119.55,119.63,119.20,119.01,119.34,120.07,120.84,121.59,121.91,122.01,122.12,122.13,122.03,121.95,121.89,121.66,121.37,121.06,120.76,120.51,120.33,117.61,112.94,106.00,94.76,90.49,89.51,89.46,89.00,88.48,87.92,87.12,85.90,84.89,84.21,84.56,85.92
143.01,142.42,145.41,148.94,151.74,153.24,153.90,155.39,156.89,157.48,156.79,155.56,154.36,153.29,152.16,151.12,150.31,149.73,149.44,149.34,149.23,149.28,149.54,149.82,150.09,150.38,150.70,151.06,151.38,151.74,151.90,151.68,151.11,150.49,149.19,147.05,144.27,141.48,140.05,139.47,139.06,138.75,138.44,138.17,138.00,138.08,138.39,138.76,139.14,139.52,139.69,139.77,139.73,139.53,139.45,139.55,139.88,140.37,140.94,141.48,142.01,142.29,141.91,140.79,139.67,138.58,137.50,136.43,135.37,134.30,133.25,132.25,131.24,130.32,129.35,128.40,128.15,127.90,127.60,127.18,126.32,124.95,123.42,122.19,121.52,120.24,119.59,119.31,119.17,119.09,119.08,119.17,119.27,119.28,119.30,119.48,119.71,119.96,120.46,120.99,121.41,121.67,121.82,121.91,121.78,121.47,120.96,120.11,119.25,118.50,117.87,117.21,116.51,115.86,115.24,114.67,114.36,113.88,113.27,112.60,111.67,110.38,109.34,108.72,108.33,108.07,107.92,107.78,107.55,107.26,107.11,107.06,107.04,106.97,107.02,107.28,107.70,108.22,108.78,109.25,109.83,110.57,110.78,110.58,110.17,109.62,108.98,108.52,108.31,108.26,108.32,108.33,108.29,108.31,108.51,109.06,109.77,110.83,112.19,113.58,114.95,116.14,117.20,118.08,118.62,120.78,123.59,126.63,129.76,130.94,130.30,127.83,123.33,119.79,118.60,119.85,123.24,126.50,129.19,130.91,131.46,130.61,129.07,126.95,125.51,126.10,128.26,130.26,131.14,130.41,127.92,124.61,122.33,121.72,123.25,125.66,128.35,130.12,130.44,130.69,130.96,131.07,131.00,130.78,130.50,130.25,128.94,125.42,121.14,119.13,118.14,117.57,117.55,117.80,118.10,118.40,118.71,119.28,119.95,120.59,120.97,120.54,120.11,120.24,120.85,121.49,122.28,122.70,122.78,122.71,122.69,122.51,122.25,121.92,121.56,121.24,120.93,120.62,120.18,118.87,111.67,101.67,92.77,90.05,89.13,88.89,88.80,88.19,87.41,86.80,86.10,85.05,84.23,84.95,86.28,87.71
143.02,144.35,147.60,150.94,153.75,155.81,157.29,158.61,159.59,159.90,159.23,158.16,157.04,155.95,154.85,153.83,152.93,152.23,151.84,151.72,151.16,150.70,150.62,150.80,151.02,151.22,151.44,151.75,152.06,152.43,152.54,152.19,151.59,151.08,150.26,148.91,146.69,143.84,141.67,140.27,139.50,139.14,138.90,138.69,138.57,138.69,138.99,139.36,139.82,140.42,140.65,140.72,140.66,140.50,140.41,140.48,140.73,141.12,141.56,142.01,142.52,142.83,142.53,141.41,140.22,139.09,138.01,136.93,135.84,134.76,133.69,132.64,131.59,130.37,129.02,127.82,127.44,127.14,126.83,126.42,125.60,124.34,122.80,121.42,120.64,120.09,119.78,119.63,119.55,119.47,119.50,119.58,119.69,119.86,120.15,120.57,121.05,121.59,122.22,122.91,123.44,123.78,124.01,124.12,124.01,123.69,123.11,122.15,121.25,120.44,119.69,118.98,118.28,117.63,117.04,116.54,116.27,115.81,115.20,114.39,112.89,111.04,109.69,109.04,108.71,108.49,108.37,108.28,108.12,107.87,107.74,107.72,107.74,107.68,107.73,107.94,108.31,108.77,109.32,110.08,110.98,111.83,112.05,111.75,111.25,110.75,110.35,109.70,109.34,109.25,109.24,109.23,109.21,109.46,110.28,111.81,112.99,113.98,114.74,115.08,115.99,117.01,118.08,119.29,120.89,123.50,126.46,129.41,132.01,133.00,132.27,130.12,126.80,123.54,121.21,120.94,123.18,126.05,128.85,130.83,131.82,131.84,130.87,129.36,128.13,128.06,129.48,130.99,131.72,131.21,129.30,126.93,125.46,125.12,125.92,127.58,129.23,130.34,130.71,130.96,131.22,131.29,131.16,130.93,130.63,130.34,129.39,126.94,123.35,120.53,118.90,118.43,118.45,118.70,119.02,119.36,119.78,120.30,120.97,121.70,122.23,121.99,121.63,121.63,122.02,122.55,123.19,123.41,123.23,122.82,122.61,122.35,122.09,121.81,121.44,121.11,120.78,120.44,118.73,107.95,99.72,93.91,89.69,88.93,88.56,88.38,88.19,87.44,86.60,85.85,85.25,84.97,85.46,86.79,88.44,90.10
144.06,146.72,149.92,152.99,155.71,157.97,159.75,160.74,161.23,161.29,160.74,160.05,159.25,158.35,157.43,156.47,155.46,154.61,154.15,153.77,152.75,151.83,151.44,151.58,151.79,151.98,152.18,152.45,152.76,153.12,153.18,152.71,152.13,151.63,151.12,150.34,148.72,146.06,143.49,141.47,140.29,139.69,139.40,139.23,139.17,139.34,139.65,140.04,140.58,141.34,141.59,141.63,141.57,141.44,141.36,141.38,141.54,141.84,142.22,142.61,143.07,143.36,143.06,142.00,140.79,139.61,138.52,137.44,136.36,135.27,134.18,133.06,131.90,130.40,128.79,127.39,126.78,126.38,126.05,125.63,124.85,123.74,122.43,121.31,120.86,120.98,120.88,120.67,120.48,120.47,120.54,120.67,120.87,121.22,121.67,122.19,122.79,123.47,124.18,124.93,125.53,125.93,126.24,126.37,126.26,125.92,125.30,124.30,123.39,122.54,121.72,120.94,120.19,119.52,119.00,118.74,118.41,117.84,117.08,116.00,114.17,112.09,110.42,109.41,109.10,108.92,108.81,108.75,108.66,108.47,108.38,108.38,108.42,108.38,108.44,108.62,108.97,109.52,110.09,111.03,112.13,113.04,113.28,113.01,112.60,112.28,112.24,111.70,111.35,111.24,111.23,111.21,111.33,112.03,113.56,115.64,116.89,117.48,117.48,116.93,117.25,118.10,119.26,120.84,123.23,126.20,129.33,132.25,134.18,134.80,133.87,131.94,129.56,126.64,123.80,122.50,123.60,125.91,128.65,130.72,131.98,132.68,132.03,131.07,130.25,129.94,130.74,131.85,132.40,132.00,130.65,129.18,128.37,128.18,128.43,129.27,130.04,130.63,131.01,131.29,131.50,131.50,131.31,131.06,130.76,130.46,129.88,128.55,126.18,123.51,121.41,120.22,119.82,119.85,120.13,120.56,121.10,121.55,122.14,122.84,123.45,123.42,123.22,123.14,123.28,123.59,123.84,123.67,123.18,122.58,122.28,121.98,121.74,121.56,121.27,120.96,120.61,119.30,113.92,98.02,90.87,89.33,88.94,88.56,88.17,87.90,87.59,86.80,85.99,85.18,84.81,85.52,87.08,89.07,91.06,92.83
146.74,149.23,152.19,155.20,157.87,159.67,160.69,161.44,161.89,161.87,161.38,161.00,160.66,160.28,159.76,158.95,157.79,156.81,156.34,155.28,153.93,152.80,152.22,152.39,152.57,152.77,152.97,153.16,153.46,153.82,153.81,153.24,152.69,152.20,151.66,150.97,149.85,147.57,145.28,143.29,141.69,140.54,140.00,139.80,139.82,140.05,140.44,140.93,141.51,142.23,142.53,142.55,142.47,142.39,142.31,142.25,142.31,142.54,142.92,143.31,143.71,143.86,143.43,142.52,141.35,140.16,139.03,137.94,136.86,135.77,134.66,133.42,132.03,130.44,128.75,127.21,126.25,125.64,125.23,124.82,124.11,123.14,122.29,121.99,122.62,123.17,123.24,122.89,122.40,122.54,122.69,122.95,123.36,123.94,124.27,124.59,124.98,125.47,126.14,126.89,127.54,128.02,128.38,128.56,128.44,128.06,127.46,126.50,125.61,124.78,123.99,123.16,122.33,121.63,121.27,121.52,121.03,120.12,118.89,117.37,115.69,113.92,111.83,109.90,109.59,109.41,109.28,109.22,109.18,109.04,109.04,109.09,109.12,109.18,109.27,109.41,109.78,110.71,111.41,112.30,113.32,114.20,114.43,114.46,114.42,114.47,114.93,115.09,115.03,114.99,115.14,115.11,115.55,116.96,119.23,120.77,121.25,120.91,120.09,119.33,119.01,119.63,121.06,123.21,125.72,128.94,132.40,135.44,136.77,136.76,135.58,133.60,131.14,128.59,126.18,124.75,124.91,126.41,128.73,130.66,132.04,133.21,132.96,132.21,131.61,131.61,132.10,132.96,133.23,132.62,131.70,130.94,130.53,130.38,130.37,130.46,130.72,131.02,131.30,131.64,131.79,131.73,131.49,131.19,130.89,130.62,130.32,129.90,129.37,128.75,126.71,123.52,122.05,121.48,121.65,122.22,122.79,123.16,123.53,124.03,124.63,124.77,124.74,124.66,124.55,124.43,123.94,123.16,122.39,121.89,121.74,121.48,121.24,121.11,121.03,120.77,120.38,116.45,103.75,93.29,89.63,89.02,88.63,88.25,87.86,87.46,87.00,86.35,85.64,84.94,85.06,86.87,88.78,91.75,94.36,95.94
150.05,152.35,155.15,157.61,159.51,160.68,161.44,162.14,162.56,162.51,162.09,161.84,161.66,161.47,161.13,160.50,159.52,158.56,157.76,156.47,155.03,153.78,153.03,153.17,153.37,153.56,153.75,153.95,154.18,154.44,154.37,153.80,153.29,152.79,152.15,151.36,150.41,148.69,146.67,144.64,142.83,141.67,141.25,141.13,141.13,141.29,141.63,142.04,142.52,143.10,143.45,143.50,143.41,143.34,143.26,143.19,143.19,143.33,143.67,144.06,144.34,144.29,143.63,142.74,141.72,140.65,139.53,138.45,137.33,136.17,134.94,133.60,132.09,130.52,128.96,127.51,126.30,125.37,124.73,124.34,124.03,123.75,123.65,123.92,124.75,125.46,125.64,125.45,125.15,125.31,125.47,125.72,126.08,126.59,126.83,127.05,127.34,127.76,128.33,129.00,129.57,130.01,130.34,130.54,130.41,130.05,129.53,128.72,127.88,127.04,126.23,125.42,124.71,124.37,124.72,125.97,125.79,124.94,123.69,121.95,119.53,117.29,115.21,113.39,112.28,111.45,110.81,110.40,110.28,110.36,110.73,111.16,111.55,112.00,112.81,113.19,113.27,113.77,113.88,114.17,114.79,115.63,116.06,116.32,116.52,116.81,117.62,118.59,119.15,119.45,119.75,119.52,119.76,121.01,123.18,124.69,125.21,125.11,124.52,123.47,122.62,123.02,124.38,126.44,129.09,133.22,136.50,138.06,138.66,138.52,137.18,134.96,132.36,129.91,127.83,126.55,126.47,127.53,129.26,130.88,132.30,133.61,133.74,133.32,132.96,133.05,133.41,134.00,134.15,133.64,132.86,132.27,131.91,131.70,131.54,131.32,131.38,131.59,131.82,132.05,132.04,131.88,131.64,131.37,131.06,130.80,130.58,130.40,130.28,130.16,129.06,126.97,125.50,124.41,123.88,123.91,124.46,124.84,125.16,125.53,125.86,125.60,125.27,124.86,124.36,123.75,123.13,122.36,121.66,121.28,121.17,120.98,120.80,120.71,120.69,120.53,118.47,111.53,96.78,90.82,89.21,88.85,88.46,88.08,87.66,87.24,86.78,86.24,85.60,85.28,85.91,88.28,91.75,95.35,97.86,98.94
153.70,155.67,158.04,159.78,160.82,161.47,162.14,162.83,163.24,163.16,162.84,162.64,162.53,162.42,162.16,161.65,160.88,159.94,158.83,157.44,155.95,154.65,153.83,153.94,154.15,154.34,154.52,154.75,154.91,155.04,154.90,154.38,153.90,153.33,152.56,151.64,150.73,149.49,147.73,145.70,143.85,142.92,142.72,142.68,142.63,142.71,142.96,143.27,143.62,144.05,144.38,144.44,144.37,144.29,144.21,144.13,144.10,144.17,144.44,144.81,144.94,144.64,143.78,142.86,141.99,141.05,140.01,138.97,137.83,136.66,135.47,134.16,132.69,131.32,129.87,128.24,126.82,125.68,124.91,124.56,124.68,125.07,125.61,126.28,127.11,127.95,128.31,128.45,128.57,128.76,128.96,129.18,129.46,129.81,129.93,130.05,130.23,130.52,130.81,131.24,131.65,131.98,132.24,132.41,132.28,131.95,131.54,130.94,130.14,129.31,128.51,127.78,127.25,127.34,128.36,130.39,130.50,129.88,128.85,127.22,124.41,121.89,119.86,118.13,116.18,114.73,113.63,112.87,112.71,113.12,113.93,114.84,115.68,116.42,117.69,118.09,117.70,117.36,116.59,116.16,116.32,117.10,117.73,118.44,119.22,120.12,121.24,122.76,123.77,124.32,124.61,124.14,123.99,124.75,126.51,128.12,128.95,129.41,129.34,128.12,127.01,127.12,128.24,130.19,132.96,137.34,139.91,139.96,139.96,139.85,138.45,136.02,133.31,130.95,129.22,128.22,128.13,128.87,130.02,131.31,132.67,134.01,134.50,134.44,134.28,134.31,134.46,134.70,134.74,134.43,133.80,133.32,132.97,132.72,132.48,132.09,132.05,132.20,132.37,132.42,132.25,132.02,131.79,131.55,131.25,130.99,130.79,130.63,130.48,130.36,130.18,129.72,128.63,127.33,126.25,125.73,126.13,126.38,126.57,126.72,126.66,125.92,125.18,124.41,123.55,122.58,122.00,121.18,120.39,120.05,119.92,119.70,119.48,119.33,119.08,118.52,114.46,105.46,91.93,89.45,89.07,88.72,88.33,87.95,87.50,87.07,86.66,86.19,85.62,85.79,87.00,89.83,94.94,98.82,101.01,101.76
157.81,158.96,160.04,160.91,161.59,162.22,162.86,163.53,163.92,163.83,163.63,163.47,163.35,163.25,163.04,162.45,161.60,160.63,159.56,158.00,156.36,155.14,154.58,154.70,154.87,155.06,155.28,155.51,155.67,155.70,155.47,154.95,154.46,153.71,152.79,151.81,150.82,149.66,148.09,146.30,144.74,144.31,144.24,144.20,144.14,144.17,144.38,144.66,144.98,145.29,145.36,145.36,145.32,145.24,145.16,145.09,145.05,145.08,145.23,145.57,145.40,144.77,143.91,142.99,142.12,141.28,140.43,139.56,138.42,137.58,136.97,136.14,135.14,134.42,132.82,129.91,128.29,127.41,126.95,126.82,127.08,127.51,128.07,128.81,129.85,131.02,131.78,132.53,133.35,133.76,134.11,134.41,134.71,134.99,134.86,134.78,134.71,134.51,134.06,133.83,133.83,133.98,134.10,134.20,134.05,133.76,133.47,133.09,132.36,131.59,130.94,130.41,130.11,130.43,131.44,132.94,132.93,132.61,132.17,131.48,130.31,128.92,126.73,123.94,121.81,120.53,119.52,118.85,118.92,119.83,121.07,122.41,123.60,124.05,124.14,123.59,122.44,120.85,118.94,117.93,117.84,118.45,119.09,120.98,123.65,126.39,127.94,129.05,129.62,129.78,129.58,128.88,128.22,128.33,129.56,131.23,132.39,133.27,133.61,132.70,132.11,131.69,132.33,134.79,137.59,139.29,140.03,140.06,140.01,139.97,138.69,136.37,133.75,131.73,130.52,129.88,129.79,130.30,131.13,132.10,133.22,134.56,135.37,135.61,135.51,135.21,134.76,134.41,134.18,134.06,133.89,133.85,133.76,133.62,133.41,132.94,132.74,132.71,132.74,132.65,132.44,132.21,131.98,131.74,131.44,131.18,130.98,130.82,130.67,130.48,130.27,129.98,129.45,128.87,128.35,127.98,127.83,127.43,127.02,126.59,126.01,125.05,124.09,123.12,122.16,121.33,120.71,119.05,117.30,116.70,116.47,115.85,115.25,114.66,113.41,110.74,105.25,97.78,90.80,89.37,88.97,88.59,88.21,87.82,87.38,86.92,86.48,86.07,85.59,86.28,88.24,91.74,97.52,100.89,102.83,104.06
160.20,160.88,161.43,161.94,162.47,163.05,163.61,164.25,164.63,164.59,164.44,164.29,164.18,164.06,163.75,162.91,161.82,160.75,159.80,158.30,156.66,155.59,155.32,155.46,155.62,155.81,156.04,156.24,156.42,156.36,156.06,155.57,155.17,154.27,153.16,152.02,150.94,149.80,148.36,146.90,145.89,145.73,145.72,145.69,145.66,145.67,145.81,146.06,146.33,146.47,146.32,146.19,146.12,146.07,146.03,145.98,145.96,145.97,146.02,146.12,145.71,144.97,144.21,143.41,142.61,141.86,141.18,140.60,139.77,139.22,138.88,138.38,137.82,137.47,136.30,133.83,132.03,130.83,130.08,129.79,130.07,130.61,131.39,132.42,133.74,135.19,135.98,136.62,137.27,137.57,137.81,138.02,138.20,138.31,138.15,138.03,137.88,137.57,136.99,136.43,136.13,136.07,135.98,136.00,135.84,135.59,135.38,135.11,134.50,133.87,133.38,133.04,132.95,133.45,134.44,135.41,135.46,135.31,135.10,134.78,134.39,133.74,132.14,129.69,127.49,126.04,125.16,124.82,125.25,126.33,127.53,128.76,129.78,129.94,129.41,128.29,126.60,124.29,121.81,120.34,120.29,121.78,123.41,125.63,128.33,131.00,132.48,133.30,133.67,133.66,133.24,132.47,131.74,131.61,132.47,134.04,135.46,136.56,137.12,136.66,136.41,135.97,136.21,137.90,139.62,140.06,140.09,140.08,139.99,139.67,138.29,136.26,134.44,133.14,132.35,131.94,131.89,132.20,132.67,133.26,134.07,135.21,135.91,135.87,135.40,134.75,134.00,133.43,133.11,133.03,133.07,133.22,133.31,133.32,133.29,133.06,132.87,132.77,132.71,132.53,132.34,132.12,131.90,131.73,131.52,131.31,131.13,130.96,130.75,130.53,130.31,130.09,129.81,129.40,128.95,128.50,128.04,127.41,126.75,126.09,125.36,124.30,123.14,121.99,120.17,116.21,112.98,110.72,109.37,108.93,108.75,108.07,107.42,106.82,105.34,102.43,97.82,92.90,90.12,89.34,88.91,88.51,88.13,87.77,87.38,86.94,86.50,86.12,85.77,86.84,89.42,93.60,99.05,102.11,104.14,105.89
161.51,161.99,162.47,162.94,163.43,163.95,164.43,164.99,165.37,165.40,165.27,165.12,165.00,164.82,164.28,163.10,161.69,160.50,159.70,158.40,156.90,156.06,156.07,156.22,156.38,156.57,156.78,156.95,157.16,157.01,156.65,156.23,155.97,155.01,153.75,152.43,151.25,150.07,148.72,147.61,147.23,147.18,147.17,147.17,147.17,147.18,147.24,147.43,147.63,147.59,147.28,146.99,146.83,146.83,146.82,146.82,146.81,146.81,146.79,146.58,146.02,145.31,144.67,144.03,143.34,142.68,142.15,141.88,141.49,141.18,140.93,140.62,140.41,140.22,139.73,138.59,136.77,135.12,133.91,133.32,133.54,134.15,135.13,136.38,137.85,139.39,140.00,140.18,140.24,140.28,140.30,140.32,140.31,140.24,140.15,140.06,139.96,139.76,139.39,138.77,138.33,138.11,137.81,137.75,137.62,137.42,137.26,137.05,136.61,136.15,135.81,135.66,135.75,136.35,137.22,137.73,137.92,137.87,137.70,137.52,137.41,137.16,136.48,135.17,133.12,131.43,130.60,130.57,131.31,132.33,133.26,134.08,134.67,134.57,133.84,132.41,130.30,127.59,124.92,123.23,123.43,126.13,129.02,131.06,132.83,134.47,135.62,136.26,136.55,136.52,136.06,135.36,134.82,134.73,135.32,136.63,138.06,139.15,139.75,139.76,139.69,139.49,139.46,139.80,140.06,140.16,140.15,140.09,139.95,139.18,137.69,136.13,135.41,134.93,134.48,134.21,134.25,134.40,134.50,134.68,135.09,135.85,136.12,135.51,134.51,133.55,132.66,132.08,131.76,131.66,131.75,131.96,132.16,132.33,132.55,132.67,132.60,132.49,132.39,132.18,132.02,131.83,131.64,131.57,131.49,131.36,131.20,131.03,130.77,130.53,130.33,130.15,129.89,129.32,128.65,127.98,127.37,126.75,126.09,125.42,124.71,123.67,122.31,120.52,116.94,109.01,102.87,100.45,100.10,99.98,99.93,99.33,98.80,98.37,97.11,95.02,92.39,90.17,89.70,89.30,88.87,88.45,88.08,87.76,87.44,87.05,86.62,86.25,86.13,87.49,90.57,95.36,99.97,102.91,105.22,107.39
162.57,163.01,163.52,164.00,164.48,164.96,165.38,165.82,166.13,166.18,166.08,165.94,165.80,165.45,164.35,162.86,161.26,159.99,159.33,158.29,157.23,156.71,156.82,156.98,157.13,157.31,157.49,157.69,157.83,157.65,157.30,156.95,156.82,156.16,155.05,153.67,152.36,151.05,149.77,148.85,148.66,148.63,148.63,148.63,148.63,148.63,148.66,148.73,148.77,148.63,148.29,147.83,147.54,147.54,147.54,147.54,147.54,147.52,147.46,147.28,146.78,146.13,145.50,144.84,144.19,143.60,143.19,143.12,142.89,142.66,142.46,142.21,142.05,141.86,141.52,140.90,139.94,138.97,138.19,137.72,137.75,138.01,138.47,139.06,139.76,140.53,140.94,141.08,141.05,141.09,141.10,141.07,140.99,140.81,140.67,140.58,140.50,140.38,140.20,139.88,139.66,139.56,139.39,139.32,139.22,139.12,139.06,138.94,138.69,138.43,138.24,138.19,138.43,138.79,139.16,139.38,139.55,139.56,139.70,140.15,140.51,140.42,140.06,139.47,138.53,137.25,136.07,135.47,136.00,136.88,137.67,138.23,138.46,138.35,137.72,136.02,133.40,130.39,127.77,126.59,127.19,129.68,132.35,134.20,135.81,137.32,138.39,138.82,138.96,138.92,138.64,138.19,137.88,137.89,138.32,138.90,139.49,139.97,140.28,140.35,140.30,140.18,140.13,140.21,140.28,140.24,140.16,140.09,139.93,138.86,137.86,137.23,137.01,136.87,136.61,136.47,136.57,136.67,136.51,136.32,136.20,136.15,135.74,134.80,133.66,132.59,131.44,130.78,130.43,130.35,130.52,130.83,131.12,131.41,131.77,131.95,131.93,131.86,131.79,131.58,131.49,131.37,131.25,131.26,131.24,131.16,131.05,130.89,130.74,130.56,130.37,130.16,129.88,129.05,128.17,127.39,126.69,126.06,125.42,124.77,124.04,123.07,121.71,116.87,109.19,102.88,99.63,98.44,98.16,98.02,97.82,97.19,96.55,95.94,94.75,93.01,91.19,89.83,89.56,89.19,88.78,88.40,88.07,87.76,87.45,87.09,86.69,86.38,86.79,88.46,91.76,96.81,100.93,103.95,106.44,108.61
163.62,164.03,164.51,164.98,165.42,165.85,166.22,166.60,166.87,166.91,166.82,166.69,166.57,166.17,164.79,163.09,161.32,159.94,159.27,158.52,157.87,157.58,157.67,157.78,157.90,158.05,158.22,158.41,158.46,158.25,157.96,157.74,157.68,157.32,156.39,155.03,153.73,152.56,151.59,150.86,150.49,150.43,150.42,150.43,150.45,150.45,150.41,150.35,150.22,149.92,149.41,148.78,148.34,148.24,148.23,148.21,148.18,148.12,148.02,147.89,147.54,147.01,146.36,145.69,145.04,144.55,144.34,144.40,144.25,144.07,143.91,143.73,143.57,143.33,143.01,142.60,142.07,141.50,140.92,140.46,140.40,140.40,140.48,140.65,140.88,141.14,141.45,141.62,141.58,141.63,141.64,141.57,141.42,141.20,141.03,140.92,140.85,140.78,140.70,140.56,140.47,140.46,140.36,140.28,140.20,140.15,140.14,140.07,139.97,139.88,139.83,139.84,140.08,140.26,140.36,140.44,140.59,140.64,140.97,141.87,142.75,143.21,143.38,143.40,143.41,142.69,141.53,140.49,140.18,140.69,141.22,141.43,141.26,141.10,140.51,138.97,136.60,133.81,131.11,130.19,130.94,133.07,135.35,136.90,138.16,139.28,140.07,140.37,140.43,140.37,140.22,139.98,139.80,139.84,140.09,140.23,140.31,140.43,140.56,140.58,140.51,140.45,140.40,140.36,140.37,140.23,140.08,139.97,139.79,138.86,138.25,138.05,137.96,137.84,137.61,137.45,137.43,137.36,137.04,136.63,136.19,135.67,134.96,134.01,133.01,132.02,130.71,129.86,129.33,129.06,129.16,129.47,129.92,130.46,130.99,131.22,131.23,131.21,131.19,131.03,130.99,130.93,130.87,130.97,130.98,130.93,130.84,130.71,130.63,130.51,130.34,130.10,129.67,128.35,127.26,126.48,125.72,125.02,124.45,123.89,123.26,122.48,121.25,114.01,103.32,99.38,98.15,97.58,97.20,97.00,96.61,95.97,95.32,94.62,93.49,92.10,90.78,89.81,89.47,89.09,88.72,88.38,88.07,87.76,87.47,87.13,86.78,86.65,87.59,89.70,93.16,98.06,101.76,104.81,107.45,109.67
164.70,165.04,165.44,165.83,166.22,166.61,166.94,167.30,167.56,167.59,167.47,167.37,167.33,167.03,165.76,163.97,162.08,160.56,159.76,159.26,158.92,158.73,158.67,158.69,158.76,158.88,159.03,159.15,159.10,158.86,158.65,158.60,158.53,158.41,157.68,156.44,155.35,154.64,154.20,153.66,152.83,152.63,152.60,152.62,152.67,152.66,152.55,152.37,152.08,151.54,150.72,149.91,149.30,148.98,148.92,148.86,148.75,148.62,148.48,148.38,148.22,147.86,147.20,146.56,145.91,145.55,145.59,145.72,145.63,145.47,145.34,145.24,145.09,144.79,144.40,143.95,143.30,142.61,141.86,141.24,141.20,141.09,141.09,141.22,141.44,141.62,141.94,142.15,142.14,142.15,142.14,142.02,141.81,141.58,141.41,141.30,141.24,141.16,141.07,140.94,140.86,140.82,140.69,140.60,140.52,140.47,140.46,140.39,140.35,140.41,140.50,140.51,140.60,140.74,140.87,140.96,141.10,141.15,141.52,142.58,143.99,145.41,146.37,146.91,147.53,147.34,146.69,145.54,143.96,143.89,143.97,143.69,143.10,142.81,142.16,141.19,139.86,137.84,135.01,133.96,134.56,136.35,138.25,139.33,139.94,140.31,140.62,140.86,140.90,140.83,140.73,140.56,140.46,140.43,140.47,140.56,140.63,140.75,140.84,140.78,140.71,140.67,140.61,140.47,140.34,140.14,139.91,139.70,139.51,139.13,138.69,138.30,138.01,137.68,137.31,136.95,136.62,136.28,135.90,135.44,134.93,134.40,133.83,133.19,132.53,131.81,130.49,129.45,128.61,127.96,127.74,127.89,128.50,129.36,130.10,130.41,130.46,130.47,130.53,130.52,130.54,130.55,130.57,130.70,130.72,130.68,130.60,130.52,130.44,130.35,130.07,129.53,128.83,127.02,125.83,125.22,124.43,123.60,123.11,122.75,122.34,121.88,120.73,112.30,100.41,98.70,97.65,96.82,96.27,96.01,95.41,94.82,94.27,93.61,92.55,91.59,90.61,89.78,89.41,89.03,88.69,88.38,88.07,87.77,87.51,87.20,86.93,87.14,88.58,91.20,94.83,99.17,102.50,105.50,108.27,110.66
165.78,165.93,166.24,166.58,166.94,167.32,167.67,168.02,168.24,168.24,168.15,168.13,168.14,167.98,167.20,165.47,163.76,162.50,161.86,161.37,160.98,160.63,160.37,160.40,160.43,160.49,160.53,160.47,160.17,159.85,159.61,159.48,159.36,159.31,158.91,158.21,157.68,157.28,157.03,156.63,155.83,155.13,154.99,154.97,154.89,154.88,154.75,154.53,154.18,153.58,152.63,151.63,150.72,150.01,149.59,149.41,149.28,149.12,148.97,148.88,148.78,148.55,148.05,147.41,146.95,146.75,146.81,147.00,147.02,146.94,146.84,146.75,146.61,146.27,145.75,145.10,144.40,143.61,142.75,142.05,141.97,141.80,141.78,141.87,142.02,142.17,142.50,142.71,142.71,142.71,142.60,142.43,142.23,142.01,141.81,141.69,141.62,141.53,141.41,141.33,141.25,141.16,141.05,140.93,140.84,140.78,140.77,140.70,140.72,140.83,140.99,141.00,141.10,141.22,141.34,141.50,141.66,141.71,142.09,143.19,144.72,146.34,147.67,148.61,149.19,149.23,148.99,148.44,147.49,146.89,146.26,145.56,144.85,144.36,143.66,142.78,141.71,140.31,138.47,137.72,138.03,139.07,140.19,140.65,140.87,141.06,141.24,141.39,141.38,141.26,141.14,140.98,140.91,140.88,140.85,140.92,140.97,141.02,141.05,140.97,140.85,140.75,140.65,140.49,140.34,140.12,139.81,139.42,139.08,138.69,138.26,137.81,137.41,136.99,136.53,136.07,135.64,135.21,134.78,134.34,133.88,133.38,132.88,132.36,131.84,131.29,130.43,129.78,129.13,128.34,127.51,126.83,126.78,127.30,128.10,128.56,128.53,128.49,128.79,129.45,129.99,130.24,130.31,130.44,130.43,130.42,130.41,130.32,130.25,130.17,128.04,124.38,123.86,123.56,123.79,123.98,123.10,122.14,121.66,121.43,121.25,120.92,118.48,110.10,99.62,98.40,97.36,96.40,95.59,94.95,94.34,93.79,93.25,92.59,91.56,90.77,90.14,89.64,89.29,88.95,88.66,88.39,88.12,87.82,87.53,87.27,87.25,88.13,90.04,93.00,96.64,100.54,103.92,107.05,109.92,112.38
166.90,166.85,167.08,167.37,167.69,168.05,168.41,168.73,168.91,168.91,168.88,168.91,168.94,168.89,168.58,167.21,165.91,165.00,164.51,163.99,163.47,162.95,162.60,162.74,162.81,162.81,162.76,162.56,162.09,161.69,161.39,161.17,161.00,160.99,160.95,160.84,160.70,160.44,160.20,159.80,159.02,157.86,157.47,157.31,157.15,157.10,156.97,156.73,156.34,155.70,154.71,153.62,152.53,151.53,150.78,150.42,150.18,149.93,149.62,149.41,149.30,149.18,148.86,148.30,148.06,148.00,148.05,148.28,148.40,148.41,148.34,148.25,148.08,147.66,147.02,146.20,145.43,144.54,143.61,142.87,142.70,142.49,142.45,142.53,142.62,142.76,143.06,143.26,143.26,143.23,143.04,142.84,142.66,142.43,142.21,142.08,142.00,141.90,141.77,141.72,141.63,141.50,141.41,141.28,141.16,141.09,141.07,141.02,141.07,141.22,141.40,141.44,141.57,141.69,141.82,142.05,142.21,142.27,142.66,143.77,145.30,146.80,148.18,149.27,149.73,149.97,150.06,150.06,149.88,149.07,148.11,147.23,146.52,145.84,145.09,144.20,143.22,142.23,141.30,140.84,140.85,141.25,141.76,141.80,141.76,141.83,141.96,141.99,141.88,141.69,141.54,141.39,141.33,141.29,141.25,141.28,141.24,141.19,141.13,141.02,140.89,140.75,140.61,140.47,140.33,140.12,139.75,139.22,138.77,138.32,137.86,137.40,136.94,136.47,135.97,135.47,135.00,134.54,134.09,133.67,133.25,132.79,132.32,131.86,131.40,130.94,130.50,130.25,129.85,129.13,128.04,126.75,125.94,125.65,125.78,126.11,125.96,125.75,125.97,126.90,127.65,128.04,128.27,128.82,129.29,129.50,129.22,128.36,128.02,127.82,124.78,119.71,119.45,120.46,121.81,122.60,121.78,120.69,119.98,119.68,119.60,119.02,115.63,107.94,99.32,98.17,97.11,96.09,95.10,94.15,93.46,92.85,92.26,91.61,90.71,90.11,89.76,89.54,89.24,88.91,88.63,88.39,88.15,87.88,87.67,87.60,87.96,89.48,91.83,94.98,98.52,102.07,105.56,109.05,112.17,114.67
168.07,167.89,168.05,168.30,168.54,168.81,169.12,169.39,169.56,169.62,169.68,169.69,169.70,169.69,169.61,169.17,168.60,168.02,167.50,167.02,166.36,165.81,165.63,166.05,166.29,166.34,166.25,166.05,165.62,165.16,164.81,164.58,164.37,164.43,164.76,165.11,164.83,164.43,163.97,163.31,162.26,160.94,160.03,159.57,159.47,159.34,159.19,158.94,158.52,157.75,156.84,155.87,154.91,153.97,153.09,152.47,151.96,151.39,150.56,149.98,149.77,149.73,149.59,149.30,149.25,149.27,149.33,149.60,149.78,149.83,149.80,149.70,149.44,148.86,148.12,147.30,146.36,145.43,144.50,143.71,143.37,143.12,143.08,143.16,143.25,143.39,143.62,143.76,143.75,143.69,143.49,143.26,143.04,142.81,142.64,142.49,142.38,142.29,142.20,142.08,141.97,141.87,141.73,141.64,141.51,141.39,141.34,141.32,141.42,141.57,141.74,141.87,142.01,142.16,142.33,142.55,142.72,142.81,143.25,144.38,145.77,146.90,147.86,148.64,149.13,149.64,149.93,150.01,149.95,149.62,149.19,148.69,148.06,147.27,146.49,145.63,144.69,143.77,143.05,142.55,142.33,142.54,142.97,143.12,142.99,142.78,142.84,142.71,142.43,142.14,141.98,141.83,141.74,141.70,141.67,141.55,141.37,141.18,140.98,140.79,140.68,140.59,140.50,140.41,140.32,140.12,139.75,139.23,138.83,138.43,138.00,137.53,137.06,136.60,136.13,135.66,135.19,134.73,134.32,133.90,133.44,132.98,132.51,132.05,131.59,131.14,130.80,130.64,130.41,130.03,129.57,128.57,127.16,125.35,123.35,122.86,122.57,122.06,121.42,121.39,121.50,121.71,122.37,124.27,126.35,127.16,125.92,122.59,121.40,120.82,119.79,118.44,118.36,119.26,120.29,120.90,120.49,119.29,117.91,117.11,116.87,115.31,112.36,106.10,98.98,97.86,96.84,95.87,94.91,93.91,92.92,92.07,91.33,90.69,90.20,89.92,89.76,89.61,89.35,88.94,88.60,88.33,88.11,87.93,88.05,88.47,89.38,91.34,94.14,97.24,100.48,103.87,107.34,111.59,115.32,117.80
169.56,169.05,169.12,169.40,169.73,170.06,170.31,170.32,170.29,170.36,170.41,170.39,170.35,170.32,170.30,170.10,169.84,169.54,169.23,168.94,168.53,168.22,168.15,168.41,168.59,168.63,168.57,168.44,168.20,167.94,167.72,167.59,167.48,167.52,167.76,168.03,167.87,167.60,167.25,166.59,165.49,164.61,164.03,163.74,163.65,163.36,163.03,162.48,161.68,160.60,159.50,158.42,157.46,156.72,156.15,155.70,155.25,154.63,153.66,152.95,152.71,152.66,152.51,152.35,152.37,152.21,151.75,151.20,151.18,151.19,151.11,150.96,150.58,149.90,149.06,148.16,147.21,146.24,145.26,144.40,144.02,143.79,143.77,143.84,143.92,144.04,144.19,144.28,144.25,144.10,143.88,143.65,143.43,143.23,143.04,142.88,142.75,142.67,142.59,142.46,142.34,142.25,142.10,142.02,141.88,141.75,141.69,141.69,141.77,141.92,142.11,142.30,142.46,142.59,142.71,142.84,142.99,143.09,143.46,144.38,145.52,146.48,147.22,147.78,148.26,148.79,149.12,149.23,149.11,148.78,148.42,148.04,147.62,147.24,146.92,146.55,146.05,145.33,144.79,144.28,143.97,143.99,144.11,143.93,143.61,143.33,143.27,143.11,142.85,142.56,142.33,142.11,141.91,141.75,141.63,141.41,141.17,140.94,140.73,140.57,140.45,140.38,140.34,140.30,140.22,140.06,139.73,139.28,138.89,138.50,138.09,137.66,137.19,136.73,136.26,135.82,135.38,134.93,134.52,134.11,133.68,133.22,132.75,132.29,131.82,131.39,131.13,131.03,130.85,130.59,130.32,129.69,128.69,127.11,124.70,122.85,121.42,120.32,119.60,119.30,119.10,119.12,119.55,120.75,122.11,122.64,121.80,119.54,118.64,118.08,117.58,117.20,117.30,118.10,118.71,118.91,118.62,117.48,116.02,114.87,114.12,112.35,107.72,102.57,98.61,97.58,96.58,95.63,94.69,93.71,92.67,91.69,91.31,91.69,92.26,92.22,92.26,92.30,91.84,91.04,90.18,89.59,89.55,90.19,90.90,91.63,92.56,94.26,96.90,99.69,102.57,105.78,109.36,114.16,117.88,119.50
171.56,170.66,170.52,170.77,171.16,171.51,171.61,171.30,171.06,171.11,171.11,171.03,170.94,170.88,170.84,170.63,170.50,170.41,170.31,170.20,170.11,170.05,170.05,170.08,170.14,170.17,170.14,170.07,170.04,169.98,169.93,169.91,169.91,169.91,169.95,170.01,170.00,169.93,169.76,169.25,168.29,167.98,167.90,167.88,167.80,167.42,166.97,166.20,165.11,163.72,162.32,160.96,159.91,159.37,159.17,159.02,158.71,158.15,157.26,156.60,156.40,156.35,156.17,156.08,156.05,155.58,154.43,152.93,152.61,152.52,152.36,152.13,151.60,150.82,149.90,148.92,147.96,146.96,145.93,145.03,144.65,144.46,144.45,144.52,144.60,144.68,144.76,144.79,144.72,144.50,144.28,144.04,143.83,143.66,143.44,143.25,143.14,143.05,142.96,142.84,142.72,142.61,142.47,142.35,142.21,142.06,141.98,141.94,142.00,142.15,142.35,142.56,142.71,142.82,142.88,142.90,143.02,143.13,143.41,144.10,145.00,145.84,146.44,146.82,147.29,147.75,148.06,148.15,147.94,147.45,147.01,146.63,146.38,146.46,146.64,146.80,146.77,146.29,145.90,145.45,145.13,145.03,144.76,144.20,143.72,143.47,143.34,143.20,143.01,142.78,142.51,142.22,141.93,141.65,141.40,141.10,140.86,140.63,140.44,140.34,140.20,140.14,140.12,140.09,140.03,139.90,139.66,139.29,138.94,138.57,138.19,137.78,137.32,136.87,136.41,135.97,135.57,135.12,134.71,134.32,133.92,133.45,133.00,132.53,132.07,131.67,131.49,131.39,131.25,131.03,130.78,130.47,130.11,129.27,127.26,124.47,121.70,119.75,118.97,118.54,118.13,117.91,117.89,117.96,118.09,118.13,117.99,117.58,117.24,116.81,116.33,115.97,116.15,116.76,116.95,116.76,116.49,115.52,114.18,112.50,110.59,108.86,103.06,99.17,98.21,97.28,96.29,95.33,94.41,93.47,92.47,91.47,91.66,93.31,95.02,95.40,95.74,95.99,95.30,94.02,92.57,91.62,91.83,93.38,94.69,95.65,96.51,97.81,99.98,102.35,104.92,107.99,111.91,116.70,119.86,120.55
175.12,173.74,173.04,172.89,173.02,173.06,172.67,172.16,171.87,171.87,171.81,171.65,171.49,171.36,171.23,171.02,170.90,170.79,170.66,170.53,170.44,170.40,170.41,170.46,170.49,170.50,170.47,170.40,170.34,170.31,170.27,170.22,170.22,170.22,170.23,170.25,170.25,170.23,170.15,169.94,169.60,169.51,169.50,169.50,169.47,169.34,169.16,168.90,168.28,166.78,164.96,163.09,161.74,161.25,161.13,161.07,160.85,160.41,159.89,159.65,159.69,159.78,159.71,159.64,159.30,158.31,156.59,154.78,154.11,153.83,153.58,153.20,152.44,151.53,150.57,149.59,148.51,147.44,146.45,145.67,145.29,145.09,145.08,145.16,145.24,145.31,145.39,145.36,145.18,144.95,144.72,144.48,144.26,144.05,143.81,143.63,143.52,143.43,143.29,143.19,143.08,142.94,142.77,142.54,142.32,142.11,141.93,141.75,141.84,142.00,142.11,142.18,142.27,142.36,142.41,142.42,142.51,142.59,142.89,143.60,144.45,145.13,145.52,145.78,146.32,146.71,146.92,146.94,146.68,146.18,145.67,145.20,144.86,144.83,145.01,145.20,145.26,145.06,144.80,144.57,144.42,144.26,143.73,143.15,142.76,142.61,142.61,142.53,142.42,142.31,142.21,141.98,141.69,141.38,141.10,140.78,140.54,140.34,140.17,140.04,139.89,139.80,139.72,139.62,139.59,139.51,139.35,139.14,138.92,138.66,138.32,137.91,137.45,137.04,136.59,136.16,135.76,135.31,134.90,134.52,134.11,133.65,133.19,132.72,132.30,131.98,131.81,131.71,131.62,131.46,131.18,130.92,130.66,130.24,129.36,127.90,124.32,120.88,119.12,118.28,117.58,116.95,116.49,116.48,116.50,116.50,116.40,116.09,115.78,115.40,115.01,114.71,114.65,114.68,114.60,114.42,114.14,113.45,112.28,109.18,104.22,102.44,100.05,98.42,97.72,96.84,95.85,94.90,93.97,93.04,92.04,91.31,92.16,94.72,97.06,98.53,99.53,99.97,99.21,97.60,95.80,94.75,95.22,97.09,98.67,99.91,101.00,102.28,103.67,105.59,107.99,111.11,116.11,119.06,120.51,121.05
175.02,174.65,174.09,173.92,174.00,173.87,173.47,172.98,172.66,172.59,172.48,172.28,172.07,171.88,171.67,171.42,171.25,171.12,170.95,170.81,170.73,170.69,170.69,170.74,170.75,170.75,170.72,170.65,170.57,170.53,170.48,170.42,170.41,170.41,170.41,170.41,170.41,170.38,170.33,170.25,170.18,170.18,170.18,170.18,170.18,170.17,170.11,170.06,169.77,168.68,166.75,164.78,163.40,162.91,162.80,162.67,162.42,162.06,161.73,161.65,161.80,161.92,161.72,161.35,160.72,159.55,157.79,156.14,155.46,155.11,154.72,154.01,153.07,152.09,151.13,150.14,149.03,147.93,147.00,146.29,145.92,145.73,145.70,145.76,145.84,145.91,145.99,145.93,145.69,145.44,145.20,144.97,144.74,144.50,144.25,144.03,143.87,143.72,143.52,143.37,143.21,143.02,142.80,142.53,142.28,142.05,141.78,141.55,141.60,141.72,141.77,141.75,141.78,141.83,141.88,141.91,141.95,142.02,142.33,143.04,143.82,144.28,144.55,144.79,145.27,145.61,145.75,145.69,145.42,144.91,144.35,143.81,143.38,143.16,143.28,143.42,143.47,143.38,143.20,143.11,143.10,143.00,142.52,142.07,141.83,141.81,141.88,141.82,141.77,141.72,141.68,141.57,141.40,141.15,140.81,140.50,140.16,139.86,139.61,139.40,139.24,139.13,139.04,138.94,138.95,138.88,138.76,138.63,138.50,138.34,138.11,137.82,137.50,137.17,136.76,136.34,135.92,135.49,135.09,134.71,134.31,133.87,133.41,132.95,132.56,132.32,132.13,132.03,131.97,131.89,131.60,131.38,131.16,130.90,130.51,129.83,127.27,123.96,120.95,118.92,117.81,116.93,116.13,115.64,115.20,115.05,114.94,114.64,114.33,114.00,113.70,113.44,113.27,112.98,112.69,112.41,111.81,109.42,107.51,104.66,100.55,99.27,98.48,97.81,97.15,96.35,95.40,94.45,93.52,92.59,91.77,91.30,92.45,95.45,98.52,100.83,102.45,103.24,102.64,100.67,98.57,97.52,98.28,100.16,101.82,103.15,104.35,105.77,107.15,109.23,111.90,115.01,118.80,120.35,120.99,121.47
172.24,173.71,173.79,173.92,174.15,174.00,173.94,173.62,173.30,173.15,172.99,172.79,172.57,172.35,172.06,171.78,171.59,171.42,171.22,171.12,171.03,170.99,170.99,171.00,171.00,171.00,170.97,170.89,170.82,170.75,170.67,170.60,170.59,170.59,170.59,170.60,170.59,170.53,170.45,170.38,170.31,170.30,170.30,170.30,170.30,170.29,170.22,170.15,170.05,169.65,167.93,166.20,164.96,164.44,164.30,163.99,163.65,163.34,163.04,162.93,163.06,163.07,162.55,161.73,160.89,159.78,158.37,157.15,156.69,156.35,155.76,154.66,153.58,152.59,151.62,150.60,149.52,148.43,147.55,146.93,146.55,146.36,146.30,146.33,146.40,146.48,146.56,146.49,146.25,145.95,145.71,145.48,145.24,145.00,144.71,144.45,144.21,143.96,143.66,143.41,143.18,142.93,142.64,142.39,142.16,141.90,141.61,141.37,141.30,141.34,141.38,141.32,141.31,141.31,141.33,141.39,141.40,141.45,141.75,142.44,143.10,143.34,143.54,143.84,144.17,144.47,144.55,144.43,144.15,143.64,143.05,142.47,141.96,141.55,141.55,141.61,141.60,141.52,141.37,141.29,141.30,141.33,141.12,140.92,140.92,141.10,141.18,141.14,141.12,141.10,141.05,141.09,141.09,140.93,140.58,140.24,139.72,139.22,138.81,138.53,138.35,138.25,138.18,138.12,138.17,138.08,137.97,137.88,137.80,137.70,137.61,137.51,137.41,137.21,136.88,136.48,136.06,135.67,135.28,134.89,134.51,134.11,133.66,133.20,132.86,132.67,132.46,132.34,132.31,132.28,131.99,131.78,131.58,131.31,130.95,130.55,130.00,127.98,124.07,120.80,118.88,117.61,116.56,115.36,114.25,113.78,113.58,113.22,112.90,112.64,112.41,112.19,112.00,111.45,110.70,110.00,108.98,104.28,101.39,99.93,99.09,98.58,97.88,97.19,96.54,95.82,94.94,94.01,93.08,92.19,91.66,91.39,92.61,95.71,99.54,102.47,104.65,105.97,105.74,103.64,101.44,100.43,101.24,102.81,104.36,105.68,106.92,108.64,110.57,113.13,116.12,118.98,120.22,120.89,121.40,121.86
169.45,171.44,172.11,172.68,173.24,173.38,173.45,173.31,173.10,172.89,172.69,172.55,172.44,172.32,172.12,171.94,171.83,171.69,171.52,171.39,171.30,171.25,171.25,171.25,171.25,171.23,171.17,171.09,171.06,170.97,170.86,170.79,170.74,170.73,170.75,170.78,170.73,170.66,170.58,170.52,170.48,170.44,170.43,170.43,170.42,170.37,170.29,170.22,170.13,169.90,169.01,167.69,166.53,165.94,165.68,165.29,164.92,164.61,164.32,164.20,164.09,163.75,162.96,162.06,161.19,160.24,159.19,158.28,157.87,157.39,156.62,155.46,154.32,153.23,152.14,151.06,150.01,148.91,148.09,147.61,147.19,147.00,146.91,146.90,146.97,147.05,147.09,147.01,146.77,146.51,146.28,146.02,145.75,145.51,145.21,144.89,144.53,144.15,143.75,143.40,143.07,142.76,142.50,142.26,142.00,141.72,141.47,141.23,141.03,140.97,141.05,140.94,140.88,140.86,140.86,140.89,140.89,140.91,141.17,141.77,142.14,142.28,142.49,142.83,143.09,143.31,143.34,143.21,142.88,142.33,141.75,141.19,140.68,140.27,140.03,139.92,139.88,139.83,139.65,139.15,138.79,138.94,138.97,139.18,139.69,140.34,140.48,140.52,140.56,140.60,140.62,140.70,140.72,140.64,140.41,139.99,139.09,138.36,137.93,137.65,137.51,137.43,137.36,137.34,137.36,137.29,137.20,137.12,137.04,136.93,136.85,136.84,136.86,136.88,136.71,136.46,136.19,135.85,135.43,135.05,134.70,134.31,133.85,133.49,133.21,133.01,132.83,132.69,132.54,132.33,131.99,131.72,131.50,131.30,131.06,130.82,130.63,129.76,127.97,126.29,121.67,118.48,117.33,116.02,114.70,113.64,112.77,112.08,111.68,111.45,111.25,111.03,110.76,109.08,106.22,103.64,103.02,100.87,99.48,98.77,98.39,97.99,97.34,96.62,95.91,95.21,94.44,93.57,92.73,92.12,91.77,91.58,92.86,96.13,100.31,103.65,106.41,108.46,109.08,108.30,107.11,105.99,105.36,105.81,106.99,108.30,109.84,112.23,114.63,116.88,118.83,120.24,120.88,121.34,121.79,122.25
166.88,169.13,170.57,171.62,172.37,172.69,172.77,172.71,172.57,172.37,172.15,172.06,172.04,172.03,171.91,171.87,171.84,171.77,171.65,171.53,171.44,171.39,171.38,171.37,171.36,171.33,171.28,171.23,171.23,171.15,171.05,170.97,170.90,170.88,170.91,170.94,170.86,170.78,170.72,170.68,170.65,170.59,170.56,170.55,170.51,170.44,170.36,170.28,170.19,170.04,169.75,168.95,168.05,167.41,166.99,166.57,166.21,165.89,165.57,165.33,164.93,164.28,163.36,162.45,161.60,160.79,160.03,159.37,158.94,158.32,157.41,156.25,155.09,153.93,152.76,151.61,150.53,149.42,148.68,148.26,147.81,147.62,147.54,147.51,147.58,147.65,147.66,147.54,147.30,147.06,146.82,146.56,146.27,145.96,145.60,145.27,144.91,144.44,143.94,143.53,143.13,142.75,142.46,142.18,141.87,141.56,141.32,141.08,140.81,140.68,140.70,140.57,140.47,140.43,140.41,140.39,140.38,140.38,140.56,140.97,141.12,141.22,141.44,141.76,142.00,142.14,142.13,141.96,141.60,141.07,140.55,140.06,139.57,139.15,138.68,138.41,138.33,138.28,138.00,137.18,136.41,136.21,136.13,136.30,136.95,137.92,138.54,139.07,139.43,139.68,139.92,140.02,140.03,140.00,139.87,139.35,138.40,137.57,137.03,136.76,136.67,136.61,136.58,136.58,136.57,136.52,136.44,136.36,136.26,136.15,136.13,136.18,136.27,136.41,136.39,136.28,136.10,135.83,135.48,135.16,134.87,134.50,134.06,133.76,133.52,133.27,133.05,132.82,132.55,132.22,131.84,131.52,131.29,131.12,130.97,130.83,130.70,130.51,130.24,129.73,123.88,119.56,118.09,116.70,115.28,113.83,112.49,111.47,110.82,108.96,107.62,107.41,107.15,105.35,102.20,99.34,99.04,98.80,98.51,98.18,97.79,97.40,96.80,96.09,95.32,94.59,93.92,93.19,92.55,92.19,91.94,91.75,93.21,96.82,101.08,104.72,108.08,110.82,112.04,112.37,112.00,111.00,109.71,109.76,110.69,112.02,113.69,115.91,117.95,119.51,120.51,120.94,121.40,121.80,122.22,122.68
164.58,167.03,169.53,171.06,171.77,172.04,172.03,171.91,171.78,171.67,171.46,171.41,171.44,171.47,171.41,171.50,171.58,171.59,171.52,171.49,171.43,171.36,171.31,171.30,171.24,171.25,171.29,171.28,171.28,171.27,171.22,171.15,171.08,171.06,171.07,171.05,170.98,170.91,170.87,170.84,170.79,170.77,170.72,170.65,170.57,170.50,170.42,170.34,170.27,170.18,170.06,169.86,169.44,168.79,168.23,167.84,167.52,167.19,166.78,166.26,165.56,164.73,163.81,162.95,162.15,161.44,160.83,160.38,159.88,159.14,158.17,157.00,155.84,154.68,153.49,152.27,151.07,150.01,149.31,148.89,148.40,148.24,148.20,148.19,148.21,148.28,148.25,148.11,147.86,147.57,147.32,147.08,146.78,146.34,145.84,145.60,145.36,144.87,144.29,143.85,143.43,142.98,142.55,142.17,141.80,141.44,141.15,140.90,140.66,140.46,140.34,140.19,140.09,140.03,139.96,139.89,139.88,139.88,139.93,140.06,140.09,140.20,140.40,140.65,140.92,140.99,140.91,140.69,140.31,139.90,139.50,139.09,138.67,138.20,137.54,137.12,136.98,136.87,136.42,135.54,134.40,133.26,132.63,132.17,132.38,133.39,134.96,136.47,137.45,138.09,138.68,138.81,138.78,138.77,138.71,138.12,137.61,136.86,136.08,135.88,135.83,135.82,135.82,135.82,135.81,135.76,135.68,135.58,135.46,135.42,135.49,135.60,135.70,135.84,135.92,135.89,135.74,135.56,135.37,135.19,134.98,134.66,134.28,133.99,133.74,133.42,133.08,132.67,132.29,131.97,131.59,131.26,131.00,130.81,130.66,130.57,130.48,130.34,130.08,129.49,124.83,120.84,118.73,117.21,115.69,114.20,112.80,111.56,110.46,104.89,100.98,100.77,100.64,100.21,99.46,98.71,98.41,98.16,97.88,97.54,97.16,96.76,96.25,95.58,94.80,94.02,93.47,93.01,92.66,92.44,92.21,92.01,93.78,97.89,101.96,105.81,109.74,113.06,114.44,115.27,115.22,114.65,114.11,114.81,115.73,117.05,118.54,119.43,120.08,120.64,121.11,121.46,121.91,122.31,122.73,123.18
161.78,164.79,168.23,170.29,171.10,171.35,171.25,171.09,170.99,170.93,170.80,170.83,170.91,170.97,170.99,171.13,171.22,171.28,171.28,171.24,171.20,171.15,171.09,171.08,171.01,171.05,171.15,171.19,171.19,171.19,171.18,171.14,171.11,171.10,171.08,171.04,171.00,170.97,170.96,170.94,170.91,170.87,170.79,170.72,170.64,170.56,170.49,170.41,170.34,170.25,170.17,170.10,169.91,169.56,169.26,168.90,168.48,168.02,167.46,166.82,166.07,165.24,164.35,163.50,162.80,162.19,161.64,161.20,160.68,159.87,158.81,157.61,156.41,155.21,153.98,152.72,151.57,150.69,150.06,149.56,149.03,148.91,148.87,148.84,148.84,148.88,148.80,148.63,148.39,148.12,147.85,147.51,147.08,146.59,146.16,146.00,145.80,145.31,144.71,144.20,143.74,143.28,142.82,142.42,142.01,141.59,141.21,140.89,140.54,140.25,140.06,139.87,139.77,139.69,139.60,139.49,139.44,139.42,139.42,139.42,139.46,139.53,139.66,139.83,139.97,140.00,139.90,139.69,139.34,139.00,138.62,138.24,137.81,137.22,136.49,135.92,135.60,135.46,134.88,133.97,132.80,131.56,130.95,130.28,130.07,130.56,131.73,133.36,134.58,135.33,135.75,135.55,135.41,135.54,135.82,135.59,135.52,135.32,135.04,135.06,135.06,135.06,135.06,135.06,135.06,135.00,134.90,134.78,134.68,134.73,134.85,134.98,135.07,135.22,135.34,135.40,135.35,135.20,135.05,134.87,134.66,134.40,134.13,133.89,133.63,133.31,132.93,132.49,132.06,131.67,131.32,130.98,130.72,130.54,130.40,130.31,130.23,129.80,128.78,127.39,124.18,121.15,119.00,117.55,116.03,114.56,113.17,111.87,110.59,104.09,99.44,99.03,98.71,98.56,98.33,98.03,97.77,97.49,97.22,96.92,96.57,96.19,95.71,95.07,94.38,94.02,94.33,94.57,94.48,94.02,93.73,93.92,95.74,99.41,103.44,107.41,111.58,115.22,116.91,117.88,118.11,117.99,117.88,118.37,118.86,119.55,120.35,120.79,121.05,121.38,121.74,122.06,122.43,122.85,123.27,123.67
159.00,162.30,166.28,168.95,170.25,170.57,170.33,170.03,169.82,169.74,169.71,169.95,170.26,170.50,170.60,170.75,170.85,170.95,171.01,170.95,170.92,170.88,170.82,170.81,170.76,170.82,170.95,171.02,171.05,171.05,171.06,171.06,171.05,171.05,171.01,170.95,170.97,170.97,170.97,170.97,170.96,170.90,170.83,170.77,170.70,170.63,170.55,170.47,170.39,170.31,170.24,170.16,170.09,170.02,170.00,169.70,169.23,168.65,167.96,167.26,166.53,165.74,164.91,164.11,163.49,162.91,162.36,161.84,161.27,160.42,159.32,158.11,156.89,155.66,154.40,153.15,152.13,151.44,150.86,150.29,149.72,149.59,149.52,149.47,149.47,149.46,149.34,149.15,148.90,148.64,148.31,147.85,147.31,146.78,146.50,146.42,146.25,145.75,145.15,144.58,144.06,143.59,143.13,142.74,142.30,141.83,141.38,140.99,140.51,140.10,139.84,139.61,139.47,139.36,139.25,139.12,139.03,138.98,138.94,138.88,138.93,138.94,139.02,139.14,139.12,139.10,138.99,138.78,138.49,138.16,137.78,137.39,136.93,136.24,135.49,134.79,134.27,134.06,133.37,132.55,131.61,130.63,130.18,129.50,128.99,128.86,129.14,130.38,131.50,132.20,132.35,131.85,131.58,131.81,132.44,132.77,133.18,133.56,133.88,134.18,134.27,134.29,134.29,134.29,134.28,134.22,134.11,133.99,133.96,134.08,134.23,134.36,134.46,134.60,134.75,134.87,134.92,134.82,134.67,134.47,134.23,134.02,133.85,133.66,133.41,133.10,132.74,132.30,131.83,131.39,131.05,130.69,130.41,130.20,130.01,129.78,129.54,128.74,127.01,124.88,122.82,120.75,118.83,117.53,116.09,114.71,113.39,112.10,110.81,104.15,99.33,98.71,98.17,97.92,97.66,97.36,97.11,96.82,96.57,96.30,95.98,95.60,95.17,94.66,94.29,94.61,95.76,96.63,96.85,96.33,95.88,96.30,98.04,101.27,105.33,109.64,113.92,117.46,119.12,120.01,120.39,120.58,120.73,120.88,120.98,121.10,121.29,121.56,121.74,122.03,122.37,122.68,122.97,123.39,123.81,124.16
156.67,159.24,162.67,166.24,168.97,169.59,169.11,168.32,167.67,167.38,167.43,168.19,169.21,170.06,170.21,170.37,170.51,170.65,170.75,170.69,170.63,170.56,170.50,170.50,170.49,170.57,170.70,170.77,170.84,170.86,170.88,170.92,170.87,170.86,170.82,170.78,170.83,170.84,170.84,170.84,170.84,170.82,170.81,170.79,170.76,170.69,170.62,170.53,170.46,170.38,170.31,170.22,170.15,170.09,170.08,169.96,169.61,169.03,168.34,167.64,166.94,166.20,165.44,164.82,164.17,163.51,162.83,162.12,161.40,160.54,159.54,158.42,157.26,156.04,154.80,153.64,152.89,152.30,151.72,151.12,150.54,150.27,150.16,150.10,150.09,150.04,149.91,149.69,149.39,149.03,148.56,148.04,147.48,146.95,146.86,146.86,146.69,146.20,145.60,144.99,144.42,143.91,143.45,143.05,142.62,142.16,141.70,141.30,140.68,140.09,139.72,139.47,139.22,139.02,138.88,138.74,138.65,138.53,138.43,138.37,138.37,138.38,138.45,138.54,138.43,138.36,138.20,137.98,137.70,137.29,136.90,136.48,135.97,135.24,134.52,133.79,133.14,132.70,131.93,131.48,131.22,130.94,130.57,130.11,129.61,128.98,128.07,128.12,128.54,128.91,128.90,128.41,128.02,128.15,128.98,130.08,131.06,131.84,132.51,133.14,133.45,133.53,133.53,133.52,133.47,133.40,133.31,133.26,133.37,133.51,133.63,133.73,133.88,134.03,134.14,134.25,134.37,134.40,134.29,134.06,133.80,133.63,133.47,133.31,133.11,132.85,132.53,132.11,131.64,131.19,130.76,130.41,130.04,129.66,129.26,128.50,127.67,126.50,124.73,122.61,120.70,119.10,117.78,116.65,115.48,114.33,113.17,111.99,110.84,104.22,99.36,98.70,98.10,97.52,97.06,96.71,96.42,96.17,95.93,95.67,95.35,94.97,94.57,94.52,95.06,96.40,97.77,98.81,99.50,99.66,98.85,98.75,100.31,103.73,107.87,113.21,117.48,120.00,120.63,121.02,121.25,121.41,121.55,121.65,121.78,121.92,122.09,122.28,122.48,122.73,123.01,123.31,123.56,123.92,124.32,124.66
