79.33,77.40,74.67,71.78,69.59,68.04,66.80,65.89,66.27,67.14,68.32,70.02,72.78,76.09,79.64,83.25,86.64,89.34,90.67,91.39,91.95,92.49,93.02,93.54,93.90,93.65,93.19,92.89,92.74,92.66,92.50,91.81,90.40,87.48,81.75,79.54,78.75,78.49,78.65,78.79,78.92,79.09,79.37,79.87,80.78,82.09,83.72,85.50,87.15,88.80,91.44,95.66,98.45,99.24,99.19,98.39,95.92,93.06,90.63,88.20,85.31,84.59,85.12,86.67,89.13,91.26,92.27,91.98,90.14,86.22,82.04,77.71,73.49,70.13,69.70,69.66,69.66,69.69,69.64,69.63,69.58,69.50,69.38,69.30,69.31,69.44,69.69,69.92,69.69,69.87,70.61,71.41,72.17,73.06,74.04,74.97,75.92,76.51,76.97,77.37,77.52,77.84,78.05,78.14,78.24,78.47,78.68,78.88,79.05,79.15,79.22,79.27,79.33,79.48,79.63,79.77,79.89,80.12,80.86,82.13,83.40,84.47,85.56,86.86,88.12,89.07,89.33,89.69,89.95,89.96,89.38,87.66,85.17,82.91,81.20,79.84,78.04,76.59,75.47,74.50,73.84,74.14,74.65,75.08,75.79,77.86,80.16,82.56,85.44,87.49,89.00,90.28,91.62,93.48,91.67,88.25,84.50,81.25,78.95,76.18,73.30,71.30,70.18,69.03,67.55,65.73,64.09,62.47,60.99,59.86,59.41,58.96,58.81,58.63,58.08,57.33,56.64,56.06,55.76,55.92,55.63,55.16,54.27,52.46,50.47,49.79,49.63,49.48,49.32,49.17,48.98,48.81,48.78,48.83,48.85,48.86,48.87,48.87,48.87,48.87,48.84,48.66,48.46,48.27,48.10,47.94,47.73,47.55,47.35,47.09,46.86,46.64,46.40,46.17,45.94,45.70,45.42,45.54,46.49,47.55,48.64,49.85,51.29,52.98,54.90,57.13,59.06,59.70,60.01,60.13,60.24,60.39,60.55,60.66,60.78,60.94,61.09,61.23,61.33,61.41,61.47,61.49,61.56,61.63,61.69,61.77,61.84,61.91,61.96,61.98,62.03,62.06,62.10,62.16,62.24,62.33
78.18,76.12,73.43,70.85,69.12,67.93,66.99,66.20,65.71,66.10,67.53,69.95,72.84,75.90,78.97,82.09,85.30,88.35,89.94,90.77,91.38,91.91,92.41,92.91,93.22,92.78,92.21,91.81,91.60,91.51,91.35,90.92,88.82,84.77,80.41,78.69,78.03,77.83,78.06,78.33,78.74,79.21,79.74,80.53,81.53,82.48,83.51,85.13,86.72,88.30,90.47,93.65,96.10,97.23,97.80,97.72,95.90,93.68,91.62,89.34,86.11,82.90,81.92,82.98,85.69,88.69,90.37,91.03,90.53,87.98,84.25,79.70,74.73,70.33,69.72,69.55,69.45,69.45,69.44,69.44,69.39,69.34,69.33,69.43,69.62,69.95,70.47,70.95,70.97,71.10,71.59,72.41,72.93,73.33,73.76,74.38,75.31,75.76,76.20,76.86,77.50,78.05,78.35,78.43,78.36,78.59,78.75,78.85,78.95,79.10,79.28,79.46,79.61,79.79,80.10,80.25,80.29,80.47,81.12,82.02,82.92,83.78,84.87,86.23,87.13,87.51,87.63,87.75,87.90,87.77,86.90,84.84,82.31,79.90,77.76,75.68,73.48,71.81,70.81,70.51,70.33,71.51,73.75,76.53,78.66,80.95,83.46,86.14,88.68,89.91,90.74,91.48,92.28,93.43,92.59,90.33,87.33,84.61,82.27,80.21,78.22,76.28,75.59,73.76,71.19,68.56,66.80,64.37,61.74,59.64,59.16,58.75,58.36,57.91,57.34,56.91,56.19,55.27,54.33,53.72,53.09,52.47,51.80,50.95,50.13,49.79,49.63,49.48,49.33,49.17,49.01,48.90,48.95,48.97,48.97,49.00,49.05,49.06,49.06,49.06,49.01,48.80,48.63,48.43,48.23,48.07,47.91,47.70,47.45,47.17,46.93,46.70,46.47,46.23,46.00,45.77,45.49,45.45,46.02,47.05,48.13,49.23,50.48,52.09,53.76,55.69,57.56,58.83,59.75,60.06,60.17,60.33,60.48,60.63,60.78,60.94,61.08,61.18,61.27,61.34,61.42,61.48,61.55,61.60,61.63,61.70,61.78,61.82,61.85,61.90,61.93,61.97,62.02,62.04,62.11,62.24
77.27,75.45,72.89,70.55,69.17,68.17,67.33,66.56,65.83,65.62,66.81,69.44,72.37,75.30,78.21,81.17,84.19,86.83,88.57,89.80,90.73,91.30,91.78,92.26,92.50,91.96,91.32,90.71,90.32,90.23,89.91,88.52,85.69,81.90,79.31,77.97,77.64,77.86,78.21,78.63,79.11,80.27,82.26,83.75,84.71,85.21,85.52,86.12,86.69,87.86,89.63,91.82,93.64,94.86,95.84,96.40,95.72,94.15,92.38,90.28,87.26,83.38,80.91,80.48,82.36,85.33,87.44,88.76,89.22,88.16,85.02,81.22,76.50,71.06,69.86,69.53,69.44,69.48,69.41,69.34,69.30,69.32,69.41,69.59,70.38,71.59,72.97,74.06,74.55,74.62,74.40,74.06,74.29,74.49,74.71,75.15,75.71,76.03,76.45,77.16,78.07,78.94,79.31,79.24,79.00,78.99,79.06,79.15,79.27,79.38,79.59,80.00,80.58,81.16,81.68,81.85,81.84,82.04,82.84,83.70,84.38,84.92,85.80,86.87,87.60,87.94,88.06,88.14,88.00,87.19,85.26,82.56,79.81,77.23,74.86,72.64,70.98,69.80,69.17,69.28,69.56,72.38,75.98,79.23,81.79,84.22,86.58,88.71,90.13,91.00,91.72,92.33,92.75,92.99,93.08,92.08,89.97,87.90,85.88,84.11,82.41,80.73,80.24,78.45,75.78,72.81,70.27,67.36,64.52,62.19,61.06,60.52,59.91,59.24,58.64,58.13,57.27,56.17,54.97,53.94,53.15,52.40,51.59,50.73,50.08,49.79,49.65,49.53,49.38,49.22,49.09,49.02,49.09,49.14,49.15,49.17,49.20,49.24,49.25,49.23,49.16,48.98,48.78,48.59,48.40,48.20,48.01,47.78,47.54,47.28,47.04,46.81,46.58,46.34,46.07,45.83,45.57,45.42,45.60,46.55,47.62,48.70,49.86,51.29,52.94,54.86,56.81,58.38,59.64,60.05,60.16,60.32,60.47,60.63,60.78,60.94,61.08,61.17,61.22,61.28,61.36,61.43,61.48,61.52,61.55,61.60,61.66,61.72,61.76,61.80,61.83,61.88,61.91,61.96,62.03,62.17
76.22,74.93,72.81,70.67,69.41,68.49,67.67,66.91,66.13,65.43,66.13,68.50,71.42,74.14,76.99,80.02,82.97,85.09,86.91,88.53,89.81,90.56,91.10,91.56,91.76,91.18,90.43,89.53,88.88,88.68,88.00,85.57,82.36,79.40,78.27,77.38,77.48,78.16,78.73,79.66,80.72,82.70,85.73,87.65,88.39,88.42,88.06,87.61,87.15,87.80,89.11,90.47,91.71,92.94,94.14,95.10,95.31,94.34,92.86,90.97,88.31,84.47,80.90,78.85,79.27,81.76,84.00,85.68,86.84,87.28,85.12,82.30,78.05,71.92,70.03,69.53,69.45,69.53,69.45,69.32,69.29,69.36,69.51,69.84,71.33,73.47,75.72,77.44,78.42,78.44,77.47,75.97,75.84,75.90,76.00,76.34,76.51,76.70,77.06,77.70,78.72,79.93,80.50,80.38,79.87,79.48,79.42,79.57,79.82,79.98,80.31,81.00,82.00,82.97,83.62,83.72,83.63,83.91,84.92,85.89,86.47,86.73,87.31,88.01,88.61,89.02,89.13,89.18,88.84,87.47,84.55,80.81,77.63,74.85,72.34,70.33,69.31,68.75,68.59,69.09,70.14,74.34,78.73,81.77,84.42,86.93,89.07,90.56,90.95,91.60,92.26,92.73,92.80,92.32,92.99,93.05,92.03,90.83,89.30,87.75,86.22,84.82,84.25,82.59,80.08,77.05,73.88,70.88,68.25,66.03,64.33,63.48,62.55,61.58,60.76,59.94,58.79,57.52,56.22,54.96,54.02,53.12,52.10,50.99,50.18,49.83,49.68,49.57,49.42,49.29,49.19,49.15,49.23,49.30,49.33,49.33,49.35,49.41,49.43,49.40,49.31,49.14,48.92,48.73,48.55,48.33,48.10,47.87,47.63,47.40,47.16,46.92,46.69,46.44,46.14,45.89,45.67,45.41,45.29,46.07,47.11,48.20,49.30,50.53,52.23,54.28,56.39,58.19,59.60,60.06,60.17,60.33,60.47,60.63,60.78,60.93,61.07,61.14,61.18,61.21,61.27,61.35,61.38,61.42,61.47,61.49,61.54,61.62,61.67,61.69,61.75,61.78,61.81,61.90,61.97,62.11
74.53,74.34,73.55,71.57,69.82,68.71,67.93,67.16,66.39,65.67,65.53,66.58,69.52,71.59,74.43,77.92,81.15,83.17,84.92,86.58,88.11,89.47,90.27,90.75,90.92,90.48,89.48,88.15,87.02,86.33,84.91,82.32,79.89,78.22,77.14,77.03,77.73,78.73,79.69,82.30,85.74,88.61,90.17,91.18,91.36,90.93,90.15,89.36,88.75,88.83,89.46,90.47,91.58,92.78,93.83,94.44,94.30,93.77,92.66,91.02,88.72,85.38,81.99,78.87,76.87,78.28,79.89,81.31,82.74,84.52,84.44,82.48,78.44,72.65,70.20,69.53,69.39,69.41,69.58,69.55,69.48,69.45,69.53,70.30,72.43,75.11,77.68,79.74,81.11,81.03,79.64,78.02,77.43,77.23,77.26,77.54,77.61,77.70,77.85,78.18,79.04,80.57,81.76,82.05,80.96,79.99,79.74,80.08,80.78,81.25,82.13,83.14,84.14,85.10,85.64,85.38,85.05,85.56,86.77,87.97,88.70,88.92,89.15,89.57,89.98,90.24,90.20,90.12,89.95,88.94,85.98,80.22,76.20,73.04,70.51,69.26,68.36,68.15,68.52,69.61,72.33,76.49,80.14,82.61,85.22,87.77,89.77,91.05,91.48,91.89,92.07,91.99,91.68,91.27,91.42,91.86,92.38,92.69,91.81,90.66,89.50,88.29,87.04,84.97,82.52,79.94,77.25,75.03,73.09,71.36,69.90,68.32,66.73,65.11,63.46,62.07,60.29,58.69,57.44,56.19,54.98,53.88,52.78,51.59,50.51,49.97,49.69,49.52,49.42,49.37,49.31,49.27,49.35,49.43,49.46,49.48,49.53,49.55,49.55,49.55,49.49,49.28,49.05,48.83,48.63,48.45,48.22,47.99,47.76,47.52,47.23,46.98,46.76,46.50,46.20,45.96,45.73,45.47,45.28,45.67,46.61,47.69,48.75,49.81,51.64,53.88,56.25,58.36,59.66,60.10,60.24,60.38,60.48,60.63,60.78,60.92,61.01,61.04,61.08,61.13,61.16,61.23,61.29,61.33,61.35,61.41,61.44,61.49,61.56,61.62,61.64,61.69,61.75,61.83,61.91,62.05
72.72,72.94,72.83,71.64,70.01,68.92,68.14,67.38,66.63,65.93,65.37,65.52,67.58,69.25,71.84,75.14,78.35,80.81,82.79,84.56,86.23,87.83,88.87,89.44,89.57,89.07,87.95,86.51,85.08,83.83,82.14,79.99,78.19,77.12,76.82,77.44,78.59,80.31,83.01,86.28,89.63,92.06,93.11,93.89,93.98,93.44,92.52,91.63,90.73,90.36,90.57,91.28,91.90,92.67,93.28,93.49,93.23,92.81,92.02,90.74,88.71,85.77,82.71,79.53,76.60,75.58,76.22,77.52,79.33,81.92,83.23,82.05,78.08,72.00,70.01,69.48,69.34,69.36,69.61,69.67,69.59,69.62,70.31,71.68,74.04,76.75,79.26,81.12,82.39,82.28,80.92,79.53,78.93,78.62,78.52,78.71,78.73,78.79,78.86,79.09,79.93,81.70,83.31,83.90,82.57,81.33,81.08,81.47,82.15,82.89,84.03,85.23,86.32,87.20,87.47,86.91,86.46,87.17,88.36,89.28,89.80,89.95,90.05,90.29,90.56,90.74,90.76,90.74,90.63,89.96,87.40,80.30,75.59,72.16,69.61,68.57,67.64,67.69,68.42,69.69,72.63,76.16,79.13,81.19,83.21,85.67,88.47,90.84,91.38,91.57,91.51,91.22,90.56,89.15,88.57,89.27,90.96,92.38,92.49,92.54,92.41,91.44,89.67,87.29,84.78,82.39,80.29,78.72,77.41,76.23,75.06,73.07,70.58,68.08,65.95,64.24,61.89,59.79,58.34,57.30,56.27,55.21,54.07,52.82,51.62,50.48,49.75,49.58,49.50,49.48,49.45,49.43,49.45,49.52,49.56,49.61,49.68,49.72,49.72,49.71,49.63,49.41,49.18,48.96,48.77,48.57,48.35,48.09,47.84,47.61,47.33,47.07,46.82,46.57,46.30,46.04,45.79,45.55,45.32,45.35,46.13,47.18,48.23,49.20,50.69,52.80,55.25,57.50,59.08,59.86,60.22,60.37,60.48,60.63,60.76,60.87,60.91,60.95,60.99,61.03,61.06,61.11,61.18,61.23,61.27,61.31,61.34,61.38,61.44,61.51,61.55,61.61,61.69,61.77,61.84,61.98
70.96,71.20,71.34,71.13,70.02,69.07,68.30,67.54,66.83,66.12,65.40,65.00,65.79,67.16,69.46,72.37,75.38,78.36,80.60,82.51,84.31,85.91,87.08,87.72,87.81,87.17,86.07,84.70,83.14,81.39,79.71,78.23,76.97,76.29,77.07,78.41,80.10,82.78,87.31,90.52,92.59,94.08,95.22,96.13,96.39,95.95,95.03,94.08,92.85,92.07,91.90,92.26,92.29,92.50,92.59,92.42,92.14,91.56,90.84,89.83,88.07,85.68,83.16,80.54,77.53,73.66,73.08,74.18,76.29,79.40,81.68,80.91,76.88,70.72,69.67,69.41,69.30,69.36,69.60,69.91,70.05,70.47,72.03,73.91,76.07,78.35,80.44,81.82,82.82,82.74,81.70,80.69,80.34,80.03,79.83,79.97,80.06,80.14,80.22,80.46,81.37,83.27,85.09,85.88,84.56,83.32,83.16,83.47,83.83,84.69,85.91,87.19,88.34,89.07,89.04,88.23,87.68,88.51,89.59,90.04,90.20,90.28,90.37,90.50,90.66,90.82,90.95,91.08,90.98,90.58,88.61,81.13,75.88,72.07,69.32,68.20,67.17,67.28,68.18,69.39,71.68,74.24,76.55,78.35,79.72,82.12,86.03,89.93,90.84,90.90,90.62,90.09,88.93,86.20,84.96,85.91,88.53,90.79,92.06,93.60,94.78,94.16,92.00,89.41,86.84,84.60,83.08,81.98,81.15,80.44,79.51,77.37,74.07,70.74,68.31,66.60,64.07,61.56,59.67,58.72,57.91,56.93,55.76,54.48,53.25,51.41,50.05,49.72,49.63,49.62,49.62,49.59,49.54,49.59,49.66,49.74,49.85,49.95,49.98,49.95,49.81,49.54,49.31,49.12,48.93,48.70,48.47,48.19,47.91,47.67,47.44,47.15,46.88,46.65,46.41,46.11,45.86,45.62,45.38,45.12,45.70,46.67,47.71,48.65,49.63,51.42,53.77,56.02,58.02,59.34,60.07,60.30,60.46,60.61,60.73,60.80,60.81,60.86,60.90,60.92,60.98,61.00,61.05,61.13,61.19,61.20,61.26,61.29,61.32,61.40,61.47,61.55,61.63,61.71,61.78,61.92
69.80,69.89,70.02,70.11,69.70,69.03,68.27,67.55,66.80,66.06,65.29,64.69,64.73,65.66,68.15,71.40,74.15,76.58,78.52,80.47,82.59,84.17,84.96,85.35,85.39,84.88,83.98,82.75,81.29,79.67,78.11,76.70,76.10,76.59,77.97,80.04,83.09,86.71,90.12,92.50,94.37,95.97,97.30,98.24,98.66,98.31,97.31,96.08,94.65,93.27,92.31,92.03,91.89,92.00,91.90,91.49,91.04,89.85,88.30,86.72,85.51,84.74,83.39,81.48,78.59,73.41,71.33,71.34,73.06,76.83,79.87,78.05,73.68,70.16,69.52,69.29,69.23,69.42,69.76,70.95,72.54,74.33,76.22,77.71,78.84,79.80,80.69,81.73,82.78,83.02,82.38,81.60,81.56,81.38,81.26,81.72,82.23,82.46,82.56,82.84,83.90,85.57,87.19,87.98,86.99,86.16,86.06,86.08,85.90,86.34,87.47,88.65,89.56,89.95,89.83,88.83,88.01,88.64,89.76,90.18,90.31,90.38,90.45,90.51,90.62,90.76,90.86,90.97,90.91,90.56,89.01,83.77,78.36,73.39,69.60,68.43,67.24,66.87,67.33,68.44,69.90,71.29,72.84,74.65,76.43,79.25,83.25,87.47,89.83,90.18,89.11,87.25,84.81,82.04,81.16,82.60,85.80,88.82,91.05,93.47,95.47,95.56,93.23,90.61,88.38,86.76,85.53,84.42,83.57,82.84,81.81,79.88,76.77,73.38,70.78,69.84,68.72,66.64,63.89,61.94,60.32,58.95,57.73,56.52,55.33,53.37,51.34,49.93,49.76,49.78,49.80,49.78,49.72,49.73,49.79,49.94,50.22,50.45,50.59,50.50,50.18,49.71,49.48,49.28,49.05,48.77,48.53,48.28,48.02,47.75,47.51,47.21,46.95,46.72,46.47,46.18,45.92,45.69,45.44,45.15,45.42,46.14,47.15,48.08,49.01,50.41,52.26,54.36,56.38,58.19,59.52,60.15,60.39,60.56,60.67,60.73,60.74,60.75,60.80,60.84,60.87,60.92,60.95,61.00,61.07,61.12,61.15,61.20,61.25,61.34,61.41,61.48,61.56,61.64,61.72,61.85
69.03,68.89,68.95,69.13,69.14,68.63,67.87,67.14,66.38,65.62,64.95,64.43,64.16,64.58,67.00,70.35,72.77,74.13,75.33,77.41,80.46,82.30,82.88,83.01,82.97,82.54,81.80,80.78,79.53,78.10,76.64,75.70,75.83,77.09,78.81,81.58,85.47,89.39,91.84,93.78,95.65,97.43,98.88,99.63,99.98,99.68,98.68,97.00,95.17,93.31,91.75,90.91,90.63,90.86,91.02,90.76,89.79,87.69,85.23,83.13,82.30,82.56,82.29,81.12,78.36,72.71,70.26,69.83,71.06,74.56,77.48,75.23,71.26,69.78,69.40,69.22,69.25,69.51,69.93,72.15,75.07,77.77,79.31,80.22,80.69,80.88,81.00,81.69,82.67,83.20,83.08,82.50,82.67,82.63,82.63,83.22,84.03,84.56,84.91,85.34,86.43,87.74,88.92,89.50,88.88,88.41,88.26,88.05,87.63,87.82,88.72,89.60,90.15,90.29,90.15,88.94,87.78,88.09,89.12,89.50,89.66,89.87,90.05,89.92,89.62,89.41,89.67,90.01,90.11,89.81,88.63,85.46,80.72,75.53,71.02,68.99,67.58,66.72,66.54,67.28,68.20,68.98,70.14,72.01,74.48,77.72,81.57,85.39,87.88,88.18,86.71,84.24,81.31,78.80,78.30,80.07,83.52,86.84,89.45,92.00,94.09,94.57,92.51,90.25,88.46,87.31,86.51,85.75,85.21,84.61,83.22,81.28,78.53,75.63,73.54,73.37,73.17,71.53,68.48,65.73,63.38,61.55,60.09,58.77,57.48,55.51,53.22,51.25,50.80,50.77,50.64,50.37,50.15,50.15,50.28,50.52,50.88,51.21,51.25,50.99,50.47,49.87,49.60,49.39,49.14,48.84,48.60,48.36,48.10,47.81,47.57,47.30,47.02,46.77,46.54,46.24,45.98,45.75,45.50,45.21,45.20,45.66,46.55,47.48,48.38,49.49,50.89,52.69,54.69,56.76,58.55,59.75,60.25,60.48,60.61,60.67,60.67,60.65,60.69,60.75,60.77,60.83,60.86,60.89,60.95,61.02,61.06,61.10,61.17,61.26,61.34,61.42,61.50,61.58,61.66,61.80
68.64,68.23,68.14,68.27,68.34,67.86,67.09,66.33,65.57,64.88,64.42,64.20,64.02,63.90,65.86,68.91,70.89,70.96,71.19,73.42,77.72,80.06,80.67,80.73,80.61,80.21,79.56,78.78,77.84,76.62,75.26,75.25,76.15,77.61,79.41,82.77,86.80,90.41,92.50,94.48,96.42,98.28,99.78,100.21,100.25,99.95,99.00,96.81,94.42,92.21,90.32,88.97,88.50,88.99,89.77,90.04,88.32,85.20,81.99,79.55,78.79,79.21,79.71,79.18,76.55,71.34,69.74,69.65,70.40,72.65,74.63,72.81,70.02,69.54,69.27,69.20,69.33,69.61,70.08,73.34,77.26,80.25,80.84,81.16,81.45,81.57,81.52,81.84,82.55,83.32,83.77,83.40,83.62,83.73,83.85,84.36,85.29,86.22,87.03,87.74,88.70,89.56,90.13,90.31,90.08,89.83,89.53,89.19,88.90,89.09,89.65,90.03,90.11,90.05,89.84,88.41,86.88,86.84,87.63,87.88,88.13,88.66,89.12,88.66,87.58,86.71,87.24,88.11,88.48,88.24,87.28,85.66,82.52,78.27,73.61,69.98,68.20,66.90,66.00,66.02,66.72,67.53,68.69,70.67,73.90,77.46,80.94,83.80,84.95,84.82,83.39,81.21,78.73,76.60,76.38,78.30,81.75,84.87,87.30,89.31,90.81,91.22,89.83,88.28,86.95,86.03,85.81,85.80,85.99,85.79,83.98,81.81,79.47,77.50,76.58,76.98,76.98,75.64,72.93,69.81,66.95,64.66,62.81,61.18,59.64,57.71,55.62,53.75,52.87,52.66,52.20,51.45,50.95,50.98,51.24,51.56,51.84,52.15,51.86,51.28,50.62,49.98,49.67,49.44,49.19,48.89,48.65,48.42,48.15,47.86,47.62,47.38,47.11,46.83,46.59,46.29,46.03,45.80,45.55,45.26,45.05,45.26,45.95,46.85,47.73,48.66,49.72,51.11,53.06,55.14,57.21,59.05,60.02,60.40,60.54,60.60,60.59,60.54,60.56,60.64,60.70,60.72,60.76,60.81,60.83,60.90,60.97,61.01,61.06,61.20,61.28,61.36,61.44,61.52,61.59,61.73
68.63,67.98,67.56,67.43,67.47,67.05,66.33,65.59,64.98,64.54,64.25,64.05,63.85,63.62,64.64,66.47,68.00,68.56,69.19,70.89,73.76,75.78,76.82,77.58,78.09,77.90,77.36,76.81,76.13,75.16,74.51,75.13,76.32,77.72,79.32,82.33,86.17,89.76,91.91,93.82,95.77,97.66,99.25,100.01,100.03,99.48,98.33,96.37,93.95,91.52,89.09,86.83,85.63,86.01,87.04,87.75,86.43,83.68,80.78,78.31,76.72,76.17,76.17,75.30,72.89,70.35,69.57,69.56,70.03,71.28,72.78,71.60,69.69,69.43,69.16,69.18,69.38,69.64,70.13,73.90,78.28,81.41,81.77,82.03,82.23,82.26,82.08,82.05,82.64,83.43,84.04,84.05,84.19,84.25,84.46,85.18,86.22,87.32,88.34,89.19,89.80,90.25,90.48,90.53,90.41,90.23,90.03,89.86,89.77,89.86,90.08,89.89,89.22,88.41,87.41,85.65,84.23,84.43,84.76,84.82,85.28,86.49,87.83,86.80,85.17,83.95,83.93,84.99,85.82,85.44,83.76,83.42,82.48,80.21,76.58,72.38,69.54,67.63,66.27,65.43,65.44,66.30,67.72,69.83,73.12,76.30,79.07,81.12,81.78,81.34,79.83,77.75,75.48,73.58,73.60,75.94,79.81,82.73,84.98,86.89,88.12,87.92,86.75,85.44,84.33,83.63,83.57,83.90,84.59,85.18,84.61,82.92,81.09,79.73,79.28,79.53,79.46,78.45,76.27,73.07,69.89,67.36,65.34,63.52,61.74,59.97,58.18,56.53,55.55,54.84,54.08,53.31,52.83,52.69,52.89,53.03,52.79,52.47,51.85,51.09,50.38,49.91,49.64,49.38,49.11,48.84,48.57,48.32,48.08,47.81,47.54,47.29,47.05,46.78,46.50,46.24,45.96,45.70,45.47,45.21,45.07,45.13,45.52,46.34,47.23,48.11,49.02,50.08,51.72,53.76,55.96,58.10,59.74,60.27,60.45,60.53,60.49,60.45,60.46,60.51,60.59,60.63,60.67,60.70,60.75,60.78,60.85,60.91,60.98,61.13,61.22,61.30,61.38,61.45,61.53,61.66
68.68,67.89,67.20,66.76,66.63,66.22,65.61,64.99,64.56,64.33,64.12,63.88,63.65,63.44,63.76,64.60,65.79,66.94,68.02,69.18,70.52,71.88,73.11,74.38,75.43,75.47,75.14,74.90,74.60,74.08,74.06,74.99,76.25,77.56,78.96,81.28,84.63,88.13,90.59,92.57,94.49,96.33,97.90,98.92,99.10,98.59,97.50,95.76,93.60,91.11,88.25,85.12,82.99,83.01,84.07,85.16,84.63,82.53,80.05,77.58,75.26,73.62,72.92,71.86,70.05,69.70,69.52,69.54,69.78,70.28,71.29,70.71,69.60,69.36,69.06,69.13,69.35,69.60,70.11,73.98,78.51,81.76,82.08,82.40,82.61,82.70,82.64,82.39,82.83,83.53,84.16,84.26,84.19,84.16,84.41,85.19,86.30,87.47,88.68,89.77,90.27,90.51,90.58,90.55,90.45,90.28,90.06,90.02,90.22,90.27,90.30,89.83,88.70,87.07,85.12,82.94,81.38,81.31,81.22,81.16,81.99,84.03,86.17,85.22,83.39,81.70,80.83,82.05,83.22,82.74,80.46,80.59,81.37,80.89,78.48,74.45,70.86,68.50,66.80,65.13,64.20,64.75,66.13,68.25,71.54,74.37,76.55,77.97,78.28,77.53,75.97,74.07,72.16,70.57,70.83,73.42,77.60,80.81,82.97,84.70,85.60,84.80,83.63,82.29,81.22,80.69,80.76,81.56,82.80,84.09,84.71,83.74,82.46,81.53,81.25,81.21,81.06,80.35,78.69,75.68,72.33,69.56,67.36,65.45,63.48,61.69,60.06,58.66,57.73,56.67,55.73,55.01,54.50,54.14,53.97,53.68,52.97,52.14,51.37,50.66,50.06,49.79,49.55,49.28,49.00,48.75,48.47,48.20,47.96,47.72,47.43,47.17,46.94,46.69,46.40,46.14,45.87,45.60,45.37,45.17,45.14,45.13,45.24,45.91,46.76,47.67,48.56,49.40,50.67,52.66,54.95,57.24,59.37,60.10,60.34,60.44,60.39,60.38,60.38,60.40,60.47,60.54,60.57,60.61,60.66,60.68,60.75,60.83,60.92,61.06,61.16,61.23,61.31,61.39,61.47,61.60
68.63,67.92,67.19,66.45,65.90,65.40,64.97,64.66,64.39,64.16,63.91,63.63,63.40,63.27,63.60,64.38,65.48,66.58,67.57,68.49,69.29,69.73,70.44,71.48,72.52,72.81,72.84,73.10,73.47,73.75,73.91,74.64,75.75,77.06,78.37,79.74,82.14,85.28,88.34,90.74,92.61,94.20,95.53,96.39,96.94,97.21,96.81,94.97,93.36,91.11,88.08,84.35,81.12,80.49,81.33,82.72,83.18,81.69,79.39,76.85,74.34,71.92,70.76,70.19,69.75,69.57,69.55,69.59,69.65,69.81,70.08,69.90,69.53,69.30,68.99,68.99,69.18,69.48,70.00,73.37,77.71,81.08,81.44,81.76,82.18,82.71,83.17,83.00,83.14,83.66,84.14,83.69,83.24,83.11,83.26,83.71,84.78,85.99,87.44,89.03,90.05,90.42,90.52,90.48,90.32,90.05,89.51,89.39,90.01,90.19,90.32,90.16,89.29,86.98,84.15,81.37,78.95,77.33,77.00,76.95,78.37,81.46,83.89,84.51,83.08,80.49,78.58,80.00,81.22,80.78,78.58,77.71,78.90,79.37,78.05,75.18,71.81,69.39,67.45,65.14,62.97,62.41,63.07,64.96,68.45,71.29,73.28,74.36,74.20,73.13,71.61,70.13,69.01,67.98,68.47,70.86,74.92,79.45,81.62,82.83,83.15,82.02,80.58,78.91,77.63,77.18,77.53,79.28,81.24,82.87,83.77,83.71,83.00,82.27,81.91,81.59,81.49,81.02,79.77,77.34,74.07,70.95,68.40,66.56,64.47,62.29,60.50,59.36,58.59,57.68,56.78,55.97,55.25,54.62,53.59,52.47,51.59,50.75,50.24,49.94,49.76,49.64,49.43,49.19,48.93,48.64,48.39,48.11,47.84,47.60,47.36,47.07,46.81,46.58,46.33,46.04,45.77,45.54,45.32,45.21,45.23,45.21,45.18,45.58,46.30,47.31,48.37,49.16,50.09,52.03,54.38,56.69,58.87,59.83,60.21,60.33,60.32,60.31,60.31,60.32,60.34,60.41,60.48,60.52,60.55,60.61,60.69,60.76,60.86,61.01,61.09,61.17,61.25,61.33,61.41,61.54
68.27,67.59,66.88,66.11,65.44,64.91,64.54,64.34,64.11,63.88,63.65,63.41,63.21,63.28,63.78,64.56,65.47,66.25,67.13,67.94,68.57,69.09,69.97,71.13,72.27,72.86,73.33,74.01,74.67,75.03,75.02,75.20,75.64,76.39,77.50,78.59,80.22,82.45,85.15,87.69,89.93,91.72,92.91,93.76,94.74,95.66,95.96,94.61,93.01,90.83,87.75,83.69,80.32,79.07,79.36,80.50,81.00,80.02,77.97,75.35,72.75,70.79,69.94,69.66,69.56,69.51,69.51,69.47,69.43,69.50,69.55,69.49,69.34,69.14,68.91,68.99,69.12,69.19,69.48,72.00,75.85,79.41,80.64,81.15,81.67,82.32,83.00,83.25,83.41,83.79,84.09,83.46,82.81,82.36,82.14,82.32,83.35,84.52,85.71,87.00,88.49,89.75,90.22,89.84,88.64,87.29,86.28,86.25,87.48,88.59,89.50,89.71,88.92,86.86,84.13,81.26,78.30,75.31,73.48,73.02,74.75,78.58,81.83,83.57,82.86,80.33,77.60,77.23,77.94,77.94,76.23,74.54,74.47,74.98,75.18,74.00,72.14,69.98,67.46,64.44,61.79,60.93,61.11,62.14,64.35,66.94,69.26,70.75,70.55,69.66,68.33,67.06,66.18,65.57,66.81,69.35,72.97,77.40,79.61,80.70,80.75,79.28,77.56,75.59,73.98,73.33,74.38,77.00,79.66,81.66,82.39,82.13,81.16,80.28,80.17,80.69,80.95,80.85,80.19,78.41,75.25,71.86,68.44,65.04,62.68,60.90,59.52,58.52,57.73,56.84,55.93,55.05,54.21,53.44,52.30,51.21,50.57,50.08,49.78,49.62,49.55,49.50,49.30,49.07,48.82,48.55,48.29,48.01,47.75,47.52,47.25,46.98,46.71,46.45,46.21,45.95,45.68,45.45,45.32,45.30,45.35,45.38,45.31,45.24,45.88,46.89,48.00,48.93,49.73,51.57,53.89,56.26,58.50,59.65,60.13,60.25,60.26,60.26,60.23,60.22,60.25,60.30,60.36,60.42,60.47,60.55,60.62,60.69,60.80,60.94,61.03,61.11,61.20,61.31,61.43,61.58
67.78,67.13,66.45,65.76,65.07,64.53,64.17,63.97,63.75,63.52,63.34,63.23,63.20,63.56,64.24,65.05,65.77,66.22,66.92,67.64,68.23,69.05,70.33,71.81,73.17,74.03,74.87,75.86,76.64,76.84,76.55,76.17,75.95,76.10,76.86,77.73,78.71,80.00,81.96,84.22,86.65,88.68,90.03,91.21,92.72,94.28,95.22,94.30,92.54,90.25,87.06,82.79,79.78,78.12,77.77,78.37,78.51,77.86,76.09,73.59,71.18,70.01,69.68,69.58,69.48,69.53,69.48,69.37,69.27,69.30,69.28,69.23,69.16,69.03,68.90,69.07,69.15,69.00,69.04,70.80,74.07,77.64,79.69,80.50,81.13,81.82,82.57,83.24,83.56,83.88,84.02,83.34,82.59,81.85,81.25,81.12,81.86,82.78,83.53,84.29,85.91,87.77,88.50,87.80,85.64,83.35,82.10,82.32,84.14,86.16,87.81,88.31,87.56,85.98,83.69,80.92,77.59,73.68,70.64,69.83,71.52,75.46,79.50,82.25,82.53,80.63,77.44,74.94,74.57,74.66,73.66,71.53,69.99,70.20,71.66,72.03,71.76,69.93,66.90,63.36,60.76,59.93,59.81,59.97,60.71,62.73,65.15,67.03,67.12,66.64,65.56,64.36,63.52,63.35,65.39,68.19,71.36,75.22,77.37,78.47,78.40,76.59,74.56,72.37,70.45,69.63,71.47,74.71,77.90,80.23,80.77,79.94,78.42,77.25,77.38,78.82,79.55,79.87,79.73,78.36,75.05,71.19,67.00,62.53,60.16,58.94,58.04,57.14,56.28,55.37,54.45,53.53,52.62,51.80,50.90,50.14,49.83,49.70,49.55,49.43,49.37,49.35,49.18,48.95,48.71,48.47,48.18,47.92,47.68,47.44,47.15,46.89,46.62,46.34,46.09,45.86,45.58,45.37,45.34,45.41,45.48,45.55,45.48,45.00,45.51,46.44,47.54,48.66,49.45,51.14,53.39,55.85,58.16,59.50,60.08,60.19,60.19,60.18,60.12,60.09,60.17,60.19,60.24,60.32,60.41,60.48,60.55,60.64,60.73,60.88,60.98,61.06,61.17,61.31,61.47,61.61
67.16,66.62,66.01,65.32,64.68,64.15,63.74,63.43,63.19,62.99,62.91,63.08,63.75,64.57,65.38,66.13,66.76,67.18,67.58,68.05,68.62,69.39,71.08,73.13,74.98,75.94,76.86,77.84,78.57,78.64,78.12,77.55,77.28,77.32,77.38,77.39,77.94,78.88,79.81,80.73,82.13,84.07,86.51,89.02,91.43,93.71,95.04,93.64,91.75,88.99,85.25,80.89,78.88,77.51,76.68,76.31,75.78,74.88,73.50,71.88,70.47,69.85,69.73,69.73,69.70,69.72,69.66,69.58,69.46,69.31,69.14,69.10,69.13,69.15,69.16,69.28,69.37,69.38,69.33,71.00,73.77,76.64,78.39,79.68,80.56,81.31,82.07,82.77,83.35,83.82,83.96,83.28,82.57,81.85,81.14,80.49,80.02,80.06,80.33,80.69,81.23,81.85,81.97,81.35,79.78,78.20,77.70,78.55,80.70,82.54,84.03,84.47,83.80,82.46,80.69,78.02,74.62,71.07,69.33,68.96,69.71,71.87,75.94,79.81,81.70,81.32,78.65,75.23,72.33,70.85,70.86,69.41,67.67,67.45,68.69,69.48,69.54,67.94,65.06,61.81,60.17,59.63,59.50,59.56,59.86,60.57,61.61,62.86,64.01,64.14,63.25,61.97,61.08,61.67,64.04,67.00,70.13,73.43,75.10,76.19,76.18,73.99,71.66,69.35,67.45,66.85,69.35,72.40,75.48,78.03,78.85,77.35,75.30,73.79,73.63,74.98,76.23,77.02,76.94,75.00,70.50,65.48,61.42,59.52,58.27,57.34,56.50,55.67,54.77,53.89,52.99,52.06,51.18,50.56,50.11,49.80,49.64,49.51,49.36,49.24,49.18,49.17,49.07,48.86,48.58,48.35,48.10,47.82,47.56,47.32,47.07,46.79,46.52,46.26,45.97,45.73,45.49,45.36,45.45,45.53,45.61,45.69,45.62,45.09,45.24,45.95,47.02,48.29,49.21,50.71,52.79,55.31,57.76,59.36,60.05,60.13,60.12,60.07,59.97,59.92,60.05,60.11,60.14,60.21,60.34,60.42,60.50,60.57,60.67,60.82,60.96,61.09,61.21,61.32,61.47,61.58
66.64,66.09,65.51,64.88,64.31,63.81,63.35,62.94,62.66,62.88,63.27,63.78,64.71,65.63,66.50,67.25,67.81,68.20,68.42,68.68,69.17,70.23,72.43,74.69,76.56,77.84,79.00,80.14,80.91,80.84,79.93,79.27,78.98,78.88,78.38,77.87,77.95,78.42,78.85,79.27,80.31,82.43,85.75,88.99,91.66,93.86,94.93,93.20,91.00,88.11,84.53,80.69,79.06,77.97,77.14,76.48,75.74,74.96,74.14,73.40,72.91,72.30,72.37,72.61,72.66,72.63,71.96,70.84,69.75,69.47,69.23,69.13,69.08,69.04,69.15,69.27,69.41,69.55,69.63,71.03,73.20,75.48,77.13,78.63,79.84,80.79,81.53,82.23,82.95,83.56,83.90,83.69,83.06,82.30,81.47,80.56,79.62,78.91,78.40,77.99,77.39,77.21,76.95,76.28,74.90,73.81,73.63,74.48,76.30,78.03,79.46,79.97,79.46,78.32,76.75,74.48,71.83,69.46,68.44,68.26,68.61,69.77,72.66,76.57,79.69,81.03,79.48,76.08,72.06,69.21,68.34,66.88,65.29,64.87,65.55,65.84,65.64,64.48,62.62,60.61,59.77,59.44,59.30,59.28,59.40,59.54,59.90,60.57,61.58,61.84,61.30,60.39,59.72,60.48,62.69,65.41,68.27,71.14,72.66,73.86,73.97,71.59,68.70,65.83,64.12,64.52,67.31,70.26,73.20,75.63,76.22,74.42,72.14,70.35,69.78,70.81,71.09,70.66,69.64,67.96,64.56,60.82,58.01,57.24,56.47,55.66,54.86,54.06,53.17,52.34,51.57,50.87,50.27,49.89,49.69,49.56,49.47,49.32,49.17,49.06,49.02,48.99,48.95,48.76,48.48,48.23,47.99,47.73,47.45,47.20,46.96,46.70,46.42,46.16,45.88,45.62,45.45,45.43,45.57,45.66,45.73,45.81,45.77,45.31,45.06,45.48,46.50,47.82,48.96,50.28,52.16,54.71,57.23,59.16,60.03,60.06,60.05,59.91,59.66,59.51,59.69,59.92,60.03,60.13,60.27,60.36,60.45,60.56,60.68,60.83,60.96,61.11,61.24,61.35,61.44,61.48
66.33,65.72,65.11,64.54,64.01,63.52,63.01,62.53,62.29,63.14,64.19,65.08,65.94,66.75,67.64,68.56,69.36,69.96,70.20,70.33,70.72,72.16,74.71,76.82,78.33,79.97,81.36,82.69,83.55,83.34,82.06,81.33,81.02,80.77,79.86,78.96,78.51,78.47,78.73,79.25,80.42,82.91,86.85,90.45,92.77,94.35,94.85,92.98,90.51,87.86,85.03,82.13,80.51,79.60,78.98,78.44,77.77,77.33,77.08,77.08,77.32,76.51,76.69,77.13,77.19,77.12,75.64,73.15,70.65,70.00,69.55,69.27,69.03,68.83,68.95,69.10,69.29,69.53,69.84,70.82,72.36,74.16,75.89,77.42,78.95,80.16,80.90,81.62,82.37,83.09,83.75,84.26,83.84,83.06,82.15,81.21,80.33,79.09,77.82,76.55,74.95,74.29,73.75,72.85,71.32,70.47,70.27,70.66,71.70,73.26,74.62,75.22,74.95,74.03,72.56,70.89,69.44,68.56,67.78,67.56,67.89,68.70,69.87,73.01,76.73,79.58,79.46,76.75,72.93,69.23,66.42,64.34,62.96,62.46,62.49,61.92,61.23,60.63,60.15,59.76,59.47,59.28,59.13,59.02,59.09,59.22,59.41,59.64,59.77,59.84,59.70,59.39,59.12,59.64,61.32,63.51,65.92,68.44,70.12,71.52,71.72,69.23,65.71,62.27,60.91,62.52,65.33,68.25,71.03,73.11,73.14,71.33,69.02,66.99,65.93,66.44,65.07,62.74,60.50,59.55,58.47,57.31,56.25,55.47,54.70,53.91,53.15,52.38,51.59,50.86,50.31,49.96,49.75,49.63,49.50,49.37,49.28,49.13,48.98,48.90,48.88,48.81,48.79,48.66,48.40,48.11,47.87,47.63,47.37,47.08,46.84,46.60,46.33,46.05,45.80,45.53,45.47,45.56,45.70,45.78,45.86,45.94,45.93,45.61,44.97,45.09,45.98,47.30,48.64,49.84,51.54,54.07,56.56,58.76,59.83,59.94,59.92,59.67,59.24,58.95,59.15,59.61,59.88,60.06,60.22,60.31,60.44,60.59,60.74,60.88,60.98,61.11,61.25,61.36,61.38,61.33
66.89,66.25,65.56,64.82,64.06,63.36,62.75,62.33,62.51,63.89,65.33,66.41,67.31,68.10,69.17,70.88,73.55,75.86,76.70,77.00,77.45,78.46,79.98,81.27,82.32,83.61,84.55,85.56,86.27,86.10,85.11,84.26,83.80,83.50,82.48,80.40,79.27,79.07,79.10,79.42,80.78,83.56,87.79,92.03,93.19,94.09,94.79,93.02,91.27,89.63,87.89,86.01,84.87,83.78,82.72,81.78,81.05,80.63,80.46,80.56,80.91,80.65,80.58,80.47,80.16,79.97,78.98,77.21,74.79,72.02,70.23,69.48,69.20,68.97,68.83,68.88,69.07,69.35,69.63,70.13,71.22,72.78,74.54,76.22,77.72,78.95,79.89,80.78,81.51,82.24,83.06,83.90,84.27,83.94,83.26,82.52,81.59,80.61,79.60,78.45,76.80,75.38,74.03,72.55,70.81,69.96,69.62,69.51,69.61,70.23,70.89,71.25,71.20,70.75,69.97,69.02,68.18,67.66,67.01,66.68,66.89,67.65,68.62,70.42,72.90,75.34,76.34,74.91,72.82,70.17,66.77,63.37,61.48,60.76,60.70,60.42,60.09,59.81,59.59,59.43,59.26,59.09,58.94,58.81,58.79,58.82,58.92,59.02,59.02,59.00,58.89,58.69,58.54,59.01,60.02,61.43,63.23,65.41,67.63,69.23,69.20,66.34,62.76,60.43,59.78,61.03,63.58,66.33,68.86,70.57,70.30,68.49,66.19,63.94,62.23,61.77,60.65,59.16,57.73,56.89,56.11,55.32,54.53,53.75,52.93,52.15,51.41,50.80,50.43,50.10,49.85,49.67,49.52,49.44,49.30,49.18,49.09,48.94,48.83,48.75,48.69,48.62,48.61,48.50,48.29,48.03,47.75,47.51,47.27,47.00,46.72,46.48,46.23,45.97,45.70,45.57,45.58,45.68,45.83,45.91,45.99,46.06,46.09,45.90,45.20,45.02,45.57,46.79,48.12,49.35,51.03,53.40,55.64,57.41,58.72,59.49,59.51,59.22,58.77,58.45,58.54,59.02,59.57,59.99,60.22,60.35,60.45,60.59,60.75,60.89,61.02,61.14,61.22,61.26,61.22,61.18
67.57,66.87,66.08,65.23,64.31,63.48,62.74,62.29,62.70,64.50,66.34,67.72,68.90,70.87,72.73,74.87,78.05,80.92,82.53,83.43,84.01,84.55,85.20,85.81,86.44,87.21,87.69,88.30,88.74,88.63,88.02,87.22,86.72,86.49,85.68,83.03,81.27,80.52,79.99,79.91,81.36,84.20,88.18,92.14,92.96,93.82,94.80,93.52,92.47,91.63,90.78,89.79,89.11,88.19,87.24,86.19,84.66,84.03,83.73,83.50,83.27,82.92,82.56,82.19,81.75,81.40,80.83,79.73,77.64,73.89,71.10,69.82,69.37,69.11,68.80,68.71,68.83,69.13,69.38,69.64,70.34,71.56,73.26,74.72,75.93,77.05,78.19,79.38,80.47,81.42,82.27,83.20,84.09,84.33,84.13,83.75,83.13,82.41,81.67,80.75,79.14,77.38,75.81,74.30,72.63,71.64,70.93,70.16,69.30,69.00,68.91,68.82,68.66,68.43,68.10,67.70,67.27,66.88,66.35,65.94,65.95,66.51,67.42,68.20,69.44,70.99,72.06,71.44,70.73,69.23,66.10,62.30,60.45,59.79,59.71,59.69,59.64,59.52,59.37,59.22,59.08,58.98,58.87,58.74,58.64,58.57,58.52,58.47,58.42,58.35,58.22,58.04,57.95,58.41,58.94,59.73,60.89,62.44,64.41,65.75,65.61,63.20,60.44,59.16,59.02,59.87,61.81,64.11,66.09,67.22,66.68,65.00,63.05,61.10,59.34,58.34,57.52,56.75,55.96,55.12,54.33,53.56,52.79,52.03,51.36,50.76,50.23,49.83,49.73,49.65,49.59,49.51,49.36,49.25,49.12,48.99,48.90,48.75,48.66,48.58,48.51,48.45,48.42,48.34,48.18,47.94,47.66,47.41,47.17,46.91,46.62,46.36,46.12,45.89,45.67,45.65,45.70,45.81,45.95,46.04,46.11,46.19,46.24,46.17,45.50,45.03,45.17,46.28,47.58,48.86,50.48,52.61,54.64,56.21,57.60,58.66,58.79,58.59,58.23,57.92,57.92,58.46,59.19,59.80,60.17,60.37,60.49,60.60,60.75,60.90,61.05,61.13,61.13,61.11,61.06,61.03
68.22,67.42,66.53,65.67,64.75,63.87,63.04,62.41,62.73,64.82,67.12,68.97,70.78,75.24,78.54,80.51,82.23,84.00,86.39,88.30,89.05,89.27,89.56,89.87,90.14,90.35,90.55,90.75,90.87,90.83,90.54,89.98,89.62,89.58,89.30,87.06,84.80,82.98,81.52,80.86,82.17,84.76,87.89,90.41,92.04,93.63,94.86,94.48,93.88,93.40,93.03,92.70,92.34,92.11,92.00,91.25,88.08,87.09,86.46,85.48,83.97,82.58,81.97,81.79,81.66,81.10,80.58,79.63,77.92,75.01,72.00,70.24,69.46,69.16,68.86,68.59,68.60,68.91,69.20,69.49,69.86,70.61,72.09,72.82,73.48,74.38,75.67,77.31,79.30,80.75,81.57,82.40,83.25,84.00,84.51,84.63,84.71,84.15,83.51,82.81,81.25,79.76,78.78,78.00,76.76,75.54,74.27,72.72,70.94,69.89,69.09,68.32,67.63,67.27,67.00,66.86,66.70,66.37,65.96,65.52,65.22,65.28,65.94,66.23,66.64,67.08,66.98,66.46,66.33,65.69,63.70,60.84,59.89,59.65,59.52,59.45,59.44,59.34,59.19,59.05,58.97,58.98,58.97,58.87,58.73,58.54,58.27,57.99,57.85,57.76,57.63,57.46,57.39,57.77,58.14,58.56,59.09,59.73,60.41,60.91,60.91,59.98,58.94,58.28,58.28,59.00,59.99,61.50,62.61,62.92,62.15,60.75,59.55,58.51,57.49,56.56,55.75,54.98,54.19,53.35,52.58,51.82,51.07,50.39,50.09,49.91,49.75,49.63,49.55,49.47,49.42,49.38,49.23,49.08,48.93,48.80,48.71,48.56,48.47,48.39,48.33,48.31,48.25,48.18,48.05,47.82,47.58,47.34,47.08,46.80,46.55,46.26,46.00,45.80,45.72,45.76,45.83,45.94,46.08,46.16,46.24,46.32,46.39,46.41,45.84,45.11,44.83,45.74,47.05,48.38,49.88,51.69,53.61,55.36,56.66,57.44,57.71,57.77,57.58,57.33,57.33,57.99,58.76,59.48,60.05,60.35,60.52,60.64,60.75,60.90,61.04,61.05,60.99,60.93,60.92,60.86
68.76,67.90,67.02,66.11,65.12,64.13,63.16,62.40,62.73,64.95,67.57,70.05,72.88,77.35,80.51,82.36,83.90,85.59,87.78,89.61,90.53,90.91,91.29,91.69,92.04,92.20,92.35,92.51,92.65,92.66,92.34,91.98,91.73,91.62,91.47,90.04,88.00,85.91,84.25,83.05,83.14,84.59,87.22,89.52,91.35,92.98,94.30,94.68,93.85,93.26,92.91,92.53,92.25,92.03,91.53,90.21,87.23,85.94,84.82,83.33,81.37,79.33,78.31,78.21,78.51,77.60,76.84,75.93,74.59,72.69,70.96,69.90,69.33,69.02,68.71,68.59,68.70,69.01,69.26,69.39,69.56,69.97,70.75,70.97,71.18,71.83,73.31,75.65,78.58,80.78,82.10,83.16,83.34,83.38,83.45,83.61,83.79,83.80,83.87,83.91,83.30,82.03,81.26,80.87,80.06,79.11,78.06,76.70,74.91,73.11,70.96,69.30,68.38,68.03,67.82,67.74,67.64,67.31,66.86,66.27,65.48,64.61,64.23,64.01,63.74,63.35,62.83,62.53,62.52,62.31,61.46,60.16,59.73,59.57,59.42,59.31,59.29,59.25,59.19,59.17,59.17,59.20,59.22,59.20,59.05,58.87,58.57,58.22,57.99,57.82,57.61,57.32,57.02,57.03,57.18,57.45,57.81,58.27,58.70,59.03,59.05,58.50,57.82,57.32,57.27,57.78,58.53,59.35,59.87,59.92,59.31,58.34,57.41,56.56,55.71,54.83,54.00,53.20,52.42,51.63,51.03,50.55,50.13,49.81,49.67,49.61,49.56,49.48,49.40,49.33,49.27,49.21,49.09,48.95,48.77,48.61,48.52,48.37,48.28,48.22,48.19,48.15,48.10,48.05,47.93,47.73,47.47,47.23,46.98,46.71,46.44,46.17,45.94,45.80,45.81,45.88,45.96,46.06,46.20,46.29,46.37,46.45,46.52,46.56,46.11,45.38,44.85,45.25,46.49,47.89,49.38,51.05,52.94,54.42,55.49,56.22,56.66,56.80,56.74,56.71,56.99,57.74,58.55,59.33,59.97,60.25,60.46,60.64,60.78,60.89,60.93,60.88,60.82,60.79,60.74,60.71
69.20,68.25,67.33,66.37,65.30,64.22,63.14,62.32,62.65,64.86,67.58,70.38,73.61,77.34,80.32,82.48,84.17,85.97,87.81,89.45,90.66,91.31,91.86,92.39,92.87,93.14,93.44,93.75,94.06,94.26,94.02,93.82,93.63,93.44,93.28,92.54,90.91,88.81,86.95,85.32,84.23,84.58,86.73,89.01,90.83,92.38,93.75,94.67,93.54,92.64,91.98,91.15,90.69,90.21,89.05,87.04,84.70,83.37,81.78,79.74,77.46,75.29,74.13,74.04,74.56,73.56,72.75,71.98,71.11,70.14,69.67,69.38,69.11,68.82,68.58,68.60,68.78,69.00,69.18,69.19,69.27,69.44,69.54,69.37,69.28,69.81,71.48,74.50,78.02,80.73,82.53,83.90,83.34,82.44,81.88,81.94,82.08,82.52,83.18,83.90,84.33,83.67,83.27,83.16,82.71,81.98,81.22,80.25,78.80,76.76,73.73,71.33,70.06,69.63,69.34,69.25,69.13,68.70,68.10,67.32,66.11,64.50,63.14,62.46,61.65,60.67,60.00,59.89,59.88,59.88,59.86,59.78,59.65,59.51,59.38,59.28,59.25,59.25,59.28,59.36,59.45,59.48,59.53,59.58,59.43,59.27,59.01,58.67,58.40,58.15,57.87,57.45,56.90,56.49,56.32,56.39,56.69,57.16,57.63,57.96,57.98,57.47,56.83,56.37,56.21,56.48,57.18,57.47,57.57,57.51,57.09,56.43,55.63,54.77,53.93,53.09,52.28,51.53,50.86,50.22,49.83,49.61,49.51,49.50,49.45,49.43,49.40,49.34,49.26,49.18,49.11,49.04,48.95,48.81,48.62,48.44,48.33,48.18,48.10,48.06,48.03,47.96,47.95,47.90,47.80,47.64,47.37,47.11,46.87,46.63,46.34,46.09,45.92,45.86,45.93,46.01,46.09,46.20,46.33,46.42,46.49,46.57,46.65,46.70,46.36,45.70,45.01,44.87,45.97,47.39,48.89,50.48,52.22,53.38,54.25,55.01,55.60,55.77,55.86,56.12,56.73,57.58,58.43,59.24,59.91,60.17,60.40,60.63,60.80,60.83,60.77,60.70,60.66,60.63,60.56,60.56
69.46,68.27,67.18,66.13,65.05,63.97,62.91,62.11,62.41,64.34,66.73,68.91,70.66,73.43,77.18,80.69,82.49,84.23,86.00,87.89,89.71,90.63,91.19,91.69,92.21,92.66,93.39,94.10,94.81,95.51,95.84,95.75,95.56,95.38,95.15,94.56,93.28,91.34,88.85,86.96,85.58,85.42,86.92,88.88,90.60,92.20,93.70,94.66,93.50,92.08,90.55,88.75,87.62,86.64,84.91,82.46,80.75,79.97,78.11,75.22,72.44,71.15,70.63,70.52,70.58,70.29,70.04,69.84,69.63,69.33,69.06,68.93,68.81,68.60,68.58,68.56,68.53,68.54,68.59,68.69,68.86,68.97,68.79,68.37,68.34,69.06,70.98,74.39,77.54,79.97,81.87,83.58,82.48,80.93,79.95,79.92,80.00,80.25,80.79,81.69,82.79,83.80,84.38,84.54,84.23,83.28,82.46,81.72,80.93,80.00,77.69,75.08,72.97,72.08,71.44,71.21,70.99,70.28,69.38,68.34,67.04,65.46,63.87,62.78,61.66,60.57,59.98,59.84,59.81,59.79,59.73,59.65,59.56,59.47,59.41,59.44,59.45,59.45,59.47,59.55,59.69,59.77,59.89,60.02,59.82,59.66,59.44,59.20,59.01,58.79,58.51,58.02,57.24,56.55,55.82,55.48,55.62,56.08,56.59,56.98,57.00,56.43,55.91,55.48,55.20,55.22,55.85,55.98,55.91,55.73,55.31,54.61,53.79,52.94,52.10,51.31,50.62,50.11,49.79,49.53,49.37,49.26,49.20,49.19,49.18,49.17,49.17,49.14,49.07,48.99,48.95,48.91,48.77,48.67,48.53,48.35,48.15,47.99,47.95,47.91,47.84,47.77,47.76,47.71,47.63,47.52,47.29,47.01,46.74,46.51,46.26,46.03,45.94,45.98,46.06,46.13,46.25,46.38,46.47,46.54,46.62,46.70,46.77,46.83,46.62,46.05,45.27,44.76,45.55,46.88,48.38,49.88,51.19,52.16,53.02,53.82,54.51,54.69,55.00,55.60,56.52,57.54,58.39,59.20,59.91,60.17,60.40,60.60,60.70,60.66,60.58,60.55,60.51,60.45,60.38,60.41
69.58,68.30,67.12,65.97,64.82,63.67,62.56,61.80,62.42,64.05,65.95,67.68,68.83,70.50,72.96,76.02,79.26,82.00,84.04,85.88,87.69,88.99,90.03,90.76,91.24,91.67,92.43,93.20,94.01,94.97,95.85,96.56,96.90,96.87,96.77,96.56,95.73,93.98,91.04,88.61,87.07,86.52,87.18,88.87,90.45,91.97,93.44,94.53,93.67,92.26,90.63,88.65,86.41,84.48,82.26,79.80,78.07,77.09,75.60,73.34,70.68,69.72,69.46,69.39,69.36,69.34,69.31,69.27,69.23,69.18,69.04,68.95,68.88,68.75,68.77,68.72,68.63,68.52,68.42,68.35,68.39,68.48,68.53,68.47,68.64,69.45,71.25,73.95,76.24,78.17,79.80,80.95,80.05,78.70,77.72,77.51,77.52,77.71,78.27,79.38,80.90,82.36,83.46,84.19,84.56,84.31,83.72,83.11,82.65,82.26,80.56,78.46,76.60,75.53,74.65,74.16,73.70,72.75,71.46,69.79,68.09,66.45,64.78,63.41,62.09,60.86,60.03,59.86,59.82,59.79,59.73,59.66,59.61,59.57,59.55,59.62,59.64,59.64,59.75,60.27,61.45,63.16,64.38,64.65,64.53,63.48,62.15,60.97,60.33,59.63,59.14,58.59,57.76,56.78,55.58,54.85,54.79,55.11,55.56,55.95,56.01,55.44,55.00,54.58,54.20,54.07,54.55,54.55,54.34,54.02,53.50,52.77,51.97,51.26,50.72,50.19,49.72,49.43,49.31,49.22,49.14,49.06,49.00,48.97,48.97,48.97,48.95,48.91,48.88,48.83,48.80,48.74,48.62,48.54,48.41,48.25,48.09,47.94,47.82,47.73,47.66,47.61,47.58,47.54,47.49,47.39,47.18,46.92,46.64,46.39,46.16,46.03,46.03,46.11,46.19,46.26,46.39,46.52,46.59,46.67,46.75,46.83,46.90,46.97,46.88,46.37,45.58,44.88,45.13,46.28,47.78,49.26,50.46,51.31,52.05,52.78,53.44,53.96,54.65,55.56,56.64,57.75,58.63,59.38,59.96,60.18,60.40,60.57,60.63,60.51,60.40,60.36,60.34,60.27,60.22,60.27
69.57,68.24,67.01,65.78,64.55,63.31,62.15,61.43,62.34,63.68,65.14,66.52,67.48,68.16,68.88,70.80,75.31,79.30,81.74,83.51,85.14,86.73,88.26,89.25,89.73,90.12,90.85,91.67,92.57,93.62,94.96,96.56,97.64,97.98,98.18,98.38,98.02,96.56,93.48,90.51,88.72,87.73,87.60,89.02,90.42,91.80,93.19,94.41,93.89,92.69,91.25,89.43,86.26,83.36,80.75,78.43,76.65,75.40,74.56,73.41,71.10,69.87,69.47,69.44,69.55,69.72,69.83,69.84,69.79,69.78,69.66,69.50,69.30,69.11,69.08,69.01,68.89,68.72,68.50,68.22,68.03,68.06,68.45,68.86,69.27,70.06,71.52,73.17,74.50,75.86,77.09,77.44,77.01,76.17,75.36,74.98,74.88,75.07,75.77,77.12,78.90,80.40,81.79,83.10,84.20,84.83,84.63,84.18,83.92,83.77,82.75,81.50,80.30,79.21,78.22,77.47,76.72,75.59,73.81,71.44,69.20,67.42,65.73,64.27,62.93,61.64,60.44,60.17,60.11,60.09,60.08,60.03,60.06,60.09,60.13,60.21,60.30,60.48,60.94,62.07,64.24,67.43,69.64,70.05,70.00,68.11,65.69,63.50,62.18,60.83,59.96,59.22,58.24,56.99,55.42,54.36,54.09,54.25,54.59,54.94,55.01,54.51,54.10,53.66,53.23,52.99,53.27,53.14,52.80,52.36,51.78,51.09,50.39,49.88,49.70,49.48,49.27,49.15,49.14,49.12,49.06,48.98,48.90,48.84,48.82,48.82,48.78,48.73,48.72,48.71,48.67,48.59,48.51,48.43,48.32,48.21,48.12,47.97,47.76,47.60,47.51,47.48,47.41,47.38,47.35,47.26,47.06,46.83,46.56,46.28,46.08,46.09,46.16,46.23,46.31,46.39,46.52,46.64,46.72,46.80,46.88,46.95,47.03,47.10,47.11,46.68,45.90,45.13,44.80,45.69,47.13,48.61,49.85,50.64,51.28,51.89,52.47,53.39,54.52,55.73,56.91,58.07,58.99,59.65,60.02,60.20,60.40,60.53,60.54,60.39,60.23,60.17,60.12,60.06,60.09,60.15
69.25,67.79,66.59,65.30,64.05,62.82,61.68,60.96,61.45,62.67,64.06,65.34,66.12,66.62,67.16,68.33,71.09,75.46,78.38,80.50,82.33,83.59,84.82,85.85,86.61,87.16,88.29,89.74,91.10,92.13,93.59,95.21,96.86,98.33,99.17,99.56,99.54,98.74,96.49,93.37,90.68,88.94,88.57,89.63,90.80,92.03,93.33,94.47,93.92,92.78,91.46,89.85,87.11,84.14,81.29,79.00,78.10,77.64,77.44,76.81,74.68,71.68,70.27,70.11,70.73,71.41,72.03,72.30,72.28,72.25,71.91,71.33,70.56,69.73,69.58,69.47,69.30,69.09,68.85,68.56,68.22,68.02,68.24,68.62,69.09,69.67,70.45,71.52,72.42,73.37,74.20,74.31,74.23,73.69,73.03,72.63,72.30,72.55,73.52,75.18,77.07,78.98,80.63,82.01,83.13,83.82,84.15,84.20,84.06,83.94,84.07,83.80,83.03,82.15,81.31,80.50,79.61,78.30,75.96,73.11,70.39,68.16,66.48,65.47,64.70,63.74,62.26,61.52,61.45,61.58,61.59,61.62,61.88,62.13,62.28,62.39,62.86,63.98,65.59,67.35,68.50,69.92,71.00,71.33,71.21,70.13,68.67,66.98,65.00,63.16,61.56,59.99,58.36,56.78,55.11,53.95,53.51,53.65,53.91,54.08,54.03,53.60,53.21,52.77,52.34,52.04,52.05,51.74,51.27,50.77,50.42,50.04,49.69,49.44,49.35,49.33,49.28,49.24,49.23,49.18,49.15,49.06,48.96,48.94,48.89,48.83,48.79,48.76,48.71,48.70,48.66,48.58,48.50,48.43,48.37,48.34,48.29,48.15,47.94,47.70,47.47,47.31,47.22,47.19,47.16,47.08,46.97,46.73,46.45,46.23,46.16,46.21,46.28,46.36,46.44,46.52,46.64,46.77,46.85,46.92,47.00,47.08,47.16,47.23,47.29,46.93,46.22,45.44,44.76,45.24,46.40,47.82,49.15,50.06,50.75,51.34,51.89,52.90,54.39,55.97,57.27,58.44,59.37,59.91,60.10,60.25,60.38,60.44,60.41,60.26,60.10,59.95,59.81,59.79,59.98,60.05
68.87,67.21,65.80,64.55,63.38,62.18,61.14,60.60,60.78,61.71,62.94,64.08,64.63,65.07,65.60,66.54,68.55,72.43,75.48,77.82,79.63,80.64,81.53,82.36,83.05,83.52,84.69,86.48,88.40,90.09,91.99,93.68,95.63,97.84,99.56,100.16,100.37,100.06,98.50,95.36,92.52,90.56,89.91,90.73,91.83,92.90,93.84,94.39,93.89,92.78,91.45,89.95,87.41,84.63,82.08,80.25,79.88,79.94,80.11,79.79,77.99,74.64,73.03,73.16,74.49,75.34,75.94,76.19,76.19,76.13,75.78,75.21,74.45,73.51,72.72,71.77,70.62,69.52,69.23,68.91,68.50,68.13,68.05,68.33,68.74,69.20,69.66,70.23,70.76,71.29,71.72,71.73,71.77,71.47,70.95,70.40,69.83,70.31,71.56,73.39,75.39,77.46,79.29,80.80,81.92,82.64,83.39,83.92,83.84,83.08,83.31,83.58,83.50,83.17,82.67,82.45,82.10,80.83,78.16,74.72,71.40,68.83,67.62,67.23,67.01,66.53,65.48,64.89,64.94,65.15,65.20,65.23,65.53,65.84,66.04,66.16,66.63,67.80,69.41,70.94,71.36,71.71,72.05,72.23,71.88,71.16,70.25,68.81,66.16,63.93,61.95,60.05,58.18,56.46,54.76,53.51,52.95,53.11,53.31,53.31,53.09,52.71,52.30,51.87,51.45,51.12,50.96,50.65,50.24,49.85,49.67,49.52,49.42,49.35,49.32,49.36,49.37,49.36,49.32,49.28,49.25,49.16,49.06,49.03,48.95,48.88,48.84,48.83,48.78,48.75,48.71,48.65,48.57,48.52,48.50,48.50,48.48,48.34,48.13,47.86,47.56,47.34,47.19,47.07,46.98,46.93,46.85,46.63,46.39,46.25,46.27,46.33,46.41,46.49,46.56,46.64,46.77,46.90,46.97,47.05,47.13,47.20,47.28,47.36,47.44,47.16,46.55,45.77,44.93,44.89,45.63,46.96,48.29,49.33,50.14,50.76,51.28,52.29,53.92,55.72,57.25,58.66,59.59,60.05,60.15,60.25,60.31,60.32,60.26,60.12,59.88,59.52,59.27,59.28,59.56,59.71
68.33,66.46,64.74,63.58,62.55,61.43,60.57,60.34,60.35,60.89,61.79,62.72,63.03,63.44,63.97,65.05,67.34,70.24,73.13,75.52,77.07,77.97,78.56,79.04,79.41,79.63,80.53,82.34,84.77,87.53,90.12,92.06,94.13,96.69,99.35,100.25,100.60,100.56,99.50,96.52,94.13,92.43,91.52,92.22,93.26,94.08,94.43,94.06,93.79,92.77,91.38,89.89,87.32,84.92,83.10,82.05,81.80,82.06,82.35,82.15,80.75,78.31,77.23,77.92,79.95,80.70,80.85,80.85,80.82,80.71,80.52,80.30,80.00,79.38,77.72,75.55,72.88,70.32,69.76,69.29,68.82,68.35,67.94,68.05,68.36,68.77,69.21,69.35,69.54,69.67,69.73,69.73,69.74,69.61,69.19,68.41,67.77,68.55,70.01,71.77,73.82,75.78,77.68,79.37,80.55,81.36,82.48,83.34,83.16,81.40,80.94,81.40,82.22,82.67,82.72,83.45,83.98,82.84,80.19,76.23,72.38,69.75,69.44,69.79,70.08,70.14,69.95,69.89,70.00,70.16,70.24,70.18,70.35,70.59,70.78,70.85,71.03,71.50,72.19,72.84,72.93,72.96,73.02,72.97,72.27,71.47,70.60,69.02,65.61,63.13,61.18,59.44,57.75,56.06,54.36,53.06,52.40,52.58,52.73,52.57,52.20,51.81,51.37,50.98,50.61,50.27,50.05,49.88,49.70,49.55,49.47,49.44,49.46,49.49,49.49,49.49,49.49,49.46,49.41,49.39,49.33,49.25,49.17,49.09,49.02,48.95,48.90,48.90,48.89,48.84,48.80,48.78,48.71,48.69,48.70,48.70,48.67,48.53,48.31,48.05,47.76,47.52,47.30,47.05,46.84,46.81,46.73,46.54,46.38,46.33,46.38,46.46,46.53,46.60,46.68,46.76,46.88,47.00,47.08,47.15,47.23,47.30,47.38,47.45,47.52,47.33,46.83,46.08,45.25,44.68,44.90,46.10,47.34,48.50,49.43,50.11,50.63,51.55,53.16,55.07,56.91,58.74,59.66,60.06,60.18,60.20,60.20,60.16,60.07,59.91,59.50,58.91,58.52,58.58,58.87,59.16
66.86,65.13,63.60,62.43,61.52,60.75,60.24,60.13,60.12,60.29,60.66,61.14,61.38,61.65,62.02,63.08,65.65,68.53,71.29,73.45,74.75,75.58,76.12,76.54,76.87,77.13,78.00,79.55,81.69,84.44,87.50,90.19,92.81,95.51,98.27,99.76,100.33,100.28,99.57,97.32,95.01,93.53,93.33,93.81,93.98,93.90,93.59,93.00,93.50,93.19,92.08,90.40,88.21,86.44,85.24,84.59,84.28,84.33,84.52,84.27,82.78,80.99,80.36,81.08,82.77,83.47,83.58,83.54,83.41,83.02,82.74,82.47,82.12,81.56,80.50,78.95,76.50,73.42,71.34,69.94,69.12,68.59,68.10,67.90,68.17,68.60,68.89,68.74,68.81,68.86,68.84,68.88,68.84,68.67,68.22,67.53,67.68,68.57,69.56,70.55,72.16,73.92,75.63,77.20,78.50,79.70,81.25,81.94,80.84,79.31,79.12,80.02,81.47,82.53,83.39,83.93,83.80,82.53,80.60,77.31,74.36,72.97,73.57,74.87,75.87,76.20,75.70,74.95,74.13,73.61,73.54,73.30,73.34,73.53,73.69,73.63,73.64,73.86,74.23,74.57,74.41,73.82,73.22,72.72,71.84,71.09,70.12,67.97,63.32,61.07,59.72,58.50,57.14,55.56,53.88,52.56,51.88,52.01,51.98,51.68,51.26,50.88,50.51,50.26,50.06,49.87,49.69,49.64,49.63,49.62,49.59,49.59,49.60,49.62,49.62,49.62,49.58,49.55,49.52,49.51,49.45,49.38,49.28,49.17,49.08,49.04,49.00,48.96,48.96,48.94,48.92,48.90,48.84,48.87,48.89,48.89,48.86,48.72,48.51,48.24,47.95,47.71,47.48,47.20,46.94,46.79,46.58,46.45,46.41,46.43,46.51,46.55,46.61,46.68,46.75,46.79,46.87,46.97,47.04,47.07,47.14,47.21,47.28,47.31,47.34,47.21,46.90,46.37,45.56,44.83,44.70,45.47,46.66,47.84,48.72,49.32,49.87,50.76,52.43,54.52,56.66,58.80,59.72,60.05,60.13,60.13,60.10,59.98,59.76,59.36,58.79,58.12,57.75,57.88,58.22,58.54
65.20,63.90,63.06,62.36,61.55,60.65,60.02,59.96,59.95,59.91,59.93,60.06,60.23,60.36,60.55,61.37,63.63,66.50,69.11,71.15,72.46,73.23,73.75,74.18,74.57,74.97,75.88,77.27,79.08,81.48,84.65,87.90,90.94,93.75,96.43,98.43,99.20,99.20,98.97,97.78,95.91,94.66,94.60,94.53,93.88,93.02,92.18,91.69,92.66,93.11,92.67,91.35,89.70,88.39,87.58,87.21,86.89,86.72,86.70,86.31,84.85,83.56,83.30,83.93,85.13,85.77,85.89,85.78,85.49,84.88,84.47,84.01,83.42,82.69,81.98,80.99,78.98,75.84,72.68,70.47,69.31,68.77,68.23,67.78,68.03,68.42,68.50,68.17,68.17,68.20,68.16,68.19,68.15,67.96,67.60,67.26,67.86,68.61,69.16,69.61,70.65,71.95,73.23,74.50,75.91,77.36,78.92,79.40,78.14,77.13,77.77,79.30,81.10,82.48,83.85,84.13,83.48,82.36,81.25,78.88,77.20,77.31,78.79,80.88,82.27,82.63,81.83,80.16,78.25,76.87,76.41,76.08,76.04,76.12,76.19,76.05,75.89,75.72,75.57,75.43,74.86,73.81,72.81,72.04,71.07,68.96,67.22,65.16,60.89,59.15,58.26,57.42,56.32,54.93,53.34,52.04,51.32,51.37,51.15,50.82,50.48,50.18,49.92,49.81,49.76,49.71,49.62,49.69,49.85,50.00,50.04,50.06,49.91,49.75,49.75,49.73,49.68,49.65,49.64,49.62,49.56,49.47,49.38,49.25,49.17,49.16,49.15,49.10,49.08,49.08,49.06,49.03,48.99,49.03,49.06,49.07,49.03,48.91,48.70,48.43,48.14,47.90,47.65,47.38,47.11,46.86,46.58,46.43,46.38,46.42,46.49,46.50,46.55,46.62,46.69,46.70,46.75,46.82,46.88,46.90,46.96,47.03,47.08,47.09,47.09,46.99,46.79,46.43,45.77,45.05,44.64,44.90,46.05,47.16,48.06,48.75,49.34,50.13,51.75,53.90,56.19,58.47,59.48,59.90,60.05,59.96,59.80,59.57,59.20,58.65,57.99,57.31,56.98,57.21,57.56,57.88
63.59,63.08,63.52,64.06,63.36,61.52,59.99,59.84,59.83,59.82,59.83,59.85,59.88,59.90,59.98,60.28,61.31,63.89,66.25,68.33,70.04,70.75,71.26,71.73,72.24,72.88,73.89,75.35,77.03,78.90,81.72,85.01,88.19,91.06,93.69,95.94,96.88,97.09,97.59,97.73,97.01,95.98,94.95,93.87,92.72,91.45,90.34,90.17,90.97,92.06,92.84,92.76,91.78,90.60,89.86,89.66,89.47,89.21,88.88,88.30,87.18,86.24,86.24,86.78,87.49,88.08,88.16,87.88,87.36,86.66,86.10,85.36,84.39,83.19,82.05,80.94,79.15,76.43,73.27,70.70,69.37,68.81,68.22,67.69,67.89,68.15,67.97,67.62,67.56,67.56,67.53,67.48,67.46,67.34,67.32,67.58,67.84,68.16,68.53,68.97,69.42,69.91,70.46,71.29,72.72,74.10,74.96,75.36,75.34,74.94,76.99,79.35,81.14,82.48,83.79,84.03,83.59,83.13,82.72,81.36,81.06,82.69,84.94,87.41,88.67,88.74,88.04,85.52,82.62,80.31,79.18,78.89,78.80,78.71,78.58,78.38,78.03,77.12,75.95,74.91,73.69,72.55,71.65,70.98,69.95,64.35,60.91,60.08,58.82,57.84,57.02,56.19,55.22,54.15,52.75,51.50,50.73,50.63,50.28,50.07,49.98,49.87,49.76,49.73,49.75,49.84,49.93,50.13,50.50,50.91,51.05,51.13,50.56,49.99,49.94,49.86,49.80,49.78,49.76,49.69,49.62,49.54,49.46,49.37,49.30,49.33,49.36,49.34,49.28,49.27,49.23,49.17,49.16,49.17,49.22,49.24,49.17,49.08,48.89,48.62,48.33,48.09,47.80,47.54,47.30,47.06,46.82,46.51,46.27,46.18,46.23,46.25,46.29,46.36,46.44,46.45,46.50,46.55,46.57,46.63,46.70,46.76,46.78,46.83,46.79,46.67,46.47,46.16,45.78,45.27,44.68,44.40,45.47,46.45,47.51,48.57,49.18,49.78,51.16,53.13,55.36,57.53,58.77,59.51,59.87,59.57,59.18,58.76,58.30,57.76,57.15,56.52,56.26,56.55,56.87,57.19
63.58,64.14,65.25,66.38,66.32,64.66,62.22,60.07,59.76,59.74,59.74,59.74,59.75,59.78,59.82,59.92,60.30,61.58,62.75,64.00,65.36,66.04,66.75,67.64,68.72,70.04,71.59,73.15,74.77,76.65,79.23,82.27,85.34,88.28,91.07,93.35,94.43,94.88,95.64,96.28,96.40,95.86,94.67,93.34,92.01,90.37,88.71,88.12,88.92,90.28,91.56,92.31,92.48,91.85,91.32,91.19,90.99,90.70,90.42,89.99,89.19,88.65,88.69,88.98,89.30,89.52,89.47,89.20,88.53,87.08,85.82,84.74,83.61,82.31,81.23,79.63,77.51,74.90,72.03,70.14,69.11,68.58,68.14,67.62,67.63,67.78,67.74,67.67,67.66,67.64,67.60,67.55,67.48,67.33,67.22,67.29,67.33,67.56,67.93,68.33,68.64,68.95,69.28,69.77,70.63,71.36,71.88,72.32,72.86,73.77,76.57,79.20,80.93,82.14,83.37,83.99,83.92,83.23,82.84,83.18,84.42,86.44,88.31,89.99,90.83,90.91,90.51,88.91,86.69,84.32,82.30,81.53,81.19,80.77,80.16,79.29,77.94,76.23,74.60,73.48,72.29,71.24,70.37,69.25,66.39,61.77,59.04,58.24,57.49,56.66,55.84,54.98,54.04,53.04,51.86,50.86,50.25,50.18,49.99,49.88,49.84,49.80,49.80,49.80,50.23,51.20,52.16,53.04,53.92,54.78,55.44,55.41,54.51,53.25,52.09,51.26,50.53,50.04,49.85,49.80,49.70,49.58,49.48,49.42,49.44,49.51,49.55,49.54,49.47,49.42,49.36,49.30,49.30,49.34,49.41,49.42,49.35,49.27,49.04,48.78,48.52,48.28,48.02,47.77,47.54,47.30,47.00,46.66,46.36,46.14,46.02,46.00,46.03,46.10,46.14,46.18,46.25,46.29,46.31,46.38,46.42,46.48,46.54,46.50,46.42,46.31,46.12,45.84,45.53,45.15,44.70,44.41,44.99,46.13,47.40,48.48,49.06,49.64,50.88,52.65,54.64,56.36,57.35,58.03,58.41,58.11,57.77,57.44,57.12,56.72,56.23,55.74,55.56,55.88,56.22,56.54
64.24,65.71,67.22,68.72,69.44,68.37,65.51,61.51,59.99,59.68,59.67,59.67,59.68,59.73,59.76,59.77,59.79,59.87,59.91,60.27,61.06,61.64,62.42,63.51,64.96,66.89,68.95,70.70,72.40,74.42,76.82,79.53,82.39,85.34,88.30,90.63,91.96,92.73,93.59,94.40,95.08,95.10,94.21,92.96,91.59,89.68,87.47,86.03,86.64,88.06,89.67,91.14,92.40,92.47,92.23,92.07,91.85,91.56,91.37,91.14,90.66,90.46,90.44,90.49,90.50,90.37,90.10,89.65,88.66,86.48,84.61,83.29,82.07,80.63,79.50,77.44,75.08,72.71,70.43,69.39,68.74,68.25,68.03,67.61,67.50,67.59,67.77,67.98,68.04,68.02,67.96,67.94,67.81,67.61,67.35,67.07,66.94,67.09,67.37,67.68,67.98,68.29,68.56,68.81,69.03,69.04,69.24,69.61,70.42,72.82,76.13,78.94,80.81,82.01,83.04,83.74,83.70,82.60,82.00,83.87,86.47,88.72,90.19,91.09,91.56,91.73,91.59,91.16,89.90,87.78,85.16,83.81,83.03,82.17,80.97,79.21,76.86,74.55,72.73,71.77,70.78,69.86,68.90,67.18,62.88,60.26,58.72,57.68,56.76,55.87,54.98,54.08,53.13,52.13,51.13,50.36,49.95,49.91,49.90,49.86,49.81,49.82,49.88,50.20,51.28,53.24,55.07,56.64,58.03,59.30,60.36,60.20,59.08,57.30,55.12,53.53,52.04,50.98,50.41,49.97,49.77,49.63,49.50,49.47,49.60,49.94,50.04,49.74,49.64,49.56,49.49,49.43,49.45,49.52,49.59,49.61,49.54,49.46,49.21,48.94,48.70,48.48,48.25,48.02,47.77,47.52,47.16,46.82,46.50,46.20,45.89,45.79,45.79,45.83,45.85,45.92,45.98,46.03,46.05,46.12,46.15,46.22,46.27,46.15,46.06,45.94,45.76,45.51,45.22,44.91,44.64,44.46,44.55,45.99,47.42,48.38,48.93,49.53,50.67,52.21,53.84,55.00,55.68,56.22,56.58,56.32,56.07,55.89,55.71,55.48,55.19,54.91,54.87,55.20,55.56,55.90
65.56,67.09,68.75,70.55,71.97,71.81,70.02,66.40,61.05,59.61,59.54,59.54,59.54,59.56,59.60,59.64,59.66,59.72,59.75,59.84,60.05,60.25,60.47,60.75,61.47,63.35,65.45,67.70,69.89,71.93,74.25,76.71,79.25,81.95,84.97,87.58,89.53,90.91,91.78,92.48,93.12,93.61,93.71,92.98,91.67,89.78,87.26,84.30,83.96,85.19,87.18,89.41,91.12,92.02,92.17,91.79,91.60,91.32,91.07,90.89,90.76,90.60,90.53,90.44,90.28,90.16,89.45,88.09,86.16,83.94,82.26,81.05,79.71,77.75,75.66,73.64,71.83,70.36,69.35,68.78,68.29,67.92,67.87,67.81,67.91,68.11,68.33,68.55,68.65,68.67,68.64,68.58,68.44,68.23,67.98,67.68,67.41,67.10,66.92,66.99,67.23,67.53,67.83,68.05,67.99,67.54,67.15,67.00,67.81,71.63,75.28,78.52,81.22,82.81,83.36,82.78,81.59,80.32,79.44,81.60,84.88,87.94,89.98,91.14,91.75,91.97,91.83,91.66,90.70,89.04,86.92,85.09,83.53,81.99,80.13,77.38,74.75,72.49,70.82,69.99,69.11,68.28,66.94,64.70,61.76,60.24,59.15,58.11,57.17,56.16,55.13,54.11,53.12,52.12,51.16,50.44,50.04,49.92,49.90,49.89,49.88,49.88,49.90,51.42,53.73,56.22,58.37,60.17,61.78,63.16,63.90,63.61,62.61,61.10,59.16,57.31,55.45,53.91,52.46,50.31,49.82,49.69,49.59,49.65,49.79,51.13,51.44,49.95,49.77,49.69,49.61,49.57,49.63,49.71,49.78,49.81,49.73,49.65,49.40,49.12,48.91,48.73,48.51,48.24,47.97,47.71,47.35,46.97,46.63,46.32,46.02,45.76,45.59,45.52,45.59,45.66,45.70,45.73,45.80,45.87,45.93,45.95,45.91,45.82,45.74,45.62,45.43,45.14,44.88,44.59,44.34,44.18,44.15,45.98,47.50,48.19,48.74,49.34,50.39,51.64,52.73,53.31,53.85,54.36,54.69,54.47,54.23,54.05,53.89,53.75,53.81,53.95,54.19,54.55,54.88,55.24
66.86,68.41,70.22,72.25,74.16,74.19,72.50,68.72,61.54,59.56,59.45,59.45,59.42,59.42,59.46,59.52,59.53,59.59,59.62,59.62,59.63,59.66,59.67,59.71,60.03,61.22,63.04,65.23,67.53,69.75,71.75,73.99,76.37,78.88,81.62,84.08,86.24,88.06,89.45,90.78,91.66,92.34,92.87,92.65,91.53,89.46,86.43,82.64,81.66,82.58,84.58,87.12,89.27,90.90,91.80,91.79,90.91,90.00,89.11,88.34,87.85,87.48,87.15,86.77,86.35,85.94,85.13,83.81,81.88,79.32,77.50,76.23,75.11,73.78,72.27,70.97,69.89,69.03,68.50,68.23,68.07,68.00,68.14,68.30,68.49,68.69,68.90,69.13,69.28,69.36,69.33,69.25,69.11,68.89,68.61,68.29,67.93,67.45,67.09,66.95,66.92,66.97,67.09,67.28,67.45,67.31,67.21,67.27,68.03,70.98,74.09,77.09,79.75,81.47,81.65,80.63,79.11,77.88,77.50,79.68,82.81,85.87,88.18,89.91,91.09,91.73,91.75,91.88,90.70,88.66,86.36,84.52,82.69,80.20,77.07,74.09,72.03,70.41,69.17,68.42,67.61,66.66,65.21,63.21,61.40,60.38,59.46,58.45,57.45,56.35,55.26,54.21,53.20,52.21,51.55,51.21,51.12,51.21,51.22,50.90,50.57,50.78,51.28,53.38,56.13,58.88,61.34,63.47,65.33,66.76,67.22,66.85,65.90,64.42,62.36,60.25,58.16,55.82,53.12,50.42,49.83,49.75,49.71,50.21,53.16,54.86,54.26,51.73,50.55,49.98,49.74,49.69,49.74,49.81,50.00,50.16,50.17,49.96,49.64,49.36,49.13,48.94,48.72,48.46,48.18,47.87,47.50,47.11,46.76,46.45,46.14,45.83,45.57,45.39,45.35,45.38,45.41,45.46,45.55,45.65,45.69,45.66,45.57,45.47,45.41,45.29,45.09,44.88,44.71,44.48,44.30,44.19,44.09,45.49,46.70,47.32,47.96,48.69,49.59,50.53,51.31,51.59,52.05,52.54,52.84,52.64,52.59,52.59,52.61,52.67,52.90,53.18,53.50,53.87,54.19,54.56
68.28,70.01,72.06,74.24,76.26,76.13,74.06,69.76,61.75,59.51,59.39,59.37,59.30,59.29,59.34,59.39,59.40,59.46,59.48,59.48,59.48,59.49,59.50,59.58,59.73,60.04,61.34,63.24,65.50,67.85,69.48,71.47,73.72,76.07,78.40,80.53,82.62,84.69,86.74,88.94,90.26,91.14,91.83,92.10,91.22,88.90,85.30,81.17,79.70,80.27,82.05,84.58,87.10,89.26,90.85,91.34,89.76,88.05,86.28,84.65,83.54,82.86,82.23,81.56,80.79,79.83,78.98,78.09,76.70,74.00,72.11,70.85,70.12,69.85,69.50,69.13,68.76,68.38,67.96,67.93,68.11,68.37,68.66,68.98,69.29,69.59,69.87,70.17,70.45,70.57,70.53,70.36,70.12,69.77,69.36,68.92,68.47,68.01,67.62,67.30,66.94,66.63,66.48,66.61,67.16,67.65,68.17,68.69,69.27,70.30,72.54,75.03,77.26,78.88,78.78,77.75,76.38,75.33,75.88,78.00,80.61,83.17,85.53,87.80,89.63,90.81,91.12,91.53,89.91,87.14,84.34,82.44,80.39,77.11,73.03,70.40,69.20,68.39,67.65,66.94,66.18,65.05,63.66,62.23,61.29,60.47,59.62,58.69,57.62,56.49,55.39,54.34,53.35,52.48,52.29,52.47,52.83,53.22,53.39,52.81,52.21,52.71,53.72,55.84,58.49,61.32,64.08,66.52,68.58,70.04,70.27,69.85,68.93,67.41,65.20,62.87,60.50,57.19,53.21,50.52,49.88,49.80,49.93,51.26,57.71,59.26,57.39,54.16,51.76,50.45,49.93,49.87,49.89,49.99,50.31,50.67,50.80,50.40,49.98,49.63,49.38,49.15,48.92,48.68,48.39,48.02,47.63,47.24,46.89,46.58,46.27,45.97,45.66,45.38,45.17,45.11,45.15,45.22,45.30,45.42,45.41,45.34,45.26,45.13,45.10,44.98,44.82,44.74,44.65,44.52,44.43,44.37,44.18,44.77,45.50,46.16,46.93,47.82,48.59,49.27,49.88,50.03,50.44,50.88,51.14,51.01,51.20,51.44,51.67,51.95,52.24,52.50,52.80,53.17,53.50,53.86
70.43,73.06,75.74,77.74,78.71,78.52,76.52,71.33,62.06,59.44,59.26,59.25,59.18,59.16,59.21,59.26,59.27,59.29,59.30,59.30,59.30,59.35,59.41,59.49,59.59,59.78,60.37,62.22,64.55,66.52,68.14,69.70,71.50,73.62,75.84,77.71,79.55,81.51,83.63,85.96,87.98,89.63,90.81,91.28,90.66,88.26,84.40,80.41,78.45,78.66,80.14,82.28,84.81,86.81,87.97,88.17,87.49,85.84,83.56,81.34,80.09,79.33,78.72,77.95,76.76,74.80,73.31,72.35,71.61,70.49,69.75,69.18,68.83,68.75,68.49,68.30,68.26,68.34,68.39,68.58,68.80,69.02,69.31,69.79,70.71,71.77,72.71,73.38,73.95,74.19,74.00,73.34,72.58,71.66,70.63,69.63,69.10,68.63,68.22,67.83,67.35,66.88,66.49,66.41,66.92,67.46,68.01,68.36,68.31,68.19,70.11,72.52,74.61,75.91,75.47,74.46,73.33,72.62,74.15,76.55,78.80,80.67,82.78,84.75,86.52,87.94,88.72,89.23,87.29,84.25,81.23,77.81,74.56,71.85,69.81,68.33,67.43,66.71,66.03,65.36,64.61,63.56,62.34,61.19,60.52,59.96,59.36,58.63,57.69,56.61,55.52,54.46,53.60,53.37,53.70,54.34,55.07,55.48,56.24,56.54,56.71,57.31,57.66,58.79,60.82,63.65,66.55,68.97,70.99,72.40,72.53,72.09,71.29,70.09,68.36,66.16,62.86,58.62,54.16,51.27,50.15,49.87,50.63,53.67,59.88,60.58,58.45,55.80,53.31,51.31,50.38,50.30,50.43,50.69,51.05,51.44,51.63,51.15,50.56,50.04,49.64,49.40,49.17,48.91,48.59,48.20,47.82,47.43,47.08,46.77,46.46,46.15,45.84,45.53,45.21,45.02,44.98,45.01,45.03,45.08,45.07,45.05,45.01,44.91,44.89,44.88,44.86,44.83,44.76,44.70,44.63,44.50,44.23,44.22,44.60,45.31,46.14,47.05,47.91,48.66,49.17,49.30,49.57,49.88,50.12,50.22,50.44,50.71,51.01,51.30,51.52,51.78,52.10,52.48,52.80,53.16
73.73,76.41,78.56,79.91,80.19,80.03,78.63,73.86,62.66,59.41,59.16,59.12,59.05,59.04,59.08,59.14,59.14,59.14,59.14,59.14,59.15,59.23,59.32,59.42,59.54,59.70,59.90,61.41,63.46,65.20,66.88,68.22,69.68,71.44,73.33,74.99,76.69,78.49,80.40,82.52,84.73,86.81,88.48,89.52,89.67,87.68,83.94,80.25,78.01,77.46,78.22,80.10,82.36,83.97,84.63,84.50,84.48,83.75,81.97,79.86,78.49,77.43,76.44,75.32,73.82,71.63,70.11,69.34,69.09,68.92,68.82,68.71,68.54,68.31,68.19,68.26,68.48,68.81,69.27,70.07,70.82,71.39,71.88,72.88,74.21,75.53,76.62,77.36,77.88,77.93,77.44,76.60,75.74,74.82,73.65,72.07,70.66,69.55,68.78,68.30,67.76,67.20,66.68,66.38,66.61,67.09,67.60,67.90,67.81,67.52,68.91,70.69,72.25,73.23,72.56,71.39,70.22,69.86,72.69,74.90,76.47,77.85,79.70,81.25,82.72,83.96,84.46,84.25,81.82,78.79,76.28,73.06,70.11,68.26,67.41,66.56,65.76,65.03,64.35,63.68,62.85,61.96,61.06,60.24,59.73,59.33,58.86,58.26,57.46,56.50,55.50,54.64,54.19,54.48,55.08,55.90,56.78,57.46,58.89,60.13,61.01,61.53,61.45,61.52,62.77,65.50,68.46,71.20,73.39,74.74,74.73,74.28,73.48,72.40,70.98,68.90,64.07,59.20,55.44,52.71,51.15,51.28,53.33,57.53,61.42,60.88,58.65,56.49,54.17,51.98,50.97,50.99,51.21,51.57,51.95,52.27,52.34,51.82,51.16,50.55,50.03,49.67,49.40,49.10,48.75,48.36,47.98,47.59,47.23,46.93,46.62,46.31,45.98,45.61,45.21,44.97,44.89,44.87,44.86,44.84,44.84,44.84,44.83,44.78,44.77,44.80,44.85,44.86,44.84,44.81,44.72,44.49,44.17,43.91,44.06,44.65,45.53,46.45,47.37,48.14,48.55,48.70,48.89,49.12,49.36,49.61,49.85,50.11,50.38,50.61,50.80,51.07,51.41,51.78,52.13,52.52
77.89,79.64,80.19,80.52,80.64,80.58,80.17,77.09,63.91,59.65,59.08,59.01,58.93,58.91,58.95,59.01,59.01,59.01,59.01,59.01,59.02,59.09,59.22,59.37,59.53,59.68,59.84,60.74,62.17,63.87,65.58,66.88,68.09,69.35,70.66,72.17,73.86,75.55,77.06,78.72,80.59,82.62,84.75,86.67,88.03,87.05,83.99,80.69,78.38,76.68,76.31,78.02,79.70,80.81,81.10,80.80,81.02,81.91,81.60,80.26,78.79,77.19,75.45,73.77,72.25,70.82,69.99,69.71,69.71,69.54,69.40,69.31,69.01,68.35,68.44,69.00,69.57,70.07,70.88,72.54,74.23,75.54,76.41,78.23,79.70,80.73,81.40,81.79,81.89,81.42,80.54,79.84,79.34,78.98,78.17,76.15,73.20,70.78,69.28,68.68,68.13,67.54,66.97,66.50,66.28,66.63,67.10,67.57,68.02,68.44,69.04,69.69,70.36,71.00,70.24,68.73,67.31,67.35,71.51,72.94,73.45,74.50,76.18,77.33,78.34,79.00,78.55,77.02,74.11,71.41,70.03,68.74,67.59,66.62,65.77,64.92,64.07,63.32,62.62,61.93,61.02,60.34,59.84,59.44,59.04,58.64,58.17,57.60,56.94,56.20,55.39,54.90,55.08,55.69,56.33,57.02,57.86,59.11,61.25,63.33,64.76,65.03,64.84,63.95,64.34,66.89,69.84,73.24,75.81,77.11,76.95,76.48,75.53,74.31,72.88,70.79,64.09,58.89,56.80,54.66,52.90,54.08,57.85,62.36,62.44,60.48,58.25,56.31,54.23,52.40,51.69,51.91,52.22,52.59,52.96,53.13,52.89,52.37,51.77,51.15,50.55,49.99,49.62,49.26,48.88,48.49,48.10,47.72,47.37,47.05,46.74,46.42,46.04,45.59,45.16,44.96,44.86,44.81,44.80,44.73,44.71,44.71,44.71,44.70,44.70,44.70,44.73,44.79,44.85,44.82,44.66,44.35,44.00,43.84,43.87,44.19,45.08,46.00,46.93,47.65,47.94,48.11,48.33,48.56,48.80,49.09,49.34,49.58,49.78,49.89,50.09,50.38,50.71,51.11,51.49,51.93
79.79,80.64,80.84,80.99,81.12,80.96,80.61,78.48,68.52,61.93,59.11,58.93,58.85,58.80,58.80,58.84,58.88,58.88,58.88,58.88,58.88,58.88,59.03,59.21,59.37,59.57,59.77,60.36,61.42,62.90,64.20,64.90,65.48,66.14,66.90,68.33,70.08,71.85,73.41,74.87,76.31,78.08,80.30,82.47,84.38,85.29,84.66,81.89,79.20,76.75,75.32,75.75,76.92,77.73,78.07,78.20,79.03,80.90,81.91,81.65,80.16,78.22,76.26,74.93,74.68,75.24,75.53,75.52,75.14,74.23,73.42,72.55,71.26,69.49,69.03,70.57,72.49,74.18,75.91,77.24,78.76,80.25,81.21,83.16,84.80,85.78,85.97,85.72,85.20,84.29,83.18,82.51,82.07,81.69,80.94,79.20,76.13,72.36,69.78,68.97,68.41,67.80,67.23,66.70,66.31,66.45,66.94,67.54,68.17,68.80,69.02,69.23,69.58,69.87,69.04,67.43,66.38,67.50,70.26,70.25,69.54,69.75,71.63,72.71,73.24,73.34,72.85,71.85,70.29,68.75,67.66,66.80,65.87,64.97,64.12,63.27,62.42,61.60,60.95,60.55,60.06,59.56,59.16,58.88,58.49,58.03,57.52,56.96,56.38,56.01,55.67,55.48,55.68,56.36,57.11,57.90,58.91,60.64,63.54,66.38,68.29,68.46,67.81,66.36,66.11,68.08,71.16,74.97,77.75,79.06,78.91,78.51,77.30,75.58,73.55,70.90,63.73,58.47,56.85,55.57,55.18,57.13,60.74,63.99,62.27,59.88,57.77,55.94,54.04,52.90,52.62,52.91,53.28,53.66,53.86,53.81,53.42,52.89,52.32,51.75,51.15,50.46,49.89,49.45,49.06,48.67,48.24,47.88,47.55,47.22,46.83,46.43,46.00,45.53,45.10,44.94,44.85,44.79,44.73,44.66,44.61,44.58,44.58,44.58,44.55,44.52,44.55,44.62,44.66,44.65,44.48,44.15,43.89,43.78,43.76,43.95,44.66,45.56,46.48,47.15,47.33,47.53,47.79,48.04,48.28,48.54,48.78,49.01,49.20,49.29,49.46,49.70,50.05,50.52,50.95,51.41
80.92,81.18,81.36,81.48,81.51,81.21,80.74,79.26,72.86,64.48,59.57,59.04,58.88,58.75,58.68,58.67,58.73,58.73,58.73,58.73,58.72,58.66,58.80,58.99,59.17,59.38,59.59,59.99,60.71,61.77,62.53,62.70,62.79,62.99,63.29,64.38,65.80,67.38,69.01,70.42,71.69,73.34,75.66,77.98,80.33,82.79,84.39,82.86,80.11,77.23,74.85,73.65,74.11,74.66,75.20,76.03,77.77,80.35,82.03,82.38,81.31,79.41,77.67,76.98,77.91,79.82,80.68,80.79,80.30,79.14,77.89,76.44,74.40,71.75,70.80,73.02,75.87,78.24,80.38,81.22,82.38,83.85,84.99,86.98,88.53,89.31,89.21,88.64,87.88,86.82,85.58,84.59,83.77,83.04,82.20,80.76,77.68,73.14,69.96,69.05,68.45,67.83,67.23,66.73,66.45,66.57,67.10,67.71,68.22,68.72,68.80,68.91,69.14,69.19,68.38,66.75,66.05,67.94,69.30,68.23,66.78,66.52,68.53,69.46,69.61,69.33,68.85,68.37,67.90,67.25,66.34,65.56,64.47,63.42,62.54,61.72,60.99,60.29,59.76,59.59,59.42,59.05,58.67,58.37,57.98,57.53,57.10,56.69,56.27,56.21,56.22,56.22,56.31,56.84,57.64,58.54,59.74,61.99,65.47,68.80,71.06,71.31,70.30,68.58,67.86,69.28,72.82,76.78,79.34,80.30,80.20,79.97,78.83,76.71,73.50,69.43,62.96,58.47,57.10,56.55,57.32,60.30,63.73,64.63,61.74,59.23,57.26,55.51,54.03,53.61,53.71,54.02,54.36,54.69,54.69,54.41,53.93,53.39,52.85,52.31,51.72,50.94,50.20,49.65,49.23,48.84,48.40,48.01,47.67,47.32,46.88,46.43,45.98,45.50,45.05,44.91,44.83,44.76,44.70,44.62,44.54,44.49,44.47,44.46,44.40,44.37,44.37,44.43,44.44,44.42,44.27,43.98,43.82,43.74,43.69,43.78,44.27,45.12,46.01,46.62,46.73,46.97,47.25,47.52,47.77,48.00,48.23,48.45,48.63,48.73,48.88,49.11,49.48,50.00,50.49,50.97
81.49,81.77,82.03,82.02,81.71,81.24,80.75,79.66,75.22,66.67,60.82,59.48,59.10,58.82,58.63,58.54,58.55,58.55,58.55,58.55,58.53,58.47,58.53,58.69,58.90,59.07,59.23,59.52,59.86,60.17,60.34,60.37,60.38,60.42,60.48,60.70,61.02,61.73,63.30,64.87,66.46,68.42,70.94,73.51,76.38,79.35,81.97,83.06,81.02,78.14,74.97,71.94,71.31,71.55,72.43,74.20,77.26,80.31,81.47,81.43,81.58,80.37,79.49,79.64,80.99,82.44,82.60,82.63,82.82,82.68,81.75,80.48,78.53,75.74,74.68,76.81,79.31,80.98,82.25,82.83,83.72,85.04,86.64,88.81,89.75,89.94,89.93,89.81,89.61,88.95,87.68,85.76,83.81,82.37,81.27,79.85,76.39,72.21,69.50,68.76,68.08,67.40,66.77,66.39,66.67,67.16,67.76,68.13,68.11,68.09,68.28,68.57,68.87,68.90,68.29,66.75,66.03,67.83,68.88,67.80,66.66,66.83,68.66,69.17,69.13,68.82,68.10,67.33,66.59,65.97,65.43,64.66,63.35,62.09,61.10,60.35,60.00,59.74,59.49,59.27,59.05,58.70,58.29,57.87,57.49,57.19,57.09,57.12,57.10,57.15,57.17,57.17,57.17,57.18,57.87,58.79,60.14,63.02,66.74,70.07,72.41,73.07,71.98,70.44,69.54,70.55,75.18,78.91,80.42,80.36,80.30,80.35,80.00,77.83,72.54,65.67,61.57,59.34,58.31,58.14,58.99,63.59,67.60,64.73,61.06,58.58,56.66,55.07,54.48,54.69,55.01,55.26,55.50,55.64,55.38,54.91,54.44,53.90,53.36,52.82,52.21,51.38,50.56,49.88,49.35,48.96,48.56,48.09,47.64,47.26,46.87,46.47,46.03,45.54,45.00,44.84,44.77,44.71,44.69,44.62,44.54,44.47,44.41,44.34,44.32,44.27,44.23,44.25,44.25,44.20,44.09,43.91,43.81,43.74,43.67,43.65,43.87,44.67,45.47,46.00,46.16,46.45,46.71,46.97,47.25,47.49,47.72,47.92,48.08,48.22,48.38,48.67,49.08,49.58,50.16,50.65
82.34,82.45,82.40,82.06,81.58,81.13,80.70,79.58,75.15,68.06,62.75,60.58,59.75,59.32,59.09,58.89,58.61,58.41,58.36,58.36,58.34,58.28,58.29,58.41,58.60,58.74,58.84,59.04,59.27,59.40,59.41,59.41,59.41,59.41,59.41,59.45,59.51,59.81,60.65,61.56,62.53,63.93,66.11,69.09,72.61,76.13,79.35,81.70,80.98,78.20,74.45,70.87,69.85,69.94,70.97,73.14,76.61,80.00,80.99,80.57,80.92,81.19,81.12,81.49,82.45,82.39,81.74,81.50,81.86,82.43,82.47,82.18,81.05,78.90,78.48,79.78,81.44,82.65,82.75,82.80,83.08,83.95,85.89,87.75,89.24,90.06,90.06,90.05,90.02,88.44,85.67,83.78,81.91,80.14,78.41,76.44,73.30,70.62,68.94,68.22,67.52,66.82,66.53,66.64,67.01,67.28,67.50,67.59,67.56,67.76,67.96,68.29,68.65,68.61,68.13,66.72,66.04,67.69,68.41,67.34,66.54,67.06,68.38,68.66,68.69,68.48,67.65,66.86,66.09,65.39,64.75,63.82,62.70,61.52,60.46,59.88,59.60,59.41,59.22,58.95,58.68,58.44,58.15,57.82,57.54,57.36,57.46,57.73,57.91,58.03,58.13,58.16,58.11,58.01,58.32,58.98,60.41,63.71,67.63,70.98,73.52,74.84,73.72,72.22,71.81,73.48,77.43,80.20,80.79,80.11,80.15,80.44,79.92,77.05,70.96,65.54,62.36,60.56,60.03,61.39,63.87,67.19,68.45,64.09,60.36,57.94,56.30,55.35,55.48,55.93,56.29,56.48,56.53,56.36,55.93,55.42,54.93,54.33,53.57,52.79,52.02,51.21,50.46,49.61,48.80,48.23,47.69,47.28,46.98,46.72,46.38,46.03,45.64,45.24,44.94,44.83,44.75,44.69,44.64,44.57,44.50,44.41,44.34,44.30,44.27,44.20,44.16,44.15,44.11,44.05,43.97,43.89,43.81,43.74,43.66,43.61,43.71,44.27,44.91,45.40,45.63,45.90,46.17,46.46,46.75,46.98,47.18,47.38,47.60,47.90,48.17,48.52,48.92,49.37,49.90,50.38
83.09,82.95,82.55,81.89,81.32,80.92,80.33,78.65,73.81,68.66,64.74,62.57,61.80,61.41,61.14,60.70,59.79,58.72,58.31,58.22,58.17,58.09,58.06,58.13,58.26,58.37,58.40,58.55,58.76,58.89,58.92,58.92,58.92,58.92,58.92,58.99,59.06,59.14,59.27,59.44,59.68,60.35,61.92,64.87,68.77,72.80,76.61,79.72,80.39,77.77,73.64,70.09,68.91,68.95,70.00,72.23,75.75,79.35,80.50,80.02,80.12,81.53,82.15,82.61,83.06,81.54,80.25,79.74,80.05,80.98,81.85,82.45,82.22,80.95,81.17,81.55,82.29,83.07,82.29,81.68,81.13,81.30,83.27,84.40,86.48,88.09,88.19,88.31,88.22,85.76,81.79,80.09,78.62,76.87,74.83,72.59,70.18,69.03,68.31,67.59,66.92,66.34,66.41,66.88,67.14,67.06,66.91,66.88,67.08,67.47,67.69,68.04,68.43,68.32,67.91,66.66,66.05,67.50,67.94,66.88,66.39,67.22,67.95,68.12,68.28,68.22,67.30,66.56,65.81,65.05,64.23,63.16,62.30,61.28,60.20,59.77,59.44,59.22,59.02,58.76,58.48,58.35,58.19,57.97,57.81,57.71,57.94,58.39,58.71,58.96,59.17,59.28,59.23,59.06,58.92,59.26,60.73,64.35,68.44,71.97,74.84,76.66,75.56,74.07,74.13,76.42,79.33,81.04,80.89,79.84,79.97,80.53,79.31,75.48,69.41,66.33,63.62,61.98,62.24,65.09,68.81,69.94,67.87,62.97,59.57,57.41,56.25,56.10,56.72,57.23,57.52,57.60,57.44,56.98,56.44,55.89,55.29,54.56,53.58,52.54,51.59,50.81,50.13,49.13,48.01,47.21,46.52,46.22,46.11,46.00,45.75,45.47,45.17,44.90,44.88,44.81,44.73,44.66,44.60,44.52,44.44,44.37,44.30,44.28,44.22,44.15,44.10,44.08,44.02,43.95,43.90,43.87,43.80,43.73,43.66,43.60,43.62,43.91,44.37,44.81,45.10,45.35,45.64,45.95,46.25,46.49,46.70,46.92,47.23,47.67,48.05,48.45,48.84,49.25,49.69,50.16
83.22,82.70,82.25,81.57,80.95,80.51,79.00,75.31,70.88,67.47,66.17,66.96,68.25,68.48,68.09,67.01,64.57,60.55,58.79,58.26,58.05,57.96,57.86,57.82,57.84,57.83,57.88,58.05,58.26,58.39,58.46,58.48,58.48,58.48,58.48,58.54,58.59,58.64,58.78,58.93,59.14,59.47,60.06,61.26,64.44,68.88,73.68,77.29,78.97,76.61,72.54,69.50,68.29,68.37,69.21,70.97,74.35,77.85,79.89,80.38,79.86,80.44,81.32,82.20,82.53,80.86,79.70,79.18,79.18,79.62,80.10,80.44,80.45,80.08,80.11,80.07,80.19,80.41,80.08,78.66,76.86,75.85,76.85,76.44,77.86,79.52,80.12,80.76,80.24,78.52,76.07,73.97,72.68,71.76,70.94,70.04,68.98,68.20,67.56,66.97,66.48,66.42,66.45,66.43,66.34,66.20,66.23,66.63,67.30,67.05,67.34,67.85,68.22,68.02,67.55,66.50,66.03,67.26,67.48,66.41,66.14,67.23,67.49,67.67,67.97,68.00,66.99,66.19,65.47,64.73,63.94,63.09,62.29,61.37,60.40,59.85,59.50,59.25,59.08,58.99,58.86,58.77,58.62,58.40,58.19,58.14,58.45,59.00,59.49,60.09,60.55,60.85,60.89,60.35,59.80,59.94,61.44,65.21,69.41,73.67,77.16,78.59,77.73,76.34,75.98,77.44,80.13,81.25,80.85,79.88,80.02,81.02,78.25,73.32,68.66,66.22,64.05,63.68,65.56,68.47,70.42,69.37,65.78,61.01,58.56,57.26,56.98,57.66,58.10,58.56,58.65,58.38,58.00,57.49,56.95,56.23,55.19,54.20,53.19,52.15,51.14,50.36,49.52,48.41,47.17,46.12,45.47,45.27,45.24,45.21,45.14,45.06,44.95,44.83,44.82,44.75,44.67,44.62,44.59,44.52,44.44,44.36,44.29,44.23,44.16,44.11,44.09,44.02,43.95,43.91,43.87,43.81,43.74,43.71,43.66,43.59,43.55,43.61,43.92,44.29,44.55,44.83,45.13,45.44,45.75,46.05,46.41,46.78,47.14,47.54,47.93,48.36,48.78,49.17,49.58,50.03
82.79,82.13,81.69,81.09,80.55,79.40,76.97,73.02,69.84,68.08,68.74,71.36,72.94,72.78,72.10,70.96,68.66,65.08,63.08,61.11,58.65,58.28,58.05,57.93,57.91,57.84,57.82,57.75,57.75,57.89,57.97,57.99,58.01,58.03,58.03,58.10,58.13,58.17,58.30,58.45,58.64,58.83,59.05,59.49,61.41,65.07,69.89,74.28,76.25,74.40,71.12,68.83,67.58,67.70,68.52,70.08,73.13,77.15,79.70,80.41,79.70,79.86,80.69,81.70,82.11,80.32,79.25,78.84,78.83,78.94,79.12,79.14,79.07,78.99,78.84,78.75,78.87,79.21,79.50,78.56,77.22,76.29,76.42,74.92,74.89,75.27,75.08,75.07,74.41,73.14,71.47,69.98,69.47,69.17,68.85,68.50,68.05,67.43,66.89,66.58,66.37,66.50,66.55,66.46,66.33,66.05,66.31,66.72,66.85,66.66,67.08,67.66,68.01,67.72,67.22,66.34,65.94,66.84,66.99,66.09,65.94,66.92,66.98,67.23,67.68,67.78,66.69,65.86,65.12,64.38,63.61,62.87,62.10,61.30,60.53,59.96,59.62,59.39,59.26,59.28,59.27,59.21,59.07,58.83,58.61,58.54,58.84,59.44,60.27,61.67,62.70,63.35,63.59,63.02,62.19,61.76,62.53,65.89,69.98,74.92,79.05,80.08,79.49,78.45,77.90,78.55,80.88,81.75,81.16,80.13,80.44,80.61,76.50,71.24,68.07,66.06,64.95,65.57,67.96,70.71,70.83,67.97,63.62,59.78,58.03,57.53,57.97,59.09,59.69,59.78,59.50,59.02,58.49,57.95,57.28,56.36,55.13,53.96,52.84,51.74,50.69,49.81,48.84,47.72,46.50,45.44,45.00,44.90,44.89,44.87,44.87,44.87,44.82,44.77,44.75,44.69,44.63,44.59,44.55,44.48,44.41,44.32,44.25,44.20,44.13,44.09,44.04,43.97,43.91,43.88,43.83,43.76,43.71,43.68,43.64,43.58,43.51,43.47,43.63,43.90,44.17,44.47,44.78,45.09,45.41,45.75,46.19,46.61,47.00,47.41,47.80,48.23,48.64,49.03,49.45,49.92
82.02,81.36,80.94,80.41,79.90,77.76,74.73,71.97,70.58,70.41,72.34,75.51,76.17,75.06,74.02,73.16,71.94,70.69,69.18,65.59,60.23,59.01,58.53,58.35,58.34,58.26,58.14,57.76,57.45,57.51,57.53,57.51,57.53,57.59,57.59,57.65,57.68,57.70,57.80,57.94,58.09,58.28,58.54,58.91,59.48,61.65,65.70,70.86,72.77,71.64,69.53,68.06,66.77,66.98,67.97,69.58,72.41,77.23,79.88,80.19,79.61,79.64,80.19,81.06,81.61,79.89,78.98,78.78,78.92,78.89,78.91,78.68,78.38,78.23,77.98,78.05,78.48,79.24,80.05,80.27,80.27,80.16,79.60,77.54,75.85,74.34,72.75,71.51,70.82,69.66,68.20,67.78,68.28,68.33,67.97,67.60,67.32,66.80,66.46,66.47,66.58,66.67,66.78,66.87,66.80,66.40,66.80,66.88,66.07,66.33,66.89,67.47,67.80,67.41,66.89,66.17,65.79,66.34,66.47,65.88,65.78,66.42,66.42,66.79,67.38,67.57,66.39,65.54,64.77,64.01,63.26,62.58,61.86,61.22,60.67,60.13,59.81,59.61,59.53,59.62,59.80,59.86,59.72,59.37,59.06,58.94,59.16,59.76,60.97,63.33,65.13,66.30,66.88,66.52,65.53,64.35,63.99,66.54,70.45,75.88,80.45,81.20,80.94,80.41,79.90,79.92,81.73,82.45,81.73,80.64,80.98,79.50,74.44,69.48,67.66,66.08,66.22,67.55,69.69,71.92,70.23,66.03,61.56,59.14,57.95,58.14,59.14,60.47,61.33,60.91,60.21,59.58,58.96,58.37,57.48,56.35,55.10,53.82,52.58,51.38,50.26,49.23,48.16,47.06,45.98,45.07,44.90,44.89,44.87,44.81,44.80,44.80,44.75,44.70,44.69,44.63,44.59,44.56,44.49,44.41,44.34,44.27,44.21,44.19,44.12,44.05,43.98,43.91,43.89,43.84,43.77,43.71,43.69,43.64,43.60,43.57,43.51,43.43,43.47,43.63,43.91,44.22,44.53,44.84,45.17,45.55,46.00,46.42,46.83,47.27,47.67,48.06,48.45,48.86,49.32,49.84
81.27,80.56,79.99,79.14,78.06,75.70,73.70,73.57,73.94,75.52,77.31,78.57,78.41,77.03,75.85,74.91,73.81,72.86,71.56,68.92,64.62,60.42,59.20,59.02,59.01,58.98,58.93,58.67,58.28,57.83,57.41,57.15,57.08,57.14,57.15,57.17,57.18,57.20,57.29,57.44,57.55,57.73,58.01,58.31,58.75,59.87,62.40,67.20,69.51,69.43,68.25,66.98,65.76,66.46,67.85,69.80,73.63,78.64,80.51,79.95,79.55,79.40,79.50,79.77,80.04,79.64,79.53,79.63,79.78,79.81,79.85,79.80,79.69,79.58,79.47,79.55,79.80,80.22,80.70,80.98,81.15,81.06,80.36,78.94,77.06,75.09,73.28,71.86,70.70,69.31,67.87,67.31,67.78,67.69,67.19,66.88,66.92,66.91,66.95,67.11,67.31,67.41,67.51,67.46,67.07,66.84,66.72,66.40,65.91,66.15,66.70,67.28,67.58,67.12,66.58,65.97,65.62,65.86,65.96,65.72,65.66,65.89,65.86,66.34,67.08,67.37,66.13,65.19,64.42,63.70,63.02,62.56,62.09,61.66,61.21,60.59,60.13,59.86,59.80,60.04,60.93,61.65,61.51,60.42,59.57,59.33,59.44,59.92,61.23,63.80,66.37,68.50,69.75,69.67,68.58,67.13,66.18,67.59,71.76,76.94,81.02,81.95,82.24,82.12,81.93,82.09,83.26,83.05,82.44,81.81,80.83,77.82,73.08,69.09,67.73,67.03,67.68,69.32,71.23,71.50,67.92,63.54,60.15,58.97,58.66,59.19,60.44,62.03,62.56,61.96,61.07,60.23,59.45,58.62,57.56,56.34,55.06,53.79,52.51,51.26,50.05,48.85,47.66,46.51,45.53,44.97,44.85,44.84,44.82,44.79,44.75,44.73,44.70,44.63,44.63,44.56,44.50,44.46,44.43,44.36,44.31,44.26,44.19,44.14,44.06,44.02,43.98,43.90,43.85,43.81,43.77,43.70,43.65,43.61,43.57,43.53,43.50,43.43,43.42,43.49,43.67,43.96,44.27,44.61,44.97,45.36,45.81,46.25,46.69,47.10,47.49,47.87,48.28,48.73,49.24,49.81
80.41,79.54,78.70,77.58,76.29,74.72,74.27,75.94,77.22,79.16,80.38,80.41,79.85,78.64,77.44,76.22,74.72,73.56,72.25,70.31,67.06,61.70,60.17,60.01,60.03,60.05,59.91,59.75,59.42,58.80,58.17,57.67,57.37,57.23,57.07,56.95,56.84,56.76,56.79,56.91,57.00,57.16,57.44,57.66,58.10,58.72,60.25,64.07,66.91,67.66,67.03,65.86,65.00,66.14,67.84,70.08,74.57,79.30,80.88,80.18,79.64,79.42,79.34,79.34,79.47,79.86,80.22,80.46,80.59,80.65,80.72,80.82,80.87,80.84,80.82,80.85,80.95,81.13,81.35,81.58,81.66,81.44,80.70,79.81,78.07,76.07,74.28,72.76,71.22,69.67,68.29,67.48,67.50,67.22,66.82,66.82,67.13,67.45,67.74,67.97,68.11,68.19,68.11,67.74,66.99,66.90,66.62,66.22,65.91,66.00,66.51,67.06,67.33,66.81,66.27,65.79,65.52,65.57,65.58,65.55,65.50,65.47,65.44,65.96,66.80,67.17,65.91,65.00,64.33,63.75,63.20,62.88,62.57,62.22,61.77,61.08,60.53,60.31,60.40,60.95,62.72,64.30,64.56,63.13,61.17,60.15,59.87,60.21,61.39,63.95,66.89,69.51,71.30,72.07,71.31,69.82,68.55,69.38,73.78,78.33,81.52,82.63,83.34,83.56,83.64,83.85,84.38,83.50,82.77,82.05,79.81,75.99,72.08,69.23,68.23,68.13,69.00,70.78,72.33,70.57,65.94,62.02,59.90,59.87,60.28,61.07,62.34,63.76,63.76,62.99,61.99,60.94,59.89,58.80,57.62,56.37,55.08,53.84,52.55,51.29,50.09,48.86,47.53,46.23,45.24,44.93,44.82,44.79,44.77,44.76,44.69,44.67,44.63,44.58,44.56,44.50,44.42,44.38,44.36,44.29,44.26,44.22,44.16,44.08,44.02,43.99,43.95,43.90,43.82,43.79,43.75,43.69,43.62,43.60,43.56,43.50,43.50,43.43,43.39,43.39,43.48,43.74,44.05,44.38,44.75,45.14,45.61,46.08,46.52,46.91,47.32,47.73,48.16,48.66,49.20,49.82
79.41,78.30,77.10,75.93,75.05,75.26,76.57,78.65,79.78,80.46,80.85,80.90,80.44,79.78,78.64,76.90,74.63,73.04,71.47,69.45,66.59,62.73,61.58,61.42,61.48,61.52,61.08,60.86,60.72,60.40,59.93,59.22,58.56,58.03,57.49,57.11,56.75,56.46,56.34,56.39,56.46,56.59,56.80,56.97,57.32,58.04,59.38,61.80,65.16,66.35,65.84,64.78,64.55,66.01,67.89,70.25,74.72,78.76,80.80,80.98,79.96,79.78,79.89,80.08,80.31,80.63,80.89,81.09,81.21,81.23,81.30,81.42,81.53,81.58,81.53,81.52,81.59,81.75,81.99,82.22,82.16,81.75,80.99,80.25,78.77,77.02,75.34,73.62,71.89,70.35,69.08,68.09,67.34,66.92,66.97,67.59,68.05,68.42,68.73,68.95,68.91,68.87,68.42,67.55,66.58,66.51,66.65,66.52,66.01,65.87,66.32,66.83,67.01,66.49,65.95,65.64,65.53,65.52,65.41,65.37,65.34,65.27,65.23,65.68,66.53,66.97,65.74,65.02,64.59,64.23,63.88,63.57,63.26,62.84,62.27,61.54,61.02,61.00,61.40,62.41,65.12,67.63,68.74,67.62,64.16,61.66,60.67,60.82,61.61,63.97,66.67,69.13,71.18,73.40,73.56,72.43,71.18,72.18,76.55,80.07,82.14,83.30,84.20,84.67,84.86,84.88,84.86,83.74,82.53,81.00,77.92,74.17,71.42,69.78,69.19,69.31,70.25,71.88,72.76,69.34,64.81,61.99,61.21,62.16,62.99,63.94,64.94,65.60,64.97,64.00,62.91,61.67,60.23,58.94,57.69,56.45,55.21,53.97,52.67,51.47,50.39,49.32,47.85,46.31,45.17,44.92,44.82,44.75,44.71,44.70,44.63,44.61,44.57,44.51,44.50,44.44,44.36,44.31,44.30,44.23,44.16,44.12,44.10,44.04,44.01,43.97,43.91,43.89,43.82,43.75,43.71,43.69,43.62,43.60,43.56,43.50,43.49,43.43,43.36,43.32,43.36,43.56,43.85,44.17,44.50,44.89,45.40,45.89,46.34,46.73,47.18,47.64,48.13,48.66,49.22,49.87
78.53,77.53,76.75,76.47,76.28,77.19,78.67,80.01,80.82,81.24,81.33,81.10,80.61,80.00,78.37,75.93,73.36,71.67,69.83,67.84,65.89,64.36,63.86,63.57,63.26,63.03,62.40,61.99,61.77,61.59,61.19,60.54,59.93,59.37,58.61,58.05,57.48,56.93,56.52,56.34,56.27,56.24,56.26,56.26,56.56,57.22,58.57,61.32,64.33,65.33,64.83,63.91,63.89,65.51,67.58,69.97,73.79,77.57,80.20,81.31,80.68,80.37,80.46,80.70,80.98,81.29,81.51,81.67,81.80,81.85,81.92,82.02,82.14,82.24,82.26,82.26,82.29,82.39,82.62,82.85,82.67,82.11,81.35,80.61,79.36,77.79,76.08,74.35,72.68,71.18,69.84,68.57,67.19,66.93,67.51,68.38,68.90,69.53,70.01,70.11,69.75,69.17,68.05,66.86,66.59,67.04,67.09,66.72,66.14,65.74,66.13,66.59,66.70,66.18,65.71,65.65,65.82,65.90,65.78,65.74,65.72,65.68,65.61,65.58,66.22,66.75,65.60,65.33,65.11,64.83,64.52,64.22,63.91,63.44,62.78,62.04,61.60,61.72,62.27,63.41,66.27,68.82,70.23,69.91,67.53,64.78,63.45,63.28,63.15,63.92,65.79,67.96,69.98,72.46,74.47,75.61,76.10,77.03,79.56,81.68,83.09,84.04,84.78,85.11,85.19,85.14,84.93,83.30,81.51,79.69,77.03,73.68,71.41,70.32,70.39,71.45,72.84,73.09,71.53,68.22,65.32,64.46,65.18,66.43,67.00,67.30,67.37,67.06,66.04,64.66,63.24,61.81,60.27,59.02,57.83,56.61,55.33,54.09,52.83,51.69,50.73,49.84,48.47,46.82,45.43,44.95,44.82,44.74,44.70,44.69,44.62,44.60,44.56,44.49,44.45,44.41,44.35,44.30,44.29,44.22,44.17,44.16,44.16,44.21,44.15,44.06,43.99,43.90,43.82,43.75,43.70,43.69,43.62,43.56,43.52,43.49,43.45,43.41,43.35,43.30,43.31,43.36,43.61,43.92,44.26,44.68,45.17,45.67,46.16,46.59,47.05,47.60,48.19,48.79,49.45,50.07
78.11,77.40,77.17,77.68,78.07,79.17,80.34,80.93,81.48,81.82,81.72,81.19,80.59,79.75,77.60,74.62,71.88,70.22,68.58,67.14,66.30,66.43,66.29,65.80,65.10,64.46,63.74,63.18,62.82,62.66,62.30,61.75,61.20,60.60,59.64,58.96,58.27,57.54,56.89,56.51,56.31,56.15,56.01,55.90,56.05,56.46,57.73,61.09,63.61,64.29,63.80,63.01,63.09,64.81,67.03,69.47,72.72,76.42,79.51,81.37,81.35,80.98,81.03,81.30,81.60,81.90,82.09,82.25,82.39,82.48,82.56,82.63,82.73,82.87,82.96,83.00,83.00,83.05,83.25,83.46,83.17,82.48,81.71,80.93,79.89,78.49,76.75,75.09,73.53,72.10,70.74,69.27,67.56,67.41,68.32,69.39,70.12,71.03,71.57,71.42,70.68,69.39,67.69,66.46,67.01,67.71,67.52,66.89,66.28,65.69,65.97,66.34,66.38,65.88,65.59,65.78,66.18,66.40,66.29,66.26,66.26,66.23,66.10,65.55,65.92,66.47,65.46,65.64,65.69,65.48,65.17,64.86,64.52,64.00,63.29,62.56,62.22,62.45,63.07,64.16,66.81,69.19,70.83,71.36,70.34,67.86,66.39,65.94,65.19,64.60,65.39,66.91,68.67,71.00,74.52,77.85,80.18,81.10,82.06,83.11,84.06,84.69,85.15,85.25,85.19,84.96,84.27,82.22,80.10,78.20,76.10,73.34,71.64,71.12,71.83,73.67,74.88,73.58,70.11,67.63,66.62,67.34,68.89,70.04,70.29,69.97,69.25,68.16,66.78,65.00,63.28,61.71,60.18,59.05,57.94,56.76,55.48,54.24,53.01,51.94,51.09,50.33,49.09,47.38,45.77,45.00,44.84,44.77,44.71,44.69,44.62,44.60,44.56,44.48,44.43,44.41,44.36,44.31,44.29,44.23,44.24,44.26,44.30,44.42,44.32,44.20,44.09,43.96,43.87,43.77,43.71,43.69,43.61,43.54,43.50,43.48,43.41,43.39,43.34,43.29,43.27,43.22,43.39,43.67,44.03,44.48,44.95,45.45,45.96,46.45,47.00,47.67,48.35,49.02,49.76,50.34
78.70,78.55,78.68,79.17,79.71,80.40,81.08,81.63,82.17,82.26,81.89,81.16,80.38,78.95,76.52,73.48,70.60,69.08,68.83,69.14,69.52,69.25,68.58,67.78,66.86,65.71,65.02,64.47,64.04,63.76,63.38,62.86,62.18,61.25,60.02,59.32,58.71,58.05,57.39,56.92,56.69,56.55,56.47,56.43,56.18,55.98,56.80,60.37,62.56,63.06,62.58,61.94,62.11,63.83,66.11,68.72,72.02,75.77,78.93,81.05,81.66,81.46,81.60,81.92,82.17,82.47,82.66,82.81,82.97,83.10,83.19,83.27,83.35,83.44,83.58,83.66,83.69,83.73,83.89,84.01,83.59,82.80,82.02,81.25,80.38,79.14,77.46,75.94,74.45,73.15,71.96,70.61,69.16,68.87,69.57,70.88,72.33,73.36,73.63,73.01,71.79,69.66,67.78,67.05,68.19,68.14,67.64,67.03,66.41,65.81,65.91,66.11,66.06,65.60,65.72,66.09,66.55,66.89,66.79,66.80,66.81,66.72,66.48,65.60,65.69,66.14,65.28,65.78,66.17,66.18,65.87,65.56,65.11,64.51,63.79,63.08,62.91,63.21,63.77,64.59,66.61,68.88,70.91,72.16,71.57,69.83,68.52,67.91,67.64,67.09,66.59,66.64,67.72,69.63,73.33,77.44,80.78,82.01,83.19,84.16,84.83,85.06,85.13,85.09,84.91,84.21,82.03,79.99,78.21,76.49,74.49,72.52,72.00,72.52,73.67,75.49,74.74,72.22,69.22,68.24,68.86,69.70,70.35,70.79,71.02,70.66,69.84,68.57,66.75,64.79,62.97,61.37,59.98,58.95,57.95,56.85,55.66,54.43,53.20,52.19,51.45,50.66,49.49,47.83,46.11,45.05,44.89,44.83,44.76,44.69,44.62,44.60,44.56,44.50,44.48,44.43,44.39,44.36,44.30,44.29,44.38,44.47,44.54,44.62,44.51,44.36,44.24,44.14,44.00,43.87,43.76,43.69,43.61,43.54,43.50,43.48,43.41,43.34,43.31,43.28,43.22,43.20,43.24,43.44,43.84,44.30,44.76,45.23,45.72,46.30,47.15,47.95,48.71,49.45,50.15,50.68
79.50,79.63,79.96,80.40,80.93,81.47,82.02,82.52,82.79,82.42,81.73,80.95,80.14,78.19,75.53,72.88,71.17,71.13,71.96,72.94,73.56,73.33,71.97,70.09,68.21,66.99,66.34,65.80,65.30,64.88,64.46,63.58,62.38,61.06,59.98,59.40,58.84,58.21,57.60,57.33,57.20,57.12,57.04,56.92,56.51,56.07,56.62,59.88,61.69,62.03,61.57,60.97,61.05,62.78,65.22,68.01,71.24,75.37,78.83,81.02,81.59,81.72,81.85,82.02,82.19,82.36,82.57,82.79,83.03,83.28,83.47,83.65,83.84,84.05,84.18,84.29,84.37,84.42,84.52,84.47,83.96,83.15,82.34,81.57,80.74,79.67,78.24,76.81,75.52,74.42,73.47,72.50,71.84,72.04,72.76,73.49,73.51,73.34,73.04,72.59,72.07,70.43,68.81,68.04,68.79,68.42,67.81,67.19,66.58,65.97,65.86,65.87,65.82,65.65,65.97,66.44,66.92,67.31,67.32,67.34,67.34,67.24,66.84,65.87,65.67,65.86,65.22,65.92,66.63,66.88,66.57,66.25,65.69,65.00,64.27,63.61,63.71,64.11,64.59,65.23,66.61,68.47,70.34,71.88,72.78,72.06,71.09,70.43,70.14,69.38,68.14,67.43,68.03,69.22,73.05,77.49,81.03,82.28,83.42,84.19,84.67,84.92,84.59,83.79,82.84,81.67,79.64,77.99,76.46,74.97,73.60,72.86,73.08,73.93,75.17,76.56,74.80,71.92,69.55,69.39,70.28,70.97,71.32,71.55,71.58,71.05,70.14,68.77,66.75,64.64,62.68,60.98,59.72,58.74,57.79,56.79,55.72,54.56,53.42,52.48,51.73,50.91,49.87,48.34,46.60,45.25,44.94,44.84,44.77,44.70,44.65,44.61,44.58,44.54,44.50,44.43,44.40,44.41,44.44,44.47,44.60,44.73,44.82,44.79,44.69,44.55,44.40,44.29,44.17,44.03,43.89,43.78,43.70,43.60,43.51,43.44,43.40,43.33,43.30,43.27,43.20,43.16,43.16,43.28,43.61,44.06,44.52,44.99,45.50,46.19,47.14,48.04,48.88,49.70,50.44,50.98
80.39,80.67,81.10,81.51,81.98,82.50,83.01,83.37,83.24,82.41,81.46,80.60,79.61,77.19,74.67,72.93,72.89,74.49,76.00,77.03,77.48,77.42,75.67,72.77,69.75,68.34,67.65,67.10,66.55,65.99,65.37,63.98,62.24,60.58,59.80,59.33,58.82,58.24,57.78,57.76,57.79,57.75,57.65,57.40,56.96,56.50,56.80,59.34,60.75,61.00,60.61,60.07,60.08,61.83,64.41,67.35,70.46,75.11,78.92,81.11,81.40,81.77,81.84,81.84,81.92,81.97,82.21,82.52,82.84,83.20,83.52,83.83,84.16,84.48,84.61,84.78,84.92,85.03,85.12,84.90,84.32,83.53,82.71,81.93,81.11,80.18,79.06,77.78,76.75,75.91,75.22,74.72,74.91,75.36,75.68,75.35,73.54,71.96,71.20,71.35,71.79,71.13,69.97,69.07,69.14,68.61,67.99,67.38,66.77,66.16,65.81,65.67,65.67,65.86,66.27,66.78,67.29,67.71,67.84,67.87,67.88,67.76,67.21,66.22,65.74,65.60,65.23,66.09,67.06,67.54,67.25,66.91,66.25,65.50,64.75,64.13,64.53,65.06,65.52,66.03,66.83,68.14,69.58,71.18,73.60,74.03,73.67,73.16,72.67,71.73,70.02,68.83,69.18,69.92,73.76,78.02,81.13,82.22,83.13,83.58,83.84,84.13,83.43,81.88,80.20,78.73,77.38,76.22,75.04,73.95,73.38,73.80,74.46,75.33,76.47,77.34,75.11,72.35,70.60,70.80,71.37,71.83,72.13,72.27,71.98,71.28,70.27,68.85,66.75,64.54,62.43,60.62,59.45,58.50,57.57,56.65,55.72,54.67,53.64,52.74,51.95,51.11,50.19,48.80,47.09,45.51,45.00,44.84,44.77,44.70,44.70,44.64,44.60,44.58,44.51,44.46,44.44,44.50,44.63,44.72,44.87,45.02,45.08,44.95,44.85,44.73,44.58,44.44,44.34,44.21,44.06,43.92,43.83,43.70,43.55,43.44,43.41,43.34,43.30,43.26,43.20,43.12,43.10,43.17,43.37,43.81,44.27,44.74,45.30,46.11,47.09,48.03,48.96,49.86,50.64,51.26
81.27,81.60,82.03,82.53,83.04,83.58,83.94,83.84,83.12,82.15,81.18,80.04,78.01,75.28,74.19,74.70,76.16,77.94,78.98,79.47,79.60,79.53,78.82,76.34,72.66,69.85,68.87,68.31,67.72,66.89,65.56,63.82,61.93,60.29,59.64,59.17,58.72,58.37,58.27,58.33,58.38,58.39,58.25,57.88,57.63,57.29,57.20,58.25,59.30,59.69,59.57,59.27,59.58,61.34,63.89,66.79,69.77,74.94,79.08,81.22,81.27,81.39,81.37,81.35,81.45,81.61,81.89,82.20,82.53,82.91,83.23,83.57,83.93,84.24,84.49,84.80,85.08,85.34,85.60,85.36,84.76,84.00,83.25,82.49,81.70,80.86,79.95,79.06,78.38,77.86,77.48,77.36,77.74,76.59,74.50,72.51,70.69,68.93,68.66,70.01,70.64,70.74,70.25,69.61,69.42,68.78,68.13,67.53,66.95,66.35,65.81,65.60,65.75,66.14,66.64,67.13,67.63,68.10,68.33,68.41,68.44,68.31,67.61,66.56,65.76,65.34,65.35,66.32,67.42,68.05,67.85,67.40,66.78,66.09,65.34,64.62,65.16,66.00,66.69,67.12,67.62,68.30,69.17,70.53,72.95,74.62,75.60,75.89,75.24,74.67,72.61,70.97,71.58,73.46,76.84,79.65,81.19,81.93,82.25,82.17,81.94,81.66,80.69,79.47,78.23,77.05,75.86,75.00,74.67,74.66,74.64,75.22,75.91,76.70,77.59,78.13,76.10,73.88,72.60,72.32,72.48,72.83,73.06,72.80,72.12,71.30,70.26,68.80,66.70,64.51,62.36,60.45,59.22,58.29,57.38,56.52,55.73,54.83,53.80,52.85,52.03,51.23,50.37,49.04,47.36,45.74,45.05,44.84,44.77,44.70,44.70,44.64,44.60,44.58,44.52,44.59,44.65,44.74,44.88,44.97,45.19,45.33,45.28,45.14,45.00,44.88,44.77,44.62,44.48,44.38,44.25,44.10,43.97,43.86,43.73,43.59,43.48,43.40,43.30,43.22,43.19,43.12,43.10,43.10,43.17,43.56,44.02,44.51,45.13,46.03,47.02,47.97,48.92,49.88,50.71,51.45
82.19,82.52,82.93,83.47,84.00,84.48,84.58,84.00,82.95,81.90,80.83,79.37,76.79,74.72,75.01,76.82,78.59,79.97,80.59,80.79,80.77,80.55,80.27,78.46,75.29,72.24,70.74,69.59,68.48,67.34,65.76,64.23,62.60,60.96,59.97,59.36,58.93,58.70,58.78,58.89,58.97,58.98,58.88,58.65,58.60,58.33,57.73,57.04,57.74,58.31,58.51,58.56,59.22,60.95,63.38,66.19,69.05,73.93,77.92,80.18,80.65,80.79,80.82,80.87,81.03,81.28,81.58,81.90,82.24,82.59,82.94,83.30,83.66,83.97,84.28,84.75,85.24,85.70,86.16,85.88,85.27,84.56,83.85,83.09,82.32,81.55,80.83,80.36,79.99,79.75,79.65,79.58,79.39,76.41,72.36,69.70,68.38,67.40,67.60,68.99,69.62,70.13,70.03,69.53,69.15,68.53,68.16,67.77,67.13,66.39,65.80,65.67,65.99,66.50,66.99,67.48,67.98,68.46,68.80,68.96,69.02,68.85,68.02,66.93,65.90,65.28,65.55,66.56,67.70,68.46,68.49,68.03,67.41,66.69,65.87,65.14,65.81,66.84,67.72,68.24,68.74,69.22,70.07,71.50,73.19,75.30,77.00,77.90,77.67,77.60,76.13,74.74,75.05,76.89,79.22,80.78,81.34,81.53,81.37,80.96,80.45,79.88,78.84,77.79,76.83,76.03,75.50,75.34,75.71,76.30,76.56,76.84,77.37,78.05,78.74,79.00,77.43,75.77,74.73,74.13,73.95,73.91,73.73,73.06,72.17,71.28,70.24,68.81,66.73,64.57,62.47,60.60,59.36,58.49,57.66,56.85,56.05,55.02,53.94,52.95,52.09,51.29,50.44,49.17,47.55,45.91,45.10,44.84,44.78,44.73,44.71,44.66,44.65,44.66,44.66,44.78,44.89,44.99,45.14,45.28,45.48,45.56,45.45,45.32,45.17,45.05,44.93,44.80,44.65,44.53,44.42,44.29,44.13,44.02,43.90,43.77,43.62,43.50,43.39,43.29,43.23,43.13,43.08,43.04,43.06,43.34,43.74,44.30,45.03,45.97,46.95,47.93,48.89,49.84,50.70,51.51
83.13,83.45,83.82,84.35,84.89,85.19,84.93,83.91,82.77,81.67,80.42,78.67,76.03,75.37,76.79,78.95,80.15,80.81,81.15,81.29,81.21,80.74,80.31,79.15,77.19,74.87,72.83,70.85,69.07,67.66,66.32,65.38,64.16,62.50,60.83,59.98,59.49,59.25,59.34,59.50,59.63,59.66,59.62,59.67,59.79,59.54,58.40,55.98,56.26,56.99,57.55,58.01,58.98,60.63,62.90,65.59,68.33,72.22,75.59,77.98,79.27,79.66,79.98,80.33,80.66,80.97,81.27,81.62,81.98,82.30,82.67,83.06,83.44,83.78,84.13,84.77,85.47,86.15,86.78,86.44,85.82,85.18,84.48,83.72,82.96,82.27,81.77,81.67,81.53,81.54,81.62,81.29,80.05,75.32,69.94,67.51,66.88,67.14,67.65,68.21,68.80,69.43,69.46,69.00,68.47,67.97,68.02,67.94,67.23,66.39,65.86,65.83,66.26,66.87,67.34,67.84,68.35,68.83,69.32,69.62,69.73,69.51,68.50,67.36,66.21,65.43,65.74,66.78,67.93,68.82,69.20,68.78,68.12,67.28,66.34,65.71,66.47,67.58,68.63,69.49,70.31,71.03,72.27,73.93,74.45,76.26,78.07,79.34,79.95,80.40,80.11,79.45,79.03,79.81,80.73,81.33,81.44,81.02,80.52,79.96,79.37,78.78,77.84,76.88,76.08,75.71,76.13,76.91,77.76,78.48,78.82,78.60,78.83,79.38,79.87,79.88,78.83,77.62,76.64,75.89,75.43,74.84,74.03,73.03,72.13,71.22,70.19,68.85,66.86,64.74,62.77,61.09,59.89,59.06,58.33,57.55,56.58,55.22,54.06,53.06,52.16,51.30,50.45,49.23,47.65,46.02,45.12,44.84,44.80,44.78,44.73,44.72,44.76,44.83,44.90,45.04,45.14,45.25,45.42,45.64,45.75,45.73,45.59,45.49,45.36,45.21,45.08,44.98,44.84,44.69,44.57,44.47,44.32,44.18,44.06,43.95,43.80,43.66,43.55,43.44,43.31,43.16,43.06,43.02,43.02,43.13,43.46,44.11,44.96,45.89,46.88,47.88,48.85,49.77,50.63,51.48
84.09,84.39,84.75,85.24,85.73,85.59,84.87,83.75,82.63,81.50,80.12,78.24,75.85,76.31,78.13,80.01,80.90,81.47,81.71,81.63,81.18,80.56,79.90,78.43,76.28,74.27,72.94,71.72,70.51,69.45,68.85,68.02,66.55,64.51,62.66,61.50,60.60,60.02,60.14,60.50,60.87,61.07,61.02,60.86,60.94,60.66,59.32,56.19,55.74,56.35,57.18,57.95,58.95,60.50,62.60,65.19,67.84,70.32,72.50,74.27,75.38,75.98,77.58,79.29,80.33,80.75,81.07,81.41,81.78,82.09,82.43,82.89,83.44,84.03,84.63,85.36,86.12,86.82,87.29,86.90,86.30,85.72,85.06,84.34,83.65,83.17,83.02,83.05,83.01,83.08,82.99,81.99,80.43,74.90,68.99,67.18,66.59,66.59,66.89,67.45,68.28,68.86,68.98,68.65,67.95,67.45,67.20,67.06,66.96,66.85,66.38,66.02,66.09,66.92,67.70,68.30,68.79,69.31,70.20,71.06,71.45,71.02,69.48,68.16,66.91,65.88,65.71,66.82,68.15,69.38,70.15,69.59,68.74,67.80,66.87,66.33,67.14,68.26,69.60,71.44,73.41,74.89,76.28,77.43,77.14,78.01,79.39,80.81,81.97,82.66,82.54,81.92,81.20,81.21,81.31,81.16,80.73,80.18,79.60,79.00,78.41,77.83,77.09,76.82,76.80,76.97,77.62,78.55,79.44,80.13,80.39,80.25,80.34,80.60,80.74,80.19,79.07,77.82,76.70,75.83,75.04,74.28,73.44,72.47,71.82,70.99,69.98,68.75,67.04,65.19,63.58,62.22,60.92,59.88,58.99,58.01,56.75,55.30,54.17,53.18,52.26,51.37,50.51,49.27,47.69,46.07,45.14,44.84,44.80,44.80,44.82,44.90,44.99,45.07,45.15,45.29,45.39,45.52,45.73,46.00,46.02,45.91,45.76,45.64,45.53,45.40,45.25,45.13,45.01,44.88,44.73,44.61,44.50,44.36,44.22,44.10,43.99,43.84,43.71,43.59,43.47,43.32,43.19,43.10,43.05,43.01,43.31,44.00,44.89,45.77,46.72,47.68,48.66,49.65,50.52,51.36
85.06,85.37,85.71,86.11,86.35,85.78,84.73,83.58,82.47,81.33,79.89,78.01,76.01,77.23,79.16,80.70,81.50,82.11,82.14,81.73,81.01,80.25,79.16,77.62,75.88,74.49,73.87,73.28,72.54,71.72,71.31,70.28,68.61,66.54,64.82,63.51,62.34,61.53,61.59,62.03,62.53,62.70,62.34,61.90,61.70,61.28,59.95,56.87,55.56,55.98,57.09,58.08,59.07,60.57,62.58,64.94,67.19,68.61,69.82,70.92,71.70,72.44,74.91,77.76,79.77,80.48,80.85,81.21,81.62,82.04,82.47,83.04,83.74,84.51,85.28,86.06,86.83,87.50,87.78,87.36,86.78,86.20,85.58,84.97,84.51,84.30,84.37,84.44,84.47,84.48,84.10,82.49,80.70,74.83,68.75,67.29,66.87,66.53,66.46,66.93,67.95,68.36,68.52,68.37,67.61,66.97,66.45,66.31,66.65,66.94,66.50,66.03,65.95,66.58,67.52,68.27,69.03,70.20,71.88,73.26,73.76,72.93,70.79,68.96,67.44,66.23,65.72,66.89,68.38,69.91,71.09,70.48,69.38,68.29,67.39,66.90,67.72,68.79,70.44,73.39,76.38,78.37,79.78,80.61,80.22,80.56,81.42,82.54,83.66,84.30,84.17,83.53,82.63,81.99,81.41,80.75,80.03,79.50,78.91,78.33,77.81,77.42,77.07,77.38,77.91,78.44,79.17,80.11,80.92,81.48,81.69,81.69,81.52,81.28,80.87,79.84,78.56,77.24,76.01,75.05,74.06,73.27,72.51,71.65,71.17,70.37,69.31,68.05,66.63,65.11,63.82,62.73,61.64,60.55,59.51,58.33,56.86,55.39,54.28,53.31,52.38,51.41,50.50,49.21,47.64,46.10,45.15,44.87,44.87,44.92,44.99,45.11,45.23,45.32,45.40,45.55,45.67,45.84,46.06,46.29,46.25,46.10,45.95,45.80,45.69,45.57,45.43,45.28,45.18,45.06,44.91,44.77,44.67,44.54,44.40,44.26,44.16,44.02,43.88,43.74,43.64,43.51,43.36,43.23,43.12,42.97,43.16,43.80,44.69,45.55,46.48,47.44,48.45,49.50,50.41,51.25
86.07,86.38,86.69,86.94,86.63,85.74,84.59,83.44,82.29,81.14,79.71,78.00,76.57,78.04,79.80,81.12,82.06,82.76,82.34,81.52,80.75,79.88,78.13,77.15,77.04,76.83,76.56,75.98,75.19,74.26,73.09,71.58,69.98,68.46,67.18,66.00,64.89,64.07,63.94,64.22,64.59,64.33,63.28,62.60,61.86,61.13,60.08,57.88,55.66,55.84,57.22,58.34,59.33,60.93,62.88,64.84,66.19,67.25,68.01,68.57,69.08,69.86,72.31,75.63,78.77,80.08,80.60,81.00,81.52,82.23,82.94,83.68,84.44,85.21,85.98,86.75,87.53,88.16,88.27,87.84,87.26,86.66,86.06,85.62,85.61,85.73,85.76,85.84,85.90,85.73,84.95,82.96,80.87,75.14,69.23,67.60,67.71,67.27,66.76,66.78,67.79,67.94,68.06,68.09,67.48,66.54,66.04,66.06,66.42,66.38,65.95,65.83,65.99,65.78,66.53,67.52,69.04,71.71,74.64,76.36,76.63,75.22,72.40,69.65,67.60,66.30,65.84,67.06,68.59,70.33,71.95,71.51,70.06,68.75,67.89,67.39,68.13,69.10,71.05,75.06,78.65,80.65,81.96,82.97,83.42,83.99,84.36,84.59,84.91,85.09,84.96,84.41,83.40,82.23,81.06,80.17,79.61,79.12,78.59,78.10,77.77,77.81,78.09,78.61,79.20,79.80,80.61,81.52,82.19,82.56,82.77,82.81,82.14,81.10,79.95,78.63,77.25,75.91,74.66,73.66,72.72,71.96,71.28,70.57,69.99,69.12,67.90,66.44,65.27,64.12,63.02,62.12,61.67,60.87,59.75,58.42,56.97,55.52,54.40,53.43,52.47,51.42,50.36,49.02,47.49,46.08,45.16,44.95,45.04,45.16,45.24,45.33,45.45,45.58,45.66,45.80,45.99,46.21,46.41,46.47,46.41,46.29,46.14,45.98,45.84,45.73,45.62,45.47,45.32,45.22,45.10,44.95,44.81,44.71,44.59,44.43,44.30,44.20,44.06,43.92,43.78,43.69,43.55,43.39,43.24,43.03,42.97,43.46,44.31,45.18,46.16,47.20,48.27,49.33,50.31,51.14
87.09,87.38,87.59,87.55,86.69,85.48,84.23,83.11,81.96,80.79,79.40,77.94,77.39,78.84,80.35,81.54,82.54,83.07,82.46,81.46,80.55,79.69,78.82,78.55,78.77,78.83,78.68,78.13,77.25,76.03,74.54,73.04,71.60,70.24,69.02,68.04,67.19,66.47,65.89,65.21,64.52,63.52,62.23,61.56,60.92,60.38,59.74,58.49,56.83,56.01,56.33,57.88,59.51,61.04,62.53,63.89,64.79,65.68,66.36,66.88,67.37,68.31,70.34,73.31,76.76,79.06,80.36,81.22,81.96,82.80,83.59,84.36,85.13,85.91,86.68,87.45,88.22,88.83,88.79,88.35,87.81,87.28,86.81,86.55,86.70,86.96,87.15,87.27,87.32,86.84,85.52,83.16,80.96,76.17,71.15,69.09,68.47,67.64,66.86,66.65,67.61,67.50,67.46,67.63,67.48,66.51,66.19,66.41,66.86,67.04,66.91,66.75,66.55,66.09,66.23,67.88,70.64,73.97,77.22,78.66,78.68,77.06,73.00,69.80,67.63,66.34,65.96,67.20,68.72,70.55,72.47,72.39,70.62,69.11,68.34,67.83,68.39,69.22,71.31,75.90,79.80,81.93,83.29,84.31,84.80,85.22,85.40,85.35,85.30,85.23,84.93,84.42,83.60,82.34,81.05,80.08,79.47,79.05,78.73,78.55,78.50,78.63,79.05,79.71,80.45,81.22,82.10,82.95,83.48,83.71,83.69,82.72,81.42,80.08,78.75,77.33,75.93,74.56,73.28,72.27,71.37,70.50,69.64,68.72,67.47,66.33,65.12,63.83,62.88,62.02,61.27,60.69,60.38,59.82,58.96,57.94,56.84,55.60,54.50,53.45,52.39,51.27,50.15,48.83,47.36,46.00,45.28,45.16,45.27,45.41,45.50,45.57,45.69,45.83,45.91,46.09,46.31,46.54,46.73,46.67,46.56,46.45,46.33,46.18,46.02,45.89,45.77,45.65,45.50,45.37,45.26,45.14,44.98,44.86,44.74,44.62,44.47,44.34,44.23,44.10,43.95,43.83,43.66,43.48,43.31,43.09,42.95,43.25,43.96,44.94,45.98,47.05,48.13,49.19,50.20,50.99
88.07,88.29,88.36,88.00,86.72,85.25,83.91,82.75,81.55,80.40,79.09,77.99,78.29,79.65,80.95,82.06,83.08,83.39,82.72,81.67,80.66,79.88,79.93,80.18,80.36,80.39,80.23,79.74,78.81,77.34,75.73,74.35,73.06,71.77,70.51,69.64,68.89,68.09,67.03,65.42,63.73,62.16,60.90,60.25,59.82,59.51,59.22,58.71,57.84,56.23,55.42,56.95,59.11,60.66,61.79,62.64,63.28,64.07,64.78,65.37,65.99,67.12,68.72,71.06,74.24,77.31,79.58,81.13,82.19,83.12,83.94,84.75,85.55,86.38,87.20,88.04,88.86,89.49,89.36,88.91,88.42,88.00,87.67,87.58,87.78,88.13,88.47,88.64,88.67,87.88,86.08,83.47,81.18,77.37,73.22,70.54,69.06,67.87,66.89,66.51,67.33,67.03,66.84,67.07,67.39,66.56,66.41,66.83,67.44,67.91,68.14,67.97,67.40,66.63,66.68,69.06,72.75,76.33,79.33,80.32,80.15,78.42,73.20,69.77,67.63,66.36,66.06,67.32,68.85,70.82,73.08,73.31,71.15,69.37,68.69,68.24,68.62,69.30,71.50,76.61,80.55,82.78,84.20,85.16,85.53,85.73,85.74,85.59,85.34,85.04,84.56,84.04,83.45,82.33,81.21,80.26,79.55,79.20,79.08,79.21,79.43,79.61,80.05,80.79,81.67,82.61,83.49,84.21,84.59,84.69,84.40,82.20,80.31,78.85,77.50,76.05,74.63,73.22,71.90,70.83,69.90,68.87,67.78,66.63,64.72,63.31,62.19,61.17,60.41,59.76,59.29,58.96,58.67,58.32,57.74,57.04,56.30,55.36,54.37,53.32,52.20,51.04,49.89,48.60,47.21,45.92,45.45,45.41,45.52,45.67,45.75,45.83,45.94,46.08,46.18,46.41,46.64,46.86,46.99,46.88,46.73,46.60,46.50,46.36,46.21,46.05,45.92,45.83,45.69,45.54,45.41,45.31,45.17,45.02,44.90,44.80,44.66,44.50,44.38,44.26,44.11,43.94,43.73,43.54,43.36,43.15,42.97,43.10,43.66,44.76,45.85,46.94,48.02,49.08,50.07,50.82
88.96,88.98,88.79,88.12,86.79,85.32,83.88,82.49,81.09,79.97,78.97,78.39,79.15,80.52,81.80,82.93,83.88,84.01,83.45,82.58,81.63,81.02,80.81,80.85,80.97,80.90,80.55,80.12,79.35,77.97,76.37,75.03,73.80,72.61,71.43,70.29,68.98,67.50,65.97,64.29,62.59,61.25,60.43,59.60,59.12,58.81,58.53,58.04,57.38,56.29,55.29,55.26,56.98,58.97,60.42,61.19,61.82,62.53,63.19,63.87,64.77,66.16,67.55,69.09,71.06,73.81,77.13,79.72,81.31,82.30,83.27,84.18,85.11,86.14,87.21,88.28,89.34,90.12,90.05,89.65,89.21,88.85,88.62,88.63,88.89,89.27,89.61,89.78,89.77,88.80,86.81,84.31,81.89,78.50,74.49,70.80,69.19,68.00,66.94,66.32,66.83,66.46,66.21,66.41,66.92,66.53,66.44,66.92,67.86,68.42,68.88,69.13,68.66,66.93,68.82,71.76,75.00,78.31,80.13,80.73,80.56,78.76,73.06,69.64,67.59,66.37,66.12,67.44,69.11,71.44,74.22,74.44,71.67,69.42,68.71,68.60,68.89,69.40,71.79,77.61,81.06,83.20,84.63,85.45,85.88,85.91,85.70,85.39,85.06,84.45,83.83,83.26,82.72,82.09,81.55,80.82,80.02,79.75,79.69,79.90,80.26,80.66,81.17,81.93,82.84,83.78,84.52,84.90,85.08,85.10,84.57,81.42,79.21,77.74,76.31,74.90,73.41,71.96,70.57,69.22,68.08,66.88,65.66,64.41,62.40,60.96,59.98,59.27,58.61,57.98,57.43,57.02,56.83,56.63,56.10,55.38,54.67,54.17,53.56,52.78,51.81,50.66,49.51,48.28,47.00,45.86,45.58,45.63,45.78,45.92,46.00,46.08,46.20,46.35,46.50,46.77,47.02,47.17,47.14,47.06,46.92,46.77,46.64,46.54,46.40,46.25,46.09,45.96,45.86,45.73,45.58,45.45,45.35,45.21,45.06,44.94,44.84,44.69,44.51,44.33,44.16,43.95,43.77,43.58,43.37,43.20,42.99,43.02,43.48,44.63,45.77,46.87,47.96,49.01,49.95,50.66
89.75,89.56,89.18,88.27,86.92,85.55,84.19,82.73,81.05,79.97,79.36,79.32,80.27,81.64,82.91,83.91,84.48,84.36,83.86,83.23,82.58,82.03,81.71,81.50,81.30,81.01,80.58,79.95,78.96,77.42,75.73,74.32,73.09,71.93,70.77,69.57,68.18,66.59,64.94,63.65,62.42,61.46,60.81,59.92,59.22,58.62,58.07,57.54,56.96,56.20,55.36,54.80,55.49,57.00,58.37,59.30,60.12,60.94,61.67,62.43,63.50,64.89,66.22,67.48,68.88,70.96,74.52,77.81,80.08,81.15,82.24,83.30,84.35,85.47,86.66,88.28,89.72,90.50,90.46,90.20,89.91,89.65,89.48,89.49,89.75,90.08,90.33,90.43,90.31,89.17,86.96,84.32,82.06,77.82,73.09,70.16,68.88,67.89,66.92,66.20,66.40,66.35,66.31,66.36,66.43,66.47,66.47,66.89,67.96,68.76,69.63,70.50,70.82,69.72,71.46,74.16,77.05,79.66,80.86,81.10,80.75,78.87,72.95,69.54,67.48,66.30,66.39,67.80,69.81,72.57,75.56,75.55,72.34,69.75,68.95,69.01,69.30,70.05,72.64,78.21,81.37,83.55,84.98,85.69,86.19,86.02,85.59,85.09,84.53,83.73,83.00,82.38,81.88,81.38,81.05,80.52,79.83,79.59,79.76,80.09,80.48,80.90,81.46,82.20,83.08,83.98,84.72,84.98,85.07,84.98,84.06,80.96,78.77,77.30,75.90,74.47,72.98,71.48,70.01,68.64,67.56,66.42,65.29,64.31,62.64,60.77,59.38,58.71,58.08,57.34,56.54,55.78,55.15,54.92,54.48,53.91,53.41,52.99,52.48,51.86,51.08,50.08,48.98,47.83,46.65,45.62,45.60,45.82,46.02,46.14,46.25,46.33,46.47,46.66,46.85,47.11,47.34,47.43,47.32,47.21,47.09,46.95,46.81,46.69,46.55,46.41,46.28,46.13,46.02,45.90,45.76,45.61,45.50,45.38,45.23,45.06,44.94,44.77,44.57,44.38,44.19,43.99,43.80,43.59,43.38,43.22,43.00,42.90,43.22,44.38,45.57,46.70,47.82,48.91,49.90,50.57
90.58,90.18,89.66,88.59,87.26,85.98,84.71,83.27,81.41,80.44,80.21,80.62,81.61,82.96,84.06,84.70,84.66,84.27,83.79,83.42,83.14,82.68,82.38,81.95,81.38,80.87,80.35,79.40,78.02,76.25,74.42,72.93,71.66,70.52,69.37,68.21,67.01,65.69,64.28,63.50,62.87,62.28,61.64,60.73,59.76,58.80,57.91,57.30,56.74,56.18,55.61,55.06,54.63,55.20,56.18,57.25,58.30,59.32,60.17,61.02,62.19,63.49,64.79,66.03,67.24,68.77,72.09,75.69,78.55,79.77,80.96,82.11,83.28,84.53,85.86,88.10,89.94,90.72,90.71,90.63,90.51,90.36,90.24,90.19,90.38,90.62,90.76,90.70,90.38,89.02,86.60,83.68,81.20,75.88,70.63,69.15,68.33,67.61,66.83,66.16,66.17,66.56,66.82,66.69,66.13,66.39,66.45,66.80,67.88,68.96,70.46,72.08,73.36,73.54,74.23,76.30,78.83,80.60,81.52,81.40,80.67,78.56,72.70,69.39,67.30,66.17,66.80,68.31,70.79,74.00,77.06,76.79,73.19,70.26,69.28,69.43,69.92,71.16,73.91,78.67,81.68,83.89,85.31,85.94,86.45,86.09,85.50,84.83,83.95,82.98,82.12,81.33,80.48,79.55,79.10,78.72,78.31,78.24,78.84,79.42,79.88,80.38,81.14,81.93,82.74,83.59,84.40,84.66,84.76,84.56,83.24,80.74,78.81,77.37,76.02,74.58,73.12,71.60,70.09,68.85,68.00,67.05,66.18,65.64,64.56,62.23,60.19,59.25,58.52,57.58,56.49,55.28,54.02,53.48,52.99,52.57,52.32,51.82,51.30,50.77,50.18,49.39,48.38,47.31,46.23,45.32,45.58,45.99,46.26,46.35,46.49,46.59,46.75,46.98,47.22,47.45,47.62,47.65,47.51,47.36,47.26,47.14,46.99,46.84,46.69,46.57,46.46,46.32,46.17,46.06,45.94,45.79,45.64,45.53,45.37,45.16,45.00,44.79,44.60,44.42,44.20,44.03,43.82,43.59,43.38,43.22,43.00,42.78,42.95,44.08,45.29,46.47,47.63,48.76,49.77,50.45
91.91,91.28,90.54,89.58,88.35,86.94,85.46,84.01,82.66,82.06,82.01,82.44,83.34,84.50,84.87,84.43,83.48,82.90,82.39,82.12,82.15,81.95,81.96,81.63,81.01,80.48,79.65,78.34,76.73,74.94,73.09,71.56,70.32,69.30,68.19,67.09,66.23,65.60,65.06,64.45,63.88,63.26,62.46,61.50,60.50,59.50,58.57,57.91,57.35,56.81,56.25,55.66,55.06,54.83,54.93,55.42,56.47,57.58,58.63,59.67,60.81,62.14,63.36,64.50,65.81,68.04,70.81,73.73,76.38,78.15,79.30,80.34,81.59,83.28,85.22,87.65,89.67,90.75,90.84,90.86,90.85,90.80,90.73,90.59,90.61,90.75,90.85,90.46,89.54,87.78,85.21,82.03,76.96,72.40,69.41,68.48,67.76,67.06,66.53,66.33,66.65,67.16,67.49,67.41,66.69,66.29,66.23,66.66,67.72,68.94,71.68,74.15,75.65,76.26,76.48,77.92,79.89,81.20,82.05,81.50,79.89,76.94,71.84,68.95,66.95,65.97,67.35,68.95,71.94,75.64,78.78,78.67,74.50,70.93,69.55,69.78,71.13,73.11,75.79,79.39,82.40,84.44,85.70,86.31,86.64,86.22,85.59,84.86,83.77,82.41,81.33,79.72,76.89,73.72,72.47,72.16,72.36,73.22,74.79,76.00,76.97,78.26,80.03,81.13,81.95,82.75,83.58,83.94,84.20,84.06,82.61,80.96,79.51,78.16,76.79,75.38,73.97,72.55,71.24,70.31,69.64,69.11,68.76,68.61,68.17,66.16,63.69,61.64,60.42,59.26,57.99,56.56,54.94,53.22,52.06,51.44,51.13,50.62,50.20,49.80,49.30,48.58,47.74,46.77,45.83,45.27,45.67,46.19,46.51,46.60,46.75,46.88,47.06,47.31,47.59,47.83,47.87,47.80,47.69,47.54,47.41,47.29,47.18,47.02,46.87,46.73,46.61,46.50,46.35,46.22,46.07,45.92,45.77,45.59,45.41,45.22,45.02,44.83,44.64,44.42,44.20,44.04,43.83,43.59,43.38,43.22,43.00,42.80,42.92,43.85,45.00,46.16,47.32,48.41,49.20,49.91
93.13,92.37,91.54,90.65,89.50,88.06,86.60,85.33,84.35,83.99,84.00,84.34,85.02,85.39,84.87,83.65,82.20,81.47,81.02,80.88,81.05,81.11,81.31,81.13,80.55,79.83,78.67,77.13,75.41,73.65,71.91,70.67,69.76,68.99,68.13,67.30,66.68,66.31,66.16,65.55,64.91,64.18,63.26,62.27,61.26,60.26,59.32,58.62,58.02,57.46,56.88,56.25,55.61,54.99,54.49,54.41,55.28,56.35,57.47,58.59,59.69,60.87,61.89,62.91,64.50,68.08,70.57,72.75,74.89,76.69,77.85,78.89,80.08,81.55,83.27,85.62,87.90,89.62,90.38,90.67,90.77,90.80,90.72,90.26,89.78,89.52,89.42,88.85,87.64,85.77,82.96,78.50,73.14,69.98,68.58,67.89,67.19,66.73,66.59,66.81,67.28,67.77,68.15,68.14,67.38,66.65,66.37,66.63,67.53,69.06,72.73,76.03,77.98,78.74,78.75,79.64,81.05,82.06,82.26,81.29,79.20,75.81,71.22,68.63,66.76,65.95,67.78,69.66,73.02,76.91,79.91,80.18,76.16,72.22,70.31,70.87,73.21,75.77,78.40,81.34,83.74,85.31,86.33,86.82,86.67,86.17,85.62,84.93,83.68,81.95,80.13,77.51,73.61,70.00,68.05,67.50,68.07,69.31,71.04,72.40,73.66,75.54,78.11,79.98,81.20,81.96,82.73,83.20,83.60,83.61,82.39,81.24,80.17,79.06,77.80,76.42,75.05,73.75,72.61,71.86,71.31,70.95,70.79,70.81,70.61,69.09,66.69,64.01,62.37,61.05,59.69,58.10,56.00,53.46,51.58,50.48,50.11,49.66,49.29,48.92,48.45,47.78,47.03,46.21,45.48,45.21,45.76,46.36,46.74,46.85,47.00,47.20,47.41,47.66,47.94,48.13,48.10,47.96,47.86,47.73,47.58,47.45,47.34,47.21,47.06,46.91,46.77,46.66,46.51,46.34,46.17,46.01,45.83,45.63,45.44,45.24,45.02,44.86,44.65,44.42,44.20,44.04,43.83,43.60,43.40,43.22,43.00,42.81,42.88,43.59,44.71,45.84,46.86,47.71,48.37,48.99
94.25,93.43,92.62,91.73,90.60,89.27,88.04,87.15,86.30,85.98,85.94,86.07,86.38,85.52,84.11,82.51,81.03,80.20,79.89,79.88,80.07,80.32,80.54,80.49,80.04,78.94,77.46,75.81,74.13,72.53,71.08,70.48,70.14,69.73,69.19,68.82,68.29,67.74,67.41,66.66,65.88,65.02,64.03,63.03,62.02,61.01,60.05,59.30,58.66,58.05,57.44,56.81,56.13,55.48,54.76,54.20,54.72,55.65,56.71,57.79,58.84,59.69,60.44,61.33,63.25,68.42,71.03,72.66,74.13,75.45,76.68,77.83,78.80,79.47,80.17,82.18,84.69,87.16,89.02,89.76,90.06,90.17,89.95,88.90,87.69,86.80,86.40,85.86,84.70,82.94,79.73,73.50,70.29,68.81,68.01,67.33,66.69,66.69,67.06,67.59,68.01,68.43,68.87,68.95,68.13,67.48,66.90,66.71,67.37,69.37,73.60,77.65,80.31,81.03,81.07,81.51,82.35,83.03,82.09,80.72,78.55,75.19,70.91,68.47,66.75,66.11,68.08,70.41,74.01,77.78,80.49,81.24,78.12,74.28,71.86,72.95,76.15,79.03,81.59,84.27,85.55,86.46,87.14,87.34,86.56,85.93,85.45,84.83,83.47,81.45,78.59,75.03,71.21,68.92,66.47,65.35,65.85,66.86,67.97,68.97,70.23,72.41,75.44,78.43,80.45,81.25,81.95,82.51,82.99,83.19,82.54,81.56,80.75,79.97,78.95,77.62,76.29,75.09,74.08,73.38,72.86,72.42,72.10,72.00,71.64,70.65,68.73,66.05,64.15,62.71,61.34,59.62,56.94,54.02,51.43,49.73,49.28,48.93,48.55,48.13,47.64,47.03,46.34,45.73,45.29,45.20,45.82,46.50,46.94,47.11,47.27,47.53,47.79,48.03,48.25,48.35,48.28,48.14,48.00,47.90,47.77,47.62,47.48,47.38,47.25,47.09,46.93,46.78,46.63,46.42,46.23,46.06,45.84,45.67,45.47,45.25,45.02,44.86,44.65,44.42,44.20,44.04,43.83,43.63,43.45,43.23,43.00,42.81,42.82,43.32,44.42,45.47,46.22,46.67,47.31,47.75
95.67,94.62,93.70,92.84,91.59,90.21,89.12,88.52,87.82,87.14,86.59,86.19,85.80,84.60,83.03,81.44,80.19,79.55,79.27,79.25,79.46,79.67,79.72,79.64,79.20,77.84,76.26,74.58,73.19,72.44,72.16,72.24,72.19,71.77,71.00,70.62,70.05,69.27,68.52,67.65,66.74,65.80,64.79,63.79,62.74,61.67,60.64,59.84,59.19,58.57,57.96,57.33,56.69,55.92,55.04,54.27,54.29,55.15,56.19,57.23,58.21,58.86,59.42,60.10,61.72,66.54,69.92,71.99,73.32,74.61,75.88,76.94,77.71,78.15,78.52,79.67,81.16,82.80,84.61,86.16,87.14,87.50,86.94,84.75,83.21,82.42,82.14,81.81,81.01,78.35,74.19,70.71,69.05,68.14,67.44,66.84,66.76,67.12,67.69,68.32,68.86,69.49,70.38,70.74,69.30,68.60,67.49,66.72,67.36,70.06,74.64,78.89,81.77,82.74,83.22,83.50,83.40,82.59,81.19,79.34,76.85,73.68,70.43,68.26,66.79,66.45,68.42,70.97,74.77,78.68,81.43,82.13,80.20,77.65,76.03,77.24,79.77,82.24,84.29,85.77,86.66,87.45,87.66,87.08,86.20,85.48,84.60,83.44,81.88,79.90,77.42,74.58,71.60,69.20,66.34,64.20,63.44,64.26,65.23,66.03,67.07,69.16,72.29,75.92,78.92,80.63,81.31,81.83,82.33,82.70,82.59,81.97,81.35,80.70,79.85,78.76,77.53,76.44,75.58,74.85,74.34,73.87,73.37,72.74,71.89,70.86,69.31,67.18,65.37,63.78,62.22,60.41,57.74,54.12,51.14,49.29,48.71,48.21,47.76,47.32,46.85,46.39,46.23,46.17,46.04,45.75,45.69,46.38,47.10,47.41,47.62,47.87,48.14,48.39,48.56,48.54,48.45,48.32,48.17,48.05,47.93,47.80,47.66,47.53,47.38,47.20,47.02,46.85,46.66,46.44,46.24,46.07,45.84,45.67,45.48,45.25,45.02,44.86,44.65,44.42,44.20,44.04,43.83,43.63,43.45,43.23,43.00,42.81,42.76,43.06,43.96,44.69,45.19,45.57,46.07,46.57
97.25,96.04,94.90,93.80,92.29,90.78,89.66,89.14,88.48,87.38,86.33,85.46,84.56,83.31,81.86,80.49,79.56,79.08,78.77,78.68,78.86,78.98,78.83,78.66,78.21,76.75,75.13,73.77,73.01,73.20,73.95,74.52,74.66,74.20,73.18,72.58,71.81,70.76,69.58,68.56,67.55,66.52,65.50,64.48,63.40,62.28,61.20,60.34,59.69,59.08,58.46,57.84,57.17,56.30,55.33,54.42,53.97,54.70,55.71,56.70,57.57,58.11,58.61,59.16,60.43,64.27,68.55,71.29,72.59,73.91,75.17,76.02,76.53,76.87,77.11,77.63,78.26,79.04,80.44,82.31,83.65,84.16,83.44,80.70,79.10,78.42,78.15,77.96,76.99,73.92,69.98,69.00,68.26,67.56,66.96,66.67,67.07,67.67,68.33,69.22,70.78,72.15,73.45,73.94,72.32,71.27,69.45,68.05,68.48,71.32,75.84,79.98,82.84,84.08,84.83,84.89,83.95,81.79,80.02,77.87,75.23,72.32,69.94,68.00,66.81,66.80,68.75,71.53,75.60,79.62,82.28,83.14,82.26,80.90,80.07,81.07,82.80,84.75,86.29,86.89,87.64,88.22,87.89,86.54,85.42,84.36,82.47,80.11,78.48,77.22,75.68,73.86,71.75,69.12,66.00,63.16,61.43,61.96,62.70,63.23,64.03,65.97,69.06,72.91,76.56,79.30,80.56,81.16,81.65,82.11,82.33,82.07,81.65,81.14,80.53,79.71,78.68,77.71,76.85,75.96,75.31,74.71,73.96,72.89,71.73,70.62,69.29,67.65,65.97,64.29,62.61,60.75,58.17,53.95,50.83,49.05,48.37,47.75,47.20,46.76,46.44,46.27,46.55,46.89,47.00,46.58,45.75,46.34,47.27,47.76,47.99,48.22,48.49,48.74,48.83,48.72,48.61,48.50,48.36,48.20,48.10,47.96,47.80,47.64,47.47,47.27,47.06,46.89,46.67,46.45,46.25,46.07,45.84,45.67,45.48,45.25,45.02,44.86,44.65,44.43,44.22,44.04,43.83,43.63,43.45,43.23,43.00,42.81,42.70,42.81,43.57,44.12,44.54,44.98,45.42,46.07
98.98,97.79,96.28,94.45,92.53,90.74,89.36,88.57,87.75,86.28,84.89,83.82,82.88,81.74,80.64,79.74,79.19,78.72,78.28,78.07,78.16,78.17,77.84,77.50,77.01,75.81,74.16,73.69,74.15,75.14,76.27,76.99,77.22,76.84,75.74,74.74,73.53,72.11,70.61,69.38,68.27,67.20,66.13,65.06,63.93,62.81,61.74,60.80,60.18,59.59,58.97,58.32,57.52,56.58,55.58,54.59,53.78,54.27,55.23,56.20,56.85,57.40,57.98,58.64,59.70,62.20,67.30,70.75,72.02,73.31,74.46,74.95,75.11,75.36,75.59,76.11,76.65,77.15,77.93,79.09,80.01,80.41,79.91,77.96,76.63,75.80,75.22,74.94,72.71,70.52,69.14,68.39,67.69,67.00,66.66,67.05,67.62,68.28,68.98,70.47,74.66,77.63,79.09,79.34,78.59,76.69,73.95,71.84,71.65,73.50,77.30,80.92,83.53,84.95,85.46,85.12,83.69,80.93,78.66,76.56,74.21,71.62,69.51,67.66,66.77,67.09,69.06,72.23,76.69,80.65,82.81,84.44,84.19,83.38,82.80,83.13,84.45,85.97,87.21,87.90,88.66,88.66,87.68,85.79,83.94,82.11,78.24,73.71,72.34,72.85,72.71,71.81,70.27,67.80,64.68,61.92,60.25,60.30,60.45,60.55,61.10,62.94,65.88,69.29,72.95,76.62,79.53,80.51,80.96,81.33,81.55,81.52,81.36,81.13,80.85,80.28,79.64,78.80,77.69,76.38,75.38,74.38,73.28,72.11,71.11,70.01,68.74,67.27,65.65,64.02,62.38,60.58,57.99,53.46,50.51,49.05,48.37,47.75,47.09,46.71,46.73,47.06,47.44,47.78,47.98,47.71,46.25,46.54,47.51,48.18,48.39,48.61,48.84,49.03,49.03,48.91,48.77,48.64,48.54,48.39,48.25,48.07,47.86,47.70,47.49,47.27,47.06,46.89,46.67,46.48,46.30,46.08,45.84,45.67,45.48,45.25,45.02,44.86,44.65,44.44,44.27,44.05,43.83,43.63,43.45,43.23,43.00,42.81,42.65,42.60,43.36,44.13,44.78,45.37,45.97,46.83
99.97,98.88,97.23,94.79,92.48,90.54,88.99,87.88,86.96,85.39,83.81,82.50,81.46,80.60,79.87,79.28,78.84,78.35,77.96,77.66,77.45,77.28,76.85,76.38,75.80,74.91,74.32,74.65,75.63,76.94,78.21,78.87,79.06,78.74,77.63,76.27,74.77,73.19,71.55,70.03,68.83,67.75,66.66,65.58,64.44,63.33,62.25,61.25,60.64,60.07,59.46,58.77,57.87,56.88,55.88,54.88,53.95,53.99,54.70,55.58,56.16,56.81,57.49,58.22,59.14,60.81,65.78,69.61,71.32,72.50,73.48,73.80,73.78,73.86,74.07,74.54,74.96,75.27,75.76,76.66,77.38,77.69,77.28,75.52,74.20,73.38,72.83,72.22,70.57,69.24,68.51,67.81,67.12,66.83,67.00,67.61,68.23,68.91,70.82,74.37,78.32,80.99,82.33,82.63,82.01,80.33,78.04,76.10,75.36,76.13,78.77,81.72,84.13,85.34,85.66,85.31,84.14,81.88,79.73,77.72,75.17,72.01,69.31,67.37,66.58,67.01,69.13,73.82,78.20,81.37,83.12,84.73,85.39,85.43,85.18,85.14,86.14,87.24,88.13,88.75,89.37,89.36,87.85,84.82,82.33,79.39,75.00,70.50,69.02,69.38,69.13,67.94,65.95,63.97,62.20,60.77,59.88,59.80,59.77,59.76,60.02,61.05,62.94,65.91,69.45,73.22,76.69,78.42,79.55,80.41,80.76,80.85,80.78,80.69,80.53,80.06,79.30,78.24,76.89,75.47,74.44,73.47,72.41,71.28,70.29,69.24,68.07,66.74,65.18,63.66,62.17,60.46,57.79,53.22,50.39,49.05,48.36,47.70,47.02,46.78,47.10,47.63,48.14,48.59,48.94,48.99,48.21,48.31,48.73,48.94,48.88,49.00,49.17,49.28,49.20,49.09,48.95,48.79,48.64,48.48,48.30,48.09,47.88,47.72,47.49,47.29,47.09,46.90,46.67,46.49,46.30,46.08,45.88,45.69,45.48,45.26,45.06,44.87,44.65,44.45,44.28,44.05,43.83,43.63,43.45,43.23,43.00,42.81,42.63,42.53,43.20,44.07,44.91,45.68,46.49,47.30
100.61,99.63,97.94,95.05,92.40,90.32,88.63,87.23,86.18,84.59,82.88,81.39,80.33,79.77,79.38,79.03,78.65,78.18,77.88,77.51,76.98,76.62,76.12,75.54,74.91,74.37,74.94,75.94,77.16,78.55,79.76,80.30,80.43,80.12,79.05,77.43,75.75,74.08,72.37,70.61,69.31,68.22,67.13,66.06,64.94,63.83,62.75,61.72,61.07,60.60,60.08,59.33,58.29,57.25,56.23,55.20,54.22,53.77,54.14,54.94,55.54,56.28,57.05,57.85,58.70,59.84,64.28,68.24,70.52,71.64,72.42,72.64,72.55,72.44,72.58,72.93,73.21,73.37,73.69,74.46,75.06,75.33,75.05,73.29,71.79,70.99,70.76,69.99,69.31,68.64,67.96,67.27,66.72,66.91,67.54,68.23,68.86,70.21,73.60,78.64,81.55,83.61,84.93,85.43,84.77,83.43,81.74,80.08,78.86,78.75,80.23,82.46,84.62,85.49,85.66,85.46,84.78,83.31,81.47,79.56,76.81,73.08,69.73,67.75,67.28,68.14,70.58,76.01,79.69,81.81,83.23,84.64,86.05,86.97,87.24,87.10,87.80,88.48,89.01,89.46,89.88,89.89,87.94,83.88,80.72,76.80,72.49,68.75,67.18,66.85,66.04,64.28,61.75,60.34,59.98,59.90,59.80,59.74,59.67,59.62,59.63,59.80,60.59,62.86,66.02,69.65,73.24,75.65,77.52,78.94,79.56,79.78,79.79,79.74,79.66,79.19,78.28,77.03,75.57,74.14,73.20,72.34,71.41,70.31,69.35,68.35,67.28,66.08,64.65,63.27,61.93,60.27,57.37,52.87,50.22,49.01,48.32,47.62,47.02,46.97,47.52,48.13,48.74,49.30,49.78,50.13,50.24,50.22,50.07,49.78,49.45,49.43,49.50,49.49,49.34,49.24,49.10,48.91,48.70,48.53,48.32,48.09,47.88,47.72,47.51,47.32,47.13,46.90,46.68,46.50,46.30,46.09,45.92,45.71,45.48,45.27,45.10,44.88,44.65,44.45,44.28,44.05,43.83,43.63,43.45,43.23,43.00,42.81,42.63,42.51,43.06,43.95,44.91,45.86,46.83,47.58
100.84,99.91,98.33,95.40,92.50,90.22,88.40,86.86,85.49,83.82,82.11,80.69,79.93,79.52,79.32,79.17,78.91,78.65,78.46,78.03,77.31,76.81,76.23,75.65,75.16,74.99,75.94,77.21,78.50,79.64,80.37,80.85,80.96,80.57,79.64,78.06,76.34,74.59,72.83,71.06,69.69,68.54,67.47,66.44,65.40,64.34,63.25,62.21,61.49,61.32,61.15,60.34,59.00,57.80,56.69,55.56,54.46,53.59,53.65,54.35,55.07,55.78,56.61,57.53,58.48,59.59,63.16,66.83,69.50,70.81,71.38,71.53,71.45,71.25,71.18,71.29,71.38,71.40,71.61,72.16,72.65,73.05,73.19,71.45,69.38,68.47,69.15,69.08,68.66,68.09,67.44,66.83,66.91,67.43,68.11,68.80,69.48,73.77,78.30,81.34,83.54,86.03,87.95,88.89,88.37,86.59,84.55,82.60,81.09,80.85,81.62,83.19,84.91,85.34,85.50,85.49,85.23,84.46,82.88,81.10,78.61,75.25,72.00,70.35,71.13,73.78,76.97,79.25,80.65,81.72,82.90,84.32,85.74,87.25,88.58,88.98,89.35,89.58,89.72,89.85,89.97,89.53,87.36,83.24,79.30,75.14,71.36,68.50,67.29,66.56,65.28,63.33,61.09,60.10,59.90,59.89,59.87,59.85,59.78,59.68,59.57,59.54,59.88,60.65,62.70,66.25,69.68,72.19,74.14,75.74,76.95,77.51,77.64,77.63,77.52,76.89,76.28,75.44,74.23,72.82,71.91,71.08,70.11,68.92,68.14,67.18,66.13,65.09,64.06,62.88,61.62,59.80,56.31,51.88,49.66,48.82,48.13,47.44,47.28,47.51,48.02,48.63,49.25,49.79,50.25,50.61,50.88,50.90,50.75,50.50,50.23,49.97,49.80,49.67,49.47,49.32,49.14,48.92,48.70,48.54,48.33,48.12,47.94,47.73,47.55,47.35,47.13,46.91,46.73,46.53,46.30,46.09,45.92,45.71,45.48,45.27,45.11,44.88,44.65,44.45,44.28,44.05,43.83,43.63,43.45,43.23,43.00,42.81,42.63,42.49,42.91,43.73,44.69,45.67,46.61,47.53
100.83,99.82,98.21,95.44,92.54,90.36,88.68,87.20,85.67,83.96,82.25,80.83,80.13,79.87,79.75,79.64,79.46,79.25,79.04,78.61,77.91,77.33,76.74,76.15,75.67,75.70,76.77,78.11,79.36,80.32,80.92,81.41,81.41,80.82,79.96,78.45,76.71,74.94,73.16,71.38,69.92,68.70,67.63,66.62,65.61,64.59,63.59,62.81,62.57,62.77,62.84,62.13,60.28,58.76,57.48,56.32,55.17,54.04,53.56,53.78,54.58,55.40,56.31,57.26,58.20,59.21,61.78,64.84,67.61,69.24,69.78,69.88,69.71,69.26,68.81,68.44,68.24,68.16,67.86,67.73,67.77,68.01,68.31,67.30,66.42,66.66,68.10,68.48,68.14,67.56,67.01,66.86,67.30,67.95,68.64,69.66,72.31,77.13,81.13,83.37,85.91,88.31,89.82,90.39,89.97,88.55,86.39,84.25,82.78,82.42,82.84,83.86,84.98,85.20,85.33,85.40,85.33,84.87,83.45,81.86,79.98,77.77,75.73,74.82,75.73,77.95,80.21,81.00,81.46,82.02,82.85,84.02,85.39,87.23,89.13,89.77,89.96,89.69,89.16,88.65,88.51,88.28,86.71,83.28,79.22,75.90,73.28,71.36,70.29,68.90,66.99,64.84,63.08,63.24,63.55,63.46,62.89,62.15,61.28,60.36,59.64,59.44,59.45,59.62,60.73,63.15,66.09,68.59,70.66,72.40,73.91,74.73,74.99,75.02,74.96,74.48,74.06,73.50,72.63,71.44,70.48,69.55,68.48,67.29,66.65,65.84,64.90,63.93,63.09,62.10,60.72,58.46,54.48,50.91,49.27,48.59,47.94,47.50,47.64,48.04,48.56,49.14,49.70,50.21,50.66,51.07,51.44,51.47,51.33,51.11,50.82,50.38,50.01,49.75,49.55,49.36,49.15,48.93,48.73,48.55,48.34,48.15,47.96,47.73,47.56,47.37,47.13,46.91,46.75,46.54,46.30,46.09,45.92,45.71,45.48,45.27,45.11,44.88,44.65,44.45,44.28,44.05,43.83,43.63,43.45,43.23,43.00,42.81,42.63,42.48,42.77,43.53,44.47,45.44,46.40,47.40
100.73,99.56,97.88,95.47,92.86,90.95,89.49,88.06,86.45,84.69,83.00,81.61,80.88,80.74,80.59,80.39,80.27,80.02,79.71,79.27,78.64,78.04,77.47,76.83,76.30,76.43,77.47,78.75,79.90,80.74,81.45,81.97,81.82,81.01,80.16,78.69,76.97,75.18,73.39,71.61,70.06,68.76,67.69,66.68,65.66,64.70,63.92,63.60,64.09,64.65,64.93,64.40,62.03,60.06,58.55,57.34,56.16,54.89,53.82,53.35,54.06,54.98,55.96,56.90,57.77,58.70,60.31,62.63,65.23,67.06,67.63,67.67,67.33,66.55,65.70,64.84,64.38,64.22,63.36,62.46,62.00,61.99,62.28,62.33,63.47,65.39,67.40,68.05,67.70,67.10,66.75,67.21,67.80,68.45,69.29,71.09,76.31,80.10,82.70,84.97,88.30,90.22,90.78,90.57,90.18,89.40,87.32,85.18,83.99,83.50,83.81,84.38,84.91,85.08,85.18,85.25,85.21,84.78,83.47,82.11,80.94,80.10,79.77,79.78,80.17,80.79,81.34,81.79,82.20,82.61,83.09,83.86,85.11,87.09,89.24,89.89,90.00,89.15,87.70,86.30,85.91,86.29,85.87,83.70,80.13,78.21,76.96,75.92,74.85,72.74,70.20,67.85,66.64,68.13,69.01,68.75,67.44,65.69,63.70,61.58,59.93,59.46,59.21,59.34,59.71,60.57,62.73,65.00,67.09,68.95,70.56,71.61,72.01,72.10,72.14,71.97,71.62,71.20,70.67,69.79,68.82,67.78,66.66,65.52,64.95,64.39,63.62,62.67,61.87,60.85,59.12,56.33,52.26,50.04,48.99,48.36,47.80,47.75,48.09,48.58,49.11,49.66,50.15,50.61,51.07,51.52,51.98,52.01,51.84,51.61,51.21,50.66,50.14,49.77,49.60,49.38,49.15,48.94,48.77,48.55,48.37,48.18,47.96,47.73,47.56,47.36,47.13,46.91,46.74,46.53,46.30,46.09,45.92,45.71,45.48,45.27,45.10,44.88,44.65,44.45,44.27,44.05,43.83,43.63,43.45,43.23,43.00,42.80,42.63,42.46,42.63,43.34,44.27,45.21,46.20,47.20
100.87,99.61,98.07,96.45,94.75,93.16,91.42,89.33,87.52,85.63,84.04,83.02,82.70,82.42,81.99,81.59,81.50,81.36,80.98,80.30,79.38,78.78,78.12,77.37,76.80,77.05,78.08,79.24,80.31,81.20,82.00,82.47,82.26,81.39,80.43,78.98,77.23,75.36,73.54,71.71,70.13,68.83,67.75,66.69,65.59,64.94,64.81,65.09,65.70,66.47,67.05,66.77,64.35,61.91,59.89,58.35,57.07,55.77,54.55,53.61,53.39,54.04,54.91,55.81,56.76,57.91,59.28,61.15,63.12,64.11,64.50,64.34,63.76,62.81,61.97,61.35,61.00,60.80,60.34,59.87,59.71,59.84,60.19,60.73,62.39,64.63,66.75,67.66,67.33,67.01,67.16,67.75,68.36,68.96,70.67,74.69,79.19,82.06,84.17,86.37,89.37,90.58,90.76,90.44,89.86,88.48,86.55,84.94,84.21,83.75,83.90,84.32,84.75,84.99,85.06,85.08,84.97,84.48,83.35,82.14,81.03,80.39,80.96,81.30,81.65,82.04,82.39,82.67,83.01,83.40,83.81,84.33,85.19,87.16,89.58,89.99,90.02,88.45,85.75,83.09,82.45,83.29,84.14,83.94,81.85,80.70,80.02,79.39,78.34,76.07,73.34,71.09,70.29,71.50,71.82,71.30,70.18,68.61,66.44,63.60,60.97,59.72,59.26,59.21,59.35,59.73,60.63,61.73,63.34,65.24,66.84,68.14,68.81,69.08,69.14,69.09,68.66,68.17,67.66,66.89,66.32,65.69,64.82,63.69,63.18,62.80,62.23,61.40,60.55,58.52,55.78,52.89,50.60,49.45,48.74,48.20,47.92,48.21,48.65,49.12,49.63,50.22,50.70,51.14,51.56,52.03,52.49,52.55,52.30,51.82,51.29,50.70,50.16,49.77,49.61,49.38,49.15,48.94,48.78,48.55,48.34,48.15,47.95,47.73,47.52,47.33,47.13,46.91,46.70,46.51,46.30,46.08,45.87,45.69,45.48,45.26,45.05,44.87,44.65,44.43,44.23,44.05,43.83,43.61,43.41,43.22,43.00,42.78,42.58,42.44,42.53,43.18,44.07,45.02,46.01,46.97
101.20,100.10,98.93,97.96,97.07,95.34,92.83,89.99,88.15,86.57,85.38,84.74,84.64,84.18,83.54,82.97,82.75,82.67,82.20,81.32,80.19,79.47,78.69,77.84,77.26,77.64,78.62,79.69,80.70,81.62,82.49,82.96,82.70,81.76,80.70,79.28,77.50,75.56,73.66,71.78,70.20,68.90,67.84,66.78,65.78,65.48,65.88,66.56,67.25,68.08,68.77,68.66,66.69,64.04,61.56,59.57,58.06,56.72,55.47,54.33,53.45,53.48,53.93,54.68,55.72,56.92,58.16,59.59,60.88,61.22,61.43,61.23,60.71,60.04,59.40,59.01,58.73,58.51,58.34,58.29,58.50,58.91,59.41,60.26,61.87,63.96,66.10,67.26,67.04,67.01,67.56,68.22,68.84,70.18,73.14,78.12,81.33,83.56,85.54,87.58,89.75,90.33,90.25,89.84,88.87,87.11,85.54,84.48,84.00,83.55,83.62,83.97,84.40,84.69,84.80,84.80,84.61,84.06,83.14,82.04,80.98,80.45,81.55,82.21,82.67,83.09,83.45,83.56,83.82,83.99,83.88,83.95,84.83,86.80,89.10,89.67,89.65,87.56,84.07,80.69,79.81,80.73,82.22,83.33,82.73,82.33,81.91,81.33,80.38,78.54,76.43,74.81,74.27,74.58,74.09,73.22,72.14,70.72,68.62,65.23,61.75,59.89,59.29,59.07,59.07,59.25,59.41,59.76,60.74,62.15,63.37,64.56,65.41,65.90,66.03,66.00,65.50,64.90,64.33,63.74,63.46,63.17,62.65,61.80,61.19,60.77,60.18,59.18,57.80,55.31,52.64,50.48,49.55,49.02,48.52,48.17,48.19,48.66,49.13,49.63,50.22,50.91,51.43,51.86,52.27,52.71,53.00,52.86,52.42,51.79,51.19,50.59,50.11,49.76,49.58,49.37,49.15,48.94,48.78,48.55,48.33,48.13,47.95,47.73,47.49,47.31,47.13,46.90,46.67,46.49,46.30,46.08,45.84,45.67,45.48,45.25,45.02,44.86,44.65,44.42,44.20,44.04,43.83,43.59,43.38,43.22,43.00,42.77,42.56,42.42,42.41,43.02,43.90,44.82,45.80,46.75
101.69,101.00,100.41,99.83,99.50,97.13,93.50,89.97,88.32,87.55,87.08,86.74,86.53,85.90,85.19,84.52,83.96,83.86,83.23,82.20,81.00,80.04,79.14,78.24,77.69,78.22,79.10,80.10,81.09,82.03,82.94,83.44,83.13,82.07,80.97,79.58,77.80,75.79,73.80,71.85,70.25,68.97,67.97,66.97,66.31,66.36,67.04,67.85,68.67,69.42,69.95,69.92,68.86,66.36,63.56,61.06,59.18,57.74,56.54,55.44,54.39,53.48,53.20,53.63,54.69,55.73,56.81,57.80,58.49,58.56,58.66,58.59,58.52,58.60,58.31,57.99,57.71,57.49,57.32,57.51,58.04,58.75,59.52,60.53,61.75,63.40,65.46,66.83,66.83,67.05,67.83,68.59,69.33,72.32,76.73,80.89,82.80,84.72,86.74,88.55,89.55,89.60,89.33,88.68,87.19,85.55,84.56,83.95,83.42,82.98,83.05,83.40,83.82,84.13,84.36,84.36,84.09,83.53,82.82,81.83,80.91,80.62,81.91,82.95,83.67,84.18,84.51,84.42,84.50,84.14,83.00,82.44,83.79,85.71,87.48,88.65,88.68,86.44,82.84,79.49,78.35,78.89,80.25,81.80,82.44,82.78,82.47,81.66,80.88,79.99,79.32,78.84,78.35,77.19,75.87,74.56,73.24,71.79,69.87,66.09,61.98,59.91,59.24,58.91,58.79,58.89,59.03,59.26,59.58,59.96,60.39,61.08,61.94,62.64,62.91,62.81,62.27,61.57,60.94,60.64,60.45,60.31,60.16,59.83,58.95,58.18,57.27,55.85,53.51,51.46,50.20,49.58,49.16,48.72,48.40,48.32,48.60,49.05,49.52,50.13,50.90,51.75,52.36,52.81,53.21,53.57,53.47,52.89,52.16,51.49,50.92,50.38,49.99,49.74,49.52,49.35,49.14,48.94,48.77,48.55,48.32,48.13,47.95,47.73,47.49,47.31,47.13,46.90,46.67,46.49,46.30,46.08,45.84,45.67,45.48,45.25,45.02,44.86,44.65,44.42,44.20,44.04,43.83,43.59,43.38,43.22,43.00,42.77,42.56,42.41,42.27,42.86,43.76,44.63,45.56,46.54
101.72,101.44,101.06,100.55,100.26,98.18,94.73,91.06,89.63,89.22,89.02,88.75,88.28,87.60,86.87,86.13,85.45,85.13,83.88,82.23,80.76,79.91,79.16,78.44,78.08,78.68,79.48,80.51,81.64,82.70,83.60,83.91,83.45,82.32,81.19,79.92,78.21,76.15,73.97,71.78,70.16,68.97,68.05,67.17,67.02,67.34,67.97,68.77,69.50,70.09,70.48,70.51,69.84,67.91,65.47,62.95,60.63,58.91,57.57,56.41,55.23,54.02,53.22,52.97,53.39,54.16,55.11,55.83,56.18,56.18,56.45,56.67,56.88,57.17,57.16,56.92,56.65,56.50,56.71,57.24,57.97,58.79,59.69,60.86,62.03,63.36,64.94,66.43,66.80,67.26,68.10,69.04,71.05,75.25,79.88,82.80,84.43,85.91,87.37,88.64,89.23,89.02,88.35,87.36,86.01,84.47,83.74,83.34,82.81,82.35,82.49,82.82,83.15,83.47,83.85,83.86,83.52,82.98,82.46,81.56,80.84,80.89,82.25,83.56,84.61,85.38,85.72,85.09,83.88,82.36,80.91,80.47,81.24,82.47,83.89,85.33,86.05,85.07,82.66,79.50,77.59,77.45,78.71,80.75,81.68,82.37,82.45,82.01,81.38,80.80,80.37,79.90,78.80,75.78,73.92,72.77,71.89,70.90,68.63,64.62,60.85,59.73,59.26,58.93,58.73,58.69,58.68,58.82,58.99,59.16,59.36,59.65,60.11,60.52,60.69,60.64,60.22,59.70,59.23,58.92,58.74,58.63,58.45,57.90,56.62,55.18,53.75,52.40,51.09,50.06,49.45,49.14,48.85,48.67,48.63,48.74,49.03,49.44,50.05,50.80,51.63,52.49,53.21,53.73,54.04,54.01,53.54,52.82,52.02,51.27,50.64,50.18,49.87,49.63,49.41,49.24,49.07,48.88,48.68,48.49,48.30,48.11,47.91,47.72,47.49,47.31,47.13,46.90,46.67,46.49,46.30,46.08,45.84,45.67,45.48,45.25,45.02,44.86,44.65,44.42,44.20,44.04,43.83,43.59,43.38,43.22,43.00,42.77,42.56,42.40,42.20,42.73,43.57,44.44,45.36,46.31
101.41,101.46,101.23,100.83,100.48,98.91,96.10,92.71,91.51,91.01,90.60,90.08,89.43,88.77,88.07,87.36,86.74,86.36,84.55,82.26,80.41,79.69,79.12,78.65,78.49,79.09,79.87,80.95,82.19,83.38,84.32,84.40,83.75,82.59,81.45,80.29,78.63,76.50,74.13,71.72,70.08,68.98,68.20,67.55,67.79,68.29,68.85,69.60,70.17,70.63,70.90,70.85,70.36,68.95,66.92,64.46,61.87,59.88,58.39,57.14,55.90,54.62,53.47,52.69,52.51,52.91,53.53,53.94,54.05,54.03,54.43,54.91,55.36,55.71,55.92,55.81,55.67,55.75,56.32,57.12,57.96,58.81,59.74,60.85,61.94,63.06,64.39,66.08,66.88,67.57,68.48,69.77,73.40,78.36,82.64,84.52,86.11,87.14,87.96,88.66,88.91,88.48,87.43,86.12,84.99,83.53,82.93,82.64,82.20,81.75,81.92,82.22,82.44,82.78,83.28,83.31,82.94,82.43,82.00,81.22,80.78,81.18,82.55,83.89,85.07,85.98,86.19,85.19,83.03,80.64,78.89,78.36,78.44,79.05,80.16,81.70,83.02,83.33,82.31,79.75,77.17,76.18,77.27,79.86,80.94,81.77,82.16,82.06,81.51,80.96,80.09,78.87,76.91,73.03,71.06,70.15,69.63,68.79,66.13,62.55,59.80,59.57,59.28,58.99,58.76,58.60,58.46,58.50,58.59,58.69,58.76,58.77,58.86,58.98,59.05,59.06,58.78,58.39,58.01,57.59,57.37,57.20,56.86,56.01,54.51,52.62,50.94,49.91,49.67,49.46,49.23,48.98,48.79,48.84,49.00,49.24,49.55,50.00,50.77,51.63,52.47,53.27,54.04,54.56,54.68,54.19,53.42,52.62,51.81,51.02,50.35,49.99,49.74,49.51,49.30,49.12,48.96,48.79,48.57,48.40,48.24,48.05,47.84,47.67,47.47,47.28,47.10,46.88,46.65,46.48,46.29,46.08,45.84,45.67,45.48,45.25,45.02,44.86,44.65,44.42,44.20,44.04,43.83,43.59,43.38,43.22,43.00,42.77,42.56,42.39,42.17,42.60,43.39,44.26,45.17,46.08
100.59,100.74,100.77,100.75,100.39,99.32,97.44,94.98,94.04,92.70,91.16,89.83,89.28,88.73,88.16,87.67,87.44,87.45,85.55,82.80,80.38,79.64,79.22,78.97,78.97,79.44,80.32,81.46,82.69,83.92,85.08,84.92,84.07,82.92,81.82,80.68,78.98,76.78,74.27,71.75,70.08,69.06,68.54,68.38,68.62,69.10,69.73,70.46,70.84,71.23,71.40,71.02,70.49,69.26,67.34,64.88,62.46,60.35,58.74,57.46,56.23,55.04,53.88,53.07,52.79,52.63,52.48,52.36,52.27,52.24,52.52,53.13,53.77,54.14,54.44,54.61,54.92,55.50,56.23,57.05,57.87,58.66,59.44,60.07,60.75,61.86,63.67,65.86,67.11,68.04,69.12,71.11,76.47,81.46,84.81,86.23,87.81,88.45,88.78,89.00,88.70,87.95,86.65,85.17,84.05,82.68,82.04,81.83,81.66,81.19,81.31,81.53,81.70,82.08,82.59,82.64,82.32,81.84,81.33,80.78,80.72,81.46,82.79,83.68,84.49,85.09,84.90,84.08,82.38,80.12,77.73,76.14,75.97,76.40,77.22,78.63,80.00,80.86,80.98,79.88,77.15,75.13,75.79,79.02,80.53,81.29,81.57,81.42,80.79,79.98,77.73,74.68,71.64,69.51,68.20,67.40,66.64,64.96,62.19,60.41,59.69,59.50,59.27,59.02,58.81,58.66,58.51,58.40,58.30,58.18,58.03,58.01,58.07,58.16,58.23,58.29,58.01,57.54,56.96,56.35,56.06,55.70,55.11,54.16,52.90,51.30,50.13,49.73,49.49,49.32,49.21,49.18,49.26,49.39,49.51,49.75,50.27,50.96,51.82,52.70,53.51,54.18,54.88,55.18,54.93,54.04,53.09,52.17,51.34,50.65,50.09,49.82,49.61,49.40,49.22,49.01,48.84,48.68,48.50,48.29,48.12,47.93,47.71,47.55,47.39,47.19,46.99,46.81,46.58,46.41,46.25,46.07,45.84,45.67,45.48,45.25,45.02,44.86,44.65,44.42,44.20,44.04,43.83,43.59,43.38,43.22,43.00,42.77,42.56,42.39,42.17,42.50,43.21,44.13,44.99,45.85
99.16,99.73,100.20,100.41,100.21,98.98,97.00,94.75,93.38,91.88,90.48,89.41,88.89,88.42,88.22,88.26,88.43,88.61,87.34,85.11,82.57,80.98,79.91,79.44,79.63,80.48,81.13,81.99,83.07,84.30,85.49,85.47,84.72,83.60,82.47,81.20,79.44,77.22,74.67,72.16,70.49,69.52,69.16,69.23,69.58,70.06,70.66,71.39,71.77,71.81,71.54,70.94,70.43,68.83,66.56,64.09,62.11,60.39,59.01,57.83,56.59,55.42,54.29,53.48,53.14,52.83,52.46,52.14,51.89,51.70,51.78,52.16,52.66,53.08,53.49,53.90,54.44,55.16,55.92,56.73,57.54,58.30,58.91,59.36,59.85,60.71,62.35,65.04,67.19,68.65,70.12,73.43,78.85,83.56,86.78,88.30,89.29,89.45,89.28,88.97,88.41,87.39,85.95,84.37,83.02,81.76,81.15,80.95,80.86,80.56,80.65,80.81,80.98,81.34,81.94,82.07,81.75,81.19,80.68,79.83,79.45,79.90,80.75,81.90,82.87,83.47,83.53,82.88,81.61,79.83,77.54,75.11,73.81,73.59,74.31,75.76,77.28,78.32,78.62,77.63,74.88,73.55,74.77,78.13,80.06,80.85,81.06,80.80,79.80,78.09,75.32,72.18,69.43,67.83,66.59,65.50,64.31,62.51,60.61,59.76,59.60,59.40,59.21,59.04,58.89,58.78,58.70,58.67,58.60,58.44,58.20,58.10,57.96,57.80,57.68,57.61,57.32,56.80,56.09,55.45,55.05,54.59,53.99,53.27,52.43,51.13,50.10,49.75,49.61,49.48,49.45,49.55,49.91,50.45,50.84,51.12,51.46,52.19,53.05,53.92,54.72,55.32,55.63,55.38,54.67,53.64,52.66,51.75,50.92,50.26,49.88,49.68,49.51,49.31,49.12,48.92,48.73,48.55,48.39,48.16,47.99,47.82,47.62,47.44,47.27,47.10,46.90,46.71,46.51,46.32,46.15,45.98,45.79,45.60,45.41,45.20,44.97,44.81,44.63,44.42,44.20,44.04,43.83,43.59,43.38,43.22,43.00,42.77,42.56,42.39,42.17,42.43,43.06,43.96,44.89,45.91
97.40,98.42,99.30,99.63,99.42,97.82,95.53,93.31,91.56,90.27,89.43,88.91,88.40,88.08,88.33,88.90,89.39,89.73,89.27,87.89,85.67,83.43,81.72,80.86,81.01,82.16,82.48,82.93,83.69,84.75,85.78,86.03,85.52,84.39,83.16,81.73,79.91,77.72,75.23,72.79,71.18,70.28,70.00,70.18,70.64,71.15,71.70,72.40,72.65,72.22,71.45,70.69,70.02,67.86,65.16,62.68,61.29,60.16,59.13,58.08,56.89,55.75,54.68,53.90,53.52,53.20,52.83,52.45,52.07,51.73,51.58,51.62,51.86,52.33,52.85,53.44,54.07,54.78,55.54,56.32,57.11,57.82,58.28,58.72,59.16,59.85,61.23,64.26,67.23,69.30,71.31,75.72,80.37,84.57,87.86,89.64,90.02,89.83,89.34,88.68,88.07,86.84,85.31,83.67,81.97,80.38,79.36,78.86,78.78,78.70,78.77,78.93,79.32,80.22,81.23,81.54,81.14,80.20,79.28,77.92,77.05,77.11,77.63,79.41,80.89,81.78,82.24,81.89,81.10,79.88,77.91,74.77,72.19,71.16,71.74,73.10,74.70,75.76,75.90,74.61,72.09,71.90,73.83,77.05,79.30,80.20,80.37,79.94,78.47,75.83,73.00,70.44,68.44,66.93,65.54,64.11,62.56,60.92,60.07,59.71,59.54,59.35,59.19,59.09,59.02,58.95,58.95,59.07,59.11,59.00,58.75,58.57,58.22,57.80,57.44,57.18,56.87,56.34,55.63,55.07,54.61,54.15,53.67,53.20,52.80,51.79,50.83,50.37,50.24,50.19,50.21,50.41,51.04,52.01,52.64,52.87,52.91,53.53,54.34,55.20,55.96,56.29,56.05,55.26,54.18,53.13,52.17,51.30,50.51,49.91,49.71,49.55,49.40,49.23,49.01,48.84,48.64,48.44,48.26,48.05,47.87,47.71,47.54,47.32,47.15,46.99,46.81,46.59,46.42,46.22,46.03,45.86,45.70,45.49,45.30,45.13,44.91,44.74,44.58,44.40,44.18,44.02,43.81,43.58,43.37,43.20,42.99,42.76,42.55,42.38,42.17,42.35,42.92,43.84,44.88,46.12
95.30,96.32,97.24,97.51,96.46,94.70,92.74,91.01,90.05,89.37,88.83,88.35,87.87,88.10,88.66,89.30,89.87,90.57,90.48,89.87,89.00,88.05,86.91,85.66,84.83,85.33,85.36,85.39,85.52,85.78,86.19,86.66,86.35,85.09,83.61,82.04,80.23,78.17,75.91,73.71,72.33,71.58,71.34,71.44,71.89,72.45,73.05,73.56,72.91,71.98,71.06,70.08,68.61,66.00,63.09,60.73,60.07,59.52,58.78,57.85,56.84,55.85,54.95,54.28,53.90,53.53,53.15,52.76,52.39,52.06,51.76,51.53,51.57,52.04,52.58,53.13,53.73,54.39,55.16,55.94,56.63,57.19,57.62,58.20,58.93,60.02,61.80,64.48,67.27,69.94,72.78,76.41,79.66,82.96,85.89,87.64,88.22,88.25,88.14,87.98,87.63,86.33,84.76,83.10,80.95,77.34,74.14,72.32,72.21,72.18,72.33,72.72,74.06,77.64,80.18,81.06,80.35,78.01,75.02,73.03,72.12,72.37,73.74,76.55,79.13,80.82,81.32,81.81,81.70,80.88,78.97,75.42,72.13,70.43,70.38,70.93,72.23,73.23,73.34,72.14,70.60,70.79,72.52,75.27,77.46,78.67,78.85,78.07,76.25,73.50,71.09,69.16,67.63,66.21,64.86,63.45,61.97,60.60,59.98,59.71,59.58,59.51,59.42,59.33,59.25,59.20,59.26,59.39,59.51,59.56,59.46,59.27,58.89,58.44,58.00,57.60,57.18,56.82,56.53,56.25,55.91,55.68,55.41,54.94,54.68,53.92,53.26,52.97,52.46,52.46,52.57,52.84,53.73,54.73,55.00,54.83,54.67,54.95,55.63,56.50,57.08,56.30,55.44,54.53,53.57,52.55,51.56,50.67,50.04,49.75,49.58,49.43,49.27,49.11,48.94,48.73,48.54,48.35,48.15,47.97,47.77,47.58,47.42,47.25,47.04,46.86,46.69,46.47,46.30,46.13,45.94,45.74,45.58,45.37,45.17,45.02,44.84,44.63,44.46,44.27,44.05,43.89,43.72,43.52,43.30,43.14,42.92,42.73,42.54,42.34,42.15,42.25,42.81,43.91,45.13,46.42
93.75,94.27,95.17,94.81,93.38,91.93,90.61,89.48,88.97,88.55,88.18,87.90,87.82,88.37,89.05,89.75,90.52,91.19,91.18,90.90,90.65,90.59,90.81,90.15,88.95,88.61,87.99,87.63,87.45,87.30,87.29,87.57,87.08,85.56,83.85,82.21,80.45,78.55,76.54,74.61,73.56,73.05,72.81,72.75,73.14,73.72,74.19,74.00,72.79,71.53,70.32,68.93,67.04,64.23,61.52,59.68,59.29,58.98,58.38,57.52,56.61,55.86,55.25,54.74,54.31,53.86,53.42,52.99,52.60,52.25,51.90,51.56,51.43,51.77,52.28,52.85,53.44,54.08,54.79,55.48,56.16,56.81,57.39,58.13,59.02,60.38,62.52,65.00,67.56,70.22,73.02,75.91,78.18,80.36,82.25,83.39,83.83,83.96,84.12,84.39,84.54,84.20,83.64,82.55,79.91,75.25,71.39,69.21,68.86,68.76,69.03,69.62,71.31,75.83,79.34,80.63,79.50,75.83,71.93,70.02,69.36,69.67,71.26,74.57,77.87,80.32,81.34,82.37,82.87,82.65,81.27,77.92,74.91,72.84,71.50,70.21,70.58,71.18,71.28,70.51,69.73,70.00,71.25,73.25,75.15,76.31,76.34,75.35,73.53,71.35,69.55,68.08,66.78,65.40,64.09,62.91,61.84,60.84,60.20,59.85,59.70,59.70,59.63,59.55,59.49,59.45,59.47,59.62,60.18,60.99,61.50,61.30,60.28,59.19,58.64,58.16,57.81,57.60,57.53,57.50,57.29,57.22,57.14,56.78,56.66,56.18,55.92,56.10,55.91,56.06,56.21,56.38,56.93,57.42,57.27,56.81,56.53,56.65,57.10,57.47,57.29,55.89,54.60,53.61,52.75,51.83,50.88,50.18,49.76,49.61,49.46,49.30,49.15,48.99,48.83,48.61,48.43,48.25,48.03,47.86,47.67,47.48,47.30,47.14,46.93,46.74,46.57,46.37,46.18,46.02,45.85,45.64,45.46,45.26,45.07,44.89,44.73,44.54,44.35,44.16,43.96,43.77,43.61,43.44,43.23,43.05,42.85,42.66,42.47,42.27,42.11,42.17,42.78,44.09,45.42,46.77
92.67,92.36,93.12,91.89,90.56,89.72,89.14,88.60,88.19,87.81,87.59,87.65,88.16,88.82,89.48,90.26,91.26,91.60,91.48,91.19,91.01,91.51,93.34,93.88,92.94,91.94,90.57,89.85,89.51,89.16,88.84,88.64,87.74,85.95,84.06,82.36,80.64,78.87,77.10,75.49,74.82,74.56,74.33,74.09,74.39,74.89,75.03,73.86,72.46,71.02,69.45,67.53,65.52,62.73,60.51,59.38,58.90,58.55,57.97,57.18,56.37,55.89,55.62,55.27,54.75,54.22,53.70,53.20,52.76,52.37,52.02,51.66,51.41,51.49,51.97,52.56,53.17,53.79,54.40,55.02,55.80,56.70,57.52,58.41,59.37,60.89,63.25,65.63,67.93,70.09,72.23,74.50,76.19,77.20,77.73,77.94,78.03,78.17,78.50,79.06,79.80,81.03,82.08,81.96,78.99,74.21,70.88,69.04,68.32,68.00,68.41,69.15,70.76,74.75,78.67,80.20,78.62,73.77,70.04,68.70,68.43,68.75,70.08,73.50,77.18,80.23,82.03,83.35,84.28,84.73,84.16,81.58,79.51,77.34,74.51,70.90,69.82,69.73,69.79,69.60,69.31,69.46,70.09,71.20,72.63,73.42,73.23,72.20,70.68,69.47,68.33,67.16,65.91,64.56,63.41,62.64,62.22,61.70,60.95,60.46,60.25,60.20,60.08,59.93,59.80,59.71,59.68,59.93,61.18,63.10,64.51,64.44,62.59,60.53,59.51,58.84,58.61,58.52,58.52,58.74,58.76,58.88,58.99,58.91,58.98,58.78,58.93,59.67,60.12,60.44,60.54,60.45,60.25,59.88,59.32,58.73,58.37,58.42,58.57,58.09,56.81,55.18,53.66,52.56,51.77,51.01,50.20,49.81,49.63,49.48,49.33,49.17,49.02,48.87,48.70,48.49,48.30,48.12,47.91,47.74,47.58,47.39,47.18,47.02,46.80,46.61,46.45,46.29,46.08,45.90,45.74,45.57,45.34,45.17,44.98,44.77,44.61,44.45,44.25,44.05,43.88,43.66,43.49,43.33,43.15,42.94,42.76,42.57,42.36,42.20,42.05,42.10,42.79,44.28,45.70,47.09
91.87,90.79,90.86,90.02,89.25,88.68,88.22,87.77,87.38,87.49,87.75,88.08,88.64,89.32,90.03,90.74,91.38,91.69,91.50,91.23,91.47,93.04,94.63,95.47,95.64,95.59,94.64,93.49,92.28,90.97,89.80,89.35,88.53,86.95,84.96,83.10,81.07,79.08,77.60,76.50,76.06,75.89,75.75,75.60,75.75,75.66,75.04,73.64,72.27,70.89,69.21,66.95,64.69,62.21,60.30,59.27,58.69,58.17,57.63,57.09,56.66,56.40,56.15,55.80,55.30,54.77,54.23,53.70,53.20,52.71,52.25,51.81,51.43,51.25,51.66,52.25,52.87,53.45,53.91,54.78,55.87,56.96,57.86,58.74,59.95,61.72,64.00,65.79,67.46,69.14,70.87,72.60,73.82,74.47,74.75,74.88,75.02,75.39,75.90,76.56,77.55,79.04,80.51,81.05,79.06,74.70,71.30,69.25,68.30,67.38,67.84,68.81,70.51,74.19,77.95,79.46,77.66,72.29,69.19,67.78,67.62,68.53,70.13,73.82,77.67,80.78,82.60,84.13,84.94,85.29,85.14,83.91,82.33,80.46,77.81,73.54,70.69,69.66,69.56,69.41,69.15,69.13,69.38,69.91,70.60,70.93,70.76,70.15,69.16,68.24,67.31,66.28,65.11,64.02,63.74,63.82,64.05,64.34,63.74,63.27,63.00,62.67,62.15,61.51,60.79,60.13,60.20,61.13,62.93,65.23,67.22,68.14,67.42,65.17,61.82,59.78,59.30,59.30,59.44,60.02,60.99,61.82,62.45,62.92,63.38,63.47,63.72,64.18,63.77,63.83,63.62,63.03,62.37,61.43,60.73,60.19,59.72,59.42,59.25,58.27,56.36,54.39,52.80,51.56,50.68,50.25,49.79,49.57,49.47,49.35,49.20,49.05,48.89,48.74,48.58,48.40,48.21,48.01,47.82,47.62,47.46,47.29,47.10,46.90,46.72,46.52,46.33,46.17,45.99,45.80,45.61,45.44,45.22,45.05,44.88,44.69,44.49,44.33,44.13,43.92,43.76,43.58,43.38,43.20,43.03,42.81,42.64,42.47,42.30,42.14,42.03,41.97,42.59,44.17,45.76,47.19
90.71,89.49,89.10,88.64,88.22,87.78,87.42,87.25,87.14,87.63,88.21,88.68,89.20,89.77,90.40,90.98,91.34,91.68,91.52,91.27,91.57,93.39,94.56,95.50,96.44,97.20,96.99,95.85,94.26,92.59,91.05,90.41,89.66,88.32,86.50,84.58,82.18,79.80,78.38,77.57,77.25,77.13,77.05,76.94,76.89,76.31,75.12,73.71,72.36,71.05,69.44,67.23,65.05,62.64,60.61,59.32,58.73,58.15,57.66,57.31,57.14,56.98,56.72,56.34,55.85,55.33,54.80,54.25,53.71,53.17,52.63,52.14,51.64,51.20,51.40,51.94,52.53,53.02,53.36,54.33,55.60,56.89,57.98,59.03,60.40,62.15,64.11,65.46,66.71,68.06,69.44,70.50,71.25,71.72,72.03,72.33,72.64,73.18,73.83,74.60,75.76,77.28,78.81,79.72,78.78,75.24,71.89,69.56,68.32,66.93,67.26,68.31,69.94,72.86,76.06,77.29,75.59,70.81,68.39,66.96,66.88,68.28,70.10,73.90,77.87,81.02,82.70,84.28,85.11,85.48,85.59,85.32,84.20,82.67,80.45,76.63,73.15,71.45,70.75,69.95,69.30,69.00,68.91,68.95,69.11,69.14,69.00,68.66,68.01,67.19,66.36,65.50,64.63,64.06,64.56,65.29,66.01,66.82,66.79,66.66,66.41,65.64,64.61,63.43,62.11,61.00,61.20,62.65,64.72,67.06,69.34,71.13,71.36,69.43,65.32,62.48,61.49,61.35,61.69,62.59,64.22,65.72,66.90,67.78,68.49,68.66,68.69,68.51,67.35,66.83,66.13,65.10,64.04,62.76,61.99,61.49,60.91,60.26,59.77,58.48,56.24,53.91,51.98,50.66,49.91,49.70,49.48,49.37,49.29,49.20,49.07,48.92,48.77,48.61,48.46,48.30,48.11,47.91,47.73,47.53,47.34,47.18,47.00,46.78,46.61,46.43,46.22,46.05,45.89,45.69,45.49,45.32,45.11,44.93,44.77,44.59,44.37,44.20,44.01,43.81,43.64,43.49,43.29,43.09,42.91,42.70,42.54,42.40,42.25,42.11,42.00,41.88,42.40,43.94,45.62,47.15
89.04,88.51,88.14,87.69,87.26,86.83,86.72,87.20,87.75,88.35,88.90,89.35,89.81,90.13,90.52,90.92,91.24,91.61,91.63,91.37,91.15,91.91,92.85,93.83,94.81,95.76,96.44,95.94,94.89,93.91,92.77,92.01,91.17,90.06,88.77,86.98,84.28,81.41,79.67,78.78,78.41,78.26,78.15,77.95,77.70,76.88,75.54,74.20,72.84,71.56,70.20,68.60,66.96,64.21,61.49,59.60,59.09,58.62,58.23,57.93,57.72,57.55,57.29,56.89,56.37,55.89,55.37,54.83,54.28,53.74,53.20,52.70,52.11,51.41,51.19,51.61,52.14,52.50,52.73,53.48,54.73,56.23,57.70,59.20,60.57,61.91,63.27,64.53,65.76,66.99,67.97,68.18,68.47,68.83,69.30,69.93,70.44,71.02,71.73,72.66,74.01,75.52,76.91,77.88,77.72,75.40,72.45,69.93,68.26,66.65,66.66,67.52,68.80,70.34,72.52,73.17,71.97,69.20,67.37,66.14,66.24,67.83,69.63,73.22,77.22,80.54,82.11,83.57,84.75,85.51,85.74,85.71,85.12,83.89,82.07,79.88,77.52,75.63,73.77,71.47,69.90,69.17,68.69,68.29,68.28,68.27,68.10,67.73,67.10,66.30,65.51,64.89,64.63,64.87,65.78,66.81,67.75,68.66,69.68,70.33,70.17,68.78,67.18,65.47,63.74,62.43,62.78,64.38,66.33,68.38,70.63,72.86,73.34,72.32,70.14,67.65,65.88,65.32,65.92,67.01,68.73,70.66,72.35,73.33,73.99,73.97,73.40,72.32,70.95,69.49,68.13,66.81,65.37,63.98,63.19,62.67,62.00,61.09,60.27,58.86,56.62,53.91,51.23,49.92,49.61,49.45,49.28,49.18,49.10,49.02,48.93,48.79,48.64,48.48,48.33,48.18,48.02,47.83,47.61,47.45,47.24,47.05,46.88,46.66,46.49,46.33,46.14,45.94,45.77,45.56,45.36,45.20,45.04,44.83,44.64,44.47,44.25,44.08,43.92,43.73,43.53,43.36,43.20,43.01,42.80,42.63,42.48,42.36,42.25,42.10,41.96,41.85,42.28,43.58,45.24,46.96
87.97,87.53,87.11,86.78,86.81,86.91,87.21,87.83,88.48,89.08,89.50,89.77,90.03,90.33,90.69,91.04,91.31,91.61,91.82,91.68,91.21,91.24,91.69,92.33,93.12,94.11,95.06,95.34,94.97,94.02,93.03,92.27,91.64,91.07,90.44,89.21,87.50,85.43,83.17,81.17,79.83,79.10,78.89,78.62,78.35,77.52,76.17,74.88,73.71,72.61,71.51,70.34,69.05,66.31,63.15,60.50,59.60,59.17,58.85,58.56,58.33,58.13,57.86,57.45,56.93,56.46,55.94,55.40,54.85,54.31,53.73,53.10,52.37,51.57,51.02,51.23,51.62,51.89,52.08,52.63,53.80,55.34,56.88,58.43,59.89,61.26,62.48,63.68,64.81,65.49,65.62,65.34,65.38,65.86,66.73,67.80,68.26,68.70,69.45,70.67,72.16,73.59,74.87,75.81,75.93,74.54,72.27,69.98,68.16,66.55,65.76,66.07,67.20,68.31,69.64,69.99,69.21,67.45,65.85,65.20,65.75,67.34,68.85,71.12,74.41,78.08,80.90,82.96,84.53,85.53,85.82,85.80,85.47,84.84,83.96,82.92,81.83,80.19,77.89,74.91,71.93,70.02,68.89,68.35,68.09,67.84,67.61,67.32,66.86,66.42,65.89,65.43,65.26,65.57,66.66,67.91,69.18,70.83,72.51,73.58,73.43,71.39,68.91,66.86,65.04,63.63,63.73,65.30,67.09,68.87,70.99,73.68,75.18,75.21,73.75,71.90,70.28,69.79,70.54,71.84,73.89,75.70,76.97,77.52,77.81,77.69,76.88,75.28,73.52,71.46,69.67,68.19,66.69,65.25,64.40,63.74,62.85,61.82,60.89,59.48,57.16,53.83,50.96,49.68,49.44,49.25,49.09,48.99,48.91,48.83,48.75,48.62,48.48,48.36,48.20,48.05,47.89,47.71,47.50,47.33,47.15,46.95,46.76,46.57,46.38,46.20,46.04,45.85,45.66,45.46,45.27,45.08,44.92,44.74,44.54,44.35,44.16,43.97,43.80,43.63,43.44,43.24,43.08,42.91,42.73,42.61,42.47,42.33,42.22,42.09,41.95,41.85,42.18,43.27,44.91,46.64
87.13,86.69,86.31,86.26,86.78,87.41,88.03,88.63,89.20,89.69,89.97,90.03,90.16,90.49,90.86,91.16,91.39,91.64,91.99,91.97,91.42,90.98,90.94,91.17,91.69,92.56,93.47,94.35,94.64,93.83,92.89,92.22,91.86,91.77,91.65,91.03,90.37,89.28,86.91,84.08,81.74,80.24,79.63,79.23,78.97,78.19,76.93,75.74,74.80,73.90,73.00,72.11,71.02,68.51,65.23,62.06,60.75,60.13,59.69,59.29,58.98,58.72,58.43,58.02,57.50,57.03,56.50,55.97,55.43,54.83,54.19,53.41,52.56,51.75,50.96,50.90,51.08,51.27,51.44,51.81,52.87,54.38,55.89,57.38,58.95,60.43,61.66,62.79,63.79,63.91,63.21,62.53,62.36,63.00,64.27,65.70,66.01,66.27,67.08,68.56,70.17,71.56,72.75,73.63,73.88,73.20,71.67,69.85,68.13,66.56,65.09,64.72,65.47,66.40,67.10,67.26,66.80,65.61,64.27,64.30,65.27,66.78,68.06,69.16,71.70,75.61,79.82,82.57,84.44,85.52,85.74,85.62,85.34,85.21,85.21,85.07,85.01,83.74,81.38,78.19,74.12,71.06,69.29,68.66,68.17,67.73,67.49,67.36,67.12,67.01,66.74,66.36,66.05,66.18,67.36,68.84,70.57,73.10,75.32,76.69,76.48,73.75,70.22,67.90,66.14,64.69,64.46,65.88,67.52,69.10,71.20,74.33,76.86,77.86,76.89,75.74,74.57,74.29,75.07,76.34,78.38,79.80,80.46,80.54,80.44,80.19,79.27,77.39,75.23,72.83,70.79,69.21,67.81,66.38,65.44,64.63,63.59,62.52,61.50,60.04,57.63,53.72,50.85,49.61,49.35,49.13,48.95,48.83,48.73,48.64,48.56,48.43,48.31,48.22,48.08,47.92,47.77,47.59,47.38,47.21,47.05,46.86,46.64,46.48,46.28,46.09,45.92,45.76,45.54,45.36,45.18,44.97,44.80,44.64,44.45,44.23,44.08,43.86,43.68,43.52,43.35,43.14,42.98,42.83,42.69,42.59,42.46,42.31,42.18,42.09,41.95,41.84,42.07,42.97,44.59,46.31
86.41,86.21,86.23,86.86,87.57,88.24,88.83,89.36,89.75,89.97,90.06,90.12,90.33,90.68,90.96,91.15,91.34,91.68,92.05,92.10,91.67,91.27,90.97,90.89,91.06,91.46,91.96,92.77,93.54,93.70,92.79,92.43,92.26,92.08,91.99,91.73,91.32,90.69,89.56,87.48,84.90,82.47,80.68,79.93,79.60,78.90,77.84,77.03,76.27,75.45,74.59,73.68,72.45,70.53,67.93,65.12,63.63,62.23,61.14,60.32,59.65,59.30,59.00,58.59,58.07,57.60,57.08,56.56,56.02,55.23,54.43,53.60,52.79,52.05,51.22,50.74,50.57,50.64,50.80,51.05,51.98,53.39,54.77,56.34,57.91,59.38,60.68,61.68,62.53,62.43,61.39,60.24,59.78,60.53,62.03,63.49,63.50,63.63,64.50,66.16,67.88,69.33,70.50,71.35,71.63,71.26,70.43,69.44,68.32,66.77,65.31,64.20,63.75,64.45,64.95,65.10,64.70,63.62,62.94,63.55,64.72,66.06,67.47,68.75,71.08,74.78,79.64,82.78,84.59,85.39,85.28,84.86,84.25,84.04,84.32,84.72,84.93,84.01,82.12,79.42,75.59,72.12,69.90,69.10,68.57,68.24,68.20,68.29,68.23,68.16,67.91,67.44,66.79,66.63,67.77,69.62,72.06,75.34,78.15,79.76,79.35,75.81,70.97,68.46,66.92,65.57,65.02,66.09,67.58,69.26,71.75,75.28,78.19,79.79,79.68,79.10,78.52,78.46,78.98,79.53,80.36,81.00,81.30,81.22,80.88,80.44,79.46,77.64,75.24,73.01,71.06,69.47,68.35,67.04,66.01,65.13,64.22,63.20,61.93,60.27,57.77,53.59,50.74,49.61,49.41,49.18,48.96,48.76,48.59,48.46,48.37,48.23,48.12,48.04,47.94,47.80,47.64,47.48,47.30,47.09,46.92,46.73,46.52,46.36,46.19,45.99,45.80,45.63,45.41,45.23,45.07,44.89,44.68,44.52,44.32,44.11,43.95,43.78,43.59,43.39,43.23,43.06,42.95,42.83,42.68,42.54,42.44,42.31,42.18,42.09,41.95,41.80,41.93,42.66,44.28,46.03
86.40,86.23,86.35,87.26,88.14,88.91,89.49,89.81,90.03,90.12,90.16,90.24,90.50,90.75,90.93,91.09,91.36,91.73,92.12,92.25,91.99,91.59,91.20,90.92,90.81,90.87,91.18,91.76,92.42,92.86,92.62,92.55,92.54,92.51,92.37,92.22,91.92,91.42,90.46,88.41,86.05,83.82,82.04,81.08,80.60,79.96,79.14,78.50,77.78,77.00,76.14,75.13,73.86,72.11,70.02,67.92,66.58,64.97,63.61,62.53,61.54,60.74,59.90,59.18,58.68,58.21,57.63,57.02,56.35,55.57,54.79,53.98,53.17,52.37,51.52,50.81,50.39,50.33,50.38,50.47,51.09,52.19,53.59,55.15,56.69,58.14,59.44,60.48,61.26,61.16,60.12,58.71,58.16,58.91,60.32,61.44,61.08,60.89,61.79,63.78,65.33,66.56,67.43,68.04,68.49,68.48,68.45,68.38,68.03,66.91,65.59,64.24,63.15,62.95,62.91,62.95,62.71,61.99,62.05,62.82,64.14,65.94,67.85,69.71,72.33,75.86,80.00,83.02,84.47,84.73,84.08,83.40,82.63,82.23,82.36,82.88,83.22,82.62,81.23,79.20,76.20,73.05,70.67,69.44,68.88,68.77,68.93,69.25,69.61,69.62,69.18,68.42,67.54,67.19,68.27,70.36,73.27,76.81,79.49,80.84,80.38,77.15,71.86,69.05,67.44,66.19,65.75,66.65,67.97,69.79,73.04,76.91,79.54,80.94,81.28,80.96,80.65,80.67,81.02,81.34,81.67,81.75,81.56,81.14,80.66,79.94,78.76,77.01,74.98,72.95,70.99,69.19,67.72,66.21,65.22,64.44,63.60,62.82,61.67,59.91,57.18,53.15,50.62,49.63,49.43,49.20,48.97,48.73,48.52,48.34,48.20,48.05,47.93,47.85,47.77,47.66,47.52,47.36,47.20,47.00,46.82,46.62,46.43,46.24,46.08,45.90,45.70,45.51,45.31,45.13,44.95,44.79,44.59,44.41,44.21,44.02,43.83,43.67,43.49,43.32,43.19,43.04,42.94,42.83,42.67,42.53,42.43,42.31,42.17,42.06,41.94,41.79,41.84,42.45,44.05,45.81
86.64,86.43,86.57,87.49,88.35,89.07,89.60,89.88,90.12,90.19,90.24,90.36,90.62,90.75,90.84,91.03,91.41,91.79,92.18,92.42,92.35,91.91,91.51,91.14,90.80,90.61,90.78,91.09,91.43,91.80,92.34,92.48,92.62,92.81,92.64,92.49,92.25,91.72,90.51,88.33,86.43,84.86,83.55,82.45,81.79,81.20,80.59,80.00,79.28,78.52,77.67,76.59,75.26,73.49,71.76,70.36,69.30,67.83,66.47,65.27,64.01,62.67,61.18,60.00,59.40,58.83,58.17,57.41,56.63,55.91,55.20,54.43,53.61,52.71,51.85,51.00,50.43,50.21,50.12,50.06,50.30,51.00,52.38,53.89,55.38,56.77,58.04,59.15,59.82,59.76,58.90,57.43,56.98,57.73,58.95,59.64,58.84,58.19,58.95,61.09,62.38,63.31,63.78,64.11,64.80,65.27,66.00,66.76,67.18,66.77,65.78,64.52,63.16,61.92,61.23,61.03,60.91,60.63,61.30,61.98,63.36,65.76,68.36,70.92,73.90,77.14,80.02,82.51,83.52,83.31,82.23,81.28,80.33,79.62,79.36,79.86,80.30,80.05,79.26,78.06,76.15,73.69,71.39,69.79,69.22,69.48,70.04,70.72,71.41,71.47,70.69,69.51,68.38,67.83,68.77,70.99,74.24,77.80,80.03,80.94,80.50,78.04,72.78,69.67,67.89,66.77,66.54,67.36,68.60,70.63,74.72,78.73,80.81,81.76,82.27,82.06,81.88,81.91,82.16,82.38,82.47,82.13,81.47,80.66,79.79,78.68,77.26,75.62,74.23,72.46,70.50,68.44,66.41,64.66,63.75,63.14,62.37,61.88,60.89,59.00,56.05,52.41,50.42,49.64,49.42,49.20,48.97,48.73,48.51,48.29,48.07,47.89,47.77,47.67,47.59,47.50,47.38,47.23,47.08,46.92,46.71,46.51,46.34,46.13,45.95,45.79,45.62,45.40,45.23,45.03,44.84,44.67,44.51,44.30,44.10,43.93,43.72,43.56,43.41,43.27,43.19,43.04,42.93,42.82,42.67,42.53,42.42,42.30,42.16,42.01,41.91,41.78,41.79,42.30,43.91,45.67
86.45,86.29,86.79,87.31,87.48,87.33,87.61,88.83,89.88,90.21,90.31,90.40,90.54,90.63,90.80,91.08,91.47,91.86,92.24,92.58,92.70,92.24,91.83,91.44,91.05,90.69,90.53,90.69,91.00,91.32,91.73,91.88,92.08,92.36,92.35,92.31,92.11,91.59,90.52,89.14,87.75,86.40,85.10,83.87,83.09,82.49,81.91,81.25,80.55,79.90,79.19,78.22,76.71,74.95,73.20,71.72,70.89,69.92,68.94,67.83,66.38,64.94,63.37,61.85,60.52,59.41,58.62,57.90,57.16,56.41,55.61,54.79,53.95,53.07,52.17,51.31,50.62,50.19,50.05,49.97,50.01,50.33,51.18,52.58,54.02,55.35,56.50,57.39,57.70,57.45,56.70,55.67,55.67,56.64,57.91,58.51,57.12,55.90,55.85,57.05,58.25,59.05,59.37,59.66,60.67,61.95,63.08,64.08,64.95,65.58,65.57,64.78,63.39,62.02,60.89,60.18,59.77,59.64,60.15,60.69,61.85,64.11,67.37,70.34,72.93,75.27,77.39,78.72,79.48,79.69,79.15,77.75,76.21,74.84,74.11,74.89,75.57,75.91,76.04,75.99,75.11,73.36,71.62,70.37,69.87,70.95,72.72,74.29,74.55,74.28,73.00,71.25,69.60,68.66,69.12,71.26,74.78,78.33,80.30,81.02,80.58,78.44,73.60,70.36,68.52,67.62,67.23,68.05,69.56,72.09,76.62,79.95,81.77,82.72,83.19,83.12,83.00,83.06,83.22,83.07,82.56,81.86,81.09,80.09,77.59,75.64,74.07,72.76,71.98,70.61,68.86,66.83,64.57,63.02,62.23,61.69,61.07,60.76,59.37,57.01,53.97,51.06,49.94,49.55,49.38,49.19,48.97,48.73,48.52,48.34,48.11,47.90,47.70,47.53,47.41,47.32,47.19,47.06,46.95,46.80,46.58,46.39,46.23,46.05,45.85,45.67,45.49,45.27,45.11,44.94,44.75,44.55,44.39,44.17,43.98,43.82,43.65,43.53,43.40,43.27,43.19,43.04,42.90,42.78,42.67,42.52,42.39,42.27,42.16,42.00,41.87,41.73,41.74,42.29,43.94,45.75
86.07,85.75,86.08,86.20,85.96,85.28,85.24,86.74,88.66,89.77,90.25,90.35,90.43,90.53,90.78,91.15,91.53,91.92,92.31,92.69,92.93,92.54,92.14,91.76,91.36,90.91,90.55,90.48,90.63,90.89,91.17,91.24,91.41,91.73,91.91,92.03,91.89,91.46,90.69,89.71,88.62,87.50,86.36,85.24,84.41,83.72,83.05,82.30,81.54,80.85,80.12,79.11,77.58,75.95,74.33,72.94,72.21,71.56,70.82,69.87,68.53,67.16,65.62,63.88,62.02,60.33,59.22,58.38,57.62,56.81,55.98,55.13,54.27,53.42,52.52,51.64,50.85,50.25,50.04,49.93,49.90,49.99,50.39,51.37,52.62,53.85,54.84,55.30,55.31,54.94,54.32,53.80,54.40,55.66,56.93,57.30,55.51,53.80,53.00,53.31,54.07,54.59,54.79,55.04,55.96,57.57,59.35,61.14,62.78,63.97,64.65,64.52,63.58,62.13,60.71,59.68,59.02,58.77,59.07,59.54,60.40,62.06,64.90,68.13,70.82,72.83,74.23,74.83,75.53,75.97,75.57,74.05,72.58,71.30,70.60,71.25,71.86,72.36,72.89,73.49,73.43,72.85,72.17,71.79,72.32,74.11,76.07,77.44,77.38,76.83,75.25,73.17,71.08,69.47,69.46,71.52,75.26,78.84,80.58,81.12,80.72,78.98,74.81,71.56,69.50,68.47,68.03,68.76,70.74,73.95,78.31,80.92,82.59,83.66,84.10,84.13,84.05,83.91,83.66,83.13,82.25,81.35,80.28,78.50,75.08,72.54,70.78,69.62,69.05,67.84,66.27,64.48,62.57,61.21,60.32,59.57,58.84,58.41,56.75,54.39,51.88,50.09,49.61,49.44,49.29,49.13,48.93,48.70,48.50,48.34,48.13,47.91,47.68,47.46,47.28,47.15,47.00,46.88,46.79,46.66,46.48,46.28,46.11,45.95,45.75,45.56,45.38,45.17,44.99,44.83,44.65,44.45,44.27,44.06,43.90,43.76,43.62,43.53,43.40,43.26,43.16,43.03,42.88,42.76,42.64,42.49,42.35,42.24,42.13,41.97,41.84,41.69,41.72,42.29,43.99,45.82
85.56,84.86,84.56,84.26,83.94,83.15,82.77,83.84,86.45,88.73,89.97,90.21,90.31,90.45,90.78,91.21,91.60,91.98,92.37,92.76,93.03,92.81,92.46,92.08,91.67,91.21,90.82,90.49,90.33,90.48,90.68,90.64,90.72,91.04,91.38,91.67,91.62,91.36,91.00,89.93,88.95,88.09,87.27,86.45,85.61,84.78,83.95,83.10,82.20,81.34,80.42,79.28,77.93,76.54,75.24,74.14,73.44,72.85,72.21,71.41,70.41,69.25,67.79,65.98,63.82,61.59,59.96,58.82,57.98,57.14,56.29,55.44,54.59,53.74,52.87,51.98,51.09,50.37,50.05,49.93,49.89,49.90,49.99,50.35,51.25,52.30,53.06,52.97,52.81,52.45,51.97,51.95,53.16,54.73,55.95,56.00,54.08,51.97,50.64,50.32,50.34,50.45,50.54,50.68,51.19,52.58,55.06,57.95,60.57,62.08,63.12,63.75,63.64,62.11,60.53,59.42,58.61,58.01,58.13,58.57,59.13,59.90,61.41,64.70,67.89,70.13,70.91,71.30,72.09,72.52,71.86,70.59,69.77,69.25,69.01,69.17,69.44,69.72,70.14,70.86,71.38,72.19,72.94,73.83,76.16,78.38,79.55,79.77,79.57,78.89,77.31,75.17,72.74,70.31,69.88,71.90,75.78,79.34,80.85,81.23,80.94,79.71,76.47,73.36,70.96,69.53,69.18,69.78,72.29,76.17,79.77,81.75,83.36,84.55,85.00,85.08,84.94,84.41,83.51,82.63,81.65,80.63,79.05,76.05,72.51,69.71,67.67,66.38,65.58,64.35,62.94,61.54,60.36,59.10,57.89,56.76,55.72,54.94,53.30,51.47,50.00,49.58,49.43,49.31,49.16,49.00,48.84,48.63,48.43,48.28,48.11,47.90,47.67,47.45,47.23,47.01,46.84,46.70,46.61,46.52,46.38,46.20,45.99,45.83,45.66,45.47,45.26,45.09,44.88,44.70,44.54,44.38,44.16,43.99,43.87,43.76,43.62,43.52,43.40,43.25,43.11,43.02,42.88,42.73,42.59,42.44,42.33,42.21,42.06,41.92,41.82,41.69,41.73,42.33,44.07,45.87
85.06,84.09,83.30,82.55,81.94,81.21,80.76,81.32,83.62,86.41,88.72,90.04,90.19,90.44,90.81,91.23,91.66,92.05,92.43,92.82,93.12,93.05,92.75,92.39,91.98,91.53,91.14,90.75,90.44,90.28,90.19,90.19,90.31,90.54,90.83,91.14,91.25,91.19,90.96,89.99,89.06,88.26,87.54,86.80,85.94,85.03,84.09,83.14,82.17,81.22,80.28,79.34,78.33,77.33,76.38,75.50,74.80,74.19,73.52,72.74,71.84,70.83,69.59,67.88,65.56,62.95,60.66,59.16,58.31,57.46,56.61,55.76,54.90,54.00,53.10,52.22,51.33,50.52,50.03,49.88,49.82,49.78,49.80,49.95,50.36,50.83,51.14,51.06,50.98,50.80,50.58,50.71,51.87,53.47,54.88,55.27,53.48,51.37,50.04,49.73,49.55,49.51,49.52,49.59,49.83,50.50,51.72,53.70,56.69,60.16,61.79,62.75,63.12,61.81,60.43,59.38,58.47,57.60,57.41,57.75,58.23,58.78,59.73,62.25,65.04,67.25,68.16,68.96,69.76,70.13,69.74,69.11,68.61,68.27,68.10,68.14,68.38,68.69,69.09,69.68,70.25,71.17,72.62,74.85,77.97,79.58,80.17,80.22,80.04,79.68,78.81,77.02,74.15,71.47,70.95,72.95,76.69,79.59,80.88,81.31,81.26,80.65,78.80,76.29,74.00,72.50,72.21,73.03,75.45,78.71,81.05,82.73,84.32,85.52,85.86,85.71,85.16,84.29,83.20,82.14,81.08,79.53,77.31,74.26,70.83,68.08,65.60,63.32,61.96,60.84,59.76,58.64,57.40,55.78,54.36,53.17,52.24,51.74,50.92,50.02,49.36,49.27,49.20,49.10,48.97,48.82,48.67,48.49,48.32,48.16,48.01,47.83,47.64,47.44,47.22,47.02,46.83,46.64,46.48,46.35,46.24,46.09,45.91,45.71,45.55,45.35,45.14,44.98,44.80,44.60,44.44,44.31,44.14,43.97,43.86,43.76,43.61,43.48,43.37,43.25,43.10,42.97,42.83,42.69,42.58,42.42,42.30,42.15,42.01,41.90,41.78,41.63,41.75,42.53,44.33,46.21
84.55,83.39,82.27,81.17,80.36,79.75,79.34,79.49,81.10,83.77,86.67,89.07,89.90,90.43,90.85,91.26,91.70,92.10,92.50,92.88,93.21,93.29,93.06,92.71,92.30,91.85,91.45,91.04,90.60,90.13,89.67,89.63,89.78,89.98,90.19,90.54,90.79,90.88,90.71,89.92,89.13,88.41,87.71,86.99,86.09,85.12,84.12,83.15,82.19,81.23,80.36,79.66,78.97,78.34,77.65,76.91,76.20,75.54,74.80,73.93,72.97,72.05,70.94,69.34,67.01,64.18,61.39,59.53,58.55,57.67,56.79,55.93,55.04,54.11,53.20,52.33,51.47,50.66,50.08,49.86,49.75,49.67,49.66,49.71,49.78,49.83,49.83,49.83,49.83,49.80,49.77,49.93,50.75,52.04,53.44,54.31,53.23,51.41,50.12,49.72,49.48,49.34,49.24,49.20,49.27,49.43,49.60,50.54,53.17,57.78,60.34,61.84,62.48,61.52,60.34,59.30,58.28,57.20,56.73,56.97,57.48,58.09,58.90,60.60,62.69,64.64,65.83,67.05,67.89,68.26,68.16,68.04,67.73,67.47,67.35,67.45,67.70,68.05,68.47,68.96,69.49,70.24,71.97,75.08,78.73,79.89,80.19,80.27,80.16,80.07,79.78,78.45,75.57,72.86,72.23,74.00,77.36,79.74,80.88,81.34,81.44,81.27,80.76,79.12,77.29,76.01,75.84,76.67,78.52,80.69,81.93,83.26,84.83,86.08,86.46,86.15,85.29,84.22,83.09,82.00,80.87,78.85,76.15,73.16,69.93,67.31,64.58,61.54,59.53,58.25,57.15,55.95,54.45,52.73,51.42,50.46,49.81,49.59,49.38,49.17,49.01,48.99,48.93,48.87,48.77,48.63,48.48,48.32,48.17,48.01,47.86,47.70,47.55,47.38,47.17,47.01,46.82,46.60,46.39,46.22,46.09,45.96,45.80,45.60,45.43,45.23,45.03,44.86,44.72,44.53,44.36,44.26,44.12,43.97,43.85,43.74,43.59,43.45,43.34,43.23,43.07,42.92,42.76,42.64,42.55,42.39,42.24,42.09,41.95,41.87,41.73,41.57,41.80,42.82,44.67,46.62
84.03,82.78,81.55,80.33,79.53,79.06,78.77,78.75,79.39,81.04,83.58,86.67,89.27,90.36,90.90,91.30,91.70,92.15,92.56,92.95,93.31,93.56,93.37,93.02,92.62,92.16,91.76,91.29,90.70,89.95,89.08,88.82,88.96,89.24,89.39,89.87,90.19,90.30,90.22,89.69,89.20,88.65,87.95,87.19,86.25,85.25,84.28,83.40,82.53,81.70,81.00,80.50,80.05,79.61,79.06,78.34,77.58,76.88,76.01,74.94,73.68,72.77,71.62,70.07,67.97,65.12,62.16,59.99,58.66,57.68,56.75,55.83,54.91,54.00,53.13,52.23,51.44,50.79,50.25,49.92,49.72,49.60,49.54,49.54,49.59,49.64,49.64,49.64,49.64,49.63,49.64,49.74,49.96,50.46,51.39,52.71,53.24,52.11,50.74,49.88,49.60,49.33,49.06,48.88,48.91,49.10,49.32,49.71,50.93,54.59,58.62,61.15,61.83,61.31,60.25,59.07,57.85,56.67,56.02,56.21,56.86,57.78,58.91,60.03,61.26,62.61,64.07,65.48,66.44,66.92,66.96,66.94,66.75,66.61,66.66,66.98,67.24,67.56,67.99,68.52,69.05,69.59,71.13,74.26,78.32,79.77,80.19,80.30,80.27,80.20,80.04,79.17,77.08,74.53,73.63,74.78,77.45,79.75,80.92,81.34,81.35,81.24,81.77,81.31,80.42,79.70,79.76,80.15,80.82,81.59,82.16,82.94,84.41,85.88,86.59,86.32,85.48,84.44,83.39,82.46,81.25,79.10,76.23,73.09,70.13,67.72,65.11,62.02,59.31,57.34,55.53,53.68,51.86,50.66,50.02,49.66,49.40,49.23,49.02,48.84,48.75,48.68,48.66,48.61,48.53,48.43,48.29,48.13,47.98,47.82,47.67,47.52,47.36,47.20,47.04,46.88,46.72,46.55,46.38,46.16,45.95,45.77,45.63,45.52,45.32,45.13,44.95,44.74,44.64,44.50,44.34,44.21,44.11,43.97,43.82,43.68,43.53,43.43,43.31,43.16,43.00,42.85,42.69,42.58,42.48,42.34,42.18,42.02,41.89,41.80,41.66,41.50,41.88,43.18,45.05,47.04
84.26,82.74,81.27,79.99,79.23,78.70,78.30,78.11,78.28,79.35,81.10,83.50,86.58,88.70,90.08,90.95,91.46,92.00,92.50,92.97,93.39,93.72,93.61,93.31,92.93,92.42,91.82,91.23,90.55,89.70,88.81,88.28,87.95,87.80,87.92,88.32,88.61,88.80,89.03,88.80,88.54,88.25,87.84,87.37,86.54,85.61,84.70,83.85,83.00,82.27,81.68,81.23,80.80,80.40,79.93,79.28,78.38,77.05,75.61,74.17,72.90,72.08,71.24,69.85,67.63,64.95,62.16,60.06,58.73,57.73,56.75,55.76,54.80,53.92,53.10,52.38,51.73,51.17,50.67,50.23,49.91,49.70,49.56,49.44,49.43,49.45,49.45,49.45,49.45,49.45,49.48,49.59,49.67,49.90,50.38,51.20,52.05,51.82,51.03,50.12,49.70,49.38,49.08,48.80,48.66,48.83,49.09,49.37,49.97,51.96,56.95,60.40,61.17,60.85,59.77,58.37,56.94,55.79,55.31,55.86,56.84,57.98,59.20,60.28,61.65,63.05,63.83,64.60,65.22,65.66,65.93,66.20,66.43,66.72,67.08,67.49,67.72,67.87,68.01,68.25,68.71,69.22,70.23,72.55,77.18,79.41,80.19,80.32,80.38,80.29,80.14,79.58,78.13,75.92,74.72,75.38,77.59,79.78,80.97,81.30,81.10,80.68,80.69,80.74,80.84,81.05,81.38,81.70,81.95,82.13,82.34,82.85,83.64,84.57,85.41,85.66,85.58,85.05,84.12,83.16,81.78,79.97,77.80,75.32,72.61,70.28,67.97,65.11,60.95,58.18,56.04,54.17,52.69,51.80,51.11,50.43,49.77,49.42,49.08,48.80,48.62,48.43,48.37,48.31,48.24,48.19,48.09,47.94,47.79,47.63,47.48,47.33,47.17,47.02,46.86,46.71,46.55,46.40,46.24,46.05,45.85,45.68,45.53,45.41,45.20,45.03,44.90,44.71,44.58,44.44,44.28,44.15,44.06,43.92,43.77,43.62,43.47,43.38,43.25,43.09,42.94,42.79,42.63,42.52,42.42,42.27,42.12,41.96,41.83,41.74,41.60,41.45,42.00,43.69,45.71,47.75
84.80,83.03,81.34,80.01,79.22,78.57,78.01,77.63,77.42,78.12,79.12,80.55,83.39,86.30,88.59,90.16,91.03,91.70,92.33,92.91,93.40,93.79,93.76,93.53,93.17,92.60,91.85,91.23,90.57,89.69,88.86,88.09,87.29,86.61,86.57,86.62,86.76,87.07,87.58,87.59,87.51,87.46,87.42,87.30,86.70,85.97,85.21,84.37,83.53,82.89,82.38,81.90,81.43,80.98,80.52,79.89,78.72,76.76,74.73,72.94,71.61,70.88,70.33,69.09,66.74,64.31,61.79,59.91,58.70,57.70,56.71,55.69,54.73,53.93,53.20,52.66,52.16,51.64,51.16,50.64,50.22,49.91,49.65,49.43,49.34,49.30,49.27,49.26,49.26,49.27,49.31,49.45,49.54,49.67,49.80,49.99,50.67,51.14,50.99,50.26,49.76,49.42,49.11,48.77,48.46,48.59,48.86,49.18,49.50,50.01,55.09,59.12,60.34,60.06,58.98,57.41,55.83,54.82,54.85,55.90,57.21,58.54,60.00,61.22,62.89,64.41,64.42,64.47,64.65,64.95,65.34,65.89,66.55,67.23,67.87,68.30,68.49,68.44,68.29,68.20,68.51,68.99,69.50,70.92,75.78,78.92,80.17,80.32,80.45,80.37,80.22,79.86,78.95,77.15,75.80,76.05,77.87,79.85,81.03,81.25,80.83,80.02,78.98,79.09,79.93,81.02,81.73,82.14,82.31,82.33,82.40,82.72,82.77,83.01,83.86,84.57,85.25,85.33,84.72,83.89,82.47,81.07,79.70,78.06,75.80,73.56,71.47,68.83,63.65,59.91,57.43,55.87,55.03,54.45,53.53,52.26,50.78,49.82,49.27,48.89,48.57,48.28,48.14,48.03,47.94,47.93,47.87,47.74,47.60,47.45,47.29,47.14,46.98,46.83,46.67,46.52,46.36,46.21,46.05,45.89,45.74,45.59,45.43,45.27,45.06,44.93,44.83,44.67,44.53,44.38,44.23,44.08,43.99,43.86,43.70,43.55,43.40,43.30,43.18,43.03,42.88,42.73,42.57,42.45,42.36,42.20,42.05,41.90,41.77,41.68,41.53,41.42,42.17,44.24,46.45,48.51
85.64,83.83,82.12,80.67,79.67,78.87,78.18,77.54,76.84,77.30,78.16,79.16,80.65,83.14,85.81,88.30,90.26,91.12,91.84,92.56,93.22,93.71,93.75,93.56,93.23,92.64,92.08,91.79,91.43,90.64,89.65,88.82,87.96,87.04,86.29,85.30,85.09,85.53,86.02,86.01,85.98,86.06,86.27,86.46,86.29,86.07,85.72,84.94,84.15,83.55,83.06,82.53,82.01,81.37,80.73,79.92,78.22,76.10,73.97,71.97,70.21,69.38,68.72,67.50,65.38,63.15,60.98,59.41,58.39,57.39,56.44,55.56,54.79,54.19,53.64,53.16,52.66,52.14,51.67,51.14,50.67,50.24,49.86,49.66,49.48,49.28,49.09,49.07,49.07,49.10,49.17,49.27,49.40,49.51,49.60,49.71,50.00,50.21,50.20,49.97,49.67,49.36,49.02,48.66,48.37,48.38,48.65,48.99,49.31,49.75,52.52,56.16,58.97,58.45,57.51,56.06,54.55,53.88,55.25,56.83,58.23,59.70,62.14,63.59,65.07,66.33,66.21,66.06,65.97,65.95,66.05,66.66,67.39,68.11,68.74,69.12,69.23,69.11,68.90,68.70,68.62,68.95,69.40,70.50,74.28,78.25,80.11,80.27,80.41,80.45,80.31,80.06,79.57,78.20,77.09,77.17,78.48,80.10,81.13,81.23,80.69,79.64,77.35,76.74,77.42,78.87,80.25,80.88,81.29,81.71,82.16,82.18,81.88,81.84,82.44,82.94,83.58,84.14,84.49,84.57,83.50,82.29,81.19,80.14,79.00,77.04,74.69,71.95,67.94,62.76,59.59,58.75,58.86,58.71,57.82,55.99,53.15,50.35,49.41,49.05,48.70,48.39,48.13,47.88,47.68,47.63,47.60,47.53,47.43,47.31,47.11,46.95,46.79,46.64,46.48,46.33,46.17,46.02,45.86,45.71,45.55,45.40,45.24,45.09,44.92,44.80,44.70,44.56,44.45,44.31,44.16,44.01,43.87,43.77,43.65,43.49,43.34,43.20,43.09,42.97,42.81,42.66,42.50,42.39,42.30,42.14,41.99,41.84,41.70,41.61,41.47,41.52,42.50,44.79,47.26,49.12
86.39,84.67,83.02,81.55,80.33,79.39,78.61,77.86,76.85,76.65,77.08,77.93,78.97,80.85,83.27,85.87,88.16,89.61,90.74,91.88,92.99,93.47,93.55,93.47,93.22,92.66,92.28,92.16,92.02,91.60,91.06,90.22,89.20,88.09,87.02,85.50,84.42,84.06,84.46,84.55,84.67,84.89,85.20,85.50,85.53,85.50,85.39,84.93,84.47,83.96,83.39,82.73,82.09,81.36,80.56,79.48,77.53,75.38,73.28,71.22,69.28,68.03,66.89,65.42,63.52,61.64,60.11,58.96,58.07,57.20,56.48,55.79,55.14,54.63,54.14,53.67,53.18,52.68,52.22,51.69,51.19,50.73,50.29,49.98,49.72,49.44,49.16,49.03,48.92,48.92,49.01,49.11,49.23,49.33,49.41,49.49,49.61,49.70,49.73,49.66,49.43,49.19,48.88,48.54,48.26,48.19,48.42,48.78,49.17,49.61,51.24,54.19,57.01,56.27,55.34,54.12,53.16,53.44,55.53,57.62,59.70,62.13,65.26,66.66,67.57,68.18,67.93,67.64,67.36,67.09,66.94,67.39,68.16,69.13,70.31,71.53,71.73,70.66,69.40,69.17,68.94,69.08,69.41,70.29,73.13,77.05,79.45,80.20,80.35,80.49,80.42,80.26,79.98,79.17,78.34,78.30,79.15,80.29,81.12,81.25,80.81,79.77,77.28,75.11,74.55,76.00,77.92,79.65,80.73,81.33,81.80,81.59,81.13,80.80,80.85,81.21,81.86,82.68,83.57,84.27,84.00,83.21,82.25,81.38,80.58,78.81,76.32,73.30,69.90,65.48,62.64,61.72,61.77,61.13,59.86,57.14,52.70,50.23,49.48,49.19,48.86,48.55,48.22,47.90,47.63,47.47,47.34,47.25,47.18,47.11,46.95,46.79,46.64,46.48,46.33,46.18,46.00,45.83,45.67,45.52,45.36,45.21,45.05,44.90,44.77,44.66,44.55,44.42,44.31,44.20,44.06,43.90,43.75,43.66,43.54,43.39,43.23,43.11,42.99,42.87,42.72,42.59,42.45,42.31,42.19,42.05,41.91,41.77,41.63,41.52,41.37,41.91,43.42,45.94,48.34,49.70
87.10,85.52,83.99,82.53,81.15,80.06,79.19,78.39,77.23,76.22,76.03,76.76,77.89,79.17,81.04,83.27,85.46,87.59,89.20,90.79,92.36,92.84,93.09,93.21,93.13,92.67,92.49,92.44,92.45,92.47,92.60,91.85,90.73,89.54,88.37,86.63,84.46,82.84,83.01,83.22,83.54,83.88,84.19,84.50,84.56,84.56,84.55,84.52,84.47,84.11,83.48,82.66,81.89,81.12,80.20,78.92,76.94,74.88,72.86,70.86,68.89,67.14,65.42,63.66,61.87,60.22,59.36,58.63,57.85,57.19,56.77,56.25,55.67,55.19,54.67,54.19,53.72,53.25,52.78,52.26,51.77,51.30,50.84,50.40,50.06,49.74,49.40,49.11,48.86,48.76,48.83,48.97,49.06,49.14,49.22,49.29,49.37,49.44,49.45,49.34,49.13,48.95,48.70,48.39,48.12,48.01,48.21,48.58,49.04,49.51,50.72,52.80,54.69,53.78,52.86,51.96,51.73,53.07,55.56,58.24,61.33,64.95,68.47,69.70,69.97,69.88,69.53,69.18,68.75,68.30,67.94,68.10,68.85,70.25,72.34,74.82,75.31,73.17,70.50,69.73,69.38,69.32,69.51,70.25,72.40,75.71,78.44,80.01,80.28,80.50,80.53,80.44,80.28,79.99,79.47,79.38,79.84,80.49,81.10,81.32,81.09,80.19,78.20,74.16,71.78,72.92,75.28,78.52,80.46,81.08,81.39,80.99,80.43,79.75,79.07,79.41,80.12,81.11,82.30,83.43,84.06,83.72,82.80,81.89,80.99,79.23,76.59,73.26,70.13,67.59,65.57,64.16,63.47,61.90,59.97,56.34,50.79,49.78,49.49,49.25,49.01,48.70,48.35,48.02,47.73,47.43,47.14,46.98,46.91,46.87,46.79,46.65,46.50,46.35,46.19,46.04,45.84,45.65,45.49,45.34,45.18,45.03,44.87,44.73,44.62,44.51,44.38,44.28,44.14,44.04,43.92,43.78,43.63,43.53,43.41,43.26,43.11,43.02,42.89,42.74,42.60,42.51,42.37,42.22,42.07,41.93,41.82,41.70,41.55,41.41,41.28,42.49,44.69,47.37,49.45,50.20
87.90,86.46,84.94,83.48,82.12,80.89,79.82,78.92,77.77,76.41,75.52,75.52,76.59,77.76,79.39,81.42,83.66,85.72,87.28,88.66,89.95,90.81,91.77,92.51,92.86,92.71,92.81,92.87,92.84,92.82,93.06,92.72,92.10,91.26,89.89,87.80,85.08,82.69,82.01,82.15,82.51,82.87,83.18,83.53,83.61,83.61,83.63,83.73,83.79,83.74,83.37,82.53,81.75,80.98,80.15,79.09,77.48,75.61,73.72,71.83,69.90,68.10,66.52,64.83,62.75,60.31,59.33,58.79,58.26,57.77,57.30,56.77,56.22,55.71,55.22,54.75,54.28,53.82,53.36,52.87,52.40,51.92,51.42,50.99,50.72,50.33,49.72,49.39,49.02,48.77,48.69,48.79,48.87,48.95,49.01,49.04,49.11,49.16,49.13,49.04,48.86,48.66,48.42,48.16,47.92,47.78,48.02,48.45,48.90,49.33,50.00,51.21,52.25,51.35,50.86,50.52,50.53,51.59,54.70,58.50,62.35,66.01,69.27,70.58,71.02,71.06,70.84,70.60,70.14,69.55,69.02,68.82,69.45,71.47,74.67,77.80,78.99,77.92,74.94,70.90,69.81,69.63,69.82,70.58,72.60,75.08,77.40,79.21,80.05,80.34,80.49,80.55,80.47,80.30,80.10,80.13,80.46,80.91,81.29,81.50,81.35,80.57,79.32,74.37,70.53,70.69,73.43,77.71,80.18,80.78,81.10,80.57,79.56,78.18,76.86,77.44,78.41,79.68,81.21,82.77,83.64,83.21,82.09,81.18,80.39,78.02,74.76,71.39,68.96,67.00,65.27,63.65,62.02,60.13,57.30,53.70,50.15,49.55,49.32,49.12,48.92,48.66,48.38,48.14,47.89,47.54,47.22,46.97,46.75,46.58,46.54,46.45,46.32,46.16,46.01,45.86,45.68,45.51,45.36,45.20,45.05,44.89,44.74,44.59,44.46,44.34,44.23,44.10,44.00,43.88,43.76,43.65,43.50,43.40,43.29,43.13,42.98,42.90,42.77,42.61,42.47,42.39,42.25,42.10,41.95,41.84,41.72,41.58,41.44,41.36,41.44,43.23,45.88,48.43,49.84,50.26
88.03,87.10,85.89,84.46,83.13,81.81,80.59,79.50,78.31,76.84,75.52,74.78,75.21,76.35,77.90,79.75,81.84,83.81,85.31,86.50,87.53,88.64,89.88,90.94,91.68,92.04,92.45,92.83,93.04,93.00,93.21,93.09,92.68,91.91,90.46,87.64,84.69,82.31,81.12,81.16,81.50,81.86,82.20,82.57,82.66,82.67,82.72,82.87,82.98,83.13,83.05,82.47,81.77,81.06,80.35,79.56,78.45,76.77,75.00,73.20,71.31,69.58,68.21,66.63,64.36,61.45,60.11,59.39,58.83,58.39,57.84,57.29,56.76,56.25,55.78,55.32,54.85,54.36,53.90,53.44,52.96,52.48,52.05,51.76,51.57,51.13,50.29,49.75,49.30,48.92,48.67,48.60,48.66,48.71,48.76,48.79,48.86,48.86,48.82,48.73,48.57,48.35,48.12,47.90,47.69,47.53,47.71,48.07,48.51,48.89,49.30,49.93,50.42,49.78,49.59,49.60,49.74,50.38,52.89,57.33,61.90,65.75,68.92,70.51,71.31,71.77,72.09,72.07,71.67,71.03,70.29,69.94,70.53,72.81,76.44,79.69,81.37,81.12,78.63,73.90,71.44,71.05,71.12,71.27,72.75,74.44,76.34,78.21,79.55,80.10,80.40,80.56,80.61,80.56,80.58,80.69,80.87,81.11,81.25,81.47,81.52,80.99,80.09,74.75,69.95,69.05,71.97,76.70,79.63,80.52,80.71,80.12,78.56,76.44,74.61,75.22,76.53,78.25,80.28,82.20,83.28,82.67,81.08,79.58,78.27,75.51,72.27,69.39,67.38,65.66,64.11,62.51,60.49,57.94,54.55,51.42,49.76,49.39,49.16,48.96,48.77,48.56,48.34,48.14,47.92,47.60,47.31,47.03,46.73,46.46,46.36,46.22,46.09,45.97,45.82,45.66,45.51,45.36,45.20,45.05,44.89,44.74,44.59,44.45,44.30,44.18,44.07,43.95,43.84,43.72,43.60,43.50,43.36,43.26,43.14,43.01,42.86,42.77,42.64,42.49,42.34,42.26,42.12,41.97,41.83,41.74,41.61,41.45,41.32,41.30,41.70,43.54,45.94,48.09,49.45,50.03
87.29,87.25,86.71,85.39,84.12,82.82,81.50,80.17,78.88,77.49,76.06,74.71,73.91,74.90,76.44,78.06,79.78,81.79,83.33,84.46,85.38,86.47,87.41,88.39,89.42,90.40,91.13,92.08,92.82,92.91,93.03,92.85,92.19,91.04,89.59,85.73,82.88,81.28,80.12,80.05,80.35,80.76,81.19,81.61,81.70,81.75,81.84,81.99,82.14,82.34,82.50,82.43,81.88,81.30,80.75,80.20,79.61,78.13,76.45,74.75,72.97,71.36,70.16,68.68,66.42,63.61,61.79,60.52,59.56,58.97,58.37,57.80,57.28,56.81,56.35,55.88,55.39,54.87,54.41,53.94,53.45,53.01,52.77,52.70,52.58,52.10,51.13,50.22,49.70,49.28,48.85,48.48,48.45,48.45,48.46,48.53,48.61,48.57,48.50,48.40,48.25,48.04,47.81,47.60,47.44,47.29,47.27,47.44,47.82,48.20,48.64,49.06,49.33,49.18,49.09,49.20,49.42,49.71,50.32,54.58,59.77,64.25,67.59,69.62,70.88,71.92,73.18,73.48,73.30,72.71,71.84,71.59,72.24,74.35,77.58,80.37,82.21,82.18,80.85,78.62,74.48,73.73,73.45,72.37,72.80,73.81,75.33,77.11,78.75,79.79,80.26,80.49,80.68,80.81,80.94,81.01,81.02,80.98,80.90,81.20,81.59,81.41,80.29,75.08,69.89,67.97,70.85,75.38,78.72,80.25,80.16,79.48,77.32,74.52,72.37,72.81,74.53,76.89,79.53,81.74,83.06,82.27,80.01,77.33,74.82,72.02,69.55,67.72,65.79,64.14,62.70,61.30,59.52,55.98,52.38,49.96,49.45,49.25,49.03,48.81,48.59,48.42,48.21,47.98,47.77,47.58,47.35,47.11,46.84,46.54,46.27,45.99,45.85,45.78,45.63,45.47,45.32,45.17,45.01,44.86,44.70,44.55,44.41,44.31,44.18,44.03,43.90,43.80,43.66,43.56,43.45,43.32,43.23,43.10,42.98,42.88,42.73,42.64,42.52,42.36,42.22,42.13,42.00,41.84,41.70,41.62,41.48,41.33,41.20,41.28,42.08,43.40,44.86,46.38,48.35,49.56
85.43,85.96,86.06,85.56,84.89,83.78,82.44,81.08,79.84,78.52,77.14,75.65,74.00,73.51,74.13,75.31,76.71,79.31,81.11,82.24,83.01,83.77,84.39,85.20,86.17,87.09,88.18,89.35,90.34,90.90,91.25,90.73,89.50,87.59,84.97,81.30,79.06,78.08,77.42,77.50,77.83,78.49,79.52,80.49,80.77,80.88,81.00,81.16,81.31,81.55,81.75,81.75,81.44,81.04,80.63,80.17,79.48,78.19,76.95,75.83,74.59,73.05,71.81,70.48,68.66,66.28,64.41,62.62,60.87,59.56,58.86,58.34,57.83,57.34,56.87,56.40,55.91,55.38,54.91,54.41,54.03,53.80,53.72,53.71,53.62,53.14,52.13,51.30,50.68,50.17,49.69,49.20,48.81,48.44,48.20,48.27,48.31,48.26,48.18,48.09,47.94,47.72,47.53,47.39,47.24,47.12,47.03,47.02,47.19,47.56,47.93,48.30,48.58,48.65,48.70,48.89,49.15,49.39,49.66,51.74,56.24,62.29,65.60,67.86,69.62,71.14,72.52,73.47,74.27,74.47,73.89,74.18,74.88,76.56,79.04,81.12,82.71,82.86,81.95,80.41,77.85,76.50,75.23,73.80,73.92,74.45,75.24,76.38,78.06,79.40,80.06,80.37,80.61,80.84,80.89,80.81,80.67,80.53,80.59,80.93,81.33,81.20,79.21,74.61,69.83,67.21,69.47,73.65,77.28,79.41,79.26,77.59,74.85,71.89,69.91,71.04,73.38,76.20,79.10,81.47,82.83,82.06,79.76,76.88,74.00,71.16,69.13,68.06,66.65,65.16,63.69,62.22,60.45,57.09,52.78,49.65,49.29,49.07,48.88,48.68,48.45,48.25,48.06,47.85,47.63,47.43,47.24,47.02,46.77,46.51,46.25,46.02,45.82,45.64,45.45,45.28,45.13,44.98,44.82,44.67,44.54,44.41,44.27,44.14,44.03,43.90,43.75,43.63,43.48,43.38,43.29,43.17,43.05,42.94,42.83,42.71,42.59,42.47,42.36,42.23,42.09,41.96,41.84,41.72,41.58,41.49,41.35,41.20,41.20,41.69,42.73,43.93,45.16,46.47,48.10,49.38
83.60,84.40,84.85,85.03,84.97,84.28,83.22,82.02,80.84,79.63,78.36,76.82,74.56,72.54,72.10,72.71,73.59,76.07,77.81,79.02,79.97,80.50,80.97,81.65,82.49,83.27,84.51,85.69,86.74,87.63,88.04,87.18,85.46,82.89,79.37,76.41,74.90,74.41,74.25,74.49,74.82,75.60,76.95,78.18,78.63,78.91,79.23,79.58,80.00,80.44,80.74,80.71,80.59,80.22,79.70,79.08,78.32,77.21,76.41,75.88,75.22,73.99,72.95,71.90,70.55,68.71,66.87,64.65,62.14,60.05,59.28,58.83,58.36,57.84,57.37,56.90,56.40,55.89,55.42,54.98,54.76,54.71,54.71,54.71,54.67,54.21,53.22,52.53,51.90,51.35,50.85,50.30,49.58,48.81,48.27,48.18,48.10,48.00,47.91,47.81,47.66,47.47,47.34,47.26,47.13,47.04,46.91,46.76,46.72,46.98,47.28,47.62,47.96,48.16,48.34,48.59,48.88,49.12,49.42,49.67,52.79,59.04,63.19,65.80,67.94,69.86,71.39,72.94,74.59,75.56,75.50,76.22,77.02,78.34,80.11,81.58,82.85,83.17,82.58,81.32,80.36,78.72,76.82,75.33,75.33,75.56,75.80,76.26,77.47,78.89,79.80,80.27,80.52,80.79,80.72,80.49,80.16,79.74,79.73,80.01,80.34,80.10,77.63,73.80,69.59,66.52,67.91,71.58,75.23,77.59,77.26,74.87,71.81,68.97,67.50,69.75,72.76,75.87,78.84,81.29,82.68,82.04,80.02,77.59,75.12,72.61,70.71,69.64,68.36,66.84,65.25,63.62,61.73,58.80,53.73,49.66,49.24,48.98,48.78,48.56,48.32,48.11,47.93,47.72,47.49,47.27,47.11,46.90,46.66,46.43,46.20,46.02,45.79,45.53,45.30,45.12,44.96,44.81,44.65,44.50,44.39,44.28,44.13,43.98,43.88,43.75,43.60,43.46,43.31,43.20,43.11,43.02,42.89,42.79,42.67,42.54,42.44,42.31,42.20,42.09,41.95,41.80,41.70,41.59,41.45,41.35,41.22,41.15,41.38,42.27,43.46,44.65,45.84,47.06,48.30,49.41
82.42,83.00,83.25,83.37,83.62,83.78,83.63,82.91,81.75,80.75,79.60,77.97,75.42,72.47,71.13,70.96,70.88,71.42,72.24,73.66,75.55,76.30,76.94,77.64,78.39,79.23,80.11,81.00,81.89,82.61,82.53,81.51,79.59,76.81,73.58,71.84,71.08,70.89,70.98,71.20,71.46,71.96,72.75,73.33,73.83,74.50,75.38,76.34,77.59,78.67,79.27,79.21,79.17,78.45,77.26,76.02,75.53,74.61,74.08,73.91,73.70,73.33,73.11,72.63,71.59,70.34,68.53,66.03,63.05,60.31,59.54,59.20,58.82,58.34,57.88,57.37,56.86,56.39,55.95,55.79,55.74,55.73,55.73,55.73,55.72,55.31,54.37,53.78,53.36,52.91,52.38,51.80,50.92,49.92,49.04,48.45,48.09,47.86,47.72,47.62,47.47,47.36,47.31,47.28,47.19,47.10,46.93,46.72,46.55,46.54,46.73,47.05,47.42,47.76,48.00,48.28,48.56,48.80,49.10,49.36,50.25,53.16,60.21,63.52,65.74,67.96,70.18,72.04,73.77,75.10,75.84,76.57,77.57,78.79,80.14,81.41,82.39,82.87,82.74,81.87,80.80,79.67,78.30,76.93,76.77,77.03,77.29,77.29,77.01,78.20,79.42,80.23,80.50,80.69,80.51,80.16,79.55,78.36,77.66,77.70,77.91,77.36,75.61,72.63,68.98,65.82,66.05,69.00,72.09,73.88,73.02,70.92,68.14,65.76,65.34,69.17,72.84,76.00,78.77,81.19,82.73,82.34,80.94,79.93,79.18,77.73,75.55,72.88,70.63,68.65,66.79,64.91,62.73,60.25,54.58,49.74,49.36,49.05,48.77,48.48,48.21,48.03,47.82,47.60,47.37,47.14,46.98,46.77,46.54,46.31,46.08,45.85,45.66,45.46,45.23,45.01,44.83,44.68,44.53,44.37,44.23,44.11,44.00,43.85,43.71,43.56,43.42,43.32,43.18,43.04,42.92,42.84,42.75,42.62,42.50,42.40,42.27,42.17,42.04,41.92,41.82,41.67,41.58,41.46,41.31,41.17,41.07,41.28,41.89,43.00,44.22,45.44,46.65,47.83,49.04,49.78
80.98,81.49,81.65,81.73,82.09,82.52,82.78,82.70,82.19,81.41,80.43,78.92,76.09,72.67,70.73,69.97,69.47,69.37,69.71,70.61,71.94,72.51,72.94,73.37,73.87,74.53,75.17,75.81,76.39,76.72,76.28,75.14,73.42,71.24,68.95,67.72,67.10,66.89,67.08,67.28,67.44,67.71,68.10,68.43,68.86,69.55,70.50,71.64,72.90,73.94,74.53,74.52,74.48,74.04,73.29,72.55,72.53,72.13,71.88,71.81,71.78,71.83,71.97,71.87,71.29,70.47,68.53,65.79,62.72,60.25,59.57,59.28,58.96,58.58,58.18,57.73,57.32,56.99,56.78,56.75,56.75,56.75,56.74,56.71,56.72,56.45,55.74,55.26,54.88,54.46,53.91,53.20,52.28,51.13,49.96,49.06,48.61,48.31,48.10,47.94,47.76,47.66,47.61,47.55,47.44,47.39,47.22,46.98,46.71,46.49,46.46,46.64,46.99,47.34,47.62,47.89,48.16,48.42,48.66,48.95,49.31,50.65,55.45,60.21,63.60,66.00,68.41,70.66,72.43,73.77,74.71,75.38,76.39,77.57,78.78,79.91,81.05,81.69,81.85,81.51,80.77,79.85,78.71,77.65,77.78,78.30,78.68,78.56,77.69,77.66,78.92,80.17,80.45,80.61,80.38,79.93,79.15,77.70,76.47,75.66,75.06,74.30,72.89,70.69,67.87,64.96,63.87,65.43,67.57,68.97,68.26,66.15,63.97,62.82,64.05,68.86,72.89,76.30,79.21,81.22,82.58,82.43,81.51,80.98,80.59,79.78,78.34,76.07,73.09,70.24,67.83,65.70,63.35,60.66,54.90,49.98,49.45,49.12,48.81,48.50,48.21,47.98,47.72,47.49,47.29,47.06,46.87,46.64,46.43,46.22,46.00,45.76,45.55,45.35,45.13,44.92,44.73,44.54,44.36,44.23,44.09,43.96,43.83,43.68,43.56,43.42,43.27,43.16,43.04,42.90,42.76,42.66,42.57,42.44,42.32,42.23,42.11,42.00,41.88,41.77,41.66,41.53,41.42,41.31,41.18,41.05,41.19,41.73,42.63,43.80,45.02,46.24,47.43,48.59,49.53,49.99
79.19,79.72,79.86,79.93,80.38,80.91,81.47,81.98,82.20,81.70,80.95,79.71,76.87,73.20,70.72,69.41,68.69,68.36,68.38,68.63,69.01,69.30,69.43,69.57,69.80,70.13,70.40,70.75,70.97,70.80,70.14,69.01,67.64,66.17,64.88,63.96,63.33,63.02,63.19,63.33,63.43,63.51,63.62,63.81,64.14,64.67,65.44,66.54,67.62,68.50,69.03,69.10,69.06,69.02,68.94,68.93,69.30,69.42,69.40,69.34,69.39,69.69,70.00,70.12,69.90,69.27,67.25,64.51,61.73,59.95,59.48,59.26,58.99,58.68,58.37,58.00,57.70,57.55,57.62,57.65,57.69,57.72,57.73,57.68,57.72,57.60,57.19,56.83,56.44,56.01,55.45,54.62,53.65,52.39,51.04,49.91,49.30,48.94,48.67,48.43,48.20,48.10,48.02,47.92,47.78,47.76,47.61,47.35,47.03,46.66,46.40,46.38,46.61,46.92,47.22,47.48,47.74,48.01,48.20,48.52,48.93,49.53,50.93,56.31,60.84,63.72,66.22,68.83,70.69,72.04,73.03,73.61,74.55,75.59,76.61,77.60,78.97,79.93,80.46,80.65,80.28,79.49,78.56,77.90,78.49,79.29,79.79,79.70,78.70,77.32,78.47,80.12,80.38,80.53,80.29,79.75,78.83,77.29,75.69,74.02,72.55,71.54,70.19,68.58,66.51,64.00,61.88,62.00,63.08,64.06,63.70,61.75,60.33,60.41,63.00,68.59,72.91,76.59,79.69,81.22,82.28,82.36,81.89,81.51,81.00,80.60,80.05,78.73,75.38,71.69,68.69,66.29,63.76,60.64,55.01,50.29,49.54,49.19,48.89,48.58,48.27,47.95,47.64,47.42,47.22,46.98,46.76,46.53,46.33,46.14,45.92,45.70,45.47,45.24,45.01,44.84,44.63,44.41,44.20,44.09,43.95,43.80,43.66,43.51,43.41,43.28,43.14,42.99,42.90,42.76,42.61,42.48,42.38,42.25,42.14,42.05,41.97,41.83,41.73,41.62,41.48,41.39,41.26,41.14,41.06,41.03,41.50,42.37,43.47,44.62,45.84,47.03,48.20,49.28,49.88,50.13
76.50,77.13,77.39,77.52,78.21,79.12,80.06,80.85,81.19,81.17,80.92,80.22,78.31,74.52,71.36,69.41,68.53,67.69,67.40,67.42,67.57,67.66,67.73,67.88,67.98,67.66,66.95,66.89,66.80,65.95,65.33,64.77,63.77,62.36,61.41,60.93,60.56,60.27,60.18,60.20,60.27,60.32,60.34,60.35,60.53,60.74,61.09,61.95,63.22,64.36,65.10,65.27,65.32,65.29,65.25,65.29,65.56,65.73,65.73,65.69,65.76,66.32,66.70,66.73,66.28,65.17,63.41,61.58,60.03,59.18,59.28,59.25,59.00,58.69,58.38,58.05,57.84,57.83,58.01,58.19,58.39,58.58,58.68,58.68,58.76,58.77,58.60,58.42,58.05,57.56,56.99,56.21,54.98,53.71,52.48,51.23,49.94,49.42,49.16,48.87,48.59,48.52,48.44,48.30,48.16,48.13,48.02,47.79,47.47,47.09,46.74,46.41,46.24,46.53,46.79,47.07,47.32,47.53,47.79,48.10,48.50,48.98,49.67,51.68,55.65,60.30,63.18,65.94,68.19,69.99,71.28,71.80,72.60,73.11,73.34,74.06,75.39,77.13,78.65,79.16,78.69,78.16,77.73,77.65,78.58,79.51,79.99,79.98,79.44,77.47,78.41,80.09,80.31,80.37,80.21,79.62,78.50,76.91,75.20,73.47,71.81,70.26,68.57,66.80,64.90,62.86,60.98,60.41,60.50,60.76,60.63,59.85,59.34,59.57,61.64,68.15,72.81,76.59,79.70,80.85,81.68,82.03,82.03,81.82,81.38,80.94,80.46,79.49,76.77,72.90,69.51,66.78,63.91,60.36,55.05,50.67,49.64,49.30,49.01,48.70,48.38,48.02,47.70,47.41,47.14,46.87,46.68,46.46,46.24,46.02,45.80,45.61,45.41,45.17,44.94,44.73,44.54,44.35,44.12,43.93,43.76,43.63,43.53,43.37,43.24,43.12,43.01,42.86,42.72,42.57,42.44,42.34,42.21,42.10,41.98,41.86,41.78,41.69,41.57,41.45,41.34,41.21,41.11,40.99,40.96,41.33,42.16,43.21,44.34,45.45,46.62,47.82,48.93,49.76,50.03,50.20
73.70,74.34,74.75,75.03,75.80,76.85,77.98,79.04,79.71,80.17,80.28,79.84,78.42,75.38,72.24,69.80,68.58,67.40,66.69,66.29,66.10,66.09,66.17,66.18,65.98,65.37,64.32,63.67,63.10,62.29,61.89,61.68,61.09,60.10,59.47,59.23,58.95,58.58,58.24,58.15,58.17,58.20,58.17,58.08,58.14,58.17,58.28,58.85,59.91,60.95,61.65,61.82,61.89,61.88,61.92,62.02,62.18,62.30,62.28,62.20,62.26,62.71,62.97,63.01,62.73,61.78,60.56,59.51,58.72,58.19,58.54,58.77,58.81,58.77,58.49,58.18,57.96,57.91,58.10,58.38,58.67,58.96,59.16,59.31,59.48,59.61,59.63,59.58,59.36,59.01,58.54,57.84,56.66,55.50,54.32,52.93,51.46,50.51,49.82,49.29,49.01,48.93,48.83,48.67,48.54,48.49,48.42,48.23,47.89,47.53,47.12,46.65,46.23,46.23,46.41,46.64,46.87,47.06,47.33,47.66,48.04,48.48,48.97,49.44,51.95,55.91,59.31,62.52,65.06,67.12,68.70,69.40,70.11,70.36,70.27,70.81,72.04,73.98,75.97,77.01,76.61,76.35,76.45,77.03,78.11,79.17,79.85,80.11,79.76,77.69,78.32,79.84,80.23,80.29,80.16,79.47,78.15,76.53,74.83,73.14,71.55,70.14,68.71,67.16,65.63,64.02,61.75,60.24,59.54,59.35,59.11,58.81,58.73,59.02,60.73,66.92,71.87,75.82,78.87,80.36,81.10,81.55,81.82,81.81,81.56,81.14,80.67,79.88,77.84,74.01,70.28,67.04,63.80,59.98,54.92,50.83,49.68,49.32,49.03,48.73,48.43,48.09,47.79,47.49,47.18,46.88,46.66,46.42,46.17,45.94,45.71,45.52,45.30,45.08,44.88,44.64,44.45,44.25,44.02,43.81,43.63,43.48,43.37,43.24,43.09,42.97,42.84,42.69,42.56,42.42,42.28,42.17,42.05,41.94,41.82,41.70,41.60,41.52,41.41,41.29,41.19,41.06,40.95,40.95,41.19,41.87,42.83,43.98,45.19,46.30,47.43,48.59,49.53,50.01,50.13,50.24
71.00,71.57,72.10,72.56,73.27,74.22,75.38,76.68,77.80,78.67,79.01,78.62,77.33,75.56,72.98,70.33,68.72,67.38,66.23,65.31,64.72,64.61,64.65,64.40,63.83,63.19,62.31,61.09,60.06,59.71,59.61,59.53,59.33,59.00,58.66,58.46,58.13,57.63,57.09,56.86,56.80,56.80,56.78,56.64,56.60,56.56,56.56,56.83,57.45,58.08,58.54,58.70,58.72,58.82,58.98,59.18,59.27,59.29,59.20,59.07,59.07,59.18,59.25,59.41,59.61,59.25,58.66,58.16,57.71,57.09,57.41,57.91,58.38,58.75,58.58,58.33,58.06,57.86,57.98,58.30,58.64,58.95,59.25,59.60,59.88,60.10,60.28,60.31,60.34,60.24,59.94,59.40,58.51,57.60,56.48,54.97,53.67,52.17,50.81,49.88,49.50,49.34,49.20,49.05,48.91,48.83,48.80,48.65,48.28,47.95,47.52,47.02,46.50,46.08,46.09,46.22,46.37,46.59,46.83,47.18,47.57,48.00,48.51,48.99,49.72,51.37,55.04,58.77,61.50,63.66,65.48,66.55,67.24,67.48,67.48,67.99,69.11,70.81,72.78,74.38,74.27,74.31,74.93,76.09,77.19,78.35,79.33,79.90,79.54,77.67,78.01,79.33,80.06,80.22,79.99,79.09,77.55,75.96,74.39,72.91,71.68,70.91,70.19,69.16,68.17,66.94,64.00,61.52,60.10,59.46,58.80,58.42,58.29,58.58,60.10,64.89,70.19,74.46,77.40,79.64,80.51,81.00,81.37,81.55,81.56,81.24,80.76,80.09,78.69,75.09,71.08,67.30,63.66,59.58,54.66,50.80,49.67,49.28,48.97,48.69,48.44,48.13,47.88,47.59,47.29,46.98,46.69,46.39,46.12,45.88,45.64,45.41,45.18,44.97,44.80,44.58,44.35,44.13,43.91,43.73,43.52,43.33,43.20,43.10,42.96,42.81,42.66,42.52,42.42,42.29,42.14,42.01,41.91,41.78,41.66,41.55,41.42,41.33,41.25,41.15,41.01,40.91,40.84,41.07,41.72,42.60,43.54,44.70,45.97,47.11,48.24,49.30,49.97,50.09,50.18,50.26
69.14,69.59,69.97,70.35,70.90,71.64,72.63,73.86,75.02,75.98,76.43,76.15,75.10,73.79,71.95,70.02,68.64,67.31,66.11,65.09,64.33,63.77,63.28,62.73,62.11,61.48,60.77,59.93,59.22,58.84,58.62,58.52,58.39,58.20,57.93,57.68,57.28,56.73,56.13,55.62,55.44,55.43,55.42,55.20,55.03,54.91,54.84,54.84,55.36,55.72,55.98,56.23,56.26,56.65,57.08,57.36,57.44,57.41,57.22,56.96,56.84,56.84,56.98,57.48,58.19,57.92,57.34,56.95,56.67,56.10,56.32,56.80,57.35,57.84,58.10,58.26,58.19,57.91,57.79,58.04,58.36,58.68,59.04,59.43,59.77,60.08,60.34,60.50,60.59,60.61,60.53,60.33,60.03,59.57,58.79,57.51,56.22,54.67,53.03,51.50,50.36,49.80,49.53,49.38,49.23,49.19,49.18,49.05,48.71,48.35,47.87,47.34,46.82,46.35,46.11,45.92,45.84,45.99,46.26,46.65,47.08,47.53,48.02,48.53,49.02,49.84,51.84,55.12,57.85,60.09,62.08,63.47,64.42,64.91,65.22,66.10,67.28,68.69,70.20,71.56,72.19,72.83,73.71,74.83,75.95,76.94,77.67,78.08,77.79,76.13,76.70,78.30,79.40,79.82,79.09,77.49,75.53,74.19,73.02,72.59,72.57,72.38,72.22,71.77,71.14,70.18,68.16,65.73,63.17,60.84,59.36,58.69,58.12,57.97,58.96,61.57,67.74,72.86,75.62,78.03,79.71,80.54,80.88,81.15,81.35,81.18,80.81,80.32,79.48,76.28,72.43,68.52,64.31,59.54,54.35,50.55,49.64,49.27,48.97,48.67,48.39,48.13,47.85,47.58,47.31,47.00,46.69,46.42,46.14,45.87,45.59,45.35,45.11,44.89,44.68,44.46,44.26,44.05,43.83,43.62,43.40,43.20,43.05,42.92,42.77,42.65,42.53,42.38,42.25,42.13,42.01,41.86,41.73,41.62,41.51,41.39,41.28,41.16,41.06,40.97,40.86,40.74,41.08,41.71,42.54,43.47,44.39,45.39,46.45,47.54,48.88,49.67,50.03,50.11,50.19,50.22
67.65,68.00,68.26,68.55,68.98,69.54,70.29,71.28,72.28,73.16,73.61,73.46,72.69,71.79,70.65,69.46,68.43,67.23,66.05,65.01,64.14,63.29,62.44,61.69,61.01,60.36,59.75,59.24,58.77,58.30,57.94,57.74,57.59,57.44,57.20,56.87,56.40,55.83,55.22,54.55,54.18,54.07,54.05,53.77,53.51,53.31,53.12,52.84,53.12,53.32,53.52,53.88,54.11,54.73,55.33,55.69,55.78,55.74,55.46,55.06,54.76,54.70,55.03,55.86,56.94,56.74,56.13,55.73,55.53,55.13,55.25,55.68,56.20,56.75,57.29,57.74,57.93,57.84,57.70,57.80,58.06,58.40,58.79,59.15,59.53,59.88,60.17,60.50,60.67,60.78,60.86,60.90,60.96,60.85,60.44,59.56,58.50,57.19,55.57,53.73,52.15,51.14,50.48,50.03,49.69,49.64,49.64,49.50,49.15,48.74,48.23,47.70,47.19,46.73,46.32,45.92,45.65,45.63,45.75,46.13,46.60,47.09,47.57,48.08,48.58,49.05,49.82,52.09,54.31,56.39,58.46,60.17,61.56,62.52,63.26,64.43,65.64,66.86,68.04,69.08,70.20,71.35,72.46,73.49,74.53,75.29,75.73,75.88,75.63,74.43,75.02,76.50,77.70,78.27,77.08,75.08,73.06,72.17,71.87,72.52,73.52,74.05,74.25,74.28,74.03,73.35,72.13,70.02,67.10,63.88,61.25,59.47,58.18,57.56,57.94,59.20,65.02,70.39,73.56,76.06,78.33,79.76,80.48,80.77,81.08,81.05,80.79,80.43,79.94,77.07,73.44,69.52,64.95,59.85,54.23,50.23,49.59,49.25,48.94,48.63,48.33,48.10,47.80,47.54,47.28,46.97,46.68,46.42,46.15,45.86,45.55,45.29,45.05,44.82,44.59,44.36,44.16,43.96,43.73,43.52,43.30,43.09,42.92,42.77,42.61,42.49,42.38,42.25,42.09,41.98,41.86,41.70,41.57,41.47,41.35,41.23,41.12,41.00,40.88,40.81,40.82,40.92,41.60,42.50,43.43,44.35,45.28,46.16,47.05,48.07,49.29,49.85,50.02,50.08,50.14,50.15
66.45,66.76,67.03,67.23,67.65,68.09,68.59,69.21,69.84,70.48,70.86,70.81,70.38,69.96,69.40,68.75,68.07,67.09,65.98,64.92,64.02,63.17,62.31,61.48,60.67,59.94,59.36,58.87,58.37,57.86,57.40,57.03,56.80,56.68,56.44,56.03,55.48,54.89,54.33,53.72,53.09,52.73,52.67,52.38,52.08,51.80,51.45,50.88,50.69,50.85,51.20,51.62,52.24,52.93,53.54,53.98,54.13,54.09,53.76,53.23,52.72,52.59,53.17,54.29,55.52,55.50,54.92,54.48,54.28,54.16,54.23,54.57,55.06,55.61,56.15,56.67,57.15,57.53,57.69,57.61,57.77,58.14,58.51,58.83,59.18,59.50,59.80,60.35,60.66,60.85,60.99,61.13,61.16,61.19,61.12,60.81,60.27,59.49,58.22,56.53,55.09,53.67,52.36,51.22,50.42,50.29,50.27,50.08,49.61,49.13,48.61,48.10,47.63,47.16,46.71,46.30,45.93,45.62,45.38,45.64,46.12,46.65,47.18,47.66,48.13,48.61,49.18,49.97,51.07,52.61,54.65,56.64,58.59,60.25,61.57,62.82,64.01,65.21,66.28,67.08,68.23,69.70,71.04,72.07,72.90,73.46,73.64,73.53,73.28,72.84,73.06,73.80,74.70,75.22,73.78,71.88,70.41,70.17,71.25,72.77,74.38,75.77,76.14,76.52,76.69,76.33,75.38,73.70,71.59,68.83,64.85,60.91,58.63,57.50,57.23,58.43,62.15,66.78,71.10,73.75,76.17,78.49,80.17,80.46,80.77,80.83,80.69,80.36,79.92,77.25,73.82,70.02,65.44,60.57,54.39,49.87,49.50,49.18,48.88,48.57,48.28,48.03,47.73,47.48,47.22,46.92,46.67,46.39,46.11,45.85,45.55,45.25,44.99,44.75,44.52,44.29,44.06,43.84,43.62,43.45,43.23,43.01,42.80,42.64,42.48,42.34,42.21,42.11,41.97,41.82,41.67,41.53,41.43,41.30,41.19,41.08,40.95,40.85,40.73,40.70,40.93,41.60,42.47,43.39,44.31,45.23,46.14,47.02,47.88,48.77,49.41,49.80,49.99,50.01,50.02,50.02
65.23,65.48,65.67,65.89,66.25,66.68,67.17,67.73,68.34,68.90,69.24,69.27,69.03,68.79,68.45,67.98,67.38,66.65,65.75,64.81,63.89,62.99,62.10,61.21,60.36,59.65,59.08,58.56,58.05,57.51,57.00,56.52,56.16,55.92,55.67,55.18,54.59,54.00,53.45,52.84,52.17,51.62,51.30,50.99,50.81,50.66,50.47,50.13,49.98,50.05,50.25,50.50,50.84,51.30,51.81,52.28,52.47,52.41,52.02,51.48,51.07,50.98,51.65,52.95,54.39,54.35,53.74,53.25,53.05,53.09,53.13,53.46,53.98,54.51,55.02,55.55,56.09,56.60,56.99,57.21,57.48,57.80,58.00,58.12,58.25,58.39,58.67,59.51,60.19,60.62,60.90,61.16,61.31,61.44,61.49,61.40,61.20,60.81,60.03,58.85,57.71,56.22,54.72,53.42,52.55,52.27,51.97,51.36,50.38,49.54,48.94,48.41,47.92,47.46,47.03,46.63,46.25,45.90,45.51,45.45,45.70,46.21,46.74,47.23,47.69,48.16,48.64,49.04,49.62,50.48,51.73,53.30,55.30,57.37,59.33,61.09,62.40,63.47,64.24,64.64,65.74,67.28,68.79,70.04,70.97,71.36,71.42,71.29,71.10,70.95,71.02,71.32,71.81,72.13,71.31,70.11,69.18,69.48,70.91,72.74,74.66,76.50,77.77,78.58,78.96,78.89,78.44,77.10,75.06,72.39,68.83,64.49,60.74,58.11,57.06,57.49,59.78,63.36,67.55,70.98,73.84,76.76,79.20,80.15,80.51,80.61,80.53,80.21,79.62,77.13,74.04,70.55,66.07,61.27,54.70,49.77,49.43,49.12,48.84,48.55,48.25,47.97,47.67,47.41,47.16,46.85,46.61,46.33,46.05,45.80,45.50,45.19,44.92,44.68,44.41,44.18,43.97,43.77,43.54,43.34,43.12,42.90,42.71,42.52,42.32,42.17,42.06,41.94,41.79,41.66,41.53,41.38,41.26,41.15,41.03,40.91,40.80,40.68,40.73,40.99,41.57,42.43,43.35,44.27,45.16,45.89,46.57,47.26,47.95,48.64,49.14,49.49,49.74,49.88,49.89,49.89
64.01,64.22,64.29,64.53,64.84,65.30,65.86,66.48,67.18,67.68,67.97,68.06,67.93,67.78,67.55,67.18,66.60,66.04,65.35,64.57,63.70,62.78,61.84,60.91,60.06,59.40,58.84,58.30,57.75,57.20,56.66,56.12,55.64,55.25,54.93,54.36,53.73,53.14,52.58,51.98,51.32,50.70,50.20,49.94,49.87,49.86,49.85,49.78,49.76,49.77,49.81,49.86,49.87,50.06,50.41,50.81,51.00,50.94,50.58,50.12,49.89,49.88,50.50,51.82,53.38,53.25,52.56,52.01,51.79,51.93,51.99,52.34,52.88,53.41,53.90,54.45,55.03,55.61,56.19,56.76,57.09,57.21,57.19,57.12,57.05,57.05,57.36,58.42,59.41,60.09,60.55,61.02,61.31,61.52,61.66,61.67,61.68,61.60,61.26,60.61,59.85,58.55,57.13,55.83,54.92,54.37,53.63,52.53,51.10,49.89,49.20,48.67,48.17,47.73,47.33,46.95,46.59,46.25,45.79,45.40,45.37,45.78,46.30,46.78,47.24,47.68,48.10,48.42,48.72,49.06,49.56,50.56,52.24,54.22,56.36,58.55,60.12,61.23,61.84,61.91,62.89,64.44,66.11,67.65,68.81,69.28,69.39,69.31,69.19,69.16,69.18,69.25,69.41,69.56,69.38,68.84,68.35,69.03,70.52,72.49,74.66,76.83,79.05,80.19,80.68,80.81,80.79,79.83,77.92,75.32,72.30,68.10,63.14,59.05,57.19,56.53,57.77,60.32,63.80,67.72,71.06,74.47,77.56,79.41,80.16,80.37,80.29,79.90,79.11,76.80,74.03,70.88,66.59,61.80,55.13,50.02,49.44,49.09,48.83,48.55,48.23,47.93,47.63,47.35,47.09,46.81,46.56,46.27,45.99,45.74,45.44,45.13,44.86,44.61,44.31,44.06,43.87,43.67,43.45,43.23,43.00,42.81,42.63,42.39,42.17,42.02,41.91,41.77,41.61,41.50,41.39,41.25,41.10,40.99,40.88,40.75,40.66,40.63,40.92,41.52,42.33,43.19,44.05,44.91,45.71,46.26,46.75,47.26,47.80,48.32,48.77,49.12,49.44,49.71,49.75,49.75
62.82,62.97,62.90,63.14,63.49,63.98,64.60,65.40,66.21,66.62,66.84,66.93,66.85,66.70,66.53,66.27,65.81,65.23,64.60,63.99,63.36,62.45,61.48,60.56,59.77,59.20,58.65,58.11,57.55,56.95,56.41,55.86,55.34,54.82,54.28,53.62,52.97,52.36,51.77,51.20,50.59,50.12,49.91,49.83,49.77,49.74,49.72,49.65,49.64,49.68,49.73,49.74,49.74,49.79,49.87,49.98,50.08,50.07,49.95,49.78,49.69,49.78,50.13,51.11,52.48,52.20,51.41,50.76,50.46,50.61,50.79,51.20,51.74,52.28,52.81,53.48,54.21,54.94,55.66,56.34,56.41,56.04,55.72,55.60,55.53,55.61,56.07,57.10,58.11,58.95,59.70,60.52,60.91,61.23,61.48,61.54,61.60,61.64,61.52,61.20,60.88,60.27,59.24,58.00,56.89,55.77,54.40,52.89,51.39,50.05,49.33,48.85,48.44,48.04,47.64,47.30,46.96,46.57,46.06,45.51,45.24,45.41,45.87,46.34,46.77,47.15,47.48,47.74,48.03,48.37,48.79,49.38,50.09,50.80,51.79,53.83,55.92,57.67,58.66,58.66,59.51,61.02,62.84,64.72,66.24,67.45,67.99,68.00,67.91,67.90,67.98,68.12,68.27,68.42,68.31,67.89,67.54,68.31,69.74,71.84,74.31,76.80,79.53,80.72,81.13,81.28,81.37,80.98,79.78,77.58,74.09,70.22,65.07,60.38,57.71,55.67,56.38,58.13,60.34,63.38,67.16,71.04,74.63,77.49,79.47,80.05,79.85,79.19,78.26,76.07,73.50,70.59,66.65,61.83,55.80,51.02,49.65,49.17,48.85,48.52,48.18,47.92,47.63,47.33,47.04,46.79,46.51,46.20,45.92,45.68,45.38,45.06,44.80,44.55,44.24,44.00,43.74,43.50,43.33,43.16,42.95,42.72,42.50,42.27,42.09,41.91,41.73,41.63,41.49,41.34,41.22,41.12,40.97,40.83,40.71,40.61,40.53,40.89,41.58,42.35,43.01,43.63,44.25,44.87,45.47,46.01,46.54,47.07,47.59,48.05,48.41,48.77,49.15,49.46,49.55,49.56
61.56,61.62,61.50,61.76,62.21,62.80,63.51,64.36,65.17,65.59,65.79,65.84,65.73,65.61,65.47,65.29,64.98,64.38,63.73,63.14,62.62,61.96,61.11,60.27,59.54,59.00,58.46,57.94,57.41,56.83,56.28,55.74,55.20,54.63,53.95,53.26,52.59,51.94,51.33,50.72,50.20,49.86,49.76,49.72,49.65,49.61,49.59,49.52,49.51,49.54,49.57,49.57,49.57,49.57,49.57,49.58,49.65,49.64,49.60,49.58,49.61,49.72,49.92,50.55,51.49,51.34,50.68,50.13,49.90,49.99,50.17,50.56,51.14,51.83,52.48,53.20,53.95,54.72,55.42,55.70,55.45,54.91,54.38,54.12,54.00,54.16,54.77,55.70,56.52,57.33,58.21,59.21,59.89,60.48,60.96,61.19,61.34,61.47,61.48,61.38,61.25,60.96,60.27,59.22,57.96,56.68,55.14,53.50,51.92,50.50,49.65,49.13,48.74,48.39,48.01,47.67,47.31,46.85,46.31,45.72,45.28,45.18,45.46,45.86,46.25,46.58,46.85,47.06,47.31,47.64,48.06,48.49,48.88,49.20,49.66,50.92,52.31,53.52,54.34,54.71,55.91,57.58,59.62,61.87,63.71,65.18,66.17,66.65,66.68,66.74,66.86,67.02,67.17,67.32,67.27,67.00,66.88,67.78,69.08,70.88,73.20,76.08,79.09,80.57,81.18,81.40,81.49,81.34,80.42,78.36,74.66,70.88,66.09,61.51,58.35,55.93,55.46,56.26,57.92,60.21,63.27,67.06,70.95,74.03,76.37,77.46,77.59,77.03,76.40,75.06,73.08,70.33,66.32,61.30,56.13,51.97,49.90,49.36,49.01,48.65,48.28,47.98,47.67,47.34,47.02,46.75,46.45,46.14,45.86,45.62,45.31,45.00,44.73,44.48,44.19,43.94,43.66,43.38,43.17,43.00,42.82,42.62,42.41,42.19,41.99,41.80,41.61,41.47,41.31,41.18,41.07,40.95,40.80,40.67,40.56,40.48,40.58,41.08,41.77,42.47,43.05,43.59,44.13,44.67,45.22,45.79,46.34,46.84,47.31,47.72,48.08,48.47,48.88,49.21,49.31,49.32
60.32,60.31,60.22,60.49,61.02,61.72,62.51,63.34,64.11,64.59,64.78,64.74,64.61,64.53,64.43,64.31,64.13,63.53,62.83,62.18,61.66,61.30,60.67,59.98,59.36,58.83,58.29,57.80,57.30,56.75,56.22,55.68,55.13,54.53,53.79,53.08,52.39,51.71,51.07,50.40,49.98,49.77,49.69,49.61,49.53,49.49,49.47,49.40,49.38,49.38,49.38,49.38,49.38,49.38,49.38,49.39,49.45,49.42,49.40,49.44,49.57,49.66,49.79,50.10,50.55,50.61,50.17,49.81,49.70,49.72,49.86,50.22,50.84,51.72,52.49,53.21,53.95,54.68,55.18,54.89,54.38,53.80,53.16,52.70,52.50,52.70,53.39,54.19,54.77,55.49,56.45,57.51,58.50,59.41,60.15,60.62,60.94,61.17,61.31,61.35,61.28,61.15,60.73,59.93,58.63,57.38,55.90,54.28,52.68,51.23,50.23,49.54,49.08,48.75,48.39,48.04,47.64,47.11,46.59,46.02,45.49,45.12,45.12,45.38,45.69,45.98,46.21,46.38,46.59,46.90,47.34,47.75,48.14,48.45,48.71,49.08,49.43,49.77,50.22,50.97,52.50,54.27,56.48,59.13,61.37,62.95,64.32,65.35,65.50,65.64,65.78,65.93,66.09,66.23,66.23,66.15,66.31,67.35,68.48,69.82,71.78,74.84,77.94,79.75,80.68,81.02,81.03,80.94,80.08,78.06,74.42,70.73,66.54,62.42,59.07,56.75,55.06,54.80,56.04,57.72,59.72,63.04,66.88,69.88,72.19,73.78,74.47,74.24,74.11,73.78,72.50,69.96,65.81,60.69,56.43,53.00,50.41,49.64,49.22,48.84,48.45,48.08,47.75,47.39,47.03,46.71,46.41,46.09,45.80,45.55,45.25,44.94,44.67,44.42,44.12,43.88,43.59,43.29,43.00,42.83,42.66,42.49,42.33,42.11,41.89,41.70,41.52,41.30,41.14,41.03,40.92,40.77,40.62,40.52,40.41,40.37,40.66,41.16,41.71,42.27,42.81,43.35,43.89,44.44,44.99,45.58,46.12,46.57,46.97,47.36,47.75,48.19,48.61,48.95,49.06,49.09
59.32,59.37,59.41,59.67,60.09,60.76,61.56,62.37,63.06,63.55,63.73,63.62,63.53,63.53,63.55,63.50,63.27,62.78,62.02,61.25,60.66,60.33,60.00,59.62,59.18,58.75,58.22,57.69,57.17,56.63,56.14,55.62,55.03,54.36,53.65,52.95,52.25,51.55,50.83,50.18,49.88,49.75,49.63,49.55,49.47,49.40,49.34,49.27,49.26,49.23,49.19,49.19,49.19,49.19,49.19,49.20,49.22,49.25,49.29,49.36,49.46,49.54,49.63,49.77,49.96,49.99,49.80,49.64,49.57,49.63,49.78,50.19,50.85,51.66,52.44,53.19,53.95,54.52,54.32,53.84,53.30,52.74,52.14,51.45,51.06,51.15,51.73,52.32,52.93,53.71,54.67,55.74,56.76,57.80,58.78,59.56,60.28,60.78,61.08,61.19,61.22,61.14,60.87,60.33,59.33,58.14,56.75,55.32,53.96,52.65,51.49,50.38,49.46,49.09,48.80,48.40,47.91,47.38,46.94,46.52,46.05,45.50,45.05,44.92,45.04,45.30,45.57,45.70,45.89,46.18,46.60,47.04,47.43,47.74,47.98,48.24,48.52,48.78,49.09,49.58,50.35,51.47,53.53,56.68,59.82,61.71,63.17,64.26,64.46,64.58,64.67,64.80,64.95,65.10,65.16,65.37,65.90,66.91,67.91,68.96,70.43,72.82,75.61,77.50,78.63,79.11,79.09,78.89,77.92,76.02,73.12,69.93,66.30,62.75,59.87,57.80,55.89,54.55,54.31,55.87,57.63,59.90,62.67,65.77,68.25,70.03,71.16,71.65,71.98,71.89,71.07,69.11,65.22,60.77,57.30,54.47,51.91,50.12,49.41,49.03,48.64,48.26,47.89,47.51,47.13,46.78,46.46,46.11,45.78,45.49,45.19,44.88,44.61,44.36,44.05,43.81,43.53,43.22,42.93,42.71,42.46,42.27,42.16,41.98,41.80,41.61,41.39,41.17,41.01,40.87,40.75,40.64,40.49,40.35,40.27,40.28,40.51,41.00,41.54,42.08,42.61,43.16,43.70,44.24,44.78,45.34,45.80,46.20,46.60,47.04,47.43,47.87,48.30,48.65,48.85,48.89
58.44,58.59,58.80,59.09,59.47,60.02,60.70,61.42,62.03,62.50,62.66,62.54,62.56,62.66,62.71,62.66,62.41,61.99,61.28,60.54,59.98,59.63,59.42,59.20,58.91,58.55,58.10,57.60,57.08,56.54,56.05,55.52,54.89,54.18,53.48,52.79,52.09,51.38,50.66,50.07,49.83,49.71,49.59,49.51,49.41,49.32,49.24,49.15,49.13,49.08,49.03,49.03,49.03,49.03,49.02,49.01,49.03,49.08,49.14,49.22,49.30,49.38,49.45,49.53,49.59,49.59,49.52,49.44,49.43,49.56,49.73,50.24,50.94,51.64,52.35,53.08,53.75,54.11,53.55,53.00,52.43,51.83,51.23,50.55,50.16,50.14,50.49,50.84,51.31,52.01,52.93,54.02,55.12,56.24,57.31,58.27,59.25,60.03,60.58,60.89,61.09,61.09,60.92,60.59,60.00,59.13,57.96,56.75,55.68,54.62,53.54,52.08,50.46,49.56,49.17,48.76,48.28,47.84,47.49,47.15,46.69,46.04,45.41,45.00,44.82,44.83,44.92,45.01,45.17,45.45,45.84,46.30,46.70,47.02,47.27,47.52,47.79,48.06,48.33,48.65,49.03,49.81,51.72,55.01,58.58,60.80,62.30,63.28,63.56,63.65,63.72,63.81,63.94,64.07,64.18,64.60,65.39,66.37,67.30,68.24,69.40,71.09,73.32,75.06,76.22,76.78,76.73,76.38,75.38,73.72,71.54,69.25,66.22,63.17,60.80,58.96,57.03,55.12,53.78,54.18,55.60,57.37,59.52,62.27,64.73,66.70,68.09,68.97,69.83,70.25,69.80,68.10,64.59,61.13,58.30,55.78,53.22,50.76,49.71,49.20,48.80,48.41,48.00,47.62,47.25,46.88,46.56,46.20,45.83,45.50,45.19,44.86,44.56,44.29,43.99,43.75,43.47,43.16,42.86,42.62,42.33,42.11,41.97,41.79,41.63,41.46,41.28,41.07,40.89,40.73,40.59,40.48,40.33,40.22,40.16,40.20,40.36,40.79,41.33,41.89,42.42,42.97,43.51,44.05,44.58,45.06,45.47,45.87,46.29,46.72,47.14,47.57,48.00,48.38,48.64,48.68
57.66,57.96,58.32,58.70,59.08,59.49,59.97,60.52,61.05,61.47,61.60,61.54,61.73,61.87,61.89,61.77,61.52,61.16,60.61,60.05,59.59,59.21,58.95,58.74,58.53,58.22,57.90,57.48,57.00,56.47,55.94,55.39,54.74,53.99,53.30,52.61,51.91,51.22,50.54,50.04,49.80,49.68,49.59,49.51,49.38,49.27,49.17,49.04,49.01,48.96,48.91,48.90,48.89,48.90,48.87,48.83,48.89,48.91,48.96,49.03,49.11,49.19,49.27,49.34,49.41,49.40,49.29,49.22,49.28,49.49,49.71,50.30,51.02,51.59,52.22,52.85,53.36,53.52,52.94,52.38,51.76,51.08,50.44,49.99,49.74,49.66,49.71,49.83,50.01,50.49,51.31,52.35,53.59,54.75,55.81,56.82,57.89,58.94,59.80,60.42,60.89,61.00,60.91,60.75,60.59,60.25,59.42,58.48,57.72,56.99,56.21,54.56,52.20,50.46,49.75,49.26,48.81,48.48,48.22,47.88,47.36,46.71,46.14,45.57,45.05,44.63,44.41,44.42,44.52,44.73,45.09,45.55,45.95,46.29,46.57,46.81,47.05,47.33,47.63,47.96,48.37,49.15,50.94,53.97,57.48,60.04,61.57,62.37,62.77,62.84,62.90,62.97,63.06,63.14,63.30,63.85,64.81,65.74,66.67,67.64,68.64,69.73,71.27,72.64,73.66,74.18,74.12,73.65,72.72,71.40,69.87,68.69,66.33,63.72,61.82,60.16,58.32,56.34,54.35,52.81,53.59,55.30,57.27,59.33,61.58,63.75,65.32,66.28,67.68,68.86,68.77,67.12,64.08,61.73,59.40,56.93,54.29,51.56,50.12,49.37,48.93,48.53,48.09,47.72,47.38,47.00,46.68,46.32,45.94,45.57,45.25,44.89,44.55,44.25,43.94,43.69,43.41,43.09,42.80,42.56,42.27,41.99,41.78,41.56,41.38,41.26,41.15,40.98,40.77,40.60,40.45,40.30,40.16,40.12,40.11,40.13,40.23,40.58,41.11,41.69,42.23,42.77,43.31,43.85,44.35,44.76,45.16,45.58,46.02,46.42,46.87,47.28,47.70,48.13,48.44,48.45
57.13,57.48,57.88,58.26,58.64,59.03,59.44,59.87,60.24,60.55,60.71,60.78,61.00,61.05,61.01,60.88,60.60,60.40,60.10,59.72,59.31,58.93,58.59,58.31,58.07,57.84,57.55,57.23,56.86,56.40,55.87,55.26,54.58,53.86,53.16,52.47,51.80,51.14,50.48,50.02,49.83,49.73,49.64,49.52,49.41,49.30,49.17,49.02,48.91,48.83,48.76,48.72,48.67,48.70,48.71,48.69,48.72,48.76,48.80,48.84,48.92,49.00,49.07,49.15,49.20,49.17,49.07,49.09,49.26,49.48,49.67,50.10,50.66,51.22,51.83,52.45,52.94,53.09,52.47,51.87,51.25,50.61,50.05,49.76,49.54,49.40,49.38,49.49,49.60,49.86,50.30,50.93,52.08,53.23,54.30,55.38,56.54,57.71,58.69,59.48,60.41,60.86,60.91,60.79,60.76,60.68,60.34,59.92,59.59,59.14,58.61,57.34,55.34,53.43,51.97,50.63,49.61,49.23,48.93,48.54,48.05,47.50,46.91,46.34,45.70,45.12,44.83,44.65,44.45,44.32,44.41,44.84,45.24,45.57,45.84,46.11,46.35,46.63,46.94,47.30,47.97,48.84,50.31,52.73,55.99,58.85,60.62,61.49,61.94,62.02,62.07,62.15,62.23,62.31,62.62,63.29,64.24,65.17,66.09,67.04,67.96,68.83,69.88,70.72,71.33,71.64,71.54,71.17,70.48,69.54,68.53,67.70,66.29,64.47,62.60,61.07,59.46,57.58,55.41,53.27,52.42,53.20,54.86,56.49,58.27,60.81,62.99,64.32,65.80,67.24,67.84,67.17,64.84,62.73,60.62,58.28,55.60,52.68,50.64,49.50,49.05,48.66,48.21,47.84,47.51,47.12,46.77,46.42,46.06,45.69,45.37,45.00,44.66,44.34,43.98,43.66,43.34,43.03,42.73,42.50,42.20,41.91,41.64,41.41,41.20,41.05,40.92,40.76,40.58,40.44,40.32,40.18,40.12,40.10,40.10,40.11,40.16,40.41,40.88,41.45,41.98,42.53,43.07,43.56,44.01,44.44,44.84,45.27,45.71,46.11,46.55,46.96,47.39,47.83,48.18,48.24
56.68,57.07,57.45,57.84,58.23,58.61,58.99,59.34,59.56,59.78,59.96,60.13,60.32,60.33,60.28,60.16,59.93,59.83,59.70,59.45,59.06,58.67,58.27,57.91,57.62,57.41,57.15,56.90,56.61,56.22,55.76,55.16,54.50,53.80,53.13,52.43,51.78,51.14,50.48,50.03,49.85,49.77,49.68,49.55,49.44,49.32,49.17,49.01,48.86,48.74,48.64,48.55,48.47,48.51,48.55,48.55,48.55,48.60,48.64,48.67,48.73,48.80,48.88,48.95,48.99,48.92,48.90,49.02,49.25,49.46,49.62,49.89,50.27,50.78,51.36,51.95,52.45,52.64,52.06,51.45,50.83,50.25,49.80,49.59,49.36,49.17,49.12,49.25,49.34,49.46,49.64,49.93,50.80,51.84,52.92,54.06,55.28,56.44,57.38,58.23,59.53,60.43,60.75,60.76,60.87,60.97,60.98,60.99,61.02,60.84,60.54,59.77,58.50,56.91,55.10,53.16,51.59,50.90,50.20,49.48,48.84,48.28,47.64,47.06,46.43,45.84,45.47,45.11,44.66,44.25,44.03,44.22,44.54,44.84,45.10,45.41,45.65,45.93,46.21,46.54,47.34,48.21,49.39,51.19,53.90,56.75,58.86,60.20,61.02,61.18,61.25,61.31,61.39,61.54,62.00,62.74,63.67,64.59,65.52,66.43,67.28,68.05,68.81,69.28,69.57,69.69,69.56,69.26,68.68,67.93,67.19,66.49,65.73,64.63,63.06,61.75,60.30,58.46,56.22,53.90,51.85,51.59,52.53,53.57,54.70,57.34,60.30,62.66,64.28,65.89,67.07,67.25,65.49,63.55,61.60,59.45,56.81,53.70,51.08,49.59,49.16,48.78,48.34,47.95,47.61,47.25,46.86,46.53,46.19,45.81,45.50,45.13,44.77,44.44,44.07,43.69,43.33,43.02,42.71,42.44,42.14,41.83,41.54,41.30,41.05,40.85,40.69,40.53,40.38,40.27,40.18,40.08,40.08,40.08,40.08,40.08,40.09,40.26,40.67,41.22,41.76,42.30,42.81,43.27,43.68,44.12,44.53,44.96,45.39,45.81,46.25,46.67,47.09,47.52,47.92,48.02
56.30,56.69,57.07,57.46,57.84,58.23,58.59,58.89,59.07,59.23,59.39,59.55,59.71,59.78,59.80,59.76,59.66,59.58,59.44,59.19,58.81,58.42,57.98,57.57,57.21,56.93,56.74,56.48,56.18,55.87,55.58,55.14,54.56,53.88,53.24,52.56,51.91,51.27,50.60,50.06,49.85,49.77,49.69,49.60,49.47,49.32,49.17,49.01,48.85,48.71,48.56,48.43,48.35,48.39,48.42,48.42,48.42,48.43,48.48,48.53,48.55,48.62,48.69,48.74,48.74,48.68,48.81,49.02,49.23,49.40,49.55,49.73,49.97,50.34,50.87,51.37,51.84,52.11,51.71,51.13,50.52,49.98,49.65,49.41,49.14,48.90,48.80,48.94,49.03,49.14,49.32,49.56,49.92,50.69,51.76,52.97,54.21,55.14,55.86,56.62,58.08,59.50,60.28,60.63,61.01,61.20,61.33,61.51,61.74,61.84,61.71,61.50,61.18,60.45,59.18,57.30,55.43,54.10,52.39,50.89,49.77,49.02,48.28,47.65,47.13,46.67,46.16,45.65,45.13,44.61,44.14,43.75,43.85,44.11,44.41,44.71,44.95,45.23,45.45,45.59,46.23,46.96,47.91,49.24,50.96,53.27,55.79,58.17,59.83,60.21,60.33,60.40,60.49,60.86,61.41,62.17,63.10,64.03,64.95,65.80,66.58,67.35,68.06,68.48,68.68,68.69,68.59,68.22,67.50,66.57,65.75,65.04,64.37,63.73,63.05,62.09,60.64,58.71,56.42,54.17,52.01,50.82,50.43,50.53,50.78,53.02,56.89,61.30,63.30,65.11,66.52,66.99,65.54,63.89,62.17,60.24,57.77,54.47,51.38,49.62,49.23,48.90,48.47,48.05,47.69,47.36,46.99,46.66,46.31,45.94,45.63,45.26,44.88,44.52,44.19,43.81,43.43,43.08,42.77,42.41,42.08,41.77,41.48,41.23,40.95,40.70,40.49,40.34,40.19,40.09,40.03,40.02,40.02,40.02,40.02,40.02,40.02,40.11,40.48,41.03,41.56,42.11,42.54,42.98,43.42,43.82,44.26,44.68,45.09,45.54,45.95,46.38,46.81,47.22,47.65,47.80
55.92,56.31,56.69,57.08,57.43,57.80,58.15,58.39,58.56,58.72,58.87,59.03,59.22,59.35,59.42,59.44,59.39,59.32,59.22,58.99,58.59,58.17,57.75,57.34,56.96,56.58,56.29,56.02,55.75,55.48,55.21,54.88,54.46,53.95,53.37,52.72,52.09,51.45,50.78,50.25,49.97,49.82,49.73,49.62,49.47,49.32,49.17,49.01,48.82,48.65,48.49,48.35,48.27,48.28,48.30,48.30,48.30,48.30,48.32,48.35,48.36,48.43,48.50,48.53,48.51,48.59,48.76,48.95,49.13,49.29,49.44,49.60,49.78,50.03,50.40,50.84,51.31,51.62,51.37,50.85,50.29,49.82,49.55,49.29,49.02,48.76,48.57,48.59,48.69,48.85,49.06,49.33,49.56,50.03,50.81,51.91,53.09,53.83,54.34,54.98,56.47,57.82,58.96,59.92,60.75,61.40,61.73,61.96,62.20,62.32,62.23,62.09,61.94,61.64,60.98,59.89,58.57,57.11,55.07,52.92,50.97,49.50,48.80,48.18,47.62,47.10,46.52,45.94,45.39,44.88,44.41,43.96,43.79,43.73,43.77,44.06,44.27,44.46,44.59,44.60,44.90,45.53,46.45,47.64,48.95,50.48,52.05,53.54,54.65,55.26,56.02,56.97,58.16,59.96,60.88,61.63,62.52,63.41,64.26,65.06,65.84,66.60,67.31,67.63,67.73,67.68,67.58,67.08,66.25,65.27,64.40,63.64,62.96,62.45,62.10,61.40,60.14,58.30,56.03,53.79,51.62,50.31,49.74,49.58,49.63,50.83,54.68,60.60,62.66,64.45,65.79,66.34,65.64,64.23,62.72,61.10,59.07,55.95,52.26,49.94,49.35,48.99,48.58,48.20,47.85,47.50,47.15,46.80,46.44,46.07,45.75,45.38,45.02,44.66,44.28,43.93,43.55,43.19,42.87,42.49,42.14,41.80,41.50,41.19,40.84,40.56,40.34,40.16,40.03,39.97,39.95,39.95,39.95,39.95,39.95,39.96,39.99,40.04,40.32,40.78,41.32,41.83,42.24,42.67,43.11,43.50,43.95,44.37,44.78,45.24,45.67,46.09,46.52,46.94,47.36,47.55
55.52,55.91,56.30,56.68,57.01,57.37,57.69,57.91,58.07,58.22,58.37,58.55,58.76,58.94,59.06,59.13,59.13,59.07,58.99,58.78,58.39,57.94,57.53,57.14,56.74,56.29,55.89,55.58,55.33,55.08,54.79,54.53,54.26,53.91,53.41,52.86,52.27,51.63,50.97,50.49,50.12,49.88,49.78,49.63,49.46,49.30,49.15,48.99,48.78,48.60,48.45,48.30,48.21,48.18,48.17,48.17,48.17,48.17,48.17,48.17,48.18,48.24,48.31,48.34,48.34,48.53,48.70,48.85,49.01,49.16,49.32,49.47,49.63,49.79,50.01,50.37,50.80,51.13,51.01,50.56,50.09,49.70,49.45,49.17,48.91,48.65,48.38,48.27,48.37,48.57,48.82,49.12,49.36,49.60,50.05,50.91,51.94,52.48,52.81,53.33,54.74,55.89,57.26,58.76,59.99,61.19,61.85,62.21,62.45,62.56,62.46,62.26,62.05,61.94,61.79,61.51,60.88,59.52,57.35,54.66,51.95,49.80,49.14,48.53,47.92,47.33,46.74,46.16,45.62,45.15,44.74,44.34,43.92,43.52,43.27,43.49,43.62,43.70,43.71,43.65,43.64,44.12,45.01,46.19,47.33,48.21,48.76,49.10,49.50,50.24,51.51,53.13,55.22,58.49,60.10,61.05,61.91,62.74,63.53,64.30,65.06,65.83,66.52,66.76,66.76,66.68,66.54,65.88,64.97,64.00,63.08,62.26,61.54,61.05,60.83,60.30,59.21,57.52,55.36,53.19,51.08,49.91,49.47,49.26,49.33,49.62,53.25,60.16,62.18,63.77,64.89,65.47,65.53,64.55,63.29,61.96,60.32,57.59,53.47,50.52,49.48,49.08,48.69,48.34,48.02,47.65,47.32,46.96,46.58,46.21,45.89,45.52,45.18,44.83,44.40,44.05,43.69,43.33,43.00,42.61,42.22,41.87,41.53,41.14,40.77,40.47,40.22,40.01,39.92,39.90,39.90,39.90,39.90,39.90,39.90,39.92,39.97,39.98,40.17,40.54,41.05,41.52,41.93,42.35,42.80,43.20,43.64,44.06,44.48,44.93,45.39,45.80,46.22,46.67,47.05,47.27
55.09,55.47,55.86,56.24,56.61,56.95,57.24,57.47,57.63,57.73,57.89,58.09,58.27,58.47,58.64,58.77,58.87,58.81,58.73,58.53,58.14,57.74,57.30,56.89,56.49,56.09,55.65,55.27,54.93,54.65,54.40,54.12,53.84,53.57,53.22,52.89,52.39,51.77,51.16,50.73,50.27,49.92,49.78,49.63,49.42,49.24,49.09,48.93,48.76,48.60,48.45,48.29,48.16,48.08,48.04,48.04,48.04,48.04,48.04,48.04,48.05,48.06,48.12,48.18,48.25,48.41,48.57,48.73,48.88,49.03,49.19,49.34,49.50,49.65,49.83,49.99,50.27,50.59,50.61,50.22,49.85,49.56,49.28,49.02,48.79,48.53,48.23,48.04,48.12,48.34,48.62,48.87,49.10,49.37,49.70,50.12,50.72,51.08,51.29,51.64,52.82,53.84,55.17,56.70,57.98,59.65,61.01,61.90,62.28,62.54,62.43,62.18,61.91,61.72,61.60,61.52,61.20,60.19,57.89,54.89,51.95,49.74,49.03,48.42,47.84,47.31,46.87,46.43,46.00,45.57,45.11,44.61,44.06,43.56,43.20,43.14,43.06,43.00,42.95,42.88,42.81,42.97,43.66,44.91,46.00,46.94,47.51,47.85,48.30,48.93,49.66,50.44,51.77,55.31,58.41,60.32,61.20,62.00,62.77,63.51,64.24,64.99,65.64,65.83,65.81,65.70,65.43,64.62,63.67,62.73,61.80,60.85,60.15,59.70,59.44,58.92,57.75,56.20,54.40,52.47,50.64,49.63,49.19,48.91,49.10,49.47,53.12,59.96,61.90,62.88,63.63,64.27,64.68,64.76,63.99,62.70,61.15,59.07,55.14,51.63,49.66,49.20,48.81,48.47,48.16,47.83,47.46,47.12,46.77,46.40,46.08,45.71,45.37,45.04,44.63,44.26,43.88,43.50,43.12,42.69,42.28,41.90,41.53,41.15,40.81,40.47,40.16,39.95,39.91,39.90,39.90,39.90,39.90,39.90,39.90,39.90,39.92,39.92,40.04,40.31,40.74,41.20,41.65,42.08,42.49,42.93,43.34,43.77,44.21,44.62,45.08,45.48,45.90,46.35,46.74,47.03
54.68,55.06,55.45,55.84,56.23,56.54,56.79,56.98,57.14,57.26,57.43,57.64,57.80,58.02,58.21,58.38,58.53,58.54,58.48,58.29,57.93,57.51,57.08,56.67,56.28,55.86,55.43,55.03,54.65,54.28,53.98,53.68,53.41,53.16,52.86,52.61,52.23,51.73,51.24,50.76,50.26,49.90,49.74,49.59,49.37,49.18,49.02,48.87,48.72,48.56,48.41,48.25,48.09,47.98,47.91,47.88,47.91,47.92,47.92,47.92,47.92,47.92,47.95,48.02,48.14,48.29,48.45,48.60,48.75,48.91,49.06,49.22,49.37,49.52,49.65,49.74,49.91,50.15,50.16,49.91,49.63,49.36,49.09,48.85,48.60,48.33,48.06,47.83,47.88,48.10,48.38,48.62,48.85,49.11,49.38,49.63,49.98,50.18,50.28,50.46,51.15,51.91,53.06,54.44,55.72,57.52,59.13,60.36,61.14,61.55,61.60,61.42,61.06,60.61,60.64,60.88,60.98,60.28,57.86,54.64,51.69,49.67,48.99,48.40,47.84,47.32,46.87,46.40,45.94,45.47,44.96,44.40,43.86,43.45,43.17,42.98,42.79,42.69,42.64,42.55,42.48,42.47,42.97,44.05,44.92,45.73,46.35,46.83,47.37,48.00,48.55,49.04,49.99,53.04,56.39,58.67,59.81,60.90,61.78,62.61,63.45,64.29,64.78,64.89,64.86,64.75,64.48,63.69,62.75,61.82,60.86,59.89,59.16,58.55,57.95,57.33,56.18,54.75,53.22,51.69,50.30,49.48,49.02,48.67,48.86,49.27,51.69,56.58,60.48,61.74,62.32,62.89,63.39,63.84,63.74,63.03,61.66,60.04,56.53,52.68,49.82,49.33,48.97,48.64,48.33,48.01,47.63,47.30,46.96,46.59,46.27,45.90,45.56,45.24,44.88,44.50,44.11,43.73,43.33,42.87,42.47,42.08,41.69,41.31,40.94,40.55,40.20,39.94,39.90,39.88,39.86,39.86,39.86,39.86,39.86,39.87,39.89,39.90,39.96,40.12,40.44,40.89,41.32,41.75,42.17,42.60,43.02,43.47,43.91,44.31,44.76,45.19,45.62,46.08,46.50,46.80
54.29,54.67,55.06,55.45,55.83,56.11,56.32,56.48,56.64,56.79,56.98,57.19,57.36,57.57,57.76,57.94,58.14,58.24,58.23,58.07,57.72,57.28,56.87,56.48,56.08,55.64,55.23,54.84,54.43,53.99,53.59,53.26,52.98,52.72,52.42,52.17,51.89,51.56,51.19,50.63,50.15,49.84,49.68,49.52,49.30,49.12,48.96,48.80,48.65,48.49,48.34,48.19,48.02,47.88,47.76,47.72,47.77,47.78,47.78,47.79,47.78,47.78,47.79,47.86,48.01,48.16,48.32,48.47,48.63,48.78,48.94,49.08,49.24,49.38,49.47,49.55,49.66,49.78,49.71,49.61,49.40,49.13,48.89,48.66,48.38,48.10,47.87,47.64,47.65,47.84,48.13,48.37,48.60,48.84,49.07,49.30,49.53,49.61,49.63,49.66,49.81,50.26,51.11,52.19,53.34,55.04,56.66,58.15,59.42,60.02,60.23,60.04,59.46,58.71,58.91,59.28,59.50,59.08,56.80,53.79,51.17,49.53,48.91,48.37,47.83,47.28,46.74,46.15,45.59,45.05,44.51,43.94,43.52,43.27,43.13,42.90,42.68,42.59,42.57,42.48,42.41,42.34,42.69,43.53,44.17,44.79,45.43,46.09,46.69,47.37,47.95,48.49,49.32,51.48,54.33,56.59,58.10,59.65,60.74,61.72,62.72,63.65,63.91,63.95,63.91,63.82,63.63,62.93,62.04,61.11,60.16,59.27,58.52,57.70,56.66,55.88,54.78,53.49,52.18,51.05,50.09,49.44,48.94,48.51,48.59,48.98,49.74,51.91,57.83,59.59,60.09,60.67,61.52,62.23,62.90,62.99,61.98,60.67,57.69,53.68,50.00,49.46,49.13,48.82,48.51,48.20,47.82,47.49,47.15,46.78,46.47,46.09,45.75,45.44,45.12,44.75,44.37,43.98,43.58,43.13,42.72,42.33,41.95,41.55,41.12,40.71,40.32,39.95,39.90,39.84,39.80,39.80,39.80,39.80,39.80,39.82,39.88,39.89,39.90,39.96,40.16,40.59,41.00,41.43,41.88,42.28,42.72,43.18,43.62,44.02,44.47,44.93,45.39,45.85,46.29,46.58
53.88,54.24,54.63,55.01,55.35,55.61,55.82,55.97,56.13,56.32,56.52,56.70,56.91,57.09,57.29,57.48,57.66,57.84,57.95,57.85,57.48,57.07,56.68,56.29,55.90,55.49,55.10,54.68,54.23,53.77,53.34,52.96,52.61,52.29,52.03,51.75,51.48,51.18,50.76,50.25,49.95,49.77,49.62,49.46,49.25,49.05,48.90,48.74,48.59,48.44,48.28,48.12,47.91,47.75,47.63,47.57,47.59,47.60,47.63,47.65,47.61,47.60,47.63,47.73,47.88,48.04,48.19,48.35,48.50,48.65,48.81,48.93,49.05,49.19,49.28,49.36,49.45,49.50,49.38,49.30,49.15,48.93,48.70,48.47,48.19,47.91,47.68,47.45,47.42,47.59,47.88,48.11,48.34,48.58,48.81,49.03,49.16,49.23,49.29,49.33,49.38,49.60,50.00,50.49,51.09,52.44,54.20,55.96,57.45,58.54,58.44,57.47,56.12,55.38,55.54,54.59,53.31,52.97,52.20,51.15,50.07,49.13,48.52,47.97,47.42,46.87,46.29,45.72,45.13,44.56,44.04,43.62,43.39,43.18,42.95,42.73,42.54,42.47,42.44,42.37,42.29,42.21,42.58,43.52,44.41,45.01,45.59,46.21,46.79,47.42,47.99,48.55,49.30,50.77,52.91,54.98,56.82,58.61,60.03,61.17,62.15,62.95,63.06,63.02,62.96,62.88,62.75,62.09,61.25,60.42,59.74,59.11,58.51,57.71,56.57,55.56,54.53,53.45,52.32,51.20,50.21,49.49,48.94,48.44,48.22,48.49,48.96,49.84,52.31,53.13,53.57,54.74,57.86,60.39,61.80,62.33,62.07,61.04,58.63,54.58,50.25,49.60,49.26,48.95,48.64,48.33,48.00,47.68,47.34,46.97,46.66,46.28,45.94,45.63,45.32,44.99,44.62,44.23,43.83,43.38,42.97,42.59,42.20,41.81,41.41,41.01,40.55,39.98,39.90,39.81,39.73,39.73,39.73,39.73,39.76,39.81,39.83,39.84,39.86,39.92,40.02,40.40,40.83,41.28,41.74,42.18,42.59,43.03,43.49,43.93,44.39,44.82,45.25,45.70,46.06,46.36
53.46,53.83,54.21,54.59,54.89,55.13,55.31,55.47,55.65,55.85,56.04,56.23,56.43,56.62,56.81,57.01,57.19,57.39,57.60,57.59,57.26,56.87,56.49,56.10,55.72,55.33,54.95,54.51,54.05,53.58,53.12,52.69,52.28,51.91,51.62,51.34,51.07,50.76,50.33,49.97,49.80,49.68,49.52,49.36,49.17,48.99,48.84,48.68,48.52,48.37,48.21,48.02,47.82,47.66,47.52,47.45,47.44,47.44,47.47,47.49,47.45,47.42,47.48,47.60,47.76,47.91,48.06,48.22,48.37,48.50,48.65,48.76,48.85,48.98,49.08,49.16,49.22,49.22,49.10,48.99,48.87,48.72,48.51,48.26,47.98,47.72,47.48,47.23,47.20,47.35,47.63,47.86,48.09,48.32,48.55,48.74,48.83,48.91,48.97,49.02,49.05,49.16,49.30,49.47,49.77,50.66,52.20,53.95,55.63,57.09,56.43,54.71,52.92,52.39,52.45,51.18,49.59,49.28,49.33,49.42,49.22,48.67,48.08,47.52,46.97,46.40,45.81,45.24,44.66,44.13,43.73,43.43,43.27,43.07,42.80,42.57,42.42,42.37,42.34,42.27,42.19,42.11,42.50,43.50,44.58,45.32,45.94,46.53,47.09,47.70,48.27,48.84,49.55,50.67,52.37,54.29,56.27,58.15,59.57,60.65,61.52,62.15,62.16,62.09,62.01,61.93,61.80,61.21,60.53,59.94,59.49,59.05,58.56,57.80,56.66,55.54,54.57,53.61,52.59,51.50,50.48,49.68,49.05,48.47,48.00,48.00,48.22,48.50,48.74,48.97,49.32,50.48,53.81,57.20,59.91,61.59,61.90,61.11,58.90,54.84,50.30,49.66,49.35,49.05,48.74,48.45,48.15,47.84,47.51,47.16,46.84,46.49,46.15,45.82,45.51,45.20,44.86,44.49,44.09,43.63,43.23,42.84,42.46,42.09,41.73,41.30,40.73,40.01,39.90,39.79,39.69,39.67,39.67,39.67,39.71,39.77,39.77,39.79,39.84,39.88,39.95,40.28,40.72,41.17,41.61,42.08,42.50,42.94,43.39,43.84,44.27,44.68,45.08,45.51,45.84,46.14
53.06,53.44,53.83,54.20,54.46,54.65,54.80,54.97,55.19,55.37,55.56,55.77,55.94,56.15,56.34,56.52,56.74,56.91,57.17,57.27,57.06,56.69,56.30,55.92,55.53,55.14,54.75,54.32,53.86,53.39,52.93,52.47,52.02,51.58,51.21,50.94,50.66,50.34,49.99,49.84,49.70,49.55,49.40,49.24,49.09,48.92,48.77,48.62,48.46,48.30,48.13,47.92,47.75,47.59,47.44,47.33,47.31,47.31,47.31,47.32,47.30,47.24,47.33,47.47,47.63,47.78,47.94,48.09,48.23,48.32,48.46,48.56,48.65,48.74,48.88,48.97,48.99,48.92,48.82,48.70,48.58,48.48,48.30,48.02,47.76,47.53,47.28,47.00,46.98,47.14,47.38,47.61,47.84,48.07,48.28,48.42,48.51,48.59,48.63,48.66,48.72,48.81,48.94,49.13,49.44,49.84,50.76,52.20,54.05,55.67,54.29,52.03,50.28,50.09,50.04,49.69,49.21,48.88,48.84,48.90,48.71,48.17,47.63,47.08,46.50,45.91,45.35,44.76,44.20,43.80,43.59,43.35,43.13,42.90,42.66,42.44,42.34,42.30,42.28,42.20,42.12,42.05,42.41,43.38,44.52,45.56,46.34,46.92,47.53,48.15,48.72,49.29,50.00,51.12,52.72,54.54,56.45,58.27,59.29,60.10,60.79,61.21,61.21,61.13,61.06,60.97,60.81,60.30,59.90,59.66,59.39,59.02,58.58,57.87,56.74,55.71,54.76,53.80,52.81,51.85,50.86,50.01,49.28,48.62,48.02,47.59,47.46,47.64,47.73,47.90,48.14,48.59,49.83,52.77,57.26,60.85,61.45,60.85,58.41,54.34,50.13,49.63,49.36,49.08,48.79,48.54,48.24,47.94,47.62,47.31,47.00,46.69,46.35,46.00,45.70,45.39,45.08,44.73,44.34,43.89,43.48,43.10,42.73,42.41,42.09,41.56,40.82,40.03,39.90,39.79,39.67,39.61,39.61,39.61,39.65,39.70,39.71,39.77,39.81,39.84,39.94,40.22,40.65,41.09,41.50,41.95,42.41,42.87,43.31,43.70,44.10,44.49,44.88,45.27,45.64,45.91
52.68,53.06,53.44,53.77,53.98,54.14,54.31,54.51,54.70,54.90,55.09,55.28,55.48,55.67,55.86,56.07,56.30,56.54,56.80,56.96,56.91,56.55,56.16,55.78,55.38,54.96,54.56,54.13,53.66,53.20,52.74,52.28,51.83,51.41,50.98,50.61,50.30,50.04,49.81,49.71,49.61,49.48,49.33,49.17,49.02,48.86,48.70,48.55,48.40,48.22,48.03,47.89,47.74,47.58,47.43,47.30,47.25,47.17,47.13,47.13,47.13,47.10,47.19,47.35,47.50,47.66,47.81,47.94,48.05,48.13,48.23,48.35,48.45,48.54,48.64,48.76,48.77,48.65,48.53,48.42,48.30,48.18,48.06,47.81,47.57,47.32,47.05,46.79,46.75,46.89,47.12,47.35,47.59,47.82,48.01,48.12,48.19,48.24,48.27,48.33,48.40,48.52,48.68,48.91,49.22,49.53,50.06,51.15,52.87,54.16,52.61,50.64,49.40,49.26,49.17,49.05,48.85,48.53,48.33,48.38,48.22,47.72,47.18,46.60,46.02,45.45,44.87,44.33,43.94,43.66,43.46,43.23,42.96,42.71,42.48,42.27,42.20,42.19,42.16,42.08,42.01,41.93,42.27,43.22,44.40,45.58,46.57,47.35,47.93,48.58,49.19,49.79,50.50,51.66,53.21,54.94,56.64,57.95,58.72,59.30,59.80,60.13,60.18,60.16,60.09,59.98,59.90,59.64,59.44,59.32,59.16,58.89,58.53,57.93,56.90,55.89,54.95,54.01,53.06,52.13,51.17,50.35,49.64,49.00,48.42,47.89,47.51,47.29,47.02,46.87,46.99,47.43,48.36,50.28,55.23,59.83,60.89,60.55,57.23,53.09,49.85,49.41,49.13,48.83,48.55,48.30,48.00,47.70,47.38,47.08,46.78,46.56,46.38,46.15,45.89,45.58,45.27,44.95,44.59,44.14,43.73,43.39,43.09,42.77,42.39,41.77,40.95,40.12,39.93,39.76,39.61,39.55,39.55,39.58,39.62,39.65,39.70,39.77,39.80,39.83,39.92,40.13,40.53,40.98,41.41,41.83,42.29,42.73,43.14,43.52,43.91,44.30,44.68,45.06,45.41,45.69
52.28,52.66,53.03,53.31,53.50,53.66,53.84,54.06,54.22,54.42,54.62,54.80,55.02,55.21,55.41,55.65,55.90,56.19,56.45,56.67,56.76,56.41,56.02,55.63,55.23,54.77,54.36,53.93,53.48,53.01,52.55,52.09,51.65,51.24,50.79,50.33,50.02,49.84,49.69,49.61,49.52,49.40,49.26,49.11,48.95,48.80,48.65,48.49,48.35,48.15,47.97,47.86,47.72,47.56,47.41,47.29,47.19,47.05,46.96,46.94,46.94,46.95,47.07,47.22,47.37,47.52,47.65,47.77,47.86,47.93,48.01,48.14,48.27,48.34,48.42,48.53,48.54,48.39,48.24,48.14,48.02,47.89,47.79,47.60,47.38,47.12,46.82,46.59,46.52,46.64,46.87,47.10,47.33,47.55,47.72,47.80,47.86,47.89,47.93,48.01,48.11,48.25,48.46,48.72,49.03,49.34,49.65,50.40,51.77,52.75,51.35,49.82,49.02,48.76,48.65,48.57,48.43,48.16,47.84,47.86,47.73,47.25,46.71,46.12,45.55,44.98,44.44,44.00,43.74,43.55,43.32,43.08,42.81,42.54,42.31,42.10,42.06,42.06,42.04,41.97,41.90,41.83,42.14,43.05,44.27,45.49,46.65,47.65,48.30,48.99,49.66,50.30,51.03,52.23,53.77,55.31,56.59,57.38,57.94,58.40,58.77,59.03,59.13,59.15,59.10,59.01,59.02,58.97,58.89,58.82,58.74,58.56,58.34,57.90,57.11,56.14,55.20,54.28,53.37,52.44,51.54,50.77,50.11,49.53,48.99,48.45,47.94,47.44,46.90,46.42,46.23,46.52,47.50,48.65,52.89,57.41,59.07,58.62,55.09,51.55,49.47,49.08,48.76,48.46,48.18,47.92,47.63,47.31,46.97,46.64,46.32,46.20,46.13,46.03,45.82,45.57,45.30,45.05,44.76,44.38,44.00,43.70,43.44,43.13,42.68,41.98,41.09,40.24,39.94,39.73,39.56,39.49,39.50,39.55,39.59,39.62,39.70,39.76,39.79,39.83,39.91,40.05,40.42,40.87,41.32,41.71,42.15,42.56,42.95,43.33,43.70,44.09,44.47,44.85,45.17,45.49
51.84,52.22,52.57,52.81,53.04,53.21,53.40,53.61,53.78,53.94,54.13,54.36,54.59,54.81,55.03,55.29,55.58,55.82,56.10,56.40,56.56,56.21,55.83,55.44,55.04,54.57,54.12,53.70,53.29,52.82,52.36,51.89,51.44,51.00,50.59,50.14,49.89,49.77,49.63,49.54,49.41,49.30,49.20,49.05,48.89,48.73,48.58,48.43,48.33,48.15,47.95,47.81,47.66,47.50,47.38,47.28,47.13,46.98,46.84,46.75,46.76,46.81,46.94,47.09,47.24,47.33,47.42,47.54,47.66,47.74,47.82,47.95,48.08,48.15,48.23,48.27,48.24,48.14,47.98,47.84,47.73,47.63,47.48,47.38,47.19,46.93,46.63,46.40,46.30,46.38,46.61,46.85,47.08,47.27,47.41,47.48,47.49,47.54,47.62,47.70,47.84,48.00,48.23,48.53,48.84,49.15,49.46,49.90,50.64,51.62,50.71,49.58,48.81,48.24,48.07,48.00,47.91,47.76,47.41,47.38,47.23,46.75,46.21,45.66,45.07,44.52,44.11,43.82,43.59,43.36,43.13,42.90,42.66,42.42,42.19,41.97,41.93,41.93,41.93,41.91,41.83,41.76,42.06,42.93,44.14,45.32,46.51,47.67,48.64,49.37,50.10,50.83,51.60,52.80,54.38,55.53,56.07,56.43,56.89,57.35,57.74,57.95,58.05,58.08,58.06,58.07,58.18,58.14,58.06,58.00,57.98,57.90,57.83,57.72,57.39,56.51,55.58,54.69,53.81,52.90,52.07,51.34,50.70,50.22,49.74,49.22,48.76,48.38,47.84,47.17,46.32,45.79,46.70,47.87,49.64,52.14,54.66,53.33,51.28,49.74,48.96,48.58,48.25,47.98,47.73,47.43,47.12,46.77,46.37,45.94,45.57,45.48,45.44,45.35,45.25,45.14,45.02,44.90,44.78,44.59,44.29,44.01,43.77,43.44,42.96,42.20,41.27,40.35,39.92,39.70,39.54,39.44,39.49,39.51,39.55,39.62,39.69,39.71,39.76,39.83,39.90,39.99,40.32,40.75,41.19,41.58,41.98,42.37,42.76,43.14,43.46,43.83,44.22,44.60,44.98,45.30
51.44,51.81,52.13,52.36,52.56,52.75,52.94,53.14,53.32,53.51,53.73,53.96,54.19,54.42,54.68,54.95,55.22,55.48,55.78,56.08,56.26,56.04,55.66,55.25,54.85,54.38,53.92,53.51,53.09,52.63,52.17,51.70,51.26,50.84,50.49,50.11,49.91,49.80,49.65,49.50,49.34,49.22,49.13,48.98,48.85,48.74,48.62,48.50,48.39,48.22,48.03,47.84,47.69,47.50,47.35,47.23,47.08,46.92,46.77,46.63,46.58,46.67,46.79,46.92,47.06,47.14,47.22,47.32,47.44,47.55,47.63,47.73,47.85,47.96,48.04,48.03,47.96,47.84,47.72,47.58,47.45,47.33,47.22,47.10,46.93,46.70,46.44,46.20,46.07,46.13,46.36,46.59,46.83,46.98,47.09,47.16,47.16,47.22,47.31,47.44,47.59,47.81,48.08,48.39,48.69,48.97,49.27,49.61,50.03,50.56,50.15,49.43,48.71,48.05,47.68,47.50,47.39,47.29,47.04,46.94,46.73,46.29,45.75,45.18,44.66,44.23,43.92,43.68,43.45,43.20,42.94,42.71,42.48,42.24,42.02,41.84,41.81,41.81,41.81,41.80,41.73,41.65,41.93,42.76,43.97,45.17,46.39,47.59,48.69,49.63,50.45,51.24,52.08,53.12,54.22,54.98,55.30,55.46,55.86,56.33,56.70,56.89,57.01,57.02,57.08,57.24,57.36,57.32,57.27,57.22,57.19,57.15,57.08,57.08,57.11,56.80,56.01,55.10,54.22,53.38,52.65,52.02,51.47,51.01,50.51,50.03,49.63,49.27,48.70,47.91,46.80,45.78,45.87,46.85,47.93,49.36,50.95,50.11,49.30,48.81,48.52,48.09,47.78,47.51,47.23,46.92,46.58,46.15,45.69,45.23,44.82,44.73,44.69,44.62,44.58,44.51,44.43,44.35,44.27,44.12,43.87,43.64,43.45,43.28,43.01,42.35,41.40,40.47,39.94,39.67,39.51,39.41,39.45,39.48,39.54,39.62,39.69,39.70,39.75,39.83,39.90,39.94,40.22,40.60,41.02,41.41,41.76,42.13,42.52,42.90,43.25,43.63,44.01,44.39,44.75,45.06
51.05,51.39,51.68,51.90,52.07,52.28,52.48,52.66,52.89,53.12,53.34,53.58,53.81,54.05,54.33,54.61,54.86,55.16,55.46,55.74,55.92,55.87,55.49,55.07,54.66,54.20,53.73,53.32,52.91,52.45,52.00,51.56,51.14,50.77,50.45,50.16,49.99,49.88,49.70,49.48,49.32,49.19,49.10,48.96,48.87,48.79,48.71,48.62,48.48,48.31,48.13,47.92,47.75,47.54,47.35,47.19,47.03,46.87,46.71,46.56,46.43,46.52,46.62,46.73,46.86,46.95,47.03,47.11,47.20,47.35,47.44,47.52,47.62,47.75,47.84,47.80,47.69,47.55,47.45,47.32,47.17,47.03,46.94,46.81,46.66,46.47,46.24,46.01,45.83,45.88,46.11,46.34,46.56,46.69,46.77,46.83,46.85,46.92,47.04,47.19,47.35,47.63,47.94,48.25,48.55,48.80,49.08,49.36,49.58,49.61,49.60,49.26,48.61,47.96,47.39,47.06,46.90,46.80,46.65,46.49,46.24,45.84,45.29,44.73,44.31,44.02,43.78,43.54,43.31,43.05,42.77,42.53,42.30,42.06,41.84,41.70,41.68,41.68,41.68,41.67,41.61,41.53,41.79,42.59,43.79,45.02,46.24,47.47,48.63,49.75,50.64,51.45,52.32,53.15,53.72,54.15,54.45,54.50,54.85,55.30,55.66,55.82,55.98,55.99,56.13,56.45,56.55,56.51,56.47,56.44,56.39,56.37,56.26,56.28,56.58,56.85,56.34,55.52,54.66,53.90,53.26,52.75,52.29,51.80,51.28,50.86,50.50,50.11,49.52,48.63,47.40,46.05,45.23,45.81,46.75,47.54,47.89,47.85,47.98,48.09,48.01,47.60,47.31,47.03,46.72,46.38,45.99,45.50,44.99,44.53,44.07,43.96,43.92,43.87,43.86,43.81,43.74,43.67,43.57,43.43,43.22,43.03,42.91,42.92,42.93,42.44,41.53,40.58,39.97,39.64,39.46,39.40,39.40,39.46,39.53,39.61,39.68,39.70,39.75,39.83,39.88,39.90,40.12,40.45,40.83,41.20,41.54,41.89,42.28,42.67,43.04,43.43,43.81,44.19,44.51,44.82
50.66,50.95,51.23,51.41,51.61,51.84,52.06,52.27,52.50,52.73,52.97,53.20,53.44,53.71,53.98,54.24,54.53,54.84,55.11,55.38,55.61,55.65,55.34,54.91,54.47,54.01,53.54,53.13,52.73,52.33,51.92,51.56,51.19,50.83,50.52,50.30,50.14,49.99,49.77,49.54,49.40,49.29,49.16,49.06,48.98,48.91,48.83,48.75,48.60,48.41,48.21,48.03,47.83,47.64,47.45,47.25,47.09,46.89,46.71,46.54,46.36,46.36,46.43,46.52,46.62,46.75,46.84,46.92,47.01,47.16,47.25,47.33,47.41,47.51,47.59,47.55,47.44,47.28,47.15,47.05,46.92,46.77,46.63,46.53,46.40,46.24,46.04,45.76,45.58,45.62,45.85,46.08,46.27,46.38,46.44,46.47,46.57,46.70,46.82,46.94,47.15,47.44,47.75,48.06,48.37,48.66,48.88,49.02,49.02,48.97,49.01,48.83,48.40,47.86,47.23,46.74,46.44,46.30,46.15,45.95,45.71,45.38,44.81,44.43,44.14,43.88,43.59,43.35,43.12,42.88,42.63,42.40,42.17,41.91,41.66,41.57,41.55,41.55,41.55,41.55,41.53,41.47,41.70,42.46,43.66,44.85,46.06,47.29,48.48,49.50,50.34,51.09,51.78,52.46,52.93,53.33,53.63,53.66,53.85,54.23,54.59,54.76,54.96,55.04,55.25,55.64,55.78,55.75,55.68,55.63,55.61,55.56,55.44,55.48,55.83,56.14,56.25,55.91,55.17,54.52,53.94,53.50,53.09,52.52,52.02,51.65,51.29,50.83,50.26,49.23,47.94,46.55,45.37,45.03,45.55,46.18,46.33,46.49,46.74,46.98,47.12,47.13,46.85,46.53,46.19,45.76,45.31,44.80,44.30,43.82,43.32,43.17,43.13,43.11,43.11,43.09,43.07,43.02,42.88,42.78,42.58,42.41,42.37,42.47,42.64,42.36,41.66,40.70,39.99,39.64,39.45,39.35,39.39,39.41,39.47,39.55,39.62,39.68,39.75,39.80,39.84,39.89,40.00,40.26,40.63,40.97,41.33,41.70,42.09,42.47,42.80,43.17,43.56,43.94,44.30,44.63
50.37,50.57,50.78,50.97,51.20,51.43,51.66,51.89,52.13,52.36,52.58,52.83,53.08,53.37,53.63,53.91,54.21,54.49,54.76,55.04,55.31,55.45,55.17,54.76,54.32,53.89,53.45,53.05,52.66,52.28,51.92,51.58,51.23,50.89,50.62,50.44,50.25,50.04,49.84,49.63,49.52,49.41,49.27,49.19,49.11,49.05,48.99,48.87,48.70,48.51,48.31,48.13,47.92,47.74,47.55,47.34,47.16,46.96,46.77,46.56,46.32,46.22,46.24,46.32,46.40,46.52,46.64,46.73,46.81,46.94,47.05,47.14,47.22,47.28,47.34,47.27,47.16,47.03,46.87,46.76,46.64,46.51,46.36,46.25,46.12,45.99,45.81,45.55,45.34,45.37,45.60,45.83,45.97,46.06,46.12,46.17,46.31,46.47,46.60,46.73,46.96,47.25,47.56,47.87,48.17,48.41,48.52,48.53,48.46,48.38,48.40,48.30,48.01,47.60,47.05,46.52,46.10,45.85,45.68,45.49,45.25,44.93,44.47,44.19,43.96,43.71,43.44,43.20,42.95,42.70,42.47,42.24,42.01,41.75,41.52,41.44,41.42,41.42,41.42,41.42,41.42,41.37,41.59,42.33,43.50,44.69,45.91,47.13,48.26,49.10,49.82,50.46,51.03,51.67,52.12,52.50,52.81,52.86,52.91,53.20,53.55,53.71,53.91,54.10,54.41,54.82,54.98,54.95,54.89,54.84,54.81,54.71,54.61,54.68,55.04,55.38,55.73,55.75,55.39,55.00,54.53,54.17,53.80,53.25,52.75,52.27,51.75,51.20,50.58,49.52,48.24,46.88,45.58,44.73,44.62,44.83,44.98,45.23,45.50,45.78,46.03,46.24,46.18,45.95,45.58,45.09,44.63,44.11,43.60,43.13,42.63,42.42,42.35,42.35,42.36,42.41,42.39,42.32,42.22,42.14,41.98,41.87,41.91,42.06,42.28,42.22,41.76,40.81,40.05,39.66,39.42,39.29,39.35,39.37,39.41,39.48,39.55,39.64,39.72,39.77,39.77,39.84,39.95,40.15,40.48,40.79,41.16,41.53,41.89,42.25,42.59,42.95,43.34,43.72,44.08,44.40
50.19,50.27,50.39,50.60,50.82,51.05,51.28,51.51,51.75,51.98,52.21,52.46,52.75,53.01,53.28,53.59,53.88,54.14,54.42,54.73,55.02,55.22,54.98,54.61,54.22,53.83,53.44,53.05,52.66,52.29,51.97,51.61,51.26,50.97,50.73,50.56,50.32,50.06,49.90,49.75,49.65,49.54,49.40,49.32,49.25,49.20,49.16,49.00,48.79,48.60,48.42,48.20,48.03,47.83,47.63,47.45,47.23,47.05,46.85,46.60,46.31,46.09,46.06,46.13,46.21,46.29,46.42,46.54,46.62,46.71,46.84,46.94,47.02,47.09,47.09,46.99,46.87,46.76,46.62,46.47,46.35,46.25,46.10,45.95,45.84,45.73,45.57,45.34,45.11,45.12,45.35,45.56,45.66,45.75,45.82,45.91,46.06,46.21,46.37,46.53,46.77,47.06,47.37,47.68,47.93,48.04,48.02,47.96,47.88,47.81,47.79,47.72,47.52,47.19,46.80,46.33,45.84,45.44,45.24,45.08,44.83,44.50,44.24,44.01,43.77,43.53,43.30,43.06,42.79,42.52,42.29,42.05,41.81,41.58,41.38,41.31,41.30,41.30,41.30,41.30,41.30,41.25,41.47,42.19,43.33,44.55,45.78,46.97,47.97,48.61,49.16,49.69,50.20,50.84,51.29,51.68,52.00,52.07,52.03,52.23,52.53,52.70,52.87,53.19,53.59,53.99,54.16,54.14,54.09,54.07,53.98,53.85,53.80,53.91,54.23,54.59,54.91,55.15,55.27,55.19,54.87,54.57,54.27,53.85,53.37,52.71,51.99,51.31,50.61,49.61,48.42,47.13,45.89,44.89,44.12,43.73,43.86,44.09,44.33,44.60,44.88,45.12,45.37,45.31,44.96,44.43,43.95,43.42,42.91,42.44,41.98,41.70,41.59,41.61,41.64,41.75,41.69,41.59,41.57,41.51,41.39,41.38,41.52,41.69,41.90,42.03,41.80,40.91,40.12,39.68,39.41,39.23,39.28,39.30,39.34,39.42,39.50,39.57,39.65,39.70,39.72,39.79,39.91,40.10,40.37,40.68,41.05,41.39,41.70,42.02,42.39,42.77,43.15,43.52,43.84,44.16
50.12,50.15,50.19,50.28,50.45,50.66,50.90,51.13,51.36,51.59,51.85,52.13,52.39,52.66,52.97,53.26,53.52,53.80,54.10,54.41,54.69,54.88,54.84,54.59,54.20,53.82,53.44,53.05,52.68,52.34,51.99,51.64,51.34,51.09,50.86,50.65,50.38,50.12,49.97,49.86,49.77,49.66,49.53,49.49,49.43,49.36,49.28,49.08,48.89,48.70,48.50,48.31,48.11,47.93,47.73,47.52,47.30,47.09,46.84,46.56,46.30,46.07,45.95,45.94,46.02,46.10,46.23,46.35,46.43,46.51,46.60,46.72,46.84,46.89,46.86,46.73,46.59,46.46,46.35,46.21,46.07,45.95,45.84,45.69,45.56,45.44,45.32,45.14,44.92,44.90,45.08,45.26,45.35,45.43,45.52,45.65,45.80,45.96,46.13,46.34,46.58,46.87,47.18,47.42,47.48,47.47,47.41,47.33,47.26,47.23,47.19,47.13,47.01,46.66,46.31,45.91,45.50,45.14,44.84,44.64,44.44,44.23,44.08,43.83,43.58,43.35,43.11,42.88,42.63,42.38,42.14,41.87,41.63,41.39,41.21,41.18,41.17,41.17,41.17,41.18,41.22,41.18,41.36,42.02,43.19,44.42,45.62,46.72,47.52,48.06,48.55,49.04,49.51,50.05,50.47,50.86,51.17,51.25,51.20,51.28,51.49,51.74,51.95,52.35,52.81,53.18,53.38,53.37,53.30,53.23,53.11,53.00,53.00,53.14,53.45,53.74,54.01,54.25,54.41,54.31,54.05,53.80,53.64,53.60,53.47,52.88,52.14,51.43,50.68,49.74,48.72,47.68,46.72,45.85,44.95,44.13,43.55,43.37,43.51,43.78,44.07,44.31,44.61,44.70,44.50,43.94,43.34,42.77,42.25,41.75,41.28,40.97,40.86,40.93,41.07,41.14,40.97,40.80,40.89,40.87,40.89,40.98,41.15,41.35,41.54,41.72,41.65,40.95,40.14,39.69,39.39,39.17,39.22,39.23,39.28,39.36,39.43,39.50,39.58,39.66,39.70,39.78,39.88,40.06,40.36,40.66,40.99,41.31,41.62,41.94,42.27,42.60,42.94,43.28,43.64,43.96
50.10,50.09,50.08,50.09,50.18,50.33,50.52,50.75,50.98,51.23,51.50,51.78,52.04,52.34,52.64,52.94,53.20,53.50,53.79,54.08,54.32,54.48,54.57,54.48,54.20,53.82,53.44,53.06,52.72,52.39,52.02,51.69,51.43,51.21,50.96,50.73,50.47,50.24,50.11,50.15,50.06,49.87,49.67,49.65,49.59,49.51,49.38,49.17,48.99,48.79,48.59,48.41,48.19,48.00,47.79,47.56,47.33,47.08,46.81,46.53,46.30,46.05,45.85,45.77,45.83,45.91,46.03,46.14,46.24,46.31,46.39,46.52,46.64,46.67,46.59,46.46,46.32,46.18,46.08,45.95,45.80,45.66,45.56,45.43,45.29,45.15,45.05,44.91,44.70,44.67,44.82,44.95,45.05,45.15,45.27,45.42,45.56,45.70,45.90,46.16,46.41,46.66,46.88,47.01,46.95,46.88,46.80,46.73,46.66,46.63,46.56,46.54,46.47,46.12,45.78,45.43,45.07,44.74,44.40,44.20,44.04,43.91,43.84,43.64,43.42,43.18,42.95,42.70,42.46,42.23,41.99,41.70,41.46,41.23,41.05,41.04,41.04,41.04,41.04,41.05,41.13,41.09,41.25,41.86,43.05,44.27,45.41,46.38,47.01,47.50,47.96,48.42,48.86,49.28,49.69,50.09,50.41,50.48,50.43,50.43,50.55,50.80,51.09,51.56,52.03,52.37,52.59,52.58,52.50,52.41,52.26,52.17,52.20,52.35,52.63,52.86,53.10,53.33,53.47,53.31,53.08,52.86,52.79,53.04,53.23,52.89,52.28,51.56,50.83,50.05,49.27,48.51,47.75,46.93,45.95,44.87,43.80,43.15,42.94,43.03,43.31,43.55,43.83,44.02,43.98,43.53,42.86,42.27,41.70,41.15,40.66,40.37,40.30,40.38,40.55,40.56,40.37,40.23,40.32,40.34,40.45,40.61,40.78,41.00,41.19,41.39,41.43,41.00,40.21,39.71,39.38,39.13,39.16,39.19,39.23,39.29,39.36,39.44,39.53,39.61,39.70,39.78,39.86,40.03,40.33,40.63,40.94,41.25,41.56,41.87,42.18,42.49,42.80,43.11,43.47,43.78
50.10,50.06,50.02,50.02,50.03,50.05,50.16,50.38,50.61,50.89,51.16,51.42,51.72,52.02,52.33,52.64,52.94,53.24,53.50,53.71,53.88,54.04,54.13,54.22,54.19,53.82,53.44,53.09,52.78,52.46,52.08,51.76,51.52,51.32,51.04,50.79,50.60,50.43,50.34,50.66,50.52,50.15,49.81,49.78,49.72,49.60,49.46,49.28,49.07,48.88,48.70,48.48,48.25,48.02,47.79,47.56,47.32,47.03,46.77,46.53,46.29,46.00,45.76,45.62,45.64,45.72,45.80,45.91,46.05,46.12,46.20,46.32,46.43,46.42,46.28,46.18,46.07,45.91,45.77,45.67,45.55,45.40,45.26,45.16,45.03,44.88,44.75,44.64,44.45,44.42,44.55,44.65,44.78,44.93,45.08,45.22,45.32,45.45,45.67,45.97,46.25,46.39,46.42,46.39,46.38,46.31,46.23,46.16,46.08,46.01,45.94,45.93,45.90,45.59,45.23,44.89,44.55,44.19,43.93,43.75,43.60,43.47,43.45,43.42,43.28,43.05,42.82,42.53,42.28,42.05,41.80,41.57,41.33,41.10,40.92,40.92,40.92,40.92,40.92,40.93,41.00,40.96,41.12,41.73,42.92,44.10,45.10,45.90,46.45,46.92,47.38,47.82,48.21,48.55,48.98,49.40,49.72,49.79,49.74,49.72,49.76,49.91,50.30,50.81,51.24,51.55,51.77,51.75,51.67,51.58,51.44,51.34,51.37,51.50,51.75,51.98,52.21,52.44,52.57,52.36,52.13,51.95,51.92,52.24,52.64,52.76,52.43,51.71,51.08,50.53,50.08,49.62,48.91,47.98,46.90,45.75,44.60,43.53,42.67,42.35,42.56,42.79,43.02,43.25,43.36,43.16,42.55,41.91,41.31,40.70,40.13,39.98,39.96,40.00,40.07,40.03,39.98,39.95,39.97,39.97,40.09,40.23,40.41,40.63,40.85,41.04,41.16,41.06,40.33,39.77,39.38,39.12,39.11,39.17,39.20,39.23,39.31,39.39,39.46,39.56,39.70,39.78,39.86,40.01,40.27,40.57,40.88,41.19,41.50,41.80,42.12,42.42,42.73,43.04,43.36,43.61
50.05,50.02,50.00,50.00,49.96,49.95,49.98,50.11,50.29,50.57,50.86,51.14,51.45,51.76,52.07,52.38,52.68,52.95,53.16,53.32,53.45,53.59,53.72,53.88,53.98,53.80,53.47,53.16,52.83,52.48,52.13,51.85,51.62,51.41,51.19,51.00,50.80,50.63,50.57,50.81,50.57,50.19,49.98,49.96,49.87,49.73,49.56,49.37,49.14,48.93,48.73,48.53,48.27,48.02,47.79,47.55,47.28,47.01,46.77,46.52,46.25,45.98,45.71,45.51,45.46,45.52,45.60,45.72,45.86,45.93,46.01,46.11,46.19,46.16,46.02,45.89,45.78,45.66,45.51,45.38,45.27,45.14,44.99,44.87,44.75,44.62,44.47,44.35,44.21,44.17,44.26,44.38,44.53,44.68,44.84,44.99,45.11,45.25,45.48,45.75,45.89,45.91,45.87,45.80,45.76,45.68,45.63,45.59,45.51,45.43,45.35,45.31,45.25,45.02,44.70,44.35,44.00,43.68,43.47,43.34,43.20,43.07,42.98,42.97,42.93,42.83,42.63,42.38,42.14,41.89,41.62,41.39,41.15,40.95,40.80,40.79,40.79,40.79,40.80,40.85,40.88,40.87,41.01,41.56,42.74,43.88,44.73,45.34,45.83,46.27,46.69,47.11,47.53,47.93,48.38,48.80,49.13,49.25,49.23,49.20,49.20,49.36,49.70,50.11,50.47,50.72,50.95,50.94,50.83,50.71,50.61,50.53,50.49,50.59,50.86,51.14,51.34,51.53,51.62,51.36,51.13,51.01,51.12,51.52,51.97,52.34,52.35,51.89,51.36,50.88,50.50,50.15,49.63,48.81,47.72,46.52,45.31,44.07,42.98,42.22,41.90,42.04,42.26,42.49,42.64,42.55,42.16,41.59,40.98,40.40,39.99,39.87,39.87,39.91,39.94,39.88,39.84,39.84,39.84,39.84,39.90,39.99,40.11,40.26,40.48,40.69,40.87,40.94,40.40,39.85,39.41,39.12,39.06,39.11,39.16,39.22,39.30,39.37,39.45,39.55,39.70,39.78,39.86,40.01,40.25,40.55,40.83,41.13,41.43,41.74,42.05,42.36,42.67,42.98,43.28,43.43
49.98,49.98,49.98,49.96,49.91,49.88,49.86,49.89,50.02,50.28,50.58,50.89,51.20,51.51,51.81,52.11,52.39,52.62,52.79,52.92,53.03,53.19,53.35,53.55,53.73,53.70,53.47,53.17,52.85,52.51,52.20,51.97,51.74,51.53,51.37,51.22,51.02,50.83,50.79,50.86,50.53,50.21,50.16,50.13,50.01,49.85,49.66,49.43,49.20,48.97,48.76,48.56,48.27,48.02,47.79,47.53,47.24,47.00,46.76,46.50,46.21,45.96,45.68,45.43,45.30,45.34,45.41,45.52,45.65,45.74,45.82,45.89,45.94,45.89,45.77,45.61,45.49,45.39,45.25,45.09,44.98,44.88,44.73,44.58,44.47,44.36,44.22,44.06,43.97,43.94,43.98,44.12,44.27,44.43,44.58,44.73,44.89,45.05,45.24,45.43,45.42,45.36,45.29,45.22,45.15,45.07,45.03,45.00,44.92,44.84,44.77,44.70,44.61,44.46,44.16,43.81,43.46,43.17,43.02,42.91,42.80,42.66,42.51,42.47,42.50,42.51,42.39,42.21,41.99,41.73,41.45,41.21,40.97,40.78,40.67,40.66,40.66,40.66,40.69,40.76,40.76,40.76,40.90,41.39,42.56,43.59,44.28,44.74,45.19,45.59,45.99,46.41,46.88,47.33,47.79,48.22,48.57,48.73,48.76,48.72,48.73,48.91,49.21,49.49,49.74,49.97,50.16,50.14,50.03,49.89,49.81,49.73,49.69,49.79,50.08,50.38,50.54,50.67,50.71,50.46,50.24,50.20,50.39,50.88,51.34,51.84,52.08,51.93,51.55,51.15,50.80,50.49,50.11,49.40,48.33,47.10,45.86,44.57,43.37,42.29,41.50,41.41,41.52,41.73,41.89,41.86,41.70,41.24,40.67,40.15,39.94,39.84,39.83,39.88,39.88,39.81,39.79,39.79,39.79,39.79,39.79,39.82,39.89,39.97,40.15,40.35,40.57,40.73,40.42,39.93,39.46,39.13,39.01,39.05,39.13,39.20,39.29,39.37,39.45,39.55,39.70,39.78,39.86,40.01,40.27,40.56,40.81,41.09,41.39,41.70,41.99,42.30,42.61,42.91,43.17,43.23
49.92,49.92,49.91,49.85,49.82,49.78,49.74,49.75,49.84,50.05,50.32,50.63,50.94,51.25,51.56,51.83,52.02,52.19,52.34,52.51,52.71,52.87,53.08,53.30,53.48,53.46,53.30,53.08,52.83,52.57,52.32,52.13,51.93,51.72,51.56,51.41,51.21,51.04,51.01,50.87,50.57,50.36,50.33,50.27,50.13,49.95,49.73,49.50,49.27,49.03,48.79,48.51,48.26,48.02,47.76,47.48,47.23,47.00,46.73,46.45,46.20,45.91,45.65,45.41,45.23,45.17,45.22,45.30,45.41,45.54,45.63,45.70,45.72,45.59,45.50,45.36,45.21,45.08,44.98,44.84,44.70,44.57,44.47,44.32,44.18,44.06,43.96,43.81,43.72,43.71,43.78,43.88,44.02,44.18,44.33,44.48,44.64,44.79,44.88,44.86,44.80,44.72,44.68,44.65,44.57,44.50,44.43,44.36,44.28,44.21,44.18,44.13,44.05,43.94,43.61,43.27,42.95,42.67,42.56,42.43,42.31,42.21,42.06,41.98,41.96,41.98,42.00,41.97,41.80,41.56,41.32,41.09,40.81,40.61,40.54,40.54,40.54,40.54,40.56,40.63,40.64,40.64,40.77,41.26,42.41,43.13,43.64,44.09,44.50,44.94,45.39,45.84,46.30,46.71,47.16,47.61,48.01,48.22,48.26,48.24,48.30,48.53,48.83,49.00,49.17,49.38,49.48,49.45,49.33,49.20,49.12,49.03,49.13,49.33,49.57,49.81,49.90,49.93,49.92,49.80,49.70,49.66,49.85,50.42,50.91,51.29,51.53,51.58,51.45,51.30,51.06,50.72,50.25,49.53,48.45,47.24,46.06,44.81,43.58,42.52,41.69,41.05,40.86,40.97,41.13,41.13,41.09,40.81,40.39,39.98,39.90,39.84,39.81,39.82,39.81,39.75,39.72,39.72,39.72,39.72,39.72,39.75,39.82,39.84,39.93,40.04,40.20,40.44,40.34,39.97,39.52,39.17,38.96,38.98,39.06,39.15,39.28,39.37,39.45,39.55,39.70,39.78,39.86,40.04,40.32,40.57,40.86,41.12,41.39,41.69,41.94,42.23,42.54,42.82,42.95,42.98
49.85,49.84,49.80,49.76,49.76,49.70,49.64,49.63,49.70,49.87,50.10,50.38,50.69,51.00,51.27,51.48,51.64,51.82,51.99,52.18,52.40,52.59,52.79,53.00,53.19,53.20,53.08,52.90,52.67,52.42,52.22,52.07,51.92,51.74,51.61,51.47,51.30,51.12,50.90,50.82,50.63,50.47,50.43,50.35,50.19,49.98,49.74,49.52,49.28,49.03,48.76,48.49,48.25,48.00,47.73,47.46,47.23,46.97,46.70,46.42,46.16,45.89,45.64,45.39,45.15,45.00,45.03,45.11,45.20,45.31,45.43,45.50,45.47,45.32,45.21,45.09,44.95,44.81,44.70,44.57,44.44,44.29,44.18,44.06,43.94,43.82,43.71,43.59,43.50,43.49,43.55,43.66,43.81,43.94,44.08,44.22,44.35,44.42,44.39,44.29,44.22,44.13,44.09,44.04,43.96,43.92,43.85,43.77,43.70,43.62,43.57,43.52,43.45,43.38,43.08,42.75,42.46,42.20,42.07,41.96,41.86,41.77,41.61,41.53,41.49,41.50,41.55,41.58,41.50,41.35,41.14,40.91,40.65,40.47,40.41,40.41,40.41,40.41,40.44,40.50,40.51,40.51,40.64,41.09,42.02,42.57,43.02,43.47,43.89,44.35,44.79,45.23,45.69,46.11,46.56,47.03,47.45,47.70,47.74,47.74,47.84,48.13,48.35,48.46,48.60,48.80,48.84,48.79,48.67,48.55,48.51,48.53,48.69,48.92,49.15,49.38,49.44,49.45,49.45,49.35,49.27,49.30,49.52,50.02,50.43,50.72,50.92,51.04,51.01,51.00,50.86,50.59,50.19,49.48,48.52,47.42,46.25,45.05,43.85,42.82,41.97,41.15,40.64,40.46,40.46,40.46,40.46,40.34,40.13,39.91,39.86,39.80,39.76,39.76,39.75,39.72,39.68,39.66,39.66,39.66,39.66,39.69,39.75,39.76,39.83,39.88,39.97,40.15,40.14,39.87,39.51,39.18,38.92,38.92,39.02,39.13,39.25,39.36,39.45,39.55,39.70,39.78,39.86,40.05,40.34,40.58,40.87,41.13,41.39,41.69,41.93,42.22,42.49,42.70,42.72,42.73
49.80,49.75,49.70,49.69,49.68,49.64,49.57,49.51,49.56,49.70,49.89,50.14,50.42,50.72,50.95,51.11,51.28,51.49,51.68,51.87,52.09,52.32,52.50,52.69,52.88,52.94,52.82,52.66,52.45,52.18,52.01,51.91,51.79,51.64,51.56,51.42,51.30,51.10,50.69,50.74,50.68,50.55,50.46,50.39,50.20,49.98,49.74,49.51,49.27,49.00,48.73,48.49,48.25,47.96,47.70,47.46,47.22,46.93,46.66,46.41,46.11,45.87,45.63,45.37,45.09,44.86,44.85,44.92,45.00,45.09,45.22,45.27,45.21,45.06,44.91,44.81,44.69,44.55,44.40,44.30,44.17,44.03,43.90,43.80,43.71,43.61,43.48,43.39,43.31,43.27,43.30,43.45,43.61,43.72,43.83,43.98,44.05,44.00,43.89,43.76,43.68,43.59,43.51,43.42,43.35,43.33,43.27,43.20,43.13,43.05,42.98,42.90,42.84,42.80,42.55,42.24,41.96,41.74,41.59,41.49,41.41,41.31,41.17,41.08,41.04,41.03,41.05,41.11,41.13,41.07,40.93,40.72,40.49,40.34,40.29,40.28,40.28,40.29,40.32,40.38,40.38,40.38,40.51,40.87,41.50,41.96,42.39,42.85,43.30,43.77,44.19,44.61,45.07,45.53,45.99,46.45,46.88,47.19,47.25,47.26,47.38,47.70,47.81,47.89,48.03,48.22,48.22,48.15,48.04,47.95,47.98,48.11,48.31,48.54,48.76,48.99,49.06,49.10,49.12,48.98,48.89,49.00,49.30,49.67,49.98,50.18,50.33,50.45,50.47,50.52,50.47,50.29,49.98,49.31,48.48,47.53,46.42,45.28,44.14,43.14,42.28,41.44,40.67,40.16,39.94,39.94,39.94,39.93,39.91,39.88,39.81,39.74,39.70,39.70,39.70,39.69,39.65,39.60,39.59,39.59,39.59,39.63,39.69,39.70,39.75,39.79,39.82,39.89,39.89,39.72,39.47,39.16,38.86,38.86,38.97,39.11,39.19,39.33,39.44,39.54,39.69,39.78,39.86,40.05,40.34,40.58,40.87,41.13,41.39,41.69,41.93,42.22,42.45,42.55,42.50,42.47
49.73,49.69,49.63,49.62,49.58,49.55,49.50,49.43,49.40,49.51,49.70,49.92,50.13,50.37,50.60,50.79,50.96,51.18,51.40,51.59,51.78,52.00,52.22,52.41,52.57,52.68,52.57,52.38,52.17,51.97,51.77,51.66,51.55,51.41,51.32,51.18,51.07,50.91,50.59,50.69,50.66,50.50,50.31,50.31,50.19,49.98,49.74,49.51,49.23,48.97,48.72,48.48,48.20,47.94,47.69,47.45,47.17,46.91,46.63,46.35,46.10,45.87,45.60,45.33,45.08,44.85,44.73,44.73,44.80,44.89,45.03,45.02,44.91,44.80,44.66,44.52,44.40,44.29,44.14,44.00,43.89,43.79,43.69,43.56,43.47,43.38,43.28,43.20,43.08,43.02,43.05,43.20,43.36,43.50,43.64,43.77,43.76,43.65,43.51,43.36,43.28,43.16,43.03,42.90,42.77,42.71,42.64,42.58,42.55,42.48,42.40,42.32,42.25,42.18,42.01,41.71,41.41,41.24,41.13,41.05,40.95,40.82,40.72,40.64,40.57,40.53,40.54,40.55,40.60,40.64,40.63,40.51,40.30,40.18,40.16,40.16,40.16,40.19,40.23,40.25,40.26,40.26,40.32,40.52,40.93,41.36,41.82,42.27,42.68,43.13,43.58,44.03,44.50,44.96,45.38,45.82,46.27,46.67,46.78,46.84,46.96,47.20,47.25,47.32,47.46,47.64,47.60,47.48,47.42,47.46,47.57,47.73,47.92,48.14,48.33,48.55,48.69,48.76,48.75,48.66,48.53,48.71,49.09,49.41,49.62,49.78,49.91,50.01,50.06,50.10,50.05,49.89,49.52,48.96,48.19,47.35,46.48,45.45,44.41,43.45,42.60,41.75,40.92,40.27,39.90,39.90,39.90,39.90,39.88,39.83,39.80,39.74,39.67,39.63,39.63,39.63,39.61,39.58,39.53,39.52,39.52,39.56,39.63,39.63,39.65,39.69,39.73,39.75,39.70,39.61,39.42,39.15,38.81,38.80,38.91,39.05,39.13,39.27,39.38,39.48,39.63,39.77,39.86,40.05,40.34,40.58,40.87,41.13,41.39,41.69,41.93,42.22,42.39,42.38,42.30,42.24
49.64,49.60,49.56,49.56,49.50,49.45,49.41,49.36,49.28,49.36,49.53,49.73,49.91,50.11,50.33,50.54,50.71,50.93,51.14,51.33,51.50,51.72,51.93,52.13,52.29,52.39,52.28,52.09,51.91,51.75,51.55,51.42,51.30,51.18,51.07,50.95,50.84,50.70,50.51,50.57,50.52,50.39,50.26,50.28,50.15,49.96,49.74,49.50,49.21,48.95,48.71,48.45,48.17,47.92,47.68,47.42,47.14,46.88,46.60,46.34,46.10,45.84,45.57,45.30,45.07,44.82,44.62,44.56,44.62,44.69,44.79,44.75,44.63,44.52,44.40,44.25,44.12,44.01,43.88,43.75,43.65,43.57,43.46,43.34,43.25,43.15,43.06,42.98,42.86,42.78,42.80,42.95,43.11,43.26,43.41,43.50,43.42,43.30,43.16,43.01,42.91,42.77,42.61,42.46,42.34,42.23,42.12,42.04,41.98,41.88,41.80,41.73,41.67,41.59,41.45,41.18,40.91,40.76,40.65,40.57,40.47,40.35,40.27,40.22,40.16,40.09,40.09,40.07,40.11,40.18,40.22,40.20,40.07,40.00,40.00,40.00,40.02,40.06,40.10,40.13,40.13,40.13,40.16,40.27,40.50,40.90,41.34,41.75,42.12,42.55,42.98,43.43,43.89,44.36,44.78,45.22,45.67,46.09,46.27,46.39,46.52,46.67,46.72,46.78,46.90,47.03,46.97,46.89,46.91,47.03,47.19,47.37,47.57,47.75,47.92,48.14,48.31,48.39,48.38,48.30,48.23,48.46,48.85,49.12,49.28,49.46,49.59,49.67,49.75,49.77,49.72,49.59,49.26,48.75,48.05,47.28,46.55,45.62,44.67,43.76,42.88,42.03,41.18,40.41,39.90,39.90,39.87,39.87,39.84,39.80,39.77,39.73,39.66,39.59,39.57,39.56,39.56,39.55,39.50,39.47,39.47,39.49,39.54,39.56,39.56,39.59,39.63,39.59,39.52,39.44,39.31,39.09,38.77,38.74,38.84,38.98,39.07,39.21,39.33,39.45,39.60,39.73,39.84,40.03,40.31,40.57,40.85,41.11,41.38,41.66,41.92,42.14,42.22,42.12,42.04,41.97
49.54,49.51,49.50,49.49,49.43,49.36,49.31,49.28,49.22,49.26,49.37,49.55,49.77,49.94,50.15,50.35,50.52,50.74,50.92,51.09,51.25,51.48,51.65,51.85,52.04,52.09,51.97,51.80,51.65,51.48,51.32,51.18,51.07,50.97,50.83,50.74,50.62,50.48,50.41,50.40,50.31,50.24,50.28,50.28,50.11,49.92,49.74,49.50,49.21,48.95,48.70,48.40,48.16,47.92,47.66,47.37,47.13,46.84,46.57,46.33,46.09,45.80,45.54,45.30,45.05,44.77,44.52,44.41,44.43,44.50,44.52,44.46,44.35,44.22,44.13,43.99,43.84,43.71,43.63,43.54,43.45,43.36,43.22,43.13,43.05,42.94,42.81,42.73,42.65,42.57,42.55,42.70,42.85,43.00,43.14,43.18,43.06,42.96,42.84,42.68,42.53,42.39,42.23,42.10,42.00,41.86,41.72,41.57,41.44,41.29,41.19,41.14,41.11,41.02,40.88,40.68,40.47,40.32,40.18,40.09,40.01,39.93,39.86,39.82,39.78,39.72,39.72,39.65,39.68,39.73,39.74,39.80,39.80,39.78,39.78,39.79,39.85,39.88,39.91,39.97,39.98,39.99,40.04,40.12,40.23,40.55,40.94,41.30,41.63,42.02,42.41,42.83,43.28,43.74,44.19,44.64,45.09,45.48,45.73,45.91,46.03,46.12,46.19,46.27,46.35,46.41,46.36,46.39,46.50,46.66,46.81,47.03,47.21,47.37,47.53,47.76,47.94,48.02,48.00,47.93,47.97,48.23,48.58,48.80,48.97,49.17,49.34,49.42,49.49,49.51,49.47,49.37,49.15,48.69,48.06,47.36,46.63,45.79,44.93,44.05,43.15,42.30,41.44,40.55,39.90,39.89,39.83,39.81,39.80,39.78,39.72,39.70,39.66,39.58,39.52,39.51,39.51,39.50,39.48,39.42,39.41,39.41,39.42,39.48,39.50,39.50,39.48,39.41,39.33,39.25,39.13,38.96,38.73,38.70,38.78,38.92,39.01,39.15,39.30,39.45,39.59,39.69,39.82,40.01,40.26,40.55,40.80,41.08,41.36,41.61,41.90,42.00,41.96,41.82,41.73,41.65
49.47,49.44,49.42,49.38,49.35,49.28,49.22,49.18,49.15,49.13,49.19,49.36,49.59,49.80,49.99,50.16,50.33,50.55,50.73,50.90,51.10,51.29,51.48,51.68,51.83,51.83,51.66,51.50,51.32,51.13,50.97,50.89,50.82,50.73,50.58,50.49,50.36,50.25,50.22,50.22,50.17,50.15,50.18,50.22,50.09,49.89,49.69,49.45,49.20,48.95,48.70,48.39,48.16,47.89,47.62,47.36,47.13,46.83,46.56,46.32,46.04,45.78,45.54,45.29,45.01,44.75,44.47,44.29,44.24,44.30,44.27,44.18,44.06,43.95,43.82,43.71,43.60,43.51,43.42,43.31,43.21,43.13,43.02,42.94,42.83,42.71,42.61,42.53,42.45,42.38,42.34,42.45,42.60,42.75,42.86,42.87,42.73,42.60,42.47,42.31,42.16,42.04,41.91,41.76,41.63,41.48,41.33,41.19,41.08,40.93,40.80,40.69,40.59,40.46,40.35,40.20,40.04,39.93,39.82,39.77,39.72,39.64,39.57,39.52,39.45,39.39,39.39,39.32,39.31,39.34,39.34,39.36,39.37,39.40,39.44,39.44,39.46,39.50,39.55,39.63,39.68,39.76,39.87,39.99,40.08,40.29,40.58,40.93,41.29,41.67,42.05,42.45,42.86,43.23,43.64,44.06,44.48,44.90,45.20,45.38,45.48,45.55,45.63,45.71,45.76,45.79,45.81,45.96,46.12,46.27,46.44,46.66,46.84,46.99,47.16,47.38,47.55,47.63,47.62,47.56,47.69,47.96,48.27,48.49,48.70,48.89,49.05,49.17,49.24,49.25,49.22,49.11,48.90,48.61,48.14,47.52,46.77,45.97,45.16,44.35,43.52,42.66,41.77,40.72,39.90,39.89,39.82,39.80,39.78,39.74,39.71,39.66,39.62,39.58,39.51,39.50,39.47,39.44,39.42,39.36,39.34,39.34,39.34,39.37,39.38,39.35,39.30,39.22,39.14,39.03,38.89,38.74,38.61,38.62,38.72,38.87,38.99,39.10,39.23,39.39,39.54,39.67,39.82,39.98,40.20,40.49,40.74,41.02,41.30,41.54,41.80,41.84,41.75,41.61,41.48,41.36
49.45,49.42,49.38,49.31,49.28,49.22,49.14,49.08,49.05,49.01,49.02,49.15,49.36,49.60,49.81,49.98,50.16,50.37,50.55,50.74,50.95,51.12,51.33,51.52,51.64,51.59,51.37,51.16,50.99,50.80,50.64,50.57,50.53,50.45,50.32,50.23,50.13,50.02,50.02,50.02,50.04,50.05,50.06,50.11,50.02,49.83,49.60,49.37,49.13,48.89,48.63,48.34,48.11,47.83,47.57,47.33,47.08,46.80,46.54,46.29,46.01,45.77,45.52,45.26,44.97,44.72,44.44,44.21,44.08,44.09,44.03,43.92,43.80,43.69,43.56,43.47,43.39,43.31,43.21,43.08,42.98,42.91,42.83,42.73,42.61,42.50,42.42,42.32,42.24,42.17,42.13,42.23,42.37,42.51,42.59,42.53,42.40,42.24,42.09,41.95,41.80,41.69,41.56,41.41,41.26,41.12,40.97,40.84,40.74,40.59,40.43,40.29,40.15,40.02,39.93,39.82,39.70,39.62,39.53,39.49,39.44,39.37,39.29,39.21,39.14,39.08,39.07,39.00,38.96,38.95,38.95,38.95,38.95,38.98,39.03,39.03,39.05,39.11,39.17,39.25,39.34,39.47,39.62,39.77,39.91,40.07,40.29,40.58,40.96,41.35,41.73,42.11,42.47,42.81,43.18,43.56,43.96,44.38,44.71,44.87,44.93,45.00,45.06,45.13,45.20,45.24,45.34,45.55,45.73,45.90,46.05,46.28,46.45,46.61,46.77,47.00,47.19,47.28,47.26,47.21,47.40,47.68,47.95,48.18,48.41,48.60,48.77,48.91,48.99,49.02,48.97,48.85,48.62,48.44,48.12,47.63,46.91,46.15,45.38,44.61,43.83,43.01,42.13,41.06,40.14,39.92,39.84,39.81,39.77,39.73,39.70,39.65,39.62,39.59,39.53,39.51,39.46,39.42,39.39,39.32,39.29,39.27,39.27,39.25,39.23,39.18,39.11,39.05,38.98,38.86,38.72,38.59,38.52,38.55,38.66,38.81,38.94,39.04,39.17,39.33,39.48,39.64,39.80,39.96,40.16,40.44,40.68,40.94,41.22,41.47,41.67,41.66,41.55,41.41,41.25,41.09
49.49,49.45,49.38,49.31,49.24,49.16,49.08,49.01,48.94,48.92,48.89,48.89,49.05,49.33,49.58,49.80,50.02,50.19,50.40,50.59,50.77,50.98,51.16,51.36,51.48,51.34,51.07,50.82,50.65,50.53,50.39,50.25,50.17,50.14,50.06,49.98,49.90,49.84,49.84,49.84,49.88,49.92,49.92,49.93,49.86,49.70,49.47,49.24,49.01,48.73,48.45,48.22,47.98,47.74,47.50,47.26,46.96,46.71,46.48,46.24,46.00,45.77,45.49,45.21,44.96,44.67,44.41,44.18,43.98,43.87,43.78,43.70,43.59,43.45,43.36,43.28,43.20,43.11,42.97,42.87,42.79,42.71,42.63,42.50,42.39,42.30,42.22,42.08,41.99,41.91,41.89,42.02,42.18,42.29,42.30,42.16,42.02,41.86,41.74,41.64,41.48,41.34,41.19,41.04,40.88,40.79,40.65,40.51,40.36,40.21,40.05,39.93,39.84,39.76,39.68,39.60,39.51,39.43,39.29,39.20,39.13,39.06,38.98,38.91,38.83,38.78,38.76,38.70,38.63,38.59,38.59,38.59,38.59,38.59,38.60,38.60,38.66,38.73,38.80,38.88,38.95,39.09,39.24,39.42,39.69,39.92,40.08,40.27,40.64,41.03,41.42,41.78,42.11,42.48,42.86,43.25,43.62,43.95,44.26,44.39,44.42,44.49,44.51,44.57,44.67,44.81,44.95,45.17,45.36,45.52,45.68,45.89,46.08,46.23,46.40,46.62,46.84,46.96,46.95,46.90,47.13,47.39,47.63,47.86,48.09,48.32,48.52,48.65,48.73,48.80,48.76,48.59,48.36,48.14,47.94,47.63,47.08,46.34,45.57,44.80,44.03,43.31,42.53,41.67,40.77,40.02,39.89,39.84,39.80,39.77,39.72,39.69,39.65,39.60,39.58,39.52,39.49,39.47,39.40,39.32,39.25,39.22,39.20,39.14,39.07,39.00,38.94,38.92,38.85,38.76,38.68,38.59,38.52,38.51,38.59,38.73,38.82,38.96,39.11,39.27,39.42,39.58,39.73,39.91,40.14,40.38,40.61,40.85,41.11,41.38,41.51,41.44,41.32,41.22,41.06,40.86
49.52,49.48,49.44,49.35,49.24,49.15,49.06,48.95,48.86,48.82,48.78,48.76,48.80,49.00,49.26,49.53,49.79,50.03,50.23,50.43,50.62,50.81,51.01,51.18,51.25,51.05,50.79,50.55,50.38,50.33,50.18,50.00,49.89,49.88,49.80,49.69,49.62,49.59,49.60,49.63,49.67,49.71,49.73,49.70,49.64,49.49,49.29,49.06,48.83,48.57,48.31,48.04,47.80,47.57,47.34,47.10,46.83,46.56,46.31,46.08,45.85,45.62,45.36,45.09,44.82,44.55,44.31,44.08,43.86,43.71,43.59,43.47,43.36,43.25,43.16,43.06,42.96,42.88,42.77,42.68,42.58,42.48,42.39,42.28,42.20,42.10,41.98,41.87,41.78,41.69,41.63,41.78,41.94,42.00,41.95,41.79,41.67,41.53,41.39,41.27,41.12,40.96,40.83,40.70,40.55,40.43,40.29,40.15,40.03,39.92,39.80,39.71,39.63,39.55,39.47,39.40,39.32,39.23,39.09,39.02,38.98,38.94,38.91,38.87,38.83,38.79,38.75,38.72,38.65,38.60,38.59,38.56,38.55,38.53,38.50,38.50,38.50,38.50,38.50,38.50,38.58,38.70,38.84,39.00,39.30,39.60,39.85,40.06,40.35,40.71,41.07,41.42,41.78,42.16,42.52,42.86,43.21,43.55,43.80,43.91,43.95,44.00,44.03,44.13,44.28,44.46,44.62,44.80,44.98,45.14,45.34,45.53,45.69,45.86,46.06,46.25,46.48,46.59,46.59,46.62,46.84,47.08,47.31,47.55,47.78,48.01,48.22,48.40,48.48,48.56,48.51,48.34,48.11,47.91,47.72,47.47,47.09,46.49,45.76,44.99,44.22,43.48,42.72,41.92,41.09,40.28,39.97,39.88,39.84,39.80,39.76,39.72,39.68,39.66,39.64,39.58,39.55,39.53,39.45,39.37,39.30,39.23,39.19,39.11,39.03,38.95,38.89,38.84,38.78,38.69,38.61,38.54,38.47,38.45,38.51,38.63,38.74,38.89,39.05,39.20,39.35,39.51,39.66,39.86,40.09,40.32,40.55,40.78,41.03,41.31,41.34,41.24,41.10,40.98,40.83,40.64
49.54,49.51,49.48,49.39,49.25,49.15,49.05,48.91,48.82,48.74,48.69,48.66,48.61,48.70,48.91,49.20,49.51,49.84,50.06,50.26,50.47,50.65,50.85,51.00,51.00,50.77,50.55,50.34,50.20,50.17,50.03,49.81,49.68,49.64,49.55,49.41,49.34,49.35,49.36,49.42,49.45,49.48,49.52,49.45,49.38,49.27,49.10,48.87,48.64,48.41,48.15,47.87,47.63,47.39,47.15,46.92,46.68,46.40,46.14,45.90,45.66,45.43,45.20,44.94,44.65,44.41,44.17,43.94,43.74,43.59,43.44,43.29,43.15,43.05,42.96,42.84,42.72,42.64,42.57,42.48,42.36,42.23,42.16,42.07,41.99,41.88,41.76,41.67,41.58,41.47,41.39,41.53,41.69,41.69,41.58,41.43,41.34,41.20,41.05,40.91,40.75,40.59,40.48,40.38,40.25,40.10,39.96,39.84,39.75,39.67,39.59,39.52,39.44,39.36,39.28,39.23,39.17,39.09,38.97,38.93,38.93,38.93,38.93,38.93,38.93,38.91,38.84,38.83,38.78,38.73,38.71,38.65,38.63,38.59,38.53,38.51,38.45,38.37,38.30,38.25,38.29,38.39,38.48,38.58,38.84,39.21,39.55,39.83,40.04,40.39,40.73,41.07,41.44,41.82,42.14,42.46,42.79,43.14,43.34,43.45,43.50,43.51,43.59,43.73,43.92,44.13,44.30,44.46,44.61,44.78,45.00,45.16,45.31,45.50,45.72,45.88,46.09,46.22,46.23,46.34,46.55,46.77,47.00,47.23,47.46,47.69,47.93,48.13,48.23,48.30,48.26,48.09,47.87,47.70,47.49,47.26,47.00,46.59,45.93,45.17,44.39,43.62,42.84,42.07,41.30,40.55,40.04,39.90,39.87,39.80,39.80,39.75,39.71,39.71,39.71,39.64,39.62,39.58,39.51,39.44,39.36,39.28,39.20,39.13,39.04,38.95,38.88,38.79,38.71,38.63,38.55,38.48,38.41,38.39,38.42,38.52,38.67,38.83,38.98,39.14,39.30,39.45,39.61,39.80,40.02,40.25,40.49,40.72,40.97,41.21,41.19,41.07,40.91,40.76,40.60,40.45
49.59,49.54,49.48,49.39,49.25,49.15,49.06,48.97,48.83,48.74,48.64,48.54,48.52,48.50,48.60,48.83,49.14,49.51,49.85,50.12,50.30,50.51,50.68,50.81,50.81,50.59,50.41,50.27,50.20,50.17,49.97,49.75,49.56,49.44,49.30,49.15,49.09,49.11,49.16,49.19,49.23,49.27,49.27,49.20,49.12,49.04,48.91,48.68,48.45,48.22,47.98,47.73,47.50,47.22,46.96,46.73,46.50,46.25,46.01,45.76,45.48,45.24,45.01,44.76,44.52,44.28,44.01,43.78,43.61,43.46,43.36,43.23,43.06,42.87,42.72,42.62,42.53,42.45,42.37,42.25,42.13,42.05,41.96,41.83,41.73,41.65,41.56,41.48,41.35,41.24,41.19,41.29,41.43,41.40,41.26,41.11,40.97,40.81,40.69,40.59,40.43,40.28,40.13,40.02,39.98,39.89,39.80,39.69,39.56,39.48,39.41,39.33,39.25,39.17,39.09,39.09,39.12,39.10,39.06,39.06,39.06,39.06,39.06,39.06,39.06,39.03,38.97,38.96,38.90,38.86,38.84,38.77,38.75,38.72,38.64,38.58,38.50,38.43,38.37,38.35,38.31,38.28,38.25,38.24,38.37,38.70,39.05,39.37,39.70,40.02,40.38,40.73,41.06,41.39,41.70,42.04,42.40,42.71,42.89,43.00,43.05,43.07,43.19,43.39,43.58,43.77,43.97,44.14,44.30,44.45,44.62,44.78,44.94,45.12,45.34,45.50,45.72,45.84,45.88,46.07,46.29,46.49,46.68,46.91,47.15,47.38,47.61,47.82,47.96,48.05,48.01,47.85,47.67,47.46,47.24,47.00,46.78,46.55,46.04,45.34,44.52,43.75,42.97,42.20,41.41,40.62,40.05,39.90,39.87,39.80,39.80,39.79,39.77,39.77,39.77,39.70,39.67,39.65,39.58,39.50,39.42,39.34,39.27,39.18,39.05,38.95,38.86,38.73,38.64,38.56,38.49,38.42,38.40,38.35,38.36,38.46,38.61,38.77,38.92,39.08,39.23,39.38,39.58,39.78,39.96,40.19,40.42,40.66,40.87,41.04,41.05,40.94,40.78,40.63,40.47,40.32
49.65,49.60,49.52,49.41,49.29,49.17,49.07,48.98,48.83,48.74,48.64,48.53,48.46,48.39,48.39,48.52,48.81,49.18,49.57,49.90,50.14,50.34,50.50,50.62,50.63,50.43,50.27,50.19,50.16,50.13,49.95,49.74,49.54,49.33,49.14,48.95,48.88,48.89,48.93,48.97,49.01,49.04,49.02,48.95,48.87,48.80,48.69,48.49,48.29,48.05,47.80,47.56,47.33,47.07,46.81,46.57,46.31,46.07,45.84,45.60,45.32,45.05,44.82,44.58,44.35,44.12,43.85,43.65,43.52,43.37,43.26,43.12,42.95,42.76,42.59,42.48,42.37,42.26,42.15,42.03,41.93,41.85,41.73,41.62,41.52,41.45,41.37,41.26,41.14,41.02,40.95,41.03,41.12,41.05,40.91,40.75,40.63,40.48,40.34,40.24,40.15,40.03,39.91,39.81,39.77,39.73,39.67,39.56,39.41,39.33,39.28,39.23,39.19,39.15,39.13,39.15,39.18,39.18,39.18,39.18,39.18,39.18,39.18,39.18,39.18,39.16,39.09,39.08,39.03,38.98,38.97,38.90,38.88,38.84,38.77,38.69,38.61,38.53,38.47,38.44,38.36,38.28,38.20,38.15,38.16,38.33,38.55,38.82,39.17,39.52,39.91,40.30,40.64,40.98,41.30,41.63,41.97,42.27,42.45,42.54,42.59,42.67,42.84,43.06,43.26,43.42,43.62,43.78,43.96,44.13,44.29,44.44,44.60,44.77,44.96,45.12,45.33,45.47,45.54,45.77,46.00,46.20,46.40,46.60,46.83,47.06,47.29,47.52,47.70,47.80,47.75,47.60,47.44,47.22,46.98,46.75,46.53,46.37,46.02,45.47,44.77,44.03,43.26,42.49,41.70,40.91,40.28,39.99,39.88,39.84,39.84,39.84,39.84,39.84,39.80,39.76,39.74,39.72,39.64,39.56,39.48,39.41,39.32,39.22,39.09,38.98,38.87,38.74,38.63,38.55,38.47,38.40,38.36,38.30,38.30,38.39,38.55,38.70,38.85,39.01,39.17,39.35,39.55,39.73,39.90,40.13,40.36,40.57,40.76,40.90,40.92,40.81,40.66,40.50,40.35,40.16
49.70,49.66,49.56,49.41,49.33,49.20,49.08,48.99,48.84,48.74,48.66,48.57,48.43,48.34,48.27,48.28,48.50,48.85,49.23,49.61,49.95,50.14,50.31,50.43,50.45,50.29,50.14,50.09,50.09,50.06,49.92,49.75,49.52,49.25,49.02,48.79,48.69,48.69,48.70,48.77,48.78,48.79,48.77,48.70,48.62,48.54,48.45,48.30,48.14,47.89,47.61,47.38,47.14,46.91,46.67,46.43,46.14,45.88,45.65,45.42,45.18,44.89,44.63,44.40,44.16,43.93,43.71,43.56,43.46,43.31,43.15,43.00,42.85,42.69,42.53,42.39,42.23,42.08,41.94,41.84,41.75,41.64,41.50,41.41,41.33,41.25,41.16,41.02,40.93,40.81,40.71,40.77,40.78,40.68,40.53,40.39,40.31,40.18,40.03,39.92,39.90,39.83,39.75,39.67,39.61,39.59,39.54,39.44,39.31,39.24,39.23,39.22,39.22,39.23,39.28,39.31,39.31,39.31,39.31,39.31,39.31,39.31,39.31,39.31,39.31,39.29,39.22,39.21,39.16,39.11,39.09,39.03,39.00,38.96,38.88,38.81,38.73,38.65,38.58,38.51,38.43,38.36,38.28,38.20,38.13,38.07,38.13,38.30,38.58,38.94,39.36,39.80,40.19,40.58,40.91,41.22,41.53,41.83,42.00,42.07,42.13,42.30,42.52,42.74,42.94,43.10,43.26,43.41,43.60,43.81,43.96,44.12,44.27,44.44,44.59,44.75,44.96,45.11,45.22,45.45,45.68,45.91,46.12,46.29,46.51,46.74,46.97,47.21,47.43,47.54,47.50,47.35,47.18,46.96,46.73,46.50,46.29,46.12,45.89,45.54,45.04,44.38,43.62,42.85,42.09,41.32,40.61,40.17,39.95,39.94,39.92,39.90,39.90,39.88,39.82,39.80,39.80,39.77,39.70,39.63,39.55,39.47,39.38,39.23,39.14,39.02,38.88,38.79,38.66,38.55,38.47,38.39,38.31,38.23,38.23,38.33,38.48,38.64,38.80,38.95,39.12,39.34,39.51,39.66,39.84,40.06,40.29,40.48,40.63,40.77,40.79,40.68,40.53,40.38,40.22,40.02
49.73,49.66,49.56,49.42,49.33,49.23,49.12,48.99,48.89,48.77,48.66,48.57,48.42,48.33,48.25,48.19,48.20,48.44,48.80,49.19,49.56,49.87,50.10,50.24,50.26,50.11,50.00,49.97,49.97,49.94,49.80,49.61,49.38,49.13,48.89,48.66,48.53,48.50,48.51,48.58,48.56,48.53,48.52,48.45,48.37,48.29,48.20,48.10,47.95,47.73,47.47,47.19,46.95,46.72,46.49,46.25,46.00,45.72,45.46,45.23,45.00,44.74,44.50,44.25,43.98,43.74,43.59,43.50,43.40,43.24,43.09,42.94,42.78,42.63,42.47,42.31,42.16,42.00,41.86,41.72,41.59,41.45,41.31,41.22,41.11,41.00,40.92,40.82,40.73,40.62,40.50,40.52,40.43,40.33,40.21,40.07,40.03,39.95,39.87,39.82,39.77,39.70,39.62,39.54,39.48,39.47,39.41,39.35,39.31,39.33,39.34,39.34,39.35,39.39,39.43,39.44,39.44,39.44,39.44,39.44,39.44,39.44,39.44,39.44,39.44,39.41,39.35,39.34,39.28,39.24,39.22,39.15,39.09,39.03,38.95,38.88,38.80,38.72,38.66,38.63,38.56,38.48,38.38,38.26,38.18,38.11,38.06,38.08,38.15,38.40,38.80,39.25,39.69,40.13,40.47,40.78,41.10,41.44,41.54,41.62,41.76,41.97,42.20,42.43,42.63,42.78,42.94,43.09,43.26,43.43,43.59,43.74,43.93,44.12,44.27,44.43,44.60,44.75,44.91,45.14,45.37,45.60,45.81,45.97,46.20,46.43,46.66,46.89,47.12,47.27,47.27,47.14,46.94,46.71,46.48,46.27,46.08,45.88,45.65,45.38,45.05,44.60,43.89,43.15,42.41,41.64,40.89,40.48,40.27,40.16,40.05,39.95,39.90,39.89,39.87,39.87,39.84,39.79,39.76,39.69,39.61,39.53,39.44,39.29,39.20,39.08,38.93,38.80,38.70,38.58,38.47,38.38,38.26,38.17,38.17,38.27,38.42,38.58,38.73,38.91,39.11,39.29,39.45,39.60,39.77,40.00,40.19,40.35,40.51,40.65,40.66,40.56,40.40,40.25,40.09,39.92
49.73,49.66,49.57,49.44,49.34,49.25,49.14,49.00,48.92,48.78,48.66,48.58,48.45,48.34,48.24,48.13,48.03,48.11,48.39,48.74,49.13,49.51,49.77,49.95,50.02,49.91,49.79,49.74,49.74,49.72,49.58,49.40,49.21,48.99,48.74,48.50,48.34,48.28,48.31,48.36,48.32,48.28,48.26,48.19,48.11,48.03,47.95,47.88,47.75,47.56,47.31,47.03,46.79,46.55,46.30,46.07,45.83,45.56,45.30,45.06,44.81,44.58,44.34,44.09,43.82,43.61,43.50,43.42,43.31,43.18,43.02,42.87,42.72,42.56,42.41,42.25,42.10,41.95,41.79,41.63,41.48,41.33,41.18,41.07,40.93,40.80,40.70,40.62,40.52,40.39,40.27,40.24,40.15,40.07,40.00,39.88,39.87,39.81,39.76,39.73,39.67,39.61,39.54,39.49,39.44,39.44,39.40,39.36,39.38,39.45,39.46,39.47,39.51,39.55,39.56,39.56,39.56,39.56,39.59,39.59,39.58,39.56,39.56,39.56,39.56,39.54,39.47,39.46,39.41,39.36,39.35,39.28,39.20,39.13,39.05,38.97,38.89,38.81,38.75,38.72,38.66,38.58,38.48,38.36,38.27,38.20,38.12,38.04,37.98,38.07,38.30,38.66,39.13,39.59,39.98,40.34,40.68,40.99,41.09,41.22,41.41,41.65,41.88,42.09,42.29,42.46,42.62,42.77,42.93,43.08,43.24,43.39,43.58,43.77,43.93,44.10,44.26,44.42,44.59,44.82,45.05,45.28,45.50,45.68,45.89,46.11,46.34,46.57,46.80,46.99,47.03,46.92,46.69,46.45,46.23,46.02,45.86,45.63,45.40,45.18,44.95,44.65,44.11,43.43,42.70,41.92,41.17,40.79,40.61,40.50,40.35,40.17,40.07,40.05,40.00,39.97,39.91,39.85,39.82,39.75,39.67,39.59,39.50,39.35,39.24,39.12,38.98,38.84,38.75,38.63,38.49,38.38,38.26,38.15,38.13,38.20,38.36,38.52,38.66,38.84,39.05,39.23,39.38,39.54,39.70,39.91,40.07,40.23,40.38,40.49,40.48,40.38,40.25,40.12,39.97,39.81
49.74,49.66,49.58,49.49,49.35,49.25,49.14,49.01,48.92,48.78,48.66,48.59,48.49,48.36,48.21,48.09,48.00,47.89,48.02,48.30,48.68,49.06,49.33,49.54,49.70,49.68,49.50,49.43,49.43,49.40,49.26,49.16,49.03,48.84,48.56,48.32,48.13,48.05,48.10,48.12,48.06,48.02,48.01,47.93,47.86,47.78,47.70,47.62,47.54,47.36,47.13,46.89,46.66,46.38,46.11,45.88,45.64,45.41,45.17,44.92,44.63,44.39,44.16,43.92,43.70,43.54,43.44,43.33,43.20,43.10,42.96,42.80,42.65,42.50,42.34,42.19,42.03,41.88,41.73,41.57,41.41,41.26,41.10,40.96,40.80,40.65,40.52,40.43,40.30,40.15,40.03,39.96,39.93,39.92,39.88,39.81,39.80,39.75,39.68,39.63,39.61,39.55,39.52,39.51,39.50,39.50,39.49,39.49,39.50,39.57,39.59,39.62,39.68,39.69,39.69,39.69,39.69,39.70,39.76,39.78,39.75,39.70,39.69,39.69,39.69,39.67,39.60,39.59,39.54,39.49,39.47,39.40,39.33,39.24,39.17,39.09,39.02,38.94,38.87,38.80,38.72,38.64,38.56,38.48,38.40,38.32,38.25,38.17,38.09,37.98,37.93,38.07,38.51,38.95,39.45,39.91,40.26,40.52,40.68,40.87,41.10,41.33,41.56,41.74,41.93,42.14,42.30,42.46,42.61,42.77,42.92,43.08,43.23,43.40,43.57,43.77,43.95,44.10,44.28,44.50,44.73,44.97,45.20,45.41,45.58,45.79,46.02,46.25,46.49,46.71,46.78,46.67,46.44,46.21,45.98,45.77,45.60,45.38,45.14,44.95,44.77,44.52,44.25,43.69,42.95,42.19,41.47,41.11,40.97,40.93,40.78,40.57,40.43,40.34,40.20,40.12,40.05,39.97,39.89,39.81,39.73,39.66,39.56,39.41,39.26,39.15,39.05,38.90,38.81,38.68,38.53,38.39,38.30,38.17,38.10,38.14,38.30,38.45,38.60,38.76,38.93,39.15,39.32,39.48,39.63,39.80,39.95,40.10,40.23,40.29,40.25,40.17,40.09,39.99,39.84,39.69
49.79,49.69,49.58,49.50,49.35,49.25,49.16,49.05,48.93,48.82,48.70,48.59,48.50,48.36,48.21,48.08,48.00,47.89,47.83,47.91,48.19,48.56,48.83,49.04,49.21,49.31,49.18,49.11,49.10,49.04,48.94,48.85,48.76,48.63,48.41,48.18,47.97,47.84,47.86,47.86,47.81,47.75,47.70,47.67,47.61,47.52,47.45,47.37,47.30,47.15,46.95,46.71,46.48,46.23,45.96,45.69,45.45,45.22,44.99,44.75,44.48,44.21,43.97,43.75,43.58,43.46,43.34,43.23,43.12,42.99,42.84,42.69,42.54,42.43,42.28,42.13,41.97,41.81,41.66,41.51,41.33,41.14,40.99,40.83,40.68,40.52,40.38,40.25,40.10,40.00,39.94,39.90,39.86,39.84,39.81,39.75,39.74,39.69,39.63,39.60,39.60,39.57,39.58,39.62,39.62,39.62,39.62,39.63,39.67,39.71,39.72,39.76,39.81,39.82,39.86,39.88,39.88,39.88,39.91,39.92,39.90,39.87,39.82,39.81,39.81,39.80,39.73,39.72,39.66,39.60,39.55,39.47,39.39,39.32,39.25,39.17,39.08,39.04,38.99,38.91,38.84,38.73,38.64,38.60,38.53,38.45,38.37,38.28,38.16,38.05,37.93,37.91,38.08,38.32,38.79,39.27,39.70,40.10,40.33,40.55,40.78,41.01,41.20,41.40,41.61,41.83,41.98,42.14,42.29,42.45,42.60,42.76,42.91,43.08,43.28,43.47,43.63,43.81,44.00,44.19,44.42,44.65,44.88,45.11,45.31,45.50,45.71,45.94,46.17,46.40,46.52,46.47,46.24,46.01,45.78,45.56,45.35,45.12,44.89,44.70,44.52,44.30,44.06,43.70,43.17,42.48,41.75,41.40,41.31,41.31,41.12,40.90,40.75,40.64,40.45,40.32,40.23,40.13,40.01,39.89,39.80,39.70,39.57,39.42,39.30,39.19,39.06,38.91,38.78,38.66,38.54,38.39,38.27,38.15,38.05,38.03,38.23,38.38,38.54,38.70,38.86,39.04,39.23,39.41,39.56,39.72,39.84,39.95,40.04,40.06,40.04,40.00,39.95,39.86,39.71,39.56
49.84,49.72,49.60,49.50,49.37,49.27,49.19,49.09,48.95,48.85,48.72,48.59,48.50,48.38,48.24,48.12,48.03,47.95,47.76,47.66,47.79,48.07,48.31,48.50,48.69,48.89,48.85,48.80,48.77,48.69,48.61,48.53,48.46,48.36,48.21,48.02,47.80,47.63,47.63,47.62,47.56,47.48,47.42,47.41,47.35,47.27,47.20,47.12,47.05,46.93,46.76,46.52,46.29,46.06,45.80,45.52,45.28,45.04,44.80,44.57,44.33,44.05,43.80,43.60,43.48,43.39,43.25,43.14,43.04,42.89,42.73,42.58,42.45,42.34,42.20,42.04,41.89,41.73,41.58,41.42,41.23,41.03,40.88,40.73,40.58,40.42,40.27,40.13,39.97,39.90,39.90,39.89,39.83,39.80,39.77,39.71,39.70,39.66,39.63,39.63,39.64,39.64,39.68,39.73,39.74,39.74,39.74,39.77,39.82,39.88,39.94,40.03,40.12,40.17,40.25,40.26,40.20,40.11,40.07,40.06,40.06,40.05,39.98,39.96,39.95,39.92,39.85,39.84,39.79,39.71,39.64,39.56,39.48,39.41,39.33,39.25,39.17,39.13,39.09,39.02,38.95,38.82,38.73,38.71,38.65,38.58,38.49,38.38,38.25,38.15,38.03,37.91,37.84,37.87,38.18,38.60,39.07,39.58,39.90,40.18,40.45,40.67,40.85,41.06,41.29,41.51,41.67,41.82,41.98,42.13,42.29,42.44,42.61,42.79,43.00,43.16,43.33,43.52,43.72,43.88,44.10,44.33,44.56,44.80,45.03,45.22,45.41,45.62,45.86,46.09,46.25,46.28,46.05,45.82,45.58,45.35,45.12,44.89,44.66,44.46,44.27,44.04,43.81,43.59,43.28,42.72,42.03,41.71,41.60,41.53,41.29,41.07,40.93,40.81,40.60,40.47,40.36,40.25,40.09,39.94,39.83,39.70,39.55,39.42,39.32,39.19,39.04,38.90,38.75,38.63,38.52,38.37,38.23,38.12,38.00,37.93,38.14,38.32,38.48,38.63,38.78,38.94,39.14,39.33,39.48,39.63,39.71,39.78,39.84,39.86,39.86,39.86,39.83,39.73,39.59,39.45
49.84,49.75,49.65,49.51,49.42,49.33,49.23,49.10,49.01,48.88,48.72,48.59,48.51,48.42,48.33,48.23,48.09,48.00,47.82,47.64,47.57,47.62,47.76,47.95,48.18,48.40,48.52,48.52,48.45,48.37,48.29,48.22,48.14,48.05,47.90,47.79,47.61,47.45,47.44,47.38,47.30,47.23,47.17,47.16,47.10,47.02,46.95,46.87,46.79,46.70,46.57,46.33,46.10,45.87,45.63,45.39,45.16,44.87,44.61,44.38,44.14,43.91,43.67,43.50,43.41,43.32,43.19,43.07,42.98,42.83,42.67,42.52,42.37,42.22,42.07,41.92,41.76,41.61,41.45,41.30,41.13,40.98,40.82,40.66,40.51,40.36,40.21,40.12,39.97,39.90,39.90,39.89,39.83,39.80,39.77,39.71,39.70,39.69,39.69,39.70,39.76,39.77,39.78,39.80,39.86,39.87,39.87,39.88,39.92,40.10,40.35,40.59,40.79,40.98,41.07,41.02,40.80,40.45,40.29,40.25,40.25,40.24,40.17,40.16,40.12,40.05,39.98,39.97,39.92,39.84,39.76,39.69,39.61,39.53,39.45,39.38,39.30,39.23,39.16,39.08,39.00,38.92,38.84,38.78,38.77,38.70,38.59,38.46,38.37,38.23,38.13,38.02,37.89,37.83,37.78,37.95,38.36,38.83,39.27,39.70,40.06,40.29,40.52,40.75,40.98,41.19,41.35,41.51,41.66,41.81,41.97,42.12,42.32,42.52,42.69,42.84,43.05,43.24,43.41,43.56,43.78,44.02,44.25,44.48,44.71,44.94,45.13,45.31,45.54,45.77,45.99,46.09,45.86,45.63,45.39,45.16,44.93,44.70,44.47,44.24,44.02,43.79,43.56,43.36,43.16,42.84,42.36,42.05,41.79,41.47,41.12,40.96,40.84,40.69,40.54,40.49,40.39,40.25,40.09,39.94,39.79,39.64,39.50,39.41,39.27,39.13,38.99,38.89,38.75,38.60,38.45,38.31,38.21,38.08,37.94,37.85,38.02,38.23,38.41,38.57,38.73,38.88,39.04,39.20,39.36,39.50,39.54,39.59,39.67,39.72,39.73,39.73,39.70,39.61,39.46,39.36
51.31,49.76,49.67,49.55,49.44,49.35,49.25,49.11,49.02,48.88,48.74,48.64,48.56,48.48,48.41,48.30,48.15,48.03,47.86,47.67,47.50,47.42,47.41,47.52,47.72,47.94,48.11,48.16,48.13,48.06,47.98,47.90,47.81,47.69,47.58,47.49,47.37,47.25,47.20,47.13,47.05,46.98,46.91,46.91,46.84,46.77,46.69,46.62,46.53,46.46,46.34,46.14,45.95,45.70,45.45,45.22,44.98,44.72,44.47,44.23,43.96,43.73,43.54,43.42,43.34,43.23,43.11,42.99,42.88,42.76,42.61,42.45,42.30,42.14,41.99,41.84,41.68,41.52,41.38,41.22,41.06,40.91,40.75,40.60,40.45,40.30,40.20,40.11,39.97,39.90,39.90,39.90,39.86,39.82,39.79,39.75,39.74,39.74,39.74,39.76,39.83,39.84,39.84,39.86,39.91,40.04,40.22,40.39,40.56,40.86,41.17,41.46,41.70,41.84,41.77,41.55,41.19,40.76,40.51,40.45,40.45,40.43,40.36,40.34,40.30,40.23,40.15,40.11,40.02,39.92,39.84,39.77,39.69,39.61,39.53,39.46,39.41,39.35,39.26,39.16,39.11,39.04,38.96,38.90,38.89,38.80,38.68,38.56,38.45,38.34,38.22,38.10,37.99,37.87,37.76,37.77,37.94,38.13,38.58,39.05,39.48,39.82,40.16,40.43,40.64,40.83,40.98,41.17,41.34,41.50,41.66,41.84,42.04,42.22,42.38,42.57,42.76,42.93,43.10,43.29,43.48,43.70,43.93,44.16,44.39,44.63,44.84,45.03,45.23,45.45,45.68,45.82,45.66,45.44,45.20,44.97,44.74,44.51,44.28,44.05,43.82,43.62,43.40,43.19,42.99,42.74,42.37,42.03,41.68,41.27,40.88,40.68,40.55,40.43,40.33,40.30,40.25,40.16,40.04,39.89,39.73,39.59,39.48,39.36,39.22,39.08,38.97,38.85,38.70,38.57,38.44,38.29,38.17,38.02,37.89,37.83,37.95,38.13,38.33,38.50,38.66,38.81,38.97,39.11,39.22,39.34,39.39,39.45,39.52,39.59,39.60,39.60,39.57,39.48,39.34,39.24
52.91,49.77,49.69,49.60,49.46,49.36,49.25,49.12,49.03,48.90,48.78,48.70,48.62,48.54,48.47,48.37,48.21,48.06,47.90,47.71,47.50,47.34,47.19,47.17,47.31,47.53,47.70,47.80,47.83,47.75,47.67,47.59,47.49,47.36,47.27,47.18,47.11,47.05,46.97,46.88,46.80,46.73,46.66,46.65,46.59,46.52,46.43,46.36,46.28,46.20,46.10,45.95,45.80,45.54,45.27,45.03,44.80,44.56,44.33,44.08,43.79,43.56,43.44,43.35,43.26,43.12,43.03,42.91,42.77,42.68,42.53,42.38,42.23,42.08,41.92,41.77,41.62,41.47,41.31,41.16,41.00,40.84,40.69,40.54,40.40,40.28,40.19,40.11,39.98,39.91,39.90,39.90,39.90,39.86,39.81,39.81,39.81,39.81,39.81,39.83,39.90,39.95,40.00,40.05,40.13,40.40,40.75,41.10,41.42,41.79,42.13,42.43,42.65,42.63,42.37,41.97,41.52,41.08,40.73,40.64,40.64,40.62,40.55,40.53,40.49,40.41,40.34,40.25,40.13,40.01,39.92,39.84,39.76,39.69,39.61,39.54,39.51,39.46,39.37,39.24,39.22,39.17,39.09,39.03,39.00,38.89,38.78,38.68,38.54,38.44,38.31,38.19,38.09,37.97,37.88,37.80,37.72,37.63,37.96,38.38,38.80,39.26,39.72,40.04,40.28,40.47,40.62,40.84,41.03,41.18,41.36,41.56,41.75,41.92,42.08,42.29,42.46,42.62,42.80,43.02,43.19,43.39,43.61,43.84,44.08,44.31,44.54,44.76,44.92,45.14,45.37,45.53,45.45,45.25,45.01,44.78,44.55,44.32,44.09,43.86,43.65,43.48,43.26,43.02,42.78,42.52,42.21,41.87,41.48,41.03,40.63,40.37,40.22,40.15,40.09,40.07,40.07,40.04,39.96,39.82,39.68,39.56,39.46,39.31,39.16,39.05,38.94,38.79,38.64,38.54,38.42,38.27,38.13,37.98,37.85,37.80,37.89,38.03,38.23,38.43,38.59,38.75,38.90,39.01,39.09,39.17,39.24,39.32,39.40,39.47,39.48,39.48,39.45,39.36,39.22,39.12
53.37,49.83,49.74,49.61,49.51,49.39,49.27,49.17,49.09,48.95,48.83,48.76,48.69,48.60,48.53,48.43,48.27,48.12,47.93,47.73,47.55,47.40,47.20,47.06,47.05,47.22,47.37,47.51,47.58,47.49,47.42,47.34,47.26,47.15,47.02,46.93,46.89,46.85,46.77,46.64,46.55,46.47,46.41,46.40,46.34,46.26,46.18,46.11,46.03,45.95,45.87,45.76,45.61,45.39,45.11,44.84,44.61,44.37,44.14,43.90,43.66,43.48,43.37,43.27,43.14,43.05,42.97,42.84,42.70,42.56,42.41,42.29,42.17,42.02,41.87,41.71,41.55,41.40,41.24,41.09,40.94,40.78,40.63,40.53,40.43,40.32,40.20,40.11,40.02,39.95,39.90,39.90,39.90,39.89,39.88,39.88,39.88,39.88,39.88,39.89,39.97,40.17,40.44,40.73,41.02,41.32,41.69,42.04,42.36,42.74,43.12,43.40,43.47,43.14,42.74,42.32,41.90,41.44,41.01,40.86,40.83,40.81,40.74,40.73,40.68,40.61,40.52,40.39,40.28,40.17,40.05,39.96,39.89,39.81,39.73,39.66,39.60,39.53,39.44,39.36,39.35,39.29,39.21,39.14,39.08,38.99,38.91,38.81,38.66,38.52,38.41,38.30,38.18,38.13,38.06,37.98,37.89,37.75,37.69,37.78,38.05,38.51,38.98,39.44,39.84,40.14,40.31,40.52,40.71,40.88,41.09,41.27,41.47,41.66,41.81,41.99,42.15,42.33,42.53,42.71,42.91,43.10,43.30,43.53,43.76,43.99,44.22,44.44,44.60,44.82,45.05,45.23,45.25,45.06,44.82,44.59,44.36,44.13,43.90,43.69,43.51,43.30,43.07,42.81,42.50,42.16,41.84,41.60,41.29,40.82,40.39,40.11,39.99,39.97,39.95,39.90,39.88,39.87,39.84,39.75,39.65,39.54,39.40,39.25,39.14,39.02,38.88,38.73,38.63,38.50,38.37,38.22,38.12,37.97,37.83,37.75,37.83,37.97,38.13,38.32,38.53,38.69,38.80,38.89,38.96,39.04,39.12,39.20,39.27,39.34,39.35,39.35,39.32,39.24,39.14,39.02
54.62,50.81,49.77,49.64,49.54,49.42,49.31,49.23,49.16,49.04,48.94,48.86,48.78,48.68,48.59,48.49,48.34,48.19,47.98,47.77,47.62,47.47,47.27,47.08,46.94,46.96,47.07,47.21,47.29,47.24,47.17,47.09,47.01,46.93,46.80,46.72,46.69,46.66,46.58,46.46,46.35,46.25,46.19,46.15,46.09,46.00,45.93,45.86,45.77,45.70,45.62,45.53,45.38,45.19,44.96,44.69,44.45,44.19,43.95,43.73,43.53,43.40,43.30,43.20,43.06,42.97,42.88,42.76,42.63,42.48,42.32,42.19,42.07,41.92,41.80,41.64,41.49,41.34,41.19,41.03,40.89,40.76,40.61,40.52,40.45,40.34,40.20,40.15,40.08,40.00,39.95,39.98,40.01,40.03,40.04,39.99,40.01,40.03,40.10,40.23,40.40,40.71,41.08,41.47,41.84,42.16,42.52,42.89,43.23,43.62,43.98,44.13,43.99,43.56,43.11,42.67,42.24,41.77,41.31,41.09,41.02,41.00,40.93,40.91,40.86,40.76,40.67,40.53,40.42,40.33,40.21,40.10,40.02,39.92,39.83,39.78,39.71,39.63,39.55,39.48,39.44,39.40,39.34,39.27,39.19,39.11,39.02,38.91,38.78,38.63,38.52,38.44,38.36,38.32,38.25,38.17,38.08,37.93,37.73,37.63,37.67,37.92,38.28,38.75,39.22,39.61,39.89,40.18,40.41,40.60,40.80,40.99,41.18,41.37,41.52,41.70,41.87,42.05,42.24,42.40,42.62,42.82,43.01,43.22,43.44,43.68,43.91,44.13,44.29,44.50,44.73,44.94,45.01,44.85,44.63,44.40,44.17,43.94,43.73,43.54,43.34,43.11,42.85,42.55,42.20,41.82,41.50,41.30,41.06,40.66,40.22,39.96,39.84,39.82,39.78,39.74,39.72,39.72,39.72,39.67,39.61,39.49,39.34,39.19,39.09,38.97,38.82,38.70,38.59,38.45,38.31,38.19,38.08,37.94,37.80,37.71,37.77,37.91,38.06,38.23,38.42,38.55,38.64,38.72,38.80,38.88,38.95,39.03,39.11,39.18,39.22,39.22,39.19,39.12,39.04,38.90
56.50,52.49,49.80,49.69,49.56,49.45,49.38,49.29,49.22,49.14,49.06,48.98,48.90,48.76,48.66,48.55,48.40,48.24,48.03,47.84,47.69,47.53,47.37,47.17,46.95,46.77,46.80,46.91,46.99,46.98,46.91,46.84,46.76,46.68,46.60,46.53,46.50,46.47,46.39,46.31,46.18,46.06,45.99,45.91,45.83,45.75,45.67,45.60,45.52,45.45,45.37,45.28,45.14,44.98,44.78,44.55,44.32,44.03,43.77,43.56,43.42,43.32,43.24,43.13,43.00,42.91,42.78,42.66,42.56,42.41,42.25,42.11,41.95,41.81,41.71,41.58,41.43,41.29,41.15,41.00,40.89,40.80,40.66,40.58,40.51,40.40,40.28,40.26,40.20,40.13,40.08,40.14,40.22,40.28,40.29,40.20,40.23,40.30,40.48,40.77,41.05,41.40,41.77,42.14,42.51,42.83,43.19,43.57,43.95,44.33,44.66,44.65,44.29,43.91,43.47,43.02,42.55,42.09,41.63,41.33,41.20,41.19,41.12,41.10,41.02,40.89,40.80,40.66,40.55,40.47,40.38,40.24,40.14,40.03,39.91,39.89,39.83,39.75,39.68,39.60,39.53,39.50,39.47,39.39,39.31,39.23,39.12,38.99,38.90,38.76,38.66,38.61,38.59,38.52,38.45,38.36,38.27,38.12,37.96,37.77,37.59,37.53,37.70,38.06,38.48,38.93,39.38,39.77,40.09,40.31,40.50,40.71,40.89,41.05,41.22,41.44,41.60,41.77,41.92,42.08,42.30,42.53,42.74,42.91,43.13,43.36,43.59,43.81,43.97,44.18,44.42,44.63,44.75,44.65,44.44,44.21,43.98,43.76,43.58,43.38,43.15,42.90,42.60,42.25,41.87,41.50,41.18,40.98,40.80,40.51,40.09,39.88,39.77,39.70,39.63,39.61,39.60,39.60,39.60,39.59,39.53,39.42,39.27,39.12,39.03,38.91,38.78,38.68,38.54,38.40,38.27,38.17,38.02,37.88,37.76,37.69,37.71,37.84,37.99,38.15,38.30,38.38,38.46,38.54,38.62,38.69,38.77,38.85,38.93,39.00,39.07,39.10,39.07,39.00,38.91,38.77
58.86,54.63,49.85,49.71,49.60,49.52,49.44,49.36,49.28,49.20,49.13,49.05,48.97,48.83,48.72,48.62,48.46,48.26,48.07,47.90,47.74,47.59,47.44,47.24,47.01,46.79,46.70,46.67,46.69,46.73,46.66,46.58,46.50,46.44,46.41,46.38,46.34,46.28,46.20,46.13,46.00,45.88,45.79,45.66,45.58,45.50,45.42,45.34,45.27,45.22,45.16,45.04,44.93,44.79,44.60,44.37,44.13,43.88,43.64,43.44,43.34,43.26,43.15,43.03,42.93,42.84,42.71,42.57,42.45,42.34,42.19,42.03,41.88,41.73,41.60,41.45,41.37,41.34,41.25,41.18,41.11,41.04,40.99,40.91,40.87,40.81,40.73,40.72,40.66,40.58,40.52,40.56,40.67,40.74,40.75,40.75,40.73,40.81,41.02,41.32,41.58,41.82,42.09,42.37,42.66,42.97,43.33,43.72,44.09,44.43,44.75,44.73,44.41,44.11,43.77,43.33,42.88,42.41,41.94,41.58,41.39,41.38,41.31,41.25,41.17,41.06,40.94,40.83,40.71,40.60,40.52,40.41,40.30,40.15,40.02,39.97,39.89,39.85,39.80,39.73,39.65,39.63,39.60,39.52,39.44,39.32,39.21,39.11,39.03,38.93,38.88,38.84,38.78,38.71,38.64,38.56,38.46,38.31,38.16,37.95,37.75,37.61,37.58,37.58,37.76,38.19,38.70,39.15,39.56,39.92,40.21,40.41,40.58,40.75,40.95,41.13,41.30,41.45,41.61,41.77,41.98,42.22,42.44,42.64,42.83,43.04,43.27,43.49,43.65,43.87,44.10,44.31,44.45,44.42,44.25,44.02,43.80,43.61,43.41,43.20,42.94,42.61,42.25,41.88,41.51,41.18,40.87,40.67,40.50,40.30,40.00,39.85,39.76,39.68,39.61,39.55,39.50,39.47,39.47,39.47,39.41,39.32,39.21,39.06,38.97,38.84,38.72,38.63,38.48,38.36,38.25,38.12,37.97,37.85,37.73,37.63,37.65,37.78,37.94,38.07,38.17,38.25,38.33,38.41,38.48,38.56,38.64,38.72,38.79,38.87,38.95,38.97,38.96,38.91,38.79,38.64
60.28,55.90,49.89,49.77,49.68,49.61,49.53,49.45,49.38,49.28,49.19,49.11,49.03,48.89,48.78,48.67,48.49,48.29,48.12,47.97,47.81,47.66,47.50,47.30,47.08,46.85,46.69,46.55,46.48,46.48,46.43,46.35,46.29,46.24,46.22,46.22,46.17,46.09,46.02,45.94,45.82,45.70,45.60,45.47,45.36,45.27,45.19,45.10,45.02,44.98,44.94,44.79,44.70,44.57,44.39,44.17,43.94,43.71,43.51,43.35,43.27,43.17,43.05,42.94,42.86,42.76,42.63,42.49,42.35,42.25,42.12,41.98,41.83,41.73,41.63,41.56,41.56,41.61,41.54,41.52,41.48,41.42,41.41,41.35,41.33,41.30,41.23,41.22,41.17,41.08,41.00,41.01,41.12,41.20,41.25,41.31,41.27,41.37,41.58,41.87,42.12,42.30,42.51,42.74,42.96,43.23,43.56,43.92,44.28,44.56,44.73,44.67,44.40,44.16,43.88,43.52,43.13,42.72,42.27,41.84,41.60,41.57,41.50,41.40,41.31,41.22,41.09,40.99,40.85,40.72,40.62,40.52,40.38,40.25,40.14,40.06,39.99,39.95,39.91,39.85,39.78,39.75,39.72,39.64,39.55,39.43,39.34,39.27,39.19,39.13,39.10,39.06,38.98,38.90,38.84,38.76,38.65,38.50,38.34,38.14,37.94,37.78,37.63,37.43,37.40,37.64,38.00,38.45,38.93,39.39,39.78,40.05,40.26,40.47,40.66,40.83,40.99,41.16,41.31,41.47,41.67,41.90,42.13,42.35,42.54,42.73,42.96,43.17,43.34,43.55,43.78,44.00,44.14,44.20,44.06,43.84,43.64,43.45,43.22,42.97,42.69,42.30,41.92,41.53,41.16,40.83,40.52,40.34,40.21,40.09,39.91,39.80,39.73,39.66,39.58,39.50,39.42,39.37,39.35,39.34,39.30,39.23,39.14,39.00,38.91,38.78,38.65,38.56,38.42,38.31,38.21,38.06,37.92,37.82,37.69,37.57,37.56,37.71,37.86,37.97,38.05,38.13,38.20,38.28,38.36,38.43,38.51,38.59,38.66,38.74,38.82,38.84,38.84,38.82,38.67,38.52
60.44,56.17,50.23,49.92,49.80,49.73,49.65,49.58,49.49,49.37,49.25,49.17,49.10,48.95,48.84,48.73,48.51,48.34,48.18,48.02,47.88,47.72,47.56,47.37,47.14,46.91,46.74,46.55,46.37,46.26,46.23,46.17,46.12,46.10,46.04,46.02,45.98,45.90,45.83,45.75,45.66,45.55,45.42,45.33,45.20,45.09,44.99,44.85,44.77,44.74,44.68,44.54,44.45,44.32,44.16,43.98,43.76,43.53,43.38,43.28,43.20,43.06,42.96,42.88,42.79,42.65,42.55,42.43,42.28,42.14,42.05,41.93,41.83,41.83,41.87,41.97,42.07,42.11,42.05,42.03,41.99,41.94,41.92,41.86,41.84,41.80,41.74,41.73,41.67,41.56,41.45,41.45,41.52,41.64,41.75,41.82,41.82,41.93,42.13,42.38,42.67,42.91,43.14,43.36,43.53,43.76,44.00,44.29,44.63,44.80,44.71,44.50,44.26,44.03,43.79,43.54,43.28,42.99,42.56,42.11,41.83,41.76,41.67,41.55,41.43,41.35,41.26,41.12,40.97,40.82,40.68,40.53,40.38,40.30,40.26,40.19,40.11,40.04,39.99,39.97,39.91,39.88,39.85,39.76,39.63,39.58,39.53,39.46,39.39,39.36,39.32,39.25,39.17,39.10,39.07,38.99,38.84,38.69,38.53,38.33,38.13,37.97,37.82,37.66,37.50,37.37,37.37,37.72,38.20,38.70,39.16,39.59,39.93,40.18,40.35,40.51,40.72,40.91,41.06,41.22,41.38,41.58,41.81,42.05,42.27,42.44,42.64,42.85,43.02,43.23,43.47,43.68,43.83,43.97,43.87,43.67,43.49,43.27,42.99,42.68,42.37,41.98,41.60,41.21,40.83,40.47,40.16,40.01,39.95,39.91,39.82,39.75,39.66,39.59,39.52,39.44,39.36,39.28,39.23,39.22,39.21,39.17,39.08,38.93,38.84,38.72,38.58,38.50,38.36,38.25,38.14,38.00,37.91,37.78,37.63,37.50,37.45,37.62,37.76,37.84,37.91,37.99,38.08,38.15,38.23,38.30,38.38,38.45,38.54,38.62,38.69,38.72,38.72,38.69,38.55,38.39
60.52,58.44,54.53,50.56,49.87,49.81,49.72,49.65,49.58,49.44,49.31,49.24,49.16,49.02,48.89,48.74,48.56,48.40,48.24,48.09,47.94,47.78,47.63,47.43,47.20,46.97,46.81,46.63,46.44,46.26,46.16,46.05,45.97,45.92,45.85,45.84,45.79,45.71,45.63,45.56,45.48,45.37,45.23,45.15,45.04,44.93,44.80,44.65,44.56,44.51,44.44,44.33,44.21,44.10,43.96,43.80,43.62,43.43,43.30,43.21,43.09,42.98,42.89,42.80,42.68,42.57,42.48,42.37,42.23,42.17,42.16,42.18,42.20,42.25,42.37,42.48,42.59,42.66,42.56,42.54,42.50,42.44,42.43,42.36,42.34,42.31,42.24,42.24,42.14,42.03,41.93,41.90,41.96,42.05,42.17,42.28,42.33,42.43,42.61,42.89,43.20,43.47,43.73,43.95,44.15,44.38,44.52,44.62,44.69,44.68,44.53,44.27,43.99,43.80,43.57,43.34,43.12,42.91,42.59,42.25,42.01,41.89,41.77,41.63,41.49,41.37,41.25,41.09,40.97,40.84,40.70,40.58,40.47,40.39,40.34,40.27,40.22,40.16,40.11,40.10,40.03,39.98,39.94,39.89,39.83,39.78,39.72,39.66,39.62,39.58,39.52,39.45,39.41,39.34,39.29,39.19,39.03,38.88,38.73,38.52,38.32,38.16,38.01,37.85,37.68,37.50,37.35,37.41,37.63,37.97,38.47,38.94,39.36,39.73,40.03,40.24,40.43,40.60,40.75,40.91,41.06,41.27,41.50,41.73,41.96,42.14,42.32,42.54,42.70,42.92,43.15,43.36,43.52,43.71,43.69,43.52,43.31,43.04,42.71,42.36,42.00,41.62,41.26,40.92,40.58,40.25,40.01,39.89,39.83,39.79,39.75,39.68,39.61,39.53,39.45,39.38,39.30,39.22,39.14,39.10,39.09,39.07,39.01,38.87,38.78,38.66,38.53,38.44,38.29,38.19,38.09,37.94,37.86,37.72,37.58,37.47,37.38,37.48,37.59,37.66,37.74,37.81,37.89,37.97,38.05,38.13,38.20,38.28,38.36,38.44,38.51,38.56,38.59,38.56,38.42,38.30
60.52,60.37,58.29,51.12,49.91,49.86,49.79,49.72,49.64,49.50,49.38,49.31,49.22,49.08,48.92,48.77,48.62,48.47,48.31,48.16,48.00,47.84,47.69,47.50,47.27,47.06,46.89,46.73,46.54,46.33,46.17,46.02,45.90,45.84,45.81,45.75,45.64,45.52,45.44,45.37,45.29,45.18,45.04,44.96,44.88,44.77,44.61,44.48,44.41,44.35,44.30,44.24,44.12,44.04,43.96,43.82,43.64,43.48,43.36,43.25,43.10,43.02,42.94,42.84,42.72,42.64,42.53,42.42,42.33,42.35,42.42,42.54,42.66,42.76,42.91,43.02,43.13,43.21,43.08,43.05,43.00,42.95,42.94,42.87,42.84,42.81,42.75,42.74,42.62,42.50,42.43,42.36,42.41,42.48,42.58,42.71,42.81,42.86,43.03,43.32,43.63,43.94,44.22,44.46,44.63,44.81,44.85,44.78,44.61,44.44,44.27,44.01,43.70,43.52,43.31,43.09,42.90,42.75,42.54,42.32,42.13,41.98,41.82,41.67,41.52,41.36,41.20,41.05,40.95,40.84,40.72,40.64,40.57,40.50,40.42,40.35,40.34,40.29,40.23,40.21,40.14,40.07,40.03,40.02,40.02,39.95,39.88,39.84,39.83,39.78,39.71,39.67,39.65,39.57,39.50,39.38,39.23,39.07,38.91,38.73,38.53,38.37,38.22,38.06,37.91,37.74,37.52,37.33,37.27,37.40,37.80,38.23,38.69,39.16,39.60,39.88,40.09,40.27,40.44,40.61,40.77,40.96,41.18,41.41,41.64,41.82,42.00,42.23,42.40,42.61,42.83,43.05,43.21,43.43,43.48,43.35,43.08,42.78,42.42,42.06,41.70,41.33,41.02,40.72,40.41,40.12,39.94,39.83,39.75,39.69,39.66,39.60,39.53,39.47,39.39,39.31,39.23,39.16,39.08,39.00,38.97,38.95,38.92,38.80,38.72,38.59,38.46,38.38,38.23,38.13,38.02,37.88,37.80,37.66,37.54,37.45,37.33,37.36,37.42,37.49,37.57,37.65,37.72,37.80,37.88,37.95,38.03,38.11,38.19,38.26,38.34,38.42,38.47,38.44,38.30,38.20
60.33,60.21,58.20,51.15,49.92,49.89,49.85,49.78,49.70,49.56,49.45,49.36,49.29,49.15,48.99,48.84,48.68,48.52,48.37,48.22,48.06,47.91,47.76,47.56,47.34,47.17,47.02,46.82,46.62,46.45,46.30,46.14,46.03,46.01,46.14,45.91,45.59,45.33,45.25,45.18,45.10,44.99,44.85,44.77,44.69,44.58,44.44,44.35,44.32,44.35,44.40,44.44,44.42,44.40,44.40,44.36,44.05,43.85,43.71,43.56,43.42,43.33,43.25,43.20,43.16,43.08,42.86,42.74,42.78,42.85,42.92,43.01,43.12,43.26,43.41,43.56,43.67,43.72,43.59,43.55,43.51,43.45,43.45,43.38,43.35,43.33,43.26,43.25,43.13,43.02,42.93,42.87,42.86,42.92,43.00,43.10,43.24,43.24,43.32,43.58,43.88,44.19,44.53,44.78,44.76,44.74,44.69,44.57,44.35,44.13,43.92,43.68,43.43,43.22,43.04,42.87,42.72,42.62,42.46,42.30,42.13,41.98,41.82,41.67,41.52,41.36,41.20,41.05,40.95,40.87,40.78,40.70,40.67,40.63,40.55,40.48,40.46,40.41,40.34,40.28,40.20,40.17,40.14,40.09,40.08,40.02,39.98,39.96,39.96,39.95,39.94,39.90,39.84,39.76,39.69,39.57,39.41,39.26,39.11,38.94,38.78,38.63,38.47,38.31,38.16,37.99,37.77,37.54,37.38,37.28,37.23,37.51,37.92,38.41,38.91,39.28,39.63,39.91,40.13,40.34,40.51,40.67,40.86,41.09,41.33,41.50,41.69,41.92,42.13,42.31,42.52,42.73,42.89,43.11,43.22,43.13,42.78,42.46,42.15,41.85,41.58,41.26,41.00,40.72,40.41,40.12,39.94,39.80,39.69,39.61,39.55,39.47,39.43,39.40,39.33,39.25,39.16,39.09,39.02,38.94,38.87,38.81,38.75,38.72,38.65,38.53,38.39,38.31,38.16,38.06,37.95,37.82,37.73,37.59,37.47,37.39,37.31,37.31,37.33,37.36,37.44,37.52,37.59,37.67,37.75,37.83,37.91,37.98,38.06,38.13,38.21,38.29,38.34,38.31,38.17,38.08
60.05,59.63,58.02,53.49,50.76,49.92,49.88,49.84,49.80,49.67,49.54,49.44,49.35,49.27,49.16,49.06,49.01,48.89,48.75,48.63,48.53,48.38,48.25,48.00,47.64,47.32,47.11,46.92,46.72,46.54,46.38,46.36,46.58,46.95,47.02,46.73,46.38,46.11,45.98,45.89,45.79,45.67,45.56,45.52,45.53,45.55,45.57,45.60,45.64,45.70,45.74,45.72,45.72,45.58,45.38,45.14,44.91,44.73,44.56,44.38,44.22,44.11,44.02,43.96,43.91,43.80,43.50,43.31,43.28,43.36,43.43,43.53,43.66,43.81,43.93,44.08,44.20,44.23,44.09,44.06,44.02,43.96,43.95,43.89,43.86,43.83,43.76,43.72,43.62,43.52,43.45,43.37,43.33,43.36,43.44,43.52,43.64,43.61,43.63,43.79,44.09,44.40,44.66,44.78,44.67,44.59,44.47,44.30,44.10,43.91,43.71,43.51,43.31,43.12,42.96,42.81,42.66,42.55,42.39,42.24,42.10,41.97,41.82,41.67,41.52,41.36,41.21,41.09,41.00,40.93,40.88,40.81,40.79,40.75,40.67,40.60,40.56,40.50,40.42,40.35,40.30,40.27,40.21,40.14,40.10,40.06,40.05,40.05,40.05,40.05,40.02,39.98,39.94,39.90,39.86,39.78,39.65,39.50,39.34,39.21,39.07,38.88,38.72,38.57,38.40,38.20,37.97,37.77,37.58,37.39,37.22,37.24,37.41,37.74,38.22,38.62,39.01,39.35,39.65,39.95,40.18,40.37,40.55,40.78,41.01,41.19,41.37,41.61,41.84,42.00,42.20,42.41,42.58,42.80,42.93,42.90,42.67,42.37,42.09,41.82,41.55,41.24,40.99,40.72,40.41,40.12,39.94,39.79,39.67,39.58,39.48,39.39,39.34,39.30,39.25,39.19,39.11,39.03,38.95,38.88,38.80,38.72,38.65,38.61,38.57,38.47,38.33,38.25,38.10,38.00,37.89,37.75,37.66,37.56,37.44,37.33,37.27,37.26,37.26,37.28,37.35,37.40,37.47,37.55,37.62,37.70,37.78,37.86,37.93,38.01,38.09,38.16,38.21,38.19,38.08,38.00
59.41,58.58,57.41,55.75,51.62,49.98,49.95,49.98,50.12,50.16,50.17,50.25,50.52,50.65,50.65,50.64,50.69,50.65,50.54,50.46,50.45,50.32,50.22,49.92,49.44,48.97,48.62,48.22,47.85,47.62,47.46,47.50,47.90,48.41,48.17,47.81,47.52,47.29,47.10,47.01,46.88,46.77,46.73,46.75,46.87,47.06,47.25,47.43,47.77,48.13,48.10,47.48,47.33,46.99,46.51,46.05,45.94,45.80,45.61,45.41,45.24,45.10,44.99,44.90,44.81,44.63,44.28,43.97,43.81,43.86,43.94,44.06,44.21,44.36,44.46,44.60,44.71,44.74,44.61,44.57,44.53,44.47,44.46,44.39,44.37,44.33,44.26,44.18,44.11,44.03,43.95,43.88,43.79,43.81,43.88,43.96,44.04,44.01,43.96,44.01,44.29,44.58,44.71,44.67,44.52,44.43,44.25,44.06,43.89,43.73,43.58,43.42,43.27,43.11,42.96,42.81,42.65,42.50,42.34,42.19,42.06,41.96,41.81,41.66,41.51,41.36,41.22,41.14,41.07,41.02,41.00,40.94,40.91,40.87,40.79,40.71,40.64,40.56,40.49,40.42,40.41,40.35,40.28,40.20,40.13,40.11,40.11,40.11,40.11,40.11,40.06,40.01,40.01,40.00,40.00,39.96,39.87,39.73,39.60,39.49,39.36,39.14,38.97,38.82,38.63,38.41,38.18,37.99,37.79,37.59,37.43,37.22,37.10,37.19,37.58,37.94,38.31,38.69,39.07,39.45,39.77,40.01,40.21,40.45,40.68,40.87,41.05,41.28,41.50,41.68,41.88,42.09,42.26,42.47,42.60,42.64,42.59,42.33,42.10,41.84,41.55,41.24,40.98,40.67,40.35,40.09,39.93,39.78,39.67,39.58,39.43,39.34,39.27,39.20,39.17,39.11,39.04,38.97,38.89,38.81,38.73,38.66,38.58,38.50,38.48,38.40,38.27,38.19,38.05,37.94,37.83,37.70,37.61,37.53,37.41,37.28,37.21,37.20,37.20,37.22,37.28,37.30,37.35,37.43,37.50,37.57,37.64,37.72,37.80,37.87,37.94,38.02,38.07,38.07,38.00,37.92
57.50,56.39,55.25,53.97,51.20,50.13,50.16,50.39,51.26,52.04,52.86,54.02,56.01,56.85,57.13,57.21,57.29,57.38,57.38,57.37,57.41,57.37,57.26,57.06,56.79,56.47,55.72,54.25,52.97,52.69,52.47,52.14,51.56,50.65,49.44,48.93,48.69,48.51,48.35,48.26,48.16,48.14,48.23,48.35,48.53,48.73,48.91,49.27,50.87,52.61,52.47,49.34,48.54,47.91,47.38,47.05,46.95,46.86,46.69,46.48,46.32,46.17,46.03,45.90,45.73,45.42,45.05,44.69,44.42,44.38,44.45,44.57,44.72,44.88,45.01,45.16,45.28,45.31,45.17,45.10,45.03,44.98,44.97,44.90,44.88,44.84,44.77,44.69,44.61,44.53,44.45,44.38,44.25,44.25,44.33,44.41,44.48,44.44,44.35,44.30,44.49,44.73,44.78,44.66,44.50,44.37,44.21,44.02,43.82,43.66,43.55,43.42,43.27,43.11,42.96,42.81,42.65,42.50,42.34,42.19,42.04,41.91,41.75,41.59,41.47,41.38,41.28,41.25,41.19,41.12,41.07,41.05,41.00,40.94,40.86,40.78,40.70,40.63,40.56,40.54,40.49,40.42,40.33,40.26,40.19,40.17,40.17,40.17,40.17,40.17,40.12,40.08,40.08,40.08,40.08,40.03,39.96,39.92,39.88,39.78,39.62,39.39,39.23,39.04,38.84,38.65,38.43,38.21,37.99,37.78,37.62,37.39,37.19,37.08,37.13,37.34,37.64,38.00,38.38,38.77,39.14,39.48,39.80,40.12,40.32,40.52,40.72,40.90,41.13,41.34,41.54,41.72,41.92,42.11,42.22,42.27,42.25,42.12,41.99,41.81,41.55,41.23,40.90,40.44,40.04,39.95,39.86,39.76,39.67,39.58,39.43,39.34,39.26,39.17,39.06,38.98,38.94,38.90,38.83,38.75,38.67,38.59,38.52,38.44,38.38,38.30,38.20,38.13,38.03,37.91,37.79,37.69,37.56,37.47,37.38,37.27,37.15,37.13,37.13,37.16,37.22,37.23,37.28,37.34,37.37,37.45,37.48,37.53,37.61,37.69,37.76,37.84,37.91,37.94,37.87,37.79
55.46,54.21,53.08,52.23,50.95,50.52,50.87,51.90,53.59,55.08,56.26,57.44,59.37,60.24,60.59,60.76,60.87,61.09,61.20,61.25,61.29,61.26,61.13,60.96,60.77,60.48,59.75,58.36,57.19,56.99,56.83,56.49,55.80,54.73,53.63,53.22,53.07,52.97,52.87,52.79,52.75,52.78,52.89,53.01,53.16,53.29,53.43,53.72,55.16,56.71,56.55,53.54,51.61,49.57,48.31,48.09,48.01,47.93,47.76,47.55,47.40,47.22,47.02,46.83,46.64,46.32,45.92,45.53,45.17,44.93,44.98,45.11,45.26,45.39,45.54,45.70,45.82,45.84,45.71,45.61,45.53,45.48,45.47,45.41,45.38,45.35,45.28,45.20,45.10,45.01,44.93,44.85,44.73,44.71,44.77,44.85,44.93,44.87,44.74,44.64,44.73,44.87,44.84,44.69,44.51,44.35,44.19,44.02,43.83,43.67,43.55,43.42,43.26,43.09,42.95,42.81,42.65,42.50,42.34,42.19,42.03,41.88,41.72,41.59,41.51,41.45,41.38,41.34,41.28,41.22,41.17,41.14,41.08,41.00,40.92,40.84,40.77,40.71,40.66,40.63,40.56,40.48,40.41,40.33,40.25,40.23,40.23,40.23,40.23,40.23,40.19,40.13,40.13,40.13,40.13,40.09,40.04,40.03,40.01,39.94,39.82,39.64,39.46,39.26,39.06,38.87,38.64,38.41,38.20,37.99,37.81,37.58,37.37,37.17,37.03,37.06,37.18,37.40,37.72,38.11,38.50,38.88,39.27,39.63,39.89,40.14,40.36,40.55,40.75,40.98,41.19,41.37,41.58,41.76,41.86,41.88,41.88,41.83,41.74,41.59,41.37,41.08,40.72,40.26,39.89,39.83,39.75,39.67,39.60,39.51,39.39,39.30,39.22,39.13,39.02,38.93,38.86,38.80,38.73,38.68,38.61,38.53,38.45,38.38,38.30,38.22,38.14,38.06,37.98,37.88,37.76,37.65,37.52,37.44,37.34,37.23,37.12,37.07,37.06,37.09,37.16,37.16,37.22,37.27,37.28,37.35,37.37,37.41,37.48,37.54,37.61,37.68,37.76,37.81,37.75,37.69
53.48,52.34,51.36,51.11,51.06,51.14,51.96,54.08,56.51,58.53,59.67,60.05,60.57,60.95,61.23,61.45,61.64,61.99,62.21,62.33,62.34,62.25,62.10,61.90,61.63,61.27,60.89,60.43,60.10,60.08,60.05,60.01,59.88,59.67,59.45,59.34,59.29,59.28,59.26,59.20,59.21,59.25,59.28,59.36,59.39,59.44,59.51,59.56,59.80,59.98,59.89,58.97,55.99,52.18,49.88,49.58,49.36,49.13,48.85,48.61,48.44,48.22,47.95,47.72,47.55,47.31,46.89,46.45,46.00,45.49,45.53,45.68,45.81,45.91,46.05,46.21,46.33,46.35,46.21,46.12,46.05,45.98,45.98,45.91,45.88,45.86,45.78,45.70,45.56,45.46,45.38,45.30,45.22,45.19,45.21,45.29,45.37,45.27,45.13,45.01,45.00,45.01,44.91,44.73,44.52,44.35,44.20,44.04,43.88,43.72,43.57,43.42,43.25,43.05,42.94,42.81,42.65,42.50,42.34,42.19,42.03,41.89,41.74,41.64,41.60,41.57,41.49,41.42,41.35,41.30,41.28,41.21,41.14,41.06,40.98,40.91,40.83,40.80,40.77,40.70,40.62,40.55,40.47,40.39,40.32,40.30,40.30,40.30,40.30,40.29,40.24,40.20,40.20,40.20,40.19,40.16,40.10,40.09,40.03,40.00,39.96,39.85,39.66,39.48,39.29,39.06,38.83,38.60,38.41,38.23,38.00,37.77,37.59,37.41,37.20,37.07,36.95,36.96,37.15,37.49,37.86,38.25,38.63,39.02,39.38,39.71,39.98,40.20,40.38,40.60,40.83,41.04,41.21,41.42,41.50,41.50,41.50,41.50,41.38,41.23,41.05,40.83,40.48,40.13,39.86,39.73,39.64,39.56,39.48,39.40,39.32,39.23,39.16,39.08,39.00,38.92,38.81,38.69,38.62,38.60,38.54,38.46,38.39,38.31,38.23,38.16,38.08,38.00,37.92,37.84,37.73,37.60,37.51,37.43,37.32,37.19,37.10,37.03,37.01,37.03,37.09,37.11,37.16,37.20,37.22,37.29,37.30,37.34,37.41,37.42,37.49,37.57,37.64,37.69,37.63,37.60
52.18,52.05,52.10,52.07,52.10,52.12,52.92,55.13,57.45,59.18,60.11,60.40,60.71,61.01,61.33,61.65,61.97,62.38,62.79,63.12,63.27,63.03,62.73,62.45,62.14,61.76,61.40,61.07,60.88,60.88,60.88,60.88,60.84,60.75,60.68,60.61,60.58,60.59,60.62,60.60,60.58,60.59,60.64,60.67,60.71,60.75,60.78,60.82,60.77,60.70,60.62,60.33,58.98,57.09,55.28,53.79,52.61,51.10,50.04,49.51,49.30,49.08,48.79,48.58,48.49,48.26,47.81,47.24,46.60,45.97,46.11,46.26,46.34,46.47,46.62,46.77,46.87,46.86,46.72,46.63,46.55,46.49,46.48,46.42,46.40,46.36,46.28,46.16,46.05,45.95,45.88,45.80,45.72,45.66,45.66,45.73,45.77,45.66,45.52,45.42,45.32,45.19,44.98,44.75,44.57,44.41,44.23,44.04,43.88,43.73,43.58,43.42,43.26,43.09,42.95,42.81,42.65,42.50,42.34,42.19,42.05,41.95,41.84,41.76,41.70,41.64,41.56,41.48,41.44,41.41,41.35,41.28,41.20,41.13,41.05,40.97,40.94,40.89,40.83,40.76,40.69,40.61,40.53,40.46,40.43,40.38,40.37,40.37,40.36,40.31,40.28,40.27,40.27,40.26,40.23,40.19,40.16,40.16,40.09,40.06,40.03,39.96,39.87,39.70,39.49,39.26,39.03,38.83,38.64,38.43,38.20,37.96,37.78,37.62,37.44,37.28,37.13,37.01,36.94,36.97,37.25,37.61,38.00,38.38,38.77,39.10,39.42,39.73,39.98,40.22,40.45,40.68,40.88,41.07,41.13,41.13,41.13,41.13,40.98,40.79,40.66,40.60,40.35,40.08,39.86,39.71,39.62,39.55,39.45,39.33,39.25,39.17,39.09,39.02,38.94,38.86,38.77,38.67,38.59,38.50,38.42,38.36,38.32,38.25,38.17,38.09,38.02,37.94,37.86,37.78,37.70,37.59,37.46,37.38,37.28,37.17,37.05,36.97,36.94,36.97,37.03,37.04,37.09,37.13,37.15,37.22,37.23,37.28,37.35,37.40,37.43,37.50,37.55,37.57,37.54,37.50
52.36,52.82,53.51,53.62,53.53,53.35,53.76,55.31,57.27,58.70,59.54,59.94,60.35,60.71,61.07,61.46,61.91,62.42,63.06,63.64,63.95,63.62,63.25,62.90,62.56,62.17,61.79,61.47,61.28,61.27,61.26,61.25,61.21,61.14,61.06,61.00,60.98,60.99,61.05,61.07,61.03,61.02,61.05,61.05,61.11,61.16,61.19,61.21,61.08,60.98,60.89,60.80,60.70,60.38,59.29,57.40,55.52,53.09,51.25,50.26,50.03,49.82,49.61,49.51,49.51,49.16,48.62,47.92,47.13,46.46,46.66,46.84,46.91,47.02,47.16,47.32,47.41,47.39,47.25,47.14,47.05,47.00,46.99,46.92,46.90,46.87,46.78,46.63,46.54,46.46,46.39,46.30,46.23,46.16,46.12,46.17,46.18,46.06,45.93,45.80,45.55,45.26,44.97,44.73,44.58,44.42,44.23,44.04,43.88,43.71,43.55,43.40,43.24,43.09,42.94,42.78,42.63,42.47,42.31,42.18,42.08,42.02,41.94,41.86,41.78,41.70,41.63,41.57,41.54,41.50,41.42,41.34,41.27,41.19,41.11,41.06,41.03,40.97,40.90,40.83,40.75,40.67,40.60,40.55,40.52,40.46,40.42,40.42,40.41,40.35,40.33,40.33,40.33,40.33,40.27,40.23,40.23,40.22,40.16,40.13,40.10,40.03,40.01,39.88,39.68,39.45,39.22,39.05,38.85,38.62,38.39,38.17,38.00,37.85,37.71,37.54,37.38,37.19,36.96,36.76,36.87,37.09,37.36,37.75,38.14,38.48,38.83,39.19,39.52,39.78,40.05,40.31,40.52,40.68,40.75,40.79,40.81,40.74,40.53,40.35,40.30,40.39,40.29,40.09,39.88,39.73,39.63,39.55,39.44,39.32,39.23,39.15,39.06,38.98,38.91,38.83,38.74,38.64,38.56,38.43,38.34,38.28,38.23,38.16,38.08,38.01,37.93,37.85,37.77,37.70,37.62,37.53,37.40,37.31,37.23,37.14,37.01,36.91,36.88,36.90,36.97,36.98,37.03,37.08,37.11,37.16,37.19,37.23,37.30,37.36,37.38,37.41,37.46,37.47,37.47,37.41
54.62,54.81,55.27,55.48,55.28,54.88,54.49,54.55,56.03,57.34,58.28,58.92,59.55,60.03,60.41,60.82,61.43,62.09,62.99,63.86,64.32,64.00,63.67,63.32,62.94,62.55,62.17,61.88,61.72,61.71,61.65,61.63,61.59,61.52,61.45,61.42,61.42,61.42,61.44,61.50,61.51,61.48,61.44,61.44,61.50,61.57,61.60,61.54,61.40,61.29,61.19,61.05,60.90,60.57,60.11,59.27,57.33,54.84,52.49,50.86,50.61,50.45,50.42,50.55,50.64,50.00,49.25,48.46,47.64,46.97,47.16,47.44,47.55,47.55,47.67,47.83,47.94,47.96,47.81,47.67,47.56,47.51,47.50,47.43,47.41,47.38,47.28,47.14,47.05,46.97,46.89,46.81,46.73,46.66,46.61,46.62,46.62,46.50,46.34,46.12,45.64,45.15,44.84,44.67,44.51,44.36,44.20,44.04,43.87,43.66,43.49,43.34,43.18,43.02,42.87,42.72,42.56,42.41,42.26,42.15,42.10,42.07,42.00,41.92,41.84,41.77,41.70,41.68,41.63,41.56,41.48,41.41,41.33,41.25,41.19,41.17,41.11,41.04,40.97,40.89,40.81,40.73,40.69,40.66,40.60,40.53,40.48,40.48,40.48,40.42,40.38,40.38,40.38,40.38,40.33,40.28,40.28,40.28,40.22,40.19,40.17,40.09,40.02,39.98,39.86,39.64,39.41,39.24,39.04,38.81,38.59,38.41,38.25,38.12,38.01,37.80,37.63,37.44,37.21,36.99,36.87,36.75,36.76,37.13,37.51,37.88,38.23,38.56,38.93,39.25,39.59,39.91,40.14,40.25,40.37,40.51,40.58,40.36,40.06,39.92,40.00,40.20,40.27,40.14,39.94,39.79,39.64,39.55,39.46,39.38,39.30,39.17,39.06,38.98,38.90,38.83,38.70,38.58,38.50,38.42,38.34,38.23,38.11,38.03,37.96,37.88,37.80,37.73,37.65,37.57,37.49,37.42,37.33,37.25,37.17,37.09,37.00,36.87,36.81,36.84,36.91,36.91,36.97,37.04,37.10,37.11,37.17,37.20,37.23,37.30,37.31,37.32,37.35,37.41,37.41,37.35
57.26,57.14,57.21,57.34,57.00,56.52,56.02,55.69,56.13,56.84,57.47,58.00,58.65,59.31,59.88,60.50,61.36,62.25,63.28,64.20,64.69,64.38,64.06,63.70,63.32,62.93,62.55,62.26,62.12,62.10,62.03,61.98,61.94,61.91,61.87,61.86,61.86,61.86,61.86,61.90,61.94,61.95,61.91,61.87,61.90,61.95,61.98,61.86,61.72,61.59,61.45,61.28,61.02,60.63,60.29,59.75,58.05,55.88,53.68,51.95,51.37,51.36,51.52,51.76,51.84,50.91,49.84,48.91,48.14,47.47,47.64,47.96,48.19,48.22,48.26,48.38,48.48,48.48,48.34,48.18,48.07,48.02,48.00,47.94,47.91,47.87,47.75,47.64,47.55,47.47,47.40,47.32,47.24,47.17,47.10,47.06,47.02,46.81,46.46,46.00,45.43,45.01,44.74,44.55,44.40,44.25,44.09,43.94,43.78,43.59,43.42,43.25,43.07,42.91,42.76,42.63,42.51,42.39,42.28,42.20,42.16,42.14,42.06,41.98,41.91,41.84,41.80,41.77,41.70,41.63,41.55,41.47,41.39,41.33,41.30,41.25,41.19,41.11,41.03,40.95,40.88,40.83,40.79,40.74,40.67,40.58,40.55,40.55,40.55,40.47,40.45,40.45,40.45,40.45,40.39,40.36,40.36,40.35,40.28,40.23,40.19,40.15,40.08,40.02,39.95,39.83,39.64,39.45,39.23,39.01,38.82,38.66,38.50,38.38,38.28,38.06,37.89,37.69,37.47,37.24,37.07,36.89,36.78,36.85,36.95,37.26,37.61,37.93,38.31,38.64,38.99,39.35,39.61,39.86,40.09,40.29,40.34,40.15,39.80,39.55,39.58,39.97,40.15,40.11,39.95,39.81,39.68,39.57,39.47,39.38,39.27,39.15,39.04,38.93,38.85,38.74,38.62,38.50,38.39,38.31,38.24,38.12,38.00,37.95,37.88,37.80,37.72,37.65,37.57,37.50,37.41,37.34,37.27,37.19,37.11,37.03,36.95,36.84,36.80,36.81,36.85,36.89,36.93,36.98,37.05,37.05,37.08,37.12,37.16,37.20,37.23,37.24,37.27,37.29,37.29,37.27
59.55,59.24,59.01,59.06,58.66,58.22,57.81,57.44,57.02,57.07,57.31,57.64,58.19,58.93,59.66,60.47,61.52,62.58,63.66,64.58,65.06,64.76,64.43,64.08,63.70,63.31,62.93,62.64,62.49,62.48,62.41,62.34,62.31,62.31,62.30,62.30,62.30,62.30,62.31,62.31,62.35,62.40,62.39,62.34,62.31,62.34,62.34,62.17,62.02,61.84,61.64,61.42,61.06,60.63,60.28,59.74,58.19,56.31,54.46,52.97,52.31,52.45,52.74,53.05,53.06,51.82,50.34,49.25,48.57,48.01,48.16,48.50,48.81,48.94,48.91,48.99,49.05,49.01,48.86,48.70,48.59,48.52,48.52,48.45,48.42,48.35,48.22,48.14,48.06,47.98,47.91,47.83,47.74,47.66,47.57,47.46,47.30,46.93,46.38,45.72,45.15,44.87,44.64,44.44,44.29,44.12,43.96,43.81,43.66,43.50,43.35,43.16,42.96,42.81,42.67,42.56,42.49,42.42,42.33,42.25,42.21,42.19,42.12,42.05,41.97,41.91,41.91,41.84,41.77,41.69,41.61,41.53,41.46,41.42,41.40,41.33,41.25,41.17,41.09,41.02,40.95,40.92,40.88,40.81,40.72,40.65,40.62,40.61,40.59,40.54,40.52,40.52,40.52,40.52,40.45,40.41,40.41,40.40,40.34,40.27,40.21,40.20,40.13,40.06,40.01,39.98,39.85,39.65,39.43,39.22,39.07,38.91,38.76,38.63,38.53,38.31,38.14,37.95,37.72,37.51,37.34,37.19,37.02,36.81,36.63,36.78,37.04,37.30,37.68,38.02,38.36,38.73,39.05,39.43,39.77,40.01,40.08,39.95,39.55,39.20,39.19,39.71,39.92,39.96,39.90,39.77,39.69,39.56,39.44,39.34,39.20,39.11,38.99,38.85,38.77,38.62,38.52,38.41,38.27,38.19,38.10,37.99,37.88,37.86,37.80,37.72,37.65,37.58,37.50,37.43,37.36,37.29,37.21,37.13,37.05,36.97,36.89,36.81,36.79,36.79,36.79,36.85,36.88,36.92,36.97,36.98,36.98,37.03,37.09,37.09,37.15,37.18,37.19,37.19,37.19,37.19
60.44,60.30,60.25,60.40,60.22,59.96,59.68,59.41,59.08,58.81,58.75,58.90,59.16,59.61,60.26,61.06,61.97,62.98,64.04,64.94,65.39,65.13,64.77,64.42,64.08,63.70,63.31,63.02,62.88,62.86,62.79,62.76,62.75,62.74,62.68,62.68,62.68,62.69,62.74,62.75,62.76,62.80,62.84,62.83,62.78,62.73,62.64,62.43,62.27,62.00,61.64,61.25,60.92,60.59,60.24,59.52,57.52,55.52,54.02,53.30,53.66,53.87,54.10,54.38,54.30,52.61,50.64,49.32,48.76,48.68,48.87,49.17,49.46,49.65,49.71,49.70,49.66,49.58,49.43,49.27,49.13,49.03,49.02,48.95,48.89,48.81,48.72,48.64,48.56,48.49,48.41,48.33,48.20,48.10,47.99,47.73,47.21,46.60,45.96,45.37,44.94,44.72,44.55,44.38,44.22,44.01,43.84,43.68,43.53,43.37,43.22,43.06,42.90,42.81,42.72,42.63,42.56,42.47,42.40,42.33,42.25,42.20,42.18,42.11,42.03,41.98,41.97,41.91,41.83,41.75,41.67,41.59,41.56,41.52,41.47,41.39,41.31,41.23,41.16,41.08,41.06,41.01,40.95,40.86,40.79,40.72,40.67,40.66,40.60,40.59,40.58,40.58,40.58,40.58,40.52,40.48,40.46,40.41,40.39,40.33,40.26,40.20,40.18,40.13,40.05,40.00,39.95,39.82,39.64,39.47,39.32,39.17,39.01,38.88,38.78,38.57,38.39,38.20,37.98,37.81,37.66,37.54,37.42,37.23,36.97,36.78,36.66,36.69,37.05,37.42,37.77,38.10,38.48,38.86,39.23,39.54,39.70,39.63,39.16,38.85,38.95,39.35,39.46,39.57,39.68,39.64,39.56,39.43,39.31,39.22,39.08,38.98,38.86,38.73,38.64,38.50,38.39,38.29,38.14,38.06,37.94,37.82,37.75,37.73,37.67,37.60,37.54,37.52,37.44,37.36,37.31,37.28,37.21,37.09,36.98,36.91,36.83,36.75,36.73,36.73,36.73,36.74,36.79,36.83,36.85,36.91,36.92,36.97,37.02,37.02,37.04,37.08,37.13,37.13,37.13,37.13
61.12,61.12,61.24,61.42,61.45,61.30,61.08,60.83,60.56,60.25,60.07,60.09,60.25,60.60,61.16,61.84,62.55,63.43,64.44,65.31,65.75,65.47,65.12,64.79,64.46,64.08,63.69,63.42,63.28,63.25,63.20,63.19,63.18,63.14,63.10,63.09,63.09,63.11,63.15,63.18,63.19,63.21,63.25,63.25,63.11,62.94,62.74,62.48,62.25,61.93,61.53,61.11,60.75,60.44,59.99,59.03,56.89,55.08,54.29,54.44,55.16,55.41,55.59,55.70,55.30,53.25,51.03,49.62,49.17,49.30,49.67,50.13,50.52,50.73,50.82,50.76,50.58,50.31,50.09,49.90,49.71,49.57,49.53,49.46,49.39,49.30,49.23,49.15,49.05,48.95,48.88,48.80,48.68,48.45,48.07,47.51,46.77,46.11,45.53,45.06,44.76,44.58,44.43,44.27,44.11,43.92,43.75,43.59,43.41,43.28,43.16,43.04,42.92,42.85,42.77,42.70,42.61,42.54,42.47,42.39,42.31,42.25,42.24,42.17,42.10,42.05,42.03,41.97,41.89,41.81,41.74,41.69,41.66,41.61,41.53,41.45,41.38,41.30,41.23,41.19,41.15,41.08,41.00,40.93,40.86,40.78,40.74,40.72,40.66,40.64,40.64,40.64,40.64,40.61,40.56,40.55,40.53,40.45,40.45,40.39,40.31,40.25,40.21,40.17,40.11,40.05,40.04,39.94,39.82,39.70,39.57,39.42,39.29,39.17,39.04,38.82,38.65,38.47,38.29,38.16,38.02,37.91,37.80,37.63,37.34,37.03,36.76,36.60,36.68,36.88,37.16,37.51,37.86,38.25,38.57,38.82,39.00,39.03,38.63,38.45,38.65,38.92,39.05,39.21,39.38,39.46,39.43,39.31,39.19,39.09,38.95,38.85,38.73,38.60,38.51,38.37,38.27,38.16,38.02,37.94,37.80,37.68,37.62,37.61,37.55,37.47,37.41,37.41,37.34,37.26,37.20,37.17,37.12,37.02,36.91,36.85,36.80,36.73,36.66,36.63,36.65,36.66,36.72,36.76,36.77,36.84,36.86,36.88,36.93,36.95,36.95,37.02,37.05,37.05,37.05,37.03
61.70,61.84,62.10,62.27,62.48,62.42,62.22,61.98,61.75,61.50,61.30,61.23,61.40,61.75,62.24,62.77,63.30,64.02,64.92,65.72,66.12,65.80,65.48,65.17,64.83,64.45,64.08,63.83,63.70,63.65,63.63,63.63,63.59,63.54,63.54,63.54,63.54,63.54,63.55,63.60,63.63,63.63,63.62,63.57,63.31,63.01,62.70,62.40,62.09,61.74,61.35,60.97,60.59,60.23,59.61,58.40,56.31,55.00,55.08,55.99,56.73,56.97,57.11,57.00,56.17,53.88,51.57,50.21,49.85,50.05,50.67,51.32,51.80,51.99,52.08,51.97,51.65,51.17,50.84,50.59,50.36,50.18,50.11,50.04,49.98,49.91,49.81,49.72,49.57,49.46,49.36,49.24,49.08,48.63,47.91,47.02,46.16,45.57,45.13,44.80,44.62,44.46,44.30,44.15,43.99,43.84,43.69,43.51,43.32,43.23,43.15,43.07,42.99,42.91,42.83,42.75,42.68,42.61,42.53,42.45,42.37,42.31,42.30,42.24,42.17,42.10,42.09,42.03,41.95,41.88,41.81,41.80,41.74,41.67,41.59,41.52,41.44,41.36,41.31,41.29,41.22,41.15,41.08,41.00,40.92,40.84,40.81,40.78,40.72,40.70,40.70,40.70,40.70,40.63,40.61,40.61,40.59,40.52,40.50,40.45,40.38,40.31,40.23,40.21,40.17,40.11,40.09,40.03,39.96,39.88,39.80,39.67,39.56,39.46,39.30,39.08,38.92,38.77,38.63,38.54,38.40,38.29,38.19,38.02,37.73,37.42,37.12,36.82,36.56,36.49,36.65,36.95,37.24,37.59,37.83,37.99,38.15,38.28,38.07,38.04,38.29,38.47,38.68,38.86,39.04,39.23,39.27,39.17,39.06,38.97,38.82,38.73,38.61,38.47,38.39,38.24,38.14,38.04,37.89,37.81,37.67,37.55,37.49,37.48,37.42,37.34,37.29,37.27,37.21,37.14,37.06,37.00,36.99,36.92,36.84,36.78,36.77,36.71,36.60,36.53,36.59,36.59,36.66,36.70,36.71,36.77,36.79,36.80,36.82,36.88,36.89,36.94,36.99,36.99,36.98,36.93
62.33,62.66,62.93,63.10,63.36,63.45,63.36,63.12,62.89,62.62,62.39,62.32,62.53,62.93,63.42,63.96,64.48,65.04,65.69,66.23,66.46,66.17,65.86,65.52,65.17,64.83,64.50,64.24,64.10,64.08,64.03,64.02,64.00,63.98,63.98,63.98,63.98,63.98,63.98,64.01,64.05,64.04,63.90,63.64,63.26,62.87,62.52,62.21,61.90,61.55,61.18,60.84,60.45,59.97,59.09,57.64,55.84,55.65,56.48,57.60,58.27,58.45,58.52,58.21,57.09,54.80,52.62,51.43,51.23,51.50,52.34,52.90,53.16,53.27,53.30,53.11,52.72,52.20,51.74,51.42,51.19,51.04,50.97,50.94,50.95,50.92,50.77,50.54,50.37,50.23,50.05,49.68,49.07,48.30,47.42,46.46,45.55,45.11,44.88,44.71,44.55,44.35,44.17,44.02,43.87,43.71,43.59,43.48,43.37,43.28,43.20,43.13,43.06,42.97,42.89,42.82,42.75,42.66,42.59,42.52,42.44,42.37,42.36,42.31,42.22,42.15,42.10,42.08,42.02,41.94,41.88,41.87,41.81,41.73,41.66,41.58,41.50,41.45,41.42,41.36,41.29,41.22,41.14,41.06,40.98,40.95,40.91,40.85,40.78,40.77,40.77,40.77,40.75,40.69,40.66,40.66,40.65,40.58,40.52,40.49,40.45,40.36,40.29,40.27,40.23,40.16,40.11,40.08,40.05,40.02,39.94,39.89,39.83,39.72,39.56,39.38,39.27,39.16,39.06,38.93,38.82,38.70,38.58,38.45,38.17,37.86,37.55,37.25,37.00,36.73,36.56,36.51,36.62,36.83,37.01,37.16,37.31,37.47,37.58,37.72,37.93,38.13,38.32,38.51,38.71,38.88,38.99,38.99,38.93,38.84,38.70,38.60,38.48,38.34,38.26,38.12,38.01,37.91,37.77,37.68,37.55,37.43,37.36,37.36,37.30,37.22,37.15,37.09,37.07,37.01,36.93,36.86,36.86,36.80,36.72,36.66,36.66,36.59,36.53,36.51,36.53,36.54,36.59,36.63,36.64,36.66,36.71,36.73,36.75,36.83,36.84,36.85,36.88,36.92,36.87,36.84
62.39,62.83,63.22,63.56,63.97,64.29,64.40,64.25,64.00,63.72,63.50,63.44,63.69,64.14,64.65,65.17,65.70,66.13,66.55,66.81,66.80,66.52,66.20,65.87,65.51,65.18,64.87,64.62,64.50,64.49,64.44,64.43,64.41,64.39,64.39,64.39,64.39,64.40,64.42,64.43,64.39,64.27,64.01,63.61,63.18,62.75,62.36,62.02,61.69,61.34,60.99,60.65,60.29,59.60,58.51,57.08,55.85,56.48,57.75,58.92,59.48,59.63,59.60,59.16,57.93,55.68,53.99,53.16,53.07,53.32,54.20,54.53,54.52,54.57,54.55,54.26,53.80,53.25,52.73,52.34,52.08,51.93,51.87,51.90,51.97,51.99,51.89,51.61,51.44,51.30,51.02,50.29,49.16,48.01,46.89,45.81,45.10,44.82,44.70,44.61,44.45,44.26,44.08,43.93,43.80,43.68,43.58,43.50,43.42,43.34,43.27,43.20,43.11,43.04,42.96,42.89,42.81,42.73,42.66,42.58,42.50,42.43,42.40,42.36,42.29,42.22,42.14,42.13,42.08,42.00,41.94,41.91,41.86,41.80,41.72,41.64,41.58,41.55,41.50,41.43,41.36,41.28,41.20,41.13,41.07,41.05,40.99,40.92,40.84,40.84,40.84,40.84,40.82,40.75,40.73,40.72,40.69,40.64,40.56,40.52,40.48,40.43,40.36,40.31,40.28,40.22,40.17,40.14,40.13,40.11,40.05,40.03,39.98,39.90,39.79,39.69,39.62,39.55,39.46,39.31,39.22,39.10,38.97,38.87,38.61,38.30,38.00,37.73,37.46,37.11,36.76,36.50,36.41,36.38,36.45,36.59,36.75,36.91,37.16,37.39,37.58,37.78,37.96,38.16,38.36,38.51,38.69,38.77,38.77,38.69,38.56,38.47,38.35,38.22,38.13,37.99,37.89,37.78,37.64,37.55,37.42,37.30,37.24,37.23,37.17,37.09,37.01,36.95,36.94,36.88,36.80,36.74,36.73,36.67,36.59,36.54,36.53,36.46,36.44,36.45,36.46,36.47,36.51,36.55,36.56,36.57,36.62,36.65,36.68,36.73,36.76,36.77,36.79,36.82,36.78,36.77
61.86,62.35,62.96,63.59,64.24,64.82,65.20,65.25,65.07,64.84,64.64,64.58,64.90,65.39,65.88,66.35,66.84,67.18,67.40,67.40,67.14,66.83,66.52,66.21,65.87,65.51,65.19,64.98,64.88,64.88,64.87,64.87,64.83,64.78,64.78,64.78,64.78,64.80,64.85,64.84,64.64,64.33,63.94,63.50,63.09,62.66,62.23,61.84,61.46,61.12,60.78,60.41,60.07,59.17,57.95,56.75,56.34,57.39,58.78,59.90,60.34,60.45,60.32,59.82,58.66,56.56,55.62,55.30,55.26,55.41,56.11,56.17,55.90,55.88,55.81,55.40,54.87,54.34,53.80,53.33,53.00,52.82,52.78,52.89,52.98,53.08,53.13,52.87,52.74,52.57,52.12,50.95,49.29,47.74,46.33,45.15,44.85,44.70,44.58,44.48,44.34,44.18,44.02,43.89,43.81,43.72,43.64,43.56,43.48,43.41,43.33,43.25,43.18,43.10,43.03,42.95,42.87,42.79,42.72,42.64,42.56,42.49,42.42,42.40,42.36,42.28,42.20,42.19,42.14,42.06,41.99,41.92,41.90,41.86,41.78,41.71,41.69,41.64,41.57,41.50,41.42,41.34,41.27,41.20,41.18,41.13,41.06,40.97,40.91,40.89,40.89,40.89,40.88,40.81,40.80,40.76,40.70,40.69,40.63,40.55,40.50,40.48,40.42,40.35,40.31,40.29,40.28,40.23,40.20,40.17,40.11,40.09,40.05,39.99,39.97,39.95,39.94,39.90,39.82,39.67,39.59,39.48,39.34,39.25,39.03,38.75,38.47,38.22,37.92,37.55,37.21,36.91,36.62,36.30,36.23,36.31,36.44,36.59,36.80,37.04,37.25,37.41,37.63,37.81,37.98,38.14,38.35,38.52,38.58,38.51,38.42,38.34,38.23,38.09,38.00,37.86,37.76,37.66,37.51,37.43,37.29,37.17,37.11,37.10,37.04,36.96,36.89,36.82,36.81,36.76,36.68,36.61,36.61,36.55,36.47,36.41,36.40,36.34,36.31,36.34,36.39,36.40,36.41,36.44,36.50,36.51,36.51,36.55,36.61,36.63,36.68,36.70,36.71,36.72,36.71,36.70
61.26,61.77,62.43,63.07,63.69,64.21,64.71,65.27,65.98,65.94,65.73,65.69,66.08,66.59,67.01,67.33,67.63,67.82,67.89,67.77,67.45,67.15,66.84,66.51,66.16,65.81,65.50,65.35,65.31,65.31,65.31,65.28,65.24,65.21,65.21,65.21,65.21,65.22,65.22,64.98,64.65,64.26,63.83,63.41,62.99,62.56,62.14,61.72,61.32,60.95,60.59,60.20,59.75,58.91,57.80,56.82,56.92,58.09,59.36,60.35,60.83,60.81,60.52,60.00,59.11,57.67,57.33,57.36,57.41,57.47,57.77,57.63,57.31,57.15,56.91,56.44,55.91,55.41,54.88,54.36,53.98,53.78,53.81,53.91,54.02,54.14,54.21,54.11,54.02,53.39,52.15,50.60,48.72,46.96,45.60,44.91,44.71,44.60,44.49,44.36,44.25,44.15,44.04,43.94,43.86,43.78,43.70,43.63,43.56,43.47,43.39,43.32,43.25,43.16,43.08,43.01,42.94,42.85,42.78,42.70,42.63,42.55,42.47,42.45,42.42,42.33,42.27,42.21,42.18,42.13,42.06,41.97,41.95,41.92,41.84,41.77,41.76,41.71,41.64,41.56,41.48,41.41,41.34,41.31,41.27,41.20,41.11,41.04,40.97,40.95,40.95,40.95,40.95,40.88,40.86,40.82,40.75,40.70,40.67,40.61,40.54,40.50,40.47,40.44,40.40,40.36,40.36,40.30,40.26,40.24,40.17,40.16,40.11,40.05,40.05,40.01,40.00,39.99,39.95,39.89,39.85,39.80,39.73,39.63,39.42,39.20,38.95,38.67,38.36,38.03,37.70,37.40,37.08,36.70,36.44,36.27,36.20,36.28,36.48,36.70,36.88,37.08,37.27,37.44,37.60,37.80,37.99,38.19,38.33,38.37,38.30,38.18,38.07,37.97,37.88,37.74,37.63,37.53,37.39,37.30,37.16,37.05,36.98,36.93,36.89,36.84,36.76,36.69,36.68,36.63,36.55,36.48,36.48,36.42,36.34,36.28,36.28,36.25,36.24,36.25,36.29,36.33,36.34,36.36,36.39,36.43,36.45,36.48,36.55,36.55,36.57,36.62,36.64,36.64,36.64,36.60
60.64,61.12,61.75,62.31,62.83,63.25,63.81,64.75,66.15,66.57,66.65,66.80,67.19,67.63,67.94,68.13,68.27,68.34,68.28,68.08,67.78,67.47,67.16,66.81,66.44,66.11,65.83,65.73,65.73,65.73,65.73,65.69,65.66,65.65,65.64,65.65,65.62,65.54,65.41,65.00,64.58,64.16,63.72,63.32,62.88,62.45,62.05,61.61,61.20,60.81,60.41,59.97,59.41,58.65,57.78,57.13,57.50,58.71,59.86,60.73,61.24,61.11,60.72,60.24,59.66,58.88,58.87,59.07,59.21,59.18,59.15,58.92,58.63,58.38,57.98,57.47,56.97,56.48,55.93,55.37,54.95,54.75,54.91,55.01,55.13,55.23,55.30,55.30,54.97,53.77,51.84,49.97,47.95,46.19,45.03,44.80,44.66,44.56,44.45,44.31,44.23,44.16,44.08,44.00,43.92,43.84,43.77,43.70,43.61,43.53,43.46,43.39,43.31,43.23,43.16,43.08,43.00,42.92,42.84,42.77,42.69,42.61,42.54,42.51,42.47,42.41,42.33,42.25,42.23,42.20,42.11,42.04,42.02,41.98,41.91,41.83,41.80,41.76,41.70,41.62,41.55,41.48,41.44,41.41,41.33,41.25,41.18,41.11,41.03,41.02,41.02,41.02,40.99,40.94,40.91,40.87,40.81,40.73,40.70,40.66,40.61,40.55,40.53,40.52,40.49,40.43,40.42,40.36,40.33,40.31,40.23,40.20,40.16,40.12,40.09,40.04,40.02,40.02,40.02,40.02,40.01,40.00,39.98,39.91,39.74,39.61,39.42,39.14,38.83,38.52,38.21,37.90,37.57,37.21,36.83,36.47,36.20,36.15,36.22,36.35,36.53,36.74,36.91,37.07,37.25,37.46,37.64,37.84,38.04,38.17,38.16,38.03,37.92,37.84,37.73,37.60,37.51,37.40,37.26,37.17,37.04,36.92,36.84,36.77,36.75,36.71,36.63,36.57,36.56,36.50,36.42,36.36,36.35,36.29,36.23,36.18,36.17,36.17,36.17,36.17,36.19,36.26,36.27,36.27,36.29,36.36,36.38,36.41,36.46,36.47,36.48,36.53,36.58,36.57,36.56,36.51
60.00,60.41,60.89,61.31,61.72,62.12,62.66,63.61,65.02,66.29,67.28,67.93,68.16,68.37,68.52,68.63,68.77,68.80,68.65,68.40,68.09,67.78,67.47,67.12,66.74,66.38,66.18,66.11,66.11,66.11,66.11,66.10,66.10,66.08,66.03,66.07,65.94,65.66,65.31,64.87,64.46,64.04,63.59,63.20,62.75,62.33,61.94,61.53,61.09,60.68,60.25,59.71,59.06,58.35,57.86,57.72,58.02,59.25,60.37,61.17,61.68,61.51,61.14,60.78,60.48,60.15,60.06,60.20,60.38,60.26,60.13,59.96,59.78,59.56,59.08,58.55,58.04,57.55,56.95,56.34,55.87,55.71,56.09,56.27,56.33,56.37,56.45,56.47,55.34,53.52,51.34,49.24,47.11,45.61,44.85,44.79,44.71,44.63,44.52,44.38,44.29,44.22,44.14,44.06,43.98,43.91,43.83,43.75,43.67,43.60,43.53,43.45,43.37,43.29,43.22,43.14,43.06,42.98,42.91,42.83,42.75,42.67,42.59,42.53,42.49,42.47,42.39,42.31,42.28,42.25,42.18,42.11,42.09,42.05,41.97,41.89,41.83,41.79,41.76,41.69,41.61,41.58,41.54,41.47,41.39,41.32,41.25,41.17,41.09,41.09,41.09,41.06,41.00,40.99,40.93,40.89,40.87,40.80,40.73,40.69,40.68,40.66,40.60,40.59,40.56,40.49,40.48,40.42,40.38,40.36,40.29,40.22,40.19,40.16,40.10,40.09,40.09,40.09,40.09,40.08,40.03,40.00,40.00,39.98,39.95,39.92,39.83,39.63,39.34,39.03,38.72,38.39,38.02,37.70,37.33,36.97,36.66,36.35,36.05,36.00,36.20,36.37,36.52,36.72,36.92,37.09,37.31,37.49,37.68,37.88,37.99,37.90,37.79,37.70,37.56,37.46,37.38,37.27,37.13,37.05,36.91,36.79,36.72,36.64,36.63,36.58,36.51,36.44,36.43,36.38,36.30,36.23,36.23,36.17,36.12,36.12,36.12,36.12,36.12,36.12,36.13,36.19,36.22,36.22,36.23,36.30,36.31,36.32,36.35,36.41,36.41,36.47,36.52,36.50,36.44,36.42
59.42,59.71,59.99,60.30,60.61,60.97,61.51,62.43,63.84,65.42,66.96,68.21,68.72,68.93,69.06,69.16,69.23,69.17,68.98,68.72,68.41,68.10,67.76,67.39,67.00,66.65,66.52,66.50,66.50,66.50,66.50,66.50,66.50,66.49,66.44,66.28,66.00,65.63,65.20,64.78,64.35,63.93,63.51,63.08,62.66,62.25,61.85,61.43,61.00,60.58,60.18,59.78,59.16,58.64,58.35,58.32,58.51,59.69,60.76,61.53,62.08,61.93,61.60,61.30,61.07,60.88,60.81,60.89,61.01,60.90,60.75,60.59,60.43,60.20,59.83,59.44,59.01,58.48,57.86,57.18,56.73,56.66,57.11,57.43,57.58,57.64,57.66,57.54,55.82,53.31,50.73,48.86,47.09,45.74,44.96,44.85,44.77,44.69,44.60,44.48,44.36,44.28,44.20,44.13,44.05,43.97,43.89,43.82,43.75,43.66,43.58,43.51,43.44,43.35,43.28,43.20,43.13,43.04,42.97,42.89,42.81,42.73,42.66,42.58,42.55,42.53,42.45,42.38,42.34,42.32,42.25,42.17,42.12,42.08,42.03,41.95,41.88,41.84,41.83,41.75,41.67,41.64,41.61,41.53,41.46,41.39,41.31,41.24,41.20,41.16,41.14,41.12,41.05,41.05,40.98,40.93,40.89,40.85,40.81,40.77,40.74,40.73,40.67,40.64,40.61,40.55,40.51,40.46,40.43,40.39,40.35,40.28,40.24,40.22,40.16,40.14,40.14,40.13,40.10,40.10,40.06,40.05,40.05,40.05,40.05,40.02,39.97,39.88,39.71,39.50,39.23,38.90,38.52,38.20,37.84,37.48,37.16,36.78,36.39,36.17,36.13,36.04,36.18,36.37,36.56,36.76,36.95,37.14,37.34,37.52,37.67,37.70,37.66,37.57,37.42,37.33,37.23,37.11,37.00,36.92,36.78,36.67,36.59,36.52,36.50,36.46,36.38,36.31,36.30,36.25,36.17,36.11,36.10,36.07,36.05,36.05,36.05,36.05,36.05,36.05,36.06,36.09,36.13,36.16,36.16,36.20,36.23,36.26,36.26,36.30,36.34,36.38,36.40,36.39,36.36,36.36
58.83,59.03,59.16,59.38,59.60,59.92,60.43,61.29,62.73,64.46,66.34,68.11,69.09,69.40,69.55,69.64,69.63,69.51,69.30,69.03,68.72,68.40,68.04,67.65,67.27,66.94,66.89,66.89,66.88,66.88,66.88,66.88,66.86,66.84,66.75,66.37,65.96,65.55,65.10,64.70,64.26,63.83,63.43,62.98,62.57,62.18,61.77,61.32,60.94,60.53,60.20,59.98,59.47,59.17,59.01,58.94,59.04,60.09,61.06,61.80,62.40,62.33,62.06,61.80,61.60,61.46,61.42,61.46,61.49,61.40,61.26,61.09,60.91,60.67,60.43,60.19,59.84,59.32,58.73,57.99,57.57,57.60,58.06,58.53,58.77,58.85,58.81,58.55,56.44,53.37,50.34,48.78,47.45,46.21,45.32,45.07,44.91,44.79,44.69,44.58,44.44,44.34,44.27,44.19,44.11,44.03,43.96,43.88,43.79,43.71,43.64,43.56,43.48,43.42,43.34,43.27,43.19,43.11,43.03,42.95,42.88,42.80,42.72,42.64,42.62,42.59,42.52,42.44,42.41,42.38,42.31,42.22,42.16,42.12,42.09,42.02,41.95,41.91,41.89,41.81,41.73,41.71,41.67,41.60,41.53,41.45,41.37,41.33,41.30,41.23,41.21,41.19,41.12,41.10,41.05,40.98,40.93,40.91,40.90,40.86,40.81,40.80,40.73,40.71,40.67,40.60,40.53,40.52,40.47,40.41,40.41,40.34,40.31,40.28,40.22,40.20,40.20,40.17,40.12,40.12,40.12,40.12,40.11,40.10,40.10,40.05,40.02,40.01,39.99,39.88,39.67,39.38,39.02,38.70,38.35,37.99,37.67,37.29,36.90,36.56,36.24,35.90,35.95,36.07,36.20,36.42,36.59,36.80,36.99,37.15,37.31,37.47,37.51,37.44,37.29,37.20,37.08,36.95,36.87,36.78,36.65,36.54,36.46,36.39,36.38,36.33,36.25,36.19,36.17,36.12,36.05,35.98,35.98,35.98,35.98,35.98,35.98,35.98,35.98,35.98,35.98,35.99,36.05,36.09,36.09,36.09,36.15,36.18,36.19,36.20,36.27,36.29,36.29,36.29,36.29,36.29
58.20,58.42,58.56,58.74,58.91,59.18,59.60,60.37,61.92,63.80,65.75,67.65,69.28,69.77,69.88,69.91,69.90,69.86,69.65,69.35,69.03,68.67,68.33,67.94,67.55,67.36,67.33,67.33,67.31,67.26,67.25,67.25,67.20,67.05,66.75,66.32,65.90,65.49,65.03,64.64,64.20,63.77,63.37,62.91,62.51,62.09,61.66,61.26,60.92,60.65,60.45,60.28,60.02,59.87,59.72,59.60,59.80,60.49,61.21,61.89,62.55,62.65,62.48,62.29,62.17,62.08,62.05,62.07,62.05,61.91,61.76,61.57,61.35,61.11,60.83,60.58,60.32,59.98,59.52,58.81,58.43,58.49,58.96,59.47,59.66,59.69,59.65,59.43,57.47,54.25,50.89,49.34,48.19,47.08,46.20,45.78,45.30,44.99,44.79,44.65,44.50,44.41,44.33,44.25,44.17,44.10,44.03,43.92,43.80,43.72,43.64,43.56,43.50,43.47,43.41,43.33,43.25,43.17,43.09,43.02,42.94,42.86,42.78,42.71,42.67,42.66,42.58,42.50,42.44,42.40,42.36,42.30,42.22,42.17,42.16,42.08,42.00,41.98,41.95,41.88,41.80,41.73,41.69,41.66,41.58,41.51,41.47,41.44,41.38,41.30,41.27,41.25,41.17,41.11,41.09,41.07,41.04,40.98,40.92,40.89,40.86,40.80,40.78,40.73,40.69,40.66,40.59,40.58,40.53,40.48,40.47,40.41,40.38,40.34,40.27,40.21,40.20,40.19,40.17,40.17,40.17,40.17,40.16,40.11,40.10,40.09,40.08,40.06,40.01,39.97,39.91,39.79,39.52,39.21,38.85,38.49,38.17,37.79,37.41,37.06,36.73,36.36,36.09,35.92,35.87,36.05,36.26,36.45,36.61,36.77,36.98,37.15,37.27,37.31,37.16,37.08,36.95,36.82,36.73,36.61,36.50,36.41,36.34,36.27,36.25,36.20,36.13,36.06,36.05,35.99,35.92,35.86,35.85,35.90,35.92,35.92,35.92,35.92,35.92,35.92,35.92,35.92,35.98,36.02,36.02,36.02,36.04,36.08,36.13,36.13,36.20,36.23,36.23,36.23,36.23,36.23
57.61,57.83,58.00,58.19,58.48,58.83,59.26,59.97,61.48,63.39,65.38,67.36,69.28,69.91,70.06,70.08,70.07,70.05,69.88,69.64,69.34,68.96,68.59,68.19,67.83,67.75,67.73,67.73,67.72,67.67,67.64,67.56,67.39,67.09,66.70,66.25,65.82,65.39,64.97,64.58,64.14,63.70,63.30,62.85,62.44,62.02,61.59,61.27,61.03,60.85,60.70,60.55,60.43,60.34,60.22,60.13,60.36,60.86,61.45,62.10,62.75,63.04,62.99,62.86,62.78,62.71,62.66,62.62,62.55,62.41,62.24,62.01,61.75,61.52,61.21,60.96,60.72,60.43,60.07,59.55,59.27,59.30,59.61,59.94,60.06,60.08,60.06,59.90,58.55,55.36,51.41,49.66,48.65,47.79,47.03,46.50,45.89,45.34,44.95,44.72,44.56,44.45,44.36,44.28,44.20,44.13,44.05,43.95,43.83,43.75,43.67,43.60,43.54,43.53,43.47,43.39,43.31,43.23,43.16,43.08,43.00,42.92,42.85,42.78,42.72,42.69,42.64,42.56,42.48,42.44,42.42,42.36,42.28,42.23,42.22,42.14,42.07,42.02,41.99,41.93,41.86,41.78,41.73,41.72,41.65,41.58,41.53,41.52,41.45,41.36,41.34,41.31,41.23,41.16,41.13,41.12,41.09,41.04,40.97,40.94,40.92,40.84,40.84,40.78,40.73,40.72,40.65,40.63,40.59,40.53,40.50,40.46,40.42,40.38,40.33,40.25,40.23,40.23,40.23,40.23,40.21,40.20,40.19,40.14,40.13,40.13,40.13,40.09,40.05,40.03,40.03,39.99,39.83,39.64,39.34,39.00,38.68,38.30,37.91,37.56,37.24,36.86,36.50,36.18,35.96,35.91,35.95,36.08,36.24,36.43,36.63,36.82,36.99,37.09,37.02,36.95,36.82,36.70,36.61,36.46,36.36,36.28,36.21,36.13,36.12,36.08,36.00,35.93,35.92,35.87,35.80,35.77,35.77,35.80,35.84,35.86,35.87,35.87,35.87,35.87,35.87,35.87,35.90,35.94,35.96,35.97,35.97,36.00,36.06,36.07,36.11,36.14,36.16,36.16,36.16,36.14
57.04,57.27,57.46,57.75,58.22,58.70,59.18,59.87,61.25,63.13,65.14,67.16,69.11,69.88,70.13,70.19,70.19,70.13,70.05,69.89,69.64,69.27,68.83,68.41,68.13,68.12,68.11,68.11,68.11,68.08,67.99,67.79,67.46,67.03,66.63,66.19,65.73,65.29,64.90,64.50,64.07,63.64,63.23,62.78,62.38,61.97,61.58,61.36,61.24,61.12,60.97,60.84,60.75,60.67,60.60,60.58,60.82,61.24,61.79,62.40,63.01,63.46,63.53,63.45,63.38,63.30,63.20,63.07,62.94,62.83,62.63,62.38,62.12,61.89,61.59,61.33,61.06,60.75,60.44,60.16,60.00,59.97,60.07,60.11,60.16,60.20,60.18,60.08,59.51,56.40,51.76,49.75,48.85,48.23,47.63,47.01,46.40,45.69,45.12,44.79,44.63,44.48,44.37,44.29,44.21,44.13,44.06,43.98,43.89,43.81,43.74,43.66,43.60,43.59,43.53,43.45,43.38,43.30,43.22,43.14,43.06,42.99,42.91,42.83,42.76,42.71,42.69,42.63,42.55,42.50,42.48,42.42,42.34,42.30,42.28,42.21,42.14,42.06,42.01,42.00,41.92,41.84,41.80,41.78,41.71,41.64,41.60,41.58,41.50,41.42,41.40,41.37,41.30,41.22,41.20,41.17,41.11,41.10,41.03,41.01,40.97,40.91,40.90,40.84,40.80,40.78,40.72,40.70,40.66,40.58,40.52,40.51,40.46,40.41,40.39,40.32,40.30,40.30,40.30,40.29,40.23,40.21,40.21,40.20,40.20,40.20,40.17,40.12,40.11,40.10,40.09,40.08,40.00,39.97,39.77,39.48,39.18,38.81,38.43,38.08,37.75,37.38,37.04,36.69,36.32,35.99,35.76,35.77,35.91,36.10,36.27,36.47,36.66,36.80,36.86,36.82,36.70,36.57,36.48,36.33,36.24,36.16,36.08,36.01,36.00,35.95,35.87,35.80,35.79,35.75,35.70,35.70,35.70,35.70,35.74,35.79,35.80,35.80,35.80,35.80,35.80,35.80,35.80,35.84,35.89,35.89,35.89,35.94,35.99,36.00,36.00,36.06,36.09,36.09,36.09,36.04
56.44,56.75,57.06,57.55,58.08,58.57,59.06,59.73,60.98,62.82,64.83,66.84,68.73,69.72,70.11,70.23,70.31,70.25,70.18,70.06,69.84,69.52,69.08,68.71,68.50,68.50,68.50,68.50,68.48,68.39,68.13,67.77,67.38,66.96,66.52,66.10,65.66,65.22,64.83,64.40,63.98,63.56,63.13,62.71,62.32,62.00,61.76,61.59,61.49,61.40,61.31,61.25,61.18,61.14,61.11,61.14,61.37,61.70,62.19,62.77,63.37,63.80,63.91,63.86,63.78,63.70,63.43,63.19,63.03,62.85,62.67,62.53,62.42,62.26,61.97,61.68,61.37,61.02,60.71,60.46,60.32,60.27,60.29,60.30,60.32,60.31,60.25,60.12,59.80,56.48,51.33,49.53,48.59,47.87,47.19,46.53,45.95,45.56,45.19,44.86,44.69,44.53,44.42,44.34,44.27,44.19,44.11,44.03,43.96,43.88,43.81,43.72,43.65,43.60,43.57,43.52,43.44,43.36,43.28,43.21,43.14,43.06,42.97,42.90,42.83,42.77,42.75,42.69,42.61,42.54,42.50,42.47,42.41,42.34,42.29,42.27,42.20,42.11,42.06,42.05,41.98,41.91,41.84,41.80,41.77,41.70,41.64,41.59,41.56,41.49,41.43,41.39,41.36,41.28,41.27,41.22,41.17,41.16,41.09,41.06,41.05,40.97,40.91,40.88,40.84,40.80,40.77,40.72,40.69,40.64,40.58,40.56,40.52,40.46,40.45,40.39,40.37,40.34,40.30,40.30,40.28,40.27,40.27,40.27,40.27,40.23,40.19,40.16,40.16,40.12,40.10,40.11,40.12,40.08,39.96,39.83,39.67,39.31,38.97,38.62,38.27,37.93,37.57,37.20,36.81,36.43,36.09,35.85,35.72,35.74,35.93,36.12,36.31,36.50,36.62,36.66,36.57,36.44,36.35,36.21,36.11,36.03,35.95,35.88,35.87,35.82,35.75,35.68,35.67,35.65,35.63,35.63,35.63,35.63,35.65,35.68,35.73,35.73,35.73,35.73,35.73,35.73,35.73,35.75,35.78,35.82,35.84,35.85,35.88,35.93,35.94,35.98,36.04,36.03,35.98,35.95
56.22,56.58,56.94,57.45,57.96,58.45,58.94,59.59,60.66,62.43,64.42,66.38,68.22,69.48,70.05,70.21,70.35,70.38,70.32,70.19,69.99,69.73,69.32,69.02,68.88,68.88,68.88,68.84,68.75,68.53,68.16,67.72,67.29,66.89,66.43,66.03,65.60,65.16,64.76,64.31,63.90,63.48,63.04,62.69,62.36,62.15,62.02,61.91,61.83,61.77,61.73,61.69,61.62,61.59,61.61,61.71,61.94,62.21,62.62,63.14,63.72,64.15,64.18,64.03,63.84,63.66,63.28,62.98,62.79,62.59,62.45,62.38,62.36,62.30,62.10,61.89,61.62,61.27,60.96,60.72,60.57,60.52,60.51,60.49,60.45,60.39,60.28,60.11,59.41,55.78,50.64,49.18,48.25,47.43,46.65,45.95,45.45,45.29,45.12,44.86,44.74,44.59,44.48,44.41,44.33,44.25,44.17,44.10,44.03,43.95,43.86,43.79,43.72,43.64,43.61,43.56,43.50,43.42,43.35,43.28,43.20,43.11,43.04,42.97,42.89,42.82,42.80,42.75,42.67,42.60,42.53,42.52,42.47,42.39,42.33,42.32,42.26,42.19,42.12,42.09,42.05,41.97,41.89,41.83,41.83,41.77,41.69,41.62,41.60,41.55,41.47,41.42,41.39,41.34,41.33,41.29,41.23,41.20,41.15,41.12,41.08,41.02,40.95,40.92,40.89,40.83,40.83,40.77,40.73,40.71,40.64,40.63,40.58,40.52,40.49,40.44,40.41,40.37,40.33,40.33,40.33,40.33,40.32,40.30,40.30,40.26,40.23,40.22,40.20,40.16,40.13,40.14,40.19,40.15,40.09,40.05,39.98,39.71,39.46,39.15,38.78,38.46,38.09,37.72,37.35,36.96,36.58,36.19,35.87,35.70,35.73,35.81,35.97,36.17,36.34,36.45,36.41,36.31,36.23,36.08,35.98,35.91,35.83,35.76,35.74,35.70,35.63,35.58,35.58,35.58,35.58,35.58,35.58,35.58,35.58,35.59,35.64,35.66,35.67,35.67,35.67,35.67,35.67,35.67,35.69,35.76,35.77,35.77,35.79,35.84,35.87,35.91,35.94,35.93,35.89,35.88
56.45,56.86,57.15,57.45,57.88,58.34,58.85,59.49,60.31,61.96,63.88,65.79,67.56,69.15,69.93,70.16,70.32,70.50,70.47,70.29,70.08,69.90,69.56,69.33,69.26,69.25,69.24,69.14,68.90,68.48,68.10,67.65,67.23,66.82,66.36,65.97,65.54,65.09,64.70,64.25,63.84,63.42,63.01,62.76,62.57,62.44,62.37,62.34,62.27,62.24,62.21,62.14,62.07,62.00,62.06,62.27,62.50,62.74,63.07,63.52,64.05,64.49,64.32,63.90,63.49,63.13,62.75,62.44,62.23,62.08,61.98,61.91,61.88,61.93,61.90,61.92,61.80,61.50,61.20,60.96,60.82,60.77,60.75,60.68,60.57,60.43,60.28,60.07,58.25,54.30,49.81,48.75,47.87,47.02,46.19,45.43,45.05,44.96,44.91,44.81,44.78,44.66,44.55,44.47,44.39,44.31,44.24,44.16,44.08,44.00,43.93,43.85,43.78,43.70,43.63,43.60,43.56,43.49,43.41,43.33,43.25,43.18,43.10,43.03,42.95,42.88,42.81,42.80,42.74,42.66,42.60,42.59,42.53,42.45,42.39,42.38,42.32,42.25,42.17,42.11,42.10,42.03,41.96,41.90,41.89,41.83,41.75,41.68,41.61,41.59,41.54,41.47,41.41,41.39,41.39,41.35,41.28,41.22,41.20,41.15,41.10,41.09,41.02,40.99,40.96,40.90,40.89,40.83,40.79,40.77,40.70,40.69,40.64,40.57,40.51,40.50,40.44,40.40,40.39,40.39,40.39,40.39,40.37,40.31,40.30,40.30,40.29,40.27,40.22,40.20,40.20,40.20,40.20,40.20,40.19,40.16,40.08,39.97,39.87,39.64,39.28,38.97,38.60,38.25,37.91,37.53,37.14,36.75,36.38,36.03,35.72,35.61,35.65,35.81,36.01,36.17,36.22,36.19,36.10,35.95,35.86,35.78,35.70,35.63,35.61,35.57,35.51,35.51,35.51,35.51,35.51,35.51,35.51,35.51,35.51,35.51,35.52,35.58,35.61,35.61,35.61,35.61,35.61,35.61,35.62,35.69,35.70,35.70,35.71,35.73,35.79,35.81,35.82,35.82,35.81,35.80
56.99,57.38,57.61,57.89,58.18,58.53,58.96,59.53,60.28,61.58,63.27,65.14,66.84,68.51,69.60,70.15,70.31,70.53,70.55,70.44,70.25,70.09,69.86,69.72,69.68,69.63,69.47,69.23,68.88,68.43,68.04,67.59,67.16,66.76,66.31,65.90,65.47,65.03,64.64,64.18,63.77,63.43,63.17,63.05,62.94,62.87,62.83,62.80,62.76,62.72,62.66,62.59,62.55,62.52,62.61,62.84,63.07,63.30,63.60,63.99,64.43,64.48,64.06,63.51,63.01,62.58,62.18,61.88,61.67,61.56,61.48,61.43,61.44,61.50,61.51,61.57,61.57,61.46,61.28,61.13,61.02,60.95,60.85,60.69,60.54,60.38,60.23,59.96,56.55,52.47,49.34,48.44,47.59,46.72,45.85,45.13,44.89,44.84,44.83,44.79,44.75,44.69,44.61,44.53,44.45,44.38,44.31,44.22,44.15,44.07,44.00,43.91,43.84,43.77,43.69,43.66,43.63,43.56,43.47,43.40,43.33,43.25,43.16,43.09,43.02,42.94,42.87,42.86,42.81,42.72,42.66,42.66,42.59,42.52,42.45,42.41,42.37,42.31,42.23,42.16,42.16,42.10,42.03,41.96,41.95,41.89,41.81,41.73,41.66,41.61,41.55,41.49,41.45,41.41,41.40,41.38,41.34,41.27,41.26,41.21,41.16,41.14,41.08,41.05,41.03,40.95,40.91,40.87,40.84,40.79,40.75,40.71,40.68,40.63,40.56,40.55,40.50,40.45,40.45,40.45,40.42,40.40,40.39,40.36,40.36,40.36,40.34,40.30,40.26,40.26,40.26,40.26,40.26,40.26,40.26,40.22,40.15,40.08,40.03,39.91,39.69,39.46,39.10,38.76,38.43,38.05,37.66,37.27,36.89,36.50,36.12,35.84,35.64,35.56,35.66,35.81,35.95,36.02,35.97,35.83,35.73,35.65,35.58,35.51,35.49,35.44,35.39,35.39,35.43,35.45,35.45,35.45,35.45,35.45,35.45,35.45,35.45,35.52,35.55,35.55,35.55,35.55,35.55,35.55,35.55,35.58,35.63,35.64,35.64,35.66,35.72,35.74,35.74,35.74,35.74,35.71
57.59,57.95,58.14,58.42,58.60,58.84,59.26,59.92,60.74,61.78,63.07,64.59,66.18,67.85,69.25,70.13,70.31,70.53,70.62,70.58,70.44,70.29,70.14,70.06,70.02,69.90,69.60,69.23,68.82,68.37,67.97,67.53,67.09,66.68,66.24,65.83,65.40,64.97,64.56,64.14,63.80,63.56,63.46,63.43,63.38,63.34,63.32,63.25,63.23,63.18,63.12,63.06,63.04,63.06,63.18,63.41,63.64,63.89,64.16,64.48,64.75,64.40,63.77,63.11,62.54,62.04,61.62,61.31,61.12,61.05,60.97,60.96,60.99,61.06,61.08,61.14,61.22,61.27,61.21,61.14,61.08,61.01,60.85,60.65,60.48,60.32,60.01,58.91,54.48,50.77,48.99,48.22,47.39,46.50,45.63,44.97,44.82,44.80,44.79,44.77,44.71,44.69,44.65,44.58,44.50,44.44,44.36,44.29,44.22,44.14,44.06,43.98,43.91,43.83,43.75,43.71,43.68,43.61,43.54,43.47,43.39,43.31,43.23,43.16,43.08,43.00,42.93,42.92,42.86,42.79,42.73,42.70,42.65,42.58,42.50,42.43,42.42,42.38,42.30,42.23,42.22,42.17,42.08,42.02,42.00,41.94,41.86,41.80,41.72,41.64,41.56,41.51,41.49,41.44,41.42,41.41,41.39,41.33,41.30,41.26,41.21,41.20,41.14,41.11,41.08,41.01,40.94,40.92,40.88,40.82,40.81,40.75,40.72,40.69,40.63,40.60,40.55,40.51,40.50,40.50,40.44,40.42,40.42,40.42,40.42,40.41,40.38,40.32,40.32,40.32,40.32,40.32,40.32,40.32,40.32,40.29,40.22,40.15,40.13,40.08,39.99,39.86,39.57,39.26,38.94,38.55,38.18,37.80,37.41,37.03,36.64,36.25,35.87,35.56,35.49,35.53,35.66,35.80,35.82,35.70,35.60,35.52,35.45,35.38,35.36,35.32,35.28,35.29,35.34,35.37,35.38,35.38,35.38,35.38,35.38,35.38,35.38,35.44,35.47,35.48,35.48,35.48,35.48,35.48,35.48,35.48,35.55,35.58,35.58,35.59,35.64,35.67,35.68,35.68,35.66,35.61
58.19,58.53,58.70,58.94,59.11,59.32,59.90,61.04,62.08,63.25,63.92,64.30,65.70,67.35,68.94,70.08,70.30,70.53,70.69,70.72,70.63,70.48,70.37,70.26,70.13,69.97,69.57,69.17,68.75,68.30,67.91,67.46,67.01,66.57,66.16,65.72,65.30,64.89,64.46,64.17,64.03,63.98,63.95,63.89,63.87,63.83,63.76,63.69,63.68,63.63,63.57,63.55,63.49,63.58,63.75,63.98,64.22,64.50,64.77,64.97,64.95,64.35,63.60,62.86,62.15,61.55,61.07,60.74,60.56,60.53,60.47,60.48,60.55,60.63,60.69,60.77,60.84,60.90,60.89,60.82,60.81,60.83,60.72,60.57,60.41,60.25,59.43,55.75,51.88,49.56,48.74,48.08,47.31,46.44,45.58,44.97,44.82,44.80,44.77,44.72,44.70,44.65,44.61,44.58,44.51,44.49,44.43,44.35,44.28,44.20,44.12,44.04,43.97,43.89,43.81,43.74,43.70,43.67,43.60,43.53,43.45,43.37,43.29,43.22,43.14,43.06,43.00,42.98,42.93,42.85,42.78,42.71,42.69,42.64,42.56,42.50,42.48,42.44,42.36,42.29,42.28,42.22,42.15,42.08,42.01,41.94,41.89,41.86,41.78,41.70,41.63,41.56,41.50,41.49,41.48,41.45,41.40,41.38,41.33,41.29,41.26,41.20,41.19,41.13,41.09,41.07,41.00,40.98,40.94,40.88,40.88,40.81,40.78,40.75,40.68,40.62,40.59,40.55,40.50,40.50,40.49,40.48,40.48,40.48,40.48,40.44,40.40,40.38,40.38,40.38,40.38,40.38,40.38,40.38,40.38,40.36,40.29,40.27,40.22,40.14,40.08,40.05,39.93,39.73,39.45,39.07,38.73,38.37,37.98,37.60,37.21,36.83,36.44,36.07,35.75,35.45,35.38,35.47,35.62,35.56,35.48,35.40,35.32,35.25,35.23,35.23,35.22,35.22,35.23,35.28,35.31,35.31,35.31,35.31,35.31,35.31,35.32,35.33,35.38,35.41,35.41,35.41,35.41,35.41,35.41,35.42,35.48,35.52,35.52,35.52,35.53,35.58,35.62,35.60,35.55,35.52
58.81,59.10,59.26,59.49,59.95,60.74,61.92,63.44,64.56,65.46,65.69,65.46,66.05,67.17,68.55,69.74,70.22,70.52,70.76,70.83,70.66,70.41,70.27,70.15,70.02,69.85,69.49,69.08,68.65,68.19,67.80,67.35,66.91,66.48,66.06,65.60,65.18,64.84,64.60,64.46,64.42,64.42,64.41,64.34,64.32,64.28,64.21,64.17,64.13,64.09,64.06,64.02,63.98,64.11,64.32,64.56,64.82,65.10,65.19,65.09,64.82,64.17,63.40,62.61,61.85,61.16,60.56,60.11,59.84,59.76,59.68,59.75,59.91,60.09,60.28,60.39,60.48,60.56,60.57,60.54,60.56,60.60,60.55,60.48,60.34,59.66,57.57,53.01,50.32,49.02,48.44,47.81,47.09,46.35,45.60,44.97,44.82,44.77,44.73,44.70,44.66,44.62,44.60,44.58,44.51,44.50,44.45,44.38,44.34,44.26,44.19,44.10,44.03,43.95,43.88,43.79,43.73,43.70,43.66,43.59,43.52,43.44,43.35,43.28,43.20,43.13,43.05,43.01,42.97,42.91,42.84,42.77,42.74,42.70,42.63,42.56,42.55,42.50,42.42,42.35,42.31,42.24,42.18,42.13,42.06,41.98,41.92,41.88,41.80,41.73,41.67,41.61,41.55,41.51,41.50,41.48,41.44,41.41,41.36,41.34,41.33,41.25,41.24,41.19,41.14,41.13,41.06,41.05,41.00,40.94,40.90,40.86,40.82,40.78,40.74,40.67,40.64,40.61,40.55,40.55,40.55,40.55,40.54,40.50,40.50,40.47,40.45,40.44,40.41,40.43,40.45,40.45,40.45,40.45,40.45,40.43,40.39,40.35,40.28,40.23,40.19,40.15,40.08,39.95,39.78,39.55,39.26,38.89,38.51,38.12,37.74,37.35,36.96,36.58,36.19,35.80,35.55,35.42,35.38,35.40,35.35,35.27,35.20,35.16,35.16,35.16,35.16,35.16,35.16,35.20,35.26,35.26,35.26,35.26,35.26,35.26,35.26,35.26,35.28,35.32,35.35,35.36,35.36,35.36,35.36,35.36,35.39,35.43,35.45,35.45,35.45,35.50,35.54,35.50,35.46,35.45
59.77,60.03,60.25,60.57,61.42,62.87,64.61,66.28,67.31,67.80,67.70,67.17,66.87,67.32,68.32,69.43,70.16,70.54,70.81,70.85,70.58,70.23,70.03,69.90,69.80,69.63,69.36,68.97,68.52,68.08,67.67,67.22,66.80,66.40,65.94,65.50,65.12,64.88,64.86,64.85,64.85,64.85,64.84,64.78,64.77,64.73,64.68,64.66,64.60,64.57,64.53,64.47,64.48,64.66,64.90,65.14,65.40,65.56,65.40,65.00,64.53,63.94,63.17,62.35,61.57,60.80,60.08,59.46,59.02,58.83,58.72,58.83,59.05,59.24,59.39,59.55,59.73,59.84,59.66,60.05,60.31,60.36,60.36,60.36,60.12,58.57,54.99,50.75,49.33,48.76,48.16,47.55,46.87,46.26,45.64,44.98,44.82,44.74,44.70,44.68,44.62,44.60,44.59,44.57,44.51,44.49,44.44,44.40,44.38,44.31,44.23,44.16,44.09,44.02,43.94,43.86,43.78,43.72,43.71,43.66,43.58,43.50,43.42,43.34,43.27,43.19,43.11,43.04,43.02,42.98,42.91,42.83,42.80,42.77,42.70,42.62,42.60,42.56,42.48,42.41,42.33,42.25,42.21,42.18,42.11,42.04,41.97,41.89,41.81,41.74,41.71,41.67,41.59,41.53,41.52,41.51,41.48,41.42,41.40,41.40,41.38,41.31,41.30,41.25,41.20,41.18,41.12,41.10,41.06,40.99,40.92,40.91,40.86,40.81,40.80,40.73,40.71,40.67,40.61,40.61,40.60,40.59,40.58,40.52,40.52,40.52,40.50,40.48,40.43,40.47,40.50,40.51,40.51,40.51,40.51,40.51,40.50,40.42,40.36,40.32,40.29,40.22,40.14,40.07,40.01,39.95,39.71,39.39,39.02,38.64,38.25,37.87,37.48,37.09,36.71,36.33,35.94,35.57,35.28,35.31,35.24,35.15,35.09,35.09,35.09,35.09,35.09,35.09,35.09,35.14,35.18,35.19,35.19,35.19,35.19,35.19,35.19,35.19,35.19,35.22,35.28,35.29,35.29,35.29,35.29,35.29,35.29,35.34,35.39,35.39,35.39,35.44,35.45,35.40,35.39,35.38
61.92,62.35,62.85,63.62,64.75,66.29,67.85,68.97,69.45,69.55,69.30,68.78,68.28,68.29,68.86,69.65,70.25,70.69,70.80,70.62,70.24,69.96,69.74,69.56,69.43,69.27,69.08,68.78,68.41,68.00,67.56,67.10,66.67,66.27,65.82,65.50,65.31,65.23,65.23,65.23,65.23,65.23,65.23,65.21,65.21,65.20,65.16,65.12,65.09,65.05,64.98,64.93,65.03,65.23,65.49,65.73,65.80,65.55,65.16,64.69,64.17,63.66,62.92,62.08,61.26,60.48,59.64,58.81,58.09,57.67,57.44,57.52,57.59,57.29,56.73,56.98,57.49,57.59,56.54,58.77,60.09,60.11,60.11,60.17,59.27,56.33,51.59,49.70,49.01,48.55,48.05,47.52,46.86,46.23,45.61,45.02,44.83,44.74,44.68,44.63,44.60,44.60,44.57,44.52,44.49,44.45,44.41,44.38,44.33,44.31,44.24,44.19,44.16,44.08,44.00,43.92,43.84,43.78,43.77,43.72,43.64,43.56,43.48,43.41,43.33,43.25,43.17,43.09,43.08,43.04,42.97,42.89,42.83,42.79,42.75,42.68,42.62,42.59,42.55,42.47,42.39,42.31,42.25,42.19,42.12,42.08,42.03,41.95,41.88,41.80,41.74,41.67,41.60,41.58,41.58,41.54,41.50,41.47,41.42,41.40,41.40,41.37,41.31,41.29,41.25,41.20,41.17,41.13,41.09,41.06,40.98,40.98,40.92,40.88,40.86,40.79,40.77,40.73,40.67,40.67,40.62,40.60,40.59,40.58,40.58,40.58,40.55,40.50,40.48,40.49,40.53,40.58,40.58,40.58,40.58,40.58,40.56,40.49,40.45,40.42,40.36,40.28,40.20,40.16,40.13,40.06,39.93,39.81,39.59,39.21,38.82,38.44,38.05,37.66,37.28,36.89,36.50,36.12,35.75,35.50,35.21,35.05,35.03,35.02,35.02,35.02,35.02,35.02,35.02,35.04,35.08,35.12,35.13,35.13,35.13,35.13,35.13,35.13,35.13,35.16,35.22,35.23,35.23,35.23,35.23,35.23,35.23,35.28,35.33,35.33,35.33,35.34,35.34,35.33,35.33,35.28
65.09,65.54,66.06,66.78,67.65,68.73,69.74,70.39,70.64,70.57,70.30,69.87,69.45,69.33,69.64,70.17,70.60,70.87,70.71,70.34,69.94,69.69,69.44,69.24,69.08,68.90,68.76,68.56,68.27,67.89,67.44,67.00,66.57,66.18,65.89,65.71,65.65,65.65,65.65,65.65,65.65,65.65,65.65,65.65,65.65,65.65,65.63,65.56,65.55,65.50,65.43,65.42,65.58,65.82,65.99,66.00,65.81,65.34,64.83,64.34,63.83,63.34,62.69,61.90,61.01,60.17,59.27,58.34,57.47,56.78,56.28,56.16,55.98,55.28,54.38,54.21,54.31,54.15,53.17,55.13,56.29,56.30,56.33,56.35,55.53,53.20,49.76,49.09,48.71,48.30,47.86,47.38,46.77,46.18,45.59,45.05,44.84,44.74,44.66,44.60,44.60,44.58,44.54,44.49,44.46,44.41,44.38,44.34,44.30,44.27,44.23,44.19,44.15,44.10,44.03,43.97,43.91,43.84,43.81,43.76,43.70,43.63,43.54,43.47,43.39,43.31,43.23,43.16,43.11,43.08,43.03,42.95,42.88,42.84,42.82,42.75,42.66,42.62,42.58,42.50,42.45,42.38,42.31,42.22,42.15,42.11,42.06,41.99,41.94,41.86,41.78,41.70,41.64,41.61,41.60,41.58,41.53,41.50,41.46,41.44,41.43,41.39,41.35,41.31,41.28,41.24,41.23,41.17,41.13,41.11,41.05,41.03,40.98,40.93,40.89,40.85,40.81,40.77,40.73,40.70,40.66,40.63,40.63,40.63,40.61,40.60,40.58,40.54,40.53,40.53,40.56,40.60,40.60,40.63,40.63,40.63,40.63,40.58,40.55,40.50,40.43,40.38,40.30,40.26,40.22,40.14,40.08,40.05,39.92,39.65,39.37,39.00,38.62,38.23,37.85,37.46,37.08,36.69,36.30,35.91,35.51,35.22,35.09,34.98,34.97,34.97,34.97,34.97,34.97,34.97,34.98,35.03,35.06,35.06,35.06,35.06,35.06,35.06,35.06,35.08,35.13,35.16,35.16,35.16,35.16,35.16,35.16,35.21,35.27,35.27,35.27,35.27,35.27,35.26,35.23,35.19
68.62,68.95,69.28,69.61,69.88,70.20,70.53,70.81,71.09,71.07,70.85,70.56,70.38,70.34,70.54,70.87,71.12,71.03,70.57,70.07,69.71,69.47,69.19,68.97,68.80,68.58,68.45,68.30,68.08,67.75,67.31,66.92,66.52,66.18,66.13,66.10,66.09,66.09,66.09,66.09,66.09,66.09,66.09,66.09,66.09,66.09,66.08,66.01,66.00,65.95,65.90,65.93,66.13,66.36,66.33,65.98,65.55,65.02,64.49,63.98,63.49,62.97,62.46,61.78,60.82,59.90,58.97,58.04,57.10,56.15,55.31,54.86,54.37,53.42,52.49,51.63,50.90,50.36,50.13,50.37,50.52,50.53,50.59,50.53,50.31,49.85,49.18,48.77,48.39,48.00,47.59,47.13,46.59,46.09,45.57,45.04,44.84,44.74,44.66,44.60,44.59,44.53,44.50,44.47,44.41,44.40,44.35,44.30,44.28,44.22,44.20,44.16,44.10,44.09,44.03,44.00,43.96,43.89,43.82,43.80,43.76,43.68,43.61,43.53,43.45,43.38,43.31,43.22,43.15,43.11,43.09,43.02,42.94,42.90,42.88,42.80,42.72,42.66,42.58,42.52,42.49,42.44,42.36,42.29,42.21,42.14,42.06,42.01,41.98,41.92,41.84,41.77,41.70,41.62,41.60,41.60,41.57,41.52,41.50,41.49,41.47,41.41,41.40,41.34,41.31,41.30,41.29,41.23,41.20,41.17,41.11,41.09,41.04,40.97,40.92,40.90,40.84,40.81,40.78,40.72,40.70,40.70,40.70,40.68,40.63,40.61,40.61,40.60,40.60,40.60,40.61,40.61,40.62,40.67,40.69,40.70,40.70,40.69,40.64,40.57,40.51,40.49,40.43,40.35,40.28,40.21,40.20,40.14,40.05,39.95,39.85,39.55,39.17,38.80,38.42,38.03,37.64,37.26,36.87,36.48,36.04,35.63,35.29,35.01,34.93,34.91,34.90,34.90,34.90,34.90,34.90,34.92,34.98,35.00,35.00,35.00,35.00,35.00,35.00,35.00,35.02,35.08,35.10,35.10,35.10,35.10,35.10,35.14,35.20,35.20,35.20,35.20,35.20,35.19,35.12,35.10
69.89,70.04,70.22,70.43,70.63,70.82,71.00,71.19,71.40,71.52,71.44,71.20,71.06,71.07,71.25,71.46,71.51,71.13,70.53,69.98,69.63,69.43,69.23,69.02,68.80,68.52,68.29,68.05,67.80,67.51,67.16,66.89,66.68,66.55,66.54,66.54,66.54,66.54,66.54,66.54,66.54,66.54,66.54,66.54,66.54,66.54,66.53,66.50,66.46,66.42,66.42,66.48,66.61,66.47,66.15,65.70,65.19,64.65,64.14,63.64,63.13,62.64,62.13,61.52,60.72,59.76,58.78,57.83,56.88,55.89,54.93,54.13,53.34,52.38,51.45,50.65,50.04,49.66,49.48,49.45,49.45,49.45,49.47,49.37,49.22,49.03,48.78,48.45,48.08,47.69,47.30,46.87,46.35,45.86,45.41,45.02,44.84,44.74,44.66,44.60,44.55,44.51,44.47,44.43,44.40,44.40,44.35,44.28,44.24,44.21,44.16,44.12,44.09,44.05,44.01,43.97,43.93,43.89,43.82,43.80,43.77,43.70,43.67,43.59,43.52,43.45,43.36,43.28,43.21,43.16,43.15,43.08,43.00,42.94,42.88,42.81,42.77,42.72,42.64,42.56,42.51,42.44,42.39,42.35,42.28,42.20,42.12,42.05,42.00,41.93,41.88,41.83,41.75,41.68,41.63,41.60,41.59,41.56,41.52,41.50,41.49,41.46,41.41,41.38,41.37,41.36,41.31,41.28,41.24,41.19,41.16,41.12,41.08,41.03,40.97,40.96,40.91,40.87,40.84,40.78,40.77,40.77,40.75,40.70,40.67,40.66,40.66,40.66,40.66,40.66,40.66,40.66,40.66,40.69,40.73,40.77,40.77,40.77,40.70,40.65,40.62,40.57,40.50,40.42,40.34,40.28,40.27,40.20,40.13,40.06,40.02,39.87,39.65,39.37,38.99,38.60,38.22,37.83,37.44,37.01,36.59,36.16,35.73,35.33,35.06,34.91,34.84,34.84,34.84,34.84,34.84,34.84,34.87,34.91,34.94,34.94,34.94,34.94,34.94,34.94,34.95,35.02,35.04,35.04,35.04,35.04,35.04,35.08,35.13,35.13,35.13,35.13,35.13,35.12,35.05,35.04
70.56,70.64,70.75,70.91,71.11,71.28,71.44,71.59,71.75,71.95,72.00,71.86,71.72,71.75,71.88,71.97,71.84,71.34,70.68,70.09,69.75,69.54,69.39,69.22,68.98,68.67,68.34,68.02,67.71,67.44,67.17,67.03,66.98,66.98,66.98,66.98,66.97,66.95,66.95,66.95,66.95,66.95,66.95,66.95,66.95,66.95,66.95,66.95,66.90,66.88,66.88,66.84,66.76,66.35,65.84,65.35,64.81,64.29,63.79,63.30,62.78,62.29,61.77,61.21,60.57,59.65,58.66,57.68,56.72,55.72,54.69,53.69,52.70,51.75,50.81,50.15,49.74,49.51,49.29,49.21,49.19,49.16,49.13,49.00,48.83,48.66,48.41,48.12,47.76,47.38,46.99,46.61,46.11,45.66,45.28,45.01,44.86,44.77,44.69,44.61,44.52,44.48,44.44,44.40,44.40,44.38,44.34,44.27,44.20,44.20,44.14,44.10,44.08,44.02,44.00,43.95,43.90,43.89,43.82,43.80,43.77,43.70,43.70,43.63,43.57,43.50,43.42,43.35,43.28,43.22,43.19,43.14,43.06,42.98,42.91,42.84,42.81,42.75,42.68,42.62,42.55,42.47,42.42,42.38,42.31,42.25,42.19,42.11,42.03,41.95,41.91,41.87,41.80,41.74,41.67,41.63,41.62,41.60,41.55,41.51,41.50,41.49,41.44,41.41,41.40,41.39,41.34,41.31,41.27,41.23,41.22,41.16,41.13,41.09,41.03,41.02,40.97,40.92,40.89,40.84,40.81,40.80,40.78,40.73,40.73,40.71,40.71,40.73,40.73,40.73,40.73,40.73,40.73,40.73,40.76,40.80,40.80,40.80,40.75,40.73,40.71,40.64,40.56,40.48,40.41,40.34,40.33,40.27,40.20,40.13,40.12,40.06,39.96,39.78,39.49,39.14,38.76,38.37,37.98,37.54,37.12,36.69,36.23,35.79,35.38,35.08,34.90,34.79,34.77,34.77,34.77,34.77,34.77,34.83,34.88,34.88,34.88,34.88,34.88,34.88,34.88,34.95,34.98,34.98,34.98,34.98,34.98,35.01,35.05,35.07,35.08,35.08,35.08,35.06,35.01,34.98
70.96,71.10,71.25,71.40,71.57,71.73,71.88,72.03,72.19,72.35,72.48,72.53,72.41,72.44,72.45,72.36,72.13,71.74,71.09,70.48,70.11,69.83,69.69,69.56,69.36,69.05,68.68,68.30,67.93,67.59,67.40,67.40,67.42,67.42,67.42,67.42,67.39,67.34,67.34,67.34,67.34,67.34,67.34,67.34,67.34,67.34,67.34,67.34,67.32,67.31,67.21,66.92,66.48,66.01,65.51,64.97,64.44,63.95,63.45,62.93,62.45,61.93,61.39,60.88,60.34,59.55,58.59,57.59,56.59,55.59,54.52,53.50,52.50,51.50,50.51,49.95,49.62,49.39,49.16,49.01,48.91,48.83,48.75,48.62,48.45,48.27,48.04,47.79,47.44,47.05,46.69,46.36,45.92,45.54,45.24,45.02,44.91,44.83,44.75,44.66,44.52,44.45,44.41,44.40,44.39,44.34,44.31,44.27,44.20,44.20,44.14,44.10,44.08,44.01,44.00,43.95,43.90,43.89,43.82,43.80,43.77,43.70,43.70,43.63,43.59,43.56,43.49,43.41,43.33,43.27,43.20,43.19,43.13,43.05,42.97,42.89,42.83,42.76,42.70,42.68,42.61,42.53,42.46,42.39,42.32,42.29,42.25,42.17,42.09,42.02,41.94,41.88,41.80,41.79,41.72,41.69,41.67,41.61,41.59,41.54,41.50,41.50,41.49,41.44,41.41,41.40,41.39,41.33,41.29,41.28,41.28,41.22,41.19,41.16,41.09,41.09,41.03,40.96,40.90,40.89,40.83,40.80,40.80,40.79,40.78,40.74,40.73,40.78,40.79,40.79,40.79,40.79,40.79,40.79,40.79,40.80,40.80,40.80,40.79,40.78,40.77,40.70,40.62,40.55,40.47,40.40,40.39,40.33,40.25,40.19,40.18,40.13,40.05,39.97,39.89,39.62,39.26,38.88,38.49,38.10,37.66,37.20,36.75,36.35,35.90,35.51,35.13,34.78,34.73,34.72,34.71,34.71,34.71,34.77,34.81,34.81,34.81,34.81,34.81,34.81,34.82,34.89,34.91,34.91,34.91,34.91,34.91,34.91,34.94,35.00,35.01,35.01,35.01,35.01,35.00,34.95
71.40,71.55,71.70,71.81,71.97,72.12,72.26,72.38,72.53,72.68,72.84,72.97,73.02,72.98,72.85,72.64,72.40,72.06,71.56,71.05,70.64,70.29,70.09,69.94,69.74,69.42,69.02,68.62,68.21,67.84,67.74,67.78,67.81,67.81,67.81,67.81,67.80,67.77,67.77,67.77,67.77,67.77,67.77,67.77,67.77,67.77,67.76,67.71,67.60,67.43,67.14,66.70,66.21,65.70,65.19,64.65,64.15,63.65,63.15,62.64,62.14,61.60,61.14,60.73,60.23,59.44,58.41,57.37,56.38,55.40,54.38,53.36,52.35,51.36,50.39,49.86,49.54,49.31,49.08,48.88,48.68,48.50,48.38,48.23,48.08,47.89,47.66,47.43,47.10,46.74,46.40,46.20,45.95,45.66,45.37,45.11,44.94,44.84,44.77,44.68,44.57,44.48,44.43,44.39,44.35,44.31,44.27,44.23,44.20,44.16,44.12,44.08,44.04,44.01,43.96,43.93,43.89,43.84,43.81,43.77,43.73,43.70,43.65,43.62,43.58,43.54,43.49,43.42,43.38,43.33,43.25,43.21,43.14,43.08,43.03,42.96,42.89,42.81,42.74,42.70,42.62,42.58,42.52,42.45,42.36,42.32,42.26,42.18,42.11,42.06,42.00,41.92,41.85,41.81,41.74,41.70,41.69,41.66,41.61,41.58,41.55,41.55,41.51,41.48,41.45,41.45,41.41,41.37,41.33,41.30,41.30,41.27,41.23,41.19,41.15,41.11,41.07,41.02,40.95,40.95,40.89,40.86,40.86,40.85,40.81,40.77,40.77,40.80,40.85,40.86,40.86,40.86,40.86,40.86,40.83,40.80,40.79,40.76,40.74,40.74,40.74,40.70,40.67,40.61,40.53,40.47,40.45,40.39,40.32,40.25,40.21,40.17,40.11,40.05,40.03,39.88,39.70,39.44,39.05,38.62,38.17,37.72,37.30,36.88,36.45,36.03,35.59,35.16,34.92,34.74,34.64,34.64,34.65,34.68,34.72,34.74,34.74,34.74,34.74,34.74,34.75,34.78,34.82,34.84,34.84,34.84,34.84,34.84,34.87,34.94,34.95,34.95,34.95,34.95,34.95,34.92
71.81,71.96,72.10,72.19,72.33,72.48,72.61,72.71,72.85,73.01,73.17,73.34,73.53,73.44,73.17,72.86,72.58,72.26,71.90,71.50,71.06,70.69,70.42,70.21,70.02,69.72,69.28,68.87,68.46,68.09,68.07,68.15,68.20,68.21,68.21,68.21,68.21,68.21,68.21,68.21,68.21,68.21,68.21,68.20,68.19,68.17,68.12,67.97,67.72,67.38,66.94,66.41,65.94,65.42,64.88,64.36,63.88,63.36,62.88,62.41,61.90,61.39,61.02,60.68,60.21,59.38,58.27,57.24,56.35,55.48,54.59,53.67,52.70,51.61,50.54,49.89,49.52,49.31,49.08,48.84,48.55,48.29,48.11,47.94,47.77,47.57,47.33,47.12,46.88,46.58,46.32,46.25,46.17,45.95,45.64,45.34,45.05,44.89,44.78,44.70,44.63,44.55,44.47,44.38,44.33,44.30,44.25,44.20,44.19,44.12,44.10,44.06,44.00,43.98,43.92,43.89,43.86,43.80,43.79,43.73,43.70,43.67,43.61,43.59,43.55,43.50,43.48,43.42,43.39,43.36,43.29,43.22,43.15,43.11,43.09,43.01,42.94,42.87,42.79,42.72,42.64,42.61,42.57,42.49,42.42,42.35,42.28,42.20,42.13,42.10,42.05,41.98,41.91,41.83,41.75,41.71,41.71,41.70,41.64,41.61,41.60,41.59,41.53,41.51,41.50,41.49,41.43,41.41,41.36,41.31,41.31,41.30,41.26,41.21,41.19,41.13,41.12,41.08,41.02,41.01,40.95,40.91,40.91,40.89,40.83,40.81,40.81,40.83,40.89,40.91,40.91,40.91,40.90,40.89,40.84,40.80,40.77,40.72,40.69,40.69,40.69,40.69,40.69,40.64,40.58,40.53,40.52,40.46,40.39,40.31,40.23,40.21,40.17,40.12,40.11,40.05,40.01,39.89,39.55,39.15,38.69,38.26,37.85,37.40,37.00,36.56,36.10,35.66,35.25,34.91,34.68,34.61,34.59,34.59,34.62,34.67,34.68,34.69,34.69,34.69,34.69,34.69,34.75,34.79,34.79,34.79,34.79,34.79,34.80,34.88,34.88,34.88,34.88,34.88,34.88,34.88
72.13,72.28,72.42,72.50,72.64,72.80,72.95,73.08,73.18,73.37,73.55,73.71,73.85,73.71,73.40,73.00,72.53,72.15,71.81,71.46,71.06,70.74,70.44,70.19,69.98,69.77,69.34,68.93,68.56,68.29,68.37,68.50,68.61,68.66,68.66,68.66,68.66,68.66,68.66,68.66,68.66,68.66,68.65,68.59,68.53,68.43,68.25,67.87,67.51,67.09,66.64,66.15,65.63,65.14,64.63,64.09,63.57,63.08,62.65,62.26,61.89,61.48,61.14,60.80,60.33,59.51,58.32,57.47,56.98,56.37,55.84,55.29,54.42,52.96,51.38,50.23,49.63,49.50,49.27,48.98,48.68,48.40,48.17,47.91,47.67,47.42,47.16,47.04,46.97,46.89,46.83,46.81,46.74,46.52,46.21,45.88,45.42,45.06,44.84,44.77,44.69,44.61,44.50,44.40,44.38,44.32,44.25,44.20,44.19,44.12,44.10,44.06,43.99,43.93,43.91,43.86,43.81,43.79,43.74,43.71,43.68,43.62,43.60,43.55,43.51,43.48,43.43,43.41,43.36,43.31,43.29,43.22,43.19,43.15,43.09,43.02,42.99,42.94,42.85,42.78,42.70,42.63,42.57,42.50,42.48,42.42,42.33,42.26,42.19,42.12,42.05,41.99,41.97,41.89,41.82,41.78,41.77,41.71,41.69,41.64,41.60,41.60,41.59,41.54,41.50,41.50,41.48,41.43,41.39,41.38,41.37,41.32,41.29,41.26,41.20,41.19,41.18,41.14,41.08,41.07,41.01,40.98,40.96,40.91,40.89,40.88,40.88,40.88,40.90,40.95,40.98,40.97,40.90,40.84,40.81,40.78,40.72,40.70,40.65,40.62,40.62,40.62,40.62,40.61,40.59,40.58,40.58,40.53,40.45,40.37,40.30,40.28,40.24,40.18,40.17,40.11,40.04,39.98,39.88,39.66,39.26,38.81,38.37,37.96,37.52,37.06,36.62,36.22,35.77,35.38,35.01,34.68,34.55,34.52,34.53,34.55,34.61,34.62,34.62,34.62,34.62,34.62,34.68,34.72,34.72,34.72,34.72,34.72,34.75,34.81,34.82,34.82,34.82,34.82,34.82,34.82
72.44,72.60,72.74,72.85,72.97,73.12,73.27,73.42,73.53,73.71,73.89,74.03,74.13,73.97,73.60,73.14,72.63,72.17,71.75,71.36,70.97,70.63,70.29,70.02,69.83,69.66,69.33,68.99,68.70,68.53,68.67,68.83,68.97,69.07,69.13,69.11,69.10,69.10,69.09,69.06,69.01,68.96,68.91,68.80,68.64,68.41,68.09,67.66,67.23,66.78,66.33,65.86,65.35,64.88,64.41,63.93,63.46,63.02,62.62,62.23,61.86,61.48,61.14,60.80,60.37,59.73,58.84,58.29,58.07,57.71,57.38,57.09,56.40,54.81,52.86,51.61,50.60,49.73,49.45,49.16,48.83,48.51,48.24,47.97,47.70,47.44,47.22,47.25,47.31,47.36,47.38,47.34,47.30,47.11,46.83,46.47,45.87,45.34,44.99,44.84,44.75,44.65,44.53,44.44,44.40,44.36,44.29,44.23,44.20,44.15,44.12,44.08,44.03,43.95,43.91,43.87,43.83,43.79,43.76,43.72,43.68,43.64,43.60,43.53,43.50,43.48,43.41,43.40,43.35,43.29,43.25,43.21,43.18,43.13,43.09,43.02,43.00,42.95,42.89,42.84,42.77,42.69,42.61,42.54,42.50,42.44,42.37,42.33,42.25,42.17,42.09,42.03,41.99,41.92,41.87,41.83,41.79,41.75,41.71,41.67,41.64,41.64,41.61,41.57,41.53,41.50,41.50,41.46,41.42,41.40,41.39,41.36,41.32,41.28,41.25,41.24,41.22,41.18,41.14,41.10,41.06,41.02,40.99,40.95,40.95,40.95,40.95,40.95,40.95,40.98,40.98,40.94,40.86,40.81,40.78,40.74,40.70,40.66,40.59,40.55,40.55,40.55,40.55,40.55,40.55,40.56,40.59,40.57,40.51,40.44,40.36,40.31,40.28,40.24,40.20,40.16,40.09,40.05,40.03,39.92,39.68,39.34,38.92,38.49,38.07,37.61,37.17,36.74,36.32,35.89,35.45,35.03,34.77,34.55,34.45,34.47,34.55,34.55,34.55,34.55,34.55,34.55,34.61,34.66,34.66,34.66,34.66,34.66,34.68,34.75,34.76,34.76,34.76,34.76,34.76,34.76
72.75,72.91,73.07,73.21,73.30,73.43,73.59,73.74,73.89,74.05,74.20,74.34,74.39,74.20,73.79,73.28,72.80,72.27,71.74,71.27,70.87,70.47,70.09,69.83,69.67,69.52,69.31,69.09,68.89,68.78,68.96,69.13,69.29,69.45,69.58,69.56,69.52,69.51,69.49,69.42,69.29,69.17,69.07,68.89,68.60,68.22,67.79,67.38,66.94,66.49,66.05,65.60,65.16,64.71,64.29,63.90,63.51,63.13,62.74,62.34,61.91,61.52,61.18,60.84,60.45,60.05,59.59,59.35,59.30,59.13,58.92,58.83,58.37,56.94,54.97,53.93,52.57,50.70,49.77,49.33,48.98,48.63,48.33,48.09,47.80,47.54,47.41,47.59,47.76,47.87,47.92,47.87,47.86,47.71,47.44,47.06,46.37,45.72,45.21,44.91,44.80,44.68,44.56,44.48,44.42,44.40,44.35,44.28,44.21,44.20,44.15,44.11,44.08,44.01,43.94,43.91,43.89,43.82,43.80,43.75,43.71,43.68,43.62,43.54,43.51,43.49,43.42,43.40,43.35,43.28,43.22,43.21,43.15,43.11,43.09,43.02,43.00,42.95,42.90,42.88,42.81,42.74,42.67,42.59,42.52,42.45,42.41,42.38,42.30,42.23,42.16,42.08,42.00,41.93,41.90,41.87,41.81,41.79,41.74,41.70,41.70,41.69,41.63,41.60,41.57,41.52,41.51,41.50,41.46,41.41,41.40,41.40,41.35,41.31,41.30,41.30,41.25,41.20,41.18,41.12,41.11,41.06,41.01,41.01,41.01,41.01,41.00,41.00,41.00,40.99,40.95,40.88,40.81,40.79,40.75,40.70,40.68,40.61,40.54,40.50,40.49,40.49,40.49,40.49,40.49,40.50,40.57,40.59,40.56,40.49,40.42,40.35,40.31,40.29,40.22,40.20,40.15,40.11,40.09,40.02,39.98,39.80,39.43,39.02,38.61,38.17,37.72,37.27,36.87,36.42,35.96,35.52,35.13,34.69,34.46,34.43,34.48,34.49,34.49,34.49,34.49,34.49,34.55,34.59,34.59,34.59,34.59,34.59,34.61,34.67,34.69,34.70,34.70,34.70,34.70,34.70
73.03,73.23,73.39,73.53,73.62,73.75,73.90,74.06,74.21,74.37,74.52,74.65,74.65,74.38,73.95,73.45,72.93,72.40,71.85,71.36,70.91,70.42,70.06,69.79,69.61,69.51,69.44,69.33,69.19,69.08,69.18,69.37,69.58,69.77,69.92,69.93,69.85,69.76,69.70,69.58,69.43,69.29,69.11,68.75,68.35,67.94,67.52,67.08,66.67,66.29,65.94,65.59,65.28,64.94,64.57,64.19,63.85,63.48,63.13,62.77,62.37,62.03,61.67,61.30,60.93,60.59,60.33,60.18,60.11,60.02,59.94,59.92,59.73,59.15,58.46,58.07,57.10,54.75,50.59,49.42,49.08,48.75,48.45,48.21,47.93,47.73,47.76,47.97,48.15,48.28,48.39,48.42,48.42,48.28,47.99,47.55,47.01,46.29,45.55,44.98,44.82,44.71,44.63,44.55,44.47,44.41,44.39,44.34,44.28,44.27,44.20,44.14,44.09,44.07,44.00,43.97,43.95,43.88,43.87,43.81,43.75,43.70,43.67,43.60,43.57,43.55,43.47,43.41,43.39,43.34,43.28,43.27,43.21,43.14,43.09,43.07,43.02,42.95,42.90,42.89,42.82,42.78,42.73,42.66,42.58,42.50,42.44,42.38,42.31,42.28,42.22,42.14,42.06,41.98,41.93,41.89,41.86,41.80,41.78,41.74,41.70,41.70,41.67,41.63,41.59,41.57,41.57,41.52,41.49,41.45,41.41,41.40,41.39,41.35,41.30,41.30,41.28,41.24,41.20,41.17,41.17,41.13,41.07,41.07,41.07,41.07,41.05,41.00,41.00,40.96,40.89,40.83,40.80,40.75,40.71,40.68,40.62,40.55,40.51,40.48,40.43,40.43,40.43,40.43,40.43,40.44,40.50,40.53,40.52,40.50,40.47,40.41,40.37,40.35,40.28,40.22,40.19,40.17,40.16,40.08,40.03,39.95,39.80,39.54,39.14,38.69,38.24,37.83,37.39,36.93,36.49,36.08,35.64,35.13,34.72,34.47,34.44,34.43,34.43,34.43,34.43,34.43,34.49,34.53,34.53,34.53,34.53,34.53,34.54,34.56,34.61,34.63,34.63,34.63,34.63,34.63
73.28,73.55,73.70,73.85,73.94,74.07,74.22,74.38,74.53,74.68,74.84,74.95,74.91,74.54,74.09,73.60,73.06,72.53,72.00,71.49,71.00,70.47,70.13,69.90,69.75,69.70,69.67,69.61,69.52,69.41,69.42,69.61,69.83,70.03,70.20,70.23,70.14,69.99,69.86,69.71,69.50,69.27,69.02,68.63,68.23,67.84,67.47,67.07,66.72,66.40,66.09,65.79,65.53,65.25,64.93,64.58,64.27,63.92,63.59,63.25,62.88,62.56,62.20,61.82,61.47,61.16,60.99,60.88,60.78,60.70,60.67,60.65,60.58,60.43,60.35,60.27,59.71,57.39,51.13,49.52,49.17,48.85,48.57,48.31,48.07,47.97,48.10,48.31,48.51,48.67,48.82,48.92,48.96,48.85,48.58,48.14,47.63,46.91,46.02,45.18,44.88,44.74,44.66,44.59,44.53,44.45,44.44,44.41,44.34,44.31,44.26,44.20,44.13,44.13,44.06,44.03,44.00,43.94,43.91,43.86,43.80,43.74,43.73,43.66,43.62,43.59,43.53,43.45,43.44,43.41,43.34,43.31,43.26,43.20,43.13,43.10,43.05,42.98,42.94,42.93,42.88,42.87,42.82,42.72,42.64,42.56,42.49,42.42,42.34,42.31,42.25,42.18,42.13,42.05,41.97,41.92,41.89,41.84,41.81,41.77,41.73,41.73,41.71,41.66,41.62,41.60,41.60,41.56,41.52,41.49,41.44,41.44,41.41,41.38,41.34,41.34,41.31,41.27,41.23,41.20,41.20,41.17,41.13,41.10,41.10,41.08,41.04,41.00,40.97,40.91,40.84,40.79,40.77,40.72,40.68,40.64,40.57,40.51,40.48,40.44,40.39,40.37,40.37,40.37,40.37,40.37,40.42,40.45,40.47,40.47,40.47,40.45,40.42,40.39,40.33,40.26,40.23,40.23,40.20,40.15,40.08,40.03,40.01,39.90,39.60,39.21,38.78,38.36,37.93,37.47,37.03,36.61,36.14,35.62,35.12,34.72,34.49,34.39,34.37,34.37,34.37,34.37,34.42,34.47,34.47,34.47,34.47,34.47,34.47,34.47,34.55,34.56,34.56,34.56,34.56,34.56
73.48,73.85,74.02,74.17,74.26,74.39,74.55,74.69,74.85,75.00,75.16,75.26,75.15,74.71,74.22,73.73,73.19,72.65,72.16,71.66,71.13,70.60,70.31,70.16,70.09,70.07,70.03,69.95,69.88,69.79,69.73,69.88,70.07,70.25,70.45,70.48,70.38,70.20,69.99,69.83,69.53,69.17,68.83,68.57,68.27,67.95,67.64,67.32,67.06,66.78,66.47,66.16,65.86,65.61,65.33,65.02,64.70,64.39,64.08,63.76,63.38,63.06,62.70,62.34,62.03,61.73,61.60,61.48,61.35,61.27,61.18,61.10,60.99,60.82,60.62,60.50,60.26,58.37,51.55,49.71,49.28,48.94,48.69,48.40,48.25,48.25,48.42,48.63,48.86,49.05,49.23,49.46,49.64,49.63,49.39,48.89,48.24,47.51,46.55,45.48,44.98,44.77,44.66,44.60,44.59,44.52,44.49,44.47,44.39,44.32,44.30,44.25,44.20,44.19,44.13,44.09,44.06,44.00,43.92,43.90,43.86,43.80,43.79,43.73,43.66,43.60,43.59,43.52,43.49,43.46,43.39,43.32,43.30,43.25,43.18,43.12,43.10,43.05,43.00,42.99,42.99,42.98,42.93,42.80,42.71,42.64,42.56,42.48,42.40,42.33,42.26,42.20,42.18,42.11,42.03,41.96,41.91,41.89,41.83,41.80,41.79,41.78,41.72,41.70,41.66,41.61,41.61,41.59,41.55,41.50,41.49,41.49,41.45,41.40,41.39,41.39,41.34,41.30,41.27,41.21,41.20,41.19,41.16,41.11,41.09,41.05,41.01,40.98,40.91,40.84,40.80,40.78,40.72,40.70,40.65,40.58,40.51,40.50,40.45,40.41,40.38,40.32,40.30,40.30,40.30,40.30,40.31,40.36,40.41,40.41,40.41,40.45,40.45,40.40,40.39,40.32,40.30,40.27,40.21,40.20,40.14,40.10,40.09,40.07,39.98,39.71,39.31,38.88,38.48,38.04,37.58,37.12,36.65,36.13,35.63,35.16,34.69,34.42,34.32,34.30,34.30,34.30,34.36,34.41,34.41,34.41,34.41,34.41,34.41,34.42,34.48,34.51,34.51,34.51,34.51,34.51
73.58,74.04,74.34,74.48,74.62,74.76,74.91,75.06,75.17,75.32,75.47,75.55,75.32,74.88,74.38,73.85,73.32,72.83,72.32,71.80,71.26,70.78,70.60,70.52,70.45,70.46,70.52,70.49,70.41,70.33,70.21,70.29,70.43,70.60,70.81,70.70,70.50,70.29,70.06,69.86,69.56,69.24,68.95,68.72,68.46,68.20,67.92,67.63,67.38,67.13,66.85,66.54,66.23,65.98,65.72,65.41,65.09,64.79,64.51,64.22,63.89,63.57,63.21,62.85,62.55,62.30,62.17,62.06,61.92,61.83,61.59,61.36,61.14,60.90,60.70,60.53,60.32,58.87,53.33,50.54,49.46,49.10,48.82,48.52,48.49,48.62,48.78,48.96,49.18,49.40,49.79,50.77,51.84,52.02,51.38,50.18,49.00,47.84,46.60,45.46,44.98,44.81,44.72,44.66,44.65,44.58,44.56,44.53,44.45,44.38,44.36,44.32,44.26,44.25,44.19,44.13,44.09,44.05,43.98,43.96,43.92,43.85,43.81,43.77,43.72,43.66,43.65,43.58,43.53,43.49,43.45,43.38,43.36,43.32,43.26,43.22,43.18,43.14,43.11,43.06,43.06,43.06,43.03,42.96,42.84,42.76,42.68,42.59,42.47,42.39,42.31,42.24,42.19,42.12,42.08,42.03,41.95,41.91,41.87,41.83,41.80,41.80,41.77,41.73,41.69,41.66,41.66,41.62,41.59,41.55,41.51,41.50,41.48,41.44,41.41,41.40,41.34,41.30,41.28,41.22,41.20,41.17,41.13,41.09,41.05,41.02,40.98,40.93,40.86,40.81,40.77,40.73,40.70,40.66,40.59,40.53,40.49,40.45,40.41,40.38,40.33,40.25,40.24,40.24,40.24,40.24,40.24,40.30,40.34,40.34,40.34,40.37,40.39,40.40,40.40,40.37,40.36,40.33,40.27,40.26,40.24,40.20,40.16,40.16,40.09,39.94,39.72,39.42,39.01,38.55,38.09,37.63,37.16,36.63,36.13,35.65,35.13,34.73,34.42,34.24,34.24,34.24,34.30,34.34,34.34,34.34,34.34,34.34,34.35,34.40,34.43,34.44,34.44,34.44,34.44,34.44
73.64,74.19,74.61,74.80,74.96,75.12,75.27,75.39,75.50,75.64,75.79,75.83,75.50,75.04,74.53,73.99,73.47,72.98,72.47,71.95,71.43,71.02,70.92,70.89,70.86,70.90,71.03,71.03,70.96,70.89,70.76,70.78,70.87,70.99,71.02,70.78,70.49,70.23,69.98,69.74,69.46,69.18,68.94,68.70,68.47,68.24,67.99,67.71,67.47,67.22,66.96,66.67,66.36,66.12,65.87,65.58,65.29,65.02,64.76,64.52,64.23,63.95,63.63,63.30,63.01,62.75,62.56,62.37,62.18,62.02,61.70,61.36,61.04,60.79,60.62,60.42,60.03,58.68,54.65,51.32,49.71,49.28,48.97,48.68,48.74,48.93,49.11,49.28,49.63,50.32,51.54,53.48,55.00,55.15,54.12,52.27,50.48,48.72,47.00,45.56,45.00,44.83,44.77,44.72,44.70,44.64,44.63,44.59,44.52,44.44,44.41,44.37,44.32,44.30,44.25,44.17,44.13,44.12,44.04,44.01,43.98,43.91,43.84,43.83,43.78,43.72,43.70,43.64,43.57,43.52,43.51,43.44,43.42,43.39,43.33,43.32,43.25,43.23,43.21,43.15,43.15,43.15,43.15,43.12,42.99,42.89,42.80,42.71,42.58,42.48,42.39,42.32,42.24,42.15,42.11,42.06,41.99,41.93,41.91,41.86,41.82,41.80,41.80,41.76,41.71,41.70,41.70,41.63,41.60,41.58,41.51,41.50,41.49,41.46,41.40,41.38,41.33,41.29,41.26,41.21,41.19,41.14,41.09,41.07,41.02,40.99,40.94,40.87,40.81,40.79,40.75,40.70,40.67,40.61,40.54,40.49,40.47,40.41,40.38,40.34,40.27,40.21,40.19,40.17,40.17,40.17,40.17,40.22,40.26,40.27,40.27,40.27,40.31,40.38,40.38,40.40,40.40,40.37,40.30,40.30,40.30,40.27,40.22,40.20,40.15,40.09,40.00,39.82,39.49,39.07,38.61,38.13,37.67,37.14,36.64,36.16,35.64,35.16,34.67,34.30,34.21,34.18,34.23,34.27,34.27,34.27,34.27,34.27,34.30,34.36,34.38,34.38,34.38,34.38,34.38,34.38
73.74,74.31,74.83,75.10,75.28,75.43,75.56,75.66,75.80,75.95,76.11,76.13,75.70,75.19,74.65,74.13,73.65,73.13,72.64,72.14,71.65,71.37,71.26,71.27,71.32,71.40,71.54,71.54,71.49,71.46,71.38,71.37,71.41,71.39,70.99,70.65,70.31,69.97,69.67,69.37,69.11,68.84,68.56,68.33,68.09,67.86,67.62,67.38,67.15,66.87,66.59,66.34,66.04,65.84,65.64,65.39,65.15,64.97,64.76,64.52,64.29,64.10,63.87,63.62,63.35,63.00,62.60,62.22,61.89,61.61,61.30,60.94,60.63,60.45,60.29,60.13,59.30,57.44,54.68,51.75,50.07,49.47,49.17,48.92,48.96,49.14,49.37,49.60,50.32,52.28,55.33,58.31,59.23,58.90,57.67,55.54,53.18,50.69,48.19,46.04,45.09,44.84,44.79,44.77,44.70,44.69,44.69,44.66,44.58,44.50,44.43,44.39,44.37,44.31,44.29,44.24,44.19,44.17,44.10,44.04,43.99,43.97,43.90,43.88,43.84,43.77,43.71,43.69,43.64,43.59,43.57,43.50,43.48,43.45,43.39,43.38,43.31,43.28,43.28,43.27,43.27,43.27,43.27,43.25,43.17,43.04,42.93,42.85,42.76,42.62,42.52,42.45,42.36,42.22,42.13,42.06,42.00,41.98,41.93,41.89,41.87,41.81,41.80,41.79,41.76,41.70,41.70,41.63,41.60,41.58,41.51,41.50,41.46,41.41,41.39,41.33,41.31,41.27,41.21,41.20,41.14,41.11,41.08,41.02,41.00,40.95,40.89,40.82,40.80,40.75,40.71,40.68,40.61,40.55,40.51,40.48,40.42,40.40,40.35,40.28,40.22,40.20,40.14,40.12,40.12,40.12,40.12,40.12,40.16,40.21,40.22,40.22,40.25,40.31,40.32,40.38,40.40,40.37,40.30,40.30,40.30,40.30,40.27,40.21,40.19,40.18,40.13,39.98,39.90,39.61,39.16,38.65,38.17,37.66,37.15,36.69,36.20,35.68,35.11,34.58,34.23,34.13,34.17,34.22,34.22,34.22,34.22,34.22,34.23,34.30,34.31,34.31,34.31,34.31,34.31,34.31
74.08,74.57,75.04,75.41,75.60,75.75,75.88,75.97,76.11,76.27,76.38,76.34,75.85,75.32,74.80,74.30,73.80,73.29,72.79,72.29,71.86,71.72,71.70,71.74,71.83,71.94,72.02,72.03,72.00,72.00,71.95,71.89,71.76,71.49,70.97,70.49,70.09,69.74,69.36,69.00,68.74,68.49,68.23,67.99,67.73,67.48,67.24,66.97,66.73,66.45,66.16,65.89,65.62,65.43,65.24,65.01,64.79,64.62,64.42,64.18,63.96,63.76,63.54,63.29,63.00,62.62,62.17,61.75,61.39,61.12,60.81,60.50,60.17,59.79,59.40,59.02,58.09,56.33,53.97,51.51,50.14,49.67,49.41,49.21,49.17,49.29,49.54,49.90,51.85,54.87,58.10,60.00,60.62,60.38,59.56,58.12,56.05,53.14,50.06,47.35,45.70,45.03,44.85,44.83,44.76,44.75,44.75,44.72,44.64,44.56,44.52,44.48,44.44,44.36,44.35,44.31,44.24,44.20,44.16,44.09,44.05,44.03,43.96,43.92,43.88,43.83,43.76,43.75,43.70,43.65,43.64,43.57,43.55,43.53,43.49,43.45,43.41,43.38,43.35,43.35,43.39,43.40,43.40,43.39,43.31,43.17,43.06,42.98,42.90,42.75,42.65,42.57,42.48,42.34,42.24,42.16,42.09,42.01,41.96,41.92,41.89,41.85,41.81,41.80,41.77,41.70,41.70,41.63,41.60,41.58,41.51,41.50,41.45,41.40,41.39,41.32,41.30,41.26,41.19,41.16,41.12,41.08,41.04,41.00,40.96,40.92,40.87,40.80,40.76,40.72,40.68,40.64,40.60,40.53,40.47,40.44,40.39,40.36,40.29,40.23,40.19,40.16,40.12,40.08,40.05,40.05,40.05,40.05,40.08,40.14,40.15,40.18,40.22,40.26,40.30,40.34,40.35,40.34,40.30,40.30,40.30,40.28,40.24,40.21,40.20,40.20,40.16,40.06,40.05,39.89,39.61,39.23,38.74,38.24,37.75,37.28,36.77,36.17,35.48,34.84,34.41,34.16,34.13,34.15,34.15,34.15,34.15,34.17,34.21,34.24,34.25,34.25,34.25,34.25,34.25,34.25
74.51,74.89,75.29,75.71,75.91,76.07,76.19,76.28,76.43,76.58,76.66,76.52,76.00,75.46,74.96,74.47,73.95,73.46,72.95,72.46,72.11,72.09,72.17,72.25,72.34,72.48,72.50,72.50,72.50,72.50,72.48,72.30,71.95,71.48,70.95,70.34,69.88,69.51,69.06,68.64,68.36,68.13,67.89,67.65,67.36,67.09,66.84,66.53,66.29,66.01,65.70,65.41,65.17,64.98,64.79,64.57,64.34,64.16,63.96,63.72,63.48,63.25,63.02,62.75,62.44,62.05,61.60,61.19,60.84,60.58,60.25,59.92,59.49,58.82,58.19,57.56,56.63,55.14,53.02,51.22,50.33,50.05,49.72,49.51,49.40,49.44,49.79,50.77,53.99,57.55,60.18,60.70,61.16,61.12,60.73,60.09,58.58,55.48,51.94,48.73,46.51,45.38,44.97,44.91,44.83,44.81,44.81,44.78,44.71,44.64,44.62,44.58,44.50,44.42,44.41,44.36,44.28,44.23,44.21,44.16,44.11,44.09,44.02,43.96,43.92,43.90,43.84,43.82,43.77,43.73,43.70,43.64,43.62,43.62,43.59,43.53,43.51,43.47,43.43,43.44,43.49,43.51,43.51,43.50,43.44,43.30,43.19,43.11,43.02,42.89,42.78,42.70,42.61,42.47,42.37,42.29,42.20,42.06,42.02,41.97,41.91,41.89,41.82,41.79,41.76,41.70,41.69,41.63,41.59,41.57,41.51,41.49,41.44,41.40,41.38,41.32,41.29,41.25,41.18,41.11,41.09,41.05,41.00,40.98,40.92,40.89,40.86,40.78,40.71,40.69,40.65,40.60,40.58,40.52,40.44,40.40,40.38,40.32,40.24,40.19,40.17,40.11,40.09,40.04,39.97,39.93,39.92,39.95,40.01,40.08,40.09,40.15,40.19,40.20,40.27,40.29,40.29,40.30,40.30,40.30,40.30,40.26,40.20,40.20,40.20,40.19,40.17,40.11,40.10,40.05,39.95,39.74,39.30,38.84,38.38,37.88,37.30,36.59,35.79,35.08,34.64,34.27,34.13,34.09,34.09,34.09,34.09,34.13,34.19,34.19,34.19,34.19,34.19,34.19,34.19,34.19
74.91,75.27,75.66,76.03,76.23,76.38,76.51,76.60,76.75,76.90,76.93,76.72,76.19,75.65,75.12,74.61,74.12,73.60,73.11,72.71,72.49,72.53,72.65,72.75,72.85,72.99,73.02,73.02,73.02,73.00,72.88,72.42,71.88,71.38,70.93,70.25,69.70,69.26,68.79,68.29,67.97,67.75,67.50,67.22,66.96,66.69,66.39,66.09,65.85,65.56,65.26,64.96,64.72,64.50,64.31,64.13,63.89,63.68,63.45,63.20,62.92,62.68,62.45,62.19,61.87,61.48,61.03,60.64,60.31,59.95,59.48,58.90,58.14,57.21,56.50,55.83,54.89,53.56,52.03,51.39,51.21,50.97,50.21,49.81,49.66,49.67,50.41,53.58,57.27,59.85,61.04,61.36,61.79,61.70,61.26,60.73,59.89,56.96,53.13,49.46,47.44,46.01,45.27,45.02,44.89,44.88,44.88,44.84,44.78,44.76,44.71,44.64,44.56,44.49,44.48,44.43,44.35,44.28,44.27,44.22,44.15,44.10,44.08,44.06,44.02,43.97,43.95,43.90,43.86,43.83,43.78,43.76,43.71,43.67,43.66,43.59,43.58,43.57,43.55,43.55,43.57,43.58,43.58,43.57,43.55,43.47,43.35,43.23,43.16,43.06,42.94,42.83,42.74,42.65,42.52,42.41,42.34,42.24,42.12,42.03,41.96,41.90,41.82,41.76,41.72,41.69,41.64,41.61,41.57,41.52,41.50,41.44,41.41,41.38,41.33,41.30,41.25,41.19,41.12,41.10,41.05,41.01,40.98,40.93,40.91,40.86,40.79,40.73,40.70,40.65,40.62,40.59,40.52,40.45,40.41,40.38,40.33,40.30,40.24,40.17,40.12,40.10,40.05,39.97,39.85,39.65,39.62,39.74,39.90,40.02,40.03,40.08,40.13,40.14,40.21,40.23,40.26,40.30,40.30,40.30,40.30,40.26,40.20,40.20,40.20,40.17,40.12,40.10,40.10,40.09,40.04,39.94,39.80,39.41,38.95,38.42,37.69,36.84,35.99,35.29,34.90,34.56,34.26,34.07,34.02,34.02,34.02,34.06,34.13,34.13,34.13,34.13,34.13,34.13,34.13,34.13
75.24,75.61,75.99,76.32,76.53,76.70,76.83,76.92,77.06,77.22,77.19,76.91,76.38,75.84,75.30,74.77,74.28,73.77,73.31,73.01,72.94,73.04,73.16,73.28,73.39,73.50,73.52,73.52,73.49,73.35,73.03,72.43,71.79,71.25,70.78,70.22,69.67,69.16,68.67,68.21,67.94,67.70,67.40,67.06,66.76,66.44,66.11,65.80,65.51,65.18,64.84,64.52,64.28,64.05,63.82,63.60,63.37,63.14,62.89,62.62,62.35,62.11,61.86,61.59,61.29,60.88,60.43,59.96,59.50,59.01,58.48,57.77,56.86,55.79,54.91,54.27,53.65,52.97,52.34,52.37,52.47,52.27,51.52,50.85,50.86,51.65,53.51,56.80,59.56,61.21,61.88,62.20,62.41,62.11,61.53,60.94,60.32,57.44,53.51,49.78,48.05,46.61,45.75,45.38,45.23,45.13,45.04,44.94,44.85,44.84,44.78,44.70,44.63,44.55,44.54,44.50,44.41,44.35,44.34,44.28,44.22,44.18,44.18,44.16,44.12,44.07,44.04,43.99,43.96,43.92,43.88,43.84,43.80,43.76,43.73,43.69,43.68,43.68,43.68,43.68,43.68,43.68,43.68,43.68,43.67,43.61,43.51,43.39,43.29,43.20,43.09,42.98,42.88,42.80,42.69,42.57,42.46,42.39,42.27,42.15,42.05,41.98,41.87,41.78,41.73,41.69,41.62,41.57,41.54,41.49,41.46,41.41,41.38,41.34,41.30,41.26,41.23,41.16,41.09,41.06,41.02,40.98,40.95,40.90,40.87,40.83,40.77,40.70,40.66,40.62,40.59,40.55,40.50,40.43,40.38,40.34,40.30,40.26,40.23,40.16,40.11,40.09,40.03,39.94,39.76,39.46,39.39,39.57,39.80,39.95,39.99,40.04,40.08,40.11,40.16,40.19,40.23,40.26,40.27,40.29,40.28,40.24,40.20,40.20,40.20,40.16,40.10,40.10,40.10,40.08,40.04,40.00,39.99,39.77,39.38,38.81,37.97,37.05,36.20,35.54,35.18,34.84,34.47,34.17,34.00,33.96,33.96,34.00,34.06,34.06,34.06,34.06,34.06,34.06,34.06,34.06
75.54,75.92,76.29,76.59,76.85,77.02,77.14,77.23,77.38,77.53,77.47,77.11,76.58,76.04,75.50,74.96,74.43,73.95,73.56,73.38,73.45,73.59,73.69,73.81,73.94,74.02,74.03,74.01,73.91,73.60,73.03,72.37,71.71,71.11,70.58,70.19,69.71,69.16,68.67,68.35,68.15,67.90,67.53,67.14,66.78,66.40,66.03,65.71,65.34,64.95,64.55,64.17,63.91,63.66,63.38,63.08,62.84,62.60,62.32,62.04,61.80,61.55,61.27,60.99,60.71,60.25,59.79,59.20,58.53,57.91,57.34,56.59,55.69,54.69,53.77,53.30,53.14,53.23,53.48,53.82,54.01,53.92,53.44,52.72,53.07,54.80,57.71,59.91,61.19,62.08,62.75,63.09,62.91,62.32,61.57,60.83,60.09,57.10,53.24,49.79,48.41,47.16,46.34,45.94,45.76,45.56,45.34,45.15,45.01,44.91,44.83,44.76,44.69,44.62,44.60,44.55,44.48,44.42,44.41,44.35,44.31,44.31,44.29,44.24,44.20,44.18,44.12,44.10,44.05,44.00,43.99,43.92,43.90,43.86,43.80,43.80,43.80,43.80,43.80,43.80,43.80,43.80,43.80,43.80,43.80,43.74,43.66,43.56,43.43,43.34,43.26,43.15,43.02,42.92,42.84,42.73,42.60,42.52,42.43,42.31,42.18,42.10,41.96,41.86,41.78,41.71,41.63,41.55,41.50,41.47,41.41,41.40,41.35,41.30,41.28,41.22,41.20,41.16,41.09,41.02,40.99,40.95,40.90,40.88,40.82,40.80,40.76,40.69,40.62,40.59,40.55,40.50,40.48,40.43,40.35,40.30,40.29,40.23,40.20,40.16,40.11,40.09,40.03,39.91,39.70,39.39,39.28,39.45,39.70,39.89,39.97,40.00,40.04,40.09,40.11,40.16,40.19,40.20,40.22,40.27,40.24,40.20,40.20,40.20,40.20,40.16,40.10,40.10,40.10,40.05,40.00,40.00,40.00,39.98,39.66,39.01,38.10,37.20,36.40,35.80,35.47,35.10,34.72,34.34,34.03,33.94,33.91,33.95,33.99,33.99,33.99,33.99,33.99,33.99,33.99,33.99
75.86,76.24,76.61,76.92,77.20,77.37,77.46,77.55,77.70,77.85,77.76,77.36,76.83,76.28,75.75,75.21,74.67,74.15,73.91,73.87,73.96,74.10,74.19,74.31,74.46,74.58,74.55,74.43,74.16,73.64,72.99,72.34,71.69,71.03,70.45,70.00,69.62,69.25,68.91,68.76,68.63,68.38,67.99,67.60,67.26,66.90,66.52,66.16,65.77,65.32,64.81,64.29,63.89,63.55,63.18,62.79,62.50,62.22,61.92,61.62,61.34,61.05,60.75,60.45,60.13,59.63,59.12,58.45,57.66,56.90,56.24,55.40,54.71,54.55,54.53,54.63,54.72,54.80,54.98,55.34,55.93,56.31,55.94,56.62,57.50,58.68,60.26,61.51,62.41,63.14,63.67,63.64,62.85,61.98,61.21,60.42,59.02,55.61,52.05,49.49,48.34,47.52,47.04,46.76,46.52,46.32,46.11,45.88,45.61,45.04,44.84,44.79,44.75,44.67,44.62,44.59,44.56,44.53,44.48,44.45,44.43,44.42,44.38,44.34,44.30,44.25,44.17,44.16,44.11,44.06,44.05,43.98,43.96,43.92,43.87,43.87,43.87,43.87,43.87,43.87,43.87,43.90,43.93,43.93,43.93,43.87,43.79,43.70,43.60,43.48,43.38,43.30,43.19,43.06,42.97,42.88,42.77,42.65,42.56,42.44,42.31,42.23,42.13,42.01,41.90,41.82,41.74,41.62,41.51,41.43,41.40,41.35,41.31,41.28,41.23,41.21,41.16,41.12,41.09,41.01,40.96,40.92,40.89,40.84,40.81,40.76,40.72,40.69,40.61,40.56,40.52,40.49,40.44,40.41,40.35,40.30,40.29,40.22,40.20,40.16,40.11,40.09,40.03,39.91,39.74,39.58,39.49,39.54,39.65,39.77,39.85,39.95,40.01,40.04,40.04,40.11,40.13,40.15,40.20,40.23,40.21,40.20,40.20,40.20,40.20,40.16,40.10,40.10,40.10,40.05,40.00,40.00,40.00,40.00,39.59,38.77,37.90,37.11,36.50,36.04,35.68,35.30,34.95,34.59,34.23,34.00,33.92,33.91,33.94,33.94,33.94,33.94,33.94,33.94,33.94,33.94
76.17,76.56,76.92,77.23,77.55,77.70,77.78,77.89,78.02,78.15,78.03,77.59,77.05,76.51,75.97,75.42,74.87,74.41,74.33,74.40,74.49,74.62,74.72,74.84,74.98,75.10,75.00,74.71,74.25,73.62,72.96,72.34,71.71,71.06,70.44,69.93,69.63,69.45,69.24,69.21,69.12,68.88,68.50,68.14,67.80,67.44,67.03,66.55,66.09,65.57,64.98,64.39,63.92,63.50,63.10,62.68,62.34,62.01,61.68,61.34,61.02,60.70,60.41,60.08,59.64,59.07,58.45,57.73,56.93,56.10,55.61,55.06,54.77,55.18,55.79,56.31,56.59,56.63,56.66,56.96,57.73,58.48,58.50,59.71,60.67,61.38,62.03,62.79,63.56,64.17,64.40,63.83,62.64,61.57,60.65,59.51,57.38,53.82,50.82,49.25,48.49,48.07,47.82,47.61,47.34,47.15,46.93,46.64,46.14,45.23,44.90,44.82,44.79,44.76,44.71,44.69,44.68,44.65,44.58,44.56,44.55,44.52,44.47,44.44,44.39,44.31,44.26,44.24,44.20,44.15,44.12,44.07,44.04,44.00,43.95,43.94,43.95,43.96,43.96,43.96,43.96,44.00,44.03,44.03,44.03,43.98,43.92,43.84,43.75,43.61,43.51,43.43,43.34,43.22,43.11,43.02,42.93,42.78,42.69,42.58,42.46,42.36,42.28,42.17,42.05,41.95,41.84,41.70,41.53,41.39,41.37,41.32,41.30,41.27,41.20,41.20,41.14,41.10,41.09,41.01,40.95,40.92,40.88,40.81,40.80,40.74,40.70,40.69,40.61,40.55,40.52,40.48,40.41,40.40,40.35,40.29,40.27,40.21,40.18,40.14,40.09,40.07,40.02,39.91,39.78,39.70,39.62,39.62,39.67,39.74,39.81,39.92,39.98,40.00,40.00,40.05,40.09,40.12,40.16,40.17,40.19,40.20,40.20,40.20,40.18,40.14,40.10,40.10,40.08,40.03,40.00,39.97,39.82,39.67,39.21,38.46,37.76,37.13,36.67,36.29,35.90,35.51,35.17,34.82,34.47,34.17,33.97,33.89,33.87,33.87,33.87,33.87,33.87,33.87,33.87,33.87
76.49,76.88,77.24,77.55,77.87,78.02,78.12,78.26,78.35,78.43,78.25,77.78,77.24,76.70,76.16,75.59,75.03,74.75,74.82,74.97,75.05,75.14,75.27,75.38,75.48,75.58,75.35,74.84,74.20,73.59,72.96,72.39,71.80,71.18,70.57,70.03,69.81,69.76,69.68,69.67,69.60,69.40,69.02,68.69,68.30,67.91,67.45,66.80,66.20,65.59,64.98,64.39,63.92,63.51,63.12,62.73,62.35,61.98,61.60,61.22,60.85,60.52,60.26,59.87,59.26,58.59,57.81,57.09,56.40,55.64,55.62,55.73,55.96,56.53,57.31,58.02,58.45,58.55,58.45,58.68,59.37,60.28,61.01,61.58,62.14,62.67,63.20,63.93,64.70,65.12,64.87,63.63,62.31,61.15,59.90,58.10,55.31,52.03,49.87,49.29,49.09,48.95,48.74,48.47,48.22,47.99,47.75,47.31,46.53,45.52,45.05,44.87,44.83,44.91,44.92,44.92,44.89,44.81,44.71,44.69,44.65,44.60,44.58,44.52,44.45,44.40,44.38,44.32,44.29,44.26,44.20,44.18,44.13,44.09,44.07,44.02,44.06,44.09,44.09,44.09,44.09,44.09,44.10,44.10,44.10,44.09,44.05,43.97,43.88,43.74,43.63,43.56,43.48,43.39,43.26,43.15,43.06,42.91,42.82,42.73,42.63,42.50,42.41,42.32,42.21,42.06,41.91,41.76,41.57,41.38,41.32,41.30,41.29,41.27,41.20,41.20,41.14,41.10,41.08,41.02,40.99,40.95,40.88,40.81,40.80,40.74,40.70,40.69,40.62,40.59,40.55,40.48,40.41,40.40,40.35,40.27,40.22,40.20,40.15,40.10,40.08,40.02,39.99,39.90,39.77,39.70,39.62,39.65,39.71,39.80,39.86,39.90,39.94,40.00,40.00,40.01,40.05,40.10,40.11,40.11,40.16,40.20,40.20,40.20,40.14,40.11,40.10,40.09,40.03,40.00,40.00,39.92,39.49,39.06,38.63,38.18,37.75,37.32,36.92,36.53,36.15,35.77,35.39,35.04,34.72,34.40,34.06,33.87,33.81,33.80,33.80,33.80,33.80,33.80,33.80,33.80
76.83,77.17,77.51,77.86,78.22,78.36,78.44,78.58,78.67,78.71,78.48,77.97,77.43,76.89,76.32,75.73,75.20,75.19,75.38,75.54,75.62,75.70,75.84,75.95,76.00,75.94,75.53,74.94,74.30,73.67,73.06,72.47,71.89,71.33,70.80,70.37,70.22,70.26,70.27,70.27,70.19,69.95,69.56,69.12,68.58,68.04,67.48,66.80,66.17,65.55,64.94,64.40,63.96,63.56,63.18,62.79,62.41,62.02,61.63,61.25,60.86,60.46,60.09,59.59,58.89,58.19,57.44,56.82,56.42,56.32,56.56,56.85,57.23,57.86,58.68,59.54,60.15,60.32,60.14,60.38,61.14,62.16,63.01,63.39,63.74,64.11,64.53,65.11,65.84,65.81,64.84,63.30,61.87,60.56,59.04,56.88,54.13,51.86,50.84,51.06,50.99,50.84,50.30,49.55,49.13,48.87,48.48,47.84,46.89,45.91,45.28,45.00,45.05,45.37,45.57,45.61,45.50,45.23,44.91,44.78,44.74,44.71,44.66,44.59,44.54,44.50,44.46,44.43,44.38,44.34,44.31,44.27,44.20,44.16,44.15,44.12,44.14,44.16,44.16,44.16,44.20,44.22,44.22,44.22,44.22,44.22,44.17,44.09,44.01,43.91,43.79,43.69,43.61,43.53,43.39,43.27,43.19,43.08,42.96,42.87,42.78,42.67,42.55,42.43,42.29,42.13,41.94,41.77,41.58,41.38,41.30,41.26,41.24,41.23,41.20,41.15,41.12,41.08,41.04,41.01,41.00,40.95,40.89,40.86,40.81,40.74,40.70,40.69,40.62,40.60,40.56,40.49,40.45,40.41,40.35,40.29,40.25,40.21,40.14,40.08,40.04,40.00,39.88,39.77,39.67,39.64,39.61,39.62,39.67,39.75,39.78,39.82,39.89,39.95,39.99,40.00,40.02,40.06,40.09,40.10,40.13,40.16,40.20,40.20,40.13,40.10,40.10,40.09,40.02,40.00,40.00,39.96,39.73,39.21,38.68,38.24,37.89,37.51,37.12,36.74,36.36,36.01,35.64,35.26,34.91,34.56,34.21,33.95,33.79,33.75,33.74,33.74,33.74,33.74,33.74,33.74
77.18,77.51,77.81,78.19,78.56,78.71,78.77,78.90,78.98,78.99,78.72,78.18,77.62,77.05,76.45,75.88,75.48,75.71,75.96,76.11,76.19,76.27,76.41,76.50,76.48,76.22,75.66,75.04,74.42,73.81,73.22,72.63,72.08,71.56,71.13,70.84,70.79,70.86,70.91,70.92,70.75,70.42,69.97,69.40,68.73,68.07,67.42,66.73,66.10,65.50,64.92,64.42,64.01,63.63,63.24,62.88,62.58,62.12,61.67,61.27,60.88,60.43,59.97,59.39,58.65,57.95,57.26,56.82,56.77,57.21,57.64,58.04,58.51,59.22,60.08,61.05,61.78,62.05,61.84,62.22,63.06,64.09,64.91,65.23,65.46,65.72,66.03,66.39,66.85,66.26,64.64,62.97,61.42,59.94,58.21,55.95,53.73,52.69,52.76,53.55,53.81,53.81,53.19,52.14,51.14,50.23,49.29,48.29,47.24,46.30,45.56,45.28,45.51,46.05,46.44,46.54,46.41,46.05,45.54,45.23,45.00,44.82,44.73,44.67,44.63,44.61,44.55,44.52,44.47,44.42,44.41,44.33,44.27,44.24,44.24,44.23,44.24,44.24,44.24,44.25,44.30,44.32,44.32,44.34,44.34,44.34,44.31,44.23,44.15,44.06,43.95,43.83,43.75,43.66,43.53,43.41,43.33,43.25,43.11,43.00,42.91,42.81,42.66,42.50,42.33,42.16,41.95,41.77,41.58,41.38,41.29,41.22,41.19,41.18,41.17,41.12,41.09,41.05,41.00,40.98,40.98,40.94,40.89,40.87,40.80,40.73,40.70,40.69,40.62,40.60,40.56,40.50,40.49,40.43,40.36,40.31,40.29,40.22,40.14,40.07,40.02,39.99,39.84,39.72,39.66,39.64,39.63,39.62,39.64,39.68,39.70,39.76,39.83,39.89,39.97,39.99,40.00,40.02,40.08,40.10,40.10,40.13,40.18,40.18,40.13,40.10,40.10,40.09,40.02,40.00,40.00,40.00,39.98,39.46,38.87,38.39,38.06,37.68,37.30,36.91,36.53,36.20,35.83,35.44,35.06,34.67,34.36,34.07,33.83,33.73,33.69,33.68,33.68,33.68,33.70,33.70
77.58,77.97,78.18,78.51,78.89,79.06,79.13,79.22,79.30,79.27,78.97,78.42,77.81,77.16,76.52,76.05,76.01,76.33,76.55,76.69,76.76,76.84,76.98,77.02,76.87,76.38,75.78,75.17,74.55,73.95,73.45,72.96,72.47,72.02,71.64,71.52,71.55,71.60,71.62,71.62,71.24,70.68,70.09,69.42,68.73,68.04,67.36,66.67,66.04,65.46,64.94,64.47,64.08,63.69,63.30,63.01,63.00,62.28,61.64,61.21,60.82,60.42,59.93,59.36,58.70,58.01,57.32,57.18,57.57,57.99,58.54,59.11,59.78,60.67,61.64,62.64,63.39,63.71,63.63,64.37,65.27,66.09,66.82,67.13,67.37,67.60,67.81,67.89,67.55,66.29,64.34,62.69,61.03,59.34,57.51,55.61,54.55,54.89,55.74,56.74,57.95,58.59,58.63,57.82,55.51,52.61,50.27,48.63,47.61,46.63,45.91,45.86,46.41,47.06,47.54,47.77,47.79,47.56,47.11,46.45,45.65,44.91,44.80,44.77,44.73,44.68,44.66,44.61,44.53,44.48,44.47,44.40,44.37,44.37,44.35,44.30,44.34,44.37,44.37,44.37,44.38,44.38,44.41,44.47,44.47,44.47,44.46,44.42,44.28,44.19,44.11,44.02,43.94,43.80,43.70,43.58,43.45,43.38,43.29,43.17,43.02,42.88,42.72,42.52,42.33,42.16,41.95,41.77,41.58,41.37,41.24,41.20,41.16,41.12,41.11,41.10,41.05,41.01,40.99,40.93,40.91,40.91,40.88,40.81,40.74,40.71,40.70,40.69,40.62,40.60,40.56,40.50,40.49,40.43,40.39,40.36,40.30,40.22,40.14,40.09,40.07,40.01,39.97,39.91,39.83,39.77,39.70,39.69,39.66,39.63,39.69,39.76,39.81,39.83,39.91,39.98,40.00,40.01,40.02,40.08,40.10,40.11,40.12,40.12,40.10,40.10,40.10,40.09,40.02,40.00,40.00,40.00,39.98,39.54,39.02,38.56,38.19,37.80,37.42,37.03,36.65,36.28,35.89,35.50,35.12,34.74,34.47,34.23,33.99,33.80,33.66,33.62,33.62,33.63,33.69,33.70
77.93,78.42,78.68,78.92,79.22,79.41,79.50,79.55,79.61,79.52,79.14,78.53,77.91,77.23,76.64,76.34,76.55,76.91,77.13,77.25,77.33,77.41,77.49,77.41,77.10,76.53,75.91,75.38,74.88,74.31,73.83,73.35,72.86,72.45,72.25,72.22,72.24,72.26,72.19,71.93,71.41,70.79,70.16,69.44,68.76,68.12,67.48,66.79,66.16,65.57,65.07,64.72,64.36,64.04,63.90,64.00,64.26,63.74,62.94,62.09,61.28,60.49,59.88,59.30,58.69,58.07,57.62,57.70,58.22,58.70,59.29,60.11,61.11,62.21,63.26,64.27,65.04,65.42,65.44,66.26,67.32,68.19,68.53,68.65,68.72,68.78,68.84,68.77,68.35,67.03,64.99,63.05,60.99,59.09,57.42,56.18,56.12,57.03,58.08,58.96,59.92,60.44,60.57,60.05,58.07,54.36,51.04,48.80,47.79,46.77,46.20,46.38,47.17,47.93,48.56,49.11,49.50,49.53,49.19,48.22,47.04,45.92,45.10,44.88,44.81,44.74,44.74,44.67,44.62,44.58,44.54,44.47,44.45,44.45,44.44,44.41,44.43,44.45,44.45,44.45,44.48,44.49,44.51,44.55,44.55,44.55,44.55,44.52,44.44,44.33,44.24,44.16,44.08,43.93,43.83,43.74,43.62,43.51,43.39,43.26,43.09,42.90,42.74,42.53,42.33,42.16,41.95,41.77,41.58,41.36,41.22,41.16,41.13,41.09,41.06,41.05,41.02,40.98,40.95,40.91,40.87,40.86,40.83,40.76,40.71,40.68,40.66,40.65,40.61,40.57,40.53,40.50,40.49,40.43,40.40,40.37,40.30,40.22,40.17,40.13,40.09,40.05,40.02,39.95,39.89,39.84,39.77,39.72,39.68,39.66,39.70,39.76,39.80,39.82,39.89,39.97,40.00,40.00,40.01,40.04,40.08,40.10,40.10,40.10,40.10,40.10,40.09,40.05,40.01,40.00,40.00,39.98,39.83,39.43,39.00,38.62,38.23,37.84,37.45,37.06,36.68,36.30,35.91,35.54,35.19,34.89,34.64,34.41,34.17,33.91,33.70,33.62,33.60,33.61,33.64,33.66
78.24,78.86,79.22,79.38,79.61,79.78,79.88,79.89,79.92,79.73,79.27,78.60,77.98,77.29,76.83,76.72,77.09,77.48,77.70,77.83,77.90,77.96,77.94,77.71,77.28,76.69,76.12,75.70,75.29,74.75,74.27,73.76,73.27,72.93,72.90,72.89,72.88,72.85,72.65,72.10,71.49,70.88,70.24,69.54,68.94,68.39,67.80,67.09,66.45,65.84,65.36,65.09,64.84,64.67,64.84,65.36,65.84,65.71,64.84,63.55,62.26,60.92,59.98,59.27,58.69,58.16,58.00,58.24,58.77,59.32,60.03,61.16,62.49,63.75,64.86,65.90,66.70,67.14,67.25,67.97,69.04,69.90,69.86,69.81,69.71,69.60,69.53,69.39,69.12,67.99,66.00,63.76,61.31,59.25,57.77,57.17,57.86,58.95,59.94,60.64,61.06,61.27,61.24,60.89,59.65,55.65,51.63,48.92,47.90,46.86,46.45,46.84,47.80,48.67,49.63,50.66,51.54,51.92,51.72,50.47,48.92,47.41,45.83,45.26,44.98,44.81,44.80,44.73,44.71,44.68,44.61,44.54,44.52,44.52,44.52,44.51,44.52,44.52,44.52,44.53,44.59,44.61,44.61,44.61,44.62,44.62,44.62,44.62,44.60,44.48,44.38,44.30,44.21,44.06,43.97,43.88,43.79,43.63,43.46,43.30,43.13,42.91,42.74,42.53,42.33,42.16,41.95,41.77,41.58,41.36,41.22,41.13,41.09,41.06,41.01,40.99,40.98,40.96,40.90,40.88,40.83,40.80,40.77,40.70,40.69,40.64,40.59,40.59,40.57,40.52,40.48,40.48,40.48,40.41,40.38,40.36,40.30,40.23,40.21,40.16,40.11,40.09,40.03,39.96,39.91,39.89,39.82,39.75,39.71,39.70,39.70,39.75,39.79,39.82,39.89,39.96,39.99,40.00,40.00,40.00,40.06,40.10,40.10,40.10,40.10,40.09,40.07,40.01,40.00,40.00,40.00,39.93,39.65,39.28,38.93,38.60,38.22,37.84,37.45,37.07,36.69,36.31,35.93,35.59,35.30,35.06,34.82,34.59,34.33,34.04,33.81,33.67,33.60,33.59,33.59,33.59
78.47,79.22,79.72,79.89,80.11,80.25,80.31,80.30,80.21,79.84,79.29,78.66,78.03,77.36,77.11,77.28,77.66,78.05,78.27,78.39,78.46,78.47,78.25,77.89,77.44,77.00,76.65,76.23,75.73,75.19,74.66,74.17,73.78,73.55,73.53,73.49,73.46,73.32,72.83,72.23,71.62,71.02,70.47,69.98,69.66,69.22,68.56,67.78,67.08,66.52,66.04,65.71,65.70,65.96,66.39,66.93,67.45,67.80,67.16,65.84,64.46,62.57,60.68,59.37,58.87,58.40,58.37,58.67,59.15,59.71,60.93,62.48,63.97,65.17,66.37,67.46,68.31,68.83,69.08,69.39,69.77,70.08,70.11,70.10,70.06,70.02,69.93,69.83,69.66,68.80,67.13,64.89,62.54,60.46,58.99,58.57,59.24,60.11,60.92,61.57,61.96,62.11,61.82,61.17,59.94,56.04,51.87,48.98,47.98,46.98,46.66,47.10,48.09,49.13,50.89,52.79,54.39,55.25,55.28,53.79,51.67,49.51,47.81,46.62,45.60,44.88,44.87,44.80,44.77,44.75,44.68,44.65,44.65,44.65,44.64,44.59,44.63,44.65,44.65,44.65,44.67,44.67,44.67,44.69,44.74,44.75,44.75,44.75,44.74,44.66,44.57,44.47,44.34,44.24,44.12,44.01,43.90,43.70,43.48,43.31,43.13,42.91,42.74,42.53,42.33,42.16,41.95,41.77,41.58,41.36,41.22,41.13,41.06,41.02,40.99,40.94,40.92,40.91,40.89,40.84,40.81,40.77,40.72,40.70,40.64,40.57,40.52,40.51,40.46,40.44,40.42,40.42,40.42,40.36,40.33,40.32,40.30,40.28,40.23,40.16,40.11,40.09,40.03,39.99,39.96,39.90,39.82,39.79,39.75,39.70,39.70,39.72,39.75,39.82,39.89,39.92,39.96,40.00,40.00,40.00,40.06,40.10,40.10,40.10,40.10,40.07,40.02,40.00,40.00,40.00,39.98,39.88,39.58,39.21,38.87,38.54,38.16,37.82,37.45,37.09,36.75,36.37,36.02,35.73,35.48,35.25,34.97,34.71,34.47,34.23,33.99,33.79,33.63,33.53,33.52,33.52
78.89,79.67,80.21,80.41,80.60,80.71,80.71,80.54,80.25,79.77,79.21,78.61,78.01,77.59,77.60,77.91,78.24,78.62,78.86,78.98,78.97,78.83,78.52,78.14,77.78,77.45,77.16,76.70,76.17,75.63,75.08,74.60,74.29,74.17,74.13,74.06,73.91,73.59,72.98,72.39,71.82,71.28,70.83,70.47,70.25,69.82,69.14,68.39,67.68,67.12,66.62,66.25,66.47,67.00,67.59,68.19,68.75,69.17,68.85,67.86,66.37,63.78,61.16,59.45,59.02,58.73,58.74,59.00,59.43,60.08,61.81,63.84,65.60,66.78,67.91,68.78,69.39,69.75,69.97,70.08,70.14,70.19,70.27,70.30,70.31,70.28,70.20,70.12,69.99,69.47,68.36,66.39,64.08,61.86,60.28,59.97,60.59,61.31,62.02,62.63,62.91,62.69,62.05,61.20,59.93,55.67,51.62,48.98,48.02,47.09,46.84,47.30,48.27,49.34,51.55,54.32,56.73,57.88,58.05,57.01,55.13,52.74,50.61,48.66,47.10,46.03,45.58,45.10,44.89,44.81,44.74,44.73,44.76,44.76,44.73,44.69,44.72,44.73,44.73,44.73,44.73,44.76,44.78,44.78,44.83,44.84,44.86,44.92,45.05,44.94,44.77,44.62,44.48,44.39,44.23,44.09,43.95,43.73,43.52,43.32,43.14,42.94,42.75,42.55,42.36,42.16,41.95,41.77,41.58,41.36,41.22,41.10,41.02,40.97,40.96,40.91,40.88,40.87,40.85,40.80,40.77,40.73,40.69,40.66,40.61,40.55,40.49,40.45,40.38,40.37,40.37,40.36,40.33,40.28,40.27,40.27,40.26,40.23,40.19,40.13,40.06,40.06,40.02,40.00,39.98,39.90,39.85,39.81,39.78,39.74,39.71,39.72,39.76,39.82,39.89,39.90,39.95,40.00,40.00,40.00,40.04,40.08,40.10,40.10,40.07,40.04,40.00,40.00,40.00,39.96,39.86,39.67,39.37,39.02,38.69,38.37,38.02,37.70,37.38,37.05,36.71,36.41,36.15,35.90,35.67,35.44,35.16,34.91,34.67,34.42,34.18,33.95,33.74,33.57,33.48,33.47
79.38,80.13,80.63,80.92,81.08,81.13,81.02,80.63,80.13,79.59,79.05,78.51,78.00,77.98,78.24,78.57,78.84,79.20,79.45,79.54,79.42,79.11,78.80,78.52,78.26,78.00,77.64,77.16,76.61,76.06,75.52,75.06,74.81,74.78,74.70,74.60,74.27,73.73,73.13,72.58,72.09,71.66,71.28,70.96,70.72,70.24,69.54,68.89,68.21,67.62,67.09,66.73,67.11,67.74,68.43,69.10,69.68,69.95,69.93,69.46,67.96,64.77,61.56,59.53,59.16,59.09,59.10,59.27,59.67,60.54,62.74,65.23,67.28,68.42,69.34,69.82,70.03,70.09,70.18,70.26,70.30,70.33,70.41,70.47,70.50,70.47,70.38,70.30,70.17,70.00,69.53,68.03,65.75,63.33,61.58,61.34,61.92,62.56,63.21,63.77,63.82,62.99,61.98,60.99,59.54,54.64,50.99,48.94,48.04,47.20,47.01,47.48,48.39,49.39,51.74,55.26,58.47,59.71,59.95,59.74,58.66,56.52,53.95,51.28,49.37,48.12,46.96,45.86,45.31,45.09,44.98,44.92,44.94,44.91,44.83,44.80,44.80,44.81,44.82,44.82,44.84,44.91,44.97,45.00,45.03,45.07,45.15,45.35,45.72,45.54,45.14,44.78,44.60,44.50,44.31,44.13,43.95,43.73,43.56,43.36,43.15,42.98,42.77,42.58,42.40,42.17,41.95,41.77,41.58,41.36,41.21,41.05,40.95,40.91,40.91,40.90,40.84,40.81,40.80,40.79,40.73,40.70,40.67,40.62,40.59,40.54,40.47,40.40,40.33,40.30,40.30,40.28,40.22,40.20,40.20,40.20,40.19,40.12,40.10,40.06,40.01,40.01,40.00,40.00,39.97,39.91,39.89,39.84,39.80,39.78,39.72,39.76,39.80,39.82,39.89,39.90,39.95,40.00,40.00,40.00,40.00,40.04,40.09,40.09,40.03,40.00,40.00,40.00,40.00,39.89,39.68,39.40,39.09,38.77,38.46,38.15,37.84,37.53,37.26,36.96,36.63,36.44,36.26,36.07,35.84,35.62,35.39,35.16,34.91,34.62,34.38,34.14,33.91,33.69,33.48,33.42
79.50,80.25,80.78,81.22,81.56,81.47,81.09,80.59,80.06,79.48,78.96,78.59,78.47,78.62,78.90,79.23,79.56,79.85,79.96,79.93,79.79,79.60,79.36,79.11,78.87,78.57,78.12,77.63,77.09,76.46,75.91,75.58,75.39,75.30,75.20,74.93,74.48,73.94,73.42,72.88,72.46,72.11,71.78,71.47,71.22,70.67,69.85,69.14,68.48,67.88,67.37,67.12,67.36,67.95,68.67,69.38,69.94,70.20,70.25,70.02,69.13,66.58,62.55,59.72,59.49,59.43,59.46,59.59,60.09,61.64,64.09,66.68,68.67,69.49,69.92,70.14,70.25,70.29,70.32,70.39,70.46,70.51,70.58,70.62,70.66,70.64,70.52,70.39,70.28,70.16,69.88,68.99,67.01,64.66,62.91,62.67,63.21,63.79,64.38,64.73,64.16,62.86,61.59,60.24,57.79,52.72,50.02,48.89,48.14,47.32,47.21,47.72,48.61,49.51,51.72,55.44,58.90,60.11,60.46,60.37,59.87,58.86,57.34,54.69,52.55,51.04,49.62,48.25,47.29,46.67,46.27,45.80,45.60,45.38,45.08,44.90,44.91,44.96,45.00,45.07,45.20,45.37,45.58,45.82,46.02,46.29,46.69,47.18,47.66,47.52,46.37,45.19,44.74,44.54,44.36,44.16,43.96,43.78,43.58,43.36,43.15,42.99,42.77,42.59,42.40,42.17,41.95,41.77,41.58,41.36,41.20,41.01,40.92,40.90,40.89,40.85,40.81,40.78,40.73,40.73,40.66,40.63,40.63,40.59,40.55,40.48,40.43,40.39,40.31,40.26,40.23,40.22,40.15,40.13,40.13,40.12,40.07,40.04,40.00,39.96,39.95,39.99,40.00,39.97,39.93,39.90,39.90,39.84,39.80,39.80,39.77,39.79,39.80,39.82,39.89,39.90,39.92,39.96,40.00,40.00,40.00,40.01,40.04,40.04,40.01,40.00,40.00,40.00,40.00,39.83,39.57,39.30,38.99,38.69,38.38,38.06,37.76,37.45,37.16,36.87,36.60,36.44,36.28,36.11,35.93,35.75,35.57,35.36,35.12,34.86,34.63,34.36,34.10,33.87,33.64,33.47
79.77,80.45,80.99,81.52,81.94,81.73,81.19,80.65,80.13,79.52,79.04,78.84,78.98,79.21,79.49,79.80,80.12,80.37,80.38,80.28,80.16,80.07,79.89,79.67,79.44,79.11,78.56,78.02,77.45,76.83,76.38,76.15,75.99,75.81,75.63,75.23,74.73,74.22,73.73,73.23,72.88,72.58,72.24,71.85,71.50,70.88,70.03,69.31,68.67,68.06,67.61,67.52,67.63,68.14,68.85,69.58,70.08,70.37,70.44,70.32,69.92,68.35,64.33,61.09,60.48,59.91,59.85,60.16,61.03,63.00,65.34,67.79,69.60,70.09,70.23,70.31,70.39,70.46,70.48,70.55,70.63,70.70,70.75,70.78,70.81,70.77,70.61,70.46,70.35,70.22,70.03,69.56,67.76,65.57,63.99,63.87,64.36,64.89,65.41,65.60,64.53,62.88,61.24,59.15,55.45,51.11,49.32,48.75,48.11,47.38,47.38,47.89,48.69,49.51,51.50,55.30,58.95,60.22,60.67,60.63,60.45,60.20,59.57,57.64,55.75,54.16,52.60,51.07,49.76,48.77,48.12,47.35,46.87,46.46,46.05,45.77,45.78,45.85,45.93,46.00,46.16,46.39,46.69,47.04,47.37,47.85,48.50,49.25,49.84,49.73,47.95,45.91,44.87,44.58,44.39,44.19,43.97,43.81,43.59,43.37,43.17,42.99,42.77,42.59,42.40,42.17,41.96,41.78,41.58,41.38,41.20,41.00,40.90,40.88,40.86,40.81,40.79,40.75,40.70,40.67,40.62,40.59,40.58,40.56,40.50,40.43,40.39,40.36,40.28,40.23,40.19,40.16,40.09,40.08,40.06,40.03,39.98,39.98,39.93,39.90,39.91,39.96,39.98,39.94,39.90,39.90,39.90,39.86,39.82,39.80,39.80,39.78,39.79,39.81,39.86,39.89,39.90,39.93,40.00,40.00,40.00,40.00,40.00,40.00,40.00,40.00,40.00,40.00,40.00,39.78,39.50,39.23,38.91,38.59,38.28,37.97,37.65,37.35,37.06,36.80,36.59,36.44,36.28,36.13,35.97,35.82,35.65,35.45,35.24,35.03,34.82,34.57,34.31,34.09,33.85,33.60
80.30,80.83,81.37,81.89,82.19,81.92,81.38,80.85,80.37,79.74,79.33,79.27,79.42,79.69,79.96,80.20,80.45,80.68,80.70,80.62,80.53,80.44,80.30,80.13,79.93,79.59,78.97,78.30,77.68,77.19,76.95,76.78,76.59,76.34,75.98,75.55,75.08,74.59,74.08,73.65,73.35,73.04,72.63,72.06,71.49,70.80,70.05,69.42,68.80,68.19,67.83,67.94,68.03,68.41,69.06,69.81,70.22,70.55,70.63,70.52,70.30,69.79,66.93,63.96,62.31,60.68,60.33,61.06,62.58,64.55,66.34,68.42,69.97,70.19,70.34,70.44,70.51,70.59,70.66,70.73,70.81,70.87,70.88,70.95,70.93,70.83,70.68,70.52,70.37,70.22,70.06,69.71,67.95,65.99,64.75,64.90,65.34,65.82,66.28,66.38,65.09,63.23,61.03,57.83,52.79,50.15,49.09,48.52,47.91,47.35,47.49,47.97,48.58,49.37,51.05,54.87,58.78,60.26,60.77,60.87,60.76,60.52,60.22,59.70,58.70,57.30,55.72,54.08,52.54,51.31,50.49,49.65,48.91,48.36,47.97,47.68,47.69,47.77,47.83,47.84,47.87,48.09,48.41,48.73,49.08,49.70,50.49,51.37,52.11,51.91,49.74,46.95,44.98,44.62,44.41,44.19,43.98,43.81,43.59,43.40,43.22,42.99,42.77,42.59,42.40,42.18,42.02,41.81,41.63,41.45,41.23,41.06,40.91,40.82,40.81,40.80,40.75,40.71,40.68,40.63,40.60,40.56,40.52,40.50,40.44,40.41,40.37,40.30,40.23,40.20,40.16,40.09,40.02,40.01,39.97,39.92,39.91,39.91,39.90,39.89,39.90,39.91,39.91,39.90,39.89,39.89,39.89,39.89,39.86,39.80,39.80,39.75,39.75,39.80,39.81,39.88,39.89,39.92,39.99,40.00,40.00,40.00,40.00,40.00,40.00,40.00,40.00,40.00,39.99,39.77,39.47,39.16,38.79,38.47,38.16,37.83,37.47,37.21,36.97,36.76,36.59,36.44,36.28,36.13,35.97,35.81,35.60,35.42,35.25,35.09,34.93,34.75,34.56,34.33,34.09,33.82
80.72,81.25,81.75,82.26,82.47,82.16,81.63,81.13,80.63,80.04,79.69,79.67,79.86,80.08,80.31,80.54,80.76,80.96,80.99,80.95,80.89,80.74,80.55,80.36,80.14,79.83,79.17,78.54,78.03,77.69,77.47,77.28,77.03,76.69,76.26,75.84,75.39,74.94,74.48,74.05,73.62,73.13,72.56,71.95,71.33,70.68,70.00,69.39,68.85,68.44,68.27,68.38,68.46,68.64,69.19,70.00,70.36,70.72,70.81,70.70,70.45,70.15,68.31,66.07,64.20,62.31,61.33,61.85,63.58,65.48,67.19,68.88,70.05,70.21,70.36,70.52,70.64,70.72,70.80,70.88,70.95,71.01,71.02,71.08,71.03,70.89,70.74,70.58,70.43,70.27,70.10,69.74,68.23,66.65,65.75,66.06,66.50,66.91,67.27,67.23,65.77,63.72,61.27,57.77,52.48,50.02,49.04,48.51,48.02,47.53,47.69,48.13,48.69,49.35,50.44,54.31,58.62,60.22,60.83,61.07,61.07,60.85,60.69,60.48,59.97,59.19,58.21,56.83,55.35,54.06,53.14,52.25,51.42,50.71,50.16,49.80,49.80,49.85,49.89,49.92,49.93,50.18,50.57,51.05,51.74,52.69,53.58,54.28,54.59,53.20,50.57,47.53,45.03,44.63,44.42,44.21,44.02,43.82,43.59,43.41,43.23,43.00,42.80,42.61,42.40,42.20,42.12,42.02,41.95,41.85,41.54,41.30,41.06,40.86,40.76,40.74,40.72,40.68,40.64,40.61,40.56,40.52,40.49,40.45,40.41,40.37,40.31,40.24,40.21,40.16,40.11,40.04,40.00,39.96,39.92,39.88,39.85,39.84,39.84,39.84,39.84,39.84,39.84,39.84,39.84,39.84,39.84,39.84,39.83,39.80,39.80,39.77,39.75,39.74,39.75,39.82,39.84,39.88,39.94,39.95,39.98,40.00,40.00,40.00,40.00,40.00,40.00,39.98,39.88,39.65,39.35,39.00,38.66,38.34,38.01,37.67,37.38,37.13,36.92,36.73,36.54,36.38,36.23,36.08,35.92,35.77,35.58,35.41,35.25,35.10,34.95,34.79,34.62,34.44,34.24,34.03
81.15,81.66,82.15,82.63,82.75,82.41,81.89,81.41,80.86,80.33,80.02,80.02,80.22,80.39,80.59,80.82,81.03,81.20,81.27,81.28,81.21,80.99,80.75,80.51,80.28,79.98,79.33,78.79,78.43,78.19,77.95,77.70,77.39,76.99,76.55,76.13,75.70,75.26,74.83,74.33,73.75,73.11,72.44,71.81,71.19,70.58,69.96,69.38,68.91,68.73,68.75,68.86,68.95,68.96,69.38,70.16,70.52,70.89,71.00,70.86,70.54,70.22,69.11,67.51,65.67,63.83,62.34,62.54,64.24,66.02,67.71,69.12,70.01,70.19,70.34,70.56,70.72,70.81,70.90,71.00,71.08,71.14,71.16,71.22,71.12,70.95,70.80,70.63,70.47,70.31,70.12,69.72,68.48,67.34,66.82,67.20,67.63,67.96,68.22,68.10,66.62,64.49,61.97,58.52,53.45,50.36,49.12,48.65,48.24,47.81,47.90,48.28,48.80,49.33,49.91,53.71,58.29,60.16,60.88,61.27,61.39,61.23,61.13,60.92,60.69,60.44,60.05,59.09,57.89,56.77,55.86,54.95,54.09,53.30,52.62,52.19,52.13,52.15,52.17,52.23,52.25,52.54,53.02,53.70,54.77,55.92,56.72,57.14,56.95,54.36,51.12,47.81,45.05,44.63,44.42,44.22,44.04,43.82,43.59,43.41,43.24,43.07,42.94,42.78,42.59,42.43,42.41,42.36,42.34,42.24,41.88,41.56,41.24,40.95,40.73,40.69,40.69,40.64,40.59,40.58,40.52,40.49,40.46,40.41,40.39,40.33,40.26,40.20,40.18,40.12,40.05,40.00,39.98,39.92,39.89,39.86,39.80,39.80,39.80,39.80,39.80,39.80,39.80,39.80,39.80,39.80,39.80,39.80,39.80,39.80,39.80,39.80,39.77,39.71,39.71,39.76,39.79,39.81,39.88,39.90,39.95,39.98,39.99,40.00,40.00,40.00,40.00,39.95,39.74,39.50,39.20,38.84,38.52,38.20,37.86,37.53,37.31,37.09,36.90,36.72,36.50,36.34,36.18,36.03,35.88,35.72,35.56,35.41,35.25,35.10,34.95,34.79,34.64,34.48,34.33,34.17
81.64,82.06,82.58,83.00,83.04,82.67,82.13,81.59,81.00,80.49,80.24,80.26,80.42,80.58,80.78,80.99,81.16,81.38,81.53,81.55,81.41,81.18,80.90,80.64,80.39,80.07,79.53,79.14,78.86,78.58,78.34,78.01,77.64,77.25,76.85,76.41,75.98,75.53,74.95,74.31,73.69,73.06,72.43,71.81,71.19,70.58,69.98,69.50,69.09,69.01,69.17,69.42,69.57,69.56,69.79,70.31,70.69,71.08,71.19,71.04,70.66,70.29,69.25,67.72,65.97,64.40,62.97,62.97,64.32,65.92,67.45,68.86,69.85,70.11,70.28,70.50,70.68,70.82,70.96,71.10,71.20,71.28,71.33,71.35,71.21,71.02,70.86,70.64,70.47,70.29,70.06,69.73,68.62,67.96,67.88,68.20,68.54,68.81,69.05,69.00,67.83,65.93,63.60,60.56,56.12,51.34,49.48,49.01,48.57,48.17,48.08,48.29,48.72,49.20,49.69,53.06,57.50,60.13,60.94,61.45,61.73,61.72,61.58,61.37,61.13,60.88,60.56,60.15,59.69,59.18,58.56,57.73,56.92,56.20,55.59,55.15,54.93,54.90,54.95,54.96,55.03,55.37,55.94,56.81,58.16,58.91,59.22,59.28,58.78,55.77,51.60,47.63,45.04,44.63,44.42,44.20,43.99,43.82,43.59,43.41,43.30,43.31,43.29,43.30,43.29,43.23,43.17,42.96,42.68,42.38,42.06,41.75,41.40,41.05,40.79,40.65,40.62,40.58,40.52,40.52,40.51,40.46,40.41,40.39,40.34,40.27,40.21,40.19,40.13,40.05,40.01,39.98,39.93,39.91,39.86,39.81,39.80,39.80,39.80,39.80,39.80,39.80,39.80,39.80,39.80,39.80,39.80,39.80,39.80,39.80,39.80,39.80,39.79,39.77,39.71,39.71,39.72,39.75,39.82,39.88,39.91,39.92,39.94,39.99,40.00,40.00,39.98,39.89,39.63,39.33,39.03,38.71,38.39,38.04,37.72,37.48,37.31,37.09,36.90,36.72,36.50,36.34,36.18,36.03,35.88,35.72,35.56,35.41,35.25,35.10,34.95,34.79,34.64,34.48,34.33,34.17
